// 4.26.0 0x2572cc52 D2 R0 FRGB565 U565 N0 SExtFlashSection
// Generated by imageconverter. Please, do not edit!

#include <touchgfx/hal/Config.hpp>

LOCATION_PRAGMA("ExtFlashSection")
KEEP extern const unsigned char image_bwicher[] LOCATION_ATTRIBUTE("ExtFlashSection") = { // 200x200 RGB565 pixels.
    0x7d, 0xef, 0x7d, 0xef, 0x7d, 0xef, 0x7d, 0xef, 0x7d, 0xef, 0x7d, 0xef,
    0x7e, 0xf7, 0x7d, 0xef, 0x7d, 0xef, 0x7e, 0xf7, 0x7e, 0xf7, 0x7e, 0xf7,
    0x9e, 0xf7, 0x7e, 0xf7, 0x7e, 0xf7, 0x9e, 0xf7, 0x7e, 0xf7, 0x7e, 0xf7,
    0x9e, 0xf7, 0x7e, 0xf7, 0x7e, 0xf7, 0x9e, 0xf7, 0x7e, 0xf7, 0x7e, 0xf7,
    0x9e, 0xf7, 0x7e, 0xf7, 0x7e, 0xf7, 0x9e, 0xf7, 0x7e, 0xf7, 0x7e, 0xf7,
    0x9e, 0xf7, 0x7e, 0xf7, 0x7e, 0xf7, 0x9e, 0xf7, 0x7e, 0xf7, 0x7e, 0xf7,
    0x9e, 0xf7, 0x7e, 0xf7, 0x9e, 0xf7, 0x9e, 0xf7, 0x9e, 0xf7, 0x9e, 0xf7,
    0x9e, 0xf7, 0x9d, 0xf7, 0x9e, 0xf7, 0x9e, 0xf7, 0x9e, 0xf7, 0x9e, 0xf7,
    0x9e, 0xf7, 0x9e, 0xf7, 0x9e, 0xf7, 0x9e, 0xf7, 0x9e, 0xf7, 0x9e, 0xf7,
    0x9e, 0xf7, 0x9e, 0xf7, 0x9e, 0xf7, 0x9e, 0xf7, 0x9e, 0xf7, 0x9e, 0xf7,
    0x9e, 0xff, 0x9e, 0xf7, 0x9e, 0xf7, 0x9e, 0xff, 0x9e, 0xf7, 0x9e, 0xf7,
    0x9e, 0xf7, 0x9e, 0xf7, 0x9e, 0xf7, 0x9e, 0xf7, 0x9e, 0xf7, 0x9e, 0xf7,
    0x9e, 0xf7, 0x9e, 0xf7, 0x9e, 0xf7, 0x9d, 0xf7, 0x9e, 0xf7, 0x9e, 0xf7,
    0x9d, 0xf7, 0x9e, 0xf7, 0x9e, 0xff, 0x9e, 0xf7, 0x9e, 0xf7, 0x9e, 0xff,
    0x9e, 0xf7, 0x9e, 0xf7, 0x9e, 0xff, 0x9e, 0xff, 0x9e, 0xff, 0x9e, 0xff,
    0xbe, 0xff, 0xbe, 0xff, 0xbe, 0xff, 0xbe, 0xff, 0xbe, 0xff, 0xbe, 0xff,
    0xbe, 0xff, 0xbe, 0xff, 0xbe, 0xff, 0xbe, 0xff, 0xbe, 0xff, 0xbe, 0xff,
    0xbe, 0xff, 0xbe, 0xff, 0xbe, 0xff, 0xbe, 0xff, 0xbe, 0xff, 0xbe, 0xff,
    0xbe, 0xff, 0xbe, 0xff, 0xbe, 0xff, 0xbe, 0xff, 0xbe, 0xf7, 0xbe, 0xff,
    0xbe, 0xff, 0xbe, 0xf7, 0xbe, 0xff, 0xbe, 0xff, 0xbe, 0xf7, 0xbe, 0xff,
    0xbe, 0xff, 0xbe, 0xff, 0xbe, 0xff, 0xbe, 0xff, 0xbe, 0xff, 0xbe, 0xff,
    0xbe, 0xff, 0xbe, 0xff, 0xbe, 0xff, 0xbe, 0xff, 0xbe, 0xff, 0xbe, 0xff,
    0xbe, 0xff, 0xbe, 0xff, 0xbe, 0xff, 0xbe, 0xff, 0xbe, 0xff, 0xbe, 0xff,
    0xbe, 0xff, 0xbe, 0xff, 0xbe, 0xff, 0xbe, 0xff, 0xbe, 0xff, 0xbe, 0xff,
    0xbe, 0xff, 0xbe, 0xff, 0xbe, 0xff, 0xbe, 0xff, 0xbe, 0xff, 0xbe, 0xff,
    0xbe, 0xff, 0xbe, 0xff, 0xbe, 0xff, 0xbe, 0xff, 0xbe, 0xff, 0xbe, 0xff,
    0xbe, 0xff, 0xbe, 0xff, 0xbe, 0xff, 0xbe, 0xff, 0xbe, 0xff, 0xbe, 0xff,
    0xbe, 0xff, 0xbe, 0xff, 0xbe, 0xff, 0xbe, 0xff, 0xbe, 0xff, 0xbe, 0xff,
    0xbe, 0xff, 0xbe, 0xff, 0xbe, 0xff, 0xbe, 0xff, 0xbe, 0xff, 0xbe, 0xff,
    0xbe, 0xff, 0xbe, 0xff, 0xbe, 0xff, 0xbe, 0xff, 0xbe, 0xff, 0xbe, 0xff,
    0xbe, 0xff, 0xbe, 0xff, 0xbe, 0xff, 0x9e, 0xff, 0x9e, 0xff, 0x9e, 0xff,
    0x9e, 0xf7, 0x9e, 0xff, 0x9e, 0xff, 0x9e, 0xf7, 0x9e, 0xff, 0x9e, 0xff,
    0x9e, 0xf7, 0x9e, 0xff, 0x9e, 0xff, 0x9e, 0xf7, 0x9e, 0xff, 0x9e, 0xff,
    0x9e, 0xf7, 0x9e, 0xff, 0x7d, 0xef, 0x5e, 0xf7, 0x7e, 0xf7, 0x5d, 0xef,
    0x7e, 0xf7, 0x7d, 0xef, 0x7e, 0xf7, 0x7e, 0xf7, 0x7d, 0xef, 0x7d, 0xef,
    0x7e, 0xf7, 0x9e, 0xf7, 0x9d, 0xef, 0x7e, 0xf7, 0x9e, 0xf7, 0x7d, 0xef,
    0x9e, 0xf7, 0x7e, 0xf7, 0x9d, 0xef, 0x7e, 0xf7, 0x9e, 0xf7, 0x9d, 0xef,
    0x7e, 0xf7, 0x9e, 0xf7, 0x7d, 0xef, 0x9e, 0xf7, 0x7e, 0xf7, 0x9d, 0xef,
    0x7e, 0xf7, 0x9e, 0xf7, 0x9d, 0xef, 0x7e, 0xf7, 0x9e, 0xf7, 0x7e, 0xf7,
    0x9e, 0xf7, 0x7e, 0xf7, 0x9e, 0xf7, 0x7e, 0xf7, 0x9e, 0xf7, 0x9e, 0xf7,
    0x7e, 0xf7, 0x9e, 0xf7, 0x7d, 0xf7, 0x9e, 0xf7, 0x7d, 0xf7, 0x9d, 0xf7,
    0x9e, 0xf7, 0x9e, 0xf7, 0x9e, 0xf7, 0x9e, 0xf7, 0x9e, 0xf7, 0x9e, 0xf7,
    0x9e, 0xff, 0x9e, 0xf7, 0x9e, 0xff, 0x9e, 0xff, 0x9e, 0xf7, 0x9e, 0xff,
    0x9e, 0xf7, 0x9e, 0xff, 0x9e, 0xff, 0x7e, 0xf7, 0x9e, 0xff, 0x9e, 0xff,
    0x9e, 0xf7, 0x9e, 0xf7, 0x9e, 0xff, 0x9e, 0xff, 0x9e, 0xf7, 0x9e, 0xff,
    0x9e, 0xff, 0x9e, 0xf7, 0x9e, 0xff, 0x9e, 0xff, 0x9d, 0xf7, 0x9e, 0xff,
    0x9e, 0xff, 0x9d, 0xf7, 0x9e, 0xff, 0x9e, 0xf7, 0x9e, 0xff, 0x9e, 0xff,
    0x9e, 0xf7, 0x9e, 0xff, 0x9e, 0xff, 0x9e, 0xf7, 0x9e, 0xff, 0x9e, 0xf7,
    0xbe, 0xff, 0xbe, 0xff, 0xbe, 0xff, 0x9e, 0xff, 0xbe, 0xff, 0xbe, 0xff,
    0x9e, 0xff, 0xbe, 0xff, 0x9e, 0xff, 0xbe, 0xff, 0x9e, 0xff, 0xbe, 0xff,
    0x9e, 0xff, 0xbe, 0xff, 0x9e, 0xff, 0xbe, 0xff, 0x9e, 0xff, 0xbe, 0xff,
    0x9e, 0xff, 0xbe, 0xff, 0xbe, 0xff, 0xbe, 0xff, 0xbe, 0xf7, 0xbe, 0xff,
    0xbe, 0xff, 0xbe, 0xf7, 0xbe, 0xff, 0xbe, 0xff, 0xbe, 0xf7, 0xbe, 0xff,
    0xbe, 0xff, 0xbe, 0xf7, 0xbe, 0xff, 0xbe, 0xff, 0xbe, 0xf7, 0xbe, 0xff,
    0xbe, 0xff, 0x9e, 0xff, 0xbe, 0xff, 0xbe, 0xff, 0xbe, 0xff, 0xbe, 0xff,
    0xbe, 0xff, 0xbe, 0xff, 0xbe, 0xff, 0xbe, 0xff, 0xbe, 0xff, 0xbe, 0xff,
    0xbe, 0xff, 0xbe, 0xff, 0xbe, 0xff, 0xbe, 0xff, 0xbe, 0xff, 0xbe, 0xff,
    0xbe, 0xff, 0xbe, 0xff, 0xbe, 0xff, 0xbe, 0xff, 0xbe, 0xff, 0xbe, 0xff,
    0xbe, 0xff, 0xbe, 0xff, 0xbe, 0xff, 0xbe, 0xff, 0xbe, 0xff, 0xbe, 0xff,
    0xbe, 0xff, 0xbe, 0xff, 0xbe, 0xff, 0xbe, 0xff, 0xbe, 0xff, 0xbe, 0xff,
    0xbe, 0xff, 0xbe, 0xff, 0xbe, 0xff, 0xbe, 0xff, 0xbe, 0xff, 0xbe, 0xff,
    0xbe, 0xff, 0xbe, 0xff, 0xbe, 0xff, 0xbe, 0xff, 0xbe, 0xff, 0xbe, 0xff,
    0xbe, 0xff, 0xbe, 0xff, 0xbe, 0xff, 0xbe, 0xff, 0xbe, 0xff, 0xbe, 0xff,
    0xbe, 0xff, 0xbe, 0xff, 0xbe, 0xff, 0xbe, 0xff, 0xbe, 0xff, 0xbe, 0xff,
    0xbe, 0xff, 0x9e, 0xf7, 0x9d, 0xff, 0x9e, 0xff, 0x9e, 0xf7, 0x9d, 0xff,
    0x9e, 0xff, 0x9e, 0xf7, 0x9d, 0xff, 0x9e, 0xff, 0x9e, 0xf7, 0x9d, 0xff,
    0x9e, 0xff, 0x9e, 0xf7, 0x9d, 0xff, 0x9e, 0xff, 0x7d, 0xef, 0x7d, 0xef,
    0x5e, 0xf7, 0x7d, 0xef, 0x7d, 0xef, 0x5e, 0xf7, 0x7d, 0xef, 0x7e, 0xf7,
    0x7e, 0xf7, 0x7d, 0xef, 0x9e, 0xf7, 0x7e, 0xf7, 0x7d, 0xef, 0x9e, 0xf7,
    0x7e, 0xf7, 0x9d, 0xef, 0x7e, 0xf7, 0x9e, 0xf7, 0x7d, 0xef, 0x9e, 0xf7,
    0x7e, 0xf7, 0x7d, 0xef, 0x9e, 0xf7, 0x7e, 0xf7, 0x9d, 0xef, 0x7e, 0xf7,
    0x9e, 0xf7, 0x7d, 0xef, 0x9e, 0xf7, 0x7e, 0xf7, 0x7d, 0xef, 0x9e, 0xf7,
    0x7e, 0xf7, 0x9e, 0xf7, 0x7e, 0xf7, 0x9e, 0xf7, 0x7e, 0xf7, 0x7e, 0xf7,
    0x9e, 0xf7, 0x9e, 0xf7, 0x9e, 0xf7, 0x7e, 0xf7, 0x9e, 0xf7, 0x9e, 0xf7,
    0x9e, 0xf7, 0x7d, 0xf7, 0x9e, 0xf7, 0x9e, 0xf7, 0x9e, 0xf7, 0x9e, 0xf7,
    0x9e, 0xf7, 0x9e, 0xf7, 0x9e, 0xf7, 0x9e, 0xff, 0x9e, 0xf7, 0x9e, 0xf7,
    0x9e, 0xff, 0x9e, 0xf7, 0x9e, 0xf7, 0x9e, 0xf7, 0x9e, 0xff, 0x7e, 0xf7,
    0x9e, 0xf7, 0x9e, 0xff, 0x9e, 0xf7, 0x9e, 0xf7, 0x9e, 0xff, 0x9e, 0xf7,
    0x9e, 0xf7, 0x9e, 0xff, 0x9e, 0xf7, 0x9e, 0xf7, 0xbe, 0xff, 0x9e, 0xf7,
    0xbd, 0xf7, 0x9e, 0xff, 0xbe, 0xf7, 0x9d, 0xf7, 0x9e, 0xff, 0xbd, 0xf7,
    0x9e, 0xf7, 0x9e, 0xff, 0x9e, 0xf7, 0x9e, 0xf7, 0x9e, 0xff, 0x9e, 0xff,
    0x9e, 0xf7, 0x9e, 0xff, 0xbe, 0xff, 0x9e, 0xff, 0xbe, 0xff, 0xbf, 0xff,
    0x9f, 0xff, 0xbe, 0xff, 0xbf, 0xff, 0x9f, 0xff, 0xbe, 0xff, 0xbf, 0xff,
    0xbf, 0xff, 0x9e, 0xff, 0xbf, 0xff, 0xbf, 0xff, 0xbe, 0xff, 0x9f, 0xff,
    0xbf, 0xff, 0xbe, 0xff, 0xbf, 0xff, 0x9f, 0xff, 0xbe, 0xff, 0xbf, 0xf7,
    0xbf, 0xff, 0xbe, 0xff, 0xbf, 0xf7, 0xbf, 0xff, 0xde, 0xff, 0xbf, 0xf7,
    0xdf, 0xff, 0xbe, 0xf7, 0xbf, 0xff, 0xdf, 0xf7, 0xbe, 0xff, 0xbf, 0xff,
    0xbf, 0xff, 0xbe, 0xf7, 0xbf, 0xff, 0xbf, 0xff, 0x9e, 0xff, 0xbe, 0xff,
    0xbe, 0xff, 0xbe, 0xff, 0xbe, 0xff, 0xbe, 0xff, 0xbe, 0xff, 0xbe, 0xff,
    0xbe, 0xff, 0xbe, 0xff, 0xbe, 0xff, 0xbe, 0xff, 0xbe, 0xff, 0xbe, 0xff,
    0xbe, 0xff, 0xbe, 0xff, 0xbe, 0xff, 0xbe, 0xff, 0xbe, 0xff, 0xbe, 0xff,
    0xbe, 0xff, 0xbe, 0xff, 0xbe, 0xff, 0xbe, 0xff, 0xbe, 0xff, 0xbe, 0xff,
    0xbe, 0xff, 0xbe, 0xff, 0xbe, 0xff, 0xbe, 0xff, 0xbe, 0xff, 0xbe, 0xff,
    0xbe, 0xff, 0xbe, 0xff, 0xbe, 0xff, 0xbe, 0xff, 0xbe, 0xff, 0xbe, 0xff,
    0xbe, 0xff, 0xbe, 0xff, 0xbe, 0xff, 0xbe, 0xff, 0xbe, 0xff, 0xbe, 0xff,
    0xbe, 0xff, 0xbe, 0xff, 0xbe, 0xff, 0xbe, 0xff, 0xbe, 0xff, 0xbe, 0xff,
    0xbe, 0xff, 0xbe, 0xff, 0xbe, 0xff, 0xbe, 0xff, 0xbe, 0xff, 0xbe, 0xff,
    0xbe, 0xff, 0x9e, 0xff, 0xbe, 0xff, 0x9d, 0xf7, 0x9e, 0xff, 0xbe, 0xff,
    0x9d, 0xf7, 0xbe, 0xff, 0x9e, 0xf7, 0xbd, 0xff, 0x9e, 0xff, 0xbe, 0xf7,
    0x9d, 0xff, 0xbe, 0xff, 0x9e, 0xf7, 0xbd, 0xff, 0x9e, 0xf7, 0x9e, 0xff,
    0x7d, 0xef, 0x7d, 0xef, 0x7e, 0xf7, 0x7d, 0xef, 0x7d, 0xef, 0x5d, 0xef,
    0x7e, 0xf7, 0x7d, 0xef, 0x7d, 0xef, 0x7e, 0xf7, 0x7e, 0xf7, 0x9e, 0xf7,
    0x9e, 0xf7, 0x7e, 0xf7, 0x9e, 0xf7, 0x7e, 0xf7, 0x9e, 0xf7, 0x7e, 0xf7,
    0x9e, 0xf7, 0x9e, 0xf7, 0x7e, 0xf7, 0x9e, 0xf7, 0x7e, 0xf7, 0x9e, 0xf7,
    0x7e, 0xf7, 0x9e, 0xf7, 0x7e, 0xf7, 0x9e, 0xf7, 0x9e, 0xf7, 0x7e, 0xf7,
    0x9e, 0xf7, 0x7e, 0xef, 0x9e, 0xf7, 0x7e, 0xf7, 0x9e, 0xef, 0x9e, 0xf7,
    0x7e, 0xf7, 0x9e, 0xef, 0x9e, 0xf7, 0x9e, 0xf7, 0x9e, 0xef, 0x9e, 0xf7,
    0x9d, 0xf7, 0x9d, 0xef, 0x9e, 0xf7, 0x9e, 0xf7, 0x9e, 0xf7, 0x9d, 0xf7,
    0x9e, 0xf7, 0x9e, 0xf7, 0x9e, 0xf7, 0x9e, 0xf7, 0x9e, 0xf7, 0x9e, 0xff,
    0x9e, 0xf7, 0x9e, 0xf7, 0x9e, 0xff, 0x9e, 0xf7, 0x9e, 0xff, 0x9e, 0xf7,
    0x9e, 0xff, 0x9e, 0xff, 0x7e, 0xf7, 0x9e, 0xff, 0x9e, 0xf7, 0x9e, 0xff,
    0x9e, 0xf7, 0x9e, 0xf7, 0x9e, 0xff, 0x9e, 0xf7, 0x9e, 0xf7, 0x9e, 0xff,
    0x9e, 0xf7, 0xbe, 0xf7, 0x9d, 0xff, 0x9e, 0xf7, 0x9d, 0xf7, 0xbe, 0xff,
    0x9e, 0xf7, 0x9d, 0xf7, 0x9e, 0xff, 0x9e, 0xff, 0x9d, 0xf7, 0x9e, 0xf7,
    0x9e, 0xff, 0x9e, 0xf7, 0x9e, 0xff, 0x9e, 0xff, 0xbe, 0xff, 0x9e, 0xff,
    0xbe, 0xff, 0xbe, 0xff, 0xbe, 0xff, 0xbe, 0xff, 0xbe, 0xff, 0xbe, 0xff,
    0xbe, 0xff, 0xbe, 0xff, 0xbe, 0xff, 0xbe, 0xff, 0xbe, 0xff, 0xbe, 0xff,
    0xbe, 0xff, 0xbe, 0xff, 0xbe, 0xff, 0xbe, 0xff, 0xbe, 0xff, 0xbe, 0xff,
    0xbe, 0xff, 0xbe, 0xff, 0xbe, 0xff, 0xbe, 0xff, 0xbe, 0xf7, 0xbe, 0xff,
    0xbe, 0xf7, 0xde, 0xff, 0xbe, 0xff, 0xbe, 0xf7, 0xbe, 0xff, 0xbe, 0xff,
    0xbe, 0xf7, 0xbe, 0xff, 0xbe, 0xff, 0xbe, 0xff, 0xbe, 0xff, 0xbe, 0xff,
    0x9f, 0xff, 0xbe, 0xff, 0xbe, 0xff, 0xbe, 0xff, 0xbe, 0xff, 0xbe, 0xff,
    0xbe, 0xff, 0xbe, 0xff, 0xbe, 0xff, 0xbe, 0xff, 0xbe, 0xff, 0xbe, 0xff,
    0xbe, 0xff, 0xbe, 0xff, 0xbe, 0xff, 0xbe, 0xff, 0xbe, 0xff, 0xbe, 0xff,
    0xbe, 0xff, 0xbe, 0xff, 0xbe, 0xff, 0xbe, 0xff, 0xbe, 0xff, 0xbe, 0xff,
    0xbe, 0xff, 0xbe, 0xff, 0xbe, 0xff, 0xbe, 0xff, 0xbe, 0xff, 0xbe, 0xff,
    0xbe, 0xff, 0xbe, 0xff, 0xbe, 0xff, 0xbe, 0xff, 0xbe, 0xff, 0xbe, 0xff,
    0xbe, 0xff, 0xbe, 0xff, 0xbe, 0xff, 0xbe, 0xff, 0xbe, 0xff, 0xbe, 0xff,
    0xbe, 0xff, 0xbe, 0xff, 0xbe, 0xff, 0xbe, 0xff, 0xbe, 0xff, 0xbe, 0xff,
    0xbe, 0xff, 0xbe, 0xff, 0xbe, 0xff, 0xbe, 0xff, 0xbe, 0xff, 0xbe, 0xff,
    0xbe, 0xff, 0xbe, 0xff, 0xbe, 0xff, 0x9e, 0xff, 0xbe, 0xff, 0x9e, 0xff,
    0x9e, 0xf7, 0x9e, 0xff, 0xbe, 0xff, 0x9e, 0xf7, 0x9e, 0xff, 0x9e, 0xff,
    0xbe, 0xf7, 0x9e, 0xf7, 0x9e, 0xff, 0x9e, 0xf7, 0x9e, 0xff, 0xbe, 0xff,
    0x9e, 0xf7, 0x9e, 0xff, 0x5d, 0xef, 0x7e, 0xf7, 0x7d, 0xef, 0x5e, 0xf7,
    0x7e, 0xf7, 0x7d, 0xef, 0x7e, 0xf7, 0x7d, 0xef, 0x7e, 0xef, 0x7e, 0xf7,
    0x7e, 0xf7, 0x7e, 0xef, 0x7e, 0xf7, 0x7e, 0xef, 0x7e, 0xf7, 0x7e, 0xef,
    0x9d, 0xf7, 0x7e, 0xef, 0x7d, 0xf7, 0x9d, 0xef, 0x7e, 0xef, 0x9d, 0xf7,
    0x9e, 0xef, 0x7d, 0xf7, 0x9e, 0xef, 0x7d, 0xef, 0x9d, 0xf7, 0x7e, 0xef,
    0x7d, 0xf7, 0x9e, 0xf7, 0x9e, 0xef, 0x7e, 0xf7, 0x9e, 0xf7, 0x7e, 0xf7,
    0x7e, 0xf7, 0x9e, 0xf7, 0x7e, 0xf7, 0x7e, 0xf7, 0x9e, 0xf7, 0x7e, 0xf7,
    0x9e, 0xf7, 0x9e, 0xf7, 0x7d, 0xf7, 0x7e, 0xf7, 0x9e, 0xf7, 0x9e, 0xf7,
    0x9e, 0xf7, 0x9e, 0xf7, 0x9e, 0xf7, 0x9e, 0xf7, 0x9e, 0xf7, 0x9e, 0xf7,
    0x9e, 0xff, 0x9e, 0xf7, 0x9f, 0xf7, 0x9e, 0xff, 0x9e, 0xf7, 0x9f, 0xf7,
    0x9e, 0xff, 0x9e, 0xf7, 0x9f, 0xf7, 0x9e, 0xff, 0x9e, 0xff, 0x7f, 0xf7,
    0x9e, 0xf7, 0x9e, 0xff, 0x9f, 0xf7, 0x9e, 0xf7, 0x9e, 0xff, 0x9e, 0xf7,
    0x9e, 0xf7, 0x9e, 0xff, 0x9e, 0xf7, 0x9e, 0xf7, 0x9e, 0xff, 0x9d, 0xf7,
    0x9e, 0xff, 0x9e, 0xff, 0x9e, 0xf7, 0x9e, 0xff, 0x9e, 0xff, 0x9e, 0xf7,
    0x9e, 0xff, 0x9e, 0xff, 0x9e, 0xf7, 0x9d, 0xf7, 0x9e, 0xff, 0x9e, 0xf7,
    0x9e, 0xf7, 0x9e, 0xf7, 0x9e, 0xff, 0x9e, 0xff, 0xbe, 0xff, 0xbf, 0xff,
    0x9e, 0xff, 0xbe, 0xff, 0x9f, 0xff, 0x9e, 0xff, 0xbe, 0xff, 0xbf, 0xff,
    0x9e, 0xff, 0x9e, 0xff, 0xbf, 0xff, 0xbe, 0xff, 0x9e, 0xff, 0x9f, 0xff,
    0xbe, 0xff, 0xbe, 0xff, 0xbf, 0xff, 0xbe, 0xf7, 0xbe, 0xff, 0xbf, 0xff,
    0xbe, 0xf7, 0xbe, 0xff, 0xbf, 0xff, 0xbe, 0xf7, 0xbe, 0xff, 0xdf, 0xff,
    0xbe, 0xff, 0xbe, 0xff, 0xbf, 0xff, 0xbe, 0xf7, 0xbe, 0xff, 0xbf, 0xff,
    0xbe, 0xff, 0xbe, 0xff, 0xbe, 0xff, 0xbf, 0xff, 0xbe, 0xff, 0xbe, 0xff,
    0xbe, 0xff, 0xbe, 0xff, 0xbe, 0xff, 0xbe, 0xff, 0xbe, 0xff, 0xbe, 0xff,
    0xbe, 0xff, 0xbe, 0xff, 0xbe, 0xff, 0xbe, 0xff, 0xbe, 0xff, 0xbe, 0xff,
    0xbe, 0xff, 0xbe, 0xff, 0xbe, 0xff, 0xbe, 0xff, 0xbe, 0xff, 0xbe, 0xff,
    0xbe, 0xff, 0xbe, 0xff, 0xbe, 0xff, 0xbe, 0xff, 0xbe, 0xff, 0xbe, 0xff,
    0xbe, 0xff, 0xbe, 0xff, 0xbe, 0xff, 0xbe, 0xff, 0xbe, 0xff, 0xbe, 0xff,
    0xbe, 0xff, 0xbe, 0xff, 0xbe, 0xff, 0xbe, 0xff, 0xbe, 0xff, 0xbe, 0xff,
    0xbe, 0xff, 0xbe, 0xff, 0xbe, 0xff, 0xbe, 0xff, 0xbe, 0xff, 0xbe, 0xff,
    0xbe, 0xff, 0xbe, 0xff, 0xbe, 0xff, 0xbe, 0xff, 0xbe, 0xff, 0xbe, 0xff,
    0xbe, 0xff, 0xbe, 0xff, 0xbe, 0xff, 0xbe, 0xff, 0xbe, 0xff, 0xbe, 0xff,
    0x9e, 0xff, 0x9d, 0xf7, 0x9e, 0xff, 0x9d, 0xf7, 0x9e, 0xff, 0x9d, 0xff,
    0x9e, 0xf7, 0x9d, 0xff, 0x9d, 0xff, 0x9e, 0xff, 0xbd, 0xf7, 0x9e, 0xff,
    0x9d, 0xff, 0x9e, 0xf7, 0x9d, 0xff, 0x9e, 0xff, 0x7d, 0xef, 0x7d, 0xef,
    0x5d, 0xef, 0x7d, 0xef, 0x7e, 0xf7, 0x7d, 0xef, 0x7e, 0xf7, 0x7e, 0xf7,
    0x7e, 0xef, 0x7e, 0xef, 0x7e, 0xf7, 0x7e, 0xf7, 0x7e, 0xf7, 0x7e, 0xf7,
    0x7e, 0xef, 0x7e, 0xf7, 0x9e, 0xf7, 0x9e, 0xf7, 0x7e, 0xf7, 0x7e, 0xf7,
    0x9e, 0xf7, 0x7e, 0xf7, 0x7d, 0xf7, 0x9e, 0xf7, 0x7e, 0xf7, 0x9e, 0xf7,
    0x7e, 0xf7, 0x9e, 0xef, 0x7e, 0xf7, 0x7d, 0xf7, 0x9e, 0xf7, 0x7e, 0xf7,
    0x9e, 0xf7, 0x9e, 0xf7, 0x7e, 0xf7, 0x9e, 0xf7, 0x9e, 0xf7, 0x7e, 0xf7,
    0x9e, 0xf7, 0x9e, 0xf7, 0x7e, 0xf7, 0x9e, 0xf7, 0x9e, 0xf7, 0x9d, 0xf7,
    0x7e, 0xf7, 0x9e, 0xef, 0x9e, 0xf7, 0x9e, 0xf7, 0x9e, 0xf7, 0x9e, 0xf7,
    0x9e, 0xf7, 0xbe, 0xf7, 0x9e, 0xff, 0x9e, 0xf7, 0x9e, 0xf7, 0x9e, 0xff,
    0x9e, 0xf7, 0x9e, 0xf7, 0x9e, 0xff, 0x9e, 0xf7, 0x7e, 0xf7, 0x9e, 0xff,
    0x9e, 0xf7, 0x9e, 0xff, 0x9e, 0xf7, 0x9e, 0xf7, 0x9e, 0xff, 0x9e, 0xf7,
    0x9e, 0xff, 0x9e, 0xf7, 0x9e, 0xf7, 0xbe, 0xff, 0xbe, 0xf7, 0x9e, 0xff,
    0xbd, 0xf7, 0x9e, 0xf7, 0x9e, 0xff, 0x9e, 0xf7, 0x9e, 0xf7, 0x9e, 0xff,
    0x9e, 0xf7, 0x9e, 0xf7, 0x9e, 0xff, 0x9e, 0xff, 0x9e, 0xf7, 0x9e, 0xff,
    0x9e, 0xff, 0xbe, 0xff, 0x9e, 0xff, 0x9e, 0xff, 0xbe, 0xff, 0x9e, 0xff,
    0xbf, 0xff, 0xbe, 0xff, 0x9e, 0xff, 0xbf, 0xff, 0xbe, 0xff, 0xbe, 0xff,
    0xbf, 0xff, 0xbe, 0xff, 0xbe, 0xff, 0xbf, 0xff, 0x9e, 0xff, 0xbe, 0xff,
    0xbf, 0xff, 0xbe, 0xff, 0x9e, 0xff, 0xbf, 0xff, 0xbe, 0xff, 0xbe, 0xff,
    0xbf, 0xf7, 0xbe, 0xff, 0xbe, 0xff, 0xdf, 0xf7, 0xde, 0xff, 0xbe, 0xf7,
    0xbf, 0xf7, 0xbe, 0xff, 0xbe, 0xf7, 0xbf, 0xff, 0xbe, 0xff, 0xbe, 0xff,
    0xbf, 0xf7, 0xbe, 0xff, 0x9e, 0xff, 0xbe, 0xff, 0xbe, 0xff, 0x9e, 0xff,
    0xbe, 0xff, 0xbe, 0xff, 0xbe, 0xff, 0xbe, 0xff, 0xbe, 0xff, 0xbe, 0xff,
    0xbe, 0xff, 0xbe, 0xff, 0xbe, 0xff, 0xbe, 0xff, 0xbe, 0xff, 0xbe, 0xff,
    0xbe, 0xff, 0xbe, 0xff, 0xbe, 0xff, 0xbe, 0xff, 0xbe, 0xff, 0xbe, 0xff,
    0xbe, 0xff, 0xbe, 0xff, 0xbe, 0xff, 0xbe, 0xff, 0xbe, 0xff, 0xbe, 0xff,
    0xbe, 0xff, 0xbe, 0xff, 0xbe, 0xff, 0xbe, 0xff, 0xbe, 0xff, 0xbe, 0xff,
    0xbe, 0xff, 0xbe, 0xff, 0xbe, 0xff, 0xbe, 0xff, 0xbe, 0xff, 0xbe, 0xff,
    0xbe, 0xff, 0xbe, 0xff, 0xbe, 0xff, 0xbe, 0xff, 0xbe, 0xff, 0xbe, 0xff,
    0xbe, 0xff, 0xbe, 0xff, 0xbe, 0xff, 0xbe, 0xff, 0xbe, 0xff, 0xbe, 0xff,
    0xbe, 0xff, 0xbe, 0xff, 0xbe, 0xff, 0xbe, 0xff, 0xbe, 0xff, 0xbe, 0xff,
    0xbe, 0xff, 0x9e, 0xff, 0xbe, 0xff, 0x9e, 0xf7, 0xbe, 0xff, 0x9e, 0xff,
    0xbd, 0xf7, 0x9e, 0xff, 0xbe, 0xf7, 0x9e, 0xf7, 0x9e, 0xff, 0xbe, 0xff,
    0x9e, 0xf7, 0x9d, 0xff, 0xbe, 0xff, 0x9e, 0xf7, 0x9e, 0xff, 0xbd, 0xf7,
    0x7e, 0xf7, 0x7e, 0xf7, 0x7d, 0xef, 0x7d, 0xef, 0x5d, 0xef, 0x7d, 0xef,
    0x7d, 0xf7, 0x7d, 0xf7, 0x7e, 0xef, 0x7d, 0xef, 0x9e, 0xf7, 0x9e, 0xef,
    0x9e, 0xef, 0x9e, 0xef, 0x9e, 0xf7, 0x9e, 0xef, 0x7d, 0xf7, 0x9e, 0xf7,
    0x9e, 0xef, 0x7d, 0xf7, 0x9e, 0xf7, 0x9e, 0xef, 0x7e, 0xf7, 0x9e, 0xf7,
    0x7e, 0xef, 0x9e, 0xf7, 0x9d, 0xf7, 0x7e, 0xf7, 0x9e, 0xef, 0x9d, 0xf7,
    0x7e, 0xf7, 0x7e, 0xef, 0x9e, 0xf7, 0x7e, 0xf7, 0x7e, 0xef, 0x9e, 0xf7,
    0x7e, 0xf7, 0x9e, 0xef, 0x9e, 0xf7, 0x9e, 0xf7, 0x9e, 0xef, 0x9e, 0xf7,
    0x9d, 0xf7, 0x9e, 0xef, 0x9e, 0xf7, 0x7e, 0xf7, 0x9e, 0xf7, 0x9e, 0xf7,
    0x9e, 0xf7, 0x9e, 0xf7, 0x9e, 0xf7, 0x9e, 0xf7, 0x9e, 0xf7, 0x9e, 0xff,
    0x9e, 0xf7, 0x9e, 0xff, 0x9e, 0xf7, 0x9e, 0xff, 0x9e, 0xf7, 0x9e, 0xff,
    0x9e, 0xf7, 0x9e, 0xf7, 0x9e, 0xf7, 0x9e, 0xff, 0x9e, 0xf7, 0x9e, 0xf7,
    0x9e, 0xff, 0x9e, 0xf7, 0x9e, 0xf7, 0x9e, 0xff, 0x9e, 0xf7, 0x9e, 0xf7,
    0x9e, 0xff, 0x9e, 0xf7, 0x9d, 0xf7, 0xbe, 0xff, 0x9e, 0xff, 0x9e, 0xf7,
    0x9e, 0xff, 0x9e, 0xff, 0x9d, 0xf7, 0x9e, 0xf7, 0x9e, 0xf7, 0x9d, 0xf7,
    0x9e, 0xf7, 0x9e, 0xf7, 0x9e, 0xf7, 0x9e, 0xf7, 0xbe, 0xf7, 0x9e, 0xf7,
    0xbf, 0xff, 0xbf, 0xf7, 0xbf, 0xff, 0xbf, 0xff, 0xbf, 0xff, 0xbf, 0xff,
    0xbe, 0xff, 0xbe, 0xff, 0xbe, 0xff, 0xbe, 0xff, 0xbe, 0xff, 0xbe, 0xff,
    0x9e, 0xff, 0x9e, 0xff, 0xbe, 0xff, 0x9e, 0xff, 0xbe, 0xff, 0xbe, 0xff,
    0xbe, 0xff, 0xbe, 0xff, 0xbe, 0xff, 0xbe, 0xff, 0xbe, 0xff, 0xbe, 0xff,
    0xbe, 0xff, 0xbe, 0xff, 0xbe, 0xff, 0xbe, 0xff, 0xbe, 0xff, 0xbe, 0xf7,
    0xbe, 0xff, 0xbe, 0xff, 0xbe, 0xff, 0xbe, 0xff, 0xbe, 0xff, 0xbe, 0xff,
    0xbe, 0xff, 0xbe, 0xff, 0xbe, 0xff, 0xbe, 0xff, 0xbe, 0xff, 0xbe, 0xff,
    0xbe, 0xff, 0xbe, 0xff, 0xbe, 0xff, 0xbe, 0xff, 0xbe, 0xff, 0xbe, 0xff,
    0xbe, 0xff, 0xbe, 0xff, 0xbe, 0xff, 0xbe, 0xff, 0xbe, 0xff, 0xbe, 0xff,
    0xbe, 0xff, 0xbe, 0xff, 0xbe, 0xff, 0xbe, 0xff, 0xbe, 0xff, 0xbe, 0xff,
    0xbe, 0xff, 0xbe, 0xff, 0xbe, 0xff, 0xbe, 0xff, 0xbe, 0xff, 0xbe, 0xff,
    0xbe, 0xff, 0xbe, 0xff, 0xbe, 0xff, 0xbe, 0xff, 0xbe, 0xff, 0xbe, 0xff,
    0xbe, 0xff, 0xbe, 0xff, 0xbe, 0xff, 0xbe, 0xff, 0xbe, 0xff, 0xbe, 0xff,
    0xbe, 0xff, 0xbe, 0xff, 0xbe, 0xff, 0xbe, 0xff, 0xbe, 0xff, 0xbe, 0xff,
    0xbe, 0xff, 0xbe, 0xff, 0xbe, 0xff, 0xbe, 0xff, 0xbe, 0xff, 0xbe, 0xff,
    0xbe, 0xff, 0xbe, 0xff, 0xbe, 0xff, 0xbe, 0xff, 0x9e, 0xff, 0x9d, 0xff,
    0x9e, 0xf7, 0xbe, 0xff, 0x9e, 0xff, 0x9e, 0xf7, 0x9e, 0xff, 0xbe, 0xff,
    0x9d, 0xf7, 0x9e, 0xff, 0x9e, 0xff, 0x9e, 0xf7, 0xbe, 0xff, 0x9e, 0xff,
    0x9e, 0xf7, 0x9e, 0xff, 0x5d, 0xef, 0x7d, 0xef, 0x7e, 0xf7, 0x5e, 0xf7,
    0x7d, 0xef, 0x7e, 0xef, 0x7d, 0xef, 0x7d, 0xef, 0x7e, 0xef, 0x7e, 0xf7,
    0x7e, 0xef, 0x7d, 0xef, 0x7e, 0xef, 0x7d, 0xf7, 0x7e, 0xef, 0x7e, 0xef,
    0x7e, 0xf7, 0x7e, 0xf7, 0x9d, 0xef, 0x7e, 0xf7, 0x7e, 0xf7, 0x9d, 0xef,
    0x9e, 0xf7, 0x7d, 0xf7, 0x7e, 0xef, 0x9e, 0xf7, 0x7d, 0xf7, 0x7e, 0xf7,
    0x9e, 0xf7, 0x9e, 0xef, 0x7d, 0xf7, 0x9e, 0xf7, 0x9e, 0xf7, 0x7e, 0xf7,
    0x9e, 0xf7, 0x7f, 0xf7, 0x7e, 0xf7, 0x7e, 0xf7, 0x9e, 0xf7, 0x9e, 0xf7,
    0x7e, 0xf7, 0x9e, 0xf7, 0x7d, 0xf7, 0x9e, 0xf7, 0x9e, 0xf7, 0x9e, 0xf7,
    0x9e, 0xf7, 0x9e, 0xf7, 0x9e, 0xf7, 0x9e, 0xf7, 0x9e, 0xf7, 0x9e, 0xf7,
    0x9e, 0xf7, 0x9e, 0xf7, 0x9f, 0xff, 0x9e, 0xf7, 0x9e, 0xf7, 0x9f, 0xf7,
    0x9e, 0xff, 0x9e, 0xf7, 0x9f, 0xff, 0x9e, 0xf7, 0x9e, 0xff, 0x9f, 0xf7,
    0x9e, 0xff, 0x9e, 0xf7, 0x9f, 0xff, 0x9e, 0xf7, 0x9e, 0xf7, 0x9e, 0xff,
    0x9e, 0xff, 0x9e, 0xf7, 0x9e, 0xf7, 0x9e, 0xff, 0x9e, 0xf7, 0x9e, 0xf7,
    0x9e, 0xff, 0x9e, 0xf7, 0x9e, 0xf7, 0x9e, 0xff, 0x9e, 0xf7, 0xbe, 0xff,
    0x9e, 0xf7, 0x9e, 0xff, 0x9e, 0xff, 0x9e, 0xf7, 0xbe, 0xf7, 0xbe, 0xf7,
    0xbe, 0xf7, 0x9e, 0xf7, 0xbf, 0xf7, 0xbe, 0xf7, 0xbe, 0xff, 0xbe, 0xf7,
    0xbe, 0xf7, 0xbe, 0xf7, 0xbe, 0xff, 0xbe, 0xff, 0xbf, 0xff, 0xbe, 0xff,
    0xbe, 0xff, 0xbe, 0xff, 0xbe, 0xff, 0x9e, 0xff, 0xbf, 0xff, 0xbe, 0xff,
    0x9e, 0xff, 0xbe, 0xff, 0x9e, 0xff, 0xbf, 0xff, 0xbe, 0xff, 0xbe, 0xff,
    0xbf, 0xff, 0xbe, 0xff, 0xbe, 0xff, 0x9e, 0xf7, 0xbe, 0xff, 0xbe, 0xff,
    0xbe, 0xff, 0xbe, 0xff, 0xbe, 0xf7, 0xbe, 0xff, 0xbe, 0xff, 0xbe, 0xf7,
    0xbe, 0xff, 0xbe, 0xff, 0xbe, 0xff, 0xbe, 0xff, 0xbe, 0xff, 0xbe, 0xff,
    0xbe, 0xff, 0xbe, 0xff, 0xbe, 0xff, 0xbe, 0xff, 0xbe, 0xff, 0xbe, 0xff,
    0xbe, 0xff, 0xbe, 0xff, 0xbe, 0xff, 0xbe, 0xff, 0xbe, 0xff, 0xbe, 0xff,
    0xbe, 0xff, 0xbe, 0xff, 0xbe, 0xff, 0xbe, 0xff, 0xbe, 0xff, 0xbe, 0xff,
    0xbe, 0xff, 0xbe, 0xff, 0xbe, 0xff, 0xbe, 0xff, 0xbe, 0xff, 0xbe, 0xff,
    0xbe, 0xff, 0xbe, 0xff, 0xbe, 0xff, 0xbe, 0xff, 0xbe, 0xff, 0xbe, 0xff,
    0xbe, 0xff, 0xbe, 0xff, 0xbe, 0xff, 0xbe, 0xff, 0xbe, 0xff, 0xbe, 0xff,
    0xbe, 0xff, 0xbe, 0xff, 0xbe, 0xff, 0x9e, 0xff, 0x9e, 0xff, 0xbe, 0xff,
    0x9e, 0xff, 0x9e, 0xff, 0xbe, 0xff, 0x9e, 0xff, 0x9e, 0xff, 0xbe, 0xff,
    0x9e, 0xff, 0x9e, 0xff, 0xbe, 0xff, 0x9e, 0xff, 0x9e, 0xff, 0xbe, 0xff,
    0xbe, 0xff, 0x9d, 0xf7, 0x9e, 0xff, 0x9e, 0xf7, 0x9d, 0xff, 0x9e, 0xff,
    0x9d, 0xff, 0x9e, 0xff, 0xbe, 0xf7, 0x9d, 0xff, 0x9e, 0xf7, 0xbe, 0xff,
    0x9d, 0xf7, 0x9d, 0xff, 0x9e, 0xff, 0x9e, 0xf7, 0x5d, 0xef, 0x5d, 0xef,
    0x5d, 0xef, 0x5d, 0xef, 0x5e, 0xf7, 0x5e, 0xef, 0x7e, 0xef, 0x7e, 0xef,
    0x7e, 0xef, 0x7d, 0xef, 0x9e, 0xef, 0x9e, 0xef, 0x7e, 0xef, 0x7e, 0xef,
    0x7e, 0xef, 0x7e, 0xef, 0x9e, 0xf7, 0x9e, 0xef, 0x7e, 0xef, 0x9e, 0xf7,
    0x7e, 0xef, 0x7e, 0xef, 0x9e, 0xef, 0x7e, 0xf7, 0x9e, 0xef, 0x9e, 0xef,
    0x7e, 0xef, 0x7e, 0xef, 0x9e, 0xef, 0x7e, 0xef, 0x7e, 0xef, 0x9e, 0xef,
    0x9e, 0xf7, 0x9e, 0xf7, 0x9e, 0xf7, 0x9e, 0xf7, 0x9e, 0xf7, 0x9e, 0xf7,
    0x9e, 0xef, 0x9e, 0xf7, 0x9e, 0xf7, 0x7e, 0xf7, 0x9e, 0xf7, 0x9e, 0xf7,
    0x7e, 0xf7, 0x9e, 0xf7, 0x9e, 0xf7, 0x9e, 0xf7, 0x9e, 0xf7, 0x9e, 0xf7,
    0x9e, 0xf7, 0x9e, 0xf7, 0x9e, 0xf7, 0x9e, 0xf7, 0x9e, 0xf7, 0x9e, 0xf7,
    0x9e, 0xf7, 0x9e, 0xf7, 0x9e, 0xf7, 0x9e, 0xf7, 0x9e, 0xf7, 0x9e, 0xff,
    0x9e, 0xf7, 0x9e, 0xf7, 0x9e, 0xf7, 0x9e, 0xff, 0x9e, 0xf7, 0x9e, 0xff,
    0x9e, 0xff, 0x9e, 0xf7, 0x9e, 0xff, 0x9e, 0xff, 0x9e, 0xf7, 0x9e, 0xff,
    0x9e, 0xff, 0x9e, 0xf7, 0x9e, 0xf7, 0x9e, 0xff, 0x9e, 0xf7, 0x9e, 0xf7,
    0x9e, 0xff, 0x9e, 0xf7, 0xbe, 0xf7, 0x9e, 0xff, 0x9e, 0xf7, 0x9e, 0xf7,
    0x9e, 0xf7, 0xbe, 0xf7, 0xbe, 0xff, 0xbe, 0xf7, 0xbe, 0xf7, 0xbe, 0xff,
    0xbe, 0xff, 0xbe, 0xff, 0x9e, 0xf7, 0x9d, 0xf7, 0x9e, 0xf7, 0xbe, 0xff,
    0xbe, 0xff, 0xbe, 0xff, 0x9e, 0xff, 0x9e, 0xff, 0xbe, 0xff, 0xbe, 0xff,
    0x7e, 0xff, 0x9e, 0xff, 0x7d, 0xf7, 0x5d, 0xf7, 0x9e, 0xff, 0xbe, 0xff,
    0xbe, 0xff, 0xbe, 0xff, 0xde, 0xff, 0xde, 0xff, 0x9e, 0xff, 0x9e, 0xff,
    0x9e, 0xff, 0xbe, 0xff, 0xbe, 0xff, 0xbe, 0xff, 0xbe, 0xff, 0xbe, 0xff,
    0xbe, 0xff, 0xbe, 0xff, 0xbe, 0xff, 0xbe, 0xff, 0xbe, 0xff, 0xbe, 0xff,
    0xbe, 0xff, 0xbe, 0xff, 0xbe, 0xff, 0xbe, 0xff, 0xbe, 0xff, 0xbe, 0xff,
    0xbe, 0xff, 0xbe, 0xff, 0xbe, 0xff, 0xbe, 0xff, 0xbe, 0xff, 0xbe, 0xff,
    0xbe, 0xff, 0xbe, 0xff, 0xbe, 0xff, 0xbe, 0xff, 0xbe, 0xff, 0xbe, 0xff,
    0xbe, 0xff, 0xbe, 0xff, 0xbe, 0xff, 0xbe, 0xff, 0xbe, 0xff, 0xbe, 0xff,
    0xbe, 0xff, 0xbe, 0xff, 0xbe, 0xff, 0xbe, 0xff, 0xbe, 0xff, 0xbe, 0xff,
    0xbe, 0xff, 0xbe, 0xff, 0xbe, 0xff, 0xbe, 0xff, 0xbe, 0xff, 0xbe, 0xff,
    0xbe, 0xff, 0xbe, 0xff, 0xbe, 0xff, 0x9e, 0xff, 0xbe, 0xff, 0x9e, 0xff,
    0xbe, 0xff, 0xbe, 0xff, 0x9e, 0xff, 0xbe, 0xff, 0x9e, 0xff, 0xbe, 0xff,
    0x9e, 0xff, 0xbe, 0xff, 0x9e, 0xff, 0xbe, 0xff, 0xbe, 0xff, 0x9e, 0xff,
    0x9e, 0xff, 0x9d, 0xf7, 0x9e, 0xf7, 0x9e, 0xff, 0xbe, 0xff, 0x9d, 0xf7,
    0xbe, 0xf7, 0xbe, 0xff, 0x9e, 0xf7, 0x9e, 0xf7, 0x9d, 0xff, 0x9e, 0xf7,
    0x9d, 0xf7, 0x9e, 0xff, 0x9d, 0xf7, 0x9e, 0xf7, 0x9d, 0xff, 0x9d, 0xf7,
    0x7d, 0xef, 0x7d, 0xef, 0x7d, 0xef, 0x7d, 0xef, 0x7e, 0xef, 0x5d, 0xf7,
    0x5d, 0xef, 0x7e, 0xef, 0x7d, 0xf7, 0x7e, 0xef, 0x7d, 0xef, 0x7e, 0xef,
    0x7e, 0xef, 0x7e, 0xef, 0x7e, 0xef, 0x7e, 0xef, 0x7e, 0xef, 0x7e, 0xef,
    0x9e, 0xf7, 0x9e, 0xf7, 0x9e, 0xef, 0x7e, 0xf7, 0x9e, 0xf7, 0x7e, 0xef,
    0x7e, 0xf7, 0x9e, 0xf7, 0x9e, 0xef, 0x7e, 0xf7, 0x9d, 0xf7, 0x7e, 0xf7,
    0x9e, 0xf7, 0x7d, 0xef, 0x9e, 0xf7, 0x9e, 0xf7, 0x9e, 0xef, 0x9e, 0xf7,
    0x9e, 0xf7, 0x9e, 0xf7, 0x7e, 0xf7, 0x9e, 0xf7, 0x9e, 0xef, 0x9e, 0xf7,
    0x9e, 0xf7, 0x9e, 0xef, 0x7d, 0xf7, 0x9e, 0xf7, 0x9e, 0xf7, 0x7e, 0xf7,
    0x9e, 0xf7, 0x9e, 0xf7, 0x9e, 0xf7, 0x9e, 0xf7, 0x9e, 0xf7, 0x9e, 0xf7,
    0x9e, 0xf7, 0x9e, 0xf7, 0x9e, 0xf7, 0x9e, 0xf7, 0x9e, 0xf7, 0x9e, 0xf7,
    0x9e, 0xff, 0x9e, 0xf7, 0x9e, 0xf7, 0x9e, 0xff, 0x9e, 0xf7, 0x9e, 0xf7,
    0x9e, 0xf7, 0x9e, 0xf7, 0x9e, 0xff, 0x9e, 0xf7, 0x9e, 0xf7, 0x9e, 0xff,
    0x9e, 0xf7, 0x9e, 0xf7, 0x9d, 0xff, 0x9e, 0xff, 0x9e, 0xf7, 0x9e, 0xf7,
    0x9e, 0xff, 0x9e, 0xf7, 0x9e, 0xf7, 0x9e, 0xff, 0x9d, 0xff, 0xbe, 0xf7,
    0x9e, 0xf7, 0x9e, 0xff, 0x9e, 0xf7, 0x9e, 0xf7, 0xbe, 0xf7, 0xbe, 0xf7,
    0xbe, 0xf7, 0xbe, 0xf7, 0xbe, 0xff, 0xbd, 0xf7, 0x7c, 0xf7, 0x5c, 0xf7,
    0x7c, 0xf7, 0x9d, 0xff, 0x9c, 0xff, 0x9d, 0xff, 0x9d, 0xff, 0x5c, 0xff,
    0x1b, 0xef, 0xfa, 0xee, 0xfa, 0xee, 0x1b, 0xf7, 0x3c, 0xf7, 0x5c, 0xff,
    0x7c, 0xff, 0x7d, 0xff, 0x9d, 0xff, 0x9d, 0xff, 0xbe, 0xff, 0xbd, 0xff,
    0x9d, 0xff, 0x9d, 0xff, 0x9d, 0xff, 0xbd, 0xff, 0xbd, 0xff, 0xbd, 0xff,
    0xbd, 0xff, 0xbd, 0xff, 0xbe, 0xff, 0xbd, 0xff, 0xbe, 0xff, 0xbe, 0xff,
    0xbe, 0xff, 0xbe, 0xff, 0xbe, 0xff, 0xbe, 0xff, 0xbe, 0xff, 0xbe, 0xff,
    0xbe, 0xff, 0xbe, 0xff, 0xbe, 0xff, 0xbe, 0xff, 0xbe, 0xff, 0xbe, 0xff,
    0xbe, 0xff, 0xbe, 0xff, 0xbe, 0xff, 0xbe, 0xff, 0xbe, 0xff, 0xbe, 0xff,
    0xbe, 0xff, 0xbe, 0xff, 0xbe, 0xff, 0xbe, 0xff, 0xbe, 0xff, 0xbe, 0xff,
    0xbe, 0xff, 0xbe, 0xff, 0xbe, 0xff, 0xbe, 0xff, 0xbe, 0xff, 0xbe, 0xff,
    0xbe, 0xff, 0xbe, 0xff, 0xbe, 0xff, 0xbe, 0xff, 0xbe, 0xff, 0xbe, 0xff,
    0xbe, 0xff, 0xbe, 0xff, 0xbe, 0xff, 0xbe, 0xff, 0xbe, 0xff, 0x9e, 0xff,
    0xbe, 0xff, 0x9e, 0xf7, 0x9d, 0xf7, 0x9e, 0xff, 0x9e, 0xf7, 0x9d, 0xf7,
    0x9e, 0xff, 0x9e, 0xf7, 0x9d, 0xf7, 0x9e, 0xf7, 0x9d, 0xff, 0x9e, 0xf7,
    0x9d, 0xf7, 0x9e, 0xff, 0xbe, 0xf7, 0x9d, 0xff, 0x9e, 0xff, 0x9e, 0xff,
    0x9e, 0xff, 0x9e, 0xff, 0x9e, 0xff, 0x9d, 0xf7, 0x9e, 0xff, 0xbe, 0xff,
    0x9d, 0xf7, 0x9e, 0xff, 0x9e, 0xff, 0x9d, 0xf7, 0x9e, 0xff, 0x9e, 0xf7,
    0x9e, 0xff, 0x9e, 0xff, 0x5d, 0xef, 0x5e, 0xf7, 0x7d, 0xf7, 0x5d, 0xef,
    0x7e, 0xef, 0x7d, 0xef, 0x5e, 0xef, 0x7d, 0xef, 0x7e, 0xef, 0x7e, 0xef,
    0x7d, 0xef, 0x7d, 0xef, 0x7e, 0xef, 0x7e, 0xef, 0x9e, 0xef, 0x7e, 0xef,
    0x9d, 0xef, 0x7e, 0xef, 0x9e, 0xef, 0x9e, 0xef, 0x7e, 0xf7, 0x9e, 0xef,
    0x9e, 0xf7, 0x7e, 0xef, 0x7e, 0xf7, 0x9e, 0xf7, 0x7e, 0xef, 0x9e, 0xf7,
    0x7e, 0xef, 0x9e, 0xef, 0x7d, 0xf7, 0x7e, 0xef, 0x9e, 0xf7, 0x9e, 0xf7,
    0x7e, 0xf7, 0x7e, 0xf7, 0x9e, 0xf7, 0x9e, 0xef, 0x7e, 0xf7, 0x9e, 0xf7,
    0x9e, 0xf7, 0x7d, 0xf7, 0x9e, 0xf7, 0x9e, 0xf7, 0x9e, 0xf7, 0x9e, 0xef,
    0x7e, 0xf7, 0x9d, 0xf7, 0x9e, 0xf7, 0x7e, 0xf7, 0x9e, 0xf7, 0x9e, 0xf7,
    0x9e, 0xf7, 0x9e, 0xf7, 0x9e, 0xf7, 0x9e, 0xf7, 0x9e, 0xf7, 0x9e, 0xf7,
    0x9e, 0xf7, 0xbe, 0xf7, 0x9e, 0xf7, 0x9e, 0xf7, 0xbe, 0xf7, 0x9e, 0xf7,
    0x9e, 0xff, 0xbe, 0xff, 0x9e, 0xf7, 0x9e, 0xf7, 0x9e, 0xff, 0x9e, 0xff,
    0x9e, 0xf7, 0x9e, 0xff, 0x9e, 0xff, 0x9e, 0xf7, 0x9e, 0xf7, 0x9e, 0xff,
    0x9e, 0xff, 0x9e, 0xf7, 0x9e, 0xff, 0x9e, 0xff, 0x9e, 0xf7, 0x9d, 0xff,
    0x9d, 0xff, 0x9e, 0xf7, 0x9e, 0xff, 0x9e, 0xff, 0x9d, 0xff, 0x9d, 0xf7,
    0xbd, 0xff, 0xbd, 0xff, 0x9d, 0xff, 0xbd, 0xff, 0x9c, 0xf7, 0x7c, 0xf7,
    0x5b, 0xef, 0x3a, 0xef, 0xfa, 0xe6, 0xd9, 0xe6, 0xd9, 0xe6, 0xb8, 0xe6,
    0x57, 0xde, 0x16, 0xce, 0xb4, 0xc5, 0x94, 0xc5, 0xf5, 0xcd, 0x37, 0xde,
    0x78, 0xde, 0x78, 0xe6, 0x98, 0xde, 0xb9, 0xe6, 0xfa, 0xee, 0x3a, 0xf7,
    0x5b, 0xf7, 0x7c, 0xff, 0xbd, 0xff, 0xbd, 0xff, 0xbd, 0xff, 0xbd, 0xff,
    0xbd, 0xff, 0xbd, 0xff, 0xbd, 0xff, 0xbd, 0xff, 0xbd, 0xff, 0xbd, 0xff,
    0xbd, 0xff, 0xbd, 0xff, 0xbd, 0xff, 0xbe, 0xff, 0xbe, 0xff, 0xbe, 0xff,
    0xbe, 0xff, 0xbe, 0xff, 0xbe, 0xff, 0xbe, 0xff, 0xbe, 0xff, 0xbe, 0xff,
    0xbe, 0xff, 0xbe, 0xff, 0xbe, 0xff, 0xbe, 0xff, 0xbe, 0xff, 0xbe, 0xff,
    0xbe, 0xff, 0xbe, 0xff, 0xbe, 0xff, 0xbe, 0xff, 0xbe, 0xff, 0xbe, 0xff,
    0xbe, 0xff, 0xbe, 0xff, 0xbe, 0xff, 0xbe, 0xff, 0xbe, 0xff, 0xbe, 0xff,
    0xbe, 0xff, 0xbe, 0xff, 0xbe, 0xff, 0xbe, 0xff, 0xbe, 0xff, 0xbe, 0xff,
    0xbe, 0xff, 0xbe, 0xff, 0xbe, 0xff, 0xbe, 0xff, 0xbe, 0xff, 0xbe, 0xff,
    0xbe, 0xff, 0xbe, 0xff, 0x9e, 0xff, 0x9d, 0xff, 0x9e, 0xff, 0x9e, 0xf7,
    0x9d, 0xff, 0xbe, 0xff, 0x9e, 0xf7, 0x9d, 0xff, 0xbe, 0xff, 0x9e, 0xff,
    0x9e, 0xf7, 0x9e, 0xff, 0x9e, 0xff, 0xbd, 0xf7, 0x9e, 0xff, 0x9e, 0xff,
    0xbe, 0xf7, 0xbd, 0xf7, 0x9e, 0xf7, 0x9e, 0xff, 0xbd, 0xff, 0x9e, 0xf7,
    0x9e, 0xff, 0x9e, 0xff, 0x9d, 0xf7, 0x9e, 0xff, 0x9e, 0xf7, 0x9d, 0xff,
    0x9e, 0xf7, 0x9e, 0xff, 0x9d, 0xf7, 0x9e, 0xf7, 0x5d, 0xef, 0x7d, 0xef,
    0x5e, 0xef, 0x5d, 0xef, 0x5e, 0xf7, 0x7e, 0xef, 0x5d, 0xef, 0x5d, 0xef,
    0x7e, 0xef, 0x7e, 0xef, 0x7e, 0xef, 0x7e, 0xef, 0x7e, 0xef, 0x7e, 0xef,
    0x7e, 0xef, 0x7e, 0xef, 0x9e, 0xf7, 0x9d, 0xef, 0x9e, 0xef, 0x7e, 0xf7,
    0x7e, 0xef, 0x7e, 0xf7, 0x9e, 0xef, 0x9e, 0xef, 0x9e, 0xef, 0x7e, 0xef,
    0x9e, 0xf7, 0x7e, 0xef, 0x9e, 0xf7, 0x9e, 0xef, 0x7e, 0xf7, 0x9e, 0xef,
    0x9e, 0xf7, 0x9e, 0xf7, 0x9e, 0xf7, 0x9e, 0xf7, 0x9e, 0xf7, 0x9e, 0xf7,
    0x9e, 0xf7, 0x9e, 0xf7, 0x7e, 0xf7, 0x9e, 0xf7, 0x9e, 0xf7, 0x7e, 0xf7,
    0x9e, 0xf7, 0x9e, 0xf7, 0x9e, 0xf7, 0x9e, 0xef, 0x9e, 0xf7, 0x7e, 0xf7,
    0x9e, 0xf7, 0x7e, 0xf7, 0x7e, 0xf7, 0x9e, 0xf7, 0x9e, 0xf7, 0x9e, 0xf7,
    0x9e, 0xf7, 0x9e, 0xf7, 0x9e, 0xf7, 0x9e, 0xf7, 0xbe, 0xf7, 0x9e, 0xf7,
    0x9e, 0xf7, 0xbe, 0xf7, 0x9e, 0xff, 0x9e, 0xf7, 0xbe, 0xff, 0x9e, 0xf7,
    0x9e, 0xff, 0x9e, 0xf7, 0x9e, 0xf7, 0x9e, 0xff, 0x9e, 0xff, 0x9e, 0xf7,
    0x9e, 0xff, 0x9e, 0xf7, 0x9e, 0xf7, 0x9e, 0xff, 0x9e, 0xff, 0x9d, 0xff,
    0x9d, 0xff, 0x9e, 0xff, 0x9e, 0xff, 0x9d, 0xff, 0x9d, 0xff, 0x9d, 0xff,
    0x9d, 0xff, 0x9d, 0xff, 0x9d, 0xff, 0x9d, 0xff, 0xbc, 0xff, 0x9c, 0xff,
    0x7b, 0xf7, 0x3a, 0xef, 0x1a, 0xf7, 0xd8, 0xe6, 0x36, 0xd6, 0xf5, 0xcd,
    0xd4, 0xcd, 0xb4, 0xc5, 0xb4, 0xc5, 0x73, 0xc5, 0x52, 0xc5, 0x73, 0xc5,
    0x73, 0xc5, 0x93, 0xc5, 0xb4, 0xcd, 0x52, 0xbd, 0xb4, 0xcd, 0xd4, 0xcd,
    0x16, 0xd6, 0x57, 0xde, 0x98, 0xe6, 0xf9, 0xee, 0x5b, 0xff, 0x9c, 0xff,
    0x9c, 0xff, 0x9c, 0xff, 0xbc, 0xff, 0xbd, 0xff, 0xbd, 0xff, 0xdd, 0xff,
    0xbd, 0xff, 0xbd, 0xff, 0xbd, 0xff, 0xbd, 0xff, 0x9d, 0xff, 0xbd, 0xff,
    0xbd, 0xff, 0xbe, 0xff, 0xbe, 0xff, 0xbe, 0xff, 0xbe, 0xff, 0xbe, 0xff,
    0xbe, 0xff, 0xbe, 0xff, 0xbe, 0xff, 0xbe, 0xff, 0xbe, 0xff, 0xbe, 0xff,
    0xbe, 0xff, 0xbe, 0xff, 0xbe, 0xff, 0xbe, 0xff, 0xbe, 0xff, 0xbe, 0xff,
    0xbe, 0xff, 0xbe, 0xff, 0xbe, 0xff, 0xbe, 0xff, 0xbe, 0xff, 0xbe, 0xff,
    0xbe, 0xff, 0xbe, 0xff, 0xbe, 0xff, 0xbe, 0xff, 0xbe, 0xff, 0xbe, 0xff,
    0xbe, 0xff, 0xbe, 0xff, 0xbe, 0xff, 0xbe, 0xff, 0xbe, 0xff, 0xbe, 0xff,
    0xbe, 0xff, 0xbe, 0xff, 0xbe, 0xff, 0x9e, 0xff, 0xbe, 0xff, 0x9e, 0xf7,
    0xbe, 0xff, 0x9e, 0xff, 0x9e, 0xff, 0xbe, 0xf7, 0x9e, 0xff, 0x9e, 0xff,
    0xbe, 0xff, 0x9d, 0xf7, 0xbe, 0xff, 0x9e, 0xff, 0x9e, 0xf7, 0x9e, 0xff,
    0x9d, 0xff, 0x9e, 0xf7, 0x9e, 0xff, 0x9d, 0xff, 0x9e, 0xf7, 0xbe, 0xff,
    0x9d, 0xf7, 0x9e, 0xff, 0xbe, 0xff, 0x9d, 0xf7, 0x9e, 0xf7, 0x9d, 0xff,
    0x9e, 0xf7, 0x9e, 0xf7, 0x9d, 0xff, 0x9d, 0xff, 0x9e, 0xf7, 0x9d, 0xf7,
    0x7d, 0xef, 0x5d, 0xef, 0x7d, 0xef, 0x7d, 0xf7, 0x5e, 0xef, 0x7d, 0xef,
    0x7e, 0xef, 0x5e, 0xef, 0x7e, 0xef, 0x7e, 0xef, 0x7e, 0xef, 0x7e, 0xef,
    0x7e, 0xef, 0x7e, 0xef, 0x7e, 0xef, 0x7e, 0xef, 0x7e, 0xf7, 0x7e, 0xf7,
    0x7e, 0xf7, 0x9e, 0xef, 0x9e, 0xf7, 0x7e, 0xf7, 0x7e, 0xf7, 0x9e, 0xf7,
    0x7e, 0xef, 0x7e, 0xf7, 0x9d, 0xf7, 0x7e, 0xef, 0x7d, 0xf7, 0x9e, 0xf7,
    0x7e, 0xef, 0x7d, 0xf7, 0x9e, 0xf7, 0x9e, 0xf7, 0x7e, 0xf7, 0x9d, 0xf7,
    0x9e, 0xf7, 0x7e, 0xf7, 0x9d, 0xf7, 0x9e, 0xef, 0x9e, 0xf7, 0x9e, 0xf7,
    0x7e, 0xef, 0x9d, 0xf7, 0x7e, 0xf7, 0x7e, 0xf7, 0x7e, 0xf7, 0x7e, 0xf7,
    0x9e, 0xf7, 0x9e, 0xf7, 0x9e, 0xef, 0x9e, 0xf7, 0x9e, 0xf7, 0x9e, 0xf7,
    0x9e, 0xf7, 0x9e, 0xf7, 0x9e, 0xf7, 0x9e, 0xf7, 0x9e, 0xf7, 0x9e, 0xf7,
    0x9e, 0xf7, 0x9e, 0xf7, 0x9e, 0xf7, 0x9e, 0xf7, 0x9e, 0xf7, 0x9e, 0xf7,
    0x9e, 0xf7, 0xbe, 0xff, 0x9e, 0xf7, 0x9e, 0xff, 0x9e, 0xf7, 0x9d, 0xf7,
    0x9e, 0xff, 0x9e, 0xf7, 0x9d, 0xff, 0x9d, 0xff, 0x7d, 0xf7, 0x7d, 0xf7,
    0x7d, 0xff, 0x9d, 0xff, 0x5d, 0xf7, 0x7d, 0xff, 0x7d, 0xff, 0xbe, 0xff,
    0xbe, 0xff, 0x7c, 0xff, 0x5c, 0xf7, 0x3b, 0xf7, 0x7b, 0xff, 0x7b, 0xff,
    0xf9, 0xee, 0xb7, 0xe6, 0x97, 0xe6, 0x55, 0xde, 0xb3, 0xcd, 0x92, 0xc5,
    0x92, 0xc5, 0x51, 0xc5, 0x31, 0xbd, 0x10, 0xbd, 0xf0, 0xbc, 0x10, 0xbd,
    0x10, 0xbd, 0xf0, 0xb4, 0xf0, 0xb4, 0x10, 0xbd, 0x31, 0xc5, 0x93, 0xcd,
    0x52, 0xc5, 0x11, 0xbd, 0x32, 0xc5, 0x93, 0xcd, 0xd4, 0xd5, 0x15, 0xd6,
    0x97, 0xe6, 0xb8, 0xee, 0xf9, 0xee, 0x1a, 0xf7, 0x5b, 0xff, 0x7c, 0xff,
    0x9c, 0xff, 0xbd, 0xff, 0xbd, 0xff, 0xbd, 0xff, 0xbd, 0xff, 0xbd, 0xff,
    0xbd, 0xff, 0x9d, 0xff, 0xbe, 0xff, 0xbe, 0xff, 0xbd, 0xff, 0x9e, 0xff,
    0xbe, 0xff, 0xbe, 0xff, 0xbe, 0xff, 0xbe, 0xff, 0xbe, 0xff, 0xbe, 0xff,
    0xbe, 0xff, 0xbe, 0xff, 0xbe, 0xff, 0xbe, 0xff, 0xbe, 0xff, 0xbe, 0xff,
    0xbe, 0xff, 0xbe, 0xff, 0xbe, 0xff, 0xbe, 0xff, 0xbe, 0xff, 0xbe, 0xff,
    0xbe, 0xff, 0xbe, 0xff, 0xbe, 0xff, 0xbe, 0xff, 0xbe, 0xff, 0xbe, 0xff,
    0xbe, 0xff, 0xbe, 0xff, 0xbe, 0xff, 0xbe, 0xff, 0xbe, 0xff, 0xbe, 0xff,
    0xbe, 0xff, 0xbe, 0xff, 0xbe, 0xff, 0xbe, 0xff, 0xbe, 0xff, 0xbe, 0xff,
    0x9e, 0xff, 0x9d, 0xf7, 0x9e, 0xf7, 0xbd, 0xff, 0x9e, 0xf7, 0x9d, 0xff,
    0x9e, 0xf7, 0x9e, 0xff, 0x9d, 0xf7, 0x9e, 0xff, 0x9e, 0xff, 0xbd, 0xf7,
    0x9e, 0xff, 0xbe, 0xff, 0x9e, 0xf7, 0xbe, 0xff, 0x9e, 0xff, 0x9e, 0xff,
    0x9e, 0xff, 0x9e, 0xf7, 0x9e, 0xff, 0x9e, 0xff, 0xbe, 0xf7, 0x9e, 0xff,
    0x9d, 0xff, 0x9e, 0xf7, 0x9d, 0xff, 0x9e, 0xf7, 0x9e, 0xff, 0x9e, 0xf7,
    0x9e, 0xff, 0x9e, 0xff, 0x5d, 0xef, 0x5d, 0xef, 0x7d, 0xf7, 0x7d, 0xef,
    0x5e, 0xef, 0x5d, 0xf7, 0x7d, 0xef, 0x7d, 0xef, 0x7e, 0xef, 0x7e, 0xef,
    0x7e, 0xef, 0x7d, 0xef, 0x7e, 0xef, 0x7e, 0xef, 0x9e, 0xef, 0x7e, 0xef,
    0x7d, 0xef, 0x7e, 0xef, 0x9e, 0xf7, 0x7e, 0xef, 0x9e, 0xf7, 0x9d, 0xf7,
    0x7d, 0xef, 0x7e, 0xf7, 0x9e, 0xef, 0x9d, 0xf7, 0x7e, 0xef, 0x9e, 0xef,
    0x9e, 0xf7, 0x7d, 0xef, 0x9e, 0xef, 0x7e, 0xf7, 0x9e, 0xf7, 0x9e, 0xf7,
    0x7e, 0xf7, 0x9e, 0xef, 0x9e, 0xf7, 0x7e, 0xf7, 0x9e, 0xf7, 0x7e, 0xf7,
    0x9e, 0xf7, 0x9e, 0xf7, 0x9e, 0xf7, 0x9e, 0xf7, 0x7e, 0xf7, 0x9e, 0xef,
    0x7e, 0xf7, 0x7e, 0xf7, 0x9e, 0xf7, 0x9d, 0xf7, 0x9e, 0xf7, 0x9e, 0xf7,
    0x7e, 0xf7, 0x9e, 0xf7, 0x9e, 0xf7, 0x9e, 0xf7, 0x9e, 0xf7, 0x9e, 0xf7,
    0x9e, 0xf7, 0xbe, 0xf7, 0x9e, 0xff, 0xbe, 0xf7, 0x9e, 0xf7, 0xbe, 0xf7,
    0x9e, 0xff, 0x9e, 0xff, 0x9e, 0xf7, 0x9e, 0xf7, 0x9e, 0xff, 0x9e, 0xff,
    0x9e, 0xf7, 0x9e, 0xff, 0x9e, 0xf7, 0x9d, 0xff, 0x9d, 0xff, 0x9d, 0xff,
    0x5d, 0xff, 0x7d, 0xff, 0x9e, 0xff, 0x9d, 0xff, 0x7d, 0xff, 0x5c, 0xf7,
    0x5c, 0xff, 0x5c, 0xf7, 0xfa, 0xf6, 0x98, 0xe6, 0x16, 0xd6, 0xf5, 0xcd,
    0x93, 0xcd, 0x72, 0xc5, 0x51, 0xc5, 0x31, 0xbd, 0x31, 0xc5, 0x51, 0xc5,
    0x51, 0xc5, 0x51, 0xc5, 0x51, 0xc5, 0x51, 0xc5, 0x30, 0xc5, 0x30, 0xc5,
    0x0f, 0xbd, 0xef, 0xbc, 0x8d, 0xac, 0x4c, 0xa4, 0x2c, 0xa4, 0x6d, 0xac,
    0xcf, 0xbc, 0x10, 0xbd, 0x10, 0xbd, 0xaf, 0xb4, 0xaf, 0xb4, 0xf0, 0xbc,
    0xf0, 0xbc, 0x11, 0xbd, 0x52, 0xc5, 0x93, 0xcd, 0xd5, 0xd5, 0x57, 0xde,
    0xb8, 0xee, 0xd9, 0xee, 0x1a, 0xef, 0x7b, 0xf7, 0x9c, 0xff, 0xbc, 0xff,
    0xbd, 0xff, 0x9d, 0xff, 0x9d, 0xff, 0xbd, 0xff, 0xbe, 0xff, 0xbe, 0xff,
    0xbd, 0xff, 0xbe, 0xff, 0xbe, 0xff, 0xbe, 0xff, 0xbe, 0xff, 0xbe, 0xff,
    0xbe, 0xff, 0xbe, 0xff, 0xbe, 0xff, 0xbe, 0xff, 0xbe, 0xff, 0xbe, 0xff,
    0xbe, 0xff, 0xbe, 0xff, 0xbe, 0xff, 0xbe, 0xff, 0xbe, 0xff, 0xbe, 0xff,
    0xbe, 0xff, 0xbe, 0xff, 0xbe, 0xff, 0xbe, 0xff, 0xbe, 0xff, 0xbe, 0xff,
    0xbe, 0xff, 0xbe, 0xff, 0xbe, 0xff, 0xbe, 0xff, 0xbe, 0xff, 0xbe, 0xff,
    0xbe, 0xff, 0xbe, 0xff, 0xbe, 0xff, 0xbe, 0xff, 0xbe, 0xff, 0xbe, 0xff,
    0xbe, 0xff, 0xbe, 0xff, 0xbe, 0xff, 0x9e, 0xff, 0x9e, 0xff, 0x9e, 0xf7,
    0x9d, 0xff, 0xbe, 0xff, 0x9e, 0xf7, 0x9d, 0xff, 0xbe, 0xff, 0x9e, 0xf7,
    0x9e, 0xff, 0x9d, 0xf7, 0x9e, 0xff, 0x9e, 0xf7, 0xbd, 0xf7, 0x9e, 0xff,
    0x9d, 0xf7, 0xbe, 0xf7, 0xbd, 0xff, 0x9e, 0xff, 0x9d, 0xf7, 0xbe, 0xff,
    0x9e, 0xf7, 0x9e, 0xff, 0x9d, 0xf7, 0x9e, 0xff, 0x9e, 0xff, 0x9d, 0xf7,
    0x9e, 0xf7, 0x9d, 0xff, 0x9d, 0xf7, 0x9e, 0xff, 0x5d, 0xef, 0x7e, 0xef,
    0x5d, 0xef, 0x5d, 0xef, 0x7e, 0xef, 0x5e, 0xef, 0x5d, 0xef, 0x7e, 0xef,
    0x7e, 0xef, 0x7e, 0xef, 0x7e, 0xef, 0x7e, 0xef, 0x7e, 0xef, 0x7e, 0xef,
    0x7e, 0xef, 0x7e, 0xef, 0x7e, 0xf7, 0x9e, 0xef, 0x7d, 0xef, 0x7e, 0xef,
    0x7d, 0xf7, 0x7d, 0xef, 0x9e, 0xef, 0x7e, 0xf7, 0x9e, 0xef, 0x7e, 0xf7,
    0x7e, 0xef, 0x9e, 0xf7, 0x7e, 0xf7, 0x9e, 0xef, 0x9d, 0xef, 0x7e, 0xf7,
    0x9e, 0xf7, 0x9d, 0xf7, 0x9e, 0xf7, 0x9e, 0xf7, 0x9e, 0xf7, 0x9e, 0xef,
    0x9e, 0xf7, 0x9e, 0xf7, 0x7d, 0xf7, 0x9e, 0xf7, 0x9e, 0xf7, 0x9e, 0xf7,
    0x7e, 0xf7, 0x9e, 0xf7, 0x9e, 0xf7, 0x7e, 0xf7, 0x9e, 0xef, 0x9e, 0xf7,
    0x7e, 0xf7, 0x9e, 0xf7, 0x9d, 0xef, 0x7e, 0xf7, 0x9e, 0xf7, 0x9e, 0xf7,
    0x9e, 0xf7, 0x9e, 0xf7, 0x9e, 0xf7, 0x9e, 0xf7, 0x9e, 0xf7, 0x9e, 0xf7,
    0xbe, 0xf7, 0x9e, 0xf7, 0xbe, 0xf7, 0x9e, 0xf7, 0xbe, 0xf7, 0x9e, 0xf7,
    0x9e, 0xf7, 0x9e, 0xf7, 0x9e, 0xf7, 0x9e, 0xff, 0x9d, 0xff, 0x9d, 0xff,
    0x9d, 0xff, 0x7d, 0xff, 0xbe, 0xff, 0x9d, 0xff, 0x7d, 0xff, 0x7d, 0xff,
    0x7c, 0xff, 0x1b, 0xf7, 0x78, 0xde, 0xd6, 0xcd, 0x53, 0xbd, 0xf1, 0xb4,
    0x8f, 0xac, 0x8f, 0xac, 0xaf, 0xac, 0xcf, 0xb4, 0xf0, 0xbc, 0x10, 0xbd,
    0xef, 0xbc, 0x0f, 0xbd, 0x30, 0xc5, 0x30, 0xc5, 0x0f, 0xc5, 0xce, 0xbc,
    0xce, 0xbc, 0xce, 0xb4, 0xce, 0xbc, 0xae, 0xb4, 0x6c, 0xac, 0x0b, 0xa4,
    0xeb, 0xa3, 0x0b, 0xa4, 0x2b, 0xa4, 0x6d, 0xac, 0x6d, 0xb4, 0x2c, 0xa4,
    0x2c, 0xa4, 0x6e, 0xac, 0x8e, 0xac, 0x8e, 0xac, 0x8f, 0xb4, 0xaf, 0xb4,
    0x11, 0xbd, 0x72, 0xc5, 0xb4, 0xcd, 0x36, 0xd6, 0x98, 0xe6, 0xd9, 0xee,
    0x3a, 0xf7, 0x7b, 0xff, 0x9c, 0xff, 0x9d, 0xff, 0xbd, 0xff, 0x9d, 0xff,
    0xbd, 0xff, 0x9e, 0xff, 0xbe, 0xff, 0xbe, 0xff, 0xbe, 0xff, 0xbe, 0xff,
    0xbe, 0xff, 0xbe, 0xff, 0xbe, 0xff, 0xbe, 0xff, 0xbe, 0xff, 0xbe, 0xff,
    0xbe, 0xff, 0xbe, 0xff, 0xbe, 0xff, 0xbe, 0xff, 0xbe, 0xff, 0xbe, 0xff,
    0x9e, 0xff, 0x9e, 0xff, 0xbe, 0xff, 0x9e, 0xff, 0x9e, 0xff, 0xbe, 0xff,
    0x9e, 0xff, 0x9e, 0xff, 0xbe, 0xff, 0x9e, 0xff, 0x9e, 0xff, 0xbe, 0xff,
    0x9e, 0xff, 0x9e, 0xff, 0xbe, 0xff, 0x9e, 0xff, 0x9e, 0xff, 0xbe, 0xff,
    0x9e, 0xff, 0x9e, 0xff, 0x9e, 0xff, 0x9e, 0xff, 0xbe, 0xff, 0x9d, 0xf7,
    0x9e, 0xff, 0x9e, 0xff, 0xbe, 0xf7, 0x9e, 0xff, 0x9e, 0xff, 0xbe, 0xf7,
    0x9e, 0xff, 0x9e, 0xff, 0xbd, 0xf7, 0x9e, 0xff, 0x9e, 0xff, 0x9d, 0xff,
    0x9e, 0xff, 0x9e, 0xff, 0x9e, 0xf7, 0x9d, 0xff, 0x9e, 0xff, 0x9e, 0xf7,
    0xbe, 0xff, 0x9d, 0xff, 0x9e, 0xff, 0x9e, 0xf7, 0x9d, 0xf7, 0x9e, 0xff,
    0x9d, 0xf7, 0x9d, 0xf7, 0x9e, 0xff, 0x9d, 0xf7, 0x9d, 0xf7, 0x9e, 0xf7,
    0x7d, 0xef, 0x7d, 0xf7, 0x5e, 0xef, 0x7d, 0xf7, 0x7e, 0xef, 0x5d, 0xef,
    0x7e, 0xef, 0x5d, 0xef, 0x7e, 0xef, 0x7e, 0xef, 0x7e, 0xef, 0x7e, 0xef,
    0x7e, 0xef, 0x7d, 0xef, 0x7e, 0xf7, 0x7d, 0xef, 0x7e, 0xf7, 0x7e, 0xef,
    0x7e, 0xef, 0x7e, 0xf7, 0x7d, 0xf7, 0x7e, 0xef, 0x7e, 0xf7, 0x9e, 0xef,
    0x9d, 0xf7, 0x7e, 0xef, 0x9d, 0xf7, 0x7d, 0xef, 0x7e, 0xf7, 0x9e, 0xf7,
    0x7e, 0xef, 0x7d, 0xef, 0x9e, 0xf7, 0x9e, 0xf7, 0x7e, 0xef, 0x9e, 0xf7,
    0x7d, 0xf7, 0x9e, 0xf7, 0x9e, 0xf7, 0x7e, 0xf7, 0x9e, 0xef, 0x9e, 0xf7,
    0x7e, 0xf7, 0x9e, 0xef, 0x7e, 0xf7, 0x7e, 0xf7, 0x9e, 0xf7, 0x7e, 0xf7,
    0x9e, 0xf7, 0x9e, 0xf7, 0x7e, 0xf7, 0x9e, 0xf7, 0x9e, 0xf7, 0x9e, 0xf7,
    0x9e, 0xf7, 0x9e, 0xf7, 0x9e, 0xf7, 0x9e, 0xf7, 0x9e, 0xf7, 0x9e, 0xf7,
    0xbe, 0xf7, 0x9e, 0xf7, 0x9e, 0xff, 0x9e, 0xf7, 0x9e, 0xf7, 0x9e, 0xf7,
    0xbe, 0xf7, 0x9e, 0xf7, 0xbe, 0xf7, 0xbe, 0xf7, 0xbf, 0xff, 0x9e, 0xf7,
    0x9d, 0xff, 0x7d, 0xff, 0x9d, 0xff, 0x9d, 0xff, 0x7c, 0xff, 0x1b, 0xf7,
    0x78, 0xe6, 0x16, 0xd6, 0x74, 0xc5, 0x53, 0xbd, 0x33, 0xbd, 0x12, 0xbd,
    0xd1, 0xb4, 0xaf, 0xac, 0x6e, 0xac, 0x4d, 0xa4, 0x4e, 0xac, 0xaf, 0xb4,
    0x10, 0xc5, 0x50, 0xcd, 0x30, 0xc5, 0x0f, 0xc5, 0x50, 0xcd, 0x70, 0xcd,
    0x30, 0xcd, 0x0f, 0xc5, 0xee, 0xbc, 0xce, 0xbc, 0x8d, 0xb4, 0x8c, 0xb4,
    0x6c, 0xb4, 0x8c, 0xb4, 0x6c, 0xb4, 0x4c, 0xac, 0x0b, 0xa4, 0x0b, 0xa4,
    0x0b, 0xa4, 0xcb, 0x9b, 0xcb, 0x9b, 0x2c, 0xa4, 0x6e, 0xac, 0x6e, 0xac,
    0x6e, 0xac, 0x4e, 0xa4, 0x6e, 0xac, 0xd0, 0xb4, 0x73, 0xc5, 0xd5, 0xd5,
    0x36, 0xd6, 0x56, 0xde, 0x98, 0xde, 0xd9, 0xee, 0x3b, 0xf7, 0x9c, 0xff,
    0xbd, 0xff, 0x9d, 0xff, 0xbd, 0xff, 0xbe, 0xff, 0x9e, 0xff, 0xbd, 0xff,
    0xbe, 0xff, 0xbe, 0xff, 0xbe, 0xff, 0xbe, 0xff, 0xbe, 0xff, 0xbe, 0xff,
    0xbe, 0xff, 0xbe, 0xff, 0xbe, 0xff, 0xbe, 0xff, 0xbe, 0xff, 0xbe, 0xff,
    0xbe, 0xff, 0xbe, 0xff, 0x9e, 0xff, 0xbe, 0xff, 0xbe, 0xff, 0x9e, 0xff,
    0xbe, 0xff, 0x9e, 0xff, 0xbe, 0xff, 0x9e, 0xff, 0xbe, 0xff, 0x9e, 0xff,
    0xbe, 0xff, 0xbe, 0xff, 0x9e, 0xff, 0xbe, 0xff, 0x9e, 0xff, 0xbe, 0xff,
    0x9e, 0xff, 0xbe, 0xff, 0xbe, 0xff, 0xbe, 0xff, 0x9e, 0xff, 0xbe, 0xff,
    0xbe, 0xff, 0x9d, 0xf7, 0x9e, 0xff, 0xbe, 0xff, 0x9d, 0xf7, 0x9e, 0xff,
    0x9d, 0xff, 0x9e, 0xf7, 0x9e, 0xf7, 0x9d, 0xff, 0xbe, 0xff, 0x9e, 0xf7,
    0xbe, 0xf7, 0xbe, 0xff, 0x9e, 0xff, 0xbe, 0xf7, 0x9e, 0xff, 0x9e, 0xff,
    0x9e, 0xf7, 0xbe, 0xff, 0x9d, 0xf7, 0x9e, 0xff, 0x9e, 0xff, 0xbe, 0xff,
    0x9d, 0xf7, 0x9e, 0xff, 0x9e, 0xf7, 0x9d, 0xf7, 0x9e, 0xff, 0x9e, 0xf7,
    0x9d, 0xf7, 0x9e, 0xff, 0x5d, 0xef, 0x5d, 0xef, 0x7d, 0xef, 0x5d, 0xf7,
    0x7d, 0xef, 0x7d, 0xef, 0x5d, 0xf7, 0x7e, 0xef, 0x5d, 0xef, 0x7d, 0xef,
    0x7d, 0xef, 0x7d, 0xef, 0x5d, 0xef, 0x7d, 0xef, 0x7e, 0xf7, 0x7d, 0xef,
    0x7d, 0xef, 0x7e, 0xef, 0x7e, 0xf7, 0x7e, 0xef, 0x7d, 0xef, 0x7d, 0xf7,
    0x7d, 0xef, 0x7d, 0xf7, 0x7d, 0xef, 0x7e, 0xf7, 0x9e, 0xef, 0x9e, 0xef,
    0x9d, 0xef, 0x9d, 0xf7, 0x9d, 0xf7, 0x9e, 0xef, 0x7e, 0xf7, 0x7e, 0xf7,
    0x7d, 0xef, 0x7e, 0xf7, 0x7e, 0xf7, 0x7d, 0xef, 0x7e, 0xf7, 0x7d, 0xf7,
    0x9e, 0xef, 0x7d, 0xf7, 0x7d, 0xf7, 0x9e, 0xef, 0x9e, 0xf7, 0x7e, 0xef,
    0x9e, 0xef, 0x7e, 0xf7, 0x9e, 0xf7, 0x9d, 0xf7, 0x9d, 0xef, 0x9d, 0xf7,
    0x9e, 0xf7, 0x9d, 0xf7, 0x9e, 0xf7, 0x9e, 0xf7, 0x9e, 0xf7, 0x9e, 0xf7,
    0x9e, 0xf7, 0x9e, 0xf7, 0xbe, 0xf7, 0xbe, 0xf7, 0xbe, 0xf7, 0xbe, 0xf7,
    0x9e, 0xf7, 0xbe, 0xf7, 0x9e, 0xf7, 0x9e, 0xf7, 0xbe, 0xf7, 0xff, 0xff,
    0xbf, 0xff, 0x5d, 0xef, 0x7c, 0xff, 0x7c, 0xff, 0x7c, 0xff, 0xfa, 0xf6,
    0x12, 0xbd, 0x90, 0xac, 0x2e, 0x9c, 0x2e, 0x9c, 0x32, 0xbd, 0x12, 0xbd,
    0xb0, 0xac, 0x0d, 0x9c, 0x0d, 0x9c, 0x4e, 0xa4, 0xaf, 0xb4, 0xae, 0xb4,
    0x8e, 0xb4, 0x6e, 0xac, 0x2c, 0xa4, 0x0c, 0xa4, 0x0b, 0xa4, 0x2c, 0xac,
    0x4d, 0xb4, 0x8d, 0xbc, 0xae, 0xbc, 0x8d, 0xb4, 0x8d, 0xb4, 0xae, 0xbc,
    0xad, 0xbc, 0x6c, 0xb4, 0x2b, 0xac, 0x0b, 0xa4, 0xad, 0xbc, 0xee, 0xbc,
    0x8d, 0xb4, 0xa9, 0x9b, 0x6c, 0xac, 0x2c, 0xac, 0xeb, 0x9b, 0x69, 0x8b,
    0x6a, 0x93, 0x6d, 0xac, 0x6e, 0xac, 0x8a, 0x8b, 0xed, 0x9b, 0x2d, 0xa4,
    0x4e, 0xa4, 0xb0, 0xac, 0x73, 0xc5, 0x32, 0xbd, 0x53, 0xbd, 0xd5, 0xcd,
    0xd9, 0xee, 0x5b, 0xf7, 0xbd, 0xff, 0xdd, 0xff, 0xbd, 0xff, 0xbd, 0xff,
    0xbd, 0xff, 0xbe, 0xff, 0xbe, 0xff, 0x9e, 0xff, 0xbe, 0xff, 0xbe, 0xff,
    0xbe, 0xff, 0xbe, 0xff, 0xbe, 0xff, 0xbe, 0xff, 0xbe, 0xff, 0xbe, 0xff,
    0x9e, 0xff, 0x9e, 0xff, 0xbe, 0xff, 0x9e, 0xff, 0xbe, 0xff, 0x9e, 0xff,
    0x9e, 0xff, 0xbe, 0xff, 0x9e, 0xff, 0xbe, 0xff, 0x9e, 0xff, 0xbe, 0xff,
    0x9e, 0xff, 0xbe, 0xff, 0x9e, 0xff, 0x9e, 0xff, 0xbe, 0xff, 0x9e, 0xff,
    0xbe, 0xff, 0x9e, 0xff, 0xbe, 0xff, 0x9e, 0xff, 0x9e, 0xff, 0xbd, 0xf7,
    0xbe, 0xff, 0x9e, 0xf7, 0x9d, 0xf7, 0x9e, 0xff, 0x9e, 0xff, 0x9e, 0xf7,
    0x9d, 0xff, 0xbe, 0xf7, 0x9e, 0xff, 0xbd, 0xff, 0x9d, 0xf7, 0x9e, 0xf7,
    0x9d, 0xff, 0x9d, 0xf7, 0x9e, 0xf7, 0x9d, 0xf7, 0x9d, 0xf7, 0x9d, 0xf7,
    0x9d, 0xff, 0x9d, 0xf7, 0x9e, 0xf7, 0x9d, 0xff, 0x9d, 0xf7, 0x9e, 0xf7,
    0x9d, 0xf7, 0x9d, 0xf7, 0x9d, 0xf7, 0x9e, 0xff, 0x9d, 0xf7, 0x9d, 0xf7,
    0x7e, 0xff, 0x9d, 0xf7, 0x9d, 0xff, 0x7e, 0xf7, 0x5d, 0xef, 0x7d, 0xef,
    0x5e, 0xef, 0x5d, 0xef, 0x7d, 0xef, 0x5d, 0xf7, 0x5d, 0xef, 0x7d, 0xef,
    0x5e, 0xef, 0x5d, 0xef, 0x7e, 0xef, 0x5e, 0xef, 0x5d, 0xef, 0x7d, 0xef,
    0x7e, 0xf7, 0x7d, 0xef, 0x7e, 0xef, 0x7d, 0xef, 0x9e, 0xf7, 0x7e, 0xef,
    0x7d, 0xf7, 0x7e, 0xef, 0x7e, 0xf7, 0x7e, 0xef, 0x7d, 0xf7, 0x7d, 0xf7,
    0x7e, 0xef, 0x7e, 0xf7, 0x9d, 0xf7, 0x9e, 0xef, 0x9d, 0xef, 0x9d, 0xf7,
    0x7e, 0xf7, 0x9e, 0xf7, 0x9d, 0xf7, 0x9e, 0xf7, 0x9e, 0xf7, 0x9e, 0xef,
    0x9e, 0xf7, 0x7e, 0xf7, 0x9e, 0xf7, 0x7e, 0xf7, 0x7e, 0xf7, 0x9d, 0xf7,
    0x7e, 0xf7, 0x9e, 0xf7, 0x7d, 0xf7, 0x9e, 0xef, 0x9e, 0xf7, 0x9d, 0xf7,
    0x7e, 0xf7, 0x9e, 0xf7, 0x7d, 0xf7, 0x7e, 0xef, 0x9d, 0xf7, 0x9d, 0xf7,
    0x9e, 0xf7, 0x9e, 0xf7, 0x9e, 0xf7, 0x9e, 0xf7, 0x9e, 0xf7, 0x9e, 0xf7,
    0xbe, 0xf7, 0x9e, 0xf7, 0xbe, 0xf7, 0x9e, 0xf7, 0x9e, 0xf7, 0x9e, 0xf7,
    0x9e, 0xf7, 0x5d, 0xef, 0x7d, 0xef, 0xde, 0xff, 0xbd, 0xff, 0x98, 0xee,
    0x53, 0xbd, 0x6f, 0xa4, 0x2e, 0x9c, 0x2e, 0xa4, 0x4e, 0xa4, 0x6e, 0xa4,
    0x6f, 0xa4, 0x6f, 0xac, 0x8f, 0xb4, 0xaf, 0xb4, 0xaf, 0xb4, 0x8e, 0xac,
    0x4d, 0xac, 0x0c, 0xa4, 0x0c, 0xa4, 0xeb, 0x9b, 0xaa, 0x9b, 0x6a, 0x93,
    0x49, 0x8b, 0x08, 0x83, 0xc7, 0x82, 0xc6, 0x7a, 0xaa, 0x9b, 0x0b, 0xa4,
    0x6d, 0xb4, 0x8d, 0xbc, 0x4c, 0xac, 0x4c, 0xac, 0x0c, 0xa4, 0x0b, 0xa4,
    0x69, 0x93, 0x0b, 0xa4, 0x6d, 0xb4, 0x8d, 0xb4, 0xca, 0x9b, 0xaa, 0x9b,
    0x8a, 0x93, 0xaa, 0x93, 0x29, 0x83, 0x49, 0x8b, 0xab, 0x93, 0x2d, 0xac,
    0xab, 0x93, 0xcc, 0x93, 0xed, 0x9b, 0x2d, 0x9c, 0xf0, 0xb4, 0xd0, 0xb4,
    0xb0, 0xac, 0xd1, 0xb4, 0xb5, 0xc5, 0x99, 0xe6, 0x3b, 0xf7, 0x7c, 0xff,
    0xbd, 0xff, 0xbe, 0xff, 0xbd, 0xff, 0xbe, 0xff, 0xbe, 0xff, 0xbe, 0xff,
    0xbe, 0xff, 0xbe, 0xff, 0xbe, 0xff, 0xbe, 0xff, 0xbe, 0xff, 0xbe, 0xff,
    0xbe, 0xff, 0xbe, 0xff, 0x9e, 0xff, 0xbe, 0xff, 0xbe, 0xff, 0x9e, 0xff,
    0xbe, 0xff, 0xbe, 0xff, 0x9d, 0xf7, 0xbe, 0xff, 0xbe, 0xff, 0x9d, 0xf7,
    0xbe, 0xff, 0x9e, 0xff, 0xbd, 0xf7, 0xbe, 0xff, 0x9e, 0xff, 0xbd, 0xf7,
    0x9e, 0xff, 0xbe, 0xff, 0x9d, 0xf7, 0xbe, 0xff, 0xbe, 0xff, 0x9e, 0xff,
    0x9e, 0xff, 0x9e, 0xff, 0xbe, 0xff, 0x9d, 0xff, 0x9e, 0xf7, 0x9e, 0xff,
    0xbe, 0xf7, 0x9d, 0xff, 0x9e, 0xff, 0x9e, 0xf7, 0x9e, 0xff, 0x9e, 0xff,
    0x9e, 0xf7, 0x9e, 0xff, 0x9e, 0xff, 0x9d, 0xff, 0x9e, 0xff, 0x9e, 0xff,
    0x9e, 0xff, 0x9e, 0xf7, 0x9e, 0xff, 0x9e, 0xf7, 0x9d, 0xff, 0x9e, 0xff,
    0x9e, 0xf7, 0x9e, 0xff, 0x9d, 0xf7, 0x9e, 0xf7, 0x9e, 0xff, 0x9d, 0xf7,
    0x9e, 0xff, 0x7e, 0xf7, 0x9d, 0xf7, 0x9e, 0xff, 0x9e, 0xf7, 0x9d, 0xf7,
    0x7d, 0xef, 0x7d, 0xf7, 0x5e, 0xef, 0x7d, 0xef, 0x7e, 0xf7, 0x5e, 0xef,
    0x7d, 0xef, 0x7d, 0xf7, 0x5e, 0xef, 0x7e, 0xef, 0x7d, 0xef, 0x5e, 0xef,
    0x7d, 0xef, 0x5d, 0xef, 0x5d, 0xef, 0x5d, 0xef, 0x7e, 0xef, 0x7e, 0xf7,
    0x7d, 0xef, 0x7e, 0xef, 0x7d, 0xef, 0x7d, 0xf7, 0x7e, 0xef, 0x7e, 0xef,
    0x7d, 0xf7, 0x7e, 0xef, 0x7e, 0xf7, 0x9e, 0xef, 0x9d, 0xf7, 0x7e, 0xef,
    0x9e, 0xef, 0x9d, 0xf7, 0x7e, 0xf7, 0x9e, 0xef, 0x7e, 0xf7, 0x7e, 0xf7,
    0x9d, 0xef, 0x7e, 0xf7, 0x9d, 0xf7, 0x9e, 0xef, 0x7e, 0xf7, 0x9e, 0xef,
    0x9e, 0xef, 0x7e, 0xf7, 0x7d, 0xf7, 0x9e, 0xf7, 0x7e, 0xf7, 0x7d, 0xf7,
    0x9e, 0xf7, 0x9e, 0xf7, 0x9e, 0xf7, 0x9e, 0xf7, 0x9d, 0xf7, 0x9e, 0xf7,
    0x7e, 0xf7, 0x9d, 0xf7, 0x9e, 0xf7, 0x9e, 0xf7, 0x9e, 0xf7, 0x9e, 0xf7,
    0x9e, 0xf7, 0x9e, 0xf7, 0x9e, 0xf7, 0x9e, 0xf7, 0x9e, 0xf7, 0x9e, 0xff,
    0x9e, 0xff, 0xbe, 0xf7, 0xbe, 0xff, 0x3c, 0xef, 0x1b, 0xef, 0x5c, 0xf7,
    0x99, 0xe6, 0xb5, 0xcd, 0x90, 0xa4, 0xed, 0x93, 0x4f, 0xa4, 0x4e, 0xa4,
    0x4e, 0xa4, 0x2d, 0xa4, 0x2d, 0xa4, 0x2d, 0xa4, 0x0d, 0x9c, 0x6e, 0xac,
    0x8f, 0xb4, 0x6e, 0xac, 0x2d, 0xa4, 0x2c, 0xa4, 0x2d, 0xa4, 0x2d, 0xa4,
    0xec, 0xa3, 0xeb, 0xa3, 0xeb, 0xa3, 0xcb, 0xa3, 0xaa, 0x9b, 0xaa, 0x9b,
    0xcb, 0x9b, 0x0b, 0xa4, 0x2c, 0xac, 0x6d, 0xb4, 0x0f, 0xc5, 0x8e, 0xbc,
    0xeb, 0xa3, 0x69, 0x93, 0x49, 0x8b, 0x69, 0x93, 0xcb, 0x9b, 0x4d, 0xac,
    0xcb, 0x9b, 0x8a, 0x93, 0x69, 0x8b, 0x49, 0x8b, 0xe8, 0x7a, 0xa7, 0x72,
    0x28, 0x83, 0x0c, 0x9c, 0xcc, 0x93, 0x6b, 0x8b, 0xab, 0x93, 0xcc, 0x93,
    0x2d, 0xa4, 0x6f, 0xa4, 0x4f, 0xa4, 0x4f, 0xa4, 0xb1, 0xac, 0x94, 0xbd,
    0x78, 0xde, 0xfa, 0xee, 0x7c, 0xff, 0xbd, 0xff, 0xbe, 0xff, 0xbd, 0xff,
    0x9e, 0xff, 0xbd, 0xff, 0xbe, 0xff, 0xbe, 0xff, 0xbe, 0xff, 0xbe, 0xff,
    0xbe, 0xff, 0xbe, 0xff, 0xbe, 0xff, 0xbe, 0xff, 0xbe, 0xff, 0x9e, 0xff,
    0x9e, 0xff, 0xbe, 0xff, 0x9d, 0xf7, 0x9e, 0xf7, 0x9e, 0xff, 0x9d, 0xf7,
    0x9e, 0xf7, 0x9e, 0xff, 0x9d, 0xf7, 0x9e, 0xf7, 0x9e, 0xff, 0x9d, 0xf7,
    0x9e, 0xf7, 0x9e, 0xff, 0x9d, 0xf7, 0x9e, 0xf7, 0x9e, 0xff, 0x9d, 0xf7,
    0x9d, 0xf7, 0x9e, 0xf7, 0x9d, 0xf7, 0x9e, 0xff, 0x9e, 0xf7, 0x9e, 0xff,
    0x9e, 0xff, 0xbe, 0xf7, 0x9d, 0xff, 0x9e, 0xff, 0xbe, 0xf7, 0x9e, 0xff,
    0x9d, 0xf7, 0xbe, 0xff, 0x9d, 0xf7, 0x9e, 0xf7, 0x9e, 0xf7, 0x9d, 0xf7,
    0x9e, 0xff, 0x9e, 0xf7, 0x9d, 0xf7, 0x9e, 0xff, 0x9e, 0xf7, 0x9d, 0xff,
    0x9e, 0xf7, 0x9e, 0xf7, 0x9d, 0xff, 0x9e, 0xff, 0x9d, 0xf7, 0x9e, 0xff,
    0x7d, 0xf7, 0x9d, 0xf7, 0x7d, 0xf7, 0x7d, 0xf7, 0x7d, 0xf7, 0x7d, 0xf7,
    0x7d, 0xf7, 0x7d, 0xf7, 0x5d, 0xef, 0x5d, 0xef, 0x7d, 0xf7, 0x5d, 0xef,
    0x5d, 0xef, 0x7d, 0xef, 0x5d, 0xef, 0x5d, 0xef, 0x7e, 0xef, 0x7d, 0xef,
    0x7d, 0xef, 0x5e, 0xef, 0x7d, 0xf7, 0x7d, 0xef, 0x5d, 0xef, 0x7d, 0xf7,
    0x7e, 0xef, 0x7e, 0xef, 0x7d, 0xef, 0x7e, 0xf7, 0x7d, 0xef, 0x7d, 0xef,
    0x7d, 0xf7, 0x7d, 0xf7, 0x7e, 0xef, 0x7d, 0xef, 0x9e, 0xf7, 0x7e, 0xef,
    0x9d, 0xf7, 0x9d, 0xf7, 0x9e, 0xef, 0x9d, 0xef, 0x7e, 0xf7, 0x7e, 0xf7,
    0x9e, 0xef, 0x7d, 0xf7, 0x7e, 0xf7, 0x7e, 0xf7, 0x7e, 0xf7, 0x9d, 0xf7,
    0x7d, 0xf7, 0x9e, 0xf7, 0x9e, 0xf7, 0x7d, 0xef, 0x9e, 0xf7, 0x9e, 0xef,
    0x7e, 0xf7, 0x7e, 0xf7, 0x9d, 0xf7, 0x9d, 0xef, 0x7e, 0xf7, 0x9d, 0xf7,
    0x9e, 0xf7, 0x9e, 0xf7, 0x9e, 0xf7, 0x9e, 0xf7, 0x9e, 0xf7, 0x9e, 0xf7,
    0x9e, 0xf7, 0x9e, 0xf7, 0x9e, 0xf7, 0xbe, 0xff, 0x9e, 0xf7, 0x9e, 0xf7,
    0xbe, 0xff, 0x9e, 0xff, 0x9e, 0xf7, 0x9e, 0xff, 0xbe, 0xff, 0xbe, 0xff,
    0xfb, 0xee, 0x17, 0xd6, 0x2f, 0x9c, 0x0f, 0x9c, 0x2e, 0x9c, 0x2e, 0x9c,
    0x2e, 0xa4, 0x0d, 0x9c, 0xcc, 0x93, 0x8b, 0x93, 0xab, 0x93, 0xec, 0x9b,
    0x4d, 0xa4, 0x4d, 0xa4, 0x2c, 0xa4, 0x2d, 0xa4, 0x6d, 0xac, 0x8e, 0xb4,
    0xcb, 0x9b, 0xaa, 0x9b, 0x6a, 0x93, 0x49, 0x8b, 0x28, 0x8b, 0x28, 0x8b,
    0x69, 0x93, 0x8a, 0x93, 0x0c, 0xac, 0x2d, 0xac, 0x6d, 0xb4, 0x6e, 0xb4,
    0x4d, 0xac, 0x2c, 0xac, 0x6d, 0xb4, 0x6d, 0xb4, 0x2c, 0xac, 0x49, 0x93,
    0xe7, 0x82, 0x28, 0x8b, 0x49, 0x8b, 0x49, 0x8b, 0x29, 0x8b, 0xc7, 0x7a,
    0xc7, 0x7a, 0x86, 0x72, 0xa7, 0x72, 0xc7, 0x72, 0x8a, 0x8b, 0x8b, 0x93,
    0x4a, 0x8b, 0x6a, 0x8b, 0x29, 0x83, 0xed, 0x9b, 0x6f, 0xac, 0x6f, 0xa4,
    0x0e, 0x94, 0x90, 0xa4, 0x74, 0xbd, 0x57, 0xd6, 0xfa, 0xee, 0x7c, 0xf7,
    0xbd, 0xff, 0xbe, 0xff, 0xbd, 0xff, 0x9e, 0xff, 0x9e, 0xff, 0x9e, 0xff,
    0x9e, 0xff, 0xbe, 0xff, 0x9e, 0xff, 0x9e, 0xff, 0xbe, 0xff, 0xbe, 0xff,
    0xbe, 0xff, 0x9e, 0xff, 0xbe, 0xff, 0x9e, 0xff, 0x9d, 0xf7, 0x9e, 0xff,
    0x9e, 0xff, 0x9e, 0xff, 0x9e, 0xff, 0x9e, 0xff, 0x9e, 0xff, 0x9e, 0xff,
    0x9e, 0xff, 0x9e, 0xff, 0x9e, 0xff, 0xbe, 0xff, 0x9e, 0xff, 0x9e, 0xff,
    0x9e, 0xff, 0x9e, 0xff, 0x9e, 0xff, 0xbe, 0xff, 0xbd, 0xf7, 0x9e, 0xff,
    0x9e, 0xff, 0xbd, 0xf7, 0x9e, 0xff, 0x9e, 0xff, 0x9e, 0xf7, 0x9e, 0xff,
    0xbe, 0xff, 0x9d, 0xf7, 0x9e, 0xff, 0xbe, 0xff, 0x9d, 0xff, 0x9d, 0xf7,
    0x9e, 0xff, 0x9e, 0xf7, 0x9d, 0xf7, 0x9d, 0xff, 0x9e, 0xff, 0x9d, 0xf7,
    0x9d, 0xff, 0x9e, 0xff, 0x9e, 0xf7, 0x9d, 0xf7, 0x9e, 0xff, 0x9e, 0xf7,
    0x9d, 0xf7, 0x9d, 0xff, 0x9e, 0xf7, 0x9e, 0xff, 0x7d, 0xf7, 0x9e, 0xff,
    0x9e, 0xf7, 0x7d, 0xff, 0x9e, 0xf7, 0x7d, 0xf7, 0x5d, 0xef, 0x7e, 0xef,
    0x7d, 0xef, 0x5d, 0xf7, 0x7d, 0xef, 0x7e, 0xef, 0x5d, 0xf7, 0x5d, 0xef,
    0x7e, 0xef, 0x5e, 0xef, 0x5d, 0xef, 0x7e, 0xef, 0x5d, 0xef, 0x7d, 0xef,
    0x7e, 0xf7, 0x5d, 0xef, 0x7d, 0xf7, 0x7d, 0xef, 0x7d, 0xf7, 0x7d, 0xef,
    0x5e, 0xf7, 0x7d, 0xf7, 0x7d, 0xef, 0x7d, 0xf7, 0x7d, 0xf7, 0x7d, 0xef,
    0x9d, 0xf7, 0x7e, 0xf7, 0x7e, 0xf7, 0x7e, 0xf7, 0x7e, 0xf7, 0x7e, 0xf7,
    0x9e, 0xf7, 0x9d, 0xf7, 0x9e, 0xf7, 0x9e, 0xef, 0x9e, 0xf7, 0x9e, 0xf7,
    0x7e, 0xef, 0x7e, 0xf7, 0x9e, 0xf7, 0x7d, 0xf7, 0x7e, 0xf7, 0x9e, 0xf7,
    0x7e, 0xf7, 0x9d, 0xef, 0x9e, 0xf7, 0x7e, 0xef, 0x9d, 0xf7, 0x9e, 0xf7,
    0x7e, 0xf7, 0x9d, 0xf7, 0x7e, 0xef, 0x7d, 0xf7, 0x9d, 0xf7, 0x9e, 0xf7,
    0x9d, 0xf7, 0x9d, 0xf7, 0x9d, 0xf7, 0x9d, 0xf7, 0x9d, 0xf7, 0x9d, 0xff,
    0x9d, 0xff, 0x9d, 0xff, 0xbd, 0xff, 0xbe, 0xff, 0xde, 0xff, 0xff, 0xff,
    0x7d, 0xff, 0xb9, 0xe6, 0x74, 0xbd, 0x0f, 0x94, 0xce, 0x93, 0xcd, 0x93,
    0xcc, 0x93, 0xac, 0x93, 0x8b, 0x8b, 0x6b, 0x8b, 0x6a, 0x8b, 0x4a, 0x83,
    0x4a, 0x83, 0x8b, 0x8b, 0xcb, 0x93, 0xcc, 0x9b, 0xec, 0xa3, 0x2c, 0xa4,
    0x6d, 0xac, 0xae, 0xb4, 0xcf, 0xbc, 0xcf, 0xbc, 0x8e, 0xb4, 0x4d, 0xac,
    0x6a, 0x93, 0x08, 0x83, 0x66, 0x72, 0x45, 0x72, 0xe8, 0x82, 0x08, 0x83,
    0x28, 0x8b, 0x28, 0x8b, 0xae, 0xbc, 0x8d, 0xb4, 0x4d, 0xb4, 0x2c, 0xac,
    0x2c, 0xa4, 0xeb, 0xa3, 0x69, 0x93, 0xc6, 0x7a, 0x45, 0x6a, 0xc7, 0x7a,
    0xe8, 0x7a, 0x86, 0x72, 0xa7, 0x7a, 0xa7, 0x72, 0xa7, 0x72, 0xc7, 0x7a,
    0xe8, 0x7a, 0xc8, 0x7a, 0xc8, 0x72, 0xa7, 0x72, 0xa8, 0x72, 0x2a, 0x83,
    0xec, 0x93, 0x6f, 0xa4, 0xed, 0x93, 0xcd, 0x8b, 0x4f, 0x9c, 0xf2, 0xac,
    0xf6, 0xcd, 0x1b, 0xef, 0xde, 0xff, 0xde, 0xff, 0x9d, 0xff, 0x9d, 0xff,
    0x9e, 0xf7, 0x9e, 0xff, 0x9d, 0xf7, 0x9e, 0xff, 0xbe, 0xff, 0xbe, 0xff,
    0x9e, 0xff, 0x9e, 0xff, 0xbe, 0xff, 0xbe, 0xf7, 0x9d, 0xf7, 0x9e, 0xff,
    0x9e, 0xff, 0xbe, 0xf7, 0x9d, 0xff, 0xbe, 0xf7, 0xbd, 0xf7, 0x9e, 0xff,
    0xbd, 0xf7, 0xbe, 0xf7, 0x9d, 0xff, 0xbe, 0xf7, 0x9d, 0xf7, 0x9d, 0xff,
    0xbe, 0xf7, 0x9d, 0xf7, 0xbe, 0xff, 0x9e, 0xf7, 0x9e, 0xff, 0x9e, 0xff,
    0x9e, 0xf7, 0x9e, 0xff, 0xbd, 0xff, 0x9e, 0xf7, 0x9d, 0xff, 0xbe, 0xff,
    0x9d, 0xf7, 0x9e, 0xff, 0x9e, 0xff, 0x9e, 0xf7, 0x9e, 0xff, 0x9e, 0xff,
    0x9e, 0xf7, 0x9e, 0xff, 0x9d, 0xff, 0x9e, 0xff, 0x9e, 0xf7, 0x9e, 0xff,
    0x9e, 0xf7, 0x9e, 0xf7, 0x9d, 0xff, 0x9e, 0xf7, 0x9e, 0xff, 0x9d, 0xff,
    0x9e, 0xf7, 0x9e, 0xff, 0x9d, 0xf7, 0x7e, 0xf7, 0x9e, 0xff, 0x9d, 0xf7,
    0x7d, 0xf7, 0x9e, 0xf7, 0x9d, 0xff, 0x7d, 0xf7, 0x9e, 0xf7, 0x9d, 0xff,
    0x5d, 0xef, 0x7d, 0xef, 0x5e, 0xef, 0x5d, 0xef, 0x7d, 0xf7, 0x7e, 0xef,
    0x5d, 0xef, 0x7d, 0xf7, 0x7e, 0xef, 0x5d, 0xef, 0x5e, 0xef, 0x7e, 0xef,
    0x5d, 0xef, 0x5d, 0xef, 0x7d, 0xef, 0x5e, 0xef, 0x7d, 0xf7, 0x7e, 0xef,
    0x7e, 0xef, 0x7d, 0xf7, 0x7d, 0xf7, 0x7d, 0xf7, 0x7e, 0xef, 0x7d, 0xef,
    0x7d, 0xf7, 0x7d, 0xef, 0x9e, 0xf7, 0x9d, 0xf7, 0x7e, 0xef, 0x9e, 0xf7,
    0x9e, 0xf7, 0x7e, 0xf7, 0x7d, 0xef, 0x9e, 0xf7, 0x7e, 0xf7, 0x7d, 0xf7,
    0x9e, 0xef, 0x9d, 0xf7, 0x7e, 0xf7, 0x9e, 0xef, 0x9e, 0xef, 0x7e, 0xf7,
    0x9d, 0xef, 0x7e, 0xf7, 0x7e, 0xf7, 0x9e, 0xf7, 0x7e, 0xf7, 0x9e, 0xf7,
    0x9d, 0xf7, 0x9e, 0xf7, 0x9e, 0xf7, 0x9d, 0xf7, 0x9e, 0xf7, 0x9e, 0xf7,
    0x7d, 0xef, 0x9e, 0xf7, 0x9e, 0xf7, 0x9e, 0xf7, 0x9e, 0xf7, 0x9e, 0xf7,
    0x9e, 0xf7, 0x9d, 0xff, 0x9d, 0xff, 0x9d, 0xff, 0x9d, 0xff, 0x7d, 0xff,
    0x9c, 0xff, 0x5b, 0xff, 0x98, 0xe6, 0x53, 0xbd, 0xee, 0x93, 0x4b, 0x7b,
    0xc9, 0x72, 0xe9, 0x7a, 0xe9, 0x7a, 0xc8, 0x7a, 0xe8, 0x7a, 0x29, 0x83,
    0x4a, 0x8b, 0x29, 0x83, 0x29, 0x83, 0x4a, 0x8b, 0x8a, 0x8b, 0x8a, 0x93,
    0x8a, 0x8b, 0x8a, 0x93, 0xab, 0x93, 0xeb, 0x9b, 0x0c, 0xa4, 0x0c, 0xa4,
    0xcb, 0x9b, 0xaa, 0x9b, 0x0c, 0xa4, 0xcb, 0x9b, 0x8a, 0x93, 0x08, 0x83,
    0x0b, 0xa4, 0x4d, 0xb4, 0xcf, 0xc4, 0x30, 0xcd, 0x6d, 0xb4, 0x4c, 0xac,
    0x0b, 0xa4, 0xeb, 0xa3, 0xcb, 0x9b, 0xca, 0x9b, 0xcb, 0x9b, 0xaa, 0x93,
    0xa6, 0x7a, 0x45, 0x6a, 0x46, 0x6a, 0x08, 0x83, 0xa7, 0x72, 0x04, 0x62,
    0x04, 0x62, 0xa7, 0x72, 0xa7, 0x72, 0x67, 0x72, 0x66, 0x6a, 0x66, 0x6a,
    0xe8, 0x72, 0x09, 0x7b, 0x2a, 0x83, 0x8c, 0x8b, 0xac, 0x8b, 0xac, 0x83,
    0x0e, 0x94, 0xb1, 0xac, 0x12, 0xad, 0x58, 0xde, 0x5c, 0xff, 0x9d, 0xff,
    0x9d, 0xff, 0x9d, 0xff, 0x9e, 0xf7, 0x9d, 0xf7, 0x9e, 0xff, 0x9d, 0xf7,
    0x9e, 0xf7, 0x9e, 0xf7, 0xbe, 0xff, 0x9e, 0xff, 0x9e, 0xff, 0xbe, 0xff,
    0x9d, 0xf7, 0x9e, 0xff, 0xbe, 0xff, 0x9d, 0xf7, 0x9e, 0xff, 0x9e, 0xff,
    0x9e, 0xf7, 0x9d, 0xff, 0x9e, 0xff, 0x9e, 0xf7, 0x9e, 0xff, 0x9e, 0xff,
    0x9e, 0xf7, 0x9e, 0xff, 0x9e, 0xff, 0xbe, 0xf7, 0x9d, 0xff, 0xbd, 0xf7,
    0x9e, 0xf7, 0x9d, 0xff, 0x9e, 0xff, 0xbe, 0xf7, 0x9e, 0xff, 0x9e, 0xf7,
    0x9e, 0xff, 0x9e, 0xf7, 0xbd, 0xff, 0x9e, 0xf7, 0xbe, 0xff, 0x9d, 0xf7,
    0x9e, 0xff, 0xbe, 0xf7, 0x9d, 0xf7, 0x9e, 0xf7, 0x9e, 0xff, 0x9d, 0xf7,
    0x9d, 0xff, 0x9e, 0xf7, 0x9d, 0xff, 0x9e, 0xff, 0x9e, 0xf7, 0x9d, 0xf7,
    0x9e, 0xff, 0x9d, 0xf7, 0x9e, 0xff, 0x9e, 0xff, 0x9d, 0xf7, 0x9d, 0xf7,
    0x9e, 0xff, 0x9d, 0xf7, 0x7d, 0xf7, 0x7e, 0xf7, 0x7d, 0xf7, 0x9d, 0xf7,
    0x7e, 0xf7, 0x7d, 0xf7, 0x7d, 0xef, 0x5d, 0xf7, 0x7d, 0xef, 0x5e, 0xef,
    0x5d, 0xef, 0x7d, 0xef, 0x5d, 0xef, 0x5d, 0xef, 0x7e, 0xef, 0x7d, 0xef,
    0x5d, 0xef, 0x7e, 0xef, 0x7d, 0xf7, 0x5d, 0xef, 0x5d, 0xef, 0x7d, 0xef,
    0x7e, 0xf7, 0x5d, 0xef, 0x7d, 0xef, 0x5e, 0xef, 0x7d, 0xf7, 0x7d, 0xf7,
    0x7d, 0xef, 0x7e, 0xf7, 0x7d, 0xef, 0x7d, 0xf7, 0x9e, 0xf7, 0x7d, 0xf7,
    0x9e, 0xf7, 0x9e, 0xef, 0x7d, 0xf7, 0x9e, 0xf7, 0x7e, 0xef, 0x7e, 0xf7,
    0x9e, 0xf7, 0x7e, 0xf7, 0x7d, 0xf7, 0x7e, 0xf7, 0x9d, 0xf7, 0x7e, 0xf7,
    0x7e, 0xf7, 0x9d, 0xf7, 0x9e, 0xef, 0x7e, 0xf7, 0x9d, 0xf7, 0x7e, 0xef,
    0x7e, 0xf7, 0x7d, 0xf7, 0x9e, 0xf7, 0x9e, 0xef, 0x7d, 0xf7, 0x9e, 0xf7,
    0x9e, 0xf7, 0x9d, 0xf7, 0x9e, 0xf7, 0x7e, 0xf7, 0x9e, 0xf7, 0x9e, 0xf7,
    0x9e, 0xf7, 0x9e, 0xf7, 0x9e, 0xf7, 0xbe, 0xf7, 0x9d, 0xf7, 0x9d, 0xff,
    0x7c, 0xff, 0x5b, 0xff, 0xd9, 0xee, 0xf5, 0xd5, 0xf2, 0xb4, 0xad, 0x8b,
    0xea, 0x7a, 0xc9, 0x72, 0x67, 0x6a, 0x67, 0x6a, 0x66, 0x62, 0x66, 0x6a,
    0x29, 0x83, 0xe9, 0x7a, 0xa7, 0x72, 0x87, 0x6a, 0xc7, 0x72, 0x08, 0x7b,
    0x29, 0x83, 0x6a, 0x8b, 0x8a, 0x8b, 0x8a, 0x8b, 0x69, 0x8b, 0x69, 0x8b,
    0x6a, 0x93, 0x6a, 0x8b, 0x29, 0x8b, 0x08, 0x83, 0xe7, 0x82, 0x08, 0x8b,
    0x29, 0x8b, 0xe8, 0x82, 0xe7, 0x82, 0x08, 0x83, 0xe7, 0x82, 0xe7, 0x82,
    0x8a, 0x93, 0x69, 0x93, 0x28, 0x8b, 0x08, 0x8b, 0x28, 0x8b, 0x48, 0x93,
    0x69, 0x93, 0x6a, 0x93, 0xec, 0xa3, 0xe8, 0x82, 0x25, 0x6a, 0x04, 0x62,
    0x45, 0x6a, 0x25, 0x62, 0x25, 0x62, 0x45, 0x6a, 0x25, 0x62, 0x05, 0x62,
    0x25, 0x62, 0x25, 0x62, 0x66, 0x6a, 0xc8, 0x72, 0xe9, 0x72, 0x09, 0x7b,
    0x4a, 0x7b, 0x4a, 0x7b, 0xab, 0x83, 0x4f, 0x9c, 0x70, 0xa4, 0x75, 0xbd,
    0x99, 0xde, 0x3b, 0xf7, 0x7d, 0xf7, 0x9e, 0xff, 0x9e, 0xff, 0x9e, 0xf7,
    0x9d, 0xff, 0xbe, 0xff, 0x9e, 0xff, 0x9d, 0xff, 0xbe, 0xff, 0xbe, 0xff,
    0x9e, 0xff, 0xbe, 0xff, 0x9e, 0xff, 0x9e, 0xf7, 0x9e, 0xff, 0x9e, 0xf7,
    0x9e, 0xff, 0x9e, 0xff, 0xbe, 0xf7, 0x9e, 0xff, 0x9e, 0xff, 0xbd, 0xff,
    0x9e, 0xf7, 0x9e, 0xff, 0xbd, 0xff, 0x9e, 0xf7, 0x9e, 0xff, 0x9e, 0xff,
    0x9e, 0xff, 0x9e, 0xff, 0xbe, 0xf7, 0x9d, 0xff, 0x9e, 0xff, 0xbe, 0xf7,
    0x9d, 0xff, 0x9e, 0xff, 0xbe, 0xf7, 0x9e, 0xff, 0x9e, 0xff, 0x9d, 0xf7,
    0xbe, 0xff, 0x9e, 0xff, 0x9d, 0xf7, 0x9e, 0xff, 0x9d, 0xff, 0x9d, 0xf7,
    0x9e, 0xf7, 0x9e, 0xff, 0x9d, 0xf7, 0x9e, 0xff, 0x9d, 0xf7, 0x9e, 0xff,
    0x9e, 0xf7, 0x9d, 0xff, 0x9e, 0xf7, 0x9e, 0xf7, 0x9d, 0xff, 0x9e, 0xf7,
    0x9d, 0xf7, 0x9e, 0xff, 0x7e, 0xf7, 0x9d, 0xff, 0x7e, 0xf7, 0x9d, 0xff,
    0x9d, 0xf7, 0x7e, 0xff, 0x9d, 0xf7, 0x7d, 0xf7, 0x5d, 0xef, 0x7d, 0xef,
    0x7d, 0xf7, 0x5d, 0xef, 0x7e, 0xf7, 0x7d, 0xef, 0x5d, 0xf7, 0x5d, 0xef,
    0x7e, 0xef, 0x5e, 0xef, 0x5d, 0xef, 0x7e, 0xef, 0x7d, 0xef, 0x5d, 0xf7,
    0x7e, 0xef, 0x5d, 0xef, 0x7d, 0xf7, 0x7d, 0xf7, 0x7e, 0xef, 0x7d, 0xef,
    0x5d, 0xf7, 0x7d, 0xef, 0x7d, 0xf7, 0x7d, 0xef, 0x9e, 0xf7, 0x7d, 0xef,
    0x7d, 0xef, 0x7d, 0xef, 0x7d, 0xef, 0x7d, 0xef, 0x7d, 0xef, 0x7d, 0xf7,
    0x9e, 0xf7, 0x9d, 0xef, 0x7e, 0xf7, 0x9e, 0xef, 0x9e, 0xf7, 0x7e, 0xef,
    0x9e, 0xf7, 0x9d, 0xf7, 0x7e, 0xf7, 0x7e, 0xf7, 0x9e, 0xf7, 0x9e, 0xf7,
    0x7d, 0xef, 0x9e, 0xf7, 0x9e, 0xef, 0x7d, 0xf7, 0x9e, 0xf7, 0x9e, 0xf7,
    0x9d, 0xf7, 0x7e, 0xf7, 0x9e, 0xef, 0x9d, 0xf7, 0x9e, 0xf7, 0x9e, 0xf7,
    0x9e, 0xef, 0x9e, 0xef, 0x9e, 0xf7, 0x9d, 0xf7, 0x9e, 0xf7, 0x9e, 0xff,
    0x9d, 0xff, 0x9d, 0xff, 0x5c, 0xff, 0xd9, 0xf6, 0xb5, 0xcd, 0xd1, 0xb4,
    0x8c, 0x8b, 0xc9, 0x72, 0xa8, 0x72, 0x87, 0x6a, 0x26, 0x62, 0x25, 0x5a,
    0x05, 0x5a, 0x25, 0x62, 0xe5, 0x59, 0x25, 0x62, 0x66, 0x6a, 0xe8, 0x7a,
    0xe8, 0x7a, 0x08, 0x83, 0x49, 0x83, 0x6a, 0x8b, 0x0c, 0xa4, 0xec, 0x9b,
    0xaa, 0x93, 0x6a, 0x8b, 0x49, 0x8b, 0x49, 0x8b, 0x08, 0x83, 0xc8, 0x7a,
    0xc7, 0x82, 0xc7, 0x82, 0xe7, 0x82, 0xe8, 0x82, 0xe7, 0x82, 0xe8, 0x82,
    0x69, 0x93, 0x8a, 0x9b, 0x07, 0x83, 0xc7, 0x7a, 0xa6, 0x7a, 0x85, 0x72,
    0x85, 0x72, 0xc6, 0x7a, 0xe7, 0x7a, 0x08, 0x83, 0x08, 0x83, 0x49, 0x8b,
    0x08, 0x83, 0x45, 0x6a, 0x25, 0x62, 0x08, 0x83, 0x09, 0x83, 0x25, 0x62,
    0xe4, 0x59, 0xe4, 0x59, 0xe5, 0x59, 0xe5, 0x59, 0xa4, 0x51, 0x25, 0x5a,
    0xc8, 0x72, 0x4a, 0x83, 0xe8, 0x72, 0xc7, 0x6a, 0x49, 0x7b, 0x0d, 0x94,
    0x0e, 0x94, 0xd3, 0xac, 0xb5, 0xc5, 0x58, 0xde, 0xfa, 0xe6, 0x7c, 0xf7,
    0xbe, 0xff, 0x9e, 0xff, 0x9e, 0xf7, 0x9e, 0xff, 0x9d, 0xf7, 0x9d, 0xf7,
    0x9e, 0xf7, 0x9d, 0xf7, 0x9d, 0xff, 0x9e, 0xf7, 0x9d, 0xff, 0x9e, 0xff,
    0xbd, 0xf7, 0x9e, 0xff, 0xbd, 0xff, 0x9d, 0xf7, 0x9e, 0xff, 0xbe, 0xf7,
    0x9d, 0xff, 0x9e, 0xf7, 0xbe, 0xff, 0x9d, 0xff, 0x9e, 0xf7, 0xbe, 0xff,
    0x9d, 0xf7, 0x9e, 0xff, 0xbe, 0xf7, 0x9e, 0xff, 0x9e, 0xff, 0xbe, 0xf7,
    0x9e, 0xff, 0x9d, 0xff, 0x9e, 0xf7, 0x9d, 0xff, 0xbe, 0xff, 0x9e, 0xf7,
    0x9d, 0xff, 0x9e, 0xff, 0x9e, 0xf7, 0xbe, 0xff, 0x9e, 0xff, 0x9e, 0xff,
    0x9e, 0xf7, 0x9d, 0xff, 0x9e, 0xff, 0x9e, 0xf7, 0x9e, 0xff, 0x9e, 0xf7,
    0x9d, 0xf7, 0x9e, 0xff, 0x9d, 0xff, 0x9d, 0xf7, 0x9e, 0xf7, 0x9d, 0xff,
    0x9d, 0xf7, 0x9e, 0xf7, 0x9d, 0xff, 0x7d, 0xf7, 0x7d, 0xf7, 0x9e, 0xf7,
    0x7d, 0xf7, 0x9d, 0xf7, 0x7e, 0xff, 0x9e, 0xf7, 0x9d, 0xf7, 0x7d, 0xf7,
    0x5d, 0xef, 0x5e, 0xef, 0x7d, 0xef, 0x5d, 0xef, 0x5d, 0xef, 0x7e, 0xf7,
    0x7d, 0xef, 0x5d, 0xef, 0x7e, 0xef, 0x7d, 0xef, 0x5e, 0xef, 0x5e, 0xef,
    0x7d, 0xef, 0x5d, 0xef, 0x7d, 0xef, 0x5e, 0xef, 0x7d, 0xf7, 0x7e, 0xef,
    0x7d, 0xef, 0x7d, 0xf7, 0x5e, 0xf7, 0x5e, 0xf7, 0x7d, 0xef, 0x7e, 0xf7,
    0x7d, 0xf7, 0x7e, 0xf7, 0x7e, 0xef, 0x7e, 0xf7, 0x7e, 0xf7, 0x7e, 0xf7,
    0x7e, 0xef, 0x7d, 0xef, 0x7e, 0xf7, 0x9e, 0xf7, 0x7d, 0xf7, 0x9e, 0xf7,
    0x7e, 0xef, 0x9e, 0xf7, 0x7e, 0xef, 0x9e, 0xef, 0x9d, 0xf7, 0x7e, 0xef,
    0x7e, 0xf7, 0x9e, 0xf7, 0x7e, 0xf7, 0x9e, 0xf7, 0x9e, 0xf7, 0x7e, 0xef,
    0x9d, 0xf7, 0x9e, 0xf7, 0x9d, 0xf7, 0x9e, 0xf7, 0x7d, 0xf7, 0x9e, 0xf7,
    0x9e, 0xef, 0x7d, 0xef, 0x9e, 0xf7, 0x9e, 0xef, 0x9e, 0xef, 0x9d, 0xf7,
    0x9d, 0xf7, 0x7d, 0xf7, 0x3b, 0xf7, 0xda, 0xee, 0x98, 0xe6, 0x53, 0xc5,
    0x0e, 0x9c, 0x2a, 0x7b, 0x67, 0x6a, 0x67, 0x6a, 0x67, 0x6a, 0x67, 0x6a,
    0x67, 0x6a, 0x46, 0x62, 0xe5, 0x59, 0xc4, 0x59, 0xa3, 0x51, 0x83, 0x51,
    0x05, 0x62, 0xa7, 0x72, 0x45, 0x62, 0x66, 0x6a, 0xa6, 0x72, 0xc7, 0x72,
    0x29, 0x83, 0xcb, 0x9b, 0xec, 0x9b, 0x6a, 0x8b, 0x29, 0x8b, 0x08, 0x83,
    0x87, 0x72, 0x66, 0x72, 0x66, 0x72, 0x87, 0x72, 0xa7, 0x7a, 0xc7, 0x7a,
    0x69, 0x93, 0x8a, 0x9b, 0x49, 0x8b, 0x69, 0x93, 0x49, 0x93, 0x08, 0x83,
    0x28, 0x8b, 0xc7, 0x82, 0xc7, 0x82, 0x08, 0x83, 0x29, 0x8b, 0x28, 0x8b,
    0x08, 0x83, 0x08, 0x83, 0x09, 0x8b, 0x49, 0x8b, 0x28, 0x83, 0xa7, 0x72,
    0x66, 0x72, 0xa7, 0x72, 0x25, 0x6a, 0x66, 0x6a, 0x26, 0x62, 0xc4, 0x51,
    0xc4, 0x59, 0xe4, 0x59, 0x66, 0x6a, 0x09, 0x7b, 0x87, 0x6a, 0x86, 0x6a,
    0xe8, 0x72, 0xab, 0x8b, 0xcc, 0x93, 0x90, 0xa4, 0x70, 0xa4, 0x58, 0xde,
    0x78, 0xd6, 0x99, 0xd6, 0xfb, 0xe6, 0x9d, 0xf7, 0xde, 0xff, 0xbe, 0xf7,
    0x7d, 0xf7, 0x7d, 0xf7, 0x9d, 0xf7, 0x9e, 0xff, 0x9e, 0xff, 0xbe, 0xf7,
    0x9e, 0xff, 0x9d, 0xff, 0x9e, 0xf7, 0xbe, 0xff, 0x9e, 0xf7, 0x9e, 0xff,
    0x9e, 0xff, 0x9d, 0xf7, 0x9e, 0xff, 0x9e, 0xff, 0x9e, 0xf7, 0x9e, 0xff,
    0x9e, 0xff, 0xbe, 0xf7, 0x9d, 0xff, 0x9e, 0xff, 0x9d, 0xf7, 0x9d, 0xf7,
    0x9d, 0xff, 0x9e, 0xf7, 0x9d, 0xf7, 0x9e, 0xf7, 0x9e, 0xf7, 0x9d, 0xff,
    0x9d, 0xf7, 0x9e, 0xf7, 0x9d, 0xf7, 0x9e, 0xff, 0x9d, 0xf7, 0x9d, 0xf7,
    0x9e, 0xf7, 0x9d, 0xf7, 0x9e, 0xff, 0x9e, 0xf7, 0x9d, 0xff, 0x9d, 0xf7,
    0x9e, 0xff, 0x9d, 0xff, 0x9e, 0xf7, 0x9d, 0xf7, 0x9e, 0xf7, 0x9e, 0xf7,
    0x9d, 0xff, 0x9d, 0xf7, 0x9e, 0xf7, 0x7e, 0xff, 0x9e, 0xf7, 0x9d, 0xff,
    0x7d, 0xf7, 0x9e, 0xf7, 0x9d, 0xff, 0x7d, 0xf7, 0x7e, 0xf7, 0x7e, 0xf7,
    0x7e, 0xff, 0x7e, 0xf7, 0x7d, 0xef, 0x5d, 0xf7, 0x7e, 0xef, 0x7d, 0xef,
    0x5d, 0xef, 0x5d, 0xef, 0x7e, 0xef, 0x5d, 0xef, 0x5e, 0xef, 0x7d, 0xef,
    0x7d, 0xef, 0x5e, 0xef, 0x5d, 0xef, 0x7d, 0xf7, 0x5d, 0xef, 0x7d, 0xef,
    0x7e, 0xf7, 0x5d, 0xef, 0x7d, 0xef, 0x7e, 0xef, 0x5d, 0xf7, 0x7d, 0xf7,
    0x5e, 0xef, 0x5d, 0xf7, 0x5d, 0xf7, 0x7d, 0xef, 0x7d, 0xef, 0x7d, 0xf7,
    0x7d, 0xef, 0x7d, 0xef, 0x7e, 0xf7, 0x7d, 0xf7, 0x7e, 0xef, 0x7d, 0xef,
    0x7e, 0xf7, 0x7e, 0xf7, 0x9d, 0xf7, 0x7d, 0xf7, 0x7e, 0xf7, 0x7e, 0xf7,
    0x9e, 0xf7, 0x9d, 0xf7, 0x7e, 0xef, 0x7d, 0xf7, 0x9e, 0xf7, 0x7d, 0xef,
    0x7e, 0xf7, 0x9e, 0xf7, 0x9d, 0xf7, 0x7e, 0xf7, 0x9e, 0xef, 0x9d, 0xf7,
    0x7e, 0xf7, 0x9e, 0xf7, 0x9e, 0xef, 0x7e, 0xf7, 0x7d, 0xf7, 0x7d, 0xef,
    0x7d, 0xf7, 0x7d, 0xf7, 0x5c, 0xf7, 0x5c, 0xf7, 0x99, 0xe6, 0xb4, 0xc5,
    0xcd, 0x8b, 0x2a, 0x7b, 0xa8, 0x72, 0xa8, 0x72, 0x26, 0x62, 0x26, 0x62,
    0x26, 0x62, 0x26, 0x62, 0xe9, 0x7a, 0xe8, 0x7a, 0xc8, 0x7a, 0xa7, 0x72,
    0xa7, 0x72, 0xc8, 0x72, 0x46, 0x6a, 0xa3, 0x51, 0x04, 0x5a, 0x25, 0x62,
    0x66, 0x6a, 0x86, 0x6a, 0x49, 0x8b, 0x6a, 0x8b, 0x8a, 0x93, 0x69, 0x8b,
    0x2d, 0xa4, 0xec, 0xa3, 0xcc, 0x9b, 0xab, 0x9b, 0xab, 0x9b, 0x6a, 0x93,
    0x29, 0x8b, 0xe8, 0x82, 0x49, 0x93, 0x29, 0x8b, 0x8e, 0xb4, 0x6e, 0xb4,
    0x2c, 0xac, 0x8e, 0xbc, 0xcb, 0xa3, 0x4d, 0xac, 0x0b, 0xa4, 0x2c, 0xac,
    0x4d, 0xb4, 0x6e, 0xb4, 0xeb, 0xa3, 0x6a, 0x93, 0xa7, 0x7a, 0x45, 0x6a,
    0xa6, 0x72, 0xc7, 0x7a, 0xa7, 0x72, 0x05, 0x62, 0x87, 0x72, 0x29, 0x83,
    0xe9, 0x7a, 0x25, 0x62, 0xc4, 0x59, 0xe4, 0x59, 0x25, 0x5a, 0xc8, 0x72,
    0x66, 0x6a, 0x66, 0x6a, 0xa7, 0x6a, 0x29, 0x83, 0x2a, 0x83, 0x0d, 0x94,
    0xac, 0x83, 0x32, 0xb5, 0xd9, 0xe6, 0xb9, 0xde, 0x99, 0xde, 0xba, 0xde,
    0xbd, 0xf7, 0xbe, 0xff, 0x9e, 0xff, 0x7d, 0xf7, 0x9d, 0xf7, 0x9e, 0xff,
    0x9e, 0xf7, 0x9d, 0xf7, 0x9e, 0xff, 0xbe, 0xf7, 0x9e, 0xff, 0x9e, 0xff,
    0x9d, 0xf7, 0xbe, 0xff, 0x9e, 0xff, 0x9e, 0xf7, 0xbe, 0xff, 0xbd, 0xff,
    0x9e, 0xf7, 0x9e, 0xff, 0xbd, 0xff, 0x9e, 0xf7, 0x9e, 0xff, 0xbe, 0xff,
    0x9d, 0xf7, 0x9e, 0xf7, 0x9e, 0xff, 0x9d, 0xff, 0x9e, 0xf7, 0x9e, 0xff,
    0x9d, 0xff, 0x9e, 0xf7, 0x9e, 0xff, 0x9e, 0xff, 0x9e, 0xf7, 0x9d, 0xff,
    0x9e, 0xff, 0x9e, 0xf7, 0x9d, 0xff, 0x9e, 0xff, 0x9d, 0xf7, 0x9e, 0xf7,
    0x9e, 0xff, 0x9e, 0xf7, 0x9d, 0xf7, 0x9e, 0xff, 0x9e, 0xff, 0x9d, 0xf7,
    0x9d, 0xff, 0x7e, 0xf7, 0x7d, 0xf7, 0x7d, 0xf7, 0x7d, 0xf7, 0x7d, 0xf7,
    0x9d, 0xf7, 0x7e, 0xf7, 0x9d, 0xff, 0x7e, 0xf7, 0x7d, 0xf7, 0x9d, 0xf7,
    0x7e, 0xf7, 0x7d, 0xff, 0x7e, 0xf7, 0x7e, 0xf7, 0x5d, 0xef, 0x7d, 0xef,
    0x5d, 0xf7, 0x7e, 0xef, 0x7d, 0xf7, 0x5d, 0xef, 0x7d, 0xf7, 0x7d, 0xef,
    0x5e, 0xef, 0x5e, 0xef, 0x7d, 0xef, 0x7e, 0xef, 0x5d, 0xef, 0x7d, 0xf7,
    0x5e, 0xef, 0x5d, 0xef, 0x7d, 0xf7, 0x7e, 0xef, 0x5d, 0xf7, 0x7e, 0xef,
    0x5d, 0xf7, 0x7d, 0xef, 0x7e, 0xf7, 0x5d, 0xef, 0x7e, 0xf7, 0x5e, 0xf7,
    0x7d, 0xef, 0x7d, 0xef, 0x7e, 0xef, 0x7d, 0xef, 0x7d, 0xf7, 0x7e, 0xf7,
    0x7d, 0xef, 0x7d, 0xef, 0x9e, 0xf7, 0x9e, 0xf7, 0x7e, 0xf7, 0x9e, 0xf7,
    0x9d, 0xf7, 0x7e, 0xf7, 0x7e, 0xf7, 0x9e, 0xef, 0x9e, 0xf7, 0x7e, 0xf7,
    0x9d, 0xef, 0x7e, 0xf7, 0x7e, 0xf7, 0x9e, 0xf7, 0x9d, 0xf7, 0x7e, 0xf7,
    0x9e, 0xf7, 0x9d, 0xf7, 0x9d, 0xf7, 0x9e, 0xf7, 0x9e, 0xef, 0x7e, 0xef,
    0x9e, 0xf7, 0x7d, 0xef, 0x7d, 0xf7, 0x7d, 0xf7, 0x9d, 0xff, 0x78, 0xde,
    0xb1, 0xac, 0x6b, 0x83, 0x4b, 0x83, 0x0a, 0x7b, 0xc9, 0x72, 0xc8, 0x72,
    0xc9, 0x7a, 0xe9, 0x7a, 0xe9, 0x7a, 0xe9, 0x7a, 0x09, 0x83, 0x2a, 0x83,
    0x4a, 0x8b, 0x6a, 0x8b, 0x8b, 0x93, 0xab, 0x93, 0x4a, 0x83, 0x87, 0x72,
    0x25, 0x6a, 0x65, 0x6a, 0xa6, 0x72, 0xc7, 0x7a, 0xec, 0x9b, 0x49, 0x8b,
    0xc8, 0x7a, 0xa7, 0x72, 0x25, 0x62, 0x87, 0x72, 0x29, 0x8b, 0x8b, 0x93,
    0xec, 0xa3, 0x0d, 0xa4, 0x6d, 0xb4, 0x8e, 0xb4, 0x0c, 0xac, 0x6e, 0xb4,
    0x8a, 0x9b, 0xeb, 0xa3, 0xeb, 0xa3, 0x29, 0x8b, 0x89, 0x93, 0xc7, 0x7a,
    0x65, 0x72, 0xa6, 0x7a, 0xc7, 0x7a, 0xe8, 0x82, 0x29, 0x8b, 0x29, 0x8b,
    0x08, 0x83, 0xe8, 0x82, 0x66, 0x72, 0xa7, 0x72, 0x66, 0x72, 0xe4, 0x61,
    0x05, 0x62, 0x21, 0x41, 0x01, 0x39, 0x83, 0x49, 0xe4, 0x59, 0xc4, 0x51,
    0xe4, 0x59, 0x66, 0x6a, 0x26, 0x62, 0x66, 0x62, 0x46, 0x62, 0xa7, 0x72,
    0xc8, 0x72, 0xec, 0x93, 0x2a, 0x73, 0x2e, 0x94, 0x78, 0xde, 0xb9, 0xde,
    0x98, 0xd6, 0x38, 0xce, 0x3c, 0xef, 0xbd, 0xff, 0xbe, 0xff, 0xbe, 0xff,
    0x9d, 0xff, 0x9d, 0xff, 0x9d, 0xff, 0x9d, 0xff, 0x9e, 0xff, 0x9e, 0xf7,
    0xbd, 0xff, 0x9e, 0xff, 0x9e, 0xf7, 0xbd, 0xff, 0x9e, 0xff, 0x9e, 0xf7,
    0x9d, 0xff, 0x9e, 0xf7, 0x9e, 0xff, 0xbd, 0xf7, 0x9e, 0xff, 0x9e, 0xf7,
    0x9e, 0xff, 0x9e, 0xff, 0x9d, 0xf7, 0x9e, 0xff, 0x9e, 0xf7, 0x9d, 0xff,
    0x9e, 0xff, 0x9d, 0xf7, 0x9e, 0xff, 0x9e, 0xf7, 0x9d, 0xff, 0x9e, 0xf7,
    0x9d, 0xf7, 0x9e, 0xff, 0x9e, 0xf7, 0x9d, 0xff, 0x9e, 0xff, 0x9e, 0xf7,
    0x9d, 0xff, 0x9e, 0xff, 0x9e, 0xf7, 0x9d, 0xff, 0x9e, 0xf7, 0x9e, 0xf7,
    0x9e, 0xff, 0x9d, 0xf7, 0x9e, 0xff, 0x7d, 0xf7, 0x9e, 0xf7, 0x9e, 0xff,
    0x7d, 0xff, 0x9d, 0xf7, 0x7e, 0xf7, 0x9d, 0xf7, 0x7d, 0xf7, 0x9e, 0xff,
    0x7d, 0xf7, 0x9e, 0xf7, 0x7e, 0xff, 0x7d, 0xf7, 0x9d, 0xf7, 0x7e, 0xf7,
    0x5d, 0xef, 0x7d, 0xef, 0x5d, 0xef, 0x5e, 0xef, 0x7d, 0xef, 0x5d, 0xf7,
    0x5e, 0xef, 0x7d, 0xef, 0x7d, 0xef, 0x5e, 0xef, 0x5d, 0xef, 0x7e, 0xef,
    0x7d, 0xef, 0x5d, 0xef, 0x7d, 0xef, 0x5d, 0xef, 0x7e, 0xf7, 0x7d, 0xef,
    0x7d, 0xef, 0x7e, 0xf7, 0x5d, 0xf7, 0x5e, 0xf7, 0x7d, 0xef, 0x7d, 0xf7,
    0x5d, 0xf7, 0x5e, 0xf7, 0x7d, 0xef, 0x5e, 0xf7, 0x7e, 0xf7, 0x5d, 0xef,
    0x7e, 0xef, 0x7e, 0xf7, 0x7d, 0xf7, 0x7e, 0xef, 0x7e, 0xf7, 0x9e, 0xf7,
    0x7e, 0xef, 0x9e, 0xef, 0x9e, 0xf7, 0x7d, 0xef, 0x9e, 0xf7, 0x7e, 0xf7,
    0x7d, 0xf7, 0x9e, 0xf7, 0x9e, 0xf7, 0x9e, 0xf7, 0x7e, 0xef, 0x7d, 0xef,
    0x9e, 0xf7, 0x9d, 0xf7, 0x9e, 0xf7, 0x7e, 0xf7, 0x9d, 0xf7, 0x9d, 0xf7,
    0x9d, 0xf7, 0x7d, 0xef, 0x7d, 0xf7, 0x7d, 0xf7, 0x7d, 0xf7, 0x7c, 0xf7,
    0x78, 0xde, 0xd1, 0xac, 0x4b, 0x7b, 0xea, 0x7a, 0x06, 0x5a, 0x67, 0x62,
    0xc8, 0x72, 0xe9, 0x7a, 0xc9, 0x7a, 0xa8, 0x72, 0xa8, 0x72, 0xa8, 0x72,
    0xc9, 0x72, 0x09, 0x7b, 0x4a, 0x83, 0x6b, 0x93, 0x67, 0x6a, 0x66, 0x6a,
    0xc8, 0x7a, 0x8a, 0x8b, 0xc7, 0x7a, 0xe8, 0x7a, 0x29, 0x83, 0x49, 0x8b,
    0xe8, 0x7a, 0xa7, 0x72, 0xe8, 0x7a, 0xab, 0x93, 0x49, 0x8b, 0x49, 0x8b,
    0x29, 0x8b, 0x49, 0x8b, 0x6a, 0x93, 0x6a, 0x93, 0x49, 0x8b, 0x49, 0x8b,
    0x8a, 0x93, 0x08, 0x8b, 0xe8, 0x82, 0x86, 0x72, 0xa3, 0x59, 0x45, 0x6a,
    0xa6, 0x7a, 0x49, 0x8b, 0x49, 0x8b, 0x8a, 0x93, 0xaa, 0x9b, 0xcb, 0x9b,
    0x49, 0x8b, 0x29, 0x8b, 0x09, 0x83, 0xe8, 0x82, 0xa6, 0x72, 0x05, 0x62,
    0xe4, 0x61, 0x25, 0x62, 0x66, 0x6a, 0x04, 0x62, 0xc4, 0x59, 0x04, 0x5a,
    0xe4, 0x59, 0xc4, 0x59, 0xe4, 0x51, 0x26, 0x62, 0xc4, 0x51, 0x46, 0x62,
    0x46, 0x62, 0x66, 0x6a, 0xa7, 0x6a, 0x2e, 0x9c, 0x29, 0x7b, 0xac, 0x8b,
    0x32, 0xb5, 0x98, 0xde, 0x78, 0xde, 0x37, 0xce, 0xfb, 0xe6, 0x3c, 0xef,
    0x9d, 0xff, 0xbe, 0xff, 0x9e, 0xff, 0x9e, 0xff, 0x9d, 0xff, 0x9e, 0xff,
    0x9e, 0xf7, 0x9e, 0xff, 0x9d, 0xff, 0x9e, 0xf7, 0x9e, 0xff, 0x9e, 0xf7,
    0xbe, 0xff, 0x9d, 0xff, 0x9e, 0xf7, 0x9e, 0xff, 0xbe, 0xff, 0x9e, 0xf7,
    0x9d, 0xff, 0x9e, 0xff, 0xbe, 0xf7, 0x9d, 0xff, 0x9e, 0xf7, 0x9e, 0xff,
    0x9d, 0xf7, 0x9e, 0xf7, 0x9e, 0xff, 0x9d, 0xf7, 0x9e, 0xf7, 0x9d, 0xff,
    0x9e, 0xf7, 0x9d, 0xff, 0x9e, 0xff, 0x9e, 0xf7, 0x9d, 0xf7, 0x9e, 0xff,
    0x9e, 0xf7, 0x9d, 0xf7, 0x9e, 0xff, 0x9d, 0xf7, 0x9e, 0xff, 0x9d, 0xff,
    0x9d, 0xf7, 0x9e, 0xff, 0x9d, 0xf7, 0x9e, 0xf7, 0x9d, 0xf7, 0x7d, 0xf7,
    0x9d, 0xf7, 0x7e, 0xf7, 0x9d, 0xf7, 0x9e, 0xff, 0x7e, 0xf7, 0x9d, 0xf7,
    0x9d, 0xff, 0x7e, 0xf7, 0x9d, 0xf7, 0x9d, 0xf7, 0x7e, 0xf7, 0x7e, 0xf7,
    0x7e, 0xf7, 0x7d, 0xff, 0x7d, 0xef, 0x5e, 0xef, 0x7d, 0xf7, 0x5d, 0xef,
    0x7d, 0xef, 0x7d, 0xef, 0x5e, 0xef, 0x5d, 0xf7, 0x7e, 0xef, 0x7d, 0xef,
    0x7d, 0xef, 0x7d, 0xef, 0x5d, 0xf7, 0x7e, 0xef, 0x7d, 0xef, 0x5d, 0xf7,
    0x7e, 0xef, 0x7d, 0xef, 0x7d, 0xef, 0x7e, 0xef, 0x5d, 0xf7, 0x7d, 0xf7,
    0x5e, 0xef, 0x5d, 0xf7, 0x7d, 0xef, 0x7d, 0xef, 0x5d, 0xf7, 0x5d, 0xf7,
    0x5d, 0xf7, 0x7d, 0xf7, 0x7e, 0xf7, 0x7d, 0xf7, 0x7e, 0xef, 0x7d, 0xef,
    0x7e, 0xf7, 0x9d, 0xf7, 0x7d, 0xf7, 0x7e, 0xf7, 0x9e, 0xf7, 0x7e, 0xef,
    0x9d, 0xf7, 0x9e, 0xf7, 0x7e, 0xef, 0x7d, 0xf7, 0x9e, 0xf7, 0x7e, 0xef,
    0x9d, 0xf7, 0x9e, 0xf7, 0x9e, 0xef, 0x9e, 0xef, 0x9d, 0xf7, 0x9e, 0xf7,
    0x7d, 0xf7, 0x9d, 0xf7, 0x7e, 0xf7, 0x7d, 0xef, 0x7d, 0xf7, 0x7c, 0xf7,
    0x3b, 0xef, 0x58, 0xd6, 0xf1, 0xb4, 0x6b, 0x83, 0x88, 0x6a, 0x88, 0x6a,
    0xc8, 0x72, 0xa8, 0x72, 0x87, 0x72, 0x67, 0x6a, 0x67, 0x6a, 0x47, 0x62,
    0x06, 0x62, 0xe5, 0x59, 0xe5, 0x59, 0xe5, 0x59, 0x67, 0x6a, 0x2a, 0x83,
    0x6b, 0x8b, 0x29, 0x83, 0x09, 0x83, 0x4a, 0x83, 0x6a, 0x8b, 0x49, 0x83,
    0x49, 0x8b, 0x8a, 0x8b, 0xcb, 0x93, 0xcb, 0x9b, 0xec, 0x9b, 0x2d, 0xa4,
    0x6a, 0x8b, 0xab, 0x93, 0x0d, 0xa4, 0x4d, 0xac, 0x8f, 0xb4, 0xec, 0xa3,
    0xcc, 0x9b, 0x4e, 0xac, 0x0d, 0xa4, 0xec, 0xa3, 0x29, 0x8b, 0x08, 0x83,
    0x8a, 0x9b, 0xab, 0x9b, 0xec, 0xa3, 0xec, 0xa3, 0x0c, 0xa4, 0x0c, 0xa4,
    0x0c, 0xa4, 0x0c, 0xa4, 0xab, 0x9b, 0xe8, 0x82, 0x87, 0x72, 0x87, 0x7a,
    0x29, 0x8b, 0x66, 0x72, 0xc3, 0x59, 0x82, 0x51, 0x62, 0x49, 0x46, 0x6a,
    0x66, 0x6a, 0x83, 0x49, 0x83, 0x49, 0xe5, 0x59, 0x67, 0x62, 0xc8, 0x72,
    0x26, 0x62, 0x05, 0x5a, 0x05, 0x5a, 0x05, 0x5a, 0x66, 0x6a, 0x09, 0x7b,
    0x4a, 0x7b, 0x0a, 0x73, 0x2f, 0x94, 0xb5, 0xc5, 0x78, 0xde, 0x58, 0xd6,
    0x78, 0xd6, 0x58, 0xd6, 0x3b, 0xf7, 0x7d, 0xff, 0xbe, 0xff, 0x9d, 0xff,
    0x9d, 0xff, 0xbd, 0xff, 0xbd, 0xf7, 0x9e, 0xff, 0xbe, 0xf7, 0x9e, 0xff,
    0xbd, 0xff, 0xbd, 0xf7, 0xbd, 0xff, 0xbd, 0xff, 0xbe, 0xf7, 0xbd, 0xff,
    0x9e, 0xff, 0x9e, 0xf7, 0x9d, 0xff, 0xbe, 0xff, 0x9e, 0xf7, 0x9d, 0xff,
    0x9e, 0xf7, 0x9e, 0xff, 0x9d, 0xff, 0x9e, 0xf7, 0x9e, 0xff, 0x9d, 0xff,
    0x9e, 0xf7, 0x9e, 0xff, 0x9d, 0xf7, 0x9e, 0xff, 0x9e, 0xff, 0x9d, 0xf7,
    0x9e, 0xff, 0x9e, 0xf7, 0x9d, 0xff, 0x9e, 0xf7, 0x9e, 0xf7, 0x9d, 0xff,
    0x9e, 0xf7, 0x9e, 0xf7, 0x9e, 0xff, 0x9d, 0xff, 0x9e, 0xff, 0x9d, 0xf7,
    0x9e, 0xff, 0x7d, 0xff, 0x7d, 0xf7, 0x9d, 0xf7, 0x7d, 0xf7, 0x7d, 0xf7,
    0x9e, 0xff, 0x7d, 0xf7, 0x7d, 0xf7, 0x9e, 0xf7, 0x7d, 0xff, 0x7d, 0xf7,
    0x7e, 0xff, 0x9e, 0xf7, 0x7e, 0xf7, 0x7d, 0xf7, 0x5d, 0xef, 0x7d, 0xef,
    0x5e, 0xf7, 0x7d, 0xef, 0x5d, 0xef, 0x7e, 0xf7, 0x7d, 0xef, 0x5d, 0xef,
    0x5e, 0xef, 0x5e, 0xef, 0x7d, 0xef, 0x7d, 0xef, 0x5d, 0xef, 0x5e, 0xef,
    0x7d, 0xf7, 0x5d, 0xef, 0x7e, 0xf7, 0x7d, 0xf7, 0x5e, 0xef, 0x7d, 0xef,
    0x5d, 0xf7, 0x7e, 0xef, 0x7e, 0xf7, 0x5d, 0xf7, 0x7e, 0xef, 0x7e, 0xf7,
    0x5e, 0xf7, 0x7d, 0xef, 0x7e, 0xef, 0x5d, 0xf7, 0x7e, 0xf7, 0x7d, 0xf7,
    0x7d, 0xef, 0x7e, 0xf7, 0x9e, 0xf7, 0x7e, 0xf7, 0x9e, 0xef, 0x9e, 0xf7,
    0x7d, 0xf7, 0x7e, 0xf7, 0x9e, 0xf7, 0x9e, 0xef, 0x7e, 0xf7, 0x9e, 0xf7,
    0x7d, 0xef, 0x7e, 0xf7, 0x9e, 0xf7, 0x7e, 0xf7, 0x9e, 0xf7, 0x9e, 0xef,
    0x9e, 0xf7, 0x7e, 0xf7, 0x7d, 0xf7, 0x9d, 0xf7, 0x9e, 0xf7, 0x7d, 0xf7,
    0x7c, 0xf7, 0x5c, 0xf7, 0xb9, 0xe6, 0x74, 0xbd, 0x6c, 0x83, 0xc8, 0x72,
    0x67, 0x6a, 0xa8, 0x72, 0x26, 0x62, 0x46, 0x62, 0x88, 0x6a, 0xc9, 0x72,
    0xc5, 0x59, 0x05, 0x5a, 0x26, 0x62, 0x47, 0x62, 0x26, 0x62, 0xe5, 0x59,
    0x47, 0x62, 0x09, 0x83, 0x8b, 0x93, 0xcc, 0x93, 0x6b, 0x8b, 0x87, 0x6a,
    0xe8, 0x7a, 0xe8, 0x7a, 0xe7, 0x7a, 0xc7, 0x72, 0x05, 0x62, 0x05, 0x5a,
    0x25, 0x62, 0x66, 0x6a, 0x87, 0x72, 0xc8, 0x7a, 0x29, 0x8b, 0x6a, 0x8b,
    0xec, 0xa3, 0xab, 0x9b, 0x8b, 0x93, 0xab, 0x9b, 0x4d, 0xac, 0xab, 0x9b,
    0x6e, 0xb4, 0xcb, 0x9b, 0x29, 0x8b, 0x49, 0x8b, 0x69, 0x93, 0xaa, 0x9b,
    0x6d, 0xb4, 0x0c, 0xa4, 0xab, 0x9b, 0x4a, 0x8b, 0x09, 0x83, 0x87, 0x7a,
    0x87, 0x7a, 0x09, 0x83, 0x86, 0x72, 0xe8, 0x82, 0xc8, 0x82, 0x46, 0x6a,
    0x42, 0x49, 0x83, 0x51, 0x46, 0x62, 0xe9, 0x7a, 0x25, 0x62, 0x05, 0x5a,
    0xe5, 0x59, 0xc4, 0x51, 0xa3, 0x51, 0xa3, 0x51, 0xc4, 0x51, 0xe4, 0x59,
    0xe8, 0x7a, 0xa8, 0x6a, 0xc8, 0x72, 0x2a, 0x7b, 0x2a, 0x73, 0x90, 0x9c,
    0xf6, 0xcd, 0x78, 0xd6, 0x78, 0xde, 0x38, 0xd6, 0x1b, 0xef, 0x5c, 0xf7,
    0x9d, 0xff, 0x9d, 0xff, 0x9d, 0xff, 0x9d, 0xff, 0x9d, 0xff, 0x9e, 0xf7,
    0x9e, 0xff, 0x9e, 0xff, 0xbd, 0xf7, 0x9e, 0xff, 0x9e, 0xf7, 0x9d, 0xff,
    0xbd, 0xf7, 0x9d, 0xff, 0x9e, 0xf7, 0x9e, 0xff, 0xbe, 0xf7, 0x9e, 0xff,
    0x9e, 0xff, 0x9e, 0xf7, 0x9d, 0xf7, 0x9e, 0xff, 0x9d, 0xf7, 0x9e, 0xf7,
    0x9d, 0xff, 0x9e, 0xf7, 0x9e, 0xff, 0x9d, 0xf7, 0x9e, 0xf7, 0x9e, 0xf7,
    0x9d, 0xff, 0x9d, 0xf7, 0x9e, 0xff, 0x9d, 0xff, 0x9e, 0xf7, 0x9e, 0xff,
    0x9d, 0xff, 0x9e, 0xf7, 0x9e, 0xff, 0x9d, 0xf7, 0x9e, 0xf7, 0x9e, 0xff,
    0x9e, 0xf7, 0x9d, 0xf7, 0x9e, 0xff, 0x7e, 0xf7, 0x9e, 0xf7, 0x9d, 0xff,
    0x7e, 0xf7, 0x9d, 0xf7, 0x9d, 0xf7, 0x7e, 0xff, 0x9d, 0xf7, 0x9d, 0xf7,
    0x7e, 0xf7, 0x9d, 0xff, 0x7e, 0xf7, 0x7d, 0xf7, 0x9e, 0xff, 0x7e, 0xf7,
    0x5d, 0xef, 0x7d, 0xef, 0x5d, 0xef, 0x5d, 0xef, 0x7e, 0xf7, 0x5d, 0xef,
    0x7d, 0xef, 0x7d, 0xef, 0x5e, 0xef, 0x7d, 0xef, 0x7d, 0xef, 0x7e, 0xef,
    0x5d, 0xef, 0x5d, 0xef, 0x7d, 0xef, 0x5d, 0xef, 0x7e, 0xef, 0x7d, 0xf7,
    0x7d, 0xef, 0x7e, 0xf7, 0x5d, 0xf7, 0x5d, 0xef, 0x7d, 0xf7, 0x5d, 0xf7,
    0x5d, 0xef, 0x7e, 0xf7, 0x5d, 0xf7, 0x7d, 0xef, 0x7e, 0xf7, 0x5d, 0xef,
    0x5d, 0xef, 0x7e, 0xf7, 0x7d, 0xef, 0x7e, 0xef, 0x7e, 0xf7, 0x9e, 0xf7,
    0x7d, 0xef, 0x7d, 0xef, 0x7d, 0xef, 0x7d, 0xef, 0x7e, 0xf7, 0x7e, 0xf7,
    0x9d, 0xf7, 0x9e, 0xf7, 0x7e, 0xf7, 0x9e, 0xf7, 0x7d, 0xf7, 0x7e, 0xf7,
    0x9e, 0xef, 0x9e, 0xf7, 0x9d, 0xf7, 0x7e, 0xf7, 0x7d, 0xf7, 0x7d, 0xf7,
    0x9d, 0xf7, 0x7d, 0xff, 0x5c, 0xf7, 0x99, 0xe6, 0x13, 0xb5, 0xed, 0x93,
    0x88, 0x6a, 0x67, 0x6a, 0x67, 0x6a, 0x87, 0x6a, 0x87, 0x6a, 0x66, 0x6a,
    0x26, 0x62, 0x05, 0x5a, 0x06, 0x5a, 0x47, 0x62, 0x88, 0x6a, 0xa8, 0x6a,
    0x68, 0x6a, 0x06, 0x5a, 0x06, 0x62, 0xa8, 0x72, 0x8b, 0x8b, 0x0d, 0x9c,
    0x2e, 0xa4, 0xed, 0x9b, 0x4a, 0x8b, 0x28, 0x83, 0xc7, 0x72, 0x86, 0x6a,
    0x66, 0x6a, 0x46, 0x6a, 0x86, 0x6a, 0xa7, 0x72, 0x09, 0x83, 0x4a, 0x8b,
    0xcb, 0x93, 0xec, 0xa3, 0x2d, 0xac, 0x6e, 0xac, 0x4d, 0xac, 0xec, 0xa3,
    0x8b, 0x93, 0xab, 0x9b, 0xa6, 0x72, 0xe8, 0x82, 0x6a, 0x93, 0xcb, 0x9b,
    0x0c, 0xa4, 0x2d, 0xac, 0x2d, 0xa4, 0xec, 0x9b, 0x6a, 0x93, 0x29, 0x83,
    0x4a, 0x8b, 0xe8, 0x82, 0xe9, 0x82, 0x4a, 0x8b, 0xc8, 0x7a, 0x65, 0x6a,
    0x66, 0x72, 0x09, 0x83, 0x6a, 0x8b, 0x46, 0x6a, 0xa3, 0x51, 0xc3, 0x51,
    0x46, 0x62, 0x04, 0x5a, 0xa3, 0x51, 0x63, 0x49, 0x62, 0x41, 0x83, 0x49,
    0xe4, 0x59, 0x05, 0x5a, 0x09, 0x7b, 0x87, 0x6a, 0x87, 0x6a, 0x8b, 0x83,
    0x67, 0x5a, 0xac, 0x83, 0x12, 0xb5, 0xf6, 0xc5, 0x57, 0xd6, 0xb5, 0xc5,
    0x58, 0xd6, 0x98, 0xde, 0x5b, 0xf7, 0x5c, 0xf7, 0x5c, 0xf7, 0x5c, 0xf7,
    0x9d, 0xff, 0xbd, 0xf7, 0xbd, 0xff, 0x9d, 0xf7, 0xbe, 0xff, 0x9d, 0xf7,
    0x9d, 0xf7, 0x9e, 0xff, 0xbe, 0xff, 0xbd, 0xf7, 0x9e, 0xff, 0x9e, 0xff,
    0x9d, 0xf7, 0x9e, 0xff, 0xbe, 0xff, 0x9d, 0xff, 0x9e, 0xf7, 0x9e, 0xff,
    0x9d, 0xf7, 0x9d, 0xf7, 0x9e, 0xf7, 0x9d, 0xf7, 0x9d, 0xf7, 0x9d, 0xff,
    0x9e, 0xf7, 0x9d, 0xf7, 0x9d, 0xf7, 0x9e, 0xf7, 0x9d, 0xf7, 0x9d, 0xf7,
    0x9e, 0xf7, 0x9d, 0xf7, 0x9d, 0xf7, 0x9e, 0xff, 0x9d, 0xf7, 0x9d, 0xf7,
    0x9d, 0xff, 0x9e, 0xf7, 0x9d, 0xf7, 0x7d, 0xf7, 0x7d, 0xf7, 0x7d, 0xf7,
    0x9d, 0xf7, 0x7e, 0xff, 0x7e, 0xf7, 0x9d, 0xf7, 0x7d, 0xff, 0x7e, 0xf7,
    0x9d, 0xf7, 0x7e, 0xff, 0x9d, 0xf7, 0x9d, 0xf7, 0x7e, 0xf7, 0x7e, 0xf7,
    0x7d, 0xf7, 0x7e, 0xf7, 0x7d, 0xef, 0x5d, 0xf7, 0x7e, 0xef, 0x7d, 0xef,
    0x5d, 0xef, 0x5d, 0xef, 0x5d, 0xf7, 0x7d, 0xef, 0x5e, 0xef, 0x5d, 0xef,
    0x7d, 0xef, 0x7d, 0xef, 0x5d, 0xf7, 0x7e, 0xef, 0x7d, 0xef, 0x5d, 0xef,
    0x7e, 0xf7, 0x7d, 0xef, 0x5d, 0xef, 0x7e, 0xef, 0x7e, 0xf7, 0x5d, 0xf7,
    0x7e, 0xef, 0x5d, 0xf7, 0x7d, 0xf7, 0x5e, 0xef, 0x5d, 0xf7, 0x5d, 0xf7,
    0x7e, 0xf7, 0x5d, 0xf7, 0x7d, 0xef, 0x5e, 0xf7, 0x7e, 0xf7, 0x7d, 0xef,
    0x7e, 0xf7, 0x9e, 0xf7, 0x7d, 0xef, 0x7e, 0xf7, 0x7e, 0xf7, 0x7d, 0xef,
    0x9e, 0xf7, 0x7e, 0xf7, 0x9d, 0xef, 0x7e, 0xf7, 0x9e, 0xef, 0x9d, 0xf7,
    0x7e, 0xef, 0x9e, 0xef, 0x9e, 0xf7, 0x9e, 0xf7, 0x9e, 0xf7, 0x9d, 0xf7,
    0x9d, 0xf7, 0x7d, 0xf7, 0x7d, 0xff, 0x7c, 0xff, 0xb9, 0xe6, 0xf2, 0xb4,
    0x6b, 0x83, 0x88, 0x6a, 0x88, 0x6a, 0xa8, 0x72, 0x87, 0x6a, 0x46, 0x62,
    0x05, 0x62, 0x05, 0x5a, 0x26, 0x62, 0x46, 0x62, 0xa5, 0x51, 0x84, 0x49,
    0x43, 0x49, 0x23, 0x41, 0x84, 0x49, 0x84, 0x49, 0x06, 0x5a, 0x67, 0x6a,
    0x4b, 0x83, 0x2a, 0x7b, 0x6b, 0x8b, 0xed, 0x9b, 0x8b, 0x8b, 0x29, 0x83,
    0xa7, 0x72, 0x46, 0x6a, 0xa7, 0x72, 0x87, 0x72, 0xa7, 0x72, 0xc8, 0x7a,
    0xc8, 0x7a, 0xe8, 0x7a, 0x6a, 0x8b, 0xab, 0x93, 0x4a, 0x8b, 0xcb, 0x9b,
    0xab, 0x93, 0x09, 0x83, 0x87, 0x72, 0x87, 0x7a, 0x49, 0x8b, 0x6a, 0x93,
    0x4a, 0x93, 0x6a, 0x93, 0xcb, 0x9b, 0xcb, 0x9b, 0xab, 0x93, 0x8a, 0x93,
    0x8a, 0x93, 0x8a, 0x93, 0x09, 0x7b, 0x46, 0x6a, 0xe4, 0x59, 0x04, 0x5a,
    0x66, 0x6a, 0x86, 0x6a, 0x66, 0x6a, 0x25, 0x62, 0x65, 0x6a, 0x66, 0x6a,
    0x66, 0x62, 0x66, 0x6a, 0xc4, 0x51, 0xa3, 0x51, 0xa4, 0x51, 0x83, 0x49,
    0x63, 0x49, 0xa4, 0x51, 0xc4, 0x51, 0xe5, 0x59, 0xe8, 0x72, 0x26, 0x62,
    0xa7, 0x6a, 0xed, 0x93, 0xa8, 0x6a, 0x0a, 0x73, 0xcd, 0x8b, 0x91, 0x9c,
    0xd6, 0xc5, 0xf2, 0xac, 0x74, 0xb5, 0x95, 0xbd, 0xd9, 0xe6, 0x3b, 0xf7,
    0x3b, 0xf7, 0x3b, 0xef, 0x9e, 0xff, 0xbe, 0xff, 0xbe, 0xff, 0x9d, 0xff,
    0xbe, 0xff, 0x9d, 0xf7, 0x9d, 0xff, 0x9e, 0xf7, 0xbe, 0xff, 0xbd, 0xff,
    0x9e, 0xf7, 0x9e, 0xff, 0xbd, 0xff, 0x9e, 0xf7, 0x9e, 0xf7, 0xbd, 0xff,
    0x9e, 0xff, 0x9e, 0xf7, 0x9d, 0xff, 0x9e, 0xff, 0x9e, 0xf7, 0x9d, 0xff,
    0x9e, 0xf7, 0x9e, 0xff, 0x9d, 0xff, 0x9e, 0xff, 0x9e, 0xf7, 0x9e, 0xff,
    0x9e, 0xff, 0x9d, 0xf7, 0x9e, 0xff, 0x9d, 0xf7, 0x9e, 0xf7, 0x9d, 0xff,
    0x9e, 0xf7, 0x9e, 0xff, 0x9d, 0xf7, 0x9e, 0xff, 0x9e, 0xff, 0x7d, 0xf7,
    0x9e, 0xf7, 0x9d, 0xff, 0x7d, 0xf7, 0x9d, 0xf7, 0x7d, 0xf7, 0x9e, 0xf7,
    0x7d, 0xff, 0x9d, 0xf7, 0x7e, 0xf7, 0x7d, 0xf7, 0x9d, 0xf7, 0x7e, 0xff,
    0x7e, 0xf7, 0x7d, 0xff, 0x7e, 0xf7, 0x7d, 0xf7, 0x5d, 0xef, 0x5e, 0xef,
    0x5e, 0xef, 0x5d, 0xef, 0x5e, 0xef, 0x5e, 0xef, 0x5d, 0xef, 0x5d, 0xef,
    0x5d, 0xef, 0x5d, 0xef, 0x5d, 0xef, 0x5d, 0xef, 0x5d, 0xef, 0x5d, 0xef,
    0x5d, 0xef, 0x5d, 0xef, 0x5d, 0xef, 0x5d, 0xef, 0x5d, 0xef, 0x7d, 0xef,
    0x5e, 0xef, 0x7e, 0xef, 0x5d, 0xef, 0x7d, 0xef, 0x7d, 0xef, 0x7d, 0xef,
    0x5d, 0xef, 0x7d, 0xef, 0x5d, 0xef, 0x7d, 0xef, 0x7e, 0xef, 0x7d, 0xef,
    0x7d, 0xf7, 0x7d, 0xef, 0x7d, 0xef, 0x7d, 0xf7, 0x7e, 0xef, 0x7d, 0xf7,
    0x7e, 0xef, 0x7d, 0xef, 0x7d, 0xf7, 0x7e, 0xef, 0x7d, 0xef, 0x7d, 0xef,
    0x7e, 0xf7, 0x7e, 0xf7, 0x9e, 0xef, 0x9e, 0xef, 0x9e, 0xef, 0x9e, 0xf7,
    0x9e, 0xf7, 0x7e, 0xf7, 0x7d, 0xf7, 0x7c, 0xf7, 0x3b, 0xf7, 0x3b, 0xf7,
    0x98, 0xe6, 0xee, 0x93, 0x26, 0x5a, 0x88, 0x6a, 0x67, 0x6a, 0x26, 0x62,
    0x67, 0x6a, 0x46, 0x62, 0x25, 0x62, 0x26, 0x62, 0x26, 0x5a, 0xc5, 0x51,
    0x64, 0x49, 0x43, 0x49, 0x22, 0x39, 0xe2, 0x38, 0xc1, 0x30, 0x02, 0x39,
    0x63, 0x41, 0xa4, 0x51, 0x26, 0x62, 0x88, 0x6a, 0x88, 0x6a, 0x05, 0x5a,
    0x4a, 0x83, 0x2a, 0x83, 0x2a, 0x83, 0x09, 0x7b, 0xec, 0x9b, 0x4e, 0xa4,
    0x6e, 0xac, 0xec, 0x9b, 0x8f, 0xac, 0xec, 0x9b, 0x29, 0x83, 0xe8, 0x7a,
    0xe8, 0x82, 0x09, 0x83, 0x08, 0x83, 0xe8, 0x7a, 0xe8, 0x82, 0x29, 0x8b,
    0x6a, 0x93, 0x6a, 0x93, 0x4a, 0x8b, 0x29, 0x8b, 0x49, 0x8b, 0x49, 0x8b,
    0x6a, 0x93, 0xab, 0x9b, 0x4a, 0x8b, 0xa7, 0x72, 0xc8, 0x7a, 0x87, 0x6a,
    0x05, 0x5a, 0xc3, 0x51, 0xc3, 0x51, 0x82, 0x49, 0x45, 0x62, 0xe4, 0x59,
    0xe4, 0x51, 0x05, 0x5a, 0x66, 0x6a, 0xa7, 0x6a, 0x66, 0x6a, 0x26, 0x62,
    0xe5, 0x59, 0xc4, 0x51, 0x83, 0x49, 0x43, 0x41, 0xe4, 0x59, 0x87, 0x6a,
    0x25, 0x62, 0x66, 0x6a, 0x87, 0x6a, 0x09, 0x73, 0x4b, 0x83, 0x6b, 0x7b,
    0x8c, 0x83, 0x6c, 0x7b, 0x12, 0xb5, 0x32, 0xb5, 0xd1, 0xa4, 0x12, 0xad,
    0xb1, 0xa4, 0xb9, 0xe6, 0x1b, 0xef, 0x5b, 0xf7, 0x9d, 0xff, 0x9d, 0xff,
    0xbd, 0xff, 0x9d, 0xff, 0x9d, 0xff, 0x9d, 0xff, 0x9d, 0xf7, 0x9d, 0xf7,
    0x9d, 0xff, 0x9d, 0xf7, 0x9d, 0xf7, 0x9d, 0xf7, 0xbe, 0xff, 0x9e, 0xff,
    0x9d, 0xf7, 0x9e, 0xf7, 0x9d, 0xf7, 0x9d, 0xf7, 0x9e, 0xf7, 0x9d, 0xff,
    0x7d, 0xf7, 0x9e, 0xf7, 0x9e, 0xff, 0x7d, 0xf7, 0x9d, 0xf7, 0x9e, 0xf7,
    0x7d, 0xff, 0x9d, 0xf7, 0x9e, 0xf7, 0x7d, 0xff, 0x7d, 0xf7, 0x7e, 0xf7,
    0x9d, 0xff, 0x9e, 0xf7, 0x7d, 0xf7, 0x7d, 0xf7, 0x7d, 0xf7, 0x7d, 0xf7,
    0x7d, 0xf7, 0x9e, 0xf7, 0x7d, 0xf7, 0x7d, 0xf7, 0x7d, 0xf7, 0x7d, 0xf7,
    0x7d, 0xf7, 0x7d, 0xf7, 0x7d, 0xf7, 0x7d, 0xf7, 0x7e, 0xf7, 0x7e, 0xff,
    0x7e, 0xf7, 0x7e, 0xf7, 0x9d, 0xf7, 0x9e, 0xf7, 0x7e, 0xff, 0x7e, 0xf7,
    0x5d, 0xef, 0x5d, 0xef, 0x5d, 0xef, 0x5d, 0xf7, 0x5d, 0xef, 0x5e, 0xef,
    0x5d, 0xef, 0x7d, 0xef, 0x5d, 0xf7, 0x5d, 0xef, 0x7e, 0xef, 0x5d, 0xef,
    0x5d, 0xef, 0x5d, 0xf7, 0x5d, 0xef, 0x5d, 0xef, 0x7e, 0xf7, 0x7d, 0xf7,
    0x7d, 0xef, 0x5d, 0xef, 0x5e, 0xf7, 0x7d, 0xef, 0x5d, 0xef, 0x5e, 0xef,
    0x7d, 0xef, 0x5d, 0xef, 0x7d, 0xef, 0x7d, 0xef, 0x5d, 0xef, 0x5d, 0xef,
    0x7e, 0xf7, 0x7d, 0xef, 0x7e, 0xf7, 0x7e, 0xf7, 0x7d, 0xef, 0x7e, 0xf7,
    0x7d, 0xef, 0x7e, 0xf7, 0x7d, 0xef, 0x7e, 0xf7, 0x7e, 0xf7, 0x7d, 0xef,
    0x7e, 0xf7, 0x7d, 0xf7, 0x9e, 0xf7, 0x7e, 0xf7, 0x7e, 0xf7, 0x9e, 0xef,
    0x9e, 0xef, 0x9e, 0xf7, 0x9e, 0xf7, 0x7d, 0xf7, 0x5c, 0xf7, 0x7d, 0xff,
    0x7c, 0xff, 0x5b, 0xff, 0x53, 0xc5, 0x2b, 0x7b, 0x67, 0x6a, 0x22, 0x39,
    0x84, 0x49, 0x05, 0x5a, 0x43, 0x41, 0xe4, 0x59, 0x25, 0x62, 0x05, 0x5a,
    0xe5, 0x51, 0xa4, 0x49, 0x22, 0x41, 0x03, 0x39, 0xc2, 0x30, 0xa1, 0x30,
    0xa1, 0x28, 0x80, 0x28, 0x60, 0x28, 0x60, 0x20, 0x02, 0x39, 0x22, 0x39,
    0xa4, 0x49, 0x47, 0x62, 0x87, 0x6a, 0x2a, 0x83, 0x4b, 0x83, 0x2a, 0x83,
    0x2a, 0x83, 0x2a, 0x83, 0xe8, 0x7a, 0x87, 0x6a, 0x66, 0x6a, 0x86, 0x6a,
    0x87, 0x72, 0xc8, 0x7a, 0xc8, 0x7a, 0x4a, 0x8b, 0xab, 0x9b, 0xec, 0xa3,
    0x0d, 0xa4, 0xcc, 0x9b, 0x8b, 0x93, 0x6a, 0x93, 0x6a, 0x93, 0x8a, 0x93,
    0x8b, 0x93, 0x8b, 0x93, 0xab, 0x93, 0x6a, 0x8b, 0xe8, 0x7a, 0x66, 0x6a,
    0x05, 0x5a, 0x25, 0x62, 0x45, 0x62, 0x46, 0x62, 0x82, 0x49, 0x83, 0x49,
    0x25, 0x62, 0x45, 0x62, 0x86, 0x6a, 0x66, 0x6a, 0x86, 0x6a, 0x66, 0x62,
    0x26, 0x62, 0x05, 0x5a, 0xc4, 0x51, 0x83, 0x49, 0x84, 0x51, 0xa4, 0x51,
    0xe5, 0x59, 0x66, 0x62, 0x63, 0x49, 0x05, 0x5a, 0xe9, 0x72, 0x6b, 0x8b,
    0x2a, 0x7b, 0x09, 0x73, 0xe9, 0x6a, 0xea, 0x6a, 0x0e, 0x8c, 0x70, 0x9c,
    0x0f, 0x94, 0xee, 0x8b, 0xee, 0x8b, 0xb5, 0xc5, 0x99, 0xde, 0xbd, 0xff,
    0x9d, 0xff, 0x9d, 0xff, 0x9d, 0xff, 0x9d, 0xf7, 0x9d, 0xff, 0x9d, 0xff,
    0x9d, 0xf7, 0xbd, 0xff, 0x9e, 0xff, 0x9d, 0xf7, 0x9e, 0xff, 0x9d, 0xff,
    0x9e, 0xf7, 0x9e, 0xff, 0x9e, 0xff, 0x9e, 0xff, 0x9d, 0xf7, 0x9e, 0xff,
    0x9e, 0xf7, 0x7d, 0xf7, 0x9d, 0xff, 0x9e, 0xf7, 0x7d, 0xf7, 0x9d, 0xff,
    0x9e, 0xf7, 0x7e, 0xf7, 0x9d, 0xff, 0x9d, 0xf7, 0x9e, 0xf7, 0x9e, 0xff,
    0x7d, 0xf7, 0x7d, 0xf7, 0x9e, 0xff, 0x9d, 0xf7, 0x7d, 0xf7, 0x7e, 0xff,
    0x9e, 0xf7, 0x7d, 0xf7, 0x9d, 0xf7, 0x7e, 0xff, 0x9d, 0xf7, 0x7d, 0xf7,
    0x7d, 0xf7, 0x7d, 0xff, 0x9d, 0xf7, 0x7d, 0xf7, 0x7d, 0xf7, 0x9d, 0xf7,
    0x7e, 0xff, 0x9e, 0xf7, 0x7d, 0xf7, 0x7e, 0xff, 0x7d, 0xf7, 0x7e, 0xf7,
    0x7d, 0xf7, 0x9e, 0xf7, 0x5d, 0xef, 0x5e, 0xef, 0x5e, 0xef, 0x5d, 0xef,
    0x5d, 0xef, 0x5d, 0xef, 0x5d, 0xf7, 0x5d, 0xef, 0x7d, 0xef, 0x5d, 0xef,
    0x5d, 0xef, 0x7d, 0xef, 0x5d, 0xef, 0x7e, 0xef, 0x5d, 0xef, 0x5d, 0xef,
    0x7e, 0xef, 0x7d, 0xef, 0x5d, 0xef, 0x7e, 0xf7, 0x7e, 0xef, 0x5d, 0xef,
    0x7d, 0xf7, 0x5e, 0xef, 0x5d, 0xef, 0x7d, 0xf7, 0x5d, 0xef, 0x5d, 0xef,
    0x7e, 0xf7, 0x5d, 0xef, 0x7d, 0xef, 0x7e, 0xf7, 0x7d, 0xef, 0x7d, 0xef,
    0x7e, 0xf7, 0x7e, 0xef, 0x7d, 0xef, 0x7d, 0xef, 0x7d, 0xf7, 0x7d, 0xef,
    0x7e, 0xef, 0x7d, 0xf7, 0x7e, 0xef, 0x7e, 0xef, 0x9e, 0xf7, 0x9d, 0xf7,
    0x7e, 0xef, 0x9e, 0xef, 0x9e, 0xf7, 0x7e, 0xf7, 0x9e, 0xf7, 0x7e, 0xf7,
    0x5c, 0xef, 0x7c, 0xff, 0xfa, 0xf6, 0x16, 0xd6, 0x8c, 0x8b, 0x8c, 0x8b,
    0xa9, 0x72, 0xc9, 0x72, 0x06, 0x5a, 0x84, 0x49, 0x46, 0x62, 0xc4, 0x51,
    0x05, 0x5a, 0xe4, 0x59, 0x84, 0x49, 0x63, 0x49, 0x02, 0x39, 0xc2, 0x38,
    0xa1, 0x30, 0x81, 0x28, 0x00, 0x18, 0x00, 0x18, 0x20, 0x18, 0x40, 0x20,
    0xe1, 0x30, 0xa0, 0x28, 0xa0, 0x28, 0x43, 0x41, 0x84, 0x51, 0x06, 0x5a,
    0x06, 0x5a, 0x05, 0x5a, 0x26, 0x62, 0x05, 0x62, 0x05, 0x5a, 0xe4, 0x59,
    0x05, 0x62, 0x25, 0x62, 0x45, 0x62, 0x46, 0x6a, 0xe8, 0x7a, 0x29, 0x83,
    0x49, 0x83, 0x29, 0x8b, 0x6a, 0x93, 0x29, 0x8b, 0xa7, 0x7a, 0x45, 0x6a,
    0x87, 0x72, 0x87, 0x7a, 0xa7, 0x72, 0xa7, 0x7a, 0x46, 0x6a, 0x46, 0x6a,
    0x66, 0x6a, 0xc8, 0x72, 0xa3, 0x51, 0xc4, 0x51, 0x26, 0x5a, 0x46, 0x62,
    0xc7, 0x72, 0xa7, 0x6a, 0x05, 0x5a, 0x05, 0x52, 0xc4, 0x51, 0x05, 0x5a,
    0x67, 0x6a, 0xc8, 0x72, 0x87, 0x6a, 0x67, 0x6a, 0x26, 0x62, 0xe4, 0x51,
    0xa4, 0x51, 0xe4, 0x51, 0xe5, 0x59, 0xe5, 0x59, 0x25, 0x62, 0x67, 0x62,
    0x66, 0x62, 0x87, 0x6a, 0x87, 0x62, 0x88, 0x62, 0xa8, 0x6a, 0xc9, 0x6a,
    0xc9, 0x6a, 0x0e, 0x94, 0xcd, 0x8b, 0x0b, 0x73, 0x2b, 0x73, 0xd1, 0xa4,
    0xd6, 0xc5, 0xdd, 0xff, 0x5c, 0xf7, 0x5c, 0xf7, 0x7c, 0xf7, 0x7c, 0xf7,
    0x7d, 0xf7, 0x9d, 0xf7, 0x9d, 0xf7, 0x9d, 0xf7, 0x9d, 0xff, 0xbe, 0xf7,
    0x9d, 0xff, 0xbd, 0xf7, 0x9e, 0xff, 0x9e, 0xf7, 0x9d, 0xf7, 0x9e, 0xff,
    0x9d, 0xf7, 0x9d, 0xf7, 0x7d, 0xf7, 0x7e, 0xf7, 0x9d, 0xf7, 0x7d, 0xf7,
    0x7e, 0xf7, 0x9d, 0xf7, 0x7d, 0xf7, 0x7d, 0xf7, 0x7e, 0xf7, 0x7d, 0xf7,
    0x7d, 0xf7, 0x9d, 0xf7, 0x9e, 0xf7, 0x7d, 0xf7, 0x7d, 0xf7, 0x7d, 0xf7,
    0x7d, 0xf7, 0x7d, 0xf7, 0x7d, 0xf7, 0x7d, 0xf7, 0x7d, 0xf7, 0x7d, 0xf7,
    0x7d, 0xf7, 0x9d, 0xf7, 0x7e, 0xf7, 0x7d, 0xf7, 0x9d, 0xf7, 0x7e, 0xf7,
    0x7d, 0xf7, 0x9d, 0xf7, 0x7e, 0xf7, 0x7d, 0xf7, 0x9e, 0xf7, 0x7e, 0xff,
    0x7e, 0xf7, 0x7d, 0xf7, 0x7e, 0xff, 0x7d, 0xf7, 0x5d, 0xef, 0x5d, 0xef,
    0x5e, 0xef, 0x5e, 0xef, 0x5d, 0xef, 0x5e, 0xef, 0x5d, 0xef, 0x5d, 0xef,
    0x5d, 0xef, 0x5d, 0xef, 0x5d, 0xf7, 0x5d, 0xef, 0x5d, 0xef, 0x7d, 0xef,
    0x5d, 0xef, 0x5d, 0xef, 0x7d, 0xf7, 0x5d, 0xef, 0x5d, 0xef, 0x7d, 0xef,
    0x5e, 0xef, 0x7e, 0xef, 0x7d, 0xf7, 0x5d, 0xef, 0x7d, 0xef, 0x7e, 0xf7,
    0x5d, 0xef, 0x7d, 0xef, 0x7d, 0xf7, 0x5d, 0xef, 0x7e, 0xef, 0x7d, 0xf7,
    0x5d, 0xef, 0x7d, 0xef, 0x7e, 0xf7, 0x7d, 0xf7, 0x7d, 0xef, 0x7e, 0xef,
    0x5e, 0xf7, 0x7d, 0xef, 0x7d, 0xf7, 0x7e, 0xf7, 0x7d, 0xef, 0x7d, 0xef,
    0x7e, 0xf7, 0x7e, 0xf7, 0x9e, 0xef, 0x9e, 0xef, 0x9e, 0xf7, 0x9e, 0xf7,
    0x7e, 0xef, 0x9e, 0xf7, 0x5c, 0xef, 0x5c, 0xf7, 0x16, 0xd6, 0x4f, 0xa4,
    0x4b, 0x83, 0x67, 0x6a, 0x88, 0x6a, 0x26, 0x5a, 0xc9, 0x72, 0xea, 0x7a,
    0xc8, 0x72, 0xe9, 0x72, 0xe4, 0x59, 0x83, 0x49, 0x83, 0x49, 0x22, 0x41,
    0xe1, 0x38, 0xc1, 0x30, 0x81, 0x28, 0x40, 0x20, 0xa1, 0x28, 0x60, 0x20,
    0x00, 0x18, 0x00, 0x10, 0x00, 0x10, 0x40, 0x20, 0xa0, 0x30, 0xc1, 0x30,
    0x84, 0x49, 0x63, 0x49, 0x84, 0x51, 0x06, 0x5a, 0xe5, 0x59, 0x83, 0x49,
    0x42, 0x49, 0xc4, 0x51, 0xc4, 0x59, 0x25, 0x62, 0xc7, 0x72, 0x29, 0x83,
    0x09, 0x83, 0x29, 0x83, 0xab, 0x93, 0x2d, 0xa4, 0xe8, 0x7a, 0xa7, 0x7a,
    0x66, 0x72, 0x46, 0x6a, 0x46, 0x6a, 0x66, 0x72, 0x66, 0x72, 0x66, 0x6a,
    0x05, 0x62, 0x83, 0x51, 0x83, 0x49, 0xe5, 0x59, 0xc4, 0x51, 0xc4, 0x51,
    0xe5, 0x51, 0xe5, 0x59, 0xc4, 0x51, 0x05, 0x5a, 0x62, 0x39, 0xa3, 0x49,
    0xa4, 0x49, 0xc4, 0x51, 0xe4, 0x51, 0xe5, 0x51, 0xc4, 0x51, 0x83, 0x49,
    0x42, 0x41, 0x02, 0x39, 0x42, 0x41, 0xa4, 0x51, 0xa4, 0x51, 0x21, 0x41,
    0xe5, 0x59, 0x46, 0x62, 0x46, 0x62, 0x26, 0x62, 0x26, 0x62, 0x67, 0x62,
    0xa8, 0x6a, 0xc9, 0x6a, 0x88, 0x62, 0xac, 0x83, 0x8c, 0x83, 0x2a, 0x73,
    0xa9, 0x62, 0xce, 0x8b, 0x12, 0xb5, 0x7c, 0xff, 0x3b, 0xf7, 0x3b, 0xf7,
    0x5b, 0xf7, 0x5c, 0xf7, 0x7c, 0xf7, 0x7c, 0xf7, 0x9d, 0xff, 0x9d, 0xf7,
    0x9d, 0xff, 0x9e, 0xf7, 0x9d, 0xf7, 0xbd, 0xff, 0x9e, 0xff, 0x9e, 0xff,
    0x9d, 0xf7, 0x9e, 0xff, 0x9e, 0xf7, 0x9d, 0xff, 0x7d, 0xf7, 0x9e, 0xff,
    0x7d, 0xf7, 0x9d, 0xff, 0x9e, 0xf7, 0x7e, 0xff, 0x9d, 0xf7, 0x9d, 0xff,
    0x9e, 0xf7, 0x7d, 0xff, 0x7d, 0xf7, 0x9e, 0xf7, 0x7d, 0xff, 0x9e, 0xf7,
    0x7d, 0xf7, 0x7d, 0xf7, 0x9d, 0xf7, 0x7d, 0xf7, 0x7d, 0xf7, 0x9d, 0xff,
    0x7d, 0xf7, 0x7d, 0xf7, 0x7d, 0xff, 0x7d, 0xf7, 0x7d, 0xf7, 0x7d, 0xf7,
    0x7d, 0xf7, 0x7d, 0xff, 0x7d, 0xf7, 0x7d, 0xf7, 0x7e, 0xff, 0x7e, 0xf7,
    0x7d, 0xf7, 0x9e, 0xf7, 0x7d, 0xf7, 0x9e, 0xff, 0x7e, 0xf7, 0x7e, 0xf7,
    0x5d, 0xef, 0x5d, 0xef, 0x5d, 0xef, 0x5d, 0xf7, 0x5e, 0xef, 0x5d, 0xef,
    0x7d, 0xef, 0x5d, 0xef, 0x7e, 0xef, 0x5d, 0xef, 0x7d, 0xef, 0x5d, 0xef,
    0x5d, 0xf7, 0x5d, 0xef, 0x5d, 0xef, 0x5d, 0xef, 0x7e, 0xf7, 0x5e, 0xef,
    0x7e, 0xef, 0x5d, 0xf7, 0x5d, 0xef, 0x7e, 0xef, 0x5d, 0xef, 0x5d, 0xef,
    0x7d, 0xef, 0x5d, 0xef, 0x5d, 0xef, 0x7d, 0xef, 0x5d, 0xef, 0x5d, 0xef,
    0x7d, 0xef, 0x5d, 0xef, 0x7e, 0xf7, 0x7e, 0xef, 0x7d, 0xef, 0x5d, 0xf7,
    0x7e, 0xef, 0x7d, 0xf7, 0x5d, 0xef, 0x7e, 0xef, 0x7e, 0xf7, 0x7d, 0xef,
    0x7e, 0xf7, 0x7d, 0xf7, 0x7e, 0xf7, 0x9e, 0xf7, 0x7e, 0xef, 0x9e, 0xf7,
    0xbf, 0xf7, 0xbe, 0xf7, 0x7d, 0xef, 0x1b, 0xef, 0xde, 0xff, 0xda, 0xee,
    0x12, 0xb5, 0x2a, 0x7b, 0x68, 0x62, 0x47, 0x62, 0xa8, 0x6a, 0x47, 0x62,
    0x06, 0x5a, 0x06, 0x5a, 0xe5, 0x51, 0xc8, 0x72, 0x09, 0x7b, 0x46, 0x62,
    0x83, 0x49, 0x22, 0x39, 0x80, 0x28, 0x40, 0x20, 0x81, 0x28, 0x03, 0x39,
    0xa1, 0x28, 0xa1, 0x28, 0x60, 0x20, 0x40, 0x20, 0x00, 0x10, 0x60, 0x20,
    0xa1, 0x28, 0x80, 0x28, 0xe2, 0x30, 0xe2, 0x38, 0x43, 0x41, 0x63, 0x49,
    0x26, 0x62, 0x46, 0x62, 0x87, 0x6a, 0xa7, 0x72, 0xe9, 0x7a, 0xa8, 0x72,
    0x46, 0x6a, 0x25, 0x62, 0xa8, 0x72, 0x2a, 0x83, 0x2a, 0x83, 0xa7, 0x72,
    0x8b, 0x93, 0xec, 0xa3, 0x2d, 0xa4, 0xed, 0xa3, 0x0d, 0xa4, 0x8b, 0x93,
    0xe8, 0x7a, 0x66, 0x6a, 0x05, 0x62, 0xe5, 0x59, 0xc4, 0x51, 0xa4, 0x51,
    0x02, 0x41, 0xc5, 0x51, 0x06, 0x5a, 0xc4, 0x51, 0xe5, 0x51, 0xc5, 0x51,
    0x84, 0x41, 0x63, 0x41, 0x22, 0x39, 0x22, 0x39, 0x02, 0x39, 0x02, 0x39,
    0x23, 0x39, 0x42, 0x41, 0x23, 0x41, 0x42, 0x41, 0xc5, 0x59, 0x42, 0x41,
    0x22, 0x41, 0x83, 0x49, 0xa4, 0x51, 0x46, 0x6a, 0x87, 0x6a, 0x46, 0x62,
    0x87, 0x6a, 0x67, 0x62, 0x46, 0x5a, 0x06, 0x5a, 0x47, 0x62, 0x0a, 0x73,
    0x4b, 0x7b, 0x0a, 0x73, 0x88, 0x62, 0x6c, 0x7b, 0xf1, 0xac, 0x78, 0xde,
    0xb8, 0xde, 0xd5, 0xc5, 0x98, 0xde, 0xd9, 0xe6, 0x1a, 0xef, 0xfa, 0xe6,
    0x5c, 0xef, 0xfe, 0xff, 0x9e, 0xff, 0x9d, 0xff, 0x9e, 0xf7, 0x9e, 0xf7,
    0x9e, 0xff, 0xbe, 0xff, 0x9d, 0xf7, 0x9e, 0xff, 0x9e, 0xf7, 0x9d, 0xf7,
    0x7e, 0xff, 0x7d, 0xf7, 0x9e, 0xf7, 0x7d, 0xf7, 0x7d, 0xff, 0x9e, 0xf7,
    0x7d, 0xf7, 0x7e, 0xf7, 0x9d, 0xf7, 0x9e, 0xff, 0x9e, 0xf7, 0x7d, 0xf7,
    0x9d, 0xff, 0x9e, 0xf7, 0x7d, 0xf7, 0x7d, 0xff, 0x9d, 0xf7, 0x7d, 0xf7,
    0x7d, 0xf7, 0x9d, 0xf7, 0x7d, 0xf7, 0x9e, 0xf7, 0x9d, 0xf7, 0x7d, 0xf7,
    0x9d, 0xf7, 0x7d, 0xff, 0x9d, 0xf7, 0x7d, 0xf7, 0x9d, 0xf7, 0x7d, 0xf7,
    0x9e, 0xff, 0x7e, 0xf7, 0x7d, 0xf7, 0x7e, 0xff, 0x7d, 0xf7, 0x9e, 0xf7,
    0x7d, 0xf7, 0x7e, 0xf7, 0x5e, 0xef, 0x5e, 0xef, 0x5d, 0xef, 0x5d, 0xef,
    0x5e, 0xef, 0x5d, 0xef, 0x5d, 0xf7, 0x5d, 0xef, 0x5d, 0xef, 0x7d, 0xf7,
    0x5d, 0xef, 0x5d, 0xef, 0x7d, 0xef, 0x5e, 0xef, 0x5d, 0xef, 0x7d, 0xef,
    0x7e, 0xef, 0x5e, 0xef, 0x7e, 0xf7, 0x7d, 0xef, 0x5e, 0xef, 0x7e, 0xf7,
    0x7d, 0xef, 0x5d, 0xf7, 0x7e, 0xef, 0x7d, 0xf7, 0x5d, 0xef, 0x7d, 0xf7,
    0x7e, 0xef, 0x5d, 0xf7, 0x7d, 0xef, 0x5e, 0xef, 0x7d, 0xf7, 0x7d, 0xef,
    0x7e, 0xef, 0x5d, 0xef, 0x7d, 0xf7, 0x7e, 0xef, 0x7d, 0xef, 0x7d, 0xf7,
    0x7e, 0xef, 0x7d, 0xef, 0x7e, 0xf7, 0x7d, 0xef, 0x9e, 0xf7, 0x9e, 0xf7,
    0x7e, 0xef, 0x9e, 0xf7, 0x9e, 0xf7, 0x9e, 0xf7, 0x7d, 0xf7, 0x3c, 0xef,
    0x3c, 0xf7, 0x13, 0xb5, 0x6c, 0x83, 0xe9, 0x72, 0x47, 0x62, 0xa9, 0x6a,
    0x06, 0x5a, 0x88, 0x6a, 0x2b, 0x7b, 0xea, 0x72, 0x6b, 0x83, 0x67, 0x62,
    0xa8, 0x6a, 0x05, 0x5a, 0x83, 0x49, 0x22, 0x39, 0x23, 0x41, 0xa1, 0x30,
    0x81, 0x28, 0xc2, 0x30, 0x03, 0x39, 0xe3, 0x30, 0xc2, 0x30, 0xa1, 0x28,
    0x20, 0x18, 0x40, 0x18, 0xc1, 0x30, 0x84, 0x49, 0xc5, 0x51, 0x05, 0x52,
    0x26, 0x62, 0x26, 0x5a, 0x88, 0x6a, 0xa8, 0x72, 0xe8, 0x7a, 0xe9, 0x7a,
    0xc8, 0x7a, 0xc8, 0x72, 0xe9, 0x7a, 0x09, 0x83, 0x25, 0x62, 0xa7, 0x72,
    0x29, 0x83, 0x6b, 0x93, 0x6a, 0x93, 0xec, 0x9b, 0x0d, 0xa4, 0xec, 0xa3,
    0x0d, 0xa4, 0xcc, 0x9b, 0x2a, 0x8b, 0xc8, 0x7a, 0xc8, 0x7a, 0x46, 0x6a,
    0xc4, 0x51, 0x63, 0x49, 0x22, 0x41, 0x84, 0x49, 0xc5, 0x51, 0xa5, 0x51,
    0xe5, 0x51, 0xa4, 0x49, 0x44, 0x41, 0x23, 0x39, 0xc2, 0x30, 0x02, 0x39,
    0x43, 0x41, 0x84, 0x49, 0x84, 0x49, 0x84, 0x49, 0x84, 0x49, 0x84, 0x51,
    0x05, 0x5a, 0xc5, 0x51, 0xc5, 0x51, 0x05, 0x5a, 0xe5, 0x59, 0x66, 0x6a,
    0xa7, 0x72, 0x67, 0x6a, 0x26, 0x62, 0x46, 0x62, 0x87, 0x6a, 0x88, 0x6a,
    0x67, 0x62, 0xa8, 0x6a, 0xc8, 0x6a, 0xa8, 0x62, 0x67, 0x62, 0x0a, 0x73,
    0x0e, 0x94, 0x74, 0xbd, 0x16, 0xce, 0x74, 0xbd, 0x57, 0xd6, 0xda, 0xe6,
    0x57, 0xd6, 0x78, 0xd6, 0xda, 0xde, 0x7c, 0xf7, 0x9d, 0xf7, 0x9d, 0xff,
    0x9e, 0xff, 0x9e, 0xf7, 0x9e, 0xff, 0x9e, 0xf7, 0x9d, 0xf7, 0x9e, 0xff,
    0x9d, 0xf7, 0x9e, 0xf7, 0x7d, 0xf7, 0x9d, 0xf7, 0x9e, 0xf7, 0x7d, 0xf7,
    0x9d, 0xf7, 0x9d, 0xf7, 0x7e, 0xff, 0x7d, 0xf7, 0x9d, 0xf7, 0x7d, 0xf7,
    0x7d, 0xf7, 0x9d, 0xf7, 0x7e, 0xf7, 0x7d, 0xf7, 0x7d, 0xf7, 0x7d, 0xf7,
    0x7d, 0xf7, 0x7e, 0xf7, 0x7d, 0xf7, 0x7d, 0xf7, 0x7d, 0xf7, 0x7d, 0xf7,
    0x7d, 0xf7, 0x7d, 0xf7, 0x7e, 0xf7, 0x9d, 0xf7, 0x7d, 0xf7, 0x7e, 0xf7,
    0x7d, 0xf7, 0x7d, 0xf7, 0x7e, 0xf7, 0x9d, 0xf7, 0x7e, 0xff, 0x7e, 0xf7,
    0x7e, 0xf7, 0x7d, 0xff, 0x7e, 0xf7, 0x7d, 0xf7, 0x5d, 0xef, 0x5d, 0xef,
    0x5d, 0xef, 0x5d, 0xef, 0x5e, 0xef, 0x5e, 0xef, 0x5d, 0xef, 0x5d, 0xef,
    0x5d, 0xef, 0x5d, 0xef, 0x5d, 0xef, 0x5d, 0xef, 0x7d, 0xef, 0x5d, 0xef,
    0x5d, 0xf7, 0x5d, 0xef, 0x7d, 0xef, 0x5d, 0xf7, 0x5d, 0xef, 0x7d, 0xef,
    0x5e, 0xef, 0x5d, 0xef, 0x7d, 0xf7, 0x5d, 0xef, 0x5e, 0xef, 0x7d, 0xef,
    0x5d, 0xf7, 0x5d, 0xef, 0x7d, 0xef, 0x7e, 0xef, 0x5d, 0xf7, 0x5d, 0xef,
    0x7e, 0xef, 0x7d, 0xf7, 0x5d, 0xef, 0x7e, 0xf7, 0x7d, 0xef, 0x5e, 0xef,
    0x7d, 0xf7, 0x7d, 0xef, 0x7e, 0xf7, 0x7e, 0xf7, 0x7d, 0xef, 0x7d, 0xef,
    0x7e, 0xf7, 0x9e, 0xf7, 0x9e, 0xef, 0x9e, 0xef, 0x7d, 0xef, 0x7d, 0xf7,
    0x7d, 0xf7, 0x3c, 0xef, 0xd6, 0xc5, 0xee, 0x8b, 0xc9, 0x6a, 0xa8, 0x6a,
    0xa8, 0x6a, 0x27, 0x5a, 0xea, 0x72, 0x88, 0x6a, 0x06, 0x5a, 0xea, 0x7a,
    0x67, 0x62, 0x67, 0x62, 0x46, 0x62, 0xc4, 0x51, 0x63, 0x41, 0x22, 0x39,
    0x64, 0x41, 0xe2, 0x30, 0xa2, 0x28, 0xe3, 0x30, 0x03, 0x39, 0x03, 0x31,
    0xc1, 0x28, 0xa1, 0x28, 0x81, 0x28, 0xa1, 0x28, 0x23, 0x39, 0xe6, 0x51,
    0x06, 0x5a, 0x47, 0x62, 0x68, 0x6a, 0x06, 0x5a, 0x47, 0x6a, 0x88, 0x6a,
    0xa8, 0x72, 0xc8, 0x72, 0xe8, 0x7a, 0xc8, 0x72, 0xa7, 0x72, 0x87, 0x6a,
    0x67, 0x72, 0x25, 0x62, 0xe5, 0x61, 0x25, 0x62, 0xe8, 0x7a, 0x4a, 0x8b,
    0x8b, 0x93, 0x4a, 0x8b, 0x8b, 0x93, 0xab, 0x93, 0xec, 0x9b, 0x0d, 0x9c,
    0x6b, 0x8b, 0x09, 0x7b, 0x87, 0x6a, 0x06, 0x5a, 0xc5, 0x51, 0x64, 0x41,
    0x43, 0x41, 0x84, 0x41, 0xa5, 0x49, 0x85, 0x49, 0x44, 0x41, 0x23, 0x39,
    0x03, 0x39, 0x23, 0x39, 0x85, 0x41, 0xa5, 0x49, 0x23, 0x39, 0x23, 0x39,
    0x22, 0x39, 0x22, 0x41, 0x22, 0x41, 0xc5, 0x51, 0x88, 0x72, 0xe9, 0x7a,
    0x05, 0x62, 0xa8, 0x72, 0xe8, 0x7a, 0xa7, 0x72, 0x66, 0x6a, 0x87, 0x6a,
    0xc8, 0x72, 0xe9, 0x7a, 0x67, 0x6a, 0x26, 0x5a, 0x05, 0x52, 0x26, 0x5a,
    0x27, 0x5a, 0xa9, 0x62, 0x4b, 0x73, 0x4f, 0x94, 0x94, 0xc5, 0xf1, 0xac,
    0x94, 0xbd, 0x57, 0xd6, 0xd5, 0xc5, 0x78, 0xd6, 0x3b, 0xef, 0x5c, 0xf7,
    0x9e, 0xf7, 0xbd, 0xf7, 0x9e, 0xff, 0x9d, 0xf7, 0x9e, 0xff, 0x9e, 0xff,
    0x9d, 0xf7, 0x9e, 0xff, 0x9d, 0xff, 0x9e, 0xf7, 0x7d, 0xff, 0x7d, 0xf7,
    0x9e, 0xff, 0x7e, 0xff, 0x7d, 0xf7, 0x9d, 0xf7, 0x9e, 0xf7, 0x7d, 0xff,
    0x9e, 0xf7, 0x7e, 0xf7, 0x9d, 0xff, 0x9e, 0xff, 0x7d, 0xf7, 0x9d, 0xff,
    0x7d, 0xf7, 0x7d, 0xf7, 0x9d, 0xf7, 0x7d, 0xff, 0x9d, 0xf7, 0x7d, 0xf7,
    0x7e, 0xff, 0x9d, 0xf7, 0x7d, 0xf7, 0x7d, 0xff, 0x7d, 0xf7, 0x7d, 0xf7,
    0x7d, 0xf7, 0x9d, 0xf7, 0x7d, 0xff, 0x7d, 0xf7, 0x7e, 0xf7, 0x9e, 0xff,
    0x7d, 0xf7, 0x9e, 0xf7, 0x9d, 0xf7, 0x7e, 0xff, 0x7e, 0xf7, 0x9e, 0xf7,
    0x5d, 0xef, 0x5d, 0xef, 0x5d, 0xf7, 0x5d, 0xef, 0x5d, 0xef, 0x5d, 0xf7,
    0x7d, 0xef, 0x5d, 0xef, 0x7e, 0xef, 0x5d, 0xef, 0x5d, 0xef, 0x7d, 0xf7,
    0x5d, 0xef, 0x5d, 0xef, 0x5d, 0xef, 0x5d, 0xef, 0x7d, 0xf7, 0x7d, 0xef,
    0x5d, 0xef, 0x7d, 0xf7, 0x7e, 0xef, 0x5e, 0xef, 0x7d, 0xef, 0x7d, 0xef,
    0x5d, 0xef, 0x7d, 0xef, 0x7d, 0xef, 0x5d, 0xef, 0x5d, 0xef, 0x7d, 0xef,
    0x5d, 0xef, 0x7d, 0xef, 0x7e, 0xf7, 0x7d, 0xef, 0x7d, 0xf7, 0x7e, 0xef,
    0x7d, 0xef, 0x7d, 0xf7, 0x5e, 0xef, 0x7d, 0xef, 0x7d, 0xf7, 0x7e, 0xef,
    0x7d, 0xf7, 0x7d, 0xef, 0x7d, 0xef, 0x7d, 0xf7, 0x7d, 0xef, 0x7d, 0xf7,
    0x3c, 0xe7, 0x5d, 0xef, 0x9d, 0xf7, 0x58, 0xd6, 0x50, 0x94, 0xad, 0x83,
    0xea, 0x6a, 0x06, 0x52, 0x68, 0x62, 0xc9, 0x6a, 0xa9, 0x6a, 0x0a, 0x73,
    0x6b, 0x83, 0x47, 0x62, 0x06, 0x52, 0xc4, 0x49, 0xe5, 0x51, 0x83, 0x49,
    0x63, 0x41, 0x43, 0x39, 0x02, 0x39, 0xe2, 0x30, 0x03, 0x39, 0x85, 0x41,
    0xc2, 0x28, 0xa1, 0x28, 0x60, 0x20, 0x40, 0x20, 0xe2, 0x30, 0x64, 0x41,
    0x85, 0x49, 0x64, 0x41, 0x84, 0x49, 0xc5, 0x51, 0xc5, 0x51, 0x63, 0x49,
    0x84, 0x49, 0xa4, 0x51, 0xc5, 0x59, 0x05, 0x5a, 0xa4, 0x51, 0x05, 0x5a,
    0x47, 0x6a, 0xa7, 0x72, 0xa7, 0x72, 0x26, 0x62, 0x26, 0x6a, 0x87, 0x72,
    0x05, 0x62, 0x87, 0x72, 0xc8, 0x7a, 0x87, 0x72, 0x2a, 0x83, 0xc8, 0x7a,
    0x67, 0x6a, 0x26, 0x62, 0x05, 0x5a, 0xe5, 0x51, 0xa5, 0x49, 0x84, 0x49,
    0x47, 0x5a, 0x85, 0x41, 0x23, 0x39, 0x64, 0x41, 0xa5, 0x49, 0x85, 0x49,
    0x44, 0x39, 0x23, 0x39, 0x85, 0x49, 0x84, 0x49, 0x64, 0x41, 0x64, 0x41,
    0x64, 0x49, 0x84, 0x49, 0x84, 0x49, 0x63, 0x49, 0x83, 0x49, 0x05, 0x5a,
    0x26, 0x62, 0xc4, 0x59, 0x66, 0x6a, 0xc8, 0x72, 0x09, 0x7b, 0xc8, 0x7a,
    0x09, 0x83, 0xc8, 0x7a, 0xa7, 0x72, 0x87, 0x6a, 0x46, 0x6a, 0xa4, 0x51,
    0x83, 0x41, 0xc4, 0x49, 0xa4, 0x49, 0x88, 0x62, 0xe9, 0x72, 0x6b, 0x83,
    0x11, 0xb5, 0x2e, 0x94, 0xb0, 0xa4, 0x53, 0xb5, 0x53, 0xb5, 0x99, 0xd6,
    0x9d, 0xf7, 0xbd, 0xff, 0x9d, 0xf7, 0x9d, 0xf7, 0x9e, 0xf7, 0x9d, 0xf7,
    0x9d, 0xff, 0x9e, 0xff, 0x9d, 0xf7, 0x9d, 0xf7, 0x9e, 0xf7, 0x9e, 0xff,
    0x7d, 0xf7, 0x9d, 0xf7, 0x9d, 0xf7, 0x7e, 0xf7, 0x7d, 0xf7, 0x9e, 0xff,
    0x7d, 0xf7, 0x9d, 0xf7, 0x7d, 0xff, 0x9e, 0xf7, 0x7d, 0xf7, 0x7d, 0xf7,
    0x9e, 0xf7, 0x9e, 0xf7, 0x7d, 0xf7, 0x7d, 0xf7, 0x9d, 0xf7, 0x7d, 0xf7,
    0x7d, 0xf7, 0x9d, 0xf7, 0x7d, 0xf7, 0x7d, 0xf7, 0x9d, 0xf7, 0x7d, 0xf7,
    0x9d, 0xf7, 0x7d, 0xf7, 0x7d, 0xf7, 0x9d, 0xf7, 0x7d, 0xf7, 0x7d, 0xf7,
    0x9e, 0xf7, 0x7e, 0xf7, 0x7d, 0xf7, 0x7e, 0xf7, 0x7e, 0xff, 0x7d, 0xf7,
    0x9e, 0xf7, 0x7d, 0xf7, 0x5d, 0xef, 0x5d, 0xef, 0x7d, 0xef, 0x5d, 0xef,
    0x5d, 0xef, 0x5d, 0xef, 0x5d, 0xef, 0x5d, 0xef, 0x7d, 0xf7, 0x5d, 0xef,
    0x5d, 0xef, 0x5d, 0xef, 0x5d, 0xef, 0x7d, 0xef, 0x5e, 0xef, 0x5d, 0xef,
    0x7e, 0xef, 0x5d, 0xef, 0x5d, 0xef, 0x7d, 0xf7, 0x5d, 0xef, 0x5d, 0xef,
    0x7d, 0xf7, 0x5e, 0xf7, 0x5d, 0xef, 0x7d, 0xf7, 0x7e, 0xef, 0x5d, 0xf7,
    0x7d, 0xf7, 0x5e, 0xef, 0x7d, 0xef, 0x5d, 0xf7, 0x7e, 0xef, 0x7d, 0xef,
    0x5e, 0xf7, 0x7d, 0xef, 0x7d, 0xf7, 0x5e, 0xef, 0x7d, 0xef, 0x7d, 0xf7,
    0x7e, 0xf7, 0x3d, 0xef, 0x3c, 0xef, 0x7d, 0xf7, 0x7d, 0xf7, 0x7d, 0xf7,
    0x7d, 0xf7, 0x7d, 0xf7, 0xbe, 0xff, 0x1b, 0xe7, 0x3c, 0xef, 0x74, 0xb5,
    0x8c, 0x7b, 0xa9, 0x62, 0x06, 0x52, 0xa4, 0x49, 0x84, 0x41, 0xc5, 0x49,
    0x06, 0x52, 0xe6, 0x51, 0x88, 0x62, 0x88, 0x62, 0x06, 0x52, 0x23, 0x39,
    0x22, 0x39, 0x43, 0x39, 0x43, 0x39, 0x43, 0x39, 0xc1, 0x28, 0xe3, 0x30,
    0xe2, 0x30, 0xa1, 0x28, 0x81, 0x20, 0x60, 0x20, 0x60, 0x20, 0xc2, 0x30,
    0x43, 0x39, 0x85, 0x49, 0xa5, 0x49, 0x43, 0x41, 0x64, 0x49, 0xa5, 0x51,
    0xc5, 0x51, 0x84, 0x49, 0x68, 0x6a, 0x47, 0x62, 0x26, 0x62, 0x26, 0x62,
    0xc9, 0x7a, 0x2a, 0x83, 0xc8, 0x7a, 0x67, 0x6a, 0xc5, 0x59, 0x84, 0x51,
    0x63, 0x49, 0x42, 0x49, 0x42, 0x41, 0x43, 0x49, 0x83, 0x51, 0xa4, 0x51,
    0x83, 0x49, 0x43, 0x49, 0x22, 0x41, 0x02, 0x39, 0xe3, 0x38, 0xe3, 0x30,
    0x03, 0x39, 0x03, 0x39, 0x03, 0x31, 0x03, 0x39, 0x03, 0x39, 0x03, 0x39,
    0x03, 0x39, 0x03, 0x39, 0x23, 0x39, 0x03, 0x39, 0x03, 0x39, 0x03, 0x39,
    0x43, 0x41, 0x64, 0x41, 0x83, 0x49, 0x63, 0x41, 0x63, 0x49, 0x63, 0x49,
    0x83, 0x49, 0xa3, 0x51, 0xc4, 0x51, 0xc4, 0x59, 0x67, 0x6a, 0xc8, 0x7a,
    0xe9, 0x82, 0x09, 0x83, 0xc8, 0x7a, 0xa7, 0x72, 0x25, 0x62, 0xc4, 0x59,
    0x25, 0x62, 0x83, 0x49, 0x21, 0x39, 0x22, 0x41, 0x22, 0x41, 0x46, 0x62,
    0x2a, 0x7b, 0x6b, 0x83, 0xab, 0x8b, 0xcc, 0x8b, 0x4b, 0x7b, 0x90, 0x9c,
    0x36, 0xce, 0xda, 0xe6, 0x5c, 0xf7, 0x7d, 0xf7, 0x7d, 0xf7, 0x7d, 0xf7,
    0x7d, 0xf7, 0x9d, 0xf7, 0x9e, 0xf7, 0x9e, 0xf7, 0x9d, 0xff, 0x9e, 0xf7,
    0x9d, 0xf7, 0x9e, 0xff, 0x7d, 0xf7, 0x7e, 0xf7, 0x9d, 0xf7, 0x9d, 0xf7,
    0x7e, 0xff, 0x9d, 0xf7, 0x7e, 0xf7, 0x7d, 0xf7, 0x9d, 0xf7, 0x9e, 0xf7,
    0x7d, 0xf7, 0x7d, 0xff, 0x9e, 0xf7, 0x9d, 0xf7, 0x7d, 0xf7, 0x7d, 0xff,
    0x7e, 0xf7, 0x7d, 0xf7, 0x7d, 0xf7, 0x7e, 0xf7, 0x7d, 0xf7, 0x7d, 0xff,
    0x7e, 0xf7, 0x7d, 0xf7, 0x7d, 0xf7, 0x9e, 0xff, 0x7d, 0xf7, 0x7d, 0xf7,
    0x7d, 0xf7, 0x7d, 0xf7, 0x7e, 0xf7, 0x7d, 0xf7, 0x7d, 0xf7, 0x7e, 0xf7,
    0x7d, 0xf7, 0x7d, 0xf7, 0x7d, 0xf7, 0x7e, 0xf7, 0x5d, 0xef, 0x5d, 0xef,
    0x7d, 0xef, 0x5d, 0xef, 0x5e, 0xef, 0x7d, 0xef, 0x5d, 0xef, 0x5d, 0xef,
    0x5d, 0xef, 0x7d, 0xef, 0x5d, 0xef, 0x5d, 0xef, 0x7d, 0xef, 0x5d, 0xf7,
    0x5d, 0xef, 0x5d, 0xef, 0x7d, 0xf7, 0x7e, 0xef, 0x5d, 0xef, 0x7d, 0xef,
    0x7e, 0xef, 0x5d, 0xef, 0x7d, 0xef, 0x7d, 0xef, 0x5e, 0xef, 0x5d, 0xef,
    0x7d, 0xef, 0x5e, 0xef, 0x7d, 0xef, 0x7d, 0xef, 0x5e, 0xf7, 0x5d, 0xef,
    0x7d, 0xef, 0x7e, 0xf7, 0x5d, 0xef, 0x7d, 0xef, 0x7e, 0xf7, 0x7e, 0xef,
    0x7d, 0xef, 0x7d, 0xef, 0x7e, 0xef, 0x5d, 0xef, 0x5d, 0xef, 0x7d, 0xf7,
    0x7d, 0xf7, 0x7d, 0xf7, 0x7c, 0xf7, 0x7c, 0xf7, 0x3b, 0xef, 0x3c, 0xef,
    0x78, 0xd6, 0x50, 0x94, 0x8c, 0x7b, 0xc9, 0x6a, 0x67, 0x5a, 0x26, 0x52,
    0x07, 0x5a, 0xe6, 0x51, 0xc5, 0x49, 0x84, 0x49, 0xa1, 0x28, 0x80, 0x20,
    0xc2, 0x28, 0x84, 0x41, 0x02, 0x31, 0x02, 0x31, 0x02, 0x31, 0x43, 0x39,
    0x23, 0x39, 0xa2, 0x28, 0xa1, 0x28, 0xe2, 0x30, 0x61, 0x20, 0x81, 0x28,
    0xe2, 0x30, 0x64, 0x41, 0xa5, 0x51, 0x44, 0x41, 0x64, 0x49, 0xa5, 0x51,
    0x64, 0x41, 0x84, 0x49, 0xc5, 0x51, 0xa5, 0x51, 0x26, 0x62, 0x27, 0x62,
    0x47, 0x6a, 0x67, 0x6a, 0x26, 0x62, 0x06, 0x62, 0xc4, 0x59, 0x43, 0x49,
    0x22, 0x41, 0xe1, 0x38, 0xc1, 0x38, 0xa0, 0x30, 0xa0, 0x30, 0x80, 0x30,
    0x40, 0x28, 0x40, 0x28, 0x40, 0x20, 0x60, 0x28, 0xa0, 0x30, 0xa1, 0x30,
    0xa2, 0x28, 0xa2, 0x28, 0xa2, 0x28, 0xa2, 0x30, 0xc2, 0x30, 0xc2, 0x30,
    0xe2, 0x30, 0xe2, 0x30, 0xe2, 0x30, 0xe2, 0x30, 0xe2, 0x30, 0xe2, 0x30,
    0x02, 0x39, 0x23, 0x41, 0x64, 0x49, 0x84, 0x49, 0x83, 0x49, 0x63, 0x49,
    0x63, 0x49, 0x62, 0x49, 0xe5, 0x59, 0xc4, 0x51, 0x82, 0x51, 0x42, 0x49,
    0x46, 0x6a, 0x66, 0x6a, 0xa7, 0x72, 0xc7, 0x7a, 0xc8, 0x82, 0x87, 0x72,
    0x05, 0x6a, 0xc4, 0x59, 0xe4, 0x59, 0xc4, 0x59, 0x42, 0x49, 0x21, 0x39,
    0x63, 0x49, 0x46, 0x62, 0xe8, 0x7a, 0x09, 0x7b, 0x6b, 0x83, 0xe8, 0x72,
    0x2a, 0x7b, 0x12, 0xad, 0x16, 0xce, 0xd9, 0xe6, 0xbd, 0xff, 0xfe, 0xff,
    0x7d, 0xf7, 0x7d, 0xf7, 0x7d, 0xf7, 0x7d, 0xf7, 0x9d, 0xf7, 0x7d, 0xf7,
    0x9e, 0xff, 0x7e, 0xf7, 0x7d, 0xf7, 0x7d, 0xf7, 0x9e, 0xf7, 0x7d, 0xff,
    0x7e, 0xf7, 0x9d, 0xf7, 0x9d, 0xf7, 0x7d, 0xf7, 0x9e, 0xff, 0x9d, 0xf7,
    0x7e, 0xf7, 0x9d, 0xff, 0x9d, 0xf7, 0x7e, 0xf7, 0x7d, 0xff, 0x9d, 0xf7,
    0x7d, 0xf7, 0x7d, 0xf7, 0x9d, 0xf7, 0x7d, 0xff, 0x9d, 0xf7, 0x7d, 0xf7,
    0x9d, 0xf7, 0x7d, 0xf7, 0x7d, 0xf7, 0x9d, 0xf7, 0x7d, 0xf7, 0x7d, 0xf7,
    0x7d, 0xf7, 0x9e, 0xff, 0x7d, 0xf7, 0x7d, 0xf7, 0x7e, 0xff, 0x7d, 0xf7,
    0x7e, 0xf7, 0x7d, 0xff, 0x7e, 0xf7, 0x7e, 0xf7, 0x7d, 0xf7, 0x7e, 0xf7,
    0x5d, 0xef, 0x5d, 0xef, 0x5d, 0xef, 0x5d, 0xf7, 0x7d, 0xef, 0x5d, 0xef,
    0x5d, 0xf7, 0x7e, 0xef, 0x5d, 0xef, 0x5d, 0xef, 0x5e, 0xf7, 0x7d, 0xef,
    0x5d, 0xef, 0x5e, 0xef, 0x7d, 0xef, 0x5d, 0xef, 0x7d, 0xf7, 0x5d, 0xef,
    0x7d, 0xef, 0x5d, 0xf7, 0x5d, 0xf7, 0x7e, 0xef, 0x5d, 0xef, 0x7d, 0xf7,
    0x7d, 0xef, 0x5d, 0xef, 0x5d, 0xf7, 0x7d, 0xef, 0x5d, 0xef, 0x5d, 0xef,
    0x7d, 0xef, 0x5d, 0xef, 0x7e, 0xf7, 0x7d, 0xef, 0x7d, 0xef, 0x5e, 0xf7,
    0x7d, 0xef, 0x7d, 0xf7, 0x5e, 0xf7, 0x7d, 0xef, 0x5d, 0xef, 0x7d, 0xef,
    0x7d, 0xf7, 0x5d, 0xef, 0x7d, 0xf7, 0x7c, 0xf7, 0x5c, 0xf7, 0x7c, 0xf7,
    0xfa, 0xe6, 0x1b, 0xe7, 0x13, 0xad, 0x4b, 0x73, 0x2b, 0x6b, 0x88, 0x5a,
    0x47, 0x5a, 0x26, 0x52, 0x27, 0x5a, 0xe5, 0x49, 0x64, 0x41, 0x43, 0x39,
    0x64, 0x39, 0xe2, 0x28, 0xc1, 0x28, 0x03, 0x31, 0xe2, 0x28, 0xe2, 0x30,
    0xe2, 0x30, 0x02, 0x31, 0x03, 0x39, 0xc1, 0x28, 0xc1, 0x28, 0x02, 0x31,
    0xc2, 0x30, 0x23, 0x39, 0x85, 0x49, 0xa5, 0x51, 0xe6, 0x59, 0x85, 0x49,
    0x84, 0x49, 0xe6, 0x59, 0x44, 0x49, 0x63, 0x49, 0xa4, 0x51, 0xc5, 0x51,
    0x27, 0x62, 0x47, 0x62, 0x67, 0x72, 0x67, 0x72, 0x67, 0x6a, 0xe5, 0x59,
    0xa4, 0x59, 0xa4, 0x59, 0x63, 0x51, 0x22, 0x49, 0x01, 0x41, 0xe1, 0x40,
    0xe1, 0x40, 0xc1, 0x38, 0x80, 0x30, 0x80, 0x30, 0xa1, 0x38, 0xe1, 0x38,
    0x23, 0x41, 0x23, 0x41, 0x44, 0x41, 0x24, 0x41, 0x24, 0x41, 0x24, 0x39,
    0xe3, 0x30, 0xe2, 0x38, 0xc2, 0x38, 0xe2, 0x38, 0xc2, 0x30, 0xc2, 0x30,
    0xc1, 0x38, 0xc1, 0x38, 0x43, 0x41, 0x63, 0x49, 0xa4, 0x51, 0xa4, 0x51,
    0x83, 0x49, 0x63, 0x49, 0x62, 0x49, 0x62, 0x49, 0x62, 0x49, 0x82, 0x51,
    0xc3, 0x59, 0xc4, 0x61, 0xe4, 0x61, 0x04, 0x62, 0x25, 0x6a, 0x66, 0x72,
    0xc7, 0x82, 0x86, 0x72, 0x25, 0x6a, 0xc4, 0x59, 0x82, 0x51, 0x04, 0x62,
    0x83, 0x51, 0x21, 0x41, 0xa3, 0x51, 0x66, 0x6a, 0xa7, 0x72, 0xe8, 0x72,
    0x29, 0x83, 0x87, 0x6a, 0xe8, 0x72, 0x73, 0xbd, 0x77, 0xde, 0x3b, 0xef,
    0xbe, 0xff, 0xde, 0xff, 0x7d, 0xf7, 0x7d, 0xf7, 0x7d, 0xf7, 0x7d, 0xf7,
    0x9e, 0xff, 0x7d, 0xf7, 0x9e, 0xf7, 0x9d, 0xff, 0x7d, 0xf7, 0x9d, 0xf7,
    0x9d, 0xff, 0x7e, 0xf7, 0x9d, 0xff, 0x7e, 0xf7, 0x7d, 0xf7, 0x9e, 0xff,
    0x7d, 0xf7, 0x7d, 0xf7, 0x9e, 0xff, 0x7d, 0xf7, 0x9d, 0xf7, 0x9e, 0xf7,
    0x7d, 0xff, 0x9e, 0xf7, 0x7d, 0xf7, 0x7d, 0xf7, 0x7d, 0xf7, 0x7d, 0xf7,
    0x7d, 0xf7, 0x9d, 0xf7, 0x7d, 0xff, 0x7d, 0xf7, 0x9d, 0xf7, 0x7d, 0xf7,
    0x7d, 0xff, 0x7d, 0xf7, 0x9d, 0xf7, 0x7d, 0xf7, 0x7d, 0xf7, 0x9d, 0xf7,
    0x7e, 0xf7, 0x7e, 0xf7, 0x7d, 0xf7, 0x7e, 0xf7, 0x7d, 0xf7, 0x7e, 0xf7,
    0x7d, 0xf7, 0x7d, 0xf7, 0x5d, 0xef, 0x5d, 0xef, 0x7d, 0xef, 0x5d, 0xef,
    0x5d, 0xef, 0x5d, 0xef, 0x5d, 0xef, 0x7d, 0xef, 0x5d, 0xef, 0x5d, 0xef,
    0x5d, 0xef, 0x5d, 0xef, 0x5d, 0xef, 0x5d, 0xef, 0x5d, 0xef, 0x5d, 0xef,
    0x7d, 0xef, 0x5d, 0xef, 0x7d, 0xef, 0x5d, 0xef, 0x7d, 0xef, 0x5d, 0xef,
    0x5e, 0xf7, 0x7d, 0xef, 0x5d, 0xef, 0x7e, 0xf7, 0x7e, 0xef, 0x5d, 0xef,
    0x7e, 0xf7, 0x7d, 0xf7, 0x5d, 0xef, 0x7e, 0xef, 0x7d, 0xf7, 0x7d, 0xef,
    0x7e, 0xf7, 0x7d, 0xef, 0x5d, 0xef, 0x7e, 0xef, 0x7d, 0xf7, 0x5e, 0xef,
    0x3d, 0xef, 0x7d, 0xf7, 0x7d, 0xf7, 0x3c, 0xef, 0x7d, 0xef, 0x7d, 0xf7,
    0x5c, 0xf7, 0x7c, 0xf7, 0xda, 0xde, 0xd6, 0xc5, 0xad, 0x83, 0xe9, 0x62,
    0x47, 0x5a, 0xe5, 0x49, 0xc5, 0x49, 0xc5, 0x49, 0x47, 0x5a, 0xc6, 0x49,
    0x64, 0x39, 0x02, 0x31, 0xc1, 0x28, 0x03, 0x31, 0x02, 0x31, 0x81, 0x20,
    0x60, 0x20, 0x81, 0x20, 0xe2, 0x28, 0xe2, 0x30, 0x81, 0x20, 0x03, 0x31,
    0x03, 0x39, 0xa1, 0x28, 0x43, 0x41, 0xa5, 0x51, 0xc6, 0x51, 0xc6, 0x51,
    0xa5, 0x51, 0x06, 0x62, 0xe6, 0x61, 0xa5, 0x51, 0xa4, 0x51, 0x63, 0x49,
    0x84, 0x51, 0xa4, 0x51, 0xa8, 0x72, 0x88, 0x72, 0x47, 0x6a, 0x26, 0x62,
    0x05, 0x62, 0x83, 0x51, 0x43, 0x49, 0x83, 0x51, 0x01, 0x41, 0xc0, 0x38,
    0x80, 0x38, 0x60, 0x30, 0x60, 0x28, 0x60, 0x30, 0xa1, 0x38, 0xe1, 0x38,
    0xe2, 0x38, 0xc1, 0x38, 0xa0, 0x30, 0x80, 0x28, 0x60, 0x28, 0x80, 0x28,
    0x80, 0x28, 0x60, 0x28, 0x81, 0x30, 0xa1, 0x30, 0xa1, 0x30, 0xa1, 0x30,
    0xa1, 0x30, 0xa1, 0x38, 0xa1, 0x38, 0xa1, 0x30, 0x63, 0x49, 0x84, 0x51,
    0xc4, 0x59, 0xe4, 0x59, 0x62, 0x51, 0x62, 0x49, 0x62, 0x51, 0x82, 0x51,
    0xa3, 0x59, 0xa2, 0x59, 0x82, 0x59, 0x62, 0x51, 0x82, 0x51, 0xa3, 0x59,
    0xe4, 0x61, 0x25, 0x6a, 0xc7, 0x7a, 0x86, 0x72, 0x05, 0x6a, 0xc3, 0x59,
    0x62, 0x49, 0xe4, 0x59, 0xc4, 0x59, 0x42, 0x41, 0xc4, 0x59, 0x67, 0x6a,
    0x87, 0x72, 0x86, 0x6a, 0x67, 0x6a, 0xa7, 0x72, 0xe8, 0x72, 0xd1, 0xac,
    0x3a, 0xf7, 0x9c, 0xff, 0xbd, 0xff, 0x5d, 0xef, 0x7d, 0xf7, 0x7d, 0xf7,
    0x7d, 0xf7, 0x7d, 0xf7, 0x9e, 0xf7, 0x7d, 0xf7, 0x9d, 0xff, 0x9e, 0xff,
    0x7e, 0xf7, 0x9d, 0xf7, 0x7d, 0xf7, 0x9e, 0xf7, 0x9d, 0xf7, 0x7d, 0xff,
    0x9e, 0xf7, 0x9d, 0xf7, 0x7d, 0xf7, 0x9e, 0xf7, 0x7d, 0xf7, 0x7e, 0xff,
    0x7d, 0xf7, 0x9d, 0xf7, 0x7e, 0xf7, 0x9d, 0xff, 0x7d, 0xf7, 0x7d, 0xf7,
    0x9e, 0xf7, 0x7d, 0xf7, 0x7d, 0xf7, 0x7e, 0xf7, 0x7d, 0xf7, 0x7d, 0xf7,
    0x7e, 0xf7, 0x9d, 0xf7, 0x7d, 0xf7, 0x7e, 0xf7, 0x7d, 0xf7, 0x7d, 0xf7,
    0x7d, 0xf7, 0x9d, 0xf7, 0x7e, 0xf7, 0x7d, 0xff, 0x7d, 0xf7, 0x7e, 0xf7,
    0x7d, 0xf7, 0x7e, 0xff, 0x7e, 0xf7, 0x7d, 0xf7, 0x5d, 0xef, 0x5d, 0xef,
    0x7d, 0xef, 0x5d, 0xef, 0x5d, 0xef, 0x7d, 0xef, 0x5d, 0xef, 0x5d, 0xf7,
    0x5d, 0xef, 0x7d, 0xef, 0x7d, 0xef, 0x5d, 0xef, 0x7d, 0xf7, 0x5d, 0xef,
    0x5d, 0xef, 0x5d, 0xef, 0x7e, 0xf7, 0x7d, 0xef, 0x5d, 0xf7, 0x7e, 0xef,
    0x7d, 0xef, 0x5d, 0xf7, 0x7d, 0xef, 0x5e, 0xef, 0x5d, 0xef, 0x7d, 0xef,
    0x5d, 0xef, 0x5d, 0xef, 0x7e, 0xef, 0x5e, 0xef, 0x5e, 0xef, 0x7e, 0xef,
    0x7d, 0xf7, 0x5e, 0xef, 0x7e, 0xef, 0x7d, 0xf7, 0x7d, 0xef, 0x7e, 0xef,
    0x7d, 0xef, 0x7d, 0xf7, 0x7d, 0xf7, 0x7d, 0xef, 0x5d, 0xef, 0x5d, 0xef,
    0x7d, 0xf7, 0x1b, 0xef, 0x5c, 0xf7, 0x3c, 0xef, 0xda, 0xde, 0x90, 0x9c,
    0xcd, 0x83, 0xc9, 0x62, 0xa5, 0x41, 0x22, 0x31, 0x02, 0x31, 0xa4, 0x41,
    0x02, 0x31, 0x44, 0x39, 0x44, 0x39, 0xe2, 0x28, 0xa1, 0x28, 0xa1, 0x20,
    0xa1, 0x20, 0x81, 0x20, 0x20, 0x18, 0x80, 0x20, 0xa1, 0x28, 0xc2, 0x28,
    0x03, 0x39, 0x23, 0x39, 0x64, 0x41, 0x44, 0x41, 0x44, 0x41, 0x84, 0x49,
    0x64, 0x49, 0x64, 0x49, 0x84, 0x51, 0xa5, 0x51, 0xa5, 0x51, 0x64, 0x51,
    0xa5, 0x51, 0xe6, 0x61, 0x27, 0x62, 0x47, 0x6a, 0x84, 0x51, 0x84, 0x51,
    0xa4, 0x59, 0xc5, 0x59, 0xa5, 0x59, 0x63, 0x51, 0xe1, 0x40, 0x80, 0x38,
    0x02, 0x49, 0x02, 0x49, 0xe2, 0x40, 0x02, 0x41, 0x02, 0x41, 0x02, 0x49,
    0x01, 0x41, 0x02, 0x41, 0x01, 0x41, 0xe1, 0x40, 0xa1, 0x38, 0x80, 0x30,
    0xa1, 0x30, 0xc2, 0x38, 0x02, 0x41, 0x43, 0x49, 0x64, 0x51, 0x84, 0x51,
    0xc5, 0x59, 0xc5, 0x61, 0xa4, 0x59, 0xa4, 0x59, 0x84, 0x59, 0x83, 0x51,
    0x83, 0x51, 0x83, 0x59, 0xa4, 0x61, 0xe4, 0x61, 0xe4, 0x61, 0xe3, 0x61,
    0xe3, 0x61, 0x03, 0x6a, 0x04, 0x6a, 0x04, 0x6a, 0xe4, 0x69, 0xc4, 0x61,
    0xc3, 0x61, 0xc3, 0x61, 0xc4, 0x61, 0x04, 0x6a, 0x66, 0x72, 0x46, 0x72,
    0xc7, 0x7a, 0x04, 0x62, 0x25, 0x6a, 0xe4, 0x59, 0x46, 0x6a, 0x04, 0x5a,
    0xa3, 0x51, 0xe5, 0x59, 0x82, 0x49, 0x25, 0x62, 0x66, 0x6a, 0x05, 0x5a,
    0xe8, 0x72, 0x32, 0xb5, 0x3a, 0xf7, 0x7c, 0xf7, 0x7d, 0xf7, 0x9d, 0xff,
    0x7d, 0xf7, 0x7d, 0xf7, 0x7d, 0xf7, 0x7d, 0xf7, 0x7d, 0xf7, 0x7d, 0xf7,
    0x9d, 0xf7, 0x7e, 0xf7, 0x9d, 0xf7, 0x7e, 0xff, 0x7d, 0xf7, 0x9d, 0xf7,
    0x7e, 0xf7, 0x7d, 0xf7, 0x9d, 0xff, 0x7e, 0xf7, 0x9d, 0xff, 0x9d, 0xf7,
    0x9e, 0xf7, 0x7d, 0xf7, 0x9e, 0xff, 0x7d, 0xf7, 0x9e, 0xf7, 0x7d, 0xf7,
    0x7d, 0xf7, 0x7d, 0xf7, 0x9d, 0xff, 0x7d, 0xf7, 0x7d, 0xf7, 0x9d, 0xff,
    0x7d, 0xf7, 0x7d, 0xf7, 0x9d, 0xff, 0x7d, 0xf7, 0x7d, 0xf7, 0x9d, 0xf7,
    0x7e, 0xff, 0x7e, 0xf7, 0x7e, 0xf7, 0x7e, 0xff, 0x7d, 0xf7, 0x7e, 0xf7,
    0x7e, 0xf7, 0x7d, 0xf7, 0x7d, 0xf7, 0x7e, 0xf7, 0x7e, 0xf7, 0x7d, 0xf7,
    0x5d, 0xef, 0x5d, 0xef, 0x5d, 0xef, 0x5d, 0xf7, 0x7d, 0xef, 0x5d, 0xef,
    0x5d, 0xef, 0x5e, 0xef, 0x5d, 0xef, 0x5d, 0xef, 0x5e, 0xf7, 0x5d, 0xef,
    0x5d, 0xef, 0x7e, 0xef, 0x5d, 0xef, 0x5d, 0xef, 0x7d, 0xf7, 0x5d, 0xef,
    0x5d, 0xef, 0x7e, 0xf7, 0x5d, 0xef, 0x7d, 0xef, 0x7d, 0xef, 0x5d, 0xf7,
    0x7d, 0xef, 0x7d, 0xf7, 0x5d, 0xef, 0x7d, 0xf7, 0x7e, 0xef, 0x5d, 0xef,
    0x5d, 0xf7, 0x7e, 0xef, 0x7d, 0xef, 0x5d, 0xf7, 0x7d, 0xef, 0x5e, 0xf7,
    0x7d, 0xf7, 0x5d, 0xef, 0x7e, 0xef, 0x7d, 0xf7, 0x7d, 0xf7, 0x5d, 0xef,
    0x5d, 0xf7, 0x7d, 0xf7, 0x5c, 0xef, 0x5c, 0xef, 0x9d, 0xff, 0x3c, 0xef,
    0x54, 0xb5, 0xcd, 0x83, 0xea, 0x6a, 0x06, 0x4a, 0x63, 0x39, 0x84, 0x39,
    0xa5, 0x41, 0x84, 0x39, 0x43, 0x39, 0xa1, 0x20, 0xa1, 0x20, 0x44, 0x39,
    0xc2, 0x28, 0xa1, 0x20, 0x81, 0x20, 0xa1, 0x28, 0x80, 0x20, 0xa1, 0x28,
    0xc2, 0x28, 0x03, 0x39, 0x64, 0x41, 0x64, 0x41, 0x85, 0x49, 0x64, 0x49,
    0x64, 0x49, 0x64, 0x49, 0x84, 0x49, 0xa5, 0x51, 0x85, 0x51, 0x64, 0x51,
    0x64, 0x49, 0x85, 0x51, 0x84, 0x51, 0xa5, 0x51, 0x64, 0x51, 0x43, 0x49,
    0xc5, 0x61, 0xa5, 0x59, 0x63, 0x51, 0x43, 0x51, 0x63, 0x51, 0x43, 0x51,
    0x02, 0x49, 0xe1, 0x40, 0xe2, 0x48, 0x02, 0x49, 0x22, 0x49, 0x22, 0x49,
    0x23, 0x51, 0x43, 0x51, 0x43, 0x51, 0x43, 0x51, 0x22, 0x49, 0x02, 0x49,
    0xc1, 0x40, 0xc1, 0x38, 0xc1, 0x38, 0xc1, 0x40, 0xe2, 0x40, 0xe2, 0x40,
    0xe1, 0x48, 0x02, 0x49, 0x42, 0x51, 0x63, 0x51, 0x63, 0x59, 0x83, 0x59,
    0x83, 0x59, 0x83, 0x59, 0xa3, 0x61, 0xc4, 0x61, 0x04, 0x72, 0x25, 0x72,
    0x45, 0x72, 0x44, 0x72, 0x44, 0x72, 0x45, 0x72, 0x65, 0x7a, 0x45, 0x72,
    0x25, 0x72, 0x25, 0x72, 0x04, 0x6a, 0xa3, 0x61, 0xa3, 0x61, 0xe3, 0x61,
    0x25, 0x6a, 0x04, 0x6a, 0xc7, 0x82, 0x66, 0x72, 0x66, 0x72, 0x25, 0x62,
    0xa7, 0x72, 0x46, 0x6a, 0xa4, 0x51, 0xc4, 0x51, 0x21, 0x41, 0x83, 0x49,
    0x46, 0x62, 0x25, 0x62, 0x6b, 0x83, 0x56, 0xde, 0x1a, 0xef, 0x3b, 0xf7,
    0x7c, 0xf7, 0x7d, 0xf7, 0x7d, 0xf7, 0x7d, 0xf7, 0x9d, 0xf7, 0x7d, 0xf7,
    0x7d, 0xf7, 0x7d, 0xf7, 0x9e, 0xf7, 0x9d, 0xf7, 0x7d, 0xf7, 0x9e, 0xff,
    0x9d, 0xf7, 0x7d, 0xff, 0x9e, 0xf7, 0x9d, 0xf7, 0x7d, 0xf7, 0x7e, 0xf7,
    0x7d, 0xf7, 0x9d, 0xff, 0x7e, 0xf7, 0x9d, 0xf7, 0x9d, 0xf7, 0x7e, 0xff,
    0x9d, 0xf7, 0x9e, 0xf7, 0x7d, 0xf7, 0x7d, 0xf7, 0x7d, 0xf7, 0x7d, 0xf7,
    0x9d, 0xf7, 0x7d, 0xf7, 0x7e, 0xf7, 0x9d, 0xf7, 0x7d, 0xf7, 0x7d, 0xf7,
    0x7d, 0xf7, 0x7d, 0xf7, 0x7e, 0xf7, 0x7d, 0xf7, 0x7d, 0xf7, 0x7e, 0xf7,
    0x7d, 0xf7, 0x7d, 0xf7, 0x7e, 0xf7, 0x7e, 0xf7, 0x7d, 0xf7, 0x7d, 0xf7,
    0x7e, 0xf7, 0x7d, 0xf7, 0x5d, 0xef, 0x5d, 0xef, 0x7d, 0xef, 0x5d, 0xef,
    0x5d, 0xef, 0x5d, 0xef, 0x7d, 0xf7, 0x7d, 0xef, 0x5d, 0xef, 0x5d, 0xef,
    0x7d, 0xef, 0x5d, 0xef, 0x5d, 0xef, 0x5d, 0xef, 0x7d, 0xef, 0x5d, 0xef,
    0x7e, 0xef, 0x5d, 0xef, 0x7d, 0xef, 0x5d, 0xef, 0x5e, 0xef, 0x7d, 0xef,
    0x5e, 0xf7, 0x5d, 0xef, 0x7e, 0xef, 0x5e, 0xef, 0x5d, 0xf7, 0x7d, 0xef,
    0x7e, 0xef, 0x5d, 0xf7, 0x7e, 0xef, 0x5d, 0xef, 0x7d, 0xf7, 0x7e, 0xef,
    0x7d, 0xef, 0x7d, 0xef, 0x5e, 0xf7, 0x7d, 0xef, 0x5e, 0xef, 0x5d, 0xef,
    0x5d, 0xef, 0x5d, 0xf7, 0x7d, 0xf7, 0x7d, 0xf7, 0x5c, 0xef, 0x7d, 0xf7,
    0x7d, 0xf7, 0x79, 0xd6, 0x2f, 0x94, 0x8d, 0x7b, 0x89, 0x5a, 0x84, 0x39,
    0x84, 0x39, 0xc5, 0x49, 0x06, 0x4a, 0x64, 0x39, 0xe5, 0x49, 0xe2, 0x28,
    0x40, 0x18, 0x40, 0x10, 0xa1, 0x20, 0xc2, 0x28, 0xa1, 0x20, 0x81, 0x20,
    0xa1, 0x28, 0xc1, 0x28, 0x23, 0x39, 0x43, 0x41, 0x64, 0x41, 0x64, 0x49,
    0x84, 0x49, 0x64, 0x49, 0x64, 0x49, 0x84, 0x49, 0xa5, 0x51, 0x84, 0x51,
    0x84, 0x51, 0xa5, 0x59, 0xa5, 0x59, 0x64, 0x51, 0xc1, 0x38, 0x22, 0x49,
    0x84, 0x51, 0xc4, 0x59, 0x43, 0x51, 0x84, 0x59, 0xa5, 0x61, 0xc5, 0x61,
    0xa4, 0x61, 0x84, 0x59, 0x63, 0x59, 0x63, 0x51, 0x63, 0x51, 0x84, 0x59,
    0x84, 0x59, 0xa4, 0x59, 0xa4, 0x59, 0xa5, 0x61, 0xc5, 0x61, 0xe5, 0x61,
    0xc5, 0x61, 0xc5, 0x59, 0x84, 0x59, 0x83, 0x59, 0x84, 0x59, 0x63, 0x51,
    0x63, 0x51, 0x22, 0x51, 0x22, 0x51, 0x43, 0x51, 0x83, 0x59, 0xa4, 0x61,
    0xe5, 0x69, 0x05, 0x6a, 0x04, 0x6a, 0x05, 0x72, 0x25, 0x72, 0x45, 0x72,
    0x66, 0x7a, 0xa6, 0x82, 0xc7, 0x8a, 0xe7, 0x8a, 0xe7, 0x8a, 0xe7, 0x8a,
    0x08, 0x8b, 0xe8, 0x8a, 0xe7, 0x8a, 0xc7, 0x8a, 0x65, 0x7a, 0x04, 0x6a,
    0xc3, 0x61, 0xa2, 0x61, 0x04, 0x6a, 0xc3, 0x59, 0x86, 0x72, 0x86, 0x72,
    0x87, 0x72, 0x25, 0x62, 0xa7, 0x72, 0x46, 0x6a, 0x42, 0x49, 0x42, 0x49,
    0x21, 0x41, 0x62, 0x49, 0x25, 0x62, 0xe9, 0x7a, 0x8f, 0xac, 0xb8, 0xee,
    0xd9, 0xee, 0x1a, 0xef, 0x3b, 0xf7, 0x5d, 0xf7, 0x7d, 0xf7, 0x7d, 0xf7,
    0x7d, 0xf7, 0x9d, 0xf7, 0x7d, 0xf7, 0x7d, 0xff, 0x9e, 0xff, 0x7d, 0xf7,
    0x7d, 0xf7, 0x9e, 0xf7, 0x7d, 0xf7, 0x7e, 0xf7, 0x9d, 0xff, 0x7e, 0xf7,
    0x9d, 0xf7, 0x9e, 0xff, 0x7d, 0xf7, 0x7e, 0xf7, 0x7d, 0xff, 0x9d, 0xf7,
    0x7e, 0xf7, 0x7d, 0xf7, 0x9d, 0xff, 0x9e, 0xff, 0x7d, 0xf7, 0x7d, 0xf7,
    0x7e, 0xf7, 0x9d, 0xf7, 0x7d, 0xf7, 0x7d, 0xf7, 0x7d, 0xf7, 0x7d, 0xf7,
    0x7d, 0xf7, 0x9e, 0xf7, 0x7d, 0xff, 0x7d, 0xf7, 0x7e, 0xf7, 0x7e, 0xf7,
    0x7d, 0xf7, 0x7e, 0xf7, 0x7e, 0xf7, 0x7d, 0xff, 0x7d, 0xf7, 0x7d, 0xf7,
    0x7d, 0xf7, 0x7d, 0xf7, 0x7d, 0xf7, 0x7d, 0xf7, 0x5d, 0xef, 0x5d, 0xef,
    0x7d, 0xef, 0x5d, 0xef, 0x5d, 0xef, 0x5d, 0xef, 0x5d, 0xef, 0x5d, 0xef,
    0x5d, 0xef, 0x7e, 0xef, 0x5d, 0xef, 0x5d, 0xef, 0x7d, 0xf7, 0x5d, 0xef,
    0x5d, 0xef, 0x5d, 0xef, 0x7e, 0xf7, 0x7d, 0xef, 0x5d, 0xf7, 0x7e, 0xef,
    0x7d, 0xef, 0x5d, 0xf7, 0x7d, 0xef, 0x7d, 0xef, 0x5d, 0xef, 0x7d, 0xef,
    0x5d, 0xef, 0x5e, 0xef, 0x7e, 0xef, 0x5d, 0xef, 0x7e, 0xef, 0x5e, 0xef,
    0x7d, 0xf7, 0x7e, 0xef, 0x7d, 0xef, 0x7d, 0xf7, 0x7e, 0xef, 0x7d, 0xf7,
    0x7d, 0xf7, 0x5d, 0xef, 0x5d, 0xef, 0x7e, 0xf7, 0x7d, 0xf7, 0x5d, 0xef,
    0x3c, 0xef, 0x7d, 0xf7, 0x1b, 0xef, 0x34, 0xb5, 0xad, 0x7b, 0xee, 0x8b,
    0xa9, 0x62, 0xc5, 0x41, 0x06, 0x4a, 0xa5, 0x41, 0xc5, 0x49, 0xa4, 0x41,
    0x80, 0x20, 0x02, 0x31, 0x02, 0x31, 0x40, 0x18, 0x20, 0x18, 0x81, 0x20,
    0xc1, 0x28, 0x81, 0x28, 0xc2, 0x28, 0x03, 0x39, 0x44, 0x41, 0x44, 0x41,
    0x64, 0x41, 0x64, 0x49, 0xa5, 0x49, 0x64, 0x49, 0x84, 0x49, 0x85, 0x51,
    0x85, 0x51, 0x64, 0x51, 0xe2, 0x40, 0x06, 0x6a, 0x06, 0x6a, 0xe2, 0x40,
    0x43, 0x49, 0x84, 0x51, 0xa4, 0x59, 0x84, 0x59, 0xc5, 0x61, 0xc5, 0x59,
    0xc4, 0x59, 0xa4, 0x61, 0xa4, 0x59, 0xa4, 0x59, 0xa5, 0x61, 0xa5, 0x61,
    0xc5, 0x61, 0xc5, 0x61, 0xc5, 0x61, 0xc5, 0x61, 0x26, 0x6a, 0x26, 0x6a,
    0x47, 0x6a, 0x46, 0x72, 0x88, 0x7a, 0x87, 0x7a, 0x67, 0x72, 0x47, 0x72,
    0x47, 0x72, 0x26, 0x72, 0x06, 0x72, 0xe5, 0x69, 0x05, 0x6a, 0x05, 0x72,
    0x46, 0x7a, 0x66, 0x7a, 0x87, 0x82, 0x87, 0x82, 0xa7, 0x82, 0x87, 0x82,
    0x87, 0x82, 0xc7, 0x8a, 0xe8, 0x92, 0x08, 0x93, 0x28, 0x9b, 0x29, 0x9b,
    0x29, 0x9b, 0x49, 0x9b, 0x69, 0xa3, 0x69, 0xa3, 0x49, 0x9b, 0x49, 0x9b,
    0x07, 0x8b, 0x65, 0x7a, 0x04, 0x6a, 0xa3, 0x61, 0xc3, 0x61, 0xa2, 0x59,
    0x45, 0x72, 0x25, 0x6a, 0x46, 0x72, 0x04, 0x62, 0x87, 0x72, 0x25, 0x62,
    0xa0, 0x30, 0x01, 0x39, 0x01, 0x41, 0xa3, 0x51, 0x46, 0x6a, 0x2d, 0xa4,
    0x72, 0xc5, 0x36, 0xde, 0xb8, 0xe6, 0xd9, 0xee, 0x1b, 0xef, 0x3c, 0xf7,
    0x7d, 0xf7, 0x7d, 0xf7, 0x7d, 0xf7, 0x7d, 0xf7, 0x9d, 0xf7, 0x7d, 0xf7,
    0x9e, 0xf7, 0x7d, 0xf7, 0x9d, 0xff, 0x9e, 0xf7, 0x7d, 0xf7, 0x9d, 0xf7,
    0x7e, 0xff, 0x7d, 0xf7, 0x9d, 0xf7, 0x9d, 0xff, 0x9e, 0xf7, 0x7d, 0xf7,
    0x9d, 0xf7, 0x9e, 0xff, 0x7d, 0xf7, 0x7d, 0xf7, 0x9e, 0xf7, 0x7d, 0xf7,
    0x7d, 0xf7, 0x9d, 0xf7, 0x7d, 0xff, 0x7d, 0xf7, 0x7d, 0xf7, 0x9e, 0xff,
    0x7d, 0xf7, 0x7d, 0xf7, 0x9d, 0xff, 0x7d, 0xf7, 0x7d, 0xf7, 0x9d, 0xf7,
    0x7e, 0xf7, 0x7d, 0xff, 0x7d, 0xf7, 0x7e, 0xf7, 0x7d, 0xf7, 0x7e, 0xf7,
    0x7d, 0xf7, 0x7d, 0xf7, 0x7e, 0xf7, 0x7d, 0xf7, 0x7d, 0xf7, 0x7d, 0xf7,
    0x5d, 0xef, 0x5d, 0xef, 0x5d, 0xf7, 0x7d, 0xef, 0x5d, 0xef, 0x7d, 0xf7,
    0x5d, 0xef, 0x5d, 0xef, 0x5d, 0xf7, 0x5d, 0xef, 0x5d, 0xef, 0x5d, 0xef,
    0x5e, 0xef, 0x7d, 0xef, 0x5d, 0xef, 0x5d, 0xef, 0x5d, 0xef, 0x5d, 0xef,
    0x5d, 0xef, 0x5d, 0xef, 0x5d, 0xef, 0x5d, 0xef, 0x5d, 0xef, 0x5d, 0xef,
    0x5d, 0xef, 0x5d, 0xef, 0x5d, 0xef, 0x5d, 0xef, 0x5d, 0xef, 0x5d, 0xef,
    0x5d, 0xef, 0x5d, 0xef, 0x5d, 0xef, 0x5d, 0xf7, 0x5d, 0xef, 0x5d, 0xef,
    0x5e, 0xf7, 0x5d, 0xf7, 0x7d, 0xf7, 0x7d, 0xef, 0x7d, 0xf7, 0x7d, 0xf7,
    0x7d, 0xf7, 0x5c, 0xf7, 0x5c, 0xef, 0x3c, 0xf7, 0x38, 0xd6, 0x70, 0x94,
    0xce, 0x83, 0x4b, 0x73, 0x27, 0x52, 0xe6, 0x49, 0xe5, 0x49, 0xc5, 0x49,
    0xc5, 0x49, 0xc5, 0x41, 0x64, 0x39, 0x23, 0x31, 0xe2, 0x28, 0xe2, 0x30,
    0x02, 0x31, 0xe2, 0x30, 0xc2, 0x30, 0xc1, 0x30, 0x02, 0x31, 0x23, 0x39,
    0x43, 0x41, 0x44, 0x41, 0x06, 0x5a, 0x06, 0x5a, 0x85, 0x51, 0x84, 0x51,
    0xa5, 0x51, 0x27, 0x6a, 0x27, 0x6a, 0xc5, 0x61, 0x47, 0x72, 0x68, 0x72,
    0xe5, 0x61, 0x63, 0x51, 0x84, 0x51, 0xc5, 0x61, 0xe5, 0x61, 0xe5, 0x61,
    0x06, 0x6a, 0x06, 0x6a, 0x06, 0x6a, 0x05, 0x6a, 0xe5, 0x69, 0x05, 0x6a,
    0x26, 0x72, 0x06, 0x72, 0x26, 0x72, 0x26, 0x72, 0x46, 0x7a, 0x47, 0x7a,
    0x87, 0x7a, 0x88, 0x7a, 0x88, 0x7a, 0xa8, 0x82, 0xe9, 0x82, 0xe9, 0x8a,
    0xe9, 0x8a, 0xc9, 0x82, 0xc9, 0x8a, 0xc8, 0x82, 0xa8, 0x8a, 0x88, 0x82,
    0xa8, 0x8a, 0xa7, 0x8a, 0xa8, 0x8a, 0xc8, 0x8a, 0xe8, 0x8a, 0xe8, 0x92,
    0x09, 0x93, 0x29, 0x9b, 0x28, 0x93, 0x29, 0x9b, 0x69, 0xa3, 0x6a, 0xa3,
    0x8a, 0xa3, 0x8a, 0xa3, 0x8a, 0xab, 0x8a, 0xab, 0xaa, 0xab, 0xaa, 0xab,
    0xab, 0xab, 0xaa, 0xab, 0x69, 0x9b, 0x08, 0x93, 0xa6, 0x82, 0x24, 0x72,
    0x62, 0x59, 0x05, 0x72, 0x45, 0x72, 0x04, 0x6a, 0xc8, 0x7a, 0xc8, 0x7a,
    0xe8, 0x7a, 0x04, 0x62, 0xe1, 0x38, 0x21, 0x41, 0x05, 0x62, 0x82, 0x51,
    0xa7, 0x72, 0x29, 0x83, 0x4e, 0xa4, 0x32, 0xbd, 0x57, 0xde, 0x98, 0xe6,
    0x1b, 0xef, 0xbd, 0xff, 0x7d, 0xf7, 0x7d, 0xf7, 0x7d, 0xf7, 0x7d, 0xf7,
    0x7d, 0xf7, 0x7d, 0xf7, 0x7d, 0xf7, 0x7d, 0xf7, 0x7d, 0xf7, 0x7d, 0xf7,
    0x7d, 0xf7, 0x7d, 0xf7, 0x7d, 0xf7, 0x7d, 0xf7, 0x7d, 0xf7, 0x7d, 0xf7,
    0x7d, 0xf7, 0x7d, 0xf7, 0x7d, 0xf7, 0x7d, 0xf7, 0x7d, 0xf7, 0x7d, 0xf7,
    0x7d, 0xf7, 0x7d, 0xf7, 0x7d, 0xf7, 0x7d, 0xf7, 0x9d, 0xf7, 0x7d, 0xf7,
    0x7e, 0xf7, 0x7e, 0xf7, 0x7e, 0xf7, 0x7e, 0xf7, 0x7e, 0xf7, 0x7e, 0xf7,
    0x7e, 0xf7, 0x7e, 0xf7, 0x7d, 0xf7, 0x7e, 0xf7, 0x7d, 0xf7, 0x7d, 0xf7,
    0x7d, 0xf7, 0x7d, 0xf7, 0x7d, 0xf7, 0x7d, 0xf7, 0x5e, 0xf7, 0x7d, 0xf7,
    0x7d, 0xf7, 0x7e, 0xf7, 0x5d, 0xef, 0x5d, 0xef, 0x5d, 0xef, 0x5d, 0xef,
    0x5d, 0xef, 0x5d, 0xef, 0x7e, 0xef, 0x5d, 0xef, 0x7d, 0xef, 0x5d, 0xef,
    0x7d, 0xef, 0x5d, 0xf7, 0x5d, 0xef, 0x5d, 0xef, 0x5d, 0xf7, 0x5e, 0xef,
    0x5d, 0xef, 0x5d, 0xef, 0x5d, 0xef, 0x5d, 0xef, 0x5d, 0xef, 0x5d, 0xef,
    0x5e, 0xef, 0x5d, 0xf7, 0x7d, 0xef, 0x5d, 0xef, 0x7d, 0xf7, 0x5d, 0xef,
    0x5d, 0xef, 0x7d, 0xf7, 0x5d, 0xef, 0x5d, 0xef, 0x7d, 0xf7, 0x7e, 0xef,
    0x5d, 0xef, 0x7d, 0xef, 0x7e, 0xf7, 0x5e, 0xef, 0x7d, 0xf7, 0x7e, 0xf7,
    0x7e, 0xf7, 0x3d, 0xef, 0x3c, 0xef, 0x9d, 0xff, 0x5d, 0xf7, 0xda, 0xe6,
    0x13, 0xad, 0x0f, 0x8c, 0x6c, 0x7b, 0xca, 0x62, 0x26, 0x52, 0xc5, 0x41,
    0xc5, 0x41, 0xe5, 0x49, 0xc5, 0x49, 0xa5, 0x41, 0x84, 0x41, 0xa5, 0x41,
    0xe6, 0x51, 0xe6, 0x51, 0x02, 0x31, 0x23, 0x39, 0x64, 0x49, 0x64, 0x49,
    0x43, 0x41, 0x43, 0x41, 0x85, 0x49, 0xc5, 0x51, 0x47, 0x62, 0xe6, 0x59,
    0xa5, 0x51, 0xc5, 0x59, 0xc6, 0x59, 0xe6, 0x61, 0x27, 0x6a, 0x88, 0x7a,
    0x68, 0x72, 0x88, 0x7a, 0x47, 0x72, 0xa5, 0x61, 0xc4, 0x61, 0x26, 0x6a,
    0x47, 0x72, 0x47, 0x72, 0x67, 0x72, 0x67, 0x7a, 0x67, 0x7a, 0x67, 0x7a,
    0x87, 0x7a, 0x67, 0x7a, 0x88, 0x7a, 0x87, 0x82, 0x87, 0x82, 0xa8, 0x82,
    0xa8, 0x8a, 0xc8, 0x82, 0xc9, 0x82, 0xe9, 0x82, 0xe9, 0x8a, 0x09, 0x8b,
    0x2a, 0x8b, 0x2a, 0x93, 0x2a, 0x93, 0x2a, 0x93, 0x29, 0x93, 0x0a, 0x93,
    0x29, 0x93, 0x29, 0x93, 0x29, 0x9b, 0x29, 0x93, 0x2a, 0x9b, 0x2a, 0x9b,
    0x29, 0x9b, 0x4a, 0x9b, 0x8a, 0xa3, 0x8b, 0xa3, 0x8a, 0xab, 0x8b, 0xab,
    0xec, 0xb3, 0xec, 0xb3, 0xec, 0xb3, 0xec, 0xb3, 0x0c, 0xb4, 0x0c, 0xbc,
    0xec, 0xb3, 0xec, 0xb3, 0x0c, 0xbc, 0x0c, 0xb4, 0xcb, 0xab, 0x69, 0x9b,
    0x08, 0x93, 0xa6, 0x82, 0x65, 0x7a, 0x24, 0x72, 0xe4, 0x69, 0x45, 0x72,
    0xe8, 0x82, 0x49, 0x8b, 0xe8, 0x7a, 0x05, 0x62, 0x05, 0x5a, 0x42, 0x49,
    0x62, 0x51, 0x82, 0x51, 0x45, 0x6a, 0x4a, 0x8b, 0x2e, 0xa4, 0x6f, 0xac,
    0x53, 0xbd, 0x37, 0xd6, 0xfa, 0xee, 0xfb, 0xe6, 0x5c, 0xf7, 0x7d, 0xf7,
    0x7d, 0xf7, 0x7d, 0xf7, 0x7d, 0xf7, 0x7d, 0xf7, 0x7d, 0xf7, 0x9d, 0xf7,
    0x7d, 0xf7, 0x7d, 0xff, 0x7d, 0xf7, 0x9d, 0xf7, 0x7d, 0xf7, 0x7d, 0xf7,
    0x7d, 0xf7, 0x7d, 0xf7, 0x7d, 0xf7, 0x7d, 0xf7, 0x7d, 0xf7, 0x9d, 0xf7,
    0x7d, 0xf7, 0x7d, 0xf7, 0x9d, 0xff, 0x7d, 0xf7, 0x7d, 0xf7, 0x7d, 0xf7,
    0x7d, 0xf7, 0x7d, 0xff, 0x7e, 0xf7, 0x7d, 0xf7, 0x7d, 0xf7, 0x7e, 0xf7,
    0x7d, 0xf7, 0x7d, 0xf7, 0x7e, 0xf7, 0x7d, 0xff, 0x7d, 0xf7, 0x7e, 0xf7,
    0x7d, 0xf7, 0x7d, 0xf7, 0x7d, 0xf7, 0x7e, 0xf7, 0x5d, 0xf7, 0x7d, 0xf7,
    0x7d, 0xf7, 0x5d, 0xf7, 0x7d, 0xf7, 0x7d, 0xf7, 0x5d, 0xef, 0x7d, 0xef,
    0x5d, 0xef, 0x5d, 0xef, 0x7d, 0xef, 0x5d, 0xef, 0x5d, 0xef, 0x5d, 0xef,
    0x5e, 0xef, 0x7d, 0xef, 0x5d, 0xef, 0x5e, 0xef, 0x7d, 0xef, 0x5d, 0xef,
    0x7d, 0xef, 0x7d, 0xef, 0x5d, 0xef, 0x7d, 0xf7, 0x7e, 0xef, 0x5d, 0xef,
    0x7d, 0xf7, 0x7d, 0xef, 0x5d, 0xef, 0x5d, 0xef, 0x5d, 0xef, 0x5e, 0xef,
    0x7d, 0xef, 0x5d, 0xef, 0x5d, 0xef, 0x7d, 0xef, 0x5d, 0xef, 0x5d, 0xef,
    0x7d, 0xef, 0x7e, 0xef, 0x5d, 0xef, 0x7d, 0xef, 0x7d, 0xf7, 0x5d, 0xf7,
    0x7d, 0xef, 0x7e, 0xf7, 0x7d, 0xf7, 0x5d, 0xef, 0x3c, 0xef, 0x9d, 0xff,
    0x7d, 0xff, 0x59, 0xd6, 0xef, 0x8b, 0xae, 0x83, 0x0b, 0x6b, 0x88, 0x5a,
    0x27, 0x52, 0x84, 0x39, 0xc5, 0x41, 0xc6, 0x49, 0xc5, 0x49, 0xc5, 0x49,
    0x27, 0x52, 0xc6, 0x49, 0x84, 0x41, 0x23, 0x39, 0x64, 0x41, 0x43, 0x41,
    0x02, 0x39, 0xc2, 0x30, 0x43, 0x41, 0x85, 0x49, 0x07, 0x5a, 0x68, 0x6a,
    0xa9, 0x72, 0xe6, 0x61, 0xa5, 0x59, 0x27, 0x62, 0x06, 0x62, 0xe6, 0x61,
    0xa8, 0x7a, 0xea, 0x8a, 0x88, 0x7a, 0xc9, 0x82, 0xa8, 0x82, 0x47, 0x7a,
    0x47, 0x72, 0xa8, 0x7a, 0xc8, 0x82, 0xc8, 0x82, 0xc9, 0x82, 0xc8, 0x82,
    0xe9, 0x8a, 0xc9, 0x8a, 0xe9, 0x8a, 0xe9, 0x8a, 0xe9, 0x8a, 0xe9, 0x8a,
    0xe9, 0x8a, 0xe9, 0x92, 0x09, 0x93, 0x0a, 0x93, 0x2a, 0x93, 0x4a, 0x93,
    0x4a, 0x93, 0x6b, 0x9b, 0x4a, 0x9b, 0x4a, 0x9b, 0x6a, 0x9b, 0x4a, 0x9b,
    0x4a, 0x9b, 0x4a, 0x9b, 0x4b, 0xa3, 0x6b, 0xa3, 0x8b, 0xa3, 0x8b, 0xa3,
    0x8b, 0xa3, 0x8b, 0xab, 0xab, 0xa3, 0xab, 0xab, 0xec, 0xb3, 0xec, 0xb3,
    0xec, 0xb3, 0x0c, 0xb4, 0x2d, 0xbc, 0x4e, 0xc4, 0x4e, 0xc4, 0x4d, 0xc4,
    0x4e, 0xc4, 0x4e, 0xc4, 0x4e, 0xc4, 0x4d, 0xc4, 0x6e, 0xc4, 0x6d, 0xc4,
    0x2d, 0xbc, 0xeb, 0xab, 0x69, 0x9b, 0x08, 0x93, 0x08, 0x8b, 0x45, 0x7a,
    0x05, 0x72, 0x46, 0x72, 0x86, 0x72, 0x6a, 0x8b, 0xc7, 0x7a, 0xe4, 0x59,
    0xa4, 0x51, 0xa3, 0x51, 0x83, 0x51, 0x25, 0x62, 0x87, 0x72, 0x87, 0x72,
    0x4a, 0x8b, 0x2e, 0xa4, 0xb0, 0xac, 0xf1, 0xac, 0xd6, 0xc5, 0xda, 0xe6,
    0x1c, 0xef, 0x5c, 0xf7, 0x7d, 0xf7, 0x7d, 0xf7, 0x7d, 0xf7, 0x7d, 0xf7,
    0x9d, 0xf7, 0x7e, 0xf7, 0x7d, 0xf7, 0x9d, 0xf7, 0x7d, 0xf7, 0x7e, 0xf7,
    0x9d, 0xff, 0x7d, 0xf7, 0x9e, 0xf7, 0x9d, 0xff, 0x7d, 0xf7, 0x7e, 0xf7,
    0x9d, 0xff, 0x7d, 0xf7, 0x7e, 0xf7, 0x9d, 0xf7, 0x7d, 0xf7, 0x7e, 0xf7,
    0x9d, 0xff, 0x9d, 0xf7, 0x7e, 0xf7, 0x7d, 0xf7, 0x7e, 0xf7, 0x7d, 0xf7,
    0x7d, 0xff, 0x7e, 0xf7, 0x7d, 0xf7, 0x7d, 0xff, 0x7e, 0xf7, 0x7d, 0xf7,
    0x7e, 0xf7, 0x7e, 0xf7, 0x7d, 0xf7, 0x7d, 0xf7, 0x5e, 0xf7, 0x7d, 0xf7,
    0x5d, 0xf7, 0x5d, 0xf7, 0x7d, 0xf7, 0x5d, 0xf7, 0x7d, 0xf7, 0x7d, 0xf7,
    0x5d, 0xef, 0x5d, 0xef, 0x7d, 0xef, 0x5d, 0xf7, 0x5d, 0xef, 0x7d, 0xef,
    0x5d, 0xf7, 0x5d, 0xef, 0x5d, 0xef, 0x5d, 0xf7, 0x5d, 0xef, 0x5d, 0xef,
    0x5d, 0xef, 0x5d, 0xef, 0x5d, 0xef, 0x5d, 0xef, 0x5d, 0xef, 0x5d, 0xef,
    0x5d, 0xef, 0x5d, 0xef, 0x5d, 0xef, 0x5d, 0xef, 0x7d, 0xef, 0x5d, 0xef,
    0x5d, 0xef, 0x5d, 0xef, 0x5d, 0xef, 0x5d, 0xf7, 0x5d, 0xef, 0x5d, 0xef,
    0x5d, 0xef, 0x5d, 0xef, 0x7e, 0xf7, 0x5d, 0xf7, 0x5d, 0xef, 0x5d, 0xef,
    0x7e, 0xf7, 0x5d, 0xf7, 0x7d, 0xef, 0x5d, 0xef, 0x5d, 0xef, 0xbe, 0xff,
    0x7d, 0xf7, 0x5c, 0xef, 0x3c, 0xef, 0x95, 0xbd, 0x4c, 0x73, 0x0b, 0x6b,
    0x68, 0x5a, 0x68, 0x5a, 0x27, 0x52, 0x64, 0x39, 0x84, 0x41, 0xc5, 0x41,
    0xc6, 0x49, 0xc5, 0x49, 0x64, 0x39, 0x44, 0x39, 0x23, 0x39, 0xe2, 0x30,
    0xc2, 0x30, 0xc2, 0x30, 0xe2, 0x38, 0xe2, 0x38, 0x64, 0x41, 0xc5, 0x51,
    0x68, 0x6a, 0xca, 0x7a, 0xea, 0x7a, 0xe6, 0x61, 0xc5, 0x59, 0x68, 0x72,
    0x47, 0x6a, 0x68, 0x72, 0x88, 0x7a, 0x88, 0x82, 0xa8, 0x82, 0xea, 0x8a,
    0x0a, 0x93, 0xa8, 0x82, 0xa8, 0x7a, 0xe9, 0x8a, 0x0a, 0x8b, 0x09, 0x8b,
    0x29, 0x93, 0x09, 0x93, 0x09, 0x8b, 0x09, 0x93, 0x0a, 0x93, 0x0a, 0x93,
    0x2a, 0x93, 0x2a, 0x93, 0x2a, 0x9b, 0x2a, 0x9b, 0x4a, 0x9b, 0x4a, 0x9b,
    0x6b, 0xa3, 0x6b, 0x9b, 0x8b, 0xa3, 0x8b, 0xa3, 0x6b, 0x9b, 0x6b, 0x9b,
    0x6b, 0x9b, 0x6b, 0xa3, 0x6b, 0xa3, 0x6b, 0xa3, 0x6b, 0xa3, 0x8b, 0xa3,
    0x8b, 0xab, 0xac, 0xab, 0xec, 0xb3, 0xec, 0xb3, 0xec, 0xb3, 0xed, 0xb3,
    0x0d, 0xb4, 0x2d, 0xbc, 0x2d, 0xbc, 0x4d, 0xbc, 0x6e, 0xc4, 0x8f, 0xcc,
    0x8e, 0xcc, 0x8e, 0xcc, 0x8f, 0xcc, 0x8f, 0xcc, 0x8e, 0xcc, 0x8f, 0xcc,
    0x8e, 0xcc, 0xaf, 0xcc, 0x8e, 0xc4, 0x4c, 0xbc, 0xea, 0xab, 0x69, 0x9b,
    0xc7, 0x8a, 0xe7, 0x8a, 0x86, 0x7a, 0xe4, 0x61, 0xe4, 0x61, 0x87, 0x7a,
    0x46, 0x6a, 0xe4, 0x59, 0x05, 0x5a, 0x87, 0x72, 0x83, 0x51, 0x62, 0x49,
    0x25, 0x62, 0xa7, 0x7a, 0x4a, 0x83, 0x6b, 0x8b, 0xac, 0x8b, 0x90, 0xa4,
    0x95, 0xc5, 0x37, 0xd6, 0xda, 0xde, 0x3c, 0xef, 0x5c, 0xef, 0x7d, 0xf7,
    0x7d, 0xf7, 0x7d, 0xf7, 0x7d, 0xff, 0x7d, 0xf7, 0x7d, 0xf7, 0x7d, 0xf7,
    0x7d, 0xf7, 0x7d, 0xf7, 0x7d, 0xf7, 0x7d, 0xf7, 0x7d, 0xf7, 0x7d, 0xf7,
    0x7d, 0xf7, 0x9d, 0xf7, 0x7d, 0xf7, 0x7d, 0xf7, 0x7d, 0xf7, 0x7d, 0xff,
    0x7d, 0xf7, 0x7d, 0xf7, 0x7d, 0xf7, 0x7d, 0xf7, 0x9d, 0xf7, 0x7d, 0xf7,
    0x7e, 0xf7, 0x7e, 0xf7, 0x7e, 0xf7, 0x7e, 0xf7, 0x7d, 0xf7, 0x7e, 0xf7,
    0x7e, 0xf7, 0x7d, 0xf7, 0x7e, 0xf7, 0x7d, 0xf7, 0x7d, 0xf7, 0x7d, 0xf7,
    0x7d, 0xf7, 0x7d, 0xf7, 0x5d, 0xf7, 0x7e, 0xf7, 0x5d, 0xf7, 0x5d, 0xf7,
    0x7e, 0xef, 0x7d, 0xf7, 0x5d, 0xef, 0x5d, 0xef, 0x5d, 0xef, 0x5d, 0xef,
    0x5d, 0xef, 0x5e, 0xef, 0x7d, 0xef, 0x5d, 0xef, 0x7d, 0xef, 0x5d, 0xef,
    0x7d, 0xef, 0x7d, 0xef, 0x5e, 0xf7, 0x5d, 0xef, 0x7d, 0xef, 0x5e, 0xf7,
    0x5d, 0xef, 0x7d, 0xef, 0x5d, 0xef, 0x5d, 0xef, 0x5e, 0xef, 0x5d, 0xf7,
    0x5d, 0xef, 0x7e, 0xef, 0x7d, 0xf7, 0x5d, 0xef, 0x7d, 0xef, 0x5e, 0xef,
    0x7d, 0xef, 0x5d, 0xef, 0x5e, 0xf7, 0x5d, 0xef, 0x7d, 0xef, 0x7d, 0xef,
    0x5d, 0xef, 0x7e, 0xef, 0x5e, 0xf7, 0x7d, 0xf7, 0x7d, 0xf7, 0x5d, 0xef,
    0x5c, 0xef, 0xbe, 0xff, 0x5d, 0xf7, 0x5c, 0xf7, 0xfb, 0xee, 0x13, 0xad,
    0x4c, 0x73, 0xa9, 0x62, 0xe6, 0x49, 0xc6, 0x49, 0xa5, 0x41, 0x64, 0x41,
    0x03, 0x31, 0x44, 0x39, 0x06, 0x52, 0x43, 0x39, 0xe2, 0x30, 0x80, 0x20,
    0xa1, 0x28, 0x43, 0x39, 0x02, 0x39, 0x60, 0x28, 0xa1, 0x30, 0x85, 0x51,
    0x06, 0x5a, 0xa9, 0x72, 0x0b, 0x83, 0x4b, 0x8b, 0x8c, 0x93, 0x4c, 0x93,
    0x0b, 0x83, 0x88, 0x7a, 0x27, 0x72, 0x0a, 0x8b, 0xc9, 0x82, 0xe9, 0x8a,
    0x2b, 0x93, 0x4b, 0x9b, 0x0a, 0x93, 0xe9, 0x8a, 0x0a, 0x8b, 0x2b, 0x93,
    0x4b, 0x9b, 0x4b, 0x9b, 0x2b, 0x9b, 0x4b, 0x9b, 0x4a, 0x9b, 0x4b, 0x9b,
    0x4a, 0x9b, 0x6b, 0x9b, 0x8b, 0xa3, 0x8c, 0xa3, 0xac, 0xab, 0xac, 0xa3,
    0xac, 0xab, 0xcc, 0xab, 0xcc, 0xab, 0xec, 0xab, 0xed, 0xab, 0xed, 0xab,
    0xcd, 0xab, 0xcd, 0xab, 0xcc, 0xab, 0xac, 0xab, 0xac, 0xab, 0xcc, 0xab,
    0xcc, 0xab, 0xcc, 0xab, 0xec, 0xb3, 0x0d, 0xb4, 0x2e, 0xbc, 0x6e, 0xc4,
    0x4e, 0xbc, 0x4e, 0xbc, 0x6e, 0xc4, 0x4f, 0xc4, 0x6e, 0xc4, 0x6f, 0xc4,
    0xb0, 0xcc, 0xd0, 0xd4, 0xd0, 0xd4, 0xcf, 0xd4, 0xd0, 0xd4, 0xcf, 0xd4,
    0xaf, 0xd4, 0xcf, 0xd4, 0xcf, 0xd4, 0xcf, 0xcc, 0xaf, 0xcc, 0x6d, 0xc4,
    0x2c, 0xbc, 0xeb, 0xab, 0x29, 0x93, 0x49, 0x9b, 0x08, 0x93, 0x45, 0x72,
    0x25, 0x72, 0x45, 0x72, 0x25, 0x62, 0x62, 0x49, 0xe5, 0x59, 0x05, 0x62,
    0x46, 0x6a, 0x66, 0x6a, 0xe8, 0x82, 0xa7, 0x7a, 0xa7, 0x72, 0xe9, 0x7a,
    0x6b, 0x83, 0x8c, 0x8b, 0xd2, 0xac, 0x37, 0xd6, 0xda, 0xe6, 0x1b, 0xe7,
    0x1c, 0xef, 0xfb, 0xe6, 0x9e, 0xf7, 0x9e, 0xf7, 0x9e, 0xf7, 0x9e, 0xf7,
    0x7e, 0xf7, 0x7e, 0xff, 0x7e, 0xf7, 0x7e, 0xf7, 0x7e, 0xf7, 0x7e, 0xf7,
    0x9d, 0xf7, 0x7d, 0xf7, 0x7d, 0xf7, 0x7d, 0xf7, 0x7d, 0xf7, 0x9d, 0xf7,
    0x7d, 0xf7, 0x9d, 0xf7, 0x7d, 0xf7, 0x9d, 0xf7, 0x7d, 0xf7, 0x7d, 0xf7,
    0x7d, 0xff, 0x9d, 0xf7, 0x7e, 0xf7, 0x7d, 0xff, 0x7d, 0xf7, 0x7e, 0xf7,
    0x7d, 0xf7, 0x7e, 0xf7, 0x7d, 0xf7, 0x7d, 0xff, 0x7e, 0xf7, 0x7e, 0xf7,
    0x7e, 0xf7, 0x5e, 0xf7, 0x7d, 0xf7, 0x7d, 0xf7, 0x5d, 0xf7, 0x7d, 0xf7,
    0x7d, 0xf7, 0x5d, 0xf7, 0x7d, 0xef, 0x7d, 0xf7, 0x5d, 0xef, 0x5d, 0xef,
    0x7d, 0xef, 0x5d, 0xef, 0x5d, 0xef, 0x7d, 0xef, 0x5d, 0xef, 0x5d, 0xef,
    0x5e, 0xef, 0x5d, 0xef, 0x5d, 0xef, 0x5d, 0xef, 0x5d, 0xef, 0x7d, 0xef,
    0x5d, 0xef, 0x5d, 0xef, 0x7d, 0xef, 0x5e, 0xef, 0x5d, 0xf7, 0x7d, 0xef,
    0x7d, 0xef, 0x5d, 0xef, 0x5d, 0xef, 0x5d, 0xef, 0x5d, 0xef, 0x5d, 0xef,
    0x5d, 0xef, 0x7d, 0xef, 0x5d, 0xef, 0x5d, 0xef, 0x7d, 0xef, 0x5d, 0xef,
    0x7d, 0xef, 0x5e, 0xf7, 0x7d, 0xef, 0x7d, 0xef, 0x5d, 0xf7, 0x5e, 0xf7,
    0x7d, 0xef, 0x7d, 0xf7, 0x7d, 0xf7, 0x5d, 0xf7, 0x3c, 0xef, 0x9d, 0xff,
    0x99, 0xde, 0x70, 0x9c, 0xea, 0x6a, 0x48, 0x5a, 0xe6, 0x49, 0xe6, 0x49,
    0xa5, 0x41, 0x84, 0x41, 0x03, 0x31, 0x85, 0x41, 0xa5, 0x49, 0x60, 0x20,
    0x40, 0x18, 0x43, 0x39, 0xa5, 0x49, 0x03, 0x39, 0x60, 0x20, 0xc2, 0x30,
    0x64, 0x49, 0xe6, 0x59, 0x88, 0x6a, 0x2b, 0x83, 0x8c, 0x93, 0x6c, 0x8b,
    0xce, 0x9b, 0x8d, 0x9b, 0x6c, 0x93, 0x4b, 0x93, 0xa9, 0x82, 0x2b, 0x93,
    0x88, 0x82, 0xc9, 0x82, 0x8c, 0xa3, 0x2a, 0x93, 0xe9, 0x92, 0x2a, 0x93,
    0x6b, 0x9b, 0x6b, 0xa3, 0x6b, 0xa3, 0x6b, 0x9b, 0x6b, 0xa3, 0x8c, 0xa3,
    0xac, 0xab, 0xac, 0xab, 0xcc, 0xab, 0xcc, 0xab, 0xed, 0xb3, 0x2e, 0xb4,
    0x2e, 0xbc, 0x2e, 0xbc, 0x2e, 0xb4, 0x2e, 0xbc, 0x4e, 0xbc, 0x4e, 0xbc,
    0x4e, 0xbc, 0x4e, 0xbc, 0x4f, 0xbc, 0x4e, 0xbc, 0x4e, 0xbc, 0x4e, 0xbc,
    0x2e, 0xbc, 0x2e, 0xbc, 0x2e, 0xbc, 0x2e, 0xbc, 0x4e, 0xbc, 0x6f, 0xc4,
    0xb0, 0xcc, 0xaf, 0xcc, 0xb0, 0xcc, 0xaf, 0xcc, 0xaf, 0xcc, 0xb0, 0xcc,
    0xaf, 0xcc, 0xd0, 0xd4, 0x11, 0xd5, 0x11, 0xdd, 0x11, 0xdd, 0x11, 0xdd,
    0x11, 0xdd, 0x11, 0xdd, 0x10, 0xdd, 0x10, 0xdd, 0x10, 0xd5, 0x10, 0xdd,
    0x30, 0xdd, 0x6e, 0xc4, 0x4d, 0xbc, 0x8e, 0xc4, 0xcb, 0xab, 0x8a, 0xa3,
    0x09, 0x93, 0xa7, 0x82, 0xa7, 0x82, 0xc4, 0x61, 0xa3, 0x51, 0x05, 0x62,
    0x83, 0x51, 0x62, 0x49, 0xe4, 0x59, 0x66, 0x6a, 0x87, 0x72, 0xe9, 0x82,
    0x09, 0x83, 0x87, 0x72, 0x0a, 0x7b, 0x4f, 0x9c, 0x53, 0xb5, 0x95, 0xc5,
    0xb9, 0xe6, 0xfb, 0xee, 0x1b, 0xef, 0x1c, 0xef, 0x9d, 0xf7, 0x7d, 0xff,
    0x7e, 0xf7, 0x9e, 0xf7, 0x7d, 0xf7, 0x7d, 0xf7, 0x7e, 0xf7, 0x7d, 0xff,
    0x7d, 0xf7, 0x7e, 0xf7, 0x7d, 0xff, 0x9d, 0xf7, 0x7d, 0xf7, 0x7e, 0xff,
    0x9d, 0xf7, 0x7d, 0xf7, 0x7e, 0xff, 0x7d, 0xf7, 0x9d, 0xf7, 0x7e, 0xf7,
    0x7d, 0xf7, 0x9d, 0xf7, 0x7d, 0xf7, 0x7d, 0xf7, 0x7e, 0xf7, 0x7d, 0xf7,
    0x7d, 0xf7, 0x7e, 0xf7, 0x7d, 0xff, 0x7e, 0xf7, 0x7e, 0xf7, 0x7d, 0xf7,
    0x7e, 0xf7, 0x7e, 0xf7, 0x7d, 0xf7, 0x7e, 0xf7, 0x7d, 0xf7, 0x7e, 0xf7,
    0x5d, 0xf7, 0x5d, 0xf7, 0x7d, 0xf7, 0x5d, 0xf7, 0x7d, 0xef, 0x7d, 0xf7,
    0x5d, 0xef, 0x5d, 0xef, 0x7d, 0xef, 0x5e, 0xf7, 0x5d, 0xef, 0x5d, 0xef,
    0x5d, 0xf7, 0x7d, 0xef, 0x5d, 0xef, 0x5d, 0xf7, 0x7d, 0xef, 0x5e, 0xef,
    0x5d, 0xef, 0x5d, 0xef, 0x5d, 0xef, 0x5d, 0xef, 0x5d, 0xef, 0x5d, 0xef,
    0x5d, 0xef, 0x5d, 0xef, 0x5d, 0xef, 0x7d, 0xef, 0x5e, 0xef, 0x5d, 0xef,
    0x5d, 0xef, 0x5e, 0xf7, 0x5d, 0xef, 0x5d, 0xef, 0x5d, 0xf7, 0x5d, 0xef,
    0x5d, 0xef, 0x5d, 0xef, 0x7e, 0xf7, 0x5d, 0xef, 0x5d, 0xef, 0x7d, 0xef,
    0x5e, 0xf7, 0x7d, 0xf7, 0x7d, 0xef, 0x7e, 0xf7, 0x7d, 0xf7, 0x3c, 0xef,
    0x5c, 0xf7, 0x9d, 0xf7, 0xb5, 0xbd, 0x8d, 0x7b, 0xa9, 0x62, 0x48, 0x52,
    0xe6, 0x49, 0xe6, 0x49, 0xa5, 0x41, 0x84, 0x41, 0x43, 0x39, 0xe6, 0x49,
    0x64, 0x39, 0xe2, 0x30, 0xe6, 0x51, 0x85, 0x41, 0x23, 0x39, 0x03, 0x39,
    0x84, 0x49, 0x85, 0x49, 0xa5, 0x51, 0xc6, 0x51, 0x0b, 0x83, 0xce, 0x9b,
    0x2e, 0xa4, 0xad, 0x9b, 0x0e, 0xa4, 0xce, 0xa3, 0xad, 0xa3, 0x8c, 0x9b,
    0x4b, 0x93, 0x2b, 0x93, 0xa9, 0x82, 0x0a, 0x93, 0xac, 0xa3, 0x4b, 0x9b,
    0x4b, 0x9b, 0xac, 0xab, 0xac, 0xab, 0x8c, 0xa3, 0x8c, 0xa3, 0xac, 0xab,
    0xac, 0xab, 0xcc, 0xab, 0x2e, 0xbc, 0x4e, 0xbc, 0x4e, 0xbc, 0x4f, 0xc4,
    0x8f, 0xc4, 0x8f, 0xc4, 0x8f, 0xc4, 0x8f, 0xc4, 0x90, 0xc4, 0x90, 0xc4,
    0x90, 0xc4, 0x8f, 0xc4, 0xb0, 0xcc, 0x90, 0xc4, 0x8f, 0xcc, 0x8f, 0xcc,
    0xb0, 0xcc, 0xb0, 0xcc, 0x8f, 0xc4, 0x90, 0xcc, 0x8f, 0xcc, 0x90, 0xcc,
    0xaf, 0xcc, 0xb0, 0xcc, 0xd0, 0xcc, 0xd0, 0xcc, 0xd0, 0xcc, 0xd0, 0xcc,
    0xd0, 0xcc, 0xd0, 0xcc, 0xd0, 0xd4, 0xf0, 0xd4, 0x31, 0xdd, 0x31, 0xdd,
    0x51, 0xdd, 0x31, 0xdd, 0x31, 0xdd, 0x31, 0xdd, 0x31, 0xdd, 0x31, 0xdd,
    0x31, 0xdd, 0x31, 0xdd, 0x10, 0xdd, 0xcf, 0xcc, 0xae, 0xc4, 0x8e, 0xc4,
    0x6e, 0xc4, 0xcb, 0xab, 0x49, 0x9b, 0x09, 0x93, 0xc8, 0x82, 0x04, 0x6a,
    0xa3, 0x59, 0x05, 0x62, 0xa3, 0x51, 0x42, 0x49, 0x83, 0x51, 0x46, 0x6a,
    0xe8, 0x82, 0x87, 0x72, 0x87, 0x72, 0x09, 0x83, 0x4a, 0x83, 0x4b, 0x7b,
    0x0e, 0x94, 0xd5, 0xcd, 0x78, 0xde, 0xfa, 0xe6, 0x5c, 0xef, 0x7d, 0xf7,
    0x7d, 0xf7, 0x9d, 0xf7, 0x7e, 0xf7, 0x9e, 0xf7, 0x7d, 0xf7, 0x7d, 0xf7,
    0x7e, 0xf7, 0x7d, 0xf7, 0x7e, 0xf7, 0x7e, 0xf7, 0x7d, 0xf7, 0x7d, 0xf7,
    0x9d, 0xf7, 0x7d, 0xf7, 0x7d, 0xf7, 0x7d, 0xf7, 0x7d, 0xf7, 0x7d, 0xf7,
    0x7d, 0xf7, 0x7d, 0xff, 0x7d, 0xf7, 0x7d, 0xf7, 0x7d, 0xf7, 0x7d, 0xf7,
    0x7e, 0xf7, 0x7e, 0xf7, 0x7e, 0xf7, 0x7d, 0xf7, 0x7d, 0xf7, 0x7e, 0xf7,
    0x7d, 0xf7, 0x7e, 0xf7, 0x7d, 0xf7, 0x7d, 0xff, 0x7d, 0xf7, 0x7d, 0xf7,
    0x5d, 0xf7, 0x7d, 0xf7, 0x5d, 0xf7, 0x7d, 0xf7, 0x5e, 0xef, 0x5d, 0xf7,
    0x7d, 0xf7, 0x7d, 0xef, 0x5d, 0xef, 0x5d, 0xef, 0x5d, 0xef, 0x7d, 0xef,
    0x5d, 0xef, 0x5d, 0xef, 0x7e, 0xef, 0x5d, 0xef, 0x5d, 0xef, 0x7d, 0xef,
    0x5d, 0xef, 0x5d, 0xf7, 0x7d, 0xef, 0x5d, 0xef, 0x7e, 0xf7, 0x5d, 0xef,
    0x7d, 0xef, 0x5d, 0xf7, 0x7d, 0xef, 0x5e, 0xef, 0x5d, 0xf7, 0x5d, 0xef,
    0x7d, 0xef, 0x5d, 0xf7, 0x7d, 0xef, 0x7d, 0xef, 0x5d, 0xef, 0x7d, 0xef,
    0x5e, 0xef, 0x7d, 0xef, 0x5d, 0xef, 0x5d, 0xef, 0x7d, 0xef, 0x7d, 0xef,
    0x5e, 0xf7, 0x7d, 0xef, 0x5d, 0xf7, 0x7e, 0xf7, 0x7d, 0xf7, 0x7d, 0xf7,
    0x5d, 0xf7, 0x5c, 0xef, 0xbe, 0xff, 0x1b, 0xef, 0x71, 0x9c, 0x4c, 0x7b,
    0x89, 0x62, 0xe6, 0x49, 0xe6, 0x49, 0xc5, 0x49, 0x85, 0x41, 0x64, 0x39,
    0xc5, 0x49, 0xc6, 0x49, 0x64, 0x41, 0x68, 0x62, 0x06, 0x52, 0xa5, 0x49,
    0x85, 0x49, 0x85, 0x49, 0xe6, 0x59, 0x84, 0x49, 0x07, 0x62, 0x0b, 0x83,
    0x4b, 0x8b, 0xee, 0xa3, 0x4f, 0xac, 0x2f, 0xac, 0x70, 0xb4, 0x2f, 0xb4,
    0xee, 0xab, 0xcd, 0xab, 0x8c, 0xa3, 0x6b, 0x9b, 0x09, 0x93, 0x8c, 0xa3,
    0xac, 0xab, 0x0d, 0xb4, 0x0e, 0xb4, 0xcc, 0xab, 0xcd, 0xab, 0xcc, 0xab,
    0xcc, 0xb3, 0xcc, 0xab, 0xed, 0xb3, 0x0e, 0xb4, 0x6f, 0xc4, 0x90, 0xcc,
    0x90, 0xcc, 0xb0, 0xcc, 0xd0, 0xcc, 0xd1, 0xcc, 0xf1, 0xd4, 0xd0, 0xcc,
    0xd0, 0xcc, 0xf0, 0xcc, 0xd0, 0xcc, 0xd0, 0xcc, 0xd0, 0xcc, 0xd1, 0xcc,
    0xd0, 0xd4, 0xd1, 0xcc, 0xf1, 0xd4, 0xd0, 0xcc, 0xf0, 0xd4, 0xf1, 0xd4,
    0xf0, 0xcc, 0xd0, 0xcc, 0xd0, 0xcc, 0xd0, 0xcc, 0xd0, 0xcc, 0xd0, 0xcc,
    0xd0, 0xd4, 0xd0, 0xd4, 0xf0, 0xd4, 0xd0, 0xd4, 0xf0, 0xd4, 0xf1, 0xd4,
    0x11, 0xdd, 0x31, 0xdd, 0x31, 0xdd, 0x31, 0xdd, 0x31, 0xdd, 0x31, 0xdd,
    0x31, 0xdd, 0x31, 0xdd, 0x31, 0xdd, 0x31, 0xdd, 0xcf, 0xcc, 0x71, 0xe5,
    0x31, 0xdd, 0x4d, 0xbc, 0xaf, 0xcc, 0x2c, 0xb4, 0xab, 0xab, 0x8b, 0xa3,
    0xc7, 0x82, 0xa7, 0x82, 0x66, 0x72, 0xc4, 0x59, 0x05, 0x62, 0xc4, 0x59,
    0xc4, 0x59, 0x66, 0x6a, 0xa7, 0x7a, 0xe8, 0x7a, 0xe8, 0x7a, 0xa8, 0x72,
    0xc9, 0x72, 0xa8, 0x6a, 0x4b, 0x7b, 0x33, 0xb5, 0x57, 0xd6, 0xda, 0xe6,
    0x5c, 0xf7, 0x7d, 0xff, 0x9d, 0xf7, 0x9d, 0xf7, 0x9e, 0xf7, 0x7e, 0xf7,
    0x7d, 0xf7, 0x7e, 0xf7, 0x7e, 0xf7, 0x7d, 0xf7, 0x7d, 0xf7, 0x7e, 0xf7,
    0x9d, 0xf7, 0x7d, 0xf7, 0x7d, 0xff, 0x7d, 0xf7, 0x9d, 0xf7, 0x7d, 0xf7,
    0x9d, 0xf7, 0x9d, 0xf7, 0x7d, 0xf7, 0x7d, 0xf7, 0x9e, 0xf7, 0x7d, 0xff,
    0x7d, 0xf7, 0x7d, 0xf7, 0x7d, 0xf7, 0x7d, 0xf7, 0x7d, 0xf7, 0x7d, 0xf7,
    0x7d, 0xf7, 0x7d, 0xf7, 0x7d, 0xf7, 0x7d, 0xf7, 0x7d, 0xf7, 0x7d, 0xf7,
    0x7e, 0xf7, 0x5d, 0xf7, 0x5d, 0xf7, 0x7d, 0xf7, 0x7d, 0xf7, 0x5d, 0xf7,
    0x7d, 0xef, 0x7d, 0xf7, 0x7d, 0xf7, 0x7d, 0xef, 0x5d, 0xef, 0x5d, 0xef,
    0x5d, 0xef, 0x7d, 0xef, 0x5d, 0xef, 0x5d, 0xf7, 0x5d, 0xef, 0x5d, 0xef,
    0x5d, 0xef, 0x5e, 0xef, 0x5d, 0xef, 0x5d, 0xef, 0x5d, 0xef, 0x7d, 0xef,
    0x5d, 0xef, 0x5d, 0xef, 0x5d, 0xef, 0x5e, 0xef, 0x5d, 0xef, 0x7d, 0xef,
    0x5d, 0xef, 0x5d, 0xef, 0x5d, 0xef, 0x5d, 0xef, 0x5d, 0xef, 0x5d, 0xef,
    0x5d, 0xef, 0x5d, 0xef, 0x7d, 0xef, 0x5d, 0xef, 0x5e, 0xf7, 0x5d, 0xef,
    0x7d, 0xef, 0x5e, 0xf7, 0x7d, 0xef, 0x5d, 0xef, 0x7e, 0xef, 0x7d, 0xef,
    0x7d, 0xef, 0x7e, 0xf7, 0x7d, 0xf7, 0x5d, 0xef, 0x9d, 0xff, 0xba, 0xde,
    0x8d, 0x83, 0x4c, 0x7b, 0x27, 0x52, 0xc6, 0x49, 0xc6, 0x49, 0xc5, 0x49,
    0xa4, 0x41, 0x84, 0x41, 0xa5, 0x49, 0xc5, 0x49, 0xc5, 0x49, 0x27, 0x52,
    0x27, 0x5a, 0xe6, 0x51, 0xa5, 0x49, 0x84, 0x49, 0xc6, 0x59, 0x27, 0x62,
    0xa9, 0x7a, 0x2b, 0x8b, 0x8c, 0x93, 0x2f, 0xac, 0x70, 0xb4, 0xb1, 0xbc,
    0x70, 0xbc, 0x6f, 0xb4, 0x2f, 0xb4, 0x0e, 0xb4, 0xed, 0xab, 0xcd, 0xab,
    0xcd, 0xab, 0xcc, 0xb3, 0xed, 0xb3, 0x0d, 0xb4, 0x2e, 0xbc, 0x4e, 0xbc,
    0x2e, 0xbc, 0x2e, 0xbc, 0x2e, 0xbc, 0x2e, 0xbc, 0x4e, 0xc4, 0x6f, 0xc4,
    0xaf, 0xcc, 0xd0, 0xcc, 0xf0, 0xcc, 0xf0, 0xcc, 0xf1, 0xd4, 0x11, 0xd5,
    0x11, 0xd5, 0xf1, 0xd4, 0x11, 0xd5, 0x11, 0xd5, 0xf1, 0xd4, 0x11, 0xd5,
    0x11, 0xd5, 0x11, 0xd5, 0xf1, 0xd4, 0x11, 0xd5, 0xf1, 0xd4, 0xf1, 0xd4,
    0x11, 0xd5, 0xf1, 0xd4, 0xf1, 0xd4, 0x11, 0xd5, 0xf1, 0xd4, 0xf1, 0xd4,
    0xf1, 0xd4, 0xf1, 0xd4, 0xf0, 0xd4, 0xf1, 0xd4, 0x11, 0xd5, 0x11, 0xd5,
    0x11, 0xd5, 0x11, 0xd5, 0x31, 0xdd, 0x31, 0xdd, 0x31, 0xdd, 0x32, 0xdd,
    0x31, 0xdd, 0x31, 0xdd, 0x31, 0xdd, 0x30, 0xdd, 0x10, 0xdd, 0x10, 0xdd,
    0x10, 0xd5, 0x10, 0xd5, 0xef, 0xd4, 0xef, 0xd4, 0xae, 0xcc, 0x8e, 0xcc,
    0x0c, 0xb4, 0xcc, 0xab, 0x8b, 0x9b, 0x8b, 0x9b, 0xc8, 0x82, 0x42, 0x49,
    0x83, 0x51, 0x05, 0x5a, 0x66, 0x6a, 0x66, 0x6a, 0x87, 0x72, 0x87, 0x72,
    0x87, 0x72, 0x87, 0x72, 0xc9, 0x72, 0xa8, 0x72, 0x2a, 0x7b, 0xcd, 0x93,
    0x33, 0xbd, 0x37, 0xd6, 0xfa, 0xee, 0x7c, 0xf7, 0x7d, 0xf7, 0x9d, 0xf7,
    0x9d, 0xf7, 0x7e, 0xf7, 0x7d, 0xf7, 0x7e, 0xf7, 0x7d, 0xf7, 0x7e, 0xf7,
    0x7d, 0xff, 0x7e, 0xf7, 0x7e, 0xf7, 0x7e, 0xf7, 0x7e, 0xf7, 0x7e, 0xf7,
    0x7d, 0xf7, 0x7d, 0xff, 0x7e, 0xf7, 0x7e, 0xf7, 0x7e, 0xf7, 0x7d, 0xf7,
    0x7d, 0xf7, 0x7e, 0xf7, 0x7d, 0xf7, 0x7d, 0xf7, 0x7e, 0xf7, 0x7e, 0xf7,
    0x7d, 0xf7, 0x7d, 0xf7, 0x7e, 0xf7, 0x7d, 0xf7, 0x7d, 0xf7, 0x7d, 0xf7,
    0x7e, 0xf7, 0x7d, 0xf7, 0x7d, 0xf7, 0x7d, 0xf7, 0x7d, 0xf7, 0x7e, 0xef,
    0x5d, 0xef, 0x5d, 0xef, 0x7d, 0xf7, 0x5d, 0xef, 0x5d, 0xef, 0x5d, 0xf7,
    0x5d, 0xef, 0x5d, 0xef, 0x7d, 0xf7, 0x5e, 0xef, 0x5d, 0xef, 0x7d, 0xef,
    0x5d, 0xef, 0x7d, 0xef, 0x5d, 0xf7, 0x7d, 0xef, 0x5d, 0xef, 0x5d, 0xef,
    0x7e, 0xef, 0x5d, 0xf7, 0x5d, 0xef, 0x5d, 0xef, 0x7d, 0xef, 0x5d, 0xef,
    0x5d, 0xef, 0x5d, 0xef, 0x7d, 0xef, 0x5e, 0xef, 0x5d, 0xef, 0x7d, 0xef,
    0x5e, 0xef, 0x5d, 0xf7, 0x5d, 0xef, 0x5e, 0xef, 0x5d, 0xf7, 0x5d, 0xef,
    0x5d, 0xef, 0x7d, 0xef, 0x7e, 0xef, 0x5d, 0xef, 0x5d, 0xef, 0x7d, 0xef,
    0x7e, 0xf7, 0x7d, 0xef, 0x5e, 0xef, 0x7e, 0xef, 0x7d, 0xf7, 0x5d, 0xf7,
    0x5c, 0xf7, 0x58, 0xd6, 0x6d, 0x7b, 0x2b, 0x73, 0xe6, 0x51, 0xc5, 0x49,
    0xc5, 0x49, 0xc5, 0x49, 0xa5, 0x41, 0x84, 0x41, 0xa5, 0x49, 0xc5, 0x49,
    0xc6, 0x49, 0x07, 0x52, 0xc6, 0x51, 0xc5, 0x51, 0xa5, 0x49, 0x84, 0x49,
    0xe6, 0x59, 0x47, 0x6a, 0xc9, 0x7a, 0x2b, 0x8b, 0xcd, 0x9b, 0x2f, 0xac,
    0x70, 0xbc, 0xb1, 0xc4, 0xb0, 0xc4, 0x90, 0xbc, 0x6f, 0xbc, 0x4e, 0xbc,
    0x2e, 0xbc, 0x2e, 0xbc, 0x2e, 0xbc, 0x2e, 0xbc, 0x2e, 0xbc, 0x4e, 0xc4,
    0x8f, 0xc4, 0x8f, 0xc4, 0x8f, 0xcc, 0x8f, 0xcc, 0x8f, 0xc4, 0x8f, 0xc4,
    0x8f, 0xcc, 0xd0, 0xd4, 0x11, 0xd5, 0x11, 0xd5, 0x31, 0xd5, 0x11, 0xd5,
    0x11, 0xd5, 0x11, 0xd5, 0x11, 0xd5, 0x11, 0xd5, 0x11, 0xd5, 0x11, 0xd5,
    0x11, 0xd5, 0x11, 0xd5, 0x11, 0xd5, 0x11, 0xd5, 0x11, 0xd5, 0x11, 0xd5,
    0x11, 0xd5, 0x11, 0xd5, 0x11, 0xd5, 0x11, 0xd5, 0x11, 0xd5, 0x11, 0xdd,
    0x11, 0xdd, 0x11, 0xdd, 0x11, 0xdd, 0x11, 0xdd, 0xf1, 0xd4, 0xf1, 0xd4,
    0x11, 0xd5, 0x11, 0xd5, 0x11, 0xd5, 0x11, 0xdd, 0x31, 0xdd, 0x31, 0xdd,
    0x32, 0xdd, 0x31, 0xdd, 0x31, 0xdd, 0x31, 0xdd, 0x31, 0xdd, 0x31, 0xdd,
    0x31, 0xdd, 0x10, 0xdd, 0x10, 0xdd, 0xf0, 0xd4, 0xf0, 0xd4, 0xef, 0xd4,
    0xaf, 0xcc, 0x8f, 0xcc, 0x4d, 0xc4, 0xec, 0xb3, 0x6a, 0x9b, 0xcc, 0xa3,
    0x4a, 0x93, 0x87, 0x7a, 0x25, 0x62, 0x05, 0x62, 0x05, 0x62, 0x66, 0x6a,
    0x86, 0x6a, 0x67, 0x6a, 0x67, 0x6a, 0x87, 0x6a, 0x87, 0x6a, 0x67, 0x6a,
    0xc9, 0x72, 0x8c, 0x8b, 0xb1, 0xac, 0xf6, 0xcd, 0xda, 0xe6, 0x7c, 0xf7,
    0x7d, 0xf7, 0x7d, 0xf7, 0x9e, 0xef, 0x9d, 0xf7, 0x7e, 0xf7, 0x7d, 0xf7,
    0x7e, 0xf7, 0x7d, 0xf7, 0x7e, 0xf7, 0x7d, 0xf7, 0x7d, 0xf7, 0x7d, 0xff,
    0x7e, 0xf7, 0x7e, 0xf7, 0x7d, 0xf7, 0x7d, 0xf7, 0x7e, 0xf7, 0x7e, 0xf7,
    0x7d, 0xf7, 0x7d, 0xf7, 0x7d, 0xf7, 0x7d, 0xf7, 0x5d, 0xf7, 0x7d, 0xf7,
    0x5e, 0xf7, 0x5d, 0xf7, 0x5d, 0xf7, 0x5d, 0xf7, 0x5d, 0xf7, 0x5d, 0xf7,
    0x5d, 0xf7, 0x5d, 0xf7, 0x7d, 0xf7, 0x7d, 0xf7, 0x5d, 0xf7, 0x7d, 0xef,
    0x5d, 0xef, 0x5d, 0xf7, 0x7d, 0xf7, 0x7d, 0xef, 0x5d, 0xf7, 0x5d, 0xef,
    0x7d, 0xf7, 0x5d, 0xef, 0x5d, 0xef, 0x5d, 0xef, 0x5d, 0xef, 0x5d, 0xef,
    0x5d, 0xef, 0x5e, 0xef, 0x7d, 0xef, 0x5d, 0xef, 0x5e, 0xef, 0x7d, 0xef,
    0x5d, 0xf7, 0x5d, 0xef, 0x5d, 0xef, 0x5d, 0xef, 0x5d, 0xef, 0x7e, 0xef,
    0x5d, 0xf7, 0x5d, 0xef, 0x7d, 0xef, 0x5d, 0xf7, 0x5d, 0xef, 0x7d, 0xef,
    0x5d, 0xf7, 0x5d, 0xef, 0x7d, 0xef, 0x7d, 0xef, 0x5d, 0xef, 0x7d, 0xef,
    0x5d, 0xef, 0x5d, 0xef, 0x7d, 0xef, 0x5d, 0xef, 0x5d, 0xf7, 0x7d, 0xef,
    0x7d, 0xef, 0x5d, 0xf7, 0x7e, 0xef, 0x7d, 0xf7, 0x7d, 0xef, 0x7d, 0xef,
    0x5d, 0xf7, 0x7d, 0xf7, 0x3c, 0xef, 0xb6, 0xc5, 0x8d, 0x83, 0x89, 0x62,
    0xc5, 0x49, 0xc5, 0x49, 0xc5, 0x49, 0xc5, 0x49, 0xc6, 0x49, 0x85, 0x41,
    0xc5, 0x49, 0xa5, 0x49, 0xc5, 0x49, 0x07, 0x5a, 0x64, 0x41, 0x64, 0x49,
    0x84, 0x49, 0x85, 0x51, 0x07, 0x62, 0x68, 0x72, 0x0a, 0x83, 0x6c, 0x93,
    0x0e, 0xac, 0x2f, 0xb4, 0x91, 0xbc, 0x90, 0xbc, 0x90, 0xbc, 0x90, 0xbc,
    0x90, 0xc4, 0x90, 0xc4, 0x6f, 0xc4, 0x8f, 0xc4, 0x8f, 0xc4, 0x6f, 0xc4,
    0x6f, 0xc4, 0x8f, 0xcc, 0x8f, 0xcc, 0x8f, 0xcc, 0x8f, 0xcc, 0x8f, 0xcc,
    0xb0, 0xcc, 0xb0, 0xcc, 0xd0, 0xcc, 0xd0, 0xd4, 0x11, 0xdd, 0x31, 0xdd,
    0x32, 0xdd, 0x31, 0xd5, 0x31, 0xdd, 0x31, 0xd5, 0x31, 0xd5, 0x31, 0xdd,
    0x32, 0xdd, 0x31, 0xd5, 0x31, 0xdd, 0x32, 0xdd, 0x31, 0xd5, 0x31, 0xd5,
    0x31, 0xdd, 0x31, 0xdd, 0x31, 0xdd, 0x31, 0xdd, 0x31, 0xdd, 0x31, 0xdd,
    0x32, 0xdd, 0x31, 0xdd, 0x31, 0xdd, 0x31, 0xdd, 0x11, 0xd5, 0x11, 0xdd,
    0x11, 0xd5, 0x11, 0xd5, 0x11, 0xdd, 0x11, 0xd5, 0x11, 0xdd, 0x31, 0xdd,
    0x31, 0xdd, 0x31, 0xdd, 0x31, 0xdd, 0x32, 0xdd, 0x31, 0xdd, 0x31, 0xdd,
    0x31, 0xdd, 0x31, 0xdd, 0x30, 0xdd, 0x10, 0xdd, 0x10, 0xd5, 0xf0, 0xd4,
    0xef, 0xdc, 0xf0, 0xd4, 0xf0, 0xd4, 0x8e, 0xcc, 0x8f, 0xc4, 0x0c, 0xb4,
    0xab, 0xab, 0x0c, 0xac, 0xec, 0xab, 0x8b, 0x9b, 0xc8, 0x82, 0x66, 0x6a,
    0x25, 0x5a, 0x04, 0x5a, 0x46, 0x62, 0x46, 0x62, 0x46, 0x62, 0x46, 0x62,
    0x47, 0x62, 0x26, 0x62, 0x88, 0x6a, 0x2b, 0x83, 0xed, 0x93, 0xd4, 0xc5,
    0xd9, 0xe6, 0x7c, 0xff, 0x7d, 0xf7, 0x9d, 0xf7, 0x9d, 0xef, 0x9e, 0xef,
    0x7d, 0xf7, 0x7e, 0xf7, 0x7d, 0xf7, 0x7e, 0xf7, 0x7d, 0xf7, 0x7e, 0xf7,
    0x7d, 0xf7, 0x7d, 0xf7, 0x7e, 0xf7, 0x7d, 0xf7, 0x9d, 0xf7, 0x7d, 0xf7,
    0x7e, 0xff, 0x7d, 0xf7, 0x7d, 0xf7, 0x7d, 0xf7, 0x7e, 0xf7, 0x7d, 0xf7,
    0x5d, 0xf7, 0x7d, 0xf7, 0x7e, 0xf7, 0x5d, 0xf7, 0x7d, 0xf7, 0x7d, 0xf7,
    0x7d, 0xf7, 0x7d, 0xf7, 0x7d, 0xf7, 0x5d, 0xf7, 0x7d, 0xef, 0x7d, 0xf7,
    0x7d, 0xf7, 0x7d, 0xef, 0x5d, 0xf7, 0x5d, 0xf7, 0x7d, 0xef, 0x7d, 0xf7,
    0x5d, 0xef, 0x7d, 0xf7, 0x7d, 0xf7, 0x5d, 0xef, 0x5d, 0xef, 0x7d, 0xef,
    0x5d, 0xef, 0x7d, 0xef, 0x5d, 0xf7, 0x5d, 0xef, 0x5d, 0xef, 0x5d, 0xf7,
    0x5d, 0xef, 0x5d, 0xef, 0x7d, 0xef, 0x5d, 0xef, 0x5d, 0xef, 0x7d, 0xef,
    0x5d, 0xef, 0x5d, 0xef, 0x5d, 0xef, 0x5d, 0xef, 0x7e, 0xef, 0x5d, 0xef,
    0x5d, 0xef, 0x5d, 0xef, 0x5d, 0xef, 0x5d, 0xef, 0x5d, 0xef, 0x5d, 0xef,
    0x5d, 0xef, 0x7d, 0xef, 0x5d, 0xef, 0x5d, 0xef, 0x5e, 0xef, 0x5d, 0xef,
    0x7d, 0xf7, 0x5e, 0xef, 0x5d, 0xef, 0x5d, 0xef, 0x7e, 0xf7, 0x7d, 0xef,
    0x7d, 0xf7, 0x7d, 0xef, 0x5d, 0xef, 0x7d, 0xf7, 0x1b, 0xef, 0x54, 0xb5,
    0x8d, 0x83, 0x47, 0x5a, 0xe6, 0x51, 0xa5, 0x49, 0xc5, 0x49, 0xc5, 0x49,
    0xc5, 0x49, 0xa5, 0x41, 0xc5, 0x41, 0xa5, 0x49, 0xa5, 0x49, 0x07, 0x5a,
    0x03, 0x39, 0x24, 0x41, 0x84, 0x49, 0x85, 0x51, 0x47, 0x6a, 0xa9, 0x7a,
    0x2b, 0x8b, 0xad, 0x9b, 0x0f, 0xac, 0x2f, 0xb4, 0x70, 0xbc, 0x70, 0xbc,
    0x70, 0xbc, 0x70, 0xbc, 0x90, 0xc4, 0x90, 0xc4, 0xb0, 0xcc, 0xb0, 0xcc,
    0xd0, 0xcc, 0xaf, 0xcc, 0xaf, 0xcc, 0x8f, 0xcc, 0x90, 0xcc, 0x8f, 0xcc,
    0x8f, 0xcc, 0xb0, 0xcc, 0xaf, 0xcc, 0xb0, 0xcc, 0xd0, 0xcc, 0xf0, 0xd4,
    0x11, 0xd5, 0x11, 0xd5, 0x31, 0xd5, 0x31, 0xdd, 0x32, 0xd5, 0x32, 0xdd,
    0x52, 0xd5, 0x51, 0xd5, 0x32, 0xd5, 0x52, 0xd5, 0x52, 0xdd, 0x52, 0xdd,
    0x52, 0xd5, 0x31, 0xd5, 0x32, 0xdd, 0x32, 0xdd, 0x32, 0xd5, 0x32, 0xd5,
    0x32, 0xdd, 0x32, 0xdd, 0x32, 0xdd, 0x32, 0xdd, 0x31, 0xdd, 0x11, 0xdd,
    0x11, 0xd5, 0x11, 0xdd, 0x31, 0xdd, 0x31, 0xdd, 0x11, 0xdd, 0x31, 0xd5,
    0x11, 0xdd, 0x32, 0xd5, 0x32, 0xd5, 0x31, 0xdd, 0x31, 0xdd, 0x52, 0xdd,
    0x51, 0xdd, 0x51, 0xdd, 0x31, 0xdd, 0x31, 0xdd, 0x31, 0xdd, 0x10, 0xdd,
    0x30, 0xdd, 0x10, 0xdd, 0xf0, 0xdc, 0xf0, 0xdc, 0x10, 0xdd, 0xcf, 0xd4,
    0x8f, 0xcc, 0x4e, 0xbc, 0x6e, 0xc4, 0x4d, 0xbc, 0x2d, 0xb4, 0x0d, 0xac,
    0x08, 0x83, 0xc8, 0x7a, 0x87, 0x72, 0x25, 0x62, 0x46, 0x62, 0x46, 0x62,
    0x46, 0x62, 0x46, 0x62, 0x26, 0x5a, 0x06, 0x5a, 0x67, 0x6a, 0x09, 0x7b,
    0x8c, 0x83, 0x53, 0xbd, 0x78, 0xde, 0x5c, 0xf7, 0x7c, 0xf7, 0x7d, 0xf7,
    0x7d, 0xef, 0x9d, 0xef, 0x7e, 0xf7, 0x7d, 0xf7, 0x7e, 0xf7, 0x7d, 0xff,
    0x7e, 0xf7, 0x7e, 0xf7, 0x7e, 0xff, 0x7d, 0xf7, 0x7e, 0xf7, 0x7e, 0xff,
    0x7d, 0xf7, 0x7d, 0xf7, 0x7e, 0xf7, 0x7e, 0xf7, 0x7d, 0xf7, 0x7d, 0xf7,
    0x5e, 0xf7, 0x7d, 0xf7, 0x5d, 0xf7, 0x5d, 0xf7, 0x7e, 0xf7, 0x7d, 0xf7,
    0x5d, 0xf7, 0x5d, 0xf7, 0x7d, 0xf7, 0x5d, 0xf7, 0x5d, 0xf7, 0x7d, 0xf7,
    0x7d, 0xef, 0x5d, 0xf7, 0x7d, 0xef, 0x7d, 0xf7, 0x5d, 0xef, 0x7d, 0xef,
    0x5d, 0xf7, 0x5d, 0xef, 0x7d, 0xef, 0x5d, 0xf7, 0x7d, 0xef, 0x5d, 0xf7,
    0x5d, 0xef, 0x5d, 0xef, 0x5e, 0xef, 0x5d, 0xef, 0x7d, 0xef, 0x5d, 0xef,
    0x5d, 0xef, 0x7d, 0xef, 0x5d, 0xef, 0x5d, 0xef, 0x7e, 0xef, 0x7d, 0xef,
    0x7d, 0xef, 0x7e, 0xef, 0x7d, 0xef, 0x7d, 0xef, 0x7d, 0xef, 0x7d, 0xef,
    0x5d, 0xef, 0x7d, 0xef, 0x5e, 0xef, 0x5d, 0xef, 0x7d, 0xef, 0x5e, 0xf7,
    0x5d, 0xef, 0x5d, 0xef, 0x5e, 0xf7, 0x5d, 0xef, 0x7d, 0xef, 0x5d, 0xf7,
    0x5d, 0xef, 0x7d, 0xef, 0x7e, 0xef, 0x5d, 0xf7, 0x7d, 0xef, 0x7e, 0xef,
    0x7d, 0xf7, 0x7d, 0xef, 0x7d, 0xef, 0x7d, 0xf7, 0x5d, 0xef, 0x3c, 0xef,
    0x99, 0xde, 0x0f, 0x8c, 0x6c, 0x7b, 0x48, 0x5a, 0x06, 0x52, 0xa5, 0x49,
    0xc5, 0x49, 0xa5, 0x49, 0xa5, 0x41, 0xa5, 0x41, 0xa5, 0x49, 0xa5, 0x41,
    0x84, 0x41, 0x64, 0x41, 0x43, 0x41, 0x43, 0x41, 0x85, 0x51, 0x07, 0x62,
    0x68, 0x72, 0xca, 0x7a, 0x6c, 0x93, 0xce, 0xa3, 0x0e, 0xac, 0x4f, 0xb4,
    0x70, 0xbc, 0x4f, 0xbc, 0x70, 0xbc, 0x90, 0xc4, 0x90, 0xc4, 0xb0, 0xc4,
    0xd0, 0xcc, 0xb0, 0xcc, 0xd0, 0xcc, 0xb0, 0xcc, 0xaf, 0xcc, 0xb0, 0xcc,
    0xb0, 0xcc, 0xb0, 0xcc, 0xb0, 0xcc, 0xb0, 0xcc, 0xd0, 0xcc, 0xd0, 0xcc,
    0xd0, 0xd4, 0xd0, 0xd4, 0xf1, 0xd4, 0x11, 0xd5, 0x11, 0xd5, 0x11, 0xd5,
    0x31, 0xd5, 0x31, 0xd5, 0x31, 0xd5, 0x31, 0xdd, 0x31, 0xd5, 0x31, 0xd5,
    0x32, 0xd5, 0x32, 0xd5, 0x32, 0xdd, 0x32, 0xd5, 0x32, 0xdd, 0x31, 0xd5,
    0x32, 0xdd, 0x32, 0xdd, 0x32, 0xdd, 0x32, 0xdd, 0x32, 0xdd, 0x32, 0xd5,
    0x12, 0xdd, 0x11, 0xd5, 0x12, 0xdd, 0x12, 0xdd, 0x32, 0xd5, 0x12, 0xdd,
    0x32, 0xd5, 0x11, 0xd5, 0x12, 0xdd, 0x11, 0xd5, 0x11, 0xd5, 0x11, 0xdd,
    0x31, 0xdd, 0x31, 0xdd, 0x31, 0xdd, 0x31, 0xdd, 0x31, 0xdd, 0x31, 0xdd,
    0x31, 0xdd, 0x31, 0xdd, 0x10, 0xd5, 0x10, 0xdd, 0x10, 0xdd, 0x10, 0xdd,
    0x10, 0xdd, 0xf0, 0xd4, 0xaf, 0xd4, 0x8f, 0xcc, 0x6e, 0xc4, 0x6e, 0xbc,
    0x6e, 0xbc, 0x4e, 0xb4, 0xcb, 0x9b, 0x08, 0x83, 0x87, 0x72, 0x25, 0x62,
    0x46, 0x62, 0x46, 0x62, 0x46, 0x62, 0x46, 0x62, 0x26, 0x5a, 0x26, 0x62,
    0x67, 0x6a, 0x88, 0x6a, 0x2a, 0x7b, 0x4f, 0x9c, 0xb8, 0xe6, 0x9c, 0xff,
    0x7c, 0xf7, 0x7d, 0xef, 0x7d, 0xef, 0x9e, 0xef, 0x7d, 0xf7, 0x7d, 0xf7,
    0x7e, 0xf7, 0x7d, 0xf7, 0x7e, 0xf7, 0x7e, 0xf7, 0x7d, 0xf7, 0x7d, 0xf7,
    0x7e, 0xf7, 0x7d, 0xf7, 0x7d, 0xf7, 0x9d, 0xf7, 0x7d, 0xf7, 0x7e, 0xf7,
    0x7d, 0xf7, 0x7d, 0xf7, 0x7d, 0xf7, 0x7e, 0xf7, 0x5d, 0xf7, 0x5d, 0xf7,
    0x7e, 0xef, 0x5d, 0xf7, 0x5d, 0xef, 0x7e, 0xf7, 0x5d, 0xef, 0x5d, 0xf7,
    0x7d, 0xf7, 0x5d, 0xef, 0x7d, 0xf7, 0x7d, 0xf7, 0x7d, 0xf7, 0x7d, 0xf7,
    0x5d, 0xef, 0x7d, 0xf7, 0x7d, 0xf7, 0x5d, 0xef, 0x7d, 0xf7, 0x5d, 0xef,
    0x5d, 0xef, 0x7d, 0xf7, 0x5d, 0xef, 0x5d, 0xef, 0x5d, 0xef, 0x5d, 0xef,
    0x7d, 0xef, 0x5e, 0xef, 0x5d, 0xef, 0x7d, 0xef, 0x5e, 0xef, 0x5d, 0xef,
    0x7d, 0xef, 0x5d, 0xef, 0x5d, 0xef, 0x5d, 0xef, 0x5d, 0xef, 0x7d, 0xef,
    0x5e, 0xef, 0x5d, 0xef, 0x7d, 0xef, 0x7d, 0xef, 0x5d, 0xef, 0x5d, 0xef,
    0x7d, 0xef, 0x5d, 0xef, 0x7d, 0xef, 0x7d, 0xef, 0x5d, 0xef, 0x5d, 0xef,
    0x5e, 0xef, 0x7d, 0xef, 0x5d, 0xef, 0x5d, 0xef, 0x7d, 0xef, 0x5d, 0xef,
    0x7d, 0xef, 0x5d, 0xef, 0x7d, 0xf7, 0x5d, 0xef, 0x5d, 0xef, 0x5d, 0xf7,
    0x3c, 0xef, 0xdb, 0xe6, 0xb6, 0xbd, 0xad, 0x83, 0x4b, 0x7b, 0x68, 0x5a,
    0x27, 0x5a, 0x84, 0x41, 0xa5, 0x49, 0x84, 0x41, 0x84, 0x41, 0x84, 0x41,
    0xa5, 0x41, 0x85, 0x41, 0x44, 0x41, 0x43, 0x39, 0x43, 0x41, 0x44, 0x41,
    0xa5, 0x51, 0x07, 0x62, 0x88, 0x72, 0xca, 0x82, 0x6c, 0x9b, 0xce, 0xa3,
    0xee, 0xab, 0x2f, 0xb4, 0x70, 0xbc, 0x6f, 0xbc, 0x6f, 0xbc, 0x90, 0xc4,
    0x90, 0xc4, 0xb0, 0xcc, 0xd0, 0xcc, 0xb0, 0xcc, 0xd0, 0xcc, 0xd0, 0xcc,
    0xb0, 0xcc, 0xb0, 0xcc, 0xd0, 0xcc, 0xd0, 0xcc, 0xd0, 0xcc, 0xd0, 0xcc,
    0xf0, 0xcc, 0xd0, 0xd4, 0xf0, 0xd4, 0xf1, 0xd4, 0xf1, 0xd4, 0x11, 0xd5,
    0x11, 0xd5, 0x31, 0xd5, 0x31, 0xd5, 0x31, 0xd5, 0x31, 0xdd, 0x31, 0xd5,
    0x32, 0xdd, 0x31, 0xdd, 0x32, 0xd5, 0x32, 0xd5, 0x51, 0xdd, 0x31, 0xd5,
    0x31, 0xd5, 0x11, 0xd5, 0x11, 0xd5, 0x31, 0xd5, 0x32, 0xdd, 0x31, 0xd5,
    0x11, 0xd5, 0x11, 0xdd, 0x11, 0xd5, 0xf1, 0xd4, 0x11, 0xd5, 0xf1, 0xd4,
    0xf1, 0xd4, 0xf1, 0xd4, 0xf1, 0xd4, 0xf1, 0xd4, 0xf1, 0xd4, 0xf1, 0xd4,
    0x11, 0xd5, 0x11, 0xd5, 0x11, 0xd5, 0xf1, 0xd4, 0x10, 0xd5, 0xf0, 0xd4,
    0xf0, 0xd4, 0xf0, 0xd4, 0xf0, 0xd4, 0x10, 0xd5, 0x10, 0xd5, 0x10, 0xdd,
    0x10, 0xdd, 0x10, 0xdd, 0x31, 0xdd, 0x10, 0xdd, 0xf0, 0xd4, 0xaf, 0xcc,
    0xaf, 0xcc, 0x8f, 0xc4, 0x6f, 0xbc, 0x8e, 0xbc, 0x0d, 0xac, 0x4a, 0x8b,
    0xa7, 0x7a, 0x46, 0x6a, 0x25, 0x62, 0x26, 0x62, 0x26, 0x62, 0x26, 0x5a,
    0x26, 0x62, 0x46, 0x62, 0x67, 0x6a, 0x87, 0x6a, 0x09, 0x7b, 0xac, 0x83,
    0xd5, 0xcd, 0x1b, 0xef, 0x5c, 0xf7, 0x7d, 0xef, 0x7d, 0xef, 0x7d, 0xef,
    0x7d, 0xf7, 0x7d, 0xf7, 0x7e, 0xf7, 0x7d, 0xf7, 0x7e, 0xf7, 0x7e, 0xf7,
    0x7d, 0xf7, 0x7e, 0xf7, 0x7d, 0xf7, 0x7e, 0xf7, 0x7d, 0xf7, 0x7d, 0xff,
    0x7e, 0xf7, 0x7d, 0xf7, 0x7d, 0xf7, 0x5d, 0xf7, 0x7d, 0xf7, 0x7d, 0xf7,
    0x5d, 0xf7, 0x7d, 0xf7, 0x7e, 0xf7, 0x5d, 0xf7, 0x7d, 0xf7, 0x7d, 0xf7,
    0x7d, 0xef, 0x7d, 0xf7, 0x5d, 0xf7, 0x7d, 0xf7, 0x7d, 0xef, 0x7d, 0xef,
    0x5d, 0xf7, 0x7d, 0xef, 0x5d, 0xef, 0x5d, 0xf7, 0x7d, 0xef, 0x5d, 0xf7,
    0x7d, 0xf7, 0x7d, 0xef, 0x5d, 0xf7, 0x7d, 0xef, 0x5d, 0xef, 0x7d, 0xef,
    0x5d, 0xf7, 0x5d, 0xef, 0x5d, 0xef, 0x5d, 0xf7, 0x5d, 0xef, 0x5d, 0xef,
    0x5d, 0xf7, 0x5d, 0xef, 0x7d, 0xef, 0x7d, 0xef, 0x5d, 0xef, 0x7d, 0xef,
    0x5d, 0xef, 0x5d, 0xef, 0x7d, 0xef, 0x5d, 0xef, 0x7d, 0xef, 0x5d, 0xef,
    0x5d, 0xef, 0x5d, 0xef, 0x5d, 0xf7, 0x5d, 0xef, 0x5e, 0xef, 0x5d, 0xef,
    0x7d, 0xef, 0x5d, 0xef, 0x5d, 0xef, 0x5d, 0xef, 0x5d, 0xef, 0x5d, 0xf7,
    0x7e, 0xef, 0x5d, 0xf7, 0x5e, 0xef, 0x5d, 0xef, 0x7d, 0xef, 0x5d, 0xef,
    0x7d, 0xef, 0x7d, 0xf7, 0x3c, 0xef, 0xda, 0xe6, 0x13, 0xad, 0x0b, 0x6b,
    0x2b, 0x73, 0x27, 0x5a, 0x06, 0x52, 0x64, 0x41, 0x84, 0x41, 0x64, 0x39,
    0x64, 0x39, 0x84, 0x41, 0x84, 0x41, 0x84, 0x41, 0x44, 0x39, 0x23, 0x39,
    0x43, 0x41, 0x64, 0x41, 0xc5, 0x51, 0x07, 0x62, 0x88, 0x72, 0xea, 0x82,
    0x4c, 0x9b, 0xcd, 0xa3, 0xee, 0xab, 0x4f, 0xb4, 0x50, 0xbc, 0x70, 0xbc,
    0x90, 0xbc, 0x90, 0xc4, 0xb0, 0xc4, 0xd0, 0xcc, 0xd0, 0xcc, 0xd0, 0xd4,
    0xd0, 0xcc, 0xd0, 0xd4, 0xd0, 0xd4, 0xf0, 0xd4, 0xf0, 0xcc, 0xf0, 0xd4,
    0xf0, 0xcc, 0xf0, 0xd4, 0xf1, 0xd4, 0xf1, 0xd4, 0xf1, 0xd4, 0x11, 0xd5,
    0x11, 0xd5, 0x11, 0xd5, 0x11, 0xd5, 0x11, 0xd5, 0x31, 0xdd, 0x32, 0xd5,
    0x31, 0xd5, 0x32, 0xd5, 0x32, 0xd5, 0x51, 0xdd, 0x52, 0xdd, 0x52, 0xdd,
    0x52, 0xd5, 0x32, 0xd5, 0x32, 0xdd, 0x32, 0xdd, 0x31, 0xd5, 0x11, 0xd5,
    0x11, 0xd5, 0xf1, 0xd4, 0xf1, 0xd4, 0xf1, 0xd4, 0x11, 0xd5, 0xf1, 0xd4,
    0xf1, 0xd4, 0xf1, 0xd4, 0xf1, 0xd4, 0xf1, 0xd4, 0xf1, 0xd4, 0xf1, 0xd4,
    0xf1, 0xd4, 0xf1, 0xd4, 0x11, 0xd5, 0x11, 0xd5, 0xf0, 0xd4, 0x11, 0xd5,
    0x10, 0xd5, 0xf0, 0xd4, 0xf0, 0xcc, 0xf0, 0xd4, 0xf0, 0xd4, 0xf0, 0xd4,
    0x10, 0xdd, 0x10, 0xdd, 0x10, 0xdd, 0x30, 0xdd, 0x31, 0xdd, 0x11, 0xdd,
    0x10, 0xdd, 0xcf, 0xd4, 0xaf, 0xcc, 0xaf, 0xcc, 0xaf, 0xc4, 0xaf, 0xc4,
    0x8e, 0xbc, 0xab, 0x9b, 0xc7, 0x7a, 0x66, 0x72, 0x05, 0x5a, 0x05, 0x5a,
    0x05, 0x52, 0x05, 0x5a, 0x25, 0x5a, 0x46, 0x5a, 0x87, 0x6a, 0x87, 0x6a,
    0xe9, 0x72, 0xe9, 0x72, 0xd1, 0xac, 0xda, 0xee, 0x5c, 0xf7, 0x7d, 0xf7,
    0x7d, 0xef, 0x7e, 0xef, 0x7d, 0xf7, 0x7d, 0xf7, 0x7d, 0xf7, 0x7d, 0xf7,
    0x7e, 0xf7, 0x7d, 0xf7, 0x7d, 0xf7, 0x7d, 0xf7, 0x7d, 0xf7, 0x7d, 0xf7,
    0x7d, 0xf7, 0x7d, 0xf7, 0x7d, 0xf7, 0x7d, 0xf7, 0x7e, 0xf7, 0x7d, 0xf7,
    0x7e, 0xf7, 0x7d, 0xf7, 0x5d, 0xf7, 0x7d, 0xf7, 0x5e, 0xef, 0x5d, 0xf7,
    0x7d, 0xf7, 0x5d, 0xf7, 0x5d, 0xf7, 0x7d, 0xef, 0x5d, 0xf7, 0x5d, 0xf7,
    0x7d, 0xef, 0x7d, 0xf7, 0x7d, 0xf7, 0x7d, 0xf7, 0x5d, 0xef, 0x7d, 0xef,
    0x5d, 0xf7, 0x5d, 0xef, 0x7d, 0xef, 0x5d, 0xf7, 0x7d, 0xf7, 0x5d, 0xef,
    0x5d, 0xef, 0x5d, 0xef, 0x7d, 0xef, 0x5e, 0xef, 0x7d, 0xef, 0x5d, 0xef,
    0x7d, 0xef, 0x5d, 0xef, 0x5d, 0xef, 0x5d, 0xef, 0x7e, 0xef, 0x5d, 0xef,
    0x7d, 0xef, 0x7e, 0xef, 0x7d, 0xef, 0x7d, 0xef, 0x5d, 0xef, 0x7e, 0xef,
    0x5d, 0xef, 0x7d, 0xef, 0x5e, 0xef, 0x5d, 0xef, 0x7d, 0xef, 0x5d, 0xef,
    0x5d, 0xef, 0x5d, 0xf7, 0x5d, 0xef, 0x7d, 0xef, 0x5d, 0xf7, 0x5d, 0xef,
    0x7d, 0xef, 0x5d, 0xef, 0x7e, 0xef, 0x7d, 0xf7, 0x5d, 0xef, 0x5d, 0xef,
    0x7d, 0xf7, 0x5d, 0xef, 0x5d, 0xef, 0x5d, 0xef, 0xfb, 0xe6, 0x79, 0xd6,
    0x71, 0x94, 0x0b, 0x6b, 0xea, 0x6a, 0x06, 0x52, 0xc5, 0x49, 0x43, 0x39,
    0x64, 0x39, 0x63, 0x39, 0x64, 0x39, 0x64, 0x39, 0x84, 0x41, 0x64, 0x41,
    0x23, 0x39, 0x23, 0x39, 0x43, 0x41, 0x64, 0x41, 0xa5, 0x51, 0x27, 0x62,
    0x88, 0x7a, 0xea, 0x82, 0x6c, 0x93, 0xad, 0xa3, 0xee, 0xab, 0x4f, 0xb4,
    0x4f, 0xbc, 0x70, 0xbc, 0x90, 0xc4, 0x90, 0xc4, 0xb0, 0xcc, 0xd0, 0xcc,
    0xd0, 0xcc, 0xd0, 0xcc, 0xd0, 0xd4, 0xf0, 0xd4, 0x11, 0xd5, 0xf1, 0xd4,
    0xf1, 0xd4, 0x11, 0xd5, 0xf1, 0xd4, 0xf1, 0xd4, 0x11, 0xd5, 0xf1, 0xd4,
    0x11, 0xd5, 0x11, 0xd5, 0x11, 0xdd, 0x11, 0xd5, 0x31, 0xd5, 0x11, 0xdd,
    0x31, 0xd5, 0x31, 0xd5, 0x32, 0xdd, 0x32, 0xd5, 0x52, 0xdd, 0x51, 0xd5,
    0x32, 0xd5, 0x32, 0xdd, 0x32, 0xdd, 0x32, 0xd5, 0x32, 0xdd, 0x31, 0xd5,
    0x12, 0xd5, 0x11, 0xd5, 0x11, 0xd5, 0xf1, 0xd4, 0xf1, 0xd4, 0xf1, 0xd4,
    0x11, 0xd5, 0x11, 0xd5, 0x11, 0xd5, 0x11, 0xdd, 0x11, 0xd5, 0x31, 0xd5,
    0x31, 0xdd, 0x31, 0xdd, 0x11, 0xd5, 0x11, 0xdd, 0x11, 0xdd, 0x31, 0xdd,
    0x32, 0xdd, 0x31, 0xdd, 0x31, 0xdd, 0x31, 0xdd, 0x31, 0xdd, 0x31, 0xd5,
    0x31, 0xd5, 0x30, 0xdd, 0x11, 0xdd, 0x30, 0xdd, 0x30, 0xdd, 0x31, 0xdd,
    0x31, 0xe5, 0x31, 0xdd, 0x10, 0xdd, 0xf0, 0xd4, 0xd0, 0xd4, 0xcf, 0xcc,
    0xd0, 0xcc, 0xaf, 0xc4, 0xaf, 0xc4, 0x0c, 0xa4, 0x09, 0x83, 0x66, 0x72,
    0xe4, 0x51, 0xe4, 0x51, 0xc4, 0x51, 0xe5, 0x51, 0x05, 0x5a, 0x46, 0x62,
    0x87, 0x6a, 0x88, 0x6a, 0xe9, 0x72, 0x87, 0x62, 0x2f, 0x94, 0x37, 0xd6,
    0x5c, 0xf7, 0x7d, 0xf7, 0x9d, 0xef, 0x7e, 0xef, 0x7d, 0xf7, 0x7d, 0xf7,
    0x7d, 0xf7, 0x7d, 0xf7, 0x7e, 0xf7, 0x7e, 0xf7, 0x7d, 0xf7, 0x7d, 0xf7,
    0x7d, 0xf7, 0x7d, 0xf7, 0x7d, 0xf7, 0x7d, 0xf7, 0x7d, 0xf7, 0x7d, 0xf7,
    0x5d, 0xf7, 0x7d, 0xf7, 0x7d, 0xf7, 0x5e, 0xf7, 0x5d, 0xf7, 0x7d, 0xf7,
    0x7d, 0xef, 0x5e, 0xf7, 0x7d, 0xef, 0x5d, 0xf7, 0x5e, 0xf7, 0x7d, 0xf7,
    0x7d, 0xf7, 0x5d, 0xf7, 0x7d, 0xef, 0x7d, 0xf7, 0x5d, 0xf7, 0x7d, 0xf7,
    0x7d, 0xef, 0x5d, 0xf7, 0x7d, 0xf7, 0x7d, 0xef, 0x5d, 0xef, 0x5d, 0xf7,
    0x7d, 0xef, 0x5d, 0xf7, 0x5d, 0xef, 0x5d, 0xef, 0x5d, 0xef, 0x5d, 0xef,
    0x5d, 0xef, 0x5d, 0xef, 0x5d, 0xef, 0x7d, 0xef, 0x5d, 0xef, 0x5d, 0xef,
    0x5d, 0xef, 0x5d, 0xef, 0x5d, 0xef, 0x5d, 0xef, 0x5d, 0xef, 0x5d, 0xef,
    0x5d, 0xef, 0x5d, 0xef, 0x5d, 0xef, 0x5d, 0xef, 0x7d, 0xef, 0x5d, 0xef,
    0x5d, 0xef, 0x7d, 0xef, 0x5d, 0xef, 0x5d, 0xef, 0x5d, 0xef, 0x5d, 0xef,
    0x7d, 0xef, 0x5d, 0xef, 0x5d, 0xef, 0x5d, 0xef, 0x7d, 0xef, 0x7d, 0xef,
    0x5d, 0xef, 0x7d, 0xef, 0x5d, 0xef, 0x5d, 0xef, 0x5d, 0xef, 0x5d, 0xef,
    0xfb, 0xe6, 0x38, 0xce, 0xee, 0x8b, 0x0b, 0x6b, 0x89, 0x62, 0xa5, 0x49,
    0x43, 0x39, 0x43, 0x39, 0x43, 0x39, 0x44, 0x39, 0x43, 0x39, 0x43, 0x39,
    0x44, 0x39, 0x64, 0x39, 0x43, 0x39, 0x23, 0x39, 0x44, 0x41, 0x64, 0x41,
    0xc5, 0x51, 0x27, 0x62, 0xa8, 0x7a, 0xea, 0x82, 0x4b, 0x93, 0xad, 0xa3,
    0x0e, 0xac, 0x2f, 0xb4, 0x4f, 0xbc, 0x6f, 0xbc, 0x90, 0xc4, 0xb0, 0xc4,
    0xd1, 0xcc, 0xd1, 0xcc, 0xd0, 0xcc, 0xd1, 0xcc, 0xd1, 0xd4, 0xf1, 0xd4,
    0x11, 0xd5, 0x11, 0xd5, 0x11, 0xd5, 0x11, 0xd5, 0x11, 0xd5, 0xf1, 0xd4,
    0x11, 0xd5, 0x11, 0xd5, 0x11, 0xd5, 0x11, 0xdd, 0x31, 0xd5, 0x31, 0xd5,
    0x12, 0xdd, 0x11, 0xd5, 0x32, 0xdd, 0x32, 0xdd, 0x32, 0xdd, 0x32, 0xdd,
    0x32, 0xdd, 0x32, 0xdd, 0x32, 0xdd, 0x32, 0xdd, 0x32, 0xdd, 0x32, 0xdd,
    0x32, 0xdd, 0x31, 0xd5, 0x32, 0xdd, 0x11, 0xd5, 0x11, 0xd5, 0x11, 0xd5,
    0x11, 0xd5, 0x11, 0xd5, 0x11, 0xd5, 0x12, 0xdd, 0x32, 0xdd, 0x32, 0xdd,
    0x32, 0xdd, 0x32, 0xd5, 0x32, 0xdd, 0x32, 0xdd, 0x32, 0xdd, 0x32, 0xd5,
    0x32, 0xdd, 0x32, 0xdd, 0x32, 0xdd, 0x52, 0xdd, 0x52, 0xdd, 0x51, 0xdd,
    0x51, 0xdd, 0x51, 0xdd, 0x51, 0xdd, 0x31, 0xdd, 0xb3, 0xed, 0xb3, 0xed,
    0xb3, 0xed, 0x93, 0xed, 0x71, 0xe5, 0x51, 0xe5, 0x31, 0xdd, 0x10, 0xdd,
    0xf0, 0xd4, 0xcf, 0xcc, 0xcf, 0xc4, 0xcf, 0xc4, 0x4d, 0xb4, 0x0c, 0xac,
    0x4a, 0x93, 0x66, 0x6a, 0xe4, 0x59, 0xe4, 0x51, 0xa4, 0x49, 0xa4, 0x49,
    0xe4, 0x51, 0xe5, 0x51, 0xc5, 0x51, 0xe5, 0x51, 0x67, 0x62, 0xa8, 0x6a,
    0xad, 0x8b, 0xf6, 0xcd, 0xfa, 0xe6, 0xbe, 0xff, 0x7d, 0xef, 0x1c, 0xe7,
    0x7d, 0xf7, 0x7d, 0xf7, 0x7e, 0xf7, 0x7d, 0xf7, 0x7d, 0xf7, 0x7d, 0xf7,
    0x7d, 0xf7, 0x7e, 0xf7, 0x7e, 0xf7, 0x7d, 0xf7, 0x7d, 0xf7, 0x7e, 0xf7,
    0x7d, 0xf7, 0x7e, 0xf7, 0x7d, 0xf7, 0x5d, 0xf7, 0x7d, 0xf7, 0x7d, 0xf7,
    0x7d, 0xef, 0x7d, 0xf7, 0x7d, 0xf7, 0x7d, 0xef, 0x7d, 0xf7, 0x7d, 0xef,
    0x5d, 0xef, 0x7d, 0xef, 0x5d, 0xef, 0x5d, 0xef, 0x7d, 0xf7, 0x5d, 0xef,
    0x5d, 0xef, 0x5d, 0xef, 0x7d, 0xf7, 0x5d, 0xef, 0x7d, 0xf7, 0x7d, 0xf7,
    0x5d, 0xef, 0x7d, 0xf7, 0x7d, 0xef, 0x5d, 0xef, 0x5d, 0xef, 0x5d, 0xef,
    0x5d, 0xef, 0x5d, 0xef, 0x5d, 0xef, 0x5d, 0xef, 0x5d, 0xef, 0x5d, 0xef,
    0x7d, 0xef, 0x5d, 0xef, 0x5d, 0xef, 0x7d, 0xef, 0x5d, 0xef, 0x5d, 0xe7,
    0x5d, 0xef, 0x5d, 0xef, 0x5d, 0xe7, 0x7d, 0xef, 0x5d, 0xef, 0x5d, 0xef,
    0x5d, 0xef, 0x5d, 0xef, 0x5d, 0xef, 0x7d, 0xef, 0x5d, 0xef, 0x7d, 0xef,
    0x5d, 0xef, 0x5d, 0xef, 0x5d, 0xef, 0x7d, 0xef, 0x5d, 0xef, 0x5d, 0xef,
    0x5d, 0xef, 0x7d, 0xef, 0x5d, 0xef, 0x7d, 0xef, 0x5d, 0xef, 0x5d, 0xef,
    0x5c, 0xef, 0x5c, 0xf7, 0x1b, 0xef, 0xd6, 0xc5, 0x8d, 0x83, 0xea, 0x6a,
    0x28, 0x52, 0x64, 0x41, 0x03, 0x31, 0x44, 0x39, 0x43, 0x39, 0x43, 0x39,
    0x43, 0x39, 0x23, 0x31, 0x23, 0x31, 0x44, 0x39, 0x63, 0x39, 0x43, 0x39,
    0x64, 0x41, 0x64, 0x49, 0xc5, 0x51, 0x27, 0x6a, 0xa9, 0x7a, 0xe9, 0x82,
    0x6b, 0x9b, 0xac, 0xa3, 0x0e, 0xac, 0x2f, 0xb4, 0x4f, 0xbc, 0x70, 0xbc,
    0x90, 0xc4, 0xd0, 0xcc, 0xd1, 0xcc, 0xd0, 0xcc, 0xd0, 0xcc, 0xd0, 0xcc,
    0xf1, 0xd4, 0xf1, 0xd4, 0x11, 0xd5, 0x11, 0xdd, 0x12, 0xdd, 0x11, 0xdd,
    0x11, 0xd5, 0x11, 0xdd, 0x11, 0xd5, 0x11, 0xdd, 0x11, 0xdd, 0x12, 0xdd,
    0x32, 0xdd, 0x32, 0xdd, 0x32, 0xd5, 0x31, 0xd5, 0x32, 0xdd, 0x32, 0xdd,
    0x32, 0xdd, 0x32, 0xdd, 0x52, 0xdd, 0x52, 0xdd, 0x32, 0xdd, 0x52, 0xd5,
    0x32, 0xdd, 0x31, 0xd5, 0x32, 0xdd, 0x31, 0xd5, 0x32, 0xd5, 0x12, 0xdd,
    0x11, 0xd5, 0x32, 0xdd, 0x32, 0xd5, 0x32, 0xdd, 0x11, 0xd5, 0x11, 0xdd,
    0x12, 0xdd, 0x11, 0xd5, 0x12, 0xd5, 0x12, 0xd5, 0x32, 0xdd, 0x32, 0xd5,
    0x32, 0xdd, 0x32, 0xdd, 0x32, 0xd5, 0x32, 0xd5, 0x52, 0xdd, 0x32, 0xdd,
    0x51, 0xdd, 0x52, 0xdd, 0x51, 0xdd, 0x51, 0xe5, 0x72, 0xe5, 0x72, 0xe5,
    0x93, 0xed, 0xb3, 0xed, 0xb3, 0xed, 0xb3, 0xed, 0x92, 0xed, 0x72, 0xed,
    0x72, 0xe5, 0x51, 0xe5, 0x10, 0xd5, 0xd0, 0xd4, 0xcf, 0xcc, 0xaf, 0xc4,
    0x4e, 0xbc, 0x2d, 0xac, 0x6a, 0x93, 0x66, 0x6a, 0x04, 0x5a, 0xe5, 0x51,
    0xa4, 0x51, 0xa3, 0x49, 0x83, 0x49, 0x83, 0x41, 0x83, 0x49, 0x83, 0x49,
    0xa8, 0x6a, 0x67, 0x62, 0x0a, 0x73, 0x33, 0xb5, 0xfb, 0xee, 0x3c, 0xef,
    0x5d, 0xef, 0x9e, 0xf7, 0x7d, 0xef, 0x7d, 0xf7, 0x7d, 0xf7, 0x7d, 0xf7,
    0x7d, 0xf7, 0x7d, 0xf7, 0x7d, 0xf7, 0x7d, 0xf7, 0x7d, 0xf7, 0x7d, 0xf7,
    0x7d, 0xf7, 0x7d, 0xf7, 0x7d, 0xf7, 0x7d, 0xf7, 0x7d, 0xf7, 0x7d, 0xf7,
    0x7d, 0xef, 0x7d, 0xf7, 0x7d, 0xef, 0x5d, 0xf7, 0x7d, 0xf7, 0x7d, 0xef,
    0x7d, 0xf7, 0x7d, 0xf7, 0x5d, 0xef, 0x7d, 0xf7, 0x5d, 0xef, 0x7d, 0xf7,
    0x5d, 0xf7, 0x7d, 0xef, 0x7d, 0xef, 0x5d, 0xf7, 0x7d, 0xef, 0x5d, 0xef,
    0x5d, 0xf7, 0x5d, 0xef, 0x7d, 0xf7, 0x5d, 0xf7, 0x5d, 0xef, 0x7d, 0xf7,
    0x5d, 0xef, 0x5d, 0xef, 0x5d, 0xef, 0x5d, 0xef, 0x5d, 0xef, 0x5d, 0xef,
    0x5d, 0xef, 0x5d, 0xef, 0x7d, 0xef, 0x5d, 0xef, 0x5d, 0xe7, 0x5d, 0xef,
    0x7d, 0xef, 0x5d, 0xe7, 0x5d, 0xef, 0x7d, 0xef, 0x5d, 0xe7, 0x5d, 0xef,
    0x7d, 0xe7, 0x5d, 0xef, 0x5d, 0xe7, 0x7d, 0xef, 0x5d, 0xef, 0x5d, 0xe7,
    0x5d, 0xef, 0x5d, 0xef, 0x7d, 0xe7, 0x5d, 0xef, 0x5d, 0xef, 0x5d, 0xe7,
    0x7d, 0xef, 0x5d, 0xef, 0x7d, 0xef, 0x5d, 0xef, 0x7d, 0xef, 0x5d, 0xef,
    0x5d, 0xef, 0x5d, 0xef, 0x5c, 0xef, 0x5d, 0xef, 0xfb, 0xe6, 0x13, 0xad,
    0x4c, 0x73, 0xaa, 0x62, 0xe6, 0x49, 0x23, 0x39, 0x02, 0x31, 0x44, 0x39,
    0x43, 0x39, 0x23, 0x39, 0x43, 0x39, 0x23, 0x31, 0x23, 0x31, 0x23, 0x39,
    0x43, 0x39, 0x63, 0x41, 0x64, 0x41, 0x64, 0x49, 0xc5, 0x51, 0x27, 0x62,
    0xa8, 0x7a, 0x0a, 0x8b, 0x4b, 0x93, 0xac, 0xa3, 0xee, 0xab, 0x4f, 0xbc,
    0x6f, 0xbc, 0x70, 0xc4, 0xb0, 0xc4, 0xd1, 0xcc, 0xd0, 0xcc, 0xd1, 0xcc,
    0xd0, 0xcc, 0xd0, 0xcc, 0x11, 0xd5, 0x32, 0xdd, 0x12, 0xdd, 0x11, 0xd5,
    0x12, 0xdd, 0x12, 0xd5, 0x12, 0xdd, 0x11, 0xdd, 0x12, 0xdd, 0x32, 0xd5,
    0x32, 0xdd, 0x32, 0xdd, 0x32, 0xdd, 0x32, 0xdd, 0x32, 0xdd, 0x32, 0xdd,
    0x52, 0xdd, 0x52, 0xdd, 0x52, 0xd5, 0x32, 0xdd, 0x52, 0xdd, 0x52, 0xdd,
    0x52, 0xdd, 0x52, 0xdd, 0x52, 0xdd, 0x52, 0xdd, 0x32, 0xdd, 0x32, 0xdd,
    0x32, 0xdd, 0x31, 0xd5, 0x11, 0xd5, 0x32, 0xd5, 0x32, 0xdd, 0x31, 0xd5,
    0xf1, 0xd4, 0x11, 0xd5, 0x32, 0xdd, 0x31, 0xdd, 0x32, 0xdd, 0x32, 0xdd,
    0x32, 0xdd, 0x32, 0xdd, 0x53, 0xdd, 0x52, 0xdd, 0x52, 0xdd, 0x52, 0xdd,
    0x32, 0xdd, 0x52, 0xdd, 0x51, 0xdd, 0x31, 0xdd, 0x52, 0xdd, 0x72, 0xe5,
    0xb3, 0xed, 0xd3, 0xf5, 0xd3, 0xf5, 0xb2, 0xed, 0xb3, 0xed, 0xb3, 0xf5,
    0xb2, 0xf5, 0xb2, 0xed, 0x93, 0xed, 0x92, 0xed, 0x31, 0xdd, 0x10, 0xd5,
    0xef, 0xcc, 0xcf, 0xcc, 0xaf, 0xbc, 0x4d, 0xb4, 0xaa, 0x9b, 0xa7, 0x72,
    0x05, 0x5a, 0xe5, 0x51, 0xa4, 0x49, 0xa3, 0x49, 0x83, 0x41, 0x63, 0x49,
    0x83, 0x49, 0x63, 0x49, 0x67, 0x62, 0x88, 0x62, 0x88, 0x62, 0xee, 0x8b,
    0x99, 0xde, 0x3c, 0xef, 0x9e, 0xf7, 0xbf, 0xf7, 0x7d, 0xef, 0x7d, 0xef,
    0x5d, 0xf7, 0x7d, 0xef, 0x7e, 0xf7, 0x5d, 0xf7, 0x7d, 0xef, 0x7d, 0xf7,
    0x7d, 0xf7, 0x7d, 0xef, 0x7e, 0xf7, 0x7d, 0xf7, 0x7d, 0xef, 0x7d, 0xef,
    0x5d, 0xf7, 0x7e, 0xef, 0x5d, 0xf7, 0x7d, 0xf7, 0x7e, 0xef, 0x5d, 0xf7,
    0x7d, 0xef, 0x5e, 0xf7, 0x7d, 0xf7, 0x7d, 0xf7, 0x5d, 0xef, 0x7d, 0xf7,
    0x7d, 0xf7, 0x5d, 0xef, 0x7d, 0xf7, 0x5d, 0xf7, 0x7d, 0xf7, 0x7d, 0xf7,
    0x5d, 0xef, 0x7d, 0xf7, 0x7d, 0xef, 0x5d, 0xef, 0x7d, 0xf7, 0x7d, 0xef,
    0x5d, 0xf7, 0x7d, 0xef, 0x5d, 0xef, 0x5d, 0xef, 0x5d, 0xef, 0x5d, 0xef,
    0x5d, 0xef, 0x5d, 0xef, 0x5d, 0xef, 0x5d, 0xef, 0x5d, 0xef, 0x7d, 0xe7,
    0x5d, 0xef, 0x5d, 0xef, 0x5d, 0xef, 0x5d, 0xef, 0x7d, 0xef, 0x5d, 0xef,
    0x5d, 0xef, 0x5d, 0xef, 0x5d, 0xef, 0x7d, 0xe7, 0x5d, 0xef, 0x5d, 0xef,
    0x7d, 0xef, 0x5d, 0xef, 0x5d, 0xef, 0x5d, 0xef, 0x7d, 0xe7, 0x5d, 0xef,
    0x5d, 0xef, 0x5d, 0xef, 0x5d, 0xe7, 0x5d, 0xef, 0x7d, 0xef, 0x7d, 0xef,
    0x5d, 0xef, 0x5d, 0xef, 0x5d, 0xef, 0x5c, 0xef, 0x5c, 0xef, 0x5c, 0xef,
    0xda, 0xe6, 0xb2, 0x9c, 0x2b, 0x73, 0x89, 0x5a, 0xa5, 0x49, 0x03, 0x31,
    0x23, 0x39, 0x44, 0x39, 0x43, 0x39, 0x23, 0x31, 0x23, 0x31, 0x23, 0x31,
    0x02, 0x31, 0x02, 0x31, 0x23, 0x39, 0x43, 0x39, 0x64, 0x41, 0x84, 0x49,
    0xc5, 0x59, 0x47, 0x62, 0xa8, 0x7a, 0xea, 0x82, 0x4b, 0x93, 0x8c, 0xa3,
    0xee, 0xab, 0x2f, 0xb4, 0x4f, 0xbc, 0x90, 0xc4, 0xb0, 0xc4, 0xd1, 0xcc,
    0xd0, 0xcc, 0xd0, 0xcc, 0xd1, 0xd4, 0xf1, 0xd4, 0x11, 0xd5, 0x32, 0xdd,
    0x32, 0xdd, 0x11, 0xd5, 0x11, 0xd5, 0x31, 0xdd, 0x32, 0xdd, 0x11, 0xd5,
    0x32, 0xdd, 0x32, 0xdd, 0x32, 0xdd, 0x32, 0xdd, 0x52, 0xdd, 0x52, 0xdd,
    0x32, 0xdd, 0x32, 0xd5, 0x32, 0xdd, 0x52, 0xdd, 0x52, 0xdd, 0x52, 0xdd,
    0x52, 0xdd, 0x52, 0xdd, 0x52, 0xdd, 0x52, 0xdd, 0x52, 0xdd, 0x32, 0xdd,
    0x52, 0xdd, 0x32, 0xdd, 0x32, 0xdd, 0x32, 0xdd, 0x31, 0xd5, 0x31, 0xd5,
    0x32, 0xdd, 0x11, 0xd5, 0x11, 0xd5, 0x12, 0xdd, 0x12, 0xdd, 0x31, 0xd5,
    0x32, 0xd5, 0x32, 0xdd, 0x32, 0xdd, 0x32, 0xd5, 0x32, 0xdd, 0x32, 0xdd,
    0x52, 0xdd, 0x32, 0xdd, 0x32, 0xdd, 0x52, 0xdd, 0x51, 0xdd, 0x31, 0xdd,
    0x52, 0xdd, 0x72, 0xe5, 0xd3, 0xf5, 0x14, 0xfe, 0xb3, 0xed, 0xb3, 0xed,
    0x93, 0xed, 0xb3, 0xf5, 0xb3, 0xed, 0xb2, 0xed, 0x92, 0xed, 0x92, 0xed,
    0x72, 0xdd, 0x31, 0xdd, 0xf0, 0xd4, 0xef, 0xcc, 0xaf, 0xc4, 0x8e, 0xbc,
    0xab, 0xa3, 0xc7, 0x7a, 0x25, 0x62, 0xe4, 0x51, 0xa3, 0x49, 0x83, 0x49,
    0xc5, 0x51, 0xe5, 0x51, 0xe5, 0x51, 0xe5, 0x51, 0xc4, 0x51, 0xa8, 0x6a,
    0xea, 0x72, 0x2b, 0x73, 0xb6, 0xbd, 0x3c, 0xef, 0xde, 0xff, 0x7e, 0xf7,
    0x7d, 0xf7, 0x7d, 0xf7, 0x7d, 0xef, 0x5d, 0xf7, 0x7d, 0xef, 0x7d, 0xf7,
    0x5d, 0xef, 0x7e, 0xf7, 0x5d, 0xef, 0x7d, 0xf7, 0x5d, 0xef, 0x7d, 0xf7,
    0x7d, 0xf7, 0x5e, 0xef, 0x7d, 0xf7, 0x7d, 0xf7, 0x7d, 0xef, 0x5d, 0xf7,
    0x7d, 0xf7, 0x7d, 0xef, 0x7d, 0xf7, 0x7d, 0xef, 0x5d, 0xf7, 0x7d, 0xef,
    0x5d, 0xef, 0x5d, 0xf7, 0x7d, 0xef, 0x5d, 0xef, 0x5d, 0xef, 0x7d, 0xef,
    0x5d, 0xef, 0x5d, 0xf7, 0x7d, 0xf7, 0x5d, 0xef, 0x7d, 0xf7, 0x5d, 0xf7,
    0x5d, 0xef, 0x7d, 0xef, 0x5d, 0xf7, 0x5d, 0xef, 0x5d, 0xef, 0x5d, 0xef,
    0x5d, 0xef, 0x5d, 0xef, 0x5d, 0xef, 0x5d, 0xef, 0x7d, 0xef, 0x5d, 0xef,
    0x5d, 0xe7, 0x5d, 0xef, 0x7d, 0xe7, 0x5d, 0xe7, 0x5d, 0xef, 0x7d, 0xe7,
    0x5d, 0xef, 0x5d, 0xe7, 0x7d, 0xef, 0x5d, 0xef, 0x5d, 0xef, 0x5d, 0xef,
    0x5d, 0xef, 0x5d, 0xe7, 0x5d, 0xef, 0x7d, 0xe7, 0x5d, 0xef, 0x5d, 0xef,
    0x5d, 0xef, 0x7d, 0xef, 0x5d, 0xef, 0x7d, 0xef, 0x5d, 0xef, 0x5d, 0xe7,
    0x5d, 0xef, 0x5d, 0xef, 0x5d, 0xef, 0x5d, 0xef, 0x5c, 0xef, 0x5c, 0xef,
    0x5d, 0xef, 0x5c, 0xf7, 0x99, 0xde, 0x50, 0x94, 0x0b, 0x6b, 0x68, 0x5a,
    0x85, 0x41, 0x23, 0x31, 0x85, 0x41, 0x64, 0x39, 0x23, 0x39, 0x23, 0x31,
    0x23, 0x39, 0x03, 0x31, 0x23, 0x31, 0x02, 0x31, 0x02, 0x31, 0x43, 0x39,
    0x64, 0x41, 0x84, 0x49, 0xc5, 0x59, 0x47, 0x6a, 0xa8, 0x7a, 0xea, 0x8a,
    0x4b, 0x9b, 0x8c, 0xa3, 0xee, 0xb3, 0x4f, 0xbc, 0x6f, 0xbc, 0x8f, 0xc4,
    0x90, 0xc4, 0xd0, 0xcc, 0xd0, 0xcc, 0xd0, 0xcc, 0xd1, 0xcc, 0xf1, 0xd4,
    0x11, 0xd5, 0x11, 0xd5, 0x31, 0xd5, 0x11, 0xd5, 0x32, 0xd5, 0x31, 0xd5,
    0x32, 0xd5, 0x12, 0xd5, 0x32, 0xdd, 0x32, 0xdd, 0x32, 0xdd, 0x52, 0xdd,
    0x52, 0xdd, 0x52, 0xdd, 0x52, 0xdd, 0x52, 0xdd, 0x52, 0xdd, 0x52, 0xdd,
    0x52, 0xdd, 0x52, 0xdd, 0x53, 0xdd, 0x53, 0xdd, 0x52, 0xdd, 0x52, 0xdd,
    0x53, 0xdd, 0x52, 0xdd, 0x52, 0xdd, 0x52, 0xdd, 0x52, 0xdd, 0x32, 0xdd,
    0x32, 0xdd, 0x12, 0xd5, 0x12, 0xdd, 0x32, 0xd5, 0x12, 0xd5, 0x32, 0xdd,
    0x32, 0xdd, 0x32, 0xdd, 0x32, 0xdd, 0x32, 0xdd, 0x32, 0xdd, 0x53, 0xdd,
    0x53, 0xdd, 0x32, 0xdd, 0x52, 0xdd, 0x32, 0xdd, 0x52, 0xdd, 0x52, 0xdd,
    0x52, 0xdd, 0x52, 0xdd, 0x72, 0xe5, 0x92, 0xe5, 0xd4, 0xf5, 0x14, 0xf6,
    0xb3, 0xed, 0xb3, 0xed, 0xb3, 0xed, 0xb3, 0xed, 0xb3, 0xed, 0xb3, 0xed,
    0x92, 0xed, 0x72, 0xe5, 0x71, 0xdd, 0x51, 0xdd, 0x10, 0xd5, 0xf0, 0xcc,
    0xcf, 0xcc, 0xae, 0xc4, 0x0d, 0xb4, 0x49, 0x8b, 0x25, 0x62, 0xe4, 0x51,
    0xa3, 0x41, 0x63, 0x41, 0x83, 0x41, 0xa3, 0x49, 0xc4, 0x51, 0xe5, 0x51,
    0x63, 0x41, 0xe5, 0x51, 0x68, 0x62, 0xea, 0x6a, 0x71, 0x9c, 0x79, 0xd6,
    0x5d, 0xef, 0x1c, 0xe7, 0x7d, 0xef, 0x7d, 0xf7, 0x7d, 0xf7, 0x7d, 0xef,
    0x7d, 0xf7, 0x7d, 0xf7, 0x7d, 0xf7, 0x7d, 0xef, 0x7d, 0xf7, 0x5d, 0xf7,
    0x7d, 0xef, 0x7d, 0xf7, 0x5d, 0xf7, 0x7d, 0xef, 0x7d, 0xf7, 0x7d, 0xf7,
    0x7d, 0xef, 0x7d, 0xf7, 0x5d, 0xf7, 0x7d, 0xef, 0x7d, 0xf7, 0x7d, 0xf7,
    0x7d, 0xef, 0x7d, 0xf7, 0x5d, 0xf7, 0x7d, 0xef, 0x5d, 0xf7, 0x7d, 0xf7,
    0x5d, 0xf7, 0x5e, 0xef, 0x5d, 0xef, 0x5d, 0xf7, 0x7d, 0xef, 0x5d, 0xef,
    0x5d, 0xf7, 0x7d, 0xf7, 0x7d, 0xef, 0x5d, 0xf7, 0x7d, 0xf7, 0x5d, 0xef,
    0x5d, 0xef, 0x5d, 0xef, 0x5d, 0xef, 0x5d, 0xef, 0x5d, 0xef, 0x5d, 0xef,
    0x5d, 0xef, 0x7d, 0xef, 0x5d, 0xef, 0x5d, 0xef, 0x5d, 0xef, 0x7d, 0xef,
    0x5d, 0xef, 0x5d, 0xef, 0x5d, 0xe7, 0x5d, 0xef, 0x7d, 0xef, 0x5d, 0xe7,
    0x5d, 0xe7, 0x7d, 0xef, 0x5d, 0xef, 0x5d, 0xef, 0x7d, 0xe7, 0x5d, 0xef,
    0x5d, 0xef, 0x7d, 0xe7, 0x5d, 0xef, 0x5d, 0xe7, 0x5d, 0xe7, 0x5d, 0xef,
    0x7d, 0xef, 0x5d, 0xef, 0x5d, 0xef, 0x5d, 0xef, 0x7d, 0xef, 0x5d, 0xef,
    0x5c, 0xef, 0x5d, 0xef, 0x5c, 0xef, 0x5c, 0xef, 0x79, 0xd6, 0xef, 0x8b,
    0xca, 0x6a, 0x48, 0x52, 0x64, 0x39, 0x44, 0x39, 0xa5, 0x41, 0x44, 0x39,
    0x23, 0x31, 0x22, 0x31, 0x02, 0x31, 0x02, 0x31, 0x03, 0x31, 0x03, 0x31,
    0x22, 0x31, 0x23, 0x39, 0x43, 0x41, 0x84, 0x49, 0xc5, 0x59, 0x27, 0x6a,
    0xa8, 0x7a, 0x0a, 0x8b, 0x4b, 0x9b, 0xac, 0xa3, 0x0e, 0xb4, 0x4e, 0xbc,
    0x6f, 0xbc, 0x8f, 0xc4, 0x90, 0xc4, 0x90, 0xcc, 0xd0, 0xcc, 0xd0, 0xcc,
    0xd0, 0xcc, 0xd0, 0xcc, 0xf1, 0xd4, 0x12, 0xd5, 0x11, 0xd5, 0x12, 0xdd,
    0x32, 0xdd, 0x31, 0xd5, 0x12, 0xd5, 0x12, 0xdd, 0x32, 0xd5, 0x32, 0xdd,
    0x52, 0xdd, 0x32, 0xd5, 0x52, 0xdd, 0x53, 0xdd, 0x32, 0xdd, 0x32, 0xdd,
    0x53, 0xdd, 0x53, 0xdd, 0x53, 0xdd, 0x53, 0xdd, 0x53, 0xdd, 0x53, 0xe5,
    0x52, 0xdd, 0x53, 0xdd, 0x53, 0xdd, 0x52, 0xdd, 0x52, 0xdd, 0x32, 0xdd,
    0x32, 0xdd, 0x53, 0xdd, 0x32, 0xdd, 0x32, 0xdd, 0x52, 0xdd, 0x32, 0xdd,
    0x32, 0xdd, 0x52, 0xdd, 0x32, 0xdd, 0x52, 0xdd, 0x32, 0xdd, 0x53, 0xdd,
    0x52, 0xdd, 0x52, 0xdd, 0x53, 0xdd, 0x32, 0xdd, 0x52, 0xdd, 0x52, 0xd5,
    0x52, 0xdd, 0x52, 0xdd, 0x52, 0xdd, 0x72, 0xe5, 0x72, 0xe5, 0x93, 0xe5,
    0xd3, 0xed, 0xd3, 0xf5, 0xb3, 0xed, 0xb3, 0xed, 0xb3, 0xed, 0xb3, 0xed,
    0xb3, 0xed, 0xb3, 0xed, 0x92, 0xe5, 0x71, 0xe5, 0x51, 0xdd, 0x31, 0xdd,
    0x10, 0xd5, 0xef, 0xcc, 0xcf, 0xcc, 0xaf, 0xc4, 0x0d, 0xb4, 0x29, 0x93,
    0x25, 0x62, 0xe4, 0x51, 0x83, 0x41, 0x62, 0x41, 0x42, 0x39, 0x63, 0x41,
    0x83, 0x41, 0x83, 0x49, 0xe5, 0x51, 0xa4, 0x49, 0x47, 0x5a, 0x6c, 0x7b,
    0x0f, 0x8c, 0x96, 0xbd, 0xdb, 0xde, 0x9e, 0xf7, 0x7d, 0xef, 0x5d, 0xf7,
    0x5e, 0xf7, 0x7d, 0xef, 0x5d, 0xf7, 0x7e, 0xef, 0x7d, 0xf7, 0x5d, 0xf7,
    0x7d, 0xef, 0x7e, 0xf7, 0x7d, 0xf7, 0x7d, 0xef, 0x7d, 0xf7, 0x7d, 0xf7,
    0x5d, 0xef, 0x5e, 0xf7, 0x7d, 0xef, 0x7d, 0xf7, 0x7e, 0xef, 0x5d, 0xf7,
    0x7d, 0xf7, 0x5e, 0xef, 0x7d, 0xf7, 0x7d, 0xf7, 0x5d, 0xef, 0x7d, 0xef,
    0x7d, 0xf7, 0x5d, 0xef, 0x5d, 0xf7, 0x5d, 0xf7, 0x5e, 0xf7, 0x5d, 0xef,
    0x7d, 0xf7, 0x7d, 0xef, 0x5d, 0xef, 0x7d, 0xf7, 0x5d, 0xef, 0x7d, 0xef,
    0x7d, 0xf7, 0x5d, 0xf7, 0x5d, 0xef, 0x5d, 0xef, 0x5d, 0xef, 0x5d, 0xef,
    0x5d, 0xef, 0x5d, 0xef, 0x5d, 0xef, 0x5d, 0xe7, 0x7d, 0xef, 0x5d, 0xef,
    0x5d, 0xe7, 0x5d, 0xe7, 0x7d, 0xef, 0x5d, 0xef, 0x5d, 0xef, 0x5d, 0xef,
    0x5d, 0xef, 0x5d, 0xef, 0x7d, 0xef, 0x5d, 0xe7, 0x5d, 0xef, 0x7d, 0xef,
    0x5d, 0xef, 0x5d, 0xef, 0x5d, 0xef, 0x5d, 0xe7, 0x7d, 0xef, 0x5d, 0xef,
    0x5d, 0xef, 0x5d, 0xe7, 0x5d, 0xef, 0x7d, 0xef, 0x7d, 0xef, 0x7d, 0xef,
    0x7d, 0xef, 0x5d, 0xef, 0x5c, 0xef, 0x5d, 0xef, 0x5c, 0xef, 0x5c, 0xf7,
    0x58, 0xd6, 0x2c, 0x73, 0xa9, 0x5a, 0x07, 0x4a, 0x44, 0x39, 0xc5, 0x41,
    0x84, 0x39, 0x23, 0x31, 0x02, 0x31, 0x02, 0x31, 0xe2, 0x30, 0xe2, 0x30,
    0x02, 0x31, 0x23, 0x39, 0x22, 0x31, 0x23, 0x39, 0x43, 0x41, 0x84, 0x49,
    0xc5, 0x59, 0x47, 0x6a, 0xc9, 0x82, 0x2b, 0x93, 0x6c, 0xa3, 0xad, 0xab,
    0x0d, 0xb4, 0x4f, 0xbc, 0x6f, 0xc4, 0x8f, 0xc4, 0x90, 0xc4, 0x8f, 0xc4,
    0xd0, 0xcc, 0xd0, 0xcc, 0xd0, 0xcc, 0xd0, 0xcc, 0xf1, 0xcc, 0x11, 0xd5,
    0x31, 0xd5, 0x31, 0xd5, 0x32, 0xd5, 0x31, 0xd5, 0x32, 0xdd, 0x32, 0xd5,
    0x32, 0xd5, 0x32, 0xd5, 0x52, 0xdd, 0x52, 0xd5, 0x53, 0xdd, 0x52, 0xdd,
    0x33, 0xdd, 0x33, 0xdd, 0x53, 0xdd, 0x53, 0xdd, 0x53, 0xe5, 0x73, 0xdd,
    0x73, 0xe5, 0x53, 0xdd, 0x73, 0xe5, 0x53, 0xdd, 0x53, 0xdd, 0x53, 0xdd,
    0x53, 0xdd, 0x52, 0xdd, 0x53, 0xdd, 0x53, 0xdd, 0x53, 0xdd, 0x73, 0xdd,
    0x73, 0xe5, 0x73, 0xe5, 0x73, 0xdd, 0x53, 0xdd, 0x53, 0xdd, 0x73, 0xdd,
    0x53, 0xdd, 0x53, 0xdd, 0x53, 0xdd, 0x52, 0xdd, 0x53, 0xdd, 0x52, 0xdd,
    0x52, 0xdd, 0x52, 0xdd, 0x32, 0xdd, 0x52, 0xdd, 0x52, 0xdd, 0x52, 0xe5,
    0xb3, 0xed, 0xb4, 0xed, 0xb3, 0xed, 0x93, 0xed, 0xb3, 0xed, 0xd3, 0xed,
    0xd3, 0xed, 0xd3, 0xed, 0xd2, 0xed, 0xb2, 0xed, 0x92, 0xe5, 0x71, 0xe5,
    0x71, 0xe5, 0x51, 0xdd, 0x10, 0xd5, 0xef, 0xcc, 0xcf, 0xcc, 0x8f, 0xc4,
    0x0c, 0xb4, 0x29, 0x93, 0x45, 0x6a, 0xe4, 0x51, 0x83, 0x41, 0x42, 0x41,
    0x62, 0x41, 0x63, 0x39, 0x62, 0x39, 0x63, 0x41, 0x26, 0x5a, 0xe5, 0x51,
    0x68, 0x62, 0x8d, 0x83, 0x0f, 0x8c, 0x96, 0xbd, 0xba, 0xde, 0x9e, 0xf7,
    0x7d, 0xef, 0x7d, 0xf7, 0x7d, 0xf7, 0x7d, 0xef, 0x7d, 0xf7, 0x5d, 0xef,
    0x7d, 0xf7, 0x7d, 0xf7, 0x5d, 0xef, 0x7d, 0xf7, 0x7d, 0xef, 0x5e, 0xf7,
    0x7d, 0xef, 0x7d, 0xf7, 0x7d, 0xf7, 0x7d, 0xef, 0x7d, 0xf7, 0x5d, 0xf7,
    0x7d, 0xef, 0x7d, 0xf7, 0x7d, 0xf7, 0x7d, 0xef, 0x5d, 0xf7, 0x7e, 0xf7,
    0x5d, 0xef, 0x5d, 0xf7, 0x7d, 0xef, 0x7d, 0xef, 0x7d, 0xef, 0x7d, 0xf7,
    0x7d, 0xef, 0x7d, 0xef, 0x5d, 0xf7, 0x7d, 0xf7, 0x7d, 0xef, 0x5d, 0xf7,
    0x5d, 0xf7, 0x7d, 0xef, 0x5d, 0xef, 0x7d, 0xf7, 0x5d, 0xef, 0x5d, 0xef,
    0x5d, 0xef, 0x5d, 0xef, 0x5d, 0xef, 0x5d, 0xef, 0x5d, 0xef, 0x5d, 0xef,
    0x5d, 0xe7, 0x7d, 0xef, 0x5d, 0xef, 0x5d, 0xe7, 0x5d, 0xef, 0x7d, 0xef,
    0x5d, 0xe7, 0x7d, 0xef, 0x5d, 0xe7, 0x5d, 0xef, 0x5d, 0xef, 0x5d, 0xef,
    0x5d, 0xe7, 0x5d, 0xef, 0x5d, 0xef, 0x7d, 0xe7, 0x5d, 0xef, 0x5d, 0xef,
    0x5d, 0xef, 0x7d, 0xef, 0x5d, 0xef, 0x5d, 0xef, 0x5d, 0xe7, 0x5d, 0xef,
    0x5d, 0xef, 0x5d, 0xef, 0x5d, 0xef, 0x5d, 0xef, 0x5c, 0xef, 0x5c, 0xef,
    0x5c, 0xef, 0x5c, 0xef, 0x58, 0xd6, 0xaa, 0x62, 0x47, 0x52, 0xe6, 0x49,
    0xa5, 0x41, 0x06, 0x4a, 0x44, 0x39, 0x03, 0x31, 0x02, 0x29, 0xe2, 0x28,
    0xe2, 0x30, 0xe2, 0x28, 0x02, 0x31, 0x23, 0x31, 0x23, 0x39, 0x23, 0x39,
    0x43, 0x41, 0x84, 0x49, 0xe5, 0x59, 0x47, 0x72, 0xc9, 0x82, 0x4b, 0x9b,
    0x8c, 0xa3, 0xcd, 0xab, 0x0d, 0xb4, 0x2e, 0xbc, 0x4f, 0xbc, 0x8f, 0xc4,
    0x8f, 0xc4, 0x8f, 0xc4, 0xb0, 0xcc, 0xb0, 0xcc, 0xd0, 0xcc, 0xd0, 0xcc,
    0xf1, 0xcc, 0x11, 0xd5, 0x32, 0xd5, 0x31, 0xd5, 0x12, 0xd5, 0x31, 0xd5,
    0x12, 0xd5, 0x32, 0xd5, 0x32, 0xd5, 0x32, 0xd5, 0x32, 0xd5, 0x32, 0xdd,
    0x53, 0xdd, 0x53, 0xd5, 0x52, 0xdd, 0x53, 0xdd, 0x53, 0xdd, 0x53, 0xdd,
    0x53, 0xdd, 0x73, 0xe5, 0x53, 0xdd, 0x73, 0xe5, 0x53, 0xdd, 0x73, 0xe5,
    0x52, 0xdd, 0x53, 0xdd, 0x53, 0xdd, 0x52, 0xdd, 0x53, 0xdd, 0x73, 0xdd,
    0x73, 0xdd, 0x73, 0xe5, 0x73, 0xe5, 0x93, 0xe5, 0x73, 0xe5, 0x73, 0xe5,
    0x73, 0xe5, 0x73, 0xe5, 0x73, 0xdd, 0x53, 0xdd, 0x53, 0xdd, 0x52, 0xdd,
    0x53, 0xdd, 0x52, 0xdd, 0x52, 0xdd, 0x32, 0xdd, 0x52, 0xdd, 0x52, 0xdd,
    0x52, 0xdd, 0x72, 0xdd, 0xb3, 0xed, 0xb3, 0xed, 0xb3, 0xe5, 0x93, 0xe5,
    0xb3, 0xed, 0xd3, 0xed, 0xd2, 0xed, 0xd3, 0xed, 0xd3, 0xed, 0xb2, 0xed,
    0x92, 0xe5, 0x71, 0xdd, 0x71, 0xdd, 0x51, 0xdd, 0xf0, 0xd4, 0xd0, 0xcc,
    0xcf, 0xcc, 0x8e, 0xc4, 0x2d, 0xb4, 0x29, 0x93, 0x25, 0x62, 0xc4, 0x51,
    0x83, 0x49, 0x42, 0x41, 0x63, 0x39, 0x62, 0x41, 0x62, 0x41, 0x63, 0x39,
    0xe5, 0x51, 0x47, 0x62, 0xea, 0x72, 0x4c, 0x7b, 0x71, 0x9c, 0x99, 0xd6,
    0x5d, 0xef, 0x1c, 0xe7, 0x7d, 0xf7, 0x5d, 0xef, 0x7d, 0xf7, 0x7d, 0xf7,
    0x7d, 0xef, 0x7d, 0xf7, 0x7e, 0xef, 0x7d, 0xf7, 0x7d, 0xf7, 0x5d, 0xef,
    0x7d, 0xf7, 0x7d, 0xf7, 0x5d, 0xef, 0x7d, 0xf7, 0x7e, 0xf7, 0x7d, 0xef,
    0x5d, 0xf7, 0x7d, 0xf7, 0x7d, 0xef, 0x7d, 0xf7, 0x5d, 0xef, 0x7d, 0xf7,
    0x7d, 0xef, 0x7d, 0xf7, 0x5d, 0xef, 0x7d, 0xf7, 0x5d, 0xf7, 0x5d, 0xef,
    0x7d, 0xf7, 0x5d, 0xef, 0x5d, 0xf7, 0x7d, 0xef, 0x5d, 0xf7, 0x5d, 0xef,
    0x7d, 0xef, 0x5d, 0xf7, 0x7d, 0xf7, 0x5d, 0xef, 0x5d, 0xef, 0x7d, 0xf7,
    0x5d, 0xe7, 0x5d, 0xe7, 0x5d, 0xe7, 0x5d, 0xef, 0x5d, 0xe7, 0x5d, 0xe7,
    0x5d, 0xef, 0x5d, 0xef, 0x5d, 0xe7, 0x5d, 0xef, 0x5d, 0xef, 0x5d, 0xe7,
    0x5d, 0xef, 0x5d, 0xe7, 0x5d, 0xef, 0x5d, 0xe7, 0x5d, 0xef, 0x5d, 0xe7,
    0x5d, 0xef, 0x5d, 0xe7, 0x5d, 0xef, 0x5d, 0xef, 0x5d, 0xe7, 0x5d, 0xe7,
    0x5d, 0xef, 0x5d, 0xe7, 0x5d, 0xe7, 0x5d, 0xe7, 0x5d, 0xef, 0x5d, 0xef,
    0x5d, 0xe7, 0x3d, 0xe7, 0x5c, 0xe7, 0x5c, 0xe7, 0x5d, 0xef, 0x5c, 0xef,
    0x5c, 0xef, 0x5d, 0xef, 0x3c, 0xef, 0x3c, 0xef, 0x38, 0xce, 0x89, 0x5a,
    0x06, 0x42, 0xe6, 0x49, 0xe6, 0x49, 0xc6, 0x49, 0x03, 0x31, 0x03, 0x31,
    0xe2, 0x30, 0xe2, 0x28, 0xe2, 0x28, 0xe2, 0x30, 0x02, 0x31, 0x02, 0x31,
    0x23, 0x39, 0x43, 0x39, 0x43, 0x41, 0x64, 0x51, 0xe5, 0x61, 0x87, 0x72,
    0xea, 0x8a, 0x6b, 0x9b, 0xac, 0xa3, 0xcc, 0xab, 0xed, 0xb3, 0x2e, 0xbc,
    0x4f, 0xbc, 0x8f, 0xc4, 0x8f, 0xc4, 0x8f, 0xc4, 0x8f, 0xc4, 0xaf, 0xc4,
    0xd0, 0xc4, 0xd0, 0xcc, 0xf0, 0xcc, 0xf1, 0xcc, 0x31, 0xd5, 0x32, 0xd5,
    0x12, 0xd5, 0x11, 0xd5, 0x11, 0xd5, 0x11, 0xd5, 0x31, 0xd5, 0x12, 0xd5,
    0x12, 0xd5, 0x32, 0xd5, 0x53, 0xdd, 0x53, 0xdd, 0x53, 0xdd, 0x53, 0xdd,
    0x53, 0xdd, 0x53, 0xdd, 0x53, 0xdd, 0x53, 0xdd, 0x53, 0xdd, 0x53, 0xdd,
    0x53, 0xdd, 0x53, 0xdd, 0x53, 0xdd, 0x53, 0xdd, 0x52, 0xdd, 0x53, 0xdd,
    0x52, 0xdd, 0x53, 0xe5, 0x52, 0xdd, 0x73, 0xe5, 0x53, 0xdd, 0x73, 0xdd,
    0x73, 0xe5, 0x73, 0xe5, 0x73, 0xdd, 0x73, 0xe5, 0x73, 0xe5, 0x73, 0xdd,
    0x52, 0xdd, 0x53, 0xdd, 0x52, 0xdd, 0x32, 0xdd, 0x32, 0xdd, 0x32, 0xdd,
    0x32, 0xdd, 0x32, 0xdd, 0x32, 0xdd, 0x52, 0xdd, 0x72, 0xe5, 0x92, 0xdd,
    0x92, 0xe5, 0x72, 0xdd, 0xb2, 0xe5, 0x51, 0xdd, 0x50, 0xdd, 0xb2, 0xe5,
    0xd3, 0xed, 0xf3, 0xed, 0xd3, 0xed, 0x71, 0xe5, 0x72, 0xe5, 0x51, 0xdd,
    0x10, 0xd5, 0xcf, 0xcc, 0x6e, 0xbc, 0x6e, 0xc4, 0x4d, 0xb4, 0xcc, 0xa3,
    0x66, 0x6a, 0xa3, 0x51, 0x42, 0x41, 0x01, 0x31, 0x22, 0x31, 0xa4, 0x41,
    0xe5, 0x51, 0x05, 0x52, 0x83, 0x41, 0xc8, 0x6a, 0x4b, 0x7b, 0x6c, 0x83,
    0x34, 0xb5, 0x59, 0xd6, 0xfb, 0xe6, 0x7e, 0xef, 0x5d, 0xef, 0x5d, 0xf7,
    0x5d, 0xef, 0x5d, 0xef, 0x5e, 0xf7, 0x5d, 0xef, 0x5d, 0xef, 0x5e, 0xef,
    0x5d, 0xf7, 0x5e, 0xef, 0x5e, 0xef, 0x5d, 0xf7, 0x5d, 0xef, 0x5e, 0xef,
    0x5d, 0xef, 0x5d, 0xef, 0x5e, 0xf7, 0x5e, 0xef, 0x5d, 0xef, 0x5e, 0xf7,
    0x5e, 0xef, 0x5d, 0xef, 0x5d, 0xf7, 0x7d, 0xef, 0x5d, 0xef, 0x5d, 0xef,
    0x5d, 0xef, 0x5d, 0xef, 0x5d, 0xef, 0x5d, 0xef, 0x5d, 0xef, 0x5d, 0xef,
    0x5d, 0xef, 0x5d, 0xef, 0x5d, 0xef, 0x5d, 0xef, 0x5d, 0xef, 0x5d, 0xef,
    0x5d, 0xef, 0x5d, 0xef, 0x5d, 0xef, 0x5d, 0xef, 0x5d, 0xef, 0x5d, 0xef,
    0x5d, 0xef, 0x5d, 0xe7, 0x5d, 0xef, 0x5d, 0xe7, 0x5d, 0xef, 0x5d, 0xe7,
    0x5d, 0xef, 0x5d, 0xef, 0x5d, 0xe7, 0x5d, 0xef, 0x5d, 0xef, 0x5d, 0xef,
    0x5d, 0xe7, 0x5d, 0xef, 0x5d, 0xef, 0x5d, 0xe7, 0x5d, 0xef, 0x5d, 0xef,
    0x5d, 0xef, 0x5d, 0xef, 0x5d, 0xef, 0x5d, 0xef, 0x5d, 0xe7, 0x5d, 0xe7,
    0x5d, 0xef, 0x5d, 0xef, 0x3d, 0xef, 0x3d, 0xef, 0x5c, 0xe7, 0x5c, 0xef,
    0x5c, 0xe7, 0x3c, 0xef, 0x3c, 0xef, 0x3c, 0xef, 0x5c, 0xef, 0x3c, 0xef,
    0x37, 0xce, 0x89, 0x5a, 0xe6, 0x41, 0x07, 0x4a, 0xe6, 0x49, 0x84, 0x39,
    0x03, 0x31, 0x03, 0x31, 0x02, 0x31, 0xe2, 0x30, 0xe2, 0x28, 0xe2, 0x28,
    0xe2, 0x30, 0x02, 0x31, 0x43, 0x39, 0x43, 0x41, 0x63, 0x41, 0xa4, 0x51,
    0x06, 0x62, 0xa8, 0x7a, 0x2a, 0x93, 0x8b, 0xa3, 0xcc, 0xab, 0xcd, 0xab,
    0xed, 0xb3, 0x2e, 0xbc, 0x4e, 0xbc, 0x6f, 0xc4, 0x6f, 0xc4, 0x6f, 0xc4,
    0x8f, 0xc4, 0x8f, 0xc4, 0xaf, 0xc4, 0xd0, 0xcc, 0xd0, 0xcc, 0xf0, 0xcc,
    0xf1, 0xcc, 0x11, 0xd5, 0x11, 0xcd, 0xf1, 0xcc, 0x32, 0xd5, 0x32, 0xd5,
    0x32, 0xd5, 0x11, 0xd5, 0x12, 0xd5, 0x32, 0xd5, 0x53, 0xdd, 0x73, 0xdd,
    0x74, 0xe5, 0x73, 0xdd, 0x73, 0xdd, 0x53, 0xdd, 0x53, 0xdd, 0x33, 0xdd,
    0x33, 0xdd, 0x32, 0xdd, 0x32, 0xdd, 0x32, 0xdd, 0x33, 0xdd, 0x32, 0xdd,
    0x52, 0xdd, 0x52, 0xdd, 0x52, 0xdd, 0x52, 0xdd, 0x52, 0xdd, 0x52, 0xdd,
    0x53, 0xdd, 0x52, 0xdd, 0x52, 0xdd, 0x53, 0xdd, 0x52, 0xdd, 0x52, 0xdd,
    0x52, 0xdd, 0x52, 0xdd, 0x32, 0xdd, 0x32, 0xdd, 0x32, 0xdd, 0x12, 0xd5,
    0x12, 0xd5, 0x12, 0xd5, 0x32, 0xd5, 0x32, 0xd5, 0x31, 0xd5, 0x52, 0xdd,
    0x52, 0xdd, 0x72, 0xdd, 0x51, 0xd5, 0x51, 0xdd, 0x10, 0xd5, 0x71, 0xdd,
    0x72, 0xdd, 0x10, 0xd5, 0x51, 0xdd, 0x71, 0xdd, 0x92, 0xdd, 0x92, 0xdd,
    0x92, 0xe5, 0x51, 0xdd, 0xf0, 0xcc, 0xaf, 0xcc, 0x4e, 0xbc, 0x6f, 0xbc,
    0x4e, 0xbc, 0xec, 0xa3, 0x09, 0x83, 0x83, 0x51, 0x01, 0x39, 0x63, 0x41,
    0x83, 0x41, 0x42, 0x31, 0x83, 0x41, 0x46, 0x5a, 0x26, 0x5a, 0xa8, 0x62,
    0x2a, 0x7b, 0x2f, 0x9c, 0x95, 0xbd, 0x99, 0xd6, 0x1c, 0xe7, 0x7d, 0xf7,
    0x7d, 0xf7, 0x7d, 0xef, 0x5d, 0xf7, 0x7d, 0xef, 0x5d, 0xf7, 0x5d, 0xf7,
    0x5d, 0xf7, 0x5d, 0xef, 0x5d, 0xf7, 0x5d, 0xf7, 0x5d, 0xef, 0x5d, 0xf7,
    0x5e, 0xf7, 0x5d, 0xef, 0x5d, 0xf7, 0x5d, 0xf7, 0x5d, 0xef, 0x5d, 0xf7,
    0x5d, 0xf7, 0x5d, 0xef, 0x5d, 0xf7, 0x5e, 0xf7, 0x7d, 0xef, 0x5d, 0xf7,
    0x5d, 0xef, 0x5d, 0xef, 0x5d, 0xef, 0x5d, 0xf7, 0x5d, 0xef, 0x5d, 0xef,
    0x5d, 0xf7, 0x5d, 0xef, 0x5d, 0xef, 0x5d, 0xf7, 0x5d, 0xef, 0x5d, 0xef,
    0x5d, 0xef, 0x5d, 0xf7, 0x5d, 0xef, 0x5d, 0xef, 0x5d, 0xe7, 0x5d, 0xe7,
    0x5d, 0xe7, 0x5d, 0xe7, 0x5d, 0xef, 0x5d, 0xef, 0x5d, 0xe7, 0x3d, 0xef,
    0x5d, 0xef, 0x5d, 0xe7, 0x3d, 0xef, 0x5d, 0xef, 0x5d, 0xe7, 0x3d, 0xef,
    0x5d, 0xef, 0x5d, 0xe7, 0x3d, 0xef, 0x5d, 0xef, 0x5d, 0xe7, 0x5d, 0xef,
    0x5d, 0xef, 0x5d, 0xef, 0x3d, 0xe7, 0x5d, 0xef, 0x5d, 0xe7, 0x5d, 0xef,
    0x5d, 0xe7, 0x5d, 0xe7, 0x5d, 0xef, 0x5d, 0xe7, 0x3d, 0xe7, 0x5d, 0xef,
    0x5c, 0xef, 0x5d, 0xe7, 0x5d, 0xe7, 0x3d, 0xef, 0x3c, 0xef, 0x3c, 0xef,
    0x5c, 0xef, 0x5c, 0xef, 0xf7, 0xc5, 0x69, 0x5a, 0x06, 0x4a, 0x48, 0x52,
    0xe6, 0x49, 0x43, 0x31, 0x43, 0x31, 0x23, 0x31, 0x02, 0x31, 0xe1, 0x28,
    0xe2, 0x28, 0xe2, 0x28, 0xe2, 0x30, 0x22, 0x31, 0x43, 0x39, 0x43, 0x41,
    0x84, 0x49, 0xc5, 0x59, 0x27, 0x6a, 0xc9, 0x82, 0x4b, 0x9b, 0xac, 0xa3,
    0xcd, 0xab, 0xed, 0xb3, 0x0d, 0xb4, 0x0e, 0xbc, 0x4e, 0xbc, 0x6e, 0xc4,
    0x6f, 0xc4, 0x6f, 0xbc, 0x8e, 0xbc, 0x8e, 0xc4, 0x8f, 0xc4, 0xaf, 0xc4,
    0xd0, 0xc4, 0xd0, 0xc4, 0xf1, 0xcc, 0xd0, 0xc4, 0xd0, 0xc4, 0xd0, 0xc4,
    0xd0, 0xc4, 0xd0, 0xc4, 0xd0, 0xc4, 0xd0, 0xc4, 0xd0, 0xcc, 0xd1, 0xcc,
    0x12, 0xd5, 0x12, 0xd5, 0x32, 0xd5, 0x12, 0xd5, 0x12, 0xd5, 0x12, 0xd5,
    0x12, 0xd5, 0xf2, 0xd4, 0xf1, 0xd4, 0x12, 0xd5, 0x12, 0xd5, 0x12, 0xd5,
    0x12, 0xd5, 0x12, 0xd5, 0x12, 0xdd, 0x12, 0xd5, 0x12, 0xd5, 0x12, 0xd5,
    0x32, 0xdd, 0x12, 0xd5, 0x12, 0xd5, 0x12, 0xd5, 0x12, 0xd5, 0x12, 0xd5,
    0x12, 0xd5, 0x12, 0xd5, 0x32, 0xdd, 0x32, 0xdd, 0x12, 0xd5, 0x12, 0xd5,
    0x12, 0xd5, 0x11, 0xd5, 0x11, 0xd5, 0x11, 0xd5, 0xf1, 0xd4, 0xf1, 0xd4,
    0x11, 0xcd, 0x11, 0xd5, 0x11, 0xd5, 0x11, 0xd5, 0x10, 0xcd, 0xf0, 0xcc,
    0xcf, 0xc4, 0x31, 0xd5, 0x10, 0xcd, 0xcf, 0xc4, 0xcf, 0xc4, 0xae, 0xc4,
    0xef, 0xcc, 0x72, 0xdd, 0x92, 0xe5, 0x52, 0xdd, 0xf0, 0xcc, 0xaf, 0xc4,
    0x6e, 0xbc, 0x6f, 0xbc, 0x2e, 0xb4, 0xcc, 0xa3, 0x6a, 0x8b, 0xc4, 0x51,
    0x01, 0x39, 0x62, 0x41, 0xa4, 0x41, 0x22, 0x31, 0x62, 0x39, 0x67, 0x5a,
    0x67, 0x62, 0xc9, 0x6a, 0x2b, 0x7b, 0x54, 0xbd, 0x17, 0xce, 0xdb, 0xe6,
    0x3c, 0xef, 0x5d, 0xef, 0x5d, 0xef, 0x7d, 0xf7, 0x7d, 0xef, 0x5d, 0xf7,
    0x5e, 0xef, 0x5d, 0xef, 0x5e, 0xf7, 0x5d, 0xef, 0x7d, 0xef, 0x5e, 0xf7,
    0x5d, 0xef, 0x7d, 0xef, 0x5d, 0xf7, 0x5d, 0xf7, 0x7e, 0xef, 0x5d, 0xf7,
    0x5d, 0xef, 0x7e, 0xef, 0x5d, 0xf7, 0x5d, 0xef, 0x7d, 0xf7, 0x5d, 0xef,
    0x7d, 0xf7, 0x7d, 0xf7, 0x5d, 0xef, 0x5d, 0xef, 0x5c, 0xf7, 0x5d, 0xef,
    0x5d, 0xef, 0x5c, 0xf7, 0x5d, 0xef, 0x5d, 0xef, 0x5d, 0xf7, 0x5d, 0xef,
    0x5d, 0xef, 0x5d, 0xf7, 0x5d, 0xef, 0x5d, 0xef, 0x5d, 0xef, 0x5d, 0xef,
    0x5d, 0xe7, 0x5d, 0xe7, 0x5d, 0xe7, 0x5d, 0xe7, 0x3d, 0xef, 0x5d, 0xef,
    0x5d, 0xe7, 0x3d, 0xef, 0x5d, 0xef, 0x5d, 0xe7, 0x3d, 0xef, 0x5d, 0xe7,
    0x5d, 0xef, 0x3d, 0xe7, 0x5d, 0xe7, 0x5d, 0xef, 0x3d, 0xef, 0x5d, 0xe7,
    0x5d, 0xef, 0x3d, 0xef, 0x5d, 0xef, 0x5d, 0xef, 0x5d, 0xe7, 0x3d, 0xef,
    0x5d, 0xef, 0x5d, 0xe7, 0x5d, 0xe7, 0x5d, 0xef, 0x5d, 0xef, 0x5d, 0xef,
    0x3c, 0xe7, 0x3c, 0xe7, 0x5c, 0xef, 0x5c, 0xe7, 0x5c, 0xef, 0x3d, 0xef,
    0x3c, 0xef, 0x3c, 0xef, 0x5c, 0xef, 0x3c, 0xef, 0xb6, 0xc5, 0x89, 0x52,
    0x07, 0x4a, 0x47, 0x52, 0xa5, 0x41, 0x44, 0x39, 0x23, 0x31, 0x23, 0x31,
    0x02, 0x31, 0xe2, 0x28, 0xe1, 0x28, 0xc1, 0x28, 0xe2, 0x30, 0x02, 0x31,
    0x22, 0x39, 0x63, 0x41, 0x84, 0x49, 0xe5, 0x59, 0x67, 0x72, 0xe9, 0x8a,
    0x6b, 0x9b, 0xac, 0xab, 0xcd, 0xb3, 0x0d, 0xb4, 0x0d, 0xb4, 0x0e, 0xbc,
    0x4e, 0xbc, 0x6e, 0xbc, 0x6f, 0xc4, 0x6e, 0xbc, 0x6e, 0xbc, 0x6f, 0xbc,
    0x8f, 0xbc, 0xaf, 0xc4, 0xaf, 0xc4, 0xd0, 0xc4, 0xd1, 0xcc, 0x8f, 0xbc,
    0x8f, 0xbc, 0x6f, 0xbc, 0x4e, 0xbc, 0x2e, 0xb4, 0x2e, 0xb4, 0x2e, 0xb4,
    0x2f, 0xb4, 0x4f, 0xb4, 0x6f, 0xbc, 0x90, 0xbc, 0x90, 0xc4, 0x90, 0xc4,
    0xb0, 0xc4, 0xd0, 0xcc, 0xd1, 0xcc, 0xd1, 0xd4, 0xf1, 0xd4, 0xd1, 0xd4,
    0xf1, 0xd4, 0x12, 0xd5, 0xf1, 0xd4, 0xf1, 0xd4, 0xf1, 0xd4, 0x11, 0xd5,
    0x11, 0xd5, 0xf1, 0xd4, 0x11, 0xd5, 0xf1, 0xd4, 0x11, 0xd5, 0x11, 0xd5,
    0x12, 0xd5, 0x11, 0xd5, 0x11, 0xd5, 0x12, 0xd5, 0x12, 0xd5, 0x11, 0xd5,
    0x12, 0xd5, 0x11, 0xd5, 0x11, 0xd5, 0xf1, 0xd4, 0xf1, 0xd4, 0xf1, 0xcc,
    0xd0, 0xcc, 0xd0, 0xcc, 0xb0, 0xc4, 0x8f, 0xc4, 0xaf, 0xc4, 0x8f, 0xc4,
    0x6f, 0xbc, 0x4e, 0xbc, 0xaf, 0xc4, 0x6e, 0xbc, 0x4e, 0xbc, 0xcf, 0xc4,
    0x4e, 0xbc, 0xcc, 0xa3, 0x2d, 0xb4, 0x51, 0xdd, 0x93, 0xe5, 0x52, 0xdd,
    0xf0, 0xcc, 0xb0, 0xc4, 0x6e, 0xbc, 0x4e, 0xbc, 0x0d, 0xb4, 0xac, 0x9b,
    0x09, 0x83, 0x67, 0x6a, 0x84, 0x51, 0x01, 0x39, 0x42, 0x39, 0xa3, 0x41,
    0xc4, 0x49, 0x47, 0x5a, 0x67, 0x5a, 0x6c, 0x83, 0x2f, 0x94, 0x74, 0xbd,
    0x59, 0xd6, 0xfc, 0xee, 0x3c, 0xef, 0x5d, 0xef, 0x5d, 0xef, 0x5d, 0xf7,
    0x7d, 0xef, 0x7d, 0xf7, 0x5d, 0xef, 0x5d, 0xf7, 0x7e, 0xf7, 0x5d, 0xef,
    0x5d, 0xf7, 0x7e, 0xf7, 0x5d, 0xef, 0x5d, 0xef, 0x7e, 0xf7, 0x5d, 0xef,
    0x5d, 0xef, 0x5e, 0xf7, 0x7d, 0xf7, 0x5d, 0xef, 0x5e, 0xef, 0x7d, 0xf7,
    0x5e, 0xef, 0x5d, 0xef, 0x5d, 0xf7, 0x7d, 0xef, 0x5d, 0xef, 0x5d, 0xef,
    0x5d, 0xef, 0x7c, 0xef, 0x7d, 0xef, 0x5c, 0xef, 0x5d, 0xef, 0x7d, 0xef,
    0x5d, 0xef, 0x5d, 0xef, 0x5d, 0xef, 0x5d, 0xf7, 0x5d, 0xef, 0x5d, 0xef,
    0x5d, 0xef, 0x5d, 0xef, 0x5d, 0xef, 0x5d, 0xef, 0x5d, 0xe7, 0x5c, 0xe7,
    0x5d, 0xef, 0x5d, 0xef, 0x5d, 0xe7, 0x5d, 0xef, 0x5d, 0xef, 0x5d, 0xe7,
    0x5d, 0xef, 0x5d, 0xef, 0x5d, 0xef, 0x5d, 0xef, 0x5d, 0xef, 0x5d, 0xef,
    0x5d, 0xef, 0x5d, 0xef, 0x3d, 0xef, 0x5d, 0xef, 0x5d, 0xef, 0x3d, 0xef,
    0x5d, 0xe7, 0x5d, 0xef, 0x3d, 0xef, 0x5d, 0xef, 0x3d, 0xef, 0x5d, 0xef,
    0x5d, 0xe7, 0x5d, 0xef, 0x5d, 0xef, 0x5d, 0xef, 0x3d, 0xef, 0x3c, 0xef,
    0x5c, 0xe7, 0x5c, 0xef, 0x5d, 0xef, 0x5c, 0xef, 0x5c, 0xef, 0x3c, 0xef,
    0x95, 0xbd, 0x89, 0x5a, 0xa5, 0x39, 0xe6, 0x41, 0x85, 0x39, 0x44, 0x39,
    0x23, 0x31, 0x03, 0x31, 0x02, 0x29, 0xe2, 0x28, 0xe2, 0x28, 0xc1, 0x28,
    0xc1, 0x28, 0xe2, 0x30, 0x22, 0x39, 0x43, 0x41, 0xa4, 0x51, 0x06, 0x6a,
    0xa8, 0x7a, 0x2a, 0x93, 0x8b, 0xa3, 0xac, 0xab, 0xed, 0xb3, 0x0d, 0xbc,
    0x0d, 0xb4, 0x0d, 0xb4, 0x0d, 0xb4, 0x4e, 0xbc, 0x4e, 0xbc, 0x6e, 0xbc,
    0x6e, 0xbc, 0x6e, 0xbc, 0x6f, 0xc4, 0x8f, 0xc4, 0xaf, 0xc4, 0xd0, 0xcc,
    0xb0, 0xc4, 0x0e, 0xb4, 0x2e, 0xb4, 0xed, 0xab, 0xac, 0xa3, 0x8c, 0xa3,
    0xac, 0xa3, 0xac, 0xa3, 0xac, 0xa3, 0xcd, 0xa3, 0xcd, 0xab, 0xed, 0xab,
    0x0e, 0xac, 0x0e, 0xb4, 0x4f, 0xbc, 0x4f, 0xbc, 0x70, 0xc4, 0x90, 0xc4,
    0x70, 0xcc, 0x70, 0xc4, 0x90, 0xc4, 0xd1, 0xcc, 0xd0, 0xcc, 0x90, 0xc4,
    0xb0, 0xcc, 0xf1, 0xd4, 0xf1, 0xd4, 0xf1, 0xd4, 0xf1, 0xd4, 0xf1, 0xd4,
    0xf1, 0xd4, 0xf1, 0xd4, 0xf1, 0xd4, 0xf1, 0xd4, 0xf1, 0xd4, 0xd0, 0xd4,
    0xd1, 0xcc, 0xd1, 0xcc, 0xd0, 0xcc, 0xb0, 0xcc, 0xb0, 0xcc, 0x90, 0xc4,
    0x90, 0xc4, 0x90, 0xc4, 0x6f, 0xbc, 0x4e, 0xbc, 0x2e, 0xb4, 0x0d, 0xac,
    0xac, 0xa3, 0x0d, 0xac, 0xcc, 0xab, 0xab, 0x9b, 0x2a, 0x93, 0x2a, 0x93,
    0x6b, 0x9b, 0xab, 0xa3, 0x0e, 0xb4, 0x6b, 0x9b, 0xab, 0xa3, 0xaf, 0xc4,
    0x11, 0xcd, 0xf1, 0xcc, 0xf0, 0xcc, 0xd0, 0xcc, 0x6f, 0xbc, 0x2e, 0xbc,
    0x0d, 0xb4, 0xcc, 0xa3, 0x4a, 0x8b, 0x26, 0x62, 0x42, 0x41, 0x02, 0x39,
    0x22, 0x31, 0xa4, 0x41, 0x05, 0x4a, 0x87, 0x62, 0xc9, 0x6a, 0xed, 0x8b,
    0xb1, 0xa4, 0x34, 0xb5, 0xba, 0xe6, 0x1c, 0xef, 0x3d, 0xef, 0x7d, 0xef,
    0x5d, 0xf7, 0x5d, 0xf7, 0x5d, 0xef, 0x5e, 0xf7, 0x5d, 0xef, 0x7d, 0xf7,
    0x5d, 0xef, 0x5d, 0xef, 0x5d, 0xf7, 0x5d, 0xf7, 0x5d, 0xef, 0x5e, 0xf7,
    0x5d, 0xf7, 0x7d, 0xef, 0x5d, 0xef, 0x5d, 0xf7, 0x5d, 0xf7, 0x5d, 0xef,
    0x5d, 0xf7, 0x5d, 0xf7, 0x5d, 0xef, 0x5e, 0xf7, 0x7d, 0xef, 0x5d, 0xf7,
    0x5d, 0xef, 0x5d, 0xef, 0x7d, 0xef, 0x7c, 0xef, 0x7d, 0xf7, 0x5d, 0xef,
    0x7c, 0xef, 0x7c, 0xef, 0x5d, 0xf7, 0x5d, 0xef, 0x5d, 0xef, 0x5d, 0xef,
    0x5d, 0xf7, 0x5d, 0xef, 0x7d, 0xef, 0x5d, 0xef, 0x5d, 0xe7, 0x5d, 0xe7,
    0x5d, 0xef, 0x5d, 0xe7, 0x5d, 0xef, 0x3d, 0xef, 0x5c, 0xe7, 0x3d, 0xef,
    0x5d, 0xe7, 0x3d, 0xef, 0x5c, 0xe7, 0x3d, 0xef, 0x5d, 0xef, 0x3d, 0xef,
    0x3d, 0xef, 0x5d, 0xef, 0x5d, 0xef, 0x3d, 0xef, 0x5d, 0xef, 0x5d, 0xef,
    0x5d, 0xef, 0x3d, 0xef, 0x5d, 0xe7, 0x5d, 0xef, 0x5d, 0xe7, 0x5d, 0xe7,
    0x5d, 0xef, 0x3d, 0xe7, 0x5d, 0xef, 0x3d, 0xe7, 0x5d, 0xef, 0x5d, 0xe7,
    0x3c, 0xef, 0x3d, 0xe7, 0x5d, 0xef, 0x3c, 0xe7, 0x5c, 0xef, 0x5d, 0xef,
    0x5c, 0xef, 0x5c, 0xef, 0x95, 0xbd, 0x89, 0x5a, 0x65, 0x39, 0x85, 0x39,
    0x64, 0x31, 0x44, 0x31, 0x23, 0x31, 0x03, 0x29, 0xe2, 0x28, 0xe2, 0x28,
    0xc1, 0x28, 0xc1, 0x28, 0xc2, 0x30, 0x02, 0x39, 0x23, 0x41, 0x43, 0x49,
    0xe5, 0x59, 0x67, 0x72, 0xe9, 0x82, 0x6b, 0x9b, 0xac, 0xa3, 0xcc, 0xb3,
    0xed, 0xb3, 0xcd, 0xb3, 0xed, 0xb3, 0x0d, 0xb4, 0xed, 0xb3, 0x0d, 0xb4,
    0x2d, 0xb4, 0x4e, 0xbc, 0x6f, 0xc4, 0x8f, 0xc4, 0x8f, 0xc4, 0x8f, 0xc4,
    0xaf, 0xc4, 0xb0, 0xc4, 0x4e, 0xb4, 0x8b, 0x9b, 0x8c, 0xa3, 0x2a, 0x93,
    0xe9, 0x8a, 0xe9, 0x82, 0xe9, 0x8a, 0x0a, 0x8b, 0x0a, 0x8b, 0x0a, 0x93,
    0x2a, 0x93, 0x4b, 0x93, 0x6c, 0x9b, 0x8c, 0x9b, 0xcd, 0xa3, 0xcd, 0xab,
    0xee, 0xb3, 0x0e, 0xb4, 0xee, 0xb3, 0xee, 0xb3, 0x0e, 0xbc, 0x2f, 0xbc,
    0x4f, 0xc4, 0x4e, 0xbc, 0x6f, 0xc4, 0xd1, 0xd4, 0xf1, 0xd4, 0xf1, 0xd4,
    0xf1, 0xd4, 0xd0, 0xcc, 0xd0, 0xd4, 0xf0, 0xd4, 0xd0, 0xcc, 0xd0, 0xcc,
    0xb0, 0xcc, 0xb0, 0xcc, 0xb0, 0xcc, 0x8f, 0xc4, 0x6f, 0xc4, 0x4e, 0xbc,
    0x0e, 0xb4, 0x0d, 0xb4, 0xed, 0xab, 0xed, 0xab, 0xcc, 0xab, 0xac, 0xa3,
    0x8b, 0xa3, 0x6b, 0x9b, 0x4a, 0x9b, 0x6b, 0x9b, 0x2a, 0x93, 0xa8, 0x82,
    0xa8, 0x82, 0xa8, 0x82, 0xe9, 0x8a, 0x0a, 0x8b, 0x2a, 0x93, 0x6b, 0x9b,
    0x8c, 0x9b, 0x8b, 0x9b, 0xf1, 0xcc, 0xf1, 0xcc, 0x11, 0xd5, 0x11, 0xd5,
    0x6f, 0xbc, 0x4e, 0xb4, 0x0d, 0xac, 0xcc, 0xa3, 0x4a, 0x93, 0x06, 0x6a,
    0x42, 0x41, 0x02, 0x39, 0x42, 0x39, 0xa4, 0x41, 0x06, 0x4a, 0xa8, 0x62,
    0x0a, 0x6b, 0xad, 0x83, 0xf2, 0xac, 0x58, 0xde, 0xfa, 0xe6, 0x3c, 0xef,
    0x5d, 0xf7, 0x7d, 0xf7, 0x5d, 0xef, 0x5e, 0xef, 0x5d, 0xf7, 0x5d, 0xef,
    0x5e, 0xf7, 0x5d, 0xef, 0x5d, 0xf7, 0x7e, 0xef, 0x5e, 0xef, 0x7d, 0xf7,
    0x5d, 0xef, 0x5d, 0xef, 0x7d, 0xf7, 0x5e, 0xf7, 0x5d, 0xef, 0x7e, 0xef,
    0x5d, 0xf7, 0x7e, 0xef, 0x5d, 0xf7, 0x5d, 0xef, 0x7d, 0xf7, 0x5d, 0xf7,
    0x7d, 0xef, 0x7d, 0xf7, 0x5d, 0xef, 0x5d, 0xf7, 0x5c, 0xef, 0x5d, 0xef,
    0x5d, 0xef, 0x7c, 0xef, 0x5d, 0xef, 0x5d, 0xef, 0x5d, 0xf7, 0x5d, 0xef,
    0x5d, 0xef, 0x5c, 0xf7, 0x5d, 0xef, 0x5d, 0xef, 0x5d, 0xef, 0x5d, 0xef,
    0x5c, 0xe7, 0x5c, 0xe7, 0x5c, 0xe7, 0x3d, 0xe7, 0x3c, 0xef, 0x3c, 0xe7,
    0x3d, 0xe7, 0x5c, 0xef, 0x3c, 0xe7, 0x3d, 0xe7, 0x3c, 0xef, 0x5c, 0xe7,
    0x3c, 0xe7, 0x3c, 0xef, 0x3c, 0xe7, 0x3c, 0xe7, 0x5d, 0xef, 0x5d, 0xef,
    0x5c, 0xe7, 0x5d, 0xef, 0x3d, 0xef, 0x5c, 0xef, 0x5d, 0xe7, 0x3c, 0xef,
    0x3c, 0xe7, 0x3c, 0xe7, 0x3c, 0xef, 0x5c, 0xe7, 0x3c, 0xe7, 0x3c, 0xef,
    0x3d, 0xe7, 0x5c, 0xe7, 0x5c, 0xef, 0x3c, 0xef, 0x3d, 0xe7, 0x5c, 0xef,
    0x5c, 0xef, 0x3d, 0xef, 0x5c, 0xef, 0x3c, 0xef, 0x54, 0xb5, 0x69, 0x52,
    0x44, 0x31, 0x64, 0x31, 0x23, 0x31, 0x23, 0x31, 0x03, 0x29, 0xe2, 0x28,
    0xe2, 0x28, 0xe2, 0x28, 0xc1, 0x28, 0xc2, 0x28, 0xe2, 0x30, 0x23, 0x39,
    0x43, 0x41, 0x84, 0x49, 0x06, 0x62, 0xa8, 0x7a, 0x4a, 0x8b, 0x8c, 0xa3,
    0xcd, 0xab, 0xed, 0xb3, 0xed, 0xb3, 0xed, 0xbb, 0xed, 0xb3, 0xed, 0xb3,
    0x0d, 0xb4, 0xec, 0xb3, 0xed, 0xb3, 0x2d, 0xb4, 0x4e, 0xbc, 0x6e, 0xbc,
    0x6f, 0xbc, 0x6e, 0xbc, 0x0e, 0xb4, 0xcd, 0xab, 0x6b, 0x9b, 0xe9, 0x8a,
    0x2a, 0x93, 0xa8, 0x82, 0x67, 0x7a, 0x47, 0x72, 0x47, 0x72, 0x47, 0x7a,
    0x67, 0x7a, 0x47, 0x72, 0x67, 0x72, 0x67, 0x72, 0x88, 0x7a, 0xc9, 0x82,
    0xe9, 0x8a, 0x0a, 0x93, 0x4b, 0x9b, 0x6b, 0xa3, 0x4b, 0xa3, 0x6b, 0xa3,
    0x6b, 0xa3, 0x6b, 0xa3, 0xac, 0xab, 0x0e, 0xbc, 0x4e, 0xbc, 0x8f, 0xc4,
    0xd0, 0xcc, 0xf1, 0xd4, 0xd0, 0xcc, 0xd0, 0xcc, 0xd0, 0xcc, 0xb0, 0xcc,
    0xb0, 0xcc, 0xb0, 0xcc, 0x8f, 0xcc, 0x8f, 0xc4, 0x4e, 0xbc, 0xed, 0xb3,
    0xac, 0xab, 0x8c, 0xa3, 0x6b, 0xa3, 0x4a, 0x9b, 0x09, 0x93, 0xc9, 0x8a,
    0xc8, 0x8a, 0xa8, 0x82, 0x67, 0x7a, 0x26, 0x72, 0x06, 0x72, 0x26, 0x72,
    0x05, 0x6a, 0xa4, 0x61, 0x06, 0x6a, 0x26, 0x72, 0x47, 0x7a, 0x67, 0x7a,
    0x88, 0x82, 0x4b, 0x93, 0x6b, 0x9b, 0x0a, 0x8b, 0x4e, 0xb4, 0x6f, 0xbc,
    0xd0, 0xc4, 0x11, 0xcd, 0x6f, 0xbc, 0x2e, 0xb4, 0xed, 0xab, 0xcc, 0xa3,
    0x4a, 0x93, 0x06, 0x62, 0x42, 0x41, 0x02, 0x39, 0x43, 0x39, 0xa4, 0x41,
    0x06, 0x52, 0x88, 0x5a, 0x4b, 0x73, 0x0f, 0x94, 0x34, 0xb5, 0xda, 0xe6,
    0x1b, 0xef, 0x3c, 0xef, 0x7d, 0xf7, 0x7d, 0xf7, 0x5d, 0xef, 0x7d, 0xf7,
    0x7d, 0xef, 0x5d, 0xf7, 0x7d, 0xef, 0x5e, 0xf7, 0x5d, 0xf7, 0x5d, 0xef,
    0x7d, 0xf7, 0x5e, 0xf7, 0x5d, 0xef, 0x7d, 0xef, 0x5e, 0xf7, 0x5d, 0xf7,
    0x5d, 0xef, 0x5d, 0xf7, 0x7e, 0xef, 0x5d, 0xf7, 0x5d, 0xef, 0x7e, 0xef,
    0x5e, 0xf7, 0x5d, 0xef, 0x7d, 0xef, 0x5d, 0xf7, 0x5d, 0xef, 0x5d, 0xef,
    0x7d, 0xef, 0x5c, 0xef, 0x7d, 0xef, 0x7d, 0xef, 0x5c, 0xef, 0x7d, 0xef,
    0x5d, 0xef, 0x5d, 0xf7, 0x5d, 0xef, 0x5d, 0xef, 0x5d, 0xef, 0x5d, 0xf7,
    0x5c, 0xef, 0x5d, 0xef, 0x5d, 0xe7, 0x3d, 0xe7, 0x5d, 0xe7, 0x5c, 0xe7,
    0x5d, 0xef, 0x5d, 0xef, 0x3d, 0xe7, 0x5d, 0xef, 0x5c, 0xef, 0x3d, 0xe7,
    0x5d, 0xef, 0x5d, 0xe7, 0x3d, 0xef, 0x3d, 0xef, 0x3d, 0xef, 0x3c, 0xe7,
    0x5d, 0xef, 0x5d, 0xef, 0x3d, 0xef, 0x5d, 0xef, 0x5d, 0xef, 0x5d, 0xef,
    0x5d, 0xef, 0x3c, 0xe7, 0x5d, 0xef, 0x3d, 0xef, 0x5d, 0xef, 0x5d, 0xe7,
    0x3d, 0xef, 0x5d, 0xef, 0x5d, 0xe7, 0x3d, 0xef, 0x5c, 0xef, 0x5c, 0xe7,
    0x3d, 0xef, 0x5c, 0xef, 0x3d, 0xef, 0x5c, 0xef, 0x5c, 0xef, 0x5c, 0xef,
    0x34, 0xad, 0x27, 0x4a, 0x23, 0x29, 0x44, 0x31, 0x23, 0x31, 0x23, 0x31,
    0x03, 0x31, 0xe2, 0x28, 0xe2, 0x28, 0xe2, 0x28, 0xc1, 0x28, 0xc2, 0x30,
    0x02, 0x39, 0x43, 0x41, 0x64, 0x49, 0xa5, 0x51, 0x47, 0x6a, 0x0a, 0x83,
    0x6b, 0x93, 0xcc, 0xa3, 0xed, 0xb3, 0xed, 0xb3, 0xcd, 0xb3, 0xed, 0xbb,
    0xed, 0xb3, 0xcc, 0xb3, 0xec, 0xab, 0xec, 0xb3, 0xed, 0xb3, 0x0d, 0xb4,
    0x2d, 0xb4, 0x4e, 0xbc, 0x2e, 0xb4, 0xec, 0xab, 0x8b, 0x9b, 0x2a, 0x93,
    0xc9, 0x82, 0xc9, 0x8a, 0x2a, 0x93, 0x67, 0x7a, 0x26, 0x72, 0x06, 0x72,
    0x05, 0x6a, 0xe5, 0x69, 0xa5, 0x61, 0xa5, 0x61, 0x84, 0x59, 0xa4, 0x61,
    0xc5, 0x61, 0xe5, 0x69, 0x06, 0x72, 0x47, 0x7a, 0x88, 0x82, 0x88, 0x8a,
    0x88, 0x8a, 0xa9, 0x92, 0xa8, 0x8a, 0xc9, 0x8a, 0x2a, 0x9b, 0xcc, 0xab,
    0x0e, 0xbc, 0x2e, 0xbc, 0x8f, 0xc4, 0xb0, 0xcc, 0xb0, 0xcc, 0xb0, 0xcc,
    0xb0, 0xcc, 0x90, 0xcc, 0x8f, 0xc4, 0x8f, 0xc4, 0x6f, 0xc4, 0x2e, 0xbc,
    0xed, 0xb3, 0xac, 0xa3, 0x4b, 0x9b, 0x0a, 0x93, 0x09, 0x93, 0xc9, 0x8a,
    0x67, 0x7a, 0x06, 0x72, 0xc4, 0x69, 0x84, 0x61, 0x63, 0x59, 0x22, 0x51,
    0x43, 0x59, 0xc5, 0x69, 0x46, 0x72, 0x26, 0x72, 0xa4, 0x61, 0xc5, 0x69,
    0xe5, 0x69, 0x26, 0x72, 0x88, 0x82, 0xc9, 0x8a, 0x09, 0x93, 0x0a, 0x8b,
    0x6b, 0x9b, 0xcc, 0xab, 0x2e, 0xb4, 0x8f, 0xc4, 0x8f, 0xc4, 0x2e, 0xb4,
    0xed, 0xab, 0xcc, 0xa3, 0x4a, 0x93, 0x26, 0x6a, 0x22, 0x41, 0x01, 0x39,
    0x63, 0x39, 0xa4, 0x41, 0x06, 0x52, 0x88, 0x62, 0xad, 0x83, 0xf2, 0xac,
    0xb5, 0xc5, 0x17, 0xce, 0x1c, 0xf7, 0x3d, 0xf7, 0x7d, 0xf7, 0x5d, 0xef,
    0x5d, 0xf7, 0x5e, 0xef, 0x5d, 0xf7, 0x5d, 0xef, 0x5d, 0xef, 0x7d, 0xf7,
    0x5d, 0xef, 0x5d, 0xef, 0x5d, 0xf7, 0x5d, 0xf7, 0x5e, 0xef, 0x5d, 0xf7,
    0x5d, 0xef, 0x7d, 0xef, 0x5d, 0xf7, 0x5d, 0xf7, 0x5d, 0xef, 0x5d, 0xf7,
    0x5d, 0xf7, 0x5d, 0xef, 0x5d, 0xf7, 0x5d, 0xef, 0x7d, 0xf7, 0x5d, 0xf7,
    0x5d, 0xef, 0x5d, 0xef, 0x7c, 0xef, 0x5d, 0xf7, 0x7c, 0xef, 0x5d, 0xef,
    0x7c, 0xf7, 0x5c, 0xef, 0x5d, 0xef, 0x5d, 0xef, 0x5d, 0xf7, 0x5d, 0xef,
    0x5d, 0xef, 0x5d, 0xef, 0x5d, 0xef, 0x5d, 0xef, 0x3d, 0xef, 0x3d, 0xef,
    0x3d, 0xef, 0x5d, 0xef, 0x3d, 0xe7, 0x5d, 0xe7, 0x3d, 0xef, 0x3d, 0xe7,
    0x5d, 0xef, 0x3d, 0xef, 0x5d, 0xe7, 0x3d, 0xef, 0x5d, 0xe7, 0x5d, 0xe7,
    0x5d, 0xef, 0x3d, 0xe7, 0x3d, 0xef, 0x3d, 0xe7, 0x3d, 0xe7, 0x3d, 0xef,
    0x3d, 0xe7, 0x3d, 0xe7, 0x3d, 0xef, 0x3d, 0xef, 0x3d, 0xe7, 0x3d, 0xe7,
    0x3d, 0xe7, 0x3d, 0xe7, 0x3c, 0xe7, 0x3c, 0xe7, 0x3c, 0xe7, 0x3d, 0xe7,
    0x3d, 0xe7, 0x3d, 0xe7, 0x3c, 0xe7, 0x3d, 0xe7, 0x3c, 0xef, 0x3c, 0xef,
    0x3c, 0xef, 0x5c, 0xef, 0x34, 0xad, 0xc6, 0x41, 0x03, 0x29, 0x24, 0x31,
    0x23, 0x31, 0x03, 0x29, 0x03, 0x29, 0xe2, 0x28, 0xe2, 0x28, 0xc2, 0x28,
    0xc2, 0x28, 0xe2, 0x30, 0x02, 0x39, 0x43, 0x41, 0x64, 0x41, 0xc5, 0x51,
    0x67, 0x6a, 0x2b, 0x8b, 0x8c, 0x9b, 0xcd, 0xa3, 0xed, 0xb3, 0xed, 0xb3,
    0xcd, 0xb3, 0xed, 0xb3, 0xcc, 0xb3, 0xcc, 0xab, 0xcc, 0xab, 0xcc, 0xab,
    0xed, 0xb3, 0x0d, 0xb4, 0x6e, 0xbc, 0x8f, 0xc4, 0x2e, 0xb4, 0xac, 0xab,
    0x09, 0x93, 0xa8, 0x82, 0x0a, 0x93, 0xe9, 0x8a, 0xa8, 0x82, 0x87, 0x7a,
    0x47, 0x72, 0x26, 0x72, 0xe5, 0x69, 0xc5, 0x61, 0xa4, 0x59, 0x84, 0x59,
    0x84, 0x59, 0x63, 0x59, 0x42, 0x51, 0x63, 0x51, 0x84, 0x59, 0xa3, 0x61,
    0xa4, 0x69, 0xa4, 0x69, 0xe5, 0x79, 0xe5, 0x79, 0x47, 0x82, 0x67, 0x82,
    0xe9, 0x9a, 0x8b, 0xab, 0xcd, 0xb3, 0xed, 0xb3, 0x2e, 0xbc, 0x8f, 0xcc,
    0xb0, 0xcc, 0x8f, 0xcc, 0x8f, 0xcc, 0x8f, 0xc4, 0x6f, 0xc4, 0x8f, 0xc4,
    0x4e, 0xbc, 0xcd, 0xb3, 0x8c, 0xab, 0x2a, 0x9b, 0xe9, 0x92, 0xc8, 0x8a,
    0x26, 0x7a, 0x05, 0x72, 0xc5, 0x69, 0xa4, 0x61, 0x62, 0x59, 0x42, 0x59,
    0x43, 0x59, 0x42, 0x51, 0x42, 0x51, 0x42, 0x51, 0x22, 0x51, 0x22, 0x51,
    0x22, 0x59, 0x63, 0x59, 0xa3, 0x61, 0xc4, 0x61, 0xe5, 0x69, 0x26, 0x72,
    0x87, 0x82, 0xc8, 0x8a, 0x0a, 0x93, 0x4a, 0x93, 0x8b, 0xa3, 0xed, 0xab,
    0x4e, 0xb4, 0x0d, 0xb4, 0xec, 0xa3, 0xac, 0x9b, 0xac, 0x9b, 0x67, 0x6a,
    0x01, 0x39, 0x02, 0x39, 0x63, 0x39, 0xc5, 0x41, 0x06, 0x4a, 0x89, 0x5a,
    0xad, 0x83, 0x74, 0xbd, 0xf7, 0xcd, 0xda, 0xe6, 0x3c, 0xf7, 0x5d, 0xef,
    0x3d, 0xef, 0x5d, 0xef, 0x5d, 0xef, 0x5d, 0xef, 0x5d, 0xef, 0x7d, 0xef,
    0x5d, 0xef, 0x5d, 0xef, 0x7d, 0xef, 0x5d, 0xef, 0x5d, 0xef, 0x7d, 0xef,
    0x5d, 0xef, 0x5d, 0xef, 0x7d, 0xef, 0x5d, 0xef, 0x5d, 0xef, 0x7d, 0xef,
    0x5d, 0xef, 0x5d, 0xef, 0x5d, 0xef, 0x5d, 0xef, 0x5d, 0xef, 0x5d, 0xef,
    0x5d, 0xef, 0x5d, 0xef, 0x5d, 0xef, 0x5d, 0xef, 0x5d, 0xef, 0x5d, 0xef,
    0x5d, 0xef, 0x5d, 0xef, 0x5d, 0xef, 0x5d, 0xef, 0x5d, 0xef, 0x5d, 0xef,
    0x5c, 0xef, 0x5d, 0xef, 0x5d, 0xef, 0x7c, 0xef, 0x5d, 0xef, 0x5d, 0xef,
    0x5d, 0xe7, 0x5d, 0xef, 0x3d, 0xe7, 0x3d, 0xef, 0x5d, 0xe7, 0x3d, 0xef,
    0x5d, 0xe7, 0x5d, 0xe7, 0x3d, 0xe7, 0x5d, 0xef, 0x3d, 0xe7, 0x3d, 0xef,
    0x3d, 0xe7, 0x5d, 0xef, 0x3d, 0xe7, 0x5d, 0xef, 0x3d, 0xef, 0x3d, 0xef,
    0x3c, 0xe7, 0x3d, 0xef, 0x3d, 0xef, 0x3c, 0xe7, 0x3d, 0xef, 0x3d, 0xef,
    0x3d, 0xef, 0x3c, 0xe7, 0x3d, 0xef, 0x3d, 0xef, 0x3c, 0xe7, 0x3c, 0xef,
    0x3d, 0xef, 0x3c, 0xe7, 0x3c, 0xef, 0x3d, 0xef, 0x3c, 0xe7, 0x3d, 0xe7,
    0x5c, 0xef, 0x5d, 0xe7, 0x3c, 0xef, 0x3c, 0xef, 0x54, 0xad, 0xc6, 0x39,
    0x03, 0x29, 0x24, 0x31, 0x23, 0x29, 0x03, 0x29, 0xe2, 0x28, 0xc2, 0x20,
    0xe2, 0x28, 0xc2, 0x28, 0xc2, 0x28, 0xe2, 0x30, 0x03, 0x31, 0x43, 0x41,
    0x64, 0x49, 0xc5, 0x59, 0x68, 0x72, 0x4b, 0x8b, 0xac, 0x9b, 0xcc, 0xa3,
    0xed, 0xb3, 0xcc, 0xb3, 0xcd, 0xb3, 0xcc, 0xb3, 0xcc, 0xb3, 0xcc, 0xab,
    0xcc, 0xab, 0xcc, 0xab, 0xed, 0xab, 0xed, 0xb3, 0x0d, 0xb4, 0x2d, 0xb4,
    0xac, 0xa3, 0x6a, 0x9b, 0xe9, 0x8a, 0x87, 0x7a, 0x88, 0x82, 0x87, 0x7a,
    0x67, 0x7a, 0x67, 0x7a, 0x47, 0x7a, 0x47, 0x72, 0x26, 0x6a, 0xe5, 0x69,
    0x43, 0x51, 0x63, 0x59, 0xa4, 0x61, 0xc4, 0x61, 0x01, 0x49, 0x22, 0x51,
    0x62, 0x51, 0x63, 0x59, 0x63, 0x61, 0x63, 0x61, 0xa4, 0x69, 0xe5, 0x71,
    0x26, 0x7a, 0x88, 0x8a, 0xe9, 0x92, 0x4b, 0xa3, 0xac, 0xab, 0xcc, 0xb3,
    0x0d, 0xbc, 0x6f, 0xc4, 0x8f, 0xcc, 0x8f, 0xc4, 0x8f, 0xcc, 0x6f, 0xc4,
    0x8f, 0xc4, 0x90, 0xcc, 0x2e, 0xbc, 0xac, 0xab, 0x8b, 0xa3, 0x2a, 0x9b,
    0xe9, 0x92, 0xe8, 0x92, 0x47, 0x7a, 0x26, 0x7a, 0x05, 0x72, 0xc4, 0x69,
    0x83, 0x59, 0x63, 0x59, 0x83, 0x59, 0x63, 0x59, 0x22, 0x51, 0x42, 0x51,
    0x42, 0x59, 0x63, 0x59, 0x83, 0x61, 0xa4, 0x61, 0xc5, 0x69, 0xe5, 0x69,
    0xe5, 0x69, 0xe5, 0x69, 0xe5, 0x69, 0x26, 0x72, 0xa8, 0x82, 0xe9, 0x8a,
    0x09, 0x93, 0x2a, 0x93, 0xed, 0xab, 0xed, 0xab, 0xcc, 0xa3, 0xcc, 0xa3,
    0xcc, 0x9b, 0xa8, 0x72, 0x01, 0x39, 0x22, 0x39, 0x63, 0x41, 0xa5, 0x41,
    0x06, 0x4a, 0x89, 0x5a, 0xad, 0x83, 0xb6, 0xc5, 0x38, 0xd6, 0xda, 0xe6,
    0x3c, 0xf7, 0x3c, 0xef, 0x3d, 0xef, 0x5d, 0xef, 0x7d, 0xef, 0x5d, 0xef,
    0x5d, 0xef, 0x7d, 0xef, 0x5d, 0xef, 0x5d, 0xef, 0x5d, 0xef, 0x7d, 0xef,
    0x5d, 0xef, 0x5d, 0xef, 0x7d, 0xef, 0x5d, 0xef, 0x5d, 0xef, 0x5d, 0xef,
    0x5d, 0xef, 0x5d, 0xef, 0x5d, 0xef, 0x5d, 0xef, 0x5d, 0xef, 0x5d, 0xef,
    0x5d, 0xef, 0x5d, 0xef, 0x5d, 0xef, 0x7d, 0xef, 0x5d, 0xef, 0x5d, 0xef,
    0x5d, 0xef, 0x5d, 0xef, 0x5d, 0xef, 0x7d, 0xef, 0x5d, 0xef, 0x5d, 0xf7,
    0x7d, 0xef, 0x5d, 0xef, 0x5d, 0xef, 0x7d, 0xef, 0x5d, 0xf7, 0x5d, 0xef,
    0x7d, 0xef, 0x5d, 0xef, 0x3d, 0xe7, 0x3c, 0xe7, 0x3d, 0xe7, 0x3c, 0xe7,
    0x3d, 0xef, 0x3c, 0xe7, 0x3c, 0xef, 0x3d, 0xe7, 0x3c, 0xe7, 0x3d, 0xe7,
    0x3c, 0xe7, 0x3d, 0xe7, 0x3c, 0xef, 0x3d, 0xe7, 0x3c, 0xe7, 0x3d, 0xe7,
    0x3d, 0xef, 0x5d, 0xef, 0x3d, 0xef, 0x3d, 0xe7, 0x5d, 0xef, 0x3d, 0xef,
    0x3d, 0xe7, 0x3d, 0xe7, 0x3c, 0xef, 0x3c, 0xe7, 0x3d, 0xe7, 0x3d, 0xe7,
    0x3c, 0xe7, 0x3c, 0xe7, 0x3d, 0xe7, 0x3c, 0xe7, 0x5c, 0xe7, 0x3d, 0xef,
    0x5c, 0xe7, 0x3d, 0xe7, 0x5c, 0xef, 0x5c, 0xef, 0x3c, 0xef, 0x3c, 0xef,
    0x54, 0xad, 0xc6, 0x39, 0x03, 0x29, 0x23, 0x31, 0x03, 0x29, 0xe2, 0x28,
    0xc2, 0x20, 0xc2, 0x20, 0xe2, 0x28, 0xc2, 0x28, 0xc2, 0x28, 0xe2, 0x30,
    0x03, 0x39, 0x44, 0x41, 0x64, 0x49, 0xc5, 0x59, 0x68, 0x72, 0x4b, 0x8b,
    0xac, 0x9b, 0xcc, 0xa3, 0xed, 0xb3, 0xed, 0xb3, 0xcd, 0xb3, 0xcd, 0xb3,
    0xcc, 0xb3, 0xcc, 0xb3, 0xcc, 0xab, 0xcc, 0xab, 0xac, 0xab, 0xab, 0xab,
    0x8b, 0xa3, 0x6b, 0xa3, 0xe9, 0x92, 0xc8, 0x8a, 0x87, 0x7a, 0x46, 0x7a,
    0x47, 0x7a, 0x67, 0x7a, 0x87, 0x7a, 0xa8, 0x82, 0xea, 0x8a, 0xe9, 0x8a,
    0xc9, 0x82, 0x88, 0x7a, 0xa8, 0x82, 0x47, 0x72, 0xa4, 0x61, 0x42, 0x51,
    0x42, 0x49, 0x63, 0x51, 0x83, 0x61, 0xa3, 0x61, 0x84, 0x61, 0xa4, 0x69,
    0xe5, 0x79, 0x06, 0x7a, 0x47, 0x82, 0xa8, 0x8a, 0xe9, 0x92, 0x29, 0x9b,
    0x6b, 0xa3, 0xab, 0xab, 0xec, 0xb3, 0x2e, 0xbc, 0x8f, 0xc4, 0x8f, 0xcc,
    0x8f, 0xc4, 0x6f, 0xc4, 0x8f, 0xc4, 0x8f, 0xc4, 0x2e, 0xbc, 0xcc, 0xab,
    0x8b, 0xa3, 0x4a, 0x9b, 0x2a, 0x9b, 0xc8, 0x92, 0x88, 0x82, 0x67, 0x7a,
    0x26, 0x7a, 0x05, 0x72, 0xe5, 0x69, 0xe5, 0x69, 0xe5, 0x69, 0xc4, 0x61,
    0xa3, 0x61, 0xc4, 0x61, 0x05, 0x72, 0x46, 0x72, 0x67, 0x7a, 0x87, 0x82,
    0xc8, 0x8a, 0xe9, 0x8a, 0x67, 0x82, 0x25, 0x72, 0xe5, 0x69, 0x05, 0x6a,
    0x26, 0x72, 0x67, 0x7a, 0xa8, 0x82, 0xe9, 0x8a, 0x8b, 0x9b, 0xac, 0xa3,
    0xcc, 0xa3, 0xcc, 0xa3, 0x0d, 0xa4, 0xe9, 0x7a, 0x22, 0x41, 0x63, 0x41,
    0x64, 0x41, 0xa5, 0x49, 0x06, 0x4a, 0x89, 0x5a, 0xad, 0x7b, 0x17, 0xd6,
    0x99, 0xde, 0xda, 0xe6, 0x3c, 0xf7, 0x3c, 0xf7, 0x3d, 0xef, 0x5d, 0xef,
    0x5d, 0xef, 0x5d, 0xef, 0x5d, 0xef, 0x5d, 0xef, 0x5d, 0xef, 0x5d, 0xef,
    0x5d, 0xef, 0x5d, 0xef, 0x5d, 0xef, 0x5d, 0xef, 0x7d, 0xef, 0x5d, 0xef,
    0x5d, 0xef, 0x7d, 0xef, 0x5d, 0xef, 0x5d, 0xef, 0x5d, 0xf7, 0x5d, 0xef,
    0x5d, 0xf7, 0x5d, 0xf7, 0x5d, 0xef, 0x5d, 0xf7, 0x5d, 0xef, 0x7d, 0xef,
    0x5d, 0xef, 0x5d, 0xf7, 0x7d, 0xef, 0x5d, 0xef, 0x5d, 0xf7, 0x7d, 0xef,
    0x5d, 0xef, 0x5d, 0xef, 0x7d, 0xef, 0x5d, 0xef, 0x5d, 0xef, 0x7d, 0xef,
    0x5d, 0xef, 0x5d, 0xef, 0x5d, 0xef, 0x5d, 0xef, 0x3d, 0xe7, 0x3d, 0xef,
    0x5d, 0xef, 0x3d, 0xe7, 0x3d, 0xe7, 0x5d, 0xef, 0x3d, 0xe7, 0x3d, 0xef,
    0x3d, 0xef, 0x5d, 0xef, 0x3d, 0xe7, 0x5c, 0xef, 0x3d, 0xe7, 0x3d, 0xe7,
    0x5d, 0xef, 0x3c, 0xe7, 0x3d, 0xe7, 0x3c, 0xe7, 0x3d, 0xe7, 0x3c, 0xe7,
    0x3d, 0xef, 0x3d, 0xe7, 0x3c, 0xe7, 0x3d, 0xef, 0x3d, 0xe7, 0x3d, 0xe7,
    0x3c, 0xe7, 0x3d, 0xe7, 0x3c, 0xe7, 0x3c, 0xe7, 0x3d, 0xe7, 0x3c, 0xe7,
    0x3d, 0xe7, 0x3d, 0xef, 0x3c, 0xe7, 0x3d, 0xe7, 0x3c, 0xef, 0x3c, 0xe7,
    0x3c, 0xef, 0x3c, 0xef, 0x75, 0xb5, 0xc6, 0x39, 0x03, 0x29, 0x23, 0x29,
    0xe2, 0x28, 0xc2, 0x20, 0xc2, 0x28, 0xc2, 0x20, 0xe2, 0x28, 0xe2, 0x28,
    0xc2, 0x28, 0xe2, 0x30, 0x03, 0x39, 0x44, 0x41, 0x84, 0x49, 0xc5, 0x59,
    0x67, 0x72, 0x4a, 0x8b, 0xac, 0x9b, 0xcc, 0xa3, 0xed, 0xb3, 0xed, 0xb3,
    0xed, 0xb3, 0xcc, 0xb3, 0xcc, 0xab, 0xcc, 0xab, 0xcc, 0xab, 0xcc, 0xab,
    0xab, 0xa3, 0x6b, 0xa3, 0x2a, 0x9b, 0x09, 0x93, 0x87, 0x82, 0x67, 0x7a,
    0x46, 0x7a, 0x47, 0x72, 0x67, 0x7a, 0xa8, 0x82, 0xe9, 0x8a, 0x0a, 0x8b,
    0xed, 0xab, 0xcd, 0xa3, 0x8c, 0x9b, 0x6b, 0x9b, 0x2a, 0x93, 0xe9, 0x82,
    0x87, 0x7a, 0x46, 0x72, 0xc4, 0x59, 0xe5, 0x61, 0x25, 0x6a, 0x26, 0x72,
    0x26, 0x7a, 0x26, 0x82, 0x67, 0x8a, 0x87, 0x8a, 0x88, 0x8a, 0xa8, 0x92,
    0xc8, 0x92, 0xe9, 0x92, 0x2a, 0x9b, 0x6b, 0xa3, 0xac, 0xab, 0x0d, 0xbc,
    0x6f, 0xc4, 0x6f, 0xc4, 0x6f, 0xc4, 0x6f, 0xcc, 0x6f, 0xc4, 0x6f, 0xc4,
    0x2e, 0xbc, 0xcc, 0xab, 0x8b, 0xab, 0x4a, 0x9b, 0x2a, 0x9b, 0xa8, 0x8a,
    0xa8, 0x82, 0x67, 0x82, 0x67, 0x7a, 0x26, 0x7a, 0x26, 0x72, 0x26, 0x72,
    0x26, 0x72, 0x26, 0x72, 0x26, 0x72, 0x87, 0x7a, 0xe9, 0x8a, 0x4a, 0x9b,
    0x6a, 0x9b, 0x8b, 0xa3, 0xcc, 0xa3, 0xec, 0xab, 0x6a, 0x9b, 0xe9, 0x92,
    0x87, 0x7a, 0x25, 0x72, 0x46, 0x72, 0x26, 0x72, 0x46, 0x72, 0x67, 0x7a,
    0x4a, 0x93, 0x6b, 0x9b, 0xcc, 0xa3, 0xed, 0xa3, 0x0d, 0xac, 0xe9, 0x82,
    0x63, 0x49, 0x43, 0x41, 0x84, 0x41, 0xe5, 0x49, 0xe7, 0x49, 0x89, 0x5a,
    0xad, 0x7b, 0x59, 0xd6, 0xfb, 0xee, 0xfb, 0xee, 0x3c, 0xef, 0x3c, 0xef,
    0x5d, 0xf7, 0x5d, 0xef, 0x5c, 0xef, 0x5d, 0xef, 0x7d, 0xf7, 0x5d, 0xef,
    0x7d, 0xef, 0x7d, 0xf7, 0x5d, 0xef, 0x7d, 0xef, 0x5d, 0xf7, 0x5d, 0xef,
    0x5d, 0xef, 0x5d, 0xef, 0x7d, 0xf7, 0x5d, 0xef, 0x7d, 0xef, 0x5d, 0xef,
    0x5d, 0xef, 0x5d, 0xef, 0x5d, 0xef, 0x5d, 0xef, 0x5d, 0xef, 0x5d, 0xef,
    0x5d, 0xef, 0x5d, 0xef, 0x5d, 0xef, 0x7d, 0xef, 0x5d, 0xef, 0x5c, 0xef,
    0x7d, 0xef, 0x5d, 0xef, 0x5d, 0xef, 0x5c, 0xef, 0x5d, 0xef, 0x5d, 0xf7,
    0x5c, 0xef, 0x5d, 0xef, 0x5d, 0xef, 0x7c, 0xf7, 0x5d, 0xef, 0x5d, 0xef,
    0x3d, 0xef, 0x3d, 0xe7, 0x3c, 0xef, 0x3d, 0xef, 0x3d, 0xe7, 0x3c, 0xef,
    0x3d, 0xe7, 0x3d, 0xe7, 0x3c, 0xef, 0x3d, 0xe7, 0x3d, 0xef, 0x3d, 0xef,
    0x3d, 0xe7, 0x3d, 0xef, 0x3d, 0xef, 0x3d, 0xef, 0x3d, 0xe7, 0x3d, 0xef,
    0x3d, 0xef, 0x3d, 0xef, 0x3c, 0xe7, 0x3d, 0xef, 0x3d, 0xef, 0x3c, 0xe7,
    0x3d, 0xef, 0x3d, 0xef, 0x3c, 0xe7, 0x3d, 0xef, 0x3c, 0xe7, 0x3d, 0xe7,
    0x3c, 0xe7, 0x3c, 0xe7, 0x3d, 0xef, 0x3c, 0xef, 0x3c, 0xef, 0x3d, 0xe7,
    0x3c, 0xef, 0x3c, 0xe7, 0x3c, 0xe7, 0x3c, 0xef, 0xb6, 0xbd, 0xc6, 0x41,
    0xe2, 0x20, 0x23, 0x29, 0xe2, 0x20, 0xc2, 0x20, 0xe2, 0x20, 0xe2, 0x28,
    0xe2, 0x28, 0xc2, 0x28, 0xe2, 0x28, 0xe2, 0x30, 0x03, 0x39, 0x64, 0x49,
    0x84, 0x51, 0xc5, 0x59, 0x88, 0x72, 0x6b, 0x93, 0xcc, 0xa3, 0xec, 0xab,
    0xed, 0xb3, 0xed, 0xb3, 0xed, 0xb3, 0xed, 0xb3, 0xec, 0xb3, 0xcc, 0xab,
    0xab, 0xab, 0x6b, 0xa3, 0x4a, 0x9b, 0x09, 0x93, 0xa8, 0x8a, 0x66, 0x7a,
    0xa8, 0x82, 0x88, 0x82, 0x88, 0x82, 0xa8, 0x8a, 0x0a, 0x93, 0x4b, 0x9b,
    0x6c, 0x9b, 0x8c, 0xa3, 0xcd, 0xa3, 0xcd, 0xab, 0xed, 0xa3, 0xed, 0xab,
    0xcd, 0xa3, 0x4b, 0x93, 0xe9, 0x82, 0xa8, 0x7a, 0xc8, 0x82, 0xa8, 0x7a,
    0x66, 0x72, 0x46, 0x7a, 0x26, 0x7a, 0x26, 0x7a, 0x26, 0x7a, 0x46, 0x82,
    0x87, 0x8a, 0x88, 0x92, 0xa8, 0x92, 0xc9, 0x92, 0x09, 0x9b, 0x4b, 0xa3,
    0xac, 0xb3, 0x2e, 0xbc, 0x4e, 0xc4, 0x6e, 0xc4, 0x6e, 0xcc, 0x4e, 0xc4,
    0x6f, 0xc4, 0x6e, 0xc4, 0x0d, 0xbc, 0xac, 0xab, 0x6b, 0xa3, 0x2a, 0x9b,
    0xe9, 0x92, 0x87, 0x82, 0x67, 0x82, 0x67, 0x82, 0x67, 0x7a, 0x67, 0x7a,
    0x46, 0x72, 0x46, 0x72, 0x67, 0x7a, 0x88, 0x7a, 0xc8, 0x82, 0xe9, 0x8a,
    0x4a, 0x9b, 0x8b, 0xa3, 0xed, 0xab, 0xed, 0xab, 0xcc, 0xab, 0xcc, 0xab,
    0x8c, 0xa3, 0x4a, 0x9b, 0x09, 0x93, 0xc8, 0x8a, 0x26, 0x72, 0x46, 0x72,
    0x26, 0x72, 0x47, 0x72, 0xc8, 0x82, 0x4b, 0x93, 0xcc, 0xa3, 0x2e, 0xac,
    0xed, 0xa3, 0x6b, 0x8b, 0xc4, 0x51, 0x43, 0x41, 0x84, 0x41, 0xe6, 0x49,
    0x07, 0x4a, 0x07, 0x4a, 0x91, 0x9c, 0x38, 0xd6, 0x1b, 0xef, 0x1c, 0xef,
    0x3c, 0xef, 0x3c, 0xef, 0x5c, 0xef, 0x5c, 0xf7, 0x5d, 0xef, 0x5d, 0xf7,
    0x5d, 0xef, 0x5d, 0xef, 0x5d, 0xf7, 0x5d, 0xef, 0x5d, 0xef, 0x5d, 0xf7,
    0x5d, 0xef, 0x5d, 0xef, 0x5d, 0xf7, 0x5d, 0xef, 0x5d, 0xef, 0x5d, 0xf7,
    0x5d, 0xef, 0x5d, 0xf7, 0x5d, 0xef, 0x5d, 0xef, 0x5d, 0xf7, 0x5d, 0xef,
    0x5d, 0xef, 0x5d, 0xf7, 0x7d, 0xef, 0x5d, 0xef, 0x5c, 0xef, 0x5d, 0xef,
    0x5d, 0xef, 0x5d, 0xef, 0x5d, 0xef, 0x5d, 0xf7, 0x7d, 0xef, 0x5d, 0xef,
    0x5d, 0xef, 0x7d, 0xef, 0x5d, 0xef, 0x5d, 0xef, 0x7d, 0xef, 0x5d, 0xef,
    0x5d, 0xef, 0x5d, 0xef, 0x3d, 0xe7, 0x3c, 0xe7, 0x3d, 0xef, 0x3d, 0xe7,
    0x3c, 0xef, 0x3d, 0xe7, 0x3d, 0xef, 0x3c, 0xef, 0x3d, 0xe7, 0x3d, 0xe7,
    0x3c, 0xef, 0x3d, 0xe7, 0x3c, 0xe7, 0x3c, 0xef, 0x3d, 0xe7, 0x3d, 0xe7,
    0x3c, 0xef, 0x3c, 0xe7, 0x3d, 0xe7, 0x3c, 0xe7, 0x3d, 0xe7, 0x3c, 0xe7,
    0x3d, 0xe7, 0x3c, 0xe7, 0x3d, 0xe7, 0x3d, 0xe7, 0x3c, 0xef, 0x3d, 0xe7,
    0x3c, 0xe7, 0x3c, 0xe7, 0x3d, 0xe7, 0x3c, 0xe7, 0x3d, 0xef, 0x3d, 0xe7,
    0x3c, 0xe7, 0x3c, 0xe7, 0x3c, 0xe7, 0x3c, 0xe7, 0x3c, 0xe7, 0x1c, 0xe7,
    0x17, 0xc6, 0xe7, 0x41, 0xe3, 0x20, 0x23, 0x29, 0xe3, 0x28, 0xe2, 0x20,
    0xc2, 0x20, 0xe2, 0x20, 0xe2, 0x28, 0xc2, 0x28, 0xe2, 0x28, 0xe2, 0x30,
    0x03, 0x41, 0x44, 0x49, 0x84, 0x51, 0xe5, 0x61, 0xa8, 0x7a, 0x6b, 0x93,
    0xcd, 0xa3, 0xed, 0xab, 0x0d, 0xb4, 0x0d, 0xb4, 0x0d, 0xbc, 0x0d, 0xb4,
    0xec, 0xb3, 0xcc, 0xab, 0x8b, 0xa3, 0x6a, 0xa3, 0x29, 0x93, 0xc8, 0x8a,
    0x67, 0x82, 0x46, 0x7a, 0x87, 0x82, 0x88, 0x82, 0xc8, 0x8a, 0xe9, 0x8a,
    0x2a, 0x93, 0x2b, 0x9b, 0x8c, 0x9b, 0x8c, 0xa3, 0xcd, 0xa3, 0x0e, 0xac,
    0x6f, 0xb4, 0xb0, 0xbc, 0xad, 0x9b, 0x8c, 0x9b, 0x8c, 0x9b, 0x8b, 0x93,
    0xe8, 0x82, 0xc8, 0x7a, 0x87, 0x7a, 0x46, 0x72, 0x26, 0x7a, 0x25, 0x7a,
    0x26, 0x82, 0x26, 0x82, 0x26, 0x82, 0x68, 0x8a, 0xa8, 0x8a, 0xa8, 0x8a,
    0xe9, 0x9a, 0x4b, 0xa3, 0xcc, 0xb3, 0x4e, 0xc4, 0x6e, 0xc4, 0x6e, 0xcc,
    0x6e, 0xc4, 0x6e, 0xc4, 0x6f, 0xc4, 0x6e, 0xc4, 0x0d, 0xbc, 0xcc, 0xab,
    0x2a, 0x9b, 0xe9, 0x92, 0xa8, 0x8a, 0x67, 0x82, 0x47, 0x7a, 0x46, 0x7a,
    0x46, 0x7a, 0x46, 0x72, 0x67, 0x7a, 0xa8, 0x82, 0xe9, 0x82, 0xc9, 0x82,
    0x4a, 0x93, 0x8b, 0x9b, 0xac, 0xa3, 0xac, 0xa3, 0xcc, 0xa3, 0xcd, 0xab,
    0xed, 0xab, 0xed, 0xb3, 0x8c, 0xa3, 0x6b, 0x9b, 0x29, 0x93, 0xc8, 0x8a,
    0x67, 0x7a, 0x46, 0x72, 0x26, 0x72, 0x46, 0x7a, 0x88, 0x7a, 0x2a, 0x93,
    0xac, 0x9b, 0x0d, 0xac, 0x0d, 0xa4, 0x8b, 0x8b, 0xc5, 0x51, 0x63, 0x41,
    0xa5, 0x41, 0xe6, 0x49, 0x27, 0x52, 0x89, 0x5a, 0xf3, 0xa4, 0x79, 0xd6,
    0x1c, 0xef, 0x1c, 0xef, 0x3c, 0xef, 0x3c, 0xf7, 0x3d, 0xef, 0x5d, 0xef,
    0x5d, 0xef, 0x5d, 0xef, 0x5d, 0xef, 0x5d, 0xef, 0x5d, 0xef, 0x5d, 0xef,
    0x5d, 0xef, 0x5d, 0xef, 0x5d, 0xef, 0x5d, 0xef, 0x5d, 0xf7, 0x5d, 0xef,
    0x5d, 0xef, 0x5d, 0xef, 0x5d, 0xef, 0x5d, 0xef, 0x5d, 0xf7, 0x5d, 0xef,
    0x5d, 0xef, 0x5d, 0xf7, 0x5d, 0xef, 0x5c, 0xef, 0x5d, 0xef, 0x7d, 0xf7,
    0x5d, 0xef, 0x7d, 0xef, 0x7d, 0xf7, 0x5d, 0xef, 0x5d, 0xef, 0x7c, 0xef,
    0x5d, 0xef, 0x5d, 0xef, 0x7d, 0xf7, 0x5d, 0xef, 0x5d, 0xef, 0x7d, 0xf7,
    0x5d, 0xef, 0x5d, 0xef, 0x5d, 0xef, 0x7d, 0xef, 0x3d, 0xef, 0x3d, 0xe7,
    0x3d, 0xe7, 0x3d, 0xef, 0x3d, 0xe7, 0x3d, 0xef, 0x3d, 0xe7, 0x3d, 0xef,
    0x3d, 0xe7, 0x3d, 0xef, 0x3d, 0xef, 0x3d, 0xe7, 0x3d, 0xef, 0x3d, 0xef,
    0x3d, 0xe7, 0x3c, 0xef, 0x3c, 0xe7, 0x3d, 0xe7, 0x3d, 0xef, 0x3c, 0xe7,
    0x3d, 0xef, 0x3d, 0xef, 0x3c, 0xe7, 0x3d, 0xef, 0x3d, 0xe7, 0x1c, 0xe7,
    0x3d, 0xe7, 0x3d, 0xe7, 0x3c, 0xe7, 0x3c, 0xe7, 0x3d, 0xe7, 0x3c, 0xe7,
    0x5c, 0xef, 0x3d, 0xe7, 0x3d, 0xe7, 0x3c, 0xe7, 0x3c, 0xef, 0x1c, 0xe7,
    0x3c, 0xe7, 0x1c, 0xef, 0x38, 0xce, 0x28, 0x4a, 0x23, 0x29, 0x44, 0x31,
    0x03, 0x29, 0xe3, 0x20, 0xe2, 0x20, 0xe2, 0x28, 0xe2, 0x28, 0xe2, 0x28,
    0xe2, 0x28, 0xe2, 0x30, 0x23, 0x41, 0x84, 0x49, 0x85, 0x51, 0x06, 0x62,
    0xc9, 0x7a, 0xac, 0x9b, 0x0d, 0xac, 0x2e, 0xb4, 0x2d, 0xb4, 0x0e, 0xb4,
    0x0d, 0xbc, 0x0d, 0xb4, 0xed, 0xb3, 0xcc, 0xab, 0x8b, 0x9b, 0x6a, 0x9b,
    0x09, 0x93, 0xc8, 0x82, 0x87, 0x82, 0x66, 0x7a, 0xa7, 0x82, 0xa8, 0x8a,
    0xe9, 0x92, 0x2a, 0x93, 0x2a, 0x93, 0x4b, 0x9b, 0x6b, 0x9b, 0x8b, 0xa3,
    0x8c, 0x9b, 0x8b, 0x9b, 0xac, 0xa3, 0xac, 0xa3, 0xad, 0x9b, 0x2a, 0x8b,
    0x88, 0x7a, 0x26, 0x6a, 0x87, 0x72, 0x46, 0x72, 0x25, 0x6a, 0xe5, 0x69,
    0xe5, 0x71, 0x05, 0x7a, 0x26, 0x82, 0x05, 0x7a, 0x06, 0x82, 0x47, 0x82,
    0x87, 0x8a, 0xa8, 0x8a, 0xe9, 0x9a, 0x6a, 0xa3, 0xcc, 0xb3, 0x4e, 0xc4,
    0x8f, 0xcc, 0x8f, 0xcc, 0xaf, 0xcc, 0x8f, 0xcc, 0x8f, 0xcc, 0x6f, 0xcc,
    0x2e, 0xbc, 0xcc, 0xb3, 0x2a, 0x9b, 0xc8, 0x8a, 0x87, 0x82, 0x67, 0x82,
    0x67, 0x7a, 0x26, 0x7a, 0xe5, 0x69, 0xa4, 0x61, 0xc4, 0x61, 0xe5, 0x61,
    0x05, 0x62, 0xe5, 0x61, 0x87, 0x7a, 0x67, 0x7a, 0x67, 0x72, 0x66, 0x7a,
    0xc8, 0x82, 0xe9, 0x8a, 0x4a, 0x93, 0x6b, 0x9b, 0x8b, 0x9b, 0x6b, 0x9b,
    0x2a, 0x93, 0xe8, 0x8a, 0xa8, 0x82, 0x46, 0x72, 0x46, 0x72, 0x46, 0x72,
    0x47, 0x72, 0xe9, 0x8a, 0xab, 0x9b, 0xed, 0xa3, 0x2d, 0xa4, 0xcc, 0x9b,
    0x05, 0x5a, 0x83, 0x49, 0xc5, 0x49, 0xe6, 0x49, 0x48, 0x52, 0x2c, 0x73,
    0x54, 0xb5, 0xdb, 0xe6, 0x3c, 0xef, 0x1c, 0xef, 0x3c, 0xef, 0x3c, 0xf7,
    0x5c, 0xef, 0x5d, 0xf7, 0x5d, 0xef, 0x5d, 0xef, 0x5d, 0xf7, 0x5c, 0xf7,
    0x5d, 0xef, 0x5d, 0xf7, 0x5c, 0xef, 0x5d, 0xf7, 0x5d, 0xef, 0x5c, 0xef,
    0x5d, 0xef, 0x5d, 0xef, 0x5c, 0xf7, 0x5d, 0xef, 0x5d, 0xef, 0x5c, 0xef,
    0x5d, 0xef, 0x5d, 0xef, 0x5c, 0xef, 0x5d, 0xef, 0x5d, 0xf7, 0x5d, 0xef,
    0x5d, 0xef, 0x5d, 0xef, 0x5d, 0xef, 0x5d, 0xef, 0x5c, 0xef, 0x5d, 0xef,
    0x7d, 0xef, 0x5d, 0xef, 0x5d, 0xef, 0x5d, 0xef, 0x5c, 0xef, 0x5d, 0xef,
    0x5d, 0xef, 0x5c, 0xef, 0x5d, 0xef, 0x7d, 0xef, 0x5c, 0xef, 0x5d, 0xef,
    0x3d, 0xef, 0x3c, 0xef, 0x3d, 0xe7, 0x3c, 0xef, 0x3d, 0xef, 0x3c, 0xe7,
    0x3d, 0xe7, 0x3c, 0xef, 0x3d, 0xe7, 0x3c, 0xe7, 0x3d, 0xef, 0x3d, 0xe7,
    0x3c, 0xe7, 0x3d, 0xef, 0x3d, 0xe7, 0x3d, 0xef, 0x3d, 0xe7, 0x3d, 0xe7,
    0x1c, 0xef, 0x3d, 0xe7, 0x3d, 0xe7, 0x1c, 0xef, 0x3d, 0xe7, 0x3d, 0xef,
    0x1c, 0xef, 0x3d, 0xe7, 0x3d, 0xe7, 0x1d, 0xe7, 0x3c, 0xef, 0x3c, 0xe7,
    0x3d, 0xe7, 0x3c, 0xe7, 0x3c, 0xef, 0x3d, 0xef, 0x3d, 0xe7, 0x3c, 0xe7,
    0x3c, 0xef, 0x1c, 0xe7, 0x1c, 0xe7, 0x1c, 0xe7, 0x78, 0xd6, 0x28, 0x4a,
    0x65, 0x31, 0x85, 0x39, 0x03, 0x21, 0xe3, 0x28, 0xe2, 0x20, 0xe2, 0x28,
    0xc2, 0x28, 0xe2, 0x28, 0xe2, 0x30, 0xe2, 0x38, 0x43, 0x41, 0x85, 0x51,
    0xa5, 0x51, 0x26, 0x6a, 0xc9, 0x82, 0xac, 0xa3, 0x2e, 0xac, 0x2e, 0xb4,
    0x2e, 0xb4, 0x0d, 0xb4, 0x0e, 0xbc, 0x0d, 0xb4, 0xec, 0xab, 0xcb, 0xab,
    0x8a, 0x9b, 0x6a, 0x9b, 0xe8, 0x8a, 0xa7, 0x82, 0x87, 0x82, 0x87, 0x82,
    0xa7, 0x82, 0xe9, 0x8a, 0x2a, 0x93, 0x4a, 0x9b, 0x2b, 0x9b, 0x4b, 0x93,
    0x6b, 0x9b, 0xac, 0xa3, 0xe9, 0x8a, 0x88, 0x7a, 0x26, 0x6a, 0xc5, 0x61,
    0xe5, 0x61, 0xa4, 0x59, 0x63, 0x49, 0x22, 0x49, 0xc4, 0x59, 0xa3, 0x59,
    0x62, 0x51, 0x42, 0x51, 0x63, 0x61, 0xa4, 0x71, 0xe5, 0x79, 0x05, 0x7a,
    0x26, 0x82, 0x46, 0x82, 0x47, 0x82, 0x87, 0x8a, 0xe9, 0x92, 0x6b, 0xa3,
    0xcc, 0xb3, 0x4e, 0xc4, 0xaf, 0xcc, 0xb0, 0xd4, 0xd0, 0xd4, 0xb0, 0xd4,
    0xb0, 0xcc, 0xaf, 0xcc, 0x4e, 0xc4, 0xcc, 0xb3, 0xe9, 0x92, 0xa8, 0x8a,
    0x87, 0x82, 0x46, 0x7a, 0x67, 0x82, 0x26, 0x7a, 0xa4, 0x61, 0x43, 0x59,
    0xc4, 0x59, 0xe4, 0x59, 0xc4, 0x59, 0xe4, 0x59, 0xe5, 0x61, 0xc4, 0x61,
    0xa4, 0x59, 0x63, 0x51, 0x83, 0x59, 0xc4, 0x61, 0x46, 0x72, 0x87, 0x7a,
    0x6a, 0x9b, 0x6b, 0x9b, 0x4a, 0x9b, 0xe9, 0x8a, 0xe8, 0x82, 0x47, 0x7a,
    0x46, 0x72, 0x46, 0x72, 0x46, 0x72, 0xc8, 0x82, 0x6b, 0x93, 0xec, 0xa3,
    0x4d, 0xac, 0xec, 0x9b, 0x46, 0x62, 0xa4, 0x49, 0xe5, 0x51, 0xc5, 0x41,
    0x48, 0x52, 0x8d, 0x7b, 0xb6, 0xbd, 0xfb, 0xe6, 0x3c, 0xef, 0xfb, 0xee,
    0x3c, 0xef, 0x3c, 0xef, 0x3c, 0xef, 0x5c, 0xf7, 0x5d, 0xef, 0x5d, 0xef,
    0x5d, 0xef, 0x5d, 0xef, 0x5d, 0xef, 0x5d, 0xef, 0x5d, 0xf7, 0x5d, 0xef,
    0x5d, 0xef, 0x5d, 0xf7, 0x5d, 0xef, 0x5d, 0xef, 0x5d, 0xf7, 0x5d, 0xef,
    0x5d, 0xf7, 0x5d, 0xf7, 0x5d, 0xef, 0x5d, 0xf7, 0x5d, 0xef, 0x5d, 0xef,
    0x5d, 0xef, 0x5d, 0xf7, 0x7d, 0xef, 0x5c, 0xef, 0x5d, 0xef, 0x7d, 0xef,
    0x5d, 0xef, 0x5d, 0xf7, 0x5d, 0xef, 0x5d, 0xef, 0x7d, 0xf7, 0x5d, 0xef,
    0x7d, 0xef, 0x7d, 0xef, 0x5d, 0xef, 0x5d, 0xef, 0x7d, 0xef, 0x5d, 0xf7,
    0x5d, 0xef, 0x5d, 0xef, 0x3c, 0xe7, 0x3d, 0xe7, 0x3c, 0xe7, 0x3d, 0xe7,
    0x3c, 0xe7, 0x3d, 0xe7, 0x3c, 0xef, 0x3d, 0xe7, 0x3c, 0xe7, 0x3c, 0xef,
    0x3d, 0xe7, 0x3c, 0xe7, 0x3c, 0xef, 0x3d, 0xe7, 0x3c, 0xe7, 0x3c, 0xef,
    0x3d, 0xe7, 0x3d, 0xef, 0x3c, 0xe7, 0x1d, 0xe7, 0x3d, 0xef, 0x3c, 0xe7,
    0x1d, 0xe7, 0x3c, 0xe7, 0x3d, 0xe7, 0x3c, 0xe7, 0x3c, 0xe7, 0x3d, 0xe7,
    0x3c, 0xef, 0x3c, 0xef, 0x3d, 0xe7, 0x3c, 0xef, 0x3d, 0xe7, 0x3c, 0xe7,
    0x5c, 0xef, 0x3c, 0xe7, 0x1c, 0xe7, 0x1c, 0xe7, 0x1c, 0xe7, 0x1c, 0xe7,
    0xb9, 0xde, 0x89, 0x5a, 0xc6, 0x41, 0xa6, 0x39, 0xe3, 0x28, 0xe2, 0x28,
    0xc2, 0x28, 0xe2, 0x28, 0xe2, 0x28, 0xe2, 0x28, 0xe2, 0x28, 0x03, 0x39,
    0x44, 0x41, 0x84, 0x51, 0xa5, 0x59, 0x26, 0x6a, 0xe9, 0x82, 0xac, 0x9b,
    0x2d, 0xac, 0x4e, 0xb4, 0x2e, 0xb4, 0x2d, 0xbc, 0x2d, 0xbc, 0x2d, 0xb4,
    0x0d, 0xb4, 0xcc, 0xab, 0x8a, 0x9b, 0x49, 0x9b, 0xe8, 0x8a, 0xa7, 0x82,
    0xa6, 0x82, 0x87, 0x82, 0xc8, 0x8a, 0xe9, 0x8a, 0xe9, 0x8a, 0xe9, 0x8a,
    0x4b, 0x9b, 0xe9, 0x8a, 0x67, 0x7a, 0xe5, 0x61, 0x84, 0x59, 0x02, 0x49,
    0xa1, 0x38, 0x80, 0x38, 0xa1, 0x38, 0x60, 0x28, 0xa0, 0x38, 0x63, 0x49,
    0x05, 0x62, 0x83, 0x51, 0x63, 0x51, 0xa4, 0x61, 0x43, 0x61, 0x83, 0x69,
    0xa5, 0x71, 0xe5, 0x79, 0x26, 0x82, 0x47, 0x82, 0x47, 0x82, 0x87, 0x8a,
    0xe9, 0x9a, 0x6b, 0xab, 0xcd, 0xb3, 0x4e, 0xc4, 0xb0, 0xcc, 0xd0, 0xd4,
    0xf1, 0xdc, 0xf1, 0xd4, 0xd0, 0xd4, 0xd0, 0xd4, 0x6f, 0xc4, 0xed, 0xb3,
    0xe8, 0x92, 0xc8, 0x92, 0x87, 0x82, 0xe5, 0x71, 0x42, 0x59, 0x64, 0x61,
    0xe1, 0x50, 0x05, 0x6a, 0xc4, 0x59, 0x83, 0x49, 0x22, 0x41, 0xc0, 0x30,
    0x42, 0x49, 0xe1, 0x38, 0xe0, 0x38, 0x22, 0x49, 0xa0, 0x38, 0x83, 0x59,
    0x84, 0x59, 0xe5, 0x61, 0x06, 0x6a, 0x67, 0x7a, 0x09, 0x8b, 0x4a, 0x93,
    0x46, 0x7a, 0x66, 0x72, 0x66, 0x72, 0x66, 0x72, 0x87, 0x7a, 0xc8, 0x82,
    0x6a, 0x93, 0xcb, 0x9b, 0x4d, 0xac, 0xec, 0xa3, 0x66, 0x6a, 0x26, 0x5a,
    0xa5, 0x49, 0x48, 0x5a, 0xe6, 0x49, 0xce, 0x83, 0x38, 0xce, 0x1b, 0xe7,
    0x1c, 0xef, 0xfb, 0xe6, 0x3c, 0xef, 0x3d, 0xef, 0x5c, 0xef, 0x5d, 0xf7,
    0x5d, 0xef, 0x5c, 0xef, 0x5d, 0xef, 0x5d, 0xef, 0x5c, 0xef, 0x5d, 0xef,
    0x5d, 0xef, 0x5c, 0xef, 0x5d, 0xef, 0x5c, 0xef, 0x5d, 0xef, 0x5c, 0xef,
    0x5d, 0xef, 0x5c, 0xef, 0x5d, 0xef, 0x5c, 0xef, 0x5d, 0xef, 0x5c, 0xef,
    0x5d, 0xef, 0x5c, 0xef, 0x5c, 0xef, 0x5d, 0xef, 0x5d, 0xef, 0x5c, 0xef,
    0x5d, 0xf7, 0x5d, 0xef, 0x5c, 0xef, 0x5d, 0xef, 0x5c, 0xef, 0x5c, 0xef,
    0x5d, 0xef, 0x5c, 0xef, 0x5d, 0xef, 0x5c, 0xef, 0x5c, 0xef, 0x5d, 0xef,
    0x5c, 0xef, 0x5d, 0xef, 0x5d, 0xef, 0x5c, 0xef, 0x3d, 0xe7, 0x3d, 0xef,
    0x3d, 0xe7, 0x3c, 0xef, 0x3d, 0xe7, 0x3d, 0xef, 0x3d, 0xe7, 0x3d, 0xe7,
    0x3d, 0xef, 0x3d, 0xef, 0x3d, 0xe7, 0x3d, 0xe7, 0x3d, 0xef, 0x3d, 0xe7,
    0x3d, 0xe7, 0x3c, 0xef, 0x1d, 0xe7, 0x3c, 0xe7, 0x3d, 0xef, 0x3c, 0xe7,
    0x3d, 0xe7, 0x3d, 0xef, 0x3c, 0xe7, 0x1d, 0xe7, 0x3d, 0xe7, 0x1d, 0xe7,
    0x3c, 0xe7, 0x3d, 0xe7, 0x1c, 0xe7, 0x3d, 0xe7, 0x3c, 0xef, 0x3c, 0xe7,
    0x3d, 0xe7, 0x3d, 0xe7, 0x3d, 0xef, 0x3c, 0xe7, 0x1c, 0xe7, 0x1c, 0xe7,
    0x1b, 0xe7, 0x1b, 0xef, 0xda, 0xde, 0x6d, 0x73, 0x27, 0x4a, 0xa6, 0x39,
    0xe2, 0x28, 0xc2, 0x28, 0xc2, 0x28, 0xc2, 0x28, 0xe2, 0x28, 0xe2, 0x28,
    0x02, 0x31, 0x23, 0x39, 0x64, 0x49, 0xa4, 0x51, 0xc5, 0x51, 0x47, 0x6a,
    0x09, 0x83, 0xcc, 0x9b, 0x0d, 0xac, 0x2d, 0xb4, 0x2d, 0xb4, 0x2e, 0xbc,
    0x2d, 0xb4, 0x2d, 0xb4, 0x0c, 0xac, 0xec, 0xab, 0x6a, 0x9b, 0x49, 0x93,
    0xe8, 0x8a, 0xc7, 0x82, 0x86, 0x7a, 0xa6, 0x82, 0x66, 0x7a, 0xa7, 0x82,
    0xe9, 0x8a, 0x2a, 0x93, 0xc8, 0x82, 0x26, 0x72, 0x63, 0x51, 0x22, 0x51,
    0xa0, 0x40, 0x80, 0x38, 0x80, 0x38, 0x80, 0x38, 0xa0, 0x38, 0x80, 0x30,
    0x22, 0x41, 0x06, 0x62, 0x2a, 0x83, 0x67, 0x72, 0xa4, 0x59, 0x63, 0x59,
    0x43, 0x61, 0x64, 0x69, 0xa5, 0x71, 0xa5, 0x71, 0xc5, 0x71, 0xe5, 0x79,
    0x47, 0x82, 0xa8, 0x92, 0x09, 0x9b, 0x6b, 0xa3, 0xed, 0xb3, 0x4e, 0xc4,
    0xb0, 0xd4, 0xd0, 0xd4, 0x11, 0xdd, 0x11, 0xdd, 0xf1, 0xd4, 0xf1, 0xd4,
    0x8f, 0xcc, 0xed, 0xb3, 0x2a, 0x9b, 0x26, 0x7a, 0x84, 0x69, 0xa4, 0x69,
    0xc5, 0x69, 0x84, 0x61, 0x22, 0x51, 0xc4, 0x61, 0xe5, 0x59, 0xc4, 0x51,
    0x83, 0x49, 0x42, 0x41, 0xe1, 0x38, 0x80, 0x30, 0xa0, 0x30, 0x22, 0x41,
    0x83, 0x51, 0x26, 0x6a, 0xa4, 0x59, 0x63, 0x51, 0x83, 0x59, 0xc5, 0x61,
    0x25, 0x72, 0x67, 0x7a, 0x66, 0x72, 0x66, 0x72, 0x46, 0x72, 0x46, 0x72,
    0xa7, 0x7a, 0xe8, 0x8a, 0x6a, 0x93, 0xcc, 0xa3, 0x4d, 0xac, 0xec, 0xa3,
    0x66, 0x6a, 0x25, 0x5a, 0xe5, 0x51, 0x48, 0x5a, 0xe6, 0x49, 0x0f, 0x8c,
    0x99, 0xde, 0x1b, 0xe7, 0xfb, 0xee, 0xfc, 0xee, 0x3c, 0xef, 0x3c, 0xf7,
    0x3c, 0xef, 0x5d, 0xef, 0x5d, 0xef, 0x3d, 0xef, 0x5c, 0xf7, 0x5d, 0xef,
    0x3d, 0xef, 0x5c, 0xef, 0x5d, 0xef, 0x5d, 0xef, 0x5c, 0xef, 0x5d, 0xef,
    0x5d, 0xef, 0x5d, 0xef, 0x5c, 0xef, 0x5d, 0xef, 0x5d, 0xef, 0x5d, 0xef,
    0x5d, 0xef, 0x5d, 0xef, 0x5d, 0xef, 0x5d, 0xef, 0x5d, 0xef, 0x5d, 0xef,
    0x5d, 0xef, 0x5d, 0xef, 0x5d, 0xef, 0x5c, 0xef, 0x5d, 0xef, 0x5d, 0xef,
    0x5d, 0xef, 0x5d, 0xef, 0x5d, 0xef, 0x5d, 0xef, 0x5d, 0xef, 0x5d, 0xef,
    0x5d, 0xef, 0x5d, 0xef, 0x5d, 0xef, 0x5c, 0xef, 0x5d, 0xef, 0x5d, 0xef,
    0x1c, 0xe7, 0x3d, 0xef, 0x1d, 0xe7, 0x1c, 0xe7, 0x3d, 0xef, 0x1c, 0xe7,
    0x3c, 0xef, 0x3d, 0xe7, 0x1c, 0xe7, 0x3c, 0xe7, 0x3d, 0xef, 0x1c, 0xe7,
    0x3c, 0xe7, 0x1d, 0xef, 0x3d, 0xe7, 0x3d, 0xe7, 0x1c, 0xef, 0x3d, 0xe7,
    0x3d, 0xef, 0x1c, 0xe7, 0x3d, 0xe7, 0x3d, 0xef, 0x1c, 0xe7, 0x3d, 0xe7,
    0x3d, 0xe7, 0x3c, 0xe7, 0x3d, 0xe7, 0x1d, 0xe7, 0x3c, 0xe7, 0x3c, 0xe7,
    0x3d, 0xe7, 0x3c, 0xe7, 0x3d, 0xef, 0x3d, 0xe7, 0x5c, 0xe7, 0x3c, 0xe7,
    0x1c, 0xe7, 0x1c, 0xe7, 0x1c, 0xef, 0x1b, 0xe7, 0xba, 0xe6, 0x92, 0x9c,
    0x48, 0x52, 0xa5, 0x41, 0xe2, 0x28, 0xe2, 0x28, 0xe2, 0x28, 0xe2, 0x28,
    0xe2, 0x28, 0xc2, 0x30, 0x03, 0x39, 0x64, 0x41, 0x84, 0x49, 0xa5, 0x51,
    0xe5, 0x59, 0x67, 0x72, 0x2a, 0x8b, 0xed, 0xa3, 0xed, 0xab, 0x0d, 0xac,
    0x2d, 0xb4, 0x4e, 0xbc, 0x4d, 0xbc, 0x2d, 0xb4, 0x0c, 0xac, 0xeb, 0xa3,
    0x6a, 0x9b, 0x48, 0x93, 0x07, 0x8b, 0xc7, 0x82, 0xa6, 0x7a, 0x86, 0x7a,
    0x86, 0x82, 0x87, 0x82, 0xa7, 0x82, 0xa8, 0x82, 0x26, 0x72, 0x21, 0x51,
    0xc0, 0x40, 0x42, 0x51, 0xc5, 0x61, 0x23, 0x49, 0x80, 0x38, 0x00, 0x20,
    0x20, 0x28, 0x60, 0x28, 0xe1, 0x40, 0xa4, 0x51, 0xcd, 0xa3, 0x6c, 0x93,
    0x87, 0x7a, 0xa4, 0x61, 0x43, 0x59, 0x64, 0x69, 0xa4, 0x71, 0xe6, 0x79,
    0x06, 0x7a, 0xe5, 0x79, 0x46, 0x82, 0xc9, 0x92, 0x4b, 0xa3, 0x6b, 0xab,
    0xed, 0xb3, 0x4e, 0xc4, 0xb0, 0xd4, 0xd0, 0xd4, 0x11, 0xdd, 0x11, 0xdd,
    0x11, 0xdd, 0x31, 0xdd, 0xb0, 0xcc, 0x0d, 0xb4, 0xe9, 0x92, 0x05, 0x72,
    0xa4, 0x69, 0xe5, 0x71, 0xe5, 0x69, 0x63, 0x59, 0xc5, 0x61, 0x26, 0x6a,
    0x4a, 0x8b, 0xa7, 0x72, 0xa4, 0x51, 0xe1, 0x38, 0xa0, 0x30, 0x60, 0x28,
    0xa0, 0x38, 0x63, 0x49, 0x25, 0x62, 0x29, 0x8b, 0x66, 0x72, 0xa3, 0x59,
    0x62, 0x51, 0x83, 0x59, 0x83, 0x59, 0xc4, 0x61, 0x67, 0x7a, 0x46, 0x7a,
    0x66, 0x72, 0x66, 0x7a, 0x87, 0x7a, 0xe8, 0x8a, 0x6a, 0x93, 0xcb, 0xa3,
    0x4d, 0xac, 0x0c, 0x9c, 0x86, 0x6a, 0x05, 0x5a, 0x67, 0x5a, 0x67, 0x5a,
    0xe6, 0x49, 0x71, 0x94, 0x1b, 0xe7, 0x1b, 0xef, 0xfb, 0xe6, 0x1c, 0xef,
    0x3c, 0xef, 0x3c, 0xef, 0x3c, 0xef, 0x5d, 0xf7, 0x5d, 0xef, 0x3d, 0xef,
    0x5d, 0xef, 0x5d, 0xef, 0x5d, 0xef, 0x3c, 0xf7, 0x5d, 0xef, 0x3d, 0xef,
    0x5d, 0xf7, 0x5d, 0xef, 0x3d, 0xef, 0x5d, 0xf7, 0x5d, 0xef, 0x3d, 0xef,
    0x5d, 0xef, 0x5c, 0xef, 0x3d, 0xef, 0x5d, 0xef, 0x5c, 0xf7, 0x3d, 0xef,
    0x5d, 0xef, 0x5c, 0xf7, 0x3d, 0xef, 0x5d, 0xef, 0x5c, 0xef, 0x5d, 0xef,
    0x5d, 0xef, 0x5d, 0xef, 0x5d, 0xef, 0x5c, 0xef, 0x5d, 0xef, 0x5d, 0xef,
    0x5c, 0xef, 0x5d, 0xef, 0x5d, 0xef, 0x5d, 0xef, 0x5d, 0xef, 0x5d, 0xef,
    0x5d, 0xef, 0x5d, 0xef, 0x3d, 0xe7, 0x3c, 0xe7, 0x3d, 0xef, 0x3d, 0xe7,
    0x3c, 0xe7, 0x3d, 0xef, 0x1d, 0xe7, 0x3c, 0xef, 0x3d, 0xe7, 0x1d, 0xe7,
    0x3c, 0xef, 0x3d, 0xe7, 0x3d, 0xef, 0x3c, 0xe7, 0x1c, 0xef, 0x3d, 0xe7,
    0x3d, 0xe7, 0x3c, 0xef, 0x1d, 0xe7, 0x3d, 0xef, 0x3c, 0xe7, 0x1d, 0xe7,
    0x3c, 0xe7, 0x3d, 0xe7, 0x3c, 0xe7, 0x1c, 0xe7, 0x3d, 0xe7, 0x3d, 0xe7,
    0x3c, 0xe7, 0x3c, 0xe7, 0x3d, 0xe7, 0x3c, 0xe7, 0x3c, 0xe7, 0x3d, 0xe7,
    0x3c, 0xe7, 0x1c, 0xe7, 0x1c, 0xe7, 0x1b, 0xef, 0x1b, 0xe7, 0x1b, 0xef,
    0xba, 0xe6, 0x74, 0xb5, 0x27, 0x52, 0x84, 0x39, 0xe2, 0x28, 0xc2, 0x28,
    0xe2, 0x30, 0xe2, 0x30, 0xe2, 0x30, 0xe2, 0x30, 0x43, 0x41, 0x84, 0x49,
    0x84, 0x51, 0xc4, 0x51, 0xe5, 0x59, 0x87, 0x72, 0x4a, 0x8b, 0xed, 0xa3,
    0xed, 0xab, 0xed, 0xab, 0x2d, 0xb4, 0x2e, 0xbc, 0x4d, 0xbc, 0x4d, 0xb4,
    0x0c, 0xb4, 0xcb, 0xa3, 0x89, 0x9b, 0x49, 0x93, 0x08, 0x8b, 0xc6, 0x82,
    0xa6, 0x7a, 0xa7, 0x82, 0x08, 0x8b, 0xc7, 0x82, 0x46, 0x72, 0xe5, 0x69,
    0x63, 0x59, 0xc0, 0x40, 0x02, 0x51, 0xa4, 0x61, 0x26, 0x6a, 0xa4, 0x59,
    0x02, 0x49, 0xa1, 0x38, 0x02, 0x41, 0xe1, 0x40, 0x43, 0x49, 0x06, 0x62,
    0x0e, 0xa4, 0x0e, 0xa4, 0x4b, 0x93, 0x47, 0x72, 0x43, 0x61, 0x64, 0x69,
    0xa4, 0x71, 0x27, 0x82, 0xe9, 0x9a, 0xa8, 0x92, 0x88, 0x8a, 0x0a, 0x9b,
    0x8b, 0xab, 0x6b, 0xab, 0xcc, 0xb3, 0x4e, 0xc4, 0xb0, 0xcc, 0xf0, 0xd4,
    0x11, 0xdd, 0x11, 0xdd, 0x11, 0xdd, 0x32, 0xdd, 0xb0, 0xcc, 0xed, 0xb3,
    0x26, 0x7a, 0x87, 0x82, 0xc8, 0x8a, 0xa8, 0x8a, 0x63, 0x59, 0x02, 0x51,
    0x87, 0x7a, 0xe9, 0x8a, 0xac, 0x9b, 0x09, 0x8b, 0x46, 0x6a, 0xc4, 0x59,
    0x80, 0x30, 0x80, 0x30, 0x01, 0x41, 0xc4, 0x59, 0x46, 0x6a, 0xac, 0x9b,
    0x2a, 0x8b, 0x46, 0x72, 0xc4, 0x61, 0x83, 0x59, 0x42, 0x51, 0x63, 0x59,
    0x66, 0x72, 0x46, 0x7a, 0x66, 0x72, 0x66, 0x7a, 0x87, 0x7a, 0xe8, 0x8a,
    0x6a, 0x93, 0xcb, 0xa3, 0x4d, 0xb4, 0xec, 0xa3, 0x86, 0x6a, 0x05, 0x5a,
    0x88, 0x6a, 0x47, 0x5a, 0xe6, 0x49, 0xb2, 0xa4, 0x1b, 0xe7, 0xfb, 0xe6,
    0xfb, 0xee, 0x1c, 0xef, 0x3c, 0xef, 0x3c, 0xef, 0x5d, 0xef, 0x3c, 0xf7,
    0x5d, 0xef, 0x5c, 0xef, 0x5d, 0xef, 0x5d, 0xef, 0x5c, 0xef, 0x5d, 0xef,
    0x5d, 0xef, 0x5d, 0xef, 0x3c, 0xef, 0x5d, 0xef, 0x5c, 0xef, 0x3d, 0xef,
    0x5d, 0xef, 0x5c, 0xef, 0x3d, 0xf7, 0x5d, 0xef, 0x5c, 0xef, 0x3d, 0xef,
    0x5d, 0xef, 0x5c, 0xef, 0x5d, 0xef, 0x3d, 0xef, 0x5c, 0xef, 0x5d, 0xef,
    0x3d, 0xf7, 0x5d, 0xef, 0x5c, 0xef, 0x5d, 0xef, 0x5d, 0xef, 0x5c, 0xef,
    0x5d, 0xef, 0x5d, 0xef, 0x5c, 0xef, 0x5d, 0xef, 0x5c, 0xef, 0x5c, 0xef,
    0x5d, 0xef, 0x5c, 0xef, 0x5d, 0xef, 0x5d, 0xef, 0x3d, 0xe7, 0x3c, 0xef,
    0x3d, 0xe7, 0x1d, 0xef, 0x3c, 0xe7, 0x3d, 0xe7, 0x3d, 0xef, 0x3c, 0xe7,
    0x3d, 0xef, 0x3d, 0xe7, 0x1c, 0xe7, 0x3d, 0xef, 0x3d, 0xe7, 0x3c, 0xe7,
    0x3d, 0xef, 0x1d, 0xe7, 0x3c, 0xe7, 0x3d, 0xef, 0x3c, 0xe7, 0x3d, 0xe7,
    0x3d, 0xef, 0x3c, 0xef, 0x3d, 0xe7, 0x1c, 0xe7, 0x1d, 0xe7, 0x1c, 0xe7,
    0x3c, 0xe7, 0x3d, 0xe7, 0x1c, 0xe7, 0x3c, 0xe7, 0x1c, 0xe7, 0x1c, 0xe7,
    0x1d, 0xe7, 0x1d, 0xe7, 0x1c, 0xe7, 0x1c, 0xe7, 0x1c, 0xef, 0xfc, 0xee,
    0xfb, 0xe6, 0x1b, 0xef, 0xda, 0xe6, 0x74, 0xbd, 0x27, 0x52, 0x44, 0x39,
    0x02, 0x31, 0xc2, 0x30, 0xe2, 0x30, 0xe2, 0x38, 0xe2, 0x38, 0x22, 0x39,
    0x64, 0x41, 0x84, 0x49, 0xa4, 0x51, 0xc5, 0x59, 0x05, 0x62, 0xa8, 0x72,
    0x6b, 0x93, 0xed, 0xab, 0x0d, 0xac, 0x0d, 0xb4, 0x2d, 0xb4, 0x4e, 0xbc,
    0x4e, 0xbc, 0x2d, 0xb4, 0x0c, 0xac, 0xec, 0xab, 0xaa, 0xa3, 0x49, 0x93,
    0x28, 0x93, 0xc7, 0x82, 0x66, 0x7a, 0x65, 0x7a, 0xa7, 0x82, 0x46, 0x7a,
    0xc4, 0x69, 0x63, 0x59, 0xc4, 0x69, 0x05, 0x72, 0x46, 0x72, 0x88, 0x7a,
    0xc9, 0x82, 0x06, 0x6a, 0x84, 0x59, 0x84, 0x59, 0xe5, 0x61, 0xe6, 0x61,
    0xa9, 0x7a, 0x8c, 0x93, 0x4e, 0xb4, 0xcc, 0xa3, 0x0a, 0x8b, 0x67, 0x7a,
    0x67, 0x82, 0x26, 0x7a, 0xc5, 0x71, 0x85, 0x69, 0x4b, 0xa3, 0x4b, 0xa3,
    0xe9, 0x9a, 0x6b, 0xa3, 0xac, 0xab, 0x8b, 0xab, 0xac, 0xab, 0x4e, 0xc4,
    0xb0, 0xcc, 0xd0, 0xd4, 0x11, 0xdd, 0x11, 0xdd, 0x32, 0xdd, 0x32, 0xdd,
    0xb0, 0xcc, 0x0d, 0xbc, 0x6b, 0xa3, 0x87, 0x8a, 0x4a, 0x9b, 0x47, 0x7a,
    0x46, 0x7a, 0x2a, 0x93, 0xa8, 0x82, 0xc8, 0x82, 0xed, 0xab, 0x4a, 0x93,
    0x47, 0x72, 0xa4, 0x59, 0x06, 0x6a, 0xa4, 0x59, 0x84, 0x51, 0xc5, 0x61,
    0x4a, 0x8b, 0xcc, 0xa3, 0x2a, 0x8b, 0x09, 0x83, 0x67, 0x7a, 0x26, 0x72,
    0xa4, 0x61, 0x62, 0x59, 0xe4, 0x61, 0xe5, 0x69, 0x25, 0x72, 0x46, 0x72,
    0xc8, 0x82, 0x29, 0x93, 0xcb, 0x9b, 0x0c, 0xac, 0x4e, 0xb4, 0xec, 0xa3,
    0x09, 0x7b, 0x87, 0x6a, 0x47, 0x62, 0x47, 0x5a, 0xe6, 0x49, 0x70, 0x9c,
    0xfb, 0xee, 0x1b, 0xe7, 0x1b, 0xef, 0x3c, 0xef, 0x3c, 0xef, 0x3c, 0xef,
    0x3c, 0xef, 0x5c, 0xef, 0x5d, 0xef, 0x5d, 0xef, 0x3c, 0xef, 0x3d, 0xf7,
    0x5d, 0xef, 0x5d, 0xef, 0x3d, 0xef, 0x5c, 0xef, 0x5d, 0xef, 0x5d, 0xef,
    0x5d, 0xef, 0x5c, 0xef, 0x5d, 0xef, 0x5d, 0xef, 0x5c, 0xef, 0x5d, 0xef,
    0x5d, 0xef, 0x5d, 0xf7, 0x3d, 0xef, 0x5d, 0xef, 0x5d, 0xef, 0x5d, 0xef,
    0x5d, 0xef, 0x5c, 0xef, 0x3d, 0xef, 0x5d, 0xef, 0x5c, 0xef, 0x5d, 0xef,
    0x5d, 0xef, 0x5d, 0xef, 0x5d, 0xef, 0x5d, 0xef, 0x5d, 0xef, 0x5d, 0xef,
    0x5d, 0xef, 0x5d, 0xef, 0x5d, 0xef, 0x5c, 0xef, 0x5d, 0xef, 0x5d, 0xef,
    0x1d, 0xe7, 0x3c, 0xe7, 0x3d, 0xef, 0x1c, 0xe7, 0x3d, 0xe7, 0x3d, 0xef,
    0x1c, 0xe7, 0x1d, 0xe7, 0x3d, 0xef, 0x3c, 0xe7, 0x3d, 0xe7, 0x1d, 0xef,
    0x1c, 0xe7, 0x3d, 0xe7, 0x3d, 0xef, 0x3c, 0xe7, 0x1d, 0xef, 0x3d, 0xe7,
    0x1c, 0xe7, 0x3d, 0xe7, 0x1d, 0xef, 0x3c, 0xe7, 0x3d, 0xe7, 0x1d, 0xe7,
    0x3c, 0xe7, 0x1c, 0xe7, 0x1d, 0xe7, 0x1c, 0xe7, 0x3c, 0xe7, 0x1c, 0xe7,
    0x3c, 0xe7, 0x3c, 0xe7, 0x1c, 0xe7, 0x1c, 0xe7, 0x1c, 0xe7, 0x1c, 0xe7,
    0x1c, 0xe7, 0xfb, 0xe6, 0x1b, 0xef, 0xfb, 0xee, 0xfb, 0xee, 0x74, 0xbd,
    0x68, 0x62, 0x64, 0x41, 0x23, 0x39, 0xe1, 0x38, 0xe1, 0x30, 0xe1, 0x30,
    0x02, 0x39, 0x43, 0x41, 0x64, 0x49, 0x84, 0x49, 0xa4, 0x51, 0xc5, 0x59,
    0x05, 0x62, 0xa8, 0x7a, 0x6b, 0x93, 0xed, 0xab, 0x0d, 0xb4, 0x2d, 0xb4,
    0x2d, 0xb4, 0x4e, 0xbc, 0x4e, 0xbc, 0x2d, 0xb4, 0x2d, 0xb4, 0x2d, 0xb4,
    0xec, 0xab, 0xab, 0xa3, 0xcb, 0xa3, 0x69, 0x9b, 0x08, 0x8b, 0xe8, 0x8a,
    0x09, 0x93, 0xe8, 0x8a, 0x86, 0x82, 0x45, 0x72, 0xa7, 0x82, 0xe8, 0x8a,
    0x09, 0x8b, 0x09, 0x8b, 0x2a, 0x93, 0x8c, 0x9b, 0xad, 0xa3, 0x6b, 0x93,
    0x8c, 0x9b, 0x4b, 0x8b, 0x6b, 0x93, 0xed, 0xa3, 0x8c, 0x9b, 0x8b, 0x93,
    0x4b, 0x93, 0x2a, 0x93, 0x0a, 0x93, 0xc9, 0x92, 0xa9, 0x92, 0xa9, 0x92,
    0x0a, 0x9b, 0x8c, 0xb3, 0x8c, 0xab, 0xac, 0xb3, 0xcd, 0xb3, 0xac, 0xb3,
    0xcc, 0xb3, 0x4e, 0xc4, 0x8f, 0xcc, 0xb0, 0xd4, 0xf1, 0xd4, 0x11, 0xdd,
    0x32, 0xdd, 0x32, 0xdd, 0xd0, 0xd4, 0x0d, 0xbc, 0xac, 0xab, 0x0a, 0x9b,
    0x6b, 0xa3, 0xa8, 0x8a, 0x87, 0x82, 0xc8, 0x8a, 0xa8, 0x82, 0xac, 0xa3,
    0xac, 0xa3, 0x6b, 0x9b, 0x4b, 0x93, 0x0a, 0x8b, 0xa8, 0x7a, 0x67, 0x72,
    0xa8, 0x82, 0x4b, 0x93, 0x8c, 0x9b, 0x6b, 0x93, 0xc8, 0x82, 0x4b, 0x93,
    0x09, 0x8b, 0xa8, 0x82, 0x87, 0x7a, 0x46, 0x72, 0x46, 0x72, 0x86, 0x7a,
    0xa7, 0x82, 0xc7, 0x82, 0x08, 0x8b, 0x4a, 0x93, 0xcb, 0xa3, 0x0c, 0xa4,
    0x4d, 0xb4, 0xec, 0xa3, 0xe9, 0x82, 0x87, 0x72, 0x47, 0x62, 0x88, 0x62,
    0x06, 0x52, 0x70, 0x9c, 0xfb, 0xee, 0x1b, 0xe7, 0x1b, 0xef, 0x3c, 0xef,
    0x3c, 0xef, 0x3c, 0xf7, 0x3c, 0xef, 0x3c, 0xef, 0x3d, 0xef, 0x3d, 0xef,
    0x5d, 0xef, 0x5c, 0xef, 0x5d, 0xef, 0x3d, 0xef, 0x5c, 0xf7, 0x5d, 0xef,
    0x3d, 0xef, 0x5d, 0xf7, 0x3d, 0xef, 0x5c, 0xef, 0x3d, 0xf7, 0x3d, 0xef,
    0x5d, 0xef, 0x3d, 0xef, 0x5c, 0xef, 0x5d, 0xef, 0x5c, 0xef, 0x3d, 0xef,
    0x5c, 0xf7, 0x3d, 0xef, 0x5d, 0xef, 0x5d, 0xf7, 0x5d, 0xef, 0x3d, 0xef,
    0x5d, 0xef, 0x5c, 0xf7, 0x5d, 0xef, 0x5c, 0xef, 0x5d, 0xef, 0x5c, 0xf7,
    0x5d, 0xef, 0x5d, 0xef, 0x5c, 0xef, 0x5d, 0xef, 0x5d, 0xef, 0x5d, 0xef,
    0x5d, 0xef, 0x5c, 0xef, 0x3d, 0xe7, 0x3d, 0xef, 0x3c, 0xe7, 0x3d, 0xe7,
    0x3d, 0xef, 0x3c, 0xe7, 0x3d, 0xe7, 0x3d, 0xef, 0x1c, 0xe7, 0x3d, 0xef,
    0x3d, 0xe7, 0x3c, 0xef, 0x3d, 0xe7, 0x1d, 0xef, 0x3c, 0xe7, 0x3d, 0xe7,
    0x1c, 0xe7, 0x1c, 0xef, 0x1d, 0xe7, 0x1c, 0xe7, 0x1c, 0xe7, 0x1c, 0xe7,
    0x1d, 0xe7, 0x3c, 0xe7, 0x3d, 0xe7, 0x1c, 0xe7, 0x3c, 0xe7, 0x3d, 0xe7,
    0x1c, 0xe7, 0x1c, 0xe7, 0x3c, 0xe7, 0x1c, 0xe7, 0x1c, 0xe7, 0x1d, 0xe7,
    0x1c, 0xe7, 0x1c, 0xe7, 0x1c, 0xe7, 0xfb, 0xee, 0xfb, 0xee, 0xfa, 0xee,
    0xd9, 0xee, 0x53, 0xbd, 0x4a, 0x7b, 0x67, 0x62, 0xe5, 0x51, 0x84, 0x49,
    0x02, 0x41, 0x01, 0x41, 0x02, 0x41, 0x64, 0x49, 0x84, 0x51, 0xa4, 0x51,
    0xa4, 0x51, 0xc5, 0x59, 0x05, 0x62, 0xa8, 0x7a, 0x6b, 0x93, 0xed, 0xab,
    0x0d, 0xb4, 0x2d, 0xb4, 0x2e, 0xbc, 0x4e, 0xbc, 0x4e, 0xbc, 0x4d, 0xbc,
    0x6e, 0xbc, 0x6d, 0xbc, 0x6d, 0xb4, 0x2c, 0xb4, 0x6d, 0xbc, 0x0c, 0xac,
    0xcb, 0xa3, 0xaa, 0xa3, 0x8a, 0x9b, 0x6a, 0x9b, 0x4a, 0x9b, 0x2a, 0x93,
    0x4a, 0x9b, 0x6b, 0x9b, 0x4a, 0x9b, 0x4a, 0x93, 0x4a, 0x93, 0xed, 0xa3,
    0x2f, 0xb4, 0x0e, 0xac, 0x0e, 0xac, 0x8c, 0x9b, 0x8c, 0x93, 0xcd, 0xa3,
    0x4b, 0x93, 0x4b, 0x93, 0x6b, 0x9b, 0x6c, 0xa3, 0x4b, 0xa3, 0x6c, 0xa3,
    0x8c, 0xab, 0x6b, 0xab, 0x4b, 0xa3, 0xad, 0xb3, 0x2e, 0xbc, 0xed, 0xbb,
    0x0e, 0xbc, 0x2e, 0xbc, 0x0e, 0xbc, 0x2e, 0xc4, 0x6f, 0xc4, 0xb0, 0xcc,
    0xf1, 0xd4, 0x11, 0xdd, 0x32, 0xdd, 0x53, 0xe5, 0xf1, 0xd4, 0x2e, 0xbc,
    0x0d, 0xb4, 0xcc, 0xab, 0x8b, 0xa3, 0x2a, 0x9b, 0x4b, 0x9b, 0x6b, 0x9b,
    0xe9, 0x92, 0xcc, 0xab, 0x6b, 0x9b, 0x8c, 0xa3, 0xcd, 0xa3, 0xee, 0xab,
    0x6f, 0xbc, 0xed, 0xab, 0xac, 0xa3, 0xcd, 0xa3, 0x8b, 0x9b, 0x6b, 0x9b,
    0xc8, 0x82, 0x4a, 0x93, 0x2a, 0x93, 0x09, 0x8b, 0xe9, 0x8a, 0xc7, 0x82,
    0xc8, 0x8a, 0x09, 0x8b, 0x49, 0x93, 0x4a, 0x9b, 0x6a, 0x9b, 0x8b, 0xa3,
    0xec, 0xab, 0x0d, 0xac, 0x2d, 0xac, 0xec, 0xa3, 0xe8, 0x82, 0x88, 0x72,
    0x88, 0x6a, 0xa9, 0x6a, 0x47, 0x5a, 0xb1, 0xa4, 0xfb, 0xe6, 0x1b, 0xef,
    0x1b, 0xef, 0x3c, 0xef, 0x3d, 0xef, 0x3c, 0xf7, 0x3c, 0xef, 0x3c, 0xef,
    0x5d, 0xef, 0x5c, 0xef, 0x3d, 0xef, 0x3c, 0xef, 0x3c, 0xef, 0x3d, 0xef,
    0x5c, 0xef, 0x3d, 0xef, 0x5d, 0xef, 0x5c, 0xef, 0x5d, 0xef, 0x5d, 0xef,
    0x5d, 0xef, 0x5c, 0xef, 0x5d, 0xef, 0x5d, 0xf7, 0x3d, 0xef, 0x5c, 0xef,
    0x5d, 0xef, 0x5d, 0xef, 0x5d, 0xef, 0x5c, 0xef, 0x3d, 0xef, 0x5c, 0xef,
    0x5d, 0xef, 0x5d, 0xef, 0x3c, 0xef, 0x5d, 0xef, 0x3d, 0xef, 0x3d, 0xef,
    0x5d, 0xef, 0x5c, 0xef, 0x5d, 0xef, 0x5d, 0xef, 0x5c, 0xef, 0x5d, 0xef,
    0x5d, 0xef, 0x5c, 0xef, 0x5d, 0xef, 0x5d, 0xef, 0x3c, 0xe7, 0x1d, 0xef,
    0x1d, 0xe7, 0x3c, 0xef, 0x1d, 0xef, 0x3c, 0xe7, 0x3d, 0xe7, 0x3c, 0xef,
    0x3d, 0xe7, 0x1c, 0xe7, 0x3d, 0xef, 0x3c, 0xe7, 0x3d, 0xe7, 0x3c, 0xef,
    0x3d, 0xe7, 0x3d, 0xef, 0x1c, 0xe7, 0x1d, 0xe7, 0x1c, 0xef, 0x1d, 0xe7,
    0x1d, 0xe7, 0x1c, 0xef, 0x3d, 0xe7, 0x1c, 0xe7, 0x1d, 0xe7, 0x1c, 0xe7,
    0x3c, 0xe7, 0x1d, 0xe7, 0x3c, 0xe7, 0x3c, 0xe7, 0x1c, 0xe7, 0x1d, 0xe7,
    0x1d, 0xe7, 0x1d, 0xe7, 0x1c, 0xe7, 0x1c, 0xe7, 0x1c, 0xe7, 0xfb, 0xee,
    0xfa, 0xee, 0xfa, 0xf6, 0x16, 0xde, 0xf1, 0xbc, 0xed, 0x9b, 0x4b, 0x8b,
    0xa8, 0x82, 0x26, 0x6a, 0xc4, 0x59, 0x43, 0x51, 0x22, 0x49, 0x63, 0x51,
    0x84, 0x51, 0xc5, 0x59, 0xa4, 0x59, 0xc5, 0x59, 0x05, 0x5a, 0xa8, 0x7a,
    0x6b, 0x93, 0xed, 0xab, 0x0d, 0xb4, 0x2d, 0xb4, 0x2e, 0xbc, 0x4e, 0xbc,
    0x4e, 0xbc, 0x4e, 0xbc, 0x6e, 0xbc, 0x8e, 0xbc, 0x8e, 0xbc, 0x6d, 0xbc,
    0xcf, 0xc4, 0x6d, 0xbc, 0x2c, 0xb4, 0x0c, 0xac, 0xcb, 0xab, 0xcb, 0xab,
    0xac, 0xa3, 0xab, 0xa3, 0xab, 0xa3, 0x8b, 0x9b, 0x6b, 0x9b, 0x6b, 0x9b,
    0x6b, 0x9b, 0x0a, 0x8b, 0x2a, 0x8b, 0x8c, 0x9b, 0x4b, 0x93, 0x0a, 0x8b,
    0x6b, 0x93, 0xac, 0x9b, 0x6b, 0x93, 0x4b, 0x93, 0x6b, 0x9b, 0x4b, 0x9b,
    0x4b, 0xa3, 0x8c, 0xab, 0xad, 0xb3, 0xcd, 0xb3, 0xed, 0xbb, 0x8c, 0xab,
    0x4e, 0xc4, 0x4f, 0xc4, 0x4f, 0xc4, 0x4e, 0xc4, 0x4e, 0xc4, 0x2e, 0xc4,
    0x4e, 0xc4, 0x8f, 0xcc, 0xd0, 0xd4, 0xf1, 0xdc, 0x32, 0xdd, 0x52, 0xe5,
    0xf1, 0xd4, 0x2e, 0xc4, 0x2e, 0xbc, 0x4e, 0xbc, 0x8c, 0xab, 0xac, 0xab,
    0xed, 0xb3, 0x6f, 0xc4, 0x4b, 0x9b, 0x09, 0x93, 0x4b, 0x9b, 0x4b, 0x9b,
    0x8c, 0xa3, 0x8c, 0xa3, 0x4b, 0x9b, 0x0a, 0x93, 0x2a, 0x93, 0x8c, 0xa3,
    0x2a, 0x93, 0x8b, 0xa3, 0x09, 0x93, 0x09, 0x93, 0x09, 0x93, 0x29, 0x93,
    0x09, 0x93, 0x29, 0x93, 0x29, 0x93, 0x4a, 0x9b, 0x8a, 0x9b, 0xab, 0xa3,
    0xcc, 0xa3, 0xec, 0xab, 0x2d, 0xb4, 0x4d, 0xb4, 0x2d, 0xb4, 0xed, 0xa3,
    0xc8, 0x7a, 0xa7, 0x72, 0xa8, 0x6a, 0xa9, 0x6a, 0xa9, 0x62, 0xf2, 0xac,
    0xfb, 0xee, 0x1b, 0xef, 0x3c, 0xef, 0x3c, 0xef, 0x3c, 0xef, 0x3c, 0xef,
    0x3c, 0xef, 0x3c, 0xef, 0x5d, 0xef, 0x5d, 0xef, 0x3c, 0xef, 0x5d, 0xef,
    0x5d, 0xef, 0x5d, 0xef, 0x3c, 0xef, 0x3d, 0xef, 0x5d, 0xef, 0x5c, 0xef,
    0x3d, 0xef, 0x5d, 0xef, 0x5c, 0xef, 0x3d, 0xef, 0x5d, 0xef, 0x5c, 0xef,
    0x5d, 0xef, 0x3d, 0xef, 0x5d, 0xf7, 0x5d, 0xef, 0x3d, 0xef, 0x5d, 0xef,
    0x5c, 0xef, 0x3d, 0xef, 0x5d, 0xef, 0x5c, 0xf7, 0x5d, 0xef, 0x5d, 0xef,
    0x5d, 0xef, 0x5d, 0xf7, 0x3d, 0xef, 0x5d, 0xef, 0x5d, 0xef, 0x5d, 0xef,
    0x5d, 0xef, 0x5d, 0xef, 0x5d, 0xef, 0x5c, 0xef, 0x5d, 0xef, 0x5d, 0xef,
    0x1c, 0xe7, 0x1c, 0xe7, 0x1c, 0xe7, 0x1d, 0xe7, 0x1c, 0xe7, 0x1c, 0xe7,
    0x1d, 0xe7, 0x1c, 0xe7, 0x1c, 0xe7, 0x1d, 0xe7, 0x1c, 0xe7, 0x1d, 0xe7,
    0x1c, 0xe7, 0x1c, 0xe7, 0x1c, 0xe7, 0x1c, 0xe7, 0x1d, 0xe7, 0x3c, 0xe7,
    0x1c, 0xe7, 0x1c, 0xe7, 0x3c, 0xe7, 0x1d, 0xe7, 0x3c, 0xe7, 0x1c, 0xe7,
    0x1d, 0xe7, 0x1c, 0xe7, 0x3d, 0xe7, 0x1d, 0xe7, 0x1d, 0xe7, 0x3d, 0xe7,
    0x1d, 0xe7, 0x1d, 0xe7, 0x1d, 0xe7, 0x1c, 0xe7, 0x1c, 0xe7, 0x1c, 0xe7,
    0x1b, 0xe7, 0xfb, 0xee, 0xda, 0xee, 0x58, 0xe6, 0xf1, 0xc4, 0x0d, 0xb4,
    0x0e, 0xbc, 0x0b, 0xa3, 0xa9, 0x9a, 0x67, 0x82, 0x26, 0x7a, 0x26, 0x72,
    0xa4, 0x61, 0xc5, 0x61, 0xc5, 0x61, 0xe5, 0x61, 0xa4, 0x59, 0xc4, 0x59,
    0x05, 0x62, 0xa8, 0x72, 0x4b, 0x9b, 0xec, 0xab, 0x0d, 0xb4, 0x2d, 0xb4,
    0x2d, 0xbc, 0x4e, 0xbc, 0x6e, 0xbc, 0x8e, 0xc4, 0x8e, 0xc4, 0x8e, 0xc4,
    0xae, 0xc4, 0x8e, 0xc4, 0xaf, 0xc4, 0x8e, 0xc4, 0x6e, 0xbc, 0x4d, 0xbc,
    0x2d, 0xb4, 0x2d, 0xb4, 0x0d, 0xb4, 0x0d, 0xb4, 0xec, 0xab, 0xcc, 0xab,
    0xac, 0xa3, 0xac, 0xa3, 0x8b, 0x9b, 0xcd, 0xab, 0x0e, 0xac, 0x0e, 0xac,
    0x0e, 0xac, 0xed, 0xab, 0x8c, 0x9b, 0x8c, 0x9b, 0x6b, 0x9b, 0x6b, 0x9b,
    0x8c, 0x9b, 0xac, 0xa3, 0xac, 0xab, 0xcd, 0xb3, 0xcd, 0xb3, 0xed, 0xb3,
    0xed, 0xbb, 0x0e, 0xbc, 0x4e, 0xc4, 0x6f, 0xc4, 0x6f, 0xcc, 0x6e, 0xc4,
    0x2e, 0xbc, 0x2d, 0xbc, 0x4e, 0xc4, 0x8f, 0xcc, 0xd1, 0xd4, 0x53, 0xe5,
    0x32, 0xe5, 0x52, 0xe5, 0x11, 0xdd, 0xd0, 0xd4, 0x6e, 0xc4, 0xed, 0xb3,
    0xed, 0xbb, 0x6e, 0xc4, 0xed, 0xb3, 0xed, 0xb3, 0xed, 0xb3, 0xed, 0xb3,
    0x0a, 0x9b, 0xe9, 0x92, 0xe9, 0x92, 0x0a, 0x93, 0x8c, 0xab, 0x8b, 0xa3,
    0x4b, 0x9b, 0x0a, 0x93, 0x09, 0x93, 0x6b, 0x9b, 0x2a, 0x93, 0x09, 0x93,
    0x2a, 0x93, 0x4a, 0x93, 0x6a, 0x9b, 0xab, 0xa3, 0xcb, 0xa3, 0xcb, 0xa3,
    0xec, 0xab, 0xec, 0xab, 0x0d, 0xac, 0x2d, 0xb4, 0x2d, 0xb4, 0x2d, 0xb4,
    0x0d, 0xac, 0x0d, 0xac, 0xc8, 0x7a, 0x88, 0x72, 0xa8, 0x72, 0x89, 0x6a,
    0x0b, 0x73, 0x74, 0xbd, 0xfa, 0xee, 0x1b, 0xef, 0x1c, 0xef, 0x3c, 0xef,
    0x3c, 0xef, 0x3c, 0xef, 0x3c, 0xef, 0x3c, 0xef, 0x3c, 0xef, 0x3c, 0xef,
    0x5d, 0xef, 0x3d, 0xef, 0x5d, 0xef, 0x3c, 0xef, 0x5d, 0xef, 0x3c, 0xef,
    0x3d, 0xef, 0x3d, 0xef, 0x3c, 0xef, 0x3d, 0xef, 0x5c, 0xef, 0x5d, 0xef,
    0x3d, 0xef, 0x5c, 0xef, 0x5c, 0xef, 0x5d, 0xef, 0x3c, 0xef, 0x5c, 0xef,
    0x5c, 0xef, 0x5d, 0xef, 0x5d, 0xef, 0x5c, 0xef, 0x3d, 0xef, 0x5d, 0xef,
    0x5c, 0xef, 0x3c, 0xef, 0x3c, 0xef, 0x5c, 0xef, 0x3c, 0xef, 0x3c, 0xef,
    0x5c, 0xef, 0x5c, 0xef, 0x5d, 0xef, 0x5c, 0xef, 0x5c, 0xef, 0x5d, 0xef,
    0x5d, 0xef, 0x5c, 0xef, 0x1d, 0xe7, 0x1d, 0xe7, 0x1c, 0xe7, 0x1d, 0xe7,
    0x1d, 0xe7, 0x1c, 0xef, 0x1d, 0xe7, 0x1d, 0xef, 0x1c, 0xe7, 0x1d, 0xef,
    0x1c, 0xe7, 0x1d, 0xe7, 0x1d, 0xef, 0x1d, 0xe7, 0x1c, 0xe7, 0x1c, 0xe7,
    0x1d, 0xe7, 0x3d, 0xe7, 0x1c, 0xe7, 0x1d, 0xe7, 0x1c, 0xe7, 0x1c, 0xe7,
    0x3d, 0xe7, 0x1c, 0xe7, 0x1c, 0xe7, 0x1d, 0xe7, 0x3c, 0xe7, 0x3c, 0xe7,
    0x1c, 0xe7, 0x3c, 0xe7, 0x3d, 0xe7, 0x1d, 0xe7, 0x1c, 0xe7, 0x1d, 0xe7,
    0x3c, 0xe7, 0x3c, 0xe7, 0xfb, 0xde, 0x1b, 0xe7, 0xda, 0xf6, 0x17, 0xe6,
    0x6f, 0xbc, 0xac, 0xb3, 0x8c, 0xbb, 0xa9, 0xa2, 0xa9, 0xa2, 0x67, 0x92,
    0x67, 0x82, 0x67, 0x7a, 0x06, 0x72, 0x06, 0x6a, 0x05, 0x6a, 0xe5, 0x61,
    0xc4, 0x59, 0xe5, 0x59, 0x26, 0x62, 0xa8, 0x7a, 0x6b, 0x93, 0xec, 0xab,
    0x0d, 0xb4, 0x2d, 0xb4, 0x2d, 0xbc, 0x4e, 0xbc, 0x6e, 0xbc, 0x8e, 0xc4,
    0x8e, 0xc4, 0x8e, 0xc4, 0xae, 0xc4, 0xae, 0xc4, 0xaf, 0xc4, 0x8f, 0xc4,
    0x8e, 0xc4, 0x8e, 0xbc, 0x6e, 0xbc, 0x6e, 0xbc, 0x6e, 0xbc, 0x6e, 0xbc,
    0x8f, 0xc4, 0x4e, 0xbc, 0xed, 0xab, 0xac, 0xa3, 0x8b, 0x9b, 0x6b, 0x9b,
    0x4a, 0x93, 0x2a, 0x8b, 0x4b, 0x93, 0x6b, 0x9b, 0x8c, 0x9b, 0xad, 0xa3,
    0xad, 0xa3, 0xcd, 0xa3, 0xcd, 0xab, 0xed, 0xb3, 0x2e, 0xb4, 0x2e, 0xbc,
    0x2e, 0xbc, 0x2e, 0xbc, 0x2e, 0xc4, 0x6f, 0xc4, 0x8f, 0xcc, 0x8f, 0xcc,
    0x8f, 0xcc, 0x6f, 0xc4, 0x2e, 0xc4, 0x0d, 0xbc, 0x4f, 0xc4, 0x90, 0xcc,
    0x12, 0xdd, 0x73, 0xed, 0x32, 0xdd, 0x52, 0xe5, 0x12, 0xdd, 0xd0, 0xd4,
    0x6e, 0xc4, 0xed, 0xb3, 0x0d, 0xb4, 0x4e, 0xc4, 0x0d, 0xbc, 0x0d, 0xbc,
    0x0d, 0xb4, 0x0d, 0xb4, 0x8c, 0xab, 0x4a, 0xa3, 0x09, 0x93, 0xc9, 0x92,
    0xe9, 0x92, 0x09, 0x93, 0x2a, 0x9b, 0x2a, 0x9b, 0x4a, 0x9b, 0x2a, 0x9b,
    0x4a, 0x9b, 0x4a, 0x9b, 0x4a, 0x9b, 0x8b, 0xa3, 0xcc, 0xa3, 0x0d, 0xb4,
    0x4d, 0xb4, 0x4d, 0xb4, 0x4e, 0xbc, 0x4e, 0xbc, 0x4e, 0xb4, 0x4e, 0xbc,
    0x2d, 0xb4, 0x0d, 0xb4, 0x0d, 0xac, 0x0d, 0xac, 0xa8, 0x7a, 0xa8, 0x7a,
    0xa8, 0x72, 0x88, 0x6a, 0x4b, 0x7b, 0x95, 0xbd, 0x1b, 0xef, 0x1b, 0xef,
    0x3c, 0xef, 0x3c, 0xef, 0x1c, 0xef, 0x1c, 0xef, 0x3c, 0xef, 0x5c, 0xf7,
    0x3d, 0xef, 0x3c, 0xef, 0x5d, 0xef, 0x3c, 0xef, 0x3c, 0xef, 0x5d, 0xef,
    0x5d, 0xef, 0x5c, 0xef, 0x5d, 0xef, 0x5c, 0xef, 0x5d, 0xef, 0x3d, 0xef,
    0x5c, 0xef, 0x5d, 0xef, 0x5d, 0xef, 0x3c, 0xef, 0x5d, 0xef, 0x5d, 0xef,
    0x5d, 0xef, 0x3c, 0xef, 0x5d, 0xef, 0x3d, 0xef, 0x5c, 0xef, 0x5d, 0xef,
    0x5c, 0xef, 0x3d, 0xef, 0x5d, 0xef, 0x5d, 0xef, 0x3d, 0xef, 0x5d, 0xef,
    0x5d, 0xef, 0x3d, 0xef, 0x5d, 0xef, 0x5d, 0xef, 0x3c, 0xef, 0x5d, 0xef,
    0x5d, 0xef, 0x5c, 0xef, 0x5d, 0xef, 0x5d, 0xef, 0x1c, 0xe7, 0x1d, 0xef,
    0x3c, 0xef, 0x1c, 0xe7, 0x3d, 0xe7, 0x1c, 0xef, 0x1c, 0xe7, 0x3d, 0xe7,
    0x1d, 0xe7, 0x1c, 0xe7, 0x3c, 0xef, 0x1c, 0xe7, 0x1d, 0xe7, 0x1d, 0xef,
    0x1c, 0xe7, 0x1c, 0xe7, 0x1d, 0xe7, 0x1c, 0xe7, 0x1c, 0xe7, 0x1c, 0xe7,
    0x1c, 0xe7, 0x1c, 0xe7, 0x1d, 0xe7, 0x1d, 0xe7, 0x1c, 0xe7, 0x1c, 0xe7,
    0x3d, 0xe7, 0x1d, 0xe7, 0x1c, 0xe7, 0x3c, 0xe7, 0x1d, 0xe7, 0x1d, 0xe7,
    0x1d, 0xe7, 0x1d, 0xe7, 0x3c, 0xdf, 0x3c, 0xdf, 0xfb, 0xde, 0x3b, 0xef,
    0xfb, 0xf6, 0x94, 0xd5, 0xac, 0xa3, 0x4a, 0xa3, 0x88, 0x9a, 0x06, 0x8a,
    0x67, 0x9a, 0x27, 0x8a, 0x46, 0x82, 0x87, 0x82, 0xa8, 0x8a, 0x88, 0x82,
    0x46, 0x72, 0x26, 0x6a, 0xe5, 0x59, 0x05, 0x62, 0x66, 0x62, 0xe9, 0x7a,
    0x4b, 0x9b, 0xcc, 0xab, 0x0d, 0xb4, 0x2d, 0xb4, 0x2d, 0xbc, 0x4e, 0xbc,
    0x6e, 0xc4, 0x6e, 0xc4, 0x8e, 0xbc, 0x8f, 0xc4, 0xaf, 0xc4, 0xaf, 0xc4,
    0xaf, 0xc4, 0xcf, 0xc4, 0xcf, 0xcc, 0xcf, 0xcc, 0xcf, 0xcc, 0xcf, 0xcc,
    0xaf, 0xc4, 0xf0, 0xcc, 0x11, 0xd5, 0xd0, 0xcc, 0x6f, 0xbc, 0x6f, 0xbc,
    0x8f, 0xbc, 0xb0, 0xc4, 0x6f, 0xbc, 0x4f, 0xb4, 0x2f, 0xb4, 0x4f, 0xb4,
    0x90, 0xbc, 0x90, 0xbc, 0x90, 0xc4, 0x8f, 0xbc, 0x4f, 0xbc, 0x4e, 0xbc,
    0x6f, 0xbc, 0x6f, 0xc4, 0x6f, 0xc4, 0x6f, 0xc4, 0x8f, 0xcc, 0x90, 0xcc,
    0x8f, 0xcc, 0x8f, 0xcc, 0x6f, 0xcc, 0x6f, 0xc4, 0x2e, 0xc4, 0x0d, 0xbc,
    0x6f, 0xc4, 0xb0, 0xd4, 0x32, 0xe5, 0x73, 0xe5, 0x32, 0xdd, 0x52, 0xe5,
    0x32, 0xdd, 0xb0, 0xd4, 0x4e, 0xc4, 0x0d, 0xbc, 0x0d, 0xb4, 0x4e, 0xc4,
    0x2e, 0xbc, 0x4e, 0xbc, 0x2e, 0xc4, 0x4f, 0xc4, 0x6f, 0xc4, 0x90, 0xc4,
    0x6f, 0xc4, 0x0e, 0xbc, 0x0d, 0xb4, 0x6c, 0xa3, 0xe9, 0x92, 0xe9, 0x92,
    0xe9, 0x92, 0x09, 0x93, 0x0a, 0x9b, 0x4a, 0x9b, 0xab, 0xa3, 0x0d, 0xb4,
    0x4e, 0xbc, 0x8e, 0xbc, 0x6e, 0xbc, 0x8e, 0xc4, 0x8e, 0xbc, 0x8e, 0xbc,
    0x8f, 0xc4, 0x6e, 0xbc, 0x4e, 0xbc, 0x2d, 0xb4, 0xed, 0xab, 0xed, 0xab,
    0x87, 0x7a, 0x88, 0x7a, 0x88, 0x72, 0x88, 0x6a, 0x4c, 0x7b, 0x95, 0xc5,
    0xfa, 0xee, 0x1b, 0xef, 0x3c, 0xef, 0x1b, 0xef, 0x1c, 0xef, 0x1c, 0xef,
    0x3c, 0xef, 0x3c, 0xef, 0x3c, 0xef, 0x3d, 0xef, 0x3c, 0xef, 0x3c, 0xef,
    0x3c, 0xef, 0x3c, 0xef, 0x3c, 0xef, 0x3c, 0xef, 0x3d, 0xef, 0x5d, 0xef,
    0x3c, 0xef, 0x5d, 0xef, 0x5d, 0xef, 0x5c, 0xef, 0x5d, 0xef, 0x5d, 0xef,
    0x3c, 0xef, 0x5d, 0xef, 0x5d, 0xef, 0x5d, 0xef, 0x5d, 0xef, 0x5c, 0xef,
    0x3d, 0xef, 0x5d, 0xef, 0x5c, 0xef, 0x5d, 0xef, 0x5d, 0xef, 0x5c, 0xef,
    0x3d, 0xef, 0x3d, 0xef, 0x5c, 0xef, 0x3d, 0xef, 0x5d, 0xef, 0x5c, 0xef,
    0x5d, 0xef, 0x3d, 0xef, 0x5d, 0xef, 0x3c, 0xef, 0x3d, 0xef, 0x5d, 0xef,
    0x1c, 0xe7, 0x1d, 0xe7, 0x1d, 0xe7, 0x3c, 0xe7, 0x1d, 0xe7, 0x1d, 0xe7,
    0x1c, 0xe7, 0x1c, 0xe7, 0x1d, 0xef, 0x3d, 0xe7, 0x1c, 0xe7, 0x1d, 0xe7,
    0x3c, 0xe7, 0x1c, 0xe7, 0x1c, 0xe7, 0x1d, 0xe7, 0x1c, 0xe7, 0x3c, 0xe7,
    0x1c, 0xe7, 0x1d, 0xe7, 0x1c, 0xdf, 0x1c, 0xe7, 0x3d, 0xe7, 0x1c, 0xe7,
    0x3c, 0xe7, 0x1d, 0xe7, 0x1c, 0xe7, 0x1c, 0xe7, 0x1d, 0xe7, 0x1c, 0xe7,
    0x1d, 0xe7, 0x1c, 0xe7, 0x1d, 0xe7, 0x1d, 0xe7, 0x1d, 0xe7, 0x1c, 0xdf,
    0xfb, 0xde, 0x1b, 0xef, 0xba, 0xee, 0xd2, 0xc4, 0xc8, 0x8a, 0xa8, 0x92,
    0x84, 0x79, 0x64, 0x79, 0xc5, 0x81, 0xa4, 0x79, 0xc5, 0x79, 0x67, 0x82,
    0x2a, 0x9b, 0xc9, 0x8a, 0x67, 0x7a, 0x26, 0x72, 0xe5, 0x61, 0x26, 0x62,
    0x67, 0x6a, 0xe9, 0x7a, 0x4a, 0x93, 0xac, 0xab, 0xed, 0xb3, 0x0d, 0xb4,
    0x2d, 0xbc, 0x4e, 0xbc, 0x6e, 0xc4, 0x6e, 0xc4, 0x8e, 0xc4, 0xae, 0xc4,
    0xcf, 0xc4, 0xae, 0xc4, 0xaf, 0xc4, 0xef, 0xcc, 0x10, 0xcd, 0xef, 0xcc,
    0xf0, 0xcc, 0xf0, 0xcc, 0x10, 0xd5, 0x10, 0xd5, 0x11, 0xd5, 0x11, 0xd5,
    0xf0, 0xcc, 0xd0, 0xcc, 0xd0, 0xc4, 0xb0, 0xc4, 0xf1, 0xcc, 0xd1, 0xcc,
    0xd1, 0xcc, 0xd1, 0xcc, 0xb0, 0xc4, 0xb0, 0xc4, 0xd1, 0xcc, 0xd1, 0xcc,
    0xb0, 0xc4, 0x6f, 0xc4, 0x8f, 0xc4, 0x90, 0xcc, 0x8f, 0xcc, 0x8f, 0xcc,
    0x90, 0xcc, 0x90, 0xcc, 0x8f, 0xcc, 0x8f, 0xcc, 0x8f, 0xcc, 0x6f, 0xc4,
    0x4e, 0xc4, 0x0d, 0xbc, 0x8f, 0xcc, 0xf1, 0xdc, 0x52, 0xe5, 0x11, 0xdd,
    0x32, 0xe5, 0x52, 0xe5, 0x32, 0xdd, 0xb0, 0xd4, 0x4e, 0xc4, 0x0d, 0xbc,
    0x0d, 0xbc, 0x4f, 0xc4, 0x6f, 0xc4, 0x6f, 0xc4, 0x6f, 0xc4, 0x6f, 0xc4,
    0x90, 0xcc, 0x90, 0xcc, 0x70, 0xcc, 0x4f, 0xc4, 0x2e, 0xbc, 0x2e, 0xbc,
    0x6f, 0xc4, 0x4e, 0xc4, 0x2e, 0xbc, 0x0d, 0xb4, 0x0d, 0xb4, 0x2d, 0xbc,
    0x2e, 0xbc, 0x4e, 0xbc, 0x8e, 0xbc, 0x8e, 0xc4, 0x8e, 0xc4, 0x8f, 0xc4,
    0x8f, 0xc4, 0xaf, 0xc4, 0x8f, 0xc4, 0x6e, 0xbc, 0x2e, 0xbc, 0x2e, 0xb4,
    0xec, 0xab, 0xed, 0xab, 0x87, 0x7a, 0xa8, 0x7a, 0x68, 0x72, 0x48, 0x62,
    0x2b, 0x7b, 0x95, 0xc5, 0x1a, 0xef, 0x1b, 0xef, 0x1b, 0xef, 0x1b, 0xef,
    0x1c, 0xef, 0x1c, 0xef, 0x3c, 0xef, 0x3c, 0xef, 0x3c, 0xef, 0x3c, 0xef,
    0x3c, 0xef, 0x3d, 0xef, 0x3c, 0xef, 0x3c, 0xef, 0x3c, 0xef, 0x3c, 0xef,
    0x3d, 0xef, 0x3d, 0xef, 0x5c, 0xef, 0x3d, 0xef, 0x5c, 0xef, 0x3d, 0xef,
    0x5c, 0xef, 0x5d, 0xef, 0x5c, 0xef, 0x3c, 0xef, 0x5d, 0xef, 0x5c, 0xef,
    0x3c, 0xef, 0x5d, 0xef, 0x5d, 0xef, 0x3c, 0xef, 0x5d, 0xef, 0x5c, 0xef,
    0x3c, 0xef, 0x5d, 0xef, 0x3c, 0xef, 0x5c, 0xef, 0x3d, 0xef, 0x3c, 0xef,
    0x5c, 0xef, 0x5d, 0xef, 0x5c, 0xef, 0x5d, 0xef, 0x5c, 0xef, 0x5d, 0xef,
    0x5c, 0xef, 0x5c, 0xef, 0x3c, 0xe7, 0x3d, 0xe7, 0x3c, 0xe7, 0x1c, 0xe7,
    0x3d, 0xe7, 0x3d, 0xe7, 0x3c, 0xe7, 0x3c, 0xe7, 0x3d, 0xe7, 0x3c, 0xe7,
    0x1d, 0xe7, 0x3d, 0xe7, 0x3c, 0xe7, 0x3d, 0xe7, 0x1d, 0xe7, 0x1c, 0xe7,
    0x1d, 0xe7, 0x1c, 0xe7, 0x1c, 0xe7, 0x1d, 0xe7, 0x1c, 0xe7, 0x1c, 0xdf,
    0x1c, 0xe7, 0x1c, 0xdf, 0x1c, 0xe7, 0x1c, 0xdf, 0x1d, 0xe7, 0x3c, 0xe7,
    0x1c, 0xe7, 0x1d, 0xe7, 0x1c, 0xe7, 0x1c, 0xe7, 0x1d, 0xe7, 0xfd, 0xe6,
    0x1c, 0xe7, 0x3c, 0xe7, 0x7d, 0xef, 0x1b, 0xef, 0x9a, 0xee, 0x50, 0xac,
    0x0a, 0x93, 0x83, 0x69, 0x26, 0x8a, 0x43, 0x79, 0xc5, 0x81, 0x88, 0x9a,
    0x46, 0x82, 0x67, 0x82, 0xc9, 0x8a, 0xe9, 0x92, 0xa8, 0x82, 0x47, 0x7a,
    0xe5, 0x61, 0x26, 0x62, 0x87, 0x6a, 0xe8, 0x82, 0x4a, 0x93, 0xac, 0xab,
    0xec, 0xb3, 0x0c, 0xb4, 0x2d, 0xbc, 0x2d, 0xbc, 0x4d, 0xbc, 0x4e, 0xbc,
    0x8e, 0xc4, 0x8f, 0xc4, 0xaf, 0xc4, 0x8e, 0xc4, 0x8f, 0xc4, 0xf0, 0xd4,
    0x10, 0xd5, 0xf0, 0xd4, 0x10, 0xd5, 0x11, 0xd5, 0x51, 0xdd, 0x52, 0xdd,
    0x31, 0xd5, 0x31, 0xd5, 0x32, 0xdd, 0x32, 0xd5, 0x12, 0xd5, 0xf1, 0xcc,
    0xf1, 0xc4, 0xf1, 0xcc, 0xf1, 0xcc, 0xf2, 0xcc, 0xd1, 0xcc, 0xd1, 0xcc,
    0xd1, 0xcc, 0xd1, 0xcc, 0xb0, 0xcc, 0xb0, 0xcc, 0xb0, 0xcc, 0xb0, 0xcc,
    0x90, 0xcc, 0xb0, 0xcc, 0xb0, 0xcc, 0x90, 0xcc, 0x8f, 0xcc, 0x8f, 0xcc,
    0x8f, 0xcc, 0x6f, 0xc4, 0x4e, 0xc4, 0x6f, 0xcc, 0x90, 0xcc, 0x12, 0xdd,
    0x53, 0xe5, 0x33, 0xe5, 0x52, 0xe5, 0x52, 0xe5, 0x52, 0xe5, 0x53, 0xe5,
    0xf0, 0xd4, 0x6f, 0xc4, 0x0e, 0xbc, 0x2e, 0xbc, 0x6f, 0xcc, 0x6f, 0xcc,
    0x6f, 0xc4, 0x8f, 0xcc, 0x8f, 0xcc, 0x8f, 0xcc, 0x6f, 0xc4, 0x6f, 0xc4,
    0x6f, 0xc4, 0x6f, 0xc4, 0x6f, 0xc4, 0x6e, 0xc4, 0x4e, 0xc4, 0x8f, 0xc4,
    0x8f, 0xcc, 0x8f, 0xcc, 0xaf, 0xc4, 0xaf, 0xc4, 0xd0, 0xcc, 0xaf, 0xcc,
    0xd0, 0xcc, 0xaf, 0xc4, 0xaf, 0xcc, 0xaf, 0xcc, 0x8f, 0xc4, 0x6f, 0xbc,
    0x4e, 0xbc, 0x2d, 0xb4, 0xed, 0xab, 0xed, 0xab, 0x88, 0x82, 0xa8, 0x7a,
    0x47, 0x6a, 0x07, 0x62, 0x0b, 0x7b, 0xd5, 0xcd, 0xfa, 0xee, 0x1b, 0xe7,
    0x1b, 0xef, 0x1c, 0xef, 0x1c, 0xef, 0x1c, 0xef, 0x3c, 0xef, 0x1c, 0xef,
    0x3c, 0xe7, 0x3c, 0xe7, 0x3c, 0xef, 0x5d, 0xe7, 0x3c, 0xe7, 0x3d, 0xef,
    0x3d, 0xe7, 0x5c, 0xef, 0x5d, 0xef, 0x5d, 0xef, 0x5c, 0xef, 0x5d, 0xef,
    0x5d, 0xef, 0x5c, 0xef, 0x3d, 0xef, 0x5d, 0xef, 0x5d, 0xef, 0x5d, 0xef,
    0x3c, 0xef, 0x5d, 0xef, 0x5d, 0xef, 0x5c, 0xef, 0x5d, 0xef, 0x3d, 0xef,
    0x5d, 0xef, 0x5d, 0xef, 0x5d, 0xef, 0x5d, 0xef, 0x3d, 0xef, 0x5d, 0xef,
    0x5d, 0xef, 0x3d, 0xef, 0x5d, 0xef, 0x5d, 0xef, 0x3c, 0xef, 0x5d, 0xef,
    0x5d, 0xef, 0x3c, 0xef, 0x5d, 0xef, 0x5d, 0xef, 0x1d, 0xe7, 0x3c, 0xe7,
    0x1d, 0xe7, 0x1c, 0xe7, 0x3c, 0xe7, 0x1d, 0xe7, 0x1d, 0xe7, 0x3c, 0xe7,
    0x1d, 0xe7, 0x1c, 0xe7, 0x3c, 0xe7, 0x1d, 0xe7, 0x1c, 0xe7, 0x3d, 0xe7,
    0x1c, 0xe7, 0x1c, 0xe7, 0x3d, 0xe7, 0x1d, 0xe7, 0x1c, 0xe7, 0x1c, 0xdf,
    0x1c, 0xe7, 0x1d, 0xe7, 0x1c, 0xe7, 0x1c, 0xe7, 0x1d, 0xe7, 0x1c, 0xe7,
    0x1c, 0xdf, 0x1c, 0xe7, 0x1c, 0xdf, 0x1c, 0xe7, 0x1d, 0xe7, 0x1d, 0xe7,
    0xfc, 0xe6, 0xfc, 0xe6, 0x1c, 0xdf, 0x1c, 0xdf, 0x3c, 0xe7, 0x1b, 0xef,
    0xba, 0xee, 0x91, 0xb4, 0x2a, 0x93, 0xe5, 0x71, 0x26, 0x8a, 0x84, 0x79,
    0xe5, 0x89, 0xc9, 0xa2, 0x87, 0x8a, 0xa7, 0x8a, 0x88, 0x8a, 0xe9, 0x92,
    0xc9, 0x8a, 0x88, 0x7a, 0xe5, 0x69, 0x25, 0x6a, 0x87, 0x6a, 0xe8, 0x82,
    0x2a, 0x93, 0xac, 0xab, 0xec, 0xb3, 0xec, 0xb3, 0x0d, 0xb4, 0x2d, 0xbc,
    0x4d, 0xbc, 0x4d, 0xbc, 0x6e, 0xbc, 0x8e, 0xc4, 0xaf, 0xc4, 0x8e, 0xc4,
    0xaf, 0xcc, 0xf0, 0xd4, 0x11, 0xd5, 0xf0, 0xcc, 0xf0, 0xd4, 0x31, 0xd5,
    0x52, 0xdd, 0x52, 0xdd, 0x31, 0xdd, 0x32, 0xdd, 0x32, 0xd5, 0x32, 0xdd,
    0x32, 0xd5, 0x12, 0xd5, 0xf1, 0xcc, 0xf1, 0xcc, 0xf1, 0xcc, 0xf1, 0xcc,
    0xf1, 0xd4, 0xd1, 0xcc, 0xf1, 0xcc, 0xd1, 0xcc, 0xd1, 0xcc, 0xd1, 0xd4,
    0xd1, 0xd4, 0xd1, 0xd4, 0xd0, 0xd4, 0xd0, 0xd4, 0xb0, 0xd4, 0x90, 0xcc,
    0x8f, 0xcc, 0x8f, 0xcc, 0x6f, 0xcc, 0x6f, 0xc4, 0x4f, 0xc4, 0x6f, 0xcc,
    0x90, 0xcc, 0x11, 0xdd, 0x33, 0xe5, 0x53, 0xe5, 0x52, 0xe5, 0x52, 0xe5,
    0x53, 0xe5, 0x53, 0xe5, 0x12, 0xdd, 0xb0, 0xd4, 0x4e, 0xc4, 0x0d, 0xbc,
    0x6f, 0xcc, 0x8f, 0xcc, 0x6f, 0xcc, 0x6f, 0xcc, 0x8f, 0xcc, 0x90, 0xcc,
    0x90, 0xcc, 0x8f, 0xcc, 0x8f, 0xcc, 0x90, 0xcc, 0x8f, 0xcc, 0x8f, 0xcc,
    0xb0, 0xcc, 0xb0, 0xcc, 0xd0, 0xd4, 0xd0, 0xd4, 0xd0, 0xcc, 0xf0, 0xcc,
    0x11, 0xd5, 0xd0, 0xcc, 0xf0, 0xcc, 0xd0, 0xcc, 0xd0, 0xcc, 0xd0, 0xcc,
    0xaf, 0xc4, 0x6f, 0xbc, 0x4e, 0xbc, 0x2d, 0xb4, 0xed, 0xab, 0xcd, 0xab,
    0xa8, 0x82, 0xa8, 0x7a, 0x27, 0x6a, 0x27, 0x62, 0x6c, 0x83, 0x17, 0xd6,
    0xfa, 0xee, 0xfb, 0xe6, 0x1b, 0xe7, 0x1b, 0xef, 0x1c, 0xef, 0x1c, 0xef,
    0x1c, 0xe7, 0x1c, 0xef, 0x3c, 0xef, 0x3c, 0xe7, 0x3c, 0xe7, 0x3c, 0xe7,
    0x3c, 0xe7, 0x3c, 0xe7, 0x3c, 0xe7, 0x3c, 0xe7, 0x5d, 0xef, 0x5c, 0xef,
    0x5d, 0xef, 0x3d, 0xef, 0x5c, 0xef, 0x5d, 0xef, 0x5d, 0xef, 0x3c, 0xef,
    0x5d, 0xef, 0x5d, 0xef, 0x5c, 0xef, 0x3d, 0xef, 0x5d, 0xef, 0x5c, 0xef,
    0x3c, 0xef, 0x5d, 0xef, 0x5c, 0xef, 0x3c, 0xef, 0x5d, 0xef, 0x5c, 0xef,
    0x3c, 0xef, 0x3d, 0xef, 0x5c, 0xef, 0x3c, 0xef, 0x5d, 0xef, 0x5d, 0xef,
    0x3c, 0xef, 0x5d, 0xef, 0x5d, 0xef, 0x3c, 0xef, 0x5d, 0xef, 0x5d, 0xef,
    0x1c, 0xe7, 0x1d, 0xe7, 0x3d, 0xe7, 0x3d, 0xe7, 0x1c, 0xe7, 0x3c, 0xe7,
    0x1d, 0xe7, 0x1d, 0xe7, 0x3c, 0xe7, 0x1d, 0xe7, 0x3d, 0xe7, 0x1c, 0xe7,
    0x1d, 0xe7, 0x3c, 0xe7, 0x1c, 0xe7, 0x1c, 0xe7, 0x1c, 0xe7, 0x3c, 0xe7,
    0x1c, 0xe7, 0x1c, 0xdf, 0x1d, 0xe7, 0x1c, 0xe7, 0x1c, 0xdf, 0x1d, 0xe7,
    0x1c, 0xe7, 0x1c, 0xe7, 0x1d, 0xe7, 0x1c, 0xe7, 0x1c, 0xe7, 0x1c, 0xdf,
    0x1d, 0xe7, 0x1d, 0xe7, 0xfc, 0xe6, 0xfd, 0xe6, 0x1c, 0xdf, 0x1c, 0xdf,
    0xfb, 0xde, 0xfb, 0xe6, 0xdb, 0xf6, 0xd2, 0xbc, 0x2b, 0x93, 0x47, 0x82,
    0x06, 0x8a, 0xc5, 0x89, 0x47, 0x92, 0x0a, 0xab, 0xc8, 0x92, 0xe9, 0x92,
    0x87, 0x82, 0xa8, 0x92, 0x09, 0x93, 0xa8, 0x82, 0x05, 0x6a, 0x25, 0x6a,
    0x67, 0x6a, 0x08, 0x83, 0x2a, 0x93, 0x8b, 0xa3, 0xcc, 0xb3, 0xed, 0xb3,
    0x0d, 0xb4, 0x2d, 0xbc, 0x2d, 0xbc, 0x4d, 0xbc, 0x4e, 0xc4, 0x8e, 0xc4,
    0xaf, 0xcc, 0xaf, 0xcc, 0xd0, 0xcc, 0x11, 0xd5, 0x10, 0xd5, 0xcf, 0xcc,
    0xf0, 0xcc, 0x11, 0xd5, 0x52, 0xdd, 0x52, 0xdd, 0x52, 0xdd, 0x32, 0xd5,
    0x52, 0xd5, 0x52, 0xdd, 0x52, 0xdd, 0x52, 0xdd, 0x12, 0xd5, 0xf1, 0xd4,
    0xf2, 0xd4, 0xf2, 0xd4, 0x12, 0xd5, 0xf2, 0xd4, 0xf1, 0xd4, 0xf1, 0xd4,
    0x11, 0xd5, 0x11, 0xd5, 0xf1, 0xd4, 0xf1, 0xd4, 0xf1, 0xd4, 0xf1, 0xd4,
    0xd1, 0xd4, 0xb0, 0xd4, 0x8f, 0xcc, 0x8f, 0xcc, 0x8f, 0xcc, 0x6f, 0xcc,
    0x8f, 0xcc, 0x8f, 0xcc, 0x90, 0xd4, 0x11, 0xdd, 0x33, 0xe5, 0x33, 0xe5,
    0x53, 0xe5, 0x53, 0xe5, 0x52, 0xe5, 0x53, 0xe5, 0x11, 0xdd, 0xf1, 0xdc,
    0x6f, 0xcc, 0x0d, 0xbc, 0x4e, 0xc4, 0x8f, 0xcc, 0x8f, 0xc4, 0x8f, 0xcc,
    0xb0, 0xcc, 0xd0, 0xd4, 0xf1, 0xd4, 0xd0, 0xd4, 0xd0, 0xd4, 0xd0, 0xcc,
    0xd0, 0xd4, 0xd0, 0xd4, 0xf0, 0xd4, 0xf0, 0xd4, 0xf1, 0xd4, 0x11, 0xd5,
    0x11, 0xd5, 0x11, 0xdd, 0x11, 0xd5, 0xf0, 0xd4, 0xd0, 0xd4, 0xd0, 0xcc,
    0xcf, 0xcc, 0xaf, 0xcc, 0x8f, 0xc4, 0x6f, 0xbc, 0x4e, 0xbc, 0x2d, 0xb4,
    0xed, 0xb3, 0xcc, 0xab, 0x88, 0x82, 0xa8, 0x82, 0x27, 0x72, 0x89, 0x72,
    0xee, 0x9b, 0x78, 0xe6, 0xfa, 0xee, 0xfb, 0xee, 0x1b, 0xe7, 0x1b, 0xef,
    0x1c, 0xef, 0x1b, 0xef, 0x1c, 0xe7, 0x1c, 0xef, 0x3c, 0xef, 0x3c, 0xe7,
    0x3c, 0xef, 0x3c, 0xef, 0x3c, 0xef, 0x3c, 0xef, 0x3c, 0xe7, 0x3c, 0xef,
    0x3d, 0xef, 0x5c, 0xef, 0x5d, 0xef, 0x3d, 0xef, 0x5c, 0xef, 0x5d, 0xef,
    0x3c, 0xef, 0x5c, 0xef, 0x5d, 0xef, 0x3c, 0xef, 0x5d, 0xe7, 0x5d, 0xef,
    0x5c, 0xef, 0x3d, 0xe7, 0x5d, 0xef, 0x5d, 0xef, 0x5c, 0xe7, 0x3d, 0xef,
    0x5d, 0xef, 0x5c, 0xef, 0x3d, 0xef, 0x5d, 0xef, 0x3c, 0xef, 0x5d, 0xef,
    0x5d, 0xef, 0x5c, 0xef, 0x5d, 0xef, 0x5c, 0xef, 0x5d, 0xe7, 0x5d, 0xef,
    0x3c, 0xef, 0x5d, 0xef, 0x1c, 0xe7, 0x1c, 0xe7, 0x1c, 0xe7, 0x1c, 0xe7,
    0x1d, 0xe7, 0x1c, 0xe7, 0x1c, 0xe7, 0x1c, 0xe7, 0x1c, 0xe7, 0x1c, 0xe7,
    0x1c, 0xe7, 0x1c, 0xe7, 0x1d, 0xe7, 0x1c, 0xe7, 0x3d, 0xe7, 0x1d, 0xe7,
    0x1c, 0xe7, 0x1c, 0xe7, 0x1d, 0xe7, 0x1c, 0xe7, 0x1c, 0xe7, 0x1c, 0xe7,
    0x1c, 0xdf, 0x1c, 0xe7, 0x1c, 0xdf, 0x1c, 0xdf, 0x1d, 0xe7, 0x1c, 0xe7,
    0x1c, 0xe7, 0x1d, 0xe7, 0x1c, 0xdf, 0x1c, 0xe7, 0xfc, 0xe6, 0x1c, 0xe7,
    0x1c, 0xdf, 0x3c, 0xdf, 0xdb, 0xde, 0xfb, 0xe6, 0xdb, 0xf6, 0xf3, 0xc4,
    0x2b, 0x9b, 0xa8, 0x92, 0x26, 0x8a, 0x06, 0x8a, 0x67, 0x9a, 0x4a, 0xb3,
    0x09, 0x9b, 0x29, 0x9b, 0xa7, 0x8a, 0x87, 0x8a, 0xe9, 0x92, 0xc9, 0x8a,
    0xe5, 0x69, 0x25, 0x6a, 0x86, 0x72, 0xe8, 0x82, 0x2a, 0x93, 0x8b, 0xa3,
    0xcc, 0xb3, 0xec, 0xb3, 0xec, 0xb3, 0x0d, 0xb4, 0x2d, 0xbc, 0x4d, 0xbc,
    0x4e, 0xbc, 0x6e, 0xc4, 0x8e, 0xc4, 0xaf, 0xcc, 0xf0, 0xcc, 0x11, 0xd5,
    0xf0, 0xd4, 0xcf, 0xcc, 0xf0, 0xcc, 0x11, 0xd5, 0x51, 0xdd, 0x52, 0xdd,
    0x32, 0xdd, 0x32, 0xdd, 0x32, 0xdd, 0x52, 0xdd, 0x53, 0xdd, 0x52, 0xdd,
    0x32, 0xdd, 0x12, 0xd5, 0x12, 0xd5, 0x11, 0xd5, 0x12, 0xd5, 0x12, 0xdd,
    0x12, 0xdd, 0x12, 0xdd, 0x32, 0xdd, 0x12, 0xdd, 0x12, 0xdd, 0x12, 0xdd,
    0x12, 0xdd, 0x11, 0xdd, 0xd1, 0xd4, 0xb0, 0xd4, 0xb0, 0xcc, 0x8f, 0xcc,
    0x6f, 0xc4, 0x6f, 0xc4, 0x8f, 0xcc, 0x8f, 0xcc, 0x90, 0xcc, 0x11, 0xdd,
    0x52, 0xe5, 0x33, 0xe5, 0x52, 0xe5, 0x53, 0xe5, 0x53, 0xe5, 0x52, 0xe5,
    0xf1, 0xdc, 0xf1, 0xdc, 0xd0, 0xd4, 0x6f, 0xcc, 0x2e, 0xc4, 0x6f, 0xc4,
    0x6f, 0xcc, 0x8f, 0xcc, 0xd0, 0xd4, 0xd0, 0xd4, 0xf1, 0xdc, 0xf1, 0xd4,
    0xf1, 0xd4, 0xf1, 0xd4, 0xf1, 0xdc, 0x11, 0xd5, 0x11, 0xd5, 0x11, 0xdd,
    0x11, 0xdd, 0x11, 0xdd, 0x31, 0xdd, 0x11, 0xd5, 0x10, 0xd5, 0xf0, 0xd4,
    0xf0, 0xd4, 0xd0, 0xcc, 0xaf, 0xcc, 0xaf, 0xcc, 0x8f, 0xc4, 0x6f, 0xbc,
    0x2e, 0xbc, 0x0d, 0xb4, 0xed, 0xb3, 0xac, 0xab, 0x88, 0x82, 0x88, 0x82,
    0x47, 0x72, 0xca, 0x7a, 0x71, 0xac, 0xb9, 0xee, 0xfa, 0xee, 0x1b, 0xef,
    0x1b, 0xef, 0x1b, 0xef, 0x1c, 0xef, 0x1c, 0xef, 0x1b, 0xe7, 0x1c, 0xef,
    0x3c, 0xef, 0x3c, 0xe7, 0x1c, 0xe7, 0x3c, 0xe7, 0x3c, 0xe7, 0x1c, 0xe7,
    0x3c, 0xef, 0x3c, 0xe7, 0x3c, 0xef, 0x3c, 0xef, 0x3c, 0xe7, 0x3c, 0xef,
    0x5c, 0xe7, 0x3c, 0xe7, 0x3c, 0xef, 0x5d, 0xe7, 0x5d, 0xef, 0x5c, 0xef,
    0x3d, 0xef, 0x5d, 0xef, 0x5c, 0xef, 0x5d, 0xef, 0x5d, 0xef, 0x5c, 0xef,
    0x5d, 0xef, 0x5d, 0xef, 0x5c, 0xef, 0x5d, 0xef, 0x3d, 0xef, 0x5c, 0xef,
    0x3d, 0xef, 0x3d, 0xef, 0x5c, 0xef, 0x5d, 0xef, 0x3d, 0xef, 0x5c, 0xef,
    0x5d, 0xef, 0x3d, 0xef, 0x5c, 0xef, 0x5d, 0xef, 0x1c, 0xe7, 0x1d, 0xe7,
    0x1c, 0xe7, 0x1c, 0xe7, 0x3d, 0xe7, 0x1c, 0xe7, 0x3c, 0xe7, 0x1d, 0xe7,
    0x3d, 0xe7, 0x1c, 0xe7, 0x1c, 0xe7, 0x3d, 0xe7, 0x1c, 0xe7, 0x1c, 0xe7,
    0x1c, 0xe7, 0x1d, 0xe7, 0x1c, 0xe7, 0x1c, 0xdf, 0x1d, 0xdf, 0x1c, 0xe7,
    0x1c, 0xe7, 0x1d, 0xdf, 0x1c, 0xe7, 0x1d, 0xe7, 0x1c, 0xe7, 0x1c, 0xe7,
    0x1c, 0xdf, 0x1c, 0xe7, 0x1c, 0xe7, 0x1c, 0xe7, 0x1c, 0xe7, 0x1c, 0xe7,
    0xfc, 0xe6, 0xfc, 0xe6, 0x1c, 0xdf, 0x3c, 0xdf, 0x5c, 0xef, 0x1c, 0xef,
    0xbb, 0xf6, 0x34, 0xcd, 0xee, 0xab, 0x2a, 0xa3, 0x47, 0x92, 0x47, 0x92,
    0x87, 0x9a, 0x8b, 0xb3, 0xec, 0xbb, 0x8a, 0xa3, 0x8b, 0xab, 0xe9, 0x9a,
    0x4a, 0xa3, 0xa8, 0x8a, 0x46, 0x72, 0x46, 0x6a, 0x66, 0x72, 0xc8, 0x82,
    0x4a, 0x9b, 0x8b, 0xa3, 0xcc, 0xb3, 0xed, 0xb3, 0xcc, 0xab, 0xed, 0xb3,
    0x0d, 0xb4, 0x2d, 0xbc, 0x4e, 0xbc, 0x6e, 0xc4, 0x8e, 0xc4, 0xaf, 0xcc,
    0xd0, 0xcc, 0xf0, 0xcc, 0xf0, 0xd4, 0x10, 0xd5, 0x11, 0xd5, 0x31, 0xd5,
    0x32, 0xdd, 0x31, 0xdd, 0x32, 0xdd, 0x32, 0xdd, 0x32, 0xdd, 0x32, 0xdd,
    0x52, 0xdd, 0x32, 0xdd, 0x32, 0xdd, 0x32, 0xdd, 0x12, 0xdd, 0x12, 0xdd,
    0x12, 0xdd, 0x12, 0xdd, 0x33, 0xdd, 0x33, 0xdd, 0x33, 0xdd, 0x33, 0xe5,
    0x32, 0xe5, 0x33, 0xdd, 0x33, 0xe5, 0xb0, 0xd4, 0xb0, 0xd4, 0x90, 0xcc,
    0x4e, 0xc4, 0x2e, 0xbc, 0x4f, 0xc4, 0x6f, 0xcc, 0x90, 0xcc, 0xb0, 0xd4,
    0xd1, 0xdc, 0x32, 0xe5, 0x73, 0xed, 0x73, 0xed, 0xb4, 0xf5, 0x94, 0xf5,
    0x53, 0xed, 0x32, 0xe5, 0x94, 0xf5, 0x52, 0xe5, 0xf1, 0xdc, 0x6f, 0xcc,
    0xcc, 0xb3, 0x4e, 0xc4, 0xb0, 0xd4, 0x8f, 0xcc, 0xd0, 0xd4, 0xf1, 0xdc,
    0xf1, 0xdc, 0x11, 0xdd, 0xf1, 0xdc, 0xf1, 0xdc, 0xf1, 0xdc, 0x11, 0xdd,
    0x11, 0xdd, 0x11, 0xdd, 0x11, 0xdd, 0x31, 0xdd, 0x32, 0xdd, 0x11, 0xdd,
    0xf1, 0xd4, 0xf1, 0xd4, 0xd0, 0xd4, 0xd0, 0xcc, 0xb0, 0xcc, 0x8f, 0xc4,
    0x8f, 0xc4, 0x6f, 0xbc, 0x2e, 0xb4, 0x2e, 0xb4, 0xed, 0xb3, 0xac, 0xab,
    0xa8, 0x82, 0xa9, 0x82, 0x68, 0x72, 0x0b, 0x83, 0x13, 0xbd, 0xba, 0xee,
    0xfa, 0xee, 0xfb, 0xee, 0x1b, 0xef, 0x1b, 0xe7, 0x1c, 0xef, 0x1c, 0xef,
    0x1c, 0xe7, 0x1c, 0xef, 0x3c, 0xef, 0x3c, 0xe7, 0x3c, 0xe7, 0x1c, 0xef,
    0x3c, 0xef, 0x3c, 0xef, 0x1c, 0xef, 0x3c, 0xe7, 0x3d, 0xef, 0x3d, 0xef,
    0x3c, 0xef, 0x3d, 0xef, 0x3d, 0xef, 0x3c, 0xef, 0x3d, 0xef, 0x3c, 0xef,
    0x3d, 0xef, 0x3d, 0xef, 0x3c, 0xef, 0x3d, 0xef, 0x3c, 0xef, 0x3d, 0xef,
    0x3c, 0xef, 0x3d, 0xef, 0x3d, 0xef, 0x3c, 0xef, 0x3d, 0xef, 0x3d, 0xef,
    0x5c, 0xef, 0x3d, 0xef, 0x5d, 0xef, 0x3c, 0xef, 0x5d, 0xef, 0x5d, 0xef,
    0x3c, 0xe7, 0x5d, 0xef, 0x5c, 0xef, 0x5d, 0xef, 0x5c, 0xe7, 0x5d, 0xef,
    0x1c, 0xe7, 0x1c, 0xe7, 0x1c, 0xe7, 0x1c, 0xe7, 0x1c, 0xe7, 0x1c, 0xe7,
    0x1c, 0xe7, 0x1c, 0xe7, 0x1c, 0xe7, 0x1c, 0xe7, 0x1d, 0xe7, 0x1c, 0xe7,
    0x1c, 0xe7, 0x1c, 0xe7, 0x1c, 0xe7, 0x1c, 0xe7, 0x1c, 0xe7, 0x1c, 0xe7,
    0x1c, 0xe7, 0x1c, 0xe7, 0x1d, 0xdf, 0x1c, 0xe7, 0x1c, 0xe7, 0x1c, 0xe7,
    0x1d, 0xe7, 0x1c, 0xe7, 0x1d, 0xe7, 0x1c, 0xdf, 0x1c, 0xdf, 0x1c, 0xe7,
    0x1c, 0xe7, 0x1c, 0xe7, 0xfc, 0xe6, 0x1c, 0xe7, 0x1c, 0xdf, 0x1c, 0xdf,
    0x1c, 0xe7, 0x3c, 0xef, 0xbb, 0xee, 0x75, 0xd5, 0x0f, 0xb4, 0x4b, 0xa3,
    0x88, 0x9a, 0x67, 0x9a, 0xa8, 0xa2, 0xac, 0xbb, 0x2c, 0xc4, 0xab, 0xab,
    0xec, 0xbb, 0x4a, 0xa3, 0x09, 0x9b, 0x87, 0x82, 0x87, 0x82, 0x46, 0x72,
    0x46, 0x72, 0x87, 0x7a, 0x2a, 0x9b, 0x8b, 0xa3, 0xcc, 0xb3, 0xed, 0xb3,
    0xcc, 0xab, 0xcc, 0xb3, 0xed, 0xb3, 0x0d, 0xb4, 0x4e, 0xbc, 0x6e, 0xc4,
    0x8e, 0xc4, 0x8f, 0xc4, 0xaf, 0xcc, 0xcf, 0xcc, 0xf0, 0xd4, 0x11, 0xd5,
    0x11, 0xd5, 0x31, 0xdd, 0x32, 0xdd, 0x32, 0xdd, 0x32, 0xdd, 0x32, 0xdd,
    0x32, 0xdd, 0x33, 0xdd, 0x52, 0xdd, 0x53, 0xdd, 0x53, 0xe5, 0x52, 0xdd,
    0x32, 0xdd, 0x33, 0xdd, 0x32, 0xdd, 0x32, 0xdd, 0x53, 0xe5, 0x53, 0xe5,
    0x53, 0xe5, 0x53, 0xe5, 0x53, 0xe5, 0x53, 0xe5, 0x12, 0xdd, 0x70, 0xcc,
    0x8f, 0xcc, 0x6f, 0xc4, 0x4f, 0xc4, 0x4e, 0xc4, 0x4f, 0xc4, 0x6f, 0xcc,
    0x90, 0xd4, 0xb0, 0xd4, 0x12, 0xdd, 0x74, 0xed, 0x94, 0xf5, 0xb5, 0xf5,
    0xf5, 0xfd, 0xd5, 0xfd, 0x94, 0xf5, 0x94, 0xf5, 0xb3, 0xf5, 0x73, 0xed,
    0x32, 0xe5, 0x11, 0xdd, 0x2e, 0xc4, 0xcc, 0xb3, 0x0d, 0xbc, 0x8f, 0xcc,
    0xf1, 0xdc, 0xf1, 0xdc, 0x11, 0xdd, 0x11, 0xdd, 0xf1, 0xdc, 0xf1, 0xdc,
    0x11, 0xdd, 0xf1, 0xdc, 0x11, 0xdd, 0x11, 0xd5, 0x11, 0xdd, 0x32, 0xdd,
    0x32, 0xdd, 0x11, 0xdd, 0x11, 0xd5, 0xf1, 0xd4, 0xd0, 0xd4, 0xd0, 0xcc,
    0x8f, 0xcc, 0x8f, 0xc4, 0x6f, 0xbc, 0x4e, 0xbc, 0x2e, 0xb4, 0x2e, 0xb4,
    0x0d, 0xb4, 0xad, 0xa3, 0xc9, 0x8a, 0xea, 0x8a, 0x89, 0x7a, 0x4c, 0x8b,
    0x74, 0xcd, 0xb9, 0xee, 0xfa, 0xee, 0xfb, 0xee, 0x1b, 0xe7, 0x1b, 0xef,
    0x1c, 0xef, 0x1c, 0xef, 0x1b, 0xef, 0x1c, 0xe7, 0x3c, 0xef, 0x3c, 0xe7,
    0x3c, 0xe7, 0x3d, 0xe7, 0x3c, 0xef, 0x3c, 0xef, 0x3d, 0xe7, 0x3c, 0xef,
    0x3c, 0xef, 0x3c, 0xef, 0x3c, 0xef, 0x3c, 0xef, 0x3c, 0xef, 0x3c, 0xef,
    0x3c, 0xef, 0x3c, 0xef, 0x3c, 0xef, 0x5c, 0xef, 0x5d, 0xef, 0x5d, 0xef,
    0x5d, 0xef, 0x3c, 0xef, 0x5d, 0xef, 0x5d, 0xef, 0x3c, 0xef, 0x5c, 0xef,
    0x5d, 0xef, 0x3d, 0xef, 0x5c, 0xef, 0x5d, 0xef, 0x3c, 0xef, 0x5d, 0xef,
    0x5c, 0xef, 0x5d, 0xef, 0x5d, 0xef, 0x3c, 0xef, 0x5d, 0xef, 0x3d, 0xef,
    0x5c, 0xef, 0x5d, 0xef, 0x1c, 0xe7, 0x1c, 0xdf, 0x1d, 0xe7, 0x1c, 0xe7,
    0x1d, 0xdf, 0x1d, 0xe7, 0x1c, 0xe7, 0x1c, 0xe7, 0x1c, 0xdf, 0x1d, 0xe7,
    0x1c, 0xe7, 0x1c, 0xe7, 0x1d, 0xdf, 0x1c, 0xe7, 0x1d, 0xdf, 0x1c, 0xe7,
    0x1d, 0xdf, 0x1c, 0xe7, 0x1c, 0xe7, 0x1d, 0xe7, 0x1c, 0xe7, 0x1c, 0xe7,
    0x1c, 0xdf, 0x1c, 0xe7, 0x1c, 0xdf, 0x1d, 0xe7, 0x1c, 0xe7, 0x1c, 0xe7,
    0x1c, 0xe7, 0x1c, 0xdf, 0x1c, 0xe7, 0x1c, 0xe7, 0x1c, 0xe7, 0x1c, 0xe7,
    0x1c, 0xdf, 0x1c, 0xdf, 0xdb, 0xde, 0x1b, 0xef, 0xdb, 0xf6, 0xb7, 0xdd,
    0x50, 0xbc, 0x8d, 0xab, 0xc9, 0xa2, 0xa9, 0xa2, 0xe9, 0xaa, 0xed, 0xc3,
    0x6e, 0xcc, 0xec, 0xb3, 0xec, 0xbb, 0x6b, 0xab, 0x26, 0x7a, 0xc4, 0x69,
    0x46, 0x7a, 0x25, 0x72, 0x66, 0x7a, 0xa7, 0x82, 0x2a, 0x9b, 0x8b, 0xa3,
    0xcc, 0xb3, 0xec, 0xb3, 0xcc, 0xab, 0xcc, 0xab, 0xec, 0xb3, 0xed, 0xb3,
    0x2d, 0xbc, 0x6e, 0xc4, 0x6e, 0xc4, 0x8f, 0xc4, 0xaf, 0xc4, 0xd0, 0xcc,
    0x10, 0xd5, 0x11, 0xd5, 0x11, 0xd5, 0x11, 0xdd, 0x31, 0xdd, 0x32, 0xd5,
    0x32, 0xdd, 0x32, 0xdd, 0x53, 0xe5, 0x53, 0xe5, 0x53, 0xe5, 0x73, 0xe5,
    0x53, 0xe5, 0x53, 0xe5, 0x53, 0xe5, 0x33, 0xe5, 0x33, 0xe5, 0x33, 0xe5,
    0x33, 0xe5, 0x32, 0xe5, 0x33, 0xe5, 0x33, 0xdd, 0x32, 0xe5, 0x33, 0xe5,
    0xb1, 0xcc, 0xee, 0xbb, 0x4f, 0xc4, 0x4f, 0xc4, 0x6f, 0xcc, 0x6f, 0xcc,
    0x6f, 0xcc, 0x6f, 0xcc, 0xb0, 0xd4, 0xd0, 0xd4, 0xf1, 0xd4, 0x33, 0xe5,
    0x73, 0xed, 0x74, 0xed, 0xb4, 0xf5, 0x94, 0xf5, 0x73, 0xed, 0x53, 0xed,
    0x53, 0xed, 0x52, 0xe5, 0x32, 0xe5, 0x32, 0xe5, 0xd0, 0xdc, 0x0d, 0xc4,
    0x0d, 0xbc, 0x6f, 0xcc, 0xd0, 0xdc, 0xf1, 0xdc, 0x11, 0xdd, 0xf1, 0xdc,
    0x11, 0xdd, 0xf1, 0xdc, 0x11, 0xdd, 0x11, 0xdd, 0x12, 0xdd, 0x11, 0xdd,
    0x12, 0xdd, 0x32, 0xdd, 0x32, 0xdd, 0x11, 0xdd, 0xf1, 0xdc, 0xf1, 0xd4,
    0xd0, 0xd4, 0xd0, 0xd4, 0x90, 0xcc, 0x8f, 0xc4, 0x6f, 0xbc, 0x4e, 0xbc,
    0x2e, 0xb4, 0x0d, 0xb4, 0x0d, 0xac, 0xcd, 0xab, 0x0a, 0x93, 0x4b, 0x93,
    0xc9, 0x82, 0xad, 0x93, 0xf6, 0xd5, 0xba, 0xee, 0xfa, 0xee, 0x1b, 0xef,
    0x1b, 0xef, 0x1b, 0xef, 0x1c, 0xef, 0x1c, 0xef, 0x1c, 0xe7, 0x1c, 0xef,
    0x3c, 0xef, 0x3c, 0xe7, 0x1c, 0xe7, 0x3c, 0xef, 0x1c, 0xef, 0x3c, 0xe7,
    0x3c, 0xe7, 0x3c, 0xef, 0x3c, 0xef, 0x3c, 0xe7, 0x3d, 0xe7, 0x3c, 0xef,
    0x3c, 0xe7, 0x3d, 0xef, 0x5d, 0xef, 0x3c, 0xef, 0x3c, 0xef, 0x3c, 0xe7,
    0x5d, 0xef, 0x3d, 0xef, 0x5c, 0xef, 0x3d, 0xef, 0x5d, 0xef, 0x5c, 0xef,
    0x3d, 0xef, 0x5d, 0xef, 0x3c, 0xef, 0x3d, 0xef, 0x5d, 0xef, 0x3c, 0xef,
    0x3d, 0xef, 0x3d, 0xef, 0x5c, 0xef, 0x5d, 0xef, 0x5d, 0xef, 0x5c, 0xef,
    0x5d, 0xe7, 0x3d, 0xef, 0x5c, 0xef, 0x5d, 0xef, 0x1c, 0xe7, 0x1c, 0xe7,
    0x1d, 0xdf, 0x1c, 0xe7, 0x1c, 0xe7, 0x1c, 0xdf, 0x1d, 0xe7, 0x1c, 0xe7,
    0x1c, 0xdf, 0x1d, 0xe7, 0x1c, 0xe7, 0x1c, 0xdf, 0x1c, 0xe7, 0x1c, 0xe7,
    0x1c, 0xe7, 0x1d, 0xe7, 0x1c, 0xdf, 0x1c, 0xe7, 0x1d, 0xdf, 0x1c, 0xdf,
    0x1c, 0xe7, 0x1d, 0xe7, 0x1d, 0xe7, 0x1c, 0xe7, 0x1c, 0xdf, 0x1c, 0xdf,
    0x1c, 0xe7, 0x1c, 0xdf, 0x1c, 0xe7, 0x1c, 0xe7, 0x1c, 0xdf, 0x1c, 0xdf,
    0xfc, 0xe6, 0xfc, 0xde, 0x1b, 0xdf, 0x1b, 0xdf, 0xba, 0xd6, 0xfb, 0xe6,
    0xdb, 0xf6, 0xd7, 0xe5, 0x91, 0xbc, 0xce, 0xb3, 0xea, 0xaa, 0xea, 0xaa,
    0x2a, 0xb3, 0x2d, 0xcc, 0x8f, 0xcc, 0x2d, 0xbc, 0x8b, 0xab, 0x09, 0x9b,
    0x22, 0x61, 0xc0, 0x50, 0xa3, 0x61, 0xe4, 0x69, 0x87, 0x82, 0x6a, 0x9b,
    0x2a, 0x9b, 0x8b, 0xa3, 0xcc, 0xab, 0xec, 0xb3, 0xcc, 0xab, 0xcc, 0xb3,
    0xcc, 0xb3, 0x0d, 0xb4, 0x2d, 0xbc, 0x4e, 0xbc, 0x6e, 0xc4, 0x8f, 0xc4,
    0xaf, 0xc4, 0xd0, 0xcc, 0xf0, 0xd4, 0x11, 0xd5, 0x11, 0xd5, 0x11, 0xd5,
    0x11, 0xdd, 0x32, 0xdd, 0x32, 0xdd, 0x53, 0xdd, 0x73, 0xe5, 0x73, 0xe5,
    0x73, 0xe5, 0x73, 0xe5, 0x73, 0xed, 0x73, 0xe5, 0x53, 0xe5, 0x53, 0xe5,
    0x33, 0xe5, 0x33, 0xe5, 0x53, 0xe5, 0x33, 0xe5, 0x32, 0xdd, 0x12, 0xdd,
    0xb1, 0xd4, 0x70, 0xcc, 0x0e, 0xbc, 0x0e, 0xbc, 0x0e, 0xbc, 0x4e, 0xc4,
    0x70, 0xcc, 0x90, 0xcc, 0x6f, 0xcc, 0x6f, 0xc4, 0xb0, 0xcc, 0xb0, 0xd4,
    0x6f, 0xcc, 0xd1, 0xd4, 0xf2, 0xdc, 0x11, 0xdd, 0x52, 0xe5, 0x12, 0xe5,
    0xf1, 0xdc, 0xd1, 0xdc, 0xd0, 0xd4, 0xd0, 0xd4, 0xf1, 0xdc, 0xf1, 0xdc,
    0x73, 0xed, 0x31, 0xe5, 0xd0, 0xd4, 0x4e, 0xcc, 0xd0, 0xdc, 0xf1, 0xdc,
    0xf1, 0xdc, 0xf1, 0xdc, 0x11, 0xdd, 0xf1, 0xdc, 0x11, 0xdd, 0x11, 0xdd,
    0xf2, 0xdc, 0x11, 0xdd, 0x11, 0xdd, 0x12, 0xdd, 0x12, 0xdd, 0x11, 0xdd,
    0xf1, 0xdc, 0xf1, 0xd4, 0xd1, 0xd4, 0xb0, 0xd4, 0x8f, 0xcc, 0x8f, 0xc4,
    0x6f, 0xbc, 0x4e, 0xbc, 0x2e, 0xb4, 0x0d, 0xac, 0xed, 0xab, 0xed, 0xab,
    0x4a, 0x93, 0xad, 0x9b, 0xea, 0x82, 0x0f, 0xa4, 0x37, 0xde, 0xda, 0xee,
    0xda, 0xe6, 0xfa, 0xe6, 0xfb, 0xe6, 0xfb, 0xe6, 0x1b, 0xe7, 0x1b, 0xe7,
    0x1c, 0xef, 0x1c, 0xef, 0x1c, 0xe7, 0x3c, 0xe7, 0x1c, 0xe7, 0x1c, 0xe7,
    0x1c, 0xe7, 0x1c, 0xe7, 0x1c, 0xe7, 0x1c, 0xe7, 0x3d, 0xef, 0x3c, 0xef,
    0x3c, 0xef, 0x3c, 0xef, 0x3c, 0xef, 0x3c, 0xe7, 0x3d, 0xef, 0x5d, 0xef,
    0x3c, 0xef, 0x3d, 0xef, 0x3c, 0xef, 0x3c, 0xef, 0x3c, 0xef, 0x3c, 0xef,
    0x3c, 0xef, 0x3c, 0xef, 0x3c, 0xe7, 0x3c, 0xef, 0x3c, 0xef, 0x3c, 0xef,
    0x3c, 0xef, 0x3c, 0xef, 0x3c, 0xef, 0x3c, 0xef, 0x5d, 0xe7, 0x5c, 0xef,
    0x3d, 0xef, 0x5c, 0xef, 0x5d, 0xef, 0x5c, 0xef, 0x3d, 0xef, 0x5d, 0xef,
    0x1c, 0xe7, 0x1c, 0xe7, 0x1c, 0xe7, 0x1c, 0xe7, 0x1c, 0xe7, 0x1c, 0xe7,
    0x1c, 0xe7, 0x1d, 0xe7, 0x1c, 0xe7, 0x1c, 0xe7, 0x1c, 0xe7, 0x1d, 0xe7,
    0x1c, 0xe7, 0x1c, 0xdf, 0x1c, 0xe7, 0x1c, 0xe7, 0x1c, 0xe7, 0x1c, 0xe7,
    0x1c, 0xe7, 0x1c, 0xe7, 0x1c, 0xe7, 0x1c, 0xdf, 0x1c, 0xe7, 0x1c, 0xe7,
    0x1c, 0xe7, 0x1c, 0xe7, 0x1c, 0xdf, 0x1c, 0xe7, 0x1c, 0xdf, 0xfc, 0xde,
    0xfc, 0xe6, 0xfb, 0xde, 0xfb, 0xde, 0xfc, 0xde, 0x1b, 0xdf, 0x1b, 0xdf,
    0xdb, 0xd6, 0xdb, 0xe6, 0x9b, 0xee, 0x7a, 0xf6, 0x30, 0xb4, 0x0f, 0xc4,
    0x8d, 0xbb, 0x2b, 0xb3, 0x8c, 0xbb, 0x2e, 0xcc, 0xab, 0xb3, 0xaa, 0xab,
    0x4a, 0xa3, 0xe5, 0x79, 0xc4, 0x71, 0x01, 0x59, 0x83, 0x61, 0x09, 0x93,
    0x87, 0x82, 0xc8, 0x8a, 0x4a, 0x9b, 0x6a, 0xa3, 0xac, 0xab, 0xec, 0xb3,
    0xcc, 0xab, 0xcc, 0xab, 0xec, 0xb3, 0x0d, 0xb4, 0x2d, 0xbc, 0x4e, 0xbc,
    0x6e, 0xc4, 0x6f, 0xc4, 0x8f, 0xcc, 0xaf, 0xcc, 0xd0, 0xcc, 0xf1, 0xd4,
    0x11, 0xd5, 0x11, 0xd5, 0x12, 0xdd, 0x11, 0xdd, 0x32, 0xdd, 0x33, 0xe5,
    0x53, 0xe5, 0x53, 0xe5, 0x53, 0xe5, 0x54, 0xe5, 0x74, 0xed, 0x53, 0xe5,
    0x73, 0xe5, 0x53, 0xe5, 0x53, 0xe5, 0x53, 0xe5, 0x33, 0xe5, 0x12, 0xe5,
    0xf2, 0xdc, 0xb1, 0xd4, 0x2f, 0xc4, 0xed, 0xbb, 0xcd, 0xbb, 0x4f, 0xc4,
    0x4f, 0xc4, 0x4f, 0xc4, 0x0e, 0xbc, 0xed, 0xb3, 0xcd, 0xb3, 0xcd, 0xb3,
    0xed, 0xbb, 0xed, 0xb3, 0xee, 0xbb, 0x2e, 0xc4, 0x4f, 0xc4, 0x4f, 0xcc,
    0xf1, 0xdc, 0xd1, 0xd4, 0x90, 0xcc, 0x6f, 0xcc, 0x4f, 0xcc, 0x2e, 0xcc,
    0x0e, 0xc4, 0x0e, 0xc4, 0xd1, 0xdc, 0xf1, 0xdc, 0xd1, 0xdc, 0x6f, 0xcc,
    0x4f, 0xcc, 0x8f, 0xd4, 0xd0, 0xdc, 0xd1, 0xdc, 0xf1, 0xdc, 0xf2, 0xdc,
    0xf1, 0xdc, 0xf1, 0xdc, 0xf2, 0xdc, 0xf1, 0xdc, 0x11, 0xdd, 0xf1, 0xdc,
    0x12, 0xdd, 0xf1, 0xdc, 0xf1, 0xdc, 0xd1, 0xdc, 0xd1, 0xd4, 0xb1, 0xd4,
    0x90, 0xcc, 0x8f, 0xc4, 0x6f, 0xbc, 0x6f, 0xbc, 0x2e, 0xb4, 0x0d, 0xac,
    0xed, 0xab, 0xed, 0xa3, 0x6b, 0x93, 0xed, 0xa3, 0x6c, 0x8b, 0x50, 0xa4,
    0x57, 0xde, 0xb9, 0xee, 0xfa, 0xe6, 0xfa, 0xe6, 0xfb, 0xe6, 0xfb, 0xe6,
    0xfb, 0xee, 0xfb, 0xe6, 0x1b, 0xe7, 0x1b, 0xe7, 0x1c, 0xe7, 0x1c, 0xe7,
    0x3c, 0xef, 0x3c, 0xe7, 0x1c, 0xef, 0x1c, 0xef, 0x1c, 0xe7, 0x1c, 0xe7,
    0x3c, 0xef, 0x3d, 0xef, 0x3c, 0xef, 0x3d, 0xef, 0x3c, 0xef, 0x3c, 0xef,
    0x3c, 0xef, 0x3c, 0xef, 0x3c, 0xe7, 0x3c, 0xef, 0x3d, 0xef, 0x3c, 0xef,
    0x3c, 0xe7, 0x3d, 0xef, 0x3c, 0xef, 0x3d, 0xef, 0x3d, 0xef, 0x3c, 0xef,
    0x5d, 0xef, 0x3c, 0xe7, 0x3d, 0xef, 0x5d, 0xef, 0x3c, 0xef, 0x3c, 0xef,
    0x5d, 0xef, 0x5d, 0xef, 0x3c, 0xef, 0x5d, 0xe7, 0x5d, 0xef, 0x5c, 0xef,
    0x5d, 0xef, 0x3c, 0xef, 0x1c, 0xe7, 0x1d, 0xdf, 0x1c, 0xe7, 0x1d, 0xdf,
    0x1c, 0xe7, 0x1c, 0xdf, 0x1c, 0xdf, 0x1c, 0xe7, 0x1d, 0xdf, 0x1c, 0xe7,
    0x1c, 0xdf, 0x1c, 0xe7, 0x1d, 0xe7, 0x1c, 0xdf, 0x1d, 0xe7, 0x1c, 0xe7,
    0x1d, 0xdf, 0x1c, 0xe7, 0x1c, 0xe7, 0x1d, 0xe7, 0x1c, 0xdf, 0x1c, 0xe7,
    0x1c, 0xe7, 0x1c, 0xdf, 0x1c, 0xdf, 0xfc, 0xe6, 0xfc, 0xde, 0xfc, 0xe6,
    0x1c, 0xe7, 0xfb, 0xde, 0xfb, 0xde, 0xfc, 0xde, 0xfb, 0xe6, 0xfb, 0xde,
    0xfb, 0xde, 0xfb, 0xde, 0xdb, 0xde, 0xbb, 0xde, 0x9a, 0xee, 0x7a, 0xf6,
    0xb2, 0xc4, 0x30, 0xc4, 0x8d, 0xbb, 0x4c, 0xb3, 0x8d, 0xbb, 0x2e, 0xcc,
    0xab, 0xb3, 0xaa, 0xab, 0x29, 0xa3, 0x25, 0x82, 0xa4, 0x71, 0x63, 0x69,
    0x26, 0x7a, 0x8b, 0xa3, 0xa7, 0x82, 0x09, 0x93, 0x29, 0x93, 0x4a, 0x9b,
    0x8b, 0xa3, 0xac, 0xab, 0xcc, 0xb3, 0xcc, 0xab, 0xed, 0xb3, 0xed, 0xb3,
    0x2e, 0xbc, 0x4e, 0xbc, 0x4e, 0xc4, 0x6f, 0xc4, 0x8f, 0xc4, 0x8f, 0xc4,
    0xaf, 0xcc, 0xd0, 0xcc, 0xf1, 0xd4, 0xf1, 0xd4, 0xf1, 0xd4, 0x11, 0xdd,
    0x32, 0xdd, 0x32, 0xdd, 0x53, 0xe5, 0x53, 0xe5, 0x53, 0xe5, 0x53, 0xe5,
    0x53, 0xe5, 0x53, 0xe5, 0x54, 0xed, 0x53, 0xed, 0x53, 0xe5, 0x53, 0xe5,
    0x12, 0xe5, 0xf2, 0xdc, 0xb1, 0xd4, 0x2f, 0xcc, 0xed, 0xbb, 0x8d, 0xb3,
    0xcd, 0xbb, 0x2f, 0xc4, 0x70, 0xcc, 0x4f, 0xc4, 0x0d, 0xbc, 0xcd, 0xb3,
    0xad, 0xb3, 0x8c, 0xab, 0x8c, 0xab, 0x8c, 0xab, 0x8c, 0xab, 0xad, 0xb3,
    0xee, 0xbb, 0x0e, 0xc4, 0x70, 0xd4, 0x6f, 0xcc, 0x2e, 0xc4, 0x0e, 0xc4,
    0xee, 0xc3, 0xcd, 0xbb, 0xac, 0xb3, 0xac, 0xb3, 0x0d, 0xc4, 0x2e, 0xc4,
    0x2e, 0xc4, 0x2e, 0xcc, 0x4e, 0xcc, 0x4f, 0xcc, 0x90, 0xd4, 0xd0, 0xdc,
    0xd1, 0xdc, 0xf1, 0xdc, 0xf2, 0xdc, 0xf1, 0xe4, 0xf1, 0xdc, 0x12, 0xdd,
    0x11, 0xdd, 0xf1, 0xdc, 0xf2, 0xdc, 0xf1, 0xd4, 0xf1, 0xdc, 0xf1, 0xd4,
    0xd1, 0xd4, 0xb1, 0xd4, 0x90, 0xcc, 0x6f, 0xc4, 0x6f, 0xbc, 0x6f, 0xbc,
    0x4e, 0xb4, 0x2d, 0xac, 0x0d, 0xa4, 0xed, 0xa3, 0x6b, 0x93, 0x0d, 0x9c,
    0xcd, 0x93, 0xb1, 0xac, 0x58, 0xde, 0xb9, 0xe6, 0xfa, 0xe6, 0xdb, 0xe6,
    0xfb, 0xe6, 0xfb, 0xe6, 0xfb, 0xe6, 0xfb, 0xe6, 0x1c, 0xef, 0x1c, 0xe7,
    0x1c, 0xe7, 0x1c, 0xe7, 0x1c, 0xe7, 0x1c, 0xe7, 0x1c, 0xe7, 0x1c, 0xe7,
    0x1c, 0xe7, 0x1c, 0xe7, 0x3c, 0xef, 0x3c, 0xef, 0x3c, 0xe7, 0x3c, 0xe7,
    0x3d, 0xef, 0x3c, 0xef, 0x3c, 0xef, 0x3c, 0xef, 0x3c, 0xe7, 0x3c, 0xef,
    0x3c, 0xef, 0x3c, 0xe7, 0x3d, 0xef, 0x3c, 0xe7, 0x3c, 0xef, 0x3c, 0xe7,
    0x3c, 0xef, 0x3c, 0xef, 0x3c, 0xe7, 0x3c, 0xef, 0x3c, 0xe7, 0x3c, 0xe7,
    0x5d, 0xef, 0x3c, 0xef, 0x5c, 0xe7, 0x3c, 0xe7, 0x5d, 0xef, 0x5d, 0xef,
    0x3c, 0xef, 0x5d, 0xef, 0x5d, 0xe7, 0x5c, 0xef, 0x1c, 0xe7, 0x1c, 0xe7,
    0x1c, 0xdf, 0x1c, 0xe7, 0x1d, 0xe7, 0x1d, 0xe7, 0x1c, 0xe7, 0x1c, 0xe7,
    0x1c, 0xe7, 0x1d, 0xdf, 0x1c, 0xe7, 0x1c, 0xe7, 0x1c, 0xe7, 0x1c, 0xe7,
    0x1c, 0xe7, 0x1d, 0xdf, 0x1c, 0xe7, 0x1c, 0xe7, 0x1d, 0xdf, 0x1c, 0xe7,
    0x1c, 0xdf, 0x1c, 0xe7, 0x1c, 0xe7, 0x1c, 0xdf, 0x1c, 0xe7, 0xfc, 0xde,
    0x1c, 0xdf, 0xfc, 0xe6, 0x1c, 0xe7, 0x1c, 0xdf, 0xfb, 0xde, 0xfc, 0xe6,
    0xfb, 0xde, 0xfb, 0xde, 0xfb, 0xde, 0xdb, 0xd6, 0xfb, 0xde, 0xba, 0xe6,
    0x9a, 0xee, 0x7a, 0xf6, 0x55, 0xdd, 0x50, 0xc4, 0x4d, 0xb3, 0x6d, 0xbb,
    0x8c, 0xc3, 0x4e, 0xcc, 0xab, 0xb3, 0x8b, 0xab, 0x09, 0x9b, 0x87, 0x92,
    0xc4, 0x79, 0x05, 0x7a, 0xa7, 0x8a, 0xac, 0xab, 0xe8, 0x8a, 0x4a, 0x9b,
    0xe9, 0x92, 0x4a, 0x9b, 0x6a, 0xa3, 0xac, 0xab, 0xcc, 0xab, 0xcc, 0xab,
    0xec, 0xb3, 0x0d, 0xb4, 0x2e, 0xbc, 0x4e, 0xbc, 0x6e, 0xc4, 0x6f, 0xc4,
    0x6f, 0xc4, 0x6f, 0xc4, 0x8f, 0xc4, 0xb0, 0xcc, 0xd1, 0xd4, 0xf1, 0xd4,
    0xf1, 0xd4, 0xf1, 0xd4, 0x12, 0xdd, 0x12, 0xdd, 0x32, 0xe5, 0x32, 0xe5,
    0x33, 0xe5, 0x53, 0xe5, 0x53, 0xe5, 0x53, 0xe5, 0x33, 0xe5, 0x33, 0xe5,
    0x33, 0xe5, 0x33, 0xe5, 0xf2, 0xdc, 0xb1, 0xd4, 0x4f, 0xcc, 0xcd, 0xbb,
    0x8c, 0xb3, 0x4b, 0xab, 0x6c, 0xab, 0xee, 0xbb, 0x0e, 0xc4, 0xcd, 0xb3,
    0x4b, 0xa3, 0xe9, 0x9a, 0x0a, 0x9b, 0xc9, 0x92, 0x2a, 0xa3, 0x0e, 0xbc,
    0x8c, 0xab, 0x8c, 0xab, 0x8c, 0xab, 0xcd, 0xb3, 0xcd, 0xbb, 0xcc, 0xb3,
    0x8c, 0xab, 0x8b, 0xab, 0x4b, 0xab, 0x2a, 0xab, 0x0a, 0xa3, 0x0a, 0xa3,
    0x2a, 0xab, 0x6b, 0xb3, 0xac, 0xb3, 0xed, 0xbb, 0x0e, 0xc4, 0x2e, 0xc4,
    0x4e, 0xcc, 0x90, 0xd4, 0xd1, 0xd4, 0xf1, 0xdc, 0xf1, 0xdc, 0xf2, 0xdc,
    0x11, 0xdd, 0xf1, 0xdc, 0xf2, 0xdc, 0xf1, 0xdc, 0xf1, 0xdc, 0xf1, 0xd4,
    0xd1, 0xd4, 0xd1, 0xdc, 0xd1, 0xd4, 0xb0, 0xd4, 0x70, 0xcc, 0x6f, 0xc4,
    0x6f, 0xbc, 0x6f, 0xbc, 0x4e, 0xb4, 0x2e, 0xac, 0x0d, 0xac, 0xed, 0xa3,
    0x8b, 0x8b, 0x0d, 0x9c, 0x2f, 0x9c, 0xf2, 0xac, 0x78, 0xde, 0xb9, 0xde,
    0xfa, 0xe6, 0xfa, 0xe6, 0xfb, 0xe6, 0xfb, 0xe6, 0xfb, 0xe6, 0xfb, 0xee,
    0xfb, 0xe6, 0xfb, 0xe6, 0x1c, 0xe7, 0x1c, 0xe7, 0x1c, 0xe7, 0x1c, 0xe7,
    0x1c, 0xe7, 0x1c, 0xef, 0x1c, 0xe7, 0x1c, 0xe7, 0x3c, 0xef, 0x3c, 0xef,
    0x3c, 0xef, 0x3c, 0xef, 0x1c, 0xef, 0x1c, 0xe7, 0x1c, 0xef, 0x3d, 0xef,
    0x3d, 0xef, 0x3c, 0xe7, 0x3c, 0xef, 0x3d, 0xef, 0x3c, 0xef, 0x3c, 0xef,
    0x3c, 0xef, 0x3c, 0xef, 0x3c, 0xe7, 0x3d, 0xef, 0x3c, 0xef, 0x3c, 0xef,
    0x3c, 0xef, 0x3c, 0xef, 0x3c, 0xef, 0x3d, 0xef, 0x3c, 0xe7, 0x5c, 0xef,
    0x3c, 0xef, 0x3c, 0xe7, 0x3c, 0xe7, 0x3c, 0xef, 0x3c, 0xe7, 0x3d, 0xef,
    0x1c, 0xe7, 0x1c, 0xe7, 0x1d, 0xe7, 0x1c, 0xe7, 0x1c, 0xe7, 0x1c, 0xe7,
    0x1c, 0xdf, 0x1d, 0xe7, 0x1c, 0xe7, 0x1c, 0xe7, 0x1d, 0xe7, 0x1c, 0xdf,
    0x1c, 0xe7, 0x1d, 0xe7, 0x1c, 0xdf, 0x1c, 0xe7, 0x1c, 0xe7, 0x1c, 0xe7,
    0x1c, 0xe7, 0x1c, 0xe7, 0x1c, 0xdf, 0x1c, 0xe7, 0x1c, 0xdf, 0x1c, 0xe7,
    0x1c, 0xe7, 0xfc, 0xde, 0x1c, 0xe7, 0x1c, 0xdf, 0xfb, 0xde, 0x1c, 0xe7,
    0xfc, 0xde, 0xfb, 0xde, 0xfb, 0xde, 0xfb, 0xde, 0xfb, 0xde, 0xdb, 0xd6,
    0xdb, 0xde, 0xdb, 0xde, 0xba, 0xe6, 0x9a, 0xee, 0xd7, 0xe5, 0x71, 0xc4,
    0x6c, 0xab, 0x8d, 0xbb, 0xad, 0xc3, 0x2e, 0xcc, 0xac, 0xb3, 0x6b, 0xab,
    0xe8, 0x9a, 0xa8, 0x92, 0xc5, 0x79, 0x67, 0x82, 0xc8, 0x92, 0xed, 0xb3,
    0x29, 0x9b, 0x6a, 0x9b, 0x09, 0x93, 0x29, 0x9b, 0x4a, 0x9b, 0x8b, 0xab,
    0xcc, 0xab, 0xcc, 0xab, 0xec, 0xb3, 0xed, 0xb3, 0x2d, 0xbc, 0x4e, 0xbc,
    0x6e, 0xc4, 0x6f, 0xc4, 0x8f, 0xc4, 0x8f, 0xc4, 0x8f, 0xc4, 0xaf, 0xcc,
    0xd0, 0xd4, 0xd0, 0xd4, 0xf1, 0xd4, 0xf1, 0xd4, 0xf1, 0xdc, 0xf2, 0xdc,
    0x12, 0xdd, 0x12, 0xdd, 0x33, 0xdd, 0x33, 0xe5, 0x53, 0xe5, 0x33, 0xe5,
    0x12, 0xdd, 0x12, 0xdd, 0x12, 0xdd, 0x12, 0xdd, 0xb1, 0xd4, 0x2f, 0xcc,
    0xee, 0xbb, 0xad, 0xb3, 0x4b, 0xab, 0x0b, 0xa3, 0x2b, 0xab, 0xad, 0xb3,
    0x8c, 0xab, 0x0a, 0x9b, 0x88, 0x8a, 0x06, 0x7a, 0xc1, 0x50, 0xa0, 0x48,
    0xc5, 0x71, 0x4b, 0xa3, 0x6b, 0xab, 0x8b, 0xab, 0x8c, 0xb3, 0x8c, 0xab,
    0x8c, 0xab, 0x6b, 0xab, 0x4a, 0xa3, 0x2a, 0xa3, 0x0a, 0x9b, 0xe9, 0x9a,
    0xc9, 0x9a, 0xa8, 0x92, 0xa8, 0x92, 0xe9, 0x9a, 0x2a, 0xab, 0x8b, 0xb3,
    0xcc, 0xb3, 0x0e, 0xc4, 0x4e, 0xc4, 0x4e, 0xcc, 0x90, 0xd4, 0xb0, 0xd4,
    0xf1, 0xdc, 0xf1, 0xdc, 0xf1, 0xdc, 0xf1, 0xdc, 0xf1, 0xdc, 0xf1, 0xdc,
    0xf2, 0xd4, 0xd1, 0xd4, 0xd1, 0xdc, 0xd1, 0xdc, 0xd1, 0xd4, 0xb0, 0xd4,
    0x70, 0xcc, 0x6f, 0xc4, 0x6f, 0xbc, 0x6e, 0xbc, 0x4e, 0xb4, 0x2e, 0xac,
    0x2d, 0xac, 0x0d, 0xa4, 0xac, 0x93, 0xed, 0x93, 0x4f, 0x9c, 0x33, 0xbd,
    0x98, 0xde, 0xb9, 0xde, 0xdb, 0xe6, 0xfa, 0xe6, 0xfb, 0xe6, 0xdb, 0xe6,
    0xfb, 0xee, 0xfb, 0xe6, 0x1b, 0xe7, 0xfb, 0xee, 0x1c, 0xe7, 0x1c, 0xe7,
    0x1c, 0xe7, 0x1c, 0xe7, 0x1c, 0xef, 0x1c, 0xe7, 0x1c, 0xe7, 0x1c, 0xe7,
    0x3c, 0xef, 0x3c, 0xe7, 0x3d, 0xef, 0x3d, 0xef, 0x3c, 0xef, 0x3c, 0xe7,
    0x1c, 0xef, 0x1c, 0xef, 0x3c, 0xe7, 0x3c, 0xef, 0x3d, 0xef, 0x3c, 0xef,
    0x3c, 0xe7, 0x3d, 0xef, 0x3c, 0xef, 0x3d, 0xef, 0x3c, 0xef, 0x3c, 0xe7,
    0x3d, 0xef, 0x3d, 0xef, 0x3c, 0xef, 0x3c, 0xef, 0x3d, 0xe7, 0x3c, 0xef,
    0x5d, 0xef, 0x3d, 0xe7, 0x5c, 0xef, 0x5d, 0xef, 0x5d, 0xe7, 0x5c, 0xef,
    0x3c, 0xef, 0x5c, 0xe7, 0x1c, 0xe7, 0x1c, 0xdf, 0x1d, 0xe7, 0x1c, 0xdf,
    0x1c, 0xe7, 0x1c, 0xe7, 0x1c, 0xdf, 0x1d, 0xe7, 0x1c, 0xdf, 0x1c, 0xdf,
    0x1c, 0xe7, 0x1c, 0xdf, 0x1c, 0xdf, 0x1c, 0xe7, 0x1c, 0xdf, 0x1c, 0xe7,
    0x1c, 0xdf, 0x1c, 0xdf, 0x1c, 0xe7, 0x1c, 0xdf, 0x1c, 0xe7, 0x1c, 0xe7,
    0xfc, 0xde, 0xfc, 0xde, 0xfc, 0xe6, 0xfc, 0xe6, 0x1c, 0xdf, 0xfc, 0xe6,
    0xfb, 0xde, 0xfb, 0xde, 0xfb, 0xde, 0xfb, 0xde, 0xdb, 0xde, 0xdb, 0xde,
    0xfb, 0xde, 0xdb, 0xd6, 0xda, 0xde, 0xda, 0xde, 0xda, 0xde, 0xba, 0xe6,
    0x59, 0xee, 0xb2, 0xc4, 0x50, 0xbc, 0x8d, 0xb3, 0xcd, 0xc3, 0x0e, 0xcc,
    0xcd, 0xc3, 0x4b, 0xb3, 0xc8, 0xa2, 0xa8, 0x92, 0x67, 0x8a, 0x26, 0x82,
    0x4a, 0xa3, 0x6f, 0xc4, 0x6b, 0xa3, 0xe8, 0x8a, 0xe9, 0x92, 0x09, 0x93,
    0x4a, 0x9b, 0x6b, 0xa3, 0xac, 0xab, 0xcc, 0xb3, 0xcc, 0xb3, 0xed, 0xb3,
    0x2e, 0xbc, 0x4e, 0xbc, 0x6e, 0xc4, 0x6f, 0xc4, 0x6f, 0xc4, 0x6f, 0xcc,
    0x8f, 0xcc, 0xb0, 0xcc, 0xb0, 0xcc, 0xb0, 0xcc, 0xd0, 0xd4, 0xd1, 0xd4,
    0xd1, 0xd4, 0xf1, 0xd4, 0xf1, 0xdc, 0xf1, 0xdc, 0xf1, 0xdc, 0x12, 0xdd,
    0x33, 0xe5, 0x53, 0xe5, 0x12, 0xdd, 0xf1, 0xdc, 0xf1, 0xdc, 0xb1, 0xd4,
    0x0e, 0xc4, 0xcd, 0xbb, 0x6c, 0xab, 0x2a, 0xa3, 0x0a, 0xa3, 0x0a, 0xa3,
    0xea, 0x9a, 0xe9, 0x9a, 0x4b, 0xa3, 0x09, 0x9b, 0xe5, 0x71, 0xa0, 0x48,
    0x20, 0x40, 0x00, 0x38, 0x20, 0x38, 0xa0, 0x48, 0xa8, 0x8a, 0xa9, 0x92,
    0xe9, 0x9a, 0x0a, 0x9b, 0xe9, 0x9a, 0xc9, 0x92, 0xc9, 0x92, 0xc9, 0x92,
    0xc9, 0x9a, 0xa4, 0x71, 0xa0, 0x50, 0x20, 0x40, 0x63, 0x69, 0x26, 0x82,
    0xa9, 0x92, 0xc9, 0x9a, 0x6b, 0xab, 0x0e, 0xc4, 0x2e, 0xc4, 0x0e, 0xc4,
    0x6f, 0xcc, 0xb0, 0xd4, 0xf1, 0xdc, 0xf1, 0xdc, 0xf2, 0xdc, 0xf2, 0xdc,
    0xf1, 0xdc, 0xd1, 0xd4, 0xd1, 0xd4, 0xd1, 0xd4, 0xd1, 0xd4, 0xd1, 0xd4,
    0xb1, 0xd4, 0x90, 0xcc, 0x6f, 0xc4, 0x6f, 0xc4, 0x6f, 0xbc, 0x4e, 0xb4,
    0x4e, 0xb4, 0x4e, 0xb4, 0x2e, 0xac, 0x2d, 0xa4, 0xcc, 0x9b, 0xcc, 0x93,
    0x70, 0xa4, 0xb5, 0xc5, 0xb9, 0xe6, 0xb9, 0xde, 0xfb, 0xe6, 0xfa, 0xe6,
    0xfb, 0xe6, 0xfb, 0xe6, 0xfb, 0xe6, 0xfb, 0xe6, 0xfb, 0xe6, 0x1b, 0xef,
    0x1c, 0xe7, 0x1c, 0xe7, 0x1b, 0xe7, 0x1c, 0xe7, 0x1c, 0xe7, 0x1c, 0xe7,
    0x1c, 0xef, 0x1c, 0xef, 0x3c, 0xef, 0x3c, 0xe7, 0x3c, 0xe7, 0x3c, 0xef,
    0x3c, 0xe7, 0x3c, 0xef, 0x3c, 0xe7, 0x3c, 0xef, 0x3c, 0xe7, 0x3c, 0xe7,
    0x3c, 0xe7, 0x3c, 0xe7, 0x3c, 0xe7, 0x3c, 0xe7, 0x3c, 0xe7, 0x3c, 0xe7,
    0x3c, 0xe7, 0x3c, 0xe7, 0x3c, 0xe7, 0x3c, 0xe7, 0x3c, 0xe7, 0x3c, 0xe7,
    0x3c, 0xef, 0x3c, 0xef, 0x3c, 0xe7, 0x3c, 0xe7, 0x5d, 0xef, 0x3c, 0xef,
    0x3d, 0xe7, 0x3d, 0xef, 0x3d, 0xef, 0x3d, 0xe7, 0x1c, 0xe7, 0x1c, 0xe7,
    0x1c, 0xe7, 0x1c, 0xdf, 0x1d, 0xe7, 0x1c, 0xe7, 0x1c, 0xe7, 0x1c, 0xe7,
    0x1c, 0xe7, 0x1c, 0xdf, 0x1c, 0xe7, 0x1c, 0xe7, 0x1c, 0xe7, 0x1c, 0xe7,
    0x1c, 0xe7, 0x1c, 0xdf, 0x1c, 0xe7, 0x1c, 0xe7, 0x1c, 0xdf, 0x1c, 0xe7,
    0x1c, 0xe7, 0xfc, 0xe6, 0x1c, 0xe7, 0x1c, 0xdf, 0xfc, 0xde, 0x1c, 0xe7,
    0xfc, 0xde, 0x1b, 0xe7, 0xfc, 0xde, 0xfb, 0xde, 0xfb, 0xde, 0xfb, 0xde,
    0xfb, 0xde, 0xdb, 0xde, 0xfb, 0xde, 0xdb, 0xd6, 0xda, 0xde, 0xda, 0xde,
    0xdb, 0xde, 0xba, 0xe6, 0x58, 0xe6, 0x33, 0xcd, 0x70, 0xbc, 0xad, 0xab,
    0xcd, 0xbb, 0xee, 0xcb, 0xcd, 0xcb, 0x6b, 0xc3, 0x0a, 0xab, 0x2a, 0xa3,
    0x09, 0x9b, 0xa8, 0x92, 0x4a, 0xa3, 0xec, 0xb3, 0x8b, 0xa3, 0xe8, 0x8a,
    0xc8, 0x8a, 0x09, 0x93, 0x4a, 0x9b, 0x6a, 0xa3, 0x8b, 0xa3, 0xcc, 0xab,
    0xcc, 0xab, 0xec, 0xb3, 0x0d, 0xb4, 0x2e, 0xbc, 0x4e, 0xc4, 0x6f, 0xc4,
    0x6f, 0xc4, 0x6f, 0xc4, 0x6f, 0xc4, 0x8f, 0xcc, 0x90, 0xcc, 0x90, 0xcc,
    0xb0, 0xcc, 0xb0, 0xd4, 0xd0, 0xd4, 0xd0, 0xd4, 0xd1, 0xd4, 0xd1, 0xd4,
    0xf1, 0xd4, 0xf1, 0xdc, 0xf1, 0xdc, 0xf2, 0xdc, 0xf1, 0xdc, 0xf1, 0xdc,
    0xd1, 0xdc, 0x90, 0xd4, 0x0e, 0xc4, 0xcd, 0xb3, 0x6b, 0xab, 0x4b, 0xab,
    0xcd, 0xbb, 0xc9, 0x9a, 0x88, 0x8a, 0x0a, 0x9b, 0xc9, 0x92, 0x88, 0x8a,
    0xa4, 0x71, 0xe1, 0x50, 0x60, 0x40, 0x20, 0x40, 0x40, 0x40, 0xe1, 0x50,
    0x43, 0x61, 0x68, 0x8a, 0x0a, 0x9b, 0xa8, 0x92, 0x68, 0x8a, 0xe9, 0x9a,
    0x88, 0x8a, 0x84, 0x71, 0x20, 0x40, 0x00, 0x38, 0x20, 0x40, 0xa0, 0x50,
    0x43, 0x61, 0x06, 0x82, 0x88, 0x92, 0xa8, 0x92, 0x8b, 0xab, 0x0e, 0xc4,
    0x4f, 0xc4, 0x0e, 0xc4, 0x4f, 0xc4, 0x90, 0xd4, 0xd1, 0xd4, 0xf1, 0xdc,
    0xf1, 0xdc, 0xf1, 0xd4, 0xd1, 0xd4, 0xd1, 0xd4, 0xd1, 0xd4, 0xd1, 0xd4,
    0xb1, 0xd4, 0xd1, 0xd4, 0xb0, 0xd4, 0x90, 0xcc, 0x6f, 0xc4, 0x4f, 0xc4,
    0x4f, 0xbc, 0x6e, 0xb4, 0x6e, 0xb4, 0x6e, 0xb4, 0x2e, 0xac, 0x2d, 0xa4,
    0xcd, 0x9b, 0xcd, 0x93, 0xd1, 0xac, 0x37, 0xd6, 0xb9, 0xe6, 0xb9, 0xde,
    0xfb, 0xe6, 0xfa, 0xe6, 0xdb, 0xe6, 0xfb, 0xe6, 0xfb, 0xee, 0xfb, 0xe6,
    0xfb, 0xe6, 0x1b, 0xe7, 0x1c, 0xe7, 0x1c, 0xe7, 0x1b, 0xe7, 0x1c, 0xe7,
    0x1c, 0xe7, 0x1c, 0xe7, 0x1c, 0xef, 0x1c, 0xe7, 0x3c, 0xef, 0x3c, 0xef,
    0x1c, 0xef, 0x3c, 0xe7, 0x3c, 0xef, 0x1c, 0xef, 0x3c, 0xe7, 0x3d, 0xef,
    0x3c, 0xe7, 0x3c, 0xe7, 0x3c, 0xef, 0x3c, 0xe7, 0x3c, 0xe7, 0x3c, 0xef,
    0x3c, 0xe7, 0x3c, 0xe7, 0x3c, 0xef, 0x3c, 0xe7, 0x3c, 0xe7, 0x3c, 0xef,
    0x3c, 0xef, 0x3c, 0xef, 0x3d, 0xef, 0x3c, 0xef, 0x3c, 0xe7, 0x3c, 0xe7,
    0x5c, 0xef, 0x3c, 0xef, 0x3d, 0xe7, 0x3d, 0xef, 0x3c, 0xef, 0x3d, 0xef,
    0x1c, 0xe7, 0x1d, 0xe7, 0x1c, 0xe7, 0x1c, 0xe7, 0x1d, 0xdf, 0x1c, 0xe7,
    0x1c, 0xe7, 0x1d, 0xe7, 0x1c, 0xdf, 0x1c, 0xe7, 0xfc, 0xe6, 0x1c, 0xdf,
    0x1c, 0xdf, 0xfc, 0xe6, 0x1c, 0xe7, 0x1c, 0xdf, 0xfc, 0xe6, 0x1c, 0xe7,
    0x1c, 0xdf, 0xfc, 0xe6, 0xfc, 0xde, 0xfc, 0xde, 0x1c, 0xe7, 0x1c, 0xdf,
    0xfc, 0xe6, 0x1c, 0xdf, 0x1b, 0xe7, 0xfc, 0xde, 0xfc, 0xde, 0xfb, 0xde,
    0xfb, 0xde, 0xfb, 0xde, 0xdb, 0xde, 0xdb, 0xde, 0xdb, 0xde, 0xda, 0xd6,
    0xda, 0xde, 0xdb, 0xde, 0xda, 0xde, 0xda, 0xde, 0x58, 0xe6, 0xf6, 0xe5,
    0x91, 0xbc, 0xee, 0xab, 0x8d, 0xb3, 0xee, 0xc3, 0xee, 0xcb, 0xac, 0xc3,
    0x6b, 0xb3, 0x8b, 0xab, 0x8b, 0xab, 0x6b, 0xa3, 0x4a, 0xa3, 0x4a, 0x9b,
    0xac, 0xab, 0xe8, 0x92, 0xa7, 0x8a, 0xc8, 0x92, 0x4a, 0x9b, 0x4a, 0xa3,
    0x8b, 0xa3, 0xab, 0xab, 0xcc, 0xab, 0xec, 0xb3, 0x0d, 0xb4, 0x2e, 0xbc,
    0x4e, 0xbc, 0x6e, 0xc4, 0x6f, 0xc4, 0x6f, 0xc4, 0x6f, 0xc4, 0x6f, 0xc4,
    0x6f, 0xcc, 0x8f, 0xcc, 0x90, 0xcc, 0x90, 0xcc, 0xb0, 0xd4, 0xb0, 0xd4,
    0xb0, 0xd4, 0xd0, 0xd4, 0xd1, 0xd4, 0xd1, 0xd4, 0xd1, 0xd4, 0xf1, 0xdc,
    0xf2, 0xdc, 0xf1, 0xdc, 0xb1, 0xd4, 0x0e, 0xc4, 0x2f, 0xc4, 0xcd, 0xbb,
    0xac, 0xb3, 0xcd, 0xb3, 0x4f, 0xcc, 0x0a, 0xa3, 0x47, 0x82, 0x68, 0x8a,
    0x47, 0x82, 0xa5, 0x71, 0x43, 0x61, 0x43, 0x61, 0x84, 0x69, 0x43, 0x61,
    0xa4, 0x69, 0x06, 0x7a, 0x22, 0x59, 0x47, 0x82, 0xe9, 0x92, 0x88, 0x8a,
    0x47, 0x82, 0xa8, 0x92, 0x47, 0x8a, 0x63, 0x69, 0x63, 0x69, 0xe1, 0x58,
    0xc1, 0x50, 0x22, 0x61, 0x02, 0x61, 0xc5, 0x79, 0x67, 0x8a, 0x67, 0x8a,
    0x8c, 0xab, 0x2e, 0xc4, 0x4f, 0xcc, 0x0e, 0xbc, 0x0e, 0xc4, 0x8f, 0xcc,
    0xb0, 0xd4, 0xd1, 0xd4, 0xd1, 0xd4, 0xd1, 0xd4, 0xd1, 0xd4, 0xb1, 0xd4,
    0xb0, 0xd4, 0xb0, 0xd4, 0xb0, 0xd4, 0xb0, 0xd4, 0x90, 0xcc, 0x70, 0xcc,
    0x4f, 0xc4, 0x4e, 0xbc, 0x4f, 0xbc, 0x4e, 0xbc, 0x6e, 0xb4, 0x6e, 0xb4,
    0x4e, 0xac, 0xec, 0x9b, 0xcc, 0x93, 0x4f, 0xa4, 0x53, 0xbd, 0x78, 0xe6,
    0xda, 0xe6, 0xda, 0xe6, 0xfa, 0xe6, 0xfb, 0xe6, 0xfb, 0xe6, 0xfb, 0xe6,
    0xfb, 0xee, 0xfb, 0xe6, 0xfb, 0xe6, 0xfb, 0xee, 0x1c, 0xe7, 0x1b, 0xe7,
    0x1c, 0xe7, 0x1c, 0xe7, 0x1c, 0xef, 0x1c, 0xe7, 0x3c, 0xe7, 0x1c, 0xe7,
    0x1c, 0xe7, 0x1c, 0xe7, 0x3c, 0xef, 0x3c, 0xef, 0x1c, 0xe7, 0x1c, 0xe7,
    0x1c, 0xe7, 0x1c, 0xef, 0x3c, 0xe7, 0x1c, 0xef, 0x3c, 0xef, 0x3c, 0xe7,
    0x1c, 0xef, 0x3d, 0xe7, 0x3c, 0xe7, 0x3c, 0xef, 0x3c, 0xef, 0x3c, 0xe7,
    0x1c, 0xe7, 0x3d, 0xef, 0x3c, 0xef, 0x3c, 0xe7, 0x3c, 0xe7, 0x3c, 0xef,
    0x3d, 0xef, 0x3c, 0xe7, 0x3c, 0xef, 0x3c, 0xe7, 0x3d, 0xe7, 0x3c, 0xe7,
    0x3c, 0xe7, 0x3c, 0xe7, 0x1c, 0xdf, 0x1c, 0xe7, 0x1c, 0xe7, 0x1c, 0xdf,
    0x1c, 0xe7, 0x1c, 0xe7, 0x1c, 0xdf, 0x1c, 0xe7, 0x1c, 0xdf, 0x1c, 0xe7,
    0x1c, 0xe7, 0x1c, 0xdf, 0xfc, 0xe6, 0x1c, 0xe7, 0x1c, 0xdf, 0x1c, 0xe7,
    0xfc, 0xe6, 0x1c, 0xdf, 0x1c, 0xe7, 0x1c, 0xe7, 0xfc, 0xde, 0x1c, 0xdf,
    0xfc, 0xe6, 0xfc, 0xe6, 0x1c, 0xdf, 0xfc, 0xde, 0xfb, 0xde, 0xfb, 0xde,
    0xfb, 0xde, 0xfb, 0xde, 0xfb, 0xde, 0xdb, 0xde, 0xdb, 0xde, 0xfb, 0xde,
    0xdb, 0xde, 0xda, 0xd6, 0xda, 0xde, 0xda, 0xd6, 0xda, 0xde, 0xda, 0xde,
    0x59, 0xde, 0x59, 0xee, 0xd2, 0xbc, 0xee, 0xab, 0x6c, 0xa3, 0xed, 0xc3,
    0x0e, 0xcc, 0xcd, 0xc3, 0xcd, 0xbb, 0xcd, 0xbb, 0xcd, 0xb3, 0xcc, 0xb3,
    0xac, 0xb3, 0xe9, 0x9a, 0x8b, 0xa3, 0xc8, 0x8a, 0xa8, 0x8a, 0xc8, 0x8a,
    0x09, 0x9b, 0x4a, 0xa3, 0x6b, 0xa3, 0x8b, 0xab, 0xac, 0xab, 0xcc, 0xb3,
    0x0d, 0xb4, 0x2e, 0xbc, 0x4e, 0xbc, 0x6e, 0xc4, 0x6f, 0xc4, 0x6f, 0xc4,
    0x6f, 0xc4, 0x6f, 0xcc, 0x8f, 0xcc, 0x8f, 0xcc, 0x90, 0xcc, 0xb0, 0xcc,
    0xb0, 0xd4, 0xb0, 0xd4, 0xb0, 0xd4, 0xb0, 0xd4, 0xb1, 0xd4, 0xd1, 0xd4,
    0xd1, 0xd4, 0xd1, 0xd4, 0xf1, 0xdc, 0xd1, 0xd4, 0x90, 0xcc, 0xcd, 0xbb,
    0x0e, 0xc4, 0x0e, 0xbc, 0x0e, 0xc4, 0x4f, 0xc4, 0x4f, 0xcc, 0x8c, 0xb3,
    0x88, 0x8a, 0xc5, 0x71, 0xc5, 0x71, 0x22, 0x61, 0x22, 0x61, 0x63, 0x69,
    0xc5, 0x71, 0x84, 0x69, 0xc5, 0x71, 0x47, 0x82, 0x26, 0x7a, 0x26, 0x7a,
    0x88, 0x8a, 0x88, 0x8a, 0x67, 0x82, 0x47, 0x82, 0x47, 0x82, 0x47, 0x82,
    0xa8, 0x92, 0x06, 0x7a, 0xa4, 0x71, 0xc5, 0x71, 0xe1, 0x58, 0xa4, 0x71,
    0x47, 0x82, 0x47, 0x8a, 0x8c, 0xb3, 0x2e, 0xc4, 0x4f, 0xcc, 0x0d, 0xbc,
    0x0e, 0xc4, 0x4f, 0xc4, 0x8f, 0xcc, 0xb0, 0xd4, 0xd1, 0xd4, 0xd1, 0xdc,
    0xd1, 0xd4, 0xb1, 0xd4, 0xb0, 0xd4, 0xb0, 0xd4, 0xb1, 0xd4, 0xb0, 0xd4,
    0x90, 0xcc, 0x70, 0xcc, 0x4f, 0xc4, 0x4e, 0xbc, 0x4e, 0xbc, 0x4e, 0xb4,
    0x4e, 0xb4, 0x6f, 0xb4, 0x4e, 0xac, 0xcc, 0x9b, 0xed, 0x9b, 0xb0, 0xb4,
    0xb5, 0xcd, 0x98, 0xe6, 0xda, 0xe6, 0xda, 0xe6, 0xdb, 0xe6, 0xfb, 0xe6,
    0xfb, 0xe6, 0xdb, 0xe6, 0xfb, 0xe6, 0xfb, 0xe6, 0x1b, 0xe7, 0xfc, 0xe6,
    0xfc, 0xe6, 0x1b, 0xe7, 0x1c, 0xe7, 0x1c, 0xe7, 0x1c, 0xe7, 0x1c, 0xe7,
    0x1c, 0xef, 0x1c, 0xef, 0x1c, 0xe7, 0x1c, 0xe7, 0x3c, 0xef, 0x3c, 0xef,
    0x1c, 0xe7, 0x1c, 0xe7, 0x1c, 0xef, 0x1c, 0xe7, 0x3c, 0xe7, 0x3c, 0xe7,
    0x3d, 0xe7, 0x3c, 0xe7, 0x1c, 0xef, 0x3c, 0xe7, 0x3c, 0xe7, 0x1c, 0xef,
    0x3d, 0xe7, 0x3c, 0xe7, 0x1c, 0xef, 0x3c, 0xe7, 0x3c, 0xef, 0x1c, 0xe7,
    0x3c, 0xef, 0x3c, 0xef, 0x3c, 0xe7, 0x3d, 0xef, 0x5c, 0xe7, 0x3c, 0xef,
    0x3d, 0xef, 0x3d, 0xef, 0x3d, 0xe7, 0x3c, 0xef, 0x1c, 0xe7, 0x1c, 0xe7,
    0x1d, 0xdf, 0x1d, 0xe7, 0x1c, 0xe7, 0x1d, 0xe7, 0x1c, 0xe7, 0x1c, 0xe7,
    0x1c, 0xdf, 0xfc, 0xe6, 0x1c, 0xe7, 0x1c, 0xdf, 0x1c, 0xe7, 0x1c, 0xe7,
    0x1c, 0xdf, 0xfc, 0xe6, 0x1c, 0xdf, 0x1c, 0xe7, 0x1c, 0xe7, 0x1c, 0xdf,
    0xfc, 0xe6, 0x1c, 0xdf, 0x1c, 0xdf, 0xfc, 0xde, 0xfc, 0xde, 0xfc, 0xde,
    0xfb, 0xe6, 0xfc, 0xde, 0xfc, 0xde, 0xfb, 0xe6, 0xfb, 0xde, 0xfb, 0xde,
    0xfb, 0xde, 0xdb, 0xde, 0xfb, 0xde, 0xdb, 0xd6, 0xdb, 0xde, 0xda, 0xd6,
    0xda, 0xd6, 0xba, 0xde, 0x79, 0xde, 0xd6, 0xd5, 0xd6, 0xdd, 0x2f, 0xac,
    0x6c, 0xa3, 0xee, 0xbb, 0x90, 0xdc, 0x4f, 0xcc, 0xad, 0xbb, 0xad, 0xb3,
    0xac, 0xb3, 0xcd, 0xbb, 0x8c, 0xab, 0x6b, 0xa3, 0x26, 0x82, 0x6b, 0xa3,
    0xa8, 0x8a, 0xc8, 0x8a, 0xe9, 0x92, 0x4a, 0x9b, 0x6b, 0xa3, 0x8b, 0xa3,
    0xac, 0xab, 0xcd, 0xab, 0x0d, 0xb4, 0x2e, 0xbc, 0x4e, 0xbc, 0x4f, 0xc4,
    0x6f, 0xc4, 0x6f, 0xcc, 0x6f, 0xc4, 0x8f, 0xcc, 0x90, 0xcc, 0x8f, 0xcc,
    0x90, 0xcc, 0x90, 0xcc, 0x90, 0xcc, 0x90, 0xcc, 0xb0, 0xd4, 0xb0, 0xd4,
    0x90, 0xd4, 0xb0, 0xd4, 0xb0, 0xd4, 0xb1, 0xd4, 0xd1, 0xd4, 0x70, 0xcc,
    0x0e, 0xc4, 0x0e, 0xbc, 0x0e, 0xbc, 0x0e, 0xc4, 0x4f, 0xcc, 0x70, 0xcc,
    0x70, 0xcc, 0x2e, 0xc4, 0x4b, 0xa3, 0x27, 0x82, 0x43, 0x61, 0x43, 0x69,
    0x63, 0x69, 0x84, 0x69, 0xe5, 0x71, 0x87, 0x8a, 0xa9, 0x92, 0x88, 0x82,
    0x26, 0x7a, 0x46, 0x82, 0x06, 0x7a, 0x26, 0x7a, 0x47, 0x82, 0x67, 0x8a,
    0x67, 0x82, 0x67, 0x82, 0x47, 0x82, 0x88, 0x92, 0x26, 0x82, 0x84, 0x69,
    0xa4, 0x71, 0xa5, 0x71, 0xc5, 0x79, 0xa9, 0x92, 0x8c, 0xb3, 0x2e, 0xc4,
    0x4f, 0xcc, 0x6f, 0xcc, 0x4f, 0xc4, 0x4f, 0xc4, 0x4f, 0xcc, 0x90, 0xcc,
    0x90, 0xd4, 0xb0, 0xd4, 0xb1, 0xd4, 0xd1, 0xd4, 0xb0, 0xd4, 0xb1, 0xcc,
    0xb0, 0xd4, 0xb0, 0xd4, 0x90, 0xcc, 0x6f, 0xcc, 0x4f, 0xc4, 0x2e, 0xbc,
    0x2e, 0xbc, 0x4e, 0xb4, 0x4e, 0xb4, 0x6e, 0xb4, 0x6e, 0xac, 0xed, 0x9b,
    0x4e, 0xa4, 0x53, 0xc5, 0x37, 0xde, 0x99, 0xde, 0xba, 0xe6, 0xda, 0xe6,
    0xdb, 0xe6, 0xdb, 0xe6, 0xdb, 0xe6, 0xdb, 0xe6, 0xdb, 0xe6, 0xfb, 0xe6,
    0xfc, 0xe6, 0xfb, 0xe6, 0xfb, 0xe6, 0x1b, 0xe7, 0x1b, 0xe7, 0x1b, 0xe7,
    0x1c, 0xe7, 0x1b, 0xe7, 0x1c, 0xe7, 0x1c, 0xe7, 0x1c, 0xe7, 0x1c, 0xe7,
    0x1d, 0xe7, 0x1c, 0xe7, 0x1c, 0xe7, 0x1c, 0xe7, 0x1d, 0xef, 0x1c, 0xe7,
    0x1c, 0xe7, 0x1c, 0xef, 0x3c, 0xe7, 0x3c, 0xef, 0x3c, 0xe7, 0x3c, 0xef,
    0x1c, 0xe7, 0x3c, 0xe7, 0x3c, 0xe7, 0x3c, 0xef, 0x3c, 0xe7, 0x3c, 0xe7,
    0x1c, 0xef, 0x3c, 0xef, 0x3d, 0xe7, 0x3c, 0xef, 0x3c, 0xe7, 0x3c, 0xe7,
    0x3d, 0xef, 0x5c, 0xe7, 0x3c, 0xef, 0x3d, 0xe7, 0x3c, 0xef, 0x3d, 0xef,
    0x1c, 0xe7, 0x1c, 0xe7, 0x1c, 0xe7, 0x1c, 0xe7, 0x1c, 0xdf, 0x1d, 0xe7,
    0x1c, 0xe7, 0x1c, 0xe7, 0x1c, 0xdf, 0x1c, 0xe7, 0xfc, 0xde, 0x1c, 0xe7,
    0xfc, 0xde, 0x1c, 0xe7, 0x1c, 0xe7, 0x1c, 0xdf, 0x1c, 0xe7, 0xfc, 0xde,
    0x1c, 0xe7, 0x1c, 0xe7, 0xfc, 0xde, 0xfc, 0xe6, 0x1c, 0xe7, 0xfc, 0xde,
    0xfc, 0xde, 0xfb, 0xde, 0xfb, 0xde, 0xfc, 0xde, 0xfb, 0xde, 0xfb, 0xde,
    0xfb, 0xde, 0xfb, 0xde, 0xdb, 0xde, 0xdb, 0xde, 0xfb, 0xde, 0xda, 0xd6,
    0xda, 0xd6, 0xbb, 0xd6, 0xba, 0xd6, 0xba, 0xde, 0x99, 0xde, 0x37, 0xd6,
    0xf6, 0xd5, 0xd2, 0xbc, 0x4b, 0x9b, 0xad, 0xab, 0x4f, 0xcc, 0x90, 0xd4,
    0x2f, 0xc4, 0x2e, 0xc4, 0x2f, 0xc4, 0x2f, 0xc4, 0x6f, 0xcc, 0x8c, 0xab,
    0x26, 0x7a, 0x4a, 0x9b, 0xe9, 0x92, 0xc8, 0x8a, 0xc8, 0x8a, 0x09, 0x93,
    0x4a, 0x9b, 0x6b, 0xa3, 0x8b, 0xa3, 0xcc, 0xab, 0xed, 0xb3, 0x0d, 0xbc,
    0x2e, 0xbc, 0x4e, 0xc4, 0x6f, 0xc4, 0x6f, 0xc4, 0x6f, 0xc4, 0x6f, 0xc4,
    0x6f, 0xcc, 0x6f, 0xcc, 0x8f, 0xcc, 0x6f, 0xcc, 0x8f, 0xcc, 0x90, 0xcc,
    0x90, 0xd4, 0x90, 0xcc, 0x90, 0xcc, 0x90, 0xcc, 0x90, 0xd4, 0x90, 0xd4,
    0x70, 0xcc, 0x0e, 0xc4, 0x0e, 0xbc, 0x0e, 0xbc, 0x0e, 0xc4, 0x0e, 0xc4,
    0x4f, 0xcc, 0x70, 0xcc, 0x90, 0xcc, 0x4f, 0xcc, 0xed, 0xbb, 0x2a, 0xa3,
    0x0a, 0x9b, 0x88, 0x8a, 0x47, 0x82, 0x06, 0x7a, 0x47, 0x82, 0xc9, 0x92,
    0x09, 0x93, 0xa8, 0x8a, 0x67, 0x82, 0x67, 0x82, 0x47, 0x82, 0x47, 0x82,
    0x67, 0x82, 0x67, 0x8a, 0x68, 0x8a, 0x67, 0x8a, 0x47, 0x82, 0x88, 0x8a,
    0x47, 0x82, 0xa4, 0x71, 0xa4, 0x71, 0xc5, 0x79, 0x06, 0x82, 0xc9, 0x9a,
    0x8c, 0xb3, 0x4f, 0xc4, 0x70, 0xcc, 0x6f, 0xcc, 0x90, 0xcc, 0x70, 0xcc,
    0x6f, 0xcc, 0x4f, 0xc4, 0x4f, 0xcc, 0x90, 0xcc, 0xb0, 0xd4, 0xb0, 0xd4,
    0xb0, 0xcc, 0x90, 0xcc, 0x90, 0xcc, 0x90, 0xd4, 0x70, 0xcc, 0x4f, 0xcc,
    0x4f, 0xc4, 0x2e, 0xbc, 0x4e, 0xbc, 0x4e, 0xb4, 0x4e, 0xb4, 0x6e, 0xb4,
    0x4e, 0xac, 0xed, 0x9b, 0x6f, 0xac, 0x94, 0xcd, 0x58, 0xde, 0x79, 0xde,
    0xba, 0xe6, 0xda, 0xe6, 0xfb, 0xe6, 0xfb, 0xe6, 0xdb, 0xe6, 0xdb, 0xe6,
    0xfb, 0xe6, 0xdb, 0xe6, 0xfc, 0xe6, 0xfb, 0xe6, 0xfb, 0xe6, 0xfc, 0xe6,
    0x1c, 0xe7, 0x1b, 0xe7, 0x1c, 0xe7, 0x1c, 0xe7, 0x1c, 0xe7, 0x1c, 0xe7,
    0x1c, 0xef, 0x1c, 0xe7, 0x1c, 0xef, 0x1d, 0xe7, 0x1c, 0xe7, 0x1c, 0xe7,
    0x1d, 0xef, 0x3c, 0xe7, 0x3c, 0xe7, 0x1c, 0xe7, 0x3c, 0xef, 0x3c, 0xe7,
    0x1d, 0xe7, 0x3c, 0xef, 0x3c, 0xef, 0x1d, 0xe7, 0x3c, 0xef, 0x1c, 0xe7,
    0x3d, 0xe7, 0x3c, 0xe7, 0x3c, 0xef, 0x1c, 0xef, 0x3c, 0xe7, 0x3c, 0xef,
    0x3c, 0xef, 0x3c, 0xe7, 0x3c, 0xef, 0x3c, 0xe7, 0x3d, 0xe7, 0x3c, 0xef,
    0x3c, 0xe7, 0x3d, 0xe7, 0x1c, 0xe7, 0x1d, 0xdf, 0x1c, 0xe7, 0x1c, 0xe7,
    0x1c, 0xdf, 0x1c, 0xe7, 0x1d, 0xe7, 0x1c, 0xdf, 0x1c, 0xe7, 0x1c, 0xe7,
    0x1c, 0xdf, 0x1c, 0xe7, 0xfc, 0xe6, 0x1c, 0xdf, 0x1c, 0xe7, 0xfc, 0xe6,
    0x1c, 0xdf, 0x1c, 0xe7, 0xfc, 0xde, 0x1c, 0xe7, 0xfc, 0xde, 0xfc, 0xe6,
    0x1c, 0xe7, 0xfc, 0xde, 0xfc, 0xde, 0xfb, 0xde, 0xfb, 0xde, 0xfc, 0xde,
    0xfb, 0xde, 0xfb, 0xde, 0xfb, 0xde, 0xfb, 0xde, 0xdb, 0xde, 0xdb, 0xde,
    0xfb, 0xde, 0xdb, 0xde, 0xba, 0xd6, 0xba, 0xd6, 0xda, 0xd6, 0xba, 0xde,
    0x79, 0xde, 0x99, 0xde, 0x17, 0xde, 0x95, 0xd5, 0xee, 0xab, 0x4b, 0xa3,
    0xad, 0xb3, 0x6f, 0xcc, 0x50, 0xcc, 0x90, 0xd4, 0xd1, 0xd4, 0xb1, 0xd4,
    0xb0, 0xd4, 0xed, 0xbb, 0xe9, 0x9a, 0x2a, 0x9b, 0x2a, 0x9b, 0xc8, 0x8a,
    0xc8, 0x8a, 0xe9, 0x92, 0x2a, 0x9b, 0x6b, 0xa3, 0x8b, 0xa3, 0xac, 0xab,
    0xed, 0xb3, 0x0d, 0xb4, 0x2e, 0xbc, 0x4e, 0xbc, 0x6f, 0xc4, 0x4f, 0xc4,
    0x4e, 0xc4, 0x4f, 0xc4, 0x6f, 0xc4, 0x6f, 0xc4, 0x6f, 0xcc, 0x6f, 0xcc,
    0x6f, 0xcc, 0x6f, 0xcc, 0x6f, 0xcc, 0x8f, 0xcc, 0x70, 0xcc, 0x90, 0xcc,
    0x90, 0xcc, 0x90, 0xcc, 0x2e, 0xbc, 0x0e, 0xbc, 0x0e, 0xbc, 0x0e, 0xbc,
    0x0e, 0xbc, 0x2e, 0xc4, 0x6f, 0xcc, 0x90, 0xcc, 0x90, 0xcc, 0x4f, 0xcc,
    0x0e, 0xc4, 0xcd, 0xb3, 0x0e, 0xbc, 0x4a, 0xa3, 0xc9, 0x92, 0x88, 0x8a,
    0x67, 0x82, 0xa8, 0x8a, 0xc9, 0x8a, 0x67, 0x82, 0xa8, 0x8a, 0xa8, 0x8a,
    0xa8, 0x8a, 0xa8, 0x8a, 0xa8, 0x8a, 0xa8, 0x8a, 0xa9, 0x92, 0xa8, 0x8a,
    0x88, 0x8a, 0x67, 0x8a, 0x47, 0x82, 0x06, 0x7a, 0x68, 0x8a, 0xc9, 0x92,
    0x4b, 0xa3, 0x0e, 0xbc, 0xac, 0xb3, 0x4f, 0xc4, 0x70, 0xcc, 0x6f, 0xcc,
    0x90, 0xcc, 0x90, 0xcc, 0x90, 0xcc, 0x90, 0xcc, 0x6f, 0xc4, 0x6f, 0xcc,
    0x6f, 0xc4, 0x70, 0xcc, 0x70, 0xcc, 0x6f, 0xcc, 0x70, 0xcc, 0x6f, 0xcc,
    0x6f, 0xc4, 0x4f, 0xc4, 0x2e, 0xc4, 0x2e, 0xbc, 0x4e, 0xbc, 0x4e, 0xb4,
    0x4e, 0xb4, 0x4e, 0xac, 0x2d, 0xac, 0xec, 0x9b, 0xb0, 0xac, 0xb5, 0xcd,
    0x78, 0xde, 0x79, 0xde, 0xba, 0xde, 0xda, 0xe6, 0xfb, 0xe6, 0xfb, 0xe6,
    0xdb, 0xe6, 0xdb, 0xe6, 0xfb, 0xe6, 0xfb, 0xe6, 0xfc, 0xe6, 0xfb, 0xe6,
    0xfb, 0xe6, 0x1c, 0xe7, 0x1c, 0xe7, 0xfb, 0xe6, 0x1b, 0xe7, 0x1b, 0xe7,
    0x1c, 0xef, 0x1c, 0xe7, 0x1c, 0xe7, 0x1c, 0xe7, 0x1c, 0xef, 0x3c, 0xef,
    0x1c, 0xe7, 0x1c, 0xe7, 0x1c, 0xef, 0x1c, 0xef, 0x3c, 0xe7, 0x1c, 0xe7,
    0x3c, 0xef, 0x3c, 0xe7, 0x1c, 0xe7, 0x3c, 0xe7, 0x3c, 0xe7, 0x3c, 0xef,
    0x3c, 0xe7, 0x1c, 0xef, 0x3c, 0xe7, 0x3c, 0xef, 0x1c, 0xe7, 0x3d, 0xe7,
    0x3c, 0xe7, 0x3c, 0xe7, 0x3d, 0xef, 0x3d, 0xef, 0x5c, 0xe7, 0x3c, 0xef,
    0x3d, 0xef, 0x3d, 0xe7, 0x3c, 0xef, 0x3d, 0xe7, 0x1c, 0xe7, 0x1c, 0xe7,
    0x1d, 0xdf, 0x1c, 0xe7, 0x1c, 0xe7, 0x1d, 0xe7, 0x1c, 0xdf, 0x1c, 0xe7,
    0x1c, 0xe7, 0xfc, 0xde, 0x1c, 0xe7, 0x1c, 0xe7, 0x1c, 0xdf, 0x1c, 0xe7,
    0xfc, 0xde, 0x1c, 0xe7, 0xfc, 0xde, 0xfc, 0xde, 0x1c, 0xe7, 0x1c, 0xe7,
    0x1c, 0xdf, 0xfc, 0xde, 0xfc, 0xe6, 0xfb, 0xde, 0xfc, 0xde, 0xfc, 0xe6,
    0xfb, 0xde, 0xfb, 0xde, 0xfb, 0xde, 0xdc, 0xde, 0xfb, 0xde, 0xfb, 0xde,
    0xdb, 0xde, 0xdb, 0xde, 0xfb, 0xde, 0xdb, 0xde, 0xba, 0xd6, 0xba, 0xd6,
    0xba, 0xd6, 0xba, 0xd6, 0x79, 0xd6, 0xba, 0xe6, 0x17, 0xd6, 0xf6, 0xdd,
    0x13, 0xc5, 0x8c, 0xa3, 0x2b, 0x9b, 0x8d, 0xab, 0xee, 0xbb, 0x70, 0xcc,
    0xd1, 0xdc, 0x12, 0xdd, 0x4f, 0xcc, 0x2f, 0xc4, 0x0e, 0xbc, 0x2a, 0xa3,
    0x2a, 0x9b, 0xe9, 0x8a, 0xc8, 0x8a, 0xc9, 0x8a, 0x29, 0x93, 0x6a, 0x9b,
    0x6b, 0xa3, 0xac, 0xa3, 0xec, 0xab, 0x0d, 0xb4, 0x0e, 0xbc, 0x2e, 0xbc,
    0x4e, 0xc4, 0x4e, 0xc4, 0x4f, 0xc4, 0x4f, 0xc4, 0x4f, 0xc4, 0x4f, 0xc4,
    0x6f, 0xc4, 0x6f, 0xc4, 0x6f, 0xc4, 0x4f, 0xcc, 0x6f, 0xcc, 0x6f, 0xc4,
    0x6f, 0xcc, 0x6f, 0xc4, 0x6f, 0xcc, 0x6f, 0xcc, 0x0e, 0xbc, 0x0e, 0xbc,
    0x2e, 0xc4, 0x2e, 0xc4, 0x2e, 0xbc, 0x2e, 0xbc, 0x6f, 0xc4, 0x70, 0xcc,
    0x70, 0xcc, 0x6f, 0xcc, 0x2e, 0xc4, 0x0e, 0xbc, 0x8c, 0xab, 0x4a, 0xa3,
    0xe9, 0x92, 0xa8, 0x8a, 0x47, 0x82, 0xa8, 0x8a, 0xa8, 0x8a, 0x47, 0x82,
    0xa8, 0x8a, 0xa8, 0x8a, 0xa9, 0x92, 0xc9, 0x92, 0xe9, 0x92, 0xe9, 0x92,
    0xe9, 0x92, 0xc9, 0x92, 0xa9, 0x92, 0x47, 0x82, 0x27, 0x82, 0x67, 0x82,
    0x47, 0x82, 0x2a, 0x9b, 0x8c, 0xab, 0xed, 0xb3, 0xac, 0xb3, 0x4f, 0xc4,
    0x6f, 0xcc, 0x6f, 0xc4, 0x90, 0xcc, 0x90, 0xcc, 0x8f, 0xcc, 0x70, 0xcc,
    0x70, 0xcc, 0x6f, 0xc4, 0x6f, 0xc4, 0x6f, 0xc4, 0x6f, 0xc4, 0x4f, 0xc4,
    0x4f, 0xc4, 0x4f, 0xc4, 0x4f, 0xc4, 0x4e, 0xc4, 0x2e, 0xc4, 0x2e, 0xbc,
    0x2e, 0xbc, 0x4e, 0xb4, 0x4d, 0xb4, 0x4e, 0xac, 0x0d, 0xa4, 0xec, 0x9b,
    0xf1, 0xb4, 0xf5, 0xd5, 0x58, 0xde, 0x99, 0xde, 0xba, 0xde, 0xdb, 0xe6,
    0xfb, 0xe6, 0xdb, 0xe6, 0xdb, 0xe6, 0xdb, 0xe6, 0xfb, 0xe6, 0xdb, 0xe6,
    0xfc, 0xe6, 0xfb, 0xe6, 0xfb, 0xe6, 0x1b, 0xdf, 0x1c, 0xe7, 0x1c, 0xe7,
    0x1b, 0xe7, 0x1c, 0xe7, 0x1c, 0xe7, 0x1c, 0xe7, 0x1c, 0xe7, 0x1c, 0xe7,
    0x1c, 0xef, 0x1c, 0xe7, 0x1c, 0xe7, 0x1c, 0xe7, 0x1d, 0xe7, 0x1c, 0xef,
    0x1c, 0xe7, 0x3c, 0xe7, 0x3c, 0xef, 0x3c, 0xef, 0x3c, 0xe7, 0x3c, 0xef,
    0x1c, 0xe7, 0x3c, 0xe7, 0x3c, 0xef, 0x3c, 0xe7, 0x3c, 0xe7, 0x3c, 0xef,
    0x1c, 0xe7, 0x3c, 0xe7, 0x3c, 0xef, 0x3c, 0xe7, 0x3c, 0xe7, 0x3c, 0xef,
    0x3c, 0xe7, 0x5c, 0xe7, 0x3d, 0xef, 0x3d, 0xe7, 0x3c, 0xef, 0x3c, 0xef,
    0x1c, 0xdf, 0x1c, 0xe7, 0x1c, 0xe7, 0x1c, 0xdf, 0x1c, 0xe7, 0x1c, 0xdf,
    0x1c, 0xe7, 0x1c, 0xe7, 0xfc, 0xde, 0xfc, 0xde, 0xfc, 0xe6, 0xfc, 0xde,
    0xfc, 0xde, 0xfc, 0xe6, 0xfc, 0xde, 0xfc, 0xde, 0x1c, 0xe7, 0xfc, 0xe6,
    0xfc, 0xde, 0xfc, 0xde, 0xdb, 0xde, 0xfb, 0xde, 0xfb, 0xde, 0xfc, 0xde,
    0xdb, 0xde, 0xdc, 0xde, 0xdc, 0xde, 0xdb, 0xde, 0xdc, 0xde, 0xdc, 0xde,
    0xdb, 0xde, 0xdb, 0xde, 0xdb, 0xde, 0xdb, 0xde, 0xdb, 0xde, 0xdb, 0xd6,
    0xbb, 0xd6, 0xba, 0xd6, 0xba, 0xd6, 0xba, 0xde, 0x58, 0xce, 0x38, 0xce,
    0x17, 0xd6, 0x17, 0xd6, 0xb6, 0xd5, 0x71, 0xb4, 0x8d, 0x93, 0x6c, 0x9b,
    0x2c, 0xa3, 0xce, 0xbb, 0x91, 0xd4, 0x90, 0xd4, 0x50, 0xcc, 0x70, 0xcc,
    0x2f, 0xc4, 0x6b, 0xab, 0x2a, 0x93, 0xe9, 0x8a, 0xc8, 0x82, 0xc8, 0x82,
    0x0a, 0x93, 0x4b, 0x9b, 0x6b, 0x9b, 0xac, 0xa3, 0xcd, 0xb3, 0x0d, 0xb4,
    0x0d, 0xb4, 0x2e, 0xbc, 0x4f, 0xc4, 0x6f, 0xc4, 0x6e, 0xc4, 0x6e, 0xc4,
    0x4f, 0xc4, 0x4e, 0xc4, 0x4f, 0xc4, 0x4f, 0xc4, 0x4f, 0xc4, 0x4f, 0xc4,
    0x6f, 0xc4, 0x6f, 0xc4, 0x4f, 0xc4, 0x6f, 0xc4, 0x6f, 0xc4, 0x6f, 0xc4,
    0x2e, 0xbc, 0x0e, 0xbc, 0x2e, 0xbc, 0x2e, 0xbc, 0x0e, 0xbc, 0x0e, 0xbc,
    0x4f, 0xc4, 0x6f, 0xc4, 0x4f, 0xc4, 0x4f, 0xc4, 0x2e, 0xc4, 0x2f, 0xbc,
    0x4b, 0xa3, 0xac, 0xab, 0x6b, 0xa3, 0xe9, 0x92, 0xc9, 0x92, 0x2a, 0x9b,
    0x0a, 0x9b, 0xc9, 0x8a, 0xc8, 0x8a, 0xc9, 0x92, 0xc8, 0x8a, 0xa8, 0x8a,
    0x0a, 0x9b, 0xa8, 0x8a, 0x88, 0x82, 0xa8, 0x8a, 0xa8, 0x92, 0x88, 0x8a,
    0x47, 0x82, 0x26, 0x82, 0x88, 0x8a, 0xe9, 0x9a, 0xac, 0xab, 0x0e, 0xbc,
    0xcc, 0xb3, 0x6f, 0xc4, 0x4f, 0xc4, 0xb0, 0xcc, 0xb0, 0xcc, 0x90, 0xcc,
    0x6f, 0xc4, 0x6f, 0xc4, 0x6f, 0xcc, 0x70, 0xcc, 0x6f, 0xc4, 0x4f, 0xc4,
    0x4f, 0xc4, 0x4f, 0xc4, 0x4f, 0xc4, 0x4e, 0xc4, 0x4e, 0xc4, 0x2e, 0xc4,
    0x2e, 0xbc, 0x2e, 0xbc, 0x4d, 0xb4, 0x4d, 0xb4, 0x4e, 0xb4, 0x4e, 0xac,
    0x0c, 0x9c, 0xcc, 0x93, 0x73, 0xc5, 0x36, 0xde, 0x78, 0xde, 0x99, 0xde,
    0xda, 0xde, 0xfb, 0xde, 0xdb, 0xde, 0xdb, 0xe6, 0xdc, 0xe6, 0xdb, 0xe6,
    0xfb, 0xe6, 0xdc, 0xe6, 0xfb, 0xe6, 0xfb, 0xe6, 0xfb, 0xe6, 0xfb, 0xe6,
    0xfb, 0xde, 0xfb, 0xde, 0xfb, 0xe6, 0x1b, 0xe7, 0x1b, 0xe7, 0x1c, 0xe7,
    0x1c, 0xe7, 0x1c, 0xe7, 0x1c, 0xe7, 0x1c, 0xe7, 0x1c, 0xef, 0x1c, 0xef,
    0x1c, 0xe7, 0x1c, 0xef, 0x1c, 0xe7, 0x1c, 0xe7, 0x1c, 0xe7, 0x1c, 0xe7,
    0x1c, 0xef, 0x1c, 0xe7, 0x1c, 0xe7, 0x1c, 0xe7, 0x1c, 0xe7, 0x1c, 0xe7,
    0x3c, 0xe7, 0x3c, 0xe7, 0x1c, 0xe7, 0x1c, 0xe7, 0x1c, 0xef, 0x1c, 0xe7,
    0x3c, 0xe7, 0x3c, 0xe7, 0x3c, 0xef, 0x3c, 0xe7, 0x3c, 0xe7, 0x3c, 0xe7,
    0x3c, 0xe7, 0x3c, 0xe7, 0x1c, 0xe7, 0xfc, 0xde, 0x1c, 0xe7, 0x1c, 0xe7,
    0xfc, 0xde, 0x1c, 0xe7, 0x1c, 0xdf, 0x1c, 0xe7, 0xfc, 0xde, 0x1c, 0xe7,
    0x1c, 0xdf, 0xfc, 0xe6, 0x1c, 0xdf, 0x1c, 0xe7, 0xfc, 0xde, 0xfc, 0xde,
    0xfc, 0xde, 0xfc, 0xde, 0xfc, 0xde, 0xfc, 0xde, 0xdb, 0xde, 0xdc, 0xde,
    0xfc, 0xde, 0xdb, 0xde, 0xdb, 0xde, 0xfc, 0xde, 0xfb, 0xde, 0xfc, 0xde,
    0xdb, 0xde, 0xdb, 0xde, 0xdc, 0xde, 0xdc, 0xde, 0xdb, 0xde, 0xdb, 0xde,
    0xdb, 0xde, 0xdb, 0xde, 0xba, 0xd6, 0xba, 0xd6, 0xba, 0xd6, 0xba, 0xd6,
    0x38, 0xce, 0x38, 0xce, 0x37, 0xce, 0x17, 0xd6, 0xf6, 0xd5, 0x34, 0xbd,
    0x30, 0xa4, 0xce, 0xa3, 0xad, 0xab, 0x30, 0xc4, 0x91, 0xd4, 0x70, 0xcc,
    0xd1, 0xd4, 0x0f, 0xc4, 0xed, 0xb3, 0xcd, 0xb3, 0x0a, 0x93, 0xc9, 0x8a,
    0xa8, 0x82, 0xc8, 0x82, 0x2a, 0x93, 0x4a, 0x9b, 0x6b, 0xa3, 0xcc, 0xab,
    0xcd, 0xab, 0x0d, 0xb4, 0x0d, 0xb4, 0x4e, 0xbc, 0x6f, 0xc4, 0x6f, 0xc4,
    0x6f, 0xc4, 0x6f, 0xc4, 0x6f, 0xc4, 0x4e, 0xc4, 0x4e, 0xc4, 0x4f, 0xc4,
    0x6e, 0xc4, 0x4e, 0xc4, 0x6f, 0xc4, 0x6f, 0xc4, 0x4f, 0xc4, 0x4f, 0xc4,
    0x6f, 0xc4, 0x4f, 0xc4, 0x4f, 0xc4, 0x2e, 0xbc, 0x2e, 0xbc, 0x0e, 0xbc,
    0xed, 0xbb, 0x0e, 0xbc, 0x0e, 0xbc, 0x2e, 0xbc, 0x2e, 0xbc, 0x0e, 0xbc,
    0x2e, 0xbc, 0x2e, 0xbc, 0x4b, 0xa3, 0x8c, 0xab, 0x6b, 0xa3, 0xe9, 0x92,
    0xe9, 0x92, 0x2a, 0x9b, 0x4a, 0x9b, 0x0a, 0x93, 0x09, 0x93, 0x0a, 0x9b,
    0x09, 0x93, 0xe9, 0x92, 0x2a, 0x9b, 0x6b, 0xa3, 0x6b, 0xa3, 0xe9, 0x92,
    0xe9, 0x92, 0xe9, 0x92, 0xa8, 0x8a, 0x67, 0x82, 0x2a, 0x9b, 0x2a, 0x9b,
    0x2a, 0x9b, 0x6c, 0xa3, 0xcd, 0xb3, 0xed, 0xb3, 0x0e, 0xbc, 0x6f, 0xc4,
    0xb0, 0xcc, 0x90, 0xcc, 0x4f, 0xc4, 0x4f, 0xc4, 0x4f, 0xc4, 0x6f, 0xc4,
    0x4f, 0xc4, 0x4f, 0xc4, 0x4f, 0xc4, 0x4f, 0xc4, 0x4f, 0xcc, 0x2e, 0xc4,
    0x4e, 0xc4, 0x2e, 0xc4, 0x2e, 0xbc, 0x2e, 0xbc, 0x4d, 0xb4, 0x4e, 0xb4,
    0x4d, 0xb4, 0x6e, 0xac, 0x0d, 0xa4, 0xcc, 0x93, 0xb3, 0xcd, 0x37, 0xde,
    0x58, 0xd6, 0x99, 0xde, 0xba, 0xde, 0xdb, 0xde, 0xfb, 0xe6, 0xdb, 0xe6,
    0xdc, 0xe6, 0xdb, 0xe6, 0xfb, 0xe6, 0xdb, 0xe6, 0xfb, 0xe6, 0xfc, 0xe6,
    0xfb, 0xe6, 0x1b, 0xe7, 0x1b, 0xe7, 0xfb, 0xe6, 0x1b, 0xe7, 0xfb, 0xe6,
    0x1c, 0xe7, 0x1b, 0xe7, 0x1c, 0xef, 0x1c, 0xe7, 0x1c, 0xe7, 0x1c, 0xe7,
    0x1c, 0xef, 0xfc, 0xe6, 0x1c, 0xef, 0x1c, 0xef, 0x1c, 0xe7, 0x1c, 0xe7,
    0x1c, 0xef, 0x1c, 0xe7, 0x1c, 0xe7, 0x1c, 0xef, 0x3c, 0xe7, 0x3c, 0xe7,
    0x1c, 0xef, 0x1c, 0xe7, 0x3c, 0xe7, 0x3c, 0xe7, 0x1c, 0xe7, 0x3c, 0xe7,
    0x3c, 0xe7, 0x1c, 0xef, 0x3c, 0xe7, 0x3d, 0xef, 0x3c, 0xe7, 0x3c, 0xef,
    0x3c, 0xef, 0x3c, 0xe7, 0x3c, 0xe7, 0x3c, 0xef, 0x1c, 0xe7, 0x1c, 0xdf,
    0xfc, 0xe6, 0x1c, 0xe7, 0x1c, 0xdf, 0xfc, 0xe6, 0x1c, 0xe7, 0x1c, 0xdf,
    0xfc, 0xe6, 0x1c, 0xdf, 0x1c, 0xe7, 0xfc, 0xde, 0x1c, 0xe7, 0xfc, 0xde,
    0xfc, 0xde, 0xfc, 0xde, 0xfb, 0xde, 0xfc, 0xde, 0xfb, 0xde, 0xfb, 0xde,
    0xdc, 0xde, 0xfc, 0xde, 0xdb, 0xde, 0xfc, 0xde, 0xfc, 0xde, 0xdb, 0xde,
    0xfb, 0xde, 0xdc, 0xde, 0xdb, 0xde, 0xfb, 0xde, 0xdb, 0xde, 0xdc, 0xde,
    0xfb, 0xde, 0xdb, 0xde, 0xdb, 0xd6, 0xdb, 0xde, 0xba, 0xd6, 0xba, 0xd6,
    0xba, 0xd6, 0xba, 0xd6, 0x58, 0xc6, 0x38, 0xce, 0x38, 0xce, 0x37, 0xd6,
    0x17, 0xd6, 0xf6, 0xd5, 0x13, 0xbd, 0x30, 0xac, 0x0f, 0xb4, 0x91, 0xcc,
    0x91, 0xd4, 0x70, 0xcc, 0xd2, 0xd4, 0x2f, 0xbc, 0xee, 0xb3, 0xcd, 0xab,
    0x0a, 0x93, 0xc9, 0x8a, 0xa8, 0x82, 0xc9, 0x8a, 0x2a, 0x93, 0x4a, 0x9b,
    0x6b, 0x9b, 0xcc, 0xa3, 0xed, 0xab, 0xed, 0xb3, 0x0e, 0xb4, 0x2e, 0xbc,
    0x4e, 0xc4, 0x6e, 0xc4, 0x4f, 0xc4, 0x4f, 0xc4, 0x6e, 0xc4, 0x4f, 0xc4,
    0x6f, 0xc4, 0x6f, 0xc4, 0x4e, 0xc4, 0x6f, 0xc4, 0x6f, 0xc4, 0x6f, 0xc4,
    0x6f, 0xc4, 0x6f, 0xc4, 0x6f, 0xc4, 0x8f, 0xc4, 0x70, 0xc4, 0x4f, 0xc4,
    0x0e, 0xb4, 0xed, 0xb3, 0xed, 0xb3, 0xed, 0xb3, 0xcd, 0xb3, 0xcd, 0xb3,
    0xed, 0xb3, 0xed, 0xb3, 0xed, 0xb3, 0xed, 0xb3, 0x6b, 0x9b, 0x8c, 0xa3,
    0x4b, 0xa3, 0xe9, 0x92, 0xea, 0x92, 0x6b, 0xa3, 0x8c, 0xab, 0x2a, 0xa3,
    0x4b, 0xa3, 0x2a, 0x9b, 0x0a, 0x9b, 0xe9, 0x92, 0x0a, 0x9b, 0x6c, 0xa3,
    0x8c, 0xab, 0x6b, 0xa3, 0x2b, 0x9b, 0x0a, 0x9b, 0x0a, 0x9b, 0xe9, 0x92,
    0x4b, 0xa3, 0x2a, 0x9b, 0x0a, 0x9b, 0x6b, 0xa3, 0xac, 0xab, 0x6b, 0xa3,
    0xed, 0xb3, 0x2e, 0xbc, 0x90, 0xcc, 0x90, 0xcc, 0x4f, 0xc4, 0x2e, 0xbc,
    0x2e, 0xbc, 0x90, 0xcc, 0x6f, 0xc4, 0x4f, 0xc4, 0x4f, 0xc4, 0x4f, 0xc4,
    0x4e, 0xc4, 0x2e, 0xc4, 0x2e, 0xc4, 0x2e, 0xbc, 0x2d, 0xbc, 0x2d, 0xbc,
    0x2e, 0xb4, 0x4e, 0xb4, 0x4d, 0xb4, 0x6e, 0xac, 0x2d, 0x9c, 0xcc, 0x93,
    0xb3, 0xc5, 0x57, 0xd6, 0x78, 0xde, 0x99, 0xde, 0xda, 0xde, 0xdb, 0xde,
    0xdb, 0xde, 0xfb, 0xe6, 0xdb, 0xe6, 0xdc, 0xe6, 0xdb, 0xe6, 0xfb, 0xe6,
    0xfc, 0xe6, 0xfb, 0xe6, 0xfb, 0xe6, 0xfb, 0xde, 0x1b, 0xe7, 0x1b, 0xe7,
    0x1b, 0xe7, 0x1b, 0xe7, 0x1b, 0xe7, 0x1c, 0xe7, 0x1c, 0xe7, 0x1c, 0xe7,
    0x1c, 0xef, 0x1c, 0xe7, 0xfc, 0xe6, 0xfc, 0xe6, 0x1d, 0xef, 0x1c, 0xe7,
    0x1c, 0xe7, 0x1c, 0xe7, 0x1c, 0xef, 0x1c, 0xe7, 0x1c, 0xe7, 0x1c, 0xef,
    0x3c, 0xe7, 0x3c, 0xe7, 0x3c, 0xef, 0x1c, 0xe7, 0x3c, 0xe7, 0x3c, 0xe7,
    0x3c, 0xe7, 0x3c, 0xe7, 0x3c, 0xe7, 0x3c, 0xe7, 0x3c, 0xef, 0x3c, 0xe7,
    0x1c, 0xe7, 0x1c, 0xe7, 0x3c, 0xef, 0x1c, 0xe7, 0x3c, 0xef, 0x3c, 0xe7,
    0x1c, 0xe7, 0x1c, 0xdf, 0x1c, 0xe7, 0x1c, 0xdf, 0x1c, 0xe7, 0xfc, 0xe6,
    0x1c, 0xdf, 0x1c, 0xe7, 0xfc, 0xde, 0xfc, 0xe6, 0xfc, 0xde, 0x1c, 0xe7,
    0xfc, 0xe6, 0xfc, 0xde, 0xfb, 0xde, 0xfc, 0xe6, 0xfc, 0xde, 0xfc, 0xe6,
    0xfb, 0xde, 0xfc, 0xde, 0xdb, 0xde, 0xfb, 0xde, 0xdb, 0xde, 0xdc, 0xde,
    0xfc, 0xde, 0xdb, 0xde, 0xdb, 0xde, 0xdc, 0xde, 0xdb, 0xde, 0xdb, 0xde,
    0xdb, 0xde, 0xdb, 0xde, 0xdb, 0xde, 0xdb, 0xde, 0xdb, 0xde, 0xdb, 0xd6,
    0xbb, 0xd6, 0xba, 0xd6, 0xba, 0xd6, 0x99, 0xd6, 0x58, 0xc6, 0x58, 0xce,
    0x58, 0xce, 0x37, 0xce, 0x18, 0xd6, 0x37, 0xde, 0xd6, 0xcd, 0x13, 0xc5,
    0x50, 0xbc, 0x91, 0xcc, 0x91, 0xcc, 0x50, 0xc4, 0x70, 0xc4, 0x91, 0xcc,
    0x4f, 0xbc, 0x6c, 0xa3, 0x0a, 0x93, 0xe9, 0x8a, 0xa9, 0x82, 0xc9, 0x8a,
    0x2a, 0x8b, 0x4a, 0x93, 0x6b, 0x9b, 0xac, 0xa3, 0xcc, 0xab, 0xed, 0xb3,
    0x0d, 0xb4, 0x2e, 0xbc, 0x4e, 0xbc, 0x4e, 0xbc, 0x4e, 0xc4, 0x4e, 0xc4,
    0x4e, 0xc4, 0x4e, 0xc4, 0x4f, 0xc4, 0x4e, 0xc4, 0x4e, 0xc4, 0x4f, 0xc4,
    0x6f, 0xc4, 0x6e, 0xc4, 0x6f, 0xc4, 0x6f, 0xc4, 0x6f, 0xc4, 0x8f, 0xc4,
    0xb0, 0xcc, 0x4f, 0xc4, 0xed, 0xb3, 0xac, 0xab, 0x2e, 0xb4, 0xed, 0xab,
    0xac, 0xab, 0xac, 0xa3, 0xac, 0xab, 0xcc, 0xab, 0xcd, 0xab, 0xcc, 0xab,
    0x6b, 0xa3, 0x8c, 0xab, 0x6b, 0xa3, 0xe9, 0x92, 0x2a, 0xa3, 0x8c, 0xab,
    0xac, 0xb3, 0x6b, 0xa3, 0x4b, 0xa3, 0x2b, 0xa3, 0x0a, 0x9b, 0xe9, 0x92,
    0x0a, 0x9b, 0xe9, 0x92, 0x0a, 0x9b, 0x8c, 0xab, 0xac, 0xab, 0x6b, 0xa3,
    0x2a, 0x9b, 0x2a, 0x9b, 0x2a, 0x9b, 0x0a, 0x9b, 0x2a, 0xa3, 0xcd, 0xab,
    0x6b, 0xa3, 0x4a, 0x9b, 0xcd, 0xab, 0xad, 0xab, 0x2e, 0xbc, 0x6f, 0xc4,
    0x4f, 0xc4, 0x2e, 0xbc, 0x0e, 0xbc, 0x6f, 0xc4, 0x6f, 0xcc, 0x6f, 0xc4,
    0x4f, 0xc4, 0x4f, 0xc4, 0x2e, 0xc4, 0x2e, 0xbc, 0x2e, 0xbc, 0x0e, 0xbc,
    0x2d, 0xbc, 0x2e, 0xbc, 0x2d, 0xb4, 0x4d, 0xb4, 0x4d, 0xac, 0x4e, 0xac,
    0x0d, 0x9c, 0xec, 0x93, 0x94, 0xc5, 0x57, 0xd6, 0x78, 0xde, 0x9a, 0xde,
    0xba, 0xde, 0xdb, 0xde, 0xdb, 0xde, 0xdb, 0xde, 0xdb, 0xe6, 0xdb, 0xe6,
    0xdb, 0xe6, 0xdb, 0xe6, 0xfb, 0xe6, 0xfb, 0xe6, 0xfb, 0xe6, 0xfb, 0xde,
    0xfb, 0xde, 0xfb, 0xde, 0xfb, 0xe6, 0xfb, 0xe6, 0x1b, 0xe7, 0xfb, 0xe6,
    0xfc, 0xe6, 0xfc, 0xe6, 0x1c, 0xe7, 0x1c, 0xe7, 0xfc, 0xe6, 0xfc, 0xe6,
    0x1c, 0xe7, 0xfc, 0xee, 0x1c, 0xe7, 0x1c, 0xe7, 0x1c, 0xef, 0x3c, 0xe7,
    0x1c, 0xef, 0x1c, 0xe7, 0x3c, 0xe7, 0x1c, 0xe7, 0x1c, 0xe7, 0x3c, 0xe7,
    0x3c, 0xe7, 0x3c, 0xe7, 0x3c, 0xe7, 0x1c, 0xe7, 0x3c, 0xe7, 0x3c, 0xe7,
    0x1c, 0xe7, 0x3c, 0xef, 0x3c, 0xe7, 0x3d, 0xe7, 0x3c, 0xe7, 0x1c, 0xef,
    0x3c, 0xe7, 0x3c, 0xe7, 0xfc, 0xe6, 0x1c, 0xe7, 0xfc, 0xde, 0x1c, 0xe7,
    0x1c, 0xe7, 0x1c, 0xdf, 0x1c, 0xe7, 0x1c, 0xe7, 0xfc, 0xde, 0x1c, 0xe7,
    0x1c, 0xdf, 0xfc, 0xde, 0x1c, 0xe7, 0x1c, 0xe7, 0xfc, 0xde, 0xfb, 0xde,
    0xfc, 0xde, 0xfc, 0xde, 0xfc, 0xde, 0xfc, 0xde, 0xdb, 0xde, 0xfc, 0xde,
    0xfc, 0xde, 0xdb, 0xde, 0xdb, 0xde, 0xdb, 0xde, 0xdc, 0xde, 0xdb, 0xde,
    0xdb, 0xde, 0xdb, 0xde, 0xdb, 0xd6, 0xdb, 0xde, 0xdb, 0xd6, 0xdb, 0xde,
    0xdb, 0xde, 0xdb, 0xd6, 0xbb, 0xd6, 0x9a, 0xd6, 0xba, 0xd6, 0x9a, 0xce,
    0x78, 0xc6, 0x78, 0xc6, 0x58, 0xce, 0x38, 0xc6, 0x37, 0xce, 0x17, 0xce,
    0xf6, 0xd5, 0xf6, 0xd5, 0x91, 0xbc, 0x50, 0xbc, 0x91, 0xc4, 0x71, 0xc4,
    0xd2, 0xcc, 0xd2, 0xcc, 0x90, 0xc4, 0xce, 0xab, 0x2b, 0x93, 0xea, 0x8a,
    0xc9, 0x82, 0xc9, 0x8a, 0x09, 0x8b, 0x4a, 0x93, 0x6b, 0x9b, 0xac, 0xa3,
    0xcc, 0xab, 0xed, 0xab, 0xed, 0xb3, 0x2e, 0xb4, 0x4e, 0xbc, 0x2e, 0xbc,
    0x4e, 0xbc, 0x4e, 0xbc, 0x2e, 0xbc, 0x4e, 0xbc, 0x4e, 0xc4, 0x4e, 0xc4,
    0x6e, 0xbc, 0x6e, 0xc4, 0x6e, 0xc4, 0x6f, 0xc4, 0x6f, 0xc4, 0x6f, 0xc4,
    0x6f, 0xc4, 0x6f, 0xc4, 0x6f, 0xc4, 0x2e, 0xbc, 0xed, 0xb3, 0x2e, 0xb4,
    0x4e, 0xbc, 0x6b, 0x9b, 0x2a, 0x93, 0xcd, 0xab, 0x8c, 0xa3, 0x8c, 0xab,
    0x8b, 0xab, 0x6b, 0xa3, 0x6b, 0xa3, 0x6b, 0xa3, 0x6b, 0xa3, 0x4b, 0xa3,
    0xce, 0xbb, 0xcd, 0xb3, 0x8c, 0xab, 0x6c, 0xab, 0xcd, 0xb3, 0x4b, 0xa3,
    0x4b, 0xa3, 0x8d, 0xb3, 0xa9, 0x92, 0x0a, 0xa3, 0x8c, 0xab, 0x0e, 0xbc,
    0xac, 0xb3, 0xac, 0xab, 0xac, 0xb3, 0xac, 0xb3, 0x4b, 0xa3, 0x2a, 0x9b,
    0x2b, 0xa3, 0x4b, 0xa3, 0x4b, 0xa3, 0x2a, 0xa3, 0xac, 0xab, 0xcc, 0xab,
    0xcc, 0xb3, 0x8c, 0xab, 0x0e, 0xbc, 0x8b, 0xab, 0xcd, 0xb3, 0x4e, 0xbc,
    0x6f, 0xc4, 0x6f, 0xc4, 0x6e, 0xc4, 0x4e, 0xc4, 0x2e, 0xc4, 0x2e, 0xbc,
    0x2e, 0xbc, 0x0e, 0xbc, 0x2d, 0xbc, 0x2d, 0xbc, 0x2e, 0xb4, 0x4d, 0xac,
    0x4e, 0xac, 0x4e, 0xac, 0x0d, 0x9c, 0x0d, 0x94, 0xb4, 0xc5, 0x57, 0xde,
    0x99, 0xde, 0xba, 0xd6, 0xba, 0xde, 0xda, 0xde, 0xdb, 0xde, 0xdb, 0xde,
    0xdb, 0xe6, 0xdb, 0xe6, 0xdb, 0xe6, 0xdb, 0xe6, 0xdb, 0xe6, 0xdb, 0xe6,
    0xfb, 0xde, 0xfb, 0xe6, 0xfb, 0xe6, 0xfb, 0xe6, 0xfb, 0xe6, 0xfb, 0xe6,
    0x1b, 0xe7, 0x1b, 0xe7, 0xfb, 0xe6, 0x1c, 0xe7, 0x1c, 0xe7, 0x1c, 0xe7,
    0xfc, 0xe6, 0x1c, 0xe7, 0x1c, 0xe7, 0x1c, 0xe7, 0x1c, 0xe7, 0x1c, 0xe7,
    0x1c, 0xef, 0x1d, 0xe7, 0x1c, 0xe7, 0x1c, 0xef, 0x3c, 0xe7, 0x1c, 0xef,
    0x3c, 0xe7, 0x1c, 0xe7, 0x3c, 0xe7, 0x3c, 0xe7, 0x1c, 0xe7, 0x3c, 0xe7,
    0x3c, 0xe7, 0x3c, 0xe7, 0x1d, 0xe7, 0x3c, 0xef, 0x3c, 0xef, 0x3c, 0xe7,
    0x3d, 0xef, 0x3d, 0xe7, 0x1c, 0xe7, 0x3c, 0xef, 0x1c, 0xdf, 0x1c, 0xe7,
    0x1c, 0xe7, 0xfc, 0xde, 0x1c, 0xe7, 0xfc, 0xde, 0x1c, 0xe7, 0x1c, 0xe7,
    0xfc, 0xde, 0xfc, 0xe6, 0x1c, 0xe7, 0xfc, 0xde, 0xfc, 0xde, 0x1c, 0xe7,
    0xfc, 0xde, 0xfc, 0xde, 0xfb, 0xe6, 0xfc, 0xde, 0xfb, 0xde, 0xfc, 0xde,
    0xdb, 0xde, 0xdc, 0xde, 0xfb, 0xde, 0xdb, 0xde, 0xdb, 0xde, 0xdb, 0xde,
    0xdb, 0xde, 0xdb, 0xde, 0xdb, 0xd6, 0xdb, 0xd6, 0xdb, 0xde, 0xdb, 0xd6,
    0xdb, 0xde, 0xdb, 0xde, 0xdb, 0xd6, 0xbb, 0xd6, 0xbb, 0xd6, 0xba, 0xd6,
    0x9a, 0xd6, 0x9a, 0xce, 0x79, 0xc6, 0x78, 0xc6, 0x58, 0xc6, 0x57, 0xc6,
    0x37, 0xc6, 0x17, 0xce, 0x16, 0xce, 0xf6, 0xd5, 0x54, 0xcd, 0x30, 0xb4,
    0x10, 0xb4, 0xb1, 0xc4, 0xb1, 0xc4, 0x91, 0xbc, 0x50, 0xbc, 0xee, 0xab,
    0x2b, 0x8b, 0xea, 0x8a, 0xa9, 0x82, 0xc9, 0x82, 0xe9, 0x8a, 0x2a, 0x93,
    0x6b, 0x9b, 0x8b, 0xa3, 0xac, 0xa3, 0xed, 0xab, 0xed, 0xb3, 0x0e, 0xb4,
    0x2e, 0xbc, 0x2e, 0xbc, 0x2e, 0xbc, 0x2e, 0xbc, 0x2e, 0xbc, 0x2e, 0xbc,
    0x4e, 0xc4, 0x4e, 0xbc, 0x4e, 0xbc, 0x4e, 0xbc, 0x4e, 0xbc, 0x4f, 0xbc,
    0x4f, 0xc4, 0x4f, 0xc4, 0x4f, 0xc4, 0x4f, 0xbc, 0x2e, 0xbc, 0xed, 0xab,
    0x0d, 0xac, 0x2e, 0xb4, 0x2e, 0xb4, 0x8b, 0xa3, 0x4a, 0x9b, 0xac, 0xab,
    0x8c, 0xab, 0x8c, 0xab, 0x8b, 0xa3, 0x8c, 0xab, 0x8c, 0xab, 0x8c, 0xab,
    0x6c, 0xab, 0x6c, 0xab, 0xcd, 0xb3, 0xee, 0xbb, 0x2f, 0xc4, 0x4f, 0xc4,
    0x0e, 0xbc, 0x2f, 0xc4, 0xee, 0xbb, 0x4b, 0xa3, 0x0a, 0x9b, 0x6c, 0xab,
    0xcd, 0xb3, 0xee, 0xbb, 0x70, 0xcc, 0x2f, 0xc4, 0xcd, 0xb3, 0x8c, 0xab,
    0x4b, 0xa3, 0x4b, 0xa3, 0x4b, 0xa3, 0x6b, 0xa3, 0x4b, 0xa3, 0x2a, 0x9b,
    0x8c, 0xa3, 0xac, 0xab, 0x8c, 0xab, 0x8b, 0xa3, 0xcd, 0xb3, 0x6b, 0xa3,
    0x8b, 0xa3, 0x0d, 0xb4, 0x2e, 0xbc, 0x4e, 0xc4, 0x4f, 0xc4, 0x2e, 0xbc,
    0x2e, 0xbc, 0x0d, 0xbc, 0x2e, 0xc4, 0x2e, 0xbc, 0x2d, 0xbc, 0x2d, 0xb4,
    0x2d, 0xb4, 0x2d, 0xac, 0x2d, 0xac, 0x4d, 0xa4, 0x0d, 0x9c, 0x4f, 0x9c,
    0xf5, 0xcd, 0x77, 0xd6, 0x99, 0xde, 0x9a, 0xde, 0xba, 0xde, 0xba, 0xde,
    0xbb, 0xde, 0xbb, 0xde, 0xdb, 0xde, 0xdb, 0xde, 0xdb, 0xde, 0xdb, 0xde,
    0xdb, 0xe6, 0xdb, 0xe6, 0xdb, 0xde, 0xdb, 0xde, 0xfb, 0xe6, 0xfb, 0xde,
    0xfb, 0xe6, 0xfb, 0xe6, 0xfb, 0xe6, 0xfc, 0xe6, 0xfc, 0xe6, 0xfc, 0xe6,
    0xfc, 0xe6, 0xfc, 0xe6, 0xfc, 0xe6, 0x1c, 0xe7, 0xfc, 0xe6, 0x1c, 0xe7,
    0x1c, 0xe7, 0x1c, 0xe7, 0x1c, 0xe7, 0x1c, 0xef, 0x3c, 0xe7, 0x1c, 0xef,
    0x3c, 0xe7, 0x3c, 0xe7, 0x1c, 0xef, 0x1c, 0xe7, 0x3c, 0xe7, 0x3c, 0xe7,
    0x3c, 0xe7, 0x1c, 0xe7, 0x3c, 0xe7, 0x3c, 0xe7, 0x3c, 0xe7, 0x3c, 0xe7,
    0x1c, 0xe7, 0x1c, 0xef, 0x3d, 0xe7, 0x3c, 0xe7, 0x3c, 0xef, 0x3c, 0xe7,
    0xfc, 0xde, 0xfc, 0xde, 0xfc, 0xde, 0x1c, 0xe7, 0xfc, 0xde, 0xfc, 0xde,
    0xfc, 0xde, 0x1c, 0xdf, 0xfc, 0xde, 0xfc, 0xde, 0xfb, 0xde, 0xfb, 0xde,
    0xfc, 0xde, 0xfb, 0xde, 0xfc, 0xde, 0xfc, 0xe6, 0xfc, 0xde, 0xfc, 0xde,
    0xfb, 0xde, 0xfc, 0xde, 0xdc, 0xde, 0xdb, 0xde, 0xfc, 0xde, 0xdc, 0xde,
    0xdb, 0xde, 0xdb, 0xde, 0xdb, 0xde, 0xdb, 0xde, 0xdb, 0xd6, 0xdb, 0xde,
    0xdb, 0xde, 0xdb, 0xde, 0xdb, 0xd6, 0xdb, 0xde, 0xbb, 0xd6, 0xbb, 0xd6,
    0xbb, 0xd6, 0x9a, 0xd6, 0x9a, 0xd6, 0x99, 0xce, 0x99, 0xce, 0x78, 0xc6,
    0x78, 0xc6, 0x58, 0xc6, 0x37, 0xc6, 0x37, 0xc6, 0x16, 0xce, 0x16, 0xd6,
    0xf7, 0xdd, 0x92, 0xbc, 0x30, 0xb4, 0x50, 0xb4, 0x50, 0xb4, 0x0f, 0xac,
    0x0e, 0xac, 0xce, 0xa3, 0xea, 0x82, 0xa9, 0x7a, 0x88, 0x7a, 0xa8, 0x7a,
    0xe9, 0x82, 0x2a, 0x93, 0x6b, 0x9b, 0x8b, 0xa3, 0xac, 0xa3, 0xcd, 0xab,
    0xed, 0xb3, 0x0d, 0xb4, 0x0e, 0xb4, 0x0e, 0xbc, 0x2e, 0xbc, 0x2e, 0xbc,
    0x2e, 0xbc, 0x2e, 0xbc, 0x2e, 0xbc, 0x2e, 0xbc, 0x4e, 0xbc, 0x4e, 0xbc,
    0x4e, 0xbc, 0x4e, 0xbc, 0x2e, 0xbc, 0x2e, 0xbc, 0x2e, 0xbc, 0x2e, 0xbc,
    0x0d, 0xb4, 0xac, 0xab, 0x0d, 0xb4, 0x2e, 0xb4, 0x0d, 0xb4, 0xac, 0xa3,
    0x8b, 0xa3, 0x8b, 0xa3, 0x8c, 0xa3, 0xac, 0xab, 0x8c, 0xab, 0x8c, 0xab,
    0x8c, 0xab, 0x8c, 0xab, 0x8c, 0xb3, 0x8d, 0xb3, 0x4f, 0xcc, 0x70, 0xcc,
    0x91, 0xd4, 0xb1, 0xd4, 0x70, 0xd4, 0xd1, 0xdc, 0xb1, 0xd4, 0x2f, 0xcc,
    0x90, 0xd4, 0x70, 0xcc, 0x70, 0xcc, 0x4f, 0xcc, 0x90, 0xcc, 0x2e, 0xc4,
    0xcd, 0xb3, 0x8c, 0xab, 0x8c, 0xab, 0x8c, 0xab, 0x8c, 0xab, 0x6b, 0xab,
    0x4b, 0xa3, 0x4b, 0x9b, 0x8b, 0xab, 0x8c, 0xab, 0x6b, 0xa3, 0x8c, 0xab,
    0x8c, 0xa3, 0x8c, 0xab, 0x8b, 0xab, 0xac, 0xab, 0x0d, 0xb4, 0x2e, 0xbc,
    0x4e, 0xbc, 0x2e, 0xbc, 0x0d, 0xbc, 0x2d, 0xbc, 0x0e, 0xbc, 0x0e, 0xbc,
    0x2e, 0xbc, 0x2e, 0xb4, 0x2d, 0xb4, 0x2d, 0xac, 0x2d, 0xac, 0x4d, 0xa4,
    0x0d, 0x9c, 0xb0, 0xa4, 0x57, 0xd6, 0x77, 0xde, 0x99, 0xde, 0x9a, 0xde,
    0xba, 0xde, 0xba, 0xde, 0xba, 0xde, 0xba, 0xde, 0xbb, 0xde, 0xbb, 0xde,
    0xdb, 0xe6, 0xbb, 0xde, 0xdb, 0xde, 0xdb, 0xe6, 0xfb, 0xde, 0xdb, 0xe6,
    0xfb, 0xde, 0xfb, 0xde, 0xfb, 0xe6, 0xfb, 0xe6, 0xfb, 0xe6, 0xfb, 0xe6,
    0xfc, 0xe6, 0xfb, 0xe6, 0x1c, 0xe7, 0x1c, 0xe7, 0xfb, 0xe6, 0xfc, 0xe6,
    0xfc, 0xe6, 0xfc, 0xe6, 0x1c, 0xe7, 0x1c, 0xef, 0x1c, 0xe7, 0x1c, 0xe7,
    0x1c, 0xef, 0x1c, 0xe7, 0x3c, 0xe7, 0x1c, 0xe7, 0x3c, 0xe7, 0x1c, 0xef,
    0x3c, 0xe7, 0x3c, 0xe7, 0x3c, 0xe7, 0x3c, 0xe7, 0x1c, 0xe7, 0x3c, 0xe7,
    0x3c, 0xef, 0x3c, 0xe7, 0x3c, 0xe7, 0x3c, 0xef, 0x3c, 0xe7, 0x1d, 0xef,
    0x3c, 0xe7, 0x3c, 0xe7, 0xfc, 0xe6, 0x1c, 0xe7, 0x1c, 0xdf, 0xfc, 0xe6,
    0x1c, 0xe7, 0x1c, 0xe7, 0xfc, 0xe6, 0xfc, 0xe6, 0xfc, 0xde, 0xfc, 0xde,
    0xfc, 0xde, 0xfc, 0xe6, 0xfc, 0xde, 0xfb, 0xde, 0xfc, 0xde, 0xfc, 0xde,
    0xfb, 0xe6, 0xfc, 0xde, 0xfc, 0xde, 0xfb, 0xe6, 0xdb, 0xde, 0xfc, 0xde,
    0xfb, 0xde, 0xdb, 0xde, 0xdc, 0xde, 0xdb, 0xd6, 0xdb, 0xde, 0xdb, 0xde,
    0xdb, 0xd6, 0xdb, 0xde, 0xdb, 0xde, 0xdb, 0xd6, 0xdb, 0xde, 0xdb, 0xde,
    0xbb, 0xd6, 0xbb, 0xde, 0xba, 0xd6, 0xba, 0xd6, 0xba, 0xd6, 0xba, 0xce,
    0x99, 0xce, 0x79, 0xc6, 0x78, 0xc6, 0x57, 0xc6, 0x37, 0xc6, 0x37, 0xc6,
    0x17, 0xc6, 0x16, 0xd6, 0xf6, 0xd5, 0x95, 0xd5, 0xd1, 0xbc, 0xad, 0x93,
    0x0f, 0xa4, 0xee, 0xa3, 0xcd, 0x9b, 0xad, 0x93, 0xe9, 0x7a, 0xa8, 0x72,
    0xa9, 0x7a, 0x68, 0x72, 0xe9, 0x82, 0x2a, 0x93, 0x6b, 0x9b, 0x8b, 0x9b,
    0xcc, 0xab, 0xcc, 0xab, 0xed, 0xb3, 0x0d, 0xb4, 0x0d, 0xb4, 0x0d, 0xb4,
    0x2e, 0xbc, 0x0e, 0xbc, 0x2e, 0xbc, 0x2e, 0xbc, 0x2e, 0xc4, 0x2e, 0xc4,
    0x4e, 0xbc, 0x2e, 0xbc, 0x4e, 0xc4, 0x4e, 0xbc, 0x2e, 0xbc, 0x2e, 0xbc,
    0x0e, 0xb4, 0x0d, 0xb4, 0xcd, 0xab, 0xac, 0xab, 0x0d, 0xb4, 0xed, 0xab,
    0xed, 0xab, 0xac, 0xa3, 0x8c, 0xa3, 0x6b, 0xa3, 0x8b, 0xa3, 0x8c, 0xab,
    0x8c, 0xab, 0xac, 0xab, 0xac, 0xb3, 0xac, 0xb3, 0xad, 0xb3, 0xad, 0xb3,
    0xad, 0xb3, 0x8c, 0xb3, 0x4b, 0xab, 0x2b, 0xa3, 0x4b, 0xab, 0x4b, 0xab,
    0xad, 0xb3, 0x70, 0xcc, 0x90, 0xd4, 0x50, 0xcc, 0x0e, 0xc4, 0xee, 0xbb,
    0xac, 0xb3, 0xac, 0xb3, 0xac, 0xb3, 0xac, 0xb3, 0xac, 0xb3, 0xac, 0xb3,
    0xac, 0xb3, 0xac, 0xab, 0x4b, 0xa3, 0x2a, 0xa3, 0x8c, 0xa3, 0xcc, 0xab,
    0x4b, 0xa3, 0xac, 0xab, 0x2a, 0x9b, 0x8c, 0xab, 0xac, 0xab, 0x8b, 0xa3,
    0x8c, 0xab, 0x0e, 0xb4, 0x2e, 0xbc, 0x2e, 0xbc, 0x0d, 0xbc, 0x2e, 0xbc,
    0x2e, 0xbc, 0x0d, 0xbc, 0x0e, 0xbc, 0x0e, 0xb4, 0x0d, 0xac, 0x0d, 0xac,
    0x2d, 0xac, 0x2e, 0xa4, 0xed, 0x93, 0xf1, 0xb4, 0x57, 0xde, 0x78, 0xde,
    0x99, 0xde, 0x99, 0xde, 0xba, 0xde, 0xba, 0xde, 0xba, 0xde, 0xba, 0xde,
    0xdb, 0xde, 0xdb, 0xe6, 0xba, 0xe6, 0xda, 0xde, 0xdb, 0xe6, 0xdb, 0xde,
    0xfb, 0xe6, 0xfb, 0xe6, 0xfb, 0xde, 0xfb, 0xe6, 0xfb, 0xe6, 0xfb, 0xe6,
    0xfb, 0xe6, 0xfc, 0xe6, 0xfc, 0xe6, 0xfb, 0xe6, 0x1c, 0xe7, 0xfc, 0xe6,
    0xfb, 0xe6, 0x1c, 0xe7, 0x1c, 0xe7, 0xfc, 0xe6, 0x1c, 0xe7, 0x1c, 0xef,
    0x1c, 0xe7, 0x1c, 0xe7, 0x1c, 0xef, 0x1c, 0xe7, 0x3c, 0xe7, 0x1c, 0xef,
    0x3c, 0xe7, 0x3c, 0xe7, 0x3c, 0xe7, 0x1c, 0xe7, 0x3c, 0xe7, 0x3c, 0xe7,
    0x3c, 0xe7, 0x1c, 0xe7, 0x3c, 0xef, 0x1d, 0xef, 0x3c, 0xe7, 0x3c, 0xe7,
    0x1d, 0xef, 0x3c, 0xe7, 0x3c, 0xe7, 0x1c, 0xef, 0x1c, 0xdf, 0xfc, 0xe6,
    0x1c, 0xdf, 0xfc, 0xde, 0xfc, 0xe6, 0x1c, 0xdf, 0x1c, 0xdf, 0xfc, 0xe6,
    0xfb, 0xde, 0xfc, 0xde, 0xfc, 0xe6, 0xfc, 0xde, 0xfc, 0xde, 0xfc, 0xe6,
    0xfb, 0xde, 0xfb, 0xde, 0xfc, 0xde, 0xdc, 0xde, 0xfb, 0xde, 0xdb, 0xde,
    0xdc, 0xde, 0xdb, 0xde, 0xdb, 0xde, 0xdc, 0xde, 0xfb, 0xde, 0xdc, 0xde,
    0xdc, 0xde, 0xdb, 0xde, 0xdb, 0xde, 0xdb, 0xd6, 0xbb, 0xd6, 0xbb, 0xd6,
    0xbb, 0xde, 0xbb, 0xde, 0xbb, 0xde, 0xba, 0xd6, 0xba, 0xde, 0x9a, 0xd6,
    0x9a, 0xd6, 0x9a, 0xd6, 0x99, 0xce, 0x79, 0xce, 0x58, 0xce, 0x58, 0xce,
    0x38, 0xce, 0x17, 0xce, 0xf7, 0xc5, 0xf6, 0xc5, 0x58, 0xde, 0x16, 0xce,
    0x53, 0xbd, 0x2f, 0x9c, 0x4b, 0x7b, 0x8c, 0x83, 0x8c, 0x83, 0x2b, 0x7b,
    0xc9, 0x72, 0x0a, 0x83, 0xc9, 0x7a, 0x88, 0x72, 0xc9, 0x82, 0xa8, 0x7a,
    0xc9, 0x82, 0x6b, 0x9b, 0xac, 0xa3, 0xcc, 0xab, 0xed, 0xab, 0xed, 0xb3,
    0x0e, 0xb4, 0x0e, 0xb4, 0x0d, 0xbc, 0x2d, 0xbc, 0x2d, 0xbc, 0x2d, 0xbc,
    0x2e, 0xbc, 0x2e, 0xbc, 0x4e, 0xbc, 0x2e, 0xbc, 0x2e, 0xbc, 0x4e, 0xbc,
    0x2e, 0xbc, 0x0e, 0xbc, 0xed, 0xb3, 0xed, 0xb3, 0xcc, 0xab, 0xac, 0xab,
    0xed, 0xab, 0x8b, 0xa3, 0x8b, 0x9b, 0x8b, 0xa3, 0x6b, 0x9b, 0x09, 0x93,
    0x0a, 0x9b, 0x4b, 0xa3, 0x8c, 0xab, 0xac, 0xb3, 0x6c, 0xb3, 0x2b, 0xa3,
    0xc9, 0x9a, 0x88, 0x92, 0x47, 0x8a, 0x47, 0x8a, 0x48, 0x8a, 0x27, 0x82,
    0x07, 0x82, 0x27, 0x82, 0x68, 0x92, 0xa9, 0x92, 0x0a, 0xa3, 0xca, 0x9a,
    0x68, 0x92, 0x47, 0x8a, 0x48, 0x8a, 0x68, 0x8a, 0xa9, 0x92, 0xc9, 0x92,
    0x2b, 0xa3, 0x6c, 0xab, 0xcd, 0xb3, 0xcd, 0xb3, 0x0e, 0xbc, 0xcd, 0xb3,
    0x6b, 0xa3, 0x2a, 0x9b, 0xcc, 0xb3, 0x6b, 0xa3, 0x29, 0x9b, 0x4a, 0x9b,
    0x6b, 0xa3, 0xac, 0xab, 0xcc, 0xab, 0xec, 0xb3, 0x0d, 0xb4, 0x4e, 0xbc,
    0xed, 0xb3, 0x2e, 0xbc, 0x0d, 0xbc, 0x0d, 0xbc, 0x0e, 0xb4, 0x0e, 0xb4,
    0x0e, 0xb4, 0x0e, 0xac, 0x2e, 0xa4, 0x4e, 0xa4, 0xac, 0x8b, 0x73, 0xbd,
    0x57, 0xd6, 0x78, 0xde, 0x99, 0xde, 0x99, 0xde, 0x9a, 0xde, 0xba, 0xd6,
    0xba, 0xde, 0xbb, 0xde, 0xda, 0xde, 0xda, 0xde, 0xda, 0xde, 0xda, 0xde,
    0xdb, 0xde, 0xdb, 0xde, 0xdb, 0xde, 0xdb, 0xde, 0xdb, 0xde, 0xdb, 0xde,
    0xdb, 0xe6, 0xfb, 0xe6, 0xfb, 0xde, 0xfb, 0xe6, 0xfc, 0xe6, 0xfb, 0xe6,
    0xfc, 0xe6, 0xfb, 0xe6, 0xfb, 0xe6, 0xfb, 0xe6, 0xfb, 0xe6, 0x1b, 0xe7,
    0x1c, 0xe7, 0x1c, 0xe7, 0x1c, 0xe7, 0x1c, 0xe7, 0x1c, 0xe7, 0x1c, 0xe7,
    0x1c, 0xe7, 0x1c, 0xe7, 0x1c, 0xe7, 0x1c, 0xe7, 0x3c, 0xe7, 0x3c, 0xe7,
    0x1d, 0xe7, 0x3d, 0xe7, 0x3c, 0xe7, 0x3c, 0xe7, 0x3d, 0xe7, 0x1d, 0xe7,
    0x3c, 0xef, 0x3d, 0xe7, 0x3c, 0xe7, 0x3c, 0xef, 0x3d, 0xe7, 0x3c, 0xe7,
    0xfc, 0xde, 0xfc, 0xe6, 0x1c, 0xe7, 0x1c, 0xdf, 0xfc, 0xde, 0xfc, 0xe6,
    0x1c, 0xdf, 0x1c, 0xe7, 0xfb, 0xde, 0xfc, 0xde, 0xfb, 0xde, 0xfb, 0xde,
    0xfc, 0xde, 0xfc, 0xe6, 0xfb, 0xde, 0xfc, 0xde, 0xfc, 0xde, 0xfb, 0xde,
    0xfc, 0xde, 0xdc, 0xde, 0xfc, 0xde, 0xdb, 0xde, 0xdb, 0xde, 0xdc, 0xde,
    0xdb, 0xde, 0xfb, 0xde, 0xdc, 0xde, 0xdb, 0xd6, 0xdb, 0xde, 0xdb, 0xde,
    0xbb, 0xd6, 0xdb, 0xd6, 0xdb, 0xde, 0xdb, 0xde, 0xbb, 0xd6, 0xbb, 0xd6,
    0xba, 0xd6, 0x9a, 0xd6, 0x9a, 0xd6, 0xba, 0xd6, 0x79, 0xd6, 0x79, 0xce,
    0x58, 0xce, 0x38, 0xce, 0x38, 0xce, 0x17, 0xc6, 0x17, 0xce, 0xf6, 0xc5,
    0xd5, 0xc5, 0xf6, 0xc5, 0xd5, 0xc5, 0x94, 0xbd, 0x8f, 0x9c, 0x2e, 0x94,
    0x2e, 0x94, 0x8f, 0xa4, 0x6f, 0xa4, 0x6c, 0x83, 0xe9, 0x72, 0xc9, 0x72,
    0xc9, 0x7a, 0x88, 0x7a, 0xc9, 0x82, 0x6b, 0x9b, 0xab, 0xa3, 0xac, 0xa3,
    0xcd, 0xab, 0xed, 0xab, 0x0e, 0xb4, 0x0e, 0xb4, 0x0d, 0xbc, 0x0e, 0xb4,
    0x2d, 0xbc, 0x2d, 0xbc, 0x2e, 0xbc, 0x2d, 0xbc, 0x4e, 0xbc, 0x4e, 0xbc,
    0x2d, 0xbc, 0x4e, 0xbc, 0x4e, 0xbc, 0x0d, 0xbc, 0xed, 0xb3, 0xcc, 0xab,
    0xac, 0xab, 0x8b, 0xa3, 0xac, 0xa3, 0x6b, 0x9b, 0x4a, 0x9b, 0x4a, 0x9b,
    0x2a, 0x93, 0xe9, 0x8a, 0xe9, 0x92, 0x0a, 0x9b, 0x0a, 0x9b, 0x2b, 0xa3,
    0x27, 0x8a, 0x07, 0x82, 0xe6, 0x79, 0xc6, 0x79, 0x64, 0x71, 0x64, 0x69,
    0x64, 0x71, 0x44, 0x69, 0x23, 0x69, 0x23, 0x69, 0x64, 0x69, 0x65, 0x71,
    0x85, 0x79, 0x85, 0x71, 0x64, 0x69, 0x43, 0x69, 0x44, 0x69, 0x64, 0x69,
    0xa5, 0x71, 0xc5, 0x79, 0x06, 0x82, 0x88, 0x92, 0xea, 0x9a, 0x0a, 0x9b,
    0x0a, 0x9b, 0x2a, 0xa3, 0x4b, 0xa3, 0x8b, 0xa3, 0x2a, 0x9b, 0x09, 0x93,
    0x4a, 0x9b, 0xac, 0xab, 0x2a, 0x9b, 0x6b, 0xa3, 0xab, 0xab, 0xcc, 0xab,
    0x0d, 0xb4, 0x4e, 0xc4, 0xec, 0xb3, 0x2e, 0xbc, 0x0d, 0xbc, 0x0e, 0xb4,
    0x2e, 0xb4, 0x0e, 0xb4, 0x0e, 0xac, 0x0e, 0xac, 0x2e, 0xa4, 0x2f, 0xa4,
    0x0e, 0x94, 0xf5, 0xcd, 0x36, 0xd6, 0x98, 0xde, 0x99, 0xde, 0x9a, 0xde,
    0x9a, 0xde, 0x9a, 0xde, 0xba, 0xde, 0xbb, 0xde, 0xda, 0xde, 0xda, 0xe6,
    0xbb, 0xde, 0xda, 0xe6, 0xdb, 0xde, 0xda, 0xde, 0xdb, 0xe6, 0xdb, 0xe6,
    0xdb, 0xde, 0xdb, 0xde, 0xfb, 0xe6, 0xfb, 0xe6, 0xfb, 0xde, 0xfb, 0xe6,
    0xfc, 0xe6, 0xfb, 0xde, 0xfc, 0xde, 0xfc, 0xe6, 0xfb, 0xe6, 0xfb, 0xe6,
    0xfb, 0xe6, 0x1c, 0xe7, 0x1c, 0xe7, 0x1c, 0xe7, 0x1c, 0xe7, 0x1c, 0xef,
    0x1c, 0xe7, 0x1c, 0xe7, 0x1c, 0xe7, 0x1c, 0xe7, 0x3c, 0xef, 0x1c, 0xe7,
    0x3c, 0xe7, 0x3c, 0xe7, 0x3c, 0xe7, 0x1c, 0xe7, 0x3c, 0xe7, 0x3c, 0xe7,
    0x3d, 0xe7, 0x3c, 0xef, 0x1c, 0xe7, 0x3d, 0xef, 0x3c, 0xe7, 0x1d, 0xef,
    0x3c, 0xe7, 0x3c, 0xe7, 0xfc, 0xde, 0xfb, 0xde, 0xfb, 0xde, 0xfc, 0xde,
    0xfb, 0xde, 0xfb, 0xde, 0xfc, 0xde, 0xfc, 0xde, 0xfb, 0xde, 0xfc, 0xde,
    0xfc, 0xde, 0xfb, 0xde, 0xfc, 0xde, 0xfc, 0xde, 0xdb, 0xde, 0xfc, 0xde,
    0xdc, 0xde, 0xfb, 0xe6, 0xfc, 0xde, 0xdb, 0xde, 0xfc, 0xde, 0xdb, 0xde,
    0xdb, 0xde, 0xfc, 0xde, 0xdb, 0xde, 0xdb, 0xde, 0xdb, 0xde, 0xdb, 0xde,
    0xdb, 0xde, 0xdb, 0xde, 0xbb, 0xd6, 0xbb, 0xd6, 0xbb, 0xde, 0xba, 0xde,
    0xba, 0xd6, 0xba, 0xde, 0xbb, 0xde, 0xba, 0xd6, 0xba, 0xd6, 0x9a, 0xd6,
    0x79, 0xd6, 0x79, 0xce, 0x59, 0xce, 0x38, 0xce, 0x38, 0xce, 0x37, 0xce,
    0xf7, 0xc5, 0xf6, 0xc5, 0xd5, 0xc5, 0xd5, 0xc5, 0xf5, 0xc5, 0xf5, 0xc5,
    0xf5, 0xc5, 0x94, 0xbd, 0x94, 0xbd, 0xf5, 0xcd, 0x74, 0xc5, 0x6c, 0x83,
    0xa9, 0x6a, 0xe9, 0x7a, 0xc9, 0x7a, 0xa8, 0x7a, 0xc8, 0x8a, 0x4a, 0x9b,
    0x8b, 0xa3, 0xac, 0xa3, 0xcc, 0xab, 0xed, 0xab, 0x0d, 0xb4, 0x0d, 0xb4,
    0x0d, 0xb4, 0x0e, 0xb4, 0x0d, 0xb4, 0x0d, 0xb4, 0x2e, 0xbc, 0x2d, 0xbc,
    0x2d, 0xbc, 0x2e, 0xbc, 0x4e, 0xbc, 0x2e, 0xbc, 0x4e, 0xbc, 0x2e, 0xbc,
    0xed, 0xb3, 0xcc, 0xab, 0xab, 0xa3, 0x4a, 0x9b, 0x8b, 0xa3, 0x4a, 0x9b,
    0x29, 0x93, 0x29, 0x8b, 0xe9, 0x8a, 0xa8, 0x82, 0x87, 0x82, 0x67, 0x82,
    0x06, 0x82, 0xe6, 0x81, 0x23, 0x69, 0x03, 0x69, 0xc2, 0x58, 0xa1, 0x58,
    0x80, 0x50, 0x60, 0x50, 0x61, 0x50, 0x60, 0x50, 0x40, 0x48, 0x20, 0x48,
    0x00, 0x48, 0x00, 0x40, 0x00, 0x40, 0x00, 0x48, 0x00, 0x48, 0x00, 0x48,
    0x20, 0x40, 0x40, 0x48, 0x60, 0x50, 0x81, 0x50, 0xc1, 0x58, 0x22, 0x61,
    0x63, 0x69, 0xa4, 0x71, 0x88, 0x8a, 0x67, 0x8a, 0x46, 0x82, 0x26, 0x7a,
    0xa8, 0x8a, 0xc8, 0x8a, 0x09, 0x93, 0x8b, 0xa3, 0x29, 0x9b, 0x2a, 0x9b,
    0x6b, 0xa3, 0x8b, 0xab, 0x0d, 0xb4, 0x4e, 0xbc, 0xec, 0xb3, 0x2e, 0xbc,
    0x0d, 0xb4, 0x0e, 0xb4, 0x0e, 0xb4, 0x0e, 0xb4, 0x0e, 0xac, 0x0e, 0xa4,
    0x0e, 0xa4, 0x2e, 0xa4, 0xb0, 0xac, 0x37, 0xd6, 0x57, 0xd6, 0x98, 0xde,
    0x99, 0xde, 0x9a, 0xde, 0xba, 0xd6, 0xba, 0xde, 0xba, 0xde, 0xba, 0xde,
    0xba, 0xde, 0xba, 0xde, 0xba, 0xde, 0xba, 0xde, 0xdb, 0xde, 0xdb, 0xde,
    0xdb, 0xde, 0xdb, 0xde, 0xdb, 0xe6, 0xdb, 0xde, 0xfb, 0xe6, 0xfc, 0xe6,
    0xfb, 0xe6, 0xfb, 0xe6, 0xfc, 0xe6, 0xfb, 0xe6, 0xfc, 0xde, 0xfc, 0xe6,
    0x1b, 0xe7, 0xfc, 0xe6, 0x1c, 0xe7, 0xfb, 0xe6, 0xfb, 0xe6, 0xfb, 0xe6,
    0x1c, 0xe7, 0x1c, 0xe7, 0x1c, 0xef, 0x1c, 0xe7, 0x1c, 0xe7, 0x3c, 0xe7,
    0x3c, 0xef, 0x1c, 0xe7, 0x3c, 0xe7, 0x3c, 0xe7, 0x3c, 0xe7, 0x3d, 0xe7,
    0x1c, 0xe7, 0x1c, 0xe7, 0x3d, 0xef, 0x3c, 0xe7, 0x3c, 0xe7, 0x1c, 0xe7,
    0x3d, 0xef, 0x3c, 0xe7, 0x1d, 0xef, 0x3c, 0xe7, 0xfc, 0xde, 0xfc, 0xde,
    0xfc, 0xde, 0xfc, 0xe6, 0xfc, 0xde, 0xfc, 0xde, 0xfc, 0xe6, 0xfc, 0xde,
    0xfb, 0xde, 0xfc, 0xde, 0xfc, 0xe6, 0xdb, 0xde, 0xfc, 0xde, 0xfc, 0xde,
    0xfb, 0xde, 0xfc, 0xde, 0xdc, 0xde, 0xfb, 0xde, 0xfc, 0xde, 0xdb, 0xde,
    0xfb, 0xde, 0xdc, 0xde, 0xdb, 0xde, 0xfc, 0xde, 0xdc, 0xde, 0xdb, 0xd6,
    0xdb, 0xde, 0xdb, 0xd6, 0xdb, 0xd6, 0xdb, 0xd6, 0xdb, 0xd6, 0xbb, 0xde,
    0xba, 0xd6, 0xbb, 0xd6, 0xba, 0xd6, 0xba, 0xde, 0xbb, 0xd6, 0x9a, 0xd6,
    0xba, 0xd6, 0xba, 0xd6, 0x7a, 0xd6, 0x79, 0xce, 0x58, 0xce, 0x38, 0xce,
    0x38, 0xce, 0x17, 0xce, 0xf7, 0xc5, 0xf6, 0xc5, 0x37, 0xce, 0xf6, 0xc5,
    0x94, 0xbd, 0x73, 0xb5, 0x94, 0xbd, 0xd5, 0xc5, 0xd5, 0xcd, 0x94, 0xbd,
    0x74, 0xbd, 0xcd, 0x8b, 0xc9, 0x6a, 0xc9, 0x72, 0xa8, 0x7a, 0xa8, 0x7a,
    0xc9, 0x82, 0x2a, 0x93, 0x6b, 0x9b, 0x8b, 0xa3, 0xcc, 0xab, 0xcc, 0xab,
    0xed, 0xb3, 0x0d, 0xb4, 0x0e, 0xbc, 0x0d, 0xb4, 0x2d, 0xbc, 0x2d, 0xbc,
    0x2e, 0xbc, 0x2e, 0xbc, 0x4e, 0xbc, 0x2e, 0xbc, 0x4e, 0xc4, 0x4e, 0xbc,
    0x4e, 0xbc, 0x2e, 0xbc, 0xed, 0xb3, 0xcc, 0xb3, 0x6b, 0xa3, 0x2a, 0x9b,
    0x6b, 0x9b, 0x29, 0x93, 0x09, 0x8b, 0x09, 0x8b, 0xc9, 0x8a, 0x87, 0x82,
    0xc5, 0x71, 0x84, 0x69, 0x03, 0x61, 0xc2, 0x58, 0xc2, 0x58, 0x44, 0x71,
    0x27, 0x8a, 0xa9, 0x9a, 0x0a, 0xab, 0x0b, 0xa3, 0xeb, 0xa2, 0xeb, 0xa2,
    0xca, 0xa2, 0xa9, 0x9a, 0x69, 0x92, 0x48, 0x8a, 0x27, 0x8a, 0x27, 0x8a,
    0x68, 0x92, 0x89, 0x9a, 0xa9, 0x9a, 0xa9, 0x9a, 0xea, 0xa2, 0x0b, 0xa3,
    0xa9, 0x9a, 0x06, 0x82, 0x43, 0x69, 0x84, 0x71, 0x23, 0x61, 0x63, 0x61,
    0xc5, 0x71, 0x06, 0x7a, 0x67, 0x82, 0x87, 0x82, 0xa7, 0x82, 0xe8, 0x8a,
    0xe9, 0x92, 0x29, 0x93, 0x4a, 0x9b, 0x8b, 0xa3, 0x0d, 0xb4, 0x2e, 0xbc,
    0xec, 0xb3, 0x2d, 0xbc, 0x0d, 0xb4, 0xed, 0xb3, 0x0e, 0xb4, 0x0e, 0xb4,
    0x0e, 0xac, 0x0e, 0xac, 0x0e, 0xa4, 0x2f, 0x9c, 0x12, 0xb5, 0x37, 0xd6,
    0x57, 0xd6, 0x98, 0xde, 0x99, 0xde, 0x99, 0xde, 0x9a, 0xde, 0x9a, 0xd6,
    0xba, 0xde, 0xba, 0xde, 0xba, 0xde, 0xbb, 0xde, 0xba, 0xde, 0xba, 0xde,
    0xfb, 0xe6, 0xdb, 0xde, 0xdb, 0xde, 0xdb, 0xde, 0xfb, 0xe6, 0xdb, 0xde,
    0xfb, 0xe6, 0xfb, 0xe6, 0xfb, 0xe6, 0xfb, 0xde, 0xfb, 0xe6, 0xfc, 0xe6,
    0xfc, 0xde, 0xfb, 0xe6, 0xfb, 0xe6, 0xfc, 0xe6, 0x1c, 0xe7, 0x1b, 0xe7,
    0xfc, 0xe6, 0xfb, 0xe6, 0x1c, 0xe7, 0x1c, 0xe7, 0x1c, 0xe7, 0x1c, 0xef,
    0x1c, 0xe7, 0x1c, 0xe7, 0x3c, 0xe7, 0x1c, 0xef, 0x3c, 0xe7, 0x3c, 0xe7,
    0x1d, 0xe7, 0x3c, 0xe7, 0x3c, 0xe7, 0x3c, 0xe7, 0x3d, 0xef, 0x1c, 0xe7,
    0x3d, 0xe7, 0x3c, 0xef, 0x3c, 0xe7, 0x3d, 0xe7, 0x1c, 0xef, 0x3c, 0xe7,
    0xfc, 0xde, 0xfc, 0xde, 0xfc, 0xe6, 0xfb, 0xde, 0xfc, 0xde, 0xfc, 0xe6,
    0xfb, 0xde, 0xfc, 0xde, 0xfc, 0xde, 0xdb, 0xde, 0xfc, 0xde, 0xfb, 0xde,
    0xdc, 0xde, 0xfb, 0xe6, 0xfc, 0xde, 0xfb, 0xde, 0xfc, 0xde, 0xfc, 0xde,
    0xfc, 0xde, 0xdb, 0xde, 0xfc, 0xde, 0xdb, 0xde, 0xdb, 0xde, 0xdb, 0xde,
    0xdb, 0xd6, 0xdb, 0xde, 0xdb, 0xde, 0xdb, 0xde, 0xdb, 0xde, 0xbb, 0xd6,
    0xbb, 0xd6, 0xbb, 0xd6, 0xba, 0xde, 0xba, 0xd6, 0xbb, 0xde, 0x9a, 0xd6,
    0x7a, 0xd6, 0x9a, 0xd6, 0x79, 0xd6, 0x79, 0xd6, 0x79, 0xce, 0x79, 0xd6,
    0x79, 0xd6, 0x79, 0xce, 0x38, 0xce, 0x38, 0xce, 0x17, 0xc6, 0xf6, 0xc5,
    0xf6, 0xc5, 0xf6, 0xc5, 0xf6, 0xc5, 0xd5, 0xc5, 0xb4, 0xbd, 0xb4, 0xc5,
    0xd5, 0xcd, 0xb5, 0xc5, 0xd5, 0xcd, 0x33, 0xbd, 0x2b, 0x7b, 0xc9, 0x7a,
    0xe9, 0x82, 0xe9, 0x82, 0xe9, 0x8a, 0x4a, 0x93, 0x6a, 0x9b, 0x6b, 0xa3,
    0xac, 0xa3, 0xcc, 0xab, 0xed, 0xb3, 0xed, 0xb3, 0x0d, 0xb4, 0x0d, 0xb4,
    0x0e, 0xb4, 0x0d, 0xb4, 0x2d, 0xbc, 0x2d, 0xbc, 0x2e, 0xbc, 0x4e, 0xbc,
    0x4e, 0xc4, 0x4e, 0xc4, 0x4e, 0xbc, 0x2e, 0xbc, 0x0d, 0xb4, 0xed, 0xb3,
    0x6b, 0xa3, 0x2a, 0x9b, 0xe9, 0x8a, 0xa8, 0x82, 0x87, 0x7a, 0x26, 0x72,
    0xa3, 0x61, 0x22, 0x51, 0x22, 0x59, 0xa4, 0x71, 0x27, 0x82, 0xa9, 0x92,
    0x0a, 0xab, 0x4b, 0xb3, 0x6c, 0xbb, 0x6d, 0xbb, 0x6c, 0xb3, 0x8d, 0xbb,
    0xce, 0xc3, 0xee, 0xcb, 0x8d, 0xbb, 0x8d, 0xbb, 0x8d, 0xbb, 0x8e, 0xbb,
    0xad, 0xbb, 0xae, 0xc3, 0xae, 0xc3, 0xcd, 0xbb, 0xad, 0xbb, 0x8d, 0xbb,
    0x8d, 0xbb, 0x8c, 0xb3, 0x6b, 0xab, 0x2b, 0xab, 0x0a, 0x9b, 0xe9, 0x9a,
    0xc9, 0x92, 0xe6, 0x79, 0xe1, 0x50, 0xa0, 0x48, 0x83, 0x61, 0x67, 0x82,
    0xe8, 0x92, 0xa8, 0x82, 0xe9, 0x92, 0x29, 0x9b, 0x4a, 0x9b, 0xab, 0xab,
    0x0d, 0xb4, 0x2d, 0xb4, 0xed, 0xb3, 0x0d, 0xb4, 0x0d, 0xb4, 0xed, 0xb3,
    0xee, 0xb3, 0xee, 0xab, 0x0e, 0xac, 0x0e, 0xa4, 0xee, 0x9b, 0xed, 0x93,
    0x94, 0xc5, 0x37, 0xd6, 0x58, 0xd6, 0x99, 0xde, 0x99, 0xde, 0x99, 0xde,
    0x99, 0xde, 0x9a, 0xde, 0xba, 0xde, 0xba, 0xde, 0xba, 0xde, 0xbb, 0xde,
    0xdb, 0xe6, 0xda, 0xe6, 0xda, 0xde, 0xda, 0xe6, 0xdb, 0xe6, 0xdb, 0xe6,
    0xdb, 0xde, 0xdb, 0xe6, 0xfb, 0xe6, 0xfb, 0xe6, 0xfc, 0xe6, 0xfb, 0xe6,
    0xfb, 0xe6, 0xfb, 0xe6, 0x1b, 0xdf, 0x1b, 0xe7, 0xfb, 0xe6, 0xfb, 0xe6,
    0xfb, 0xe6, 0xfb, 0xe6, 0x1c, 0xe7, 0x1c, 0xe7, 0xfb, 0xe6, 0xfb, 0xe6,
    0x1c, 0xe7, 0x1c, 0xe7, 0x1c, 0xe7, 0x1c, 0xe7, 0x1c, 0xe7, 0x1c, 0xe7,
    0x1c, 0xe7, 0x1c, 0xe7, 0x1c, 0xe7, 0x1c, 0xe7, 0x3c, 0xe7, 0x1d, 0xe7,
    0x3c, 0xef, 0x3c, 0xe7, 0x1d, 0xef, 0x3c, 0xef, 0x3d, 0xe7, 0x1d, 0xe7,
    0x3c, 0xef, 0x3c, 0xe7, 0xfc, 0xde, 0xfb, 0xde, 0xfc, 0xde, 0xfc, 0xde,
    0xfb, 0xde, 0xfc, 0xde, 0xfc, 0xe6, 0xfc, 0xde, 0xfb, 0xde, 0xfc, 0xe6,
    0xfc, 0xde, 0xfc, 0xde, 0xfb, 0xde, 0xdc, 0xde, 0xfc, 0xde, 0xdb, 0xe6,
    0xfb, 0xde, 0xfc, 0xde, 0xdc, 0xe6, 0xdb, 0xde, 0xfc, 0xde, 0xdb, 0xde,
    0xdc, 0xde, 0xdb, 0xde, 0xdb, 0xde, 0xdb, 0xd6, 0xdb, 0xd6, 0xbb, 0xd6,
    0xbb, 0xd6, 0xbb, 0xd6, 0xbb, 0xd6, 0xbb, 0xd6, 0xba, 0xde, 0xba, 0xd6,
    0x9a, 0xd6, 0x9a, 0xd6, 0x9a, 0xd6, 0x9a, 0xd6, 0x7a, 0xd6, 0x79, 0xce,
    0x9a, 0xd6, 0x79, 0xce, 0x79, 0xd6, 0x79, 0xd6, 0x38, 0xce, 0x37, 0xce,
    0xf7, 0xcd, 0xf7, 0xc5, 0xf6, 0xc5, 0xf6, 0xc5, 0xf6, 0xc5, 0xd5, 0xc5,
    0x94, 0xbd, 0x94, 0xbd, 0xd5, 0xc5, 0xb5, 0xc5, 0xb5, 0xcd, 0x94, 0xc5,
    0xad, 0x8b, 0xea, 0x7a, 0x2b, 0x8b, 0x2a, 0x8b, 0x2a, 0x8b, 0x4a, 0x93,
    0x6a, 0x9b, 0x6b, 0x9b, 0x8b, 0xa3, 0xac, 0xa3, 0xcd, 0xab, 0xcd, 0xab,
    0x0d, 0xb4, 0x0d, 0xb4, 0x0e, 0xb4, 0x0e, 0xb4, 0x0d, 0xbc, 0x2d, 0xbc,
    0x2d, 0xbc, 0x2e, 0xbc, 0x4e, 0xbc, 0x4e, 0xbc, 0x4e, 0xbc, 0x2e, 0xbc,
    0x0d, 0xb4, 0xed, 0xb3, 0x8b, 0xa3, 0x4a, 0x9b, 0x09, 0x93, 0xe9, 0x8a,
    0x25, 0x72, 0x66, 0x7a, 0xa8, 0x82, 0xe9, 0x8a, 0x6b, 0xa3, 0x6b, 0xab,
    0x8c, 0xb3, 0x8c, 0xb3, 0x8d, 0xb3, 0x8d, 0xbb, 0xad, 0xbb, 0xce, 0xc3,
    0xad, 0xc3, 0xce, 0xc3, 0xee, 0xc3, 0xee, 0xcb, 0x0f, 0xcc, 0x0f, 0xcc,
    0x0f, 0xcc, 0x2f, 0xcc, 0x0f, 0xcc, 0x2f, 0xcc, 0x2f, 0xcc, 0x0f, 0xcc,
    0x0f, 0xc4, 0x0e, 0xc4, 0x0e, 0xc4, 0xee, 0xc3, 0xcd, 0xbb, 0x8c, 0xb3,
    0x6c, 0xab, 0x4b, 0xab, 0x2b, 0xa3, 0x2a, 0x9b, 0x09, 0x9b, 0xc8, 0x92,
    0x83, 0x61, 0xc4, 0x69, 0x05, 0x72, 0x87, 0x82, 0x09, 0x93, 0x4a, 0x9b,
    0x8b, 0xa3, 0x0c, 0xb4, 0x0d, 0xb4, 0x2d, 0xb4, 0x0c, 0xb4, 0x0d, 0xb4,
    0xed, 0xb3, 0xcd, 0xb3, 0xcd, 0xab, 0xed, 0xab, 0xee, 0xa3, 0xee, 0xa3,
    0xcd, 0x93, 0xcd, 0x93, 0xd5, 0xcd, 0x57, 0xd6, 0x78, 0xd6, 0x78, 0xde,
    0x99, 0xde, 0x99, 0xde, 0x99, 0xde, 0x9a, 0xde, 0xba, 0xde, 0xba, 0xde,
    0xba, 0xde, 0xba, 0xde, 0xda, 0xde, 0xdb, 0xde, 0xda, 0xde, 0xda, 0xde,
    0xdb, 0xe6, 0xdb, 0xde, 0xdb, 0xde, 0xdb, 0xe6, 0xdb, 0xe6, 0xfb, 0xe6,
    0xfc, 0xe6, 0xfc, 0xe6, 0xfb, 0xe6, 0xfc, 0xe6, 0x1c, 0xdf, 0x1b, 0xdf,
    0xfc, 0xe6, 0xfc, 0xe6, 0xfb, 0xe6, 0xfb, 0xe6, 0x1c, 0xe7, 0x1b, 0xe7,
    0xfb, 0xe6, 0xfc, 0xe6, 0x1c, 0xe7, 0x1b, 0xe7, 0x1c, 0xe7, 0x1c, 0xe7,
    0x1c, 0xe7, 0x1c, 0xe7, 0x3c, 0xe7, 0x3c, 0xe7, 0x3c, 0xe7, 0x1c, 0xef,
    0x1d, 0xe7, 0x1c, 0xe7, 0x3c, 0xef, 0x3d, 0xe7, 0x3c, 0xe7, 0x3c, 0xe7,
    0x1d, 0xef, 0x3d, 0xe7, 0x3c, 0xe7, 0x3d, 0xef, 0xfc, 0xde, 0xfc, 0xe6,
    0xfc, 0xde, 0xfc, 0xe6, 0xfc, 0xde, 0xfb, 0xde, 0xfc, 0xe6, 0xfc, 0xde,
    0xfb, 0xde, 0xdb, 0xde, 0xfc, 0xde, 0xfc, 0xde, 0xdb, 0xde, 0xfc, 0xde,
    0xfc, 0xde, 0xfc, 0xde, 0xdb, 0xde, 0xfc, 0xde, 0xfb, 0xde, 0xdb, 0xde,
    0xfc, 0xde, 0xdb, 0xde, 0xdb, 0xde, 0xdb, 0xde, 0xdb, 0xde, 0xdb, 0xde,
    0xdb, 0xde, 0xdb, 0xd6, 0xbb, 0xde, 0xbb, 0xd6, 0xba, 0xd6, 0xbb, 0xd6,
    0xba, 0xde, 0xbb, 0xd6, 0x9a, 0xd6, 0xba, 0xd6, 0x9a, 0xd6, 0x7a, 0xd6,
    0x99, 0xd6, 0x79, 0xce, 0x7a, 0xd6, 0x79, 0xce, 0x79, 0xd6, 0x79, 0xce,
    0x38, 0xce, 0x37, 0xce, 0x17, 0xce, 0xf7, 0xc5, 0xf6, 0xc5, 0xf6, 0xc5,
    0xf6, 0xc5, 0xf6, 0xc5, 0xd5, 0xc5, 0x74, 0xbd, 0xb5, 0xc5, 0xd6, 0xcd,
    0xb5, 0xc5, 0xb5, 0xc5, 0x2f, 0x9c, 0x0a, 0x7b, 0x0a, 0x83, 0xe9, 0x82,
    0xe9, 0x82, 0x09, 0x8b, 0x4a, 0x93, 0x4a, 0x9b, 0x6b, 0x9b, 0xac, 0xa3,
    0xcc, 0xab, 0xcd, 0xab, 0xed, 0xab, 0x0d, 0xb4, 0x0d, 0xb4, 0x0d, 0xb4,
    0x0d, 0xb4, 0x0d, 0xb4, 0x2d, 0xb4, 0x0d, 0xbc, 0x0d, 0xb4, 0x2d, 0xbc,
    0x4e, 0xbc, 0x4e, 0xbc, 0x0e, 0xb4, 0xec, 0xb3, 0x6b, 0x9b, 0x4a, 0x9b,
    0x6a, 0x9b, 0x4a, 0x9b, 0x6b, 0x9b, 0x8b, 0x9b, 0x8b, 0xa3, 0x8b, 0xa3,
    0xed, 0xb3, 0xcd, 0xb3, 0xad, 0xb3, 0x8d, 0xb3, 0xad, 0xbb, 0xcd, 0xc3,
    0xee, 0xc3, 0xee, 0xc3, 0xee, 0xc3, 0xcd, 0xc3, 0xcd, 0xbb, 0xad, 0xbb,
    0xce, 0xbb, 0xce, 0xc3, 0xee, 0xc3, 0xce, 0xc3, 0xce, 0xc3, 0xad, 0xbb,
    0xcd, 0xbb, 0xce, 0xc3, 0xad, 0xbb, 0xcd, 0xbb, 0xad, 0xbb, 0xad, 0xbb,
    0xad, 0xbb, 0xac, 0xb3, 0x6b, 0xab, 0x4b, 0xab, 0x6b, 0xab, 0x4b, 0xa3,
    0x4a, 0xa3, 0xe9, 0x92, 0xc8, 0x92, 0x66, 0x7a, 0x45, 0x7a, 0x87, 0x82,
    0x49, 0x9b, 0x6a, 0x9b, 0xcc, 0xab, 0x2d, 0xb4, 0x0c, 0xb4, 0x0c, 0xb4,
    0x0d, 0xb4, 0x0d, 0xb4, 0xed, 0xb3, 0xcc, 0xab, 0xcd, 0xa3, 0xcd, 0xa3,
    0xce, 0xa3, 0xcd, 0x9b, 0xac, 0x8b, 0x70, 0xa4, 0x37, 0xd6, 0x58, 0xd6,
    0x78, 0xde, 0x99, 0xd6, 0x79, 0xd6, 0x79, 0xd6, 0x9a, 0xde, 0x9a, 0xde,
    0xba, 0xde, 0xba, 0xde, 0xba, 0xde, 0xba, 0xde, 0xdb, 0xe6, 0xda, 0xde,
    0xdb, 0xe6, 0xba, 0xde, 0xdb, 0xe6, 0xdb, 0xe6, 0xbb, 0xde, 0xdb, 0xde,
    0xfb, 0xe6, 0xfc, 0xe6, 0xfb, 0xe6, 0xfb, 0xde, 0xfc, 0xe6, 0xfb, 0xe6,
    0xfb, 0xe6, 0x1c, 0xe7, 0xfb, 0xe6, 0xfb, 0xe6, 0x1c, 0xe7, 0xfb, 0xe6,
    0xfc, 0xe6, 0x1c, 0xe7, 0x1b, 0xe7, 0xfc, 0xe6, 0x1c, 0xe7, 0x1b, 0xe7,
    0x1c, 0xe7, 0x1c, 0xe7, 0x1c, 0xe7, 0x1c, 0xe7, 0x3c, 0xe7, 0x3c, 0xe7,
    0x1c, 0xe7, 0x3c, 0xe7, 0x3c, 0xef, 0x3c, 0xe7, 0x3d, 0xe7, 0x1c, 0xef,
    0x3d, 0xe7, 0x3c, 0xe7, 0x3d, 0xef, 0x3d, 0xe7, 0x1c, 0xe7, 0x3c, 0xe7,
    0xfc, 0xde, 0xfb, 0xde, 0xfc, 0xde, 0xfc, 0xe6, 0xfb, 0xde, 0xfc, 0xde,
    0xfc, 0xde, 0xfc, 0xde, 0xfc, 0xde, 0xdb, 0xde, 0xfc, 0xde, 0xfb, 0xe6,
    0xfc, 0xde, 0xfb, 0xde, 0xfc, 0xde, 0xfc, 0xde, 0xfc, 0xde, 0xfc, 0xde,
    0xfc, 0xde, 0xdb, 0xde, 0xfc, 0xde, 0xdb, 0xde, 0xdc, 0xde, 0xdb, 0xd6,
    0xdb, 0xde, 0xdb, 0xd6, 0xdb, 0xde, 0xbb, 0xd6, 0xdb, 0xde, 0xbb, 0xd6,
    0xbb, 0xd6, 0x9a, 0xd6, 0xba, 0xde, 0xbb, 0xde, 0x9a, 0xd6, 0x9a, 0xd6,
    0x9a, 0xd6, 0x7a, 0xd6, 0x99, 0xd6, 0x7a, 0xce, 0x79, 0xd6, 0x79, 0xd6,
    0x79, 0xd6, 0x79, 0xd6, 0x38, 0xce, 0x38, 0xce, 0x17, 0xc6, 0xf7, 0xc5,
    0xf6, 0xc5, 0xf6, 0xc5, 0xd6, 0xcd, 0xd6, 0xc5, 0xd6, 0xc5, 0x95, 0xbd,
    0xb5, 0xc5, 0xd6, 0xc5, 0x95, 0xbd, 0x95, 0xc5, 0x90, 0xa4, 0x8c, 0x8b,
    0xa9, 0x72, 0x87, 0x72, 0x67, 0x72, 0xa7, 0x7a, 0x29, 0x93, 0x4a, 0x9b,
    0x6b, 0x9b, 0x8b, 0x9b, 0x8c, 0xa3, 0xac, 0xab, 0xcc, 0xab, 0xed, 0xab,
    0x0d, 0xb4, 0x0d, 0xb4, 0x0d, 0xb4, 0x0d, 0xb4, 0x0d, 0xb4, 0x0d, 0xb4,
    0xed, 0xb3, 0x2d, 0xbc, 0x4e, 0xbc, 0x4e, 0xbc, 0x0d, 0xb4, 0xed, 0xb3,
    0x6b, 0xa3, 0x6b, 0xa3, 0xab, 0xa3, 0xcc, 0xab, 0xed, 0xab, 0x0d, 0xb4,
    0x4e, 0xb4, 0x4f, 0xbc, 0xcd, 0xab, 0xcd, 0xb3, 0xed, 0xbb, 0x0e, 0xbc,
    0xed, 0xc3, 0xed, 0xbb, 0xee, 0xbb, 0x0e, 0xc4, 0xee, 0xc3, 0xcd, 0xbb,
    0x8c, 0xb3, 0x6c, 0xab, 0x4c, 0xab, 0x4b, 0xab, 0x4b, 0xab, 0x2b, 0xab,
    0x2b, 0xa3, 0x0b, 0xa3, 0x0b, 0xa3, 0x2b, 0xab, 0x4b, 0xab, 0x4b, 0xab,
    0x4b, 0xab, 0x6c, 0xb3, 0x8c, 0xb3, 0x8c, 0xb3, 0x4b, 0xab, 0x2a, 0xa3,
    0x4a, 0xa3, 0x4b, 0xa3, 0x8b, 0xab, 0x8b, 0xa3, 0xcc, 0xab, 0x29, 0x9b,
    0x09, 0x93, 0xe8, 0x8a, 0x4a, 0x9b, 0x8b, 0xa3, 0xec, 0xb3, 0x2d, 0xb4,
    0x0d, 0xb4, 0x0c, 0xb4, 0x0d, 0xb4, 0x0c, 0xb4, 0xcc, 0xab, 0xcc, 0xa3,
    0xcd, 0xa3, 0xcd, 0x9b, 0xcd, 0x9b, 0xad, 0x93, 0xad, 0x8b, 0x53, 0xbd,
    0x37, 0xd6, 0x78, 0xd6, 0x98, 0xde, 0x99, 0xde, 0x79, 0xd6, 0x99, 0xd6,
    0x99, 0xde, 0x9a, 0xde, 0xba, 0xde, 0xba, 0xde, 0xba, 0xde, 0xbb, 0xde,
    0xba, 0xde, 0xba, 0xde, 0xda, 0xe6, 0xdb, 0xde, 0xbb, 0xde, 0xdb, 0xe6,
    0xdb, 0xe6, 0xdb, 0xde, 0xfb, 0xe6, 0xfb, 0xe6, 0xfb, 0xe6, 0xfb, 0xe6,
    0xfc, 0xe6, 0xfb, 0xe6, 0x1b, 0xdf, 0x1c, 0xe7, 0xfb, 0xe6, 0xfb, 0xe6,
    0xfc, 0xe6, 0xfb, 0xe6, 0x1b, 0xe7, 0xfc, 0xe6, 0xfb, 0xe6, 0x1b, 0xe7,
    0x1c, 0xe7, 0x1c, 0xe7, 0x1b, 0xe7, 0x1c, 0xe7, 0x1c, 0xe7, 0x1c, 0xe7,
    0x3c, 0xe7, 0x1c, 0xe7, 0x1c, 0xe7, 0x3c, 0xe7, 0x1d, 0xe7, 0x1c, 0xe7,
    0x1c, 0xe7, 0x1c, 0xe7, 0x3c, 0xef, 0x3d, 0xe7, 0x1d, 0xef, 0x3c, 0xef,
    0x3c, 0xe7, 0x3c, 0xef, 0xfb, 0xde, 0xfc, 0xde, 0xfb, 0xde, 0xfb, 0xde,
    0xfc, 0xde, 0xfc, 0xde, 0xfb, 0xde, 0xfb, 0xde, 0xdc, 0xde, 0xdb, 0xde,
    0xdb, 0xde, 0xdc, 0xde, 0xdb, 0xde, 0xdb, 0xde, 0xdb, 0xde, 0xdb, 0xde,
    0xdb, 0xde, 0xdb, 0xde, 0xdc, 0xde, 0xdb, 0xde, 0xdb, 0xde, 0xdb, 0xde,
    0xdb, 0xde, 0xdb, 0xd6, 0xdb, 0xd6, 0xbb, 0xd6, 0xbb, 0xd6, 0xbb, 0xd6,
    0xbb, 0xd6, 0xba, 0xd6, 0x9b, 0xd6, 0x9b, 0xd6, 0x9a, 0xd6, 0xba, 0xd6,
    0x9a, 0xd6, 0x9a, 0xd6, 0x7a, 0xd6, 0x7a, 0xce, 0x79, 0xd6, 0x79, 0xd6,
    0x79, 0xd6, 0x59, 0xd6, 0x79, 0xd6, 0x59, 0xd6, 0x59, 0xd6, 0x58, 0xce,
    0x18, 0xce, 0x17, 0xce, 0xd7, 0xc5, 0xd6, 0xc5, 0xd6, 0xc5, 0xf6, 0xc5,
    0xd6, 0xc5, 0xb6, 0xc5, 0xb5, 0xbd, 0xb6, 0xc5, 0x75, 0xbd, 0xb6, 0xc5,
    0x13, 0xb5, 0xad, 0x8b, 0x2a, 0x83, 0xc8, 0x72, 0xc8, 0x82, 0x09, 0x8b,
    0x09, 0x8b, 0x2a, 0x93, 0x2a, 0x93, 0x4a, 0x93, 0x6b, 0x9b, 0xac, 0xa3,
    0xcc, 0xab, 0xed, 0xab, 0x0d, 0xb4, 0x0d, 0xb4, 0x0d, 0xb4, 0x0d, 0xb4,
    0x0d, 0xb4, 0xed, 0xb3, 0xed, 0xb3, 0xed, 0xb3, 0x4f, 0xbc, 0x2e, 0xbc,
    0xed, 0xb3, 0x6a, 0x9b, 0x8b, 0xa3, 0x8b, 0xa3, 0x0d, 0xb4, 0x4e, 0xbc,
    0x6f, 0xbc, 0x6e, 0xbc, 0x6f, 0xbc, 0x6f, 0xbc, 0x4e, 0xbc, 0x2d, 0xbc,
    0xed, 0xb3, 0xcc, 0xb3, 0xcc, 0xb3, 0xcd, 0xb3, 0xed, 0xbb, 0xcc, 0xb3,
    0xac, 0xab, 0x8b, 0xab, 0x4b, 0xa3, 0x0a, 0xa3, 0xe9, 0x9a, 0xc9, 0x92,
    0x88, 0x8a, 0x68, 0x8a, 0x67, 0x8a, 0x26, 0x82, 0x88, 0x8a, 0x47, 0x8a,
    0xa9, 0x92, 0xc9, 0x92, 0x0a, 0x9b, 0x2a, 0xa3, 0x4b, 0xa3, 0x4b, 0xa3,
    0x4b, 0xa3, 0x4b, 0xa3, 0xac, 0xab, 0xec, 0xb3, 0x2d, 0xbc, 0x4e, 0xbc,
    0x2d, 0xbc, 0x0d, 0xb4, 0xcc, 0xab, 0x8a, 0xa3, 0x6a, 0xa3, 0xcb, 0xab,
    0x0c, 0xb4, 0x0d, 0xb4, 0x0c, 0xb4, 0xec, 0xab, 0xab, 0xa3, 0x8b, 0xa3,
    0xab, 0xa3, 0xab, 0x9b, 0xac, 0xa3, 0xcd, 0x9b, 0x2e, 0xa4, 0xad, 0x93,
    0x2f, 0x9c, 0x54, 0xbd, 0x17, 0xd6, 0x78, 0xd6, 0x79, 0xd6, 0x99, 0xd6,
    0x99, 0xde, 0x99, 0xde, 0x9a, 0xde, 0x9a, 0xd6, 0x9a, 0xde, 0xba, 0xde,
    0xba, 0xde, 0xba, 0xde, 0xbb, 0xde, 0xbb, 0xde, 0xba, 0xde, 0xba, 0xde,
    0xdb, 0xde, 0xda, 0xde, 0xbb, 0xde, 0xdb, 0xde, 0xfb, 0xe6, 0xfb, 0xe6,
    0xfb, 0xde, 0xfb, 0xe6, 0xfb, 0xe6, 0xfb, 0xde, 0xfb, 0xe6, 0xfb, 0xe6,
    0x1c, 0xdf, 0x1b, 0xdf, 0x1b, 0xdf, 0x1c, 0xdf, 0x1c, 0xe7, 0x1b, 0xe7,
    0x1c, 0xe7, 0x1b, 0xe7, 0x1c, 0xe7, 0x1c, 0xe7, 0x1c, 0xe7, 0x1b, 0xe7,
    0x1c, 0xe7, 0x1c, 0xe7, 0x1c, 0xe7, 0x1c, 0xe7, 0x3c, 0xef, 0x3c, 0xe7,
    0x1c, 0xe7, 0x1c, 0xe7, 0x3c, 0xef, 0x3c, 0xe7, 0x1c, 0xe7, 0x1c, 0xe7,
    0x1c, 0xe7, 0x1c, 0xe7, 0x1c, 0xe7, 0x1c, 0xe7, 0xfc, 0xde, 0xdc, 0xde,
    0xfc, 0xde, 0xfb, 0xde, 0xdc, 0xde, 0xfc, 0xe6, 0xfb, 0xde, 0xfc, 0xde,
    0xdc, 0xde, 0xfb, 0xde, 0xfc, 0xde, 0xdc, 0xde, 0xfc, 0xde, 0xfc, 0xde,
    0xdc, 0xde, 0xfb, 0xde, 0xfc, 0xde, 0xdb, 0xde, 0xfc, 0xde, 0xdb, 0xde,
    0xdc, 0xde, 0xdb, 0xde, 0xdb, 0xde, 0xdb, 0xde, 0xdb, 0xde, 0xdb, 0xd6,
    0xdb, 0xde, 0xbb, 0xd6, 0xbb, 0xd6, 0xba, 0xd6, 0xba, 0xd6, 0xbb, 0xd6,
    0x9a, 0xd6, 0x9a, 0xd6, 0x9a, 0xd6, 0x9a, 0xd6, 0x7a, 0xd6, 0x7a, 0xce,
    0x79, 0xce, 0x79, 0xd6, 0x7a, 0xd6, 0x59, 0xd6, 0x59, 0xce, 0x59, 0xd6,
    0x58, 0xd6, 0x58, 0xce, 0x18, 0xce, 0x17, 0xce, 0xf7, 0xc5, 0xd6, 0xc5,
    0xd6, 0xc5, 0xd6, 0xc5, 0xd6, 0xc5, 0xd6, 0xc5, 0xd6, 0xc5, 0xb6, 0xc5,
    0x55, 0xb5, 0xb6, 0xc5, 0x54, 0xbd, 0x30, 0x9c, 0x2b, 0x83, 0xc9, 0x7a,
    0xa8, 0x7a, 0xc8, 0x7a, 0xe9, 0x82, 0xe9, 0x8a, 0x09, 0x8b, 0x2a, 0x93,
    0x6b, 0x9b, 0x8b, 0xa3, 0xcc, 0xa3, 0xed, 0xab, 0xed, 0xab, 0xed, 0xab,
    0xed, 0xab, 0xed, 0xb3, 0x0d, 0xb4, 0xed, 0xb3, 0xed, 0xb3, 0xed, 0xb3,
    0x4e, 0xbc, 0x2e, 0xb4, 0xed, 0xb3, 0x8b, 0xa3, 0x8b, 0xa3, 0xac, 0xa3,
    0xed, 0xb3, 0x4e, 0xbc, 0x6e, 0xbc, 0x6f, 0xbc, 0x4e, 0xbc, 0x6e, 0xc4,
    0x6e, 0xc4, 0x4e, 0xbc, 0x0d, 0xbc, 0xec, 0xb3, 0xac, 0xab, 0xac, 0xab,
    0xab, 0xab, 0x6b, 0xa3, 0x6a, 0xa3, 0x6b, 0xa3, 0x4a, 0xa3, 0x2a, 0x9b,
    0x0a, 0x9b, 0xe9, 0x92, 0xa9, 0x8a, 0x88, 0x8a, 0xe9, 0x92, 0x88, 0x8a,
    0x0a, 0x9b, 0xc8, 0x92, 0xa8, 0x8a, 0xc9, 0x92, 0x0a, 0x9b, 0x2a, 0xa3,
    0x4b, 0xa3, 0x6c, 0xa3, 0x8c, 0xab, 0xac, 0xab, 0x0d, 0xb4, 0x2e, 0xbc,
    0x6e, 0xc4, 0x8f, 0xc4, 0x8e, 0xc4, 0x4e, 0xbc, 0x0d, 0xb4, 0xcc, 0xab,
    0xcb, 0xab, 0xec, 0xab, 0x0c, 0xb4, 0x0c, 0xb4, 0x0c, 0xb4, 0xec, 0xab,
    0xab, 0xa3, 0xab, 0x9b, 0xab, 0x9b, 0xab, 0x9b, 0xac, 0x9b, 0xac, 0x93,
    0xac, 0x93, 0xad, 0x8b, 0xf3, 0xac, 0xf7, 0xcd, 0x17, 0xce, 0x78, 0xd6,
    0x79, 0xd6, 0x99, 0xd6, 0x99, 0xde, 0x99, 0xde, 0x9a, 0xd6, 0x9a, 0xde,
    0x9a, 0xde, 0x9a, 0xde, 0xba, 0xde, 0xba, 0xde, 0xba, 0xde, 0xba, 0xde,
    0xbb, 0xde, 0xbb, 0xde, 0xda, 0xde, 0xdb, 0xde, 0xda, 0xde, 0xbb, 0xde,
    0xdb, 0xde, 0xdb, 0xde, 0xfb, 0xde, 0xfb, 0xde, 0xfc, 0xe6, 0xfb, 0xe6,
    0xfb, 0xe6, 0xfb, 0xe6, 0xfc, 0xde, 0xfb, 0xe6, 0x1b, 0xe7, 0xfc, 0xde,
    0x1b, 0xe7, 0x1c, 0xe7, 0x1c, 0xe7, 0xfb, 0xe6, 0x1c, 0xe7, 0x1c, 0xe7,
    0x1c, 0xe7, 0x1c, 0xe7, 0x1c, 0xef, 0x3c, 0xe7, 0x1c, 0xe7, 0x1c, 0xe7,
    0x3c, 0xef, 0x1c, 0xe7, 0x1c, 0xe7, 0x1c, 0xe7, 0x1c, 0xe7, 0x1c, 0xe7,
    0x1c, 0xe7, 0x1c, 0xe7, 0x1c, 0xe7, 0x1c, 0xe7, 0x1c, 0xe7, 0x1c, 0xe7,
    0xfb, 0xde, 0xfc, 0xde, 0xdc, 0xde, 0xfb, 0xde, 0xfc, 0xde, 0xdc, 0xde,
    0xfb, 0xde, 0xfc, 0xde, 0xdb, 0xde, 0xfb, 0xde, 0xfc, 0xde, 0xdb, 0xde,
    0xfb, 0xde, 0xdc, 0xde, 0xfb, 0xde, 0xdc, 0xde, 0xfc, 0xde, 0xfb, 0xde,
    0xfc, 0xde, 0xdb, 0xde, 0xdb, 0xde, 0xdb, 0xde, 0xdb, 0xd6, 0xdb, 0xde,
    0xdb, 0xde, 0xbb, 0xd6, 0xbb, 0xde, 0xbb, 0xd6, 0xbb, 0xde, 0xbb, 0xd6,
    0x9a, 0xd6, 0xbb, 0xd6, 0xba, 0xde, 0x9a, 0xd6, 0x9a, 0xd6, 0x9a, 0xd6,
    0x7a, 0xd6, 0x9a, 0xd6, 0x79, 0xd6, 0x79, 0xce, 0x79, 0xd6, 0x59, 0xd6,
    0x59, 0xd6, 0x59, 0xd6, 0x59, 0xd6, 0x58, 0xce, 0x38, 0xce, 0x17, 0xce,
    0xf7, 0xc5, 0xd7, 0xc5, 0xd7, 0xc5, 0xd6, 0xc5, 0xd6, 0xc5, 0xb6, 0xbd,
    0xd6, 0xbd, 0xb6, 0xc5, 0x75, 0xb5, 0xb6, 0xc5, 0xb5, 0xc5, 0xb1, 0xac,
    0x6c, 0x83, 0xe9, 0x7a, 0x88, 0x72, 0xa7, 0x7a, 0xa7, 0x7a, 0xc8, 0x82,
    0xe9, 0x8a, 0x29, 0x8b, 0x6a, 0x93, 0x6b, 0x9b, 0xab, 0xa3, 0xac, 0xa3,
    0xcc, 0xa3, 0xcc, 0xab, 0x0d, 0xac, 0xed, 0xab, 0xed, 0xab, 0xed, 0xab,
    0xec, 0xab, 0x0d, 0xb4, 0x0d, 0xb4, 0x2d, 0xb4, 0x0d, 0xb4, 0xcc, 0xab,
    0xac, 0xa3, 0xcc, 0xab, 0xed, 0xb3, 0x4e, 0xb4, 0x6f, 0xbc, 0x6e, 0xbc,
    0x6e, 0xbc, 0x6f, 0xc4, 0x8f, 0xc4, 0x6f, 0xc4, 0x4e, 0xbc, 0x2d, 0xb4,
    0xec, 0xb3, 0xec, 0xb3, 0xcc, 0xab, 0x8b, 0xab, 0x2a, 0x9b, 0x2a, 0x9b,
    0x09, 0x93, 0x09, 0x93, 0xe9, 0x92, 0xc8, 0x8a, 0x87, 0x8a, 0x67, 0x82,
    0xc8, 0x8a, 0x67, 0x82, 0xe9, 0x92, 0xa8, 0x8a, 0xc8, 0x8a, 0xe9, 0x92,
    0x0a, 0x9b, 0x2a, 0x9b, 0x6b, 0xa3, 0xac, 0xab, 0xed, 0xb3, 0x2d, 0xbc,
    0x2d, 0xbc, 0x4e, 0xbc, 0x4e, 0xbc, 0x4e, 0xbc, 0x4d, 0xbc, 0x4d, 0xbc,
    0x4e, 0xbc, 0x0c, 0xb4, 0xec, 0xab, 0x0d, 0xb4, 0x2d, 0xb4, 0x0d, 0xb4,
    0x0c, 0xb4, 0xec, 0xab, 0xab, 0xa3, 0xab, 0x9b, 0xab, 0x9b, 0xab, 0x9b,
    0xac, 0x93, 0xcc, 0x93, 0x8c, 0x8b, 0xad, 0x8b, 0xb5, 0xc5, 0x38, 0xd6,
    0x17, 0xce, 0x79, 0xd6, 0x99, 0xd6, 0x99, 0xd6, 0x99, 0xde, 0x99, 0xd6,
    0x9a, 0xde, 0x9a, 0xde, 0xba, 0xde, 0x9a, 0xde, 0xba, 0xde, 0xba, 0xde,
    0xba, 0xde, 0xbb, 0xde, 0xbb, 0xde, 0xba, 0xde, 0xdb, 0xde, 0xdb, 0xde,
    0xda, 0xde, 0xdb, 0xde, 0xdb, 0xe6, 0xfb, 0xe6, 0xdb, 0xe6, 0xdb, 0xde,
    0xfc, 0xe6, 0xfb, 0xe6, 0xfb, 0xde, 0xfc, 0xe6, 0x1b, 0xe7, 0xfc, 0xe6,
    0xfb, 0xe6, 0xfb, 0xe6, 0x1c, 0xe7, 0x1b, 0xdf, 0xfb, 0xe6, 0x1c, 0xe7,
    0x1c, 0xe7, 0x1b, 0xe7, 0x1c, 0xe7, 0x1c, 0xe7, 0x1b, 0xe7, 0x1c, 0xe7,
    0x1c, 0xe7, 0x1c, 0xe7, 0x3c, 0xe7, 0x3c, 0xef, 0x1c, 0xe7, 0x1c, 0xe7,
    0x1c, 0xe7, 0x1c, 0xe7, 0x1c, 0xe7, 0x1c, 0xe7, 0x1c, 0xe7, 0x1c, 0xe7,
    0x1c, 0xe7, 0x1c, 0xe7, 0xfc, 0xde, 0xfb, 0xde, 0xfc, 0xe6, 0xfb, 0xde,
    0xfc, 0xde, 0xdc, 0xde, 0xfb, 0xe6, 0xfc, 0xde, 0xdc, 0xde, 0xdb, 0xde,
    0xdc, 0xde, 0xfb, 0xde, 0xdb, 0xde, 0xdc, 0xde, 0xfb, 0xde, 0xdb, 0xde,
    0xdc, 0xde, 0xdb, 0xde, 0xdb, 0xde, 0xdc, 0xde, 0xfb, 0xde, 0xdb, 0xde,
    0xdb, 0xde, 0xdb, 0xd6, 0xdb, 0xd6, 0xbb, 0xd6, 0xdb, 0xd6, 0xbb, 0xd6,
    0xbb, 0xd6, 0xba, 0xd6, 0x9b, 0xd6, 0x9a, 0xd6, 0xba, 0xd6, 0xbb, 0xd6,
    0x9a, 0xd6, 0x9a, 0xd6, 0x7a, 0xd6, 0x79, 0xd6, 0x79, 0xce, 0x7a, 0xd6,
    0x79, 0xd6, 0x59, 0xd6, 0x59, 0xd6, 0x79, 0xd6, 0x59, 0xd6, 0x58, 0xd6,
    0x38, 0xce, 0x17, 0xce, 0xf7, 0xc5, 0xf7, 0xc5, 0xd6, 0xc5, 0xd6, 0xbd,
    0xb6, 0xbd, 0xb6, 0xbd, 0xb6, 0xbd, 0xb6, 0xbd, 0x75, 0xbd, 0x96, 0xc5,
    0xb6, 0xc5, 0xf3, 0xb4, 0xad, 0x93, 0x0a, 0x7b, 0xa8, 0x72, 0x87, 0x72,
    0x67, 0x72, 0x87, 0x7a, 0xe8, 0x82, 0x2a, 0x8b, 0x2a, 0x93, 0x4a, 0x93,
    0x8b, 0x9b, 0xcc, 0xa3, 0xcc, 0xa3, 0xab, 0xa3, 0xab, 0xa3, 0xec, 0xa3,
    0x0d, 0xac, 0x0d, 0xac, 0xec, 0xab, 0xcc, 0xa3, 0xec, 0xab, 0xed, 0xb3,
    0x0d, 0xb4, 0xed, 0xab, 0xcc, 0xab, 0xcc, 0xab, 0x0d, 0xac, 0x4e, 0xb4,
    0x4e, 0xbc, 0x4e, 0xbc, 0x6e, 0xbc, 0x6e, 0xbc, 0xaf, 0xc4, 0x8f, 0xc4,
    0x6f, 0xc4, 0x6e, 0xbc, 0x6e, 0xbc, 0x4d, 0xbc, 0x0d, 0xb4, 0xec, 0xb3,
    0x6a, 0x9b, 0x29, 0x9b, 0xe8, 0x8a, 0xc8, 0x8a, 0xc8, 0x8a, 0x88, 0x82,
    0x67, 0x82, 0x46, 0x7a, 0x26, 0x7a, 0xe5, 0x69, 0x46, 0x7a, 0x05, 0x72,
    0xc9, 0x8a, 0xe9, 0x92, 0x0a, 0x9b, 0x2a, 0x9b, 0x6b, 0xa3, 0xac, 0xab,
    0x0d, 0xbc, 0x6e, 0xc4, 0x2d, 0xbc, 0x2d, 0xbc, 0x4d, 0xbc, 0x4d, 0xbc,
    0x2d, 0xbc, 0x2d, 0xbc, 0x4d, 0xbc, 0x2d, 0xb4, 0x0c, 0xb4, 0x0d, 0xb4,
    0x0d, 0xb4, 0x0d, 0xb4, 0x0c, 0xac, 0xec, 0xab, 0xcb, 0xa3, 0xab, 0x9b,
    0xab, 0x9b, 0xab, 0x9b, 0xcc, 0x93, 0xac, 0x8b, 0xee, 0x93, 0xee, 0x93,
    0x17, 0xce, 0xd6, 0xc5, 0x17, 0xce, 0x58, 0xd6, 0x78, 0xd6, 0x79, 0xd6,
    0x99, 0xd6, 0x99, 0xd6, 0x99, 0xd6, 0x99, 0xd6, 0x9a, 0xde, 0x9a, 0xde,
    0xba, 0xde, 0xba, 0xde, 0xba, 0xde, 0xba, 0xde, 0xba, 0xde, 0xba, 0xde,
    0xdb, 0xde, 0xba, 0xde, 0xdb, 0xde, 0xdb, 0xde, 0xdb, 0xe6, 0xfb, 0xe6,
    0xdb, 0xde, 0xdb, 0xde, 0xfb, 0xe6, 0xfb, 0xe6, 0xfb, 0xde, 0xdb, 0xde,
    0xfc, 0xe6, 0x1b, 0xdf, 0x1b, 0xdf, 0xfc, 0xe6, 0xfb, 0xde, 0x1b, 0xdf,
    0x1c, 0xe7, 0x1b, 0xe7, 0x1c, 0xe7, 0x1c, 0xe7, 0x1b, 0xe7, 0x1c, 0xe7,
    0x1c, 0xe7, 0x3c, 0xe7, 0x1c, 0xe7, 0x1c, 0xe7, 0x3c, 0xe7, 0x3c, 0xe7,
    0x1c, 0xe7, 0x1c, 0xe7, 0x3c, 0xef, 0x1c, 0xe7, 0x1b, 0xe7, 0x1c, 0xe7,
    0x1c, 0xe7, 0x1c, 0xe7, 0x1c, 0xe7, 0x1c, 0xe7, 0xdc, 0xde, 0xfc, 0xde,
    0xfb, 0xde, 0xdc, 0xde, 0xfb, 0xde, 0xfc, 0xde, 0xfc, 0xde, 0xfb, 0xde,
    0xdc, 0xde, 0xfb, 0xde, 0xfc, 0xde, 0xdc, 0xde, 0xfb, 0xde, 0xfc, 0xde,
    0xdb, 0xde, 0xdb, 0xde, 0xdb, 0xde, 0xdc, 0xde, 0xdb, 0xde, 0xdb, 0xde,
    0xbb, 0xd6, 0xbb, 0xd6, 0xbb, 0xd6, 0xbb, 0xd6, 0xbb, 0xde, 0xdb, 0xde,
    0xda, 0xd6, 0xba, 0xd6, 0xba, 0xde, 0xba, 0xd6, 0xba, 0xd6, 0x9a, 0xd6,
    0x9a, 0xd6, 0xba, 0xde, 0x9a, 0xd6, 0x9a, 0xd6, 0x7a, 0xd6, 0x7a, 0xce,
    0x79, 0xce, 0x79, 0xd6, 0x79, 0xd6, 0x59, 0xce, 0x79, 0xd6, 0x79, 0xce,
    0x38, 0xce, 0x38, 0xce, 0x38, 0xce, 0x38, 0xce, 0xf7, 0xcd, 0xf7, 0xc5,
    0xd7, 0xc5, 0xb6, 0xbd, 0xb6, 0xbd, 0xb6, 0xbd, 0xb6, 0xbd, 0xb6, 0xbd,
    0x75, 0xbd, 0x95, 0xbd, 0x96, 0xc5, 0x33, 0xbd, 0x8c, 0x8b, 0xe9, 0x7a,
    0xa8, 0x7a, 0xa8, 0x7a, 0x67, 0x72, 0x66, 0x72, 0xc8, 0x82, 0x29, 0x8b,
    0x09, 0x8b, 0x4a, 0x93, 0x8b, 0x9b, 0xac, 0x9b, 0xac, 0xa3, 0x6a, 0x9b,
    0x4a, 0x93, 0x8b, 0x9b, 0xac, 0xab, 0xcc, 0xab, 0xcc, 0xa3, 0xac, 0xa3,
    0xcc, 0xab, 0xed, 0xab, 0xed, 0xab, 0xed, 0xab, 0xec, 0xab, 0xcc, 0xab,
    0x0d, 0xb4, 0x2e, 0xbc, 0x4e, 0xbc, 0x4f, 0xbc, 0x6f, 0xbc, 0x6f, 0xbc,
    0x8f, 0xc4, 0x8f, 0xc4, 0x8f, 0xc4, 0x8f, 0xc4, 0x8e, 0xc4, 0x6e, 0xbc,
    0x6e, 0xbc, 0x6e, 0xbc, 0xec, 0xab, 0x8b, 0xa3, 0x6a, 0xa3, 0x6a, 0x9b,
    0xc8, 0x8a, 0xc8, 0x8a, 0xe9, 0x92, 0x26, 0x72, 0x26, 0x72, 0x46, 0x7a,
    0x67, 0x82, 0x88, 0x82, 0xe9, 0x8a, 0x09, 0x93, 0x2a, 0x9b, 0x4b, 0x9b,
    0xac, 0xab, 0xcd, 0xab, 0x0d, 0xb4, 0x2e, 0xbc, 0x4e, 0xbc, 0x4e, 0xbc,
    0x4d, 0xbc, 0x2d, 0xbc, 0x4d, 0xbc, 0x2d, 0xb4, 0x2d, 0xb4, 0x4d, 0xb4,
    0xcb, 0xab, 0x2d, 0xb4, 0x2d, 0xb4, 0xec, 0xab, 0xab, 0xa3, 0xec, 0xa3,
    0xab, 0xa3, 0x29, 0x93, 0x8b, 0x93, 0x2a, 0x83, 0xac, 0x93, 0x8b, 0x8b,
    0xad, 0x8b, 0x12, 0xb5, 0xf6, 0xcd, 0x17, 0xce, 0x17, 0xce, 0x58, 0xce,
    0x79, 0xd6, 0x99, 0xd6, 0x79, 0xd6, 0x79, 0xd6, 0x9a, 0xde, 0x99, 0xd6,
    0x9a, 0xde, 0x9a, 0xde, 0xba, 0xde, 0xba, 0xde, 0x9a, 0xde, 0xba, 0xde,
    0xbb, 0xde, 0xba, 0xde, 0xbb, 0xde, 0xba, 0xde, 0xdb, 0xde, 0xdb, 0xde,
    0xdb, 0xde, 0xdb, 0xde, 0xdb, 0xde, 0xdb, 0xde, 0xdb, 0xde, 0xdb, 0xde,
    0xfb, 0xe6, 0xdb, 0xe6, 0xdb, 0xde, 0xdb, 0xde, 0xfb, 0xe6, 0xfb, 0xe6,
    0x1c, 0xe7, 0xfb, 0xe6, 0xfb, 0xde, 0xfb, 0xde, 0x1c, 0xe7, 0x1b, 0xe7,
    0x1b, 0xe7, 0x1b, 0xe7, 0x1c, 0xe7, 0x1b, 0xe7, 0x1b, 0xe7, 0x1c, 0xe7,
    0xfb, 0xe6, 0x1b, 0xe7, 0x1b, 0xe7, 0x1b, 0xe7, 0x1c, 0xe7, 0x1c, 0xe7,
    0x1c, 0xe7, 0x1c, 0xe7, 0x1c, 0xe7, 0x1c, 0xe7, 0x1c, 0xe7, 0x1c, 0xe7,
    0xfb, 0xde, 0xfc, 0xde, 0xdc, 0xde, 0xfb, 0xde, 0xfc, 0xe6, 0xdc, 0xde,
    0xfb, 0xde, 0xfc, 0xde, 0xdb, 0xde, 0xfb, 0xde, 0xdc, 0xde, 0xdb, 0xde,
    0xfc, 0xde, 0xfc, 0xde, 0xdb, 0xde, 0xdc, 0xde, 0xfb, 0xde, 0xfc, 0xde,
    0xdb, 0xde, 0xdb, 0xde, 0xbb, 0xd6, 0xbb, 0xd6, 0xbb, 0xd6, 0xbb, 0xd6,
    0xdb, 0xd6, 0xbb, 0xde, 0xbb, 0xde, 0xba, 0xd6, 0xbb, 0xd6, 0xbb, 0xd6,
    0xba, 0xd6, 0x9a, 0xd6, 0xbb, 0xd6, 0x9a, 0xd6, 0x9a, 0xd6, 0x9a, 0xd6,
    0x9a, 0xd6, 0x7a, 0xd6, 0x79, 0xd6, 0x79, 0xce, 0x7a, 0xd6, 0x59, 0xd6,
    0x59, 0xd6, 0x79, 0xd6, 0x38, 0xce, 0x38, 0xce, 0x38, 0xce, 0x38, 0xce,
    0x18, 0xce, 0xf7, 0xc5, 0xd7, 0xc5, 0xb6, 0xbd, 0xb6, 0xbd, 0xb6, 0xbd,
    0xb6, 0xbd, 0x96, 0xbd, 0x95, 0xbd, 0x75, 0xbd, 0x75, 0xbd, 0x54, 0xbd,
    0xce, 0x93, 0x0a, 0x83, 0xa8, 0x72, 0xa8, 0x7a, 0x87, 0x7a, 0x87, 0x72,
    0xc8, 0x82, 0xe9, 0x82, 0x09, 0x8b, 0x4a, 0x93, 0x8b, 0x9b, 0x8b, 0x9b,
    0x8b, 0x9b, 0x4a, 0x93, 0x2a, 0x93, 0x2a, 0x93, 0x4a, 0x9b, 0x8b, 0xa3,
    0xac, 0xa3, 0xac, 0xa3, 0xcc, 0xab, 0xcc, 0xab, 0xcc, 0xab, 0xec, 0xab,
    0xec, 0xab, 0xcc, 0xab, 0x0d, 0xb4, 0x2e, 0xb4, 0x4e, 0xbc, 0x4e, 0xbc,
    0x6f, 0xbc, 0x6f, 0xbc, 0x6f, 0xc4, 0x8f, 0xc4, 0x8f, 0xc4, 0x8f, 0xc4,
    0x8f, 0xc4, 0x8f, 0xc4, 0x8f, 0xc4, 0x8e, 0xc4, 0x4e, 0xbc, 0xec, 0xab,
    0xcb, 0xa3, 0x8b, 0xa3, 0x2a, 0x93, 0x29, 0x93, 0x4a, 0x9b, 0x88, 0x82,
    0x87, 0x82, 0xa8, 0x8a, 0xe9, 0x8a, 0x09, 0x93, 0x2a, 0x9b, 0x4b, 0x9b,
    0x8b, 0xa3, 0xac, 0xab, 0x0d, 0xb4, 0x2e, 0xbc, 0x8f, 0xc4, 0x8f, 0xc4,
    0x6e, 0xbc, 0x4e, 0xbc, 0x4d, 0xbc, 0x4d, 0xbc, 0x4d, 0xb4, 0x2d, 0xb4,
    0x4d, 0xb4, 0x2d, 0xb4, 0x2d, 0xb4, 0xcc, 0xab, 0xec, 0xab, 0x2d, 0xb4,
    0xec, 0xa3, 0x4a, 0x93, 0x29, 0x93, 0x6b, 0x93, 0x6b, 0x93, 0x4a, 0x8b,
    0x8c, 0x93, 0x6c, 0x8b, 0x0e, 0x94, 0x53, 0xbd, 0xf6, 0xcd, 0x17, 0xc6,
    0x17, 0xc6, 0x58, 0xce, 0x79, 0xd6, 0x79, 0xd6, 0x79, 0xd6, 0x79, 0xd6,
    0x99, 0xd6, 0x99, 0xd6, 0x99, 0xde, 0x99, 0xd6, 0x9a, 0xde, 0x9a, 0xde,
    0x9a, 0xde, 0x9a, 0xde, 0xbb, 0xde, 0xba, 0xde, 0xba, 0xde, 0xba, 0xde,
    0xdb, 0xde, 0xda, 0xde, 0xda, 0xde, 0xdb, 0xde, 0xdb, 0xde, 0xdb, 0xe6,
    0xdb, 0xde, 0xdb, 0xde, 0xdb, 0xe6, 0xdb, 0xe6, 0xdb, 0xde, 0xdb, 0xde,
    0xfb, 0xe6, 0xfb, 0xe6, 0xfb, 0xde, 0xfc, 0xe6, 0x1b, 0xe7, 0xfc, 0xde,
    0x1c, 0xe7, 0x1b, 0xe7, 0x1c, 0xe7, 0x1c, 0xe7, 0x1c, 0xe7, 0x1c, 0xe7,
    0x1c, 0xe7, 0x1c, 0xe7, 0x1b, 0xe7, 0xfc, 0xe6, 0xfc, 0xe6, 0xfb, 0xe6,
    0x1c, 0xe7, 0x1c, 0xe7, 0x1b, 0xe7, 0x1c, 0xe7, 0x1c, 0xe7, 0x1c, 0xe7,
    0x1c, 0xe7, 0x1c, 0xe7, 0xdb, 0xde, 0xdb, 0xde, 0xdc, 0xde, 0xfb, 0xde,
    0xdb, 0xde, 0xdb, 0xde, 0xdc, 0xde, 0xdb, 0xde, 0xfc, 0xde, 0xdc, 0xde,
    0xfb, 0xde, 0xdb, 0xde, 0xdc, 0xde, 0xfb, 0xde, 0xdb, 0xde, 0xdc, 0xde,
    0xdb, 0xde, 0xdb, 0xde, 0xdb, 0xde, 0xdb, 0xde, 0xbb, 0xd6, 0xbb, 0xd6,
    0xbb, 0xd6, 0xbb, 0xd6, 0xbb, 0xd6, 0xbb, 0xd6, 0xba, 0xd6, 0xba, 0xd6,
    0xbb, 0xd6, 0xba, 0xd6, 0x9a, 0xd6, 0xba, 0xd6, 0x9a, 0xd6, 0x9a, 0xd6,
    0x9a, 0xd6, 0x9a, 0xd6, 0x79, 0xce, 0x7a, 0xd6, 0x79, 0xd6, 0x79, 0xce,
    0x59, 0xd6, 0x59, 0xd6, 0x59, 0xce, 0x58, 0xd6, 0x38, 0xce, 0x38, 0xce,
    0x38, 0xce, 0x38, 0xce, 0x18, 0xce, 0xf7, 0xcd, 0xd7, 0xc5, 0xb6, 0xc5,
    0xb6, 0xbd, 0xb6, 0xbd, 0x96, 0xbd, 0x96, 0xbd, 0x95, 0xbd, 0x75, 0xbd,
    0x75, 0xbd, 0x95, 0xc5, 0x50, 0xa4, 0x4b, 0x8b, 0xe9, 0x7a, 0x88, 0x72,
    0x87, 0x7a, 0xc8, 0x7a, 0xe8, 0x82, 0xc8, 0x82, 0x09, 0x83, 0x6b, 0x93,
    0x8b, 0x9b, 0x4a, 0x93, 0x2a, 0x93, 0x4a, 0x93, 0x2a, 0x8b, 0xc8, 0x82,
    0xc8, 0x82, 0x2a, 0x93, 0xac, 0xa3, 0xcc, 0xab, 0xec, 0xab, 0xec, 0xab,
    0xcc, 0xab, 0xed, 0xab, 0xed, 0xab, 0xed, 0xab, 0x0d, 0xac, 0x4e, 0xb4,
    0x4e, 0xbc, 0x4e, 0xbc, 0x6e, 0xbc, 0x6e, 0xbc, 0x6f, 0xbc, 0x8f, 0xc4,
    0xaf, 0xc4, 0xaf, 0xc4, 0xaf, 0xc4, 0xd0, 0xc4, 0xaf, 0xc4, 0xcf, 0xcc,
    0x8f, 0xc4, 0x4e, 0xbc, 0x2d, 0xb4, 0xec, 0xab, 0xac, 0xa3, 0x8b, 0xa3,
    0xcd, 0xab, 0x09, 0x93, 0x2a, 0x93, 0x6b, 0x9b, 0x8b, 0xa3, 0xac, 0xa3,
    0xac, 0xab, 0xcc, 0xab, 0x0d, 0xb4, 0x2e, 0xb4, 0x6f, 0xc4, 0x90, 0xc4,
    0xb0, 0xc4, 0xaf, 0xcc, 0x6e, 0xbc, 0x4e, 0xbc, 0x4d, 0xbc, 0x4d, 0xbc,
    0x4d, 0xbc, 0x2d, 0xb4, 0x4d, 0xbc, 0x4d, 0xbc, 0x4d, 0xb4, 0xec, 0xab,
    0xcc, 0xab, 0x4e, 0xb4, 0xab, 0xa3, 0x29, 0x8b, 0x09, 0x8b, 0x4a, 0x8b,
    0x6a, 0x93, 0xac, 0x93, 0x6b, 0x83, 0xac, 0x8b, 0x6f, 0x9c, 0xb4, 0xc5,
    0x16, 0xce, 0xf7, 0xc5, 0x17, 0xc6, 0x58, 0xce, 0x79, 0xd6, 0x79, 0xd6,
    0x79, 0xd6, 0x79, 0xd6, 0x7a, 0xd6, 0x7a, 0xd6, 0x9a, 0xde, 0x99, 0xde,
    0x9a, 0xd6, 0xba, 0xde, 0x9a, 0xde, 0x9a, 0xde, 0xba, 0xde, 0xbb, 0xde,
    0xba, 0xde, 0xba, 0xde, 0xdb, 0xe6, 0xbb, 0xde, 0xba, 0xde, 0xdb, 0xde,
    0xdb, 0xe6, 0xdb, 0xde, 0xdb, 0xde, 0xdb, 0xde, 0xdb, 0xe6, 0xdb, 0xe6,
    0xfb, 0xde, 0xdb, 0xde, 0xfc, 0xe6, 0xfb, 0xe6, 0xfb, 0xde, 0xfb, 0xde,
    0x1c, 0xe7, 0xfb, 0xe6, 0xfb, 0xde, 0xfb, 0xe6, 0xfb, 0xde, 0xfb, 0xe6,
    0x1b, 0xe7, 0x1b, 0xe7, 0x1c, 0xe7, 0x1b, 0xe7, 0xfb, 0xe6, 0x1c, 0xe7,
    0xfc, 0xe6, 0x1b, 0xe7, 0x1c, 0xe7, 0x1c, 0xe7, 0x1b, 0xe7, 0x1c, 0xe7,
    0x1c, 0xe7, 0x1c, 0xe7, 0x1c, 0xe7, 0x1c, 0xe7, 0xfc, 0xde, 0xdb, 0xde,
    0xfc, 0xde, 0xfc, 0xde, 0xdb, 0xde, 0xfc, 0xde, 0xfc, 0xde, 0xdb, 0xde,
    0xfb, 0xde, 0xfc, 0xde, 0xdc, 0xde, 0xfb, 0xde, 0xfc, 0xde, 0xdb, 0xde,
    0xdb, 0xde, 0xdc, 0xde, 0xdb, 0xde, 0xdb, 0xde, 0xdb, 0xde, 0xdb, 0xd6,
    0xbb, 0xd6, 0xbb, 0xde, 0xba, 0xd6, 0xbb, 0xde, 0xbb, 0xd6, 0xbb, 0xd6,
    0xba, 0xd6, 0xba, 0xd6, 0xbb, 0xd6, 0xba, 0xd6, 0x9a, 0xd6, 0x9b, 0xd6,
    0x9a, 0xd6, 0x9a, 0xd6, 0x9a, 0xd6, 0x9a, 0xd6, 0x7a, 0xd6, 0x7a, 0xce,
    0x99, 0xd6, 0x79, 0xce, 0x79, 0xce, 0x59, 0xd6, 0x59, 0xce, 0x59, 0xd6,
    0x58, 0xce, 0x38, 0xce, 0x38, 0xce, 0x58, 0xce, 0x18, 0xce, 0x17, 0xc6,
    0xf7, 0xc5, 0xd7, 0xc5, 0xb6, 0xc5, 0xb6, 0xbd, 0xb6, 0xbd, 0x96, 0xbd,
    0x95, 0xbd, 0x75, 0xbd, 0x75, 0xbd, 0x75, 0xc5, 0xb1, 0xb4, 0x8c, 0x93,
    0x09, 0x83, 0xa8, 0x72, 0x87, 0x72, 0xe9, 0x82, 0xe9, 0x82, 0xa7, 0x7a,
    0xe9, 0x82, 0x6b, 0x93, 0x6a, 0x93, 0x09, 0x83, 0x09, 0x8b, 0x2a, 0x93,
    0x09, 0x8b, 0x87, 0x7a, 0x67, 0x7a, 0xc8, 0x82, 0x6b, 0x9b, 0xed, 0xa3,
    0xcc, 0xa3, 0xcc, 0xa3, 0xcc, 0xa3, 0xcc, 0xab, 0xed, 0xab, 0x0d, 0xac,
    0x0d, 0xac, 0x2e, 0xb4, 0x4e, 0xbc, 0x4e, 0xbc, 0x6f, 0xbc, 0x6e, 0xbc,
    0x6f, 0xbc, 0x6f, 0xc4, 0xaf, 0xc4, 0xb0, 0xc4, 0xd0, 0xcc, 0xd0, 0xcc,
    0xd0, 0xcc, 0xcf, 0xc4, 0xaf, 0xc4, 0xaf, 0xc4, 0x8f, 0xc4, 0x4e, 0xbc,
    0x2e, 0xbc, 0x4e, 0xbc, 0x4f, 0xbc, 0x8b, 0xa3, 0xac, 0xa3, 0x0d, 0xb4,
    0x2e, 0xb4, 0x0d, 0xb4, 0x2e, 0xbc, 0x2e, 0xbc, 0x6f, 0xc4, 0x90, 0xc4,
    0xb0, 0xc4, 0xb0, 0xcc, 0xb0, 0xcc, 0xaf, 0xc4, 0x6e, 0xc4, 0x6e, 0xbc,
    0x4d, 0xbc, 0x2d, 0xb4, 0x2d, 0xb4, 0x4d, 0xb4, 0x2d, 0xb4, 0x2d, 0xb4,
    0xcc, 0xab, 0x2d, 0xb4, 0x4e, 0xb4, 0xcc, 0xa3, 0x29, 0x8b, 0x6b, 0x9b,
    0x2a, 0x8b, 0xc8, 0x7a, 0x2a, 0x8b, 0xac, 0x93, 0x2a, 0x83, 0xad, 0x8b,
    0xd1, 0xac, 0xf5, 0xc5, 0x17, 0xce, 0xf6, 0xcd, 0x17, 0xc6, 0x58, 0xce,
    0x59, 0xd6, 0x79, 0xd6, 0x79, 0xd6, 0x79, 0xd6, 0x79, 0xd6, 0x99, 0xd6,
    0x9a, 0xde, 0x9a, 0xde, 0x9a, 0xde, 0xba, 0xde, 0x9a, 0xde, 0xba, 0xde,
    0xbb, 0xde, 0xba, 0xde, 0xbb, 0xde, 0xba, 0xde, 0xdb, 0xde, 0xdb, 0xde,
    0xdb, 0xde, 0xda, 0xde, 0xdb, 0xde, 0xdb, 0xde, 0xdb, 0xde, 0xdb, 0xde,
    0xdb, 0xe6, 0xdb, 0xe6, 0xdb, 0xde, 0xdb, 0xde, 0xfb, 0xe6, 0xfc, 0xe6,
    0xfb, 0xde, 0xfb, 0xe6, 0x1c, 0xe7, 0x1b, 0xdf, 0xfb, 0xe6, 0x1c, 0xe7,
    0x1c, 0xdf, 0xfb, 0xde, 0x1c, 0xe7, 0x1b, 0xe7, 0x1c, 0xe7, 0x1b, 0xe7,
    0xfb, 0xe6, 0x1c, 0xe7, 0x1b, 0xe7, 0xfb, 0xe6, 0x1c, 0xe7, 0x1c, 0xe7,
    0x1c, 0xe7, 0x1c, 0xe7, 0x1c, 0xe7, 0x1c, 0xe7, 0x1c, 0xe7, 0x1c, 0xe7,
    0xdb, 0xde, 0xfc, 0xde, 0xdb, 0xde, 0xdc, 0xde, 0xfb, 0xde, 0xfc, 0xde,
    0xdb, 0xde, 0xdc, 0xde, 0xdb, 0xde, 0xdb, 0xde, 0xdb, 0xde, 0xdb, 0xde,
    0xdc, 0xde, 0xdb, 0xde, 0xdb, 0xde, 0xdb, 0xde, 0xdb, 0xde, 0xdb, 0xde,
    0xdb, 0xd6, 0xdb, 0xde, 0xdb, 0xd6, 0xbb, 0xd6, 0xba, 0xd6, 0xba, 0xd6,
    0xba, 0xde, 0xba, 0xd6, 0xdb, 0xde, 0xba, 0xd6, 0xba, 0xd6, 0xba, 0xd6,
    0x9a, 0xd6, 0x9a, 0xd6, 0x9a, 0xd6, 0x9a, 0xd6, 0x9a, 0xd6, 0x7a, 0xd6,
    0x79, 0xd6, 0x79, 0xce, 0x79, 0xce, 0x7a, 0xd6, 0x59, 0xce, 0x59, 0xce,
    0x59, 0xce, 0x78, 0xce, 0x58, 0xce, 0x38, 0xce, 0x38, 0xce, 0x38, 0xce,
    0x38, 0xce, 0x18, 0xc6, 0xf7, 0xc5, 0xd7, 0xc5, 0xb6, 0xc5, 0xb6, 0xc5,
    0xb6, 0xc5, 0xb6, 0xbd, 0x96, 0xbd, 0x75, 0xbd, 0x75, 0xbd, 0x75, 0xc5,
    0xf2, 0xbc, 0xad, 0x93, 0x0a, 0x83, 0x87, 0x72, 0x67, 0x72, 0x66, 0x72,
    0x67, 0x6a, 0x67, 0x72, 0xe8, 0x82, 0x4a, 0x8b, 0x2a, 0x8b, 0xc8, 0x82,
    0xe9, 0x82, 0x09, 0x8b, 0x09, 0x8b, 0xa8, 0x82, 0xa8, 0x7a, 0xe9, 0x82,
    0x6b, 0x93, 0xcc, 0xa3, 0xac, 0xa3, 0xac, 0xa3, 0xac, 0xa3, 0xac, 0xa3,
    0xcc, 0xa3, 0xed, 0xab, 0x0d, 0xac, 0x2d, 0xb4, 0x4e, 0xb4, 0x4e, 0xb4,
    0x4e, 0xbc, 0x6f, 0xbc, 0x6e, 0xbc, 0x8f, 0xbc, 0xb0, 0xc4, 0xd0, 0xc4,
    0xd0, 0xcc, 0xd0, 0xcc, 0xd0, 0xcc, 0xd0, 0xcc, 0xd0, 0xc4, 0xb0, 0xc4,
    0xd0, 0xc4, 0xaf, 0xc4, 0x8f, 0xbc, 0x8f, 0xbc, 0x4e, 0xbc, 0xed, 0xab,
    0x0e, 0xac, 0x4e, 0xbc, 0x4f, 0xbc, 0x2f, 0xb4, 0x4e, 0xbc, 0x4f, 0xbc,
    0x6f, 0xc4, 0xb0, 0xc4, 0xd0, 0xcc, 0xd0, 0xcc, 0xd0, 0xcc, 0xd0, 0xcc,
    0x8e, 0xc4, 0x6e, 0xbc, 0x4e, 0xbc, 0x4d, 0xb4, 0x0d, 0xb4, 0x0d, 0xac,
    0x0d, 0xac, 0x0d, 0xac, 0x0d, 0xac, 0x0d, 0xac, 0xab, 0x9b, 0x2a, 0x93,
    0xc8, 0x82, 0xa7, 0x7a, 0x2a, 0x8b, 0xe9, 0x82, 0x09, 0x83, 0x0a, 0x7b,
    0x4a, 0x83, 0x2e, 0x9c, 0xf6, 0xcd, 0x16, 0xce, 0x16, 0xce, 0xf7, 0xc5,
    0x37, 0xce, 0x38, 0xd6, 0x79, 0xd6, 0x79, 0xd6, 0x79, 0xde, 0x79, 0xde,
    0x79, 0xd6, 0x79, 0xde, 0x9a, 0xde, 0x9a, 0xd6, 0x9a, 0xde, 0x9a, 0xde,
    0xba, 0xde, 0xba, 0xde, 0xba, 0xde, 0xba, 0xde, 0xba, 0xde, 0xba, 0xde,
    0xba, 0xde, 0xba, 0xde, 0xda, 0xde, 0xbb, 0xde, 0xdb, 0xde, 0xda, 0xde,
    0xdb, 0xe6, 0xdb, 0xde, 0xdb, 0xde, 0xdb, 0xde, 0xdb, 0xe6, 0xfb, 0xde,
    0xfc, 0xe6, 0xfb, 0xde, 0xfb, 0xe6, 0xfb, 0xde, 0xfb, 0xde, 0xfb, 0xde,
    0xfc, 0xe6, 0x1b, 0xe7, 0x1b, 0xe7, 0xfc, 0xde, 0xfb, 0xe6, 0xfb, 0xde,
    0x1c, 0xe7, 0x1c, 0xe7, 0xfb, 0xe6, 0xfb, 0xe6, 0xfc, 0xe6, 0x1b, 0xe7,
    0x1c, 0xe7, 0x1c, 0xe7, 0x1b, 0xe7, 0x1c, 0xe7, 0x1c, 0xe7, 0x1c, 0xe7,
    0x1c, 0xe7, 0x1c, 0xe7, 0xdb, 0xde, 0xfc, 0xde, 0xfb, 0xde, 0xdb, 0xde,
    0xdc, 0xde, 0xfb, 0xde, 0xfc, 0xde, 0xdb, 0xde, 0xdc, 0xde, 0xdb, 0xde,
    0xdb, 0xde, 0xdc, 0xde, 0xdb, 0xde, 0xfc, 0xde, 0xdb, 0xde, 0xdb, 0xde,
    0xdb, 0xde, 0xdb, 0xd6, 0xdb, 0xde, 0xdb, 0xde, 0xbb, 0xd6, 0xbb, 0xd6,
    0xba, 0xde, 0xbb, 0xd6, 0xdb, 0xd6, 0xba, 0xd6, 0xbb, 0xde, 0xbb, 0xd6,
    0xba, 0xd6, 0x9a, 0xd6, 0x9a, 0xd6, 0x9a, 0xd6, 0x9a, 0xd6, 0x9a, 0xd6,
    0x9a, 0xd6, 0x9a, 0xd6, 0x7a, 0xce, 0x79, 0xd6, 0x79, 0xd6, 0x79, 0xce,
    0x59, 0xd6, 0x59, 0xd6, 0x59, 0xce, 0x59, 0xd6, 0x58, 0xce, 0x38, 0xce,
    0x38, 0xce, 0x38, 0xce, 0x38, 0xce, 0x18, 0xce, 0xf7, 0xc5, 0xf7, 0xc5,
    0xd7, 0xc5, 0xd7, 0xc5, 0xd7, 0xbd, 0xd7, 0xc5, 0x96, 0xbd, 0x75, 0xbd,
    0x75, 0xbd, 0x74, 0xc5, 0x13, 0xbd, 0xcd, 0x93, 0x2a, 0x83, 0xa8, 0x72,
    0x66, 0x72, 0x66, 0x72, 0x67, 0x6a, 0x66, 0x72, 0xa7, 0x7a, 0xe9, 0x82,
    0x09, 0x83, 0xe9, 0x82, 0xc9, 0x82, 0xe9, 0x82, 0x09, 0x8b, 0xe9, 0x82,
    0x87, 0x7a, 0xc9, 0x82, 0x4a, 0x93, 0xac, 0xa3, 0x6b, 0x9b, 0x6b, 0x9b,
    0x6b, 0x9b, 0x6b, 0x9b, 0x8b, 0x9b, 0xec, 0xab, 0x0d, 0xac, 0xed, 0xab,
    0x0e, 0xb4, 0x4e, 0xb4, 0x4e, 0xb4, 0x6e, 0xbc, 0x6f, 0xbc, 0x8f, 0xbc,
    0xaf, 0xc4, 0xd0, 0xcc, 0xd0, 0xcc, 0xd0, 0xcc, 0xd0, 0xcc, 0xd0, 0xcc,
    0xcf, 0xc4, 0xaf, 0xc4, 0xaf, 0xc4, 0xd0, 0xcc, 0xb0, 0xc4, 0x4e, 0xb4,
    0xed, 0xab, 0x2e, 0xb4, 0x2e, 0xb4, 0x0e, 0xb4, 0x0e, 0xb4, 0x4f, 0xb4,
    0x4f, 0xbc, 0x4f, 0xbc, 0x6f, 0xbc, 0xb0, 0xc4, 0xb0, 0xcc, 0xd0, 0xcc,
    0xd0, 0xc4, 0xd0, 0xc4, 0x8f, 0xc4, 0x6e, 0xbc, 0x4e, 0xb4, 0x2d, 0xb4,
    0x0c, 0xac, 0xec, 0xab, 0x0d, 0xac, 0xec, 0xab, 0x0d, 0xac, 0xab, 0xa3,
    0x2a, 0x93, 0x2a, 0x93, 0xe9, 0x8a, 0xa8, 0x7a, 0xe9, 0x82, 0x09, 0x83,
    0xe9, 0x82, 0x0a, 0x7b, 0xac, 0x8b, 0xb0, 0xac, 0xf6, 0xcd, 0xf6, 0xcd,
    0x16, 0xce, 0x17, 0xce, 0x38, 0xce, 0x38, 0xd6, 0x79, 0xd6, 0x99, 0xd6,
    0x79, 0xd6, 0x79, 0xd6, 0x79, 0xd6, 0x79, 0xd6, 0x9a, 0xde, 0x99, 0xde,
    0x9a, 0xde, 0x9a, 0xde, 0xba, 0xd6, 0x9a, 0xde, 0xba, 0xde, 0xba, 0xde,
    0xba, 0xde, 0xba, 0xde, 0xda, 0xde, 0xda, 0xde, 0xbb, 0xde, 0xba, 0xde,
    0xdb, 0xde, 0xdb, 0xde, 0xdb, 0xe6, 0xdb, 0xde, 0xdb, 0xde, 0xdb, 0xe6,
    0xdb, 0xde, 0xdb, 0xde, 0xfc, 0xe6, 0xdb, 0xe6, 0xfb, 0xde, 0xfc, 0xe6,
    0xfb, 0xe6, 0xfb, 0xde, 0xfc, 0xe6, 0xfb, 0xde, 0x1b, 0xe7, 0xfc, 0xe6,
    0x1b, 0xe7, 0xfb, 0xde, 0x1c, 0xe7, 0x1c, 0xe7, 0xfb, 0xe6, 0xfb, 0xe6,
    0x1c, 0xe7, 0xfc, 0xe6, 0x1c, 0xe7, 0x1c, 0xe7, 0x1b, 0xe7, 0x1c, 0xe7,
    0x1c, 0xe7, 0x1c, 0xe7, 0x1c, 0xe7, 0x1c, 0xe7, 0xdb, 0xde, 0xdb, 0xde,
    0xdc, 0xde, 0xdb, 0xde, 0xdb, 0xde, 0xdc, 0xde, 0xdb, 0xde, 0xdb, 0xde,
    0xfc, 0xde, 0xfc, 0xde, 0xdb, 0xde, 0xfb, 0xde, 0xdc, 0xde, 0xdb, 0xde,
    0xdb, 0xde, 0xdb, 0xd6, 0xdb, 0xde, 0xdc, 0xde, 0xdb, 0xd6, 0xbb, 0xd6,
    0xdb, 0xde, 0xbb, 0xd6, 0xba, 0xd6, 0xbb, 0xde, 0xba, 0xd6, 0xba, 0xd6,
    0xba, 0xd6, 0xba, 0xd6, 0xba, 0xd6, 0x9a, 0xd6, 0x9a, 0xd6, 0x9a, 0xd6,
    0x9a, 0xd6, 0x9a, 0xd6, 0x7a, 0xd6, 0x79, 0xce, 0x7a, 0xd6, 0x7a, 0xce,
    0x79, 0xd6, 0x79, 0xce, 0x59, 0xce, 0x59, 0xce, 0x58, 0xce, 0x58, 0xce,
    0x59, 0xd6, 0x38, 0xce, 0x38, 0xce, 0x38, 0xce, 0x38, 0xce, 0x38, 0xce,
    0x18, 0xc6, 0x17, 0xc6, 0xf7, 0xc5, 0xd7, 0xc5, 0xd7, 0xc5, 0xd7, 0xc5,
    0xb6, 0xc5, 0x75, 0xbd, 0x75, 0xbd, 0x75, 0xc5, 0x12, 0xbd, 0xcd, 0x9b,
    0x2a, 0x8b, 0xc8, 0x7a, 0x67, 0x72, 0x67, 0x72, 0x67, 0x72, 0x67, 0x6a,
    0x46, 0x6a, 0xc8, 0x7a, 0x09, 0x83, 0x09, 0x83, 0xa8, 0x7a, 0xe9, 0x82,
    0x09, 0x83, 0x09, 0x8b, 0x46, 0x72, 0x88, 0x7a, 0x0a, 0x8b, 0x8b, 0x9b,
    0x4a, 0x93, 0x4a, 0x93, 0x4a, 0x93, 0x4a, 0x93, 0x6a, 0x93, 0xac, 0x9b,
    0xcc, 0xa3, 0xed, 0xab, 0x0d, 0xac, 0x0d, 0xb4, 0x2e, 0xb4, 0x4e, 0xbc,
    0x6e, 0xbc, 0x6f, 0xbc, 0xb0, 0xc4, 0xd0, 0xcc, 0xf0, 0xcc, 0xd0, 0xcc,
    0xd0, 0xcc, 0xcf, 0xc4, 0xb0, 0xc4, 0xb0, 0xc4, 0xaf, 0xc4, 0xd0, 0xcc,
    0xd0, 0xc4, 0x4e, 0xbc, 0xed, 0xab, 0x2e, 0xb4, 0x4e, 0xb4, 0x0e, 0xb4,
    0x0d, 0xb4, 0x6f, 0xb4, 0x4e, 0xbc, 0x4e, 0xbc, 0x4f, 0xbc, 0x8f, 0xc4,
    0xb0, 0xc4, 0xd1, 0xcc, 0xd0, 0xcc, 0xd0, 0xc4, 0xaf, 0xc4, 0x6e, 0xc4,
    0x4d, 0xb4, 0x4d, 0xb4, 0xcb, 0xa3, 0xcc, 0xa3, 0xac, 0xa3, 0xcb, 0x9b,
    0xab, 0x9b, 0x4a, 0x93, 0x29, 0x8b, 0xe9, 0x8a, 0x2a, 0x8b, 0xe9, 0x82,
    0x87, 0x7a, 0x0a, 0x83, 0xe9, 0x7a, 0x0a, 0x7b, 0x0e, 0x94, 0x94, 0xc5,
    0xf6, 0xcd, 0xf6, 0xcd, 0x16, 0xc6, 0x17, 0xc6, 0x38, 0xce, 0x38, 0xd6,
    0x79, 0xd6, 0x99, 0xd6, 0x79, 0xd6, 0x79, 0xde, 0x99, 0xde, 0x79, 0xd6,
    0x9a, 0xde, 0x9a, 0xde, 0x9a, 0xde, 0x9a, 0xde, 0xba, 0xde, 0x9a, 0xde,
    0xba, 0xde, 0xba, 0xde, 0xba, 0xde, 0xba, 0xde, 0xda, 0xde, 0xdb, 0xde,
    0xbb, 0xde, 0xba, 0xde, 0xda, 0xde, 0xdb, 0xde, 0xdb, 0xde, 0xdb, 0xde,
    0xdb, 0xe6, 0xfb, 0xe6, 0xdb, 0xde, 0xdb, 0xde, 0xfc, 0xe6, 0xdc, 0xde,
    0xfb, 0xde, 0xfb, 0xe6, 0xfc, 0xe6, 0xfb, 0xde, 0xfb, 0xde, 0xfb, 0xe6,
    0xfb, 0xde, 0xfb, 0xde, 0xfb, 0xde, 0xfb, 0xe6, 0xfb, 0xde, 0xfb, 0xde,
    0xfc, 0xe6, 0xfb, 0xe6, 0x1b, 0xe7, 0x1b, 0xe7, 0x1c, 0xe7, 0x1c, 0xe7,
    0x1c, 0xe7, 0x1c, 0xe7, 0x1c, 0xe7, 0x1c, 0xe7, 0x1c, 0xe7, 0x1c, 0xe7,
    0xdb, 0xde, 0xdc, 0xde, 0xdc, 0xde, 0xfb, 0xde, 0xdb, 0xde, 0xdc, 0xde,
    0xdb, 0xde, 0xdb, 0xde, 0xdb, 0xde, 0xdc, 0xde, 0xdb, 0xde, 0xdb, 0xde,
    0xfc, 0xde, 0xdb, 0xde, 0xdb, 0xde, 0xdb, 0xde, 0xdb, 0xde, 0xdb, 0xde,
    0xdb, 0xde, 0xbb, 0xd6, 0xdb, 0xd6, 0xbb, 0xd6, 0xba, 0xd6, 0xdb, 0xd6,
    0xba, 0xd6, 0xba, 0xd6, 0xbb, 0xd6, 0xba, 0xd6, 0x9a, 0xd6, 0x9a, 0xd6,
    0x9a, 0xd6, 0x9a, 0xd6, 0x9a, 0xd6, 0x9a, 0xd6, 0x7a, 0xd6, 0x79, 0xd6,
    0x7a, 0xce, 0x7a, 0xd6, 0x79, 0xce, 0x79, 0xd6, 0x59, 0xce, 0x59, 0xce,
    0x58, 0xce, 0x59, 0xce, 0x58, 0xce, 0x38, 0xce, 0x39, 0xce, 0x38, 0xce,
    0x38, 0xce, 0x38, 0xce, 0x18, 0xce, 0x17, 0xc6, 0xf7, 0xc5, 0xf7, 0xc5,
    0xf7, 0xc5, 0xf7, 0xc5, 0xd7, 0xc5, 0x96, 0xbd, 0x75, 0xbd, 0x54, 0xc5,
    0x12, 0xbd, 0xcd, 0x9b, 0x6b, 0x8b, 0xc9, 0x7a, 0x87, 0x72, 0x67, 0x6a,
    0x87, 0x6a, 0x66, 0x6a, 0x46, 0x6a, 0x87, 0x72, 0xc8, 0x7a, 0xc8, 0x7a,
    0xa8, 0x7a, 0xe8, 0x82, 0xe9, 0x82, 0x0a, 0x8b, 0x46, 0x72, 0x87, 0x72,
    0x09, 0x83, 0x6b, 0x93, 0x29, 0x8b, 0x29, 0x8b, 0x09, 0x8b, 0x09, 0x8b,
    0x2a, 0x93, 0x6b, 0x9b, 0xab, 0x9b, 0xec, 0xa3, 0xed, 0xab, 0x0d, 0xac,
    0x2d, 0xb4, 0x2e, 0xb4, 0x6e, 0xbc, 0x8f, 0xbc, 0xaf, 0xc4, 0xd0, 0xcc,
    0xb0, 0xc4, 0xd0, 0xc4, 0xd0, 0xcc, 0xb0, 0xc4, 0xaf, 0xc4, 0xaf, 0xc4,
    0xb0, 0xc4, 0xb0, 0xc4, 0x90, 0xc4, 0x90, 0xc4, 0x2e, 0xb4, 0xcc, 0xab,
    0xed, 0xab, 0x4f, 0xbc, 0x4f, 0xbc, 0x0d, 0xb4, 0x6f, 0xbc, 0x4e, 0xbc,
    0x4f, 0xbc, 0x6f, 0xbc, 0xd0, 0xcc, 0xd0, 0xcc, 0xd0, 0xcc, 0xd0, 0xcc,
    0xaf, 0xc4, 0x8e, 0xbc, 0x4e, 0xbc, 0x2e, 0xb4, 0x8b, 0x9b, 0xab, 0x9b,
    0xab, 0x9b, 0x8b, 0x9b, 0x4a, 0x93, 0x2a, 0x8b, 0xe9, 0x8a, 0xa8, 0x7a,
    0x09, 0x8b, 0x2a, 0x8b, 0x87, 0x72, 0xe9, 0x7a, 0xe9, 0x7a, 0x6b, 0x83,
    0x90, 0xac, 0xf5, 0xcd, 0xd5, 0xcd, 0xf6, 0xc5, 0x16, 0xc6, 0x17, 0xc6,
    0x37, 0xce, 0x58, 0xd6, 0x79, 0xd6, 0x79, 0xd6, 0x79, 0xd6, 0x99, 0xde,
    0x79, 0xd6, 0x79, 0xd6, 0x9a, 0xde, 0x9a, 0xde, 0x9a, 0xde, 0x9a, 0xde,
    0xba, 0xde, 0x9a, 0xd6, 0xba, 0xde, 0xba, 0xde, 0xba, 0xde, 0xba, 0xde,
    0xba, 0xde, 0xda, 0xde, 0xdb, 0xde, 0xba, 0xde, 0xdb, 0xde, 0xda, 0xe6,
    0xdb, 0xde, 0xdb, 0xde, 0xdb, 0xe6, 0xdb, 0xde, 0xfb, 0xde, 0xdb, 0xe6,
    0xfb, 0xe6, 0xfc, 0xde, 0xfb, 0xde, 0xfb, 0xe6, 0xfb, 0xde, 0xfb, 0xe6,
    0xfc, 0xe6, 0xfb, 0xde, 0xfc, 0xe6, 0xfb, 0xde, 0xfc, 0xe6, 0xfb, 0xe6,
    0x1c, 0xe7, 0x1b, 0xe7, 0xfc, 0xe6, 0xfc, 0xe6, 0x1b, 0xe7, 0xfc, 0xe6,
    0x1c, 0xe7, 0x1b, 0xe7, 0x1c, 0xe7, 0x1c, 0xe7, 0x1c, 0xe7, 0x1c, 0xe7,
    0x1c, 0xe7, 0x1c, 0xe7, 0xdb, 0xde, 0xdb, 0xde, 0xfb, 0xde, 0xdc, 0xde,
    0xdb, 0xde, 0xfb, 0xde, 0xfc, 0xde, 0xdb, 0xde, 0xdb, 0xde, 0xfc, 0xde,
    0xdb, 0xde, 0xdb, 0xde, 0xdc, 0xde, 0xdc, 0xde, 0xdb, 0xd6, 0xdb, 0xde,
    0xdb, 0xd6, 0xdb, 0xde, 0xdb, 0xde, 0xdb, 0xd6, 0xbb, 0xde, 0xbb, 0xd6,
    0xba, 0xde, 0xbb, 0xd6, 0xba, 0xd6, 0xbb, 0xd6, 0xba, 0xd6, 0xba, 0xd6,
    0x9b, 0xd6, 0x9a, 0xd6, 0x9a, 0xd6, 0x9a, 0xd6, 0x9a, 0xd6, 0x9a, 0xd6,
    0x9a, 0xd6, 0x79, 0xce, 0x9a, 0xd6, 0x79, 0xce, 0x79, 0xd6, 0x79, 0xd6,
    0x59, 0xce, 0x79, 0xce, 0x58, 0xce, 0x59, 0xd6, 0x59, 0xce, 0x59, 0xce,
    0x39, 0xce, 0x38, 0xce, 0x38, 0xce, 0x39, 0xce, 0x38, 0xce, 0x18, 0xce,
    0xf8, 0xcd, 0xf7, 0xc5, 0xf7, 0xc5, 0xf8, 0xc5, 0xd7, 0xc5, 0x96, 0xc5,
    0x75, 0xbd, 0x74, 0xc5, 0xf2, 0xbc, 0xee, 0x9b, 0xac, 0x93, 0xe9, 0x7a,
    0x87, 0x72, 0x87, 0x72, 0x87, 0x72, 0x67, 0x72, 0x46, 0x6a, 0x46, 0x6a,
    0x87, 0x72, 0xa8, 0x7a, 0xa7, 0x7a, 0x67, 0x72, 0xa8, 0x7a, 0xe9, 0x82,
    0x67, 0x72, 0xa8, 0x7a, 0xe9, 0x82, 0x0a, 0x8b, 0x09, 0x8b, 0x09, 0x8b,
    0xe9, 0x82, 0xe8, 0x82, 0xe9, 0x8a, 0x29, 0x8b, 0x0a, 0x8b, 0x09, 0x8b,
    0x8b, 0x9b, 0xac, 0xa3, 0xed, 0xab, 0x0d, 0xac, 0x6f, 0xbc, 0x0d, 0xb4,
    0x8f, 0xbc, 0x4e, 0xb4, 0x6f, 0xb4, 0x8f, 0xbc, 0xb0, 0xc4, 0xb0, 0xc4,
    0xaf, 0xbc, 0x8f, 0xbc, 0x8f, 0xbc, 0x8f, 0xbc, 0x8f, 0xbc, 0xb0, 0xc4,
    0x2e, 0xb4, 0xac, 0xa3, 0xcc, 0xa3, 0x4f, 0xb4, 0x6f, 0xb4, 0xed, 0xab,
    0x4f, 0xb4, 0x90, 0xc4, 0x8f, 0xbc, 0x6f, 0xbc, 0x4f, 0xbc, 0x6f, 0xbc,
    0x2e, 0xb4, 0x2e, 0xb4, 0x2d, 0xb4, 0x2d, 0xb4, 0x0d, 0xac, 0xec, 0xa3,
    0x8b, 0x9b, 0x2a, 0x93, 0x2a, 0x93, 0x8b, 0x9b, 0xac, 0x9b, 0xa8, 0x7a,
    0x87, 0x7a, 0x29, 0x8b, 0x88, 0x7a, 0x47, 0x6a, 0x2a, 0x8b, 0xc9, 0x7a,
    0xea, 0x7a, 0xcd, 0x93, 0x12, 0xb5, 0xd5, 0xcd, 0xd5, 0xc5, 0xf6, 0xc5,
    0x17, 0xce, 0x17, 0xce, 0x37, 0xce, 0x38, 0xce, 0x79, 0xd6, 0x79, 0xd6,
    0x79, 0xde, 0x79, 0xd6, 0x79, 0xd6, 0x99, 0xd6, 0x99, 0xde, 0x99, 0xde,
    0xb9, 0xde, 0x99, 0xde, 0xb9, 0xde, 0x9a, 0xd6, 0xba, 0xde, 0xba, 0xde,
    0xba, 0xde, 0xba, 0xde, 0xda, 0xde, 0xba, 0xde, 0xbb, 0xde, 0xdb, 0xde,
    0xdb, 0xde, 0xda, 0xde, 0xdb, 0xe6, 0xdb, 0xde, 0xdb, 0xde, 0xdb, 0xde,
    0xdb, 0xe6, 0xdb, 0xde, 0xdc, 0xe6, 0xfb, 0xe6, 0xfb, 0xde, 0xfb, 0xe6,
    0xfc, 0xde, 0xfb, 0xde, 0xfb, 0xe6, 0xfb, 0xde, 0xfb, 0xe6, 0xfc, 0xe6,
    0xfb, 0xde, 0xfb, 0xde, 0x1c, 0xe7, 0xfb, 0xde, 0xfb, 0xe6, 0xfb, 0xe6,
    0x1c, 0xe7, 0xfb, 0xe6, 0x1c, 0xe7, 0x1c, 0xe7, 0x1b, 0xe7, 0x1c, 0xe7,
    0x1c, 0xe7, 0x1c, 0xe7, 0x1c, 0xe7, 0x1c, 0xe7, 0xdb, 0xde, 0xdc, 0xde,
    0xdb, 0xde, 0xdb, 0xde, 0xdc, 0xde, 0xdb, 0xde, 0xdc, 0xde, 0xdc, 0xde,
    0xfb, 0xde, 0xdb, 0xde, 0xdc, 0xde, 0xfb, 0xde, 0xdb, 0xde, 0xdc, 0xde,
    0xdb, 0xde, 0xdb, 0xde, 0xdb, 0xd6, 0xdb, 0xde, 0xdb, 0xde, 0xbb, 0xd6,
    0xdb, 0xd6, 0xbb, 0xd6, 0xba, 0xd6, 0xbb, 0xde, 0xba, 0xd6, 0xba, 0xd6,
    0xba, 0xd6, 0xba, 0xd6, 0xba, 0xd6, 0x9a, 0xd6, 0x9a, 0xd6, 0x9a, 0xce,
    0x9a, 0xd6, 0x9a, 0xd6, 0x7a, 0xce, 0x79, 0xd6, 0x7a, 0xd6, 0x7a, 0xce,
    0x79, 0xce, 0x79, 0xd6, 0x59, 0xce, 0x59, 0xce, 0x58, 0xce, 0x58, 0xce,
    0x39, 0xd6, 0x59, 0xd6, 0x38, 0xce, 0x39, 0xce, 0x38, 0xce, 0x38, 0xce,
    0x18, 0xce, 0x18, 0xc6, 0xf8, 0xcd, 0xf8, 0xcd, 0xf8, 0xcd, 0xf7, 0xc5,
    0xd7, 0xc5, 0xb6, 0xc5, 0x95, 0xbd, 0x54, 0xc5, 0xf2, 0xb4, 0xee, 0x9b,
    0xcd, 0x9b, 0x09, 0x83, 0x87, 0x72, 0x87, 0x72, 0x87, 0x72, 0x87, 0x72,
    0x05, 0x62, 0x46, 0x6a, 0x67, 0x72, 0x87, 0x72, 0x67, 0x72, 0x26, 0x6a,
    0x87, 0x7a, 0xc9, 0x82, 0xa8, 0x7a, 0xc8, 0x82, 0xc9, 0x82, 0x09, 0x8b,
    0x09, 0x8b, 0xe9, 0x8a, 0xa8, 0x82, 0xa8, 0x7a, 0xc8, 0x82, 0xe8, 0x82,
    0xc8, 0x82, 0xe9, 0x82, 0xe9, 0x8a, 0x4a, 0x93, 0x8b, 0x9b, 0xac, 0x9b,
    0x2e, 0xb4, 0xed, 0xab, 0x6f, 0xbc, 0x0d, 0xac, 0x0d, 0xac, 0x2e, 0xb4,
    0x6f, 0xbc, 0x8f, 0xbc, 0x8f, 0xbc, 0x8f, 0xbc, 0x8f, 0xbc, 0x6f, 0xbc,
    0x6f, 0xbc, 0x4e, 0xb4, 0xcd, 0xab, 0xac, 0xa3, 0xcd, 0xa3, 0x0e, 0xac,
    0x0d, 0xb4, 0x0d, 0xac, 0x0e, 0xac, 0x2e, 0xb4, 0x4e, 0xb4, 0x4f, 0xbc,
    0x4e, 0xb4, 0x2e, 0xb4, 0x0d, 0xac, 0x0d, 0xac, 0x0d, 0xac, 0xec, 0xab,
    0xcc, 0xa3, 0xab, 0x9b, 0x4a, 0x93, 0x09, 0x83, 0xe9, 0x82, 0x4a, 0x93,
    0x4a, 0x8b, 0xa8, 0x7a, 0x87, 0x72, 0xc8, 0x7a, 0x67, 0x72, 0x67, 0x72,
    0xe9, 0x7a, 0xe9, 0x7a, 0x6c, 0x8b, 0x70, 0xa4, 0x74, 0xc5, 0xd5, 0xcd,
    0xb5, 0xc5, 0xf6, 0xc5, 0x17, 0xc6, 0x37, 0xce, 0x38, 0xce, 0x38, 0xd6,
    0x78, 0xd6, 0x79, 0xd6, 0x79, 0xde, 0x79, 0xd6, 0x99, 0xde, 0x79, 0xd6,
    0x99, 0xde, 0x9a, 0xde, 0x9a, 0xde, 0x9a, 0xde, 0xb9, 0xde, 0x99, 0xde,
    0xba, 0xde, 0xba, 0xde, 0xba, 0xde, 0xba, 0xde, 0xdb, 0xde, 0xda, 0xde,
    0xba, 0xde, 0xbb, 0xde, 0xda, 0xde, 0xdb, 0xde, 0xdb, 0xde, 0xdb, 0xde,
    0xdb, 0xe6, 0xdb, 0xe6, 0xfb, 0xde, 0xdb, 0xde, 0xdc, 0xde, 0xfb, 0xe6,
    0xfb, 0xe6, 0xfc, 0xde, 0xfb, 0xe6, 0xfb, 0xde, 0xfc, 0xe6, 0xfb, 0xde,
    0xfb, 0xde, 0xfb, 0xe6, 0xfb, 0xde, 0xfb, 0xde, 0xfc, 0xe6, 0x1b, 0xe7,
    0xfb, 0xe6, 0xfc, 0xe6, 0x1b, 0xe7, 0x1b, 0xe7, 0x1c, 0xe7, 0x1c, 0xe7,
    0x1c, 0xe7, 0x1b, 0xe7, 0x1c, 0xe7, 0x1c, 0xe7, 0x1c, 0xe7, 0x1c, 0xe7,
    0xdb, 0xde, 0xdc, 0xde, 0xfc, 0xde, 0xdb, 0xde, 0xfb, 0xde, 0xdc, 0xde,
    0xdb, 0xde, 0xdb, 0xde, 0xdc, 0xde, 0xdb, 0xde, 0xdc, 0xde, 0xfb, 0xd6,
    0xdb, 0xde, 0xfb, 0xde, 0xdb, 0xd6, 0xdb, 0xde, 0xdb, 0xde, 0xdb, 0xde,
    0xdb, 0xd6, 0xbb, 0xd6, 0xdb, 0xde, 0xbb, 0xd6, 0xba, 0xd6, 0xdb, 0xd6,
    0xba, 0xd6, 0xbb, 0xd6, 0xba, 0xde, 0xba, 0xd6, 0x9a, 0xd6, 0x9a, 0xd6,
    0x9a, 0xd6, 0x9a, 0xd6, 0x9a, 0xd6, 0x9a, 0xd6, 0x7a, 0xd6, 0x79, 0xce,
    0x7a, 0xd6, 0x7a, 0xce, 0x79, 0xce, 0x79, 0xd6, 0x79, 0xce, 0x59, 0xce,
    0x58, 0xce, 0x59, 0xce, 0x59, 0xce, 0x38, 0xce, 0x38, 0xce, 0x59, 0xce,
    0x58, 0xce, 0x38, 0xce, 0x38, 0xce, 0x38, 0xce, 0x18, 0xc6, 0x17, 0xc6,
    0x17, 0xc6, 0xf7, 0xcd, 0xd7, 0xc5, 0x96, 0xbd, 0x95, 0xbd, 0x75, 0xc5,
    0xd2, 0xbc, 0xee, 0x9b, 0xcd, 0x9b, 0x2a, 0x8b, 0xa7, 0x72, 0x87, 0x72,
    0x87, 0x72, 0x87, 0x72, 0xe4, 0x59, 0x05, 0x62, 0x26, 0x6a, 0x46, 0x6a,
    0x46, 0x6a, 0x05, 0x62, 0x46, 0x72, 0xa8, 0x7a, 0xe9, 0x82, 0xc8, 0x82,
    0xc8, 0x82, 0xc8, 0x7a, 0xc8, 0x7a, 0xa8, 0x7a, 0x87, 0x72, 0x67, 0x72,
    0x87, 0x7a, 0xa8, 0x7a, 0xa8, 0x7a, 0xa8, 0x7a, 0xc8, 0x82, 0xe8, 0x82,
    0x09, 0x83, 0x4a, 0x93, 0xec, 0xa3, 0xcc, 0xa3, 0x4e, 0xb4, 0x0d, 0xac,
    0xed, 0xab, 0x2e, 0xac, 0x4e, 0xb4, 0x6e, 0xb4, 0x4f, 0xb4, 0x4e, 0xb4,
    0x4e, 0xb4, 0x4e, 0xb4, 0x2e, 0xac, 0xed, 0xab, 0xac, 0x9b, 0xcc, 0xa3,
    0xcc, 0xa3, 0xcc, 0xa3, 0xcc, 0xa3, 0xed, 0xab, 0x0d, 0xac, 0xcc, 0xa3,
    0xed, 0xab, 0x6f, 0xbc, 0xed, 0xab, 0xed, 0xa3, 0xec, 0xab, 0xcc, 0xa3,
    0xab, 0x9b, 0x8b, 0x9b, 0x4a, 0x93, 0x2a, 0x8b, 0xe9, 0x82, 0xa7, 0x7a,
    0xa7, 0x7a, 0xe9, 0x82, 0xa8, 0x7a, 0x67, 0x72, 0x46, 0x6a, 0x26, 0x62,
    0x26, 0x62, 0x88, 0x6a, 0x68, 0x6a, 0xc9, 0x72, 0xcd, 0x93, 0x13, 0xb5,
    0xd5, 0xcd, 0xd6, 0xc5, 0xb5, 0xc5, 0xd6, 0xc5, 0x17, 0xc6, 0x37, 0xce,
    0x37, 0xce, 0x58, 0xd6, 0x78, 0xd6, 0x79, 0xd6, 0x79, 0xd6, 0x99, 0xde,
    0x79, 0xd6, 0x79, 0xd6, 0x99, 0xde, 0x9a, 0xde, 0x9a, 0xde, 0x9a, 0xde,
    0xba, 0xd6, 0x9a, 0xde, 0xba, 0xde, 0xba, 0xde, 0xba, 0xd6, 0xba, 0xde,
    0xda, 0xde, 0xba, 0xde, 0xdb, 0xde, 0xba, 0xde, 0xdb, 0xde, 0xdb, 0xde,
    0xdb, 0xde, 0xdb, 0xde, 0xdb, 0xe6, 0xdb, 0xde, 0xfb, 0xde, 0xfb, 0xde,
    0xfc, 0xde, 0xfb, 0xde, 0xfb, 0xe6, 0xfb, 0xde, 0xfb, 0xe6, 0xfb, 0xe6,
    0xfc, 0xde, 0xfb, 0xe6, 0xfb, 0xde, 0xfc, 0xe6, 0xfb, 0xe6, 0xfb, 0xde,
    0x1c, 0xe7, 0x1b, 0xdf, 0xfc, 0xe6, 0xfb, 0xe6, 0x1c, 0xe7, 0xfc, 0xe6,
    0x1c, 0xe7, 0x1c, 0xe7, 0x1c, 0xe7, 0x1c, 0xe7, 0x1c, 0xe7, 0x1c, 0xe7,
    0x1c, 0xe7, 0x1c, 0xe7, 0xdb, 0xde, 0xdb, 0xde, 0xfb, 0xd6, 0xdc, 0xde,
    0xdb, 0xde, 0xfb, 0xd6, 0xdb, 0xde, 0xfb, 0xde, 0xdc, 0xd6, 0xdb, 0xde,
    0xfb, 0xde, 0xdc, 0xde, 0xdc, 0xde, 0xdb, 0xde, 0xdb, 0xde, 0xdc, 0xd6,
    0xdb, 0xde, 0xdb, 0xde, 0xdb, 0xde, 0xdb, 0xd6, 0xbb, 0xde, 0xbb, 0xd6,
    0xba, 0xd6, 0xba, 0xde, 0xbb, 0xd6, 0xba, 0xd6, 0xba, 0xd6, 0xba, 0xd6,
    0xba, 0xd6, 0x9a, 0xd6, 0x9a, 0xd6, 0x9a, 0xce, 0x79, 0xd6, 0x7a, 0xd6,
    0x79, 0xce, 0x9a, 0xd6, 0x79, 0xce, 0x79, 0xd6, 0x79, 0xd6, 0x79, 0xce,
    0x59, 0xce, 0x79, 0xce, 0x58, 0xce, 0x59, 0xce, 0x59, 0xce, 0x58, 0xce,
    0x39, 0xce, 0x39, 0xce, 0x38, 0xce, 0x38, 0xce, 0x38, 0xce, 0x38, 0xc6,
    0x18, 0xce, 0x17, 0xc6, 0x18, 0xc6, 0xf7, 0xc5, 0xd7, 0xc5, 0xb6, 0xc5,
    0x75, 0xbd, 0x74, 0xc5, 0xf2, 0xb4, 0xed, 0x9b, 0xcd, 0x9b, 0x2a, 0x8b,
    0xa8, 0x7a, 0x87, 0x72, 0x87, 0x72, 0x87, 0x72, 0xc4, 0x59, 0xc5, 0x59,
    0x25, 0x62, 0x46, 0x6a, 0x26, 0x6a, 0x05, 0x62, 0x46, 0x6a, 0x87, 0x7a,
    0x09, 0x8b, 0xe9, 0x82, 0xa8, 0x7a, 0x87, 0x7a, 0x87, 0x7a, 0x87, 0x72,
    0x46, 0x6a, 0x46, 0x72, 0x66, 0x72, 0x87, 0x7a, 0x87, 0x7a, 0x87, 0x7a,
    0x87, 0x7a, 0xa8, 0x7a, 0xc8, 0x82, 0xe9, 0x82, 0x6b, 0x93, 0x6a, 0x93,
    0x0d, 0xac, 0xec, 0xa3, 0xcc, 0xa3, 0x2d, 0xac, 0x4e, 0xb4, 0x4e, 0xb4,
    0x4e, 0xb4, 0x2e, 0xb4, 0x2e, 0xb4, 0x0e, 0xac, 0xed, 0xa3, 0xcc, 0xa3,
    0xcd, 0xa3, 0xac, 0xa3, 0xac, 0x9b, 0x8c, 0x9b, 0xac, 0xa3, 0xac, 0xa3,
    0xed, 0xab, 0x6b, 0x93, 0x8c, 0x9b, 0x6f, 0xbc, 0xcc, 0xa3, 0xcc, 0x9b,
    0xcc, 0xa3, 0xab, 0x9b, 0x6a, 0x9b, 0x6a, 0x93, 0x29, 0x8b, 0x09, 0x83,
    0xc8, 0x7a, 0x66, 0x72, 0x67, 0x72, 0xc8, 0x7a, 0x67, 0x6a, 0x46, 0x6a,
    0x26, 0x62, 0xe5, 0x59, 0x05, 0x5a, 0x88, 0x6a, 0x26, 0x62, 0xc9, 0x72,
    0x70, 0xa4, 0x54, 0xc5, 0xd5, 0xcd, 0xd6, 0xc5, 0xd6, 0xc5, 0xf6, 0xc5,
    0x17, 0xce, 0x37, 0xce, 0x38, 0xce, 0x58, 0xd6, 0x58, 0xd6, 0x79, 0xd6,
    0x79, 0xde, 0x79, 0xd6, 0x79, 0xd6, 0x79, 0xde, 0x99, 0xde, 0x99, 0xd6,
    0x9a, 0xde, 0x99, 0xde, 0xb9, 0xde, 0xba, 0xd6, 0xba, 0xde, 0xb9, 0xde,
    0xba, 0xde, 0xba, 0xde, 0xba, 0xde, 0xba, 0xde, 0xba, 0xde, 0xba, 0xde,
    0xbb, 0xde, 0xba, 0xde, 0xda, 0xde, 0xdb, 0xde, 0xdb, 0xde, 0xdb, 0xde,
    0xdb, 0xde, 0xdb, 0xde, 0xfc, 0xe6, 0xfc, 0xde, 0xfb, 0xde, 0xfb, 0xde,
    0xfc, 0xe6, 0xfb, 0xde, 0xfb, 0xde, 0xfb, 0xe6, 0xfb, 0xe6, 0xfc, 0xde,
    0xfb, 0xe6, 0xfb, 0xde, 0xfc, 0xe6, 0x1b, 0xe7, 0xfb, 0xe6, 0xfb, 0xe6,
    0x1c, 0xe7, 0xfb, 0xe6, 0x1b, 0xe7, 0x1b, 0xe7, 0x1c, 0xe7, 0x1c, 0xe7,
    0x1c, 0xe7, 0x1c, 0xe7, 0x1c, 0xe7, 0x1c, 0xe7, 0xdb, 0xde, 0xdc, 0xde,
    0xdb, 0xde, 0xdb, 0xde, 0xdc, 0xde, 0xdc, 0xde, 0xdb, 0xde, 0xfc, 0xde,
    0xdb, 0xde, 0xdb, 0xde, 0xfc, 0xde, 0xdb, 0xde, 0xdb, 0xde, 0xdb, 0xde,
    0xdb, 0xde, 0xdb, 0xde, 0xdb, 0xd6, 0xdb, 0xde, 0xbb, 0xd6, 0xba, 0xd6,
    0xba, 0xd6, 0xba, 0xd6, 0xbb, 0xd6, 0xba, 0xd6, 0xba, 0xd6, 0xba, 0xd6,
    0x9a, 0xd6, 0x9a, 0xd6, 0xba, 0xd6, 0x9a, 0xd6, 0x99, 0xce, 0x99, 0xd6,
    0x9a, 0xd6, 0x99, 0xce, 0x79, 0xd6, 0x79, 0xce, 0x79, 0xd6, 0x79, 0xd6,
    0x79, 0xce, 0x79, 0xce, 0x59, 0xce, 0x59, 0xce, 0x58, 0xce, 0x59, 0xce,
    0x38, 0xce, 0x58, 0xce, 0x38, 0xce, 0x38, 0xce, 0x38, 0xce, 0x58, 0xce,
    0x38, 0xce, 0x18, 0xc6, 0x37, 0xc6, 0x17, 0xce, 0x18, 0xce, 0x18, 0xc6,
    0xf6, 0xc5, 0xb6, 0xc5, 0x95, 0xc5, 0x74, 0xc5, 0xf2, 0xbc, 0x0e, 0x9c,
    0xcd, 0x9b, 0x4a, 0x8b, 0xc8, 0x7a, 0x87, 0x7a, 0x87, 0x72, 0x87, 0x72,
    0x26, 0x6a, 0xc4, 0x61, 0xe5, 0x61, 0x26, 0x6a, 0x25, 0x6a, 0x05, 0x62,
    0x26, 0x6a, 0x26, 0x6a, 0x87, 0x7a, 0x87, 0x7a, 0x87, 0x72, 0x87, 0x7a,
    0x87, 0x7a, 0x25, 0x6a, 0x26, 0x6a, 0x87, 0x7a, 0x87, 0x72, 0x46, 0x6a,
    0x87, 0x72, 0x09, 0x83, 0x66, 0x72, 0x87, 0x72, 0xc8, 0x7a, 0xe8, 0x82,
    0x8b, 0x93, 0x6b, 0x9b, 0x4b, 0x93, 0x4a, 0x93, 0xac, 0x9b, 0x0d, 0xa4,
    0x0d, 0xac, 0x2d, 0xac, 0x2e, 0xac, 0x0e, 0xac, 0xed, 0xa3, 0xcc, 0xa3,
    0x8c, 0x9b, 0x8c, 0x9b, 0xac, 0x9b, 0xcc, 0xa3, 0x8b, 0x9b, 0x4b, 0x93,
    0x8c, 0x9b, 0x6b, 0x93, 0x2a, 0x8b, 0xac, 0x9b, 0xed, 0xa3, 0xac, 0x9b,
    0xcc, 0xa3, 0x0d, 0xac, 0xcc, 0xa3, 0x6a, 0x93, 0x8b, 0x9b, 0x4a, 0x8b,
    0xe9, 0x82, 0xa7, 0x72, 0xa8, 0x7a, 0x67, 0x6a, 0xe5, 0x59, 0xa4, 0x51,
    0x05, 0x5a, 0xa4, 0x51, 0xa4, 0x51, 0x05, 0x5a, 0x26, 0x5a, 0x88, 0x6a,
    0xc9, 0x72, 0xee, 0x93, 0xb5, 0xcd, 0xb5, 0xc5, 0xd6, 0xc5, 0xd6, 0xcd,
    0xd6, 0xc5, 0xf6, 0xc5, 0x17, 0xce, 0x17, 0xce, 0x58, 0xd6, 0x58, 0xd6,
    0x79, 0xd6, 0x58, 0xd6, 0x99, 0xd6, 0x99, 0xd6, 0x99, 0xd6, 0x99, 0xd6,
    0x99, 0xd6, 0x99, 0xd6, 0x79, 0xd6, 0x79, 0xd6, 0x99, 0xde, 0x99, 0xde,
    0x9a, 0xde, 0x9a, 0xde, 0x9a, 0xd6, 0xba, 0xde, 0xba, 0xde, 0xba, 0xde,
    0xbb, 0xde, 0xba, 0xde, 0xdb, 0xde, 0xba, 0xde, 0xdb, 0xde, 0xda, 0xde,
    0xdb, 0xde, 0xdb, 0xde, 0xdb, 0xde, 0xdb, 0xde, 0xdb, 0xe6, 0xdb, 0xde,
    0xdb, 0xde, 0xdb, 0xde, 0xfb, 0xde, 0xfb, 0xe6, 0xfb, 0xde, 0xfb, 0xde,
    0xfc, 0xe6, 0xfb, 0xde, 0xfb, 0xde, 0xfb, 0xe6, 0xfb, 0xde, 0xfb, 0xde,
    0xfb, 0xe6, 0xfb, 0xe6, 0xfc, 0xe6, 0xfb, 0xe6, 0x1b, 0xe7, 0x1c, 0xe7,
    0x1b, 0xe7, 0x1b, 0xe7, 0xfc, 0xe6, 0x1c, 0xe7, 0xfc, 0xe6, 0xfc, 0xe6,
    0xdb, 0xde, 0xdc, 0xde, 0xfb, 0xde, 0xdb, 0xde, 0xfc, 0xde, 0xdb, 0xde,
    0xdb, 0xde, 0xdc, 0xde, 0xdb, 0xde, 0xdc, 0xde, 0xdb, 0xd6, 0xdb, 0xde,
    0xfb, 0xde, 0xdb, 0xd6, 0xdb, 0xde, 0xdb, 0xde, 0xdb, 0xd6, 0xdb, 0xde,
    0xdb, 0xd6, 0xbb, 0xd6, 0xba, 0xd6, 0xbb, 0xd6, 0xba, 0xd6, 0xbb, 0xd6,
    0xba, 0xd6, 0x9b, 0xd6, 0x9a, 0xd6, 0x9a, 0xd6, 0xba, 0xd6, 0x9a, 0xd6,
    0x9a, 0xce, 0x99, 0xd6, 0x79, 0xd6, 0x7a, 0xce, 0x79, 0xce, 0x79, 0xd6,
    0x59, 0xce, 0x59, 0xce, 0x79, 0xd6, 0x59, 0xd6, 0x59, 0xce, 0x59, 0xce,
    0x59, 0xce, 0x58, 0xce, 0x38, 0xce, 0x58, 0xce, 0x38, 0xce, 0x38, 0xce,
    0x38, 0xce, 0x38, 0xc6, 0x38, 0xc6, 0x18, 0xce, 0x37, 0xc6, 0x17, 0xc6,
    0x18, 0xce, 0x17, 0xc6, 0xd7, 0xc5, 0xb6, 0xbd, 0x95, 0xbd, 0x75, 0xc5,
    0x12, 0xbd, 0x0e, 0xa4, 0x0d, 0xa4, 0x4b, 0x8b, 0x09, 0x83, 0xa8, 0x7a,
    0x87, 0x7a, 0x87, 0x72, 0x47, 0x72, 0x05, 0x62, 0xe5, 0x61, 0x05, 0x62,
    0x05, 0x62, 0xe5, 0x69, 0x06, 0x6a, 0x26, 0x6a, 0x26, 0x6a, 0x26, 0x6a,
    0x46, 0x72, 0x46, 0x72, 0x05, 0x62, 0x66, 0x6a, 0x66, 0x72, 0x05, 0x62,
    0xc3, 0x59, 0x26, 0x6a, 0x66, 0x72, 0x45, 0x6a, 0x67, 0x72, 0x87, 0x72,
    0xc8, 0x7a, 0xe8, 0x82, 0x09, 0x83, 0x09, 0x83, 0x09, 0x83, 0x2a, 0x8b,
    0xab, 0x9b, 0xcc, 0xa3, 0xcc, 0x9b, 0xac, 0x9b, 0xac, 0x9b, 0x8b, 0x9b,
    0x6b, 0x93, 0x6b, 0x93, 0x6b, 0x93, 0x0a, 0x8b, 0x2a, 0x8b, 0xcd, 0xa3,
    0xac, 0x9b, 0xe9, 0x82, 0x4a, 0x93, 0x6b, 0x93, 0x09, 0x8b, 0xe9, 0x82,
    0x09, 0x8b, 0x8b, 0x9b, 0xed, 0xa3, 0x6b, 0x93, 0x2a, 0x8b, 0x8b, 0x93,
    0x2a, 0x8b, 0x09, 0x83, 0xa7, 0x7a, 0x87, 0x72, 0x66, 0x6a, 0x26, 0x62,
    0xe5, 0x59, 0xc4, 0x51, 0x05, 0x5a, 0xa4, 0x51, 0xa4, 0x49, 0x05, 0x5a,
    0x67, 0x62, 0x67, 0x62, 0x2b, 0x7b, 0xd1, 0xac, 0xd5, 0xc5, 0xd6, 0xc5,
    0xd6, 0xc5, 0xd6, 0xc5, 0xd7, 0xc5, 0xf6, 0xcd, 0x17, 0xce, 0xf7, 0xcd,
    0x58, 0xd6, 0x58, 0xce, 0x58, 0xce, 0x58, 0xd6, 0x99, 0xd6, 0x99, 0xd6,
    0x79, 0xd6, 0x79, 0xd6, 0x99, 0xd6, 0x99, 0xd6, 0x79, 0xd6, 0x79, 0xd6,
    0x9a, 0xde, 0x99, 0xde, 0x99, 0xde, 0x9a, 0xde, 0x9a, 0xde, 0xba, 0xd6,
    0xba, 0xde, 0xba, 0xde, 0xba, 0xde, 0xba, 0xde, 0xba, 0xde, 0xbb, 0xde,
    0xda, 0xde, 0xba, 0xde, 0xdb, 0xde, 0xdb, 0xde, 0xdb, 0xde, 0xdb, 0xde,
    0xdb, 0xde, 0xdb, 0xde, 0xfb, 0xe6, 0xdb, 0xde, 0xfb, 0xe6, 0xfb, 0xde,
    0xdb, 0xde, 0xfb, 0xe6, 0xfb, 0xde, 0xfb, 0xe6, 0xfc, 0xe6, 0xfb, 0xde,
    0xfb, 0xe6, 0xfc, 0xde, 0xfb, 0xe6, 0xfb, 0xde, 0xfc, 0xe6, 0xfb, 0xe6,
    0x1c, 0xdf, 0xfb, 0xde, 0x1b, 0xe7, 0x1c, 0xe7, 0xfc, 0xe6, 0x1b, 0xe7,
    0x1c, 0xe7, 0xfc, 0xe6, 0xdb, 0xde, 0xdc, 0xde, 0xdb, 0xd6, 0xfb, 0xde,
    0xdc, 0xde, 0xdb, 0xd6, 0xfb, 0xde, 0xdc, 0xde, 0xfb, 0xd6, 0xdb, 0xde,
    0xdc, 0xde, 0xfc, 0xde, 0xdb, 0xde, 0xdb, 0xde, 0xdb, 0xd6, 0xdb, 0xde,
    0xdb, 0xde, 0xdb, 0xde, 0xba, 0xd6, 0xbb, 0xd6, 0xdb, 0xde, 0xba, 0xd6,
    0xba, 0xd6, 0xba, 0xde, 0xba, 0xd6, 0x9a, 0xd6, 0xbb, 0xd6, 0x9a, 0xd6,
    0x9a, 0xd6, 0x9a, 0xd6, 0x99, 0xd6, 0x9a, 0xce, 0x79, 0xd6, 0x7a, 0xd6,
    0x79, 0xce, 0x7a, 0xd6, 0x79, 0xd6, 0x59, 0xce, 0x59, 0xd6, 0x59, 0xd6,
    0x59, 0xce, 0x58, 0xce, 0x39, 0xce, 0x59, 0xce, 0x38, 0xce, 0x58, 0xce,
    0x38, 0xce, 0x38, 0xce, 0x38, 0xc6, 0x38, 0xce, 0x38, 0xce, 0x37, 0xc6,
    0x38, 0xc6, 0x17, 0xce, 0x37, 0xc6, 0x17, 0xce, 0xd7, 0xc5, 0xb6, 0xc5,
    0x95, 0xc5, 0x75, 0xc5, 0x33, 0xc5, 0x4f, 0xac, 0x2e, 0xa4, 0x8b, 0x93,
    0x2a, 0x8b, 0xe9, 0x82, 0x87, 0x7a, 0x87, 0x72, 0x87, 0x72, 0x06, 0x6a,
    0xc4, 0x61, 0xe5, 0x61, 0xe5, 0x61, 0xe5, 0x61, 0xe5, 0x61, 0xe5, 0x61,
    0x05, 0x6a, 0x05, 0x62, 0x05, 0x62, 0x05, 0x62, 0xa4, 0x59, 0x25, 0x62,
    0x05, 0x6a, 0xc4, 0x59, 0x42, 0x49, 0xe4, 0x61, 0x05, 0x62, 0xc4, 0x59,
    0x25, 0x62, 0x46, 0x6a, 0x66, 0x6a, 0x87, 0x72, 0x87, 0x72, 0x87, 0x72,
    0xa8, 0x7a, 0xe9, 0x82, 0x4a, 0x8b, 0x6a, 0x93, 0x6b, 0x93, 0x8b, 0x93,
    0x6b, 0x93, 0x4a, 0x93, 0x2a, 0x8b, 0x2a, 0x8b, 0x0a, 0x8b, 0xc8, 0x7a,
    0xe9, 0x82, 0x8c, 0x93, 0x6b, 0x93, 0xc8, 0x82, 0x2a, 0x8b, 0x2a, 0x8b,
    0xe9, 0x82, 0xa8, 0x7a, 0xe9, 0x82, 0x6b, 0x93, 0x8b, 0x93, 0x09, 0x83,
    0xe8, 0x82, 0x09, 0x83, 0x87, 0x72, 0x87, 0x72, 0x67, 0x6a, 0x66, 0x6a,
    0x05, 0x5a, 0xe5, 0x59, 0xc4, 0x59, 0xc4, 0x51, 0x05, 0x5a, 0xa4, 0x49,
    0xa4, 0x51, 0x05, 0x5a, 0x46, 0x5a, 0xa8, 0x6a, 0x0e, 0x94, 0x94, 0xc5,
    0xb5, 0xc5, 0xd6, 0xcd, 0xd6, 0xc5, 0xd7, 0xcd, 0xf7, 0xcd, 0xf7, 0xcd,
    0x17, 0xce, 0x17, 0xce, 0x58, 0xd6, 0x79, 0xce, 0x59, 0xce, 0x78, 0xce,
    0x79, 0xd6, 0x79, 0xd6, 0x99, 0xd6, 0x79, 0xd6, 0x79, 0xd6, 0x99, 0xd6,
    0x99, 0xd6, 0x99, 0xd6, 0x9a, 0xde, 0x9a, 0xde, 0x99, 0xd6, 0x99, 0xde,
    0xba, 0xde, 0x9a, 0xde, 0xba, 0xde, 0xba, 0xde, 0xba, 0xde, 0xba, 0xde,
    0xbb, 0xde, 0xba, 0xde, 0xdb, 0xde, 0xdb, 0xde, 0xda, 0xde, 0xdb, 0xde,
    0xdb, 0xde, 0xdb, 0xde, 0xdb, 0xde, 0xdb, 0xde, 0xfb, 0xde, 0xfb, 0xde,
    0xfb, 0xde, 0xfb, 0xde, 0xfc, 0xe6, 0xfb, 0xde, 0xfb, 0xde, 0xfc, 0xe6,
    0xfb, 0xde, 0xfb, 0xe6, 0xfc, 0xde, 0xfb, 0xe6, 0xfb, 0xe6, 0xfc, 0xe6,
    0xfb, 0xe6, 0xfb, 0xe6, 0x1c, 0xdf, 0xfb, 0xe6, 0x1c, 0xe7, 0x1b, 0xdf,
    0xfc, 0xde, 0xfc, 0xe6, 0x1b, 0xdf, 0x1c, 0xe7, 0xdb, 0xde, 0xdc, 0xde,
    0xdb, 0xde, 0xdc, 0xde, 0xdb, 0xde, 0xdb, 0xde, 0xdc, 0xde, 0xfb, 0xde,
    0xdb, 0xde, 0xdc, 0xde, 0xfb, 0xde, 0xdb, 0xde, 0xdb, 0xde, 0xfb, 0xde,
    0xdb, 0xde, 0xdb, 0xd6, 0xdb, 0xde, 0xdb, 0xde, 0xba, 0xd6, 0xba, 0xd6,
    0xbb, 0xde, 0xba, 0xd6, 0xbb, 0xd6, 0xbb, 0xd6, 0x9a, 0xd6, 0xba, 0xd6,
    0xba, 0xd6, 0x9a, 0xd6, 0xba, 0xd6, 0x99, 0xd6, 0x9a, 0xce, 0x99, 0xd6,
    0x79, 0xd6, 0x79, 0xce, 0x79, 0xd6, 0x79, 0xce, 0x79, 0xd6, 0x7a, 0xce,
    0x79, 0xce, 0x59, 0xd6, 0x59, 0xce, 0x59, 0xce, 0x58, 0xce, 0x59, 0xd6,
    0x38, 0xce, 0x58, 0xce, 0x38, 0xce, 0x38, 0xce, 0x38, 0xc6, 0x58, 0xc6,
    0x38, 0xce, 0x37, 0xc6, 0x37, 0xc6, 0x18, 0xc6, 0x38, 0xc6, 0x17, 0xc6,
    0xf7, 0xc5, 0xb6, 0xc5, 0x95, 0xc5, 0x75, 0xc5, 0x33, 0xc5, 0x70, 0xac,
    0x4f, 0xac, 0xac, 0x9b, 0x4b, 0x93, 0x09, 0x8b, 0xa8, 0x7a, 0x87, 0x7a,
    0x87, 0x7a, 0x46, 0x72, 0xe5, 0x61, 0xe5, 0x61, 0xe5, 0x61, 0xe5, 0x69,
    0xe5, 0x61, 0xe4, 0x61, 0xe5, 0x61, 0xc5, 0x61, 0xe5, 0x61, 0xc5, 0x61,
    0xe5, 0x61, 0x83, 0x59, 0x83, 0x51, 0xe4, 0x61, 0xa3, 0x59, 0x62, 0x51,
    0xa3, 0x51, 0x25, 0x62, 0xc4, 0x59, 0xe4, 0x59, 0x25, 0x62, 0x25, 0x62,
    0x05, 0x62, 0x46, 0x6a, 0x67, 0x72, 0xa8, 0x72, 0xc8, 0x7a, 0xe9, 0x82,
    0x4a, 0x8b, 0x8b, 0x93, 0x6a, 0x93, 0x2a, 0x8b, 0x2a, 0x83, 0xe9, 0x82,
    0xc9, 0x82, 0xe9, 0x82, 0x2a, 0x8b, 0x09, 0x83, 0x09, 0x83, 0x0a, 0x8b,
    0x6b, 0x93, 0xc9, 0x82, 0xc8, 0x7a, 0x4a, 0x8b, 0x8b, 0x93, 0x4a, 0x8b,
    0xe9, 0x82, 0x2a, 0x8b, 0x09, 0x83, 0x67, 0x72, 0x25, 0x62, 0x26, 0x62,
    0x26, 0x62, 0x46, 0x6a, 0xa4, 0x51, 0xc4, 0x51, 0xc4, 0x51, 0xc5, 0x59,
    0x05, 0x5a, 0xa4, 0x49, 0xa4, 0x49, 0x05, 0x5a, 0xc5, 0x51, 0xac, 0x83,
    0x32, 0xb5, 0x94, 0xbd, 0xd6, 0xc5, 0xb6, 0xcd, 0xd6, 0xc5, 0xd7, 0xc5,
    0xd7, 0xcd, 0xf7, 0xcd, 0x17, 0xd6, 0x18, 0xd6, 0x58, 0xd6, 0x58, 0xce,
    0x79, 0xd6, 0x78, 0xd6, 0x79, 0xd6, 0x99, 0xd6, 0x99, 0xd6, 0x79, 0xd6,
    0x79, 0xde, 0x79, 0xd6, 0x79, 0xd6, 0x99, 0xd6, 0x99, 0xde, 0x9a, 0xde,
    0x9a, 0xde, 0x99, 0xd6, 0x9a, 0xde, 0x9a, 0xde, 0xba, 0xde, 0xba, 0xde,
    0x9a, 0xde, 0xbb, 0xde, 0xba, 0xde, 0xba, 0xde, 0xbb, 0xde, 0xda, 0xde,
    0xdb, 0xde, 0xda, 0xde, 0xdb, 0xde, 0xdb, 0xde, 0xdb, 0xde, 0xdb, 0xde,
    0xfb, 0xde, 0xfb, 0xde, 0xfb, 0xde, 0xfb, 0xde, 0xfb, 0xe6, 0xfb, 0xde,
    0xfb, 0xe6, 0xfb, 0xde, 0xfb, 0xe6, 0xfb, 0xde, 0xfb, 0xde, 0xfb, 0xe6,
    0xfb, 0xe6, 0xfc, 0xde, 0xfb, 0xe6, 0xfb, 0xe6, 0x1c, 0xdf, 0xfb, 0xe6,
    0x1c, 0xe7, 0x1b, 0xe7, 0xfc, 0xe6, 0xfc, 0xe6, 0x1c, 0xe7, 0xfc, 0xde,
    0xdb, 0xde, 0xfb, 0xde, 0xfc, 0xde, 0xdb, 0xde, 0xfb, 0xde, 0xdc, 0xde,
    0xdc, 0xde, 0xdb, 0xde, 0xdb, 0xde, 0xdc, 0xde, 0xdb, 0xd6, 0xdb, 0xde,
    0xdb, 0xde, 0xdb, 0xde, 0xdb, 0xde, 0xdb, 0xde, 0xdb, 0xd6, 0xdb, 0xde,
    0xda, 0xd6, 0xbb, 0xd6, 0xba, 0xd6, 0xba, 0xd6, 0xba, 0xd6, 0xbb, 0xd6,
    0xba, 0xd6, 0x9a, 0xd6, 0x9a, 0xd6, 0x9a, 0xd6, 0x9a, 0xd6, 0x9a, 0xd6,
    0x9a, 0xce, 0x9a, 0xd6, 0x7a, 0xce, 0x7a, 0xd6, 0x79, 0xce, 0x79, 0xce,
    0x59, 0xd6, 0x79, 0xd6, 0x59, 0xce, 0x79, 0xce, 0x59, 0xce, 0x39, 0xce,
    0x58, 0xce, 0x59, 0xce, 0x39, 0xce, 0x59, 0xce, 0x59, 0xce, 0x59, 0xce,
    0x38, 0xce, 0x38, 0xce, 0x38, 0xce, 0x38, 0xc6, 0x18, 0xc6, 0x17, 0xc6,
    0x17, 0xc6, 0x17, 0xce, 0xf7, 0xc5, 0xb6, 0xbd, 0x96, 0xc5, 0x95, 0xc5,
    0x33, 0xbd, 0x4f, 0xac, 0x4f, 0xac, 0xcc, 0x9b, 0x09, 0x8b, 0x6b, 0x93,
    0x2a, 0x8b, 0x87, 0x7a, 0xe9, 0x82, 0xa8, 0x7a, 0x26, 0x6a, 0xc4, 0x61,
    0xa4, 0x61, 0xc4, 0x61, 0xc4, 0x61, 0xc4, 0x61, 0xc4, 0x61, 0xc5, 0x61,
    0xe4, 0x59, 0xe4, 0x59, 0x46, 0x6a, 0x25, 0x6a, 0xe4, 0x61, 0xc4, 0x59,
    0x84, 0x59, 0x84, 0x59, 0xa4, 0x51, 0xa4, 0x59, 0xc4, 0x59, 0xc4, 0x59,
    0x83, 0x51, 0x63, 0x51, 0xe5, 0x59, 0xe5, 0x61, 0x26, 0x62, 0x46, 0x6a,
    0x46, 0x6a, 0x87, 0x72, 0xe9, 0x7a, 0x0a, 0x83, 0x09, 0x83, 0xe9, 0x82,
    0xc9, 0x7a, 0xc8, 0x7a, 0xc8, 0x7a, 0xe9, 0x82, 0xe9, 0x82, 0xa9, 0x7a,
    0xc8, 0x7a, 0xe9, 0x82, 0x09, 0x83, 0xa8, 0x7a, 0xc8, 0x7a, 0xc8, 0x7a,
    0xc8, 0x7a, 0xc8, 0x7a, 0xc8, 0x7a, 0x87, 0x72, 0x46, 0x6a, 0xe5, 0x61,
    0x06, 0x62, 0x06, 0x62, 0x26, 0x62, 0x26, 0x62, 0xc4, 0x51, 0x43, 0x41,
    0x63, 0x41, 0xc5, 0x51, 0x63, 0x49, 0x83, 0x49, 0xa4, 0x49, 0xc4, 0x51,
    0xe9, 0x72, 0x90, 0xa4, 0x73, 0xbd, 0xb5, 0xc5, 0xd6, 0xcd, 0xd6, 0xcd,
    0xd6, 0xc5, 0xd6, 0xc5, 0xd7, 0xcd, 0xf7, 0xcd, 0x18, 0xd6, 0x18, 0xd6,
    0x58, 0xd6, 0x58, 0xce, 0x79, 0xce, 0x58, 0xce, 0x79, 0xd6, 0x99, 0xd6,
    0x79, 0xd6, 0x99, 0xd6, 0x99, 0xd6, 0x99, 0xd6, 0x79, 0xd6, 0x79, 0xd6,
    0x9a, 0xde, 0x9a, 0xde, 0x9a, 0xde, 0x9a, 0xde, 0xba, 0xd6, 0x9a, 0xd6,
    0xba, 0xde, 0xba, 0xde, 0xba, 0xd6, 0xba, 0xde, 0xbb, 0xde, 0xba, 0xde,
    0xdb, 0xde, 0xba, 0xde, 0xdb, 0xde, 0xdb, 0xde, 0xdb, 0xde, 0xdb, 0xde,
    0xdb, 0xde, 0xdb, 0xe6, 0xdb, 0xde, 0xdb, 0xde, 0xfb, 0xe6, 0xfb, 0xde,
    0xdb, 0xde, 0xfb, 0xe6, 0xfc, 0xde, 0xfb, 0xe6, 0xfc, 0xe6, 0xfc, 0xde,
    0xfb, 0xe6, 0xfb, 0xde, 0xfc, 0xde, 0xfc, 0xde, 0xfc, 0xe6, 0xfc, 0xe6,
    0x1b, 0xdf, 0xfb, 0xe6, 0x1c, 0xe7, 0x1b, 0xdf, 0xfc, 0xe6, 0x1c, 0xe7,
    0xfb, 0xe6, 0xfc, 0xe6, 0xdb, 0xde, 0xdc, 0xde, 0xdb, 0xd6, 0xdb, 0xde,
    0xdc, 0xde, 0xfb, 0xd6, 0xdb, 0xde, 0xfc, 0xde, 0xdb, 0xd6, 0xfc, 0xde,
    0xdc, 0xde, 0xfb, 0xde, 0xdb, 0xde, 0xdb, 0xd6, 0xdb, 0xde, 0xdb, 0xde,
    0xdb, 0xd6, 0xdb, 0xde, 0xba, 0xd6, 0xbb, 0xd6, 0xdb, 0xde, 0xba, 0xd6,
    0xba, 0xd6, 0xbb, 0xd6, 0xba, 0xd6, 0x9a, 0xd6, 0xbb, 0xd6, 0x9a, 0xd6,
    0x9a, 0xd6, 0x9a, 0xd6, 0x9a, 0xce, 0x9a, 0xd6, 0x79, 0xd6, 0x79, 0xd6,
    0x7a, 0xce, 0x79, 0xd6, 0x79, 0xce, 0x59, 0xd6, 0x59, 0xd6, 0x79, 0xd6,
    0x59, 0xce, 0x59, 0xce, 0x58, 0xce, 0x59, 0xce, 0x38, 0xce, 0x38, 0xce,
    0x59, 0xce, 0x39, 0xce, 0x38, 0xce, 0x38, 0xce, 0x38, 0xce, 0x38, 0xc6,
    0x18, 0xc6, 0x17, 0xc6, 0x17, 0xc6, 0x17, 0xce, 0xf7, 0xc5, 0xb6, 0xc5,
    0x95, 0xc5, 0x95, 0xc5, 0x13, 0xbd, 0x2f, 0xa4, 0x4e, 0xac, 0xac, 0x9b,
    0x4a, 0x93, 0x6b, 0x93, 0x2a, 0x8b, 0xc8, 0x82, 0xe9, 0x82, 0xa8, 0x7a,
    0x46, 0x72, 0xe5, 0x69, 0xa4, 0x61, 0xa4, 0x61, 0xa4, 0x59, 0xa4, 0x61,
    0x06, 0x6a, 0x26, 0x6a, 0x26, 0x6a, 0x46, 0x6a, 0x66, 0x6a, 0x66, 0x6a,
    0x46, 0x6a, 0x25, 0x6a, 0xe5, 0x61, 0xe5, 0x61, 0xe4, 0x61, 0xe5, 0x61,
    0x83, 0x51, 0x62, 0x49, 0x22, 0x41, 0x01, 0x41, 0x42, 0x49, 0x83, 0x51,
    0xc5, 0x59, 0x05, 0x62, 0x26, 0x62, 0x46, 0x6a, 0x67, 0x72, 0x67, 0x72,
    0x67, 0x72, 0x67, 0x72, 0x67, 0x72, 0x88, 0x72, 0x88, 0x72, 0x67, 0x6a,
    0x67, 0x6a, 0xa8, 0x7a, 0x88, 0x72, 0x26, 0x6a, 0x26, 0x6a, 0x87, 0x72,
    0xc8, 0x7a, 0xa8, 0x7a, 0xa8, 0x7a, 0xc8, 0x7a, 0xc9, 0x7a, 0x87, 0x72,
    0x26, 0x62, 0xe5, 0x59, 0xc5, 0x59, 0xc4, 0x59, 0xe5, 0x59, 0xc5, 0x59,
    0xa4, 0x51, 0x63, 0x49, 0x84, 0x49, 0xa4, 0x51, 0xe5, 0x51, 0x62, 0x41,
    0xa4, 0x49, 0x88, 0x6a, 0x6b, 0x83, 0xd1, 0xac, 0x74, 0xc5, 0xd5, 0xcd,
    0xd6, 0xc5, 0xd6, 0xc5, 0xd7, 0xc5, 0xd6, 0xc5, 0xd7, 0xcd, 0xf7, 0xcd,
    0x18, 0xd6, 0x18, 0xd6, 0x58, 0xd6, 0x79, 0xce, 0x58, 0xce, 0x79, 0xd6,
    0x99, 0xd6, 0x79, 0xd6, 0x79, 0xde, 0x99, 0xd6, 0x99, 0xd6, 0x79, 0xd6,
    0x99, 0xd6, 0x99, 0xd6, 0x9a, 0xde, 0x99, 0xde, 0x9a, 0xd6, 0x9a, 0xde,
    0xba, 0xde, 0x9a, 0xde, 0xba, 0xde, 0xba, 0xde, 0xba, 0xde, 0xba, 0xde,
    0xbb, 0xde, 0xba, 0xde, 0xda, 0xde, 0xbb, 0xde, 0xdb, 0xde, 0xda, 0xde,
    0xdb, 0xde, 0xdb, 0xde, 0xdb, 0xde, 0xdb, 0xde, 0xfb, 0xe6, 0xdb, 0xde,
    0xfb, 0xe6, 0xfc, 0xde, 0xdb, 0xde, 0xfb, 0xe6, 0xfc, 0xde, 0xfb, 0xde,
    0xfb, 0xe6, 0xfb, 0xde, 0xfb, 0xe6, 0xfc, 0xe6, 0xfc, 0xde, 0xfb, 0xe6,
    0xfc, 0xe6, 0x1c, 0xdf, 0x1b, 0xe7, 0xfb, 0xe6, 0x1c, 0xdf, 0x1b, 0xe7,
    0xfc, 0xe6, 0x1c, 0xdf, 0x1b, 0xe7, 0xfc, 0xe6, 0xdb, 0xde, 0xdc, 0xde,
    0xdb, 0xde, 0xdb, 0xde, 0xdc, 0xde, 0xdb, 0xde, 0xdb, 0xde, 0xdc, 0xde,
    0xdb, 0xd6, 0xdb, 0xde, 0xdb, 0xde, 0xdb, 0xd6, 0xdb, 0xde, 0xdb, 0xde,
    0xdb, 0xd6, 0xdb, 0xde, 0xba, 0xd6, 0xba, 0xd6, 0xbb, 0xd6, 0xba, 0xd6,
    0xba, 0xd6, 0xba, 0xd6, 0x9a, 0xd6, 0xba, 0xd6, 0x9a, 0xd6, 0x9a, 0xd6,
    0x9a, 0xd6, 0x9a, 0xd6, 0x9a, 0xd6, 0x9a, 0xce, 0x9a, 0xd6, 0x7a, 0xce,
    0x79, 0xd6, 0x79, 0xd6, 0x79, 0xce, 0x7a, 0xd6, 0x79, 0xce, 0x59, 0xce,
    0x79, 0xd6, 0x59, 0xce, 0x59, 0xce, 0x39, 0xce, 0x58, 0xce, 0x39, 0xce,
    0x38, 0xce, 0x38, 0xce, 0x38, 0xce, 0x38, 0xce, 0x39, 0xce, 0x38, 0xc6,
    0x38, 0xce, 0x38, 0xce, 0x38, 0xc6, 0x18, 0xc6, 0x17, 0xc6, 0xf8, 0xc5,
    0xf7, 0xc5, 0xb6, 0xc5, 0x96, 0xc5, 0x75, 0xc5, 0xf2, 0xbc, 0x0e, 0xa4,
    0x0e, 0xa4, 0x8c, 0x9b, 0xac, 0x9b, 0x6b, 0x93, 0x2a, 0x8b, 0x2a, 0x8b,
    0x09, 0x8b, 0xc8, 0x82, 0x67, 0x7a, 0x06, 0x6a, 0xc5, 0x61, 0xc4, 0x61,
    0xc4, 0x61, 0xa4, 0x61, 0x05, 0x62, 0x05, 0x62, 0x26, 0x6a, 0x46, 0x6a,
    0x66, 0x6a, 0x67, 0x72, 0x87, 0x72, 0x87, 0x72, 0x66, 0x72, 0x46, 0x6a,
    0x46, 0x6a, 0x46, 0x6a, 0xa3, 0x51, 0x63, 0x49, 0x42, 0x49, 0x22, 0x41,
    0x22, 0x41, 0x22, 0x41, 0x42, 0x49, 0xa4, 0x51, 0xe5, 0x61, 0x06, 0x62,
    0xe5, 0x61, 0xe5, 0x61, 0x06, 0x62, 0x06, 0x62, 0x06, 0x62, 0x26, 0x62,
    0x27, 0x6a, 0x06, 0x62, 0x06, 0x62, 0x47, 0x6a, 0x46, 0x6a, 0xe5, 0x59,
    0xc5, 0x59, 0x27, 0x6a, 0x26, 0x62, 0x46, 0x6a, 0x47, 0x6a, 0x87, 0x72,
    0x46, 0x6a, 0x05, 0x62, 0xa4, 0x51, 0x83, 0x51, 0x83, 0x51, 0x83, 0x51,
    0x83, 0x49, 0x63, 0x49, 0x84, 0x49, 0xa4, 0x51, 0xa4, 0x51, 0x63, 0x49,
    0xe5, 0x59, 0xa3, 0x51, 0x06, 0x5a, 0x2a, 0x7b, 0xcd, 0x93, 0xf1, 0xb4,
    0x94, 0xc5, 0xd6, 0xcd, 0xd6, 0xc5, 0xb6, 0xcd, 0xd6, 0xc5, 0xd7, 0xc5,
    0xd7, 0xcd, 0xf7, 0xcd, 0x18, 0xd6, 0x38, 0xd6, 0x58, 0xd6, 0x79, 0xce,
    0x58, 0xd6, 0x58, 0xd6, 0x79, 0xd6, 0x79, 0xd6, 0x79, 0xd6, 0x79, 0xd6,
    0x79, 0xd6, 0x79, 0xde, 0x99, 0xd6, 0x79, 0xd6, 0x99, 0xde, 0x99, 0xde,
    0x99, 0xd6, 0x99, 0xd6, 0x9a, 0xde, 0x9a, 0xde, 0xba, 0xde, 0xba, 0xde,
    0x9a, 0xde, 0xba, 0xde, 0xbb, 0xde, 0xba, 0xde, 0xdb, 0xde, 0xda, 0xde,
    0xdb, 0xde, 0xda, 0xde, 0xdb, 0xde, 0xdb, 0xde, 0xdb, 0xde, 0xdb, 0xde,
    0xfb, 0xde, 0xdb, 0xde, 0xfb, 0xe6, 0xfb, 0xde, 0xfb, 0xde, 0xfb, 0xe6,
    0xfb, 0xe6, 0xfb, 0xde, 0xfb, 0xde, 0xfb, 0xe6, 0xfb, 0xde, 0xfb, 0xe6,
    0xfb, 0xde, 0xfb, 0xde, 0xfc, 0xe6, 0xfc, 0xe6, 0x1b, 0xdf, 0xfb, 0xe6,
    0x1c, 0xe7, 0x1b, 0xe7, 0xfc, 0xe6, 0x1c, 0xdf, 0x1c, 0xe7, 0xfc, 0xe6,
    0xdb, 0xde, 0xfb, 0xde, 0xfc, 0xde, 0xdb, 0xde, 0xfc, 0xde, 0xdb, 0xde,
    0xdb, 0xde, 0xfc, 0xde, 0xdb, 0xde, 0xdb, 0xde, 0xdb, 0xde, 0xdb, 0xd6,
    0xdb, 0xde, 0xdb, 0xde, 0xdb, 0xde, 0xdb, 0xde, 0xdb, 0xd6, 0xdb, 0xde,
    0xba, 0xd6, 0xba, 0xd6, 0xbb, 0xd6, 0xba, 0xd6, 0x9b, 0xd6, 0xba, 0xd6,
    0x9a, 0xd6, 0x9a, 0xd6, 0x9a, 0xd6, 0x9a, 0xd6, 0x9a, 0xd6, 0x9a, 0xce,
    0x99, 0xd6, 0x9a, 0xd6, 0x7a, 0xce, 0x79, 0xce, 0x79, 0xd6, 0x79, 0xce,
    0x79, 0xd6, 0x59, 0xce, 0x79, 0xce, 0x59, 0xd6, 0x59, 0xce, 0x59, 0xce,
    0x58, 0xce, 0x39, 0xce, 0x38, 0xce, 0x39, 0xce, 0x38, 0xce, 0x38, 0xce,
    0x39, 0xc6, 0x38, 0xce, 0x38, 0xce, 0x18, 0xc6, 0x37, 0xc6, 0x17, 0xc6,
    0x18, 0xc6, 0x17, 0xc6, 0xf7, 0xc5, 0xd6, 0xc5, 0x96, 0xc5, 0x75, 0xc5,
    0xb1, 0xb4, 0x0e, 0xa4, 0xcd, 0x9b, 0x8c, 0x9b, 0xed, 0xa3, 0x8b, 0x93,
    0x2a, 0x8b, 0x8b, 0x9b, 0x4a, 0x93, 0xc8, 0x7a, 0x87, 0x7a, 0x26, 0x6a,
    0xe5, 0x69, 0xc5, 0x61, 0xc5, 0x61, 0xc4, 0x61, 0xc4, 0x59, 0xc4, 0x59,
    0xc4, 0x59, 0xc4, 0x59, 0x25, 0x62, 0x46, 0x6a, 0x67, 0x72, 0x87, 0x72,
    0x87, 0x72, 0x67, 0x72, 0x46, 0x6a, 0x46, 0x6a, 0xe4, 0x59, 0xa4, 0x59,
    0xa3, 0x51, 0x83, 0x51, 0x42, 0x49, 0x22, 0x49, 0x22, 0x41, 0x43, 0x49,
    0xa3, 0x51, 0xa4, 0x59, 0x83, 0x51, 0x83, 0x51, 0xa4, 0x51, 0xa5, 0x59,
    0xc5, 0x59, 0xc4, 0x59, 0xc5, 0x61, 0xe5, 0x61, 0xe5, 0x61, 0xc5, 0x59,
    0xc5, 0x59, 0xe5, 0x59, 0x05, 0x62, 0xc4, 0x59, 0xa4, 0x51, 0xa4, 0x51,
    0xc5, 0x59, 0xe5, 0x59, 0x83, 0x51, 0x63, 0x49, 0x22, 0x41, 0x22, 0x41,
    0x22, 0x41, 0x22, 0x41, 0x22, 0x41, 0x22, 0x41, 0x63, 0x49, 0xc5, 0x51,
    0xc5, 0x51, 0x63, 0x49, 0xc4, 0x51, 0x26, 0x62, 0xe8, 0x72, 0x4a, 0x83,
    0xed, 0x93, 0xf1, 0xac, 0x94, 0xbd, 0xd5, 0xcd, 0xd6, 0xc5, 0xb6, 0xcd,
    0xd6, 0xc5, 0xd7, 0xc5, 0xd7, 0xcd, 0xf7, 0xcd, 0x18, 0xd6, 0x18, 0xd6,
    0x58, 0xd6, 0x78, 0xce, 0x59, 0xce, 0x78, 0xce, 0x79, 0xd6, 0x79, 0xd6,
    0x79, 0xd6, 0x79, 0xd6, 0x99, 0xd6, 0x79, 0xd6, 0x79, 0xd6, 0x99, 0xd6,
    0x9a, 0xde, 0x9a, 0xde, 0x79, 0xde, 0x9a, 0xde, 0x9a, 0xde, 0xba, 0xd6,
    0xba, 0xde, 0x9a, 0xde, 0xba, 0xd6, 0xba, 0xde, 0xba, 0xde, 0xbb, 0xde,
    0xba, 0xde, 0xdb, 0xde, 0xdb, 0xde, 0xdb, 0xde, 0xbb, 0xde, 0xdb, 0xde,
    0xdb, 0xe6, 0xdb, 0xde, 0xdb, 0xde, 0xdb, 0xde, 0xfb, 0xe6, 0xfb, 0xde,
    0xdb, 0xde, 0xfb, 0xe6, 0xfc, 0xe6, 0xfb, 0xde, 0xfc, 0xe6, 0xfc, 0xe6,
    0xfb, 0xde, 0xfb, 0xde, 0xfc, 0xe6, 0xfc, 0xde, 0xfb, 0xe6, 0xfc, 0xe6,
    0x1b, 0xdf, 0xfb, 0xde, 0x1c, 0xe7, 0x1c, 0xe7, 0xfc, 0xde, 0xfb, 0xe6,
    0x1c, 0xe7, 0xfc, 0xde, 0xdb, 0xde, 0xdb, 0xd6, 0xdb, 0xd6, 0xdb, 0xde,
    0xdb, 0xd6, 0xdb, 0xd6, 0xdb, 0xde, 0xdb, 0xd6, 0xdb, 0xde, 0xdb, 0xde,
    0xdb, 0xd6, 0xdb, 0xde, 0xdb, 0xde, 0xdb, 0xd6, 0xdb, 0xd6, 0xdb, 0xd6,
    0xbb, 0xd6, 0xdb, 0xde, 0xbb, 0xd6, 0xbb, 0xd6, 0xbb, 0xde, 0x9b, 0xd6,
    0xbb, 0xd6, 0x9b, 0xd6, 0x9a, 0xd6, 0xba, 0xd6, 0x9a, 0xd6, 0x9a, 0xd6,
    0x9a, 0xd6, 0x9a, 0xce, 0x7a, 0xce, 0x7a, 0xce, 0x7a, 0xd6, 0x9a, 0xd6,
    0x7a, 0xd6, 0x7a, 0xd6, 0x7a, 0xce, 0x7a, 0xd6, 0x7a, 0xce, 0x59, 0xce,
    0x59, 0xce, 0x59, 0xce, 0x38, 0xce, 0x59, 0xce, 0x39, 0xce, 0x39, 0xc6,
    0x38, 0xc6, 0x38, 0xc6, 0x38, 0xc6, 0x38, 0xce, 0x38, 0xc6, 0x18, 0xc6,
    0x18, 0xc6, 0x18, 0xc6, 0x18, 0xc6, 0x18, 0xc6, 0x18, 0xce, 0xb6, 0xc5,
    0xae, 0x83, 0x30, 0x9c, 0x70, 0xac, 0x2f, 0xa4, 0xac, 0x9b, 0xcc, 0x9b,
    0x0d, 0xac, 0xac, 0x9b, 0x4a, 0x93, 0x09, 0x83, 0x6b, 0x93, 0x4a, 0x93,
    0xe9, 0x82, 0x87, 0x7a, 0x06, 0x72, 0xe5, 0x69, 0xc4, 0x61, 0xa4, 0x61,
    0x42, 0x49, 0x63, 0x51, 0xc4, 0x59, 0xe5, 0x61, 0x25, 0x62, 0x46, 0x6a,
    0x67, 0x72, 0x87, 0x72, 0x87, 0x72, 0x87, 0x72, 0x67, 0x72, 0x26, 0x6a,
    0xe5, 0x59, 0xc4, 0x59, 0xa4, 0x51, 0xa4, 0x51, 0x83, 0x51, 0x43, 0x49,
    0x43, 0x49, 0x43, 0x49, 0x63, 0x51, 0x63, 0x49, 0x23, 0x49, 0x43, 0x49,
    0x63, 0x49, 0x84, 0x51, 0x84, 0x51, 0x84, 0x51, 0x84, 0x51, 0xa4, 0x51,
    0xa4, 0x51, 0x64, 0x51, 0x63, 0x51, 0x84, 0x51, 0xa4, 0x51, 0x63, 0x49,
    0x43, 0x49, 0x43, 0x49, 0x43, 0x49, 0x43, 0x49, 0x42, 0x41, 0x22, 0x41,
    0x22, 0x41, 0x63, 0x49, 0x84, 0x51, 0x63, 0x49, 0x23, 0x49, 0x22, 0x41,
    0x84, 0x51, 0xc5, 0x59, 0xe5, 0x59, 0x25, 0x62, 0x67, 0x6a, 0xc8, 0x72,
    0x2a, 0x83, 0x8b, 0x8b, 0xed, 0x93, 0x32, 0xb5, 0xd5, 0xcd, 0xb5, 0xc5,
    0xd6, 0xc5, 0xd6, 0xc5, 0xd6, 0xc5, 0xd7, 0xcd, 0xd7, 0xcd, 0xf7, 0xcd,
    0x18, 0xd6, 0x18, 0xd6, 0x58, 0xd6, 0x79, 0xce, 0x79, 0xd6, 0x79, 0xd6,
    0x79, 0xd6, 0x79, 0xd6, 0x79, 0xd6, 0x79, 0xd6, 0x79, 0xd6, 0x79, 0xd6,
    0x79, 0xd6, 0x79, 0xd6, 0x79, 0xd6, 0x7a, 0xd6, 0x9a, 0xd6, 0x99, 0xd6,
    0x9a, 0xde, 0x9a, 0xd6, 0x9a, 0xd6, 0xba, 0xd6, 0x9a, 0xd6, 0x9a, 0xd6,
    0xba, 0xde, 0xba, 0xd6, 0xba, 0xde, 0xba, 0xde, 0xba, 0xde, 0xba, 0xde,
    0xba, 0xde, 0xbb, 0xde, 0xdb, 0xde, 0xdb, 0xde, 0xdb, 0xde, 0xdb, 0xde,
    0xfb, 0xde, 0xdb, 0xde, 0xdc, 0xe6, 0xdb, 0xde, 0xfc, 0xde, 0xfb, 0xde,
    0xfc, 0xe6, 0xfc, 0xde, 0xfc, 0xde, 0xfc, 0xde, 0xfb, 0xe6, 0xfc, 0xe6,
    0xfc, 0xde, 0xfb, 0xe6, 0xfc, 0xe6, 0xfc, 0xde, 0x1c, 0xe7, 0xfc, 0xe6,
    0x1c, 0xe7, 0xfb, 0xe6, 0x1c, 0xe7, 0xfc, 0xe6, 0xdb, 0xde, 0xdb, 0xde,
    0xdb, 0xde, 0xdb, 0xde, 0xdb, 0xde, 0xdb, 0xde, 0xdb, 0xde, 0xdb, 0xd6,
    0xdb, 0xde, 0xdb, 0xde, 0xdb, 0xde, 0xdb, 0xde, 0xdb, 0xde, 0xdb, 0xde,
    0xdb, 0xd6, 0xbb, 0xd6, 0xbb, 0xde, 0xdb, 0xd6, 0xbb, 0xd6, 0xba, 0xd6,
    0xba, 0xd6, 0x9a, 0xd6, 0xba, 0xd6, 0xbb, 0xd6, 0x9a, 0xd6, 0x9a, 0xd6,
    0x9a, 0xd6, 0x9a, 0xce, 0x9a, 0xd6, 0x9a, 0xd6, 0x7a, 0xce, 0x7a, 0xce,
    0x79, 0xd6, 0x7a, 0xd6, 0x7a, 0xce, 0x79, 0xd6, 0x79, 0xce, 0x7a, 0xd6,
    0x79, 0xd6, 0x59, 0xce, 0x59, 0xce, 0x59, 0xce, 0x38, 0xce, 0x38, 0xce,
    0x39, 0xce, 0x38, 0xc6, 0x38, 0xce, 0x39, 0xce, 0x38, 0xc6, 0x38, 0xce,
    0x38, 0xce, 0x38, 0xc6, 0x18, 0xc6, 0x17, 0xc6, 0x18, 0xc6, 0x18, 0xc6,
    0x39, 0xce, 0x72, 0x94, 0x8a, 0x5a, 0xcf, 0x8b, 0x70, 0xa4, 0x50, 0xac,
    0x8d, 0x93, 0xed, 0xa3, 0x0e, 0xa4, 0xcc, 0xa3, 0x8b, 0x9b, 0x4b, 0x93,
    0x2a, 0x8b, 0x4a, 0x93, 0x2a, 0x8b, 0xc8, 0x82, 0x47, 0x72, 0x06, 0x6a,
    0xc5, 0x61, 0xa4, 0x61, 0xa4, 0x59, 0xa4, 0x59, 0xc4, 0x59, 0x05, 0x62,
    0x26, 0x6a, 0x66, 0x6a, 0x67, 0x72, 0x67, 0x72, 0x67, 0x72, 0x66, 0x6a,
    0x46, 0x6a, 0x26, 0x6a, 0xe5, 0x59, 0xc4, 0x59, 0xc4, 0x59, 0xc5, 0x59,
    0xa4, 0x51, 0x64, 0x51, 0x63, 0x49, 0x84, 0x51, 0x84, 0x51, 0x83, 0x51,
    0x43, 0x49, 0x22, 0x49, 0x22, 0x41, 0x23, 0x49, 0x43, 0x49, 0x43, 0x49,
    0x43, 0x49, 0x43, 0x49, 0x43, 0x49, 0x43, 0x49, 0x42, 0x41, 0x22, 0x41,
    0x22, 0x41, 0x42, 0x41, 0x22, 0x41, 0x22, 0x41, 0x22, 0x41, 0x22, 0x41,
    0x42, 0x41, 0x43, 0x49, 0x63, 0x49, 0x83, 0x49, 0x63, 0x49, 0x63, 0x49,
    0x43, 0x49, 0x84, 0x49, 0xa4, 0x51, 0xc5, 0x51, 0xe5, 0x61, 0x05, 0x62,
    0x67, 0x6a, 0xa8, 0x72, 0x2a, 0x83, 0x8b, 0x8b, 0xed, 0x8b, 0xd1, 0xac,
    0x74, 0xc5, 0xb5, 0xc5, 0xd6, 0xc5, 0xd6, 0xc5, 0xd7, 0xc5, 0xd7, 0xcd,
    0xd7, 0xcd, 0xf7, 0xcd, 0x18, 0xd6, 0x18, 0xd6, 0x58, 0xd6, 0x58, 0xce,
    0x79, 0xce, 0x79, 0xd6, 0x79, 0xd6, 0x79, 0xd6, 0x79, 0xd6, 0x79, 0xd6,
    0x79, 0xd6, 0x79, 0xd6, 0x79, 0xd6, 0x79, 0xd6, 0x99, 0xd6, 0x99, 0xd6,
    0x9a, 0xde, 0x99, 0xd6, 0x9a, 0xd6, 0x9a, 0xde, 0xba, 0xde, 0xba, 0xde,
    0x9a, 0xd6, 0xba, 0xde, 0xbb, 0xde, 0xba, 0xde, 0xbb, 0xde, 0xba, 0xde,
    0xdb, 0xde, 0xdb, 0xde, 0xda, 0xde, 0xba, 0xde, 0xdb, 0xde, 0xdb, 0xde,
    0xdb, 0xe6, 0xdb, 0xde, 0xfb, 0xde, 0xdb, 0xe6, 0xdb, 0xde, 0xdb, 0xde,
    0xfb, 0xde, 0xfb, 0xe6, 0xfb, 0xde, 0xfb, 0xe6, 0xfb, 0xde, 0xfc, 0xde,
    0xfb, 0xe6, 0xfb, 0xde, 0x1c, 0xe7, 0xfc, 0xe6, 0xfb, 0xde, 0xfc, 0xe6,
    0x1c, 0xe7, 0xfb, 0xde, 0x1c, 0xe7, 0x1c, 0xe7, 0xfc, 0xde, 0x1c, 0xe7,
    0xdb, 0xde, 0xdb, 0xde, 0xdb, 0xde, 0xdb, 0xd6, 0xdb, 0xde, 0xdb, 0xde,
    0xdb, 0xde, 0xdb, 0xde, 0xdb, 0xd6, 0xdb, 0xd6, 0xdb, 0xde, 0xdb, 0xd6,
    0xdb, 0xd6, 0xdb, 0xde, 0xbb, 0xd6, 0xdb, 0xde, 0xbb, 0xd6, 0xba, 0xd6,
    0xbb, 0xd6, 0x9a, 0xd6, 0x9b, 0xd6, 0x9a, 0xd6, 0x9a, 0xd6, 0x9a, 0xd6,
    0x9a, 0xd6, 0x9a, 0xd6, 0x9a, 0xd6, 0x9a, 0xce, 0x9a, 0xd6, 0x7a, 0xce,
    0x7a, 0xce, 0x7a, 0xd6, 0x99, 0xd6, 0x79, 0xce, 0x7a, 0xd6, 0x9a, 0xd6,
    0x79, 0xce, 0x7a, 0xce, 0x79, 0xce, 0x59, 0xce, 0x59, 0xce, 0x59, 0xce,
    0x59, 0xce, 0x38, 0xce, 0x39, 0xc6, 0x38, 0xc6, 0x38, 0xc6, 0x38, 0xc6,
    0x38, 0xce, 0x39, 0xc6, 0x38, 0xc6, 0x38, 0xc6, 0x18, 0xc6, 0x17, 0xc6,
    0x18, 0xc6, 0xf8, 0xc5, 0x35, 0xa5, 0xab, 0x5a, 0xe8, 0x49, 0x10, 0x94,
    0xd2, 0xac, 0x91, 0xac, 0xcd, 0x9b, 0xac, 0x93, 0xee, 0xa3, 0xed, 0xa3,
    0xcd, 0xa3, 0xcc, 0xa3, 0x0a, 0x8b, 0xe9, 0x82, 0x0a, 0x8b, 0xe9, 0x8a,
    0x88, 0x7a, 0x47, 0x7a, 0x05, 0x6a, 0xe5, 0x69, 0xe5, 0x61, 0x05, 0x62,
    0xe4, 0x61, 0xe5, 0x59, 0x05, 0x62, 0x66, 0x72, 0x67, 0x72, 0x46, 0x6a,
    0x25, 0x62, 0x26, 0x6a, 0x26, 0x6a, 0x25, 0x6a, 0x06, 0x62, 0xe5, 0x61,
    0x05, 0x62, 0xe5, 0x59, 0xc5, 0x59, 0xa4, 0x51, 0x84, 0x51, 0xa4, 0x51,
    0xc4, 0x59, 0xa4, 0x51, 0x83, 0x51, 0x63, 0x49, 0x43, 0x49, 0x22, 0x49,
    0x43, 0x49, 0x43, 0x49, 0x63, 0x49, 0x64, 0x51, 0x84, 0x49, 0x83, 0x49,
    0x63, 0x49, 0x63, 0x49, 0x63, 0x49, 0x43, 0x41, 0x43, 0x49, 0x43, 0x49,
    0x42, 0x49, 0x63, 0x41, 0x63, 0x49, 0x83, 0x49, 0xa4, 0x51, 0x84, 0x51,
    0x22, 0x41, 0x42, 0x49, 0x84, 0x49, 0xe5, 0x59, 0xa4, 0x51, 0xc5, 0x59,
    0xe5, 0x61, 0x06, 0x62, 0x66, 0x6a, 0xc8, 0x72, 0x2a, 0x83, 0x8b, 0x8b,
    0xed, 0x93, 0x70, 0xa4, 0x33, 0xb5, 0xb5, 0xc5, 0xb5, 0xc5, 0xb6, 0xc5,
    0xd6, 0xc5, 0xd7, 0xc5, 0xf7, 0xcd, 0x17, 0xce, 0x18, 0xd6, 0x18, 0xd6,
    0x58, 0xd6, 0x58, 0xce, 0x79, 0xce, 0x78, 0xce, 0x59, 0xd6, 0x59, 0xd6,
    0x79, 0xd6, 0x79, 0xd6, 0x79, 0xd6, 0x79, 0xd6, 0x7a, 0xd6, 0x79, 0xd6,
    0x79, 0xd6, 0x79, 0xd6, 0x9a, 0xde, 0x99, 0xde, 0x9a, 0xd6, 0x9a, 0xd6,
    0xba, 0xd6, 0x9a, 0xde, 0x9a, 0xd6, 0xba, 0xd6, 0xba, 0xde, 0xbb, 0xde,
    0xba, 0xde, 0xba, 0xde, 0xdb, 0xde, 0xdb, 0xde, 0xba, 0xde, 0xda, 0xde,
    0xdb, 0xde, 0xda, 0xde, 0xdb, 0xde, 0xdb, 0xde, 0xfb, 0xe6, 0xfb, 0xde,
    0xdb, 0xe6, 0xdc, 0xde, 0xfc, 0xe6, 0xfb, 0xde, 0xfc, 0xe6, 0xfc, 0xe6,
    0xfb, 0xde, 0xfc, 0xde, 0xfb, 0xe6, 0xfb, 0xde, 0xfc, 0xe6, 0x1c, 0xdf,
    0xfb, 0xe6, 0xfc, 0xe6, 0x1c, 0xe7, 0xfb, 0xde, 0xfc, 0xe6, 0x1c, 0xe7,
    0xfb, 0xde, 0xfc, 0xe6, 0xdb, 0xde, 0xdb, 0xd6, 0xdb, 0xde, 0xdc, 0xde,
    0xdb, 0xd6, 0xdb, 0xde, 0xdc, 0xde, 0xdb, 0xde, 0xdb, 0xd6, 0xdb, 0xde,
    0xdb, 0xde, 0xdb, 0xd6, 0xdb, 0xde, 0xdb, 0xde, 0xbb, 0xd6, 0xbb, 0xd6,
    0xbb, 0xd6, 0xbb, 0xde, 0xba, 0xd6, 0x9b, 0xd6, 0xbb, 0xd6, 0x9a, 0xd6,
    0x9a, 0xd6, 0x9b, 0xd6, 0x9a, 0xd6, 0x9a, 0xd6, 0x9a, 0xd6, 0x9a, 0xce,
    0x9a, 0xd6, 0x7a, 0xce, 0x7a, 0xce, 0x9a, 0xce, 0x7a, 0xd6, 0x7a, 0xce,
    0x99, 0xd6, 0x7a, 0xd6, 0x7a, 0xce, 0x79, 0xce, 0x79, 0xd6, 0x59, 0xce,
    0x59, 0xce, 0x39, 0xce, 0x58, 0xce, 0x38, 0xc6, 0x39, 0xc6, 0x38, 0xc6,
    0x38, 0xc6, 0x38, 0xc6, 0x38, 0xce, 0x38, 0xce, 0x38, 0xc6, 0x38, 0xc6,
    0x38, 0xc6, 0xf8, 0xc5, 0xf8, 0xbd, 0xf8, 0xc5, 0x0d, 0x63, 0x66, 0x31,
    0x29, 0x4a, 0x51, 0x94, 0xf3, 0xb4, 0xb2, 0xac, 0xce, 0x93, 0x6c, 0x93,
    0x0d, 0xa4, 0x0d, 0xa4, 0x0d, 0xac, 0x0d, 0xac, 0x6b, 0x93, 0x09, 0x83,
    0xc9, 0x82, 0xe9, 0x8a, 0xa8, 0x82, 0x88, 0x82, 0x47, 0x7a, 0x26, 0x6a,
    0x46, 0x72, 0x26, 0x6a, 0xe5, 0x59, 0xe4, 0x59, 0x05, 0x62, 0x66, 0x6a,
    0x67, 0x72, 0x46, 0x6a, 0x05, 0x62, 0x05, 0x62, 0x46, 0x6a, 0x26, 0x6a,
    0x26, 0x62, 0x06, 0x62, 0x05, 0x62, 0x06, 0x62, 0xe5, 0x59, 0xc5, 0x59,
    0xc5, 0x59, 0xc5, 0x59, 0xc5, 0x59, 0xc5, 0x59, 0xa4, 0x51, 0x84, 0x51,
    0x84, 0x51, 0x84, 0x51, 0xa4, 0x51, 0xc5, 0x59, 0xc5, 0x59, 0xe5, 0x59,
    0xe5, 0x59, 0xe6, 0x59, 0xe5, 0x59, 0xc5, 0x59, 0xc5, 0x51, 0xa4, 0x51,
    0xa4, 0x51, 0xa4, 0x51, 0x83, 0x49, 0x83, 0x49, 0x83, 0x49, 0x84, 0x51,
    0x84, 0x51, 0x83, 0x49, 0x02, 0x41, 0x43, 0x49, 0xa4, 0x51, 0x06, 0x62,
    0xa4, 0x51, 0xa5, 0x59, 0x05, 0x5a, 0x05, 0x62, 0x66, 0x6a, 0xc8, 0x72,
    0x4a, 0x83, 0xac, 0x8b, 0xed, 0x93, 0x2f, 0x94, 0xd2, 0xac, 0xb5, 0xc5,
    0xd6, 0xc5, 0x95, 0xc5, 0xb6, 0xc5, 0xd7, 0xc5, 0xf7, 0xd5, 0x17, 0xd6,
    0x18, 0xd6, 0x18, 0xce, 0x58, 0xce, 0x78, 0xd6, 0x58, 0xce, 0x79, 0xd6,
    0x59, 0xd6, 0x59, 0xd6, 0x79, 0xd6, 0x79, 0xd6, 0x79, 0xd6, 0x79, 0xd6,
    0x79, 0xd6, 0x9a, 0xd6, 0x79, 0xd6, 0x79, 0xd6, 0x9a, 0xde, 0x9a, 0xd6,
    0x9a, 0xd6, 0x9a, 0xd6, 0xba, 0xde, 0x9a, 0xd6, 0xba, 0xde, 0x9a, 0xd6,
    0xba, 0xde, 0xba, 0xd6, 0xbb, 0xde, 0xba, 0xde, 0xba, 0xde, 0xbb, 0xde,
    0xbb, 0xde, 0xdb, 0xde, 0xdb, 0xde, 0xda, 0xde, 0xdb, 0xde, 0xdb, 0xde,
    0xdb, 0xde, 0xfb, 0xde, 0xdb, 0xde, 0xdb, 0xe6, 0xfc, 0xde, 0xfb, 0xde,
    0xfc, 0xe6, 0xfc, 0xde, 0xfb, 0xde, 0xfc, 0xde, 0xfc, 0xe6, 0xfb, 0xde,
    0xfc, 0xe6, 0xfc, 0xe6, 0xfb, 0xde, 0xfc, 0xe6, 0x1c, 0xe7, 0x1c, 0xe7,
    0xfc, 0xe6, 0x1b, 0xe7, 0x1c, 0xe7, 0xfc, 0xe6, 0xdb, 0xde, 0xdb, 0xde,
    0xdb, 0xde, 0xdb, 0xde, 0xdb, 0xd6, 0xdb, 0xde, 0xdb, 0xde, 0xdb, 0xd6,
    0xdb, 0xde, 0xdb, 0xde, 0xbb, 0xd6, 0xdb, 0xde, 0xdb, 0xde, 0xdb, 0xde,
    0xbb, 0xd6, 0xdb, 0xde, 0xbb, 0xd6, 0xbb, 0xd6, 0xba, 0xd6, 0x9a, 0xd6,
    0xbb, 0xd6, 0x9a, 0xd6, 0x9a, 0xd6, 0xba, 0xd6, 0x9a, 0xce, 0x9a, 0xd6,
    0x9b, 0xd6, 0x9a, 0xce, 0x9a, 0xd6, 0x7a, 0xd6, 0x7a, 0xce, 0x7a, 0xce,
    0x79, 0xd6, 0x7a, 0xd6, 0x7a, 0xce, 0x79, 0xce, 0x79, 0xd6, 0x79, 0xd6,
    0x59, 0xce, 0x59, 0xce, 0x59, 0xce, 0x39, 0xce, 0x39, 0xc6, 0x39, 0xce,
    0x38, 0xce, 0x39, 0xce, 0x39, 0xce, 0x39, 0xce, 0x39, 0xc6, 0x39, 0xc6,
    0x38, 0xce, 0x18, 0xc6, 0x18, 0xc6, 0x59, 0xce, 0x18, 0xc6, 0x31, 0x84,
    0xe9, 0x39, 0xc8, 0x39, 0xe9, 0x41, 0x93, 0x94, 0x14, 0xad, 0xb3, 0xac,
    0x72, 0xa4, 0x2b, 0x83, 0xcd, 0x9b, 0x0d, 0xa4, 0xed, 0xa3, 0xac, 0x9b,
    0xac, 0x9b, 0xe9, 0x82, 0xc8, 0x82, 0x2a, 0x93, 0xe9, 0x8a, 0xc8, 0x82,
    0x88, 0x82, 0x67, 0x7a, 0x46, 0x6a, 0x26, 0x6a, 0x05, 0x62, 0xe4, 0x59,
    0x05, 0x62, 0x26, 0x6a, 0x66, 0x72, 0x26, 0x6a, 0x06, 0x62, 0x06, 0x62,
    0x26, 0x6a, 0x26, 0x6a, 0x06, 0x62, 0x06, 0x62, 0x06, 0x62, 0x06, 0x62,
    0x06, 0x62, 0xe6, 0x61, 0xe5, 0x59, 0xe5, 0x59, 0xc5, 0x59, 0xc5, 0x59,
    0xa5, 0x59, 0xa5, 0x51, 0xa5, 0x51, 0xc5, 0x51, 0xe6, 0x59, 0x06, 0x62,
    0x06, 0x62, 0x26, 0x62, 0x27, 0x62, 0x06, 0x62, 0x26, 0x62, 0x06, 0x5a,
    0xe5, 0x59, 0xc4, 0x51, 0x84, 0x51, 0x84, 0x49, 0xa4, 0x51, 0x84, 0x51,
    0xa4, 0x51, 0xa4, 0x51, 0x84, 0x49, 0xa4, 0x51, 0x84, 0x49, 0x84, 0x51,
    0xc5, 0x59, 0x06, 0x62, 0xe5, 0x59, 0x68, 0x72, 0xa8, 0x72, 0x47, 0x6a,
    0xc8, 0x7a, 0x09, 0x83, 0x6b, 0x8b, 0xcc, 0x93, 0xed, 0x93, 0x0f, 0x94,
    0x70, 0x9c, 0xf2, 0xac, 0x54, 0xb5, 0x95, 0xbd, 0xb6, 0xc5, 0xd7, 0xc5,
    0x18, 0xce, 0x18, 0xd6, 0x18, 0xd6, 0x38, 0xd6, 0x59, 0xce, 0x59, 0xce,
    0x59, 0xd6, 0x59, 0xd6, 0x79, 0xd6, 0x79, 0xd6, 0x79, 0xd6, 0x79, 0xd6,
    0x79, 0xd6, 0x79, 0xd6, 0x79, 0xd6, 0x7a, 0xd6, 0x9a, 0xd6, 0x79, 0xd6,
    0x9a, 0xde, 0x9a, 0xde, 0x9a, 0xd6, 0x9a, 0xd6, 0x9a, 0xde, 0xba, 0xde,
    0x9a, 0xd6, 0x9a, 0xde, 0xbb, 0xde, 0xba, 0xde, 0xbb, 0xde, 0xba, 0xde,
    0xdb, 0xde, 0xda, 0xde, 0xba, 0xde, 0xba, 0xde, 0xbb, 0xe6, 0xbb, 0xe6,
    0xdb, 0xde, 0xdb, 0xde, 0xdb, 0xe6, 0xdb, 0xe6, 0xdb, 0xde, 0xdb, 0xde,
    0xfb, 0xe6, 0xfb, 0xde, 0xfb, 0xe6, 0xfb, 0xe6, 0xfc, 0xde, 0xfb, 0xde,
    0xfc, 0xe6, 0xfc, 0xde, 0x1c, 0xe7, 0xfc, 0xe6, 0xfb, 0xde, 0x1b, 0xdf,
    0x1c, 0xe7, 0xfc, 0xde, 0xfb, 0xe6, 0x1c, 0xdf, 0xfc, 0xe6, 0x1c, 0xe7,
    0xdb, 0xde, 0xdb, 0xd6, 0xdb, 0xde, 0xdb, 0xde, 0xdb, 0xde, 0xdb, 0xd6,
    0xdb, 0xde, 0xdb, 0xde, 0xdb, 0xd6, 0xdb, 0xde, 0xbb, 0xde, 0xdb, 0xd6,
    0xdb, 0xde, 0xbb, 0xd6, 0xbb, 0xd6, 0xdb, 0xde, 0xba, 0xd6, 0xbb, 0xd6,
    0xbb, 0xd6, 0x9a, 0xd6, 0xbb, 0xd6, 0x9a, 0xd6, 0x9a, 0xd6, 0x9b, 0xd6,
    0x9a, 0xd6, 0x9a, 0xd6, 0x9a, 0xd6, 0x9a, 0xce, 0x9a, 0xd6, 0x7a, 0xce,
    0x7a, 0xd6, 0x9a, 0xce, 0x79, 0xd6, 0x9a, 0xd6, 0x7a, 0xd6, 0x79, 0xce,
    0x79, 0xce, 0x59, 0xce, 0x59, 0xce, 0x59, 0xce, 0x39, 0xce, 0x39, 0xc6,
    0x38, 0xce, 0x39, 0xce, 0x38, 0xc6, 0x38, 0xc6, 0x38, 0xce, 0x38, 0xc6,
    0x39, 0xce, 0x38, 0xc6, 0x39, 0xce, 0x18, 0xc6, 0xb7, 0xbd, 0x18, 0xc6,
    0x15, 0xa5, 0xab, 0x52, 0xe9, 0x39, 0xc9, 0x31, 0xe9, 0x39, 0x93, 0x94,
    0xf5, 0xa4, 0xd4, 0xac, 0xd3, 0xac, 0xce, 0x93, 0x4b, 0x83, 0xcd, 0xa3,
    0x0d, 0xac, 0x8c, 0x9b, 0xed, 0xa3, 0xac, 0x9b, 0x09, 0x93, 0xc8, 0x82,
    0xc9, 0x8a, 0xe9, 0x8a, 0xe9, 0x8a, 0xc9, 0x82, 0x67, 0x72, 0x46, 0x6a,
    0x26, 0x62, 0x05, 0x62, 0xe5, 0x61, 0xe5, 0x61, 0x26, 0x6a, 0x46, 0x6a,
    0x26, 0x6a, 0x26, 0x6a, 0x26, 0x6a, 0x05, 0x62, 0x06, 0x62, 0x06, 0x6a,
    0x06, 0x62, 0x06, 0x62, 0x06, 0x62, 0x06, 0x62, 0xe5, 0x61, 0xe6, 0x59,
    0xc6, 0x59, 0xc5, 0x59, 0xc5, 0x59, 0xa5, 0x51, 0xa5, 0x51, 0xa5, 0x59,
    0xc5, 0x59, 0xe6, 0x59, 0x06, 0x5a, 0x06, 0x62, 0x06, 0x62, 0x06, 0x62,
    0x06, 0x5a, 0xe5, 0x59, 0xc5, 0x51, 0xa4, 0x51, 0xc5, 0x51, 0xe5, 0x59,
    0xe5, 0x59, 0xc5, 0x51, 0xc5, 0x51, 0xa4, 0x51, 0xa4, 0x51, 0x84, 0x49,
    0x83, 0x49, 0x84, 0x51, 0xc5, 0x59, 0x06, 0x62, 0x06, 0x62, 0x67, 0x72,
    0xa8, 0x7a, 0x87, 0x72, 0xe9, 0x82, 0x29, 0x83, 0x6b, 0x8b, 0xac, 0x93,
    0xce, 0x93, 0xce, 0x93, 0x4f, 0x9c, 0xd2, 0xa4, 0x34, 0xb5, 0x95, 0xbd,
    0xb7, 0xc5, 0xd7, 0xc5, 0x38, 0xce, 0x38, 0xd6, 0x18, 0xd6, 0x38, 0xd6,
    0x58, 0xce, 0x59, 0xce, 0x79, 0xd6, 0x59, 0xd6, 0x79, 0xce, 0x59, 0xce,
    0x79, 0xd6, 0x79, 0xd6, 0x79, 0xd6, 0x79, 0xd6, 0x79, 0xd6, 0x79, 0xd6,
    0x7a, 0xde, 0x79, 0xd6, 0x9a, 0xde, 0x9a, 0xde, 0x99, 0xd6, 0x9a, 0xd6,
    0xba, 0xde, 0x9a, 0xd6, 0xba, 0xd6, 0xba, 0xde, 0xba, 0xde, 0xba, 0xd6,
    0xba, 0xde, 0xbb, 0xde, 0xdb, 0xde, 0xda, 0xde, 0xbb, 0xde, 0xba, 0xde,
    0xdb, 0xde, 0xba, 0xde, 0xdb, 0xde, 0xdb, 0xde, 0xdb, 0xe6, 0xdb, 0xde,
    0xfb, 0xde, 0xdc, 0xe6, 0xfc, 0xde, 0xfb, 0xde, 0xfc, 0xe6, 0xfc, 0xde,
    0xfb, 0xde, 0x1b, 0xdf, 0xfc, 0xe6, 0xfc, 0xde, 0xfc, 0xe6, 0xfc, 0xe6,
    0xfc, 0xde, 0xfc, 0xe6, 0x1c, 0xe7, 0xfb, 0xe6, 0x1c, 0xe7, 0xfc, 0xde,
    0xfb, 0xe6, 0x1c, 0xe7, 0xdb, 0xde, 0xdb, 0xde, 0xdc, 0xd6, 0xdb, 0xde,
    0xdb, 0xde, 0xdc, 0xde, 0xdb, 0xde, 0xdb, 0xde, 0xdb, 0xd6, 0xdb, 0xde,
    0xdb, 0xd6, 0xdb, 0xde, 0xdb, 0xde, 0xdb, 0xde, 0xbb, 0xd6, 0xdb, 0xd6,
    0xbb, 0xde, 0xbb, 0xd6, 0xbb, 0xd6, 0x9a, 0xd6, 0xbb, 0xd6, 0x9a, 0xd6,
    0x9a, 0xd6, 0xba, 0xd6, 0x9a, 0xd6, 0x9a, 0xce, 0x9a, 0xd6, 0x9a, 0xd6,
    0x9a, 0xce, 0x7a, 0xce, 0x7a, 0xd6, 0x7a, 0xce, 0x79, 0xd6, 0x7a, 0xd6,
    0x7a, 0xce, 0x79, 0xd6, 0x7a, 0xce, 0x59, 0xce, 0x59, 0xce, 0x59, 0xce,
    0x59, 0xce, 0x59, 0xce, 0x59, 0xce, 0x39, 0xce, 0x38, 0xc6, 0x39, 0xc6,
    0x39, 0xce, 0x38, 0xc6, 0x38, 0xce, 0x39, 0xce, 0x39, 0xc6, 0x38, 0xce,
    0xd7, 0xbd, 0x35, 0xa5, 0x8f, 0x6b, 0x67, 0x29, 0xe9, 0x39, 0xc9, 0x31,
    0xea, 0x39, 0x94, 0x94, 0xf5, 0xa4, 0x36, 0xad, 0x14, 0xad, 0x71, 0xa4,
    0x8c, 0x8b, 0x6b, 0x93, 0xac, 0x9b, 0xed, 0xa3, 0xac, 0x9b, 0xcc, 0xa3,
    0xac, 0xa3, 0xe9, 0x8a, 0xa8, 0x82, 0xc8, 0x8a, 0xc9, 0x8a, 0xc8, 0x82,
    0xa8, 0x82, 0x87, 0x72, 0x46, 0x6a, 0x26, 0x6a, 0x05, 0x62, 0xe4, 0x59,
    0xe4, 0x61, 0x26, 0x6a, 0x26, 0x6a, 0x25, 0x6a, 0x05, 0x62, 0x05, 0x62,
    0x05, 0x62, 0x05, 0x62, 0x05, 0x6a, 0x06, 0x62, 0x06, 0x62, 0xe6, 0x61,
    0xe5, 0x61, 0xe5, 0x59, 0xe5, 0x59, 0xc5, 0x59, 0xc5, 0x59, 0xa5, 0x59,
    0xa5, 0x51, 0xa4, 0x51, 0x84, 0x51, 0x84, 0x51, 0xc5, 0x59, 0xc5, 0x59,
    0xc6, 0x59, 0xe5, 0x59, 0xe5, 0x59, 0xc5, 0x51, 0x84, 0x51, 0xa4, 0x51,
    0xc5, 0x51, 0xe5, 0x59, 0xc5, 0x51, 0xc5, 0x51, 0xc4, 0x51, 0xa4, 0x51,
    0xa4, 0x51, 0xa4, 0x51, 0x83, 0x51, 0x84, 0x51, 0xc5, 0x59, 0x06, 0x62,
    0x87, 0x72, 0x67, 0x72, 0x88, 0x7a, 0xe9, 0x82, 0x29, 0x8b, 0x4a, 0x8b,
    0x4a, 0x8b, 0x6b, 0x8b, 0xad, 0x8b, 0xad, 0x8b, 0x0f, 0x94, 0xb1, 0xa4,
    0x13, 0xa5, 0xb6, 0xbd, 0xf7, 0xcd, 0x18, 0xce, 0x38, 0xce, 0x38, 0xce,
    0x38, 0xd6, 0x58, 0xce, 0x58, 0xce, 0x58, 0xd6, 0x59, 0xd6, 0x79, 0xd6,
    0x59, 0xd6, 0x59, 0xd6, 0x79, 0xd6, 0x79, 0xd6, 0x79, 0xd6, 0x79, 0xd6,
    0x79, 0xd6, 0x79, 0xd6, 0x9a, 0xd6, 0x99, 0xd6, 0x9a, 0xd6, 0x9a, 0xd6,
    0x9a, 0xd6, 0x9a, 0xd6, 0x9a, 0xde, 0xba, 0xd6, 0x9a, 0xde, 0x9a, 0xd6,
    0xbb, 0xde, 0xba, 0xde, 0xba, 0xde, 0xba, 0xde, 0xbb, 0xde, 0xdb, 0xde,
    0xba, 0xde, 0xdb, 0xde, 0xdb, 0xde, 0xda, 0xde, 0xdb, 0xe6, 0xdb, 0xde,
    0xdb, 0xde, 0xfb, 0xe6, 0xdb, 0xde, 0xdb, 0xe6, 0xfb, 0xde, 0xfc, 0xde,
    0xfc, 0xe6, 0xfb, 0xe6, 0xfc, 0xde, 0xfc, 0xde, 0xfb, 0xe6, 0xfb, 0xde,
    0xfc, 0xe6, 0x1b, 0xe7, 0xfb, 0xde, 0xfc, 0xe6, 0x1c, 0xe7, 0x1c, 0xe7,
    0xfc, 0xe6, 0x1c, 0xe7, 0x1c, 0xdf, 0xfc, 0xe6, 0xdb, 0xde, 0xdb, 0xde,
    0xdb, 0xd6, 0xdb, 0xde, 0xdb, 0xde, 0xdb, 0xd6, 0xdb, 0xde, 0xdb, 0xd6,
    0xdb, 0xde, 0xbb, 0xd6, 0xbb, 0xd6, 0xbb, 0xd6, 0xbb, 0xd6, 0xbb, 0xd6,
    0xbb, 0xd6, 0xbb, 0xd6, 0xbb, 0xd6, 0xba, 0xde, 0xba, 0xd6, 0x9b, 0xd6,
    0xba, 0xd6, 0x9a, 0xd6, 0x9b, 0xd6, 0x9a, 0xd6, 0x9a, 0xd6, 0x9a, 0xce,
    0x9a, 0xd6, 0x9a, 0xd6, 0x9a, 0xd6, 0x7a, 0xce, 0x7a, 0xce, 0x9a, 0xce,
    0x79, 0xd6, 0x7a, 0xce, 0x9a, 0xd6, 0x79, 0xd6, 0x79, 0xce, 0x59, 0xce,
    0x59, 0xce, 0x59, 0xce, 0x39, 0xce, 0x39, 0xce, 0x59, 0xc6, 0x59, 0xce,
    0x39, 0xce, 0x18, 0xc6, 0x18, 0xc6, 0x39, 0xce, 0x39, 0xc6, 0x38, 0xc6,
    0x38, 0xce, 0x39, 0xc6, 0x19, 0xc6, 0x6e, 0x73, 0x66, 0x29, 0x4a, 0x42,
    0xe9, 0x31, 0xc9, 0x31, 0xea, 0x39, 0x94, 0x8c, 0x16, 0xa5, 0x56, 0xad,
    0xf5, 0xa4, 0x14, 0xad, 0x71, 0xac, 0x2a, 0x83, 0x0a, 0x83, 0x4e, 0xac,
    0x4a, 0x8b, 0xac, 0x9b, 0xed, 0xa3, 0x8c, 0xa3, 0x0a, 0x93, 0xe9, 0x8a,
    0xa8, 0x82, 0xc8, 0x82, 0xa8, 0x82, 0xa8, 0x7a, 0x87, 0x72, 0x46, 0x6a,
    0x46, 0x6a, 0x05, 0x62, 0xe4, 0x61, 0x05, 0x62, 0x05, 0x62, 0x05, 0x62,
    0x05, 0x6a, 0x05, 0x6a, 0x06, 0x62, 0x05, 0x62, 0x05, 0x62, 0x05, 0x62,
    0x06, 0x62, 0xe5, 0x59, 0xe5, 0x61, 0x06, 0x62, 0xe5, 0x59, 0xc5, 0x59,
    0xc5, 0x59, 0xa4, 0x59, 0xa4, 0x51, 0xa4, 0x51, 0x64, 0x49, 0x64, 0x49,
    0xa4, 0x51, 0xa5, 0x51, 0xa5, 0x51, 0xa5, 0x51, 0xa5, 0x51, 0xa5, 0x51,
    0x84, 0x49, 0x84, 0x49, 0x84, 0x49, 0x84, 0x49, 0x84, 0x51, 0x84, 0x51,
    0xa4, 0x51, 0x84, 0x51, 0xa4, 0x51, 0xa4, 0x51, 0x83, 0x49, 0x84, 0x51,
    0xc4, 0x59, 0x05, 0x62, 0xc8, 0x7a, 0x67, 0x72, 0xa8, 0x7a, 0x2a, 0x8b,
    0x6a, 0x93, 0x29, 0x93, 0x2a, 0x8b, 0x2b, 0x8b, 0x6c, 0x8b, 0x8d, 0x83,
    0x0f, 0x8c, 0x92, 0x9c, 0xf3, 0xa4, 0xb7, 0xbd, 0x18, 0xc6, 0x58, 0xce,
    0x38, 0xd6, 0x38, 0xce, 0x58, 0xd6, 0x38, 0xd6, 0x59, 0xce, 0x58, 0xce,
    0x59, 0xd6, 0x79, 0xd6, 0x59, 0xce, 0x79, 0xd6, 0x79, 0xd6, 0x59, 0xd6,
    0x79, 0xd6, 0x79, 0xd6, 0x7a, 0xd6, 0x79, 0xd6, 0x9a, 0xd6, 0x99, 0xd6,
    0x9a, 0xd6, 0x9a, 0xd6, 0x99, 0xd6, 0x9a, 0xd6, 0x9a, 0xde, 0xba, 0xde,
    0x9a, 0xd6, 0x9a, 0xd6, 0xbb, 0xde, 0xba, 0xde, 0xbb, 0xde, 0xba, 0xd6,
    0xda, 0xde, 0xbb, 0xde, 0xda, 0xde, 0xba, 0xde, 0xdb, 0xde, 0xdb, 0xde,
    0xdb, 0xde, 0xdb, 0xde, 0xdb, 0xe6, 0xdb, 0xde, 0xdb, 0xde, 0xdb, 0xe6,
    0xfb, 0xde, 0xfb, 0xde, 0xfc, 0xe6, 0xfb, 0xe6, 0xfb, 0xde, 0xfc, 0xde,
    0xfb, 0xe6, 0xfb, 0xde, 0xfc, 0xe6, 0x1c, 0xdf, 0xfb, 0xe6, 0xfb, 0xde,
    0xfc, 0xde, 0xfb, 0xde, 0xfb, 0xe6, 0xfb, 0xde, 0xfc, 0xe6, 0xfb, 0xde,
    0xdb, 0xd6, 0xdb, 0xde, 0xdb, 0xde, 0xdb, 0xd6, 0xdb, 0xd6, 0xdb, 0xde,
    0xdb, 0xd6, 0xdb, 0xde, 0xbb, 0xd6, 0xbb, 0xd6, 0xdb, 0xde, 0xbb, 0xd6,
    0xdb, 0xd6, 0xdb, 0xde, 0xbb, 0xd6, 0xbb, 0xd6, 0xba, 0xd6, 0xbb, 0xd6,
    0x9a, 0xd6, 0x9a, 0xd6, 0x9a, 0xd6, 0x9a, 0xd6, 0x9a, 0xd6, 0x9a, 0xd6,
    0x9a, 0xce, 0x9a, 0xd6, 0x9a, 0xce, 0x7a, 0xce, 0x7a, 0xce, 0x7a, 0xce,
    0x7a, 0xce, 0x7a, 0xce, 0x79, 0xd6, 0x79, 0xce, 0x7a, 0xce, 0x79, 0xce,
    0x59, 0xce, 0x59, 0xce, 0x59, 0xce, 0x59, 0xce, 0x59, 0xce, 0x38, 0xce,
    0x38, 0xce, 0x59, 0xce, 0x39, 0xc6, 0x18, 0xc6, 0x18, 0xc6, 0x39, 0xce,
    0xf8, 0xc5, 0x39, 0xce, 0x7a, 0xd6, 0xf8, 0xc5, 0x2d, 0x63, 0x8b, 0x52,
    0x09, 0x42, 0xe9, 0x39, 0xc9, 0x31, 0xe9, 0x39, 0xe9, 0x31, 0xb0, 0x73,
    0x16, 0xa5, 0x36, 0xa5, 0xf5, 0xa4, 0x15, 0xa5, 0xd2, 0xa4, 0x2f, 0x9c,
    0x6c, 0x8b, 0x4b, 0x8b, 0xed, 0x9b, 0xac, 0x9b, 0x8c, 0x9b, 0xac, 0xa3,
    0x8b, 0x9b, 0x2a, 0x93, 0xc9, 0x8a, 0xa8, 0x82, 0xa8, 0x82, 0xa8, 0x7a,
    0xa7, 0x7a, 0x87, 0x7a, 0x67, 0x72, 0x25, 0x6a, 0xe5, 0x61, 0xe4, 0x61,
    0xe5, 0x61, 0xe5, 0x61, 0x05, 0x62, 0x05, 0x6a, 0x05, 0x62, 0x05, 0x62,
    0x05, 0x62, 0x26, 0x6a, 0x06, 0x62, 0xe5, 0x59, 0xc5, 0x59, 0x06, 0x62,
    0x06, 0x62, 0xc5, 0x59, 0xa5, 0x59, 0xa4, 0x51, 0x84, 0x51, 0x84, 0x51,
    0x84, 0x51, 0x64, 0x49, 0x84, 0x51, 0xa4, 0x51, 0xa4, 0x51, 0x84, 0x51,
    0xa5, 0x51, 0x84, 0x51, 0x84, 0x51, 0x84, 0x51, 0x63, 0x49, 0x83, 0x49,
    0x83, 0x49, 0x84, 0x51, 0x84, 0x51, 0xa4, 0x51, 0xa4, 0x51, 0xa4, 0x51,
    0x63, 0x49, 0xa4, 0x51, 0x05, 0x62, 0x66, 0x6a, 0x88, 0x7a, 0xc8, 0x7a,
    0x09, 0x8b, 0x4a, 0x93, 0x4a, 0x9b, 0x09, 0x93, 0x8c, 0x9b, 0x2b, 0x8b,
    0xcd, 0x93, 0xcb, 0x72, 0xd0, 0x8b, 0x11, 0x8c, 0xf5, 0xac, 0x56, 0xb5,
    0xd7, 0xc5, 0x59, 0xd6, 0x38, 0xce, 0x38, 0xce, 0x38, 0xce, 0x58, 0xd6,
    0x38, 0xce, 0x59, 0xd6, 0x58, 0xd6, 0x58, 0xce, 0x79, 0xd6, 0x59, 0xd6,
    0x79, 0xd6, 0x79, 0xd6, 0x79, 0xd6, 0x7a, 0xd6, 0x9a, 0xd6, 0x99, 0xd6,
    0x7a, 0xd6, 0x79, 0xd6, 0x9a, 0xde, 0x9a, 0xde, 0x9a, 0xde, 0x9a, 0xde,
    0x9a, 0xde, 0xba, 0xde, 0xba, 0xde, 0x9a, 0xde, 0xba, 0xde, 0xba, 0xd6,
    0xbb, 0xde, 0xba, 0xde, 0xdb, 0xde, 0xdb, 0xde, 0xda, 0xde, 0xda, 0xde,
    0xdb, 0xde, 0xdb, 0xde, 0xda, 0xde, 0xda, 0xde, 0xdb, 0xde, 0xdb, 0xde,
    0xfb, 0xde, 0xdb, 0xde, 0xdb, 0xde, 0xdb, 0xde, 0xfb, 0xde, 0xfb, 0xde,
    0xfb, 0xde, 0xfb, 0xe6, 0xfc, 0xde, 0xfb, 0xde, 0xfb, 0xde, 0xfc, 0xde,
    0xfc, 0xe6, 0xfb, 0xe6, 0xfc, 0xe6, 0xfc, 0xe6, 0xfc, 0xde, 0xfc, 0xe6,
    0xfb, 0xe6, 0xfc, 0xe6, 0xdb, 0xde, 0xbb, 0xd6, 0xdb, 0xde, 0xdb, 0xde,
    0xbb, 0xde, 0xdb, 0xde, 0xdb, 0xde, 0xbb, 0xd6, 0xbb, 0xd6, 0xbb, 0xd6,
    0xbb, 0xde, 0xbb, 0xd6, 0xbb, 0xd6, 0xbb, 0xde, 0xba, 0xd6, 0xba, 0xd6,
    0xbb, 0xd6, 0xbb, 0xd6, 0x9b, 0xd6, 0x9a, 0xd6, 0x9a, 0xd6, 0x9a, 0xd6,
    0x9a, 0xd6, 0x9a, 0xce, 0x9a, 0xd6, 0x9a, 0xd6, 0x9a, 0xd6, 0x7a, 0xce,
    0x7a, 0xd6, 0x7a, 0xce, 0x7a, 0xce, 0x7a, 0xd6, 0x79, 0xd6, 0x7a, 0xd6,
    0x79, 0xce, 0x7a, 0xd6, 0x59, 0xce, 0x59, 0xce, 0x59, 0xce, 0x59, 0xce,
    0x59, 0xce, 0x59, 0xc6, 0x39, 0xce, 0x39, 0xc6, 0x18, 0xc6, 0x59, 0xce,
    0x59, 0xce, 0xf8, 0xbd, 0x39, 0xce, 0x59, 0xce, 0xb7, 0xb5, 0xf0, 0x83,
    0x29, 0x42, 0xc8, 0x39, 0xa8, 0x31, 0xc9, 0x39, 0xe9, 0x39, 0xea, 0x39,
    0xc9, 0x31, 0x70, 0x6b, 0x16, 0x9d, 0x16, 0x9d, 0x16, 0xa5, 0x16, 0xa5,
    0xf4, 0xa4, 0xb2, 0xa4, 0x30, 0x9c, 0x6c, 0x8b, 0x4b, 0x83, 0xad, 0x93,
    0xcd, 0x9b, 0xed, 0xab, 0xac, 0xa3, 0x6b, 0xa3, 0x2a, 0x93, 0xc9, 0x8a,
    0xa8, 0x82, 0xa8, 0x82, 0xa8, 0x82, 0xa7, 0x7a, 0x87, 0x7a, 0x46, 0x72,
    0x25, 0x6a, 0x05, 0x6a, 0xe5, 0x61, 0xe5, 0x61, 0xe4, 0x61, 0xe5, 0x61,
    0xe5, 0x61, 0xe5, 0x61, 0xe5, 0x61, 0x05, 0x62, 0x46, 0x6a, 0x06, 0x62,
    0xa4, 0x59, 0xa4, 0x51, 0xc5, 0x59, 0xc5, 0x59, 0xa4, 0x51, 0x84, 0x51,
    0x84, 0x51, 0x84, 0x51, 0x84, 0x51, 0x84, 0x51, 0x84, 0x51, 0x85, 0x51,
    0x84, 0x51, 0x84, 0x51, 0x84, 0x51, 0x84, 0x51, 0x84, 0x49, 0x64, 0x51,
    0x84, 0x51, 0x84, 0x51, 0x84, 0x49, 0x84, 0x51, 0x84, 0x51, 0x84, 0x51,
    0x84, 0x59, 0xa4, 0x59, 0xa4, 0x59, 0x05, 0x62, 0x67, 0x6a, 0x67, 0x72,
    0xa8, 0x7a, 0xe9, 0x82, 0x4a, 0x93, 0x6b, 0x9b, 0x29, 0x9b, 0x09, 0x9b,
    0x6b, 0x9b, 0x4b, 0x8b, 0xca, 0x72, 0xa7, 0x49, 0x6f, 0x83, 0x74, 0x9c,
    0xf5, 0xa4, 0x36, 0xad, 0xb7, 0xbd, 0x39, 0xce, 0x39, 0xce, 0x38, 0xce,
    0x58, 0xce, 0x58, 0xce, 0x38, 0xd6, 0x59, 0xd6, 0x58, 0xce, 0x59, 0xd6,
    0x59, 0xd6, 0x79, 0xd6, 0x79, 0xd6, 0x79, 0xd6, 0x7a, 0xd6, 0x79, 0xd6,
    0x79, 0xd6, 0x9a, 0xd6, 0x79, 0xd6, 0x7a, 0xd6, 0x9a, 0xde, 0x99, 0xd6,
    0x9a, 0xd6, 0x9a, 0xd6, 0x9a, 0xde, 0xba, 0xde, 0xba, 0xde, 0x9a, 0xde,
    0xba, 0xde, 0xba, 0xde, 0xbb, 0xde, 0xba, 0xde, 0xda, 0xd6, 0xdb, 0xde,
    0xdb, 0xde, 0xda, 0xde, 0xdb, 0xde, 0xdb, 0xde, 0xda, 0xde, 0xdb, 0xde,
    0xdb, 0xde, 0xfb, 0xde, 0xdb, 0xde, 0xdb, 0xde, 0xfb, 0xe6, 0xdb, 0xde,
    0xfb, 0xe6, 0xfb, 0xde, 0xfb, 0xde, 0xfb, 0xe6, 0xfc, 0xde, 0xfb, 0xe6,
    0xfb, 0xde, 0xfb, 0xde, 0xfc, 0xe6, 0xfb, 0xde, 0xfb, 0xde, 0xfc, 0xe6,
    0xfb, 0xde, 0xfb, 0xde, 0xfc, 0xde, 0xfb, 0xde, 0xdb, 0xde, 0xdb, 0xd6,
    0xbb, 0xd6, 0xdb, 0xde, 0xdb, 0xd6, 0xbb, 0xd6, 0xdb, 0xde, 0xbb, 0xd6,
    0xdb, 0xde, 0xbb, 0xd6, 0xbb, 0xd6, 0xbb, 0xd6, 0xbb, 0xd6, 0xbb, 0xd6,
    0xba, 0xd6, 0x9b, 0xd6, 0xbb, 0xde, 0xba, 0xd6, 0x9b, 0xd6, 0x9a, 0xd6,
    0xbb, 0xd6, 0x9a, 0xd6, 0x9a, 0xce, 0x9b, 0xd6, 0x9a, 0xce, 0x9a, 0xd6,
    0x9a, 0xd6, 0x7a, 0xce, 0x7a, 0xce, 0x7a, 0xd6, 0x79, 0xce, 0x7a, 0xce,
    0x79, 0xd6, 0x7a, 0xce, 0x7a, 0xd6, 0x79, 0xce, 0x59, 0xce, 0x59, 0xce,
    0x59, 0xce, 0x59, 0xce, 0x59, 0xce, 0x59, 0xc6, 0x59, 0xce, 0x39, 0xc6,
    0x18, 0xc6, 0x59, 0xce, 0x59, 0xce, 0xf9, 0xbd, 0x7a, 0xce, 0xb7, 0xb5,
    0xb0, 0x73, 0x2a, 0x42, 0xc8, 0x39, 0xc8, 0x39, 0xc9, 0x39, 0xc9, 0x39,
    0x2a, 0x42, 0x0a, 0x3a, 0xa9, 0x31, 0x2f, 0x63, 0x17, 0x9d, 0x16, 0xa5,
    0x16, 0x9d, 0x15, 0xa5, 0xd4, 0xa4, 0xd3, 0xac, 0xd2, 0xac, 0x30, 0x9c,
    0xce, 0x93, 0xad, 0x93, 0xac, 0x9b, 0x6c, 0x93, 0x8b, 0x9b, 0xac, 0xa3,
    0x6c, 0xa3, 0x2a, 0x93, 0xa8, 0x82, 0xa7, 0x82, 0xa8, 0x82, 0xa8, 0x82,
    0xa7, 0x7a, 0x87, 0x7a, 0x46, 0x72, 0x25, 0x6a, 0x05, 0x6a, 0x04, 0x6a,
    0x04, 0x62, 0xe4, 0x61, 0xe4, 0x61, 0xc4, 0x59, 0xc4, 0x59, 0xe5, 0x61,
    0x26, 0x6a, 0x26, 0x6a, 0xe5, 0x59, 0x84, 0x51, 0x84, 0x51, 0xa4, 0x59,
    0x63, 0x51, 0x64, 0x49, 0x64, 0x51, 0x84, 0x51, 0x84, 0x51, 0x84, 0x51,
    0x84, 0x51, 0x84, 0x51, 0x84, 0x51, 0x84, 0x51, 0x64, 0x49, 0x63, 0x49,
    0x63, 0x49, 0x63, 0x49, 0x63, 0x49, 0x63, 0x49, 0x63, 0x51, 0x84, 0x51,
    0x84, 0x51, 0x84, 0x59, 0xa4, 0x59, 0xa4, 0x59, 0x05, 0x62, 0x46, 0x72,
    0x67, 0x72, 0x87, 0x7a, 0x09, 0x83, 0x29, 0x8b, 0x6b, 0x93, 0x4a, 0x9b,
    0x4a, 0xa3, 0x4a, 0xa3, 0x2a, 0x93, 0x6b, 0x93, 0x07, 0x62, 0xa7, 0x49,
    0xd0, 0x8b, 0x94, 0x9c, 0xb5, 0x9c, 0x15, 0xa5, 0x77, 0xb5, 0x18, 0xc6,
    0x39, 0xc6, 0x38, 0xce, 0x58, 0xce, 0x58, 0xce, 0x58, 0xce, 0x59, 0xd6,
    0x59, 0xd6, 0x79, 0xd6, 0x59, 0xd6, 0x59, 0xd6, 0x79, 0xd6, 0x59, 0xd6,
    0x7a, 0xd6, 0x79, 0xd6, 0x7a, 0xd6, 0x7a, 0xd6, 0x99, 0xd6, 0x79, 0xd6,
    0x9a, 0xd6, 0x9a, 0xd6, 0x79, 0xde, 0x9a, 0xd6, 0x9a, 0xde, 0x9a, 0xd6,
    0x9a, 0xd6, 0xba, 0xde, 0xbb, 0xd6, 0xba, 0xde, 0xba, 0xde, 0xbb, 0xde,
    0xda, 0xd6, 0xda, 0xde, 0xbb, 0xd6, 0xda, 0xde, 0xdb, 0xde, 0xdb, 0xde,
    0xda, 0xde, 0xdb, 0xde, 0xfb, 0xde, 0xfb, 0xde, 0xdb, 0xde, 0xdb, 0xde,
    0xfb, 0xde, 0xfb, 0xde, 0xfb, 0xe6, 0xdb, 0xe6, 0xfb, 0xde, 0xfb, 0xde,
    0xdb, 0xe6, 0xfb, 0xde, 0xfb, 0xe6, 0xfb, 0xde, 0xfc, 0xe6, 0xfc, 0xde,
    0xfb, 0xde, 0xfb, 0xe6, 0xfc, 0xe6, 0xfb, 0xde, 0xfc, 0xe6, 0xfb, 0xe6,
    0xdb, 0xde, 0xdb, 0xde, 0xdb, 0xde, 0xdb, 0xde, 0xdb, 0xd6, 0xdb, 0xde,
    0xdb, 0xde, 0xbb, 0xd6, 0xdb, 0xd6, 0xbb, 0xde, 0xbb, 0xd6, 0xba, 0xd6,
    0xbb, 0xde, 0xbb, 0xd6, 0xba, 0xd6, 0xbb, 0xd6, 0x9b, 0xd6, 0xba, 0xd6,
    0xba, 0xd6, 0x9a, 0xd6, 0x9a, 0xd6, 0x9a, 0xd6, 0x9a, 0xd6, 0x9a, 0xd6,
    0x9a, 0xce, 0x9a, 0xd6, 0x9a, 0xd6, 0x7a, 0xce, 0x7a, 0xce, 0x7a, 0xce,
    0x7a, 0xce, 0x7a, 0xce, 0x79, 0xce, 0x79, 0xd6, 0x7a, 0xce, 0x79, 0xce,
    0x59, 0xce, 0x59, 0xce, 0x59, 0xce, 0x79, 0xce, 0x59, 0xce, 0x39, 0xc6,
    0x38, 0xc6, 0x39, 0xc6, 0x39, 0xce, 0xf9, 0xbd, 0xf8, 0xbd, 0x3a, 0xce,
    0xf9, 0xc5, 0xf0, 0x7b, 0x0a, 0x42, 0xc9, 0x39, 0xa8, 0x39, 0xa8, 0x31,
    0xa8, 0x31, 0xa9, 0x31, 0x6b, 0x4a, 0x2b, 0x42, 0xa9, 0x31, 0x0e, 0x5b,
    0x17, 0x9d, 0x17, 0x9d, 0xf6, 0x9c, 0x16, 0xa5, 0xf5, 0xa4, 0xf4, 0xa4,
    0xd3, 0xa4, 0xb2, 0xac, 0xef, 0x9b, 0x8c, 0x8b, 0x8d, 0x93, 0xed, 0xa3,
    0x8c, 0x9b, 0xac, 0xa3, 0xac, 0xa3, 0x6b, 0xa3, 0x88, 0x82, 0xa7, 0x7a,
    0x88, 0x82, 0x88, 0x82, 0xa7, 0x82, 0xa7, 0x7a, 0xa7, 0x7a, 0x66, 0x72,
    0x46, 0x72, 0x25, 0x6a, 0x05, 0x6a, 0x05, 0x62, 0xe5, 0x61, 0xe4, 0x61,
    0xe4, 0x61, 0xe4, 0x61, 0xe5, 0x61, 0x25, 0x62, 0x26, 0x62, 0xc4, 0x59,
    0x84, 0x59, 0x83, 0x51, 0x43, 0x49, 0x43, 0x49, 0x64, 0x51, 0x84, 0x51,
    0x84, 0x51, 0x84, 0x51, 0x64, 0x49, 0x64, 0x49, 0x84, 0x51, 0x84, 0x51,
    0x63, 0x49, 0x43, 0x49, 0x43, 0x49, 0x63, 0x49, 0x63, 0x49, 0x63, 0x49,
    0x63, 0x51, 0x63, 0x51, 0xa4, 0x59, 0xa4, 0x59, 0xa4, 0x59, 0xa4, 0x59,
    0x66, 0x6a, 0x67, 0x72, 0x87, 0x7a, 0xe8, 0x82, 0x29, 0x8b, 0x2a, 0x93,
    0x4a, 0x93, 0x6a, 0x9b, 0x2a, 0xa3, 0x6b, 0xab, 0xea, 0x92, 0x6c, 0x9b,
    0x08, 0x62, 0x6a, 0x62, 0x73, 0x9c, 0x32, 0x94, 0xb4, 0x9c, 0xf5, 0x9c,
    0x56, 0xad, 0xf8, 0xbd, 0x39, 0xc6, 0x58, 0xce, 0x58, 0xce, 0x58, 0xce,
    0x58, 0xce, 0x58, 0xce, 0x59, 0xd6, 0x79, 0xce, 0x59, 0xd6, 0x59, 0xd6,
    0x7a, 0xd6, 0x79, 0xd6, 0x79, 0xd6, 0x79, 0xd6, 0x9a, 0xd6, 0x99, 0xd6,
    0x7a, 0xd6, 0x79, 0xd6, 0x9a, 0xd6, 0x9a, 0xd6, 0x9a, 0xde, 0x9a, 0xde,
    0x9a, 0xde, 0xba, 0xde, 0xba, 0xde, 0x9a, 0xde, 0xbb, 0xde, 0xba, 0xd6,
    0xba, 0xde, 0xbb, 0xde, 0xdb, 0xde, 0xda, 0xde, 0xbb, 0xde, 0xda, 0xd6,
    0xdb, 0xde, 0xdb, 0xde, 0xda, 0xde, 0xdb, 0xde, 0xfb, 0xde, 0xdb, 0xde,
    0xdb, 0xde, 0xdb, 0xde, 0xfb, 0xde, 0xdb, 0xde, 0xfb, 0xe6, 0xfb, 0xde,
    0xdb, 0xde, 0xfb, 0xe6, 0xfb, 0xde, 0xdb, 0xde, 0xfb, 0xe6, 0xfb, 0xde,
    0xfc, 0xe6, 0xfb, 0xe6, 0xfc, 0xde, 0xfc, 0xe6, 0xfb, 0xde, 0xfc, 0xe6,
    0xfc, 0xe6, 0xfb, 0xde, 0xbb, 0xd6, 0xdb, 0xde, 0xbb, 0xd6, 0xdb, 0xde,
    0xbb, 0xde, 0xdb, 0xde, 0xdb, 0xde, 0xbb, 0xd6, 0xbb, 0xd6, 0xbb, 0xd6,
    0xbb, 0xde, 0xba, 0xd6, 0xbb, 0xd6, 0xbb, 0xde, 0xba, 0xd6, 0xbb, 0xd6,
    0xbb, 0xd6, 0xbb, 0xd6, 0x9b, 0xd6, 0x9a, 0xd6, 0x9a, 0xd6, 0x9a, 0xd6,
    0x9a, 0xd6, 0x9a, 0xd6, 0x9a, 0xce, 0x7a, 0xd6, 0x9a, 0xd6, 0x7a, 0xce,
    0x7a, 0xd6, 0x7a, 0xce, 0x7a, 0xce, 0x7a, 0xd6, 0x79, 0xd6, 0x79, 0xce,
    0x7a, 0xd6, 0x79, 0xd6, 0x59, 0xce, 0x59, 0xce, 0x59, 0xce, 0x7a, 0xce,
    0x79, 0xce, 0x38, 0xc6, 0x18, 0xc6, 0x59, 0xce, 0x3a, 0xc6, 0x39, 0xc6,
    0xf9, 0xc5, 0xd8, 0xbd, 0x53, 0x8c, 0x6b, 0x52, 0xc9, 0x39, 0x2a, 0x42,
    0xc9, 0x39, 0xa9, 0x39, 0xa9, 0x39, 0xa9, 0x31, 0xca, 0x31, 0x0b, 0x42,
    0xa9, 0x31, 0x2b, 0x3a, 0xf6, 0x9c, 0x37, 0xa5, 0xb5, 0x94, 0x36, 0xa5,
    0xf5, 0xa4, 0xf5, 0xa4, 0xf4, 0xa4, 0xf3, 0xac, 0xd3, 0xac, 0xee, 0x93,
    0x6c, 0x8b, 0xee, 0x9b, 0x8c, 0x9b, 0x8c, 0xa3, 0xac, 0xa3, 0x8c, 0xa3,
    0x6b, 0x9b, 0xe9, 0x8a, 0xc8, 0x82, 0xa8, 0x82, 0xa7, 0x82, 0x87, 0x82,
    0x88, 0x82, 0x87, 0x7a, 0x67, 0x7a, 0x46, 0x72, 0x25, 0x6a, 0x25, 0x6a,
    0x05, 0x6a, 0x05, 0x6a, 0x05, 0x62, 0xe5, 0x61, 0xe4, 0x59, 0x05, 0x62,
    0x05, 0x62, 0xc4, 0x59, 0x84, 0x59, 0x84, 0x51, 0x63, 0x51, 0x63, 0x51,
    0x63, 0x51, 0x63, 0x51, 0x64, 0x49, 0x63, 0x51, 0x63, 0x49, 0x63, 0x49,
    0x64, 0x51, 0x64, 0x51, 0x63, 0x49, 0x63, 0x49, 0x64, 0x51, 0x64, 0x51,
    0x84, 0x51, 0x84, 0x59, 0xa4, 0x59, 0xc4, 0x59, 0xc5, 0x59, 0xe5, 0x59,
    0xc5, 0x61, 0xc4, 0x61, 0x66, 0x72, 0x87, 0x72, 0xa8, 0x82, 0x09, 0x8b,
    0x2a, 0x93, 0x2a, 0x93, 0x4a, 0x93, 0x4a, 0x9b, 0x4a, 0xa3, 0x6b, 0xa3,
    0x0a, 0x93, 0x89, 0x7a, 0x48, 0x62, 0x8f, 0x8b, 0x11, 0x94, 0xf1, 0x8b,
    0x93, 0x94, 0x32, 0x84, 0x77, 0xad, 0x3a, 0xc6, 0x59, 0xc6, 0x59, 0xce,
    0x58, 0xce, 0x58, 0xce, 0x59, 0xce, 0x59, 0xd6, 0x59, 0xd6, 0x59, 0xd6,
    0x59, 0xce, 0x59, 0xd6, 0x79, 0xd6, 0x7a, 0xce, 0x79, 0xd6, 0x7a, 0xd6,
    0x79, 0xd6, 0x9a, 0xd6, 0x79, 0xd6, 0x7a, 0xd6, 0x9a, 0xde, 0x9a, 0xde,
    0x9a, 0xd6, 0x9a, 0xd6, 0x9a, 0xd6, 0xba, 0xd6, 0x9a, 0xd6, 0x9a, 0xd6,
    0xba, 0xde, 0xba, 0xd6, 0xbb, 0xde, 0xba, 0xde, 0xdb, 0xde, 0xda, 0xde,
    0xdb, 0xde, 0xda, 0xde, 0xdb, 0xde, 0xda, 0xde, 0xdb, 0xd6, 0xda, 0xde,
    0xfb, 0xde, 0xfb, 0xde, 0xdb, 0xde, 0xdb, 0xde, 0xfb, 0xe6, 0xdb, 0xde,
    0xfb, 0xde, 0xfb, 0xe6, 0xfb, 0xde, 0xfc, 0xe6, 0xdb, 0xe6, 0xdb, 0xde,
    0xdb, 0xe6, 0xdb, 0xde, 0xfc, 0xde, 0xfb, 0xe6, 0xfb, 0xe6, 0xfc, 0xde,
    0xfb, 0xde, 0xfb, 0xe6, 0xfc, 0xde, 0xfb, 0xde, 0xdb, 0xde, 0xdb, 0xd6,
    0xdb, 0xde, 0xdb, 0xd6, 0xdb, 0xd6, 0xbb, 0xde, 0xdb, 0xd6, 0xdb, 0xd6,
    0xbb, 0xde, 0xbb, 0xd6, 0xbb, 0xd6, 0xbb, 0xd6, 0xbb, 0xd6, 0xbb, 0xd6,
    0xba, 0xd6, 0x9a, 0xd6, 0xbb, 0xde, 0xba, 0xd6, 0x9b, 0xd6, 0x9a, 0xd6,
    0xbb, 0xd6, 0x9a, 0xce, 0x9a, 0xd6, 0x9b, 0xd6, 0x9a, 0xce, 0x9a, 0xce,
    0x9a, 0xd6, 0x7a, 0xce, 0x7a, 0xce, 0x79, 0xd6, 0x7a, 0xce, 0x79, 0xce,
    0x7a, 0xd6, 0x7a, 0xce, 0x79, 0xd6, 0x7a, 0xce, 0x59, 0xce, 0x59, 0xce,
    0x59, 0xce, 0x59, 0xce, 0x39, 0xc6, 0x18, 0xc6, 0x39, 0xce, 0x9a, 0xd6,
    0xf9, 0xbd, 0x9b, 0xd6, 0xf9, 0xc5, 0x73, 0x8c, 0x6b, 0x4a, 0x4b, 0x4a,
    0x0b, 0x42, 0xa9, 0x39, 0xa9, 0x39, 0xca, 0x39, 0xaa, 0x31, 0xaa, 0x31,
    0xaa, 0x31, 0xea, 0x39, 0xea, 0x39, 0xea, 0x39, 0x54, 0x84, 0x17, 0x9d,
    0xb5, 0x94, 0x36, 0xa5, 0xf5, 0x9c, 0xf5, 0x9c, 0xf5, 0xa4, 0xf4, 0xa4,
    0xf4, 0xac, 0x71, 0x9c, 0x0f, 0x94, 0xcd, 0x93, 0x8c, 0x9b, 0x8c, 0xa3,
    0x8c, 0xa3, 0x8c, 0xa3, 0xac, 0xa3, 0x6b, 0x9b, 0x09, 0x8b, 0xc8, 0x82,
    0x87, 0x7a, 0x67, 0x7a, 0x66, 0x7a, 0x66, 0x7a, 0x66, 0x7a, 0x66, 0x72,
    0x67, 0x72, 0x66, 0x72, 0x46, 0x72, 0x46, 0x6a, 0x25, 0x62, 0xe5, 0x61,
    0xe4, 0x61, 0xc4, 0x59, 0xa4, 0x59, 0xa4, 0x59, 0xa4, 0x59, 0xa4, 0x51,
    0x84, 0x51, 0x84, 0x51, 0x63, 0x49, 0x43, 0x49, 0x43, 0x49, 0x23, 0x49,
    0x43, 0x49, 0x63, 0x49, 0xa4, 0x51, 0x84, 0x51, 0x84, 0x51, 0x63, 0x49,
    0x64, 0x51, 0x63, 0x49, 0x63, 0x51, 0x63, 0x51, 0x63, 0x51, 0x64, 0x51,
    0xe6, 0x61, 0x05, 0x62, 0x05, 0x62, 0xe5, 0x61, 0x67, 0x72, 0xa7, 0x7a,
    0xc8, 0x82, 0x09, 0x8b, 0x2a, 0x93, 0x4a, 0x93, 0x4a, 0x93, 0x29, 0x9b,
    0x4a, 0xa3, 0x4a, 0xa3, 0xe9, 0x92, 0x68, 0x72, 0xaa, 0x72, 0xef, 0x93,
    0x73, 0x9c, 0xd4, 0xa4, 0x33, 0x8c, 0x93, 0x94, 0x97, 0xad, 0x3a, 0xc6,
    0x5a, 0xce, 0x39, 0xc6, 0x58, 0xce, 0x78, 0xce, 0x59, 0xce, 0x59, 0xce,
    0x59, 0xd6, 0x59, 0xd6, 0x59, 0xd6, 0x59, 0xce, 0x79, 0xce, 0x79, 0xd6,
    0x7a, 0xd6, 0x79, 0xd6, 0x7a, 0xd6, 0x99, 0xd6, 0x79, 0xd6, 0x7a, 0xd6,
    0x9a, 0xde, 0x99, 0xd6, 0x99, 0xd6, 0x9a, 0xd6, 0x9a, 0xde, 0xba, 0xde,
    0xba, 0xd6, 0x9a, 0xde, 0xbb, 0xd6, 0xba, 0xde, 0xba, 0xde, 0xba, 0xde,
    0xdb, 0xd6, 0xda, 0xd6, 0xba, 0xde, 0xdb, 0xd6, 0xdb, 0xde, 0xda, 0xde,
    0xdb, 0xd6, 0xdb, 0xde, 0xfb, 0xde, 0xdb, 0xde, 0xdb, 0xde, 0xdb, 0xde,
    0xfb, 0xde, 0xdb, 0xde, 0xfb, 0xe6, 0xfb, 0xde, 0xdb, 0xde, 0xfb, 0xde,
    0xdb, 0xe6, 0xfb, 0xde, 0xfb, 0xe6, 0xdb, 0xe6, 0xfc, 0xde, 0xfc, 0xde,
    0xfb, 0xe6, 0xfc, 0xde, 0xfc, 0xe6, 0xfb, 0xde, 0xfc, 0xe6, 0xfc, 0xe6,
    0xdb, 0xde, 0xdb, 0xde, 0xbb, 0xde, 0xdb, 0xde, 0xbb, 0xd6, 0xbb, 0xd6,
    0xdb, 0xd6, 0xbb, 0xd6, 0xdb, 0xde, 0xba, 0xd6, 0xbb, 0xd6, 0xba, 0xde,
    0xbb, 0xd6, 0xbb, 0xde, 0xbb, 0xd6, 0xbb, 0xd6, 0x9a, 0xd6, 0xbb, 0xd6,
    0xba, 0xd6, 0x9a, 0xd6, 0x9a, 0xd6, 0x9a, 0xd6, 0x9a, 0xce, 0x9a, 0xd6,
    0x9a, 0xd6, 0x9a, 0xd6, 0x9a, 0xd6, 0x7a, 0xce, 0x99, 0xce, 0x79, 0xce,
    0x79, 0xce, 0x99, 0xce, 0x79, 0xd6, 0x79, 0xce, 0x79, 0xce, 0x59, 0xce,
    0x59, 0xce, 0x59, 0xce, 0x59, 0xce, 0x38, 0xc6, 0x38, 0xc6, 0x39, 0xc6,
    0x5a, 0xce, 0x5a, 0xce, 0x39, 0xc6, 0x19, 0xbe, 0x94, 0x94, 0xed, 0x5a,
    0xe9, 0x39, 0x0b, 0x42, 0x0a, 0x42, 0x89, 0x31, 0xaa, 0x39, 0xaa, 0x31,
    0xaa, 0x31, 0xaa, 0x31, 0xa9, 0x31, 0xca, 0x39, 0x0b, 0x3a, 0xca, 0x31,
    0xb1, 0x73, 0xf7, 0x9c, 0xd6, 0x94, 0xf6, 0x9c, 0x16, 0x9d, 0x15, 0x9d,
    0xf5, 0xa4, 0xf4, 0xa4, 0xd4, 0xa4, 0x14, 0xad, 0xb2, 0xa4, 0xef, 0x9b,
    0x8c, 0x9b, 0x8c, 0xa3, 0x8c, 0xa3, 0x8c, 0x9b, 0xcc, 0xa3, 0xcc, 0xa3,
    0x6b, 0x9b, 0x09, 0x93, 0xc8, 0x8a, 0xa7, 0x82, 0x66, 0x7a, 0x45, 0x7a,
    0x45, 0x72, 0x46, 0x72, 0x87, 0x72, 0x67, 0x72, 0x67, 0x72, 0x66, 0x72,
    0x66, 0x72, 0x25, 0x6a, 0xe5, 0x61, 0xe4, 0x61, 0xe4, 0x61, 0xc4, 0x59,
    0xc5, 0x59, 0xc4, 0x59, 0xc5, 0x59, 0xa4, 0x59, 0x84, 0x51, 0x63, 0x51,
    0x63, 0x51, 0x43, 0x51, 0x43, 0x49, 0x84, 0x51, 0xa4, 0x59, 0xa4, 0x59,
    0x63, 0x51, 0x63, 0x51, 0x84, 0x51, 0x84, 0x51, 0x84, 0x51, 0x84, 0x51,
    0xa4, 0x51, 0xa4, 0x59, 0x26, 0x6a, 0x26, 0x6a, 0x26, 0x72, 0x46, 0x72,
    0x67, 0x72, 0xc8, 0x82, 0x09, 0x8b, 0x29, 0x93, 0x4a, 0x93, 0x29, 0x93,
    0x2a, 0x93, 0x29, 0x93, 0x09, 0x9b, 0x2a, 0x9b, 0xc9, 0x8a, 0x47, 0x72,
    0x2c, 0x83, 0x10, 0x9c, 0xd4, 0xac, 0x16, 0xad, 0x53, 0x8c, 0xd5, 0x9c,
    0xd5, 0x9c, 0x36, 0xa5, 0x19, 0xc6, 0x59, 0xce, 0x58, 0xc6, 0x58, 0xce,
    0x78, 0xce, 0x59, 0xce, 0x79, 0xd6, 0x79, 0xce, 0x79, 0xd6, 0x79, 0xd6,
    0x79, 0xd6, 0x79, 0xce, 0x79, 0xd6, 0x79, 0xd6, 0x7a, 0xd6, 0x9a, 0xd6,
    0x79, 0xd6, 0x79, 0xd6, 0x9a, 0xd6, 0x79, 0xd6, 0x9a, 0xd6, 0x9a, 0xd6,
    0x9a, 0xde, 0xba, 0xde, 0x9a, 0xd6, 0xba, 0xde, 0xbb, 0xde, 0xba, 0xd6,
    0xba, 0xde, 0xbb, 0xde, 0xdb, 0xde, 0xda, 0xde, 0xdb, 0xde, 0xba, 0xde,
    0xdb, 0xde, 0xdb, 0xde, 0xda, 0xde, 0xdb, 0xde, 0xfb, 0xde, 0xfb, 0xde,
    0xdb, 0xde, 0xdb, 0xde, 0xfb, 0xde, 0xdb, 0xde, 0xdb, 0xde, 0xdb, 0xde,
    0xdb, 0xde, 0xfb, 0xde, 0xdb, 0xde, 0xdb, 0xde, 0xdb, 0xde, 0xdb, 0xe6,
    0xfc, 0xe6, 0xfb, 0xde, 0xfc, 0xe6, 0xfb, 0xe6, 0xfb, 0xde, 0xfc, 0xe6,
    0xfb, 0xde, 0xfb, 0xde, 0xdb, 0xd6, 0xbb, 0xd6, 0xdb, 0xde, 0xdb, 0xde,
    0xbb, 0xd6, 0xdb, 0xde, 0xbb, 0xde, 0xbb, 0xd6, 0xbb, 0xd6, 0xbb, 0xd6,
    0xbb, 0xde, 0xba, 0xd6, 0xbb, 0xd6, 0xbb, 0xd6, 0xba, 0xd6, 0xbb, 0xd6,
    0xbb, 0xd6, 0xbb, 0xd6, 0x9a, 0xd6, 0x9a, 0xd6, 0x9b, 0xd6, 0x9a, 0xd6,
    0x9a, 0xd6, 0x9a, 0xd6, 0x9a, 0xce, 0x79, 0xd6, 0x99, 0xd6, 0x99, 0xce,
    0x9a, 0xd6, 0x79, 0xce, 0x79, 0xce, 0x79, 0xce, 0x79, 0xd6, 0x79, 0xce,
    0x79, 0xd6, 0x79, 0xce, 0x59, 0xce, 0x59, 0xce, 0x59, 0xce, 0x59, 0xc6,
    0x59, 0xce, 0x9a, 0xce, 0x5a, 0xc6, 0xd8, 0xbd, 0xbb, 0xd6, 0x93, 0x94,
    0xac, 0x52, 0x0a, 0x42, 0x2a, 0x42, 0xa9, 0x31, 0xa9, 0x31, 0xca, 0x39,
    0xaa, 0x31, 0xaa, 0x39, 0xaa, 0x31, 0xaa, 0x31, 0xaa, 0x31, 0x8a, 0x31,
    0x0b, 0x3a, 0xca, 0x31, 0xee, 0x5a, 0xd6, 0x9c, 0xf6, 0x9c, 0x16, 0x9d,
    0xf6, 0x9c, 0x16, 0x9d, 0xf5, 0x9c, 0xf5, 0xa4, 0xd4, 0x9c, 0x35, 0xad,
    0x15, 0xad, 0x51, 0x9c, 0xad, 0x93, 0x8d, 0x9b, 0x8d, 0x9b, 0x8c, 0x9b,
    0xad, 0xa3, 0xac, 0xa3, 0xac, 0xa3, 0x8b, 0xa3, 0x6a, 0x9b, 0x28, 0x9b,
    0xc7, 0x8a, 0x86, 0x82, 0x46, 0x72, 0x66, 0x7a, 0x46, 0x72, 0x67, 0x72,
    0x67, 0x72, 0x67, 0x7a, 0x66, 0x72, 0x66, 0x72, 0x46, 0x72, 0x46, 0x6a,
    0x46, 0x6a, 0x26, 0x6a, 0x26, 0x6a, 0x05, 0x6a, 0xe6, 0x61, 0xe5, 0x61,
    0xe5, 0x61, 0xe5, 0x61, 0xe5, 0x61, 0xa5, 0x59, 0x84, 0x51, 0xa4, 0x59,
    0xc5, 0x59, 0xc5, 0x59, 0x84, 0x51, 0x84, 0x51, 0x84, 0x51, 0x83, 0x51,
    0x26, 0x6a, 0x26, 0x62, 0x26, 0x6a, 0x26, 0x6a, 0x46, 0x6a, 0x46, 0x72,
    0x46, 0x72, 0x46, 0x72, 0xa7, 0x7a, 0xe9, 0x82, 0x09, 0x93, 0x4a, 0x93,
    0x2a, 0x93, 0x29, 0x93, 0x29, 0x93, 0x2a, 0x93, 0x09, 0x93, 0x09, 0x93,
    0xa8, 0x82, 0x27, 0x6a, 0xcf, 0x93, 0x92, 0xac, 0xf4, 0xac, 0x15, 0xad,
    0xb5, 0x9c, 0xd5, 0x9c, 0xd1, 0x7b, 0xb0, 0x73, 0x36, 0xa5, 0x39, 0xc6,
    0x59, 0xce, 0x58, 0xc6, 0x79, 0xce, 0x78, 0xd6, 0x79, 0xce, 0x79, 0xce,
    0x59, 0xd6, 0x79, 0xd6, 0x79, 0xd6, 0x79, 0xd6, 0x7a, 0xd6, 0x79, 0xd6,
    0x9a, 0xd6, 0x7a, 0xd6, 0x79, 0xd6, 0x7a, 0xd6, 0x9a, 0xd6, 0x9a, 0xd6,
    0x9a, 0xde, 0x9a, 0xd6, 0xba, 0xd6, 0x9a, 0xde, 0x9a, 0xd6, 0xba, 0xd6,
    0xba, 0xde, 0xba, 0xd6, 0xbb, 0xde, 0xba, 0xde, 0xda, 0xde, 0xdb, 0xde,
    0xdb, 0xd6, 0xda, 0xde, 0xdb, 0xde, 0xdb, 0xde, 0xda, 0xde, 0xda, 0xd6,
    0xfb, 0xde, 0xdb, 0xde, 0xda, 0xde, 0xdb, 0xde, 0xfb, 0xe6, 0xfb, 0xde,
    0xfb, 0xe6, 0xdb, 0xe6, 0xfb, 0xde, 0xfb, 0xe6, 0xdb, 0xe6, 0xdb, 0xde,
    0xdb, 0xde, 0xdb, 0xde, 0xfc, 0xe6, 0xfb, 0xde, 0xfc, 0xde, 0xfb, 0xe6,
    0xfc, 0xde, 0xfc, 0xe6, 0xfb, 0xde, 0xfc, 0xe6, 0xdb, 0xde, 0xdb, 0xd6,
    0xdb, 0xde, 0xbb, 0xd6, 0xdb, 0xd6, 0xbb, 0xd6, 0xbb, 0xd6, 0xba, 0xd6,
    0xbb, 0xd6, 0xbb, 0xde, 0xbb, 0xd6, 0xbb, 0xd6, 0xbb, 0xde, 0xba, 0xd6,
    0xbb, 0xde, 0xbb, 0xd6, 0xba, 0xd6, 0xbb, 0xd6, 0xbb, 0xd6, 0xbb, 0xd6,
    0xba, 0xd6, 0x9a, 0xd6, 0x9a, 0xd6, 0x9a, 0xd6, 0x9a, 0xce, 0x99, 0xd6,
    0x99, 0xd6, 0x99, 0xce, 0x99, 0xd6, 0x79, 0xce, 0x79, 0xce, 0x79, 0xce,
    0x79, 0xce, 0x79, 0xce, 0x79, 0xce, 0x79, 0xce, 0x59, 0xce, 0x59, 0xce,
    0x39, 0xc6, 0x39, 0xc6, 0x39, 0xc6, 0x5a, 0xce, 0x7a, 0xce, 0x7a, 0xc6,
    0xf5, 0x9c, 0xac, 0x52, 0xa9, 0x31, 0xc9, 0x39, 0xc9, 0x31, 0x89, 0x31,
    0xaa, 0x31, 0xca, 0x39, 0xaa, 0x31, 0xaa, 0x31, 0x8a, 0x31, 0xaa, 0x31,
    0xca, 0x31, 0x89, 0x31, 0x0b, 0x3a, 0xa9, 0x31, 0x4c, 0x4a, 0x74, 0x8c,
    0xd6, 0x9c, 0xf6, 0x9c, 0xf6, 0x9c, 0xf6, 0xa4, 0xf6, 0x9c, 0xf5, 0xa4,
    0xd4, 0x9c, 0x36, 0xad, 0x73, 0x9c, 0xf5, 0xac, 0x72, 0xa4, 0x6d, 0x8b,
    0x8d, 0x93, 0xad, 0x9b, 0xee, 0xa3, 0xcd, 0xa3, 0x8c, 0xa3, 0x4b, 0xa3,
    0x69, 0xa3, 0x49, 0xa3, 0x28, 0x9b, 0xe8, 0x8a, 0xc8, 0x8a, 0xa8, 0x82,
    0x87, 0x7a, 0x87, 0x7a, 0x87, 0x72, 0x86, 0x7a, 0x87, 0x7a, 0x67, 0x72,
    0x87, 0x72, 0x66, 0x7a, 0x67, 0x72, 0x47, 0x72, 0x46, 0x72, 0x46, 0x72,
    0x26, 0x72, 0x26, 0x6a, 0x26, 0x6a, 0x26, 0x6a, 0x26, 0x6a, 0x06, 0x6a,
    0xe5, 0x61, 0xc5, 0x59, 0xe5, 0x59, 0xe5, 0x61, 0x05, 0x62, 0xe5, 0x61,
    0xe5, 0x61, 0xe5, 0x61, 0x47, 0x72, 0x46, 0x72, 0x46, 0x6a, 0x26, 0x6a,
    0x05, 0x6a, 0x26, 0x6a, 0x46, 0x6a, 0xc8, 0x7a, 0xc8, 0x82, 0x09, 0x8b,
    0x4a, 0x93, 0x4a, 0x93, 0x29, 0x93, 0x29, 0x93, 0x29, 0x93, 0x29, 0x93,
    0x2a, 0x93, 0xe9, 0x8a, 0x47, 0x72, 0xa9, 0x72, 0xae, 0x93, 0x71, 0xa4,
    0xf4, 0xac, 0xf5, 0xa4, 0xb5, 0x9c, 0x94, 0x94, 0x70, 0x6b, 0xcd, 0x52,
    0x0e, 0x63, 0x77, 0xad, 0x9c, 0xd6, 0x1a, 0xc6, 0x59, 0xce, 0x58, 0xce,
    0x79, 0xd6, 0x79, 0xd6, 0x79, 0xce, 0x79, 0xce, 0x79, 0xd6, 0x79, 0xce,
    0x79, 0xd6, 0x79, 0xd6, 0x79, 0xd6, 0x79, 0xd6, 0x99, 0xd6, 0x99, 0xd6,
    0x9a, 0xd6, 0x99, 0xd6, 0x9a, 0xde, 0x9a, 0xd6, 0x9a, 0xd6, 0xba, 0xd6,
    0x9a, 0xd6, 0x9a, 0xd6, 0xba, 0xd6, 0xba, 0xd6, 0xba, 0xd6, 0xba, 0xd6,
    0xba, 0xde, 0xba, 0xd6, 0xba, 0xde, 0xba, 0xde, 0xba, 0xde, 0xdb, 0xde,
    0xdb, 0xde, 0xdb, 0xde, 0xdb, 0xde, 0xdb, 0xde, 0xdb, 0xde, 0xdb, 0xde,
    0xfb, 0xde, 0xdb, 0xde, 0xfb, 0xde, 0xfb, 0xde, 0xdc, 0xde, 0xdb, 0xde,
    0xfc, 0xde, 0xfb, 0xe6, 0xfc, 0xde, 0xfb, 0xde, 0xfb, 0xe6, 0xfb, 0xde,
    0xfc, 0xe6, 0xfc, 0xde, 0xfb, 0xe6, 0xfb, 0xde, 0xfc, 0xe6, 0xfb, 0xde,
    0xdb, 0xde, 0xdb, 0xde, 0xbb, 0xd6, 0xbb, 0xd6, 0xdb, 0xde, 0xbb, 0xd6,
    0xbb, 0xd6, 0xbb, 0xde, 0xba, 0xd6, 0xbb, 0xd6, 0xba, 0xd6, 0xbb, 0xd6,
    0xbb, 0xd6, 0xbb, 0xd6, 0xbb, 0xde, 0xba, 0xd6, 0x9a, 0xd6, 0xbb, 0xd6,
    0xbb, 0xd6, 0x9a, 0xd6, 0xba, 0xd6, 0x9a, 0xd6, 0x9a, 0xd6, 0x9a, 0xd6,
    0x9a, 0xd6, 0x99, 0xd6, 0x9a, 0xd6, 0x9a, 0xce, 0x99, 0xd6, 0x79, 0xce,
    0x99, 0xd6, 0x79, 0xce, 0x7a, 0xce, 0x79, 0xce, 0x79, 0xce, 0x59, 0xce,
    0xf8, 0xbd, 0x38, 0xc6, 0x5a, 0xce, 0x9a, 0xce, 0x39, 0xc6, 0x1a, 0xc6,
    0x19, 0xbe, 0xd5, 0x94, 0xcd, 0x52, 0xea, 0x39, 0xea, 0x39, 0xea, 0x39,
    0xca, 0x31, 0xca, 0x39, 0xaa, 0x31, 0xaa, 0x31, 0x89, 0x31, 0xaa, 0x31,
    0x89, 0x31, 0xaa, 0x31, 0xaa, 0x31, 0x89, 0x31, 0xea, 0x39, 0x89, 0x31,
    0x2c, 0x42, 0xd2, 0x7b, 0x95, 0x94, 0xb5, 0x94, 0xf6, 0x9c, 0xf7, 0x9c,
    0xf6, 0x9c, 0xf6, 0x9c, 0xd5, 0x9c, 0x16, 0xa5, 0xb4, 0x9c, 0xf5, 0xa4,
    0x94, 0x9c, 0xf4, 0xac, 0xaf, 0x93, 0xae, 0x93, 0x6d, 0x8b, 0x6d, 0x9b,
    0xad, 0xa3, 0xcd, 0xab, 0xab, 0xab, 0x69, 0xa3, 0x49, 0xa3, 0x29, 0x9b,
    0x29, 0x93, 0x09, 0x8b, 0xe9, 0x82, 0xc8, 0x82, 0xa7, 0x7a, 0x87, 0x7a,
    0x66, 0x72, 0x66, 0x72, 0x66, 0x7a, 0x66, 0x72, 0x67, 0x72, 0x46, 0x72,
    0x47, 0x72, 0x47, 0x72, 0x47, 0x72, 0x27, 0x6a, 0x26, 0x6a, 0x26, 0x6a,
    0x27, 0x6a, 0x26, 0x6a, 0x26, 0x6a, 0xe5, 0x61, 0x05, 0x62, 0x05, 0x62,
    0x26, 0x6a, 0x46, 0x6a, 0x46, 0x6a, 0x67, 0x72, 0x67, 0x72, 0x47, 0x72,
    0x05, 0x62, 0xc4, 0x59, 0x46, 0x72, 0x67, 0x72, 0xa8, 0x7a, 0xa8, 0x82,
    0x29, 0x8b, 0x4a, 0x93, 0x4a, 0x93, 0x29, 0x93, 0x09, 0x93, 0x09, 0x93,
    0x09, 0x93, 0x0a, 0x93, 0x0a, 0x8b, 0x88, 0x7a, 0x68, 0x72, 0x0b, 0x83,
    0x92, 0xac, 0xd3, 0xb4, 0xb3, 0xa4, 0x73, 0x9c, 0xb5, 0x9c, 0x17, 0xa5,
    0xee, 0x5a, 0xee, 0x5a, 0x6b, 0x4a, 0x6f, 0x6b, 0x17, 0xad, 0x9c, 0xd6,
    0x39, 0xce, 0x38, 0xc6, 0x17, 0xc6, 0x38, 0xce, 0x59, 0xce, 0x79, 0xd6,
    0x79, 0xd6, 0x79, 0xce, 0x79, 0xd6, 0x79, 0xd6, 0x79, 0xd6, 0x79, 0xd6,
    0x9a, 0xd6, 0x7a, 0xd6, 0x99, 0xd6, 0x9a, 0xd6, 0x9a, 0xd6, 0x9a, 0xd6,
    0x9a, 0xd6, 0xba, 0xde, 0x9a, 0xde, 0x9a, 0xde, 0xba, 0xd6, 0xba, 0xde,
    0xbb, 0xde, 0xba, 0xd6, 0xbb, 0xde, 0xbb, 0xde, 0xba, 0xde, 0xbb, 0xde,
    0xda, 0xde, 0xba, 0xde, 0xdb, 0xde, 0xdb, 0xde, 0xdb, 0xde, 0xdb, 0xde,
    0xfb, 0xde, 0xdb, 0xde, 0xdb, 0xde, 0xdb, 0xe6, 0xdb, 0xde, 0xfc, 0xde,
    0xdb, 0xe6, 0xfb, 0xde, 0xdb, 0xde, 0xfb, 0xde, 0xfc, 0xe6, 0xfc, 0xde,
    0xfb, 0xde, 0xfb, 0xe6, 0xfc, 0xde, 0xfb, 0xe6, 0xfb, 0xde, 0xfc, 0xe6,
    0xfc, 0xde, 0xfb, 0xe6, 0xdb, 0xde, 0xdb, 0xde, 0xdb, 0xde, 0xbb, 0xd6,
    0xbb, 0xd6, 0xba, 0xd6, 0xbb, 0xd6, 0xbb, 0xde, 0xbb, 0xd6, 0xbb, 0xd6,
    0xba, 0xde, 0xbb, 0xd6, 0xbb, 0xd6, 0xba, 0xd6, 0xbb, 0xd6, 0xbb, 0xde,
    0xbb, 0xd6, 0x9a, 0xd6, 0xbb, 0xd6, 0x9a, 0xd6, 0x9b, 0xd6, 0x9a, 0xd6,
    0xba, 0xd6, 0x9a, 0xd6, 0x9a, 0xce, 0x9a, 0xd6, 0x9a, 0xd6, 0x99, 0xd6,
    0x9a, 0xd6, 0x79, 0xce, 0x79, 0xce, 0x7a, 0xce, 0x7a, 0xce, 0x79, 0xce,
    0x59, 0xce, 0x7a, 0xce, 0x7a, 0xce, 0x5a, 0xce, 0x19, 0xc6, 0xf9, 0xbd,
    0x9b, 0xce, 0x5b, 0xc6, 0xf5, 0x9c, 0x2f, 0x63, 0x0a, 0x3a, 0x2b, 0x42,
    0x0b, 0x3a, 0xea, 0x39, 0xca, 0x31, 0xca, 0x31, 0xaa, 0x31, 0xaa, 0x31,
    0xaa, 0x31, 0xa9, 0x31, 0x8a, 0x31, 0x8a, 0x31, 0xaa, 0x31, 0xca, 0x31,
    0xaa, 0x31, 0xaa, 0x31, 0xea, 0x39, 0x30, 0x63, 0xd6, 0x94, 0x95, 0x94,
    0xf6, 0x9c, 0xf6, 0x9c, 0xf6, 0xa4, 0xf6, 0xa4, 0xd6, 0x9c, 0xb5, 0x9c,
    0x16, 0xa5, 0xd5, 0x9c, 0x36, 0xad, 0xf5, 0xac, 0x15, 0xb5, 0xaf, 0x93,
    0x6d, 0x8b, 0x8d, 0x93, 0xad, 0xa3, 0xed, 0xab, 0xcc, 0xab, 0x8b, 0xa3,
    0x6a, 0xa3, 0x6a, 0x9b, 0x6b, 0x9b, 0x4b, 0x93, 0x2a, 0x93, 0x09, 0x8b,
    0xe9, 0x82, 0xc8, 0x82, 0xa7, 0x7a, 0x87, 0x7a, 0x66, 0x7a, 0x67, 0x7a,
    0x67, 0x7a, 0x46, 0x72, 0x67, 0x72, 0x67, 0x72, 0x47, 0x72, 0x26, 0x72,
    0x26, 0x72, 0x26, 0x72, 0x26, 0x6a, 0x26, 0x6a, 0x26, 0x6a, 0x06, 0x6a,
    0x06, 0x6a, 0x05, 0x6a, 0x26, 0x6a, 0x26, 0x72, 0x46, 0x72, 0x46, 0x72,
    0x46, 0x6a, 0x46, 0x6a, 0x26, 0x6a, 0x25, 0x6a, 0xc8, 0x82, 0xe9, 0x82,
    0xe9, 0x8a, 0xc8, 0x82, 0x4a, 0x93, 0x4a, 0x93, 0x2a, 0x93, 0x29, 0x93,
    0x09, 0x93, 0x09, 0x93, 0x0a, 0x8b, 0x0a, 0x8b, 0xc9, 0x82, 0x26, 0x6a,
    0x69, 0x6a, 0xce, 0x93, 0x34, 0xbd, 0x35, 0xb5, 0xf5, 0xa4, 0x53, 0x94,
    0xd6, 0x9c, 0x54, 0x8c, 0x90, 0x73, 0x6c, 0x4a, 0x6c, 0x52, 0x4b, 0x4a,
    0x70, 0x6b, 0x57, 0xad, 0x19, 0xc6, 0x59, 0xce, 0x7a, 0xd6, 0x79, 0xce,
    0x59, 0xd6, 0x7a, 0xd6, 0x79, 0xce, 0x79, 0xd6, 0x7a, 0xd6, 0x79, 0xd6,
    0x79, 0xd6, 0x7a, 0xd6, 0x9a, 0xd6, 0x79, 0xd6, 0x9a, 0xd6, 0x99, 0xd6,
    0x99, 0xd6, 0x9a, 0xd6, 0x9a, 0xd6, 0xba, 0xd6, 0x9a, 0xde, 0x9a, 0xd6,
    0xba, 0xd6, 0xba, 0xde, 0xba, 0xde, 0xba, 0xd6, 0xbb, 0xde, 0xba, 0xd6,
    0xba, 0xde, 0xbb, 0xde, 0xdb, 0xde, 0xba, 0xde, 0xdb, 0xde, 0xdb, 0xde,
    0xdb, 0xde, 0xdb, 0xde, 0xdb, 0xde, 0xfb, 0xde, 0xfb, 0xde, 0xfc, 0xe6,
    0xdb, 0xde, 0xdb, 0xde, 0xdb, 0xde, 0xdb, 0xde, 0xdb, 0xde, 0xdb, 0xde,
    0xdb, 0xde, 0xdb, 0xde, 0xfc, 0xe6, 0xfb, 0xde, 0xfc, 0xe6, 0xfc, 0xde,
    0xfb, 0xe6, 0xfc, 0xde, 0xfb, 0xe6, 0xfc, 0xde, 0xbb, 0xd6, 0xdb, 0xd6,
    0xdb, 0xde, 0xbb, 0xd6, 0xbb, 0xd6, 0xba, 0xde, 0xbb, 0xd6, 0xbb, 0xd6,
    0xba, 0xd6, 0xbb, 0xde, 0xbb, 0xd6, 0xbb, 0xde, 0xba, 0xd6, 0xba, 0xd6,
    0xbb, 0xd6, 0xbb, 0xd6, 0xba, 0xd6, 0xbb, 0xd6, 0xbb, 0xd6, 0x9a, 0xd6,
    0xbb, 0xd6, 0x9a, 0xd6, 0x9a, 0xd6, 0xba, 0xd6, 0x9a, 0xce, 0x9a, 0xd6,
    0x9a, 0xd6, 0x9a, 0xce, 0x9a, 0xd6, 0x7a, 0xce, 0x7a, 0xce, 0x7a, 0xce,
    0x7a, 0xce, 0x5a, 0xce, 0x5a, 0xce, 0x59, 0xce, 0x39, 0xc6, 0x39, 0xc6,
    0x5a, 0xce, 0x7b, 0xce, 0xb9, 0xb5, 0x33, 0x84, 0x6c, 0x4a, 0x69, 0x29,
    0x4c, 0x42, 0x4c, 0x42, 0x0b, 0x3a, 0xca, 0x31, 0xca, 0x31, 0xca, 0x31,
    0xca, 0x39, 0xaa, 0x31, 0xaa, 0x31, 0xaa, 0x31, 0x8a, 0x29, 0x89, 0x29,
    0xaa, 0x31, 0x0b, 0x3a, 0x8a, 0x29, 0xca, 0x31, 0x69, 0x29, 0x8d, 0x52,
    0xb6, 0x94, 0xb6, 0x94, 0xf6, 0x9c, 0xd6, 0x9c, 0xf7, 0xa4, 0xd6, 0xa4,
    0x17, 0xa5, 0xb5, 0x94, 0x17, 0xa5, 0xd5, 0x9c, 0x57, 0xb5, 0x57, 0xb5,
    0xd5, 0xac, 0x15, 0xb5, 0x52, 0xa4, 0xcf, 0x9b, 0x8d, 0x93, 0x4c, 0x93,
    0xcd, 0xa3, 0xac, 0xa3, 0x8b, 0x9b, 0x8c, 0xa3, 0x8c, 0x9b, 0x6b, 0x9b,
    0x6b, 0x9b, 0x6b, 0x93, 0x49, 0x93, 0x09, 0x8b, 0xe8, 0x82, 0xc8, 0x82,
    0xa7, 0x7a, 0x87, 0x7a, 0x66, 0x7a, 0x67, 0x7a, 0x67, 0x7a, 0x66, 0x7a,
    0x46, 0x72, 0x47, 0x72, 0x26, 0x6a, 0x06, 0x6a, 0x06, 0x6a, 0x26, 0x6a,
    0x06, 0x6a, 0x06, 0x6a, 0x05, 0x6a, 0x26, 0x6a, 0x26, 0x6a, 0x26, 0x6a,
    0x46, 0x72, 0x46, 0x6a, 0x05, 0x6a, 0x67, 0x72, 0xc8, 0x82, 0x2a, 0x8b,
    0xa8, 0x7a, 0xc8, 0x82, 0x08, 0x8b, 0x29, 0x8b, 0x2a, 0x93, 0x29, 0x93,
    0x29, 0x93, 0x2a, 0x93, 0x09, 0x93, 0x09, 0x93, 0x09, 0x93, 0x0a, 0x8b,
    0x67, 0x72, 0x48, 0x6a, 0xeb, 0x72, 0x10, 0x94, 0xf4, 0xac, 0x35, 0xad,
    0x36, 0xad, 0x94, 0x94, 0x74, 0x8c, 0xd5, 0x94, 0xee, 0x5a, 0x8d, 0x52,
    0x8d, 0x52, 0x6c, 0x4a, 0x6c, 0x4a, 0x0e, 0x63, 0xd5, 0x9c, 0xb7, 0xbd,
    0x9b, 0xd6, 0xbb, 0xde, 0x7a, 0xd6, 0x7a, 0xce, 0x5a, 0xd6, 0x59, 0xce,
    0x7a, 0xd6, 0x79, 0xce, 0x79, 0xd6, 0x79, 0xd6, 0x79, 0xd6, 0x79, 0xd6,
    0x9a, 0xd6, 0x9a, 0xd6, 0x99, 0xd6, 0x9a, 0xd6, 0x9a, 0xde, 0xba, 0xd6,
    0x9a, 0xd6, 0x9a, 0xd6, 0xba, 0xd6, 0xba, 0xd6, 0xbb, 0xd6, 0xba, 0xde,
    0xba, 0xde, 0xdb, 0xd6, 0xba, 0xde, 0xba, 0xde, 0xdb, 0xde, 0xdb, 0xde,
    0xdb, 0xd6, 0xdb, 0xde, 0xdb, 0xde, 0xdb, 0xde, 0xdb, 0xde, 0xdb, 0xde,
    0xfb, 0xde, 0xdb, 0xde, 0xdb, 0xde, 0xdb, 0xde, 0xfb, 0xde, 0xdb, 0xde,
    0xdb, 0xde, 0xdb, 0xde, 0xfb, 0xe6, 0xdb, 0xde, 0xfc, 0xde, 0xfb, 0xe6,
    0xfb, 0xde, 0xfc, 0xe6, 0xfb, 0xde, 0xfb, 0xe6, 0xfc, 0xde, 0xfb, 0xe6,
    0xdb, 0xde, 0xdb, 0xde, 0xdb, 0xde, 0xdb, 0xde, 0xbb, 0xd6, 0xbb, 0xd6,
    0xbb, 0xde, 0xba, 0xd6, 0xdb, 0xde, 0xbb, 0xd6, 0xdb, 0xd6, 0xbb, 0xd6,
    0xbb, 0xd6, 0xbb, 0xd6, 0x9a, 0xd6, 0xbb, 0xd6, 0x9a, 0xd6, 0xbb, 0xde,
    0xbb, 0xd6, 0x9a, 0xd6, 0xbb, 0xd6, 0x9b, 0xd6, 0x9a, 0xd6, 0xbb, 0xd6,
    0xbb, 0xd6, 0x9a, 0xd6, 0x39, 0xc6, 0x39, 0xc6, 0x39, 0xc6, 0x5a, 0xce,
    0x7b, 0xd6, 0x9b, 0xd6, 0x19, 0xc6, 0x1a, 0xce, 0x3a, 0xce, 0x5b, 0xce,
    0x7b, 0xce, 0x57, 0xad, 0x32, 0x84, 0x90, 0x6b, 0xef, 0x5a, 0xce, 0x5a,
    0x8e, 0x52, 0x6d, 0x4a, 0x4c, 0x42, 0x0b, 0x3a, 0xeb, 0x39, 0xca, 0x31,
    0xab, 0x31, 0xcb, 0x39, 0xaa, 0x31, 0xaa, 0x31, 0xaa, 0x31, 0xaa, 0x31,
    0xaa, 0x29, 0xaa, 0x29, 0xaa, 0x31, 0x0c, 0x42, 0x8a, 0x31, 0xeb, 0x39,
    0x49, 0x29, 0xeb, 0x39, 0x14, 0x84, 0xd6, 0x9c, 0xf7, 0xa4, 0xb6, 0x9c,
    0x78, 0xad, 0xf6, 0x9c, 0xf6, 0xa4, 0xd6, 0x9c, 0x17, 0xa5, 0xf6, 0xa4,
    0x16, 0xa5, 0xf6, 0xa4, 0x36, 0xad, 0xf5, 0xac, 0xd4, 0xac, 0x52, 0xa4,
    0xef, 0x9b, 0x8e, 0x93, 0x6c, 0x93, 0x8d, 0x9b, 0x8c, 0x93, 0x8c, 0x9b,
    0xea, 0x82, 0x4b, 0x93, 0x8b, 0x9b, 0x6b, 0x9b, 0x4a, 0x93, 0x29, 0x8b,
    0x29, 0x8b, 0x08, 0x8b, 0xc8, 0x82, 0xa7, 0x82, 0xa7, 0x82, 0xa7, 0x7a,
    0x87, 0x7a, 0x87, 0x7a, 0x67, 0x72, 0x67, 0x72, 0x46, 0x72, 0x46, 0x72,
    0x26, 0x72, 0x26, 0x72, 0x26, 0x6a, 0x26, 0x6a, 0x26, 0x6a, 0x46, 0x72,
    0x46, 0x72, 0x47, 0x72, 0x67, 0x72, 0x87, 0x72, 0x87, 0x7a, 0x87, 0x7a,
    0xa8, 0x7a, 0xa8, 0x82, 0xc8, 0x82, 0xc8, 0x82, 0xc8, 0x82, 0xa7, 0x7a,
    0x29, 0x93, 0x29, 0x93, 0x29, 0x93, 0x29, 0x93, 0xe9, 0x8a, 0x6b, 0x9b,
    0x6b, 0x9b, 0x09, 0x83, 0xe6, 0x61, 0xaa, 0x72, 0xcf, 0x93, 0xd3, 0xac,
    0x56, 0xb5, 0x36, 0xad, 0x16, 0xa5, 0xd6, 0x9c, 0xf7, 0x9c, 0x74, 0x8c,
    0x6d, 0x4a, 0xea, 0x39, 0x4b, 0x42, 0x8d, 0x52, 0x6c, 0x52, 0x6c, 0x4a,
    0x0e, 0x63, 0x52, 0x8c, 0x97, 0xb5, 0x9b, 0xd6, 0x7a, 0xd6, 0x5a, 0xce,
    0x39, 0xc6, 0x39, 0xce, 0x59, 0xce, 0x7a, 0xd6, 0x7a, 0xce, 0x7a, 0xce,
    0x79, 0xd6, 0x79, 0xd6, 0x7a, 0xd6, 0x79, 0xd6, 0x7a, 0xd6, 0x7a, 0xd6,
    0x9a, 0xd6, 0x9a, 0xd6, 0x9a, 0xd6, 0x9a, 0xde, 0x9a, 0xd6, 0x9b, 0xd6,
    0xbb, 0xd6, 0xba, 0xd6, 0xbb, 0xde, 0xbb, 0xd6, 0xba, 0xde, 0xbb, 0xde,
    0xbb, 0xde, 0xbb, 0xde, 0xbb, 0xde, 0xbb, 0xde, 0xdb, 0xde, 0xfb, 0xde,
    0xdb, 0xde, 0xdb, 0xde, 0xfc, 0xe6, 0xfb, 0xde, 0xdb, 0xde, 0xdb, 0xde,
    0xdc, 0xde, 0xfb, 0xe6, 0xdb, 0xde, 0xdc, 0xde, 0xfb, 0xe6, 0xfb, 0xde,
    0xfc, 0xde, 0xfb, 0xe6, 0xfc, 0xde, 0xfc, 0xde, 0xfb, 0xe6, 0xfc, 0xde,
    0xfc, 0xe6, 0xfb, 0xde, 0xdb, 0xde, 0xbb, 0xd6, 0xdb, 0xde, 0xdb, 0xde,
    0xbb, 0xd6, 0xbb, 0xd6, 0xbb, 0xd6, 0xbb, 0xd6, 0xbb, 0xde, 0xdb, 0xd6,
    0xbb, 0xde, 0xba, 0xd6, 0xbb, 0xd6, 0x9a, 0xd6, 0x9a, 0xd6, 0x9b, 0xd6,
    0xbb, 0xd6, 0xba, 0xd6, 0xbb, 0xd6, 0x9a, 0xd6, 0xbb, 0xd6, 0x9b, 0xd6,
    0x9a, 0xd6, 0x9b, 0xd6, 0xbb, 0xd6, 0x7b, 0xd6, 0x3a, 0xce, 0x19, 0xc6,
    0x9c, 0xd6, 0x7b, 0xce, 0x3b, 0xce, 0x1a, 0xc6, 0x9c, 0xd6, 0xf9, 0xbd,
    0xd5, 0x9c, 0x33, 0x84, 0x6c, 0x52, 0x6c, 0x4a, 0x8d, 0x4a, 0xef, 0x5a,
    0xce, 0x5a, 0x6d, 0x4a, 0xec, 0x39, 0xab, 0x31, 0xec, 0x39, 0xeb, 0x31,
    0xeb, 0x39, 0xcb, 0x31, 0xab, 0x31, 0xcb, 0x31, 0xab, 0x31, 0xab, 0x31,
    0xaa, 0x31, 0x8a, 0x31, 0xaa, 0x31, 0xaa, 0x31, 0xab, 0x31, 0xeb, 0x39,
    0xaa, 0x31, 0xeb, 0x39, 0x69, 0x29, 0xaa, 0x39, 0x30, 0x6b, 0x95, 0x94,
    0xd6, 0x9c, 0xb6, 0x9c, 0x16, 0xa5, 0xf6, 0x9c, 0xf6, 0x9c, 0x17, 0xa5,
    0x17, 0xa5, 0x17, 0xa5, 0xf6, 0x9c, 0x78, 0xad, 0xb5, 0x9c, 0x36, 0xad,
    0x15, 0xb5, 0xd4, 0xac, 0x52, 0xa4, 0xf0, 0x93, 0xcf, 0x93, 0xce, 0x93,
    0x8e, 0x93, 0x8d, 0x93, 0x4b, 0x8b, 0x4b, 0x93, 0x6b, 0x93, 0x6a, 0x93,
    0x4a, 0x93, 0x29, 0x93, 0x29, 0x8b, 0x09, 0x8b, 0xe8, 0x8a, 0xa8, 0x82,
    0xa8, 0x82, 0xa7, 0x82, 0x87, 0x7a, 0x87, 0x7a, 0x87, 0x7a, 0x87, 0x7a,
    0x88, 0x7a, 0x88, 0x7a, 0x88, 0x7a, 0x88, 0x7a, 0x67, 0x7a, 0x88, 0x7a,
    0x87, 0x7a, 0x87, 0x7a, 0x87, 0x7a, 0x87, 0x7a, 0xa8, 0x7a, 0xa7, 0x7a,
    0xa8, 0x82, 0xa8, 0x82, 0xa8, 0x82, 0x87, 0x7a, 0x87, 0x7a, 0xa8, 0x82,
    0xe8, 0x8a, 0x09, 0x8b, 0x29, 0x93, 0x29, 0x93, 0x29, 0x93, 0x29, 0x93,
    0x6a, 0x9b, 0x4a, 0x9b, 0xe9, 0x8a, 0x88, 0x7a, 0x48, 0x62, 0x6d, 0x83,
    0x72, 0x9c, 0xd4, 0xa4, 0x36, 0xad, 0x16, 0xa5, 0xd5, 0x9c, 0xb5, 0x94,
    0xb6, 0x94, 0xd6, 0x9c, 0xeb, 0x39, 0x0b, 0x42, 0x6c, 0x4a, 0x2b, 0x42,
    0x2b, 0x42, 0x8d, 0x52, 0xcd, 0x5a, 0xad, 0x5a, 0xb0, 0x7b, 0x36, 0xa5,
    0x3a, 0xce, 0x5b, 0xce, 0x9b, 0xd6, 0x5a, 0xce, 0x59, 0xce, 0x5a, 0xce,
    0x7a, 0xd6, 0x79, 0xd6, 0x79, 0xd6, 0x79, 0xd6, 0x7a, 0xd6, 0x99, 0xd6,
    0x7a, 0xd6, 0x7a, 0xd6, 0x9a, 0xd6, 0x9a, 0xd6, 0x9a, 0xd6, 0x9a, 0xd6,
    0xba, 0xd6, 0x9a, 0xd6, 0xba, 0xde, 0xba, 0xd6, 0xbb, 0xd6, 0xba, 0xde,
    0xba, 0xde, 0xbb, 0xd6, 0xbb, 0xde, 0xba, 0xde, 0xdb, 0xde, 0xdb, 0xde,
    0xdb, 0xde, 0xdb, 0xde, 0xdb, 0xde, 0xdb, 0xde, 0xfc, 0xde, 0xdb, 0xe6,
    0xdb, 0xde, 0xdb, 0xde, 0xdb, 0xde, 0xdb, 0xde, 0xfb, 0xde, 0xdb, 0xde,
    0xdc, 0xde, 0xdb, 0xde, 0xfb, 0xe6, 0xfb, 0xde, 0xfc, 0xe6, 0xfb, 0xe6,
    0xfb, 0xde, 0xfc, 0xe6, 0xfb, 0xde, 0xfc, 0xe6, 0xdb, 0xd6, 0xdb, 0xde,
    0xbb, 0xd6, 0xdb, 0xde, 0xdb, 0xd6, 0xbb, 0xde, 0xda, 0xd6, 0xda, 0xd6,
    0xba, 0xde, 0xdb, 0xd6, 0xba, 0xde, 0xba, 0xd6, 0xba, 0xd6, 0xba, 0xd6,
    0x9a, 0xd6, 0xba, 0xd6, 0xba, 0xd6, 0xba, 0xd6, 0xba, 0xd6, 0xbb, 0xd6,
    0x9b, 0xd6, 0x9a, 0xd6, 0x9b, 0xce, 0x9b, 0xce, 0x19, 0xc6, 0x5a, 0xc6,
    0x9b, 0xce, 0xbc, 0xd6, 0x7c, 0xd6, 0x1a, 0xc6, 0x78, 0xad, 0x16, 0xa5,
    0x50, 0x6b, 0x0e, 0x63, 0x6c, 0x52, 0x2b, 0x42, 0x0b, 0x42, 0x2b, 0x42,
    0x4c, 0x42, 0x6d, 0x4a, 0xcb, 0x39, 0xec, 0x39, 0x0c, 0x3a, 0x2d, 0x42,
    0xec, 0x39, 0xeb, 0x39, 0xab, 0x31, 0xab, 0x31, 0xcb, 0x31, 0xcb, 0x31,
    0xcb, 0x31, 0xab, 0x31, 0xab, 0x31, 0xab, 0x31, 0xaa, 0x31, 0xab, 0x31,
    0xcb, 0x31, 0xab, 0x31, 0xeb, 0x39, 0xcb, 0x31, 0x89, 0x31, 0xaa, 0x31,
    0x4c, 0x4a, 0x34, 0x84, 0x75, 0x8c, 0xd6, 0x9c, 0x95, 0x8c, 0xd6, 0x9c,
    0xf6, 0x9c, 0xf6, 0x9c, 0x17, 0x9d, 0x17, 0xa5, 0x38, 0xa5, 0xd6, 0x9c,
    0x78, 0xad, 0xf6, 0xa4, 0x16, 0xad, 0x15, 0xad, 0xd4, 0xac, 0x72, 0x9c,
    0x52, 0x9c, 0x31, 0x9c, 0xcf, 0x8b, 0x8d, 0x8b, 0x6c, 0x93, 0x6b, 0x93,
    0x4a, 0x93, 0x2a, 0x93, 0x29, 0x93, 0x29, 0x93, 0x09, 0x93, 0xe9, 0x8a,
    0xe8, 0x8a, 0xc8, 0x82, 0xa7, 0x82, 0xa7, 0x82, 0xa7, 0x82, 0x87, 0x7a,
    0xa8, 0x82, 0x88, 0x82, 0x88, 0x82, 0xa8, 0x82, 0xa8, 0x82, 0xa8, 0x82,
    0xa8, 0x82, 0xa8, 0x82, 0xa8, 0x82, 0xa8, 0x82, 0xa8, 0x82, 0xa8, 0x82,
    0xa8, 0x82, 0xa8, 0x82, 0xa8, 0x82, 0xa8, 0x82, 0xa8, 0x82, 0xc8, 0x82,
    0xe9, 0x8a, 0xe8, 0x8a, 0xa7, 0x82, 0x67, 0x7a, 0x2a, 0x93, 0x29, 0x93,
    0x2a, 0x93, 0x2a, 0x93, 0x6a, 0x9b, 0xe8, 0x8a, 0x87, 0x82, 0x88, 0x7a,
    0x6d, 0x8b, 0x71, 0x9c, 0xf4, 0xa4, 0x16, 0xa5, 0xf6, 0xa4, 0xd6, 0x9c,
    0xb5, 0x94, 0x95, 0x8c, 0x17, 0x9d, 0x34, 0x84, 0xad, 0x4a, 0xea, 0x39,
    0x2b, 0x42, 0x4c, 0x42, 0x2b, 0x42, 0x6c, 0x4a, 0xcd, 0x52, 0x4c, 0x4a,
    0x8c, 0x52, 0x91, 0x73, 0xd5, 0x9c, 0x98, 0xb5, 0x3a, 0xc6, 0x9b, 0xd6,
    0x5a, 0xce, 0x5a, 0xce, 0x79, 0xd6, 0x79, 0xce, 0x79, 0xce, 0x7a, 0xce,
    0x99, 0xd6, 0x9a, 0xd6, 0x99, 0xd6, 0x79, 0xd6, 0x9a, 0xd6, 0x9a, 0xd6,
    0x9a, 0xd6, 0x9a, 0xd6, 0xba, 0xd6, 0xba, 0xd6, 0xbb, 0xde, 0xba, 0xd6,
    0xbb, 0xd6, 0xbb, 0xde, 0xba, 0xd6, 0xba, 0xd6, 0xdb, 0xde, 0xbb, 0xde,
    0xda, 0xd6, 0xdb, 0xde, 0xdb, 0xde, 0xdb, 0xde, 0xdb, 0xde, 0xdb, 0xde,
    0xfb, 0xde, 0xfc, 0xde, 0xdb, 0xde, 0xfb, 0xde, 0xdb, 0xde, 0xdb, 0xde,
    0xdb, 0xde, 0xfb, 0xde, 0xfb, 0xe6, 0xdb, 0xde, 0xfc, 0xde, 0xfb, 0xde,
    0xfc, 0xe6, 0xfc, 0xde, 0xfb, 0xe6, 0xfc, 0xde, 0xfb, 0xe6, 0xfb, 0xde,
    0xdb, 0xde, 0xdb, 0xde, 0xdb, 0xd6, 0xdb, 0xde, 0xbb, 0xd6, 0xbb, 0xde,
    0xda, 0xd6, 0xbb, 0xde, 0xba, 0xd6, 0xbb, 0xd6, 0xbb, 0xd6, 0xba, 0xd6,
    0xbb, 0xd6, 0xba, 0xd6, 0x9a, 0xd6, 0xba, 0xd6, 0xbb, 0xd6, 0xba, 0xd6,
    0xba, 0xd6, 0xbb, 0xd6, 0x9b, 0xd6, 0x9b, 0xd6, 0xbb, 0xce, 0x9b, 0xd6,
    0x1d, 0xdf, 0x9c, 0xd6, 0x3a, 0xc6, 0xd9, 0xb5, 0x74, 0x8c, 0xd2, 0x7b,
    0xee, 0x5a, 0x4c, 0x4a, 0x4c, 0x4a, 0x4c, 0x42, 0x2c, 0x42, 0x0b, 0x3a,
    0xeb, 0x39, 0xeb, 0x39, 0x0c, 0x3a, 0x0c, 0x3a, 0x0c, 0x3a, 0xec, 0x39,
    0xec, 0x39, 0xec, 0x39, 0xcb, 0x39, 0xcb, 0x31, 0xab, 0x31, 0xcb, 0x31,
    0xcb, 0x31, 0xcb, 0x31, 0xcb, 0x31, 0xcb, 0x31, 0xaa, 0x31, 0xaa, 0x31,
    0xab, 0x29, 0xcb, 0x31, 0xcb, 0x31, 0x8a, 0x29, 0x0c, 0x3a, 0xaa, 0x31,
    0x8a, 0x29, 0xab, 0x31, 0xeb, 0x39, 0x92, 0x73, 0x54, 0x84, 0xd7, 0x9c,
    0x34, 0x84, 0xb6, 0x94, 0xf7, 0xa4, 0xf7, 0x9c, 0xf6, 0x9c, 0xf7, 0x9c,
    0x17, 0xa5, 0x58, 0xa5, 0xf6, 0x9c, 0x17, 0xa5, 0x16, 0xa5, 0x16, 0xad,
    0x16, 0xad, 0xf5, 0xa4, 0xb5, 0xa4, 0x53, 0x9c, 0xf0, 0x8b, 0x8d, 0x83,
    0xce, 0x93, 0x8c, 0x93, 0x4a, 0x8b, 0x09, 0x8b, 0x09, 0x93, 0x0a, 0x93,
    0x09, 0x93, 0x09, 0x8b, 0xe8, 0x8a, 0xe8, 0x8a, 0xc8, 0x82, 0xa7, 0x82,
    0xa7, 0x7a, 0x87, 0x7a, 0x87, 0x82, 0x87, 0x82, 0x87, 0x82, 0x87, 0x82,
    0x88, 0x82, 0x88, 0x82, 0x67, 0x7a, 0x67, 0x7a, 0xa8, 0x7a, 0xa8, 0x82,
    0xa8, 0x7a, 0xa8, 0x82, 0x88, 0x82, 0xa7, 0x82, 0xa8, 0x82, 0xa8, 0x7a,
    0xa8, 0x82, 0xa7, 0x82, 0x88, 0x82, 0xc8, 0x82, 0xc8, 0x82, 0xe9, 0x8a,
    0x09, 0x8b, 0x2a, 0x93, 0x0a, 0x8b, 0x2a, 0x93, 0xe9, 0x8a, 0x87, 0x7a,
    0x88, 0x7a, 0x0a, 0x83, 0xd3, 0xac, 0x36, 0xb5, 0x77, 0xb5, 0x36, 0xad,
    0xd5, 0x9c, 0x95, 0x8c, 0x94, 0x8c, 0x75, 0x8c, 0xf7, 0x94, 0xb6, 0x94,
    0x2c, 0x42, 0x0b, 0x3a, 0xa9, 0x29, 0x4c, 0x42, 0x8d, 0x52, 0x2c, 0x42,
    0x4c, 0x42, 0xef, 0x5a, 0xce, 0x5a, 0x8d, 0x52, 0x2f, 0x63, 0x13, 0x84,
    0x37, 0xa5, 0x5b, 0xce, 0x5a, 0xce, 0x7a, 0xce, 0x7a, 0xd6, 0x7a, 0xce,
    0x79, 0xd6, 0x79, 0xce, 0x99, 0xd6, 0x99, 0xd6, 0x9a, 0xd6, 0xba, 0xd6,
    0xba, 0xd6, 0xba, 0xd6, 0xba, 0xde, 0x9a, 0xd6, 0x9a, 0xd6, 0x9a, 0xd6,
    0xbb, 0xd6, 0xba, 0xde, 0xba, 0xd6, 0xbb, 0xd6, 0xbb, 0xde, 0xba, 0xd6,
    0xbb, 0xde, 0xdb, 0xde, 0xba, 0xd6, 0xbb, 0xde, 0xdb, 0xde, 0xdb, 0xde,
    0xdb, 0xde, 0xdb, 0xde, 0xdb, 0xde, 0xdb, 0xde, 0xdb, 0xe6, 0xdb, 0xde,
    0xfc, 0xde, 0xdb, 0xe6, 0xdb, 0xde, 0xdb, 0xde, 0xfc, 0xe6, 0xdb, 0xde,
    0xdb, 0xde, 0xdb, 0xde, 0xfc, 0xe6, 0xfb, 0xde, 0xfc, 0xde, 0xfc, 0xe6,
    0xfb, 0xde, 0xfc, 0xe6, 0xbb, 0xde, 0xdb, 0xd6, 0xdb, 0xde, 0xdb, 0xde,
    0xba, 0xd6, 0xdb, 0xd6, 0xdb, 0xde, 0xba, 0xd6, 0xba, 0xd6, 0xba, 0xd6,
    0xba, 0xd6, 0xba, 0xd6, 0xba, 0xd6, 0xbb, 0xd6, 0xbb, 0xd6, 0xbb, 0xd6,
    0xdb, 0xde, 0x7a, 0xce, 0x79, 0xce, 0xdb, 0xd6, 0x9a, 0xce, 0xbb, 0xd6,
    0x9b, 0xce, 0x7b, 0xce, 0x9c, 0xce, 0x57, 0xa5, 0xf2, 0x7b, 0xee, 0x5a,
    0xad, 0x52, 0x8d, 0x4a, 0x4c, 0x42, 0x2c, 0x3a, 0x0b, 0x3a, 0xeb, 0x39,
    0x0b, 0x32, 0x0b, 0x3a, 0x0c, 0x3a, 0x0c, 0x3a, 0x0c, 0x42, 0x0c, 0x3a,
    0x0d, 0x3a, 0x0c, 0x3a, 0x0c, 0x3a, 0xec, 0x39, 0xec, 0x39, 0xcc, 0x31,
    0xcc, 0x31, 0xec, 0x39, 0xec, 0x31, 0xcb, 0x31, 0xcb, 0x31, 0xcb, 0x31,
    0xcb, 0x31, 0xab, 0x29, 0xcb, 0x31, 0xcb, 0x31, 0xab, 0x31, 0xaa, 0x31,
    0xcb, 0x31, 0xcb, 0x31, 0xab, 0x31, 0xab, 0x31, 0xab, 0x31, 0xcf, 0x52,
    0x14, 0x84, 0xd7, 0x94, 0xb6, 0x94, 0x96, 0x94, 0xf7, 0x9c, 0xf7, 0x9c,
    0xf6, 0x9c, 0xf7, 0x9c, 0x17, 0x9d, 0xf6, 0x94, 0x37, 0xa5, 0x16, 0xa5,
    0x16, 0xa5, 0x16, 0xa5, 0x16, 0xa5, 0xf6, 0xa4, 0x37, 0xb5, 0x74, 0x9c,
    0xf5, 0xac, 0xef, 0x8b, 0x50, 0x94, 0xcc, 0x83, 0xeb, 0x8b, 0xab, 0x8b,
    0x6b, 0x9b, 0x8c, 0xa3, 0x4a, 0x9b, 0x6b, 0x9b, 0x4a, 0x9b, 0xe8, 0x8a,
    0x08, 0x8b, 0xc7, 0x82, 0x87, 0x82, 0xa8, 0x82, 0x88, 0x82, 0x87, 0x82,
    0x88, 0x82, 0x88, 0x82, 0x88, 0x82, 0x67, 0x7a, 0x67, 0x7a, 0x67, 0x7a,
    0x88, 0x7a, 0x88, 0x82, 0x87, 0x7a, 0x88, 0x82, 0x88, 0x82, 0xa8, 0x82,
    0xa8, 0x82, 0xa8, 0x82, 0xa8, 0x82, 0xc9, 0x8a, 0xc9, 0x8a, 0xe9, 0x8a,
    0x0a, 0x93, 0x2a, 0x93, 0x8b, 0x9b, 0xe9, 0x8a, 0xa8, 0x82, 0xc9, 0x82,
    0xca, 0x7a, 0xca, 0x72, 0x6c, 0x83, 0x51, 0x9c, 0xd5, 0xac, 0x37, 0xad,
    0x37, 0xad, 0x16, 0xa5, 0xb5, 0x94, 0x74, 0x84, 0x54, 0x84, 0x95, 0x8c,
    0x58, 0xa5, 0xd6, 0x94, 0x0f, 0x5b, 0x0b, 0x32, 0x0b, 0x3a, 0x2c, 0x3a,
    0x0b, 0x3a, 0x2b, 0x3a, 0x4c, 0x42, 0x4c, 0x42, 0x4c, 0x42, 0x4c, 0x4a,
    0x6d, 0x52, 0xae, 0x52, 0x50, 0x6b, 0x33, 0x8c, 0x98, 0xb5, 0x19, 0xc6,
    0xbb, 0xd6, 0xbb, 0xd6, 0x59, 0xce, 0x79, 0xd6, 0x9a, 0xd6, 0xba, 0xde,
    0xba, 0xd6, 0x9a, 0xd6, 0xba, 0xde, 0x9a, 0xd6, 0x9a, 0xd6, 0x9b, 0xd6,
    0x9a, 0xd6, 0x9a, 0xd6, 0x9b, 0xd6, 0x9b, 0xd6, 0xba, 0xd6, 0xbb, 0xd6,
    0xbb, 0xd6, 0xba, 0xd6, 0xbb, 0xd6, 0xbb, 0xd6, 0xba, 0xde, 0xbb, 0xd6,
    0xdb, 0xde, 0xdb, 0xde, 0xbb, 0xde, 0xdb, 0xde, 0xdb, 0xde, 0xdb, 0xde,
    0xdb, 0xde, 0xdb, 0xde, 0xdb, 0xde, 0xdb, 0xde, 0xdb, 0xde, 0xdb, 0xde,
    0xdb, 0xde, 0xdb, 0xde, 0xfb, 0xde, 0xdb, 0xe6, 0xdb, 0xde, 0xdb, 0xde,
    0xdb, 0xde, 0xdb, 0xde, 0xdb, 0xde, 0xdb, 0xde, 0xdb, 0xd6, 0xbb, 0xde,
    0xdb, 0xde, 0xdb, 0xd6, 0xba, 0xd6, 0xbb, 0xd6, 0xdb, 0xde, 0xba, 0xd6,
    0xba, 0xd6, 0xba, 0xd6, 0xba, 0xd6, 0xba, 0xd6, 0xba, 0xd6, 0xbb, 0xd6,
    0xba, 0xd6, 0xbb, 0xd6, 0xbb, 0xd6, 0x7a, 0xce, 0x5a, 0xc6, 0x7a, 0xce,
    0xbb, 0xd6, 0xdc, 0xd6, 0x3a, 0xbe, 0x36, 0xa5, 0x70, 0x6b, 0xee, 0x5a,
    0x8d, 0x4a, 0xce, 0x52, 0x6d, 0x4a, 0x4d, 0x42, 0x2c, 0x3a, 0x0b, 0x3a,
    0xeb, 0x31, 0xeb, 0x31, 0x0b, 0x3a, 0x0c, 0x3a, 0x0c, 0x3a, 0x0c, 0x3a,
    0x2c, 0x3a, 0x0d, 0x3a, 0x0d, 0x3a, 0x0c, 0x3a, 0x0d, 0x3a, 0xed, 0x39,
    0xec, 0x39, 0xec, 0x39, 0xec, 0x39, 0xcc, 0x39, 0xec, 0x31, 0xeb, 0x31,
    0xcb, 0x31, 0xcb, 0x31, 0xcb, 0x31, 0xab, 0x31, 0xaa, 0x29, 0xab, 0x31,
    0xab, 0x31, 0xab, 0x31, 0xcb, 0x31, 0xcc, 0x39, 0x0c, 0x3a, 0xcb, 0x31,
    0x8a, 0x31, 0xcb, 0x31, 0xb3, 0x73, 0x75, 0x8c, 0xb7, 0x94, 0xb6, 0x94,
    0xd7, 0x94, 0xf7, 0x94, 0xf7, 0x9c, 0xf6, 0x94, 0xf6, 0x94, 0x58, 0xa5,
    0xb5, 0x94, 0x37, 0xa5, 0x16, 0xa5, 0xf6, 0xa4, 0xf6, 0xa4, 0xf6, 0xa4,
    0xf6, 0xa4, 0x33, 0x8c, 0xd5, 0xa4, 0x35, 0xad, 0xcd, 0x7b, 0xd1, 0xa4,
    0x4d, 0x8c, 0x4e, 0x9c, 0x0e, 0xac, 0x6c, 0x9b, 0x2e, 0xb4, 0xac, 0xa3,
    0x2a, 0x93, 0x8b, 0xa3, 0xa7, 0x82, 0xe8, 0x8a, 0xa7, 0x82, 0x87, 0x7a,
    0x88, 0x7a, 0x87, 0x7a, 0x67, 0x7a, 0x67, 0x7a, 0x67, 0x7a, 0x88, 0x82,
    0xa8, 0x82, 0xa8, 0x82, 0x67, 0x82, 0x67, 0x7a, 0x67, 0x7a, 0x67, 0x7a,
    0x67, 0x7a, 0x47, 0x7a, 0x67, 0x7a, 0x88, 0x7a, 0xa8, 0x82, 0xc9, 0x8a,
    0x0a, 0x93, 0x2a, 0x93, 0x2a, 0x9b, 0x0a, 0x93, 0xc8, 0x82, 0x2a, 0x8b,
    0x4b, 0x8b, 0xea, 0x82, 0xea, 0x72, 0x4d, 0x7b, 0x10, 0x94, 0xf5, 0xac,
    0x16, 0xad, 0x38, 0xad, 0x17, 0xa5, 0xd6, 0x94, 0x96, 0x94, 0x54, 0x84,
    0x54, 0x84, 0xb6, 0x8c, 0xf6, 0x94, 0x38, 0xa5, 0x33, 0x7c, 0xea, 0x31,
    0x0b, 0x3a, 0x2c, 0x3a, 0x2c, 0x3a, 0x2c, 0x42, 0x4c, 0x42, 0x4c, 0x42,
    0x4c, 0x42, 0x6d, 0x4a, 0x6d, 0x4a, 0x8e, 0x52, 0xae, 0x52, 0xce, 0x5a,
    0x70, 0x6b, 0x53, 0x8c, 0x36, 0xa5, 0xd7, 0xbd, 0xba, 0xd6, 0xba, 0xd6,
    0xba, 0xd6, 0x79, 0xd6, 0x79, 0xce, 0x7a, 0xce, 0x7a, 0xd6, 0x7a, 0xd6,
    0x7a, 0xd6, 0x9a, 0xd6, 0x9a, 0xd6, 0x9a, 0xd6, 0xbb, 0xd6, 0x9a, 0xd6,
    0xbb, 0xd6, 0xbb, 0xd6, 0xba, 0xd6, 0xbb, 0xd6, 0xbb, 0xd6, 0xbb, 0xd6,
    0xba, 0xde, 0xba, 0xd6, 0xbb, 0xde, 0xba, 0xde, 0xbb, 0xd6, 0xbb, 0xde,
    0xdb, 0xde, 0xdb, 0xde, 0xdb, 0xde, 0xdb, 0xde, 0xdb, 0xde, 0xfb, 0xde,
    0xdb, 0xde, 0xfc, 0xde, 0xdb, 0xde, 0xdb, 0xde, 0xfb, 0xde, 0xdb, 0xde,
    0xdb, 0xde, 0xdb, 0xde, 0xdb, 0xde, 0xdb, 0xde, 0xdb, 0xde, 0xdb, 0xde,
    0xdb, 0xde, 0xdb, 0xde, 0xdb, 0xd6, 0xdb, 0xde, 0xbb, 0xd6, 0xbb, 0xde,
    0xdb, 0xd6, 0xdb, 0xd6, 0xba, 0xd6, 0xba, 0xd6, 0xbb, 0xd6, 0xba, 0xd6,
    0xbb, 0xd6, 0xba, 0xd6, 0xbb, 0xce, 0xbb, 0xd6, 0x18, 0xbe, 0x5a, 0xc6,
    0x7b, 0xce, 0x7b, 0xc6, 0x3a, 0xc6, 0x77, 0xa5, 0x12, 0x7c, 0xee, 0x5a,
    0x8d, 0x4a, 0x6d, 0x42, 0x0c, 0x3a, 0x0c, 0x3a, 0x2c, 0x3a, 0x2d, 0x3a,
    0x0c, 0x3a, 0xeb, 0x31, 0xec, 0x31, 0xeb, 0x31, 0x0c, 0x3a, 0x0c, 0x32,
    0x0c, 0x3a, 0x0d, 0x3a, 0x2d, 0x3a, 0x0d, 0x3a, 0x0d, 0x3a, 0x0c, 0x3a,
    0x0c, 0x3a, 0xec, 0x39, 0xec, 0x39, 0xec, 0x39, 0xcc, 0x31, 0xcc, 0x39,
    0xeb, 0x31, 0xeb, 0x39, 0xcb, 0x31, 0xcb, 0x31, 0xcb, 0x31, 0xcb, 0x31,
    0xcb, 0x31, 0xcb, 0x31, 0xcb, 0x31, 0xab, 0x29, 0xcb, 0x31, 0xeb, 0x31,
    0xec, 0x31, 0xec, 0x39, 0xcb, 0x31, 0x8a, 0x29, 0xf0, 0x5a, 0x14, 0x7c,
    0xd7, 0x94, 0xb7, 0x94, 0xd7, 0x94, 0xd7, 0x94, 0xd6, 0x9c, 0xd6, 0x94,
    0x37, 0xa5, 0xb5, 0x94, 0x58, 0xa5, 0xd6, 0x9c, 0x17, 0x9d, 0xf7, 0xa4,
    0x16, 0xa5, 0x17, 0xa5, 0xb5, 0x9c, 0x1b, 0xc6, 0x93, 0x94, 0xf4, 0xa4,
    0x38, 0xce, 0xb1, 0x94, 0x4f, 0x8c, 0x8c, 0x83, 0xcd, 0x9b, 0x2f, 0xac,
    0x8c, 0x9b, 0x0e, 0xac, 0xcc, 0xa3, 0x29, 0x93, 0x8b, 0x9b, 0x09, 0x8b,
    0xc8, 0x8a, 0xe8, 0x8a, 0xc8, 0x8a, 0xc8, 0x82, 0xa8, 0x8a, 0xa8, 0x82,
    0xa8, 0x82, 0x88, 0x82, 0x88, 0x82, 0x67, 0x7a, 0x47, 0x7a, 0x47, 0x7a,
    0x47, 0x7a, 0x68, 0x82, 0x68, 0x82, 0x67, 0x82, 0x0a, 0x93, 0x4b, 0x9b,
    0x4b, 0x9b, 0x4b, 0x9b, 0x2b, 0x9b, 0x0a, 0x93, 0x0a, 0x93, 0x0a, 0x93,
    0x4b, 0x93, 0x6c, 0x93, 0x0a, 0x83, 0x69, 0x6a, 0xeb, 0x72, 0xcf, 0x93,
    0x15, 0xb5, 0xb8, 0xbd, 0x37, 0xad, 0x38, 0xa5, 0xf6, 0x9c, 0xb6, 0x94,
    0x75, 0x8c, 0x54, 0x84, 0x54, 0x84, 0xb6, 0x94, 0x17, 0x9d, 0x99, 0xad,
    0xf7, 0x94, 0x0b, 0x3a, 0x0b, 0x3a, 0x2c, 0x3a, 0x2c, 0x3a, 0x2c, 0x3a,
    0x4c, 0x42, 0x4c, 0x42, 0x4d, 0x42, 0x4d, 0x42, 0xaf, 0x52, 0xae, 0x52,
    0xae, 0x52, 0xce, 0x52, 0x2f, 0x63, 0x90, 0x73, 0xf1, 0x7b, 0xd4, 0x9c,
    0xf8, 0xbd, 0x39, 0xce, 0x7a, 0xd6, 0x9a, 0xd6, 0x9a, 0xd6, 0x9a, 0xd6,
    0x9a, 0xd6, 0x9a, 0xd6, 0x9b, 0xd6, 0x7a, 0xd6, 0x9b, 0xd6, 0x9b, 0xd6,
    0xbb, 0xd6, 0x9b, 0xd6, 0xbb, 0xd6, 0xbb, 0xd6, 0x9b, 0xd6, 0xbb, 0xd6,
    0xbb, 0xde, 0xbb, 0xd6, 0xba, 0xd6, 0xbb, 0xd6, 0xdb, 0xd6, 0xdb, 0xde,
    0xdb, 0xde, 0xbb, 0xd6, 0xdb, 0xde, 0xdb, 0xde, 0xdb, 0xde, 0xdb, 0xde,
    0xdc, 0xde, 0xdc, 0xde, 0xdb, 0xde, 0xdc, 0xe6, 0xdc, 0xde, 0xdc, 0xde,
    0xdb, 0xde, 0xdb, 0xde, 0xfb, 0xde, 0xdb, 0xde, 0xfb, 0xde, 0xdb, 0xde,
    0xdb, 0xde, 0xfb, 0xde, 0xdb, 0xde, 0xbb, 0xd6, 0xdb, 0xde, 0xdb, 0xde,
    0xbb, 0xd6, 0xdb, 0xd6, 0xbb, 0xde, 0xbb, 0xde, 0xba, 0xd6, 0x7a, 0xce,
    0x9a, 0xce, 0xbb, 0xd6, 0x9b, 0xd6, 0x9b, 0xd6, 0xbb, 0xce, 0x9b, 0xd6,
    0xdc, 0xd6, 0xbc, 0xd6, 0x19, 0xbe, 0x15, 0x9d, 0xb0, 0x73, 0x8c, 0x4a,
    0x4b, 0x42, 0xce, 0x52, 0xce, 0x52, 0x8e, 0x4a, 0x4d, 0x42, 0x2c, 0x42,
    0x0c, 0x3a, 0xec, 0x39, 0xeb, 0x31, 0xcb, 0x31, 0xcb, 0x31, 0xec, 0x31,
    0x0c, 0x32, 0x0c, 0x32, 0x0c, 0x3a, 0x0d, 0x3a, 0x2d, 0x3a, 0x0c, 0x3a,
    0x0c, 0x3a, 0x0c, 0x3a, 0xec, 0x39, 0xec, 0x39, 0xec, 0x39, 0xec, 0x39,
    0xcc, 0x31, 0xec, 0x39, 0xec, 0x31, 0xeb, 0x39, 0xeb, 0x31, 0xcc, 0x31,
    0xcb, 0x31, 0xcb, 0x31, 0xcb, 0x29, 0xab, 0x31, 0xcb, 0x31, 0xcb, 0x31,
    0xab, 0x31, 0xab, 0x29, 0xab, 0x31, 0xec, 0x31, 0xec, 0x39, 0xcb, 0x31,
    0x2d, 0x42, 0xb3, 0x73, 0x75, 0x84, 0xd7, 0x94, 0xd7, 0x94, 0xf7, 0x9c,
    0xd7, 0x94, 0xf7, 0x94, 0xf7, 0x9c, 0x37, 0xa5, 0xf6, 0x94, 0x17, 0x9d,
    0x17, 0x9d, 0x17, 0xa5, 0x17, 0x9d, 0x17, 0xa5, 0xf6, 0x9c, 0xd6, 0x9c,
    0x77, 0xad, 0xd8, 0xbd, 0x92, 0x94, 0x33, 0xa5, 0x33, 0xa5, 0x33, 0xad,
    0xce, 0x8b, 0x6c, 0x8b, 0xad, 0x93, 0x8c, 0x93, 0xad, 0xa3, 0xcc, 0xa3,
    0x2a, 0x93, 0x4a, 0x9b, 0x4a, 0x9b, 0x6b, 0x9b, 0x4a, 0x93, 0x2a, 0x93,
    0x2a, 0x93, 0x0a, 0x93, 0x0a, 0x8b, 0x09, 0x8b, 0xe9, 0x8a, 0xe9, 0x8a,
    0x0a, 0x8b, 0x0a, 0x93, 0xea, 0x8a, 0xea, 0x8a, 0xe9, 0x92, 0xea, 0x8a,
    0x0a, 0x93, 0x0a, 0x93, 0x0a, 0x93, 0x0a, 0x93, 0x0a, 0x93, 0x0a, 0x93,
    0x0a, 0x93, 0xea, 0x8a, 0x4b, 0x93, 0xea, 0x82, 0xca, 0x7a, 0x2c, 0x83,
    0xb3, 0xac, 0x35, 0xb5, 0xf5, 0xac, 0x73, 0x94, 0x37, 0xad, 0xf7, 0xa4,
    0xb6, 0x94, 0x54, 0x8c, 0xb6, 0x94, 0x54, 0x8c, 0x54, 0x84, 0xb6, 0x94,
    0x99, 0xad, 0x58, 0xa5, 0x95, 0x84, 0xce, 0x52, 0x0b, 0x3a, 0x0b, 0x3a,
    0x2c, 0x3a, 0x0c, 0x3a, 0x2c, 0x42, 0x4c, 0x42, 0x4d, 0x42, 0x4c, 0x42,
    0xcf, 0x52, 0xcf, 0x5a, 0xcf, 0x52, 0xcf, 0x5a, 0xef, 0x5a, 0xee, 0x5a,
    0xed, 0x5a, 0x2e, 0x63, 0x52, 0x8c, 0x15, 0xa5, 0xf8, 0xbd, 0x79, 0xd6,
    0x9a, 0xd6, 0x9a, 0xce, 0x9a, 0xce, 0x9b, 0xd6, 0x7b, 0xd6, 0x9b, 0xd6,
    0x9b, 0xd6, 0x9b, 0xd6, 0x9b, 0xd6, 0x9b, 0xd6, 0xbb, 0xd6, 0xbb, 0xd6,
    0xbb, 0xd6, 0xbb, 0xd6, 0xbb, 0xd6, 0xbb, 0xd6, 0xbb, 0xd6, 0xba, 0xd6,
    0xbb, 0xd6, 0xdb, 0xde, 0xbb, 0xde, 0xbb, 0xde, 0xdb, 0xde, 0xdb, 0xde,
    0xdb, 0xde, 0xdb, 0xde, 0xdb, 0xde, 0xdb, 0xde, 0xdb, 0xde, 0xdb, 0xde,
    0xdb, 0xde, 0xdb, 0xde, 0xdb, 0xe6, 0xdb, 0xde, 0xdc, 0xde, 0xfb, 0xe6,
    0xdb, 0xde, 0xdb, 0xde, 0xdb, 0xde, 0xdb, 0xde, 0xdb, 0xd6, 0xdb, 0xde,
    0xbb, 0xde, 0xdb, 0xde, 0xbb, 0xd6, 0xbb, 0xd6, 0xbb, 0xde, 0xbb, 0xd6,
    0xbb, 0xd6, 0x7a, 0xce, 0x7a, 0xce, 0xbb, 0xd6, 0xfc, 0xde, 0xbb, 0xd6,
    0x9c, 0xd6, 0x7b, 0xce, 0x1a, 0xbe, 0xd4, 0x94, 0x4f, 0x63, 0x6b, 0x4a,
    0xad, 0x4a, 0xad, 0x52, 0xad, 0x52, 0x8d, 0x4a, 0x6d, 0x42, 0x2c, 0x3a,
    0x0c, 0x3a, 0xec, 0x31, 0xcb, 0x31, 0xcb, 0x31, 0xab, 0x29, 0xab, 0x29,
    0xab, 0x29, 0xcb, 0x31, 0xec, 0x31, 0x0c, 0x3a, 0x0d, 0x3a, 0x2c, 0x3a,
    0x2c, 0x3a, 0x0c, 0x3a, 0x0c, 0x3a, 0xec, 0x39, 0xec, 0x39, 0xec, 0x31,
    0xec, 0x39, 0xec, 0x39, 0xec, 0x39, 0xec, 0x39, 0xec, 0x31, 0xec, 0x31,
    0xcc, 0x31, 0xcb, 0x31, 0xcb, 0x31, 0xcb, 0x31, 0xab, 0x31, 0xab, 0x29,
    0xcc, 0x31, 0xac, 0x31, 0xab, 0x31, 0xab, 0x31, 0xac, 0x31, 0xec, 0x31,
    0xec, 0x31, 0xcc, 0x31, 0xab, 0x29, 0x51, 0x63, 0xb6, 0x8c, 0xd7, 0x94,
    0xd7, 0x94, 0x38, 0x9d, 0xb6, 0x8c, 0x17, 0x9d, 0xd6, 0x94, 0x79, 0xad,
    0x37, 0xa5, 0x16, 0x9d, 0x16, 0x9d, 0x16, 0x9d, 0x99, 0xad, 0xd5, 0x94,
    0x99, 0xad, 0x16, 0x9d, 0x57, 0xa5, 0x36, 0xa5, 0x76, 0xad, 0x96, 0xad,
    0xd7, 0xb5, 0x91, 0x8c, 0x14, 0xad, 0x51, 0x9c, 0x0f, 0x9c, 0x8d, 0x8b,
    0x6c, 0x93, 0xcd, 0xa3, 0x6b, 0x9b, 0x4b, 0x9b, 0x6b, 0x9b, 0x6b, 0x9b,
    0x6b, 0x9b, 0x4b, 0x9b, 0x2b, 0x9b, 0x2a, 0x9b, 0x2a, 0x93, 0x2a, 0x93,
    0x2a, 0x93, 0x2a, 0x93, 0x2b, 0x9b, 0x2b, 0x9b, 0x2b, 0x93, 0x0a, 0x93,
    0x0a, 0x93, 0x0a, 0x93, 0x0a, 0x93, 0x0a, 0x93, 0x0a, 0x93, 0x2b, 0x9b,
    0x2b, 0x9b, 0x2a, 0x9b, 0x0a, 0x93, 0xea, 0x8a, 0x0b, 0x83, 0x2b, 0x7b,
    0x8e, 0x8b, 0x71, 0xa4, 0x35, 0xb5, 0x36, 0xad, 0x36, 0xad, 0x16, 0xa5,
    0x16, 0xa5, 0xd6, 0x9c, 0x95, 0x8c, 0x34, 0x84, 0x34, 0x84, 0x75, 0x8c,
    0xf6, 0x9c, 0x58, 0xa5, 0x99, 0xa5, 0x17, 0x9d, 0x37, 0x9d, 0x13, 0x74,
    0xca, 0x31, 0x0b, 0x3a, 0x4c, 0x42, 0xeb, 0x39, 0x2c, 0x3a, 0x2c, 0x3a,
    0x2c, 0x42, 0x4c, 0x42, 0x4c, 0x42, 0x4d, 0x42, 0x6d, 0x42, 0x4d, 0x4a,
    0xae, 0x52, 0xef, 0x5a, 0x0f, 0x5b, 0x0e, 0x63, 0xd1, 0x7b, 0xf1, 0x83,
    0x11, 0x84, 0x72, 0x8c, 0xf4, 0x9c, 0x56, 0xad, 0xf9, 0xbd, 0x5a, 0xce,
    0x9b, 0xd6, 0x7b, 0xd6, 0x5a, 0xce, 0x5a, 0xce, 0x9b, 0xd6, 0xbb, 0xd6,
    0xbb, 0xd6, 0x9b, 0xd6, 0x9b, 0xd6, 0xbb, 0xde, 0xfc, 0xe6, 0xfc, 0xde,
    0xbb, 0xde, 0xbb, 0xd6, 0xdb, 0xde, 0xdb, 0xde, 0xbb, 0xde, 0xdb, 0xde,
    0xdb, 0xde, 0xbb, 0xde, 0xdb, 0xde, 0xdb, 0xde, 0xdc, 0xde, 0xdc, 0xde,
    0xdb, 0xde, 0xdc, 0xde, 0xdb, 0xde, 0xdc, 0xde, 0xfb, 0xde, 0xdb, 0xde,
    0xdb, 0xde, 0xdb, 0xde, 0xdb, 0xde, 0xfc, 0xe6, 0xdb, 0xde, 0xdb, 0xde,
    0xdb, 0xde, 0xdb, 0xd6, 0xdb, 0xd6, 0xdb, 0xde, 0xbb, 0xd6, 0xbb, 0xd6,
    0xdb, 0xde, 0xdb, 0xde, 0xdc, 0xde, 0xbb, 0xd6, 0x9b, 0xce, 0xbc, 0xd6,
    0xbc, 0xd6, 0x7b, 0xce, 0xf9, 0xbd, 0x16, 0x9d, 0x90, 0x6b, 0x2f, 0x63,
    0xce, 0x52, 0xee, 0x52, 0xad, 0x52, 0x6d, 0x4a, 0x4c, 0x42, 0x2c, 0x3a,
    0x2d, 0x3a, 0xec, 0x39, 0xec, 0x39, 0xcc, 0x31, 0xcb, 0x31, 0xab, 0x31,
    0xab, 0x29, 0xab, 0x29, 0xab, 0x29, 0xcb, 0x31, 0xec, 0x31, 0x0c, 0x32,
    0x2d, 0x3a, 0x0d, 0x3a, 0x2c, 0x32, 0x0c, 0x32, 0xec, 0x39, 0xec, 0x31,
    0xec, 0x31, 0xec, 0x31, 0xec, 0x39, 0xec, 0x39, 0xeb, 0x39, 0xeb, 0x39,
    0xeb, 0x31, 0xec, 0x31, 0xcb, 0x39, 0xcb, 0x31, 0xcc, 0x31, 0xab, 0x31,
    0xcb, 0x31, 0xcc, 0x31, 0xac, 0x29, 0xcb, 0x31, 0xcc, 0x31, 0xcb, 0x31,
    0xcc, 0x31, 0xcc, 0x31, 0xcc, 0x31, 0xcc, 0x31, 0xab, 0x31, 0xaf, 0x52,
    0xf3, 0x7b, 0xb6, 0x8c, 0xd7, 0x94, 0x18, 0x9d, 0xd6, 0x94, 0xf7, 0x94,
    0x79, 0xad, 0x95, 0x8c, 0x58, 0xa5, 0x37, 0x9d, 0x16, 0x9d, 0x99, 0xad,
    0x33, 0x84, 0x99, 0xad, 0x53, 0x84, 0x16, 0x9d, 0x77, 0xa5, 0x16, 0x9d,
    0x57, 0xa5, 0xf9, 0xb5, 0x73, 0x8c, 0xb7, 0xad, 0x76, 0xad, 0x55, 0xb5,
    0xef, 0x8b, 0xae, 0x8b, 0xae, 0x9b, 0x2b, 0x93, 0xee, 0xab, 0x6c, 0x9b,
    0x4b, 0x9b, 0x4b, 0x9b, 0x4b, 0x9b, 0x4b, 0x9b, 0x2a, 0x93, 0x2a, 0x93,
    0x2b, 0x9b, 0x2b, 0x9b, 0x4b, 0x9b, 0x4b, 0x9b, 0x4b, 0x9b, 0x2b, 0x9b,
    0x2a, 0x93, 0x0a, 0x93, 0xea, 0x92, 0xea, 0x8a, 0xc9, 0x8a, 0xc9, 0x8a,
    0xc9, 0x8a, 0xc9, 0x8a, 0x4b, 0x9b, 0x2b, 0x9b, 0x0a, 0x93, 0x0b, 0x93,
    0xea, 0x7a, 0x0f, 0x94, 0xf4, 0xac, 0xf4, 0xac, 0x97, 0xbd, 0x57, 0xb5,
    0xf5, 0x9c, 0x94, 0x94, 0xd6, 0x94, 0xb5, 0x94, 0x95, 0x94, 0x95, 0x94,
    0xb5, 0x94, 0xb6, 0x94, 0xb6, 0x94, 0xd6, 0x94, 0xb6, 0x94, 0x58, 0x9d,
    0x1b, 0xb6, 0xb6, 0x8c, 0x6d, 0x42, 0x2c, 0x3a, 0x2c, 0x3a, 0x0c, 0x3a,
    0x2c, 0x3a, 0x2c, 0x3a, 0x2c, 0x3a, 0x2c, 0x3a, 0x4d, 0x42, 0x4d, 0x42,
    0x4d, 0x42, 0x4d, 0x42, 0x6d, 0x4a, 0x8e, 0x52, 0xae, 0x52, 0xce, 0x5a,
    0x70, 0x73, 0x90, 0x73, 0xb0, 0x7b, 0xf1, 0x83, 0x11, 0x84, 0x12, 0x84,
    0x32, 0x84, 0x32, 0x8c, 0x52, 0x8c, 0x72, 0x8c, 0x93, 0x94, 0xd4, 0x9c,
    0x15, 0xa5, 0x97, 0xb5, 0x39, 0xc6, 0x7b, 0xce, 0xbb, 0xd6, 0xbb, 0xde,
    0xdc, 0xde, 0xdc, 0xde, 0xfc, 0xe6, 0xfc, 0xde, 0xfc, 0xde, 0xbb, 0xde,
    0xbb, 0xd6, 0xdb, 0xd6, 0xdb, 0xde, 0xbb, 0xde, 0xdb, 0xde, 0xdb, 0xde,
    0xdc, 0xde, 0xdb, 0xde, 0xdb, 0xde, 0xdc, 0xe6, 0xdc, 0xde, 0xdb, 0xde,
    0xdb, 0xde, 0xfb, 0xde, 0xdb, 0xde, 0xdb, 0xde, 0xfb, 0xde, 0xdb, 0xde,
    0xdb, 0xde, 0xdb, 0xde, 0xbb, 0xde, 0xdb, 0xde, 0xdb, 0xde, 0xdb, 0xde,
    0xbb, 0xd6, 0xbb, 0xd6, 0xbb, 0xd6, 0x9b, 0xd6, 0x7b, 0xce, 0x9b, 0xce,
    0xbc, 0xd6, 0x7b, 0xce, 0x1a, 0xbe, 0x57, 0xa5, 0x33, 0x84, 0x4f, 0x6b,
    0x50, 0x6b, 0x0f, 0x5b, 0xad, 0x4a, 0x4c, 0x42, 0x4c, 0x42, 0x4d, 0x42,
    0x2d, 0x3a, 0x2c, 0x3a, 0x0d, 0x3a, 0xed, 0x39, 0xcc, 0x31, 0xab, 0x31,
    0xab, 0x29, 0xac, 0x31, 0xcb, 0x31, 0xcb, 0x31, 0xab, 0x29, 0xac, 0x31,
    0x0c, 0x32, 0x0c, 0x32, 0x0c, 0x32, 0x0d, 0x32, 0x0c, 0x3a, 0x0c, 0x3a,
    0xec, 0x31, 0xec, 0x31, 0xeb, 0x39, 0xeb, 0x39, 0xeb, 0x39, 0xec, 0x31,
    0xeb, 0x39, 0xec, 0x39, 0xec, 0x31, 0xec, 0x31, 0xec, 0x39, 0xeb, 0x31,
    0xcc, 0x31, 0xcc, 0x31, 0xcc, 0x31, 0xcc, 0x31, 0xcc, 0x31, 0xcc, 0x31,
    0xcc, 0x31, 0xcc, 0x31, 0xcc, 0x31, 0xcc, 0x31, 0xcb, 0x31, 0xcc, 0x31,
    0xcb, 0x31, 0xec, 0x39, 0x31, 0x5b, 0xb6, 0x8c, 0xf7, 0x94, 0xd7, 0x94,
    0x18, 0x9d, 0xd6, 0x94, 0x38, 0x9d, 0x58, 0xa5, 0x95, 0x8c, 0x78, 0xad,
    0x99, 0xad, 0x54, 0x84, 0xb9, 0xad, 0x16, 0x9d, 0x5b, 0xc6, 0xf6, 0x94,
    0x98, 0xad, 0x57, 0x9d, 0x57, 0xa5, 0xd5, 0x8c, 0x3b, 0xbe, 0x15, 0x9d,
    0xf9, 0xb5, 0x15, 0xa5, 0x35, 0xad, 0x31, 0x9c, 0x8e, 0x93, 0xce, 0xa3,
    0x0b, 0x93, 0x8c, 0xa3, 0x6c, 0xa3, 0x4b, 0x9b, 0x6b, 0x93, 0x4b, 0x93,
    0x4a, 0x93, 0x2a, 0x93, 0x2a, 0x93, 0x0a, 0x93, 0x0a, 0x93, 0xe9, 0x8a,
    0xea, 0x8a, 0xea, 0x8a, 0xea, 0x8a, 0x0a, 0x93, 0x2b, 0x93, 0x2b, 0x93,
    0x2b, 0x9b, 0x2b, 0x9b, 0x2b, 0x9b, 0x2a, 0x93, 0x0a, 0x93, 0x0b, 0x93,
    0x2b, 0x9b, 0x4c, 0x93, 0xce, 0x93, 0xf3, 0xb4, 0x76, 0xbd, 0x36, 0xb5,
    0xd5, 0x9c, 0xd5, 0x9c, 0xf6, 0x9c, 0xd6, 0x9c, 0x95, 0x94, 0xb5, 0x8c,
    0xb5, 0x94, 0xb6, 0x9c, 0xb6, 0x94, 0xb6, 0x9c, 0xd5, 0x94, 0xd6, 0x94,
    0x17, 0x9d, 0x37, 0xa5, 0x3b, 0xbe, 0x37, 0x9d, 0x71, 0x6b, 0x0b, 0x3a,
    0xeb, 0x39, 0x4c, 0x42, 0x2c, 0x3a, 0x2c, 0x3a, 0x2c, 0x42, 0x2c, 0x42,
    0x4d, 0x42, 0x4d, 0x42, 0x6d, 0x4a, 0x4d, 0x42, 0x6e, 0x4a, 0x6e, 0x4a,
    0x6e, 0x4a, 0x8e, 0x52, 0x0f, 0x63, 0x2f, 0x6b, 0x4f, 0x6b, 0xb0, 0x7b,
    0x11, 0x84, 0x12, 0x84, 0x11, 0x7c, 0xd1, 0x7b, 0x8f, 0x73, 0x6f, 0x73,
    0xb0, 0x73, 0xd0, 0x7b, 0xd0, 0x7b, 0xb0, 0x7b, 0xd1, 0x7b, 0x11, 0x84,
    0x93, 0x94, 0x76, 0xad, 0x5a, 0xce, 0x9b, 0xd6, 0xbb, 0xd6, 0xbb, 0xd6,
    0xdb, 0xde, 0xdc, 0xde, 0xdb, 0xde, 0xbb, 0xde, 0xdb, 0xde, 0xdc, 0xde,
    0xbb, 0xde, 0xdb, 0xde, 0xdc, 0xde, 0xdc, 0xde, 0xdc, 0xde, 0xdb, 0xde,
    0xdc, 0xde, 0xdb, 0xe6, 0xdb, 0xde, 0xdb, 0xde, 0xdc, 0xe6, 0xfb, 0xde,
    0xdb, 0xde, 0xdb, 0xde, 0xfb, 0xde, 0xdb, 0xde, 0xdb, 0xde, 0xdb, 0xde,
    0xdb, 0xde, 0xbb, 0xd6, 0xbb, 0xd6, 0xbc, 0xde, 0xbb, 0xd6, 0xbc, 0xd6,
    0xbc, 0xd6, 0x9c, 0xd6, 0xf9, 0xbd, 0xf6, 0x9c, 0x33, 0x84, 0x91, 0x73,
    0x50, 0x6b, 0x71, 0x6b, 0x71, 0x6b, 0x0f, 0x5b, 0x8d, 0x4a, 0x4c, 0x42,
    0x2d, 0x42, 0x2d, 0x42, 0x2c, 0x3a, 0x0d, 0x3a, 0x0c, 0x3a, 0xcc, 0x31,
    0xab, 0x31, 0xab, 0x29, 0xac, 0x29, 0xab, 0x31, 0xab, 0x29, 0xcb, 0x29,
    0xab, 0x29, 0xab, 0x31, 0x0c, 0x32, 0x0d, 0x3a, 0x0c, 0x3a, 0x0c, 0x32,
    0x0c, 0x3a, 0x0c, 0x3a, 0x0c, 0x32, 0xec, 0x39, 0xec, 0x31, 0xeb, 0x31,
    0xec, 0x31, 0xeb, 0x39, 0xec, 0x39, 0xec, 0x31, 0xeb, 0x31, 0xcc, 0x39,
    0xec, 0x31, 0xcb, 0x31, 0xcc, 0x31, 0xcc, 0x31, 0xcb, 0x31, 0xcb, 0x31,
    0xcc, 0x31, 0xcc, 0x31, 0xcb, 0x31, 0xcc, 0x31, 0xcc, 0x31, 0xec, 0x31,
    0xcb, 0x31, 0xcc, 0x31, 0x0c, 0x3a, 0xcb, 0x31, 0x8e, 0x42, 0x55, 0x84,
    0x18, 0x9d, 0x96, 0x84, 0x38, 0xa5, 0xd6, 0x94, 0x17, 0x9d, 0x37, 0xa5,
    0x78, 0xad, 0xf6, 0x94, 0xd6, 0x94, 0x99, 0xad, 0x17, 0x9d, 0x17, 0x9d,
    0x94, 0x8c, 0xfa, 0xb5, 0x94, 0x84, 0x78, 0xa5, 0x57, 0x9d, 0x17, 0x9d,
    0xd6, 0x94, 0x3a, 0xbe, 0x57, 0xa5, 0x97, 0xad, 0x56, 0xad, 0x76, 0xbd,
    0x72, 0xa4, 0x8e, 0x93, 0xae, 0x9b, 0x6d, 0x9b, 0x4c, 0x93, 0x4b, 0x93,
    0x6b, 0x93, 0x4b, 0x93, 0x4b, 0x9b, 0x2a, 0x93, 0x2a, 0x93, 0x2a, 0x93,
    0x2a, 0x93, 0x2b, 0x93, 0x2b, 0x93, 0x2b, 0x93, 0x0b, 0x93, 0x0a, 0x93,
    0x0a, 0x93, 0x0a, 0x93, 0xea, 0x8a, 0xea, 0x8a, 0xea, 0x8a, 0xea, 0x8a,
    0xea, 0x8a, 0x0b, 0x8b, 0x4c, 0x9b, 0x8d, 0x93, 0x75, 0xc5, 0x15, 0xb5,
    0x15, 0xa5, 0x97, 0xb5, 0x16, 0xad, 0xf6, 0x9c, 0xb5, 0x94, 0x74, 0x8c,
    0x74, 0x8c, 0x95, 0x8c, 0xb6, 0x94, 0xf6, 0x9c, 0x75, 0x8c, 0xb5, 0x94,
    0xf6, 0x9c, 0x17, 0x9d, 0x99, 0xad, 0x58, 0xa5, 0x99, 0xad, 0x38, 0x9d,
    0x54, 0x84, 0x2c, 0x3a, 0xeb, 0x39, 0x4c, 0x42, 0x2c, 0x3a, 0x0c, 0x3a,
    0x2c, 0x3a, 0x2c, 0x42, 0x4d, 0x42, 0x4d, 0x42, 0x6d, 0x4a, 0x4d, 0x42,
    0x4e, 0x4a, 0x6e, 0x4a, 0x6d, 0x4a, 0x6e, 0x4a, 0xae, 0x52, 0xee, 0x62,
    0x0e, 0x63, 0x4f, 0x6b, 0x90, 0x73, 0xb0, 0x73, 0xd0, 0x7b, 0xd1, 0x7b,
    0xd1, 0x7b, 0xd0, 0x7b, 0x90, 0x73, 0x6f, 0x73, 0x6f, 0x6b, 0x6f, 0x6b,
    0x8f, 0x73, 0x8f, 0x73, 0x6f, 0x6b, 0xb0, 0x7b, 0x11, 0x84, 0x52, 0x8c,
    0xb7, 0xb5, 0x19, 0xc6, 0x9b, 0xd6, 0xfc, 0xde, 0xdc, 0xde, 0xbb, 0xde,
    0xdb, 0xde, 0xdc, 0xde, 0xdb, 0xde, 0xbb, 0xde, 0xdc, 0xde, 0xdc, 0xde,
    0xdb, 0xde, 0xdc, 0xde, 0xdc, 0xde, 0xdc, 0xde, 0xdb, 0xde, 0xdb, 0xde,
    0xdb, 0xde, 0xdb, 0xde, 0xdb, 0xde, 0xdc, 0xe6, 0xdb, 0xde, 0xdb, 0xde,
    0xdc, 0xde, 0xbb, 0xd6, 0xbb, 0xd6, 0xfc, 0xde, 0xdc, 0xde, 0x9b, 0xd6,
    0x9b, 0xd6, 0x9b, 0xd6, 0xf9, 0xbd, 0xf5, 0x9c, 0xd2, 0x7b, 0x91, 0x73,
    0x91, 0x6b, 0x71, 0x6b, 0x51, 0x63, 0x50, 0x63, 0x30, 0x63, 0xef, 0x5a,
    0x8e, 0x4a, 0x2d, 0x42, 0x2c, 0x42, 0x2d, 0x42, 0x0c, 0x3a, 0x0c, 0x3a,
    0xec, 0x39, 0xcc, 0x31, 0xab, 0x29, 0xab, 0x29, 0xab, 0x29, 0xcb, 0x31,
    0xcb, 0x31, 0xab, 0x29, 0xcb, 0x29, 0xec, 0x31, 0x0c, 0x32, 0x2d, 0x3a,
    0x0d, 0x3a, 0x0c, 0x3a, 0x0c, 0x3a, 0x0c, 0x32, 0x0c, 0x3a, 0xec, 0x39,
    0xec, 0x39, 0x0c, 0x3a, 0xec, 0x39, 0xec, 0x31, 0xec, 0x31, 0xec, 0x31,
    0xec, 0x31, 0xec, 0x31, 0xcc, 0x31, 0xec, 0x31, 0xcc, 0x31, 0xcb, 0x31,
    0xcc, 0x31, 0xcc, 0x31, 0xcb, 0x31, 0xcc, 0x31, 0xcb, 0x31, 0xcb, 0x31,
    0xcc, 0x31, 0xeb, 0x31, 0x2c, 0x3a, 0x2d, 0x42, 0xcb, 0x31, 0xaa, 0x29,
    0x4c, 0x3a, 0x10, 0x5b, 0x34, 0x7c, 0xf7, 0x94, 0x95, 0x84, 0xf7, 0x94,
    0x58, 0xa5, 0x79, 0xad, 0xd6, 0x94, 0x17, 0xa5, 0x18, 0xa5, 0x58, 0xad,
    0x17, 0x9d, 0x58, 0xa5, 0x17, 0x9d, 0xb5, 0x8c, 0xfa, 0xb5, 0x34, 0x7c,
    0x99, 0xad, 0x17, 0x9d, 0xda, 0xad, 0xf6, 0x94, 0xd9, 0xb5, 0x77, 0xa5,
    0x77, 0xad, 0xb4, 0x9c, 0x15, 0xa5, 0x57, 0xb5, 0x90, 0x7b, 0xb0, 0x8b,
    0x8d, 0x8b, 0x6c, 0x93, 0x6c, 0x8b, 0x4b, 0x93, 0x4b, 0x93, 0x2b, 0x93,
    0x2a, 0x93, 0x2a, 0x93, 0x2a, 0x93, 0x0a, 0x93, 0x0b, 0x93, 0x0a, 0x8b,
    0x0b, 0x93, 0xea, 0x8a, 0xea, 0x8a, 0xea, 0x8a, 0xc9, 0x82, 0x4b, 0x93,
    0x6c, 0x93, 0x2b, 0x8b, 0x0b, 0x83, 0xce, 0x93, 0x55, 0xc5, 0x14, 0xb5,
    0x36, 0xad, 0x78, 0xb5, 0x77, 0xad, 0xd5, 0x9c, 0xb4, 0x94, 0x94, 0x94,
    0x94, 0x8c, 0x54, 0x8c, 0x54, 0x84, 0x94, 0x8c, 0xd5, 0x94, 0xf6, 0x9c,
    0xd5, 0x94, 0xf6, 0x9c, 0x17, 0x9d, 0x17, 0x9d, 0x58, 0x9d, 0x78, 0xa5,
    0xba, 0xad, 0x58, 0xa5, 0xb6, 0x8c, 0x0b, 0x32, 0x0b, 0x32, 0xeb, 0x31,
    0xeb, 0x31, 0x0c, 0x3a, 0x2c, 0x3a, 0x4c, 0x42, 0xec, 0x39, 0x0c, 0x3a,
    0x2c, 0x42, 0x4d, 0x42, 0x4d, 0x42, 0x6d, 0x4a, 0x6d, 0x4a, 0x6d, 0x4a,
    0x4d, 0x4a, 0x8d, 0x52, 0xce, 0x5a, 0x0e, 0x5b, 0x2f, 0x63, 0x6f, 0x6b,
    0x90, 0x73, 0xb0, 0x73, 0x90, 0x73, 0x90, 0x73, 0x90, 0x73, 0x70, 0x73,
    0x6f, 0x6b, 0x6f, 0x73, 0x90, 0x73, 0x90, 0x73, 0x70, 0x73, 0x70, 0x73,
    0x90, 0x73, 0x4f, 0x6b, 0x6f, 0x73, 0x11, 0x84, 0x15, 0xa5, 0x19, 0xc6,
    0xdc, 0xde, 0xfc, 0xde, 0xdc, 0xde, 0xbc, 0xde, 0xdc, 0xde, 0xfd, 0xe6,
    0xfc, 0xde, 0xdc, 0xde, 0xdc, 0xde, 0xdb, 0xe6, 0xdc, 0xde, 0xdc, 0xde,
    0xdb, 0xde, 0xfc, 0xde, 0xfc, 0xde, 0xdb, 0xde, 0xfb, 0xde, 0xdb, 0xde,
    0xdb, 0xde, 0xfb, 0xde, 0xbb, 0xd6, 0xdc, 0xde, 0xbb, 0xd6, 0x9b, 0xd6,
    0xdc, 0xde, 0xbc, 0xd6, 0x19, 0xc6, 0xf6, 0x9c, 0x12, 0x84, 0x91, 0x73,
    0x2f, 0x63, 0x51, 0x6b, 0x91, 0x6b, 0x71, 0x6b, 0x51, 0x63, 0x31, 0x63,
    0x31, 0x63, 0xef, 0x5a, 0x8e, 0x4a, 0x2d, 0x42, 0x2d, 0x3a, 0x2d, 0x3a,
    0x0c, 0x3a, 0xec, 0x39, 0xec, 0x31, 0xcc, 0x31, 0xab, 0x29, 0xab, 0x29,
    0xab, 0x29, 0xcb, 0x31, 0xcb, 0x31, 0xab, 0x31, 0xec, 0x31, 0x0d, 0x3a,
    0x2d, 0x3a, 0x0d, 0x3a, 0x0c, 0x3a, 0x0c, 0x3a, 0x0c, 0x32, 0x0c, 0x3a,
    0xec, 0x31, 0x0c, 0x32, 0xec, 0x39, 0xec, 0x39, 0x0c, 0x32, 0x0c, 0x3a,
    0xeb, 0x31, 0xec, 0x39, 0xec, 0x31, 0xec, 0x31, 0xeb, 0x31, 0xec, 0x31,
    0xcc, 0x31, 0xcb, 0x31, 0xcc, 0x31, 0xcc, 0x31, 0xcc, 0x31, 0xcc, 0x31,
    0xec, 0x31, 0xec, 0x31, 0xec, 0x31, 0xec, 0x39, 0x0c, 0x3a, 0x2c, 0x3a,
    0xcb, 0x31, 0x4d, 0x3a, 0xaa, 0x29, 0x4d, 0x3a, 0x34, 0x7c, 0xb6, 0x8c,
    0x95, 0x8c, 0xd7, 0x94, 0xd7, 0x94, 0x58, 0xa5, 0xf7, 0x9c, 0x79, 0xad,
    0x58, 0xad, 0xd6, 0x9c, 0x79, 0xad, 0x17, 0x9d, 0xf7, 0x9c, 0xda, 0xb5,
    0xd6, 0x94, 0x1b, 0xbe, 0x95, 0x8c, 0x17, 0x9d, 0x17, 0x95, 0x58, 0xa5,
    0x17, 0x9d, 0xd9, 0xb5, 0x53, 0x8c, 0x1a, 0xc6, 0x78, 0xad, 0x99, 0xb5,
    0x98, 0xb5, 0xd5, 0x9c, 0xae, 0x83, 0x4c, 0x83, 0x4c, 0x83, 0x2b, 0x83,
    0x4b, 0x93, 0x4b, 0x93, 0x4b, 0x93, 0x2a, 0x93, 0x0b, 0x93, 0x0b, 0x93,
    0x0a, 0x93, 0x0a, 0x8b, 0x0a, 0x8b, 0xea, 0x8a, 0xea, 0x8a, 0xea, 0x8a,
    0xea, 0x8a, 0xc9, 0x82, 0xea, 0x82, 0x6c, 0x8b, 0x30, 0xa4, 0xd3, 0xac,
    0xf4, 0xac, 0xf9, 0xc5, 0x98, 0xb5, 0x57, 0xa5, 0xf6, 0x9c, 0xf6, 0x9c,
    0xb5, 0x94, 0x94, 0x8c, 0x53, 0x84, 0x33, 0x84, 0x54, 0x84, 0x94, 0x8c,
    0xb5, 0x94, 0xd6, 0x94, 0xd6, 0x94, 0xd6, 0x94, 0x17, 0x9d, 0x17, 0x9d,
    0x37, 0x9d, 0x37, 0x9d, 0xba, 0xad, 0x79, 0xa5, 0xb6, 0x8c, 0x2c, 0x3a,
    0xeb, 0x31, 0xaa, 0x29, 0xeb, 0x31, 0x0b, 0x32, 0x0c, 0x3a, 0x0c, 0x3a,
    0xeb, 0x39, 0x0c, 0x3a, 0x2c, 0x42, 0x4d, 0x42, 0x4d, 0x42, 0x6d, 0x42,
    0x6d, 0x4a, 0x6d, 0x4a, 0x4d, 0x4a, 0x6d, 0x4a, 0xae, 0x52, 0xef, 0x5a,
    0x2f, 0x63, 0x4f, 0x6b, 0x90, 0x73, 0x90, 0x73, 0x90, 0x73, 0x90, 0x73,
    0x70, 0x73, 0x6f, 0x6b, 0x6f, 0x73, 0x70, 0x73, 0x90, 0x6b, 0x6f, 0x73,
    0x6f, 0x73, 0x6f, 0x73, 0x90, 0x73, 0x8f, 0x73, 0x8f, 0x73, 0x8f, 0x73,
    0x8f, 0x73, 0xf1, 0x83, 0x93, 0x94, 0x77, 0xb5, 0x9b, 0xd6, 0xfc, 0xe6,
    0x1d, 0xe7, 0xdc, 0xde, 0xbb, 0xde, 0xdc, 0xde, 0xdc, 0xde, 0xdb, 0xde,
    0xdc, 0xde, 0xdc, 0xde, 0xdb, 0xde, 0xdb, 0xde, 0xdc, 0xde, 0xdc, 0xde,
    0xdb, 0xde, 0xfb, 0xde, 0xdb, 0xde, 0xdb, 0xde, 0x5a, 0xce, 0xdc, 0xde,
    0x1d, 0xe7, 0x9c, 0xd6, 0xb8, 0xb5, 0xf5, 0xa4, 0xd1, 0x7b, 0xee, 0x5a,
    0x50, 0x6b, 0x70, 0x6b, 0x91, 0x73, 0x71, 0x6b, 0x71, 0x6b, 0x51, 0x6b,
    0x31, 0x63, 0x31, 0x63, 0x30, 0x5b, 0xf0, 0x52, 0x6e, 0x4a, 0x2d, 0x42,
    0x2d, 0x3a, 0x2d, 0x3a, 0x0c, 0x3a, 0xec, 0x39, 0xec, 0x31, 0xcb, 0x31,
    0xab, 0x31, 0xaa, 0x29, 0xab, 0x29, 0xcb, 0x31, 0xcb, 0x31, 0xcc, 0x29,
    0x0c, 0x32, 0x2d, 0x3a, 0x0d, 0x3a, 0x0d, 0x32, 0x0c, 0x3a, 0x0c, 0x32,
    0x0d, 0x3a, 0x0c, 0x3a, 0x0c, 0x32, 0xec, 0x31, 0xec, 0x39, 0xec, 0x31,
    0x0c, 0x32, 0x0c, 0x3a, 0xec, 0x31, 0xeb, 0x39, 0xec, 0x31, 0xec, 0x31,
    0xec, 0x31, 0xcb, 0x31, 0xec, 0x31, 0xec, 0x31, 0xec, 0x31, 0xeb, 0x31,
    0xec, 0x31, 0xec, 0x31, 0xeb, 0x31, 0xec, 0x31, 0x2c, 0x3a, 0x0c, 0x3a,
    0x0c, 0x32, 0xec, 0x31, 0x4d, 0x42, 0xeb, 0x31, 0x4d, 0x3a, 0xaa, 0x29,
    0xf3, 0x73, 0x95, 0x84, 0xb6, 0x8c, 0xf7, 0x94, 0xd7, 0x94, 0x58, 0xa5,
    0xf7, 0xa4, 0x79, 0xad, 0x18, 0xa5, 0x79, 0xad, 0xd7, 0x9c, 0x58, 0xa5,
    0x99, 0xad, 0xd6, 0x94, 0xda, 0xb5, 0x75, 0x8c, 0x3c, 0xbe, 0xf7, 0x9c,
    0x17, 0x9d, 0x78, 0xad, 0x99, 0xad, 0xd5, 0x9c, 0x3b, 0xce, 0x95, 0x94,
    0xb9, 0xb5, 0xd6, 0x9c, 0xb9, 0xbd, 0xb8, 0xbd, 0xb3, 0xa4, 0xef, 0x8b,
    0x8d, 0x8b, 0x6c, 0x8b, 0x4b, 0x8b, 0x4b, 0x93, 0x4c, 0x93, 0x2b, 0x93,
    0x2b, 0x93, 0x0b, 0x8b, 0x0b, 0x8b, 0x0b, 0x93, 0x0b, 0x8b, 0xea, 0x8a,
    0xeb, 0x8a, 0x0a, 0x8b, 0x0b, 0x8b, 0x2b, 0x83, 0xce, 0x9b, 0xb2, 0xac,
    0x55, 0xbd, 0x35, 0xb5, 0x76, 0xbd, 0xb8, 0xbd, 0xb9, 0xbd, 0x37, 0xa5,
    0xb5, 0x94, 0xb5, 0x8c, 0x94, 0x8c, 0x54, 0x84, 0x53, 0x84, 0x53, 0x84,
    0x74, 0x8c, 0x94, 0x8c, 0xb5, 0x94, 0xd6, 0x94, 0xd6, 0x94, 0xf6, 0x9c,
    0x37, 0xa5, 0x99, 0xad, 0xb9, 0xad, 0x38, 0xa5, 0xba, 0xad, 0x17, 0x95,
    0x92, 0x6b, 0x0c, 0x3a, 0xca, 0x31, 0xaa, 0x29, 0x0b, 0x32, 0xeb, 0x31,
    0xcb, 0x31, 0xcb, 0x31, 0xec, 0x39, 0x0c, 0x3a, 0x2d, 0x42, 0x2d, 0x42,
    0x2d, 0x42, 0x4d, 0x42, 0x6d, 0x4a, 0x6d, 0x42, 0x6d, 0x4a, 0x8d, 0x4a,
    0xad, 0x52, 0xee, 0x5a, 0x2f, 0x63, 0x50, 0x63, 0x70, 0x6b, 0x90, 0x73,
    0x70, 0x73, 0x70, 0x6b, 0x6f, 0x6b, 0x6f, 0x73, 0x70, 0x6b, 0x6f, 0x6b,
    0x90, 0x73, 0x70, 0x73, 0x6f, 0x73, 0x70, 0x73, 0x90, 0x73, 0x90, 0x73,
    0x90, 0x7b, 0x90, 0x73, 0x6f, 0x73, 0x6f, 0x73, 0x6f, 0x73, 0xf1, 0x83,
    0x93, 0x94, 0x77, 0xb5, 0x5a, 0xce, 0x9b, 0xd6, 0x9b, 0xd6, 0x7a, 0xd6,
    0x9b, 0xd6, 0xdc, 0xde, 0xdb, 0xde, 0xdc, 0xde, 0xdc, 0xde, 0xdb, 0xde,
    0xdb, 0xde, 0xdb, 0xde, 0xdc, 0xde, 0xdc, 0xde, 0xdb, 0xde, 0xdb, 0xde,
    0x5b, 0xce, 0x7b, 0xd6, 0xd9, 0xbd, 0xb4, 0x9c, 0x4f, 0x6b, 0x2f, 0x63,
    0x70, 0x6b, 0xd1, 0x7b, 0xd2, 0x7b, 0x91, 0x73, 0x71, 0x6b, 0x51, 0x6b,
    0x51, 0x6b, 0x51, 0x63, 0x31, 0x63, 0x30, 0x63, 0x10, 0x5b, 0xcf, 0x52,
    0x6e, 0x4a, 0x2d, 0x42, 0x2d, 0x3a, 0x2d, 0x42, 0xec, 0x39, 0xec, 0x31,
    0xec, 0x31, 0xcb, 0x31, 0xaa, 0x29, 0xaa, 0x29, 0xab, 0x29, 0xcb, 0x31,
    0xcb, 0x31, 0xcb, 0x29, 0x0d, 0x3a, 0x2d, 0x3a, 0x2d, 0x3a, 0x0d, 0x32,
    0x0c, 0x3a, 0x0c, 0x32, 0xec, 0x31, 0x0c, 0x3a, 0xec, 0x39, 0x0c, 0x32,
    0xec, 0x39, 0xec, 0x39, 0x0c, 0x32, 0xec, 0x39, 0xec, 0x31, 0xec, 0x31,
    0xec, 0x31, 0xec, 0x31, 0xec, 0x31, 0xcc, 0x31, 0xec, 0x31, 0xcc, 0x31,
    0xcb, 0x31, 0xec, 0x31, 0xcc, 0x31, 0xec, 0x31, 0xcb, 0x29, 0xec, 0x31,
    0x2d, 0x3a, 0x2c, 0x3a, 0x0c, 0x32, 0xcb, 0x29, 0x4c, 0x3a, 0x4d, 0x42,
    0xeb, 0x31, 0xcb, 0x29, 0xb2, 0x6b, 0xf3, 0x73, 0xb6, 0x8c, 0xd7, 0x94,
    0x58, 0xa5, 0x79, 0xad, 0xd7, 0x9c, 0xf7, 0xa4, 0x18, 0xa5, 0x18, 0x9d,
    0x58, 0xa5, 0x38, 0xa5, 0xfb, 0xbd, 0xf7, 0x9c, 0x99, 0xad, 0xfb, 0xbd,
    0x96, 0x8c, 0xda, 0xb5, 0x17, 0x9d, 0x37, 0xa5, 0x74, 0x8c, 0x3b, 0xc6,
    0x34, 0x84, 0x5b, 0xce, 0xf6, 0x9c, 0x16, 0xa5, 0x78, 0xad, 0x57, 0xad,
    0xd7, 0xbd, 0x34, 0xb5, 0x71, 0x9c, 0x0f, 0x9c, 0x8d, 0x8b, 0x4c, 0x8b,
    0x4b, 0x93, 0x4b, 0x93, 0x2b, 0x93, 0x0b, 0x8b, 0x0b, 0x8b, 0x0a, 0x8b,
    0xea, 0x8a, 0x0b, 0x8b, 0x0b, 0x8b, 0x0b, 0x8b, 0x6c, 0x8b, 0xae, 0x93,
    0xae, 0x93, 0x2d, 0x7b, 0x14, 0xb5, 0x19, 0xce, 0xf5, 0xa4, 0x36, 0xa5,
    0x37, 0xa5, 0x57, 0xa5, 0xd5, 0x94, 0x33, 0x7c, 0x74, 0x8c, 0x53, 0x84,
    0x33, 0x84, 0x53, 0x8c, 0x54, 0x84, 0x74, 0x8c, 0xb5, 0x94, 0xd6, 0x9c,
    0x16, 0x9d, 0x57, 0xa5, 0x99, 0xad, 0xda, 0xb5, 0xb9, 0xad, 0x58, 0xa5,
    0xfb, 0xb5, 0x75, 0x84, 0x2c, 0x3a, 0xaa, 0x29, 0x89, 0x21, 0xcb, 0x31,
    0xeb, 0x31, 0xeb, 0x31, 0xca, 0x29, 0x8a, 0x29, 0x0b, 0x32, 0x0c, 0x3a,
    0x2c, 0x42, 0x4d, 0x42, 0x2c, 0x42, 0x4d, 0x42, 0x4d, 0x42, 0x6d, 0x4a,
    0x8e, 0x4a, 0x8e, 0x4a, 0x8d, 0x4a, 0xce, 0x52, 0xee, 0x5a, 0x2f, 0x63,
    0x50, 0x6b, 0x70, 0x6b, 0x70, 0x6b, 0x4f, 0x6b, 0x70, 0x73, 0x70, 0x73,
    0x6f, 0x6b, 0x6f, 0x6b, 0x70, 0x73, 0x70, 0x6b, 0x70, 0x73, 0x6f, 0x73,
    0x6f, 0x73, 0x6f, 0x73, 0x70, 0x73, 0x8f, 0x73, 0xb0, 0x7b, 0xb0, 0x73,
    0x4e, 0x6b, 0x0d, 0x63, 0x0d, 0x63, 0xb0, 0x73, 0xb0, 0x7b, 0xd4, 0x9c,
    0x3a, 0xce, 0xfc, 0xde, 0x9b, 0xd6, 0xbb, 0xde, 0xdb, 0xde, 0xdc, 0xde,
    0xfc, 0xde, 0xfc, 0xde, 0xfc, 0xde, 0xdb, 0xde, 0xfb, 0xde, 0xdb, 0xde,
    0xdc, 0xde, 0xfb, 0xde, 0x74, 0x94, 0x53, 0x8c, 0xd1, 0x7b, 0xb1, 0x73,
    0x90, 0x73, 0x91, 0x73, 0x90, 0x73, 0x91, 0x73, 0x70, 0x6b, 0x50, 0x6b,
    0x50, 0x6b, 0x50, 0x63, 0x30, 0x63, 0x31, 0x63, 0x30, 0x5b, 0x10, 0x5b,
    0xf0, 0x5a, 0xaf, 0x52, 0x6e, 0x42, 0x2d, 0x42, 0x2d, 0x42, 0x2d, 0x3a,
    0xec, 0x39, 0xec, 0x31, 0xec, 0x31, 0xeb, 0x31, 0xab, 0x29, 0xab, 0x29,
    0xab, 0x29, 0xcb, 0x31, 0xcb, 0x31, 0xcb, 0x31, 0x0d, 0x3a, 0x0d, 0x3a,
    0x2c, 0x32, 0x0c, 0x32, 0xec, 0x31, 0x0d, 0x3a, 0xec, 0x31, 0xec, 0x31,
    0x0c, 0x3a, 0x0c, 0x32, 0x0c, 0x3a, 0xec, 0x31, 0x0c, 0x3a, 0x0b, 0x3a,
    0x0c, 0x3a, 0x0c, 0x3a, 0xcb, 0x31, 0xcb, 0x31, 0xec, 0x31, 0x0c, 0x3a,
    0x0c, 0x3a, 0xec, 0x31, 0xcb, 0x31, 0xab, 0x29, 0x0c, 0x3a, 0xec, 0x31,
    0xcc, 0x31, 0xab, 0x29, 0xeb, 0x31, 0xec, 0x31, 0x2c, 0x3a, 0x2d, 0x3a,
    0x2c, 0x3a, 0x0c, 0x32, 0x2c, 0x3a, 0x2c, 0x3a, 0x2c, 0x3a, 0xf3, 0x73,
    0x54, 0x84, 0xb6, 0x8c, 0xd6, 0x94, 0x18, 0xa5, 0xd7, 0x9c, 0x96, 0x94,
    0x18, 0xa5, 0x79, 0xad, 0xd6, 0x94, 0x38, 0xa5, 0x59, 0xa5, 0xfb, 0xbd,
    0xb6, 0x94, 0x38, 0x9d, 0x59, 0xa5, 0xb6, 0x94, 0xb9, 0xad, 0xf7, 0x9c,
    0x58, 0xad, 0x58, 0xa5, 0xb9, 0xb5, 0x75, 0x94, 0x99, 0xb5, 0xd6, 0x9c,
    0x99, 0xb5, 0xb9, 0xbd, 0x97, 0xb5, 0x76, 0xbd, 0x15, 0xb5, 0x72, 0xa4,
    0x30, 0x9c, 0xad, 0x93, 0x4c, 0x8b, 0x0b, 0x83, 0x2b, 0x93, 0x2b, 0x93,
    0x0b, 0x8b, 0x0b, 0x8b, 0xeb, 0x8a, 0x0b, 0x8b, 0x2b, 0x93, 0x4c, 0x8b,
    0xef, 0x9b, 0x6d, 0x8b, 0x6d, 0x83, 0xcc, 0x6a, 0x4a, 0x52, 0xed, 0x62,
    0x36, 0xad, 0xd5, 0x9c, 0x16, 0xa5, 0xf6, 0x94, 0x53, 0x84, 0x13, 0x7c,
    0x53, 0x84, 0x53, 0x84, 0x33, 0x84, 0xf2, 0x7b, 0x33, 0x84, 0x74, 0x8c,
    0xd5, 0x94, 0xf6, 0x9c, 0x37, 0xa5, 0x58, 0xad, 0x99, 0xad, 0xda, 0xb5,
    0x79, 0xa5, 0x58, 0xa5, 0x99, 0xa5, 0xb1, 0x6b, 0x8a, 0x29, 0xcb, 0x31,
    0x8a, 0x29, 0xcb, 0x31, 0x0c, 0x3a, 0xeb, 0x31, 0xcb, 0x31, 0xcb, 0x29,
    0xcb, 0x31, 0xcb, 0x31, 0x0c, 0x3a, 0x0c, 0x3a, 0x0c, 0x3a, 0x2c, 0x3a,
    0x4d, 0x42, 0x6d, 0x4a, 0x6d, 0x4a, 0x8e, 0x52, 0x8d, 0x52, 0x8e, 0x52,
    0xce, 0x5a, 0x0e, 0x5b, 0x50, 0x6b, 0x70, 0x6b, 0x70, 0x6b, 0x70, 0x6b,
    0x70, 0x6b, 0x6f, 0x6b, 0x50, 0x6b, 0x6f, 0x73, 0x70, 0x6b, 0x70, 0x6b,
    0x6f, 0x73, 0x70, 0x73, 0x70, 0x73, 0x70, 0x73, 0x6f, 0x73, 0x6f, 0x73,
    0x6f, 0x73, 0x4f, 0x6b, 0x4f, 0x6b, 0x4e, 0x6b, 0x6f, 0x73, 0x6f, 0x73,
    0x6f, 0x73, 0x6f, 0x73, 0xd0, 0x7b, 0x93, 0x94, 0x5a, 0xce, 0xbb, 0xde,
    0x1d, 0xe7, 0xfc, 0xe6, 0xdc, 0xde, 0xdb, 0xde, 0xdc, 0xde, 0xdb, 0xde,
    0xdb, 0xde, 0xdc, 0xde, 0xdb, 0xde, 0xdb, 0xde, 0x2f, 0x6b, 0x50, 0x6b,
    0x50, 0x6b, 0x50, 0x73, 0x50, 0x6b, 0x50, 0x6b, 0x50, 0x6b, 0x50, 0x6b,
    0x50, 0x6b, 0x50, 0x6b, 0x51, 0x63, 0x50, 0x63, 0x30, 0x63, 0x30, 0x63,
    0x31, 0x63, 0x30, 0x63, 0x10, 0x5b, 0xaf, 0x52, 0x8e, 0x4a, 0x2d, 0x42,
    0x2d, 0x3a, 0x2d, 0x3a, 0xec, 0x39, 0xec, 0x31, 0xeb, 0x31, 0xcb, 0x31,
    0xab, 0x31, 0xab, 0x29, 0xab, 0x29, 0xcb, 0x31, 0xcb, 0x29, 0xcb, 0x29,
    0x0d, 0x3a, 0x0d, 0x3a, 0x2c, 0x3a, 0x0c, 0x3a, 0xec, 0x31, 0xec, 0x39,
    0xec, 0x31, 0xec, 0x31, 0x0c, 0x3a, 0xec, 0x31, 0xec, 0x31, 0x0c, 0x3a,
    0xec, 0x31, 0xec, 0x31, 0xec, 0x31, 0x0c, 0x32, 0xab, 0x31, 0xcb, 0x31,
    0xec, 0x31, 0x0c, 0x3a, 0x0c, 0x3a, 0xec, 0x31, 0xcb, 0x31, 0xcb, 0x29,
    0xec, 0x31, 0xec, 0x31, 0xeb, 0x31, 0xcb, 0x29, 0xec, 0x31, 0xec, 0x39,
    0x2c, 0x3a, 0x2d, 0x3a, 0x0c, 0x32, 0x6d, 0x42, 0xeb, 0x31, 0x4d, 0x3a,
    0xeb, 0x31, 0x0f, 0x53, 0xb6, 0x8c, 0xb6, 0x8c, 0xb6, 0x8c, 0xf7, 0x9c,
    0xf7, 0x9c, 0xb6, 0x94, 0x38, 0xa5, 0x17, 0x9d, 0x38, 0xa5, 0x18, 0xa5,
    0x9a, 0xb5, 0xd7, 0x94, 0xfb, 0xb5, 0xb6, 0x94, 0x17, 0x9d, 0x58, 0xa5,
    0x17, 0x9d, 0x38, 0xa5, 0xb5, 0x94, 0x99, 0xad, 0xd6, 0x9c, 0xfa, 0xbd,
    0xf6, 0xa4, 0x5c, 0xce, 0xb5, 0x94, 0xb9, 0xbd, 0x16, 0xad, 0x56, 0xad,
    0xb7, 0xbd, 0x96, 0xc5, 0x34, 0xbd, 0x71, 0xa4, 0xce, 0x93, 0x6d, 0x93,
    0x2c, 0x8b, 0x2c, 0x93, 0x2b, 0x8b, 0x0b, 0x93, 0xeb, 0x8a, 0x0b, 0x8b,
    0x4c, 0x93, 0xae, 0x9b, 0xd3, 0xb4, 0xef, 0x93, 0xaf, 0x83, 0xac, 0x62,
    0xa8, 0x39, 0xac, 0x52, 0x0f, 0x63, 0x54, 0x8c, 0x16, 0x9d, 0x94, 0x8c,
    0x33, 0x84, 0x33, 0x84, 0x33, 0x84, 0x33, 0x84, 0x12, 0x7c, 0x12, 0x7c,
    0x33, 0x84, 0x74, 0x8c, 0xd6, 0x94, 0x17, 0x9d, 0x37, 0xa5, 0x57, 0xa5,
    0x78, 0xad, 0xda, 0xb5, 0x78, 0xa5, 0x78, 0xa5, 0xd6, 0x94, 0xae, 0x4a,
    0x89, 0x29, 0x0b, 0x3a, 0xeb, 0x31, 0xeb, 0x31, 0x0c, 0x32, 0xeb, 0x31,
    0xcb, 0x31, 0xcb, 0x31, 0xcb, 0x31, 0xcb, 0x31, 0x0c, 0x3a, 0x0c, 0x3a,
    0xec, 0x39, 0x0c, 0x3a, 0x4d, 0x42, 0x6d, 0x4a, 0x6d, 0x4a, 0x8d, 0x4a,
    0x8d, 0x4a, 0x8d, 0x4a, 0xae, 0x52, 0x0f, 0x5b, 0x50, 0x6b, 0x70, 0x6b,
    0x70, 0x6b, 0x70, 0x6b, 0x70, 0x6b, 0x6f, 0x6b, 0x50, 0x73, 0x4f, 0x6b,
    0x6f, 0x6b, 0x4f, 0x73, 0x70, 0x73, 0x6f, 0x6b, 0x70, 0x73, 0x70, 0x73,
    0x6f, 0x6b, 0x6f, 0x73, 0x70, 0x73, 0x6f, 0x73, 0x4f, 0x6b, 0x4f, 0x6b,
    0x4f, 0x73, 0x4e, 0x6b, 0x4f, 0x6b, 0x4e, 0x6b, 0x4e, 0x6b, 0x2e, 0x6b,
    0x4e, 0x73, 0x73, 0x94, 0xb7, 0xbd, 0x7a, 0xd6, 0x9b, 0xd6, 0x9b, 0xd6,
    0xbb, 0xde, 0xdc, 0xde, 0xdc, 0xde, 0xdc, 0xd6, 0xdb, 0xde, 0xdb, 0xde,
    0x50, 0x6b, 0x71, 0x6b, 0xb2, 0x7b, 0xb2, 0x7b, 0x91, 0x73, 0x71, 0x73,
    0x71, 0x6b, 0x51, 0x6b, 0x50, 0x6b, 0x50, 0x63, 0x51, 0x63, 0x30, 0x63,
    0x31, 0x63, 0x30, 0x63, 0x31, 0x63, 0x31, 0x63, 0x30, 0x5b, 0xef, 0x5a,
    0xae, 0x4a, 0x6e, 0x42, 0x4d, 0x42, 0x2d, 0x3a, 0xec, 0x39, 0xec, 0x31,
    0xec, 0x31, 0xeb, 0x31, 0xcb, 0x29, 0xaa, 0x29, 0xab, 0x29, 0xcb, 0x29,
    0xcb, 0x29, 0xcb, 0x29, 0x2d, 0x3a, 0x2d, 0x3a, 0x0c, 0x32, 0x0d, 0x32,
    0xec, 0x39, 0x0c, 0x3a, 0x0c, 0x32, 0xec, 0x39, 0xec, 0x39, 0x0c, 0x32,
    0xec, 0x39, 0x0c, 0x3a, 0x0c, 0x32, 0xec, 0x39, 0xec, 0x31, 0x0c, 0x32,
    0xab, 0x31, 0xcb, 0x31, 0xec, 0x31, 0x0c, 0x32, 0x0c, 0x3a, 0xec, 0x31,
    0xcb, 0x31, 0xcb, 0x31, 0xcb, 0x31, 0xcc, 0x31, 0xec, 0x31, 0xec, 0x31,
    0xec, 0x31, 0x0c, 0x32, 0x2c, 0x3a, 0x2d, 0x3a, 0x4c, 0x3a, 0xcb, 0x31,
    0x6d, 0x42, 0x0c, 0x32, 0x69, 0x21, 0x30, 0x5b, 0x34, 0x7c, 0x18, 0x9d,
    0x55, 0x8c, 0xd6, 0x94, 0x18, 0xa5, 0xd7, 0x94, 0xf7, 0x9c, 0xba, 0xb5,
    0x96, 0x8c, 0x79, 0xa5, 0xd6, 0x94, 0x3b, 0xc6, 0x95, 0x8c, 0x99, 0xad,
    0x58, 0xa5, 0xf7, 0x9c, 0x78, 0xa5, 0x17, 0x9d, 0x58, 0xa5, 0xba, 0xb5,
    0x78, 0xb5, 0x54, 0x8c, 0x5c, 0xce, 0x95, 0x94, 0x98, 0xb5, 0x57, 0xad,
    0x16, 0xa5, 0x77, 0xb5, 0xb8, 0xbd, 0xf8, 0xc5, 0xf7, 0xcd, 0x14, 0xb5,
    0x30, 0xa4, 0xad, 0x93, 0x6c, 0x93, 0x2c, 0x8b, 0x2c, 0x93, 0x2b, 0x8b,
    0x2b, 0x8b, 0xea, 0x82, 0x6d, 0x9b, 0x51, 0xb4, 0x51, 0x9c, 0xcf, 0x83,
    0xf0, 0x83, 0x6f, 0x73, 0xc9, 0x39, 0x67, 0x29, 0x6c, 0x4a, 0xb1, 0x73,
    0xf6, 0x94, 0x54, 0x84, 0x13, 0x7c, 0x33, 0x84, 0x12, 0x7c, 0x12, 0x7c,
    0x33, 0x84, 0x53, 0x84, 0x54, 0x84, 0x94, 0x8c, 0xb5, 0x94, 0x17, 0x9d,
    0x37, 0xa5, 0x57, 0xa5, 0x99, 0xad, 0xfa, 0xbd, 0xba, 0xad, 0xda, 0xb5,
    0x75, 0x84, 0xa9, 0x29, 0xeb, 0x31, 0xca, 0x29, 0xeb, 0x31, 0xca, 0x31,
    0x0b, 0x32, 0xeb, 0x31, 0xcb, 0x31, 0xca, 0x29, 0xcb, 0x31, 0xeb, 0x31,
    0x0c, 0x3a, 0x0c, 0x3a, 0xeb, 0x31, 0x0c, 0x3a, 0x4c, 0x42, 0x4d, 0x42,
    0x6d, 0x4a, 0x6d, 0x4a, 0x8d, 0x4a, 0x8e, 0x52, 0xae, 0x52, 0x0f, 0x5b,
    0x50, 0x63, 0x70, 0x6b, 0x70, 0x73, 0x70, 0x73, 0x70, 0x6b, 0x70, 0x6b,
    0x50, 0x73, 0x50, 0x6b, 0x70, 0x6b, 0x4f, 0x73, 0x70, 0x73, 0x70, 0x6b,
    0x6f, 0x73, 0x70, 0x73, 0x70, 0x73, 0x4f, 0x6b, 0x4f, 0x6b, 0x6f, 0x73,
    0x4f, 0x6b, 0x4f, 0x73, 0x4f, 0x6b, 0x4f, 0x6b, 0x6f, 0x6b, 0x4e, 0x6b,
    0x2d, 0x6b, 0x0d, 0x63, 0x0d, 0x63, 0x4e, 0x6b, 0xd0, 0x7b, 0xb3, 0x94,
    0x39, 0xc6, 0x7a, 0xce, 0xbb, 0xd6, 0xdb, 0xde, 0xdc, 0xde, 0xdc, 0xde,
    0xfb, 0xde, 0xdc, 0xde, 0x51, 0x6b, 0x71, 0x6b, 0x71, 0x73, 0x91, 0x73,
    0x71, 0x6b, 0x71, 0x6b, 0x50, 0x6b, 0x50, 0x6b, 0x50, 0x6b, 0x30, 0x63,
    0x30, 0x63, 0x30, 0x63, 0x30, 0x63, 0x10, 0x63, 0x10, 0x5b, 0x31, 0x63,
    0x30, 0x5b, 0xf0, 0x5a, 0xaf, 0x52, 0x6d, 0x42, 0x2d, 0x42, 0x2c, 0x3a,
    0xec, 0x31, 0xec, 0x31, 0xeb, 0x31, 0xcb, 0x31, 0xcb, 0x29, 0xab, 0x29,
    0xab, 0x29, 0xcb, 0x31, 0xcb, 0x31, 0xcb, 0x29, 0x2d, 0x3a, 0x2d, 0x3a,
    0x0c, 0x32, 0x0c, 0x32, 0xec, 0x31, 0x0c, 0x3a, 0xec, 0x31, 0xec, 0x31,
    0xec, 0x31, 0xec, 0x31, 0xec, 0x31, 0xec, 0x31, 0x0c, 0x3a, 0x0b, 0x3a,
    0x0c, 0x3a, 0xec, 0x31, 0xcb, 0x29, 0xcb, 0x31, 0xec, 0x31, 0xec, 0x31,
    0x0c, 0x3a, 0xec, 0x31, 0xcc, 0x31, 0xab, 0x29, 0xab, 0x29, 0xcb, 0x31,
    0xec, 0x31, 0x0c, 0x3a, 0xec, 0x31, 0x0c, 0x32, 0x2c, 0x3a, 0x2c, 0x3a,
    0x0c, 0x32, 0x4d, 0x3a, 0x0c, 0x32, 0x0c, 0x3a, 0xaa, 0x29, 0x6d, 0x42,
    0x34, 0x7c, 0xf7, 0x94, 0x55, 0x8c, 0x96, 0x8c, 0xf7, 0x9c, 0xf7, 0x9c,
    0x18, 0x9d, 0x59, 0xa5, 0x18, 0x9d, 0x38, 0xa5, 0xf7, 0x9c, 0x79, 0xa5,
    0xf7, 0x9c, 0x79, 0xad, 0x17, 0x9d, 0x99, 0xad, 0xd6, 0x94, 0x78, 0xa5,
    0xda, 0xbd, 0x79, 0xad, 0x37, 0xa5, 0x74, 0x8c, 0x1b, 0xc6, 0x37, 0xa5,
    0xb9, 0xb5, 0xd6, 0x9c, 0x57, 0xad, 0x98, 0xb5, 0xb7, 0xb5, 0x97, 0xbd,
    0xf8, 0xcd, 0x75, 0xc5, 0x71, 0xac, 0xce, 0x93, 0x8d, 0x93, 0x4c, 0x93,
    0x2b, 0x8b, 0x4c, 0x93, 0x4c, 0x93, 0xca, 0x82, 0x6d, 0x9b, 0xd3, 0xbc,
    0x51, 0x9c, 0x8f, 0x83, 0x6f, 0x73, 0x8c, 0x5a, 0x6b, 0x4a, 0x2b, 0x42,
    0x0a, 0x42, 0x53, 0x84, 0xb5, 0x8c, 0x53, 0x84, 0x33, 0x84, 0x33, 0x84,
    0xd1, 0x73, 0x13, 0x7c, 0x53, 0x84, 0x53, 0x84, 0x54, 0x84, 0x95, 0x8c,
    0xb5, 0x94, 0xf6, 0x9c, 0x37, 0xa5, 0x58, 0xa5, 0x99, 0xad, 0x1b, 0xbe,
    0x99, 0xad, 0x99, 0xad, 0x13, 0x7c, 0x49, 0x21, 0x2c, 0x3a, 0x8a, 0x21,
    0xcb, 0x31, 0xca, 0x29, 0x0b, 0x3a, 0xeb, 0x31, 0xcb, 0x31, 0xca, 0x29,
    0xcb, 0x31, 0xcb, 0x31, 0x0c, 0x3a, 0x0c, 0x3a, 0xeb, 0x31, 0x0c, 0x3a,
    0x4d, 0x42, 0x4d, 0x4a, 0x6d, 0x4a, 0x6d, 0x4a, 0x8d, 0x52, 0x8d, 0x52,
    0xae, 0x52, 0x0f, 0x5b, 0x50, 0x63, 0x71, 0x6b, 0x71, 0x73, 0x70, 0x6b,
    0x50, 0x6b, 0x50, 0x6b, 0x4f, 0x6b, 0x50, 0x6b, 0x70, 0x6b, 0x4f, 0x6b,
    0x4f, 0x73, 0x50, 0x6b, 0x6f, 0x73, 0x6f, 0x73, 0x70, 0x73, 0x4f, 0x6b,
    0x2f, 0x6b, 0x4f, 0x6b, 0x4f, 0x6b, 0x4f, 0x73, 0x6f, 0x6b, 0x4f, 0x73,
    0x6e, 0x6b, 0x4e, 0x6b, 0x2e, 0x6b, 0xed, 0x5a, 0x0d, 0x5b, 0x4e, 0x6b,
    0xf0, 0x7b, 0x93, 0x94, 0x19, 0xc6, 0x5a, 0xce, 0x9b, 0xd6, 0xdb, 0xd6,
    0xdc, 0xde, 0xdb, 0xde, 0xdb, 0xd6, 0xdb, 0xde
};
