// 4.25.0 0xd0ebd972 D2 R0 FRGB565 U565 N0 SExtFlashSection
// Generated by imageconverter. Please, do not edit!

#include <touchgfx/hal/Config.hpp>

LOCATION_PRAGMA("ExtFlashSection")
KEEP extern const unsigned char image_game_over_game[] LOCATION_ATTRIBUTE("ExtFlashSection") = { // 393x190 RGB565 pixels.
    0xff, 0xff, 0xff, 0xff, 0xff, 0xff, 0xff, 0xff, 0xff, 0xff, 0xff, 0xff,
    0xff, 0xff, 0xff, 0xff, 0xff, 0xff, 0xff, 0xff, 0xff, 0xff, 0xff, 0xff,
    0xff, 0xff, 0xff, 0xff, 0xff, 0xff, 0xff, 0xff, 0xff, 0xff, 0xff, 0xff,
    0xff, 0xff, 0xff, 0xff, 0xff, 0xff, 0xff, 0xff, 0xff, 0xff, 0xff, 0xff,
    0xff, 0xff, 0xff, 0xff, 0xff, 0xff, 0xff, 0xff, 0xff, 0xff, 0xff, 0xff,
    0xff, 0xff, 0xff, 0xff, 0xff, 0xff, 0xff, 0xff, 0xff, 0xff, 0xff, 0xff,
    0xff, 0xff, 0xff, 0xff, 0xff, 0xff, 0xff, 0xff, 0xff, 0xff, 0xff, 0xff,
    0xff, 0xff, 0xff, 0xff, 0xff, 0xff, 0xff, 0xff, 0xff, 0xff, 0xff, 0xff,
    0xff, 0xff, 0xff, 0xff, 0xff, 0xff, 0xff, 0xff, 0xff, 0xff, 0xff, 0xff,
    0xff, 0xff, 0xff, 0xff, 0xff, 0xff, 0xff, 0xff, 0xff, 0xff, 0xff, 0xff,
    0xff, 0xff, 0xff, 0xff, 0xff, 0xff, 0xff, 0xff, 0xff, 0xff, 0xff, 0xff,
    0xff, 0xff, 0xff, 0xff, 0xff, 0xff, 0xff, 0xff, 0xff, 0xff, 0xff, 0xff,
    0xff, 0xff, 0xff, 0xff, 0xff, 0xff, 0xff, 0xff, 0xff, 0xff, 0xff, 0xff,
    0xff, 0xff, 0xff, 0xff, 0xff, 0xff, 0xff, 0xff, 0xff, 0xff, 0xff, 0xff,
    0xff, 0xff, 0xff, 0xff, 0xff, 0xff, 0xff, 0xff, 0xff, 0xff, 0xff, 0xff,
    0xff, 0xff, 0xff, 0xff, 0xff, 0xff, 0xff, 0xff, 0xff, 0xff, 0xff, 0xff,
    0xff, 0xff, 0xff, 0xff, 0xff, 0xff, 0xff, 0xff, 0xff, 0xff, 0xff, 0xff,
    0xff, 0xff, 0xff, 0xff, 0xff, 0xff, 0xff, 0xff, 0xff, 0xff, 0xff, 0xff,
    0xff, 0xff, 0xff, 0xff, 0xff, 0xff, 0xff, 0xff, 0xff, 0xff, 0xff, 0xff,
    0xff, 0xff, 0xff, 0xff, 0xff, 0xff, 0xff, 0xff, 0xff, 0xff, 0xff, 0xff,
    0xff, 0xff, 0xff, 0xff, 0xff, 0xff, 0xff, 0xff, 0xff, 0xff, 0xff, 0xff,
    0xff, 0xff, 0xff, 0xff, 0xff, 0xff, 0xff, 0xff, 0xff, 0xff, 0xff, 0xff,
    0xff, 0xff, 0xff, 0xff, 0xff, 0xff, 0xff, 0xff, 0xff, 0xff, 0xff, 0xff,
    0xff, 0xff, 0xff, 0xff, 0xff, 0xff, 0xff, 0xff, 0xff, 0xff, 0xff, 0xff,
    0xff, 0xff, 0xff, 0xff, 0xff, 0xff, 0xff, 0xff, 0xff, 0xff, 0xff, 0xff,
    0xff, 0xff, 0xff, 0xff, 0xff, 0xff, 0xff, 0xff, 0xff, 0xff, 0xff, 0xff,
    0xff, 0xff, 0xff, 0xff, 0xff, 0xff, 0xff, 0xff, 0xff, 0xff, 0xff, 0xff,
    0xff, 0xff, 0xff, 0xff, 0xff, 0xff, 0xff, 0xff, 0xff, 0xff, 0xff, 0xff,
    0xff, 0xff, 0xff, 0xff, 0xff, 0xff, 0xff, 0xff, 0xff, 0xff, 0xff, 0xff,
    0xff, 0xff, 0xff, 0xff, 0xff, 0xff, 0xff, 0xff, 0xff, 0xff, 0xff, 0xff,
    0xff, 0xff, 0xff, 0xff, 0xff, 0xff, 0xff, 0xff, 0xff, 0xff, 0xff, 0xff,
    0xff, 0xff, 0xff, 0xff, 0xff, 0xff, 0xff, 0xff, 0xff, 0xff, 0xff, 0xff,
    0xff, 0xff, 0xff, 0xff, 0xff, 0xff, 0xff, 0xff, 0xff, 0xff, 0xff, 0xff,
    0xff, 0xff, 0xff, 0xff, 0xff, 0xff, 0xff, 0xff, 0xff, 0xff, 0xff, 0xff,
    0xff, 0xff, 0xff, 0xff, 0xff, 0xff, 0xff, 0xff, 0xff, 0xff, 0xff, 0xff,
    0xff, 0xff, 0xff, 0xff, 0xff, 0xff, 0xff, 0xff, 0xff, 0xff, 0xff, 0xff,
    0xff, 0xff, 0xff, 0xff, 0xff, 0xff, 0xff, 0xff, 0xff, 0xff, 0xff, 0xff,
    0xff, 0xff, 0xff, 0xff, 0xff, 0xff, 0xff, 0xff, 0xff, 0xff, 0xff, 0xff,
    0xff, 0xff, 0xff, 0xff, 0xff, 0xff, 0xff, 0xff, 0xff, 0xff, 0xff, 0xff,
    0xff, 0xff, 0xff, 0xff, 0xff, 0xff, 0xff, 0xff, 0xff, 0xff, 0xff, 0xff,
    0xff, 0xff, 0xff, 0xff, 0xff, 0xff, 0xff, 0xff, 0xff, 0xff, 0xff, 0xff,
    0xff, 0xff, 0xff, 0xff, 0xff, 0xff, 0xff, 0xff, 0xff, 0xff, 0xff, 0xff,
    0xff, 0xff, 0xff, 0xff, 0xff, 0xff, 0xff, 0xff, 0xff, 0xff, 0xff, 0xff,
    0xff, 0xff, 0xff, 0xff, 0xff, 0xff, 0xff, 0xff, 0xff, 0xff, 0xff, 0xff,
    0xff, 0xff, 0xff, 0xff, 0xff, 0xff, 0xff, 0xff, 0xff, 0xff, 0xff, 0xff,
    0xff, 0xff, 0xff, 0xff, 0xff, 0xff, 0xff, 0xff, 0xff, 0xff, 0xff, 0xff,
    0xff, 0xff, 0xff, 0xff, 0xff, 0xff, 0xff, 0xff, 0xff, 0xff, 0xff, 0xff,
    0xff, 0xff, 0xff, 0xff, 0xff, 0xff, 0xff, 0xff, 0xff, 0xff, 0xff, 0xff,
    0xff, 0xff, 0xff, 0xff, 0xff, 0xff, 0xff, 0xff, 0xff, 0xff, 0xff, 0xff,
    0xff, 0xff, 0xff, 0xff, 0xff, 0xff, 0xff, 0xff, 0xff, 0xff, 0xff, 0xff,
    0xff, 0xff, 0xff, 0xff, 0xff, 0xff, 0xff, 0xff, 0xff, 0xff, 0xff, 0xff,
    0xff, 0xff, 0xff, 0xff, 0xff, 0xff, 0xff, 0xff, 0xff, 0xff, 0xff, 0xff,
    0xff, 0xff, 0xff, 0xff, 0xff, 0xff, 0xff, 0xff, 0xff, 0xff, 0xff, 0xff,
    0xff, 0xff, 0xff, 0xff, 0xff, 0xff, 0xff, 0xff, 0xff, 0xff, 0xff, 0xff,
    0xff, 0xff, 0xff, 0xff, 0xff, 0xff, 0xff, 0xff, 0xff, 0xff, 0xff, 0xff,
    0xff, 0xff, 0xff, 0xff, 0xff, 0xff, 0xff, 0xff, 0xff, 0xff, 0xff, 0xff,
    0xff, 0xff, 0xff, 0xff, 0xff, 0xff, 0xff, 0xff, 0xff, 0xff, 0xff, 0xff,
    0xff, 0xff, 0xff, 0xff, 0xff, 0xff, 0xff, 0xff, 0xff, 0xff, 0xff, 0xff,
    0xff, 0xff, 0xff, 0xff, 0xff, 0xff, 0xff, 0xff, 0xff, 0xff, 0xff, 0xff,
    0xff, 0xff, 0xff, 0xff, 0xff, 0xff, 0xff, 0xff, 0xff, 0xff, 0xff, 0xff,
    0xff, 0xff, 0xff, 0xff, 0xff, 0xff, 0xff, 0xff, 0xff, 0xff, 0xff, 0xff,
    0xff, 0xff, 0xff, 0xff, 0xff, 0xff, 0xff, 0xff, 0xff, 0xff, 0xff, 0xff,
    0xff, 0xff, 0xff, 0xff, 0xff, 0xff, 0xff, 0xff, 0xff, 0xff, 0xff, 0xff,
    0xff, 0xff, 0xff, 0xff, 0xff, 0xff, 0xff, 0xff, 0xff, 0xff, 0xff, 0xff,
    0xff, 0xff, 0xff, 0xff, 0xff, 0xff, 0xff, 0xff, 0xff, 0xff, 0xff, 0xff,
    0xff, 0xff, 0xff, 0xff, 0xff, 0xff, 0xff, 0xff, 0xff, 0xff, 0xff, 0xff,
    0xff, 0xff, 0xff, 0xff, 0xff, 0xff, 0xff, 0xff, 0xff, 0xff, 0xff, 0xff,
    0xff, 0xff, 0xff, 0xff, 0xff, 0xff, 0xff, 0xff, 0xff, 0xff, 0xff, 0xff,
    0xff, 0xff, 0xff, 0xff, 0xff, 0xff, 0xff, 0xff, 0xff, 0xff, 0xff, 0xff,
    0xff, 0xff, 0xff, 0xff, 0xff, 0xff, 0xff, 0xff, 0xff, 0xff, 0xff, 0xff,
    0xff, 0xff, 0xff, 0xff, 0xff, 0xff, 0xff, 0xff, 0xff, 0xff, 0xff, 0xff,
    0xff, 0xff, 0xff, 0xff, 0xff, 0xff, 0xff, 0xff, 0xff, 0xff, 0xff, 0xff,
    0xff, 0xff, 0xff, 0xff, 0xff, 0xff, 0xff, 0xff, 0xff, 0xff, 0xff, 0xff,
    0xff, 0xff, 0xff, 0xff, 0xff, 0xff, 0xff, 0xff, 0xff, 0xff, 0xff, 0xff,
    0xff, 0xff, 0xff, 0xff, 0xff, 0xff, 0xff, 0xff, 0xff, 0xff, 0xff, 0xff,
    0xff, 0xff, 0xff, 0xff, 0xff, 0xff, 0xff, 0xff, 0xff, 0xff, 0xff, 0xff,
    0xff, 0xff, 0xff, 0xff, 0xff, 0xff, 0xff, 0xff, 0xff, 0xff, 0xff, 0xff,
    0xff, 0xff, 0xff, 0xff, 0xff, 0xff, 0xff, 0xff, 0xff, 0xff, 0xff, 0xff,
    0xff, 0xff, 0xff, 0xff, 0xff, 0xff, 0xff, 0xff, 0xff, 0xff, 0xff, 0xff,
    0xff, 0xff, 0xff, 0xff, 0xff, 0xff, 0xff, 0xff, 0xff, 0xff, 0xff, 0xff,
    0xff, 0xff, 0xff, 0xff, 0xff, 0xff, 0xff, 0xff, 0xff, 0xff, 0xff, 0xff,
    0xff, 0xff, 0xff, 0xff, 0xff, 0xff, 0xff, 0xff, 0xff, 0xff, 0xff, 0xff,
    0xff, 0xff, 0xff, 0xff, 0xff, 0xff, 0xff, 0xff, 0xff, 0xff, 0xff, 0xff,
    0xff, 0xff, 0xff, 0xff, 0xff, 0xff, 0xff, 0xff, 0xff, 0xff, 0xff, 0xff,
    0xff, 0xff, 0xff, 0xff, 0xff, 0xff, 0xff, 0xff, 0xff, 0xff, 0xff, 0xff,
    0xff, 0xff, 0xff, 0xff, 0xff, 0xff, 0xff, 0xff, 0xff, 0xff, 0xff, 0xff,
    0xff, 0xff, 0xff, 0xff, 0xff, 0xff, 0xff, 0xff, 0xff, 0xff, 0xff, 0xff,
    0xff, 0xff, 0xff, 0xff, 0xff, 0xff, 0xff, 0xff, 0xff, 0xff, 0xff, 0xff,
    0xff, 0xff, 0xff, 0xff, 0xff, 0xff, 0xff, 0xff, 0xff, 0xff, 0xff, 0xff,
    0xff, 0xff, 0xff, 0xff, 0xff, 0xff, 0xff, 0xff, 0xff, 0xff, 0xff, 0xff,
    0xff, 0xff, 0xff, 0xff, 0xff, 0xff, 0xff, 0xff, 0xff, 0xff, 0xff, 0xff,
    0xff, 0xff, 0xff, 0xff, 0xff, 0xff, 0xff, 0xff, 0xff, 0xff, 0xff, 0xff,
    0xff, 0xff, 0xff, 0xff, 0xff, 0xff, 0xff, 0xff, 0xff, 0xff, 0xff, 0xff,
    0xff, 0xff, 0xff, 0xff, 0xff, 0xff, 0xff, 0xff, 0xff, 0xff, 0xff, 0xff,
    0xff, 0xff, 0xff, 0xff, 0xff, 0xff, 0xff, 0xff, 0xff, 0xff, 0xff, 0xff,
    0xff, 0xff, 0xff, 0xff, 0xff, 0xff, 0xff, 0xff, 0xff, 0xff, 0xff, 0xff,
    0xff, 0xff, 0xff, 0xff, 0xff, 0xff, 0xff, 0xff, 0xff, 0xff, 0xff, 0xff,
    0xff, 0xff, 0xff, 0xff, 0xff, 0xff, 0xff, 0xff, 0xff, 0xff, 0xff, 0xff,
    0xff, 0xff, 0xff, 0xff, 0xff, 0xff, 0xff, 0xff, 0xff, 0xff, 0xff, 0xff,
    0xff, 0xff, 0xff, 0xff, 0xff, 0xff, 0xff, 0xff, 0xff, 0xff, 0xff, 0xff,
    0xff, 0xff, 0xff, 0xff, 0xff, 0xff, 0xff, 0xff, 0xff, 0xff, 0xff, 0xff,
    0xff, 0xff, 0xff, 0xff, 0xff, 0xff, 0xff, 0xff, 0xff, 0xff, 0xff, 0xff,
    0xff, 0xff, 0xff, 0xff, 0xff, 0xff, 0xff, 0xff, 0xff, 0xff, 0xff, 0xff,
    0xff, 0xff, 0xff, 0xff, 0xff, 0xff, 0xff, 0xff, 0xff, 0xff, 0xff, 0xff,
    0xff, 0xff, 0xff, 0xff, 0xff, 0xff, 0xff, 0xff, 0xff, 0xff, 0xff, 0xff,
    0xff, 0xff, 0xff, 0xff, 0xff, 0xff, 0xff, 0xff, 0xff, 0xff, 0xff, 0xff,
    0xff, 0xff, 0xff, 0xff, 0xff, 0xff, 0xff, 0xff, 0xff, 0xff, 0xff, 0xff,
    0xff, 0xff, 0xff, 0xff, 0xff, 0xff, 0xff, 0xff, 0xff, 0xff, 0xff, 0xff,
    0xff, 0xff, 0xff, 0xff, 0xff, 0xff, 0xff, 0xff, 0xff, 0xff, 0xff, 0xff,
    0xff, 0xff, 0xff, 0xff, 0xff, 0xff, 0xff, 0xff, 0xff, 0xff, 0xff, 0xff,
    0xff, 0xff, 0xff, 0xff, 0xff, 0xff, 0xff, 0xff, 0xff, 0xff, 0xff, 0xff,
    0xff, 0xff, 0xff, 0xff, 0xff, 0xff, 0xff, 0xff, 0xff, 0xff, 0xff, 0xff,
    0xff, 0xff, 0xff, 0xff, 0xff, 0xff, 0xff, 0xff, 0xff, 0xff, 0xff, 0xff,
    0xff, 0xff, 0xff, 0xff, 0xff, 0xff, 0xff, 0xff, 0xff, 0xff, 0xff, 0xff,
    0xff, 0xff, 0xff, 0xff, 0xff, 0xff, 0xff, 0xff, 0xff, 0xff, 0xff, 0xff,
    0xff, 0xff, 0xff, 0xff, 0xff, 0xff, 0xff, 0xff, 0xff, 0xff, 0xff, 0xff,
    0xff, 0xff, 0xff, 0xff, 0xff, 0xff, 0xff, 0xff, 0xff, 0xff, 0xff, 0xff,
    0xff, 0xff, 0xff, 0xff, 0xff, 0xff, 0xff, 0xff, 0xff, 0xff, 0xff, 0xff,
    0xff, 0xff, 0xff, 0xff, 0xff, 0xff, 0xff, 0xff, 0xff, 0xff, 0xff, 0xff,
    0xff, 0xff, 0xff, 0xff, 0xff, 0xff, 0xff, 0xff, 0xff, 0xff, 0xff, 0xff,
    0xff, 0xff, 0xff, 0xff, 0xff, 0xff, 0xff, 0xff, 0xff, 0xff, 0xff, 0xff,
    0xff, 0xff, 0xff, 0xff, 0xff, 0xff, 0xff, 0xff, 0xff, 0xff, 0xff, 0xff,
    0xff, 0xff, 0xff, 0xff, 0xff, 0xff, 0xff, 0xff, 0xff, 0xff, 0xff, 0xff,
    0xff, 0xff, 0xff, 0xff, 0xff, 0xff, 0xff, 0xff, 0xff, 0xff, 0xff, 0xff,
    0xff, 0xff, 0xff, 0xff, 0xff, 0xff, 0xff, 0xff, 0xff, 0xff, 0xff, 0xff,
    0xff, 0xff, 0xff, 0xff, 0xff, 0xff, 0xff, 0xff, 0xff, 0xff, 0xff, 0xff,
    0xff, 0xff, 0xff, 0xff, 0xff, 0xff, 0xff, 0xff, 0xff, 0xff, 0xff, 0xff,
    0xff, 0xff, 0xff, 0xff, 0xff, 0xff, 0xff, 0xff, 0xff, 0xff, 0xff, 0xff,
    0xff, 0xff, 0xff, 0xff, 0xff, 0xff, 0xff, 0xff, 0xff, 0xff, 0xff, 0xff,
    0xff, 0xff, 0xff, 0xff, 0xff, 0xff, 0xff, 0xff, 0xff, 0xff, 0xff, 0xff,
    0xff, 0xff, 0xff, 0xff, 0xff, 0xff, 0xff, 0xff, 0xff, 0xff, 0xff, 0xff,
    0xff, 0xff, 0xff, 0xff, 0xff, 0xff, 0xff, 0xff, 0xff, 0xff, 0xff, 0xff,
    0xff, 0xff, 0xff, 0xff, 0xff, 0xff, 0xff, 0xff, 0xff, 0xff, 0xff, 0xff,
    0xff, 0xff, 0xff, 0xff, 0xff, 0xff, 0xff, 0xff, 0xff, 0xff, 0xff, 0xff,
    0xff, 0xff, 0xff, 0xff, 0xff, 0xff, 0x20, 0x00, 0x20, 0x00, 0x20, 0x00,
    0x20, 0x00, 0x20, 0x00, 0x20, 0x00, 0x20, 0x00, 0x20, 0x00, 0x20, 0x00,
    0x20, 0x00, 0x20, 0x00, 0x20, 0x00, 0x20, 0x00, 0x20, 0x00, 0x20, 0x00,
    0x20, 0x00, 0x20, 0x00, 0x20, 0x00, 0x20, 0x00, 0x20, 0x00, 0x20, 0x00,
    0x20, 0x00, 0x20, 0x00, 0x20, 0x00, 0x20, 0x00, 0x20, 0x00, 0x20, 0x00,
    0x20, 0x00, 0x20, 0x00, 0x20, 0x00, 0x20, 0x00, 0x20, 0x00, 0x20, 0x00,
    0x20, 0x00, 0x20, 0x00, 0x20, 0x00, 0x20, 0x00, 0x20, 0x00, 0x20, 0x00,
    0x20, 0x00, 0x20, 0x00, 0x20, 0x00, 0x20, 0x00, 0x20, 0x00, 0x20, 0x00,
    0x20, 0x00, 0x20, 0x00, 0x20, 0x00, 0x20, 0x00, 0x20, 0x00, 0x20, 0x00,
    0xff, 0xff, 0xff, 0xff, 0xff, 0xff, 0xff, 0xff, 0xff, 0xff, 0xff, 0xff,
    0xff, 0xff, 0xff, 0xff, 0xff, 0xff, 0xff, 0xff, 0xff, 0xff, 0xff, 0xff,
    0xff, 0xff, 0xff, 0xff, 0xff, 0xff, 0xff, 0xff, 0xff, 0xff, 0xff, 0xff,
    0xff, 0xff, 0xff, 0xff, 0xff, 0xff, 0xff, 0xff, 0xff, 0xff, 0xff, 0xff,
    0xff, 0xff, 0xff, 0xff, 0xff, 0xff, 0xff, 0xff, 0xff, 0xff, 0xff, 0xff,
    0xff, 0xff, 0xff, 0xff, 0xff, 0xff, 0xff, 0xff, 0xff, 0xff, 0xff, 0xff,
    0xff, 0xff, 0xff, 0xff, 0xff, 0xff, 0xff, 0xff, 0xff, 0xff, 0xff, 0xff,
    0xff, 0xff, 0xff, 0xff, 0xff, 0xff, 0xff, 0xff, 0xff, 0xff, 0xff, 0xff,
    0xff, 0xff, 0xff, 0xff, 0xff, 0xff, 0xff, 0xff, 0xff, 0xff, 0xff, 0xff,
    0xff, 0xff, 0xff, 0xff, 0xff, 0xff, 0xff, 0xff, 0xff, 0xff, 0xff, 0xff,
    0xff, 0xff, 0xff, 0xff, 0xff, 0xff, 0xff, 0xff, 0xff, 0xff, 0xff, 0xff,
    0xff, 0xff, 0xff, 0xff, 0xff, 0xff, 0xff, 0xff, 0xff, 0xff, 0xff, 0xff,
    0xff, 0xff, 0xff, 0xff, 0xff, 0xff, 0xff, 0xff, 0xff, 0xff, 0xff, 0xff,
    0xff, 0xff, 0xff, 0xff, 0xff, 0xff, 0xff, 0xff, 0xff, 0xff, 0xff, 0xff,
    0xff, 0xff, 0xff, 0xff, 0xff, 0xff, 0xff, 0xff, 0xff, 0xff, 0xff, 0xff,
    0xff, 0xff, 0xff, 0xff, 0xff, 0xff, 0xff, 0xff, 0xff, 0xff, 0xff, 0xff,
    0xff, 0xff, 0xff, 0xff, 0xff, 0xff, 0xff, 0xff, 0xff, 0xff, 0xff, 0xff,
    0xff, 0xff, 0xff, 0xff, 0xff, 0xff, 0xff, 0xff, 0xff, 0xff, 0xff, 0xff,
    0xff, 0xff, 0xff, 0xff, 0xff, 0xff, 0xff, 0xff, 0xff, 0xff, 0xff, 0xff,
    0xff, 0xff, 0xff, 0xff, 0xff, 0xff, 0xff, 0xff, 0xff, 0xff, 0xff, 0xff,
    0xff, 0xff, 0xff, 0xff, 0xff, 0xff, 0xff, 0xff, 0xff, 0xff, 0xff, 0xff,
    0xff, 0xff, 0xff, 0xff, 0xff, 0xff, 0xff, 0xff, 0xff, 0xff, 0xff, 0xff,
    0xff, 0xff, 0xff, 0xff, 0xff, 0xff, 0xff, 0xff, 0xff, 0xff, 0xff, 0xff,
    0xff, 0xff, 0xff, 0xff, 0xff, 0xff, 0xff, 0xff, 0xff, 0xff, 0xff, 0xff,
    0xff, 0xff, 0xff, 0xff, 0xff, 0xff, 0xff, 0xff, 0xff, 0xff, 0xff, 0xff,
    0xff, 0xff, 0xff, 0xff, 0xff, 0xff, 0xff, 0xff, 0xff, 0xff, 0xff, 0xff,
    0xff, 0xff, 0xff, 0xff, 0xff, 0xff, 0xff, 0xff, 0xff, 0xff, 0xff, 0xff,
    0xff, 0xff, 0xff, 0xff, 0xff, 0xff, 0xff, 0xff, 0xff, 0xff, 0xff, 0xff,
    0xff, 0xff, 0xff, 0xff, 0xff, 0xff, 0xff, 0xff, 0xff, 0xff, 0xff, 0xff,
    0xff, 0xff, 0xff, 0xff, 0xff, 0xff, 0xff, 0xff, 0xff, 0xff, 0xff, 0xff,
    0xff, 0xff, 0xff, 0xff, 0xff, 0xff, 0xff, 0xff, 0xff, 0xff, 0xff, 0xff,
    0xff, 0xff, 0xff, 0xff, 0xff, 0xff, 0xff, 0xff, 0xff, 0xff, 0xff, 0xff,
    0xff, 0xff, 0xff, 0xff, 0xff, 0xff, 0xff, 0xff, 0xff, 0xff, 0xff, 0xff,
    0xff, 0xff, 0xff, 0xff, 0xff, 0xff, 0xff, 0xff, 0xff, 0xff, 0xff, 0xff,
    0xff, 0xff, 0xff, 0xff, 0xff, 0xff, 0xff, 0xff, 0xff, 0xff, 0xff, 0xff,
    0xff, 0xff, 0xff, 0xff, 0xff, 0xff, 0xff, 0xff, 0xff, 0xff, 0xff, 0xff,
    0xff, 0xff, 0xff, 0xff, 0xff, 0xff, 0xff, 0xff, 0xff, 0xff, 0xff, 0xff,
    0xff, 0xff, 0xff, 0xff, 0xff, 0xff, 0xff, 0xff, 0xff, 0xff, 0xff, 0xff,
    0xff, 0xff, 0xff, 0xff, 0xff, 0xff, 0x20, 0x00, 0x20, 0x00, 0x20, 0x00,
    0x20, 0x00, 0x20, 0x00, 0x20, 0x00, 0x20, 0x00, 0x20, 0x00, 0x20, 0x00,
    0x20, 0x00, 0x20, 0x00, 0x20, 0x00, 0x20, 0x00, 0x20, 0x00, 0x20, 0x00,
    0x20, 0x00, 0x20, 0x00, 0x20, 0x00, 0x20, 0x00, 0x20, 0x00, 0x20, 0x00,
    0x20, 0x00, 0x20, 0x00, 0x20, 0x00, 0x20, 0x00, 0x20, 0x00, 0x20, 0x00,
    0x20, 0x00, 0x20, 0x00, 0x20, 0x00, 0x20, 0x00, 0x20, 0x00, 0x20, 0x00,
    0x20, 0x00, 0x20, 0x00, 0x20, 0x00, 0x20, 0x00, 0x20, 0x00, 0x20, 0x00,
    0x20, 0x00, 0x20, 0x00, 0x20, 0x00, 0x20, 0x00, 0x20, 0x00, 0x20, 0x00,
    0x20, 0x00, 0x20, 0x00, 0x20, 0x00, 0x20, 0x00, 0x20, 0x00, 0x20, 0x00,
    0x20, 0x00, 0x20, 0x00, 0x20, 0x00, 0x20, 0x00, 0x20, 0x00, 0x20, 0x00,
    0x20, 0x00, 0x20, 0x00, 0x20, 0x00, 0x20, 0x00, 0x20, 0x00, 0x20, 0x00,
    0x20, 0x00, 0x20, 0x00, 0x20, 0x00, 0x20, 0x00, 0x20, 0x00, 0x20, 0x00,
    0x20, 0x00, 0x20, 0x00, 0x20, 0x00, 0x20, 0x00, 0x20, 0x00, 0x20, 0x00,
    0x20, 0x00, 0x20, 0x00, 0xff, 0xff, 0xff, 0xff, 0xff, 0xff, 0xff, 0xff,
    0xff, 0xff, 0xff, 0xff, 0xff, 0xff, 0xff, 0xff, 0xff, 0xff, 0xff, 0xff,
    0xff, 0xff, 0xff, 0xff, 0xff, 0xff, 0xff, 0xff, 0xff, 0xff, 0xff, 0xff,
    0xff, 0xff, 0xff, 0xff, 0xff, 0xff, 0xff, 0xff, 0xff, 0xff, 0xff, 0xff,
    0xff, 0xff, 0xff, 0xff, 0xff, 0xff, 0xff, 0xff, 0xff, 0xff, 0xff, 0xff,
    0xff, 0xff, 0xff, 0xff, 0xff, 0xff, 0xff, 0xff, 0x20, 0x00, 0x00, 0x18,
    0x00, 0x18, 0x00, 0x28, 0x00, 0x28, 0x00, 0x28, 0x00, 0x28, 0x00, 0x28,
    0x00, 0x28, 0x00, 0x28, 0x00, 0x28, 0x00, 0x28, 0x00, 0x28, 0x00, 0x28,
    0x00, 0x28, 0x00, 0x28, 0x00, 0x28, 0x00, 0x28, 0x00, 0x28, 0x00, 0x28,
    0x00, 0x28, 0x00, 0x28, 0x00, 0x28, 0x00, 0x28, 0x00, 0x28, 0x00, 0x28,
    0x00, 0x28, 0x00, 0x28, 0x00, 0x28, 0x00, 0x28, 0x00, 0x28, 0x00, 0x28,
    0x00, 0x28, 0x00, 0x28, 0x00, 0x28, 0x00, 0x28, 0x00, 0x28, 0x00, 0x28,
    0x00, 0x28, 0x00, 0x28, 0x00, 0x28, 0x00, 0x28, 0x00, 0x28, 0x00, 0x28,
    0x00, 0x28, 0x00, 0x28, 0x00, 0x28, 0x00, 0x28, 0x00, 0x28, 0x00, 0x28,
    0x00, 0x28, 0x00, 0x28, 0x00, 0x28, 0x00, 0x08, 0x00, 0x08, 0xff, 0xff,
    0xff, 0xff, 0xff, 0xff, 0xff, 0xff, 0xff, 0xff, 0xff, 0xff, 0xff, 0xff,
    0xff, 0xff, 0xff, 0xff, 0xff, 0xff, 0xff, 0xff, 0xff, 0xff, 0xff, 0xff,
    0xff, 0xff, 0xff, 0xff, 0xff, 0xff, 0xff, 0xff, 0xff, 0xff, 0xff, 0xff,
    0xff, 0xff, 0xff, 0xff, 0xff, 0xff, 0xff, 0xff, 0xff, 0xff, 0xff, 0xff,
    0xff, 0xff, 0xff, 0xff, 0xff, 0xff, 0xff, 0xff, 0xff, 0xff, 0xff, 0xff,
    0xff, 0xff, 0xff, 0xff, 0xff, 0xff, 0xff, 0xff, 0xff, 0xff, 0x00, 0x10,
    0x00, 0x10, 0x00, 0x10, 0x00, 0x10, 0x00, 0x10, 0x00, 0x10, 0x00, 0x10,
    0x00, 0x10, 0x00, 0x10, 0x00, 0x10, 0x00, 0x10, 0x00, 0x10, 0x00, 0x10,
    0x00, 0x10, 0x00, 0x10, 0x00, 0x10, 0x00, 0x10, 0x00, 0x10, 0x00, 0x10,
    0x00, 0x10, 0x00, 0x10, 0x00, 0x10, 0x00, 0x10, 0x00, 0x10, 0x00, 0x10,
    0x00, 0x10, 0x00, 0x10, 0x00, 0x10, 0x00, 0x10, 0x00, 0x10, 0x00, 0x10,
    0x00, 0x10, 0x00, 0x10, 0x00, 0x10, 0x00, 0x10, 0x00, 0x10, 0x00, 0x10,
    0x00, 0x10, 0x00, 0x10, 0x00, 0x10, 0x00, 0x10, 0x00, 0x10, 0x00, 0x10,
    0x00, 0x10, 0x00, 0x10, 0x00, 0x10, 0x00, 0x10, 0x00, 0x10, 0x00, 0x10,
    0x00, 0x10, 0x00, 0x10, 0x00, 0x10, 0x20, 0x08, 0xff, 0xff, 0xff, 0xff,
    0xff, 0xff, 0xff, 0xff, 0xff, 0xff, 0xff, 0xff, 0xff, 0xff, 0xff, 0xff,
    0xff, 0xff, 0xff, 0xff, 0xff, 0xff, 0xff, 0xff, 0xff, 0xff, 0xff, 0xff,
    0xff, 0xff, 0xff, 0xff, 0xff, 0xff, 0xff, 0xff, 0xff, 0xff, 0xff, 0xff,
    0xff, 0xff, 0xff, 0xff, 0xff, 0xff, 0xff, 0xff, 0x00, 0x08, 0x00, 0x10,
    0x00, 0x10, 0x00, 0x10, 0x00, 0x10, 0x00, 0x10, 0x00, 0x10, 0x00, 0x10,
    0x00, 0x10, 0x00, 0x10, 0x00, 0x10, 0x00, 0x10, 0x00, 0x10, 0x00, 0x10,
    0x00, 0x10, 0x00, 0x10, 0x00, 0x10, 0x00, 0x10, 0x00, 0x10, 0x00, 0x10,
    0x00, 0x10, 0x00, 0x10, 0x00, 0x10, 0x00, 0x10, 0x00, 0x10, 0x00, 0x10,
    0x00, 0x10, 0xff, 0xff, 0xff, 0xff, 0xff, 0xff, 0xff, 0xff, 0xff, 0xff,
    0xff, 0xff, 0xff, 0xff, 0xff, 0xff, 0xff, 0xff, 0xff, 0xff, 0xff, 0xff,
    0xff, 0xff, 0xff, 0xff, 0xff, 0xff, 0xff, 0xff, 0xff, 0xff, 0xff, 0xff,
    0xff, 0xff, 0xff, 0xff, 0xff, 0xff, 0xff, 0xff, 0xff, 0xff, 0xff, 0xff,
    0xff, 0xff, 0xff, 0xff, 0xff, 0xff, 0xff, 0xff, 0xff, 0xff, 0xff, 0xff,
    0xff, 0xff, 0xff, 0xff, 0xff, 0xff, 0xff, 0xff, 0xff, 0xff, 0xff, 0xff,
    0xff, 0xff, 0xff, 0xff, 0xff, 0xff, 0xff, 0xff, 0xff, 0xff, 0xff, 0xff,
    0xff, 0xff, 0xff, 0xff, 0xff, 0xff, 0xff, 0xff, 0xff, 0xff, 0xff, 0xff,
    0xff, 0xff, 0xff, 0xff, 0x20, 0x08, 0x00, 0x10, 0x00, 0x10, 0x00, 0x10,
    0x00, 0x10, 0x00, 0x10, 0x00, 0x10, 0x00, 0x10, 0x00, 0x10, 0x00, 0x10,
    0x00, 0x10, 0x00, 0x10, 0x00, 0x10, 0x00, 0x10, 0x00, 0x10, 0x00, 0x10,
    0x00, 0x10, 0x00, 0x10, 0x00, 0x10, 0x00, 0x10, 0x00, 0x10, 0x00, 0x10,
    0x00, 0x10, 0x00, 0x10, 0x00, 0x10, 0x00, 0x10, 0x00, 0x10, 0x20, 0x08,
    0xff, 0xff, 0xff, 0xff, 0xff, 0xff, 0xff, 0xff, 0xff, 0xff, 0xff, 0xff,
    0xff, 0xff, 0xff, 0xff, 0xff, 0xff, 0xff, 0xff, 0x20, 0x00, 0x00, 0x18,
    0x00, 0x18, 0x00, 0x28, 0x00, 0x28, 0x00, 0x28, 0x00, 0x28, 0x00, 0x28,
    0x00, 0x28, 0x00, 0x28, 0x00, 0x28, 0x00, 0x28, 0x00, 0x28, 0x00, 0x28,
    0x00, 0x28, 0x00, 0x28, 0x00, 0x28, 0x00, 0x28, 0x00, 0x28, 0x00, 0x28,
    0x00, 0x28, 0x00, 0x28, 0x00, 0x28, 0x00, 0x28, 0x00, 0x28, 0x00, 0x28,
    0x00, 0x28, 0x00, 0x28, 0x00, 0x28, 0x00, 0x28, 0x00, 0x28, 0x00, 0x28,
    0x00, 0x28, 0x00, 0x28, 0x00, 0x28, 0x00, 0x28, 0x00, 0x28, 0x00, 0x28,
    0x00, 0x28, 0x00, 0x28, 0x00, 0x28, 0x00, 0x28, 0x00, 0x28, 0x00, 0x28,
    0x00, 0x28, 0x00, 0x28, 0x00, 0x28, 0x00, 0x28, 0x00, 0x28, 0x00, 0x28,
    0x00, 0x28, 0x00, 0x28, 0x00, 0x28, 0x00, 0x28, 0x00, 0x28, 0x00, 0x28,
    0x00, 0x28, 0x00, 0x28, 0x00, 0x28, 0x00, 0x28, 0x00, 0x28, 0x00, 0x28,
    0x00, 0x28, 0x00, 0x28, 0x00, 0x28, 0x00, 0x28, 0x00, 0x28, 0x00, 0x28,
    0x00, 0x28, 0x00, 0x28, 0x00, 0x28, 0x00, 0x28, 0x00, 0x28, 0x00, 0x28,
    0x00, 0x28, 0x00, 0x28, 0x00, 0x28, 0x00, 0x28, 0x00, 0x28, 0x20, 0x08,
    0xff, 0xff, 0xff, 0xff, 0xff, 0xff, 0xff, 0xff, 0xff, 0xff, 0xff, 0xff,
    0xff, 0xff, 0xff, 0xff, 0xff, 0xff, 0xff, 0xff, 0xff, 0xff, 0xff, 0xff,
    0xff, 0xff, 0xff, 0xff, 0xff, 0xff, 0xff, 0xff, 0xff, 0xff, 0xff, 0xff,
    0xff, 0xff, 0xff, 0xff, 0xff, 0xff, 0xff, 0xff, 0xff, 0xff, 0xff, 0xff,
    0xff, 0xff, 0xff, 0xff, 0xff, 0xff, 0xff, 0xff, 0xff, 0xff, 0xff, 0xff,
    0xff, 0xff, 0x20, 0x00, 0x00, 0x18, 0xc6, 0x51, 0x65, 0x61, 0x65, 0x61,
    0x85, 0x61, 0x65, 0x61, 0x65, 0x61, 0x85, 0x61, 0x65, 0x61, 0x65, 0x61,
    0x85, 0x61, 0x65, 0x61, 0x65, 0x61, 0x85, 0x61, 0x65, 0x61, 0x65, 0x61,
    0x85, 0x61, 0x65, 0x61, 0x65, 0x61, 0x85, 0x61, 0x65, 0x61, 0x65, 0x61,
    0x85, 0x61, 0x65, 0x61, 0x65, 0x61, 0x85, 0x61, 0x65, 0x61, 0x65, 0x61,
    0x85, 0x61, 0x65, 0x61, 0x65, 0x61, 0x85, 0x61, 0x65, 0x61, 0x65, 0x61,
    0x85, 0x61, 0x65, 0x61, 0x65, 0x61, 0x85, 0x61, 0x65, 0x61, 0x65, 0x61,
    0x85, 0x61, 0x65, 0x61, 0x65, 0x61, 0x85, 0x61, 0x65, 0x61, 0x65, 0x61,
    0x85, 0x61, 0x65, 0x61, 0x65, 0x61, 0x85, 0x61, 0x65, 0x61, 0x65, 0x61,
    0x61, 0x18, 0x00, 0x08, 0x20, 0x00, 0xff, 0xff, 0xff, 0xff, 0xff, 0xff,
    0xff, 0xff, 0xff, 0xff, 0xff, 0xff, 0xff, 0xff, 0xff, 0xff, 0xff, 0xff,
    0xff, 0xff, 0xff, 0xff, 0xff, 0xff, 0xff, 0xff, 0xff, 0xff, 0xff, 0xff,
    0xff, 0xff, 0xff, 0xff, 0xff, 0xff, 0xff, 0xff, 0xff, 0xff, 0xff, 0xff,
    0xff, 0xff, 0xff, 0xff, 0xff, 0xff, 0xff, 0xff, 0xff, 0xff, 0xff, 0xff,
    0xff, 0xff, 0xff, 0xff, 0xff, 0xff, 0xff, 0xff, 0xff, 0xff, 0xff, 0xff,
    0xff, 0xff, 0x20, 0x00, 0x00, 0x10, 0x00, 0x10, 0x00, 0x10, 0x00, 0x18,
    0x00, 0x18, 0x00, 0x10, 0x00, 0x18, 0x00, 0x18, 0x00, 0x10, 0x00, 0x18,
    0x00, 0x18, 0x00, 0x10, 0x00, 0x18, 0x00, 0x18, 0x00, 0x10, 0x00, 0x18,
    0x00, 0x18, 0x00, 0x10, 0x00, 0x18, 0x00, 0x18, 0x00, 0x10, 0x00, 0x18,
    0x00, 0x18, 0x00, 0x10, 0x00, 0x18, 0x00, 0x18, 0x00, 0x10, 0x00, 0x18,
    0x00, 0x18, 0x00, 0x10, 0x00, 0x18, 0x00, 0x18, 0x00, 0x10, 0x00, 0x18,
    0x00, 0x18, 0x00, 0x10, 0x00, 0x18, 0x00, 0x18, 0x00, 0x10, 0x00, 0x18,
    0x00, 0x18, 0x00, 0x10, 0x00, 0x18, 0x00, 0x18, 0x00, 0x10, 0x00, 0x18,
    0x00, 0x18, 0x00, 0x10, 0x00, 0x18, 0x00, 0x18, 0x00, 0x10, 0x00, 0x10,
    0x20, 0x08, 0x20, 0x08, 0xff, 0xff, 0xff, 0xff, 0xff, 0xff, 0xff, 0xff,
    0xff, 0xff, 0xff, 0xff, 0xff, 0xff, 0xff, 0xff, 0xff, 0xff, 0xff, 0xff,
    0xff, 0xff, 0xff, 0xff, 0xff, 0xff, 0xff, 0xff, 0xff, 0xff, 0xff, 0xff,
    0xff, 0xff, 0xff, 0xff, 0xff, 0xff, 0xff, 0xff, 0xff, 0xff, 0xff, 0xff,
    0x00, 0x08, 0x00, 0x08, 0x00, 0x10, 0x00, 0x18, 0x00, 0x18, 0x00, 0x10,
    0x00, 0x18, 0x00, 0x18, 0x00, 0x10, 0x00, 0x18, 0x00, 0x18, 0x00, 0x10,
    0x00, 0x18, 0x00, 0x18, 0x00, 0x10, 0x00, 0x18, 0x00, 0x18, 0x00, 0x10,
    0x00, 0x18, 0x00, 0x18, 0x00, 0x10, 0x00, 0x18, 0x00, 0x18, 0x00, 0x10,
    0x00, 0x18, 0x00, 0x10, 0x00, 0x10, 0x00, 0x10, 0x20, 0x00, 0xff, 0xff,
    0xff, 0xff, 0xff, 0xff, 0xff, 0xff, 0xff, 0xff, 0xff, 0xff, 0xff, 0xff,
    0xff, 0xff, 0xff, 0xff, 0xff, 0xff, 0xff, 0xff, 0xff, 0xff, 0xff, 0xff,
    0xff, 0xff, 0xff, 0xff, 0xff, 0xff, 0xff, 0xff, 0xff, 0xff, 0xff, 0xff,
    0xff, 0xff, 0xff, 0xff, 0xff, 0xff, 0xff, 0xff, 0xff, 0xff, 0xff, 0xff,
    0xff, 0xff, 0xff, 0xff, 0xff, 0xff, 0xff, 0xff, 0xff, 0xff, 0xff, 0xff,
    0xff, 0xff, 0xff, 0xff, 0xff, 0xff, 0xff, 0xff, 0xff, 0xff, 0xff, 0xff,
    0xff, 0xff, 0xff, 0xff, 0xff, 0xff, 0xff, 0xff, 0xff, 0xff, 0xff, 0xff,
    0xff, 0xff, 0xff, 0xff, 0xff, 0xff, 0xff, 0xff, 0x20, 0x08, 0x20, 0x00,
    0x00, 0x10, 0x00, 0x10, 0x00, 0x10, 0x00, 0x18, 0x00, 0x18, 0x00, 0x10,
    0x00, 0x18, 0x00, 0x18, 0x00, 0x10, 0x00, 0x18, 0x00, 0x18, 0x00, 0x10,
    0x00, 0x18, 0x00, 0x18, 0x00, 0x10, 0x00, 0x18, 0x00, 0x18, 0x00, 0x10,
    0x00, 0x18, 0x00, 0x18, 0x00, 0x10, 0x00, 0x18, 0x00, 0x18, 0x00, 0x10,
    0x00, 0x18, 0x00, 0x10, 0x20, 0x08, 0x20, 0x08, 0xff, 0xff, 0xff, 0xff,
    0xff, 0xff, 0xff, 0xff, 0xff, 0xff, 0xff, 0xff, 0xff, 0xff, 0xff, 0xff,
    0xff, 0xff, 0x20, 0x00, 0x00, 0x18, 0xc6, 0x51, 0x65, 0x61, 0x65, 0x61,
    0x85, 0x61, 0x65, 0x61, 0x65, 0x61, 0x85, 0x61, 0x65, 0x61, 0x65, 0x61,
    0x85, 0x61, 0x65, 0x61, 0x65, 0x61, 0x85, 0x61, 0x65, 0x61, 0x65, 0x61,
    0x85, 0x61, 0x65, 0x61, 0x65, 0x61, 0x85, 0x61, 0x65, 0x61, 0x65, 0x61,
    0x85, 0x61, 0x65, 0x61, 0x65, 0x61, 0x85, 0x61, 0x65, 0x61, 0x65, 0x61,
    0x85, 0x61, 0x65, 0x61, 0x65, 0x61, 0x85, 0x61, 0x65, 0x61, 0x65, 0x61,
    0x85, 0x61, 0x65, 0x61, 0x65, 0x61, 0x85, 0x61, 0x65, 0x61, 0x65, 0x61,
    0x85, 0x61, 0x65, 0x61, 0x65, 0x61, 0x85, 0x61, 0x65, 0x61, 0x65, 0x61,
    0x85, 0x61, 0x65, 0x61, 0x65, 0x61, 0x85, 0x61, 0x65, 0x61, 0x65, 0x61,
    0x85, 0x61, 0x65, 0x61, 0x65, 0x61, 0x85, 0x61, 0x65, 0x61, 0x65, 0x61,
    0x85, 0x61, 0x65, 0x61, 0x65, 0x61, 0x85, 0x61, 0x65, 0x61, 0x65, 0x61,
    0x85, 0x61, 0x65, 0x61, 0x65, 0x61, 0x85, 0x61, 0x65, 0x61, 0x65, 0x61,
    0x85, 0x61, 0x65, 0x61, 0x65, 0x61, 0x85, 0x61, 0x65, 0x61, 0x65, 0x61,
    0x65, 0x61, 0x24, 0x51, 0x20, 0x08, 0x20, 0x00, 0xff, 0xff, 0xff, 0xff,
    0xff, 0xff, 0xff, 0xff, 0xff, 0xff, 0xff, 0xff, 0xff, 0xff, 0xff, 0xff,
    0xff, 0xff, 0xff, 0xff, 0xff, 0xff, 0xff, 0xff, 0xff, 0xff, 0xff, 0xff,
    0xff, 0xff, 0xff, 0xff, 0xff, 0xff, 0xff, 0xff, 0xff, 0xff, 0xff, 0xff,
    0xff, 0xff, 0xff, 0xff, 0xff, 0xff, 0xff, 0xff, 0xff, 0xff, 0xff, 0xff,
    0xff, 0xff, 0xff, 0xff, 0xff, 0xff, 0xff, 0xff, 0x21, 0x00, 0x00, 0x40,
    0x8d, 0xc3, 0xe9, 0xfa, 0xc9, 0xfa, 0xe9, 0xfa, 0xca, 0xfa, 0xe9, 0xfa,
    0xe9, 0xfa, 0xca, 0xfa, 0xe9, 0xfa, 0xc9, 0xfa, 0xea, 0xfa, 0xc9, 0xfa,
    0xe9, 0xfa, 0xca, 0xfa, 0xe9, 0xfa, 0xe9, 0xfa, 0xca, 0xfa, 0xe9, 0xfa,
    0xc9, 0xfa, 0xea, 0xfa, 0xc9, 0xfa, 0xe9, 0xfa, 0xca, 0xfa, 0xe9, 0xfa,
    0xe9, 0xfa, 0xca, 0xfa, 0xe9, 0xfa, 0xc9, 0xfa, 0xea, 0xfa, 0xc9, 0xfa,
    0xe9, 0xfa, 0xca, 0xfa, 0xe9, 0xfa, 0xe9, 0xfa, 0xca, 0xfa, 0xe9, 0xfa,
    0xc9, 0xfa, 0xea, 0xfa, 0xc9, 0xfa, 0xe9, 0xfa, 0xca, 0xfa, 0xe9, 0xfa,
    0xe9, 0xfa, 0xca, 0xfa, 0xe9, 0xfa, 0xc9, 0xfa, 0xea, 0xfa, 0xc9, 0xfa,
    0xe9, 0xfa, 0xc9, 0xfa, 0xc9, 0xfa, 0xe3, 0x38, 0x00, 0x10, 0x00, 0x08,
    0x00, 0x08, 0xff, 0xff, 0xff, 0xff, 0xff, 0xff, 0xff, 0xff, 0xff, 0xff,
    0xff, 0xff, 0xff, 0xff, 0xff, 0xff, 0xff, 0xff, 0xff, 0xff, 0xff, 0xff,
    0xff, 0xff, 0xff, 0xff, 0xff, 0xff, 0xff, 0xff, 0xff, 0xff, 0xff, 0xff,
    0xff, 0xff, 0xff, 0xff, 0xff, 0xff, 0xff, 0xff, 0xff, 0xff, 0xff, 0xff,
    0xff, 0xff, 0xff, 0xff, 0xff, 0xff, 0xff, 0xff, 0xff, 0xff, 0xff, 0xff,
    0xff, 0xff, 0xff, 0xff, 0xff, 0xff, 0x00, 0x08, 0x00, 0x08, 0xa1, 0x70,
    0x4b, 0xc3, 0xe9, 0xe2, 0xe9, 0xe2, 0xe9, 0xe2, 0xe9, 0xe2, 0xe9, 0xe2,
    0xe9, 0xe2, 0xe9, 0xe2, 0xe9, 0xe2, 0xe9, 0xe2, 0xe9, 0xe2, 0xe9, 0xe2,
    0xe9, 0xe2, 0xe9, 0xe2, 0xe9, 0xe2, 0xe9, 0xe2, 0xe9, 0xe2, 0xe9, 0xe2,
    0xe9, 0xe2, 0xe9, 0xe2, 0xe9, 0xe2, 0xe9, 0xe2, 0xe9, 0xe2, 0xe9, 0xe2,
    0xe9, 0xe2, 0xe9, 0xe2, 0xe9, 0xe2, 0xe9, 0xe2, 0xe9, 0xe2, 0xe9, 0xe2,
    0xe9, 0xe2, 0xe9, 0xe2, 0xe9, 0xe2, 0xe9, 0xe2, 0xe9, 0xe2, 0xe9, 0xe2,
    0xe9, 0xe2, 0xe9, 0xe2, 0xe9, 0xe2, 0xe9, 0xe2, 0xe9, 0xe2, 0xe9, 0xe2,
    0xe9, 0xe2, 0xe9, 0xe2, 0xe9, 0xe2, 0xe9, 0xe2, 0xe9, 0xe2, 0xe9, 0xe2,
    0xe9, 0xe2, 0xe9, 0xe2, 0xe9, 0xe2, 0x00, 0x08, 0x00, 0x08, 0x20, 0x00,
    0xff, 0xff, 0xff, 0xff, 0xff, 0xff, 0xff, 0xff, 0xff, 0xff, 0xff, 0xff,
    0xff, 0xff, 0xff, 0xff, 0xff, 0xff, 0xff, 0xff, 0xff, 0xff, 0xff, 0xff,
    0xff, 0xff, 0xff, 0xff, 0xff, 0xff, 0xff, 0xff, 0xff, 0xff, 0xff, 0xff,
    0xff, 0xff, 0xff, 0xff, 0x20, 0x00, 0x00, 0x18, 0x65, 0x51, 0xe9, 0xe2,
    0xe9, 0xe2, 0xe9, 0xe2, 0xe9, 0xe2, 0xe9, 0xe2, 0xe9, 0xe2, 0xe9, 0xe2,
    0xe9, 0xe2, 0xe9, 0xe2, 0xe9, 0xe2, 0xe9, 0xe2, 0xe9, 0xe2, 0xe9, 0xe2,
    0xe9, 0xe2, 0xe9, 0xe2, 0xe9, 0xe2, 0xe9, 0xe2, 0xe9, 0xe2, 0xe9, 0xe2,
    0xe9, 0xe2, 0xe9, 0xe2, 0xe9, 0xe2, 0xe9, 0xe2, 0xe9, 0xe2, 0x4b, 0xc3,
    0x40, 0x60, 0x00, 0x08, 0x00, 0x08, 0xff, 0xff, 0xff, 0xff, 0xff, 0xff,
    0xff, 0xff, 0xff, 0xff, 0xff, 0xff, 0xff, 0xff, 0xff, 0xff, 0xff, 0xff,
    0xff, 0xff, 0xff, 0xff, 0xff, 0xff, 0xff, 0xff, 0xff, 0xff, 0xff, 0xff,
    0xff, 0xff, 0xff, 0xff, 0xff, 0xff, 0xff, 0xff, 0xff, 0xff, 0xff, 0xff,
    0xff, 0xff, 0xff, 0xff, 0xff, 0xff, 0xff, 0xff, 0xff, 0xff, 0xff, 0xff,
    0xff, 0xff, 0xff, 0xff, 0xff, 0xff, 0xff, 0xff, 0xff, 0xff, 0xff, 0xff,
    0xff, 0xff, 0xff, 0xff, 0xff, 0xff, 0xff, 0xff, 0xff, 0xff, 0xff, 0xff,
    0xff, 0xff, 0xff, 0xff, 0xff, 0xff, 0xff, 0xff, 0xff, 0xff, 0xff, 0xff,
    0xff, 0xff, 0x00, 0x08, 0x00, 0x08, 0x23, 0x99, 0x2a, 0xd3, 0xe9, 0xe2,
    0xe9, 0xe2, 0xe9, 0xe2, 0xe9, 0xe2, 0xe9, 0xe2, 0xe9, 0xe2, 0xe9, 0xe2,
    0xe9, 0xe2, 0xe9, 0xe2, 0xe9, 0xe2, 0xe9, 0xe2, 0xe9, 0xe2, 0xe9, 0xe2,
    0xe9, 0xe2, 0xe9, 0xe2, 0xe9, 0xe2, 0xe9, 0xe2, 0xe9, 0xe2, 0xe9, 0xe2,
    0xe9, 0xe2, 0xe9, 0xe2, 0xe9, 0xe2, 0xe9, 0xe2, 0xe9, 0xe2, 0xa2, 0x28,
    0x00, 0x10, 0x20, 0x00, 0xff, 0xff, 0xff, 0xff, 0xff, 0xff, 0xff, 0xff,
    0xff, 0xff, 0xff, 0xff, 0xff, 0xff, 0xff, 0xff, 0x21, 0x00, 0x00, 0x40,
    0x8d, 0xc3, 0xe9, 0xfa, 0xc9, 0xfa, 0xe9, 0xfa, 0xca, 0xfa, 0xe9, 0xfa,
    0xe9, 0xfa, 0xca, 0xfa, 0xe9, 0xfa, 0xc9, 0xfa, 0xea, 0xfa, 0xc9, 0xfa,
    0xe9, 0xfa, 0xca, 0xfa, 0xe9, 0xfa, 0xe9, 0xfa, 0xca, 0xfa, 0xe9, 0xfa,
    0xc9, 0xfa, 0xea, 0xfa, 0xc9, 0xfa, 0xe9, 0xfa, 0xca, 0xfa, 0xe9, 0xfa,
    0xe9, 0xfa, 0xca, 0xfa, 0xe9, 0xfa, 0xc9, 0xfa, 0xea, 0xfa, 0xc9, 0xfa,
    0xe9, 0xfa, 0xca, 0xfa, 0xe9, 0xfa, 0xe9, 0xfa, 0xca, 0xfa, 0xe9, 0xfa,
    0xc9, 0xfa, 0xea, 0xfa, 0xc9, 0xfa, 0xe9, 0xfa, 0xca, 0xfa, 0xe9, 0xfa,
    0xe9, 0xfa, 0xca, 0xfa, 0xe9, 0xfa, 0xc9, 0xfa, 0xea, 0xfa, 0xc9, 0xfa,
    0xe9, 0xfa, 0xca, 0xfa, 0xe9, 0xfa, 0xe9, 0xfa, 0xca, 0xfa, 0xe9, 0xfa,
    0xc9, 0xfa, 0xea, 0xfa, 0xc9, 0xfa, 0xe9, 0xfa, 0xca, 0xfa, 0xe9, 0xfa,
    0xe9, 0xfa, 0xca, 0xfa, 0xe9, 0xfa, 0xc9, 0xfa, 0xea, 0xfa, 0xc9, 0xfa,
    0xe9, 0xfa, 0xca, 0xfa, 0xe9, 0xfa, 0xe9, 0xfa, 0xca, 0xfa, 0xe9, 0xfa,
    0xc9, 0xfa, 0xea, 0xfa, 0xe9, 0xfa, 0xea, 0xf2, 0x68, 0xda, 0x00, 0x08,
    0x00, 0x08, 0x20, 0x08, 0xff, 0xff, 0xff, 0xff, 0xff, 0xff, 0xff, 0xff,
    0xff, 0xff, 0xff, 0xff, 0xff, 0xff, 0xff, 0xff, 0xff, 0xff, 0xff, 0xff,
    0xff, 0xff, 0xff, 0xff, 0xff, 0xff, 0xff, 0xff, 0xff, 0xff, 0xff, 0xff,
    0xff, 0xff, 0xff, 0xff, 0xff, 0xff, 0xff, 0xff, 0xff, 0xff, 0xff, 0xff,
    0xff, 0xff, 0xff, 0xff, 0xff, 0xff, 0xff, 0xff, 0xff, 0xff, 0xff, 0xff,
    0xff, 0xff, 0x20, 0x08, 0x00, 0x40, 0x8d, 0xc3, 0xc9, 0xfa, 0xe9, 0xf2,
    0xc9, 0xfa, 0xe9, 0xfa, 0xc9, 0xf2, 0xc9, 0xfa, 0xe9, 0xfa, 0xc9, 0xf2,
    0xe9, 0xfa, 0xc9, 0xfa, 0xe9, 0xf2, 0xc9, 0xfa, 0xe9, 0xfa, 0xc9, 0xf2,
    0xc9, 0xfa, 0xe9, 0xfa, 0xc9, 0xf2, 0xe9, 0xfa, 0xc9, 0xfa, 0xe9, 0xf2,
    0xc9, 0xfa, 0xe9, 0xfa, 0xc9, 0xf2, 0xc9, 0xfa, 0xe9, 0xfa, 0xc9, 0xf2,
    0xe9, 0xfa, 0xc9, 0xfa, 0xe9, 0xf2, 0xc9, 0xfa, 0xe9, 0xfa, 0xc9, 0xf2,
    0xc9, 0xfa, 0xe9, 0xfa, 0xc9, 0xf2, 0xe9, 0xfa, 0xc9, 0xfa, 0xe9, 0xf2,
    0xc9, 0xfa, 0xe9, 0xfa, 0xc9, 0xf2, 0xc9, 0xfa, 0xe9, 0xfa, 0xc9, 0xf2,
    0xe9, 0xfa, 0xc9, 0xfa, 0xe9, 0xf2, 0xea, 0xfa, 0xe9, 0xfa, 0xe9, 0xf2,
    0xe3, 0x38, 0x00, 0x10, 0x00, 0x08, 0x00, 0x08, 0x20, 0x00, 0xff, 0xff,
    0xff, 0xff, 0xff, 0xff, 0xff, 0xff, 0xff, 0xff, 0xff, 0xff, 0xff, 0xff,
    0xff, 0xff, 0xff, 0xff, 0xff, 0xff, 0xff, 0xff, 0xff, 0xff, 0xff, 0xff,
    0xff, 0xff, 0xff, 0xff, 0xff, 0xff, 0xff, 0xff, 0xff, 0xff, 0xff, 0xff,
    0xff, 0xff, 0xff, 0xff, 0xff, 0xff, 0xff, 0xff, 0xff, 0xff, 0xff, 0xff,
    0xff, 0xff, 0xff, 0xff, 0xff, 0xff, 0xff, 0xff, 0xff, 0xff, 0xff, 0xff,
    0x00, 0x08, 0x00, 0x08, 0xa1, 0x70, 0x6c, 0xd3, 0x0a, 0xeb, 0x0a, 0xeb,
    0x0a, 0xeb, 0x0a, 0xeb, 0x0a, 0xeb, 0x0a, 0xeb, 0x0a, 0xeb, 0x0a, 0xeb,
    0x0a, 0xeb, 0x0a, 0xeb, 0x0a, 0xeb, 0x0a, 0xeb, 0x0a, 0xeb, 0x0a, 0xeb,
    0x0a, 0xeb, 0x0a, 0xeb, 0x0a, 0xeb, 0x0a, 0xeb, 0x0a, 0xeb, 0x0a, 0xeb,
    0x0a, 0xeb, 0x0a, 0xeb, 0x0a, 0xeb, 0x0a, 0xeb, 0x0a, 0xeb, 0x0a, 0xeb,
    0x0a, 0xeb, 0x0a, 0xeb, 0x0a, 0xeb, 0x0a, 0xeb, 0x0a, 0xeb, 0x0a, 0xeb,
    0x0a, 0xeb, 0x0a, 0xeb, 0x0a, 0xeb, 0x0a, 0xeb, 0x0a, 0xeb, 0x0a, 0xeb,
    0x0a, 0xeb, 0x0a, 0xeb, 0x0a, 0xeb, 0x0a, 0xeb, 0x0a, 0xeb, 0x0a, 0xeb,
    0x0a, 0xeb, 0x0a, 0xeb, 0x0a, 0xeb, 0x0a, 0xeb, 0x0a, 0xeb, 0x0a, 0xeb,
    0x00, 0x08, 0x00, 0x08, 0x20, 0x00, 0x20, 0x08, 0xff, 0xff, 0xff, 0xff,
    0xff, 0xff, 0xff, 0xff, 0xff, 0xff, 0xff, 0xff, 0xff, 0xff, 0xff, 0xff,
    0xff, 0xff, 0xff, 0xff, 0xff, 0xff, 0xff, 0xff, 0xff, 0xff, 0xff, 0xff,
    0xff, 0xff, 0xff, 0xff, 0xff, 0xff, 0xff, 0xff, 0xff, 0xff, 0x20, 0x00,
    0x00, 0x18, 0xc6, 0x59, 0x0a, 0xeb, 0x0a, 0xeb, 0x0a, 0xeb, 0x0a, 0xeb,
    0x0a, 0xeb, 0x0a, 0xeb, 0x0a, 0xeb, 0x0a, 0xeb, 0x0a, 0xeb, 0x0a, 0xeb,
    0x0a, 0xeb, 0x0a, 0xeb, 0x0a, 0xeb, 0x0a, 0xeb, 0x0a, 0xeb, 0x0a, 0xeb,
    0x0a, 0xeb, 0x0a, 0xeb, 0x0a, 0xeb, 0x0a, 0xeb, 0x0a, 0xeb, 0x0a, 0xeb,
    0x0a, 0xeb, 0x0a, 0xeb, 0x6d, 0xc3, 0x40, 0x68, 0x00, 0x08, 0x00, 0x08,
    0x20, 0x00, 0xff, 0xff, 0xff, 0xff, 0xff, 0xff, 0xff, 0xff, 0xff, 0xff,
    0xff, 0xff, 0xff, 0xff, 0xff, 0xff, 0xff, 0xff, 0xff, 0xff, 0xff, 0xff,
    0xff, 0xff, 0xff, 0xff, 0xff, 0xff, 0xff, 0xff, 0xff, 0xff, 0xff, 0xff,
    0xff, 0xff, 0xff, 0xff, 0xff, 0xff, 0xff, 0xff, 0xff, 0xff, 0xff, 0xff,
    0xff, 0xff, 0xff, 0xff, 0xff, 0xff, 0xff, 0xff, 0xff, 0xff, 0xff, 0xff,
    0xff, 0xff, 0xff, 0xff, 0xff, 0xff, 0xff, 0xff, 0xff, 0xff, 0xff, 0xff,
    0xff, 0xff, 0xff, 0xff, 0xff, 0xff, 0xff, 0xff, 0xff, 0xff, 0xff, 0xff,
    0xff, 0xff, 0xff, 0xff, 0xff, 0xff, 0xff, 0xff, 0x00, 0x08, 0x00, 0x08,
    0x84, 0xa1, 0x4b, 0xd3, 0x0a, 0xeb, 0x0a, 0xeb, 0x0a, 0xeb, 0x0a, 0xeb,
    0x0a, 0xeb, 0x0a, 0xeb, 0x0a, 0xeb, 0x0a, 0xeb, 0x0a, 0xeb, 0x0a, 0xeb,
    0x0a, 0xeb, 0x0a, 0xeb, 0x0a, 0xeb, 0x0a, 0xeb, 0x0a, 0xeb, 0x0a, 0xeb,
    0x0a, 0xeb, 0x0a, 0xeb, 0x0a, 0xeb, 0x0a, 0xeb, 0x0a, 0xeb, 0x0a, 0xeb,
    0x0a, 0xeb, 0xea, 0xea, 0xa2, 0x28, 0x00, 0x10, 0x00, 0x00, 0x20, 0x08,
    0xff, 0xff, 0xff, 0xff, 0xff, 0xff, 0xff, 0xff, 0xff, 0xff, 0xff, 0xff,
    0xff, 0xff, 0x20, 0x08, 0x00, 0x40, 0x8d, 0xc3, 0xc9, 0xfa, 0xe9, 0xf2,
    0xc9, 0xfa, 0xe9, 0xfa, 0xc9, 0xf2, 0xc9, 0xfa, 0xe9, 0xfa, 0xc9, 0xf2,
    0xe9, 0xfa, 0xc9, 0xfa, 0xe9, 0xf2, 0xc9, 0xfa, 0xe9, 0xfa, 0xc9, 0xf2,
    0xc9, 0xfa, 0xe9, 0xfa, 0xc9, 0xf2, 0xe9, 0xfa, 0xc9, 0xfa, 0xe9, 0xf2,
    0xc9, 0xfa, 0xe9, 0xfa, 0xc9, 0xf2, 0xc9, 0xfa, 0xe9, 0xfa, 0xc9, 0xf2,
    0xe9, 0xfa, 0xc9, 0xfa, 0xe9, 0xf2, 0xc9, 0xfa, 0xe9, 0xfa, 0xc9, 0xf2,
    0xc9, 0xfa, 0xe9, 0xfa, 0xc9, 0xf2, 0xe9, 0xfa, 0xc9, 0xfa, 0xe9, 0xf2,
    0xc9, 0xfa, 0xe9, 0xfa, 0xc9, 0xf2, 0xc9, 0xfa, 0xe9, 0xfa, 0xc9, 0xf2,
    0xe9, 0xfa, 0xc9, 0xfa, 0xe9, 0xf2, 0xc9, 0xfa, 0xe9, 0xfa, 0xc9, 0xf2,
    0xc9, 0xfa, 0xe9, 0xfa, 0xc9, 0xf2, 0xe9, 0xfa, 0xc9, 0xfa, 0xe9, 0xf2,
    0xc9, 0xfa, 0xe9, 0xfa, 0xc9, 0xf2, 0xc9, 0xfa, 0xe9, 0xfa, 0xc9, 0xf2,
    0xe9, 0xfa, 0xc9, 0xfa, 0xe9, 0xf2, 0xc9, 0xfa, 0xe9, 0xfa, 0xc9, 0xf2,
    0xc9, 0xfa, 0xe9, 0xfa, 0xc9, 0xf2, 0xe9, 0xfa, 0xc9, 0xfa, 0xe9, 0xf2,
    0xea, 0xf2, 0x88, 0xda, 0x00, 0x08, 0x00, 0x08, 0x20, 0x00, 0x20, 0x08,
    0xff, 0xff, 0xff, 0xff, 0xff, 0xff, 0xff, 0xff, 0xff, 0xff, 0xff, 0xff,
    0xff, 0xff, 0xff, 0xff, 0xff, 0xff, 0xff, 0xff, 0xff, 0xff, 0xff, 0xff,
    0xff, 0xff, 0xff, 0xff, 0xff, 0xff, 0xff, 0xff, 0xff, 0xff, 0xff, 0xff,
    0xff, 0xff, 0xff, 0xff, 0xff, 0xff, 0xff, 0xff, 0xff, 0xff, 0xff, 0xff,
    0xff, 0xff, 0xff, 0xff, 0xff, 0xff, 0xff, 0xff, 0x20, 0x00, 0x00, 0x48,
    0x6d, 0xc3, 0xc9, 0xfa, 0xc9, 0xfa, 0xc9, 0xfa, 0xc9, 0xfa, 0xc9, 0xfa,
    0xc9, 0xfa, 0xc9, 0xfa, 0xc9, 0xfa, 0xc9, 0xfa, 0xc9, 0xfa, 0xc9, 0xfa,
    0xc9, 0xfa, 0xc9, 0xfa, 0xc9, 0xfa, 0xc9, 0xfa, 0xc9, 0xfa, 0xc9, 0xfa,
    0xc9, 0xfa, 0xc9, 0xfa, 0xc9, 0xfa, 0xc9, 0xfa, 0xc9, 0xfa, 0xc9, 0xfa,
    0xc9, 0xfa, 0xc9, 0xfa, 0xc9, 0xfa, 0xc9, 0xfa, 0xc9, 0xfa, 0xc9, 0xfa,
    0xc9, 0xfa, 0xc9, 0xfa, 0xc9, 0xfa, 0xc9, 0xfa, 0xc9, 0xfa, 0xc9, 0xfa,
    0xc9, 0xfa, 0xc9, 0xfa, 0xc9, 0xfa, 0xc9, 0xfa, 0xc9, 0xfa, 0xc9, 0xfa,
    0xc9, 0xfa, 0xc9, 0xfa, 0xc9, 0xfa, 0xc9, 0xfa, 0xc9, 0xfa, 0xc9, 0xfa,
    0xc9, 0xfa, 0xc9, 0xfa, 0xc9, 0xfa, 0xe3, 0x38, 0x00, 0x10, 0x00, 0x08,
    0x00, 0x08, 0x00, 0x08, 0x00, 0x08, 0xff, 0xff, 0xff, 0xff, 0xff, 0xff,
    0xff, 0xff, 0xff, 0xff, 0xff, 0xff, 0xff, 0xff, 0xff, 0xff, 0xff, 0xff,
    0xff, 0xff, 0xff, 0xff, 0xff, 0xff, 0xff, 0xff, 0xff, 0xff, 0xff, 0xff,
    0xff, 0xff, 0xff, 0xff, 0xff, 0xff, 0xff, 0xff, 0xff, 0xff, 0xff, 0xff,
    0xff, 0xff, 0xff, 0xff, 0xff, 0xff, 0xff, 0xff, 0xff, 0xff, 0xff, 0xff,
    0xff, 0xff, 0xff, 0xff, 0xff, 0xff, 0x00, 0x08, 0x00, 0x08, 0xc1, 0x80,
    0x4b, 0xd3, 0xc9, 0xfa, 0xc9, 0xfa, 0xc9, 0xfa, 0xc9, 0xfa, 0xc9, 0xfa,
    0xc9, 0xfa, 0xc9, 0xfa, 0xc9, 0xfa, 0xc9, 0xfa, 0xc9, 0xfa, 0xc9, 0xfa,
    0xc9, 0xfa, 0xc9, 0xfa, 0xc9, 0xfa, 0xc9, 0xfa, 0xc9, 0xfa, 0xc9, 0xfa,
    0xc9, 0xfa, 0xc9, 0xfa, 0xc9, 0xfa, 0xc9, 0xfa, 0xc9, 0xfa, 0xc9, 0xfa,
    0xc9, 0xfa, 0xc9, 0xfa, 0xc9, 0xfa, 0xc9, 0xfa, 0xc9, 0xfa, 0xc9, 0xfa,
    0xc9, 0xfa, 0xc9, 0xfa, 0xc9, 0xfa, 0xc9, 0xfa, 0xc9, 0xfa, 0xc9, 0xfa,
    0xc9, 0xfa, 0xc9, 0xfa, 0xc9, 0xfa, 0xc9, 0xfa, 0xc9, 0xfa, 0xc9, 0xfa,
    0xc9, 0xfa, 0xc9, 0xfa, 0xc9, 0xfa, 0xc9, 0xfa, 0xc9, 0xfa, 0xc9, 0xfa,
    0xc9, 0xfa, 0xc9, 0xfa, 0xc9, 0xfa, 0x00, 0x08, 0x00, 0x08, 0x00, 0x08,
    0x00, 0x08, 0x20, 0x00, 0xff, 0xff, 0xff, 0xff, 0xff, 0xff, 0xff, 0xff,
    0xff, 0xff, 0xff, 0xff, 0xff, 0xff, 0xff, 0xff, 0xff, 0xff, 0xff, 0xff,
    0xff, 0xff, 0xff, 0xff, 0xff, 0xff, 0xff, 0xff, 0xff, 0xff, 0xff, 0xff,
    0xff, 0xff, 0xff, 0xff, 0x20, 0x00, 0x00, 0x20, 0xc6, 0x59, 0xc9, 0xfa,
    0xc9, 0xfa, 0xc9, 0xfa, 0xc9, 0xfa, 0xc9, 0xfa, 0xc9, 0xfa, 0xc9, 0xfa,
    0xc9, 0xfa, 0xc9, 0xfa, 0xc9, 0xfa, 0xc9, 0xfa, 0xc9, 0xfa, 0xc9, 0xfa,
    0xc9, 0xfa, 0xc9, 0xfa, 0xc9, 0xfa, 0xc9, 0xfa, 0xc9, 0xfa, 0xc9, 0xfa,
    0xc9, 0xfa, 0xc9, 0xfa, 0xc9, 0xfa, 0xc9, 0xfa, 0xc9, 0xfa, 0x4c, 0xd3,
    0x40, 0x68, 0x00, 0x08, 0x00, 0x08, 0x00, 0x08, 0x00, 0x08, 0xff, 0xff,
    0xff, 0xff, 0xff, 0xff, 0xff, 0xff, 0xff, 0xff, 0xff, 0xff, 0xff, 0xff,
    0xff, 0xff, 0xff, 0xff, 0xff, 0xff, 0xff, 0xff, 0xff, 0xff, 0xff, 0xff,
    0xff, 0xff, 0xff, 0xff, 0xff, 0xff, 0xff, 0xff, 0xff, 0xff, 0xff, 0xff,
    0xff, 0xff, 0xff, 0xff, 0xff, 0xff, 0xff, 0xff, 0xff, 0xff, 0xff, 0xff,
    0xff, 0xff, 0xff, 0xff, 0xff, 0xff, 0xff, 0xff, 0xff, 0xff, 0xff, 0xff,
    0xff, 0xff, 0xff, 0xff, 0xff, 0xff, 0xff, 0xff, 0xff, 0xff, 0xff, 0xff,
    0xff, 0xff, 0xff, 0xff, 0xff, 0xff, 0xff, 0xff, 0xff, 0xff, 0xff, 0xff,
    0xff, 0xff, 0x00, 0x08, 0x00, 0x08, 0x43, 0xa1, 0x2b, 0xe3, 0xc9, 0xfa,
    0xc9, 0xfa, 0xc9, 0xfa, 0xc9, 0xfa, 0xc9, 0xfa, 0xc9, 0xfa, 0xc9, 0xfa,
    0xc9, 0xfa, 0xc9, 0xfa, 0xc9, 0xfa, 0xc9, 0xfa, 0xc9, 0xfa, 0xc9, 0xfa,
    0xc9, 0xfa, 0xc9, 0xfa, 0xc9, 0xfa, 0xc9, 0xfa, 0xc9, 0xfa, 0xc9, 0xfa,
    0xc9, 0xfa, 0xc9, 0xfa, 0xc9, 0xfa, 0xc9, 0xfa, 0xc9, 0xfa, 0xa2, 0x28,
    0x00, 0x10, 0x00, 0x08, 0x00, 0x08, 0x20, 0x08, 0xff, 0xff, 0xff, 0xff,
    0xff, 0xff, 0xff, 0xff, 0xff, 0xff, 0xff, 0xff, 0x20, 0x00, 0x00, 0x48,
    0x6d, 0xc3, 0xc9, 0xfa, 0xc9, 0xfa, 0xc9, 0xfa, 0xc9, 0xfa, 0xc9, 0xfa,
    0xc9, 0xfa, 0xc9, 0xfa, 0xc9, 0xfa, 0xc9, 0xfa, 0xc9, 0xfa, 0xc9, 0xfa,
    0xc9, 0xfa, 0xc9, 0xfa, 0xc9, 0xfa, 0xc9, 0xfa, 0xc9, 0xfa, 0xc9, 0xfa,
    0xc9, 0xfa, 0xc9, 0xfa, 0xc9, 0xfa, 0xc9, 0xfa, 0xc9, 0xfa, 0xc9, 0xfa,
    0xc9, 0xfa, 0xc9, 0xfa, 0xc9, 0xfa, 0xc9, 0xfa, 0xc9, 0xfa, 0xc9, 0xfa,
    0xc9, 0xfa, 0xc9, 0xfa, 0xc9, 0xfa, 0xc9, 0xfa, 0xc9, 0xfa, 0xc9, 0xfa,
    0xc9, 0xfa, 0xc9, 0xfa, 0xc9, 0xfa, 0xc9, 0xfa, 0xc9, 0xfa, 0xc9, 0xfa,
    0xc9, 0xfa, 0xc9, 0xfa, 0xc9, 0xfa, 0xc9, 0xfa, 0xc9, 0xfa, 0xc9, 0xfa,
    0xc9, 0xfa, 0xc9, 0xfa, 0xc9, 0xfa, 0xc9, 0xfa, 0xc9, 0xfa, 0xc9, 0xfa,
    0xc9, 0xfa, 0xc9, 0xfa, 0xc9, 0xfa, 0xc9, 0xfa, 0xc9, 0xfa, 0xc9, 0xfa,
    0xc9, 0xfa, 0xc9, 0xfa, 0xc9, 0xfa, 0xc9, 0xfa, 0xc9, 0xfa, 0xc9, 0xfa,
    0xc9, 0xfa, 0xc9, 0xfa, 0xc9, 0xfa, 0xc9, 0xfa, 0xc9, 0xfa, 0xc9, 0xfa,
    0xc9, 0xfa, 0xc9, 0xfa, 0xc9, 0xfa, 0xc9, 0xf2, 0x47, 0xda, 0x00, 0x08,
    0x00, 0x08, 0x00, 0x08, 0x00, 0x08, 0x20, 0x00, 0xff, 0xff, 0xff, 0xff,
    0xff, 0xff, 0xff, 0xff, 0xff, 0xff, 0xff, 0xff, 0xff, 0xff, 0xff, 0xff,
    0xff, 0xff, 0xff, 0xff, 0xff, 0xff, 0xff, 0xff, 0xff, 0xff, 0xff, 0xff,
    0xff, 0xff, 0xff, 0xff, 0xff, 0xff, 0xff, 0xff, 0xff, 0xff, 0xff, 0xff,
    0xff, 0xff, 0xff, 0xff, 0xff, 0xff, 0xff, 0xff, 0xff, 0xff, 0xff, 0xff,
    0xff, 0xff, 0x20, 0x00, 0x00, 0x48, 0x6d, 0xc3, 0xc9, 0xfa, 0xc9, 0xfa,
    0xc9, 0xfa, 0xc9, 0xfa, 0xc9, 0xfa, 0xc9, 0xfa, 0xc9, 0xfa, 0xc9, 0xfa,
    0xc9, 0xfa, 0xc9, 0xfa, 0xc9, 0xfa, 0xc9, 0xfa, 0xc9, 0xfa, 0xc9, 0xfa,
    0xc9, 0xfa, 0xc9, 0xfa, 0xc9, 0xfa, 0xc9, 0xfa, 0xc9, 0xfa, 0xc9, 0xfa,
    0xc9, 0xfa, 0xc9, 0xfa, 0xc9, 0xfa, 0xc9, 0xfa, 0xc9, 0xfa, 0xc9, 0xfa,
    0xc9, 0xfa, 0xc9, 0xfa, 0xc9, 0xfa, 0xc9, 0xfa, 0xc9, 0xfa, 0xc9, 0xfa,
    0xc9, 0xfa, 0xc9, 0xfa, 0xc9, 0xfa, 0xc9, 0xfa, 0xc9, 0xfa, 0xc9, 0xfa,
    0xc9, 0xfa, 0xc9, 0xfa, 0xc9, 0xfa, 0xc9, 0xfa, 0xc9, 0xfa, 0xc9, 0xfa,
    0xc9, 0xfa, 0xc9, 0xfa, 0xc9, 0xfa, 0xc9, 0xfa, 0xc9, 0xfa, 0xc9, 0xfa,
    0xe3, 0x38, 0x00, 0x10, 0x20, 0x08, 0x00, 0x08, 0x00, 0x08, 0x00, 0x08,
    0xff, 0xff, 0xff, 0xff, 0xff, 0xff, 0xff, 0xff, 0xff, 0xff, 0xff, 0xff,
    0xff, 0xff, 0xff, 0xff, 0xff, 0xff, 0xff, 0xff, 0xff, 0xff, 0xff, 0xff,
    0xff, 0xff, 0xff, 0xff, 0xff, 0xff, 0xff, 0xff, 0xff, 0xff, 0xff, 0xff,
    0xff, 0xff, 0xff, 0xff, 0xff, 0xff, 0xff, 0xff, 0xff, 0xff, 0xff, 0xff,
    0xff, 0xff, 0xff, 0xff, 0xff, 0xff, 0xff, 0xff, 0xff, 0xff, 0xff, 0xff,
    0x00, 0x08, 0x00, 0x08, 0xc1, 0x80, 0x4b, 0xd3, 0xc9, 0xfa, 0xc9, 0xfa,
    0xc9, 0xfa, 0xc9, 0xfa, 0xc9, 0xfa, 0xc9, 0xfa, 0xc9, 0xfa, 0xc9, 0xfa,
    0xc9, 0xfa, 0xc9, 0xfa, 0xc9, 0xfa, 0xc9, 0xfa, 0xc9, 0xfa, 0xc9, 0xfa,
    0xc9, 0xfa, 0xc9, 0xfa, 0xc9, 0xfa, 0xc9, 0xfa, 0xc9, 0xfa, 0xc9, 0xfa,
    0xc9, 0xfa, 0xc9, 0xfa, 0xc9, 0xfa, 0xc9, 0xfa, 0xc9, 0xfa, 0xc9, 0xfa,
    0xc9, 0xfa, 0xc9, 0xfa, 0xc9, 0xfa, 0xc9, 0xfa, 0xc9, 0xfa, 0xc9, 0xfa,
    0xc9, 0xfa, 0xc9, 0xfa, 0xc9, 0xfa, 0xc9, 0xfa, 0xc9, 0xfa, 0xc9, 0xfa,
    0xc9, 0xfa, 0xc9, 0xfa, 0xc9, 0xfa, 0xc9, 0xfa, 0xc9, 0xfa, 0xc9, 0xfa,
    0xc9, 0xfa, 0xc9, 0xfa, 0xc9, 0xfa, 0xc9, 0xfa, 0xc9, 0xfa, 0xc9, 0xfa,
    0x00, 0x08, 0x00, 0x00, 0x00, 0x08, 0x00, 0x08, 0x20, 0x08, 0x20, 0x08,
    0xff, 0xff, 0xff, 0xff, 0xff, 0xff, 0xff, 0xff, 0xff, 0xff, 0xff, 0xff,
    0xff, 0xff, 0xff, 0xff, 0xff, 0xff, 0xff, 0xff, 0xff, 0xff, 0xff, 0xff,
    0xff, 0xff, 0xff, 0xff, 0xff, 0xff, 0xff, 0xff, 0xff, 0xff, 0x21, 0x00,
    0x00, 0x20, 0xc6, 0x59, 0xc9, 0xfa, 0xc9, 0xfa, 0xc9, 0xfa, 0xc9, 0xfa,
    0xc9, 0xfa, 0xc9, 0xfa, 0xc9, 0xfa, 0xc9, 0xfa, 0xc9, 0xfa, 0xc9, 0xfa,
    0xc9, 0xfa, 0xc9, 0xfa, 0xc9, 0xfa, 0xc9, 0xfa, 0xc9, 0xfa, 0xc9, 0xfa,
    0xc9, 0xfa, 0xc9, 0xfa, 0xc9, 0xfa, 0xc9, 0xfa, 0xc9, 0xfa, 0xc9, 0xfa,
    0xc9, 0xfa, 0xc9, 0xfa, 0x6c, 0xd3, 0x40, 0x68, 0x20, 0x08, 0x00, 0x08,
    0x00, 0x00, 0x00, 0x08, 0x20, 0x00, 0xff, 0xff, 0xff, 0xff, 0xff, 0xff,
    0xff, 0xff, 0xff, 0xff, 0xff, 0xff, 0xff, 0xff, 0xff, 0xff, 0xff, 0xff,
    0xff, 0xff, 0xff, 0xff, 0xff, 0xff, 0xff, 0xff, 0xff, 0xff, 0xff, 0xff,
    0xff, 0xff, 0xff, 0xff, 0xff, 0xff, 0xff, 0xff, 0xff, 0xff, 0xff, 0xff,
    0xff, 0xff, 0xff, 0xff, 0xff, 0xff, 0xff, 0xff, 0xff, 0xff, 0xff, 0xff,
    0xff, 0xff, 0xff, 0xff, 0xff, 0xff, 0xff, 0xff, 0xff, 0xff, 0xff, 0xff,
    0xff, 0xff, 0xff, 0xff, 0xff, 0xff, 0xff, 0xff, 0xff, 0xff, 0xff, 0xff,
    0xff, 0xff, 0xff, 0xff, 0xff, 0xff, 0xff, 0xff, 0x00, 0x00, 0x00, 0x08,
    0x23, 0x99, 0x2a, 0xe3, 0xc9, 0xfa, 0xc9, 0xfa, 0xc9, 0xfa, 0xc9, 0xfa,
    0xc9, 0xfa, 0xc9, 0xfa, 0xc9, 0xfa, 0xc9, 0xfa, 0xc9, 0xfa, 0xc9, 0xfa,
    0xc9, 0xfa, 0xc9, 0xfa, 0xc9, 0xfa, 0xc9, 0xfa, 0xc9, 0xfa, 0xc9, 0xfa,
    0xc9, 0xfa, 0xc9, 0xfa, 0xc9, 0xfa, 0xc9, 0xfa, 0xc9, 0xfa, 0xc9, 0xfa,
    0xc9, 0xfa, 0xc9, 0xfa, 0xa2, 0x28, 0x00, 0x10, 0x00, 0x00, 0x00, 0x08,
    0x20, 0x00, 0x20, 0x08, 0xff, 0xff, 0xff, 0xff, 0xff, 0xff, 0xff, 0xff,
    0xff, 0xff, 0x20, 0x00, 0x00, 0x48, 0x6d, 0xc3, 0xc9, 0xfa, 0xc9, 0xfa,
    0xc9, 0xfa, 0xc9, 0xfa, 0xc9, 0xfa, 0xc9, 0xfa, 0xc9, 0xfa, 0xc9, 0xfa,
    0xc9, 0xfa, 0xc9, 0xfa, 0xc9, 0xfa, 0xc9, 0xfa, 0xc9, 0xfa, 0xc9, 0xfa,
    0xc9, 0xfa, 0xc9, 0xfa, 0xc9, 0xfa, 0xc9, 0xfa, 0xc9, 0xfa, 0xc9, 0xfa,
    0xc9, 0xfa, 0xc9, 0xfa, 0xc9, 0xfa, 0xc9, 0xfa, 0xc9, 0xfa, 0xc9, 0xfa,
    0xc9, 0xfa, 0xc9, 0xfa, 0xc9, 0xfa, 0xc9, 0xfa, 0xc9, 0xfa, 0xc9, 0xfa,
    0xc9, 0xfa, 0xc9, 0xfa, 0xc9, 0xfa, 0xc9, 0xfa, 0xc9, 0xfa, 0xc9, 0xfa,
    0xc9, 0xfa, 0xc9, 0xfa, 0xc9, 0xfa, 0xc9, 0xfa, 0xc9, 0xfa, 0xc9, 0xfa,
    0xc9, 0xfa, 0xc9, 0xfa, 0xc9, 0xfa, 0xc9, 0xfa, 0xc9, 0xfa, 0xc9, 0xfa,
    0xc9, 0xfa, 0xc9, 0xfa, 0xc9, 0xfa, 0xc9, 0xfa, 0xc9, 0xfa, 0xc9, 0xfa,
    0xc9, 0xfa, 0xc9, 0xfa, 0xc9, 0xfa, 0xc9, 0xfa, 0xc9, 0xfa, 0xc9, 0xfa,
    0xc9, 0xfa, 0xc9, 0xfa, 0xc9, 0xfa, 0xc9, 0xfa, 0xc9, 0xfa, 0xc9, 0xfa,
    0xc9, 0xfa, 0xc9, 0xfa, 0xc9, 0xfa, 0xc9, 0xfa, 0xc9, 0xfa, 0xc9, 0xfa,
    0xc9, 0xfa, 0x47, 0xda, 0x00, 0x08, 0x00, 0x08, 0x00, 0x00, 0x00, 0x08,
    0x20, 0x08, 0x20, 0x00, 0xff, 0xff, 0xff, 0xff, 0xff, 0xff, 0xff, 0xff,
    0xff, 0xff, 0xff, 0xff, 0xff, 0xff, 0xff, 0xff, 0xff, 0xff, 0xff, 0xff,
    0xff, 0xff, 0xff, 0xff, 0xff, 0xff, 0xff, 0xff, 0xff, 0xff, 0xff, 0xff,
    0xff, 0xff, 0xff, 0xff, 0xff, 0xff, 0xff, 0xff, 0xff, 0xff, 0xff, 0xff,
    0xff, 0xff, 0xff, 0xff, 0xff, 0xff, 0xff, 0xff, 0x20, 0x00, 0x00, 0x48,
    0x8c, 0xc3, 0xc9, 0xfa, 0xc9, 0xfa, 0xc9, 0xfa, 0xc9, 0xfa, 0xc9, 0xfa,
    0xc9, 0xfa, 0xc9, 0xfa, 0xc9, 0xfa, 0xc9, 0xfa, 0xc9, 0xfa, 0xc9, 0xfa,
    0xc9, 0xfa, 0xc9, 0xfa, 0xc9, 0xfa, 0xc9, 0xfa, 0xc9, 0xfa, 0xc9, 0xfa,
    0xc9, 0xfa, 0xc9, 0xfa, 0xc9, 0xfa, 0xc9, 0xfa, 0xc9, 0xfa, 0xc9, 0xfa,
    0xc9, 0xfa, 0xc9, 0xfa, 0xc9, 0xfa, 0xc9, 0xfa, 0xc9, 0xfa, 0xc9, 0xfa,
    0xc9, 0xfa, 0xc9, 0xfa, 0xc9, 0xfa, 0xc9, 0xfa, 0xc9, 0xfa, 0xc9, 0xfa,
    0xc9, 0xfa, 0xc9, 0xfa, 0xc9, 0xfa, 0xc9, 0xfa, 0xc9, 0xfa, 0xc9, 0xfa,
    0xc9, 0xfa, 0xc9, 0xfa, 0xc9, 0xfa, 0xc9, 0xfa, 0xc9, 0xfa, 0xc9, 0xfa,
    0xc9, 0xfa, 0xc9, 0xfa, 0xc9, 0xfa, 0xe2, 0x38, 0x00, 0x10, 0x00, 0x08,
    0x20, 0x08, 0x00, 0x00, 0x20, 0x08, 0xff, 0xff, 0xff, 0xff, 0xff, 0xff,
    0xff, 0xff, 0xff, 0xff, 0xff, 0xff, 0xff, 0xff, 0xff, 0xff, 0xff, 0xff,
    0xff, 0xff, 0xff, 0xff, 0xff, 0xff, 0xff, 0xff, 0xff, 0xff, 0xff, 0xff,
    0xff, 0xff, 0xff, 0xff, 0xff, 0xff, 0xff, 0xff, 0xff, 0xff, 0xff, 0xff,
    0xff, 0xff, 0xff, 0xff, 0xff, 0xff, 0xff, 0xff, 0xff, 0xff, 0xff, 0xff,
    0xff, 0xff, 0xff, 0xff, 0xff, 0xff, 0x00, 0x08, 0x00, 0x08, 0xc1, 0x80,
    0x4b, 0xd3, 0xc9, 0xfa, 0xc9, 0xfa, 0xc9, 0xfa, 0xc9, 0xfa, 0xc9, 0xfa,
    0xc9, 0xfa, 0xc9, 0xfa, 0xc9, 0xfa, 0xc9, 0xfa, 0xc9, 0xfa, 0xc9, 0xfa,
    0xc9, 0xfa, 0xc9, 0xfa, 0xc9, 0xfa, 0xc9, 0xfa, 0xc9, 0xfa, 0xc9, 0xfa,
    0xc9, 0xfa, 0xc9, 0xfa, 0xc9, 0xfa, 0xc9, 0xfa, 0xc9, 0xfa, 0xc9, 0xfa,
    0xc9, 0xfa, 0xc9, 0xfa, 0xc9, 0xfa, 0xc9, 0xfa, 0xc9, 0xfa, 0xc9, 0xfa,
    0xc9, 0xfa, 0xc9, 0xfa, 0xc9, 0xfa, 0xc9, 0xfa, 0xc9, 0xfa, 0xc9, 0xfa,
    0xc9, 0xfa, 0xc9, 0xfa, 0xc9, 0xfa, 0xc9, 0xfa, 0xc9, 0xfa, 0xc9, 0xfa,
    0xc9, 0xfa, 0xc9, 0xfa, 0xc9, 0xfa, 0xc9, 0xfa, 0xc9, 0xfa, 0xc9, 0xfa,
    0xc9, 0xfa, 0xc9, 0xfa, 0xc9, 0xfa, 0x00, 0x08, 0x00, 0x08, 0x00, 0x00,
    0x00, 0x08, 0x00, 0x08, 0x00, 0x00, 0xff, 0xff, 0xff, 0xff, 0xff, 0xff,
    0xff, 0xff, 0xff, 0xff, 0xff, 0xff, 0xff, 0xff, 0xff, 0xff, 0xff, 0xff,
    0xff, 0xff, 0xff, 0xff, 0xff, 0xff, 0xff, 0xff, 0xff, 0xff, 0xff, 0xff,
    0xff, 0xff, 0xff, 0xff, 0x20, 0x08, 0x00, 0x20, 0xc6, 0x59, 0xc9, 0xfa,
    0xc9, 0xfa, 0xc9, 0xfa, 0xc9, 0xfa, 0xc9, 0xfa, 0xc9, 0xfa, 0xc9, 0xfa,
    0xc9, 0xfa, 0xc9, 0xfa, 0xc9, 0xfa, 0xc9, 0xfa, 0xc9, 0xfa, 0xc9, 0xfa,
    0xc9, 0xfa, 0xc9, 0xfa, 0xc9, 0xfa, 0xc9, 0xfa, 0xc9, 0xfa, 0xc9, 0xfa,
    0xc9, 0xfa, 0xc9, 0xfa, 0xc9, 0xfa, 0xc9, 0xfa, 0xc9, 0xfa, 0x4c, 0xd3,
    0x40, 0x68, 0x00, 0x08, 0x20, 0x08, 0x00, 0x08, 0x20, 0x08, 0x20, 0x00,
    0xff, 0xff, 0xff, 0xff, 0xff, 0xff, 0xff, 0xff, 0xff, 0xff, 0xff, 0xff,
    0xff, 0xff, 0xff, 0xff, 0xff, 0xff, 0xff, 0xff, 0xff, 0xff, 0xff, 0xff,
    0xff, 0xff, 0xff, 0xff, 0xff, 0xff, 0xff, 0xff, 0xff, 0xff, 0xff, 0xff,
    0xff, 0xff, 0xff, 0xff, 0xff, 0xff, 0xff, 0xff, 0xff, 0xff, 0xff, 0xff,
    0xff, 0xff, 0xff, 0xff, 0xff, 0xff, 0xff, 0xff, 0xff, 0xff, 0xff, 0xff,
    0xff, 0xff, 0xff, 0xff, 0xff, 0xff, 0xff, 0xff, 0xff, 0xff, 0xff, 0xff,
    0xff, 0xff, 0xff, 0xff, 0xff, 0xff, 0xff, 0xff, 0xff, 0xff, 0xff, 0xff,
    0xff, 0xff, 0x00, 0x08, 0x00, 0x08, 0x43, 0x99, 0x2b, 0xe3, 0xc9, 0xfa,
    0xc9, 0xfa, 0xc9, 0xfa, 0xc9, 0xfa, 0xc9, 0xfa, 0xc9, 0xfa, 0xc9, 0xfa,
    0xc9, 0xfa, 0xc9, 0xfa, 0xc9, 0xfa, 0xc9, 0xfa, 0xc9, 0xfa, 0xc9, 0xfa,
    0xc9, 0xfa, 0xc9, 0xfa, 0xc9, 0xfa, 0xc9, 0xfa, 0xc9, 0xfa, 0xc9, 0xfa,
    0xc9, 0xfa, 0xc9, 0xfa, 0xc9, 0xfa, 0xc9, 0xfa, 0xc9, 0xfa, 0xa2, 0x28,
    0x00, 0x10, 0x00, 0x08, 0x00, 0x08, 0x00, 0x08, 0x00, 0x00, 0xff, 0xff,
    0xff, 0xff, 0xff, 0xff, 0xff, 0xff, 0xff, 0xff, 0x20, 0x00, 0x00, 0x48,
    0x8c, 0xc3, 0xc9, 0xfa, 0xc9, 0xfa, 0xc9, 0xfa, 0xc9, 0xfa, 0xc9, 0xfa,
    0xc9, 0xfa, 0xc9, 0xfa, 0xc9, 0xfa, 0xc9, 0xfa, 0xc9, 0xfa, 0xc9, 0xfa,
    0xc9, 0xfa, 0xc9, 0xfa, 0xc9, 0xfa, 0xc9, 0xfa, 0xc9, 0xfa, 0xc9, 0xfa,
    0xc9, 0xfa, 0xc9, 0xfa, 0xc9, 0xfa, 0xc9, 0xfa, 0xc9, 0xfa, 0xc9, 0xfa,
    0xc9, 0xfa, 0xc9, 0xfa, 0xc9, 0xfa, 0xc9, 0xfa, 0xc9, 0xfa, 0xc9, 0xfa,
    0xc9, 0xfa, 0xc9, 0xfa, 0xc9, 0xfa, 0xc9, 0xfa, 0xc9, 0xfa, 0xc9, 0xfa,
    0xc9, 0xfa, 0xc9, 0xfa, 0xc9, 0xfa, 0xc9, 0xfa, 0xc9, 0xfa, 0xc9, 0xfa,
    0xc9, 0xfa, 0xc9, 0xfa, 0xc9, 0xfa, 0xc9, 0xfa, 0xc9, 0xfa, 0xc9, 0xfa,
    0xc9, 0xfa, 0xc9, 0xfa, 0xc9, 0xfa, 0xc9, 0xfa, 0xc9, 0xfa, 0xc9, 0xfa,
    0xc9, 0xfa, 0xc9, 0xfa, 0xc9, 0xfa, 0xc9, 0xfa, 0xc9, 0xfa, 0xc9, 0xfa,
    0xc9, 0xfa, 0xc9, 0xfa, 0xc9, 0xfa, 0xc9, 0xfa, 0xc9, 0xfa, 0xc9, 0xfa,
    0xc9, 0xfa, 0xc9, 0xfa, 0xc9, 0xfa, 0xc9, 0xfa, 0xc9, 0xfa, 0xc9, 0xfa,
    0xc9, 0xfa, 0xc9, 0xfa, 0xc9, 0xfa, 0xe9, 0xfa, 0x47, 0xda, 0x00, 0x08,
    0x00, 0x08, 0x20, 0x00, 0x00, 0x08, 0x00, 0x08, 0x00, 0x08, 0xff, 0xff,
    0xff, 0xff, 0xff, 0xff, 0xff, 0xff, 0xff, 0xff, 0xff, 0xff, 0xff, 0xff,
    0xff, 0xff, 0xff, 0xff, 0xff, 0xff, 0xff, 0xff, 0xff, 0xff, 0xff, 0xff,
    0xff, 0xff, 0xff, 0xff, 0xff, 0xff, 0xff, 0xff, 0xff, 0xff, 0xff, 0xff,
    0xff, 0xff, 0xff, 0xff, 0xff, 0xff, 0xff, 0xff, 0xff, 0xff, 0xff, 0xff,
    0xff, 0xff, 0x21, 0x00, 0x00, 0x48, 0x6d, 0xc3, 0xc9, 0xfa, 0xc9, 0xfa,
    0xc9, 0xfa, 0xc9, 0xfa, 0xc9, 0xfa, 0xc9, 0xfa, 0xc9, 0xfa, 0xc9, 0xfa,
    0xc9, 0xfa, 0xc9, 0xfa, 0xc9, 0xfa, 0xc9, 0xfa, 0xc9, 0xfa, 0xc9, 0xfa,
    0xc9, 0xfa, 0xc9, 0xfa, 0xc9, 0xfa, 0xc9, 0xfa, 0xc9, 0xfa, 0xc9, 0xfa,
    0xc9, 0xfa, 0xc9, 0xfa, 0xc9, 0xfa, 0xc9, 0xfa, 0xc9, 0xfa, 0xc9, 0xfa,
    0xc9, 0xfa, 0xc9, 0xfa, 0xc9, 0xfa, 0xc9, 0xfa, 0xc9, 0xfa, 0xc9, 0xfa,
    0xc9, 0xfa, 0xc9, 0xfa, 0xc9, 0xfa, 0xc9, 0xfa, 0xc9, 0xfa, 0xc9, 0xfa,
    0xc9, 0xfa, 0xc9, 0xfa, 0xc9, 0xfa, 0xc9, 0xfa, 0xc9, 0xfa, 0xc9, 0xfa,
    0xc9, 0xfa, 0xc9, 0xfa, 0xc9, 0xfa, 0xc9, 0xfa, 0xc9, 0xfa, 0xc9, 0xfa,
    0xe3, 0x38, 0x00, 0x10, 0x00, 0x08, 0x00, 0x08, 0x00, 0x08, 0x00, 0x00,
    0xff, 0xff, 0xff, 0xff, 0xff, 0xff, 0xff, 0xff, 0xff, 0xff, 0xff, 0xff,
    0xff, 0xff, 0xff, 0xff, 0xff, 0xff, 0xff, 0xff, 0xff, 0xff, 0xff, 0xff,
    0xff, 0xff, 0xff, 0xff, 0xff, 0xff, 0xff, 0xff, 0xff, 0xff, 0xff, 0xff,
    0xff, 0xff, 0xff, 0xff, 0xff, 0xff, 0xff, 0xff, 0xff, 0xff, 0xff, 0xff,
    0xff, 0xff, 0xff, 0xff, 0xff, 0xff, 0xff, 0xff, 0xff, 0xff, 0xff, 0xff,
    0x00, 0x00, 0x00, 0x08, 0xa1, 0x80, 0x4b, 0xd3, 0xc9, 0xfa, 0xc9, 0xfa,
    0xc9, 0xfa, 0xc9, 0xfa, 0xc9, 0xfa, 0xc9, 0xfa, 0xc9, 0xfa, 0xc9, 0xfa,
    0xc9, 0xfa, 0xc9, 0xfa, 0xc9, 0xfa, 0xc9, 0xfa, 0xc9, 0xfa, 0xc9, 0xfa,
    0xc9, 0xfa, 0xc9, 0xfa, 0xc9, 0xfa, 0xc9, 0xfa, 0xc9, 0xfa, 0xc9, 0xfa,
    0xc9, 0xfa, 0xc9, 0xfa, 0xc9, 0xfa, 0xc9, 0xfa, 0xc9, 0xfa, 0xc9, 0xfa,
    0xc9, 0xfa, 0xc9, 0xfa, 0xc9, 0xfa, 0xc9, 0xfa, 0xc9, 0xfa, 0xc9, 0xfa,
    0xc9, 0xfa, 0xc9, 0xfa, 0xc9, 0xfa, 0xc9, 0xfa, 0xc9, 0xfa, 0xc9, 0xfa,
    0xc9, 0xfa, 0xc9, 0xfa, 0xc9, 0xfa, 0xc9, 0xfa, 0xc9, 0xfa, 0xc9, 0xfa,
    0xc9, 0xfa, 0xc9, 0xfa, 0xc9, 0xfa, 0xc9, 0xfa, 0xc9, 0xfa, 0xc9, 0xfa,
    0x00, 0x08, 0x00, 0x08, 0x20, 0x00, 0x00, 0x08, 0x00, 0x08, 0x00, 0x08,
    0xff, 0xff, 0xff, 0xff, 0xff, 0xff, 0xff, 0xff, 0xff, 0xff, 0xff, 0xff,
    0xff, 0xff, 0xff, 0xff, 0xff, 0xff, 0xff, 0xff, 0xff, 0xff, 0xff, 0xff,
    0xff, 0xff, 0xff, 0xff, 0xff, 0xff, 0xff, 0xff, 0xff, 0xff, 0x20, 0x00,
    0x00, 0x20, 0xc6, 0x59, 0xc9, 0xfa, 0xc9, 0xfa, 0xc9, 0xfa, 0xc9, 0xfa,
    0xc9, 0xfa, 0xc9, 0xfa, 0xc9, 0xfa, 0xc9, 0xfa, 0xc9, 0xfa, 0xc9, 0xfa,
    0xc9, 0xfa, 0xc9, 0xfa, 0xc9, 0xfa, 0xc9, 0xfa, 0xc9, 0xfa, 0xc9, 0xfa,
    0xc9, 0xfa, 0xc9, 0xfa, 0xc9, 0xfa, 0xc9, 0xfa, 0xc9, 0xfa, 0xc9, 0xfa,
    0xc9, 0xfa, 0xc9, 0xfa, 0x4c, 0xd3, 0x40, 0x68, 0x00, 0x08, 0x00, 0x08,
    0x00, 0x00, 0x00, 0x08, 0x21, 0x00, 0xff, 0xff, 0xff, 0xff, 0xff, 0xff,
    0xff, 0xff, 0xff, 0xff, 0xff, 0xff, 0xff, 0xff, 0xff, 0xff, 0xff, 0xff,
    0xff, 0xff, 0xff, 0xff, 0xff, 0xff, 0xff, 0xff, 0xff, 0xff, 0xff, 0xff,
    0xff, 0xff, 0xff, 0xff, 0xff, 0xff, 0xff, 0xff, 0xff, 0xff, 0xff, 0xff,
    0xff, 0xff, 0xff, 0xff, 0xff, 0xff, 0xff, 0xff, 0xff, 0xff, 0xff, 0xff,
    0xff, 0xff, 0xff, 0xff, 0xff, 0xff, 0xff, 0xff, 0xff, 0xff, 0xff, 0xff,
    0xff, 0xff, 0xff, 0xff, 0xff, 0xff, 0xff, 0xff, 0xff, 0xff, 0xff, 0xff,
    0xff, 0xff, 0xff, 0xff, 0xff, 0xff, 0xff, 0xff, 0x00, 0x08, 0x00, 0x08,
    0x43, 0x99, 0x2a, 0xe3, 0xc9, 0xfa, 0xc9, 0xfa, 0xc9, 0xfa, 0xc9, 0xfa,
    0xc9, 0xfa, 0xc9, 0xfa, 0xc9, 0xfa, 0xc9, 0xfa, 0xc9, 0xfa, 0xc9, 0xfa,
    0xc9, 0xfa, 0xc9, 0xfa, 0xc9, 0xfa, 0xc9, 0xfa, 0xc9, 0xfa, 0xc9, 0xfa,
    0xc9, 0xfa, 0xc9, 0xfa, 0xc9, 0xfa, 0xc9, 0xfa, 0xc9, 0xfa, 0xc9, 0xfa,
    0xc9, 0xfa, 0xc9, 0xfa, 0xa2, 0x20, 0x00, 0x10, 0x00, 0x08, 0x00, 0x00,
    0x00, 0x08, 0x00, 0x08, 0xff, 0xff, 0xff, 0xff, 0xff, 0xff, 0xff, 0xff,
    0xff, 0xff, 0x21, 0x00, 0x00, 0x48, 0x6d, 0xc3, 0xc9, 0xfa, 0xc9, 0xfa,
    0xc9, 0xfa, 0xc9, 0xfa, 0xc9, 0xfa, 0xc9, 0xfa, 0xc9, 0xfa, 0xc9, 0xfa,
    0xc9, 0xfa, 0xc9, 0xfa, 0xc9, 0xfa, 0xc9, 0xfa, 0xc9, 0xfa, 0xc9, 0xfa,
    0xc9, 0xfa, 0xc9, 0xfa, 0xc9, 0xfa, 0xc9, 0xfa, 0xc9, 0xfa, 0xc9, 0xfa,
    0xc9, 0xfa, 0xc9, 0xfa, 0xc9, 0xfa, 0xc9, 0xfa, 0xc9, 0xfa, 0xc9, 0xfa,
    0xc9, 0xfa, 0xc9, 0xfa, 0xc9, 0xfa, 0xc9, 0xfa, 0xc9, 0xfa, 0xc9, 0xfa,
    0xc9, 0xfa, 0xc9, 0xfa, 0xc9, 0xfa, 0xc9, 0xfa, 0xc9, 0xfa, 0xc9, 0xfa,
    0xc9, 0xfa, 0xc9, 0xfa, 0xc9, 0xfa, 0xc9, 0xfa, 0xc9, 0xfa, 0xc9, 0xfa,
    0xc9, 0xfa, 0xc9, 0xfa, 0xc9, 0xfa, 0xc9, 0xfa, 0xc9, 0xfa, 0xc9, 0xfa,
    0xc9, 0xfa, 0xc9, 0xfa, 0xc9, 0xfa, 0xc9, 0xfa, 0xc9, 0xfa, 0xc9, 0xfa,
    0xc9, 0xfa, 0xc9, 0xfa, 0xc9, 0xfa, 0xc9, 0xfa, 0xc9, 0xfa, 0xc9, 0xfa,
    0xc9, 0xfa, 0xc9, 0xfa, 0xc9, 0xfa, 0xc9, 0xfa, 0xc9, 0xfa, 0xc9, 0xfa,
    0xc9, 0xfa, 0xc9, 0xfa, 0xc9, 0xfa, 0xc9, 0xfa, 0xc9, 0xfa, 0xc9, 0xfa,
    0xc9, 0xf2, 0x47, 0xda, 0x00, 0x08, 0x00, 0x08, 0x00, 0x08, 0x00, 0x08,
    0x00, 0x08, 0x00, 0x08, 0xff, 0xff, 0xff, 0xff, 0xff, 0xff, 0xff, 0xff,
    0xff, 0xff, 0xff, 0xff, 0xff, 0xff, 0xff, 0xff, 0xff, 0xff, 0xff, 0xff,
    0xff, 0xff, 0xff, 0xff, 0xff, 0xff, 0xff, 0xff, 0xff, 0xff, 0xff, 0xff,
    0xff, 0xff, 0xff, 0xff, 0xff, 0xff, 0xff, 0xff, 0xff, 0xff, 0xff, 0xff,
    0xff, 0xff, 0xff, 0xff, 0xff, 0xff, 0xff, 0xff, 0x20, 0x00, 0x00, 0x48,
    0x8c, 0xc3, 0xc9, 0xfa, 0xc9, 0xfa, 0xc9, 0xfa, 0xc9, 0xfa, 0xc9, 0xfa,
    0xc9, 0xfa, 0xc9, 0xfa, 0xc9, 0xfa, 0xc9, 0xfa, 0xc9, 0xfa, 0xc9, 0xfa,
    0xc9, 0xfa, 0xc9, 0xfa, 0xc9, 0xfa, 0xc9, 0xfa, 0xc9, 0xfa, 0xc9, 0xfa,
    0xc9, 0xfa, 0xc9, 0xfa, 0xc9, 0xfa, 0xc9, 0xfa, 0xc9, 0xfa, 0xc9, 0xfa,
    0xc9, 0xfa, 0xc9, 0xfa, 0xc9, 0xfa, 0xc9, 0xfa, 0xc9, 0xfa, 0xc9, 0xfa,
    0xc9, 0xfa, 0xc9, 0xfa, 0xc9, 0xfa, 0xc9, 0xfa, 0xc9, 0xfa, 0xc9, 0xfa,
    0xc9, 0xfa, 0xc9, 0xfa, 0xc9, 0xfa, 0xc9, 0xfa, 0xc9, 0xfa, 0xc9, 0xfa,
    0xc9, 0xfa, 0xc9, 0xfa, 0xc9, 0xfa, 0xc9, 0xfa, 0xc9, 0xfa, 0xc9, 0xfa,
    0xc9, 0xfa, 0xc9, 0xfa, 0xc9, 0xfa, 0xe2, 0x38, 0x00, 0x10, 0x20, 0x08,
    0x00, 0x08, 0x00, 0x08, 0x00, 0x08, 0xff, 0xff, 0xff, 0xff, 0xff, 0xff,
    0xff, 0xff, 0xff, 0xff, 0xff, 0xff, 0xff, 0xff, 0xff, 0xff, 0xff, 0xff,
    0xff, 0xff, 0xff, 0xff, 0xff, 0xff, 0xff, 0xff, 0xff, 0xff, 0xff, 0xff,
    0xff, 0xff, 0xff, 0xff, 0xff, 0xff, 0xff, 0xff, 0xff, 0xff, 0xff, 0xff,
    0xff, 0xff, 0xff, 0xff, 0xff, 0xff, 0xff, 0xff, 0xff, 0xff, 0xff, 0xff,
    0xff, 0xff, 0xff, 0xff, 0xff, 0xff, 0x00, 0x08, 0x00, 0x08, 0xc1, 0x80,
    0x4b, 0xd3, 0xc9, 0xfa, 0xc9, 0xfa, 0xc9, 0xfa, 0xc9, 0xfa, 0xc9, 0xfa,
    0xc9, 0xfa, 0xc9, 0xfa, 0xc9, 0xfa, 0xc9, 0xfa, 0xc9, 0xfa, 0xc9, 0xfa,
    0xc9, 0xfa, 0xc9, 0xfa, 0xc9, 0xfa, 0xc9, 0xfa, 0xc9, 0xfa, 0xc9, 0xfa,
    0xc9, 0xfa, 0xc9, 0xfa, 0xc9, 0xfa, 0xc9, 0xfa, 0xc9, 0xfa, 0xc9, 0xfa,
    0xc9, 0xfa, 0xc9, 0xfa, 0xc9, 0xfa, 0xc9, 0xfa, 0xc9, 0xfa, 0xc9, 0xfa,
    0xc9, 0xfa, 0xc9, 0xfa, 0xc9, 0xfa, 0xc9, 0xfa, 0xc9, 0xfa, 0xc9, 0xfa,
    0xc9, 0xfa, 0xc9, 0xfa, 0xc9, 0xfa, 0xc9, 0xfa, 0xc9, 0xfa, 0xc9, 0xfa,
    0xc9, 0xfa, 0xc9, 0xfa, 0xc9, 0xfa, 0xc9, 0xfa, 0xc9, 0xfa, 0xc9, 0xfa,
    0xc9, 0xfa, 0xc9, 0xfa, 0xc9, 0xfa, 0x00, 0x08, 0x00, 0x00, 0x00, 0x08,
    0x20, 0x08, 0x00, 0x08, 0x00, 0x00, 0xff, 0xff, 0xff, 0xff, 0xff, 0xff,
    0xff, 0xff, 0xff, 0xff, 0xff, 0xff, 0xff, 0xff, 0xff, 0xff, 0xff, 0xff,
    0xff, 0xff, 0xff, 0xff, 0xff, 0xff, 0xff, 0xff, 0xff, 0xff, 0xff, 0xff,
    0xff, 0xff, 0xff, 0xff, 0x21, 0x00, 0x00, 0x20, 0xc6, 0x59, 0xc9, 0xfa,
    0xc9, 0xfa, 0xc9, 0xfa, 0xc9, 0xfa, 0xc9, 0xfa, 0xc9, 0xfa, 0xc9, 0xfa,
    0xc9, 0xfa, 0xc9, 0xfa, 0xc9, 0xfa, 0xc9, 0xfa, 0xc9, 0xfa, 0xc9, 0xfa,
    0xc9, 0xfa, 0xc9, 0xfa, 0xc9, 0xfa, 0xc9, 0xfa, 0xc9, 0xfa, 0xc9, 0xfa,
    0xc9, 0xfa, 0xc9, 0xfa, 0xc9, 0xfa, 0xc9, 0xfa, 0xc9, 0xfa, 0x6c, 0xcb,
    0x40, 0x68, 0x20, 0x08, 0x00, 0x08, 0x00, 0x08, 0x20, 0x08, 0x20, 0x00,
    0xff, 0xff, 0xff, 0xff, 0xff, 0xff, 0xff, 0xff, 0xff, 0xff, 0xff, 0xff,
    0xff, 0xff, 0xff, 0xff, 0xff, 0xff, 0xff, 0xff, 0xff, 0xff, 0xff, 0xff,
    0xff, 0xff, 0xff, 0xff, 0xff, 0xff, 0xff, 0xff, 0xff, 0xff, 0xff, 0xff,
    0xff, 0xff, 0xff, 0xff, 0xff, 0xff, 0xff, 0xff, 0xff, 0xff, 0xff, 0xff,
    0xff, 0xff, 0xff, 0xff, 0xff, 0xff, 0xff, 0xff, 0xff, 0xff, 0xff, 0xff,
    0xff, 0xff, 0xff, 0xff, 0xff, 0xff, 0xff, 0xff, 0xff, 0xff, 0xff, 0xff,
    0xff, 0xff, 0xff, 0xff, 0xff, 0xff, 0xff, 0xff, 0xff, 0xff, 0xff, 0xff,
    0xff, 0xff, 0x00, 0x08, 0x00, 0x08, 0x43, 0x99, 0x2a, 0xe3, 0xc9, 0xfa,
    0xc9, 0xfa, 0xc9, 0xfa, 0xc9, 0xfa, 0xc9, 0xfa, 0xc9, 0xfa, 0xc9, 0xfa,
    0xc9, 0xfa, 0xc9, 0xfa, 0xc9, 0xfa, 0xc9, 0xfa, 0xc9, 0xfa, 0xc9, 0xfa,
    0xc9, 0xfa, 0xc9, 0xfa, 0xc9, 0xfa, 0xc9, 0xfa, 0xc9, 0xfa, 0xc9, 0xfa,
    0xc9, 0xfa, 0xc9, 0xfa, 0xc9, 0xfa, 0xc9, 0xfa, 0xc9, 0xfa, 0xa2, 0x28,
    0x00, 0x10, 0x00, 0x00, 0x20, 0x08, 0x00, 0x08, 0x00, 0x08, 0xff, 0xff,
    0xff, 0xff, 0xff, 0xff, 0xff, 0xff, 0xff, 0xff, 0x20, 0x00, 0x00, 0x48,
    0x8c, 0xc3, 0xc9, 0xfa, 0xc9, 0xfa, 0xc9, 0xfa, 0xc9, 0xfa, 0xc9, 0xfa,
    0xc9, 0xfa, 0xc9, 0xfa, 0xc9, 0xfa, 0xc9, 0xfa, 0xc9, 0xfa, 0xc9, 0xfa,
    0xc9, 0xfa, 0xc9, 0xfa, 0xc9, 0xfa, 0xc9, 0xfa, 0xc9, 0xfa, 0xc9, 0xfa,
    0xc9, 0xfa, 0xc9, 0xfa, 0xc9, 0xfa, 0xc9, 0xfa, 0xc9, 0xfa, 0xc9, 0xfa,
    0xc9, 0xfa, 0xc9, 0xfa, 0xc9, 0xfa, 0xc9, 0xfa, 0xc9, 0xfa, 0xc9, 0xfa,
    0xc9, 0xfa, 0xc9, 0xfa, 0xc9, 0xfa, 0xc9, 0xfa, 0xc9, 0xfa, 0xc9, 0xfa,
    0xc9, 0xfa, 0xc9, 0xfa, 0xc9, 0xfa, 0xc9, 0xfa, 0xc9, 0xfa, 0xc9, 0xfa,
    0xc9, 0xfa, 0xc9, 0xfa, 0xc9, 0xfa, 0xc9, 0xfa, 0xc9, 0xfa, 0xc9, 0xfa,
    0xc9, 0xfa, 0xc9, 0xfa, 0xc9, 0xfa, 0xc9, 0xfa, 0xc9, 0xfa, 0xc9, 0xfa,
    0xc9, 0xfa, 0xc9, 0xfa, 0xc9, 0xfa, 0xc9, 0xfa, 0xc9, 0xfa, 0xc9, 0xfa,
    0xc9, 0xfa, 0xc9, 0xfa, 0xc9, 0xfa, 0xc9, 0xfa, 0xc9, 0xfa, 0xc9, 0xfa,
    0xc9, 0xfa, 0xc9, 0xfa, 0xc9, 0xfa, 0xc9, 0xfa, 0xc9, 0xfa, 0xc9, 0xfa,
    0xc9, 0xfa, 0xc9, 0xfa, 0xc9, 0xfa, 0xe9, 0xfa, 0x47, 0xda, 0x00, 0x08,
    0x00, 0x08, 0x20, 0x00, 0x00, 0x08, 0x00, 0x00, 0x00, 0x08, 0xff, 0xff,
    0xff, 0xff, 0xff, 0xff, 0xff, 0xff, 0xff, 0xff, 0xff, 0xff, 0xff, 0xff,
    0xff, 0xff, 0xff, 0xff, 0xff, 0xff, 0xff, 0xff, 0xff, 0xff, 0xff, 0xff,
    0xff, 0xff, 0xff, 0xff, 0xff, 0xff, 0xff, 0xff, 0xff, 0xff, 0xff, 0xff,
    0xff, 0xff, 0xff, 0xff, 0xff, 0xff, 0xff, 0xff, 0xff, 0xff, 0xff, 0xff,
    0xff, 0xff, 0x20, 0x00, 0x00, 0x48, 0x6d, 0xc3, 0xc9, 0xfa, 0xc9, 0xfa,
    0xc9, 0xfa, 0xc9, 0xfa, 0xc9, 0xfa, 0xc9, 0xfa, 0xc9, 0xfa, 0xc9, 0xfa,
    0xc9, 0xfa, 0xc9, 0xfa, 0xc9, 0xfa, 0xc9, 0xfa, 0xc9, 0xfa, 0xc9, 0xfa,
    0xc9, 0xfa, 0xc9, 0xfa, 0xc9, 0xfa, 0xc9, 0xfa, 0xc9, 0xfa, 0xc9, 0xfa,
    0xc9, 0xfa, 0xc9, 0xfa, 0xc9, 0xfa, 0xc9, 0xfa, 0xc9, 0xfa, 0xc9, 0xfa,
    0xc9, 0xfa, 0xc9, 0xfa, 0xc9, 0xfa, 0xc9, 0xfa, 0xc9, 0xfa, 0xc9, 0xfa,
    0xc9, 0xfa, 0xc9, 0xfa, 0xc9, 0xfa, 0xc9, 0xfa, 0xc9, 0xfa, 0xc9, 0xfa,
    0xc9, 0xfa, 0xc9, 0xfa, 0xc9, 0xfa, 0xc9, 0xfa, 0xc9, 0xfa, 0xc9, 0xfa,
    0xc9, 0xfa, 0xc9, 0xfa, 0xc9, 0xfa, 0xc9, 0xfa, 0xc9, 0xfa, 0xc9, 0xfa,
    0xe2, 0x38, 0x00, 0x10, 0x00, 0x08, 0x20, 0x08, 0x00, 0x00, 0x20, 0x08,
    0xff, 0xff, 0xff, 0xff, 0xff, 0xff, 0xff, 0xff, 0xff, 0xff, 0xff, 0xff,
    0xff, 0xff, 0xff, 0xff, 0xff, 0xff, 0xff, 0xff, 0xff, 0xff, 0xff, 0xff,
    0xff, 0xff, 0xff, 0xff, 0xff, 0xff, 0xff, 0xff, 0xff, 0xff, 0xff, 0xff,
    0xff, 0xff, 0xff, 0xff, 0xff, 0xff, 0xff, 0xff, 0xff, 0xff, 0xff, 0xff,
    0xff, 0xff, 0xff, 0xff, 0xff, 0xff, 0xff, 0xff, 0xff, 0xff, 0xff, 0xff,
    0x00, 0x08, 0x00, 0x08, 0xc1, 0x80, 0x4b, 0xd3, 0xc9, 0xfa, 0xc9, 0xfa,
    0xc9, 0xfa, 0xc8, 0xfa, 0xc9, 0xfa, 0xc9, 0xfa, 0xc8, 0xfa, 0xc9, 0xfa,
    0xc9, 0xfa, 0xc8, 0xfa, 0xc9, 0xfa, 0xc9, 0xfa, 0xc8, 0xfa, 0xc9, 0xfa,
    0xc9, 0xfa, 0xc8, 0xfa, 0xc9, 0xfa, 0xc9, 0xfa, 0xc8, 0xfa, 0xc9, 0xfa,
    0xc9, 0xfa, 0xc8, 0xfa, 0xc9, 0xfa, 0xc9, 0xfa, 0xc8, 0xfa, 0xc9, 0xfa,
    0xc9, 0xfa, 0xc8, 0xfa, 0xc9, 0xfa, 0xc9, 0xfa, 0xc8, 0xfa, 0xc9, 0xfa,
    0xc9, 0xfa, 0xc8, 0xfa, 0xc9, 0xfa, 0xc9, 0xfa, 0xc8, 0xfa, 0xc9, 0xfa,
    0xc9, 0xfa, 0xc8, 0xfa, 0xc9, 0xfa, 0xc9, 0xfa, 0xc8, 0xfa, 0xc9, 0xfa,
    0xc9, 0xfa, 0xc8, 0xfa, 0xc9, 0xfa, 0xc9, 0xfa, 0xc8, 0xfa, 0xc9, 0xfa,
    0x00, 0x08, 0x00, 0x08, 0x00, 0x08, 0x00, 0x08, 0x00, 0x00, 0x00, 0x08,
    0xff, 0xff, 0xff, 0xff, 0xff, 0xff, 0xff, 0xff, 0xff, 0xff, 0xff, 0xff,
    0xff, 0xff, 0xff, 0xff, 0xff, 0xff, 0xff, 0xff, 0xff, 0xff, 0xff, 0xff,
    0xff, 0xff, 0xff, 0xff, 0xff, 0xff, 0xff, 0xff, 0xff, 0xff, 0x20, 0x00,
    0x00, 0x20, 0xc6, 0x59, 0xc9, 0xfa, 0xc9, 0xfa, 0xc9, 0xfa, 0xc9, 0xfa,
    0xc9, 0xfa, 0xc8, 0xfa, 0xc9, 0xfa, 0xc9, 0xfa, 0xc8, 0xfa, 0xc9, 0xfa,
    0xc9, 0xfa, 0xc8, 0xfa, 0xc9, 0xfa, 0xc9, 0xfa, 0xc8, 0xfa, 0xc9, 0xfa,
    0xc9, 0xfa, 0xc8, 0xfa, 0xc9, 0xfa, 0xc9, 0xfa, 0xc8, 0xfa, 0xc9, 0xfa,
    0xc9, 0xfa, 0xc8, 0xfa, 0x4c, 0xd3, 0x40, 0x68, 0x20, 0x08, 0x00, 0x08,
    0x00, 0x08, 0x00, 0x08, 0x20, 0x00, 0xff, 0xff, 0xff, 0xff, 0xff, 0xff,
    0xff, 0xff, 0xff, 0xff, 0xff, 0xff, 0xff, 0xff, 0xff, 0xff, 0xff, 0xff,
    0xff, 0xff, 0xff, 0xff, 0xff, 0xff, 0xff, 0xff, 0xff, 0xff, 0xff, 0xff,
    0xff, 0xff, 0xff, 0xff, 0xff, 0xff, 0xff, 0xff, 0xff, 0xff, 0xff, 0xff,
    0xff, 0xff, 0xff, 0xff, 0xff, 0xff, 0xff, 0xff, 0xff, 0xff, 0xff, 0xff,
    0xff, 0xff, 0xff, 0xff, 0xff, 0xff, 0xff, 0xff, 0xff, 0xff, 0xff, 0xff,
    0xff, 0xff, 0xff, 0xff, 0xff, 0xff, 0xff, 0xff, 0xff, 0xff, 0xff, 0xff,
    0xff, 0xff, 0xff, 0xff, 0xff, 0xff, 0xff, 0xff, 0x00, 0x08, 0x00, 0x08,
    0x23, 0x99, 0x2b, 0xe3, 0xc9, 0xfa, 0xc9, 0xfa, 0xc9, 0xfa, 0xc8, 0xfa,
    0xc9, 0xfa, 0xc9, 0xfa, 0xc8, 0xfa, 0xc9, 0xfa, 0xc9, 0xfa, 0xc8, 0xfa,
    0xc9, 0xfa, 0xc9, 0xfa, 0xc8, 0xfa, 0xc9, 0xfa, 0xc9, 0xfa, 0xc8, 0xfa,
    0xc9, 0xfa, 0xc9, 0xfa, 0xc8, 0xfa, 0xc9, 0xfa, 0xc9, 0xfa, 0xc8, 0xfa,
    0xc9, 0xfa, 0xc9, 0xfa, 0xa2, 0x28, 0x00, 0x10, 0x00, 0x08, 0x00, 0x08,
    0x20, 0x00, 0x00, 0x08, 0xff, 0xff, 0xff, 0xff, 0xff, 0xff, 0xff, 0xff,
    0xff, 0xff, 0x20, 0x00, 0x00, 0x48, 0x6d, 0xc3, 0xc9, 0xfa, 0xc9, 0xfa,
    0xc9, 0xfa, 0xc9, 0xfa, 0xc9, 0xfa, 0xc9, 0xfa, 0xc9, 0xfa, 0xc9, 0xfa,
    0xc9, 0xfa, 0xc9, 0xfa, 0xc9, 0xfa, 0xc9, 0xfa, 0xc9, 0xfa, 0xc9, 0xfa,
    0xc9, 0xfa, 0xc9, 0xfa, 0xc9, 0xfa, 0xc9, 0xfa, 0xc9, 0xfa, 0xc9, 0xfa,
    0xc9, 0xfa, 0xc9, 0xfa, 0xc9, 0xfa, 0xc9, 0xfa, 0xc9, 0xfa, 0xc9, 0xfa,
    0xc9, 0xfa, 0xc9, 0xfa, 0xc9, 0xfa, 0xc9, 0xfa, 0xc9, 0xfa, 0xc9, 0xfa,
    0xc9, 0xfa, 0xc9, 0xfa, 0xc9, 0xfa, 0xc9, 0xfa, 0xc9, 0xfa, 0xc9, 0xfa,
    0xc9, 0xfa, 0xc9, 0xfa, 0xc9, 0xfa, 0xc9, 0xfa, 0xc9, 0xfa, 0xc9, 0xfa,
    0xc9, 0xfa, 0xc9, 0xfa, 0xc9, 0xfa, 0xc9, 0xfa, 0xc9, 0xfa, 0xc9, 0xfa,
    0xc9, 0xfa, 0xc9, 0xfa, 0xc9, 0xfa, 0xc9, 0xfa, 0xc9, 0xfa, 0xc9, 0xfa,
    0xc9, 0xfa, 0xc9, 0xfa, 0xc9, 0xfa, 0xc9, 0xfa, 0xc9, 0xfa, 0xc9, 0xfa,
    0xc9, 0xfa, 0xc9, 0xfa, 0xc9, 0xfa, 0xc9, 0xfa, 0xc9, 0xfa, 0xc9, 0xfa,
    0xc9, 0xfa, 0xc9, 0xfa, 0xc9, 0xfa, 0xc9, 0xfa, 0xc9, 0xfa, 0xc9, 0xfa,
    0xc9, 0xfa, 0x47, 0xda, 0x00, 0x08, 0x00, 0x08, 0x20, 0x08, 0x00, 0x00,
    0x20, 0x08, 0x00, 0x08, 0xff, 0xff, 0xff, 0xff, 0xff, 0xff, 0xff, 0xff,
    0xff, 0xff, 0xff, 0xff, 0xff, 0xff, 0xff, 0xff, 0xff, 0xff, 0xff, 0xff,
    0xff, 0xff, 0xff, 0xff, 0xff, 0xff, 0xff, 0xff, 0xff, 0xff, 0xff, 0xff,
    0xff, 0xff, 0xff, 0xff, 0xff, 0xff, 0xff, 0xff, 0xff, 0xff, 0xff, 0xff,
    0xff, 0xff, 0xff, 0xff, 0xff, 0xff, 0xff, 0xff, 0x20, 0x00, 0x00, 0x48,
    0x6d, 0xc3, 0xc9, 0xfa, 0xc9, 0xfa, 0xc8, 0xfa, 0xc9, 0xfa, 0xc9, 0xfa,
    0xc8, 0xfa, 0xc9, 0xfa, 0xc9, 0xfa, 0xc8, 0xfa, 0xc9, 0xfa, 0xc9, 0xfa,
    0xc8, 0xfa, 0xc9, 0xfa, 0xc9, 0xfa, 0xc8, 0xfa, 0xc9, 0xfa, 0xc9, 0xfa,
    0xc8, 0xfa, 0xc9, 0xfa, 0xc9, 0xfa, 0xc8, 0xfa, 0xc9, 0xfa, 0xc9, 0xfa,
    0xc8, 0xfa, 0xc9, 0xfa, 0xc9, 0xfa, 0xc8, 0xfa, 0xc9, 0xfa, 0xc9, 0xfa,
    0xc8, 0xfa, 0xc9, 0xfa, 0xc9, 0xfa, 0xc8, 0xfa, 0xc9, 0xfa, 0xc9, 0xfa,
    0xc8, 0xfa, 0xc9, 0xfa, 0xc9, 0xfa, 0xc8, 0xfa, 0xc9, 0xfa, 0xc9, 0xfa,
    0xc8, 0xfa, 0xc9, 0xfa, 0xc9, 0xfa, 0xc8, 0xfa, 0xc9, 0xfa, 0xc9, 0xfa,
    0xc8, 0xfa, 0xc9, 0xfa, 0xc9, 0xfa, 0xe3, 0x38, 0x00, 0x10, 0x00, 0x08,
    0x00, 0x08, 0x00, 0x08, 0x00, 0x08, 0xff, 0xff, 0xff, 0xff, 0xff, 0xff,
    0xff, 0xff, 0xff, 0xff, 0xff, 0xff, 0xff, 0xff, 0xff, 0xff, 0xff, 0xff,
    0xff, 0xff, 0xff, 0xff, 0xff, 0xff, 0xff, 0xff, 0xff, 0xff, 0xff, 0xff,
    0xff, 0xff, 0xff, 0xff, 0xff, 0xff, 0xff, 0xff, 0xff, 0xff, 0xff, 0xff,
    0xff, 0xff, 0xff, 0xff, 0xff, 0xff, 0xff, 0xff, 0xff, 0xff, 0xff, 0xff,
    0xff, 0xff, 0xff, 0xff, 0xff, 0xff, 0x00, 0x08, 0x00, 0x08, 0xc1, 0x80,
    0x4b, 0xd3, 0xc9, 0xfa, 0xc9, 0xfa, 0xc9, 0xfa, 0xc9, 0xfa, 0xc9, 0xfa,
    0xc9, 0xfa, 0xc9, 0xfa, 0xc9, 0xfa, 0xc9, 0xfa, 0xc9, 0xfa, 0xc9, 0xfa,
    0xc9, 0xfa, 0xc9, 0xfa, 0xc9, 0xfa, 0xc9, 0xfa, 0xc9, 0xfa, 0xc9, 0xfa,
    0xc9, 0xfa, 0xc9, 0xfa, 0xc9, 0xfa, 0xc9, 0xfa, 0xc9, 0xfa, 0xc9, 0xfa,
    0xc9, 0xfa, 0xc9, 0xfa, 0xc9, 0xfa, 0xc9, 0xfa, 0xc9, 0xfa, 0xc9, 0xfa,
    0xc9, 0xfa, 0xc9, 0xfa, 0xc9, 0xfa, 0xc9, 0xfa, 0xc9, 0xfa, 0xc9, 0xfa,
    0xc9, 0xfa, 0xc9, 0xfa, 0xc9, 0xfa, 0xc9, 0xfa, 0xc9, 0xfa, 0xc9, 0xfa,
    0xc9, 0xfa, 0xc9, 0xfa, 0xc9, 0xfa, 0xc9, 0xfa, 0xc9, 0xfa, 0xc9, 0xfa,
    0xc9, 0xfa, 0xc9, 0xfa, 0xc9, 0xfa, 0x00, 0x00, 0x20, 0x08, 0x00, 0x08,
    0x20, 0x00, 0x00, 0x08, 0x20, 0x08, 0xff, 0xff, 0xff, 0xff, 0xff, 0xff,
    0xff, 0xff, 0xff, 0xff, 0xff, 0xff, 0xff, 0xff, 0xff, 0xff, 0xff, 0xff,
    0xff, 0xff, 0xff, 0xff, 0xff, 0xff, 0xff, 0xff, 0xff, 0xff, 0xff, 0xff,
    0xff, 0xff, 0xff, 0xff, 0x20, 0x00, 0x00, 0x20, 0xc6, 0x59, 0xc9, 0xfa,
    0xc9, 0xfa, 0xc9, 0xfa, 0xc9, 0xfa, 0xc9, 0xfa, 0xc9, 0xfa, 0xc9, 0xfa,
    0xc9, 0xfa, 0xc9, 0xfa, 0xc9, 0xfa, 0xc9, 0xfa, 0xc9, 0xfa, 0xc9, 0xfa,
    0xc9, 0xfa, 0xc9, 0xfa, 0xc9, 0xfa, 0xc9, 0xfa, 0xc9, 0xfa, 0xc9, 0xfa,
    0xc9, 0xfa, 0xc9, 0xfa, 0xc9, 0xfa, 0xc9, 0xfa, 0xc9, 0xfa, 0x4c, 0xd3,
    0x40, 0x68, 0x00, 0x08, 0x20, 0x08, 0x00, 0x00, 0x00, 0x08, 0x21, 0x00,
    0xff, 0xff, 0xff, 0xff, 0xff, 0xff, 0xff, 0xff, 0xff, 0xff, 0xff, 0xff,
    0xff, 0xff, 0xff, 0xff, 0xff, 0xff, 0xff, 0xff, 0xff, 0xff, 0xff, 0xff,
    0xff, 0xff, 0xff, 0xff, 0xff, 0xff, 0xff, 0xff, 0xff, 0xff, 0xff, 0xff,
    0xff, 0xff, 0xff, 0xff, 0xff, 0xff, 0xff, 0xff, 0xff, 0xff, 0xff, 0xff,
    0xff, 0xff, 0xff, 0xff, 0xff, 0xff, 0xff, 0xff, 0xff, 0xff, 0xff, 0xff,
    0xff, 0xff, 0xff, 0xff, 0xff, 0xff, 0xff, 0xff, 0xff, 0xff, 0xff, 0xff,
    0xff, 0xff, 0xff, 0xff, 0xff, 0xff, 0xff, 0xff, 0xff, 0xff, 0xff, 0xff,
    0xff, 0xff, 0x00, 0x08, 0x00, 0x08, 0x43, 0x99, 0x2a, 0xe3, 0xc9, 0xfa,
    0xc9, 0xfa, 0xc9, 0xfa, 0xc9, 0xfa, 0xc9, 0xfa, 0xc9, 0xfa, 0xc9, 0xfa,
    0xc9, 0xfa, 0xc9, 0xfa, 0xc9, 0xfa, 0xc9, 0xfa, 0xc9, 0xfa, 0xc9, 0xfa,
    0xc9, 0xfa, 0xc9, 0xfa, 0xc9, 0xfa, 0xc9, 0xfa, 0xc9, 0xfa, 0xc9, 0xfa,
    0xc9, 0xfa, 0xc9, 0xfa, 0xc9, 0xfa, 0xc9, 0xfa, 0xc9, 0xfa, 0xa2, 0x20,
    0x00, 0x10, 0x00, 0x08, 0x00, 0x08, 0x00, 0x00, 0x00, 0x08, 0xff, 0xff,
    0xff, 0xff, 0xff, 0xff, 0xff, 0xff, 0xff, 0xff, 0x21, 0x00, 0x00, 0x48,
    0x8c, 0xc3, 0xc9, 0xfa, 0xc9, 0xfa, 0xc9, 0xfa, 0xc8, 0xfa, 0xc9, 0xfa,
    0xc9, 0xfa, 0xc8, 0xfa, 0xc9, 0xfa, 0xc9, 0xfa, 0xc8, 0xfa, 0xc9, 0xfa,
    0xc9, 0xfa, 0xc8, 0xfa, 0xc9, 0xfa, 0xc9, 0xfa, 0xc8, 0xfa, 0xc9, 0xfa,
    0xc9, 0xfa, 0xc8, 0xfa, 0xc9, 0xfa, 0xc9, 0xfa, 0xc8, 0xfa, 0xc9, 0xfa,
    0xc9, 0xfa, 0xc8, 0xfa, 0xc9, 0xfa, 0xc9, 0xfa, 0xc8, 0xfa, 0xc9, 0xfa,
    0xc9, 0xfa, 0xc8, 0xfa, 0xc9, 0xfa, 0xc9, 0xfa, 0xc8, 0xfa, 0xc9, 0xfa,
    0xc9, 0xfa, 0xc8, 0xfa, 0xc9, 0xfa, 0xc9, 0xfa, 0xc8, 0xfa, 0xc9, 0xfa,
    0xc9, 0xfa, 0xc8, 0xfa, 0xc9, 0xfa, 0xc9, 0xfa, 0xc8, 0xfa, 0xc9, 0xfa,
    0xc9, 0xfa, 0xc8, 0xfa, 0xc9, 0xfa, 0xc9, 0xfa, 0xc8, 0xfa, 0xc9, 0xfa,
    0xc9, 0xfa, 0xc8, 0xfa, 0xc9, 0xfa, 0xc9, 0xfa, 0xc8, 0xfa, 0xc9, 0xfa,
    0xc9, 0xfa, 0xc8, 0xfa, 0xc9, 0xfa, 0xc9, 0xfa, 0xc8, 0xfa, 0xc9, 0xfa,
    0xc9, 0xfa, 0xc8, 0xfa, 0xc9, 0xfa, 0xc9, 0xfa, 0xc8, 0xfa, 0xc9, 0xfa,
    0xc9, 0xfa, 0xc9, 0xfa, 0xc9, 0xfa, 0xe9, 0xf2, 0x47, 0xda, 0x00, 0x08,
    0x00, 0x08, 0x00, 0x08, 0x00, 0x08, 0x00, 0x08, 0x20, 0x00, 0xff, 0xff,
    0xff, 0xff, 0xff, 0xff, 0xff, 0xff, 0xff, 0xff, 0xff, 0xff, 0xff, 0xff,
    0xff, 0xff, 0xff, 0xff, 0xff, 0xff, 0xff, 0xff, 0xff, 0xff, 0xff, 0xff,
    0xff, 0xff, 0xff, 0xff, 0xff, 0xff, 0xff, 0xff, 0xff, 0xff, 0xff, 0xff,
    0xff, 0xff, 0xff, 0xff, 0xff, 0xff, 0xff, 0xff, 0xff, 0xff, 0xff, 0xff,
    0xff, 0xff, 0x20, 0x08, 0x00, 0x48, 0x8c, 0xc3, 0xc9, 0xfa, 0xc9, 0xfa,
    0xc9, 0xfa, 0xc9, 0xfa, 0xc9, 0xfa, 0xc9, 0xfa, 0xc9, 0xfa, 0xc9, 0xfa,
    0xc9, 0xfa, 0xc9, 0xfa, 0xc9, 0xfa, 0xc9, 0xfa, 0xc9, 0xfa, 0xc9, 0xfa,
    0xc9, 0xfa, 0xc9, 0xfa, 0xc9, 0xfa, 0xc9, 0xfa, 0xc9, 0xfa, 0xc9, 0xfa,
    0xc9, 0xfa, 0xc9, 0xfa, 0xc9, 0xfa, 0xc9, 0xfa, 0xc9, 0xfa, 0xc9, 0xfa,
    0xc9, 0xfa, 0xc9, 0xfa, 0xc9, 0xfa, 0xc9, 0xfa, 0xc9, 0xfa, 0xc9, 0xfa,
    0xc9, 0xfa, 0xc9, 0xfa, 0xc9, 0xfa, 0xc9, 0xfa, 0xc9, 0xfa, 0xc9, 0xfa,
    0xc9, 0xfa, 0xc9, 0xfa, 0xc9, 0xfa, 0xc9, 0xfa, 0xc9, 0xfa, 0xc9, 0xfa,
    0xc9, 0xfa, 0xc9, 0xfa, 0xc9, 0xfa, 0xc9, 0xfa, 0xc9, 0xfa, 0xc9, 0xfa,
    0xe2, 0x38, 0x00, 0x10, 0x20, 0x08, 0x00, 0x08, 0x00, 0x00, 0x00, 0x08,
    0xff, 0xff, 0xff, 0xff, 0xff, 0xff, 0xff, 0xff, 0xff, 0xff, 0xff, 0xff,
    0xff, 0xff, 0xff, 0xff, 0xff, 0xff, 0xff, 0xff, 0xff, 0xff, 0xff, 0xff,
    0xff, 0xff, 0xff, 0xff, 0xff, 0xff, 0xff, 0xff, 0xff, 0xff, 0xff, 0xff,
    0xff, 0xff, 0xff, 0xff, 0xff, 0xff, 0xff, 0xff, 0xff, 0xff, 0xff, 0xff,
    0xff, 0xff, 0xff, 0xff, 0xff, 0xff, 0xff, 0xff, 0xff, 0xff, 0xff, 0xff,
    0x00, 0x08, 0x00, 0x08, 0xc1, 0x80, 0x2b, 0xd3, 0xc9, 0xfa, 0xc9, 0xfa,
    0xc9, 0xfa, 0xc9, 0xfa, 0xc9, 0xfa, 0xc9, 0xfa, 0xc9, 0xfa, 0xc9, 0xfa,
    0xc9, 0xfa, 0xc9, 0xfa, 0xc9, 0xfa, 0xc9, 0xfa, 0xc9, 0xfa, 0xc9, 0xfa,
    0xc9, 0xfa, 0xc9, 0xfa, 0xc9, 0xfa, 0xc9, 0xfa, 0xc9, 0xfa, 0xc9, 0xfa,
    0xc9, 0xfa, 0xc9, 0xfa, 0xc9, 0xfa, 0xc9, 0xfa, 0xc9, 0xfa, 0xc9, 0xfa,
    0xc9, 0xfa, 0xc9, 0xfa, 0xc9, 0xfa, 0xc9, 0xfa, 0xc9, 0xfa, 0xc9, 0xfa,
    0xc9, 0xfa, 0xc9, 0xfa, 0xc9, 0xfa, 0xc9, 0xfa, 0xc9, 0xfa, 0xc9, 0xfa,
    0xc9, 0xfa, 0xc9, 0xfa, 0xc9, 0xfa, 0xc9, 0xfa, 0xc9, 0xfa, 0xc9, 0xfa,
    0xc9, 0xfa, 0xc9, 0xfa, 0xc9, 0xfa, 0xc9, 0xfa, 0xc9, 0xfa, 0xc9, 0xfa,
    0x00, 0x08, 0x00, 0x08, 0x00, 0x00, 0x00, 0x08, 0x00, 0x08, 0x00, 0x08,
    0xff, 0xff, 0xff, 0xff, 0xff, 0xff, 0xff, 0xff, 0xff, 0xff, 0xff, 0xff,
    0xff, 0xff, 0xff, 0xff, 0xff, 0xff, 0xff, 0xff, 0xff, 0xff, 0xff, 0xff,
    0xff, 0xff, 0xff, 0xff, 0xff, 0xff, 0xff, 0xff, 0xff, 0xff, 0x21, 0x08,
    0x00, 0x20, 0xc6, 0x59, 0xc9, 0xfa, 0xc9, 0xfa, 0xc9, 0xfa, 0xc9, 0xfa,
    0xc9, 0xfa, 0xc9, 0xfa, 0xc9, 0xfa, 0xc9, 0xfa, 0xc9, 0xfa, 0xc9, 0xfa,
    0xc9, 0xfa, 0xc9, 0xfa, 0xc9, 0xfa, 0xc9, 0xfa, 0xc9, 0xfa, 0xc9, 0xfa,
    0xc9, 0xfa, 0xc9, 0xfa, 0xc9, 0xfa, 0xc9, 0xfa, 0xc9, 0xfa, 0xc9, 0xfa,
    0xc9, 0xfa, 0xc9, 0xfa, 0x6c, 0xd3, 0x40, 0x68, 0x00, 0x08, 0x00, 0x08,
    0x20, 0x08, 0x00, 0x08, 0x20, 0x00, 0xff, 0xff, 0xff, 0xff, 0xff, 0xff,
    0xff, 0xff, 0xff, 0xff, 0xff, 0xff, 0xff, 0xff, 0xff, 0xff, 0xff, 0xff,
    0xff, 0xff, 0xff, 0xff, 0xff, 0xff, 0xff, 0xff, 0xff, 0xff, 0xff, 0xff,
    0xff, 0xff, 0xff, 0xff, 0xff, 0xff, 0xff, 0xff, 0xff, 0xff, 0xff, 0xff,
    0xff, 0xff, 0xff, 0xff, 0xff, 0xff, 0xff, 0xff, 0xff, 0xff, 0xff, 0xff,
    0xff, 0xff, 0xff, 0xff, 0xff, 0xff, 0xff, 0xff, 0xff, 0xff, 0xff, 0xff,
    0xff, 0xff, 0xff, 0xff, 0xff, 0xff, 0xff, 0xff, 0xff, 0xff, 0xff, 0xff,
    0xff, 0xff, 0xff, 0xff, 0xff, 0xff, 0xff, 0xff, 0x00, 0x00, 0x00, 0x08,
    0x43, 0xa1, 0x2a, 0xe3, 0xc9, 0xfa, 0xc9, 0xfa, 0xc9, 0xfa, 0xc9, 0xfa,
    0xc9, 0xfa, 0xc9, 0xfa, 0xc9, 0xfa, 0xc9, 0xfa, 0xc9, 0xfa, 0xc9, 0xfa,
    0xc9, 0xfa, 0xc9, 0xfa, 0xc9, 0xfa, 0xc9, 0xfa, 0xc9, 0xfa, 0xc9, 0xfa,
    0xc9, 0xfa, 0xc9, 0xfa, 0xc9, 0xfa, 0xc9, 0xfa, 0xc9, 0xfa, 0xc9, 0xfa,
    0xc9, 0xfa, 0xc9, 0xfa, 0xa2, 0x28, 0x00, 0x10, 0x00, 0x00, 0x00, 0x08,
    0x20, 0x08, 0x00, 0x08, 0xff, 0xff, 0xff, 0xff, 0xff, 0xff, 0xff, 0xff,
    0xff, 0xff, 0x20, 0x00, 0x00, 0x48, 0x6c, 0xc3, 0xc9, 0xfa, 0xc9, 0xfa,
    0xc9, 0xfa, 0xc9, 0xfa, 0xc9, 0xfa, 0xc9, 0xfa, 0xc9, 0xfa, 0xc9, 0xfa,
    0xc9, 0xfa, 0xc9, 0xfa, 0xc9, 0xfa, 0xc9, 0xfa, 0xc9, 0xfa, 0xc9, 0xfa,
    0xc9, 0xfa, 0xc9, 0xfa, 0xc9, 0xfa, 0xc9, 0xfa, 0xc9, 0xfa, 0xc9, 0xfa,
    0xc9, 0xfa, 0xc9, 0xfa, 0xc9, 0xfa, 0xc9, 0xfa, 0xc9, 0xfa, 0xc9, 0xfa,
    0xc9, 0xfa, 0xc9, 0xfa, 0xc9, 0xfa, 0xc9, 0xfa, 0xc9, 0xfa, 0xc9, 0xfa,
    0xc9, 0xfa, 0xc9, 0xfa, 0xc9, 0xfa, 0xc9, 0xfa, 0xc9, 0xfa, 0xc9, 0xfa,
    0xc9, 0xfa, 0xc9, 0xfa, 0xc9, 0xfa, 0xc9, 0xfa, 0xc9, 0xfa, 0xc9, 0xfa,
    0xc9, 0xfa, 0xc9, 0xfa, 0xc9, 0xfa, 0xc9, 0xfa, 0xc9, 0xfa, 0xc9, 0xfa,
    0xc9, 0xfa, 0xc9, 0xfa, 0xc9, 0xfa, 0xc9, 0xfa, 0xc9, 0xfa, 0xc9, 0xfa,
    0xc9, 0xfa, 0xc9, 0xfa, 0xc9, 0xfa, 0xc9, 0xfa, 0xc9, 0xfa, 0xc9, 0xfa,
    0xc9, 0xfa, 0xc9, 0xfa, 0xc9, 0xfa, 0xc9, 0xfa, 0xc9, 0xfa, 0xc9, 0xfa,
    0xc9, 0xfa, 0xc9, 0xfa, 0xc9, 0xfa, 0xc8, 0xfa, 0xc9, 0xfa, 0xc9, 0xfa,
    0xc9, 0xfa, 0x47, 0xda, 0x00, 0x08, 0x00, 0x08, 0x20, 0x00, 0x00, 0x08,
    0x00, 0x08, 0x00, 0x08, 0xff, 0xff, 0xff, 0xff, 0xff, 0xff, 0xff, 0xff,
    0xff, 0xff, 0xff, 0xff, 0xff, 0xff, 0xff, 0xff, 0xff, 0xff, 0xff, 0xff,
    0xff, 0xff, 0xff, 0xff, 0xff, 0xff, 0xff, 0xff, 0x20, 0x08, 0x00, 0x10,
    0x00, 0x10, 0x00, 0x10, 0x00, 0x10, 0x00, 0x10, 0x00, 0x10, 0x00, 0x10,
    0x00, 0x10, 0x00, 0x10, 0x00, 0x10, 0x00, 0x10, 0x00, 0x10, 0x00, 0x50,
    0x6c, 0xc3, 0xc9, 0xfa, 0xc9, 0xfa, 0xc9, 0xfa, 0xc9, 0xfa, 0xc9, 0xfa,
    0xc9, 0xfa, 0xc9, 0xfa, 0xc9, 0xfa, 0xc9, 0xfa, 0xc9, 0xfa, 0xc9, 0xfa,
    0xc9, 0xfa, 0xe9, 0xf2, 0xe9, 0xf2, 0xc9, 0xfa, 0xe9, 0xf2, 0xe9, 0xf2,
    0xc9, 0xfa, 0xe9, 0xf2, 0xe9, 0xf2, 0xc9, 0xfa, 0xe9, 0xf2, 0xe9, 0xf2,
    0xc9, 0xfa, 0xe9, 0xf2, 0xe9, 0xf2, 0xc9, 0xfa, 0xe9, 0xf2, 0xe9, 0xf2,
    0xc9, 0xfa, 0xe9, 0xf2, 0xe9, 0xf2, 0xc9, 0xfa, 0xe9, 0xf2, 0xe9, 0xf2,
    0xc9, 0xfa, 0xe9, 0xfa, 0xe9, 0xf2, 0xc9, 0xfa, 0xc9, 0xfa, 0xc9, 0xfa,
    0xc9, 0xfa, 0xc9, 0xfa, 0xc9, 0xfa, 0xc9, 0xfa, 0xc9, 0xfa, 0xc9, 0xfa,
    0xc9, 0xfa, 0xc9, 0xfa, 0xc9, 0xfa, 0xe2, 0x38, 0x00, 0x18, 0x00, 0x10,
    0x00, 0x10, 0x00, 0x10, 0x00, 0x10, 0x00, 0x10, 0x00, 0x10, 0x00, 0x10,
    0x00, 0x10, 0x00, 0x10, 0x00, 0x10, 0x00, 0x08, 0x00, 0x08, 0xff, 0xff,
    0xff, 0xff, 0xff, 0xff, 0xff, 0xff, 0xff, 0xff, 0xff, 0xff, 0xff, 0xff,
    0xff, 0xff, 0xff, 0xff, 0xff, 0xff, 0xff, 0xff, 0xff, 0xff, 0xff, 0xff,
    0xff, 0xff, 0xff, 0xff, 0xff, 0xff, 0xff, 0xff, 0xff, 0xff, 0xff, 0xff,
    0xff, 0xff, 0xff, 0xff, 0xff, 0xff, 0x00, 0x08, 0x00, 0x08, 0xc1, 0x80,
    0x4b, 0xd3, 0xc9, 0xfa, 0xc9, 0xfa, 0xc9, 0xfa, 0xc8, 0xfa, 0xc9, 0xfa,
    0xc9, 0xfa, 0xc8, 0xfa, 0xc9, 0xfa, 0xc9, 0xfa, 0xc8, 0xfa, 0xc9, 0xfa,
    0xc8, 0xfa, 0xc9, 0xfa, 0xc9, 0xfa, 0xc8, 0xfa, 0xc9, 0xfa, 0xc9, 0xfa,
    0xc8, 0xfa, 0xc9, 0xfa, 0xc9, 0xfa, 0xc8, 0xfa, 0xc9, 0xfa, 0xc9, 0xfa,
    0xc8, 0xfa, 0xc9, 0xfa, 0xc9, 0xfa, 0xc8, 0xfa, 0xc9, 0xfa, 0xc9, 0xfa,
    0xc8, 0xfa, 0xc9, 0xfa, 0xc9, 0xfa, 0xc8, 0xfa, 0xc9, 0xfa, 0xc9, 0xfa,
    0xc8, 0xfa, 0xc9, 0xfa, 0xc9, 0xfa, 0xc8, 0xfa, 0xc9, 0xfa, 0xc9, 0xfa,
    0xc8, 0xfa, 0xc9, 0xfa, 0xc9, 0xfa, 0xc8, 0xfa, 0xc9, 0xfa, 0xc9, 0xfa,
    0xc8, 0xfa, 0xc9, 0xfa, 0xc9, 0xfa, 0x00, 0x08, 0x00, 0x08, 0x00, 0x08,
    0x00, 0x08, 0x00, 0x08, 0x00, 0x08, 0xff, 0xff, 0xff, 0xff, 0xff, 0xff,
    0xff, 0xff, 0xff, 0xff, 0xff, 0xff, 0xff, 0xff, 0xff, 0xff, 0xff, 0xff,
    0xff, 0xff, 0xff, 0xff, 0xff, 0xff, 0xff, 0xff, 0xff, 0xff, 0xff, 0xff,
    0xff, 0xff, 0xff, 0xff, 0x20, 0x00, 0x00, 0x20, 0xc6, 0x59, 0xc9, 0xfa,
    0xc9, 0xfa, 0xc9, 0xfa, 0xc8, 0xfa, 0xc9, 0xfa, 0xc9, 0xfa, 0xc8, 0xfa,
    0xc9, 0xfa, 0xc9, 0xfa, 0xc8, 0xfa, 0xc9, 0xfa, 0xc9, 0xfa, 0xc8, 0xfa,
    0xc9, 0xfa, 0xc8, 0xfa, 0xc9, 0xfa, 0xc9, 0xfa, 0xc8, 0xfa, 0xc9, 0xfa,
    0xc8, 0xfa, 0xc9, 0xfa, 0xc9, 0xfa, 0xc8, 0xfa, 0xc9, 0xfa, 0x6c, 0xd3,
    0x40, 0x68, 0x00, 0x08, 0x00, 0x08, 0x00, 0x08, 0x00, 0x08, 0x00, 0x08,
    0x00, 0x08, 0xff, 0xff, 0xff, 0xff, 0xff, 0xff, 0xff, 0xff, 0xff, 0xff,
    0xff, 0xff, 0xff, 0xff, 0xff, 0xff, 0xff, 0xff, 0xff, 0xff, 0xff, 0xff,
    0xff, 0xff, 0xff, 0xff, 0xff, 0xff, 0xff, 0xff, 0xff, 0xff, 0xff, 0xff,
    0xff, 0xff, 0xff, 0xff, 0xff, 0xff, 0xff, 0xff, 0xff, 0xff, 0xff, 0xff,
    0xff, 0xff, 0xff, 0xff, 0xff, 0xff, 0xff, 0xff, 0xff, 0xff, 0xff, 0xff,
    0xff, 0xff, 0xff, 0xff, 0xff, 0xff, 0xff, 0xff, 0xff, 0xff, 0xff, 0xff,
    0xff, 0xff, 0xff, 0xff, 0xff, 0xff, 0xff, 0xff, 0xff, 0xff, 0xff, 0xff,
    0xff, 0xff, 0x00, 0x08, 0x00, 0x08, 0x23, 0x99, 0x2b, 0xe3, 0xc9, 0xfa,
    0xc9, 0xfa, 0xc9, 0xfa, 0xc8, 0xfa, 0xc9, 0xfa, 0xc9, 0xfa, 0xc8, 0xfa,
    0xc9, 0xfa, 0xc9, 0xfa, 0xc8, 0xfa, 0xc9, 0xfa, 0xc9, 0xfa, 0xc8, 0xfa,
    0xc9, 0xfa, 0xc9, 0xfa, 0xc8, 0xfa, 0xc9, 0xfa, 0xc9, 0xfa, 0xc8, 0xfa,
    0xc9, 0xfa, 0xc9, 0xfa, 0xc8, 0xfa, 0xc9, 0xfa, 0xc9, 0xfa, 0xa2, 0x28,
    0x00, 0x10, 0x00, 0x08, 0x00, 0x08, 0x20, 0x08, 0x00, 0x00, 0xff, 0xff,
    0xff, 0xff, 0xff, 0xff, 0xff, 0xff, 0xff, 0xff, 0x20, 0x00, 0x00, 0x48,
    0x8d, 0xcb, 0xc9, 0xfa, 0xc9, 0xfa, 0xc9, 0xfa, 0xc9, 0xfa, 0xc9, 0xfa,
    0xc9, 0xfa, 0xc9, 0xfa, 0xc9, 0xfa, 0xc9, 0xfa, 0xc9, 0xfa, 0xc9, 0xfa,
    0xc9, 0xfa, 0xc9, 0xfa, 0xc9, 0xfa, 0xc9, 0xfa, 0xc9, 0xfa, 0xc9, 0xfa,
    0xc9, 0xfa, 0xc9, 0xfa, 0xc9, 0xfa, 0xc9, 0xfa, 0xc9, 0xfa, 0xc9, 0xfa,
    0xc9, 0xfa, 0xe9, 0xfa, 0xc9, 0xf2, 0xe9, 0xf2, 0xe9, 0xfa, 0xc9, 0xf2,
    0xe9, 0xf2, 0xe9, 0xfa, 0xc9, 0xf2, 0xe9, 0xf2, 0xe9, 0xfa, 0xc9, 0xf2,
    0xe9, 0xf2, 0xe9, 0xfa, 0xc9, 0xf2, 0xe9, 0xf2, 0xe9, 0xfa, 0xc9, 0xf2,
    0xe9, 0xf2, 0xe9, 0xfa, 0xc9, 0xf2, 0xe9, 0xf2, 0xe9, 0xfa, 0xc9, 0xf2,
    0xe9, 0xf2, 0xe9, 0xfa, 0xc9, 0xf2, 0xe9, 0xf2, 0xe9, 0xfa, 0xc9, 0xf2,
    0xe9, 0xf2, 0xe9, 0xfa, 0xc9, 0xf2, 0xe9, 0xf2, 0xe9, 0xfa, 0xc9, 0xf2,
    0xe9, 0xf2, 0xe9, 0xfa, 0xc9, 0xf2, 0xe9, 0xf2, 0xe9, 0xfa, 0xc9, 0xf2,
    0xe9, 0xf2, 0xe9, 0xfa, 0xc9, 0xf2, 0xe9, 0xf2, 0xc9, 0xfa, 0xe9, 0xf2,
    0xe9, 0xfa, 0xc9, 0xf2, 0xe9, 0xfa, 0xe9, 0xf2, 0x87, 0xda, 0x00, 0x08,
    0x00, 0x08, 0x20, 0x00, 0x00, 0x08, 0x00, 0x08, 0x00, 0x00, 0xff, 0xff,
    0xff, 0xff, 0xff, 0xff, 0xff, 0xff, 0xff, 0xff, 0xff, 0xff, 0xff, 0xff,
    0xff, 0xff, 0xff, 0xff, 0xff, 0xff, 0xff, 0xff, 0xff, 0xff, 0xff, 0xff,
    0x20, 0x08, 0x20, 0x00, 0x00, 0x10, 0x00, 0x10, 0x00, 0x10, 0x00, 0x10,
    0x00, 0x10, 0x00, 0x10, 0x00, 0x10, 0x00, 0x10, 0x00, 0x10, 0x00, 0x10,
    0x00, 0x10, 0x00, 0x10, 0x00, 0x50, 0x6c, 0xc3, 0xc9, 0xfa, 0xc9, 0xfa,
    0xc9, 0xfa, 0xc8, 0xfa, 0xc9, 0xfa, 0xc9, 0xfa, 0xc8, 0xfa, 0xc9, 0xfa,
    0xc9, 0xfa, 0xc8, 0xfa, 0xc9, 0xfa, 0xc9, 0xfa, 0xe9, 0xfa, 0xc9, 0xfa,
    0xc9, 0xfa, 0xe9, 0xfa, 0xc9, 0xfa, 0xc9, 0xfa, 0xe9, 0xfa, 0xc9, 0xfa,
    0xc9, 0xfa, 0xe9, 0xfa, 0xc9, 0xfa, 0xc9, 0xfa, 0xe9, 0xfa, 0xc9, 0xfa,
    0xc9, 0xfa, 0xe9, 0xfa, 0xc9, 0xfa, 0xc9, 0xfa, 0xe9, 0xfa, 0xc9, 0xfa,
    0xc9, 0xfa, 0xe9, 0xfa, 0xc9, 0xf2, 0xc9, 0xfa, 0xc9, 0xfa, 0xe9, 0xfa,
    0xc9, 0xfa, 0xc8, 0xfa, 0xc9, 0xfa, 0xc9, 0xfa, 0xc8, 0xfa, 0xc9, 0xfa,
    0xc9, 0xfa, 0xc8, 0xfa, 0xc9, 0xfa, 0xc9, 0xfa, 0xc9, 0xfa, 0xc9, 0xfa,
    0xe3, 0x38, 0x00, 0x18, 0x00, 0x10, 0x00, 0x10, 0x00, 0x10, 0x00, 0x10,
    0x00, 0x10, 0x00, 0x10, 0x00, 0x10, 0x00, 0x10, 0x00, 0x10, 0x00, 0x10,
    0x00, 0x08, 0x00, 0x08, 0x20, 0x00, 0xff, 0xff, 0xff, 0xff, 0xff, 0xff,
    0xff, 0xff, 0xff, 0xff, 0xff, 0xff, 0xff, 0xff, 0xff, 0xff, 0xff, 0xff,
    0x20, 0x00, 0x20, 0x00, 0x20, 0x00, 0x20, 0x00, 0x20, 0x00, 0x20, 0x00,
    0x20, 0x00, 0x20, 0x00, 0x20, 0x00, 0x20, 0x00, 0x20, 0x00, 0x20, 0x00,
    0x00, 0x08, 0x00, 0x08, 0xa1, 0x88, 0x4b, 0xd3, 0xc9, 0xfa, 0xc9, 0xfa,
    0xc9, 0xfa, 0xc9, 0xfa, 0xc9, 0xfa, 0xc9, 0xfa, 0xc9, 0xfa, 0xc9, 0xfa,
    0xc9, 0xfa, 0xc9, 0xfa, 0xc9, 0xfa, 0xc9, 0xfa, 0xc9, 0xfa, 0xc9, 0xfa,
    0xc9, 0xfa, 0xc9, 0xfa, 0xc9, 0xfa, 0xc9, 0xfa, 0xc9, 0xfa, 0xc9, 0xfa,
    0xc9, 0xfa, 0xc9, 0xfa, 0xc9, 0xfa, 0xc9, 0xfa, 0xc9, 0xfa, 0xc9, 0xfa,
    0xc9, 0xfa, 0xc9, 0xfa, 0xc9, 0xfa, 0xc9, 0xfa, 0xc9, 0xfa, 0xc9, 0xfa,
    0xc9, 0xfa, 0xc9, 0xfa, 0xc9, 0xfa, 0xc9, 0xfa, 0xc9, 0xfa, 0xc9, 0xfa,
    0xc9, 0xfa, 0xc9, 0xfa, 0xc9, 0xfa, 0xc9, 0xfa, 0xc9, 0xfa, 0xc9, 0xfa,
    0xc9, 0xfa, 0xc9, 0xfa, 0xc9, 0xfa, 0xc9, 0xfa, 0xc9, 0xfa, 0xc9, 0xfa,
    0x00, 0x08, 0x00, 0x08, 0x00, 0x08, 0x00, 0x08, 0x00, 0x08, 0x00, 0x08,
    0x20, 0x00, 0x20, 0x00, 0x21, 0x00, 0x20, 0x00, 0x20, 0x00, 0x20, 0x00,
    0x20, 0x00, 0x20, 0x00, 0xff, 0xff, 0xff, 0xff, 0xff, 0xff, 0xff, 0xff,
    0xff, 0xff, 0xff, 0xff, 0xff, 0xff, 0xff, 0xff, 0xff, 0xff, 0x20, 0x00,
    0x00, 0x20, 0xc6, 0x59, 0xc9, 0xfa, 0xc9, 0xfa, 0xc9, 0xfa, 0xc9, 0xfa,
    0xc9, 0xfa, 0xc9, 0xfa, 0xc9, 0xfa, 0xc9, 0xfa, 0xc9, 0xfa, 0xc9, 0xfa,
    0xc9, 0xfa, 0xc9, 0xfa, 0xc9, 0xfa, 0xc9, 0xfa, 0xc9, 0xfa, 0xc9, 0xfa,
    0xc9, 0xfa, 0xc9, 0xfa, 0xc9, 0xfa, 0xc9, 0xfa, 0xc9, 0xfa, 0xc9, 0xfa,
    0xc9, 0xfa, 0xc9, 0xfa, 0x4c, 0xd3, 0x40, 0x68, 0x00, 0x08, 0x00, 0x08,
    0x00, 0x08, 0x00, 0x08, 0x00, 0x08, 0x00, 0x08, 0x20, 0x00, 0x20, 0x08,
    0x21, 0x00, 0x20, 0x00, 0x20, 0x00, 0x20, 0x00, 0x20, 0x00, 0x20, 0x00,
    0xff, 0xff, 0xff, 0xff, 0xff, 0xff, 0xff, 0xff, 0xff, 0xff, 0xff, 0xff,
    0xff, 0xff, 0xff, 0xff, 0xff, 0xff, 0xff, 0xff, 0xff, 0xff, 0xff, 0xff,
    0xff, 0xff, 0xff, 0xff, 0xff, 0xff, 0xff, 0xff, 0xff, 0xff, 0xff, 0xff,
    0xff, 0xff, 0xff, 0xff, 0xff, 0xff, 0xff, 0xff, 0x20, 0x00, 0x20, 0x00,
    0x20, 0x00, 0x20, 0x00, 0x20, 0x00, 0x20, 0x00, 0x20, 0x00, 0x20, 0x00,
    0x20, 0x00, 0x20, 0x00, 0x20, 0x00, 0x20, 0x00, 0x00, 0x08, 0x00, 0x08,
    0x43, 0xa1, 0x2a, 0xe3, 0xc9, 0xfa, 0xc9, 0xfa, 0xc9, 0xfa, 0xc9, 0xfa,
    0xc9, 0xfa, 0xc9, 0xfa, 0xc9, 0xfa, 0xc9, 0xfa, 0xc9, 0xfa, 0xc9, 0xfa,
    0xc9, 0xfa, 0xc9, 0xfa, 0xc9, 0xfa, 0xc9, 0xfa, 0xc9, 0xfa, 0xc9, 0xfa,
    0xc9, 0xfa, 0xc9, 0xfa, 0xc9, 0xfa, 0xc9, 0xfa, 0xc9, 0xfa, 0xc9, 0xfa,
    0xc9, 0xfa, 0xc9, 0xfa, 0xa2, 0x28, 0x00, 0x10, 0x00, 0x00, 0x00, 0x08,
    0x00, 0x08, 0x00, 0x08, 0xff, 0xff, 0xff, 0xff, 0xff, 0xff, 0xff, 0xff,
    0xff, 0xff, 0x21, 0x00, 0x00, 0x48, 0x6c, 0xc3, 0xc9, 0xfa, 0xc9, 0xfa,
    0xc9, 0xfa, 0xc8, 0xfa, 0xc9, 0xfa, 0xc9, 0xfa, 0xc8, 0xfa, 0xc9, 0xfa,
    0xc9, 0xfa, 0xc8, 0xfa, 0xc9, 0xfa, 0xc9, 0xfa, 0xc8, 0xfa, 0xc9, 0xfa,
    0xc9, 0xfa, 0xc8, 0xfa, 0xc9, 0xfa, 0xc9, 0xfa, 0xc8, 0xfa, 0xc9, 0xfa,
    0xc9, 0xfa, 0xc8, 0xfa, 0xc9, 0xfa, 0xc9, 0xfa, 0xc9, 0xfa, 0xe9, 0xfa,
    0xc9, 0xfa, 0xc9, 0xfa, 0xe9, 0xfa, 0xc9, 0xfa, 0xc9, 0xfa, 0xe9, 0xfa,
    0xc9, 0xfa, 0xc9, 0xfa, 0xe9, 0xfa, 0xc9, 0xfa, 0xc9, 0xfa, 0xe9, 0xfa,
    0xc9, 0xfa, 0xc9, 0xfa, 0xe9, 0xfa, 0xc9, 0xfa, 0xc9, 0xfa, 0xe9, 0xfa,
    0xc9, 0xfa, 0xc9, 0xfa, 0xe9, 0xfa, 0xc9, 0xfa, 0xc9, 0xfa, 0xe9, 0xfa,
    0xc9, 0xfa, 0xc9, 0xfa, 0xe9, 0xfa, 0xc9, 0xfa, 0xc9, 0xfa, 0xe9, 0xfa,
    0xc9, 0xfa, 0xc9, 0xfa, 0xe9, 0xfa, 0xc9, 0xfa, 0xc9, 0xfa, 0xe9, 0xfa,
    0xc9, 0xfa, 0xc9, 0xfa, 0xe9, 0xfa, 0xc9, 0xfa, 0xc9, 0xfa, 0xe9, 0xfa,
    0xc9, 0xfa, 0xe9, 0xf2, 0xc9, 0xfa, 0xc9, 0xfa, 0xe9, 0xf2, 0xc9, 0xfa,
    0xe9, 0xf2, 0x88, 0xda, 0x00, 0x08, 0x00, 0x08, 0x00, 0x08, 0x20, 0x00,
    0x00, 0x08, 0x20, 0x08, 0xff, 0xff, 0xff, 0xff, 0xff, 0xff, 0xff, 0xff,
    0xff, 0xff, 0xff, 0xff, 0xff, 0xff, 0xff, 0xff, 0xff, 0xff, 0xff, 0xff,
    0xff, 0xff, 0xff, 0xff, 0xff, 0xff, 0x00, 0x08, 0x00, 0x08, 0x23, 0x99,
    0x84, 0xa1, 0x84, 0xa1, 0x84, 0xa1, 0x84, 0xa1, 0x84, 0xa1, 0x84, 0xa1,
    0x84, 0xa1, 0x84, 0xa1, 0x84, 0xa1, 0x84, 0xa1, 0x84, 0xa1, 0xc5, 0xb9,
    0xe9, 0xf2, 0xc9, 0xfa, 0xc9, 0xfa, 0xc9, 0xfa, 0xc9, 0xfa, 0xc9, 0xfa,
    0xc9, 0xfa, 0xc9, 0xfa, 0xc9, 0xfa, 0xc9, 0xfa, 0xc9, 0xfa, 0xe9, 0xf2,
    0x87, 0xda, 0x65, 0x61, 0x85, 0x61, 0x65, 0x61, 0x85, 0x61, 0x65, 0x61,
    0x85, 0x61, 0x65, 0x61, 0x85, 0x61, 0x65, 0x61, 0x85, 0x61, 0x65, 0x61,
    0x85, 0x61, 0x65, 0x61, 0x85, 0x61, 0x65, 0x61, 0x85, 0x61, 0x65, 0x61,
    0x85, 0x61, 0x65, 0x61, 0x85, 0x61, 0x65, 0x61, 0x85, 0x61, 0x85, 0x61,
    0x65, 0x61, 0x43, 0x81, 0xca, 0xa2, 0xc9, 0xfa, 0xc9, 0xfa, 0xc9, 0xfa,
    0xc9, 0xfa, 0xc9, 0xfa, 0xc9, 0xfa, 0xc9, 0xfa, 0xc9, 0xfa, 0xc9, 0xfa,
    0xc8, 0xfa, 0xc9, 0xfa, 0xc9, 0xfa, 0xe6, 0xb9, 0x84, 0xa1, 0x84, 0xa1,
    0x84, 0xa1, 0x84, 0xa1, 0x84, 0xa1, 0x84, 0xa1, 0x84, 0xa1, 0x84, 0xa1,
    0x84, 0xa1, 0x84, 0xa1, 0x84, 0xa1, 0x06, 0x82, 0x00, 0x38, 0x00, 0x08,
    0x00, 0x08, 0xff, 0xff, 0xff, 0xff, 0xff, 0xff, 0xff, 0xff, 0xff, 0xff,
    0xff, 0xff, 0xff, 0xff, 0xff, 0xff, 0x00, 0x08, 0x00, 0x08, 0x00, 0x50,
    0x00, 0x50, 0x00, 0x50, 0x00, 0x50, 0x00, 0x50, 0x00, 0x50, 0x00, 0x50,
    0x00, 0x50, 0x00, 0x50, 0x00, 0x50, 0x00, 0x50, 0x00, 0x50, 0x03, 0x99,
    0x0a, 0xeb, 0xc9, 0xfa, 0xc9, 0xfa, 0xc9, 0xfa, 0xc9, 0xfa, 0xc9, 0xfa,
    0xc9, 0xfa, 0xc9, 0xfa, 0xc8, 0xfa, 0xc9, 0xfa, 0xc9, 0xfa, 0xe9, 0xf2,
    0xe9, 0xea, 0x6c, 0xbb, 0x6c, 0xbb, 0x6c, 0xbb, 0x6c, 0xbb, 0x6c, 0xbb,
    0x6c, 0xbb, 0x6c, 0xbb, 0x6c, 0xbb, 0x6c, 0xbb, 0x6c, 0xbb, 0x6c, 0xbb,
    0x6c, 0xbb, 0x6c, 0xbb, 0x6c, 0xbb, 0x6c, 0xbb, 0x6c, 0xbb, 0x6c, 0xbb,
    0x6c, 0xbb, 0x6c, 0xbb, 0x6c, 0xbb, 0x6c, 0xbb, 0x6c, 0xbb, 0x6c, 0xbb,
    0x6c, 0xbb, 0x2a, 0xd3, 0x2a, 0xe3, 0xc9, 0xfa, 0xc9, 0xfa, 0xc8, 0xfa,
    0xc9, 0xfa, 0xc9, 0xfa, 0xc9, 0xfa, 0xc9, 0xfa, 0xc8, 0xfa, 0xc9, 0xfa,
    0xc9, 0xfa, 0xc9, 0xfa, 0xc9, 0xfa, 0x00, 0x50, 0x00, 0x50, 0x00, 0x50,
    0x00, 0x50, 0x00, 0x50, 0x00, 0x50, 0x00, 0x50, 0x00, 0x50, 0x00, 0x50,
    0x00, 0x50, 0x00, 0x50, 0x00, 0x50, 0x00, 0x30, 0x00, 0x20, 0x20, 0x08,
    0xff, 0xff, 0xff, 0xff, 0xff, 0xff, 0xff, 0xff, 0xff, 0xff, 0xff, 0xff,
    0xff, 0xff, 0xff, 0xff, 0x21, 0x00, 0x00, 0x20, 0xc6, 0x59, 0xc9, 0xfa,
    0xc9, 0xfa, 0xc9, 0xfa, 0xc9, 0xfa, 0xc9, 0xfa, 0xc9, 0xfa, 0xc9, 0xfa,
    0xc8, 0xfa, 0xc9, 0xfa, 0xc9, 0xfa, 0xc9, 0xfa, 0xc8, 0xfa, 0xc9, 0xfa,
    0xc9, 0xfa, 0xc9, 0xfa, 0xc9, 0xfa, 0xc9, 0xfa, 0xc9, 0xfa, 0xc9, 0xfa,
    0xc9, 0xfa, 0xc9, 0xfa, 0xc9, 0xfa, 0xc9, 0xfa, 0xc9, 0xfa, 0x0a, 0xeb,
    0xc1, 0x80, 0x00, 0x50, 0x00, 0x50, 0x00, 0x50, 0x00, 0x50, 0x00, 0x50,
    0x00, 0x50, 0x00, 0x50, 0x00, 0x50, 0x00, 0x50, 0x00, 0x50, 0x00, 0x50,
    0x00, 0x50, 0x00, 0x08, 0x00, 0x08, 0xff, 0xff, 0xff, 0xff, 0xff, 0xff,
    0xff, 0xff, 0xff, 0xff, 0xff, 0xff, 0xff, 0xff, 0xff, 0xff, 0xff, 0xff,
    0xff, 0xff, 0xff, 0xff, 0xff, 0xff, 0xff, 0xff, 0xff, 0xff, 0xff, 0xff,
    0xff, 0xff, 0xff, 0xff, 0xff, 0xff, 0xff, 0xff, 0xff, 0xff, 0xff, 0xff,
    0xff, 0xff, 0x00, 0x10, 0x00, 0x18, 0x00, 0x50, 0x00, 0x50, 0x00, 0x50,
    0x00, 0x50, 0x00, 0x50, 0x00, 0x50, 0x00, 0x50, 0x00, 0x50, 0x00, 0x50,
    0x00, 0x50, 0x00, 0x50, 0x00, 0x50, 0xa5, 0xb9, 0xe9, 0xf2, 0xc9, 0xfa,
    0xc9, 0xfa, 0xc9, 0xfa, 0xc9, 0xfa, 0xc9, 0xfa, 0xc9, 0xfa, 0xc9, 0xfa,
    0xc8, 0xfa, 0xc9, 0xfa, 0xc9, 0xfa, 0xc9, 0xfa, 0xc8, 0xfa, 0xc9, 0xfa,
    0xc9, 0xfa, 0xc8, 0xfa, 0xc9, 0xfa, 0xc9, 0xfa, 0xc9, 0xfa, 0xc9, 0xfa,
    0xc8, 0xfa, 0xc9, 0xfa, 0xc9, 0xfa, 0xc9, 0xfa, 0xc9, 0xfa, 0xa2, 0x28,
    0x00, 0x10, 0x00, 0x00, 0x20, 0x08, 0x00, 0x08, 0x00, 0x00, 0xff, 0xff,
    0xff, 0xff, 0xff, 0xff, 0xff, 0xff, 0xff, 0xff, 0x20, 0x00, 0x00, 0x48,
    0x8d, 0xc3, 0xc9, 0xfa, 0xc9, 0xfa, 0xc9, 0xfa, 0xc9, 0xfa, 0xc9, 0xfa,
    0xc9, 0xfa, 0xc9, 0xfa, 0xc9, 0xfa, 0xc9, 0xfa, 0xc9, 0xfa, 0xc9, 0xfa,
    0xc9, 0xfa, 0xc9, 0xfa, 0xc9, 0xfa, 0xc9, 0xfa, 0xc9, 0xfa, 0xc9, 0xfa,
    0xc9, 0xfa, 0xc9, 0xfa, 0xc9, 0xfa, 0xc9, 0xfa, 0xc9, 0xfa, 0xc9, 0xfa,
    0xc9, 0xfa, 0xca, 0xa2, 0x43, 0x81, 0x65, 0x61, 0x85, 0x61, 0x85, 0x61,
    0x65, 0x61, 0x65, 0x61, 0x85, 0x61, 0x65, 0x61, 0x85, 0x61, 0x85, 0x61,
    0x65, 0x61, 0x65, 0x61, 0x85, 0x61, 0x65, 0x61, 0x85, 0x61, 0x85, 0x61,
    0x65, 0x61, 0x65, 0x61, 0x85, 0x61, 0x65, 0x61, 0x85, 0x61, 0x85, 0x61,
    0x65, 0x61, 0x65, 0x61, 0x85, 0x61, 0x65, 0x61, 0x85, 0x61, 0x85, 0x61,
    0x65, 0x61, 0x65, 0x61, 0x85, 0x61, 0x65, 0x61, 0x85, 0x61, 0x85, 0x61,
    0x65, 0x61, 0x65, 0x61, 0x85, 0x61, 0x65, 0x61, 0x85, 0x61, 0x85, 0x61,
    0x65, 0x61, 0x85, 0x61, 0x65, 0x61, 0x85, 0x61, 0x65, 0x61, 0x85, 0x61,
    0x65, 0x61, 0x85, 0x61, 0x65, 0x61, 0x65, 0x61, 0x24, 0x51, 0x00, 0x08,
    0x00, 0x00, 0x00, 0x08, 0x00, 0x08, 0x00, 0x08, 0x00, 0x08, 0xff, 0xff,
    0xff, 0xff, 0xff, 0xff, 0xff, 0xff, 0xff, 0xff, 0xff, 0xff, 0xff, 0xff,
    0xff, 0xff, 0xff, 0xff, 0xff, 0xff, 0xff, 0xff, 0xff, 0xff, 0xff, 0xff,
    0x00, 0x08, 0x00, 0x08, 0xa8, 0xca, 0x4b, 0xd3, 0x2b, 0xe3, 0x2a, 0xe3,
    0x2b, 0xe3, 0x2b, 0xe3, 0x2a, 0xe3, 0x2b, 0xe3, 0x2b, 0xe3, 0x2b, 0xe3,
    0x2b, 0xe3, 0x2b, 0xe3, 0xe9, 0xf2, 0xe9, 0xf2, 0xc9, 0xfa, 0xc9, 0xfa,
    0xc9, 0xfa, 0xc9, 0xfa, 0xc9, 0xfa, 0xc9, 0xfa, 0xc9, 0xfa, 0xc9, 0xfa,
    0xc9, 0xfa, 0xc9, 0xfa, 0xe9, 0xfa, 0x47, 0xda, 0x00, 0x28, 0x00, 0x28,
    0x00, 0x20, 0x00, 0x28, 0x00, 0x28, 0x00, 0x20, 0x00, 0x28, 0x00, 0x28,
    0x00, 0x20, 0x00, 0x28, 0x00, 0x28, 0x00, 0x20, 0x00, 0x28, 0x00, 0x28,
    0x00, 0x20, 0x00, 0x28, 0x00, 0x28, 0x00, 0x20, 0x00, 0x28, 0x00, 0x28,
    0x00, 0x20, 0x00, 0x28, 0x00, 0x28, 0x00, 0x28, 0x00, 0x40, 0x06, 0x82,
    0xc9, 0xfa, 0xc9, 0xfa, 0xc9, 0xfa, 0xc9, 0xfa, 0xc9, 0xfa, 0xc9, 0xfa,
    0xc8, 0xfa, 0xc9, 0xfa, 0xc9, 0xfa, 0xc9, 0xfa, 0xc9, 0xfa, 0xc9, 0xfa,
    0x2a, 0xe3, 0x2a, 0xe3, 0x2b, 0xe3, 0x2b, 0xe3, 0x2a, 0xe3, 0x2b, 0xe3,
    0x2b, 0xdb, 0x2a, 0xe3, 0x2b, 0xe3, 0x2b, 0xe3, 0x2b, 0xe3, 0x2a, 0xe3,
    0x8d, 0xbb, 0x00, 0x38, 0x00, 0x08, 0x00, 0x08, 0x20, 0x00, 0xff, 0xff,
    0xff, 0xff, 0xff, 0xff, 0xff, 0xff, 0xff, 0xff, 0xff, 0xff, 0xff, 0xff,
    0x00, 0x08, 0xa2, 0x20, 0x6c, 0xcb, 0x6c, 0xcb, 0x6c, 0xcb, 0x6c, 0xcb,
    0x6c, 0xcb, 0x6c, 0xcb, 0x6c, 0xcb, 0x6c, 0xcb, 0x6c, 0xcb, 0x6c, 0xcb,
    0x6c, 0xc3, 0x6c, 0xcb, 0x0a, 0xeb, 0x0a, 0xeb, 0xc9, 0xfa, 0xc9, 0xfa,
    0xc9, 0xfa, 0xc8, 0xfa, 0xc9, 0xfa, 0xc9, 0xfa, 0xc9, 0xfa, 0xc9, 0xfa,
    0xc9, 0xfa, 0xc9, 0xfa, 0xe9, 0xf2, 0x23, 0xa1, 0x00, 0x40, 0x20, 0x40,
    0x20, 0x38, 0x00, 0x40, 0x20, 0x40, 0x20, 0x38, 0x00, 0x40, 0x20, 0x40,
    0x20, 0x38, 0x00, 0x40, 0x20, 0x40, 0x20, 0x38, 0x00, 0x40, 0x20, 0x40,
    0x20, 0x38, 0x00, 0x40, 0x20, 0x40, 0x20, 0x38, 0x00, 0x40, 0x20, 0x40,
    0x20, 0x38, 0x00, 0x40, 0x20, 0x40, 0x20, 0x40, 0x00, 0x50, 0xa8, 0xca,
    0xc9, 0xfa, 0xc9, 0xfa, 0xc9, 0xfa, 0xc9, 0xfa, 0xc8, 0xfa, 0xc9, 0xfa,
    0xc9, 0xfa, 0xc9, 0xfa, 0xc9, 0xfa, 0xc9, 0xfa, 0xc8, 0xfa, 0xc9, 0xfa,
    0x6c, 0xc3, 0x6c, 0xcb, 0x6c, 0xcb, 0x8c, 0xc3, 0x6c, 0xcb, 0x6c, 0xcb,
    0x8c, 0xc3, 0x6c, 0xcb, 0x6c, 0xcb, 0x6c, 0xcb, 0x6c, 0xcb, 0x6c, 0xcb,
    0x6c, 0x93, 0x00, 0x20, 0x20, 0x08, 0x20, 0x08, 0xff, 0xff, 0xff, 0xff,
    0xff, 0xff, 0xff, 0xff, 0xff, 0xff, 0xff, 0xff, 0xff, 0xff, 0x20, 0x08,
    0x00, 0x20, 0xc6, 0x59, 0xc9, 0xfa, 0xc9, 0xfa, 0xc9, 0xfa, 0xc9, 0xfa,
    0xc8, 0xfa, 0xc9, 0xfa, 0xc9, 0xfa, 0xc9, 0xfa, 0xc9, 0xfa, 0xc9, 0xfa,
    0xc9, 0xfa, 0xc9, 0xfa, 0xc9, 0xfa, 0xc9, 0xfa, 0xc8, 0xfa, 0xc9, 0xfa,
    0xc9, 0xfa, 0xc8, 0xfa, 0xc9, 0xfa, 0xc9, 0xfa, 0xc8, 0xfa, 0xc9, 0xfa,
    0xc9, 0xfa, 0xc8, 0xfa, 0x0a, 0xeb, 0x0a, 0xeb, 0x6c, 0xcb, 0x6c, 0xcb,
    0x6c, 0xc3, 0x6c, 0xcb, 0x6c, 0xcb, 0x6c, 0xcb, 0x6c, 0xc3, 0x6c, 0xcb,
    0x6c, 0xcb, 0x6c, 0xcb, 0x6c, 0xcb, 0x6c, 0xcb, 0x61, 0x08, 0x00, 0x08,
    0x21, 0x08, 0xff, 0xff, 0xff, 0xff, 0xff, 0xff, 0xff, 0xff, 0xff, 0xff,
    0xff, 0xff, 0xff, 0xff, 0xff, 0xff, 0xff, 0xff, 0xff, 0xff, 0xff, 0xff,
    0xff, 0xff, 0xff, 0xff, 0xff, 0xff, 0xff, 0xff, 0xff, 0xff, 0xff, 0xff,
    0xff, 0xff, 0xff, 0xff, 0xff, 0xff, 0x20, 0x00, 0x00, 0x18, 0x86, 0x41,
    0x6c, 0xcb, 0x6c, 0xcb, 0x6c, 0xcb, 0x6c, 0xcb, 0x6c, 0xcb, 0x6c, 0xcb,
    0x6c, 0xcb, 0x6c, 0xcb, 0x6c, 0xcb, 0x6c, 0xcb, 0x6c, 0xcb, 0x6c, 0xc3,
    0xea, 0xf2, 0xe9, 0xf2, 0xc9, 0xfa, 0xc9, 0xfa, 0xc9, 0xfa, 0xc8, 0xfa,
    0xc9, 0xfa, 0xc9, 0xfa, 0xc9, 0xfa, 0xc9, 0xfa, 0xc9, 0xfa, 0xc9, 0xfa,
    0xc9, 0xfa, 0xc9, 0xfa, 0xc9, 0xfa, 0xc9, 0xfa, 0xc9, 0xfa, 0xc9, 0xfa,
    0xc8, 0xfa, 0xc9, 0xfa, 0xc9, 0xfa, 0xc9, 0xfa, 0xc9, 0xfa, 0xc9, 0xfa,
    0xc8, 0xfa, 0xc9, 0xfa, 0xa2, 0x20, 0x00, 0x10, 0x00, 0x08, 0x00, 0x08,
    0x20, 0x00, 0x00, 0x08, 0xff, 0xff, 0xff, 0xff, 0xff, 0xff, 0xff, 0xff,
    0xff, 0xff, 0x20, 0x00, 0x00, 0x48, 0x6d, 0xc3, 0xc9, 0xfa, 0xc9, 0xfa,
    0xc9, 0xfa, 0xc9, 0xfa, 0xc9, 0xfa, 0xc9, 0xfa, 0xc9, 0xfa, 0xc8, 0xfa,
    0xc9, 0xfa, 0xc9, 0xfa, 0xc9, 0xfa, 0xc9, 0xfa, 0xc9, 0xfa, 0xc9, 0xfa,
    0xc9, 0xfa, 0xc9, 0xfa, 0xc9, 0xfa, 0xc9, 0xfa, 0xc9, 0xfa, 0xc9, 0xfa,
    0xc9, 0xfa, 0xc9, 0xfa, 0xc8, 0xfa, 0xc9, 0xfa, 0x26, 0x82, 0x00, 0x40,
    0x00, 0x28, 0x00, 0x28, 0x00, 0x20, 0x00, 0x28, 0x00, 0x28, 0x00, 0x20,
    0x00, 0x28, 0x00, 0x28, 0x00, 0x20, 0x00, 0x28, 0x00, 0x28, 0x00, 0x20,
    0x00, 0x28, 0x00, 0x28, 0x00, 0x20, 0x00, 0x28, 0x00, 0x28, 0x00, 0x20,
    0x00, 0x28, 0x00, 0x28, 0x00, 0x20, 0x00, 0x28, 0x00, 0x28, 0x00, 0x20,
    0x00, 0x28, 0x00, 0x28, 0x00, 0x20, 0x00, 0x28, 0x00, 0x28, 0x00, 0x20,
    0x00, 0x28, 0x00, 0x28, 0x00, 0x20, 0x00, 0x28, 0x00, 0x28, 0x00, 0x20,
    0x00, 0x28, 0x00, 0x28, 0x00, 0x20, 0x00, 0x28, 0x00, 0x28, 0x00, 0x20,
    0x00, 0x28, 0x00, 0x28, 0x00, 0x28, 0x00, 0x28, 0x00, 0x28, 0x00, 0x28,
    0x00, 0x20, 0x00, 0x28, 0x00, 0x08, 0x20, 0x00, 0x00, 0x08, 0x00, 0x08,
    0x20, 0x00, 0x00, 0x08, 0xff, 0xff, 0xff, 0xff, 0xff, 0xff, 0xff, 0xff,
    0xff, 0xff, 0xff, 0xff, 0xff, 0xff, 0xff, 0xff, 0xff, 0xff, 0xff, 0xff,
    0xff, 0xff, 0xff, 0xff, 0xff, 0xff, 0x00, 0x08, 0x00, 0x00, 0x47, 0xda,
    0xc9, 0xfa, 0xc9, 0xfa, 0xc9, 0xfa, 0xc9, 0xfa, 0xc9, 0xfa, 0xc9, 0xfa,
    0xc9, 0xfa, 0xc9, 0xfa, 0xc9, 0xfa, 0xc9, 0xfa, 0xc9, 0xfa, 0xc9, 0xfa,
    0xc9, 0xfa, 0xc9, 0xfa, 0xc9, 0xfa, 0xc9, 0xfa, 0xc8, 0xfa, 0xc9, 0xfa,
    0xc9, 0xfa, 0xc8, 0xfa, 0xc9, 0xfa, 0xc9, 0xfa, 0xc9, 0xfa, 0xe9, 0xf2,
    0x47, 0xda, 0x00, 0x08, 0x00, 0x08, 0x00, 0x08, 0x00, 0x08, 0x00, 0x08,
    0x00, 0x08, 0x00, 0x08, 0x00, 0x08, 0x00, 0x08, 0x00, 0x08, 0x00, 0x08,
    0x00, 0x08, 0x00, 0x08, 0x00, 0x08, 0x00, 0x08, 0x00, 0x08, 0x00, 0x08,
    0x00, 0x08, 0x00, 0x08, 0x00, 0x08, 0x00, 0x08, 0x00, 0x08, 0x00, 0x08,
    0x00, 0x08, 0x00, 0x28, 0x07, 0x7a, 0xc9, 0xfa, 0xc9, 0xfa, 0xc8, 0xfa,
    0xc9, 0xfa, 0xc9, 0xfa, 0xc9, 0xfa, 0xc9, 0xfa, 0xc9, 0xfa, 0xc9, 0xfa,
    0xc9, 0xfa, 0xc9, 0xfa, 0xc9, 0xfa, 0xc9, 0xfa, 0xc9, 0xfa, 0xc9, 0xfa,
    0xc9, 0xfa, 0xc9, 0xfa, 0xc9, 0xfa, 0xc9, 0xfa, 0xc9, 0xfa, 0xc9, 0xfa,
    0xc9, 0xfa, 0xc9, 0xfa, 0xc9, 0xfa, 0x8d, 0xc3, 0x00, 0x40, 0x00, 0x08,
    0x00, 0x08, 0x00, 0x08, 0x00, 0x08, 0xff, 0xff, 0xff, 0xff, 0xff, 0xff,
    0xff, 0xff, 0xff, 0xff, 0xff, 0xff, 0x00, 0x10, 0xa2, 0x28, 0xc9, 0xfa,
    0xc9, 0xfa, 0xc9, 0xfa, 0xc9, 0xfa, 0xc9, 0xfa, 0xc9, 0xfa, 0xc9, 0xfa,
    0xc9, 0xfa, 0xc9, 0xfa, 0xc9, 0xfa, 0xc9, 0xfa, 0xc9, 0xfa, 0xc9, 0xfa,
    0xc9, 0xfa, 0xc9, 0xfa, 0xc9, 0xfa, 0xc9, 0xfa, 0xc9, 0xfa, 0xc9, 0xfa,
    0xc9, 0xfa, 0xc8, 0xfa, 0xc9, 0xfa, 0xc9, 0xfa, 0xc9, 0xfa, 0x2a, 0xe3,
    0x23, 0x99, 0x00, 0x08, 0x00, 0x08, 0x00, 0x08, 0x00, 0x08, 0x00, 0x08,
    0x00, 0x00, 0x00, 0x08, 0x00, 0x08, 0x00, 0x08, 0x00, 0x08, 0x00, 0x08,
    0x00, 0x00, 0x00, 0x08, 0x00, 0x08, 0x00, 0x08, 0x00, 0x08, 0x00, 0x08,
    0x00, 0x00, 0x00, 0x08, 0x00, 0x08, 0x00, 0x08, 0x00, 0x00, 0x00, 0x08,
    0x00, 0x08, 0x00, 0x38, 0x0b, 0xab, 0xc9, 0xfa, 0xc9, 0xfa, 0xc9, 0xfa,
    0xc9, 0xfa, 0xc9, 0xfa, 0xc9, 0xfa, 0xc9, 0xfa, 0xc9, 0xfa, 0xc9, 0xfa,
    0xc9, 0xfa, 0xc9, 0xfa, 0xc9, 0xfa, 0xc9, 0xfa, 0xc9, 0xfa, 0xc9, 0xfa,
    0xc9, 0xfa, 0xc9, 0xfa, 0xc9, 0xfa, 0xc9, 0xfa, 0xc9, 0xfa, 0xc9, 0xfa,
    0xc9, 0xfa, 0xc9, 0xfa, 0xc9, 0xfa, 0xca, 0xa2, 0x00, 0x30, 0x00, 0x08,
    0x00, 0x08, 0x20, 0x00, 0xff, 0xff, 0xff, 0xff, 0xff, 0xff, 0xff, 0xff,
    0xff, 0xff, 0xff, 0xff, 0x20, 0x00, 0x00, 0x20, 0xc6, 0x59, 0xc9, 0xfa,
    0xc9, 0xfa, 0xc9, 0xfa, 0xc9, 0xfa, 0xc9, 0xfa, 0xc9, 0xfa, 0xc9, 0xfa,
    0xc9, 0xfa, 0xc9, 0xfa, 0xc8, 0xfa, 0xc9, 0xfa, 0xc9, 0xfa, 0xc9, 0xfa,
    0xc9, 0xfa, 0xc9, 0xfa, 0xc9, 0xfa, 0xc9, 0xfa, 0xc9, 0xfa, 0xc9, 0xfa,
    0xc9, 0xfa, 0xc9, 0xfa, 0xc9, 0xfa, 0xc9, 0xfa, 0xc9, 0xfa, 0xc9, 0xfa,
    0xc9, 0xfa, 0xc9, 0xfa, 0xc9, 0xfa, 0xc9, 0xfa, 0xc9, 0xfa, 0xc9, 0xfa,
    0xc9, 0xfa, 0xc9, 0xfa, 0xc9, 0xfa, 0xc9, 0xfa, 0xc9, 0xfa, 0xc9, 0xfa,
    0xc9, 0xfa, 0x20, 0x08, 0x00, 0x08, 0x00, 0x08, 0x00, 0x08, 0xff, 0xff,
    0xff, 0xff, 0xff, 0xff, 0xff, 0xff, 0xff, 0xff, 0xff, 0xff, 0xff, 0xff,
    0xff, 0xff, 0xff, 0xff, 0xff, 0xff, 0xff, 0xff, 0xff, 0xff, 0xff, 0xff,
    0xff, 0xff, 0xff, 0xff, 0xff, 0xff, 0xff, 0xff, 0xff, 0xff, 0xff, 0xff,
    0x20, 0x00, 0x00, 0x18, 0x24, 0x51, 0xc9, 0xfa, 0xc9, 0xfa, 0xc9, 0xfa,
    0xc9, 0xfa, 0xc9, 0xfa, 0xc9, 0xfa, 0xc9, 0xfa, 0xc9, 0xfa, 0xc9, 0xfa,
    0xc9, 0xfa, 0xc9, 0xfa, 0xc9, 0xfa, 0xc9, 0xfa, 0xc9, 0xfa, 0xc9, 0xfa,
    0xc9, 0xfa, 0xc9, 0xfa, 0xc9, 0xfa, 0xc9, 0xfa, 0xc9, 0xfa, 0xc8, 0xfa,
    0xc9, 0xfa, 0xc9, 0xfa, 0xc8, 0xfa, 0xc9, 0xfa, 0xc9, 0xfa, 0xc9, 0xfa,
    0xc9, 0xfa, 0xc9, 0xfa, 0xc9, 0xfa, 0xc9, 0xfa, 0xc9, 0xfa, 0xc9, 0xfa,
    0xc9, 0xfa, 0xc9, 0xfa, 0xc9, 0xfa, 0xc9, 0xfa, 0xc9, 0xfa, 0xa2, 0x28,
    0x00, 0x10, 0x00, 0x08, 0x00, 0x08, 0x00, 0x08, 0x20, 0x08, 0xff, 0xff,
    0xff, 0xff, 0xff, 0xff, 0xff, 0xff, 0xff, 0xff, 0x21, 0x00, 0x00, 0x48,
    0x8c, 0xc3, 0xc9, 0xfa, 0xc9, 0xfa, 0xc8, 0xfa, 0xc9, 0xfa, 0xc9, 0xfa,
    0xc8, 0xfa, 0xc9, 0xfa, 0xc9, 0xfa, 0xc9, 0xfa, 0xc9, 0xfa, 0xc8, 0xfa,
    0xc9, 0xfa, 0xc9, 0xfa, 0xc8, 0xfa, 0xc9, 0xfa, 0xc8, 0xfa, 0xc9, 0xfa,
    0xc9, 0xfa, 0xc8, 0xfa, 0xc9, 0xfa, 0xc9, 0xfa, 0xc9, 0xfa, 0xc9, 0xfa,
    0xc9, 0xfa, 0x07, 0x7a, 0x00, 0x28, 0x00, 0x08, 0x00, 0x08, 0x00, 0x08,
    0x00, 0x08, 0x00, 0x08, 0x00, 0x08, 0x00, 0x08, 0x00, 0x08, 0x00, 0x08,
    0x00, 0x08, 0x00, 0x08, 0x00, 0x08, 0x00, 0x08, 0x00, 0x08, 0x00, 0x08,
    0x00, 0x08, 0x00, 0x08, 0x00, 0x08, 0x00, 0x08, 0x00, 0x08, 0x00, 0x08,
    0x00, 0x08, 0x00, 0x08, 0x00, 0x08, 0x00, 0x08, 0x00, 0x08, 0x00, 0x08,
    0x00, 0x08, 0x00, 0x08, 0x00, 0x08, 0x00, 0x08, 0x00, 0x08, 0x00, 0x08,
    0x00, 0x08, 0x00, 0x08, 0x00, 0x08, 0x00, 0x08, 0x00, 0x08, 0x00, 0x08,
    0x00, 0x08, 0x00, 0x08, 0x00, 0x08, 0x00, 0x08, 0x00, 0x08, 0x00, 0x08,
    0x00, 0x08, 0x00, 0x08, 0x00, 0x08, 0x20, 0x08, 0x00, 0x08, 0x00, 0x08,
    0x20, 0x08, 0x00, 0x08, 0x00, 0x00, 0x20, 0x08, 0x00, 0x08, 0xff, 0xff,
    0xff, 0xff, 0xff, 0xff, 0xff, 0xff, 0xff, 0xff, 0xff, 0xff, 0xff, 0xff,
    0xff, 0xff, 0xff, 0xff, 0xff, 0xff, 0xff, 0xff, 0xff, 0xff, 0xff, 0xff,
    0x00, 0x08, 0x00, 0x08, 0x47, 0xda, 0xe9, 0xfa, 0xc9, 0xfa, 0xc9, 0xfa,
    0xc9, 0xfa, 0xc9, 0xfa, 0xc9, 0xfa, 0xc9, 0xfa, 0xc9, 0xfa, 0xc8, 0xfa,
    0xc9, 0xfa, 0xc9, 0xfa, 0xc9, 0xfa, 0xc9, 0xfa, 0xc9, 0xfa, 0xc9, 0xfa,
    0xc9, 0xfa, 0xc9, 0xfa, 0xc9, 0xfa, 0xc9, 0xfa, 0xc9, 0xfa, 0xc9, 0xfa,
    0xc8, 0xfa, 0xc9, 0xfa, 0xe9, 0xf2, 0x47, 0xda, 0x00, 0x08, 0x00, 0x08,
    0x00, 0x00, 0x00, 0x08, 0x20, 0x08, 0x00, 0x00, 0x00, 0x08, 0x20, 0x00,
    0x00, 0x08, 0x00, 0x00, 0x20, 0x08, 0x00, 0x00, 0x00, 0x08, 0x20, 0x00,
    0x00, 0x08, 0x00, 0x00, 0x20, 0x08, 0x00, 0x08, 0x00, 0x00, 0x20, 0x08,
    0x00, 0x08, 0x00, 0x00, 0x00, 0x08, 0x00, 0x08, 0x00, 0x28, 0x07, 0x7a,
    0xc9, 0xfa, 0xc9, 0xfa, 0xc9, 0xfa, 0xc9, 0xfa, 0xc9, 0xfa, 0xc8, 0xfa,
    0xc9, 0xfa, 0xc9, 0xfa, 0xc9, 0xfa, 0xc8, 0xfa, 0xc9, 0xfa, 0xc9, 0xfa,
    0xc9, 0xfa, 0xc9, 0xfa, 0xc9, 0xfa, 0xc9, 0xfa, 0xc9, 0xfa, 0xc9, 0xfa,
    0xc9, 0xfa, 0xc9, 0xfa, 0xc9, 0xfa, 0xc9, 0xfa, 0xc9, 0xfa, 0xc9, 0xfa,
    0x6c, 0xc3, 0x00, 0x48, 0x20, 0x08, 0x00, 0x00, 0x00, 0x08, 0x20, 0x08,
    0x20, 0x00, 0xff, 0xff, 0xff, 0xff, 0xff, 0xff, 0xff, 0xff, 0xff, 0xff,
    0x00, 0x10, 0xa2, 0x28, 0xc9, 0xfa, 0xc9, 0xfa, 0xc9, 0xfa, 0xc9, 0xfa,
    0xc9, 0xfa, 0xc9, 0xfa, 0xc9, 0xfa, 0xc9, 0xfa, 0xc9, 0xfa, 0xc9, 0xfa,
    0xc9, 0xfa, 0xc9, 0xfa, 0xc9, 0xfa, 0xc9, 0xfa, 0xc9, 0xfa, 0xc9, 0xfa,
    0xc9, 0xfa, 0xc9, 0xfa, 0xc9, 0xfa, 0xc9, 0xfa, 0xc9, 0xfa, 0xc9, 0xfa,
    0xc9, 0xfa, 0xc9, 0xfa, 0x2a, 0xe3, 0x23, 0x99, 0x00, 0x08, 0x00, 0x08,
    0x00, 0x00, 0x00, 0x08, 0x00, 0x08, 0x00, 0x08, 0x00, 0x08, 0x00, 0x00,
    0x00, 0x08, 0x20, 0x08, 0x00, 0x00, 0x00, 0x08, 0x00, 0x08, 0x00, 0x00,
    0x00, 0x08, 0x20, 0x08, 0x00, 0x00, 0x00, 0x08, 0x00, 0x08, 0x00, 0x08,
    0x00, 0x08, 0x00, 0x08, 0x00, 0x00, 0x00, 0x08, 0x00, 0x38, 0x0b, 0xab,
    0xc9, 0xfa, 0xc8, 0xfa, 0xc9, 0xfa, 0xc9, 0xfa, 0xc9, 0xfa, 0xc9, 0xfa,
    0xc8, 0xfa, 0xc9, 0xfa, 0xc9, 0xfa, 0xc8, 0xfa, 0xc9, 0xfa, 0xc9, 0xfa,
    0xc9, 0xfa, 0xc9, 0xfa, 0xc9, 0xfa, 0xc9, 0xfa, 0xc9, 0xfa, 0xc9, 0xfa,
    0xc9, 0xfa, 0xc9, 0xfa, 0xc9, 0xfa, 0xc9, 0xfa, 0xc9, 0xfa, 0xc9, 0xfa,
    0xca, 0xa2, 0x00, 0x38, 0x00, 0x08, 0x00, 0x08, 0x20, 0x00, 0x20, 0x08,
    0xff, 0xff, 0xff, 0xff, 0xff, 0xff, 0xff, 0xff, 0xff, 0xff, 0x21, 0x00,
    0x00, 0x20, 0xc6, 0x59, 0xc9, 0xfa, 0xc9, 0xfa, 0xc9, 0xfa, 0xc9, 0xfa,
    0xc9, 0xfa, 0xc9, 0xfa, 0xc8, 0xfa, 0xc9, 0xfa, 0xc9, 0xfa, 0xc9, 0xfa,
    0xc9, 0xfa, 0xc9, 0xfa, 0xc8, 0xfa, 0xc9, 0xfa, 0xc9, 0xfa, 0xc9, 0xfa,
    0xc9, 0xfa, 0xc9, 0xfa, 0xc8, 0xfa, 0xc9, 0xfa, 0xc9, 0xfa, 0xc9, 0xfa,
    0xc9, 0xfa, 0xc9, 0xfa, 0xc9, 0xfa, 0xc9, 0xfa, 0xc9, 0xfa, 0xc9, 0xfa,
    0xc9, 0xfa, 0xc9, 0xfa, 0xc9, 0xfa, 0xc9, 0xfa, 0xc9, 0xfa, 0xc9, 0xfa,
    0xc9, 0xfa, 0xc9, 0xfa, 0xc9, 0xfa, 0xc9, 0xfa, 0x20, 0x08, 0x00, 0x08,
    0x00, 0x08, 0x00, 0x08, 0x20, 0x00, 0xff, 0xff, 0xff, 0xff, 0xff, 0xff,
    0xff, 0xff, 0xff, 0xff, 0xff, 0xff, 0xff, 0xff, 0xff, 0xff, 0xff, 0xff,
    0xff, 0xff, 0xff, 0xff, 0xff, 0xff, 0xff, 0xff, 0xff, 0xff, 0xff, 0xff,
    0xff, 0xff, 0xff, 0xff, 0xff, 0xff, 0x20, 0x00, 0x00, 0x18, 0x24, 0x51,
    0xc9, 0xfa, 0xc9, 0xfa, 0xc9, 0xfa, 0xc9, 0xfa, 0xc9, 0xfa, 0xc9, 0xfa,
    0xc9, 0xfa, 0xc9, 0xfa, 0xc9, 0xfa, 0xc9, 0xfa, 0xc9, 0xfa, 0xc9, 0xfa,
    0xc9, 0xfa, 0xc9, 0xfa, 0xc9, 0xfa, 0xc9, 0xfa, 0xc9, 0xfa, 0xc9, 0xfa,
    0xc9, 0xfa, 0xc9, 0xfa, 0xc9, 0xfa, 0xc9, 0xfa, 0xc9, 0xfa, 0xc9, 0xfa,
    0xc9, 0xfa, 0xc9, 0xfa, 0xc8, 0xfa, 0xc9, 0xfa, 0xc9, 0xfa, 0xc9, 0xfa,
    0xc9, 0xfa, 0xc9, 0xfa, 0xc8, 0xfa, 0xc9, 0xfa, 0xc9, 0xfa, 0xc9, 0xfa,
    0xc9, 0xfa, 0xc9, 0xfa, 0xa2, 0x28, 0x00, 0x10, 0x00, 0x00, 0x00, 0x08,
    0x00, 0x08, 0x00, 0x00, 0xff, 0xff, 0xff, 0xff, 0xff, 0xff, 0xff, 0xff,
    0xff, 0xff, 0x20, 0x00, 0x00, 0x48, 0x6c, 0xc3, 0xc9, 0xfa, 0xc9, 0xfa,
    0xc9, 0xfa, 0xc9, 0xfa, 0xc9, 0xfa, 0xc9, 0xfa, 0xc9, 0xfa, 0xc9, 0xfa,
    0xc9, 0xfa, 0xc9, 0xfa, 0xc9, 0xfa, 0xc9, 0xfa, 0xc9, 0xfa, 0xc9, 0xfa,
    0xc9, 0xfa, 0xc9, 0xfa, 0xc9, 0xfa, 0xc9, 0xfa, 0xc9, 0xfa, 0xc8, 0xfa,
    0xc9, 0xfa, 0xc9, 0xfa, 0xc9, 0xfa, 0xc9, 0xfa, 0x07, 0x7a, 0x00, 0x28,
    0x00, 0x08, 0x00, 0x08, 0x00, 0x00, 0x20, 0x08, 0x00, 0x00, 0x00, 0x08,
    0x20, 0x00, 0x00, 0x08, 0x00, 0x08, 0x20, 0x00, 0x00, 0x08, 0x00, 0x00,
    0x20, 0x08, 0x00, 0x00, 0x00, 0x08, 0x20, 0x00, 0x00, 0x08, 0x00, 0x00,
    0x20, 0x08, 0x00, 0x00, 0x00, 0x08, 0x20, 0x00, 0x00, 0x08, 0x00, 0x00,
    0x20, 0x08, 0x00, 0x00, 0x00, 0x08, 0x20, 0x00, 0x00, 0x08, 0x00, 0x00,
    0x20, 0x08, 0x00, 0x00, 0x00, 0x08, 0x20, 0x00, 0x00, 0x08, 0x00, 0x00,
    0x20, 0x08, 0x00, 0x00, 0x00, 0x08, 0x00, 0x00, 0x20, 0x08, 0x00, 0x08,
    0x00, 0x00, 0x20, 0x00, 0x00, 0x08, 0x00, 0x00, 0x20, 0x00, 0x00, 0x08,
    0x00, 0x08, 0x00, 0x00, 0x00, 0x00, 0x00, 0x08, 0x00, 0x08, 0x00, 0x08,
    0x00, 0x08, 0x00, 0x00, 0xff, 0xff, 0xff, 0xff, 0xff, 0xff, 0xff, 0xff,
    0xff, 0xff, 0xff, 0xff, 0xff, 0xff, 0xff, 0xff, 0xff, 0xff, 0xff, 0xff,
    0xff, 0xff, 0xff, 0xff, 0xff, 0xff, 0x00, 0x08, 0x00, 0x08, 0x47, 0xda,
    0xc9, 0xf2, 0xc9, 0xfa, 0xc9, 0xfa, 0xc9, 0xfa, 0xc9, 0xfa, 0xc9, 0xfa,
    0xc9, 0xfa, 0xc9, 0xfa, 0xc9, 0xfa, 0xc9, 0xfa, 0xc9, 0xfa, 0xc9, 0xfa,
    0xc9, 0xfa, 0xc9, 0xfa, 0xc9, 0xfa, 0xc9, 0xfa, 0xc9, 0xfa, 0xc9, 0xfa,
    0xc9, 0xfa, 0xc9, 0xfa, 0xc9, 0xfa, 0xc9, 0xfa, 0xc9, 0xfa, 0xe9, 0xf2,
    0x47, 0xda, 0x00, 0x08, 0x00, 0x08, 0x20, 0x08, 0x00, 0x00, 0x00, 0x08,
    0x20, 0x08, 0x00, 0x08, 0x00, 0x08, 0x20, 0x00, 0x00, 0x08, 0x00, 0x08,
    0x20, 0x08, 0x00, 0x08, 0x00, 0x08, 0x20, 0x00, 0x00, 0x08, 0x00, 0x08,
    0x20, 0x00, 0x00, 0x08, 0x00, 0x08, 0x20, 0x00, 0x00, 0x08, 0x20, 0x08,
    0x00, 0x08, 0x00, 0x28, 0x07, 0x7a, 0xc9, 0xfa, 0xc9, 0xfa, 0xc9, 0xfa,
    0xc9, 0xfa, 0xc9, 0xfa, 0xc9, 0xfa, 0xc9, 0xfa, 0xc9, 0xfa, 0xc9, 0xfa,
    0xc9, 0xfa, 0xc9, 0xfa, 0xc9, 0xfa, 0xc8, 0xfa, 0xc9, 0xfa, 0xc9, 0xfa,
    0xc9, 0xfa, 0xc9, 0xfa, 0xc9, 0xfa, 0xc9, 0xfa, 0xc9, 0xfa, 0xc9, 0xfa,
    0xc9, 0xfa, 0xc9, 0xfa, 0xc9, 0xfa, 0x8c, 0xc3, 0x00, 0x48, 0x00, 0x08,
    0x00, 0x08, 0x00, 0x00, 0x00, 0x08, 0x20, 0x00, 0xff, 0xff, 0xff, 0xff,
    0xff, 0xff, 0xff, 0xff, 0xff, 0xff, 0x00, 0x10, 0xa2, 0x28, 0xc9, 0xfa,
    0xc9, 0xfa, 0xc9, 0xfa, 0xc9, 0xfa, 0xc9, 0xfa, 0xc9, 0xfa, 0xc9, 0xfa,
    0xc9, 0xfa, 0xc9, 0xfa, 0xc9, 0xfa, 0xc9, 0xfa, 0xc9, 0xfa, 0xc9, 0xfa,
    0xc9, 0xfa, 0xc9, 0xfa, 0xc8, 0xfa, 0xc9, 0xfa, 0xc9, 0xfa, 0xc8, 0xfa,
    0xc9, 0xfa, 0xc9, 0xfa, 0xc9, 0xfa, 0xc9, 0xfa, 0xc9, 0xfa, 0x2a, 0xe3,
    0x43, 0x99, 0x00, 0x08, 0x20, 0x08, 0x20, 0x00, 0x00, 0x08, 0x20, 0x08,
    0x20, 0x00, 0x00, 0x08, 0x20, 0x08, 0x00, 0x00, 0x00, 0x08, 0x20, 0x08,
    0x00, 0x08, 0x20, 0x08, 0x00, 0x00, 0x00, 0x08, 0x20, 0x08, 0x00, 0x08,
    0x00, 0x08, 0x20, 0x00, 0x20, 0x00, 0x00, 0x08, 0x20, 0x08, 0x00, 0x08,
    0x00, 0x00, 0x00, 0x38, 0x0b, 0xab, 0xc9, 0xfa, 0xc9, 0xfa, 0xc9, 0xfa,
    0xc9, 0xfa, 0xc9, 0xfa, 0xc9, 0xfa, 0xc9, 0xfa, 0xc9, 0xfa, 0xc9, 0xfa,
    0xc9, 0xfa, 0xc9, 0xfa, 0xc9, 0xfa, 0xc8, 0xfa, 0xc9, 0xfa, 0xc9, 0xfa,
    0xc9, 0xfa, 0xc9, 0xfa, 0xc9, 0xfa, 0xc9, 0xfa, 0xc9, 0xfa, 0xc9, 0xfa,
    0xc9, 0xfa, 0xc9, 0xfa, 0xc9, 0xfa, 0xca, 0xa2, 0x00, 0x30, 0x00, 0x08,
    0x00, 0x08, 0x00, 0x08, 0x00, 0x08, 0x20, 0x00, 0xff, 0xff, 0xff, 0xff,
    0xff, 0xff, 0xff, 0xff, 0x20, 0x00, 0x00, 0x20, 0xc6, 0x59, 0xc9, 0xfa,
    0xc9, 0xfa, 0xc9, 0xfa, 0xc9, 0xfa, 0xc9, 0xfa, 0xc9, 0xfa, 0xc9, 0xfa,
    0xc9, 0xfa, 0xc9, 0xfa, 0xc9, 0xfa, 0xc9, 0xfa, 0xc9, 0xfa, 0xc9, 0xfa,
    0xc9, 0xfa, 0xc9, 0xfa, 0xc8, 0xfa, 0xc9, 0xfa, 0xc9, 0xfa, 0xc9, 0xfa,
    0xc9, 0xfa, 0xc9, 0xfa, 0xc8, 0xfa, 0xc9, 0xfa, 0xc9, 0xfa, 0xc8, 0xfa,
    0xc9, 0xfa, 0xc9, 0xfa, 0xc9, 0xfa, 0xc9, 0xfa, 0xc9, 0xfa, 0xc9, 0xfa,
    0xc9, 0xfa, 0xc9, 0xfa, 0xc9, 0xfa, 0xc9, 0xfa, 0xc9, 0xfa, 0xc9, 0xfa,
    0xc9, 0xfa, 0x20, 0x08, 0x00, 0x08, 0x00, 0x08, 0x00, 0x08, 0x00, 0x08,
    0x00, 0x08, 0xff, 0xff, 0xff, 0xff, 0xff, 0xff, 0xff, 0xff, 0xff, 0xff,
    0xff, 0xff, 0xff, 0xff, 0xff, 0xff, 0xff, 0xff, 0xff, 0xff, 0xff, 0xff,
    0xff, 0xff, 0xff, 0xff, 0xff, 0xff, 0xff, 0xff, 0xff, 0xff, 0xff, 0xff,
    0x21, 0x00, 0x00, 0x18, 0x24, 0x51, 0xc9, 0xfa, 0xc9, 0xfa, 0xc9, 0xfa,
    0xc9, 0xfa, 0xc9, 0xfa, 0xc9, 0xfa, 0xc9, 0xfa, 0xc9, 0xfa, 0xc9, 0xfa,
    0xc9, 0xfa, 0xc9, 0xfa, 0xc9, 0xfa, 0xc9, 0xfa, 0xc9, 0xfa, 0xc9, 0xfa,
    0xc9, 0xfa, 0xc8, 0xfa, 0xc9, 0xfa, 0xc9, 0xfa, 0xc8, 0xfa, 0xc9, 0xfa,
    0xc9, 0xfa, 0xc9, 0xfa, 0xc9, 0xfa, 0xc9, 0xfa, 0xc9, 0xfa, 0xc9, 0xfa,
    0xc9, 0xfa, 0xc8, 0xfa, 0xc9, 0xfa, 0xc9, 0xfa, 0xc9, 0xfa, 0xc9, 0xfa,
    0xc9, 0xfa, 0xc8, 0xfa, 0xc9, 0xfa, 0xc9, 0xfa, 0xc9, 0xfa, 0xa2, 0x28,
    0x00, 0x10, 0x00, 0x00, 0x20, 0x08, 0x00, 0x08, 0x00, 0x08, 0xff, 0xff,
    0xff, 0xff, 0xff, 0xff, 0xff, 0xff, 0xff, 0xff, 0x20, 0x00, 0x00, 0x48,
    0x8d, 0xc3, 0xc9, 0xfa, 0xc9, 0xfa, 0xc9, 0xfa, 0xc9, 0xfa, 0xc9, 0xfa,
    0xc9, 0xfa, 0xc9, 0xfa, 0xc8, 0xfa, 0xc9, 0xfa, 0xc9, 0xfa, 0xc9, 0xfa,
    0xc9, 0xfa, 0xc8, 0xfa, 0xc9, 0xfa, 0xc9, 0xfa, 0xc9, 0xfa, 0xc9, 0xfa,
    0xc9, 0xfa, 0xc9, 0xfa, 0xc9, 0xfa, 0xc9, 0xfa, 0xc9, 0xfa, 0xc8, 0xfa,
    0xc9, 0xfa, 0x07, 0x7a, 0x00, 0x28, 0x00, 0x08, 0x00, 0x08, 0x20, 0x08,
    0x00, 0x08, 0x00, 0x08, 0x20, 0x08, 0x00, 0x00, 0x00, 0x08, 0x20, 0x08,
    0x00, 0x00, 0x00, 0x08, 0x20, 0x08, 0x00, 0x08, 0x00, 0x08, 0x20, 0x00,
    0x00, 0x08, 0x00, 0x08, 0x20, 0x08, 0x00, 0x08, 0x00, 0x08, 0x20, 0x00,
    0x00, 0x08, 0x00, 0x08, 0x20, 0x08, 0x00, 0x08, 0x00, 0x08, 0x20, 0x00,
    0x00, 0x08, 0x00, 0x08, 0x20, 0x08, 0x00, 0x08, 0x00, 0x08, 0x20, 0x00,
    0x00, 0x08, 0x00, 0x08, 0x20, 0x08, 0x00, 0x08, 0x00, 0x08, 0x20, 0x08,
    0x00, 0x08, 0x00, 0x00, 0x00, 0x08, 0x20, 0x08, 0x00, 0x08, 0x00, 0x08,
    0x20, 0x08, 0x00, 0x08, 0x00, 0x08, 0x20, 0x08, 0x00, 0x08, 0x20, 0x08,
    0x00, 0x00, 0x20, 0x08, 0x00, 0x08, 0x20, 0x00, 0x20, 0x00, 0xff, 0xff,
    0xff, 0xff, 0xff, 0xff, 0xff, 0xff, 0xff, 0xff, 0xff, 0xff, 0xff, 0xff,
    0xff, 0xff, 0xff, 0xff, 0xff, 0xff, 0xff, 0xff, 0xff, 0xff, 0xff, 0xff,
    0x00, 0x08, 0x00, 0x08, 0x47, 0xda, 0xe9, 0xfa, 0xc9, 0xfa, 0xc9, 0xfa,
    0xc9, 0xfa, 0xc8, 0xfa, 0xc9, 0xfa, 0xc9, 0xfa, 0xc9, 0xfa, 0xc9, 0xfa,
    0xc9, 0xfa, 0xc9, 0xfa, 0xc9, 0xfa, 0xc8, 0xfa, 0xc9, 0xfa, 0xc9, 0xfa,
    0xc8, 0xfa, 0xc9, 0xfa, 0xc9, 0xfa, 0xc8, 0xfa, 0xc9, 0xfa, 0xc9, 0xfa,
    0xc9, 0xfa, 0xc9, 0xfa, 0xe9, 0xf2, 0x47, 0xda, 0x00, 0x08, 0x00, 0x08,
    0x00, 0x08, 0x00, 0x08, 0x00, 0x00, 0x00, 0x08, 0x00, 0x08, 0x00, 0x08,
    0x00, 0x08, 0x00, 0x08, 0x00, 0x08, 0x00, 0x00, 0x00, 0x08, 0x00, 0x08,
    0x00, 0x08, 0x00, 0x08, 0x00, 0x08, 0x00, 0x08, 0x00, 0x08, 0x00, 0x08,
    0x00, 0x00, 0x00, 0x08, 0x20, 0x08, 0x00, 0x08, 0x00, 0x28, 0x07, 0x7a,
    0xc9, 0xfa, 0xc9, 0xfa, 0xc9, 0xfa, 0xc9, 0xfa, 0xc9, 0xfa, 0xc9, 0xfa,
    0xc9, 0xfa, 0xc8, 0xfa, 0xc9, 0xfa, 0xc9, 0xfa, 0xc9, 0xfa, 0xc9, 0xfa,
    0xc9, 0xfa, 0xc9, 0xfa, 0xc9, 0xfa, 0xc8, 0xfa, 0xc9, 0xfa, 0xc9, 0xfa,
    0xc8, 0xfa, 0xc9, 0xfa, 0xc9, 0xfa, 0xc8, 0xfa, 0xc9, 0xfa, 0xc9, 0xfa,
    0x6c, 0xc3, 0x00, 0x40, 0x00, 0x08, 0x20, 0x08, 0x00, 0x08, 0x00, 0x08,
    0x21, 0x00, 0xff, 0xff, 0xff, 0xff, 0xff, 0xff, 0xff, 0xff, 0xff, 0xff,
    0x00, 0x10, 0xa2, 0x20, 0xc9, 0xfa, 0xc9, 0xfa, 0xc9, 0xfa, 0xc9, 0xfa,
    0xc9, 0xfa, 0xc9, 0xfa, 0xc9, 0xfa, 0xc9, 0xfa, 0xc9, 0xfa, 0xc9, 0xfa,
    0xc9, 0xfa, 0xc9, 0xfa, 0xc9, 0xfa, 0xc9, 0xfa, 0xc9, 0xfa, 0xc9, 0xfa,
    0xc9, 0xfa, 0xc9, 0xfa, 0xc9, 0xfa, 0xc9, 0xfa, 0xc9, 0xfa, 0xc8, 0xfa,
    0xc9, 0xfa, 0xc9, 0xfa, 0x2a, 0xe3, 0x23, 0xa1, 0x00, 0x08, 0x00, 0x08,
    0x00, 0x08, 0x00, 0x00, 0x00, 0x08, 0x00, 0x08, 0x00, 0x08, 0x00, 0x08,
    0x00, 0x08, 0x00, 0x00, 0x00, 0x08, 0x00, 0x08, 0x20, 0x08, 0x00, 0x08,
    0x00, 0x00, 0x00, 0x08, 0x00, 0x08, 0x00, 0x08, 0x00, 0x08, 0x00, 0x08,
    0x00, 0x00, 0x20, 0x08, 0x00, 0x08, 0x00, 0x08, 0x00, 0x38, 0x0b, 0xab,
    0xc9, 0xfa, 0xc9, 0xfa, 0xc9, 0xfa, 0xc8, 0xfa, 0xc9, 0xfa, 0xc9, 0xfa,
    0xc9, 0xfa, 0xc9, 0xfa, 0xc9, 0xfa, 0xc9, 0xfa, 0xc9, 0xfa, 0xc9, 0xfa,
    0xc9, 0xfa, 0xc9, 0xfa, 0xc9, 0xfa, 0xc8, 0xfa, 0xc9, 0xfa, 0xc9, 0xfa,
    0xc9, 0xfa, 0xc9, 0xfa, 0xc9, 0xfa, 0xc9, 0xfa, 0xc9, 0xfa, 0xc9, 0xfa,
    0xca, 0xa2, 0x00, 0x30, 0x00, 0x08, 0x00, 0x08, 0x00, 0x00, 0x00, 0x08,
    0x21, 0x00, 0xff, 0xff, 0xff, 0xff, 0xff, 0xff, 0xff, 0xff, 0x20, 0x00,
    0x00, 0x20, 0xc6, 0x59, 0xc9, 0xfa, 0xc9, 0xfa, 0xc9, 0xfa, 0xc8, 0xfa,
    0xc9, 0xfa, 0xc9, 0xfa, 0xc9, 0xfa, 0xc8, 0xfa, 0xc9, 0xfa, 0xc9, 0xfa,
    0xc8, 0xfa, 0xc9, 0xfa, 0xc9, 0xfa, 0xc9, 0xfa, 0xc9, 0xfa, 0xc9, 0xfa,
    0xc9, 0xfa, 0xc9, 0xfa, 0xc9, 0xfa, 0xc9, 0xfa, 0xc9, 0xfa, 0xc9, 0xfa,
    0xc9, 0xfa, 0xc9, 0xfa, 0xc9, 0xfa, 0xc9, 0xfa, 0xc9, 0xfa, 0xc8, 0xfa,
    0xc9, 0xfa, 0xc9, 0xfa, 0xc9, 0xfa, 0xc9, 0xfa, 0xc9, 0xfa, 0xc9, 0xfa,
    0xc9, 0xfa, 0xc9, 0xfa, 0xc9, 0xfa, 0xc9, 0xfa, 0x20, 0x08, 0x00, 0x08,
    0x00, 0x08, 0x20, 0x08, 0x00, 0x08, 0x00, 0x08, 0xff, 0xff, 0xff, 0xff,
    0xff, 0xff, 0xff, 0xff, 0xff, 0xff, 0xff, 0xff, 0xff, 0xff, 0xff, 0xff,
    0xff, 0xff, 0xff, 0xff, 0xff, 0xff, 0xff, 0xff, 0xff, 0xff, 0xff, 0xff,
    0xff, 0xff, 0xff, 0xff, 0xff, 0xff, 0x20, 0x08, 0x00, 0x18, 0x24, 0x51,
    0xc9, 0xfa, 0xc9, 0xfa, 0xc9, 0xfa, 0xc9, 0xfa, 0xc9, 0xfa, 0xc9, 0xfa,
    0xc9, 0xfa, 0xc9, 0xfa, 0xc9, 0xfa, 0xc9, 0xfa, 0xc9, 0xfa, 0xc9, 0xfa,
    0xc9, 0xfa, 0xc9, 0xfa, 0xc9, 0xfa, 0xc9, 0xfa, 0xc9, 0xfa, 0xc9, 0xfa,
    0xc9, 0xfa, 0xc9, 0xfa, 0xc9, 0xfa, 0xc9, 0xfa, 0xc8, 0xfa, 0xc9, 0xfa,
    0xc9, 0xfa, 0xc8, 0xfa, 0xc9, 0xfa, 0xc9, 0xfa, 0xc9, 0xfa, 0xc9, 0xfa,
    0xc9, 0xfa, 0xc8, 0xfa, 0xc9, 0xfa, 0xc9, 0xfa, 0xc9, 0xfa, 0xc9, 0xfa,
    0xc9, 0xfa, 0xc9, 0xfa, 0xa2, 0x28, 0x00, 0x10, 0x00, 0x08, 0x00, 0x00,
    0x20, 0x08, 0x00, 0x08, 0xff, 0xff, 0xff, 0xff, 0xff, 0xff, 0xff, 0xff,
    0xff, 0xff, 0x21, 0x00, 0x00, 0x48, 0x8c, 0xc3, 0xc9, 0xfa, 0xc9, 0xfa,
    0xc9, 0xfa, 0xc8, 0xfa, 0xc9, 0xfa, 0xc9, 0xfa, 0xc9, 0xfa, 0xc9, 0xfa,
    0xc9, 0xfa, 0xc9, 0xfa, 0xc8, 0xfa, 0xc9, 0xfa, 0xc9, 0xfa, 0xc9, 0xfa,
    0xc9, 0xfa, 0xc8, 0xfa, 0xc9, 0xfa, 0xc9, 0xfa, 0xc9, 0xfa, 0xc9, 0xfa,
    0xc9, 0xfa, 0xc9, 0xfa, 0xc9, 0xfa, 0xc9, 0xfa, 0x07, 0x7a, 0x00, 0x28,
    0x00, 0x08, 0x00, 0x08, 0x00, 0x00, 0x00, 0x08, 0x00, 0x08, 0x00, 0x08,
    0x00, 0x08, 0x00, 0x08, 0x00, 0x08, 0x00, 0x08, 0x00, 0x08, 0x00, 0x08,
    0x00, 0x00, 0x00, 0x08, 0x00, 0x08, 0x00, 0x08, 0x00, 0x08, 0x00, 0x00,
    0x00, 0x08, 0x00, 0x08, 0x00, 0x08, 0x00, 0x08, 0x00, 0x08, 0x00, 0x00,
    0x00, 0x08, 0x00, 0x08, 0x00, 0x08, 0x00, 0x08, 0x00, 0x08, 0x00, 0x00,
    0x00, 0x08, 0x00, 0x08, 0x00, 0x08, 0x00, 0x08, 0x00, 0x08, 0x00, 0x00,
    0x00, 0x08, 0x00, 0x08, 0x20, 0x00, 0x00, 0x08, 0x00, 0x08, 0x00, 0x08,
    0x00, 0x08, 0x00, 0x08, 0x00, 0x00, 0x00, 0x08, 0x00, 0x08, 0x00, 0x00,
    0x00, 0x00, 0x00, 0x08, 0x00, 0x08, 0x20, 0x08, 0x00, 0x00, 0x00, 0x08,
    0x20, 0x08, 0xff, 0xff, 0xff, 0xff, 0xff, 0xff, 0xff, 0xff, 0xff, 0xff,
    0xff, 0xff, 0xff, 0xff, 0xff, 0xff, 0xff, 0xff, 0xff, 0xff, 0xff, 0xff,
    0xff, 0xff, 0xff, 0xff, 0xff, 0xff, 0x00, 0x00, 0x00, 0x08, 0x47, 0xda,
    0xe9, 0xfa, 0xc9, 0xfa, 0xc9, 0xfa, 0xc9, 0xfa, 0xc9, 0xfa, 0xc9, 0xfa,
    0xc8, 0xfa, 0xc9, 0xfa, 0xc9, 0xfa, 0xc8, 0xfa, 0xc9, 0xfa, 0xc9, 0xfa,
    0xc9, 0xfa, 0xc9, 0xfa, 0xc9, 0xfa, 0xc9, 0xfa, 0xc9, 0xfa, 0xc9, 0xfa,
    0xc9, 0xfa, 0xc9, 0xfa, 0xc9, 0xfa, 0xc9, 0xfa, 0xc9, 0xfa, 0xe9, 0xf2,
    0x47, 0xda, 0x00, 0x08, 0x00, 0x08, 0x20, 0x00, 0x00, 0x08, 0x20, 0x08,
    0x00, 0x00, 0x20, 0x00, 0x20, 0x00, 0x21, 0x00, 0x20, 0x00, 0x20, 0x00,
    0x21, 0x00, 0x20, 0x00, 0x20, 0x00, 0x21, 0x00, 0x20, 0x00, 0x20, 0x00,
    0x21, 0x00, 0x20, 0x00, 0x20, 0x00, 0x21, 0x00, 0x20, 0x00, 0x20, 0x08,
    0x20, 0x00, 0x00, 0x28, 0x07, 0x7a, 0xc9, 0xfa, 0xc9, 0xfa, 0xc9, 0xfa,
    0xc8, 0xfa, 0xc9, 0xfa, 0xc9, 0xfa, 0xc9, 0xfa, 0xc9, 0xfa, 0xc9, 0xfa,
    0xc9, 0xfa, 0xc8, 0xfa, 0xc9, 0xfa, 0xc9, 0xfa, 0xc9, 0xfa, 0xc9, 0xfa,
    0xc9, 0xfa, 0xc9, 0xfa, 0xc9, 0xfa, 0xc9, 0xfa, 0xc9, 0xfa, 0xc9, 0xfa,
    0xc9, 0xfa, 0xc9, 0xfa, 0xc9, 0xfa, 0x8c, 0xc3, 0x00, 0x48, 0x00, 0x08,
    0x00, 0x00, 0x20, 0x08, 0x00, 0x08, 0x20, 0x00, 0xff, 0xff, 0xff, 0xff,
    0xff, 0xff, 0xff, 0xff, 0xff, 0xff, 0x00, 0x10, 0xa2, 0x28, 0xc9, 0xfa,
    0xc9, 0xfa, 0xc9, 0xfa, 0xc9, 0xfa, 0xc9, 0xfa, 0xc9, 0xfa, 0xc9, 0xfa,
    0xc9, 0xfa, 0xc9, 0xfa, 0xc9, 0xfa, 0xc9, 0xfa, 0xc9, 0xfa, 0xc9, 0xfa,
    0xc9, 0xfa, 0xc8, 0xfa, 0xc9, 0xfa, 0xc9, 0xfa, 0xc9, 0xfa, 0xc9, 0xfa,
    0xc9, 0xfa, 0xc9, 0xfa, 0xc9, 0xfa, 0xc9, 0xfa, 0xc9, 0xfa, 0x2a, 0xe3,
    0x23, 0x99, 0x00, 0x08, 0x00, 0x08, 0x00, 0x00, 0x20, 0x08, 0x00, 0x08,
    0x00, 0x00, 0x20, 0x00, 0x20, 0x00, 0x20, 0x00, 0x20, 0x00, 0x20, 0x00,
    0x20, 0x00, 0x20, 0x00, 0x20, 0x00, 0x20, 0x00, 0x20, 0x00, 0x20, 0x00,
    0x20, 0x00, 0x20, 0x00, 0x20, 0x00, 0x20, 0x00, 0x20, 0x00, 0x20, 0x08,
    0x20, 0x00, 0x00, 0x38, 0x0b, 0xab, 0xc9, 0xfa, 0xc9, 0xfa, 0xc9, 0xfa,
    0xc9, 0xfa, 0xc9, 0xfa, 0xc8, 0xfa, 0xc9, 0xfa, 0xc9, 0xfa, 0xc8, 0xfa,
    0xc9, 0xfa, 0xc9, 0xfa, 0xc8, 0xfa, 0xc9, 0xfa, 0xc9, 0xfa, 0xc9, 0xfa,
    0xc9, 0xfa, 0xc9, 0xfa, 0xc9, 0xfa, 0xc9, 0xfa, 0xc9, 0xfa, 0xc9, 0xfa,
    0xc9, 0xfa, 0xc9, 0xfa, 0xc9, 0xfa, 0xca, 0xa2, 0x00, 0x38, 0x20, 0x08,
    0x00, 0x00, 0x00, 0x08, 0x00, 0x08, 0x20, 0x00, 0xff, 0xff, 0xff, 0xff,
    0xff, 0xff, 0xff, 0xff, 0x21, 0x08, 0x00, 0x20, 0xe6, 0x59, 0xc9, 0xfa,
    0xc9, 0xfa, 0xc9, 0xfa, 0xc9, 0xfa, 0xc9, 0xfa, 0xc9, 0xfa, 0xc9, 0xfa,
    0xc9, 0xfa, 0xc9, 0xfa, 0xc9, 0xfa, 0xc9, 0xfa, 0xc9, 0xfa, 0xc9, 0xfa,
    0xc8, 0xfa, 0xc9, 0xfa, 0xc9, 0xfa, 0xc9, 0xfa, 0xc8, 0xfa, 0xc9, 0xfa,
    0xc9, 0xfa, 0xc8, 0xfa, 0xc9, 0xfa, 0xc9, 0xfa, 0xc9, 0xfa, 0xc9, 0xfa,
    0xc9, 0xfa, 0xc9, 0xfa, 0xc9, 0xfa, 0xc9, 0xfa, 0xc9, 0xfa, 0xc8, 0xfa,
    0xc9, 0xfa, 0xc9, 0xfa, 0xc9, 0xfa, 0xc9, 0xfa, 0xc9, 0xfa, 0xc9, 0xfa,
    0xc9, 0xfa, 0x20, 0x08, 0x00, 0x08, 0x00, 0x08, 0x00, 0x00, 0x20, 0x00,
    0x00, 0x08, 0xff, 0xff, 0xff, 0xff, 0xff, 0xff, 0xff, 0xff, 0xff, 0xff,
    0xff, 0xff, 0xff, 0xff, 0xff, 0xff, 0xff, 0xff, 0xff, 0xff, 0xff, 0xff,
    0xff, 0xff, 0xff, 0xff, 0xff, 0xff, 0xff, 0xff, 0xff, 0xff, 0xff, 0xff,
    0x20, 0x00, 0x00, 0x18, 0x24, 0x51, 0xc9, 0xfa, 0xc9, 0xfa, 0xc9, 0xfa,
    0xc9, 0xfa, 0xc9, 0xfa, 0xc9, 0xfa, 0xc9, 0xfa, 0xc9, 0xfa, 0xc9, 0xfa,
    0xc9, 0xfa, 0xc9, 0xfa, 0xc9, 0xfa, 0xc9, 0xfa, 0xc8, 0xfa, 0xc9, 0xfa,
    0xc9, 0xfa, 0xc9, 0xfa, 0xc9, 0xfa, 0xc9, 0xfa, 0xc9, 0xfa, 0xc9, 0xfa,
    0xc9, 0xfa, 0xc9, 0xfa, 0xc9, 0xfa, 0xc9, 0xfa, 0xc9, 0xfa, 0xc9, 0xfa,
    0xc9, 0xfa, 0xc9, 0xfa, 0xc9, 0xfa, 0xc9, 0xfa, 0xc9, 0xfa, 0xc9, 0xfa,
    0xc9, 0xfa, 0xc9, 0xfa, 0xc9, 0xfa, 0xc8, 0xfa, 0xc9, 0xfa, 0xa2, 0x20,
    0x00, 0x10, 0x00, 0x08, 0x00, 0x08, 0x00, 0x00, 0x20, 0x08, 0xff, 0xff,
    0xff, 0xff, 0xff, 0xff, 0xff, 0xff, 0xff, 0xff, 0x20, 0x00, 0x00, 0x48,
    0x6c, 0xcb, 0xc9, 0xfa, 0xc9, 0xfa, 0xc9, 0xfa, 0xc9, 0xfa, 0xc9, 0xfa,
    0xc9, 0xfa, 0xc8, 0xfa, 0xc9, 0xfa, 0xc9, 0xfa, 0xc9, 0xfa, 0xc9, 0xfa,
    0xc9, 0xfa, 0xc9, 0xfa, 0xc9, 0xfa, 0xc9, 0xfa, 0xc9, 0xfa, 0xc9, 0xfa,
    0xc8, 0xfa, 0xc9, 0xfa, 0xc9, 0xfa, 0xc8, 0xfa, 0xc9, 0xfa, 0xc9, 0xfa,
    0xc9, 0xfa, 0x07, 0x7a, 0x00, 0x28, 0x00, 0x08, 0x20, 0x08, 0x00, 0x00,
    0x20, 0x08, 0x20, 0x00, 0x20, 0x00, 0x20, 0x00, 0x20, 0x00, 0x21, 0x00,
    0x20, 0x00, 0x20, 0x00, 0x21, 0x00, 0x20, 0x00, 0x20, 0x00, 0x21, 0x00,
    0x20, 0x00, 0x20, 0x00, 0x21, 0x00, 0x20, 0x00, 0x20, 0x00, 0x21, 0x00,
    0x20, 0x00, 0x20, 0x00, 0x21, 0x00, 0x20, 0x00, 0x20, 0x00, 0x21, 0x00,
    0x20, 0x00, 0x20, 0x00, 0x21, 0x00, 0x20, 0x00, 0x20, 0x00, 0x21, 0x00,
    0x20, 0x00, 0x20, 0x00, 0x21, 0x00, 0x20, 0x00, 0x20, 0x00, 0x21, 0x00,
    0x20, 0x00, 0x20, 0x00, 0x21, 0x00, 0x20, 0x00, 0x20, 0x00, 0x21, 0x00,
    0x20, 0x00, 0x20, 0x00, 0x21, 0x00, 0x20, 0x00, 0x20, 0x00, 0x21, 0x00,
    0x20, 0x00, 0x20, 0x00, 0x20, 0x00, 0xff, 0xff, 0xff, 0xff, 0xff, 0xff,
    0xff, 0xff, 0xff, 0xff, 0xff, 0xff, 0xff, 0xff, 0xff, 0xff, 0xff, 0xff,
    0xff, 0xff, 0xff, 0xff, 0xff, 0xff, 0xff, 0xff, 0xff, 0xff, 0xff, 0xff,
    0x00, 0x08, 0x00, 0x08, 0x47, 0xda, 0xc9, 0xf2, 0xc9, 0xfa, 0xc9, 0xfa,
    0xc9, 0xfa, 0xc9, 0xfa, 0xc9, 0xfa, 0xc9, 0xfa, 0xc9, 0xfa, 0xc9, 0xfa,
    0xc9, 0xfa, 0xc9, 0xfa, 0xc9, 0xfa, 0xc9, 0xfa, 0xc9, 0xfa, 0xc9, 0xfa,
    0xc9, 0xfa, 0xc9, 0xfa, 0xc9, 0xfa, 0xc9, 0xfa, 0xc8, 0xfa, 0xc9, 0xfa,
    0xc9, 0xfa, 0xc9, 0xfa, 0xe9, 0xf2, 0x47, 0xda, 0x00, 0x08, 0x00, 0x08,
    0x00, 0x00, 0x00, 0x08, 0x20, 0x08, 0x00, 0x08, 0xff, 0xff, 0xff, 0xff,
    0xff, 0xff, 0xff, 0xff, 0xff, 0xff, 0xff, 0xff, 0xff, 0xff, 0xff, 0xff,
    0xff, 0xff, 0xff, 0xff, 0xff, 0xff, 0xff, 0xff, 0xff, 0xff, 0xff, 0xff,
    0xff, 0xff, 0xff, 0xff, 0xff, 0xff, 0x20, 0x08, 0x00, 0x30, 0x07, 0x7a,
    0xc9, 0xfa, 0xc9, 0xfa, 0xc9, 0xfa, 0xc9, 0xfa, 0xc9, 0xfa, 0xc8, 0xfa,
    0xc9, 0xfa, 0xc9, 0xfa, 0xc9, 0xfa, 0xc9, 0xfa, 0xc9, 0xfa, 0xc9, 0xfa,
    0xc9, 0xfa, 0xc8, 0xfa, 0xc9, 0xfa, 0xc9, 0xfa, 0xc9, 0xfa, 0xc9, 0xfa,
    0xc9, 0xfa, 0xc9, 0xfa, 0xc9, 0xfa, 0xc9, 0xfa, 0xc9, 0xfa, 0xc9, 0xfa,
    0x8c, 0xc3, 0x00, 0x48, 0x00, 0x08, 0x00, 0x00, 0x00, 0x08, 0x20, 0x08,
    0x20, 0x00, 0xff, 0xff, 0xff, 0xff, 0xff, 0xff, 0xff, 0xff, 0xff, 0xff,
    0x00, 0x10, 0xa2, 0x28, 0xc9, 0xfa, 0xc9, 0xfa, 0xc9, 0xfa, 0xc9, 0xfa,
    0xc9, 0xfa, 0xc9, 0xfa, 0xc9, 0xfa, 0xc9, 0xfa, 0xc9, 0xfa, 0xc9, 0xfa,
    0xc9, 0xfa, 0xc9, 0xfa, 0xc9, 0xfa, 0xc9, 0xfa, 0xc9, 0xfa, 0xc9, 0xfa,
    0xc9, 0xfa, 0xc8, 0xfa, 0xc9, 0xfa, 0xc9, 0xfa, 0xc8, 0xfa, 0xc9, 0xfa,
    0xc9, 0xfa, 0xc9, 0xfa, 0x2a, 0xe3, 0x23, 0x99, 0x00, 0x08, 0x20, 0x08,
    0x00, 0x00, 0x00, 0x08, 0x20, 0x08, 0x00, 0x08, 0xff, 0xff, 0xff, 0xff,
    0xff, 0xff, 0xff, 0xff, 0xff, 0xff, 0xff, 0xff, 0xff, 0xff, 0xff, 0xff,
    0xff, 0xff, 0xff, 0xff, 0xff, 0xff, 0xff, 0xff, 0xff, 0xff, 0xff, 0xff,
    0xff, 0xff, 0xff, 0xff, 0xff, 0xff, 0x20, 0x08, 0x00, 0x38, 0x0b, 0xab,
    0xc8, 0xfa, 0xc9, 0xfa, 0xc9, 0xfa, 0xc9, 0xfa, 0xc9, 0xfa, 0xc9, 0xfa,
    0xc9, 0xfa, 0xc9, 0xfa, 0xc9, 0xfa, 0xc9, 0xfa, 0xc9, 0xfa, 0xc9, 0xfa,
    0xc9, 0xfa, 0xc9, 0xfa, 0xc9, 0xfa, 0xc9, 0xfa, 0xc9, 0xfa, 0xc8, 0xfa,
    0xc9, 0xfa, 0xc9, 0xfa, 0xc8, 0xfa, 0xc9, 0xfa, 0xc9, 0xfa, 0xc9, 0xfa,
    0xca, 0xa2, 0x00, 0x38, 0x00, 0x08, 0x20, 0x08, 0x00, 0x08, 0x00, 0x08,
    0x20, 0x00, 0xff, 0xff, 0xff, 0xff, 0xff, 0xff, 0xff, 0xff, 0x20, 0x00,
    0x00, 0x20, 0xc6, 0x59, 0xc9, 0xfa, 0xc9, 0xfa, 0xc9, 0xfa, 0xc9, 0xfa,
    0xc9, 0xfa, 0xc8, 0xfa, 0xc9, 0xfa, 0xc9, 0xfa, 0xc9, 0xfa, 0xc9, 0xfa,
    0xc9, 0xfa, 0xc9, 0xfa, 0xc9, 0xfa, 0xc9, 0xfa, 0xc9, 0xfa, 0xc9, 0xfa,
    0xc9, 0xfa, 0xc9, 0xfa, 0xc9, 0xfa, 0xc9, 0xfa, 0xc9, 0xfa, 0xc9, 0xfa,
    0xc9, 0xfa, 0xc8, 0xfa, 0xc9, 0xfa, 0xc9, 0xfa, 0xc8, 0xfa, 0xc9, 0xfa,
    0xc9, 0xfa, 0xc9, 0xfa, 0xc9, 0xfa, 0xc9, 0xfa, 0xc9, 0xfa, 0xc8, 0xfa,
    0xc9, 0xfa, 0xc9, 0xfa, 0xc9, 0xfa, 0xc9, 0xfa, 0x20, 0x08, 0x00, 0x08,
    0x00, 0x08, 0x00, 0x08, 0x00, 0x08, 0x00, 0x08, 0xff, 0xff, 0xff, 0xff,
    0xff, 0xff, 0xff, 0xff, 0xff, 0xff, 0xff, 0xff, 0xff, 0xff, 0xff, 0xff,
    0xff, 0xff, 0xff, 0xff, 0xff, 0xff, 0xff, 0xff, 0xff, 0xff, 0xff, 0xff,
    0xff, 0xff, 0xff, 0xff, 0xff, 0xff, 0x20, 0x00, 0x00, 0x18, 0x24, 0x51,
    0xc9, 0xfa, 0xc9, 0xfa, 0xc9, 0xfa, 0xc9, 0xfa, 0xc9, 0xfa, 0xc9, 0xfa,
    0xc9, 0xfa, 0xc9, 0xfa, 0xc9, 0xfa, 0xc9, 0xfa, 0xc9, 0xfa, 0xc9, 0xfa,
    0xc9, 0xfa, 0xc9, 0xfa, 0xc9, 0xfa, 0xc8, 0xfa, 0xc9, 0xfa, 0xc9, 0xfa,
    0xc8, 0xfa, 0xc9, 0xfa, 0xc9, 0xfa, 0xc8, 0xfa, 0xc9, 0xfa, 0xc9, 0xfa,
    0xc9, 0xfa, 0xc9, 0xfa, 0xc9, 0xfa, 0xc8, 0xfa, 0xc9, 0xfa, 0xc9, 0xfa,
    0xc9, 0xfa, 0xc9, 0xfa, 0xc9, 0xfa, 0xc8, 0xfa, 0xc9, 0xfa, 0xc9, 0xfa,
    0xc9, 0xfa, 0xc9, 0xfa, 0xa2, 0x28, 0x00, 0x10, 0x00, 0x08, 0x00, 0x08,
    0x00, 0x00, 0x00, 0x08, 0xff, 0xff, 0xff, 0xff, 0xff, 0xff, 0xff, 0xff,
    0xff, 0xff, 0x20, 0x00, 0x00, 0x48, 0x8d, 0xc3, 0xc9, 0xfa, 0xc9, 0xfa,
    0xc9, 0xfa, 0xc9, 0xfa, 0xc9, 0xfa, 0xc9, 0xfa, 0xc9, 0xfa, 0xc9, 0xfa,
    0xc9, 0xfa, 0xc9, 0xfa, 0xc9, 0xfa, 0xc9, 0xfa, 0xc9, 0xfa, 0xc8, 0xfa,
    0xc9, 0xfa, 0xc9, 0xfa, 0xc9, 0xfa, 0xc9, 0xfa, 0xc9, 0xfa, 0xc9, 0xfa,
    0xc9, 0xfa, 0xc9, 0xfa, 0xc9, 0xfa, 0xc9, 0xfa, 0x07, 0x7a, 0x00, 0x28,
    0x00, 0x08, 0x00, 0x08, 0x20, 0x08, 0x00, 0x08, 0x20, 0x08, 0xff, 0xff,
    0xff, 0xff, 0xff, 0xff, 0xff, 0xff, 0xff, 0xff, 0xff, 0xff, 0xff, 0xff,
    0xff, 0xff, 0xff, 0xff, 0xff, 0xff, 0xff, 0xff, 0xff, 0xff, 0xff, 0xff,
    0xff, 0xff, 0xff, 0xff, 0xff, 0xff, 0xff, 0xff, 0xff, 0xff, 0xff, 0xff,
    0xff, 0xff, 0xff, 0xff, 0xff, 0xff, 0xff, 0xff, 0xff, 0xff, 0xff, 0xff,
    0xff, 0xff, 0xff, 0xff, 0xff, 0xff, 0xff, 0xff, 0xff, 0xff, 0xff, 0xff,
    0xff, 0xff, 0xff, 0xff, 0xff, 0xff, 0xff, 0xff, 0xff, 0xff, 0xff, 0xff,
    0xff, 0xff, 0xff, 0xff, 0xff, 0xff, 0xff, 0xff, 0xff, 0xff, 0xff, 0xff,
    0xff, 0xff, 0xff, 0xff, 0xff, 0xff, 0xff, 0xff, 0xff, 0xff, 0xff, 0xff,
    0xff, 0xff, 0xff, 0xff, 0xff, 0xff, 0xff, 0xff, 0xff, 0xff, 0xff, 0xff,
    0xff, 0xff, 0xff, 0xff, 0xff, 0xff, 0xff, 0xff, 0xff, 0xff, 0xff, 0xff,
    0xff, 0xff, 0xff, 0xff, 0xff, 0xff, 0x00, 0x08, 0x20, 0x08, 0x47, 0xda,
    0xc9, 0xfa, 0xc9, 0xfa, 0xc9, 0xfa, 0xc8, 0xfa, 0xc9, 0xfa, 0xc9, 0xfa,
    0xc9, 0xfa, 0xc9, 0xfa, 0xc9, 0xfa, 0xc9, 0xfa, 0xc8, 0xfa, 0xc9, 0xfa,
    0xc9, 0xfa, 0xc8, 0xfa, 0xc9, 0xfa, 0xc9, 0xfa, 0xc8, 0xfa, 0xc9, 0xfa,
    0xc9, 0xfa, 0xc9, 0xfa, 0xc9, 0xfa, 0xc9, 0xfa, 0xc9, 0xfa, 0xe9, 0xf2,
    0x47, 0xda, 0x00, 0x08, 0x00, 0x08, 0x00, 0x08, 0x00, 0x08, 0x00, 0x08,
    0x20, 0x08, 0xff, 0xff, 0xff, 0xff, 0xff, 0xff, 0xff, 0xff, 0xff, 0xff,
    0xff, 0xff, 0xff, 0xff, 0xff, 0xff, 0xff, 0xff, 0xff, 0xff, 0xff, 0xff,
    0xff, 0xff, 0xff, 0xff, 0xff, 0xff, 0xff, 0xff, 0xff, 0xff, 0xff, 0xff,
    0x21, 0x00, 0x00, 0x28, 0x07, 0x7a, 0xc9, 0xfa, 0xc9, 0xfa, 0xc9, 0xfa,
    0xc9, 0xfa, 0xc9, 0xfa, 0xc9, 0xfa, 0xc9, 0xfa, 0xc9, 0xfa, 0xc8, 0xfa,
    0xc9, 0xfa, 0xc9, 0xfa, 0xc9, 0xfa, 0xc9, 0xfa, 0xc9, 0xfa, 0xc9, 0xfa,
    0xc9, 0xfa, 0xc8, 0xfa, 0xc9, 0xfa, 0xc9, 0xfa, 0xc8, 0xfa, 0xc9, 0xfa,
    0xc9, 0xfa, 0xc9, 0xfa, 0xc9, 0xfa, 0x6c, 0xc3, 0x00, 0x40, 0x00, 0x08,
    0x00, 0x08, 0x00, 0x08, 0x00, 0x08, 0x21, 0x00, 0xff, 0xff, 0xff, 0xff,
    0xff, 0xff, 0xff, 0xff, 0xff, 0xff, 0x00, 0x10, 0xa2, 0x28, 0xc9, 0xfa,
    0xc9, 0xfa, 0xc9, 0xfa, 0xc9, 0xfa, 0xc9, 0xfa, 0xc9, 0xfa, 0xc9, 0xfa,
    0xc9, 0xfa, 0xc9, 0xfa, 0xc8, 0xfa, 0xc9, 0xfa, 0xc9, 0xfa, 0xc8, 0xfa,
    0xc9, 0xfa, 0xc9, 0xfa, 0xc9, 0xfa, 0xc9, 0xfa, 0xc9, 0xfa, 0xc9, 0xfa,
    0xc9, 0xfa, 0xc9, 0xfa, 0xc9, 0xfa, 0xc9, 0xfa, 0xc9, 0xfa, 0x2a, 0xe3,
    0x23, 0x99, 0x00, 0x08, 0x20, 0x08, 0x00, 0x08, 0x00, 0x08, 0x00, 0x08,
    0x20, 0x08, 0xff, 0xff, 0xff, 0xff, 0xff, 0xff, 0xff, 0xff, 0xff, 0xff,
    0xff, 0xff, 0xff, 0xff, 0xff, 0xff, 0xff, 0xff, 0xff, 0xff, 0xff, 0xff,
    0xff, 0xff, 0xff, 0xff, 0xff, 0xff, 0xff, 0xff, 0xff, 0xff, 0xff, 0xff,
    0x20, 0x00, 0x00, 0x38, 0x0b, 0xab, 0xc9, 0xfa, 0xc9, 0xfa, 0xc9, 0xfa,
    0xc8, 0xfa, 0xc9, 0xfa, 0xc9, 0xfa, 0xc9, 0xfa, 0xc9, 0xfa, 0xc9, 0xfa,
    0xc8, 0xfa, 0xc9, 0xfa, 0xc9, 0xfa, 0xc9, 0xfa, 0xc8, 0xfa, 0xc9, 0xfa,
    0xc9, 0xfa, 0xc9, 0xfa, 0xc9, 0xfa, 0xc9, 0xfa, 0xc9, 0xfa, 0xc9, 0xfa,
    0xc9, 0xfa, 0xc9, 0xfa, 0xc9, 0xfa, 0xca, 0xa2, 0x00, 0x30, 0x00, 0x08,
    0x00, 0x00, 0x20, 0x08, 0x00, 0x08, 0x21, 0x00, 0xff, 0xff, 0xff, 0xff,
    0xff, 0xff, 0xff, 0xff, 0x21, 0x00, 0x00, 0x20, 0xc6, 0x59, 0xc9, 0xfa,
    0xc9, 0xfa, 0xc9, 0xfa, 0xc9, 0xfa, 0xc9, 0xfa, 0xc9, 0xfa, 0xc9, 0xfa,
    0xc9, 0xfa, 0xc8, 0xfa, 0xc9, 0xfa, 0xc9, 0xfa, 0xc8, 0xfa, 0xc9, 0xfa,
    0xc9, 0xfa, 0xc9, 0xfa, 0xc8, 0xfa, 0xc9, 0xfa, 0xc9, 0xfa, 0xc9, 0xfa,
    0xc9, 0xfa, 0xc9, 0xfa, 0xc9, 0xfa, 0xc9, 0xfa, 0xc9, 0xfa, 0xc9, 0xfa,
    0xc9, 0xfa, 0xc9, 0xfa, 0xc9, 0xfa, 0xc9, 0xfa, 0xc9, 0xfa, 0xc9, 0xfa,
    0xc9, 0xfa, 0xc9, 0xfa, 0xc9, 0xfa, 0xc9, 0xfa, 0xc9, 0xfa, 0xc9, 0xfa,
    0xc9, 0xfa, 0x20, 0x08, 0x00, 0x08, 0x00, 0x08, 0x20, 0x08, 0x00, 0x08,
    0x00, 0x00, 0xff, 0xff, 0xff, 0xff, 0xff, 0xff, 0xff, 0xff, 0xff, 0xff,
    0xff, 0xff, 0xff, 0xff, 0xff, 0xff, 0xff, 0xff, 0xff, 0xff, 0xff, 0xff,
    0xff, 0xff, 0xff, 0xff, 0xff, 0xff, 0xff, 0xff, 0xff, 0xff, 0xff, 0xff,
    0x21, 0x00, 0x00, 0x18, 0x24, 0x51, 0xc9, 0xfa, 0xc9, 0xfa, 0xc9, 0xfa,
    0xc8, 0xfa, 0xc9, 0xfa, 0xc9, 0xfa, 0xc9, 0xfa, 0xc8, 0xfa, 0xc9, 0xfa,
    0xc9, 0xfa, 0xc8, 0xfa, 0xc9, 0xfa, 0xc9, 0xfa, 0xc9, 0xfa, 0xc9, 0xfa,
    0xc9, 0xfa, 0xc9, 0xfa, 0xc9, 0xfa, 0xc9, 0xfa, 0xc9, 0xfa, 0xc9, 0xfa,
    0xc9, 0xfa, 0xc9, 0xfa, 0xc9, 0xfa, 0xc8, 0xfa, 0xc9, 0xfa, 0xc9, 0xfa,
    0xc9, 0xfa, 0xc9, 0xfa, 0xc9, 0xfa, 0xc8, 0xfa, 0xc9, 0xfa, 0xc9, 0xfa,
    0xc9, 0xfa, 0xc9, 0xfa, 0xc9, 0xfa, 0xc9, 0xfa, 0xc9, 0xfa, 0xa2, 0x28,
    0x00, 0x10, 0x00, 0x00, 0x20, 0x08, 0x20, 0x08, 0x00, 0x08, 0xff, 0xff,
    0xff, 0xff, 0xff, 0xff, 0xff, 0xff, 0xff, 0xff, 0x21, 0x00, 0x00, 0x48,
    0x6c, 0xc3, 0xc9, 0xfa, 0xc9, 0xfa, 0xc9, 0xfa, 0xc8, 0xfa, 0xc9, 0xfa,
    0xc9, 0xfa, 0xc9, 0xfa, 0xc9, 0xfa, 0xc8, 0xfa, 0xc9, 0xfa, 0xc9, 0xfa,
    0xc8, 0xfa, 0xc9, 0xfa, 0xc9, 0xfa, 0xc9, 0xfa, 0xc9, 0xfa, 0xc9, 0xfa,
    0xc9, 0xfa, 0xc9, 0xfa, 0xc9, 0xfa, 0xc9, 0xfa, 0xc9, 0xfa, 0xc9, 0xfa,
    0xc9, 0xfa, 0x07, 0x7a, 0x00, 0x28, 0x00, 0x08, 0x00, 0x08, 0x00, 0x00,
    0x00, 0x08, 0x20, 0x00, 0xff, 0xff, 0xff, 0xff, 0xff, 0xff, 0xff, 0xff,
    0xff, 0xff, 0xff, 0xff, 0xff, 0xff, 0xff, 0xff, 0xff, 0xff, 0xff, 0xff,
    0xff, 0xff, 0xff, 0xff, 0xff, 0xff, 0xff, 0xff, 0xff, 0xff, 0xff, 0xff,
    0xff, 0xff, 0xff, 0xff, 0xff, 0xff, 0xff, 0xff, 0xff, 0xff, 0xff, 0xff,
    0xff, 0xff, 0xff, 0xff, 0xff, 0xff, 0xff, 0xff, 0xff, 0xff, 0xff, 0xff,
    0xff, 0xff, 0xff, 0xff, 0xff, 0xff, 0xff, 0xff, 0xff, 0xff, 0xff, 0xff,
    0xff, 0xff, 0xff, 0xff, 0xff, 0xff, 0xff, 0xff, 0xff, 0xff, 0xff, 0xff,
    0xff, 0xff, 0xff, 0xff, 0xff, 0xff, 0xff, 0xff, 0xff, 0xff, 0xff, 0xff,
    0xff, 0xff, 0xff, 0xff, 0xff, 0xff, 0xff, 0xff, 0xff, 0xff, 0xff, 0xff,
    0xff, 0xff, 0xff, 0xff, 0xff, 0xff, 0xff, 0xff, 0xff, 0xff, 0xff, 0xff,
    0xff, 0xff, 0xff, 0xff, 0xff, 0xff, 0xff, 0xff, 0xff, 0xff, 0xff, 0xff,
    0x00, 0x08, 0x00, 0x08, 0x47, 0xda, 0xe9, 0xfa, 0xc9, 0xfa, 0xc9, 0xfa,
    0xc9, 0xfa, 0xc9, 0xfa, 0xc9, 0xfa, 0xc8, 0xfa, 0xc9, 0xfa, 0xc9, 0xfa,
    0xc9, 0xfa, 0xc9, 0xfa, 0xc9, 0xfa, 0xc9, 0xfa, 0xc9, 0xfa, 0xc9, 0xfa,
    0xc9, 0xfa, 0xc9, 0xfa, 0xc9, 0xfa, 0xc9, 0xfa, 0xc9, 0xfa, 0xc8, 0xfa,
    0xc9, 0xfa, 0xc9, 0xfa, 0xe9, 0xf2, 0x47, 0xda, 0x00, 0x08, 0x20, 0x08,
    0x20, 0x00, 0x00, 0x08, 0x00, 0x00, 0x00, 0x08, 0xff, 0xff, 0xff, 0xff,
    0xff, 0xff, 0xff, 0xff, 0xff, 0xff, 0xff, 0xff, 0xff, 0xff, 0xff, 0xff,
    0xff, 0xff, 0xff, 0xff, 0xff, 0xff, 0xff, 0xff, 0xff, 0xff, 0xff, 0xff,
    0xff, 0xff, 0xff, 0xff, 0xff, 0xff, 0x20, 0x00, 0x00, 0x30, 0x07, 0x7a,
    0xc9, 0xfa, 0xc9, 0xfa, 0xc9, 0xfa, 0xc9, 0xfa, 0xc9, 0xfa, 0xc9, 0xfa,
    0xc9, 0xfa, 0xc9, 0xfa, 0xc9, 0xfa, 0xc9, 0xfa, 0xc9, 0xfa, 0xc8, 0xfa,
    0xc9, 0xfa, 0xc9, 0xfa, 0xc9, 0xfa, 0xc9, 0xfa, 0xc9, 0xfa, 0xc9, 0xfa,
    0xc9, 0xfa, 0xc9, 0xfa, 0xc9, 0xfa, 0xc8, 0xfa, 0xc9, 0xfa, 0xc9, 0xfa,
    0x8d, 0xc3, 0x00, 0x48, 0x00, 0x08, 0x20, 0x08, 0x00, 0x00, 0x00, 0x08,
    0x20, 0x00, 0xff, 0xff, 0xff, 0xff, 0xff, 0xff, 0xff, 0xff, 0xff, 0xff,
    0x00, 0x10, 0xa2, 0x20, 0xc9, 0xfa, 0xc9, 0xfa, 0xc9, 0xfa, 0xc9, 0xfa,
    0xc8, 0xfa, 0xc9, 0xfa, 0xc9, 0xfa, 0xc9, 0xfa, 0xc9, 0xfa, 0xc9, 0xfa,
    0xc9, 0xfa, 0xc9, 0xfa, 0xc9, 0xfa, 0xc9, 0xfa, 0xc9, 0xfa, 0xc8, 0xfa,
    0xc9, 0xfa, 0xc9, 0xfa, 0xc9, 0xfa, 0xc9, 0xfa, 0xc9, 0xfa, 0xc9, 0xfa,
    0xc9, 0xfa, 0xc9, 0xfa, 0x2a, 0xe3, 0x23, 0xa1, 0x00, 0x08, 0x00, 0x00,
    0x20, 0x08, 0x00, 0x00, 0x00, 0x08, 0x00, 0x00, 0xff, 0xff, 0xff, 0xff,
    0xff, 0xff, 0xff, 0xff, 0xff, 0xff, 0xff, 0xff, 0xff, 0xff, 0xff, 0xff,
    0xff, 0xff, 0xff, 0xff, 0xff, 0xff, 0xff, 0xff, 0xff, 0xff, 0xff, 0xff,
    0xff, 0xff, 0xff, 0xff, 0xff, 0xff, 0x20, 0x00, 0x00, 0x38, 0x0b, 0xab,
    0xc9, 0xfa, 0xc9, 0xfa, 0xc9, 0xfa, 0xc9, 0xfa, 0xc9, 0xfa, 0xc9, 0xfa,
    0xc8, 0xfa, 0xc9, 0xfa, 0xc9, 0xfa, 0xc9, 0xfa, 0xc9, 0xfa, 0xc9, 0xfa,
    0xc9, 0xfa, 0xc9, 0xfa, 0xc9, 0xfa, 0xc8, 0xfa, 0xc9, 0xfa, 0xc9, 0xfa,
    0xc9, 0xfa, 0xc9, 0xfa, 0xc9, 0xfa, 0xc8, 0xfa, 0xc9, 0xfa, 0xc9, 0xfa,
    0xca, 0xa2, 0x00, 0x30, 0x00, 0x08, 0x00, 0x08, 0x00, 0x08, 0x20, 0x08,
    0x20, 0x00, 0xff, 0xff, 0xff, 0xff, 0xff, 0xff, 0xff, 0xff, 0x20, 0x08,
    0x00, 0x20, 0xc6, 0x59, 0xc9, 0xfa, 0xc9, 0xfa, 0xc9, 0xfa, 0xc9, 0xfa,
    0xc9, 0xfa, 0xc9, 0xfa, 0xc9, 0xfa, 0xc9, 0xfa, 0xc9, 0xfa, 0xc9, 0xfa,
    0xc9, 0xfa, 0xc9, 0xfa, 0xc9, 0xfa, 0xc9, 0xfa, 0xc9, 0xfa, 0xc9, 0xfa,
    0xc9, 0xfa, 0xc9, 0xfa, 0xc8, 0xfa, 0xc9, 0xfa, 0xc9, 0xfa, 0xc8, 0xfa,
    0xc9, 0xfa, 0xc9, 0xfa, 0xc9, 0xfa, 0xc9, 0xfa, 0xc9, 0xfa, 0xc8, 0xfa,
    0xc9, 0xfa, 0xc9, 0xfa, 0xc8, 0xfa, 0xc9, 0xfa, 0xc9, 0xfa, 0xc9, 0xfa,
    0xc9, 0xfa, 0xc8, 0xfa, 0xc9, 0xfa, 0xc9, 0xfa, 0x20, 0x08, 0x00, 0x08,
    0x00, 0x08, 0x00, 0x08, 0x20, 0x00, 0x00, 0x08, 0xff, 0xff, 0xff, 0xff,
    0xff, 0xff, 0xff, 0xff, 0xff, 0xff, 0xff, 0xff, 0xff, 0xff, 0xff, 0xff,
    0xff, 0xff, 0xff, 0xff, 0xff, 0xff, 0xff, 0xff, 0xff, 0xff, 0xff, 0xff,
    0xff, 0xff, 0xff, 0xff, 0xff, 0xff, 0x20, 0x08, 0x00, 0x18, 0x24, 0x51,
    0xc9, 0xfa, 0xc9, 0xfa, 0xc9, 0xfa, 0xc9, 0xfa, 0xc9, 0xfa, 0xc9, 0xfa,
    0xc9, 0xfa, 0xc9, 0xfa, 0xc9, 0xfa, 0xc9, 0xfa, 0xc9, 0xfa, 0xc9, 0xfa,
    0xc9, 0xfa, 0xc8, 0xfa, 0xc9, 0xfa, 0xc9, 0xfa, 0xc9, 0xfa, 0xc9, 0xfa,
    0xc9, 0xfa, 0xc8, 0xfa, 0xc9, 0xfa, 0xc9, 0xfa, 0xc9, 0xfa, 0xc9, 0xfa,
    0xc9, 0xfa, 0xc9, 0xfa, 0xc9, 0xfa, 0xc9, 0xfa, 0xc9, 0xfa, 0xc9, 0xfa,
    0xc9, 0xfa, 0xc9, 0xfa, 0xc9, 0xfa, 0xc9, 0xfa, 0xc9, 0xfa, 0xc8, 0xfa,
    0xc9, 0xfa, 0xc9, 0xfa, 0xa2, 0x28, 0x00, 0x10, 0x00, 0x00, 0x00, 0x08,
    0x00, 0x08, 0x00, 0x00, 0xff, 0xff, 0xff, 0xff, 0xff, 0xff, 0xff, 0xff,
    0xff, 0xff, 0x20, 0x00, 0x00, 0x48, 0x8d, 0xc3, 0xc9, 0xfa, 0xc9, 0xfa,
    0xc9, 0xfa, 0xc9, 0xfa, 0xc9, 0xfa, 0xc8, 0xfa, 0xc9, 0xfa, 0xc9, 0xfa,
    0xc9, 0xfa, 0xc9, 0xfa, 0xc9, 0xfa, 0xc9, 0xfa, 0xc9, 0xfa, 0xc9, 0xfa,
    0xc9, 0xfa, 0xc9, 0xfa, 0xc8, 0xfa, 0xc9, 0xfa, 0xc9, 0xfa, 0xc8, 0xfa,
    0xc9, 0xfa, 0xc9, 0xfa, 0xc8, 0xfa, 0xc9, 0xfa, 0x07, 0x7a, 0x00, 0x28,
    0x20, 0x08, 0x00, 0x08, 0x00, 0x08, 0x00, 0x08, 0x20, 0x00, 0xff, 0xff,
    0xff, 0xff, 0xff, 0xff, 0xff, 0xff, 0xff, 0xff, 0xff, 0xff, 0xff, 0xff,
    0xff, 0xff, 0xff, 0xff, 0xff, 0xff, 0xff, 0xff, 0xff, 0xff, 0xff, 0xff,
    0xff, 0xff, 0xff, 0xff, 0xff, 0xff, 0xff, 0xff, 0xff, 0xff, 0xff, 0xff,
    0xff, 0xff, 0xff, 0xff, 0xff, 0xff, 0xff, 0xff, 0xff, 0xff, 0xff, 0xff,
    0xff, 0xff, 0xff, 0xff, 0xff, 0xff, 0xff, 0xff, 0xff, 0xff, 0xff, 0xff,
    0xff, 0xff, 0xff, 0xff, 0xff, 0xff, 0xff, 0xff, 0xff, 0xff, 0xff, 0xff,
    0xff, 0xff, 0xff, 0xff, 0xff, 0xff, 0xff, 0xff, 0xff, 0xff, 0xff, 0xff,
    0xff, 0xff, 0xff, 0xff, 0xff, 0xff, 0xff, 0xff, 0xff, 0xff, 0xff, 0xff,
    0xff, 0xff, 0xff, 0xff, 0xff, 0xff, 0xff, 0xff, 0xff, 0xff, 0xff, 0xff,
    0xff, 0xff, 0xff, 0xff, 0xff, 0xff, 0xff, 0xff, 0xff, 0xff, 0xff, 0xff,
    0xff, 0xff, 0xff, 0xff, 0xff, 0xff, 0x00, 0x08, 0x00, 0x00, 0x47, 0xda,
    0xc9, 0xfa, 0xc9, 0xfa, 0xc9, 0xfa, 0xc9, 0xfa, 0xc9, 0xfa, 0xc9, 0xfa,
    0xc9, 0xfa, 0xc9, 0xfa, 0xc8, 0xfa, 0xc9, 0xfa, 0xc9, 0xfa, 0xc9, 0xfa,
    0xc9, 0xfa, 0xc9, 0xfa, 0xc9, 0xfa, 0xc9, 0xfa, 0xc9, 0xfa, 0xc8, 0xfa,
    0xc9, 0xfa, 0xc9, 0xfa, 0xc9, 0xfa, 0xc9, 0xfa, 0xc9, 0xfa, 0xe9, 0xf2,
    0x47, 0xda, 0x00, 0x08, 0x00, 0x08, 0x00, 0x08, 0x00, 0x00, 0x20, 0x08,
    0x00, 0x08, 0xff, 0xff, 0xff, 0xff, 0xff, 0xff, 0xff, 0xff, 0xff, 0xff,
    0xff, 0xff, 0xff, 0xff, 0xff, 0xff, 0xff, 0xff, 0xff, 0xff, 0xff, 0xff,
    0xff, 0xff, 0xff, 0xff, 0xff, 0xff, 0xff, 0xff, 0xff, 0xff, 0xff, 0xff,
    0x20, 0x00, 0x00, 0x30, 0x07, 0x7a, 0xc9, 0xfa, 0xc9, 0xfa, 0xc9, 0xfa,
    0xc8, 0xfa, 0xc9, 0xfa, 0xc9, 0xfa, 0xc8, 0xfa, 0xc9, 0xfa, 0xc9, 0xfa,
    0xc9, 0xfa, 0xc9, 0xfa, 0xc9, 0xfa, 0xc9, 0xfa, 0xc9, 0xfa, 0xc8, 0xfa,
    0xc9, 0xfa, 0xc9, 0xfa, 0xc9, 0xfa, 0xc9, 0xfa, 0xc9, 0xfa, 0xc9, 0xfa,
    0xc9, 0xfa, 0xc9, 0xfa, 0xc9, 0xfa, 0x6c, 0xc3, 0x00, 0x48, 0x00, 0x08,
    0x20, 0x00, 0x00, 0x08, 0x00, 0x08, 0x20, 0x00, 0xff, 0xff, 0xff, 0xff,
    0xff, 0xff, 0xff, 0xff, 0xff, 0xff, 0x00, 0x10, 0xa2, 0x28, 0xc9, 0xfa,
    0xc9, 0xfa, 0xc9, 0xfa, 0xc9, 0xfa, 0xc9, 0xfa, 0xc9, 0xfa, 0xc8, 0xfa,
    0xc9, 0xfa, 0xc9, 0xfa, 0xc9, 0xfa, 0xc9, 0xfa, 0xc9, 0xfa, 0xc9, 0xfa,
    0xc9, 0xfa, 0xc9, 0xfa, 0xc9, 0xfa, 0xc9, 0xfa, 0xc8, 0xfa, 0xc9, 0xfa,
    0xc9, 0xfa, 0xc8, 0xfa, 0xc9, 0xfa, 0xc9, 0xfa, 0xc9, 0xfa, 0x2a, 0xe3,
    0x43, 0x99, 0x00, 0x08, 0x00, 0x08, 0x00, 0x08, 0x20, 0x08, 0x00, 0x08,
    0x00, 0x08, 0xff, 0xff, 0xff, 0xff, 0xff, 0xff, 0xff, 0xff, 0xff, 0xff,
    0xff, 0xff, 0xff, 0xff, 0xff, 0xff, 0xff, 0xff, 0xff, 0xff, 0xff, 0xff,
    0xff, 0xff, 0xff, 0xff, 0xff, 0xff, 0xff, 0xff, 0xff, 0xff, 0xff, 0xff,
    0x20, 0x00, 0x00, 0x38, 0x0b, 0xab, 0xc9, 0xfa, 0xc9, 0xfa, 0xc9, 0xfa,
    0xc9, 0xfa, 0xc9, 0xfa, 0xc9, 0xfa, 0xc9, 0xfa, 0xc9, 0xfa, 0xc9, 0xfa,
    0xc9, 0xfa, 0xc9, 0xfa, 0xc8, 0xfa, 0xc9, 0xfa, 0xc9, 0xfa, 0xc9, 0xfa,
    0xc9, 0xfa, 0xc9, 0xfa, 0xc9, 0xfa, 0xc8, 0xfa, 0xc9, 0xfa, 0xc9, 0xfa,
    0xc9, 0xfa, 0xc9, 0xfa, 0xc9, 0xfa, 0xca, 0xa2, 0x00, 0x38, 0x20, 0x08,
    0x00, 0x08, 0x00, 0x00, 0x00, 0x08, 0x20, 0x00, 0xff, 0xff, 0xff, 0xff,
    0xff, 0xff, 0xff, 0xff, 0x21, 0x00, 0x00, 0x20, 0xc6, 0x59, 0xc9, 0xfa,
    0xc9, 0xfa, 0xc9, 0xfa, 0xc8, 0xfa, 0xc9, 0xfa, 0xc9, 0xfa, 0xc8, 0xfa,
    0xc9, 0xfa, 0xc9, 0xfa, 0xc9, 0xfa, 0xc9, 0xfa, 0xc9, 0xfa, 0xc8, 0xfa,
    0xc9, 0xfa, 0xc9, 0xfa, 0xc9, 0xfa, 0xc9, 0xfa, 0xc9, 0xfa, 0xc9, 0xfa,
    0xc9, 0xfa, 0xc9, 0xfa, 0xc9, 0xfa, 0xc9, 0xfa, 0xc8, 0xfa, 0xc9, 0xfa,
    0xc9, 0xfa, 0xc9, 0xfa, 0xc9, 0xfa, 0xc9, 0xfa, 0xc9, 0xfa, 0xc9, 0xfa,
    0xc9, 0xfa, 0xc8, 0xfa, 0xc9, 0xfa, 0xc9, 0xfa, 0xc9, 0xfa, 0xc9, 0xfa,
    0xc9, 0xfa, 0x20, 0x08, 0x00, 0x08, 0x00, 0x08, 0x00, 0x08, 0x00, 0x08,
    0x20, 0x08, 0xff, 0xff, 0xff, 0xff, 0xff, 0xff, 0xff, 0xff, 0xff, 0xff,
    0xff, 0xff, 0xff, 0xff, 0xff, 0xff, 0xff, 0xff, 0xff, 0xff, 0xff, 0xff,
    0xff, 0xff, 0xff, 0xff, 0xff, 0xff, 0xff, 0xff, 0xff, 0xff, 0xff, 0xff,
    0x20, 0x08, 0x00, 0x18, 0x24, 0x51, 0xc9, 0xfa, 0xc9, 0xfa, 0xc9, 0xfa,
    0xc9, 0xfa, 0xc8, 0xfa, 0xc9, 0xfa, 0xc9, 0xfa, 0xc9, 0xfa, 0xc9, 0xfa,
    0xc9, 0xfa, 0xc9, 0xfa, 0xc9, 0xfa, 0xc9, 0xfa, 0xc9, 0xfa, 0xc9, 0xfa,
    0xc9, 0xfa, 0xc8, 0xfa, 0xc9, 0xfa, 0xc9, 0xfa, 0xc9, 0xfa, 0xc9, 0xfa,
    0xc9, 0xfa, 0xc8, 0xfa, 0xc9, 0xfa, 0xc9, 0xfa, 0xc9, 0xfa, 0xc8, 0xfa,
    0xc9, 0xfa, 0xc9, 0xfa, 0xc8, 0xfa, 0xc9, 0xfa, 0xc9, 0xfa, 0xc8, 0xfa,
    0xc9, 0xfa, 0xc9, 0xfa, 0xc9, 0xfa, 0xc9, 0xfa, 0xc9, 0xfa, 0xa2, 0x20,
    0x00, 0x10, 0x00, 0x08, 0x00, 0x08, 0x00, 0x08, 0x20, 0x08, 0xff, 0xff,
    0xff, 0xff, 0xff, 0xff, 0xff, 0xff, 0xff, 0xff, 0x20, 0x00, 0x00, 0x48,
    0x8c, 0xc3, 0xc9, 0xfa, 0xc9, 0xfa, 0xc9, 0xfa, 0xc9, 0xfa, 0xc9, 0xfa,
    0xc9, 0xfa, 0xc9, 0xfa, 0xc9, 0xfa, 0xc9, 0xfa, 0xc9, 0xfa, 0xc9, 0xfa,
    0xc9, 0xfa, 0xc9, 0xfa, 0xc8, 0xfa, 0xc9, 0xfa, 0xc9, 0xfa, 0xc9, 0xfa,
    0xc9, 0xfa, 0xc9, 0xfa, 0xc9, 0xfa, 0xc9, 0xfa, 0xc9, 0xfa, 0xc9, 0xfa,
    0xc9, 0xfa, 0x07, 0x7a, 0x00, 0x28, 0x00, 0x08, 0x20, 0x08, 0x00, 0x08,
    0x20, 0x08, 0x20, 0x00, 0xff, 0xff, 0xff, 0xff, 0xff, 0xff, 0xff, 0xff,
    0xff, 0xff, 0xff, 0xff, 0xff, 0xff, 0xff, 0xff, 0xff, 0xff, 0xff, 0xff,
    0xff, 0xff, 0xff, 0xff, 0xff, 0xff, 0xff, 0xff, 0xff, 0xff, 0xff, 0xff,
    0xff, 0xff, 0xff, 0xff, 0xff, 0xff, 0xff, 0xff, 0xff, 0xff, 0xff, 0xff,
    0xff, 0xff, 0xff, 0xff, 0xff, 0xff, 0xff, 0xff, 0xff, 0xff, 0xff, 0xff,
    0xff, 0xff, 0xff, 0xff, 0xff, 0xff, 0xff, 0xff, 0xff, 0xff, 0xff, 0xff,
    0xff, 0xff, 0xff, 0xff, 0xff, 0xff, 0xff, 0xff, 0xff, 0xff, 0xff, 0xff,
    0xff, 0xff, 0xff, 0xff, 0xff, 0xff, 0xff, 0xff, 0xff, 0xff, 0xff, 0xff,
    0xff, 0xff, 0xff, 0xff, 0xff, 0xff, 0xff, 0xff, 0xff, 0xff, 0xff, 0xff,
    0xff, 0xff, 0xff, 0xff, 0xff, 0xff, 0xff, 0xff, 0xff, 0xff, 0xff, 0xff,
    0xff, 0xff, 0xff, 0xff, 0xff, 0xff, 0xff, 0xff, 0xff, 0xff, 0xff, 0xff,
    0x00, 0x08, 0x00, 0x08, 0x47, 0xda, 0xe9, 0xfa, 0xc9, 0xfa, 0xc9, 0xfa,
    0xc8, 0xfa, 0xc9, 0xfa, 0xc9, 0xfa, 0xc9, 0xfa, 0xc9, 0xfa, 0xc9, 0xfa,
    0xc9, 0xfa, 0xc9, 0xfa, 0xc8, 0xfa, 0xc9, 0xfa, 0xc9, 0xfa, 0xc8, 0xfa,
    0xc9, 0xfa, 0xc9, 0xfa, 0xc9, 0xfa, 0xc9, 0xfa, 0xc9, 0xfa, 0xc9, 0xfa,
    0xc9, 0xfa, 0xc9, 0xfa, 0xe9, 0xf2, 0x47, 0xda, 0x00, 0x08, 0x00, 0x08,
    0x00, 0x08, 0x00, 0x08, 0x20, 0x08, 0x00, 0x00, 0xff, 0xff, 0xff, 0xff,
    0xff, 0xff, 0xff, 0xff, 0xff, 0xff, 0xff, 0xff, 0xff, 0xff, 0xff, 0xff,
    0xff, 0xff, 0xff, 0xff, 0xff, 0xff, 0xff, 0xff, 0xff, 0xff, 0xff, 0xff,
    0xff, 0xff, 0xff, 0xff, 0xff, 0xff, 0x21, 0x00, 0x00, 0x30, 0x07, 0x7a,
    0xc9, 0xfa, 0xc9, 0xfa, 0xc9, 0xfa, 0xc9, 0xfa, 0xc9, 0xfa, 0xc9, 0xfa,
    0xc9, 0xfa, 0xc9, 0xfa, 0xc9, 0xfa, 0xc8, 0xfa, 0xc9, 0xfa, 0xc9, 0xfa,
    0xc9, 0xfa, 0xc9, 0xfa, 0xc9, 0xfa, 0xc9, 0xfa, 0xc9, 0xfa, 0xc8, 0xfa,
    0xc9, 0xfa, 0xc9, 0xfa, 0xc8, 0xfa, 0xc9, 0xfa, 0xc9, 0xfa, 0xc9, 0xfa,
    0x8c, 0xc3, 0x00, 0x40, 0x00, 0x08, 0x00, 0x08, 0x20, 0x08, 0x00, 0x08,
    0x21, 0x00, 0xff, 0xff, 0xff, 0xff, 0xff, 0xff, 0xff, 0xff, 0xff, 0xff,
    0x00, 0x10, 0xa2, 0x28, 0xc9, 0xfa, 0xc9, 0xfa, 0xc9, 0xfa, 0xc9, 0xfa,
    0xc9, 0xfa, 0xc9, 0xfa, 0xc9, 0xfa, 0xc9, 0xfa, 0xc8, 0xfa, 0xc9, 0xfa,
    0xc9, 0xfa, 0xc8, 0xfa, 0xc9, 0xfa, 0xc9, 0xfa, 0xc8, 0xfa, 0xc9, 0xfa,
    0xc9, 0xfa, 0xc9, 0xfa, 0xc9, 0xfa, 0xc9, 0xfa, 0xc9, 0xfa, 0xc9, 0xfa,
    0xc9, 0xfa, 0xc9, 0xfa, 0x2a, 0xe3, 0x23, 0x99, 0x00, 0x08, 0x00, 0x08,
    0x00, 0x00, 0x00, 0x08, 0x20, 0x08, 0x00, 0x00, 0xff, 0xff, 0xff, 0xff,
    0xff, 0xff, 0xff, 0xff, 0xff, 0xff, 0xff, 0xff, 0xff, 0xff, 0xff, 0xff,
    0xff, 0xff, 0xff, 0xff, 0xff, 0xff, 0xff, 0xff, 0xff, 0xff, 0xff, 0xff,
    0xff, 0xff, 0xff, 0xff, 0xff, 0xff, 0x20, 0x08, 0x00, 0x38, 0x0b, 0xab,
    0xc9, 0xfa, 0xc9, 0xfa, 0xc8, 0xfa, 0xc9, 0xfa, 0xc9, 0xfa, 0xc8, 0xfa,
    0xc9, 0xfa, 0xc9, 0xfa, 0xc8, 0xfa, 0xc9, 0xfa, 0xc9, 0xfa, 0xc9, 0xfa,
    0xc9, 0xfa, 0xc9, 0xfa, 0xc9, 0xfa, 0xc9, 0xfa, 0xc9, 0xfa, 0xc9, 0xfa,
    0xc9, 0xfa, 0xc9, 0xfa, 0xc9, 0xfa, 0xc9, 0xfa, 0xc9, 0xfa, 0xc8, 0xfa,
    0xca, 0xa2, 0x00, 0x30, 0x00, 0x08, 0x20, 0x08, 0x00, 0x08, 0x00, 0x08,
    0x21, 0x00, 0xff, 0xff, 0xff, 0xff, 0xff, 0xff, 0xff, 0xff, 0x20, 0x00,
    0x00, 0x20, 0xc6, 0x59, 0xc9, 0xfa, 0xc9, 0xfa, 0xc9, 0xfa, 0xc9, 0xfa,
    0xc9, 0xfa, 0xc9, 0xfa, 0xc9, 0xfa, 0xc9, 0xfa, 0xc8, 0xfa, 0xc9, 0xfa,
    0xc9, 0xfa, 0xc9, 0xfa, 0xc9, 0xfa, 0xc9, 0xfa, 0xc8, 0xfa, 0xc9, 0xfa,
    0xc9, 0xfa, 0xc8, 0xfa, 0xc9, 0xfa, 0xc9, 0xfa, 0xc9, 0xfa, 0xc9, 0xfa,
    0xc9, 0xfa, 0xc9, 0xfa, 0xc9, 0xfa, 0xc8, 0xfa, 0xc9, 0xfa, 0xc9, 0xfa,
    0xc9, 0xfa, 0xc9, 0xfa, 0xc9, 0xfa, 0xc9, 0xfa, 0xc9, 0xfa, 0xc9, 0xfa,
    0xc9, 0xfa, 0xc9, 0xfa, 0xc9, 0xfa, 0xc9, 0xfa, 0x20, 0x08, 0x00, 0x08,
    0x00, 0x08, 0x00, 0x08, 0x00, 0x00, 0x00, 0x08, 0x20, 0x00, 0x20, 0x00,
    0x21, 0x00, 0x20, 0x00, 0x20, 0x00, 0x20, 0x00, 0x20, 0x00, 0x20, 0x00,
    0x20, 0x00, 0x20, 0x00, 0x20, 0x00, 0x20, 0x00, 0x20, 0x00, 0x20, 0x00,
    0x20, 0x00, 0x20, 0x00, 0x20, 0x08, 0x20, 0x00, 0x00, 0x18, 0x24, 0x51,
    0xc9, 0xfa, 0xc8, 0xfa, 0xc9, 0xfa, 0xc9, 0xfa, 0xc9, 0xfa, 0xc9, 0xfa,
    0xc9, 0xfa, 0xc8, 0xfa, 0xc9, 0xfa, 0xc9, 0xfa, 0xc8, 0xfa, 0xc9, 0xfa,
    0xc9, 0xfa, 0xc9, 0xfa, 0xc9, 0xfa, 0xc9, 0xfa, 0xc9, 0xfa, 0xc9, 0xfa,
    0xc9, 0xfa, 0xc9, 0xfa, 0xc9, 0xfa, 0xc9, 0xfa, 0xc9, 0xfa, 0xc9, 0xfa,
    0xc9, 0xfa, 0xc9, 0xfa, 0xc9, 0xfa, 0xc9, 0xfa, 0xc9, 0xfa, 0xc9, 0xfa,
    0xc9, 0xfa, 0xc9, 0xfa, 0xc9, 0xfa, 0xc9, 0xfa, 0xc9, 0xfa, 0xc9, 0xfa,
    0xc9, 0xfa, 0xc9, 0xfa, 0xa2, 0x28, 0x00, 0x10, 0x00, 0x08, 0x20, 0x00,
    0x00, 0x08, 0x00, 0x08, 0xff, 0xff, 0xff, 0xff, 0xff, 0xff, 0xff, 0xff,
    0xff, 0xff, 0x21, 0x00, 0x00, 0x48, 0x6c, 0xc3, 0xc9, 0xfa, 0xc9, 0xfa,
    0xc9, 0xfa, 0xc8, 0xfa, 0xc9, 0xfa, 0xc9, 0xfa, 0xc9, 0xfa, 0xc8, 0xfa,
    0xc9, 0xfa, 0xc9, 0xfa, 0xc8, 0xfa, 0xc9, 0xfa, 0xc9, 0xfa, 0xc9, 0xfa,
    0xc9, 0xfa, 0xc9, 0xfa, 0xc9, 0xfa, 0xc9, 0xfa, 0xc9, 0xfa, 0xc9, 0xfa,
    0xc9, 0xfa, 0xc9, 0xfa, 0xc9, 0xfa, 0xc9, 0xfa, 0x07, 0x7a, 0x00, 0x28,
    0x00, 0x08, 0x00, 0x08, 0x00, 0x00, 0x00, 0x08, 0x20, 0x08, 0x20, 0x08,
    0x21, 0x00, 0x20, 0x00, 0x21, 0x00, 0x20, 0x00, 0x20, 0x08, 0x21, 0x00,
    0x20, 0x00, 0x20, 0x08, 0x21, 0x00, 0x20, 0x00, 0x20, 0x08, 0x21, 0x00,
    0x20, 0x00, 0x20, 0x08, 0x21, 0x00, 0x20, 0x00, 0x20, 0x08, 0x21, 0x00,
    0x20, 0x00, 0xff, 0xff, 0xff, 0xff, 0xff, 0xff, 0xff, 0xff, 0xff, 0xff,
    0xff, 0xff, 0xff, 0xff, 0xff, 0xff, 0xff, 0xff, 0xff, 0xff, 0xff, 0xff,
    0xff, 0xff, 0xff, 0xff, 0xff, 0xff, 0xff, 0xff, 0xff, 0xff, 0xff, 0xff,
    0xff, 0xff, 0xff, 0xff, 0xff, 0xff, 0xff, 0xff, 0xff, 0xff, 0xff, 0xff,
    0xff, 0xff, 0xff, 0xff, 0xff, 0xff, 0xff, 0xff, 0xff, 0xff, 0xff, 0xff,
    0xff, 0xff, 0xff, 0xff, 0xff, 0xff, 0xff, 0xff, 0xff, 0xff, 0xff, 0xff,
    0xff, 0xff, 0xff, 0xff, 0xff, 0xff, 0xff, 0xff, 0xff, 0xff, 0xff, 0xff,
    0xff, 0xff, 0xff, 0xff, 0xff, 0xff, 0x00, 0x08, 0x00, 0x08, 0x47, 0xda,
    0xe9, 0xfa, 0xc9, 0xfa, 0xc9, 0xfa, 0xc9, 0xfa, 0xc9, 0xfa, 0xc9, 0xfa,
    0xc8, 0xfa, 0xc9, 0xfa, 0xc9, 0xfa, 0xc9, 0xfa, 0xc9, 0xfa, 0xc9, 0xfa,
    0xc9, 0xfa, 0xc9, 0xfa, 0xc9, 0xfa, 0xc9, 0xfa, 0xc9, 0xfa, 0xc9, 0xfa,
    0xc9, 0xfa, 0xc8, 0xfa, 0xc9, 0xfa, 0xc9, 0xfa, 0xc9, 0xfa, 0xe9, 0xf2,
    0x47, 0xda, 0x00, 0x08, 0x00, 0x00, 0x20, 0x08, 0x00, 0x08, 0x00, 0x00,
    0x00, 0x08, 0xff, 0xff, 0xff, 0xff, 0xff, 0xff, 0xff, 0xff, 0xff, 0xff,
    0xff, 0xff, 0xff, 0xff, 0xff, 0xff, 0xff, 0xff, 0xff, 0xff, 0xff, 0xff,
    0xff, 0xff, 0xff, 0xff, 0xff, 0xff, 0xff, 0xff, 0xff, 0xff, 0xff, 0xff,
    0x20, 0x00, 0x00, 0x18, 0x48, 0x6a, 0x6c, 0xcb, 0x6c, 0xd3, 0x4c, 0xd3,
    0x6c, 0xcb, 0x6c, 0xd3, 0x4c, 0xd3, 0x6c, 0xcb, 0x6c, 0xd3, 0x4c, 0xcb,
    0x6c, 0xd3, 0x6c, 0xcb, 0x4c, 0xcb, 0x6b, 0xd3, 0x6c, 0xcb, 0x4c, 0xcb,
    0x6c, 0xd3, 0x6c, 0xcb, 0x4c, 0xcb, 0x6c, 0xd3, 0x6c, 0xcb, 0x4c, 0xd3,
    0x6c, 0xcb, 0x4c, 0xd3, 0x6c, 0xd3, 0xce, 0xab, 0x00, 0x30, 0x00, 0x08,
    0x00, 0x08, 0x00, 0x00, 0x20, 0x08, 0x20, 0x00, 0xff, 0xff, 0xff, 0xff,
    0xff, 0xff, 0xff, 0xff, 0xff, 0xff, 0x00, 0x10, 0xa2, 0x20, 0xc9, 0xfa,
    0xc9, 0xfa, 0xc9, 0xfa, 0xc8, 0xfa, 0xc9, 0xfa, 0xc9, 0xfa, 0xc9, 0xfa,
    0xc9, 0xfa, 0xc9, 0xfa, 0xc9, 0xfa, 0xc9, 0xfa, 0xc9, 0xfa, 0xc9, 0xfa,
    0xc9, 0xfa, 0xc9, 0xfa, 0xc9, 0xfa, 0xc9, 0xfa, 0xc9, 0xfa, 0xc9, 0xfa,
    0xc9, 0xfa, 0xc9, 0xfa, 0xc9, 0xfa, 0xc9, 0xfa, 0xc9, 0xfa, 0x2a, 0xe3,
    0x23, 0x99, 0x00, 0x08, 0x20, 0x08, 0x00, 0x00, 0x00, 0x08, 0x00, 0x08,
    0x20, 0x08, 0xff, 0xff, 0xff, 0xff, 0xff, 0xff, 0xff, 0xff, 0xff, 0xff,
    0xff, 0xff, 0xff, 0xff, 0xff, 0xff, 0xff, 0xff, 0xff, 0xff, 0xff, 0xff,
    0xff, 0xff, 0xff, 0xff, 0xff, 0xff, 0xff, 0xff, 0xff, 0xff, 0xff, 0xff,
    0x21, 0x00, 0x00, 0x38, 0x0b, 0xab, 0xc9, 0xfa, 0xc9, 0xfa, 0xc9, 0xfa,
    0xc9, 0xfa, 0xc9, 0xfa, 0xc9, 0xfa, 0xc9, 0xfa, 0xc9, 0xfa, 0xc9, 0xfa,
    0xc9, 0xfa, 0xc9, 0xfa, 0xc9, 0xfa, 0xc9, 0xfa, 0xc8, 0xfa, 0xc9, 0xfa,
    0xc9, 0xfa, 0xc8, 0xfa, 0xc9, 0xfa, 0xc9, 0xfa, 0xc9, 0xfa, 0xc8, 0xfa,
    0xc9, 0xfa, 0xc9, 0xfa, 0xc9, 0xfa, 0xca, 0xa2, 0x00, 0x38, 0x00, 0x00,
    0x00, 0x08, 0x20, 0x08, 0x00, 0x08, 0x20, 0x00, 0xff, 0xff, 0xff, 0xff,
    0xff, 0xff, 0xff, 0xff, 0x20, 0x00, 0x00, 0x20, 0xc6, 0x59, 0xc9, 0xfa,
    0xc9, 0xfa, 0xc9, 0xfa, 0xc9, 0xfa, 0xc9, 0xfa, 0xc9, 0xfa, 0xc9, 0xfa,
    0xc9, 0xfa, 0xc9, 0xfa, 0xc9, 0xfa, 0xc9, 0xfa, 0xc8, 0xfa, 0xc9, 0xfa,
    0xc9, 0xfa, 0xc9, 0xfa, 0xc9, 0xfa, 0xc9, 0xfa, 0xc9, 0xfa, 0xc9, 0xfa,
    0xc9, 0xfa, 0xc8, 0xfa, 0xc9, 0xfa, 0xc9, 0xfa, 0xc9, 0xfa, 0xc9, 0xfa,
    0xc9, 0xfa, 0xc9, 0xfa, 0xc9, 0xfa, 0xc8, 0xfa, 0xc9, 0xfa, 0xc9, 0xfa,
    0xc9, 0xfa, 0xc9, 0xfa, 0xc9, 0xfa, 0xc8, 0xfa, 0xc9, 0xfa, 0xc9, 0xfa,
    0xc9, 0xfa, 0x00, 0x28, 0x00, 0x20, 0x00, 0x20, 0x00, 0x20, 0x00, 0x20,
    0x00, 0x20, 0x00, 0x20, 0x00, 0x20, 0x00, 0x20, 0x00, 0x20, 0x00, 0x20,
    0x00, 0x20, 0x00, 0x20, 0x00, 0x20, 0x00, 0x20, 0x00, 0x20, 0x00, 0x20,
    0x00, 0x20, 0x00, 0x20, 0x00, 0x20, 0x00, 0x20, 0x00, 0x20, 0x00, 0x20,
    0x00, 0x20, 0x00, 0x28, 0x64, 0x61, 0xc9, 0xfa, 0xc9, 0xfa, 0xc9, 0xfa,
    0xc9, 0xfa, 0xc9, 0xfa, 0xc9, 0xfa, 0xc9, 0xfa, 0xc9, 0xfa, 0xc9, 0xfa,
    0xc9, 0xfa, 0xc9, 0xfa, 0xc9, 0xfa, 0xc8, 0xfa, 0xc9, 0xfa, 0xc9, 0xfa,
    0xc8, 0xfa, 0xc9, 0xfa, 0xc9, 0xfa, 0xc8, 0xfa, 0xc9, 0xfa, 0xc9, 0xfa,
    0xc9, 0xfa, 0xc9, 0xfa, 0xc9, 0xfa, 0xc8, 0xfa, 0xc9, 0xfa, 0xc9, 0xfa,
    0xc9, 0xfa, 0xc9, 0xfa, 0xc9, 0xfa, 0xc9, 0xfa, 0xc9, 0xfa, 0xc9, 0xfa,
    0xc9, 0xfa, 0xc8, 0xfa, 0xc9, 0xfa, 0xc9, 0xfa, 0xc9, 0xfa, 0xa2, 0x28,
    0x00, 0x10, 0x00, 0x00, 0x00, 0x08, 0x20, 0x00, 0x00, 0x08, 0xff, 0xff,
    0xff, 0xff, 0xff, 0xff, 0xff, 0xff, 0xff, 0xff, 0x20, 0x00, 0x00, 0x48,
    0x8d, 0xc3, 0xc9, 0xfa, 0xc9, 0xfa, 0xc9, 0xfa, 0xc9, 0xfa, 0xc9, 0xfa,
    0xc9, 0xfa, 0xc9, 0xfa, 0xc9, 0xfa, 0xc9, 0xfa, 0xc9, 0xfa, 0xc9, 0xfa,
    0xc9, 0xfa, 0xc9, 0xfa, 0xc9, 0xfa, 0xc9, 0xfa, 0xc8, 0xfa, 0xc9, 0xfa,
    0xc9, 0xfa, 0xc8, 0xfa, 0xc9, 0xfa, 0xc9, 0xfa, 0xc8, 0xfa, 0xc9, 0xfa,
    0xc9, 0xfa, 0xe5, 0xa1, 0x00, 0x50, 0x00, 0x38, 0x00, 0x38, 0x00, 0x38,
    0x00, 0x38, 0x00, 0x38, 0x00, 0x38, 0x00, 0x38, 0x00, 0x38, 0x00, 0x38,
    0x00, 0x38, 0x00, 0x38, 0x00, 0x38, 0x00, 0x38, 0x00, 0x38, 0x00, 0x38,
    0x00, 0x38, 0x00, 0x38, 0x00, 0x38, 0x00, 0x38, 0x00, 0x38, 0x00, 0x38,
    0x00, 0x38, 0x00, 0x38, 0x00, 0x38, 0x00, 0x08, 0x00, 0x08, 0xff, 0xff,
    0xff, 0xff, 0xff, 0xff, 0xff, 0xff, 0xff, 0xff, 0xff, 0xff, 0xff, 0xff,
    0xff, 0xff, 0xff, 0xff, 0xff, 0xff, 0xff, 0xff, 0xff, 0xff, 0xff, 0xff,
    0xff, 0xff, 0xff, 0xff, 0xff, 0xff, 0xff, 0xff, 0xff, 0xff, 0xff, 0xff,
    0xff, 0xff, 0xff, 0xff, 0xff, 0xff, 0xff, 0xff, 0xff, 0xff, 0xff, 0xff,
    0xff, 0xff, 0xff, 0xff, 0xff, 0xff, 0xff, 0xff, 0xff, 0xff, 0xff, 0xff,
    0xff, 0xff, 0xff, 0xff, 0xff, 0xff, 0xff, 0xff, 0xff, 0xff, 0xff, 0xff,
    0xff, 0xff, 0xff, 0xff, 0xff, 0xff, 0xff, 0xff, 0xff, 0xff, 0xff, 0xff,
    0x00, 0x08, 0x00, 0x00, 0x47, 0xda, 0xc9, 0xfa, 0xc9, 0xfa, 0xc9, 0xfa,
    0xc9, 0xfa, 0xc9, 0xfa, 0xc9, 0xfa, 0xc9, 0xfa, 0xc9, 0xfa, 0xc9, 0xfa,
    0xc8, 0xfa, 0xc9, 0xfa, 0xc9, 0xfa, 0xc9, 0xfa, 0xc9, 0xfa, 0xc9, 0xfa,
    0xc8, 0xfa, 0xc9, 0xfa, 0xc9, 0xfa, 0xc9, 0xfa, 0xc9, 0xfa, 0xc9, 0xfa,
    0xc9, 0xfa, 0xc9, 0xfa, 0xe9, 0xf2, 0x47, 0xda, 0x00, 0x08, 0x00, 0x08,
    0x00, 0x00, 0x20, 0x08, 0x00, 0x08, 0x00, 0x08, 0xff, 0xff, 0xff, 0xff,
    0xff, 0xff, 0xff, 0xff, 0xff, 0xff, 0xff, 0xff, 0xff, 0xff, 0xff, 0xff,
    0xff, 0xff, 0xff, 0xff, 0xff, 0xff, 0xff, 0xff, 0xff, 0xff, 0xff, 0xff,
    0xff, 0xff, 0xff, 0xff, 0xff, 0xff, 0x20, 0x08, 0x00, 0x18, 0x61, 0x28,
    0x40, 0x60, 0x40, 0x60, 0x40, 0x60, 0x40, 0x60, 0x40, 0x60, 0x40, 0x60,
    0x40, 0x60, 0x40, 0x60, 0x40, 0x60, 0x40, 0x60, 0x40, 0x68, 0x40, 0x60,
    0x40, 0x60, 0x40, 0x60, 0x40, 0x68, 0x40, 0x60, 0x40, 0x60, 0x40, 0x60,
    0x40, 0x60, 0x40, 0x60, 0x40, 0x60, 0x40, 0x60, 0x40, 0x60, 0x40, 0x60,
    0xa1, 0x40, 0x00, 0x28, 0x00, 0x08, 0x00, 0x00, 0x00, 0x08, 0x00, 0x08,
    0x20, 0x00, 0xff, 0xff, 0xff, 0xff, 0xff, 0xff, 0xff, 0xff, 0xff, 0xff,
    0x00, 0x10, 0xa2, 0x28, 0xc9, 0xfa, 0xc9, 0xfa, 0xc9, 0xfa, 0xc9, 0xfa,
    0xc9, 0xfa, 0xc9, 0xfa, 0xc8, 0xfa, 0xc9, 0xfa, 0xc9, 0xfa, 0xc9, 0xfa,
    0xc9, 0xfa, 0xc9, 0xfa, 0xc8, 0xfa, 0xc9, 0xfa, 0xc9, 0xfa, 0xc9, 0xfa,
    0xc9, 0xfa, 0xc8, 0xfa, 0xc9, 0xfa, 0xc9, 0xfa, 0xc8, 0xfa, 0xc9, 0xfa,
    0xc9, 0xfa, 0xc9, 0xfa, 0x2a, 0xe3, 0x23, 0xa1, 0x00, 0x08, 0x20, 0x08,
    0x00, 0x08, 0x00, 0x00, 0x00, 0x08, 0x00, 0x08, 0xff, 0xff, 0xff, 0xff,
    0xff, 0xff, 0xff, 0xff, 0xff, 0xff, 0xff, 0xff, 0xff, 0xff, 0xff, 0xff,
    0xff, 0xff, 0xff, 0xff, 0xff, 0xff, 0xff, 0xff, 0xff, 0xff, 0xff, 0xff,
    0xff, 0xff, 0xff, 0xff, 0xff, 0xff, 0x20, 0x00, 0x00, 0x38, 0x0b, 0xab,
    0xc9, 0xfa, 0xc9, 0xfa, 0xc9, 0xfa, 0xc9, 0xfa, 0xc9, 0xfa, 0xc9, 0xfa,
    0xc9, 0xfa, 0xc9, 0xfa, 0xc9, 0xfa, 0xc9, 0xfa, 0xc8, 0xfa, 0xc9, 0xfa,
    0xc9, 0xfa, 0xc9, 0xfa, 0xc9, 0xfa, 0xc9, 0xfa, 0xc9, 0xfa, 0xc9, 0xfa,
    0xc9, 0xfa, 0xc9, 0xfa, 0xc9, 0xfa, 0xc9, 0xfa, 0xc9, 0xfa, 0xc9, 0xfa,
    0xca, 0xa2, 0x00, 0x38, 0x00, 0x08, 0x00, 0x00, 0x00, 0x08, 0x00, 0x08,
    0x20, 0x00, 0xff, 0xff, 0xff, 0xff, 0xff, 0xff, 0xff, 0xff, 0x21, 0x08,
    0x00, 0x20, 0xe6, 0x59, 0xc9, 0xfa, 0xc9, 0xfa, 0xc9, 0xfa, 0xc9, 0xfa,
    0xc8, 0xfa, 0xc9, 0xfa, 0xc9, 0xfa, 0xc9, 0xfa, 0xc9, 0xfa, 0xc9, 0xfa,
    0xc9, 0xfa, 0xc9, 0xfa, 0xc9, 0xfa, 0xc9, 0xfa, 0xc9, 0xfa, 0xc9, 0xfa,
    0xc9, 0xfa, 0xc9, 0xfa, 0xc9, 0xfa, 0xc9, 0xfa, 0xc9, 0xfa, 0xc9, 0xfa,
    0xc9, 0xfa, 0xc8, 0xfa, 0xc9, 0xfa, 0xc9, 0xfa, 0xc9, 0xfa, 0xc9, 0xfa,
    0xc9, 0xfa, 0xc9, 0xfa, 0xc8, 0xfa, 0xc9, 0xfa, 0xc9, 0xfa, 0xc9, 0xfa,
    0xc9, 0xfa, 0xc9, 0xfa, 0xc9, 0xfa, 0xc8, 0xfa, 0x02, 0x49, 0xe3, 0x38,
    0xe3, 0x38, 0x02, 0x39, 0xe3, 0x38, 0xe3, 0x38, 0x03, 0x39, 0xe3, 0x38,
    0xe3, 0x38, 0xe3, 0x38, 0xe3, 0x38, 0xe3, 0x38, 0xe3, 0x38, 0xe3, 0x38,
    0xe3, 0x38, 0xe3, 0x38, 0xe3, 0x38, 0xe3, 0x38, 0xe3, 0x38, 0xe3, 0x38,
    0xe3, 0x38, 0xe3, 0x38, 0xe3, 0x38, 0xe3, 0x38, 0x60, 0x50, 0xc5, 0x71,
    0xc9, 0xfa, 0xc9, 0xfa, 0xc9, 0xfa, 0xc8, 0xfa, 0xc9, 0xfa, 0xc9, 0xfa,
    0xc8, 0xfa, 0xc9, 0xfa, 0xc9, 0xfa, 0xc9, 0xfa, 0xc9, 0xfa, 0xc9, 0xfa,
    0xc9, 0xfa, 0xc9, 0xfa, 0xc9, 0xfa, 0xc9, 0xfa, 0xc9, 0xfa, 0xc9, 0xfa,
    0xc9, 0xfa, 0xc9, 0xfa, 0xc8, 0xfa, 0xc9, 0xfa, 0xc9, 0xfa, 0xc9, 0xfa,
    0xc9, 0xfa, 0xc9, 0xfa, 0xc9, 0xfa, 0xc8, 0xfa, 0xc9, 0xfa, 0xc9, 0xfa,
    0xc8, 0xfa, 0xc9, 0xfa, 0xc9, 0xfa, 0xc9, 0xfa, 0xc9, 0xfa, 0xc9, 0xfa,
    0xc9, 0xfa, 0xc8, 0xfa, 0xa2, 0x28, 0x00, 0x10, 0x00, 0x08, 0x00, 0x08,
    0x00, 0x08, 0x00, 0x00, 0xff, 0xff, 0xff, 0xff, 0xff, 0xff, 0xff, 0xff,
    0xff, 0xff, 0x20, 0x00, 0x00, 0x48, 0x6d, 0xc3, 0xc9, 0xfa, 0xc9, 0xfa,
    0xc9, 0xfa, 0xc9, 0xfa, 0xc9, 0xfa, 0xc8, 0xfa, 0xc9, 0xfa, 0xc9, 0xfa,
    0xc9, 0xfa, 0xc9, 0xfa, 0xc9, 0xfa, 0xc8, 0xfa, 0xc9, 0xfa, 0xc9, 0xfa,
    0xc9, 0xfa, 0xc9, 0xfa, 0xc9, 0xfa, 0xc9, 0xfa, 0xc9, 0xfa, 0xc9, 0xfa,
    0xc9, 0xfa, 0xc9, 0xfa, 0xc9, 0xfa, 0xc9, 0xfa, 0x4b, 0xc3, 0xc8, 0xba,
    0xca, 0xa2, 0xca, 0xa2, 0xca, 0xa2, 0xca, 0xa2, 0xca, 0xa2, 0xca, 0xa2,
    0xca, 0xa2, 0xca, 0xa2, 0xca, 0xa2, 0xca, 0xa2, 0xca, 0xa2, 0xca, 0xa2,
    0xca, 0xa2, 0xca, 0xa2, 0xca, 0xa2, 0xca, 0xa2, 0xca, 0xa2, 0xca, 0xa2,
    0xca, 0xa2, 0xca, 0xa2, 0xca, 0xa2, 0xca, 0xa2, 0xca, 0xa2, 0xca, 0xa2,
    0xc2, 0x20, 0x00, 0x08, 0x21, 0x08, 0xff, 0xff, 0xff, 0xff, 0xff, 0xff,
    0xff, 0xff, 0xff, 0xff, 0xff, 0xff, 0xff, 0xff, 0xff, 0xff, 0xff, 0xff,
    0xff, 0xff, 0xff, 0xff, 0xff, 0xff, 0xff, 0xff, 0xff, 0xff, 0xff, 0xff,
    0xff, 0xff, 0xff, 0xff, 0xff, 0xff, 0xff, 0xff, 0xff, 0xff, 0xff, 0xff,
    0xff, 0xff, 0xff, 0xff, 0xff, 0xff, 0xff, 0xff, 0xff, 0xff, 0xff, 0xff,
    0xff, 0xff, 0xff, 0xff, 0xff, 0xff, 0xff, 0xff, 0xff, 0xff, 0xff, 0xff,
    0xff, 0xff, 0xff, 0xff, 0xff, 0xff, 0xff, 0xff, 0xff, 0xff, 0xff, 0xff,
    0xff, 0xff, 0xff, 0xff, 0xff, 0xff, 0x00, 0x08, 0x20, 0x08, 0x47, 0xda,
    0xc9, 0xfa, 0xc9, 0xfa, 0xc9, 0xfa, 0xc8, 0xfa, 0xc9, 0xfa, 0xc9, 0xfa,
    0xc9, 0xfa, 0xc9, 0xfa, 0xc9, 0xfa, 0xc9, 0xfa, 0xc9, 0xfa, 0xc9, 0xfa,
    0xc8, 0xfa, 0xc9, 0xfa, 0xc9, 0xfa, 0xc9, 0xfa, 0xc9, 0xfa, 0xc9, 0xfa,
    0xc8, 0xfa, 0xc9, 0xfa, 0xc9, 0xfa, 0xc9, 0xfa, 0xc9, 0xfa, 0xe9, 0xf2,
    0x47, 0xda, 0x00, 0x08, 0x00, 0x08, 0x00, 0x08, 0x00, 0x08, 0x20, 0x08,
    0x00, 0x00, 0xff, 0xff, 0xff, 0xff, 0xff, 0xff, 0xff, 0xff, 0xff, 0xff,
    0xff, 0xff, 0xff, 0xff, 0xff, 0xff, 0xff, 0xff, 0xff, 0xff, 0xff, 0xff,
    0xff, 0xff, 0xff, 0xff, 0xff, 0xff, 0xff, 0xff, 0xff, 0xff, 0xff, 0xff,
    0xff, 0xff, 0x20, 0x08, 0x20, 0x08, 0x00, 0x08, 0x00, 0x08, 0x00, 0x08,
    0x00, 0x08, 0x00, 0x08, 0x00, 0x08, 0x00, 0x08, 0x00, 0x08, 0x00, 0x08,
    0x00, 0x08, 0x00, 0x08, 0x00, 0x08, 0x00, 0x08, 0x00, 0x08, 0x00, 0x08,
    0x00, 0x08, 0x00, 0x08, 0x00, 0x08, 0x00, 0x08, 0x00, 0x08, 0x00, 0x08,
    0x00, 0x08, 0x00, 0x08, 0x00, 0x08, 0x00, 0x08, 0x00, 0x08, 0x00, 0x08,
    0x20, 0x08, 0x00, 0x08, 0x00, 0x08, 0x21, 0x00, 0xff, 0xff, 0xff, 0xff,
    0xff, 0xff, 0xff, 0xff, 0xff, 0xff, 0x00, 0x10, 0xa2, 0x28, 0xc9, 0xfa,
    0xc9, 0xfa, 0xc9, 0xfa, 0xc9, 0xfa, 0xc9, 0xfa, 0xc9, 0xfa, 0xc9, 0xfa,
    0xc9, 0xfa, 0xc9, 0xfa, 0xc8, 0xfa, 0xc9, 0xfa, 0xc9, 0xfa, 0xc9, 0xfa,
    0xc9, 0xfa, 0xc9, 0xfa, 0xc9, 0xfa, 0xc9, 0xfa, 0xc9, 0xfa, 0xc9, 0xfa,
    0xc9, 0xfa, 0xc9, 0xfa, 0xc9, 0xfa, 0xc9, 0xfa, 0xc9, 0xfa, 0x2a, 0xe3,
    0x23, 0x99, 0x00, 0x08, 0x00, 0x08, 0x20, 0x00, 0x00, 0x08, 0x20, 0x08,
    0x00, 0x00, 0xff, 0xff, 0xff, 0xff, 0xff, 0xff, 0xff, 0xff, 0xff, 0xff,
    0xff, 0xff, 0xff, 0xff, 0xff, 0xff, 0xff, 0xff, 0xff, 0xff, 0xff, 0xff,
    0xff, 0xff, 0xff, 0xff, 0xff, 0xff, 0xff, 0xff, 0xff, 0xff, 0xff, 0xff,
    0x20, 0x08, 0x00, 0x38, 0x0b, 0xab, 0xc9, 0xfa, 0xc9, 0xfa, 0xc8, 0xfa,
    0xc9, 0xfa, 0xc9, 0xfa, 0xc8, 0xfa, 0xc9, 0xfa, 0xc9, 0xfa, 0xc8, 0xfa,
    0xc9, 0xfa, 0xc9, 0xfa, 0xc9, 0xfa, 0xc9, 0xfa, 0xc9, 0xfa, 0xc9, 0xfa,
    0xc9, 0xfa, 0xc9, 0xfa, 0xc8, 0xfa, 0xc9, 0xfa, 0xc9, 0xfa, 0xc9, 0xfa,
    0xc8, 0xfa, 0xc9, 0xfa, 0xc9, 0xfa, 0xca, 0xa2, 0x00, 0x30, 0x20, 0x08,
    0x00, 0x08, 0x00, 0x00, 0x20, 0x08, 0x20, 0x00, 0xff, 0xff, 0xff, 0xff,
    0xff, 0xff, 0xff, 0xff, 0x20, 0x00, 0x00, 0x20, 0xc6, 0x59, 0xc9, 0xfa,
    0xc9, 0xfa, 0xc9, 0xfa, 0xc9, 0xfa, 0xc9, 0xfa, 0xc9, 0xfa, 0xc8, 0xfa,
    0xc9, 0xfa, 0xc9, 0xfa, 0xc8, 0xfa, 0xc9, 0xfa, 0xc9, 0xfa, 0xc9, 0xfa,
    0xc9, 0xfa, 0xc8, 0xfa, 0xc9, 0xfa, 0xc9, 0xfa, 0xc8, 0xfa, 0xc9, 0xfa,
    0xc9, 0xfa, 0xc9, 0xfa, 0xc9, 0xfa, 0xc9, 0xfa, 0xc9, 0xfa, 0xc9, 0xfa,
    0xc9, 0xfa, 0xc8, 0xfa, 0xc9, 0xfa, 0xc9, 0xfa, 0xc9, 0xfa, 0xc9, 0xfa,
    0xc9, 0xfa, 0xc9, 0xfa, 0xc8, 0xfa, 0xc9, 0xfa, 0xc9, 0xfa, 0xc9, 0xfa,
    0xc9, 0xfa, 0xe9, 0xf2, 0xe9, 0xf2, 0xe9, 0xf2, 0xe9, 0xf2, 0xe9, 0xf2,
    0xe9, 0xf2, 0xe9, 0xf2, 0xe9, 0xf2, 0xe9, 0xf2, 0xe9, 0xf2, 0xe9, 0xf2,
    0xe9, 0xf2, 0xe9, 0xf2, 0xe9, 0xf2, 0xe9, 0xf2, 0xe9, 0xf2, 0xe9, 0xf2,
    0xe9, 0xf2, 0xe9, 0xf2, 0xe9, 0xf2, 0xe9, 0xf2, 0xe9, 0xf2, 0xe9, 0xf2,
    0xe9, 0xf2, 0xe9, 0xf2, 0xe9, 0xf2, 0xc9, 0xfa, 0xc9, 0xfa, 0xc9, 0xfa,
    0xc9, 0xfa, 0xc9, 0xfa, 0xc9, 0xfa, 0xc9, 0xfa, 0xc9, 0xfa, 0xc9, 0xfa,
    0xc8, 0xfa, 0xc9, 0xfa, 0xc9, 0xfa, 0xc9, 0xfa, 0xc9, 0xfa, 0xc9, 0xfa,
    0xc9, 0xfa, 0xc9, 0xfa, 0xc9, 0xfa, 0xc9, 0xfa, 0xc9, 0xfa, 0xc9, 0xfa,
    0xc9, 0xfa, 0xc9, 0xfa, 0xc8, 0xfa, 0xc9, 0xfa, 0xc9, 0xfa, 0xc9, 0xfa,
    0xc9, 0xfa, 0xc9, 0xfa, 0xc9, 0xfa, 0xc9, 0xfa, 0xc9, 0xfa, 0xc9, 0xfa,
    0xc8, 0xfa, 0xc9, 0xfa, 0xc9, 0xfa, 0xc9, 0xfa, 0xc9, 0xfa, 0xa2, 0x20,
    0x00, 0x10, 0x00, 0x08, 0x20, 0x08, 0x00, 0x08, 0x00, 0x08, 0xff, 0xff,
    0xff, 0xff, 0xff, 0xff, 0xff, 0xff, 0xff, 0xff, 0x20, 0x00, 0x00, 0x48,
    0x8c, 0xcb, 0xc9, 0xfa, 0xc9, 0xfa, 0xc8, 0xfa, 0xc9, 0xfa, 0xc9, 0xfa,
    0xc9, 0xfa, 0xc9, 0xfa, 0xc9, 0xfa, 0xc8, 0xfa, 0xc9, 0xfa, 0xc9, 0xfa,
    0xc9, 0xfa, 0xc9, 0xfa, 0xc9, 0xfa, 0xc8, 0xfa, 0xc9, 0xfa, 0xc9, 0xfa,
    0xc9, 0xfa, 0xc9, 0xfa, 0xc8, 0xfa, 0xc9, 0xfa, 0xc9, 0xfa, 0xc9, 0xfa,
    0xc9, 0xfa, 0xc9, 0xfa, 0xc9, 0xfa, 0xe9, 0xfa, 0xe9, 0xfa, 0xe9, 0xfa,
    0xe9, 0xfa, 0xc9, 0xfa, 0xe9, 0xfa, 0xe9, 0xfa, 0xc9, 0xfa, 0xe9, 0xfa,
    0xe9, 0xfa, 0xe9, 0xfa, 0xe9, 0xfa, 0xe9, 0xfa, 0xe9, 0xfa, 0xe9, 0xfa,
    0xe9, 0xfa, 0xe9, 0xfa, 0xe9, 0xfa, 0xe9, 0xfa, 0xe9, 0xfa, 0xe9, 0xfa,
    0xe9, 0xfa, 0xe9, 0xfa, 0xe9, 0xfa, 0xe3, 0x38, 0x00, 0x10, 0x20, 0x08,
    0x00, 0x08, 0xff, 0xff, 0xff, 0xff, 0xff, 0xff, 0xff, 0xff, 0xff, 0xff,
    0xff, 0xff, 0xff, 0xff, 0xff, 0xff, 0xff, 0xff, 0xff, 0xff, 0xff, 0xff,
    0xff, 0xff, 0xff, 0xff, 0xff, 0xff, 0xff, 0xff, 0xff, 0xff, 0xff, 0xff,
    0xff, 0xff, 0xff, 0xff, 0xff, 0xff, 0xff, 0xff, 0xff, 0xff, 0xff, 0xff,
    0xff, 0xff, 0xff, 0xff, 0xff, 0xff, 0xff, 0xff, 0xff, 0xff, 0xff, 0xff,
    0xff, 0xff, 0xff, 0xff, 0xff, 0xff, 0xff, 0xff, 0xff, 0xff, 0xff, 0xff,
    0xff, 0xff, 0xff, 0xff, 0xff, 0xff, 0xff, 0xff, 0xff, 0xff, 0xff, 0xff,
    0x00, 0x08, 0x00, 0x08, 0x47, 0xda, 0xe9, 0xf2, 0xc9, 0xfa, 0xc9, 0xfa,
    0xc9, 0xfa, 0xc9, 0xfa, 0xc8, 0xfa, 0xc9, 0xfa, 0xc9, 0xfa, 0xc8, 0xfa,
    0xc9, 0xfa, 0xc9, 0xfa, 0xc9, 0xfa, 0xc9, 0xfa, 0xc9, 0xfa, 0xc9, 0xfa,
    0xc9, 0xfa, 0xc9, 0xfa, 0xc9, 0xfa, 0xc9, 0xfa, 0xc9, 0xfa, 0xc9, 0xfa,
    0xc8, 0xfa, 0xc9, 0xfa, 0xe9, 0xf2, 0x47, 0xda, 0x00, 0x08, 0x00, 0x08,
    0x20, 0x00, 0x00, 0x08, 0x00, 0x08, 0x20, 0x08, 0xff, 0xff, 0xff, 0xff,
    0xff, 0xff, 0xff, 0xff, 0xff, 0xff, 0xff, 0xff, 0xff, 0xff, 0xff, 0xff,
    0xff, 0xff, 0xff, 0xff, 0xff, 0xff, 0xff, 0xff, 0xff, 0xff, 0xff, 0xff,
    0xff, 0xff, 0xff, 0xff, 0xff, 0xff, 0xff, 0xff, 0xff, 0xff, 0x20, 0x08,
    0x00, 0x08, 0x00, 0x08, 0x00, 0x08, 0x00, 0x08, 0x00, 0x08, 0x00, 0x10,
    0x00, 0x08, 0x00, 0x08, 0x00, 0x10, 0x00, 0x08, 0x00, 0x08, 0x00, 0x08,
    0x00, 0x08, 0x00, 0x08, 0x00, 0x08, 0x00, 0x08, 0x00, 0x10, 0x00, 0x08,
    0x00, 0x08, 0x00, 0x10, 0x00, 0x08, 0x00, 0x08, 0x00, 0x10, 0x00, 0x08,
    0x00, 0x08, 0x00, 0x08, 0x00, 0x08, 0x00, 0x08, 0x20, 0x08, 0x00, 0x08,
    0x20, 0x00, 0xff, 0xff, 0xff, 0xff, 0xff, 0xff, 0xff, 0xff, 0xff, 0xff,
    0x00, 0x10, 0xa2, 0x28, 0xc9, 0xfa, 0xc9, 0xfa, 0xc9, 0xfa, 0xc8, 0xfa,
    0xc9, 0xfa, 0xc9, 0xfa, 0xc9, 0xfa, 0xc9, 0xfa, 0xc9, 0xfa, 0xc9, 0xfa,
    0xc9, 0xfa, 0xc9, 0xfa, 0xc9, 0xfa, 0xc9, 0xfa, 0xc8, 0xfa, 0xc9, 0xfa,
    0xc9, 0xfa, 0xc9, 0xfa, 0xc9, 0xfa, 0xc8, 0xfa, 0xc9, 0xfa, 0xc9, 0xfa,
    0xc9, 0xfa, 0xc9, 0xfa, 0x2a, 0xe3, 0x43, 0x99, 0x00, 0x08, 0x00, 0x08,
    0x00, 0x00, 0x20, 0x08, 0x00, 0x08, 0x00, 0x08, 0xff, 0xff, 0xff, 0xff,
    0xff, 0xff, 0xff, 0xff, 0xff, 0xff, 0xff, 0xff, 0xff, 0xff, 0xff, 0xff,
    0xff, 0xff, 0xff, 0xff, 0xff, 0xff, 0xff, 0xff, 0xff, 0xff, 0xff, 0xff,
    0xff, 0xff, 0xff, 0xff, 0xff, 0xff, 0x20, 0x00, 0x00, 0x38, 0x0b, 0xab,
    0xc9, 0xfa, 0xc9, 0xfa, 0xc9, 0xfa, 0xc9, 0xfa, 0xc9, 0xfa, 0xc9, 0xfa,
    0xc9, 0xfa, 0xc9, 0xfa, 0xc9, 0xfa, 0xc9, 0xfa, 0xc9, 0xfa, 0xc9, 0xfa,
    0xc8, 0xfa, 0xc9, 0xfa, 0xc9, 0xfa, 0xc8, 0xfa, 0xc9, 0xfa, 0xc9, 0xfa,
    0xc9, 0xfa, 0xc9, 0xfa, 0xc9, 0xfa, 0xc9, 0xfa, 0xc9, 0xfa, 0xc9, 0xfa,
    0xca, 0xa2, 0x00, 0x38, 0x00, 0x08, 0x00, 0x08, 0x20, 0x08, 0x00, 0x08,
    0x21, 0x00, 0xff, 0xff, 0xff, 0xff, 0xff, 0xff, 0xff, 0xff, 0x21, 0x00,
    0x00, 0x20, 0xc6, 0x59, 0xc9, 0xfa, 0xc9, 0xfa, 0xc9, 0xfa, 0xc9, 0xfa,
    0xc9, 0xfa, 0xc9, 0xfa, 0xc9, 0xfa, 0xc9, 0xfa, 0xc9, 0xfa, 0xc9, 0xfa,
    0xc9, 0xfa, 0xc9, 0xfa, 0xc8, 0xfa, 0xc9, 0xfa, 0xc9, 0xfa, 0xc9, 0xfa,
    0xc9, 0xfa, 0xc9, 0xfa, 0xc9, 0xfa, 0xc8, 0xfa, 0xc9, 0xfa, 0xc9, 0xfa,
    0xc8, 0xfa, 0xc9, 0xfa, 0xc9, 0xfa, 0xc9, 0xfa, 0xc9, 0xfa, 0xc9, 0xfa,
    0xc9, 0xfa, 0xc9, 0xfa, 0xc9, 0xfa, 0xc9, 0xfa, 0xc9, 0xfa, 0xc9, 0xfa,
    0xc9, 0xfa, 0xc9, 0xfa, 0xc9, 0xfa, 0xc9, 0xfa, 0xe9, 0xf2, 0xe9, 0xf2,
    0xea, 0xf2, 0xea, 0xf2, 0xe9, 0xf2, 0xe9, 0xf2, 0xea, 0xf2, 0xe9, 0xf2,
    0xe9, 0xf2, 0xea, 0xf2, 0xe9, 0xf2, 0xea, 0xf2, 0xea, 0xf2, 0xe9, 0xf2,
    0xea, 0xf2, 0xea, 0xf2, 0xe9, 0xf2, 0xea, 0xf2, 0xea, 0xf2, 0xe9, 0xf2,
    0xea, 0xf2, 0xea, 0xf2, 0xe9, 0xf2, 0xea, 0xf2, 0xea, 0xf2, 0xe9, 0xf2,
    0xc9, 0xfa, 0xc9, 0xfa, 0xc9, 0xfa, 0xc9, 0xfa, 0xc9, 0xfa, 0xc9, 0xfa,
    0xc9, 0xfa, 0xc9, 0xfa, 0xc9, 0xfa, 0xc9, 0xfa, 0xc9, 0xfa, 0xc8, 0xfa,
    0xc9, 0xfa, 0xc9, 0xfa, 0xc8, 0xfa, 0xc9, 0xfa, 0xc9, 0xfa, 0xc8, 0xfa,
    0xc9, 0xfa, 0xc9, 0xfa, 0xc9, 0xfa, 0xc9, 0xfa, 0xc9, 0xfa, 0xc9, 0xfa,
    0xc9, 0xfa, 0xc9, 0xfa, 0xc9, 0xfa, 0xc9, 0xfa, 0xc9, 0xfa, 0xc8, 0xfa,
    0xc9, 0xfa, 0xc9, 0xfa, 0xc9, 0xfa, 0xc9, 0xfa, 0xc9, 0xfa, 0xc9, 0xfa,
    0xc9, 0xfa, 0xc9, 0xfa, 0xa2, 0x28, 0x00, 0x10, 0x00, 0x00, 0x00, 0x00,
    0x20, 0x08, 0x00, 0x08, 0xff, 0xff, 0xff, 0xff, 0xff, 0xff, 0xff, 0xff,
    0xff, 0xff, 0x21, 0x00, 0x00, 0x48, 0x8c, 0xc3, 0xc9, 0xfa, 0xc9, 0xfa,
    0xc9, 0xfa, 0xc9, 0xfa, 0xc9, 0xfa, 0xc9, 0xfa, 0xc9, 0xfa, 0xc9, 0xfa,
    0xc9, 0xfa, 0xc9, 0xfa, 0xc9, 0xfa, 0xc9, 0xfa, 0xc9, 0xfa, 0xc9, 0xfa,
    0xc9, 0xfa, 0xc9, 0xfa, 0xc9, 0xfa, 0xc8, 0xfa, 0xc9, 0xfa, 0xc9, 0xfa,
    0xc9, 0xfa, 0xc9, 0xfa, 0xc8, 0xfa, 0xc9, 0xfa, 0xc9, 0xfa, 0xc9, 0xfa,
    0xe9, 0xfa, 0xc9, 0xfa, 0xc9, 0xfa, 0xe9, 0xfa, 0xc9, 0xfa, 0xc9, 0xfa,
    0xe9, 0xfa, 0xc9, 0xfa, 0xc9, 0xfa, 0xe9, 0xfa, 0xc9, 0xfa, 0xc9, 0xfa,
    0xe9, 0xfa, 0xc9, 0xfa, 0xc9, 0xfa, 0xe9, 0xfa, 0xc9, 0xfa, 0xc9, 0xfa,
    0xe9, 0xfa, 0xc9, 0xfa, 0xc9, 0xfa, 0xe9, 0xfa, 0xc9, 0xfa, 0xe9, 0xfa,
    0xe3, 0x38, 0x00, 0x10, 0x00, 0x08, 0x00, 0x08, 0x20, 0x00, 0xff, 0xff,
    0xff, 0xff, 0xff, 0xff, 0xff, 0xff, 0xff, 0xff, 0xff, 0xff, 0xff, 0xff,
    0xff, 0xff, 0xff, 0xff, 0xff, 0xff, 0xff, 0xff, 0xff, 0xff, 0xff, 0xff,
    0xff, 0xff, 0xff, 0xff, 0xff, 0xff, 0xff, 0xff, 0xff, 0xff, 0xff, 0xff,
    0xff, 0xff, 0xff, 0xff, 0xff, 0xff, 0xff, 0xff, 0xff, 0xff, 0xff, 0xff,
    0xff, 0xff, 0xff, 0xff, 0xff, 0xff, 0xff, 0xff, 0xff, 0xff, 0xff, 0xff,
    0xff, 0xff, 0xff, 0xff, 0xff, 0xff, 0xff, 0xff, 0xff, 0xff, 0xff, 0xff,
    0xff, 0xff, 0xff, 0xff, 0xff, 0xff, 0x00, 0x00, 0x00, 0x08, 0x47, 0xda,
    0xc9, 0xfa, 0xc9, 0xfa, 0xc9, 0xfa, 0xc9, 0xfa, 0xc9, 0xfa, 0xc9, 0xfa,
    0xc9, 0xfa, 0xc9, 0xfa, 0xc9, 0xfa, 0xc9, 0xfa, 0xc9, 0xfa, 0xc9, 0xfa,
    0xc9, 0xfa, 0xc8, 0xfa, 0xc9, 0xfa, 0xc9, 0xfa, 0xc8, 0xfa, 0xc9, 0xfa,
    0xc9, 0xfa, 0xc9, 0xfa, 0xc9, 0xfa, 0xc9, 0xfa, 0xc9, 0xfa, 0xe9, 0xf2,
    0x47, 0xda, 0x00, 0x08, 0x00, 0x08, 0x00, 0x00, 0x00, 0x08, 0x00, 0x08,
    0x00, 0x00, 0xff, 0xff, 0xff, 0xff, 0xff, 0xff, 0xff, 0xff, 0xff, 0xff,
    0xff, 0xff, 0xff, 0xff, 0xff, 0xff, 0xff, 0xff, 0xff, 0xff, 0xff, 0xff,
    0xff, 0xff, 0xff, 0xff, 0xff, 0xff, 0xff, 0xff, 0xff, 0xff, 0xff, 0xff,
    0xff, 0xff, 0xff, 0xff, 0xff, 0xff, 0x20, 0x08, 0x20, 0x08, 0x00, 0x08,
    0x00, 0x08, 0x00, 0x08, 0x00, 0x08, 0x00, 0x08, 0x00, 0x08, 0x00, 0x08,
    0x00, 0x08, 0x00, 0x08, 0x00, 0x08, 0x00, 0x08, 0x00, 0x08, 0x00, 0x08,
    0x00, 0x08, 0x00, 0x08, 0x00, 0x08, 0x00, 0x08, 0x00, 0x08, 0x00, 0x08,
    0x00, 0x08, 0x00, 0x08, 0x00, 0x08, 0x00, 0x08, 0x00, 0x08, 0x00, 0x08,
    0x00, 0x00, 0x00, 0x08, 0x20, 0x08, 0x20, 0x00, 0xff, 0xff, 0xff, 0xff,
    0xff, 0xff, 0xff, 0xff, 0xff, 0xff, 0x00, 0x10, 0xa2, 0x20, 0xc9, 0xfa,
    0xc9, 0xfa, 0xc9, 0xfa, 0xc9, 0xfa, 0xc9, 0xfa, 0xc9, 0xfa, 0xc8, 0xfa,
    0xc9, 0xfa, 0xc9, 0xfa, 0xc9, 0xfa, 0xc8, 0xfa, 0xc9, 0xfa, 0xc9, 0xfa,
    0xc9, 0xfa, 0xc9, 0xfa, 0xc9, 0xfa, 0xc8, 0xfa, 0xc9, 0xfa, 0xc9, 0xfa,
    0xc9, 0xfa, 0xc9, 0xfa, 0xc9, 0xfa, 0xc9, 0xfa, 0xc9, 0xfa, 0x2a, 0xe3,
    0x23, 0x99, 0x00, 0x08, 0x20, 0x08, 0x00, 0x08, 0x00, 0x08, 0x00, 0x08,
    0x20, 0x00, 0xff, 0xff, 0xff, 0xff, 0xff, 0xff, 0xff, 0xff, 0xff, 0xff,
    0xff, 0xff, 0xff, 0xff, 0xff, 0xff, 0xff, 0xff, 0xff, 0xff, 0xff, 0xff,
    0xff, 0xff, 0xff, 0xff, 0xff, 0xff, 0xff, 0xff, 0xff, 0xff, 0xff, 0xff,
    0x21, 0x00, 0x00, 0x38, 0x0b, 0xab, 0xc9, 0xfa, 0xc9, 0xfa, 0xc9, 0xfa,
    0xc9, 0xfa, 0xc9, 0xfa, 0xc9, 0xfa, 0xc9, 0xfa, 0xc9, 0xfa, 0xc9, 0xfa,
    0xc9, 0xfa, 0xc9, 0xfa, 0xc9, 0xfa, 0xc9, 0xfa, 0xc9, 0xfa, 0xc9, 0xfa,
    0xc9, 0xfa, 0xc9, 0xfa, 0xc9, 0xfa, 0xc9, 0xfa, 0xc8, 0xfa, 0xc9, 0xfa,
    0xc9, 0xfa, 0xc9, 0xfa, 0xc9, 0xfa, 0xca, 0xa2, 0x00, 0x30, 0x00, 0x08,
    0x00, 0x08, 0x00, 0x00, 0x00, 0x08, 0x20, 0x00, 0xff, 0xff, 0xff, 0xff,
    0xff, 0xff, 0xff, 0xff, 0x20, 0x08, 0x00, 0x20, 0xc6, 0x59, 0xc9, 0xfa,
    0xc9, 0xfa, 0xc9, 0xfa, 0xc9, 0xfa, 0xc8, 0xfa, 0xc9, 0xfa, 0xc9, 0xfa,
    0xc9, 0xfa, 0xc9, 0xfa, 0xc9, 0xfa, 0xc9, 0xfa, 0xc9, 0xfa, 0xc9, 0xfa,
    0xc9, 0xfa, 0xc9, 0xfa, 0xc9, 0xfa, 0xc9, 0xfa, 0xc9, 0xfa, 0xc9, 0xfa,
    0xc9, 0xfa, 0xc9, 0xfa, 0xc9, 0xfa, 0xc9, 0xfa, 0xc9, 0xfa, 0xc9, 0xfa,
    0xc9, 0xfa, 0xc9, 0xfa, 0xc8, 0xfa, 0xc9, 0xfa, 0xc9, 0xfa, 0xc8, 0xfa,
    0xc9, 0xfa, 0xc9, 0xfa, 0xc9, 0xfa, 0xc8, 0xfa, 0xc9, 0xfa, 0xc9, 0xfa,
    0xc9, 0xfa, 0xc9, 0xfa, 0xc9, 0xfa, 0xc9, 0xfa, 0xc9, 0xfa, 0xc9, 0xfa,
    0xc9, 0xfa, 0xc9, 0xfa, 0xc9, 0xfa, 0xc9, 0xfa, 0xc9, 0xfa, 0xc9, 0xfa,
    0xc9, 0xfa, 0xc9, 0xfa, 0xc9, 0xfa, 0xc9, 0xfa, 0xc9, 0xfa, 0xc9, 0xfa,
    0xc9, 0xfa, 0xc9, 0xfa, 0xc9, 0xfa, 0xc9, 0xfa, 0xc9, 0xfa, 0xc9, 0xfa,
    0xc9, 0xfa, 0xc9, 0xfa, 0xc9, 0xfa, 0xc9, 0xfa, 0xc9, 0xfa, 0xc9, 0xfa,
    0xc8, 0xfa, 0xc9, 0xfa, 0xc9, 0xfa, 0xc8, 0xfa, 0xc9, 0xfa, 0xc9, 0xfa,
    0xc9, 0xfa, 0xc9, 0xfa, 0xc9, 0xfa, 0xc9, 0xfa, 0xc9, 0xfa, 0xc9, 0xfa,
    0xc9, 0xfa, 0xc9, 0xfa, 0xc9, 0xfa, 0xc9, 0xfa, 0xc9, 0xfa, 0xc8, 0xfa,
    0xc9, 0xfa, 0xc9, 0xfa, 0xc9, 0xfa, 0xc8, 0xfa, 0xc9, 0xfa, 0xc9, 0xfa,
    0xc8, 0xfa, 0xc9, 0xfa, 0xc9, 0xfa, 0xc9, 0xfa, 0xc9, 0xfa, 0xc9, 0xfa,
    0xc9, 0xfa, 0xc8, 0xfa, 0xc9, 0xfa, 0xc9, 0xfa, 0xc9, 0xfa, 0xa2, 0x28,
    0x00, 0x10, 0x00, 0x08, 0x00, 0x08, 0x00, 0x00, 0x20, 0x08, 0xff, 0xff,
    0xff, 0xff, 0xff, 0xff, 0xff, 0xff, 0xff, 0xff, 0x20, 0x00, 0x00, 0x48,
    0x6d, 0xc3, 0xc9, 0xfa, 0xc9, 0xfa, 0xc9, 0xfa, 0xc9, 0xfa, 0xc8, 0xfa,
    0xc9, 0xfa, 0xc9, 0xfa, 0xc8, 0xfa, 0xc9, 0xfa, 0xc9, 0xfa, 0xc8, 0xfa,
    0xc9, 0xfa, 0xc9, 0xfa, 0xc8, 0xfa, 0xc9, 0xfa, 0xc9, 0xfa, 0xc9, 0xfa,
    0xc9, 0xfa, 0xc9, 0xfa, 0xc9, 0xfa, 0xc9, 0xfa, 0xc9, 0xfa, 0xc9, 0xfa,
    0xc9, 0xfa, 0xc9, 0xfa, 0xc9, 0xfa, 0xc9, 0xfa, 0xc9, 0xfa, 0xc9, 0xfa,
    0xc9, 0xfa, 0xc9, 0xfa, 0xc9, 0xfa, 0xc9, 0xfa, 0xc9, 0xfa, 0xc9, 0xfa,
    0xc9, 0xfa, 0xc9, 0xfa, 0xc9, 0xfa, 0xc9, 0xfa, 0xc9, 0xfa, 0xc9, 0xfa,
    0xc9, 0xfa, 0xc9, 0xfa, 0xc9, 0xfa, 0xc9, 0xfa, 0xc9, 0xfa, 0xc9, 0xfa,
    0xc9, 0xfa, 0xc9, 0xfa, 0xc9, 0xfa, 0xe2, 0x38, 0x00, 0x10, 0x00, 0x08,
    0x20, 0x08, 0x00, 0x08, 0x20, 0x08, 0xff, 0xff, 0xff, 0xff, 0xff, 0xff,
    0xff, 0xff, 0xff, 0xff, 0xff, 0xff, 0xff, 0xff, 0xff, 0xff, 0xff, 0xff,
    0xff, 0xff, 0xff, 0xff, 0xff, 0xff, 0xff, 0xff, 0xff, 0xff, 0xff, 0xff,
    0xff, 0xff, 0xff, 0xff, 0xff, 0xff, 0xff, 0xff, 0xff, 0xff, 0xff, 0xff,
    0xff, 0xff, 0xff, 0xff, 0xff, 0xff, 0xff, 0xff, 0xff, 0xff, 0xff, 0xff,
    0xff, 0xff, 0xff, 0xff, 0xff, 0xff, 0xff, 0xff, 0xff, 0xff, 0xff, 0xff,
    0xff, 0xff, 0xff, 0xff, 0xff, 0xff, 0xff, 0xff, 0xff, 0xff, 0xff, 0xff,
    0x00, 0x08, 0x20, 0x08, 0x47, 0xda, 0xc9, 0xfa, 0xc9, 0xfa, 0xc9, 0xfa,
    0xc8, 0xfa, 0xc9, 0xfa, 0xc9, 0xfa, 0xc9, 0xfa, 0xc9, 0xfa, 0xc9, 0xfa,
    0xc9, 0xfa, 0xc8, 0xfa, 0xc9, 0xfa, 0xc9, 0xfa, 0xc9, 0xfa, 0xc9, 0xfa,
    0xc9, 0xfa, 0xc9, 0xfa, 0xc9, 0xfa, 0xc9, 0xfa, 0xc8, 0xfa, 0xc9, 0xfa,
    0xc9, 0xfa, 0xc9, 0xfa, 0xe9, 0xf2, 0x47, 0xda, 0x00, 0x08, 0x00, 0x08,
    0x20, 0x08, 0x00, 0x08, 0x20, 0x08, 0x00, 0x08, 0xff, 0xff, 0xff, 0xff,
    0xff, 0xff, 0xff, 0xff, 0xff, 0xff, 0xff, 0xff, 0xff, 0xff, 0xff, 0xff,
    0xff, 0xff, 0xff, 0xff, 0xff, 0xff, 0xff, 0xff, 0xff, 0xff, 0xff, 0xff,
    0xff, 0xff, 0xff, 0xff, 0xff, 0xff, 0xff, 0xff, 0xff, 0xff, 0xff, 0xff,
    0xff, 0xff, 0x20, 0x08, 0x00, 0x08, 0x00, 0x08, 0x00, 0x08, 0x00, 0x08,
    0x00, 0x08, 0x00, 0x08, 0x00, 0x08, 0x00, 0x08, 0x00, 0x08, 0x00, 0x08,
    0x00, 0x08, 0x00, 0x08, 0x00, 0x08, 0x00, 0x08, 0x00, 0x08, 0x00, 0x08,
    0x00, 0x08, 0x00, 0x08, 0x00, 0x08, 0x00, 0x08, 0x00, 0x08, 0x00, 0x08,
    0x00, 0x08, 0x20, 0x08, 0x00, 0x00, 0x00, 0x08, 0x00, 0x08, 0x00, 0x08,
    0x21, 0x00, 0xff, 0xff, 0xff, 0xff, 0xff, 0xff, 0xff, 0xff, 0xff, 0xff,
    0x00, 0x10, 0xa2, 0x28, 0xc9, 0xfa, 0xc9, 0xfa, 0xc9, 0xfa, 0xc9, 0xfa,
    0xc9, 0xfa, 0xc9, 0xfa, 0xc9, 0xfa, 0xc9, 0xfa, 0xc9, 0xfa, 0xc9, 0xfa,
    0xc9, 0xfa, 0xc9, 0xfa, 0xc9, 0xfa, 0xc8, 0xfa, 0xc9, 0xfa, 0xc9, 0xfa,
    0xc9, 0xfa, 0xc9, 0xfa, 0xc9, 0xfa, 0xc9, 0xfa, 0xc9, 0xfa, 0xc8, 0xfa,
    0xc9, 0xfa, 0xc9, 0xfa, 0x2b, 0xe3, 0x23, 0x99, 0x00, 0x08, 0x00, 0x08,
    0x00, 0x00, 0x00, 0x08, 0x00, 0x08, 0x00, 0x08, 0xff, 0xff, 0xff, 0xff,
    0xff, 0xff, 0xff, 0xff, 0xff, 0xff, 0xff, 0xff, 0xff, 0xff, 0xff, 0xff,
    0xff, 0xff, 0xff, 0xff, 0xff, 0xff, 0xff, 0xff, 0xff, 0xff, 0xff, 0xff,
    0xff, 0xff, 0xff, 0xff, 0xff, 0xff, 0x20, 0x08, 0x00, 0x38, 0x0b, 0xab,
    0xc9, 0xfa, 0xc9, 0xfa, 0xc9, 0xfa, 0xc8, 0xfa, 0xc9, 0xfa, 0xc9, 0xfa,
    0xc8, 0xfa, 0xc9, 0xfa, 0xc9, 0xfa, 0xc8, 0xfa, 0xc9, 0xfa, 0xc9, 0xfa,
    0xc9, 0xfa, 0xc9, 0xfa, 0xc9, 0xfa, 0xc9, 0xfa, 0xc9, 0xfa, 0xc9, 0xfa,
    0xc9, 0xfa, 0xc9, 0xfa, 0xc9, 0xfa, 0xc9, 0xfa, 0xc8, 0xfa, 0xc9, 0xfa,
    0xca, 0xa2, 0x00, 0x30, 0x20, 0x08, 0x00, 0x08, 0x00, 0x08, 0x20, 0x08,
    0x20, 0x00, 0xff, 0xff, 0xff, 0xff, 0xff, 0xff, 0xff, 0xff, 0x21, 0x00,
    0x00, 0x20, 0xe6, 0x59, 0xc9, 0xfa, 0xc9, 0xfa, 0xc9, 0xfa, 0xc9, 0xfa,
    0xc9, 0xfa, 0xc9, 0xfa, 0xc9, 0xfa, 0xc8, 0xfa, 0xc9, 0xfa, 0xc9, 0xfa,
    0xc8, 0xfa, 0xc9, 0xfa, 0xc9, 0xfa, 0xc9, 0xfa, 0xc8, 0xfa, 0xc9, 0xfa,
    0xc9, 0xfa, 0xc8, 0xfa, 0xc9, 0xfa, 0xc9, 0xfa, 0xc9, 0xfa, 0xc9, 0xfa,
    0xc9, 0xfa, 0xc9, 0xfa, 0xc8, 0xfa, 0xc9, 0xfa, 0xc9, 0xfa, 0xc9, 0xfa,
    0xc9, 0xfa, 0xc9, 0xfa, 0xc9, 0xfa, 0xc9, 0xfa, 0xc9, 0xfa, 0xc9, 0xfa,
    0xc9, 0xfa, 0xc9, 0xfa, 0xc9, 0xfa, 0xc9, 0xfa, 0xc9, 0xfa, 0xc9, 0xfa,
    0xc9, 0xfa, 0xc9, 0xfa, 0xc9, 0xfa, 0xc9, 0xfa, 0xc9, 0xfa, 0xc9, 0xfa,
    0xc9, 0xfa, 0xc9, 0xfa, 0xc9, 0xfa, 0xc9, 0xfa, 0xc9, 0xfa, 0xc9, 0xfa,
    0xc9, 0xfa, 0xc9, 0xfa, 0xc9, 0xfa, 0xc9, 0xfa, 0xc9, 0xfa, 0xc9, 0xfa,
    0xc9, 0xfa, 0xc9, 0xfa, 0xc9, 0xfa, 0xc9, 0xfa, 0xc9, 0xfa, 0xc9, 0xfa,
    0xc9, 0xfa, 0xc9, 0xfa, 0xc9, 0xfa, 0xc9, 0xfa, 0xc9, 0xfa, 0xc9, 0xfa,
    0xc9, 0xfa, 0xc9, 0xfa, 0xc8, 0xfa, 0xc9, 0xfa, 0xc9, 0xfa, 0xc9, 0xfa,
    0xc9, 0xfa, 0xc9, 0xfa, 0xc9, 0xfa, 0xc9, 0xfa, 0xc9, 0xfa, 0xc9, 0xfa,
    0xc9, 0xfa, 0xc9, 0xfa, 0xc9, 0xfa, 0xc9, 0xfa, 0xc9, 0xfa, 0xc9, 0xfa,
    0xc9, 0xfa, 0xc9, 0xfa, 0xc9, 0xfa, 0xc9, 0xfa, 0xc9, 0xfa, 0xc9, 0xfa,
    0xc9, 0xfa, 0xc8, 0xfa, 0xc9, 0xfa, 0xc9, 0xfa, 0xc9, 0xfa, 0xc9, 0xfa,
    0xc9, 0xfa, 0xc9, 0xfa, 0xa2, 0x28, 0x00, 0x10, 0x00, 0x08, 0x00, 0x08,
    0x00, 0x08, 0x00, 0x00, 0xff, 0xff, 0xff, 0xff, 0xff, 0xff, 0xff, 0xff,
    0xff, 0xff, 0x20, 0x00, 0x00, 0x48, 0x8d, 0xc3, 0xc9, 0xfa, 0xc9, 0xfa,
    0xc9, 0xfa, 0xc9, 0xfa, 0xc9, 0xfa, 0xc9, 0xfa, 0xc9, 0xfa, 0xc9, 0xfa,
    0xc9, 0xfa, 0xc9, 0xfa, 0xc9, 0xfa, 0xc9, 0xfa, 0xc9, 0xfa, 0xc9, 0xfa,
    0xc9, 0xfa, 0xc9, 0xfa, 0xc9, 0xfa, 0xc9, 0xfa, 0xc9, 0xfa, 0xc8, 0xfa,
    0xc9, 0xfa, 0xc9, 0xfa, 0xc9, 0xfa, 0xc9, 0xfa, 0xc8, 0xfa, 0xc9, 0xfa,
    0xc9, 0xfa, 0xc8, 0xfa, 0xc9, 0xfa, 0xc9, 0xfa, 0xc9, 0xfa, 0xc9, 0xfa,
    0xc9, 0xfa, 0xc9, 0xfa, 0xc9, 0xfa, 0xc9, 0xfa, 0xc9, 0xfa, 0xc9, 0xfa,
    0xc9, 0xfa, 0xc9, 0xfa, 0xc9, 0xfa, 0xc9, 0xfa, 0xc9, 0xfa, 0xc9, 0xfa,
    0xc9, 0xfa, 0xc9, 0xfa, 0xc9, 0xfa, 0xc9, 0xfa, 0xc9, 0xfa, 0xc9, 0xfa,
    0xe2, 0x38, 0x00, 0x10, 0x00, 0x08, 0x00, 0x08, 0x00, 0x08, 0x00, 0x08,
    0xff, 0xff, 0xff, 0xff, 0xff, 0xff, 0xff, 0xff, 0xff, 0xff, 0xff, 0xff,
    0xff, 0xff, 0xff, 0xff, 0xff, 0xff, 0xff, 0xff, 0xff, 0xff, 0xff, 0xff,
    0xff, 0xff, 0xff, 0xff, 0xff, 0xff, 0xff, 0xff, 0xff, 0xff, 0xff, 0xff,
    0xff, 0xff, 0xff, 0xff, 0xff, 0xff, 0xff, 0xff, 0xff, 0xff, 0xff, 0xff,
    0xff, 0xff, 0xff, 0xff, 0xff, 0xff, 0xff, 0xff, 0xff, 0xff, 0xff, 0xff,
    0xff, 0xff, 0xff, 0xff, 0xff, 0xff, 0xff, 0xff, 0xff, 0xff, 0xff, 0xff,
    0xff, 0xff, 0xff, 0xff, 0xff, 0xff, 0x00, 0x08, 0x00, 0x08, 0x47, 0xda,
    0xe9, 0xfa, 0xc9, 0xfa, 0xc9, 0xfa, 0xc9, 0xfa, 0xc9, 0xfa, 0xc9, 0xfa,
    0xc8, 0xfa, 0xc9, 0xfa, 0xc9, 0xfa, 0xc9, 0xfa, 0xc9, 0xfa, 0xc9, 0xfa,
    0xc9, 0xfa, 0xc9, 0xfa, 0xc9, 0xfa, 0xc9, 0xfa, 0xc9, 0xfa, 0xc9, 0xfa,
    0xc9, 0xfa, 0xc9, 0xfa, 0xc9, 0xfa, 0xc9, 0xfa, 0xc9, 0xfa, 0xe9, 0xf2,
    0x47, 0xda, 0x00, 0x08, 0x00, 0x08, 0x00, 0x00, 0x20, 0x08, 0x00, 0x00,
    0x00, 0x08, 0xff, 0xff, 0xff, 0xff, 0xff, 0xff, 0xff, 0xff, 0xff, 0xff,
    0xff, 0xff, 0xff, 0xff, 0xff, 0xff, 0xff, 0xff, 0xff, 0xff, 0xff, 0xff,
    0xff, 0xff, 0xff, 0xff, 0xff, 0xff, 0xff, 0xff, 0xff, 0xff, 0xff, 0xff,
    0xff, 0xff, 0xff, 0xff, 0xff, 0xff, 0xff, 0xff, 0xff, 0xff, 0x20, 0x00,
    0x20, 0x00, 0x20, 0x00, 0x20, 0x00, 0x20, 0x00, 0x20, 0x00, 0x20, 0x00,
    0x20, 0x00, 0x20, 0x00, 0x20, 0x00, 0x20, 0x00, 0x20, 0x00, 0x20, 0x00,
    0x20, 0x00, 0x20, 0x00, 0x20, 0x00, 0x20, 0x00, 0x20, 0x00, 0x20, 0x00,
    0x20, 0x00, 0x20, 0x00, 0x20, 0x00, 0x20, 0x00, 0x20, 0x00, 0x20, 0x00,
    0x20, 0x00, 0x20, 0x00, 0x20, 0x00, 0x21, 0x00, 0xff, 0xff, 0xff, 0xff,
    0xff, 0xff, 0xff, 0xff, 0xff, 0xff, 0x00, 0x10, 0xa2, 0x28, 0xc9, 0xfa,
    0xc9, 0xfa, 0xc9, 0xfa, 0xc8, 0xfa, 0xc9, 0xfa, 0xc9, 0xfa, 0xc9, 0xfa,
    0xc8, 0xfa, 0xc9, 0xfa, 0xc9, 0xfa, 0xc9, 0xfa, 0xc9, 0xfa, 0xc9, 0xfa,
    0xc9, 0xfa, 0xc9, 0xfa, 0xc9, 0xfa, 0xc9, 0xfa, 0xc9, 0xfa, 0xc8, 0xfa,
    0xc9, 0xfa, 0xc9, 0xfa, 0xc9, 0xfa, 0xc9, 0xfa, 0xc9, 0xfa, 0x2a, 0xe3,
    0x43, 0xa1, 0x00, 0x08, 0x00, 0x00, 0x20, 0x08, 0x20, 0x08, 0x00, 0x00,
    0x00, 0x08, 0xff, 0xff, 0xff, 0xff, 0xff, 0xff, 0xff, 0xff, 0xff, 0xff,
    0xff, 0xff, 0xff, 0xff, 0xff, 0xff, 0xff, 0xff, 0xff, 0xff, 0xff, 0xff,
    0xff, 0xff, 0xff, 0xff, 0xff, 0xff, 0xff, 0xff, 0xff, 0xff, 0xff, 0xff,
    0x20, 0x00, 0x00, 0x38, 0x0b, 0xab, 0xc9, 0xfa, 0xc9, 0xfa, 0xc9, 0xfa,
    0xc9, 0xfa, 0xc9, 0xfa, 0xc9, 0xfa, 0xc9, 0xfa, 0xc9, 0xfa, 0xc9, 0xfa,
    0xc9, 0xfa, 0xc9, 0xfa, 0xc8, 0xfa, 0xc9, 0xfa, 0xc9, 0xfa, 0xc8, 0xfa,
    0xc9, 0xfa, 0xc9, 0xfa, 0xc8, 0xfa, 0xc9, 0xfa, 0xc9, 0xfa, 0xc9, 0xfa,
    0xc9, 0xfa, 0xc9, 0xfa, 0xc9, 0xfa, 0xca, 0xa2, 0x00, 0x38, 0x00, 0x08,
    0x00, 0x00, 0x20, 0x08, 0x00, 0x08, 0x20, 0x00, 0xff, 0xff, 0xff, 0xff,
    0xff, 0xff, 0xff, 0xff, 0x20, 0x00, 0x00, 0x20, 0xc6, 0x59, 0xc9, 0xfa,
    0xc9, 0xfa, 0xc9, 0xfa, 0xc9, 0xfa, 0xc9, 0xfa, 0xc9, 0xfa, 0xc9, 0xfa,
    0xc9, 0xfa, 0xc9, 0xfa, 0xc9, 0xfa, 0xc9, 0xfa, 0xc9, 0xfa, 0xc9, 0xfa,
    0xc9, 0xfa, 0xc9, 0xfa, 0xc9, 0xfa, 0xc9, 0xfa, 0xc9, 0xfa, 0xc9, 0xfa,
    0xc9, 0xfa, 0xc8, 0xfa, 0xc9, 0xfa, 0xc9, 0xfa, 0xc9, 0xfa, 0xc9, 0xfa,
    0xc9, 0xfa, 0xc9, 0xfa, 0xc9, 0xfa, 0xc9, 0xfa, 0xc9, 0xfa, 0xc9, 0xfa,
    0xc8, 0xfa, 0xc9, 0xfa, 0xc9, 0xfa, 0xc9, 0xfa, 0xc9, 0xfa, 0xc8, 0xfa,
    0xc9, 0xfa, 0xc9, 0xfa, 0xc9, 0xfa, 0xc9, 0xfa, 0xc9, 0xfa, 0xc9, 0xfa,
    0xc9, 0xfa, 0xc9, 0xfa, 0xc9, 0xfa, 0xc9, 0xfa, 0xc9, 0xfa, 0xc9, 0xfa,
    0xc9, 0xfa, 0xc9, 0xfa, 0xc9, 0xfa, 0xc9, 0xfa, 0xc9, 0xfa, 0xc9, 0xfa,
    0xc9, 0xfa, 0xc9, 0xfa, 0xc9, 0xfa, 0xc9, 0xfa, 0xc9, 0xfa, 0xc9, 0xfa,
    0xc9, 0xfa, 0xc9, 0xfa, 0xc9, 0xfa, 0xc9, 0xfa, 0xc9, 0xfa, 0xc9, 0xfa,
    0xc9, 0xfa, 0xc9, 0xfa, 0xc9, 0xfa, 0xc9, 0xfa, 0xc9, 0xfa, 0xc9, 0xfa,
    0xc9, 0xfa, 0xc9, 0xfa, 0xc8, 0xfa, 0xc9, 0xfa, 0xc9, 0xfa, 0xc8, 0xfa,
    0xc9, 0xfa, 0xc9, 0xfa, 0xc8, 0xfa, 0xc9, 0xfa, 0xc9, 0xfa, 0xc9, 0xfa,
    0xc8, 0xfa, 0xc9, 0xfa, 0xc9, 0xfa, 0xc9, 0xfa, 0xc9, 0xfa, 0xc9, 0xfa,
    0xc9, 0xfa, 0xc9, 0xfa, 0xc9, 0xfa, 0xc9, 0xfa, 0xc9, 0xfa, 0xc9, 0xfa,
    0xc9, 0xfa, 0xc9, 0xfa, 0xc8, 0xfa, 0xc9, 0xfa, 0xc9, 0xfa, 0xa2, 0x20,
    0x00, 0x10, 0x00, 0x00, 0x20, 0x08, 0x00, 0x08, 0x00, 0x08, 0xff, 0xff,
    0xff, 0xff, 0xff, 0xff, 0xff, 0xff, 0xff, 0xff, 0x20, 0x00, 0x00, 0x48,
    0x6c, 0xc3, 0xc9, 0xfa, 0xc9, 0xfa, 0xc9, 0xfa, 0xc9, 0xfa, 0xc9, 0xfa,
    0xc9, 0xfa, 0xc9, 0xfa, 0xc9, 0xfa, 0xc9, 0xfa, 0xc9, 0xfa, 0xc9, 0xfa,
    0xc9, 0xfa, 0xc9, 0xfa, 0xc9, 0xfa, 0xc9, 0xfa, 0xc8, 0xfa, 0xc9, 0xfa,
    0xc9, 0xfa, 0xc9, 0xfa, 0xc9, 0xfa, 0xc9, 0xfa, 0xc9, 0xfa, 0xc8, 0xfa,
    0xc9, 0xfa, 0xc9, 0xfa, 0xc9, 0xfa, 0xc9, 0xfa, 0xc9, 0xfa, 0xc9, 0xfa,
    0xc9, 0xfa, 0xc8, 0xfa, 0xc9, 0xfa, 0xc9, 0xfa, 0xc9, 0xfa, 0xc8, 0xfa,
    0xc9, 0xfa, 0xc9, 0xfa, 0xc9, 0xfa, 0xc9, 0xfa, 0xc9, 0xfa, 0xc8, 0xfa,
    0xc9, 0xfa, 0xc9, 0xfa, 0xc9, 0xfa, 0xc9, 0xfa, 0xc9, 0xfa, 0xc8, 0xfa,
    0xc9, 0xfa, 0xc9, 0xfa, 0xc9, 0xfa, 0xe3, 0x38, 0x00, 0x10, 0x20, 0x08,
    0x00, 0x08, 0x00, 0x00, 0x20, 0x08, 0xff, 0xff, 0xff, 0xff, 0xff, 0xff,
    0xff, 0xff, 0xff, 0xff, 0xff, 0xff, 0xff, 0xff, 0xff, 0xff, 0xff, 0xff,
    0xff, 0xff, 0xff, 0xff, 0xff, 0xff, 0xff, 0xff, 0xff, 0xff, 0xff, 0xff,
    0xff, 0xff, 0xff, 0xff, 0xff, 0xff, 0xff, 0xff, 0xff, 0xff, 0xff, 0xff,
    0xff, 0xff, 0xff, 0xff, 0xff, 0xff, 0xff, 0xff, 0xff, 0xff, 0xff, 0xff,
    0xff, 0xff, 0xff, 0xff, 0xff, 0xff, 0xff, 0xff, 0xff, 0xff, 0xff, 0xff,
    0xff, 0xff, 0xff, 0xff, 0xff, 0xff, 0xff, 0xff, 0xff, 0xff, 0xff, 0xff,
    0x00, 0x08, 0x00, 0x00, 0x47, 0xda, 0xc9, 0xfa, 0xc9, 0xfa, 0xc9, 0xfa,
    0xc9, 0xfa, 0xc9, 0xfa, 0xc9, 0xfa, 0xc9, 0xfa, 0xc9, 0xfa, 0xc9, 0xfa,
    0xc8, 0xfa, 0xc9, 0xfa, 0xc9, 0xfa, 0xc8, 0xfa, 0xc9, 0xfa, 0xc9, 0xfa,
    0xc8, 0xfa, 0xc9, 0xfa, 0xc9, 0xfa, 0xc8, 0xfa, 0xc9, 0xfa, 0xc9, 0xfa,
    0xc9, 0xfa, 0xc9, 0xfa, 0xe9, 0xf2, 0x47, 0xda, 0x00, 0x08, 0x00, 0x08,
    0x00, 0x08, 0x00, 0x00, 0x00, 0x08, 0x20, 0x08, 0xff, 0xff, 0xff, 0xff,
    0xff, 0xff, 0xff, 0xff, 0xff, 0xff, 0xff, 0xff, 0xff, 0xff, 0xff, 0xff,
    0xff, 0xff, 0xff, 0xff, 0xff, 0xff, 0xff, 0xff, 0xff, 0xff, 0xff, 0xff,
    0xff, 0xff, 0xff, 0xff, 0xff, 0xff, 0xff, 0xff, 0xff, 0xff, 0xff, 0xff,
    0xff, 0xff, 0xff, 0xff, 0xff, 0xff, 0xff, 0xff, 0xff, 0xff, 0xff, 0xff,
    0xff, 0xff, 0xff, 0xff, 0xff, 0xff, 0xff, 0xff, 0xff, 0xff, 0xff, 0xff,
    0xff, 0xff, 0xff, 0xff, 0xff, 0xff, 0xff, 0xff, 0xff, 0xff, 0xff, 0xff,
    0xff, 0xff, 0xff, 0xff, 0xff, 0xff, 0xff, 0xff, 0xff, 0xff, 0xff, 0xff,
    0xff, 0xff, 0xff, 0xff, 0xff, 0xff, 0xff, 0xff, 0xff, 0xff, 0xff, 0xff,
    0xff, 0xff, 0xff, 0xff, 0xff, 0xff, 0xff, 0xff, 0xff, 0xff, 0xff, 0xff,
    0x00, 0x10, 0xa2, 0x28, 0xc9, 0xfa, 0xc9, 0xfa, 0xc9, 0xfa, 0xc9, 0xfa,
    0xc9, 0xfa, 0xc9, 0xfa, 0xc9, 0xfa, 0xc9, 0xfa, 0xc9, 0xfa, 0xc8, 0xfa,
    0xc9, 0xfa, 0xc9, 0xfa, 0xc8, 0xfa, 0xc9, 0xfa, 0xc9, 0xfa, 0xc9, 0xfa,
    0xc9, 0xfa, 0xc9, 0xfa, 0xc9, 0xfa, 0xc9, 0xfa, 0xc9, 0xfa, 0xc9, 0xfa,
    0xc9, 0xfa, 0xc9, 0xfa, 0x2a, 0xe3, 0x23, 0x99, 0x00, 0x08, 0x00, 0x08,
    0x00, 0x08, 0x00, 0x08, 0x20, 0x00, 0x00, 0x08, 0xff, 0xff, 0xff, 0xff,
    0xff, 0xff, 0xff, 0xff, 0xff, 0xff, 0xff, 0xff, 0xff, 0xff, 0xff, 0xff,
    0xff, 0xff, 0xff, 0xff, 0xff, 0xff, 0xff, 0xff, 0xff, 0xff, 0xff, 0xff,
    0xff, 0xff, 0xff, 0xff, 0xff, 0xff, 0x21, 0x00, 0x00, 0x38, 0x0b, 0xab,
    0xc9, 0xfa, 0xc9, 0xfa, 0xc9, 0xfa, 0xc9, 0xfa, 0xc9, 0xfa, 0xc8, 0xfa,
    0xc9, 0xfa, 0xc9, 0xfa, 0xc9, 0xfa, 0xc9, 0xfa, 0xc9, 0xfa, 0xc9, 0xfa,
    0xc9, 0xfa, 0xc9, 0xfa, 0xc9, 0xfa, 0xc9, 0xfa, 0xc9, 0xfa, 0xc9, 0xfa,
    0xc9, 0xfa, 0xc9, 0xfa, 0xc8, 0xfa, 0xc9, 0xfa, 0xc9, 0xfa, 0xc9, 0xfa,
    0xca, 0xa2, 0x00, 0x38, 0x00, 0x08, 0x00, 0x00, 0x00, 0x08, 0x00, 0x08,
    0x21, 0x00, 0xff, 0xff, 0xff, 0xff, 0xff, 0xff, 0xff, 0xff, 0x20, 0x08,
    0x00, 0x20, 0xc6, 0x59, 0xc9, 0xfa, 0xc9, 0xfa, 0xc9, 0xfa, 0xc8, 0xfa,
    0xc9, 0xfa, 0xc9, 0xfa, 0xc8, 0xfa, 0xc9, 0xfa, 0xc9, 0xfa, 0xc9, 0xfa,
    0xc9, 0xfa, 0xc8, 0xfa, 0xc9, 0xfa, 0xc9, 0xfa, 0xc9, 0xfa, 0xc9, 0xfa,
    0xc9, 0xfa, 0xc9, 0xfa, 0xc9, 0xfa, 0xc9, 0xfa, 0xc9, 0xfa, 0xc9, 0xfa,
    0xc8, 0xfa, 0xc9, 0xfa, 0xc9, 0xfa, 0xc9, 0xfa, 0xc8, 0xfa, 0xc9, 0xfa,
    0xc9, 0xfa, 0xc8, 0xfa, 0xc9, 0xfa, 0xc9, 0xfa, 0xc9, 0xfa, 0xc8, 0xfa,
    0xc9, 0xfa, 0xc9, 0xfa, 0xc9, 0xfa, 0xc9, 0xfa, 0xc9, 0xfa, 0xc9, 0xfa,
    0xc9, 0xfa, 0xc9, 0xfa, 0xc9, 0xfa, 0xc9, 0xfa, 0xc9, 0xfa, 0xc9, 0xfa,
    0xc9, 0xfa, 0xc9, 0xfa, 0xc9, 0xfa, 0xc9, 0xfa, 0xc9, 0xfa, 0xc9, 0xfa,
    0xc8, 0xfa, 0xc9, 0xfa, 0xc9, 0xfa, 0xc9, 0xfa, 0xc9, 0xfa, 0xc9, 0xfa,
    0xc8, 0xfa, 0xc9, 0xfa, 0xc9, 0xfa, 0xc9, 0xfa, 0xc8, 0xfa, 0xc9, 0xfa,
    0xc9, 0xfa, 0xc8, 0xfa, 0xc9, 0xfa, 0xc9, 0xfa, 0xc8, 0xfa, 0xc9, 0xfa,
    0xc9, 0xfa, 0xc8, 0xfa, 0xc9, 0xfa, 0xc9, 0xfa, 0xc9, 0xfa, 0xc9, 0xfa,
    0xc9, 0xfa, 0xc9, 0xfa, 0xc9, 0xfa, 0xc9, 0xfa, 0xc9, 0xfa, 0xc9, 0xfa,
    0xc9, 0xfa, 0xc9, 0xfa, 0xc9, 0xfa, 0xc9, 0xfa, 0xc9, 0xfa, 0xc8, 0xfa,
    0xc9, 0xfa, 0xc9, 0xfa, 0xc8, 0xfa, 0xc9, 0xfa, 0xc9, 0xfa, 0xc8, 0xfa,
    0xc9, 0xfa, 0xc9, 0xfa, 0xc9, 0xfa, 0xc9, 0xfa, 0xc9, 0xfa, 0xc9, 0xfa,
    0xc9, 0xfa, 0xc9, 0xfa, 0xa2, 0x28, 0x00, 0x10, 0x00, 0x08, 0x00, 0x00,
    0x20, 0x08, 0x00, 0x08, 0xff, 0xff, 0xff, 0xff, 0xff, 0xff, 0xff, 0xff,
    0xff, 0xff, 0x21, 0x00, 0x00, 0x48, 0x8c, 0xc3, 0xc9, 0xfa, 0xc9, 0xfa,
    0xc8, 0xfa, 0xc9, 0xfa, 0xc9, 0xfa, 0xc8, 0xfa, 0xc9, 0xfa, 0xc9, 0xfa,
    0xc8, 0xfa, 0xc9, 0xfa, 0xc9, 0xfa, 0xc8, 0xfa, 0xc9, 0xfa, 0xc9, 0xfa,
    0xc9, 0xfa, 0xc9, 0xfa, 0xc9, 0xfa, 0xc9, 0xfa, 0xc8, 0xfa, 0xc9, 0xfa,
    0xc9, 0xfa, 0xc9, 0xfa, 0xc9, 0xfa, 0xc9, 0xfa, 0xc9, 0xfa, 0xc9, 0xfa,
    0xc9, 0xfa, 0xc9, 0xfa, 0xc9, 0xfa, 0xc9, 0xfa, 0xc9, 0xfa, 0xc9, 0xfa,
    0xc9, 0xfa, 0xc9, 0xfa, 0xc9, 0xfa, 0xc9, 0xfa, 0xc9, 0xfa, 0xc8, 0xfa,
    0xc9, 0xfa, 0xc9, 0xfa, 0xc9, 0xfa, 0xc9, 0xfa, 0xc9, 0xfa, 0xc8, 0xfa,
    0xc9, 0xfa, 0xc9, 0xfa, 0xc9, 0xfa, 0xc9, 0xfa, 0xc9, 0xfa, 0xc9, 0xfa,
    0xe2, 0x38, 0x00, 0x10, 0x00, 0x08, 0x20, 0x08, 0x00, 0x08, 0x00, 0x08,
    0xff, 0xff, 0xff, 0xff, 0xff, 0xff, 0xff, 0xff, 0xff, 0xff, 0xff, 0xff,
    0xff, 0xff, 0xff, 0xff, 0xff, 0xff, 0xff, 0xff, 0xff, 0xff, 0xff, 0xff,
    0xff, 0xff, 0xff, 0xff, 0xff, 0xff, 0xff, 0xff, 0xff, 0xff, 0xff, 0xff,
    0xff, 0xff, 0xff, 0xff, 0xff, 0xff, 0xff, 0xff, 0xff, 0xff, 0xff, 0xff,
    0xff, 0xff, 0xff, 0xff, 0xff, 0xff, 0xff, 0xff, 0xff, 0xff, 0xff, 0xff,
    0xff, 0xff, 0xff, 0xff, 0xff, 0xff, 0xff, 0xff, 0xff, 0xff, 0xff, 0xff,
    0xff, 0xff, 0xff, 0xff, 0xff, 0xff, 0x00, 0x08, 0x00, 0x08, 0x47, 0xda,
    0xe9, 0xfa, 0xc9, 0xfa, 0xc8, 0xfa, 0xc9, 0xfa, 0xc9, 0xfa, 0xc8, 0xfa,
    0xc9, 0xfa, 0xc9, 0xfa, 0xc9, 0xfa, 0xc9, 0xfa, 0xc9, 0xfa, 0xc9, 0xfa,
    0xc9, 0xfa, 0xc9, 0xfa, 0xc9, 0xfa, 0xc9, 0xfa, 0xc9, 0xfa, 0xc9, 0xfa,
    0xc9, 0xfa, 0xc9, 0xfa, 0xc9, 0xfa, 0xc9, 0xfa, 0xc9, 0xfa, 0xe9, 0xf2,
    0x47, 0xda, 0x00, 0x08, 0x00, 0x08, 0x20, 0x08, 0x00, 0x08, 0x00, 0x08,
    0x00, 0x00, 0xff, 0xff, 0xff, 0xff, 0xff, 0xff, 0xff, 0xff, 0xff, 0xff,
    0xff, 0xff, 0xff, 0xff, 0xff, 0xff, 0xff, 0xff, 0xff, 0xff, 0xff, 0xff,
    0xff, 0xff, 0xff, 0xff, 0xff, 0xff, 0xff, 0xff, 0xff, 0xff, 0xff, 0xff,
    0xff, 0xff, 0xff, 0xff, 0xff, 0xff, 0xff, 0xff, 0xff, 0xff, 0xff, 0xff,
    0xff, 0xff, 0xff, 0xff, 0xff, 0xff, 0xff, 0xff, 0xff, 0xff, 0xff, 0xff,
    0xff, 0xff, 0xff, 0xff, 0xff, 0xff, 0xff, 0xff, 0xff, 0xff, 0xff, 0xff,
    0xff, 0xff, 0xff, 0xff, 0xff, 0xff, 0xff, 0xff, 0xff, 0xff, 0xff, 0xff,
    0xff, 0xff, 0xff, 0xff, 0xff, 0xff, 0xff, 0xff, 0xff, 0xff, 0xff, 0xff,
    0xff, 0xff, 0xff, 0xff, 0xff, 0xff, 0xff, 0xff, 0xff, 0xff, 0xff, 0xff,
    0xff, 0xff, 0xff, 0xff, 0xff, 0xff, 0x00, 0x10, 0xa2, 0x20, 0xc9, 0xfa,
    0xc9, 0xfa, 0xc9, 0xfa, 0xc9, 0xfa, 0xc9, 0xfa, 0xc8, 0xfa, 0xc9, 0xfa,
    0xc9, 0xfa, 0xc9, 0xfa, 0xc9, 0xfa, 0xc9, 0xfa, 0xc9, 0xfa, 0xc9, 0xfa,
    0xc9, 0xfa, 0xc9, 0xfa, 0xc8, 0xfa, 0xc9, 0xfa, 0xc9, 0xfa, 0xc9, 0xfa,
    0xc8, 0xfa, 0xc9, 0xfa, 0xc9, 0xfa, 0xc9, 0xfa, 0xc9, 0xfa, 0x2a, 0xe3,
    0x23, 0x99, 0x00, 0x08, 0x20, 0x08, 0x00, 0x00, 0x00, 0x08, 0x00, 0x08,
    0x20, 0x08, 0xff, 0xff, 0xff, 0xff, 0xff, 0xff, 0xff, 0xff, 0xff, 0xff,
    0xff, 0xff, 0xff, 0xff, 0xff, 0xff, 0xff, 0xff, 0xff, 0xff, 0xff, 0xff,
    0xff, 0xff, 0xff, 0xff, 0xff, 0xff, 0xff, 0xff, 0xff, 0xff, 0xff, 0xff,
    0x20, 0x08, 0x00, 0x38, 0x0b, 0xab, 0xc9, 0xfa, 0xc9, 0xfa, 0xc8, 0xfa,
    0xc9, 0xfa, 0xc9, 0xfa, 0xc9, 0xfa, 0xc9, 0xfa, 0xc9, 0xfa, 0xc8, 0xfa,
    0xc9, 0xfa, 0xc9, 0xfa, 0xc9, 0xfa, 0xc9, 0xfa, 0xc9, 0xfa, 0xc9, 0xfa,
    0xc8, 0xfa, 0xc9, 0xfa, 0xc9, 0xfa, 0xc9, 0xfa, 0xc9, 0xfa, 0xc9, 0xfa,
    0xc9, 0xfa, 0xc9, 0xfa, 0xc8, 0xfa, 0xca, 0xa2, 0x00, 0x30, 0x20, 0x08,
    0x00, 0x08, 0x00, 0x08, 0x20, 0x08, 0x20, 0x00, 0xff, 0xff, 0xff, 0xff,
    0xff, 0xff, 0xff, 0xff, 0x21, 0x00, 0x00, 0x20, 0xc6, 0x59, 0xc9, 0xfa,
    0xc9, 0xfa, 0xc9, 0xfa, 0xc9, 0xfa, 0xc9, 0xfa, 0xc9, 0xfa, 0xc9, 0xfa,
    0xc9, 0xfa, 0xc9, 0xfa, 0xc8, 0xfa, 0xc9, 0xfa, 0xc9, 0xfa, 0xc9, 0xfa,
    0xc9, 0xfa, 0xc8, 0xfa, 0xc9, 0xfa, 0xc9, 0xfa, 0xc8, 0xfa, 0xc9, 0xfa,
    0xc9, 0xfa, 0xc9, 0xfa, 0xc9, 0xfa, 0xc9, 0xfa, 0xc9, 0xfa, 0xc9, 0xfa,
    0xc9, 0xfa, 0xc9, 0xfa, 0xc9, 0xfa, 0xc9, 0xfa, 0xc9, 0xfa, 0xc9, 0xfa,
    0xc9, 0xfa, 0xc9, 0xfa, 0xc9, 0xfa, 0xc9, 0xfa, 0xc9, 0xfa, 0xc9, 0xfa,
    0xc9, 0xfa, 0xc8, 0xfa, 0xc9, 0xfa, 0xc9, 0xfa, 0xc8, 0xfa, 0xc9, 0xfa,
    0xc9, 0xfa, 0xc9, 0xfa, 0xc9, 0xfa, 0xc9, 0xfa, 0xc9, 0xfa, 0xc8, 0xfa,
    0xc9, 0xfa, 0xc9, 0xfa, 0xc9, 0xfa, 0xc9, 0xfa, 0xc9, 0xfa, 0xc9, 0xfa,
    0xc8, 0xfa, 0xc9, 0xfa, 0xc9, 0xfa, 0xc9, 0xfa, 0xc9, 0xfa, 0xc9, 0xfa,
    0xc9, 0xfa, 0xc9, 0xfa, 0xc9, 0xfa, 0xc9, 0xfa, 0xc9, 0xfa, 0xc9, 0xfa,
    0xc9, 0xfa, 0xc9, 0xfa, 0xc9, 0xfa, 0xc9, 0xfa, 0xc9, 0xfa, 0xc9, 0xfa,
    0xc9, 0xfa, 0xc9, 0xfa, 0xc9, 0xfa, 0xc8, 0xfa, 0xc9, 0xfa, 0xc9, 0xfa,
    0xc9, 0xfa, 0xc8, 0xfa, 0xc9, 0xfa, 0xc9, 0xfa, 0xc8, 0xfa, 0xc9, 0xfa,
    0xc9, 0xfa, 0xc9, 0xfa, 0xc9, 0xfa, 0xc9, 0xfa, 0xc9, 0xfa, 0xc9, 0xfa,
    0xc9, 0xfa, 0xc9, 0xfa, 0xc9, 0xfa, 0xc9, 0xfa, 0xc9, 0xfa, 0xc8, 0xfa,
    0xc9, 0xfa, 0xc9, 0xfa, 0xc9, 0xfa, 0xc9, 0xfa, 0xc9, 0xfa, 0xa2, 0x28,
    0x00, 0x10, 0x00, 0x08, 0x00, 0x08, 0x00, 0x00, 0x20, 0x08, 0xff, 0xff,
    0xff, 0xff, 0xff, 0xff, 0xff, 0xff, 0xff, 0xff, 0x20, 0x00, 0x00, 0x48,
    0x8d, 0xc3, 0xc9, 0xfa, 0xc9, 0xfa, 0xc9, 0xfa, 0xc9, 0xfa, 0xc9, 0xfa,
    0xc9, 0xfa, 0xc9, 0xfa, 0xc9, 0xfa, 0xc9, 0xfa, 0xc9, 0xfa, 0xc9, 0xfa,
    0xc9, 0xfa, 0xc9, 0xfa, 0xc8, 0xfa, 0xc9, 0xfa, 0xc9, 0xfa, 0xc9, 0xfa,
    0xc9, 0xfa, 0xc9, 0xfa, 0xc9, 0xfa, 0xc9, 0xfa, 0xc9, 0xfa, 0xc9, 0xfa,
    0xc9, 0xfa, 0xc8, 0xfa, 0xc9, 0xfa, 0xc9, 0xfa, 0xc8, 0xfa, 0xc9, 0xfa,
    0xc9, 0xfa, 0xc9, 0xfa, 0xc9, 0xfa, 0xc8, 0xfa, 0xc9, 0xfa, 0xc9, 0xfa,
    0xc9, 0xfa, 0xc9, 0xfa, 0xc9, 0xfa, 0xc9, 0xfa, 0xc9, 0xfa, 0xc9, 0xfa,
    0xc9, 0xfa, 0xc9, 0xfa, 0xc9, 0xfa, 0xc9, 0xfa, 0xc9, 0xfa, 0xc9, 0xfa,
    0xc9, 0xfa, 0xc9, 0xfa, 0xc9, 0xfa, 0xe2, 0x38, 0x00, 0x18, 0x00, 0x08,
    0x00, 0x08, 0x20, 0x00, 0x00, 0x08, 0xff, 0xff, 0xff, 0xff, 0xff, 0xff,
    0xff, 0xff, 0xff, 0xff, 0xff, 0xff, 0xff, 0xff, 0xff, 0xff, 0xff, 0xff,
    0xff, 0xff, 0xff, 0xff, 0xff, 0xff, 0xff, 0xff, 0xff, 0xff, 0xff, 0xff,
    0xff, 0xff, 0xff, 0xff, 0xff, 0xff, 0xff, 0xff, 0xff, 0xff, 0xff, 0xff,
    0xff, 0xff, 0xff, 0xff, 0xff, 0xff, 0xff, 0xff, 0xff, 0xff, 0xff, 0xff,
    0xff, 0xff, 0xff, 0xff, 0xff, 0xff, 0xff, 0xff, 0xff, 0xff, 0xff, 0xff,
    0xff, 0xff, 0xff, 0xff, 0xff, 0xff, 0xff, 0xff, 0xff, 0xff, 0xff, 0xff,
    0x00, 0x08, 0x00, 0x08, 0x47, 0xda, 0xe9, 0xf2, 0xc9, 0xfa, 0xc9, 0xfa,
    0xc9, 0xfa, 0xc9, 0xfa, 0xc9, 0xfa, 0xc9, 0xfa, 0xc9, 0xfa, 0xc9, 0xfa,
    0xc9, 0xfa, 0xc9, 0xfa, 0xc9, 0xfa, 0xc9, 0xfa, 0xc9, 0xfa, 0xc9, 0xfa,
    0xc9, 0xfa, 0xc8, 0xfa, 0xc9, 0xfa, 0xc9, 0xfa, 0xc9, 0xfa, 0xc8, 0xfa,
    0xc9, 0xfa, 0xc9, 0xfa, 0xe9, 0xf2, 0x47, 0xda, 0x00, 0x08, 0x00, 0x00,
    0x20, 0x08, 0x00, 0x08, 0x00, 0x00, 0x20, 0x08, 0xff, 0xff, 0xff, 0xff,
    0xff, 0xff, 0xff, 0xff, 0xff, 0xff, 0xff, 0xff, 0xff, 0xff, 0xff, 0xff,
    0xff, 0xff, 0xff, 0xff, 0xff, 0xff, 0xff, 0xff, 0xff, 0xff, 0xff, 0xff,
    0xff, 0xff, 0xff, 0xff, 0xff, 0xff, 0xff, 0xff, 0xff, 0xff, 0xff, 0xff,
    0xff, 0xff, 0xff, 0xff, 0xff, 0xff, 0xff, 0xff, 0xff, 0xff, 0xff, 0xff,
    0xff, 0xff, 0xff, 0xff, 0xff, 0xff, 0xff, 0xff, 0xff, 0xff, 0xff, 0xff,
    0xff, 0xff, 0xff, 0xff, 0xff, 0xff, 0xff, 0xff, 0xff, 0xff, 0xff, 0xff,
    0xff, 0xff, 0xff, 0xff, 0xff, 0xff, 0xff, 0xff, 0xff, 0xff, 0xff, 0xff,
    0xff, 0xff, 0xff, 0xff, 0xff, 0xff, 0xff, 0xff, 0xff, 0xff, 0xff, 0xff,
    0xff, 0xff, 0xff, 0xff, 0xff, 0xff, 0xff, 0xff, 0xff, 0xff, 0xff, 0xff,
    0x00, 0x10, 0xa2, 0x28, 0xc9, 0xfa, 0xc9, 0xfa, 0xc9, 0xfa, 0xc9, 0xfa,
    0xc9, 0xfa, 0xc9, 0xfa, 0xc9, 0xfa, 0xc9, 0xfa, 0xc9, 0xfa, 0xc9, 0xfa,
    0xc9, 0xfa, 0xc9, 0xfa, 0xc9, 0xfa, 0xc9, 0xfa, 0xc9, 0xfa, 0xc9, 0xfa,
    0xc9, 0xfa, 0xc9, 0xfa, 0xc9, 0xfa, 0xc9, 0xfa, 0xc9, 0xfa, 0xc8, 0xfa,
    0xc9, 0xfa, 0xc9, 0xfa, 0x2a, 0xe3, 0x43, 0x99, 0x00, 0x08, 0x00, 0x08,
    0x20, 0x00, 0x00, 0x08, 0x00, 0x08, 0x00, 0x00, 0xff, 0xff, 0xff, 0xff,
    0xff, 0xff, 0xff, 0xff, 0xff, 0xff, 0xff, 0xff, 0xff, 0xff, 0xff, 0xff,
    0xff, 0xff, 0xff, 0xff, 0xff, 0xff, 0xff, 0xff, 0xff, 0xff, 0xff, 0xff,
    0xff, 0xff, 0xff, 0xff, 0xff, 0xff, 0x20, 0x00, 0x00, 0x38, 0x0b, 0xab,
    0xc9, 0xfa, 0xc9, 0xfa, 0xc9, 0xfa, 0xc9, 0xfa, 0xc9, 0xfa, 0xc9, 0xfa,
    0xc9, 0xfa, 0xc9, 0xfa, 0xc9, 0xfa, 0xc9, 0xfa, 0xc8, 0xfa, 0xc9, 0xfa,
    0xc9, 0xfa, 0xc8, 0xfa, 0xc9, 0xfa, 0xc9, 0xfa, 0xc9, 0xfa, 0xc9, 0xfa,
    0xc8, 0xfa, 0xc9, 0xfa, 0xc9, 0xfa, 0xc9, 0xfa, 0xc9, 0xfa, 0xc9, 0xfa,
    0xca, 0xa2, 0x00, 0x38, 0x00, 0x08, 0x00, 0x00, 0x20, 0x08, 0x00, 0x08,
    0x20, 0x00, 0xff, 0xff, 0xff, 0xff, 0xff, 0xff, 0xff, 0xff, 0x20, 0x00,
    0x00, 0x20, 0xc6, 0x59, 0xc9, 0xfa, 0xc9, 0xfa, 0xc9, 0xfa, 0xc9, 0xfa,
    0xc9, 0xfa, 0xc9, 0xfa, 0xc9, 0xfa, 0xc9, 0xfa, 0xc9, 0xfa, 0xc9, 0xfa,
    0xc9, 0xfa, 0xc9, 0xfa, 0xc9, 0xfa, 0xc9, 0xfa, 0xc9, 0xfa, 0xc9, 0xfa,
    0xc9, 0xfa, 0xc9, 0xfa, 0xc9, 0xfa, 0xc8, 0xfa, 0xc9, 0xfa, 0xc9, 0xfa,
    0xc9, 0xfa, 0xc9, 0xfa, 0xc8, 0xfa, 0xc9, 0xfa, 0xc9, 0xfa, 0xc9, 0xfa,
    0xc9, 0xfa, 0xc9, 0xfa, 0xc9, 0xfa, 0xc9, 0xfa, 0xc9, 0xfa, 0xc9, 0xfa,
    0xc9, 0xfa, 0xc8, 0xfa, 0xc9, 0xfa, 0xc9, 0xfa, 0xc9, 0xfa, 0xc9, 0xfa,
    0xc9, 0xfa, 0xc9, 0xfa, 0xc9, 0xfa, 0xc9, 0xfa, 0xc8, 0xfa, 0xc9, 0xfa,
    0xc9, 0xfa, 0xc9, 0xfa, 0xc9, 0xfa, 0xc9, 0xfa, 0xc9, 0xfa, 0xc8, 0xfa,
    0xc9, 0xfa, 0xc9, 0xfa, 0xc9, 0xfa, 0xc9, 0xfa, 0xc9, 0xfa, 0xc9, 0xfa,
    0xc9, 0xfa, 0xc9, 0xfa, 0xc8, 0xfa, 0xc9, 0xfa, 0xc9, 0xfa, 0xc9, 0xfa,
    0xc9, 0xfa, 0xc9, 0xfa, 0xc8, 0xfa, 0xc9, 0xfa, 0xc9, 0xfa, 0xc9, 0xfa,
    0xc9, 0xfa, 0xc9, 0xfa, 0xc9, 0xfa, 0xc8, 0xfa, 0xc9, 0xfa, 0xc9, 0xfa,
    0xc9, 0xfa, 0xc9, 0xfa, 0xc9, 0xfa, 0xc9, 0xfa, 0xc9, 0xfa, 0xc9, 0xfa,
    0xc9, 0xfa, 0xc9, 0xfa, 0xc9, 0xfa, 0xc9, 0xfa, 0xc9, 0xfa, 0xc9, 0xfa,
    0xc9, 0xfa, 0xc9, 0xfa, 0xc9, 0xfa, 0xc8, 0xfa, 0xc9, 0xfa, 0xc9, 0xfa,
    0xc9, 0xfa, 0xc9, 0xfa, 0xc9, 0xfa, 0xc9, 0xfa, 0xc8, 0xfa, 0xc9, 0xfa,
    0xc9, 0xfa, 0xc8, 0xfa, 0xa2, 0x20, 0x00, 0x10, 0x00, 0x08, 0x00, 0x08,
    0x00, 0x08, 0x00, 0x00, 0xff, 0xff, 0xff, 0xff, 0xff, 0xff, 0xff, 0xff,
    0xff, 0xff, 0x20, 0x00, 0x00, 0x48, 0x6c, 0xc3, 0xc9, 0xfa, 0xc9, 0xfa,
    0xc9, 0xfa, 0xc9, 0xfa, 0xc9, 0xfa, 0xc9, 0xfa, 0xc8, 0xfa, 0xc9, 0xfa,
    0xc9, 0xfa, 0xc9, 0xfa, 0xc9, 0xfa, 0xc9, 0xfa, 0xc9, 0xfa, 0xc9, 0xfa,
    0xc9, 0xfa, 0xc9, 0xfa, 0xc8, 0xfa, 0xc9, 0xfa, 0xc9, 0xfa, 0xc9, 0xfa,
    0xc8, 0xfa, 0xc9, 0xfa, 0xc9, 0xfa, 0xc9, 0xfa, 0xc9, 0xfa, 0xc9, 0xfa,
    0xc9, 0xfa, 0xc9, 0xfa, 0xc9, 0xfa, 0xc8, 0xfa, 0xc9, 0xfa, 0xc9, 0xfa,
    0xc9, 0xfa, 0xc9, 0xfa, 0xc9, 0xfa, 0xc8, 0xfa, 0xc9, 0xfa, 0xc9, 0xfa,
    0xc9, 0xfa, 0xc8, 0xfa, 0xc9, 0xfa, 0xc9, 0xfa, 0xc8, 0xfa, 0xc9, 0xfa,
    0xc9, 0xfa, 0xc8, 0xfa, 0xc9, 0xfa, 0xc9, 0xfa, 0xc9, 0xfa, 0xc9, 0xfa,
    0xe3, 0x38, 0x00, 0x10, 0x20, 0x08, 0x00, 0x08, 0x00, 0x00, 0x00, 0x08,
    0xff, 0xff, 0xff, 0xff, 0xff, 0xff, 0xff, 0xff, 0xff, 0xff, 0xff, 0xff,
    0xff, 0xff, 0xff, 0xff, 0xff, 0xff, 0xff, 0xff, 0xff, 0xff, 0xff, 0xff,
    0xff, 0xff, 0xff, 0xff, 0xff, 0xff, 0xff, 0xff, 0xff, 0xff, 0xff, 0xff,
    0xff, 0xff, 0xff, 0xff, 0xff, 0xff, 0xff, 0xff, 0xff, 0xff, 0xff, 0xff,
    0xff, 0xff, 0xff, 0xff, 0xff, 0xff, 0xff, 0xff, 0xff, 0xff, 0xff, 0xff,
    0xff, 0xff, 0xff, 0xff, 0xff, 0xff, 0xff, 0xff, 0xff, 0xff, 0xff, 0xff,
    0xff, 0xff, 0xff, 0xff, 0xff, 0xff, 0x00, 0x08, 0x00, 0x08, 0x47, 0xda,
    0xc9, 0xfa, 0xc9, 0xfa, 0xc9, 0xfa, 0xc9, 0xfa, 0xc9, 0xfa, 0xc9, 0xfa,
    0xc9, 0xfa, 0xc8, 0xfa, 0xc9, 0xfa, 0xc9, 0xfa, 0xc8, 0xfa, 0xc9, 0xfa,
    0xc9, 0xfa, 0xc8, 0xfa, 0xc9, 0xfa, 0xc9, 0xfa, 0xc9, 0xfa, 0xc9, 0xfa,
    0xc9, 0xfa, 0xc9, 0xfa, 0xc9, 0xfa, 0xc9, 0xfa, 0xc9, 0xfa, 0xe9, 0xf2,
    0x47, 0xda, 0x00, 0x08, 0x00, 0x08, 0x00, 0x00, 0x00, 0x08, 0x20, 0x08,
    0x00, 0x08, 0xff, 0xff, 0xff, 0xff, 0xff, 0xff, 0xff, 0xff, 0xff, 0xff,
    0xff, 0xff, 0xff, 0xff, 0xff, 0xff, 0xff, 0xff, 0xff, 0xff, 0xff, 0xff,
    0xff, 0xff, 0xff, 0xff, 0xff, 0xff, 0xff, 0xff, 0xff, 0xff, 0xff, 0xff,
    0xff, 0xff, 0xff, 0xff, 0xff, 0xff, 0xff, 0xff, 0xff, 0xff, 0xff, 0xff,
    0xff, 0xff, 0xff, 0xff, 0xff, 0xff, 0xff, 0xff, 0xff, 0xff, 0xff, 0xff,
    0xff, 0xff, 0xff, 0xff, 0xff, 0xff, 0xff, 0xff, 0xff, 0xff, 0xff, 0xff,
    0xff, 0xff, 0xff, 0xff, 0xff, 0xff, 0xff, 0xff, 0xff, 0xff, 0xff, 0xff,
    0xff, 0xff, 0xff, 0xff, 0xff, 0xff, 0xff, 0xff, 0xff, 0xff, 0xff, 0xff,
    0xff, 0xff, 0xff, 0xff, 0xff, 0xff, 0xff, 0xff, 0xff, 0xff, 0xff, 0xff,
    0xff, 0xff, 0xff, 0xff, 0xff, 0xff, 0x00, 0x10, 0xa2, 0x28, 0xc9, 0xfa,
    0xc9, 0xfa, 0xc9, 0xfa, 0xc8, 0xfa, 0xc9, 0xfa, 0xc9, 0xfa, 0xc9, 0xfa,
    0xc8, 0xfa, 0xc9, 0xfa, 0xc9, 0xfa, 0xc8, 0xfa, 0xc9, 0xfa, 0xc9, 0xfa,
    0xc8, 0xfa, 0xc9, 0xfa, 0xc9, 0xfa, 0xc8, 0xfa, 0xc9, 0xfa, 0xc9, 0xfa,
    0xc9, 0xfa, 0xc9, 0xfa, 0xc9, 0xfa, 0xc9, 0xfa, 0xc9, 0xfa, 0x2a, 0xe3,
    0x23, 0x99, 0x00, 0x08, 0x00, 0x08, 0x00, 0x08, 0x20, 0x08, 0x00, 0x08,
    0x00, 0x08, 0xff, 0xff, 0xff, 0xff, 0xff, 0xff, 0xff, 0xff, 0xff, 0xff,
    0xff, 0xff, 0xff, 0xff, 0xff, 0xff, 0xff, 0xff, 0xff, 0xff, 0xff, 0xff,
    0xff, 0xff, 0xff, 0xff, 0xff, 0xff, 0xff, 0xff, 0xff, 0xff, 0xff, 0xff,
    0x20, 0x00, 0x00, 0x38, 0x0b, 0xab, 0xc9, 0xfa, 0xc9, 0xfa, 0xc9, 0xfa,
    0xc9, 0xfa, 0xc8, 0xfa, 0xc9, 0xfa, 0xc9, 0xfa, 0xc8, 0xfa, 0xc9, 0xfa,
    0xc9, 0xfa, 0xc9, 0xfa, 0xc9, 0xfa, 0xc9, 0xfa, 0xc9, 0xfa, 0xc9, 0xfa,
    0xc9, 0xfa, 0xc9, 0xfa, 0xc9, 0xfa, 0xc9, 0xfa, 0xc9, 0xfa, 0xc9, 0xfa,
    0xc8, 0xfa, 0xc9, 0xfa, 0xc9, 0xfa, 0xca, 0xa2, 0x00, 0x30, 0x00, 0x08,
    0x00, 0x08, 0x00, 0x08, 0x00, 0x08, 0x20, 0x00, 0xff, 0xff, 0xff, 0xff,
    0xff, 0xff, 0xff, 0xff, 0x21, 0x08, 0x00, 0x20, 0xe6, 0x59, 0xc9, 0xfa,
    0xc9, 0xfa, 0xc9, 0xfa, 0xc9, 0xfa, 0xc8, 0xfa, 0xc9, 0xfa, 0xc9, 0xfa,
    0xc8, 0xfa, 0xc9, 0xfa, 0xc9, 0xfa, 0xc9, 0xfa, 0xc9, 0xfa, 0xc8, 0xfa,
    0xc9, 0xfa, 0xc9, 0xfa, 0xc9, 0xfa, 0xc9, 0xfa, 0xc9, 0xfa, 0xc9, 0xfa,
    0xc9, 0xfa, 0xc9, 0xfa, 0xc9, 0xfa, 0xc8, 0xfa, 0xc9, 0xfa, 0xc9, 0xfa,
    0xc9, 0xfa, 0xc9, 0xfa, 0xc8, 0xfa, 0xc9, 0xfa, 0xc9, 0xfa, 0xc8, 0xfa,
    0xc9, 0xfa, 0xc9, 0xfa, 0xc8, 0xfa, 0xc9, 0xfa, 0xc9, 0xfa, 0xc9, 0xfa,
    0xc9, 0xfa, 0xc9, 0xfa, 0xc9, 0xfa, 0xc9, 0xfa, 0xc9, 0xfa, 0xc9, 0xfa,
    0xc9, 0xfa, 0xc9, 0xfa, 0xc9, 0xfa, 0xc8, 0xfa, 0xc9, 0xfa, 0xc9, 0xfa,
    0xc9, 0xfa, 0xc9, 0xfa, 0xc9, 0xfa, 0xc9, 0xfa, 0xc9, 0xfa, 0xc9, 0xfa,
    0xc9, 0xfa, 0xc9, 0xfa, 0xc8, 0xfa, 0xc9, 0xfa, 0xc9, 0xfa, 0xc9, 0xfa,
    0xc9, 0xfa, 0xc9, 0xfa, 0xc8, 0xfa, 0xc9, 0xfa, 0xc9, 0xfa, 0xc9, 0xfa,
    0xc9, 0xfa, 0xc9, 0xfa, 0xc8, 0xfa, 0xc9, 0xfa, 0xc9, 0xfa, 0xc9, 0xfa,
    0xc9, 0xfa, 0xc9, 0xfa, 0xc9, 0xfa, 0xc9, 0xfa, 0xc9, 0xfa, 0xc8, 0xfa,
    0xc9, 0xfa, 0xc9, 0xfa, 0xc9, 0xfa, 0xc9, 0xfa, 0xc9, 0xfa, 0xc8, 0xfa,
    0xc9, 0xfa, 0xc9, 0xfa, 0xc8, 0xfa, 0xc9, 0xfa, 0xc9, 0xfa, 0xc9, 0xfa,
    0xc9, 0xfa, 0xc9, 0xfa, 0xc9, 0xfa, 0xc8, 0xfa, 0xc9, 0xfa, 0xc9, 0xfa,
    0xc9, 0xfa, 0xc9, 0xfa, 0xc9, 0xfa, 0xc9, 0xfa, 0xc9, 0xfa, 0xa2, 0x28,
    0x00, 0x10, 0x00, 0x00, 0x20, 0x08, 0x20, 0x08, 0x00, 0x08, 0xff, 0xff,
    0xff, 0xff, 0xff, 0xff, 0xff, 0xff, 0xff, 0xff, 0x21, 0x00, 0x00, 0x48,
    0x8c, 0xc3, 0xc9, 0xfa, 0xc9, 0xfa, 0xc9, 0xfa, 0xc8, 0xfa, 0xc9, 0xfa,
    0xc9, 0xfa, 0xc9, 0xfa, 0xc9, 0xfa, 0xc9, 0xfa, 0xc8, 0xfa, 0xc9, 0xfa,
    0xc9, 0xfa, 0xc8, 0xfa, 0xc9, 0xfa, 0xc9, 0xfa, 0xc9, 0xfa, 0xc9, 0xfa,
    0xc9, 0xfa, 0xc9, 0xfa, 0xc9, 0xfa, 0xc9, 0xfa, 0xc9, 0xfa, 0xc9, 0xfa,
    0xc8, 0xfa, 0xc9, 0xfa, 0xc9, 0xfa, 0xc9, 0xfa, 0xc9, 0xfa, 0xc9, 0xfa,
    0xc9, 0xfa, 0xc9, 0xfa, 0xc9, 0xfa, 0xc9, 0xfa, 0xc9, 0xfa, 0xc9, 0xfa,
    0xc9, 0xfa, 0xc9, 0xfa, 0xc9, 0xfa, 0xc9, 0xfa, 0xc9, 0xfa, 0xc9, 0xfa,
    0xc9, 0xfa, 0xc9, 0xfa, 0xc9, 0xfa, 0xc9, 0xfa, 0xc9, 0xfa, 0xc9, 0xfa,
    0xc8, 0xfa, 0xc9, 0xfa, 0xc9, 0xfa, 0xe2, 0x38, 0x00, 0x10, 0x00, 0x08,
    0x00, 0x08, 0x20, 0x08, 0x00, 0x08, 0xff, 0xff, 0xff, 0xff, 0xff, 0xff,
    0xff, 0xff, 0xff, 0xff, 0xff, 0xff, 0xff, 0xff, 0xff, 0xff, 0xff, 0xff,
    0xff, 0xff, 0xff, 0xff, 0xff, 0xff, 0xff, 0xff, 0xff, 0xff, 0xff, 0xff,
    0xff, 0xff, 0xff, 0xff, 0xff, 0xff, 0xff, 0xff, 0xff, 0xff, 0xff, 0xff,
    0xff, 0xff, 0xff, 0xff, 0xff, 0xff, 0xff, 0xff, 0xff, 0xff, 0xff, 0xff,
    0xff, 0xff, 0xff, 0xff, 0xff, 0xff, 0xff, 0xff, 0xff, 0xff, 0xff, 0xff,
    0xff, 0xff, 0xff, 0xff, 0xff, 0xff, 0xff, 0xff, 0xff, 0xff, 0xff, 0xff,
    0x20, 0x00, 0x00, 0x08, 0x47, 0xda, 0xe9, 0xfa, 0xc9, 0xfa, 0xc9, 0xfa,
    0xc8, 0xfa, 0xc9, 0xfa, 0xc9, 0xfa, 0xc9, 0xfa, 0xc9, 0xfa, 0xc9, 0xfa,
    0xc9, 0xfa, 0xc9, 0xfa, 0xc9, 0xfa, 0xc9, 0xfa, 0xc9, 0xfa, 0xc9, 0xfa,
    0xc9, 0xfa, 0xc9, 0xfa, 0xc9, 0xfa, 0xc8, 0xfa, 0xc9, 0xfa, 0xc9, 0xfa,
    0xc9, 0xfa, 0xc9, 0xfa, 0xe9, 0xf2, 0x47, 0xda, 0x00, 0x08, 0x00, 0x08,
    0x00, 0x08, 0x20, 0x08, 0x00, 0x08, 0x00, 0x00, 0xff, 0xff, 0xff, 0xff,
    0xff, 0xff, 0xff, 0xff, 0xff, 0xff, 0xff, 0xff, 0xff, 0xff, 0xff, 0xff,
    0xff, 0xff, 0xff, 0xff, 0xff, 0xff, 0xff, 0xff, 0xff, 0xff, 0xff, 0xff,
    0xff, 0xff, 0xff, 0xff, 0xff, 0xff, 0xff, 0xff, 0xff, 0xff, 0xff, 0xff,
    0xff, 0xff, 0xff, 0xff, 0xff, 0xff, 0xff, 0xff, 0xff, 0xff, 0xff, 0xff,
    0xff, 0xff, 0xff, 0xff, 0xff, 0xff, 0xff, 0xff, 0xff, 0xff, 0xff, 0xff,
    0xff, 0xff, 0xff, 0xff, 0xff, 0xff, 0xff, 0xff, 0xff, 0xff, 0xff, 0xff,
    0xff, 0xff, 0xff, 0xff, 0xff, 0xff, 0xff, 0xff, 0xff, 0xff, 0xff, 0xff,
    0xff, 0xff, 0xff, 0xff, 0xff, 0xff, 0xff, 0xff, 0xff, 0xff, 0xff, 0xff,
    0xff, 0xff, 0xff, 0xff, 0xff, 0xff, 0xff, 0xff, 0xff, 0xff, 0xff, 0xff,
    0x00, 0x10, 0xa2, 0x28, 0xc9, 0xfa, 0xc9, 0xfa, 0xc9, 0xfa, 0xc9, 0xfa,
    0xc9, 0xfa, 0xc9, 0xfa, 0xc9, 0xfa, 0xc9, 0xfa, 0xc9, 0xfa, 0xc9, 0xfa,
    0xc9, 0xfa, 0xc9, 0xfa, 0xc9, 0xfa, 0xc9, 0xfa, 0xc9, 0xfa, 0xc9, 0xfa,
    0xc9, 0xfa, 0xc9, 0xfa, 0xc9, 0xfa, 0xc8, 0xfa, 0xc9, 0xfa, 0xc9, 0xfa,
    0xc9, 0xfa, 0xc9, 0xfa, 0x2b, 0xe3, 0x23, 0xa1, 0x00, 0x08, 0x20, 0x00,
    0x00, 0x08, 0x00, 0x08, 0x20, 0x00, 0x00, 0x08, 0xff, 0xff, 0xff, 0xff,
    0xff, 0xff, 0xff, 0xff, 0xff, 0xff, 0xff, 0xff, 0xff, 0xff, 0xff, 0xff,
    0xff, 0xff, 0xff, 0xff, 0xff, 0xff, 0xff, 0xff, 0xff, 0xff, 0xff, 0xff,
    0xff, 0xff, 0xff, 0xff, 0xff, 0xff, 0x21, 0x08, 0x00, 0x38, 0x0b, 0xab,
    0xc9, 0xfa, 0xc9, 0xfa, 0xc9, 0xfa, 0xc9, 0xfa, 0xc9, 0xfa, 0xc9, 0xfa,
    0xc9, 0xfa, 0xc9, 0xfa, 0xc9, 0xfa, 0xc9, 0xfa, 0xc9, 0xfa, 0xc9, 0xfa,
    0xc9, 0xfa, 0xc9, 0xfa, 0xc9, 0xfa, 0xc8, 0xfa, 0xc9, 0xfa, 0xc9, 0xfa,
    0xc9, 0xfa, 0xc9, 0xfa, 0xc9, 0xfa, 0xc9, 0xfa, 0xc9, 0xfa, 0xc9, 0xfa,
    0xca, 0xa2, 0x00, 0x38, 0x20, 0x08, 0x00, 0x00, 0x00, 0x08, 0x20, 0x08,
    0x20, 0x00, 0xff, 0xff, 0xff, 0xff, 0xff, 0xff, 0xff, 0xff, 0x20, 0x00,
    0x00, 0x20, 0xc6, 0x59, 0xc9, 0xfa, 0xc9, 0xfa, 0xc9, 0xfa, 0xc9, 0xfa,
    0xc9, 0xfa, 0xc9, 0xfa, 0xc9, 0xfa, 0xc9, 0xfa, 0xc9, 0xfa, 0xc9, 0xfa,
    0xc9, 0xfa, 0xc9, 0xfa, 0xc9, 0xfa, 0xc9, 0xfa, 0xc9, 0xfa, 0xc8, 0xfa,
    0xc9, 0xfa, 0xc9, 0xfa, 0xc8, 0xfa, 0xc9, 0xfa, 0xc9, 0xfa, 0xc9, 0xfa,
    0xc9, 0xfa, 0xc9, 0xfa, 0xc9, 0xfa, 0xc9, 0xfa, 0xc9, 0xfa, 0xc9, 0xfa,
    0xc9, 0xfa, 0xc9, 0xfa, 0xc9, 0xfa, 0xc9, 0xfa, 0xc9, 0xfa, 0xc9, 0xfa,
    0xc9, 0xfa, 0xc9, 0xfa, 0xc9, 0xfa, 0xc8, 0xfa, 0xc9, 0xfa, 0xc9, 0xfa,
    0xc8, 0xfa, 0xc9, 0xfa, 0xc9, 0xfa, 0xc8, 0xfa, 0xc9, 0xfa, 0xc9, 0xfa,
    0xc9, 0xfa, 0xc9, 0xfa, 0xc9, 0xfa, 0xc8, 0xfa, 0xc9, 0xfa, 0xc9, 0xfa,
    0xc9, 0xfa, 0xc8, 0xfa, 0xc9, 0xfa, 0xc9, 0xfa, 0xc9, 0xfa, 0xc9, 0xfa,
    0xc9, 0xfa, 0xc9, 0xfa, 0xc9, 0xfa, 0xc9, 0xfa, 0xc9, 0xfa, 0xc9, 0xfa,
    0xc9, 0xfa, 0xc9, 0xfa, 0xc9, 0xfa, 0xc9, 0xfa, 0xc9, 0xfa, 0xc9, 0xfa,
    0xc9, 0xfa, 0xc8, 0xfa, 0xc9, 0xfa, 0xc9, 0xfa, 0xc9, 0xfa, 0xc8, 0xfa,
    0xc9, 0xfa, 0xc9, 0xfa, 0xc9, 0xfa, 0xc9, 0xfa, 0xc9, 0xfa, 0xc8, 0xfa,
    0xc9, 0xfa, 0xc9, 0xfa, 0xc9, 0xfa, 0xc9, 0xfa, 0xc9, 0xfa, 0xc9, 0xfa,
    0xc9, 0xfa, 0xc8, 0xfa, 0xc9, 0xfa, 0xc9, 0xfa, 0xc9, 0xfa, 0xc9, 0xfa,
    0xc9, 0xfa, 0xc9, 0xfa, 0xc9, 0xfa, 0xc9, 0xfa, 0xc9, 0xfa, 0xc9, 0xfa,
    0xc9, 0xfa, 0xc9, 0xfa, 0xa2, 0x28, 0x00, 0x10, 0x00, 0x00, 0x00, 0x08,
    0x00, 0x08, 0x00, 0x00, 0xff, 0xff, 0xff, 0xff, 0xff, 0xff, 0xff, 0xff,
    0xff, 0xff, 0x20, 0x00, 0x00, 0x48, 0x6d, 0xcb, 0xc9, 0xfa, 0xc9, 0xfa,
    0xc9, 0xfa, 0xc9, 0xfa, 0xc9, 0xfa, 0xc9, 0xfa, 0xc9, 0xfa, 0xc9, 0xfa,
    0xc9, 0xfa, 0xc9, 0xfa, 0xc9, 0xfa, 0xc9, 0xfa, 0xc9, 0xfa, 0xc9, 0xfa,
    0xc9, 0xfa, 0xc9, 0xfa, 0xc9, 0xfa, 0xc8, 0xfa, 0xc9, 0xfa, 0xc9, 0xfa,
    0xc9, 0xfa, 0xc9, 0xfa, 0xc9, 0xfa, 0xc9, 0xfa, 0xc9, 0xfa, 0xc9, 0xfa,
    0xc8, 0xfa, 0xc9, 0xfa, 0xc9, 0xfa, 0xc9, 0xfa, 0xc9, 0xfa, 0xc8, 0xfa,
    0xc9, 0xfa, 0xc9, 0xfa, 0xc8, 0xfa, 0xc9, 0xfa, 0xc9, 0xfa, 0xc8, 0xfa,
    0xc9, 0xfa, 0xc9, 0xfa, 0xc9, 0xfa, 0xc9, 0xfa, 0xc9, 0xfa, 0xc9, 0xfa,
    0xc9, 0xfa, 0xc9, 0xfa, 0xc9, 0xfa, 0xc9, 0xfa, 0xc9, 0xfa, 0xc9, 0xfa,
    0x02, 0x39, 0x00, 0x10, 0x00, 0x08, 0x00, 0x08, 0x20, 0x00, 0x00, 0x08,
    0xff, 0xff, 0xff, 0xff, 0xff, 0xff, 0xff, 0xff, 0xff, 0xff, 0xff, 0xff,
    0xff, 0xff, 0xff, 0xff, 0xff, 0xff, 0xff, 0xff, 0xff, 0xff, 0xff, 0xff,
    0xff, 0xff, 0xff, 0xff, 0xff, 0xff, 0xff, 0xff, 0xff, 0xff, 0xff, 0xff,
    0xff, 0xff, 0xff, 0xff, 0xff, 0xff, 0xff, 0xff, 0xff, 0xff, 0xff, 0xff,
    0xff, 0xff, 0xff, 0xff, 0xff, 0xff, 0xff, 0xff, 0xff, 0xff, 0xff, 0xff,
    0xff, 0xff, 0xff, 0xff, 0xff, 0xff, 0xff, 0xff, 0xff, 0xff, 0xff, 0xff,
    0xff, 0xff, 0xff, 0xff, 0xff, 0xff, 0x00, 0x08, 0x00, 0x08, 0x47, 0xda,
    0xc9, 0xfa, 0xc9, 0xfa, 0xc9, 0xfa, 0xc9, 0xfa, 0xc9, 0xfa, 0xc9, 0xfa,
    0xc8, 0xfa, 0xc9, 0xfa, 0xc9, 0xfa, 0xc9, 0xfa, 0xc9, 0xfa, 0xc8, 0xfa,
    0xc9, 0xfa, 0xc9, 0xfa, 0xc9, 0xfa, 0xc8, 0xfa, 0xc9, 0xfa, 0xc9, 0xfa,
    0xc9, 0xfa, 0xc9, 0xfa, 0xc9, 0xfa, 0xc9, 0xfa, 0xc9, 0xfa, 0xe9, 0xf2,
    0x47, 0xda, 0x00, 0x08, 0x00, 0x08, 0x20, 0x00, 0x00, 0x08, 0x00, 0x08,
    0x00, 0x08, 0xff, 0xff, 0xff, 0xff, 0xff, 0xff, 0xff, 0xff, 0xff, 0xff,
    0x20, 0x00, 0x00, 0x10, 0x00, 0x10, 0x00, 0x10, 0x00, 0x10, 0x00, 0x10,
    0x00, 0x10, 0x00, 0x18, 0x00, 0x10, 0x00, 0x10, 0x00, 0x10, 0x00, 0x10,
    0x00, 0x10, 0x00, 0x10, 0x00, 0x10, 0x00, 0x10, 0x00, 0x10, 0x00, 0x10,
    0x00, 0x10, 0x00, 0x10, 0x00, 0x10, 0x00, 0x18, 0x00, 0x10, 0x00, 0x10,
    0x00, 0x18, 0x00, 0x10, 0x00, 0x10, 0x00, 0x18, 0x00, 0x10, 0x00, 0x18,
    0x00, 0x10, 0x00, 0x18, 0x00, 0x10, 0x00, 0x18, 0x00, 0x10, 0x00, 0x10,
    0x00, 0x18, 0x00, 0x10, 0x00, 0x10, 0x00, 0x10, 0x00, 0x10, 0xff, 0xff,
    0xff, 0xff, 0xff, 0xff, 0xff, 0xff, 0xff, 0xff, 0xff, 0xff, 0xff, 0xff,
    0xff, 0xff, 0xff, 0xff, 0xff, 0xff, 0x00, 0x10, 0xa2, 0x20, 0xc9, 0xfa,
    0xc9, 0xfa, 0xc9, 0xfa, 0xc9, 0xfa, 0xc8, 0xfa, 0xc9, 0xfa, 0xc9, 0xfa,
    0xc9, 0xfa, 0xc9, 0xfa, 0xc8, 0xfa, 0xc9, 0xfa, 0xc9, 0xfa, 0xc9, 0xfa,
    0xc9, 0xfa, 0xc9, 0xfa, 0xc9, 0xfa, 0xc9, 0xfa, 0xc9, 0xfa, 0xc9, 0xfa,
    0xc9, 0xfa, 0xc9, 0xfa, 0xc9, 0xfa, 0xc9, 0xfa, 0xc9, 0xfa, 0x2a, 0xe3,
    0x43, 0x99, 0x00, 0x10, 0x00, 0x10, 0x00, 0x10, 0x00, 0x10, 0x00, 0x10,
    0x00, 0x10, 0x00, 0x10, 0x00, 0x10, 0x00, 0x10, 0x00, 0x10, 0x00, 0x10,
    0x00, 0x10, 0x00, 0x10, 0x00, 0x10, 0x00, 0x10, 0x00, 0x10, 0x00, 0x10,
    0x00, 0x10, 0x00, 0x10, 0x00, 0x10, 0x00, 0x10, 0x00, 0x10, 0x00, 0x10,
    0x00, 0x10, 0x20, 0x40, 0x2b, 0xb3, 0xc9, 0xfa, 0xc9, 0xfa, 0xc8, 0xfa,
    0xc9, 0xfa, 0xc9, 0xfa, 0xc9, 0xfa, 0xc9, 0xfa, 0xc9, 0xfa, 0xc9, 0xfa,
    0xc8, 0xfa, 0xc9, 0xfa, 0xc9, 0xfa, 0xc8, 0xfa, 0xc9, 0xfa, 0xc9, 0xfa,
    0xc9, 0xfa, 0xc9, 0xfa, 0xc9, 0xfa, 0xc8, 0xfa, 0xc9, 0xfa, 0xc9, 0xfa,
    0xc9, 0xfa, 0xc9, 0xfa, 0xc9, 0xfa, 0xca, 0xa2, 0x00, 0x30, 0x00, 0x08,
    0x00, 0x08, 0x20, 0x00, 0x00, 0x08, 0x21, 0x00, 0xff, 0xff, 0xff, 0xff,
    0xff, 0xff, 0xff, 0xff, 0x21, 0x00, 0x00, 0x20, 0xc6, 0x59, 0xc9, 0xfa,
    0xc9, 0xfa, 0xc9, 0xfa, 0xc9, 0xfa, 0xc9, 0xfa, 0xc9, 0xfa, 0xc9, 0xfa,
    0xc9, 0xfa, 0xc8, 0xfa, 0xc9, 0xfa, 0xc9, 0xfa, 0xc8, 0xfa, 0xc9, 0xfa,
    0xc9, 0xfa, 0xc9, 0xfa, 0xc9, 0xfa, 0xc9, 0xfa, 0xc9, 0xfa, 0xc9, 0xfa,
    0xc9, 0xfa, 0xc9, 0xfa, 0xc9, 0xfa, 0xc9, 0xfa, 0xc9, 0xfa, 0xc8, 0xfa,
    0xc9, 0xfa, 0xc9, 0xfa, 0xc9, 0xfa, 0xc9, 0xfa, 0xe9, 0xfa, 0xc9, 0xfa,
    0xc9, 0xfa, 0xe9, 0xfa, 0xc9, 0xfa, 0xe9, 0xfa, 0xe9, 0xfa, 0xc9, 0xfa,
    0xe9, 0xfa, 0xc9, 0xfa, 0xc9, 0xfa, 0xc9, 0xfa, 0xc9, 0xfa, 0xc9, 0xfa,
    0xc9, 0xfa, 0xc9, 0xfa, 0xc9, 0xfa, 0xc9, 0xfa, 0xc9, 0xfa, 0xc9, 0xfa,
    0xc9, 0xfa, 0xc9, 0xfa, 0xc9, 0xfa, 0xc9, 0xfa, 0xc9, 0xfa, 0xc9, 0xfa,
    0xc8, 0xfa, 0xc9, 0xfa, 0xc9, 0xfa, 0xc9, 0xfa, 0xc8, 0xfa, 0xc9, 0xfa,
    0xc9, 0xfa, 0xc8, 0xfa, 0xc9, 0xfa, 0xe9, 0xfa, 0xc9, 0xfa, 0xc9, 0xfa,
    0xe9, 0xfa, 0xc9, 0xfa, 0xc9, 0xfa, 0xe9, 0xfa, 0xc9, 0xfa, 0xe9, 0xfa,
    0xe9, 0xfa, 0xc9, 0xfa, 0xe9, 0xfa, 0xc9, 0xfa, 0xc9, 0xfa, 0xc9, 0xfa,
    0xc9, 0xfa, 0xc9, 0xfa, 0xc9, 0xfa, 0xc9, 0xfa, 0xc9, 0xfa, 0xc9, 0xfa,
    0xc9, 0xfa, 0xc9, 0xfa, 0xc9, 0xfa, 0xc9, 0xfa, 0xc9, 0xfa, 0xc9, 0xfa,
    0xc9, 0xfa, 0xc8, 0xfa, 0xc9, 0xfa, 0xc9, 0xfa, 0xc9, 0xfa, 0xc8, 0xfa,
    0xc9, 0xfa, 0xc9, 0xfa, 0xc8, 0xfa, 0xc9, 0xfa, 0xc9, 0xfa, 0xa2, 0x28,
    0x00, 0x10, 0x00, 0x08, 0x00, 0x08, 0x00, 0x08, 0x20, 0x08, 0xff, 0xff,
    0xff, 0xff, 0xff, 0xff, 0xff, 0xff, 0xff, 0xff, 0x20, 0x00, 0x00, 0x48,
    0x8d, 0xc3, 0xc9, 0xfa, 0xc9, 0xfa, 0xc9, 0xfa, 0xc9, 0xfa, 0xc9, 0xfa,
    0xc8, 0xfa, 0xc9, 0xfa, 0xc9, 0xfa, 0xc8, 0xfa, 0xc9, 0xfa, 0xc9, 0xfa,
    0xc9, 0xfa, 0xc9, 0xfa, 0xc9, 0xfa, 0xc8, 0xfa, 0xc9, 0xfa, 0xc9, 0xfa,
    0xc9, 0xfa, 0xc9, 0xfa, 0xc9, 0xfa, 0xc8, 0xfa, 0xc9, 0xfa, 0xc9, 0xfa,
    0xc9, 0xfa, 0xe9, 0xf2, 0xe9, 0xf2, 0xe9, 0xf2, 0xe9, 0xf2, 0xe9, 0xf2,
    0xe9, 0xf2, 0xe9, 0xf2, 0xe9, 0xf2, 0xe9, 0xf2, 0xe9, 0xf2, 0xe9, 0xf2,
    0xe9, 0xf2, 0xe9, 0xf2, 0xe9, 0xf2, 0xe9, 0xf2, 0xe9, 0xf2, 0xe9, 0xf2,
    0xe9, 0xf2, 0xe9, 0xf2, 0xe9, 0xf2, 0xe9, 0xf2, 0xe9, 0xf2, 0xe9, 0xf2,
    0xe9, 0xf2, 0xe9, 0xf2, 0xe9, 0xf2, 0xe3, 0x38, 0x00, 0x10, 0x00, 0x08,
    0x00, 0x08, 0x00, 0x08, 0x00, 0x00, 0xff, 0xff, 0xff, 0xff, 0xff, 0xff,
    0xff, 0xff, 0xff, 0xff, 0xff, 0xff, 0xff, 0xff, 0xff, 0xff, 0xff, 0xff,
    0xff, 0xff, 0xff, 0xff, 0xff, 0xff, 0xff, 0xff, 0xff, 0xff, 0xff, 0xff,
    0xff, 0xff, 0xff, 0xff, 0xff, 0xff, 0xff, 0xff, 0xff, 0xff, 0xff, 0xff,
    0xff, 0xff, 0xff, 0xff, 0xff, 0xff, 0xff, 0xff, 0xff, 0xff, 0xff, 0xff,
    0xff, 0xff, 0xff, 0xff, 0xff, 0xff, 0xff, 0xff, 0xff, 0xff, 0xff, 0xff,
    0xff, 0xff, 0xff, 0xff, 0xff, 0xff, 0xff, 0xff, 0xff, 0xff, 0xff, 0xff,
    0x00, 0x08, 0x00, 0x08, 0x47, 0xda, 0xe9, 0xf2, 0xc9, 0xfa, 0xc9, 0xfa,
    0xc9, 0xfa, 0xc9, 0xfa, 0xc9, 0xfa, 0xc9, 0xfa, 0xc9, 0xfa, 0xc8, 0xfa,
    0xc9, 0xfa, 0xc9, 0xfa, 0xc9, 0xfa, 0xc9, 0xfa, 0xc9, 0xfa, 0xc9, 0xfa,
    0xc9, 0xfa, 0xc9, 0xfa, 0xc9, 0xfa, 0xc9, 0xfa, 0xc9, 0xfa, 0xc8, 0xfa,
    0xc9, 0xfa, 0xc9, 0xfa, 0xe9, 0xf2, 0x47, 0xda, 0x00, 0x08, 0x00, 0x08,
    0x00, 0x00, 0x00, 0x08, 0x20, 0x08, 0x00, 0x00, 0xff, 0xff, 0xff, 0xff,
    0xff, 0xff, 0xff, 0xff, 0xff, 0xff, 0x20, 0x00, 0x00, 0x10, 0x00, 0x10,
    0x00, 0x10, 0x00, 0x18, 0x00, 0x18, 0x00, 0x10, 0x00, 0x10, 0x00, 0x18,
    0x00, 0x18, 0x00, 0x10, 0x00, 0x18, 0x00, 0x18, 0x00, 0x10, 0x00, 0x18,
    0x00, 0x18, 0x00, 0x10, 0x00, 0x18, 0x00, 0x18, 0x00, 0x10, 0x00, 0x10,
    0x00, 0x18, 0x00, 0x10, 0x00, 0x10, 0x00, 0x18, 0x00, 0x10, 0x00, 0x18,
    0x00, 0x10, 0x00, 0x10, 0x00, 0x18, 0x00, 0x10, 0x00, 0x10, 0x00, 0x18,
    0x00, 0x10, 0x00, 0x18, 0x00, 0x10, 0x00, 0x18, 0x00, 0x10, 0x00, 0x18,
    0x00, 0x10, 0x00, 0x10, 0x20, 0x00, 0xff, 0xff, 0xff, 0xff, 0xff, 0xff,
    0xff, 0xff, 0xff, 0xff, 0xff, 0xff, 0xff, 0xff, 0xff, 0xff, 0xff, 0xff,
    0x00, 0x10, 0xa2, 0x28, 0xc9, 0xfa, 0xc9, 0xfa, 0xc9, 0xfa, 0xc9, 0xfa,
    0xc9, 0xfa, 0xc9, 0xfa, 0xc8, 0xfa, 0xc9, 0xfa, 0xc9, 0xfa, 0xc9, 0xfa,
    0xc9, 0xfa, 0xc9, 0xfa, 0xc8, 0xfa, 0xc9, 0xfa, 0xc9, 0xfa, 0xc8, 0xfa,
    0xc9, 0xfa, 0xc9, 0xfa, 0xc8, 0xfa, 0xc9, 0xfa, 0xc9, 0xfa, 0xc9, 0xfa,
    0xc9, 0xfa, 0xc9, 0xfa, 0x2a, 0xe3, 0x23, 0x99, 0x00, 0x10, 0x00, 0x10,
    0x00, 0x10, 0x00, 0x10, 0x00, 0x10, 0x00, 0x10, 0x00, 0x10, 0x00, 0x10,
    0x00, 0x10, 0x00, 0x10, 0x00, 0x10, 0x00, 0x10, 0x00, 0x10, 0x00, 0x10,
    0x00, 0x10, 0x00, 0x10, 0x00, 0x10, 0x00, 0x10, 0x00, 0x10, 0x00, 0x10,
    0x00, 0x10, 0x00, 0x10, 0x00, 0x10, 0x00, 0x10, 0x20, 0x40, 0x2b, 0xb3,
    0xc9, 0xfa, 0xc9, 0xfa, 0xc9, 0xfa, 0xc9, 0xfa, 0xc9, 0xfa, 0xc8, 0xfa,
    0xc9, 0xfa, 0xc9, 0xfa, 0xc9, 0xfa, 0xc9, 0xfa, 0xc9, 0xfa, 0xc9, 0xfa,
    0xc9, 0xfa, 0xc9, 0xfa, 0xc9, 0xfa, 0xc9, 0xfa, 0xc9, 0xfa, 0xc9, 0xfa,
    0xc9, 0xfa, 0xc9, 0xfa, 0xc8, 0xfa, 0xc9, 0xfa, 0xc9, 0xfa, 0xc8, 0xfa,
    0xca, 0xa2, 0x00, 0x38, 0x00, 0x08, 0x00, 0x08, 0x00, 0x08, 0x00, 0x08,
    0x20, 0x00, 0xff, 0xff, 0xff, 0xff, 0xff, 0xff, 0xff, 0xff, 0x20, 0x08,
    0x00, 0x20, 0xc6, 0x59, 0xc9, 0xfa, 0xc9, 0xfa, 0xc9, 0xfa, 0xc8, 0xfa,
    0xc9, 0xfa, 0xc9, 0xfa, 0xc8, 0xfa, 0xc9, 0xfa, 0xc9, 0xfa, 0xc9, 0xfa,
    0xc9, 0xfa, 0xc9, 0xfa, 0xc9, 0xfa, 0xc9, 0xfa, 0xc8, 0xfa, 0xc9, 0xfa,
    0xc9, 0xfa, 0xc9, 0xfa, 0xc9, 0xfa, 0xc9, 0xfa, 0xc8, 0xfa, 0xc9, 0xfa,
    0xc9, 0xfa, 0xc9, 0xfa, 0xc9, 0xfa, 0xe9, 0xfa, 0xe9, 0xfa, 0xc9, 0xf2,
    0xe9, 0xfa, 0xe9, 0xfa, 0xc9, 0xf2, 0xe9, 0xfa, 0xc9, 0xf2, 0xe9, 0xfa,
    0xc9, 0xf2, 0xc9, 0xfa, 0xe9, 0xf2, 0xc9, 0xfa, 0xc9, 0xfa, 0xc9, 0xfa,
    0xc9, 0xfa, 0xc9, 0xfa, 0xc9, 0xfa, 0xc9, 0xfa, 0xc9, 0xfa, 0xc8, 0xfa,
    0xc9, 0xfa, 0xc9, 0xfa, 0xc9, 0xfa, 0xc9, 0xfa, 0xc8, 0xfa, 0xc9, 0xfa,
    0xc9, 0xfa, 0xc9, 0xfa, 0xc9, 0xfa, 0xc9, 0xfa, 0xc9, 0xfa, 0xc9, 0xfa,
    0xc9, 0xfa, 0xc9, 0xfa, 0xc9, 0xfa, 0xc9, 0xfa, 0xc9, 0xfa, 0xc9, 0xfa,
    0xe9, 0xfa, 0xe9, 0xf2, 0xc9, 0xfa, 0xe9, 0xfa, 0xe9, 0xf2, 0xc9, 0xfa,
    0xe9, 0xf2, 0xc9, 0xfa, 0xc9, 0xf2, 0xe9, 0xfa, 0xc9, 0xf2, 0xe9, 0xfa,
    0xc9, 0xfa, 0xc9, 0xfa, 0xc8, 0xfa, 0xc9, 0xfa, 0xc9, 0xfa, 0xc9, 0xfa,
    0xc8, 0xfa, 0xc9, 0xfa, 0xc9, 0xfa, 0xc8, 0xfa, 0xc9, 0xfa, 0xc9, 0xfa,
    0xc8, 0xfa, 0xc9, 0xfa, 0xc9, 0xfa, 0xc9, 0xfa, 0xc9, 0xfa, 0xc9, 0xfa,
    0xc9, 0xfa, 0xc9, 0xfa, 0xc9, 0xfa, 0xc9, 0xfa, 0xc9, 0xfa, 0xc9, 0xfa,
    0xc9, 0xfa, 0xc9, 0xfa, 0xa2, 0x20, 0x00, 0x10, 0x00, 0x08, 0x20, 0x00,
    0x00, 0x08, 0x00, 0x08, 0xff, 0xff, 0xff, 0xff, 0xff, 0xff, 0xff, 0xff,
    0xff, 0xff, 0x20, 0x00, 0x00, 0x48, 0x8c, 0xc3, 0xc9, 0xfa, 0xc9, 0xfa,
    0xc8, 0xfa, 0xc9, 0xfa, 0xc9, 0xfa, 0xc9, 0xfa, 0xc9, 0xfa, 0xc9, 0xfa,
    0xc9, 0xfa, 0xc9, 0xfa, 0xc9, 0xfa, 0xc8, 0xfa, 0xc9, 0xfa, 0xc9, 0xfa,
    0xc9, 0xfa, 0xc9, 0xfa, 0xc9, 0xfa, 0xc9, 0xfa, 0xc9, 0xfa, 0xc9, 0xfa,
    0xc9, 0xfa, 0xc9, 0xfa, 0xc9, 0xfa, 0xc9, 0xfa, 0xe9, 0xf2, 0xe9, 0xf2,
    0xe9, 0xf2, 0xea, 0xf2, 0xe9, 0xf2, 0xe9, 0xf2, 0xe9, 0xf2, 0xea, 0xf2,
    0xe9, 0xf2, 0xe9, 0xf2, 0xea, 0xf2, 0xe9, 0xf2, 0xea, 0xf2, 0xe9, 0xf2,
    0xe9, 0xf2, 0xe9, 0xf2, 0xe9, 0xf2, 0xe9, 0xf2, 0xe9, 0xf2, 0xe9, 0xf2,
    0xe9, 0xf2, 0xe9, 0xf2, 0xe9, 0xf2, 0xe9, 0xf2, 0xe9, 0xf2, 0xea, 0xf2,
    0xe3, 0x38, 0x00, 0x10, 0x20, 0x08, 0x00, 0x08, 0x20, 0x08, 0x00, 0x08,
    0xff, 0xff, 0xff, 0xff, 0xff, 0xff, 0xff, 0xff, 0xff, 0xff, 0xff, 0xff,
    0xff, 0xff, 0xff, 0xff, 0xff, 0xff, 0xff, 0xff, 0xff, 0xff, 0xff, 0xff,
    0xff, 0xff, 0xff, 0xff, 0xff, 0xff, 0xff, 0xff, 0xff, 0xff, 0xff, 0xff,
    0xff, 0xff, 0xff, 0xff, 0xff, 0xff, 0xff, 0xff, 0xff, 0xff, 0xff, 0xff,
    0xff, 0xff, 0xff, 0xff, 0xff, 0xff, 0xff, 0xff, 0xff, 0xff, 0xff, 0xff,
    0xff, 0xff, 0xff, 0xff, 0xff, 0xff, 0xff, 0xff, 0xff, 0xff, 0xff, 0xff,
    0xff, 0xff, 0xff, 0xff, 0xff, 0xff, 0x00, 0x08, 0x00, 0x08, 0x47, 0xda,
    0xe9, 0xfa, 0xc9, 0xfa, 0xc8, 0xfa, 0xc9, 0xfa, 0xc9, 0xfa, 0xc8, 0xfa,
    0xc9, 0xfa, 0xc9, 0xfa, 0xc9, 0xfa, 0xc9, 0xfa, 0xc9, 0xfa, 0xc9, 0xfa,
    0xc9, 0xfa, 0xc8, 0xfa, 0xc9, 0xfa, 0xc9, 0xfa, 0xc9, 0xfa, 0xc8, 0xfa,
    0xc9, 0xfa, 0xc9, 0xfa, 0xc9, 0xfa, 0xc9, 0xfa, 0xc9, 0xfa, 0xe9, 0xf2,
    0x47, 0xda, 0x00, 0x08, 0x00, 0x08, 0x00, 0x08, 0x20, 0x08, 0x00, 0x08,
    0x00, 0x08, 0xff, 0xff, 0xff, 0xff, 0xff, 0xff, 0xff, 0xff, 0x00, 0x08,
    0x20, 0x08, 0x23, 0x89, 0x4b, 0xd3, 0xe9, 0xf2, 0xea, 0xf2, 0xe9, 0xf2,
    0xe9, 0xf2, 0xea, 0xf2, 0xe9, 0xf2, 0xe9, 0xf2, 0xea, 0xf2, 0xe9, 0xf2,
    0xe9, 0xf2, 0xea, 0xf2, 0xe9, 0xf2, 0xea, 0xf2, 0xe9, 0xf2, 0xe9, 0xf2,
    0xea, 0xf2, 0xe9, 0xf2, 0xe9, 0xf2, 0xea, 0xf2, 0xe9, 0xf2, 0xe9, 0xf2,
    0xea, 0xf2, 0xe9, 0xf2, 0xe9, 0xf2, 0xea, 0xf2, 0xe9, 0xf2, 0xe9, 0xf2,
    0xe9, 0xf2, 0xea, 0xf2, 0xe9, 0xf2, 0xe9, 0xf2, 0xea, 0xf2, 0xe9, 0xf2,
    0xe9, 0xf2, 0xea, 0xf2, 0xe9, 0xf2, 0x8d, 0xc3, 0x00, 0x40, 0x20, 0x08,
    0x00, 0x08, 0xff, 0xff, 0xff, 0xff, 0xff, 0xff, 0xff, 0xff, 0xff, 0xff,
    0xff, 0xff, 0xff, 0xff, 0xff, 0xff, 0x00, 0x10, 0xa2, 0x28, 0xc9, 0xfa,
    0xc9, 0xfa, 0xc9, 0xfa, 0xc9, 0xfa, 0xc9, 0xfa, 0xc9, 0xfa, 0xc9, 0xfa,
    0xc9, 0xfa, 0xc9, 0xfa, 0xc9, 0xfa, 0xc9, 0xfa, 0xc9, 0xfa, 0xc9, 0xfa,
    0xc9, 0xfa, 0xc9, 0xfa, 0xc9, 0xfa, 0xc9, 0xfa, 0xc9, 0xfa, 0xc9, 0xfa,
    0xc9, 0xfa, 0xc9, 0xfa, 0xc8, 0xfa, 0xc9, 0xfa, 0xc9, 0xfa, 0xe9, 0xf2,
    0x27, 0xca, 0x23, 0x89, 0x22, 0x89, 0x03, 0x89, 0x23, 0x89, 0x22, 0x89,
    0x23, 0x89, 0x23, 0x89, 0x22, 0x89, 0x23, 0x89, 0x22, 0x89, 0x23, 0x89,
    0x22, 0x89, 0x22, 0x89, 0x23, 0x89, 0x22, 0x89, 0x22, 0x89, 0x23, 0x89,
    0x22, 0x89, 0x23, 0x89, 0x22, 0x89, 0x23, 0x89, 0x22, 0x89, 0x23, 0x89,
    0x02, 0x89, 0x02, 0x99, 0xe9, 0xe2, 0xc9, 0xfa, 0xc9, 0xfa, 0xc9, 0xfa,
    0xc9, 0xfa, 0xc9, 0xfa, 0xc9, 0xfa, 0xc9, 0xfa, 0xc9, 0xfa, 0xc8, 0xfa,
    0xc9, 0xfa, 0xc9, 0xfa, 0xc9, 0xfa, 0xc9, 0xfa, 0xc9, 0xfa, 0xc8, 0xfa,
    0xc9, 0xfa, 0xc9, 0xfa, 0xc8, 0xfa, 0xc9, 0xfa, 0xc9, 0xfa, 0xc9, 0xfa,
    0xc9, 0xfa, 0xc9, 0xfa, 0xc9, 0xfa, 0xca, 0xa2, 0x00, 0x30, 0x00, 0x08,
    0x20, 0x08, 0x00, 0x00, 0x00, 0x08, 0x20, 0x00, 0xff, 0xff, 0xff, 0xff,
    0xff, 0xff, 0xff, 0xff, 0x20, 0x00, 0x00, 0x20, 0xe6, 0x59, 0xc9, 0xfa,
    0xc9, 0xfa, 0xc9, 0xfa, 0xc9, 0xfa, 0xc9, 0xfa, 0xc9, 0xfa, 0xc9, 0xfa,
    0xc9, 0xfa, 0xc9, 0xfa, 0xc9, 0xfa, 0xc9, 0xfa, 0xc9, 0xfa, 0xc9, 0xfa,
    0xc9, 0xfa, 0xc9, 0xfa, 0xc9, 0xfa, 0xc9, 0xfa, 0xc8, 0xfa, 0xc9, 0xfa,
    0xc9, 0xfa, 0xc9, 0xfa, 0xc9, 0xfa, 0xc9, 0xfa, 0xc8, 0xfa, 0x2a, 0xe3,
    0xe6, 0xb1, 0x47, 0x8a, 0x47, 0x82, 0x47, 0x82, 0x47, 0x8a, 0x47, 0x82,
    0x47, 0x82, 0x47, 0x8a, 0x48, 0x82, 0x47, 0x8a, 0x47, 0x82, 0x48, 0x8a,
    0x47, 0x82, 0xc9, 0xfa, 0xc9, 0xfa, 0xc8, 0xfa, 0xc9, 0xfa, 0xc9, 0xfa,
    0xc8, 0xfa, 0xc9, 0xfa, 0xc9, 0xfa, 0xc9, 0xfa, 0xc9, 0xfa, 0xc8, 0xfa,
    0xc9, 0xfa, 0xc9, 0xfa, 0xc9, 0xfa, 0xc9, 0xfa, 0xc8, 0xfa, 0xc9, 0xfa,
    0xc9, 0xfa, 0xc9, 0xfa, 0xc8, 0xfa, 0xc9, 0xfa, 0xc9, 0xfa, 0xc9, 0xfa,
    0xc9, 0xfa, 0xe9, 0xf2, 0x87, 0xda, 0x47, 0x82, 0x47, 0x8a, 0x47, 0x82,
    0x47, 0x82, 0x47, 0x8a, 0x47, 0x82, 0x48, 0x8a, 0x47, 0x82, 0x47, 0x8a,
    0x48, 0x82, 0x47, 0x8a, 0x47, 0x82, 0x47, 0xda, 0x0a, 0xeb, 0xc9, 0xfa,
    0xc9, 0xfa, 0xc9, 0xfa, 0xc9, 0xfa, 0xc9, 0xfa, 0xc9, 0xfa, 0xc9, 0xfa,
    0xc9, 0xfa, 0xc9, 0xfa, 0xc9, 0xfa, 0xc9, 0xfa, 0xc9, 0xfa, 0xc9, 0xfa,
    0xc9, 0xfa, 0xc9, 0xfa, 0xc8, 0xfa, 0xc9, 0xfa, 0xc9, 0xfa, 0xc9, 0xfa,
    0xc9, 0xfa, 0xc8, 0xfa, 0xc9, 0xfa, 0xc9, 0xfa, 0xc9, 0xfa, 0xa2, 0x28,
    0x00, 0x10, 0x00, 0x00, 0x00, 0x08, 0x20, 0x00, 0x00, 0x08, 0xff, 0xff,
    0xff, 0xff, 0xff, 0xff, 0xff, 0xff, 0xff, 0xff, 0x21, 0x00, 0x00, 0x48,
    0x6c, 0xc3, 0xc9, 0xfa, 0xc9, 0xfa, 0xc9, 0xfa, 0xc9, 0xfa, 0xc9, 0xfa,
    0xc9, 0xfa, 0xc9, 0xfa, 0xc9, 0xfa, 0xc9, 0xfa, 0xc9, 0xfa, 0xc9, 0xfa,
    0xc9, 0xfa, 0xc9, 0xfa, 0xc9, 0xfa, 0xc9, 0xfa, 0xc9, 0xfa, 0xc8, 0xfa,
    0xc9, 0xfa, 0xc9, 0xfa, 0xc8, 0xfa, 0xc9, 0xfa, 0xc9, 0xfa, 0xc8, 0xfa,
    0xc9, 0xfa, 0x48, 0x82, 0x00, 0x38, 0x00, 0x20, 0x00, 0x20, 0x00, 0x18,
    0x00, 0x20, 0x00, 0x20, 0x00, 0x18, 0x00, 0x20, 0x00, 0x20, 0x00, 0x18,
    0x00, 0x20, 0x00, 0x20, 0x00, 0x20, 0x00, 0x20, 0x00, 0x20, 0x00, 0x20,
    0x00, 0x20, 0x00, 0x20, 0x00, 0x20, 0x00, 0x20, 0x00, 0x20, 0x00, 0x20,
    0x00, 0x20, 0x00, 0x20, 0x00, 0x20, 0x00, 0x08, 0x00, 0x08, 0x00, 0x08,
    0x00, 0x08, 0x00, 0x00, 0x20, 0x08, 0xff, 0xff, 0xff, 0xff, 0xff, 0xff,
    0xff, 0xff, 0xff, 0xff, 0xff, 0xff, 0xff, 0xff, 0xff, 0xff, 0xff, 0xff,
    0xff, 0xff, 0xff, 0xff, 0xff, 0xff, 0xff, 0xff, 0xff, 0xff, 0xff, 0xff,
    0xff, 0xff, 0xff, 0xff, 0xff, 0xff, 0xff, 0xff, 0xff, 0xff, 0xff, 0xff,
    0xff, 0xff, 0xff, 0xff, 0xff, 0xff, 0xff, 0xff, 0xff, 0xff, 0xff, 0xff,
    0xff, 0xff, 0xff, 0xff, 0xff, 0xff, 0xff, 0xff, 0xff, 0xff, 0xff, 0xff,
    0xff, 0xff, 0xff, 0xff, 0xff, 0xff, 0xff, 0xff, 0xff, 0xff, 0xff, 0xff,
    0x00, 0x00, 0x00, 0x08, 0x47, 0xda, 0xc9, 0xfa, 0xc9, 0xfa, 0xc9, 0xfa,
    0xc9, 0xfa, 0xc9, 0xfa, 0xc9, 0xfa, 0xc9, 0xfa, 0xc9, 0xfa, 0xc9, 0xfa,
    0xc9, 0xfa, 0xc8, 0xfa, 0xc9, 0xfa, 0xc9, 0xfa, 0xc9, 0xfa, 0xc9, 0xfa,
    0xc9, 0xfa, 0xc9, 0xfa, 0xc9, 0xfa, 0xc9, 0xfa, 0xc9, 0xfa, 0xc9, 0xfa,
    0xc9, 0xfa, 0xc9, 0xfa, 0xe9, 0xf2, 0x47, 0xda, 0x00, 0x08, 0x00, 0x08,
    0x20, 0x00, 0x00, 0x08, 0x00, 0x00, 0x20, 0x08, 0xff, 0xff, 0xff, 0xff,
    0xff, 0xff, 0xff, 0xff, 0x00, 0x08, 0x00, 0x08, 0x23, 0x89, 0x4b, 0xd3,
    0xe9, 0xf2, 0xea, 0xf2, 0xe9, 0xf2, 0xe9, 0xf2, 0xea, 0xf2, 0xe9, 0xf2,
    0xe9, 0xf2, 0xea, 0xf2, 0xe9, 0xf2, 0xea, 0xf2, 0xe9, 0xf2, 0xe9, 0xf2,
    0xea, 0xf2, 0xe9, 0xf2, 0xea, 0xf2, 0xe9, 0xf2, 0xea, 0xf2, 0xe9, 0xf2,
    0xea, 0xf2, 0xe9, 0xf2, 0xe9, 0xf2, 0xea, 0xf2, 0xe9, 0xf2, 0xe9, 0xf2,
    0xea, 0xf2, 0xe9, 0xf2, 0xe9, 0xf2, 0xea, 0xf2, 0xe9, 0xf2, 0xe9, 0xf2,
    0xea, 0xf2, 0xe9, 0xf2, 0xe9, 0xf2, 0xea, 0xf2, 0xe9, 0xf2, 0xe9, 0xf2,
    0x8d, 0xc3, 0x00, 0x40, 0x00, 0x08, 0x20, 0x08, 0x21, 0x00, 0xff, 0xff,
    0xff, 0xff, 0xff, 0xff, 0xff, 0xff, 0xff, 0xff, 0xff, 0xff, 0xff, 0xff,
    0x00, 0x10, 0xa2, 0x28, 0xc9, 0xfa, 0xc9, 0xfa, 0xc8, 0xfa, 0xc9, 0xfa,
    0xc9, 0xfa, 0xc9, 0xfa, 0xc9, 0xfa, 0xc9, 0xfa, 0xc8, 0xfa, 0xc9, 0xfa,
    0xc9, 0xfa, 0xc8, 0xfa, 0xc9, 0xfa, 0xc9, 0xfa, 0xc9, 0xfa, 0xc9, 0xfa,
    0xc8, 0xfa, 0xc9, 0xfa, 0xc9, 0xfa, 0xc9, 0xfa, 0xc9, 0xfa, 0xc9, 0xfa,
    0xc9, 0xfa, 0xc9, 0xfa, 0xe9, 0xf2, 0xe9, 0xf2, 0x4b, 0xd3, 0x4b, 0xd3,
    0x4b, 0xd3, 0x4b, 0xd3, 0x4b, 0xd3, 0x2b, 0xd3, 0x4b, 0xd3, 0x4b, 0xd3,
    0x4b, 0xd3, 0x2b, 0xd3, 0x4b, 0xd3, 0x4b, 0xd3, 0x4b, 0xd3, 0x4b, 0xd3,
    0x2b, 0xd3, 0x4b, 0xd3, 0x4b, 0xd3, 0x4b, 0xd3, 0x4b, 0xd3, 0x4b, 0xd3,
    0x2b, 0xd3, 0x4b, 0xd3, 0x4b, 0xd3, 0x4b, 0xd3, 0x0a, 0xeb, 0x0a, 0xeb,
    0xc9, 0xfa, 0xc9, 0xfa, 0xc9, 0xfa, 0xc9, 0xfa, 0xc8, 0xfa, 0xc9, 0xfa,
    0xc9, 0xfa, 0xc9, 0xfa, 0xc9, 0xfa, 0xc9, 0xfa, 0xc9, 0xfa, 0xc8, 0xfa,
    0xc9, 0xfa, 0xc9, 0xfa, 0xc9, 0xfa, 0xc9, 0xfa, 0xc9, 0xfa, 0xc9, 0xfa,
    0xc9, 0xfa, 0xc9, 0xfa, 0xc9, 0xfa, 0xc9, 0xfa, 0xc9, 0xfa, 0xc9, 0xfa,
    0xca, 0xa2, 0x00, 0x30, 0x00, 0x08, 0x00, 0x08, 0x20, 0x08, 0x00, 0x08,
    0x20, 0x00, 0xff, 0xff, 0xff, 0xff, 0xff, 0xff, 0xff, 0xff, 0x21, 0x00,
    0x00, 0x20, 0xc6, 0x59, 0xc9, 0xfa, 0xc9, 0xfa, 0xc9, 0xfa, 0xc9, 0xfa,
    0xc9, 0xfa, 0xc9, 0xfa, 0xc9, 0xfa, 0xc9, 0xfa, 0xc8, 0xfa, 0xc9, 0xfa,
    0xc9, 0xfa, 0xc8, 0xfa, 0xc9, 0xfa, 0xc9, 0xfa, 0xc9, 0xfa, 0xc9, 0xfa,
    0xc9, 0xfa, 0xc9, 0xfa, 0xc9, 0xfa, 0xc9, 0xfa, 0xc9, 0xfa, 0xc9, 0xfa,
    0xc9, 0xfa, 0xc9, 0xfa, 0x2a, 0xe3, 0x40, 0x68, 0x00, 0x30, 0x00, 0x30,
    0x00, 0x28, 0x00, 0x30, 0x00, 0x30, 0x00, 0x28, 0x00, 0x30, 0x00, 0x30,
    0x00, 0x28, 0x00, 0x30, 0x00, 0x28, 0x00, 0x28, 0xc9, 0xfa, 0xc9, 0xfa,
    0xc9, 0xfa, 0xc9, 0xfa, 0xc9, 0xfa, 0xc9, 0xfa, 0xc9, 0xfa, 0xc9, 0xfa,
    0xc9, 0xfa, 0xc9, 0xfa, 0xc9, 0xfa, 0xc9, 0xfa, 0xc9, 0xfa, 0xc9, 0xfa,
    0xc9, 0xfa, 0xc9, 0xfa, 0xc9, 0xfa, 0xc9, 0xfa, 0xc9, 0xfa, 0xc9, 0xfa,
    0xc9, 0xfa, 0xc9, 0xfa, 0xc8, 0xfa, 0xc9, 0xfa, 0xe9, 0xf2, 0xc5, 0xb9,
    0x00, 0x28, 0x00, 0x30, 0x00, 0x30, 0x00, 0x28, 0x00, 0x30, 0x00, 0x28,
    0x00, 0x30, 0x00, 0x30, 0x00, 0x28, 0x00, 0x30, 0x00, 0x28, 0x00, 0x30,
    0x43, 0xa1, 0x0a, 0xeb, 0xc9, 0xfa, 0xc9, 0xfa, 0xc8, 0xfa, 0xc9, 0xfa,
    0xc9, 0xfa, 0xc9, 0xfa, 0xc9, 0xfa, 0xc9, 0xfa, 0xc9, 0xfa, 0xc9, 0xfa,
    0xc9, 0xfa, 0xc9, 0xfa, 0xc8, 0xfa, 0xc9, 0xfa, 0xc9, 0xfa, 0xc9, 0xfa,
    0xc9, 0xfa, 0xc8, 0xfa, 0xc9, 0xfa, 0xc9, 0xfa, 0xc9, 0xfa, 0xc9, 0xfa,
    0xc9, 0xfa, 0xc9, 0xfa, 0xa2, 0x28, 0x00, 0x10, 0x00, 0x08, 0x00, 0x08,
    0x00, 0x08, 0x00, 0x00, 0xff, 0xff, 0xff, 0xff, 0xff, 0xff, 0xff, 0xff,
    0xff, 0xff, 0x20, 0x00, 0x00, 0x48, 0x8d, 0xc3, 0xc9, 0xfa, 0xc9, 0xfa,
    0xc9, 0xfa, 0xc9, 0xfa, 0xc8, 0xfa, 0xc9, 0xfa, 0xc9, 0xfa, 0xc8, 0xfa,
    0xc9, 0xfa, 0xc9, 0xfa, 0xc8, 0xfa, 0xc9, 0xfa, 0xc9, 0xfa, 0xc8, 0xfa,
    0xc9, 0xfa, 0xc9, 0xfa, 0xc9, 0xfa, 0xc9, 0xfa, 0xc9, 0xfa, 0xc9, 0xfa,
    0xc9, 0xfa, 0xc9, 0xfa, 0xc9, 0xfa, 0xc9, 0xfa, 0x26, 0x82, 0x00, 0x30,
    0x00, 0x18, 0x00, 0x18, 0x00, 0x18, 0x00, 0x18, 0x00, 0x18, 0x00, 0x18,
    0x00, 0x18, 0x00, 0x18, 0x00, 0x18, 0x00, 0x18, 0x00, 0x18, 0x00, 0x18,
    0x00, 0x18, 0x00, 0x18, 0x00, 0x18, 0x00, 0x18, 0x00, 0x18, 0x00, 0x18,
    0x00, 0x18, 0x00, 0x18, 0x00, 0x18, 0x00, 0x18, 0x00, 0x18, 0x00, 0x18,
    0x00, 0x08, 0x00, 0x08, 0x00, 0x08, 0x00, 0x08, 0x00, 0x00, 0x00, 0x08,
    0xff, 0xff, 0xff, 0xff, 0xff, 0xff, 0xff, 0xff, 0xff, 0xff, 0xff, 0xff,
    0xff, 0xff, 0xff, 0xff, 0xff, 0xff, 0xff, 0xff, 0xff, 0xff, 0xff, 0xff,
    0xff, 0xff, 0xff, 0xff, 0xff, 0xff, 0xff, 0xff, 0xff, 0xff, 0xff, 0xff,
    0xff, 0xff, 0xff, 0xff, 0xff, 0xff, 0xff, 0xff, 0xff, 0xff, 0xff, 0xff,
    0xff, 0xff, 0xff, 0xff, 0xff, 0xff, 0xff, 0xff, 0xff, 0xff, 0xff, 0xff,
    0xff, 0xff, 0xff, 0xff, 0xff, 0xff, 0xff, 0xff, 0xff, 0xff, 0xff, 0xff,
    0xff, 0xff, 0xff, 0xff, 0xff, 0xff, 0x00, 0x08, 0x20, 0x08, 0x47, 0xda,
    0xc9, 0xfa, 0xc9, 0xfa, 0xc9, 0xfa, 0xc9, 0xfa, 0xc9, 0xfa, 0xc9, 0xfa,
    0xc9, 0xfa, 0xc9, 0xfa, 0xc9, 0xfa, 0xc9, 0xfa, 0xc9, 0xfa, 0xc9, 0xfa,
    0xc9, 0xfa, 0xc9, 0xfa, 0xc9, 0xfa, 0xc8, 0xfa, 0xc9, 0xfa, 0xc9, 0xfa,
    0xc9, 0xfa, 0xc8, 0xfa, 0xc9, 0xfa, 0xc9, 0xfa, 0xc9, 0xfa, 0xe9, 0xf2,
    0x47, 0xda, 0x00, 0x08, 0x00, 0x08, 0x00, 0x08, 0x00, 0x00, 0x00, 0x08,
    0x00, 0x08, 0xff, 0xff, 0xff, 0xff, 0xff, 0xff, 0xff, 0xff, 0x00, 0x08,
    0x00, 0x08, 0x02, 0x99, 0x2b, 0xe3, 0xc9, 0xfa, 0xc9, 0xfa, 0xc9, 0xfa,
    0xc9, 0xfa, 0xc9, 0xfa, 0xc9, 0xfa, 0xc9, 0xfa, 0xc9, 0xfa, 0xc9, 0xfa,
    0xc9, 0xfa, 0xc9, 0xfa, 0xc9, 0xfa, 0xc9, 0xfa, 0xc9, 0xfa, 0xc9, 0xfa,
    0xc9, 0xfa, 0xc9, 0xfa, 0xc9, 0xfa, 0xc9, 0xfa, 0xc9, 0xfa, 0xc9, 0xfa,
    0xc9, 0xfa, 0xc9, 0xfa, 0xc9, 0xfa, 0xc9, 0xfa, 0xc9, 0xfa, 0xc9, 0xfa,
    0xc9, 0xfa, 0xc9, 0xfa, 0xc9, 0xfa, 0xc9, 0xfa, 0xc9, 0xfa, 0xc9, 0xfa,
    0xc9, 0xfa, 0xc9, 0xfa, 0xc9, 0xfa, 0x8d, 0xc3, 0x00, 0x40, 0x00, 0x08,
    0x00, 0x08, 0x00, 0x08, 0x00, 0x08, 0xff, 0xff, 0xff, 0xff, 0xff, 0xff,
    0xff, 0xff, 0xff, 0xff, 0xff, 0xff, 0x00, 0x10, 0xa2, 0x28, 0xc9, 0xfa,
    0xc9, 0xfa, 0xc9, 0xfa, 0xc9, 0xfa, 0xc9, 0xfa, 0xc8, 0xfa, 0xc9, 0xfa,
    0xc9, 0xfa, 0xc9, 0xfa, 0xc9, 0xfa, 0xc9, 0xfa, 0xc9, 0xfa, 0xc9, 0xfa,
    0xc9, 0xfa, 0xc8, 0xfa, 0xc9, 0xfa, 0xc9, 0xfa, 0xc9, 0xfa, 0xc9, 0xfa,
    0xc8, 0xfa, 0xc9, 0xfa, 0xc9, 0xfa, 0xc9, 0xfa, 0xc9, 0xfa, 0xc9, 0xfa,
    0xc9, 0xfa, 0xc9, 0xfa, 0xc9, 0xfa, 0xc9, 0xfa, 0xc9, 0xfa, 0xc9, 0xfa,
    0xc9, 0xfa, 0xc9, 0xfa, 0xc9, 0xfa, 0xc9, 0xfa, 0xc9, 0xfa, 0xc9, 0xfa,
    0xc9, 0xfa, 0xc9, 0xfa, 0xc9, 0xfa, 0xc9, 0xfa, 0xc9, 0xfa, 0xc9, 0xfa,
    0xc9, 0xfa, 0xc9, 0xfa, 0xc9, 0xfa, 0xc9, 0xfa, 0xc9, 0xfa, 0xc9, 0xfa,
    0xc9, 0xfa, 0xc9, 0xfa, 0xc9, 0xfa, 0xc9, 0xfa, 0xc9, 0xfa, 0xc9, 0xfa,
    0xc9, 0xfa, 0xc9, 0xfa, 0xc9, 0xfa, 0xc9, 0xfa, 0xc9, 0xfa, 0xc9, 0xfa,
    0xc9, 0xfa, 0xc9, 0xfa, 0xc9, 0xfa, 0xc9, 0xfa, 0xc9, 0xfa, 0xc9, 0xfa,
    0xc9, 0xfa, 0xc9, 0xfa, 0xc9, 0xfa, 0xc9, 0xfa, 0xc8, 0xfa, 0xc9, 0xfa,
    0xc9, 0xfa, 0xc8, 0xfa, 0xc9, 0xfa, 0xca, 0xa2, 0x00, 0x38, 0x00, 0x08,
    0x00, 0x00, 0x20, 0x08, 0x00, 0x08, 0x20, 0x00, 0xff, 0xff, 0xff, 0xff,
    0xff, 0xff, 0xff, 0xff, 0x21, 0x08, 0x00, 0x20, 0xc6, 0x59, 0xc9, 0xfa,
    0xc9, 0xfa, 0xc9, 0xfa, 0xc9, 0xfa, 0xc8, 0xfa, 0xc9, 0xfa, 0xc9, 0xfa,
    0xc9, 0xfa, 0xc9, 0xfa, 0xc9, 0xfa, 0xc9, 0xfa, 0xc9, 0xfa, 0xc9, 0xfa,
    0xc9, 0xfa, 0xc8, 0xfa, 0xc9, 0xfa, 0xc9, 0xfa, 0xc9, 0xfa, 0xc8, 0xfa,
    0xc9, 0xfa, 0xc9, 0xfa, 0xc8, 0xfa, 0xc9, 0xfa, 0xc9, 0xfa, 0x4c, 0xd3,
    0x40, 0x68, 0x00, 0x08, 0x20, 0x08, 0x00, 0x08, 0x00, 0x08, 0x20, 0x08,
    0x00, 0x08, 0x00, 0x08, 0x20, 0x08, 0x00, 0x08, 0x00, 0x08, 0x20, 0x08,
    0x00, 0x08, 0xc9, 0xfa, 0xc9, 0xfa, 0xc9, 0xfa, 0xc9, 0xfa, 0xc9, 0xfa,
    0xc9, 0xfa, 0xc9, 0xfa, 0xc8, 0xfa, 0xc9, 0xfa, 0xc9, 0xfa, 0xc9, 0xfa,
    0xc9, 0xfa, 0xc8, 0xfa, 0xc9, 0xfa, 0xc9, 0xfa, 0xc9, 0xfa, 0xc9, 0xfa,
    0xc8, 0xfa, 0xc9, 0xfa, 0xc9, 0xfa, 0xc9, 0xfa, 0xc9, 0xfa, 0xc9, 0xfa,
    0xc9, 0xfa, 0x0a, 0xeb, 0xa5, 0xb9, 0x00, 0x08, 0x00, 0x08, 0x00, 0x08,
    0x00, 0x08, 0x20, 0x08, 0x00, 0x08, 0x00, 0x08, 0x20, 0x08, 0x00, 0x08,
    0x00, 0x08, 0x20, 0x08, 0x00, 0x08, 0x23, 0x99, 0x2a, 0xe3, 0xc9, 0xfa,
    0xc9, 0xfa, 0xc9, 0xfa, 0xc9, 0xfa, 0xc9, 0xfa, 0xc8, 0xfa, 0xc9, 0xfa,
    0xc9, 0xfa, 0xc8, 0xfa, 0xc9, 0xfa, 0xc9, 0xfa, 0xc9, 0xfa, 0xc9, 0xfa,
    0xc9, 0xfa, 0xc9, 0xfa, 0xc9, 0xfa, 0xc9, 0xfa, 0xc9, 0xfa, 0xc9, 0xfa,
    0xc9, 0xfa, 0xc9, 0xfa, 0xc9, 0xfa, 0xc8, 0xfa, 0xc9, 0xfa, 0xa2, 0x28,
    0x00, 0x10, 0x00, 0x00, 0x20, 0x08, 0x00, 0x08, 0x00, 0x08, 0xff, 0xff,
    0xff, 0xff, 0xff, 0xff, 0xff, 0xff, 0xff, 0xff, 0x20, 0x00, 0x00, 0x48,
    0x6c, 0xc3, 0xc9, 0xfa, 0xc9, 0xfa, 0xc9, 0xfa, 0xc9, 0xfa, 0xc9, 0xfa,
    0xc9, 0xfa, 0xc9, 0xfa, 0xc9, 0xfa, 0xc9, 0xfa, 0xc9, 0xfa, 0xc9, 0xfa,
    0xc9, 0xfa, 0xc9, 0xfa, 0xc9, 0xfa, 0xc9, 0xfa, 0xc9, 0xfa, 0xc9, 0xfa,
    0xc9, 0xfa, 0xc9, 0xfa, 0xc9, 0xfa, 0xc9, 0xfa, 0xc9, 0xfa, 0xc9, 0xfa,
    0xc9, 0xfa, 0x07, 0x7a, 0x00, 0x28, 0x00, 0x08, 0x00, 0x08, 0x00, 0x08,
    0x00, 0x08, 0x00, 0x00, 0x00, 0x08, 0x00, 0x08, 0x00, 0x08, 0x00, 0x08,
    0x00, 0x00, 0x00, 0x08, 0x00, 0x00, 0x00, 0x00, 0x00, 0x08, 0x00, 0x00,
    0x00, 0x00, 0x00, 0x08, 0x00, 0x00, 0x00, 0x00, 0x00, 0x08, 0x00, 0x00,
    0x00, 0x08, 0x00, 0x08, 0x00, 0x08, 0x00, 0x08, 0x20, 0x08, 0x20, 0x08,
    0x00, 0x08, 0x20, 0x08, 0x00, 0x08, 0xff, 0xff, 0xff, 0xff, 0xff, 0xff,
    0xff, 0xff, 0xff, 0xff, 0xff, 0xff, 0xff, 0xff, 0xff, 0xff, 0xff, 0xff,
    0xff, 0xff, 0xff, 0xff, 0xff, 0xff, 0xff, 0xff, 0xff, 0xff, 0xff, 0xff,
    0xff, 0xff, 0xff, 0xff, 0xff, 0xff, 0xff, 0xff, 0xff, 0xff, 0xff, 0xff,
    0xff, 0xff, 0xff, 0xff, 0xff, 0xff, 0xff, 0xff, 0xff, 0xff, 0xff, 0xff,
    0xff, 0xff, 0xff, 0xff, 0xff, 0xff, 0xff, 0xff, 0xff, 0xff, 0xff, 0xff,
    0xff, 0xff, 0xff, 0xff, 0xff, 0xff, 0xff, 0xff, 0xff, 0xff, 0xff, 0xff,
    0x00, 0x08, 0x00, 0x08, 0x47, 0xda, 0xe9, 0xf2, 0xc9, 0xfa, 0xc9, 0xfa,
    0xc8, 0xfa, 0xc9, 0xfa, 0xc9, 0xfa, 0xc8, 0xfa, 0xc9, 0xfa, 0xc9, 0xfa,
    0xc8, 0xfa, 0xc9, 0xfa, 0xc9, 0xfa, 0xc8, 0xfa, 0xc9, 0xfa, 0xc9, 0xfa,
    0xc9, 0xfa, 0xc9, 0xfa, 0xc9, 0xfa, 0xc9, 0xfa, 0xc9, 0xfa, 0xc9, 0xfa,
    0xc9, 0xfa, 0xc9, 0xfa, 0xe9, 0xf2, 0x47, 0xda, 0x00, 0x08, 0x00, 0x08,
    0x20, 0x08, 0x00, 0x08, 0x00, 0x08, 0x20, 0x00, 0xff, 0xff, 0xff, 0xff,
    0xff, 0xff, 0xff, 0xff, 0x20, 0x08, 0x00, 0x08, 0x02, 0x99, 0x2a, 0xe3,
    0xc9, 0xfa, 0xc9, 0xfa, 0xc9, 0xfa, 0xc9, 0xfa, 0xc9, 0xfa, 0xc9, 0xfa,
    0xc9, 0xfa, 0xc9, 0xfa, 0xc9, 0xfa, 0xc9, 0xfa, 0xc9, 0xfa, 0xc9, 0xfa,
    0xc9, 0xfa, 0xc9, 0xfa, 0xc9, 0xfa, 0xc9, 0xfa, 0xc9, 0xfa, 0xc9, 0xfa,
    0xc9, 0xfa, 0xc9, 0xfa, 0xc9, 0xfa, 0xc9, 0xfa, 0xc9, 0xfa, 0xc9, 0xfa,
    0xc9, 0xfa, 0xc9, 0xfa, 0xc9, 0xfa, 0xc9, 0xfa, 0xc9, 0xfa, 0xc9, 0xfa,
    0xc9, 0xfa, 0xc9, 0xfa, 0xc9, 0xfa, 0xc9, 0xfa, 0xc9, 0xfa, 0xc9, 0xfa,
    0x8c, 0xc3, 0x00, 0x40, 0x00, 0x08, 0x00, 0x08, 0x20, 0x08, 0x00, 0x08,
    0x20, 0x00, 0xff, 0xff, 0xff, 0xff, 0xff, 0xff, 0xff, 0xff, 0xff, 0xff,
    0x00, 0x10, 0xa2, 0x20, 0xc9, 0xfa, 0xc9, 0xfa, 0xc9, 0xfa, 0xc9, 0xfa,
    0xc9, 0xfa, 0xc9, 0xfa, 0xc9, 0xfa, 0xc9, 0xfa, 0xc9, 0xfa, 0xc9, 0xfa,
    0xc9, 0xfa, 0xc9, 0xfa, 0xc9, 0xfa, 0xc9, 0xfa, 0xc9, 0xfa, 0xc9, 0xfa,
    0xc9, 0xfa, 0xc9, 0xfa, 0xc9, 0xfa, 0xc9, 0xfa, 0xc9, 0xfa, 0xc9, 0xfa,
    0xc8, 0xfa, 0xc9, 0xfa, 0xc9, 0xfa, 0xc9, 0xfa, 0xc9, 0xfa, 0xc9, 0xfa,
    0xc9, 0xfa, 0xc9, 0xfa, 0xc9, 0xfa, 0xc9, 0xfa, 0xc9, 0xfa, 0xc9, 0xfa,
    0xc9, 0xfa, 0xc9, 0xfa, 0xc9, 0xfa, 0xc9, 0xfa, 0xc9, 0xfa, 0xc9, 0xfa,
    0xc9, 0xfa, 0xc9, 0xfa, 0xc9, 0xfa, 0xc9, 0xfa, 0xc9, 0xfa, 0xc9, 0xfa,
    0xc9, 0xfa, 0xc9, 0xfa, 0xc9, 0xfa, 0xc9, 0xfa, 0xc9, 0xfa, 0xc9, 0xfa,
    0xc9, 0xfa, 0xc9, 0xfa, 0xc8, 0xfa, 0xc9, 0xfa, 0xc9, 0xfa, 0xc9, 0xfa,
    0xc8, 0xfa, 0xc9, 0xfa, 0xc9, 0xfa, 0xc8, 0xfa, 0xc9, 0xfa, 0xc9, 0xfa,
    0xc9, 0xfa, 0xc8, 0xfa, 0xc9, 0xfa, 0xc9, 0xfa, 0xc8, 0xfa, 0xc9, 0xfa,
    0xc9, 0xfa, 0xc9, 0xfa, 0xc9, 0xfa, 0xc9, 0xfa, 0xc9, 0xfa, 0xc9, 0xfa,
    0xca, 0xa2, 0x00, 0x38, 0x00, 0x08, 0x00, 0x00, 0x00, 0x08, 0x00, 0x08,
    0x21, 0x00, 0xff, 0xff, 0xff, 0xff, 0xff, 0xff, 0xff, 0xff, 0x20, 0x00,
    0x00, 0x20, 0xc6, 0x59, 0xc9, 0xfa, 0xc9, 0xfa, 0xc9, 0xfa, 0xc9, 0xfa,
    0xc9, 0xfa, 0xc9, 0xfa, 0xc9, 0xfa, 0xc8, 0xfa, 0xc9, 0xfa, 0xc9, 0xfa,
    0xc9, 0xfa, 0xc9, 0xfa, 0xc9, 0xfa, 0xc9, 0xfa, 0xc9, 0xfa, 0xc9, 0xfa,
    0xc9, 0xfa, 0xc9, 0xfa, 0xc9, 0xfa, 0xc9, 0xfa, 0xc9, 0xfa, 0xc9, 0xfa,
    0xc9, 0xfa, 0xc9, 0xfa, 0x6c, 0xcb, 0x40, 0x68, 0x00, 0x08, 0x00, 0x08,
    0x00, 0x00, 0x00, 0x08, 0x00, 0x08, 0x00, 0x00, 0x00, 0x08, 0x20, 0x00,
    0x00, 0x08, 0x00, 0x08, 0x00, 0x08, 0x20, 0x08, 0xc9, 0xfa, 0xc9, 0xfa,
    0xc8, 0xfa, 0xc9, 0xfa, 0xc9, 0xfa, 0xc8, 0xfa, 0xc9, 0xfa, 0xc9, 0xfa,
    0xc9, 0xfa, 0xc9, 0xfa, 0xc9, 0xfa, 0xc9, 0xfa, 0xc9, 0xfa, 0xc9, 0xfa,
    0xc9, 0xfa, 0xc8, 0xfa, 0xc9, 0xfa, 0xc9, 0xfa, 0xc9, 0xfa, 0xc9, 0xfa,
    0xc8, 0xfa, 0xc9, 0xfa, 0xc9, 0xfa, 0xc9, 0xfa, 0x0a, 0xeb, 0xc5, 0xb9,
    0x00, 0x08, 0x00, 0x08, 0x00, 0x00, 0x20, 0x08, 0x00, 0x08, 0x00, 0x00,
    0x00, 0x08, 0x20, 0x00, 0x00, 0x08, 0x00, 0x08, 0x00, 0x00, 0x00, 0x08,
    0x43, 0x99, 0x2a, 0xe3, 0xc9, 0xfa, 0xc9, 0xfa, 0xc9, 0xfa, 0xc9, 0xfa,
    0xc9, 0xfa, 0xc9, 0xfa, 0xc9, 0xfa, 0xc9, 0xfa, 0xc9, 0xfa, 0xc8, 0xfa,
    0xc9, 0xfa, 0xc9, 0xfa, 0xc9, 0xfa, 0xc8, 0xfa, 0xc9, 0xfa, 0xc9, 0xfa,
    0xc9, 0xfa, 0xc9, 0xfa, 0xc9, 0xfa, 0xc8, 0xfa, 0xc9, 0xfa, 0xc9, 0xfa,
    0xc9, 0xfa, 0xc9, 0xfa, 0xa2, 0x28, 0x00, 0x10, 0x00, 0x00, 0x00, 0x08,
    0x20, 0x08, 0x00, 0x08, 0xff, 0xff, 0xff, 0xff, 0xff, 0xff, 0xff, 0xff,
    0xff, 0xff, 0x20, 0x00, 0x00, 0x48, 0x8d, 0xc3, 0xc9, 0xfa, 0xc9, 0xfa,
    0xc9, 0xfa, 0xc9, 0xfa, 0xc9, 0xfa, 0xc9, 0xfa, 0xc9, 0xfa, 0xc9, 0xfa,
    0xc9, 0xfa, 0xc9, 0xfa, 0xc9, 0xfa, 0xc9, 0xfa, 0xc9, 0xfa, 0xc9, 0xfa,
    0xc9, 0xfa, 0xc8, 0xfa, 0xc9, 0xfa, 0xc9, 0xfa, 0xc8, 0xfa, 0xc9, 0xfa,
    0xc9, 0xfa, 0xc8, 0xfa, 0xc9, 0xfa, 0xc9, 0xfa, 0x07, 0x7a, 0x00, 0x30,
    0x00, 0x08, 0x00, 0x00, 0x20, 0x08, 0x00, 0x08, 0x00, 0x08, 0x20, 0x00,
    0x00, 0x08, 0x00, 0x08, 0x20, 0x00, 0x00, 0x08, 0x00, 0x08, 0x20, 0x08,
    0x00, 0x08, 0x00, 0x08, 0x20, 0x08, 0x00, 0x08, 0x00, 0x08, 0x20, 0x08,
    0x00, 0x08, 0x00, 0x08, 0x20, 0x08, 0x00, 0x00, 0x00, 0x08, 0x20, 0x00,
    0x00, 0x08, 0x00, 0x00, 0x00, 0x08, 0x00, 0x00, 0x00, 0x08, 0x20, 0x08,
    0xff, 0xff, 0xff, 0xff, 0xff, 0xff, 0xff, 0xff, 0xff, 0xff, 0xff, 0xff,
    0xff, 0xff, 0xff, 0xff, 0xff, 0xff, 0xff, 0xff, 0xff, 0xff, 0xff, 0xff,
    0xff, 0xff, 0xff, 0xff, 0xff, 0xff, 0xff, 0xff, 0xff, 0xff, 0xff, 0xff,
    0xff, 0xff, 0xff, 0xff, 0xff, 0xff, 0xff, 0xff, 0xff, 0xff, 0xff, 0xff,
    0xff, 0xff, 0xff, 0xff, 0xff, 0xff, 0xff, 0xff, 0xff, 0xff, 0xff, 0xff,
    0xff, 0xff, 0xff, 0xff, 0xff, 0xff, 0xff, 0xff, 0xff, 0xff, 0xff, 0xff,
    0xff, 0xff, 0xff, 0xff, 0xff, 0xff, 0x00, 0x08, 0x00, 0x08, 0x47, 0xda,
    0xc9, 0xfa, 0xc9, 0xfa, 0xc9, 0xfa, 0xc9, 0xfa, 0xc9, 0xfa, 0xc9, 0xfa,
    0xc9, 0xfa, 0xc9, 0xfa, 0xc9, 0xfa, 0xc9, 0xfa, 0xc9, 0xfa, 0xc9, 0xfa,
    0xc9, 0xfa, 0xc9, 0xfa, 0xc9, 0xfa, 0xc9, 0xfa, 0xc9, 0xfa, 0xc8, 0xfa,
    0xc9, 0xfa, 0xc9, 0xfa, 0xc9, 0xfa, 0xc9, 0xfa, 0xc9, 0xfa, 0xe9, 0xf2,
    0x47, 0xda, 0x00, 0x08, 0x00, 0x00, 0x20, 0x08, 0x00, 0x08, 0x00, 0x00,
    0x00, 0x08, 0xff, 0xff, 0xff, 0xff, 0xff, 0xff, 0xff, 0xff, 0x00, 0x00,
    0x00, 0x08, 0x02, 0x99, 0x2b, 0xdb, 0xc9, 0xfa, 0xc9, 0xfa, 0xc9, 0xfa,
    0xc9, 0xfa, 0xc9, 0xfa, 0xc9, 0xfa, 0xc9, 0xfa, 0xc9, 0xfa, 0xc9, 0xfa,
    0xc9, 0xfa, 0xc9, 0xfa, 0xc9, 0xfa, 0xc9, 0xfa, 0xc9, 0xfa, 0xc9, 0xfa,
    0xc9, 0xfa, 0xc9, 0xfa, 0xc9, 0xfa, 0xc9, 0xfa, 0xc9, 0xfa, 0xc9, 0xfa,
    0xc9, 0xfa, 0xc9, 0xfa, 0xc9, 0xfa, 0xc9, 0xfa, 0xc9, 0xfa, 0xc9, 0xfa,
    0xc9, 0xfa, 0xc9, 0xfa, 0xc9, 0xfa, 0xc9, 0xfa, 0xc9, 0xfa, 0xc9, 0xfa,
    0xc9, 0xfa, 0xc9, 0xfa, 0xc9, 0xfa, 0x8c, 0xc3, 0x00, 0x48, 0x00, 0x08,
    0x00, 0x00, 0x20, 0x08, 0x00, 0x08, 0x21, 0x00, 0xff, 0xff, 0xff, 0xff,
    0xff, 0xff, 0xff, 0xff, 0xff, 0xff, 0x00, 0x10, 0xa2, 0x28, 0xc9, 0xfa,
    0xc9, 0xfa, 0xc9, 0xfa, 0xc8, 0xfa, 0xc9, 0xfa, 0xc9, 0xfa, 0xc9, 0xfa,
    0xc8, 0xfa, 0xc9, 0xfa, 0xc9, 0xfa, 0xc8, 0xfa, 0xc9, 0xfa, 0xc9, 0xfa,
    0xc8, 0xfa, 0xc9, 0xfa, 0xc9, 0xfa, 0xc9, 0xfa, 0xc8, 0xfa, 0xc9, 0xfa,
    0xc9, 0xfa, 0xc9, 0xfa, 0xc9, 0xfa, 0xc9, 0xfa, 0xc9, 0xfa, 0xc9, 0xfa,
    0xc9, 0xfa, 0xc9, 0xfa, 0xc9, 0xfa, 0xc9, 0xfa, 0xc9, 0xfa, 0xc9, 0xfa,
    0xc9, 0xfa, 0xc9, 0xfa, 0xc9, 0xfa, 0xc9, 0xfa, 0xc9, 0xfa, 0xc9, 0xfa,
    0xc9, 0xfa, 0xc9, 0xfa, 0xc9, 0xfa, 0xc9, 0xfa, 0xc9, 0xfa, 0xc9, 0xfa,
    0xc9, 0xfa, 0xc9, 0xfa, 0xc9, 0xfa, 0xc9, 0xfa, 0xc9, 0xfa, 0xc9, 0xfa,
    0xc9, 0xfa, 0xc9, 0xfa, 0xc9, 0xfa, 0xc9, 0xfa, 0xc9, 0xfa, 0xc9, 0xfa,
    0xc9, 0xfa, 0xc9, 0xfa, 0xc9, 0xfa, 0xc9, 0xfa, 0xc9, 0xfa, 0xc9, 0xfa,
    0xc9, 0xfa, 0xc9, 0xfa, 0xc9, 0xfa, 0xc9, 0xfa, 0xc9, 0xfa, 0xc9, 0xfa,
    0xc9, 0xfa, 0xc9, 0xfa, 0xc9, 0xfa, 0xc9, 0xfa, 0xc9, 0xfa, 0xc9, 0xfa,
    0xc9, 0xfa, 0xc9, 0xfa, 0xc9, 0xfa, 0xca, 0xa2, 0x00, 0x30, 0x20, 0x08,
    0x00, 0x08, 0x20, 0x08, 0x00, 0x08, 0x20, 0x00, 0xff, 0xff, 0xff, 0xff,
    0xff, 0xff, 0xff, 0xff, 0x20, 0x00, 0x00, 0x20, 0xe6, 0x59, 0xc9, 0xfa,
    0xc9, 0xfa, 0xc9, 0xfa, 0xc9, 0xfa, 0xc9, 0xfa, 0xc9, 0xfa, 0xc9, 0xfa,
    0xc9, 0xfa, 0xc9, 0xfa, 0xc9, 0xfa, 0xc8, 0xfa, 0xc9, 0xfa, 0xc9, 0xfa,
    0xc8, 0xfa, 0xc9, 0xfa, 0xc9, 0xfa, 0xc8, 0xfa, 0xc9, 0xfa, 0xc9, 0xfa,
    0xc9, 0xfa, 0xc9, 0xfa, 0xc9, 0xfa, 0xc9, 0xfa, 0xc9, 0xfa, 0x4c, 0xd3,
    0x40, 0x68, 0x20, 0x08, 0x00, 0x08, 0x20, 0x08, 0x00, 0x00, 0x20, 0x08,
    0x00, 0x08, 0x00, 0x08, 0x00, 0x08, 0x20, 0x00, 0x00, 0x08, 0x00, 0x00,
    0x00, 0x08, 0xc9, 0xfa, 0xc9, 0xfa, 0xc9, 0xfa, 0xc9, 0xfa, 0xc9, 0xfa,
    0xc9, 0xfa, 0xc9, 0xfa, 0xc9, 0xfa, 0xc9, 0xfa, 0xc8, 0xfa, 0xc9, 0xfa,
    0xc9, 0xfa, 0xc9, 0xfa, 0xc9, 0xfa, 0xc9, 0xfa, 0xc9, 0xfa, 0xc9, 0xfa,
    0xc9, 0xfa, 0xc9, 0xfa, 0xc9, 0xfa, 0xc9, 0xfa, 0xc9, 0xfa, 0xc9, 0xfa,
    0xc9, 0xfa, 0x0a, 0xeb, 0xa5, 0xb9, 0x00, 0x08, 0x20, 0x08, 0x00, 0x00,
    0x00, 0x08, 0x00, 0x08, 0x00, 0x08, 0x20, 0x00, 0x00, 0x08, 0x00, 0x08,
    0x20, 0x00, 0x00, 0x08, 0x00, 0x08, 0x43, 0xa1, 0x2b, 0xe3, 0xc9, 0xfa,
    0xc9, 0xfa, 0xc8, 0xfa, 0xc9, 0xfa, 0xc9, 0xfa, 0xc9, 0xfa, 0xc8, 0xfa,
    0xc9, 0xfa, 0xc9, 0xfa, 0xc9, 0xfa, 0xc9, 0xfa, 0xc9, 0xfa, 0xc9, 0xfa,
    0xc9, 0xfa, 0xc9, 0xfa, 0xc9, 0xfa, 0xc8, 0xfa, 0xc9, 0xfa, 0xc9, 0xfa,
    0xc9, 0xfa, 0xc9, 0xfa, 0xc9, 0xfa, 0xc9, 0xfa, 0xc9, 0xfa, 0xa2, 0x28,
    0x00, 0x10, 0x00, 0x08, 0x00, 0x00, 0x00, 0x08, 0x20, 0x00, 0xff, 0xff,
    0xff, 0xff, 0xff, 0xff, 0xff, 0xff, 0xff, 0xff, 0x21, 0x00, 0x00, 0x48,
    0x8c, 0xc3, 0xc9, 0xfa, 0xc9, 0xfa, 0xc8, 0xfa, 0xc9, 0xfa, 0xc9, 0xfa,
    0xc8, 0xfa, 0xc9, 0xfa, 0xc9, 0xfa, 0xc8, 0xfa, 0xc9, 0xfa, 0xc9, 0xfa,
    0xc8, 0xfa, 0xc9, 0xfa, 0xc9, 0xfa, 0xc9, 0xfa, 0xc9, 0xfa, 0xc9, 0xfa,
    0xc9, 0xfa, 0xc9, 0xfa, 0xc9, 0xfa, 0xc9, 0xfa, 0xc9, 0xfa, 0xc9, 0xfa,
    0xc9, 0xfa, 0x07, 0x7a, 0x00, 0x28, 0x00, 0x08, 0x20, 0x08, 0x00, 0x00,
    0x00, 0x08, 0x20, 0x08, 0x00, 0x08, 0x00, 0x00, 0x20, 0x08, 0x00, 0x08,
    0x00, 0x08, 0x20, 0x08, 0x00, 0x08, 0x00, 0x08, 0x20, 0x00, 0x00, 0x08,
    0x00, 0x08, 0x20, 0x08, 0x00, 0x08, 0x00, 0x08, 0x20, 0x08, 0x00, 0x08,
    0x00, 0x08, 0x20, 0x08, 0x00, 0x08, 0x00, 0x00, 0x00, 0x08, 0x00, 0x08,
    0x00, 0x08, 0x00, 0x00, 0x00, 0x08, 0xff, 0xff, 0xff, 0xff, 0xff, 0xff,
    0xff, 0xff, 0xff, 0xff, 0xff, 0xff, 0xff, 0xff, 0xff, 0xff, 0xff, 0xff,
    0xff, 0xff, 0xff, 0xff, 0xff, 0xff, 0xff, 0xff, 0xff, 0xff, 0xff, 0xff,
    0xff, 0xff, 0xff, 0xff, 0xff, 0xff, 0xff, 0xff, 0xff, 0xff, 0xff, 0xff,
    0xff, 0xff, 0xff, 0xff, 0xff, 0xff, 0xff, 0xff, 0xff, 0xff, 0xff, 0xff,
    0xff, 0xff, 0xff, 0xff, 0xff, 0xff, 0xff, 0xff, 0xff, 0xff, 0xff, 0xff,
    0xff, 0xff, 0xff, 0xff, 0xff, 0xff, 0xff, 0xff, 0xff, 0xff, 0xff, 0xff,
    0x00, 0x08, 0x00, 0x00, 0x47, 0xda, 0xe9, 0xfa, 0xc9, 0xfa, 0xc9, 0xfa,
    0xc9, 0xfa, 0xc9, 0xfa, 0xc9, 0xfa, 0xc9, 0xfa, 0xc9, 0xfa, 0xc9, 0xfa,
    0xc9, 0xfa, 0xc9, 0xfa, 0xc9, 0xfa, 0xc9, 0xfa, 0xc9, 0xfa, 0xc8, 0xfa,
    0xc9, 0xfa, 0xc9, 0xfa, 0xc9, 0xfa, 0xc9, 0xfa, 0xc9, 0xfa, 0xc8, 0xfa,
    0xc9, 0xfa, 0xc9, 0xfa, 0xe9, 0xf2, 0x47, 0xda, 0x00, 0x08, 0x00, 0x08,
    0x00, 0x00, 0x20, 0x08, 0x00, 0x08, 0x00, 0x08, 0xff, 0xff, 0xff, 0xff,
    0xff, 0xff, 0xff, 0xff, 0x00, 0x08, 0x20, 0x08, 0x02, 0x99, 0x2b, 0xe3,
    0xc9, 0xfa, 0xc9, 0xfa, 0xc9, 0xfa, 0xc9, 0xfa, 0xc9, 0xfa, 0xc9, 0xfa,
    0xc9, 0xfa, 0xc9, 0xfa, 0xc9, 0xfa, 0xc9, 0xfa, 0xc9, 0xfa, 0xc9, 0xfa,
    0xc9, 0xfa, 0xc9, 0xfa, 0xc9, 0xfa, 0xc9, 0xfa, 0xc9, 0xfa, 0xc9, 0xfa,
    0xc9, 0xfa, 0xc9, 0xfa, 0xc9, 0xfa, 0xc9, 0xfa, 0xc9, 0xfa, 0xc9, 0xfa,
    0xc9, 0xfa, 0xc9, 0xfa, 0xc9, 0xfa, 0xc9, 0xfa, 0xc9, 0xfa, 0xc9, 0xfa,
    0xc9, 0xfa, 0xc9, 0xfa, 0xc9, 0xfa, 0xc9, 0xfa, 0xc9, 0xfa, 0xc9, 0xfa,
    0x8d, 0xc3, 0x00, 0x48, 0x00, 0x08, 0x00, 0x08, 0x00, 0x08, 0x00, 0x08,
    0x20, 0x00, 0xff, 0xff, 0xff, 0xff, 0xff, 0xff, 0xff, 0xff, 0xff, 0xff,
    0x00, 0x10, 0xa2, 0x28, 0xc9, 0xfa, 0xc9, 0xfa, 0xc9, 0xfa, 0xc9, 0xfa,
    0xc9, 0xfa, 0xc9, 0xfa, 0xc9, 0xfa, 0xc9, 0xfa, 0xc9, 0xfa, 0xc9, 0xfa,
    0xc9, 0xfa, 0xc9, 0xfa, 0xc9, 0xfa, 0xc9, 0xfa, 0xc9, 0xfa, 0xc9, 0xfa,
    0xc9, 0xfa, 0xc9, 0xfa, 0xc9, 0xfa, 0xc9, 0xfa, 0xc8, 0xfa, 0xc9, 0xfa,
    0xc9, 0xfa, 0xc9, 0xfa, 0xc9, 0xfa, 0xc9, 0xfa, 0xc9, 0xfa, 0xc8, 0xfa,
    0xc9, 0xfa, 0xc9, 0xfa, 0xc8, 0xfa, 0xc9, 0xfa, 0xc9, 0xfa, 0xc8, 0xfa,
    0xc9, 0xfa, 0xc9, 0xfa, 0xc9, 0xfa, 0xc9, 0xfa, 0xc9, 0xfa, 0xc9, 0xfa,
    0xc9, 0xfa, 0xc9, 0xfa, 0xc9, 0xfa, 0xc9, 0xfa, 0xc9, 0xfa, 0xc9, 0xfa,
    0xc9, 0xfa, 0xc9, 0xfa, 0xc9, 0xfa, 0xc9, 0xfa, 0xc9, 0xfa, 0xc8, 0xfa,
    0xc9, 0xfa, 0xc9, 0xfa, 0xc9, 0xfa, 0xc9, 0xfa, 0xc8, 0xfa, 0xc9, 0xfa,
    0xc9, 0xfa, 0xc9, 0xfa, 0xc9, 0xfa, 0xc9, 0xfa, 0xc8, 0xfa, 0xc9, 0xfa,
    0xc9, 0xfa, 0xc9, 0xfa, 0xc9, 0xfa, 0xc9, 0xfa, 0xc9, 0xfa, 0xc8, 0xfa,
    0xc9, 0xfa, 0xc9, 0xfa, 0xc8, 0xfa, 0xc9, 0xfa, 0xc9, 0xfa, 0xc8, 0xfa,
    0xca, 0xa2, 0x00, 0x38, 0x00, 0x08, 0x00, 0x00, 0x00, 0x08, 0x20, 0x08,
    0x20, 0x00, 0xff, 0xff, 0xff, 0xff, 0xff, 0xff, 0xff, 0xff, 0x21, 0x08,
    0x00, 0x20, 0xc6, 0x59, 0xc9, 0xfa, 0xc9, 0xfa, 0xc9, 0xfa, 0xc8, 0xfa,
    0xc9, 0xfa, 0xc9, 0xfa, 0xc8, 0xfa, 0xc9, 0xfa, 0xc9, 0xfa, 0xc9, 0xfa,
    0xc9, 0xfa, 0xc9, 0xfa, 0xc9, 0xfa, 0xc9, 0xfa, 0xc9, 0xfa, 0xc9, 0xfa,
    0xc9, 0xfa, 0xc9, 0xfa, 0xc9, 0xfa, 0xc8, 0xfa, 0xc9, 0xfa, 0xc9, 0xfa,
    0xc8, 0xfa, 0xc9, 0xfa, 0x6c, 0xd3, 0x40, 0x68, 0x00, 0x08, 0x00, 0x08,
    0x00, 0x08, 0x20, 0x08, 0x00, 0x00, 0x00, 0x08, 0x20, 0x08, 0x00, 0x08,
    0x00, 0x08, 0x20, 0x08, 0x00, 0x08, 0x00, 0x00, 0xc9, 0xfa, 0xc9, 0xfa,
    0xc9, 0xfa, 0xc9, 0xfa, 0xc9, 0xfa, 0xc9, 0xfa, 0xc9, 0xfa, 0xc9, 0xfa,
    0xc9, 0xfa, 0xc9, 0xfa, 0xc9, 0xfa, 0xc8, 0xfa, 0xc9, 0xfa, 0xc9, 0xfa,
    0xc8, 0xfa, 0xc9, 0xfa, 0xc9, 0xfa, 0xc9, 0xfa, 0xc8, 0xfa, 0xc9, 0xfa,
    0xc9, 0xfa, 0xc9, 0xfa, 0xc8, 0xfa, 0xc9, 0xfa, 0x0a, 0xeb, 0xc5, 0xb9,
    0x00, 0x08, 0x00, 0x08, 0x20, 0x08, 0x00, 0x00, 0x00, 0x08, 0x20, 0x08,
    0x00, 0x08, 0x00, 0x08, 0x00, 0x08, 0x00, 0x08, 0x20, 0x08, 0x00, 0x08,
    0x23, 0x99, 0x2a, 0xe3, 0xc9, 0xfa, 0xc9, 0xfa, 0xc9, 0xfa, 0xc9, 0xfa,
    0xc9, 0xfa, 0xc9, 0xfa, 0xc9, 0xfa, 0xc9, 0xfa, 0xc9, 0xfa, 0xc9, 0xfa,
    0xc9, 0xfa, 0xc8, 0xfa, 0xc9, 0xfa, 0xc9, 0xfa, 0xc9, 0xfa, 0xc9, 0xfa,
    0xc9, 0xfa, 0xc9, 0xfa, 0xc9, 0xfa, 0xc9, 0xfa, 0xc9, 0xfa, 0xc8, 0xfa,
    0xc9, 0xfa, 0xc9, 0xfa, 0xa2, 0x20, 0x00, 0x10, 0x00, 0x08, 0x00, 0x08,
    0x00, 0x08, 0x00, 0x08, 0xff, 0xff, 0xff, 0xff, 0xff, 0xff, 0xff, 0xff,
    0xff, 0xff, 0x20, 0x00, 0x00, 0x48, 0x6c, 0xcb, 0xc9, 0xfa, 0xc9, 0xfa,
    0xc9, 0xfa, 0xc9, 0xfa, 0xc9, 0xfa, 0xc9, 0xfa, 0xc9, 0xfa, 0xc9, 0xfa,
    0xc9, 0xfa, 0xc9, 0xfa, 0xc9, 0xfa, 0xc9, 0xfa, 0xc9, 0xfa, 0xc8, 0xfa,
    0xc9, 0xfa, 0xc9, 0xfa, 0xc9, 0xfa, 0xc9, 0xfa, 0xc9, 0xfa, 0xc8, 0xfa,
    0xc9, 0xfa, 0xc9, 0xfa, 0xc9, 0xfa, 0xc9, 0xfa, 0x07, 0x7a, 0x00, 0x28,
    0x00, 0x08, 0x00, 0x08, 0x00, 0x08, 0x00, 0x00, 0x00, 0x08, 0x00, 0x08,
    0x00, 0x08, 0x20, 0x00, 0x00, 0x08, 0x00, 0x00, 0x00, 0x00, 0x00, 0x08,
    0x00, 0x08, 0x00, 0x00, 0x00, 0x08, 0x00, 0x00, 0x00, 0x00, 0x00, 0x08,
    0x00, 0x00, 0x00, 0x00, 0x00, 0x08, 0x00, 0x00, 0x00, 0x08, 0x00, 0x08,
    0x20, 0x08, 0x20, 0x08, 0x00, 0x08, 0x20, 0x08, 0x20, 0x00, 0x00, 0x08,
    0xff, 0xff, 0xff, 0xff, 0xff, 0xff, 0xff, 0xff, 0xff, 0xff, 0xff, 0xff,
    0xff, 0xff, 0xff, 0xff, 0xff, 0xff, 0xff, 0xff, 0xff, 0xff, 0xff, 0xff,
    0xff, 0xff, 0xff, 0xff, 0xff, 0xff, 0xff, 0xff, 0xff, 0xff, 0xff, 0xff,
    0xff, 0xff, 0xff, 0xff, 0xff, 0xff, 0xff, 0xff, 0xff, 0xff, 0xff, 0xff,
    0xff, 0xff, 0xff, 0xff, 0xff, 0xff, 0xff, 0xff, 0xff, 0xff, 0xff, 0xff,
    0xff, 0xff, 0xff, 0xff, 0xff, 0xff, 0xff, 0xff, 0xff, 0xff, 0xff, 0xff,
    0xff, 0xff, 0xff, 0xff, 0xff, 0xff, 0x00, 0x08, 0x00, 0x08, 0x47, 0xda,
    0xe9, 0xfa, 0xc9, 0xfa, 0xc8, 0xfa, 0xc9, 0xfa, 0xc9, 0xfa, 0xc8, 0xfa,
    0xc9, 0xfa, 0xc9, 0xfa, 0xc8, 0xfa, 0xc9, 0xfa, 0xc9, 0xfa, 0xc8, 0xfa,
    0xc9, 0xfa, 0xc9, 0xfa, 0xc9, 0xfa, 0xc9, 0xfa, 0xc9, 0xfa, 0xc9, 0xfa,
    0xc9, 0xfa, 0xc9, 0xfa, 0xc9, 0xfa, 0xc9, 0xfa, 0xc9, 0xfa, 0xe9, 0xf2,
    0x47, 0xda, 0x00, 0x08, 0x00, 0x08, 0x00, 0x08, 0x00, 0x08, 0x20, 0x08,
    0x00, 0x00, 0xff, 0xff, 0xff, 0xff, 0xff, 0xff, 0xff, 0xff, 0x00, 0x08,
    0x00, 0x00, 0x02, 0x99, 0x2b, 0xe3, 0xc9, 0xfa, 0xc9, 0xfa, 0xc9, 0xfa,
    0xc9, 0xfa, 0xc9, 0xfa, 0xc9, 0xfa, 0xc8, 0xfa, 0xc9, 0xfa, 0xc9, 0xfa,
    0xc9, 0xfa, 0xc8, 0xfa, 0xc9, 0xfa, 0xc9, 0xfa, 0xc8, 0xfa, 0xc9, 0xfa,
    0xc9, 0xfa, 0xc8, 0xfa, 0xc9, 0xfa, 0xc9, 0xfa, 0xc8, 0xfa, 0xc9, 0xfa,
    0xc9, 0xfa, 0xc9, 0xfa, 0xc9, 0xfa, 0xc9, 0xfa, 0xc9, 0xfa, 0xc9, 0xfa,
    0xc9, 0xfa, 0xc9, 0xfa, 0xc9, 0xfa, 0xc9, 0xfa, 0xc9, 0xfa, 0xc8, 0xfa,
    0xc9, 0xfa, 0xc9, 0xfa, 0xc9, 0xfa, 0x8c, 0xc3, 0x00, 0x40, 0x00, 0x08,
    0x20, 0x08, 0x00, 0x00, 0x20, 0x08, 0x20, 0x00, 0xff, 0xff, 0xff, 0xff,
    0xff, 0xff, 0xff, 0xff, 0xff, 0xff, 0x00, 0x10, 0xa2, 0x28, 0xc9, 0xfa,
    0xc9, 0xfa, 0xc9, 0xfa, 0xc9, 0xfa, 0xc9, 0xfa, 0xc8, 0xfa, 0xc9, 0xfa,
    0xc9, 0xfa, 0xc9, 0xfa, 0xc9, 0xfa, 0xc9, 0xfa, 0xc8, 0xfa, 0xc9, 0xfa,
    0xc9, 0xfa, 0xc9, 0xfa, 0xc9, 0xfa, 0xc9, 0xfa, 0xc9, 0xfa, 0xc9, 0xfa,
    0xc9, 0xfa, 0xc9, 0xfa, 0xc9, 0xfa, 0xc9, 0xfa, 0xc8, 0xfa, 0xc9, 0xfa,
    0xc9, 0xfa, 0xc9, 0xfa, 0xc9, 0xfa, 0xc9, 0xfa, 0xc9, 0xfa, 0xc9, 0xfa,
    0xc9, 0xfa, 0xc9, 0xfa, 0xc9, 0xfa, 0xc9, 0xfa, 0xc9, 0xfa, 0xc8, 0xfa,
    0xc9, 0xfa, 0xc9, 0xfa, 0xc8, 0xfa, 0xc9, 0xfa, 0xc9, 0xfa, 0xc8, 0xfa,
    0xc9, 0xfa, 0xc9, 0xfa, 0xc8, 0xfa, 0xc9, 0xfa, 0xc9, 0xfa, 0xc8, 0xfa,
    0xc9, 0xfa, 0xc9, 0xfa, 0xc9, 0xfa, 0xc9, 0xfa, 0xc9, 0xfa, 0xc9, 0xfa,
    0xc9, 0xfa, 0xc9, 0xfa, 0xc9, 0xfa, 0xc9, 0xfa, 0xc8, 0xfa, 0xc9, 0xfa,
    0xc9, 0xfa, 0xc9, 0xfa, 0xc9, 0xfa, 0xc8, 0xfa, 0xc9, 0xfa, 0xc9, 0xfa,
    0xc8, 0xfa, 0xc9, 0xfa, 0xc9, 0xfa, 0xc9, 0xfa, 0xc9, 0xfa, 0xc9, 0xfa,
    0xc9, 0xfa, 0xc9, 0xfa, 0xc9, 0xfa, 0xca, 0xa2, 0x00, 0x30, 0x00, 0x08,
    0x00, 0x08, 0x00, 0x08, 0x00, 0x08, 0x20, 0x00, 0xff, 0xff, 0xff, 0xff,
    0xff, 0xff, 0xff, 0xff, 0x20, 0x00, 0x00, 0x20, 0xc6, 0x59, 0xc9, 0xfa,
    0xc9, 0xfa, 0xc9, 0xfa, 0xc9, 0xfa, 0xc9, 0xfa, 0xc9, 0xfa, 0xc9, 0xfa,
    0xc9, 0xfa, 0xc9, 0xfa, 0xc9, 0xfa, 0xc9, 0xfa, 0xc9, 0xfa, 0xc9, 0xfa,
    0xc9, 0xfa, 0xc9, 0xfa, 0xc9, 0xfa, 0xc9, 0xfa, 0xc9, 0xfa, 0xc9, 0xfa,
    0xc9, 0xfa, 0xc9, 0xfa, 0xc9, 0xfa, 0xc9, 0xfa, 0xc9, 0xfa, 0x6c, 0xd3,
    0x40, 0x68, 0x00, 0x08, 0x00, 0x08, 0x00, 0x00, 0x00, 0x08, 0x00, 0x08,
    0x00, 0x00, 0x21, 0x00, 0x20, 0x00, 0x20, 0x00, 0x20, 0x00, 0x00, 0x08,
    0x20, 0x08, 0xc9, 0xfa, 0xc9, 0xfa, 0xc8, 0xfa, 0xc9, 0xfa, 0xc9, 0xfa,
    0xc8, 0xfa, 0xc9, 0xfa, 0xc9, 0xfa, 0xc8, 0xfa, 0xc9, 0xfa, 0xc9, 0xfa,
    0xc9, 0xfa, 0xc9, 0xfa, 0xc9, 0xfa, 0xc9, 0xfa, 0xc9, 0xfa, 0xc9, 0xfa,
    0xc9, 0xfa, 0xc9, 0xfa, 0xc9, 0xfa, 0xc9, 0xfa, 0xc9, 0xfa, 0xc9, 0xfa,
    0xc9, 0xfa, 0x0a, 0xeb, 0xa5, 0xb9, 0x00, 0x08, 0x00, 0x08, 0x00, 0x08,
    0x20, 0x08, 0x00, 0x00, 0x00, 0x08, 0x20, 0x00, 0x21, 0x00, 0x20, 0x00,
    0x20, 0x00, 0x00, 0x08, 0x00, 0x00, 0x43, 0x99, 0x2a, 0xe3, 0xc9, 0xfa,
    0xc9, 0xfa, 0xc9, 0xfa, 0xc9, 0xfa, 0xc8, 0xfa, 0xc9, 0xfa, 0xc9, 0xfa,
    0xc9, 0xfa, 0xc9, 0xfa, 0xc9, 0xfa, 0xc9, 0xfa, 0xc9, 0xfa, 0xc9, 0xfa,
    0xc9, 0xfa, 0xc8, 0xfa, 0xc9, 0xfa, 0xc9, 0xfa, 0xc9, 0xfa, 0xc8, 0xfa,
    0xc9, 0xfa, 0xc9, 0xfa, 0xc9, 0xfa, 0xc9, 0xfa, 0xc9, 0xfa, 0xa2, 0x28,
    0x00, 0x10, 0x00, 0x00, 0x20, 0x08, 0x00, 0x08, 0x00, 0x08, 0xff, 0xff,
    0xff, 0xff, 0xff, 0xff, 0xff, 0xff, 0xff, 0xff, 0x20, 0x00, 0x00, 0x48,
    0x8d, 0xc3, 0xc9, 0xfa, 0xc9, 0xfa, 0xc9, 0xfa, 0xc9, 0xfa, 0xc9, 0xfa,
    0xc9, 0xfa, 0xc8, 0xfa, 0xc9, 0xfa, 0xc9, 0xfa, 0xc9, 0xfa, 0xc8, 0xfa,
    0xc9, 0xfa, 0xc9, 0xfa, 0xc9, 0xfa, 0xc9, 0xfa, 0xc9, 0xfa, 0xc8, 0xfa,
    0xc9, 0xfa, 0xc9, 0xfa, 0xc9, 0xfa, 0xc9, 0xfa, 0xc9, 0xfa, 0xc9, 0xfa,
    0xc9, 0xfa, 0x07, 0x7a, 0x00, 0x28, 0x00, 0x08, 0x20, 0x08, 0x00, 0x08,
    0x20, 0x08, 0x21, 0x00, 0xff, 0xff, 0xff, 0xff, 0xff, 0xff, 0xff, 0xff,
    0xff, 0xff, 0xff, 0xff, 0xff, 0xff, 0xff, 0xff, 0xff, 0xff, 0xff, 0xff,
    0xff, 0xff, 0xff, 0xff, 0xff, 0xff, 0xff, 0xff, 0xff, 0xff, 0xff, 0xff,
    0xff, 0xff, 0xff, 0xff, 0xff, 0xff, 0xff, 0xff, 0xff, 0xff, 0xff, 0xff,
    0xff, 0xff, 0xff, 0xff, 0xff, 0xff, 0xff, 0xff, 0xff, 0xff, 0xff, 0xff,
    0xff, 0xff, 0xff, 0xff, 0xff, 0xff, 0xff, 0xff, 0xff, 0xff, 0xff, 0xff,
    0xff, 0xff, 0xff, 0xff, 0xff, 0xff, 0xff, 0xff, 0xff, 0xff, 0xff, 0xff,
    0xff, 0xff, 0xff, 0xff, 0xff, 0xff, 0xff, 0xff, 0xff, 0xff, 0xff, 0xff,
    0xff, 0xff, 0xff, 0xff, 0xff, 0xff, 0xff, 0xff, 0xff, 0xff, 0xff, 0xff,
    0xff, 0xff, 0xff, 0xff, 0xff, 0xff, 0xff, 0xff, 0xff, 0xff, 0xff, 0xff,
    0xff, 0xff, 0xff, 0xff, 0xff, 0xff, 0xff, 0xff, 0xff, 0xff, 0xff, 0xff,
    0x00, 0x08, 0x00, 0x08, 0x47, 0xda, 0xc9, 0xfa, 0xc9, 0xfa, 0xc9, 0xfa,
    0xc9, 0xfa, 0xc9, 0xfa, 0xc9, 0xfa, 0xc9, 0xfa, 0xc9, 0xfa, 0xc9, 0xfa,
    0xc9, 0xfa, 0xc9, 0xfa, 0xc9, 0xfa, 0xc9, 0xfa, 0xc9, 0xfa, 0xc9, 0xfa,
    0xc9, 0xfa, 0xc8, 0xfa, 0xc9, 0xfa, 0xc9, 0xfa, 0xc8, 0xfa, 0xc9, 0xfa,
    0xc9, 0xfa, 0xc9, 0xfa, 0xe9, 0xf2, 0x47, 0xda, 0x00, 0x08, 0x00, 0x08,
    0x20, 0x00, 0x00, 0x08, 0x00, 0x08, 0x20, 0x08, 0xff, 0xff, 0xff, 0xff,
    0xff, 0xff, 0xff, 0xff, 0x20, 0x08, 0x00, 0x00, 0x02, 0x99, 0x2a, 0xe3,
    0xc9, 0xfa, 0xc9, 0xfa, 0xc8, 0xfa, 0xc9, 0xfa, 0xc9, 0xfa, 0xc9, 0xfa,
    0xc9, 0xfa, 0xc9, 0xfa, 0xc9, 0xfa, 0xc9, 0xfa, 0xc9, 0xfa, 0xc9, 0xfa,
    0xc9, 0xfa, 0xc9, 0xfa, 0xc9, 0xfa, 0xc9, 0xfa, 0xc9, 0xfa, 0xc9, 0xfa,
    0xc9, 0xfa, 0xc9, 0xfa, 0xc9, 0xfa, 0xc9, 0xfa, 0xc8, 0xfa, 0xc9, 0xfa,
    0xc9, 0xfa, 0xc8, 0xfa, 0xc9, 0xfa, 0xc9, 0xfa, 0xc8, 0xfa, 0xc9, 0xfa,
    0xc9, 0xfa, 0xc9, 0xfa, 0xc9, 0xfa, 0xc9, 0xfa, 0xc9, 0xfa, 0xc9, 0xfa,
    0x6c, 0xc3, 0x00, 0x48, 0x00, 0x08, 0x00, 0x00, 0x00, 0x08, 0x00, 0x08,
    0x21, 0x00, 0xff, 0xff, 0xff, 0xff, 0xff, 0xff, 0xff, 0xff, 0xff, 0xff,
    0x00, 0x10, 0xa2, 0x20, 0xc9, 0xfa, 0xc9, 0xfa, 0xc9, 0xfa, 0xc9, 0xfa,
    0xc9, 0xfa, 0xc9, 0xfa, 0xc9, 0xfa, 0xc8, 0xfa, 0xc9, 0xfa, 0xc9, 0xfa,
    0xc9, 0xfa, 0xc9, 0xfa, 0xc9, 0xfa, 0xc9, 0xfa, 0xc8, 0xfa, 0xc9, 0xfa,
    0xc9, 0xfa, 0xc8, 0xfa, 0xc9, 0xfa, 0xc9, 0xfa, 0xc9, 0xfa, 0xc9, 0xfa,
    0xc9, 0xfa, 0xc9, 0xfa, 0xc9, 0xfa, 0xc9, 0xfa, 0xc8, 0xfa, 0xc9, 0xfa,
    0xc9, 0xfa, 0xc9, 0xfa, 0xc9, 0xfa, 0xc9, 0xfa, 0xc9, 0xfa, 0xc9, 0xfa,
    0xc9, 0xfa, 0xc9, 0xfa, 0xc9, 0xfa, 0xc9, 0xfa, 0xc9, 0xfa, 0xc9, 0xfa,
    0xc9, 0xfa, 0xc9, 0xfa, 0xc9, 0xfa, 0xc9, 0xfa, 0xc9, 0xfa, 0xc9, 0xfa,
    0xc9, 0xfa, 0xc9, 0xfa, 0xc9, 0xfa, 0xc9, 0xfa, 0xc9, 0xfa, 0xc9, 0xfa,
    0xc9, 0xfa, 0xc8, 0xfa, 0xc9, 0xfa, 0xc9, 0xfa, 0xc9, 0xfa, 0xc9, 0xfa,
    0xc9, 0xfa, 0xc9, 0xfa, 0xc9, 0xfa, 0xc9, 0xfa, 0xc9, 0xfa, 0xc9, 0xfa,
    0xc9, 0xfa, 0xc9, 0xfa, 0xc9, 0xfa, 0xc9, 0xfa, 0xc9, 0xfa, 0xc9, 0xfa,
    0xc9, 0xfa, 0xc9, 0xfa, 0xc9, 0xfa, 0xc9, 0xfa, 0xc9, 0xfa, 0xc9, 0xfa,
    0xca, 0xa2, 0x00, 0x38, 0x20, 0x08, 0x00, 0x00, 0x20, 0x08, 0x00, 0x08,
    0x20, 0x00, 0xff, 0xff, 0xff, 0xff, 0xff, 0xff, 0xff, 0xff, 0x21, 0x00,
    0x00, 0x20, 0xc6, 0x59, 0xc9, 0xfa, 0xc9, 0xfa, 0xc9, 0xfa, 0xc9, 0xfa,
    0xc9, 0xfa, 0xc9, 0xfa, 0xc9, 0xfa, 0xc9, 0xfa, 0xc8, 0xfa, 0xc9, 0xfa,
    0xc9, 0xfa, 0xc8, 0xfa, 0xc9, 0xfa, 0xc9, 0xfa, 0xc8, 0xfa, 0xc9, 0xfa,
    0xc9, 0xfa, 0xc8, 0xfa, 0xc9, 0xfa, 0xc9, 0xfa, 0xc9, 0xfa, 0xc9, 0xfa,
    0xc9, 0xfa, 0xc9, 0xfa, 0x4c, 0xd3, 0x40, 0x68, 0x20, 0x08, 0x20, 0x08,
    0x00, 0x00, 0x00, 0x08, 0x20, 0x08, 0x00, 0x08, 0xff, 0xff, 0xff, 0xff,
    0xff, 0xff, 0xff, 0xff, 0x00, 0x08, 0x00, 0x08, 0xc9, 0xfa, 0xc9, 0xfa,
    0xc9, 0xfa, 0xc9, 0xfa, 0xc9, 0xfa, 0xc9, 0xfa, 0xc9, 0xfa, 0xc9, 0xfa,
    0xc9, 0xfa, 0xc9, 0xfa, 0xc9, 0xfa, 0xc9, 0xfa, 0xc9, 0xfa, 0xc9, 0xfa,
    0xc9, 0xfa, 0xc9, 0xfa, 0xc9, 0xfa, 0xc9, 0xfa, 0xc9, 0xfa, 0xc9, 0xfa,
    0xc8, 0xfa, 0xc9, 0xfa, 0xc9, 0xfa, 0xc9, 0xfa, 0x09, 0xeb, 0xc5, 0xb9,
    0x00, 0x00, 0x00, 0x08, 0x00, 0x08, 0x00, 0x00, 0x00, 0x08, 0x00, 0x08,
    0xff, 0xff, 0xff, 0xff, 0xff, 0xff, 0xff, 0xff, 0x00, 0x08, 0x00, 0x08,
    0x43, 0xa1, 0x2b, 0xe3, 0xc9, 0xfa, 0xc9, 0xfa, 0xc9, 0xfa, 0xc9, 0xfa,
    0xc9, 0xfa, 0xc9, 0xfa, 0xc9, 0xfa, 0xc8, 0xfa, 0xc9, 0xfa, 0xc9, 0xfa,
    0xc8, 0xfa, 0xc9, 0xfa, 0xc9, 0xfa, 0xc9, 0xfa, 0xc9, 0xfa, 0xc9, 0xfa,
    0xc9, 0xfa, 0xc9, 0xfa, 0xc9, 0xfa, 0xc9, 0xfa, 0xc9, 0xfa, 0xc9, 0xfa,
    0xc9, 0xfa, 0xc9, 0xfa, 0xa2, 0x28, 0x00, 0x10, 0x00, 0x08, 0x00, 0x00,
    0x20, 0x08, 0x00, 0x00, 0xff, 0xff, 0xff, 0xff, 0xff, 0xff, 0xff, 0xff,
    0xff, 0xff, 0x20, 0x00, 0x00, 0x48, 0x6d, 0xc3, 0xc9, 0xfa, 0xc9, 0xfa,
    0xc9, 0xfa, 0xc8, 0xfa, 0xc9, 0xfa, 0xc9, 0xfa, 0xc9, 0xfa, 0xc9, 0xfa,
    0xc9, 0xfa, 0xc9, 0xfa, 0xc9, 0xfa, 0xc9, 0xfa, 0xc9, 0xfa, 0xc9, 0xfa,
    0xc9, 0xfa, 0xc9, 0xfa, 0xc9, 0xfa, 0xc9, 0xfa, 0xc9, 0xfa, 0xc9, 0xfa,
    0xc9, 0xfa, 0xc8, 0xfa, 0xc9, 0xfa, 0xc9, 0xfa, 0x07, 0x7a, 0x00, 0x28,
    0x00, 0x08, 0x00, 0x08, 0x00, 0x00, 0x00, 0x08, 0x20, 0x00, 0xff, 0xff,
    0xff, 0xff, 0xff, 0xff, 0xff, 0xff, 0xff, 0xff, 0xff, 0xff, 0xff, 0xff,
    0xff, 0xff, 0xff, 0xff, 0xff, 0xff, 0xff, 0xff, 0xff, 0xff, 0xff, 0xff,
    0xff, 0xff, 0xff, 0xff, 0xff, 0xff, 0xff, 0xff, 0xff, 0xff, 0xff, 0xff,
    0xff, 0xff, 0xff, 0xff, 0xff, 0xff, 0xff, 0xff, 0xff, 0xff, 0xff, 0xff,
    0xff, 0xff, 0xff, 0xff, 0xff, 0xff, 0xff, 0xff, 0xff, 0xff, 0xff, 0xff,
    0xff, 0xff, 0xff, 0xff, 0xff, 0xff, 0xff, 0xff, 0xff, 0xff, 0xff, 0xff,
    0xff, 0xff, 0xff, 0xff, 0xff, 0xff, 0xff, 0xff, 0xff, 0xff, 0xff, 0xff,
    0xff, 0xff, 0xff, 0xff, 0xff, 0xff, 0xff, 0xff, 0xff, 0xff, 0xff, 0xff,
    0xff, 0xff, 0xff, 0xff, 0xff, 0xff, 0xff, 0xff, 0xff, 0xff, 0xff, 0xff,
    0xff, 0xff, 0xff, 0xff, 0xff, 0xff, 0xff, 0xff, 0xff, 0xff, 0xff, 0xff,
    0xff, 0xff, 0xff, 0xff, 0xff, 0xff, 0x20, 0x08, 0x00, 0x00, 0x47, 0xda,
    0xe9, 0xfa, 0xc9, 0xfa, 0xc9, 0xfa, 0xc9, 0xfa, 0xc9, 0xfa, 0xc9, 0xfa,
    0xc8, 0xfa, 0xc9, 0xfa, 0xc9, 0xfa, 0xc9, 0xfa, 0xc9, 0xfa, 0xc9, 0xfa,
    0xc8, 0xfa, 0xc9, 0xfa, 0xc9, 0xfa, 0xc9, 0xfa, 0xc9, 0xfa, 0xc9, 0xfa,
    0xc9, 0xfa, 0xc9, 0xfa, 0xc9, 0xfa, 0xc9, 0xfa, 0xc9, 0xfa, 0xe9, 0xf2,
    0x47, 0xda, 0x00, 0x08, 0x00, 0x08, 0x00, 0x00, 0x00, 0x08, 0x00, 0x08,
    0x00, 0x00, 0xff, 0xff, 0xff, 0xff, 0xff, 0xff, 0xff, 0xff, 0x00, 0x08,
    0x20, 0x08, 0x03, 0x99, 0x2a, 0xdb, 0xc9, 0xfa, 0xc9, 0xfa, 0xc9, 0xfa,
    0xc9, 0xfa, 0xc9, 0xfa, 0xc8, 0xfa, 0xc9, 0xfa, 0xc9, 0xfa, 0xc9, 0xfa,
    0xc8, 0xfa, 0xc9, 0xfa, 0xc9, 0xfa, 0xc9, 0xfa, 0xc9, 0xfa, 0xc9, 0xfa,
    0xc9, 0xfa, 0xc9, 0xfa, 0xc9, 0xfa, 0xc9, 0xfa, 0xc9, 0xfa, 0xc9, 0xfa,
    0xc9, 0xfa, 0xc9, 0xfa, 0xc9, 0xfa, 0xc9, 0xfa, 0xc9, 0xfa, 0xc9, 0xfa,
    0xc9, 0xfa, 0xc9, 0xfa, 0xc9, 0xfa, 0xc8, 0xfa, 0xc9, 0xfa, 0xc9, 0xfa,
    0xc9, 0xfa, 0xc9, 0xfa, 0xc9, 0xfa, 0x8c, 0xc3, 0x00, 0x48, 0x00, 0x08,
    0x00, 0x08, 0x20, 0x08, 0x00, 0x08, 0x20, 0x00, 0xff, 0xff, 0xff, 0xff,
    0xff, 0xff, 0xff, 0xff, 0xff, 0xff, 0x00, 0x10, 0xa2, 0x28, 0xc9, 0xfa,
    0xc9, 0xfa, 0xc9, 0xfa, 0xc8, 0xfa, 0xc9, 0xfa, 0xc9, 0xfa, 0xc9, 0xfa,
    0xc9, 0xfa, 0xc9, 0xfa, 0xc9, 0xfa, 0xc8, 0xfa, 0xc9, 0xfa, 0xc9, 0xfa,
    0xc9, 0xfa, 0xc9, 0xfa, 0xc9, 0xfa, 0xc9, 0xfa, 0xc9, 0xfa, 0xc9, 0xfa,
    0xc8, 0xfa, 0xc9, 0xfa, 0xc9, 0xfa, 0xc9, 0xfa, 0xc9, 0xfa, 0xc9, 0xfa,
    0xc9, 0xfa, 0xc9, 0xfa, 0xc9, 0xfa, 0xc9, 0xfa, 0xc8, 0xfa, 0xc9, 0xfa,
    0xc9, 0xfa, 0xc8, 0xfa, 0xc9, 0xfa, 0xc9, 0xfa, 0xc8, 0xfa, 0xc9, 0xfa,
    0xc9, 0xfa, 0xc9, 0xfa, 0xc9, 0xfa, 0xc9, 0xfa, 0xc9, 0xfa, 0xc9, 0xfa,
    0xc9, 0xfa, 0xc9, 0xfa, 0xc9, 0xfa, 0xc8, 0xfa, 0xc9, 0xfa, 0xc9, 0xfa,
    0xc9, 0xfa, 0xc8, 0xfa, 0xc9, 0xfa, 0xc9, 0xfa, 0xc9, 0xfa, 0xc9, 0xfa,
    0xc8, 0xfa, 0xc9, 0xfa, 0xc9, 0xfa, 0xc8, 0xfa, 0xc9, 0xfa, 0xc9, 0xfa,
    0xc8, 0xfa, 0xc9, 0xfa, 0xc9, 0xfa, 0xc9, 0xfa, 0xc9, 0xfa, 0xc9, 0xfa,
    0xc9, 0xfa, 0xc9, 0xfa, 0xc8, 0xfa, 0xc9, 0xfa, 0xc9, 0xfa, 0xc8, 0xfa,
    0xc9, 0xfa, 0xc9, 0xfa, 0xc8, 0xfa, 0xca, 0xa2, 0x00, 0x38, 0x00, 0x08,
    0x00, 0x00, 0x00, 0x08, 0x20, 0x08, 0x21, 0x00, 0xff, 0xff, 0xff, 0xff,
    0xff, 0xff, 0xff, 0xff, 0x20, 0x08, 0x00, 0x20, 0xe6, 0x59, 0xc9, 0xfa,
    0xc9, 0xfa, 0xc9, 0xfa, 0xc9, 0xfa, 0xc8, 0xfa, 0xc9, 0xfa, 0xc9, 0xfa,
    0xc9, 0xfa, 0xc9, 0xfa, 0xc9, 0xfa, 0xc9, 0xfa, 0xc9, 0xfa, 0xc9, 0xfa,
    0xc9, 0xfa, 0xc9, 0xfa, 0xc9, 0xfa, 0xc9, 0xfa, 0xc9, 0xfa, 0xc9, 0xfa,
    0xc8, 0xfa, 0xc9, 0xfa, 0xc9, 0xfa, 0xc8, 0xfa, 0xc9, 0xfa, 0x4c, 0xd3,
    0x40, 0x68, 0x00, 0x08, 0x00, 0x08, 0x00, 0x08, 0x20, 0x08, 0x20, 0x00,
    0xff, 0xff, 0xff, 0xff, 0xff, 0xff, 0xff, 0xff, 0xff, 0xff, 0x00, 0x08,
    0x00, 0x00, 0xc9, 0xfa, 0xc9, 0xfa, 0xc9, 0xfa, 0xc9, 0xfa, 0xc9, 0xfa,
    0xc9, 0xfa, 0xc9, 0xfa, 0xc9, 0xfa, 0xc9, 0xfa, 0xc9, 0xfa, 0xc8, 0xfa,
    0xc9, 0xfa, 0xc9, 0xfa, 0xc8, 0xfa, 0xc9, 0xfa, 0xc9, 0xfa, 0xc8, 0xfa,
    0xc9, 0xfa, 0xc9, 0xfa, 0xc9, 0xfa, 0xc9, 0xfa, 0xc9, 0xfa, 0xc9, 0xfa,
    0xc9, 0xfa, 0x0a, 0xeb, 0xa5, 0xb9, 0x00, 0x08, 0x20, 0x08, 0x00, 0x00,
    0x20, 0x08, 0x00, 0x08, 0x20, 0x08, 0xff, 0xff, 0xff, 0xff, 0xff, 0xff,
    0xff, 0xff, 0x20, 0x08, 0x00, 0x08, 0x23, 0x99, 0x2a, 0xe3, 0xc9, 0xfa,
    0xc9, 0xfa, 0xc9, 0xfa, 0xc9, 0xfa, 0xc9, 0xfa, 0xc9, 0xfa, 0xc9, 0xfa,
    0xc9, 0xfa, 0xc9, 0xfa, 0xc9, 0xfa, 0xc9, 0xfa, 0xc9, 0xfa, 0xc9, 0xfa,
    0xc9, 0xfa, 0xc9, 0xfa, 0xc8, 0xfa, 0xc9, 0xfa, 0xc9, 0xfa, 0xc9, 0xfa,
    0xc9, 0xfa, 0xc8, 0xfa, 0xc9, 0xfa, 0xc9, 0xfa, 0xc9, 0xfa, 0xa2, 0x20,
    0x00, 0x10, 0x00, 0x08, 0x00, 0x08, 0x00, 0x08, 0x20, 0x08, 0xff, 0xff,
    0xff, 0xff, 0xff, 0xff, 0xff, 0xff, 0xff, 0xff, 0x20, 0x00, 0x00, 0x48,
    0x8c, 0xc3, 0xc9, 0xfa, 0xc9, 0xfa, 0xc9, 0xfa, 0xc9, 0xfa, 0xc9, 0xfa,
    0xc9, 0xfa, 0xc9, 0xfa, 0xc9, 0xfa, 0xc8, 0xfa, 0xc9, 0xfa, 0xc9, 0xfa,
    0xc9, 0xfa, 0xc9, 0xfa, 0xc8, 0xfa, 0xc9, 0xfa, 0xc9, 0xfa, 0xc9, 0xfa,
    0xc8, 0xfa, 0xc9, 0xfa, 0xc9, 0xfa, 0xc9, 0xfa, 0xc9, 0xfa, 0xc9, 0xfa,
    0xc9, 0xfa, 0x07, 0x7a, 0x00, 0x28, 0x00, 0x08, 0x20, 0x08, 0x00, 0x08,
    0x00, 0x08, 0x20, 0x00, 0xff, 0xff, 0xff, 0xff, 0xff, 0xff, 0xff, 0xff,
    0xff, 0xff, 0xff, 0xff, 0xff, 0xff, 0xff, 0xff, 0xff, 0xff, 0xff, 0xff,
    0xff, 0xff, 0xff, 0xff, 0xff, 0xff, 0xff, 0xff, 0xff, 0xff, 0xff, 0xff,
    0xff, 0xff, 0xff, 0xff, 0xff, 0xff, 0xff, 0xff, 0xff, 0xff, 0xff, 0xff,
    0xff, 0xff, 0xff, 0xff, 0xff, 0xff, 0xff, 0xff, 0xff, 0xff, 0xff, 0xff,
    0xff, 0xff, 0xff, 0xff, 0xff, 0xff, 0xff, 0xff, 0xff, 0xff, 0xff, 0xff,
    0xff, 0xff, 0xff, 0xff, 0xff, 0xff, 0xff, 0xff, 0xff, 0xff, 0xff, 0xff,
    0xff, 0xff, 0xff, 0xff, 0xff, 0xff, 0xff, 0xff, 0xff, 0xff, 0xff, 0xff,
    0xff, 0xff, 0xff, 0xff, 0xff, 0xff, 0xff, 0xff, 0xff, 0xff, 0xff, 0xff,
    0xff, 0xff, 0xff, 0xff, 0xff, 0xff, 0xff, 0xff, 0xff, 0xff, 0xff, 0xff,
    0xff, 0xff, 0xff, 0xff, 0xff, 0xff, 0xff, 0xff, 0xff, 0xff, 0xff, 0xff,
    0x00, 0x08, 0x00, 0x08, 0x47, 0xda, 0xc9, 0xfa, 0xc9, 0xfa, 0xc9, 0xfa,
    0xc8, 0xfa, 0xc9, 0xfa, 0xc9, 0xfa, 0xc9, 0xfa, 0xc9, 0xfa, 0xc8, 0xfa,
    0xc9, 0xfa, 0xc9, 0xfa, 0xc9, 0xfa, 0xc9, 0xfa, 0xc9, 0xfa, 0xc9, 0xfa,
    0xc8, 0xfa, 0xc9, 0xfa, 0xc9, 0xfa, 0xc9, 0xfa, 0xc9, 0xfa, 0xc9, 0xfa,
    0xc9, 0xfa, 0xc9, 0xfa, 0xe9, 0xf2, 0x47, 0xda, 0x00, 0x08, 0x00, 0x08,
    0x20, 0x08, 0x00, 0x08, 0x00, 0x00, 0x20, 0x08, 0xff, 0xff, 0xff, 0xff,
    0xff, 0xff, 0xff, 0xff, 0x00, 0x08, 0x00, 0x08, 0x02, 0x99, 0x2b, 0xe3,
    0xc9, 0xfa, 0xc9, 0xfa, 0xc9, 0xfa, 0xc9, 0xfa, 0xc9, 0xfa, 0xc9, 0xfa,
    0xc9, 0xfa, 0xc9, 0xfa, 0xc9, 0xfa, 0xc9, 0xfa, 0xc9, 0xfa, 0xc9, 0xfa,
    0xc8, 0xfa, 0xc9, 0xfa, 0xc9, 0xfa, 0xc8, 0xfa, 0xc9, 0xfa, 0xc9, 0xfa,
    0xc8, 0xfa, 0xc9, 0xfa, 0xc9, 0xfa, 0xc8, 0xfa, 0xc9, 0xfa, 0xc9, 0xfa,
    0xc9, 0xfa, 0xc9, 0xfa, 0xc8, 0xfa, 0xc9, 0xfa, 0xc9, 0xfa, 0xc9, 0xfa,
    0xc9, 0xfa, 0xc9, 0xfa, 0xc9, 0xfa, 0xc8, 0xfa, 0xc9, 0xfa, 0xc9, 0xfa,
    0x8c, 0xc3, 0x00, 0x40, 0x00, 0x08, 0x00, 0x08, 0x20, 0x00, 0x00, 0x08,
    0x20, 0x00, 0xff, 0xff, 0xff, 0xff, 0xff, 0xff, 0xff, 0xff, 0xff, 0xff,
    0x00, 0x10, 0xa2, 0x28, 0xc9, 0xfa, 0xc9, 0xfa, 0xc9, 0xfa, 0xc9, 0xfa,
    0xc9, 0xfa, 0xc9, 0xfa, 0xc9, 0xfa, 0xc9, 0xfa, 0xc9, 0xfa, 0xc9, 0xfa,
    0xc9, 0xfa, 0xc9, 0xfa, 0xc9, 0xfa, 0xc9, 0xfa, 0xc9, 0xfa, 0xc8, 0xfa,
    0xc9, 0xfa, 0xc9, 0xfa, 0xc9, 0xfa, 0xc9, 0xfa, 0xc9, 0xfa, 0xc8, 0xfa,
    0xc9, 0xfa, 0xc9, 0xfa, 0xc8, 0xfa, 0xc9, 0xfa, 0xc9, 0xfa, 0xc9, 0xfa,
    0xc9, 0xfa, 0xc9, 0xfa, 0xc9, 0xfa, 0xc9, 0xfa, 0xc9, 0xfa, 0xc9, 0xfa,
    0xc9, 0xfa, 0xc9, 0xfa, 0xc9, 0xfa, 0xc9, 0xfa, 0xc8, 0xfa, 0xc9, 0xfa,
    0xc9, 0xfa, 0xc8, 0xfa, 0xc9, 0xfa, 0xc9, 0xfa, 0xc8, 0xfa, 0xc9, 0xfa,
    0xc9, 0xfa, 0xc9, 0xfa, 0xc9, 0xfa, 0xc9, 0xfa, 0xc9, 0xfa, 0xc9, 0xfa,
    0xc9, 0xfa, 0xc9, 0xfa, 0xc9, 0xfa, 0xc9, 0xfa, 0xc9, 0xfa, 0xc9, 0xfa,
    0xc9, 0xfa, 0xc9, 0xfa, 0xc9, 0xfa, 0xc9, 0xfa, 0xc9, 0xfa, 0xc9, 0xfa,
    0xc8, 0xfa, 0xc9, 0xfa, 0xc9, 0xfa, 0xc8, 0xfa, 0xc9, 0xfa, 0xc9, 0xfa,
    0xc9, 0xfa, 0xc9, 0xfa, 0xc9, 0xfa, 0xc9, 0xfa, 0xc9, 0xfa, 0xc9, 0xfa,
    0xca, 0xa2, 0x00, 0x30, 0x00, 0x08, 0x00, 0x08, 0x00, 0x08, 0x00, 0x08,
    0x20, 0x00, 0xff, 0xff, 0xff, 0xff, 0xff, 0xff, 0xff, 0xff, 0x21, 0x00,
    0x00, 0x20, 0xc6, 0x59, 0xc9, 0xfa, 0xc9, 0xfa, 0xc9, 0xfa, 0xc9, 0xfa,
    0xc9, 0xfa, 0xc9, 0xfa, 0xc9, 0xfa, 0xc8, 0xfa, 0xc9, 0xfa, 0xc9, 0xfa,
    0xc9, 0xfa, 0xc9, 0xfa, 0xc8, 0xfa, 0xc9, 0xfa, 0xc9, 0xfa, 0xc9, 0xfa,
    0xc9, 0xfa, 0xc9, 0xfa, 0xc9, 0xfa, 0xc9, 0xfa, 0xc9, 0xfa, 0xc9, 0xfa,
    0xc9, 0xfa, 0xc9, 0xfa, 0x6c, 0xcb, 0x40, 0x68, 0x00, 0x08, 0x00, 0x08,
    0x20, 0x08, 0x00, 0x00, 0x21, 0x00, 0xff, 0xff, 0xff, 0xff, 0xff, 0xff,
    0xff, 0xff, 0xff, 0xff, 0x20, 0x08, 0x00, 0x08, 0xc9, 0xfa, 0xc9, 0xfa,
    0xc8, 0xfa, 0xc9, 0xfa, 0xc9, 0xfa, 0xc8, 0xfa, 0xc9, 0xfa, 0xc9, 0xfa,
    0xc8, 0xfa, 0xc9, 0xfa, 0xc9, 0xfa, 0xc9, 0xfa, 0xc9, 0xfa, 0xc9, 0xfa,
    0xc9, 0xfa, 0xc9, 0xfa, 0xc9, 0xfa, 0xc9, 0xfa, 0xc8, 0xfa, 0xc9, 0xfa,
    0xc9, 0xfa, 0xc9, 0xfa, 0xc8, 0xfa, 0xc9, 0xfa, 0x0a, 0xeb, 0xa5, 0xb9,
    0x00, 0x08, 0x00, 0x08, 0x20, 0x08, 0x00, 0x08, 0x00, 0x00, 0x00, 0x08,
    0xff, 0xff, 0xff, 0xff, 0xff, 0xff, 0xff, 0xff, 0x00, 0x08, 0x00, 0x00,
    0x43, 0x99, 0x2b, 0xe3, 0xc9, 0xfa, 0xc9, 0xfa, 0xc8, 0xfa, 0xc9, 0xfa,
    0xc9, 0xfa, 0xc8, 0xfa, 0xc9, 0xfa, 0xc9, 0xfa, 0xc9, 0xfa, 0xc9, 0xfa,
    0xc9, 0xfa, 0xc9, 0xfa, 0xc8, 0xfa, 0xc9, 0xfa, 0xc9, 0xfa, 0xc9, 0xfa,
    0xc9, 0xfa, 0xc8, 0xfa, 0xc9, 0xfa, 0xc9, 0xfa, 0xc9, 0xfa, 0xc9, 0xfa,
    0xc9, 0xfa, 0xc8, 0xfa, 0xa2, 0x28, 0x00, 0x10, 0x00, 0x00, 0x00, 0x08,
    0x20, 0x08, 0x00, 0x00, 0xff, 0xff, 0xff, 0xff, 0xff, 0xff, 0xff, 0xff,
    0xff, 0xff, 0x21, 0x00, 0x00, 0x48, 0x8c, 0xc3, 0xc9, 0xfa, 0xc9, 0xfa,
    0xc9, 0xfa, 0xc9, 0xfa, 0xc9, 0xfa, 0xc8, 0xfa, 0xc9, 0xfa, 0xc9, 0xfa,
    0xc9, 0xfa, 0xc9, 0xfa, 0xc9, 0xfa, 0xc9, 0xfa, 0xc9, 0xfa, 0xc9, 0xfa,
    0xc9, 0xfa, 0xc9, 0xfa, 0xc9, 0xfa, 0xc9, 0xfa, 0xc9, 0xfa, 0xc9, 0xfa,
    0xc8, 0xfa, 0xc9, 0xfa, 0xc9, 0xfa, 0xc9, 0xfa, 0x07, 0x7a, 0x00, 0x28,
    0x00, 0x08, 0x20, 0x08, 0x00, 0x00, 0x20, 0x08, 0x21, 0x00, 0xff, 0xff,
    0xff, 0xff, 0xff, 0xff, 0xff, 0xff, 0xff, 0xff, 0xff, 0xff, 0xff, 0xff,
    0xff, 0xff, 0xff, 0xff, 0xff, 0xff, 0xff, 0xff, 0xff, 0xff, 0xff, 0xff,
    0xff, 0xff, 0xff, 0xff, 0xff, 0xff, 0xff, 0xff, 0xff, 0xff, 0xff, 0xff,
    0xff, 0xff, 0xff, 0xff, 0xff, 0xff, 0xff, 0xff, 0xff, 0xff, 0xff, 0xff,
    0xff, 0xff, 0xff, 0xff, 0xff, 0xff, 0xff, 0xff, 0xff, 0xff, 0xff, 0xff,
    0xff, 0xff, 0xff, 0xff, 0xff, 0xff, 0xff, 0xff, 0xff, 0xff, 0xff, 0xff,
    0xff, 0xff, 0xff, 0xff, 0xff, 0xff, 0xff, 0xff, 0xff, 0xff, 0xff, 0xff,
    0xff, 0xff, 0xff, 0xff, 0xff, 0xff, 0xff, 0xff, 0xff, 0xff, 0xff, 0xff,
    0xff, 0xff, 0xff, 0xff, 0xff, 0xff, 0xff, 0xff, 0xff, 0xff, 0xff, 0xff,
    0xff, 0xff, 0xff, 0xff, 0xff, 0xff, 0xff, 0xff, 0xff, 0xff, 0xff, 0xff,
    0xff, 0xff, 0xff, 0xff, 0xff, 0xff, 0x00, 0x08, 0x00, 0x08, 0x47, 0xda,
    0xe9, 0xf2, 0xc9, 0xfa, 0xc9, 0xfa, 0xc9, 0xfa, 0xc9, 0xfa, 0xc9, 0xfa,
    0xc9, 0xfa, 0xc9, 0xfa, 0xc9, 0xfa, 0xc9, 0xfa, 0xc9, 0xfa, 0xc8, 0xfa,
    0xc9, 0xfa, 0xc9, 0xfa, 0xc9, 0xfa, 0xc9, 0xfa, 0xc9, 0xfa, 0xc9, 0xfa,
    0xc8, 0xfa, 0xc9, 0xfa, 0xc9, 0xfa, 0xc8, 0xfa, 0xc9, 0xfa, 0xe9, 0xf2,
    0x47, 0xda, 0x00, 0x08, 0x00, 0x08, 0x20, 0x00, 0x00, 0x08, 0x00, 0x08,
    0x00, 0x08, 0xff, 0xff, 0xff, 0xff, 0xff, 0xff, 0xff, 0xff, 0x00, 0x00,
    0x00, 0x08, 0x02, 0x99, 0x2b, 0xdb, 0xc9, 0xfa, 0xc9, 0xfa, 0xc9, 0xfa,
    0xc8, 0xfa, 0xc9, 0xfa, 0xc9, 0xfa, 0xe9, 0xfa, 0xc8, 0xfa, 0xc9, 0xfa,
    0xe9, 0xfa, 0xc9, 0xfa, 0xc9, 0xfa, 0xc9, 0xfa, 0xc9, 0xfa, 0xc9, 0xfa,
    0xc9, 0xfa, 0xc9, 0xfa, 0xc9, 0xfa, 0xc9, 0xfa, 0xc9, 0xfa, 0xc9, 0xfa,
    0xc9, 0xfa, 0xc9, 0xfa, 0xc8, 0xfa, 0xc9, 0xfa, 0xc9, 0xfa, 0xc9, 0xfa,
    0xc9, 0xfa, 0xc9, 0xfa, 0xc9, 0xfa, 0xc9, 0xfa, 0xc9, 0xfa, 0xc9, 0xfa,
    0xc9, 0xfa, 0xc9, 0xfa, 0xc9, 0xfa, 0x8c, 0xc3, 0x00, 0x48, 0x00, 0x08,
    0x00, 0x08, 0x00, 0x08, 0x00, 0x08, 0x21, 0x00, 0xff, 0xff, 0xff, 0xff,
    0xff, 0xff, 0xff, 0xff, 0xff, 0xff, 0x00, 0x10, 0xa2, 0x28, 0xc9, 0xfa,
    0xc9, 0xfa, 0xc9, 0xfa, 0xc9, 0xfa, 0xc9, 0xfa, 0xc8, 0xfa, 0xc9, 0xfa,
    0xc9, 0xfa, 0xc8, 0xfa, 0xc9, 0xfa, 0xc9, 0xfa, 0xc9, 0xfa, 0xc8, 0xfa,
    0xc9, 0xfa, 0xc9, 0xfa, 0xc9, 0xfa, 0xc9, 0xfa, 0xc9, 0xfa, 0xc9, 0xfa,
    0xc9, 0xfa, 0xc9, 0xfa, 0xc9, 0xfa, 0xc9, 0xfa, 0xc9, 0xfa, 0xc9, 0xfa,
    0xc9, 0xfa, 0xc9, 0xfa, 0xc8, 0xfa, 0xc9, 0xfa, 0xc9, 0xfa, 0xc9, 0xfa,
    0xc9, 0xfa, 0xc9, 0xfa, 0xc9, 0xfa, 0xc8, 0xfa, 0xc9, 0xfa, 0xc9, 0xfa,
    0xc9, 0xfa, 0xc9, 0xfa, 0xc9, 0xfa, 0xc9, 0xfa, 0xc9, 0xfa, 0xc9, 0xfa,
    0xc9, 0xfa, 0xc9, 0xfa, 0xc9, 0xfa, 0xc9, 0xfa, 0xc9, 0xfa, 0xc8, 0xfa,
    0xc9, 0xfa, 0xc9, 0xfa, 0xc9, 0xfa, 0xc8, 0xfa, 0xc9, 0xfa, 0xc9, 0xfa,
    0xc9, 0xfa, 0xc9, 0xfa, 0xc9, 0xfa, 0xc9, 0xfa, 0xc9, 0xfa, 0xc9, 0xfa,
    0xc9, 0xfa, 0xc9, 0xfa, 0xc9, 0xfa, 0xc9, 0xfa, 0xc9, 0xfa, 0xc9, 0xfa,
    0xc9, 0xfa, 0xc9, 0xfa, 0xc9, 0xfa, 0xc9, 0xfa, 0xc9, 0xfa, 0xc9, 0xfa,
    0xc9, 0xfa, 0xc9, 0xfa, 0xc9, 0xfa, 0xca, 0xa2, 0x00, 0x30, 0x00, 0x08,
    0x20, 0x08, 0x00, 0x00, 0x00, 0x08, 0x20, 0x00, 0xff, 0xff, 0xff, 0xff,
    0xff, 0xff, 0xff, 0xff, 0x20, 0x00, 0x00, 0x20, 0xc6, 0x59, 0xc9, 0xfa,
    0xc9, 0xfa, 0xc9, 0xfa, 0xc9, 0xfa, 0xc9, 0xfa, 0xc9, 0xfa, 0xc9, 0xfa,
    0xc9, 0xfa, 0xc9, 0xfa, 0xc9, 0xfa, 0xc8, 0xfa, 0xc9, 0xfa, 0xc9, 0xfa,
    0xc9, 0xfa, 0xc9, 0xfa, 0xc8, 0xfa, 0xc9, 0xfa, 0xc9, 0xfa, 0xc8, 0xfa,
    0xc9, 0xfa, 0xc9, 0xfa, 0xc9, 0xfa, 0xc9, 0xfa, 0xc9, 0xfa, 0x6c, 0xd3,
    0x40, 0x68, 0x00, 0x08, 0x20, 0x08, 0x00, 0x00, 0x00, 0x08, 0x20, 0x00,
    0xff, 0xff, 0xff, 0xff, 0xff, 0xff, 0xff, 0xff, 0xff, 0xff, 0x00, 0x08,
    0x20, 0x08, 0xc9, 0xfa, 0xc9, 0xfa, 0xc9, 0xfa, 0xc9, 0xfa, 0xc9, 0xfa,
    0xc9, 0xfa, 0xc9, 0xfa, 0xc9, 0xfa, 0xc9, 0xfa, 0xc9, 0xfa, 0xc9, 0xfa,
    0xc9, 0xfa, 0xc9, 0xfa, 0xc9, 0xfa, 0xc9, 0xfa, 0xc8, 0xfa, 0xc9, 0xfa,
    0xc9, 0xfa, 0xc9, 0xfa, 0xc9, 0xfa, 0xc9, 0xfa, 0xc9, 0xfa, 0xc9, 0xfa,
    0xc9, 0xfa, 0x0a, 0xeb, 0xc5, 0xb9, 0x00, 0x08, 0x00, 0x00, 0x00, 0x08,
    0x00, 0x08, 0x00, 0x00, 0x20, 0x08, 0xff, 0xff, 0xff, 0xff, 0xff, 0xff,
    0xff, 0xff, 0x00, 0x08, 0x00, 0x08, 0x43, 0xa1, 0x2a, 0xe3, 0xc9, 0xfa,
    0xc9, 0xfa, 0xc9, 0xfa, 0xc9, 0xfa, 0xc9, 0xfa, 0xc9, 0xfa, 0xc9, 0xfa,
    0xc9, 0xfa, 0xc8, 0xfa, 0xc9, 0xfa, 0xc9, 0xfa, 0xc9, 0xfa, 0xc9, 0xfa,
    0xc9, 0xfa, 0xc9, 0xfa, 0xc9, 0xfa, 0xc9, 0xfa, 0xc9, 0xfa, 0xc9, 0xfa,
    0xc9, 0xfa, 0xc9, 0xfa, 0xc9, 0xfa, 0xc9, 0xfa, 0xc9, 0xfa, 0xa2, 0x28,
    0x00, 0x10, 0x00, 0x08, 0x00, 0x00, 0x00, 0x08, 0x00, 0x08, 0xff, 0xff,
    0xff, 0xff, 0xff, 0xff, 0xff, 0xff, 0xff, 0xff, 0x20, 0x00, 0x00, 0x48,
    0x6d, 0xc3, 0xc9, 0xfa, 0xc9, 0xfa, 0xc9, 0xfa, 0xc9, 0xfa, 0xc9, 0xfa,
    0xc9, 0xfa, 0xc9, 0xfa, 0xc9, 0xfa, 0xc9, 0xfa, 0xc9, 0xfa, 0xc8, 0xfa,
    0xc9, 0xfa, 0xc9, 0xfa, 0xc9, 0xfa, 0xc8, 0xfa, 0xc9, 0xfa, 0xc9, 0xfa,
    0xc9, 0xfa, 0xc9, 0xfa, 0xc9, 0xfa, 0xc9, 0xfa, 0xc9, 0xfa, 0xc9, 0xfa,
    0xc9, 0xfa, 0x07, 0x7a, 0x00, 0x28, 0x00, 0x08, 0x00, 0x08, 0x00, 0x08,
    0x00, 0x08, 0x20, 0x00, 0xff, 0xff, 0xff, 0xff, 0xff, 0xff, 0xff, 0xff,
    0xff, 0xff, 0xff, 0xff, 0xff, 0xff, 0xff, 0xff, 0xff, 0xff, 0xff, 0xff,
    0xff, 0xff, 0xff, 0xff, 0xff, 0xff, 0xff, 0xff, 0xff, 0xff, 0xff, 0xff,
    0xff, 0xff, 0xff, 0xff, 0xff, 0xff, 0xff, 0xff, 0xff, 0xff, 0xff, 0xff,
    0xff, 0xff, 0xff, 0xff, 0xff, 0xff, 0xff, 0xff, 0xff, 0xff, 0xff, 0xff,
    0xff, 0xff, 0xff, 0xff, 0xff, 0xff, 0xff, 0xff, 0xff, 0xff, 0xff, 0xff,
    0xff, 0xff, 0xff, 0xff, 0xff, 0xff, 0xff, 0xff, 0xff, 0xff, 0xff, 0xff,
    0xff, 0xff, 0xff, 0xff, 0xff, 0xff, 0xff, 0xff, 0xff, 0xff, 0xff, 0xff,
    0xff, 0xff, 0xff, 0xff, 0xff, 0xff, 0xff, 0xff, 0xff, 0xff, 0xff, 0xff,
    0xff, 0xff, 0xff, 0xff, 0xff, 0xff, 0xff, 0xff, 0xff, 0xff, 0xff, 0xff,
    0xff, 0xff, 0xff, 0xff, 0xff, 0xff, 0xff, 0xff, 0xff, 0xff, 0xff, 0xff,
    0x00, 0x00, 0x00, 0x08, 0x47, 0xda, 0xe9, 0xfa, 0xc9, 0xfa, 0xc9, 0xfa,
    0xc9, 0xfa, 0xc9, 0xfa, 0xc8, 0xfa, 0xc9, 0xfa, 0xc9, 0xfa, 0xc9, 0xfa,
    0xc9, 0xfa, 0xc9, 0xfa, 0xc9, 0xfa, 0xc9, 0xfa, 0xc9, 0xfa, 0xc9, 0xfa,
    0xc9, 0xfa, 0xc9, 0xfa, 0xc9, 0xfa, 0xc9, 0xfa, 0xc9, 0xfa, 0xc9, 0xfa,
    0xc9, 0xfa, 0xc9, 0xfa, 0xe9, 0xf2, 0x47, 0xda, 0x00, 0x08, 0x00, 0x08,
    0x00, 0x00, 0x00, 0x08, 0x20, 0x08, 0x00, 0x00, 0xff, 0xff, 0xff, 0xff,
    0xff, 0xff, 0xff, 0xff, 0x20, 0x08, 0x00, 0x08, 0x22, 0x99, 0x2a, 0xe3,
    0xc9, 0xfa, 0xc9, 0xfa, 0xe9, 0xfa, 0xc9, 0xfa, 0xc9, 0xfa, 0xe9, 0xfa,
    0xc9, 0xfa, 0xc9, 0xfa, 0xc9, 0xfa, 0xc9, 0xfa, 0xe8, 0xfa, 0xc9, 0xfa,
    0xc9, 0xfa, 0xc9, 0xfa, 0xc9, 0xfa, 0xc9, 0xfa, 0xc8, 0xfa, 0xc9, 0xfa,
    0xc9, 0xfa, 0xc9, 0xfa, 0xc9, 0xfa, 0xc9, 0xfa, 0xc9, 0xfa, 0xc9, 0xfa,
    0xc9, 0xfa, 0xc9, 0xfa, 0xc9, 0xfa, 0xc9, 0xfa, 0xc8, 0xfa, 0xc9, 0xfa,
    0xc9, 0xfa, 0xc8, 0xfa, 0xc9, 0xfa, 0xc9, 0xfa, 0xc9, 0xfa, 0xc9, 0xfa,
    0x6c, 0xc3, 0x00, 0x48, 0x00, 0x08, 0x20, 0x00, 0x00, 0x08, 0x00, 0x08,
    0x20, 0x00, 0xff, 0xff, 0xff, 0xff, 0xff, 0xff, 0xff, 0xff, 0xff, 0xff,
    0x00, 0x10, 0xa2, 0x20, 0xc9, 0xfa, 0xc9, 0xfa, 0xc9, 0xfa, 0xc9, 0xfa,
    0xc9, 0xfa, 0xc9, 0xfa, 0xc9, 0xfa, 0xc9, 0xfa, 0xc9, 0xfa, 0xc9, 0xfa,
    0xc9, 0xfa, 0xc9, 0xfa, 0xc9, 0xfa, 0xc9, 0xfa, 0xc9, 0xfa, 0xc9, 0xfa,
    0xc9, 0xfa, 0xc8, 0xfa, 0xc9, 0xfa, 0xc9, 0xfa, 0xc9, 0xfa, 0xc9, 0xfa,
    0xc9, 0xfa, 0xc9, 0xfa, 0xc9, 0xfa, 0xc9, 0xfa, 0xc9, 0xfa, 0xc9, 0xfa,
    0xc9, 0xfa, 0xc9, 0xfa, 0xc8, 0xfa, 0xc9, 0xfa, 0xc9, 0xfa, 0xc9, 0xfa,
    0xc9, 0xfa, 0xc9, 0xfa, 0xc9, 0xfa, 0xc8, 0xfa, 0xc9, 0xfa, 0xc9, 0xfa,
    0xc9, 0xfa, 0xc9, 0xfa, 0xc8, 0xfa, 0xc9, 0xfa, 0xc9, 0xfa, 0xc9, 0xfa,
    0xc9, 0xfa, 0xc9, 0xfa, 0xc9, 0xfa, 0xc9, 0xfa, 0xc9, 0xfa, 0xc9, 0xfa,
    0xc9, 0xfa, 0xc9, 0xfa, 0xc9, 0xfa, 0xc8, 0xfa, 0xc9, 0xfa, 0xc9, 0xfa,
    0xc8, 0xfa, 0xc9, 0xfa, 0xc9, 0xfa, 0xc8, 0xfa, 0xc9, 0xfa, 0xc9, 0xfa,
    0xc9, 0xfa, 0xc9, 0xfa, 0xc9, 0xfa, 0xc9, 0xfa, 0xc9, 0xfa, 0xc8, 0xfa,
    0xc9, 0xfa, 0xc9, 0xfa, 0xc8, 0xfa, 0xc9, 0xfa, 0xc9, 0xfa, 0xc9, 0xfa,
    0xca, 0xa2, 0x00, 0x38, 0x00, 0x08, 0x20, 0x08, 0x00, 0x08, 0x00, 0x08,
    0x20, 0x00, 0xff, 0xff, 0xff, 0xff, 0xff, 0xff, 0xff, 0xff, 0x20, 0x00,
    0x00, 0x20, 0xc6, 0x59, 0xc9, 0xfa, 0xc9, 0xfa, 0xc9, 0xfa, 0xc8, 0xfa,
    0xc9, 0xfa, 0xc9, 0xfa, 0xc8, 0xfa, 0xc9, 0xfa, 0xc9, 0xfa, 0xc9, 0xfa,
    0xc9, 0xfa, 0xc9, 0xfa, 0xc9, 0xfa, 0xc9, 0xfa, 0xc9, 0xfa, 0xc9, 0xfa,
    0xc9, 0xfa, 0xc9, 0xfa, 0xc9, 0xfa, 0xc9, 0xfa, 0xc9, 0xfa, 0xc8, 0xfa,
    0xc9, 0xfa, 0xc9, 0xfa, 0x4c, 0xd3, 0x40, 0x68, 0x20, 0x08, 0x00, 0x08,
    0x00, 0x08, 0x00, 0x08, 0x20, 0x00, 0xff, 0xff, 0xff, 0xff, 0xff, 0xff,
    0xff, 0xff, 0xff, 0xff, 0x00, 0x00, 0x00, 0x08, 0xc9, 0xfa, 0xc9, 0xfa,
    0xc9, 0xfa, 0xc9, 0xfa, 0xc9, 0xfa, 0xc9, 0xfa, 0xc8, 0xfa, 0xc9, 0xfa,
    0xc9, 0xfa, 0xc9, 0xfa, 0xc9, 0xfa, 0xc8, 0xfa, 0xc9, 0xfa, 0xc9, 0xfa,
    0xc9, 0xfa, 0xc9, 0xfa, 0xc9, 0xfa, 0xc9, 0xfa, 0xc9, 0xfa, 0xc9, 0xfa,
    0xc8, 0xfa, 0xc9, 0xfa, 0xc9, 0xfa, 0xc9, 0xfa, 0x09, 0xeb, 0xc5, 0xb9,
    0x00, 0x08, 0x00, 0x08, 0x20, 0x00, 0x00, 0x08, 0x00, 0x08, 0x00, 0x08,
    0xff, 0xff, 0xff, 0xff, 0xff, 0xff, 0xff, 0xff, 0x00, 0x08, 0x00, 0x08,
    0x43, 0x99, 0x2a, 0xe3, 0xc9, 0xfa, 0xc9, 0xfa, 0xc9, 0xfa, 0xc9, 0xfa,
    0xc9, 0xfa, 0xc9, 0xfa, 0xc9, 0xfa, 0xc9, 0xfa, 0xc9, 0xfa, 0xc9, 0xfa,
    0xc8, 0xfa, 0xc9, 0xfa, 0xc9, 0xfa, 0xc9, 0xfa, 0xc8, 0xfa, 0xc9, 0xfa,
    0xc9, 0xfa, 0xc9, 0xfa, 0xc9, 0xfa, 0xc8, 0xfa, 0xc9, 0xfa, 0xc9, 0xfa,
    0xc9, 0xfa, 0xc9, 0xfa, 0xa2, 0x28, 0x00, 0x10, 0x00, 0x08, 0x20, 0x08,
    0x00, 0x08, 0x00, 0x08, 0xff, 0xff, 0xff, 0xff, 0xff, 0xff, 0xff, 0xff,
    0xff, 0xff, 0x20, 0x00, 0x00, 0x48, 0x8d, 0xc3, 0xc9, 0xfa, 0xc9, 0xfa,
    0xc8, 0xfa, 0xc9, 0xfa, 0xc9, 0xfa, 0xc9, 0xfa, 0xc9, 0xfa, 0xc8, 0xfa,
    0xc9, 0xfa, 0xc9, 0xfa, 0xc9, 0xfa, 0xc9, 0xfa, 0xc9, 0xfa, 0xc9, 0xfa,
    0xc9, 0xfa, 0xc9, 0xfa, 0xc8, 0xfa, 0xc9, 0xfa, 0xc9, 0xfa, 0xc8, 0xfa,
    0xc9, 0xfa, 0xc9, 0xfa, 0xc9, 0xfa, 0xc9, 0xfa, 0x07, 0x7a, 0x00, 0x28,
    0x00, 0x08, 0x20, 0x08, 0x00, 0x08, 0x00, 0x08, 0x20, 0x00, 0xff, 0xff,
    0xff, 0xff, 0xff, 0xff, 0xff, 0xff, 0xff, 0xff, 0xff, 0xff, 0xff, 0xff,
    0xff, 0xff, 0xff, 0xff, 0xff, 0xff, 0xff, 0xff, 0xff, 0xff, 0xff, 0xff,
    0xff, 0xff, 0xff, 0xff, 0xff, 0xff, 0xff, 0xff, 0xff, 0xff, 0xff, 0xff,
    0xff, 0xff, 0xff, 0xff, 0xff, 0xff, 0xff, 0xff, 0xff, 0xff, 0xff, 0xff,
    0xff, 0xff, 0xff, 0xff, 0xff, 0xff, 0xff, 0xff, 0xff, 0xff, 0xff, 0xff,
    0xff, 0xff, 0xff, 0xff, 0xff, 0xff, 0xff, 0xff, 0xff, 0xff, 0xff, 0xff,
    0xff, 0xff, 0xff, 0xff, 0xff, 0xff, 0xff, 0xff, 0xff, 0xff, 0xff, 0xff,
    0xff, 0xff, 0xff, 0xff, 0xff, 0xff, 0xff, 0xff, 0xff, 0xff, 0xff, 0xff,
    0xff, 0xff, 0xff, 0xff, 0xff, 0xff, 0xff, 0xff, 0xff, 0xff, 0xff, 0xff,
    0xff, 0xff, 0xff, 0xff, 0xff, 0xff, 0xff, 0xff, 0xff, 0xff, 0xff, 0xff,
    0xff, 0xff, 0xff, 0xff, 0xff, 0xff, 0x00, 0x08, 0x00, 0x08, 0x47, 0xda,
    0xc9, 0xfa, 0xc9, 0xfa, 0xc8, 0xfa, 0xc9, 0xfa, 0xc9, 0xfa, 0xc9, 0xfa,
    0xc9, 0xfa, 0xc9, 0xfa, 0xc8, 0xfa, 0xc9, 0xfa, 0xc9, 0xfa, 0xc9, 0xfa,
    0xc8, 0xfa, 0xc9, 0xfa, 0xc9, 0xfa, 0xc8, 0xfa, 0xc9, 0xfa, 0xc9, 0xfa,
    0xc9, 0xfa, 0xc9, 0xfa, 0xc9, 0xfa, 0xc9, 0xfa, 0xc9, 0xfa, 0xe9, 0xf2,
    0x47, 0xda, 0x00, 0x08, 0x00, 0x08, 0x00, 0x08, 0x20, 0x08, 0x00, 0x08,
    0x00, 0x08, 0xff, 0xff, 0xff, 0xff, 0xff, 0xff, 0xff, 0xff, 0x20, 0x00,
    0x20, 0x00, 0x24, 0x51, 0x6b, 0x93, 0x0b, 0xab, 0x0b, 0xab, 0x0b, 0xab,
    0x0b, 0xab, 0x0b, 0xab, 0x0b, 0xab, 0x0b, 0xab, 0x0b, 0xab, 0x0b, 0xab,
    0x0b, 0xab, 0x09, 0xc3, 0x4b, 0xd3, 0xc9, 0xfa, 0xc8, 0xfa, 0xc9, 0xfa,
    0xc9, 0xfa, 0xc9, 0xfa, 0xc9, 0xfa, 0xc9, 0xfa, 0xc8, 0xfa, 0xc9, 0xfa,
    0xc9, 0xfa, 0xc9, 0xfa, 0xc9, 0xfa, 0xc9, 0xfa, 0xc8, 0xfa, 0xc9, 0xfa,
    0xc9, 0xfa, 0xc9, 0xfa, 0xc9, 0xfa, 0xc9, 0xfa, 0xc9, 0xfa, 0xc9, 0xfa,
    0xc9, 0xfa, 0xc9, 0xfa, 0xc9, 0xfa, 0x8c, 0xc3, 0x00, 0x40, 0x00, 0x08,
    0x00, 0x08, 0x20, 0x00, 0x00, 0x08, 0x20, 0x00, 0xff, 0xff, 0xff, 0xff,
    0xff, 0xff, 0xff, 0xff, 0xff, 0xff, 0x00, 0x10, 0xa2, 0x28, 0xc9, 0xfa,
    0xc9, 0xfa, 0xc8, 0xfa, 0xc9, 0xfa, 0xc9, 0xfa, 0xc9, 0xfa, 0xc9, 0xfa,
    0xc8, 0xfa, 0xc9, 0xfa, 0xc9, 0xfa, 0xc8, 0xfa, 0xc9, 0xfa, 0xc9, 0xfa,
    0xc9, 0xfa, 0xc8, 0xfa, 0xc9, 0xfa, 0xc9, 0xfa, 0xc9, 0xfa, 0xc9, 0xfa,
    0xc8, 0xfa, 0xc9, 0xfa, 0xc9, 0xfa, 0xc8, 0xfa, 0xc9, 0xfa, 0xe9, 0xf2,
    0xe9, 0xf2, 0x4b, 0xd3, 0x4b, 0xd3, 0x4b, 0xd3, 0x2b, 0xd3, 0x4b, 0xd3,
    0x4b, 0xd3, 0x2b, 0xd3, 0x4b, 0xd3, 0x4b, 0xd3, 0x2b, 0xd3, 0x4b, 0xd3,
    0x4b, 0xd3, 0x2b, 0xd3, 0x4b, 0xd3, 0x4b, 0xd3, 0x2b, 0xd3, 0x4b, 0xd3,
    0x4b, 0xd3, 0x2b, 0xd3, 0x4b, 0xdb, 0x4b, 0xd3, 0x2b, 0xd3, 0x4b, 0xd3,
    0x4b, 0xd3, 0xea, 0xea, 0x09, 0xeb, 0xc9, 0xfa, 0xc9, 0xfa, 0xc9, 0xfa,
    0xc9, 0xfa, 0xc9, 0xfa, 0xc9, 0xfa, 0xc9, 0xfa, 0xc9, 0xfa, 0xc9, 0xfa,
    0xc9, 0xfa, 0xc9, 0xfa, 0xc8, 0xfa, 0xc9, 0xfa, 0xc9, 0xfa, 0xc8, 0xfa,
    0xc9, 0xfa, 0xc9, 0xfa, 0xc9, 0xfa, 0xc9, 0xfa, 0xc9, 0xfa, 0xc9, 0xfa,
    0xc9, 0xfa, 0xc8, 0xfa, 0xc9, 0xfa, 0xca, 0xa2, 0x00, 0x30, 0x00, 0x08,
    0x00, 0x00, 0x20, 0x08, 0x00, 0x08, 0x21, 0x00, 0xff, 0xff, 0xff, 0xff,
    0xff, 0xff, 0xff, 0xff, 0x21, 0x08, 0x00, 0x20, 0xe6, 0x59, 0xc9, 0xfa,
    0xc9, 0xfa, 0xc9, 0xfa, 0xc9, 0xfa, 0xc9, 0xfa, 0xc9, 0xfa, 0xc9, 0xfa,
    0xc9, 0xfa, 0xc9, 0xfa, 0xc9, 0xfa, 0xc9, 0xfa, 0xc9, 0xfa, 0xc8, 0xfa,
    0xc9, 0xfa, 0xc9, 0xfa, 0xc9, 0xfa, 0xc9, 0xfa, 0xc9, 0xfa, 0xc9, 0xfa,
    0xc9, 0xfa, 0xc9, 0xfa, 0xc9, 0xfa, 0xc9, 0xfa, 0xc9, 0xfa, 0x6b, 0xd3,
    0x40, 0x68, 0x00, 0x08, 0x00, 0x08, 0x20, 0x08, 0x00, 0x08, 0x21, 0x00,
    0xff, 0xff, 0xff, 0xff, 0xff, 0xff, 0xff, 0xff, 0xff, 0xff, 0x00, 0x08,
    0x00, 0x08, 0x4b, 0xd3, 0x4b, 0xd3, 0x4b, 0xd3, 0x4b, 0xd3, 0x4b, 0xd3,
    0x4b, 0xd3, 0x4b, 0xd3, 0x4b, 0xd3, 0x4b, 0xd3, 0x4b, 0xd3, 0x4b, 0xd3,
    0x4b, 0xd3, 0x4b, 0xd3, 0x4b, 0xd3, 0x4b, 0xd3, 0x4b, 0xd3, 0x4b, 0xd3,
    0x4b, 0xd3, 0x4b, 0xd3, 0x4b, 0xd3, 0x4b, 0xd3, 0x4b, 0xd3, 0x4b, 0xd3,
    0x4b, 0xd3, 0x6c, 0xc3, 0xe5, 0xa1, 0x00, 0x08, 0x00, 0x08, 0x20, 0x08,
    0x00, 0x08, 0x00, 0x08, 0x20, 0x00, 0xff, 0xff, 0xff, 0xff, 0xff, 0xff,
    0xff, 0xff, 0x20, 0x00, 0x00, 0x08, 0x23, 0x99, 0x2b, 0xe3, 0xc9, 0xfa,
    0xc9, 0xfa, 0xc9, 0xfa, 0xc8, 0xfa, 0xc9, 0xfa, 0xc9, 0xfa, 0xc8, 0xfa,
    0xc9, 0xfa, 0xc9, 0xfa, 0xc9, 0xfa, 0xc9, 0xfa, 0xc9, 0xfa, 0xc9, 0xfa,
    0xc9, 0xfa, 0xc9, 0xfa, 0xc9, 0xfa, 0xc9, 0xfa, 0xc9, 0xfa, 0xc9, 0xfa,
    0xc9, 0xfa, 0xc9, 0xfa, 0xc8, 0xfa, 0xc9, 0xfa, 0xc9, 0xfa, 0xa2, 0x20,
    0x00, 0x10, 0x00, 0x00, 0x00, 0x08, 0x20, 0x00, 0x00, 0x08, 0xff, 0xff,
    0xff, 0xff, 0xff, 0xff, 0xff, 0xff, 0xff, 0xff, 0x20, 0x00, 0x00, 0x48,
    0x6c, 0xc3, 0xc9, 0xfa, 0xc9, 0xfa, 0xc9, 0xfa, 0xc9, 0xfa, 0xc8, 0xfa,
    0xc9, 0xfa, 0xc9, 0xfa, 0xc9, 0xfa, 0xc9, 0xfa, 0xc9, 0xfa, 0xc9, 0xfa,
    0xc8, 0xfa, 0xc9, 0xfa, 0xc9, 0xfa, 0xc9, 0xfa, 0xc9, 0xfa, 0xc9, 0xfa,
    0xc9, 0xfa, 0xc9, 0xfa, 0xc9, 0xfa, 0xc9, 0xfa, 0xc9, 0xfa, 0xc8, 0xfa,
    0xc9, 0xfa, 0x07, 0x7a, 0x00, 0x28, 0x00, 0x08, 0x00, 0x08, 0x20, 0x00,
    0x00, 0x08, 0x21, 0x00, 0xff, 0xff, 0xff, 0xff, 0xff, 0xff, 0xff, 0xff,
    0xff, 0xff, 0xff, 0xff, 0xff, 0xff, 0xff, 0xff, 0xff, 0xff, 0xff, 0xff,
    0xff, 0xff, 0xff, 0xff, 0xff, 0xff, 0xff, 0xff, 0xff, 0xff, 0xff, 0xff,
    0xff, 0xff, 0xff, 0xff, 0xff, 0xff, 0xff, 0xff, 0xff, 0xff, 0xff, 0xff,
    0xff, 0xff, 0xff, 0xff, 0xff, 0xff, 0xff, 0xff, 0xff, 0xff, 0xff, 0xff,
    0xff, 0xff, 0xff, 0xff, 0xff, 0xff, 0xff, 0xff, 0xff, 0xff, 0xff, 0xff,
    0xff, 0xff, 0xff, 0xff, 0xff, 0xff, 0xff, 0xff, 0xff, 0xff, 0xff, 0xff,
    0xff, 0xff, 0xff, 0xff, 0xff, 0xff, 0xff, 0xff, 0xff, 0xff, 0xff, 0xff,
    0xff, 0xff, 0xff, 0xff, 0xff, 0xff, 0xff, 0xff, 0xff, 0xff, 0xff, 0xff,
    0xff, 0xff, 0xff, 0xff, 0xff, 0xff, 0xff, 0xff, 0xff, 0xff, 0xff, 0xff,
    0xff, 0xff, 0xff, 0xff, 0xff, 0xff, 0xff, 0xff, 0xff, 0xff, 0xff, 0xff,
    0x00, 0x08, 0x20, 0x08, 0x47, 0xda, 0xc9, 0xfa, 0xc9, 0xfa, 0xc9, 0xfa,
    0xc9, 0xfa, 0xc9, 0xfa, 0xc9, 0xfa, 0xc9, 0xfa, 0xc9, 0xfa, 0xc9, 0xfa,
    0xc9, 0xfa, 0xc9, 0xfa, 0xc9, 0xfa, 0xc9, 0xfa, 0xc9, 0xfa, 0xc9, 0xfa,
    0xc9, 0xfa, 0xc9, 0xfa, 0xc8, 0xfa, 0xc9, 0xfa, 0xc9, 0xfa, 0xc8, 0xfa,
    0xc9, 0xfa, 0xc9, 0xfa, 0xe9, 0xf2, 0x47, 0xda, 0x00, 0x08, 0x00, 0x08,
    0x20, 0x00, 0x00, 0x08, 0x00, 0x08, 0x00, 0x00, 0xff, 0xff, 0xff, 0xff,
    0xff, 0xff, 0xff, 0xff, 0xff, 0xff, 0x20, 0x08, 0x00, 0x28, 0x00, 0x28,
    0x00, 0x38, 0x00, 0x38, 0x00, 0x38, 0x00, 0x38, 0x00, 0x38, 0x00, 0x38,
    0x00, 0x38, 0x00, 0x38, 0x00, 0x38, 0x00, 0x38, 0x00, 0x50, 0xe5, 0xa1,
    0xc9, 0xfa, 0xc9, 0xfa, 0xc9, 0xfa, 0xc9, 0xfa, 0xc9, 0xfa, 0xc9, 0xfa,
    0xc9, 0xfa, 0xc9, 0xfa, 0xc9, 0xfa, 0xc8, 0xfa, 0xc9, 0xfa, 0xc9, 0xfa,
    0xc9, 0xfa, 0xc9, 0xfa, 0xc9, 0xfa, 0xc9, 0xfa, 0xc9, 0xfa, 0xc9, 0xfa,
    0xc9, 0xfa, 0xc9, 0xfa, 0xc8, 0xfa, 0xc9, 0xfa, 0xc9, 0xfa, 0xc9, 0xfa,
    0x8d, 0xc3, 0x00, 0x48, 0x00, 0x08, 0x00, 0x08, 0x00, 0x08, 0x20, 0x08,
    0x21, 0x00, 0xff, 0xff, 0xff, 0xff, 0xff, 0xff, 0xff, 0xff, 0xff, 0xff,
    0x00, 0x10, 0xa2, 0x28, 0xc9, 0xfa, 0xc9, 0xfa, 0xc9, 0xfa, 0xc9, 0xfa,
    0xc8, 0xfa, 0xc9, 0xfa, 0xc9, 0xfa, 0xc9, 0xfa, 0xc9, 0xfa, 0xc9, 0xfa,
    0xc9, 0xfa, 0xc9, 0xfa, 0xc9, 0xfa, 0xc9, 0xfa, 0xc9, 0xfa, 0xc9, 0xfa,
    0xc9, 0xfa, 0xc9, 0xfa, 0xc9, 0xfa, 0xc9, 0xfa, 0xc9, 0xfa, 0xc9, 0xfa,
    0xc9, 0xfa, 0xc9, 0xfa, 0xe9, 0xf2, 0x27, 0xca, 0x02, 0x89, 0x02, 0x91,
    0x02, 0x91, 0x02, 0x91, 0x22, 0x91, 0x02, 0x91, 0x02, 0x91, 0x02, 0x91,
    0x02, 0x91, 0x02, 0x91, 0x02, 0x91, 0x02, 0x91, 0x02, 0x91, 0x02, 0x91,
    0x02, 0x91, 0x02, 0x91, 0x02, 0x91, 0x02, 0x91, 0x02, 0x91, 0x02, 0x91,
    0x02, 0x91, 0x02, 0x91, 0x02, 0x91, 0x02, 0x91, 0x02, 0x99, 0xe9, 0xe2,
    0xc9, 0xfa, 0xc9, 0xfa, 0xc9, 0xfa, 0xc9, 0xfa, 0xc8, 0xfa, 0xc9, 0xfa,
    0xc9, 0xfa, 0xc9, 0xfa, 0xc9, 0xfa, 0xc9, 0xfa, 0xc9, 0xfa, 0xc9, 0xfa,
    0xc9, 0xfa, 0xc9, 0xfa, 0xc9, 0xfa, 0xc9, 0xfa, 0xc9, 0xfa, 0xc9, 0xfa,
    0xc9, 0xfa, 0xc9, 0xfa, 0xc9, 0xfa, 0xc9, 0xfa, 0xc9, 0xfa, 0xc9, 0xfa,
    0xca, 0xa2, 0x00, 0x38, 0x00, 0x08, 0x00, 0x08, 0x00, 0x00, 0x20, 0x08,
    0x20, 0x00, 0xff, 0xff, 0xff, 0xff, 0xff, 0xff, 0xff, 0xff, 0x20, 0x00,
    0x00, 0x20, 0xc6, 0x59, 0xc9, 0xfa, 0xc9, 0xfa, 0xc9, 0xfa, 0xc9, 0xfa,
    0xc9, 0xfa, 0xc9, 0xfa, 0xc9, 0xfa, 0xc9, 0xfa, 0xc8, 0xfa, 0xc9, 0xfa,
    0xc9, 0xfa, 0xc9, 0xfa, 0xc9, 0xfa, 0xc9, 0xfa, 0xc9, 0xfa, 0xc8, 0xfa,
    0xc9, 0xfa, 0xc9, 0xfa, 0xc8, 0xfa, 0xc9, 0xfa, 0xc9, 0xfa, 0xc9, 0xfa,
    0xc9, 0xfa, 0xc9, 0xfa, 0x6c, 0xd3, 0x40, 0x68, 0x00, 0x08, 0x00, 0x08,
    0x00, 0x00, 0x20, 0x08, 0x20, 0x00, 0xff, 0xff, 0xff, 0xff, 0xff, 0xff,
    0xff, 0xff, 0xff, 0xff, 0x20, 0x08, 0x00, 0x08, 0x22, 0x89, 0x22, 0x89,
    0x02, 0x89, 0x02, 0x91, 0x22, 0x89, 0x02, 0x89, 0x02, 0x91, 0x22, 0x89,
    0x02, 0x89, 0x02, 0x89, 0x22, 0x89, 0x02, 0x89, 0x02, 0x89, 0x22, 0x91,
    0x02, 0x89, 0x02, 0x89, 0x22, 0x89, 0x02, 0x91, 0x22, 0x89, 0x02, 0x89,
    0x02, 0x91, 0x22, 0x89, 0x02, 0x91, 0x02, 0x91, 0x43, 0x81, 0x40, 0x70,
    0x00, 0x08, 0x00, 0x00, 0x00, 0x08, 0x00, 0x08, 0x20, 0x00, 0x00, 0x08,
    0xff, 0xff, 0xff, 0xff, 0xff, 0xff, 0xff, 0xff, 0x00, 0x08, 0x00, 0x08,
    0x43, 0x99, 0x2a, 0xe3, 0xc9, 0xfa, 0xc9, 0xfa, 0xc9, 0xfa, 0xc9, 0xfa,
    0xc9, 0xfa, 0xc9, 0xfa, 0xc9, 0xfa, 0xc9, 0xfa, 0xc9, 0xfa, 0xc9, 0xfa,
    0xc9, 0xfa, 0xc8, 0xfa, 0xc9, 0xfa, 0xc9, 0xfa, 0xc9, 0xfa, 0xc8, 0xfa,
    0xc9, 0xfa, 0xc9, 0xfa, 0xc8, 0xfa, 0xc9, 0xfa, 0xc9, 0xfa, 0xc9, 0xfa,
    0xc9, 0xfa, 0xc9, 0xfa, 0xa2, 0x28, 0x00, 0x10, 0x00, 0x08, 0x00, 0x08,
    0x00, 0x08, 0x20, 0x00, 0xff, 0xff, 0xff, 0xff, 0xff, 0xff, 0xff, 0xff,
    0xff, 0xff, 0x21, 0x00, 0x00, 0x48, 0x8c, 0xcb, 0xc9, 0xfa, 0xc9, 0xfa,
    0xc9, 0xfa, 0xc9, 0xfa, 0xc9, 0xfa, 0xc9, 0xfa, 0xc9, 0xfa, 0xc9, 0xfa,
    0xc9, 0xfa, 0xc9, 0xfa, 0xc9, 0xfa, 0xc9, 0xfa, 0xc9, 0xfa, 0xc8, 0xfa,
    0xc9, 0xfa, 0xc9, 0xfa, 0xc9, 0xfa, 0xc9, 0xfa, 0xc9, 0xfa, 0xc9, 0xfa,
    0xc9, 0xfa, 0xc9, 0xfa, 0xc9, 0xfa, 0xc9, 0xfa, 0x07, 0x7a, 0x00, 0x28,
    0x00, 0x08, 0x00, 0x08, 0x00, 0x08, 0x20, 0x08, 0x20, 0x00, 0xff, 0xff,
    0xff, 0xff, 0xff, 0xff, 0xff, 0xff, 0xff, 0xff, 0xff, 0xff, 0xff, 0xff,
    0xff, 0xff, 0xff, 0xff, 0xff, 0xff, 0xff, 0xff, 0xff, 0xff, 0xff, 0xff,
    0xff, 0xff, 0xff, 0xff, 0xff, 0xff, 0xff, 0xff, 0xff, 0xff, 0xff, 0xff,
    0xff, 0xff, 0xff, 0xff, 0xff, 0xff, 0xff, 0xff, 0xff, 0xff, 0xff, 0xff,
    0xff, 0xff, 0xff, 0xff, 0xff, 0xff, 0xff, 0xff, 0xff, 0xff, 0xff, 0xff,
    0xff, 0xff, 0xff, 0xff, 0xff, 0xff, 0xff, 0xff, 0xff, 0xff, 0xff, 0xff,
    0xff, 0xff, 0xff, 0xff, 0xff, 0xff, 0xff, 0xff, 0xff, 0xff, 0xff, 0xff,
    0xff, 0xff, 0xff, 0xff, 0xff, 0xff, 0xff, 0xff, 0xff, 0xff, 0xff, 0xff,
    0xff, 0xff, 0xff, 0xff, 0xff, 0xff, 0xff, 0xff, 0xff, 0xff, 0xff, 0xff,
    0xff, 0xff, 0xff, 0xff, 0xff, 0xff, 0xff, 0xff, 0xff, 0xff, 0xff, 0xff,
    0xff, 0xff, 0xff, 0xff, 0xff, 0xff, 0x00, 0x08, 0x00, 0x08, 0x47, 0xda,
    0xe9, 0xf2, 0xc9, 0xfa, 0xc9, 0xfa, 0xc9, 0xfa, 0xc8, 0xfa, 0xc9, 0xfa,
    0xc9, 0xfa, 0xc8, 0xfa, 0xc9, 0xfa, 0xc9, 0xfa, 0xc8, 0xfa, 0xc9, 0xfa,
    0xc9, 0xfa, 0xc9, 0xfa, 0xc9, 0xfa, 0xc9, 0xfa, 0xc9, 0xfa, 0xc9, 0xfa,
    0xc9, 0xfa, 0xc9, 0xfa, 0xc9, 0xfa, 0xc9, 0xfa, 0xc9, 0xfa, 0xe9, 0xf2,
    0x47, 0xda, 0x00, 0x08, 0x00, 0x08, 0x00, 0x00, 0x00, 0x08, 0x20, 0x08,
    0x00, 0x08, 0xff, 0xff, 0xff, 0xff, 0xff, 0xff, 0xff, 0xff, 0xff, 0xff,
    0xff, 0xff, 0x20, 0x08, 0x20, 0x08, 0x00, 0x08, 0x00, 0x08, 0x00, 0x08,
    0x00, 0x08, 0x20, 0x08, 0x00, 0x08, 0x00, 0x08, 0x00, 0x08, 0x20, 0x08,
    0x00, 0x08, 0x00, 0x28, 0x07, 0x7a, 0xc9, 0xfa, 0xc9, 0xfa, 0xc9, 0xfa,
    0xc9, 0xfa, 0xc8, 0xfa, 0xc9, 0xfa, 0xc9, 0xfa, 0xc9, 0xfa, 0xc9, 0xfa,
    0xc9, 0xfa, 0xc9, 0xfa, 0xc9, 0xfa, 0xc8, 0xfa, 0xc9, 0xfa, 0xc9, 0xfa,
    0xc8, 0xfa, 0xc9, 0xfa, 0xc9, 0xfa, 0xc8, 0xfa, 0xc9, 0xfa, 0xc9, 0xfa,
    0xc9, 0xfa, 0xc9, 0xfa, 0xc9, 0xfa, 0x8c, 0xc3, 0x00, 0x48, 0x00, 0x08,
    0x00, 0x00, 0x00, 0x08, 0x00, 0x08, 0x20, 0x00, 0xff, 0xff, 0xff, 0xff,
    0xff, 0xff, 0xff, 0xff, 0xff, 0xff, 0x00, 0x10, 0xa2, 0x28, 0xc9, 0xfa,
    0xc9, 0xfa, 0xc9, 0xfa, 0xc9, 0xfa, 0xc9, 0xfa, 0xc9, 0xfa, 0xc9, 0xfa,
    0xc9, 0xfa, 0xc9, 0xfa, 0xc9, 0xfa, 0xc9, 0xfa, 0xc9, 0xfa, 0xc8, 0xfa,
    0xc9, 0xfa, 0xc9, 0xfa, 0xc9, 0xfa, 0xc8, 0xfa, 0xc9, 0xfa, 0xc9, 0xfa,
    0xc9, 0xfa, 0xc9, 0xfa, 0xc9, 0xfa, 0xc9, 0xfa, 0xc9, 0xfa, 0x2a, 0xe3,
    0x23, 0xa1, 0x00, 0x10, 0x00, 0x10, 0x00, 0x10, 0x00, 0x10, 0x00, 0x10,
    0x00, 0x10, 0x00, 0x10, 0x00, 0x10, 0x00, 0x10, 0x00, 0x10, 0x00, 0x10,
    0x00, 0x10, 0x00, 0x10, 0x00, 0x10, 0x00, 0x10, 0x00, 0x10, 0x00, 0x10,
    0x00, 0x10, 0x00, 0x10, 0x00, 0x10, 0x00, 0x10, 0x00, 0x10, 0x00, 0x10,
    0x00, 0x10, 0x20, 0x40, 0x2b, 0xb3, 0xc9, 0xfa, 0xc9, 0xfa, 0xc9, 0xfa,
    0xc9, 0xfa, 0xc9, 0xfa, 0xc9, 0xfa, 0xc9, 0xfa, 0xc8, 0xfa, 0xc9, 0xfa,
    0xc9, 0xfa, 0xc8, 0xfa, 0xc9, 0xfa, 0xc9, 0xfa, 0xc9, 0xfa, 0xc9, 0xfa,
    0xc8, 0xfa, 0xc9, 0xfa, 0xc9, 0xfa, 0xc8, 0xfa, 0xc9, 0xfa, 0xc9, 0xfa,
    0xc9, 0xfa, 0xc9, 0xfa, 0xc9, 0xfa, 0xca, 0xa2, 0x00, 0x30, 0x00, 0x08,
    0x20, 0x08, 0x00, 0x08, 0x00, 0x08, 0x20, 0x00, 0xff, 0xff, 0xff, 0xff,
    0xff, 0xff, 0xff, 0xff, 0x21, 0x00, 0x00, 0x20, 0xc6, 0x59, 0xc9, 0xfa,
    0xc9, 0xfa, 0xc9, 0xfa, 0xc9, 0xfa, 0xc8, 0xfa, 0xc9, 0xfa, 0xc9, 0xfa,
    0xc9, 0xfa, 0xc9, 0xfa, 0xc9, 0xfa, 0xc9, 0xfa, 0xc8, 0xfa, 0xc9, 0xfa,
    0xc9, 0xfa, 0xc9, 0xfa, 0xc9, 0xfa, 0xc9, 0xfa, 0xc9, 0xfa, 0xc9, 0xfa,
    0xc9, 0xfa, 0xc8, 0xfa, 0xc9, 0xfa, 0xc9, 0xfa, 0xc9, 0xfa, 0x4c, 0xcb,
    0x40, 0x68, 0x20, 0x08, 0x00, 0x08, 0x00, 0x08, 0x00, 0x08, 0x20, 0x00,
    0xff, 0xff, 0xff, 0xff, 0xff, 0xff, 0xff, 0xff, 0xff, 0xff, 0xff, 0xff,
    0x20, 0x00, 0x00, 0x10, 0x00, 0x10, 0x00, 0x10, 0x00, 0x10, 0x00, 0x10,
    0x00, 0x10, 0x00, 0x10, 0x00, 0x10, 0x00, 0x10, 0x00, 0x10, 0x00, 0x10,
    0x00, 0x10, 0x00, 0x10, 0x00, 0x10, 0x00, 0x10, 0x00, 0x10, 0x00, 0x10,
    0x00, 0x10, 0x00, 0x10, 0x00, 0x10, 0x00, 0x10, 0x00, 0x10, 0x00, 0x10,
    0x00, 0x10, 0x00, 0x08, 0x00, 0x08, 0x00, 0x08, 0x20, 0x08, 0x00, 0x00,
    0x00, 0x08, 0x00, 0x08, 0x00, 0x08, 0xff, 0xff, 0xff, 0xff, 0xff, 0xff,
    0xff, 0xff, 0x00, 0x08, 0x00, 0x08, 0x43, 0x99, 0x2b, 0xe3, 0xc9, 0xfa,
    0xc9, 0xfa, 0xc9, 0xfa, 0xc9, 0xfa, 0xc9, 0xfa, 0xc9, 0xfa, 0xc9, 0xfa,
    0xc8, 0xfa, 0xc9, 0xfa, 0xc9, 0xfa, 0xc9, 0xfa, 0xc9, 0xfa, 0xc9, 0xfa,
    0xc9, 0xfa, 0xc9, 0xfa, 0xc9, 0xfa, 0xc9, 0xfa, 0xc9, 0xfa, 0xc9, 0xfa,
    0xc9, 0xfa, 0xc9, 0xfa, 0xc9, 0xfa, 0xc9, 0xfa, 0xc9, 0xfa, 0xa2, 0x28,
    0x00, 0x10, 0x00, 0x00, 0x20, 0x08, 0x00, 0x08, 0x00, 0x08, 0xff, 0xff,
    0xff, 0xff, 0xff, 0xff, 0xff, 0xff, 0xff, 0xff, 0x20, 0x00, 0x00, 0x48,
    0x8d, 0xc3, 0xc9, 0xfa, 0xc9, 0xfa, 0xc9, 0xfa, 0xc9, 0xfa, 0xc9, 0xfa,
    0xc9, 0xfa, 0xc8, 0xfa, 0xc9, 0xfa, 0xc9, 0xfa, 0xc8, 0xfa, 0xc9, 0xfa,
    0xc9, 0xfa, 0xc9, 0xfa, 0xc9, 0xfa, 0xc9, 0xfa, 0xc9, 0xfa, 0xc8, 0xfa,
    0xc9, 0xfa, 0xc9, 0xfa, 0xc8, 0xfa, 0xc9, 0xfa, 0xc9, 0xfa, 0xc9, 0xfa,
    0xc9, 0xfa, 0x07, 0x7a, 0x00, 0x30, 0x20, 0x08, 0x00, 0x00, 0x00, 0x08,
    0x00, 0x08, 0x20, 0x00, 0xff, 0xff, 0xff, 0xff, 0xff, 0xff, 0xff, 0xff,
    0xff, 0xff, 0xff, 0xff, 0xff, 0xff, 0xff, 0xff, 0xff, 0xff, 0xff, 0xff,
    0xff, 0xff, 0xff, 0xff, 0xff, 0xff, 0xff, 0xff, 0xff, 0xff, 0xff, 0xff,
    0xff, 0xff, 0xff, 0xff, 0xff, 0xff, 0xff, 0xff, 0xff, 0xff, 0xff, 0xff,
    0xff, 0xff, 0xff, 0xff, 0xff, 0xff, 0xff, 0xff, 0xff, 0xff, 0xff, 0xff,
    0xff, 0xff, 0xff, 0xff, 0xff, 0xff, 0xff, 0xff, 0xff, 0xff, 0xff, 0xff,
    0xff, 0xff, 0xff, 0xff, 0xff, 0xff, 0xff, 0xff, 0xff, 0xff, 0xff, 0xff,
    0xff, 0xff, 0xff, 0xff, 0xff, 0xff, 0xff, 0xff, 0xff, 0xff, 0xff, 0xff,
    0xff, 0xff, 0xff, 0xff, 0xff, 0xff, 0xff, 0xff, 0xff, 0xff, 0xff, 0xff,
    0xff, 0xff, 0xff, 0xff, 0xff, 0xff, 0xff, 0xff, 0xff, 0xff, 0xff, 0xff,
    0xff, 0xff, 0xff, 0xff, 0xff, 0xff, 0xff, 0xff, 0xff, 0xff, 0xff, 0xff,
    0x00, 0x00, 0x00, 0x08, 0x47, 0xda, 0xc9, 0xfa, 0xc9, 0xfa, 0xc9, 0xfa,
    0xc9, 0xfa, 0xc9, 0xfa, 0xc9, 0xfa, 0xc9, 0xfa, 0xc9, 0xfa, 0xc9, 0xfa,
    0xc9, 0xfa, 0xc9, 0xfa, 0xc9, 0xfa, 0xc9, 0xfa, 0xc8, 0xfa, 0xc9, 0xfa,
    0xc9, 0xfa, 0xc8, 0xfa, 0xc9, 0xfa, 0xc9, 0xfa, 0xc9, 0xfa, 0xc9, 0xfa,
    0xc9, 0xfa, 0xc9, 0xfa, 0xe9, 0xf2, 0x47, 0xda, 0x00, 0x08, 0x00, 0x08,
    0x00, 0x08, 0x20, 0x00, 0x00, 0x08, 0x00, 0x08, 0xff, 0xff, 0xff, 0xff,
    0xff, 0xff, 0xff, 0xff, 0xff, 0xff, 0xff, 0xff, 0xff, 0xff, 0x20, 0x08,
    0x00, 0x08, 0x00, 0x00, 0x20, 0x08, 0x00, 0x00, 0x00, 0x00, 0x00, 0x08,
    0x00, 0x00, 0x20, 0x00, 0x00, 0x08, 0x00, 0x08, 0x00, 0x28, 0x07, 0x7a,
    0xc9, 0xfa, 0xc9, 0xfa, 0xc9, 0xfa, 0xc9, 0xfa, 0xc9, 0xfa, 0xc9, 0xfa,
    0xc8, 0xfa, 0xc9, 0xfa, 0xc9, 0xfa, 0xc9, 0xfa, 0xc9, 0xfa, 0xc9, 0xfa,
    0xc9, 0xfa, 0xc9, 0xfa, 0xc9, 0xfa, 0xc9, 0xfa, 0xc9, 0xfa, 0xc9, 0xfa,
    0xc9, 0xfa, 0xc9, 0xfa, 0xc9, 0xfa, 0xc9, 0xfa, 0xc9, 0xfa, 0xc9, 0xfa,
    0x6c, 0xc3, 0x00, 0x40, 0x00, 0x08, 0x20, 0x08, 0x20, 0x08, 0x00, 0x08,
    0x20, 0x00, 0xff, 0xff, 0xff, 0xff, 0xff, 0xff, 0xff, 0xff, 0xff, 0xff,
    0x00, 0x10, 0xa2, 0x20, 0xc9, 0xfa, 0xc9, 0xfa, 0xc9, 0xfa, 0xc9, 0xfa,
    0xc9, 0xfa, 0xc9, 0xfa, 0xc8, 0xfa, 0xc9, 0xfa, 0xc9, 0xfa, 0xc8, 0xfa,
    0xc9, 0xfa, 0xc9, 0xfa, 0xc9, 0xfa, 0xc9, 0xfa, 0xc9, 0xfa, 0xc9, 0xfa,
    0xc9, 0xfa, 0xc9, 0xfa, 0xc9, 0xfa, 0xc8, 0xfa, 0xc9, 0xfa, 0xc9, 0xfa,
    0xc8, 0xfa, 0xc9, 0xfa, 0x2a, 0xe3, 0x43, 0x99, 0x00, 0x10, 0x00, 0x10,
    0x00, 0x10, 0x00, 0x08, 0x00, 0x10, 0x00, 0x10, 0x00, 0x08, 0x00, 0x10,
    0x00, 0x10, 0x00, 0x10, 0x00, 0x10, 0x00, 0x10, 0x00, 0x10, 0x00, 0x10,
    0x00, 0x10, 0x00, 0x10, 0x00, 0x10, 0x00, 0x10, 0x00, 0x10, 0x00, 0x10,
    0x00, 0x10, 0x00, 0x10, 0x00, 0x10, 0x00, 0x10, 0x20, 0x40, 0x2b, 0xb3,
    0xc9, 0xfa, 0xc9, 0xfa, 0xc9, 0xfa, 0xc9, 0xfa, 0xc9, 0xfa, 0xc9, 0xfa,
    0xc9, 0xfa, 0xc9, 0xfa, 0xc9, 0xfa, 0xc9, 0xfa, 0xc9, 0xfa, 0xc9, 0xfa,
    0xc9, 0xfa, 0xc8, 0xfa, 0xc9, 0xfa, 0xc9, 0xfa, 0xc9, 0xfa, 0xc9, 0xfa,
    0xc9, 0xfa, 0xc9, 0xfa, 0xc8, 0xfa, 0xc9, 0xfa, 0xc9, 0xfa, 0xc8, 0xfa,
    0xca, 0xa2, 0x00, 0x38, 0x00, 0x08, 0x00, 0x00, 0x00, 0x08, 0x00, 0x08,
    0x20, 0x00, 0xff, 0xff, 0xff, 0xff, 0xff, 0xff, 0xff, 0xff, 0x20, 0x08,
    0x00, 0x20, 0xc6, 0x59, 0xc9, 0xfa, 0xc9, 0xfa, 0xc9, 0xfa, 0xc9, 0xfa,
    0xc9, 0xfa, 0xc9, 0xfa, 0xc9, 0xfa, 0xc8, 0xfa, 0xc9, 0xfa, 0xc9, 0xfa,
    0xc9, 0xfa, 0xc9, 0xfa, 0xc9, 0xfa, 0xc9, 0xfa, 0xc9, 0xfa, 0xc9, 0xfa,
    0xc8, 0xfa, 0xc9, 0xfa, 0xc9, 0xfa, 0xc9, 0xfa, 0xc9, 0xfa, 0xc9, 0xfa,
    0xc8, 0xfa, 0xc9, 0xfa, 0x6c, 0xd3, 0x40, 0x68, 0x00, 0x08, 0x20, 0x08,
    0x00, 0x08, 0x00, 0x08, 0x20, 0x00, 0xff, 0xff, 0xff, 0xff, 0xff, 0xff,
    0xff, 0xff, 0xff, 0xff, 0xff, 0xff, 0x21, 0x00, 0x00, 0x10, 0x00, 0x10,
    0x00, 0x10, 0x00, 0x10, 0x00, 0x10, 0x00, 0x10, 0x00, 0x10, 0x00, 0x10,
    0x00, 0x10, 0x00, 0x10, 0x00, 0x10, 0x00, 0x10, 0x00, 0x10, 0x00, 0x10,
    0x00, 0x10, 0x00, 0x10, 0x00, 0x10, 0x00, 0x10, 0x00, 0x10, 0x00, 0x10,
    0x00, 0x10, 0x00, 0x10, 0x00, 0x10, 0x00, 0x10, 0x00, 0x08, 0x00, 0x08,
    0x00, 0x08, 0x20, 0x08, 0x00, 0x08, 0x00, 0x08, 0x20, 0x08, 0x00, 0x00,
    0xff, 0xff, 0xff, 0xff, 0xff, 0xff, 0xff, 0xff, 0x00, 0x08, 0x00, 0x08,
    0x43, 0x99, 0x2a, 0xe3, 0xc9, 0xfa, 0xc9, 0xfa, 0xc9, 0xfa, 0xc8, 0xfa,
    0xc9, 0xfa, 0xc9, 0xfa, 0xc9, 0xfa, 0xc9, 0xfa, 0xc9, 0xfa, 0xc9, 0xfa,
    0xc8, 0xfa, 0xc9, 0xfa, 0xc9, 0xfa, 0xc8, 0xfa, 0xc9, 0xfa, 0xc9, 0xfa,
    0xc9, 0xfa, 0xc9, 0xfa, 0xc9, 0xfa, 0xc9, 0xfa, 0xc8, 0xfa, 0xc9, 0xfa,
    0xc9, 0xfa, 0xc9, 0xfa, 0xa2, 0x28, 0x00, 0x10, 0x00, 0x00, 0x00, 0x08,
    0x00, 0x08, 0x00, 0x00, 0xff, 0xff, 0xff, 0xff, 0xff, 0xff, 0xff, 0xff,
    0xff, 0xff, 0x20, 0x00, 0x00, 0x48, 0x6c, 0xc3, 0xc9, 0xfa, 0xc9, 0xfa,
    0xc9, 0xfa, 0xc8, 0xfa, 0xc9, 0xfa, 0xc9, 0xfa, 0xc9, 0xfa, 0xc9, 0xfa,
    0xc9, 0xfa, 0xc9, 0xfa, 0xc9, 0xfa, 0xc9, 0xfa, 0xc9, 0xfa, 0xc9, 0xfa,
    0xc9, 0xfa, 0xc9, 0xfa, 0xc9, 0xfa, 0xc9, 0xfa, 0xc9, 0xfa, 0xc9, 0xfa,
    0xc9, 0xfa, 0xc9, 0xfa, 0xc9, 0xfa, 0xc9, 0xfa, 0x07, 0x7a, 0x00, 0x28,
    0x00, 0x08, 0x20, 0x08, 0x00, 0x08, 0x00, 0x08, 0x21, 0x00, 0xff, 0xff,
    0xff, 0xff, 0xff, 0xff, 0xff, 0xff, 0xff, 0xff, 0xff, 0xff, 0xff, 0xff,
    0xff, 0xff, 0xff, 0xff, 0xff, 0xff, 0xff, 0xff, 0xff, 0xff, 0xff, 0xff,
    0xff, 0xff, 0xff, 0xff, 0xff, 0xff, 0xff, 0xff, 0xff, 0xff, 0xff, 0xff,
    0xff, 0xff, 0xff, 0xff, 0xff, 0xff, 0xff, 0xff, 0xff, 0xff, 0xff, 0xff,
    0xff, 0xff, 0xff, 0xff, 0xff, 0xff, 0xff, 0xff, 0xff, 0xff, 0xff, 0xff,
    0xff, 0xff, 0xff, 0xff, 0xff, 0xff, 0xff, 0xff, 0xff, 0xff, 0xff, 0xff,
    0xff, 0xff, 0xff, 0xff, 0xff, 0xff, 0xff, 0xff, 0xff, 0xff, 0xff, 0xff,
    0xff, 0xff, 0xff, 0xff, 0xff, 0xff, 0xff, 0xff, 0xff, 0xff, 0xff, 0xff,
    0xff, 0xff, 0xff, 0xff, 0xff, 0xff, 0xff, 0xff, 0xff, 0xff, 0xff, 0xff,
    0xff, 0xff, 0xff, 0xff, 0xff, 0xff, 0xff, 0xff, 0xff, 0xff, 0xff, 0xff,
    0xff, 0xff, 0xff, 0xff, 0xff, 0xff, 0x00, 0x08, 0x00, 0x08, 0x47, 0xda,
    0xe9, 0xfa, 0xc9, 0xfa, 0xc9, 0xfa, 0xc8, 0xfa, 0xc9, 0xfa, 0xc9, 0xfa,
    0xc9, 0xfa, 0xc9, 0xfa, 0xc9, 0xfa, 0xc9, 0xfa, 0xc9, 0xfa, 0xc9, 0xfa,
    0xc9, 0xfa, 0xc9, 0xfa, 0xc9, 0xfa, 0xc9, 0xfa, 0xc9, 0xfa, 0xc9, 0xfa,
    0xc9, 0xfa, 0xc8, 0xfa, 0xc9, 0xfa, 0xc9, 0xfa, 0xc9, 0xfa, 0xe9, 0xf2,
    0x47, 0xda, 0x00, 0x08, 0x00, 0x08, 0x20, 0x08, 0x00, 0x00, 0x00, 0x08,
    0x20, 0x08, 0xff, 0xff, 0xff, 0xff, 0xff, 0xff, 0xff, 0xff, 0xff, 0xff,
    0xff, 0xff, 0xff, 0xff, 0xff, 0xff, 0x20, 0x00, 0x20, 0x08, 0x00, 0x08,
    0x00, 0x08, 0x20, 0x08, 0x00, 0x08, 0x00, 0x08, 0x00, 0x08, 0x00, 0x08,
    0x00, 0x08, 0x00, 0x28, 0x07, 0x7a, 0xc9, 0xfa, 0xc9, 0xfa, 0xc9, 0xfa,
    0xc8, 0xfa, 0xc9, 0xfa, 0xc9, 0xfa, 0xc9, 0xfa, 0xc9, 0xfa, 0xc9, 0xfa,
    0xc8, 0xfa, 0xc9, 0xfa, 0xc9, 0xfa, 0xc9, 0xfa, 0xc9, 0xfa, 0xc9, 0xfa,
    0xc9, 0xfa, 0xc9, 0xfa, 0xc9, 0xfa, 0xc9, 0xfa, 0xc9, 0xfa, 0xc8, 0xfa,
    0xc9, 0xfa, 0xc9, 0xfa, 0xc9, 0xfa, 0x8c, 0xc3, 0x00, 0x48, 0x00, 0x08,
    0x00, 0x08, 0x00, 0x00, 0x00, 0x08, 0x21, 0x00, 0xff, 0xff, 0xff, 0xff,
    0xff, 0xff, 0xff, 0xff, 0xff, 0xff, 0x00, 0x10, 0xa2, 0x28, 0xc9, 0xfa,
    0xc9, 0xfa, 0xc9, 0xfa, 0xc8, 0xfa, 0xc9, 0xfa, 0xc9, 0xfa, 0xc9, 0xfa,
    0xc9, 0xfa, 0xc9, 0xfa, 0xc9, 0xfa, 0xc9, 0xfa, 0xc9, 0xfa, 0xc9, 0xfa,
    0xc9, 0xfa, 0xc8, 0xfa, 0xc9, 0xfa, 0xc9, 0xfa, 0xc9, 0xfa, 0xc9, 0xfa,
    0xc9, 0xfa, 0xc9, 0xfa, 0xc9, 0xfa, 0xc9, 0xfa, 0xc9, 0xfa, 0x2a, 0xe3,
    0x23, 0x99, 0x00, 0x08, 0x00, 0x08, 0x00, 0x00, 0x00, 0x08, 0x00, 0x08,
    0x00, 0x08, 0x00, 0x00, 0x20, 0x08, 0x00, 0x08, 0x00, 0x00, 0x20, 0x00,
    0x00, 0x08, 0x00, 0x00, 0x20, 0x08, 0x00, 0x00, 0x00, 0x08, 0x20, 0x00,
    0x00, 0x00, 0x00, 0x08, 0x20, 0x00, 0x00, 0x00, 0x00, 0x08, 0x00, 0x00,
    0x00, 0x08, 0x00, 0x38, 0x0b, 0xab, 0xc9, 0xfa, 0xc9, 0xfa, 0xc8, 0xfa,
    0xc9, 0xfa, 0xc9, 0xfa, 0xc8, 0xfa, 0xc9, 0xfa, 0xc9, 0xfa, 0xc9, 0xfa,
    0xc9, 0xfa, 0xc9, 0xfa, 0xc9, 0xfa, 0xc9, 0xfa, 0xc9, 0xfa, 0xc9, 0xfa,
    0xc9, 0xfa, 0xc9, 0xfa, 0xc9, 0xfa, 0xc9, 0xfa, 0xc9, 0xfa, 0xc9, 0xfa,
    0xc9, 0xfa, 0xc9, 0xfa, 0xc9, 0xfa, 0xca, 0xa2, 0x00, 0x38, 0x00, 0x08,
    0x20, 0x00, 0x00, 0x08, 0x20, 0x08, 0x20, 0x00, 0xff, 0xff, 0xff, 0xff,
    0xff, 0xff, 0xff, 0xff, 0x21, 0x00, 0x00, 0x20, 0xe6, 0x59, 0xc9, 0xfa,
    0xc9, 0xfa, 0xc9, 0xfa, 0xc9, 0xfa, 0xc9, 0xfa, 0xc9, 0xfa, 0xc9, 0xfa,
    0xc9, 0xfa, 0xc9, 0xfa, 0xc9, 0xfa, 0xc9, 0xfa, 0xc9, 0xfa, 0xc8, 0xfa,
    0xc9, 0xfa, 0xc9, 0xfa, 0xc9, 0xfa, 0xc9, 0xfa, 0xc9, 0xfa, 0xc9, 0xfa,
    0xc9, 0xfa, 0xc9, 0xfa, 0xc9, 0xfa, 0xc9, 0xfa, 0xc9, 0xfa, 0x6c, 0xd3,
    0x40, 0x68, 0x00, 0x08, 0x00, 0x08, 0x20, 0x00, 0x00, 0x08, 0x21, 0x00,
    0xff, 0xff, 0xff, 0xff, 0xff, 0xff, 0xff, 0xff, 0xff, 0xff, 0xff, 0xff,
    0xff, 0xff, 0xff, 0xff, 0x20, 0x00, 0x00, 0x08, 0x00, 0x08, 0x00, 0x08,
    0x00, 0x08, 0x00, 0x08, 0x00, 0x08, 0x00, 0x08, 0x00, 0x08, 0x00, 0x08,
    0x00, 0x08, 0x00, 0x08, 0x00, 0x08, 0x00, 0x08, 0x00, 0x08, 0x00, 0x08,
    0x00, 0x08, 0x00, 0x08, 0x00, 0x08, 0x00, 0x00, 0x00, 0x08, 0x00, 0x08,
    0x00, 0x08, 0x00, 0x08, 0x00, 0x08, 0x00, 0x00, 0x00, 0x08, 0x00, 0x08,
    0x20, 0x00, 0x00, 0x08, 0x00, 0x08, 0xff, 0xff, 0xff, 0xff, 0xff, 0xff,
    0xff, 0xff, 0x20, 0x08, 0x00, 0x08, 0x23, 0x99, 0x2a, 0xe3, 0xc9, 0xfa,
    0xc9, 0xfa, 0xc9, 0xfa, 0xc9, 0xfa, 0xc9, 0xfa, 0xc8, 0xfa, 0xc9, 0xfa,
    0xc9, 0xfa, 0xc9, 0xfa, 0xc9, 0xfa, 0xc9, 0xfa, 0xc9, 0xfa, 0xc9, 0xfa,
    0xc9, 0xfa, 0xc9, 0xfa, 0xc9, 0xfa, 0xc8, 0xfa, 0xc9, 0xfa, 0xc9, 0xfa,
    0xc9, 0xfa, 0xc9, 0xfa, 0xc9, 0xfa, 0xc9, 0xfa, 0xc8, 0xfa, 0xa2, 0x28,
    0x00, 0x10, 0x00, 0x08, 0x20, 0x08, 0x00, 0x08, 0x20, 0x08, 0xff, 0xff,
    0xff, 0xff, 0xff, 0xff, 0xff, 0xff, 0xff, 0xff, 0x20, 0x00, 0x00, 0x48,
    0x8d, 0xc3, 0xc9, 0xfa, 0xc9, 0xfa, 0xc9, 0xfa, 0xc9, 0xfa, 0xc9, 0xfa,
    0xc9, 0xfa, 0xc9, 0xfa, 0xc9, 0xfa, 0xc8, 0xfa, 0xc9, 0xfa, 0xc9, 0xfa,
    0xc8, 0xfa, 0xc9, 0xfa, 0xc9, 0xfa, 0xc8, 0xfa, 0xc9, 0xfa, 0xc9, 0xfa,
    0xc9, 0xfa, 0xc9, 0xfa, 0xc9, 0xfa, 0xc8, 0xfa, 0xc9, 0xfa, 0xc9, 0xfa,
    0xc9, 0xfa, 0x07, 0x7a, 0x00, 0x28, 0x00, 0x08, 0x00, 0x08, 0x20, 0x00,
    0x00, 0x08, 0x20, 0x00, 0xff, 0xff, 0xff, 0xff, 0xff, 0xff, 0xff, 0xff,
    0xff, 0xff, 0xff, 0xff, 0xff, 0xff, 0xff, 0xff, 0xff, 0xff, 0xff, 0xff,
    0xff, 0xff, 0xff, 0xff, 0xff, 0xff, 0xff, 0xff, 0xff, 0xff, 0xff, 0xff,
    0xff, 0xff, 0xff, 0xff, 0xff, 0xff, 0xff, 0xff, 0xff, 0xff, 0xff, 0xff,
    0xff, 0xff, 0xff, 0xff, 0xff, 0xff, 0xff, 0xff, 0xff, 0xff, 0xff, 0xff,
    0xff, 0xff, 0xff, 0xff, 0xff, 0xff, 0xff, 0xff, 0xff, 0xff, 0xff, 0xff,
    0xff, 0xff, 0xff, 0xff, 0xff, 0xff, 0xff, 0xff, 0xff, 0xff, 0xff, 0xff,
    0xff, 0xff, 0xff, 0xff, 0xff, 0xff, 0xff, 0xff, 0xff, 0xff, 0xff, 0xff,
    0xff, 0xff, 0xff, 0xff, 0xff, 0xff, 0xff, 0xff, 0xff, 0xff, 0xff, 0xff,
    0xff, 0xff, 0xff, 0xff, 0xff, 0xff, 0xff, 0xff, 0xff, 0xff, 0xff, 0xff,
    0xff, 0xff, 0xff, 0xff, 0xff, 0xff, 0xff, 0xff, 0xff, 0xff, 0xff, 0xff,
    0x00, 0x08, 0x00, 0x08, 0x47, 0xda, 0xe9, 0xfa, 0xc9, 0xfa, 0xc9, 0xfa,
    0xc9, 0xfa, 0xc9, 0xfa, 0xc9, 0xfa, 0xc8, 0xfa, 0xc9, 0xfa, 0xc9, 0xfa,
    0xc8, 0xfa, 0xc9, 0xfa, 0xc9, 0xfa, 0xc8, 0xfa, 0xc9, 0xfa, 0xc9, 0xfa,
    0xc9, 0xfa, 0xc9, 0xfa, 0xc9, 0xfa, 0xc9, 0xfa, 0xc9, 0xfa, 0xc9, 0xfa,
    0xc9, 0xfa, 0xc9, 0xfa, 0xe9, 0xf2, 0x47, 0xda, 0x00, 0x08, 0x00, 0x08,
    0x00, 0x00, 0x00, 0x08, 0x00, 0x08, 0x00, 0x00, 0xff, 0xff, 0xff, 0xff,
    0xff, 0xff, 0xff, 0xff, 0xff, 0xff, 0xff, 0xff, 0xff, 0xff, 0xff, 0xff,
    0xff, 0xff, 0x20, 0x00, 0x00, 0x08, 0x00, 0x08, 0x00, 0x08, 0x20, 0x00,
    0x00, 0x08, 0x20, 0x08, 0x00, 0x00, 0x20, 0x08, 0x00, 0x28, 0x07, 0x7a,
    0xc9, 0xfa, 0xc9, 0xfa, 0xc9, 0xfa, 0xc9, 0xfa, 0xc9, 0xfa, 0xc9, 0xfa,
    0xc9, 0xfa, 0xc9, 0xfa, 0xc9, 0xfa, 0xc9, 0xfa, 0xc9, 0xfa, 0xc8, 0xfa,
    0xc9, 0xfa, 0xc9, 0xfa, 0xc8, 0xfa, 0xc9, 0xfa, 0xc9, 0xfa, 0xc8, 0xfa,
    0xc9, 0xfa, 0xc9, 0xfa, 0xc9, 0xfa, 0xc9, 0xfa, 0xc9, 0xfa, 0xc9, 0xfa,
    0x8c, 0xc3, 0x00, 0x48, 0x00, 0x08, 0x00, 0x00, 0x20, 0x08, 0x00, 0x08,
    0x20, 0x00, 0xff, 0xff, 0xff, 0xff, 0xff, 0xff, 0xff, 0xff, 0xff, 0xff,
    0x00, 0x10, 0xa2, 0x28, 0xc9, 0xfa, 0xc9, 0xfa, 0xc9, 0xfa, 0xc9, 0xfa,
    0xc9, 0xfa, 0xc9, 0xfa, 0xc9, 0xfa, 0xc9, 0xfa, 0xc9, 0xfa, 0xc9, 0xfa,
    0xc9, 0xfa, 0xc8, 0xfa, 0xc9, 0xfa, 0xc9, 0xfa, 0xc9, 0xfa, 0xc9, 0xfa,
    0xc9, 0xfa, 0xc8, 0xfa, 0xc9, 0xfa, 0xc9, 0xfa, 0xc9, 0xfa, 0xc9, 0xfa,
    0xc9, 0xfa, 0xc9, 0xfa, 0x2a, 0xe3, 0x23, 0x99, 0x00, 0x08, 0x20, 0x08,
    0x00, 0x08, 0x20, 0x08, 0x00, 0x08, 0x00, 0x00, 0x20, 0x08, 0x00, 0x08,
    0x00, 0x08, 0x00, 0x08, 0x20, 0x08, 0x00, 0x08, 0x00, 0x08, 0x20, 0x00,
    0x00, 0x08, 0x00, 0x08, 0x20, 0x08, 0x00, 0x08, 0x00, 0x08, 0x20, 0x08,
    0x00, 0x08, 0x20, 0x08, 0x00, 0x08, 0x00, 0x00, 0x00, 0x38, 0x0b, 0xab,
    0xc9, 0xfa, 0xc9, 0xfa, 0xc9, 0xfa, 0xc9, 0xfa, 0xc9, 0xfa, 0xc9, 0xfa,
    0xc9, 0xfa, 0xc8, 0xfa, 0xc9, 0xfa, 0xc9, 0xfa, 0xc8, 0xfa, 0xc9, 0xfa,
    0xc9, 0xfa, 0xc9, 0xfa, 0xc9, 0xfa, 0xc9, 0xfa, 0xc8, 0xfa, 0xc9, 0xfa,
    0xc9, 0xfa, 0xc9, 0xfa, 0xc9, 0xfa, 0xc9, 0xfa, 0xc9, 0xfa, 0xc9, 0xfa,
    0xca, 0xa2, 0x00, 0x30, 0x00, 0x08, 0x00, 0x08, 0x00, 0x08, 0x00, 0x08,
    0x21, 0x00, 0xff, 0xff, 0xff, 0xff, 0xff, 0xff, 0xff, 0xff, 0x20, 0x00,
    0x00, 0x20, 0xc6, 0x59, 0xc9, 0xfa, 0xc9, 0xfa, 0xc9, 0xfa, 0xc8, 0xfa,
    0xc9, 0xfa, 0xc9, 0xfa, 0xc8, 0xfa, 0xc9, 0xfa, 0xc9, 0xfa, 0xc8, 0xfa,
    0xc9, 0xfa, 0xc9, 0xfa, 0xc9, 0xfa, 0xc9, 0xfa, 0xc9, 0xfa, 0xc8, 0xfa,
    0xc9, 0xfa, 0xc9, 0xfa, 0xc8, 0xfa, 0xc9, 0xfa, 0xc9, 0xfa, 0xc9, 0xfa,
    0xc9, 0xfa, 0xc9, 0xfa, 0x4c, 0xd3, 0x40, 0x68, 0x00, 0x08, 0x00, 0x08,
    0x00, 0x08, 0x20, 0x08, 0x20, 0x00, 0xff, 0xff, 0xff, 0xff, 0xff, 0xff,
    0xff, 0xff, 0xff, 0xff, 0xff, 0xff, 0xff, 0xff, 0xff, 0xff, 0xff, 0xff,
    0x00, 0x08, 0x00, 0x08, 0x20, 0x00, 0x00, 0x00, 0x00, 0x08, 0x20, 0x08,
    0x00, 0x00, 0x00, 0x08, 0x20, 0x08, 0x00, 0x00, 0x00, 0x08, 0x20, 0x08,
    0x00, 0x00, 0x00, 0x08, 0x20, 0x00, 0x00, 0x08, 0x00, 0x08, 0x20, 0x00,
    0x00, 0x08, 0x00, 0x08, 0x20, 0x00, 0x00, 0x00, 0x20, 0x08, 0x00, 0x08,
    0x20, 0x08, 0x00, 0x00, 0x00, 0x08, 0x00, 0x08, 0x00, 0x00, 0x20, 0x08,
    0xff, 0xff, 0xff, 0xff, 0xff, 0xff, 0xff, 0xff, 0x00, 0x00, 0x00, 0x08,
    0x43, 0xa1, 0x2b, 0xe3, 0xc9, 0xfa, 0xc9, 0xfa, 0xc9, 0xfa, 0xc9, 0xfa,
    0xc9, 0xfa, 0xc9, 0xfa, 0xc9, 0xfa, 0xc9, 0xfa, 0xc8, 0xfa, 0xc9, 0xfa,
    0xc9, 0xfa, 0xc9, 0xfa, 0xc9, 0xfa, 0xc9, 0xfa, 0xc9, 0xfa, 0xc9, 0xfa,
    0xc9, 0xfa, 0xc9, 0xfa, 0xc9, 0xfa, 0xc8, 0xfa, 0xc9, 0xfa, 0xc9, 0xfa,
    0xc9, 0xfa, 0xc9, 0xfa, 0xa2, 0x20, 0x00, 0x10, 0x00, 0x08, 0x00, 0x00,
    0x00, 0x08, 0x00, 0x08, 0xff, 0xff, 0xff, 0xff, 0xff, 0xff, 0xff, 0xff,
    0xff, 0xff, 0x20, 0x00, 0x00, 0x48, 0x6d, 0xc3, 0xc9, 0xfa, 0xc9, 0xfa,
    0xc9, 0xfa, 0xc9, 0xfa, 0xc9, 0xfa, 0xc8, 0xfa, 0xc9, 0xfa, 0xc9, 0xfa,
    0xc9, 0xfa, 0xc9, 0xfa, 0xc9, 0xfa, 0xc9, 0xfa, 0xc9, 0xfa, 0xc9, 0xfa,
    0xc9, 0xfa, 0xc9, 0xfa, 0xc8, 0xfa, 0xc9, 0xfa, 0xc9, 0xfa, 0xc9, 0xfa,
    0xc9, 0xfa, 0xc9, 0xfa, 0xc9, 0xfa, 0xc9, 0xfa, 0x07, 0x7a, 0x00, 0x28,
    0x00, 0x08, 0x00, 0x08, 0x00, 0x08, 0x20, 0x08, 0x20, 0x00, 0xff, 0xff,
    0xff, 0xff, 0xff, 0xff, 0xff, 0xff, 0xff, 0xff, 0xff, 0xff, 0xff, 0xff,
    0xff, 0xff, 0xff, 0xff, 0xff, 0xff, 0xff, 0xff, 0xff, 0xff, 0xff, 0xff,
    0xff, 0xff, 0xff, 0xff, 0xff, 0xff, 0xff, 0xff, 0xff, 0xff, 0xff, 0xff,
    0xff, 0xff, 0xff, 0xff, 0xff, 0xff, 0xff, 0xff, 0xff, 0xff, 0xff, 0xff,
    0xff, 0xff, 0xff, 0xff, 0xff, 0xff, 0xff, 0xff, 0xff, 0xff, 0xff, 0xff,
    0xff, 0xff, 0xff, 0xff, 0xff, 0xff, 0xff, 0xff, 0xff, 0xff, 0xff, 0xff,
    0xff, 0xff, 0xff, 0xff, 0xff, 0xff, 0xff, 0xff, 0xff, 0xff, 0xff, 0xff,
    0xff, 0xff, 0xff, 0xff, 0xff, 0xff, 0xff, 0xff, 0xff, 0xff, 0xff, 0xff,
    0xff, 0xff, 0xff, 0xff, 0xff, 0xff, 0xff, 0xff, 0xff, 0xff, 0xff, 0xff,
    0xff, 0xff, 0xff, 0xff, 0xff, 0xff, 0xff, 0xff, 0xff, 0xff, 0xff, 0xff,
    0xff, 0xff, 0xff, 0xff, 0xff, 0xff, 0x00, 0x08, 0x00, 0x08, 0x47, 0xda,
    0xc9, 0xf2, 0xc9, 0xfa, 0xc9, 0xfa, 0xc9, 0xfa, 0xc9, 0xfa, 0xc9, 0xfa,
    0xc9, 0xfa, 0xc9, 0xfa, 0xc9, 0xfa, 0xc9, 0xfa, 0xc9, 0xfa, 0xc9, 0xfa,
    0xc9, 0xfa, 0xc9, 0xfa, 0xc9, 0xfa, 0xc8, 0xfa, 0xc9, 0xfa, 0xc9, 0xfa,
    0xc8, 0xfa, 0xc9, 0xfa, 0xc9, 0xfa, 0xc9, 0xfa, 0xc9, 0xfa, 0xe9, 0xf2,
    0x47, 0xda, 0x00, 0x08, 0x00, 0x08, 0x20, 0x08, 0x00, 0x08, 0x00, 0x08,
    0x20, 0x08, 0xff, 0xff, 0xff, 0xff, 0xff, 0xff, 0xff, 0xff, 0xff, 0xff,
    0xff, 0xff, 0xff, 0xff, 0xff, 0xff, 0xff, 0xff, 0xff, 0xff, 0x20, 0x00,
    0x20, 0x00, 0x20, 0x00, 0x20, 0x00, 0x20, 0x00, 0x20, 0x00, 0x20, 0x08,
    0x20, 0x08, 0x00, 0x28, 0x07, 0x7a, 0xc9, 0xfa, 0xc9, 0xfa, 0xc9, 0xfa,
    0xc9, 0xfa, 0xc9, 0xfa, 0xc9, 0xfa, 0xc8, 0xfa, 0xc9, 0xfa, 0xc9, 0xfa,
    0xc9, 0xfa, 0xc9, 0xfa, 0xc9, 0xfa, 0xc9, 0xfa, 0xc9, 0xfa, 0xc9, 0xfa,
    0xc9, 0xfa, 0xc9, 0xfa, 0xc9, 0xfa, 0xc9, 0xfa, 0xc9, 0xfa, 0xc9, 0xfa,
    0xc9, 0xfa, 0xc9, 0xfa, 0xc9, 0xfa, 0x8c, 0xc3, 0x00, 0x40, 0x00, 0x08,
    0x00, 0x08, 0x20, 0x08, 0x00, 0x08, 0x21, 0x00, 0xff, 0xff, 0xff, 0xff,
    0xff, 0xff, 0xff, 0xff, 0xff, 0xff, 0x00, 0x10, 0xa2, 0x28, 0xc9, 0xfa,
    0xc9, 0xfa, 0xc9, 0xfa, 0xc9, 0xfa, 0xc9, 0xfa, 0xc8, 0xfa, 0xc9, 0xfa,
    0xc9, 0xfa, 0xc8, 0xfa, 0xc9, 0xfa, 0xc9, 0xfa, 0xc9, 0xfa, 0xc9, 0xfa,
    0xc9, 0xfa, 0xc9, 0xfa, 0xc9, 0xfa, 0xc9, 0xfa, 0xc9, 0xfa, 0xc9, 0xfa,
    0xc9, 0xfa, 0xc8, 0xfa, 0xc9, 0xfa, 0xc9, 0xfa, 0xc9, 0xfa, 0x2b, 0xe3,
    0x43, 0x99, 0x00, 0x08, 0x00, 0x08, 0x00, 0x00, 0x20, 0x08, 0x00, 0x08,
    0x00, 0x00, 0x20, 0x08, 0x00, 0x08, 0x00, 0x00, 0x20, 0x08, 0x00, 0x08,
    0x00, 0x00, 0x00, 0x08, 0x00, 0x08, 0x00, 0x08, 0x00, 0x08, 0x00, 0x08,
    0x00, 0x08, 0x00, 0x00, 0x00, 0x08, 0x00, 0x08, 0x00, 0x08, 0x20, 0x08,
    0x00, 0x08, 0x00, 0x38, 0x0b, 0xab, 0xc9, 0xfa, 0xc9, 0xfa, 0xc9, 0xfa,
    0xc9, 0xfa, 0xc9, 0xfa, 0xc9, 0xfa, 0xc9, 0xfa, 0xc9, 0xfa, 0xc9, 0xfa,
    0xc9, 0xfa, 0xc9, 0xfa, 0xc9, 0xfa, 0xc8, 0xfa, 0xc9, 0xfa, 0xc9, 0xfa,
    0xc9, 0xfa, 0xc9, 0xfa, 0xc9, 0xfa, 0xc8, 0xfa, 0xc9, 0xfa, 0xc9, 0xfa,
    0xc8, 0xfa, 0xc9, 0xfa, 0xc9, 0xfa, 0xca, 0xa2, 0x00, 0x30, 0x00, 0x08,
    0x20, 0x08, 0x00, 0x00, 0x00, 0x08, 0x20, 0x00, 0xff, 0xff, 0xff, 0xff,
    0xff, 0xff, 0xff, 0xff, 0x21, 0x08, 0x00, 0x20, 0xc6, 0x59, 0xc9, 0xfa,
    0xc9, 0xfa, 0xc9, 0xfa, 0xc9, 0xfa, 0xc9, 0xfa, 0xc9, 0xfa, 0xc9, 0xfa,
    0xc9, 0xfa, 0xc9, 0xfa, 0xc9, 0xfa, 0xc9, 0xfa, 0xc9, 0xfa, 0xc9, 0xfa,
    0xc9, 0xfa, 0xc9, 0xfa, 0xc9, 0xfa, 0xc9, 0xfa, 0xc9, 0xfa, 0xc9, 0xfa,
    0xc9, 0xfa, 0xc8, 0xfa, 0xc9, 0xfa, 0xc9, 0xfa, 0xc8, 0xfa, 0x6c, 0xd3,
    0x40, 0x68, 0x20, 0x08, 0x00, 0x08, 0x00, 0x00, 0x00, 0x08, 0x20, 0x00,
    0xff, 0xff, 0xff, 0xff, 0xff, 0xff, 0xff, 0xff, 0xff, 0xff, 0xff, 0xff,
    0xff, 0xff, 0xff, 0xff, 0xff, 0xff, 0xff, 0xff, 0x21, 0x00, 0x00, 0x08,
    0x20, 0x08, 0x00, 0x08, 0x00, 0x00, 0x20, 0x08, 0x00, 0x08, 0x00, 0x00,
    0x20, 0x08, 0x00, 0x08, 0x00, 0x00, 0x20, 0x08, 0x00, 0x08, 0x00, 0x00,
    0x20, 0x08, 0x00, 0x08, 0x00, 0x00, 0x20, 0x08, 0x00, 0x08, 0x00, 0x08,
    0x00, 0x08, 0x00, 0x00, 0x20, 0x08, 0x00, 0x08, 0x00, 0x08, 0x20, 0x00,
    0x20, 0x08, 0x20, 0x00, 0xff, 0xff, 0xff, 0xff, 0xff, 0xff, 0xff, 0xff,
    0xff, 0xff, 0x00, 0x08, 0x00, 0x08, 0x43, 0x99, 0x2a, 0xe3, 0xc9, 0xfa,
    0xc9, 0xfa, 0xc9, 0xfa, 0xc8, 0xfa, 0xc9, 0xfa, 0xc9, 0xfa, 0xc9, 0xfa,
    0xc9, 0xfa, 0xc9, 0xfa, 0xc9, 0xfa, 0xc9, 0xfa, 0xc8, 0xfa, 0xc9, 0xfa,
    0xc9, 0xfa, 0xc8, 0xfa, 0xc9, 0xfa, 0xc9, 0xfa, 0xc9, 0xfa, 0xc9, 0xfa,
    0xc9, 0xfa, 0xc9, 0xfa, 0xc9, 0xfa, 0xc9, 0xfa, 0xc9, 0xfa, 0xa2, 0x28,
    0x00, 0x10, 0x00, 0x00, 0x00, 0x08, 0x20, 0x00, 0x00, 0x08, 0xff, 0xff,
    0xff, 0xff, 0xff, 0xff, 0xff, 0xff, 0xff, 0xff, 0x21, 0x00, 0x00, 0x48,
    0x8c, 0xc3, 0xc9, 0xfa, 0xc9, 0xfa, 0xc8, 0xfa, 0xc9, 0xfa, 0xc9, 0xfa,
    0xc9, 0xfa, 0xc9, 0xfa, 0xc9, 0xfa, 0xc9, 0xfa, 0xc9, 0xfa, 0xc9, 0xfa,
    0xc9, 0xfa, 0xc9, 0xfa, 0xc9, 0xfa, 0xc9, 0xfa, 0xc9, 0xfa, 0xc9, 0xfa,
    0xc9, 0xfa, 0xc8, 0xfa, 0xc9, 0xfa, 0xc9, 0xfa, 0xc8, 0xfa, 0xc9, 0xfa,
    0xc9, 0xfa, 0x07, 0x7a, 0x00, 0x28, 0x00, 0x08, 0x20, 0x08, 0x00, 0x00,
    0x00, 0x08, 0x21, 0x00, 0xff, 0xff, 0xff, 0xff, 0xff, 0xff, 0xff, 0xff,
    0xff, 0xff, 0xff, 0xff, 0xff, 0xff, 0xff, 0xff, 0xff, 0xff, 0xff, 0xff,
    0xff, 0xff, 0xff, 0xff, 0xff, 0xff, 0xff, 0xff, 0xff, 0xff, 0xff, 0xff,
    0xff, 0xff, 0xff, 0xff, 0xff, 0xff, 0xff, 0xff, 0xff, 0xff, 0xff, 0xff,
    0xff, 0xff, 0xff, 0xff, 0xff, 0xff, 0xff, 0xff, 0xff, 0xff, 0xff, 0xff,
    0xff, 0xff, 0xff, 0xff, 0xff, 0xff, 0xff, 0xff, 0xff, 0xff, 0xff, 0xff,
    0xff, 0xff, 0xff, 0xff, 0xff, 0xff, 0xff, 0xff, 0xff, 0xff, 0xff, 0xff,
    0xff, 0xff, 0xff, 0xff, 0xff, 0xff, 0xff, 0xff, 0xff, 0xff, 0xff, 0xff,
    0xff, 0xff, 0xff, 0xff, 0xff, 0xff, 0xff, 0xff, 0xff, 0xff, 0xff, 0xff,
    0xff, 0xff, 0xff, 0xff, 0xff, 0xff, 0xff, 0xff, 0xff, 0xff, 0xff, 0xff,
    0xff, 0xff, 0xff, 0xff, 0xff, 0xff, 0xff, 0xff, 0xff, 0xff, 0xff, 0xff,
    0x20, 0x08, 0x00, 0x08, 0x47, 0xda, 0xe9, 0xfa, 0xc9, 0xfa, 0xc8, 0xfa,
    0xc9, 0xfa, 0xc9, 0xfa, 0xc8, 0xfa, 0xc9, 0xfa, 0xc9, 0xfa, 0xc9, 0xfa,
    0xc9, 0xfa, 0xc9, 0xfa, 0xc9, 0xfa, 0xc9, 0xfa, 0xc9, 0xfa, 0xc9, 0xfa,
    0xc9, 0xfa, 0xc9, 0xfa, 0xc9, 0xfa, 0xc9, 0xfa, 0xc9, 0xfa, 0xc9, 0xfa,
    0xc8, 0xfa, 0xc9, 0xfa, 0xe9, 0xf2, 0x47, 0xda, 0x00, 0x08, 0x00, 0x00,
    0x00, 0x08, 0x20, 0x00, 0x00, 0x08, 0x00, 0x08, 0xff, 0xff, 0xff, 0xff,
    0xff, 0xff, 0xff, 0xff, 0xff, 0xff, 0xff, 0xff, 0xff, 0xff, 0xff, 0xff,
    0xff, 0xff, 0xff, 0xff, 0xff, 0xff, 0xff, 0xff, 0xff, 0xff, 0xff, 0xff,
    0xff, 0xff, 0xff, 0xff, 0xff, 0xff, 0x20, 0x08, 0x00, 0x28, 0x07, 0x7a,
    0xc9, 0xfa, 0xc9, 0xfa, 0xc9, 0xfa, 0xc8, 0xfa, 0xc9, 0xfa, 0xc9, 0xfa,
    0xc9, 0xfa, 0xc9, 0xfa, 0xc8, 0xfa, 0xc9, 0xfa, 0xc9, 0xfa, 0xc9, 0xfa,
    0xc9, 0xfa, 0xc9, 0xfa, 0xc9, 0xfa, 0xc8, 0xfa, 0xc9, 0xfa, 0xc9, 0xfa,
    0xc9, 0xfa, 0xc8, 0xfa, 0xc9, 0xfa, 0xc9, 0xfa, 0xc9, 0xfa, 0xc9, 0xfa,
    0x6c, 0xcb, 0x00, 0x40, 0x00, 0x08, 0x00, 0x08, 0x00, 0x08, 0x00, 0x08,
    0x20, 0x00, 0xff, 0xff, 0xff, 0xff, 0xff, 0xff, 0xff, 0xff, 0xff, 0xff,
    0x00, 0x10, 0xa2, 0x20, 0xc9, 0xfa, 0xc9, 0xfa, 0xc9, 0xfa, 0xc9, 0xfa,
    0xc9, 0xfa, 0xc9, 0xfa, 0xc9, 0xfa, 0xc9, 0xfa, 0xc9, 0xfa, 0xc9, 0xfa,
    0xc9, 0xfa, 0xc9, 0xfa, 0xc9, 0xfa, 0xc8, 0xfa, 0xc9, 0xfa, 0xc9, 0xfa,
    0xc8, 0xfa, 0xc9, 0xfa, 0xc9, 0xfa, 0xc9, 0xfa, 0xc9, 0xfa, 0xc9, 0xfa,
    0xc9, 0xfa, 0xc9, 0xfa, 0x2a, 0xe3, 0x23, 0x99, 0x00, 0x08, 0x00, 0x08,
    0x00, 0x00, 0x00, 0x08, 0x00, 0x08, 0x00, 0x08, 0x00, 0x08, 0x00, 0x00,
    0x00, 0x08, 0x00, 0x08, 0x00, 0x00, 0x20, 0x08, 0x00, 0x08, 0x00, 0x08,
    0x20, 0x00, 0x20, 0x00, 0x00, 0x08, 0x20, 0x08, 0x00, 0x00, 0x00, 0x08,
    0x20, 0x00, 0x00, 0x00, 0x00, 0x08, 0x00, 0x08, 0x00, 0x38, 0x0b, 0xab,
    0xc9, 0xfa, 0xc9, 0xfa, 0xc9, 0xfa, 0xc8, 0xfa, 0xc9, 0xfa, 0xc9, 0xfa,
    0xc9, 0xfa, 0xc9, 0xfa, 0xc9, 0xfa, 0xc9, 0xfa, 0xc9, 0xfa, 0xc9, 0xfa,
    0xc9, 0xfa, 0xc9, 0xfa, 0xc9, 0xfa, 0xc8, 0xfa, 0xc9, 0xfa, 0xc9, 0xfa,
    0xc9, 0xfa, 0xc9, 0xfa, 0xc9, 0xfa, 0xc9, 0xfa, 0xc9, 0xfa, 0xc9, 0xfa,
    0xca, 0xa2, 0x00, 0x38, 0x00, 0x08, 0x20, 0x08, 0x00, 0x08, 0x00, 0x08,
    0x20, 0x00, 0xff, 0xff, 0xff, 0xff, 0xff, 0xff, 0xff, 0xff, 0x20, 0x00,
    0x00, 0x20, 0xc6, 0x59, 0xc9, 0xfa, 0xc9, 0xfa, 0xc9, 0xfa, 0xc9, 0xfa,
    0xc9, 0xfa, 0xc9, 0xfa, 0xc9, 0xfa, 0xc9, 0xfa, 0xc9, 0xfa, 0xc9, 0xfa,
    0xc9, 0xfa, 0xc8, 0xfa, 0xc9, 0xfa, 0xc9, 0xfa, 0xc8, 0xfa, 0xc9, 0xfa,
    0xc9, 0xfa, 0xc9, 0xfa, 0xc9, 0xfa, 0xc9, 0xfa, 0xc9, 0xfa, 0xc9, 0xfa,
    0xc9, 0xfa, 0xc9, 0xfa, 0x6c, 0xd3, 0x40, 0x68, 0x00, 0x08, 0x20, 0x08,
    0x00, 0x08, 0x00, 0x08, 0x21, 0x00, 0xff, 0xff, 0xff, 0xff, 0xff, 0xff,
    0xff, 0xff, 0xff, 0xff, 0xff, 0xff, 0xff, 0xff, 0xff, 0xff, 0xff, 0xff,
    0xff, 0xff, 0xff, 0xff, 0x00, 0x08, 0x00, 0x08, 0x00, 0x08, 0x00, 0x08,
    0x00, 0x08, 0x00, 0x08, 0x00, 0x08, 0x20, 0x08, 0x00, 0x08, 0x00, 0x08,
    0x00, 0x08, 0x00, 0x08, 0x00, 0x08, 0x00, 0x08, 0x00, 0x08, 0x00, 0x08,
    0x00, 0x08, 0x20, 0x00, 0x00, 0x08, 0x00, 0x08, 0x00, 0x08, 0x00, 0x00,
    0x00, 0x08, 0x20, 0x08, 0x20, 0x00, 0xff, 0xff, 0xff, 0xff, 0xff, 0xff,
    0xff, 0xff, 0xff, 0xff, 0xff, 0xff, 0xff, 0xff, 0x00, 0x08, 0x00, 0x00,
    0x23, 0x99, 0x2a, 0xe3, 0xc9, 0xfa, 0xc9, 0xfa, 0xc9, 0xfa, 0xc9, 0xfa,
    0xc9, 0xfa, 0xc9, 0xfa, 0xc8, 0xfa, 0xc9, 0xfa, 0xc9, 0xfa, 0xc9, 0xfa,
    0xc9, 0xfa, 0xc9, 0xfa, 0xc9, 0xfa, 0xc9, 0xfa, 0xc9, 0xfa, 0xc9, 0xfa,
    0xc8, 0xfa, 0xc9, 0xfa, 0xc9, 0xfa, 0xc9, 0xfa, 0xc9, 0xfa, 0xc8, 0xfa,
    0xc9, 0xfa, 0xc9, 0xfa, 0xa2, 0x28, 0x00, 0x10, 0x00, 0x08, 0x20, 0x08,
    0x00, 0x08, 0x00, 0x00, 0xff, 0xff, 0xff, 0xff, 0xff, 0xff, 0xff, 0xff,
    0xff, 0xff, 0x20, 0x00, 0x00, 0x48, 0x8c, 0xc3, 0xc9, 0xfa, 0xc9, 0xfa,
    0xc9, 0xfa, 0xc9, 0xfa, 0xc9, 0xfa, 0xc9, 0xfa, 0xc9, 0xfa, 0xc8, 0xfa,
    0xc9, 0xfa, 0xc9, 0xfa, 0xc8, 0xfa, 0xc9, 0xfa, 0xc9, 0xfa, 0xc8, 0xfa,
    0xc9, 0xfa, 0xc9, 0xfa, 0xc9, 0xfa, 0xc9, 0xfa, 0xc9, 0xfa, 0xc9, 0xfa,
    0xc9, 0xfa, 0xc9, 0xfa, 0xc9, 0xfa, 0xc9, 0xfa, 0x07, 0x7a, 0x00, 0x28,
    0x00, 0x08, 0x00, 0x08, 0x00, 0x08, 0x00, 0x08, 0x20, 0x00, 0xff, 0xff,
    0xff, 0xff, 0xff, 0xff, 0xff, 0xff, 0xff, 0xff, 0xff, 0xff, 0xff, 0xff,
    0xff, 0xff, 0xff, 0xff, 0xff, 0xff, 0xff, 0xff, 0xff, 0xff, 0xff, 0xff,
    0xff, 0xff, 0xff, 0xff, 0xff, 0xff, 0xff, 0xff, 0xff, 0xff, 0xff, 0xff,
    0xff, 0xff, 0xff, 0xff, 0xff, 0xff, 0xff, 0xff, 0xff, 0xff, 0xff, 0xff,
    0xff, 0xff, 0xff, 0xff, 0xff, 0xff, 0xff, 0xff, 0xff, 0xff, 0xff, 0xff,
    0xff, 0xff, 0xff, 0xff, 0xff, 0xff, 0xff, 0xff, 0xff, 0xff, 0xff, 0xff,
    0xff, 0xff, 0xff, 0xff, 0xff, 0xff, 0xff, 0xff, 0xff, 0xff, 0xff, 0xff,
    0xff, 0xff, 0xff, 0xff, 0xff, 0xff, 0xff, 0xff, 0xff, 0xff, 0xff, 0xff,
    0xff, 0xff, 0xff, 0xff, 0xff, 0xff, 0xff, 0xff, 0xff, 0xff, 0xff, 0xff,
    0xff, 0xff, 0xff, 0xff, 0xff, 0xff, 0xff, 0xff, 0xff, 0xff, 0xff, 0xff,
    0xff, 0xff, 0xff, 0xff, 0xff, 0xff, 0x00, 0x00, 0x00, 0x08, 0x47, 0xda,
    0xc9, 0xfa, 0xc9, 0xfa, 0xc9, 0xfa, 0xc9, 0xfa, 0xc9, 0xfa, 0xc9, 0xfa,
    0xc9, 0xfa, 0xc9, 0xfa, 0xc8, 0xfa, 0xc9, 0xfa, 0xc9, 0xfa, 0xc8, 0xfa,
    0xc9, 0xfa, 0xc9, 0xfa, 0xc8, 0xfa, 0xc9, 0xfa, 0xc9, 0xfa, 0xc9, 0xfa,
    0xc9, 0xfa, 0xc9, 0xfa, 0xc9, 0xfa, 0xc9, 0xfa, 0xc9, 0xfa, 0xe9, 0xf2,
    0x47, 0xda, 0x00, 0x08, 0x00, 0x08, 0x00, 0x08, 0x00, 0x00, 0x00, 0x08,
    0x00, 0x00, 0xff, 0xff, 0xff, 0xff, 0xff, 0xff, 0xff, 0xff, 0xff, 0xff,
    0xff, 0xff, 0xff, 0xff, 0xff, 0xff, 0xff, 0xff, 0xff, 0xff, 0xff, 0xff,
    0xff, 0xff, 0xff, 0xff, 0xff, 0xff, 0xff, 0xff, 0xff, 0xff, 0xff, 0xff,
    0x20, 0x00, 0x00, 0x30, 0x07, 0x7a, 0xc9, 0xfa, 0xc9, 0xfa, 0xc9, 0xfa,
    0xc9, 0xfa, 0xc9, 0xfa, 0xc9, 0xfa, 0xc9, 0xfa, 0xc9, 0xfa, 0xc9, 0xfa,
    0xc9, 0xfa, 0xc9, 0xfa, 0xc8, 0xfa, 0xc9, 0xfa, 0xc9, 0xfa, 0xc9, 0xfa,
    0xc9, 0xfa, 0xc9, 0xfa, 0xc9, 0xfa, 0xc9, 0xfa, 0xc9, 0xfa, 0xc9, 0xfa,
    0xc8, 0xfa, 0xc9, 0xfa, 0xc9, 0xfa, 0x8c, 0xc3, 0x00, 0x48, 0x00, 0x08,
    0x20, 0x00, 0x00, 0x08, 0x20, 0x08, 0x20, 0x00, 0xff, 0xff, 0xff, 0xff,
    0xff, 0xff, 0xff, 0xff, 0xff, 0xff, 0x00, 0x10, 0xa2, 0x28, 0xc9, 0xfa,
    0xc9, 0xfa, 0xc9, 0xfa, 0xc8, 0xfa, 0xc9, 0xfa, 0xc9, 0xfa, 0xc9, 0xfa,
    0xc9, 0xfa, 0xc9, 0xfa, 0xc8, 0xfa, 0xc9, 0xfa, 0xc9, 0xfa, 0xc9, 0xfa,
    0xc9, 0xfa, 0xc9, 0xfa, 0xc9, 0xfa, 0xc9, 0xfa, 0xc9, 0xfa, 0xc9, 0xfa,
    0xc9, 0xfa, 0xc9, 0xfa, 0xc8, 0xfa, 0xc9, 0xfa, 0xc9, 0xfa, 0x2a, 0xe3,
    0x43, 0xa1, 0x00, 0x08, 0x20, 0x08, 0x20, 0x08, 0x00, 0x00, 0x20, 0x08,
    0x00, 0x08, 0xff, 0xff, 0xff, 0xff, 0xff, 0xff, 0xff, 0xff, 0xff, 0xff,
    0xff, 0xff, 0xff, 0xff, 0xff, 0xff, 0xff, 0xff, 0xff, 0xff, 0xff, 0xff,
    0xff, 0xff, 0xff, 0xff, 0xff, 0xff, 0xff, 0xff, 0xff, 0xff, 0xff, 0xff,
    0x20, 0x00, 0x00, 0x38, 0x0b, 0xab, 0xc9, 0xfa, 0xc9, 0xfa, 0xc9, 0xfa,
    0xc9, 0xfa, 0xc9, 0xfa, 0xc8, 0xfa, 0xc9, 0xfa, 0xc9, 0xfa, 0xc8, 0xfa,
    0xc9, 0xfa, 0xc9, 0xfa, 0xc8, 0xfa, 0xc9, 0xfa, 0xc9, 0xfa, 0xc9, 0xfa,
    0xc9, 0xfa, 0xc9, 0xfa, 0xc9, 0xfa, 0xc9, 0xfa, 0xc9, 0xfa, 0xc9, 0xfa,
    0xc9, 0xfa, 0xc8, 0xfa, 0xc9, 0xfa, 0xca, 0xa2, 0x00, 0x30, 0x00, 0x08,
    0x00, 0x08, 0x20, 0x00, 0x00, 0x08, 0x20, 0x00, 0xff, 0xff, 0xff, 0xff,
    0xff, 0xff, 0xff, 0xff, 0x20, 0x00, 0x00, 0x20, 0xe6, 0x59, 0xc9, 0xfa,
    0xc9, 0xfa, 0xc9, 0xfa, 0xc9, 0xfa, 0xc8, 0xfa, 0xc9, 0xfa, 0xc9, 0xfa,
    0xc8, 0xfa, 0xc9, 0xfa, 0xc9, 0xfa, 0xc9, 0xfa, 0xc9, 0xfa, 0xc9, 0xfa,
    0xc9, 0xfa, 0xc9, 0xfa, 0xc9, 0xfa, 0xc9, 0xfa, 0xc8, 0xfa, 0xc9, 0xfa,
    0xc9, 0xfa, 0xc9, 0xfa, 0xc9, 0xfa, 0xc9, 0xfa, 0xc9, 0xfa, 0x4c, 0xcb,
    0x40, 0x68, 0x00, 0x08, 0x00, 0x08, 0x20, 0x08, 0x00, 0x08, 0x20, 0x00,
    0xff, 0xff, 0xff, 0xff, 0xff, 0xff, 0xff, 0xff, 0xff, 0xff, 0xff, 0xff,
    0xff, 0xff, 0xff, 0xff, 0xff, 0xff, 0xff, 0xff, 0xff, 0xff, 0xff, 0xff,
    0xff, 0xff, 0xff, 0xff, 0xff, 0xff, 0xff, 0xff, 0xff, 0xff, 0xff, 0xff,
    0xff, 0xff, 0xff, 0xff, 0xff, 0xff, 0xff, 0xff, 0xff, 0xff, 0xff, 0xff,
    0xff, 0xff, 0xff, 0xff, 0xff, 0xff, 0xff, 0xff, 0xff, 0xff, 0xff, 0xff,
    0xff, 0xff, 0xff, 0xff, 0xff, 0xff, 0xff, 0xff, 0xff, 0xff, 0xff, 0xff,
    0xff, 0xff, 0xff, 0xff, 0xff, 0xff, 0xff, 0xff, 0xff, 0xff, 0xff, 0xff,
    0xff, 0xff, 0x20, 0x08, 0x00, 0x08, 0x43, 0xa1, 0x2b, 0xe3, 0xc9, 0xfa,
    0xc9, 0xfa, 0xc9, 0xfa, 0xc9, 0xfa, 0xc9, 0xfa, 0xc9, 0xfa, 0xc9, 0xfa,
    0xc9, 0xfa, 0xc9, 0xfa, 0xc8, 0xfa, 0xc9, 0xfa, 0xc9, 0xfa, 0xc9, 0xfa,
    0xc9, 0xfa, 0xc9, 0xfa, 0xc9, 0xfa, 0xc9, 0xfa, 0xc9, 0xfa, 0xc8, 0xfa,
    0xc9, 0xfa, 0xc9, 0xfa, 0xc9, 0xfa, 0xc9, 0xfa, 0xc9, 0xfa, 0xa2, 0x20,
    0x00, 0x10, 0x00, 0x08, 0x00, 0x08, 0x00, 0x08, 0x20, 0x08, 0xff, 0xff,
    0xff, 0xff, 0xff, 0xff, 0xff, 0xff, 0xff, 0xff, 0x20, 0x00, 0x00, 0x48,
    0x6d, 0xcb, 0xc9, 0xfa, 0xc9, 0xfa, 0xc9, 0xfa, 0xc9, 0xfa, 0xc8, 0xfa,
    0xc9, 0xfa, 0xc9, 0xfa, 0xc9, 0xfa, 0xc9, 0xfa, 0xc9, 0xfa, 0xc9, 0xfa,
    0xc9, 0xfa, 0xc9, 0xfa, 0xc9, 0xfa, 0xc9, 0xfa, 0xc9, 0xfa, 0xc8, 0xfa,
    0xc9, 0xfa, 0xc9, 0xfa, 0xc9, 0xfa, 0xc9, 0xfa, 0xc9, 0xfa, 0xc9, 0xfa,
    0xc9, 0xfa, 0x07, 0x7a, 0x00, 0x28, 0x00, 0x08, 0x20, 0x08, 0x00, 0x08,
    0x20, 0x08, 0x20, 0x00, 0xff, 0xff, 0xff, 0xff, 0xff, 0xff, 0xff, 0xff,
    0xff, 0xff, 0xff, 0xff, 0xff, 0xff, 0xff, 0xff, 0xff, 0xff, 0xff, 0xff,
    0xff, 0xff, 0xff, 0xff, 0xff, 0xff, 0xff, 0xff, 0xff, 0xff, 0xff, 0xff,
    0xff, 0xff, 0xff, 0xff, 0xff, 0xff, 0xff, 0xff, 0xff, 0xff, 0xff, 0xff,
    0xff, 0xff, 0xff, 0xff, 0xff, 0xff, 0xff, 0xff, 0xff, 0xff, 0xff, 0xff,
    0xff, 0xff, 0xff, 0xff, 0xff, 0xff, 0xff, 0xff, 0xff, 0xff, 0xff, 0xff,
    0xff, 0xff, 0xff, 0xff, 0xff, 0xff, 0xff, 0xff, 0xff, 0xff, 0xff, 0xff,
    0xff, 0xff, 0xff, 0xff, 0xff, 0xff, 0xff, 0xff, 0xff, 0xff, 0xff, 0xff,
    0xff, 0xff, 0xff, 0xff, 0xff, 0xff, 0xff, 0xff, 0xff, 0xff, 0xff, 0xff,
    0xff, 0xff, 0xff, 0xff, 0xff, 0xff, 0xff, 0xff, 0xff, 0xff, 0xff, 0xff,
    0xff, 0xff, 0xff, 0xff, 0xff, 0xff, 0xff, 0xff, 0xff, 0xff, 0xff, 0xff,
    0x00, 0x08, 0x00, 0x08, 0x47, 0xda, 0xe9, 0xf2, 0xc9, 0xfa, 0xc9, 0xfa,
    0xc9, 0xfa, 0xc9, 0xfa, 0xc9, 0xfa, 0xc9, 0xfa, 0xc9, 0xfa, 0xc9, 0xfa,
    0xc9, 0xfa, 0xc9, 0xfa, 0xc9, 0xfa, 0xc9, 0xfa, 0xc9, 0xfa, 0xc9, 0xfa,
    0xc9, 0xfa, 0xc9, 0xfa, 0xc8, 0xfa, 0xc9, 0xfa, 0xc9, 0xfa, 0xc9, 0xfa,
    0xc9, 0xfa, 0xc9, 0xfa, 0xe9, 0xf2, 0x47, 0xda, 0x00, 0x08, 0x00, 0x08,
    0x20, 0x08, 0x00, 0x08, 0x20, 0x08, 0x00, 0x08, 0xff, 0xff, 0xff, 0xff,
    0xff, 0xff, 0xff, 0xff, 0xff, 0xff, 0xff, 0xff, 0xff, 0xff, 0xff, 0xff,
    0xff, 0xff, 0xff, 0xff, 0xff, 0xff, 0xff, 0xff, 0xff, 0xff, 0xff, 0xff,
    0xff, 0xff, 0xff, 0xff, 0xff, 0xff, 0x21, 0x00, 0x00, 0x30, 0x07, 0x7a,
    0xc9, 0xfa, 0xc9, 0xfa, 0xc9, 0xfa, 0xc9, 0xfa, 0xc9, 0xfa, 0xc8, 0xfa,
    0xc9, 0xfa, 0xc9, 0xfa, 0xc9, 0xfa, 0xc9, 0xfa, 0xc9, 0xfa, 0xc9, 0xfa,
    0xc9, 0xfa, 0xc8, 0xfa, 0xc9, 0xfa, 0xc9, 0xfa, 0xc9, 0xfa, 0xc8, 0xfa,
    0xc9, 0xfa, 0xc9, 0xfa, 0xc9, 0xfa, 0xc9, 0xfa, 0xc9, 0xfa, 0xc9, 0xfa,
    0x8c, 0xc3, 0x00, 0x48, 0x00, 0x08, 0x00, 0x00, 0x00, 0x08, 0x00, 0x08,
    0x21, 0x00, 0xff, 0xff, 0xff, 0xff, 0xff, 0xff, 0xff, 0xff, 0xff, 0xff,
    0x00, 0x10, 0xa2, 0x28, 0xc9, 0xfa, 0xc9, 0xfa, 0xc9, 0xfa, 0xc9, 0xfa,
    0xc9, 0xfa, 0xc9, 0xfa, 0xc8, 0xfa, 0xc9, 0xfa, 0xc9, 0xfa, 0xc9, 0xfa,
    0xc9, 0xfa, 0xc9, 0xfa, 0xc8, 0xfa, 0xc9, 0xfa, 0xc9, 0xfa, 0xc9, 0xfa,
    0xc9, 0xfa, 0xc9, 0xfa, 0xc8, 0xfa, 0xc9, 0xfa, 0xc9, 0xfa, 0xc9, 0xfa,
    0xc9, 0xfa, 0xc9, 0xfa, 0x2a, 0xe3, 0x23, 0x99, 0x00, 0x08, 0x00, 0x08,
    0x00, 0x08, 0x00, 0x08, 0x00, 0x00, 0x20, 0x08, 0xff, 0xff, 0xff, 0xff,
    0xff, 0xff, 0xff, 0xff, 0xff, 0xff, 0xff, 0xff, 0xff, 0xff, 0xff, 0xff,
    0xff, 0xff, 0xff, 0xff, 0xff, 0xff, 0xff, 0xff, 0xff, 0xff, 0xff, 0xff,
    0xff, 0xff, 0xff, 0xff, 0xff, 0xff, 0x21, 0x00, 0x00, 0x38, 0x0b, 0xab,
    0xc9, 0xfa, 0xc9, 0xfa, 0xc9, 0xfa, 0xc9, 0xfa, 0xc9, 0xfa, 0xc9, 0xfa,
    0xc9, 0xfa, 0xc9, 0xfa, 0xc9, 0xfa, 0xc9, 0xfa, 0xc9, 0xfa, 0xc9, 0xfa,
    0xc9, 0xfa, 0xc9, 0xfa, 0xc9, 0xfa, 0xc9, 0xfa, 0xc9, 0xfa, 0xc8, 0xfa,
    0xc9, 0xfa, 0xc9, 0xfa, 0xc8, 0xfa, 0xc9, 0xfa, 0xc9, 0xfa, 0xc9, 0xfa,
    0xca, 0xa2, 0x00, 0x38, 0x00, 0x08, 0x00, 0x00, 0x00, 0x08, 0x20, 0x08,
    0x20, 0x00, 0xff, 0xff, 0xff, 0xff, 0xff, 0xff, 0xff, 0xff, 0x21, 0x08,
    0x00, 0x20, 0xc6, 0x59, 0xc9, 0xfa, 0xc9, 0xfa, 0xc9, 0xfa, 0xc9, 0xfa,
    0xc9, 0xfa, 0xc9, 0xfa, 0xc9, 0xfa, 0xc9, 0xfa, 0xc9, 0xfa, 0xc9, 0xfa,
    0xc8, 0xfa, 0xc9, 0xfa, 0xc9, 0xfa, 0xc9, 0xfa, 0xc9, 0xfa, 0xc9, 0xfa,
    0xc9, 0xfa, 0xc9, 0xfa, 0xc9, 0xfa, 0xc9, 0xfa, 0xc8, 0xfa, 0xc9, 0xfa,
    0xc9, 0xfa, 0xc8, 0xfa, 0x6c, 0xd3, 0x40, 0x68, 0x00, 0x08, 0x00, 0x08,
    0x00, 0x00, 0x20, 0x08, 0x20, 0x00, 0xff, 0xff, 0xff, 0xff, 0xff, 0xff,
    0xff, 0xff, 0xff, 0xff, 0xff, 0xff, 0xff, 0xff, 0xff, 0xff, 0xff, 0xff,
    0xff, 0xff, 0xff, 0xff, 0xff, 0xff, 0xff, 0xff, 0xff, 0xff, 0xff, 0xff,
    0xff, 0xff, 0xff, 0xff, 0xff, 0xff, 0xff, 0xff, 0xff, 0xff, 0xff, 0xff,
    0xff, 0xff, 0xff, 0xff, 0xff, 0xff, 0xff, 0xff, 0xff, 0xff, 0xff, 0xff,
    0xff, 0xff, 0xff, 0xff, 0xff, 0xff, 0xff, 0xff, 0xff, 0xff, 0xff, 0xff,
    0xff, 0xff, 0xff, 0xff, 0xff, 0xff, 0xff, 0xff, 0xff, 0xff, 0xff, 0xff,
    0xff, 0xff, 0xff, 0xff, 0xff, 0xff, 0xff, 0xff, 0x00, 0x08, 0x00, 0x08,
    0x43, 0x99, 0x2a, 0xe3, 0xc9, 0xfa, 0xc9, 0xfa, 0xc9, 0xfa, 0xc8, 0xfa,
    0xc9, 0xfa, 0xc9, 0xfa, 0xc9, 0xfa, 0xc9, 0xfa, 0xc9, 0xfa, 0xc9, 0xfa,
    0xc9, 0xfa, 0xc9, 0xfa, 0xc8, 0xfa, 0xc9, 0xfa, 0xc9, 0xfa, 0xc9, 0xfa,
    0xc9, 0xfa, 0xc9, 0xfa, 0xc9, 0xfa, 0xc9, 0xfa, 0xc9, 0xfa, 0xc9, 0xfa,
    0xc9, 0xfa, 0xc9, 0xfa, 0xa2, 0x28, 0x00, 0x10, 0x00, 0x00, 0x00, 0x00,
    0x20, 0x08, 0x00, 0x08, 0xff, 0xff, 0xff, 0xff, 0xff, 0xff, 0xff, 0xff,
    0xff, 0xff, 0x20, 0x00, 0x00, 0x48, 0x8d, 0xc3, 0xc9, 0xfa, 0xc9, 0xfa,
    0xc9, 0xfa, 0xc9, 0xfa, 0xc9, 0xfa, 0xc9, 0xfa, 0xc9, 0xfa, 0xc9, 0xfa,
    0xc9, 0xfa, 0xc9, 0xfa, 0xc9, 0xfa, 0xc8, 0xfa, 0xc9, 0xfa, 0xc9, 0xfa,
    0xc9, 0xfa, 0xc9, 0xfa, 0xc9, 0xfa, 0xc9, 0xfa, 0xc9, 0xfa, 0xc8, 0xfa,
    0xc9, 0xfa, 0xc9, 0xfa, 0xc8, 0xfa, 0xc9, 0xfa, 0x07, 0x7a, 0x00, 0x28,
    0x00, 0x08, 0x00, 0x08, 0x00, 0x00, 0x00, 0x08, 0x21, 0x00, 0xff, 0xff,
    0xff, 0xff, 0xff, 0xff, 0xff, 0xff, 0xff, 0xff, 0xff, 0xff, 0xff, 0xff,
    0xff, 0xff, 0xff, 0xff, 0xff, 0xff, 0xff, 0xff, 0xff, 0xff, 0xff, 0xff,
    0xff, 0xff, 0xff, 0xff, 0xff, 0xff, 0xff, 0xff, 0xff, 0xff, 0xff, 0xff,
    0xff, 0xff, 0xff, 0xff, 0xff, 0xff, 0xff, 0xff, 0xff, 0xff, 0xff, 0xff,
    0xff, 0xff, 0xff, 0xff, 0xff, 0xff, 0xff, 0xff, 0xff, 0xff, 0xff, 0xff,
    0xff, 0xff, 0xff, 0xff, 0xff, 0xff, 0xff, 0xff, 0xff, 0xff, 0xff, 0xff,
    0xff, 0xff, 0xff, 0xff, 0xff, 0xff, 0xff, 0xff, 0xff, 0xff, 0xff, 0xff,
    0xff, 0xff, 0xff, 0xff, 0xff, 0xff, 0xff, 0xff, 0xff, 0xff, 0xff, 0xff,
    0xff, 0xff, 0xff, 0xff, 0xff, 0xff, 0xff, 0xff, 0xff, 0xff, 0xff, 0xff,
    0xff, 0xff, 0xff, 0xff, 0xff, 0xff, 0xff, 0xff, 0xff, 0xff, 0xff, 0xff,
    0xff, 0xff, 0xff, 0xff, 0xff, 0xff, 0x00, 0x08, 0x00, 0x08, 0x47, 0xda,
    0xe9, 0xfa, 0xc9, 0xfa, 0xc9, 0xfa, 0xc8, 0xfa, 0xc9, 0xfa, 0xc9, 0xfa,
    0xc8, 0xfa, 0xc9, 0xfa, 0xc9, 0xfa, 0xc9, 0xfa, 0xc8, 0xfa, 0xc9, 0xfa,
    0xc9, 0xfa, 0xc9, 0xfa, 0xc9, 0xfa, 0xc9, 0xfa, 0xc9, 0xfa, 0xc9, 0xfa,
    0xc9, 0xfa, 0xc8, 0xfa, 0xc9, 0xfa, 0xc9, 0xfa, 0xc9, 0xfa, 0xe9, 0xf2,
    0x47, 0xda, 0x00, 0x08, 0x00, 0x08, 0x00, 0x00, 0x20, 0x08, 0x00, 0x08,
    0x00, 0x00, 0xff, 0xff, 0xff, 0xff, 0xff, 0xff, 0xff, 0xff, 0xff, 0xff,
    0xff, 0xff, 0xff, 0xff, 0xff, 0xff, 0xff, 0xff, 0xff, 0xff, 0xff, 0xff,
    0xff, 0xff, 0xff, 0xff, 0xff, 0xff, 0xff, 0xff, 0xff, 0xff, 0xff, 0xff,
    0x20, 0x08, 0x00, 0x28, 0x07, 0x7a, 0xc9, 0xfa, 0xc9, 0xfa, 0xc9, 0xfa,
    0xc9, 0xfa, 0xc9, 0xfa, 0xc9, 0xfa, 0xc9, 0xfa, 0xc9, 0xfa, 0xc8, 0xfa,
    0xc9, 0xfa, 0xc9, 0xfa, 0xc9, 0xfa, 0xc9, 0xfa, 0xc9, 0xfa, 0xc9, 0xfa,
    0xc9, 0xfa, 0xc9, 0xfa, 0xc9, 0xfa, 0xc9, 0xfa, 0xc9, 0xfa, 0xc9, 0xfa,
    0xc9, 0xfa, 0xc9, 0xfa, 0xc9, 0xfa, 0x6d, 0xc3, 0x00, 0x40, 0x00, 0x08,
    0x20, 0x08, 0x00, 0x08, 0x00, 0x08, 0x20, 0x00, 0xff, 0xff, 0xff, 0xff,
    0xff, 0xff, 0xff, 0xff, 0xff, 0xff, 0x00, 0x10, 0xa2, 0x28, 0xc9, 0xfa,
    0xc9, 0xfa, 0xc9, 0xfa, 0xc9, 0xfa, 0xc9, 0xfa, 0xc9, 0xfa, 0xc9, 0xfa,
    0xc9, 0xfa, 0xc9, 0xfa, 0xc9, 0xfa, 0xc9, 0xfa, 0xc9, 0xfa, 0xc9, 0xfa,
    0xc9, 0xfa, 0xc9, 0xfa, 0xc8, 0xfa, 0xc9, 0xfa, 0xc9, 0xfa, 0xc9, 0xfa,
    0xc9, 0xfa, 0xc9, 0xfa, 0xc9, 0xfa, 0xc9, 0xfa, 0xc9, 0xfa, 0x2a, 0xe3,
    0x23, 0x99, 0x00, 0x00, 0x00, 0x08, 0x00, 0x08, 0x00, 0x00, 0x00, 0x08,
    0x00, 0x08, 0xff, 0xff, 0xff, 0xff, 0xff, 0xff, 0xff, 0xff, 0xff, 0xff,
    0xff, 0xff, 0xff, 0xff, 0xff, 0xff, 0xff, 0xff, 0xff, 0xff, 0xff, 0xff,
    0xff, 0xff, 0xff, 0xff, 0xff, 0xff, 0xff, 0xff, 0xff, 0xff, 0xff, 0xff,
    0x20, 0x00, 0x00, 0x38, 0x0b, 0xab, 0xc9, 0xfa, 0xc9, 0xfa, 0xc9, 0xfa,
    0xc8, 0xfa, 0xc9, 0xfa, 0xc9, 0xfa, 0xc9, 0xfa, 0xc9, 0xfa, 0xc9, 0xfa,
    0xc9, 0xfa, 0xc9, 0xfa, 0xc9, 0xfa, 0xc9, 0xfa, 0xc8, 0xfa, 0xc9, 0xfa,
    0xc9, 0xfa, 0xc9, 0xfa, 0xc9, 0xfa, 0xc9, 0xfa, 0xc9, 0xfa, 0xc9, 0xfa,
    0xc9, 0xfa, 0xc9, 0xfa, 0xc9, 0xfa, 0xca, 0xa2, 0x00, 0x38, 0x00, 0x08,
    0x20, 0x08, 0x00, 0x08, 0x00, 0x08, 0x21, 0x00, 0xff, 0xff, 0xff, 0xff,
    0xff, 0xff, 0xff, 0xff, 0x21, 0x00, 0x00, 0x20, 0xc6, 0x59, 0xc9, 0xfa,
    0xc9, 0xfa, 0xc9, 0xfa, 0xc9, 0xfa, 0xc9, 0xfa, 0xc9, 0xfa, 0xc9, 0xfa,
    0xc9, 0xfa, 0xc9, 0xfa, 0xc9, 0xfa, 0xc9, 0xfa, 0xc9, 0xfa, 0xc9, 0xfa,
    0xc8, 0xfa, 0xc9, 0xfa, 0xc9, 0xfa, 0xc9, 0xfa, 0xc9, 0xfa, 0xc9, 0xfa,
    0xc9, 0xfa, 0xc9, 0xfa, 0xc9, 0xfa, 0xc9, 0xfa, 0xc9, 0xfa, 0x6c, 0xd3,
    0x40, 0x68, 0x00, 0x08, 0x20, 0x08, 0x00, 0x08, 0x00, 0x08, 0x20, 0x00,
    0xff, 0xff, 0xff, 0xff, 0xff, 0xff, 0xff, 0xff, 0xff, 0xff, 0xff, 0xff,
    0xff, 0xff, 0xff, 0xff, 0xff, 0xff, 0xff, 0xff, 0xff, 0xff, 0xff, 0xff,
    0xff, 0xff, 0xff, 0xff, 0xff, 0xff, 0xff, 0xff, 0xff, 0xff, 0xff, 0xff,
    0xff, 0xff, 0xff, 0xff, 0xff, 0xff, 0xff, 0xff, 0xff, 0xff, 0xff, 0xff,
    0xff, 0xff, 0xff, 0xff, 0xff, 0xff, 0xff, 0xff, 0xff, 0xff, 0xff, 0xff,
    0xff, 0xff, 0xff, 0xff, 0xff, 0xff, 0xff, 0xff, 0xff, 0xff, 0xff, 0xff,
    0xff, 0xff, 0xff, 0xff, 0xff, 0xff, 0xff, 0xff, 0xff, 0xff, 0xff, 0xff,
    0xff, 0xff, 0x00, 0x00, 0x00, 0x08, 0x23, 0x99, 0x2a, 0xe3, 0xc9, 0xfa,
    0xc9, 0xfa, 0xc9, 0xfa, 0xc9, 0xfa, 0xc9, 0xfa, 0xc9, 0xfa, 0xc8, 0xfa,
    0xc9, 0xfa, 0xc9, 0xfa, 0xc9, 0xfa, 0xc9, 0xfa, 0xc9, 0xfa, 0xc9, 0xfa,
    0xc9, 0xfa, 0xc8, 0xfa, 0xc9, 0xfa, 0xc9, 0xfa, 0xc9, 0xfa, 0xc9, 0xfa,
    0xc9, 0xfa, 0xc8, 0xfa, 0xc9, 0xfa, 0xc9, 0xfa, 0xc9, 0xfa, 0xa2, 0x28,
    0x00, 0x10, 0x00, 0x08, 0x00, 0x08, 0x00, 0x00, 0x00, 0x08, 0xff, 0xff,
    0xff, 0xff, 0xff, 0xff, 0xff, 0xff, 0xff, 0xff, 0x20, 0x00, 0x00, 0x48,
    0x6c, 0xc3, 0xc9, 0xfa, 0xc9, 0xfa, 0xc8, 0xfa, 0xc9, 0xfa, 0xc9, 0xfa,
    0xc9, 0xfa, 0xc8, 0xfa, 0xc9, 0xfa, 0xc9, 0xfa, 0xc8, 0xfa, 0xc9, 0xfa,
    0xc9, 0xfa, 0xc9, 0xfa, 0xc9, 0xfa, 0xc8, 0xfa, 0xc9, 0xfa, 0xc9, 0xfa,
    0xc9, 0xfa, 0xc9, 0xfa, 0xc9, 0xfa, 0xc9, 0xfa, 0xc9, 0xfa, 0xc9, 0xfa,
    0xc9, 0xfa, 0x07, 0x7a, 0x00, 0x30, 0x20, 0x08, 0x00, 0x08, 0x00, 0x08,
    0x20, 0x08, 0x20, 0x08, 0xff, 0xff, 0xff, 0xff, 0xff, 0xff, 0xff, 0xff,
    0xff, 0xff, 0xff, 0xff, 0xff, 0xff, 0xff, 0xff, 0xff, 0xff, 0xff, 0xff,
    0xff, 0xff, 0xff, 0xff, 0xff, 0xff, 0xff, 0xff, 0xff, 0xff, 0xff, 0xff,
    0xff, 0xff, 0xff, 0xff, 0xff, 0xff, 0xff, 0xff, 0xff, 0xff, 0xff, 0xff,
    0xff, 0xff, 0xff, 0xff, 0xff, 0xff, 0xff, 0xff, 0xff, 0xff, 0xff, 0xff,
    0xff, 0xff, 0xff, 0xff, 0xff, 0xff, 0xff, 0xff, 0xff, 0xff, 0xff, 0xff,
    0xff, 0xff, 0xff, 0xff, 0xff, 0xff, 0xff, 0xff, 0xff, 0xff, 0xff, 0xff,
    0xff, 0xff, 0xff, 0xff, 0xff, 0xff, 0xff, 0xff, 0xff, 0xff, 0xff, 0xff,
    0xff, 0xff, 0xff, 0xff, 0xff, 0xff, 0xff, 0xff, 0xff, 0xff, 0xff, 0xff,
    0xff, 0xff, 0xff, 0xff, 0xff, 0xff, 0xff, 0xff, 0xff, 0xff, 0xff, 0xff,
    0xff, 0xff, 0xff, 0xff, 0xff, 0xff, 0xff, 0xff, 0xff, 0xff, 0xff, 0xff,
    0x00, 0x08, 0x00, 0x08, 0x47, 0xda, 0xc9, 0xfa, 0xc9, 0xfa, 0xc9, 0xfa,
    0xc9, 0xfa, 0xc9, 0xfa, 0xc9, 0xfa, 0xc9, 0xfa, 0xc9, 0xfa, 0xc9, 0xfa,
    0xc9, 0xfa, 0xc9, 0xfa, 0xc9, 0xfa, 0xc9, 0xfa, 0xc8, 0xfa, 0xc9, 0xfa,
    0xc9, 0xfa, 0xc8, 0xfa, 0xc9, 0xfa, 0xc9, 0xfa, 0xc9, 0xfa, 0xc9, 0xfa,
    0xc9, 0xfa, 0xc9, 0xfa, 0xe9, 0xf2, 0x47, 0xda, 0x00, 0x08, 0x00, 0x08,
    0x00, 0x00, 0x00, 0x08, 0x00, 0x08, 0x20, 0x08, 0x20, 0x00, 0x20, 0x00,
    0x20, 0x00, 0x20, 0x00, 0x20, 0x00, 0x21, 0x00, 0x20, 0x00, 0x20, 0x00,
    0x21, 0x00, 0x20, 0x00, 0x21, 0x00, 0x20, 0x00, 0x21, 0x08, 0x20, 0x00,
    0x21, 0x00, 0x20, 0x00, 0x20, 0x08, 0x20, 0x08, 0x00, 0x28, 0x07, 0x7a,
    0xc9, 0xfa, 0xc9, 0xfa, 0xc9, 0xfa, 0xc8, 0xfa, 0xc9, 0xfa, 0xc9, 0xfa,
    0xc9, 0xfa, 0xc9, 0xfa, 0xc9, 0xfa, 0xc9, 0xfa, 0xc8, 0xfa, 0xc9, 0xfa,
    0xc9, 0xfa, 0xc9, 0xfa, 0xc9, 0xfa, 0xc8, 0xfa, 0xc9, 0xfa, 0xc9, 0xfa,
    0xc9, 0xfa, 0xc8, 0xfa, 0xc9, 0xfa, 0xc9, 0xfa, 0xc9, 0xfa, 0xc9, 0xfa,
    0x8c, 0xc3, 0x00, 0x48, 0x00, 0x08, 0x00, 0x08, 0x20, 0x00, 0x00, 0x08,
    0x20, 0x00, 0xff, 0xff, 0xff, 0xff, 0xff, 0xff, 0xff, 0xff, 0xff, 0xff,
    0x00, 0x10, 0xa2, 0x20, 0xc9, 0xfa, 0xc9, 0xfa, 0xc9, 0xfa, 0xc8, 0xfa,
    0xc9, 0xfa, 0xc9, 0xfa, 0xc9, 0xfa, 0xc8, 0xfa, 0xc9, 0xfa, 0xc9, 0xfa,
    0xc8, 0xfa, 0xc9, 0xfa, 0xc9, 0xfa, 0xc9, 0xfa, 0xc9, 0xfa, 0xc9, 0xfa,
    0xc9, 0xfa, 0xc9, 0xfa, 0xc9, 0xfa, 0xc9, 0xfa, 0xc8, 0xfa, 0xc9, 0xfa,
    0xc9, 0xfa, 0xc9, 0xfa, 0x2a, 0xe3, 0x43, 0xa1, 0x00, 0x08, 0x20, 0x08,
    0x20, 0x00, 0x00, 0x08, 0x20, 0x08, 0x00, 0x00, 0xff, 0xff, 0xff, 0xff,
    0xff, 0xff, 0xff, 0xff, 0xff, 0xff, 0xff, 0xff, 0xff, 0xff, 0xff, 0xff,
    0xff, 0xff, 0xff, 0xff, 0xff, 0xff, 0xff, 0xff, 0xff, 0xff, 0xff, 0xff,
    0xff, 0xff, 0xff, 0xff, 0xff, 0xff, 0x20, 0x00, 0x00, 0x38, 0x0b, 0xab,
    0xc9, 0xfa, 0xc9, 0xfa, 0xc9, 0xfa, 0xc9, 0xfa, 0xc9, 0xfa, 0xc9, 0xfa,
    0xc8, 0xfa, 0xc9, 0xfa, 0xc9, 0xfa, 0xc8, 0xfa, 0xc9, 0xfa, 0xc9, 0xfa,
    0xc9, 0xfa, 0xc9, 0xfa, 0xc9, 0xfa, 0xc9, 0xfa, 0xc8, 0xfa, 0xc9, 0xfa,
    0xc9, 0xfa, 0xc9, 0xfa, 0xc9, 0xfa, 0xc9, 0xfa, 0xc9, 0xfa, 0xc8, 0xfa,
    0xca, 0xa2, 0x00, 0x30, 0x00, 0x08, 0x00, 0x00, 0x00, 0x08, 0x00, 0x08,
    0x20, 0x00, 0xff, 0xff, 0xff, 0xff, 0xff, 0xff, 0xff, 0xff, 0x20, 0x00,
    0x00, 0x20, 0xe6, 0x59, 0xc9, 0xfa, 0xc9, 0xfa, 0xc9, 0xfa, 0xc8, 0xfa,
    0xc9, 0xfa, 0xc9, 0xfa, 0xc8, 0xfa, 0xc9, 0xfa, 0xc9, 0xfa, 0xc8, 0xfa,
    0xc9, 0xfa, 0xc9, 0xfa, 0xc9, 0xfa, 0xc9, 0xfa, 0xc9, 0xfa, 0xc8, 0xfa,
    0xc9, 0xfa, 0xc9, 0xfa, 0xc8, 0xfa, 0xc9, 0xfa, 0xc9, 0xfa, 0xc9, 0xfa,
    0xc9, 0xfa, 0xc9, 0xfa, 0x4c, 0xd3, 0x40, 0x68, 0x20, 0x08, 0x00, 0x08,
    0x00, 0x00, 0x00, 0x08, 0x21, 0x00, 0xff, 0xff, 0xff, 0xff, 0xff, 0xff,
    0xff, 0xff, 0xff, 0xff, 0xff, 0xff, 0xff, 0xff, 0xff, 0xff, 0xff, 0xff,
    0xff, 0xff, 0xff, 0xff, 0xff, 0xff, 0xff, 0xff, 0xff, 0xff, 0xff, 0xff,
    0xff, 0xff, 0xff, 0xff, 0xff, 0xff, 0xff, 0xff, 0xff, 0xff, 0xff, 0xff,
    0xff, 0xff, 0xff, 0xff, 0xff, 0xff, 0xff, 0xff, 0xff, 0xff, 0xff, 0xff,
    0xff, 0xff, 0xff, 0xff, 0xff, 0xff, 0xff, 0xff, 0xff, 0xff, 0xff, 0xff,
    0xff, 0xff, 0xff, 0xff, 0xff, 0xff, 0xff, 0xff, 0xff, 0xff, 0xff, 0xff,
    0xff, 0xff, 0xff, 0xff, 0xff, 0xff, 0xff, 0xff, 0x20, 0x08, 0x00, 0x08,
    0x43, 0x99, 0x2b, 0xe3, 0xc9, 0xfa, 0xc9, 0xfa, 0xc9, 0xfa, 0xc9, 0xfa,
    0xc9, 0xfa, 0xc9, 0xfa, 0xc9, 0xfa, 0xc9, 0xfa, 0xc8, 0xfa, 0xc9, 0xfa,
    0xc9, 0xfa, 0xc8, 0xfa, 0xc9, 0xfa, 0xc9, 0xfa, 0xc9, 0xfa, 0xc9, 0xfa,
    0xc8, 0xfa, 0xc9, 0xfa, 0xc9, 0xfa, 0xc9, 0xfa, 0xc9, 0xfa, 0xc9, 0xfa,
    0xc9, 0xfa, 0xc8, 0xfa, 0xa2, 0x28, 0x00, 0x10, 0x00, 0x08, 0x20, 0x08,
    0x00, 0x08, 0x00, 0x00, 0xff, 0xff, 0xff, 0xff, 0xff, 0xff, 0xff, 0xff,
    0xff, 0xff, 0x21, 0x00, 0x00, 0x48, 0x8c, 0xc3, 0xc9, 0xfa, 0xc9, 0xfa,
    0xc9, 0xfa, 0xc9, 0xfa, 0xc9, 0xfa, 0xc9, 0xfa, 0xc9, 0xfa, 0xc9, 0xfa,
    0xc9, 0xfa, 0xc9, 0xfa, 0xc9, 0xfa, 0xc9, 0xfa, 0xc9, 0xfa, 0xc9, 0xfa,
    0xc9, 0xfa, 0xc9, 0xfa, 0xc9, 0xfa, 0xc8, 0xfa, 0xc9, 0xfa, 0xc9, 0xfa,
    0xc9, 0xfa, 0xc9, 0xfa, 0xc9, 0xfa, 0xc9, 0xfa, 0x07, 0x7a, 0x00, 0x28,
    0x00, 0x08, 0x00, 0x00, 0x20, 0x08, 0x00, 0x08, 0x20, 0x00, 0x20, 0x08,
    0x20, 0x00, 0x21, 0x00, 0x20, 0x08, 0x20, 0x00, 0x21, 0x00, 0x20, 0x00,
    0x21, 0x00, 0x20, 0x00, 0x21, 0x00, 0x20, 0x00, 0x21, 0x00, 0x21, 0x00,
    0x20, 0x00, 0x21, 0x00, 0x21, 0x00, 0x20, 0x00, 0x21, 0x00, 0x21, 0x00,
    0x20, 0x00, 0x21, 0x00, 0x21, 0x00, 0x20, 0x00, 0x21, 0x00, 0x20, 0x00,
    0x20, 0x00, 0x21, 0x00, 0x20, 0x00, 0x20, 0x00, 0x21, 0x00, 0x20, 0x00,
    0x20, 0x00, 0x21, 0x00, 0x20, 0x00, 0x20, 0x00, 0x21, 0x00, 0x20, 0x00,
    0x20, 0x00, 0x21, 0x00, 0x20, 0x00, 0x20, 0x00, 0x21, 0x00, 0x20, 0x08,
    0x20, 0x00, 0x21, 0x00, 0xff, 0xff, 0xff, 0xff, 0xff, 0xff, 0xff, 0xff,
    0xff, 0xff, 0xff, 0xff, 0xff, 0xff, 0xff, 0xff, 0xff, 0xff, 0xff, 0xff,
    0xff, 0xff, 0xff, 0xff, 0xff, 0xff, 0xff, 0xff, 0xff, 0xff, 0xff, 0xff,
    0xff, 0xff, 0xff, 0xff, 0xff, 0xff, 0x00, 0x08, 0x20, 0x00, 0xa8, 0xca,
    0x2a, 0xe3, 0x2a, 0xe3, 0x2a, 0xe3, 0x2a, 0xe3, 0x2a, 0xe3, 0x2a, 0xe3,
    0x2a, 0xe3, 0x2a, 0xe3, 0x2a, 0xe3, 0x2a, 0xe3, 0x2a, 0xe3, 0xe9, 0xf2,
    0xe9, 0xf2, 0xc9, 0xfa, 0xc9, 0xfa, 0xc9, 0xfa, 0xc9, 0xfa, 0xc9, 0xfa,
    0xc9, 0xfa, 0xc9, 0xfa, 0xc9, 0xfa, 0xc9, 0xfa, 0xc9, 0xfa, 0xc9, 0xf2,
    0x47, 0xda, 0x00, 0x28, 0x00, 0x20, 0x00, 0x28, 0x00, 0x20, 0x00, 0x20,
    0x00, 0x28, 0x00, 0x28, 0x00, 0x28, 0x00, 0x28, 0x00, 0x28, 0x00, 0x28,
    0x00, 0x28, 0x00, 0x28, 0x00, 0x28, 0x00, 0x28, 0x00, 0x28, 0x00, 0x28,
    0x00, 0x28, 0x00, 0x28, 0x00, 0x28, 0x00, 0x28, 0x00, 0x28, 0x00, 0x28,
    0x00, 0x20, 0x00, 0x40, 0x06, 0x82, 0xc9, 0xfa, 0xc9, 0xfa, 0xc9, 0xfa,
    0xc9, 0xfa, 0xc9, 0xfa, 0xc9, 0xfa, 0xc8, 0xfa, 0xc9, 0xfa, 0xc9, 0xfa,
    0xc9, 0xfa, 0xc9, 0xfa, 0xc9, 0xfa, 0x2a, 0xe3, 0x2a, 0xe3, 0x2a, 0xe3,
    0x2a, 0xe3, 0x2a, 0xe3, 0x2a, 0xe3, 0x2a, 0xe3, 0x2a, 0xe3, 0x2a, 0xe3,
    0x2a, 0xe3, 0x2a, 0xe3, 0x2a, 0xe3, 0x8d, 0xbb, 0x00, 0x38, 0x00, 0x08,
    0x00, 0x08, 0x00, 0x08, 0x20, 0x08, 0x21, 0x00, 0xff, 0xff, 0xff, 0xff,
    0xff, 0xff, 0xff, 0xff, 0xff, 0xff, 0x00, 0x10, 0xa2, 0x28, 0xc9, 0xfa,
    0xc9, 0xfa, 0xc9, 0xfa, 0xc9, 0xfa, 0xc9, 0xfa, 0xc9, 0xfa, 0xc9, 0xfa,
    0xc9, 0xfa, 0xc9, 0xfa, 0xc9, 0xfa, 0xc9, 0xfa, 0xc9, 0xfa, 0xc9, 0xfa,
    0xc8, 0xfa, 0xc9, 0xfa, 0xc9, 0xfa, 0xc9, 0xfa, 0xc8, 0xfa, 0xc9, 0xfa,
    0xc9, 0xfa, 0xc9, 0xfa, 0xc9, 0xfa, 0xc9, 0xfa, 0xc9, 0xfa, 0x2a, 0xdb,
    0x23, 0x99, 0x00, 0x08, 0x00, 0x08, 0x00, 0x08, 0x00, 0x08, 0x20, 0x08,
    0x00, 0x08, 0xff, 0xff, 0xff, 0xff, 0xff, 0xff, 0xff, 0xff, 0xff, 0xff,
    0xff, 0xff, 0xff, 0xff, 0xff, 0xff, 0xff, 0xff, 0xff, 0xff, 0xff, 0xff,
    0xff, 0xff, 0xff, 0xff, 0xff, 0xff, 0xff, 0xff, 0xff, 0xff, 0xff, 0xff,
    0x21, 0x00, 0x00, 0x38, 0x0b, 0xab, 0xc9, 0xfa, 0xc9, 0xfa, 0xc9, 0xfa,
    0xc9, 0xfa, 0xc9, 0xfa, 0xc9, 0xfa, 0xc9, 0xfa, 0xc9, 0xfa, 0xc9, 0xfa,
    0xc9, 0xfa, 0xc8, 0xfa, 0xc9, 0xfa, 0xc9, 0xfa, 0xc9, 0xfa, 0xc9, 0xfa,
    0xc9, 0xfa, 0xc9, 0xfa, 0xc9, 0xfa, 0xc9, 0xfa, 0xc8, 0xfa, 0xc9, 0xfa,
    0xc9, 0xfa, 0xc9, 0xfa, 0xc9, 0xfa, 0xca, 0xa2, 0x00, 0x38, 0x00, 0x08,
    0x20, 0x00, 0x00, 0x08, 0x20, 0x08, 0x20, 0x00, 0xff, 0xff, 0xff, 0xff,
    0xff, 0xff, 0xff, 0xff, 0x20, 0x08, 0x00, 0x20, 0xc6, 0x59, 0xc9, 0xfa,
    0xc9, 0xfa, 0xc9, 0xfa, 0xc9, 0xfa, 0xc9, 0xfa, 0xc9, 0xfa, 0xc9, 0xfa,
    0xc9, 0xfa, 0xc9, 0xfa, 0xc9, 0xfa, 0xc9, 0xfa, 0xc9, 0xfa, 0xc9, 0xfa,
    0xc9, 0xfa, 0xc9, 0xfa, 0xc9, 0xfa, 0xc9, 0xfa, 0xc9, 0xfa, 0xc9, 0xfa,
    0xc9, 0xfa, 0xc9, 0xfa, 0xc8, 0xfa, 0xc9, 0xfa, 0xc9, 0xfa, 0x6c, 0xd3,
    0x40, 0x68, 0x00, 0x08, 0x00, 0x08, 0x20, 0x08, 0x00, 0x08, 0x20, 0x00,
    0xff, 0xff, 0xff, 0xff, 0xff, 0xff, 0xff, 0xff, 0xff, 0xff, 0xff, 0xff,
    0xff, 0xff, 0xff, 0xff, 0xff, 0xff, 0xff, 0xff, 0xff, 0xff, 0xff, 0xff,
    0xff, 0xff, 0xff, 0xff, 0xff, 0xff, 0xff, 0xff, 0xff, 0xff, 0xff, 0xff,
    0xff, 0xff, 0xff, 0xff, 0xff, 0xff, 0xff, 0xff, 0xff, 0xff, 0xff, 0xff,
    0xff, 0xff, 0xff, 0xff, 0xff, 0xff, 0xff, 0xff, 0xff, 0xff, 0xff, 0xff,
    0xff, 0xff, 0xff, 0xff, 0xff, 0xff, 0xff, 0xff, 0xff, 0xff, 0xff, 0xff,
    0xff, 0xff, 0xff, 0xff, 0xff, 0xff, 0xff, 0xff, 0xff, 0xff, 0xff, 0xff,
    0xff, 0xff, 0x00, 0x08, 0x00, 0x08, 0x23, 0xa1, 0x2a, 0xe3, 0xc9, 0xfa,
    0xc9, 0xfa, 0xc9, 0xfa, 0xc8, 0xfa, 0xc9, 0xfa, 0xc9, 0xfa, 0xc9, 0xfa,
    0xc9, 0xfa, 0xc9, 0xfa, 0xc9, 0xfa, 0xc9, 0xfa, 0xc9, 0xfa, 0xc9, 0xfa,
    0xc9, 0xfa, 0xc9, 0xfa, 0xc9, 0xfa, 0xc9, 0xfa, 0xc9, 0xfa, 0xc9, 0xfa,
    0xc8, 0xfa, 0xc9, 0xfa, 0xc9, 0xfa, 0xc9, 0xfa, 0xc9, 0xfa, 0xa2, 0x20,
    0x00, 0x10, 0x00, 0x00, 0x20, 0x08, 0x00, 0x08, 0x00, 0x08, 0xff, 0xff,
    0xff, 0xff, 0xff, 0xff, 0xff, 0xff, 0xff, 0xff, 0x20, 0x00, 0x00, 0x48,
    0x8d, 0xc3, 0xc9, 0xfa, 0xc9, 0xfa, 0xc9, 0xfa, 0xc9, 0xfa, 0xc8, 0xfa,
    0xc9, 0xfa, 0xc9, 0xfa, 0xc9, 0xfa, 0xc9, 0xfa, 0xc9, 0xfa, 0xc9, 0xfa,
    0xc8, 0xfa, 0xc9, 0xfa, 0xc9, 0xfa, 0xc9, 0xfa, 0xc9, 0xfa, 0xc9, 0xfa,
    0xc9, 0xfa, 0xc9, 0xfa, 0xc9, 0xfa, 0xc8, 0xfa, 0xc9, 0xfa, 0xc9, 0xfa,
    0xc9, 0xfa, 0x26, 0x82, 0x00, 0x40, 0x00, 0x28, 0x00, 0x20, 0x00, 0x20,
    0x00, 0x28, 0x00, 0x20, 0x00, 0x28, 0x00, 0x28, 0x00, 0x28, 0x00, 0x28,
    0x00, 0x28, 0x00, 0x28, 0x00, 0x28, 0x00, 0x28, 0x00, 0x28, 0x00, 0x28,
    0x00, 0x28, 0x00, 0x28, 0x00, 0x28, 0x00, 0x28, 0x00, 0x28, 0x00, 0x28,
    0x00, 0x28, 0x00, 0x28, 0x00, 0x28, 0x00, 0x28, 0x00, 0x28, 0x00, 0x28,
    0x00, 0x28, 0x00, 0x28, 0x00, 0x28, 0x00, 0x28, 0x00, 0x28, 0x00, 0x28,
    0x00, 0x28, 0x00, 0x28, 0x00, 0x28, 0x00, 0x28, 0x00, 0x28, 0x00, 0x28,
    0x00, 0x28, 0x00, 0x28, 0x00, 0x28, 0x00, 0x28, 0x00, 0x28, 0x00, 0x28,
    0x00, 0x28, 0x00, 0x28, 0x00, 0x28, 0x00, 0x28, 0x00, 0x28, 0x20, 0x08,
    0xff, 0xff, 0xff, 0xff, 0xff, 0xff, 0xff, 0xff, 0xff, 0xff, 0xff, 0xff,
    0xff, 0xff, 0xff, 0xff, 0xff, 0xff, 0xff, 0xff, 0xff, 0xff, 0xff, 0xff,
    0xff, 0xff, 0xff, 0xff, 0xff, 0xff, 0xff, 0xff, 0xff, 0xff, 0xff, 0xff,
    0x00, 0x08, 0x00, 0x08, 0x84, 0xa1, 0xe6, 0xb1, 0xa5, 0xb9, 0xa5, 0xb9,
    0xa5, 0xb9, 0xa5, 0xb9, 0xa5, 0xb9, 0xa5, 0xb9, 0xa5, 0xb9, 0xa5, 0xb9,
    0xa5, 0xb9, 0xa5, 0xb9, 0xa5, 0xb9, 0xe9, 0xf2, 0xc9, 0xfa, 0xc9, 0xfa,
    0xc9, 0xfa, 0xc9, 0xfa, 0xc9, 0xfa, 0xc8, 0xfa, 0xc9, 0xfa, 0xc9, 0xfa,
    0xc8, 0xfa, 0xc9, 0xfa, 0xc9, 0xfa, 0x87, 0xda, 0x24, 0x51, 0x24, 0x51,
    0x24, 0x51, 0x24, 0x51, 0x24, 0x51, 0x24, 0x51, 0x24, 0x51, 0x24, 0x51,
    0x24, 0x51, 0x24, 0x51, 0x24, 0x51, 0x24, 0x51, 0x24, 0x51, 0x24, 0x51,
    0x24, 0x51, 0x24, 0x51, 0x24, 0x51, 0x24, 0x51, 0x24, 0x51, 0x24, 0x51,
    0x24, 0x51, 0x24, 0x51, 0x24, 0x51, 0x24, 0x51, 0xa1, 0x70, 0xa8, 0xaa,
    0xc9, 0xfa, 0xc9, 0xfa, 0xc9, 0xfa, 0xc9, 0xfa, 0xc9, 0xfa, 0xc9, 0xfa,
    0xc9, 0xfa, 0xc9, 0xfa, 0xc9, 0xfa, 0xc9, 0xfa, 0xc9, 0xfa, 0xc9, 0xfa,
    0x27, 0xca, 0xc5, 0xb9, 0xa5, 0xb9, 0xc5, 0xb9, 0xa5, 0xb9, 0xc5, 0xb9,
    0xa5, 0xb9, 0xc5, 0xb9, 0xa5, 0xb9, 0xc5, 0xb9, 0xa5, 0xb9, 0xc5, 0xb9,
    0x48, 0x8a, 0x00, 0x38, 0x20, 0x00, 0x00, 0x08, 0x00, 0x08, 0x00, 0x08,
    0x20, 0x00, 0xff, 0xff, 0xff, 0xff, 0xff, 0xff, 0xff, 0xff, 0xff, 0xff,
    0x00, 0x10, 0xa2, 0x28, 0xc9, 0xfa, 0xc9, 0xfa, 0xc9, 0xfa, 0xc9, 0xfa,
    0xc8, 0xfa, 0xc9, 0xfa, 0xc9, 0xfa, 0xc9, 0xfa, 0xc9, 0xfa, 0xc9, 0xfa,
    0xc9, 0xfa, 0xc9, 0xfa, 0xc9, 0xfa, 0xc9, 0xfa, 0xc9, 0xfa, 0xc9, 0xfa,
    0xc9, 0xfa, 0xc9, 0xfa, 0xc9, 0xfa, 0xc9, 0xfa, 0xc9, 0xfa, 0xc9, 0xfa,
    0xc9, 0xfa, 0xc9, 0xfa, 0x2a, 0xe3, 0x23, 0xa1, 0x00, 0x08, 0x20, 0x00,
    0x00, 0x08, 0x00, 0x00, 0x00, 0x08, 0x00, 0x08, 0xff, 0xff, 0xff, 0xff,
    0xff, 0xff, 0xff, 0xff, 0xff, 0xff, 0xff, 0xff, 0xff, 0xff, 0xff, 0xff,
    0xff, 0xff, 0xff, 0xff, 0xff, 0xff, 0xff, 0xff, 0xff, 0xff, 0xff, 0xff,
    0xff, 0xff, 0xff, 0xff, 0xff, 0xff, 0x20, 0x08, 0x00, 0x38, 0x0b, 0xab,
    0xc9, 0xfa, 0xc9, 0xfa, 0xc8, 0xfa, 0xc9, 0xfa, 0xc9, 0xfa, 0xc8, 0xfa,
    0xc9, 0xfa, 0xc9, 0xfa, 0xc9, 0xfa, 0xc9, 0xfa, 0xc9, 0xfa, 0xc9, 0xfa,
    0xc9, 0xfa, 0xc8, 0xfa, 0xc9, 0xfa, 0xc9, 0xfa, 0xc9, 0xfa, 0xc9, 0xfa,
    0xc9, 0xfa, 0xc9, 0xfa, 0xc9, 0xfa, 0xc9, 0xfa, 0xc9, 0xfa, 0xc9, 0xfa,
    0xca, 0xa2, 0x00, 0x30, 0x00, 0x08, 0x00, 0x08, 0x20, 0x08, 0x00, 0x08,
    0x20, 0x00, 0xff, 0xff, 0xff, 0xff, 0xff, 0xff, 0xff, 0xff, 0x21, 0x00,
    0x00, 0x20, 0xc6, 0x59, 0xc9, 0xfa, 0xc9, 0xfa, 0xc9, 0xfa, 0xc9, 0xfa,
    0xc9, 0xfa, 0xc9, 0xfa, 0xc9, 0xfa, 0xc8, 0xfa, 0xc9, 0xfa, 0xc9, 0xfa,
    0xc9, 0xfa, 0xc8, 0xfa, 0xc9, 0xfa, 0xc9, 0xfa, 0xc8, 0xfa, 0xc9, 0xfa,
    0xc9, 0xfa, 0xc9, 0xfa, 0xc9, 0xfa, 0xc9, 0xfa, 0xc9, 0xfa, 0xc9, 0xfa,
    0xc9, 0xfa, 0xc9, 0xfa, 0x6c, 0xd3, 0x40, 0x68, 0x00, 0x08, 0x00, 0x08,
    0x20, 0x00, 0x00, 0x08, 0x20, 0x00, 0xff, 0xff, 0xff, 0xff, 0xff, 0xff,
    0xff, 0xff, 0xff, 0xff, 0xff, 0xff, 0xff, 0xff, 0xff, 0xff, 0xff, 0xff,
    0xff, 0xff, 0xff, 0xff, 0xff, 0xff, 0xff, 0xff, 0xff, 0xff, 0xff, 0xff,
    0xff, 0xff, 0xff, 0xff, 0xff, 0xff, 0xff, 0xff, 0xff, 0xff, 0xff, 0xff,
    0xff, 0xff, 0xff, 0xff, 0xff, 0xff, 0xff, 0xff, 0xff, 0xff, 0xff, 0xff,
    0xff, 0xff, 0xff, 0xff, 0xff, 0xff, 0xff, 0xff, 0xff, 0xff, 0xff, 0xff,
    0xff, 0xff, 0xff, 0xff, 0xff, 0xff, 0xff, 0xff, 0xff, 0xff, 0xff, 0xff,
    0xff, 0xff, 0xff, 0xff, 0xff, 0xff, 0xff, 0xff, 0x00, 0x08, 0x00, 0x00,
    0x43, 0x99, 0x2a, 0xe3, 0xc9, 0xfa, 0xc9, 0xfa, 0xc9, 0xfa, 0xc9, 0xfa,
    0xc9, 0xfa, 0xc9, 0xfa, 0xc8, 0xfa, 0xc9, 0xfa, 0xc9, 0xfa, 0xc9, 0xfa,
    0xc9, 0xfa, 0xc9, 0xfa, 0xc9, 0xfa, 0xc8, 0xfa, 0xc9, 0xfa, 0xc9, 0xfa,
    0xc9, 0xfa, 0xc9, 0xfa, 0xc9, 0xfa, 0xc9, 0xfa, 0xc9, 0xfa, 0xc9, 0xfa,
    0xc9, 0xfa, 0xc9, 0xfa, 0xa2, 0x28, 0x00, 0x10, 0x00, 0x08, 0x00, 0x00,
    0x20, 0x08, 0x00, 0x08, 0xff, 0xff, 0xff, 0xff, 0xff, 0xff, 0xff, 0xff,
    0xff, 0xff, 0x20, 0x00, 0x00, 0x48, 0x6d, 0xc3, 0xc9, 0xfa, 0xc9, 0xfa,
    0xc9, 0xfa, 0xc9, 0xfa, 0xc9, 0xfa, 0xc9, 0xfa, 0xc9, 0xfa, 0xc8, 0xfa,
    0xc9, 0xfa, 0xc9, 0xfa, 0xc9, 0xfa, 0xc9, 0xfa, 0xc9, 0xfa, 0xc9, 0xfa,
    0xc8, 0xfa, 0xc9, 0xfa, 0xc9, 0xfa, 0xc9, 0xfa, 0xc9, 0xfa, 0xc9, 0xfa,
    0xc9, 0xfa, 0xc9, 0xfa, 0xc9, 0xfa, 0xc9, 0xfa, 0xa8, 0xa2, 0xa1, 0x70,
    0x24, 0x51, 0x24, 0x51, 0x24, 0x51, 0x24, 0x51, 0x24, 0x51, 0x24, 0x51,
    0x24, 0x51, 0x24, 0x51, 0x24, 0x51, 0x24, 0x51, 0x24, 0x51, 0x24, 0x51,
    0x24, 0x51, 0x24, 0x51, 0x24, 0x51, 0x24, 0x51, 0x24, 0x51, 0x24, 0x51,
    0x24, 0x51, 0x24, 0x51, 0x24, 0x51, 0x24, 0x51, 0x24, 0x51, 0x24, 0x51,
    0x24, 0x51, 0x24, 0x51, 0x24, 0x51, 0x24, 0x51, 0x24, 0x51, 0x24, 0x51,
    0x24, 0x51, 0x24, 0x51, 0x24, 0x51, 0x24, 0x51, 0x24, 0x51, 0x24, 0x51,
    0x24, 0x51, 0x24, 0x51, 0x24, 0x51, 0x24, 0x51, 0x24, 0x51, 0x24, 0x51,
    0x24, 0x51, 0x24, 0x51, 0x24, 0x51, 0x24, 0x51, 0x24, 0x51, 0x24, 0x51,
    0x24, 0x51, 0x03, 0x49, 0x20, 0x08, 0x20, 0x08, 0xff, 0xff, 0xff, 0xff,
    0xff, 0xff, 0xff, 0xff, 0xff, 0xff, 0xff, 0xff, 0xff, 0xff, 0xff, 0xff,
    0xff, 0xff, 0xff, 0xff, 0xff, 0xff, 0xff, 0xff, 0xff, 0xff, 0xff, 0xff,
    0xff, 0xff, 0xff, 0xff, 0xff, 0xff, 0x20, 0x00, 0x20, 0x08, 0x00, 0x10,
    0x00, 0x10, 0x00, 0x10, 0x00, 0x10, 0x00, 0x10, 0x00, 0x10, 0x00, 0x10,
    0x00, 0x10, 0x00, 0x10, 0x00, 0x10, 0x00, 0x10, 0x00, 0x10, 0x00, 0x48,
    0x6c, 0xcb, 0xc9, 0xfa, 0xc9, 0xfa, 0xc9, 0xfa, 0xc9, 0xfa, 0xc9, 0xfa,
    0xc9, 0xfa, 0xc9, 0xfa, 0xc9, 0xfa, 0xc9, 0xfa, 0xc9, 0xfa, 0xc9, 0xfa,
    0xc9, 0xfa, 0xe9, 0xf2, 0xe9, 0xf2, 0xe9, 0xf2, 0xe9, 0xf2, 0xe9, 0xf2,
    0xe9, 0xf2, 0xe9, 0xf2, 0xea, 0xf2, 0xe9, 0xf2, 0xe9, 0xf2, 0xea, 0xf2,
    0xe9, 0xf2, 0xe9, 0xf2, 0xe9, 0xf2, 0xe9, 0xf2, 0xe9, 0xf2, 0xe9, 0xf2,
    0xe9, 0xf2, 0xe9, 0xf2, 0xe9, 0xf2, 0xe9, 0xf2, 0xea, 0xf2, 0xe9, 0xf2,
    0xe9, 0xf2, 0xe9, 0xfa, 0xe9, 0xfa, 0xc9, 0xfa, 0xc9, 0xfa, 0xc9, 0xfa,
    0xc8, 0xfa, 0xc9, 0xfa, 0xc9, 0xfa, 0xc9, 0xfa, 0xc8, 0xfa, 0xc9, 0xfa,
    0xc9, 0xfa, 0xc8, 0xfa, 0xc9, 0xfa, 0xe2, 0x38, 0x00, 0x20, 0x00, 0x10,
    0x00, 0x10, 0x00, 0x10, 0x00, 0x10, 0x00, 0x10, 0x00, 0x10, 0x00, 0x10,
    0x00, 0x10, 0x00, 0x10, 0x00, 0x10, 0x00, 0x08, 0x00, 0x08, 0x00, 0x08,
    0x00, 0x00, 0x20, 0x08, 0x00, 0x08, 0x20, 0x00, 0xff, 0xff, 0xff, 0xff,
    0xff, 0xff, 0xff, 0xff, 0xff, 0xff, 0x00, 0x10, 0xa2, 0x28, 0xc9, 0xfa,
    0xc9, 0xfa, 0xc9, 0xfa, 0xc9, 0xfa, 0xc9, 0xfa, 0xc9, 0xfa, 0xc8, 0xfa,
    0xc9, 0xfa, 0xc9, 0xfa, 0xc8, 0xfa, 0xc9, 0xfa, 0xc9, 0xfa, 0xc8, 0xfa,
    0xc9, 0xfa, 0xc9, 0xfa, 0xc8, 0xfa, 0xc9, 0xfa, 0xc9, 0xfa, 0xc9, 0xfa,
    0xc8, 0xfa, 0xc9, 0xfa, 0xc9, 0xfa, 0xc9, 0xfa, 0xc9, 0xfa, 0x2a, 0xe3,
    0x43, 0x99, 0x00, 0x08, 0x00, 0x08, 0x20, 0x08, 0x00, 0x00, 0x00, 0x08,
    0x20, 0x08, 0xff, 0xff, 0xff, 0xff, 0xff, 0xff, 0xff, 0xff, 0xff, 0xff,
    0xff, 0xff, 0xff, 0xff, 0xff, 0xff, 0xff, 0xff, 0xff, 0xff, 0xff, 0xff,
    0xff, 0xff, 0xff, 0xff, 0xff, 0xff, 0xff, 0xff, 0xff, 0xff, 0xff, 0xff,
    0x20, 0x00, 0x00, 0x38, 0x0b, 0xab, 0xc9, 0xfa, 0xc9, 0xfa, 0xc9, 0xfa,
    0xc9, 0xfa, 0xc9, 0xfa, 0xc9, 0xfa, 0xc9, 0xfa, 0xc9, 0xfa, 0xc8, 0xfa,
    0xc9, 0xfa, 0xc9, 0xfa, 0xc9, 0xfa, 0xc9, 0xfa, 0xc9, 0xfa, 0xc9, 0xfa,
    0xc8, 0xfa, 0xc9, 0xfa, 0xc9, 0xfa, 0xc8, 0xfa, 0xc9, 0xfa, 0xc9, 0xfa,
    0xc8, 0xfa, 0xc9, 0xfa, 0xc9, 0xfa, 0xca, 0xa2, 0x00, 0x38, 0x00, 0x08,
    0x00, 0x08, 0x00, 0x00, 0x00, 0x08, 0x20, 0x00, 0xff, 0xff, 0xff, 0xff,
    0xff, 0xff, 0xff, 0xff, 0x20, 0x00, 0x00, 0x20, 0xc6, 0x59, 0xc9, 0xfa,
    0xc9, 0xfa, 0xc9, 0xfa, 0xc9, 0xfa, 0xc8, 0xfa, 0xc9, 0xfa, 0xc9, 0xfa,
    0xc9, 0xfa, 0xc9, 0xfa, 0xc9, 0xfa, 0xc9, 0xfa, 0xc9, 0xfa, 0xc9, 0xfa,
    0xc9, 0xfa, 0xc9, 0xfa, 0xc9, 0xfa, 0xc9, 0xfa, 0xc8, 0xfa, 0xc9, 0xfa,
    0xc9, 0xfa, 0xc8, 0xfa, 0xc9, 0xfa, 0xc9, 0xfa, 0xc8, 0xfa, 0x4c, 0xcb,
    0x40, 0x68, 0x00, 0x08, 0x20, 0x08, 0x00, 0x08, 0x00, 0x08, 0x20, 0x00,
    0xff, 0xff, 0xff, 0xff, 0xff, 0xff, 0xff, 0xff, 0xff, 0xff, 0xff, 0xff,
    0xff, 0xff, 0xff, 0xff, 0xff, 0xff, 0xff, 0xff, 0xff, 0xff, 0xff, 0xff,
    0xff, 0xff, 0xff, 0xff, 0xff, 0xff, 0xff, 0xff, 0xff, 0xff, 0xff, 0xff,
    0xff, 0xff, 0xff, 0xff, 0xff, 0xff, 0xff, 0xff, 0xff, 0xff, 0xff, 0xff,
    0xff, 0xff, 0xff, 0xff, 0xff, 0xff, 0xff, 0xff, 0xff, 0xff, 0xff, 0xff,
    0xff, 0xff, 0xff, 0xff, 0xff, 0xff, 0xff, 0xff, 0xff, 0xff, 0xff, 0xff,
    0xff, 0xff, 0xff, 0xff, 0xff, 0xff, 0xff, 0xff, 0xff, 0xff, 0xff, 0xff,
    0xff, 0xff, 0x00, 0x08, 0x00, 0x08, 0x43, 0x99, 0x2b, 0xe3, 0xc9, 0xfa,
    0xc9, 0xfa, 0xc9, 0xfa, 0xc9, 0xfa, 0xc9, 0xfa, 0xc9, 0xfa, 0xc9, 0xfa,
    0xc9, 0xfa, 0xc9, 0xfa, 0xc8, 0xfa, 0xc9, 0xfa, 0xc9, 0xfa, 0xc9, 0xfa,
    0xc9, 0xfa, 0xc9, 0xfa, 0xc9, 0xfa, 0xc8, 0xfa, 0xc9, 0xfa, 0xc9, 0xfa,
    0xc9, 0xfa, 0xc9, 0xfa, 0xc8, 0xfa, 0xc9, 0xfa, 0xc9, 0xfa, 0xa2, 0x28,
    0x00, 0x10, 0x00, 0x08, 0x00, 0x08, 0x00, 0x00, 0x20, 0x08, 0xff, 0xff,
    0xff, 0xff, 0xff, 0xff, 0xff, 0xff, 0xff, 0xff, 0x20, 0x00, 0x00, 0x48,
    0x8c, 0xc3, 0xc9, 0xfa, 0xc9, 0xfa, 0xc9, 0xfa, 0xc9, 0xfa, 0xc9, 0xfa,
    0xc9, 0xfa, 0xc9, 0xfa, 0xc9, 0xfa, 0xc9, 0xfa, 0xc9, 0xfa, 0xc8, 0xfa,
    0xc9, 0xfa, 0xc9, 0xfa, 0xc9, 0xfa, 0xc9, 0xfa, 0xc9, 0xfa, 0xc8, 0xfa,
    0xc9, 0xfa, 0xc9, 0xfa, 0xc8, 0xfa, 0xc9, 0xfa, 0xc9, 0xfa, 0xc9, 0xfa,
    0xc9, 0xfa, 0xe9, 0xfa, 0xe9, 0xfa, 0xe9, 0xf2, 0xe9, 0xf2, 0xe9, 0xf2,
    0xe9, 0xf2, 0xe9, 0xf2, 0xe9, 0xf2, 0xe9, 0xf2, 0xea, 0xf2, 0xe9, 0xf2,
    0xe9, 0xf2, 0xe9, 0xf2, 0xe9, 0xf2, 0xe9, 0xf2, 0xe9, 0xf2, 0xe9, 0xf2,
    0xe9, 0xf2, 0xe9, 0xf2, 0xe9, 0xf2, 0xe9, 0xf2, 0xe9, 0xf2, 0xe9, 0xf2,
    0xe9, 0xf2, 0xe9, 0xf2, 0xe9, 0xf2, 0xe9, 0xf2, 0xe9, 0xf2, 0xe9, 0xf2,
    0xe9, 0xf2, 0xe9, 0xf2, 0xe9, 0xf2, 0xe9, 0xf2, 0xea, 0xf2, 0xe9, 0xf2,
    0xe9, 0xf2, 0xe9, 0xf2, 0xea, 0xf2, 0xe9, 0xf2, 0xe9, 0xf2, 0xe9, 0xf2,
    0xe9, 0xf2, 0xe9, 0xf2, 0xe9, 0xf2, 0xea, 0xf2, 0xe9, 0xf2, 0xe9, 0xf2,
    0xe9, 0xf2, 0xe9, 0xf2, 0xe9, 0xf2, 0x0a, 0xeb, 0x88, 0xda, 0x00, 0x00,
    0x00, 0x08, 0x20, 0x08, 0xff, 0xff, 0xff, 0xff, 0xff, 0xff, 0xff, 0xff,
    0xff, 0xff, 0xff, 0xff, 0xff, 0xff, 0xff, 0xff, 0xff, 0xff, 0xff, 0xff,
    0xff, 0xff, 0xff, 0xff, 0xff, 0xff, 0xff, 0xff, 0xff, 0xff, 0xff, 0xff,
    0xff, 0xff, 0x20, 0x00, 0x00, 0x10, 0x00, 0x10, 0x00, 0x10, 0x00, 0x10,
    0x00, 0x10, 0x00, 0x10, 0x00, 0x10, 0x00, 0x10, 0x00, 0x10, 0x00, 0x10,
    0x00, 0x10, 0x00, 0x10, 0x00, 0x50, 0x4c, 0xd3, 0xc9, 0xfa, 0xc9, 0xfa,
    0xc8, 0xfa, 0xc9, 0xfa, 0xc9, 0xfa, 0xc9, 0xfa, 0xc9, 0xfa, 0xc9, 0xfa,
    0xc9, 0xfa, 0xc9, 0xfa, 0xc9, 0xfa, 0xc9, 0xfa, 0xe9, 0xf2, 0xe9, 0xf2,
    0xea, 0xf2, 0xe9, 0xf2, 0xea, 0xf2, 0xe9, 0xf2, 0xe9, 0xea, 0xea, 0xf2,
    0xe9, 0xf2, 0xe9, 0xea, 0xea, 0xf2, 0xe9, 0xf2, 0xea, 0xea, 0xea, 0xf2,
    0xe9, 0xf2, 0xea, 0xf2, 0xea, 0xea, 0xe9, 0xf2, 0xea, 0xf2, 0xe9, 0xea,
    0xe9, 0xf2, 0xea, 0xf2, 0xe9, 0xf2, 0xe9, 0xf2, 0xc9, 0xfa, 0xe9, 0xfa,
    0xc9, 0xfa, 0xc9, 0xfa, 0xc9, 0xfa, 0xc9, 0xfa, 0xc9, 0xfa, 0xc9, 0xfa,
    0xc9, 0xfa, 0xc9, 0xfa, 0xc9, 0xfa, 0xc9, 0xfa, 0xc9, 0xfa, 0xc9, 0xfa,
    0xe2, 0x38, 0x00, 0x20, 0x00, 0x10, 0x00, 0x10, 0x00, 0x08, 0x00, 0x10,
    0x00, 0x10, 0x00, 0x10, 0x00, 0x10, 0x00, 0x10, 0x00, 0x10, 0x00, 0x10,
    0x00, 0x08, 0x00, 0x08, 0x00, 0x08, 0x00, 0x08, 0x00, 0x00, 0x20, 0x08,
    0x21, 0x00, 0xff, 0xff, 0xff, 0xff, 0xff, 0xff, 0xff, 0xff, 0xff, 0xff,
    0x00, 0x10, 0xa2, 0x20, 0xc9, 0xfa, 0xc9, 0xfa, 0xc9, 0xfa, 0xc9, 0xfa,
    0xc9, 0xfa, 0xc9, 0xfa, 0xc9, 0xfa, 0xc9, 0xfa, 0xc9, 0xfa, 0xc9, 0xfa,
    0xc9, 0xfa, 0xc9, 0xfa, 0xc9, 0xfa, 0xc9, 0xfa, 0xc9, 0xfa, 0xc9, 0xfa,
    0xc9, 0xfa, 0xc9, 0xfa, 0xc9, 0xfa, 0xc9, 0xfa, 0xc9, 0xfa, 0xc8, 0xfa,
    0xc9, 0xfa, 0xc9, 0xfa, 0x2b, 0xe3, 0x23, 0x99, 0x00, 0x08, 0x00, 0x08,
    0x00, 0x08, 0x00, 0x08, 0x20, 0x00, 0x00, 0x08, 0xff, 0xff, 0xff, 0xff,
    0xff, 0xff, 0xff, 0xff, 0xff, 0xff, 0xff, 0xff, 0xff, 0xff, 0xff, 0xff,
    0xff, 0xff, 0xff, 0xff, 0xff, 0xff, 0xff, 0xff, 0xff, 0xff, 0xff, 0xff,
    0xff, 0xff, 0xff, 0xff, 0xff, 0xff, 0x21, 0x00, 0x00, 0x38, 0x0b, 0xab,
    0xc9, 0xfa, 0xc9, 0xfa, 0xc9, 0xfa, 0xc9, 0xfa, 0xc9, 0xfa, 0xc9, 0xfa,
    0xc9, 0xfa, 0xc9, 0xfa, 0xc9, 0xfa, 0xc9, 0xfa, 0xc9, 0xfa, 0xc8, 0xfa,
    0xc9, 0xfa, 0xc9, 0xfa, 0xc9, 0xfa, 0xc9, 0xfa, 0xc9, 0xfa, 0xc9, 0xfa,
    0xc9, 0xfa, 0xc9, 0xfa, 0xc9, 0xfa, 0xc9, 0xfa, 0xc9, 0xfa, 0xc9, 0xfa,
    0xca, 0xa2, 0x00, 0x30, 0x20, 0x08, 0x00, 0x08, 0x00, 0x08, 0x20, 0x08,
    0x21, 0x00, 0xff, 0xff, 0xff, 0xff, 0xff, 0xff, 0xff, 0xff, 0x21, 0x08,
    0x00, 0x20, 0xe6, 0x59, 0xc9, 0xfa, 0xc9, 0xfa, 0xc9, 0xfa, 0xc9, 0xfa,
    0xc9, 0xfa, 0xc9, 0xfa, 0xc9, 0xfa, 0xc9, 0xfa, 0xc9, 0xfa, 0xc8, 0xfa,
    0xc9, 0xfa, 0xc9, 0xfa, 0xc9, 0xfa, 0xc9, 0xfa, 0xc9, 0xfa, 0xc9, 0xfa,
    0xc9, 0xfa, 0xc9, 0xfa, 0xc9, 0xfa, 0xc9, 0xfa, 0xc9, 0xfa, 0xc9, 0xfa,
    0xc9, 0xfa, 0xc9, 0xfa, 0x6c, 0xd3, 0x40, 0x68, 0x00, 0x08, 0x00, 0x08,
    0x00, 0x08, 0x00, 0x08, 0x21, 0x00, 0xff, 0xff, 0xff, 0xff, 0xff, 0xff,
    0xff, 0xff, 0xff, 0xff, 0xff, 0xff, 0xff, 0xff, 0xff, 0xff, 0xff, 0xff,
    0xff, 0xff, 0xff, 0xff, 0xff, 0xff, 0xff, 0xff, 0xff, 0xff, 0xff, 0xff,
    0xff, 0xff, 0xff, 0xff, 0xff, 0xff, 0xff, 0xff, 0xff, 0xff, 0xff, 0xff,
    0xff, 0xff, 0xff, 0xff, 0xff, 0xff, 0xff, 0xff, 0xff, 0xff, 0xff, 0xff,
    0xff, 0xff, 0xff, 0xff, 0xff, 0xff, 0xff, 0xff, 0xff, 0xff, 0xff, 0xff,
    0xff, 0xff, 0xff, 0xff, 0xff, 0xff, 0xff, 0xff, 0xff, 0xff, 0xff, 0xff,
    0xff, 0xff, 0xff, 0xff, 0xff, 0xff, 0xff, 0xff, 0x00, 0x08, 0x00, 0x08,
    0x43, 0xa1, 0x2a, 0xe3, 0xc9, 0xfa, 0xc9, 0xfa, 0xc9, 0xfa, 0xc8, 0xfa,
    0xc9, 0xfa, 0xc9, 0xfa, 0xc9, 0xfa, 0xc9, 0xfa, 0xc9, 0xfa, 0xc9, 0xfa,
    0xc9, 0xfa, 0xc9, 0xfa, 0xc8, 0xfa, 0xc9, 0xfa, 0xc9, 0xfa, 0xc9, 0xfa,
    0xc9, 0xfa, 0xc9, 0xfa, 0xc8, 0xfa, 0xc9, 0xfa, 0xc9, 0xfa, 0xc9, 0xfa,
    0xc9, 0xfa, 0xc9, 0xfa, 0xa2, 0x20, 0x00, 0x10, 0x00, 0x08, 0x00, 0x08,
    0x00, 0x08, 0x00, 0x00, 0xff, 0xff, 0xff, 0xff, 0xff, 0xff, 0xff, 0xff,
    0xff, 0xff, 0x21, 0x00, 0x00, 0x48, 0x6c, 0xc3, 0xc9, 0xfa, 0xc9, 0xfa,
    0xc8, 0xfa, 0xc9, 0xfa, 0xc9, 0xfa, 0xc8, 0xfa, 0xc9, 0xfa, 0xc9, 0xfa,
    0xc9, 0xfa, 0xc9, 0xfa, 0xc9, 0xfa, 0xc9, 0xfa, 0xc9, 0xfa, 0xc9, 0xfa,
    0xc9, 0xfa, 0xc9, 0xfa, 0xc9, 0xfa, 0xc9, 0xfa, 0xc9, 0xfa, 0xc9, 0xfa,
    0xc9, 0xfa, 0xc9, 0xfa, 0xc8, 0xfa, 0xc9, 0xfa, 0xc9, 0xfa, 0xc9, 0xfa,
    0xe9, 0xf2, 0xea, 0xf2, 0xe9, 0xf2, 0xea, 0xf2, 0xea, 0xf2, 0xe9, 0xf2,
    0xe9, 0xea, 0xea, 0xf2, 0xe9, 0xf2, 0xea, 0xea, 0xea, 0xf2, 0xe9, 0xf2,
    0xea, 0xf2, 0xea, 0xf2, 0xe9, 0xf2, 0xea, 0xf2, 0xe9, 0xf2, 0xea, 0xf2,
    0xe9, 0xf2, 0xe9, 0xf2, 0xea, 0xf2, 0xe9, 0xf2, 0xea, 0xf2, 0xe9, 0xf2,
    0xe9, 0xf2, 0xea, 0xf2, 0xe9, 0xea, 0xea, 0xf2, 0xea, 0xf2, 0xe9, 0xea,
    0xe9, 0xf2, 0xea, 0xf2, 0xe9, 0xea, 0xe9, 0xf2, 0xea, 0xf2, 0xe9, 0xea,
    0xe9, 0xf2, 0xea, 0xf2, 0xea, 0xea, 0xe9, 0xf2, 0xea, 0xf2, 0xe9, 0xf2,
    0xe9, 0xf2, 0xea, 0xf2, 0xe9, 0xf2, 0xea, 0xf2, 0xea, 0xea, 0xe9, 0xf2,
    0x0a, 0xeb, 0x68, 0xda, 0x00, 0x08, 0x00, 0x00, 0x20, 0x08, 0x20, 0x08,
    0xff, 0xff, 0xff, 0xff, 0xff, 0xff, 0xff, 0xff, 0xff, 0xff, 0xff, 0xff,
    0xff, 0xff, 0xff, 0xff, 0xff, 0xff, 0xff, 0xff, 0xff, 0xff, 0xff, 0xff,
    0xff, 0xff, 0xff, 0xff, 0xff, 0xff, 0xff, 0xff, 0xff, 0xff, 0xff, 0xff,
    0x20, 0x00, 0x00, 0x08, 0x00, 0x00, 0x00, 0x00, 0x00, 0x08, 0x00, 0x00,
    0x00, 0x00, 0x00, 0x08, 0x00, 0x00, 0x00, 0x00, 0x00, 0x08, 0x00, 0x40,
    0x8c, 0xc3, 0xc9, 0xfa, 0xc9, 0xfa, 0xc9, 0xfa, 0xc9, 0xfa, 0xc8, 0xfa,
    0xc9, 0xfa, 0xc9, 0xfa, 0xc8, 0xfa, 0xc9, 0xfa, 0xc9, 0xfa, 0xc9, 0xfa,
    0xc9, 0xfa, 0xc9, 0xfa, 0xc9, 0xfa, 0xc9, 0xfa, 0xc9, 0xfa, 0xc9, 0xfa,
    0xc9, 0xfa, 0xc9, 0xfa, 0xc9, 0xfa, 0xc9, 0xfa, 0xc9, 0xfa, 0xc9, 0xfa,
    0xc9, 0xfa, 0xc9, 0xfa, 0xc9, 0xfa, 0xc9, 0xfa, 0xc9, 0xfa, 0xc9, 0xfa,
    0xc9, 0xfa, 0xc9, 0xfa, 0xc9, 0xfa, 0xc9, 0xfa, 0xc9, 0xfa, 0xc9, 0xfa,
    0xc9, 0xfa, 0xc9, 0xfa, 0xc9, 0xfa, 0xc9, 0xfa, 0xc9, 0xfa, 0xc9, 0xfa,
    0xc9, 0xfa, 0xc9, 0xfa, 0xc8, 0xfa, 0xc9, 0xfa, 0xc9, 0xfa, 0xc9, 0xfa,
    0xc9, 0xfa, 0xc9, 0xfa, 0xc9, 0xfa, 0xe3, 0x38, 0x00, 0x10, 0x00, 0x00,
    0x00, 0x08, 0x00, 0x08, 0x00, 0x00, 0x00, 0x08, 0x00, 0x00, 0x00, 0x00,
    0x00, 0x08, 0x00, 0x00, 0x00, 0x08, 0x00, 0x08, 0x00, 0x08, 0x20, 0x08,
    0x00, 0x08, 0x00, 0x08, 0x00, 0x08, 0x20, 0x00, 0xff, 0xff, 0xff, 0xff,
    0xff, 0xff, 0xff, 0xff, 0xff, 0xff, 0x00, 0x10, 0xa2, 0x28, 0xc9, 0xfa,
    0xc9, 0xfa, 0xc9, 0xfa, 0xc8, 0xfa, 0xc9, 0xfa, 0xc9, 0xfa, 0xc9, 0xfa,
    0xc9, 0xfa, 0xc9, 0xfa, 0xc9, 0xfa, 0xc8, 0xfa, 0xc9, 0xfa, 0xc9, 0xfa,
    0xc9, 0xfa, 0xc9, 0xfa, 0xc9, 0xfa, 0xc9, 0xfa, 0xc8, 0xfa, 0xc9, 0xfa,
    0xc9, 0xfa, 0xc9, 0xfa, 0xc9, 0xfa, 0xc9, 0xfa, 0xc9, 0xfa, 0x2a, 0xe3,
    0x43, 0x99, 0x00, 0x08, 0x00, 0x08, 0x20, 0x00, 0x00, 0x08, 0x00, 0x08,
    0x00, 0x00, 0xff, 0xff, 0xff, 0xff, 0xff, 0xff, 0xff, 0xff, 0xff, 0xff,
    0xff, 0xff, 0xff, 0xff, 0xff, 0xff, 0xff, 0xff, 0xff, 0xff, 0xff, 0xff,
    0xff, 0xff, 0xff, 0xff, 0xff, 0xff, 0xff, 0xff, 0xff, 0xff, 0xff, 0xff,
    0x20, 0x00, 0x00, 0x38, 0x0b, 0xab, 0xc9, 0xfa, 0xc9, 0xfa, 0xc9, 0xfa,
    0xc8, 0xfa, 0xc9, 0xfa, 0xc9, 0xfa, 0xc8, 0xfa, 0xc9, 0xfa, 0xc9, 0xfa,
    0xc9, 0xfa, 0xc9, 0xfa, 0xc9, 0xfa, 0xc9, 0xfa, 0xc9, 0xfa, 0xc9, 0xfa,
    0xc9, 0xfa, 0xc9, 0xfa, 0xc9, 0xfa, 0xc9, 0xfa, 0xc9, 0xfa, 0xc9, 0xfa,
    0xc9, 0xfa, 0xc8, 0xfa, 0xc9, 0xfa, 0xca, 0xa2, 0x00, 0x38, 0x00, 0x00,
    0x00, 0x08, 0x20, 0x08, 0x00, 0x08, 0x20, 0x00, 0xff, 0xff, 0xff, 0xff,
    0xff, 0xff, 0xff, 0xff, 0x20, 0x00, 0x00, 0x20, 0xc6, 0x59, 0xc9, 0xfa,
    0xc9, 0xfa, 0xc9, 0xfa, 0xc9, 0xfa, 0xc9, 0xfa, 0xc9, 0xfa, 0xc8, 0xfa,
    0xc9, 0xfa, 0xc9, 0xfa, 0xc9, 0xfa, 0xc9, 0xfa, 0xc9, 0xfa, 0xc8, 0xfa,
    0xc9, 0xfa, 0xc9, 0xfa, 0xc8, 0xfa, 0xc9, 0xfa, 0xc9, 0xfa, 0xc9, 0xfa,
    0xc9, 0xfa, 0xc9, 0xfa, 0xc9, 0xfa, 0xc9, 0xfa, 0xc9, 0xfa, 0x6c, 0xd3,
    0x40, 0x68, 0x00, 0x08, 0x20, 0x08, 0x00, 0x00, 0x20, 0x08, 0x20, 0x00,
    0xff, 0xff, 0xff, 0xff, 0xff, 0xff, 0xff, 0xff, 0xff, 0xff, 0xff, 0xff,
    0xff, 0xff, 0xff, 0xff, 0xff, 0xff, 0xff, 0xff, 0xff, 0xff, 0xff, 0xff,
    0xff, 0xff, 0xff, 0xff, 0xff, 0xff, 0xff, 0xff, 0xff, 0xff, 0xff, 0xff,
    0xff, 0xff, 0xff, 0xff, 0xff, 0xff, 0xff, 0xff, 0xff, 0xff, 0xff, 0xff,
    0xff, 0xff, 0xff, 0xff, 0xff, 0xff, 0xff, 0xff, 0xff, 0xff, 0xff, 0xff,
    0xff, 0xff, 0xff, 0xff, 0xff, 0xff, 0xff, 0xff, 0xff, 0xff, 0xff, 0xff,
    0xff, 0xff, 0xff, 0xff, 0xff, 0xff, 0xff, 0xff, 0xff, 0xff, 0xff, 0xff,
    0xff, 0xff, 0x20, 0x00, 0x00, 0x08, 0x23, 0x99, 0x2a, 0xe3, 0xc9, 0xfa,
    0xc9, 0xfa, 0xc9, 0xfa, 0xc9, 0xfa, 0xc9, 0xfa, 0xc8, 0xfa, 0xc9, 0xfa,
    0xc9, 0xfa, 0xc8, 0xfa, 0xc9, 0xfa, 0xc9, 0xfa, 0xc9, 0xfa, 0xc9, 0xfa,
    0xc9, 0xfa, 0xc9, 0xfa, 0xc9, 0xfa, 0xc9, 0xfa, 0xc9, 0xfa, 0xc9, 0xfa,
    0xc9, 0xfa, 0xc9, 0xfa, 0xc9, 0xfa, 0xc9, 0xfa, 0xc9, 0xfa, 0xa2, 0x28,
    0x00, 0x10, 0x00, 0x00, 0x20, 0x08, 0x20, 0x08, 0x00, 0x08, 0xff, 0xff,
    0xff, 0xff, 0xff, 0xff, 0xff, 0xff, 0xff, 0xff, 0x20, 0x00, 0x00, 0x48,
    0x8d, 0xcb, 0xc9, 0xfa, 0xc9, 0xfa, 0xc9, 0xfa, 0xc9, 0xfa, 0xc9, 0xfa,
    0xc9, 0xfa, 0xc9, 0xfa, 0xc8, 0xfa, 0xc9, 0xfa, 0xc9, 0xfa, 0xc9, 0xfa,
    0xc9, 0xfa, 0xc8, 0xfa, 0xc9, 0xfa, 0xc9, 0xfa, 0xc9, 0xfa, 0xc9, 0xfa,
    0xc9, 0xfa, 0xc9, 0xfa, 0xc9, 0xfa, 0xc9, 0xfa, 0xc9, 0xfa, 0xc9, 0xfa,
    0xc9, 0xfa, 0xc9, 0xfa, 0xc9, 0xfa, 0xc9, 0xfa, 0xc9, 0xfa, 0xc9, 0xfa,
    0xc9, 0xfa, 0xc9, 0xfa, 0xc9, 0xfa, 0xc9, 0xfa, 0xc9, 0xfa, 0xc9, 0xfa,
    0xc9, 0xfa, 0xc9, 0xfa, 0xc9, 0xfa, 0xc9, 0xfa, 0xc9, 0xfa, 0xc9, 0xfa,
    0xc9, 0xfa, 0xc9, 0xfa, 0xc9, 0xfa, 0xc9, 0xfa, 0xc9, 0xfa, 0xc9, 0xfa,
    0xc9, 0xfa, 0xc9, 0xfa, 0xc9, 0xfa, 0xc9, 0xfa, 0xc9, 0xfa, 0xc9, 0xfa,
    0xc9, 0xfa, 0xc9, 0xfa, 0xc9, 0xfa, 0xc9, 0xfa, 0xc9, 0xfa, 0xc9, 0xfa,
    0xc9, 0xfa, 0xc9, 0xfa, 0xc9, 0xfa, 0xc9, 0xfa, 0xc9, 0xfa, 0xc9, 0xfa,
    0xc9, 0xfa, 0xc9, 0xfa, 0xc9, 0xfa, 0xc9, 0xfa, 0xc9, 0xfa, 0xc9, 0xfa,
    0xc9, 0xfa, 0xc9, 0xfa, 0xc9, 0xfa, 0xe9, 0xf2, 0x47, 0xda, 0x00, 0x08,
    0x00, 0x08, 0x00, 0x00, 0x00, 0x08, 0x20, 0x08, 0xff, 0xff, 0xff, 0xff,
    0xff, 0xff, 0xff, 0xff, 0xff, 0xff, 0xff, 0xff, 0xff, 0xff, 0xff, 0xff,
    0xff, 0xff, 0xff, 0xff, 0xff, 0xff, 0xff, 0xff, 0xff, 0xff, 0xff, 0xff,
    0xff, 0xff, 0xff, 0xff, 0xff, 0xff, 0xff, 0xff, 0x00, 0x08, 0x20, 0x08,
    0x20, 0x08, 0x00, 0x08, 0x20, 0x08, 0x20, 0x08, 0x00, 0x08, 0x20, 0x08,
    0x00, 0x08, 0x00, 0x08, 0x00, 0x40, 0x8c, 0xc3, 0xc9, 0xfa, 0xc9, 0xfa,
    0xc9, 0xfa, 0xc9, 0xfa, 0xc9, 0xfa, 0xc9, 0xfa, 0xc9, 0xfa, 0xc9, 0xfa,
    0xc9, 0xfa, 0xc9, 0xfa, 0xc9, 0xfa, 0xc9, 0xfa, 0xc9, 0xfa, 0xc9, 0xfa,
    0xc9, 0xfa, 0xc9, 0xfa, 0xc9, 0xfa, 0xc9, 0xfa, 0xc9, 0xfa, 0xc9, 0xfa,
    0xc9, 0xfa, 0xc9, 0xfa, 0xc9, 0xfa, 0xc9, 0xfa, 0xc9, 0xfa, 0xc9, 0xfa,
    0xc9, 0xfa, 0xc9, 0xfa, 0xc9, 0xfa, 0xc9, 0xfa, 0xc9, 0xfa, 0xc9, 0xfa,
    0xc9, 0xfa, 0xc9, 0xfa, 0xc9, 0xfa, 0xc9, 0xfa, 0xc9, 0xfa, 0xc9, 0xfa,
    0xc9, 0xfa, 0xc9, 0xfa, 0xc8, 0xfa, 0xc9, 0xfa, 0xc9, 0xfa, 0xc9, 0xfa,
    0xc9, 0xfa, 0xc9, 0xfa, 0xc8, 0xfa, 0xc9, 0xfa, 0xc9, 0xfa, 0xc9, 0xfa,
    0xe2, 0x38, 0x00, 0x10, 0x20, 0x08, 0x00, 0x08, 0x00, 0x08, 0x20, 0x08,
    0x00, 0x08, 0x00, 0x08, 0x00, 0x08, 0x00, 0x08, 0x20, 0x08, 0x00, 0x00,
    0x00, 0x08, 0x00, 0x00, 0x20, 0x08, 0x00, 0x00, 0x00, 0x08, 0x20, 0x08,
    0x20, 0x00, 0xff, 0xff, 0xff, 0xff, 0xff, 0xff, 0xff, 0xff, 0xff, 0xff,
    0x00, 0x10, 0xa2, 0x28, 0xc9, 0xfa, 0xc9, 0xfa, 0xc9, 0xfa, 0xc9, 0xfa,
    0xc9, 0xfa, 0xc9, 0xfa, 0xc8, 0xfa, 0xc9, 0xfa, 0xc9, 0xfa, 0xc9, 0xfa,
    0xc9, 0xfa, 0xc9, 0xfa, 0xc9, 0xfa, 0xc8, 0xfa, 0xc9, 0xfa, 0xc9, 0xfa,
    0xc9, 0xfa, 0xc9, 0xfa, 0xc9, 0xfa, 0xc9, 0xfa, 0xc9, 0xfa, 0xc9, 0xfa,
    0xc9, 0xfa, 0xc9, 0xfa, 0x2a, 0xe3, 0x23, 0x99, 0x00, 0x08, 0x20, 0x08,
    0x00, 0x00, 0x00, 0x08, 0x00, 0x08, 0x20, 0x08, 0xff, 0xff, 0xff, 0xff,
    0xff, 0xff, 0xff, 0xff, 0xff, 0xff, 0xff, 0xff, 0xff, 0xff, 0xff, 0xff,
    0xff, 0xff, 0xff, 0xff, 0xff, 0xff, 0xff, 0xff, 0xff, 0xff, 0xff, 0xff,
    0xff, 0xff, 0xff, 0xff, 0xff, 0xff, 0x20, 0x08, 0x00, 0x38, 0x0b, 0xab,
    0xc9, 0xfa, 0xc9, 0xfa, 0xc9, 0xfa, 0xc9, 0xfa, 0xc9, 0xfa, 0xc9, 0xfa,
    0xc9, 0xfa, 0xc9, 0xfa, 0xc9, 0xfa, 0xc8, 0xfa, 0xc9, 0xfa, 0xc9, 0xfa,
    0xc9, 0xfa, 0xc8, 0xfa, 0xc9, 0xfa, 0xc9, 0xfa, 0xc8, 0xfa, 0xc9, 0xfa,
    0xc9, 0xfa, 0xc8, 0xfa, 0xc9, 0xfa, 0xc9, 0xfa, 0xc9, 0xfa, 0xc9, 0xfa,
    0xca, 0xa2, 0x00, 0x38, 0x00, 0x08, 0x00, 0x00, 0x00, 0x08, 0x00, 0x08,
    0x20, 0x00, 0xff, 0xff, 0xff, 0xff, 0xff, 0xff, 0xff, 0xff, 0x21, 0x00,
    0x00, 0x20, 0xc6, 0x59, 0xc9, 0xfa, 0xc9, 0xfa, 0xc9, 0xfa, 0xc8, 0xfa,
    0xc9, 0xfa, 0xc9, 0xfa, 0xc9, 0xfa, 0xc9, 0xfa, 0xc9, 0xfa, 0xc9, 0xfa,
    0xc9, 0xfa, 0xc9, 0xfa, 0xc9, 0xfa, 0xc9, 0xfa, 0xc9, 0xfa, 0xc9, 0xfa,
    0xc9, 0xfa, 0xc8, 0xfa, 0xc9, 0xfa, 0xc9, 0xfa, 0xc8, 0xfa, 0xc9, 0xfa,
    0xc9, 0xfa, 0xc8, 0xfa, 0x6c, 0xd3, 0x40, 0x68, 0x00, 0x08, 0x00, 0x08,
    0x20, 0x08, 0x00, 0x08, 0x20, 0x00, 0xff, 0xff, 0xff, 0xff, 0xff, 0xff,
    0xff, 0xff, 0xff, 0xff, 0xff, 0xff, 0xff, 0xff, 0xff, 0xff, 0xff, 0xff,
    0xff, 0xff, 0xff, 0xff, 0xff, 0xff, 0xff, 0xff, 0xff, 0xff, 0xff, 0xff,
    0xff, 0xff, 0xff, 0xff, 0xff, 0xff, 0xff, 0xff, 0xff, 0xff, 0xff, 0xff,
    0xff, 0xff, 0xff, 0xff, 0xff, 0xff, 0xff, 0xff, 0xff, 0xff, 0xff, 0xff,
    0xff, 0xff, 0xff, 0xff, 0xff, 0xff, 0xff, 0xff, 0xff, 0xff, 0xff, 0xff,
    0xff, 0xff, 0xff, 0xff, 0xff, 0xff, 0xff, 0xff, 0xff, 0xff, 0xff, 0xff,
    0xff, 0xff, 0xff, 0xff, 0xff, 0xff, 0xff, 0xff, 0x00, 0x08, 0x00, 0x08,
    0x43, 0x99, 0x2b, 0xe3, 0xc9, 0xfa, 0xc9, 0xfa, 0xc9, 0xfa, 0xc9, 0xfa,
    0xc9, 0xfa, 0xc9, 0xfa, 0xc9, 0xfa, 0xc9, 0xfa, 0xc9, 0xfa, 0xc9, 0xfa,
    0xc9, 0xfa, 0xc9, 0xfa, 0xc9, 0xfa, 0xc9, 0xfa, 0xc8, 0xfa, 0xc9, 0xfa,
    0xc9, 0xfa, 0xc9, 0xfa, 0xc9, 0xfa, 0xc9, 0xfa, 0xc8, 0xfa, 0xc9, 0xfa,
    0xc9, 0xfa, 0xc9, 0xfa, 0xa2, 0x28, 0x00, 0x10, 0x00, 0x00, 0x00, 0x08,
    0x00, 0x08, 0x00, 0x00, 0xff, 0xff, 0xff, 0xff, 0xff, 0xff, 0xff, 0xff,
    0xff, 0xff, 0x20, 0x00, 0x00, 0x48, 0x8c, 0xc3, 0xc9, 0xfa, 0xc9, 0xfa,
    0xc9, 0xfa, 0xc9, 0xfa, 0xc9, 0xfa, 0xc9, 0xfa, 0xc9, 0xfa, 0xc9, 0xfa,
    0xc9, 0xfa, 0xc8, 0xfa, 0xc9, 0xfa, 0xc9, 0xfa, 0xc9, 0xfa, 0xc9, 0xfa,
    0xc8, 0xfa, 0xc9, 0xfa, 0xc9, 0xfa, 0xc8, 0xfa, 0xc9, 0xfa, 0xc9, 0xfa,
    0xc8, 0xfa, 0xc9, 0xfa, 0xc9, 0xfa, 0xc9, 0xfa, 0xc9, 0xfa, 0xc9, 0xfa,
    0xc9, 0xfa, 0xc9, 0xfa, 0xc9, 0xfa, 0xc9, 0xfa, 0xc9, 0xfa, 0xc9, 0xfa,
    0xc9, 0xfa, 0xc9, 0xfa, 0xc9, 0xfa, 0xc9, 0xfa, 0xc9, 0xfa, 0xc9, 0xfa,
    0xc9, 0xfa, 0xc9, 0xfa, 0xc9, 0xfa, 0xc9, 0xfa, 0xc9, 0xfa, 0xc9, 0xfa,
    0xc9, 0xfa, 0xc9, 0xfa, 0xc9, 0xfa, 0xc9, 0xfa, 0xc9, 0xfa, 0xc9, 0xfa,
    0xc9, 0xfa, 0xc9, 0xfa, 0xc9, 0xfa, 0xc9, 0xfa, 0xc9, 0xfa, 0xc9, 0xfa,
    0xc9, 0xfa, 0xc9, 0xfa, 0xc9, 0xfa, 0xc9, 0xfa, 0xc9, 0xfa, 0xc9, 0xfa,
    0xc9, 0xfa, 0xc9, 0xfa, 0xc9, 0xfa, 0xc9, 0xfa, 0xc9, 0xfa, 0xc9, 0xfa,
    0xc9, 0xfa, 0xc9, 0xfa, 0xc9, 0xfa, 0xc9, 0xfa, 0xc9, 0xfa, 0xc9, 0xfa,
    0xe9, 0xfa, 0x47, 0xda, 0x00, 0x08, 0x00, 0x08, 0x20, 0x08, 0x00, 0x00,
    0x20, 0x00, 0x20, 0x08, 0xff, 0xff, 0xff, 0xff, 0xff, 0xff, 0xff, 0xff,
    0xff, 0xff, 0xff, 0xff, 0xff, 0xff, 0xff, 0xff, 0xff, 0xff, 0xff, 0xff,
    0xff, 0xff, 0xff, 0xff, 0xff, 0xff, 0xff, 0xff, 0xff, 0xff, 0xff, 0xff,
    0xff, 0xff, 0xff, 0xff, 0x20, 0x00, 0x00, 0x08, 0x00, 0x08, 0x00, 0x08,
    0x00, 0x00, 0x00, 0x08, 0x20, 0x08, 0x00, 0x08, 0x00, 0x08, 0x00, 0x40,
    0x8d, 0xcb, 0xc9, 0xfa, 0xc9, 0xfa, 0xc9, 0xfa, 0xc9, 0xfa, 0xc9, 0xfa,
    0xc9, 0xfa, 0xc9, 0xfa, 0xc9, 0xfa, 0xc8, 0xfa, 0xc9, 0xfa, 0xc9, 0xfa,
    0xc9, 0xfa, 0xc9, 0xfa, 0xc9, 0xfa, 0xc9, 0xfa, 0xc9, 0xfa, 0xc9, 0xfa,
    0xc9, 0xfa, 0xc9, 0xfa, 0xc9, 0xfa, 0xc9, 0xfa, 0xc9, 0xfa, 0xc9, 0xfa,
    0xc9, 0xfa, 0xc9, 0xfa, 0xc9, 0xfa, 0xc9, 0xfa, 0xc9, 0xfa, 0xc9, 0xfa,
    0xc9, 0xfa, 0xc9, 0xfa, 0xc9, 0xfa, 0xc9, 0xfa, 0xc9, 0xfa, 0xc9, 0xfa,
    0xc9, 0xfa, 0xc9, 0xfa, 0xc9, 0xfa, 0xc9, 0xfa, 0xc9, 0xfa, 0xc9, 0xfa,
    0xc9, 0xfa, 0xc9, 0xfa, 0xc9, 0xfa, 0xc9, 0xfa, 0xc9, 0xfa, 0xc9, 0xfa,
    0xc9, 0xfa, 0xc9, 0xfa, 0xc9, 0xfa, 0xe2, 0x38, 0x00, 0x10, 0x00, 0x08,
    0x00, 0x08, 0x20, 0x00, 0x00, 0x08, 0x00, 0x08, 0x20, 0x00, 0x00, 0x08,
    0x00, 0x08, 0x20, 0x08, 0x00, 0x08, 0x00, 0x00, 0x20, 0x08, 0x00, 0x08,
    0x00, 0x08, 0x00, 0x00, 0x00, 0x08, 0x21, 0x00, 0xff, 0xff, 0xff, 0xff,
    0xff, 0xff, 0xff, 0xff, 0xff, 0xff, 0x00, 0x10, 0xa2, 0x28, 0xc9, 0xfa,
    0xc9, 0xfa, 0xc9, 0xfa, 0xc9, 0xfa, 0xc9, 0xfa, 0xc9, 0xfa, 0xc9, 0xfa,
    0xc9, 0xfa, 0xc8, 0xfa, 0xc9, 0xfa, 0xc9, 0xfa, 0xc9, 0xfa, 0xc9, 0xfa,
    0xc9, 0xfa, 0xc9, 0xfa, 0xc9, 0xfa, 0xc8, 0xfa, 0xc9, 0xfa, 0xc9, 0xfa,
    0xc8, 0xfa, 0xc9, 0xfa, 0xc9, 0xfa, 0xc9, 0xfa, 0xc9, 0xfa, 0x2a, 0xe3,
    0x23, 0xa1, 0x00, 0x08, 0x00, 0x08, 0x00, 0x08, 0x20, 0x08, 0x00, 0x08,
    0x00, 0x00, 0xff, 0xff, 0xff, 0xff, 0xff, 0xff, 0xff, 0xff, 0xff, 0xff,
    0xff, 0xff, 0xff, 0xff, 0xff, 0xff, 0xff, 0xff, 0xff, 0xff, 0xff, 0xff,
    0xff, 0xff, 0xff, 0xff, 0xff, 0xff, 0xff, 0xff, 0xff, 0xff, 0xff, 0xff,
    0x21, 0x00, 0x00, 0x38, 0x0b, 0xab, 0xc9, 0xfa, 0xc9, 0xfa, 0xc9, 0xfa,
    0xc9, 0xfa, 0xc9, 0xfa, 0xc9, 0xfa, 0xc9, 0xfa, 0xc9, 0xfa, 0xc9, 0xfa,
    0xc9, 0xfa, 0xc9, 0xfa, 0xc9, 0xfa, 0xc9, 0xfa, 0xc9, 0xfa, 0xc9, 0xfa,
    0xc9, 0xfa, 0xc9, 0xfa, 0xc9, 0xfa, 0xc9, 0xfa, 0xc9, 0xfa, 0xc9, 0xfa,
    0xc9, 0xfa, 0xc9, 0xfa, 0xc9, 0xfa, 0xca, 0xa2, 0x00, 0x30, 0x00, 0x08,
    0x20, 0x08, 0x00, 0x08, 0x00, 0x08, 0x20, 0x00, 0xff, 0xff, 0xff, 0xff,
    0xff, 0xff, 0xff, 0xff, 0x20, 0x08, 0x00, 0x20, 0xc6, 0x59, 0xc9, 0xfa,
    0xc9, 0xfa, 0xc9, 0xfa, 0xc9, 0xfa, 0xc9, 0xfa, 0xc9, 0xfa, 0xc9, 0xfa,
    0xc9, 0xfa, 0xc8, 0xfa, 0xc9, 0xfa, 0xc9, 0xfa, 0xc8, 0xfa, 0xc9, 0xfa,
    0xc9, 0xfa, 0xc9, 0xfa, 0xc9, 0xfa, 0xc9, 0xfa, 0xc9, 0xfa, 0xc9, 0xfa,
    0xc9, 0xfa, 0xc9, 0xfa, 0xc9, 0xfa, 0xc9, 0xfa, 0xc9, 0xfa, 0x4c, 0xd3,
    0x40, 0x68, 0x00, 0x08, 0x00, 0x08, 0x00, 0x00, 0x00, 0x08, 0x20, 0x00,
    0xff, 0xff, 0xff, 0xff, 0xff, 0xff, 0xff, 0xff, 0xff, 0xff, 0xff, 0xff,
    0xff, 0xff, 0xff, 0xff, 0xff, 0xff, 0xff, 0xff, 0xff, 0xff, 0xff, 0xff,
    0xff, 0xff, 0xff, 0xff, 0xff, 0xff, 0xff, 0xff, 0xff, 0xff, 0xff, 0xff,
    0xff, 0xff, 0xff, 0xff, 0xff, 0xff, 0xff, 0xff, 0xff, 0xff, 0xff, 0xff,
    0xff, 0xff, 0xff, 0xff, 0xff, 0xff, 0xff, 0xff, 0xff, 0xff, 0xff, 0xff,
    0xff, 0xff, 0xff, 0xff, 0xff, 0xff, 0xff, 0xff, 0xff, 0xff, 0xff, 0xff,
    0xff, 0xff, 0xff, 0xff, 0xff, 0xff, 0xff, 0xff, 0xff, 0xff, 0xff, 0xff,
    0xff, 0xff, 0x00, 0x08, 0x00, 0x08, 0x43, 0x99, 0x2a, 0xe3, 0xc9, 0xfa,
    0xc9, 0xfa, 0xc9, 0xfa, 0xc9, 0xfa, 0xc9, 0xfa, 0xc9, 0xfa, 0xc9, 0xfa,
    0xc9, 0xfa, 0xc9, 0xfa, 0xc8, 0xfa, 0xc9, 0xfa, 0xc9, 0xfa, 0xc8, 0xfa,
    0xc9, 0xfa, 0xc9, 0xfa, 0xc9, 0xfa, 0xc8, 0xfa, 0xc9, 0xfa, 0xc9, 0xfa,
    0xc9, 0xfa, 0xc9, 0xfa, 0xc9, 0xfa, 0xc8, 0xfa, 0xc9, 0xfa, 0xa2, 0x28,
    0x00, 0x10, 0x00, 0x08, 0x00, 0x08, 0x20, 0x08, 0x00, 0x08, 0xff, 0xff,
    0xff, 0xff, 0xff, 0xff, 0xff, 0xff, 0xff, 0xff, 0x20, 0x00, 0x00, 0x48,
    0x6d, 0xc3, 0xc9, 0xfa, 0xc9, 0xfa, 0xc9, 0xfa, 0xc8, 0xfa, 0xc9, 0xfa,
    0xc9, 0xfa, 0xc8, 0xfa, 0xc9, 0xfa, 0xc9, 0xfa, 0xc9, 0xfa, 0xc9, 0xfa,
    0xc9, 0xfa, 0xc9, 0xfa, 0xc9, 0xfa, 0xc9, 0xfa, 0xc9, 0xfa, 0xc9, 0xfa,
    0xc9, 0xfa, 0xc9, 0xfa, 0xc9, 0xfa, 0xc9, 0xfa, 0xc9, 0xfa, 0xc9, 0xfa,
    0xc8, 0xfa, 0xc9, 0xfa, 0xc9, 0xfa, 0xc9, 0xfa, 0xc9, 0xfa, 0xc9, 0xfa,
    0xc9, 0xfa, 0xc9, 0xfa, 0xc9, 0xfa, 0xc9, 0xfa, 0xc9, 0xfa, 0xc9, 0xfa,
    0xc9, 0xfa, 0xc9, 0xfa, 0xc9, 0xfa, 0xc9, 0xfa, 0xc9, 0xfa, 0xc9, 0xfa,
    0xc9, 0xfa, 0xc9, 0xfa, 0xc9, 0xfa, 0xc9, 0xfa, 0xc9, 0xfa, 0xc9, 0xfa,
    0xc9, 0xfa, 0xc9, 0xfa, 0xc9, 0xfa, 0xc9, 0xfa, 0xc9, 0xfa, 0xc9, 0xfa,
    0xc9, 0xfa, 0xc9, 0xfa, 0xc9, 0xfa, 0xc9, 0xfa, 0xc9, 0xfa, 0xc9, 0xfa,
    0xc9, 0xfa, 0xc9, 0xfa, 0xc9, 0xfa, 0xc9, 0xfa, 0xc9, 0xfa, 0xc9, 0xfa,
    0xc9, 0xfa, 0xc9, 0xfa, 0xc9, 0xfa, 0xc9, 0xfa, 0xc9, 0xfa, 0xc9, 0xfa,
    0xc9, 0xfa, 0xc9, 0xfa, 0xc9, 0xfa, 0xc9, 0xfa, 0x47, 0xda, 0x00, 0x08,
    0x00, 0x08, 0x00, 0x08, 0x00, 0x08, 0x00, 0x08, 0x00, 0x08, 0xff, 0xff,
    0xff, 0xff, 0xff, 0xff, 0xff, 0xff, 0xff, 0xff, 0xff, 0xff, 0xff, 0xff,
    0xff, 0xff, 0xff, 0xff, 0xff, 0xff, 0xff, 0xff, 0xff, 0xff, 0xff, 0xff,
    0xff, 0xff, 0xff, 0xff, 0xff, 0xff, 0xff, 0xff, 0xff, 0xff, 0xff, 0xff,
    0x00, 0x08, 0x00, 0x00, 0x00, 0x08, 0x00, 0x08, 0x00, 0x00, 0x00, 0x08,
    0x20, 0x00, 0x00, 0x08, 0x00, 0x40, 0x8c, 0xc3, 0xc9, 0xfa, 0xc9, 0xfa,
    0xc9, 0xfa, 0xc8, 0xfa, 0xc9, 0xfa, 0xc9, 0xfa, 0xc8, 0xfa, 0xc9, 0xfa,
    0xc9, 0xfa, 0xc9, 0xfa, 0xc9, 0xfa, 0xc8, 0xfa, 0xc9, 0xfa, 0xc9, 0xfa,
    0xc9, 0xfa, 0xc9, 0xfa, 0xc9, 0xfa, 0xc9, 0xfa, 0xc9, 0xfa, 0xc9, 0xfa,
    0xc9, 0xfa, 0xc9, 0xfa, 0xc9, 0xfa, 0xc9, 0xfa, 0xc9, 0xfa, 0xc9, 0xfa,
    0xc9, 0xfa, 0xc9, 0xfa, 0xc9, 0xfa, 0xc9, 0xfa, 0xc9, 0xfa, 0xc9, 0xfa,
    0xc9, 0xfa, 0xc9, 0xfa, 0xc9, 0xfa, 0xc9, 0xfa, 0xc9, 0xfa, 0xc9, 0xfa,
    0xc9, 0xfa, 0xc9, 0xfa, 0xc9, 0xfa, 0xc9, 0xfa, 0xc8, 0xfa, 0xc9, 0xfa,
    0xc9, 0xfa, 0xc8, 0xfa, 0xc9, 0xfa, 0xc9, 0xfa, 0xc9, 0xfa, 0xc9, 0xfa,
    0x03, 0x39, 0x00, 0x10, 0x00, 0x08, 0x00, 0x08, 0x00, 0x00, 0x00, 0x08,
    0x00, 0x08, 0x20, 0x00, 0x00, 0x08, 0x00, 0x00, 0x00, 0x08, 0x00, 0x08,
    0x00, 0x08, 0x00, 0x08, 0x00, 0x08, 0x20, 0x08, 0x00, 0x08, 0x00, 0x08,
    0xff, 0xff, 0xff, 0xff, 0xff, 0xff, 0xff, 0xff, 0xff, 0xff, 0xff, 0xff,
    0x00, 0x10, 0xa2, 0x20, 0xc9, 0xfa, 0xc9, 0xfa, 0xc9, 0xfa, 0xc8, 0xfa,
    0xc9, 0xfa, 0xc9, 0xfa, 0xc9, 0xfa, 0xc9, 0xfa, 0xc9, 0xfa, 0xc9, 0xfa,
    0xc9, 0xfa, 0xc8, 0xfa, 0xc9, 0xfa, 0xc9, 0xfa, 0xc9, 0xfa, 0xc9, 0xfa,
    0xc9, 0xfa, 0xc9, 0xfa, 0xc9, 0xfa, 0xc9, 0xfa, 0xc9, 0xfa, 0xc8, 0xfa,
    0xc9, 0xfa, 0xc9, 0xfa, 0x2a, 0xe3, 0x43, 0x99, 0x00, 0x08, 0x00, 0x00,
    0x20, 0x08, 0x00, 0x08, 0x00, 0x00, 0x00, 0x08, 0xff, 0xff, 0xff, 0xff,
    0xff, 0xff, 0xff, 0xff, 0xff, 0xff, 0xff, 0xff, 0xff, 0xff, 0xff, 0xff,
    0xff, 0xff, 0xff, 0xff, 0xff, 0xff, 0xff, 0xff, 0xff, 0xff, 0xff, 0xff,
    0xff, 0xff, 0xff, 0xff, 0xff, 0xff, 0x20, 0x00, 0x00, 0x38, 0x0b, 0xab,
    0xc9, 0xfa, 0xc9, 0xfa, 0xc8, 0xfa, 0xc9, 0xfa, 0xc9, 0xfa, 0xc8, 0xfa,
    0xc9, 0xfa, 0xc9, 0xfa, 0xc8, 0xfa, 0xc9, 0xfa, 0xc9, 0xfa, 0xc9, 0xfa,
    0xc8, 0xfa, 0xc9, 0xfa, 0xc9, 0xfa, 0xc9, 0xfa, 0xc9, 0xfa, 0xc8, 0xfa,
    0xc9, 0xfa, 0xc9, 0xfa, 0xc9, 0xfa, 0xc8, 0xfa, 0xc9, 0xfa, 0xc9, 0xfa,
    0xca, 0xa2, 0x00, 0x38, 0x00, 0x08, 0x00, 0x00, 0x20, 0x08, 0x00, 0x08,
    0x20, 0x00, 0xff, 0xff, 0xff, 0xff, 0xff, 0xff, 0xff, 0xff, 0x20, 0x00,
    0x00, 0x20, 0xe6, 0x59, 0xc9, 0xfa, 0xc9, 0xfa, 0xc9, 0xfa, 0xc9, 0xfa,
    0xc9, 0xfa, 0xc8, 0xfa, 0xc9, 0xfa, 0xc9, 0xfa, 0xc9, 0xfa, 0xc9, 0xfa,
    0xc9, 0xfa, 0xc9, 0xfa, 0xc9, 0xfa, 0xc9, 0xfa, 0xc8, 0xfa, 0xc9, 0xfa,
    0xc9, 0xfa, 0xc9, 0xfa, 0xc9, 0xfa, 0xc9, 0xfa, 0xc9, 0xfa, 0xc9, 0xfa,
    0xc9, 0xfa, 0xc9, 0xfa, 0x6c, 0xd3, 0x40, 0x68, 0x20, 0x08, 0x20, 0x08,
    0x00, 0x08, 0x00, 0x08, 0x21, 0x00, 0xff, 0xff, 0xff, 0xff, 0xff, 0xff,
    0xff, 0xff, 0xff, 0xff, 0xff, 0xff, 0xff, 0xff, 0xff, 0xff, 0xff, 0xff,
    0xff, 0xff, 0xff, 0xff, 0xff, 0xff, 0xff, 0xff, 0xff, 0xff, 0xff, 0xff,
    0xff, 0xff, 0xff, 0xff, 0xff, 0xff, 0xff, 0xff, 0xff, 0xff, 0xff, 0xff,
    0xff, 0xff, 0xff, 0xff, 0xff, 0xff, 0xff, 0xff, 0xff, 0xff, 0xff, 0xff,
    0xff, 0xff, 0xff, 0xff, 0xff, 0xff, 0xff, 0xff, 0xff, 0xff, 0xff, 0xff,
    0xff, 0xff, 0xff, 0xff, 0xff, 0xff, 0xff, 0xff, 0xff, 0xff, 0xff, 0xff,
    0xff, 0xff, 0xff, 0xff, 0xff, 0xff, 0xff, 0xff, 0x00, 0x08, 0x00, 0x08,
    0x23, 0x99, 0x2a, 0xe3, 0xc9, 0xfa, 0xc9, 0xfa, 0xc9, 0xfa, 0xc8, 0xfa,
    0xc9, 0xfa, 0xc9, 0xfa, 0xc8, 0xfa, 0xc9, 0xfa, 0xc9, 0xfa, 0xc9, 0xfa,
    0xc9, 0xfa, 0xc9, 0xfa, 0xc9, 0xfa, 0xc9, 0xfa, 0xc9, 0xfa, 0xc9, 0xfa,
    0xc9, 0xfa, 0xc9, 0xfa, 0xc9, 0xfa, 0xc8, 0xfa, 0xc9, 0xfa, 0xc9, 0xfa,
    0xc9, 0xfa, 0xc9, 0xfa, 0xa2, 0x20, 0x00, 0x10, 0x00, 0x08, 0x20, 0x00,
    0x00, 0x08, 0x00, 0x08, 0xff, 0xff, 0xff, 0xff, 0xff, 0xff, 0xff, 0xff,
    0xff, 0xff, 0x20, 0x00, 0x00, 0x48, 0x8d, 0xc3, 0xc9, 0xfa, 0xc9, 0xfa,
    0xc9, 0xfa, 0xc9, 0xfa, 0xc9, 0xfa, 0xc9, 0xfa, 0xc9, 0xfa, 0xc9, 0xfa,
    0xc9, 0xfa, 0xc9, 0xfa, 0xc9, 0xfa, 0xc8, 0xfa, 0xc9, 0xfa, 0xc9, 0xfa,
    0xc9, 0xfa, 0xc9, 0xfa, 0xc9, 0xfa, 0xc9, 0xfa, 0xc8, 0xfa, 0xc9, 0xfa,
    0xc9, 0xfa, 0xc9, 0xfa, 0xc9, 0xfa, 0xc9, 0xfa, 0xc9, 0xfa, 0xc9, 0xfa,
    0xc8, 0xfa, 0xc9, 0xfa, 0xc9, 0xfa, 0xc9, 0xfa, 0xc9, 0xfa, 0xc9, 0xfa,
    0xc9, 0xfa, 0xc9, 0xfa, 0xc9, 0xfa, 0xc9, 0xfa, 0xc9, 0xfa, 0xc8, 0xfa,
    0xc9, 0xfa, 0xc9, 0xfa, 0xc9, 0xfa, 0xc9, 0xfa, 0xc9, 0xfa, 0xc9, 0xfa,
    0xc9, 0xfa, 0xc9, 0xfa, 0xc9, 0xfa, 0xc9, 0xfa, 0xc9, 0xfa, 0xc9, 0xfa,
    0xc9, 0xfa, 0xc9, 0xfa, 0xc9, 0xfa, 0xc9, 0xfa, 0xc9, 0xfa, 0xc9, 0xfa,
    0xc9, 0xfa, 0xc9, 0xfa, 0xc9, 0xfa, 0xc9, 0xfa, 0xc9, 0xfa, 0xc9, 0xfa,
    0xc9, 0xfa, 0xc9, 0xfa, 0xc9, 0xfa, 0xc9, 0xfa, 0xc9, 0xfa, 0xc9, 0xfa,
    0xc9, 0xfa, 0xc9, 0xfa, 0xc9, 0xfa, 0xc9, 0xfa, 0xc9, 0xfa, 0xc9, 0xfa,
    0xe9, 0xf2, 0x47, 0xda, 0x00, 0x08, 0x00, 0x08, 0x20, 0x00, 0x00, 0x08,
    0x00, 0x08, 0x20, 0x08, 0xff, 0xff, 0xff, 0xff, 0xff, 0xff, 0xff, 0xff,
    0xff, 0xff, 0xff, 0xff, 0xff, 0xff, 0xff, 0xff, 0xff, 0xff, 0xff, 0xff,
    0xff, 0xff, 0xff, 0xff, 0xff, 0xff, 0xff, 0xff, 0xff, 0xff, 0xff, 0xff,
    0xff, 0xff, 0xff, 0xff, 0xff, 0xff, 0xff, 0xff, 0xff, 0xff, 0xff, 0xff,
    0xff, 0xff, 0xff, 0xff, 0xff, 0xff, 0xff, 0xff, 0x20, 0x00, 0x00, 0x48,
    0x6c, 0xc3, 0xc9, 0xfa, 0xc9, 0xfa, 0xc9, 0xfa, 0xc9, 0xfa, 0xc9, 0xfa,
    0xc9, 0xfa, 0xc9, 0xfa, 0xc9, 0xfa, 0xc9, 0xfa, 0xc9, 0xfa, 0xc9, 0xfa,
    0xc9, 0xfa, 0xc9, 0xfa, 0xc9, 0xfa, 0xc8, 0xfa, 0xc9, 0xfa, 0xc9, 0xfa,
    0xc9, 0xfa, 0xc9, 0xfa, 0xc9, 0xfa, 0xc9, 0xfa, 0xc8, 0xfa, 0xc9, 0xfa,
    0xc9, 0xfa, 0xc8, 0xfa, 0xc9, 0xfa, 0xc9, 0xfa, 0xc8, 0xfa, 0xc9, 0xfa,
    0xc9, 0xfa, 0xc8, 0xfa, 0xc9, 0xfa, 0xc9, 0xfa, 0xc9, 0xfa, 0xc9, 0xfa,
    0xc9, 0xfa, 0xc9, 0xfa, 0xc8, 0xfa, 0xc9, 0xfa, 0xc9, 0xfa, 0xc9, 0xfa,
    0xc9, 0xfa, 0xc9, 0xfa, 0xc9, 0xfa, 0xc9, 0xfa, 0xc9, 0xfa, 0xc9, 0xfa,
    0xc9, 0xfa, 0xc8, 0xfa, 0xc9, 0xfa, 0xe3, 0x38, 0x00, 0x10, 0x20, 0x08,
    0x00, 0x08, 0x20, 0x08, 0x00, 0x08, 0x20, 0x00, 0xff, 0xff, 0xff, 0xff,
    0xff, 0xff, 0xff, 0xff, 0xff, 0xff, 0xff, 0xff, 0xff, 0xff, 0xff, 0xff,
    0xff, 0xff, 0xff, 0xff, 0xff, 0xff, 0xff, 0xff, 0xff, 0xff, 0xff, 0xff,
    0xff, 0xff, 0xff, 0xff, 0xff, 0xff, 0x00, 0x10, 0xa2, 0x28, 0xc9, 0xfa,
    0xc9, 0xfa, 0xc9, 0xfa, 0xc9, 0xfa, 0xc9, 0xfa, 0xc8, 0xfa, 0xc9, 0xfa,
    0xc9, 0xfa, 0xc9, 0xfa, 0xc9, 0xfa, 0xc9, 0xfa, 0xc9, 0xfa, 0xc9, 0xfa,
    0xc9, 0xfa, 0xc8, 0xfa, 0xc9, 0xfa, 0xc9, 0xfa, 0xc9, 0xfa, 0xc9, 0xfa,
    0xc9, 0xfa, 0xc9, 0xfa, 0xc9, 0xfa, 0xc9, 0xfa, 0xc9, 0xfa, 0x2a, 0xe3,
    0x23, 0x99, 0x00, 0x08, 0x00, 0x08, 0x00, 0x00, 0x00, 0x08, 0x20, 0x08,
    0x00, 0x08, 0xff, 0xff, 0xff, 0xff, 0xff, 0xff, 0xff, 0xff, 0xff, 0xff,
    0xff, 0xff, 0xff, 0xff, 0xff, 0xff, 0xff, 0xff, 0xff, 0xff, 0xff, 0xff,
    0xff, 0xff, 0xff, 0xff, 0xff, 0xff, 0xff, 0xff, 0xff, 0xff, 0xff, 0xff,
    0x20, 0x00, 0x00, 0x38, 0x0b, 0xab, 0xc9, 0xfa, 0xc9, 0xfa, 0xc9, 0xfa,
    0xc9, 0xfa, 0xc9, 0xfa, 0xc9, 0xfa, 0xc9, 0xfa, 0xc9, 0xfa, 0xc9, 0xfa,
    0xc9, 0xfa, 0xc9, 0xfa, 0xc9, 0xfa, 0xc9, 0xfa, 0xc9, 0xfa, 0xc9, 0xfa,
    0xc8, 0xfa, 0xc9, 0xfa, 0xc9, 0xfa, 0xc9, 0xfa, 0xc9, 0xfa, 0xc9, 0xfa,
    0xc9, 0xfa, 0xc9, 0xfa, 0xc9, 0xfa, 0xca, 0xa2, 0x00, 0x38, 0x00, 0x08,
    0x00, 0x00, 0x00, 0x08, 0x20, 0x08, 0x21, 0x00, 0xff, 0xff, 0xff, 0xff,
    0xff, 0xff, 0xff, 0xff, 0x21, 0x00, 0x00, 0x20, 0xc6, 0x59, 0xc9, 0xfa,
    0xc9, 0xfa, 0xc9, 0xfa, 0xc9, 0xfa, 0xc9, 0xfa, 0xc9, 0xfa, 0xc9, 0xfa,
    0xc9, 0xfa, 0xc9, 0xfa, 0xc9, 0xfa, 0xc9, 0xfa, 0xc9, 0xfa, 0xc9, 0xfa,
    0xc9, 0xfa, 0xc9, 0xfa, 0xc9, 0xfa, 0xc9, 0xfa, 0xc8, 0xfa, 0xc9, 0xfa,
    0xc9, 0xfa, 0xc8, 0xfa, 0xc9, 0xfa, 0xc9, 0xfa, 0xc8, 0xfa, 0x6c, 0xcb,
    0x40, 0x68, 0x00, 0x08, 0x00, 0x08, 0x00, 0x08, 0x20, 0x08, 0x20, 0x00,
    0xff, 0xff, 0xff, 0xff, 0xff, 0xff, 0xff, 0xff, 0xff, 0xff, 0xff, 0xff,
    0xff, 0xff, 0xff, 0xff, 0xff, 0xff, 0xff, 0xff, 0xff, 0xff, 0xff, 0xff,
    0xff, 0xff, 0xff, 0xff, 0xff, 0xff, 0xff, 0xff, 0xff, 0xff, 0xff, 0xff,
    0xff, 0xff, 0xff, 0xff, 0xff, 0xff, 0xff, 0xff, 0xff, 0xff, 0xff, 0xff,
    0xff, 0xff, 0xff, 0xff, 0xff, 0xff, 0xff, 0xff, 0xff, 0xff, 0xff, 0xff,
    0xff, 0xff, 0xff, 0xff, 0xff, 0xff, 0xff, 0xff, 0xff, 0xff, 0xff, 0xff,
    0xff, 0xff, 0xff, 0xff, 0xff, 0xff, 0xff, 0xff, 0xff, 0xff, 0xff, 0xff,
    0xff, 0xff, 0x20, 0x08, 0x00, 0x08, 0x43, 0x99, 0x2b, 0xe3, 0xc9, 0xfa,
    0xc9, 0xfa, 0xc9, 0xfa, 0xc9, 0xfa, 0xc9, 0xfa, 0xc9, 0xfa, 0xc9, 0xfa,
    0xc9, 0xfa, 0xc9, 0xfa, 0xc9, 0xfa, 0xc9, 0xfa, 0xc9, 0xfa, 0xc9, 0xfa,
    0xc9, 0xfa, 0xc9, 0xfa, 0xc9, 0xfa, 0xc9, 0xfa, 0xc9, 0xfa, 0xc9, 0xfa,
    0xc9, 0xfa, 0xc9, 0xfa, 0xc9, 0xfa, 0xc9, 0xfa, 0xc9, 0xfa, 0xa2, 0x28,
    0x00, 0x10, 0x00, 0x00, 0x00, 0x08, 0x00, 0x00, 0x20, 0x08, 0xff, 0xff,
    0xff, 0xff, 0xff, 0xff, 0xff, 0xff, 0xff, 0xff, 0x21, 0x00, 0x00, 0x48,
    0x6c, 0xc3, 0xc9, 0xfa, 0xc9, 0xfa, 0xc9, 0xfa, 0xc9, 0xfa, 0xc9, 0xfa,
    0xc9, 0xfa, 0xc9, 0xfa, 0xc9, 0xfa, 0xc9, 0xfa, 0xc9, 0xfa, 0xc9, 0xfa,
    0xc9, 0xfa, 0xc9, 0xfa, 0xc9, 0xfa, 0xc8, 0xfa, 0xc9, 0xfa, 0xc9, 0xfa,
    0xc9, 0xfa, 0xc9, 0xfa, 0xc9, 0xfa, 0xc9, 0xfa, 0xc8, 0xfa, 0xc9, 0xfa,
    0xc9, 0xfa, 0xc9, 0xfa, 0xc9, 0xfa, 0xc9, 0xfa, 0xc9, 0xfa, 0xc9, 0xfa,
    0xc8, 0xfa, 0xc9, 0xfa, 0xc9, 0xfa, 0xc8, 0xfa, 0xc9, 0xfa, 0xc9, 0xfa,
    0xc9, 0xfa, 0xc9, 0xfa, 0xc9, 0xfa, 0xc9, 0xfa, 0xc9, 0xfa, 0xc8, 0xfa,
    0xc9, 0xfa, 0xc9, 0xfa, 0xc9, 0xfa, 0xc9, 0xfa, 0xc9, 0xfa, 0xc9, 0xfa,
    0xc9, 0xfa, 0xc9, 0xfa, 0xc9, 0xfa, 0xc9, 0xfa, 0xc9, 0xfa, 0xc8, 0xfa,
    0xc9, 0xfa, 0xc9, 0xfa, 0xc8, 0xfa, 0xc9, 0xfa, 0xc9, 0xfa, 0xc9, 0xfa,
    0xc9, 0xfa, 0xc9, 0xfa, 0xc9, 0xfa, 0xc8, 0xfa, 0xc9, 0xfa, 0xc9, 0xfa,
    0xc9, 0xfa, 0xc8, 0xfa, 0xc9, 0xfa, 0xc9, 0xfa, 0xc9, 0xfa, 0xc8, 0xfa,
    0xc9, 0xfa, 0xc9, 0xfa, 0xc9, 0xfa, 0xe9, 0xfa, 0x47, 0xda, 0x00, 0x08,
    0x00, 0x08, 0x20, 0x00, 0x00, 0x08, 0x00, 0x08, 0x00, 0x00, 0xff, 0xff,
    0xff, 0xff, 0xff, 0xff, 0xff, 0xff, 0xff, 0xff, 0xff, 0xff, 0xff, 0xff,
    0xff, 0xff, 0xff, 0xff, 0xff, 0xff, 0xff, 0xff, 0xff, 0xff, 0xff, 0xff,
    0xff, 0xff, 0xff, 0xff, 0xff, 0xff, 0xff, 0xff, 0xff, 0xff, 0xff, 0xff,
    0xff, 0xff, 0xff, 0xff, 0xff, 0xff, 0xff, 0xff, 0xff, 0xff, 0xff, 0xff,
    0xff, 0xff, 0x20, 0x00, 0x00, 0x48, 0x8d, 0xc3, 0xc9, 0xfa, 0xc9, 0xfa,
    0xc9, 0xfa, 0xc9, 0xfa, 0xc9, 0xfa, 0xc9, 0xfa, 0xc9, 0xfa, 0xc9, 0xfa,
    0xc8, 0xfa, 0xc9, 0xfa, 0xc9, 0xfa, 0xc9, 0xfa, 0xc9, 0xfa, 0xc9, 0xfa,
    0xc9, 0xfa, 0xc9, 0xfa, 0xc9, 0xfa, 0xc8, 0xfa, 0xc9, 0xfa, 0xc9, 0xfa,
    0xc9, 0xfa, 0xc9, 0xfa, 0xc9, 0xfa, 0xc9, 0xfa, 0xc9, 0xfa, 0xc9, 0xfa,
    0xc9, 0xfa, 0xc9, 0xfa, 0xc9, 0xfa, 0xc9, 0xfa, 0xc9, 0xfa, 0xc9, 0xfa,
    0xc9, 0xfa, 0xc8, 0xfa, 0xc9, 0xfa, 0xc9, 0xfa, 0xc9, 0xfa, 0xc9, 0xfa,
    0xc9, 0xfa, 0xc8, 0xfa, 0xc9, 0xfa, 0xc9, 0xfa, 0xc9, 0xfa, 0xc9, 0xfa,
    0xc9, 0xfa, 0xc9, 0xfa, 0xc9, 0xfa, 0xc9, 0xfa, 0xc9, 0xfa, 0xc9, 0xfa,
    0xe2, 0x38, 0x00, 0x10, 0x00, 0x08, 0x00, 0x08, 0x00, 0x00, 0x20, 0x08,
    0xff, 0xff, 0xff, 0xff, 0xff, 0xff, 0xff, 0xff, 0xff, 0xff, 0xff, 0xff,
    0xff, 0xff, 0xff, 0xff, 0xff, 0xff, 0xff, 0xff, 0xff, 0xff, 0xff, 0xff,
    0xff, 0xff, 0xff, 0xff, 0xff, 0xff, 0xff, 0xff, 0xff, 0xff, 0xff, 0xff,
    0x00, 0x10, 0xa2, 0x28, 0xc9, 0xfa, 0xc9, 0xfa, 0xc9, 0xfa, 0xc9, 0xfa,
    0xc9, 0xfa, 0xc9, 0xfa, 0xc9, 0xfa, 0xc9, 0xfa, 0xc8, 0xfa, 0xc9, 0xfa,
    0xc9, 0xfa, 0xc9, 0xfa, 0xc9, 0xfa, 0xc9, 0xfa, 0xc9, 0xfa, 0xc9, 0xfa,
    0xc9, 0xfa, 0xc8, 0xfa, 0xc9, 0xfa, 0xc9, 0xfa, 0xc9, 0xfa, 0xc9, 0xfa,
    0xc9, 0xfa, 0xc9, 0xfa, 0x2b, 0xe3, 0x43, 0x99, 0x00, 0x08, 0x20, 0x08,
    0x00, 0x08, 0x00, 0x08, 0x20, 0x00, 0x00, 0x08, 0xff, 0xff, 0xff, 0xff,
    0xff, 0xff, 0xff, 0xff, 0xff, 0xff, 0xff, 0xff, 0xff, 0xff, 0xff, 0xff,
    0xff, 0xff, 0xff, 0xff, 0xff, 0xff, 0xff, 0xff, 0xff, 0xff, 0xff, 0xff,
    0xff, 0xff, 0xff, 0xff, 0xff, 0xff, 0x21, 0x08, 0x00, 0x38, 0x0b, 0xab,
    0xc9, 0xfa, 0xc9, 0xfa, 0xc9, 0xfa, 0xc9, 0xfa, 0xc9, 0xfa, 0xc9, 0xfa,
    0xc8, 0xfa, 0xc9, 0xfa, 0xc9, 0xfa, 0xc9, 0xfa, 0xc8, 0xfa, 0xc9, 0xfa,
    0xc9, 0xfa, 0xc9, 0xfa, 0xc9, 0xfa, 0xc9, 0xfa, 0xc9, 0xfa, 0xc9, 0xfa,
    0xc9, 0xfa, 0xc9, 0xfa, 0xc8, 0xfa, 0xc9, 0xfa, 0xc9, 0xfa, 0xc8, 0xfa,
    0xca, 0xa2, 0x00, 0x30, 0x20, 0x08, 0x00, 0x08, 0x00, 0x08, 0x00, 0x08,
    0x20, 0x00, 0xff, 0xff, 0xff, 0xff, 0xff, 0xff, 0xff, 0xff, 0x21, 0x08,
    0x00, 0x20, 0xc6, 0x59, 0xc9, 0xfa, 0xc9, 0xfa, 0xc9, 0xfa, 0xc9, 0xfa,
    0xc9, 0xfa, 0xc9, 0xfa, 0xc9, 0xfa, 0xc8, 0xfa, 0xc9, 0xfa, 0xc9, 0xfa,
    0xc8, 0xfa, 0xc9, 0xfa, 0xc9, 0xfa, 0xc8, 0xfa, 0xc9, 0xfa, 0xc9, 0xfa,
    0xc9, 0xfa, 0xc9, 0xfa, 0xc9, 0xfa, 0xc9, 0xfa, 0xc9, 0xfa, 0xc9, 0xfa,
    0xc9, 0xfa, 0xc9, 0xfa, 0x4c, 0xd3, 0x40, 0x68, 0x00, 0x08, 0x00, 0x08,
    0x00, 0x00, 0x00, 0x08, 0x20, 0x00, 0xff, 0xff, 0xff, 0xff, 0xff, 0xff,
    0xff, 0xff, 0xff, 0xff, 0xff, 0xff, 0xff, 0xff, 0xff, 0xff, 0xff, 0xff,
    0xff, 0xff, 0xff, 0xff, 0xff, 0xff, 0xff, 0xff, 0xff, 0xff, 0xff, 0xff,
    0xff, 0xff, 0xff, 0xff, 0xff, 0xff, 0xff, 0xff, 0xff, 0xff, 0xff, 0xff,
    0xff, 0xff, 0xff, 0xff, 0xff, 0xff, 0xff, 0xff, 0xff, 0xff, 0xff, 0xff,
    0xff, 0xff, 0xff, 0xff, 0xff, 0xff, 0xff, 0xff, 0xff, 0xff, 0xff, 0xff,
    0xff, 0xff, 0xff, 0xff, 0xff, 0xff, 0xff, 0xff, 0xff, 0xff, 0xff, 0xff,
    0xff, 0xff, 0xff, 0xff, 0xff, 0xff, 0xff, 0xff, 0x00, 0x00, 0x00, 0x08,
    0x43, 0xa1, 0x2a, 0xe3, 0xc9, 0xfa, 0xc9, 0xfa, 0xc9, 0xfa, 0xc9, 0xfa,
    0xc9, 0xfa, 0xc8, 0xfa, 0xc9, 0xfa, 0xc9, 0xfa, 0xc8, 0xfa, 0xc9, 0xfa,
    0xc9, 0xfa, 0xc8, 0xfa, 0xc9, 0xfa, 0xc9, 0xfa, 0xc8, 0xfa, 0xc9, 0xfa,
    0xc9, 0xfa, 0xc8, 0xfa, 0xc9, 0xfa, 0xc9, 0xfa, 0xc9, 0xfa, 0xc9, 0xfa,
    0xc8, 0xfa, 0xc9, 0xfa, 0xa2, 0x28, 0x00, 0x10, 0x00, 0x08, 0x00, 0x08,
    0x20, 0x08, 0x00, 0x00, 0xff, 0xff, 0xff, 0xff, 0xff, 0xff, 0xff, 0xff,
    0xff, 0xff, 0x20, 0x00, 0x00, 0x48, 0x8c, 0xc3, 0xc9, 0xfa, 0xc9, 0xfa,
    0xc8, 0xfa, 0xc9, 0xfa, 0xc9, 0xfa, 0xc8, 0xfa, 0xc9, 0xfa, 0xc9, 0xfa,
    0xc8, 0xfa, 0xc9, 0xfa, 0xc9, 0xfa, 0xc9, 0xfa, 0xc9, 0xfa, 0xc9, 0xfa,
    0xc9, 0xfa, 0xc9, 0xfa, 0xc8, 0xfa, 0xc9, 0xfa, 0xc9, 0xfa, 0xc9, 0xfa,
    0xc9, 0xfa, 0xc9, 0xfa, 0xc9, 0xfa, 0xc9, 0xfa, 0xc8, 0xfa, 0xc9, 0xfa,
    0xc9, 0xfa, 0xc9, 0xfa, 0xc9, 0xfa, 0xc9, 0xfa, 0xc9, 0xfa, 0xc9, 0xfa,
    0xc9, 0xfa, 0xc9, 0xfa, 0xc8, 0xfa, 0xc9, 0xfa, 0xc9, 0xfa, 0xc9, 0xfa,
    0xc9, 0xfa, 0xc9, 0xfa, 0xc9, 0xfa, 0xc9, 0xfa, 0xc8, 0xfa, 0xc9, 0xfa,
    0xc9, 0xfa, 0xc8, 0xfa, 0xc9, 0xfa, 0xc9, 0xfa, 0xc8, 0xfa, 0xc9, 0xfa,
    0xc9, 0xfa, 0xc9, 0xfa, 0xc9, 0xfa, 0xc9, 0xfa, 0xc9, 0xfa, 0xc9, 0xfa,
    0xc9, 0xfa, 0xc9, 0xfa, 0xc8, 0xfa, 0xc9, 0xfa, 0xc9, 0xfa, 0xc9, 0xfa,
    0xc9, 0xfa, 0xc9, 0xfa, 0xc9, 0xfa, 0xc9, 0xfa, 0xc9, 0xfa, 0xc9, 0xfa,
    0xc9, 0xfa, 0xc9, 0xfa, 0xc9, 0xfa, 0xc9, 0xfa, 0xc9, 0xfa, 0xc9, 0xfa,
    0xc9, 0xf2, 0x47, 0xda, 0x00, 0x08, 0x00, 0x08, 0x00, 0x08, 0x20, 0x08,
    0x00, 0x00, 0x00, 0x08, 0xff, 0xff, 0xff, 0xff, 0xff, 0xff, 0xff, 0xff,
    0xff, 0xff, 0xff, 0xff, 0xff, 0xff, 0xff, 0xff, 0xff, 0xff, 0xff, 0xff,
    0xff, 0xff, 0xff, 0xff, 0xff, 0xff, 0xff, 0xff, 0xff, 0xff, 0xff, 0xff,
    0xff, 0xff, 0xff, 0xff, 0xff, 0xff, 0xff, 0xff, 0xff, 0xff, 0xff, 0xff,
    0xff, 0xff, 0xff, 0xff, 0xff, 0xff, 0xff, 0xff, 0x21, 0x00, 0x00, 0x48,
    0x8c, 0xc3, 0xc9, 0xfa, 0xc9, 0xfa, 0xc9, 0xfa, 0xc8, 0xfa, 0xc9, 0xfa,
    0xc9, 0xfa, 0xc8, 0xfa, 0xc9, 0xfa, 0xc9, 0xfa, 0xc9, 0xfa, 0xc9, 0xfa,
    0xc8, 0xfa, 0xc9, 0xfa, 0xc9, 0xfa, 0xc9, 0xfa, 0xc9, 0xfa, 0xc9, 0xfa,
    0xc9, 0xfa, 0xc9, 0xfa, 0xc8, 0xfa, 0xc9, 0xfa, 0xc9, 0xfa, 0xc9, 0xfa,
    0xc9, 0xfa, 0xc9, 0xfa, 0xc9, 0xfa, 0xc9, 0xfa, 0xc9, 0xfa, 0xc9, 0xfa,
    0xc9, 0xfa, 0xc9, 0xfa, 0xc9, 0xfa, 0xc9, 0xfa, 0xc9, 0xfa, 0xc9, 0xfa,
    0xc9, 0xfa, 0xc8, 0xfa, 0xc9, 0xfa, 0xc9, 0xfa, 0xc9, 0xfa, 0xc9, 0xfa,
    0xc8, 0xfa, 0xc9, 0xfa, 0xc9, 0xfa, 0xc8, 0xfa, 0xc9, 0xfa, 0xc9, 0xfa,
    0xc8, 0xfa, 0xc9, 0xfa, 0xc9, 0xfa, 0xe2, 0x38, 0x00, 0x10, 0x20, 0x08,
    0x00, 0x08, 0x00, 0x08, 0x00, 0x08, 0xff, 0xff, 0xff, 0xff, 0xff, 0xff,
    0xff, 0xff, 0xff, 0xff, 0xff, 0xff, 0xff, 0xff, 0xff, 0xff, 0xff, 0xff,
    0xff, 0xff, 0xff, 0xff, 0xff, 0xff, 0xff, 0xff, 0xff, 0xff, 0xff, 0xff,
    0xff, 0xff, 0xff, 0xff, 0xff, 0xff, 0x00, 0x10, 0xa2, 0x28, 0xc9, 0xfa,
    0xc9, 0xfa, 0xc9, 0xfa, 0xc8, 0xfa, 0xc9, 0xfa, 0xc9, 0xfa, 0xc9, 0xfa,
    0xc9, 0xfa, 0xc9, 0xfa, 0xc9, 0xfa, 0xc8, 0xfa, 0xc9, 0xfa, 0xc9, 0xfa,
    0xc8, 0xfa, 0xc9, 0xfa, 0xc9, 0xfa, 0xc9, 0xfa, 0xc9, 0xfa, 0xc9, 0xfa,
    0xc9, 0xfa, 0xc8, 0xfa, 0xc9, 0xfa, 0xc9, 0xfa, 0xc9, 0xfa, 0x2a, 0xe3,
    0x23, 0x99, 0x00, 0x08, 0x00, 0x08, 0x20, 0x00, 0x00, 0x08, 0x00, 0x08,
    0x00, 0x00, 0xff, 0xff, 0xff, 0xff, 0xff, 0xff, 0xff, 0xff, 0xff, 0xff,
    0xff, 0xff, 0xff, 0xff, 0xff, 0xff, 0xff, 0xff, 0xff, 0xff, 0xff, 0xff,
    0xff, 0xff, 0xff, 0xff, 0xff, 0xff, 0xff, 0xff, 0xff, 0xff, 0xff, 0xff,
    0x20, 0x00, 0x00, 0x38, 0x0b, 0xab, 0xc9, 0xfa, 0xc9, 0xfa, 0xc8, 0xfa,
    0xc9, 0xfa, 0xc9, 0xfa, 0xc9, 0xfa, 0xc9, 0xfa, 0xc9, 0xfa, 0xc9, 0xfa,
    0xc9, 0xfa, 0xc9, 0xfa, 0xc9, 0xfa, 0xc9, 0xfa, 0xc8, 0xfa, 0xc9, 0xfa,
    0xc9, 0xfa, 0xc9, 0xfa, 0xc9, 0xfa, 0xc9, 0xfa, 0xc9, 0xfa, 0xc9, 0xfa,
    0xc9, 0xfa, 0xc9, 0xfa, 0xc9, 0xfa, 0xca, 0xa2, 0x00, 0x38, 0x00, 0x08,
    0x00, 0x00, 0x20, 0x08, 0x00, 0x08, 0x20, 0x00, 0xff, 0xff, 0xff, 0xff,
    0xff, 0xff, 0xff, 0xff, 0x20, 0x00, 0x00, 0x20, 0xc6, 0x59, 0xc9, 0xfa,
    0xc9, 0xfa, 0xc9, 0xfa, 0xc8, 0xfa, 0xc9, 0xfa, 0xc9, 0xfa, 0xc9, 0xfa,
    0xc9, 0xfa, 0xc9, 0xfa, 0xc9, 0xfa, 0xc9, 0xfa, 0xc9, 0xfa, 0xc9, 0xfa,
    0xc9, 0xfa, 0xc9, 0xfa, 0xc9, 0xfa, 0xc8, 0xfa, 0xc9, 0xfa, 0xc9, 0xfa,
    0xc9, 0xfa, 0xc9, 0xfa, 0xc8, 0xfa, 0xc9, 0xfa, 0xc9, 0xfa, 0x6c, 0xd3,
    0x40, 0x68, 0x20, 0x08, 0x20, 0x08, 0x00, 0x08, 0x00, 0x08, 0x20, 0x00,
    0xff, 0xff, 0xff, 0xff, 0xff, 0xff, 0xff, 0xff, 0xff, 0xff, 0xff, 0xff,
    0xff, 0xff, 0xff, 0xff, 0xff, 0xff, 0xff, 0xff, 0xff, 0xff, 0xff, 0xff,
    0xff, 0xff, 0xff, 0xff, 0xff, 0xff, 0xff, 0xff, 0xff, 0xff, 0xff, 0xff,
    0xff, 0xff, 0xff, 0xff, 0xff, 0xff, 0xff, 0xff, 0xff, 0xff, 0xff, 0xff,
    0xff, 0xff, 0xff, 0xff, 0xff, 0xff, 0xff, 0xff, 0xff, 0xff, 0xff, 0xff,
    0xff, 0xff, 0xff, 0xff, 0xff, 0xff, 0xff, 0xff, 0xff, 0xff, 0xff, 0xff,
    0xff, 0xff, 0xff, 0xff, 0xff, 0xff, 0xff, 0xff, 0xff, 0xff, 0xff, 0xff,
    0xff, 0xff, 0x00, 0x08, 0x00, 0x08, 0x23, 0x99, 0x2b, 0xe3, 0xc9, 0xfa,
    0xc9, 0xfa, 0xc8, 0xfa, 0xc9, 0xfa, 0xc9, 0xfa, 0xc9, 0xfa, 0xc9, 0xfa,
    0xc9, 0xfa, 0xc9, 0xfa, 0xc9, 0xfa, 0xc9, 0xfa, 0xc9, 0xfa, 0xc9, 0xfa,
    0xc9, 0xfa, 0xc9, 0xfa, 0xc9, 0xfa, 0xc9, 0xfa, 0xc9, 0xfa, 0xc9, 0xfa,
    0xc9, 0xfa, 0xc8, 0xfa, 0xc9, 0xfa, 0xc9, 0xfa, 0xc9, 0xfa, 0xa2, 0x20,
    0x00, 0x10, 0x00, 0x08, 0x20, 0x08, 0x00, 0x08, 0x00, 0x08, 0xff, 0xff,
    0xff, 0xff, 0xff, 0xff, 0xff, 0xff, 0xff, 0xff, 0x20, 0x00, 0x00, 0x48,
    0x8d, 0xc3, 0xc9, 0xfa, 0xc9, 0xfa, 0xc9, 0xfa, 0xc9, 0xfa, 0xc9, 0xfa,
    0xc9, 0xfa, 0xc9, 0xfa, 0xc9, 0xfa, 0xc9, 0xfa, 0xc9, 0xfa, 0xc8, 0xfa,
    0xc9, 0xfa, 0xc9, 0xfa, 0xc8, 0xfa, 0xc9, 0xfa, 0xc9, 0xfa, 0xc9, 0xfa,
    0xc9, 0xfa, 0xc9, 0xfa, 0xc8, 0xfa, 0xc9, 0xfa, 0xc9, 0xfa, 0xc9, 0xfa,
    0xc9, 0xfa, 0xc9, 0xfa, 0xc9, 0xfa, 0xc9, 0xfa, 0xc8, 0xfa, 0xc9, 0xfa,
    0xc9, 0xfa, 0xc9, 0xfa, 0xc9, 0xfa, 0xc9, 0xfa, 0xc9, 0xfa, 0xc9, 0xfa,
    0xc9, 0xfa, 0xc8, 0xfa, 0xc9, 0xfa, 0xc9, 0xfa, 0xc8, 0xfa, 0xc9, 0xfa,
    0xc9, 0xfa, 0xc9, 0xfa, 0xc9, 0xfa, 0xc9, 0xfa, 0xc9, 0xfa, 0xc9, 0xfa,
    0xc9, 0xfa, 0xc9, 0xfa, 0xc9, 0xfa, 0xc8, 0xfa, 0xc9, 0xfa, 0xc9, 0xfa,
    0xc9, 0xfa, 0xc9, 0xfa, 0xc9, 0xfa, 0xc9, 0xfa, 0xc9, 0xfa, 0xc9, 0xfa,
    0xc9, 0xfa, 0xc8, 0xfa, 0xc9, 0xfa, 0xc9, 0xfa, 0xc9, 0xfa, 0xc8, 0xfa,
    0xc9, 0xfa, 0xc9, 0xfa, 0xc9, 0xfa, 0xc8, 0xfa, 0xc9, 0xfa, 0xc9, 0xfa,
    0xc9, 0xfa, 0xc8, 0xfa, 0xc9, 0xfa, 0xe9, 0xfa, 0x47, 0xda, 0x00, 0x08,
    0x00, 0x08, 0x00, 0x08, 0x00, 0x00, 0x20, 0x08, 0x00, 0x08, 0xff, 0xff,
    0xff, 0xff, 0xff, 0xff, 0xff, 0xff, 0xff, 0xff, 0xff, 0xff, 0xff, 0xff,
    0xff, 0xff, 0xff, 0xff, 0xff, 0xff, 0xff, 0xff, 0xff, 0xff, 0xff, 0xff,
    0xff, 0xff, 0xff, 0xff, 0xff, 0xff, 0xff, 0xff, 0xff, 0xff, 0xff, 0xff,
    0xff, 0xff, 0xff, 0xff, 0xff, 0xff, 0xff, 0xff, 0xff, 0xff, 0xff, 0xff,
    0xff, 0xff, 0x20, 0x00, 0x00, 0x48, 0x6d, 0xc3, 0xc9, 0xfa, 0xc9, 0xfa,
    0xc9, 0xfa, 0xc9, 0xfa, 0xc9, 0xfa, 0xc9, 0xfa, 0xc9, 0xfa, 0xc9, 0xfa,
    0xc9, 0xfa, 0xc9, 0xfa, 0xc9, 0xfa, 0xc9, 0xfa, 0xc9, 0xfa, 0xc8, 0xfa,
    0xc9, 0xfa, 0xc9, 0xfa, 0xc8, 0xfa, 0xc9, 0xfa, 0xc9, 0xfa, 0xc9, 0xfa,
    0xc9, 0xfa, 0xc9, 0xfa, 0xc8, 0xfa, 0xc9, 0xfa, 0xc9, 0xfa, 0xc8, 0xfa,
    0xc9, 0xfa, 0xc9, 0xfa, 0xc8, 0xfa, 0xc9, 0xfa, 0xc9, 0xfa, 0xc8, 0xfa,
    0xc9, 0xfa, 0xc9, 0xfa, 0xc9, 0xfa, 0xc9, 0xfa, 0xc9, 0xfa, 0xc9, 0xfa,
    0xc9, 0xfa, 0xc9, 0xfa, 0xc9, 0xfa, 0xc9, 0xfa, 0xc9, 0xfa, 0xc9, 0xfa,
    0xc9, 0xfa, 0xc9, 0xfa, 0xc9, 0xfa, 0xc9, 0xfa, 0xc9, 0xfa, 0xc9, 0xfa,
    0xe3, 0x38, 0x00, 0x10, 0x00, 0x08, 0x20, 0x08, 0x00, 0x00, 0x00, 0x08,
    0xff, 0xff, 0xff, 0xff, 0xff, 0xff, 0xff, 0xff, 0xff, 0xff, 0xff, 0xff,
    0xff, 0xff, 0xff, 0xff, 0xff, 0xff, 0xff, 0xff, 0xff, 0xff, 0xff, 0xff,
    0xff, 0xff, 0xff, 0xff, 0xff, 0xff, 0xff, 0xff, 0xff, 0xff, 0xff, 0xff,
    0x00, 0x10, 0xa2, 0x20, 0xc9, 0xfa, 0xc9, 0xfa, 0xc9, 0xfa, 0xc9, 0xfa,
    0xc9, 0xfa, 0xc9, 0xfa, 0xc8, 0xfa, 0xc9, 0xfa, 0xc9, 0xfa, 0xc9, 0xfa,
    0xc9, 0xfa, 0xc9, 0xfa, 0xc9, 0xfa, 0xc9, 0xfa, 0xc9, 0xfa, 0xc9, 0xfa,
    0xc9, 0xfa, 0xc9, 0xfa, 0xc9, 0xfa, 0xc9, 0xfa, 0xc9, 0xfa, 0xc9, 0xfa,
    0xc9, 0xfa, 0xc9, 0xfa, 0x2a, 0xe3, 0x23, 0x99, 0x00, 0x08, 0x00, 0x08,
    0x00, 0x08, 0x00, 0x08, 0x20, 0x08, 0x00, 0x08, 0xff, 0xff, 0xff, 0xff,
    0xff, 0xff, 0xff, 0xff, 0xff, 0xff, 0xff, 0xff, 0xff, 0xff, 0xff, 0xff,
    0xff, 0xff, 0xff, 0xff, 0xff, 0xff, 0xff, 0xff, 0xff, 0xff, 0xff, 0xff,
    0xff, 0xff, 0xff, 0xff, 0xff, 0xff, 0x20, 0x00, 0x00, 0x38, 0x0b, 0xab,
    0xc9, 0xfa, 0xc9, 0xfa, 0xc9, 0xfa, 0xc9, 0xfa, 0xc9, 0xfa, 0xc8, 0xfa,
    0xc9, 0xfa, 0xc9, 0xfa, 0xc9, 0xfa, 0xc9, 0xfa, 0xc9, 0xfa, 0xc9, 0xfa,
    0xc9, 0xfa, 0xc9, 0xfa, 0xc9, 0xfa, 0xc9, 0xfa, 0xc8, 0xfa, 0xc9, 0xfa,
    0xc9, 0xfa, 0xc8, 0xfa, 0xc9, 0xfa, 0xc9, 0xfa, 0xc9, 0xfa, 0xc9, 0xfa,
    0xca, 0xa2, 0x00, 0x30, 0x00, 0x08, 0x00, 0x08, 0x20, 0x00, 0x00, 0x08,
    0x20, 0x00, 0xff, 0xff, 0xff, 0xff, 0xff, 0xff, 0xff, 0xff, 0x20, 0x00,
    0x00, 0x20, 0xe6, 0x59, 0xc9, 0xfa, 0xc9, 0xfa, 0xc9, 0xfa, 0xc9, 0xfa,
    0xc9, 0xfa, 0xc9, 0xfa, 0xc8, 0xfa, 0xc9, 0xfa, 0xc9, 0xfa, 0xc9, 0xfa,
    0xc9, 0xfa, 0xc9, 0xfa, 0xc9, 0xfa, 0xc9, 0xfa, 0xc9, 0xfa, 0xc9, 0xfa,
    0xc9, 0xfa, 0xc9, 0xfa, 0xc9, 0xfa, 0xc8, 0xfa, 0xc9, 0xfa, 0xc9, 0xfa,
    0xc9, 0xfa, 0xc9, 0xfa, 0x6c, 0xd3, 0x40, 0x68, 0x00, 0x08, 0x00, 0x08,
    0x20, 0x00, 0x00, 0x08, 0x21, 0x00, 0xff, 0xff, 0xff, 0xff, 0xff, 0xff,
    0xff, 0xff, 0xff, 0xff, 0xff, 0xff, 0xff, 0xff, 0xff, 0xff, 0xff, 0xff,
    0xff, 0xff, 0xff, 0xff, 0xff, 0xff, 0xff, 0xff, 0xff, 0xff, 0xff, 0xff,
    0xff, 0xff, 0xff, 0xff, 0xff, 0xff, 0xff, 0xff, 0xff, 0xff, 0xff, 0xff,
    0xff, 0xff, 0xff, 0xff, 0xff, 0xff, 0xff, 0xff, 0xff, 0xff, 0xff, 0xff,
    0xff, 0xff, 0xff, 0xff, 0xff, 0xff, 0xff, 0xff, 0xff, 0xff, 0xff, 0xff,
    0xff, 0xff, 0xff, 0xff, 0xff, 0xff, 0xff, 0xff, 0xff, 0xff, 0xff, 0xff,
    0xff, 0xff, 0xff, 0xff, 0xff, 0xff, 0xff, 0xff, 0x20, 0x08, 0x00, 0x08,
    0x43, 0x99, 0x2a, 0xe3, 0xc9, 0xfa, 0xc9, 0xfa, 0xc9, 0xfa, 0xc9, 0xfa,
    0xc9, 0xfa, 0xc9, 0xfa, 0xc9, 0xfa, 0xc9, 0xfa, 0xc9, 0xfa, 0xc9, 0xfa,
    0xc9, 0xfa, 0xc9, 0xfa, 0xc8, 0xfa, 0xc9, 0xfa, 0xc9, 0xfa, 0xc9, 0xfa,
    0xc9, 0xfa, 0xc9, 0xfa, 0xc9, 0xfa, 0xc9, 0xfa, 0xc9, 0xfa, 0xc9, 0xfa,
    0xc9, 0xfa, 0xc9, 0xfa, 0xa2, 0x28, 0x00, 0x10, 0x00, 0x00, 0x00, 0x00,
    0x00, 0x08, 0x00, 0x08, 0xff, 0xff, 0xff, 0xff, 0xff, 0xff, 0xff, 0xff,
    0xff, 0xff, 0x20, 0x00, 0x00, 0x48, 0x6d, 0xcb, 0xc9, 0xfa, 0xc9, 0xfa,
    0xc9, 0xfa, 0xc9, 0xfa, 0xc9, 0xfa, 0xc9, 0xfa, 0xc8, 0xfa, 0xc9, 0xfa,
    0xc9, 0xfa, 0xc9, 0xfa, 0xc9, 0xfa, 0xc9, 0xfa, 0xc9, 0xfa, 0xc9, 0xfa,
    0xc9, 0xfa, 0xc9, 0xfa, 0xc9, 0xfa, 0xc9, 0xfa, 0xc9, 0xfa, 0xc9, 0xfa,
    0xc9, 0xfa, 0xc9, 0xfa, 0xc8, 0xfa, 0xc9, 0xfa, 0xc9, 0xfa, 0xc9, 0xfa,
    0xc9, 0xfa, 0xc9, 0xfa, 0xc9, 0xfa, 0xc9, 0xfa, 0xc8, 0xfa, 0xc9, 0xfa,
    0xc9, 0xfa, 0xc8, 0xfa, 0xc9, 0xfa, 0xc9, 0xfa, 0xc9, 0xfa, 0xc9, 0xfa,
    0xc9, 0xfa, 0xc9, 0xfa, 0xc9, 0xfa, 0xc9, 0xfa, 0xc9, 0xfa, 0xc9, 0xfa,
    0xc9, 0xfa, 0xc9, 0xfa, 0xc8, 0xfa, 0xc9, 0xfa, 0xc9, 0xfa, 0xc9, 0xfa,
    0xc9, 0xfa, 0xc9, 0xfa, 0xc9, 0xfa, 0xc8, 0xfa, 0xc9, 0xfa, 0xc9, 0xfa,
    0xc8, 0xfa, 0xc9, 0xfa, 0xc9, 0xfa, 0xc9, 0xfa, 0xc9, 0xfa, 0xc9, 0xfa,
    0xc9, 0xfa, 0xc9, 0xfa, 0xc9, 0xfa, 0xc9, 0xfa, 0xc9, 0xfa, 0xc9, 0xfa,
    0xc9, 0xfa, 0xc9, 0xfa, 0xc9, 0xfa, 0xc9, 0xfa, 0xc9, 0xfa, 0xc9, 0xfa,
    0xc9, 0xfa, 0x47, 0xda, 0x00, 0x08, 0x00, 0x08, 0x20, 0x00, 0x00, 0x08,
    0x00, 0x08, 0x20, 0x08, 0xff, 0xff, 0xff, 0xff, 0xff, 0xff, 0xff, 0xff,
    0xff, 0xff, 0xff, 0xff, 0xff, 0xff, 0xff, 0xff, 0xff, 0xff, 0xff, 0xff,
    0xff, 0xff, 0xff, 0xff, 0xff, 0xff, 0xff, 0xff, 0xff, 0xff, 0xff, 0xff,
    0xff, 0xff, 0xff, 0xff, 0xff, 0xff, 0xff, 0xff, 0xff, 0xff, 0xff, 0xff,
    0xff, 0xff, 0xff, 0xff, 0xff, 0xff, 0xff, 0xff, 0x20, 0x00, 0x00, 0x40,
    0x8d, 0xc3, 0xc9, 0xfa, 0xc9, 0xfa, 0xe9, 0xfa, 0xc9, 0xfa, 0xc9, 0xfa,
    0xe9, 0xf2, 0xc9, 0xfa, 0xc9, 0xfa, 0xe9, 0xf2, 0xc9, 0xfa, 0xe9, 0xf2,
    0xc9, 0xfa, 0xe9, 0xf2, 0xe9, 0xfa, 0xc9, 0xf2, 0xe9, 0xf2, 0xe9, 0xfa,
    0xe9, 0xf2, 0xe9, 0xf2, 0xc9, 0xfa, 0xe9, 0xf2, 0xe9, 0xf2, 0xe9, 0xfa,
    0xc9, 0xf2, 0xe9, 0xf2, 0xe9, 0xfa, 0xc9, 0xf2, 0xe9, 0xf2, 0xe9, 0xfa,
    0xc9, 0xf2, 0xe9, 0xf2, 0xe9, 0xfa, 0xc9, 0xf2, 0xe9, 0xf2, 0xe9, 0xfa,
    0xc9, 0xf2, 0xe9, 0xf2, 0xc9, 0xfa, 0xe9, 0xf2, 0xc9, 0xf2, 0xe9, 0xfa,
    0xc9, 0xf2, 0xe9, 0xf2, 0xe9, 0xfa, 0xc9, 0xfa, 0xe9, 0xf2, 0xe9, 0xfa,
    0xc9, 0xfa, 0xe9, 0xf2, 0xe9, 0xfa, 0xe3, 0x38, 0x00, 0x10, 0x00, 0x08,
    0x00, 0x08, 0x20, 0x08, 0x00, 0x00, 0xff, 0xff, 0xff, 0xff, 0xff, 0xff,
    0xff, 0xff, 0xff, 0xff, 0xff, 0xff, 0xff, 0xff, 0xff, 0xff, 0xff, 0xff,
    0xff, 0xff, 0xff, 0xff, 0xff, 0xff, 0xff, 0xff, 0xff, 0xff, 0xff, 0xff,
    0xff, 0xff, 0xff, 0xff, 0xff, 0xff, 0x00, 0x10, 0xa2, 0x28, 0xc9, 0xfa,
    0xc9, 0xfa, 0xc9, 0xfa, 0xc9, 0xfa, 0xc9, 0xfa, 0xc9, 0xfa, 0xc9, 0xfa,
    0xc9, 0xfa, 0xc9, 0xfa, 0xc9, 0xfa, 0xc9, 0xfa, 0xc9, 0xfa, 0xc9, 0xfa,
    0xc9, 0xfa, 0xc9, 0xfa, 0xc8, 0xfa, 0xc9, 0xfa, 0xc9, 0xfa, 0xc8, 0xfa,
    0xc9, 0xfa, 0xc9, 0xfa, 0xc9, 0xfa, 0xc9, 0xfa, 0xc9, 0xfa, 0x2a, 0xe3,
    0x43, 0x99, 0x00, 0x08, 0x20, 0x08, 0x00, 0x00, 0x00, 0x08, 0x20, 0x08,
    0x00, 0x00, 0xff, 0xff, 0xff, 0xff, 0xff, 0xff, 0xff, 0xff, 0xff, 0xff,
    0xff, 0xff, 0xff, 0xff, 0xff, 0xff, 0xff, 0xff, 0xff, 0xff, 0xff, 0xff,
    0xff, 0xff, 0xff, 0xff, 0xff, 0xff, 0xff, 0xff, 0xff, 0xff, 0xff, 0xff,
    0x21, 0x00, 0x00, 0x38, 0x0b, 0xab, 0xc9, 0xfa, 0xc9, 0xfa, 0xc9, 0xfa,
    0xc9, 0xfa, 0xc9, 0xfa, 0xc9, 0xfa, 0xc9, 0xfa, 0xc9, 0xfa, 0xc8, 0xfa,
    0xc9, 0xfa, 0xc9, 0xfa, 0xc8, 0xfa, 0xc9, 0xfa, 0xc9, 0xfa, 0xc9, 0xfa,
    0xc9, 0xfa, 0xc9, 0xfa, 0xc9, 0xfa, 0xc9, 0xfa, 0xc9, 0xfa, 0xc9, 0xfa,
    0xc9, 0xfa, 0xc8, 0xfa, 0xc9, 0xfa, 0xca, 0xa2, 0x00, 0x38, 0x00, 0x08,
    0x00, 0x08, 0x00, 0x08, 0x00, 0x08, 0x20, 0x00, 0xff, 0xff, 0xff, 0xff,
    0xff, 0xff, 0xff, 0xff, 0x21, 0x08, 0x00, 0x20, 0xc6, 0x59, 0xc9, 0xfa,
    0xc9, 0xfa, 0xc9, 0xfa, 0xc9, 0xfa, 0xc9, 0xfa, 0xc9, 0xfa, 0xc9, 0xfa,
    0xc9, 0xfa, 0xc9, 0xfa, 0xc8, 0xfa, 0xc9, 0xfa, 0xc9, 0xfa, 0xc8, 0xfa,
    0xc9, 0xfa, 0xc9, 0xfa, 0xc8, 0xfa, 0xc9, 0xfa, 0xc9, 0xfa, 0xc9, 0xfa,
    0xc9, 0xfa, 0xc9, 0xfa, 0xc9, 0xfa, 0xc9, 0xfa, 0xc9, 0xfa, 0x4c, 0xd3,
    0x40, 0x68, 0x00, 0x08, 0x00, 0x08, 0x00, 0x08, 0x20, 0x08, 0x20, 0x00,
    0xff, 0xff, 0xff, 0xff, 0xff, 0xff, 0xff, 0xff, 0xff, 0xff, 0xff, 0xff,
    0xff, 0xff, 0xff, 0xff, 0xff, 0xff, 0xff, 0xff, 0xff, 0xff, 0xff, 0xff,
    0xff, 0xff, 0xff, 0xff, 0xff, 0xff, 0xff, 0xff, 0xff, 0xff, 0xff, 0xff,
    0xff, 0xff, 0xff, 0xff, 0xff, 0xff, 0xff, 0xff, 0xff, 0xff, 0xff, 0xff,
    0xff, 0xff, 0xff, 0xff, 0xff, 0xff, 0xff, 0xff, 0xff, 0xff, 0xff, 0xff,
    0xff, 0xff, 0xff, 0xff, 0xff, 0xff, 0xff, 0xff, 0xff, 0xff, 0xff, 0xff,
    0xff, 0xff, 0xff, 0xff, 0xff, 0xff, 0xff, 0xff, 0xff, 0xff, 0xff, 0xff,
    0xff, 0xff, 0x00, 0x08, 0x00, 0x00, 0x43, 0xa1, 0x2a, 0xe3, 0xc9, 0xfa,
    0xc9, 0xfa, 0xc9, 0xfa, 0xc9, 0xfa, 0xc9, 0xfa, 0xc8, 0xfa, 0xc9, 0xfa,
    0xc9, 0xfa, 0xc8, 0xfa, 0xc9, 0xfa, 0xc9, 0xfa, 0xc9, 0xfa, 0xc9, 0xfa,
    0xc9, 0xfa, 0xc9, 0xfa, 0xc8, 0xfa, 0xc9, 0xfa, 0xc9, 0xfa, 0xc8, 0xfa,
    0xc9, 0xfa, 0xc9, 0xfa, 0xc9, 0xfa, 0xc9, 0xfa, 0xc9, 0xfa, 0xa2, 0x28,
    0x00, 0x10, 0x00, 0x08, 0x20, 0x08, 0x00, 0x08, 0x00, 0x00, 0xff, 0xff,
    0xff, 0xff, 0xff, 0xff, 0xff, 0xff, 0xff, 0xff, 0x20, 0x00, 0x00, 0x40,
    0x8d, 0xc3, 0xc9, 0xfa, 0xe9, 0xfa, 0xc9, 0xfa, 0xc9, 0xfa, 0xe9, 0xfa,
    0xc9, 0xfa, 0xc9, 0xfa, 0xe9, 0xfa, 0xc9, 0xfa, 0xc9, 0xfa, 0xe9, 0xfa,
    0xc9, 0xfa, 0xc9, 0xfa, 0xe9, 0xfa, 0xc9, 0xfa, 0xc9, 0xfa, 0xe9, 0xfa,
    0xc9, 0xfa, 0xe9, 0xfa, 0xc9, 0xfa, 0xe9, 0xfa, 0xc9, 0xfa, 0xe9, 0xfa,
    0xc9, 0xf2, 0xe9, 0xfa, 0xe9, 0xfa, 0xc9, 0xf2, 0xe9, 0xfa, 0xe9, 0xf2,
    0xc9, 0xfa, 0xe9, 0xf2, 0xe9, 0xf2, 0xc9, 0xfa, 0xe9, 0xf2, 0xe9, 0xf2,
    0xc9, 0xfa, 0xe9, 0xf2, 0xe9, 0xf2, 0xe9, 0xfa, 0xe9, 0xf2, 0xe9, 0xf2,
    0xe9, 0xf2, 0xe9, 0xf2, 0xe9, 0xf2, 0xe9, 0xf2, 0xe9, 0xf2, 0xe9, 0xf2,
    0xe9, 0xf2, 0xe9, 0xf2, 0xe9, 0xf2, 0xe9, 0xf2, 0xe9, 0xf2, 0xe9, 0xf2,
    0xe9, 0xfa, 0xe9, 0xf2, 0xe9, 0xf2, 0xe9, 0xfa, 0xe9, 0xf2, 0xe9, 0xf2,
    0xe9, 0xfa, 0xe9, 0xf2, 0xe9, 0xf2, 0xe9, 0xfa, 0xe9, 0xf2, 0xe9, 0xf2,
    0xe9, 0xfa, 0xe9, 0xf2, 0xe9, 0xf2, 0xe9, 0xf2, 0xe9, 0xfa, 0xe9, 0xf2,
    0xe9, 0xf2, 0xc9, 0xfa, 0xe9, 0xf2, 0xe9, 0xf2, 0x87, 0xda, 0x00, 0x08,
    0x00, 0x08, 0x20, 0x08, 0x00, 0x08, 0x00, 0x00, 0x00, 0x08, 0xff, 0xff,
    0xff, 0xff, 0xff, 0xff, 0xff, 0xff, 0xff, 0xff, 0xff, 0xff, 0xff, 0xff,
    0xff, 0xff, 0xff, 0xff, 0xff, 0xff, 0xff, 0xff, 0xff, 0xff, 0xff, 0xff,
    0xff, 0xff, 0xff, 0xff, 0xff, 0xff, 0xff, 0xff, 0xff, 0xff, 0xff, 0xff,
    0xff, 0xff, 0xff, 0xff, 0xff, 0xff, 0xff, 0xff, 0xff, 0xff, 0xff, 0xff,
    0xff, 0xff, 0x21, 0x00, 0x00, 0x40, 0x8d, 0xc3, 0xe9, 0xfa, 0xc9, 0xf2,
    0xe9, 0xf2, 0xe9, 0xfa, 0xc9, 0xf2, 0xe9, 0xfa, 0xc9, 0xfa, 0xe9, 0xf2,
    0xc9, 0xfa, 0xe9, 0xfa, 0xc9, 0xfa, 0xc9, 0xf2, 0xe9, 0xfa, 0xc9, 0xfa,
    0xc9, 0xfa, 0xe9, 0xfa, 0xc9, 0xfa, 0xc9, 0xfa, 0xe9, 0xfa, 0xc9, 0xfa,
    0xc9, 0xfa, 0xe9, 0xfa, 0xc9, 0xfa, 0xc9, 0xfa, 0xe9, 0xfa, 0xc9, 0xfa,
    0xe9, 0xfa, 0xc9, 0xfa, 0xc9, 0xfa, 0xe9, 0xfa, 0xc9, 0xfa, 0xc9, 0xfa,
    0xe9, 0xf2, 0xc9, 0xfa, 0xc9, 0xfa, 0xe9, 0xf2, 0xc9, 0xfa, 0xe9, 0xfa,
    0xc9, 0xf2, 0xe9, 0xfa, 0xc9, 0xfa, 0xc9, 0xfa, 0xe9, 0xf2, 0xc9, 0xfa,
    0xc9, 0xfa, 0xe9, 0xf2, 0xc9, 0xfa, 0xe9, 0xf2, 0xc9, 0xfa, 0xe9, 0xfa,
    0xe2, 0x38, 0x00, 0x10, 0x00, 0x08, 0x00, 0x08, 0x00, 0x08, 0x20, 0x08,
    0xff, 0xff, 0xff, 0xff, 0xff, 0xff, 0xff, 0xff, 0xff, 0xff, 0xff, 0xff,
    0xff, 0xff, 0xff, 0xff, 0xff, 0xff, 0xff, 0xff, 0xff, 0xff, 0xff, 0xff,
    0xff, 0xff, 0xff, 0xff, 0xff, 0xff, 0xff, 0xff, 0xff, 0xff, 0xff, 0xff,
    0x00, 0x10, 0xa2, 0x28, 0xc9, 0xfa, 0xc9, 0xfa, 0xc9, 0xfa, 0xc8, 0xfa,
    0xc9, 0xfa, 0xc9, 0xfa, 0xc9, 0xfa, 0xc9, 0xfa, 0xc8, 0xfa, 0xc9, 0xfa,
    0xc9, 0xfa, 0xc8, 0xfa, 0xc9, 0xfa, 0xc9, 0xfa, 0xc9, 0xfa, 0xc9, 0xfa,
    0xc9, 0xfa, 0xc9, 0xfa, 0xc9, 0xfa, 0xc9, 0xfa, 0xc8, 0xfa, 0xc9, 0xfa,
    0xc9, 0xfa, 0xc9, 0xfa, 0x2a, 0xe3, 0x23, 0x99, 0x00, 0x08, 0x00, 0x08,
    0x20, 0x00, 0x00, 0x08, 0x00, 0x08, 0x00, 0x08, 0xff, 0xff, 0xff, 0xff,
    0xff, 0xff, 0xff, 0xff, 0xff, 0xff, 0xff, 0xff, 0xff, 0xff, 0xff, 0xff,
    0xff, 0xff, 0xff, 0xff, 0xff, 0xff, 0xff, 0xff, 0xff, 0xff, 0xff, 0xff,
    0xff, 0xff, 0xff, 0xff, 0xff, 0xff, 0x20, 0x08, 0x00, 0x38, 0x0b, 0xab,
    0xc9, 0xfa, 0xc9, 0xfa, 0xc9, 0xfa, 0xc8, 0xfa, 0xc9, 0xfa, 0xc9, 0xfa,
    0xc9, 0xfa, 0xc9, 0xfa, 0xc9, 0xfa, 0xc9, 0xfa, 0xc9, 0xfa, 0xc9, 0xfa,
    0xc9, 0xfa, 0xc9, 0xfa, 0xc8, 0xfa, 0xc9, 0xfa, 0xc9, 0xfa, 0xc9, 0xfa,
    0xc9, 0xfa, 0xc9, 0xfa, 0xc9, 0xfa, 0xc9, 0xfa, 0xc9, 0xfa, 0xc9, 0xfa,
    0xca, 0xa2, 0x00, 0x30, 0x00, 0x08, 0x20, 0x08, 0x00, 0x00, 0x00, 0x08,
    0x21, 0x00, 0xff, 0xff, 0xff, 0xff, 0xff, 0xff, 0xff, 0xff, 0x20, 0x00,
    0x00, 0x20, 0xc6, 0x59, 0xc9, 0xfa, 0xc9, 0xfa, 0xc9, 0xfa, 0xc9, 0xfa,
    0xc8, 0xfa, 0xc9, 0xfa, 0xc9, 0xfa, 0xc9, 0xfa, 0xc9, 0xfa, 0xc9, 0xfa,
    0xc9, 0xfa, 0xc9, 0xfa, 0xc9, 0xfa, 0xc9, 0xfa, 0xc9, 0xfa, 0xc9, 0xfa,
    0xc9, 0xfa, 0xc9, 0xfa, 0xc9, 0xfa, 0xc9, 0xfa, 0xc9, 0xfa, 0xc8, 0xfa,
    0xc9, 0xfa, 0xc9, 0xfa, 0x6c, 0xd3, 0x40, 0x68, 0x00, 0x08, 0x20, 0x08,
    0x00, 0x00, 0x00, 0x08, 0x20, 0x00, 0xff, 0xff, 0xff, 0xff, 0xff, 0xff,
    0xff, 0xff, 0xff, 0xff, 0xff, 0xff, 0xff, 0xff, 0xff, 0xff, 0xff, 0xff,
    0xff, 0xff, 0xff, 0xff, 0xff, 0xff, 0xff, 0xff, 0xff, 0xff, 0xff, 0xff,
    0xff, 0xff, 0xff, 0xff, 0xff, 0xff, 0xff, 0xff, 0xff, 0xff, 0xff, 0xff,
    0xff, 0xff, 0xff, 0xff, 0xff, 0xff, 0xff, 0xff, 0xff, 0xff, 0xff, 0xff,
    0xff, 0xff, 0xff, 0xff, 0xff, 0xff, 0xff, 0xff, 0xff, 0xff, 0xff, 0xff,
    0xff, 0xff, 0xff, 0xff, 0xff, 0xff, 0xff, 0xff, 0xff, 0xff, 0xff, 0xff,
    0xff, 0xff, 0xff, 0xff, 0xff, 0xff, 0xff, 0xff, 0x00, 0x08, 0x00, 0x08,
    0x23, 0x99, 0x2b, 0xe3, 0xc9, 0xfa, 0xc9, 0xfa, 0xc9, 0xfa, 0xc9, 0xfa,
    0xc9, 0xfa, 0xc9, 0xfa, 0xc9, 0xfa, 0xc9, 0xfa, 0xc9, 0xfa, 0xc9, 0xfa,
    0xc8, 0xfa, 0xc9, 0xfa, 0xc9, 0xfa, 0xc9, 0xfa, 0xc9, 0xfa, 0xc9, 0xfa,
    0xc9, 0xfa, 0xc9, 0xfa, 0xc9, 0xfa, 0xc9, 0xfa, 0xc9, 0xfa, 0xc8, 0xfa,
    0xc9, 0xfa, 0xc9, 0xfa, 0xa2, 0x28, 0x00, 0x10, 0x00, 0x08, 0x00, 0x08,
    0x20, 0x00, 0x00, 0x08, 0xff, 0xff, 0xff, 0xff, 0xff, 0xff, 0xff, 0xff,
    0xff, 0xff, 0x20, 0x00, 0x00, 0x40, 0x8d, 0xc3, 0xe9, 0xf2, 0xc9, 0xf2,
    0xe9, 0xfa, 0xe9, 0xf2, 0xc9, 0xf2, 0xe9, 0xfa, 0xe9, 0xf2, 0xc9, 0xf2,
    0xe9, 0xfa, 0xe9, 0xf2, 0xc9, 0xf2, 0xe9, 0xfa, 0xe9, 0xf2, 0xc9, 0xf2,
    0xe9, 0xfa, 0xe9, 0xf2, 0xc9, 0xf2, 0xe9, 0xfa, 0xc9, 0xf2, 0xe9, 0xf2,
    0xc9, 0xfa, 0xe9, 0xf2, 0xc9, 0xfa, 0xc9, 0xfa, 0xe9, 0xf2, 0xc9, 0xfa,
    0xc9, 0xfa, 0xe9, 0xf2, 0xc9, 0xfa, 0xc9, 0xfa, 0xe9, 0xfa, 0xc9, 0xfa,
    0xc9, 0xfa, 0xe9, 0xfa, 0xc9, 0xfa, 0xc9, 0xfa, 0xe9, 0xf2, 0xc9, 0xfa,
    0xc9, 0xfa, 0xc9, 0xfa, 0xc9, 0xfa, 0xc9, 0xfa, 0xc9, 0xfa, 0xc9, 0xfa,
    0xc9, 0xfa, 0xc9, 0xfa, 0xe9, 0xfa, 0xc9, 0xfa, 0xc9, 0xfa, 0xc9, 0xfa,
    0xe9, 0xfa, 0xc9, 0xfa, 0xc9, 0xfa, 0xc9, 0xf2, 0xc9, 0xfa, 0xe9, 0xfa,
    0xc9, 0xfa, 0xc9, 0xfa, 0xc9, 0xfa, 0xc9, 0xfa, 0xc9, 0xfa, 0xc9, 0xfa,
    0xc9, 0xfa, 0xc9, 0xfa, 0xc9, 0xf2, 0xc9, 0xfa, 0xc9, 0xfa, 0xc9, 0xfa,
    0xc9, 0xfa, 0xc9, 0xf2, 0xc9, 0xfa, 0xe9, 0xfa, 0xc9, 0xf2, 0xc9, 0xfa,
    0xe9, 0xf2, 0x88, 0xda, 0x00, 0x08, 0x00, 0x00, 0x00, 0x08, 0x00, 0x08,
    0x00, 0x00, 0x20, 0x08, 0xff, 0xff, 0xff, 0xff, 0xff, 0xff, 0xff, 0xff,
    0xff, 0xff, 0xff, 0xff, 0xff, 0xff, 0xff, 0xff, 0xff, 0xff, 0xff, 0xff,
    0xff, 0xff, 0xff, 0xff, 0xff, 0xff, 0xff, 0xff, 0xff, 0xff, 0xff, 0xff,
    0xff, 0xff, 0xff, 0xff, 0xff, 0xff, 0xff, 0xff, 0xff, 0xff, 0xff, 0xff,
    0xff, 0xff, 0xff, 0xff, 0xff, 0xff, 0xff, 0xff, 0x20, 0x08, 0x00, 0x18,
    0xc6, 0x59, 0xc5, 0x71, 0xc5, 0x71, 0xc5, 0x71, 0xc5, 0x71, 0xc5, 0x71,
    0xc5, 0x71, 0xc5, 0x71, 0xc5, 0x71, 0xc5, 0x71, 0xc5, 0x71, 0xc5, 0x71,
    0xc5, 0x71, 0xc5, 0x71, 0xc5, 0x71, 0xc5, 0x71, 0xc5, 0x71, 0xc5, 0x71,
    0xc5, 0x71, 0xc5, 0x71, 0xc5, 0x71, 0xc5, 0x71, 0xc5, 0x71, 0xc5, 0x71,
    0xc5, 0x71, 0xc5, 0x71, 0xc5, 0x71, 0xc5, 0x71, 0xc5, 0x71, 0xc5, 0x71,
    0xc5, 0x71, 0xc5, 0x71, 0xc5, 0x71, 0xc5, 0x71, 0xc5, 0x71, 0xc5, 0x71,
    0xc5, 0x71, 0xc5, 0x71, 0xc5, 0x71, 0xc5, 0x71, 0xc5, 0x71, 0xc5, 0x71,
    0xc5, 0x71, 0xc5, 0x71, 0xc5, 0x71, 0xc5, 0x71, 0xc5, 0x71, 0xc5, 0x71,
    0xc5, 0x71, 0xc5, 0x71, 0xc5, 0x71, 0x61, 0x18, 0x00, 0x08, 0x00, 0x08,
    0x20, 0x00, 0x00, 0x08, 0x00, 0x08, 0xff, 0xff, 0xff, 0xff, 0xff, 0xff,
    0xff, 0xff, 0xff, 0xff, 0xff, 0xff, 0xff, 0xff, 0xff, 0xff, 0xff, 0xff,
    0xff, 0xff, 0xff, 0xff, 0xff, 0xff, 0xff, 0xff, 0xff, 0xff, 0xff, 0xff,
    0xff, 0xff, 0xff, 0xff, 0xff, 0xff, 0x00, 0x08, 0xc2, 0x18, 0x8c, 0xc3,
    0x8c, 0xc3, 0x8c, 0xc3, 0x8c, 0xc3, 0x8c, 0xc3, 0x8c, 0xc3, 0x8c, 0xc3,
    0x8c, 0xc3, 0x8c, 0xc3, 0x8c, 0xc3, 0x8c, 0xc3, 0x8c, 0xc3, 0x6c, 0xc3,
    0x8c, 0xc3, 0x8c, 0xc3, 0x8c, 0xc3, 0x6c, 0xc3, 0x8c, 0xc3, 0x8c, 0xc3,
    0x6c, 0xc3, 0x8c, 0xc3, 0x8c, 0xc3, 0x6c, 0xc3, 0x6c, 0xc3, 0x8d, 0xbb,
    0xc5, 0x71, 0x00, 0x08, 0x00, 0x08, 0x00, 0x08, 0x00, 0x00, 0x00, 0x08,
    0x20, 0x08, 0xff, 0xff, 0xff, 0xff, 0xff, 0xff, 0xff, 0xff, 0xff, 0xff,
    0xff, 0xff, 0xff, 0xff, 0xff, 0xff, 0xff, 0xff, 0xff, 0xff, 0xff, 0xff,
    0xff, 0xff, 0xff, 0xff, 0xff, 0xff, 0xff, 0xff, 0xff, 0xff, 0xff, 0xff,
    0x20, 0x00, 0x00, 0x20, 0xac, 0x93, 0x8c, 0xcb, 0x8c, 0xc3, 0x6c, 0xc3,
    0x8c, 0xcb, 0x8c, 0xc3, 0x6c, 0xc3, 0x8c, 0xcb, 0x6c, 0xc3, 0x8c, 0xc3,
    0x6c, 0xcb, 0x6c, 0xc3, 0x8c, 0xc3, 0x6c, 0xcb, 0x6c, 0xc3, 0x8c, 0xc3,
    0x6c, 0xc3, 0x6c, 0xc3, 0x8c, 0xcb, 0x6c, 0xc3, 0x6c, 0xc3, 0x8c, 0xc3,
    0x6c, 0xc3, 0x8c, 0xc3, 0x6c, 0xc3, 0x6b, 0x93, 0x00, 0x20, 0x00, 0x08,
    0x20, 0x08, 0x00, 0x08, 0x20, 0x08, 0x20, 0x00, 0xff, 0xff, 0xff, 0xff,
    0xff, 0xff, 0xff, 0xff, 0x21, 0x00, 0x00, 0x10, 0xc6, 0x51, 0x8c, 0xc3,
    0x8c, 0xc3, 0x8c, 0xc3, 0x8c, 0xc3, 0x8c, 0xc3, 0x8c, 0xc3, 0x8c, 0xc3,
    0x8c, 0xc3, 0x8c, 0xc3, 0x8c, 0xc3, 0x8c, 0xc3, 0x6c, 0xc3, 0x8c, 0xc3,
    0x8c, 0xc3, 0x8c, 0xc3, 0x6c, 0xc3, 0x8c, 0xc3, 0x8c, 0xc3, 0x6c, 0xc3,
    0x8c, 0xc3, 0x8c, 0xc3, 0x6c, 0xc3, 0x8c, 0xc3, 0x8c, 0xc3, 0xce, 0xab,
    0xa0, 0x40, 0x00, 0x08, 0x00, 0x08, 0x00, 0x08, 0x00, 0x08, 0x20, 0x00,
    0xff, 0xff, 0xff, 0xff, 0xff, 0xff, 0xff, 0xff, 0xff, 0xff, 0xff, 0xff,
    0xff, 0xff, 0xff, 0xff, 0xff, 0xff, 0xff, 0xff, 0xff, 0xff, 0xff, 0xff,
    0xff, 0xff, 0xff, 0xff, 0xff, 0xff, 0xff, 0xff, 0xff, 0xff, 0xff, 0xff,
    0xff, 0xff, 0xff, 0xff, 0xff, 0xff, 0xff, 0xff, 0xff, 0xff, 0xff, 0xff,
    0xff, 0xff, 0xff, 0xff, 0xff, 0xff, 0xff, 0xff, 0xff, 0xff, 0xff, 0xff,
    0xff, 0xff, 0xff, 0xff, 0xff, 0xff, 0xff, 0xff, 0xff, 0xff, 0xff, 0xff,
    0xff, 0xff, 0xff, 0xff, 0xff, 0xff, 0xff, 0xff, 0xff, 0xff, 0xff, 0xff,
    0xff, 0xff, 0x00, 0x08, 0x00, 0x08, 0xc5, 0x71, 0x8d, 0xbb, 0x6c, 0xc3,
    0x6c, 0xc3, 0x6c, 0xc3, 0x6c, 0xc3, 0x6c, 0xc3, 0x6c, 0xc3, 0x6c, 0xc3,
    0x6c, 0xc3, 0x6c, 0xc3, 0x6c, 0xc3, 0x6c, 0xc3, 0x6c, 0xc3, 0x6c, 0xc3,
    0x6c, 0xc3, 0x6c, 0xc3, 0x8c, 0xc3, 0x6c, 0xc3, 0x6c, 0xc3, 0x6c, 0xc3,
    0x8c, 0xc3, 0x6c, 0xc3, 0x6c, 0xc3, 0x8c, 0xc3, 0x6c, 0xc3, 0xc2, 0x18,
    0x00, 0x08, 0x00, 0x08, 0x00, 0x00, 0x00, 0x08, 0x20, 0x08, 0xff, 0xff,
    0xff, 0xff, 0xff, 0xff, 0xff, 0xff, 0xff, 0xff, 0x21, 0x08, 0x00, 0x18,
    0xc6, 0x59, 0xc5, 0x71, 0xc5, 0x71, 0xc5, 0x71, 0xc5, 0x71, 0xc5, 0x71,
    0xc5, 0x71, 0xc5, 0x71, 0xc5, 0x71, 0xc5, 0x71, 0xc5, 0x71, 0xc5, 0x71,
    0xc5, 0x71, 0xc5, 0x71, 0xc5, 0x71, 0xc5, 0x71, 0xc5, 0x71, 0xc5, 0x71,
    0xc5, 0x71, 0xc5, 0x71, 0xc5, 0x71, 0xc5, 0x71, 0xc5, 0x71, 0xc5, 0x71,
    0xc5, 0x71, 0xc5, 0x71, 0xc5, 0x71, 0xc5, 0x71, 0xc5, 0x71, 0xc5, 0x71,
    0xc5, 0x71, 0xc5, 0x71, 0xc5, 0x71, 0xc5, 0x71, 0xc5, 0x71, 0xc5, 0x71,
    0xc5, 0x71, 0xc5, 0x71, 0xc5, 0x71, 0xc5, 0x71, 0xc5, 0x71, 0xc5, 0x71,
    0xc5, 0x71, 0xc5, 0x71, 0xc5, 0x71, 0xc5, 0x71, 0xc5, 0x71, 0xc5, 0x71,
    0xc5, 0x71, 0xc5, 0x71, 0xc5, 0x71, 0xc5, 0x71, 0xc5, 0x71, 0xc5, 0x71,
    0xc5, 0x71, 0xc5, 0x71, 0xc5, 0x71, 0xc5, 0x71, 0xc5, 0x71, 0xc5, 0x71,
    0xc5, 0x71, 0xc5, 0x71, 0xc5, 0x71, 0xc5, 0x71, 0xc5, 0x71, 0xc5, 0x71,
    0xc5, 0x71, 0xc5, 0x71, 0xc5, 0x71, 0xc5, 0x71, 0xc5, 0x71, 0xc5, 0x71,
    0xc5, 0x71, 0xc5, 0x71, 0xc5, 0x71, 0xc5, 0x71, 0x65, 0x61, 0x00, 0x08,
    0x00, 0x08, 0x20, 0x00, 0x00, 0x08, 0x00, 0x08, 0x00, 0x08, 0xff, 0xff,
    0xff, 0xff, 0xff, 0xff, 0xff, 0xff, 0xff, 0xff, 0xff, 0xff, 0xff, 0xff,
    0xff, 0xff, 0xff, 0xff, 0xff, 0xff, 0xff, 0xff, 0xff, 0xff, 0xff, 0xff,
    0xff, 0xff, 0xff, 0xff, 0xff, 0xff, 0xff, 0xff, 0xff, 0xff, 0xff, 0xff,
    0xff, 0xff, 0xff, 0xff, 0xff, 0xff, 0xff, 0xff, 0xff, 0xff, 0xff, 0xff,
    0xff, 0xff, 0x20, 0x00, 0x00, 0x18, 0x00, 0x18, 0x00, 0x28, 0x00, 0x30,
    0x00, 0x28, 0x00, 0x28, 0x00, 0x28, 0x00, 0x28, 0x00, 0x28, 0x00, 0x28,
    0x00, 0x28, 0x00, 0x28, 0x00, 0x28, 0x00, 0x28, 0x00, 0x28, 0x00, 0x28,
    0x00, 0x28, 0x00, 0x28, 0x00, 0x28, 0x00, 0x28, 0x00, 0x28, 0x00, 0x28,
    0x00, 0x28, 0x00, 0x28, 0x00, 0x28, 0x00, 0x28, 0x00, 0x28, 0x00, 0x28,
    0x00, 0x28, 0x00, 0x28, 0x00, 0x28, 0x00, 0x28, 0x00, 0x28, 0x00, 0x28,
    0x00, 0x28, 0x00, 0x28, 0x00, 0x28, 0x00, 0x30, 0x00, 0x28, 0x00, 0x28,
    0x00, 0x28, 0x00, 0x28, 0x00, 0x28, 0x00, 0x28, 0x00, 0x28, 0x00, 0x28,
    0x00, 0x28, 0x00, 0x28, 0x00, 0x28, 0x00, 0x28, 0x00, 0x28, 0x00, 0x28,
    0x00, 0x08, 0x00, 0x08, 0x00, 0x08, 0x00, 0x08, 0x00, 0x00, 0x00, 0x08,
    0xff, 0xff, 0xff, 0xff, 0xff, 0xff, 0xff, 0xff, 0xff, 0xff, 0xff, 0xff,
    0xff, 0xff, 0xff, 0xff, 0xff, 0xff, 0xff, 0xff, 0xff, 0xff, 0xff, 0xff,
    0xff, 0xff, 0xff, 0xff, 0xff, 0xff, 0xff, 0xff, 0xff, 0xff, 0xff, 0xff,
    0x00, 0x08, 0x00, 0x08, 0x00, 0x48, 0x00, 0x48, 0x00, 0x40, 0x00, 0x48,
    0x00, 0x48, 0x00, 0x40, 0x00, 0x48, 0x00, 0x48, 0x00, 0x40, 0x00, 0x48,
    0x00, 0x48, 0x00, 0x40, 0x00, 0x48, 0x00, 0x48, 0x00, 0x40, 0x00, 0x48,
    0x00, 0x48, 0x00, 0x48, 0x00, 0x40, 0x00, 0x48, 0x00, 0x48, 0x00, 0x40,
    0x00, 0x48, 0x00, 0x48, 0x00, 0x38, 0x00, 0x38, 0x00, 0x08, 0x20, 0x00,
    0x00, 0x08, 0x00, 0x08, 0x20, 0x00, 0x00, 0x08, 0xff, 0xff, 0xff, 0xff,
    0xff, 0xff, 0xff, 0xff, 0xff, 0xff, 0xff, 0xff, 0xff, 0xff, 0xff, 0xff,
    0xff, 0xff, 0xff, 0xff, 0xff, 0xff, 0xff, 0xff, 0xff, 0xff, 0xff, 0xff,
    0xff, 0xff, 0xff, 0xff, 0xff, 0xff, 0x21, 0x00, 0x00, 0x20, 0x00, 0x28,
    0x00, 0x48, 0x00, 0x48, 0x00, 0x40, 0x00, 0x48, 0x00, 0x48, 0x00, 0x40,
    0x00, 0x48, 0x00, 0x48, 0x00, 0x40, 0x00, 0x48, 0x00, 0x48, 0x00, 0x40,
    0x00, 0x48, 0x00, 0x48, 0x00, 0x48, 0x00, 0x48, 0x00, 0x48, 0x00, 0x40,
    0x00, 0x48, 0x00, 0x48, 0x00, 0x48, 0x00, 0x48, 0x00, 0x48, 0x00, 0x48,
    0x00, 0x28, 0x00, 0x20, 0x00, 0x08, 0x00, 0x00, 0x00, 0x08, 0x00, 0x08,
    0x20, 0x00, 0xff, 0xff, 0xff, 0xff, 0xff, 0xff, 0xff, 0xff, 0xff, 0xff,
    0x00, 0x18, 0x00, 0x10, 0x00, 0x48, 0x00, 0x48, 0x00, 0x48, 0x00, 0x48,
    0x00, 0x48, 0x00, 0x48, 0x00, 0x48, 0x00, 0x48, 0x00, 0x48, 0x00, 0x48,
    0x00, 0x48, 0x00, 0x48, 0x00, 0x48, 0x00, 0x48, 0x00, 0x48, 0x00, 0x48,
    0x00, 0x48, 0x00, 0x48, 0x00, 0x48, 0x00, 0x48, 0x00, 0x48, 0x00, 0x48,
    0x00, 0x48, 0x00, 0x48, 0x00, 0x28, 0x00, 0x28, 0x00, 0x08, 0x00, 0x08,
    0x20, 0x08, 0x00, 0x08, 0x21, 0x00, 0xff, 0xff, 0xff, 0xff, 0xff, 0xff,
    0xff, 0xff, 0xff, 0xff, 0xff, 0xff, 0xff, 0xff, 0xff, 0xff, 0xff, 0xff,
    0xff, 0xff, 0xff, 0xff, 0xff, 0xff, 0xff, 0xff, 0xff, 0xff, 0xff, 0xff,
    0xff, 0xff, 0xff, 0xff, 0xff, 0xff, 0xff, 0xff, 0xff, 0xff, 0xff, 0xff,
    0xff, 0xff, 0xff, 0xff, 0xff, 0xff, 0xff, 0xff, 0xff, 0xff, 0xff, 0xff,
    0xff, 0xff, 0xff, 0xff, 0xff, 0xff, 0xff, 0xff, 0xff, 0xff, 0xff, 0xff,
    0xff, 0xff, 0xff, 0xff, 0xff, 0xff, 0xff, 0xff, 0xff, 0xff, 0xff, 0xff,
    0xff, 0xff, 0xff, 0xff, 0xff, 0xff, 0xff, 0xff, 0x20, 0x00, 0x00, 0x08,
    0x00, 0x30, 0x00, 0x38, 0x00, 0x40, 0x00, 0x48, 0x00, 0x48, 0x00, 0x40,
    0x00, 0x48, 0x00, 0x48, 0x00, 0x40, 0x00, 0x48, 0x00, 0x48, 0x00, 0x40,
    0x00, 0x48, 0x00, 0x48, 0x00, 0x40, 0x00, 0x48, 0x00, 0x48, 0x00, 0x48,
    0x00, 0x40, 0x00, 0x48, 0x00, 0x48, 0x00, 0x48, 0x00, 0x48, 0x00, 0x40,
    0x00, 0x48, 0x00, 0x48, 0x00, 0x08, 0x00, 0x08, 0x00, 0x08, 0x20, 0x08,
    0x00, 0x08, 0x00, 0x08, 0xff, 0xff, 0xff, 0xff, 0xff, 0xff, 0xff, 0xff,
    0xff, 0xff, 0x20, 0x00, 0x00, 0x18, 0x00, 0x18, 0x00, 0x30, 0x00, 0x28,
    0x00, 0x28, 0x00, 0x30, 0x00, 0x28, 0x00, 0x28, 0x00, 0x30, 0x00, 0x28,
    0x00, 0x28, 0x00, 0x30, 0x00, 0x28, 0x00, 0x28, 0x00, 0x30, 0x00, 0x28,
    0x00, 0x28, 0x00, 0x30, 0x00, 0x28, 0x00, 0x28, 0x00, 0x30, 0x00, 0x28,
    0x00, 0x28, 0x00, 0x28, 0x00, 0x28, 0x00, 0x28, 0x00, 0x28, 0x00, 0x28,
    0x00, 0x28, 0x00, 0x28, 0x00, 0x28, 0x00, 0x28, 0x00, 0x28, 0x00, 0x28,
    0x00, 0x28, 0x00, 0x28, 0x00, 0x28, 0x00, 0x28, 0x00, 0x28, 0x00, 0x28,
    0x00, 0x28, 0x00, 0x28, 0x00, 0x28, 0x00, 0x28, 0x00, 0x28, 0x00, 0x28,
    0x00, 0x28, 0x00, 0x28, 0x00, 0x28, 0x00, 0x28, 0x00, 0x28, 0x00, 0x28,
    0x00, 0x28, 0x00, 0x28, 0x00, 0x28, 0x00, 0x28, 0x00, 0x28, 0x00, 0x28,
    0x00, 0x28, 0x00, 0x28, 0x00, 0x28, 0x00, 0x28, 0x00, 0x28, 0x00, 0x28,
    0x00, 0x28, 0x00, 0x28, 0x00, 0x28, 0x00, 0x28, 0x00, 0x28, 0x00, 0x28,
    0x00, 0x28, 0x00, 0x28, 0x00, 0x28, 0x00, 0x28, 0x00, 0x28, 0x00, 0x28,
    0x00, 0x28, 0x00, 0x20, 0x00, 0x08, 0x20, 0x08, 0x00, 0x08, 0x00, 0x08,
    0x20, 0x08, 0x00, 0x00, 0xff, 0xff, 0xff, 0xff, 0xff, 0xff, 0xff, 0xff,
    0xff, 0xff, 0xff, 0xff, 0xff, 0xff, 0xff, 0xff, 0xff, 0xff, 0xff, 0xff,
    0xff, 0xff, 0xff, 0xff, 0xff, 0xff, 0xff, 0xff, 0xff, 0xff, 0xff, 0xff,
    0xff, 0xff, 0xff, 0xff, 0xff, 0xff, 0xff, 0xff, 0xff, 0xff, 0xff, 0xff,
    0xff, 0xff, 0xff, 0xff, 0xff, 0xff, 0xff, 0xff, 0xff, 0xff, 0x20, 0x08,
    0x20, 0x08, 0x00, 0x08, 0x00, 0x08, 0x00, 0x08, 0x00, 0x08, 0x00, 0x08,
    0x00, 0x08, 0x00, 0x08, 0x00, 0x08, 0x00, 0x08, 0x00, 0x08, 0x00, 0x08,
    0x00, 0x08, 0x00, 0x08, 0x00, 0x08, 0x00, 0x08, 0x00, 0x08, 0x00, 0x08,
    0x00, 0x08, 0x00, 0x08, 0x00, 0x08, 0x00, 0x08, 0x00, 0x08, 0x00, 0x08,
    0x00, 0x08, 0x00, 0x08, 0x00, 0x08, 0x00, 0x08, 0x00, 0x08, 0x00, 0x08,
    0x00, 0x08, 0x00, 0x08, 0x00, 0x08, 0x00, 0x08, 0x00, 0x08, 0x00, 0x08,
    0x00, 0x08, 0x00, 0x08, 0x00, 0x08, 0x00, 0x08, 0x00, 0x08, 0x00, 0x08,
    0x00, 0x08, 0x00, 0x08, 0x00, 0x08, 0x00, 0x08, 0x00, 0x08, 0x00, 0x08,
    0x00, 0x08, 0x00, 0x08, 0x00, 0x08, 0x00, 0x08, 0x00, 0x08, 0x00, 0x08,
    0x20, 0x08, 0x00, 0x08, 0x20, 0x00, 0xff, 0xff, 0xff, 0xff, 0xff, 0xff,
    0xff, 0xff, 0xff, 0xff, 0xff, 0xff, 0xff, 0xff, 0xff, 0xff, 0xff, 0xff,
    0xff, 0xff, 0xff, 0xff, 0xff, 0xff, 0xff, 0xff, 0xff, 0xff, 0xff, 0xff,
    0xff, 0xff, 0xff, 0xff, 0xff, 0xff, 0x20, 0x08, 0x20, 0x08, 0x00, 0x08,
    0x00, 0x08, 0x00, 0x08, 0x00, 0x08, 0x00, 0x08, 0x00, 0x08, 0x00, 0x08,
    0x00, 0x08, 0x00, 0x08, 0x00, 0x08, 0x00, 0x08, 0x00, 0x08, 0x00, 0x08,
    0x00, 0x08, 0x00, 0x08, 0x00, 0x08, 0x00, 0x08, 0x00, 0x08, 0x00, 0x08,
    0x00, 0x08, 0x00, 0x08, 0x00, 0x08, 0x00, 0x08, 0x00, 0x08, 0x20, 0x08,
    0x00, 0x00, 0x00, 0x08, 0x20, 0x08, 0x00, 0x08, 0x00, 0x08, 0x00, 0x08,
    0x00, 0x00, 0xff, 0xff, 0xff, 0xff, 0xff, 0xff, 0xff, 0xff, 0xff, 0xff,
    0xff, 0xff, 0xff, 0xff, 0xff, 0xff, 0xff, 0xff, 0xff, 0xff, 0xff, 0xff,
    0xff, 0xff, 0xff, 0xff, 0xff, 0xff, 0xff, 0xff, 0xff, 0xff, 0xff, 0xff,
    0xff, 0xff, 0x20, 0x08, 0x20, 0x08, 0x00, 0x08, 0x00, 0x08, 0x00, 0x08,
    0x00, 0x08, 0x00, 0x08, 0x00, 0x08, 0x00, 0x08, 0x00, 0x08, 0x00, 0x08,
    0x00, 0x08, 0x00, 0x08, 0x00, 0x08, 0x00, 0x08, 0x00, 0x08, 0x00, 0x08,
    0x00, 0x08, 0x00, 0x08, 0x00, 0x08, 0x00, 0x08, 0x00, 0x08, 0x00, 0x08,
    0x00, 0x08, 0x00, 0x08, 0x00, 0x08, 0x00, 0x08, 0x20, 0x00, 0x00, 0x08,
    0x00, 0x08, 0x20, 0x00, 0x00, 0x08, 0x20, 0x00, 0xff, 0xff, 0xff, 0xff,
    0xff, 0xff, 0xff, 0xff, 0xff, 0xff, 0x20, 0x08, 0x20, 0x08, 0x00, 0x08,
    0x00, 0x08, 0x00, 0x08, 0x00, 0x08, 0x00, 0x08, 0x00, 0x08, 0x00, 0x08,
    0x00, 0x08, 0x00, 0x08, 0x00, 0x08, 0x00, 0x08, 0x00, 0x08, 0x00, 0x08,
    0x00, 0x08, 0x00, 0x08, 0x00, 0x08, 0x00, 0x08, 0x00, 0x08, 0x00, 0x08,
    0x00, 0x08, 0x00, 0x08, 0x00, 0x08, 0x00, 0x08, 0x00, 0x08, 0x00, 0x08,
    0x00, 0x08, 0x00, 0x08, 0x20, 0x00, 0x00, 0x08, 0x00, 0x08, 0x20, 0x00,
    0xff, 0xff, 0xff, 0xff, 0xff, 0xff, 0xff, 0xff, 0xff, 0xff, 0xff, 0xff,
    0xff, 0xff, 0xff, 0xff, 0xff, 0xff, 0xff, 0xff, 0xff, 0xff, 0xff, 0xff,
    0xff, 0xff, 0xff, 0xff, 0xff, 0xff, 0xff, 0xff, 0xff, 0xff, 0xff, 0xff,
    0xff, 0xff, 0xff, 0xff, 0xff, 0xff, 0xff, 0xff, 0xff, 0xff, 0xff, 0xff,
    0xff, 0xff, 0xff, 0xff, 0xff, 0xff, 0xff, 0xff, 0xff, 0xff, 0xff, 0xff,
    0xff, 0xff, 0xff, 0xff, 0xff, 0xff, 0xff, 0xff, 0xff, 0xff, 0xff, 0xff,
    0xff, 0xff, 0xff, 0xff, 0xff, 0xff, 0xff, 0xff, 0xff, 0xff, 0xff, 0xff,
    0xff, 0xff, 0xff, 0xff, 0x20, 0x00, 0x00, 0x08, 0x00, 0x08, 0x00, 0x08,
    0x00, 0x08, 0x00, 0x08, 0x20, 0x08, 0x00, 0x08, 0x00, 0x08, 0x20, 0x08,
    0x00, 0x08, 0x00, 0x08, 0x20, 0x08, 0x00, 0x08, 0x00, 0x08, 0x20, 0x08,
    0x00, 0x08, 0x00, 0x08, 0x00, 0x08, 0x00, 0x08, 0x00, 0x08, 0x00, 0x08,
    0x00, 0x08, 0x00, 0x08, 0x00, 0x08, 0x00, 0x08, 0x00, 0x08, 0x00, 0x08,
    0x00, 0x08, 0x00, 0x00, 0x00, 0x08, 0x20, 0x08, 0x00, 0x00, 0xff, 0xff,
    0xff, 0xff, 0xff, 0xff, 0xff, 0xff, 0xff, 0xff, 0xff, 0xff, 0x20, 0x08,
    0x20, 0x08, 0x00, 0x08, 0x00, 0x08, 0x00, 0x08, 0x00, 0x08, 0x00, 0x08,
    0x00, 0x08, 0x00, 0x08, 0x00, 0x08, 0x00, 0x08, 0x00, 0x08, 0x00, 0x08,
    0x00, 0x08, 0x00, 0x08, 0x00, 0x08, 0x00, 0x08, 0x00, 0x08, 0x00, 0x08,
    0x00, 0x08, 0x00, 0x08, 0x00, 0x08, 0x00, 0x08, 0x00, 0x08, 0x00, 0x08,
    0x00, 0x08, 0x00, 0x08, 0x00, 0x08, 0x00, 0x08, 0x00, 0x08, 0x00, 0x08,
    0x00, 0x08, 0x00, 0x08, 0x00, 0x08, 0x00, 0x08, 0x00, 0x08, 0x00, 0x08,
    0x00, 0x08, 0x00, 0x08, 0x00, 0x08, 0x00, 0x08, 0x00, 0x08, 0x00, 0x08,
    0x00, 0x08, 0x00, 0x08, 0x00, 0x08, 0x00, 0x08, 0x00, 0x08, 0x00, 0x08,
    0x00, 0x08, 0x00, 0x08, 0x00, 0x08, 0x00, 0x08, 0x00, 0x08, 0x00, 0x08,
    0x00, 0x08, 0x00, 0x08, 0x00, 0x08, 0x00, 0x08, 0x00, 0x08, 0x00, 0x08,
    0x00, 0x08, 0x00, 0x08, 0x00, 0x08, 0x00, 0x08, 0x00, 0x08, 0x00, 0x08,
    0x00, 0x08, 0x00, 0x08, 0x00, 0x08, 0x00, 0x08, 0x00, 0x08, 0x00, 0x08,
    0x00, 0x08, 0x00, 0x08, 0x00, 0x08, 0x00, 0x08, 0x00, 0x08, 0x00, 0x08,
    0x00, 0x00, 0x00, 0x08, 0x00, 0x08, 0x20, 0x00, 0x00, 0x08, 0xff, 0xff,
    0xff, 0xff, 0xff, 0xff, 0xff, 0xff, 0xff, 0xff, 0xff, 0xff, 0xff, 0xff,
    0xff, 0xff, 0xff, 0xff, 0xff, 0xff, 0xff, 0xff, 0xff, 0xff, 0xff, 0xff,
    0xff, 0xff, 0xff, 0xff, 0xff, 0xff, 0xff, 0xff, 0xff, 0xff, 0xff, 0xff,
    0xff, 0xff, 0xff, 0xff, 0xff, 0xff, 0xff, 0xff, 0xff, 0xff, 0xff, 0xff,
    0xff, 0xff, 0xff, 0xff, 0xff, 0xff, 0x20, 0x00, 0x00, 0x08, 0x00, 0x08,
    0x00, 0x08, 0x00, 0x08, 0x00, 0x08, 0x00, 0x08, 0x00, 0x08, 0x00, 0x08,
    0x00, 0x08, 0x00, 0x08, 0x00, 0x08, 0x00, 0x08, 0x00, 0x08, 0x00, 0x08,
    0x00, 0x08, 0x00, 0x08, 0x00, 0x08, 0x00, 0x08, 0x00, 0x08, 0x00, 0x08,
    0x00, 0x08, 0x00, 0x08, 0x00, 0x08, 0x00, 0x08, 0x00, 0x08, 0x00, 0x08,
    0x00, 0x08, 0x00, 0x08, 0x00, 0x08, 0x00, 0x08, 0x00, 0x08, 0x00, 0x08,
    0x00, 0x08, 0x00, 0x08, 0x00, 0x08, 0x00, 0x08, 0x00, 0x08, 0x00, 0x08,
    0x00, 0x08, 0x00, 0x08, 0x00, 0x08, 0x00, 0x08, 0x00, 0x08, 0x00, 0x08,
    0x00, 0x08, 0x00, 0x08, 0x00, 0x08, 0x00, 0x08, 0x00, 0x08, 0x00, 0x08,
    0x00, 0x08, 0x00, 0x00, 0x20, 0x08, 0x00, 0x08, 0x00, 0x08, 0x00, 0x08,
    0xff, 0xff, 0xff, 0xff, 0xff, 0xff, 0xff, 0xff, 0xff, 0xff, 0xff, 0xff,
    0xff, 0xff, 0xff, 0xff, 0xff, 0xff, 0xff, 0xff, 0xff, 0xff, 0xff, 0xff,
    0xff, 0xff, 0xff, 0xff, 0xff, 0xff, 0xff, 0xff, 0xff, 0xff, 0xff, 0xff,
    0xff, 0xff, 0x20, 0x00, 0x00, 0x08, 0x00, 0x00, 0x00, 0x08, 0x00, 0x08,
    0x00, 0x00, 0x00, 0x08, 0x00, 0x08, 0x00, 0x00, 0x00, 0x08, 0x00, 0x08,
    0x00, 0x00, 0x00, 0x08, 0x00, 0x08, 0x00, 0x00, 0x00, 0x08, 0x00, 0x08,
    0x00, 0x00, 0x00, 0x08, 0x00, 0x08, 0x00, 0x00, 0x00, 0x08, 0x20, 0x08,
    0x00, 0x00, 0x00, 0x08, 0x00, 0x08, 0x00, 0x00, 0x00, 0x08, 0x00, 0x08,
    0x20, 0x00, 0x00, 0x08, 0x00, 0x08, 0x20, 0x08, 0xff, 0xff, 0xff, 0xff,
    0xff, 0xff, 0xff, 0xff, 0xff, 0xff, 0xff, 0xff, 0xff, 0xff, 0xff, 0xff,
    0xff, 0xff, 0xff, 0xff, 0xff, 0xff, 0xff, 0xff, 0xff, 0xff, 0xff, 0xff,
    0xff, 0xff, 0xff, 0xff, 0xff, 0xff, 0xff, 0xff, 0xff, 0xff, 0x20, 0x00,
    0x00, 0x08, 0x00, 0x00, 0x00, 0x08, 0x00, 0x08, 0x00, 0x00, 0x00, 0x08,
    0x20, 0x08, 0x00, 0x00, 0x00, 0x08, 0x20, 0x08, 0x00, 0x00, 0x20, 0x08,
    0x00, 0x00, 0x20, 0x00, 0x00, 0x08, 0x20, 0x00, 0x00, 0x00, 0x00, 0x08,
    0x20, 0x08, 0x00, 0x00, 0x00, 0x00, 0x20, 0x08, 0x00, 0x00, 0x00, 0x00,
    0x20, 0x08, 0x00, 0x08, 0x00, 0x08, 0x00, 0x08, 0x20, 0x08, 0x00, 0x08,
    0x21, 0x00, 0xff, 0xff, 0xff, 0xff, 0xff, 0xff, 0xff, 0xff, 0xff, 0xff,
    0xff, 0xff, 0x20, 0x00, 0x00, 0x08, 0x00, 0x00, 0x00, 0x00, 0x00, 0x08,
    0x00, 0x00, 0x00, 0x00, 0x00, 0x08, 0x00, 0x00, 0x00, 0x00, 0x00, 0x08,
    0x00, 0x00, 0x00, 0x00, 0x00, 0x08, 0x00, 0x00, 0x00, 0x00, 0x00, 0x08,
    0x00, 0x00, 0x00, 0x00, 0x00, 0x08, 0x00, 0x00, 0x00, 0x00, 0x00, 0x08,
    0x00, 0x00, 0x00, 0x08, 0x00, 0x08, 0x00, 0x08, 0x20, 0x08, 0x00, 0x00,
    0x00, 0x08, 0x20, 0x08, 0x20, 0x00, 0xff, 0xff, 0xff, 0xff, 0xff, 0xff,
    0xff, 0xff, 0xff, 0xff, 0xff, 0xff, 0xff, 0xff, 0xff, 0xff, 0xff, 0xff,
    0xff, 0xff, 0xff, 0xff, 0xff, 0xff, 0xff, 0xff, 0xff, 0xff, 0xff, 0xff,
    0xff, 0xff, 0xff, 0xff, 0xff, 0xff, 0xff, 0xff, 0xff, 0xff, 0xff, 0xff,
    0xff, 0xff, 0xff, 0xff, 0xff, 0xff, 0xff, 0xff, 0xff, 0xff, 0xff, 0xff,
    0xff, 0xff, 0xff, 0xff, 0xff, 0xff, 0xff, 0xff, 0xff, 0xff, 0xff, 0xff,
    0xff, 0xff, 0xff, 0xff, 0xff, 0xff, 0xff, 0xff, 0xff, 0xff, 0xff, 0xff,
    0xff, 0xff, 0xff, 0xff, 0xff, 0xff, 0xff, 0xff, 0xff, 0xff, 0xff, 0xff,
    0x00, 0x08, 0x20, 0x08, 0x00, 0x08, 0x00, 0x00, 0x20, 0x08, 0x00, 0x08,
    0x00, 0x00, 0x00, 0x08, 0x00, 0x08, 0x00, 0x00, 0x00, 0x08, 0x00, 0x08,
    0x00, 0x00, 0x00, 0x08, 0x20, 0x08, 0x00, 0x00, 0x00, 0x08, 0x20, 0x08,
    0x00, 0x00, 0x20, 0x08, 0x00, 0x00, 0x00, 0x00, 0x20, 0x08, 0x00, 0x08,
    0x00, 0x00, 0x20, 0x08, 0x00, 0x08, 0x00, 0x00, 0x20, 0x08, 0x00, 0x08,
    0x00, 0x00, 0x00, 0x08, 0xff, 0xff, 0xff, 0xff, 0xff, 0xff, 0xff, 0xff,
    0xff, 0xff, 0xff, 0xff, 0xff, 0xff, 0x20, 0x00, 0x00, 0x08, 0x00, 0x08,
    0x00, 0x08, 0x00, 0x08, 0x00, 0x08, 0x00, 0x08, 0x00, 0x08, 0x00, 0x08,
    0x00, 0x08, 0x00, 0x08, 0x00, 0x08, 0x00, 0x08, 0x00, 0x08, 0x00, 0x08,
    0x00, 0x08, 0x00, 0x08, 0x00, 0x08, 0x00, 0x08, 0x00, 0x00, 0x00, 0x08,
    0x00, 0x08, 0x00, 0x08, 0x00, 0x08, 0x00, 0x08, 0x00, 0x08, 0x00, 0x08,
    0x00, 0x08, 0x00, 0x08, 0x00, 0x08, 0x00, 0x08, 0x00, 0x08, 0x00, 0x08,
    0x00, 0x08, 0x00, 0x08, 0x00, 0x08, 0x00, 0x08, 0x00, 0x08, 0x00, 0x08,
    0x00, 0x08, 0x00, 0x08, 0x00, 0x08, 0x00, 0x08, 0x00, 0x08, 0x00, 0x08,
    0x00, 0x08, 0x00, 0x08, 0x00, 0x08, 0x00, 0x08, 0x00, 0x08, 0x00, 0x08,
    0x00, 0x08, 0x00, 0x08, 0x00, 0x08, 0x00, 0x08, 0x00, 0x08, 0x00, 0x08,
    0x00, 0x08, 0x00, 0x08, 0x00, 0x08, 0x00, 0x08, 0x00, 0x08, 0x00, 0x08,
    0x20, 0x08, 0x00, 0x08, 0x00, 0x08, 0x00, 0x08, 0x00, 0x08, 0x00, 0x08,
    0x00, 0x08, 0x00, 0x08, 0x00, 0x08, 0x00, 0x08, 0x00, 0x08, 0x00, 0x08,
    0x20, 0x08, 0x00, 0x08, 0x00, 0x00, 0x20, 0x08, 0x00, 0x08, 0x00, 0x00,
    0x00, 0x08, 0x00, 0x08, 0xff, 0xff, 0xff, 0xff, 0xff, 0xff, 0xff, 0xff,
    0xff, 0xff, 0xff, 0xff, 0xff, 0xff, 0xff, 0xff, 0xff, 0xff, 0xff, 0xff,
    0xff, 0xff, 0xff, 0xff, 0xff, 0xff, 0xff, 0xff, 0xff, 0xff, 0xff, 0xff,
    0xff, 0xff, 0xff, 0xff, 0xff, 0xff, 0xff, 0xff, 0xff, 0xff, 0xff, 0xff,
    0xff, 0xff, 0xff, 0xff, 0xff, 0xff, 0xff, 0xff, 0xff, 0xff, 0xff, 0xff,
    0xff, 0xff, 0x20, 0x00, 0x20, 0x00, 0x00, 0x08, 0x00, 0x08, 0x20, 0x00,
    0x00, 0x08, 0x00, 0x08, 0x20, 0x00, 0x00, 0x08, 0x00, 0x08, 0x20, 0x00,
    0x00, 0x08, 0x00, 0x08, 0x20, 0x00, 0x00, 0x08, 0x00, 0x00, 0x20, 0x00,
    0x00, 0x08, 0x00, 0x00, 0x20, 0x00, 0x00, 0x08, 0x00, 0x00, 0x20, 0x00,
    0x00, 0x08, 0x00, 0x00, 0x20, 0x00, 0x00, 0x08, 0x00, 0x00, 0x20, 0x00,
    0x00, 0x08, 0x00, 0x00, 0x20, 0x08, 0x00, 0x00, 0x00, 0x08, 0x20, 0x00,
    0x00, 0x08, 0x00, 0x00, 0x20, 0x08, 0x00, 0x08, 0x00, 0x00, 0x20, 0x08,
    0x00, 0x08, 0x00, 0x00, 0x20, 0x08, 0x00, 0x08, 0x00, 0x00, 0x20, 0x08,
    0x00, 0x08, 0x00, 0x00, 0x20, 0x08, 0x00, 0x08, 0x00, 0x00, 0x00, 0x08,
    0x00, 0x00, 0x20, 0x08, 0x00, 0x08, 0xff, 0xff, 0xff, 0xff, 0xff, 0xff,
    0xff, 0xff, 0xff, 0xff, 0xff, 0xff, 0xff, 0xff, 0xff, 0xff, 0xff, 0xff,
    0xff, 0xff, 0xff, 0xff, 0xff, 0xff, 0xff, 0xff, 0xff, 0xff, 0xff, 0xff,
    0xff, 0xff, 0xff, 0xff, 0xff, 0xff, 0xff, 0xff, 0xff, 0xff, 0x20, 0x00,
    0x20, 0x08, 0x00, 0x08, 0x00, 0x00, 0x20, 0x08, 0x00, 0x08, 0x00, 0x08,
    0x00, 0x00, 0x20, 0x08, 0x00, 0x08, 0x00, 0x08, 0x20, 0x08, 0x00, 0x08,
    0x20, 0x00, 0x00, 0x08, 0x20, 0x08, 0x20, 0x00, 0x00, 0x08, 0x20, 0x08,
    0x00, 0x00, 0x00, 0x08, 0x20, 0x08, 0x00, 0x00, 0x00, 0x08, 0x20, 0x08,
    0x00, 0x08, 0x00, 0x08, 0x20, 0x00, 0x00, 0x08, 0x00, 0x08, 0x20, 0x00,
    0x00, 0x08, 0xff, 0xff, 0xff, 0xff, 0xff, 0xff, 0xff, 0xff, 0xff, 0xff,
    0xff, 0xff, 0xff, 0xff, 0xff, 0xff, 0xff, 0xff, 0xff, 0xff, 0xff, 0xff,
    0xff, 0xff, 0xff, 0xff, 0xff, 0xff, 0xff, 0xff, 0xff, 0xff, 0xff, 0xff,
    0xff, 0xff, 0xff, 0xff, 0xff, 0xff, 0x20, 0x00, 0x20, 0x08, 0x00, 0x08,
    0x20, 0x00, 0x00, 0x08, 0x00, 0x08, 0x20, 0x00, 0x00, 0x08, 0x00, 0x08,
    0x00, 0x00, 0x20, 0x08, 0x00, 0x08, 0x00, 0x08, 0x00, 0x08, 0x00, 0x08,
    0x20, 0x08, 0x00, 0x08, 0x00, 0x08, 0x20, 0x08, 0x00, 0x08, 0x00, 0x08,
    0x20, 0x08, 0x00, 0x08, 0x00, 0x08, 0x00, 0x08, 0x00, 0x00, 0x00, 0x08,
    0x20, 0x00, 0x00, 0x08, 0x00, 0x08, 0x20, 0x00, 0xff, 0xff, 0xff, 0xff,
    0xff, 0xff, 0xff, 0xff, 0xff, 0xff, 0xff, 0xff, 0xff, 0xff, 0x20, 0x08,
    0x20, 0x08, 0x00, 0x08, 0x00, 0x08, 0x20, 0x08, 0x00, 0x08, 0x00, 0x08,
    0x00, 0x08, 0x20, 0x08, 0x00, 0x08, 0x00, 0x08, 0x20, 0x08, 0x00, 0x08,
    0x20, 0x08, 0x20, 0x08, 0x00, 0x08, 0x20, 0x08, 0x20, 0x08, 0x00, 0x08,
    0x20, 0x08, 0x20, 0x08, 0x00, 0x08, 0x20, 0x08, 0x00, 0x00, 0x00, 0x08,
    0x20, 0x08, 0x00, 0x00, 0x00, 0x08, 0x00, 0x08, 0x00, 0x08, 0x21, 0x00,
    0xff, 0xff, 0xff, 0xff, 0xff, 0xff, 0xff, 0xff, 0xff, 0xff, 0xff, 0xff,
    0xff, 0xff, 0xff, 0xff, 0xff, 0xff, 0xff, 0xff, 0xff, 0xff, 0xff, 0xff,
    0xff, 0xff, 0xff, 0xff, 0xff, 0xff, 0xff, 0xff, 0xff, 0xff, 0xff, 0xff,
    0xff, 0xff, 0xff, 0xff, 0xff, 0xff, 0xff, 0xff, 0xff, 0xff, 0xff, 0xff,
    0xff, 0xff, 0xff, 0xff, 0xff, 0xff, 0xff, 0xff, 0xff, 0xff, 0xff, 0xff,
    0xff, 0xff, 0xff, 0xff, 0xff, 0xff, 0xff, 0xff, 0xff, 0xff, 0xff, 0xff,
    0xff, 0xff, 0xff, 0xff, 0xff, 0xff, 0xff, 0xff, 0xff, 0xff, 0xff, 0xff,
    0xff, 0xff, 0xff, 0xff, 0xff, 0xff, 0xff, 0xff, 0x20, 0x00, 0x00, 0x08,
    0x20, 0x08, 0x00, 0x00, 0x00, 0x08, 0x00, 0x08, 0x20, 0x00, 0x00, 0x08,
    0x20, 0x08, 0x00, 0x08, 0x20, 0x00, 0x00, 0x08, 0x00, 0x08, 0x00, 0x08,
    0x00, 0x00, 0x20, 0x08, 0x00, 0x08, 0x00, 0x08, 0x20, 0x08, 0x00, 0x08,
    0x00, 0x08, 0x20, 0x08, 0x00, 0x00, 0x00, 0x08, 0x20, 0x08, 0x00, 0x00,
    0x00, 0x08, 0x20, 0x08, 0x00, 0x08, 0x00, 0x08, 0x20, 0x08, 0xff, 0xff,
    0xff, 0xff, 0xff, 0xff, 0xff, 0xff, 0xff, 0xff, 0xff, 0xff, 0xff, 0xff,
    0xff, 0xff, 0x20, 0x00, 0x20, 0x00, 0x00, 0x08, 0x00, 0x00, 0x00, 0x00,
    0x20, 0x08, 0x00, 0x00, 0x00, 0x00, 0x00, 0x08, 0x00, 0x00, 0x20, 0x00,
    0x00, 0x08, 0x00, 0x00, 0x00, 0x00, 0x00, 0x08, 0x20, 0x00, 0x00, 0x08,
    0x00, 0x08, 0x20, 0x00, 0x00, 0x08, 0x00, 0x08, 0x20, 0x00, 0x00, 0x08,
    0x00, 0x08, 0x20, 0x00, 0x00, 0x08, 0x00, 0x08, 0x20, 0x00, 0x00, 0x08,
    0x00, 0x08, 0x20, 0x00, 0x00, 0x08, 0x00, 0x00, 0x20, 0x08, 0x00, 0x00,
    0x00, 0x08, 0x20, 0x08, 0x00, 0x00, 0x20, 0x08, 0x00, 0x00, 0x20, 0x08,
    0x20, 0x08, 0x00, 0x00, 0x20, 0x08, 0x20, 0x08, 0x00, 0x00, 0x00, 0x08,
    0x20, 0x08, 0x00, 0x00, 0x00, 0x08, 0x20, 0x08, 0x00, 0x00, 0x00, 0x08,
    0x20, 0x08, 0x00, 0x00, 0x00, 0x08, 0x20, 0x00, 0x00, 0x08, 0x20, 0x00,
    0x20, 0x00, 0x00, 0x08, 0x00, 0x00, 0x00, 0x08, 0x20, 0x00, 0x00, 0x08,
    0x20, 0x08, 0x20, 0x00, 0x00, 0x08, 0x20, 0x08, 0x20, 0x00, 0x00, 0x08,
    0x20, 0x08, 0x00, 0x00, 0x00, 0x08, 0x20, 0x08, 0x00, 0x00, 0x00, 0x08,
    0x20, 0x08, 0x00, 0x08, 0x20, 0x08, 0x20, 0x00, 0x20, 0x08, 0xff, 0xff,
    0xff, 0xff, 0xff, 0xff, 0xff, 0xff, 0xff, 0xff, 0xff, 0xff, 0xff, 0xff,
    0xff, 0xff, 0xff, 0xff, 0xff, 0xff, 0xff, 0xff, 0xff, 0xff, 0xff, 0xff,
    0xff, 0xff, 0xff, 0xff, 0xff, 0xff, 0xff, 0xff, 0xff, 0xff, 0xff, 0xff,
    0xff, 0xff, 0xff, 0xff, 0xff, 0xff, 0xff, 0xff, 0xff, 0xff, 0xff, 0xff,
    0xff, 0xff, 0xff, 0xff, 0xff, 0xff, 0xff, 0xff, 0xff, 0xff, 0x20, 0x08,
    0x00, 0x08, 0x00, 0x00, 0x20, 0x08, 0x00, 0x08, 0x00, 0x08, 0x20, 0x00,
    0x00, 0x08, 0x00, 0x08, 0x20, 0x00, 0x00, 0x08, 0x00, 0x08, 0x20, 0x08,
    0x00, 0x08, 0x00, 0x08, 0x20, 0x08, 0x00, 0x08, 0x00, 0x08, 0x20, 0x08,
    0x00, 0x08, 0x00, 0x08, 0x20, 0x08, 0x00, 0x08, 0x00, 0x08, 0x20, 0x08,
    0x00, 0x08, 0x00, 0x08, 0x20, 0x08, 0x00, 0x08, 0x00, 0x08, 0x20, 0x08,
    0x00, 0x08, 0x00, 0x08, 0x20, 0x08, 0x00, 0x00, 0x00, 0x08, 0x20, 0x08,
    0x00, 0x00, 0x00, 0x08, 0x20, 0x08, 0x00, 0x08, 0x00, 0x08, 0x20, 0x08,
    0x00, 0x08, 0x00, 0x00, 0x20, 0x08, 0x00, 0x08, 0x00, 0x00, 0x20, 0x08,
    0x00, 0x08, 0x00, 0x08, 0x20, 0x08, 0x00, 0x08, 0x00, 0x00, 0x20, 0x08,
    0xff, 0xff, 0xff, 0xff, 0xff, 0xff, 0xff, 0xff, 0xff, 0xff, 0xff, 0xff,
    0xff, 0xff, 0xff, 0xff, 0xff, 0xff, 0xff, 0xff, 0xff, 0xff, 0xff, 0xff,
    0xff, 0xff, 0xff, 0xff, 0xff, 0xff, 0xff, 0xff, 0xff, 0xff, 0xff, 0xff,
    0xff, 0xff, 0xff, 0xff, 0xff, 0xff, 0x20, 0x08, 0x00, 0x08, 0x00, 0x08,
    0x00, 0x08, 0x20, 0x08, 0x00, 0x00, 0x00, 0x08, 0x20, 0x08, 0x00, 0x00,
    0x00, 0x08, 0x00, 0x08, 0x00, 0x00, 0x00, 0x08, 0x00, 0x08, 0x00, 0x08,
    0x00, 0x08, 0x00, 0x08, 0x20, 0x08, 0x00, 0x08, 0x00, 0x08, 0x00, 0x08,
    0x00, 0x08, 0x20, 0x00, 0x00, 0x08, 0x00, 0x08, 0x20, 0x00, 0x00, 0x08,
    0x00, 0x08, 0x00, 0x08, 0x00, 0x08, 0x00, 0x00, 0xff, 0xff, 0xff, 0xff,
    0xff, 0xff, 0xff, 0xff, 0xff, 0xff, 0xff, 0xff, 0xff, 0xff, 0xff, 0xff,
    0xff, 0xff, 0xff, 0xff, 0xff, 0xff, 0xff, 0xff, 0xff, 0xff, 0xff, 0xff,
    0xff, 0xff, 0xff, 0xff, 0xff, 0xff, 0xff, 0xff, 0xff, 0xff, 0xff, 0xff,
    0xff, 0xff, 0x20, 0x08, 0x00, 0x08, 0x00, 0x08, 0x20, 0x08, 0x00, 0x08,
    0x00, 0x08, 0x00, 0x08, 0x00, 0x08, 0x00, 0x08, 0x00, 0x08, 0x00, 0x08,
    0x20, 0x00, 0x00, 0x08, 0x00, 0x08, 0x00, 0x08, 0x00, 0x00, 0x00, 0x08,
    0x00, 0x00, 0x00, 0x08, 0x00, 0x08, 0x00, 0x00, 0x20, 0x08, 0x00, 0x08,
    0x00, 0x08, 0x20, 0x08, 0x00, 0x00, 0x00, 0x08, 0x00, 0x08, 0x00, 0x08,
    0x20, 0x00, 0xff, 0xff, 0xff, 0xff, 0xff, 0xff, 0xff, 0xff, 0xff, 0xff,
    0xff, 0xff, 0xff, 0xff, 0xff, 0xff, 0x20, 0x00, 0x00, 0x08, 0x00, 0x08,
    0x20, 0x08, 0x00, 0x08, 0x00, 0x00, 0x20, 0x08, 0x00, 0x08, 0x00, 0x00,
    0x20, 0x08, 0x00, 0x08, 0x00, 0x00, 0x00, 0x08, 0x00, 0x08, 0x00, 0x00,
    0x00, 0x08, 0x00, 0x08, 0x00, 0x00, 0x00, 0x08, 0x00, 0x08, 0x00, 0x08,
    0x00, 0x00, 0x20, 0x08, 0x00, 0x08, 0x00, 0x00, 0x00, 0x08, 0x20, 0x08,
    0x00, 0x08, 0x00, 0x08, 0x20, 0x00, 0xff, 0xff, 0xff, 0xff, 0xff, 0xff,
    0xff, 0xff, 0xff, 0xff, 0xff, 0xff, 0xff, 0xff, 0xff, 0xff, 0xff, 0xff,
    0xff, 0xff, 0xff, 0xff, 0xff, 0xff, 0xff, 0xff, 0xff, 0xff, 0xff, 0xff,
    0xff, 0xff, 0xff, 0xff, 0xff, 0xff, 0xff, 0xff, 0xff, 0xff, 0xff, 0xff,
    0xff, 0xff, 0xff, 0xff, 0xff, 0xff, 0xff, 0xff, 0xff, 0xff, 0xff, 0xff,
    0xff, 0xff, 0xff, 0xff, 0xff, 0xff, 0xff, 0xff, 0xff, 0xff, 0xff, 0xff,
    0xff, 0xff, 0xff, 0xff, 0xff, 0xff, 0xff, 0xff, 0xff, 0xff, 0xff, 0xff,
    0xff, 0xff, 0xff, 0xff, 0xff, 0xff, 0xff, 0xff, 0xff, 0xff, 0xff, 0xff,
    0xff, 0xff, 0xff, 0xff, 0x00, 0x08, 0x00, 0x08, 0x00, 0x08, 0x00, 0x08,
    0x20, 0x08, 0x00, 0x08, 0x00, 0x00, 0x00, 0x08, 0x20, 0x08, 0x00, 0x08,
    0x00, 0x08, 0x20, 0x08, 0x00, 0x00, 0x00, 0x08, 0x00, 0x08, 0x00, 0x00,
    0x00, 0x08, 0x00, 0x08, 0x00, 0x00, 0x00, 0x08, 0x00, 0x08, 0x00, 0x08,
    0x00, 0x08, 0x00, 0x08, 0x00, 0x08, 0x00, 0x08, 0x00, 0x00, 0x00, 0x08,
    0x00, 0x08, 0x00, 0x00, 0xff, 0xff, 0xff, 0xff, 0xff, 0xff, 0xff, 0xff,
    0xff, 0xff, 0xff, 0xff, 0xff, 0xff, 0xff, 0xff, 0xff, 0xff, 0x20, 0x08,
    0x00, 0x08, 0x00, 0x08, 0x20, 0x08, 0x00, 0x08, 0x00, 0x08, 0x20, 0x08,
    0x00, 0x08, 0x00, 0x08, 0x20, 0x08, 0x00, 0x08, 0x00, 0x08, 0x20, 0x08,
    0x00, 0x08, 0x00, 0x00, 0x00, 0x08, 0x00, 0x08, 0x20, 0x08, 0x00, 0x08,
    0x00, 0x08, 0x20, 0x00, 0x00, 0x08, 0x00, 0x08, 0x20, 0x00, 0x00, 0x08,
    0x00, 0x08, 0x20, 0x00, 0x00, 0x08, 0x00, 0x08, 0x20, 0x08, 0x00, 0x00,
    0x00, 0x08, 0x20, 0x08, 0x00, 0x08, 0x00, 0x00, 0x00, 0x08, 0x20, 0x08,
    0x00, 0x08, 0x00, 0x08, 0x00, 0x00, 0x00, 0x08, 0x00, 0x08, 0x00, 0x00,
    0x00, 0x08, 0x00, 0x08, 0x20, 0x00, 0x00, 0x08, 0x00, 0x08, 0x20, 0x00,
    0x00, 0x08, 0x00, 0x08, 0x20, 0x08, 0x00, 0x00, 0x00, 0x08, 0x20, 0x08,
    0x00, 0x08, 0x00, 0x08, 0x00, 0x08, 0x00, 0x08, 0x20, 0x08, 0x00, 0x08,
    0x00, 0x00, 0x00, 0x08, 0x00, 0x08, 0x00, 0x08, 0x00, 0x00, 0x00, 0x08,
    0x00, 0x08, 0x00, 0x08, 0x00, 0x08, 0x00, 0x08, 0x20, 0x00, 0x00, 0x08,
    0x00, 0x08, 0x00, 0x08, 0x00, 0x08, 0x00, 0x00, 0x00, 0x08, 0x00, 0x08,
    0x20, 0x00, 0xff, 0xff, 0xff, 0xff, 0xff, 0xff, 0xff, 0xff, 0xff, 0xff,
    0xff, 0xff, 0xff, 0xff, 0xff, 0xff, 0xff, 0xff, 0xff, 0xff, 0xff, 0xff,
    0xff, 0xff, 0xff, 0xff, 0xff, 0xff, 0xff, 0xff, 0xff, 0xff, 0xff, 0xff,
    0xff, 0xff, 0xff, 0xff, 0xff, 0xff, 0xff, 0xff, 0xff, 0xff, 0xff, 0xff,
    0xff, 0xff, 0xff, 0xff, 0xff, 0xff, 0xff, 0xff, 0xff, 0xff, 0xff, 0xff,
    0xff, 0xff, 0xff, 0xff, 0xff, 0xff, 0xff, 0xff, 0x21, 0x00, 0x20, 0x00,
    0x21, 0x00, 0x20, 0x00, 0x21, 0x00, 0x20, 0x00, 0x21, 0x00, 0x20, 0x00,
    0x21, 0x00, 0x20, 0x00, 0x21, 0x00, 0x21, 0x00, 0x20, 0x00, 0x21, 0x00,
    0x21, 0x00, 0x20, 0x00, 0x21, 0x00, 0x21, 0x00, 0x20, 0x00, 0x21, 0x00,
    0x21, 0x00, 0x20, 0x00, 0x21, 0x00, 0x21, 0x00, 0x20, 0x00, 0x21, 0x00,
    0x21, 0x00, 0x20, 0x00, 0x21, 0x00, 0x21, 0x00, 0x20, 0x00, 0x21, 0x00,
    0x20, 0x00, 0x21, 0x00, 0x20, 0x00, 0x21, 0x00, 0x20, 0x00, 0x21, 0x00,
    0x20, 0x00, 0x21, 0x00, 0x20, 0x00, 0x21, 0x00, 0x20, 0x00, 0x21, 0x00,
    0x20, 0x00, 0x20, 0x00, 0x21, 0x00, 0x20, 0x00, 0x20, 0x00, 0x21, 0x00,
    0x20, 0x00, 0xff, 0xff, 0xff, 0xff, 0xff, 0xff, 0xff, 0xff, 0xff, 0xff,
    0xff, 0xff, 0xff, 0xff, 0xff, 0xff, 0xff, 0xff, 0xff, 0xff, 0xff, 0xff,
    0xff, 0xff, 0xff, 0xff, 0xff, 0xff, 0xff, 0xff, 0xff, 0xff, 0xff, 0xff,
    0xff, 0xff, 0xff, 0xff, 0xff, 0xff, 0xff, 0xff, 0xff, 0xff, 0xff, 0xff,
    0xff, 0xff, 0x21, 0x00, 0x21, 0x00, 0x20, 0x00, 0x21, 0x00, 0x21, 0x00,
    0x20, 0x00, 0x21, 0x00, 0x21, 0x00, 0x20, 0x00, 0x21, 0x00, 0x21, 0x00,
    0x20, 0x00, 0x21, 0x00, 0x20, 0x00, 0x21, 0x00, 0x20, 0x00, 0x21, 0x00,
    0x20, 0x00, 0x21, 0x00, 0x21, 0x00, 0x20, 0x00, 0x21, 0x00, 0x20, 0x00,
    0x21, 0x00, 0x20, 0x00, 0x21, 0x00, 0x20, 0x00, 0x20, 0x00, 0x21, 0x00,
    0xff, 0xff, 0xff, 0xff, 0xff, 0xff, 0xff, 0xff, 0xff, 0xff, 0xff, 0xff,
    0xff, 0xff, 0xff, 0xff, 0xff, 0xff, 0xff, 0xff, 0xff, 0xff, 0xff, 0xff,
    0xff, 0xff, 0xff, 0xff, 0xff, 0xff, 0xff, 0xff, 0xff, 0xff, 0xff, 0xff,
    0xff, 0xff, 0xff, 0xff, 0xff, 0xff, 0xff, 0xff, 0xff, 0xff, 0x21, 0x00,
    0x21, 0x00, 0x20, 0x00, 0x21, 0x00, 0x21, 0x00, 0x20, 0x00, 0x21, 0x00,
    0x20, 0x00, 0x20, 0x00, 0x21, 0x00, 0x20, 0x00, 0x21, 0x00, 0x20, 0x00,
    0x21, 0x00, 0x20, 0x00, 0x21, 0x00, 0x20, 0x00, 0x20, 0x00, 0x21, 0x00,
    0x20, 0x00, 0x20, 0x00, 0x21, 0x00, 0x20, 0x00, 0x20, 0x00, 0x20, 0x00,
    0x20, 0x00, 0x20, 0x00, 0x21, 0x00, 0xff, 0xff, 0xff, 0xff, 0xff, 0xff,
    0xff, 0xff, 0xff, 0xff, 0xff, 0xff, 0xff, 0xff, 0xff, 0xff, 0xff, 0xff,
    0xff, 0xff, 0x21, 0x00, 0x21, 0x00, 0x20, 0x00, 0x21, 0x00, 0x21, 0x00,
    0x20, 0x00, 0x21, 0x00, 0x20, 0x00, 0x20, 0x00, 0x21, 0x00, 0x20, 0x00,
    0x20, 0x00, 0x21, 0x00, 0x20, 0x00, 0x20, 0x00, 0x21, 0x00, 0x20, 0x00,
    0x20, 0x00, 0x21, 0x00, 0x20, 0x00, 0x21, 0x00, 0x20, 0x00, 0x20, 0x00,
    0x21, 0x00, 0x20, 0x00, 0x20, 0x00, 0x21, 0x00, 0x20, 0x00, 0x20, 0x00,
    0xff, 0xff, 0xff, 0xff, 0xff, 0xff, 0xff, 0xff, 0xff, 0xff, 0xff, 0xff,
    0xff, 0xff, 0xff, 0xff, 0xff, 0xff, 0xff, 0xff, 0xff, 0xff, 0xff, 0xff,
    0xff, 0xff, 0xff, 0xff, 0xff, 0xff, 0xff, 0xff, 0xff, 0xff, 0xff, 0xff,
    0xff, 0xff, 0xff, 0xff, 0xff, 0xff, 0xff, 0xff, 0xff, 0xff, 0xff, 0xff,
    0xff, 0xff, 0xff, 0xff, 0xff, 0xff, 0xff, 0xff, 0xff, 0xff, 0xff, 0xff,
    0xff, 0xff, 0xff, 0xff, 0xff, 0xff, 0xff, 0xff, 0xff, 0xff, 0xff, 0xff,
    0xff, 0xff, 0xff, 0xff, 0xff, 0xff, 0xff, 0xff, 0xff, 0xff, 0xff, 0xff,
    0xff, 0xff, 0xff, 0xff, 0xff, 0xff, 0xff, 0xff, 0xff, 0xff, 0xff, 0xff,
    0x21, 0x00, 0x20, 0x00, 0x20, 0x00, 0x21, 0x00, 0x20, 0x00, 0x20, 0x00,
    0x21, 0x00, 0x20, 0x00, 0x21, 0x00, 0x20, 0x00, 0x21, 0x00, 0x20, 0x00,
    0x21, 0x00, 0x20, 0x00, 0x21, 0x00, 0x20, 0x00, 0x20, 0x00, 0x21, 0x00,
    0x20, 0x00, 0x21, 0x00, 0x20, 0x00, 0x21, 0x00, 0x20, 0x00, 0x20, 0x00,
    0x21, 0x00, 0x20, 0x00, 0x20, 0x00, 0x20, 0x00, 0x20, 0x00, 0xff, 0xff,
    0xff, 0xff, 0xff, 0xff, 0xff, 0xff, 0xff, 0xff, 0xff, 0xff, 0xff, 0xff,
    0xff, 0xff, 0xff, 0xff, 0xff, 0xff, 0xff, 0xff, 0x21, 0x00, 0x20, 0x00,
    0x20, 0x00, 0x21, 0x00, 0x20, 0x00, 0x21, 0x00, 0x20, 0x00, 0x21, 0x00,
    0x20, 0x00, 0x21, 0x00, 0x20, 0x00, 0x21, 0x00, 0x20, 0x00, 0x21, 0x00,
    0x20, 0x00, 0x20, 0x00, 0x21, 0x00, 0x20, 0x00, 0x21, 0x00, 0x20, 0x00,
    0x21, 0x00, 0x20, 0x00, 0x21, 0x00, 0x20, 0x00, 0x21, 0x00, 0x20, 0x00,
    0x21, 0x00, 0x21, 0x00, 0x20, 0x00, 0x21, 0x00, 0x21, 0x00, 0x20, 0x00,
    0x21, 0x00, 0x21, 0x00, 0x20, 0x00, 0x21, 0x00, 0x21, 0x00, 0x20, 0x00,
    0x21, 0x00, 0x20, 0x00, 0x21, 0x00, 0x20, 0x00, 0x21, 0x00, 0x20, 0x00,
    0x21, 0x00, 0x20, 0x00, 0x21, 0x00, 0x21, 0x00, 0x20, 0x00, 0x21, 0x00,
    0x21, 0x00, 0x20, 0x00, 0x21, 0x00, 0x21, 0x00, 0x20, 0x00, 0x21, 0x00,
    0x21, 0x00, 0x20, 0x00, 0x21, 0x00, 0x20, 0x00, 0x21, 0x00, 0x20, 0x00,
    0x21, 0x00, 0x20, 0x00, 0x20, 0x00, 0x21, 0x00, 0x20, 0x00, 0x21, 0x00,
    0x20, 0x00, 0x20, 0x00, 0x21, 0x00, 0x20, 0x00, 0x20, 0x00, 0x21, 0x00,
    0x20, 0x00, 0x20, 0x00, 0x21, 0x00, 0xff, 0xff, 0xff, 0xff, 0xff, 0xff,
    0xff, 0xff, 0xff, 0xff, 0xff, 0xff, 0xff, 0xff, 0xff, 0xff, 0xff, 0xff,
    0xff, 0xff, 0xff, 0xff, 0xff, 0xff, 0xff, 0xff, 0xff, 0xff, 0xff, 0xff,
    0xff, 0xff, 0xff, 0xff, 0xff, 0xff, 0xff, 0xff, 0xff, 0xff, 0xff, 0xff,
    0xff, 0xff, 0xff, 0xff, 0xff, 0xff, 0xff, 0xff, 0xff, 0xff, 0xff, 0xff,
    0xff, 0xff, 0xff, 0xff, 0xff, 0xff, 0xff, 0xff, 0xff, 0xff, 0xff, 0xff,
    0xff, 0xff, 0xff, 0xff, 0xff, 0xff, 0xff, 0xff, 0xff, 0xff, 0xff, 0xff,
    0xff, 0xff, 0xff, 0xff, 0xff, 0xff, 0xff, 0xff, 0xff, 0xff, 0xff, 0xff,
    0xff, 0xff, 0xff, 0xff, 0xff, 0xff, 0xff, 0xff, 0xff, 0xff, 0xff, 0xff,
    0xff, 0xff, 0xff, 0xff, 0xff, 0xff, 0xff, 0xff, 0xff, 0xff, 0xff, 0xff,
    0xff, 0xff, 0xff, 0xff, 0xff, 0xff, 0xff, 0xff, 0xff, 0xff, 0xff, 0xff,
    0xff, 0xff, 0xff, 0xff, 0xff, 0xff, 0xff, 0xff, 0xff, 0xff, 0xff, 0xff,
    0xff, 0xff, 0xff, 0xff, 0xff, 0xff, 0xff, 0xff, 0xff, 0xff, 0xff, 0xff,
    0xff, 0xff, 0xff, 0xff, 0xff, 0xff, 0xff, 0xff, 0xff, 0xff, 0xff, 0xff,
    0xff, 0xff, 0xff, 0xff, 0xff, 0xff, 0xff, 0xff, 0xff, 0xff, 0xff, 0xff,
    0xff, 0xff, 0xff, 0xff, 0xff, 0xff, 0xff, 0xff, 0xff, 0xff, 0xff, 0xff,
    0xff, 0xff, 0xff, 0xff, 0xff, 0xff, 0xff, 0xff, 0xff, 0xff, 0xff, 0xff,
    0xff, 0xff, 0xff, 0xff, 0xff, 0xff, 0xff, 0xff, 0xff, 0xff, 0xff, 0xff,
    0xff, 0xff, 0xff, 0xff, 0xff, 0xff, 0xff, 0xff, 0xff, 0xff, 0xff, 0xff,
    0xff, 0xff, 0xff, 0xff, 0xff, 0xff, 0xff, 0xff, 0xff, 0xff, 0xff, 0xff,
    0xff, 0xff, 0xff, 0xff, 0xff, 0xff, 0xff, 0xff, 0xff, 0xff, 0xff, 0xff,
    0xff, 0xff, 0xff, 0xff, 0xff, 0xff, 0xff, 0xff, 0xff, 0xff, 0xff, 0xff,
    0xff, 0xff, 0xff, 0xff, 0xff, 0xff, 0xff, 0xff, 0xff, 0xff, 0xff, 0xff,
    0xff, 0xff, 0xff, 0xff, 0xff, 0xff, 0xff, 0xff, 0xff, 0xff, 0xff, 0xff,
    0xff, 0xff, 0xff, 0xff, 0xff, 0xff, 0xff, 0xff, 0xff, 0xff, 0xff, 0xff,
    0xff, 0xff, 0xff, 0xff, 0xff, 0xff, 0xff, 0xff, 0xff, 0xff, 0xff, 0xff,
    0xff, 0xff, 0xff, 0xff, 0xff, 0xff, 0xff, 0xff, 0xff, 0xff, 0xff, 0xff,
    0xff, 0xff, 0xff, 0xff, 0xff, 0xff, 0xff, 0xff, 0xff, 0xff, 0xff, 0xff,
    0xff, 0xff, 0xff, 0xff, 0xff, 0xff, 0xff, 0xff, 0xff, 0xff, 0xff, 0xff,
    0xff, 0xff, 0xff, 0xff, 0xff, 0xff, 0xff, 0xff, 0xff, 0xff, 0xff, 0xff,
    0xff, 0xff, 0xff, 0xff, 0xff, 0xff, 0xff, 0xff, 0xff, 0xff, 0xff, 0xff,
    0xff, 0xff, 0xff, 0xff, 0xff, 0xff, 0xff, 0xff, 0xff, 0xff, 0xff, 0xff,
    0xff, 0xff, 0xff, 0xff, 0xff, 0xff, 0xff, 0xff, 0xff, 0xff, 0xff, 0xff,
    0xff, 0xff, 0xff, 0xff, 0xff, 0xff, 0xff, 0xff, 0xff, 0xff, 0xff, 0xff,
    0xff, 0xff, 0xff, 0xff, 0xff, 0xff, 0xff, 0xff, 0xff, 0xff, 0xff, 0xff,
    0xff, 0xff, 0xff, 0xff, 0xff, 0xff, 0xff, 0xff, 0xff, 0xff, 0xff, 0xff,
    0xff, 0xff, 0xff, 0xff, 0xff, 0xff, 0xff, 0xff, 0xff, 0xff, 0xff, 0xff,
    0xff, 0xff, 0xff, 0xff, 0xff, 0xff, 0xff, 0xff, 0xff, 0xff, 0xff, 0xff,
    0xff, 0xff, 0xff, 0xff, 0xff, 0xff, 0xff, 0xff, 0xff, 0xff, 0xff, 0xff,
    0xff, 0xff, 0xff, 0xff, 0xff, 0xff, 0xff, 0xff, 0xff, 0xff, 0xff, 0xff,
    0xff, 0xff, 0xff, 0xff, 0xff, 0xff, 0xff, 0xff, 0xff, 0xff, 0xff, 0xff,
    0xff, 0xff, 0xff, 0xff, 0xff, 0xff, 0xff, 0xff, 0xff, 0xff, 0xff, 0xff,
    0xff, 0xff, 0xff, 0xff, 0xff, 0xff, 0xff, 0xff, 0xff, 0xff, 0xff, 0xff,
    0xff, 0xff, 0xff, 0xff, 0xff, 0xff, 0xff, 0xff, 0xff, 0xff, 0xff, 0xff,
    0xff, 0xff, 0xff, 0xff, 0xff, 0xff, 0xff, 0xff, 0xff, 0xff, 0xff, 0xff,
    0xff, 0xff, 0xff, 0xff, 0xff, 0xff, 0xff, 0xff, 0xff, 0xff, 0xff, 0xff,
    0xff, 0xff, 0xff, 0xff, 0xff, 0xff, 0xff, 0xff, 0xff, 0xff, 0xff, 0xff,
    0xff, 0xff, 0xff, 0xff, 0xff, 0xff, 0xff, 0xff, 0xff, 0xff, 0xff, 0xff,
    0xff, 0xff, 0xff, 0xff, 0xff, 0xff, 0xff, 0xff, 0xff, 0xff, 0xff, 0xff,
    0xff, 0xff, 0xff, 0xff, 0xff, 0xff, 0xff, 0xff, 0xff, 0xff, 0xff, 0xff,
    0xff, 0xff, 0xff, 0xff, 0xff, 0xff, 0xff, 0xff, 0xff, 0xff, 0xff, 0xff,
    0xff, 0xff, 0xff, 0xff, 0xff, 0xff, 0xff, 0xff, 0xff, 0xff, 0xff, 0xff,
    0xff, 0xff, 0xff, 0xff, 0xff, 0xff, 0xff, 0xff, 0xff, 0xff, 0xff, 0xff,
    0xff, 0xff, 0xff, 0xff, 0xff, 0xff, 0xff, 0xff, 0xff, 0xff, 0xff, 0xff,
    0xff, 0xff, 0xff, 0xff, 0xff, 0xff, 0xff, 0xff, 0xff, 0xff, 0xff, 0xff,
    0xff, 0xff, 0xff, 0xff, 0xff, 0xff, 0xff, 0xff, 0xff, 0xff, 0xff, 0xff,
    0xff, 0xff, 0xff, 0xff, 0xff, 0xff, 0xff, 0xff, 0xff, 0xff, 0xff, 0xff,
    0xff, 0xff, 0xff, 0xff, 0xff, 0xff, 0xff, 0xff, 0xff, 0xff, 0xff, 0xff,
    0xff, 0xff, 0xff, 0xff, 0xff, 0xff, 0xff, 0xff, 0xff, 0xff, 0xff, 0xff,
    0xff, 0xff, 0xff, 0xff, 0xff, 0xff, 0xff, 0xff, 0xff, 0xff, 0xff, 0xff,
    0xff, 0xff, 0xff, 0xff, 0xff, 0xff, 0xff, 0xff, 0xff, 0xff, 0xff, 0xff,
    0xff, 0xff, 0xff, 0xff, 0xff, 0xff, 0xff, 0xff, 0xff, 0xff, 0xff, 0xff,
    0xff, 0xff, 0xff, 0xff, 0xff, 0xff, 0xff, 0xff, 0xff, 0xff, 0xff, 0xff,
    0xff, 0xff, 0xff, 0xff, 0xff, 0xff, 0xff, 0xff, 0xff, 0xff, 0xff, 0xff,
    0xff, 0xff, 0xff, 0xff, 0xff, 0xff, 0xff, 0xff, 0xff, 0xff, 0xff, 0xff,
    0xff, 0xff, 0xff, 0xff, 0xff, 0xff, 0xff, 0xff, 0xff, 0xff, 0xff, 0xff,
    0xff, 0xff, 0xff, 0xff, 0xff, 0xff, 0xff, 0xff, 0xff, 0xff, 0xff, 0xff,
    0xff, 0xff, 0xff, 0xff, 0xff, 0xff, 0xff, 0xff, 0xff, 0xff, 0xff, 0xff,
    0xff, 0xff, 0xff, 0xff, 0xff, 0xff, 0xff, 0xff, 0xff, 0xff, 0xff, 0xff,
    0xff, 0xff, 0xff, 0xff, 0xff, 0xff, 0xff, 0xff, 0xff, 0xff, 0xff, 0xff,
    0xff, 0xff, 0xff, 0xff, 0xff, 0xff, 0xff, 0xff, 0xff, 0xff, 0xff, 0xff,
    0xff, 0xff, 0xff, 0xff, 0xff, 0xff, 0xff, 0xff, 0xff, 0xff, 0xff, 0xff,
    0xff, 0xff, 0xff, 0xff, 0xff, 0xff, 0xff, 0xff, 0xff, 0xff, 0xff, 0xff,
    0xff, 0xff, 0xff, 0xff, 0xff, 0xff, 0xff, 0xff, 0xff, 0xff, 0xff, 0xff,
    0xff, 0xff, 0xff, 0xff, 0xff, 0xff, 0xff, 0xff, 0xff, 0xff, 0xff, 0xff,
    0xff, 0xff, 0xff, 0xff, 0xff, 0xff, 0xff, 0xff, 0xff, 0xff, 0xff, 0xff,
    0xff, 0xff, 0xff, 0xff, 0xff, 0xff, 0xff, 0xff, 0xff, 0xff, 0xff, 0xff,
    0xff, 0xff, 0xff, 0xff, 0xff, 0xff, 0xff, 0xff, 0xff, 0xff, 0xff, 0xff,
    0xff, 0xff, 0xff, 0xff, 0xff, 0xff, 0xff, 0xff, 0xff, 0xff, 0xff, 0xff,
    0xff, 0xff, 0xff, 0xff, 0xff, 0xff, 0xff, 0xff, 0xff, 0xff, 0xff, 0xff,
    0xff, 0xff, 0xff, 0xff, 0xff, 0xff, 0xff, 0xff, 0xff, 0xff, 0xff, 0xff,
    0xff, 0xff, 0xff, 0xff, 0xff, 0xff, 0xff, 0xff, 0xff, 0xff, 0xff, 0xff,
    0xff, 0xff, 0xff, 0xff, 0xff, 0xff, 0xff, 0xff, 0xff, 0xff, 0xff, 0xff,
    0xff, 0xff, 0xff, 0xff, 0xff, 0xff, 0xff, 0xff, 0xff, 0xff, 0xff, 0xff,
    0xff, 0xff, 0xff, 0xff, 0xff, 0xff, 0xff, 0xff, 0xff, 0xff, 0xff, 0xff,
    0xff, 0xff, 0xff, 0xff, 0xff, 0xff, 0xff, 0xff, 0xff, 0xff, 0xff, 0xff,
    0xff, 0xff, 0xff, 0xff, 0xff, 0xff, 0xff, 0xff, 0xff, 0xff, 0xff, 0xff,
    0xff, 0xff, 0xff, 0xff, 0xff, 0xff, 0xff, 0xff, 0xff, 0xff, 0xff, 0xff,
    0xff, 0xff, 0xff, 0xff, 0xff, 0xff, 0xff, 0xff, 0xff, 0xff, 0xff, 0xff,
    0xff, 0xff, 0xff, 0xff, 0xff, 0xff, 0xff, 0xff, 0xff, 0xff, 0xff, 0xff,
    0xff, 0xff, 0xff, 0xff, 0xff, 0xff, 0xff, 0xff, 0xff, 0xff, 0xff, 0xff,
    0xff, 0xff, 0xff, 0xff, 0xff, 0xff, 0xff, 0xff, 0xff, 0xff, 0xff, 0xff,
    0xff, 0xff, 0xff, 0xff, 0xff, 0xff, 0xff, 0xff, 0xff, 0xff, 0xff, 0xff,
    0xff, 0xff, 0xff, 0xff, 0xff, 0xff, 0xff, 0xff, 0xff, 0xff, 0xff, 0xff,
    0xff, 0xff, 0xff, 0xff, 0xff, 0xff, 0xff, 0xff, 0xff, 0xff, 0xff, 0xff,
    0xff, 0xff, 0xff, 0xff, 0xff, 0xff, 0xff, 0xff, 0xff, 0xff, 0xff, 0xff,
    0xff, 0xff, 0xff, 0xff, 0xff, 0xff, 0xff, 0xff, 0xff, 0xff, 0xff, 0xff,
    0xff, 0xff, 0xff, 0xff, 0xff, 0xff, 0xff, 0xff, 0xff, 0xff, 0xff, 0xff,
    0xff, 0xff, 0xff, 0xff, 0xff, 0xff, 0xff, 0xff, 0xff, 0xff, 0xff, 0xff,
    0xff, 0xff, 0xff, 0xff, 0xff, 0xff, 0xff, 0xff, 0xff, 0xff, 0xff, 0xff,
    0xff, 0xff, 0xff, 0xff, 0xff, 0xff, 0xff, 0xff, 0xff, 0xff, 0xff, 0xff,
    0xff, 0xff, 0xff, 0xff, 0xff, 0xff, 0xff, 0xff, 0xff, 0xff, 0xff, 0xff,
    0xff, 0xff, 0xff, 0xff, 0xff, 0xff, 0xff, 0xff, 0xff, 0xff, 0xff, 0xff,
    0xff, 0xff, 0xff, 0xff, 0xff, 0xff, 0xff, 0xff, 0xff, 0xff, 0xff, 0xff,
    0xff, 0xff, 0xff, 0xff, 0xff, 0xff, 0xff, 0xff, 0xff, 0xff, 0xff, 0xff,
    0xff, 0xff, 0xff, 0xff, 0xff, 0xff, 0xff, 0xff, 0xff, 0xff, 0xff, 0xff,
    0xff, 0xff, 0xff, 0xff, 0xff, 0xff, 0xff, 0xff, 0xff, 0xff, 0xff, 0xff,
    0xff, 0xff, 0xff, 0xff, 0xff, 0xff, 0xff, 0xff, 0xff, 0xff, 0xff, 0xff,
    0xff, 0xff, 0xff, 0xff, 0xff, 0xff, 0xff, 0xff, 0xff, 0xff, 0xff, 0xff,
    0xff, 0xff, 0xff, 0xff, 0xff, 0xff, 0xff, 0xff, 0xff, 0xff, 0xff, 0xff,
    0xff, 0xff, 0xff, 0xff, 0xff, 0xff, 0xff, 0xff, 0xff, 0xff, 0xff, 0xff,
    0xff, 0xff, 0xff, 0xff, 0xff, 0xff, 0xff, 0xff, 0xff, 0xff, 0xff, 0xff,
    0xff, 0xff, 0xff, 0xff, 0xff, 0xff, 0xff, 0xff, 0xff, 0xff, 0xff, 0xff,
    0xff, 0xff, 0xff, 0xff, 0xff, 0xff, 0xff, 0xff, 0xff, 0xff, 0xff, 0xff,
    0xff, 0xff, 0xff, 0xff, 0xff, 0xff, 0xff, 0xff, 0xff, 0xff, 0xff, 0xff,
    0xff, 0xff, 0xff, 0xff, 0xff, 0xff, 0xff, 0xff, 0xff, 0xff, 0xff, 0xff,
    0xff, 0xff, 0xff, 0xff, 0xff, 0xff, 0xff, 0xff, 0xff, 0xff, 0xff, 0xff,
    0xff, 0xff, 0xff, 0xff, 0xff, 0xff, 0xff, 0xff, 0xff, 0xff, 0xff, 0xff,
    0xff, 0xff, 0xff, 0xff, 0xff, 0xff, 0xff, 0xff, 0xff, 0xff, 0xff, 0xff,
    0xff, 0xff, 0xff, 0xff, 0xff, 0xff, 0xff, 0xff, 0xff, 0xff, 0xff, 0xff,
    0xff, 0xff, 0xff, 0xff, 0xff, 0xff, 0xff, 0xff, 0xff, 0xff, 0xff, 0xff,
    0xff, 0xff, 0xff, 0xff, 0xff, 0xff, 0xff, 0xff, 0xff, 0xff, 0xff, 0xff,
    0xff, 0xff, 0xff, 0xff, 0xff, 0xff, 0xff, 0xff, 0xff, 0xff, 0xff, 0xff,
    0xff, 0xff, 0xff, 0xff, 0xff, 0xff, 0xff, 0xff, 0xff, 0xff, 0xff, 0xff,
    0xff, 0xff, 0xff, 0xff, 0xff, 0xff, 0xff, 0xff, 0xff, 0xff, 0xff, 0xff,
    0xff, 0xff, 0xff, 0xff, 0xff, 0xff, 0xff, 0xff, 0xff, 0xff, 0xff, 0xff,
    0xff, 0xff, 0xff, 0xff, 0xff, 0xff, 0xff, 0xff, 0xff, 0xff, 0xff, 0xff,
    0xff, 0xff, 0xff, 0xff, 0xff, 0xff, 0xff, 0xff, 0xff, 0xff, 0xff, 0xff,
    0xff, 0xff, 0xff, 0xff, 0xff, 0xff, 0xff, 0xff, 0xff, 0xff, 0xff, 0xff,
    0xff, 0xff, 0xff, 0xff, 0xff, 0xff, 0xff, 0xff, 0xff, 0xff, 0xff, 0xff,
    0xff, 0xff, 0xff, 0xff, 0xff, 0xff, 0xff, 0xff, 0xff, 0xff, 0xff, 0xff,
    0xff, 0xff, 0xff, 0xff, 0xff, 0xff, 0xff, 0xff, 0xff, 0xff, 0xff, 0xff,
    0xff, 0xff, 0xff, 0xff, 0xff, 0xff, 0xff, 0xff, 0xff, 0xff, 0xff, 0xff,
    0xff, 0xff, 0xff, 0xff, 0xff, 0xff, 0xff, 0xff, 0xff, 0xff, 0xff, 0xff,
    0xff, 0xff, 0xff, 0xff, 0xff, 0xff, 0xff, 0xff, 0xff, 0xff, 0xff, 0xff,
    0xff, 0xff, 0xff, 0xff, 0xff, 0xff, 0xff, 0xff, 0xff, 0xff, 0xff, 0xff,
    0xff, 0xff, 0xff, 0xff, 0xff, 0xff, 0xff, 0xff, 0xff, 0xff, 0xff, 0xff,
    0xff, 0xff, 0xff, 0xff, 0xff, 0xff, 0xff, 0xff, 0xff, 0xff, 0xff, 0xff,
    0xff, 0xff, 0xff, 0xff, 0xff, 0xff, 0xff, 0xff, 0xff, 0xff, 0xff, 0xff,
    0xff, 0xff, 0xff, 0xff, 0xff, 0xff, 0xff, 0xff, 0xff, 0xff, 0xff, 0xff,
    0xff, 0xff, 0xff, 0xff, 0xff, 0xff, 0xff, 0xff, 0xff, 0xff, 0xff, 0xff,
    0xff, 0xff, 0xff, 0xff, 0xff, 0xff, 0xff, 0xff, 0xff, 0xff, 0xff, 0xff,
    0xff, 0xff, 0xff, 0xff, 0xff, 0xff, 0xff, 0xff, 0xff, 0xff, 0xff, 0xff,
    0xff, 0xff, 0xff, 0xff, 0xff, 0xff, 0xff, 0xff, 0xff, 0xff, 0xff, 0xff,
    0xff, 0xff, 0xff, 0xff, 0xff, 0xff, 0xff, 0xff, 0xff, 0xff, 0xff, 0xff,
    0xff, 0xff, 0xff, 0xff, 0xff, 0xff, 0xff, 0xff, 0xff, 0xff, 0xff, 0xff,
    0xff, 0xff, 0xff, 0xff, 0xff, 0xff, 0xff, 0xff, 0xff, 0xff, 0xff, 0xff,
    0xff, 0xff, 0xff, 0xff, 0xff, 0xff, 0xff, 0xff, 0xff, 0xff, 0xff, 0xff,
    0xff, 0xff, 0xff, 0xff, 0xff, 0xff, 0xff, 0xff, 0xff, 0xff, 0xff, 0xff,
    0xff, 0xff, 0xff, 0xff, 0xff, 0xff, 0xff, 0xff, 0xff, 0xff, 0xff, 0xff,
    0xff, 0xff, 0xff, 0xff, 0xff, 0xff, 0xff, 0xff, 0xff, 0xff, 0xff, 0xff,
    0xff, 0xff, 0xff, 0xff, 0xff, 0xff, 0xff, 0xff, 0xff, 0xff, 0xff, 0xff,
    0xff, 0xff, 0xff, 0xff, 0xff, 0xff, 0xff, 0xff, 0xff, 0xff, 0xff, 0xff,
    0xff, 0xff, 0xff, 0xff, 0xff, 0xff, 0xff, 0xff, 0xff, 0xff, 0xff, 0xff,
    0xff, 0xff, 0xff, 0xff, 0xff, 0xff, 0xff, 0xff, 0xff, 0xff, 0xff, 0xff,
    0xff, 0xff, 0xff, 0xff, 0xff, 0xff, 0xff, 0xff, 0xff, 0xff, 0xff, 0xff,
    0xff, 0xff, 0xff, 0xff, 0xff, 0xff, 0xff, 0xff, 0xff, 0xff, 0xff, 0xff,
    0xff, 0xff, 0xff, 0xff, 0xff, 0xff, 0xff, 0xff, 0xff, 0xff, 0xff, 0xff,
    0xff, 0xff, 0xff, 0xff, 0xff, 0xff, 0xff, 0xff, 0xff, 0xff, 0xff, 0xff,
    0xff, 0xff, 0xff, 0xff, 0xff, 0xff, 0xff, 0xff, 0xff, 0xff, 0xff, 0xff,
    0xff, 0xff, 0xff, 0xff, 0xff, 0xff, 0xff, 0xff, 0xff, 0xff, 0xff, 0xff,
    0xff, 0xff, 0xff, 0xff, 0xff, 0xff, 0xff, 0xff, 0xff, 0xff, 0xff, 0xff,
    0xff, 0xff, 0xff, 0xff, 0xff, 0xff, 0xff, 0xff, 0xff, 0xff, 0xff, 0xff,
    0xff, 0xff, 0xff, 0xff, 0xff, 0xff, 0xff, 0xff, 0xff, 0xff, 0xff, 0xff,
    0xff, 0xff, 0xff, 0xff, 0xff, 0xff, 0xff, 0xff, 0xff, 0xff, 0xff, 0xff,
    0xff, 0xff, 0xff, 0xff, 0xff, 0xff, 0xff, 0xff, 0xff, 0xff, 0xff, 0xff,
    0xff, 0xff, 0xff, 0xff, 0xff, 0xff, 0xff, 0xff, 0xff, 0xff, 0xff, 0xff,
    0xff, 0xff, 0xff, 0xff, 0xff, 0xff, 0xff, 0xff, 0xff, 0xff, 0xff, 0xff,
    0xff, 0xff, 0xff, 0xff, 0xff, 0xff, 0xff, 0xff, 0xff, 0xff, 0xff, 0xff,
    0xff, 0xff, 0xff, 0xff, 0xff, 0xff, 0xff, 0xff, 0xff, 0xff, 0xff, 0xff,
    0xff, 0xff, 0xff, 0xff, 0xff, 0xff, 0xff, 0xff, 0xff, 0xff, 0xff, 0xff,
    0xff, 0xff, 0xff, 0xff, 0xff, 0xff, 0xff, 0xff, 0xff, 0xff, 0xff, 0xff,
    0xff, 0xff, 0xff, 0xff, 0xff, 0xff, 0xff, 0xff, 0xff, 0xff, 0xff, 0xff,
    0xff, 0xff, 0xff, 0xff, 0xff, 0xff, 0xff, 0xff, 0xff, 0xff, 0xff, 0xff,
    0xff, 0xff, 0xff, 0xff, 0xff, 0xff, 0xff, 0xff, 0xff, 0xff, 0xff, 0xff,
    0xff, 0xff, 0xff, 0xff, 0xff, 0xff, 0xff, 0xff, 0xff, 0xff, 0xff, 0xff,
    0xff, 0xff, 0xff, 0xff, 0xff, 0xff, 0xff, 0xff, 0xff, 0xff, 0xff, 0xff,
    0xff, 0xff, 0xff, 0xff, 0xff, 0xff, 0xff, 0xff, 0xff, 0xff, 0xff, 0xff,
    0xff, 0xff, 0xff, 0xff, 0xff, 0xff, 0xff, 0xff, 0xff, 0xff, 0xff, 0xff,
    0xff, 0xff, 0xff, 0xff, 0xff, 0xff, 0xff, 0xff, 0xff, 0xff, 0xff, 0xff,
    0xff, 0xff, 0xff, 0xff, 0xff, 0xff, 0xff, 0xff, 0xff, 0xff, 0xff, 0xff,
    0xff, 0xff, 0xff, 0xff, 0xff, 0xff, 0xff, 0xff, 0xff, 0xff, 0xff, 0xff,
    0xff, 0xff, 0xff, 0xff, 0xff, 0xff, 0xff, 0xff, 0xff, 0xff, 0xff, 0xff,
    0xff, 0xff, 0xff, 0xff, 0xff, 0xff, 0xff, 0xff, 0xff, 0xff, 0xff, 0xff,
    0xff, 0xff, 0xff, 0xff, 0xff, 0xff, 0xff, 0xff, 0xff, 0xff, 0xff, 0xff,
    0xff, 0xff, 0xff, 0xff, 0xff, 0xff, 0xff, 0xff, 0xff, 0xff, 0xff, 0xff,
    0xff, 0xff, 0xff, 0xff, 0xff, 0xff, 0xff, 0xff, 0xff, 0xff, 0xff, 0xff,
    0xff, 0xff, 0xff, 0xff, 0xff, 0xff, 0xff, 0xff, 0xff, 0xff, 0xff, 0xff,
    0xff, 0xff, 0xff, 0xff, 0xff, 0xff, 0xff, 0xff, 0xff, 0xff, 0xff, 0xff,
    0xff, 0xff, 0xff, 0xff, 0xff, 0xff, 0xff, 0xff, 0xff, 0xff, 0xff, 0xff,
    0xff, 0xff, 0xff, 0xff, 0xff, 0xff, 0xff, 0xff, 0xff, 0xff, 0xff, 0xff,
    0xff, 0xff, 0xff, 0xff, 0xff, 0xff, 0xff, 0xff, 0xff, 0xff, 0xff, 0xff,
    0xff, 0xff, 0xff, 0xff, 0xff, 0xff, 0xff, 0xff, 0xff, 0xff, 0xff, 0xff,
    0xff, 0xff, 0xff, 0xff, 0xff, 0xff, 0xff, 0xff, 0xff, 0xff, 0xff, 0xff,
    0xff, 0xff, 0xff, 0xff, 0xff, 0xff, 0xff, 0xff, 0xff, 0xff, 0xff, 0xff,
    0xff, 0xff, 0xff, 0xff, 0xff, 0xff, 0xff, 0xff, 0xff, 0xff, 0xff, 0xff,
    0xff, 0xff, 0xff, 0xff, 0xff, 0xff, 0xff, 0xff, 0xff, 0xff, 0xff, 0xff,
    0xff, 0xff, 0xff, 0xff, 0xff, 0xff, 0xff, 0xff, 0xff, 0xff, 0xff, 0xff,
    0xff, 0xff, 0xff, 0xff, 0xff, 0xff, 0xff, 0xff, 0xff, 0xff, 0xff, 0xff,
    0xff, 0xff, 0xff, 0xff, 0xff, 0xff, 0xff, 0xff, 0xff, 0xff, 0xff, 0xff,
    0xff, 0xff, 0xff, 0xff, 0xff, 0xff, 0xff, 0xff, 0xff, 0xff, 0xff, 0xff,
    0xff, 0xff, 0xff, 0xff, 0xff, 0xff, 0xff, 0xff, 0xff, 0xff, 0xff, 0xff,
    0xff, 0xff, 0xff, 0xff, 0xff, 0xff, 0xff, 0xff, 0xff, 0xff, 0xff, 0xff,
    0xff, 0xff, 0xff, 0xff, 0xff, 0xff, 0xff, 0xff, 0xff, 0xff, 0xff, 0xff,
    0xff, 0xff, 0xff, 0xff, 0xff, 0xff, 0xff, 0xff, 0xff, 0xff, 0xff, 0xff,
    0xff, 0xff, 0xff, 0xff, 0xff, 0xff, 0xff, 0xff, 0xff, 0xff, 0xff, 0xff,
    0xff, 0xff, 0xff, 0xff, 0xff, 0xff, 0xff, 0xff, 0xff, 0xff, 0xff, 0xff,
    0xff, 0xff, 0xff, 0xff, 0xff, 0xff, 0xff, 0xff, 0xff, 0xff, 0xff, 0xff,
    0xff, 0xff, 0xff, 0xff, 0xff, 0xff, 0xff, 0xff, 0xff, 0xff, 0xff, 0xff,
    0xff, 0xff, 0xff, 0xff, 0xff, 0xff, 0xff, 0xff, 0xff, 0xff, 0xff, 0xff,
    0xff, 0xff, 0xff, 0xff, 0xff, 0xff, 0xff, 0xff, 0xff, 0xff, 0xff, 0xff,
    0xff, 0xff, 0xff, 0xff, 0xff, 0xff, 0xff, 0xff, 0xff, 0xff, 0xff, 0xff,
    0xff, 0xff, 0xff, 0xff, 0xff, 0xff, 0xff, 0xff, 0xff, 0xff, 0xff, 0xff,
    0xff, 0xff, 0xff, 0xff, 0xff, 0xff, 0xff, 0xff, 0xff, 0xff, 0xff, 0xff,
    0xff, 0xff, 0xff, 0xff, 0xff, 0xff, 0xff, 0xff, 0xff, 0xff, 0xff, 0xff,
    0xff, 0xff, 0xff, 0xff, 0xff, 0xff, 0xff, 0xff, 0xff, 0xff, 0xff, 0xff,
    0xff, 0xff, 0xff, 0xff, 0xff, 0xff, 0xff, 0xff, 0xff, 0xff, 0xff, 0xff,
    0xff, 0xff, 0xff, 0xff, 0xff, 0xff, 0xff, 0xff, 0xff, 0xff, 0xff, 0xff,
    0xff, 0xff, 0xff, 0xff, 0xff, 0xff, 0xff, 0xff, 0xff, 0xff, 0xff, 0xff,
    0xff, 0xff, 0xff, 0xff, 0xff, 0xff, 0xff, 0xff, 0xff, 0xff, 0xff, 0xff,
    0xff, 0xff, 0xff, 0xff, 0xff, 0xff, 0xff, 0xff, 0xff, 0xff, 0xff, 0xff,
    0xff, 0xff, 0xff, 0xff, 0xff, 0xff, 0xff, 0xff, 0xff, 0xff, 0xff, 0xff,
    0xff, 0xff, 0xff, 0xff, 0xff, 0xff, 0xff, 0xff, 0xff, 0xff, 0xff, 0xff,
    0xff, 0xff, 0xff, 0xff, 0xff, 0xff, 0xff, 0xff, 0xff, 0xff, 0xff, 0xff,
    0xff, 0xff, 0xff, 0xff, 0xff, 0xff, 0xff, 0xff, 0xff, 0xff, 0xff, 0xff,
    0xff, 0xff, 0xff, 0xff, 0xff, 0xff, 0xff, 0xff, 0xff, 0xff, 0xff, 0xff,
    0xff, 0xff, 0xff, 0xff, 0xff, 0xff, 0xff, 0xff, 0xff, 0xff, 0xff, 0xff,
    0xff, 0xff, 0xff, 0xff, 0xff, 0xff, 0xff, 0xff, 0xff, 0xff, 0xff, 0xff,
    0xff, 0xff, 0xff, 0xff, 0xff, 0xff, 0xff, 0xff, 0xff, 0xff, 0xff, 0xff,
    0xff, 0xff, 0xff, 0xff, 0xff, 0xff, 0xff, 0xff, 0xff, 0xff, 0xff, 0xff,
    0xff, 0xff, 0xff, 0xff, 0xff, 0xff, 0xff, 0xff, 0xff, 0xff, 0xff, 0xff,
    0xff, 0xff, 0xff, 0xff, 0xff, 0xff, 0xff, 0xff, 0xff, 0xff, 0xff, 0xff,
    0xff, 0xff, 0xff, 0xff, 0xff, 0xff, 0xff, 0xff, 0xff, 0xff, 0xff, 0xff,
    0xff, 0xff, 0xff, 0xff, 0xff, 0xff, 0xff, 0xff, 0xff, 0xff, 0xff, 0xff,
    0xff, 0xff, 0xff, 0xff, 0xff, 0xff, 0xff, 0xff, 0xff, 0xff, 0xff, 0xff,
    0xff, 0xff, 0xff, 0xff, 0xff, 0xff, 0xff, 0xff, 0xff, 0xff, 0xff, 0xff,
    0xff, 0xff, 0xff, 0xff, 0xff, 0xff, 0xff, 0xff, 0xff, 0xff, 0xff, 0xff,
    0xff, 0xff, 0xff, 0xff, 0xff, 0xff, 0xff, 0xff, 0xff, 0xff, 0xff, 0xff,
    0xff, 0xff, 0xff, 0xff, 0xff, 0xff, 0xff, 0xff, 0xff, 0xff, 0xff, 0xff,
    0xff, 0xff, 0xff, 0xff, 0xff, 0xff, 0xff, 0xff, 0xff, 0xff, 0xff, 0xff,
    0xff, 0xff, 0xff, 0xff, 0xff, 0xff, 0xff, 0xff, 0xff, 0xff, 0xff, 0xff,
    0xff, 0xff, 0xff, 0xff, 0xff, 0xff, 0xff, 0xff, 0xff, 0xff, 0xff, 0xff,
    0xff, 0xff, 0xff, 0xff, 0xff, 0xff, 0xff, 0xff, 0xff, 0xff, 0xff, 0xff,
    0xff, 0xff, 0xff, 0xff, 0xff, 0xff, 0xff, 0xff, 0xff, 0xff, 0xff, 0xff,
    0xff, 0xff, 0xff, 0xff, 0xff, 0xff, 0xff, 0xff, 0xff, 0xff, 0xff, 0xff,
    0xff, 0xff, 0xff, 0xff, 0xff, 0xff, 0xff, 0xff, 0xff, 0xff, 0xff, 0xff,
    0xff, 0xff, 0xff, 0xff, 0xff, 0xff, 0xff, 0xff, 0xff, 0xff, 0xff, 0xff,
    0xff, 0xff, 0xff, 0xff, 0xff, 0xff, 0xff, 0xff, 0xff, 0xff, 0xff, 0xff,
    0xff, 0xff, 0xff, 0xff, 0xff, 0xff, 0xff, 0xff, 0xff, 0xff, 0xff, 0xff,
    0xff, 0xff, 0xff, 0xff, 0xff, 0xff, 0xff, 0xff, 0xff, 0xff, 0xff, 0xff,
    0xff, 0xff, 0xff, 0xff, 0xff, 0xff, 0xff, 0xff, 0xff, 0xff, 0xff, 0xff,
    0xff, 0xff, 0xff, 0xff, 0xff, 0xff, 0xff, 0xff, 0xff, 0xff, 0xff, 0xff,
    0xff, 0xff, 0xff, 0xff, 0xff, 0xff, 0xff, 0xff, 0xff, 0xff, 0xff, 0xff,
    0xff, 0xff, 0xff, 0xff, 0xff, 0xff, 0xff, 0xff, 0xff, 0xff, 0xff, 0xff,
    0xff, 0xff, 0xff, 0xff, 0xff, 0xff, 0xff, 0xff, 0xff, 0xff, 0xff, 0xff,
    0xff, 0xff, 0xff, 0xff, 0xff, 0xff, 0xff, 0xff, 0xff, 0xff, 0xff, 0xff,
    0xff, 0xff, 0xff, 0xff, 0xff, 0xff, 0xff, 0xff, 0xff, 0xff, 0xff, 0xff,
    0xff, 0xff, 0xff, 0xff, 0xff, 0xff, 0xff, 0xff, 0xff, 0xff, 0xff, 0xff,
    0xff, 0xff, 0xff, 0xff, 0xff, 0xff, 0xff, 0xff, 0xff, 0xff, 0xff, 0xff,
    0xff, 0xff, 0xff, 0xff, 0xff, 0xff, 0xff, 0xff, 0xff, 0xff, 0xff, 0xff,
    0xff, 0xff, 0xff, 0xff, 0xff, 0xff, 0xff, 0xff, 0xff, 0xff, 0xff, 0xff,
    0xff, 0xff, 0xff, 0xff, 0xff, 0xff, 0xff, 0xff, 0xff, 0xff, 0xff, 0xff,
    0xff, 0xff, 0xff, 0xff, 0xff, 0xff, 0xff, 0xff, 0xff, 0xff, 0xff, 0xff,
    0xff, 0xff, 0xff, 0xff, 0xff, 0xff, 0xff, 0xff, 0xff, 0xff, 0xff, 0xff,
    0xff, 0xff, 0xff, 0xff, 0xff, 0xff, 0xff, 0xff, 0xff, 0xff, 0xff, 0xff,
    0xff, 0xff, 0xff, 0xff, 0xff, 0xff, 0xff, 0xff, 0xff, 0xff, 0xff, 0xff,
    0xff, 0xff, 0xff, 0xff, 0xff, 0xff, 0xff, 0xff, 0xff, 0xff, 0xff, 0xff,
    0xff, 0xff, 0xff, 0xff, 0xff, 0xff, 0xff, 0xff, 0xff, 0xff, 0xff, 0xff,
    0xff, 0xff, 0xff, 0xff, 0xff, 0xff, 0xff, 0xff, 0xff, 0xff, 0xff, 0xff,
    0xff, 0xff, 0xff, 0xff, 0xff, 0xff, 0xff, 0xff, 0xff, 0xff, 0xff, 0xff,
    0xff, 0xff, 0xff, 0xff, 0xff, 0xff, 0xff, 0xff, 0xff, 0xff, 0xff, 0xff,
    0xff, 0xff, 0xff, 0xff, 0xff, 0xff, 0xff, 0xff, 0xff, 0xff, 0xff, 0xff,
    0xff, 0xff, 0xff, 0xff, 0xff, 0xff, 0xff, 0xff, 0xff, 0xff, 0xff, 0xff,
    0xff, 0xff, 0xff, 0xff, 0xff, 0xff, 0xff, 0xff, 0xff, 0xff, 0xff, 0xff,
    0xff, 0xff, 0xff, 0xff, 0xff, 0xff, 0xff, 0xff, 0xff, 0xff, 0xff, 0xff,
    0xff, 0xff, 0xff, 0xff, 0xff, 0xff, 0xff, 0xff, 0xff, 0xff, 0xff, 0xff,
    0xff, 0xff, 0xff, 0xff, 0xff, 0xff, 0xff, 0xff, 0xff, 0xff, 0xff, 0xff,
    0xff, 0xff, 0xff, 0xff, 0xff, 0xff, 0xff, 0xff, 0xff, 0xff, 0xff, 0xff,
    0xff, 0xff, 0xff, 0xff, 0xff, 0xff, 0xff, 0xff, 0xff, 0xff, 0xff, 0xff,
    0xff, 0xff, 0xff, 0xff, 0xff, 0xff, 0xff, 0xff, 0xff, 0xff, 0xff, 0xff,
    0xff, 0xff, 0xff, 0xff, 0xff, 0xff, 0xff, 0xff, 0xff, 0xff, 0xff, 0xff,
    0xff, 0xff, 0xff, 0xff, 0x20, 0x00, 0x20, 0x08, 0x20, 0x00, 0x20, 0x08,
    0x20, 0x00, 0x20, 0x08, 0x20, 0x00, 0x20, 0x08, 0x20, 0x00, 0x20, 0x00,
    0x20, 0x08, 0x21, 0x00, 0x20, 0x00, 0x20, 0x08, 0x20, 0x00, 0x20, 0x00,
    0x20, 0x08, 0x20, 0x00, 0x21, 0x08, 0x20, 0x00, 0x20, 0x08, 0x21, 0x00,
    0x20, 0x08, 0x20, 0x00, 0x21, 0x00, 0x20, 0x08, 0x20, 0x00, 0x21, 0x00,
    0x20, 0x00, 0xff, 0xff, 0xff, 0xff, 0xff, 0xff, 0xff, 0xff, 0xff, 0xff,
    0xff, 0xff, 0xff, 0xff, 0xff, 0xff, 0xff, 0xff, 0xff, 0xff, 0xff, 0xff,
    0xff, 0xff, 0xff, 0xff, 0xff, 0xff, 0xff, 0xff, 0xff, 0xff, 0xff, 0xff,
    0xff, 0xff, 0xff, 0xff, 0xff, 0xff, 0xff, 0xff, 0xff, 0xff, 0xff, 0xff,
    0xff, 0xff, 0xff, 0xff, 0xff, 0xff, 0x20, 0x00, 0x20, 0x00, 0x21, 0x08,
    0x20, 0x00, 0x20, 0x00, 0x21, 0x08, 0x20, 0x00, 0x20, 0x00, 0x21, 0x08,
    0x20, 0x00, 0x20, 0x08, 0x21, 0x00, 0x20, 0x08, 0x20, 0x00, 0x21, 0x00,
    0x20, 0x08, 0x21, 0x00, 0x21, 0x08, 0x20, 0x00, 0x21, 0x08, 0x20, 0x00,
    0x20, 0x08, 0x21, 0x00, 0x20, 0x08, 0x20, 0x00, 0x21, 0x00, 0x20, 0x08,
    0x21, 0x00, 0x20, 0x00, 0xff, 0xff, 0xff, 0xff, 0xff, 0xff, 0xff, 0xff,
    0xff, 0xff, 0xff, 0xff, 0xff, 0xff, 0xff, 0xff, 0xff, 0xff, 0xff, 0xff,
    0xff, 0xff, 0xff, 0xff, 0x20, 0x08, 0x21, 0x00, 0x20, 0x08, 0x21, 0x08,
    0x20, 0x00, 0x21, 0x08, 0x20, 0x00, 0x21, 0x08, 0x20, 0x00, 0x20, 0x08,
    0x21, 0x00, 0x20, 0x08, 0x20, 0x00, 0x21, 0x08, 0x20, 0x00, 0x20, 0x08,
    0x21, 0x00, 0x20, 0x08, 0x21, 0x00, 0x20, 0x08, 0x21, 0x00, 0x20, 0x08,
    0x21, 0x00, 0x20, 0x00, 0x20, 0x08, 0x21, 0x00, 0x20, 0x00, 0x20, 0x08,
    0x21, 0x00, 0x20, 0x00, 0x20, 0x08, 0x21, 0x00, 0x20, 0x00, 0x20, 0x00,
    0x21, 0x00, 0x20, 0x00, 0x20, 0x00, 0x21, 0x00, 0x20, 0x00, 0x20, 0x00,
    0x21, 0x00, 0x20, 0x00, 0x20, 0x00, 0x21, 0x00, 0x20, 0x00, 0x21, 0x00,
    0x20, 0x00, 0x21, 0x00, 0x20, 0x00, 0x21, 0x00, 0x20, 0x00, 0x21, 0x00,
    0x20, 0x00, 0x21, 0x00, 0x20, 0x00, 0x21, 0x00, 0x20, 0x00, 0x20, 0x00,
    0x21, 0x00, 0x20, 0x00, 0x21, 0x00, 0x20, 0x00, 0x20, 0x00, 0x21, 0x00,
    0x20, 0x00, 0x21, 0x00, 0x20, 0x00, 0x20, 0x00, 0x21, 0x00, 0x20, 0x00,
    0x20, 0x00, 0x21, 0x00, 0x20, 0x08, 0x20, 0x00, 0x21, 0x00, 0x20, 0x08,
    0x20, 0x00, 0x21, 0x00, 0x20, 0x08, 0x20, 0x00, 0x21, 0x08, 0x20, 0x00,
    0x20, 0x08, 0x21, 0x00, 0xff, 0xff, 0xff, 0xff, 0xff, 0xff, 0xff, 0xff,
    0xff, 0xff, 0xff, 0xff, 0xff, 0xff, 0xff, 0xff, 0xff, 0xff, 0xff, 0xff,
    0xff, 0xff, 0xff, 0xff, 0xff, 0xff, 0xff, 0xff, 0xff, 0xff, 0xff, 0xff,
    0xff, 0xff, 0xff, 0xff, 0xff, 0xff, 0xff, 0xff, 0xff, 0xff, 0xff, 0xff,
    0xff, 0xff, 0xff, 0xff, 0xff, 0xff, 0xff, 0xff, 0xff, 0xff, 0xff, 0xff,
    0xff, 0xff, 0xff, 0xff, 0xff, 0xff, 0xff, 0xff, 0xff, 0xff, 0xff, 0xff,
    0xff, 0xff, 0xff, 0xff, 0xff, 0xff, 0xff, 0xff, 0xff, 0xff, 0xff, 0xff,
    0xff, 0xff, 0xff, 0xff, 0xff, 0xff, 0xff, 0xff, 0xff, 0xff, 0xff, 0xff,
    0xff, 0xff, 0xff, 0xff, 0xff, 0xff, 0xff, 0xff, 0xff, 0xff, 0xff, 0xff,
    0xff, 0xff, 0xff, 0xff, 0xff, 0xff, 0xff, 0xff, 0xff, 0xff, 0xff, 0xff,
    0xff, 0xff, 0xff, 0xff, 0xff, 0xff, 0xff, 0xff, 0xff, 0xff, 0xff, 0xff,
    0xff, 0xff, 0xff, 0xff, 0xff, 0xff, 0xff, 0xff, 0xff, 0xff, 0xff, 0xff,
    0xff, 0xff, 0xff, 0xff, 0xff, 0xff, 0xff, 0xff, 0xff, 0xff, 0xff, 0xff,
    0xff, 0xff, 0xff, 0xff, 0xff, 0xff, 0xff, 0xff, 0xff, 0xff, 0xff, 0xff,
    0xff, 0xff, 0xff, 0xff, 0xff, 0xff, 0xff, 0xff, 0xff, 0xff, 0xff, 0xff,
    0xff, 0xff, 0xff, 0xff, 0xff, 0xff, 0xff, 0xff, 0xff, 0xff, 0xff, 0xff,
    0xff, 0xff, 0xff, 0xff, 0xff, 0xff, 0xff, 0xff, 0xff, 0xff, 0xff, 0xff,
    0xff, 0xff, 0xff, 0xff, 0xff, 0xff, 0xff, 0xff, 0xff, 0xff, 0xff, 0xff,
    0xff, 0xff, 0xff, 0xff, 0xff, 0xff, 0xff, 0xff, 0xff, 0xff, 0xff, 0xff,
    0xff, 0xff, 0xff, 0xff, 0xff, 0xff, 0xff, 0xff, 0xff, 0xff, 0xff, 0xff,
    0xff, 0xff, 0xff, 0xff, 0xff, 0xff, 0xff, 0xff, 0xff, 0xff, 0xff, 0xff,
    0xff, 0xff, 0xff, 0xff, 0xff, 0xff, 0xff, 0xff, 0xff, 0xff, 0x00, 0x08,
    0x00, 0x08, 0x00, 0x18, 0x00, 0x18, 0x00, 0x18, 0x00, 0x18, 0x00, 0x18,
    0x00, 0x18, 0x00, 0x18, 0x00, 0x18, 0x00, 0x18, 0x00, 0x18, 0x00, 0x18,
    0x00, 0x18, 0x00, 0x18, 0x00, 0x18, 0x00, 0x18, 0x00, 0x18, 0x00, 0x18,
    0x00, 0x18, 0x00, 0x18, 0x00, 0x18, 0x00, 0x18, 0x00, 0x18, 0x00, 0x18,
    0x00, 0x18, 0x00, 0x18, 0x00, 0x18, 0x00, 0x18, 0x00, 0x18, 0x00, 0x18,
    0x00, 0x18, 0x00, 0x18, 0x00, 0x18, 0x00, 0x18, 0x00, 0x18, 0x00, 0x18,
    0x00, 0x18, 0x00, 0x18, 0x00, 0x18, 0x00, 0x18, 0x00, 0x18, 0x00, 0x18,
    0x00, 0x18, 0x00, 0x18, 0x00, 0x18, 0x00, 0x18, 0x00, 0x18, 0x00, 0x18,
    0x00, 0x18, 0x00, 0x18, 0x00, 0x18, 0x00, 0x18, 0x00, 0x18, 0x00, 0x18,
    0x00, 0x18, 0x00, 0x10, 0x00, 0x10, 0xff, 0xff, 0xff, 0xff, 0xff, 0xff,
    0xff, 0xff, 0xff, 0xff, 0xff, 0xff, 0xff, 0xff, 0xff, 0xff, 0xff, 0xff,
    0xff, 0xff, 0xff, 0xff, 0xff, 0xff, 0xff, 0xff, 0xff, 0xff, 0xff, 0xff,
    0xff, 0xff, 0xff, 0xff, 0xff, 0xff, 0xff, 0xff, 0xff, 0xff, 0xff, 0xff,
    0xff, 0xff, 0xff, 0xff, 0xff, 0xff, 0xff, 0xff, 0x20, 0x08, 0x00, 0x28,
    0x00, 0x28, 0x00, 0x38, 0x00, 0x38, 0x00, 0x38, 0x00, 0x38, 0x00, 0x38,
    0x00, 0x38, 0x00, 0x38, 0x00, 0x38, 0x00, 0x38, 0x00, 0x38, 0x00, 0x38,
    0x00, 0x38, 0x00, 0x38, 0x00, 0x38, 0x00, 0x38, 0x00, 0x38, 0x00, 0x38,
    0x00, 0x38, 0x00, 0x38, 0x00, 0x38, 0x00, 0x38, 0x00, 0x38, 0x00, 0x38,
    0x00, 0x38, 0x00, 0x38, 0x00, 0x38, 0x00, 0x08, 0x00, 0x08, 0xff, 0xff,
    0xff, 0xff, 0xff, 0xff, 0xff, 0xff, 0xff, 0xff, 0xff, 0xff, 0xff, 0xff,
    0xff, 0xff, 0xff, 0xff, 0xff, 0xff, 0xff, 0xff, 0xff, 0xff, 0xff, 0xff,
    0xff, 0xff, 0xff, 0xff, 0xff, 0xff, 0xff, 0xff, 0xff, 0xff, 0xff, 0xff,
    0xff, 0xff, 0xff, 0xff, 0xff, 0xff, 0xff, 0xff, 0xff, 0xff, 0x00, 0x10,
    0x00, 0x10, 0x00, 0x38, 0x00, 0x38, 0x00, 0x38, 0x00, 0x38, 0x00, 0x38,
    0x00, 0x38, 0x00, 0x38, 0x00, 0x38, 0x00, 0x38, 0x00, 0x38, 0x00, 0x38,
    0x00, 0x38, 0x00, 0x38, 0x00, 0x38, 0x00, 0x38, 0x00, 0x38, 0x00, 0x38,
    0x00, 0x38, 0x00, 0x38, 0x00, 0x38, 0x00, 0x38, 0x00, 0x38, 0x00, 0x38,
    0x00, 0x38, 0x00, 0x38, 0x00, 0x38, 0x00, 0x20, 0x00, 0x20, 0x20, 0x08,
    0xff, 0xff, 0xff, 0xff, 0xff, 0xff, 0xff, 0xff, 0xff, 0xff, 0xff, 0xff,
    0xff, 0xff, 0xff, 0xff, 0xff, 0xff, 0xff, 0xff, 0x20, 0x00, 0x00, 0x20,
    0x00, 0x20, 0x00, 0x38, 0x00, 0x38, 0x00, 0x38, 0x00, 0x38, 0x00, 0x38,
    0x00, 0x38, 0x00, 0x38, 0x00, 0x38, 0x00, 0x38, 0x00, 0x38, 0x00, 0x38,
    0x00, 0x38, 0x00, 0x38, 0x00, 0x38, 0x00, 0x38, 0x00, 0x38, 0x00, 0x38,
    0x00, 0x38, 0x00, 0x38, 0x00, 0x38, 0x00, 0x38, 0x00, 0x38, 0x00, 0x38,
    0x00, 0x38, 0x00, 0x38, 0x00, 0x38, 0x00, 0x38, 0x00, 0x38, 0x00, 0x38,
    0x00, 0x38, 0x00, 0x38, 0x00, 0x38, 0x00, 0x38, 0x00, 0x38, 0x00, 0x38,
    0x00, 0x38, 0x00, 0x38, 0x00, 0x38, 0x00, 0x38, 0x00, 0x38, 0x00, 0x38,
    0x00, 0x38, 0x00, 0x38, 0x00, 0x38, 0x00, 0x38, 0x00, 0x38, 0x00, 0x38,
    0x00, 0x38, 0x00, 0x38, 0x00, 0x38, 0x00, 0x38, 0x00, 0x38, 0x00, 0x38,
    0x00, 0x38, 0x00, 0x38, 0x00, 0x38, 0x00, 0x38, 0x00, 0x38, 0x00, 0x38,
    0x00, 0x38, 0x00, 0x38, 0x00, 0x38, 0x00, 0x38, 0x00, 0x38, 0x00, 0x38,
    0x00, 0x38, 0x00, 0x38, 0x00, 0x38, 0x00, 0x38, 0x00, 0x38, 0x00, 0x38,
    0x00, 0x38, 0x00, 0x38, 0x00, 0x38, 0x00, 0x38, 0x00, 0x38, 0x00, 0x38,
    0x00, 0x38, 0x00, 0x38, 0x00, 0x38, 0x00, 0x28, 0x00, 0x28, 0x20, 0x08,
    0xff, 0xff, 0xff, 0xff, 0xff, 0xff, 0xff, 0xff, 0xff, 0xff, 0xff, 0xff,
    0xff, 0xff, 0xff, 0xff, 0xff, 0xff, 0xff, 0xff, 0xff, 0xff, 0x00, 0x10,
    0x00, 0x10, 0x00, 0x18, 0x00, 0x18, 0x00, 0x18, 0x00, 0x18, 0x00, 0x18,
    0x00, 0x18, 0x00, 0x18, 0x00, 0x18, 0x00, 0x18, 0x00, 0x18, 0x00, 0x18,
    0x00, 0x18, 0x00, 0x18, 0x00, 0x18, 0x00, 0x18, 0x00, 0x18, 0x00, 0x18,
    0x00, 0x18, 0x00, 0x18, 0x00, 0x18, 0x00, 0x18, 0x00, 0x18, 0x00, 0x18,
    0x00, 0x18, 0x00, 0x18, 0x00, 0x18, 0x00, 0x18, 0x00, 0x18, 0x00, 0x18,
    0x00, 0x18, 0x00, 0x18, 0x00, 0x18, 0x00, 0x18, 0x00, 0x18, 0x00, 0x18,
    0x00, 0x18, 0x00, 0x18, 0x00, 0x18, 0x00, 0x18, 0x00, 0x18, 0x00, 0x18,
    0x00, 0x18, 0x00, 0x18, 0x00, 0x18, 0x00, 0x18, 0x00, 0x18, 0x00, 0x18,
    0x00, 0x18, 0x00, 0x18, 0x00, 0x18, 0x00, 0x18, 0x00, 0x18, 0x00, 0x18,
    0x00, 0x18, 0x00, 0x18, 0x00, 0x18, 0x00, 0x18, 0x00, 0x18, 0x00, 0x18,
    0x00, 0x18, 0x00, 0x18, 0x00, 0x18, 0x00, 0x18, 0x00, 0x18, 0x00, 0x18,
    0x00, 0x18, 0x00, 0x18, 0x00, 0x18, 0x00, 0x08, 0x00, 0x08, 0xff, 0xff,
    0xff, 0xff, 0xff, 0xff, 0xff, 0xff, 0xff, 0xff, 0xff, 0xff, 0xff, 0xff,
    0xff, 0xff, 0xff, 0xff, 0xff, 0xff, 0xff, 0xff, 0xff, 0xff, 0xff, 0xff,
    0xff, 0xff, 0xff, 0xff, 0xff, 0xff, 0xff, 0xff, 0xff, 0xff, 0xff, 0xff,
    0xff, 0xff, 0xff, 0xff, 0xff, 0xff, 0xff, 0xff, 0xff, 0xff, 0xff, 0xff,
    0xff, 0xff, 0xff, 0xff, 0xff, 0xff, 0xff, 0xff, 0xff, 0xff, 0xff, 0xff,
    0xff, 0xff, 0xff, 0xff, 0xff, 0xff, 0xff, 0xff, 0xff, 0xff, 0xff, 0xff,
    0xff, 0xff, 0xff, 0xff, 0xff, 0xff, 0xff, 0xff, 0xff, 0xff, 0xff, 0xff,
    0xff, 0xff, 0xff, 0xff, 0x00, 0x08, 0x00, 0x08, 0xa2, 0x30, 0x81, 0x30,
    0x81, 0x30, 0x82, 0x30, 0x81, 0x38, 0x81, 0x30, 0x82, 0x30, 0x81, 0x38,
    0x81, 0x30, 0x82, 0x38, 0x81, 0x30, 0x81, 0x38, 0x81, 0x30, 0x81, 0x30,
    0x81, 0x38, 0x81, 0x30, 0x81, 0x30, 0x81, 0x38, 0x81, 0x30, 0x81, 0x30,
    0x81, 0x38, 0x81, 0x30, 0x81, 0x30, 0x81, 0x38, 0x81, 0x30, 0x81, 0x30,
    0x81, 0x38, 0x81, 0x30, 0x81, 0x30, 0x81, 0x38, 0x81, 0x30, 0x81, 0x30,
    0x81, 0x38, 0x81, 0x30, 0x81, 0x30, 0x81, 0x38, 0x82, 0x30, 0x81, 0x38,
    0x81, 0x30, 0x81, 0x38, 0x82, 0x30, 0x81, 0x38, 0x81, 0x30, 0x82, 0x30,
    0x81, 0x38, 0x81, 0x30, 0x82, 0x38, 0x81, 0x30, 0x81, 0x38, 0x82, 0x30,
    0x81, 0x38, 0x81, 0x30, 0x82, 0x38, 0x81, 0x30, 0xa2, 0x28, 0x00, 0x18,
    0x20, 0x00, 0xff, 0xff, 0xff, 0xff, 0xff, 0xff, 0xff, 0xff, 0xff, 0xff,
    0xff, 0xff, 0xff, 0xff, 0xff, 0xff, 0xff, 0xff, 0xff, 0xff, 0xff, 0xff,
    0xff, 0xff, 0xff, 0xff, 0xff, 0xff, 0xff, 0xff, 0xff, 0xff, 0xff, 0xff,
    0xff, 0xff, 0xff, 0xff, 0xff, 0xff, 0xff, 0xff, 0xff, 0xff, 0xff, 0xff,
    0x20, 0x08, 0x20, 0x00, 0x24, 0x51, 0xca, 0x8a, 0x89, 0x9a, 0x89, 0x92,
    0x89, 0x9a, 0x89, 0x9a, 0x89, 0x92, 0x89, 0x9a, 0x89, 0x9a, 0x89, 0x9a,
    0x89, 0x92, 0x89, 0x9a, 0x89, 0x9a, 0x89, 0x92, 0x89, 0x9a, 0x89, 0x9a,
    0x89, 0x92, 0x89, 0x9a, 0x89, 0x9a, 0x89, 0x92, 0x89, 0x9a, 0x89, 0x9a,
    0x89, 0x92, 0x89, 0x9a, 0x89, 0x9a, 0x89, 0x9a, 0x89, 0x9a, 0x89, 0x9a,
    0x61, 0x08, 0x00, 0x08, 0x20, 0x00, 0xff, 0xff, 0xff, 0xff, 0xff, 0xff,
    0xff, 0xff, 0xff, 0xff, 0xff, 0xff, 0xff, 0xff, 0xff, 0xff, 0xff, 0xff,
    0xff, 0xff, 0xff, 0xff, 0xff, 0xff, 0xff, 0xff, 0xff, 0xff, 0xff, 0xff,
    0xff, 0xff, 0xff, 0xff, 0xff, 0xff, 0xff, 0xff, 0xff, 0xff, 0xff, 0xff,
    0xff, 0xff, 0x20, 0x00, 0x00, 0x10, 0x64, 0x41, 0x89, 0x9a, 0x89, 0x9a,
    0x89, 0x9a, 0x89, 0x9a, 0x89, 0x92, 0x89, 0x9a, 0x89, 0x9a, 0x89, 0x92,
    0x89, 0x9a, 0x89, 0x9a, 0x89, 0x92, 0x89, 0x9a, 0x89, 0x9a, 0x89, 0x9a,
    0x89, 0x92, 0x89, 0x9a, 0x89, 0x9a, 0x89, 0x92, 0x89, 0x9a, 0x89, 0x9a,
    0x89, 0x92, 0x89, 0x9a, 0x89, 0x9a, 0x89, 0x92, 0x89, 0x9a, 0x89, 0x9a,
    0xea, 0x82, 0x00, 0x28, 0x20, 0x08, 0x20, 0x08, 0xff, 0xff, 0xff, 0xff,
    0xff, 0xff, 0xff, 0xff, 0xff, 0xff, 0xff, 0xff, 0xff, 0xff, 0xff, 0xff,
    0xff, 0xff, 0x21, 0x08, 0x00, 0x28, 0xea, 0x82, 0x89, 0x9a, 0x89, 0x92,
    0x89, 0x9a, 0x89, 0x92, 0x89, 0x9a, 0x89, 0x9a, 0x89, 0x92, 0x89, 0x9a,
    0x89, 0x9a, 0x89, 0x92, 0x89, 0x9a, 0x89, 0x9a, 0x89, 0x92, 0x89, 0x9a,
    0x89, 0x9a, 0x89, 0x92, 0x89, 0x9a, 0x89, 0x9a, 0x89, 0x92, 0x89, 0x9a,
    0x89, 0x9a, 0x89, 0x9a, 0x89, 0x9a, 0x89, 0x9a, 0x89, 0x9a, 0x89, 0x92,
    0x89, 0x9a, 0x89, 0x9a, 0x89, 0x9a, 0x89, 0x9a, 0x89, 0x9a, 0x89, 0x9a,
    0x89, 0x9a, 0x89, 0x9a, 0x89, 0x9a, 0x89, 0x9a, 0x89, 0x9a, 0x89, 0x9a,
    0x89, 0x9a, 0x89, 0x9a, 0x89, 0x9a, 0x89, 0x9a, 0x89, 0x92, 0x89, 0x9a,
    0x89, 0x9a, 0x89, 0x92, 0x89, 0x9a, 0x89, 0x9a, 0x89, 0x92, 0x89, 0x9a,
    0x89, 0x9a, 0x89, 0x92, 0x89, 0x9a, 0x89, 0x9a, 0x89, 0x9a, 0x89, 0x9a,
    0x89, 0x9a, 0x89, 0x9a, 0x89, 0x9a, 0x89, 0x9a, 0x89, 0x9a, 0x89, 0x9a,
    0x89, 0x9a, 0x89, 0x9a, 0x89, 0x9a, 0x89, 0x9a, 0x89, 0x9a, 0x89, 0x9a,
    0x89, 0x9a, 0x89, 0x9a, 0x89, 0x9a, 0x89, 0x92, 0x89, 0x9a, 0x89, 0x9a,
    0x89, 0x9a, 0x89, 0x9a, 0x89, 0x92, 0x89, 0x9a, 0x89, 0x9a, 0x89, 0x92,
    0xea, 0x8a, 0x24, 0x51, 0x20, 0x08, 0x20, 0x08, 0xff, 0xff, 0xff, 0xff,
    0xff, 0xff, 0xff, 0xff, 0xff, 0xff, 0xff, 0xff, 0xff, 0xff, 0xff, 0xff,
    0xff, 0xff, 0x21, 0x00, 0x00, 0x10, 0xc2, 0x20, 0x81, 0x30, 0x81, 0x30,
    0xa2, 0x30, 0x81, 0x30, 0x81, 0x30, 0x82, 0x30, 0x81, 0x30, 0x81, 0x30,
    0x82, 0x30, 0x81, 0x30, 0x81, 0x30, 0x82, 0x30, 0x81, 0x38, 0x81, 0x30,
    0x82, 0x30, 0x81, 0x38, 0x81, 0x30, 0x82, 0x30, 0xa1, 0x38, 0x81, 0x30,
    0x82, 0x30, 0x81, 0x38, 0xa1, 0x30, 0x82, 0x38, 0x81, 0x30, 0x81, 0x30,
    0x82, 0x38, 0x81, 0x30, 0x81, 0x38, 0x82, 0x30, 0x81, 0x38, 0x81, 0x38,
    0x82, 0x30, 0x81, 0x38, 0x81, 0x38, 0x81, 0x30, 0x81, 0x38, 0x81, 0x38,
    0x81, 0x30, 0x81, 0x38, 0x81, 0x38, 0x81, 0x30, 0x81, 0x38, 0x81, 0x30,
    0x81, 0x38, 0xa1, 0x30, 0x81, 0x38, 0x81, 0x30, 0x81, 0x38, 0xa1, 0x38,
    0x82, 0x30, 0x81, 0x38, 0x81, 0x38, 0xa1, 0x30, 0x81, 0x38, 0x81, 0x38,
    0x81, 0x30, 0x81, 0x38, 0x81, 0x38, 0x81, 0x30, 0x81, 0x38, 0x81, 0x30,
    0x81, 0x38, 0x81, 0x30, 0x81, 0x38, 0x81, 0x30, 0xa1, 0x30, 0x81, 0x38,
    0x00, 0x08, 0x20, 0x08, 0x20, 0x00, 0xff, 0xff, 0xff, 0xff, 0xff, 0xff,
    0xff, 0xff, 0xff, 0xff, 0xff, 0xff, 0xff, 0xff, 0xff, 0xff, 0xff, 0xff,
    0xff, 0xff, 0xff, 0xff, 0xff, 0xff, 0xff, 0xff, 0xff, 0xff, 0xff, 0xff,
    0xff, 0xff, 0xff, 0xff, 0xff, 0xff, 0xff, 0xff, 0xff, 0xff, 0xff, 0xff,
    0xff, 0xff, 0xff, 0xff, 0xff, 0xff, 0xff, 0xff, 0xff, 0xff, 0xff, 0xff,
    0xff, 0xff, 0xff, 0xff, 0xff, 0xff, 0xff, 0xff, 0xff, 0xff, 0xff, 0xff,
    0xff, 0xff, 0xff, 0xff, 0xff, 0xff, 0xff, 0xff, 0xff, 0xff, 0xff, 0xff,
    0xff, 0xff, 0xff, 0xff, 0xff, 0xff, 0xff, 0xff, 0xff, 0xff, 0x00, 0x08,
    0x61, 0x18, 0xe9, 0xf2, 0xea, 0xf2, 0xe9, 0xf2, 0xea, 0xf2, 0xe9, 0xf2,
    0xe9, 0xf2, 0xea, 0xf2, 0xe9, 0xf2, 0xe9, 0xf2, 0xea, 0xf2, 0xe9, 0xf2,
    0xea, 0xf2, 0xea, 0xf2, 0xea, 0xf2, 0xe9, 0xf2, 0xea, 0xf2, 0xea, 0xf2,
    0xe9, 0xf2, 0xea, 0xf2, 0xea, 0xf2, 0xe9, 0xf2, 0xea, 0xf2, 0xea, 0xf2,
    0xe9, 0xf2, 0xea, 0xf2, 0xea, 0xf2, 0xe9, 0xf2, 0xea, 0xf2, 0xea, 0xf2,
    0xe9, 0xf2, 0xea, 0xf2, 0xea, 0xf2, 0xe9, 0xf2, 0xea, 0xf2, 0xea, 0xf2,
    0xe9, 0xf2, 0xe9, 0xf2, 0xea, 0xf2, 0xe9, 0xf2, 0xea, 0xf2, 0xe9, 0xf2,
    0xe9, 0xf2, 0xea, 0xf2, 0xe9, 0xf2, 0xe9, 0xf2, 0xea, 0xf2, 0xe9, 0xf2,
    0xe9, 0xf2, 0xea, 0xf2, 0xe9, 0xf2, 0xea, 0xf2, 0xe9, 0xf2, 0xe9, 0xf2,
    0xea, 0xf2, 0x8d, 0xc3, 0x00, 0x38, 0x00, 0x08, 0x00, 0x08, 0xff, 0xff,
    0xff, 0xff, 0xff, 0xff, 0xff, 0xff, 0xff, 0xff, 0xff, 0xff, 0xff, 0xff,
    0xff, 0xff, 0xff, 0xff, 0xff, 0xff, 0xff, 0xff, 0xff, 0xff, 0xff, 0xff,
    0xff, 0xff, 0xff, 0xff, 0xff, 0xff, 0xff, 0xff, 0xff, 0xff, 0xff, 0xff,
    0xff, 0xff, 0xff, 0xff, 0xff, 0xff, 0x00, 0x08, 0x00, 0x08, 0x03, 0x99,
    0x2b, 0xe3, 0xe9, 0xf2, 0xe9, 0xfa, 0xe9, 0xfa, 0xe9, 0xf2, 0xe9, 0xfa,
    0xe9, 0xfa, 0xe9, 0xf2, 0xe9, 0xfa, 0xe9, 0xfa, 0xe9, 0xfa, 0xe9, 0xf2,
    0xe9, 0xfa, 0xe9, 0xfa, 0xe9, 0xf2, 0xe9, 0xfa, 0xe9, 0xfa, 0xe9, 0xf2,
    0xe9, 0xfa, 0xe9, 0xfa, 0xe9, 0xf2, 0xe9, 0xfa, 0xe9, 0xfa, 0xe9, 0xf2,
    0xe9, 0xf2, 0xe9, 0xfa, 0xe9, 0xfa, 0x20, 0x08, 0x00, 0x08, 0x00, 0x08,
    0x00, 0x08, 0xff, 0xff, 0xff, 0xff, 0xff, 0xff, 0xff, 0xff, 0xff, 0xff,
    0xff, 0xff, 0xff, 0xff, 0xff, 0xff, 0xff, 0xff, 0xff, 0xff, 0xff, 0xff,
    0xff, 0xff, 0xff, 0xff, 0xff, 0xff, 0xff, 0xff, 0xff, 0xff, 0xff, 0xff,
    0xff, 0xff, 0xff, 0xff, 0xff, 0xff, 0xff, 0xff, 0x21, 0x00, 0x00, 0x20,
    0xc6, 0x59, 0xe9, 0xfa, 0xe9, 0xf2, 0xe9, 0xfa, 0xe9, 0xf2, 0xe9, 0xfa,
    0xe9, 0xfa, 0xe9, 0xfa, 0xe9, 0xf2, 0xe9, 0xfa, 0xe9, 0xfa, 0xe9, 0xf2,
    0xe9, 0xfa, 0xe9, 0xfa, 0xe9, 0xf2, 0xe9, 0xfa, 0xe9, 0xfa, 0xe9, 0xf2,
    0xe9, 0xfa, 0xe9, 0xfa, 0xe9, 0xf2, 0xe9, 0xfa, 0xe9, 0xfa, 0xe9, 0xf2,
    0xe9, 0xfa, 0xe9, 0xfa, 0xc9, 0xf2, 0x6c, 0xc3, 0x00, 0x50, 0x00, 0x08,
    0x00, 0x08, 0x20, 0x00, 0xff, 0xff, 0xff, 0xff, 0xff, 0xff, 0xff, 0xff,
    0xff, 0xff, 0xff, 0xff, 0xff, 0xff, 0xff, 0xff, 0x20, 0x00, 0x00, 0x50,
    0x6c, 0xc3, 0xe9, 0xfa, 0xe9, 0xfa, 0xe9, 0xf2, 0xe9, 0xfa, 0xe9, 0xfa,
    0xe9, 0xf2, 0xe9, 0xfa, 0xe9, 0xfa, 0xe9, 0xf2, 0xe9, 0xfa, 0xe9, 0xfa,
    0xe9, 0xf2, 0xe9, 0xfa, 0xe9, 0xfa, 0xe9, 0xf2, 0xe9, 0xfa, 0xe9, 0xfa,
    0xe9, 0xf2, 0xe9, 0xfa, 0xe9, 0xfa, 0xe9, 0xf2, 0xe9, 0xf2, 0xe9, 0xfa,
    0xe9, 0xf2, 0xe9, 0xfa, 0xe9, 0xfa, 0xe9, 0xf2, 0xe9, 0xfa, 0xe9, 0xf2,
    0xe9, 0xf2, 0xe9, 0xfa, 0xe9, 0xf2, 0xe9, 0xfa, 0xe9, 0xf2, 0xe9, 0xfa,
    0xe9, 0xf2, 0xe9, 0xfa, 0xe9, 0xf2, 0xe9, 0xf2, 0xe9, 0xfa, 0xe9, 0xf2,
    0xe9, 0xfa, 0xe9, 0xfa, 0xe9, 0xf2, 0xe9, 0xfa, 0xe9, 0xfa, 0xe9, 0xf2,
    0xe9, 0xfa, 0xe9, 0xfa, 0xe9, 0xf2, 0xe9, 0xfa, 0xe9, 0xfa, 0xe9, 0xf2,
    0xe9, 0xfa, 0xe9, 0xf2, 0xe9, 0xf2, 0xe9, 0xfa, 0xe9, 0xf2, 0xe9, 0xf2,
    0xe9, 0xfa, 0xe9, 0xf2, 0xe9, 0xf2, 0xe9, 0xfa, 0xe9, 0xf2, 0xe9, 0xf2,
    0xe9, 0xfa, 0xe9, 0xf2, 0xe9, 0xf2, 0xe9, 0xfa, 0xe9, 0xfa, 0xe9, 0xf2,
    0xe9, 0xfa, 0xe9, 0xfa, 0xe9, 0xf2, 0xe9, 0xf2, 0xe9, 0xfa, 0xe9, 0xfa,
    0xe9, 0xf2, 0xe9, 0xfa, 0xc9, 0xfa, 0x2b, 0xe3, 0x02, 0x99, 0x00, 0x00,
    0x00, 0x08, 0x20, 0x08, 0xff, 0xff, 0xff, 0xff, 0xff, 0xff, 0xff, 0xff,
    0xff, 0xff, 0xff, 0xff, 0xff, 0xff, 0xff, 0xff, 0x20, 0x00, 0x00, 0x30,
    0xca, 0x92, 0xe9, 0xf2, 0xea, 0xf2, 0xe9, 0xf2, 0xe9, 0xf2, 0xea, 0xf2,
    0xe9, 0xf2, 0xe9, 0xf2, 0xea, 0xf2, 0xe9, 0xf2, 0xe9, 0xf2, 0xea, 0xf2,
    0xe9, 0xf2, 0xea, 0xf2, 0xe9, 0xf2, 0xe9, 0xf2, 0xea, 0xf2, 0xe9, 0xf2,
    0xe9, 0xf2, 0xea, 0xf2, 0xe9, 0xf2, 0xe9, 0xf2, 0xea, 0xf2, 0xe9, 0xf2,
    0xe9, 0xf2, 0xea, 0xf2, 0xe9, 0xf2, 0xe9, 0xf2, 0xea, 0xf2, 0xe9, 0xf2,
    0xe9, 0xf2, 0xea, 0xf2, 0xe9, 0xf2, 0xe9, 0xf2, 0xea, 0xf2, 0xea, 0xf2,
    0xe9, 0xf2, 0xea, 0xf2, 0xea, 0xf2, 0xe9, 0xf2, 0xea, 0xf2, 0xea, 0xf2,
    0xe9, 0xf2, 0xea, 0xf2, 0xea, 0xf2, 0xe9, 0xf2, 0xea, 0xf2, 0xea, 0xf2,
    0xe9, 0xf2, 0xea, 0xf2, 0xe9, 0xf2, 0xe9, 0xf2, 0xea, 0xf2, 0xea, 0xf2,
    0xe9, 0xf2, 0xea, 0xf2, 0xea, 0xf2, 0xea, 0xf2, 0xe9, 0xf2, 0xea, 0xf2,
    0xea, 0xf2, 0xe9, 0xf2, 0xea, 0xf2, 0xea, 0xf2, 0xe9, 0xf2, 0xea, 0xf2,
    0xea, 0xf2, 0xe9, 0xf2, 0xea, 0xf2, 0x61, 0x18, 0x00, 0x08, 0x00, 0x08,
    0x00, 0x08, 0xff, 0xff, 0xff, 0xff, 0xff, 0xff, 0xff, 0xff, 0xff, 0xff,
    0xff, 0xff, 0xff, 0xff, 0xff, 0xff, 0xff, 0xff, 0xff, 0xff, 0xff, 0xff,
    0xff, 0xff, 0xff, 0xff, 0xff, 0xff, 0xff, 0xff, 0xff, 0xff, 0xff, 0xff,
    0xff, 0xff, 0xff, 0xff, 0xff, 0xff, 0xff, 0xff, 0xff, 0xff, 0xff, 0xff,
    0xff, 0xff, 0xff, 0xff, 0xff, 0xff, 0xff, 0xff, 0xff, 0xff, 0xff, 0xff,
    0xff, 0xff, 0xff, 0xff, 0xff, 0xff, 0xff, 0xff, 0xff, 0xff, 0xff, 0xff,
    0xff, 0xff, 0xff, 0xff, 0xff, 0xff, 0xff, 0xff, 0xff, 0xff, 0xff, 0xff,
    0xff, 0xff, 0xff, 0xff, 0x00, 0x08, 0x61, 0x18, 0xe9, 0xf2, 0xe9, 0xf2,
    0xea, 0xf2, 0xe9, 0xf2, 0xea, 0xf2, 0xe9, 0xf2, 0xea, 0xf2, 0xe9, 0xf2,
    0xea, 0xf2, 0xe9, 0xf2, 0xe9, 0xf2, 0xe9, 0xf2, 0xea, 0xf2, 0xe9, 0xf2,
    0xe9, 0xf2, 0xea, 0xf2, 0xe9, 0xf2, 0xe9, 0xf2, 0xea, 0xf2, 0xe9, 0xf2,
    0xe9, 0xf2, 0xea, 0xf2, 0xe9, 0xf2, 0xe9, 0xf2, 0xea, 0xf2, 0xe9, 0xf2,
    0xe9, 0xf2, 0xea, 0xf2, 0xe9, 0xf2, 0xe9, 0xf2, 0xea, 0xf2, 0xe9, 0xf2,
    0xe9, 0xf2, 0xea, 0xf2, 0xe9, 0xf2, 0xe9, 0xf2, 0xea, 0xf2, 0xe9, 0xf2,
    0xea, 0xf2, 0xe9, 0xf2, 0xe9, 0xf2, 0xea, 0xf2, 0xe9, 0xf2, 0xe9, 0xf2,
    0xea, 0xf2, 0xe9, 0xf2, 0xe9, 0xf2, 0xea, 0xf2, 0xe9, 0xf2, 0xe9, 0xf2,
    0xea, 0xf2, 0xe9, 0xf2, 0xe9, 0xf2, 0xea, 0xf2, 0x8d, 0xc3, 0x00, 0x38,
    0x00, 0x08, 0x20, 0x08, 0x20, 0x00, 0xff, 0xff, 0xff, 0xff, 0xff, 0xff,
    0xff, 0xff, 0xff, 0xff, 0xff, 0xff, 0xff, 0xff, 0xff, 0xff, 0xff, 0xff,
    0xff, 0xff, 0xff, 0xff, 0xff, 0xff, 0xff, 0xff, 0xff, 0xff, 0xff, 0xff,
    0xff, 0xff, 0xff, 0xff, 0xff, 0xff, 0xff, 0xff, 0xff, 0xff, 0xff, 0xff,
    0x00, 0x08, 0x00, 0x00, 0x02, 0x99, 0x2a, 0xe3, 0xc9, 0xfa, 0xc9, 0xfa,
    0xc9, 0xfa, 0xc9, 0xfa, 0xc9, 0xfa, 0xc9, 0xfa, 0xc9, 0xf2, 0xc9, 0xfa,
    0xc9, 0xfa, 0xc9, 0xfa, 0xc9, 0xfa, 0xc9, 0xfa, 0xc9, 0xfa, 0xc9, 0xfa,
    0xc9, 0xfa, 0xc9, 0xfa, 0xc9, 0xfa, 0xc9, 0xfa, 0xc9, 0xfa, 0xc9, 0xfa,
    0xc9, 0xfa, 0xc9, 0xfa, 0xc9, 0xfa, 0xc9, 0xfa, 0xc9, 0xfa, 0xe9, 0xfa,
    0x20, 0x08, 0x00, 0x08, 0x00, 0x08, 0x20, 0x08, 0x21, 0x00, 0xff, 0xff,
    0xff, 0xff, 0xff, 0xff, 0xff, 0xff, 0xff, 0xff, 0xff, 0xff, 0xff, 0xff,
    0xff, 0xff, 0xff, 0xff, 0xff, 0xff, 0xff, 0xff, 0xff, 0xff, 0xff, 0xff,
    0xff, 0xff, 0xff, 0xff, 0xff, 0xff, 0xff, 0xff, 0xff, 0xff, 0xff, 0xff,
    0xff, 0xff, 0x20, 0x00, 0x00, 0x20, 0xc6, 0x59, 0xe9, 0xfa, 0xc9, 0xfa,
    0xc9, 0xfa, 0xe9, 0xfa, 0xc9, 0xfa, 0xc9, 0xfa, 0xe9, 0xf2, 0xc9, 0xfa,
    0xc9, 0xfa, 0xe9, 0xfa, 0xc9, 0xfa, 0xc9, 0xfa, 0xe9, 0xf2, 0xc9, 0xfa,
    0xc9, 0xfa, 0xc9, 0xfa, 0xc9, 0xfa, 0xe9, 0xfa, 0xc9, 0xfa, 0xc9, 0xf2,
    0xc9, 0xfa, 0xc9, 0xfa, 0xc9, 0xfa, 0xe9, 0xfa, 0xc9, 0xfa, 0xe9, 0xfa,
    0x6c, 0xc3, 0x00, 0x50, 0x00, 0x08, 0x00, 0x08, 0x20, 0x08, 0x20, 0x08,
    0xff, 0xff, 0xff, 0xff, 0xff, 0xff, 0xff, 0xff, 0xff, 0xff, 0xff, 0xff,
    0xff, 0xff, 0x20, 0x00, 0x00, 0x50, 0x6c, 0xcb, 0xc9, 0xfa, 0xc9, 0xfa,
    0xc9, 0xfa, 0xc9, 0xfa, 0xc9, 0xfa, 0xc9, 0xfa, 0xc9, 0xfa, 0xc9, 0xfa,
    0xc9, 0xf2, 0xc9, 0xfa, 0xc9, 0xfa, 0xc9, 0xfa, 0xc9, 0xfa, 0xc9, 0xfa,
    0xc9, 0xfa, 0xc9, 0xfa, 0xc9, 0xfa, 0xc9, 0xf2, 0xc9, 0xfa, 0xc9, 0xfa,
    0xc9, 0xfa, 0xc9, 0xfa, 0xc9, 0xfa, 0xc9, 0xfa, 0xc9, 0xfa, 0xc9, 0xfa,
    0xc9, 0xfa, 0xc9, 0xfa, 0xc9, 0xfa, 0xc9, 0xfa, 0xc9, 0xfa, 0xc9, 0xfa,
    0xc9, 0xfa, 0xc9, 0xfa, 0xc9, 0xfa, 0xc9, 0xfa, 0xc9, 0xfa, 0xc9, 0xfa,
    0xc9, 0xfa, 0xc9, 0xfa, 0xc9, 0xfa, 0xc9, 0xf2, 0xc9, 0xfa, 0xe9, 0xfa,
    0xc9, 0xfa, 0xc9, 0xfa, 0xc9, 0xfa, 0xc9, 0xfa, 0xe9, 0xfa, 0xc9, 0xfa,
    0xc9, 0xfa, 0xc9, 0xfa, 0xc9, 0xfa, 0xe9, 0xfa, 0xc9, 0xfa, 0xc9, 0xfa,
    0xc9, 0xfa, 0xc9, 0xfa, 0xc9, 0xfa, 0xc9, 0xfa, 0xc9, 0xfa, 0xc9, 0xfa,
    0xc9, 0xfa, 0xc9, 0xfa, 0xc9, 0xfa, 0xc9, 0xfa, 0xc9, 0xfa, 0xc9, 0xfa,
    0xc9, 0xfa, 0xc9, 0xf2, 0xc9, 0xfa, 0xc9, 0xfa, 0xc9, 0xfa, 0xc9, 0xfa,
    0xc9, 0xfa, 0xc9, 0xfa, 0xc9, 0xfa, 0xe9, 0xfa, 0xc9, 0xf2, 0xe9, 0xfa,
    0x2a, 0xe3, 0x02, 0x99, 0x00, 0x00, 0x00, 0x08, 0x20, 0x00, 0x20, 0x08,
    0xff, 0xff, 0xff, 0xff, 0xff, 0xff, 0xff, 0xff, 0xff, 0xff, 0xff, 0xff,
    0xff, 0xff, 0x20, 0x08, 0x00, 0x28, 0xaa, 0x92, 0xe9, 0xf2, 0xe9, 0xf2,
    0xea, 0xf2, 0xe9, 0xf2, 0xea, 0xf2, 0xe9, 0xf2, 0xe9, 0xf2, 0xea, 0xf2,
    0xe9, 0xf2, 0xea, 0xf2, 0xe9, 0xf2, 0xe9, 0xf2, 0xea, 0xf2, 0xe9, 0xf2,
    0xe9, 0xf2, 0xea, 0xf2, 0xe9, 0xf2, 0xea, 0xf2, 0xe9, 0xf2, 0xea, 0xf2,
    0xe9, 0xf2, 0xea, 0xf2, 0xe9, 0xf2, 0xe9, 0xf2, 0xea, 0xf2, 0xe9, 0xf2,
    0xea, 0xf2, 0xe9, 0xf2, 0xea, 0xf2, 0xe9, 0xf2, 0xea, 0xf2, 0xe9, 0xf2,
    0xe9, 0xf2, 0xea, 0xf2, 0xe9, 0xf2, 0xe9, 0xf2, 0xea, 0xf2, 0xe9, 0xf2,
    0xe9, 0xf2, 0xea, 0xf2, 0xe9, 0xf2, 0xe9, 0xf2, 0xea, 0xf2, 0xe9, 0xf2,
    0xe9, 0xf2, 0xea, 0xf2, 0xe9, 0xf2, 0xea, 0xf2, 0xea, 0xf2, 0xe9, 0xf2,
    0xe9, 0xf2, 0xea, 0xf2, 0xe9, 0xf2, 0xe9, 0xf2, 0xea, 0xf2, 0xe9, 0xf2,
    0xe9, 0xf2, 0xea, 0xf2, 0xe9, 0xf2, 0xe9, 0xf2, 0xea, 0xf2, 0xe9, 0xf2,
    0xe9, 0xf2, 0xea, 0xf2, 0xe9, 0xf2, 0xe9, 0xf2, 0xea, 0xf2, 0xe9, 0xf2,
    0x61, 0x18, 0x00, 0x08, 0x00, 0x08, 0x20, 0x08, 0x20, 0x00, 0xff, 0xff,
    0xff, 0xff, 0xff, 0xff, 0xff, 0xff, 0xff, 0xff, 0xff, 0xff, 0xff, 0xff,
    0xff, 0xff, 0xff, 0xff, 0xff, 0xff, 0xff, 0xff, 0xff, 0xff, 0xff, 0xff,
    0xff, 0xff, 0xff, 0xff, 0xff, 0xff, 0xff, 0xff, 0xff, 0xff, 0xff, 0xff,
    0xff, 0xff, 0xff, 0xff, 0xff, 0xff, 0xff, 0xff, 0xff, 0xff, 0xff, 0xff,
    0xff, 0xff, 0xff, 0xff, 0xff, 0xff, 0xff, 0xff, 0xff, 0xff, 0xff, 0xff,
    0xff, 0xff, 0xff, 0xff, 0xff, 0xff, 0xff, 0xff, 0xff, 0xff, 0xff, 0xff,
    0xff, 0xff, 0xff, 0xff, 0xff, 0xff, 0xff, 0xff, 0xff, 0xff, 0x00, 0x10,
    0x41, 0x18, 0xc9, 0xfa, 0xc9, 0xfa, 0xc9, 0xfa, 0xc9, 0xfa, 0xc9, 0xfa,
    0xc9, 0xfa, 0xc9, 0xfa, 0xc9, 0xfa, 0xc9, 0xfa, 0xc9, 0xfa, 0xc9, 0xfa,
    0xc9, 0xfa, 0xc9, 0xfa, 0xc9, 0xfa, 0xc9, 0xfa, 0xc9, 0xfa, 0xc9, 0xfa,
    0xc9, 0xfa, 0xc9, 0xfa, 0xc9, 0xfa, 0xc9, 0xfa, 0xc9, 0xfa, 0xc9, 0xfa,
    0xc9, 0xfa, 0xc9, 0xfa, 0xc9, 0xfa, 0xc9, 0xfa, 0xc9, 0xfa, 0xc9, 0xfa,
    0xc9, 0xfa, 0xc9, 0xfa, 0xc9, 0xfa, 0xc9, 0xfa, 0xc9, 0xfa, 0xc9, 0xfa,
    0xc9, 0xfa, 0xc9, 0xfa, 0xc9, 0xfa, 0xc9, 0xfa, 0xc9, 0xfa, 0xc9, 0xfa,
    0xc9, 0xfa, 0xc9, 0xfa, 0xc9, 0xfa, 0xc9, 0xfa, 0xc9, 0xfa, 0xc9, 0xfa,
    0xc9, 0xfa, 0xc9, 0xfa, 0xc9, 0xfa, 0xc9, 0xfa, 0xc9, 0xfa, 0xc9, 0xfa,
    0xc9, 0xfa, 0x8c, 0xc3, 0x00, 0x40, 0x00, 0x08, 0x00, 0x00, 0x00, 0x08,
    0x00, 0x08, 0xff, 0xff, 0xff, 0xff, 0xff, 0xff, 0xff, 0xff, 0xff, 0xff,
    0xff, 0xff, 0xff, 0xff, 0xff, 0xff, 0xff, 0xff, 0xff, 0xff, 0xff, 0xff,
    0xff, 0xff, 0xff, 0xff, 0xff, 0xff, 0xff, 0xff, 0xff, 0xff, 0xff, 0xff,
    0xff, 0xff, 0xff, 0xff, 0xff, 0xff, 0x00, 0x08, 0x20, 0x08, 0x02, 0x99,
    0x2b, 0xdb, 0xc9, 0xfa, 0xc9, 0xfa, 0xc9, 0xfa, 0xc9, 0xfa, 0xc9, 0xfa,
    0xc9, 0xfa, 0xc9, 0xfa, 0xc9, 0xfa, 0xc9, 0xfa, 0xc9, 0xfa, 0xc9, 0xfa,
    0xc9, 0xfa, 0xc9, 0xfa, 0xc9, 0xfa, 0xc9, 0xfa, 0xc9, 0xfa, 0xc9, 0xfa,
    0xc9, 0xfa, 0xc9, 0xfa, 0xc9, 0xfa, 0xc9, 0xfa, 0xc9, 0xfa, 0xc9, 0xfa,
    0xc9, 0xfa, 0xc9, 0xfa, 0xc9, 0xfa, 0x20, 0x08, 0x00, 0x08, 0x00, 0x08,
    0x00, 0x08, 0x00, 0x08, 0x00, 0x08, 0xff, 0xff, 0xff, 0xff, 0xff, 0xff,
    0xff, 0xff, 0xff, 0xff, 0xff, 0xff, 0xff, 0xff, 0xff, 0xff, 0xff, 0xff,
    0xff, 0xff, 0xff, 0xff, 0xff, 0xff, 0xff, 0xff, 0xff, 0xff, 0xff, 0xff,
    0xff, 0xff, 0xff, 0xff, 0xff, 0xff, 0xff, 0xff, 0x20, 0x00, 0x00, 0x20,
    0xc7, 0x59, 0xc9, 0xfa, 0xc9, 0xfa, 0xc9, 0xfa, 0xc9, 0xfa, 0xc9, 0xfa,
    0xc9, 0xfa, 0xc9, 0xfa, 0xc9, 0xfa, 0xc9, 0xfa, 0xc9, 0xfa, 0xc9, 0xfa,
    0xc9, 0xfa, 0xc9, 0xfa, 0xc9, 0xfa, 0xc9, 0xfa, 0xc9, 0xfa, 0xc9, 0xfa,
    0xc9, 0xfa, 0xc9, 0xfa, 0xc9, 0xfa, 0xc9, 0xfa, 0xc9, 0xfa, 0xc9, 0xfa,
    0xc9, 0xfa, 0xc9, 0xfa, 0xc9, 0xfa, 0x6c, 0xc3, 0x00, 0x50, 0x00, 0x08,
    0x00, 0x08, 0x00, 0x00, 0x00, 0x08, 0x21, 0x00, 0xff, 0xff, 0xff, 0xff,
    0xff, 0xff, 0xff, 0xff, 0xff, 0xff, 0xff, 0xff, 0x21, 0x08, 0x00, 0x50,
    0x6c, 0xc3, 0xc9, 0xfa, 0xc9, 0xfa, 0xc9, 0xfa, 0xc9, 0xfa, 0xc9, 0xfa,
    0xc9, 0xfa, 0xc9, 0xfa, 0xc9, 0xfa, 0xc9, 0xfa, 0xc9, 0xfa, 0xc9, 0xfa,
    0xc9, 0xfa, 0xc9, 0xfa, 0xc9, 0xfa, 0xc9, 0xfa, 0xc9, 0xfa, 0xc9, 0xfa,
    0xc9, 0xfa, 0xc9, 0xfa, 0xc9, 0xfa, 0xc9, 0xfa, 0xc9, 0xfa, 0xc9, 0xfa,
    0xc9, 0xfa, 0xc9, 0xfa, 0xc9, 0xfa, 0xc9, 0xfa, 0xc9, 0xfa, 0xc9, 0xfa,
    0xc9, 0xfa, 0xc9, 0xfa, 0xc9, 0xfa, 0xc9, 0xfa, 0xc9, 0xfa, 0xc9, 0xfa,
    0xc9, 0xfa, 0xc9, 0xfa, 0xc9, 0xfa, 0xc9, 0xfa, 0xc9, 0xfa, 0xc9, 0xfa,
    0xc9, 0xfa, 0xc9, 0xfa, 0xc9, 0xfa, 0xc9, 0xfa, 0xc9, 0xfa, 0xc9, 0xfa,
    0xc9, 0xfa, 0xc9, 0xfa, 0xc9, 0xfa, 0xc9, 0xfa, 0xc9, 0xfa, 0xc9, 0xfa,
    0xc9, 0xfa, 0xc9, 0xfa, 0xc9, 0xfa, 0xc9, 0xfa, 0xc9, 0xfa, 0xc9, 0xfa,
    0xc9, 0xfa, 0xc9, 0xfa, 0xc9, 0xfa, 0xc9, 0xfa, 0xc9, 0xfa, 0xc9, 0xfa,
    0xc9, 0xfa, 0xc9, 0xfa, 0xc9, 0xfa, 0xc9, 0xfa, 0xc9, 0xfa, 0xc9, 0xfa,
    0xc9, 0xfa, 0xc9, 0xfa, 0xc9, 0xfa, 0xc9, 0xfa, 0xc9, 0xfa, 0xc9, 0xfa,
    0xc9, 0xfa, 0xc9, 0xfa, 0xc9, 0xfa, 0x2b, 0xe3, 0x02, 0x99, 0x00, 0x08,
    0x20, 0x08, 0x00, 0x08, 0x00, 0x08, 0x20, 0x00, 0xff, 0xff, 0xff, 0xff,
    0xff, 0xff, 0xff, 0xff, 0xff, 0xff, 0xff, 0xff, 0x21, 0x00, 0x20, 0x30,
    0xaa, 0x92, 0xc9, 0xfa, 0xc9, 0xfa, 0xc9, 0xfa, 0xc9, 0xfa, 0xc9, 0xfa,
    0xc9, 0xfa, 0xc9, 0xfa, 0xc9, 0xfa, 0xc9, 0xfa, 0xc9, 0xfa, 0xc9, 0xfa,
    0xc9, 0xfa, 0xc9, 0xfa, 0xc9, 0xfa, 0xc9, 0xfa, 0xc9, 0xfa, 0xc9, 0xfa,
    0xc9, 0xfa, 0xc9, 0xfa, 0xc9, 0xfa, 0xc9, 0xfa, 0xc9, 0xfa, 0xc9, 0xfa,
    0xc9, 0xfa, 0xc9, 0xfa, 0xc9, 0xfa, 0xc9, 0xfa, 0xc9, 0xfa, 0xc9, 0xfa,
    0xc9, 0xfa, 0xc9, 0xfa, 0xc9, 0xfa, 0xc9, 0xfa, 0xc9, 0xfa, 0xc9, 0xfa,
    0xc9, 0xfa, 0xc9, 0xfa, 0xc9, 0xfa, 0xc9, 0xfa, 0xc9, 0xfa, 0xc9, 0xfa,
    0xc9, 0xfa, 0xc9, 0xfa, 0xc9, 0xfa, 0xc9, 0xfa, 0xc9, 0xfa, 0xc9, 0xfa,
    0xc9, 0xfa, 0xc9, 0xfa, 0xc9, 0xfa, 0xc9, 0xfa, 0xc9, 0xfa, 0xc9, 0xfa,
    0xc9, 0xfa, 0xc9, 0xfa, 0xc9, 0xfa, 0xc9, 0xfa, 0xc9, 0xfa, 0xc9, 0xfa,
    0xc9, 0xfa, 0xc9, 0xfa, 0xc9, 0xfa, 0xc9, 0xfa, 0xc9, 0xfa, 0xc9, 0xfa,
    0xc9, 0xfa, 0xc9, 0xfa, 0xc9, 0xfa, 0x61, 0x18, 0x00, 0x10, 0x00, 0x08,
    0x00, 0x08, 0x00, 0x08, 0x00, 0x08, 0xff, 0xff, 0xff, 0xff, 0xff, 0xff,
    0xff, 0xff, 0xff, 0xff, 0xff, 0xff, 0xff, 0xff, 0xff, 0xff, 0xff, 0xff,
    0xff, 0xff, 0xff, 0xff, 0xff, 0xff, 0xff, 0xff, 0xff, 0xff, 0xff, 0xff,
    0xff, 0xff, 0xff, 0xff, 0xff, 0xff, 0xff, 0xff, 0xff, 0xff, 0xff, 0xff,
    0xff, 0xff, 0xff, 0xff, 0xff, 0xff, 0xff, 0xff, 0xff, 0xff, 0xff, 0xff,
    0xff, 0xff, 0xff, 0xff, 0xff, 0xff, 0xff, 0xff, 0xff, 0xff, 0xff, 0xff,
    0xff, 0xff, 0xff, 0xff, 0xff, 0xff, 0xff, 0xff, 0xff, 0xff, 0xff, 0xff,
    0xff, 0xff, 0xff, 0xff, 0x00, 0x10, 0x61, 0x10, 0xc9, 0xfa, 0xc9, 0xfa,
    0xc9, 0xfa, 0xc9, 0xfa, 0xc9, 0xfa, 0xc9, 0xfa, 0xc9, 0xfa, 0xc9, 0xfa,
    0xc9, 0xfa, 0xc9, 0xfa, 0xc9, 0xfa, 0xc9, 0xfa, 0xc9, 0xfa, 0xc9, 0xfa,
    0xc9, 0xfa, 0xc9, 0xfa, 0xc9, 0xfa, 0xc9, 0xfa, 0xc9, 0xfa, 0xc9, 0xfa,
    0xc9, 0xfa, 0xc9, 0xfa, 0xc9, 0xfa, 0xc9, 0xfa, 0xc9, 0xfa, 0xc9, 0xfa,
    0xc9, 0xfa, 0xc9, 0xfa, 0xc9, 0xfa, 0xc9, 0xfa, 0xc9, 0xfa, 0xc9, 0xfa,
    0xc9, 0xfa, 0xc9, 0xfa, 0xc9, 0xfa, 0xc9, 0xfa, 0xc9, 0xfa, 0xc9, 0xfa,
    0xc9, 0xfa, 0xc9, 0xfa, 0xc9, 0xfa, 0xc9, 0xfa, 0xc9, 0xfa, 0xc9, 0xfa,
    0xc9, 0xfa, 0xc9, 0xfa, 0xc9, 0xfa, 0xc9, 0xfa, 0xc9, 0xfa, 0xc9, 0xfa,
    0xc9, 0xfa, 0xc9, 0xfa, 0xc9, 0xfa, 0xc9, 0xfa, 0x8c, 0xc3, 0x00, 0x40,
    0x00, 0x08, 0x00, 0x08, 0x20, 0x08, 0x00, 0x08, 0x21, 0x00, 0xff, 0xff,
    0xff, 0xff, 0xff, 0xff, 0xff, 0xff, 0xff, 0xff, 0xff, 0xff, 0xff, 0xff,
    0xff, 0xff, 0xff, 0xff, 0xff, 0xff, 0xff, 0xff, 0xff, 0xff, 0xff, 0xff,
    0xff, 0xff, 0xff, 0xff, 0xff, 0xff, 0xff, 0xff, 0xff, 0xff, 0xff, 0xff,
    0x00, 0x00, 0x00, 0x08, 0x03, 0x99, 0x2b, 0xe3, 0xc9, 0xfa, 0xc9, 0xfa,
    0xc9, 0xfa, 0xc9, 0xfa, 0xc9, 0xfa, 0xc9, 0xfa, 0xc9, 0xfa, 0xc9, 0xfa,
    0xc9, 0xfa, 0xc9, 0xfa, 0xc9, 0xfa, 0xc9, 0xfa, 0xc9, 0xfa, 0xc9, 0xfa,
    0xc9, 0xfa, 0xc9, 0xfa, 0xc9, 0xfa, 0xc9, 0xfa, 0xc9, 0xfa, 0xc9, 0xfa,
    0xc9, 0xfa, 0xc9, 0xfa, 0xc9, 0xfa, 0xc9, 0xfa, 0xc9, 0xfa, 0xc9, 0xfa,
    0x20, 0x08, 0x00, 0x08, 0x00, 0x08, 0x00, 0x08, 0x20, 0x00, 0x00, 0x08,
    0xff, 0xff, 0xff, 0xff, 0xff, 0xff, 0xff, 0xff, 0xff, 0xff, 0xff, 0xff,
    0xff, 0xff, 0xff, 0xff, 0xff, 0xff, 0xff, 0xff, 0xff, 0xff, 0xff, 0xff,
    0xff, 0xff, 0xff, 0xff, 0xff, 0xff, 0xff, 0xff, 0xff, 0xff, 0xff, 0xff,
    0xff, 0xff, 0x21, 0x08, 0x00, 0x20, 0xc6, 0x59, 0xc9, 0xfa, 0xc9, 0xfa,
    0xc9, 0xfa, 0xc9, 0xfa, 0xc9, 0xfa, 0xc9, 0xfa, 0xc9, 0xfa, 0xc9, 0xfa,
    0xc9, 0xfa, 0xc9, 0xfa, 0xc9, 0xfa, 0xc9, 0xfa, 0xc9, 0xfa, 0xc9, 0xfa,
    0xc9, 0xfa, 0xc9, 0xfa, 0xc9, 0xfa, 0xc9, 0xfa, 0xc9, 0xfa, 0xc9, 0xfa,
    0xc9, 0xfa, 0xc9, 0xfa, 0xc9, 0xfa, 0xc9, 0xfa, 0xc9, 0xfa, 0xc9, 0xfa,
    0x6c, 0xc3, 0x00, 0x50, 0x20, 0x08, 0x00, 0x08, 0x00, 0x08, 0x00, 0x08,
    0x20, 0x00, 0xff, 0xff, 0xff, 0xff, 0xff, 0xff, 0xff, 0xff, 0xff, 0xff,
    0xff, 0xff, 0x20, 0x00, 0x00, 0x50, 0x6c, 0xcb, 0xc9, 0xfa, 0xc9, 0xfa,
    0xc9, 0xfa, 0xc9, 0xfa, 0xc9, 0xfa, 0xc9, 0xfa, 0xc9, 0xfa, 0xc9, 0xfa,
    0xc9, 0xfa, 0xc9, 0xfa, 0xc9, 0xfa, 0xc9, 0xfa, 0xc9, 0xfa, 0xc9, 0xfa,
    0xc9, 0xfa, 0xc9, 0xfa, 0xc9, 0xfa, 0xc9, 0xfa, 0xc9, 0xfa, 0xc9, 0xfa,
    0xc9, 0xfa, 0xc9, 0xfa, 0xc9, 0xfa, 0xc9, 0xfa, 0xc9, 0xfa, 0xc9, 0xfa,
    0xc9, 0xfa, 0xc9, 0xfa, 0xc9, 0xfa, 0xc9, 0xfa, 0xc9, 0xfa, 0xc9, 0xfa,
    0xc9, 0xfa, 0xc9, 0xfa, 0xc9, 0xfa, 0xc9, 0xfa, 0xc9, 0xfa, 0xc9, 0xfa,
    0xc9, 0xfa, 0xc9, 0xfa, 0xc9, 0xfa, 0xc9, 0xfa, 0xc9, 0xfa, 0xc9, 0xfa,
    0xc9, 0xfa, 0xc9, 0xfa, 0xc9, 0xfa, 0xc9, 0xfa, 0xc9, 0xfa, 0xc9, 0xfa,
    0xc9, 0xfa, 0xc9, 0xfa, 0xc9, 0xfa, 0xc9, 0xfa, 0xc9, 0xfa, 0xc9, 0xfa,
    0xc9, 0xfa, 0xc9, 0xfa, 0xc9, 0xfa, 0xc9, 0xfa, 0xc9, 0xfa, 0xc9, 0xfa,
    0xc9, 0xfa, 0xc9, 0xfa, 0xc9, 0xfa, 0xc9, 0xfa, 0xc9, 0xfa, 0xc9, 0xfa,
    0xc9, 0xfa, 0xc9, 0xfa, 0xc9, 0xfa, 0xc9, 0xfa, 0xc9, 0xfa, 0xc9, 0xfa,
    0xc9, 0xfa, 0xc9, 0xfa, 0xc9, 0xfa, 0xc9, 0xfa, 0xc9, 0xfa, 0xc9, 0xfa,
    0x2a, 0xdb, 0x03, 0x99, 0x00, 0x08, 0x00, 0x00, 0x00, 0x08, 0x00, 0x08,
    0x20, 0x08, 0x20, 0x08, 0xff, 0xff, 0xff, 0xff, 0xff, 0xff, 0xff, 0xff,
    0xff, 0xff, 0x20, 0x08, 0x20, 0x30, 0xa9, 0x92, 0xc9, 0xfa, 0xc9, 0xfa,
    0xc9, 0xfa, 0xc9, 0xfa, 0xc9, 0xfa, 0xc9, 0xfa, 0xc9, 0xfa, 0xc9, 0xfa,
    0xc9, 0xfa, 0xc9, 0xfa, 0xc9, 0xfa, 0xc9, 0xfa, 0xc9, 0xfa, 0xc9, 0xfa,
    0xc9, 0xfa, 0xc9, 0xfa, 0xc9, 0xfa, 0xc9, 0xfa, 0xc9, 0xfa, 0xc9, 0xfa,
    0xc9, 0xfa, 0xc9, 0xfa, 0xc9, 0xfa, 0xc9, 0xfa, 0xc9, 0xfa, 0xc9, 0xfa,
    0xc9, 0xfa, 0xc9, 0xfa, 0xc9, 0xfa, 0xc9, 0xfa, 0xc9, 0xfa, 0xc9, 0xfa,
    0xc9, 0xfa, 0xc9, 0xfa, 0xc9, 0xfa, 0xc9, 0xfa, 0xc9, 0xfa, 0xc9, 0xfa,
    0xc9, 0xfa, 0xc9, 0xfa, 0xc9, 0xfa, 0xc9, 0xfa, 0xc9, 0xfa, 0xc9, 0xfa,
    0xc9, 0xfa, 0xc9, 0xfa, 0xc9, 0xfa, 0xc9, 0xfa, 0xc9, 0xfa, 0xc9, 0xfa,
    0xc9, 0xfa, 0xc9, 0xfa, 0xc9, 0xfa, 0xc9, 0xfa, 0xc9, 0xfa, 0xc9, 0xfa,
    0xc9, 0xfa, 0xc9, 0xfa, 0xc9, 0xfa, 0xc9, 0xfa, 0xc9, 0xfa, 0xc9, 0xfa,
    0xc9, 0xfa, 0xc9, 0xfa, 0xc9, 0xfa, 0xc9, 0xfa, 0xc9, 0xfa, 0xc9, 0xfa,
    0x41, 0x10, 0x00, 0x10, 0x00, 0x00, 0x00, 0x08, 0x20, 0x08, 0x00, 0x08,
    0xff, 0xff, 0xff, 0xff, 0xff, 0xff, 0xff, 0xff, 0xff, 0xff, 0xff, 0xff,
    0xff, 0xff, 0xff, 0xff, 0xff, 0xff, 0xff, 0xff, 0xff, 0xff, 0xff, 0xff,
    0xff, 0xff, 0xff, 0xff, 0xff, 0xff, 0xff, 0xff, 0xff, 0xff, 0xff, 0xff,
    0xff, 0xff, 0xff, 0xff, 0xff, 0xff, 0xff, 0xff, 0xff, 0xff, 0xff, 0xff,
    0xff, 0xff, 0xff, 0xff, 0xff, 0xff, 0xff, 0xff, 0xff, 0xff, 0xff, 0xff,
    0xff, 0xff, 0xff, 0xff, 0xff, 0xff, 0xff, 0xff, 0xff, 0xff, 0xff, 0xff,
    0xff, 0xff, 0xff, 0xff, 0xff, 0xff, 0xff, 0xff, 0xff, 0xff, 0x00, 0x10,
    0x61, 0x18, 0xc9, 0xfa, 0xc9, 0xfa, 0xc9, 0xfa, 0xc9, 0xfa, 0xc9, 0xfa,
    0xc9, 0xfa, 0xc9, 0xfa, 0xc9, 0xfa, 0xc9, 0xfa, 0xc9, 0xfa, 0xc9, 0xfa,
    0xc9, 0xfa, 0xc9, 0xfa, 0xc9, 0xfa, 0xc9, 0xfa, 0xc9, 0xfa, 0xc9, 0xfa,
    0xc9, 0xfa, 0xc9, 0xfa, 0xc9, 0xfa, 0xc9, 0xfa, 0xc9, 0xfa, 0xc9, 0xfa,
    0xc9, 0xfa, 0xc9, 0xfa, 0xc9, 0xfa, 0xc9, 0xfa, 0xc9, 0xfa, 0xc9, 0xfa,
    0xc9, 0xfa, 0xc9, 0xfa, 0xc9, 0xfa, 0xc9, 0xfa, 0xc9, 0xfa, 0xc9, 0xfa,
    0xc9, 0xfa, 0xc9, 0xfa, 0xc9, 0xfa, 0xc9, 0xfa, 0xc9, 0xfa, 0xc9, 0xfa,
    0xc9, 0xfa, 0xc9, 0xfa, 0xc9, 0xfa, 0xc9, 0xfa, 0xc9, 0xfa, 0xc9, 0xfa,
    0xc9, 0xfa, 0xc9, 0xfa, 0xc9, 0xfa, 0xc9, 0xfa, 0xc9, 0xfa, 0xc9, 0xfa,
    0xc9, 0xfa, 0x8d, 0xc3, 0x00, 0x40, 0x00, 0x08, 0x20, 0x08, 0x00, 0x00,
    0x00, 0x08, 0x20, 0x00, 0xff, 0xff, 0xff, 0xff, 0xff, 0xff, 0xff, 0xff,
    0xff, 0xff, 0xff, 0xff, 0xff, 0xff, 0xff, 0xff, 0xff, 0xff, 0xff, 0xff,
    0xff, 0xff, 0xff, 0xff, 0xff, 0xff, 0xff, 0xff, 0xff, 0xff, 0xff, 0xff,
    0xff, 0xff, 0xff, 0xff, 0xff, 0xff, 0x20, 0x08, 0x00, 0x08, 0x02, 0x99,
    0x2a, 0xdb, 0xc9, 0xfa, 0xc9, 0xfa, 0xc9, 0xfa, 0xc9, 0xfa, 0xc9, 0xfa,
    0xc9, 0xfa, 0xc9, 0xfa, 0xc9, 0xfa, 0xc9, 0xfa, 0xc9, 0xfa, 0xc9, 0xfa,
    0xc9, 0xfa, 0xc9, 0xfa, 0xc9, 0xfa, 0xc9, 0xfa, 0xc9, 0xfa, 0xc9, 0xfa,
    0xc9, 0xfa, 0xc9, 0xfa, 0xc9, 0xfa, 0xc9, 0xfa, 0xc9, 0xfa, 0xc9, 0xfa,
    0xc9, 0xfa, 0xc9, 0xfa, 0xc9, 0xfa, 0x20, 0x08, 0x00, 0x08, 0x00, 0x08,
    0x00, 0x08, 0x20, 0x08, 0x00, 0x00, 0xff, 0xff, 0xff, 0xff, 0xff, 0xff,
    0xff, 0xff, 0xff, 0xff, 0xff, 0xff, 0xff, 0xff, 0xff, 0xff, 0xff, 0xff,
    0xff, 0xff, 0xff, 0xff, 0xff, 0xff, 0xff, 0xff, 0xff, 0xff, 0xff, 0xff,
    0xff, 0xff, 0xff, 0xff, 0xff, 0xff, 0xff, 0xff, 0x20, 0x00, 0x00, 0x20,
    0xe6, 0x59, 0xc9, 0xfa, 0xc9, 0xfa, 0xc9, 0xfa, 0xc9, 0xfa, 0xc9, 0xfa,
    0xc9, 0xfa, 0xc9, 0xfa, 0xc9, 0xfa, 0xc9, 0xfa, 0xc9, 0xfa, 0xc9, 0xfa,
    0xc9, 0xfa, 0xc9, 0xfa, 0xc9, 0xfa, 0xc9, 0xfa, 0xc9, 0xfa, 0xc9, 0xfa,
    0xc9, 0xfa, 0xc9, 0xfa, 0xc9, 0xfa, 0xc9, 0xfa, 0xc9, 0xfa, 0xc9, 0xfa,
    0xc9, 0xfa, 0xc9, 0xfa, 0xc9, 0xfa, 0x6c, 0xcb, 0x00, 0x50, 0x20, 0x08,
    0x00, 0x00, 0x20, 0x08, 0x00, 0x08, 0x20, 0x00, 0xff, 0xff, 0xff, 0xff,
    0xff, 0xff, 0xff, 0xff, 0xff, 0xff, 0xff, 0xff, 0x20, 0x00, 0x00, 0x50,
    0x8c, 0xcb, 0xc9, 0xfa, 0xc9, 0xfa, 0xc9, 0xfa, 0xc9, 0xfa, 0xc9, 0xfa,
    0xc9, 0xfa, 0xc9, 0xfa, 0xc9, 0xfa, 0xc9, 0xfa, 0xc9, 0xfa, 0xc9, 0xfa,
    0xc9, 0xfa, 0xc9, 0xfa, 0xc9, 0xfa, 0xc9, 0xfa, 0xc9, 0xfa, 0xc9, 0xfa,
    0xc9, 0xfa, 0xc9, 0xfa, 0xc9, 0xfa, 0xc9, 0xfa, 0xc9, 0xfa, 0xc9, 0xfa,
    0xc9, 0xfa, 0xc9, 0xfa, 0xc9, 0xfa, 0xc9, 0xfa, 0xc9, 0xfa, 0xc9, 0xfa,
    0xc9, 0xfa, 0xc9, 0xfa, 0xc9, 0xfa, 0xc9, 0xfa, 0xc9, 0xfa, 0xc9, 0xfa,
    0xc9, 0xfa, 0xc9, 0xfa, 0xc9, 0xfa, 0xc9, 0xfa, 0xc9, 0xfa, 0xc9, 0xfa,
    0xc9, 0xfa, 0xc9, 0xfa, 0xc9, 0xfa, 0xc9, 0xfa, 0xc9, 0xfa, 0xc9, 0xfa,
    0xc9, 0xfa, 0xc9, 0xfa, 0xc9, 0xfa, 0xc9, 0xfa, 0xc9, 0xfa, 0xc9, 0xfa,
    0xc9, 0xfa, 0xc9, 0xfa, 0xc9, 0xfa, 0xc9, 0xfa, 0xc9, 0xfa, 0xc9, 0xfa,
    0xc9, 0xfa, 0xc9, 0xfa, 0xc9, 0xfa, 0xc9, 0xfa, 0xc9, 0xfa, 0xc9, 0xfa,
    0xc9, 0xfa, 0xc9, 0xfa, 0xc9, 0xfa, 0xc9, 0xfa, 0xc9, 0xfa, 0xc9, 0xfa,
    0xc9, 0xfa, 0xc9, 0xfa, 0xc9, 0xfa, 0xc9, 0xfa, 0xc9, 0xfa, 0xc9, 0xfa,
    0xc9, 0xfa, 0xc9, 0xfa, 0xc9, 0xfa, 0x2a, 0xe3, 0x02, 0x99, 0x00, 0x08,
    0x20, 0x00, 0x00, 0x08, 0x00, 0x08, 0x20, 0x00, 0x00, 0x08, 0xff, 0xff,
    0xff, 0xff, 0xff, 0xff, 0xff, 0xff, 0xff, 0xff, 0x21, 0x00, 0x20, 0x30,
    0xaa, 0x9a, 0xc9, 0xfa, 0xc9, 0xfa, 0xc9, 0xfa, 0xc9, 0xfa, 0xc9, 0xfa,
    0xc9, 0xfa, 0xc9, 0xfa, 0xc9, 0xfa, 0xc9, 0xfa, 0xc9, 0xfa, 0xc9, 0xfa,
    0xc9, 0xfa, 0xc9, 0xfa, 0xc9, 0xfa, 0xc9, 0xfa, 0xc9, 0xfa, 0xc9, 0xfa,
    0xc9, 0xfa, 0xc9, 0xfa, 0xc9, 0xfa, 0xc9, 0xfa, 0xc9, 0xfa, 0xc9, 0xfa,
    0xc9, 0xfa, 0xc9, 0xfa, 0xc9, 0xfa, 0xc9, 0xfa, 0xc9, 0xfa, 0xc9, 0xfa,
    0xc9, 0xfa, 0xc9, 0xfa, 0xc9, 0xfa, 0xc9, 0xfa, 0xc9, 0xfa, 0xc9, 0xfa,
    0xc9, 0xfa, 0xc9, 0xfa, 0xc9, 0xfa, 0xc9, 0xfa, 0xc9, 0xfa, 0xc9, 0xfa,
    0xc9, 0xfa, 0xc9, 0xfa, 0xc9, 0xfa, 0xc9, 0xfa, 0xc9, 0xfa, 0xc9, 0xfa,
    0xc9, 0xfa, 0xc9, 0xfa, 0xc9, 0xfa, 0xc9, 0xfa, 0xc9, 0xfa, 0xc9, 0xfa,
    0xc9, 0xfa, 0xc9, 0xfa, 0xc9, 0xfa, 0xc9, 0xfa, 0xc9, 0xfa, 0xc9, 0xfa,
    0xc9, 0xfa, 0xc9, 0xfa, 0xc9, 0xfa, 0xc9, 0xfa, 0xc9, 0xfa, 0xc9, 0xfa,
    0xc9, 0xfa, 0xc9, 0xfa, 0xc9, 0xfa, 0x61, 0x18, 0x00, 0x10, 0x00, 0x08,
    0x20, 0x00, 0x00, 0x08, 0x00, 0x08, 0xff, 0xff, 0xff, 0xff, 0xff, 0xff,
    0xff, 0xff, 0xff, 0xff, 0xff, 0xff, 0xff, 0xff, 0xff, 0xff, 0xff, 0xff,
    0xff, 0xff, 0xff, 0xff, 0xff, 0xff, 0xff, 0xff, 0xff, 0xff, 0xff, 0xff,
    0xff, 0xff, 0xff, 0xff, 0xff, 0xff, 0xff, 0xff, 0xff, 0xff, 0xff, 0xff,
    0xff, 0xff, 0xff, 0xff, 0xff, 0xff, 0xff, 0xff, 0xff, 0xff, 0xff, 0xff,
    0xff, 0xff, 0xff, 0xff, 0xff, 0xff, 0xff, 0xff, 0xff, 0xff, 0xff, 0xff,
    0xff, 0xff, 0xff, 0xff, 0xff, 0xff, 0xff, 0xff, 0xff, 0xff, 0xff, 0xff,
    0xff, 0xff, 0xff, 0xff, 0x00, 0x10, 0x41, 0x18, 0xc9, 0xfa, 0xc9, 0xfa,
    0xc9, 0xfa, 0xc9, 0xfa, 0xc9, 0xfa, 0xc9, 0xfa, 0xc9, 0xfa, 0xc9, 0xfa,
    0xc9, 0xfa, 0xc9, 0xfa, 0xc9, 0xfa, 0xc9, 0xfa, 0xc9, 0xfa, 0xc9, 0xfa,
    0xc9, 0xfa, 0xc9, 0xfa, 0xc9, 0xfa, 0xc9, 0xfa, 0xc9, 0xfa, 0xc9, 0xfa,
    0xc9, 0xfa, 0xc9, 0xfa, 0xc9, 0xfa, 0xc9, 0xfa, 0xc9, 0xfa, 0xc9, 0xfa,
    0xc9, 0xfa, 0xc9, 0xfa, 0xc9, 0xfa, 0xc9, 0xfa, 0xc9, 0xfa, 0xc9, 0xfa,
    0xc9, 0xfa, 0xc9, 0xfa, 0xc9, 0xfa, 0xc9, 0xfa, 0xc9, 0xfa, 0xc9, 0xfa,
    0xc9, 0xfa, 0xc9, 0xfa, 0xc9, 0xfa, 0xc9, 0xfa, 0xc9, 0xfa, 0xc9, 0xfa,
    0xc9, 0xfa, 0xc9, 0xfa, 0xc9, 0xfa, 0xc9, 0xfa, 0xc9, 0xfa, 0xc9, 0xfa,
    0xc9, 0xfa, 0xc9, 0xfa, 0xc9, 0xfa, 0xc9, 0xfa, 0x8c, 0xc3, 0x00, 0x40,
    0x00, 0x08, 0x00, 0x08, 0x00, 0x08, 0x20, 0x08, 0x20, 0x00, 0xff, 0xff,
    0xff, 0xff, 0xff, 0xff, 0xff, 0xff, 0xff, 0xff, 0xff, 0xff, 0xff, 0xff,
    0xff, 0xff, 0xff, 0xff, 0xff, 0xff, 0xff, 0xff, 0xff, 0xff, 0xff, 0xff,
    0xff, 0xff, 0xff, 0xff, 0xff, 0xff, 0xff, 0xff, 0xff, 0xff, 0xff, 0xff,
    0x00, 0x08, 0x20, 0x08, 0x02, 0x99, 0x2b, 0xe3, 0xc9, 0xfa, 0xc9, 0xfa,
    0xc9, 0xfa, 0xc9, 0xfa, 0xc9, 0xfa, 0xc9, 0xfa, 0xc9, 0xfa, 0xc9, 0xfa,
    0xc9, 0xfa, 0xc9, 0xfa, 0xc9, 0xfa, 0xc9, 0xfa, 0xc9, 0xfa, 0xc9, 0xfa,
    0xc9, 0xfa, 0xc9, 0xfa, 0xc9, 0xfa, 0xc9, 0xfa, 0xc9, 0xfa, 0xc9, 0xfa,
    0xc8, 0xfa, 0xc9, 0xfa, 0xc9, 0xfa, 0xc9, 0xfa, 0xc9, 0xfa, 0xc9, 0xfa,
    0x20, 0x08, 0x00, 0x08, 0x00, 0x08, 0x00, 0x00, 0x00, 0x08, 0x00, 0x08,
    0xff, 0xff, 0xff, 0xff, 0xff, 0xff, 0xff, 0xff, 0xff, 0xff, 0xff, 0xff,
    0xff, 0xff, 0xff, 0xff, 0xff, 0xff, 0xff, 0xff, 0xff, 0xff, 0xff, 0xff,
    0xff, 0xff, 0xff, 0xff, 0xff, 0xff, 0xff, 0xff, 0xff, 0xff, 0xff, 0xff,
    0xff, 0xff, 0x20, 0x00, 0x00, 0x20, 0xc6, 0x59, 0xc9, 0xfa, 0xc9, 0xfa,
    0xc9, 0xfa, 0xc9, 0xfa, 0xc9, 0xfa, 0xc9, 0xfa, 0xc9, 0xfa, 0xc9, 0xfa,
    0xc8, 0xfa, 0xc9, 0xfa, 0xc9, 0xfa, 0xc9, 0xfa, 0xc8, 0xfa, 0xc9, 0xfa,
    0xc9, 0xfa, 0xc8, 0xfa, 0xc9, 0xfa, 0xc9, 0xfa, 0xc8, 0xfa, 0xc9, 0xfa,
    0xc9, 0xfa, 0xc8, 0xfa, 0xc9, 0xfa, 0xc9, 0xfa, 0xc9, 0xfa, 0xc9, 0xfa,
    0x6c, 0xc3, 0x00, 0x50, 0x00, 0x08, 0x00, 0x08, 0x00, 0x00, 0x20, 0x08,
    0x21, 0x00, 0xff, 0xff, 0xff, 0xff, 0xff, 0xff, 0xff, 0xff, 0xff, 0xff,
    0xff, 0xff, 0x21, 0x08, 0x00, 0x50, 0x6c, 0xc3, 0xc9, 0xfa, 0xc9, 0xfa,
    0xc9, 0xfa, 0xc9, 0xfa, 0xc9, 0xfa, 0xc8, 0xfa, 0xc9, 0xfa, 0xc9, 0xfa,
    0xc9, 0xfa, 0xc8, 0xfa, 0xc9, 0xfa, 0xc9, 0xfa, 0xc9, 0xfa, 0xc9, 0xfa,
    0xc8, 0xfa, 0xc9, 0xfa, 0xc9, 0xfa, 0xc8, 0xfa, 0xc9, 0xfa, 0xc9, 0xfa,
    0xc8, 0xfa, 0xc9, 0xfa, 0xc9, 0xfa, 0xc9, 0xfa, 0xc9, 0xfa, 0xc9, 0xfa,
    0xc9, 0xfa, 0xc9, 0xfa, 0xc9, 0xfa, 0xc9, 0xfa, 0xc9, 0xfa, 0xc9, 0xfa,
    0xc9, 0xfa, 0xc9, 0xfa, 0xc9, 0xfa, 0xc9, 0xfa, 0xc9, 0xfa, 0xc9, 0xfa,
    0xc9, 0xfa, 0xc9, 0xfa, 0xc9, 0xfa, 0xc8, 0xfa, 0xc9, 0xfa, 0xc9, 0xfa,
    0xc8, 0xfa, 0xc9, 0xfa, 0xc9, 0xfa, 0xc8, 0xfa, 0xc9, 0xfa, 0xc9, 0xfa,
    0xc8, 0xfa, 0xc9, 0xfa, 0xc9, 0xfa, 0xc8, 0xfa, 0xc9, 0xfa, 0xc9, 0xfa,
    0xc8, 0xfa, 0xc9, 0xfa, 0xc9, 0xfa, 0xc8, 0xfa, 0xc9, 0xfa, 0xc9, 0xfa,
    0xc9, 0xfa, 0xc8, 0xfa, 0xc9, 0xfa, 0xc9, 0xfa, 0xc9, 0xfa, 0xc9, 0xfa,
    0xc9, 0xfa, 0xc9, 0xfa, 0xc9, 0xfa, 0xc9, 0xfa, 0xc9, 0xfa, 0xc9, 0xfa,
    0xc8, 0xfa, 0xc9, 0xfa, 0xc9, 0xfa, 0xc9, 0xfa, 0xc9, 0xfa, 0xc9, 0xfa,
    0x2a, 0xe3, 0x03, 0x99, 0x00, 0x08, 0x20, 0x08, 0x00, 0x08, 0x00, 0x00,
    0x00, 0x08, 0x00, 0x08, 0xff, 0xff, 0xff, 0xff, 0xff, 0xff, 0xff, 0xff,
    0xff, 0xff, 0x20, 0x00, 0x20, 0x30, 0xaa, 0x92, 0xc9, 0xfa, 0xc9, 0xfa,
    0xc9, 0xfa, 0xc9, 0xfa, 0xc9, 0xfa, 0xc9, 0xfa, 0xc9, 0xfa, 0xc9, 0xfa,
    0xc9, 0xfa, 0xc9, 0xfa, 0xc9, 0xfa, 0xc9, 0xfa, 0xc9, 0xfa, 0xc9, 0xfa,
    0xc9, 0xfa, 0xc9, 0xfa, 0xc9, 0xfa, 0xc9, 0xfa, 0xc9, 0xfa, 0xc9, 0xfa,
    0xc9, 0xfa, 0xc9, 0xfa, 0xc9, 0xfa, 0xc9, 0xfa, 0xc9, 0xfa, 0xc9, 0xfa,
    0xc9, 0xfa, 0xc9, 0xfa, 0xc9, 0xfa, 0xc9, 0xfa, 0xc9, 0xfa, 0xc9, 0xfa,
    0xc9, 0xfa, 0xc9, 0xfa, 0xc9, 0xfa, 0xc9, 0xfa, 0xc9, 0xfa, 0xc9, 0xfa,
    0xc9, 0xfa, 0xc9, 0xfa, 0xc9, 0xfa, 0xc9, 0xfa, 0xc9, 0xfa, 0xc9, 0xfa,
    0xc9, 0xfa, 0xc9, 0xfa, 0xc8, 0xfa, 0xc9, 0xfa, 0xc9, 0xfa, 0xc9, 0xfa,
    0xc9, 0xfa, 0xc9, 0xfa, 0xc9, 0xfa, 0xc9, 0xfa, 0xc9, 0xfa, 0xc9, 0xfa,
    0xc9, 0xfa, 0xc9, 0xfa, 0xc9, 0xfa, 0xc9, 0xfa, 0xc9, 0xfa, 0xc9, 0xfa,
    0xc9, 0xfa, 0xc9, 0xfa, 0xc9, 0xfa, 0xc9, 0xfa, 0xc9, 0xfa, 0xc9, 0xfa,
    0x61, 0x18, 0x00, 0x10, 0x00, 0x08, 0x00, 0x08, 0x00, 0x00, 0x20, 0x08,
    0xff, 0xff, 0xff, 0xff, 0xff, 0xff, 0xff, 0xff, 0xff, 0xff, 0xff, 0xff,
    0xff, 0xff, 0xff, 0xff, 0xff, 0xff, 0xff, 0xff, 0xff, 0xff, 0xff, 0xff,
    0xff, 0xff, 0xff, 0xff, 0xff, 0xff, 0xff, 0xff, 0xff, 0xff, 0xff, 0xff,
    0xff, 0xff, 0xff, 0xff, 0xff, 0xff, 0xff, 0xff, 0xff, 0xff, 0xff, 0xff,
    0xff, 0xff, 0xff, 0xff, 0xff, 0xff, 0xff, 0xff, 0xff, 0xff, 0xff, 0xff,
    0xff, 0xff, 0xff, 0xff, 0xff, 0xff, 0xff, 0xff, 0xff, 0xff, 0xff, 0xff,
    0xff, 0xff, 0xff, 0xff, 0xff, 0xff, 0xff, 0xff, 0xff, 0xff, 0x00, 0x10,
    0x61, 0x10, 0xc9, 0xfa, 0xc9, 0xfa, 0xc9, 0xfa, 0xc8, 0xfa, 0xc9, 0xfa,
    0xc9, 0xfa, 0xc8, 0xfa, 0xc9, 0xfa, 0xc9, 0xfa, 0xc8, 0xfa, 0xc9, 0xfa,
    0xc9, 0xfa, 0xc8, 0xfa, 0xc9, 0xfa, 0xc9, 0xfa, 0xc8, 0xfa, 0xc9, 0xfa,
    0xc9, 0xfa, 0xc8, 0xfa, 0xc9, 0xfa, 0xc9, 0xfa, 0xc8, 0xfa, 0xc9, 0xfa,
    0xc9, 0xfa, 0xc8, 0xfa, 0xc9, 0xfa, 0xc9, 0xfa, 0xc8, 0xfa, 0xc9, 0xfa,
    0xc9, 0xfa, 0xc8, 0xfa, 0xc9, 0xfa, 0xc9, 0xfa, 0xc8, 0xfa, 0xc9, 0xfa,
    0xc9, 0xfa, 0xc8, 0xfa, 0xc9, 0xfa, 0xc9, 0xfa, 0xc8, 0xfa, 0xc9, 0xfa,
    0xc9, 0xfa, 0xc9, 0xfa, 0xc9, 0xfa, 0xc9, 0xfa, 0xc9, 0xfa, 0xc9, 0xfa,
    0xc9, 0xfa, 0xc9, 0xfa, 0xc9, 0xfa, 0xc9, 0xfa, 0xc9, 0xfa, 0xc9, 0xfa,
    0xc9, 0xfa, 0x8c, 0xc3, 0x00, 0x40, 0x00, 0x08, 0x00, 0x00, 0x00, 0x08,
    0x00, 0x08, 0x21, 0x00, 0xff, 0xff, 0xff, 0xff, 0xff, 0xff, 0xff, 0xff,
    0xff, 0xff, 0xff, 0xff, 0xff, 0xff, 0xff, 0xff, 0xff, 0xff, 0xff, 0xff,
    0xff, 0xff, 0xff, 0xff, 0xff, 0xff, 0xff, 0xff, 0xff, 0xff, 0xff, 0xff,
    0xff, 0xff, 0xff, 0xff, 0xff, 0xff, 0x00, 0x00, 0x00, 0x00, 0x02, 0x99,
    0x2b, 0xe3, 0xc9, 0xfa, 0xc9, 0xfa, 0xc9, 0xfa, 0xc9, 0xfa, 0xc8, 0xfa,
    0xc9, 0xfa, 0xc9, 0xfa, 0xc9, 0xfa, 0xc9, 0xfa, 0xc8, 0xfa, 0xc9, 0xfa,
    0xc9, 0xfa, 0xc9, 0xfa, 0xc8, 0xfa, 0xc9, 0xfa, 0xc9, 0xfa, 0xc8, 0xfa,
    0xc9, 0xfa, 0xc9, 0xfa, 0xc9, 0xfa, 0xc9, 0xfa, 0xc9, 0xfa, 0xc9, 0xfa,
    0xc8, 0xfa, 0xc9, 0xfa, 0xc9, 0xfa, 0x20, 0x08, 0x00, 0x08, 0x00, 0x08,
    0x20, 0x08, 0x00, 0x08, 0x00, 0x08, 0xff, 0xff, 0xff, 0xff, 0xff, 0xff,
    0xff, 0xff, 0xff, 0xff, 0xff, 0xff, 0xff, 0xff, 0xff, 0xff, 0xff, 0xff,
    0xff, 0xff, 0xff, 0xff, 0xff, 0xff, 0xff, 0xff, 0xff, 0xff, 0xff, 0xff,
    0xff, 0xff, 0xff, 0xff, 0xff, 0xff, 0xff, 0xff, 0x21, 0x00, 0x00, 0x20,
    0xc6, 0x59, 0xc9, 0xfa, 0xc9, 0xfa, 0xc9, 0xfa, 0xc9, 0xfa, 0xc8, 0xfa,
    0xc9, 0xfa, 0xc9, 0xfa, 0xc9, 0xfa, 0xc9, 0xfa, 0xc9, 0xfa, 0xc9, 0xfa,
    0xc9, 0xfa, 0xc9, 0xfa, 0xc9, 0xfa, 0xc9, 0xfa, 0xc9, 0xfa, 0xc9, 0xfa,
    0xc9, 0xfa, 0xc9, 0xfa, 0xc9, 0xfa, 0xc9, 0xfa, 0xc9, 0xfa, 0xc9, 0xfa,
    0xc9, 0xfa, 0xc9, 0xfa, 0xc9, 0xfa, 0x6c, 0xc3, 0x00, 0x50, 0x00, 0x08,
    0x00, 0x08, 0x00, 0x08, 0x00, 0x08, 0x20, 0x00, 0xff, 0xff, 0xff, 0xff,
    0xff, 0xff, 0xff, 0xff, 0xff, 0xff, 0xff, 0xff, 0x20, 0x00, 0x00, 0x50,
    0x6c, 0xc3, 0xc9, 0xfa, 0xc9, 0xfa, 0xc9, 0xfa, 0xc9, 0xfa, 0xc9, 0xfa,
    0xc9, 0xfa, 0xc9, 0xfa, 0xc9, 0xfa, 0xc9, 0xfa, 0xc9, 0xfa, 0xc9, 0xfa,
    0xc9, 0xfa, 0xc8, 0xfa, 0xc9, 0xfa, 0xc9, 0xfa, 0xc9, 0xfa, 0xc9, 0xfa,
    0xc9, 0xfa, 0xc9, 0xfa, 0xc9, 0xfa, 0xc9, 0xfa, 0xc9, 0xfa, 0xc9, 0xfa,
    0xc8, 0xfa, 0xc9, 0xfa, 0xc9, 0xfa, 0xc8, 0xfa, 0xc9, 0xfa, 0xc9, 0xfa,
    0xc8, 0xfa, 0xc9, 0xfa, 0xc9, 0xfa, 0xc8, 0xfa, 0xc9, 0xfa, 0xc9, 0xfa,
    0xc8, 0xfa, 0xc9, 0xfa, 0xc9, 0xfa, 0xc8, 0xfa, 0xc9, 0xfa, 0xc9, 0xfa,
    0xc9, 0xfa, 0xc9, 0xfa, 0xc9, 0xfa, 0xc9, 0xfa, 0xc9, 0xfa, 0xc9, 0xfa,
    0xc9, 0xfa, 0xc9, 0xfa, 0xc9, 0xfa, 0xc9, 0xfa, 0xc9, 0xfa, 0xc9, 0xfa,
    0xc9, 0xfa, 0xc9, 0xfa, 0xc9, 0xfa, 0xc9, 0xfa, 0xc9, 0xfa, 0xc9, 0xfa,
    0xc9, 0xfa, 0xc9, 0xfa, 0xc9, 0xfa, 0xc9, 0xfa, 0xc9, 0xfa, 0xc9, 0xfa,
    0xc9, 0xfa, 0xc8, 0xfa, 0xc9, 0xfa, 0xc9, 0xfa, 0xc8, 0xfa, 0xc9, 0xfa,
    0xc9, 0xfa, 0xc8, 0xfa, 0xc9, 0xfa, 0xc9, 0xfa, 0xc9, 0xfa, 0xc9, 0xfa,
    0xc8, 0xfa, 0xc9, 0xfa, 0xc9, 0xfa, 0x2a, 0xdb, 0x02, 0x99, 0x00, 0x00,
    0x00, 0x08, 0x20, 0x08, 0x00, 0x08, 0x00, 0x08, 0x20, 0x08, 0xff, 0xff,
    0xff, 0xff, 0xff, 0xff, 0xff, 0xff, 0xff, 0xff, 0x20, 0x08, 0x20, 0x30,
    0xa9, 0x92, 0xc9, 0xfa, 0xc9, 0xfa, 0xc9, 0xfa, 0xc9, 0xfa, 0xc8, 0xfa,
    0xc9, 0xfa, 0xc9, 0xfa, 0xc9, 0xfa, 0xc8, 0xfa, 0xc9, 0xfa, 0xc9, 0xfa,
    0xc9, 0xfa, 0xc9, 0xfa, 0xc8, 0xfa, 0xc9, 0xfa, 0xc9, 0xfa, 0xc9, 0xfa,
    0xc8, 0xfa, 0xc9, 0xfa, 0xc9, 0xfa, 0xc8, 0xfa, 0xc9, 0xfa, 0xc9, 0xfa,
    0xc8, 0xfa, 0xc9, 0xfa, 0xc9, 0xfa, 0xc8, 0xfa, 0xc9, 0xfa, 0xc9, 0xfa,
    0xc8, 0xfa, 0xc9, 0xfa, 0xc9, 0xfa, 0xc8, 0xfa, 0xc9, 0xfa, 0xc9, 0xfa,
    0xc8, 0xfa, 0xc9, 0xfa, 0xc9, 0xfa, 0xc8, 0xfa, 0xc9, 0xfa, 0xc9, 0xfa,
    0xc8, 0xfa, 0xc9, 0xfa, 0xc9, 0xfa, 0xc9, 0xfa, 0xc9, 0xfa, 0xc9, 0xfa,
    0xc9, 0xfa, 0xc8, 0xfa, 0xc9, 0xfa, 0xc9, 0xfa, 0xc8, 0xfa, 0xc9, 0xfa,
    0xc9, 0xfa, 0xc8, 0xfa, 0xc9, 0xfa, 0xc9, 0xfa, 0xc8, 0xfa, 0xc9, 0xfa,
    0xc9, 0xfa, 0xc8, 0xfa, 0xc9, 0xfa, 0xc9, 0xfa, 0xc8, 0xfa, 0xc9, 0xfa,
    0xc9, 0xfa, 0xc8, 0xfa, 0xc9, 0xfa, 0x61, 0x10, 0x00, 0x10, 0x00, 0x08,
    0x00, 0x08, 0x00, 0x08, 0x20, 0x00, 0xff, 0xff, 0xff, 0xff, 0xff, 0xff,
    0xff, 0xff, 0xff, 0xff, 0xff, 0xff, 0xff, 0xff, 0xff, 0xff, 0xff, 0xff,
    0xff, 0xff, 0xff, 0xff, 0xff, 0xff, 0xff, 0xff, 0xff, 0xff, 0xff, 0xff,
    0xff, 0xff, 0xff, 0xff, 0xff, 0xff, 0xff, 0xff, 0xff, 0xff, 0xff, 0xff,
    0xff, 0xff, 0xff, 0xff, 0xff, 0xff, 0xff, 0xff, 0xff, 0xff, 0xff, 0xff,
    0xff, 0xff, 0xff, 0xff, 0xff, 0xff, 0xff, 0xff, 0xff, 0xff, 0xff, 0xff,
    0xff, 0xff, 0xff, 0xff, 0xff, 0xff, 0xff, 0xff, 0xff, 0xff, 0xff, 0xff,
    0xff, 0xff, 0xff, 0xff, 0x00, 0x10, 0x41, 0x18, 0xc9, 0xfa, 0xc9, 0xfa,
    0xc9, 0xfa, 0xc9, 0xfa, 0xc9, 0xfa, 0xc9, 0xfa, 0xc9, 0xfa, 0xc9, 0xfa,
    0xc9, 0xfa, 0xc9, 0xfa, 0xc9, 0xfa, 0xc9, 0xfa, 0xc9, 0xfa, 0xc9, 0xfa,
    0xc9, 0xfa, 0xc9, 0xfa, 0xc9, 0xfa, 0xc9, 0xfa, 0xc9, 0xfa, 0xc9, 0xfa,
    0xc9, 0xfa, 0xc9, 0xfa, 0xc9, 0xfa, 0xc9, 0xfa, 0xc9, 0xfa, 0xc9, 0xfa,
    0xc9, 0xfa, 0xc9, 0xfa, 0xc9, 0xfa, 0xc9, 0xfa, 0xc9, 0xfa, 0xc9, 0xfa,
    0xc9, 0xfa, 0xc9, 0xfa, 0xc9, 0xfa, 0xc9, 0xfa, 0xc9, 0xfa, 0xc9, 0xfa,
    0xc9, 0xfa, 0xc9, 0xfa, 0xc9, 0xfa, 0xc9, 0xfa, 0xc8, 0xfa, 0xc9, 0xfa,
    0xc9, 0xfa, 0xc8, 0xfa, 0xc9, 0xfa, 0xc9, 0xfa, 0xc8, 0xfa, 0xc9, 0xfa,
    0xc9, 0xfa, 0xc8, 0xfa, 0xc9, 0xfa, 0xc9, 0xfa, 0x6c, 0xc3, 0x00, 0x40,
    0x00, 0x08, 0x20, 0x08, 0x00, 0x08, 0x00, 0x08, 0x20, 0x00, 0xff, 0xff,
    0xff, 0xff, 0xff, 0xff, 0xff, 0xff, 0xff, 0xff, 0xff, 0xff, 0xff, 0xff,
    0xff, 0xff, 0xff, 0xff, 0xff, 0xff, 0xff, 0xff, 0xff, 0xff, 0xff, 0xff,
    0xff, 0xff, 0xff, 0xff, 0xff, 0xff, 0xff, 0xff, 0xff, 0xff, 0xff, 0xff,
    0x00, 0x08, 0x00, 0x08, 0x22, 0x99, 0x2a, 0xdb, 0xc9, 0xfa, 0xc9, 0xfa,
    0xc9, 0xfa, 0xc9, 0xfa, 0xc9, 0xfa, 0xc9, 0xfa, 0xc9, 0xfa, 0xc9, 0xfa,
    0xc9, 0xfa, 0xc9, 0xfa, 0xc9, 0xfa, 0xc9, 0xfa, 0xc9, 0xfa, 0xc9, 0xfa,
    0xc9, 0xfa, 0xc9, 0xfa, 0xc9, 0xfa, 0xc9, 0xfa, 0xc9, 0xfa, 0xc8, 0xfa,
    0xc9, 0xfa, 0xc9, 0xfa, 0xc9, 0xfa, 0xc9, 0xfa, 0xc9, 0xfa, 0xc9, 0xfa,
    0x20, 0x08, 0x00, 0x08, 0x00, 0x08, 0x00, 0x08, 0x20, 0x00, 0x00, 0x08,
    0xff, 0xff, 0xff, 0xff, 0xff, 0xff, 0xff, 0xff, 0xff, 0xff, 0xff, 0xff,
    0xff, 0xff, 0xff, 0xff, 0xff, 0xff, 0xff, 0xff, 0xff, 0xff, 0xff, 0xff,
    0xff, 0xff, 0xff, 0xff, 0xff, 0xff, 0xff, 0xff, 0xff, 0xff, 0xff, 0xff,
    0xff, 0xff, 0x20, 0x00, 0x00, 0x20, 0xc6, 0x59, 0xc9, 0xfa, 0xc9, 0xfa,
    0xc9, 0xfa, 0xc9, 0xfa, 0xc9, 0xfa, 0xc9, 0xfa, 0xc9, 0xfa, 0xc8, 0xfa,
    0xc9, 0xfa, 0xc9, 0xfa, 0xc9, 0xfa, 0xc9, 0xfa, 0xc9, 0xfa, 0xc9, 0xfa,
    0xc9, 0xfa, 0xc9, 0xfa, 0xc9, 0xfa, 0xc9, 0xfa, 0xc9, 0xfa, 0xc9, 0xfa,
    0xc9, 0xfa, 0xc9, 0xfa, 0xc8, 0xfa, 0xc9, 0xfa, 0xc9, 0xfa, 0xc9, 0xfa,
    0x8c, 0xc3, 0x00, 0x50, 0x20, 0x08, 0x00, 0x00, 0x20, 0x08, 0x00, 0x08,
    0x20, 0x00, 0xff, 0xff, 0xff, 0xff, 0xff, 0xff, 0xff, 0xff, 0xff, 0xff,
    0xff, 0xff, 0x20, 0x00, 0x00, 0x50, 0x6c, 0xcb, 0xc9, 0xfa, 0xc9, 0xfa,
    0xc9, 0xfa, 0xc8, 0xfa, 0xc9, 0xfa, 0xc9, 0xfa, 0xc9, 0xfa, 0xc8, 0xfa,
    0xc9, 0xfa, 0xc9, 0xfa, 0xc9, 0xfa, 0xc9, 0xfa, 0xc9, 0xfa, 0xc9, 0xfa,
    0xc9, 0xfa, 0xc9, 0xfa, 0xc9, 0xfa, 0xc9, 0xfa, 0xc9, 0xfa, 0xc9, 0xfa,
    0xc9, 0xfa, 0xc9, 0xfa, 0xc9, 0xfa, 0xc9, 0xfa, 0xc9, 0xfa, 0xc9, 0xfa,
    0xc9, 0xfa, 0xc9, 0xfa, 0xc9, 0xfa, 0xc9, 0xfa, 0xc9, 0xfa, 0xc9, 0xfa,
    0xc9, 0xfa, 0xc9, 0xfa, 0xc9, 0xfa, 0xc9, 0xfa, 0xc9, 0xfa, 0xc9, 0xfa,
    0xc9, 0xfa, 0xc9, 0xfa, 0xc9, 0xfa, 0xc9, 0xfa, 0xc9, 0xfa, 0xc9, 0xfa,
    0xc9, 0xfa, 0xc9, 0xfa, 0xc9, 0xfa, 0xc9, 0xfa, 0xc9, 0xfa, 0xc9, 0xfa,
    0xc9, 0xfa, 0xc8, 0xfa, 0xc9, 0xfa, 0xc9, 0xfa, 0xc9, 0xfa, 0xc9, 0xfa,
    0xc9, 0xfa, 0xc9, 0xfa, 0xc9, 0xfa, 0xc9, 0xfa, 0xc9, 0xfa, 0xc8, 0xfa,
    0xc9, 0xfa, 0xc9, 0xfa, 0xc9, 0xfa, 0xc9, 0xfa, 0xc9, 0xfa, 0xc9, 0xfa,
    0xc9, 0xfa, 0xc9, 0xfa, 0xc9, 0xfa, 0xc9, 0xfa, 0xc9, 0xfa, 0xc9, 0xfa,
    0xc9, 0xfa, 0xc9, 0xfa, 0xc9, 0xfa, 0xc9, 0xfa, 0xc9, 0xfa, 0xc9, 0xfa,
    0x2b, 0xe3, 0x02, 0x99, 0x00, 0x08, 0x00, 0x00, 0x20, 0x08, 0x00, 0x00,
    0x00, 0x08, 0x20, 0x00, 0xff, 0xff, 0xff, 0xff, 0xff, 0xff, 0xff, 0xff,
    0xff, 0xff, 0x21, 0x00, 0x20, 0x30, 0xaa, 0x9a, 0xc9, 0xfa, 0xc9, 0xfa,
    0xc9, 0xfa, 0xc9, 0xfa, 0xc9, 0xfa, 0xc9, 0xfa, 0xc9, 0xfa, 0xc9, 0xfa,
    0xc9, 0xfa, 0xc9, 0xfa, 0xc9, 0xfa, 0xc8, 0xfa, 0xc9, 0xfa, 0xc9, 0xfa,
    0xc9, 0xfa, 0xc9, 0xfa, 0xc9, 0xfa, 0xc9, 0xfa, 0xc9, 0xfa, 0xc9, 0xfa,
    0xc9, 0xfa, 0xc9, 0xfa, 0xc9, 0xfa, 0xc9, 0xfa, 0xc9, 0xfa, 0xc9, 0xfa,
    0xc9, 0xfa, 0xc9, 0xfa, 0xc9, 0xfa, 0xc9, 0xfa, 0xc9, 0xfa, 0xc9, 0xfa,
    0xc9, 0xfa, 0xc9, 0xfa, 0xc9, 0xfa, 0xc9, 0xfa, 0xc9, 0xfa, 0xc9, 0xfa,
    0xc9, 0xfa, 0xc9, 0xfa, 0xc9, 0xfa, 0xc9, 0xfa, 0xc9, 0xfa, 0xc8, 0xfa,
    0xc9, 0xfa, 0xc9, 0xfa, 0xc9, 0xfa, 0xc9, 0xfa, 0xc9, 0xfa, 0xc9, 0xfa,
    0xc9, 0xfa, 0xc9, 0xfa, 0xc9, 0xfa, 0xc9, 0xfa, 0xc9, 0xfa, 0xc9, 0xfa,
    0xc9, 0xfa, 0xc9, 0xfa, 0xc9, 0xfa, 0xc9, 0xfa, 0xc9, 0xfa, 0xc9, 0xfa,
    0xc9, 0xfa, 0xc9, 0xfa, 0xc9, 0xfa, 0xc9, 0xfa, 0xc9, 0xfa, 0xc9, 0xfa,
    0x41, 0x18, 0x00, 0x10, 0x00, 0x00, 0x20, 0x08, 0x00, 0x08, 0x00, 0x08,
    0xff, 0xff, 0xff, 0xff, 0xff, 0xff, 0xff, 0xff, 0xff, 0xff, 0xff, 0xff,
    0xff, 0xff, 0xff, 0xff, 0xff, 0xff, 0xff, 0xff, 0xff, 0xff, 0xff, 0xff,
    0xff, 0xff, 0xff, 0xff, 0xff, 0xff, 0xff, 0xff, 0xff, 0xff, 0xff, 0xff,
    0xff, 0xff, 0xff, 0xff, 0xff, 0xff, 0xff, 0xff, 0xff, 0xff, 0xff, 0xff,
    0xff, 0xff, 0xff, 0xff, 0xff, 0xff, 0xff, 0xff, 0xff, 0xff, 0xff, 0xff,
    0xff, 0xff, 0xff, 0xff, 0xff, 0xff, 0xff, 0xff, 0xff, 0xff, 0xff, 0xff,
    0xff, 0xff, 0xff, 0xff, 0xff, 0xff, 0xff, 0xff, 0xff, 0xff, 0x00, 0x10,
    0x61, 0x18, 0xc9, 0xfa, 0xc8, 0xfa, 0xc9, 0xfa, 0xc9, 0xfa, 0xc9, 0xfa,
    0xc9, 0xfa, 0xc9, 0xfa, 0xc9, 0xfa, 0xc9, 0xfa, 0xc9, 0xfa, 0xc9, 0xfa,
    0xc9, 0xfa, 0xc9, 0xfa, 0xc9, 0xfa, 0xc9, 0xfa, 0xc9, 0xfa, 0xc9, 0xfa,
    0xc9, 0xfa, 0xc9, 0xfa, 0xc9, 0xfa, 0xc9, 0xfa, 0xc9, 0xfa, 0xc9, 0xfa,
    0xc9, 0xfa, 0xc9, 0xfa, 0xc9, 0xfa, 0xc9, 0xfa, 0xc9, 0xfa, 0xc9, 0xfa,
    0xc9, 0xfa, 0xc9, 0xfa, 0xc9, 0xfa, 0xc9, 0xfa, 0xc9, 0xfa, 0xc9, 0xfa,
    0xc9, 0xfa, 0xc9, 0xfa, 0xc9, 0xfa, 0xc9, 0xfa, 0xc9, 0xfa, 0xc9, 0xfa,
    0xc9, 0xfa, 0xc9, 0xfa, 0xc9, 0xfa, 0xc9, 0xfa, 0xc9, 0xfa, 0xc9, 0xfa,
    0xc9, 0xfa, 0xc9, 0xfa, 0xc9, 0xfa, 0xc9, 0xfa, 0xc9, 0xfa, 0xc9, 0xfa,
    0xc9, 0xfa, 0x8c, 0xc3, 0x00, 0x40, 0x00, 0x08, 0x00, 0x08, 0x20, 0x00,
    0x00, 0x08, 0x20, 0x00, 0xff, 0xff, 0xff, 0xff, 0xff, 0xff, 0xff, 0xff,
    0xff, 0xff, 0xff, 0xff, 0xff, 0xff, 0xff, 0xff, 0xff, 0xff, 0xff, 0xff,
    0xff, 0xff, 0xff, 0xff, 0xff, 0xff, 0xff, 0xff, 0xff, 0xff, 0xff, 0xff,
    0xff, 0xff, 0xff, 0xff, 0xff, 0xff, 0x20, 0x08, 0x00, 0x08, 0x03, 0x99,
    0x2a, 0xe3, 0xc9, 0xfa, 0xc9, 0xfa, 0xc9, 0xfa, 0xc8, 0xfa, 0xc9, 0xfa,
    0xc9, 0xfa, 0xc8, 0xfa, 0xc9, 0xfa, 0xc9, 0xfa, 0xc9, 0xfa, 0xc8, 0xfa,
    0xc9, 0xfa, 0xc9, 0xfa, 0xc9, 0xfa, 0xc9, 0xfa, 0xc9, 0xfa, 0xc9, 0xfa,
    0xc9, 0xfa, 0xc9, 0xfa, 0xc9, 0xfa, 0xc9, 0xfa, 0xc9, 0xfa, 0xc9, 0xfa,
    0xc9, 0xfa, 0xc9, 0xfa, 0xc9, 0xfa, 0x20, 0x08, 0x00, 0x08, 0x00, 0x08,
    0x00, 0x00, 0x00, 0x08, 0x20, 0x08, 0xff, 0xff, 0xff, 0xff, 0xff, 0xff,
    0xff, 0xff, 0xff, 0xff, 0xff, 0xff, 0xff, 0xff, 0xff, 0xff, 0xff, 0xff,
    0xff, 0xff, 0xff, 0xff, 0xff, 0xff, 0xff, 0xff, 0xff, 0xff, 0xff, 0xff,
    0xff, 0xff, 0xff, 0xff, 0xff, 0xff, 0xff, 0xff, 0x21, 0x00, 0x00, 0x20,
    0xc6, 0x59, 0xc9, 0xfa, 0xc9, 0xfa, 0xc9, 0xfa, 0xc9, 0xfa, 0xc9, 0xfa,
    0xc9, 0xfa, 0xc9, 0xfa, 0xc9, 0xfa, 0xc9, 0xfa, 0xc9, 0xfa, 0xc8, 0xfa,
    0xc9, 0xfa, 0xc9, 0xfa, 0xc8, 0xfa, 0xc9, 0xfa, 0xc9, 0xfa, 0xc8, 0xfa,
    0xc9, 0xfa, 0xc9, 0xfa, 0xc8, 0xfa, 0xc9, 0xfa, 0xc9, 0xfa, 0xc9, 0xfa,
    0xc9, 0xfa, 0xc9, 0xfa, 0xc9, 0xfa, 0x6c, 0xcb, 0x00, 0x50, 0x00, 0x08,
    0x00, 0x08, 0x00, 0x08, 0x20, 0x08, 0x21, 0x00, 0xff, 0xff, 0xff, 0xff,
    0xff, 0xff, 0xff, 0xff, 0xff, 0xff, 0xff, 0xff, 0x21, 0x08, 0x00, 0x50,
    0x8c, 0xcb, 0xc9, 0xfa, 0xc9, 0xfa, 0xc9, 0xfa, 0xc9, 0xfa, 0xc9, 0xfa,
    0xc9, 0xfa, 0xc9, 0xfa, 0xc9, 0xfa, 0xc9, 0xfa, 0xc9, 0xfa, 0xc8, 0xfa,
    0xc9, 0xfa, 0xc9, 0xfa, 0xc9, 0xfa, 0xc9, 0xfa, 0xc8, 0xfa, 0xc9, 0xfa,
    0xc9, 0xfa, 0xc8, 0xfa, 0xc9, 0xfa, 0xc9, 0xfa, 0xc8, 0xfa, 0xc9, 0xfa,
    0xc9, 0xfa, 0xc9, 0xfa, 0xc8, 0xfa, 0xc9, 0xfa, 0xc9, 0xfa, 0xc9, 0xfa,
    0xc9, 0xfa, 0xc8, 0xfa, 0xc9, 0xfa, 0xc9, 0xfa, 0xc9, 0xfa, 0xc9, 0xfa,
    0xc9, 0xfa, 0xc8, 0xfa, 0xc9, 0xfa, 0xc9, 0xfa, 0xc9, 0xfa, 0xc8, 0xfa,
    0xc9, 0xfa, 0xc9, 0xfa, 0xc8, 0xfa, 0xc9, 0xfa, 0xc9, 0xfa, 0xc8, 0xfa,
    0xc9, 0xfa, 0xc9, 0xfa, 0xc8, 0xfa, 0xc9, 0xfa, 0xc9, 0xfa, 0xc9, 0xfa,
    0xc9, 0xfa, 0xc8, 0xfa, 0xc9, 0xfa, 0xc9, 0xfa, 0xc8, 0xfa, 0xc9, 0xfa,
    0xc9, 0xfa, 0xc9, 0xfa, 0xc9, 0xfa, 0xc9, 0xfa, 0xc9, 0xfa, 0xc8, 0xfa,
    0xc9, 0xfa, 0xc9, 0xfa, 0xc9, 0xfa, 0xc8, 0xfa, 0xc9, 0xfa, 0xc9, 0xfa,
    0xc9, 0xfa, 0xc9, 0xfa, 0xc9, 0xfa, 0xc8, 0xfa, 0xc9, 0xfa, 0xc9, 0xfa,
    0xc9, 0xfa, 0xc9, 0xfa, 0xc9, 0xfa, 0x2a, 0xe3, 0x03, 0x99, 0x00, 0x08,
    0x20, 0x08, 0x00, 0x08, 0x00, 0x08, 0x00, 0x08, 0x00, 0x08, 0xff, 0xff,
    0xff, 0xff, 0xff, 0xff, 0xff, 0xff, 0xff, 0xff, 0x21, 0x00, 0x20, 0x30,
    0xa9, 0x92, 0xc9, 0xfa, 0xc9, 0xfa, 0xc9, 0xfa, 0xc8, 0xfa, 0xc9, 0xfa,
    0xc9, 0xfa, 0xc8, 0xfa, 0xc9, 0xfa, 0xc9, 0xfa, 0xc9, 0xfa, 0xc9, 0xfa,
    0xc9, 0xfa, 0xc9, 0xfa, 0xc9, 0xfa, 0xc9, 0xfa, 0xc9, 0xfa, 0xc8, 0xfa,
    0xc9, 0xfa, 0xc9, 0xfa, 0xc9, 0xfa, 0xc9, 0xfa, 0xc9, 0xfa, 0xc9, 0xfa,
    0xc9, 0xfa, 0xc9, 0xfa, 0xc9, 0xfa, 0xc9, 0xfa, 0xc9, 0xfa, 0xc9, 0xfa,
    0xc9, 0xfa, 0xc9, 0xfa, 0xc9, 0xfa, 0xc9, 0xfa, 0xc9, 0xfa, 0xc9, 0xfa,
    0xc9, 0xfa, 0xc9, 0xfa, 0xc9, 0xfa, 0xc9, 0xfa, 0xc9, 0xfa, 0xc9, 0xfa,
    0xc9, 0xfa, 0xc9, 0xfa, 0xc9, 0xfa, 0xc9, 0xfa, 0xc8, 0xfa, 0xc9, 0xfa,
    0xc9, 0xfa, 0xc9, 0xfa, 0xc9, 0xfa, 0xc9, 0xfa, 0xc9, 0xfa, 0xc8, 0xfa,
    0xc9, 0xfa, 0xc9, 0xfa, 0xc9, 0xfa, 0xc9, 0xfa, 0xc9, 0xfa, 0xc8, 0xfa,
    0xc9, 0xfa, 0xc9, 0xfa, 0xc9, 0xfa, 0xc9, 0xfa, 0xc9, 0xfa, 0xc9, 0xfa,
    0xc9, 0xfa, 0xc9, 0xfa, 0xc9, 0xfa, 0x61, 0x18, 0x00, 0x10, 0x00, 0x00,
    0x00, 0x08, 0x00, 0x08, 0x00, 0x00, 0xff, 0xff, 0xff, 0xff, 0xff, 0xff,
    0xff, 0xff, 0xff, 0xff, 0xff, 0xff, 0xff, 0xff, 0xff, 0xff, 0xff, 0xff,
    0xff, 0xff, 0xff, 0xff, 0xff, 0xff, 0xff, 0xff, 0xff, 0xff, 0xff, 0xff,
    0xff, 0xff, 0xff, 0xff, 0xff, 0xff, 0xff, 0xff, 0xff, 0xff, 0xff, 0xff,
    0xff, 0xff, 0xff, 0xff, 0xff, 0xff, 0xff, 0xff, 0xff, 0xff, 0xff, 0xff,
    0xff, 0xff, 0xff, 0xff, 0xff, 0xff, 0xff, 0xff, 0xff, 0xff, 0xff, 0xff,
    0xff, 0xff, 0xff, 0xff, 0xff, 0xff, 0xff, 0xff, 0xff, 0xff, 0xff, 0xff,
    0xff, 0xff, 0xff, 0xff, 0x00, 0x10, 0x61, 0x10, 0xc9, 0xfa, 0xc9, 0xfa,
    0xc9, 0xfa, 0xc9, 0xfa, 0xc8, 0xfa, 0xc9, 0xfa, 0xc9, 0xfa, 0xc8, 0xfa,
    0xc9, 0xfa, 0xc9, 0xfa, 0xc8, 0xfa, 0xc9, 0xfa, 0xc9, 0xfa, 0xc8, 0xfa,
    0xc9, 0xfa, 0xc9, 0xfa, 0xc8, 0xfa, 0xc9, 0xfa, 0xc9, 0xfa, 0xc8, 0xfa,
    0xc9, 0xfa, 0xc9, 0xfa, 0xc8, 0xfa, 0xc9, 0xfa, 0xc9, 0xfa, 0xc8, 0xfa,
    0xc9, 0xfa, 0xc9, 0xfa, 0xc8, 0xfa, 0xc9, 0xfa, 0xc9, 0xfa, 0xc8, 0xfa,
    0xc9, 0xfa, 0xc9, 0xfa, 0xc8, 0xfa, 0xc9, 0xfa, 0xc9, 0xfa, 0xc8, 0xfa,
    0xc9, 0xfa, 0xc9, 0xfa, 0xc8, 0xfa, 0xc9, 0xfa, 0xc9, 0xfa, 0xc9, 0xfa,
    0xc9, 0xfa, 0xc9, 0xfa, 0xc8, 0xfa, 0xc9, 0xfa, 0xc9, 0xfa, 0xc9, 0xfa,
    0xc9, 0xfa, 0xc9, 0xfa, 0xc9, 0xfa, 0xc9, 0xfa, 0x8c, 0xcb, 0x00, 0x40,
    0x00, 0x08, 0x00, 0x08, 0x00, 0x08, 0x20, 0x08, 0x21, 0x00, 0xff, 0xff,
    0xff, 0xff, 0xff, 0xff, 0xff, 0xff, 0xff, 0xff, 0xff, 0xff, 0xff, 0xff,
    0xff, 0xff, 0xff, 0xff, 0xff, 0xff, 0xff, 0xff, 0xff, 0xff, 0xff, 0xff,
    0xff, 0xff, 0xff, 0xff, 0xff, 0xff, 0xff, 0xff, 0xff, 0xff, 0xff, 0xff,
    0x00, 0x00, 0x00, 0x08, 0x02, 0x99, 0x2b, 0xe3, 0xc9, 0xfa, 0xc9, 0xfa,
    0xc9, 0xfa, 0xc9, 0xfa, 0xc9, 0xfa, 0xc9, 0xfa, 0xc9, 0xfa, 0xc9, 0xfa,
    0xc9, 0xfa, 0xc9, 0xfa, 0xc9, 0xfa, 0xc9, 0xfa, 0xc8, 0xfa, 0xc9, 0xfa,
    0xc9, 0xfa, 0xc8, 0xfa, 0xc9, 0xfa, 0xc9, 0xfa, 0xc8, 0xfa, 0xc9, 0xfa,
    0xc9, 0xfa, 0xc8, 0xfa, 0xc9, 0xfa, 0xc9, 0xfa, 0xc8, 0xfa, 0xc9, 0xfa,
    0x20, 0x08, 0x00, 0x08, 0x00, 0x08, 0x00, 0x08, 0x00, 0x08, 0x00, 0x00,
    0xff, 0xff, 0xff, 0xff, 0xff, 0xff, 0xff, 0xff, 0xff, 0xff, 0xff, 0xff,
    0xff, 0xff, 0xff, 0xff, 0xff, 0xff, 0xff, 0xff, 0xff, 0xff, 0xff, 0xff,
    0xff, 0xff, 0xff, 0xff, 0xff, 0xff, 0xff, 0xff, 0xff, 0xff, 0xff, 0xff,
    0xff, 0xff, 0x20, 0x08, 0x00, 0x20, 0xe6, 0x59, 0xc9, 0xfa, 0xc9, 0xfa,
    0xc9, 0xfa, 0xc9, 0xfa, 0xc8, 0xfa, 0xc9, 0xfa, 0xc9, 0xfa, 0xc9, 0xfa,
    0xc9, 0xfa, 0xc9, 0xfa, 0xc9, 0xfa, 0xc9, 0xfa, 0xc9, 0xfa, 0xc9, 0xfa,
    0xc9, 0xfa, 0xc9, 0xfa, 0xc9, 0xfa, 0xc9, 0xfa, 0xc9, 0xfa, 0xc9, 0xfa,
    0xc9, 0xfa, 0xc9, 0xfa, 0xc9, 0xfa, 0xc8, 0xfa, 0xc9, 0xfa, 0xc9, 0xfa,
    0x6c, 0xc3, 0x00, 0x50, 0x00, 0x08, 0x00, 0x08, 0x00, 0x00, 0x00, 0x08,
    0x20, 0x00, 0xff, 0xff, 0xff, 0xff, 0xff, 0xff, 0xff, 0xff, 0xff, 0xff,
    0xff, 0xff, 0x20, 0x00, 0x00, 0x50, 0x6c, 0xc3, 0xc9, 0xfa, 0xc9, 0xfa,
    0xc9, 0xfa, 0xc9, 0xfa, 0xc9, 0xfa, 0xc8, 0xfa, 0xc9, 0xfa, 0xc9, 0xfa,
    0xc9, 0xfa, 0xc9, 0xfa, 0xc9, 0xfa, 0xc9, 0xfa, 0xc9, 0xfa, 0xc9, 0xfa,
    0xc9, 0xfa, 0xc9, 0xfa, 0xc9, 0xfa, 0xc9, 0xfa, 0xc9, 0xfa, 0xc9, 0xfa,
    0xc9, 0xfa, 0xc9, 0xfa, 0xc9, 0xfa, 0xc9, 0xfa, 0xc9, 0xfa, 0xc9, 0xfa,
    0xc9, 0xfa, 0xc8, 0xfa, 0xc9, 0xfa, 0xc9, 0xfa, 0xc9, 0xfa, 0xc9, 0xfa,
    0xc9, 0xfa, 0xc8, 0xfa, 0xc9, 0xfa, 0xc9, 0xfa, 0xc9, 0xfa, 0xc9, 0xfa,
    0xc9, 0xfa, 0xc9, 0xfa, 0xc9, 0xfa, 0xc9, 0xfa, 0xc9, 0xfa, 0xc9, 0xfa,
    0xc9, 0xfa, 0xc9, 0xfa, 0xc9, 0xfa, 0xc9, 0xfa, 0xc9, 0xfa, 0xc9, 0xfa,
    0xc9, 0xfa, 0xc9, 0xfa, 0xc9, 0xfa, 0xc9, 0xfa, 0xc9, 0xfa, 0xc9, 0xfa,
    0xc9, 0xfa, 0xc9, 0xfa, 0xc9, 0xfa, 0xc8, 0xfa, 0xc9, 0xfa, 0xc9, 0xfa,
    0xc9, 0xfa, 0xc9, 0xfa, 0xc9, 0xfa, 0xc9, 0xfa, 0xc9, 0xfa, 0xc9, 0xfa,
    0xc9, 0xfa, 0xc9, 0xfa, 0xc9, 0xfa, 0xc8, 0xfa, 0xc9, 0xfa, 0xc9, 0xfa,
    0xc9, 0xfa, 0xc9, 0xfa, 0xc9, 0xfa, 0xc8, 0xfa, 0xc9, 0xfa, 0xc9, 0xfa,
    0x2a, 0xdb, 0x02, 0x99, 0x00, 0x00, 0x00, 0x08, 0x00, 0x08, 0x20, 0x00,
    0x00, 0x08, 0x00, 0x08, 0xff, 0xff, 0xff, 0xff, 0xff, 0xff, 0xff, 0xff,
    0xff, 0xff, 0x20, 0x08, 0x20, 0x30, 0xaa, 0x92, 0xc9, 0xfa, 0xc9, 0xfa,
    0xc9, 0xfa, 0xc9, 0xfa, 0xc9, 0xfa, 0xc9, 0xfa, 0xc9, 0xfa, 0xc9, 0xfa,
    0xc9, 0xfa, 0xc8, 0xfa, 0xc9, 0xfa, 0xc9, 0xfa, 0xc9, 0xfa, 0xc9, 0xfa,
    0xc9, 0xfa, 0xc9, 0xfa, 0xc9, 0xfa, 0xc9, 0xfa, 0xc9, 0xfa, 0xc8, 0xfa,
    0xc9, 0xfa, 0xc9, 0xfa, 0xc8, 0xfa, 0xc9, 0xfa, 0xc9, 0xfa, 0xc8, 0xfa,
    0xc9, 0xfa, 0xc9, 0xfa, 0xc8, 0xfa, 0xc9, 0xfa, 0xc9, 0xfa, 0xc8, 0xfa,
    0xc9, 0xfa, 0xc9, 0xfa, 0xc8, 0xfa, 0xc9, 0xfa, 0xc9, 0xfa, 0xc8, 0xfa,
    0xc9, 0xfa, 0xc9, 0xfa, 0xc8, 0xfa, 0xc9, 0xfa, 0xc9, 0xfa, 0xc9, 0xfa,
    0xc9, 0xfa, 0xc9, 0xfa, 0xc9, 0xfa, 0xc9, 0xfa, 0xc8, 0xfa, 0xc9, 0xfa,
    0xc9, 0xfa, 0xc9, 0xfa, 0xc9, 0xfa, 0xc9, 0xfa, 0xc9, 0xfa, 0xc8, 0xfa,
    0xc9, 0xfa, 0xc9, 0xfa, 0xc9, 0xfa, 0xc9, 0xfa, 0xc9, 0xfa, 0xc8, 0xfa,
    0xc9, 0xfa, 0xc9, 0xfa, 0xc8, 0xfa, 0xc9, 0xfa, 0xc9, 0xfa, 0xc8, 0xfa,
    0x61, 0x18, 0x00, 0x10, 0x00, 0x08, 0x20, 0x08, 0x00, 0x08, 0x00, 0x08,
    0xff, 0xff, 0xff, 0xff, 0xff, 0xff, 0xff, 0xff, 0xff, 0xff, 0xff, 0xff,
    0xff, 0xff, 0xff, 0xff, 0xff, 0xff, 0xff, 0xff, 0xff, 0xff, 0xff, 0xff,
    0xff, 0xff, 0xff, 0xff, 0xff, 0xff, 0xff, 0xff, 0xff, 0xff, 0xff, 0xff,
    0xff, 0xff, 0xff, 0xff, 0xff, 0xff, 0xff, 0xff, 0xff, 0xff, 0xff, 0xff,
    0xff, 0xff, 0xff, 0xff, 0xff, 0xff, 0xff, 0xff, 0xff, 0xff, 0xff, 0xff,
    0xff, 0xff, 0xff, 0xff, 0xff, 0xff, 0xff, 0xff, 0xff, 0xff, 0xff, 0xff,
    0xff, 0xff, 0xff, 0xff, 0xff, 0xff, 0xff, 0xff, 0xff, 0xff, 0x00, 0x10,
    0x41, 0x18, 0xc9, 0xfa, 0xc9, 0xfa, 0xc9, 0xfa, 0xc9, 0xfa, 0xc9, 0xfa,
    0xc9, 0xfa, 0xc9, 0xfa, 0xc9, 0xfa, 0xc9, 0xfa, 0xc9, 0xfa, 0xc9, 0xfa,
    0xc9, 0xfa, 0xc9, 0xfa, 0xc9, 0xfa, 0xc9, 0xfa, 0xc9, 0xfa, 0xc9, 0xfa,
    0xc9, 0xfa, 0xc9, 0xfa, 0xc9, 0xfa, 0xc9, 0xfa, 0xc9, 0xfa, 0xc9, 0xfa,
    0xc9, 0xfa, 0xc9, 0xfa, 0xc9, 0xfa, 0xc9, 0xfa, 0xc9, 0xfa, 0xc9, 0xfa,
    0xc9, 0xfa, 0xc9, 0xfa, 0xc9, 0xfa, 0xc9, 0xfa, 0xc9, 0xfa, 0xc9, 0xfa,
    0xc9, 0xfa, 0xc9, 0xfa, 0xc9, 0xfa, 0xc9, 0xfa, 0xc9, 0xfa, 0xc9, 0xfa,
    0xc9, 0xfa, 0xc8, 0xfa, 0xc9, 0xfa, 0xc9, 0xfa, 0xc9, 0xfa, 0xc9, 0xfa,
    0xc9, 0xfa, 0xc9, 0xfa, 0xc8, 0xfa, 0xc9, 0xfa, 0xc9, 0xfa, 0xc9, 0xfa,
    0xc9, 0xfa, 0x8c, 0xc3, 0x00, 0x40, 0x00, 0x08, 0x00, 0x08, 0x00, 0x00,
    0x00, 0x08, 0x20, 0x08, 0xff, 0xff, 0xff, 0xff, 0xff, 0xff, 0xff, 0xff,
    0xff, 0xff, 0xff, 0xff, 0xff, 0xff, 0xff, 0xff, 0xff, 0xff, 0xff, 0xff,
    0xff, 0xff, 0xff, 0xff, 0xff, 0xff, 0xff, 0xff, 0xff, 0xff, 0xff, 0xff,
    0xff, 0xff, 0xff, 0xff, 0xff, 0xff, 0x00, 0x08, 0x20, 0x00, 0x02, 0x99,
    0x2b, 0xdb, 0xc9, 0xfa, 0xc9, 0xfa, 0xc9, 0xfa, 0xc9, 0xfa, 0xc9, 0xfa,
    0xc9, 0xfa, 0xc9, 0xfa, 0xc8, 0xfa, 0xc9, 0xfa, 0xc9, 0xfa, 0xc9, 0xfa,
    0xc9, 0xfa, 0xc9, 0xfa, 0xc9, 0xfa, 0xc9, 0xfa, 0xc9, 0xfa, 0xc9, 0xfa,
    0xc9, 0xfa, 0xc9, 0xfa, 0xc9, 0xfa, 0xc9, 0xfa, 0xc9, 0xfa, 0xc9, 0xfa,
    0xc9, 0xfa, 0xc9, 0xfa, 0xc9, 0xfa, 0x20, 0x08, 0x00, 0x08, 0x00, 0x08,
    0x20, 0x08, 0x00, 0x00, 0x00, 0x08, 0xff, 0xff, 0xff, 0xff, 0xff, 0xff,
    0xff, 0xff, 0xff, 0xff, 0xff, 0xff, 0xff, 0xff, 0xff, 0xff, 0xff, 0xff,
    0xff, 0xff, 0xff, 0xff, 0xff, 0xff, 0xff, 0xff, 0xff, 0xff, 0xff, 0xff,
    0xff, 0xff, 0xff, 0xff, 0xff, 0xff, 0xff, 0xff, 0x21, 0x00, 0x00, 0x20,
    0xc6, 0x59, 0xc9, 0xfa, 0xc9, 0xfa, 0xc9, 0xfa, 0xc9, 0xfa, 0xc9, 0xfa,
    0xc9, 0xfa, 0xc8, 0xfa, 0xc9, 0xfa, 0xc9, 0xfa, 0xc8, 0xfa, 0xc9, 0xfa,
    0xc9, 0xfa, 0xc9, 0xfa, 0xc9, 0xfa, 0xc8, 0xfa, 0xc9, 0xfa, 0xc9, 0xfa,
    0xc9, 0xfa, 0xc8, 0xfa, 0xc9, 0xfa, 0xc9, 0xfa, 0xc9, 0xfa, 0xc9, 0xfa,
    0xc9, 0xfa, 0xc9, 0xfa, 0xc9, 0xfa, 0x6c, 0xc3, 0x00, 0x50, 0x20, 0x08,
    0x20, 0x00, 0x00, 0x08, 0x00, 0x08, 0x20, 0x00, 0xff, 0xff, 0xff, 0xff,
    0xff, 0xff, 0xff, 0xff, 0xff, 0xff, 0xff, 0xff, 0x20, 0x00, 0x00, 0x50,
    0x6c, 0xcb, 0xc9, 0xfa, 0xc9, 0xfa, 0xc9, 0xfa, 0xc9, 0xfa, 0xc9, 0xfa,
    0xc9, 0xfa, 0xc9, 0xfa, 0xc9, 0xfa, 0xc8, 0xfa, 0xc9, 0xfa, 0xc9, 0xfa,
    0xc9, 0xfa, 0xc8, 0xfa, 0xc9, 0xfa, 0xc9, 0xfa, 0xc9, 0xfa, 0xc9, 0xfa,
    0xc9, 0xfa, 0xc9, 0xfa, 0xc9, 0xfa, 0xc8, 0xfa, 0xc9, 0xfa, 0xc9, 0xfa,
    0xc8, 0xfa, 0xc9, 0xfa, 0xc9, 0xfa, 0xc9, 0xfa, 0xc9, 0xfa, 0xc9, 0xfa,
    0xc9, 0xfa, 0xc9, 0xfa, 0xc9, 0xfa, 0xc9, 0xfa, 0xc9, 0xfa, 0xc9, 0xfa,
    0xc9, 0xfa, 0xc9, 0xfa, 0xc9, 0xfa, 0xc8, 0xfa, 0xc9, 0xfa, 0xc9, 0xfa,
    0xc9, 0xfa, 0xc9, 0xfa, 0xc9, 0xfa, 0xc9, 0xfa, 0xc8, 0xfa, 0xc9, 0xfa,
    0xc9, 0xfa, 0xc9, 0xfa, 0xc9, 0xfa, 0xc9, 0xfa, 0xc8, 0xfa, 0xc9, 0xfa,
    0xc9, 0xfa, 0xc9, 0xfa, 0xc9, 0xfa, 0xc9, 0xfa, 0xc9, 0xfa, 0xc9, 0xfa,
    0xc9, 0xfa, 0xc9, 0xfa, 0xc9, 0xfa, 0xc8, 0xfa, 0xc9, 0xfa, 0xc9, 0xfa,
    0xc9, 0xfa, 0xc8, 0xfa, 0xc9, 0xfa, 0xc9, 0xfa, 0xc9, 0xfa, 0xc9, 0xfa,
    0xc9, 0xfa, 0xc9, 0xfa, 0xc9, 0xfa, 0xc9, 0xfa, 0xc9, 0xfa, 0xc9, 0xfa,
    0xc9, 0xfa, 0xc9, 0xfa, 0xc9, 0xfa, 0x2a, 0xe3, 0x02, 0x99, 0x00, 0x08,
    0x20, 0x00, 0x00, 0x08, 0x00, 0x08, 0x20, 0x00, 0x00, 0x08, 0xff, 0xff,
    0xff, 0xff, 0xff, 0xff, 0xff, 0xff, 0xff, 0xff, 0x20, 0x00, 0x20, 0x30,
    0xaa, 0x9a, 0xc9, 0xfa, 0xc9, 0xfa, 0xc9, 0xfa, 0xc9, 0xfa, 0xc9, 0xfa,
    0xc9, 0xfa, 0xc9, 0xfa, 0xc9, 0xfa, 0xc9, 0xfa, 0xc9, 0xfa, 0xc9, 0xfa,
    0xc9, 0xfa, 0xc8, 0xfa, 0xc9, 0xfa, 0xc9, 0xfa, 0xc8, 0xfa, 0xc9, 0xfa,
    0xc9, 0xfa, 0xc9, 0xfa, 0xc9, 0xfa, 0xc9, 0xfa, 0xc9, 0xfa, 0xc9, 0xfa,
    0xc9, 0xfa, 0xc9, 0xfa, 0xc9, 0xfa, 0xc9, 0xfa, 0xc9, 0xfa, 0xc9, 0xfa,
    0xc9, 0xfa, 0xc9, 0xfa, 0xc9, 0xfa, 0xc9, 0xfa, 0xc9, 0xfa, 0xc9, 0xfa,
    0xc9, 0xfa, 0xc9, 0xfa, 0xc9, 0xfa, 0xc9, 0xfa, 0xc9, 0xfa, 0xc9, 0xfa,
    0xc9, 0xfa, 0xc9, 0xfa, 0xc8, 0xfa, 0xc9, 0xfa, 0xc9, 0xfa, 0xc9, 0xfa,
    0xc9, 0xfa, 0xc9, 0xfa, 0xc9, 0xfa, 0xc8, 0xfa, 0xc9, 0xfa, 0xc9, 0xfa,
    0xc9, 0xfa, 0xc9, 0xfa, 0xc9, 0xfa, 0xc9, 0xfa, 0xc9, 0xfa, 0xc9, 0xfa,
    0xc9, 0xfa, 0xc9, 0xfa, 0xc9, 0xfa, 0xc9, 0xfa, 0xc9, 0xfa, 0xc9, 0xfa,
    0xc9, 0xfa, 0xc9, 0xfa, 0xc9, 0xfa, 0x61, 0x10, 0x00, 0x10, 0x00, 0x08,
    0x00, 0x00, 0x20, 0x08, 0x00, 0x08, 0xff, 0xff, 0xff, 0xff, 0xff, 0xff,
    0xff, 0xff, 0xff, 0xff, 0xff, 0xff, 0xff, 0xff, 0xff, 0xff, 0xff, 0xff,
    0xff, 0xff, 0xff, 0xff, 0xff, 0xff, 0xff, 0xff, 0xff, 0xff, 0xff, 0xff,
    0xff, 0xff, 0xff, 0xff, 0xff, 0xff, 0xff, 0xff, 0xff, 0xff, 0xff, 0xff,
    0xff, 0xff, 0xff, 0xff, 0xff, 0xff, 0xff, 0xff, 0xff, 0xff, 0xff, 0xff,
    0xff, 0xff, 0xff, 0xff, 0x20, 0x00, 0x20, 0x00, 0x20, 0x00, 0x20, 0x00,
    0x20, 0x00, 0x20, 0x00, 0x20, 0x00, 0x20, 0x00, 0x20, 0x00, 0x20, 0x00,
    0x20, 0x00, 0x20, 0x00, 0x00, 0x10, 0x41, 0x18, 0xc9, 0xfa, 0xc8, 0xfa,
    0xc9, 0xfa, 0xc9, 0xfa, 0xc9, 0xfa, 0xc9, 0xfa, 0xc8, 0xfa, 0xc9, 0xfa,
    0xc9, 0xfa, 0xc9, 0xfa, 0xc9, 0xfa, 0xc8, 0xfa, 0xc9, 0xfa, 0xc9, 0xfa,
    0xc9, 0xfa, 0xc9, 0xfa, 0xc9, 0xfa, 0xc8, 0xfa, 0xc9, 0xfa, 0xc9, 0xfa,
    0xc9, 0xfa, 0xc9, 0xfa, 0xc9, 0xfa, 0xc8, 0xfa, 0xc9, 0xfa, 0xc9, 0xfa,
    0xc9, 0xfa, 0xc9, 0xfa, 0xc9, 0xfa, 0xc8, 0xfa, 0xc9, 0xfa, 0xc9, 0xfa,
    0xc9, 0xfa, 0xc9, 0xfa, 0xc9, 0xfa, 0xc8, 0xfa, 0xc9, 0xfa, 0xc9, 0xfa,
    0xc9, 0xfa, 0xc9, 0xfa, 0xc9, 0xfa, 0xc9, 0xfa, 0xc9, 0xfa, 0xc9, 0xfa,
    0xc9, 0xfa, 0xc8, 0xfa, 0xc9, 0xfa, 0xc9, 0xfa, 0xc9, 0xfa, 0xc9, 0xfa,
    0xc9, 0xfa, 0xc8, 0xfa, 0xc9, 0xfa, 0xc9, 0xfa, 0x6d, 0xc3, 0x00, 0x40,
    0x00, 0x08, 0x20, 0x08, 0x00, 0x00, 0x00, 0x08, 0x20, 0x08, 0x20, 0x00,
    0x20, 0x00, 0x21, 0x00, 0x20, 0x00, 0x20, 0x00, 0x21, 0x00, 0x20, 0x00,
    0x20, 0x00, 0xff, 0xff, 0xff, 0xff, 0xff, 0xff, 0xff, 0xff, 0xff, 0xff,
    0xff, 0xff, 0xff, 0xff, 0xff, 0xff, 0xff, 0xff, 0xff, 0xff, 0xff, 0xff,
    0x00, 0x08, 0x00, 0x08, 0x02, 0x99, 0x2a, 0xe3, 0xc9, 0xfa, 0xc9, 0xfa,
    0xc8, 0xfa, 0xc9, 0xfa, 0xc9, 0xfa, 0xc8, 0xfa, 0xc9, 0xfa, 0xc9, 0xfa,
    0xc9, 0xfa, 0xc9, 0xfa, 0xc8, 0xfa, 0xc9, 0xfa, 0xc9, 0xfa, 0xc9, 0xfa,
    0xc9, 0xfa, 0xc9, 0xfa, 0xc9, 0xfa, 0xc9, 0xfa, 0xc9, 0xfa, 0xc9, 0xfa,
    0xc9, 0xfa, 0xc9, 0xfa, 0xc9, 0xfa, 0xc9, 0xfa, 0xc9, 0xfa, 0xc9, 0xfa,
    0x20, 0x08, 0x00, 0x08, 0x00, 0x08, 0x00, 0x08, 0x20, 0x08, 0x00, 0x08,
    0xff, 0xff, 0xff, 0xff, 0xff, 0xff, 0xff, 0xff, 0xff, 0xff, 0xff, 0xff,
    0xff, 0xff, 0xff, 0xff, 0xff, 0xff, 0xff, 0xff, 0xff, 0xff, 0xff, 0xff,
    0xff, 0xff, 0xff, 0xff, 0xff, 0xff, 0xff, 0xff, 0xff, 0xff, 0xff, 0xff,
    0xff, 0xff, 0x20, 0x00, 0x00, 0x20, 0xc6, 0x59, 0xc9, 0xfa, 0xc9, 0xfa,
    0xc9, 0xfa, 0xc9, 0xfa, 0xc9, 0xfa, 0xc9, 0xfa, 0xc9, 0xfa, 0xc9, 0xfa,
    0xc9, 0xfa, 0xc9, 0xfa, 0xc9, 0xfa, 0xc9, 0xfa, 0xc8, 0xfa, 0xc9, 0xfa,
    0xc9, 0xfa, 0xc9, 0xfa, 0xc9, 0xfa, 0xc9, 0xfa, 0xc9, 0xfa, 0xc9, 0xfa,
    0xc9, 0xfa, 0xc8, 0xfa, 0xc9, 0xfa, 0xc9, 0xfa, 0xc9, 0xfa, 0xc9, 0xfa,
    0x6c, 0xcb, 0x00, 0x50, 0x00, 0x08, 0x00, 0x08, 0x20, 0x08, 0x00, 0x08,
    0x21, 0x00, 0xff, 0xff, 0xff, 0xff, 0xff, 0xff, 0xff, 0xff, 0xff, 0xff,
    0xff, 0xff, 0x21, 0x08, 0x00, 0x50, 0x6c, 0xc3, 0xc9, 0xfa, 0xc9, 0xfa,
    0xc9, 0xfa, 0xc8, 0xfa, 0xc9, 0xfa, 0xc9, 0xfa, 0xc9, 0xfa, 0xc9, 0xfa,
    0xc9, 0xfa, 0xc9, 0xfa, 0xc9, 0xfa, 0xc9, 0xfa, 0xc9, 0xfa, 0xc9, 0xfa,
    0xc8, 0xfa, 0xc9, 0xfa, 0xc9, 0xfa, 0xc8, 0xfa, 0xc9, 0xfa, 0xc9, 0xfa,
    0xc9, 0xfa, 0xc9, 0xfa, 0xc9, 0xfa, 0xc9, 0xfa, 0xc9, 0xfa, 0xc9, 0xfa,
    0xc9, 0xfa, 0xc9, 0xfa, 0xc9, 0xfa, 0xc8, 0xfa, 0xc9, 0xfa, 0xc9, 0xfa,
    0xc8, 0xfa, 0xc9, 0xfa, 0xc9, 0xfa, 0xc8, 0xfa, 0xc9, 0xfa, 0xc9, 0xfa,
    0xc9, 0xfa, 0xc9, 0xfa, 0xc9, 0xfa, 0xc8, 0xfa, 0xc9, 0xfa, 0xc9, 0xfa,
    0xc9, 0xfa, 0xc9, 0xfa, 0xc9, 0xfa, 0xc9, 0xfa, 0xc8, 0xfa, 0xc9, 0xfa,
    0xc9, 0xfa, 0xc9, 0xfa, 0xc9, 0xfa, 0xc9, 0xfa, 0xc8, 0xfa, 0xc9, 0xfa,
    0xc9, 0xfa, 0xc8, 0xfa, 0xc9, 0xfa, 0xc9, 0xfa, 0xc9, 0xfa, 0xc9, 0xfa,
    0xc9, 0xfa, 0xc9, 0xfa, 0xc9, 0xfa, 0xc9, 0xfa, 0xc9, 0xfa, 0xc9, 0xfa,
    0xc9, 0xfa, 0xc8, 0xfa, 0xc9, 0xfa, 0xc9, 0xfa, 0xc9, 0xfa, 0xc8, 0xfa,
    0xc9, 0xfa, 0xc9, 0xfa, 0xc9, 0xfa, 0xc9, 0xfa, 0xc9, 0xfa, 0xc9, 0xfa,
    0x2b, 0xe3, 0x02, 0x99, 0x00, 0x08, 0x20, 0x08, 0x00, 0x08, 0x00, 0x08,
    0x00, 0x00, 0x00, 0x08, 0xff, 0xff, 0xff, 0xff, 0xff, 0xff, 0xff, 0xff,
    0xff, 0xff, 0x21, 0x00, 0x20, 0x30, 0xa9, 0x92, 0xc9, 0xfa, 0xc9, 0xfa,
    0xc8, 0xfa, 0xc9, 0xfa, 0xc9, 0xfa, 0xc8, 0xfa, 0xc9, 0xfa, 0xc9, 0xfa,
    0xc8, 0xfa, 0xc9, 0xfa, 0xc9, 0xfa, 0xc9, 0xfa, 0xc9, 0xfa, 0xc9, 0xfa,
    0xc9, 0xfa, 0xc9, 0xfa, 0xc9, 0xfa, 0xc9, 0xfa, 0xc9, 0xfa, 0xc9, 0xfa,
    0xc9, 0xfa, 0xc9, 0xfa, 0xc9, 0xfa, 0xc8, 0xfa, 0xc9, 0xfa, 0xc9, 0xfa,
    0xc9, 0xfa, 0xc9, 0xfa, 0xc9, 0xfa, 0xc8, 0xfa, 0xc9, 0xfa, 0xc9, 0xfa,
    0xc9, 0xfa, 0xc8, 0xfa, 0xc9, 0xfa, 0xc9, 0xfa, 0xc9, 0xfa, 0xc9, 0xfa,
    0xc8, 0xfa, 0xc9, 0xfa, 0xc9, 0xfa, 0xc9, 0xfa, 0xc9, 0xfa, 0xc9, 0xfa,
    0xc9, 0xfa, 0xc9, 0xfa, 0xc8, 0xfa, 0xc9, 0xfa, 0xc9, 0xfa, 0xc9, 0xfa,
    0xc9, 0xfa, 0xc9, 0xfa, 0xc9, 0xfa, 0xc8, 0xfa, 0xc9, 0xfa, 0xc9, 0xfa,
    0xc9, 0xfa, 0xc8, 0xfa, 0xc9, 0xfa, 0xc9, 0xfa, 0xc8, 0xfa, 0xc9, 0xfa,
    0xc9, 0xfa, 0xc9, 0xfa, 0xc9, 0xfa, 0xc8, 0xfa, 0xc9, 0xfa, 0xc9, 0xfa,
    0x41, 0x18, 0x00, 0x10, 0x00, 0x00, 0x00, 0x08, 0x00, 0x00, 0x20, 0x08,
    0x20, 0x00, 0x20, 0x00, 0x21, 0x00, 0x20, 0x00, 0x20, 0x00, 0x21, 0x08,
    0x20, 0x00, 0x20, 0x00, 0xff, 0xff, 0xff, 0xff, 0xff, 0xff, 0xff, 0xff,
    0xff, 0xff, 0xff, 0xff, 0xff, 0xff, 0xff, 0xff, 0xff, 0xff, 0xff, 0xff,
    0xff, 0xff, 0xff, 0xff, 0xff, 0xff, 0xff, 0xff, 0xff, 0xff, 0xff, 0xff,
    0xff, 0xff, 0xff, 0xff, 0xff, 0xff, 0xff, 0xff, 0x20, 0x08, 0x00, 0x28,
    0x00, 0x28, 0x00, 0x28, 0x00, 0x28, 0x00, 0x28, 0x00, 0x28, 0x00, 0x28,
    0x00, 0x28, 0x00, 0x28, 0x00, 0x28, 0x00, 0x28, 0x00, 0x28, 0x00, 0x28,
    0x00, 0x38, 0xc9, 0xfa, 0xc9, 0xfa, 0xc9, 0xfa, 0xc9, 0xfa, 0xc8, 0xfa,
    0xc9, 0xfa, 0xc9, 0xfa, 0xc9, 0xfa, 0xc9, 0xfa, 0xc8, 0xfa, 0xc9, 0xfa,
    0xc9, 0xfa, 0xe9, 0xfa, 0xe9, 0xfa, 0x2a, 0xe3, 0x2a, 0xe3, 0x2a, 0xe3,
    0x2a, 0xe3, 0x2a, 0xe3, 0x2a, 0xe3, 0x2a, 0xe3, 0x2a, 0xe3, 0x2a, 0xe3,
    0x2a, 0xe3, 0x2a, 0xe3, 0x2a, 0xe3, 0x2a, 0xe3, 0x2a, 0xe3, 0x2a, 0xe3,
    0x2a, 0xe3, 0x2a, 0xe3, 0x2a, 0xe3, 0x2a, 0xe3, 0x2a, 0xe3, 0x2a, 0xe3,
    0x2a, 0xe3, 0x2a, 0xe3, 0x2a, 0xe3, 0x2a, 0xe3, 0x2a, 0xe3, 0x0a, 0xeb,
    0x0a, 0xeb, 0xc9, 0xfa, 0xc9, 0xfa, 0xc9, 0xfa, 0xc9, 0xfa, 0xc9, 0xfa,
    0xc9, 0xfa, 0xc8, 0xfa, 0xc9, 0xfa, 0xc9, 0xfa, 0xc9, 0xfa, 0xc9, 0xfa,
    0xc9, 0xfa, 0x4b, 0xd3, 0x00, 0x50, 0x00, 0x28, 0x00, 0x20, 0x00, 0x28,
    0x00, 0x28, 0x00, 0x20, 0x00, 0x28, 0x00, 0x28, 0x00, 0x28, 0x00, 0x28,
    0x00, 0x28, 0x00, 0x28, 0x00, 0x28, 0x00, 0x10, 0x00, 0x10, 0xff, 0xff,
    0xff, 0xff, 0xff, 0xff, 0xff, 0xff, 0xff, 0xff, 0xff, 0xff, 0xff, 0xff,
    0xff, 0xff, 0xff, 0xff, 0xff, 0xff, 0x20, 0x08, 0x00, 0x08, 0x03, 0x99,
    0x2a, 0xe3, 0xc9, 0xfa, 0xc9, 0xfa, 0xc9, 0xfa, 0xc9, 0xfa, 0xc9, 0xfa,
    0xc9, 0xfa, 0xc9, 0xfa, 0xc9, 0xfa, 0xc9, 0xfa, 0xc9, 0xfa, 0xc9, 0xfa,
    0xc9, 0xfa, 0xc9, 0xfa, 0xc8, 0xfa, 0xc9, 0xfa, 0xc9, 0xfa, 0xc8, 0xfa,
    0xc9, 0xfa, 0xc9, 0xfa, 0xc8, 0xfa, 0xc9, 0xfa, 0xc9, 0xfa, 0xc8, 0xfa,
    0xc9, 0xfa, 0xc9, 0xfa, 0xc9, 0xfa, 0x20, 0x08, 0x00, 0x08, 0x00, 0x08,
    0x00, 0x00, 0x00, 0x08, 0x20, 0x08, 0xff, 0xff, 0xff, 0xff, 0xff, 0xff,
    0xff, 0xff, 0xff, 0xff, 0xff, 0xff, 0xff, 0xff, 0xff, 0xff, 0xff, 0xff,
    0xff, 0xff, 0xff, 0xff, 0xff, 0xff, 0xff, 0xff, 0xff, 0xff, 0xff, 0xff,
    0xff, 0xff, 0xff, 0xff, 0xff, 0xff, 0xff, 0xff, 0x20, 0x00, 0x00, 0x20,
    0xc6, 0x59, 0xc9, 0xfa, 0xc9, 0xfa, 0xc9, 0xfa, 0xc8, 0xfa, 0xc9, 0xfa,
    0xc9, 0xfa, 0xc9, 0xfa, 0xc9, 0xfa, 0xc9, 0xfa, 0xc9, 0xfa, 0xc9, 0xfa,
    0xc9, 0xfa, 0xc9, 0xfa, 0xc9, 0xfa, 0xc9, 0xfa, 0xc9, 0xfa, 0xc8, 0xfa,
    0xc9, 0xfa, 0xc9, 0xfa, 0xc9, 0xfa, 0xc9, 0xfa, 0xc9, 0xfa, 0xc9, 0xfa,
    0xc8, 0xfa, 0xc9, 0xfa, 0xc9, 0xfa, 0x8c, 0xc3, 0x00, 0x50, 0x00, 0x08,
    0x00, 0x08, 0x00, 0x00, 0x00, 0x08, 0x20, 0x00, 0xff, 0xff, 0xff, 0xff,
    0xff, 0xff, 0xff, 0xff, 0xff, 0xff, 0xff, 0xff, 0x20, 0x00, 0x00, 0x50,
    0x6c, 0xcb, 0xc9, 0xfa, 0xc9, 0xfa, 0xc9, 0xfa, 0xc9, 0xfa, 0xc9, 0xfa,
    0xc9, 0xfa, 0xc8, 0xfa, 0xc9, 0xfa, 0xc9, 0xfa, 0xc9, 0xfa, 0xc8, 0xfa,
    0xc9, 0xfa, 0xc9, 0xfa, 0xc9, 0xfa, 0xc9, 0xfa, 0xc9, 0xfa, 0xc9, 0xfa,
    0xc9, 0xfa, 0xc9, 0xfa, 0xc9, 0xfa, 0xc9, 0xfa, 0xc9, 0xfa, 0xc9, 0xfa,
    0xc9, 0xfa, 0xc9, 0xfa, 0xc8, 0xfa, 0x6c, 0xcb, 0x6c, 0xcb, 0x8c, 0xc3,
    0x8c, 0xc3, 0x8c, 0xc3, 0x8c, 0xc3, 0x8c, 0xc3, 0x8c, 0xc3, 0x8c, 0xc3,
    0x8c, 0xc3, 0x8c, 0xc3, 0x8c, 0xc3, 0x8c, 0xc3, 0x8c, 0xc3, 0x8c, 0xc3,
    0x8c, 0xc3, 0x8c, 0xc3, 0x8c, 0xc3, 0x6c, 0xc3, 0x8c, 0xc3, 0x8c, 0xc3,
    0x6c, 0xc3, 0x8c, 0xc3, 0x8c, 0xc3, 0x6c, 0xc3, 0x8c, 0xc3, 0x8c, 0xc3,
    0x6c, 0xc3, 0x8c, 0xc3, 0x8c, 0xc3, 0x6c, 0xc3, 0x8c, 0xc3, 0x8c, 0xc3,
    0x8c, 0xc3, 0x8c, 0xc3, 0x8c, 0xc3, 0x8c, 0xc3, 0x8c, 0xc3, 0x8c, 0xc3,
    0x8c, 0xc3, 0x8c, 0xc3, 0x8c, 0xc3, 0x8c, 0xc3, 0x8c, 0xc3, 0x8c, 0xc3,
    0x8c, 0xc3, 0x8c, 0xc3, 0x8c, 0xc3, 0x8c, 0xc3, 0x8c, 0xc3, 0x6c, 0xc3,
    0x8c, 0xc3, 0x8c, 0xc3, 0x6c, 0xc3, 0x8d, 0xbb, 0xc5, 0x71, 0x00, 0x00,
    0x00, 0x08, 0x00, 0x08, 0x20, 0x00, 0x00, 0x08, 0x00, 0x08, 0xff, 0xff,
    0xff, 0xff, 0xff, 0xff, 0xff, 0xff, 0xff, 0xff, 0x21, 0x08, 0x20, 0x30,
    0xa9, 0x92, 0xc9, 0xfa, 0xc9, 0xfa, 0xc9, 0xfa, 0xc9, 0xfa, 0xc9, 0xfa,
    0xc9, 0xfa, 0xc9, 0xfa, 0xc9, 0xfa, 0xc9, 0xfa, 0xc9, 0xfa, 0xc9, 0xfa,
    0xc9, 0xfa, 0xc9, 0xfa, 0xc9, 0xfa, 0xc9, 0xfa, 0xc9, 0xfa, 0xc8, 0xfa,
    0xc9, 0xfa, 0xc9, 0xfa, 0xc8, 0xfa, 0xc9, 0xfa, 0xc9, 0xfa, 0xc9, 0xfa,
    0xc9, 0xfa, 0xc9, 0xfa, 0xc9, 0xfa, 0x09, 0xeb, 0x0a, 0xeb, 0x2a, 0xe3,
    0x2a, 0xe3, 0x2a, 0xe3, 0x2a, 0xdb, 0x2a, 0xe3, 0x2a, 0xe3, 0x2a, 0xdb,
    0x2a, 0xe3, 0x2a, 0xe3, 0x2a, 0xdb, 0x2a, 0xe3, 0x2a, 0xe3, 0x2a, 0xdb,
    0x2a, 0xe3, 0x2a, 0xe3, 0x2a, 0xdb, 0x2a, 0xe3, 0x2a, 0xe3, 0x2a, 0xdb,
    0x2a, 0xe3, 0x2a, 0xe3, 0x2a, 0xdb, 0x2a, 0xe3, 0x2a, 0xe3, 0x2a, 0xdb,
    0x2a, 0xe3, 0xe9, 0xfa, 0xe9, 0xf2, 0xc9, 0xfa, 0xc9, 0xfa, 0xc9, 0xfa,
    0xc9, 0xfa, 0xc9, 0xfa, 0xc9, 0xfa, 0xc9, 0xfa, 0xc8, 0xfa, 0xc9, 0xfa,
    0xc9, 0xfa, 0xc9, 0xfa, 0xc9, 0xfa, 0x00, 0x38, 0x00, 0x28, 0x00, 0x28,
    0x00, 0x28, 0x00, 0x20, 0x00, 0x28, 0x00, 0x28, 0x00, 0x28, 0x00, 0x28,
    0x00, 0x28, 0x00, 0x28, 0x00, 0x28, 0x00, 0x28, 0x00, 0x28, 0x20, 0x08,
    0xff, 0xff, 0xff, 0xff, 0xff, 0xff, 0xff, 0xff, 0xff, 0xff, 0xff, 0xff,
    0xff, 0xff, 0xff, 0xff, 0xff, 0xff, 0xff, 0xff, 0xff, 0xff, 0xff, 0xff,
    0xff, 0xff, 0xff, 0xff, 0xff, 0xff, 0xff, 0xff, 0xff, 0xff, 0xff, 0xff,
    0x20, 0x08, 0x20, 0x00, 0x24, 0x51, 0x65, 0x61, 0x65, 0x61, 0x85, 0x61,
    0x65, 0x61, 0x66, 0x61, 0x85, 0x61, 0x65, 0x61, 0x85, 0x61, 0x65, 0x61,
    0x85, 0x61, 0x85, 0x61, 0x65, 0x61, 0xc5, 0x71, 0xc9, 0xfa, 0xc9, 0xfa,
    0xc9, 0xfa, 0xc9, 0xfa, 0xc9, 0xfa, 0xc9, 0xfa, 0xc9, 0xfa, 0xc9, 0xfa,
    0xc9, 0xfa, 0xc9, 0xfa, 0xc9, 0xfa, 0xc9, 0xfa, 0xe9, 0xfa, 0x47, 0xda,
    0x84, 0xa1, 0x84, 0xa1, 0x84, 0xa1, 0x84, 0xa1, 0x84, 0xa1, 0x84, 0xa1,
    0x84, 0xa1, 0x84, 0xa1, 0x84, 0xa1, 0x84, 0xa1, 0x84, 0xa1, 0x84, 0xa1,
    0x84, 0xa1, 0x84, 0xa1, 0x84, 0xa1, 0x84, 0xa1, 0x84, 0xa1, 0x84, 0xa1,
    0x84, 0xa1, 0x84, 0xa1, 0x84, 0xa1, 0x84, 0xa1, 0x84, 0xa1, 0x84, 0xa1,
    0x84, 0xa1, 0x84, 0xa1, 0xc5, 0xb9, 0xe9, 0xe2, 0xc9, 0xfa, 0xc8, 0xfa,
    0xc9, 0xfa, 0xc9, 0xfa, 0xc9, 0xfa, 0xc9, 0xfa, 0xc9, 0xfa, 0xc9, 0xfa,
    0xc9, 0xfa, 0xc9, 0xfa, 0xc9, 0xfa, 0xc9, 0xfa, 0x4b, 0xd3, 0x22, 0x91,
    0x85, 0x61, 0x85, 0x61, 0x85, 0x61, 0x85, 0x61, 0x85, 0x61, 0x65, 0x61,
    0x85, 0x61, 0x85, 0x61, 0x85, 0x61, 0x85, 0x61, 0x85, 0x61, 0x85, 0x61,
    0x64, 0x41, 0x00, 0x10, 0x21, 0x00, 0xff, 0xff, 0xff, 0xff, 0xff, 0xff,
    0xff, 0xff, 0xff, 0xff, 0xff, 0xff, 0xff, 0xff, 0xff, 0xff, 0xff, 0xff,
    0x00, 0x00, 0x00, 0x08, 0x02, 0x99, 0x2b, 0xdb, 0xc9, 0xfa, 0xc9, 0xfa,
    0xc9, 0xfa, 0xc9, 0xfa, 0xc9, 0xfa, 0xc9, 0xfa, 0xc9, 0xfa, 0xc9, 0xfa,
    0xc8, 0xfa, 0xc9, 0xfa, 0xc9, 0xfa, 0xc9, 0xfa, 0xc9, 0xfa, 0xc9, 0xfa,
    0xc9, 0xfa, 0xc9, 0xfa, 0xc9, 0xfa, 0xc9, 0xfa, 0xc9, 0xfa, 0xc9, 0xfa,
    0xc9, 0xfa, 0xc9, 0xfa, 0xc9, 0xfa, 0xc9, 0xfa, 0xc9, 0xfa, 0xc9, 0xfa,
    0x20, 0x08, 0x00, 0x08, 0x00, 0x08, 0x00, 0x08, 0x00, 0x00, 0x00, 0x08,
    0xff, 0xff, 0xff, 0xff, 0xff, 0xff, 0xff, 0xff, 0xff, 0xff, 0xff, 0xff,
    0xff, 0xff, 0xff, 0xff, 0xff, 0xff, 0xff, 0xff, 0xff, 0xff, 0xff, 0xff,
    0xff, 0xff, 0xff, 0xff, 0xff, 0xff, 0xff, 0xff, 0xff, 0xff, 0xff, 0xff,
    0xff, 0xff, 0x21, 0x00, 0x00, 0x20, 0xe6, 0x59, 0xc9, 0xfa, 0xc9, 0xfa,
    0xc9, 0xfa, 0xc9, 0xfa, 0xc9, 0xfa, 0xc9, 0xfa, 0xc8, 0xfa, 0xc9, 0xfa,
    0xc9, 0xfa, 0xc8, 0xfa, 0xc9, 0xfa, 0xc9, 0xfa, 0xc9, 0xfa, 0xc9, 0xfa,
    0xc9, 0xfa, 0xc9, 0xfa, 0xc9, 0xfa, 0xc9, 0xfa, 0xc9, 0xfa, 0xc8, 0xfa,
    0xc9, 0xfa, 0xc9, 0xfa, 0xc9, 0xfa, 0xc9, 0xfa, 0xc9, 0xfa, 0xc9, 0xfa,
    0x6c, 0xc3, 0x00, 0x50, 0x00, 0x08, 0x20, 0x08, 0x00, 0x08, 0x00, 0x08,
    0x20, 0x00, 0xff, 0xff, 0xff, 0xff, 0xff, 0xff, 0xff, 0xff, 0xff, 0xff,
    0xff, 0xff, 0x21, 0x00, 0x00, 0x50, 0x8c, 0xcb, 0xc9, 0xfa, 0xc9, 0xfa,
    0xc9, 0xfa, 0xc9, 0xfa, 0xc9, 0xfa, 0xc9, 0xfa, 0xc9, 0xfa, 0xc9, 0xfa,
    0xc9, 0xfa, 0xc9, 0xfa, 0xc9, 0xfa, 0xc9, 0xfa, 0xc9, 0xfa, 0xc9, 0xfa,
    0xc9, 0xfa, 0xc9, 0xfa, 0xc9, 0xfa, 0xc9, 0xfa, 0xc8, 0xfa, 0xc9, 0xfa,
    0xc9, 0xfa, 0xc8, 0xfa, 0xc9, 0xfa, 0xc9, 0xfa, 0xc9, 0xfa, 0xc9, 0xfa,
    0x22, 0x89, 0x00, 0x50, 0x00, 0x48, 0x00, 0x40, 0x00, 0x48, 0x00, 0x40,
    0x00, 0x48, 0x00, 0x40, 0x00, 0x48, 0x00, 0x40, 0x00, 0x48, 0x00, 0x40,
    0x00, 0x48, 0x00, 0x48, 0x00, 0x40, 0x00, 0x48, 0x00, 0x48, 0x00, 0x40,
    0x00, 0x48, 0x00, 0x48, 0x00, 0x40, 0x00, 0x48, 0x00, 0x40, 0x00, 0x48,
    0x00, 0x40, 0x00, 0x48, 0x00, 0x40, 0x00, 0x48, 0x00, 0x40, 0x00, 0x48,
    0x00, 0x40, 0x00, 0x48, 0x00, 0x40, 0x00, 0x48, 0x00, 0x40, 0x00, 0x48,
    0x00, 0x48, 0x00, 0x40, 0x00, 0x48, 0x00, 0x48, 0x00, 0x40, 0x00, 0x48,
    0x00, 0x48, 0x00, 0x40, 0x00, 0x48, 0x00, 0x48, 0x00, 0x40, 0x00, 0x48,
    0x00, 0x48, 0x00, 0x40, 0x00, 0x48, 0x00, 0x48, 0x00, 0x40, 0x00, 0x48,
    0x00, 0x38, 0x00, 0x30, 0x00, 0x08, 0x00, 0x08, 0x20, 0x00, 0x00, 0x08,
    0x00, 0x08, 0x20, 0x08, 0xff, 0xff, 0xff, 0xff, 0xff, 0xff, 0xff, 0xff,
    0xff, 0xff, 0x20, 0x00, 0x20, 0x30, 0xaa, 0x92, 0xc9, 0xfa, 0xc9, 0xfa,
    0xc9, 0xfa, 0xc9, 0xfa, 0xc9, 0xfa, 0xc9, 0xfa, 0xc9, 0xfa, 0xc9, 0xfa,
    0xc9, 0xfa, 0xc9, 0xfa, 0xc8, 0xfa, 0xc9, 0xfa, 0xc9, 0xfa, 0xc8, 0xfa,
    0xc9, 0xfa, 0xc9, 0xfa, 0xc9, 0xfa, 0xc9, 0xfa, 0xc9, 0xfa, 0xc9, 0xfa,
    0xc9, 0xfa, 0xc8, 0xfa, 0xc9, 0xfa, 0xc9, 0xfa, 0xc9, 0xfa, 0xc9, 0xfa,
    0xe9, 0xe2, 0xc5, 0xb9, 0x84, 0xa1, 0x84, 0xa1, 0x84, 0xa1, 0x84, 0xa1,
    0x84, 0xa1, 0x84, 0xa1, 0x84, 0xa1, 0x84, 0xa1, 0x84, 0xa1, 0x84, 0xa1,
    0x84, 0xa1, 0x84, 0xa1, 0x84, 0xa1, 0x84, 0xa1, 0x84, 0xa1, 0x84, 0xa1,
    0x84, 0xa1, 0x84, 0xa1, 0x84, 0xa1, 0x84, 0xa1, 0x84, 0xa1, 0x84, 0xa1,
    0x84, 0xa1, 0x84, 0xa1, 0x84, 0xa1, 0x84, 0xa1, 0x47, 0xda, 0xc9, 0xfa,
    0xc9, 0xfa, 0xc9, 0xfa, 0xc9, 0xfa, 0xc9, 0xfa, 0xc9, 0xfa, 0xc9, 0xfa,
    0xc9, 0xfa, 0xc9, 0xfa, 0xc9, 0xfa, 0xc9, 0xfa, 0xc9, 0xfa, 0xc8, 0xfa,
    0xc5, 0x71, 0x85, 0x61, 0x85, 0x61, 0x85, 0x61, 0x85, 0x61, 0x65, 0x61,
    0x85, 0x61, 0x85, 0x61, 0x85, 0x61, 0x85, 0x61, 0x85, 0x61, 0x85, 0x61,
    0x85, 0x61, 0x24, 0x51, 0x20, 0x08, 0x20, 0x08, 0xff, 0xff, 0xff, 0xff,
    0xff, 0xff, 0xff, 0xff, 0xff, 0xff, 0xff, 0xff, 0xff, 0xff, 0xff, 0xff,
    0xff, 0xff, 0xff, 0xff, 0xff, 0xff, 0xff, 0xff, 0xff, 0xff, 0xff, 0xff,
    0xff, 0xff, 0xff, 0xff, 0xff, 0xff, 0x00, 0x08, 0x00, 0x08, 0x68, 0xda,
    0xea, 0xf2, 0xe9, 0xfa, 0xe9, 0xfa, 0xc9, 0xfa, 0xe9, 0xfa, 0xe9, 0xfa,
    0xc9, 0xfa, 0xca, 0xfa, 0xe9, 0xfa, 0xc9, 0xfa, 0xc9, 0xfa, 0xe9, 0xfa,
    0xe9, 0xf2, 0xc9, 0xfa, 0xc9, 0xfa, 0xc9, 0xfa, 0xc9, 0xfa, 0xc9, 0xfa,
    0xc9, 0xfa, 0xc8, 0xfa, 0xc9, 0xfa, 0xc9, 0xfa, 0xc9, 0xfa, 0xc9, 0xfa,
    0xc9, 0xfa, 0x0a, 0xeb, 0xa5, 0xb9, 0x00, 0x10, 0x00, 0x10, 0x00, 0x10,
    0x00, 0x10, 0x00, 0x10, 0x00, 0x10, 0x00, 0x10, 0x00, 0x10, 0x00, 0x10,
    0x00, 0x10, 0x00, 0x10, 0x00, 0x10, 0x00, 0x10, 0x00, 0x10, 0x00, 0x10,
    0x00, 0x10, 0x00, 0x10, 0x00, 0x10, 0x00, 0x10, 0x00, 0x10, 0x00, 0x10,
    0x00, 0x10, 0x00, 0x10, 0x00, 0x10, 0x00, 0x10, 0x00, 0x10, 0x00, 0x38,
    0xca, 0xa2, 0xc9, 0xfa, 0xc9, 0xfa, 0xc9, 0xfa, 0xc9, 0xfa, 0xc8, 0xfa,
    0xc9, 0xfa, 0xc9, 0xfa, 0xc9, 0xfa, 0xc9, 0xfa, 0xc8, 0xfa, 0xc9, 0xfa,
    0xc9, 0xfa, 0xe9, 0xfa, 0xc9, 0xfa, 0xc9, 0xfa, 0xc9, 0xfa, 0xc9, 0xfa,
    0xe9, 0xfa, 0xc9, 0xfa, 0xc9, 0xfa, 0xe9, 0xfa, 0xc9, 0xfa, 0xc9, 0xfa,
    0xc9, 0xfa, 0xc9, 0xfa, 0xe9, 0xfa, 0xaa, 0x92, 0x00, 0x30, 0x00, 0x08,
    0x00, 0x08, 0xff, 0xff, 0xff, 0xff, 0xff, 0xff, 0xff, 0xff, 0xff, 0xff,
    0xff, 0xff, 0xff, 0xff, 0xff, 0xff, 0x00, 0x08, 0x20, 0x08, 0x02, 0x99,
    0x2b, 0xdb, 0xc9, 0xfa, 0xc9, 0xfa, 0xc9, 0xfa, 0xc8, 0xfa, 0xc9, 0xfa,
    0xc9, 0xfa, 0xc9, 0xfa, 0xc9, 0xfa, 0xc9, 0xfa, 0xc9, 0xfa, 0xc9, 0xfa,
    0xc8, 0xfa, 0xc9, 0xfa, 0xc9, 0xfa, 0xc9, 0xfa, 0xc9, 0xfa, 0xc9, 0xfa,
    0xc8, 0xfa, 0xc9, 0xfa, 0xc9, 0xfa, 0xc9, 0xfa, 0xc9, 0xfa, 0xc9, 0xfa,
    0xc8, 0xfa, 0xc9, 0xfa, 0xc9, 0xfa, 0x20, 0x08, 0x00, 0x08, 0x00, 0x08,
    0x20, 0x08, 0x00, 0x08, 0x00, 0x00, 0xff, 0xff, 0xff, 0xff, 0xff, 0xff,
    0xff, 0xff, 0xff, 0xff, 0xff, 0xff, 0xff, 0xff, 0xff, 0xff, 0xff, 0xff,
    0xff, 0xff, 0xff, 0xff, 0xff, 0xff, 0xff, 0xff, 0xff, 0xff, 0xff, 0xff,
    0xff, 0xff, 0xff, 0xff, 0xff, 0xff, 0xff, 0xff, 0x21, 0x08, 0x00, 0x20,
    0xc6, 0x59, 0xc9, 0xfa, 0xc9, 0xfa, 0xc9, 0xfa, 0xc9, 0xfa, 0xc9, 0xfa,
    0xc9, 0xfa, 0xc9, 0xfa, 0xc9, 0xfa, 0xc9, 0xfa, 0xc9, 0xfa, 0xc9, 0xfa,
    0xc8, 0xfa, 0xc9, 0xfa, 0xc9, 0xfa, 0xc8, 0xfa, 0xc9, 0xfa, 0xc9, 0xfa,
    0xc9, 0xfa, 0xc9, 0xfa, 0xc9, 0xfa, 0xc9, 0xfa, 0xc9, 0xfa, 0xc9, 0xfa,
    0xc9, 0xfa, 0xc9, 0xfa, 0xc9, 0xfa, 0x6c, 0xcb, 0x00, 0x50, 0x00, 0x08,
    0x20, 0x00, 0x00, 0x08, 0x20, 0x08, 0x21, 0x00, 0xff, 0xff, 0xff, 0xff,
    0xff, 0xff, 0xff, 0xff, 0xff, 0xff, 0xff, 0xff, 0x20, 0x08, 0x00, 0x50,
    0x6c, 0xc3, 0xc9, 0xfa, 0xc9, 0xfa, 0xc9, 0xfa, 0xc8, 0xfa, 0xc9, 0xfa,
    0xc9, 0xfa, 0xc9, 0xfa, 0xc9, 0xfa, 0xc8, 0xfa, 0xc9, 0xfa, 0xc9, 0xfa,
    0xc9, 0xfa, 0xc8, 0xfa, 0xc9, 0xfa, 0xc9, 0xfa, 0xc8, 0xfa, 0xc9, 0xfa,
    0xc9, 0xfa, 0xc9, 0xfa, 0xc9, 0xfa, 0xc9, 0xfa, 0xc9, 0xfa, 0xc9, 0xfa,
    0xc9, 0xfa, 0xc9, 0xfa, 0xc9, 0xfa, 0xc6, 0x59, 0x00, 0x20, 0x00, 0x08,
    0x00, 0x08, 0x00, 0x08, 0x00, 0x08, 0x00, 0x08, 0x00, 0x08, 0x00, 0x08,
    0x00, 0x08, 0x00, 0x08, 0x00, 0x08, 0x00, 0x08, 0x00, 0x08, 0x00, 0x08,
    0x00, 0x08, 0x00, 0x08, 0x00, 0x08, 0x00, 0x08, 0x00, 0x08, 0x00, 0x08,
    0x00, 0x08, 0x00, 0x08, 0x00, 0x08, 0x00, 0x08, 0x00, 0x08, 0x00, 0x08,
    0x00, 0x08, 0x00, 0x08, 0x00, 0x08, 0x00, 0x08, 0x00, 0x08, 0x00, 0x08,
    0x00, 0x08, 0x00, 0x08, 0x00, 0x08, 0x00, 0x08, 0x00, 0x08, 0x00, 0x08,
    0x00, 0x08, 0x00, 0x08, 0x00, 0x08, 0x00, 0x08, 0x00, 0x08, 0x00, 0x08,
    0x00, 0x08, 0x00, 0x08, 0x00, 0x08, 0x00, 0x08, 0x00, 0x08, 0x00, 0x08,
    0x00, 0x08, 0x00, 0x08, 0x00, 0x08, 0x00, 0x08, 0x20, 0x08, 0x00, 0x08,
    0x00, 0x08, 0x00, 0x08, 0x00, 0x08, 0x00, 0x00, 0x20, 0x08, 0xff, 0xff,
    0xff, 0xff, 0xff, 0xff, 0xff, 0xff, 0xff, 0xff, 0x20, 0x00, 0x20, 0x30,
    0xaa, 0x9a, 0xc9, 0xfa, 0xc9, 0xfa, 0xc9, 0xfa, 0xc8, 0xfa, 0xc9, 0xfa,
    0xc9, 0xfa, 0xc8, 0xfa, 0xc9, 0xfa, 0xc9, 0xfa, 0xc9, 0xfa, 0xc9, 0xfa,
    0xc9, 0xfa, 0xc9, 0xfa, 0xc9, 0xfa, 0xc9, 0xfa, 0xc9, 0xfa, 0xc9, 0xfa,
    0xc9, 0xfa, 0xc9, 0xfa, 0xc9, 0xfa, 0xc9, 0xfa, 0xc9, 0xfa, 0xc9, 0xfa,
    0xc9, 0xfa, 0xc8, 0xfa, 0xc9, 0xfa, 0xca, 0xa2, 0x00, 0x38, 0x00, 0x10,
    0x00, 0x10, 0x00, 0x10, 0x00, 0x10, 0x00, 0x10, 0x00, 0x10, 0x00, 0x10,
    0x00, 0x10, 0x00, 0x10, 0x00, 0x10, 0x00, 0x10, 0x00, 0x10, 0x00, 0x10,
    0x00, 0x10, 0x00, 0x10, 0x00, 0x10, 0x00, 0x10, 0x00, 0x10, 0x00, 0x10,
    0x00, 0x10, 0x00, 0x10, 0x00, 0x10, 0x00, 0x10, 0x00, 0x10, 0x00, 0x10,
    0x00, 0x10, 0xa5, 0xb9, 0x0a, 0xeb, 0xc9, 0xfa, 0xc8, 0xfa, 0xc9, 0xfa,
    0xc9, 0xfa, 0xc8, 0xfa, 0xc9, 0xfa, 0xc9, 0xfa, 0xc9, 0xfa, 0xc9, 0xfa,
    0xc9, 0xfa, 0xc9, 0xfa, 0xc9, 0xfa, 0xe9, 0xf2, 0xc9, 0xfa, 0xc9, 0xfa,
    0xe9, 0xfa, 0xc9, 0xfa, 0xc9, 0xfa, 0xe9, 0xfa, 0xc9, 0xf2, 0xc9, 0xfa,
    0xc9, 0xfa, 0xc9, 0xfa, 0xc9, 0xf2, 0xea, 0xf2, 0x88, 0xda, 0x00, 0x08,
    0x00, 0x08, 0x20, 0x00, 0xff, 0xff, 0xff, 0xff, 0xff, 0xff, 0xff, 0xff,
    0xff, 0xff, 0xff, 0xff, 0xff, 0xff, 0xff, 0xff, 0xff, 0xff, 0xff, 0xff,
    0xff, 0xff, 0xff, 0xff, 0xff, 0xff, 0xff, 0xff, 0xff, 0xff, 0xff, 0xff,
    0x00, 0x08, 0x00, 0x08, 0x88, 0xda, 0xe9, 0xf2, 0xc9, 0xf2, 0xe9, 0xfa,
    0xc9, 0xf2, 0xe9, 0xfa, 0xc9, 0xfa, 0xe9, 0xf2, 0xe9, 0xfa, 0xc9, 0xf2,
    0xe9, 0xfa, 0xca, 0xfa, 0xc9, 0xf2, 0xe9, 0xfa, 0xc9, 0xfa, 0xc9, 0xfa,
    0xc9, 0xfa, 0xc8, 0xfa, 0xc9, 0xfa, 0xc9, 0xfa, 0xc9, 0xfa, 0xc9, 0xfa,
    0xc9, 0xfa, 0xc8, 0xfa, 0xc9, 0xfa, 0xc9, 0xfa, 0x09, 0xeb, 0xa5, 0xb9,
    0x00, 0x10, 0x00, 0x10, 0x00, 0x10, 0x00, 0x10, 0x00, 0x10, 0x00, 0x10,
    0x00, 0x10, 0x00, 0x10, 0x00, 0x10, 0x00, 0x10, 0x00, 0x10, 0x00, 0x10,
    0x00, 0x10, 0x00, 0x10, 0x00, 0x10, 0x00, 0x10, 0x00, 0x10, 0x00, 0x10,
    0x00, 0x10, 0x00, 0x10, 0x00, 0x10, 0x00, 0x10, 0x00, 0x10, 0x00, 0x10,
    0x00, 0x10, 0x00, 0x10, 0x00, 0x38, 0xca, 0xa2, 0xc9, 0xfa, 0xc9, 0xfa,
    0xc9, 0xfa, 0xc9, 0xfa, 0xc9, 0xfa, 0xc9, 0xfa, 0xc9, 0xfa, 0xc9, 0xfa,
    0xc9, 0xfa, 0xc9, 0xfa, 0xc9, 0xfa, 0xc9, 0xfa, 0xe9, 0xfa, 0xc9, 0xfa,
    0xe9, 0xf2, 0xc9, 0xf2, 0xe9, 0xfa, 0xc9, 0xf2, 0xea, 0xfa, 0xe9, 0xf2,
    0xc9, 0xfa, 0xea, 0xf2, 0xc9, 0xfa, 0xe9, 0xf2, 0xc9, 0xfa, 0xc9, 0xfa,
    0xaa, 0x92, 0x00, 0x30, 0x20, 0x08, 0x00, 0x08, 0x20, 0x00, 0xff, 0xff,
    0xff, 0xff, 0xff, 0xff, 0xff, 0xff, 0xff, 0xff, 0xff, 0xff, 0xff, 0xff,
    0x00, 0x08, 0x00, 0x00, 0x02, 0x99, 0x2a, 0xe3, 0xc9, 0xfa, 0xc9, 0xfa,
    0xc9, 0xfa, 0xc9, 0xfa, 0xc9, 0xfa, 0xc8, 0xfa, 0xc9, 0xfa, 0xc9, 0xfa,
    0xc9, 0xfa, 0xc9, 0xfa, 0xc9, 0xfa, 0xc9, 0xfa, 0xc9, 0xfa, 0xc9, 0xfa,
    0xc8, 0xfa, 0xc9, 0xfa, 0xc9, 0xfa, 0xc9, 0xfa, 0xc9, 0xfa, 0xc9, 0xfa,
    0xc8, 0xfa, 0xc9, 0xfa, 0xc9, 0xfa, 0xc9, 0xfa, 0xc9, 0xfa, 0xc9, 0xfa,
    0x20, 0x08, 0x00, 0x08, 0x00, 0x08, 0x00, 0x00, 0x20, 0x08, 0x00, 0x08,
    0xff, 0xff, 0xff, 0xff, 0xff, 0xff, 0xff, 0xff, 0xff, 0xff, 0xff, 0xff,
    0xff, 0xff, 0xff, 0xff, 0xff, 0xff, 0xff, 0xff, 0xff, 0xff, 0xff, 0xff,
    0xff, 0xff, 0xff, 0xff, 0xff, 0xff, 0xff, 0xff, 0xff, 0xff, 0xff, 0xff,
    0xff, 0xff, 0x20, 0x00, 0x00, 0x20, 0xc6, 0x59, 0xc9, 0xfa, 0xc9, 0xfa,
    0xc9, 0xfa, 0xc9, 0xfa, 0xc8, 0xfa, 0xc9, 0xfa, 0xc9, 0xfa, 0xc9, 0xfa,
    0xc9, 0xfa, 0xc9, 0xfa, 0xc9, 0xfa, 0xc9, 0xfa, 0xc9, 0xfa, 0xc9, 0xfa,
    0xc9, 0xfa, 0xc9, 0xfa, 0xc9, 0xfa, 0xc8, 0xfa, 0xc9, 0xfa, 0xc9, 0xfa,
    0xc9, 0xfa, 0xc8, 0xfa, 0xc9, 0xfa, 0xc9, 0xfa, 0xc8, 0xfa, 0xc9, 0xfa,
    0x6c, 0xc3, 0x00, 0x50, 0x00, 0x08, 0x00, 0x08, 0x00, 0x00, 0x00, 0x08,
    0x20, 0x00, 0xff, 0xff, 0xff, 0xff, 0xff, 0xff, 0xff, 0xff, 0xff, 0xff,
    0xff, 0xff, 0x20, 0x00, 0x00, 0x50, 0x6c, 0xcb, 0xc9, 0xfa, 0xc9, 0xfa,
    0xc9, 0xfa, 0xc9, 0xfa, 0xc9, 0xfa, 0xc9, 0xfa, 0xc8, 0xfa, 0xc9, 0xfa,
    0xc9, 0xfa, 0xc9, 0xfa, 0xc9, 0xfa, 0xc9, 0xfa, 0xc9, 0xfa, 0xc9, 0xfa,
    0xc9, 0xfa, 0xc9, 0xfa, 0xc9, 0xfa, 0xc9, 0xfa, 0xc9, 0xfa, 0xc9, 0xfa,
    0xc9, 0xfa, 0xc9, 0xfa, 0xc8, 0xfa, 0xc9, 0xfa, 0xc9, 0xfa, 0xc9, 0xfa,
    0xc6, 0x59, 0x00, 0x20, 0x00, 0x08, 0x00, 0x08, 0x00, 0x08, 0x00, 0x08,
    0x00, 0x08, 0x00, 0x08, 0x00, 0x00, 0x00, 0x08, 0x00, 0x08, 0x00, 0x08,
    0x00, 0x00, 0x00, 0x08, 0x00, 0x08, 0x00, 0x00, 0x00, 0x08, 0x00, 0x08,
    0x00, 0x00, 0x00, 0x08, 0x00, 0x08, 0x00, 0x00, 0x00, 0x08, 0x00, 0x08,
    0x00, 0x08, 0x00, 0x08, 0x00, 0x08, 0x00, 0x00, 0x00, 0x08, 0x00, 0x08,
    0x00, 0x08, 0x00, 0x00, 0x00, 0x08, 0x00, 0x08, 0x00, 0x08, 0x00, 0x00,
    0x00, 0x08, 0x00, 0x08, 0x00, 0x00, 0x00, 0x08, 0x00, 0x08, 0x00, 0x00,
    0x00, 0x08, 0x00, 0x08, 0x00, 0x00, 0x00, 0x08, 0x00, 0x08, 0x00, 0x00,
    0x00, 0x08, 0x00, 0x08, 0x00, 0x00, 0x00, 0x08, 0x00, 0x08, 0x00, 0x00,
    0x00, 0x08, 0x20, 0x08, 0x00, 0x00, 0x00, 0x08, 0x20, 0x08, 0x00, 0x00,
    0x00, 0x08, 0x00, 0x08, 0xff, 0xff, 0xff, 0xff, 0xff, 0xff, 0xff, 0xff,
    0xff, 0xff, 0x21, 0x00, 0x20, 0x30, 0xa9, 0x92, 0xc9, 0xfa, 0xc9, 0xfa,
    0xc9, 0xfa, 0xc9, 0xfa, 0xc9, 0xfa, 0xc9, 0xfa, 0xc9, 0xfa, 0xc9, 0xfa,
    0xc8, 0xfa, 0xc9, 0xfa, 0xc9, 0xfa, 0xc9, 0xfa, 0xc9, 0xfa, 0xc9, 0xfa,
    0xc8, 0xfa, 0xc9, 0xfa, 0xc9, 0xfa, 0xc8, 0xfa, 0xc9, 0xfa, 0xc9, 0xfa,
    0xc8, 0xfa, 0xc9, 0xfa, 0xc9, 0xfa, 0xc9, 0xfa, 0xc9, 0xfa, 0xc9, 0xfa,
    0xca, 0xa2, 0x00, 0x38, 0x00, 0x10, 0x00, 0x10, 0x00, 0x10, 0x00, 0x10,
    0x00, 0x10, 0x00, 0x10, 0x00, 0x10, 0x00, 0x10, 0x00, 0x10, 0x00, 0x10,
    0x00, 0x10, 0x00, 0x10, 0x00, 0x10, 0x00, 0x10, 0x00, 0x10, 0x00, 0x10,
    0x00, 0x10, 0x00, 0x10, 0x00, 0x10, 0x00, 0x10, 0x00, 0x10, 0x00, 0x10,
    0x00, 0x10, 0x00, 0x10, 0x00, 0x10, 0x00, 0x10, 0xc5, 0xb9, 0x0a, 0xeb,
    0xc9, 0xfa, 0xc9, 0xfa, 0xc9, 0xfa, 0xc9, 0xfa, 0xc9, 0xfa, 0xc9, 0xfa,
    0xc8, 0xfa, 0xc9, 0xfa, 0xc9, 0xfa, 0xc8, 0xfa, 0xc9, 0xfa, 0xc9, 0xfa,
    0xe9, 0xfa, 0xc9, 0xf2, 0xc9, 0xfa, 0xe9, 0xf2, 0xc9, 0xf2, 0xe9, 0xfa,
    0xe9, 0xfa, 0xc9, 0xf2, 0xe9, 0xfa, 0xe9, 0xfa, 0xc9, 0xf2, 0xe9, 0xfa,
    0xea, 0xf2, 0x68, 0xda, 0x00, 0x08, 0x00, 0x08, 0x20, 0x00, 0x20, 0x08,
    0xff, 0xff, 0xff, 0xff, 0xff, 0xff, 0xff, 0xff, 0xff, 0xff, 0xff, 0xff,
    0xff, 0xff, 0xff, 0xff, 0xff, 0xff, 0xff, 0xff, 0xff, 0xff, 0xff, 0xff,
    0xff, 0xff, 0xff, 0xff, 0xff, 0xff, 0x00, 0x08, 0x00, 0x00, 0x47, 0xda,
    0xc9, 0xfa, 0xc9, 0xfa, 0xc9, 0xfa, 0xc9, 0xfa, 0xc9, 0xfa, 0xc9, 0xfa,
    0xc9, 0xfa, 0xc9, 0xfa, 0xc9, 0xfa, 0xc9, 0xfa, 0xc9, 0xfa, 0xc9, 0xfa,
    0xc9, 0xfa, 0xc9, 0xfa, 0xc9, 0xfa, 0xc9, 0xfa, 0xc9, 0xfa, 0xc9, 0xfa,
    0xc9, 0xfa, 0xc9, 0xfa, 0xc9, 0xfa, 0xc9, 0xfa, 0xc9, 0xfa, 0xc9, 0xfa,
    0xc9, 0xfa, 0x0a, 0xeb, 0xc5, 0xb9, 0x00, 0x08, 0x00, 0x00, 0x00, 0x08,
    0x00, 0x00, 0x00, 0x08, 0x00, 0x00, 0x00, 0x08, 0x00, 0x00, 0x00, 0x08,
    0x00, 0x00, 0x00, 0x08, 0x00, 0x00, 0x00, 0x08, 0x00, 0x00, 0x00, 0x08,
    0x00, 0x00, 0x00, 0x08, 0x00, 0x00, 0x00, 0x08, 0x00, 0x00, 0x00, 0x00,
    0x00, 0x08, 0x00, 0x00, 0x00, 0x08, 0x00, 0x00, 0x00, 0x08, 0x00, 0x30,
    0xca, 0xa2, 0xc9, 0xfa, 0xc9, 0xfa, 0xc9, 0xfa, 0xc9, 0xfa, 0xc9, 0xfa,
    0xc8, 0xfa, 0xc9, 0xfa, 0xc9, 0xfa, 0xc8, 0xfa, 0xc9, 0xfa, 0xc9, 0xfa,
    0xc9, 0xfa, 0xc9, 0xfa, 0xc9, 0xfa, 0xc9, 0xfa, 0xc9, 0xfa, 0xc9, 0xfa,
    0xc9, 0xfa, 0xc9, 0xfa, 0xc9, 0xfa, 0xc9, 0xfa, 0xc9, 0xfa, 0xc9, 0xfa,
    0xc9, 0xfa, 0xc9, 0xfa, 0xc9, 0xfa, 0xaa, 0x92, 0x20, 0x30, 0x00, 0x08,
    0x00, 0x08, 0x20, 0x08, 0x00, 0x08, 0xff, 0xff, 0xff, 0xff, 0xff, 0xff,
    0xff, 0xff, 0xff, 0xff, 0xff, 0xff, 0x20, 0x08, 0x00, 0x08, 0x03, 0x99,
    0x2a, 0xe3, 0xc9, 0xfa, 0xc9, 0xfa, 0xc9, 0xfa, 0xc9, 0xfa, 0xc9, 0xfa,
    0xc9, 0xfa, 0xc9, 0xfa, 0xc8, 0xfa, 0xc9, 0xfa, 0xc9, 0xfa, 0xc8, 0xfa,
    0xc9, 0xfa, 0xc9, 0xfa, 0xc9, 0xfa, 0xc9, 0xfa, 0xc9, 0xfa, 0xc9, 0xfa,
    0xc9, 0xfa, 0xc9, 0xfa, 0xc9, 0xfa, 0xc9, 0xfa, 0xc9, 0xfa, 0xc9, 0xfa,
    0xc9, 0xfa, 0xc9, 0xfa, 0xc9, 0xfa, 0x20, 0x08, 0x00, 0x08, 0x00, 0x08,
    0x00, 0x08, 0x00, 0x08, 0x20, 0x08, 0xff, 0xff, 0xff, 0xff, 0xff, 0xff,
    0xff, 0xff, 0xff, 0xff, 0xff, 0xff, 0xff, 0xff, 0xff, 0xff, 0xff, 0xff,
    0xff, 0xff, 0xff, 0xff, 0xff, 0xff, 0xff, 0xff, 0xff, 0xff, 0xff, 0xff,
    0xff, 0xff, 0xff, 0xff, 0xff, 0xff, 0xff, 0xff, 0x20, 0x00, 0x00, 0x20,
    0xc6, 0x59, 0xc9, 0xfa, 0xc9, 0xfa, 0xc9, 0xfa, 0xc9, 0xfa, 0xc9, 0xfa,
    0xc9, 0xfa, 0xc9, 0xfa, 0xc8, 0xfa, 0xc9, 0xfa, 0xc9, 0xfa, 0xc8, 0xfa,
    0xc9, 0xfa, 0xc9, 0xfa, 0xc9, 0xfa, 0xc9, 0xfa, 0xc9, 0xfa, 0xc9, 0xfa,
    0xc9, 0xfa, 0xc9, 0xfa, 0xc9, 0xfa, 0xc9, 0xfa, 0xc9, 0xfa, 0xc9, 0xfa,
    0xc9, 0xfa, 0xc9, 0xfa, 0xc9, 0xfa, 0x8c, 0xc3, 0x00, 0x50, 0x00, 0x08,
    0x20, 0x08, 0x00, 0x08, 0x00, 0x08, 0x20, 0x00, 0xff, 0xff, 0xff, 0xff,
    0xff, 0xff, 0xff, 0xff, 0xff, 0xff, 0xff, 0xff, 0x21, 0x00, 0x00, 0x50,
    0x6c, 0xcb, 0xc9, 0xfa, 0xc9, 0xfa, 0xc9, 0xfa, 0xc9, 0xfa, 0xc9, 0xfa,
    0xc9, 0xfa, 0xc9, 0xfa, 0xc9, 0xfa, 0xc9, 0xfa, 0xc9, 0xfa, 0xc8, 0xfa,
    0xc9, 0xfa, 0xc9, 0xfa, 0xc9, 0xfa, 0xc9, 0xfa, 0xc9, 0xfa, 0xc8, 0xfa,
    0xc9, 0xfa, 0xc9, 0xfa, 0xc8, 0xfa, 0xc9, 0xfa, 0xc9, 0xfa, 0xc9, 0xfa,
    0xc9, 0xfa, 0xc9, 0xfa, 0xc9, 0xfa, 0xc6, 0x59, 0x00, 0x20, 0x00, 0x08,
    0x00, 0x00, 0x00, 0x00, 0x20, 0x08, 0x00, 0x00, 0x00, 0x08, 0x00, 0x08,
    0x20, 0x00, 0x00, 0x08, 0x00, 0x08, 0x00, 0x00, 0x20, 0x08, 0x00, 0x08,
    0x00, 0x00, 0x20, 0x08, 0x00, 0x08, 0x20, 0x00, 0x00, 0x08, 0x20, 0x08,
    0x20, 0x08, 0x00, 0x00, 0x20, 0x08, 0x20, 0x00, 0x00, 0x08, 0x20, 0x08,
    0x20, 0x00, 0x00, 0x08, 0x20, 0x08, 0x20, 0x00, 0x00, 0x08, 0x00, 0x08,
    0x20, 0x00, 0x00, 0x08, 0x00, 0x08, 0x00, 0x00, 0x00, 0x08, 0x20, 0x08,
    0x00, 0x00, 0x00, 0x08, 0x00, 0x08, 0x20, 0x00, 0x00, 0x08, 0x00, 0x08,
    0x00, 0x00, 0x20, 0x08, 0x00, 0x08, 0x00, 0x00, 0x20, 0x08, 0x00, 0x08,
    0x20, 0x00, 0x20, 0x08, 0x00, 0x08, 0x00, 0x00, 0x00, 0x08, 0x00, 0x08,
    0x20, 0x00, 0x00, 0x08, 0x00, 0x08, 0x20, 0x08, 0x00, 0x00, 0xff, 0xff,
    0xff, 0xff, 0xff, 0xff, 0xff, 0xff, 0xff, 0xff, 0x21, 0x08, 0x20, 0x30,
    0xaa, 0x92, 0xc9, 0xfa, 0xc9, 0xfa, 0xc9, 0xfa, 0xc9, 0xfa, 0xc9, 0xfa,
    0xc9, 0xfa, 0xc9, 0xfa, 0xc9, 0xfa, 0xc9, 0xfa, 0xc9, 0xfa, 0xc9, 0xfa,
    0xc8, 0xfa, 0xc9, 0xfa, 0xc9, 0xfa, 0xc9, 0xfa, 0xc9, 0xfa, 0xc9, 0xfa,
    0xc9, 0xfa, 0xc9, 0xfa, 0xc9, 0xfa, 0xc9, 0xfa, 0xc9, 0xfa, 0xc9, 0xfa,
    0xc9, 0xfa, 0xc9, 0xfa, 0xc9, 0xfa, 0xca, 0xa2, 0x00, 0x30, 0x00, 0x08,
    0x00, 0x08, 0x00, 0x00, 0x00, 0x08, 0x00, 0x08, 0x00, 0x08, 0x00, 0x08,
    0x00, 0x08, 0x00, 0x08, 0x00, 0x00, 0x00, 0x08, 0x00, 0x08, 0x00, 0x08,
    0x00, 0x00, 0x00, 0x08, 0x00, 0x08, 0x00, 0x08, 0x00, 0x08, 0x00, 0x00,
    0x00, 0x08, 0x00, 0x08, 0x00, 0x08, 0x00, 0x08, 0x00, 0x08, 0x00, 0x08,
    0x00, 0x08, 0xc5, 0xb9, 0x0a, 0xeb, 0xc9, 0xfa, 0xc9, 0xfa, 0xc9, 0xfa,
    0xc9, 0xfa, 0xc9, 0xfa, 0xc9, 0xfa, 0xc9, 0xfa, 0xc9, 0xfa, 0xc9, 0xfa,
    0xc9, 0xfa, 0xc9, 0xfa, 0xc9, 0xfa, 0xc9, 0xfa, 0xc9, 0xfa, 0xc9, 0xfa,
    0xc9, 0xfa, 0xc9, 0xfa, 0xc9, 0xfa, 0xc9, 0xfa, 0xc9, 0xfa, 0xc9, 0xfa,
    0xc9, 0xfa, 0xc9, 0xfa, 0xc9, 0xfa, 0xe9, 0xfa, 0x47, 0xda, 0x00, 0x08,
    0x00, 0x08, 0x00, 0x08, 0x00, 0x08, 0x20, 0x08, 0xff, 0xff, 0xff, 0xff,
    0xff, 0xff, 0xff, 0xff, 0xff, 0xff, 0xff, 0xff, 0xff, 0xff, 0xff, 0xff,
    0xff, 0xff, 0xff, 0xff, 0xff, 0xff, 0xff, 0xff, 0xff, 0xff, 0xff, 0xff,
    0x00, 0x08, 0x00, 0x08, 0x47, 0xda, 0xe9, 0xfa, 0xc9, 0xfa, 0xc9, 0xfa,
    0xc9, 0xfa, 0xc9, 0xfa, 0xc9, 0xfa, 0xc9, 0xfa, 0xc9, 0xfa, 0xc9, 0xfa,
    0xc9, 0xfa, 0xc9, 0xfa, 0xc9, 0xfa, 0xc9, 0xfa, 0xc9, 0xfa, 0xc9, 0xfa,
    0xc9, 0xfa, 0xc9, 0xfa, 0xc9, 0xfa, 0xc8, 0xfa, 0xc9, 0xfa, 0xc9, 0xfa,
    0xc8, 0xfa, 0xc9, 0xfa, 0xc9, 0xfa, 0xc9, 0xfa, 0x0a, 0xeb, 0xa5, 0xb9,
    0x00, 0x08, 0x00, 0x08, 0x20, 0x08, 0x00, 0x08, 0x00, 0x08, 0x20, 0x08,
    0x00, 0x00, 0x20, 0x08, 0x00, 0x08, 0x20, 0x08, 0x00, 0x08, 0x20, 0x08,
    0x00, 0x08, 0x20, 0x08, 0x00, 0x08, 0x20, 0x08, 0x00, 0x00, 0x20, 0x08,
    0x00, 0x08, 0x20, 0x08, 0x00, 0x08, 0x20, 0x08, 0x00, 0x08, 0x20, 0x08,
    0x00, 0x08, 0x00, 0x08, 0x00, 0x30, 0xca, 0xa2, 0xc9, 0xfa, 0xc9, 0xfa,
    0xc8, 0xfa, 0xc9, 0xfa, 0xc9, 0xfa, 0xc9, 0xfa, 0xc9, 0xfa, 0xc9, 0xfa,
    0xc9, 0xfa, 0xc9, 0xfa, 0xc9, 0xfa, 0xc8, 0xfa, 0xc9, 0xfa, 0xc9, 0xfa,
    0xc9, 0xfa, 0xc9, 0xfa, 0xc9, 0xfa, 0xc9, 0xfa, 0xc9, 0xfa, 0xc9, 0xfa,
    0xc9, 0xfa, 0xc9, 0xfa, 0xc9, 0xfa, 0xc9, 0xfa, 0xc9, 0xfa, 0xc9, 0xfa,
    0xc9, 0x92, 0x20, 0x30, 0x00, 0x08, 0x00, 0x00, 0x00, 0x08, 0x20, 0x08,
    0x20, 0x00, 0xff, 0xff, 0xff, 0xff, 0xff, 0xff, 0xff, 0xff, 0xff, 0xff,
    0x00, 0x00, 0x20, 0x08, 0x02, 0x99, 0x2b, 0xdb, 0xc9, 0xfa, 0xc9, 0xfa,
    0xc9, 0xfa, 0xc9, 0xfa, 0xc9, 0xfa, 0xc9, 0xfa, 0xc9, 0xfa, 0xc9, 0xfa,
    0xc9, 0xfa, 0xc9, 0xfa, 0xc9, 0xfa, 0xc9, 0xfa, 0xc9, 0xfa, 0xc9, 0xfa,
    0xc9, 0xfa, 0xc8, 0xfa, 0xc9, 0xfa, 0xc9, 0xfa, 0xc8, 0xfa, 0xc9, 0xfa,
    0xc9, 0xfa, 0xc9, 0xfa, 0xc8, 0xfa, 0xc9, 0xfa, 0xc9, 0xfa, 0xc8, 0xfa,
    0x20, 0x08, 0x00, 0x08, 0x00, 0x08, 0x00, 0x08, 0x00, 0x00, 0x00, 0x08,
    0xff, 0xff, 0xff, 0xff, 0xff, 0xff, 0xff, 0xff, 0xff, 0xff, 0xff, 0xff,
    0xff, 0xff, 0xff, 0xff, 0xff, 0xff, 0xff, 0xff, 0xff, 0xff, 0xff, 0xff,
    0xff, 0xff, 0xff, 0xff, 0xff, 0xff, 0xff, 0xff, 0xff, 0xff, 0xff, 0xff,
    0xff, 0xff, 0x21, 0x00, 0x00, 0x20, 0xe6, 0x59, 0xc9, 0xfa, 0xc9, 0xfa,
    0xc9, 0xfa, 0xc9, 0xfa, 0xc9, 0xfa, 0xc9, 0xfa, 0xc9, 0xfa, 0xc9, 0xfa,
    0xc9, 0xfa, 0xc9, 0xfa, 0xc9, 0xfa, 0xc9, 0xfa, 0xc9, 0xfa, 0xc8, 0xfa,
    0xc9, 0xfa, 0xc9, 0xfa, 0xc8, 0xfa, 0xc9, 0xfa, 0xc9, 0xfa, 0xc9, 0xfa,
    0xc8, 0xfa, 0xc9, 0xfa, 0xc9, 0xfa, 0xc9, 0xfa, 0xc9, 0xfa, 0xc9, 0xfa,
    0x6c, 0xc3, 0x00, 0x50, 0x00, 0x08, 0x20, 0x00, 0x00, 0x08, 0x00, 0x08,
    0x20, 0x00, 0xff, 0xff, 0xff, 0xff, 0xff, 0xff, 0xff, 0xff, 0xff, 0xff,
    0xff, 0xff, 0x20, 0x08, 0x00, 0x50, 0x8c, 0xc3, 0xc9, 0xfa, 0xc9, 0xfa,
    0xc9, 0xfa, 0xc8, 0xfa, 0xc9, 0xfa, 0xc9, 0xfa, 0xc9, 0xfa, 0xc9, 0xfa,
    0xc9, 0xfa, 0xc9, 0xfa, 0xc9, 0xfa, 0xc9, 0xfa, 0xc9, 0xfa, 0xc8, 0xfa,
    0xc9, 0xfa, 0xc9, 0xfa, 0xc9, 0xfa, 0xc9, 0xfa, 0xc9, 0xfa, 0xc9, 0xfa,
    0xc9, 0xfa, 0xc9, 0xfa, 0xc9, 0xfa, 0xc8, 0xfa, 0xc9, 0xfa, 0xc9, 0xfa,
    0xc6, 0x59, 0x00, 0x20, 0x20, 0x08, 0x00, 0x08, 0x00, 0x08, 0x20, 0x08,
    0x00, 0x08, 0x00, 0x08, 0x20, 0x08, 0x00, 0x08, 0x00, 0x08, 0x20, 0x08,
    0x00, 0x08, 0x00, 0x08, 0x00, 0x08, 0x00, 0x08, 0x00, 0x08, 0x00, 0x08,
    0x00, 0x08, 0x00, 0x00, 0x00, 0x08, 0x00, 0x08, 0x00, 0x08, 0x00, 0x08,
    0x00, 0x00, 0x00, 0x08, 0x00, 0x08, 0x00, 0x08, 0x00, 0x08, 0x00, 0x08,
    0x00, 0x08, 0x00, 0x08, 0x20, 0x08, 0x00, 0x00, 0x00, 0x08, 0x20, 0x08,
    0x00, 0x08, 0x00, 0x08, 0x20, 0x08, 0x00, 0x08, 0x00, 0x08, 0x20, 0x08,
    0x00, 0x08, 0x00, 0x08, 0x20, 0x08, 0x00, 0x08, 0x00, 0x08, 0x00, 0x08,
    0x20, 0x08, 0x00, 0x08, 0x00, 0x08, 0x00, 0x08, 0x00, 0x08, 0x20, 0x08,
    0x00, 0x08, 0x00, 0x08, 0x20, 0x08, 0x00, 0x08, 0x00, 0x00, 0x00, 0x08,
    0x20, 0x08, 0x00, 0x08, 0xff, 0xff, 0xff, 0xff, 0xff, 0xff, 0xff, 0xff,
    0xff, 0xff, 0x20, 0x00, 0x20, 0x30, 0xaa, 0x9a, 0xc9, 0xfa, 0xc9, 0xfa,
    0xc8, 0xfa, 0xc9, 0xfa, 0xc9, 0xfa, 0xc8, 0xfa, 0xc9, 0xfa, 0xc9, 0xfa,
    0xc9, 0xfa, 0xc9, 0xfa, 0xc9, 0xfa, 0xc9, 0xfa, 0xc9, 0xfa, 0xc9, 0xfa,
    0xc9, 0xfa, 0xc9, 0xfa, 0xc9, 0xfa, 0xc9, 0xfa, 0xc9, 0xfa, 0xc9, 0xfa,
    0xc9, 0xfa, 0xc9, 0xfa, 0xc8, 0xfa, 0xc9, 0xfa, 0xc9, 0xfa, 0xc9, 0xfa,
    0xca, 0xa2, 0x00, 0x30, 0x00, 0x08, 0x00, 0x08, 0x20, 0x08, 0x00, 0x00,
    0x00, 0x08, 0x20, 0x00, 0x00, 0x00, 0x20, 0x08, 0x00, 0x08, 0x20, 0x08,
    0x00, 0x00, 0x20, 0x08, 0x00, 0x08, 0x20, 0x08, 0x00, 0x00, 0x20, 0x08,
    0x00, 0x08, 0x20, 0x00, 0x00, 0x08, 0x00, 0x08, 0x20, 0x00, 0x00, 0x08,
    0x00, 0x00, 0x20, 0x00, 0x00, 0x08, 0x00, 0x08, 0xa5, 0xb9, 0x0a, 0xeb,
    0xc9, 0xfa, 0xc9, 0xfa, 0xc8, 0xfa, 0xc9, 0xfa, 0xc9, 0xfa, 0xc9, 0xfa,
    0xc9, 0xfa, 0xc9, 0xfa, 0xc9, 0xfa, 0xc9, 0xfa, 0xc9, 0xfa, 0xc9, 0xfa,
    0xc9, 0xfa, 0xc9, 0xfa, 0xc9, 0xfa, 0xc9, 0xfa, 0xc9, 0xfa, 0xc9, 0xfa,
    0xc9, 0xfa, 0xc9, 0xfa, 0xc9, 0xfa, 0xc9, 0xfa, 0xc9, 0xfa, 0xc9, 0xfa,
    0xc9, 0xf2, 0x47, 0xda, 0x00, 0x08, 0x00, 0x08, 0x20, 0x00, 0x00, 0x08,
    0x20, 0x00, 0x20, 0x08, 0xff, 0xff, 0xff, 0xff, 0xff, 0xff, 0xff, 0xff,
    0xff, 0xff, 0xff, 0xff, 0xff, 0xff, 0xff, 0xff, 0xff, 0xff, 0xff, 0xff,
    0xff, 0xff, 0xff, 0xff, 0xff, 0xff, 0x00, 0x08, 0x00, 0x08, 0x47, 0xda,
    0xe9, 0xf2, 0xc9, 0xfa, 0xc9, 0xfa, 0xc9, 0xfa, 0xc9, 0xfa, 0xc9, 0xfa,
    0xc9, 0xfa, 0xc9, 0xfa, 0xc9, 0xfa, 0xc9, 0xfa, 0xc9, 0xfa, 0xc9, 0xfa,
    0xc9, 0xfa, 0xc9, 0xfa, 0xc9, 0xfa, 0xc8, 0xfa, 0xc9, 0xfa, 0xc9, 0xfa,
    0xc9, 0xfa, 0xc9, 0xfa, 0xc9, 0xfa, 0xc9, 0xfa, 0xc9, 0xfa, 0xc9, 0xfa,
    0xc8, 0xfa, 0x0a, 0xeb, 0xc5, 0xb9, 0x00, 0x08, 0x00, 0x00, 0x20, 0x08,
    0x00, 0x08, 0x00, 0x00, 0x20, 0x08, 0x00, 0x08, 0x00, 0x08, 0x00, 0x08,
    0x00, 0x00, 0x20, 0x08, 0x00, 0x08, 0x00, 0x00, 0x00, 0x08, 0x20, 0x08,
    0x00, 0x08, 0x00, 0x08, 0x00, 0x08, 0x20, 0x08, 0x00, 0x08, 0x00, 0x08,
    0x00, 0x00, 0x20, 0x08, 0x00, 0x08, 0x00, 0x00, 0x20, 0x08, 0x00, 0x38,
    0xca, 0xa2, 0xc9, 0xfa, 0xc9, 0xfa, 0xc9, 0xfa, 0xc9, 0xfa, 0xc9, 0xfa,
    0xc9, 0xfa, 0xc9, 0xfa, 0xc9, 0xfa, 0xc9, 0xfa, 0xc9, 0xfa, 0xc9, 0xfa,
    0xc9, 0xfa, 0xc9, 0xfa, 0xc9, 0xfa, 0xc9, 0xfa, 0xc9, 0xfa, 0xc9, 0xfa,
    0xc9, 0xfa, 0xc9, 0xfa, 0xc9, 0xfa, 0xc9, 0xfa, 0xc9, 0xfa, 0xc9, 0xfa,
    0xc9, 0xfa, 0xc9, 0xfa, 0xc9, 0xfa, 0xaa, 0x92, 0x20, 0x30, 0x00, 0x08,
    0x00, 0x08, 0x00, 0x00, 0x00, 0x08, 0x21, 0x00, 0xff, 0xff, 0xff, 0xff,
    0xff, 0xff, 0xff, 0xff, 0xff, 0xff, 0x00, 0x08, 0x00, 0x08, 0x02, 0x99,
    0x2b, 0xe3, 0xc9, 0xfa, 0xc9, 0xfa, 0xc8, 0xfa, 0xc9, 0xfa, 0xc9, 0xfa,
    0xc8, 0xfa, 0xc9, 0xfa, 0xc9, 0xfa, 0xc9, 0xfa, 0xc9, 0xfa, 0xc9, 0xfa,
    0xc9, 0xfa, 0xc8, 0xfa, 0xc9, 0xfa, 0xc9, 0xfa, 0xc9, 0xfa, 0xc9, 0xfa,
    0xc9, 0xfa, 0xc9, 0xfa, 0xc9, 0xfa, 0xc9, 0xfa, 0xc9, 0xfa, 0xc9, 0xfa,
    0xc9, 0xfa, 0xc9, 0xfa, 0xc9, 0xfa, 0x20, 0x08, 0x00, 0x08, 0x00, 0x08,
    0x20, 0x00, 0x00, 0x08, 0x00, 0x08, 0xff, 0xff, 0xff, 0xff, 0xff, 0xff,
    0xff, 0xff, 0xff, 0xff, 0xff, 0xff, 0xff, 0xff, 0xff, 0xff, 0xff, 0xff,
    0xff, 0xff, 0xff, 0xff, 0xff, 0xff, 0xff, 0xff, 0xff, 0xff, 0xff, 0xff,
    0xff, 0xff, 0xff, 0xff, 0xff, 0xff, 0xff, 0xff, 0x20, 0x00, 0x00, 0x20,
    0xc6, 0x59, 0xc9, 0xfa, 0xc9, 0xfa, 0xc9, 0xfa, 0xc8, 0xfa, 0xc9, 0xfa,
    0xc9, 0xfa, 0xc8, 0xfa, 0xc9, 0xfa, 0xc9, 0xfa, 0xc9, 0xfa, 0xc9, 0xfa,
    0xc9, 0xfa, 0xc9, 0xfa, 0xc9, 0xfa, 0xc9, 0xfa, 0xc9, 0xfa, 0xc9, 0xfa,
    0xc9, 0xfa, 0xc9, 0xfa, 0xc9, 0xfa, 0xc9, 0xfa, 0xc9, 0xfa, 0xc9, 0xfa,
    0xc8, 0xfa, 0xc9, 0xfa, 0xc9, 0xfa, 0x6c, 0xcb, 0x00, 0x50, 0x00, 0x08,
    0x00, 0x08, 0x20, 0x08, 0x00, 0x08, 0x21, 0x00, 0xff, 0xff, 0xff, 0xff,
    0xff, 0xff, 0xff, 0xff, 0xff, 0xff, 0xff, 0xff, 0x20, 0x00, 0x00, 0x50,
    0x6c, 0xcb, 0xc9, 0xfa, 0xc9, 0xfa, 0xc9, 0xfa, 0xc9, 0xfa, 0xc9, 0xfa,
    0xc9, 0xfa, 0xc8, 0xfa, 0xc9, 0xfa, 0xc9, 0xfa, 0xc8, 0xfa, 0xc9, 0xfa,
    0xc9, 0xfa, 0xc9, 0xfa, 0xc9, 0xfa, 0xc9, 0xfa, 0xc9, 0xfa, 0xc9, 0xfa,
    0xc9, 0xfa, 0xc9, 0xfa, 0xc9, 0xfa, 0xc8, 0xfa, 0xc9, 0xfa, 0xc9, 0xfa,
    0xc9, 0xfa, 0xc9, 0xfa, 0xc9, 0xfa, 0xc6, 0x59, 0x00, 0x20, 0x00, 0x00,
    0x00, 0x08, 0x00, 0x08, 0x00, 0x00, 0x20, 0x00, 0x20, 0x00, 0x21, 0x00,
    0x21, 0x00, 0x20, 0x00, 0x21, 0x00, 0x21, 0x00, 0x20, 0x00, 0x21, 0x00,
    0x21, 0x00, 0x20, 0x00, 0x21, 0x00, 0x20, 0x00, 0x21, 0x00, 0x20, 0x00,
    0x21, 0x00, 0x20, 0x00, 0x21, 0x00, 0x21, 0x00, 0x20, 0x00, 0x21, 0x00,
    0x21, 0x00, 0x20, 0x00, 0x21, 0x00, 0x21, 0x00, 0x20, 0x00, 0x21, 0x00,
    0x21, 0x00, 0x20, 0x00, 0x21, 0x00, 0x20, 0x00, 0x21, 0x00, 0x20, 0x00,
    0x20, 0x00, 0x21, 0x00, 0x20, 0x00, 0x21, 0x00, 0x20, 0x00, 0x21, 0x00,
    0x21, 0x00, 0x20, 0x00, 0x21, 0x00, 0x20, 0x00, 0x21, 0x00, 0x20, 0x00,
    0x21, 0x00, 0x20, 0x00, 0x20, 0x00, 0x21, 0x00, 0x20, 0x00, 0x21, 0x00,
    0x20, 0x00, 0x21, 0x00, 0x20, 0x00, 0x21, 0x00, 0xff, 0xff, 0xff, 0xff,
    0xff, 0xff, 0xff, 0xff, 0xff, 0xff, 0xff, 0xff, 0x20, 0x00, 0x20, 0x30,
    0xa9, 0x92, 0xc9, 0xfa, 0xc9, 0xfa, 0xc9, 0xfa, 0xc9, 0xfa, 0xc9, 0xfa,
    0xc9, 0xfa, 0xc9, 0xfa, 0xc8, 0xfa, 0xc9, 0xfa, 0xc9, 0xfa, 0xc8, 0xfa,
    0xc9, 0xfa, 0xc9, 0xfa, 0xc8, 0xfa, 0xc9, 0xfa, 0xc9, 0xfa, 0xc8, 0xfa,
    0xc9, 0xfa, 0xc8, 0xfa, 0xc9, 0xfa, 0xc9, 0xfa, 0xc9, 0xfa, 0xc9, 0xfa,
    0xc9, 0xfa, 0xc9, 0xfa, 0xc8, 0xfa, 0xca, 0xa2, 0x00, 0x38, 0x00, 0x08,
    0x20, 0x08, 0x00, 0x08, 0x00, 0x08, 0x20, 0x08, 0x00, 0x08, 0x00, 0x08,
    0x00, 0x00, 0x20, 0x08, 0x00, 0x08, 0x00, 0x08, 0x00, 0x00, 0x20, 0x08,
    0x00, 0x08, 0x00, 0x08, 0x00, 0x00, 0x20, 0x08, 0x00, 0x08, 0x00, 0x08,
    0x20, 0x08, 0x00, 0x08, 0x00, 0x08, 0x20, 0x08, 0x00, 0x08, 0x00, 0x00,
    0x00, 0x08, 0xc5, 0xb9, 0x0a, 0xeb, 0xc9, 0xfa, 0xc9, 0xfa, 0xc9, 0xfa,
    0xc9, 0xfa, 0xc8, 0xfa, 0xc9, 0xfa, 0xc9, 0xfa, 0xc8, 0xfa, 0xc9, 0xfa,
    0xc9, 0xfa, 0xc8, 0xfa, 0xc9, 0xfa, 0xc9, 0xfa, 0xc9, 0xfa, 0xc9, 0xfa,
    0xc9, 0xfa, 0xc9, 0xfa, 0xc9, 0xfa, 0xc9, 0xfa, 0xc9, 0xfa, 0xc9, 0xfa,
    0xc9, 0xfa, 0xc9, 0xfa, 0xc9, 0xfa, 0xe9, 0xfa, 0x47, 0xda, 0x00, 0x08,
    0x00, 0x08, 0x00, 0x08, 0x00, 0x08, 0x00, 0x08, 0x00, 0x08, 0xff, 0xff,
    0xff, 0xff, 0xff, 0xff, 0xff, 0xff, 0xff, 0xff, 0xff, 0xff, 0xff, 0xff,
    0xff, 0xff, 0xff, 0xff, 0xff, 0xff, 0xff, 0xff, 0xff, 0xff, 0xff, 0xff,
    0x00, 0x08, 0x00, 0x08, 0x47, 0xda, 0xc9, 0xfa, 0xc9, 0xfa, 0xc9, 0xfa,
    0xc9, 0xfa, 0xc9, 0xfa, 0xc9, 0xfa, 0xc9, 0xfa, 0xc9, 0xfa, 0xc9, 0xfa,
    0xc9, 0xfa, 0xc9, 0xfa, 0xc9, 0xfa, 0xc9, 0xfa, 0xc9, 0xfa, 0xc9, 0xfa,
    0xc9, 0xfa, 0xc9, 0xfa, 0xc9, 0xfa, 0xc9, 0xfa, 0xc9, 0xfa, 0xc9, 0xfa,
    0xc9, 0xfa, 0xc9, 0xfa, 0xc9, 0xfa, 0xc9, 0xfa, 0x0a, 0xeb, 0xc5, 0xb9,
    0x00, 0x08, 0x00, 0x08, 0x00, 0x00, 0x00, 0x08, 0x00, 0x08, 0x00, 0x00,
    0x00, 0x08, 0x20, 0x08, 0x00, 0x00, 0x00, 0x08, 0x00, 0x08, 0x00, 0x00,
    0x00, 0x08, 0x00, 0x00, 0x00, 0x00, 0x00, 0x08, 0x00, 0x08, 0x00, 0x00,
    0x00, 0x00, 0x00, 0x08, 0x00, 0x08, 0x00, 0x00, 0x00, 0x08, 0x00, 0x08,
    0x00, 0x00, 0x00, 0x08, 0x00, 0x38, 0xca, 0xa2, 0xc9, 0xfa, 0xc9, 0xfa,
    0xc9, 0xfa, 0xc9, 0xfa, 0xc8, 0xfa, 0xc9, 0xfa, 0xc9, 0xfa, 0xc8, 0xfa,
    0xc9, 0xfa, 0xc9, 0xfa, 0xc9, 0xfa, 0xc9, 0xfa, 0xc9, 0xfa, 0xc9, 0xfa,
    0xc9, 0xfa, 0xc9, 0xfa, 0xc9, 0xfa, 0xc9, 0xfa, 0xc9, 0xfa, 0xc9, 0xfa,
    0xc9, 0xfa, 0xc9, 0xfa, 0xc9, 0xfa, 0xc9, 0xfa, 0xc9, 0xfa, 0xc9, 0xfa,
    0xa9, 0x92, 0x20, 0x30, 0x00, 0x08, 0x20, 0x08, 0x00, 0x08, 0x00, 0x08,
    0x20, 0x00, 0xff, 0xff, 0xff, 0xff, 0xff, 0xff, 0xff, 0xff, 0xff, 0xff,
    0x00, 0x08, 0x00, 0x00, 0x22, 0x99, 0x2a, 0xe3, 0xc9, 0xfa, 0xc9, 0xfa,
    0xc9, 0xfa, 0xc9, 0xfa, 0xc9, 0xfa, 0xc9, 0xfa, 0xc9, 0xfa, 0xc9, 0xfa,
    0xc8, 0xfa, 0xc9, 0xfa, 0xc9, 0xfa, 0xc9, 0xfa, 0xc9, 0xfa, 0xc9, 0xfa,
    0xc9, 0xfa, 0xc9, 0xfa, 0xc9, 0xfa, 0xc9, 0xfa, 0xc9, 0xfa, 0xc8, 0xfa,
    0xc9, 0xfa, 0xc9, 0xfa, 0xc9, 0xfa, 0xc9, 0xfa, 0xc9, 0xfa, 0xc9, 0xfa,
    0x20, 0x08, 0x00, 0x08, 0x00, 0x08, 0x00, 0x08, 0x20, 0x08, 0x00, 0x00,
    0xff, 0xff, 0xff, 0xff, 0xff, 0xff, 0xff, 0xff, 0xff, 0xff, 0xff, 0xff,
    0xff, 0xff, 0xff, 0xff, 0xff, 0xff, 0xff, 0xff, 0xff, 0xff, 0xff, 0xff,
    0xff, 0xff, 0xff, 0xff, 0xff, 0xff, 0xff, 0xff, 0xff, 0xff, 0xff, 0xff,
    0xff, 0xff, 0x21, 0x08, 0x00, 0x20, 0xc6, 0x59, 0xc9, 0xfa, 0xc9, 0xfa,
    0xc9, 0xfa, 0xc9, 0xfa, 0xc9, 0xfa, 0xc9, 0xfa, 0xc9, 0xfa, 0xc9, 0xfa,
    0xc9, 0xfa, 0xc8, 0xfa, 0xc9, 0xfa, 0xc9, 0xfa, 0xc8, 0xfa, 0xc9, 0xfa,
    0xc9, 0xfa, 0xc9, 0xfa, 0xc9, 0xfa, 0xc9, 0xfa, 0xc8, 0xfa, 0xc9, 0xfa,
    0xc9, 0xfa, 0xc9, 0xfa, 0xc9, 0xfa, 0xc9, 0xfa, 0xc9, 0xfa, 0xc9, 0xfa,
    0x6c, 0xc3, 0x00, 0x50, 0x00, 0x08, 0x00, 0x08, 0x00, 0x00, 0x20, 0x08,
    0x20, 0x00, 0xff, 0xff, 0xff, 0xff, 0xff, 0xff, 0xff, 0xff, 0xff, 0xff,
    0xff, 0xff, 0x21, 0x00, 0x00, 0x50, 0x6c, 0xcb, 0xc9, 0xfa, 0xc9, 0xfa,
    0xc9, 0xfa, 0xc9, 0xfa, 0xc9, 0xfa, 0xc9, 0xfa, 0xc9, 0xfa, 0xc9, 0xfa,
    0xc9, 0xfa, 0xc9, 0xfa, 0xc9, 0xfa, 0xc9, 0xfa, 0xc9, 0xfa, 0xc9, 0xfa,
    0xc8, 0xfa, 0xc9, 0xfa, 0xc9, 0xfa, 0xc8, 0xfa, 0xc9, 0xfa, 0xc9, 0xfa,
    0xc9, 0xfa, 0xc9, 0xfa, 0xc9, 0xfa, 0xc9, 0xfa, 0xc9, 0xfa, 0xc9, 0xfa,
    0xe6, 0x59, 0x00, 0x20, 0x00, 0x08, 0x20, 0x00, 0x00, 0x08, 0x00, 0x08,
    0x20, 0x08, 0xff, 0xff, 0xff, 0xff, 0xff, 0xff, 0xff, 0xff, 0xff, 0xff,
    0xff, 0xff, 0xff, 0xff, 0xff, 0xff, 0xff, 0xff, 0xff, 0xff, 0xff, 0xff,
    0xff, 0xff, 0xff, 0xff, 0xff, 0xff, 0xff, 0xff, 0xff, 0xff, 0xff, 0xff,
    0xff, 0xff, 0xff, 0xff, 0xff, 0xff, 0xff, 0xff, 0xff, 0xff, 0xff, 0xff,
    0xff, 0xff, 0xff, 0xff, 0xff, 0xff, 0xff, 0xff, 0xff, 0xff, 0xff, 0xff,
    0xff, 0xff, 0xff, 0xff, 0xff, 0xff, 0xff, 0xff, 0xff, 0xff, 0xff, 0xff,
    0xff, 0xff, 0xff, 0xff, 0xff, 0xff, 0xff, 0xff, 0xff, 0xff, 0xff, 0xff,
    0xff, 0xff, 0xff, 0xff, 0xff, 0xff, 0xff, 0xff, 0xff, 0xff, 0xff, 0xff,
    0xff, 0xff, 0xff, 0xff, 0xff, 0xff, 0xff, 0xff, 0xff, 0xff, 0xff, 0xff,
    0xff, 0xff, 0xff, 0xff, 0xff, 0xff, 0xff, 0xff, 0xff, 0xff, 0xff, 0xff,
    0xff, 0xff, 0x21, 0x08, 0x20, 0x30, 0xaa, 0x92, 0xc9, 0xfa, 0xc9, 0xfa,
    0xc9, 0xfa, 0xc9, 0xfa, 0xc9, 0xfa, 0xc9, 0xfa, 0xc9, 0xfa, 0xc9, 0xfa,
    0xc9, 0xfa, 0xc9, 0xfa, 0xc9, 0xfa, 0xc9, 0xfa, 0xc9, 0xfa, 0xc9, 0xfa,
    0xc9, 0xfa, 0xc9, 0xfa, 0xc9, 0xfa, 0xc9, 0xfa, 0xc9, 0xfa, 0xc9, 0xfa,
    0xc9, 0xfa, 0xc8, 0xfa, 0xc9, 0xfa, 0xc9, 0xfa, 0xc9, 0xfa, 0xc9, 0xfa,
    0xca, 0xa2, 0x00, 0x30, 0x00, 0x08, 0x00, 0x00, 0x00, 0x00, 0x00, 0x08,
    0x00, 0x08, 0x00, 0x08, 0x00, 0x08, 0x00, 0x08, 0x00, 0x00, 0x00, 0x08,
    0x00, 0x08, 0x00, 0x08, 0x00, 0x00, 0x00, 0x08, 0x00, 0x08, 0x00, 0x08,
    0x00, 0x00, 0x00, 0x08, 0x00, 0x08, 0x00, 0x00, 0x00, 0x08, 0x00, 0x08,
    0x00, 0x08, 0x00, 0x08, 0x00, 0x08, 0x00, 0x08, 0xc5, 0xb9, 0x0a, 0xeb,
    0xc9, 0xfa, 0xc9, 0xfa, 0xc9, 0xfa, 0xc9, 0xfa, 0xc9, 0xfa, 0xc9, 0xfa,
    0xc9, 0xfa, 0xc9, 0xfa, 0xc9, 0xfa, 0xc9, 0xfa, 0xc9, 0xfa, 0xc9, 0xfa,
    0xc9, 0xfa, 0xc8, 0xfa, 0xc9, 0xfa, 0xc9, 0xfa, 0xc9, 0xfa, 0xc9, 0xfa,
    0xc9, 0xfa, 0xc9, 0xfa, 0xc9, 0xfa, 0xc9, 0xfa, 0xc9, 0xfa, 0xc9, 0xfa,
    0xc9, 0xfa, 0x47, 0xda, 0x00, 0x08, 0x00, 0x00, 0x20, 0x08, 0x00, 0x08,
    0x00, 0x00, 0x00, 0x08, 0xff, 0xff, 0xff, 0xff, 0xff, 0xff, 0xff, 0xff,
    0xff, 0xff, 0xff, 0xff, 0xff, 0xff, 0xff, 0xff, 0xff, 0xff, 0xff, 0xff,
    0xff, 0xff, 0xff, 0xff, 0xff, 0xff, 0x00, 0x00, 0x00, 0x08, 0x47, 0xda,
    0xe9, 0xfa, 0xc9, 0xfa, 0xc9, 0xfa, 0xc9, 0xfa, 0xc9, 0xfa, 0xc9, 0xfa,
    0xc9, 0xfa, 0xc9, 0xfa, 0xc9, 0xfa, 0xc9, 0xfa, 0xc9, 0xfa, 0xc9, 0xfa,
    0xc9, 0xfa, 0xc8, 0xfa, 0xc9, 0xfa, 0xc9, 0xfa, 0xc9, 0xfa, 0xc8, 0xfa,
    0xc9, 0xfa, 0xc9, 0xfa, 0xc8, 0xfa, 0xc9, 0xfa, 0xc9, 0xfa, 0xc8, 0xfa,
    0xc9, 0xfa, 0x0a, 0xeb, 0xa5, 0xb9, 0x00, 0x08, 0x00, 0x08, 0x20, 0x08,
    0x00, 0x08, 0x20, 0x08, 0x00, 0x08, 0xff, 0xff, 0xff, 0xff, 0xff, 0xff,
    0xff, 0xff, 0xff, 0xff, 0xff, 0xff, 0xff, 0xff, 0xff, 0xff, 0xff, 0xff,
    0xff, 0xff, 0xff, 0xff, 0xff, 0xff, 0xff, 0xff, 0xff, 0xff, 0xff, 0xff,
    0xff, 0xff, 0xff, 0xff, 0xff, 0xff, 0xff, 0xff, 0x21, 0x00, 0x00, 0x30,
    0xca, 0xa2, 0xc9, 0xfa, 0xc9, 0xfa, 0xc9, 0xfa, 0xc9, 0xfa, 0xc9, 0xfa,
    0xc9, 0xfa, 0xc9, 0xfa, 0xc9, 0xfa, 0xc9, 0xfa, 0xc8, 0xfa, 0xc9, 0xfa,
    0xc9, 0xfa, 0xc8, 0xfa, 0xc9, 0xfa, 0xc9, 0xfa, 0xc9, 0xfa, 0xc9, 0xfa,
    0xc9, 0xfa, 0xc9, 0xfa, 0xc9, 0xfa, 0xc9, 0xfa, 0xc9, 0xfa, 0xc9, 0xfa,
    0xc9, 0xfa, 0xc9, 0xfa, 0xc9, 0xfa, 0xa9, 0x92, 0x20, 0x30, 0x00, 0x08,
    0x00, 0x08, 0x20, 0x00, 0x00, 0x08, 0x20, 0x00, 0xff, 0xff, 0xff, 0xff,
    0xff, 0xff, 0xff, 0xff, 0xff, 0xff, 0x20, 0x08, 0x00, 0x08, 0x03, 0x99,
    0x2a, 0xdb, 0xc9, 0xfa, 0xc9, 0xfa, 0xc9, 0xfa, 0xc9, 0xfa, 0xc9, 0xfa,
    0xc9, 0xfa, 0xc9, 0xfa, 0xc9, 0xfa, 0xc9, 0xfa, 0xc9, 0xfa, 0xc8, 0xfa,
    0xc9, 0xfa, 0xc9, 0xfa, 0xc9, 0xfa, 0xc8, 0xfa, 0xc9, 0xfa, 0xc9, 0xfa,
    0xc8, 0xfa, 0xc9, 0xfa, 0xc9, 0xfa, 0xc9, 0xfa, 0xc8, 0xfa, 0xc9, 0xfa,
    0xc9, 0xfa, 0xc8, 0xfa, 0xc9, 0xfa, 0x20, 0x08, 0x00, 0x08, 0x00, 0x08,
    0x00, 0x08, 0x00, 0x00, 0x20, 0x08, 0xff, 0xff, 0xff, 0xff, 0xff, 0xff,
    0xff, 0xff, 0xff, 0xff, 0xff, 0xff, 0xff, 0xff, 0xff, 0xff, 0xff, 0xff,
    0xff, 0xff, 0xff, 0xff, 0xff, 0xff, 0xff, 0xff, 0xff, 0xff, 0xff, 0xff,
    0xff, 0xff, 0xff, 0xff, 0xff, 0xff, 0xff, 0xff, 0x20, 0x00, 0x00, 0x20,
    0xc6, 0x59, 0xc9, 0xfa, 0xc9, 0xfa, 0xc9, 0xfa, 0xc9, 0xfa, 0xc9, 0xfa,
    0xc9, 0xfa, 0xc9, 0xfa, 0xc9, 0xfa, 0xc9, 0xfa, 0xc9, 0xfa, 0xc9, 0xfa,
    0xc9, 0xfa, 0xc9, 0xfa, 0xc9, 0xfa, 0xc9, 0xfa, 0xc8, 0xfa, 0xc9, 0xfa,
    0xc9, 0xfa, 0xc9, 0xfa, 0xc9, 0xfa, 0xc9, 0xfa, 0xc8, 0xfa, 0xc9, 0xfa,
    0xc9, 0xfa, 0xc9, 0xfa, 0xc9, 0xfa, 0x8c, 0xc3, 0x00, 0x50, 0x20, 0x08,
    0x00, 0x00, 0x00, 0x08, 0x00, 0x08, 0x20, 0x00, 0xff, 0xff, 0xff, 0xff,
    0xff, 0xff, 0xff, 0xff, 0xff, 0xff, 0xff, 0xff, 0x20, 0x08, 0x00, 0x50,
    0x6c, 0xc3, 0xc9, 0xfa, 0xc9, 0xfa, 0xc9, 0xfa, 0xc8, 0xfa, 0xc9, 0xfa,
    0xc9, 0xfa, 0xc9, 0xfa, 0xc9, 0xfa, 0xc9, 0xfa, 0xc9, 0xfa, 0xc9, 0xfa,
    0xc8, 0xfa, 0xc9, 0xfa, 0xc9, 0xfa, 0xc9, 0xfa, 0xc9, 0xfa, 0xc9, 0xfa,
    0xc9, 0xfa, 0xc9, 0xfa, 0xc9, 0xfa, 0xc9, 0xfa, 0xc9, 0xfa, 0xc8, 0xfa,
    0xc9, 0xfa, 0xc9, 0xfa, 0xc9, 0xfa, 0xc6, 0x59, 0x00, 0x20, 0x00, 0x08,
    0x20, 0x08, 0x00, 0x08, 0x00, 0x08, 0x21, 0x00, 0xff, 0xff, 0xff, 0xff,
    0xff, 0xff, 0xff, 0xff, 0xff, 0xff, 0xff, 0xff, 0xff, 0xff, 0xff, 0xff,
    0xff, 0xff, 0xff, 0xff, 0xff, 0xff, 0xff, 0xff, 0xff, 0xff, 0xff, 0xff,
    0xff, 0xff, 0xff, 0xff, 0xff, 0xff, 0xff, 0xff, 0xff, 0xff, 0xff, 0xff,
    0xff, 0xff, 0xff, 0xff, 0xff, 0xff, 0xff, 0xff, 0xff, 0xff, 0xff, 0xff,
    0xff, 0xff, 0xff, 0xff, 0xff, 0xff, 0xff, 0xff, 0xff, 0xff, 0xff, 0xff,
    0xff, 0xff, 0xff, 0xff, 0xff, 0xff, 0xff, 0xff, 0xff, 0xff, 0xff, 0xff,
    0xff, 0xff, 0xff, 0xff, 0xff, 0xff, 0xff, 0xff, 0xff, 0xff, 0xff, 0xff,
    0xff, 0xff, 0xff, 0xff, 0xff, 0xff, 0xff, 0xff, 0xff, 0xff, 0xff, 0xff,
    0xff, 0xff, 0xff, 0xff, 0xff, 0xff, 0xff, 0xff, 0xff, 0xff, 0xff, 0xff,
    0xff, 0xff, 0xff, 0xff, 0xff, 0xff, 0xff, 0xff, 0x20, 0x00, 0x20, 0x30,
    0xaa, 0x9a, 0xc9, 0xfa, 0xc9, 0xfa, 0xc8, 0xfa, 0xc9, 0xfa, 0xc9, 0xfa,
    0xc8, 0xfa, 0xc9, 0xfa, 0xc9, 0xfa, 0xc9, 0xfa, 0xc9, 0xfa, 0xc9, 0xfa,
    0xc9, 0xfa, 0xc9, 0xfa, 0xc9, 0xfa, 0xc9, 0xfa, 0xc9, 0xfa, 0xc9, 0xfa,
    0xc9, 0xfa, 0xc9, 0xfa, 0xc9, 0xfa, 0xc9, 0xfa, 0xc9, 0xfa, 0xc9, 0xfa,
    0xc9, 0xfa, 0xc9, 0xfa, 0xc9, 0xfa, 0xca, 0xa2, 0x00, 0x38, 0x20, 0x08,
    0x00, 0x08, 0x20, 0x08, 0x00, 0x00, 0x21, 0x00, 0xff, 0xff, 0xff, 0xff,
    0xff, 0xff, 0xff, 0xff, 0xff, 0xff, 0xff, 0xff, 0xff, 0xff, 0xff, 0xff,
    0xff, 0xff, 0xff, 0xff, 0xff, 0xff, 0xff, 0xff, 0xff, 0xff, 0xff, 0xff,
    0xff, 0xff, 0xff, 0xff, 0xff, 0xff, 0xff, 0xff, 0xff, 0xff, 0x20, 0x00,
    0x00, 0x08, 0xa5, 0xb9, 0x0a, 0xeb, 0xc9, 0xfa, 0xc8, 0xfa, 0xc9, 0xfa,
    0xc9, 0xfa, 0xc9, 0xfa, 0xc9, 0xfa, 0xc8, 0xfa, 0xc9, 0xfa, 0xc9, 0xfa,
    0xc9, 0xfa, 0xc9, 0xfa, 0xc9, 0xfa, 0xc9, 0xfa, 0xc9, 0xfa, 0xc9, 0xfa,
    0xc9, 0xfa, 0xc9, 0xfa, 0xc9, 0xfa, 0xc9, 0xfa, 0xc9, 0xfa, 0xc9, 0xfa,
    0xc9, 0xfa, 0xc9, 0xfa, 0xc9, 0xfa, 0xc9, 0xf2, 0x47, 0xda, 0x00, 0x08,
    0x00, 0x08, 0x20, 0x00, 0x00, 0x08, 0x20, 0x08, 0x00, 0x00, 0xff, 0xff,
    0xff, 0xff, 0xff, 0xff, 0xff, 0xff, 0xff, 0xff, 0xff, 0xff, 0xff, 0xff,
    0xff, 0xff, 0xff, 0xff, 0xff, 0xff, 0xff, 0xff, 0xff, 0xff, 0xff, 0xff,
    0x00, 0x08, 0x00, 0x08, 0x47, 0xda, 0xe9, 0xfa, 0xc9, 0xfa, 0xc9, 0xfa,
    0xc9, 0xfa, 0xc9, 0xfa, 0xc9, 0xfa, 0xc9, 0xfa, 0xc9, 0xfa, 0xc9, 0xfa,
    0xc9, 0xfa, 0xc9, 0xfa, 0xc9, 0xfa, 0xc9, 0xfa, 0xc9, 0xfa, 0xc9, 0xfa,
    0xc9, 0xfa, 0xc9, 0xfa, 0xc9, 0xfa, 0xc9, 0xfa, 0xc9, 0xfa, 0xc9, 0xfa,
    0xc9, 0xfa, 0xc9, 0xfa, 0xc9, 0xfa, 0xc9, 0xfa, 0x0a, 0xeb, 0xa4, 0xb9,
    0x00, 0x08, 0x20, 0x00, 0x00, 0x08, 0x00, 0x00, 0x00, 0x08, 0x20, 0x08,
    0xff, 0xff, 0xff, 0xff, 0xff, 0xff, 0xff, 0xff, 0xff, 0xff, 0xff, 0xff,
    0xff, 0xff, 0xff, 0xff, 0xff, 0xff, 0xff, 0xff, 0xff, 0xff, 0xff, 0xff,
    0xff, 0xff, 0xff, 0xff, 0xff, 0xff, 0xff, 0xff, 0xff, 0xff, 0xff, 0xff,
    0xff, 0xff, 0x20, 0x00, 0x00, 0x38, 0xca, 0xa2, 0xc9, 0xfa, 0xc9, 0xfa,
    0xc8, 0xfa, 0xc9, 0xfa, 0xc9, 0xfa, 0xc9, 0xfa, 0xc9, 0xfa, 0xc9, 0xfa,
    0xc9, 0xfa, 0xc9, 0xfa, 0xc9, 0xfa, 0xc9, 0xfa, 0xc9, 0xfa, 0xc9, 0xfa,
    0xc8, 0xfa, 0xc9, 0xfa, 0xc9, 0xfa, 0xc8, 0xfa, 0xc9, 0xfa, 0xc9, 0xfa,
    0xc8, 0xfa, 0xc9, 0xfa, 0xc9, 0xfa, 0xc9, 0xfa, 0xc9, 0xfa, 0xc9, 0xfa,
    0xaa, 0x92, 0x20, 0x30, 0x00, 0x08, 0x00, 0x08, 0x00, 0x08, 0x20, 0x08,
    0x21, 0x00, 0xff, 0xff, 0xff, 0xff, 0xff, 0xff, 0xff, 0xff, 0xff, 0xff,
    0x00, 0x08, 0x00, 0x08, 0x02, 0x99, 0x2b, 0xe3, 0xc9, 0xfa, 0xc9, 0xfa,
    0xc9, 0xfa, 0xc8, 0xfa, 0xc9, 0xfa, 0xc9, 0xfa, 0xc8, 0xfa, 0xc9, 0xfa,
    0xc9, 0xfa, 0xc9, 0xfa, 0xc9, 0xfa, 0xc9, 0xfa, 0xc9, 0xfa, 0xc9, 0xfa,
    0xc9, 0xfa, 0xc9, 0xfa, 0xc9, 0xfa, 0xc9, 0xfa, 0xc9, 0xfa, 0xc9, 0xfa,
    0xc9, 0xfa, 0xc9, 0xfa, 0xc9, 0xfa, 0xc9, 0xfa, 0xc9, 0xfa, 0xc9, 0xfa,
    0x20, 0x08, 0x00, 0x08, 0x00, 0x08, 0x00, 0x08, 0x00, 0x08, 0x00, 0x08,
    0xff, 0xff, 0xff, 0xff, 0xff, 0xff, 0xff, 0xff, 0xff, 0xff, 0xff, 0xff,
    0xff, 0xff, 0xff, 0xff, 0xff, 0xff, 0xff, 0xff, 0xff, 0xff, 0xff, 0xff,
    0xff, 0xff, 0xff, 0xff, 0xff, 0xff, 0xff, 0xff, 0xff, 0xff, 0xff, 0xff,
    0xff, 0xff, 0x20, 0x00, 0x00, 0x20, 0xe6, 0x59, 0xc9, 0xfa, 0xc9, 0xfa,
    0xc9, 0xfa, 0xc9, 0xfa, 0xc8, 0xfa, 0xc9, 0xfa, 0xc9, 0xfa, 0xc8, 0xfa,
    0xc9, 0xfa, 0xc9, 0xfa, 0xc9, 0xfa, 0xc9, 0xfa, 0xc9, 0xfa, 0xc9, 0xfa,
    0xc9, 0xfa, 0xc9, 0xfa, 0xc9, 0xfa, 0xc9, 0xfa, 0xc9, 0xfa, 0xc9, 0xfa,
    0xc9, 0xfa, 0xc9, 0xfa, 0xc9, 0xfa, 0xc9, 0xfa, 0xc8, 0xfa, 0xc9, 0xfa,
    0x6c, 0xcb, 0x00, 0x50, 0x00, 0x08, 0x20, 0x08, 0x00, 0x08, 0x00, 0x08,
    0x20, 0x00, 0xff, 0xff, 0xff, 0xff, 0xff, 0xff, 0xff, 0xff, 0xff, 0xff,
    0xff, 0xff, 0x20, 0x00, 0x00, 0x50, 0x8c, 0xc3, 0xc9, 0xfa, 0xc9, 0xfa,
    0xc9, 0xfa, 0xc9, 0xfa, 0xc9, 0xfa, 0xc8, 0xfa, 0xc9, 0xfa, 0xc9, 0xfa,
    0xc8, 0xfa, 0xc9, 0xfa, 0xc9, 0xfa, 0xc9, 0xfa, 0xc9, 0xfa, 0xc9, 0xfa,
    0xc9, 0xfa, 0xc9, 0xfa, 0xc9, 0xfa, 0xc9, 0xfa, 0xc8, 0xfa, 0xc9, 0xfa,
    0xc9, 0xfa, 0xc9, 0xfa, 0xc9, 0xfa, 0xc9, 0xfa, 0xc9, 0xfa, 0xc9, 0xfa,
    0xc6, 0x59, 0x00, 0x20, 0x00, 0x00, 0x00, 0x08, 0x20, 0x08, 0x00, 0x00,
    0x20, 0x00, 0xff, 0xff, 0xff, 0xff, 0xff, 0xff, 0xff, 0xff, 0xff, 0xff,
    0xff, 0xff, 0xff, 0xff, 0xff, 0xff, 0xff, 0xff, 0xff, 0xff, 0xff, 0xff,
    0xff, 0xff, 0xff, 0xff, 0xff, 0xff, 0xff, 0xff, 0xff, 0xff, 0xff, 0xff,
    0xff, 0xff, 0xff, 0xff, 0xff, 0xff, 0xff, 0xff, 0xff, 0xff, 0xff, 0xff,
    0xff, 0xff, 0xff, 0xff, 0xff, 0xff, 0xff, 0xff, 0xff, 0xff, 0xff, 0xff,
    0xff, 0xff, 0xff, 0xff, 0xff, 0xff, 0xff, 0xff, 0xff, 0xff, 0xff, 0xff,
    0xff, 0xff, 0xff, 0xff, 0xff, 0xff, 0xff, 0xff, 0xff, 0xff, 0xff, 0xff,
    0xff, 0xff, 0xff, 0xff, 0xff, 0xff, 0xff, 0xff, 0xff, 0xff, 0xff, 0xff,
    0xff, 0xff, 0xff, 0xff, 0xff, 0xff, 0xff, 0xff, 0xff, 0xff, 0xff, 0xff,
    0xff, 0xff, 0xff, 0xff, 0xff, 0xff, 0xff, 0xff, 0xff, 0xff, 0xff, 0xff,
    0xff, 0xff, 0x21, 0x00, 0x20, 0x30, 0xa9, 0x92, 0xc9, 0xfa, 0xc9, 0xfa,
    0xc9, 0xfa, 0xc9, 0xfa, 0xc9, 0xfa, 0xc9, 0xfa, 0xc9, 0xfa, 0xc9, 0xfa,
    0xc8, 0xfa, 0xc9, 0xfa, 0xc9, 0xfa, 0xc8, 0xfa, 0xc9, 0xfa, 0xc9, 0xfa,
    0xc8, 0xfa, 0xc9, 0xfa, 0xc9, 0xfa, 0xc8, 0xfa, 0xc9, 0xfa, 0xc9, 0xfa,
    0xc8, 0xfa, 0xc9, 0xfa, 0xc9, 0xfa, 0xc8, 0xfa, 0xc9, 0xfa, 0xc9, 0xfa,
    0xca, 0xa2, 0x00, 0x30, 0x00, 0x08, 0x00, 0x08, 0x20, 0x08, 0x00, 0x08,
    0x20, 0x00, 0xff, 0xff, 0xff, 0xff, 0xff, 0xff, 0xff, 0xff, 0xff, 0xff,
    0xff, 0xff, 0xff, 0xff, 0xff, 0xff, 0xff, 0xff, 0xff, 0xff, 0xff, 0xff,
    0xff, 0xff, 0xff, 0xff, 0xff, 0xff, 0xff, 0xff, 0xff, 0xff, 0xff, 0xff,
    0xff, 0xff, 0xff, 0xff, 0x20, 0x08, 0x00, 0x00, 0xc5, 0xb9, 0x0a, 0xeb,
    0xc9, 0xfa, 0xc9, 0xfa, 0xc9, 0xfa, 0xc8, 0xfa, 0xc9, 0xfa, 0xc9, 0xfa,
    0xc9, 0xfa, 0xc9, 0xfa, 0xc9, 0xfa, 0xc8, 0xfa, 0xc9, 0xfa, 0xc9, 0xfa,
    0xc8, 0xfa, 0xc9, 0xfa, 0xc9, 0xfa, 0xc9, 0xfa, 0xc8, 0xfa, 0xc9, 0xfa,
    0xc9, 0xfa, 0xc9, 0xfa, 0xc9, 0xfa, 0xc9, 0xfa, 0xc9, 0xfa, 0xc9, 0xfa,
    0xe9, 0xfa, 0x47, 0xda, 0x00, 0x08, 0x00, 0x08, 0x00, 0x08, 0x00, 0x08,
    0x00, 0x08, 0x20, 0x08, 0xff, 0xff, 0xff, 0xff, 0xff, 0xff, 0xff, 0xff,
    0xff, 0xff, 0xff, 0xff, 0xff, 0xff, 0xff, 0xff, 0xff, 0xff, 0xff, 0xff,
    0xff, 0xff, 0xff, 0xff, 0xff, 0xff, 0x00, 0x08, 0x00, 0x08, 0x47, 0xda,
    0xc9, 0xf2, 0xc9, 0xfa, 0xc9, 0xfa, 0xc9, 0xfa, 0xc9, 0xfa, 0xc8, 0xfa,
    0xc9, 0xfa, 0xc9, 0xfa, 0xc8, 0xfa, 0xc9, 0xfa, 0xc9, 0xfa, 0xc8, 0xfa,
    0xc9, 0xfa, 0xc9, 0xfa, 0xc9, 0xfa, 0xc8, 0xfa, 0xc9, 0xfa, 0xc9, 0xfa,
    0xc9, 0xfa, 0xc9, 0xfa, 0xc9, 0xfa, 0xc9, 0xfa, 0xc9, 0xfa, 0xc9, 0xfa,
    0xc9, 0xfa, 0x0a, 0xeb, 0xc5, 0xb9, 0x00, 0x08, 0x00, 0x08, 0x00, 0x00,
    0x00, 0x08, 0x00, 0x08, 0x00, 0x00, 0xff, 0xff, 0xff, 0xff, 0xff, 0xff,
    0xff, 0xff, 0xff, 0xff, 0xff, 0xff, 0xff, 0xff, 0xff, 0xff, 0xff, 0xff,
    0xff, 0xff, 0xff, 0xff, 0xff, 0xff, 0xff, 0xff, 0xff, 0xff, 0xff, 0xff,
    0xff, 0xff, 0xff, 0xff, 0xff, 0xff, 0xff, 0xff, 0x20, 0x00, 0x00, 0x38,
    0xca, 0xa2, 0xc9, 0xfa, 0xc9, 0xfa, 0xc9, 0xfa, 0xc9, 0xfa, 0xc9, 0xfa,
    0xc8, 0xfa, 0xc9, 0xfa, 0xc9, 0xfa, 0xc8, 0xfa, 0xc9, 0xfa, 0xc9, 0xfa,
    0xc9, 0xfa, 0xc9, 0xfa, 0xc9, 0xfa, 0xc9, 0xfa, 0xc9, 0xfa, 0xc9, 0xfa,
    0xc9, 0xfa, 0xc9, 0xfa, 0xc9, 0xfa, 0xc9, 0xfa, 0xc9, 0xfa, 0xc9, 0xfa,
    0xc8, 0xfa, 0xc9, 0xfa, 0xc9, 0xfa, 0xa9, 0x92, 0x20, 0x30, 0x20, 0x08,
    0x00, 0x08, 0x00, 0x00, 0x00, 0x08, 0x20, 0x00, 0xff, 0xff, 0xff, 0xff,
    0xff, 0xff, 0xff, 0xff, 0xff, 0xff, 0x00, 0x00, 0x20, 0x00, 0x02, 0x99,
    0x2b, 0xe3, 0xc9, 0xfa, 0xc9, 0xfa, 0xc9, 0xfa, 0xc9, 0xfa, 0xc9, 0xfa,
    0xc9, 0xfa, 0xc9, 0xfa, 0xc9, 0xfa, 0xc9, 0xfa, 0xc9, 0xfa, 0xc9, 0xfa,
    0xc9, 0xfa, 0xc8, 0xfa, 0xc9, 0xfa, 0xc9, 0xfa, 0xc9, 0xfa, 0xc9, 0xfa,
    0xc9, 0xfa, 0xc9, 0xfa, 0xc9, 0xfa, 0xc9, 0xfa, 0xc9, 0xfa, 0xc9, 0xfa,
    0xc9, 0xfa, 0xc9, 0xfa, 0xc9, 0xfa, 0x20, 0x08, 0x00, 0x08, 0x00, 0x08,
    0x20, 0x00, 0x00, 0x08, 0x00, 0x08, 0xff, 0xff, 0xff, 0xff, 0xff, 0xff,
    0xff, 0xff, 0xff, 0xff, 0xff, 0xff, 0xff, 0xff, 0xff, 0xff, 0xff, 0xff,
    0xff, 0xff, 0xff, 0xff, 0xff, 0xff, 0xff, 0xff, 0xff, 0xff, 0xff, 0xff,
    0xff, 0xff, 0xff, 0xff, 0xff, 0xff, 0xff, 0xff, 0x21, 0x00, 0x00, 0x20,
    0xc6, 0x59, 0xc9, 0xfa, 0xc9, 0xfa, 0xc9, 0xfa, 0xc9, 0xfa, 0xc9, 0xfa,
    0xc9, 0xfa, 0xc9, 0xfa, 0xc9, 0xfa, 0xc9, 0xfa, 0xc9, 0xfa, 0xc8, 0xfa,
    0xc9, 0xfa, 0xc9, 0xfa, 0xc8, 0xfa, 0xc9, 0xfa, 0xc9, 0xfa, 0xc9, 0xfa,
    0xc8, 0xfa, 0xc9, 0xfa, 0xc9, 0xfa, 0xc8, 0xfa, 0xc9, 0xfa, 0xc9, 0xfa,
    0xc9, 0xfa, 0xc9, 0xfa, 0xc9, 0xfa, 0x6c, 0xc3, 0x00, 0x50, 0x00, 0x08,
    0x00, 0x08, 0x20, 0x00, 0x00, 0x08, 0x21, 0x00, 0xff, 0xff, 0xff, 0xff,
    0xff, 0xff, 0xff, 0xff, 0xff, 0xff, 0xff, 0xff, 0x21, 0x00, 0x00, 0x50,
    0x6c, 0xcb, 0xc9, 0xfa, 0xc9, 0xfa, 0xc9, 0xfa, 0xc9, 0xfa, 0xc9, 0xfa,
    0xc9, 0xfa, 0xc9, 0xfa, 0xc9, 0xfa, 0xc9, 0xfa, 0xc9, 0xfa, 0xc9, 0xfa,
    0xc9, 0xfa, 0xc9, 0xfa, 0xc8, 0xfa, 0xc9, 0xfa, 0xc9, 0xfa, 0xc8, 0xfa,
    0xc9, 0xfa, 0xc9, 0xfa, 0xc9, 0xfa, 0xc9, 0xfa, 0xc8, 0xfa, 0xc9, 0xfa,
    0xc9, 0xfa, 0xc9, 0xfa, 0xc9, 0xfa, 0xe6, 0x59, 0x00, 0x20, 0x00, 0x00,
    0x00, 0x08, 0x00, 0x08, 0x20, 0x08, 0x20, 0x00, 0xff, 0xff, 0xff, 0xff,
    0xff, 0xff, 0xff, 0xff, 0xff, 0xff, 0xff, 0xff, 0xff, 0xff, 0xff, 0xff,
    0xff, 0xff, 0xff, 0xff, 0xff, 0xff, 0xff, 0xff, 0xff, 0xff, 0xff, 0xff,
    0xff, 0xff, 0xff, 0xff, 0xff, 0xff, 0xff, 0xff, 0xff, 0xff, 0xff, 0xff,
    0xff, 0xff, 0xff, 0xff, 0xff, 0xff, 0xff, 0xff, 0xff, 0xff, 0xff, 0xff,
    0xff, 0xff, 0xff, 0xff, 0xff, 0xff, 0xff, 0xff, 0xff, 0xff, 0xff, 0xff,
    0xff, 0xff, 0xff, 0xff, 0xff, 0xff, 0xff, 0xff, 0xff, 0xff, 0xff, 0xff,
    0xff, 0xff, 0xff, 0xff, 0xff, 0xff, 0xff, 0xff, 0xff, 0xff, 0xff, 0xff,
    0xff, 0xff, 0xff, 0xff, 0xff, 0xff, 0xff, 0xff, 0xff, 0xff, 0xff, 0xff,
    0xff, 0xff, 0xff, 0xff, 0xff, 0xff, 0xff, 0xff, 0xff, 0xff, 0xff, 0xff,
    0xff, 0xff, 0xff, 0xff, 0xff, 0xff, 0xff, 0xff, 0x20, 0x08, 0x20, 0x30,
    0xaa, 0x92, 0xc9, 0xfa, 0xc9, 0xfa, 0xc9, 0xfa, 0xc9, 0xfa, 0xc9, 0xfa,
    0xc9, 0xfa, 0xc9, 0xfa, 0xc9, 0xfa, 0xc9, 0xfa, 0xc9, 0xfa, 0xc9, 0xfa,
    0xc9, 0xfa, 0xc9, 0xfa, 0xc9, 0xfa, 0xc9, 0xfa, 0xc9, 0xfa, 0xc9, 0xfa,
    0xc9, 0xfa, 0xc9, 0xfa, 0xc9, 0xfa, 0xc9, 0xfa, 0xc9, 0xfa, 0xc9, 0xfa,
    0xc9, 0xfa, 0xc9, 0xfa, 0xc9, 0xfa, 0xca, 0xa2, 0x00, 0x38, 0x00, 0x08,
    0x00, 0x00, 0x00, 0x08, 0x20, 0x08, 0x20, 0x00, 0xff, 0xff, 0xff, 0xff,
    0xff, 0xff, 0xff, 0xff, 0xff, 0xff, 0xff, 0xff, 0xff, 0xff, 0xff, 0xff,
    0xff, 0xff, 0xff, 0xff, 0xff, 0xff, 0xff, 0xff, 0xff, 0xff, 0xff, 0xff,
    0xff, 0xff, 0xff, 0xff, 0xff, 0xff, 0xff, 0xff, 0xff, 0xff, 0x00, 0x08,
    0x00, 0x08, 0xc5, 0xb9, 0x0a, 0xeb, 0xc9, 0xfa, 0xc9, 0xfa, 0xc9, 0xfa,
    0xc9, 0xfa, 0xc9, 0xfa, 0xc9, 0xfa, 0xc9, 0xfa, 0xc9, 0xfa, 0xc9, 0xfa,
    0xc9, 0xfa, 0xc9, 0xfa, 0xc9, 0xfa, 0xc9, 0xfa, 0xc9, 0xfa, 0xc9, 0xfa,
    0xc9, 0xfa, 0xc9, 0xfa, 0xc9, 0xfa, 0xc9, 0xfa, 0xc8, 0xfa, 0xc9, 0xfa,
    0xc9, 0xfa, 0xc9, 0xfa, 0xc9, 0xfa, 0xe9, 0xfa, 0x47, 0xda, 0x00, 0x08,
    0x00, 0x08, 0x20, 0x00, 0x00, 0x08, 0x00, 0x08, 0x00, 0x00, 0xff, 0xff,
    0xff, 0xff, 0xff, 0xff, 0xff, 0xff, 0xff, 0xff, 0xff, 0xff, 0xff, 0xff,
    0xff, 0xff, 0xff, 0xff, 0xff, 0xff, 0xff, 0xff, 0xff, 0xff, 0xff, 0xff,
    0x00, 0x08, 0x20, 0x08, 0x47, 0xda, 0xc9, 0xfa, 0xc9, 0xfa, 0xc9, 0xfa,
    0xc9, 0xfa, 0xc9, 0xfa, 0xc9, 0xfa, 0xc9, 0xfa, 0xc9, 0xfa, 0xc9, 0xfa,
    0xc9, 0xfa, 0xc9, 0xfa, 0xc9, 0xfa, 0xc9, 0xfa, 0xc9, 0xfa, 0xc9, 0xfa,
    0xc9, 0xfa, 0xc9, 0xfa, 0xc9, 0xfa, 0xc8, 0xfa, 0xc9, 0xfa, 0xc9, 0xfa,
    0xc8, 0xfa, 0xc9, 0xfa, 0xc9, 0xfa, 0xc8, 0xfa, 0x0a, 0xeb, 0xa5, 0xb9,
    0x00, 0x08, 0x20, 0x08, 0x00, 0x08, 0x20, 0x08, 0x00, 0x08, 0x00, 0x00,
    0xff, 0xff, 0xff, 0xff, 0xff, 0xff, 0xff, 0xff, 0xff, 0xff, 0xff, 0xff,
    0xff, 0xff, 0xff, 0xff, 0xff, 0xff, 0xff, 0xff, 0xff, 0xff, 0xff, 0xff,
    0xff, 0xff, 0xff, 0xff, 0xff, 0xff, 0xff, 0xff, 0xff, 0xff, 0xff, 0xff,
    0xff, 0xff, 0x21, 0x00, 0x00, 0x38, 0xca, 0xa2, 0xc9, 0xfa, 0xc9, 0xfa,
    0xc9, 0xfa, 0xc9, 0xfa, 0xc9, 0xfa, 0xc9, 0xfa, 0xc9, 0xfa, 0xc9, 0xfa,
    0xc9, 0xfa, 0xc9, 0xfa, 0xc9, 0xfa, 0xc8, 0xfa, 0xc9, 0xfa, 0xc9, 0xfa,
    0xc9, 0xfa, 0xc9, 0xfa, 0xc9, 0xfa, 0xc9, 0xfa, 0xc9, 0xfa, 0xc9, 0xfa,
    0xc9, 0xfa, 0xc9, 0xfa, 0xc9, 0xfa, 0xc9, 0xfa, 0xc9, 0xfa, 0xc9, 0xfa,
    0xa9, 0x92, 0x20, 0x30, 0x00, 0x08, 0x00, 0x08, 0x20, 0x08, 0x00, 0x08,
    0x21, 0x00, 0xff, 0xff, 0xff, 0xff, 0xff, 0xff, 0xff, 0xff, 0xff, 0xff,
    0x00, 0x08, 0x00, 0x08, 0x02, 0x99, 0x2a, 0xdb, 0xc9, 0xfa, 0xc9, 0xfa,
    0xc9, 0xfa, 0xc9, 0xfa, 0xc9, 0xfa, 0xc9, 0xfa, 0xc9, 0xfa, 0xc8, 0xfa,
    0xc9, 0xfa, 0xc9, 0xfa, 0xc8, 0xfa, 0xc9, 0xfa, 0xc9, 0xfa, 0xc9, 0xfa,
    0xc9, 0xfa, 0xc8, 0xfa, 0xc9, 0xfa, 0xc9, 0xfa, 0xc8, 0xfa, 0xc9, 0xfa,
    0xc9, 0xfa, 0xc8, 0xfa, 0xc9, 0xfa, 0xc9, 0xfa, 0xc8, 0xfa, 0xc9, 0xfa,
    0x20, 0x08, 0x00, 0x08, 0x00, 0x08, 0x00, 0x08, 0x20, 0x00, 0x00, 0x08,
    0xff, 0xff, 0xff, 0xff, 0xff, 0xff, 0xff, 0xff, 0xff, 0xff, 0xff, 0xff,
    0xff, 0xff, 0xff, 0xff, 0xff, 0xff, 0xff, 0xff, 0xff, 0xff, 0xff, 0xff,
    0xff, 0xff, 0xff, 0xff, 0xff, 0xff, 0xff, 0xff, 0xff, 0xff, 0xff, 0xff,
    0xff, 0xff, 0x20, 0x00, 0x00, 0x20, 0xc6, 0x59, 0xc9, 0xfa, 0xc9, 0xfa,
    0xc9, 0xfa, 0xc9, 0xfa, 0xc9, 0xfa, 0xc9, 0xfa, 0xc9, 0xfa, 0xc9, 0xfa,
    0xc9, 0xfa, 0xc9, 0xfa, 0xc9, 0xfa, 0xc9, 0xfa, 0xc9, 0xfa, 0xc9, 0xfa,
    0xc9, 0xfa, 0xc9, 0xfa, 0xc9, 0xfa, 0xc9, 0xfa, 0xc9, 0xfa, 0xc9, 0xfa,
    0xc9, 0xfa, 0xc9, 0xfa, 0xc9, 0xfa, 0xc9, 0xfa, 0xc9, 0xfa, 0xc9, 0xfa,
    0x6c, 0xc3, 0x00, 0x50, 0x00, 0x08, 0x00, 0x08, 0x00, 0x08, 0x20, 0x08,
    0x20, 0x00, 0xff, 0xff, 0xff, 0xff, 0xff, 0xff, 0xff, 0xff, 0xff, 0xff,
    0xff, 0xff, 0x20, 0x08, 0x00, 0x50, 0x6c, 0xcb, 0xc9, 0xfa, 0xc9, 0xfa,
    0xc9, 0xfa, 0xc9, 0xfa, 0xc9, 0xfa, 0xc9, 0xfa, 0xc9, 0xfa, 0xc9, 0xfa,
    0xc9, 0xfa, 0xc8, 0xfa, 0xc9, 0xfa, 0xc9, 0xfa, 0xc9, 0xfa, 0xc9, 0xfa,
    0xc9, 0xfa, 0xc9, 0xfa, 0xc9, 0xfa, 0xc9, 0xfa, 0xc9, 0xfa, 0xc9, 0xfa,
    0xc9, 0xfa, 0xc9, 0xfa, 0xc9, 0xfa, 0xc8, 0xfa, 0xc9, 0xfa, 0xc9, 0xfa,
    0xc6, 0x59, 0x00, 0x20, 0x20, 0x08, 0x00, 0x08, 0x00, 0x08, 0x00, 0x08,
    0x20, 0x00, 0xff, 0xff, 0xff, 0xff, 0xff, 0xff, 0xff, 0xff, 0xff, 0xff,
    0xff, 0xff, 0xff, 0xff, 0xff, 0xff, 0xff, 0xff, 0xff, 0xff, 0xff, 0xff,
    0xff, 0xff, 0xff, 0xff, 0xff, 0xff, 0xff, 0xff, 0xff, 0xff, 0xff, 0xff,
    0xff, 0xff, 0xff, 0xff, 0xff, 0xff, 0xff, 0xff, 0xff, 0xff, 0xff, 0xff,
    0xff, 0xff, 0xff, 0xff, 0xff, 0xff, 0xff, 0xff, 0xff, 0xff, 0xff, 0xff,
    0xff, 0xff, 0xff, 0xff, 0xff, 0xff, 0xff, 0xff, 0xff, 0xff, 0xff, 0xff,
    0xff, 0xff, 0xff, 0xff, 0xff, 0xff, 0xff, 0xff, 0xff, 0xff, 0xff, 0xff,
    0xff, 0xff, 0xff, 0xff, 0xff, 0xff, 0xff, 0xff, 0xff, 0xff, 0xff, 0xff,
    0xff, 0xff, 0xff, 0xff, 0xff, 0xff, 0xff, 0xff, 0xff, 0xff, 0xff, 0xff,
    0xff, 0xff, 0xff, 0xff, 0xff, 0xff, 0xff, 0xff, 0xff, 0xff, 0xff, 0xff,
    0xff, 0xff, 0x20, 0x00, 0x20, 0x30, 0xaa, 0x92, 0xc9, 0xfa, 0xc9, 0xfa,
    0xc9, 0xfa, 0xc8, 0xfa, 0xc9, 0xfa, 0xc9, 0xfa, 0xc8, 0xfa, 0xc9, 0xfa,
    0xc9, 0xfa, 0xc9, 0xfa, 0xc9, 0xfa, 0xc9, 0xfa, 0xc8, 0xfa, 0xc9, 0xfa,
    0xc9, 0xfa, 0xc9, 0xfa, 0xc9, 0xfa, 0xc9, 0xfa, 0xc8, 0xfa, 0xc9, 0xfa,
    0xc9, 0xfa, 0xc9, 0xfa, 0xc9, 0xfa, 0xc9, 0xfa, 0xc9, 0xfa, 0xc8, 0xfa,
    0xca, 0xa2, 0x00, 0x38, 0x20, 0x08, 0x00, 0x00, 0x00, 0x08, 0x00, 0x08,
    0x21, 0x00, 0xff, 0xff, 0xff, 0xff, 0xff, 0xff, 0xff, 0xff, 0xff, 0xff,
    0xff, 0xff, 0xff, 0xff, 0xff, 0xff, 0xff, 0xff, 0xff, 0xff, 0xff, 0xff,
    0xff, 0xff, 0xff, 0xff, 0xff, 0xff, 0xff, 0xff, 0xff, 0xff, 0xff, 0xff,
    0xff, 0xff, 0xff, 0xff, 0x00, 0x00, 0x00, 0x08, 0xa5, 0xb9, 0x0a, 0xeb,
    0xc9, 0xfa, 0xc8, 0xfa, 0xc9, 0xfa, 0xc9, 0xfa, 0xc9, 0xfa, 0xc8, 0xfa,
    0xc9, 0xfa, 0xc9, 0xfa, 0xc8, 0xfa, 0xc9, 0xfa, 0xc9, 0xfa, 0xc9, 0xfa,
    0xc9, 0xfa, 0xc9, 0xfa, 0xc8, 0xfa, 0xc9, 0xfa, 0xc9, 0xfa, 0xc9, 0xfa,
    0xc9, 0xfa, 0xc9, 0xfa, 0xc9, 0xfa, 0xc8, 0xfa, 0xc9, 0xfa, 0xc9, 0xfa,
    0xc9, 0xfa, 0x47, 0xda, 0x00, 0x08, 0x00, 0x08, 0x20, 0x00, 0x00, 0x08,
    0x00, 0x08, 0x20, 0x08, 0xff, 0xff, 0xff, 0xff, 0xff, 0xff, 0xff, 0xff,
    0xff, 0xff, 0xff, 0xff, 0xff, 0xff, 0xff, 0xff, 0xff, 0xff, 0xff, 0xff,
    0xff, 0xff, 0xff, 0xff, 0xff, 0xff, 0x00, 0x08, 0x00, 0x00, 0x47, 0xda,
    0xe9, 0xfa, 0xc9, 0xfa, 0xc9, 0xfa, 0xc8, 0xfa, 0xc9, 0xfa, 0xc9, 0xfa,
    0xc9, 0xfa, 0xc9, 0xfa, 0xc9, 0xfa, 0xc9, 0xfa, 0xc9, 0xfa, 0xc9, 0xfa,
    0xc8, 0xfa, 0xc9, 0xfa, 0xc9, 0xfa, 0xc9, 0xfa, 0xc9, 0xfa, 0xc9, 0xfa,
    0xc9, 0xfa, 0xc9, 0xfa, 0xc9, 0xfa, 0xc9, 0xfa, 0xc9, 0xfa, 0xc9, 0xfa,
    0xc9, 0xfa, 0x0a, 0xeb, 0xa5, 0xb9, 0x00, 0x08, 0x00, 0x00, 0x00, 0x08,
    0x20, 0x08, 0x00, 0x00, 0x00, 0x08, 0xff, 0xff, 0xff, 0xff, 0xff, 0xff,
    0xff, 0xff, 0xff, 0xff, 0xff, 0xff, 0xff, 0xff, 0xff, 0xff, 0xff, 0xff,
    0xff, 0xff, 0xff, 0xff, 0xff, 0xff, 0xff, 0xff, 0xff, 0xff, 0xff, 0xff,
    0xff, 0xff, 0xff, 0xff, 0xff, 0xff, 0xff, 0xff, 0x20, 0x00, 0x00, 0x38,
    0xca, 0xa2, 0xc9, 0xfa, 0xc9, 0xfa, 0xc8, 0xfa, 0xc9, 0xfa, 0xc9, 0xfa,
    0xc9, 0xfa, 0xc9, 0xfa, 0xc9, 0xfa, 0xc9, 0xfa, 0xc9, 0xfa, 0xc9, 0xfa,
    0xc9, 0xfa, 0xc9, 0xfa, 0xc9, 0xfa, 0xc8, 0xfa, 0xc9, 0xfa, 0xc9, 0xfa,
    0xc8, 0xfa, 0xc9, 0xfa, 0xc9, 0xfa, 0xc8, 0xfa, 0xc9, 0xfa, 0xc9, 0xfa,
    0xc9, 0xfa, 0xc9, 0xfa, 0xc9, 0xfa, 0xaa, 0x92, 0x20, 0x30, 0x00, 0x08,
    0x00, 0x08, 0x00, 0x00, 0x20, 0x08, 0x20, 0x00, 0xff, 0xff, 0xff, 0xff,
    0xff, 0xff, 0xff, 0xff, 0xff, 0xff, 0x20, 0x08, 0x00, 0x08, 0x03, 0x99,
    0x2b, 0xe3, 0xc9, 0xfa, 0xc9, 0xfa, 0xc8, 0xfa, 0xc9, 0xfa, 0xc9, 0xfa,
    0xc8, 0xfa, 0xc9, 0xfa, 0xc9, 0xfa, 0xc9, 0xfa, 0xc9, 0xfa, 0xc9, 0xfa,
    0xc9, 0xfa, 0xc9, 0xfa, 0xc9, 0xfa, 0xc9, 0xfa, 0xc9, 0xfa, 0xc9, 0xfa,
    0xc9, 0xfa, 0xc9, 0xfa, 0xc9, 0xfa, 0xc9, 0xfa, 0xc9, 0xfa, 0xc9, 0xfa,
    0xc9, 0xfa, 0xc9, 0xfa, 0xc9, 0xfa, 0x20, 0x08, 0x00, 0x08, 0x00, 0x08,
    0x00, 0x08, 0x00, 0x08, 0x20, 0x00, 0xff, 0xff, 0xff, 0xff, 0xff, 0xff,
    0xff, 0xff, 0xff, 0xff, 0xff, 0xff, 0xff, 0xff, 0xff, 0xff, 0xff, 0xff,
    0xff, 0xff, 0xff, 0xff, 0xff, 0xff, 0xff, 0xff, 0xff, 0xff, 0xff, 0xff,
    0xff, 0xff, 0xff, 0xff, 0xff, 0xff, 0xff, 0xff, 0x21, 0x08, 0x00, 0x20,
    0xc6, 0x59, 0xc9, 0xfa, 0xc9, 0xfa, 0xc9, 0xfa, 0xc8, 0xfa, 0xc9, 0xfa,
    0xc9, 0xfa, 0xc8, 0xfa, 0xc9, 0xfa, 0xc9, 0xfa, 0xc8, 0xfa, 0xc9, 0xfa,
    0xc9, 0xfa, 0xc9, 0xfa, 0xc9, 0xfa, 0xc8, 0xfa, 0xc9, 0xfa, 0xc9, 0xfa,
    0xc9, 0xfa, 0xc9, 0xfa, 0xc9, 0xfa, 0xc9, 0xfa, 0xc9, 0xfa, 0xc8, 0xfa,
    0xc9, 0xfa, 0xc9, 0xfa, 0xc9, 0xfa, 0x6c, 0xcb, 0x00, 0x50, 0x20, 0x08,
    0x00, 0x00, 0x00, 0x08, 0x00, 0x08, 0x20, 0x00, 0xff, 0xff, 0xff, 0xff,
    0xff, 0xff, 0xff, 0xff, 0xff, 0xff, 0xff, 0xff, 0x21, 0x00, 0x00, 0x50,
    0x6c, 0xc3, 0xc9, 0xfa, 0xc9, 0xfa, 0xc9, 0xfa, 0xc8, 0xfa, 0xc9, 0xfa,
    0xc9, 0xfa, 0xc8, 0xfa, 0xc9, 0xfa, 0xc9, 0xfa, 0xc9, 0xfa, 0xc9, 0xfa,
    0xc9, 0xfa, 0xc8, 0xfa, 0xc9, 0xfa, 0xc9, 0xfa, 0xc9, 0xfa, 0xc9, 0xfa,
    0xc9, 0xfa, 0xc8, 0xfa, 0xc9, 0xfa, 0xc9, 0xfa, 0xc9, 0xfa, 0xc9, 0xfa,
    0xc9, 0xfa, 0xc9, 0xfa, 0xc9, 0xfa, 0xc5, 0x61, 0x00, 0x20, 0x00, 0x08,
    0x00, 0x08, 0x00, 0x08, 0x00, 0x08, 0x00, 0x08, 0x00, 0x08, 0x00, 0x08,
    0x00, 0x08, 0xff, 0xff, 0x00, 0x08, 0x00, 0x08, 0xff, 0xff, 0x00, 0x08,
    0x00, 0x08, 0x20, 0x08, 0xff, 0xff, 0x00, 0x08, 0x00, 0x08, 0xff, 0xff,
    0x20, 0x08, 0x00, 0x08, 0x00, 0x08, 0x00, 0x08, 0x00, 0x08, 0x20, 0x08,
    0xff, 0xff, 0xff, 0xff, 0xff, 0xff, 0xff, 0xff, 0xff, 0xff, 0xff, 0xff,
    0xff, 0xff, 0xff, 0xff, 0xff, 0xff, 0xff, 0xff, 0xff, 0xff, 0xff, 0xff,
    0xff, 0xff, 0xff, 0xff, 0xff, 0xff, 0xff, 0xff, 0xff, 0xff, 0xff, 0xff,
    0xff, 0xff, 0xff, 0xff, 0xff, 0xff, 0xff, 0xff, 0xff, 0xff, 0xff, 0xff,
    0xff, 0xff, 0xff, 0xff, 0xff, 0xff, 0xff, 0xff, 0xff, 0xff, 0xff, 0xff,
    0xff, 0xff, 0xff, 0xff, 0xff, 0xff, 0xff, 0xff, 0xff, 0xff, 0xff, 0xff,
    0xff, 0xff, 0xff, 0xff, 0xff, 0xff, 0xff, 0xff, 0x21, 0x00, 0x20, 0x30,
    0xa9, 0x9a, 0xc9, 0xfa, 0xc9, 0xfa, 0xc9, 0xfa, 0xc9, 0xfa, 0xc9, 0xfa,
    0xc9, 0xfa, 0xc9, 0xfa, 0xc9, 0xfa, 0xc9, 0xfa, 0xc8, 0xfa, 0xc9, 0xfa,
    0xc9, 0xfa, 0xc9, 0xfa, 0xc9, 0xfa, 0xc9, 0xfa, 0xc8, 0xfa, 0xc9, 0xfa,
    0xc9, 0xfa, 0xc9, 0xfa, 0xc9, 0xfa, 0xc9, 0xfa, 0xc8, 0xfa, 0xc9, 0xfa,
    0xc9, 0xfa, 0xc9, 0xfa, 0xc9, 0xfa, 0xca, 0xa2, 0x00, 0x30, 0x00, 0x08,
    0x20, 0x08, 0x00, 0x08, 0x00, 0x08, 0x20, 0x00, 0xff, 0xff, 0xff, 0xff,
    0xff, 0xff, 0xff, 0xff, 0xff, 0xff, 0xff, 0xff, 0xff, 0xff, 0xff, 0xff,
    0xff, 0xff, 0xff, 0xff, 0xff, 0xff, 0xff, 0xff, 0xff, 0xff, 0xff, 0xff,
    0xff, 0xff, 0xff, 0xff, 0xff, 0xff, 0xff, 0xff, 0xff, 0xff, 0x20, 0x08,
    0x00, 0x08, 0xc5, 0xb9, 0x0a, 0xeb, 0xc9, 0xfa, 0xc9, 0xfa, 0xc9, 0xfa,
    0xc9, 0xfa, 0xc9, 0xfa, 0xc9, 0xfa, 0xc9, 0xfa, 0xc9, 0xfa, 0xc9, 0xfa,
    0xc9, 0xfa, 0xc9, 0xfa, 0xc8, 0xfa, 0xc9, 0xfa, 0xc9, 0xfa, 0xc9, 0xfa,
    0xc9, 0xfa, 0xc9, 0xfa, 0xc8, 0xfa, 0xc9, 0xfa, 0xc9, 0xfa, 0xc9, 0xfa,
    0xc9, 0xfa, 0xc9, 0xfa, 0xc9, 0xfa, 0xc9, 0xf2, 0x47, 0xda, 0x00, 0x08,
    0x00, 0x08, 0x00, 0x08, 0x00, 0x08, 0x00, 0x00, 0x00, 0x08, 0xff, 0xff,
    0xff, 0xff, 0xff, 0xff, 0xff, 0xff, 0xff, 0xff, 0xff, 0xff, 0xff, 0xff,
    0xff, 0xff, 0xff, 0xff, 0xff, 0xff, 0xff, 0xff, 0xff, 0xff, 0xff, 0xff,
    0x00, 0x08, 0x00, 0x08, 0x47, 0xda, 0xc9, 0xfa, 0xc9, 0xfa, 0xc9, 0xfa,
    0xc9, 0xfa, 0xc9, 0xfa, 0xc9, 0xfa, 0xc8, 0xfa, 0xc9, 0xfa, 0xc9, 0xfa,
    0xc8, 0xfa, 0xc9, 0xfa, 0xc9, 0xfa, 0xc9, 0xfa, 0xc9, 0xfa, 0xc9, 0xfa,
    0xc8, 0xfa, 0xc9, 0xfa, 0xc9, 0xfa, 0xc9, 0xfa, 0xc8, 0xfa, 0xc9, 0xfa,
    0xc9, 0xfa, 0xc9, 0xfa, 0xc9, 0xfa, 0xc9, 0xfa, 0x0a, 0xeb, 0xc5, 0xb9,
    0x00, 0x08, 0x00, 0x08, 0x00, 0x00, 0x00, 0x08, 0x20, 0x08, 0x00, 0x08,
    0xff, 0xff, 0xff, 0xff, 0xff, 0xff, 0xff, 0xff, 0xff, 0xff, 0xff, 0xff,
    0xff, 0xff, 0xff, 0xff, 0xff, 0xff, 0xff, 0xff, 0xff, 0xff, 0xff, 0xff,
    0xff, 0xff, 0xff, 0xff, 0xff, 0xff, 0xff, 0xff, 0xff, 0xff, 0xff, 0xff,
    0xff, 0xff, 0x21, 0x00, 0x00, 0x38, 0xca, 0xa2, 0xc9, 0xfa, 0xc9, 0xfa,
    0xc9, 0xfa, 0xc9, 0xfa, 0xc8, 0xfa, 0xc9, 0xfa, 0xc9, 0xfa, 0xc8, 0xfa,
    0xc9, 0xfa, 0xc9, 0xfa, 0xc8, 0xfa, 0xc9, 0xfa, 0xc9, 0xfa, 0xc9, 0xfa,
    0xc9, 0xfa, 0xc9, 0xfa, 0xc9, 0xfa, 0xc9, 0xfa, 0xc9, 0xfa, 0xc9, 0xfa,
    0xc9, 0xfa, 0xc9, 0xfa, 0xc8, 0xfa, 0xc9, 0xfa, 0xc9, 0xfa, 0xc9, 0xfa,
    0xa9, 0x92, 0x20, 0x30, 0x00, 0x08, 0x00, 0x08, 0x00, 0x08, 0x00, 0x08,
    0x21, 0x00, 0xff, 0xff, 0xff, 0xff, 0xff, 0xff, 0xff, 0xff, 0xff, 0xff,
    0x00, 0x08, 0x00, 0x00, 0x02, 0x99, 0x2a, 0xe3, 0xc9, 0xfa, 0xc9, 0xfa,
    0xc9, 0xfa, 0xc9, 0xfa, 0xc9, 0xfa, 0xc9, 0xfa, 0xc9, 0xfa, 0xc9, 0xfa,
    0xc9, 0xfa, 0xc9, 0xfa, 0xc9, 0xfa, 0xc9, 0xfa, 0xc8, 0xfa, 0xc9, 0xfa,
    0xc9, 0xfa, 0xc9, 0xfa, 0xc9, 0xfa, 0xc8, 0xfa, 0xc9, 0xfa, 0xc9, 0xfa,
    0xc9, 0xfa, 0xc9, 0xfa, 0xc9, 0xfa, 0xc9, 0xfa, 0xc9, 0xfa, 0xc9, 0xfa,
    0x20, 0x08, 0x00, 0x08, 0x00, 0x08, 0x00, 0x08, 0x00, 0x00, 0x00, 0x08,
    0xff, 0xff, 0xff, 0xff, 0xff, 0xff, 0xff, 0xff, 0xff, 0xff, 0xff, 0xff,
    0xff, 0xff, 0xff, 0xff, 0xff, 0xff, 0xff, 0xff, 0xff, 0xff, 0xff, 0xff,
    0xff, 0xff, 0xff, 0xff, 0xff, 0xff, 0xff, 0xff, 0xff, 0xff, 0xff, 0xff,
    0xff, 0xff, 0x20, 0x00, 0x00, 0x20, 0xe6, 0x59, 0xc9, 0xfa, 0xc9, 0xfa,
    0xc9, 0xfa, 0xc9, 0xfa, 0xc9, 0xfa, 0xc9, 0xfa, 0xc9, 0xfa, 0xc9, 0xfa,
    0xc9, 0xfa, 0xc9, 0xfa, 0xc9, 0xfa, 0xc9, 0xfa, 0xc8, 0xfa, 0xc9, 0xfa,
    0xc9, 0xfa, 0xc9, 0xfa, 0xc9, 0xfa, 0xc8, 0xfa, 0xc9, 0xfa, 0xc9, 0xfa,
    0xc8, 0xfa, 0xc9, 0xfa, 0xc9, 0xfa, 0xc9, 0xfa, 0xc9, 0xfa, 0xc8, 0xfa,
    0x6c, 0xc3, 0x00, 0x50, 0x20, 0x08, 0x00, 0x08, 0x00, 0x00, 0x20, 0x08,
    0x20, 0x00, 0xff, 0xff, 0xff, 0xff, 0xff, 0xff, 0xff, 0xff, 0xff, 0xff,
    0xff, 0xff, 0x20, 0x00, 0x00, 0x50, 0x8c, 0xcb, 0xc9, 0xfa, 0xc9, 0xfa,
    0xc9, 0xfa, 0xc9, 0xfa, 0xc9, 0xfa, 0xc9, 0xfa, 0xc9, 0xfa, 0xc9, 0xfa,
    0xc9, 0xfa, 0xc9, 0xfa, 0xc9, 0xfa, 0xc9, 0xfa, 0xc9, 0xfa, 0xc9, 0xfa,
    0xc9, 0xfa, 0xc8, 0xfa, 0xc9, 0xfa, 0xc9, 0xfa, 0xc9, 0xfa, 0xc9, 0xfa,
    0xc9, 0xfa, 0xc8, 0xfa, 0xc9, 0xfa, 0xc9, 0xfa, 0xc9, 0xfa, 0xc9, 0xfa,
    0xc5, 0x61, 0x00, 0x28, 0x00, 0x08, 0x00, 0x08, 0x00, 0x08, 0x00, 0x08,
    0x00, 0x08, 0x00, 0x08, 0x00, 0x08, 0x00, 0x08, 0x00, 0x08, 0x20, 0x08,
    0x00, 0x08, 0x00, 0x08, 0x00, 0x08, 0x00, 0x08, 0x00, 0x08, 0x00, 0x08,
    0x00, 0x08, 0x00, 0x08, 0x00, 0x08, 0x00, 0x08, 0x00, 0x08, 0x00, 0x08,
    0x00, 0x08, 0x00, 0x08, 0x00, 0x08, 0x00, 0x08, 0x20, 0x00, 0xff, 0xff,
    0xff, 0xff, 0xff, 0xff, 0xff, 0xff, 0xff, 0xff, 0xff, 0xff, 0xff, 0xff,
    0xff, 0xff, 0xff, 0xff, 0xff, 0xff, 0xff, 0xff, 0xff, 0xff, 0xff, 0xff,
    0xff, 0xff, 0xff, 0xff, 0xff, 0xff, 0xff, 0xff, 0xff, 0xff, 0xff, 0xff,
    0xff, 0xff, 0xff, 0xff, 0xff, 0xff, 0xff, 0xff, 0xff, 0xff, 0xff, 0xff,
    0xff, 0xff, 0xff, 0xff, 0xff, 0xff, 0xff, 0xff, 0xff, 0xff, 0xff, 0xff,
    0xff, 0xff, 0xff, 0xff, 0xff, 0xff, 0xff, 0xff, 0xff, 0xff, 0xff, 0xff,
    0xff, 0xff, 0x21, 0x08, 0x20, 0x30, 0xa9, 0x92, 0xc9, 0xfa, 0xc9, 0xfa,
    0xc9, 0xfa, 0xc9, 0xfa, 0xc9, 0xfa, 0xc9, 0xfa, 0xc9, 0xfa, 0xc9, 0xfa,
    0xc9, 0xfa, 0xc9, 0xfa, 0xc9, 0xfa, 0xc9, 0xfa, 0xc9, 0xfa, 0xc9, 0xfa,
    0xc9, 0xfa, 0xc9, 0xfa, 0xc9, 0xfa, 0xc9, 0xfa, 0xc9, 0xfa, 0xc9, 0xfa,
    0xc9, 0xfa, 0xc9, 0xfa, 0xc9, 0xfa, 0xc9, 0xfa, 0xc9, 0xfa, 0xc9, 0xfa,
    0xca, 0xa2, 0x00, 0x30, 0x00, 0x08, 0x00, 0x08, 0x20, 0x00, 0x00, 0x08,
    0x20, 0x00, 0xff, 0xff, 0xff, 0xff, 0xff, 0xff, 0xff, 0xff, 0xff, 0xff,
    0xff, 0xff, 0xff, 0xff, 0xff, 0xff, 0xff, 0xff, 0xff, 0xff, 0xff, 0xff,
    0xff, 0xff, 0xff, 0xff, 0xff, 0xff, 0xff, 0xff, 0xff, 0xff, 0xff, 0xff,
    0xff, 0xff, 0xff, 0xff, 0x00, 0x08, 0x00, 0x08, 0xc5, 0xb9, 0x0a, 0xeb,
    0xc9, 0xfa, 0xc9, 0xfa, 0xc9, 0xfa, 0xc8, 0xfa, 0xc9, 0xfa, 0xc9, 0xfa,
    0xc9, 0xfa, 0xc9, 0xfa, 0xc9, 0xfa, 0xc9, 0xfa, 0xc9, 0xfa, 0xc9, 0xfa,
    0xc9, 0xfa, 0xc9, 0xfa, 0xc9, 0xfa, 0xc9, 0xfa, 0xc9, 0xfa, 0xc9, 0xfa,
    0xc9, 0xfa, 0xc9, 0xfa, 0xc9, 0xfa, 0xc9, 0xfa, 0xc9, 0xfa, 0xc9, 0xfa,
    0xe9, 0xfa, 0x47, 0xda, 0x00, 0x08, 0x00, 0x08, 0x20, 0x08, 0x00, 0x00,
    0x20, 0x08, 0x00, 0x08, 0xff, 0xff, 0xff, 0xff, 0xff, 0xff, 0xff, 0xff,
    0xff, 0xff, 0xff, 0xff, 0xff, 0xff, 0xff, 0xff, 0xff, 0xff, 0xff, 0xff,
    0xff, 0xff, 0xff, 0xff, 0xff, 0xff, 0x00, 0x08, 0x00, 0x08, 0x47, 0xda,
    0xe9, 0xfa, 0xc9, 0xfa, 0xc9, 0xfa, 0xc9, 0xfa, 0xc9, 0xfa, 0xc9, 0xfa,
    0xc9, 0xfa, 0xc9, 0xfa, 0xc9, 0xfa, 0xc9, 0xfa, 0xc9, 0xfa, 0xc9, 0xfa,
    0xc9, 0xfa, 0xc9, 0xfa, 0xc9, 0xfa, 0xc9, 0xfa, 0xc9, 0xfa, 0xc9, 0xfa,
    0xc9, 0xfa, 0xc9, 0xfa, 0xc9, 0xfa, 0xc9, 0xfa, 0xc8, 0xfa, 0xc9, 0xfa,
    0xc9, 0xfa, 0x09, 0xeb, 0xc5, 0xb9, 0x00, 0x08, 0x20, 0x08, 0x00, 0x08,
    0x00, 0x00, 0x20, 0x08, 0x00, 0x08, 0xff, 0xff, 0xff, 0xff, 0xff, 0xff,
    0xff, 0xff, 0xff, 0xff, 0xff, 0xff, 0xff, 0xff, 0xff, 0xff, 0xff, 0xff,
    0xff, 0xff, 0xff, 0xff, 0xff, 0xff, 0xff, 0xff, 0xff, 0xff, 0xff, 0xff,
    0xff, 0xff, 0xff, 0xff, 0xff, 0xff, 0xff, 0xff, 0x20, 0x00, 0x00, 0x38,
    0xca, 0xa2, 0xc9, 0xfa, 0xc9, 0xfa, 0xc9, 0xfa, 0xc9, 0xfa, 0xc9, 0xfa,
    0xc9, 0xfa, 0xc9, 0xfa, 0xc9, 0xfa, 0xc9, 0xfa, 0xc9, 0xfa, 0xc9, 0xfa,
    0xc9, 0xfa, 0xc9, 0xfa, 0xc8, 0xfa, 0xc9, 0xfa, 0xc9, 0xfa, 0xc9, 0xfa,
    0xc9, 0xfa, 0xc8, 0xfa, 0xc9, 0xfa, 0xc9, 0xfa, 0xc9, 0xfa, 0xc9, 0xfa,
    0xc9, 0xfa, 0xc9, 0xfa, 0xc9, 0xfa, 0xa9, 0x92, 0x20, 0x30, 0x20, 0x08,
    0x00, 0x08, 0x20, 0x08, 0x00, 0x08, 0x20, 0x00, 0xff, 0xff, 0xff, 0xff,
    0xff, 0xff, 0xff, 0xff, 0xff, 0xff, 0x00, 0x08, 0x20, 0x08, 0x02, 0x99,
    0x2b, 0xdb, 0xc9, 0xfa, 0xc9, 0xfa, 0xc9, 0xfa, 0xc9, 0xfa, 0xc9, 0xfa,
    0xc9, 0xfa, 0xc9, 0xfa, 0xc8, 0xfa, 0xc9, 0xfa, 0xc9, 0xfa, 0xc9, 0xfa,
    0xc9, 0xfa, 0xc9, 0xfa, 0xc9, 0xfa, 0xc9, 0xfa, 0xc8, 0xfa, 0xc9, 0xfa,
    0xc9, 0xfa, 0xc9, 0xfa, 0xc9, 0xfa, 0xc8, 0xfa, 0xc9, 0xfa, 0xc9, 0xfa,
    0xc8, 0xfa, 0xc9, 0xfa, 0xc9, 0xfa, 0x20, 0x08, 0x00, 0x08, 0x00, 0x08,
    0x20, 0x08, 0x00, 0x08, 0x00, 0x08, 0xff, 0xff, 0xff, 0xff, 0xff, 0xff,
    0xff, 0xff, 0xff, 0xff, 0xff, 0xff, 0xff, 0xff, 0xff, 0xff, 0xff, 0xff,
    0xff, 0xff, 0xff, 0xff, 0xff, 0xff, 0xff, 0xff, 0xff, 0xff, 0xff, 0xff,
    0xff, 0xff, 0xff, 0xff, 0xff, 0xff, 0xff, 0xff, 0x21, 0x00, 0x00, 0x20,
    0xc6, 0x59, 0xc9, 0xfa, 0xc9, 0xfa, 0xc9, 0xfa, 0xc9, 0xfa, 0xc9, 0xfa,
    0xc9, 0xfa, 0xc9, 0xfa, 0xc9, 0xfa, 0xc8, 0xfa, 0xc9, 0xfa, 0xc9, 0xfa,
    0xc9, 0xfa, 0xc9, 0xfa, 0xc9, 0xfa, 0xc9, 0xfa, 0xc9, 0xfa, 0xc9, 0xfa,
    0xc9, 0xfa, 0xc9, 0xfa, 0xc9, 0xfa, 0xc9, 0xfa, 0xc9, 0xfa, 0xc9, 0xfa,
    0xc9, 0xfa, 0xc9, 0xfa, 0xc9, 0xfa, 0x6c, 0xc3, 0x00, 0x50, 0x00, 0x08,
    0x00, 0x08, 0x00, 0x08, 0x00, 0x08, 0x21, 0x00, 0xff, 0xff, 0xff, 0xff,
    0xff, 0xff, 0xff, 0xff, 0xff, 0xff, 0xff, 0xff, 0x20, 0x08, 0x00, 0x50,
    0x6c, 0xcb, 0xc9, 0xfa, 0xc9, 0xfa, 0xc9, 0xfa, 0xc9, 0xfa, 0xc9, 0xfa,
    0xc9, 0xfa, 0xc9, 0xfa, 0xc8, 0xfa, 0xc9, 0xfa, 0xc9, 0xfa, 0xc8, 0xfa,
    0xc9, 0xfa, 0xc9, 0xfa, 0xc9, 0xfa, 0xc9, 0xfa, 0xc9, 0xfa, 0xc9, 0xfa,
    0xc9, 0xfa, 0xc9, 0xfa, 0xc9, 0xfa, 0xc9, 0xfa, 0xc9, 0xfa, 0xc9, 0xfa,
    0xc9, 0xfa, 0xc9, 0xfa, 0xc9, 0xfa, 0x84, 0xa1, 0x40, 0x68, 0x40, 0x60,
    0x40, 0x60, 0x40, 0x60, 0x40, 0x68, 0x40, 0x60, 0x40, 0x68, 0x40, 0x68,
    0x40, 0x60, 0x40, 0x60, 0x40, 0x60, 0x40, 0x60, 0x40, 0x60, 0x40, 0x60,
    0x40, 0x60, 0x40, 0x60, 0x40, 0x60, 0x40, 0x68, 0x40, 0x60, 0x40, 0x60,
    0x40, 0x68, 0x40, 0x60, 0x40, 0x68, 0x40, 0x68, 0x40, 0x60, 0x40, 0x60,
    0x40, 0x68, 0x00, 0x08, 0x20, 0x08, 0xff, 0xff, 0xff, 0xff, 0xff, 0xff,
    0xff, 0xff, 0xff, 0xff, 0xff, 0xff, 0xff, 0xff, 0xff, 0xff, 0xff, 0xff,
    0xff, 0xff, 0xff, 0xff, 0xff, 0xff, 0xff, 0xff, 0xff, 0xff, 0xff, 0xff,
    0xff, 0xff, 0xff, 0xff, 0xff, 0xff, 0xff, 0xff, 0xff, 0xff, 0xff, 0xff,
    0xff, 0xff, 0xff, 0xff, 0xff, 0xff, 0xff, 0xff, 0xff, 0xff, 0xff, 0xff,
    0xff, 0xff, 0xff, 0xff, 0xff, 0xff, 0xff, 0xff, 0xff, 0xff, 0xff, 0xff,
    0xff, 0xff, 0xff, 0xff, 0xff, 0xff, 0xff, 0xff, 0x20, 0x00, 0x20, 0x30,
    0xaa, 0x92, 0xc9, 0xfa, 0xc9, 0xfa, 0xc9, 0xfa, 0xc8, 0xfa, 0xc9, 0xfa,
    0xc9, 0xfa, 0xc8, 0xfa, 0xc9, 0xfa, 0xc9, 0xfa, 0xc9, 0xfa, 0xc8, 0xfa,
    0xc9, 0xfa, 0xc9, 0xfa, 0xc8, 0xfa, 0xc9, 0xfa, 0xc9, 0xfa, 0xc9, 0xfa,
    0xc8, 0xfa, 0xc9, 0xfa, 0xc9, 0xfa, 0xc8, 0xfa, 0xc9, 0xfa, 0xc9, 0xfa,
    0xc8, 0xfa, 0xc9, 0xfa, 0xc9, 0xfa, 0xca, 0xa2, 0x00, 0x38, 0x00, 0x08,
    0x00, 0x08, 0x00, 0x08, 0x20, 0x08, 0x20, 0x00, 0xff, 0xff, 0xff, 0xff,
    0xff, 0xff, 0xff, 0xff, 0xff, 0xff, 0xff, 0xff, 0xff, 0xff, 0xff, 0xff,
    0xff, 0xff, 0xff, 0xff, 0xff, 0xff, 0xff, 0xff, 0xff, 0xff, 0xff, 0xff,
    0xff, 0xff, 0xff, 0xff, 0xff, 0xff, 0xff, 0xff, 0xff, 0xff, 0x00, 0x00,
    0x00, 0x08, 0xa5, 0xb9, 0x0a, 0xeb, 0xc9, 0xfa, 0xc9, 0xfa, 0xc9, 0xfa,
    0xc9, 0xfa, 0xc9, 0xfa, 0xc9, 0xfa, 0xc8, 0xfa, 0xc9, 0xfa, 0xc9, 0xfa,
    0xc8, 0xfa, 0xc9, 0xfa, 0xc9, 0xfa, 0xc9, 0xfa, 0xc8, 0xfa, 0xc9, 0xfa,
    0xc9, 0xfa, 0xc8, 0xfa, 0xc9, 0xfa, 0xc9, 0xfa, 0xc8, 0xfa, 0xc9, 0xfa,
    0xc9, 0xfa, 0xc8, 0xfa, 0xc9, 0xfa, 0xc9, 0xfa, 0x47, 0xda, 0x00, 0x08,
    0x00, 0x08, 0x20, 0x00, 0x00, 0x08, 0x00, 0x08, 0x20, 0x08, 0xff, 0xff,
    0xff, 0xff, 0xff, 0xff, 0xff, 0xff, 0xff, 0xff, 0xff, 0xff, 0xff, 0xff,
    0xff, 0xff, 0xff, 0xff, 0xff, 0xff, 0xff, 0xff, 0xff, 0xff, 0xff, 0xff,
    0x00, 0x08, 0x00, 0x00, 0x47, 0xda, 0xe9, 0xfa, 0xc9, 0xfa, 0xc9, 0xfa,
    0xc8, 0xfa, 0xc9, 0xfa, 0xc9, 0xfa, 0xc9, 0xfa, 0xc9, 0xfa, 0xc9, 0xfa,
    0xc9, 0xfa, 0xc8, 0xfa, 0xc9, 0xfa, 0xc9, 0xfa, 0xc8, 0xfa, 0xc9, 0xfa,
    0xc9, 0xfa, 0xc8, 0xfa, 0xc9, 0xfa, 0xc9, 0xfa, 0xc9, 0xfa, 0xc9, 0xfa,
    0xc9, 0xfa, 0xc9, 0xfa, 0xc9, 0xfa, 0xc9, 0xfa, 0x0a, 0xeb, 0xa5, 0xb9,
    0x00, 0x08, 0x00, 0x00, 0x00, 0x08, 0x00, 0x08, 0x00, 0x00, 0x00, 0x08,
    0xff, 0xff, 0xff, 0xff, 0xff, 0xff, 0xff, 0xff, 0xff, 0xff, 0xff, 0xff,
    0xff, 0xff, 0xff, 0xff, 0xff, 0xff, 0xff, 0xff, 0xff, 0xff, 0xff, 0xff,
    0xff, 0xff, 0xff, 0xff, 0xff, 0xff, 0xff, 0xff, 0xff, 0xff, 0xff, 0xff,
    0xff, 0xff, 0x20, 0x00, 0x00, 0x38, 0xca, 0xa2, 0xc9, 0xfa, 0xc9, 0xfa,
    0xc9, 0xfa, 0xc9, 0xfa, 0xc9, 0xfa, 0xc9, 0xfa, 0xc9, 0xfa, 0xc9, 0xfa,
    0xc8, 0xfa, 0xc9, 0xfa, 0xc9, 0xfa, 0xc9, 0xfa, 0xc9, 0xfa, 0xc9, 0xfa,
    0xc9, 0xfa, 0xc9, 0xfa, 0xc8, 0xfa, 0xc9, 0xfa, 0xc9, 0xfa, 0xc9, 0xfa,
    0xc9, 0xfa, 0xc9, 0xfa, 0xc9, 0xfa, 0xc9, 0xfa, 0xc9, 0xfa, 0xc9, 0xfa,
    0xa9, 0x92, 0x20, 0x30, 0x00, 0x08, 0x00, 0x00, 0x00, 0x08, 0x20, 0x08,
    0x21, 0x00, 0xff, 0xff, 0xff, 0xff, 0xff, 0xff, 0xff, 0xff, 0xff, 0xff,
    0x00, 0x08, 0x00, 0x08, 0x02, 0x99, 0x2b, 0xe3, 0xc9, 0xfa, 0xc9, 0xfa,
    0xc9, 0xfa, 0xc8, 0xfa, 0xc9, 0xfa, 0xc9, 0xfa, 0xc9, 0xfa, 0xc9, 0xfa,
    0xc9, 0xfa, 0xc8, 0xfa, 0xc9, 0xfa, 0xc9, 0xfa, 0xc9, 0xfa, 0xc9, 0xfa,
    0xc9, 0xfa, 0xc9, 0xfa, 0xc9, 0xfa, 0xc9, 0xfa, 0xc9, 0xfa, 0xc9, 0xfa,
    0xc9, 0xfa, 0xc9, 0xfa, 0xc9, 0xfa, 0xc9, 0xfa, 0xc9, 0xfa, 0xc9, 0xfa,
    0x20, 0x08, 0x00, 0x08, 0x00, 0x08, 0x00, 0x00, 0x20, 0x08, 0x00, 0x08,
    0xff, 0xff, 0xff, 0xff, 0xff, 0xff, 0xff, 0xff, 0xff, 0xff, 0xff, 0xff,
    0xff, 0xff, 0xff, 0xff, 0xff, 0xff, 0xff, 0xff, 0xff, 0xff, 0xff, 0xff,
    0xff, 0xff, 0xff, 0xff, 0xff, 0xff, 0xff, 0xff, 0xff, 0xff, 0xff, 0xff,
    0xff, 0xff, 0x20, 0x00, 0x00, 0x20, 0xc6, 0x59, 0xc9, 0xfa, 0xc9, 0xfa,
    0xc9, 0xfa, 0xc9, 0xfa, 0xc8, 0xfa, 0xc9, 0xfa, 0xc9, 0xfa, 0xc9, 0xfa,
    0xc9, 0xfa, 0xc9, 0xfa, 0xc9, 0xfa, 0xc9, 0xfa, 0xc9, 0xfa, 0xc9, 0xfa,
    0xc8, 0xfa, 0xc9, 0xfa, 0xc9, 0xfa, 0xc9, 0xfa, 0xc9, 0xfa, 0xc9, 0xfa,
    0xc9, 0xfa, 0xc9, 0xfa, 0xc8, 0xfa, 0xc9, 0xfa, 0xc9, 0xfa, 0xc9, 0xfa,
    0x8c, 0xcb, 0x00, 0x50, 0x00, 0x08, 0x20, 0x00, 0x00, 0x08, 0x00, 0x08,
    0x20, 0x00, 0xff, 0xff, 0xff, 0xff, 0xff, 0xff, 0xff, 0xff, 0xff, 0xff,
    0xff, 0xff, 0x21, 0x00, 0x00, 0x50, 0x6c, 0xc3, 0xc9, 0xfa, 0xc9, 0xfa,
    0xc9, 0xfa, 0xc8, 0xfa, 0xc9, 0xfa, 0xc9, 0xfa, 0xc9, 0xfa, 0xc9, 0xfa,
    0xc9, 0xfa, 0xc9, 0xfa, 0xc9, 0xfa, 0xc9, 0xfa, 0xc8, 0xfa, 0xc9, 0xfa,
    0xc9, 0xfa, 0xc9, 0xfa, 0xc9, 0xfa, 0xc8, 0xfa, 0xc9, 0xfa, 0xc9, 0xfa,
    0xc8, 0xfa, 0xc9, 0xfa, 0xc9, 0xfa, 0xc8, 0xfa, 0xc9, 0xfa, 0xc9, 0xfa,
    0x4b, 0xd3, 0x4b, 0xd3, 0x6c, 0xd3, 0x6c, 0xd3, 0x6c, 0xd3, 0x6c, 0xd3,
    0x6c, 0xd3, 0x6c, 0xcb, 0x6c, 0xd3, 0x6c, 0xd3, 0x6c, 0xd3, 0x4c, 0xd3,
    0x6c, 0xd3, 0x6c, 0xd3, 0x6c, 0xd3, 0x6c, 0xd3, 0x6c, 0xd3, 0x6c, 0xd3,
    0x6c, 0xd3, 0x6c, 0xd3, 0x6c, 0xd3, 0x6c, 0xd3, 0x6c, 0xd3, 0x6c, 0xcb,
    0x6c, 0xd3, 0x6c, 0xd3, 0x6c, 0xd3, 0x6c, 0xd3, 0x00, 0x08, 0x00, 0x08,
    0x20, 0x00, 0xff, 0xff, 0xff, 0xff, 0xff, 0xff, 0xff, 0xff, 0xff, 0xff,
    0xff, 0xff, 0xff, 0xff, 0xff, 0xff, 0xff, 0xff, 0xff, 0xff, 0xff, 0xff,
    0xff, 0xff, 0xff, 0xff, 0xff, 0xff, 0xff, 0xff, 0xff, 0xff, 0xff, 0xff,
    0xff, 0xff, 0xff, 0xff, 0xff, 0xff, 0xff, 0xff, 0xff, 0xff, 0xff, 0xff,
    0xff, 0xff, 0xff, 0xff, 0xff, 0xff, 0xff, 0xff, 0xff, 0xff, 0xff, 0xff,
    0xff, 0xff, 0xff, 0xff, 0xff, 0xff, 0xff, 0xff, 0xff, 0xff, 0xff, 0xff,
    0xff, 0xff, 0x20, 0x00, 0x20, 0x30, 0xaa, 0x9a, 0xc9, 0xfa, 0xc9, 0xfa,
    0xc9, 0xfa, 0xc9, 0xfa, 0xc9, 0xfa, 0xc9, 0xfa, 0xc9, 0xfa, 0xc9, 0xfa,
    0xc9, 0xfa, 0xc9, 0xfa, 0xc9, 0xfa, 0xc9, 0xfa, 0xc9, 0xfa, 0xc9, 0xfa,
    0xc9, 0xfa, 0xc9, 0xfa, 0xc9, 0xfa, 0xc9, 0xfa, 0xc9, 0xfa, 0xc9, 0xfa,
    0xc9, 0xfa, 0xc9, 0xfa, 0xc9, 0xfa, 0xc9, 0xfa, 0xc9, 0xfa, 0xc9, 0xfa,
    0xca, 0xa2, 0x00, 0x30, 0x20, 0x08, 0x00, 0x00, 0x00, 0x08, 0x00, 0x08,
    0x21, 0x00, 0xff, 0xff, 0xff, 0xff, 0xff, 0xff, 0xff, 0xff, 0xff, 0xff,
    0xff, 0xff, 0xff, 0xff, 0xff, 0xff, 0xff, 0xff, 0xff, 0xff, 0xff, 0xff,
    0xff, 0xff, 0xff, 0xff, 0xff, 0xff, 0xff, 0xff, 0xff, 0xff, 0xff, 0xff,
    0xff, 0xff, 0xff, 0xff, 0x20, 0x08, 0x00, 0x08, 0xc5, 0xb9, 0x0a, 0xeb,
    0xc8, 0xfa, 0xc9, 0xfa, 0xc9, 0xfa, 0xc9, 0xfa, 0xc9, 0xfa, 0xc9, 0xfa,
    0xc9, 0xfa, 0xc9, 0xfa, 0xc9, 0xfa, 0xc9, 0xfa, 0xc9, 0xfa, 0xc9, 0xfa,
    0xc9, 0xfa, 0xc9, 0xfa, 0xc9, 0xfa, 0xc9, 0xfa, 0xc9, 0xfa, 0xc9, 0xfa,
    0xc9, 0xfa, 0xc9, 0xfa, 0xc9, 0xfa, 0xc9, 0xfa, 0xc9, 0xfa, 0xc9, 0xfa,
    0xe9, 0xfa, 0x47, 0xda, 0x00, 0x08, 0x00, 0x08, 0x00, 0x08, 0x00, 0x08,
    0x00, 0x00, 0x00, 0x08, 0xff, 0xff, 0xff, 0xff, 0xff, 0xff, 0xff, 0xff,
    0xff, 0xff, 0xff, 0xff, 0xff, 0xff, 0xff, 0xff, 0xff, 0xff, 0xff, 0xff,
    0xff, 0xff, 0xff, 0xff, 0xff, 0xff, 0x00, 0x08, 0x00, 0x08, 0x47, 0xda,
    0xc9, 0xfa, 0xc9, 0xfa, 0xc9, 0xfa, 0xc9, 0xfa, 0xc9, 0xfa, 0xc8, 0xfa,
    0xc9, 0xfa, 0xc9, 0xfa, 0xc8, 0xfa, 0xc9, 0xfa, 0xc9, 0xfa, 0xc9, 0xfa,
    0xc9, 0xfa, 0xc9, 0xfa, 0xc9, 0xfa, 0xc9, 0xfa, 0xc9, 0xfa, 0xc9, 0xfa,
    0xc8, 0xfa, 0xc9, 0xfa, 0xc9, 0xfa, 0xc8, 0xfa, 0xc9, 0xfa, 0xc9, 0xfa,
    0xc9, 0xfa, 0x0a, 0xeb, 0xa5, 0xb9, 0x00, 0x08, 0x20, 0x08, 0x00, 0x08,
    0x20, 0x08, 0x00, 0x08, 0x20, 0x08, 0xff, 0xff, 0xff, 0xff, 0xff, 0xff,
    0xff, 0xff, 0xff, 0xff, 0xff, 0xff, 0xff, 0xff, 0xff, 0xff, 0xff, 0xff,
    0xff, 0xff, 0xff, 0xff, 0xff, 0xff, 0xff, 0xff, 0xff, 0xff, 0xff, 0xff,
    0xff, 0xff, 0xff, 0xff, 0xff, 0xff, 0xff, 0xff, 0x21, 0x00, 0x00, 0x38,
    0xca, 0xa2, 0xc9, 0xfa, 0xc9, 0xfa, 0xc8, 0xfa, 0xc9, 0xfa, 0xc9, 0xfa,
    0xc8, 0xfa, 0xc9, 0xfa, 0xc9, 0xfa, 0xc9, 0xfa, 0xc9, 0xfa, 0xc9, 0xfa,
    0xc8, 0xfa, 0xc9, 0xfa, 0xc9, 0xfa, 0xc9, 0xfa, 0xc9, 0xfa, 0xc9, 0xfa,
    0xc9, 0xfa, 0xc9, 0xfa, 0xc9, 0xfa, 0xc8, 0xfa, 0xc9, 0xfa, 0xc9, 0xfa,
    0xc8, 0xfa, 0xc9, 0xfa, 0xc9, 0xfa, 0xaa, 0x92, 0x20, 0x30, 0x00, 0x08,
    0x00, 0x08, 0x00, 0x08, 0x00, 0x08, 0x20, 0x00, 0xff, 0xff, 0xff, 0xff,
    0xff, 0xff, 0xff, 0xff, 0xff, 0xff, 0x20, 0x00, 0x00, 0x08, 0x02, 0x99,
    0x2a, 0xdb, 0xc9, 0xfa, 0xc9, 0xfa, 0xc9, 0xfa, 0xc9, 0xfa, 0xc9, 0xfa,
    0xc9, 0xfa, 0xc8, 0xfa, 0xc9, 0xfa, 0xc9, 0xfa, 0xc9, 0xfa, 0xc9, 0xfa,
    0xc9, 0xfa, 0xc8, 0xfa, 0xc9, 0xfa, 0xc9, 0xfa, 0xc9, 0xfa, 0xc9, 0xfa,
    0xc8, 0xfa, 0xc9, 0xfa, 0xc9, 0xfa, 0xc9, 0xfa, 0xc9, 0xfa, 0xc8, 0xfa,
    0xc9, 0xfa, 0xc9, 0xfa, 0xc9, 0xfa, 0x20, 0x08, 0x00, 0x08, 0x00, 0x08,
    0x00, 0x08, 0x00, 0x00, 0x20, 0x08, 0xff, 0xff, 0xff, 0xff, 0xff, 0xff,
    0xff, 0xff, 0xff, 0xff, 0xff, 0xff, 0xff, 0xff, 0xff, 0xff, 0xff, 0xff,
    0xff, 0xff, 0xff, 0xff, 0xff, 0xff, 0xff, 0xff, 0xff, 0xff, 0xff, 0xff,
    0xff, 0xff, 0xff, 0xff, 0xff, 0xff, 0xff, 0xff, 0x20, 0x00, 0x00, 0x20,
    0xc6, 0x59, 0xc9, 0xfa, 0xc9, 0xfa, 0xc9, 0xfa, 0xc9, 0xfa, 0xc9, 0xfa,
    0xc9, 0xfa, 0xc9, 0xfa, 0xc8, 0xfa, 0xc9, 0xfa, 0xc9, 0xfa, 0xc8, 0xfa,
    0xc9, 0xfa, 0xc9, 0xfa, 0xc9, 0xfa, 0xc9, 0xfa, 0xc9, 0xfa, 0xc9, 0xfa,
    0xc8, 0xfa, 0xc9, 0xfa, 0xc9, 0xfa, 0xc8, 0xfa, 0xc9, 0xfa, 0xc9, 0xfa,
    0xc9, 0xfa, 0xc9, 0xfa, 0xc9, 0xfa, 0x6c, 0xc3, 0x00, 0x50, 0x00, 0x08,
    0x20, 0x08, 0x00, 0x08, 0x20, 0x08, 0x20, 0x00, 0xff, 0xff, 0xff, 0xff,
    0xff, 0xff, 0xff, 0xff, 0xff, 0xff, 0xff, 0xff, 0x20, 0x00, 0x00, 0x50,
    0x6c, 0xcb, 0xc9, 0xfa, 0xc9, 0xfa, 0xc9, 0xfa, 0xc9, 0xfa, 0xc9, 0xfa,
    0xc8, 0xfa, 0xc9, 0xfa, 0xc9, 0xfa, 0xc9, 0xfa, 0xc9, 0xfa, 0xc9, 0xfa,
    0xc9, 0xfa, 0xc9, 0xfa, 0xc9, 0xfa, 0xc9, 0xfa, 0xc8, 0xfa, 0xc9, 0xfa,
    0xc9, 0xfa, 0xc9, 0xfa, 0xc9, 0xfa, 0xc9, 0xfa, 0xc9, 0xfa, 0xc9, 0xfa,
    0xc9, 0xfa, 0xc9, 0xfa, 0xc9, 0xfa, 0xc9, 0xfa, 0xc9, 0xfa, 0xc9, 0xfa,
    0xc9, 0xfa, 0xc9, 0xfa, 0xc9, 0xfa, 0xc9, 0xfa, 0xc9, 0xfa, 0xc9, 0xfa,
    0xc9, 0xfa, 0xc9, 0xfa, 0xc9, 0xfa, 0xc9, 0xfa, 0xc9, 0xfa, 0xc9, 0xfa,
    0xc9, 0xfa, 0xc9, 0xfa, 0xc9, 0xfa, 0xc9, 0xfa, 0xc9, 0xfa, 0xc9, 0xfa,
    0xc9, 0xfa, 0xc9, 0xfa, 0xc9, 0xfa, 0xc9, 0xfa, 0xc9, 0xfa, 0xc9, 0xfa,
    0xc9, 0xfa, 0x00, 0x00, 0x00, 0x08, 0x00, 0x08, 0x00, 0x08, 0xff, 0xff,
    0xff, 0xff, 0xff, 0xff, 0xff, 0xff, 0xff, 0xff, 0xff, 0xff, 0xff, 0xff,
    0xff, 0xff, 0xff, 0xff, 0xff, 0xff, 0xff, 0xff, 0xff, 0xff, 0xff, 0xff,
    0xff, 0xff, 0xff, 0xff, 0xff, 0xff, 0xff, 0xff, 0xff, 0xff, 0xff, 0xff,
    0xff, 0xff, 0xff, 0xff, 0xff, 0xff, 0xff, 0xff, 0xff, 0xff, 0xff, 0xff,
    0xff, 0xff, 0xff, 0xff, 0xff, 0xff, 0xff, 0xff, 0xff, 0xff, 0xff, 0xff,
    0xff, 0xff, 0xff, 0xff, 0xff, 0xff, 0xff, 0xff, 0x21, 0x08, 0x20, 0x30,
    0xa9, 0x92, 0xc9, 0xfa, 0xc9, 0xfa, 0xc9, 0xfa, 0xc9, 0xfa, 0xc9, 0xfa,
    0xc8, 0xfa, 0xc9, 0xfa, 0xc9, 0xfa, 0xc8, 0xfa, 0xc9, 0xfa, 0xc9, 0xfa,
    0xc9, 0xfa, 0xc9, 0xfa, 0xc9, 0xfa, 0xc8, 0xfa, 0xc9, 0xfa, 0xc9, 0xfa,
    0xc9, 0xfa, 0xc9, 0xfa, 0xc9, 0xfa, 0xc9, 0xfa, 0xc9, 0xfa, 0xc9, 0xfa,
    0xc9, 0xfa, 0xc8, 0xfa, 0xc9, 0xfa, 0xca, 0xa2, 0x00, 0x38, 0x00, 0x08,
    0x20, 0x08, 0x00, 0x00, 0x00, 0x08, 0x20, 0x00, 0xff, 0xff, 0xff, 0xff,
    0xff, 0xff, 0xff, 0xff, 0xff, 0xff, 0xff, 0xff, 0xff, 0xff, 0xff, 0xff,
    0xff, 0xff, 0xff, 0xff, 0xff, 0xff, 0xff, 0xff, 0xff, 0xff, 0xff, 0xff,
    0xff, 0xff, 0xff, 0xff, 0xff, 0xff, 0xff, 0xff, 0xff, 0xff, 0x00, 0x08,
    0x00, 0x00, 0xc5, 0xb9, 0x0a, 0xeb, 0xc9, 0xfa, 0xc9, 0xfa, 0xc8, 0xfa,
    0xc9, 0xfa, 0xc9, 0xfa, 0xc8, 0xfa, 0xc9, 0xfa, 0xc9, 0xfa, 0xc9, 0xfa,
    0xc9, 0xfa, 0xc8, 0xfa, 0xc9, 0xfa, 0xc9, 0xfa, 0xc9, 0xfa, 0xc9, 0xfa,
    0xc9, 0xfa, 0xc9, 0xfa, 0xc9, 0xfa, 0xc9, 0xfa, 0xc9, 0xfa, 0xc9, 0xfa,
    0xc9, 0xfa, 0xc9, 0xfa, 0xc9, 0xfa, 0xc9, 0xf2, 0x47, 0xda, 0x00, 0x08,
    0x00, 0x08, 0x20, 0x00, 0x00, 0x08, 0x00, 0x08, 0x20, 0x00, 0xff, 0xff,
    0xff, 0xff, 0xff, 0xff, 0xff, 0xff, 0xff, 0xff, 0xff, 0xff, 0xff, 0xff,
    0xff, 0xff, 0xff, 0xff, 0xff, 0xff, 0xff, 0xff, 0xff, 0xff, 0xff, 0xff,
    0x00, 0x08, 0x20, 0x08, 0x47, 0xda, 0xc9, 0xf2, 0xc9, 0xfa, 0xc9, 0xfa,
    0xc9, 0xfa, 0xc9, 0xfa, 0xc9, 0xfa, 0xc9, 0xfa, 0xc9, 0xfa, 0xc9, 0xfa,
    0xc9, 0xfa, 0xc9, 0xfa, 0xc9, 0xfa, 0xc9, 0xfa, 0xc9, 0xfa, 0xc9, 0xfa,
    0xc9, 0xfa, 0xc9, 0xfa, 0xc9, 0xfa, 0xc9, 0xfa, 0xc9, 0xfa, 0xc9, 0xfa,
    0xc9, 0xfa, 0xc9, 0xfa, 0xc8, 0xfa, 0xc9, 0xfa, 0x0a, 0xeb, 0xc4, 0xb9,
    0x00, 0x08, 0x00, 0x00, 0x00, 0x08, 0x00, 0x00, 0x20, 0x08, 0x00, 0x08,
    0xff, 0xff, 0xff, 0xff, 0xff, 0xff, 0xff, 0xff, 0xff, 0xff, 0xff, 0xff,
    0xff, 0xff, 0xff, 0xff, 0xff, 0xff, 0xff, 0xff, 0xff, 0xff, 0xff, 0xff,
    0xff, 0xff, 0xff, 0xff, 0xff, 0xff, 0xff, 0xff, 0xff, 0xff, 0xff, 0xff,
    0xff, 0xff, 0x20, 0x00, 0x00, 0x38, 0xca, 0xa2, 0xc9, 0xfa, 0xc9, 0xfa,
    0xc9, 0xfa, 0xc9, 0xfa, 0xc9, 0xfa, 0xc9, 0xfa, 0xc9, 0xfa, 0xc9, 0xfa,
    0xc9, 0xfa, 0xc9, 0xfa, 0xc9, 0xfa, 0xc9, 0xfa, 0xc9, 0xfa, 0xc9, 0xfa,
    0xc8, 0xfa, 0xc9, 0xfa, 0xc9, 0xfa, 0xc9, 0xfa, 0xc9, 0xfa, 0xc9, 0xfa,
    0xc9, 0xfa, 0xc9, 0xfa, 0xc9, 0xfa, 0xc9, 0xfa, 0xc9, 0xfa, 0xc9, 0xfa,
    0xa9, 0x92, 0x20, 0x30, 0x20, 0x08, 0x00, 0x08, 0x20, 0x00, 0x00, 0x08,
    0x21, 0x00, 0xff, 0xff, 0xff, 0xff, 0xff, 0xff, 0xff, 0xff, 0xff, 0xff,
    0x00, 0x08, 0x20, 0x08, 0x03, 0x99, 0x2b, 0xe3, 0xc9, 0xfa, 0xc9, 0xfa,
    0xc9, 0xfa, 0xc9, 0xfa, 0xc9, 0xfa, 0xc9, 0xfa, 0xc9, 0xfa, 0xc9, 0xfa,
    0xc9, 0xfa, 0xc9, 0xfa, 0xc9, 0xfa, 0xc9, 0xfa, 0xc9, 0xfa, 0xc9, 0xfa,
    0xc8, 0xfa, 0xc9, 0xfa, 0xc9, 0xfa, 0xc9, 0xfa, 0xc9, 0xfa, 0xc9, 0xfa,
    0xc8, 0xfa, 0xc9, 0xfa, 0xc9, 0xfa, 0xc9, 0xfa, 0xc9, 0xfa, 0xc9, 0xfa,
    0x20, 0x08, 0x00, 0x08, 0x00, 0x08, 0x00, 0x08, 0x00, 0x08, 0x00, 0x00,
    0xff, 0xff, 0xff, 0xff, 0xff, 0xff, 0xff, 0xff, 0xff, 0xff, 0xff, 0xff,
    0xff, 0xff, 0xff, 0xff, 0xff, 0xff, 0xff, 0xff, 0xff, 0xff, 0xff, 0xff,
    0xff, 0xff, 0xff, 0xff, 0xff, 0xff, 0xff, 0xff, 0xff, 0xff, 0xff, 0xff,
    0xff, 0xff, 0x21, 0x08, 0x00, 0x20, 0xe6, 0x59, 0xc9, 0xfa, 0xc9, 0xfa,
    0xc9, 0xfa, 0xc9, 0xfa, 0xc9, 0xfa, 0xc9, 0xfa, 0xc9, 0xfa, 0xc9, 0xfa,
    0xc9, 0xfa, 0xc9, 0xfa, 0xc9, 0xfa, 0xc9, 0xfa, 0xc9, 0xfa, 0xc8, 0xfa,
    0xc9, 0xfa, 0xc9, 0xfa, 0xc9, 0xfa, 0xc9, 0xfa, 0xc9, 0xfa, 0xc9, 0xfa,
    0xc9, 0xfa, 0xc9, 0xfa, 0xc9, 0xfa, 0xc9, 0xfa, 0xc9, 0xfa, 0xc9, 0xfa,
    0x6c, 0xc3, 0x00, 0x50, 0x00, 0x08, 0x00, 0x00, 0x00, 0x08, 0x00, 0x08,
    0x20, 0x00, 0xff, 0xff, 0xff, 0xff, 0xff, 0xff, 0xff, 0xff, 0xff, 0xff,
    0xff, 0xff, 0x20, 0x08, 0x00, 0x50, 0x8c, 0xc3, 0xc9, 0xfa, 0xc9, 0xfa,
    0xc9, 0xfa, 0xc9, 0xfa, 0xc9, 0xfa, 0xc9, 0xfa, 0xc9, 0xfa, 0xc9, 0xfa,
    0xc8, 0xfa, 0xc9, 0xfa, 0xc9, 0xfa, 0xc9, 0xfa, 0xc9, 0xfa, 0xc9, 0xfa,
    0xc9, 0xfa, 0xc9, 0xfa, 0xc9, 0xfa, 0xc9, 0xfa, 0xc9, 0xfa, 0xc9, 0xfa,
    0xc9, 0xfa, 0xc9, 0xfa, 0xc9, 0xfa, 0xc9, 0xfa, 0xc9, 0xfa, 0xc9, 0xfa,
    0xc9, 0xfa, 0xc9, 0xfa, 0xc9, 0xfa, 0xc9, 0xfa, 0xc9, 0xfa, 0xc9, 0xfa,
    0xc9, 0xfa, 0xc9, 0xfa, 0xc9, 0xfa, 0xc9, 0xfa, 0xc9, 0xfa, 0xc9, 0xfa,
    0xc9, 0xfa, 0xc9, 0xfa, 0xc9, 0xfa, 0xc9, 0xfa, 0xc9, 0xfa, 0xc9, 0xfa,
    0xc9, 0xfa, 0xc9, 0xfa, 0xc9, 0xfa, 0xc9, 0xfa, 0xc9, 0xfa, 0xc9, 0xfa,
    0xc9, 0xfa, 0xc9, 0xfa, 0xc9, 0xfa, 0xc9, 0xfa, 0x00, 0x08, 0x00, 0x08,
    0x20, 0x08, 0x00, 0x08, 0x20, 0x00, 0xff, 0xff, 0xff, 0xff, 0xff, 0xff,
    0xff, 0xff, 0xff, 0xff, 0xff, 0xff, 0xff, 0xff, 0xff, 0xff, 0xff, 0xff,
    0xff, 0xff, 0xff, 0xff, 0xff, 0xff, 0xff, 0xff, 0xff, 0xff, 0xff, 0xff,
    0xff, 0xff, 0xff, 0xff, 0xff, 0xff, 0xff, 0xff, 0xff, 0xff, 0xff, 0xff,
    0xff, 0xff, 0xff, 0xff, 0xff, 0xff, 0xff, 0xff, 0xff, 0xff, 0xff, 0xff,
    0xff, 0xff, 0xff, 0xff, 0xff, 0xff, 0xff, 0xff, 0xff, 0xff, 0xff, 0xff,
    0xff, 0xff, 0x20, 0x00, 0x20, 0x30, 0xaa, 0x92, 0xc9, 0xfa, 0xc9, 0xfa,
    0xc8, 0xfa, 0xc9, 0xfa, 0xc9, 0xfa, 0xc9, 0xfa, 0xc9, 0xfa, 0xc9, 0xfa,
    0xc9, 0xfa, 0xc9, 0xfa, 0xc9, 0xfa, 0xc8, 0xfa, 0xc9, 0xfa, 0xc9, 0xfa,
    0xc9, 0xfa, 0xc9, 0xfa, 0xc8, 0xfa, 0xc9, 0xfa, 0xc9, 0xfa, 0xc8, 0xfa,
    0xc9, 0xfa, 0xc9, 0xfa, 0xc8, 0xfa, 0xc9, 0xfa, 0xc9, 0xfa, 0xc9, 0xfa,
    0xca, 0xa2, 0x00, 0x30, 0x00, 0x08, 0x00, 0x08, 0x20, 0x08, 0x00, 0x08,
    0x20, 0x00, 0xff, 0xff, 0xff, 0xff, 0xff, 0xff, 0xff, 0xff, 0xff, 0xff,
    0xff, 0xff, 0xff, 0xff, 0xff, 0xff, 0xff, 0xff, 0xff, 0xff, 0xff, 0xff,
    0xff, 0xff, 0xff, 0xff, 0xff, 0xff, 0xff, 0xff, 0xff, 0xff, 0xff, 0xff,
    0xff, 0xff, 0xff, 0xff, 0x00, 0x08, 0x00, 0x08, 0xa5, 0xb9, 0x0a, 0xeb,
    0xc9, 0xfa, 0xc9, 0xfa, 0xc9, 0xfa, 0xc9, 0xfa, 0xc9, 0xfa, 0xc9, 0xfa,
    0xc9, 0xfa, 0xc9, 0xfa, 0xc8, 0xfa, 0xc9, 0xfa, 0xc9, 0xfa, 0xc9, 0xfa,
    0xc9, 0xfa, 0xc8, 0xfa, 0xc9, 0xfa, 0xc9, 0xfa, 0xc8, 0xfa, 0xc9, 0xfa,
    0xc9, 0xfa, 0xc8, 0xfa, 0xc9, 0xfa, 0xc9, 0xfa, 0xc8, 0xfa, 0xc9, 0xfa,
    0xe9, 0xfa, 0x47, 0xda, 0x00, 0x08, 0x00, 0x08, 0x20, 0x00, 0x00, 0x08,
    0x00, 0x08, 0x00, 0x08, 0xff, 0xff, 0xff, 0xff, 0xff, 0xff, 0xff, 0xff,
    0xff, 0xff, 0xff, 0xff, 0xff, 0xff, 0xff, 0xff, 0xff, 0xff, 0xff, 0xff,
    0xff, 0xff, 0xff, 0xff, 0xff, 0xff, 0x00, 0x00, 0x00, 0x08, 0x47, 0xda,
    0xe9, 0xfa, 0xc9, 0xfa, 0xc9, 0xfa, 0xc8, 0xfa, 0xc9, 0xfa, 0xc9, 0xfa,
    0xc9, 0xfa, 0xc9, 0xfa, 0xc9, 0xfa, 0xc9, 0xfa, 0xc8, 0xfa, 0xc9, 0xfa,
    0xc9, 0xfa, 0xc8, 0xfa, 0xc9, 0xfa, 0xc9, 0xfa, 0xc8, 0xfa, 0xc9, 0xfa,
    0xc9, 0xfa, 0xc9, 0xfa, 0xc9, 0xfa, 0xc9, 0xfa, 0xc9, 0xfa, 0xc9, 0xfa,
    0xc9, 0xfa, 0x0a, 0xeb, 0xa5, 0xb9, 0x00, 0x08, 0x00, 0x08, 0x20, 0x00,
    0x00, 0x08, 0x00, 0x08, 0x00, 0x00, 0xff, 0xff, 0xff, 0xff, 0xff, 0xff,
    0xff, 0xff, 0xff, 0xff, 0xff, 0xff, 0xff, 0xff, 0xff, 0xff, 0xff, 0xff,
    0xff, 0xff, 0xff, 0xff, 0xff, 0xff, 0xff, 0xff, 0xff, 0xff, 0xff, 0xff,
    0xff, 0xff, 0xff, 0xff, 0xff, 0xff, 0xff, 0xff, 0x21, 0x00, 0x00, 0x38,
    0xca, 0xa2, 0xc9, 0xfa, 0xc9, 0xfa, 0xc9, 0xfa, 0xc9, 0xfa, 0xc9, 0xfa,
    0xc9, 0xfa, 0xc8, 0xfa, 0xc9, 0xfa, 0xc9, 0xfa, 0xc8, 0xfa, 0xc9, 0xfa,
    0xc9, 0xfa, 0xc9, 0xfa, 0xc9, 0xfa, 0xc9, 0xfa, 0xc9, 0xfa, 0xc9, 0xfa,
    0xc8, 0xfa, 0xc9, 0xfa, 0xc9, 0xfa, 0xc9, 0xfa, 0xc9, 0xfa, 0xc9, 0xfa,
    0xc9, 0xfa, 0xc9, 0xfa, 0xc9, 0xfa, 0xa9, 0x92, 0x20, 0x30, 0x00, 0x08,
    0x00, 0x08, 0x00, 0x08, 0x20, 0x08, 0x20, 0x00, 0xff, 0xff, 0xff, 0xff,
    0xff, 0xff, 0xff, 0xff, 0xff, 0xff, 0x00, 0x08, 0x00, 0x00, 0x02, 0x99,
    0x2a, 0xe3, 0xc9, 0xfa, 0xc9, 0xfa, 0xc8, 0xfa, 0xc9, 0xfa, 0xc9, 0xfa,
    0xc8, 0xfa, 0xc9, 0xfa, 0xc9, 0xfa, 0xc9, 0xfa, 0xc8, 0xfa, 0xc9, 0xfa,
    0xc9, 0xfa, 0xc9, 0xfa, 0xc9, 0xfa, 0xc9, 0xfa, 0xc9, 0xfa, 0xc9, 0xfa,
    0xc9, 0xfa, 0xc9, 0xfa, 0xc9, 0xfa, 0xc9, 0xfa, 0xc9, 0xfa, 0xc9, 0xfa,
    0xc9, 0xfa, 0xc9, 0xfa, 0xc9, 0xfa, 0x20, 0x08, 0x00, 0x08, 0x00, 0x08,
    0x20, 0x08, 0x00, 0x00, 0x00, 0x08, 0xff, 0xff, 0xff, 0xff, 0xff, 0xff,
    0xff, 0xff, 0xff, 0xff, 0xff, 0xff, 0xff, 0xff, 0xff, 0xff, 0xff, 0xff,
    0xff, 0xff, 0xff, 0xff, 0xff, 0xff, 0xff, 0xff, 0xff, 0xff, 0xff, 0xff,
    0xff, 0xff, 0xff, 0xff, 0xff, 0xff, 0xff, 0xff, 0x20, 0x00, 0x00, 0x20,
    0xc6, 0x59, 0xc9, 0xfa, 0xc9, 0xfa, 0xc9, 0xfa, 0xc8, 0xfa, 0xc9, 0xfa,
    0xc9, 0xfa, 0xc8, 0xfa, 0xc9, 0xfa, 0xc9, 0xfa, 0xc9, 0xfa, 0xc9, 0xfa,
    0xc9, 0xfa, 0xc9, 0xfa, 0xc9, 0xfa, 0xc9, 0xfa, 0xc9, 0xfa, 0xc8, 0xfa,
    0xc9, 0xfa, 0xc9, 0xfa, 0xc9, 0xfa, 0xc9, 0xfa, 0xc9, 0xfa, 0xc8, 0xfa,
    0xc9, 0xfa, 0xc9, 0xfa, 0xc9, 0xfa, 0x6c, 0xcb, 0x00, 0x50, 0x20, 0x08,
    0x00, 0x08, 0x00, 0x00, 0x00, 0x08, 0x21, 0x00, 0xff, 0xff, 0xff, 0xff,
    0xff, 0xff, 0xff, 0xff, 0xff, 0xff, 0xff, 0xff, 0x21, 0x00, 0x00, 0x50,
    0x6c, 0xcb, 0xc9, 0xfa, 0xc9, 0xfa, 0xc9, 0xfa, 0xc8, 0xfa, 0xc9, 0xfa,
    0xc9, 0xfa, 0xc9, 0xfa, 0xc9, 0xfa, 0xc9, 0xfa, 0xc9, 0xfa, 0xc8, 0xfa,
    0xc9, 0xfa, 0xc9, 0xfa, 0xc8, 0xfa, 0xc9, 0xfa, 0xc9, 0xfa, 0xc9, 0xfa,
    0xc8, 0xfa, 0xc9, 0xfa, 0xc9, 0xfa, 0xc8, 0xfa, 0xc9, 0xfa, 0xc9, 0xfa,
    0xc8, 0xfa, 0xc9, 0xfa, 0xc9, 0xfa, 0xc8, 0xfa, 0xc9, 0xfa, 0xc9, 0xfa,
    0xc8, 0xfa, 0xc9, 0xfa, 0xc9, 0xfa, 0xc9, 0xfa, 0xc9, 0xfa, 0xc9, 0xfa,
    0xc9, 0xfa, 0xc9, 0xfa, 0xc9, 0xfa, 0xc9, 0xfa, 0xc9, 0xfa, 0xc8, 0xfa,
    0xc9, 0xfa, 0xc9, 0xfa, 0xc8, 0xfa, 0xc9, 0xfa, 0xc9, 0xfa, 0xc9, 0xfa,
    0xc8, 0xfa, 0xc9, 0xfa, 0xc9, 0xfa, 0xc9, 0xfa, 0xc8, 0xfa, 0xc9, 0xfa,
    0xc9, 0xfa, 0x00, 0x08, 0x00, 0x00, 0x20, 0x08, 0x00, 0x08, 0x00, 0x08,
    0x20, 0x08, 0xff, 0xff, 0xff, 0xff, 0xff, 0xff, 0xff, 0xff, 0xff, 0xff,
    0xff, 0xff, 0xff, 0xff, 0xff, 0xff, 0xff, 0xff, 0xff, 0xff, 0xff, 0xff,
    0xff, 0xff, 0xff, 0xff, 0xff, 0xff, 0xff, 0xff, 0xff, 0xff, 0xff, 0xff,
    0xff, 0xff, 0xff, 0xff, 0xff, 0xff, 0xff, 0xff, 0xff, 0xff, 0xff, 0xff,
    0xff, 0xff, 0xff, 0xff, 0xff, 0xff, 0xff, 0xff, 0xff, 0xff, 0xff, 0xff,
    0xff, 0xff, 0xff, 0xff, 0xff, 0xff, 0xff, 0xff, 0x21, 0x00, 0x20, 0x30,
    0xa9, 0x9a, 0xc9, 0xfa, 0xc9, 0xfa, 0xc9, 0xfa, 0xc9, 0xfa, 0xc9, 0xfa,
    0xc9, 0xfa, 0xc9, 0xfa, 0xc9, 0xfa, 0xc9, 0xfa, 0xc9, 0xfa, 0xc9, 0xfa,
    0xc9, 0xfa, 0xc9, 0xfa, 0xc9, 0xfa, 0xc9, 0xfa, 0xc9, 0xfa, 0xc9, 0xfa,
    0xc9, 0xfa, 0xc9, 0xfa, 0xc9, 0xfa, 0xc9, 0xfa, 0xc9, 0xfa, 0xc9, 0xfa,
    0xc9, 0xfa, 0xc9, 0xfa, 0xc9, 0xfa, 0xca, 0xa2, 0x00, 0x38, 0x00, 0x08,
    0x00, 0x00, 0x20, 0x08, 0x00, 0x08, 0x20, 0x00, 0xff, 0xff, 0xff, 0xff,
    0xff, 0xff, 0xff, 0xff, 0xff, 0xff, 0xff, 0xff, 0xff, 0xff, 0xff, 0xff,
    0xff, 0xff, 0xff, 0xff, 0xff, 0xff, 0xff, 0xff, 0xff, 0xff, 0xff, 0xff,
    0xff, 0xff, 0xff, 0xff, 0xff, 0xff, 0xff, 0xff, 0xff, 0xff, 0x20, 0x00,
    0x00, 0x08, 0xc5, 0xb9, 0x0a, 0xeb, 0xc9, 0xfa, 0xc9, 0xfa, 0xc9, 0xfa,
    0xc9, 0xfa, 0xc9, 0xfa, 0xc9, 0xfa, 0xc9, 0xfa, 0xc9, 0xfa, 0xc9, 0xfa,
    0xc9, 0xfa, 0xc9, 0xfa, 0xc9, 0xfa, 0xc9, 0xfa, 0xc9, 0xfa, 0xc9, 0xfa,
    0xc9, 0xfa, 0xc9, 0xfa, 0xc9, 0xfa, 0xc9, 0xfa, 0xc9, 0xfa, 0xc9, 0xfa,
    0xc9, 0xfa, 0xc9, 0xfa, 0xc9, 0xfa, 0xc9, 0xfa, 0x47, 0xda, 0x00, 0x08,
    0x00, 0x08, 0x00, 0x08, 0x20, 0x08, 0x00, 0x00, 0x00, 0x08, 0xff, 0xff,
    0xff, 0xff, 0xff, 0xff, 0xff, 0xff, 0xff, 0xff, 0xff, 0xff, 0xff, 0xff,
    0xff, 0xff, 0xff, 0xff, 0xff, 0xff, 0xff, 0xff, 0xff, 0xff, 0xff, 0xff,
    0x00, 0x08, 0x00, 0x08, 0x47, 0xda, 0xe9, 0xfa, 0xc9, 0xfa, 0xc9, 0xfa,
    0xc9, 0xfa, 0xc9, 0xfa, 0xc9, 0xfa, 0xc8, 0xfa, 0xc9, 0xfa, 0xc9, 0xfa,
    0xc9, 0xfa, 0xc9, 0xfa, 0xc9, 0xfa, 0xc9, 0xfa, 0xc9, 0xfa, 0xc9, 0xfa,
    0xc9, 0xfa, 0xc9, 0xfa, 0xc9, 0xfa, 0xc9, 0xfa, 0xc8, 0xfa, 0xc9, 0xfa,
    0xc9, 0xfa, 0xc9, 0xfa, 0xc9, 0xfa, 0xc9, 0xfa, 0x0a, 0xeb, 0xa5, 0xb9,
    0x00, 0x08, 0x20, 0x08, 0x00, 0x08, 0x00, 0x08, 0x00, 0x08, 0x20, 0x00,
    0xff, 0xff, 0xff, 0xff, 0xff, 0xff, 0xff, 0xff, 0xff, 0xff, 0xff, 0xff,
    0xff, 0xff, 0xff, 0xff, 0xff, 0xff, 0xff, 0xff, 0xff, 0xff, 0xff, 0xff,
    0xff, 0xff, 0xff, 0xff, 0xff, 0xff, 0xff, 0xff, 0xff, 0xff, 0xff, 0xff,
    0xff, 0xff, 0x20, 0x00, 0x00, 0x38, 0xca, 0xa2, 0xc9, 0xfa, 0xc9, 0xfa,
    0xc8, 0xfa, 0xc9, 0xfa, 0xc9, 0xfa, 0xc9, 0xfa, 0xc9, 0xfa, 0xc9, 0xfa,
    0xc9, 0xfa, 0xc9, 0xfa, 0xc9, 0xfa, 0xc9, 0xfa, 0xc8, 0xfa, 0xc9, 0xfa,
    0xc9, 0xfa, 0xc9, 0xfa, 0xc9, 0xfa, 0xc9, 0xfa, 0xc9, 0xfa, 0xc8, 0xfa,
    0xc9, 0xfa, 0xc9, 0xfa, 0xc8, 0xfa, 0xc9, 0xfa, 0xc9, 0xfa, 0xc9, 0xfa,
    0xaa, 0x92, 0x20, 0x30, 0x00, 0x08, 0x00, 0x08, 0x00, 0x08, 0x00, 0x08,
    0x21, 0x00, 0xff, 0xff, 0xff, 0xff, 0xff, 0xff, 0xff, 0xff, 0xff, 0xff,
    0x00, 0x08, 0x00, 0x08, 0x02, 0x99, 0x2b, 0xdb, 0xc9, 0xfa, 0xc9, 0xfa,
    0xc9, 0xfa, 0xc9, 0xfa, 0xc9, 0xfa, 0xc9, 0xfa, 0xc9, 0xfa, 0xc9, 0xfa,
    0xc9, 0xfa, 0xc9, 0xfa, 0xc9, 0xfa, 0xc9, 0xfa, 0xc8, 0xfa, 0xc9, 0xfa,
    0xc9, 0xfa, 0xc9, 0xfa, 0xc8, 0xfa, 0xc9, 0xfa, 0xc9, 0xfa, 0xc9, 0xfa,
    0xc9, 0xfa, 0xc9, 0xfa, 0xc8, 0xfa, 0xc9, 0xfa, 0xc9, 0xfa, 0xc8, 0xfa,
    0x20, 0x08, 0x00, 0x08, 0x00, 0x08, 0x00, 0x08, 0x20, 0x08, 0x00, 0x08,
    0xff, 0xff, 0xff, 0xff, 0xff, 0xff, 0xff, 0xff, 0xff, 0xff, 0xff, 0xff,
    0xff, 0xff, 0xff, 0xff, 0xff, 0xff, 0xff, 0xff, 0xff, 0xff, 0xff, 0xff,
    0xff, 0xff, 0xff, 0xff, 0xff, 0xff, 0xff, 0xff, 0xff, 0xff, 0xff, 0xff,
    0xff, 0xff, 0x21, 0x00, 0x00, 0x20, 0xc6, 0x59, 0xc9, 0xfa, 0xc9, 0xfa,
    0xc9, 0xfa, 0xc9, 0xfa, 0xc9, 0xfa, 0xc9, 0xfa, 0xc9, 0xfa, 0xc9, 0xfa,
    0xc9, 0xfa, 0xc8, 0xfa, 0xc9, 0xfa, 0xc9, 0xfa, 0xc8, 0xfa, 0xc9, 0xfa,
    0xc9, 0xfa, 0xc9, 0xfa, 0xc9, 0xfa, 0xc9, 0xfa, 0xc9, 0xfa, 0xc8, 0xfa,
    0xc9, 0xfa, 0xc9, 0xfa, 0xc9, 0xfa, 0xc9, 0xfa, 0xc9, 0xfa, 0xc8, 0xfa,
    0x6c, 0xc3, 0x00, 0x50, 0x00, 0x08, 0x20, 0x08, 0x00, 0x08, 0x20, 0x08,
    0x20, 0x00, 0xff, 0xff, 0xff, 0xff, 0xff, 0xff, 0xff, 0xff, 0xff, 0xff,
    0xff, 0xff, 0x20, 0x00, 0x00, 0x50, 0x6c, 0xcb, 0xc9, 0xfa, 0xc9, 0xfa,
    0xc9, 0xfa, 0xc9, 0xfa, 0xc9, 0xfa, 0xc9, 0xfa, 0xc8, 0xfa, 0xc9, 0xfa,
    0xc9, 0xfa, 0xc9, 0xfa, 0xc9, 0xfa, 0xc9, 0xfa, 0xc9, 0xfa, 0xc9, 0xfa,
    0xc9, 0xfa, 0xc9, 0xfa, 0xc9, 0xfa, 0xc9, 0xfa, 0xc9, 0xfa, 0xc9, 0xfa,
    0xc9, 0xfa, 0xc9, 0xfa, 0xc9, 0xfa, 0xc9, 0xfa, 0xc9, 0xfa, 0xc9, 0xfa,
    0xc9, 0xfa, 0xc9, 0xfa, 0xc9, 0xfa, 0xc9, 0xfa, 0xc9, 0xfa, 0xc9, 0xfa,
    0xc8, 0xfa, 0xc9, 0xfa, 0xc9, 0xfa, 0xc8, 0xfa, 0xc9, 0xfa, 0xc9, 0xfa,
    0xc9, 0xfa, 0xc9, 0xfa, 0xc9, 0xfa, 0xc9, 0xfa, 0xc9, 0xfa, 0xc9, 0xfa,
    0xc9, 0xfa, 0xc9, 0xfa, 0xc9, 0xfa, 0xc9, 0xfa, 0xc9, 0xfa, 0xc9, 0xfa,
    0xc9, 0xfa, 0xc9, 0xfa, 0xc9, 0xfa, 0xc9, 0xfa, 0x00, 0x08, 0x00, 0x00,
    0x00, 0x08, 0x00, 0x08, 0x00, 0x00, 0x00, 0x08, 0xff, 0xff, 0xff, 0xff,
    0xff, 0xff, 0xff, 0xff, 0xff, 0xff, 0xff, 0xff, 0xff, 0xff, 0xff, 0xff,
    0xff, 0xff, 0xff, 0xff, 0xff, 0xff, 0xff, 0xff, 0xff, 0xff, 0xff, 0xff,
    0xff, 0xff, 0xff, 0xff, 0xff, 0xff, 0xff, 0xff, 0xff, 0xff, 0xff, 0xff,
    0xff, 0xff, 0xff, 0xff, 0xff, 0xff, 0xff, 0xff, 0xff, 0xff, 0xff, 0xff,
    0xff, 0xff, 0xff, 0xff, 0xff, 0xff, 0xff, 0xff, 0xff, 0xff, 0xff, 0xff,
    0xff, 0xff, 0x20, 0x08, 0x20, 0x30, 0xaa, 0x92, 0xc9, 0xfa, 0xc9, 0xfa,
    0xc9, 0xfa, 0xc9, 0xfa, 0xc8, 0xfa, 0xc9, 0xfa, 0xc9, 0xfa, 0xc8, 0xfa,
    0xc9, 0xfa, 0xc9, 0xfa, 0xc8, 0xfa, 0xc9, 0xfa, 0xc9, 0xfa, 0xc8, 0xfa,
    0xc9, 0xfa, 0xc9, 0xfa, 0xc9, 0xfa, 0xc9, 0xfa, 0xc9, 0xfa, 0xc9, 0xfa,
    0xc8, 0xfa, 0xc9, 0xfa, 0xc9, 0xfa, 0xc9, 0xfa, 0xc9, 0xfa, 0xc9, 0xfa,
    0xca, 0xa2, 0x00, 0x38, 0x20, 0x08, 0x00, 0x00, 0x00, 0x08, 0x00, 0x08,
    0x20, 0x00, 0xff, 0xff, 0xff, 0xff, 0xff, 0xff, 0xff, 0xff, 0xff, 0xff,
    0xff, 0xff, 0xff, 0xff, 0xff, 0xff, 0xff, 0xff, 0xff, 0xff, 0xff, 0xff,
    0xff, 0xff, 0xff, 0xff, 0xff, 0xff, 0xff, 0xff, 0xff, 0xff, 0xff, 0xff,
    0xff, 0xff, 0xff, 0xff, 0x00, 0x08, 0x00, 0x08, 0xc5, 0xb9, 0x0a, 0xeb,
    0xc9, 0xfa, 0xc8, 0xfa, 0xc9, 0xfa, 0xc9, 0xfa, 0xc8, 0xfa, 0xc9, 0xfa,
    0xc9, 0xfa, 0xc8, 0xfa, 0xc9, 0xfa, 0xc9, 0xfa, 0xc9, 0xfa, 0xc8, 0xfa,
    0xc9, 0xfa, 0xc9, 0xfa, 0xc9, 0xfa, 0xc9, 0xfa, 0xc9, 0xfa, 0xc8, 0xfa,
    0xc9, 0xfa, 0xc9, 0xfa, 0xc9, 0xfa, 0xc9, 0xfa, 0xc9, 0xfa, 0xc9, 0xfa,
    0xe9, 0xf2, 0x47, 0xda, 0x00, 0x08, 0x00, 0x08, 0x00, 0x00, 0x00, 0x08,
    0x20, 0x08, 0x00, 0x08, 0xff, 0xff, 0xff, 0xff, 0xff, 0xff, 0xff, 0xff,
    0xff, 0xff, 0xff, 0xff, 0xff, 0xff, 0xff, 0xff, 0xff, 0xff, 0xff, 0xff,
    0xff, 0xff, 0xff, 0xff, 0xff, 0xff, 0x00, 0x08, 0x00, 0x08, 0x47, 0xda,
    0xc9, 0xfa, 0xc9, 0xfa, 0xc9, 0xfa, 0xc9, 0xfa, 0xc9, 0xfa, 0xc9, 0xfa,
    0xc9, 0xfa, 0xc9, 0xfa, 0xc9, 0xfa, 0xc8, 0xfa, 0xc9, 0xfa, 0xc9, 0xfa,
    0xc9, 0xfa, 0xc9, 0xfa, 0xc9, 0xfa, 0xc9, 0xfa, 0xc9, 0xfa, 0xc9, 0xfa,
    0xc9, 0xfa, 0xc9, 0xfa, 0xc9, 0xfa, 0xc8, 0xfa, 0xc9, 0xfa, 0xc9, 0xfa,
    0xc8, 0xfa, 0x0a, 0xeb, 0xc5, 0xb9, 0x00, 0x08, 0x00, 0x00, 0x00, 0x08,
    0x00, 0x08, 0x20, 0x00, 0x00, 0x08, 0xff, 0xff, 0xff, 0xff, 0xff, 0xff,
    0xff, 0xff, 0xff, 0xff, 0xff, 0xff, 0xff, 0xff, 0xff, 0xff, 0xff, 0xff,
    0xff, 0xff, 0xff, 0xff, 0xff, 0xff, 0xff, 0xff, 0xff, 0xff, 0xff, 0xff,
    0xff, 0xff, 0xff, 0xff, 0xff, 0xff, 0xff, 0xff, 0x20, 0x00, 0x00, 0x38,
    0xca, 0xa2, 0xc9, 0xfa, 0xc9, 0xfa, 0xc9, 0xfa, 0xc9, 0xfa, 0xc9, 0xfa,
    0xc8, 0xfa, 0xc9, 0xfa, 0xc9, 0xfa, 0xc9, 0xfa, 0xc9, 0xfa, 0xc9, 0xfa,
    0xc9, 0xfa, 0xc9, 0xfa, 0xc9, 0xfa, 0xc9, 0xfa, 0xc8, 0xfa, 0xc9, 0xfa,
    0xc9, 0xfa, 0xc9, 0xfa, 0xc9, 0xfa, 0xc9, 0xfa, 0xc9, 0xfa, 0xc9, 0xfa,
    0xc9, 0xfa, 0xc9, 0xfa, 0xc9, 0xfa, 0xa9, 0x92, 0x20, 0x30, 0x20, 0x08,
    0x00, 0x08, 0x00, 0x00, 0x20, 0x08, 0x20, 0x00, 0xff, 0xff, 0xff, 0xff,
    0xff, 0xff, 0xff, 0xff, 0xff, 0xff, 0x20, 0x08, 0x00, 0x08, 0x02, 0x99,
    0x2b, 0xe3, 0xc9, 0xfa, 0xc9, 0xfa, 0xc9, 0xfa, 0xc9, 0xfa, 0xc9, 0xfa,
    0xc9, 0xfa, 0xc9, 0xfa, 0xc8, 0xfa, 0xc9, 0xfa, 0xc9, 0xfa, 0xc9, 0xfa,
    0xc9, 0xfa, 0xc9, 0xfa, 0xc9, 0xfa, 0xc9, 0xfa, 0xc9, 0xfa, 0xc9, 0xfa,
    0xc9, 0xfa, 0xc8, 0xfa, 0xc9, 0xfa, 0xc9, 0xfa, 0xc9, 0xfa, 0xc9, 0xfa,
    0xc9, 0xfa, 0xc9, 0xfa, 0xc9, 0xfa, 0x20, 0x08, 0x00, 0x08, 0x00, 0x08,
    0x00, 0x00, 0x00, 0x08, 0x20, 0x08, 0xff, 0xff, 0xff, 0xff, 0xff, 0xff,
    0xff, 0xff, 0xff, 0xff, 0xff, 0xff, 0xff, 0xff, 0xff, 0xff, 0xff, 0xff,
    0xff, 0xff, 0xff, 0xff, 0xff, 0xff, 0xff, 0xff, 0xff, 0xff, 0xff, 0xff,
    0xff, 0xff, 0xff, 0xff, 0xff, 0xff, 0xff, 0xff, 0x20, 0x00, 0x00, 0x20,
    0xc6, 0x59, 0xc9, 0xfa, 0xc9, 0xfa, 0xc9, 0xfa, 0xc9, 0xfa, 0xc9, 0xfa,
    0xc9, 0xfa, 0xc9, 0xfa, 0xc9, 0xfa, 0xc9, 0xfa, 0xc9, 0xfa, 0xc9, 0xfa,
    0xc9, 0xfa, 0xc9, 0xfa, 0xc9, 0xfa, 0xc9, 0xfa, 0xc9, 0xfa, 0xc9, 0xfa,
    0xc9, 0xfa, 0xc9, 0xfa, 0xc9, 0xfa, 0xc9, 0xfa, 0xc9, 0xfa, 0xc9, 0xfa,
    0xc9, 0xfa, 0xc9, 0xfa, 0xc9, 0xfa, 0x8c, 0xc3, 0x00, 0x50, 0x00, 0x08,
    0x00, 0x00, 0x00, 0x08, 0x00, 0x08, 0x20, 0x00, 0xff, 0xff, 0xff, 0xff,
    0xff, 0xff, 0xff, 0xff, 0xff, 0xff, 0xff, 0xff, 0x21, 0x08, 0x00, 0x50,
    0x6c, 0xc3, 0xc9, 0xfa, 0xc9, 0xfa, 0xc9, 0xfa, 0xc9, 0xfa, 0xc9, 0xfa,
    0xc9, 0xfa, 0xc9, 0xfa, 0xc9, 0xfa, 0xc9, 0xfa, 0xc9, 0xfa, 0xc9, 0xfa,
    0xc9, 0xfa, 0xc9, 0xfa, 0xc9, 0xfa, 0xc8, 0xfa, 0xc9, 0xfa, 0xc9, 0xfa,
    0xc9, 0xfa, 0xc9, 0xfa, 0xc9, 0xfa, 0xc9, 0xfa, 0xc9, 0xfa, 0xc9, 0xfa,
    0xc9, 0xfa, 0xc8, 0xfa, 0xc9, 0xfa, 0xc9, 0xfa, 0xc9, 0xfa, 0xc9, 0xfa,
    0xc9, 0xfa, 0xc9, 0xfa, 0xc9, 0xfa, 0xc9, 0xfa, 0xc9, 0xfa, 0xc9, 0xfa,
    0xc9, 0xfa, 0xc9, 0xfa, 0xc8, 0xfa, 0xc9, 0xfa, 0xc9, 0xfa, 0xc9, 0xfa,
    0xc9, 0xfa, 0xc9, 0xfa, 0xc9, 0xfa, 0xc9, 0xfa, 0xc8, 0xfa, 0xc9, 0xfa,
    0xc9, 0xfa, 0xc9, 0xfa, 0xc8, 0xfa, 0xc9, 0xfa, 0xc9, 0xfa, 0xc9, 0xfa,
    0xc9, 0xfa, 0x00, 0x08, 0x20, 0x08, 0x00, 0x08, 0x20, 0x00, 0x00, 0x08,
    0x00, 0x08, 0xff, 0xff, 0xff, 0xff, 0xff, 0xff, 0xff, 0xff, 0xff, 0xff,
    0xff, 0xff, 0xff, 0xff, 0xff, 0xff, 0xff, 0xff, 0xff, 0xff, 0xff, 0xff,
    0xff, 0xff, 0xff, 0xff, 0xff, 0xff, 0xff, 0xff, 0xff, 0xff, 0xff, 0xff,
    0xff, 0xff, 0xff, 0xff, 0xff, 0xff, 0xff, 0xff, 0xff, 0xff, 0xff, 0xff,
    0xff, 0xff, 0xff, 0xff, 0xff, 0xff, 0xff, 0xff, 0xff, 0xff, 0xff, 0xff,
    0xff, 0xff, 0xff, 0xff, 0xff, 0xff, 0xff, 0xff, 0x20, 0x00, 0x20, 0x30,
    0xaa, 0x92, 0xc9, 0xfa, 0xc9, 0xfa, 0xc9, 0xfa, 0xc9, 0xfa, 0xc9, 0xfa,
    0xc9, 0xfa, 0xc9, 0xfa, 0xc9, 0xfa, 0xc9, 0xfa, 0xc9, 0xfa, 0xc9, 0xfa,
    0xc9, 0xfa, 0xc9, 0xfa, 0xc9, 0xfa, 0xc9, 0xfa, 0xc9, 0xfa, 0xc8, 0xfa,
    0xc9, 0xfa, 0xc9, 0xfa, 0xc9, 0xfa, 0xc9, 0xfa, 0xc9, 0xfa, 0xc9, 0xfa,
    0xc8, 0xfa, 0xc9, 0xfa, 0xc9, 0xfa, 0xca, 0xa2, 0x00, 0x30, 0x00, 0x08,
    0x00, 0x08, 0x20, 0x08, 0x00, 0x08, 0x21, 0x00, 0xff, 0xff, 0xff, 0xff,
    0xff, 0xff, 0xff, 0xff, 0xff, 0xff, 0xff, 0xff, 0xff, 0xff, 0xff, 0xff,
    0xff, 0xff, 0xff, 0xff, 0xff, 0xff, 0xff, 0xff, 0xff, 0xff, 0xff, 0xff,
    0xff, 0xff, 0xff, 0xff, 0xff, 0xff, 0xff, 0xff, 0xff, 0xff, 0x00, 0x08,
    0x00, 0x08, 0xa5, 0xb9, 0x0a, 0xeb, 0xc9, 0xfa, 0xc9, 0xfa, 0xc9, 0xfa,
    0xc9, 0xfa, 0xc9, 0xfa, 0xc9, 0xfa, 0xc9, 0xfa, 0xc9, 0xfa, 0xc9, 0xfa,
    0xc9, 0xfa, 0xc9, 0xfa, 0xc9, 0xfa, 0xc9, 0xfa, 0xc9, 0xfa, 0xc8, 0xfa,
    0xc9, 0xfa, 0xc9, 0xfa, 0xc9, 0xfa, 0xc9, 0xfa, 0xc9, 0xfa, 0xc8, 0xfa,
    0xc9, 0xfa, 0xc9, 0xfa, 0xc8, 0xfa, 0xc9, 0xfa, 0x47, 0xda, 0x00, 0x08,
    0x20, 0x08, 0x00, 0x08, 0x00, 0x00, 0x00, 0x08, 0x20, 0x08, 0xff, 0xff,
    0xff, 0xff, 0xff, 0xff, 0xff, 0xff, 0xff, 0xff, 0xff, 0xff, 0xff, 0xff,
    0xff, 0xff, 0xff, 0xff, 0xff, 0xff, 0xff, 0xff, 0xff, 0xff, 0xff, 0xff,
    0x00, 0x08, 0x20, 0x08, 0x47, 0xda, 0xc9, 0xf2, 0xc9, 0xfa, 0xc9, 0xfa,
    0xc8, 0xfa, 0xc9, 0xfa, 0xc9, 0xfa, 0xc9, 0xfa, 0xc9, 0xfa, 0xc9, 0xfa,
    0xc9, 0xfa, 0xc9, 0xfa, 0xc9, 0xfa, 0xc8, 0xfa, 0xc9, 0xfa, 0xc9, 0xfa,
    0xc8, 0xfa, 0xc9, 0xfa, 0xc9, 0xfa, 0xc8, 0xfa, 0xc9, 0xfa, 0xc9, 0xfa,
    0xc9, 0xfa, 0xc9, 0xfa, 0xc9, 0xfa, 0xc9, 0xfa, 0x0a, 0xeb, 0xa5, 0xb9,
    0x00, 0x08, 0x20, 0x08, 0x00, 0x00, 0x00, 0x08, 0x00, 0x08, 0x00, 0x08,
    0xff, 0xff, 0xff, 0xff, 0xff, 0xff, 0xff, 0xff, 0xff, 0xff, 0xff, 0xff,
    0xff, 0xff, 0xff, 0xff, 0xff, 0xff, 0xff, 0xff, 0xff, 0xff, 0xff, 0xff,
    0xff, 0xff, 0xff, 0xff, 0xff, 0xff, 0xff, 0xff, 0xff, 0xff, 0xff, 0xff,
    0xff, 0xff, 0x21, 0x00, 0x00, 0x38, 0xca, 0xa2, 0xc9, 0xfa, 0xc9, 0xfa,
    0xc9, 0xfa, 0xc9, 0xfa, 0xc9, 0xfa, 0xc9, 0xfa, 0xc9, 0xfa, 0xc9, 0xfa,
    0xc8, 0xfa, 0xc9, 0xfa, 0xc9, 0xfa, 0xc8, 0xfa, 0xc9, 0xfa, 0xc9, 0xfa,
    0xc9, 0xfa, 0xc9, 0xfa, 0xc9, 0xfa, 0xc9, 0xfa, 0xc9, 0xfa, 0xc9, 0xfa,
    0xc9, 0xfa, 0xc9, 0xfa, 0xc9, 0xfa, 0xc8, 0xfa, 0xc9, 0xfa, 0xc9, 0xfa,
    0xa9, 0x92, 0x20, 0x30, 0x00, 0x08, 0x00, 0x08, 0x20, 0x08, 0x00, 0x08,
    0x21, 0x00, 0xff, 0xff, 0xff, 0xff, 0xff, 0xff, 0xff, 0xff, 0xff, 0xff,
    0x00, 0x08, 0x20, 0x00, 0x02, 0x99, 0x2a, 0xe3, 0xc9, 0xfa, 0xc9, 0xfa,
    0xc9, 0xfa, 0xc8, 0xfa, 0xc9, 0xfa, 0xc9, 0xfa, 0xc9, 0xfa, 0xc9, 0xfa,
    0xc9, 0xfa, 0xc9, 0xfa, 0xc8, 0xfa, 0xc9, 0xfa, 0xc9, 0xfa, 0xc9, 0xfa,
    0xc8, 0xfa, 0xc9, 0xfa, 0xc9, 0xfa, 0xc9, 0xfa, 0xc9, 0xfa, 0xc9, 0xfa,
    0xc9, 0xfa, 0xc8, 0xfa, 0xc9, 0xfa, 0xc9, 0xfa, 0xc9, 0xfa, 0xc9, 0xfa,
    0x20, 0x08, 0x00, 0x08, 0x00, 0x08, 0x00, 0x08, 0x00, 0x00, 0x00, 0x08,
    0xff, 0xff, 0xff, 0xff, 0xff, 0xff, 0xff, 0xff, 0xff, 0xff, 0xff, 0xff,
    0xff, 0xff, 0xff, 0xff, 0xff, 0xff, 0xff, 0xff, 0xff, 0xff, 0xff, 0xff,
    0xff, 0xff, 0xff, 0xff, 0xff, 0xff, 0xff, 0xff, 0xff, 0xff, 0xff, 0xff,
    0xff, 0xff, 0x20, 0x00, 0x00, 0x20, 0xe6, 0x59, 0xc9, 0xfa, 0xc9, 0xfa,
    0xc9, 0xfa, 0xc9, 0xfa, 0xc8, 0xfa, 0xc9, 0xfa, 0xc9, 0xfa, 0xc8, 0xfa,
    0xc9, 0xfa, 0xc9, 0xfa, 0xc9, 0xfa, 0xc9, 0xfa, 0xc9, 0xfa, 0xc9, 0xfa,
    0xc8, 0xfa, 0xc9, 0xfa, 0xc9, 0xfa, 0xc8, 0xfa, 0xc9, 0xfa, 0xc9, 0xfa,
    0xc9, 0xfa, 0xc8, 0xfa, 0xc9, 0xfa, 0xc9, 0xfa, 0xc9, 0xfa, 0xc9, 0xfa,
    0x6c, 0xcb, 0x00, 0x50, 0x00, 0x08, 0x20, 0x08, 0x00, 0x08, 0x00, 0x08,
    0x21, 0x00, 0xff, 0xff, 0xff, 0xff, 0xff, 0xff, 0xff, 0xff, 0xff, 0xff,
    0xff, 0xff, 0x20, 0x00, 0x00, 0x50, 0x8c, 0xcb, 0xc9, 0xfa, 0xc9, 0xfa,
    0xc9, 0xfa, 0xc8, 0xfa, 0xc9, 0xfa, 0xc9, 0xfa, 0xc9, 0xfa, 0xc9, 0xfa,
    0xc8, 0xfa, 0xc9, 0xfa, 0xc9, 0xfa, 0xc8, 0xfa, 0xc9, 0xfa, 0xc9, 0xfa,
    0xc9, 0xfa, 0xc9, 0xfa, 0xc9, 0xfa, 0xc8, 0xfa, 0xc9, 0xfa, 0xc9, 0xfa,
    0xc8, 0xfa, 0xc9, 0xfa, 0xc9, 0xfa, 0xc9, 0xfa, 0xc9, 0xfa, 0xc9, 0xfa,
    0xc9, 0xfa, 0xc8, 0xfa, 0xc9, 0xfa, 0xc9, 0xfa, 0xc8, 0xfa, 0xc9, 0xfa,
    0xc9, 0xfa, 0xc9, 0xfa, 0xc9, 0xfa, 0xc9, 0xfa, 0xc9, 0xfa, 0xc9, 0xfa,
    0xc9, 0xfa, 0xc8, 0xfa, 0xc9, 0xfa, 0xc9, 0xfa, 0xc8, 0xfa, 0xc9, 0xfa,
    0xc9, 0xfa, 0xc9, 0xfa, 0xc9, 0xfa, 0xc9, 0xfa, 0xc9, 0xfa, 0xc9, 0xfa,
    0xc9, 0xfa, 0xc9, 0xfa, 0xc8, 0xfa, 0xc9, 0xfa, 0x00, 0x00, 0x00, 0x08,
    0x00, 0x08, 0x20, 0x08, 0x00, 0x08, 0x00, 0x08, 0xff, 0xff, 0xff, 0xff,
    0xff, 0xff, 0xff, 0xff, 0xff, 0xff, 0xff, 0xff, 0xff, 0xff, 0xff, 0xff,
    0xff, 0xff, 0xff, 0xff, 0xff, 0xff, 0xff, 0xff, 0xff, 0xff, 0xff, 0xff,
    0xff, 0xff, 0xff, 0xff, 0xff, 0xff, 0xff, 0xff, 0xff, 0xff, 0xff, 0xff,
    0xff, 0xff, 0xff, 0xff, 0xff, 0xff, 0xff, 0xff, 0xff, 0xff, 0xff, 0xff,
    0xff, 0xff, 0xff, 0xff, 0xff, 0xff, 0xff, 0xff, 0xff, 0xff, 0xff, 0xff,
    0xff, 0xff, 0x21, 0x08, 0x20, 0x30, 0xa9, 0x92, 0xc9, 0xfa, 0xc9, 0xfa,
    0xc9, 0xfa, 0xc9, 0xfa, 0xc9, 0xfa, 0xc9, 0xfa, 0xc9, 0xfa, 0xc9, 0xfa,
    0xc9, 0xfa, 0xc9, 0xfa, 0xc9, 0xfa, 0xc9, 0xfa, 0xc9, 0xfa, 0xc9, 0xfa,
    0xc9, 0xfa, 0xc9, 0xfa, 0xc9, 0xfa, 0xc9, 0xfa, 0xc8, 0xfa, 0xc9, 0xfa,
    0xc9, 0xfa, 0xc9, 0xfa, 0xc9, 0xfa, 0xc9, 0xfa, 0xc9, 0xfa, 0xc9, 0xfa,
    0xca, 0xa2, 0x00, 0x38, 0x00, 0x08, 0x20, 0x00, 0x00, 0x08, 0x00, 0x08,
    0x20, 0x00, 0xff, 0xff, 0xff, 0xff, 0xff, 0xff, 0xff, 0xff, 0xff, 0xff,
    0xff, 0xff, 0xff, 0xff, 0xff, 0xff, 0xff, 0xff, 0xff, 0xff, 0xff, 0xff,
    0xff, 0xff, 0xff, 0xff, 0xff, 0xff, 0xff, 0xff, 0xff, 0xff, 0xff, 0xff,
    0xff, 0xff, 0xff, 0xff, 0x20, 0x00, 0x00, 0x08, 0xc5, 0xb9, 0x0a, 0xeb,
    0xc9, 0xfa, 0xc9, 0xfa, 0xc9, 0xfa, 0xc9, 0xfa, 0xc9, 0xfa, 0xc9, 0xfa,
    0xc9, 0xfa, 0xc9, 0xfa, 0xc9, 0xfa, 0xc8, 0xfa, 0xc9, 0xfa, 0xc9, 0xfa,
    0xc9, 0xfa, 0xc9, 0xfa, 0xc9, 0xfa, 0xc9, 0xfa, 0xc9, 0xfa, 0xc9, 0xfa,
    0xc9, 0xfa, 0xc9, 0xfa, 0xc9, 0xfa, 0xc9, 0xfa, 0xc9, 0xfa, 0xc9, 0xfa,
    0xe9, 0xfa, 0x47, 0xda, 0x00, 0x08, 0x00, 0x08, 0x20, 0x08, 0x00, 0x08,
    0x00, 0x00, 0x00, 0x08, 0xff, 0xff, 0xff, 0xff, 0xff, 0xff, 0xff, 0xff,
    0xff, 0xff, 0xff, 0xff, 0xff, 0xff, 0xff, 0xff, 0xff, 0xff, 0xff, 0xff,
    0xff, 0xff, 0xff, 0xff, 0xff, 0xff, 0x00, 0x00, 0x00, 0x08, 0x47, 0xda,
    0xe9, 0xfa, 0xc9, 0xfa, 0xc9, 0xfa, 0xc9, 0xfa, 0xc9, 0xfa, 0xc8, 0xfa,
    0xc9, 0xfa, 0xc9, 0xfa, 0xc8, 0xfa, 0xc9, 0xfa, 0xc9, 0xfa, 0xc9, 0xfa,
    0xc9, 0xfa, 0xc9, 0xfa, 0xc9, 0xfa, 0xc9, 0xfa, 0xc9, 0xfa, 0xc9, 0xfa,
    0xc9, 0xfa, 0xc9, 0xfa, 0xc9, 0xfa, 0xc9, 0xfa, 0xc9, 0xfa, 0xc9, 0xfa,
    0xc9, 0xfa, 0x09, 0xeb, 0xa5, 0xb9, 0x00, 0x08, 0x20, 0x08, 0x00, 0x08,
    0x00, 0x08, 0x20, 0x08, 0x00, 0x00, 0xff, 0xff, 0xff, 0xff, 0xff, 0xff,
    0xff, 0xff, 0xff, 0xff, 0xff, 0xff, 0xff, 0xff, 0xff, 0xff, 0xff, 0xff,
    0xff, 0xff, 0xff, 0xff, 0xff, 0xff, 0xff, 0xff, 0xff, 0xff, 0xff, 0xff,
    0xff, 0xff, 0xff, 0xff, 0xff, 0xff, 0xff, 0xff, 0x20, 0x00, 0x00, 0x38,
    0xca, 0xa2, 0xc9, 0xfa, 0xc9, 0xfa, 0xc8, 0xfa, 0xc9, 0xfa, 0xc9, 0xfa,
    0xc9, 0xfa, 0xc9, 0xfa, 0xc9, 0xfa, 0xc9, 0xfa, 0xc9, 0xfa, 0xc9, 0xfa,
    0xc9, 0xfa, 0xc9, 0xfa, 0xc9, 0xfa, 0xc9, 0xfa, 0xc9, 0xfa, 0xc9, 0xfa,
    0xc8, 0xfa, 0xc9, 0xfa, 0xc9, 0xfa, 0xc8, 0xfa, 0xc9, 0xfa, 0xc9, 0xfa,
    0xc9, 0xfa, 0xc9, 0xfa, 0xc9, 0xfa, 0xaa, 0x92, 0x20, 0x30, 0x00, 0x08,
    0x00, 0x08, 0x00, 0x08, 0x00, 0x08, 0x20, 0x00, 0xff, 0xff, 0xff, 0xff,
    0xff, 0xff, 0xff, 0xff, 0xff, 0xff, 0x00, 0x08, 0x00, 0x08, 0x03, 0x99,
    0x2b, 0xdb, 0xc9, 0xfa, 0xc9, 0xfa, 0xc9, 0xfa, 0xc9, 0xfa, 0xc9, 0xfa,
    0xc9, 0xfa, 0xc8, 0xfa, 0xc9, 0xfa, 0xc9, 0xfa, 0xc9, 0xfa, 0xc9, 0xfa,
    0xc9, 0xfa, 0xc9, 0xfa, 0xc9, 0xfa, 0xc9, 0xfa, 0xc9, 0xfa, 0xc9, 0xfa,
    0xc9, 0xfa, 0xc9, 0xfa, 0xc9, 0xfa, 0xc9, 0xfa, 0xc9, 0xfa, 0xc9, 0xfa,
    0xc9, 0xfa, 0xc9, 0xfa, 0xc9, 0xfa, 0x20, 0x08, 0x00, 0x08, 0x00, 0x08,
    0x20, 0x08, 0x00, 0x08, 0x00, 0x00, 0xff, 0xff, 0xff, 0xff, 0xff, 0xff,
    0xff, 0xff, 0xff, 0xff, 0xff, 0xff, 0xff, 0xff, 0xff, 0xff, 0xff, 0xff,
    0xff, 0xff, 0xff, 0xff, 0xff, 0xff, 0xff, 0xff, 0xff, 0xff, 0xff, 0xff,
    0xff, 0xff, 0xff, 0xff, 0xff, 0xff, 0xff, 0xff, 0x21, 0x08, 0x00, 0x20,
    0xc6, 0x59, 0xc9, 0xfa, 0xc9, 0xfa, 0xc9, 0xfa, 0xc9, 0xfa, 0xc9, 0xfa,
    0xc9, 0xfa, 0xc9, 0xfa, 0xc9, 0xfa, 0xc9, 0xfa, 0xc9, 0xfa, 0xc8, 0xfa,
    0xc9, 0xfa, 0xc9, 0xfa, 0xc9, 0xfa, 0xc9, 0xfa, 0xc9, 0xfa, 0xc9, 0xfa,
    0xc9, 0xfa, 0xc9, 0xfa, 0xc9, 0xfa, 0xc9, 0xfa, 0xc9, 0xfa, 0xc9, 0xfa,
    0xc8, 0xfa, 0xc9, 0xfa, 0xc9, 0xfa, 0x6c, 0xc3, 0x00, 0x50, 0x00, 0x08,
    0x00, 0x00, 0x20, 0x08, 0x00, 0x08, 0x20, 0x00, 0xff, 0xff, 0xff, 0xff,
    0xff, 0xff, 0xff, 0xff, 0xff, 0xff, 0xff, 0xff, 0x20, 0x00, 0x00, 0x50,
    0x6c, 0xcb, 0xc9, 0xfa, 0xc9, 0xfa, 0xc9, 0xfa, 0xc9, 0xfa, 0xc9, 0xfa,
    0xc9, 0xfa, 0xc8, 0xfa, 0xc9, 0xfa, 0xc9, 0xfa, 0xc9, 0xfa, 0xc9, 0xfa,
    0xc9, 0xfa, 0xc9, 0xfa, 0xc9, 0xfa, 0xc9, 0xfa, 0xc9, 0xfa, 0xc9, 0xfa,
    0xc9, 0xfa, 0xc9, 0xfa, 0xc9, 0xfa, 0xc9, 0xfa, 0xc9, 0xfa, 0xc8, 0xfa,
    0xc9, 0xfa, 0xc9, 0xfa, 0xc9, 0xfa, 0xc9, 0xfa, 0xc9, 0xfa, 0xc9, 0xfa,
    0xc9, 0xfa, 0xc9, 0xfa, 0xc9, 0xfa, 0xc9, 0xfa, 0xc8, 0xfa, 0xc9, 0xfa,
    0xc9, 0xfa, 0xc9, 0xfa, 0xc9, 0xfa, 0xc9, 0xfa, 0xc9, 0xfa, 0xc9, 0xfa,
    0xc9, 0xfa, 0xc9, 0xfa, 0xc9, 0xfa, 0xc9, 0xfa, 0xc9, 0xfa, 0xc9, 0xfa,
    0xc8, 0xfa, 0xc9, 0xfa, 0xc9, 0xfa, 0xc9, 0xfa, 0xc9, 0xfa, 0xc9, 0xfa,
    0xc9, 0xfa, 0x00, 0x08, 0x00, 0x00, 0x00, 0x08, 0x00, 0x00, 0x20, 0x08,
    0x00, 0x00, 0xff, 0xff, 0xff, 0xff, 0xff, 0xff, 0xff, 0xff, 0xff, 0xff,
    0xff, 0xff, 0xff, 0xff, 0xff, 0xff, 0xff, 0xff, 0xff, 0xff, 0xff, 0xff,
    0xff, 0xff, 0xff, 0xff, 0xff, 0xff, 0xff, 0xff, 0xff, 0xff, 0xff, 0xff,
    0xff, 0xff, 0xff, 0xff, 0xff, 0xff, 0xff, 0xff, 0xff, 0xff, 0xff, 0xff,
    0xff, 0xff, 0xff, 0xff, 0xff, 0xff, 0xff, 0xff, 0xff, 0xff, 0xff, 0xff,
    0xff, 0xff, 0xff, 0xff, 0xff, 0xff, 0xff, 0xff, 0x21, 0x00, 0x20, 0x30,
    0xaa, 0x9a, 0xc9, 0xfa, 0xc9, 0xfa, 0xc8, 0xfa, 0xc9, 0xfa, 0xc9, 0xfa,
    0xc8, 0xfa, 0xc9, 0xfa, 0xc9, 0xfa, 0xc8, 0xfa, 0xc9, 0xfa, 0xc9, 0xfa,
    0xc8, 0xfa, 0xc9, 0xfa, 0xc9, 0xfa, 0xc8, 0xfa, 0xc9, 0xfa, 0xc9, 0xfa,
    0xc9, 0xfa, 0xc9, 0xfa, 0xc9, 0xfa, 0xc9, 0xfa, 0xc8, 0xfa, 0xc9, 0xfa,
    0xc9, 0xfa, 0xc9, 0xfa, 0xc8, 0xfa, 0xca, 0xa2, 0x00, 0x38, 0x00, 0x08,
    0x00, 0x00, 0x00, 0x08, 0x20, 0x08, 0x20, 0x00, 0xff, 0xff, 0xff, 0xff,
    0xff, 0xff, 0xff, 0xff, 0xff, 0xff, 0xff, 0xff, 0xff, 0xff, 0xff, 0xff,
    0xff, 0xff, 0xff, 0xff, 0xff, 0xff, 0xff, 0xff, 0xff, 0xff, 0xff, 0xff,
    0xff, 0xff, 0xff, 0xff, 0xff, 0xff, 0xff, 0xff, 0xff, 0xff, 0x00, 0x08,
    0x00, 0x08, 0xc5, 0xb9, 0x0a, 0xeb, 0xc8, 0xfa, 0xc9, 0xfa, 0xc9, 0xfa,
    0xc8, 0xfa, 0xc9, 0xfa, 0xc9, 0xfa, 0xc8, 0xfa, 0xc9, 0xfa, 0xc9, 0xfa,
    0xc9, 0xfa, 0xc9, 0xfa, 0xc9, 0xfa, 0xc8, 0xfa, 0xc9, 0xfa, 0xc9, 0xfa,
    0xc9, 0xfa, 0xc8, 0xfa, 0xc9, 0xfa, 0xc9, 0xfa, 0xc8, 0xfa, 0xc9, 0xfa,
    0xc9, 0xfa, 0xc9, 0xfa, 0xc9, 0xfa, 0xc9, 0xfa, 0x47, 0xda, 0x00, 0x08,
    0x00, 0x00, 0x00, 0x08, 0x20, 0x08, 0x00, 0x08, 0x00, 0x00, 0xff, 0xff,
    0xff, 0xff, 0xff, 0xff, 0xff, 0xff, 0xff, 0xff, 0xff, 0xff, 0xff, 0xff,
    0xff, 0xff, 0xff, 0xff, 0xff, 0xff, 0xff, 0xff, 0xff, 0xff, 0xff, 0xff,
    0x00, 0x08, 0x00, 0x08, 0x47, 0xda, 0xc9, 0xfa, 0xc9, 0xfa, 0xc9, 0xfa,
    0xc9, 0xfa, 0xc9, 0xfa, 0xc9, 0xfa, 0xc9, 0xfa, 0xc9, 0xfa, 0xc9, 0xfa,
    0xc9, 0xfa, 0xc9, 0xfa, 0xc9, 0xfa, 0xc9, 0xfa, 0xc8, 0xfa, 0xc9, 0xfa,
    0xc9, 0xfa, 0xc9, 0xfa, 0xc9, 0xfa, 0xc9, 0xfa, 0xc9, 0xfa, 0xc8, 0xfa,
    0xc9, 0xfa, 0xc9, 0xfa, 0xc8, 0xfa, 0xc9, 0xfa, 0x0a, 0xeb, 0xc5, 0xb9,
    0x00, 0x08, 0x00, 0x00, 0x00, 0x08, 0x20, 0x08, 0x00, 0x00, 0x00, 0x08,
    0xff, 0xff, 0xff, 0xff, 0xff, 0xff, 0xff, 0xff, 0xff, 0xff, 0xff, 0xff,
    0xff, 0xff, 0xff, 0xff, 0xff, 0xff, 0xff, 0xff, 0xff, 0xff, 0xff, 0xff,
    0xff, 0xff, 0xff, 0xff, 0xff, 0xff, 0xff, 0xff, 0xff, 0xff, 0xff, 0xff,
    0xff, 0xff, 0x21, 0x00, 0x00, 0x38, 0xca, 0xa2, 0xc9, 0xfa, 0xc9, 0xfa,
    0xc9, 0xfa, 0xc9, 0xfa, 0xc9, 0xfa, 0xc8, 0xfa, 0xc9, 0xfa, 0xc9, 0xfa,
    0xc9, 0xfa, 0xc9, 0xfa, 0xc9, 0xfa, 0xc9, 0xfa, 0xc9, 0xfa, 0xc8, 0xfa,
    0xc9, 0xfa, 0xc9, 0xfa, 0xc9, 0xfa, 0xc9, 0xfa, 0xc9, 0xfa, 0xc9, 0xfa,
    0xc9, 0xfa, 0xc9, 0xfa, 0xc9, 0xfa, 0xc9, 0xfa, 0xc9, 0xfa, 0xc9, 0xfa,
    0xa9, 0x92, 0x20, 0x30, 0x20, 0x08, 0x00, 0x08, 0x00, 0x00, 0x20, 0x08,
    0x21, 0x00, 0xff, 0xff, 0xff, 0xff, 0xff, 0xff, 0xff, 0xff, 0xff, 0xff,
    0x00, 0x08, 0x00, 0x08, 0x22, 0x99, 0x2a, 0xe3, 0xc9, 0xfa, 0xc9, 0xfa,
    0xc9, 0xfa, 0xc9, 0xfa, 0xc9, 0xfa, 0xc9, 0xfa, 0xc9, 0xfa, 0xc9, 0xfa,
    0xc9, 0xfa, 0xc9, 0xfa, 0xc9, 0xfa, 0xc8, 0xfa, 0xc9, 0xfa, 0xc9, 0xfa,
    0xc9, 0xfa, 0xc9, 0xfa, 0xc8, 0xfa, 0xc9, 0xfa, 0xc9, 0xfa, 0xc8, 0xfa,
    0xc9, 0xfa, 0xc9, 0xfa, 0xc9, 0xfa, 0xc8, 0xfa, 0xc9, 0xfa, 0xc9, 0xfa,
    0x20, 0x08, 0x00, 0x08, 0x00, 0x08, 0x00, 0x08, 0x20, 0x00, 0x00, 0x08,
    0xff, 0xff, 0xff, 0xff, 0xff, 0xff, 0xff, 0xff, 0xff, 0xff, 0xff, 0xff,
    0xff, 0xff, 0xff, 0xff, 0xff, 0xff, 0xff, 0xff, 0xff, 0xff, 0xff, 0xff,
    0xff, 0xff, 0xff, 0xff, 0xff, 0xff, 0xff, 0xff, 0xff, 0xff, 0xff, 0xff,
    0xff, 0xff, 0x20, 0x00, 0x00, 0x20, 0xc6, 0x59, 0xc9, 0xfa, 0xc9, 0xfa,
    0xc9, 0xfa, 0xc9, 0xfa, 0xc9, 0xfa, 0xc9, 0xfa, 0xc9, 0xfa, 0xc9, 0xfa,
    0xc9, 0xfa, 0xc9, 0xfa, 0xc9, 0xfa, 0xc9, 0xfa, 0xc8, 0xfa, 0xc9, 0xfa,
    0xc9, 0xfa, 0xc9, 0xfa, 0xc9, 0xfa, 0xc9, 0xfa, 0xc8, 0xfa, 0xc9, 0xfa,
    0xc9, 0xfa, 0xc9, 0xfa, 0xc9, 0xfa, 0xc9, 0xfa, 0xc9, 0xfa, 0xc9, 0xfa,
    0x6c, 0xc3, 0x00, 0x50, 0x20, 0x08, 0x00, 0x08, 0x00, 0x00, 0x20, 0x08,
    0x20, 0x00, 0xff, 0xff, 0xff, 0xff, 0xff, 0xff, 0xff, 0xff, 0xff, 0xff,
    0xff, 0xff, 0x21, 0x08, 0x00, 0x50, 0x6c, 0xc3, 0xc9, 0xfa, 0xc9, 0xfa,
    0xc9, 0xfa, 0xc9, 0xfa, 0xc9, 0xfa, 0xc9, 0xfa, 0xc9, 0xfa, 0xc9, 0xfa,
    0xc9, 0xfa, 0xc9, 0xfa, 0xc9, 0xfa, 0xc9, 0xfa, 0xc8, 0xfa, 0xc9, 0xfa,
    0xc9, 0xfa, 0xc8, 0xfa, 0xc9, 0xfa, 0xc9, 0xfa, 0xc9, 0xfa, 0xc8, 0xfa,
    0xc9, 0xfa, 0xc9, 0xfa, 0xc9, 0xfa, 0xc9, 0xfa, 0xc9, 0xfa, 0xc8, 0xfa,
    0xc9, 0xfa, 0xc9, 0xfa, 0xc9, 0xfa, 0xc9, 0xfa, 0xc9, 0xfa, 0xc9, 0xfa,
    0xc9, 0xfa, 0xc9, 0xfa, 0xc9, 0xfa, 0xc8, 0xfa, 0xc9, 0xfa, 0xc9, 0xfa,
    0xc9, 0xfa, 0xc9, 0xfa, 0xc9, 0xfa, 0xc9, 0xfa, 0xc9, 0xfa, 0xc8, 0xfa,
    0xc9, 0xfa, 0xc9, 0xfa, 0xc9, 0xfa, 0xc9, 0xfa, 0xc9, 0xfa, 0xc9, 0xfa,
    0xc8, 0xfa, 0xc9, 0xfa, 0xc9, 0xfa, 0xc9, 0xfa, 0x00, 0x08, 0x20, 0x08,
    0x00, 0x08, 0x00, 0x08, 0x00, 0x08, 0x20, 0x08, 0xff, 0xff, 0xff, 0xff,
    0xff, 0xff, 0xff, 0xff, 0xff, 0xff, 0xff, 0xff, 0xff, 0xff, 0xff, 0xff,
    0xff, 0xff, 0xff, 0xff, 0xff, 0xff, 0xff, 0xff, 0xff, 0xff, 0xff, 0xff,
    0xff, 0xff, 0xff, 0xff, 0xff, 0xff, 0xff, 0xff, 0xff, 0xff, 0xff, 0xff,
    0xff, 0xff, 0xff, 0xff, 0xff, 0xff, 0xff, 0xff, 0xff, 0xff, 0xff, 0xff,
    0xff, 0xff, 0xff, 0xff, 0xff, 0xff, 0xff, 0xff, 0xff, 0xff, 0xff, 0xff,
    0xff, 0xff, 0x20, 0x00, 0x20, 0x30, 0xa9, 0x92, 0xc9, 0xfa, 0xc9, 0xfa,
    0xc9, 0xfa, 0xc9, 0xfa, 0xc9, 0xfa, 0xc9, 0xfa, 0xc9, 0xfa, 0xc9, 0xfa,
    0xc9, 0xfa, 0xc9, 0xfa, 0xc9, 0xfa, 0xc9, 0xfa, 0xc9, 0xfa, 0xc9, 0xfa,
    0xc9, 0xfa, 0xc9, 0xfa, 0xc9, 0xfa, 0xc9, 0xfa, 0xc9, 0xfa, 0xc9, 0xfa,
    0xc9, 0xfa, 0xc9, 0xfa, 0xc9, 0xfa, 0xc9, 0xfa, 0xc9, 0xfa, 0xc9, 0xfa,
    0xca, 0xa2, 0x00, 0x30, 0x20, 0x08, 0x00, 0x08, 0x00, 0x08, 0x00, 0x08,
    0x20, 0x00, 0xff, 0xff, 0xff, 0xff, 0xff, 0xff, 0xff, 0xff, 0xff, 0xff,
    0xff, 0xff, 0xff, 0xff, 0xff, 0xff, 0xff, 0xff, 0xff, 0xff, 0xff, 0xff,
    0xff, 0xff, 0xff, 0xff, 0xff, 0xff, 0xff, 0xff, 0xff, 0xff, 0xff, 0xff,
    0xff, 0xff, 0xff, 0xff, 0x00, 0x08, 0x00, 0x00, 0xa5, 0xb9, 0x0a, 0xeb,
    0xc9, 0xfa, 0xc9, 0xfa, 0xc9, 0xfa, 0xc9, 0xfa, 0xc9, 0xfa, 0xc9, 0xfa,
    0xc9, 0xfa, 0xc9, 0xfa, 0xc9, 0xfa, 0xc9, 0xfa, 0xc9, 0xfa, 0xc9, 0xfa,
    0xc9, 0xfa, 0xc9, 0xfa, 0xc9, 0xfa, 0xc9, 0xfa, 0xc9, 0xfa, 0xc9, 0xfa,
    0xc9, 0xfa, 0xc9, 0xfa, 0xc9, 0xfa, 0xc9, 0xfa, 0xc8, 0xfa, 0xc9, 0xfa,
    0xe9, 0xf2, 0x47, 0xda, 0x00, 0x08, 0x00, 0x08, 0x00, 0x00, 0x00, 0x08,
    0x20, 0x08, 0x00, 0x08, 0xff, 0xff, 0xff, 0xff, 0xff, 0xff, 0xff, 0xff,
    0xff, 0xff, 0xff, 0xff, 0xff, 0xff, 0xff, 0xff, 0xff, 0xff, 0xff, 0xff,
    0xff, 0xff, 0xff, 0xff, 0xff, 0xff, 0x00, 0x08, 0x00, 0x08, 0x47, 0xda,
    0xe9, 0xfa, 0xc9, 0xfa, 0xc8, 0xfa, 0xc9, 0xfa, 0xc9, 0xfa, 0xc9, 0xfa,
    0xc9, 0xfa, 0xc9, 0xfa, 0xc9, 0xfa, 0xc9, 0xfa, 0xc8, 0xfa, 0xc9, 0xfa,
    0xc9, 0xfa, 0xc9, 0xfa, 0xc9, 0xfa, 0xc9, 0xfa, 0xc8, 0xfa, 0xc9, 0xfa,
    0xc9, 0xfa, 0xc9, 0xfa, 0xc9, 0xfa, 0xc9, 0xfa, 0xc9, 0xfa, 0xc9, 0xfa,
    0xc9, 0xfa, 0x0a, 0xeb, 0xa5, 0xb9, 0x00, 0x08, 0x00, 0x08, 0x00, 0x00,
    0x00, 0x08, 0x00, 0x08, 0x20, 0x08, 0xff, 0xff, 0xff, 0xff, 0xff, 0xff,
    0xff, 0xff, 0xff, 0xff, 0xff, 0xff, 0xff, 0xff, 0xff, 0xff, 0xff, 0xff,
    0xff, 0xff, 0xff, 0xff, 0xff, 0xff, 0xff, 0xff, 0xff, 0xff, 0xff, 0xff,
    0xff, 0xff, 0xff, 0xff, 0xff, 0xff, 0xff, 0xff, 0x20, 0x00, 0x00, 0x38,
    0xca, 0xa2, 0xc9, 0xfa, 0xc9, 0xfa, 0xc9, 0xfa, 0xc9, 0xfa, 0xc9, 0xfa,
    0xc9, 0xfa, 0xc9, 0xfa, 0xc8, 0xfa, 0xc9, 0xfa, 0xc9, 0xfa, 0xc8, 0xfa,
    0xc9, 0xfa, 0xc9, 0xfa, 0xc9, 0xfa, 0xc9, 0xfa, 0xc9, 0xfa, 0xc8, 0xfa,
    0xc9, 0xfa, 0xc9, 0xfa, 0xc9, 0xfa, 0xc9, 0xfa, 0xc8, 0xfa, 0xc9, 0xfa,
    0xc9, 0xfa, 0xc9, 0xfa, 0xc9, 0xfa, 0xa9, 0x92, 0x20, 0x30, 0x00, 0x08,
    0x00, 0x08, 0x00, 0x08, 0x00, 0x08, 0x20, 0x00, 0xff, 0xff, 0xff, 0xff,
    0xff, 0xff, 0xff, 0xff, 0xff, 0xff, 0x20, 0x00, 0x00, 0x08, 0x02, 0x99,
    0x2b, 0xdb, 0xc9, 0xfa, 0xc9, 0xfa, 0xc8, 0xfa, 0xc9, 0xfa, 0xc9, 0xfa,
    0xc8, 0xfa, 0xc9, 0xfa, 0xc9, 0xfa, 0xc8, 0xfa, 0xc9, 0xfa, 0xc9, 0xfa,
    0xc9, 0xfa, 0xc9, 0xfa, 0xc9, 0xfa, 0xc8, 0xfa, 0xc9, 0xfa, 0xc9, 0xfa,
    0xc9, 0xfa, 0xc9, 0xfa, 0xc9, 0xfa, 0xc9, 0xfa, 0xc9, 0xfa, 0xc9, 0xfa,
    0xc9, 0xfa, 0xc9, 0xfa, 0xc9, 0xfa, 0x20, 0x08, 0x00, 0x08, 0x00, 0x08,
    0x00, 0x08, 0x00, 0x08, 0x20, 0x08, 0xff, 0xff, 0xff, 0xff, 0xff, 0xff,
    0xff, 0xff, 0xff, 0xff, 0xff, 0xff, 0xff, 0xff, 0xff, 0xff, 0xff, 0xff,
    0xff, 0xff, 0xff, 0xff, 0xff, 0xff, 0xff, 0xff, 0xff, 0xff, 0xff, 0xff,
    0xff, 0xff, 0xff, 0xff, 0xff, 0xff, 0xff, 0xff, 0x21, 0x00, 0x00, 0x20,
    0xc6, 0x59, 0xc9, 0xfa, 0xc9, 0xfa, 0xc9, 0xfa, 0xc9, 0xfa, 0xc8, 0xfa,
    0xc9, 0xfa, 0xc9, 0xfa, 0xc8, 0xfa, 0xc9, 0xfa, 0xc9, 0xfa, 0xc9, 0xfa,
    0xc9, 0xfa, 0xc9, 0xfa, 0xc9, 0xfa, 0xc9, 0xfa, 0xc8, 0xfa, 0xc9, 0xfa,
    0xc9, 0xfa, 0xc9, 0xfa, 0xc9, 0xfa, 0xc9, 0xfa, 0xc8, 0xfa, 0xc9, 0xfa,
    0xc9, 0xfa, 0xc9, 0xfa, 0xc9, 0xfa, 0x6c, 0xcb, 0x00, 0x50, 0x00, 0x08,
    0x00, 0x08, 0x00, 0x08, 0x00, 0x08, 0x20, 0x00, 0xff, 0xff, 0xff, 0xff,
    0xff, 0xff, 0xff, 0xff, 0xff, 0xff, 0xff, 0xff, 0x20, 0x00, 0x00, 0x50,
    0x6c, 0xcb, 0xc9, 0xfa, 0xc9, 0xfa, 0xc9, 0xfa, 0xc8, 0xfa, 0xc9, 0xfa,
    0xc9, 0xfa, 0xc9, 0xfa, 0xc9, 0xfa, 0xc8, 0xfa, 0xc9, 0xfa, 0xc9, 0xfa,
    0xc9, 0xfa, 0xc9, 0xfa, 0xc9, 0xfa, 0xc9, 0xfa, 0xc9, 0xfa, 0xc9, 0xfa,
    0xc9, 0xfa, 0xc9, 0xfa, 0xc9, 0xfa, 0xc9, 0xfa, 0xc9, 0xfa, 0xc9, 0xfa,
    0xc9, 0xfa, 0xc9, 0xfa, 0xc9, 0xfa, 0xc9, 0xfa, 0xc8, 0xfa, 0xc9, 0xfa,
    0xc9, 0xfa, 0xc8, 0xfa, 0xc9, 0xfa, 0xc9, 0xfa, 0xc9, 0xfa, 0xc9, 0xfa,
    0xc9, 0xfa, 0xc9, 0xfa, 0xc8, 0xfa, 0xc9, 0xfa, 0xc9, 0xfa, 0xc8, 0xfa,
    0xc9, 0xfa, 0xc9, 0xfa, 0xc9, 0xfa, 0xc9, 0xfa, 0xc9, 0xfa, 0xc8, 0xfa,
    0xc9, 0xfa, 0xc9, 0xfa, 0xc9, 0xfa, 0xc9, 0xfa, 0xc9, 0xfa, 0xc9, 0xfa,
    0xc9, 0xfa, 0x00, 0x08, 0x00, 0x00, 0x20, 0x08, 0x00, 0x08, 0x00, 0x00,
    0x00, 0x08, 0xff, 0xff, 0xff, 0xff, 0xff, 0xff, 0xff, 0xff, 0xff, 0xff,
    0xff, 0xff, 0xff, 0xff, 0xff, 0xff, 0xff, 0xff, 0xff, 0xff, 0xff, 0xff,
    0xff, 0xff, 0xff, 0xff, 0xff, 0xff, 0xff, 0xff, 0xff, 0xff, 0xff, 0xff,
    0xff, 0xff, 0xff, 0xff, 0xff, 0xff, 0xff, 0xff, 0xff, 0xff, 0xff, 0xff,
    0xff, 0xff, 0xff, 0xff, 0xff, 0xff, 0xff, 0xff, 0xff, 0xff, 0xff, 0xff,
    0xff, 0xff, 0xff, 0xff, 0xff, 0xff, 0xff, 0xff, 0x20, 0x08, 0x20, 0x30,
    0xaa, 0x92, 0xc9, 0xfa, 0xc9, 0xfa, 0xc9, 0xfa, 0xc9, 0xfa, 0xc9, 0xfa,
    0xc9, 0xfa, 0xc8, 0xfa, 0xc9, 0xfa, 0xc9, 0xfa, 0xc9, 0xfa, 0xc8, 0xfa,
    0xc9, 0xfa, 0xc9, 0xfa, 0xc9, 0xfa, 0xc9, 0xfa, 0xc8, 0xfa, 0xc9, 0xfa,
    0xc9, 0xfa, 0xc8, 0xfa, 0xc9, 0xfa, 0xc9, 0xfa, 0xc9, 0xfa, 0xc9, 0xfa,
    0xc8, 0xfa, 0xc9, 0xfa, 0xc9, 0xfa, 0xca, 0xa2, 0x00, 0x38, 0x00, 0x08,
    0x20, 0x00, 0x00, 0x08, 0x00, 0x08, 0x20, 0x00, 0xff, 0xff, 0xff, 0xff,
    0xff, 0xff, 0xff, 0xff, 0xff, 0xff, 0xff, 0xff, 0xff, 0xff, 0xff, 0xff,
    0xff, 0xff, 0xff, 0xff, 0xff, 0xff, 0xff, 0xff, 0xff, 0xff, 0xff, 0xff,
    0xff, 0xff, 0xff, 0xff, 0xff, 0xff, 0xff, 0xff, 0xff, 0xff, 0x20, 0x08,
    0x00, 0x08, 0xc5, 0xb9, 0x0a, 0xeb, 0xc9, 0xfa, 0xc9, 0xfa, 0xc9, 0xfa,
    0xc9, 0xfa, 0xc8, 0xfa, 0xc9, 0xfa, 0xc9, 0xfa, 0xc9, 0xfa, 0xc8, 0xfa,
    0xc9, 0xfa, 0xc9, 0xfa, 0xc8, 0xfa, 0xc9, 0xfa, 0xc9, 0xfa, 0xc8, 0xfa,
    0xc9, 0xfa, 0xc9, 0xfa, 0xc9, 0xfa, 0xc9, 0xfa, 0xc9, 0xfa, 0xc9, 0xfa,
    0xc9, 0xfa, 0xc9, 0xfa, 0xc9, 0xfa, 0xc9, 0xfa, 0x47, 0xda, 0x00, 0x08,
    0x00, 0x08, 0x20, 0x08, 0x00, 0x00, 0x00, 0x08, 0x00, 0x08, 0xff, 0xff,
    0xff, 0xff, 0xff, 0xff, 0xff, 0xff, 0xff, 0xff, 0xff, 0xff, 0xff, 0xff,
    0xff, 0xff, 0xff, 0xff, 0xff, 0xff, 0xff, 0xff, 0xff, 0xff, 0xff, 0xff,
    0x00, 0x08, 0x00, 0x08, 0x47, 0xda, 0xe9, 0xf2, 0xc9, 0xfa, 0xc9, 0xfa,
    0xc9, 0xfa, 0xc9, 0xfa, 0xc8, 0xfa, 0xc9, 0xfa, 0xc9, 0xfa, 0xc8, 0xfa,
    0xc9, 0xfa, 0xc9, 0xfa, 0xc9, 0xfa, 0xc9, 0xfa, 0xc9, 0xfa, 0xc9, 0xfa,
    0xc9, 0xfa, 0xc9, 0xfa, 0xc9, 0xfa, 0xc8, 0xfa, 0xc9, 0xfa, 0xc9, 0xfa,
    0xc9, 0xfa, 0xc9, 0xfa, 0xc9, 0xfa, 0xc9, 0xfa, 0x0a, 0xeb, 0xa4, 0xb9,
    0x00, 0x08, 0x20, 0x08, 0x20, 0x08, 0x00, 0x00, 0x00, 0x08, 0x00, 0x08,
    0xff, 0xff, 0xff, 0xff, 0xff, 0xff, 0xff, 0xff, 0xff, 0xff, 0xff, 0xff,
    0xff, 0xff, 0xff, 0xff, 0xff, 0xff, 0xff, 0xff, 0xff, 0xff, 0xff, 0xff,
    0xff, 0xff, 0xff, 0xff, 0xff, 0xff, 0xff, 0xff, 0xff, 0xff, 0xff, 0xff,
    0xff, 0xff, 0x20, 0x00, 0x00, 0x38, 0xca, 0xa2, 0xc9, 0xfa, 0xc9, 0xfa,
    0xc8, 0xfa, 0xc9, 0xfa, 0xc9, 0xfa, 0xc9, 0xfa, 0xc9, 0xfa, 0xc9, 0xfa,
    0xc9, 0xfa, 0xc9, 0xfa, 0xc9, 0xfa, 0xc9, 0xfa, 0xc9, 0xfa, 0xc9, 0xfa,
    0xc9, 0xfa, 0xc9, 0xfa, 0xc9, 0xfa, 0xc9, 0xfa, 0xc9, 0xfa, 0xc8, 0xfa,
    0xc9, 0xfa, 0xc9, 0xfa, 0xc9, 0xfa, 0xc9, 0xfa, 0xc9, 0xfa, 0xc9, 0xfa,
    0xa9, 0x92, 0x20, 0x30, 0x00, 0x08, 0x20, 0x08, 0x00, 0x00, 0x00, 0x08,
    0x21, 0x00, 0xff, 0xff, 0xff, 0xff, 0xff, 0xff, 0xff, 0xff, 0xff, 0xff,
    0x00, 0x08, 0x00, 0x08, 0x02, 0x99, 0x2b, 0xe3, 0xc9, 0xfa, 0xc9, 0xfa,
    0xc9, 0xfa, 0xc9, 0xfa, 0xc9, 0xfa, 0xc9, 0xfa, 0xc9, 0xfa, 0xc9, 0xfa,
    0xc9, 0xfa, 0xc9, 0xfa, 0xc9, 0xfa, 0xc9, 0xfa, 0xc9, 0xfa, 0xc9, 0xfa,
    0xc9, 0xfa, 0xc9, 0xfa, 0xc9, 0xfa, 0xc9, 0xfa, 0xc9, 0xfa, 0xc9, 0xfa,
    0xc8, 0xfa, 0xc9, 0xfa, 0xc9, 0xfa, 0xc9, 0xfa, 0xc9, 0xfa, 0xc9, 0xfa,
    0x20, 0x08, 0x00, 0x08, 0x00, 0x08, 0x00, 0x00, 0x00, 0x08, 0x00, 0x08,
    0xff, 0xff, 0xff, 0xff, 0xff, 0xff, 0xff, 0xff, 0xff, 0xff, 0xff, 0xff,
    0xff, 0xff, 0xff, 0xff, 0xff, 0xff, 0xff, 0xff, 0xff, 0xff, 0xff, 0xff,
    0xff, 0xff, 0xff, 0xff, 0xff, 0xff, 0xff, 0xff, 0xff, 0xff, 0xff, 0xff,
    0xff, 0xff, 0x20, 0x00, 0x00, 0x20, 0xe6, 0x59, 0xc9, 0xfa, 0xc9, 0xfa,
    0xc9, 0xfa, 0xc9, 0xfa, 0xc9, 0xfa, 0xc9, 0xfa, 0xc9, 0xfa, 0xc9, 0xfa,
    0xc9, 0xfa, 0xc8, 0xfa, 0xc9, 0xfa, 0xc9, 0xfa, 0xc9, 0xfa, 0xc9, 0xfa,
    0xc9, 0xfa, 0xc9, 0xfa, 0xc9, 0xfa, 0xc9, 0xfa, 0xc9, 0xfa, 0xc9, 0xfa,
    0xc9, 0xfa, 0xc9, 0xfa, 0xc9, 0xfa, 0xc9, 0xfa, 0xc8, 0xfa, 0xc9, 0xfa,
    0x8c, 0xc3, 0x00, 0x50, 0x00, 0x08, 0x20, 0x00, 0x00, 0x08, 0x00, 0x08,
    0x21, 0x00, 0xff, 0xff, 0xff, 0xff, 0xff, 0xff, 0xff, 0xff, 0xff, 0xff,
    0xff, 0xff, 0x20, 0x00, 0x00, 0x50, 0x8c, 0xcb, 0xc9, 0xfa, 0xc9, 0xfa,
    0xc9, 0xfa, 0xc9, 0xfa, 0xc9, 0xfa, 0xc9, 0xfa, 0xc9, 0xfa, 0xc9, 0xfa,
    0xc9, 0xfa, 0xc9, 0xfa, 0xc9, 0xfa, 0xc8, 0xfa, 0xc9, 0xfa, 0xc9, 0xfa,
    0xc9, 0xfa, 0xc9, 0xfa, 0xc8, 0xfa, 0xc9, 0xfa, 0xc9, 0xfa, 0xc9, 0xfa,
    0xc9, 0xfa, 0xc8, 0xfa, 0xc9, 0xfa, 0xc9, 0xfa, 0xc8, 0xfa, 0xc9, 0xfa,
    0xc9, 0xfa, 0xc9, 0xfa, 0xc9, 0xfa, 0xc9, 0xfa, 0xc9, 0xfa, 0xc9, 0xfa,
    0xc8, 0xfa, 0xc9, 0xfa, 0xc9, 0xfa, 0xc9, 0xfa, 0xc9, 0xfa, 0xc9, 0xfa,
    0xc9, 0xfa, 0xc9, 0xfa, 0xc9, 0xfa, 0xc9, 0xfa, 0xc9, 0xfa, 0xc9, 0xfa,
    0xc9, 0xfa, 0xc9, 0xfa, 0xc9, 0xfa, 0xc9, 0xfa, 0xc9, 0xfa, 0xc9, 0xfa,
    0xc9, 0xfa, 0xc8, 0xfa, 0xc9, 0xfa, 0xc9, 0xfa, 0x00, 0x08, 0x00, 0x00,
    0x00, 0x08, 0x20, 0x08, 0x00, 0x00, 0x00, 0x08, 0xff, 0xff, 0xff, 0xff,
    0xff, 0xff, 0xff, 0xff, 0xff, 0xff, 0xff, 0xff, 0xff, 0xff, 0xff, 0xff,
    0xff, 0xff, 0xff, 0xff, 0xff, 0xff, 0xff, 0xff, 0xff, 0xff, 0xff, 0xff,
    0xff, 0xff, 0xff, 0xff, 0xff, 0xff, 0xff, 0xff, 0xff, 0xff, 0xff, 0xff,
    0xff, 0xff, 0xff, 0xff, 0xff, 0xff, 0xff, 0xff, 0xff, 0xff, 0xff, 0xff,
    0xff, 0xff, 0xff, 0xff, 0xff, 0xff, 0xff, 0xff, 0xff, 0xff, 0xff, 0xff,
    0xff, 0xff, 0x21, 0x00, 0x20, 0x30, 0xaa, 0x9a, 0xc9, 0xfa, 0xc9, 0xfa,
    0xc9, 0xfa, 0xc8, 0xfa, 0xc9, 0xfa, 0xc9, 0xfa, 0xc9, 0xfa, 0xc9, 0xfa,
    0xc9, 0xfa, 0xc9, 0xfa, 0xc9, 0xfa, 0xc9, 0xfa, 0xc9, 0xfa, 0xc8, 0xfa,
    0xc9, 0xfa, 0xc9, 0xfa, 0xc9, 0xfa, 0xc9, 0xfa, 0xc9, 0xfa, 0xc9, 0xfa,
    0xc8, 0xfa, 0xc9, 0xfa, 0xc9, 0xfa, 0xc9, 0xfa, 0xc9, 0xfa, 0xc9, 0xfa,
    0xca, 0xa2, 0x00, 0x30, 0x00, 0x08, 0x00, 0x08, 0x20, 0x00, 0x00, 0x08,
    0x21, 0x00, 0xff, 0xff, 0xff, 0xff, 0xff, 0xff, 0xff, 0xff, 0xff, 0xff,
    0xff, 0xff, 0xff, 0xff, 0xff, 0xff, 0xff, 0xff, 0xff, 0xff, 0xff, 0xff,
    0xff, 0xff, 0xff, 0xff, 0xff, 0xff, 0xff, 0xff, 0xff, 0xff, 0xff, 0xff,
    0xff, 0xff, 0xff, 0xff, 0x00, 0x08, 0x00, 0x08, 0xc5, 0xb9, 0x0a, 0xeb,
    0xc9, 0xfa, 0xc8, 0xfa, 0xc9, 0xfa, 0xc9, 0xfa, 0xc9, 0xfa, 0xc9, 0xfa,
    0xc9, 0xfa, 0xc9, 0xfa, 0xc9, 0xfa, 0xc9, 0xfa, 0xc9, 0xfa, 0xc9, 0xfa,
    0xc9, 0xfa, 0xc9, 0xfa, 0xc9, 0xfa, 0xc9, 0xfa, 0xc9, 0xfa, 0xc8, 0xfa,
    0xc9, 0xfa, 0xc9, 0xfa, 0xc8, 0xfa, 0xc9, 0xfa, 0xc9, 0xfa, 0xc9, 0xfa,
    0xe9, 0xfa, 0x47, 0xda, 0x00, 0x08, 0x00, 0x08, 0x20, 0x08, 0x00, 0x08,
    0x00, 0x00, 0x20, 0x08, 0xff, 0xff, 0xff, 0xff, 0xff, 0xff, 0xff, 0xff,
    0xff, 0xff, 0xff, 0xff, 0xff, 0xff, 0xff, 0xff, 0xff, 0xff, 0xff, 0xff,
    0xff, 0xff, 0xff, 0xff, 0xff, 0xff, 0x00, 0x08, 0x20, 0x08, 0x47, 0xda,
    0xc9, 0xfa, 0xc9, 0xfa, 0xc9, 0xfa, 0xc9, 0xfa, 0xc9, 0xfa, 0xc9, 0xfa,
    0xc9, 0xfa, 0xc9, 0xfa, 0xc9, 0xfa, 0xc9, 0xfa, 0xc9, 0xfa, 0xc9, 0xfa,
    0xc8, 0xfa, 0xc9, 0xfa, 0xc9, 0xfa, 0xc8, 0xfa, 0xc9, 0xfa, 0xc9, 0xfa,
    0xc9, 0xfa, 0xc9, 0xfa, 0xc9, 0xfa, 0xc8, 0xfa, 0xc9, 0xfa, 0xc9, 0xfa,
    0xc8, 0xfa, 0x0a, 0xeb, 0xc5, 0xb9, 0x00, 0x08, 0x00, 0x00, 0x00, 0x08,
    0x20, 0x08, 0x00, 0x00, 0x00, 0x08, 0xff, 0xff, 0xff, 0xff, 0xff, 0xff,
    0xff, 0xff, 0xff, 0xff, 0xff, 0xff, 0xff, 0xff, 0xff, 0xff, 0xff, 0xff,
    0xff, 0xff, 0xff, 0xff, 0xff, 0xff, 0xff, 0xff, 0xff, 0xff, 0xff, 0xff,
    0xff, 0xff, 0xff, 0xff, 0xff, 0xff, 0xff, 0xff, 0x21, 0x00, 0x00, 0x38,
    0xca, 0xa2, 0xc9, 0xfa, 0xc9, 0xfa, 0xc9, 0xfa, 0xc9, 0xfa, 0xc9, 0xfa,
    0xc8, 0xfa, 0xc9, 0xfa, 0xc9, 0xfa, 0xc9, 0xfa, 0xc9, 0xfa, 0xc9, 0xfa,
    0xc8, 0xfa, 0xc9, 0xfa, 0xc9, 0xfa, 0xc8, 0xfa, 0xc9, 0xfa, 0xc9, 0xfa,
    0xc9, 0xfa, 0xc9, 0xfa, 0xc9, 0xfa, 0xc9, 0xfa, 0xc9, 0xfa, 0xc9, 0xfa,
    0xc8, 0xfa, 0xc9, 0xfa, 0xc9, 0xfa, 0xaa, 0x92, 0x20, 0x30, 0x00, 0x08,
    0x00, 0x08, 0x20, 0x08, 0x00, 0x08, 0x20, 0x00, 0xff, 0xff, 0xff, 0xff,
    0xff, 0xff, 0xff, 0xff, 0xff, 0xff, 0x00, 0x08, 0x00, 0x00, 0x02, 0x99,
    0x2a, 0xe3, 0xc9, 0xfa, 0xc9, 0xfa, 0xc9, 0xfa, 0xc9, 0xfa, 0xc9, 0xfa,
    0xc9, 0xfa, 0xc9, 0xfa, 0xc9, 0xfa, 0xc9, 0xfa, 0xc9, 0xfa, 0xc8, 0xfa,
    0xc9, 0xfa, 0xc9, 0xfa, 0xc9, 0xfa, 0xc9, 0xfa, 0xc9, 0xfa, 0xc8, 0xfa,
    0xc9, 0xfa, 0xc9, 0xfa, 0xc9, 0xfa, 0xc9, 0xfa, 0xc9, 0xfa, 0xc8, 0xfa,
    0xc9, 0xfa, 0xc9, 0xfa, 0xc8, 0xfa, 0x20, 0x08, 0x00, 0x08, 0x00, 0x08,
    0x20, 0x08, 0x00, 0x00, 0x00, 0x08, 0xff, 0xff, 0xff, 0xff, 0xff, 0xff,
    0xff, 0xff, 0xff, 0xff, 0xff, 0xff, 0xff, 0xff, 0xff, 0xff, 0xff, 0xff,
    0xff, 0xff, 0xff, 0xff, 0xff, 0xff, 0xff, 0xff, 0xff, 0xff, 0xff, 0xff,
    0xff, 0xff, 0xff, 0xff, 0xff, 0xff, 0xff, 0xff, 0x20, 0x00, 0x00, 0x20,
    0xc6, 0x59, 0xc9, 0xfa, 0xc9, 0xfa, 0xc9, 0xfa, 0xc9, 0xfa, 0xc9, 0xfa,
    0xc9, 0xfa, 0xc8, 0xfa, 0xc9, 0xfa, 0xc9, 0xfa, 0xc9, 0xfa, 0xc9, 0xfa,
    0xc9, 0xfa, 0xc8, 0xfa, 0xc9, 0xfa, 0xc9, 0xfa, 0xc9, 0xfa, 0xc8, 0xfa,
    0xc9, 0xfa, 0xc9, 0xfa, 0xc8, 0xfa, 0xc9, 0xfa, 0xc9, 0xfa, 0xc9, 0xfa,
    0xc9, 0xfa, 0xc9, 0xfa, 0xc9, 0xfa, 0x6c, 0xc3, 0x00, 0x50, 0x00, 0x08,
    0x20, 0x08, 0x00, 0x08, 0x00, 0x08, 0x20, 0x00, 0xff, 0xff, 0xff, 0xff,
    0xff, 0xff, 0xff, 0xff, 0xff, 0xff, 0xff, 0xff, 0x21, 0x08, 0x00, 0x50,
    0x6c, 0xc3, 0xc9, 0xfa, 0xc9, 0xfa, 0xc9, 0xfa, 0xc9, 0xfa, 0xc9, 0xfa,
    0xc8, 0xfa, 0xc9, 0xfa, 0xc9, 0xfa, 0xc9, 0xfa, 0xc9, 0xfa, 0xc9, 0xfa,
    0xc9, 0xfa, 0xc9, 0xfa, 0xc9, 0xfa, 0xc8, 0xfa, 0xc9, 0xfa, 0xc9, 0xfa,
    0xc9, 0xfa, 0xc9, 0xfa, 0xc8, 0xfa, 0xc9, 0xfa, 0xc9, 0xfa, 0xc9, 0xfa,
    0xc9, 0xfa, 0xc9, 0xfa, 0xc9, 0xfa, 0xe9, 0xfa, 0xe9, 0xfa, 0xc9, 0xfa,
    0xc9, 0xfa, 0xe9, 0xfa, 0xc9, 0xfa, 0xc9, 0xfa, 0xc9, 0xfa, 0xc9, 0xfa,
    0xc9, 0xfa, 0xc9, 0xfa, 0xc9, 0xfa, 0xc9, 0xfa, 0xc9, 0xfa, 0xc9, 0xfa,
    0xc9, 0xfa, 0xc9, 0xfa, 0xc9, 0xf2, 0xc9, 0xfa, 0xc9, 0xfa, 0xc9, 0xfa,
    0xc9, 0xf2, 0xc9, 0xfa, 0xc9, 0xfa, 0xc9, 0xf2, 0xe9, 0xfa, 0xc9, 0xfa,
    0xe9, 0xfa, 0x00, 0x08, 0x00, 0x08, 0x00, 0x08, 0x20, 0x08, 0x00, 0x08,
    0x00, 0x08, 0xff, 0xff, 0xff, 0xff, 0xff, 0xff, 0xff, 0xff, 0xff, 0xff,
    0xff, 0xff, 0xff, 0xff, 0xff, 0xff, 0xff, 0xff, 0xff, 0xff, 0xff, 0xff,
    0xff, 0xff, 0xff, 0xff, 0xff, 0xff, 0xff, 0xff, 0xff, 0xff, 0xff, 0xff,
    0xff, 0xff, 0xff, 0xff, 0xff, 0xff, 0xff, 0xff, 0xff, 0xff, 0xff, 0xff,
    0xff, 0xff, 0xff, 0xff, 0xff, 0xff, 0xff, 0xff, 0xff, 0xff, 0xff, 0xff,
    0xff, 0xff, 0xff, 0xff, 0xff, 0xff, 0xff, 0xff, 0x20, 0x00, 0x20, 0x30,
    0xa9, 0x92, 0xc9, 0xfa, 0xc9, 0xfa, 0xc9, 0xfa, 0xc9, 0xfa, 0xc9, 0xfa,
    0xc9, 0xfa, 0xc9, 0xfa, 0xc9, 0xfa, 0xc8, 0xfa, 0xc9, 0xfa, 0xc9, 0xfa,
    0xc9, 0xfa, 0xc9, 0xfa, 0xc9, 0xfa, 0xc9, 0xfa, 0xc9, 0xfa, 0xc9, 0xfa,
    0xc9, 0xfa, 0xc9, 0xfa, 0xc9, 0xfa, 0xc9, 0xfa, 0xc9, 0xfa, 0xc9, 0xfa,
    0xc9, 0xfa, 0xc9, 0xfa, 0xc9, 0xfa, 0xca, 0xa2, 0x00, 0x38, 0x00, 0x08,
    0x00, 0x08, 0x20, 0x08, 0x00, 0x08, 0x20, 0x08, 0xff, 0xff, 0xff, 0xff,
    0xff, 0xff, 0xff, 0xff, 0xff, 0xff, 0xff, 0xff, 0xff, 0xff, 0xff, 0xff,
    0xff, 0xff, 0xff, 0xff, 0xff, 0xff, 0xff, 0xff, 0xff, 0xff, 0xff, 0xff,
    0xff, 0xff, 0xff, 0xff, 0xff, 0xff, 0xff, 0xff, 0xff, 0xff, 0x00, 0x00,
    0x00, 0x08, 0xa5, 0xb9, 0x0a, 0xeb, 0xc9, 0xfa, 0xc9, 0xfa, 0xc9, 0xfa,
    0xc9, 0xfa, 0xc9, 0xfa, 0xc9, 0xfa, 0xc8, 0xfa, 0xc9, 0xfa, 0xc9, 0xfa,
    0xc9, 0xfa, 0xc9, 0xfa, 0xc9, 0xfa, 0xc9, 0xfa, 0xc9, 0xfa, 0xc9, 0xfa,
    0xc9, 0xfa, 0xc9, 0xfa, 0xc9, 0xfa, 0xc9, 0xfa, 0xc9, 0xfa, 0xc9, 0xfa,
    0xc9, 0xfa, 0xc9, 0xfa, 0xc9, 0xfa, 0xc9, 0xfa, 0x47, 0xda, 0x00, 0x08,
    0x00, 0x08, 0x00, 0x00, 0x00, 0x08, 0x00, 0x08, 0x20, 0x00, 0xff, 0xff,
    0xff, 0xff, 0xff, 0xff, 0xff, 0xff, 0xff, 0xff, 0xff, 0xff, 0xff, 0xff,
    0xff, 0xff, 0xff, 0xff, 0xff, 0xff, 0xff, 0xff, 0xff, 0xff, 0xff, 0xff,
    0x00, 0x00, 0x00, 0x08, 0x47, 0xda, 0xc9, 0xfa, 0xc9, 0xfa, 0xc9, 0xfa,
    0xc8, 0xfa, 0xc9, 0xfa, 0xc9, 0xfa, 0xc9, 0xfa, 0xc9, 0xfa, 0xc9, 0xfa,
    0xc9, 0xfa, 0xc9, 0xfa, 0xc9, 0xfa, 0xc9, 0xfa, 0xc9, 0xfa, 0xc9, 0xfa,
    0xc9, 0xfa, 0xc9, 0xfa, 0xc9, 0xfa, 0xc9, 0xfa, 0xc9, 0xfa, 0xc9, 0xfa,
    0xc9, 0xfa, 0xc9, 0xfa, 0xc9, 0xfa, 0xc9, 0xfa, 0x0a, 0xeb, 0xa5, 0xb9,
    0x00, 0x08, 0x00, 0x08, 0x00, 0x08, 0x00, 0x08, 0x20, 0x08, 0x00, 0x00,
    0xff, 0xff, 0xff, 0xff, 0xff, 0xff, 0xff, 0xff, 0xff, 0xff, 0xff, 0xff,
    0xff, 0xff, 0xff, 0xff, 0xff, 0xff, 0xff, 0xff, 0xff, 0xff, 0xff, 0xff,
    0xff, 0xff, 0xff, 0xff, 0xff, 0xff, 0xff, 0xff, 0xff, 0xff, 0xff, 0xff,
    0xff, 0xff, 0x20, 0x00, 0x00, 0x38, 0xca, 0xa2, 0xc9, 0xfa, 0xc9, 0xfa,
    0xc9, 0xfa, 0xc9, 0xfa, 0xc9, 0xfa, 0xc9, 0xfa, 0xc9, 0xfa, 0xc9, 0xfa,
    0xc8, 0xfa, 0xc9, 0xfa, 0xc9, 0xfa, 0xc9, 0xfa, 0xc9, 0xfa, 0xc9, 0xfa,
    0xc9, 0xfa, 0xc9, 0xfa, 0xc8, 0xfa, 0xc9, 0xfa, 0xc9, 0xfa, 0xc9, 0xfa,
    0xc9, 0xfa, 0xc9, 0xfa, 0xc9, 0xfa, 0xc9, 0xfa, 0xc9, 0xfa, 0xc9, 0xfa,
    0xa9, 0x92, 0x20, 0x30, 0x00, 0x08, 0x00, 0x08, 0x00, 0x08, 0x20, 0x08,
    0x21, 0x00, 0xff, 0xff, 0xff, 0xff, 0xff, 0xff, 0xff, 0xff, 0xff, 0xff,
    0x20, 0x08, 0x00, 0x08, 0x03, 0x99, 0x2a, 0xdb, 0xc9, 0xfa, 0xc9, 0xfa,
    0xc9, 0xfa, 0xc8, 0xfa, 0xc9, 0xfa, 0xc9, 0xfa, 0xc8, 0xfa, 0xc9, 0xfa,
    0xc9, 0xfa, 0xc9, 0xfa, 0xc9, 0xfa, 0xc9, 0xfa, 0xc8, 0xfa, 0xc9, 0xfa,
    0xc9, 0xfa, 0xc9, 0xfa, 0xc9, 0xfa, 0xc9, 0xfa, 0xc9, 0xfa, 0xc8, 0xfa,
    0xc9, 0xfa, 0xc9, 0xfa, 0xc9, 0xfa, 0xc9, 0xfa, 0xc9, 0xfa, 0xc9, 0xfa,
    0x20, 0x08, 0x00, 0x08, 0x00, 0x08, 0x00, 0x08, 0x20, 0x08, 0x00, 0x00,
    0xff, 0xff, 0xff, 0xff, 0xff, 0xff, 0xff, 0xff, 0xff, 0xff, 0xff, 0xff,
    0xff, 0xff, 0xff, 0xff, 0xff, 0xff, 0xff, 0xff, 0xff, 0xff, 0xff, 0xff,
    0xff, 0xff, 0xff, 0xff, 0xff, 0xff, 0xff, 0xff, 0xff, 0xff, 0xff, 0xff,
    0xff, 0xff, 0x21, 0x00, 0x00, 0x20, 0xc6, 0x59, 0xc9, 0xfa, 0xc9, 0xfa,
    0xc9, 0xfa, 0xc8, 0xfa, 0xc9, 0xfa, 0xc9, 0xfa, 0xc9, 0xfa, 0xc9, 0xfa,
    0xc9, 0xfa, 0xc9, 0xfa, 0xc9, 0xfa, 0xc9, 0xfa, 0xc9, 0xfa, 0xc9, 0xfa,
    0xc9, 0xfa, 0xc9, 0xfa, 0xc9, 0xfa, 0xc9, 0xfa, 0xc9, 0xfa, 0xc9, 0xfa,
    0xc9, 0xfa, 0xc9, 0xfa, 0xc8, 0xfa, 0xc9, 0xfa, 0xc9, 0xfa, 0xc9, 0xfa,
    0x6c, 0xcb, 0x00, 0x50, 0x00, 0x08, 0x00, 0x00, 0x20, 0x08, 0x00, 0x08,
    0x20, 0x00, 0xff, 0xff, 0xff, 0xff, 0xff, 0xff, 0xff, 0xff, 0xff, 0xff,
    0xff, 0xff, 0x20, 0x00, 0x00, 0x50, 0x6c, 0xcb, 0xc9, 0xfa, 0xc9, 0xfa,
    0xc9, 0xfa, 0xc9, 0xfa, 0xc9, 0xfa, 0xc9, 0xfa, 0xc9, 0xfa, 0xc8, 0xfa,
    0xc9, 0xfa, 0xc9, 0xfa, 0xc8, 0xfa, 0xc9, 0xfa, 0xc9, 0xfa, 0xc9, 0xfa,
    0xc9, 0xfa, 0xc9, 0xfa, 0xc9, 0xfa, 0xc9, 0xfa, 0xc9, 0xfa, 0xc9, 0xfa,
    0xc9, 0xfa, 0xc9, 0xfa, 0xc9, 0xfa, 0xc9, 0xfa, 0xc9, 0xfa, 0xc9, 0xfa,
    0xe9, 0xf2, 0xc9, 0xfa, 0xe9, 0xf2, 0xe9, 0xfa, 0xc9, 0xf2, 0xe9, 0xfa,
    0xe9, 0xf2, 0xe9, 0xfa, 0xe9, 0xf2, 0xe9, 0xfa, 0xe9, 0xf2, 0xe9, 0xfa,
    0xe9, 0xf2, 0xe9, 0xf2, 0xe9, 0xfa, 0xe9, 0xfa, 0xe9, 0xf2, 0xe9, 0xfa,
    0xe9, 0xfa, 0xe9, 0xfa, 0xe9, 0xf2, 0xe9, 0xfa, 0xe9, 0xfa, 0xe9, 0xfa,
    0xc9, 0xfa, 0xe9, 0xf2, 0xc9, 0xfa, 0xe9, 0xf2, 0x00, 0x00, 0x00, 0x08,
    0x20, 0x00, 0x00, 0x08, 0x00, 0x08, 0x20, 0x00, 0xff, 0xff, 0xff, 0xff,
    0xff, 0xff, 0xff, 0xff, 0xff, 0xff, 0xff, 0xff, 0xff, 0xff, 0xff, 0xff,
    0xff, 0xff, 0xff, 0xff, 0xff, 0xff, 0xff, 0xff, 0xff, 0xff, 0xff, 0xff,
    0xff, 0xff, 0xff, 0xff, 0xff, 0xff, 0xff, 0xff, 0xff, 0xff, 0xff, 0xff,
    0xff, 0xff, 0xff, 0xff, 0xff, 0xff, 0xff, 0xff, 0xff, 0xff, 0xff, 0xff,
    0xff, 0xff, 0xff, 0xff, 0xff, 0xff, 0xff, 0xff, 0xff, 0xff, 0xff, 0xff,
    0xff, 0xff, 0x21, 0x08, 0x20, 0x30, 0xaa, 0x92, 0xc9, 0xfa, 0xc9, 0xfa,
    0xc9, 0xfa, 0xc9, 0xfa, 0xc9, 0xfa, 0xc8, 0xfa, 0xc9, 0xfa, 0xc9, 0xfa,
    0xc9, 0xfa, 0xc9, 0xfa, 0xc9, 0xfa, 0xc8, 0xfa, 0xc9, 0xfa, 0xc9, 0xfa,
    0xc9, 0xfa, 0xc9, 0xfa, 0xc8, 0xfa, 0xc9, 0xfa, 0xc9, 0xfa, 0xc9, 0xfa,
    0xc9, 0xfa, 0xc9, 0xfa, 0xc8, 0xfa, 0xc9, 0xfa, 0xc9, 0xfa, 0xc8, 0xfa,
    0xca, 0xa2, 0x00, 0x30, 0x20, 0x08, 0x00, 0x08, 0x00, 0x00, 0x00, 0x08,
    0x20, 0x08, 0x20, 0x00, 0x20, 0x00, 0x21, 0x08, 0x20, 0x00, 0x21, 0x00,
    0x21, 0x00, 0x20, 0x00, 0x21, 0x00, 0x21, 0x00, 0x20, 0x00, 0x21, 0x00,
    0x21, 0x00, 0x20, 0x00, 0x21, 0x00, 0x21, 0x00, 0x20, 0x00, 0x21, 0x00,
    0x21, 0x00, 0x20, 0x00, 0x20, 0x08, 0x00, 0x08, 0xc5, 0xb9, 0x0a, 0xeb,
    0xc9, 0xfa, 0xc9, 0xfa, 0xc9, 0xfa, 0xc8, 0xfa, 0xc9, 0xfa, 0xc9, 0xfa,
    0xc9, 0xfa, 0xc9, 0xfa, 0xc9, 0xfa, 0xc8, 0xfa, 0xc9, 0xfa, 0xc9, 0xfa,
    0xc8, 0xfa, 0xc9, 0xfa, 0xc9, 0xfa, 0xc8, 0xfa, 0xc9, 0xfa, 0xc9, 0xfa,
    0xc9, 0xfa, 0xc9, 0xfa, 0xc9, 0xfa, 0xc8, 0xfa, 0xc9, 0xfa, 0xc9, 0xfa,
    0xe9, 0xf2, 0x47, 0xda, 0x00, 0x08, 0x00, 0x08, 0x20, 0x00, 0x00, 0x08,
    0x00, 0x08, 0x00, 0x08, 0xff, 0xff, 0xff, 0xff, 0xff, 0xff, 0xff, 0xff,
    0xff, 0xff, 0xff, 0xff, 0xff, 0xff, 0xff, 0xff, 0xff, 0xff, 0xff, 0xff,
    0xff, 0xff, 0xff, 0xff, 0xff, 0xff, 0x00, 0x08, 0x00, 0x08, 0x47, 0xda,
    0xe9, 0xf2, 0xc9, 0xfa, 0xc9, 0xfa, 0xc9, 0xfa, 0xc9, 0xfa, 0xc9, 0xfa,
    0xc8, 0xfa, 0xc9, 0xfa, 0xc9, 0xfa, 0xc8, 0xfa, 0xc9, 0xfa, 0xc9, 0xfa,
    0xc9, 0xfa, 0xc9, 0xfa, 0xc9, 0xfa, 0xc9, 0xfa, 0xc9, 0xfa, 0xc8, 0xfa,
    0xc9, 0xfa, 0xc9, 0xfa, 0xc9, 0xfa, 0xc9, 0xfa, 0xc9, 0xfa, 0xc9, 0xfa,
    0xc9, 0xfa, 0x0a, 0xeb, 0xa5, 0xb9, 0x00, 0x08, 0x20, 0x00, 0x00, 0x08,
    0x00, 0x08, 0x00, 0x08, 0x20, 0x08, 0xff, 0xff, 0xff, 0xff, 0xff, 0xff,
    0xff, 0xff, 0xff, 0xff, 0xff, 0xff, 0xff, 0xff, 0xff, 0xff, 0xff, 0xff,
    0xff, 0xff, 0xff, 0xff, 0xff, 0xff, 0xff, 0xff, 0xff, 0xff, 0xff, 0xff,
    0xff, 0xff, 0xff, 0xff, 0xff, 0xff, 0xff, 0xff, 0x20, 0x00, 0x00, 0x38,
    0xca, 0xa2, 0xc9, 0xfa, 0xc9, 0xfa, 0xc9, 0xfa, 0xc8, 0xfa, 0xc9, 0xfa,
    0xc9, 0xfa, 0xc9, 0xfa, 0xc9, 0xfa, 0xc9, 0xfa, 0xc9, 0xfa, 0xc9, 0xfa,
    0xc9, 0xfa, 0xc9, 0xfa, 0xc9, 0xfa, 0xc9, 0xfa, 0xc9, 0xfa, 0xc9, 0xfa,
    0xc9, 0xfa, 0xc9, 0xfa, 0xc8, 0xfa, 0xc9, 0xfa, 0xc9, 0xfa, 0xc8, 0xfa,
    0xc9, 0xfa, 0xc9, 0xfa, 0xc9, 0xfa, 0xc9, 0x92, 0x20, 0x30, 0x00, 0x08,
    0x00, 0x08, 0x20, 0x00, 0x00, 0x08, 0x20, 0x00, 0xff, 0xff, 0xff, 0xff,
    0xff, 0xff, 0xff, 0xff, 0xff, 0xff, 0x00, 0x08, 0x20, 0x08, 0x02, 0x99,
    0x2b, 0xe3, 0xc9, 0xfa, 0xc9, 0xfa, 0xc9, 0xfa, 0xc9, 0xfa, 0xc9, 0xfa,
    0xc9, 0xfa, 0xc9, 0xfa, 0xc9, 0xfa, 0xc9, 0xfa, 0xc8, 0xfa, 0xc9, 0xfa,
    0xc9, 0xfa, 0xc9, 0xfa, 0xc9, 0xfa, 0xc9, 0xfa, 0xc8, 0xfa, 0xc9, 0xfa,
    0xc9, 0xfa, 0xc9, 0xfa, 0xc9, 0xfa, 0xc9, 0xfa, 0xc9, 0xfa, 0xc9, 0xfa,
    0xc9, 0xfa, 0xc9, 0xfa, 0xc9, 0xfa, 0x20, 0x08, 0x00, 0x08, 0x00, 0x08,
    0x00, 0x08, 0x00, 0x08, 0x20, 0x08, 0xff, 0xff, 0xff, 0xff, 0xff, 0xff,
    0xff, 0xff, 0xff, 0xff, 0xff, 0xff, 0xff, 0xff, 0xff, 0xff, 0xff, 0xff,
    0xff, 0xff, 0xff, 0xff, 0xff, 0xff, 0xff, 0xff, 0xff, 0xff, 0xff, 0xff,
    0xff, 0xff, 0xff, 0xff, 0xff, 0xff, 0xff, 0xff, 0x20, 0x08, 0x00, 0x20,
    0xc6, 0x59, 0xc9, 0xfa, 0xc9, 0xfa, 0xc9, 0xfa, 0xc9, 0xfa, 0xc9, 0xfa,
    0xc9, 0xfa, 0xc9, 0xfa, 0xc9, 0xfa, 0xc8, 0xfa, 0xc9, 0xfa, 0xc9, 0xfa,
    0xc8, 0xfa, 0xc9, 0xfa, 0xc9, 0xfa, 0xc8, 0xfa, 0xc9, 0xfa, 0xc9, 0xfa,
    0xc9, 0xfa, 0xc9, 0xfa, 0xc9, 0xfa, 0xc9, 0xfa, 0xc9, 0xfa, 0xc9, 0xfa,
    0xc9, 0xfa, 0xc9, 0xfa, 0xc9, 0xfa, 0x6c, 0xc3, 0x00, 0x50, 0x00, 0x08,
    0x00, 0x08, 0x00, 0x00, 0x20, 0x08, 0x20, 0x00, 0xff, 0xff, 0xff, 0xff,
    0xff, 0xff, 0xff, 0xff, 0xff, 0xff, 0xff, 0xff, 0x21, 0x00, 0x00, 0x50,
    0x8c, 0xcb, 0xc9, 0xfa, 0xc9, 0xfa, 0xc9, 0xfa, 0xc8, 0xfa, 0xc9, 0xfa,
    0xc9, 0xfa, 0xc9, 0xfa, 0xc9, 0xfa, 0xc9, 0xfa, 0xc9, 0xfa, 0xc9, 0xfa,
    0xc9, 0xfa, 0xc9, 0xfa, 0xc9, 0xfa, 0xc9, 0xfa, 0xc9, 0xfa, 0xc8, 0xfa,
    0xc9, 0xfa, 0xc9, 0xfa, 0xc9, 0xfa, 0xc9, 0xfa, 0xc9, 0xfa, 0xc8, 0xfa,
    0xc9, 0xfa, 0xc9, 0xfa, 0xc8, 0xfa, 0xca, 0xa2, 0x06, 0x82, 0x47, 0x8a,
    0x47, 0x82, 0x48, 0x8a, 0x47, 0x82, 0x47, 0x8a, 0x48, 0x82, 0x47, 0x8a,
    0x47, 0x82, 0x47, 0x8a, 0x47, 0x8a, 0x47, 0x82, 0x47, 0x8a, 0x47, 0x82,
    0x47, 0x82, 0x47, 0x8a, 0x47, 0x82, 0x47, 0x8a, 0x47, 0x82, 0x47, 0x8a,
    0x47, 0x82, 0x47, 0x82, 0x47, 0x8a, 0x48, 0x82, 0x47, 0x8a, 0x47, 0x8a,
    0x48, 0x82, 0x00, 0x08, 0x20, 0x08, 0x00, 0x08, 0x00, 0x00, 0x00, 0x08,
    0x00, 0x08, 0xff, 0xff, 0xff, 0xff, 0xff, 0xff, 0xff, 0xff, 0xff, 0xff,
    0xff, 0xff, 0xff, 0xff, 0xff, 0xff, 0xff, 0xff, 0xff, 0xff, 0xff, 0xff,
    0xff, 0xff, 0xff, 0xff, 0xff, 0xff, 0xff, 0xff, 0xff, 0xff, 0xff, 0xff,
    0xff, 0xff, 0xff, 0xff, 0xff, 0xff, 0xff, 0xff, 0xff, 0xff, 0xff, 0xff,
    0xff, 0xff, 0xff, 0xff, 0xff, 0xff, 0xff, 0xff, 0xff, 0xff, 0xff, 0xff,
    0xff, 0xff, 0xff, 0xff, 0xff, 0xff, 0xff, 0xff, 0x20, 0x00, 0x20, 0x30,
    0xaa, 0x9a, 0xc9, 0xfa, 0xc9, 0xfa, 0xc8, 0xfa, 0xc9, 0xfa, 0xc9, 0xfa,
    0xc9, 0xfa, 0xc9, 0xfa, 0xc9, 0xfa, 0xc9, 0xfa, 0xc9, 0xfa, 0xc9, 0xfa,
    0xc9, 0xfa, 0xc9, 0xfa, 0xc9, 0xfa, 0xc9, 0xfa, 0xc9, 0xfa, 0xc9, 0xfa,
    0xc9, 0xfa, 0xc8, 0xfa, 0xc9, 0xfa, 0xc9, 0xfa, 0xc9, 0xfa, 0xc9, 0xfa,
    0xc9, 0xfa, 0xc9, 0xfa, 0xc9, 0xfa, 0x67, 0xba, 0x00, 0x50, 0x00, 0x38,
    0x00, 0x38, 0x00, 0x38, 0x00, 0x38, 0x00, 0x38, 0x00, 0x38, 0x00, 0x38,
    0x00, 0x38, 0x00, 0x38, 0x00, 0x38, 0x00, 0x38, 0x00, 0x38, 0x00, 0x38,
    0x00, 0x38, 0x00, 0x38, 0x00, 0x38, 0x00, 0x38, 0x00, 0x38, 0x00, 0x38,
    0x00, 0x38, 0x00, 0x38, 0x00, 0x38, 0x00, 0x38, 0x00, 0x38, 0x00, 0x38,
    0x00, 0x38, 0xa5, 0xb9, 0xe9, 0xf2, 0xc9, 0xfa, 0xc9, 0xfa, 0xc9, 0xfa,
    0xc9, 0xfa, 0xc9, 0xfa, 0xc9, 0xfa, 0xc9, 0xfa, 0xc9, 0xfa, 0xc9, 0xfa,
    0xc9, 0xfa, 0xc9, 0xfa, 0xc9, 0xfa, 0x6c, 0xcb, 0x4c, 0xd3, 0x6c, 0xcb,
    0x6c, 0xd3, 0x4c, 0xcb, 0x6b, 0xd3, 0x6c, 0xcb, 0x4c, 0xd3, 0x6c, 0xd3,
    0x6c, 0xcb, 0x4c, 0xd3, 0x4c, 0xd3, 0x8c, 0xc3, 0x2b, 0xb3, 0x00, 0x08,
    0x00, 0x08, 0x20, 0x08, 0x00, 0x08, 0x00, 0x08, 0x00, 0x00, 0xff, 0xff,
    0xff, 0xff, 0xff, 0xff, 0xff, 0xff, 0xff, 0xff, 0xff, 0xff, 0xff, 0xff,
    0xff, 0xff, 0xff, 0xff, 0xff, 0xff, 0xff, 0xff, 0xff, 0xff, 0xff, 0xff,
    0x00, 0x08, 0x00, 0x08, 0x47, 0xda, 0xe9, 0xfa, 0xc9, 0xfa, 0xc9, 0xfa,
    0xc9, 0xfa, 0xc9, 0xfa, 0xc9, 0xfa, 0xc9, 0xfa, 0xc9, 0xfa, 0xc9, 0xfa,
    0xc9, 0xfa, 0xc9, 0xfa, 0xc8, 0xfa, 0xc9, 0xfa, 0xc9, 0xfa, 0xc8, 0xfa,
    0xc9, 0xfa, 0xc9, 0xfa, 0xc9, 0xfa, 0xc9, 0xfa, 0xc8, 0xfa, 0xc9, 0xfa,
    0xc9, 0xfa, 0xc8, 0xfa, 0xc9, 0xfa, 0xc9, 0xfa, 0x09, 0xeb, 0xc5, 0xb9,
    0x00, 0x08, 0x00, 0x08, 0x20, 0x00, 0x00, 0x00, 0x00, 0x08, 0x00, 0x08,
    0xff, 0xff, 0xff, 0xff, 0xff, 0xff, 0xff, 0xff, 0xff, 0xff, 0xff, 0xff,
    0xff, 0xff, 0xff, 0xff, 0xff, 0xff, 0xff, 0xff, 0xff, 0xff, 0xff, 0xff,
    0xff, 0xff, 0xff, 0xff, 0xff, 0xff, 0xff, 0xff, 0xff, 0xff, 0xff, 0xff,
    0xff, 0xff, 0x21, 0x00, 0x00, 0x38, 0xca, 0xa2, 0xc9, 0xfa, 0xc9, 0xfa,
    0xc9, 0xfa, 0xc9, 0xfa, 0xc9, 0xfa, 0xc9, 0xfa, 0xc8, 0xfa, 0xc9, 0xfa,
    0xc9, 0xfa, 0xc9, 0xfa, 0xc8, 0xfa, 0xc9, 0xfa, 0xc9, 0xfa, 0xc8, 0xfa,
    0xc9, 0xfa, 0xc9, 0xfa, 0xc9, 0xfa, 0xc9, 0xfa, 0xc9, 0xfa, 0xc9, 0xfa,
    0xc9, 0xfa, 0xc9, 0xfa, 0xc9, 0xfa, 0xc9, 0xfa, 0xc9, 0xfa, 0xc9, 0xfa,
    0xaa, 0x92, 0x20, 0x30, 0x00, 0x08, 0x00, 0x08, 0x00, 0x08, 0x00, 0x08,
    0x21, 0x00, 0xff, 0xff, 0xff, 0xff, 0xff, 0xff, 0xff, 0xff, 0xff, 0xff,
    0x00, 0x08, 0x00, 0x00, 0x02, 0x99, 0x2b, 0xe3, 0xc9, 0xfa, 0xc9, 0xfa,
    0xc9, 0xfa, 0xc9, 0xfa, 0xc9, 0xfa, 0xc9, 0xfa, 0xc9, 0xfa, 0xc9, 0xfa,
    0xc9, 0xfa, 0xc9, 0xfa, 0xc9, 0xfa, 0xc9, 0xfa, 0xc9, 0xfa, 0xc9, 0xfa,
    0xc9, 0xfa, 0xc9, 0xfa, 0xc9, 0xfa, 0xc9, 0xfa, 0xc9, 0xfa, 0xc9, 0xfa,
    0xc9, 0xfa, 0xc9, 0xfa, 0xc8, 0xfa, 0xc9, 0xfa, 0xc9, 0xfa, 0xc9, 0xfa,
    0x20, 0x08, 0x00, 0x08, 0x00, 0x08, 0x00, 0x00, 0x00, 0x00, 0x00, 0x08,
    0xff, 0xff, 0xff, 0xff, 0xff, 0xff, 0xff, 0xff, 0xff, 0xff, 0xff, 0xff,
    0xff, 0xff, 0xff, 0xff, 0xff, 0xff, 0xff, 0xff, 0xff, 0xff, 0xff, 0xff,
    0xff, 0xff, 0xff, 0xff, 0xff, 0xff, 0xff, 0xff, 0xff, 0xff, 0xff, 0xff,
    0xff, 0xff, 0x21, 0x00, 0x00, 0x20, 0xe6, 0x59, 0xc9, 0xfa, 0xc9, 0xfa,
    0xc9, 0xfa, 0xc9, 0xfa, 0xc9, 0xfa, 0xc8, 0xfa, 0xc9, 0xfa, 0xc9, 0xfa,
    0xc9, 0xfa, 0xc9, 0xfa, 0xc9, 0xfa, 0xc9, 0xfa, 0xc9, 0xfa, 0xc9, 0xfa,
    0xc9, 0xfa, 0xc9, 0xfa, 0xc9, 0xfa, 0xc8, 0xfa, 0xc9, 0xfa, 0xc9, 0xfa,
    0xc8, 0xfa, 0xc9, 0xfa, 0xc9, 0xfa, 0xc9, 0xfa, 0xc9, 0xfa, 0xc9, 0xfa,
    0x8c, 0xc3, 0x00, 0x50, 0x20, 0x08, 0x00, 0x08, 0x00, 0x08, 0x00, 0x08,
    0x21, 0x00, 0xff, 0xff, 0xff, 0xff, 0xff, 0xff, 0xff, 0xff, 0xff, 0xff,
    0xff, 0xff, 0x20, 0x08, 0x00, 0x50, 0x6c, 0xc3, 0xc9, 0xfa, 0xc9, 0xfa,
    0xc9, 0xfa, 0xc9, 0xfa, 0xc9, 0xfa, 0xc9, 0xfa, 0xc8, 0xfa, 0xc9, 0xfa,
    0xc9, 0xfa, 0xc9, 0xfa, 0xc9, 0xfa, 0xc9, 0xfa, 0xc8, 0xfa, 0xc9, 0xfa,
    0xc9, 0xfa, 0xc9, 0xfa, 0xc9, 0xfa, 0xc9, 0xfa, 0xc9, 0xfa, 0xc8, 0xfa,
    0xc9, 0xfa, 0xc9, 0xfa, 0xc9, 0xfa, 0xc9, 0xfa, 0xc9, 0xfa, 0xc9, 0xfa,
    0x43, 0x81, 0x00, 0x40, 0x00, 0x30, 0x00, 0x28, 0x00, 0x28, 0x00, 0x30,
    0x00, 0x28, 0x00, 0x30, 0x00, 0x28, 0x00, 0x28, 0x00, 0x30, 0x00, 0x28,
    0x00, 0x30, 0x00, 0x30, 0x00, 0x28, 0x00, 0x30, 0x00, 0x30, 0x00, 0x28,
    0x00, 0x28, 0x00, 0x30, 0x00, 0x28, 0x00, 0x30, 0x00, 0x28, 0x00, 0x28,
    0x00, 0x30, 0x00, 0x28, 0x00, 0x28, 0x00, 0x30, 0x00, 0x08, 0x00, 0x08,
    0x00, 0x08, 0x20, 0x08, 0x00, 0x00, 0x00, 0x08, 0xff, 0xff, 0xff, 0xff,
    0xff, 0xff, 0xff, 0xff, 0xff, 0xff, 0xff, 0xff, 0xff, 0xff, 0xff, 0xff,
    0xff, 0xff, 0xff, 0xff, 0xff, 0xff, 0xff, 0xff, 0xff, 0xff, 0xff, 0xff,
    0xff, 0xff, 0xff, 0xff, 0xff, 0xff, 0xff, 0xff, 0xff, 0xff, 0xff, 0xff,
    0xff, 0xff, 0xff, 0xff, 0xff, 0xff, 0xff, 0xff, 0xff, 0xff, 0xff, 0xff,
    0xff, 0xff, 0xff, 0xff, 0xff, 0xff, 0xff, 0xff, 0xff, 0xff, 0xff, 0xff,
    0xff, 0xff, 0x20, 0x00, 0x20, 0x30, 0xa9, 0x92, 0xc9, 0xfa, 0xc9, 0xfa,
    0xc9, 0xfa, 0xc9, 0xfa, 0xc9, 0xfa, 0xc9, 0xfa, 0xc9, 0xfa, 0xc8, 0xfa,
    0xc9, 0xfa, 0xc9, 0xfa, 0xc8, 0xfa, 0xc9, 0xfa, 0xc9, 0xfa, 0xc8, 0xfa,
    0xc9, 0xfa, 0xc9, 0xfa, 0xc9, 0xfa, 0xc9, 0xfa, 0xc9, 0xfa, 0xc9, 0xfa,
    0xc9, 0xfa, 0xc8, 0xfa, 0xc9, 0xfa, 0xc9, 0xfa, 0xc9, 0xfa, 0xc9, 0xfa,
    0x4b, 0xd3, 0xa8, 0xca, 0x0b, 0xab, 0x0b, 0xab, 0x0b, 0xab, 0x0b, 0xab,
    0x0b, 0xab, 0x0b, 0xab, 0x0b, 0xab, 0x0b, 0xab, 0x0b, 0xab, 0x0b, 0xab,
    0x0b, 0xab, 0x0b, 0xab, 0x0b, 0xab, 0x0b, 0xab, 0x0b, 0xab, 0x0b, 0xab,
    0x0b, 0xab, 0x0b, 0xab, 0x0b, 0xab, 0x0b, 0xab, 0x0b, 0xab, 0x0b, 0xab,
    0x0b, 0xab, 0x0b, 0xab, 0x0b, 0xab, 0x0b, 0xab, 0xc8, 0xf2, 0xe9, 0xf2,
    0xc9, 0xfa, 0xc9, 0xfa, 0xc8, 0xfa, 0xc9, 0xfa, 0xc9, 0xfa, 0xc8, 0xfa,
    0xc9, 0xfa, 0xc9, 0xfa, 0xc8, 0xfa, 0xc9, 0xfa, 0xc9, 0xfa, 0xc9, 0xfa,
    0x40, 0x68, 0x40, 0x60, 0x40, 0x60, 0x40, 0x60, 0x40, 0x60, 0x40, 0x60,
    0x40, 0x60, 0x40, 0x60, 0x40, 0x60, 0x40, 0x60, 0x40, 0x60, 0x40, 0x60,
    0x00, 0x50, 0x00, 0x50, 0x00, 0x08, 0x00, 0x08, 0x00, 0x00, 0x20, 0x08,
    0x00, 0x08, 0x20, 0x08, 0xff, 0xff, 0xff, 0xff, 0xff, 0xff, 0xff, 0xff,
    0xff, 0xff, 0xff, 0xff, 0xff, 0xff, 0xff, 0xff, 0xff, 0xff, 0xff, 0xff,
    0xff, 0xff, 0xff, 0xff, 0xff, 0xff, 0x00, 0x08, 0x00, 0x08, 0x47, 0xda,
    0xc9, 0xfa, 0xc9, 0xfa, 0xc8, 0xfa, 0xc9, 0xfa, 0xc9, 0xfa, 0xc8, 0xfa,
    0xc9, 0xfa, 0xc9, 0xfa, 0xc9, 0xfa, 0xc9, 0xfa, 0xc9, 0xfa, 0xc9, 0xfa,
    0xc9, 0xfa, 0xc9, 0xfa, 0xc9, 0xfa, 0xc9, 0xfa, 0xc9, 0xfa, 0xc9, 0xfa,
    0xc9, 0xfa, 0xc9, 0xfa, 0xc9, 0xfa, 0xc9, 0xfa, 0xc9, 0xfa, 0xc9, 0xfa,
    0xc9, 0xfa, 0x0a, 0xeb, 0xa5, 0xb9, 0x00, 0x08, 0x00, 0x08, 0x00, 0x08,
    0x20, 0x08, 0x00, 0x00, 0x00, 0x08, 0xff, 0xff, 0xff, 0xff, 0xff, 0xff,
    0xff, 0xff, 0xff, 0xff, 0xff, 0xff, 0xff, 0xff, 0xff, 0xff, 0xff, 0xff,
    0xff, 0xff, 0xff, 0xff, 0xff, 0xff, 0xff, 0xff, 0xff, 0xff, 0xff, 0xff,
    0xff, 0xff, 0xff, 0xff, 0xff, 0xff, 0xff, 0xff, 0x20, 0x00, 0x00, 0x38,
    0xca, 0xa2, 0xc9, 0xfa, 0xc9, 0xfa, 0xc9, 0xfa, 0xc9, 0xfa, 0xc9, 0xfa,
    0xc9, 0xfa, 0xc9, 0xfa, 0xc9, 0xfa, 0xc9, 0xfa, 0xc9, 0xfa, 0xc9, 0xfa,
    0xc9, 0xfa, 0xc9, 0xfa, 0xc9, 0xfa, 0xc9, 0xfa, 0xc8, 0xfa, 0xc9, 0xfa,
    0xc9, 0xfa, 0xc8, 0xfa, 0xc9, 0xfa, 0xc9, 0xfa, 0xc9, 0xfa, 0xc9, 0xfa,
    0xc9, 0xfa, 0xc9, 0xfa, 0xc9, 0xfa, 0xa9, 0x92, 0x20, 0x30, 0x00, 0x08,
    0x20, 0x08, 0x00, 0x08, 0x00, 0x08, 0x20, 0x00, 0xff, 0xff, 0xff, 0xff,
    0xff, 0xff, 0xff, 0xff, 0xff, 0xff, 0x00, 0x08, 0x00, 0x08, 0x22, 0x99,
    0x2a, 0xdb, 0xc9, 0xfa, 0xc9, 0xfa, 0xc8, 0xfa, 0xc9, 0xfa, 0xc9, 0xfa,
    0xc8, 0xfa, 0xc9, 0xfa, 0xc9, 0xfa, 0xc8, 0xfa, 0xc9, 0xfa, 0xc9, 0xfa,
    0xc9, 0xfa, 0xc8, 0xfa, 0xc9, 0xfa, 0xc9, 0xfa, 0xc9, 0xfa, 0xc9, 0xfa,
    0xc8, 0xfa, 0xc9, 0xfa, 0xc9, 0xfa, 0xc8, 0xfa, 0xc9, 0xfa, 0xc9, 0xfa,
    0xc9, 0xfa, 0xc9, 0xfa, 0xc9, 0xfa, 0x20, 0x08, 0x00, 0x08, 0x00, 0x08,
    0x20, 0x08, 0x00, 0x08, 0x00, 0x08, 0xff, 0xff, 0xff, 0xff, 0xff, 0xff,
    0xff, 0xff, 0xff, 0xff, 0xff, 0xff, 0xff, 0xff, 0xff, 0xff, 0xff, 0xff,
    0xff, 0xff, 0xff, 0xff, 0xff, 0xff, 0xff, 0xff, 0xff, 0xff, 0xff, 0xff,
    0xff, 0xff, 0xff, 0xff, 0xff, 0xff, 0xff, 0xff, 0x20, 0x00, 0x00, 0x20,
    0xc6, 0x59, 0xc9, 0xfa, 0xc9, 0xfa, 0xc9, 0xfa, 0xc9, 0xfa, 0xc9, 0xfa,
    0xc9, 0xfa, 0xc9, 0xfa, 0xc9, 0xfa, 0xc9, 0xfa, 0xc9, 0xfa, 0xc9, 0xfa,
    0xc9, 0xfa, 0xc9, 0xfa, 0xc9, 0xfa, 0xc9, 0xfa, 0xc9, 0xfa, 0xc9, 0xfa,
    0xc9, 0xfa, 0xc9, 0xfa, 0xc9, 0xfa, 0xc9, 0xfa, 0xc9, 0xfa, 0xc8, 0xfa,
    0xc9, 0xfa, 0xc9, 0xfa, 0xc8, 0xfa, 0x6c, 0xcb, 0x00, 0x50, 0x00, 0x08,
    0x20, 0x00, 0x00, 0x08, 0x00, 0x08, 0x20, 0x00, 0xff, 0xff, 0xff, 0xff,
    0xff, 0xff, 0xff, 0xff, 0xff, 0xff, 0xff, 0xff, 0x20, 0x00, 0x00, 0x50,
    0x6c, 0xcb, 0xc9, 0xfa, 0xc9, 0xfa, 0xc9, 0xfa, 0xc9, 0xfa, 0xc9, 0xfa,
    0xc9, 0xfa, 0xc9, 0xfa, 0xc9, 0xfa, 0xc9, 0xfa, 0xc8, 0xfa, 0xc9, 0xfa,
    0xc9, 0xfa, 0xc9, 0xfa, 0xc9, 0xfa, 0xc9, 0xfa, 0xc8, 0xfa, 0xc9, 0xfa,
    0xc9, 0xfa, 0xc9, 0xfa, 0xc9, 0xfa, 0xc9, 0xfa, 0xc9, 0xfa, 0xc9, 0xfa,
    0xc9, 0xfa, 0xc9, 0xfa, 0xc9, 0xfa, 0xc6, 0x59, 0x00, 0x20, 0x00, 0x08,
    0x00, 0x08, 0x00, 0x08, 0x00, 0x08, 0x00, 0x08, 0x00, 0x08, 0x00, 0x08,
    0x00, 0x08, 0x00, 0x08, 0x00, 0x08, 0x00, 0x08, 0x00, 0x08, 0x00, 0x08,
    0x00, 0x08, 0x00, 0x08, 0x00, 0x08, 0x00, 0x08, 0x00, 0x08, 0x00, 0x08,
    0x00, 0x08, 0x00, 0x08, 0x00, 0x08, 0x20, 0x08, 0x00, 0x08, 0x00, 0x08,
    0x20, 0x08, 0x00, 0x08, 0x00, 0x00, 0x20, 0x08, 0x00, 0x08, 0x00, 0x08,
    0x20, 0x08, 0xff, 0xff, 0xff, 0xff, 0xff, 0xff, 0xff, 0xff, 0xff, 0xff,
    0xff, 0xff, 0xff, 0xff, 0xff, 0xff, 0xff, 0xff, 0xff, 0xff, 0xff, 0xff,
    0xff, 0xff, 0xff, 0xff, 0xff, 0xff, 0xff, 0xff, 0xff, 0xff, 0xff, 0xff,
    0xff, 0xff, 0xff, 0xff, 0xff, 0xff, 0xff, 0xff, 0xff, 0xff, 0xff, 0xff,
    0xff, 0xff, 0xff, 0xff, 0xff, 0xff, 0xff, 0xff, 0xff, 0xff, 0xff, 0xff,
    0xff, 0xff, 0xff, 0xff, 0xff, 0xff, 0xff, 0xff, 0x21, 0x08, 0x20, 0x30,
    0xaa, 0x92, 0xc9, 0xfa, 0xc9, 0xfa, 0xc9, 0xfa, 0xc9, 0xfa, 0xc8, 0xfa,
    0xc9, 0xfa, 0xc9, 0xfa, 0xc9, 0xfa, 0xc9, 0xfa, 0xc9, 0xfa, 0xc9, 0xfa,
    0xc9, 0xfa, 0xc9, 0xfa, 0xc9, 0xfa, 0xc9, 0xfa, 0xc8, 0xfa, 0xc9, 0xfa,
    0xc9, 0xfa, 0xc9, 0xfa, 0xc9, 0xfa, 0xc9, 0xfa, 0xc9, 0xfa, 0xc9, 0xfa,
    0xc9, 0xfa, 0xc8, 0xfa, 0xc9, 0xfa, 0xe9, 0xfa, 0xc9, 0xfa, 0xc9, 0xfa,
    0xe9, 0xfa, 0xc9, 0xfa, 0xc9, 0xfa, 0xc9, 0xfa, 0xc9, 0xfa, 0xe9, 0xfa,
    0xc9, 0xfa, 0xc9, 0xfa, 0xe9, 0xfa, 0xc9, 0xfa, 0xc9, 0xfa, 0xe9, 0xfa,
    0xc9, 0xfa, 0xe9, 0xfa, 0xc9, 0xfa, 0xe9, 0xfa, 0xc9, 0xfa, 0xe9, 0xfa,
    0xc9, 0xfa, 0xe9, 0xfa, 0xc9, 0xfa, 0xc9, 0xfa, 0xe9, 0xfa, 0xc9, 0xfa,
    0xc9, 0xfa, 0xc9, 0xfa, 0xc9, 0xfa, 0xc9, 0xfa, 0xc9, 0xfa, 0xc9, 0xfa,
    0xc9, 0xfa, 0xc9, 0xfa, 0xc9, 0xfa, 0xc9, 0xfa, 0xc9, 0xfa, 0xc9, 0xfa,
    0xc9, 0xfa, 0xc9, 0xfa, 0xc8, 0xfa, 0x41, 0x18, 0x00, 0x10, 0x00, 0x08,
    0x00, 0x08, 0x00, 0x08, 0x00, 0x08, 0x00, 0x08, 0x00, 0x08, 0x00, 0x08,
    0x00, 0x08, 0x00, 0x08, 0x00, 0x08, 0x00, 0x08, 0x00, 0x08, 0x00, 0x08,
    0x00, 0x08, 0x00, 0x00, 0x00, 0x08, 0x00, 0x08, 0x00, 0x00, 0xff, 0xff,
    0xff, 0xff, 0xff, 0xff, 0xff, 0xff, 0xff, 0xff, 0xff, 0xff, 0xff, 0xff,
    0xff, 0xff, 0xff, 0xff, 0xff, 0xff, 0xff, 0xff, 0xff, 0xff, 0xff, 0xff,
    0x00, 0x08, 0x20, 0x00, 0x47, 0xda, 0xc9, 0xfa, 0xc9, 0xfa, 0xc9, 0xfa,
    0xc9, 0xfa, 0xc9, 0xfa, 0xc9, 0xfa, 0xc9, 0xfa, 0xc9, 0xfa, 0xc8, 0xfa,
    0xc9, 0xfa, 0xc9, 0xfa, 0xc9, 0xfa, 0xc9, 0xfa, 0xc9, 0xfa, 0xc9, 0xfa,
    0xc8, 0xfa, 0xc9, 0xfa, 0xc9, 0xfa, 0xc9, 0xfa, 0xc9, 0xfa, 0xc9, 0xfa,
    0xc9, 0xfa, 0xc9, 0xfa, 0xc8, 0xfa, 0xc9, 0xfa, 0x0a, 0xeb, 0xc5, 0xb9,
    0x00, 0x08, 0x00, 0x00, 0x00, 0x08, 0x20, 0x08, 0x00, 0x08, 0x00, 0x00,
    0xff, 0xff, 0xff, 0xff, 0xff, 0xff, 0xff, 0xff, 0xff, 0xff, 0xff, 0xff,
    0xff, 0xff, 0xff, 0xff, 0xff, 0xff, 0xff, 0xff, 0xff, 0xff, 0xff, 0xff,
    0xff, 0xff, 0xff, 0xff, 0xff, 0xff, 0xff, 0xff, 0xff, 0xff, 0xff, 0xff,
    0xff, 0xff, 0x21, 0x00, 0x00, 0x38, 0xca, 0xa2, 0xc9, 0xfa, 0xc9, 0xfa,
    0xc8, 0xfa, 0xc9, 0xfa, 0xc9, 0xfa, 0xc8, 0xfa, 0xc9, 0xfa, 0xc9, 0xfa,
    0xc8, 0xfa, 0xc9, 0xfa, 0xc9, 0xfa, 0xc9, 0xfa, 0xc9, 0xfa, 0xc9, 0xfa,
    0xc9, 0xfa, 0xc9, 0xfa, 0xc9, 0xfa, 0xc9, 0xfa, 0xc9, 0xfa, 0xc9, 0xfa,
    0xc9, 0xfa, 0xc8, 0xfa, 0xc9, 0xfa, 0xc9, 0xfa, 0xc9, 0xfa, 0xc9, 0xfa,
    0xa9, 0x92, 0x20, 0x30, 0x00, 0x08, 0x00, 0x08, 0x20, 0x00, 0x00, 0x08,
    0x21, 0x00, 0xff, 0xff, 0xff, 0xff, 0xff, 0xff, 0xff, 0xff, 0xff, 0xff,
    0x20, 0x08, 0x00, 0x08, 0x03, 0x99, 0x2a, 0xe3, 0xc9, 0xfa, 0xc9, 0xfa,
    0xc9, 0xfa, 0xc9, 0xfa, 0xc9, 0xfa, 0xc9, 0xfa, 0xc9, 0xfa, 0xc9, 0xfa,
    0xc9, 0xfa, 0xc9, 0xfa, 0xc9, 0xfa, 0xc9, 0xfa, 0xc9, 0xfa, 0xc9, 0xfa,
    0xc8, 0xfa, 0xc9, 0xfa, 0xc9, 0xfa, 0xc9, 0xfa, 0xc9, 0xfa, 0xc9, 0xfa,
    0xc9, 0xfa, 0xc9, 0xfa, 0xc9, 0xfa, 0xc9, 0xfa, 0xc8, 0xfa, 0xc9, 0xfa,
    0x20, 0x08, 0x00, 0x08, 0x00, 0x08, 0x00, 0x08, 0x20, 0x08, 0x00, 0x00,
    0xff, 0xff, 0xff, 0xff, 0xff, 0xff, 0xff, 0xff, 0xff, 0xff, 0xff, 0xff,
    0xff, 0xff, 0xff, 0xff, 0xff, 0xff, 0xff, 0xff, 0xff, 0xff, 0xff, 0xff,
    0xff, 0xff, 0xff, 0xff, 0xff, 0xff, 0xff, 0xff, 0xff, 0xff, 0xff, 0xff,
    0xff, 0xff, 0x20, 0x00, 0x00, 0x20, 0xc6, 0x59, 0xc9, 0xfa, 0xc9, 0xfa,
    0xc9, 0xfa, 0xc9, 0xfa, 0xc9, 0xfa, 0xc9, 0xfa, 0xc9, 0xfa, 0xc8, 0xfa,
    0xc9, 0xfa, 0xc9, 0xfa, 0xc8, 0xfa, 0xc9, 0xfa, 0xc9, 0xfa, 0xc8, 0xfa,
    0xc9, 0xfa, 0xc9, 0xfa, 0xc8, 0xfa, 0xc9, 0xfa, 0xc9, 0xfa, 0xc9, 0xfa,
    0xc9, 0xfa, 0xc9, 0xfa, 0xc9, 0xfa, 0xc9, 0xfa, 0xc9, 0xfa, 0xc9, 0xfa,
    0x6c, 0xc3, 0x00, 0x50, 0x00, 0x08, 0x00, 0x08, 0x20, 0x08, 0x00, 0x08,
    0x20, 0x00, 0xff, 0xff, 0xff, 0xff, 0xff, 0xff, 0xff, 0xff, 0xff, 0xff,
    0xff, 0xff, 0x21, 0x00, 0x00, 0x50, 0x6c, 0xcb, 0xc9, 0xfa, 0xc9, 0xfa,
    0xc9, 0xfa, 0xc8, 0xfa, 0xc9, 0xfa, 0xc9, 0xfa, 0xc9, 0xfa, 0xc9, 0xfa,
    0xc9, 0xfa, 0xc9, 0xfa, 0xc9, 0xfa, 0xc9, 0xfa, 0xc9, 0xfa, 0xc9, 0xfa,
    0xc9, 0xfa, 0xc9, 0xfa, 0xc9, 0xfa, 0xc9, 0xfa, 0xc9, 0xfa, 0xc9, 0xfa,
    0xc9, 0xfa, 0xc8, 0xfa, 0xc9, 0xfa, 0xc9, 0xfa, 0xc8, 0xfa, 0xc9, 0xfa,
    0xc6, 0x59, 0x00, 0x20, 0x00, 0x08, 0x20, 0x08, 0x00, 0x08, 0x20, 0x08,
    0x00, 0x08, 0x00, 0x08, 0x20, 0x08, 0x00, 0x08, 0x00, 0x00, 0x20, 0x08,
    0x00, 0x00, 0x00, 0x08, 0x20, 0x08, 0x00, 0x00, 0x00, 0x08, 0x20, 0x08,
    0x00, 0x08, 0x00, 0x08, 0x20, 0x08, 0x00, 0x08, 0x00, 0x08, 0x20, 0x08,
    0x00, 0x08, 0x00, 0x08, 0x00, 0x08, 0x20, 0x00, 0x00, 0x08, 0x00, 0x08,
    0x00, 0x00, 0x00, 0x08, 0x00, 0x08, 0x20, 0x00, 0xff, 0xff, 0xff, 0xff,
    0xff, 0xff, 0xff, 0xff, 0xff, 0xff, 0xff, 0xff, 0xff, 0xff, 0xff, 0xff,
    0xff, 0xff, 0xff, 0xff, 0xff, 0xff, 0xff, 0xff, 0xff, 0xff, 0xff, 0xff,
    0xff, 0xff, 0xff, 0xff, 0xff, 0xff, 0xff, 0xff, 0xff, 0xff, 0xff, 0xff,
    0xff, 0xff, 0xff, 0xff, 0xff, 0xff, 0xff, 0xff, 0xff, 0xff, 0xff, 0xff,
    0xff, 0xff, 0xff, 0xff, 0xff, 0xff, 0xff, 0xff, 0xff, 0xff, 0xff, 0xff,
    0xff, 0xff, 0x20, 0x08, 0x20, 0x30, 0xaa, 0x92, 0xc9, 0xfa, 0xc9, 0xfa,
    0xc9, 0xfa, 0xc9, 0xfa, 0xc9, 0xfa, 0xc9, 0xfa, 0xc9, 0xfa, 0xc9, 0xfa,
    0xc9, 0xfa, 0xc9, 0xfa, 0xc9, 0xfa, 0xc9, 0xfa, 0xc9, 0xfa, 0xc9, 0xfa,
    0xc9, 0xfa, 0xc9, 0xfa, 0xc9, 0xfa, 0xc9, 0xfa, 0xc8, 0xfa, 0xc9, 0xfa,
    0xc9, 0xfa, 0xc9, 0xfa, 0xc9, 0xfa, 0xc9, 0xfa, 0xc9, 0xfa, 0xc9, 0xfa,
    0xc9, 0xfa, 0xc9, 0xfa, 0xc9, 0xfa, 0xe9, 0xfa, 0xc9, 0xfa, 0xc9, 0xfa,
    0xe9, 0xfa, 0xc9, 0xfa, 0xc9, 0xfa, 0xc9, 0xfa, 0xc9, 0xfa, 0xe9, 0xfa,
    0xc9, 0xfa, 0xc9, 0xfa, 0xc9, 0xfa, 0xc9, 0xfa, 0xc9, 0xfa, 0xc9, 0xfa,
    0xc9, 0xfa, 0xc9, 0xfa, 0xc9, 0xfa, 0xc9, 0xfa, 0xc9, 0xfa, 0xe9, 0xfa,
    0xc9, 0xfa, 0xc9, 0xfa, 0xc9, 0xfa, 0xc9, 0xfa, 0xc9, 0xfa, 0xc9, 0xfa,
    0xc9, 0xfa, 0xc9, 0xfa, 0xc9, 0xfa, 0xc9, 0xfa, 0xc9, 0xfa, 0xc9, 0xfa,
    0xc9, 0xfa, 0xc9, 0xfa, 0xc9, 0xfa, 0xc9, 0xfa, 0xc9, 0xfa, 0xc9, 0xfa,
    0x61, 0x18, 0x00, 0x10, 0x00, 0x08, 0x00, 0x08, 0x00, 0x10, 0x00, 0x08,
    0x00, 0x08, 0x00, 0x10, 0x00, 0x08, 0x00, 0x08, 0x00, 0x08, 0x00, 0x08,
    0x00, 0x08, 0x00, 0x08, 0x00, 0x08, 0x20, 0x08, 0x00, 0x08, 0x00, 0x08,
    0x20, 0x00, 0x00, 0x08, 0xff, 0xff, 0xff, 0xff, 0xff, 0xff, 0xff, 0xff,
    0xff, 0xff, 0xff, 0xff, 0xff, 0xff, 0xff, 0xff, 0xff, 0xff, 0xff, 0xff,
    0xff, 0xff, 0xff, 0xff, 0xff, 0xff, 0x00, 0x08, 0x00, 0x08, 0x47, 0xda,
    0xe9, 0xfa, 0xc9, 0xfa, 0xc9, 0xfa, 0xc9, 0xfa, 0xc9, 0xfa, 0xc9, 0xfa,
    0xc9, 0xfa, 0xc9, 0xfa, 0xc9, 0xfa, 0xc9, 0xfa, 0xc8, 0xfa, 0xc9, 0xfa,
    0xc9, 0xfa, 0xc8, 0xfa, 0xc9, 0xfa, 0xc9, 0xfa, 0xc9, 0xfa, 0xc9, 0xfa,
    0xc8, 0xfa, 0xc9, 0xfa, 0xc9, 0xfa, 0xc8, 0xfa, 0xc9, 0xfa, 0xc9, 0xfa,
    0xc9, 0xfa, 0x0a, 0xeb, 0xa4, 0xb9, 0x00, 0x08, 0x20, 0x08, 0x00, 0x00,
    0x00, 0x08, 0x20, 0x08, 0x00, 0x08, 0xff, 0xff, 0xff, 0xff, 0xff, 0xff,
    0xff, 0xff, 0xff, 0xff, 0xff, 0xff, 0xff, 0xff, 0xff, 0xff, 0xff, 0xff,
    0xff, 0xff, 0xff, 0xff, 0xff, 0xff, 0xff, 0xff, 0xff, 0xff, 0xff, 0xff,
    0xff, 0xff, 0xff, 0xff, 0xff, 0xff, 0xff, 0xff, 0x20, 0x00, 0x00, 0x38,
    0xca, 0xa2, 0xc9, 0xfa, 0xc9, 0xfa, 0xc9, 0xfa, 0xc9, 0xfa, 0xc9, 0xfa,
    0xc9, 0xfa, 0xc9, 0xfa, 0xc9, 0xfa, 0xc9, 0xfa, 0xc9, 0xfa, 0xc9, 0xfa,
    0xc8, 0xfa, 0xc9, 0xfa, 0xc9, 0xfa, 0xc8, 0xfa, 0xc9, 0xfa, 0xc9, 0xfa,
    0xc9, 0xfa, 0xc9, 0xfa, 0xc9, 0xfa, 0xc9, 0xfa, 0xc9, 0xfa, 0xc9, 0xfa,
    0xc8, 0xfa, 0xc9, 0xfa, 0xc9, 0xfa, 0xaa, 0x92, 0x20, 0x30, 0x00, 0x08,
    0x00, 0x08, 0x00, 0x08, 0x20, 0x08, 0x20, 0x00, 0xff, 0xff, 0xff, 0xff,
    0xff, 0xff, 0xff, 0xff, 0xff, 0xff, 0x00, 0x00, 0x00, 0x08, 0x02, 0x99,
    0x2b, 0xdb, 0xc9, 0xfa, 0xc9, 0xfa, 0xc9, 0xfa, 0xc9, 0xfa, 0xc9, 0xfa,
    0xc9, 0xfa, 0xc8, 0xfa, 0xc9, 0xfa, 0xc9, 0xfa, 0xc9, 0xfa, 0xc8, 0xfa,
    0xc9, 0xfa, 0xc9, 0xfa, 0xc9, 0xfa, 0xc9, 0xfa, 0xc9, 0xfa, 0xc9, 0xfa,
    0xc9, 0xfa, 0xc9, 0xfa, 0xc9, 0xfa, 0xc9, 0xfa, 0xc9, 0xfa, 0xc9, 0xfa,
    0xc9, 0xfa, 0xc9, 0xfa, 0xc9, 0xfa, 0x20, 0x08, 0x00, 0x08, 0x00, 0x08,
    0x00, 0x00, 0x00, 0x08, 0x20, 0x08, 0xff, 0xff, 0xff, 0xff, 0xff, 0xff,
    0xff, 0xff, 0xff, 0xff, 0xff, 0xff, 0xff, 0xff, 0xff, 0xff, 0xff, 0xff,
    0xff, 0xff, 0xff, 0xff, 0xff, 0xff, 0xff, 0xff, 0xff, 0xff, 0xff, 0xff,
    0xff, 0xff, 0xff, 0xff, 0xff, 0xff, 0xff, 0xff, 0x21, 0x00, 0x00, 0x20,
    0xc6, 0x59, 0xc9, 0xfa, 0xc9, 0xfa, 0xc9, 0xfa, 0xc8, 0xfa, 0xc9, 0xfa,
    0xc9, 0xfa, 0xc9, 0xfa, 0xc9, 0xfa, 0xc9, 0xfa, 0xc9, 0xfa, 0xc9, 0xfa,
    0xc9, 0xfa, 0xc9, 0xfa, 0xc9, 0xfa, 0xc9, 0xfa, 0xc9, 0xfa, 0xc9, 0xfa,
    0xc9, 0xfa, 0xc9, 0xfa, 0xc8, 0xfa, 0xc9, 0xfa, 0xc9, 0xfa, 0xc9, 0xfa,
    0xc9, 0xfa, 0xc9, 0xfa, 0xc9, 0xfa, 0x6c, 0xc3, 0x00, 0x50, 0x00, 0x08,
    0x00, 0x00, 0x00, 0x08, 0x20, 0x08, 0x21, 0x00, 0xff, 0xff, 0xff, 0xff,
    0xff, 0xff, 0xff, 0xff, 0xff, 0xff, 0xff, 0xff, 0x20, 0x08, 0x00, 0x50,
    0x8c, 0xc3, 0xc9, 0xfa, 0xc9, 0xfa, 0xc9, 0xfa, 0xc9, 0xfa, 0xc9, 0xfa,
    0xc9, 0xfa, 0xc8, 0xfa, 0xc9, 0xfa, 0xc9, 0xfa, 0xc9, 0xfa, 0xc8, 0xfa,
    0xc9, 0xfa, 0xc9, 0xfa, 0xc8, 0xfa, 0xc9, 0xfa, 0xc9, 0xfa, 0xc9, 0xfa,
    0xc8, 0xfa, 0xc9, 0xfa, 0xc9, 0xfa, 0xc9, 0xfa, 0xc9, 0xfa, 0xc9, 0xfa,
    0xc9, 0xfa, 0xc9, 0xfa, 0xc9, 0xfa, 0xc6, 0x59, 0x00, 0x20, 0x20, 0x00,
    0x00, 0x08, 0x00, 0x00, 0x20, 0x00, 0x00, 0x08, 0x00, 0x00, 0x20, 0x08,
    0x00, 0x08, 0x00, 0x08, 0x20, 0x08, 0x00, 0x00, 0x00, 0x08, 0x20, 0x08,
    0x00, 0x00, 0x00, 0x08, 0x20, 0x00, 0x00, 0x00, 0x00, 0x08, 0x20, 0x00,
    0x00, 0x00, 0x00, 0x08, 0x00, 0x00, 0x00, 0x00, 0x00, 0x08, 0x20, 0x08,
    0x00, 0x00, 0x00, 0x08, 0x20, 0x08, 0x00, 0x08, 0x00, 0x00, 0x20, 0x08,
    0x00, 0x08, 0xff, 0xff, 0xff, 0xff, 0xff, 0xff, 0xff, 0xff, 0xff, 0xff,
    0xff, 0xff, 0xff, 0xff, 0xff, 0xff, 0xff, 0xff, 0xff, 0xff, 0xff, 0xff,
    0xff, 0xff, 0xff, 0xff, 0xff, 0xff, 0xff, 0xff, 0xff, 0xff, 0xff, 0xff,
    0xff, 0xff, 0xff, 0xff, 0xff, 0xff, 0xff, 0xff, 0xff, 0xff, 0xff, 0xff,
    0xff, 0xff, 0xff, 0xff, 0xff, 0xff, 0xff, 0xff, 0xff, 0xff, 0xff, 0xff,
    0xff, 0xff, 0xff, 0xff, 0xff, 0xff, 0xff, 0xff, 0x20, 0x00, 0x20, 0x30,
    0xa9, 0x9a, 0xc9, 0xfa, 0xc9, 0xfa, 0xc8, 0xfa, 0xc9, 0xfa, 0xc9, 0xfa,
    0xc9, 0xfa, 0xc8, 0xfa, 0xc9, 0xfa, 0xc9, 0xfa, 0xc8, 0xfa, 0xc9, 0xfa,
    0xc9, 0xfa, 0xc8, 0xfa, 0xc9, 0xfa, 0xc9, 0xfa, 0xc9, 0xfa, 0xc9, 0xfa,
    0xc9, 0xfa, 0xc9, 0xfa, 0xc9, 0xfa, 0xc8, 0xfa, 0xc9, 0xfa, 0xc9, 0xfa,
    0xc8, 0xfa, 0xc9, 0xfa, 0xc9, 0xfa, 0xc9, 0xfa, 0xc8, 0xfa, 0xc9, 0xfa,
    0xc9, 0xfa, 0xc8, 0xfa, 0xc9, 0xfa, 0xc9, 0xfa, 0xc9, 0xfa, 0xc9, 0xfa,
    0xc9, 0xfa, 0xc9, 0xfa, 0xc9, 0xfa, 0xc9, 0xfa, 0xc9, 0xfa, 0xc9, 0xfa,
    0xc9, 0xfa, 0xc9, 0xfa, 0xc9, 0xfa, 0xc9, 0xfa, 0xc9, 0xfa, 0xc9, 0xfa,
    0xc9, 0xfa, 0xc9, 0xfa, 0xc9, 0xfa, 0xc9, 0xfa, 0xc9, 0xfa, 0xc9, 0xfa,
    0xc9, 0xfa, 0xc9, 0xfa, 0xc9, 0xfa, 0xc9, 0xfa, 0xc9, 0xfa, 0xc8, 0xfa,
    0xc9, 0xfa, 0xc9, 0xfa, 0xc8, 0xfa, 0xc9, 0xfa, 0xc9, 0xfa, 0xc8, 0xfa,
    0xc9, 0xfa, 0xc9, 0xfa, 0xc9, 0xfa, 0x41, 0x18, 0x00, 0x10, 0x00, 0x08,
    0x00, 0x08, 0x00, 0x08, 0x00, 0x08, 0x00, 0x08, 0x00, 0x08, 0x00, 0x08,
    0x00, 0x08, 0x00, 0x08, 0x00, 0x08, 0x00, 0x08, 0x00, 0x08, 0x00, 0x08,
    0x20, 0x00, 0x00, 0x08, 0x00, 0x08, 0x20, 0x08, 0x00, 0x08, 0xff, 0xff,
    0xff, 0xff, 0xff, 0xff, 0xff, 0xff, 0xff, 0xff, 0xff, 0xff, 0xff, 0xff,
    0xff, 0xff, 0xff, 0xff, 0xff, 0xff, 0xff, 0xff, 0xff, 0xff, 0xff, 0xff,
    0x00, 0x08, 0x00, 0x08, 0x47, 0xda, 0xc9, 0xf2, 0xc9, 0xfa, 0xc9, 0xfa,
    0xc8, 0xfa, 0xc9, 0xfa, 0xc9, 0xfa, 0xc8, 0xfa, 0xc9, 0xfa, 0xc9, 0xfa,
    0xc9, 0xfa, 0xc9, 0xfa, 0xc9, 0xfa, 0xc9, 0xfa, 0xc9, 0xfa, 0xc9, 0xfa,
    0xc9, 0xfa, 0xc9, 0xfa, 0xc9, 0xfa, 0xc9, 0xfa, 0xc9, 0xfa, 0xc9, 0xfa,
    0xc9, 0xfa, 0xc9, 0xfa, 0xc9, 0xfa, 0xc9, 0xfa, 0x0a, 0xeb, 0xa5, 0xb9,
    0x00, 0x08, 0x00, 0x08, 0x00, 0x08, 0x00, 0x00, 0x00, 0x08, 0x20, 0x08,
    0xff, 0xff, 0xff, 0xff, 0xff, 0xff, 0xff, 0xff, 0xff, 0xff, 0xff, 0xff,
    0xff, 0xff, 0xff, 0xff, 0xff, 0xff, 0xff, 0xff, 0xff, 0xff, 0xff, 0xff,
    0xff, 0xff, 0xff, 0xff, 0xff, 0xff, 0xff, 0xff, 0xff, 0xff, 0xff, 0xff,
    0xff, 0xff, 0x20, 0x00, 0x00, 0x38, 0xca, 0xa2, 0xc9, 0xfa, 0xc9, 0xfa,
    0xc9, 0xfa, 0xc9, 0xfa, 0xc9, 0xfa, 0xc9, 0xfa, 0xc9, 0xfa, 0xc9, 0xfa,
    0xc9, 0xfa, 0xc9, 0xfa, 0xc9, 0xfa, 0xc9, 0xfa, 0xc9, 0xfa, 0xc9, 0xfa,
    0xc9, 0xfa, 0xc9, 0xfa, 0xc9, 0xfa, 0xc8, 0xfa, 0xc9, 0xfa, 0xc9, 0xfa,
    0xc8, 0xfa, 0xc9, 0xfa, 0xc9, 0xfa, 0xc9, 0xfa, 0xc9, 0xfa, 0xc9, 0xfa,
    0xa9, 0x92, 0x20, 0x30, 0x20, 0x08, 0x00, 0x08, 0x00, 0x08, 0x00, 0x08,
    0x21, 0x00, 0xff, 0xff, 0xff, 0xff, 0xff, 0xff, 0xff, 0xff, 0xff, 0xff,
    0x00, 0x08, 0x00, 0x08, 0x02, 0x99, 0x2b, 0xdb, 0xc9, 0xfa, 0xc9, 0xfa,
    0xc9, 0xfa, 0xc8, 0xfa, 0xc9, 0xfa, 0xc9, 0xfa, 0xc9, 0xfa, 0xc9, 0xfa,
    0xc9, 0xfa, 0xc9, 0xfa, 0xc9, 0xfa, 0xc9, 0xfa, 0xc9, 0xfa, 0xc9, 0xfa,
    0xc9, 0xfa, 0xc9, 0xfa, 0xc8, 0xfa, 0xc9, 0xfa, 0xc9, 0xfa, 0xc8, 0xfa,
    0xc9, 0xfa, 0xc9, 0xfa, 0xc8, 0xfa, 0xc9, 0xfa, 0xc9, 0xfa, 0xc9, 0xfa,
    0x20, 0x08, 0x00, 0x08, 0x00, 0x08, 0x00, 0x08, 0x00, 0x00, 0x00, 0x08,
    0xff, 0xff, 0xff, 0xff, 0xff, 0xff, 0xff, 0xff, 0xff, 0xff, 0xff, 0xff,
    0xff, 0xff, 0xff, 0xff, 0xff, 0xff, 0xff, 0xff, 0xff, 0xff, 0xff, 0xff,
    0xff, 0xff, 0xff, 0xff, 0xff, 0xff, 0xff, 0xff, 0xff, 0xff, 0xff, 0xff,
    0xff, 0xff, 0x20, 0x08, 0x00, 0x20, 0xe6, 0x59, 0xc9, 0xfa, 0xc9, 0xfa,
    0xc9, 0xfa, 0xc9, 0xfa, 0xc9, 0xfa, 0xc9, 0xfa, 0xc8, 0xfa, 0xc9, 0xfa,
    0xc9, 0xfa, 0xc9, 0xfa, 0xc9, 0xfa, 0xc9, 0xfa, 0xc9, 0xfa, 0xc9, 0xfa,
    0xc9, 0xfa, 0xc9, 0xfa, 0xc9, 0xfa, 0xc9, 0xfa, 0xc9, 0xfa, 0xc9, 0xfa,
    0xc9, 0xfa, 0xc9, 0xfa, 0xc8, 0xfa, 0xc9, 0xfa, 0xc9, 0xfa, 0xc9, 0xfa,
    0x6c, 0xcb, 0x00, 0x50, 0x20, 0x08, 0x00, 0x08, 0x00, 0x00, 0x00, 0x08,
    0x20, 0x00, 0xff, 0xff, 0xff, 0xff, 0xff, 0xff, 0xff, 0xff, 0xff, 0xff,
    0xff, 0xff, 0x20, 0x00, 0x00, 0x50, 0x6c, 0xcb, 0xc9, 0xfa, 0xc9, 0xfa,
    0xc9, 0xfa, 0xc9, 0xfa, 0xc9, 0xfa, 0xc9, 0xfa, 0xc9, 0xfa, 0xc9, 0xfa,
    0xc9, 0xfa, 0xc9, 0xfa, 0xc9, 0xfa, 0xc9, 0xfa, 0xc9, 0xfa, 0xc9, 0xfa,
    0xc9, 0xfa, 0xc9, 0xfa, 0xc9, 0xfa, 0xc9, 0xfa, 0xc9, 0xfa, 0xc8, 0xfa,
    0xc9, 0xfa, 0xc9, 0xfa, 0xc9, 0xfa, 0xc9, 0xfa, 0xc9, 0xfa, 0xc9, 0xfa,
    0xc6, 0x59, 0x00, 0x20, 0x00, 0x08, 0x00, 0x08, 0x00, 0x08, 0x00, 0x08,
    0x00, 0x08, 0x00, 0x00, 0x00, 0x08, 0x00, 0x08, 0x00, 0x00, 0x00, 0x08,
    0x00, 0x08, 0x00, 0x08, 0x00, 0x08, 0x00, 0x08, 0x00, 0x08, 0x00, 0x08,
    0x00, 0x08, 0x00, 0x08, 0x00, 0x08, 0x20, 0x08, 0x00, 0x08, 0x00, 0x08,
    0x20, 0x08, 0x00, 0x08, 0x00, 0x08, 0x00, 0x08, 0x00, 0x00, 0x20, 0x08,
    0x00, 0x08, 0x00, 0x08, 0x00, 0x00, 0x00, 0x08, 0xff, 0xff, 0xff, 0xff,
    0xff, 0xff, 0xff, 0xff, 0xff, 0xff, 0xff, 0xff, 0xff, 0xff, 0xff, 0xff,
    0xff, 0xff, 0xff, 0xff, 0xff, 0xff, 0xff, 0xff, 0xff, 0xff, 0xff, 0xff,
    0xff, 0xff, 0xff, 0xff, 0xff, 0xff, 0xff, 0xff, 0xff, 0xff, 0xff, 0xff,
    0xff, 0xff, 0xff, 0xff, 0xff, 0xff, 0xff, 0xff, 0xff, 0xff, 0xff, 0xff,
    0xff, 0xff, 0xff, 0xff, 0xff, 0xff, 0xff, 0xff, 0xff, 0xff, 0xff, 0xff,
    0xff, 0xff, 0x21, 0x00, 0x20, 0x30, 0xaa, 0x92, 0xc9, 0xfa, 0xc9, 0xfa,
    0xc9, 0xfa, 0xc9, 0xfa, 0xc9, 0xfa, 0xc9, 0xfa, 0xc9, 0xfa, 0xc9, 0xfa,
    0xc9, 0xfa, 0xc9, 0xfa, 0xc9, 0xfa, 0xc9, 0xfa, 0xc9, 0xfa, 0xc9, 0xfa,
    0xc9, 0xfa, 0xc8, 0xfa, 0xc9, 0xfa, 0xc9, 0xfa, 0xc9, 0xfa, 0xc9, 0xfa,
    0xc9, 0xfa, 0xc9, 0xfa, 0xc9, 0xfa, 0xc9, 0xfa, 0xc9, 0xfa, 0xc9, 0xfa,
    0xc9, 0xfa, 0xc9, 0xfa, 0xc9, 0xfa, 0xc9, 0xfa, 0xc9, 0xfa, 0xc9, 0xfa,
    0xc9, 0xfa, 0xc9, 0xfa, 0xc9, 0xfa, 0xc9, 0xfa, 0xc8, 0xfa, 0xc9, 0xfa,
    0xc9, 0xfa, 0xc8, 0xfa, 0xc9, 0xfa, 0xc9, 0xfa, 0xc8, 0xfa, 0xc9, 0xfa,
    0xc9, 0xfa, 0xc8, 0xfa, 0xc9, 0xfa, 0xc9, 0xfa, 0xc8, 0xfa, 0xc9, 0xfa,
    0xc9, 0xfa, 0xc9, 0xfa, 0xc8, 0xfa, 0xc9, 0xfa, 0xc9, 0xfa, 0xc9, 0xfa,
    0xc9, 0xfa, 0xc9, 0xfa, 0xc9, 0xfa, 0xc9, 0xfa, 0xc9, 0xfa, 0xc9, 0xfa,
    0xc9, 0xfa, 0xc9, 0xfa, 0xc9, 0xfa, 0xc9, 0xfa, 0xc8, 0xfa, 0xc9, 0xfa,
    0x61, 0x18, 0x00, 0x10, 0x00, 0x08, 0x00, 0x08, 0x00, 0x08, 0x00, 0x08,
    0x00, 0x08, 0x00, 0x08, 0x00, 0x08, 0x20, 0x08, 0x00, 0x08, 0x00, 0x08,
    0x20, 0x08, 0x00, 0x08, 0x00, 0x08, 0x00, 0x08, 0x00, 0x00, 0x00, 0x08,
    0x00, 0x08, 0x00, 0x00, 0xff, 0xff, 0xff, 0xff, 0xff, 0xff, 0xff, 0xff,
    0xff, 0xff, 0xff, 0xff, 0xff, 0xff, 0xff, 0xff, 0xff, 0xff, 0xff, 0xff,
    0xff, 0xff, 0xff, 0xff, 0xff, 0xff, 0x00, 0x00, 0x20, 0x08, 0x47, 0xda,
    0xc9, 0xfa, 0xc9, 0xfa, 0xc9, 0xfa, 0xc9, 0xfa, 0xc9, 0xfa, 0xc9, 0xfa,
    0xc9, 0xfa, 0xc9, 0xfa, 0xc9, 0xfa, 0xc9, 0xfa, 0xc9, 0xfa, 0xc9, 0xfa,
    0xc9, 0xfa, 0xc9, 0xfa, 0xc9, 0xfa, 0xc8, 0xfa, 0xc9, 0xfa, 0xc9, 0xfa,
    0xc9, 0xfa, 0xc9, 0xfa, 0xc9, 0xfa, 0xc9, 0xfa, 0xc9, 0xfa, 0xc8, 0xfa,
    0xc9, 0xfa, 0x0a, 0xeb, 0xc5, 0xb9, 0x00, 0x08, 0x00, 0x00, 0x20, 0x08,
    0x00, 0x08, 0x00, 0x00, 0x00, 0x08, 0xff, 0xff, 0xff, 0xff, 0xff, 0xff,
    0xff, 0xff, 0xff, 0xff, 0xff, 0xff, 0xff, 0xff, 0xff, 0xff, 0xff, 0xff,
    0xff, 0xff, 0xff, 0xff, 0xff, 0xff, 0xff, 0xff, 0xff, 0xff, 0xff, 0xff,
    0xff, 0xff, 0xff, 0xff, 0xff, 0xff, 0xff, 0xff, 0x21, 0x00, 0x00, 0x38,
    0xca, 0xa2, 0xc9, 0xfa, 0xc9, 0xfa, 0xc8, 0xfa, 0xc9, 0xfa, 0xc9, 0xfa,
    0xc8, 0xfa, 0xc9, 0xfa, 0xc9, 0xfa, 0xc8, 0xfa, 0xc9, 0xfa, 0xc9, 0xfa,
    0xc9, 0xfa, 0xc9, 0xfa, 0xc9, 0xfa, 0xc9, 0xfa, 0xc9, 0xfa, 0xc9, 0xfa,
    0xc9, 0xfa, 0xc9, 0xfa, 0xc9, 0xfa, 0xc9, 0xfa, 0xc9, 0xfa, 0xc9, 0xfa,
    0xc9, 0xfa, 0xc9, 0xfa, 0xc9, 0xfa, 0xa9, 0x92, 0x20, 0x30, 0x00, 0x08,
    0x00, 0x08, 0x20, 0x00, 0x00, 0x08, 0x20, 0x00, 0xff, 0xff, 0xff, 0xff,
    0xff, 0xff, 0xff, 0xff, 0xff, 0xff, 0x20, 0x08, 0x00, 0x08, 0x02, 0x99,
    0x2a, 0xe3, 0xc9, 0xfa, 0xc9, 0xfa, 0xc9, 0xfa, 0xc9, 0xfa, 0xc9, 0xfa,
    0xc9, 0xfa, 0xc9, 0xfa, 0xc9, 0xfa, 0xc8, 0xfa, 0xc9, 0xfa, 0xc9, 0xfa,
    0xc9, 0xfa, 0xc8, 0xfa, 0xc9, 0xfa, 0xc9, 0xfa, 0xc9, 0xfa, 0xc9, 0xfa,
    0xc9, 0xfa, 0xc9, 0xfa, 0xc9, 0xfa, 0xc9, 0xfa, 0xc9, 0xfa, 0xc9, 0xfa,
    0xc9, 0xfa, 0xc9, 0xfa, 0xc9, 0xfa, 0x20, 0x08, 0x00, 0x08, 0x00, 0x08,
    0x20, 0x08, 0x00, 0x08, 0x00, 0x08, 0xff, 0xff, 0xff, 0xff, 0xff, 0xff,
    0xff, 0xff, 0xff, 0xff, 0xff, 0xff, 0xff, 0xff, 0xff, 0xff, 0xff, 0xff,
    0xff, 0xff, 0xff, 0xff, 0xff, 0xff, 0xff, 0xff, 0xff, 0xff, 0xff, 0xff,
    0xff, 0xff, 0xff, 0xff, 0xff, 0xff, 0xff, 0xff, 0x21, 0x00, 0x00, 0x20,
    0xc6, 0x59, 0xc9, 0xfa, 0xc9, 0xfa, 0xc9, 0xfa, 0xc9, 0xfa, 0xc9, 0xfa,
    0xc9, 0xfa, 0xc9, 0xfa, 0xc9, 0xfa, 0xc9, 0xfa, 0xc8, 0xfa, 0xc9, 0xfa,
    0xc9, 0xfa, 0xc8, 0xfa, 0xc9, 0xfa, 0xc9, 0xfa, 0xc8, 0xfa, 0xc9, 0xfa,
    0xc9, 0xfa, 0xc8, 0xfa, 0xc9, 0xfa, 0xc9, 0xfa, 0xc9, 0xfa, 0xc9, 0xfa,
    0xc9, 0xfa, 0xc9, 0xfa, 0xc9, 0xfa, 0x6c, 0xc3, 0x00, 0x50, 0x20, 0x08,
    0x00, 0x08, 0x00, 0x08, 0x20, 0x08, 0x20, 0x00, 0xff, 0xff, 0xff, 0xff,
    0xff, 0xff, 0xff, 0xff, 0xff, 0xff, 0xff, 0xff, 0x21, 0x00, 0x00, 0x50,
    0x6c, 0xcb, 0xc9, 0xfa, 0xc9, 0xfa, 0xc9, 0xfa, 0xc8, 0xfa, 0xc9, 0xfa,
    0xc9, 0xfa, 0xc9, 0xfa, 0xc8, 0xfa, 0xc9, 0xfa, 0xc9, 0xfa, 0xc9, 0xfa,
    0xc9, 0xfa, 0xc9, 0xfa, 0xc9, 0xfa, 0xc8, 0xfa, 0xc9, 0xfa, 0xc9, 0xfa,
    0xc9, 0xfa, 0xc9, 0xfa, 0xc9, 0xfa, 0xc9, 0xfa, 0xc9, 0xfa, 0xc8, 0xfa,
    0xc9, 0xfa, 0xc9, 0xfa, 0xc9, 0xfa, 0xe6, 0x59, 0x00, 0x20, 0x00, 0x08,
    0x20, 0x00, 0x00, 0x08, 0x00, 0x08, 0x20, 0x00, 0x20, 0x08, 0x20, 0x00,
    0x21, 0x00, 0x20, 0x00, 0x21, 0x00, 0x20, 0x00, 0x21, 0x00, 0x21, 0x00,
    0x20, 0x00, 0x21, 0x00, 0x21, 0x00, 0x20, 0x00, 0x21, 0x00, 0x21, 0x00,
    0x20, 0x00, 0x21, 0x00, 0x20, 0x00, 0x20, 0x00, 0x21, 0x00, 0x20, 0x00,
    0x20, 0x00, 0x20, 0x00, 0x20, 0x00, 0x20, 0x00, 0x20, 0x00, 0x20, 0x00,
    0xff, 0xff, 0xff, 0xff, 0xff, 0xff, 0xff, 0xff, 0xff, 0xff, 0xff, 0xff,
    0xff, 0xff, 0xff, 0xff, 0xff, 0xff, 0xff, 0xff, 0xff, 0xff, 0xff, 0xff,
    0xff, 0xff, 0xff, 0xff, 0xff, 0xff, 0xff, 0xff, 0xff, 0xff, 0xff, 0xff,
    0xff, 0xff, 0xff, 0xff, 0xff, 0xff, 0xff, 0xff, 0xff, 0xff, 0xff, 0xff,
    0xff, 0xff, 0xff, 0xff, 0xff, 0xff, 0xff, 0xff, 0xff, 0xff, 0xff, 0xff,
    0xff, 0xff, 0xff, 0xff, 0xff, 0xff, 0xff, 0xff, 0x20, 0x08, 0x20, 0x30,
    0xaa, 0x92, 0xc9, 0xfa, 0xc9, 0xfa, 0xc9, 0xfa, 0xc9, 0xfa, 0xc8, 0xfa,
    0xc9, 0xfa, 0xc9, 0xfa, 0xc9, 0xfa, 0xc9, 0xfa, 0xc9, 0xfa, 0xc8, 0xfa,
    0xc9, 0xfa, 0xc9, 0xfa, 0xc9, 0xfa, 0xc9, 0xfa, 0xc9, 0xfa, 0xc9, 0xfa,
    0xc8, 0xfa, 0xc9, 0xfa, 0xc9, 0xfa, 0xc9, 0xfa, 0xc9, 0xfa, 0xc9, 0xfa,
    0xc9, 0xfa, 0xc9, 0xfa, 0xc8, 0xfa, 0xc9, 0xfa, 0xc9, 0xfa, 0xc9, 0xfa,
    0xc9, 0xfa, 0xc9, 0xfa, 0xc9, 0xfa, 0xc8, 0xfa, 0xc9, 0xfa, 0xc9, 0xfa,
    0xc9, 0xfa, 0xc9, 0xfa, 0xc9, 0xfa, 0xc9, 0xfa, 0xc9, 0xfa, 0xc9, 0xfa,
    0xc9, 0xfa, 0xc9, 0xfa, 0xc9, 0xfa, 0xc9, 0xfa, 0xc9, 0xfa, 0xc9, 0xfa,
    0xc9, 0xfa, 0xc9, 0xfa, 0xc9, 0xfa, 0xc9, 0xfa, 0xc9, 0xfa, 0xc9, 0xfa,
    0xc9, 0xfa, 0xc9, 0xfa, 0xc8, 0xfa, 0xc9, 0xfa, 0xc9, 0xfa, 0xc9, 0xfa,
    0xc9, 0xfa, 0xc9, 0xfa, 0xc9, 0xfa, 0xc9, 0xfa, 0xc8, 0xfa, 0xc9, 0xfa,
    0xc9, 0xfa, 0xc9, 0xfa, 0xc9, 0xfa, 0x41, 0x18, 0x00, 0x10, 0x00, 0x00,
    0x20, 0x08, 0x20, 0x08, 0x00, 0x00, 0x20, 0x00, 0x20, 0x08, 0x20, 0x00,
    0x20, 0x00, 0x20, 0x00, 0x20, 0x00, 0x20, 0x00, 0x20, 0x00, 0x20, 0x00,
    0x20, 0x00, 0x20, 0x00, 0x20, 0x00, 0x20, 0x00, 0xff, 0xff, 0xff, 0xff,
    0xff, 0xff, 0xff, 0xff, 0xff, 0xff, 0xff, 0xff, 0xff, 0xff, 0xff, 0xff,
    0xff, 0xff, 0xff, 0xff, 0xff, 0xff, 0xff, 0xff, 0xff, 0xff, 0xff, 0xff,
    0x00, 0x08, 0x00, 0x08, 0x47, 0xda, 0xe9, 0xfa, 0xc9, 0xfa, 0xc9, 0xfa,
    0xc9, 0xfa, 0xc9, 0xfa, 0xc9, 0xfa, 0xc9, 0xfa, 0xc8, 0xfa, 0xc9, 0xfa,
    0xc9, 0xfa, 0xc8, 0xfa, 0xc9, 0xfa, 0xc9, 0xfa, 0xc8, 0xfa, 0xc9, 0xfa,
    0xc9, 0xfa, 0xc9, 0xfa, 0xc9, 0xfa, 0xc8, 0xfa, 0xc9, 0xfa, 0xc9, 0xfa,
    0xc8, 0xfa, 0xc9, 0xfa, 0xc9, 0xfa, 0xc9, 0xfa, 0x0a, 0xeb, 0xa5, 0xb9,
    0x00, 0x08, 0x20, 0x08, 0x00, 0x08, 0x00, 0x08, 0x20, 0x08, 0x00, 0x08,
    0xff, 0xff, 0xff, 0xff, 0xff, 0xff, 0xff, 0xff, 0xff, 0xff, 0xff, 0xff,
    0xff, 0xff, 0xff, 0xff, 0xff, 0xff, 0xff, 0xff, 0xff, 0xff, 0xff, 0xff,
    0xff, 0xff, 0xff, 0xff, 0xff, 0xff, 0xff, 0xff, 0xff, 0xff, 0xff, 0xff,
    0xff, 0xff, 0x20, 0x00, 0x00, 0x38, 0xca, 0xa2, 0xc9, 0xfa, 0xc9, 0xfa,
    0xc9, 0xfa, 0xc9, 0xfa, 0xc9, 0xfa, 0xc9, 0xfa, 0xc9, 0xfa, 0xc9, 0xfa,
    0xc9, 0xfa, 0xc9, 0xfa, 0xc8, 0xfa, 0xc9, 0xfa, 0xc9, 0xfa, 0xc8, 0xfa,
    0xc9, 0xfa, 0xc9, 0xfa, 0xc8, 0xfa, 0xc9, 0xfa, 0xc9, 0xfa, 0xc9, 0xfa,
    0xc9, 0xfa, 0xc9, 0xfa, 0xc9, 0xfa, 0xc8, 0xfa, 0xc9, 0xfa, 0xc9, 0xfa,
    0xaa, 0x92, 0x20, 0x30, 0x00, 0x08, 0x00, 0x08, 0x20, 0x08, 0x00, 0x08,
    0x21, 0x00, 0xff, 0xff, 0xff, 0xff, 0xff, 0xff, 0xff, 0xff, 0xff, 0xff,
    0x00, 0x08, 0x20, 0x00, 0x03, 0x99, 0x2a, 0xe3, 0xc9, 0xfa, 0xc9, 0xfa,
    0xc9, 0xfa, 0xc9, 0xfa, 0xc9, 0xfa, 0xc8, 0xfa, 0xc9, 0xfa, 0xc9, 0xfa,
    0xc9, 0xfa, 0xc9, 0xfa, 0xc9, 0xfa, 0xc9, 0xfa, 0xc9, 0xfa, 0xc9, 0xfa,
    0xc9, 0xfa, 0xc8, 0xfa, 0xc9, 0xfa, 0xc9, 0xfa, 0xc9, 0xfa, 0xc9, 0xfa,
    0xc8, 0xfa, 0xc9, 0xfa, 0xc9, 0xfa, 0xc9, 0xfa, 0xc9, 0xfa, 0xc9, 0xfa,
    0x20, 0x08, 0x00, 0x08, 0x00, 0x08, 0x00, 0x00, 0x20, 0x08, 0x00, 0x08,
    0xff, 0xff, 0xff, 0xff, 0xff, 0xff, 0xff, 0xff, 0xff, 0xff, 0xff, 0xff,
    0xff, 0xff, 0xff, 0xff, 0xff, 0xff, 0xff, 0xff, 0xff, 0xff, 0xff, 0xff,
    0xff, 0xff, 0xff, 0xff, 0xff, 0xff, 0xff, 0xff, 0xff, 0xff, 0xff, 0xff,
    0xff, 0xff, 0x20, 0x00, 0x00, 0x20, 0xc6, 0x59, 0xc9, 0xfa, 0xc9, 0xfa,
    0xc9, 0xfa, 0xc9, 0xfa, 0xc8, 0xfa, 0xc9, 0xfa, 0xc9, 0xfa, 0xc9, 0xfa,
    0xc9, 0xfa, 0xc9, 0xfa, 0xc9, 0xfa, 0xc9, 0xfa, 0xc9, 0xfa, 0xc9, 0xfa,
    0xc9, 0xfa, 0xc9, 0xfa, 0xc9, 0xfa, 0xc9, 0xfa, 0xc9, 0xfa, 0xc9, 0xfa,
    0xc9, 0xfa, 0xc8, 0xfa, 0xc9, 0xfa, 0xc9, 0xfa, 0xc8, 0xfa, 0xc9, 0xfa,
    0x6c, 0xc3, 0x00, 0x50, 0x00, 0x08, 0x00, 0x00, 0x00, 0x08, 0x00, 0x08,
    0x20, 0x00, 0xff, 0xff, 0xff, 0xff, 0xff, 0xff, 0xff, 0xff, 0xff, 0xff,
    0xff, 0xff, 0x20, 0x08, 0x00, 0x50, 0x6c, 0xc3, 0xc9, 0xfa, 0xc9, 0xfa,
    0xc9, 0xfa, 0xc9, 0xfa, 0xc9, 0xfa, 0xc9, 0xfa, 0xc9, 0xfa, 0xc9, 0xfa,
    0xc9, 0xfa, 0xc8, 0xfa, 0xc9, 0xfa, 0xc9, 0xfa, 0xc8, 0xfa, 0xc9, 0xfa,
    0xc9, 0xfa, 0xc9, 0xfa, 0xc9, 0xfa, 0xc8, 0xfa, 0xc9, 0xfa, 0xc9, 0xfa,
    0xc9, 0xfa, 0xc9, 0xfa, 0xc9, 0xfa, 0xc9, 0xfa, 0xc9, 0xfa, 0xc9, 0xfa,
    0xc6, 0x59, 0x00, 0x20, 0x00, 0x08, 0x20, 0x00, 0x00, 0x08, 0x00, 0x08,
    0x20, 0x00, 0xff, 0xff, 0xff, 0xff, 0xff, 0xff, 0xff, 0xff, 0xff, 0xff,
    0xff, 0xff, 0xff, 0xff, 0xff, 0xff, 0xff, 0xff, 0xff, 0xff, 0xff, 0xff,
    0xff, 0xff, 0xff, 0xff, 0xff, 0xff, 0xff, 0xff, 0xff, 0xff, 0xff, 0xff,
    0xff, 0xff, 0xff, 0xff, 0xff, 0xff, 0xff, 0xff, 0xff, 0xff, 0xff, 0xff,
    0xff, 0xff, 0xff, 0xff, 0xff, 0xff, 0xff, 0xff, 0xff, 0xff, 0xff, 0xff,
    0xff, 0xff, 0xff, 0xff, 0xff, 0xff, 0xff, 0xff, 0xff, 0xff, 0xff, 0xff,
    0xff, 0xff, 0xff, 0xff, 0xff, 0xff, 0xff, 0xff, 0xff, 0xff, 0xff, 0xff,
    0xff, 0xff, 0xff, 0xff, 0xff, 0xff, 0xff, 0xff, 0xff, 0xff, 0xff, 0xff,
    0xff, 0xff, 0xff, 0xff, 0xff, 0xff, 0xff, 0xff, 0xff, 0xff, 0xff, 0xff,
    0xff, 0xff, 0xff, 0xff, 0xff, 0xff, 0xff, 0xff, 0xff, 0xff, 0xff, 0xff,
    0xff, 0xff, 0x21, 0x00, 0x20, 0x30, 0xa9, 0x9a, 0xc9, 0xfa, 0xc9, 0xfa,
    0xc9, 0xfa, 0xc9, 0xfa, 0xc9, 0xfa, 0xc9, 0xfa, 0xc9, 0xfa, 0xc8, 0xfa,
    0xc9, 0xfa, 0xc9, 0xfa, 0xc9, 0xfa, 0xc9, 0xfa, 0xc9, 0xfa, 0xc8, 0xfa,
    0xc9, 0xfa, 0xc9, 0xfa, 0xc9, 0xfa, 0xc9, 0xfa, 0xc9, 0xfa, 0xc9, 0xfa,
    0xc8, 0xfa, 0xc9, 0xfa, 0xc9, 0xfa, 0xc8, 0xfa, 0xc9, 0xfa, 0xc9, 0xfa,
    0xc9, 0xfa, 0xc9, 0xfa, 0xc8, 0xfa, 0xc9, 0xfa, 0xc9, 0xfa, 0xc9, 0xfa,
    0xc9, 0xfa, 0xc9, 0xfa, 0xc8, 0xfa, 0xc9, 0xfa, 0xc9, 0xfa, 0xc9, 0xfa,
    0xc9, 0xfa, 0xc9, 0xfa, 0xc9, 0xfa, 0xc9, 0xfa, 0xc9, 0xfa, 0xc9, 0xfa,
    0xc9, 0xfa, 0xc9, 0xfa, 0xc9, 0xfa, 0xc9, 0xfa, 0xc9, 0xfa, 0xc8, 0xfa,
    0xc9, 0xfa, 0xc9, 0xfa, 0xc9, 0xfa, 0xc9, 0xfa, 0xc9, 0xfa, 0xc9, 0xfa,
    0xc9, 0xfa, 0xc8, 0xfa, 0xc9, 0xfa, 0xc9, 0xfa, 0xc8, 0xfa, 0xc9, 0xfa,
    0xc9, 0xfa, 0xc9, 0xfa, 0xc9, 0xfa, 0xc9, 0xfa, 0xc9, 0xfa, 0xc9, 0xfa,
    0x60, 0x18, 0x00, 0x10, 0x00, 0x00, 0x00, 0x08, 0x00, 0x08, 0x00, 0x08,
    0x20, 0x00, 0xff, 0xff, 0xff, 0xff, 0xff, 0xff, 0xff, 0xff, 0xff, 0xff,
    0xff, 0xff, 0xff, 0xff, 0xff, 0xff, 0xff, 0xff, 0xff, 0xff, 0xff, 0xff,
    0xff, 0xff, 0xff, 0xff, 0xff, 0xff, 0xff, 0xff, 0xff, 0xff, 0xff, 0xff,
    0xff, 0xff, 0xff, 0xff, 0xff, 0xff, 0xff, 0xff, 0xff, 0xff, 0xff, 0xff,
    0xff, 0xff, 0xff, 0xff, 0xff, 0xff, 0x00, 0x08, 0x00, 0x08, 0x47, 0xda,
    0xe9, 0xfa, 0xc9, 0xfa, 0xc8, 0xfa, 0xc9, 0xfa, 0xc9, 0xfa, 0xc8, 0xfa,
    0xc9, 0xfa, 0xc9, 0xfa, 0xc9, 0xfa, 0xc9, 0xfa, 0xc9, 0xfa, 0xc9, 0xfa,
    0xc9, 0xfa, 0xc9, 0xfa, 0xc9, 0xfa, 0xc9, 0xfa, 0xc9, 0xfa, 0xc9, 0xfa,
    0xc9, 0xfa, 0xc9, 0xfa, 0xc9, 0xfa, 0xc9, 0xfa, 0xc9, 0xfa, 0xc9, 0xfa,
    0xc9, 0xfa, 0x0a, 0xeb, 0xa4, 0xb9, 0x00, 0x08, 0x00, 0x00, 0x00, 0x08,
    0x20, 0x00, 0x00, 0x08, 0x00, 0x08, 0xff, 0xff, 0xff, 0xff, 0xff, 0xff,
    0xff, 0xff, 0xff, 0xff, 0xff, 0xff, 0xff, 0xff, 0xff, 0xff, 0xff, 0xff,
    0xff, 0xff, 0xff, 0xff, 0xff, 0xff, 0xff, 0xff, 0xff, 0xff, 0xff, 0xff,
    0xff, 0xff, 0xff, 0xff, 0xff, 0xff, 0xff, 0xff, 0x20, 0x00, 0x00, 0x38,
    0xca, 0xa2, 0xc9, 0xfa, 0xc9, 0xfa, 0xc9, 0xfa, 0xc9, 0xfa, 0xc9, 0xfa,
    0xc9, 0xfa, 0xc9, 0xfa, 0xc9, 0xfa, 0xc9, 0xfa, 0xc9, 0xfa, 0xc9, 0xfa,
    0xc9, 0xfa, 0xc9, 0xfa, 0xc9, 0xfa, 0xc9, 0xfa, 0xc9, 0xfa, 0xc9, 0xfa,
    0xc9, 0xfa, 0xc9, 0xfa, 0xc8, 0xfa, 0xc9, 0xfa, 0xc9, 0xfa, 0xc9, 0xfa,
    0xc9, 0xfa, 0xc9, 0xfa, 0xc9, 0xfa, 0xc9, 0x92, 0x20, 0x30, 0x00, 0x08,
    0x00, 0x08, 0x00, 0x00, 0x00, 0x08, 0x20, 0x00, 0xff, 0xff, 0xff, 0xff,
    0xff, 0xff, 0xff, 0xff, 0xff, 0xff, 0x00, 0x08, 0x00, 0x08, 0x02, 0x99,
    0x2b, 0xdb, 0xc9, 0xfa, 0xc9, 0xfa, 0xc9, 0xfa, 0xc9, 0xfa, 0xc9, 0xfa,
    0xc9, 0xfa, 0xc9, 0xfa, 0xc9, 0xfa, 0xc9, 0xfa, 0xc9, 0xfa, 0xc8, 0xfa,
    0xc9, 0xfa, 0xc9, 0xfa, 0xc9, 0xfa, 0xc9, 0xfa, 0xc9, 0xfa, 0xc9, 0xfa,
    0xc9, 0xfa, 0xc8, 0xfa, 0xc9, 0xfa, 0xc9, 0xfa, 0xc9, 0xfa, 0xc9, 0xfa,
    0xc8, 0xfa, 0xc9, 0xfa, 0xc9, 0xfa, 0x20, 0x08, 0x00, 0x08, 0x00, 0x08,
    0x00, 0x08, 0x00, 0x00, 0x20, 0x08, 0xff, 0xff, 0xff, 0xff, 0xff, 0xff,
    0xff, 0xff, 0xff, 0xff, 0xff, 0xff, 0xff, 0xff, 0xff, 0xff, 0xff, 0xff,
    0xff, 0xff, 0xff, 0xff, 0xff, 0xff, 0xff, 0xff, 0xff, 0xff, 0xff, 0xff,
    0xff, 0xff, 0xff, 0xff, 0xff, 0xff, 0xff, 0xff, 0x20, 0x00, 0x00, 0x20,
    0xc6, 0x59, 0xc9, 0xfa, 0xc9, 0xfa, 0xc9, 0xfa, 0xc9, 0xfa, 0xc9, 0xfa,
    0xc9, 0xfa, 0xc9, 0xfa, 0xc8, 0xfa, 0xc9, 0xfa, 0xc9, 0xfa, 0xc9, 0xfa,
    0xc9, 0xfa, 0xc9, 0xfa, 0xc8, 0xfa, 0xc9, 0xfa, 0xc9, 0xfa, 0xc9, 0xfa,
    0xc9, 0xfa, 0xc9, 0xfa, 0xc9, 0xfa, 0xc9, 0xfa, 0xc9, 0xfa, 0xc9, 0xfa,
    0xc9, 0xfa, 0xc9, 0xfa, 0xc9, 0xfa, 0x8c, 0xcb, 0x00, 0x50, 0x00, 0x08,
    0x20, 0x08, 0x00, 0x08, 0x00, 0x08, 0x21, 0x00, 0xff, 0xff, 0xff, 0xff,
    0xff, 0xff, 0xff, 0xff, 0xff, 0xff, 0xff, 0xff, 0x20, 0x00, 0x00, 0x50,
    0x8c, 0xcb, 0xc9, 0xfa, 0xc9, 0xfa, 0xc9, 0xfa, 0xc9, 0xfa, 0xc8, 0xfa,
    0xc9, 0xfa, 0xc9, 0xfa, 0xc9, 0xfa, 0xc9, 0xfa, 0xc9, 0xfa, 0xc9, 0xfa,
    0xc9, 0xfa, 0xc9, 0xfa, 0xc9, 0xfa, 0xc9, 0xfa, 0xc9, 0xfa, 0xc9, 0xfa,
    0xc9, 0xfa, 0xc9, 0xfa, 0xc9, 0xfa, 0xc8, 0xfa, 0xc9, 0xfa, 0xc9, 0xfa,
    0xc9, 0xfa, 0xc9, 0xfa, 0xc9, 0xfa, 0xc6, 0x59, 0x00, 0x20, 0x00, 0x08,
    0x00, 0x08, 0x20, 0x08, 0x00, 0x08, 0x20, 0x00, 0xff, 0xff, 0xff, 0xff,
    0xff, 0xff, 0xff, 0xff, 0xff, 0xff, 0xff, 0xff, 0xff, 0xff, 0xff, 0xff,
    0xff, 0xff, 0xff, 0xff, 0xff, 0xff, 0xff, 0xff, 0xff, 0xff, 0xff, 0xff,
    0xff, 0xff, 0xff, 0xff, 0xff, 0xff, 0xff, 0xff, 0xff, 0xff, 0xff, 0xff,
    0xff, 0xff, 0xff, 0xff, 0xff, 0xff, 0xff, 0xff, 0xff, 0xff, 0xff, 0xff,
    0xff, 0xff, 0xff, 0xff, 0xff, 0xff, 0xff, 0xff, 0xff, 0xff, 0xff, 0xff,
    0xff, 0xff, 0xff, 0xff, 0xff, 0xff, 0xff, 0xff, 0xff, 0xff, 0xff, 0xff,
    0xff, 0xff, 0xff, 0xff, 0xff, 0xff, 0xff, 0xff, 0xff, 0xff, 0xff, 0xff,
    0xff, 0xff, 0xff, 0xff, 0xff, 0xff, 0xff, 0xff, 0xff, 0xff, 0xff, 0xff,
    0xff, 0xff, 0xff, 0xff, 0xff, 0xff, 0xff, 0xff, 0xff, 0xff, 0xff, 0xff,
    0xff, 0xff, 0xff, 0xff, 0xff, 0xff, 0xff, 0xff, 0x20, 0x00, 0x20, 0x30,
    0xaa, 0x92, 0xc9, 0xfa, 0xc9, 0xfa, 0xc9, 0xfa, 0xc8, 0xfa, 0xc9, 0xfa,
    0xc9, 0xfa, 0xc9, 0xfa, 0xc9, 0xfa, 0xc9, 0xfa, 0xc9, 0xfa, 0xc9, 0xfa,
    0xc9, 0xfa, 0xc9, 0xfa, 0xc9, 0xfa, 0xc9, 0xfa, 0xc9, 0xfa, 0xc9, 0xfa,
    0xc9, 0xfa, 0xc9, 0xfa, 0xc9, 0xfa, 0xc9, 0xfa, 0xc9, 0xfa, 0xc9, 0xfa,
    0xc9, 0xfa, 0xc9, 0xfa, 0xc9, 0xfa, 0xc9, 0xfa, 0xc9, 0xfa, 0xc9, 0xfa,
    0xc9, 0xfa, 0xc8, 0xfa, 0xc9, 0xfa, 0xc9, 0xfa, 0xc9, 0xfa, 0xc9, 0xfa,
    0xc9, 0xfa, 0xc9, 0xfa, 0xc8, 0xfa, 0xc9, 0xfa, 0xc9, 0xfa, 0xc8, 0xfa,
    0xc9, 0xfa, 0xc9, 0xfa, 0xc8, 0xfa, 0xc9, 0xfa, 0xc9, 0xfa, 0xc8, 0xfa,
    0xc9, 0xfa, 0xc9, 0xfa, 0xc9, 0xfa, 0xc9, 0xfa, 0xc9, 0xfa, 0xc8, 0xfa,
    0xc9, 0xfa, 0xc9, 0xfa, 0xc9, 0xfa, 0xc9, 0xfa, 0xc9, 0xfa, 0xc9, 0xfa,
    0xc9, 0xfa, 0xc9, 0xfa, 0xc9, 0xfa, 0xc9, 0xfa, 0xc9, 0xfa, 0xc9, 0xfa,
    0xc8, 0xfa, 0xc9, 0xfa, 0xc9, 0xfa, 0x41, 0x18, 0x00, 0x10, 0x00, 0x08,
    0x00, 0x08, 0x00, 0x08, 0x20, 0x08, 0xff, 0xff, 0xff, 0xff, 0xff, 0xff,
    0xff, 0xff, 0xff, 0xff, 0xff, 0xff, 0xff, 0xff, 0xff, 0xff, 0xff, 0xff,
    0xff, 0xff, 0xff, 0xff, 0xff, 0xff, 0xff, 0xff, 0xff, 0xff, 0xff, 0xff,
    0xff, 0xff, 0xff, 0xff, 0xff, 0xff, 0xff, 0xff, 0xff, 0xff, 0xff, 0xff,
    0xff, 0xff, 0xff, 0xff, 0xff, 0xff, 0xff, 0xff, 0xff, 0xff, 0xff, 0xff,
    0x00, 0x08, 0x00, 0x08, 0x47, 0xda, 0xc9, 0xf2, 0xc9, 0xfa, 0xc9, 0xfa,
    0xc9, 0xfa, 0xc9, 0xfa, 0xc9, 0xfa, 0xc9, 0xfa, 0xc9, 0xfa, 0xc9, 0xfa,
    0xc9, 0xfa, 0xc9, 0xfa, 0xc9, 0xfa, 0xc9, 0xfa, 0xc9, 0xfa, 0xc9, 0xfa,
    0xc8, 0xfa, 0xc9, 0xfa, 0xc9, 0xfa, 0xc9, 0xfa, 0xc9, 0xfa, 0xc9, 0xfa,
    0xc9, 0xfa, 0xc9, 0xfa, 0xc8, 0xfa, 0xc9, 0xfa, 0x0a, 0xeb, 0xc5, 0xb9,
    0x00, 0x08, 0x00, 0x08, 0x20, 0x08, 0x00, 0x00, 0x00, 0x08, 0x00, 0x00,
    0xff, 0xff, 0xff, 0xff, 0xff, 0xff, 0xff, 0xff, 0xff, 0xff, 0xff, 0xff,
    0xff, 0xff, 0xff, 0xff, 0xff, 0xff, 0xff, 0xff, 0xff, 0xff, 0xff, 0xff,
    0xff, 0xff, 0xff, 0xff, 0xff, 0xff, 0xff, 0xff, 0xff, 0xff, 0xff, 0xff,
    0xff, 0xff, 0x21, 0x00, 0x00, 0x38, 0xca, 0xa2, 0xc9, 0xfa, 0xc9, 0xfa,
    0xc9, 0xfa, 0xc8, 0xfa, 0xc9, 0xfa, 0xc9, 0xfa, 0xc8, 0xfa, 0xc9, 0xfa,
    0xc9, 0xfa, 0xc8, 0xfa, 0xc9, 0xfa, 0xc9, 0xfa, 0xc9, 0xfa, 0xc9, 0xfa,
    0xc9, 0xfa, 0xc9, 0xfa, 0xc9, 0xfa, 0xc9, 0xfa, 0xc9, 0xfa, 0xc9, 0xfa,
    0xc9, 0xfa, 0xc9, 0xfa, 0xc8, 0xfa, 0xc9, 0xfa, 0xc9, 0xfa, 0xc9, 0xfa,
    0xa9, 0x92, 0x20, 0x30, 0x00, 0x08, 0x20, 0x08, 0x00, 0x08, 0x00, 0x08,
    0x21, 0x00, 0xff, 0xff, 0xff, 0xff, 0xff, 0xff, 0xff, 0xff, 0xff, 0xff,
    0x00, 0x08, 0x00, 0x08, 0x22, 0x99, 0x2b, 0xe3, 0xc9, 0xfa, 0xc9, 0xfa,
    0xc8, 0xfa, 0xc9, 0xfa, 0xc9, 0xfa, 0xc9, 0xfa, 0xc9, 0xfa, 0xc8, 0xfa,
    0xc9, 0xfa, 0xc9, 0xfa, 0xc9, 0xfa, 0xc9, 0xfa, 0xc9, 0xfa, 0xc8, 0xfa,
    0xc9, 0xfa, 0xc9, 0xfa, 0xc9, 0xfa, 0xc9, 0xfa, 0xc9, 0xfa, 0xc9, 0xfa,
    0xc9, 0xfa, 0xc9, 0xfa, 0xc9, 0xfa, 0xc9, 0xfa, 0xc9, 0xfa, 0xc9, 0xfa,
    0x20, 0x08, 0x00, 0x08, 0x00, 0x08, 0x00, 0x08, 0x00, 0x08, 0x00, 0x00,
    0xff, 0xff, 0xff, 0xff, 0xff, 0xff, 0xff, 0xff, 0xff, 0xff, 0xff, 0xff,
    0xff, 0xff, 0xff, 0xff, 0xff, 0xff, 0xff, 0xff, 0xff, 0xff, 0xff, 0xff,
    0xff, 0xff, 0xff, 0xff, 0xff, 0xff, 0xff, 0xff, 0xff, 0xff, 0xff, 0xff,
    0xff, 0xff, 0x21, 0x00, 0x00, 0x20, 0xe6, 0x59, 0xc9, 0xfa, 0xc9, 0xfa,
    0xc9, 0xfa, 0xc9, 0xfa, 0xc9, 0xfa, 0xc9, 0xfa, 0xc9, 0xfa, 0xc9, 0xfa,
    0xc9, 0xfa, 0xc9, 0xfa, 0xc8, 0xfa, 0xc9, 0xfa, 0xc9, 0xfa, 0xc9, 0xfa,
    0xc9, 0xfa, 0xc8, 0xfa, 0xc9, 0xfa, 0xc9, 0xfa, 0xc8, 0xfa, 0xc9, 0xfa,
    0xc9, 0xfa, 0xc9, 0xfa, 0xc9, 0xfa, 0xc9, 0xfa, 0xc9, 0xfa, 0xc9, 0xfa,
    0x6c, 0xc3, 0x00, 0x50, 0x00, 0x08, 0x20, 0x00, 0x00, 0x08, 0x20, 0x08,
    0x20, 0x00, 0xff, 0xff, 0xff, 0xff, 0xff, 0xff, 0xff, 0xff, 0xff, 0xff,
    0xff, 0xff, 0x21, 0x00, 0x00, 0x50, 0x6c, 0xcb, 0xc9, 0xfa, 0xc9, 0xfa,
    0xc9, 0xfa, 0xc9, 0xfa, 0xc9, 0xfa, 0xc9, 0xfa, 0xc9, 0xfa, 0xc8, 0xfa,
    0xc9, 0xfa, 0xc9, 0xfa, 0xc9, 0xfa, 0xc9, 0xfa, 0xc9, 0xfa, 0xc9, 0xfa,
    0xc8, 0xfa, 0xc9, 0xfa, 0xc9, 0xfa, 0xc9, 0xfa, 0xc9, 0xfa, 0xc9, 0xfa,
    0xc9, 0xfa, 0xc9, 0xfa, 0xc9, 0xfa, 0xc8, 0xfa, 0xc9, 0xfa, 0xc9, 0xfa,
    0xe6, 0x59, 0x00, 0x20, 0x00, 0x00, 0x00, 0x08, 0x00, 0x08, 0x20, 0x08,
    0x21, 0x00, 0xff, 0xff, 0xff, 0xff, 0xff, 0xff, 0xff, 0xff, 0xff, 0xff,
    0xff, 0xff, 0xff, 0xff, 0xff, 0xff, 0xff, 0xff, 0xff, 0xff, 0xff, 0xff,
    0xff, 0xff, 0xff, 0xff, 0xff, 0xff, 0xff, 0xff, 0xff, 0xff, 0xff, 0xff,
    0xff, 0xff, 0xff, 0xff, 0xff, 0xff, 0xff, 0xff, 0xff, 0xff, 0xff, 0xff,
    0xff, 0xff, 0xff, 0xff, 0xff, 0xff, 0xff, 0xff, 0xff, 0xff, 0xff, 0xff,
    0xff, 0xff, 0xff, 0xff, 0xff, 0xff, 0xff, 0xff, 0xff, 0xff, 0xff, 0xff,
    0xff, 0xff, 0xff, 0xff, 0xff, 0xff, 0xff, 0xff, 0xff, 0xff, 0xff, 0xff,
    0xff, 0xff, 0xff, 0xff, 0xff, 0xff, 0xff, 0xff, 0xff, 0xff, 0xff, 0xff,
    0xff, 0xff, 0xff, 0xff, 0xff, 0xff, 0xff, 0xff, 0xff, 0xff, 0xff, 0xff,
    0xff, 0xff, 0xff, 0xff, 0xff, 0xff, 0xff, 0xff, 0xff, 0xff, 0xff, 0xff,
    0xff, 0xff, 0x20, 0x08, 0x20, 0x30, 0xaa, 0x92, 0xc9, 0xfa, 0xc9, 0xfa,
    0xc9, 0xfa, 0xc9, 0xfa, 0xc9, 0xfa, 0xc9, 0xfa, 0xc9, 0xfa, 0xc9, 0xfa,
    0xc8, 0xfa, 0xc9, 0xfa, 0xc9, 0xfa, 0xc8, 0xfa, 0xc9, 0xfa, 0xc9, 0xfa,
    0xc9, 0xfa, 0xc8, 0xfa, 0xc9, 0xfa, 0xc9, 0xfa, 0xc8, 0xfa, 0xc9, 0xfa,
    0xc9, 0xfa, 0xc9, 0xfa, 0xc9, 0xfa, 0xc9, 0xfa, 0xc9, 0xfa, 0xc8, 0xfa,
    0xc9, 0xfa, 0xc9, 0xfa, 0xc9, 0xfa, 0xc9, 0xfa, 0xc9, 0xfa, 0xc9, 0xfa,
    0xc9, 0xfa, 0xc9, 0xfa, 0xc9, 0xfa, 0xc9, 0xfa, 0xc9, 0xfa, 0xc9, 0xfa,
    0xc9, 0xfa, 0xc9, 0xfa, 0xc9, 0xfa, 0xc9, 0xfa, 0xc9, 0xfa, 0xc9, 0xfa,
    0xc9, 0xfa, 0xc9, 0xfa, 0xc9, 0xfa, 0xc9, 0xfa, 0xc9, 0xfa, 0xc9, 0xfa,
    0xc9, 0xfa, 0xc9, 0xfa, 0xc9, 0xfa, 0xc9, 0xfa, 0xc8, 0xfa, 0xc9, 0xfa,
    0xc9, 0xfa, 0xc9, 0xfa, 0xc9, 0xfa, 0xc8, 0xfa, 0xc9, 0xfa, 0xc9, 0xfa,
    0xc8, 0xfa, 0xc9, 0xfa, 0xc9, 0xfa, 0xc9, 0xfa, 0xc9, 0xfa, 0xc9, 0xfa,
    0x61, 0x10, 0x00, 0x10, 0x00, 0x08, 0x20, 0x00, 0x00, 0x00, 0x00, 0x08,
    0xff, 0xff, 0xff, 0xff, 0xff, 0xff, 0xff, 0xff, 0xff, 0xff, 0xff, 0xff,
    0xff, 0xff, 0xff, 0xff, 0xff, 0xff, 0xff, 0xff, 0xff, 0xff, 0xff, 0xff,
    0xff, 0xff, 0xff, 0xff, 0xff, 0xff, 0xff, 0xff, 0xff, 0xff, 0xff, 0xff,
    0xff, 0xff, 0xff, 0xff, 0xff, 0xff, 0xff, 0xff, 0xff, 0xff, 0xff, 0xff,
    0xff, 0xff, 0xff, 0xff, 0xff, 0xff, 0x00, 0x08, 0x20, 0x08, 0x47, 0xda,
    0xc9, 0xfa, 0xc9, 0xfa, 0xc9, 0xfa, 0xc9, 0xfa, 0xc9, 0xfa, 0xc9, 0xfa,
    0xc9, 0xfa, 0xc8, 0xfa, 0xc9, 0xfa, 0xc9, 0xfa, 0xc8, 0xfa, 0xc9, 0xfa,
    0xc9, 0xfa, 0xc8, 0xfa, 0xc9, 0xfa, 0xc9, 0xfa, 0xc9, 0xfa, 0xc9, 0xfa,
    0xc8, 0xfa, 0xc9, 0xfa, 0xc9, 0xfa, 0xc8, 0xfa, 0xc9, 0xfa, 0xc9, 0xfa,
    0xc9, 0xfa, 0x0a, 0xeb, 0xa5, 0xb9, 0x00, 0x08, 0x20, 0x08, 0x00, 0x08,
    0x00, 0x08, 0x20, 0x08, 0x00, 0x08, 0xff, 0xff, 0xff, 0xff, 0xff, 0xff,
    0xff, 0xff, 0xff, 0xff, 0xff, 0xff, 0xff, 0xff, 0xff, 0xff, 0xff, 0xff,
    0xff, 0xff, 0xff, 0xff, 0xff, 0xff, 0xff, 0xff, 0xff, 0xff, 0xff, 0xff,
    0xff, 0xff, 0xff, 0xff, 0xff, 0xff, 0xff, 0xff, 0x20, 0x00, 0x00, 0x38,
    0xca, 0xa2, 0xc9, 0xfa, 0xc9, 0xfa, 0xc9, 0xfa, 0xc9, 0xfa, 0xc9, 0xfa,
    0xc9, 0xfa, 0xc9, 0xfa, 0xc9, 0xfa, 0xc9, 0xfa, 0xc9, 0xfa, 0xc9, 0xfa,
    0xc9, 0xfa, 0xc8, 0xfa, 0xc9, 0xfa, 0xc9, 0xfa, 0xc8, 0xfa, 0xc9, 0xfa,
    0xc9, 0xfa, 0xc8, 0xfa, 0xc9, 0xfa, 0xc9, 0xfa, 0xc9, 0xfa, 0xc9, 0xfa,
    0xc9, 0xfa, 0xc9, 0xfa, 0xc9, 0xfa, 0xaa, 0x92, 0x20, 0x30, 0x00, 0x08,
    0x00, 0x08, 0x20, 0x08, 0x00, 0x08, 0x20, 0x00, 0xff, 0xff, 0xff, 0xff,
    0xff, 0xff, 0xff, 0xff, 0xff, 0xff, 0x20, 0x00, 0x00, 0x08, 0x02, 0x99,
    0x2a, 0xdb, 0xc9, 0xfa, 0xc9, 0xfa, 0xc9, 0xfa, 0xc9, 0xfa, 0xc8, 0xfa,
    0xc9, 0xfa, 0xc9, 0xfa, 0xc9, 0xfa, 0xc9, 0xfa, 0xc9, 0xfa, 0xc9, 0xfa,
    0xc9, 0xfa, 0xc9, 0xfa, 0xc9, 0xfa, 0xc9, 0xfa, 0xc9, 0xfa, 0xc8, 0xfa,
    0xc9, 0xfa, 0xc9, 0xfa, 0xc9, 0xfa, 0xc9, 0xfa, 0xc8, 0xfa, 0xc9, 0xfa,
    0xc9, 0xfa, 0xc9, 0xfa, 0xc9, 0xfa, 0x20, 0x08, 0x00, 0x08, 0x00, 0x08,
    0x20, 0x08, 0x00, 0x08, 0x00, 0x08, 0xff, 0xff, 0xff, 0xff, 0xff, 0xff,
    0xff, 0xff, 0xff, 0xff, 0xff, 0xff, 0xff, 0xff, 0xff, 0xff, 0xff, 0xff,
    0xff, 0xff, 0xff, 0xff, 0xff, 0xff, 0xff, 0xff, 0xff, 0xff, 0xff, 0xff,
    0xff, 0xff, 0xff, 0xff, 0xff, 0xff, 0xff, 0xff, 0x20, 0x00, 0x00, 0x20,
    0xc6, 0x59, 0xc9, 0xfa, 0xc9, 0xfa, 0xc9, 0xfa, 0xc9, 0xfa, 0xc8, 0xfa,
    0xc9, 0xfa, 0xc9, 0xfa, 0xc9, 0xfa, 0xc9, 0xfa, 0xc9, 0xfa, 0xc9, 0xfa,
    0xc9, 0xfa, 0xc9, 0xfa, 0xc9, 0xfa, 0xc9, 0xfa, 0xc9, 0xfa, 0xc9, 0xfa,
    0xc9, 0xfa, 0xc9, 0xfa, 0xc9, 0xfa, 0xc8, 0xfa, 0xc9, 0xfa, 0xc9, 0xfa,
    0xc8, 0xfa, 0xc9, 0xfa, 0xc9, 0xfa, 0x6c, 0xc3, 0x00, 0x50, 0x00, 0x08,
    0x00, 0x08, 0x00, 0x00, 0x00, 0x08, 0x20, 0x00, 0xff, 0xff, 0xff, 0xff,
    0xff, 0xff, 0xff, 0xff, 0xff, 0xff, 0xff, 0xff, 0x20, 0x08, 0x00, 0x50,
    0x6c, 0xc3, 0xc9, 0xfa, 0xc9, 0xfa, 0xc9, 0xfa, 0xc9, 0xfa, 0xc9, 0xfa,
    0xc9, 0xfa, 0xc9, 0xfa, 0xc9, 0xfa, 0xc9, 0xfa, 0xc9, 0xfa, 0xc8, 0xfa,
    0xc9, 0xfa, 0xc9, 0xfa, 0xc9, 0xfa, 0xc9, 0xfa, 0xc9, 0xfa, 0xc9, 0xfa,
    0xc8, 0xfa, 0xc9, 0xfa, 0xc9, 0xfa, 0xc9, 0xfa, 0xc9, 0xfa, 0xc9, 0xfa,
    0xc9, 0xfa, 0xc9, 0xfa, 0xc9, 0xfa, 0xc6, 0x59, 0x00, 0x20, 0x20, 0x00,
    0x00, 0x08, 0x00, 0x08, 0x00, 0x00, 0x20, 0x00, 0xff, 0xff, 0xff, 0xff,
    0xff, 0xff, 0xff, 0xff, 0xff, 0xff, 0xff, 0xff, 0xff, 0xff, 0xff, 0xff,
    0xff, 0xff, 0xff, 0xff, 0xff, 0xff, 0xff, 0xff, 0xff, 0xff, 0xff, 0xff,
    0xff, 0xff, 0xff, 0xff, 0xff, 0xff, 0xff, 0xff, 0xff, 0xff, 0xff, 0xff,
    0xff, 0xff, 0xff, 0xff, 0xff, 0xff, 0xff, 0xff, 0xff, 0xff, 0xff, 0xff,
    0xff, 0xff, 0xff, 0xff, 0xff, 0xff, 0xff, 0xff, 0xff, 0xff, 0xff, 0xff,
    0xff, 0xff, 0xff, 0xff, 0xff, 0xff, 0xff, 0xff, 0xff, 0xff, 0xff, 0xff,
    0xff, 0xff, 0xff, 0xff, 0xff, 0xff, 0xff, 0xff, 0xff, 0xff, 0xff, 0xff,
    0xff, 0xff, 0xff, 0xff, 0xff, 0xff, 0xff, 0xff, 0xff, 0xff, 0xff, 0xff,
    0xff, 0xff, 0xff, 0xff, 0xff, 0xff, 0xff, 0xff, 0xff, 0xff, 0xff, 0xff,
    0xff, 0xff, 0xff, 0xff, 0xff, 0xff, 0xff, 0xff, 0x21, 0x00, 0x20, 0x30,
    0xa9, 0x9a, 0xc9, 0xfa, 0xc9, 0xfa, 0xc9, 0xfa, 0xc9, 0xfa, 0xc9, 0xfa,
    0xc8, 0xfa, 0xc9, 0xfa, 0xc9, 0xfa, 0xc9, 0xfa, 0xc9, 0xfa, 0xc9, 0xfa,
    0xc9, 0xfa, 0xc9, 0xfa, 0xc9, 0xfa, 0xc9, 0xfa, 0xc9, 0xfa, 0xc9, 0xfa,
    0xc9, 0xfa, 0xc9, 0xfa, 0xc9, 0xfa, 0xc8, 0xfa, 0xc9, 0xfa, 0xc9, 0xfa,
    0xc8, 0xfa, 0xc9, 0xfa, 0xc9, 0xfa, 0xc9, 0xfa, 0xc9, 0xfa, 0xc8, 0xfa,
    0xc9, 0xfa, 0xc9, 0xfa, 0xc9, 0xfa, 0xc8, 0xfa, 0xc9, 0xfa, 0xc9, 0xfa,
    0xc8, 0xfa, 0xc9, 0xfa, 0xc9, 0xfa, 0xc9, 0xfa, 0xc9, 0xfa, 0xc9, 0xfa,
    0xc9, 0xfa, 0xc8, 0xfa, 0xc9, 0xfa, 0xc9, 0xfa, 0xc9, 0xfa, 0xc9, 0xfa,
    0xc8, 0xfa, 0xc9, 0xfa, 0xc9, 0xfa, 0xc8, 0xfa, 0xc9, 0xfa, 0xc9, 0xfa,
    0xc9, 0xfa, 0xc9, 0xfa, 0xc9, 0xfa, 0xc9, 0xfa, 0xc8, 0xfa, 0xc9, 0xfa,
    0xc9, 0xfa, 0xc9, 0xfa, 0xc9, 0xfa, 0xc9, 0xfa, 0xc9, 0xfa, 0xc9, 0xfa,
    0xc9, 0xfa, 0xc9, 0xfa, 0xc9, 0xfa, 0x40, 0x18, 0x00, 0x10, 0x00, 0x08,
    0x00, 0x08, 0x20, 0x08, 0x00, 0x08, 0xff, 0xff, 0xff, 0xff, 0xff, 0xff,
    0xff, 0xff, 0xff, 0xff, 0xff, 0xff, 0xff, 0xff, 0xff, 0xff, 0xff, 0xff,
    0xff, 0xff, 0xff, 0xff, 0xff, 0xff, 0xff, 0xff, 0xff, 0xff, 0xff, 0xff,
    0xff, 0xff, 0xff, 0xff, 0xff, 0xff, 0xff, 0xff, 0xff, 0xff, 0xff, 0xff,
    0xff, 0xff, 0xff, 0xff, 0xff, 0xff, 0xff, 0xff, 0xff, 0xff, 0xff, 0xff,
    0x00, 0x00, 0x00, 0x08, 0x47, 0xda, 0xe9, 0xfa, 0xc9, 0xfa, 0xc9, 0xfa,
    0xc8, 0xfa, 0xc9, 0xfa, 0xc9, 0xfa, 0xc9, 0xfa, 0xc9, 0xfa, 0xc9, 0xfa,
    0xc9, 0xfa, 0xc9, 0xfa, 0xc9, 0xfa, 0xc9, 0xfa, 0xc9, 0xfa, 0xc9, 0xfa,
    0xc9, 0xfa, 0xc9, 0xfa, 0xc9, 0xfa, 0xc9, 0xfa, 0xc9, 0xfa, 0xc9, 0xfa,
    0xc9, 0xfa, 0xc9, 0xfa, 0xc9, 0xfa, 0xc9, 0xfa, 0x0a, 0xeb, 0xa5, 0xb9,
    0x00, 0x00, 0x00, 0x08, 0x00, 0x00, 0x00, 0x08, 0x20, 0x08, 0x00, 0x00,
    0xff, 0xff, 0xff, 0xff, 0xff, 0xff, 0xff, 0xff, 0xff, 0xff, 0xff, 0xff,
    0xff, 0xff, 0xff, 0xff, 0xff, 0xff, 0xff, 0xff, 0xff, 0xff, 0xff, 0xff,
    0xff, 0xff, 0xff, 0xff, 0xff, 0xff, 0xff, 0xff, 0xff, 0xff, 0xff, 0xff,
    0xff, 0xff, 0x20, 0x00, 0x00, 0x38, 0xca, 0xa2, 0xc9, 0xfa, 0xc9, 0xfa,
    0xc9, 0xfa, 0xc9, 0xfa, 0xc9, 0xfa, 0xc8, 0xfa, 0xc9, 0xfa, 0xc9, 0xfa,
    0xc9, 0xfa, 0xc9, 0xfa, 0xc9, 0xfa, 0xc9, 0xfa, 0xc9, 0xfa, 0xc9, 0xfa,
    0xc9, 0xfa, 0xc9, 0xfa, 0xc9, 0xfa, 0xc9, 0xfa, 0xc9, 0xfa, 0xc9, 0xfa,
    0xc9, 0xfa, 0xc9, 0xfa, 0xc9, 0xfa, 0xc9, 0xfa, 0xc9, 0xfa, 0xc9, 0xfa,
    0xa9, 0x92, 0x20, 0x30, 0x00, 0x08, 0x00, 0x08, 0x00, 0x00, 0x20, 0x08,
    0x21, 0x00, 0xff, 0xff, 0xff, 0xff, 0xff, 0xff, 0xff, 0xff, 0xff, 0xff,
    0x00, 0x08, 0x00, 0x08, 0x03, 0x99, 0x2a, 0xe3, 0xc9, 0xfa, 0xc9, 0xfa,
    0xc9, 0xfa, 0xc9, 0xfa, 0xc9, 0xfa, 0xc9, 0xfa, 0xc9, 0xfa, 0xc9, 0xfa,
    0xc9, 0xfa, 0xc8, 0xfa, 0xc9, 0xfa, 0xc9, 0xfa, 0xc8, 0xfa, 0xc9, 0xfa,
    0xc9, 0xfa, 0xc9, 0xfa, 0xc9, 0xfa, 0xc9, 0xfa, 0xc9, 0xfa, 0xc9, 0xfa,
    0xc9, 0xfa, 0xc9, 0xfa, 0xc9, 0xfa, 0xc9, 0xfa, 0xc8, 0xfa, 0xc9, 0xfa,
    0x20, 0x08, 0x00, 0x08, 0x00, 0x08, 0x00, 0x00, 0x20, 0x08, 0x00, 0x08,
    0xff, 0xff, 0xff, 0xff, 0xff, 0xff, 0xff, 0xff, 0xff, 0xff, 0xff, 0xff,
    0xff, 0xff, 0xff, 0xff, 0xff, 0xff, 0xff, 0xff, 0xff, 0xff, 0xff, 0xff,
    0xff, 0xff, 0xff, 0xff, 0xff, 0xff, 0xff, 0xff, 0xff, 0xff, 0xff, 0xff,
    0xff, 0xff, 0x21, 0x08, 0x00, 0x20, 0xc6, 0x59, 0xc9, 0xfa, 0xc9, 0xfa,
    0xc9, 0xfa, 0xc9, 0xfa, 0xc9, 0xfa, 0xc9, 0xfa, 0xc9, 0xfa, 0xc8, 0xfa,
    0xc9, 0xfa, 0xc9, 0xfa, 0xc9, 0xfa, 0xc8, 0xfa, 0xc9, 0xfa, 0xc9, 0xfa,
    0xc9, 0xfa, 0xc9, 0xfa, 0xc9, 0xfa, 0xc9, 0xfa, 0xc9, 0xfa, 0xc9, 0xfa,
    0xc9, 0xfa, 0xc9, 0xfa, 0xc9, 0xfa, 0xc9, 0xfa, 0xc9, 0xfa, 0xc9, 0xfa,
    0x6c, 0xcb, 0x00, 0x50, 0x20, 0x08, 0x00, 0x08, 0x00, 0x08, 0x00, 0x08,
    0x20, 0x00, 0xff, 0xff, 0xff, 0xff, 0xff, 0xff, 0xff, 0xff, 0xff, 0xff,
    0xff, 0xff, 0x21, 0x00, 0x00, 0x50, 0x6c, 0xcb, 0xc9, 0xfa, 0xc9, 0xfa,
    0xc9, 0xfa, 0xc8, 0xfa, 0xc9, 0xfa, 0xc9, 0xfa, 0xc8, 0xfa, 0xc9, 0xfa,
    0xc9, 0xfa, 0xc9, 0xfa, 0xc9, 0xfa, 0xc9, 0xfa, 0xc9, 0xfa, 0xc8, 0xfa,
    0xc9, 0xfa, 0xc9, 0xfa, 0xc9, 0xfa, 0xc9, 0xfa, 0xc9, 0xfa, 0xc8, 0xfa,
    0xc9, 0xfa, 0xc9, 0xfa, 0xc8, 0xfa, 0xc9, 0xfa, 0xc9, 0xfa, 0xc9, 0xfa,
    0xc6, 0x59, 0x00, 0x20, 0x00, 0x08, 0x00, 0x08, 0x20, 0x08, 0x00, 0x08,
    0x20, 0x00, 0xff, 0xff, 0xff, 0xff, 0xff, 0xff, 0xff, 0xff, 0xff, 0xff,
    0xff, 0xff, 0xff, 0xff, 0xff, 0xff, 0xff, 0xff, 0xff, 0xff, 0xff, 0xff,
    0xff, 0xff, 0xff, 0xff, 0xff, 0xff, 0xff, 0xff, 0xff, 0xff, 0xff, 0xff,
    0xff, 0xff, 0xff, 0xff, 0xff, 0xff, 0xff, 0xff, 0xff, 0xff, 0xff, 0xff,
    0xff, 0xff, 0xff, 0xff, 0xff, 0xff, 0xff, 0xff, 0xff, 0xff, 0xff, 0xff,
    0xff, 0xff, 0xff, 0xff, 0xff, 0xff, 0xff, 0xff, 0xff, 0xff, 0xff, 0xff,
    0xff, 0xff, 0xff, 0xff, 0xff, 0xff, 0xff, 0xff, 0xff, 0xff, 0xff, 0xff,
    0xff, 0xff, 0xff, 0xff, 0xff, 0xff, 0xff, 0xff, 0xff, 0xff, 0xff, 0xff,
    0xff, 0xff, 0xff, 0xff, 0xff, 0xff, 0xff, 0xff, 0xff, 0xff, 0xff, 0xff,
    0xff, 0xff, 0xff, 0xff, 0xff, 0xff, 0xff, 0xff, 0xff, 0xff, 0xff, 0xff,
    0xff, 0xff, 0x20, 0x00, 0x20, 0x30, 0xaa, 0x92, 0xc9, 0xfa, 0xc9, 0xfa,
    0xc8, 0xfa, 0xc9, 0xfa, 0xc9, 0xfa, 0xc9, 0xfa, 0xc9, 0xfa, 0xc9, 0xfa,
    0xc9, 0xfa, 0xc9, 0xfa, 0xc9, 0xfa, 0xc9, 0xfa, 0xc8, 0xfa, 0xc9, 0xfa,
    0xc9, 0xfa, 0xc9, 0xfa, 0xc9, 0xfa, 0xc9, 0xfa, 0xc9, 0xfa, 0xc9, 0xfa,
    0xc9, 0xfa, 0xc9, 0xfa, 0xc9, 0xfa, 0xc9, 0xfa, 0xc9, 0xfa, 0xc9, 0xfa,
    0xc9, 0xfa, 0xc9, 0xfa, 0xc9, 0xfa, 0xc9, 0xfa, 0xc9, 0xfa, 0xc9, 0xfa,
    0xc9, 0xfa, 0xc9, 0xfa, 0xc9, 0xfa, 0xc9, 0xfa, 0xc9, 0xfa, 0xc9, 0xfa,
    0xc8, 0xfa, 0xc9, 0xfa, 0xc9, 0xfa, 0xc9, 0xfa, 0xc9, 0xfa, 0xc9, 0xfa,
    0xc9, 0xfa, 0xc8, 0xfa, 0xc9, 0xfa, 0xc9, 0xfa, 0xc9, 0xfa, 0xc9, 0xfa,
    0xc9, 0xfa, 0xc9, 0xfa, 0xc9, 0xfa, 0xc9, 0xfa, 0xc9, 0xfa, 0xc9, 0xfa,
    0xc9, 0xfa, 0xc9, 0xfa, 0xc9, 0xfa, 0xc9, 0xfa, 0xc9, 0xfa, 0xc9, 0xfa,
    0xc9, 0xfa, 0xc9, 0xfa, 0xc8, 0xfa, 0xc9, 0xfa, 0xc9, 0xfa, 0xc9, 0xfa,
    0x61, 0x18, 0x00, 0x10, 0x00, 0x00, 0x00, 0x08, 0x00, 0x08, 0x00, 0x00,
    0xff, 0xff, 0xff, 0xff, 0xff, 0xff, 0xff, 0xff, 0xff, 0xff, 0xff, 0xff,
    0xff, 0xff, 0xff, 0xff, 0xff, 0xff, 0xff, 0xff, 0xff, 0xff, 0xff, 0xff,
    0xff, 0xff, 0xff, 0xff, 0xff, 0xff, 0xff, 0xff, 0xff, 0xff, 0xff, 0xff,
    0xff, 0xff, 0xff, 0xff, 0xff, 0xff, 0xff, 0xff, 0xff, 0xff, 0xff, 0xff,
    0xff, 0xff, 0xff, 0xff, 0xff, 0xff, 0x00, 0x08, 0x00, 0x08, 0x47, 0xda,
    0xc9, 0xfa, 0xc9, 0xfa, 0xc9, 0xfa, 0xc9, 0xfa, 0xc9, 0xfa, 0xc9, 0xfa,
    0xc8, 0xfa, 0xc9, 0xfa, 0xc9, 0xfa, 0xc9, 0xfa, 0xc9, 0xfa, 0xc9, 0xfa,
    0xc9, 0xfa, 0xc9, 0xfa, 0xc9, 0xfa, 0xc8, 0xfa, 0xc9, 0xfa, 0xc9, 0xfa,
    0xc9, 0xfa, 0xc9, 0xfa, 0xc9, 0xfa, 0xc9, 0xfa, 0xc9, 0xfa, 0xc8, 0xfa,
    0xc9, 0xfa, 0x0a, 0xeb, 0xc4, 0xb9, 0x00, 0x08, 0x00, 0x08, 0x20, 0x08,
    0x00, 0x00, 0x00, 0x08, 0x00, 0x08, 0xff, 0xff, 0xff, 0xff, 0xff, 0xff,
    0xff, 0xff, 0xff, 0xff, 0xff, 0xff, 0xff, 0xff, 0xff, 0xff, 0xff, 0xff,
    0xff, 0xff, 0xff, 0xff, 0xff, 0xff, 0xff, 0xff, 0xff, 0xff, 0xff, 0xff,
    0xff, 0xff, 0xff, 0xff, 0xff, 0xff, 0xff, 0xff, 0x21, 0x00, 0x00, 0x38,
    0xca, 0xa2, 0xc9, 0xfa, 0xc9, 0xfa, 0xc8, 0xfa, 0xc9, 0xfa, 0xc9, 0xfa,
    0xc9, 0xfa, 0xc9, 0xfa, 0xc9, 0xfa, 0xc8, 0xfa, 0xc9, 0xfa, 0xc9, 0xfa,
    0xc8, 0xfa, 0xc9, 0xfa, 0xc9, 0xfa, 0xc9, 0xfa, 0xc9, 0xfa, 0xc8, 0xfa,
    0xc9, 0xfa, 0xc9, 0xfa, 0xc9, 0xfa, 0xc8, 0xfa, 0xc9, 0xfa, 0xc9, 0xfa,
    0xc8, 0xfa, 0xc9, 0xfa, 0xc9, 0xfa, 0xa9, 0x92, 0x20, 0x30, 0x00, 0x08,
    0x00, 0x08, 0x00, 0x08, 0x00, 0x08, 0x20, 0x00, 0xff, 0xff, 0xff, 0xff,
    0xff, 0xff, 0xff, 0xff, 0xff, 0xff, 0x00, 0x08, 0x20, 0x00, 0x02, 0x99,
    0x4b, 0xd3, 0xe9, 0xf2, 0xe9, 0xf2, 0xe9, 0xf2, 0xe9, 0xf2, 0xe9, 0xf2,
    0xe9, 0xf2, 0xe9, 0xf2, 0xe9, 0xf2, 0xe9, 0xf2, 0xe9, 0xf2, 0xe9, 0xf2,
    0xe9, 0xf2, 0xc9, 0xfa, 0xc9, 0xfa, 0xc9, 0xfa, 0xc9, 0xfa, 0xc9, 0xfa,
    0xc8, 0xfa, 0xc9, 0xfa, 0xc9, 0xfa, 0xc8, 0xfa, 0xc9, 0xfa, 0xc9, 0xfa,
    0xc9, 0xfa, 0xc9, 0xfa, 0xc9, 0xfa, 0x00, 0x18, 0x00, 0x10, 0x00, 0x10,
    0x00, 0x10, 0x00, 0x10, 0x00, 0x10, 0x00, 0x10, 0x00, 0x10, 0x00, 0x10,
    0x00, 0x10, 0x00, 0x10, 0x00, 0x10, 0x00, 0x10, 0x00, 0x10, 0x00, 0x10,
    0x00, 0x10, 0x00, 0x10, 0x00, 0x10, 0x00, 0x10, 0x00, 0x10, 0x00, 0x10,
    0x00, 0x10, 0x00, 0x10, 0x00, 0x10, 0x00, 0x10, 0x00, 0x10, 0x00, 0x28,
    0x85, 0x61, 0xc9, 0xfa, 0xc9, 0xfa, 0xc9, 0xfa, 0xc9, 0xfa, 0xc9, 0xfa,
    0xc9, 0xfa, 0xc9, 0xfa, 0xc9, 0xfa, 0xc9, 0xfa, 0xc9, 0xfa, 0xc9, 0xfa,
    0xc9, 0xfa, 0xe9, 0xfa, 0xe8, 0xfa, 0xe9, 0xf2, 0xe9, 0xf2, 0xe9, 0xf2,
    0xe9, 0xf2, 0xe9, 0xf2, 0xe9, 0xf2, 0xe9, 0xf2, 0xe9, 0xf2, 0xe9, 0xf2,
    0xe9, 0xf2, 0xe9, 0xf2, 0xe9, 0xf2, 0x8c, 0xc3, 0x00, 0x50, 0x00, 0x08,
    0x20, 0x00, 0x00, 0x08, 0x20, 0x08, 0x21, 0x00, 0xff, 0xff, 0xff, 0xff,
    0xff, 0xff, 0xff, 0xff, 0xff, 0xff, 0xff, 0xff, 0x20, 0x00, 0x00, 0x50,
    0x8c, 0xcb, 0xc9, 0xfa, 0xc9, 0xfa, 0xc9, 0xfa, 0xc9, 0xfa, 0xc9, 0xfa,
    0xc9, 0xfa, 0xc9, 0xfa, 0xc9, 0xfa, 0xc9, 0xfa, 0xc9, 0xfa, 0xc9, 0xfa,
    0xc9, 0xfa, 0xc9, 0xfa, 0xc9, 0xfa, 0xc9, 0xfa, 0xc9, 0xfa, 0xc9, 0xfa,
    0xc9, 0xfa, 0xc9, 0xfa, 0xc9, 0xfa, 0xc9, 0xfa, 0xc9, 0xfa, 0xc9, 0xfa,
    0xc9, 0xfa, 0xc9, 0xfa, 0xc9, 0xfa, 0xc6, 0x59, 0x00, 0x20, 0x00, 0x00,
    0x00, 0x08, 0x20, 0x08, 0x00, 0x08, 0x21, 0x00, 0xff, 0xff, 0xff, 0xff,
    0xff, 0xff, 0xff, 0xff, 0xff, 0xff, 0xff, 0xff, 0xff, 0xff, 0xff, 0xff,
    0xff, 0xff, 0xff, 0xff, 0xff, 0xff, 0xff, 0xff, 0xff, 0xff, 0xff, 0xff,
    0xff, 0xff, 0xff, 0xff, 0xff, 0xff, 0xff, 0xff, 0xff, 0xff, 0xff, 0xff,
    0xff, 0xff, 0xff, 0xff, 0xff, 0xff, 0xff, 0xff, 0xff, 0xff, 0xff, 0xff,
    0xff, 0xff, 0xff, 0xff, 0xff, 0xff, 0xff, 0xff, 0xff, 0xff, 0xff, 0xff,
    0xff, 0xff, 0xff, 0xff, 0xff, 0xff, 0xff, 0xff, 0xff, 0xff, 0xff, 0xff,
    0xff, 0xff, 0xff, 0xff, 0xff, 0xff, 0xff, 0xff, 0xff, 0xff, 0xff, 0xff,
    0xff, 0xff, 0xff, 0xff, 0xff, 0xff, 0xff, 0xff, 0xff, 0xff, 0xff, 0xff,
    0xff, 0xff, 0xff, 0xff, 0xff, 0xff, 0xff, 0xff, 0xff, 0xff, 0xff, 0xff,
    0xff, 0xff, 0xff, 0xff, 0xff, 0xff, 0xff, 0xff, 0x21, 0x08, 0x20, 0x30,
    0xa9, 0x92, 0xc9, 0xfa, 0xc9, 0xfa, 0xc9, 0xfa, 0xc9, 0xfa, 0xc9, 0xfa,
    0xc9, 0xfa, 0xc9, 0xfa, 0xc8, 0xfa, 0xc9, 0xfa, 0xc9, 0xfa, 0xc8, 0xfa,
    0xc9, 0xfa, 0xc9, 0xfa, 0xc9, 0xfa, 0xc9, 0xfa, 0xc8, 0xfa, 0xc9, 0xfa,
    0xc9, 0xfa, 0xc8, 0xfa, 0xc9, 0xfa, 0xc9, 0xfa, 0xc9, 0xfa, 0xc9, 0xfa,
    0xc9, 0xfa, 0xc9, 0xfa, 0xc8, 0xfa, 0xe9, 0xfa, 0xc9, 0xfa, 0xc9, 0xfa,
    0xe9, 0xfa, 0xc8, 0xfa, 0xc9, 0xfa, 0xe9, 0xfa, 0xc9, 0xfa, 0xc9, 0xfa,
    0xe9, 0xfa, 0xc9, 0xfa, 0xc9, 0xfa, 0xe9, 0xfa, 0xc9, 0xfa, 0xc8, 0xfa,
    0xc9, 0xfa, 0xc9, 0xfa, 0xc9, 0xfa, 0xc9, 0xfa, 0xc9, 0xfa, 0xc9, 0xfa,
    0xc9, 0xfa, 0xc9, 0xfa, 0xc9, 0xfa, 0xc9, 0xfa, 0xc8, 0xfa, 0xc9, 0xfa,
    0xc9, 0xfa, 0xc8, 0xfa, 0xc9, 0xfa, 0xc9, 0xfa, 0xc9, 0xfa, 0xc9, 0xfa,
    0xc9, 0xfa, 0xc8, 0xfa, 0xc9, 0xfa, 0xc9, 0xfa, 0xc9, 0xfa, 0xc9, 0xfa,
    0xc9, 0xfa, 0xc9, 0xfa, 0xc9, 0xfa, 0x41, 0x10, 0x00, 0x10, 0x20, 0x08,
    0x00, 0x00, 0x00, 0x08, 0x20, 0x08, 0xff, 0xff, 0xff, 0xff, 0xff, 0xff,
    0xff, 0xff, 0xff, 0xff, 0xff, 0xff, 0xff, 0xff, 0xff, 0xff, 0xff, 0xff,
    0xff, 0xff, 0xff, 0xff, 0xff, 0xff, 0xff, 0xff, 0xff, 0xff, 0xff, 0xff,
    0xff, 0xff, 0xff, 0xff, 0xff, 0xff, 0xff, 0xff, 0xff, 0xff, 0xff, 0xff,
    0xff, 0xff, 0xff, 0xff, 0xff, 0xff, 0xff, 0xff, 0xff, 0xff, 0xff, 0xff,
    0x00, 0x08, 0x00, 0x08, 0x47, 0xda, 0xe9, 0xf2, 0xc9, 0xfa, 0xc9, 0xfa,
    0xc9, 0xfa, 0xc9, 0xfa, 0xc9, 0xfa, 0xc9, 0xfa, 0xc9, 0xfa, 0xc9, 0xfa,
    0xc8, 0xfa, 0xc9, 0xfa, 0xc9, 0xfa, 0xc8, 0xfa, 0xc9, 0xfa, 0xc9, 0xfa,
    0xc9, 0xfa, 0xc9, 0xfa, 0xc9, 0xfa, 0xc8, 0xfa, 0xc9, 0xfa, 0xc9, 0xfa,
    0xc8, 0xfa, 0xc9, 0xfa, 0xc9, 0xfa, 0xc9, 0xfa, 0x0a, 0xeb, 0xa5, 0xb9,
    0x00, 0x08, 0x20, 0x08, 0x00, 0x08, 0x00, 0x08, 0x00, 0x00, 0x20, 0x08,
    0xff, 0xff, 0xff, 0xff, 0xff, 0xff, 0xff, 0xff, 0xff, 0xff, 0xff, 0xff,
    0xff, 0xff, 0xff, 0xff, 0xff, 0xff, 0xff, 0xff, 0xff, 0xff, 0xff, 0xff,
    0xff, 0xff, 0xff, 0xff, 0xff, 0xff, 0xff, 0xff, 0xff, 0xff, 0xff, 0xff,
    0xff, 0xff, 0x20, 0x00, 0x00, 0x38, 0xca, 0xa2, 0xc9, 0xfa, 0xc9, 0xfa,
    0xc9, 0xfa, 0xc9, 0xfa, 0xc9, 0xfa, 0xc9, 0xfa, 0xc9, 0xfa, 0xc9, 0xfa,
    0xc9, 0xfa, 0xc9, 0xfa, 0xc9, 0xfa, 0xc9, 0xfa, 0xc9, 0xfa, 0xc9, 0xfa,
    0xc8, 0xfa, 0xc9, 0xfa, 0xc9, 0xfa, 0xc9, 0xfa, 0xc9, 0xfa, 0xc9, 0xfa,
    0xc9, 0xfa, 0xc9, 0xfa, 0xc9, 0xfa, 0xc9, 0xfa, 0xc9, 0xfa, 0xc9, 0xfa,
    0xaa, 0x92, 0x20, 0x30, 0x20, 0x08, 0x00, 0x08, 0x20, 0x08, 0x00, 0x08,
    0x21, 0x00, 0xff, 0xff, 0xff, 0xff, 0xff, 0xff, 0xff, 0xff, 0xff, 0xff,
    0x00, 0x08, 0x00, 0x08, 0x03, 0x99, 0x4b, 0xd3, 0xe9, 0xf2, 0xea, 0xf2,
    0xe9, 0xf2, 0xe9, 0xf2, 0xe9, 0xf2, 0xe9, 0xf2, 0xe9, 0xf2, 0xe9, 0xf2,
    0xea, 0xf2, 0xe9, 0xf2, 0xe9, 0xf2, 0xe9, 0xf2, 0xc9, 0xfa, 0xc9, 0xfa,
    0xc9, 0xfa, 0xc9, 0xfa, 0xc9, 0xfa, 0xc9, 0xfa, 0xc9, 0xfa, 0xc9, 0xfa,
    0xc9, 0xfa, 0xc9, 0xfa, 0xc9, 0xfa, 0xc9, 0xfa, 0xc9, 0xfa, 0xc9, 0xfa,
    0x00, 0x18, 0x00, 0x10, 0x00, 0x10, 0x00, 0x10, 0x00, 0x10, 0x00, 0x08,
    0x00, 0x10, 0x00, 0x10, 0x00, 0x10, 0x00, 0x10, 0x00, 0x08, 0x00, 0x10,
    0x00, 0x10, 0x00, 0x10, 0x00, 0x10, 0x00, 0x10, 0x00, 0x10, 0x00, 0x10,
    0x00, 0x10, 0x00, 0x10, 0x00, 0x10, 0x00, 0x10, 0x00, 0x10, 0x00, 0x10,
    0x00, 0x10, 0x00, 0x10, 0x00, 0x20, 0x85, 0x61, 0xc9, 0xfa, 0xc9, 0xfa,
    0xc9, 0xfa, 0xc8, 0xfa, 0xc9, 0xfa, 0xc9, 0xfa, 0xc8, 0xfa, 0xc9, 0xfa,
    0xc9, 0xfa, 0xc8, 0xfa, 0xc9, 0xfa, 0xc9, 0xfa, 0xc9, 0xfa, 0xe9, 0xfa,
    0xe9, 0xf2, 0xe9, 0xf2, 0xe9, 0xf2, 0xe9, 0xf2, 0xe9, 0xf2, 0xe9, 0xf2,
    0xe9, 0xf2, 0xe9, 0xf2, 0xe9, 0xf2, 0xe9, 0xf2, 0xe9, 0xf2, 0xea, 0xf2,
    0x8c, 0xc3, 0x00, 0x50, 0x00, 0x08, 0x00, 0x00, 0x00, 0x08, 0x00, 0x08,
    0x20, 0x00, 0xff, 0xff, 0xff, 0xff, 0xff, 0xff, 0xff, 0xff, 0xff, 0xff,
    0xff, 0xff, 0x20, 0x08, 0x00, 0x50, 0x6c, 0xc3, 0xc9, 0xfa, 0xc9, 0xfa,
    0xc9, 0xfa, 0xc9, 0xfa, 0xc9, 0xfa, 0xc9, 0xfa, 0xc9, 0xfa, 0xc8, 0xfa,
    0xc9, 0xfa, 0xc9, 0xfa, 0xc8, 0xfa, 0xc9, 0xfa, 0xc9, 0xfa, 0xc9, 0xfa,
    0xc9, 0xfa, 0xc8, 0xfa, 0xc9, 0xfa, 0xc9, 0xfa, 0xc9, 0xfa, 0xc9, 0xfa,
    0xc9, 0xfa, 0xc9, 0xfa, 0xc9, 0xfa, 0xc9, 0xfa, 0xc9, 0xfa, 0xc9, 0xfa,
    0xe6, 0x59, 0x00, 0x20, 0x00, 0x08, 0x20, 0x00, 0x00, 0x08, 0x00, 0x08,
    0x20, 0x00, 0xff, 0xff, 0xff, 0xff, 0xff, 0xff, 0xff, 0xff, 0xff, 0xff,
    0xff, 0xff, 0xff, 0xff, 0xff, 0xff, 0xff, 0xff, 0xff, 0xff, 0xff, 0xff,
    0xff, 0xff, 0xff, 0xff, 0xff, 0xff, 0xff, 0xff, 0xff, 0xff, 0xff, 0xff,
    0xff, 0xff, 0xff, 0xff, 0xff, 0xff, 0xff, 0xff, 0xff, 0xff, 0xff, 0xff,
    0xff, 0xff, 0xff, 0xff, 0xff, 0xff, 0xff, 0xff, 0xff, 0xff, 0xff, 0xff,
    0xff, 0xff, 0xff, 0xff, 0xff, 0xff, 0xff, 0xff, 0xff, 0xff, 0xff, 0xff,
    0xff, 0xff, 0xff, 0xff, 0xff, 0xff, 0xff, 0xff, 0xff, 0xff, 0xff, 0xff,
    0xff, 0xff, 0xff, 0xff, 0xff, 0xff, 0xff, 0xff, 0xff, 0xff, 0xff, 0xff,
    0xff, 0xff, 0xff, 0xff, 0xff, 0xff, 0xff, 0xff, 0xff, 0xff, 0xff, 0xff,
    0xff, 0xff, 0xff, 0xff, 0xff, 0xff, 0xff, 0xff, 0xff, 0xff, 0xff, 0xff,
    0xff, 0xff, 0x20, 0x00, 0x20, 0x30, 0xaa, 0x9a, 0xc9, 0xfa, 0xc9, 0xfa,
    0xc9, 0xfa, 0xc9, 0xfa, 0xc8, 0xfa, 0xc9, 0xfa, 0xc9, 0xfa, 0xc9, 0xfa,
    0xc9, 0xfa, 0xc9, 0xfa, 0xc9, 0xfa, 0xc9, 0xfa, 0xc9, 0xfa, 0xc9, 0xfa,
    0xc9, 0xfa, 0xc9, 0xfa, 0xc9, 0xfa, 0xc9, 0xfa, 0xc9, 0xfa, 0xc9, 0xfa,
    0xc9, 0xfa, 0xc8, 0xfa, 0xc9, 0xfa, 0xc9, 0xfa, 0xc9, 0xfa, 0xc9, 0xfa,
    0xc9, 0xfa, 0xc9, 0xfa, 0xc9, 0xfa, 0xe9, 0xfa, 0xc9, 0xfa, 0xc9, 0xfa,
    0xc9, 0xfa, 0xc8, 0xfa, 0xc9, 0xfa, 0xc9, 0xfa, 0xc8, 0xfa, 0xc9, 0xfa,
    0xc9, 0xfa, 0xe9, 0xfa, 0xc9, 0xfa, 0xc9, 0xfa, 0xc9, 0xfa, 0xc8, 0xfa,
    0xc9, 0xfa, 0xc9, 0xfa, 0xc9, 0xfa, 0xc9, 0xfa, 0xc8, 0xfa, 0xc9, 0xfa,
    0xc9, 0xfa, 0xc9, 0xfa, 0xc9, 0xfa, 0xc9, 0xfa, 0xc9, 0xfa, 0xc9, 0xfa,
    0xc8, 0xfa, 0xc9, 0xfa, 0xc9, 0xfa, 0xc9, 0xfa, 0xc9, 0xfa, 0xc9, 0xfa,
    0xc9, 0xfa, 0xc8, 0xfa, 0xc9, 0xfa, 0xc9, 0xfa, 0xc8, 0xfa, 0xc9, 0xfa,
    0x41, 0x18, 0x00, 0x10, 0x00, 0x08, 0x00, 0x08, 0x20, 0x08, 0x00, 0x08,
    0xff, 0xff, 0xff, 0xff, 0xff, 0xff, 0xff, 0xff, 0xff, 0xff, 0xff, 0xff,
    0xff, 0xff, 0xff, 0xff, 0xff, 0xff, 0xff, 0xff, 0xff, 0xff, 0xff, 0xff,
    0xff, 0xff, 0xff, 0xff, 0xff, 0xff, 0xff, 0xff, 0xff, 0xff, 0xff, 0xff,
    0xff, 0xff, 0xff, 0xff, 0xff, 0xff, 0xff, 0xff, 0xff, 0xff, 0xff, 0xff,
    0xff, 0xff, 0xff, 0xff, 0xff, 0xff, 0x00, 0x08, 0x00, 0x08, 0x47, 0xda,
    0xe9, 0xfa, 0xc9, 0xfa, 0xc8, 0xfa, 0xc9, 0xfa, 0xc9, 0xfa, 0xc8, 0xfa,
    0xc9, 0xfa, 0xc9, 0xfa, 0xc9, 0xfa, 0xc9, 0xfa, 0xc9, 0xfa, 0xc9, 0xfa,
    0xc9, 0xfa, 0xc9, 0xfa, 0xc9, 0xfa, 0xc9, 0xfa, 0xc9, 0xfa, 0xc9, 0xfa,
    0xc9, 0xfa, 0xc9, 0xfa, 0xc9, 0xfa, 0xc9, 0xfa, 0xc9, 0xfa, 0xc9, 0xfa,
    0xc9, 0xfa, 0x0a, 0xeb, 0xa5, 0xb9, 0x00, 0x08, 0x00, 0x00, 0x00, 0x08,
    0x20, 0x08, 0x00, 0x08, 0x00, 0x08, 0xff, 0xff, 0xff, 0xff, 0xff, 0xff,
    0xff, 0xff, 0xff, 0xff, 0xff, 0xff, 0xff, 0xff, 0xff, 0xff, 0xff, 0xff,
    0xff, 0xff, 0xff, 0xff, 0xff, 0xff, 0xff, 0xff, 0xff, 0xff, 0xff, 0xff,
    0xff, 0xff, 0xff, 0xff, 0xff, 0xff, 0xff, 0xff, 0x20, 0x00, 0x00, 0x38,
    0xca, 0xa2, 0xc9, 0xfa, 0xc9, 0xfa, 0xc9, 0xfa, 0xc9, 0xfa, 0xc8, 0xfa,
    0xc9, 0xfa, 0xc9, 0xfa, 0xc8, 0xfa, 0xc9, 0xfa, 0xc9, 0xfa, 0xc9, 0xfa,
    0xc9, 0xfa, 0xc9, 0xfa, 0xc9, 0xfa, 0xc9, 0xfa, 0xc9, 0xfa, 0xc9, 0xfa,
    0xc9, 0xfa, 0xc9, 0xfa, 0xc8, 0xfa, 0xc9, 0xfa, 0xc9, 0xfa, 0xc9, 0xfa,
    0xc9, 0xfa, 0xc9, 0xfa, 0xc9, 0xfa, 0xa9, 0x92, 0x20, 0x30, 0x00, 0x08,
    0x00, 0x08, 0x00, 0x00, 0x20, 0x08, 0x20, 0x00, 0xff, 0xff, 0xff, 0xff,
    0xff, 0xff, 0xff, 0xff, 0xff, 0xff, 0x20, 0x00, 0x20, 0x08, 0x81, 0x30,
    0x24, 0x51, 0x24, 0x51, 0x24, 0x51, 0x24, 0x51, 0x24, 0x49, 0x24, 0x51,
    0x24, 0x51, 0x24, 0x49, 0x24, 0x51, 0x24, 0x51, 0x24, 0x49, 0x24, 0x51,
    0x24, 0x51, 0x47, 0xda, 0xe9, 0xf2, 0xc9, 0xfa, 0xc9, 0xfa, 0xc8, 0xfa,
    0xc9, 0xfa, 0xc9, 0xfa, 0xc9, 0xfa, 0xc9, 0xfa, 0xc9, 0xfa, 0xc8, 0xfa,
    0xc9, 0xfa, 0xc9, 0xfa, 0xc8, 0xfa, 0xe6, 0xb9, 0xc5, 0xb9, 0xa5, 0xb9,
    0xc5, 0xb9, 0xc5, 0xb9, 0xc5, 0xb9, 0xc5, 0xb9, 0xc5, 0xb9, 0xc5, 0xb9,
    0xc5, 0xb9, 0xc5, 0xb9, 0xc5, 0xb9, 0xc5, 0xb9, 0xc5, 0xb9, 0xc5, 0xb9,
    0xc5, 0xb9, 0xc5, 0xb9, 0xc5, 0xb9, 0xc5, 0xb9, 0xc5, 0xb9, 0xc5, 0xb9,
    0xc5, 0xb9, 0xc5, 0xb9, 0xc5, 0xb9, 0xc5, 0xb9, 0xa5, 0xb9, 0xc5, 0xb9,
    0x47, 0xca, 0xc9, 0xfa, 0xc9, 0xfa, 0xc9, 0xfa, 0xc9, 0xfa, 0xc9, 0xfa,
    0xc9, 0xfa, 0xc9, 0xfa, 0xc9, 0xfa, 0xc9, 0xfa, 0xc9, 0xfa, 0xc9, 0xfa,
    0xc9, 0xfa, 0x2a, 0xe3, 0x84, 0xa1, 0x24, 0x51, 0x24, 0x51, 0x24, 0x51,
    0x24, 0x51, 0x24, 0x49, 0x24, 0x51, 0x24, 0x51, 0x24, 0x49, 0x24, 0x51,
    0x24, 0x51, 0x24, 0x51, 0x24, 0x51, 0x64, 0x41, 0x00, 0x20, 0x00, 0x08,
    0x00, 0x08, 0x20, 0x08, 0x00, 0x08, 0x20, 0x00, 0xff, 0xff, 0xff, 0xff,
    0xff, 0xff, 0xff, 0xff, 0xff, 0xff, 0xff, 0xff, 0x21, 0x00, 0x00, 0x50,
    0x6c, 0xc3, 0xc9, 0xfa, 0xc9, 0xfa, 0xc9, 0xfa, 0xc8, 0xfa, 0xc9, 0xfa,
    0xc9, 0xfa, 0xc9, 0xfa, 0xc9, 0xfa, 0xc9, 0xfa, 0xc9, 0xfa, 0xc9, 0xfa,
    0xc9, 0xfa, 0xc8, 0xfa, 0xc9, 0xfa, 0xc9, 0xfa, 0xc9, 0xfa, 0xc9, 0xfa,
    0xc8, 0xfa, 0xc9, 0xfa, 0xc9, 0xfa, 0xc8, 0xfa, 0xc9, 0xfa, 0xc9, 0xfa,
    0xc8, 0xfa, 0xc9, 0xfa, 0xc9, 0xfa, 0xc6, 0x59, 0x00, 0x20, 0x00, 0x08,
    0x00, 0x08, 0x00, 0x00, 0x00, 0x08, 0x20, 0x00, 0xff, 0xff, 0xff, 0xff,
    0xff, 0xff, 0xff, 0xff, 0xff, 0xff, 0xff, 0xff, 0xff, 0xff, 0xff, 0xff,
    0xff, 0xff, 0xff, 0xff, 0xff, 0xff, 0xff, 0xff, 0xff, 0xff, 0xff, 0xff,
    0xff, 0xff, 0xff, 0xff, 0xff, 0xff, 0xff, 0xff, 0xff, 0xff, 0xff, 0xff,
    0xff, 0xff, 0xff, 0xff, 0xff, 0xff, 0xff, 0xff, 0xff, 0xff, 0xff, 0xff,
    0xff, 0xff, 0xff, 0xff, 0xff, 0xff, 0xff, 0xff, 0xff, 0xff, 0xff, 0xff,
    0xff, 0xff, 0xff, 0xff, 0xff, 0xff, 0xff, 0xff, 0xff, 0xff, 0xff, 0xff,
    0xff, 0xff, 0xff, 0xff, 0xff, 0xff, 0xff, 0xff, 0xff, 0xff, 0xff, 0xff,
    0xff, 0xff, 0xff, 0xff, 0xff, 0xff, 0xff, 0xff, 0xff, 0xff, 0xff, 0xff,
    0xff, 0xff, 0xff, 0xff, 0xff, 0xff, 0xff, 0xff, 0xff, 0xff, 0xff, 0xff,
    0xff, 0xff, 0xff, 0xff, 0xff, 0xff, 0xff, 0xff, 0x20, 0x00, 0x20, 0x30,
    0xaa, 0x92, 0xc9, 0xfa, 0xc9, 0xfa, 0xc9, 0xfa, 0xc9, 0xfa, 0xc9, 0xfa,
    0xc9, 0xfa, 0xc9, 0xfa, 0xc9, 0xfa, 0xc9, 0xfa, 0xc9, 0xfa, 0xc9, 0xfa,
    0xc9, 0xfa, 0xc8, 0xfa, 0xc9, 0xfa, 0xc9, 0xfa, 0xc9, 0xfa, 0xc9, 0xfa,
    0xc8, 0xfa, 0xc9, 0xfa, 0xc9, 0xfa, 0xc9, 0xfa, 0xc9, 0xfa, 0xc9, 0xfa,
    0xc9, 0xfa, 0xc8, 0xfa, 0xc9, 0xfa, 0x4b, 0xd3, 0x2a, 0xdb, 0x6c, 0xbb,
    0x6c, 0xbb, 0x6c, 0xbb, 0x6c, 0xbb, 0x6c, 0xbb, 0x6c, 0xbb, 0x6c, 0xbb,
    0x6c, 0xbb, 0x6c, 0xbb, 0x6c, 0xbb, 0x6c, 0xbb, 0x6c, 0xbb, 0xe9, 0xea,
    0x0a, 0xeb, 0xc9, 0xfa, 0xc9, 0xfa, 0xc9, 0xfa, 0xc9, 0xfa, 0xc9, 0xfa,
    0xc9, 0xfa, 0xc9, 0xfa, 0xc9, 0xfa, 0xc9, 0xfa, 0xc9, 0xfa, 0xc9, 0xfa,
    0xc9, 0xfa, 0xc9, 0xfa, 0xc9, 0xfa, 0xc9, 0xfa, 0xc9, 0xfa, 0xc9, 0xfa,
    0xc8, 0xfa, 0xc9, 0xfa, 0xc9, 0xfa, 0xc9, 0xfa, 0xc9, 0xfa, 0xc9, 0xfa,
    0xc9, 0xfa, 0xc9, 0xfa, 0xc9, 0xfa, 0x61, 0x18, 0x00, 0x10, 0x00, 0x00,
    0x00, 0x08, 0x00, 0x00, 0x00, 0x08, 0xff, 0xff, 0xff, 0xff, 0xff, 0xff,
    0xff, 0xff, 0xff, 0xff, 0xff, 0xff, 0xff, 0xff, 0xff, 0xff, 0xff, 0xff,
    0xff, 0xff, 0xff, 0xff, 0xff, 0xff, 0xff, 0xff, 0xff, 0xff, 0xff, 0xff,
    0xff, 0xff, 0xff, 0xff, 0xff, 0xff, 0xff, 0xff, 0xff, 0xff, 0xff, 0xff,
    0xff, 0xff, 0xff, 0xff, 0xff, 0xff, 0xff, 0xff, 0xff, 0xff, 0xff, 0xff,
    0x00, 0x00, 0x20, 0x08, 0x47, 0xda, 0xc9, 0xfa, 0xc9, 0xfa, 0xc9, 0xfa,
    0xc9, 0xfa, 0xc9, 0xfa, 0xc9, 0xfa, 0xc9, 0xfa, 0xc9, 0xfa, 0xc9, 0xfa,
    0xc9, 0xfa, 0xc8, 0xfa, 0xc9, 0xfa, 0xc9, 0xfa, 0xc9, 0xfa, 0xc8, 0xfa,
    0xc9, 0xfa, 0xc9, 0xfa, 0xc8, 0xfa, 0xc9, 0xfa, 0xc9, 0xfa, 0xc9, 0xfa,
    0xc9, 0xfa, 0xc9, 0xfa, 0xc9, 0xfa, 0xc8, 0xfa, 0x0a, 0xeb, 0xc5, 0xb9,
    0x00, 0x08, 0x00, 0x08, 0x20, 0x00, 0x00, 0x08, 0x00, 0x08, 0x00, 0x00,
    0xff, 0xff, 0xff, 0xff, 0xff, 0xff, 0xff, 0xff, 0xff, 0xff, 0xff, 0xff,
    0xff, 0xff, 0xff, 0xff, 0xff, 0xff, 0xff, 0xff, 0xff, 0xff, 0xff, 0xff,
    0xff, 0xff, 0xff, 0xff, 0xff, 0xff, 0xff, 0xff, 0xff, 0xff, 0xff, 0xff,
    0xff, 0xff, 0x21, 0x00, 0x00, 0x38, 0xca, 0xa2, 0xc9, 0xfa, 0xc9, 0xfa,
    0xc9, 0xfa, 0xc9, 0xfa, 0xc9, 0xfa, 0xc9, 0xfa, 0xc9, 0xfa, 0xc9, 0xfa,
    0xc9, 0xfa, 0xc9, 0xfa, 0xc8, 0xfa, 0xc9, 0xfa, 0xc9, 0xfa, 0xc8, 0xfa,
    0xc9, 0xfa, 0xc9, 0xfa, 0xc9, 0xfa, 0xc9, 0xfa, 0xc9, 0xfa, 0xc9, 0xfa,
    0xc9, 0xfa, 0xc9, 0xfa, 0xc8, 0xfa, 0xc9, 0xfa, 0xc9, 0xfa, 0xc9, 0xfa,
    0xa9, 0x92, 0x20, 0x30, 0x00, 0x08, 0x00, 0x08, 0x00, 0x08, 0x00, 0x08,
    0x21, 0x00, 0xff, 0xff, 0xff, 0xff, 0xff, 0xff, 0xff, 0xff, 0xff, 0xff,
    0xff, 0xff, 0x20, 0x08, 0x00, 0x20, 0x00, 0x20, 0x00, 0x20, 0x00, 0x20,
    0x00, 0x20, 0x00, 0x28, 0x00, 0x20, 0x00, 0x20, 0x00, 0x28, 0x00, 0x20,
    0x00, 0x20, 0x00, 0x28, 0x00, 0x20, 0x00, 0x20, 0x27, 0xca, 0xe9, 0xf2,
    0xc9, 0xfa, 0xc9, 0xfa, 0xc9, 0xfa, 0xc9, 0xfa, 0xc9, 0xfa, 0xc8, 0xfa,
    0xc9, 0xfa, 0xc9, 0xfa, 0xc9, 0xfa, 0xc9, 0xfa, 0xc9, 0xfa, 0xc9, 0xfa,
    0x2a, 0xe3, 0x2a, 0xe3, 0x2a, 0xe3, 0x2a, 0xe3, 0x2a, 0xe3, 0x0a, 0xe3,
    0x2a, 0xe3, 0x2a, 0xdb, 0x0a, 0xe3, 0x2a, 0xe3, 0x2a, 0xe3, 0x0a, 0xe3,
    0x2a, 0xdb, 0x2a, 0xe3, 0x0a, 0xdb, 0x2a, 0xe3, 0x2b, 0xdb, 0x0a, 0xe3,
    0x2a, 0xdb, 0x2b, 0xe3, 0x0a, 0xe3, 0x2a, 0xdb, 0x2b, 0xe3, 0x2a, 0xe3,
    0x2a, 0xe3, 0x2b, 0xe3, 0x0a, 0xeb, 0x0a, 0xeb, 0xc9, 0xfa, 0xc9, 0xfa,
    0xc9, 0xfa, 0xc9, 0xfa, 0xc9, 0xfa, 0xc9, 0xfa, 0xc9, 0xfa, 0xc9, 0xfa,
    0xc9, 0xfa, 0xc9, 0xfa, 0xc9, 0xfa, 0xc9, 0xfa, 0x2a, 0xe3, 0xa1, 0x80,
    0x00, 0x20, 0x00, 0x20, 0x00, 0x28, 0x00, 0x20, 0x00, 0x20, 0x00, 0x28,
    0x00, 0x20, 0x00, 0x20, 0x00, 0x28, 0x00, 0x20, 0x00, 0x20, 0x00, 0x20,
    0x00, 0x18, 0x00, 0x18, 0x00, 0x00, 0x00, 0x08, 0x20, 0x08, 0x00, 0x08,
    0x21, 0x00, 0xff, 0xff, 0xff, 0xff, 0xff, 0xff, 0xff, 0xff, 0xff, 0xff,
    0xff, 0xff, 0x20, 0x00, 0x00, 0x50, 0x6c, 0xcb, 0xc9, 0xfa, 0xc9, 0xfa,
    0xc9, 0xfa, 0xc9, 0xfa, 0xc9, 0xfa, 0xc8, 0xfa, 0xc9, 0xfa, 0xc9, 0xfa,
    0xc9, 0xfa, 0xc9, 0xfa, 0xc9, 0xfa, 0xc9, 0xfa, 0xc9, 0xfa, 0xc9, 0xfa,
    0xc9, 0xfa, 0xc9, 0xfa, 0xc9, 0xfa, 0xc9, 0xfa, 0xc9, 0xfa, 0xc9, 0xfa,
    0xc9, 0xfa, 0xc9, 0xfa, 0xc9, 0xfa, 0xc9, 0xfa, 0xc9, 0xfa, 0xc9, 0xfa,
    0xc6, 0x59, 0x00, 0x20, 0x20, 0x00, 0x00, 0x08, 0x20, 0x08, 0x00, 0x08,
    0x21, 0x00, 0xff, 0xff, 0xff, 0xff, 0xff, 0xff, 0xff, 0xff, 0xff, 0xff,
    0xff, 0xff, 0xff, 0xff, 0xff, 0xff, 0xff, 0xff, 0xff, 0xff, 0xff, 0xff,
    0xff, 0xff, 0xff, 0xff, 0xff, 0xff, 0xff, 0xff, 0xff, 0xff, 0xff, 0xff,
    0xff, 0xff, 0xff, 0xff, 0xff, 0xff, 0xff, 0xff, 0xff, 0xff, 0xff, 0xff,
    0xff, 0xff, 0xff, 0xff, 0xff, 0xff, 0xff, 0xff, 0xff, 0xff, 0xff, 0xff,
    0xff, 0xff, 0xff, 0xff, 0xff, 0xff, 0xff, 0xff, 0xff, 0xff, 0xff, 0xff,
    0xff, 0xff, 0xff, 0xff, 0xff, 0xff, 0xff, 0xff, 0xff, 0xff, 0xff, 0xff,
    0xff, 0xff, 0xff, 0xff, 0xff, 0xff, 0xff, 0xff, 0xff, 0xff, 0xff, 0xff,
    0xff, 0xff, 0xff, 0xff, 0xff, 0xff, 0xff, 0xff, 0xff, 0xff, 0xff, 0xff,
    0xff, 0xff, 0xff, 0xff, 0xff, 0xff, 0xff, 0xff, 0xff, 0xff, 0xff, 0xff,
    0xff, 0xff, 0x21, 0x08, 0x20, 0x30, 0xa9, 0x92, 0xc9, 0xfa, 0xc9, 0xfa,
    0xc9, 0xfa, 0xc9, 0xfa, 0xc9, 0xfa, 0xc8, 0xfa, 0xc9, 0xfa, 0xc9, 0xfa,
    0xc8, 0xfa, 0xc9, 0xfa, 0xc9, 0xfa, 0xc9, 0xfa, 0xc9, 0xfa, 0xc9, 0xfa,
    0xc9, 0xfa, 0xc8, 0xfa, 0xc9, 0xfa, 0xc9, 0xfa, 0xc9, 0xfa, 0xc9, 0xfa,
    0xc9, 0xfa, 0xc9, 0xfa, 0xc9, 0xfa, 0xc9, 0xfa, 0xc9, 0xfa, 0xc9, 0xfa,
    0x67, 0xba, 0x00, 0x50, 0x20, 0x40, 0x20, 0x40, 0x20, 0x40, 0x20, 0x40,
    0x20, 0x40, 0x20, 0x40, 0x20, 0x40, 0x20, 0x40, 0x20, 0x40, 0x20, 0x40,
    0x20, 0x40, 0x20, 0x40, 0x02, 0x99, 0x0a, 0xeb, 0xc9, 0xfa, 0xc9, 0xfa,
    0xc9, 0xfa, 0xc8, 0xfa, 0xc9, 0xfa, 0xc9, 0xfa, 0xc9, 0xfa, 0xc8, 0xfa,
    0xc9, 0xfa, 0xc9, 0xfa, 0xc8, 0xfa, 0xc9, 0xfa, 0xc9, 0xfa, 0xc8, 0xfa,
    0xc9, 0xfa, 0xc9, 0xfa, 0xc9, 0xfa, 0xc9, 0xfa, 0xc9, 0xfa, 0xc9, 0xfa,
    0xc9, 0xfa, 0xc9, 0xfa, 0xc9, 0xfa, 0xc9, 0xfa, 0xc9, 0xfa, 0xc8, 0xfa,
    0x61, 0x18, 0x00, 0x10, 0x00, 0x08, 0x20, 0x00, 0x00, 0x08, 0x00, 0x08,
    0xff, 0xff, 0xff, 0xff, 0xff, 0xff, 0xff, 0xff, 0xff, 0xff, 0xff, 0xff,
    0xff, 0xff, 0xff, 0xff, 0xff, 0xff, 0xff, 0xff, 0xff, 0xff, 0xff, 0xff,
    0xff, 0xff, 0xff, 0xff, 0xff, 0xff, 0xff, 0xff, 0xff, 0xff, 0xff, 0xff,
    0xff, 0xff, 0xff, 0xff, 0xff, 0xff, 0xff, 0xff, 0xff, 0xff, 0xff, 0xff,
    0xff, 0xff, 0xff, 0xff, 0xff, 0xff, 0x00, 0x08, 0x00, 0x08, 0x47, 0xda,
    0xc9, 0xfa, 0xc9, 0xfa, 0xc9, 0xfa, 0xc9, 0xfa, 0xc9, 0xfa, 0xc9, 0xfa,
    0xc9, 0xfa, 0xc8, 0xfa, 0xc9, 0xfa, 0xc9, 0xfa, 0xc9, 0xfa, 0xc9, 0xfa,
    0xc9, 0xfa, 0xc9, 0xfa, 0xc9, 0xfa, 0xc9, 0xfa, 0xc9, 0xfa, 0xc9, 0xfa,
    0xc9, 0xfa, 0xc9, 0xfa, 0xc8, 0xfa, 0xc9, 0xfa, 0xc9, 0xfa, 0xc9, 0xfa,
    0xc9, 0xfa, 0x0a, 0xeb, 0xa5, 0xb9, 0x00, 0x08, 0x00, 0x08, 0x00, 0x00,
    0x00, 0x08, 0x20, 0x08, 0x00, 0x00, 0xff, 0xff, 0xff, 0xff, 0xff, 0xff,
    0xff, 0xff, 0xff, 0xff, 0xff, 0xff, 0xff, 0xff, 0xff, 0xff, 0xff, 0xff,
    0xff, 0xff, 0xff, 0xff, 0xff, 0xff, 0xff, 0xff, 0xff, 0xff, 0xff, 0xff,
    0xff, 0xff, 0xff, 0xff, 0xff, 0xff, 0xff, 0xff, 0x20, 0x00, 0x00, 0x38,
    0xca, 0xa2, 0xc9, 0xfa, 0xc9, 0xfa, 0xc8, 0xfa, 0xc9, 0xfa, 0xc9, 0xfa,
    0xc9, 0xfa, 0xc9, 0xfa, 0xc9, 0xfa, 0xc9, 0xfa, 0xc9, 0xfa, 0xc9, 0xfa,
    0xc9, 0xfa, 0xc9, 0xfa, 0xc9, 0xfa, 0xc9, 0xfa, 0xc9, 0xfa, 0xc8, 0xfa,
    0xc9, 0xfa, 0xc9, 0xfa, 0xc9, 0xfa, 0xc9, 0xfa, 0xc9, 0xfa, 0xc9, 0xfa,
    0xc9, 0xfa, 0xc9, 0xfa, 0xc9, 0xfa, 0xca, 0x92, 0x20, 0x30, 0x00, 0x08,
    0x20, 0x08, 0x00, 0x08, 0x00, 0x08, 0x20, 0x00, 0xff, 0xff, 0xff, 0xff,
    0xff, 0xff, 0xff, 0xff, 0xff, 0xff, 0xff, 0xff, 0xff, 0xff, 0x20, 0x00,
    0x20, 0x08, 0x00, 0x08, 0x00, 0x08, 0x00, 0x08, 0x00, 0x08, 0x00, 0x08,
    0x00, 0x08, 0x00, 0x08, 0x00, 0x08, 0x00, 0x08, 0x00, 0x08, 0x00, 0x08,
    0x00, 0x08, 0x27, 0xca, 0xe9, 0xf2, 0xc9, 0xfa, 0xc9, 0xfa, 0xc9, 0xfa,
    0xc9, 0xfa, 0xc9, 0xfa, 0xc9, 0xfa, 0xc9, 0xfa, 0xc9, 0xfa, 0xc9, 0xfa,
    0xc9, 0xfa, 0xc9, 0xfa, 0xc9, 0xfa, 0xc9, 0xfa, 0xc9, 0xfa, 0xc9, 0xfa,
    0xc9, 0xfa, 0xc9, 0xfa, 0xc9, 0xfa, 0xc9, 0xfa, 0xc9, 0xfa, 0xc9, 0xfa,
    0xc9, 0xfa, 0xc9, 0xfa, 0xc9, 0xfa, 0xc9, 0xfa, 0xc9, 0xfa, 0xc9, 0xfa,
    0xc9, 0xfa, 0xc9, 0xfa, 0xc9, 0xfa, 0xc9, 0xfa, 0xc9, 0xfa, 0xc9, 0xfa,
    0xc9, 0xfa, 0xc9, 0xfa, 0xc9, 0xfa, 0xc9, 0xfa, 0xc9, 0xfa, 0xc9, 0xfa,
    0xc9, 0xfa, 0xc9, 0xfa, 0xc9, 0xfa, 0xc8, 0xfa, 0xc9, 0xfa, 0xc9, 0xfa,
    0xc8, 0xfa, 0xc9, 0xfa, 0xc9, 0xfa, 0xc8, 0xfa, 0xc9, 0xfa, 0xc9, 0xfa,
    0xc9, 0xfa, 0x4b, 0xd3, 0xa1, 0x80, 0x00, 0x08, 0x00, 0x08, 0x00, 0x08,
    0x00, 0x08, 0x00, 0x08, 0x00, 0x08, 0x00, 0x08, 0x00, 0x08, 0x00, 0x08,
    0x00, 0x08, 0x00, 0x08, 0x00, 0x08, 0x00, 0x08, 0x00, 0x08, 0x20, 0x00,
    0x00, 0x08, 0x00, 0x08, 0x00, 0x00, 0x20, 0x00, 0xff, 0xff, 0xff, 0xff,
    0xff, 0xff, 0xff, 0xff, 0xff, 0xff, 0xff, 0xff, 0x20, 0x08, 0x00, 0x50,
    0x8c, 0xcb, 0xc9, 0xfa, 0xc9, 0xfa, 0xc9, 0xfa, 0xc9, 0xfa, 0xc9, 0xfa,
    0xc9, 0xfa, 0xc9, 0xfa, 0xc9, 0xfa, 0xc8, 0xfa, 0xc9, 0xfa, 0xc9, 0xfa,
    0xc8, 0xfa, 0xc9, 0xfa, 0xc9, 0xfa, 0xc8, 0xfa, 0xc9, 0xfa, 0xc9, 0xfa,
    0xc9, 0xfa, 0xc9, 0xfa, 0xc8, 0xfa, 0xc9, 0xfa, 0xc9, 0xfa, 0xc9, 0xfa,
    0xc9, 0xfa, 0xc9, 0xfa, 0xc9, 0xfa, 0xc6, 0x59, 0x00, 0x20, 0x00, 0x08,
    0x00, 0x00, 0x00, 0x08, 0x20, 0x08, 0x20, 0x00, 0xff, 0xff, 0xff, 0xff,
    0xff, 0xff, 0xff, 0xff, 0xff, 0xff, 0xff, 0xff, 0xff, 0xff, 0xff, 0xff,
    0xff, 0xff, 0xff, 0xff, 0xff, 0xff, 0xff, 0xff, 0xff, 0xff, 0xff, 0xff,
    0xff, 0xff, 0xff, 0xff, 0xff, 0xff, 0xff, 0xff, 0xff, 0xff, 0xff, 0xff,
    0xff, 0xff, 0xff, 0xff, 0xff, 0xff, 0xff, 0xff, 0xff, 0xff, 0xff, 0xff,
    0xff, 0xff, 0xff, 0xff, 0xff, 0xff, 0xff, 0xff, 0xff, 0xff, 0xff, 0xff,
    0xff, 0xff, 0xff, 0xff, 0xff, 0xff, 0xff, 0xff, 0xff, 0xff, 0xff, 0xff,
    0xff, 0xff, 0xff, 0xff, 0xff, 0xff, 0xff, 0xff, 0xff, 0xff, 0xff, 0xff,
    0xff, 0xff, 0xff, 0xff, 0xff, 0xff, 0xff, 0xff, 0xff, 0xff, 0xff, 0xff,
    0xff, 0xff, 0xff, 0xff, 0xff, 0xff, 0xff, 0xff, 0xff, 0xff, 0xff, 0xff,
    0xff, 0xff, 0xff, 0xff, 0xff, 0xff, 0xff, 0xff, 0x21, 0x08, 0x20, 0x30,
    0xa9, 0x92, 0xc9, 0xfa, 0xc9, 0xfa, 0xc8, 0xfa, 0xc9, 0xfa, 0xc9, 0xfa,
    0xc9, 0xfa, 0xc9, 0xfa, 0xc9, 0xfa, 0xc9, 0xfa, 0xc9, 0xfa, 0xc9, 0xfa,
    0xc8, 0xfa, 0xc9, 0xfa, 0xc9, 0xfa, 0xc9, 0xfa, 0xc9, 0xfa, 0xc9, 0xfa,
    0xc9, 0xfa, 0xc9, 0xfa, 0xc8, 0xfa, 0xc9, 0xfa, 0xc9, 0xfa, 0xc8, 0xfa,
    0xc9, 0xfa, 0xc9, 0xfa, 0xc9, 0xfa, 0xca, 0xa2, 0x00, 0x30, 0x00, 0x08,
    0x00, 0x00, 0x00, 0x08, 0x00, 0x00, 0x00, 0x00, 0x00, 0x08, 0x00, 0x00,
    0x00, 0x00, 0x00, 0x08, 0x00, 0x00, 0x00, 0x08, 0x00, 0x08, 0x02, 0x99,
    0x2a, 0xe3, 0xc9, 0xfa, 0xc9, 0xfa, 0xc9, 0xfa, 0xc9, 0xfa, 0xc9, 0xfa,
    0xc9, 0xfa, 0xc9, 0xfa, 0xc9, 0xfa, 0xc9, 0xfa, 0xc9, 0xfa, 0xc9, 0xfa,
    0xc9, 0xfa, 0xc9, 0xfa, 0xc9, 0xfa, 0xc9, 0xfa, 0xc9, 0xfa, 0xc9, 0xfa,
    0xc9, 0xfa, 0xc8, 0xfa, 0xc9, 0xfa, 0xc9, 0xfa, 0xc8, 0xfa, 0xc9, 0xfa,
    0xc9, 0xfa, 0xc9, 0xfa, 0xc9, 0xfa, 0x41, 0x10, 0x00, 0x10, 0x00, 0x08,
    0x00, 0x08, 0x20, 0x08, 0x00, 0x00, 0xff, 0xff, 0xff, 0xff, 0xff, 0xff,
    0xff, 0xff, 0xff, 0xff, 0xff, 0xff, 0xff, 0xff, 0xff, 0xff, 0xff, 0xff,
    0xff, 0xff, 0xff, 0xff, 0xff, 0xff, 0xff, 0xff, 0xff, 0xff, 0xff, 0xff,
    0xff, 0xff, 0xff, 0xff, 0xff, 0xff, 0xff, 0xff, 0xff, 0xff, 0xff, 0xff,
    0xff, 0xff, 0xff, 0xff, 0xff, 0xff, 0xff, 0xff, 0xff, 0xff, 0xff, 0xff,
    0x00, 0x08, 0x00, 0x08, 0x47, 0xda, 0xe9, 0xf2, 0xc9, 0xfa, 0xc9, 0xfa,
    0xc8, 0xfa, 0xc9, 0xfa, 0xc9, 0xfa, 0xc9, 0xfa, 0xc9, 0xfa, 0xc9, 0xfa,
    0xc9, 0xfa, 0xc9, 0xfa, 0xc9, 0xfa, 0xc8, 0xfa, 0xc9, 0xfa, 0xc9, 0xfa,
    0xc9, 0xfa, 0xc9, 0xfa, 0xc9, 0xfa, 0xc9, 0xfa, 0xc9, 0xfa, 0xc9, 0xfa,
    0xc9, 0xfa, 0xc8, 0xfa, 0xc9, 0xfa, 0xc9, 0xfa, 0x0a, 0xeb, 0xc4, 0xb9,
    0x00, 0x08, 0x20, 0x08, 0x00, 0x08, 0x00, 0x08, 0x20, 0x08, 0x00, 0x08,
    0xff, 0xff, 0xff, 0xff, 0xff, 0xff, 0xff, 0xff, 0xff, 0xff, 0xff, 0xff,
    0xff, 0xff, 0xff, 0xff, 0xff, 0xff, 0xff, 0xff, 0xff, 0xff, 0xff, 0xff,
    0xff, 0xff, 0xff, 0xff, 0xff, 0xff, 0xff, 0xff, 0xff, 0xff, 0xff, 0xff,
    0xff, 0xff, 0x20, 0x00, 0x00, 0x38, 0xca, 0xa2, 0xc9, 0xfa, 0xc9, 0xfa,
    0xc9, 0xfa, 0xc9, 0xfa, 0xc9, 0xfa, 0xc8, 0xfa, 0xc9, 0xfa, 0xc9, 0xfa,
    0xc8, 0xfa, 0xc9, 0xfa, 0xc9, 0xfa, 0xc9, 0xfa, 0xc9, 0xfa, 0xc9, 0xfa,
    0xc9, 0xfa, 0xc9, 0xfa, 0xc9, 0xfa, 0xc9, 0xfa, 0xc8, 0xfa, 0xc9, 0xfa,
    0xc9, 0xfa, 0xc8, 0xfa, 0xc9, 0xfa, 0xc9, 0xfa, 0xc9, 0xfa, 0xc9, 0xfa,
    0xa9, 0x92, 0x20, 0x30, 0x00, 0x08, 0x00, 0x08, 0x20, 0x00, 0x00, 0x08,
    0x20, 0x00, 0xff, 0xff, 0xff, 0xff, 0xff, 0xff, 0xff, 0xff, 0xff, 0xff,
    0xff, 0xff, 0xff, 0xff, 0xff, 0xff, 0x20, 0x00, 0x00, 0x08, 0x00, 0x08,
    0x00, 0x08, 0x00, 0x08, 0x20, 0x08, 0x00, 0x08, 0x00, 0x08, 0x20, 0x08,
    0x00, 0x08, 0x00, 0x08, 0x20, 0x08, 0x00, 0x08, 0x47, 0xca, 0xe9, 0xf2,
    0xc9, 0xfa, 0xc9, 0xfa, 0xc9, 0xfa, 0xc8, 0xfa, 0xc9, 0xfa, 0xc9, 0xfa,
    0xc9, 0xfa, 0xc8, 0xfa, 0xc9, 0xfa, 0xc9, 0xfa, 0xc8, 0xfa, 0xc9, 0xfa,
    0xc9, 0xfa, 0xc9, 0xfa, 0xc9, 0xfa, 0xc9, 0xfa, 0xc9, 0xfa, 0xc9, 0xfa,
    0xc9, 0xfa, 0xc9, 0xfa, 0xc9, 0xfa, 0xc9, 0xfa, 0xc9, 0xfa, 0xc9, 0xfa,
    0xc9, 0xfa, 0xc9, 0xfa, 0xc9, 0xfa, 0xc9, 0xfa, 0xc9, 0xfa, 0xc9, 0xfa,
    0xc9, 0xfa, 0xc9, 0xfa, 0xc9, 0xfa, 0xc9, 0xfa, 0xc9, 0xfa, 0xc9, 0xfa,
    0xc9, 0xfa, 0xc9, 0xfa, 0xc9, 0xfa, 0xc9, 0xfa, 0xc9, 0xfa, 0xc9, 0xfa,
    0xc9, 0xfa, 0xc9, 0xfa, 0xc9, 0xfa, 0xc9, 0xfa, 0xc9, 0xfa, 0xc9, 0xfa,
    0xc9, 0xfa, 0xc9, 0xfa, 0xc9, 0xfa, 0xc9, 0xfa, 0x4b, 0xd3, 0xc1, 0x80,
    0x00, 0x08, 0x00, 0x08, 0x20, 0x08, 0x00, 0x08, 0x00, 0x08, 0x20, 0x08,
    0x00, 0x08, 0x20, 0x08, 0x00, 0x08, 0x00, 0x08, 0x20, 0x08, 0x00, 0x08,
    0x00, 0x08, 0x20, 0x08, 0x00, 0x08, 0x00, 0x08, 0x00, 0x08, 0x20, 0x08,
    0x20, 0x00, 0xff, 0xff, 0xff, 0xff, 0xff, 0xff, 0xff, 0xff, 0xff, 0xff,
    0xff, 0xff, 0x21, 0x00, 0x00, 0x50, 0x6c, 0xc3, 0xc9, 0xfa, 0xc9, 0xfa,
    0xc9, 0xfa, 0xc8, 0xfa, 0xc9, 0xfa, 0xc9, 0xfa, 0xc9, 0xfa, 0xc9, 0xfa,
    0xc9, 0xfa, 0xc9, 0xfa, 0xc9, 0xfa, 0xc9, 0xfa, 0xc9, 0xfa, 0xc9, 0xfa,
    0xc9, 0xfa, 0xc9, 0xfa, 0xc9, 0xfa, 0xc8, 0xfa, 0xc9, 0xfa, 0xc9, 0xfa,
    0xc9, 0xfa, 0xc9, 0xfa, 0xc8, 0xfa, 0xc9, 0xfa, 0xc9, 0xfa, 0xc9, 0xfa,
    0xe6, 0x59, 0x00, 0x20, 0x00, 0x08, 0x00, 0x08, 0x00, 0x08, 0x00, 0x08,
    0x20, 0x00, 0xff, 0xff, 0xff, 0xff, 0xff, 0xff, 0xff, 0xff, 0xff, 0xff,
    0xff, 0xff, 0xff, 0xff, 0xff, 0xff, 0xff, 0xff, 0xff, 0xff, 0xff, 0xff,
    0xff, 0xff, 0xff, 0xff, 0xff, 0xff, 0xff, 0xff, 0xff, 0xff, 0xff, 0xff,
    0xff, 0xff, 0xff, 0xff, 0xff, 0xff, 0xff, 0xff, 0xff, 0xff, 0xff, 0xff,
    0xff, 0xff, 0xff, 0xff, 0xff, 0xff, 0xff, 0xff, 0xff, 0xff, 0xff, 0xff,
    0xff, 0xff, 0xff, 0xff, 0xff, 0xff, 0xff, 0xff, 0xff, 0xff, 0xff, 0xff,
    0xff, 0xff, 0xff, 0xff, 0xff, 0xff, 0xff, 0xff, 0xff, 0xff, 0xff, 0xff,
    0xff, 0xff, 0xff, 0xff, 0xff, 0xff, 0xff, 0xff, 0xff, 0xff, 0xff, 0xff,
    0xff, 0xff, 0xff, 0xff, 0xff, 0xff, 0xff, 0xff, 0xff, 0xff, 0xff, 0xff,
    0xff, 0xff, 0xff, 0xff, 0xff, 0xff, 0xff, 0xff, 0xff, 0xff, 0xff, 0xff,
    0xff, 0xff, 0x20, 0x00, 0x20, 0x30, 0xaa, 0x92, 0xc9, 0xfa, 0xc9, 0xfa,
    0xc9, 0xfa, 0xc9, 0xfa, 0xc9, 0xfa, 0xc9, 0xfa, 0xc9, 0xfa, 0xc9, 0xfa,
    0xc9, 0xfa, 0xc9, 0xfa, 0xc9, 0xfa, 0xc9, 0xfa, 0xc9, 0xfa, 0xc9, 0xfa,
    0xc9, 0xfa, 0xc9, 0xfa, 0xc9, 0xfa, 0xc9, 0xfa, 0xc9, 0xfa, 0xc9, 0xfa,
    0xc9, 0xfa, 0xc9, 0xfa, 0xc9, 0xfa, 0xc9, 0xfa, 0xc9, 0xfa, 0xc8, 0xfa,
    0xca, 0xa2, 0x00, 0x38, 0x00, 0x08, 0x00, 0x08, 0x00, 0x08, 0x00, 0x08,
    0x00, 0x08, 0x00, 0x08, 0x00, 0x08, 0x00, 0x08, 0x00, 0x08, 0x00, 0x08,
    0x00, 0x00, 0x00, 0x08, 0x02, 0x99, 0x2a, 0xe3, 0xc9, 0xfa, 0xc9, 0xfa,
    0xc9, 0xfa, 0xc9, 0xfa, 0xc8, 0xfa, 0xc9, 0xfa, 0xc9, 0xfa, 0xc9, 0xfa,
    0xc9, 0xfa, 0xc9, 0xfa, 0xc9, 0xfa, 0xc9, 0xfa, 0xc9, 0xfa, 0xc9, 0xfa,
    0xc9, 0xfa, 0xc8, 0xfa, 0xc9, 0xfa, 0xc9, 0xfa, 0xc9, 0xfa, 0xc9, 0xfa,
    0xc9, 0xfa, 0xc9, 0xfa, 0xc9, 0xfa, 0xc9, 0xfa, 0xc8, 0xfa, 0xc9, 0xfa,
    0x61, 0x18, 0x00, 0x10, 0x00, 0x00, 0x00, 0x08, 0x00, 0x08, 0x20, 0x08,
    0xff, 0xff, 0xff, 0xff, 0xff, 0xff, 0xff, 0xff, 0xff, 0xff, 0xff, 0xff,
    0xff, 0xff, 0xff, 0xff, 0xff, 0xff, 0xff, 0xff, 0xff, 0xff, 0xff, 0xff,
    0xff, 0xff, 0xff, 0xff, 0xff, 0xff, 0xff, 0xff, 0xff, 0xff, 0xff, 0xff,
    0xff, 0xff, 0xff, 0xff, 0xff, 0xff, 0xff, 0xff, 0xff, 0xff, 0xff, 0xff,
    0xff, 0xff, 0xff, 0xff, 0xff, 0xff, 0x00, 0x08, 0x00, 0x08, 0x47, 0xda,
    0xe9, 0xfa, 0xc9, 0xfa, 0xc9, 0xfa, 0xc9, 0xfa, 0xc9, 0xfa, 0xc8, 0xfa,
    0xc9, 0xfa, 0xc9, 0xfa, 0xc9, 0xfa, 0xc8, 0xfa, 0xc9, 0xfa, 0xc9, 0xfa,
    0xc9, 0xfa, 0xc9, 0xfa, 0xc9, 0xfa, 0xc8, 0xfa, 0xc9, 0xfa, 0xc9, 0xfa,
    0xc8, 0xfa, 0xc9, 0xfa, 0xc9, 0xfa, 0xc9, 0xfa, 0xc9, 0xfa, 0xc9, 0xfa,
    0xc9, 0xfa, 0x0a, 0xeb, 0xa5, 0xb9, 0x00, 0x08, 0x00, 0x00, 0x20, 0x08,
    0x00, 0x00, 0x00, 0x08, 0x00, 0x08, 0xff, 0xff, 0xff, 0xff, 0xff, 0xff,
    0xff, 0xff, 0xff, 0xff, 0xff, 0xff, 0xff, 0xff, 0xff, 0xff, 0xff, 0xff,
    0xff, 0xff, 0xff, 0xff, 0xff, 0xff, 0xff, 0xff, 0xff, 0xff, 0xff, 0xff,
    0xff, 0xff, 0xff, 0xff, 0xff, 0xff, 0xff, 0xff, 0x21, 0x00, 0x00, 0x38,
    0xca, 0xa2, 0xc9, 0xfa, 0xc9, 0xfa, 0xc9, 0xfa, 0xc9, 0xfa, 0xc9, 0xfa,
    0xc9, 0xfa, 0xc9, 0xfa, 0xc9, 0xfa, 0xc9, 0xfa, 0xc9, 0xfa, 0xc9, 0xfa,
    0xc8, 0xfa, 0xc9, 0xfa, 0xc9, 0xfa, 0xc8, 0xfa, 0xc9, 0xfa, 0xc9, 0xfa,
    0xc9, 0xfa, 0xc9, 0xfa, 0xc9, 0xfa, 0xc9, 0xfa, 0xc9, 0xfa, 0xc9, 0xfa,
    0xc9, 0xfa, 0xc8, 0xfa, 0xc9, 0xfa, 0xa9, 0x92, 0x20, 0x30, 0x00, 0x08,
    0x00, 0x08, 0x00, 0x08, 0x20, 0x08, 0x21, 0x00, 0xff, 0xff, 0xff, 0xff,
    0xff, 0xff, 0xff, 0xff, 0xff, 0xff, 0xff, 0xff, 0xff, 0xff, 0xff, 0xff,
    0xff, 0xff, 0x20, 0x00, 0x20, 0x00, 0x00, 0x08, 0x20, 0x00, 0x00, 0x00,
    0x00, 0x08, 0x00, 0x00, 0x20, 0x00, 0x00, 0x08, 0x00, 0x00, 0x00, 0x08,
    0x00, 0x08, 0x27, 0xca, 0xe9, 0xf2, 0xc9, 0xfa, 0xc9, 0xfa, 0xc9, 0xfa,
    0xc9, 0xfa, 0xc9, 0xfa, 0xc9, 0xfa, 0xc9, 0xfa, 0xc9, 0xfa, 0xc9, 0xfa,
    0xc9, 0xfa, 0xc9, 0xfa, 0xc9, 0xfa, 0xc9, 0xfa, 0xc9, 0xfa, 0xc9, 0xfa,
    0xc9, 0xfa, 0xc9, 0xfa, 0xc9, 0xfa, 0xc9, 0xfa, 0xc9, 0xfa, 0xc9, 0xfa,
    0xc9, 0xfa, 0xc9, 0xfa, 0xc9, 0xfa, 0xc9, 0xfa, 0xc9, 0xfa, 0xc9, 0xfa,
    0xc9, 0xfa, 0xc9, 0xfa, 0xc9, 0xfa, 0xc9, 0xfa, 0xc9, 0xfa, 0xc9, 0xfa,
    0xc9, 0xfa, 0xc9, 0xfa, 0xc9, 0xfa, 0xc9, 0xfa, 0xc9, 0xfa, 0xc9, 0xfa,
    0xc8, 0xfa, 0xc9, 0xfa, 0xc9, 0xfa, 0xc9, 0xfa, 0xc9, 0xfa, 0xc9, 0xfa,
    0xc9, 0xfa, 0xc9, 0xfa, 0xc8, 0xfa, 0xc9, 0xfa, 0xc9, 0xfa, 0xc8, 0xfa,
    0xc9, 0xfa, 0x4b, 0xd3, 0xc1, 0x80, 0x00, 0x08, 0x00, 0x08, 0x00, 0x00,
    0x20, 0x00, 0x00, 0x08, 0x00, 0x00, 0x00, 0x00, 0x20, 0x08, 0x00, 0x00,
    0x00, 0x00, 0x20, 0x08, 0x00, 0x00, 0x00, 0x00, 0x00, 0x08, 0x00, 0x00,
    0x20, 0x08, 0x00, 0x08, 0x00, 0x08, 0x21, 0x00, 0xff, 0xff, 0xff, 0xff,
    0xff, 0xff, 0xff, 0xff, 0xff, 0xff, 0xff, 0xff, 0x20, 0x00, 0x00, 0x50,
    0x6c, 0xcb, 0xc9, 0xfa, 0xc9, 0xfa, 0xc9, 0xfa, 0xc9, 0xfa, 0xc9, 0xfa,
    0xc9, 0xfa, 0xc8, 0xfa, 0xc9, 0xfa, 0xc9, 0xfa, 0xc9, 0xfa, 0xc9, 0xfa,
    0xc9, 0xfa, 0xc9, 0xfa, 0xc9, 0xfa, 0xc9, 0xfa, 0xc9, 0xfa, 0xc9, 0xfa,
    0xc9, 0xfa, 0xc9, 0xfa, 0xc9, 0xfa, 0xc9, 0xfa, 0xc9, 0xfa, 0xc9, 0xfa,
    0xc9, 0xfa, 0xc9, 0xfa, 0xc9, 0xfa, 0xc6, 0x59, 0x00, 0x20, 0x20, 0x00,
    0x20, 0x08, 0x00, 0x08, 0x00, 0x08, 0x21, 0x00, 0xff, 0xff, 0xff, 0xff,
    0xff, 0xff, 0xff, 0xff, 0xff, 0xff, 0xff, 0xff, 0xff, 0xff, 0xff, 0xff,
    0xff, 0xff, 0xff, 0xff, 0xff, 0xff, 0xff, 0xff, 0xff, 0xff, 0xff, 0xff,
    0xff, 0xff, 0xff, 0xff, 0xff, 0xff, 0xff, 0xff, 0xff, 0xff, 0xff, 0xff,
    0xff, 0xff, 0xff, 0xff, 0xff, 0xff, 0xff, 0xff, 0xff, 0xff, 0xff, 0xff,
    0xff, 0xff, 0xff, 0xff, 0xff, 0xff, 0xff, 0xff, 0xff, 0xff, 0xff, 0xff,
    0xff, 0xff, 0xff, 0xff, 0xff, 0xff, 0xff, 0xff, 0xff, 0xff, 0xff, 0xff,
    0xff, 0xff, 0xff, 0xff, 0xff, 0xff, 0xff, 0xff, 0xff, 0xff, 0xff, 0xff,
    0xff, 0xff, 0xff, 0xff, 0xff, 0xff, 0xff, 0xff, 0xff, 0xff, 0xff, 0xff,
    0xff, 0xff, 0xff, 0xff, 0xff, 0xff, 0xff, 0xff, 0xff, 0xff, 0xff, 0xff,
    0xff, 0xff, 0xff, 0xff, 0xff, 0xff, 0xff, 0xff, 0x20, 0x00, 0x20, 0x30,
    0xaa, 0x9a, 0xc9, 0xfa, 0xc9, 0xfa, 0xc9, 0xfa, 0xc9, 0xfa, 0xc8, 0xfa,
    0xc9, 0xfa, 0xc9, 0xfa, 0xc8, 0xfa, 0xc9, 0xfa, 0xc9, 0xfa, 0xc8, 0xfa,
    0xc9, 0xfa, 0xc9, 0xfa, 0xc8, 0xfa, 0xc9, 0xfa, 0xc9, 0xfa, 0xc8, 0xfa,
    0xc9, 0xfa, 0xc9, 0xfa, 0xc9, 0xfa, 0xc9, 0xfa, 0xc8, 0xfa, 0xc9, 0xfa,
    0xc9, 0xfa, 0xc9, 0xfa, 0xc9, 0xfa, 0xca, 0xa2, 0x00, 0x38, 0x20, 0x08,
    0x00, 0x00, 0x00, 0x08, 0x20, 0x08, 0x00, 0x00, 0x00, 0x08, 0x20, 0x08,
    0x00, 0x08, 0x20, 0x08, 0x00, 0x08, 0x20, 0x08, 0x00, 0x00, 0x02, 0x99,
    0x2b, 0xe3, 0xc9, 0xfa, 0xc9, 0xfa, 0xc9, 0xfa, 0xc9, 0xfa, 0xc9, 0xfa,
    0xc9, 0xfa, 0xc8, 0xfa, 0xc9, 0xfa, 0xc9, 0xfa, 0xc8, 0xfa, 0xc9, 0xfa,
    0xc9, 0xfa, 0xc8, 0xfa, 0xc9, 0xfa, 0xc9, 0xfa, 0xc9, 0xfa, 0xc9, 0xfa,
    0xc9, 0xfa, 0xc9, 0xfa, 0xc9, 0xfa, 0xc9, 0xfa, 0xc9, 0xfa, 0xc9, 0xfa,
    0xc9, 0xfa, 0xc9, 0xfa, 0xc9, 0xfa, 0x41, 0x18, 0x00, 0x10, 0x00, 0x08,
    0x20, 0x00, 0x00, 0x08, 0x00, 0x08, 0xff, 0xff, 0xff, 0xff, 0xff, 0xff,
    0xff, 0xff, 0xff, 0xff, 0xff, 0xff, 0xff, 0xff, 0xff, 0xff, 0xff, 0xff,
    0xff, 0xff, 0xff, 0xff, 0xff, 0xff, 0xff, 0xff, 0xff, 0xff, 0xff, 0xff,
    0xff, 0xff, 0xff, 0xff, 0xff, 0xff, 0xff, 0xff, 0xff, 0xff, 0xff, 0xff,
    0xff, 0xff, 0xff, 0xff, 0xff, 0xff, 0xff, 0xff, 0xff, 0xff, 0xff, 0xff,
    0x00, 0x08, 0x00, 0x00, 0x47, 0xda, 0xc9, 0xfa, 0xc9, 0xfa, 0xc9, 0xfa,
    0xc9, 0xfa, 0xc9, 0xfa, 0xc9, 0xfa, 0xc9, 0xfa, 0xc9, 0xfa, 0xc9, 0xfa,
    0xc9, 0xfa, 0xc9, 0xfa, 0xc9, 0xfa, 0xc9, 0xfa, 0xc9, 0xfa, 0xc9, 0xfa,
    0xc9, 0xfa, 0xc9, 0xfa, 0xc9, 0xfa, 0xc9, 0xfa, 0xc9, 0xfa, 0xc9, 0xfa,
    0xc9, 0xfa, 0xc9, 0xfa, 0xc9, 0xfa, 0xc8, 0xfa, 0x0a, 0xeb, 0xa5, 0xb9,
    0x00, 0x08, 0x00, 0x08, 0x00, 0x00, 0x00, 0x08, 0x20, 0x08, 0x00, 0x00,
    0xff, 0xff, 0xff, 0xff, 0xff, 0xff, 0xff, 0xff, 0xff, 0xff, 0xff, 0xff,
    0xff, 0xff, 0xff, 0xff, 0xff, 0xff, 0xff, 0xff, 0xff, 0xff, 0xff, 0xff,
    0xff, 0xff, 0xff, 0xff, 0xff, 0xff, 0xff, 0xff, 0xff, 0xff, 0xff, 0xff,
    0xff, 0xff, 0x20, 0x00, 0x00, 0x38, 0xca, 0xa2, 0xc9, 0xfa, 0xc9, 0xfa,
    0xc9, 0xfa, 0xc8, 0xfa, 0xc9, 0xfa, 0xc9, 0xfa, 0xc9, 0xfa, 0xc9, 0xfa,
    0xc9, 0xfa, 0xc9, 0xfa, 0xc9, 0xfa, 0xc9, 0xfa, 0xc9, 0xfa, 0xc9, 0xfa,
    0xc9, 0xfa, 0xc9, 0xfa, 0xc9, 0xfa, 0xc9, 0xfa, 0xc9, 0xfa, 0xc9, 0xfa,
    0xc9, 0xfa, 0xc9, 0xfa, 0xc9, 0xfa, 0xc9, 0xfa, 0xc9, 0xfa, 0xc9, 0xfa,
    0xaa, 0x92, 0x20, 0x30, 0x00, 0x08, 0x00, 0x08, 0x20, 0x08, 0x00, 0x08,
    0x21, 0x00, 0xff, 0xff, 0xff, 0xff, 0xff, 0xff, 0xff, 0xff, 0xff, 0xff,
    0xff, 0xff, 0xff, 0xff, 0xff, 0xff, 0xff, 0xff, 0xff, 0xff, 0x20, 0x08,
    0x00, 0x08, 0x00, 0x08, 0x00, 0x08, 0x00, 0x08, 0x20, 0x08, 0x00, 0x08,
    0x00, 0x08, 0x20, 0x00, 0x00, 0x08, 0x00, 0x08, 0x47, 0xca, 0xe9, 0xf2,
    0xc9, 0xfa, 0xc9, 0xfa, 0xc9, 0xfa, 0xc9, 0xfa, 0xc9, 0xfa, 0xc8, 0xfa,
    0xc9, 0xfa, 0xc9, 0xfa, 0xc9, 0xfa, 0xc9, 0xfa, 0xc9, 0xfa, 0xc9, 0xfa,
    0xc9, 0xfa, 0xc9, 0xfa, 0xc9, 0xfa, 0xc9, 0xfa, 0xc9, 0xfa, 0xc9, 0xfa,
    0xc9, 0xfa, 0xc9, 0xfa, 0xc9, 0xfa, 0xc9, 0xfa, 0xc9, 0xfa, 0xc9, 0xfa,
    0xc9, 0xfa, 0xc9, 0xfa, 0xc9, 0xfa, 0xc9, 0xfa, 0xc9, 0xfa, 0xc9, 0xfa,
    0xc9, 0xfa, 0xc9, 0xfa, 0xc9, 0xfa, 0xc9, 0xfa, 0xc9, 0xfa, 0xc9, 0xfa,
    0xc8, 0xfa, 0xc9, 0xfa, 0xc9, 0xfa, 0xc9, 0xfa, 0xc9, 0xfa, 0xc9, 0xfa,
    0xc8, 0xfa, 0xc9, 0xfa, 0xc9, 0xfa, 0xc8, 0xfa, 0xc9, 0xfa, 0xc9, 0xfa,
    0xc9, 0xfa, 0xc9, 0xfa, 0xc9, 0xfa, 0xc9, 0xfa, 0x4b, 0xd3, 0xa1, 0x88,
    0x00, 0x08, 0x00, 0x08, 0x00, 0x08, 0x00, 0x08, 0x20, 0x08, 0x00, 0x08,
    0x00, 0x08, 0x00, 0x08, 0x00, 0x08, 0x00, 0x08, 0x00, 0x08, 0x20, 0x08,
    0x00, 0x08, 0x00, 0x08, 0x20, 0x00, 0x00, 0x08, 0x00, 0x08, 0x00, 0x00,
    0x20, 0x00, 0xff, 0xff, 0xff, 0xff, 0xff, 0xff, 0xff, 0xff, 0xff, 0xff,
    0xff, 0xff, 0x21, 0x08, 0x00, 0x50, 0x6c, 0xcb, 0xc9, 0xfa, 0xc9, 0xfa,
    0xc9, 0xfa, 0xc9, 0xfa, 0xc9, 0xfa, 0xc9, 0xfa, 0xc9, 0xfa, 0xc9, 0xfa,
    0xc9, 0xfa, 0xc8, 0xfa, 0xc9, 0xfa, 0xc9, 0xfa, 0xc8, 0xfa, 0xc9, 0xfa,
    0xc9, 0xfa, 0xc8, 0xfa, 0xc9, 0xfa, 0xc9, 0xfa, 0xc9, 0xfa, 0xc9, 0xfa,
    0xc8, 0xfa, 0xc9, 0xfa, 0xc9, 0xfa, 0xc8, 0xfa, 0xc9, 0xfa, 0xc9, 0xfa,
    0xc6, 0x59, 0x00, 0x20, 0x00, 0x00, 0x00, 0x08, 0x20, 0x08, 0x00, 0x00,
    0x20, 0x00, 0xff, 0xff, 0xff, 0xff, 0xff, 0xff, 0xff, 0xff, 0xff, 0xff,
    0xff, 0xff, 0xff, 0xff, 0xff, 0xff, 0xff, 0xff, 0xff, 0xff, 0xff, 0xff,
    0xff, 0xff, 0xff, 0xff, 0xff, 0xff, 0xff, 0xff, 0xff, 0xff, 0xff, 0xff,
    0xff, 0xff, 0xff, 0xff, 0xff, 0xff, 0xff, 0xff, 0xff, 0xff, 0xff, 0xff,
    0xff, 0xff, 0xff, 0xff, 0xff, 0xff, 0xff, 0xff, 0xff, 0xff, 0xff, 0xff,
    0xff, 0xff, 0xff, 0xff, 0xff, 0xff, 0xff, 0xff, 0xff, 0xff, 0xff, 0xff,
    0xff, 0xff, 0xff, 0xff, 0xff, 0xff, 0xff, 0xff, 0xff, 0xff, 0xff, 0xff,
    0xff, 0xff, 0xff, 0xff, 0xff, 0xff, 0xff, 0xff, 0xff, 0xff, 0xff, 0xff,
    0xff, 0xff, 0xff, 0xff, 0xff, 0xff, 0xff, 0xff, 0xff, 0xff, 0xff, 0xff,
    0xff, 0xff, 0xff, 0xff, 0xff, 0xff, 0xff, 0xff, 0xff, 0xff, 0xff, 0xff,
    0xff, 0xff, 0x21, 0x08, 0x20, 0x30, 0xa9, 0x92, 0xc9, 0xfa, 0xc9, 0xfa,
    0xc9, 0xfa, 0xc9, 0xfa, 0xc9, 0xfa, 0xc9, 0xfa, 0xc9, 0xfa, 0xc9, 0xfa,
    0xc9, 0xfa, 0xc9, 0xfa, 0xc9, 0xfa, 0xc9, 0xfa, 0xc9, 0xfa, 0xc9, 0xfa,
    0xc9, 0xfa, 0xc9, 0xfa, 0xc9, 0xfa, 0xc9, 0xfa, 0xc8, 0xfa, 0xc9, 0xfa,
    0xc9, 0xfa, 0xc9, 0xfa, 0xc9, 0xfa, 0xc9, 0xfa, 0xc9, 0xfa, 0xc9, 0xfa,
    0xca, 0xa2, 0x00, 0x30, 0x00, 0x08, 0x00, 0x08, 0x20, 0x00, 0x00, 0x08,
    0x00, 0x08, 0x20, 0x00, 0x00, 0x08, 0x00, 0x00, 0x00, 0x00, 0x00, 0x08,
    0x00, 0x08, 0x20, 0x08, 0x02, 0x99, 0x2b, 0xdb, 0xc9, 0xfa, 0xc9, 0xfa,
    0xc8, 0xfa, 0xc9, 0xfa, 0xc9, 0xfa, 0xc9, 0xfa, 0xc9, 0xfa, 0xc9, 0xfa,
    0xc9, 0xfa, 0xc9, 0xfa, 0xc9, 0xfa, 0xc9, 0xfa, 0xc9, 0xfa, 0xc9, 0xfa,
    0xc9, 0xfa, 0xc9, 0xfa, 0xc9, 0xfa, 0xc8, 0xfa, 0xc9, 0xfa, 0xc9, 0xfa,
    0xc8, 0xfa, 0xc9, 0xfa, 0xc9, 0xfa, 0xc8, 0xfa, 0xc9, 0xfa, 0xc9, 0xfa,
    0x61, 0x10, 0x00, 0x10, 0x00, 0x08, 0x00, 0x08, 0x00, 0x00, 0x00, 0x08,
    0xff, 0xff, 0xff, 0xff, 0xff, 0xff, 0xff, 0xff, 0xff, 0xff, 0xff, 0xff,
    0xff, 0xff, 0xff, 0xff, 0xff, 0xff, 0xff, 0xff, 0xff, 0xff, 0xff, 0xff,
    0xff, 0xff, 0xff, 0xff, 0xff, 0xff, 0xff, 0xff, 0xff, 0xff, 0xff, 0xff,
    0xff, 0xff, 0xff, 0xff, 0xff, 0xff, 0xff, 0xff, 0xff, 0xff, 0xff, 0xff,
    0xff, 0xff, 0xff, 0xff, 0xff, 0xff, 0x00, 0x08, 0x20, 0x08, 0x47, 0xda,
    0xc9, 0xfa, 0xc9, 0xfa, 0xc8, 0xfa, 0xc9, 0xfa, 0xc9, 0xfa, 0xc9, 0xfa,
    0xc9, 0xfa, 0xc8, 0xfa, 0xc9, 0xfa, 0xc9, 0xfa, 0xc9, 0xfa, 0xc8, 0xfa,
    0xc9, 0xfa, 0xc9, 0xfa, 0xc8, 0xfa, 0xc9, 0xfa, 0xc9, 0xfa, 0xc9, 0xfa,
    0xc9, 0xfa, 0xc8, 0xfa, 0xc9, 0xfa, 0xc9, 0xfa, 0xc8, 0xfa, 0xc9, 0xfa,
    0xc9, 0xfa, 0x0a, 0xeb, 0xc5, 0xb9, 0x00, 0x08, 0x20, 0x08, 0x00, 0x08,
    0x00, 0x08, 0x20, 0x08, 0x00, 0x08, 0xff, 0xff, 0xff, 0xff, 0xff, 0xff,
    0xff, 0xff, 0xff, 0xff, 0xff, 0xff, 0xff, 0xff, 0xff, 0xff, 0xff, 0xff,
    0xff, 0xff, 0xff, 0xff, 0xff, 0xff, 0xff, 0xff, 0xff, 0xff, 0xff, 0xff,
    0xff, 0xff, 0xff, 0xff, 0xff, 0xff, 0xff, 0xff, 0x20, 0x00, 0x00, 0x38,
    0xca, 0xa2, 0xc9, 0xfa, 0xc9, 0xfa, 0xc9, 0xfa, 0xc9, 0xfa, 0xc9, 0xfa,
    0xc9, 0xfa, 0xc8, 0xfa, 0xc9, 0xfa, 0xc9, 0xfa, 0xc8, 0xfa, 0xc9, 0xfa,
    0xc9, 0xfa, 0xc9, 0xfa, 0xc9, 0xfa, 0xc9, 0xfa, 0xc8, 0xfa, 0xc9, 0xfa,
    0xc9, 0xfa, 0xc8, 0xfa, 0xc9, 0xfa, 0xc9, 0xfa, 0xc8, 0xfa, 0xc9, 0xfa,
    0xc9, 0xfa, 0xc9, 0xfa, 0xc9, 0xfa, 0xa9, 0x92, 0x20, 0x30, 0x00, 0x08,
    0x00, 0x08, 0x00, 0x00, 0x00, 0x08, 0x20, 0x00, 0xff, 0xff, 0xff, 0xff,
    0xff, 0xff, 0xff, 0xff, 0xff, 0xff, 0xff, 0xff, 0xff, 0xff, 0xff, 0xff,
    0xff, 0xff, 0xff, 0xff, 0xff, 0xff, 0xff, 0xff, 0x21, 0x00, 0x20, 0x00,
    0x21, 0x00, 0x20, 0x00, 0x21, 0x00, 0x20, 0x00, 0x20, 0x00, 0x00, 0x08,
    0x20, 0x08, 0x27, 0xca, 0xe9, 0xf2, 0xc9, 0xfa, 0xc9, 0xfa, 0xc9, 0xfa,
    0xc9, 0xfa, 0xc9, 0xfa, 0xc9, 0xfa, 0xc9, 0xfa, 0xc9, 0xfa, 0xc8, 0xfa,
    0xc9, 0xfa, 0xc9, 0xfa, 0xc8, 0xfa, 0xc9, 0xfa, 0xc9, 0xfa, 0xc8, 0xfa,
    0xc9, 0xfa, 0xc9, 0xfa, 0xc9, 0xfa, 0xc9, 0xfa, 0xc9, 0xfa, 0xc9, 0xfa,
    0xc9, 0xfa, 0xc9, 0xfa, 0xc9, 0xfa, 0xc9, 0xfa, 0xc9, 0xfa, 0xc9, 0xfa,
    0xc9, 0xfa, 0xc9, 0xfa, 0xc8, 0xfa, 0xc9, 0xfa, 0xc9, 0xfa, 0xc8, 0xfa,
    0xc9, 0xfa, 0xc9, 0xfa, 0xc9, 0xfa, 0xc9, 0xfa, 0xc9, 0xfa, 0xc9, 0xfa,
    0xc9, 0xfa, 0xc9, 0xfa, 0xc9, 0xfa, 0xc9, 0xfa, 0xc9, 0xfa, 0xc9, 0xfa,
    0xc9, 0xfa, 0xc9, 0xfa, 0xc9, 0xfa, 0xc9, 0xfa, 0xc9, 0xfa, 0xc9, 0xfa,
    0xc9, 0xfa, 0x4b, 0xd3, 0xc1, 0x80, 0x00, 0x08, 0x20, 0x08, 0x00, 0x08,
    0x00, 0x08, 0x00, 0x00, 0x20, 0x08, 0x21, 0x00, 0x20, 0x00, 0x21, 0x00,
    0x21, 0x00, 0x20, 0x00, 0x21, 0x00, 0x20, 0x00, 0x20, 0x00, 0x21, 0x00,
    0x20, 0x00, 0x20, 0x00, 0xff, 0xff, 0xff, 0xff, 0xff, 0xff, 0xff, 0xff,
    0xff, 0xff, 0xff, 0xff, 0xff, 0xff, 0xff, 0xff, 0x20, 0x00, 0x00, 0x50,
    0x8c, 0xc3, 0xc9, 0xfa, 0xc9, 0xfa, 0xc9, 0xfa, 0xc8, 0xfa, 0xc9, 0xfa,
    0xc9, 0xfa, 0xc9, 0xfa, 0xc9, 0xfa, 0xc9, 0xfa, 0xc9, 0xfa, 0xc9, 0xfa,
    0xc9, 0xfa, 0xc9, 0xfa, 0xc9, 0xfa, 0xc9, 0xfa, 0xc9, 0xfa, 0xc9, 0xfa,
    0xc9, 0xfa, 0xc9, 0xfa, 0xc9, 0xfa, 0xc9, 0xfa, 0xc9, 0xfa, 0xc9, 0xfa,
    0xc9, 0xfa, 0xc9, 0xfa, 0xc9, 0xfa, 0xc6, 0x59, 0x00, 0x20, 0x00, 0x08,
    0x00, 0x08, 0x00, 0x08, 0x20, 0x08, 0x20, 0x00, 0xff, 0xff, 0xff, 0xff,
    0xff, 0xff, 0xff, 0xff, 0xff, 0xff, 0xff, 0xff, 0xff, 0xff, 0xff, 0xff,
    0xff, 0xff, 0xff, 0xff, 0xff, 0xff, 0xff, 0xff, 0xff, 0xff, 0xff, 0xff,
    0xff, 0xff, 0xff, 0xff, 0xff, 0xff, 0xff, 0xff, 0xff, 0xff, 0xff, 0xff,
    0xff, 0xff, 0xff, 0xff, 0xff, 0xff, 0xff, 0xff, 0xff, 0xff, 0xff, 0xff,
    0xff, 0xff, 0xff, 0xff, 0xff, 0xff, 0xff, 0xff, 0xff, 0xff, 0xff, 0xff,
    0xff, 0xff, 0xff, 0xff, 0xff, 0xff, 0xff, 0xff, 0xff, 0xff, 0xff, 0xff,
    0xff, 0xff, 0xff, 0xff, 0xff, 0xff, 0xff, 0xff, 0xff, 0xff, 0xff, 0xff,
    0xff, 0xff, 0xff, 0xff, 0xff, 0xff, 0xff, 0xff, 0xff, 0xff, 0xff, 0xff,
    0xff, 0xff, 0xff, 0xff, 0xff, 0xff, 0xff, 0xff, 0xff, 0xff, 0xff, 0xff,
    0xff, 0xff, 0xff, 0xff, 0xff, 0xff, 0xff, 0xff, 0x20, 0x00, 0x20, 0x30,
    0xaa, 0x92, 0xc9, 0xfa, 0xc9, 0xfa, 0xc9, 0xfa, 0xc9, 0xfa, 0xc9, 0xfa,
    0xc9, 0xfa, 0xc9, 0xfa, 0xc9, 0xfa, 0xc8, 0xfa, 0xc9, 0xfa, 0xc9, 0xfa,
    0xc9, 0xfa, 0xc9, 0xfa, 0xc9, 0xfa, 0xc9, 0xfa, 0xc9, 0xfa, 0xc9, 0xfa,
    0xc9, 0xfa, 0xc9, 0xfa, 0xc9, 0xfa, 0xc9, 0xfa, 0xc9, 0xfa, 0xc9, 0xfa,
    0xc8, 0xfa, 0xc9, 0xfa, 0xc9, 0xfa, 0xca, 0xa2, 0x00, 0x38, 0x00, 0x08,
    0x00, 0x08, 0x00, 0x08, 0x00, 0x08, 0x00, 0x08, 0x00, 0x08, 0x20, 0x00,
    0x20, 0x00, 0x20, 0x00, 0x20, 0x00, 0x00, 0x08, 0x00, 0x08, 0x02, 0x99,
    0x2a, 0xe3, 0xc9, 0xfa, 0xc9, 0xfa, 0xc9, 0xfa, 0xc9, 0xfa, 0xc9, 0xfa,
    0xc9, 0xfa, 0xc9, 0xfa, 0xc9, 0xfa, 0xc8, 0xfa, 0xc9, 0xfa, 0xc9, 0xfa,
    0xc9, 0xfa, 0xc9, 0xfa, 0xc8, 0xfa, 0xc9, 0xfa, 0xc9, 0xfa, 0xc9, 0xfa,
    0xc9, 0xfa, 0xc9, 0xfa, 0xc9, 0xfa, 0xc9, 0xfa, 0xc9, 0xfa, 0xc9, 0xfa,
    0xc9, 0xfa, 0xc9, 0xfa, 0xc9, 0xfa, 0x40, 0x18, 0x00, 0x10, 0x00, 0x08,
    0x20, 0x08, 0x00, 0x08, 0x20, 0x00, 0xff, 0xff, 0xff, 0xff, 0xff, 0xff,
    0xff, 0xff, 0xff, 0xff, 0xff, 0xff, 0xff, 0xff, 0xff, 0xff, 0xff, 0xff,
    0xff, 0xff, 0xff, 0xff, 0xff, 0xff, 0xff, 0xff, 0xff, 0xff, 0xff, 0xff,
    0xff, 0xff, 0xff, 0xff, 0xff, 0xff, 0xff, 0xff, 0xff, 0xff, 0xff, 0xff,
    0xff, 0xff, 0xff, 0xff, 0xff, 0xff, 0xff, 0xff, 0xff, 0xff, 0xff, 0xff,
    0x00, 0x08, 0x00, 0x08, 0x47, 0xda, 0xe9, 0xfa, 0xc9, 0xfa, 0xc9, 0xfa,
    0xc9, 0xfa, 0xc9, 0xfa, 0xc8, 0xfa, 0xc9, 0xfa, 0xc9, 0xfa, 0xc9, 0xfa,
    0xc9, 0xfa, 0xc9, 0xfa, 0xc9, 0xfa, 0xc9, 0xfa, 0xc9, 0xfa, 0xc9, 0xfa,
    0xc9, 0xfa, 0xc9, 0xfa, 0xc8, 0xfa, 0xc9, 0xfa, 0xc9, 0xfa, 0xc9, 0xfa,
    0xc9, 0xfa, 0xc9, 0xfa, 0xc9, 0xfa, 0xc9, 0xfa, 0x0a, 0xeb, 0xa5, 0xb9,
    0x00, 0x08, 0x00, 0x00, 0x00, 0x08, 0x00, 0x00, 0x00, 0x08, 0x00, 0x08,
    0xff, 0xff, 0xff, 0xff, 0xff, 0xff, 0xff, 0xff, 0xff, 0xff, 0xff, 0xff,
    0xff, 0xff, 0xff, 0xff, 0xff, 0xff, 0xff, 0xff, 0xff, 0xff, 0xff, 0xff,
    0xff, 0xff, 0xff, 0xff, 0xff, 0xff, 0xff, 0xff, 0xff, 0xff, 0xff, 0xff,
    0xff, 0xff, 0x21, 0x00, 0x00, 0x38, 0xca, 0xa2, 0xc9, 0xfa, 0xc9, 0xfa,
    0xc9, 0xfa, 0xc9, 0xfa, 0xc9, 0xfa, 0xc9, 0xfa, 0xc9, 0xfa, 0xc9, 0xfa,
    0xc9, 0xfa, 0xc9, 0xfa, 0xc9, 0xfa, 0xc8, 0xfa, 0xc9, 0xfa, 0xc9, 0xfa,
    0xc9, 0xfa, 0xc9, 0xfa, 0xc9, 0xfa, 0xc9, 0xfa, 0xc9, 0xfa, 0xc9, 0xfa,
    0xc9, 0xfa, 0xc9, 0xfa, 0xc9, 0xfa, 0xc9, 0xfa, 0xc9, 0xfa, 0xc9, 0xfa,
    0xc9, 0x92, 0x20, 0x30, 0x00, 0x08, 0x20, 0x08, 0x00, 0x08, 0x00, 0x08,
    0x20, 0x00, 0xff, 0xff, 0xff, 0xff, 0xff, 0xff, 0xff, 0xff, 0xff, 0xff,
    0xff, 0xff, 0xff, 0xff, 0xff, 0xff, 0xff, 0xff, 0xff, 0xff, 0xff, 0xff,
    0xff, 0xff, 0xff, 0xff, 0xff, 0xff, 0xff, 0xff, 0xff, 0xff, 0xff, 0xff,
    0xff, 0xff, 0xff, 0xff, 0x00, 0x08, 0x00, 0x00, 0x27, 0xca, 0xe9, 0xf2,
    0xc9, 0xfa, 0xc9, 0xfa, 0xc9, 0xfa, 0xc8, 0xfa, 0xc9, 0xfa, 0xc9, 0xfa,
    0xc9, 0xfa, 0xc9, 0xfa, 0xc9, 0xfa, 0xc9, 0xfa, 0xc9, 0xfa, 0xc9, 0xfa,
    0xc9, 0xfa, 0xc9, 0xfa, 0xc9, 0xfa, 0xc9, 0xfa, 0xc9, 0xfa, 0xc8, 0xfa,
    0xc9, 0xfa, 0xc9, 0xfa, 0xc8, 0xfa, 0xc9, 0xfa, 0xc9, 0xfa, 0xc8, 0xfa,
    0xc9, 0xfa, 0xc9, 0xfa, 0xc8, 0xfa, 0xc9, 0xfa, 0xc9, 0xfa, 0xc9, 0xfa,
    0xc9, 0xfa, 0xc9, 0xfa, 0xc9, 0xfa, 0xc9, 0xfa, 0xc8, 0xfa, 0xc9, 0xfa,
    0xc9, 0xfa, 0xc9, 0xfa, 0xc8, 0xfa, 0xc9, 0xfa, 0xc9, 0xfa, 0xc8, 0xfa,
    0xc9, 0xfa, 0xc9, 0xfa, 0xc9, 0xfa, 0xc9, 0xfa, 0xc9, 0xfa, 0xc8, 0xfa,
    0xc9, 0xfa, 0xc9, 0xfa, 0xc9, 0xfa, 0xc9, 0xfa, 0x4b, 0xd3, 0xa1, 0x80,
    0x00, 0x08, 0x00, 0x00, 0x20, 0x08, 0x00, 0x08, 0x00, 0x00, 0x00, 0x08,
    0xff, 0xff, 0xff, 0xff, 0xff, 0xff, 0xff, 0xff, 0xff, 0xff, 0xff, 0xff,
    0xff, 0xff, 0xff, 0xff, 0xff, 0xff, 0xff, 0xff, 0xff, 0xff, 0xff, 0xff,
    0xff, 0xff, 0xff, 0xff, 0xff, 0xff, 0xff, 0xff, 0xff, 0xff, 0xff, 0xff,
    0xff, 0xff, 0x20, 0x00, 0x00, 0x50, 0x6c, 0xcb, 0xc9, 0xfa, 0xc9, 0xfa,
    0xc9, 0xfa, 0xc9, 0xfa, 0xc9, 0xfa, 0xc9, 0xfa, 0xc8, 0xfa, 0xc9, 0xfa,
    0xc9, 0xfa, 0xc9, 0xfa, 0xc9, 0xfa, 0xc8, 0xfa, 0xc9, 0xfa, 0xc9, 0xfa,
    0xc9, 0xfa, 0xc9, 0xfa, 0xc8, 0xfa, 0xc9, 0xfa, 0xc9, 0xfa, 0xc8, 0xfa,
    0xc9, 0xfa, 0xc9, 0xfa, 0xc9, 0xfa, 0xc9, 0xfa, 0xc9, 0xfa, 0xc9, 0xfa,
    0xe6, 0x59, 0x00, 0x20, 0x00, 0x00, 0x20, 0x08, 0x00, 0x08, 0x00, 0x08,
    0x21, 0x00, 0xff, 0xff, 0xff, 0xff, 0xff, 0xff, 0xff, 0xff, 0xff, 0xff,
    0xff, 0xff, 0xff, 0xff, 0xff, 0xff, 0xff, 0xff, 0xff, 0xff, 0xff, 0xff,
    0xff, 0xff, 0xff, 0xff, 0xff, 0xff, 0xff, 0xff, 0xff, 0xff, 0xff, 0xff,
    0xff, 0xff, 0xff, 0xff, 0xff, 0xff, 0xff, 0xff, 0xff, 0xff, 0xff, 0xff,
    0xff, 0xff, 0xff, 0xff, 0xff, 0xff, 0xff, 0xff, 0xff, 0xff, 0xff, 0xff,
    0xff, 0xff, 0xff, 0xff, 0xff, 0xff, 0xff, 0xff, 0xff, 0xff, 0xff, 0xff,
    0xff, 0xff, 0xff, 0xff, 0xff, 0xff, 0xff, 0xff, 0xff, 0xff, 0xff, 0xff,
    0xff, 0xff, 0xff, 0xff, 0xff, 0xff, 0xff, 0xff, 0xff, 0xff, 0xff, 0xff,
    0xff, 0xff, 0xff, 0xff, 0xff, 0xff, 0xff, 0xff, 0xff, 0xff, 0xff, 0xff,
    0xff, 0xff, 0xff, 0xff, 0xff, 0xff, 0xff, 0xff, 0xff, 0xff, 0xff, 0xff,
    0xff, 0xff, 0x20, 0x08, 0x20, 0x30, 0xaa, 0x92, 0xc9, 0xfa, 0xc9, 0xfa,
    0xc8, 0xfa, 0xc9, 0xfa, 0xc9, 0xfa, 0xc8, 0xfa, 0xc9, 0xfa, 0xc9, 0xfa,
    0xc9, 0xfa, 0xc9, 0xfa, 0xc9, 0xfa, 0xc8, 0xfa, 0xc9, 0xfa, 0xc9, 0xfa,
    0xc8, 0xfa, 0xc9, 0xfa, 0xc9, 0xfa, 0xc8, 0xfa, 0xc9, 0xfa, 0xc9, 0xfa,
    0xc8, 0xfa, 0xc9, 0xfa, 0xc9, 0xfa, 0xc9, 0xfa, 0xc9, 0xfa, 0xc9, 0xfa,
    0xca, 0xa2, 0x00, 0x30, 0x20, 0x08, 0x00, 0x00, 0x20, 0x08, 0x00, 0x00,
    0x20, 0x08, 0x00, 0x08, 0xff, 0xff, 0xff, 0xff, 0xff, 0xff, 0xff, 0xff,
    0x20, 0x08, 0x00, 0x00, 0x02, 0x99, 0x2b, 0xe3, 0xc9, 0xfa, 0xc9, 0xfa,
    0xc9, 0xfa, 0xc9, 0xfa, 0xc8, 0xfa, 0xc9, 0xfa, 0xc9, 0xfa, 0xc9, 0xfa,
    0xc9, 0xfa, 0xc9, 0xfa, 0xc9, 0xfa, 0xc8, 0xfa, 0xc9, 0xfa, 0xc9, 0xfa,
    0xc9, 0xfa, 0xc9, 0xfa, 0xc8, 0xfa, 0xc9, 0xfa, 0xc9, 0xfa, 0xc9, 0xfa,
    0xc9, 0xfa, 0xc8, 0xfa, 0xc9, 0xfa, 0xc9, 0xfa, 0xc9, 0xfa, 0xc9, 0xfa,
    0x61, 0x18, 0x00, 0x10, 0x00, 0x00, 0x00, 0x08, 0x00, 0x08, 0x00, 0x08,
    0xff, 0xff, 0xff, 0xff, 0xff, 0xff, 0xff, 0xff, 0xff, 0xff, 0xff, 0xff,
    0xff, 0xff, 0xff, 0xff, 0xff, 0xff, 0xff, 0xff, 0xff, 0xff, 0xff, 0xff,
    0xff, 0xff, 0xff, 0xff, 0xff, 0xff, 0xff, 0xff, 0xff, 0xff, 0xff, 0xff,
    0xff, 0xff, 0xff, 0xff, 0xff, 0xff, 0xff, 0xff, 0xff, 0xff, 0xff, 0xff,
    0xff, 0xff, 0xff, 0xff, 0xff, 0xff, 0x00, 0x08, 0x00, 0x00, 0x47, 0xda,
    0xc9, 0xfa, 0xc9, 0xfa, 0xc9, 0xfa, 0xc9, 0xfa, 0xc9, 0xfa, 0xc9, 0xfa,
    0xc9, 0xfa, 0xc9, 0xfa, 0xc9, 0xfa, 0xc8, 0xfa, 0xc9, 0xfa, 0xc9, 0xfa,
    0xc9, 0xfa, 0xc9, 0xfa, 0xc9, 0xfa, 0xc9, 0xfa, 0xc9, 0xfa, 0xc9, 0xfa,
    0xc9, 0xfa, 0xc9, 0xfa, 0xc9, 0xfa, 0xc9, 0xfa, 0xc9, 0xfa, 0xc9, 0xfa,
    0xc8, 0xfa, 0x0a, 0xeb, 0xa5, 0xb9, 0x00, 0x08, 0x20, 0x08, 0x00, 0x08,
    0x20, 0x00, 0x00, 0x08, 0x20, 0x08, 0xff, 0xff, 0xff, 0xff, 0xff, 0xff,
    0xff, 0xff, 0xff, 0xff, 0xff, 0xff, 0xff, 0xff, 0xff, 0xff, 0xff, 0xff,
    0xff, 0xff, 0xff, 0xff, 0xff, 0xff, 0xff, 0xff, 0xff, 0xff, 0xff, 0xff,
    0xff, 0xff, 0xff, 0xff, 0xff, 0xff, 0xff, 0xff, 0x20, 0x00, 0x00, 0x38,
    0xca, 0xa2, 0xc9, 0xfa, 0xc9, 0xfa, 0xc8, 0xfa, 0xc9, 0xfa, 0xc9, 0xfa,
    0xc8, 0xfa, 0xc9, 0xfa, 0xc9, 0xfa, 0xc9, 0xfa, 0xc9, 0xfa, 0xc9, 0xfa,
    0xc9, 0xfa, 0xc9, 0xfa, 0xc8, 0xfa, 0xc9, 0xfa, 0xc9, 0xfa, 0xc9, 0xfa,
    0xc9, 0xfa, 0xc9, 0xfa, 0xc8, 0xfa, 0xc9, 0xfa, 0xc9, 0xfa, 0xc8, 0xfa,
    0xc9, 0xfa, 0xc9, 0xfa, 0xc9, 0xfa, 0xaa, 0x92, 0x20, 0x30, 0x00, 0x08,
    0x00, 0x08, 0x20, 0x00, 0x00, 0x08, 0x21, 0x00, 0xff, 0xff, 0xff, 0xff,
    0xff, 0xff, 0xff, 0xff, 0xff, 0xff, 0xff, 0xff, 0xff, 0xff, 0xff, 0xff,
    0xff, 0xff, 0xff, 0xff, 0xff, 0xff, 0xff, 0xff, 0xff, 0xff, 0xff, 0xff,
    0xff, 0xff, 0xff, 0xff, 0xff, 0xff, 0xff, 0xff, 0xff, 0xff, 0x00, 0x08,
    0x20, 0x08, 0x27, 0xca, 0xe9, 0xf2, 0xc9, 0xfa, 0xc9, 0xfa, 0xc9, 0xfa,
    0xc9, 0xfa, 0xc9, 0xfa, 0xc9, 0xfa, 0xc8, 0xfa, 0xc9, 0xfa, 0xc9, 0xfa,
    0xc9, 0xfa, 0xc9, 0xfa, 0xc9, 0xfa, 0xc9, 0xfa, 0xc9, 0xfa, 0xc9, 0xfa,
    0xc9, 0xfa, 0xc9, 0xfa, 0xc9, 0xfa, 0xc9, 0xfa, 0xc9, 0xfa, 0xc9, 0xfa,
    0xc9, 0xfa, 0xc9, 0xfa, 0xc9, 0xfa, 0xc9, 0xfa, 0xc9, 0xfa, 0xc9, 0xfa,
    0xc9, 0xfa, 0xc9, 0xfa, 0xc9, 0xfa, 0xc9, 0xfa, 0xc9, 0xfa, 0xc9, 0xfa,
    0xc9, 0xfa, 0xc9, 0xfa, 0xc9, 0xfa, 0xc9, 0xfa, 0xc9, 0xfa, 0xc9, 0xfa,
    0xc9, 0xfa, 0xc9, 0xfa, 0xc9, 0xfa, 0xc9, 0xfa, 0xc9, 0xfa, 0xc8, 0xfa,
    0xc9, 0xfa, 0xc9, 0xfa, 0xc9, 0xfa, 0xc9, 0xfa, 0xc9, 0xfa, 0xc8, 0xfa,
    0xc9, 0xfa, 0x4b, 0xd3, 0xa1, 0x80, 0x00, 0x08, 0x00, 0x08, 0x00, 0x08,
    0x20, 0x08, 0x00, 0x08, 0x00, 0x08, 0xff, 0xff, 0xff, 0xff, 0xff, 0xff,
    0xff, 0xff, 0xff, 0xff, 0xff, 0xff, 0xff, 0xff, 0xff, 0xff, 0xff, 0xff,
    0xff, 0xff, 0xff, 0xff, 0xff, 0xff, 0xff, 0xff, 0xff, 0xff, 0xff, 0xff,
    0xff, 0xff, 0xff, 0xff, 0xff, 0xff, 0xff, 0xff, 0x21, 0x08, 0x00, 0x50,
    0x6c, 0xc3, 0xc9, 0xfa, 0xc9, 0xfa, 0xc9, 0xfa, 0xc9, 0xfa, 0xc9, 0xfa,
    0xc9, 0xfa, 0xc9, 0xfa, 0xc9, 0xfa, 0xc8, 0xfa, 0xc9, 0xfa, 0xc9, 0xfa,
    0xc9, 0xfa, 0xc9, 0xfa, 0xc9, 0xfa, 0xc9, 0xfa, 0xc9, 0xfa, 0xc9, 0xfa,
    0xc9, 0xfa, 0xc9, 0xfa, 0xc9, 0xfa, 0xc9, 0xfa, 0xc9, 0xfa, 0xc8, 0xfa,
    0xc9, 0xfa, 0xc9, 0xfa, 0xc9, 0xfa, 0xc6, 0x59, 0x00, 0x20, 0x00, 0x08,
    0x00, 0x00, 0x00, 0x08, 0x00, 0x08, 0x20, 0x00, 0xff, 0xff, 0xff, 0xff,
    0xff, 0xff, 0xff, 0xff, 0xff, 0xff, 0xff, 0xff, 0xff, 0xff, 0xff, 0xff,
    0xff, 0xff, 0xff, 0xff, 0xff, 0xff, 0xff, 0xff, 0xff, 0xff, 0xff, 0xff,
    0xff, 0xff, 0xff, 0xff, 0xff, 0xff, 0xff, 0xff, 0xff, 0xff, 0xff, 0xff,
    0xff, 0xff, 0xff, 0xff, 0xff, 0xff, 0xff, 0xff, 0xff, 0xff, 0xff, 0xff,
    0xff, 0xff, 0xff, 0xff, 0xff, 0xff, 0xff, 0xff, 0xff, 0xff, 0xff, 0xff,
    0xff, 0xff, 0xff, 0xff, 0xff, 0xff, 0xff, 0xff, 0xff, 0xff, 0xff, 0xff,
    0xff, 0xff, 0xff, 0xff, 0xff, 0xff, 0xff, 0xff, 0xff, 0xff, 0xff, 0xff,
    0xff, 0xff, 0xff, 0xff, 0xff, 0xff, 0xff, 0xff, 0xff, 0xff, 0xff, 0xff,
    0xff, 0xff, 0xff, 0xff, 0xff, 0xff, 0xff, 0xff, 0xff, 0xff, 0xff, 0xff,
    0xff, 0xff, 0xff, 0xff, 0xff, 0xff, 0xff, 0xff, 0x21, 0x00, 0x20, 0x30,
    0xa9, 0x9a, 0xc9, 0xfa, 0xc9, 0xfa, 0xc9, 0xfa, 0xc9, 0xfa, 0xc9, 0xfa,
    0xc9, 0xfa, 0xc9, 0xfa, 0xc9, 0xfa, 0xc9, 0xfa, 0xc9, 0xfa, 0xc9, 0xfa,
    0xc9, 0xfa, 0xc9, 0xfa, 0xc9, 0xfa, 0xc9, 0xfa, 0xc9, 0xfa, 0xc9, 0xfa,
    0xc9, 0xfa, 0xc9, 0xfa, 0xc9, 0xfa, 0xc9, 0xfa, 0xc9, 0xfa, 0xc9, 0xfa,
    0xc9, 0xfa, 0xc9, 0xfa, 0xc8, 0xfa, 0xca, 0xa2, 0x00, 0x38, 0x00, 0x08,
    0x00, 0x08, 0x00, 0x08, 0x20, 0x00, 0x20, 0x00, 0xff, 0xff, 0xff, 0xff,
    0xff, 0xff, 0xff, 0xff, 0xff, 0xff, 0x00, 0x08, 0x20, 0x08, 0x02, 0x99,
    0x2b, 0xdb, 0xc9, 0xfa, 0xc9, 0xfa, 0xc9, 0xfa, 0xc9, 0xfa, 0xc9, 0xfa,
    0xc9, 0xfa, 0xc9, 0xfa, 0xc8, 0xfa, 0xc9, 0xfa, 0xc9, 0xfa, 0xc9, 0xfa,
    0xc9, 0xfa, 0xc9, 0xfa, 0xc9, 0xfa, 0xc9, 0xfa, 0xc9, 0xfa, 0xc9, 0xfa,
    0xc9, 0xfa, 0xc9, 0xfa, 0xc8, 0xfa, 0xc9, 0xfa, 0xc9, 0xfa, 0xc9, 0xfa,
    0xc9, 0xfa, 0xc8, 0xfa, 0xc9, 0xfa, 0x61, 0x18, 0x00, 0x10, 0x00, 0x00,
    0x00, 0x08, 0x20, 0x08, 0x00, 0x00, 0xff, 0xff, 0xff, 0xff, 0xff, 0xff,
    0xff, 0xff, 0xff, 0xff, 0xff, 0xff, 0xff, 0xff, 0xff, 0xff, 0xff, 0xff,
    0xff, 0xff, 0xff, 0xff, 0xff, 0xff, 0xff, 0xff, 0xff, 0xff, 0xff, 0xff,
    0xff, 0xff, 0xff, 0xff, 0xff, 0xff, 0xff, 0xff, 0xff, 0xff, 0xff, 0xff,
    0xff, 0xff, 0xff, 0xff, 0xff, 0xff, 0xff, 0xff, 0xff, 0xff, 0xff, 0xff,
    0x00, 0x08, 0x20, 0x08, 0x47, 0xda, 0xc9, 0xfa, 0xc9, 0xfa, 0xc9, 0xfa,
    0xc8, 0xfa, 0xc9, 0xfa, 0xc9, 0xfa, 0xc9, 0xfa, 0xc9, 0xfa, 0xc9, 0xfa,
    0xc9, 0xfa, 0xc9, 0xfa, 0xc9, 0xfa, 0xc8, 0xfa, 0xc9, 0xfa, 0xc9, 0xfa,
    0xc8, 0xfa, 0xc9, 0xfa, 0xc9, 0xfa, 0xc9, 0xfa, 0xc9, 0xfa, 0xc8, 0xfa,
    0xc9, 0xfa, 0xc9, 0xfa, 0xc9, 0xfa, 0xc9, 0xfa, 0x0a, 0xeb, 0xc5, 0xb9,
    0x00, 0x08, 0x00, 0x08, 0x00, 0x08, 0x00, 0x08, 0x00, 0x00, 0x00, 0x08,
    0xff, 0xff, 0xff, 0xff, 0xff, 0xff, 0xff, 0xff, 0xff, 0xff, 0xff, 0xff,
    0xff, 0xff, 0xff, 0xff, 0xff, 0xff, 0xff, 0xff, 0xff, 0xff, 0xff, 0xff,
    0xff, 0xff, 0xff, 0xff, 0xff, 0xff, 0xff, 0xff, 0xff, 0xff, 0xff, 0xff,
    0xff, 0xff, 0x20, 0x00, 0x00, 0x38, 0xca, 0xa2, 0xc9, 0xfa, 0xc9, 0xfa,
    0xc9, 0xfa, 0xc9, 0xfa, 0xc9, 0xfa, 0xc9, 0xfa, 0xc9, 0xfa, 0xc9, 0xfa,
    0xc8, 0xfa, 0xc9, 0xfa, 0xc9, 0xfa, 0xc9, 0xfa, 0xc9, 0xfa, 0xc9, 0xfa,
    0xc9, 0xfa, 0xc9, 0xfa, 0xc8, 0xfa, 0xc9, 0xfa, 0xc9, 0xfa, 0xc9, 0xfa,
    0xc9, 0xfa, 0xc9, 0xfa, 0xc9, 0xfa, 0xc9, 0xfa, 0xc9, 0xfa, 0xc9, 0xfa,
    0xa9, 0x92, 0x20, 0x30, 0x00, 0x08, 0x00, 0x08, 0x00, 0x08, 0x20, 0x08,
    0x21, 0x00, 0xff, 0xff, 0xff, 0xff, 0xff, 0xff, 0xff, 0xff, 0xff, 0xff,
    0xff, 0xff, 0xff, 0xff, 0xff, 0xff, 0xff, 0xff, 0xff, 0xff, 0xff, 0xff,
    0xff, 0xff, 0xff, 0xff, 0xff, 0xff, 0xff, 0xff, 0xff, 0xff, 0xff, 0xff,
    0xff, 0xff, 0xff, 0xff, 0x00, 0x08, 0x00, 0x08, 0x47, 0xca, 0xe9, 0xf2,
    0xc9, 0xfa, 0xc9, 0xfa, 0xc9, 0xfa, 0xc9, 0xfa, 0xc9, 0xfa, 0xc9, 0xfa,
    0xc9, 0xfa, 0xc9, 0xfa, 0xc8, 0xfa, 0xc9, 0xfa, 0xc9, 0xfa, 0xc8, 0xfa,
    0xc9, 0xfa, 0xc8, 0xfa, 0xc9, 0xfa, 0xc9, 0xfa, 0xc8, 0xfa, 0xc9, 0xfa,
    0xc9, 0xfa, 0xc9, 0xfa, 0xc9, 0xfa, 0xc9, 0xfa, 0xc9, 0xfa, 0xc9, 0xfa,
    0xc9, 0xfa, 0xc9, 0xfa, 0xc9, 0xfa, 0xc9, 0xfa, 0xc8, 0xfa, 0xc9, 0xfa,
    0xc9, 0xfa, 0xc8, 0xfa, 0xc9, 0xfa, 0xc9, 0xfa, 0xc9, 0xfa, 0xc9, 0xfa,
    0xc8, 0xfa, 0xc9, 0xfa, 0xc9, 0xfa, 0xc9, 0xfa, 0xc9, 0xfa, 0xc9, 0xfa,
    0xc9, 0xfa, 0xc9, 0xfa, 0xc9, 0xfa, 0xc9, 0xfa, 0xc9, 0xfa, 0xc9, 0xfa,
    0xc9, 0xfa, 0xc9, 0xfa, 0xc9, 0xfa, 0xc9, 0xfa, 0x4b, 0xd3, 0xc1, 0x88,
    0x00, 0x08, 0x00, 0x08, 0x20, 0x00, 0x00, 0x00, 0x00, 0x08, 0x20, 0x08,
    0xff, 0xff, 0xff, 0xff, 0xff, 0xff, 0xff, 0xff, 0xff, 0xff, 0xff, 0xff,
    0xff, 0xff, 0xff, 0xff, 0xff, 0xff, 0xff, 0xff, 0xff, 0xff, 0xff, 0xff,
    0xff, 0xff, 0xff, 0xff, 0xff, 0xff, 0xff, 0xff, 0xff, 0xff, 0xff, 0xff,
    0xff, 0xff, 0x20, 0x00, 0x00, 0x50, 0x6c, 0xcb, 0xc9, 0xfa, 0xc9, 0xfa,
    0xc9, 0xfa, 0xc8, 0xfa, 0xc9, 0xfa, 0xc9, 0xfa, 0xc9, 0xfa, 0xc9, 0xfa,
    0xc9, 0xfa, 0xc9, 0xfa, 0xc9, 0xfa, 0xc9, 0xfa, 0xc9, 0xfa, 0xc8, 0xfa,
    0xc9, 0xfa, 0xc9, 0xfa, 0xc9, 0xfa, 0xc9, 0xfa, 0xc9, 0xfa, 0xc9, 0xfa,
    0xc9, 0xfa, 0xc9, 0xfa, 0xc9, 0xfa, 0xc9, 0xfa, 0xc9, 0xfa, 0xc9, 0xfa,
    0xc6, 0x59, 0x00, 0x20, 0x20, 0x08, 0x00, 0x08, 0x20, 0x00, 0x00, 0x08,
    0x20, 0x00, 0xff, 0xff, 0xff, 0xff, 0xff, 0xff, 0xff, 0xff, 0xff, 0xff,
    0xff, 0xff, 0xff, 0xff, 0xff, 0xff, 0xff, 0xff, 0xff, 0xff, 0xff, 0xff,
    0xff, 0xff, 0xff, 0xff, 0xff, 0xff, 0xff, 0xff, 0xff, 0xff, 0xff, 0xff,
    0xff, 0xff, 0xff, 0xff, 0xff, 0xff, 0xff, 0xff, 0xff, 0xff, 0xff, 0xff,
    0xff, 0xff, 0xff, 0xff, 0xff, 0xff, 0xff, 0xff, 0xff, 0xff, 0xff, 0xff,
    0xff, 0xff, 0xff, 0xff, 0xff, 0xff, 0xff, 0xff, 0xff, 0xff, 0xff, 0xff,
    0xff, 0xff, 0xff, 0xff, 0xff, 0xff, 0xff, 0xff, 0xff, 0xff, 0xff, 0xff,
    0xff, 0xff, 0xff, 0xff, 0xff, 0xff, 0xff, 0xff, 0xff, 0xff, 0xff, 0xff,
    0xff, 0xff, 0xff, 0xff, 0xff, 0xff, 0xff, 0xff, 0xff, 0xff, 0xff, 0xff,
    0xff, 0xff, 0xff, 0xff, 0xff, 0xff, 0xff, 0xff, 0xff, 0xff, 0xff, 0xff,
    0xff, 0xff, 0x21, 0x00, 0x20, 0x30, 0xaa, 0x92, 0xc9, 0xfa, 0xc9, 0xfa,
    0xc9, 0xfa, 0xc9, 0xfa, 0xc9, 0xfa, 0xc9, 0xfa, 0xc8, 0xfa, 0xc9, 0xfa,
    0xc9, 0xfa, 0xc8, 0xfa, 0xc9, 0xfa, 0xc9, 0xfa, 0xc9, 0xfa, 0xc9, 0xfa,
    0xc9, 0xfa, 0xc9, 0xfa, 0xc9, 0xfa, 0xc9, 0xfa, 0xc9, 0xfa, 0xc9, 0xfa,
    0xc9, 0xfa, 0xc9, 0xfa, 0xc8, 0xfa, 0xc9, 0xfa, 0xc9, 0xfa, 0xc9, 0xfa,
    0xca, 0xa2, 0x00, 0x38, 0x00, 0x08, 0x00, 0x08, 0x00, 0x08, 0x00, 0x08,
    0x20, 0x00, 0xff, 0xff, 0xff, 0xff, 0xff, 0xff, 0xff, 0xff, 0xff, 0xff,
    0x00, 0x08, 0x00, 0x08, 0x02, 0x99, 0x2a, 0xe3, 0xc9, 0xfa, 0xc9, 0xfa,
    0xc8, 0xfa, 0xc9, 0xfa, 0xc9, 0xfa, 0xc9, 0xfa, 0xc9, 0xfa, 0xc9, 0xfa,
    0xc9, 0xfa, 0xc9, 0xfa, 0xc9, 0xfa, 0xc9, 0xfa, 0xc9, 0xfa, 0xc8, 0xfa,
    0xc9, 0xfa, 0xc9, 0xfa, 0xc9, 0xfa, 0xc9, 0xfa, 0xc9, 0xfa, 0xc9, 0xfa,
    0xc9, 0xfa, 0xc9, 0xfa, 0xc9, 0xfa, 0xc9, 0xfa, 0xc9, 0xfa, 0xc9, 0xfa,
    0x41, 0x18, 0x00, 0x10, 0x00, 0x08, 0x20, 0x08, 0x00, 0x00, 0x00, 0x08,
    0xff, 0xff, 0xff, 0xff, 0xff, 0xff, 0xff, 0xff, 0xff, 0xff, 0xff, 0xff,
    0xff, 0xff, 0xff, 0xff, 0xff, 0xff, 0xff, 0xff, 0xff, 0xff, 0xff, 0xff,
    0xff, 0xff, 0xff, 0xff, 0xff, 0xff, 0xff, 0xff, 0xff, 0xff, 0xff, 0xff,
    0xff, 0xff, 0xff, 0xff, 0xff, 0xff, 0xff, 0xff, 0xff, 0xff, 0xff, 0xff,
    0xff, 0xff, 0xff, 0xff, 0xff, 0xff, 0x00, 0x08, 0x00, 0x08, 0x47, 0xda,
    0xe9, 0xf2, 0xc9, 0xfa, 0xc9, 0xfa, 0xc9, 0xfa, 0xc9, 0xfa, 0xc9, 0xfa,
    0xc8, 0xfa, 0xc9, 0xfa, 0xc9, 0xfa, 0xc9, 0xfa, 0xc9, 0xfa, 0xc9, 0xfa,
    0xc9, 0xfa, 0xc9, 0xfa, 0xc9, 0xfa, 0xc9, 0xfa, 0xc9, 0xfa, 0xc9, 0xfa,
    0xc9, 0xfa, 0xc9, 0xfa, 0xc9, 0xfa, 0xc9, 0xfa, 0xc9, 0xfa, 0xc8, 0xfa,
    0xc9, 0xfa, 0x0a, 0xeb, 0xa4, 0xb9, 0x00, 0x00, 0x00, 0x08, 0x20, 0x08,
    0x00, 0x00, 0x00, 0x08, 0x20, 0x08, 0xff, 0xff, 0xff, 0xff, 0xff, 0xff,
    0xff, 0xff, 0xff, 0xff, 0xff, 0xff, 0xff, 0xff, 0xff, 0xff, 0xff, 0xff,
    0xff, 0xff, 0xff, 0xff, 0xff, 0xff, 0xff, 0xff, 0xff, 0xff, 0xff, 0xff,
    0xff, 0xff, 0xff, 0xff, 0xff, 0xff, 0xff, 0xff, 0x21, 0x00, 0x00, 0x38,
    0xca, 0xa2, 0xc9, 0xfa, 0xc9, 0xfa, 0xc9, 0xfa, 0xc9, 0xfa, 0xc9, 0xfa,
    0xc9, 0xfa, 0xc9, 0xfa, 0xc9, 0xfa, 0xc9, 0xfa, 0xc9, 0xfa, 0xc9, 0xfa,
    0xc8, 0xfa, 0xc9, 0xfa, 0xc9, 0xfa, 0xc9, 0xfa, 0xc9, 0xfa, 0xc9, 0xfa,
    0xc9, 0xfa, 0xc9, 0xfa, 0xc9, 0xfa, 0xc9, 0xfa, 0xc9, 0xfa, 0xc9, 0xfa,
    0xc9, 0xfa, 0xc9, 0xfa, 0xc9, 0xfa, 0xa9, 0x92, 0x20, 0x30, 0x00, 0x08,
    0x00, 0x08, 0x20, 0x08, 0x00, 0x08, 0x20, 0x00, 0xff, 0xff, 0xff, 0xff,
    0xff, 0xff, 0xff, 0xff, 0xff, 0xff, 0xff, 0xff, 0xff, 0xff, 0xff, 0xff,
    0xff, 0xff, 0xff, 0xff, 0xff, 0xff, 0xff, 0xff, 0xff, 0xff, 0xff, 0xff,
    0xff, 0xff, 0xff, 0xff, 0xff, 0xff, 0xff, 0xff, 0xff, 0xff, 0x00, 0x08,
    0x00, 0x08, 0x27, 0xca, 0xe9, 0xf2, 0xc9, 0xfa, 0xc9, 0xfa, 0xc9, 0xfa,
    0xc8, 0xfa, 0xc9, 0xfa, 0xc9, 0xfa, 0xc9, 0xfa, 0xc9, 0xfa, 0xc9, 0xfa,
    0xc9, 0xfa, 0xc9, 0xfa, 0xc9, 0xfa, 0xc9, 0xfa, 0xc9, 0xfa, 0xc9, 0xfa,
    0xc9, 0xfa, 0xc9, 0xfa, 0xc9, 0xfa, 0xc9, 0xfa, 0xc8, 0xfa, 0xc9, 0xfa,
    0xc9, 0xfa, 0xc8, 0xfa, 0xc9, 0xfa, 0xc9, 0xfa, 0xc8, 0xfa, 0xc9, 0xfa,
    0xc9, 0xfa, 0xc9, 0xfa, 0xc9, 0xfa, 0xc9, 0xfa, 0xc9, 0xfa, 0xc9, 0xfa,
    0xc8, 0xfa, 0xc9, 0xfa, 0xc9, 0xfa, 0xc9, 0xfa, 0xc9, 0xfa, 0xc9, 0xfa,
    0xc8, 0xfa, 0xc9, 0xfa, 0xc9, 0xfa, 0xc8, 0xfa, 0xc9, 0xfa, 0xc9, 0xfa,
    0xc9, 0xfa, 0xc8, 0xfa, 0xc9, 0xfa, 0xc9, 0xfa, 0xc9, 0xfa, 0xc9, 0xfa,
    0xc9, 0xfa, 0x4b, 0xd3, 0xc1, 0x80, 0x00, 0x08, 0x00, 0x08, 0x00, 0x08,
    0x00, 0x08, 0x00, 0x08, 0x00, 0x00, 0xff, 0xff, 0xff, 0xff, 0xff, 0xff,
    0xff, 0xff, 0xff, 0xff, 0xff, 0xff, 0xff, 0xff, 0xff, 0xff, 0xff, 0xff,
    0xff, 0xff, 0xff, 0xff, 0xff, 0xff, 0xff, 0xff, 0xff, 0xff, 0xff, 0xff,
    0xff, 0xff, 0xff, 0xff, 0xff, 0xff, 0xff, 0xff, 0x20, 0x00, 0x00, 0x50,
    0x8c, 0xcb, 0xc9, 0xfa, 0xc9, 0xfa, 0xc9, 0xfa, 0xc9, 0xfa, 0xc9, 0xfa,
    0xc9, 0xfa, 0xc8, 0xfa, 0xc9, 0xfa, 0xc9, 0xfa, 0xc9, 0xfa, 0xc8, 0xfa,
    0xc9, 0xfa, 0xc9, 0xfa, 0xc9, 0xfa, 0xc9, 0xfa, 0xc8, 0xfa, 0xc9, 0xfa,
    0xc9, 0xfa, 0xc8, 0xfa, 0xc9, 0xfa, 0xc9, 0xfa, 0xc8, 0xfa, 0xc9, 0xfa,
    0xc9, 0xfa, 0xc9, 0xfa, 0xc9, 0xfa, 0xc6, 0x59, 0x00, 0x20, 0x00, 0x00,
    0x00, 0x08, 0x00, 0x08, 0x20, 0x08, 0x20, 0x00, 0xff, 0xff, 0xff, 0xff,
    0xff, 0xff, 0xff, 0xff, 0xff, 0xff, 0xff, 0xff, 0xff, 0xff, 0xff, 0xff,
    0xff, 0xff, 0xff, 0xff, 0xff, 0xff, 0xff, 0xff, 0xff, 0xff, 0xff, 0xff,
    0xff, 0xff, 0xff, 0xff, 0xff, 0xff, 0xff, 0xff, 0xff, 0xff, 0xff, 0xff,
    0xff, 0xff, 0xff, 0xff, 0xff, 0xff, 0xff, 0xff, 0xff, 0xff, 0xff, 0xff,
    0xff, 0xff, 0xff, 0xff, 0xff, 0xff, 0xff, 0xff, 0xff, 0xff, 0xff, 0xff,
    0xff, 0xff, 0xff, 0xff, 0xff, 0xff, 0xff, 0xff, 0xff, 0xff, 0xff, 0xff,
    0xff, 0xff, 0xff, 0xff, 0xff, 0xff, 0xff, 0xff, 0xff, 0xff, 0xff, 0xff,
    0xff, 0xff, 0xff, 0xff, 0xff, 0xff, 0xff, 0xff, 0xff, 0xff, 0xff, 0xff,
    0xff, 0xff, 0xff, 0xff, 0xff, 0xff, 0xff, 0xff, 0xff, 0xff, 0xff, 0xff,
    0xff, 0xff, 0xff, 0xff, 0xff, 0xff, 0xff, 0xff, 0x20, 0x08, 0x20, 0x30,
    0xa9, 0x92, 0xc9, 0xfa, 0xc9, 0xfa, 0xc9, 0xfa, 0xc8, 0xfa, 0xc9, 0xfa,
    0xc9, 0xfa, 0xc9, 0xfa, 0xc9, 0xfa, 0xc9, 0xfa, 0xc9, 0xfa, 0xc9, 0xfa,
    0xc9, 0xfa, 0xc8, 0xfa, 0xc9, 0xfa, 0xc9, 0xfa, 0xc8, 0xfa, 0xc9, 0xfa,
    0xc9, 0xfa, 0xc8, 0xfa, 0xc9, 0xfa, 0xc9, 0xfa, 0xc9, 0xfa, 0xc9, 0xfa,
    0xc9, 0xfa, 0xc9, 0xfa, 0xc9, 0xfa, 0xca, 0xa2, 0x00, 0x30, 0x20, 0x00,
    0x20, 0x08, 0x00, 0x08, 0x00, 0x08, 0x20, 0x00, 0xff, 0xff, 0xff, 0xff,
    0xff, 0xff, 0xff, 0xff, 0xff, 0xff, 0x20, 0x08, 0x00, 0x00, 0x03, 0x99,
    0x2a, 0xe3, 0xc9, 0xfa, 0xc9, 0xfa, 0xc9, 0xfa, 0xc9, 0xfa, 0xc9, 0xfa,
    0xc8, 0xfa, 0xc9, 0xfa, 0xc9, 0xfa, 0xc9, 0xfa, 0xc8, 0xfa, 0xc9, 0xfa,
    0xc9, 0xfa, 0xc9, 0xfa, 0xc9, 0xfa, 0xc9, 0xfa, 0xc9, 0xfa, 0xc8, 0xfa,
    0xc9, 0xfa, 0xc9, 0xfa, 0xc9, 0xfa, 0xc9, 0xfa, 0xc8, 0xfa, 0xc9, 0xfa,
    0xc9, 0xfa, 0xc9, 0xfa, 0xc9, 0xfa, 0x61, 0x10, 0x00, 0x10, 0x00, 0x08,
    0x00, 0x00, 0x00, 0x08, 0x20, 0x08, 0xff, 0xff, 0xff, 0xff, 0xff, 0xff,
    0xff, 0xff, 0xff, 0xff, 0xff, 0xff, 0xff, 0xff, 0xff, 0xff, 0xff, 0xff,
    0xff, 0xff, 0xff, 0xff, 0xff, 0xff, 0xff, 0xff, 0xff, 0xff, 0xff, 0xff,
    0xff, 0xff, 0xff, 0xff, 0xff, 0xff, 0xff, 0xff, 0xff, 0xff, 0xff, 0xff,
    0xff, 0xff, 0xff, 0xff, 0xff, 0xff, 0xff, 0xff, 0xff, 0xff, 0xff, 0xff,
    0x00, 0x00, 0x00, 0x08, 0x47, 0xda, 0xe9, 0xfa, 0xc9, 0xfa, 0xc9, 0xfa,
    0xc9, 0xfa, 0xc9, 0xfa, 0xc9, 0xfa, 0xc9, 0xfa, 0xc9, 0xfa, 0xc9, 0xfa,
    0xc8, 0xfa, 0xc9, 0xfa, 0xc9, 0xfa, 0xc9, 0xfa, 0xc9, 0xfa, 0xc8, 0xfa,
    0xc9, 0xfa, 0xc9, 0xfa, 0xc8, 0xfa, 0xc9, 0xfa, 0xc9, 0xfa, 0xc9, 0xfa,
    0xc9, 0xfa, 0xc9, 0xfa, 0xc9, 0xfa, 0xc9, 0xfa, 0x0a, 0xeb, 0xa5, 0xb9,
    0x00, 0x08, 0x20, 0x08, 0x00, 0x00, 0x00, 0x08, 0x20, 0x08, 0x00, 0x00,
    0xff, 0xff, 0xff, 0xff, 0xff, 0xff, 0xff, 0xff, 0xff, 0xff, 0xff, 0xff,
    0xff, 0xff, 0xff, 0xff, 0xff, 0xff, 0xff, 0xff, 0xff, 0xff, 0xff, 0xff,
    0xff, 0xff, 0xff, 0xff, 0xff, 0xff, 0xff, 0xff, 0xff, 0xff, 0xff, 0xff,
    0xff, 0xff, 0x20, 0x00, 0x00, 0x38, 0xca, 0xa2, 0xc9, 0xfa, 0xc9, 0xfa,
    0xc8, 0xfa, 0xc9, 0xfa, 0xc9, 0xfa, 0xc8, 0xfa, 0xc9, 0xfa, 0xc9, 0xfa,
    0xc9, 0xfa, 0xc9, 0xfa, 0xc9, 0xfa, 0xc9, 0xfa, 0xc9, 0xfa, 0xc9, 0xfa,
    0xc8, 0xfa, 0xc9, 0xfa, 0xc9, 0xfa, 0xc9, 0xfa, 0xc8, 0xfa, 0xc9, 0xfa,
    0xc9, 0xfa, 0xc8, 0xfa, 0xc9, 0xfa, 0xc9, 0xfa, 0xc8, 0xfa, 0xc9, 0xfa,
    0xaa, 0x92, 0x20, 0x30, 0x00, 0x08, 0x00, 0x08, 0x00, 0x00, 0x00, 0x08,
    0x20, 0x00, 0xff, 0xff, 0xff, 0xff, 0xff, 0xff, 0xff, 0xff, 0xff, 0xff,
    0xff, 0xff, 0xff, 0xff, 0xff, 0xff, 0xff, 0xff, 0xff, 0xff, 0xff, 0xff,
    0xff, 0xff, 0xff, 0xff, 0xff, 0xff, 0xff, 0xff, 0xff, 0xff, 0xff, 0xff,
    0xff, 0xff, 0xff, 0xff, 0x20, 0x08, 0x00, 0x00, 0x27, 0xca, 0xe9, 0xf2,
    0xc9, 0xfa, 0xc9, 0xfa, 0xc9, 0xfa, 0xc9, 0xfa, 0xc9, 0xfa, 0xc9, 0xfa,
    0xc8, 0xfa, 0xc9, 0xfa, 0xc9, 0xfa, 0xc9, 0xfa, 0xc9, 0xfa, 0xc9, 0xfa,
    0xc9, 0xfa, 0xc9, 0xfa, 0xc9, 0xfa, 0xc9, 0xfa, 0xc9, 0xfa, 0xc9, 0xfa,
    0xc9, 0xfa, 0xc9, 0xfa, 0xc9, 0xfa, 0xc9, 0xfa, 0xc9, 0xfa, 0xc9, 0xfa,
    0xc9, 0xfa, 0xc9, 0xfa, 0xc9, 0xfa, 0xc9, 0xfa, 0xc9, 0xfa, 0xc9, 0xfa,
    0xc9, 0xfa, 0xc9, 0xfa, 0xc9, 0xfa, 0xc9, 0xfa, 0xc9, 0xfa, 0xc9, 0xfa,
    0xc9, 0xfa, 0xc9, 0xfa, 0xc9, 0xfa, 0xc9, 0xfa, 0xc9, 0xfa, 0xc9, 0xfa,
    0xc9, 0xfa, 0xc9, 0xfa, 0xc9, 0xfa, 0xc9, 0xfa, 0xc9, 0xfa, 0xc9, 0xfa,
    0xc8, 0xfa, 0xc9, 0xfa, 0xc9, 0xfa, 0xc9, 0xfa, 0x4b, 0xd3, 0xa1, 0x80,
    0x00, 0x08, 0x20, 0x08, 0x00, 0x00, 0x20, 0x08, 0x00, 0x08, 0x00, 0x08,
    0xff, 0xff, 0xff, 0xff, 0xff, 0xff, 0xff, 0xff, 0xff, 0xff, 0xff, 0xff,
    0xff, 0xff, 0xff, 0xff, 0xff, 0xff, 0xff, 0xff, 0xff, 0xff, 0xff, 0xff,
    0xff, 0xff, 0xff, 0xff, 0xff, 0xff, 0xff, 0xff, 0xff, 0xff, 0xff, 0xff,
    0xff, 0xff, 0x21, 0x08, 0x00, 0x50, 0x6c, 0xc3, 0xc9, 0xfa, 0xc9, 0xfa,
    0xc9, 0xfa, 0xc9, 0xfa, 0xc9, 0xfa, 0xc9, 0xfa, 0xc9, 0xfa, 0xc9, 0xfa,
    0xc9, 0xfa, 0xc9, 0xfa, 0xc9, 0xfa, 0xc9, 0xfa, 0xc9, 0xfa, 0xc9, 0xfa,
    0xc9, 0xfa, 0xc9, 0xfa, 0xc9, 0xfa, 0xc9, 0xfa, 0xc9, 0xfa, 0xc9, 0xfa,
    0xc9, 0xfa, 0xc9, 0xfa, 0xc9, 0xfa, 0xc9, 0xfa, 0xc8, 0xfa, 0xc9, 0xfa,
    0xe6, 0x59, 0x00, 0x20, 0x00, 0x08, 0x00, 0x08, 0x00, 0x08, 0x00, 0x08,
    0x21, 0x00, 0xff, 0xff, 0xff, 0xff, 0xff, 0xff, 0xff, 0xff, 0xff, 0xff,
    0xff, 0xff, 0xff, 0xff, 0xff, 0xff, 0xff, 0xff, 0xff, 0xff, 0xff, 0xff,
    0xff, 0xff, 0xff, 0xff, 0xff, 0xff, 0xff, 0xff, 0xff, 0xff, 0xff, 0xff,
    0xff, 0xff, 0xff, 0xff, 0xff, 0xff, 0xff, 0xff, 0xff, 0xff, 0xff, 0xff,
    0xff, 0xff, 0xff, 0xff, 0xff, 0xff, 0xff, 0xff, 0xff, 0xff, 0xff, 0xff,
    0xff, 0xff, 0xff, 0xff, 0xff, 0xff, 0xff, 0xff, 0xff, 0xff, 0xff, 0xff,
    0xff, 0xff, 0xff, 0xff, 0xff, 0xff, 0xff, 0xff, 0xff, 0xff, 0xff, 0xff,
    0xff, 0xff, 0xff, 0xff, 0xff, 0xff, 0xff, 0xff, 0xff, 0xff, 0xff, 0xff,
    0xff, 0xff, 0xff, 0xff, 0xff, 0xff, 0xff, 0xff, 0xff, 0xff, 0xff, 0xff,
    0xff, 0xff, 0xff, 0xff, 0xff, 0xff, 0xff, 0xff, 0xff, 0xff, 0xff, 0xff,
    0xff, 0xff, 0x20, 0x00, 0x20, 0x30, 0xaa, 0x9a, 0xc9, 0xfa, 0xc9, 0xfa,
    0xc9, 0xfa, 0xc9, 0xfa, 0xc9, 0xfa, 0xc9, 0xfa, 0xc9, 0xfa, 0xc9, 0xfa,
    0xc9, 0xfa, 0xc9, 0xfa, 0xc9, 0xfa, 0xc9, 0xfa, 0xc9, 0xfa, 0xc9, 0xfa,
    0xc9, 0xfa, 0xc9, 0xfa, 0xc9, 0xfa, 0xc9, 0xfa, 0xc9, 0xfa, 0xc9, 0xfa,
    0xc9, 0xfa, 0xc8, 0xfa, 0xc9, 0xfa, 0xc9, 0xfa, 0xc9, 0xfa, 0xc9, 0xfa,
    0xca, 0xa2, 0x00, 0x38, 0x00, 0x08, 0x00, 0x00, 0x20, 0x08, 0x00, 0x08,
    0x20, 0x00, 0xff, 0xff, 0xff, 0xff, 0xff, 0xff, 0xff, 0xff, 0xff, 0xff,
    0x00, 0x08, 0x00, 0x08, 0x02, 0x99, 0x2b, 0xdb, 0xc9, 0xfa, 0xc9, 0xfa,
    0xc9, 0xfa, 0xc9, 0xfa, 0xc9, 0xfa, 0xc9, 0xfa, 0xc9, 0xfa, 0xc9, 0xfa,
    0xc9, 0xfa, 0xc9, 0xfa, 0xc9, 0xfa, 0xc9, 0xfa, 0xc8, 0xfa, 0xc9, 0xfa,
    0xc9, 0xfa, 0xc9, 0xfa, 0xc9, 0xfa, 0xc9, 0xfa, 0xc8, 0xfa, 0xc9, 0xfa,
    0xc9, 0xfa, 0xc9, 0xfa, 0xc9, 0xfa, 0xc9, 0xfa, 0xc8, 0xfa, 0xc9, 0xfa,
    0x41, 0x18, 0x00, 0x10, 0x00, 0x08, 0x00, 0x08, 0x20, 0x08, 0x00, 0x08,
    0xff, 0xff, 0xff, 0xff, 0xff, 0xff, 0xff, 0xff, 0xff, 0xff, 0xff, 0xff,
    0xff, 0xff, 0xff, 0xff, 0xff, 0xff, 0xff, 0xff, 0xff, 0xff, 0xff, 0xff,
    0xff, 0xff, 0xff, 0xff, 0xff, 0xff, 0xff, 0xff, 0xff, 0xff, 0xff, 0xff,
    0xff, 0xff, 0xff, 0xff, 0xff, 0xff, 0xff, 0xff, 0xff, 0xff, 0xff, 0xff,
    0xff, 0xff, 0xff, 0xff, 0xff, 0xff, 0x00, 0x08, 0x00, 0x08, 0x87, 0xda,
    0xe9, 0xf2, 0xc9, 0xfa, 0xc9, 0xfa, 0xe9, 0xfa, 0xc9, 0xfa, 0xe9, 0xfa,
    0xc9, 0xfa, 0xe9, 0xfa, 0xc9, 0xfa, 0xc9, 0xfa, 0xe9, 0xfa, 0xc9, 0xfa,
    0xe9, 0xfa, 0xc9, 0xfa, 0xc9, 0xfa, 0xc9, 0xfa, 0xc9, 0xfa, 0xc9, 0xfa,
    0xc9, 0xfa, 0xc8, 0xfa, 0xc9, 0xfa, 0xc9, 0xfa, 0xc8, 0xfa, 0xc9, 0xfa,
    0xc9, 0xfa, 0x0a, 0xeb, 0xc5, 0xb9, 0x00, 0x08, 0x00, 0x08, 0x00, 0x08,
    0x00, 0x08, 0x00, 0x08, 0x00, 0x08, 0x00, 0x08, 0x00, 0x08, 0x00, 0x08,
    0x00, 0x08, 0x00, 0x08, 0x00, 0x08, 0x00, 0x08, 0x00, 0x08, 0x00, 0x08,
    0x00, 0x08, 0x00, 0x08, 0x00, 0x08, 0x00, 0x08, 0x00, 0x08, 0x00, 0x08,
    0x00, 0x08, 0x00, 0x08, 0x00, 0x08, 0x00, 0x08, 0x00, 0x08, 0x00, 0x38,
    0xca, 0xa2, 0xc9, 0xfa, 0xc9, 0xfa, 0xc9, 0xfa, 0xc9, 0xfa, 0xc9, 0xfa,
    0xc9, 0xfa, 0xc9, 0xfa, 0xc8, 0xfa, 0xc9, 0xfa, 0xc9, 0xfa, 0xc8, 0xfa,
    0xc9, 0xfa, 0xe9, 0xfa, 0xe9, 0xfa, 0xe9, 0xfa, 0xe9, 0xfa, 0xe9, 0xfa,
    0xe9, 0xfa, 0xe9, 0xfa, 0xe9, 0xfa, 0xe9, 0xfa, 0xe9, 0xfa, 0xe9, 0xfa,
    0xe9, 0xfa, 0xe9, 0xfa, 0xe9, 0xfa, 0xa9, 0x92, 0x00, 0x30, 0x20, 0x08,
    0x00, 0x08, 0x00, 0x08, 0x20, 0x08, 0x21, 0x00, 0xff, 0xff, 0xff, 0xff,
    0xff, 0xff, 0xff, 0xff, 0xff, 0xff, 0xff, 0xff, 0xff, 0xff, 0xff, 0xff,
    0xff, 0xff, 0xff, 0xff, 0xff, 0xff, 0xff, 0xff, 0xff, 0xff, 0xff, 0xff,
    0xff, 0xff, 0xff, 0xff, 0xff, 0xff, 0xff, 0xff, 0xff, 0xff, 0x00, 0x08,
    0x20, 0x08, 0x27, 0xca, 0x2a, 0xe3, 0xe9, 0xf2, 0xe9, 0xf2, 0xe9, 0xf2,
    0xe9, 0xf2, 0xe9, 0xf2, 0xe9, 0xf2, 0xe9, 0xf2, 0xe9, 0xf2, 0xe9, 0xf2,
    0xe9, 0xf2, 0xe9, 0xf2, 0xe9, 0xf2, 0xc9, 0xfa, 0xc8, 0xfa, 0xc9, 0xfa,
    0xc9, 0xfa, 0xc8, 0xfa, 0xc9, 0xfa, 0xc9, 0xfa, 0xc9, 0xfa, 0xc8, 0xfa,
    0xc9, 0xfa, 0xc9, 0xfa, 0xc9, 0xfa, 0xc9, 0xfa, 0xc9, 0xfa, 0xc8, 0xfa,
    0xc9, 0xfa, 0xc9, 0xfa, 0xc8, 0xfa, 0xc9, 0xfa, 0xc9, 0xfa, 0xc9, 0xfa,
    0xc9, 0xfa, 0xc9, 0xfa, 0xc8, 0xfa, 0xc9, 0xfa, 0xc9, 0xfa, 0xc8, 0xfa,
    0xc9, 0xfa, 0xe9, 0xf2, 0xe9, 0xf2, 0xe9, 0xf2, 0xe9, 0xf2, 0xe9, 0xf2,
    0xe9, 0xf2, 0xe9, 0xf2, 0xe9, 0xf2, 0xe9, 0xf2, 0xe9, 0xf2, 0xe9, 0xf2,
    0xe9, 0xf2, 0x4c, 0xd3, 0xa1, 0x70, 0x00, 0x08, 0x00, 0x08, 0x00, 0x00,
    0x20, 0x08, 0x00, 0x08, 0x20, 0x00, 0xff, 0xff, 0xff, 0xff, 0xff, 0xff,
    0xff, 0xff, 0xff, 0xff, 0xff, 0xff, 0xff, 0xff, 0xff, 0xff, 0xff, 0xff,
    0xff, 0xff, 0xff, 0xff, 0xff, 0xff, 0xff, 0xff, 0xff, 0xff, 0xff, 0xff,
    0xff, 0xff, 0xff, 0xff, 0xff, 0xff, 0xff, 0xff, 0x20, 0x00, 0x00, 0x50,
    0x6c, 0xcb, 0xc9, 0xfa, 0xc9, 0xfa, 0xc9, 0xfa, 0xc8, 0xfa, 0xc9, 0xfa,
    0xc9, 0xfa, 0xc9, 0xfa, 0xc9, 0xfa, 0xc8, 0xfa, 0xc9, 0xfa, 0xc9, 0xfa,
    0xc9, 0xfa, 0xc8, 0xfa, 0xc9, 0xfa, 0xc9, 0xfa, 0xc9, 0xfa, 0xc9, 0xfa,
    0xc8, 0xfa, 0xc9, 0xfa, 0xc9, 0xfa, 0xc9, 0xfa, 0xc9, 0xfa, 0xc9, 0xfa,
    0xc9, 0xfa, 0xc9, 0xfa, 0xc9, 0xfa, 0x85, 0x61, 0x00, 0x28, 0x00, 0x10,
    0x00, 0x10, 0x00, 0x10, 0x00, 0x10, 0x00, 0x10, 0x00, 0x18, 0x00, 0x10,
    0x00, 0x18, 0x00, 0x10, 0x00, 0x18, 0x00, 0x10, 0x00, 0x10, 0x00, 0x18,
    0x00, 0x10, 0x00, 0x10, 0x00, 0x18, 0x00, 0x10, 0x00, 0x10, 0x00, 0x18,
    0x00, 0x10, 0x00, 0x10, 0x00, 0x18, 0x00, 0x10, 0x00, 0x10, 0x00, 0x18,
    0x00, 0x10, 0x00, 0x10, 0x00, 0x18, 0x00, 0x10, 0x00, 0x10, 0x00, 0x18,
    0x00, 0x10, 0x00, 0x10, 0x00, 0x18, 0x00, 0x10, 0x00, 0x10, 0x00, 0x18,
    0x00, 0x10, 0x00, 0x10, 0x00, 0x10, 0x00, 0x10, 0x00, 0x10, 0x00, 0x10,
    0x00, 0x10, 0x00, 0x10, 0x00, 0x10, 0x00, 0x10, 0x00, 0x10, 0x00, 0x10,
    0x00, 0x10, 0x00, 0x10, 0x00, 0x10, 0x00, 0x10, 0x00, 0x10, 0x20, 0x08,
    0xff, 0xff, 0xff, 0xff, 0xff, 0xff, 0xff, 0xff, 0xff, 0xff, 0xff, 0xff,
    0xff, 0xff, 0xff, 0xff, 0xff, 0xff, 0xff, 0xff, 0x21, 0x00, 0x20, 0x30,
    0xaa, 0x92, 0xc9, 0xfa, 0xc9, 0xfa, 0xc9, 0xfa, 0xc9, 0xfa, 0xc9, 0xfa,
    0xc8, 0xfa, 0xc9, 0xfa, 0xc9, 0xfa, 0xc8, 0xfa, 0xc9, 0xfa, 0xc9, 0xfa,
    0xc8, 0xfa, 0xc9, 0xfa, 0xc9, 0xfa, 0xc9, 0xfa, 0xc9, 0xfa, 0xc8, 0xfa,
    0xc9, 0xfa, 0xc9, 0xfa, 0xc9, 0xfa, 0xc9, 0xfa, 0xc9, 0xfa, 0xc9, 0xfa,
    0xc9, 0xfa, 0xc8, 0xfa, 0xc9, 0xfa, 0xca, 0xa2, 0x00, 0x38, 0x00, 0x08,
    0x00, 0x08, 0x00, 0x00, 0x20, 0x08, 0x20, 0x00, 0xff, 0xff, 0xff, 0xff,
    0xff, 0xff, 0xff, 0xff, 0xff, 0xff, 0x00, 0x08, 0x20, 0x08, 0x02, 0x99,
    0x2b, 0xe3, 0xe9, 0xfa, 0xc9, 0xfa, 0xe9, 0xfa, 0xe9, 0xfa, 0xe9, 0xfa,
    0xe9, 0xfa, 0xe9, 0xfa, 0xe9, 0xfa, 0xe9, 0xfa, 0xe9, 0xfa, 0xe9, 0xfa,
    0xe9, 0xfa, 0xc9, 0xfa, 0xc9, 0xfa, 0xc9, 0xfa, 0xc8, 0xfa, 0xc9, 0xfa,
    0xc9, 0xfa, 0xc9, 0xfa, 0xc9, 0xfa, 0xc9, 0xfa, 0xc9, 0xfa, 0xc9, 0xfa,
    0xc9, 0xfa, 0xc9, 0xfa, 0xc9, 0xfa, 0x40, 0x20, 0x00, 0x10, 0x00, 0x08,
    0x00, 0x08, 0x00, 0x08, 0x00, 0x08, 0x00, 0x08, 0x00, 0x08, 0x00, 0x08,
    0x00, 0x08, 0x00, 0x08, 0x00, 0x08, 0x00, 0x08, 0x00, 0x08, 0xff, 0xff,
    0xff, 0xff, 0xff, 0xff, 0xff, 0xff, 0xff, 0xff, 0xff, 0xff, 0xff, 0xff,
    0xff, 0xff, 0xff, 0xff, 0xff, 0xff, 0xff, 0xff, 0xff, 0xff, 0xff, 0xff,
    0xff, 0xff, 0xff, 0xff, 0xff, 0xff, 0xff, 0xff, 0xff, 0xff, 0xff, 0xff,
    0x00, 0x08, 0x00, 0x08, 0x88, 0xda, 0xe9, 0xf2, 0xc9, 0xfa, 0xe9, 0xf2,
    0xe9, 0xfa, 0xc9, 0xf2, 0xc9, 0xfa, 0xe9, 0xf2, 0xe9, 0xfa, 0xc9, 0xf2,
    0xe9, 0xfa, 0xe9, 0xf2, 0xc9, 0xfa, 0xc9, 0xfa, 0xc9, 0xfa, 0xc9, 0xfa,
    0xc9, 0xfa, 0xc9, 0xfa, 0xc9, 0xfa, 0xc9, 0xfa, 0xc9, 0xfa, 0xc9, 0xfa,
    0xc9, 0xfa, 0xc9, 0xfa, 0xc9, 0xfa, 0xc9, 0xfa, 0x09, 0xeb, 0xa5, 0xb9,
    0x00, 0x08, 0x00, 0x08, 0x00, 0x08, 0x00, 0x08, 0x00, 0x08, 0x00, 0x08,
    0x00, 0x08, 0x00, 0x08, 0x00, 0x08, 0x00, 0x08, 0x00, 0x08, 0x00, 0x08,
    0x00, 0x08, 0x00, 0x08, 0x00, 0x08, 0x00, 0x08, 0x00, 0x08, 0x00, 0x08,
    0x00, 0x08, 0x00, 0x08, 0x00, 0x08, 0x00, 0x08, 0x00, 0x08, 0x00, 0x08,
    0x00, 0x08, 0x00, 0x08, 0x00, 0x38, 0xca, 0xa2, 0xc9, 0xfa, 0xc9, 0xfa,
    0xc9, 0xfa, 0xc9, 0xfa, 0xc9, 0xfa, 0xc9, 0xfa, 0xc9, 0xfa, 0xc9, 0xfa,
    0xc9, 0xfa, 0xc9, 0xfa, 0xc9, 0xfa, 0xc9, 0xfa, 0xe9, 0xfa, 0xc9, 0xfa,
    0xc9, 0xfa, 0xe9, 0xf2, 0xc9, 0xf2, 0xc9, 0xfa, 0xc9, 0xf2, 0xc9, 0xfa,
    0xc9, 0xf2, 0xc9, 0xfa, 0xc9, 0xfa, 0xc9, 0xf2, 0xe9, 0xfa, 0xc9, 0xfa,
    0xaa, 0x92, 0x00, 0x28, 0x00, 0x08, 0x20, 0x08, 0x00, 0x00, 0x00, 0x08,
    0x20, 0x00, 0xff, 0xff, 0xff, 0xff, 0xff, 0xff, 0xff, 0xff, 0xff, 0xff,
    0xff, 0xff, 0xff, 0xff, 0xff, 0xff, 0xff, 0xff, 0xff, 0xff, 0xff, 0xff,
    0xff, 0xff, 0xff, 0xff, 0xff, 0xff, 0xff, 0xff, 0xff, 0xff, 0xff, 0xff,
    0xff, 0xff, 0xff, 0xff, 0x00, 0x08, 0x00, 0x08, 0x27, 0xca, 0x2b, 0xdb,
    0xe9, 0xf2, 0xe9, 0xf2, 0xea, 0xea, 0xe9, 0xf2, 0xe9, 0xf2, 0xea, 0xf2,
    0xe9, 0xf2, 0xe9, 0xea, 0xe9, 0xf2, 0xe9, 0xf2, 0xe9, 0xf2, 0xe9, 0xf2,
    0xc9, 0xfa, 0xc9, 0xfa, 0xc9, 0xfa, 0xc9, 0xfa, 0xc9, 0xfa, 0xc9, 0xfa,
    0xc9, 0xfa, 0xc9, 0xfa, 0xc9, 0xfa, 0xc9, 0xfa, 0xc9, 0xfa, 0xc8, 0xfa,
    0xc9, 0xfa, 0xc9, 0xfa, 0xc9, 0xfa, 0xc9, 0xfa, 0xc9, 0xfa, 0xc9, 0xfa,
    0xc9, 0xfa, 0xc8, 0xfa, 0xc9, 0xfa, 0xc9, 0xfa, 0xc9, 0xfa, 0xc9, 0xfa,
    0xc9, 0xfa, 0xc9, 0xfa, 0xc9, 0xfa, 0xe9, 0xfa, 0xe9, 0xf2, 0xe9, 0xf2,
    0xe9, 0xf2, 0xe9, 0xf2, 0xe9, 0xf2, 0xe9, 0xf2, 0xe9, 0xf2, 0xea, 0xf2,
    0xe9, 0xf2, 0xe9, 0xf2, 0xe9, 0xf2, 0xe9, 0xf2, 0x6c, 0xd3, 0xa1, 0x70,
    0x00, 0x08, 0x20, 0x08, 0x00, 0x08, 0x00, 0x08, 0x00, 0x08, 0x00, 0x08,
    0xff, 0xff, 0xff, 0xff, 0xff, 0xff, 0xff, 0xff, 0xff, 0xff, 0xff, 0xff,
    0xff, 0xff, 0xff, 0xff, 0xff, 0xff, 0xff, 0xff, 0xff, 0xff, 0xff, 0xff,
    0xff, 0xff, 0xff, 0xff, 0xff, 0xff, 0xff, 0xff, 0xff, 0xff, 0xff, 0xff,
    0xff, 0xff, 0x21, 0x00, 0x00, 0x50, 0x8c, 0xcb, 0xc9, 0xfa, 0xc9, 0xfa,
    0xc9, 0xfa, 0xc9, 0xfa, 0xc9, 0xfa, 0xc8, 0xfa, 0xc9, 0xfa, 0xc9, 0xfa,
    0xc9, 0xfa, 0xc9, 0xfa, 0xc9, 0xfa, 0xc9, 0xfa, 0xc9, 0xfa, 0xc9, 0xfa,
    0xc9, 0xfa, 0xc8, 0xfa, 0xc9, 0xfa, 0xc9, 0xfa, 0xc9, 0xfa, 0xc9, 0xfa,
    0xc8, 0xfa, 0xc9, 0xfa, 0xc9, 0xfa, 0xc8, 0xfa, 0xc9, 0xfa, 0xc9, 0xfa,
    0x85, 0x61, 0x00, 0x28, 0x00, 0x10, 0x00, 0x10, 0x00, 0x18, 0x00, 0x10,
    0x00, 0x10, 0x00, 0x18, 0x00, 0x10, 0x00, 0x10, 0x00, 0x18, 0x00, 0x10,
    0x00, 0x18, 0x00, 0x10, 0x00, 0x18, 0x00, 0x10, 0x00, 0x18, 0x00, 0x10,
    0x00, 0x10, 0x00, 0x18, 0x00, 0x10, 0x00, 0x10, 0x00, 0x18, 0x00, 0x10,
    0x00, 0x10, 0x00, 0x18, 0x00, 0x10, 0x00, 0x18, 0x00, 0x10, 0x00, 0x18,
    0x00, 0x10, 0x00, 0x10, 0x00, 0x18, 0x00, 0x10, 0x00, 0x10, 0x00, 0x18,
    0x00, 0x10, 0x00, 0x10, 0x00, 0x18, 0x00, 0x10, 0x00, 0x18, 0x00, 0x18,
    0x00, 0x10, 0x00, 0x18, 0x00, 0x18, 0x00, 0x10, 0x00, 0x18, 0x00, 0x18,
    0x00, 0x10, 0x00, 0x18, 0x00, 0x18, 0x00, 0x10, 0x00, 0x18, 0x00, 0x18,
    0x00, 0x10, 0x00, 0x10, 0x20, 0x00, 0x20, 0x08, 0xff, 0xff, 0xff, 0xff,
    0xff, 0xff, 0xff, 0xff, 0xff, 0xff, 0xff, 0xff, 0xff, 0xff, 0xff, 0xff,
    0xff, 0xff, 0x20, 0x08, 0x20, 0x30, 0xa9, 0x92, 0xc9, 0xfa, 0xc9, 0xfa,
    0xc8, 0xfa, 0xc9, 0xfa, 0xc9, 0xfa, 0xc9, 0xfa, 0xc9, 0xfa, 0xc9, 0xfa,
    0xc9, 0xfa, 0xc9, 0xfa, 0xc9, 0xfa, 0xc9, 0xfa, 0xc9, 0xfa, 0xc8, 0xfa,
    0xc9, 0xfa, 0xc9, 0xfa, 0xc9, 0xfa, 0xc9, 0xfa, 0xc9, 0xfa, 0xc8, 0xfa,
    0xc9, 0xfa, 0xc9, 0xfa, 0xc9, 0xfa, 0xc9, 0xfa, 0xc9, 0xfa, 0xc9, 0xfa,
    0xca, 0xa2, 0x00, 0x30, 0x20, 0x08, 0x00, 0x08, 0x00, 0x08, 0x00, 0x08,
    0x20, 0x00, 0xff, 0xff, 0xff, 0xff, 0xff, 0xff, 0xff, 0xff, 0xff, 0xff,
    0x00, 0x00, 0x00, 0x08, 0x02, 0x99, 0x2a, 0xdb, 0xe9, 0xfa, 0xc9, 0xfa,
    0xc9, 0xf2, 0xc9, 0xfa, 0xc9, 0xfa, 0xc9, 0xfa, 0xc9, 0xfa, 0xc9, 0xfa,
    0xc9, 0xfa, 0xc9, 0xfa, 0xe9, 0xfa, 0xc9, 0xfa, 0xc9, 0xfa, 0xe9, 0xfa,
    0xc9, 0xfa, 0xc9, 0xfa, 0xc9, 0xfa, 0xc9, 0xfa, 0xc9, 0xfa, 0xc9, 0xfa,
    0xc8, 0xfa, 0xc9, 0xfa, 0xc9, 0xfa, 0xc8, 0xfa, 0xc9, 0xfa, 0xc9, 0xfa,
    0x40, 0x20, 0x00, 0x10, 0x00, 0x08, 0x00, 0x08, 0x00, 0x08, 0x00, 0x08,
    0x00, 0x08, 0x00, 0x08, 0x00, 0x08, 0x00, 0x08, 0x00, 0x08, 0x00, 0x08,
    0x00, 0x08, 0x00, 0x08, 0x20, 0x00, 0xff, 0xff, 0xff, 0xff, 0xff, 0xff,
    0xff, 0xff, 0xff, 0xff, 0xff, 0xff, 0xff, 0xff, 0xff, 0xff, 0xff, 0xff,
    0xff, 0xff, 0xff, 0xff, 0xff, 0xff, 0xff, 0xff, 0xff, 0xff, 0xff, 0xff,
    0xff, 0xff, 0xff, 0xff, 0xff, 0xff, 0x00, 0x08, 0x00, 0x00, 0x07, 0x7a,
    0x48, 0x82, 0x47, 0x8a, 0x47, 0x82, 0x48, 0x8a, 0x47, 0x8a, 0x47, 0x82,
    0x47, 0x8a, 0x47, 0x82, 0x48, 0x8a, 0x47, 0x82, 0x47, 0x8a, 0x47, 0x82,
    0x89, 0x9a, 0xc9, 0xfa, 0xc8, 0xfa, 0xc9, 0xfa, 0xc9, 0xfa, 0xc8, 0xfa,
    0xc9, 0xfa, 0xc9, 0xfa, 0xc9, 0xfa, 0xc9, 0xfa, 0xc9, 0xfa, 0xc9, 0xfa,
    0xc9, 0xfa, 0xc9, 0xfa, 0x47, 0xda, 0xc1, 0x80, 0xa1, 0x88, 0xc1, 0x80,
    0xc1, 0x80, 0xa1, 0x88, 0xc1, 0x80, 0xc1, 0x80, 0xc1, 0x88, 0xc1, 0x80,
    0xc1, 0x80, 0xc1, 0x88, 0xc1, 0x80, 0xc1, 0x80, 0xc1, 0x88, 0xc1, 0x80,
    0xc1, 0x80, 0xc1, 0x88, 0xc1, 0x80, 0xc1, 0x80, 0xc1, 0x88, 0xc1, 0x80,
    0xc1, 0x88, 0xc1, 0x80, 0xc1, 0x88, 0xc1, 0x88, 0xc1, 0x80, 0xc1, 0x80,
    0xa8, 0xda, 0xc9, 0xfa, 0xc9, 0xfa, 0xc9, 0xfa, 0xc8, 0xfa, 0xc9, 0xfa,
    0xc9, 0xfa, 0xc8, 0xfa, 0xc9, 0xfa, 0xc9, 0xfa, 0xc9, 0xfa, 0xc9, 0xfa,
    0xc9, 0xfa, 0x4b, 0xd3, 0xe5, 0xb1, 0x47, 0x8a, 0x48, 0x8a, 0x47, 0x82,
    0x47, 0x8a, 0x48, 0x8a, 0x47, 0x82, 0x47, 0x82, 0x48, 0x8a, 0x47, 0x82,
    0x47, 0x82, 0x48, 0x8a, 0x48, 0x8a, 0xc6, 0x59, 0x00, 0x18, 0x00, 0x08,
    0x00, 0x08, 0x20, 0x08, 0x00, 0x08, 0x21, 0x00, 0xff, 0xff, 0xff, 0xff,
    0xff, 0xff, 0xff, 0xff, 0xff, 0xff, 0xff, 0xff, 0xff, 0xff, 0xff, 0xff,
    0xff, 0xff, 0xff, 0xff, 0xff, 0xff, 0xff, 0xff, 0xff, 0xff, 0xff, 0xff,
    0xff, 0xff, 0xff, 0xff, 0xff, 0xff, 0xff, 0xff, 0xff, 0xff, 0x20, 0x00,
    0x20, 0x00, 0x40, 0x20, 0x61, 0x28, 0x61, 0x28, 0x61, 0x28, 0x41, 0x28,
    0x61, 0x28, 0x61, 0x28, 0x61, 0x20, 0x41, 0x28, 0x61, 0x28, 0x61, 0x28,
    0x41, 0x28, 0x61, 0x20, 0x61, 0x28, 0xc9, 0xfa, 0xc9, 0xfa, 0xc9, 0xfa,
    0xc9, 0xfa, 0xc9, 0xfa, 0xc8, 0xfa, 0xc9, 0xfa, 0xc9, 0xfa, 0xc9, 0xfa,
    0xc9, 0xfa, 0xc9, 0xfa, 0xc9, 0xfa, 0xc9, 0xfa, 0xc9, 0xfa, 0xc9, 0xfa,
    0xc9, 0xfa, 0xc9, 0xfa, 0xc9, 0xfa, 0xc9, 0xfa, 0xc9, 0xfa, 0xc9, 0xfa,
    0xc8, 0xfa, 0xc9, 0xfa, 0xc9, 0xfa, 0xc9, 0xfa, 0xc9, 0xfa, 0x0a, 0xeb,
    0xa5, 0xb9, 0x41, 0x28, 0x61, 0x28, 0x41, 0x28, 0x41, 0x28, 0x61, 0x28,
    0x41, 0x28, 0x61, 0x28, 0x41, 0x28, 0x61, 0x28, 0x61, 0x28, 0x41, 0x28,
    0x61, 0x28, 0x40, 0x20, 0x00, 0x18, 0x00, 0x08, 0x00, 0x08, 0x20, 0x00,
    0x00, 0x08, 0x00, 0x00, 0x00, 0x08, 0xff, 0xff, 0xff, 0xff, 0xff, 0xff,
    0xff, 0xff, 0xff, 0xff, 0xff, 0xff, 0xff, 0xff, 0xff, 0xff, 0xff, 0xff,
    0xff, 0xff, 0xff, 0xff, 0xff, 0xff, 0xff, 0xff, 0xff, 0xff, 0xff, 0xff,
    0xff, 0xff, 0xff, 0xff, 0xff, 0xff, 0xff, 0xff, 0x20, 0x08, 0x00, 0x50,
    0x6c, 0xc3, 0xc9, 0xfa, 0xc9, 0xfa, 0xc9, 0xfa, 0xc9, 0xfa, 0xc9, 0xfa,
    0xc9, 0xfa, 0xc9, 0xfa, 0xc9, 0xfa, 0xc9, 0xfa, 0xc9, 0xfa, 0xc8, 0xfa,
    0xc9, 0xfa, 0xc9, 0xfa, 0xc9, 0xfa, 0xc9, 0xfa, 0xc9, 0xfa, 0xc9, 0xfa,
    0xc9, 0xfa, 0xc9, 0xfa, 0xc9, 0xfa, 0xc9, 0xfa, 0xc9, 0xfa, 0xc9, 0xfa,
    0xc9, 0xfa, 0xc9, 0xfa, 0xc9, 0xfa, 0xe9, 0xea, 0x09, 0xeb, 0xe9, 0xe2,
    0xe9, 0xe2, 0xe9, 0xe2, 0xe9, 0xe2, 0xe9, 0xe2, 0xea, 0xe2, 0xe9, 0xe2,
    0xe9, 0xe2, 0xea, 0xe2, 0xe9, 0xe2, 0xe9, 0xe2, 0xea, 0xe2, 0xe9, 0xe2,
    0xe9, 0xe2, 0xea, 0xe2, 0xe9, 0xe2, 0xe9, 0xe2, 0xe9, 0xe2, 0xe9, 0xe2,
    0xea, 0xe2, 0xe9, 0xe2, 0xe9, 0xe2, 0xe9, 0xe2, 0xe9, 0xe2, 0xea, 0xe2,
    0xe9, 0xe2, 0xe9, 0xe2, 0xea, 0xe2, 0xe9, 0xe2, 0xe9, 0xe2, 0xea, 0xe2,
    0xe9, 0xe2, 0xe9, 0xe2, 0xea, 0xe2, 0xe9, 0xe2, 0xe9, 0xe2, 0xea, 0xe2,
    0xe9, 0xe2, 0xe9, 0xe2, 0xea, 0xe2, 0xe9, 0xe2, 0xe9, 0xe2, 0xe9, 0xe2,
    0xe9, 0xe2, 0xea, 0xe2, 0xe9, 0xe2, 0xe9, 0xe2, 0xe9, 0xe2, 0xe9, 0xe2,
    0xea, 0xe2, 0xe9, 0xe2, 0xe9, 0xe2, 0x4b, 0xd3, 0x23, 0x89, 0x00, 0x08,
    0x00, 0x08, 0xff, 0xff, 0xff, 0xff, 0xff, 0xff, 0xff, 0xff, 0xff, 0xff,
    0xff, 0xff, 0xff, 0xff, 0xff, 0xff, 0xff, 0xff, 0x21, 0x08, 0x20, 0x30,
    0xaa, 0x92, 0xc9, 0xfa, 0xc9, 0xfa, 0xc9, 0xfa, 0xc9, 0xfa, 0xc9, 0xfa,
    0xc9, 0xfa, 0xc9, 0xfa, 0xc9, 0xfa, 0xc9, 0xfa, 0xc8, 0xfa, 0xc9, 0xfa,
    0xc9, 0xfa, 0xc9, 0xfa, 0xc9, 0xfa, 0xc9, 0xfa, 0xc9, 0xfa, 0xc9, 0xfa,
    0xc9, 0xfa, 0xc9, 0xfa, 0xc9, 0xfa, 0xc9, 0xfa, 0xc9, 0xfa, 0xc8, 0xfa,
    0xc9, 0xfa, 0xc9, 0xfa, 0xc9, 0xfa, 0xca, 0xa2, 0x00, 0x38, 0x00, 0x08,
    0x00, 0x00, 0x20, 0x08, 0x00, 0x08, 0x20, 0x00, 0xff, 0xff, 0xff, 0xff,
    0xff, 0xff, 0xff, 0xff, 0xff, 0xff, 0x20, 0x00, 0x20, 0x08, 0x24, 0x51,
    0xc9, 0x82, 0x48, 0x82, 0x47, 0x82, 0x47, 0x8a, 0x48, 0x82, 0x47, 0x82,
    0x47, 0x82, 0x47, 0x82, 0x47, 0x82, 0x47, 0x82, 0x47, 0x82, 0x47, 0x8a,
    0x47, 0x82, 0x87, 0xda, 0xe9, 0xf2, 0xc9, 0xfa, 0xc9, 0xfa, 0xc9, 0xfa,
    0xc9, 0xfa, 0xc9, 0xfa, 0xc9, 0xfa, 0xc9, 0xfa, 0xc9, 0xfa, 0xc9, 0xfa,
    0xc9, 0xfa, 0xc9, 0xfa, 0xc9, 0xfa, 0x02, 0x89, 0xc1, 0x80, 0xc1, 0x80,
    0xa1, 0x80, 0xc1, 0x80, 0xc1, 0x80, 0xa1, 0x80, 0xc1, 0x80, 0xc1, 0x88,
    0xc1, 0x80, 0xc1, 0x80, 0xc1, 0x88, 0xa1, 0x70, 0xa1, 0x78, 0x00, 0x08,
    0x20, 0x08, 0xff, 0xff, 0xff, 0xff, 0xff, 0xff, 0xff, 0xff, 0xff, 0xff,
    0xff, 0xff, 0xff, 0xff, 0xff, 0xff, 0xff, 0xff, 0xff, 0xff, 0xff, 0xff,
    0xff, 0xff, 0xff, 0xff, 0xff, 0xff, 0xff, 0xff, 0xff, 0xff, 0xff, 0xff,
    0x00, 0x08, 0x20, 0x08, 0x00, 0x28, 0x00, 0x28, 0x00, 0x38, 0x00, 0x38,
    0x00, 0x30, 0x00, 0x38, 0x00, 0x38, 0x00, 0x30, 0x00, 0x38, 0x00, 0x38,
    0x00, 0x38, 0x00, 0x30, 0x00, 0x38, 0x00, 0x40, 0xc9, 0xfa, 0xc9, 0xfa,
    0xc9, 0xfa, 0xc9, 0xfa, 0xc9, 0xfa, 0xc9, 0xfa, 0xc9, 0xfa, 0xc8, 0xfa,
    0xc9, 0xfa, 0xc9, 0xfa, 0xc8, 0xfa, 0xc9, 0xfa, 0xc9, 0xfa, 0xe9, 0xfa,
    0x4b, 0xd3, 0x4b, 0xd3, 0x4b, 0xd3, 0x4b, 0xd3, 0x4b, 0xd3, 0x4b, 0xd3,
    0x4b, 0xd3, 0x2b, 0xd3, 0x4b, 0xd3, 0x4b, 0xd3, 0x2b, 0xd3, 0x4b, 0xd3,
    0x4b, 0xd3, 0x4b, 0xd3, 0x4b, 0xd3, 0x4b, 0xd3, 0x2b, 0xd3, 0x4b, 0xd3,
    0x4b, 0xd3, 0x4b, 0xd3, 0x4b, 0xd3, 0x4b, 0xd3, 0x4b, 0xd3, 0x4b, 0xd3,
    0x4b, 0xd3, 0x4b, 0xd3, 0x2b, 0xe3, 0x2a, 0xe3, 0xc9, 0xfa, 0xc9, 0xfa,
    0xc9, 0xfa, 0xc9, 0xfa, 0xc9, 0xfa, 0xc9, 0xfa, 0xc9, 0xfa, 0xc9, 0xfa,
    0xc9, 0xfa, 0xc8, 0xfa, 0xc9, 0xfa, 0xc9, 0xfa, 0x4b, 0xd3, 0x00, 0x50,
    0x00, 0x38, 0x00, 0x38, 0x00, 0x30, 0x00, 0x38, 0x00, 0x38, 0x00, 0x38,
    0x00, 0x38, 0x00, 0x38, 0x00, 0x38, 0x00, 0x38, 0x00, 0x30, 0x00, 0x38,
    0x00, 0x18, 0x00, 0x18, 0x20, 0x08, 0x00, 0x00, 0x00, 0x08, 0x00, 0x08,
    0x20, 0x00, 0xff, 0xff, 0xff, 0xff, 0xff, 0xff, 0xff, 0xff, 0xff, 0xff,
    0xff, 0xff, 0xff, 0xff, 0xff, 0xff, 0xff, 0xff, 0xff, 0xff, 0xff, 0xff,
    0xff, 0xff, 0xff, 0xff, 0xff, 0xff, 0xff, 0xff, 0xff, 0xff, 0xff, 0xff,
    0xff, 0xff, 0xff, 0xff, 0xff, 0xff, 0x20, 0x08, 0x00, 0x18, 0x00, 0x18,
    0x00, 0x18, 0x00, 0x18, 0x00, 0x18, 0x00, 0x18, 0x00, 0x18, 0x00, 0x18,
    0x00, 0x18, 0x00, 0x18, 0x00, 0x18, 0x00, 0x18, 0x00, 0x18, 0x00, 0x18,
    0xc9, 0xfa, 0xc9, 0xfa, 0xc9, 0xfa, 0xc9, 0xfa, 0xc9, 0xfa, 0xc9, 0xfa,
    0xc9, 0xfa, 0xc8, 0xfa, 0xc9, 0xfa, 0xc9, 0xfa, 0xc8, 0xfa, 0xc9, 0xfa,
    0xc9, 0xfa, 0xc8, 0xfa, 0xc9, 0xfa, 0xc9, 0xfa, 0xc8, 0xfa, 0xc9, 0xfa,
    0xc9, 0xfa, 0xc9, 0xfa, 0xc9, 0xfa, 0xc9, 0xfa, 0xc9, 0xfa, 0xc9, 0xfa,
    0xc8, 0xfa, 0xc9, 0xfa, 0x0a, 0xeb, 0xa5, 0xb9, 0x00, 0x18, 0x00, 0x18,
    0x00, 0x18, 0x00, 0x18, 0x00, 0x18, 0x00, 0x18, 0x00, 0x18, 0x00, 0x18,
    0x00, 0x18, 0x00, 0x18, 0x00, 0x18, 0x00, 0x18, 0x00, 0x10, 0x00, 0x10,
    0x00, 0x08, 0x00, 0x08, 0x00, 0x00, 0x20, 0x08, 0x00, 0x08, 0x20, 0x08,
    0xff, 0xff, 0xff, 0xff, 0xff, 0xff, 0xff, 0xff, 0xff, 0xff, 0xff, 0xff,
    0xff, 0xff, 0xff, 0xff, 0xff, 0xff, 0xff, 0xff, 0xff, 0xff, 0xff, 0xff,
    0xff, 0xff, 0xff, 0xff, 0xff, 0xff, 0xff, 0xff, 0xff, 0xff, 0xff, 0xff,
    0xff, 0xff, 0x20, 0x00, 0x00, 0x50, 0x6c, 0xcb, 0xc9, 0xfa, 0xc9, 0xfa,
    0xc9, 0xfa, 0xc9, 0xfa, 0xc9, 0xfa, 0xc9, 0xfa, 0xc9, 0xfa, 0xc8, 0xfa,
    0xc9, 0xfa, 0xc9, 0xfa, 0xc9, 0xfa, 0xc9, 0xfa, 0xc9, 0xfa, 0xc8, 0xfa,
    0xc9, 0xfa, 0xc9, 0xfa, 0xc9, 0xfa, 0xc9, 0xfa, 0xc8, 0xfa, 0xc9, 0xfa,
    0xc9, 0xfa, 0xc9, 0xfa, 0xc9, 0xfa, 0xc9, 0xfa, 0xc9, 0xfa, 0xc9, 0xfa,
    0xe9, 0xf2, 0xe9, 0xf2, 0x0a, 0xeb, 0x0a, 0xeb, 0x0a, 0xeb, 0x0a, 0xeb,
    0x0a, 0xeb, 0x0a, 0xeb, 0x0a, 0xeb, 0x0a, 0xeb, 0x0a, 0xeb, 0x0a, 0xeb,
    0x0a, 0xeb, 0x0a, 0xeb, 0x0a, 0xeb, 0x0a, 0xeb, 0x0a, 0xeb, 0x0a, 0xeb,
    0x0a, 0xeb, 0x0a, 0xeb, 0x0a, 0xeb, 0x0a, 0xeb, 0x0a, 0xeb, 0x0a, 0xeb,
    0x0a, 0xeb, 0x0a, 0xeb, 0x0a, 0xeb, 0x0a, 0xeb, 0x0a, 0xeb, 0x0a, 0xeb,
    0x0a, 0xeb, 0x0a, 0xeb, 0x0a, 0xeb, 0x0a, 0xeb, 0x0a, 0xeb, 0x0a, 0xeb,
    0x0a, 0xeb, 0x0a, 0xeb, 0x0a, 0xeb, 0x0a, 0xeb, 0x0a, 0xeb, 0x0a, 0xeb,
    0x0a, 0xeb, 0x0a, 0xeb, 0x0a, 0xeb, 0x0a, 0xeb, 0x0a, 0xeb, 0x0a, 0xeb,
    0x0a, 0xeb, 0x0a, 0xeb, 0x0a, 0xeb, 0x0a, 0xeb, 0x0a, 0xeb, 0x0a, 0xeb,
    0x4b, 0xd3, 0x03, 0x89, 0x00, 0x08, 0x00, 0x08, 0x20, 0x00, 0xff, 0xff,
    0xff, 0xff, 0xff, 0xff, 0xff, 0xff, 0xff, 0xff, 0xff, 0xff, 0xff, 0xff,
    0xff, 0xff, 0x20, 0x00, 0x20, 0x30, 0xaa, 0x9a, 0xc9, 0xfa, 0xc9, 0xfa,
    0xc9, 0xfa, 0xc9, 0xfa, 0xc8, 0xfa, 0xc9, 0xfa, 0xc9, 0xfa, 0xc8, 0xfa,
    0xc9, 0xfa, 0xc9, 0xfa, 0xc9, 0xfa, 0xc9, 0xfa, 0xc9, 0xfa, 0xc9, 0xfa,
    0xc9, 0xfa, 0xc8, 0xfa, 0xc9, 0xfa, 0xc9, 0xfa, 0xc8, 0xfa, 0xc9, 0xfa,
    0xc9, 0xfa, 0xc9, 0xfa, 0xc9, 0xfa, 0xc9, 0xfa, 0xc9, 0xfa, 0xc8, 0xfa,
    0xca, 0xa2, 0x00, 0x38, 0x00, 0x08, 0x00, 0x00, 0x00, 0x08, 0x20, 0x08,
    0x20, 0x00, 0xff, 0xff, 0xff, 0xff, 0xff, 0xff, 0xff, 0xff, 0xff, 0xff,
    0xff, 0xff, 0x20, 0x08, 0x00, 0x20, 0x00, 0x28, 0x00, 0x38, 0x00, 0x38,
    0x00, 0x38, 0x00, 0x38, 0x00, 0x38, 0x00, 0x38, 0x00, 0x38, 0x00, 0x38,
    0x00, 0x38, 0x00, 0x38, 0x00, 0x30, 0x00, 0x38, 0xc5, 0xb9, 0xe9, 0xf2,
    0xc9, 0xfa, 0xc9, 0xfa, 0xc8, 0xfa, 0xc9, 0xfa, 0xc9, 0xfa, 0xc8, 0xfa,
    0xc9, 0xfa, 0xc9, 0xfa, 0xc9, 0xfa, 0xc9, 0xfa, 0xc9, 0xfa, 0xc9, 0xfa,
    0x4b, 0xd3, 0x4b, 0xd3, 0x4b, 0xd3, 0x4b, 0xd3, 0x4b, 0xd3, 0x4b, 0xd3,
    0x4b, 0xd3, 0x4b, 0xd3, 0x4b, 0xd3, 0x2b, 0xd3, 0x4b, 0xd3, 0x4b, 0xd3,
    0x6c, 0xd3, 0x0a, 0xc3, 0x00, 0x08, 0x00, 0x08, 0x20, 0x00, 0xff, 0xff,
    0xff, 0xff, 0xff, 0xff, 0xff, 0xff, 0xff, 0xff, 0xff, 0xff, 0xff, 0xff,
    0xff, 0xff, 0xff, 0xff, 0xff, 0xff, 0xff, 0xff, 0xff, 0xff, 0xff, 0xff,
    0xff, 0xff, 0xff, 0xff, 0xff, 0xff, 0xff, 0xff, 0x20, 0x00, 0x20, 0x08,
    0x20, 0x08, 0x00, 0x08, 0x00, 0x08, 0x20, 0x08, 0x00, 0x08, 0x00, 0x08,
    0x20, 0x08, 0x00, 0x08, 0x00, 0x08, 0x20, 0x08, 0x00, 0x08, 0x00, 0x10,
    0x61, 0x18, 0xc9, 0xfa, 0xc9, 0xfa, 0xc9, 0xfa, 0xc9, 0xfa, 0xc9, 0xfa,
    0xc9, 0xfa, 0xc9, 0xfa, 0xc9, 0xfa, 0xc9, 0xfa, 0xc9, 0xfa, 0xc9, 0xfa,
    0xc9, 0xfa, 0xc9, 0xfa, 0xc9, 0xfa, 0xc9, 0xfa, 0xc9, 0xfa, 0xc9, 0xfa,
    0xc9, 0xfa, 0xc9, 0xfa, 0xc9, 0xfa, 0xc9, 0xfa, 0xc9, 0xfa, 0xc9, 0xfa,
    0xc9, 0xfa, 0xc9, 0xfa, 0xc9, 0xfa, 0xc9, 0xfa, 0xc9, 0xfa, 0xc9, 0xfa,
    0xc9, 0xfa, 0xc9, 0xfa, 0xc9, 0xfa, 0xc9, 0xfa, 0xc9, 0xfa, 0xc9, 0xfa,
    0xc9, 0xfa, 0xc9, 0xfa, 0xc9, 0xfa, 0xc9, 0xfa, 0xc9, 0xfa, 0xc9, 0xfa,
    0xc9, 0xfa, 0xc9, 0xfa, 0xc9, 0xfa, 0xc9, 0xfa, 0xc9, 0xfa, 0xc9, 0xfa,
    0xc9, 0xfa, 0xc9, 0xfa, 0xc9, 0xfa, 0xc9, 0xfa, 0xc9, 0xfa, 0xc9, 0xfa,
    0xc9, 0xfa, 0x8c, 0xc3, 0x00, 0x40, 0x00, 0x08, 0x00, 0x08, 0x20, 0x08,
    0x00, 0x00, 0x20, 0x08, 0x20, 0x08, 0x00, 0x00, 0x20, 0x08, 0x20, 0x08,
    0x00, 0x08, 0x20, 0x08, 0x00, 0x08, 0x00, 0x00, 0x20, 0x08, 0x00, 0x08,
    0x00, 0x00, 0x00, 0x08, 0x20, 0x08, 0x20, 0x00, 0xff, 0xff, 0xff, 0xff,
    0xff, 0xff, 0xff, 0xff, 0xff, 0xff, 0xff, 0xff, 0xff, 0xff, 0xff, 0xff,
    0xff, 0xff, 0xff, 0xff, 0xff, 0xff, 0xff, 0xff, 0xff, 0xff, 0xff, 0xff,
    0xff, 0xff, 0xff, 0xff, 0xff, 0xff, 0xff, 0xff, 0xff, 0xff, 0xff, 0xff,
    0xff, 0xff, 0x20, 0x08, 0x20, 0x00, 0x00, 0x08, 0x00, 0x08, 0x00, 0x00,
    0x00, 0x08, 0x00, 0x08, 0x00, 0x08, 0x00, 0x00, 0x00, 0x08, 0x00, 0x08,
    0x00, 0x00, 0x00, 0x08, 0x00, 0x08, 0xc9, 0xfa, 0xc9, 0xfa, 0xc8, 0xfa,
    0xc9, 0xfa, 0xc9, 0xfa, 0xc9, 0xfa, 0xc9, 0xfa, 0xc9, 0xfa, 0xc9, 0xfa,
    0xc9, 0xfa, 0xc9, 0xfa, 0xc9, 0xfa, 0xc9, 0xfa, 0xc9, 0xfa, 0xc9, 0xfa,
    0xc9, 0xfa, 0xc9, 0xfa, 0xc9, 0xfa, 0xc8, 0xfa, 0xc9, 0xfa, 0xc9, 0xfa,
    0xc9, 0xfa, 0xc9, 0xfa, 0xc9, 0xfa, 0xc9, 0xfa, 0xc9, 0xfa, 0x0a, 0xeb,
    0xc5, 0xb9, 0x00, 0x08, 0x00, 0x00, 0x00, 0x00, 0x00, 0x08, 0x00, 0x00,
    0x00, 0x00, 0x00, 0x08, 0x00, 0x00, 0x00, 0x00, 0x00, 0x08, 0x00, 0x00,
    0x00, 0x08, 0x00, 0x08, 0x00, 0x00, 0x20, 0x08, 0x00, 0x08, 0x00, 0x08,
    0x00, 0x08, 0x00, 0x08, 0x00, 0x00, 0xff, 0xff, 0xff, 0xff, 0xff, 0xff,
    0xff, 0xff, 0xff, 0xff, 0xff, 0xff, 0xff, 0xff, 0xff, 0xff, 0xff, 0xff,
    0xff, 0xff, 0xff, 0xff, 0xff, 0xff, 0xff, 0xff, 0xff, 0xff, 0xff, 0xff,
    0xff, 0xff, 0xff, 0xff, 0xff, 0xff, 0xff, 0xff, 0x21, 0x00, 0x00, 0x50,
    0x6c, 0xcb, 0xc9, 0xfa, 0xc9, 0xfa, 0xc9, 0xfa, 0xc8, 0xfa, 0xc9, 0xfa,
    0xc9, 0xfa, 0xc9, 0xfa, 0xc9, 0xfa, 0xc9, 0xfa, 0xc9, 0xfa, 0xc9, 0xfa,
    0xc9, 0xfa, 0xc9, 0xfa, 0xc9, 0xfa, 0xc9, 0xfa, 0xc9, 0xfa, 0xc9, 0xfa,
    0xc9, 0xfa, 0xc9, 0xfa, 0xc9, 0xfa, 0xc9, 0xfa, 0xc8, 0xfa, 0xc9, 0xfa,
    0xc9, 0xfa, 0xc9, 0xfa, 0xc9, 0xfa, 0xc9, 0xfa, 0xc9, 0xfa, 0xc9, 0xfa,
    0xc9, 0xfa, 0xc9, 0xfa, 0xc9, 0xfa, 0xc9, 0xfa, 0xc9, 0xfa, 0xc9, 0xfa,
    0xc9, 0xfa, 0xc9, 0xfa, 0xc9, 0xfa, 0xc9, 0xfa, 0xc9, 0xfa, 0xc9, 0xfa,
    0xc9, 0xfa, 0xc9, 0xfa, 0xc9, 0xfa, 0xc9, 0xfa, 0xc9, 0xfa, 0xc9, 0xfa,
    0xc9, 0xfa, 0xc9, 0xfa, 0xc9, 0xfa, 0xc9, 0xfa, 0xc9, 0xfa, 0xc9, 0xfa,
    0xc9, 0xfa, 0xc9, 0xfa, 0xc9, 0xfa, 0xc9, 0xfa, 0xc9, 0xfa, 0xc9, 0xfa,
    0xc9, 0xfa, 0xc9, 0xfa, 0xc9, 0xfa, 0xc9, 0xfa, 0xc9, 0xfa, 0xc9, 0xfa,
    0xc9, 0xfa, 0xc9, 0xfa, 0xc9, 0xfa, 0xc9, 0xfa, 0xc9, 0xfa, 0xc9, 0xfa,
    0xc9, 0xfa, 0xc9, 0xfa, 0xc9, 0xfa, 0xc9, 0xfa, 0xc9, 0xfa, 0xc9, 0xfa,
    0xc9, 0xfa, 0xc9, 0xfa, 0xc9, 0xfa, 0x2a, 0xe3, 0x02, 0x99, 0x00, 0x08,
    0x20, 0x08, 0x00, 0x08, 0x00, 0x08, 0xff, 0xff, 0xff, 0xff, 0xff, 0xff,
    0xff, 0xff, 0xff, 0xff, 0xff, 0xff, 0xff, 0xff, 0x20, 0x00, 0x20, 0x30,
    0xa9, 0x92, 0xc9, 0xfa, 0xc9, 0xfa, 0xc9, 0xfa, 0xc9, 0xfa, 0xc9, 0xfa,
    0xc9, 0xfa, 0xc9, 0xfa, 0xc9, 0xfa, 0xc9, 0xfa, 0xc9, 0xfa, 0xc9, 0xfa,
    0xc9, 0xfa, 0xc8, 0xfa, 0xc9, 0xfa, 0xc9, 0xfa, 0xc9, 0xfa, 0xc9, 0xfa,
    0xc9, 0xfa, 0xc9, 0xfa, 0xc9, 0xfa, 0xc9, 0xfa, 0xc9, 0xfa, 0xc9, 0xfa,
    0xc9, 0xfa, 0xc9, 0xfa, 0xc9, 0xfa, 0xca, 0xa2, 0x00, 0x30, 0x20, 0x08,
    0x00, 0x08, 0x00, 0x08, 0x00, 0x08, 0x21, 0x00, 0xff, 0xff, 0xff, 0xff,
    0xff, 0xff, 0xff, 0xff, 0xff, 0xff, 0xff, 0xff, 0xff, 0xff, 0x20, 0x08,
    0x20, 0x00, 0x00, 0x08, 0x00, 0x08, 0x20, 0x00, 0x20, 0x08, 0x00, 0x08,
    0x20, 0x08, 0x20, 0x08, 0x00, 0x08, 0x20, 0x08, 0x00, 0x08, 0x00, 0x08,
    0x00, 0x08, 0xc5, 0xb9, 0x0a, 0xeb, 0xc9, 0xfa, 0xc9, 0xfa, 0xc9, 0xfa,
    0xc9, 0xfa, 0xc9, 0xfa, 0xc9, 0xfa, 0xc9, 0xfa, 0xc9, 0xfa, 0xc8, 0xfa,
    0xc9, 0xfa, 0xc9, 0xfa, 0xc9, 0xfa, 0xc9, 0xfa, 0xc9, 0xfa, 0xc9, 0xfa,
    0xc9, 0xfa, 0xc9, 0xfa, 0xc9, 0xfa, 0xc9, 0xfa, 0xc9, 0xfa, 0xc9, 0xfa,
    0xc9, 0xfa, 0xc9, 0xfa, 0xc9, 0xfa, 0xc9, 0xfa, 0x47, 0xda, 0x00, 0x08,
    0x00, 0x08, 0x00, 0x08, 0x00, 0x08, 0xff, 0xff, 0xff, 0xff, 0xff, 0xff,
    0xff, 0xff, 0xff, 0xff, 0xff, 0xff, 0xff, 0xff, 0xff, 0xff, 0xff, 0xff,
    0xff, 0xff, 0xff, 0xff, 0xff, 0xff, 0xff, 0xff, 0xff, 0xff, 0xff, 0xff,
    0xff, 0xff, 0xff, 0xff, 0xff, 0xff, 0x20, 0x08, 0x00, 0x00, 0x00, 0x08,
    0x00, 0x08, 0x00, 0x00, 0x00, 0x00, 0x20, 0x08, 0x00, 0x00, 0x00, 0x00,
    0x00, 0x08, 0x00, 0x08, 0x00, 0x10, 0x61, 0x10, 0xc9, 0xfa, 0xc9, 0xfa,
    0xc8, 0xfa, 0xc9, 0xfa, 0xc9, 0xfa, 0xc8, 0xfa, 0xc9, 0xfa, 0xc9, 0xfa,
    0xc9, 0xfa, 0xc9, 0xfa, 0xc9, 0xfa, 0xc9, 0xfa, 0xc9, 0xfa, 0xc9, 0xfa,
    0xc9, 0xfa, 0xc9, 0xfa, 0xc9, 0xfa, 0xc9, 0xfa, 0xc9, 0xfa, 0xc9, 0xfa,
    0xc9, 0xfa, 0xc9, 0xfa, 0xc9, 0xfa, 0xc9, 0xfa, 0xc9, 0xfa, 0xc9, 0xfa,
    0xc9, 0xfa, 0xc9, 0xfa, 0xc9, 0xfa, 0xc9, 0xfa, 0xc9, 0xfa, 0xc9, 0xfa,
    0xc9, 0xfa, 0xc9, 0xfa, 0xc9, 0xfa, 0xc9, 0xfa, 0xc9, 0xfa, 0xc9, 0xfa,
    0xc9, 0xfa, 0xc9, 0xfa, 0xc9, 0xfa, 0xc9, 0xfa, 0xc9, 0xfa, 0xc9, 0xfa,
    0xc8, 0xfa, 0xc9, 0xfa, 0xc9, 0xfa, 0xc8, 0xfa, 0xc9, 0xfa, 0xc9, 0xfa,
    0xc8, 0xfa, 0xc9, 0xfa, 0xc9, 0xfa, 0xc9, 0xfa, 0x8c, 0xc3, 0x00, 0x40,
    0x00, 0x08, 0x00, 0x08, 0x00, 0x08, 0x00, 0x00, 0x00, 0x08, 0x00, 0x08,
    0x00, 0x00, 0x00, 0x08, 0x00, 0x00, 0x00, 0x00, 0x00, 0x08, 0x20, 0x08,
    0x00, 0x08, 0x00, 0x08, 0x00, 0x08, 0x00, 0x08, 0x20, 0x08, 0x00, 0x08,
    0x21, 0x00, 0xff, 0xff, 0xff, 0xff, 0xff, 0xff, 0xff, 0xff, 0xff, 0xff,
    0xff, 0xff, 0xff, 0xff, 0xff, 0xff, 0xff, 0xff, 0xff, 0xff, 0xff, 0xff,
    0xff, 0xff, 0xff, 0xff, 0xff, 0xff, 0xff, 0xff, 0xff, 0xff, 0xff, 0xff,
    0xff, 0xff, 0xff, 0xff, 0xff, 0xff, 0xff, 0xff, 0xff, 0xff, 0x20, 0x00,
    0x00, 0x08, 0x00, 0x08, 0x00, 0x08, 0x00, 0x00, 0x00, 0x08, 0x00, 0x08,
    0x00, 0x08, 0x00, 0x08, 0x00, 0x08, 0x00, 0x00, 0x00, 0x08, 0x00, 0x08,
    0xc9, 0xfa, 0xc9, 0xfa, 0xc9, 0xfa, 0xc9, 0xfa, 0xc8, 0xfa, 0xc9, 0xfa,
    0xc9, 0xfa, 0xc9, 0xfa, 0xc9, 0xfa, 0xc9, 0xfa, 0xc9, 0xfa, 0xc9, 0xfa,
    0xc9, 0xfa, 0xc9, 0xfa, 0xc9, 0xfa, 0xc9, 0xfa, 0xc9, 0xfa, 0xc9, 0xfa,
    0xc9, 0xfa, 0xc9, 0xfa, 0xc9, 0xfa, 0xc8, 0xfa, 0xc9, 0xfa, 0xc9, 0xfa,
    0xc9, 0xfa, 0xc8, 0xfa, 0x0a, 0xeb, 0xa5, 0xb9, 0x00, 0x08, 0x00, 0x08,
    0x20, 0x08, 0x00, 0x08, 0x00, 0x08, 0x20, 0x08, 0x00, 0x08, 0x00, 0x08,
    0x00, 0x08, 0x00, 0x08, 0x00, 0x08, 0x00, 0x08, 0x00, 0x08, 0x00, 0x08,
    0x00, 0x00, 0x20, 0x08, 0x00, 0x08, 0x00, 0x00, 0x20, 0x08, 0x00, 0x08,
    0xff, 0xff, 0xff, 0xff, 0xff, 0xff, 0xff, 0xff, 0xff, 0xff, 0xff, 0xff,
    0xff, 0xff, 0xff, 0xff, 0xff, 0xff, 0xff, 0xff, 0xff, 0xff, 0xff, 0xff,
    0xff, 0xff, 0xff, 0xff, 0xff, 0xff, 0xff, 0xff, 0xff, 0xff, 0xff, 0xff,
    0xff, 0xff, 0x20, 0x08, 0x00, 0x50, 0x8c, 0xc3, 0xc9, 0xfa, 0xc9, 0xfa,
    0xc9, 0xfa, 0xc9, 0xfa, 0xc9, 0xfa, 0xc8, 0xfa, 0xc9, 0xfa, 0xc9, 0xfa,
    0xc9, 0xfa, 0xc8, 0xfa, 0xc9, 0xfa, 0xc9, 0xfa, 0xc8, 0xfa, 0xc9, 0xfa,
    0xc9, 0xfa, 0xc8, 0xfa, 0xc9, 0xfa, 0xc9, 0xfa, 0xc9, 0xfa, 0xc9, 0xfa,
    0xc9, 0xfa, 0xc9, 0xfa, 0xc9, 0xfa, 0xc8, 0xfa, 0xc9, 0xfa, 0xc9, 0xfa,
    0xc9, 0xfa, 0xc9, 0xfa, 0xc9, 0xfa, 0xc9, 0xfa, 0xc9, 0xfa, 0xc9, 0xfa,
    0xc9, 0xfa, 0xc9, 0xfa, 0xc9, 0xfa, 0xc9, 0xfa, 0xc9, 0xfa, 0xc9, 0xfa,
    0xc9, 0xfa, 0xc9, 0xfa, 0xc9, 0xfa, 0xc9, 0xfa, 0xc9, 0xfa, 0xc9, 0xfa,
    0xc9, 0xfa, 0xc9, 0xfa, 0xc9, 0xfa, 0xc9, 0xfa, 0xc9, 0xfa, 0xc9, 0xfa,
    0xc9, 0xfa, 0xc9, 0xfa, 0xc9, 0xfa, 0xc9, 0xfa, 0xc9, 0xfa, 0xc9, 0xfa,
    0xc9, 0xfa, 0xc9, 0xfa, 0xc9, 0xfa, 0xc9, 0xfa, 0xc9, 0xfa, 0xc9, 0xfa,
    0xc9, 0xfa, 0xc9, 0xfa, 0xc9, 0xfa, 0xc9, 0xfa, 0xc9, 0xfa, 0xc9, 0xfa,
    0xc9, 0xfa, 0xc9, 0xfa, 0xc9, 0xfa, 0xc9, 0xfa, 0xc9, 0xfa, 0xc9, 0xfa,
    0xc9, 0xfa, 0xc9, 0xfa, 0xc9, 0xfa, 0xc9, 0xfa, 0xc9, 0xfa, 0xc9, 0xfa,
    0x2a, 0xe3, 0x02, 0x99, 0x00, 0x08, 0x00, 0x00, 0x00, 0x08, 0x20, 0x08,
    0x20, 0x00, 0xff, 0xff, 0xff, 0xff, 0xff, 0xff, 0xff, 0xff, 0xff, 0xff,
    0xff, 0xff, 0x21, 0x08, 0x20, 0x30, 0xaa, 0x92, 0xc9, 0xfa, 0xc9, 0xfa,
    0xc8, 0xfa, 0xc9, 0xfa, 0xc9, 0xfa, 0xc9, 0xfa, 0xc9, 0xfa, 0xc9, 0xfa,
    0xc9, 0xfa, 0xc8, 0xfa, 0xc9, 0xfa, 0xc9, 0xfa, 0xc9, 0xfa, 0xc9, 0xfa,
    0xc9, 0xfa, 0xc9, 0xfa, 0xc9, 0xfa, 0xc9, 0xfa, 0xc9, 0xfa, 0xc9, 0xfa,
    0xc8, 0xfa, 0xc9, 0xfa, 0xc9, 0xfa, 0xc8, 0xfa, 0xc9, 0xfa, 0xc9, 0xfa,
    0xca, 0xa2, 0x00, 0x38, 0x00, 0x08, 0x20, 0x00, 0x00, 0x08, 0x00, 0x08,
    0x20, 0x00, 0xff, 0xff, 0xff, 0xff, 0xff, 0xff, 0xff, 0xff, 0xff, 0xff,
    0xff, 0xff, 0xff, 0xff, 0xff, 0xff, 0x20, 0x08, 0x00, 0x08, 0x00, 0x00,
    0x00, 0x08, 0x00, 0x08, 0x00, 0x00, 0x00, 0x00, 0x00, 0x08, 0x00, 0x00,
    0x00, 0x00, 0x20, 0x08, 0x00, 0x08, 0x00, 0x08, 0xc5, 0xb9, 0x0a, 0xeb,
    0xc9, 0xfa, 0xc9, 0xfa, 0xc9, 0xfa, 0xc9, 0xfa, 0xc9, 0xfa, 0xc9, 0xfa,
    0xc9, 0xfa, 0xc9, 0xfa, 0xc9, 0xfa, 0xc9, 0xfa, 0xc9, 0xfa, 0xc8, 0xfa,
    0xc9, 0xfa, 0xc9, 0xfa, 0xc9, 0xfa, 0xc9, 0xfa, 0xc9, 0xfa, 0xc9, 0xfa,
    0xc9, 0xfa, 0xc9, 0xfa, 0xc9, 0xfa, 0xc9, 0xfa, 0xc9, 0xfa, 0xc9, 0xfa,
    0xc9, 0xfa, 0x47, 0xda, 0x00, 0x08, 0x20, 0x08, 0x20, 0x08, 0x00, 0x08,
    0x20, 0x00, 0xff, 0xff, 0xff, 0xff, 0xff, 0xff, 0xff, 0xff, 0xff, 0xff,
    0xff, 0xff, 0xff, 0xff, 0xff, 0xff, 0xff, 0xff, 0xff, 0xff, 0xff, 0xff,
    0xff, 0xff, 0xff, 0xff, 0xff, 0xff, 0xff, 0xff, 0xff, 0xff, 0xff, 0xff,
    0xff, 0xff, 0x20, 0x00, 0x20, 0x00, 0x00, 0x08, 0x20, 0x08, 0x00, 0x08,
    0x00, 0x08, 0x00, 0x08, 0x20, 0x08, 0x00, 0x00, 0x00, 0x08, 0x00, 0x10,
    0x61, 0x18, 0xc9, 0xfa, 0xc9, 0xfa, 0xc9, 0xfa, 0xc9, 0xfa, 0xc9, 0xfa,
    0xc9, 0xfa, 0xc9, 0xfa, 0xc8, 0xfa, 0xc9, 0xfa, 0xc9, 0xfa, 0xc8, 0xfa,
    0xc9, 0xfa, 0xc9, 0xfa, 0xc9, 0xfa, 0xc9, 0xfa, 0xc9, 0xfa, 0xc9, 0xfa,
    0xc9, 0xfa, 0xc9, 0xfa, 0xc9, 0xfa, 0xc9, 0xfa, 0xc9, 0xfa, 0xc9, 0xfa,
    0xc9, 0xfa, 0xc9, 0xfa, 0xc9, 0xfa, 0xc9, 0xfa, 0xc9, 0xfa, 0xc9, 0xfa,
    0xc9, 0xfa, 0xc9, 0xfa, 0xc9, 0xfa, 0xc9, 0xfa, 0xc9, 0xfa, 0xc9, 0xfa,
    0xc9, 0xfa, 0xc9, 0xfa, 0xc9, 0xfa, 0xc9, 0xfa, 0xc9, 0xfa, 0xc9, 0xfa,
    0xc9, 0xfa, 0xc9, 0xfa, 0xc9, 0xfa, 0xc9, 0xfa, 0xc9, 0xfa, 0xc9, 0xfa,
    0xc9, 0xfa, 0xc9, 0xfa, 0xc9, 0xfa, 0xc9, 0xfa, 0xc9, 0xfa, 0xc9, 0xfa,
    0xc9, 0xfa, 0x6c, 0xc3, 0x00, 0x40, 0x00, 0x08, 0x20, 0x08, 0x00, 0x00,
    0x00, 0x08, 0x20, 0x08, 0x00, 0x08, 0x00, 0x08, 0x20, 0x08, 0x00, 0x08,
    0x00, 0x08, 0x00, 0x08, 0x00, 0x00, 0x20, 0x08, 0x00, 0x00, 0x00, 0x08,
    0x20, 0x08, 0x00, 0x00, 0x00, 0x08, 0x20, 0x00, 0xff, 0xff, 0xff, 0xff,
    0xff, 0xff, 0xff, 0xff, 0xff, 0xff, 0xff, 0xff, 0xff, 0xff, 0xff, 0xff,
    0xff, 0xff, 0xff, 0xff, 0xff, 0xff, 0xff, 0xff, 0xff, 0xff, 0xff, 0xff,
    0xff, 0xff, 0xff, 0xff, 0xff, 0xff, 0xff, 0xff, 0xff, 0xff, 0xff, 0xff,
    0xff, 0xff, 0xff, 0xff, 0xff, 0xff, 0x20, 0x00, 0x20, 0x08, 0x00, 0x08,
    0x20, 0x00, 0x00, 0x08, 0x20, 0x08, 0x20, 0x00, 0x00, 0x08, 0x20, 0x08,
    0x20, 0x08, 0x00, 0x00, 0x00, 0x08, 0xc9, 0xfa, 0xc9, 0xfa, 0xc9, 0xfa,
    0xc9, 0xfa, 0xc9, 0xfa, 0xc9, 0xfa, 0xc9, 0xfa, 0xc8, 0xfa, 0xc9, 0xfa,
    0xc9, 0xfa, 0xc8, 0xfa, 0xc9, 0xfa, 0xc9, 0xfa, 0xc8, 0xfa, 0xc9, 0xfa,
    0xc9, 0xfa, 0xc8, 0xfa, 0xc9, 0xfa, 0xc9, 0xfa, 0xc9, 0xfa, 0xc9, 0xfa,
    0xc9, 0xfa, 0xc9, 0xfa, 0xc9, 0xfa, 0xc9, 0xfa, 0xc9, 0xfa, 0x0a, 0xeb,
    0xa5, 0xb9, 0x00, 0x08, 0x20, 0x08, 0x00, 0x08, 0x00, 0x00, 0x20, 0x08,
    0x00, 0x08, 0x00, 0x00, 0x20, 0x08, 0x20, 0x08, 0x00, 0x00, 0x20, 0x08,
    0x20, 0x00, 0x00, 0x08, 0x00, 0x08, 0x20, 0x08, 0x00, 0x00, 0x00, 0x08,
    0x20, 0x08, 0x20, 0x00, 0xff, 0xff, 0xff, 0xff, 0xff, 0xff, 0xff, 0xff,
    0xff, 0xff, 0xff, 0xff, 0xff, 0xff, 0xff, 0xff, 0xff, 0xff, 0xff, 0xff,
    0xff, 0xff, 0xff, 0xff, 0xff, 0xff, 0xff, 0xff, 0xff, 0xff, 0xff, 0xff,
    0xff, 0xff, 0xff, 0xff, 0xff, 0xff, 0xff, 0xff, 0x20, 0x00, 0x00, 0x50,
    0x6c, 0xcb, 0xc9, 0xfa, 0xc9, 0xfa, 0xc9, 0xfa, 0xc9, 0xfa, 0xc9, 0xfa,
    0xc9, 0xfa, 0xc9, 0xfa, 0xc9, 0xfa, 0xc9, 0xfa, 0xc9, 0xfa, 0xc9, 0xfa,
    0xc9, 0xfa, 0xc9, 0xfa, 0xc9, 0xfa, 0xc9, 0xfa, 0xc9, 0xfa, 0xc9, 0xfa,
    0xc8, 0xfa, 0xc9, 0xfa, 0xc9, 0xfa, 0xc8, 0xfa, 0xc9, 0xfa, 0xc9, 0xfa,
    0xc9, 0xfa, 0xc9, 0xfa, 0xc9, 0xfa, 0xc9, 0xfa, 0xc9, 0xfa, 0xc9, 0xfa,
    0xc9, 0xfa, 0xc9, 0xfa, 0xc9, 0xfa, 0xc9, 0xfa, 0xc9, 0xfa, 0xc9, 0xfa,
    0xc9, 0xfa, 0xc9, 0xfa, 0xc9, 0xfa, 0xc9, 0xfa, 0xc9, 0xfa, 0xc9, 0xfa,
    0xc9, 0xfa, 0xc9, 0xfa, 0xc9, 0xfa, 0xc9, 0xfa, 0xc9, 0xfa, 0xc9, 0xfa,
    0xc9, 0xfa, 0xc9, 0xfa, 0xc9, 0xfa, 0xc9, 0xfa, 0xc9, 0xfa, 0xc9, 0xfa,
    0xc9, 0xfa, 0xc9, 0xfa, 0xc9, 0xfa, 0xc9, 0xfa, 0xc9, 0xfa, 0xc9, 0xfa,
    0xc9, 0xfa, 0xc9, 0xfa, 0xc9, 0xfa, 0xc9, 0xfa, 0xc9, 0xfa, 0xc9, 0xfa,
    0xc9, 0xfa, 0xc9, 0xfa, 0xc9, 0xfa, 0xc9, 0xfa, 0xc9, 0xfa, 0xc9, 0xfa,
    0xc9, 0xfa, 0xc9, 0xfa, 0xc9, 0xfa, 0xc9, 0xfa, 0xc9, 0xfa, 0xc9, 0xfa,
    0xc9, 0xfa, 0xc9, 0xfa, 0xc9, 0xfa, 0x2b, 0xe3, 0x02, 0x99, 0x00, 0x00,
    0x00, 0x08, 0x20, 0x08, 0x00, 0x08, 0x00, 0x08, 0x00, 0x08, 0xff, 0xff,
    0xff, 0xff, 0xff, 0xff, 0xff, 0xff, 0xff, 0xff, 0x20, 0x00, 0x20, 0x30,
    0xaa, 0x9a, 0xc9, 0xfa, 0xc9, 0xfa, 0xc9, 0xfa, 0xc9, 0xfa, 0xc9, 0xfa,
    0xc8, 0xfa, 0xc9, 0xfa, 0xc9, 0xfa, 0xc9, 0xfa, 0xc9, 0xfa, 0xc9, 0xfa,
    0xc9, 0xfa, 0xc9, 0xfa, 0xc9, 0xfa, 0xc8, 0xfa, 0xc9, 0xfa, 0xc9, 0xfa,
    0xc8, 0xfa, 0xc9, 0xfa, 0xc9, 0xfa, 0xc9, 0xfa, 0xc9, 0xfa, 0xc9, 0xfa,
    0xc9, 0xfa, 0xc9, 0xfa, 0xc9, 0xfa, 0xca, 0xa2, 0x00, 0x38, 0x00, 0x08,
    0x00, 0x00, 0x20, 0x08, 0x00, 0x08, 0x20, 0x00, 0xff, 0xff, 0xff, 0xff,
    0xff, 0xff, 0xff, 0xff, 0xff, 0xff, 0xff, 0xff, 0xff, 0xff, 0xff, 0xff,
    0xff, 0xff, 0x20, 0x00, 0x20, 0x08, 0x00, 0x08, 0x00, 0x08, 0x20, 0x08,
    0x00, 0x08, 0x00, 0x08, 0x20, 0x08, 0x00, 0x08, 0x00, 0x00, 0x00, 0x08,
    0x00, 0x08, 0xc5, 0xb9, 0x0a, 0xeb, 0xc9, 0xfa, 0xc9, 0xfa, 0xc9, 0xfa,
    0xc8, 0xfa, 0xc9, 0xfa, 0xc9, 0xfa, 0xc8, 0xfa, 0xc9, 0xfa, 0xc9, 0xfa,
    0xc9, 0xfa, 0xc9, 0xfa, 0xc9, 0xfa, 0xc9, 0xfa, 0xc9, 0xfa, 0xc9, 0xfa,
    0xc9, 0xfa, 0xc9, 0xfa, 0xc9, 0xfa, 0xc9, 0xfa, 0xc9, 0xfa, 0xc9, 0xfa,
    0xc9, 0xfa, 0xc9, 0xfa, 0xc9, 0xfa, 0xe9, 0xfa, 0x47, 0xda, 0x00, 0x08,
    0x00, 0x08, 0x00, 0x00, 0x00, 0x08, 0x20, 0x08, 0x00, 0x08, 0xff, 0xff,
    0xff, 0xff, 0xff, 0xff, 0xff, 0xff, 0xff, 0xff, 0xff, 0xff, 0xff, 0xff,
    0xff, 0xff, 0xff, 0xff, 0xff, 0xff, 0xff, 0xff, 0xff, 0xff, 0xff, 0xff,
    0xff, 0xff, 0xff, 0xff, 0xff, 0xff, 0xff, 0xff, 0xff, 0xff, 0x20, 0x08,
    0x00, 0x08, 0x00, 0x08, 0x20, 0x08, 0x00, 0x00, 0x00, 0x08, 0x00, 0x08,
    0x20, 0x08, 0x00, 0x00, 0x00, 0x10, 0x41, 0x18, 0xc9, 0xfa, 0xc9, 0xfa,
    0xc9, 0xfa, 0xc9, 0xfa, 0xc9, 0xfa, 0xc9, 0xfa, 0xc9, 0xfa, 0xc9, 0xfa,
    0xc9, 0xfa, 0xc9, 0xfa, 0xc9, 0xfa, 0xc9, 0xfa, 0xc8, 0xfa, 0xc9, 0xfa,
    0xc9, 0xfa, 0xc8, 0xfa, 0xc9, 0xfa, 0xc9, 0xfa, 0xc8, 0xfa, 0xc9, 0xfa,
    0xc9, 0xfa, 0xc9, 0xfa, 0xc8, 0xfa, 0xc9, 0xfa, 0xc9, 0xfa, 0xc9, 0xfa,
    0xc9, 0xfa, 0xc9, 0xfa, 0xc9, 0xfa, 0xc9, 0xfa, 0xc9, 0xfa, 0xc9, 0xfa,
    0xc9, 0xfa, 0xc9, 0xfa, 0xc9, 0xfa, 0xc9, 0xfa, 0xc9, 0xfa, 0xc9, 0xfa,
    0xc9, 0xfa, 0xc9, 0xfa, 0xc9, 0xfa, 0xc9, 0xfa, 0xc9, 0xfa, 0xc9, 0xfa,
    0xc9, 0xfa, 0xc9, 0xfa, 0xc9, 0xfa, 0xc9, 0xfa, 0xc9, 0xfa, 0xc9, 0xfa,
    0xc9, 0xfa, 0xc9, 0xfa, 0xc9, 0xfa, 0xc9, 0xfa, 0x8c, 0xc3, 0x00, 0x40,
    0x00, 0x08, 0x00, 0x08, 0x20, 0x08, 0x00, 0x08, 0x00, 0x00, 0x20, 0x08,
    0x00, 0x08, 0x00, 0x00, 0x20, 0x08, 0x00, 0x08, 0x00, 0x08, 0x20, 0x08,
    0x00, 0x00, 0x00, 0x08, 0x00, 0x08, 0x00, 0x00, 0x00, 0x08, 0x00, 0x08,
    0x20, 0x00, 0xff, 0xff, 0xff, 0xff, 0xff, 0xff, 0xff, 0xff, 0xff, 0xff,
    0xff, 0xff, 0xff, 0xff, 0xff, 0xff, 0xff, 0xff, 0xff, 0xff, 0xff, 0xff,
    0xff, 0xff, 0xff, 0xff, 0xff, 0xff, 0xff, 0xff, 0xff, 0xff, 0xff, 0xff,
    0xff, 0xff, 0xff, 0xff, 0xff, 0xff, 0xff, 0xff, 0xff, 0xff, 0xff, 0xff,
    0xff, 0xff, 0x20, 0x08, 0x00, 0x08, 0x00, 0x08, 0x00, 0x08, 0x00, 0x00,
    0x00, 0x08, 0x00, 0x00, 0x00, 0x08, 0x00, 0x08, 0x00, 0x08, 0x20, 0x00,
    0xc9, 0xfa, 0xc9, 0xfa, 0xc9, 0xfa, 0xc9, 0xfa, 0xc9, 0xfa, 0xc9, 0xfa,
    0xc9, 0xfa, 0xc9, 0xfa, 0xc9, 0xfa, 0xc9, 0xfa, 0xc9, 0xfa, 0xc9, 0xfa,
    0xc9, 0xfa, 0xc9, 0xfa, 0xc9, 0xfa, 0xc9, 0xfa, 0xc9, 0xfa, 0xc9, 0xfa,
    0xc9, 0xfa, 0xc8, 0xfa, 0xc9, 0xfa, 0xc9, 0xfa, 0xc9, 0xfa, 0xc8, 0xfa,
    0xc9, 0xfa, 0xc9, 0xfa, 0x0a, 0xeb, 0xa4, 0xb9, 0x00, 0x08, 0x00, 0x00,
    0x00, 0x08, 0x00, 0x08, 0x00, 0x00, 0x00, 0x08, 0x00, 0x08, 0x00, 0x08,
    0x00, 0x00, 0x00, 0x08, 0x00, 0x08, 0x00, 0x08, 0x00, 0x00, 0x20, 0x08,
    0x00, 0x08, 0x00, 0x08, 0x00, 0x08, 0x00, 0x08, 0x21, 0x00, 0xff, 0xff,
    0xff, 0xff, 0xff, 0xff, 0xff, 0xff, 0xff, 0xff, 0xff, 0xff, 0xff, 0xff,
    0xff, 0xff, 0xff, 0xff, 0xff, 0xff, 0xff, 0xff, 0xff, 0xff, 0xff, 0xff,
    0xff, 0xff, 0xff, 0xff, 0xff, 0xff, 0xff, 0xff, 0xff, 0xff, 0xff, 0xff,
    0xff, 0xff, 0x21, 0x00, 0x00, 0x50, 0x6c, 0xcb, 0xc9, 0xfa, 0xc9, 0xfa,
    0xc9, 0xfa, 0xc8, 0xfa, 0xc9, 0xfa, 0xc9, 0xfa, 0xc9, 0xfa, 0xc8, 0xfa,
    0xc9, 0xfa, 0xc9, 0xfa, 0xc9, 0xfa, 0xc9, 0xfa, 0xc9, 0xfa, 0xc9, 0xfa,
    0xc9, 0xfa, 0xc9, 0xfa, 0xc9, 0xfa, 0xc9, 0xfa, 0xc9, 0xfa, 0xc9, 0xfa,
    0xc9, 0xfa, 0xc9, 0xfa, 0xc9, 0xfa, 0xc9, 0xfa, 0xc9, 0xfa, 0xc8, 0xfa,
    0xc9, 0xfa, 0xc9, 0xfa, 0xc9, 0xfa, 0xc9, 0xfa, 0xc9, 0xfa, 0xc9, 0xfa,
    0xc9, 0xfa, 0xc9, 0xfa, 0xc9, 0xfa, 0xc9, 0xfa, 0xc8, 0xfa, 0xc9, 0xfa,
    0xc9, 0xfa, 0xc9, 0xfa, 0xc8, 0xfa, 0xc9, 0xfa, 0xc9, 0xfa, 0xc9, 0xfa,
    0xc9, 0xfa, 0xc9, 0xfa, 0xc9, 0xfa, 0xc9, 0xfa, 0xc9, 0xfa, 0xc9, 0xfa,
    0xc9, 0xfa, 0xc9, 0xfa, 0xc9, 0xfa, 0xc9, 0xfa, 0xc8, 0xfa, 0xc9, 0xfa,
    0xc9, 0xfa, 0xc8, 0xfa, 0xc9, 0xfa, 0xc9, 0xfa, 0xc9, 0xfa, 0xc8, 0xfa,
    0xc9, 0xfa, 0xc9, 0xfa, 0xc9, 0xfa, 0xc8, 0xfa, 0xc9, 0xfa, 0xc9, 0xfa,
    0xc9, 0xfa, 0xc9, 0xfa, 0xc9, 0xfa, 0xc9, 0xfa, 0xc9, 0xfa, 0xc9, 0xfa,
    0xc9, 0xfa, 0xc9, 0xfa, 0xc9, 0xfa, 0xc9, 0xfa, 0xc9, 0xfa, 0xc9, 0xfa,
    0x2a, 0xe3, 0x03, 0x99, 0x00, 0x08, 0x20, 0x08, 0x00, 0x00, 0x00, 0x08,
    0x00, 0x08, 0x20, 0x00, 0xff, 0xff, 0xff, 0xff, 0xff, 0xff, 0xff, 0xff,
    0xff, 0xff, 0x20, 0x00, 0x20, 0x30, 0xa9, 0x92, 0xc9, 0xfa, 0xc9, 0xfa,
    0xc9, 0xfa, 0xc9, 0xfa, 0xc9, 0xfa, 0xc9, 0xfa, 0xc9, 0xfa, 0xc9, 0xfa,
    0xc8, 0xfa, 0xc9, 0xfa, 0xc9, 0xfa, 0xc8, 0xfa, 0xc9, 0xfa, 0xc9, 0xfa,
    0xc9, 0xfa, 0xc9, 0xfa, 0xc9, 0xfa, 0xc9, 0xfa, 0xc9, 0xfa, 0xc9, 0xfa,
    0xc9, 0xfa, 0xc9, 0xfa, 0xc9, 0xfa, 0xc9, 0xfa, 0xc9, 0xfa, 0xc9, 0xfa,
    0xca, 0xa2, 0x00, 0x30, 0x00, 0x08, 0x00, 0x08, 0x00, 0x08, 0x20, 0x08,
    0x20, 0x00, 0xff, 0xff, 0xff, 0xff, 0xff, 0xff, 0xff, 0xff, 0xff, 0xff,
    0xff, 0xff, 0xff, 0xff, 0xff, 0xff, 0xff, 0xff, 0xff, 0xff, 0x20, 0x00,
    0x00, 0x08, 0x00, 0x08, 0x20, 0x00, 0x00, 0x08, 0x00, 0x08, 0x20, 0x08,
    0x00, 0x08, 0x00, 0x08, 0x20, 0x00, 0x00, 0x08, 0xa5, 0xb9, 0x0a, 0xeb,
    0xc9, 0xfa, 0xc9, 0xfa, 0xc9, 0xfa, 0xc9, 0xfa, 0xc9, 0xfa, 0xc9, 0xfa,
    0xc9, 0xfa, 0xc9, 0xfa, 0xc9, 0xfa, 0xc8, 0xfa, 0xc9, 0xfa, 0xc9, 0xfa,
    0xc9, 0xfa, 0xc9, 0xfa, 0xc8, 0xfa, 0xc9, 0xfa, 0xc9, 0xfa, 0xc8, 0xfa,
    0xc9, 0xfa, 0xc9, 0xfa, 0xc8, 0xfa, 0xc9, 0xfa, 0xc9, 0xfa, 0xc9, 0xfa,
    0xc9, 0xfa, 0x47, 0xda, 0x00, 0x08, 0x00, 0x08, 0x00, 0x00, 0x00, 0x08,
    0x00, 0x08, 0x20, 0x08, 0xff, 0xff, 0xff, 0xff, 0xff, 0xff, 0xff, 0xff,
    0xff, 0xff, 0xff, 0xff, 0xff, 0xff, 0xff, 0xff, 0xff, 0xff, 0xff, 0xff,
    0xff, 0xff, 0xff, 0xff, 0xff, 0xff, 0xff, 0xff, 0xff, 0xff, 0xff, 0xff,
    0xff, 0xff, 0xff, 0xff, 0xff, 0xff, 0x21, 0x00, 0x20, 0x00, 0x20, 0x00,
    0x21, 0x00, 0x20, 0x00, 0x20, 0x00, 0x21, 0x00, 0x20, 0x00, 0x00, 0x10,
    0x61, 0x18, 0xc9, 0xfa, 0xc8, 0xfa, 0xc9, 0xfa, 0xc9, 0xfa, 0xc8, 0xfa,
    0xc9, 0xfa, 0xc9, 0xfa, 0xc9, 0xfa, 0xc9, 0xfa, 0xc9, 0xfa, 0xc9, 0xfa,
    0xc9, 0xfa, 0xc9, 0xfa, 0xc9, 0xfa, 0xc9, 0xfa, 0xc9, 0xfa, 0xc9, 0xfa,
    0xc9, 0xfa, 0xc9, 0xfa, 0xc9, 0xfa, 0xc9, 0xfa, 0xc9, 0xfa, 0xc9, 0xfa,
    0xc9, 0xfa, 0xc9, 0xfa, 0xc8, 0xfa, 0xc9, 0xfa, 0xc9, 0xfa, 0xc8, 0xfa,
    0xc9, 0xfa, 0xc9, 0xfa, 0xc9, 0xfa, 0xc9, 0xfa, 0xc9, 0xfa, 0xc9, 0xfa,
    0xc9, 0xfa, 0xc9, 0xfa, 0xc9, 0xfa, 0xc9, 0xfa, 0xc9, 0xfa, 0xc9, 0xfa,
    0xc8, 0xfa, 0xc9, 0xfa, 0xc9, 0xfa, 0xc8, 0xfa, 0xc9, 0xfa, 0xc9, 0xfa,
    0xc8, 0xfa, 0xc9, 0xfa, 0xc9, 0xfa, 0xc8, 0xfa, 0xc9, 0xfa, 0xc9, 0xfa,
    0xc9, 0xfa, 0x8c, 0xc3, 0x00, 0x40, 0x00, 0x08, 0x00, 0x08, 0x00, 0x00,
    0x00, 0x08, 0x20, 0x00, 0x20, 0x00, 0x20, 0x00, 0x20, 0x00, 0x21, 0x00,
    0x20, 0x00, 0x20, 0x00, 0x20, 0x00, 0x20, 0x00, 0x20, 0x00, 0x21, 0x00,
    0x20, 0x00, 0x20, 0x00, 0x21, 0x00, 0xff, 0xff, 0xff, 0xff, 0xff, 0xff,
    0xff, 0xff, 0xff, 0xff, 0xff, 0xff, 0xff, 0xff, 0xff, 0xff, 0xff, 0xff,
    0xff, 0xff, 0xff, 0xff, 0xff, 0xff, 0xff, 0xff, 0xff, 0xff, 0xff, 0xff,
    0xff, 0xff, 0xff, 0xff, 0xff, 0xff, 0xff, 0xff, 0xff, 0xff, 0xff, 0xff,
    0xff, 0xff, 0xff, 0xff, 0xff, 0xff, 0xff, 0xff, 0xff, 0xff, 0xff, 0xff,
    0xff, 0xff, 0xff, 0xff, 0xff, 0xff, 0xff, 0xff, 0xff, 0xff, 0xff, 0xff,
    0x20, 0x00, 0x00, 0x08, 0x00, 0x08, 0xc9, 0xfa, 0xc9, 0xfa, 0xc8, 0xfa,
    0xc9, 0xfa, 0xc9, 0xfa, 0xc8, 0xfa, 0xc9, 0xfa, 0xc9, 0xfa, 0xc9, 0xfa,
    0xc9, 0xfa, 0xc9, 0xfa, 0xc8, 0xfa, 0xc9, 0xfa, 0xc9, 0xfa, 0xc9, 0xfa,
    0xc9, 0xfa, 0xc9, 0xfa, 0xc9, 0xfa, 0xc9, 0xfa, 0xc9, 0xfa, 0xc9, 0xfa,
    0xc9, 0xfa, 0xc9, 0xfa, 0xc9, 0xfa, 0xc9, 0xfa, 0xc9, 0xfa, 0x0a, 0xeb,
    0xc5, 0xb9, 0x00, 0x08, 0x00, 0x08, 0x20, 0x08, 0x20, 0x08, 0x00, 0x08,
    0x20, 0x00, 0x20, 0x00, 0xff, 0xff, 0xff, 0xff, 0xff, 0xff, 0xff, 0xff,
    0xff, 0xff, 0xff, 0xff, 0xff, 0xff, 0xff, 0xff, 0xff, 0xff, 0xff, 0xff,
    0xff, 0xff, 0xff, 0xff, 0xff, 0xff, 0xff, 0xff, 0xff, 0xff, 0xff, 0xff,
    0xff, 0xff, 0xff, 0xff, 0xff, 0xff, 0xff, 0xff, 0xff, 0xff, 0xff, 0xff,
    0xff, 0xff, 0xff, 0xff, 0xff, 0xff, 0xff, 0xff, 0xff, 0xff, 0xff, 0xff,
    0xff, 0xff, 0xff, 0xff, 0xff, 0xff, 0xff, 0xff, 0x20, 0x08, 0x00, 0x50,
    0x6c, 0xc3, 0xc9, 0xfa, 0xc9, 0xfa, 0xc9, 0xfa, 0xc9, 0xfa, 0xc9, 0xfa,
    0xc9, 0xfa, 0xc9, 0xfa, 0xc9, 0xfa, 0xc9, 0xfa, 0xc9, 0xfa, 0xc8, 0xfa,
    0xc9, 0xfa, 0xc9, 0xfa, 0xc8, 0xfa, 0xc9, 0xfa, 0xc9, 0xfa, 0xc9, 0xfa,
    0xc9, 0xfa, 0xc9, 0xfa, 0xc9, 0xfa, 0xc9, 0xfa, 0xc9, 0xfa, 0xc8, 0xfa,
    0xc9, 0xfa, 0xc9, 0xfa, 0xc9, 0xfa, 0xc9, 0xfa, 0xc9, 0xfa, 0xc8, 0xfa,
    0xc9, 0xfa, 0xc9, 0xfa, 0xc8, 0xfa, 0xc9, 0xfa, 0xc9, 0xfa, 0xc9, 0xfa,
    0xc9, 0xfa, 0xc9, 0xfa, 0xc9, 0xfa, 0xc9, 0xfa, 0xc9, 0xfa, 0xc9, 0xfa,
    0xc9, 0xfa, 0xc9, 0xfa, 0xc8, 0xfa, 0xc9, 0xfa, 0xc9, 0xfa, 0xc8, 0xfa,
    0xc9, 0xfa, 0xc9, 0xfa, 0xc8, 0xfa, 0xc9, 0xfa, 0xc9, 0xfa, 0xc8, 0xfa,
    0xc9, 0xfa, 0xc9, 0xfa, 0xc9, 0xfa, 0xc9, 0xfa, 0xc9, 0xfa, 0xc9, 0xfa,
    0xc9, 0xfa, 0xc9, 0xfa, 0xc9, 0xfa, 0xc9, 0xfa, 0xc9, 0xfa, 0xc9, 0xfa,
    0xc9, 0xfa, 0xc9, 0xfa, 0xc9, 0xfa, 0xc8, 0xfa, 0xc9, 0xfa, 0xc9, 0xfa,
    0xc8, 0xfa, 0xc9, 0xfa, 0xc9, 0xfa, 0xc8, 0xfa, 0xc9, 0xfa, 0xc9, 0xfa,
    0xc8, 0xfa, 0xc9, 0xfa, 0xc9, 0xfa, 0x2a, 0xdb, 0x02, 0x99, 0x00, 0x08,
    0x00, 0x00, 0x00, 0x08, 0x00, 0x08, 0x20, 0x00, 0x00, 0x08, 0xff, 0xff,
    0xff, 0xff, 0xff, 0xff, 0xff, 0xff, 0xff, 0xff, 0x21, 0x08, 0x20, 0x30,
    0xaa, 0x92, 0xc9, 0xfa, 0xc9, 0xfa, 0xc9, 0xfa, 0xc8, 0xfa, 0xc9, 0xfa,
    0xc9, 0xfa, 0xc9, 0xfa, 0xc9, 0xfa, 0xc9, 0xfa, 0xc9, 0xfa, 0xc9, 0xfa,
    0xc9, 0xfa, 0xc9, 0xfa, 0xc9, 0xfa, 0xc9, 0xfa, 0xc9, 0xfa, 0xc9, 0xfa,
    0xc9, 0xfa, 0xc8, 0xfa, 0xc9, 0xfa, 0xc9, 0xfa, 0xc8, 0xfa, 0xc9, 0xfa,
    0xc9, 0xfa, 0xc8, 0xfa, 0xc9, 0xfa, 0xca, 0xa2, 0x00, 0x38, 0x20, 0x08,
    0x00, 0x08, 0x00, 0x00, 0x00, 0x08, 0x20, 0x00, 0xff, 0xff, 0xff, 0xff,
    0xff, 0xff, 0xff, 0xff, 0xff, 0xff, 0xff, 0xff, 0xff, 0xff, 0xff, 0xff,
    0xff, 0xff, 0xff, 0xff, 0xff, 0xff, 0x21, 0x00, 0x20, 0x00, 0x20, 0x00,
    0x21, 0x00, 0x20, 0x00, 0x21, 0x00, 0x20, 0x00, 0x21, 0x00, 0x00, 0x08,
    0x00, 0x08, 0xc5, 0xb9, 0x0a, 0xeb, 0xc9, 0xfa, 0xc9, 0xfa, 0xc9, 0xfa,
    0xc9, 0xfa, 0xc9, 0xfa, 0xc9, 0xfa, 0xc9, 0xfa, 0xc9, 0xfa, 0xc9, 0xfa,
    0xc9, 0xfa, 0xc9, 0xfa, 0xc9, 0xfa, 0xc9, 0xfa, 0xc9, 0xfa, 0xc9, 0xfa,
    0xc9, 0xfa, 0xc9, 0xfa, 0xc9, 0xfa, 0xc9, 0xfa, 0xc9, 0xfa, 0xc9, 0xfa,
    0xc9, 0xfa, 0xc9, 0xfa, 0xc9, 0xfa, 0xc9, 0xfa, 0x47, 0xda, 0x00, 0x08,
    0x20, 0x08, 0x20, 0x08, 0x00, 0x00, 0x00, 0x08, 0x00, 0x08, 0xff, 0xff,
    0xff, 0xff, 0xff, 0xff, 0xff, 0xff, 0xff, 0xff, 0xff, 0xff, 0xff, 0xff,
    0xff, 0xff, 0xff, 0xff, 0xff, 0xff, 0xff, 0xff, 0xff, 0xff, 0xff, 0xff,
    0xff, 0xff, 0xff, 0xff, 0xff, 0xff, 0xff, 0xff, 0xff, 0xff, 0xff, 0xff,
    0xff, 0xff, 0xff, 0xff, 0xff, 0xff, 0xff, 0xff, 0xff, 0xff, 0xff, 0xff,
    0xff, 0xff, 0xff, 0xff, 0x00, 0x10, 0x61, 0x18, 0xc9, 0xfa, 0xc9, 0xfa,
    0xc9, 0xfa, 0xc9, 0xfa, 0xc9, 0xfa, 0xc9, 0xfa, 0xc9, 0xfa, 0xc8, 0xfa,
    0xc9, 0xfa, 0xc9, 0xfa, 0xc8, 0xfa, 0xc9, 0xfa, 0xc9, 0xfa, 0xc9, 0xfa,
    0xc9, 0xfa, 0xc9, 0xfa, 0xc9, 0xfa, 0xc9, 0xfa, 0xc9, 0xfa, 0xc8, 0xfa,
    0xc9, 0xfa, 0xc9, 0xfa, 0xc9, 0xfa, 0xc9, 0xfa, 0xc9, 0xfa, 0xc9, 0xfa,
    0xc9, 0xfa, 0xc9, 0xfa, 0xc9, 0xfa, 0xc9, 0xfa, 0xc8, 0xfa, 0xc9, 0xfa,
    0xc9, 0xfa, 0xc8, 0xfa, 0xc9, 0xfa, 0xc9, 0xfa, 0xc8, 0xfa, 0xc9, 0xfa,
    0xc9, 0xfa, 0xc9, 0xfa, 0xc9, 0xfa, 0xc9, 0xfa, 0xc9, 0xfa, 0xc9, 0xfa,
    0xc9, 0xfa, 0xc9, 0xfa, 0xc9, 0xfa, 0xc9, 0xfa, 0xc9, 0xfa, 0xc9, 0xfa,
    0xc9, 0xfa, 0xc9, 0xfa, 0xc9, 0xfa, 0xc9, 0xfa, 0x8c, 0xcb, 0x00, 0x40,
    0x00, 0x08, 0x20, 0x08, 0x00, 0x08, 0x00, 0x08, 0x20, 0x08, 0xff, 0xff,
    0xff, 0xff, 0xff, 0xff, 0xff, 0xff, 0xff, 0xff, 0xff, 0xff, 0xff, 0xff,
    0xff, 0xff, 0xff, 0xff, 0xff, 0xff, 0xff, 0xff, 0xff, 0xff, 0xff, 0xff,
    0xff, 0xff, 0xff, 0xff, 0xff, 0xff, 0xff, 0xff, 0xff, 0xff, 0xff, 0xff,
    0xff, 0xff, 0xff, 0xff, 0xff, 0xff, 0xff, 0xff, 0xff, 0xff, 0xff, 0xff,
    0xff, 0xff, 0xff, 0xff, 0xff, 0xff, 0xff, 0xff, 0xff, 0xff, 0xff, 0xff,
    0xff, 0xff, 0xff, 0xff, 0xff, 0xff, 0xff, 0xff, 0xff, 0xff, 0xff, 0xff,
    0xff, 0xff, 0xff, 0xff, 0xff, 0xff, 0xff, 0xff, 0xff, 0xff, 0xff, 0xff,
    0xff, 0xff, 0xff, 0xff, 0xff, 0xff, 0xff, 0xff, 0x20, 0x08, 0x00, 0x08,
    0xc9, 0xfa, 0xc9, 0xfa, 0xc9, 0xfa, 0xc9, 0xfa, 0xc9, 0xfa, 0xc9, 0xfa,
    0xc9, 0xfa, 0xc8, 0xfa, 0xc9, 0xfa, 0xc9, 0xfa, 0xc9, 0xfa, 0xc9, 0xfa,
    0xc9, 0xfa, 0xc9, 0xfa, 0xc8, 0xfa, 0xc9, 0xfa, 0xc9, 0xfa, 0xc8, 0xfa,
    0xc9, 0xfa, 0xc9, 0xfa, 0xc9, 0xfa, 0xc8, 0xfa, 0xc9, 0xfa, 0xc9, 0xfa,
    0xc9, 0xfa, 0xc8, 0xfa, 0x0a, 0xeb, 0xa5, 0xb9, 0x00, 0x08, 0x00, 0x00,
    0x00, 0x00, 0x00, 0x08, 0x00, 0x08, 0x00, 0x08, 0xff, 0xff, 0xff, 0xff,
    0xff, 0xff, 0xff, 0xff, 0xff, 0xff, 0xff, 0xff, 0xff, 0xff, 0xff, 0xff,
    0xff, 0xff, 0xff, 0xff, 0xff, 0xff, 0xff, 0xff, 0xff, 0xff, 0xff, 0xff,
    0xff, 0xff, 0xff, 0xff, 0xff, 0xff, 0xff, 0xff, 0xff, 0xff, 0xff, 0xff,
    0xff, 0xff, 0xff, 0xff, 0xff, 0xff, 0xff, 0xff, 0xff, 0xff, 0xff, 0xff,
    0xff, 0xff, 0xff, 0xff, 0xff, 0xff, 0xff, 0xff, 0xff, 0xff, 0xff, 0xff,
    0xff, 0xff, 0x21, 0x00, 0x00, 0x50, 0x8c, 0xcb, 0xc9, 0xfa, 0xc9, 0xfa,
    0xc9, 0xfa, 0xc9, 0xfa, 0xc9, 0xfa, 0xc8, 0xfa, 0xc9, 0xfa, 0xc9, 0xfa,
    0xc9, 0xfa, 0xc9, 0xfa, 0xc9, 0xfa, 0xc9, 0xfa, 0xc9, 0xfa, 0xc9, 0xfa,
    0xc9, 0xfa, 0xc8, 0xfa, 0xc9, 0xfa, 0xc9, 0xfa, 0xc8, 0xfa, 0xc9, 0xfa,
    0xc9, 0xfa, 0xc9, 0xfa, 0xc9, 0xfa, 0xc9, 0xfa, 0xc9, 0xfa, 0xc9, 0xfa,
    0xc9, 0xfa, 0xc9, 0xfa, 0xc9, 0xfa, 0xc9, 0xfa, 0xc9, 0xfa, 0xc9, 0xfa,
    0xc9, 0xfa, 0xc8, 0xfa, 0xc9, 0xfa, 0xc9, 0xfa, 0xc9, 0xfa, 0xc9, 0xfa,
    0xc8, 0xfa, 0xc9, 0xfa, 0xc9, 0xfa, 0xc9, 0xfa, 0xc9, 0xfa, 0xc9, 0xfa,
    0xc9, 0xfa, 0xc9, 0xfa, 0xc9, 0xfa, 0xc9, 0xfa, 0xc9, 0xfa, 0xc9, 0xfa,
    0xc9, 0xfa, 0xc9, 0xfa, 0xc9, 0xfa, 0xc9, 0xfa, 0xc9, 0xfa, 0xc9, 0xfa,
    0xc9, 0xfa, 0xc9, 0xfa, 0xc9, 0xfa, 0xc8, 0xfa, 0xc9, 0xfa, 0xc9, 0xfa,
    0xc9, 0xfa, 0xc8, 0xfa, 0xc9, 0xfa, 0xc9, 0xfa, 0xc9, 0xfa, 0xc9, 0xfa,
    0xc9, 0xfa, 0xc9, 0xfa, 0xc9, 0xfa, 0xc9, 0xfa, 0xc9, 0xfa, 0xc9, 0xfa,
    0xc9, 0xfa, 0xc9, 0xfa, 0xc9, 0xfa, 0xc9, 0xfa, 0xc9, 0xfa, 0xc9, 0xfa,
    0x2a, 0xe3, 0x03, 0x99, 0x00, 0x08, 0x20, 0x08, 0x00, 0x08, 0x00, 0x08,
    0x00, 0x08, 0x00, 0x08, 0xff, 0xff, 0xff, 0xff, 0xff, 0xff, 0xff, 0xff,
    0xff, 0xff, 0x20, 0x00, 0x20, 0x30, 0xaa, 0x9a, 0xc9, 0xfa, 0xc9, 0xfa,
    0xc9, 0xfa, 0xc9, 0xfa, 0xc9, 0xfa, 0xc9, 0xfa, 0xc8, 0xfa, 0xc9, 0xfa,
    0xc9, 0xfa, 0xc9, 0xfa, 0xc9, 0xfa, 0xc9, 0xfa, 0xc9, 0xfa, 0xc8, 0xfa,
    0xc9, 0xfa, 0xc9, 0xfa, 0xc8, 0xfa, 0xc9, 0xfa, 0xc9, 0xfa, 0xc9, 0xfa,
    0xc9, 0xfa, 0xc9, 0xfa, 0xc9, 0xfa, 0xc9, 0xfa, 0xc9, 0xfa, 0xc9, 0xfa,
    0xca, 0xa2, 0x00, 0x30, 0x00, 0x08, 0x20, 0x08, 0x00, 0x08, 0x00, 0x08,
    0x21, 0x00, 0xff, 0xff, 0xff, 0xff, 0xff, 0xff, 0xff, 0xff, 0xff, 0xff,
    0xff, 0xff, 0xff, 0xff, 0xff, 0xff, 0xff, 0xff, 0xff, 0xff, 0xff, 0xff,
    0xff, 0xff, 0xff, 0xff, 0xff, 0xff, 0xff, 0xff, 0xff, 0xff, 0xff, 0xff,
    0xff, 0xff, 0xff, 0xff, 0x00, 0x08, 0x00, 0x08, 0xc5, 0xb9, 0x0a, 0xeb,
    0xc9, 0xfa, 0xc8, 0xfa, 0xc9, 0xfa, 0xc9, 0xfa, 0xc8, 0xfa, 0xc9, 0xfa,
    0xc9, 0xfa, 0xc8, 0xfa, 0xc9, 0xfa, 0xc9, 0xfa, 0xc9, 0xfa, 0xc8, 0xfa,
    0xc9, 0xfa, 0xc9, 0xfa, 0xc9, 0xfa, 0xc9, 0xfa, 0xc9, 0xfa, 0xc9, 0xfa,
    0xc9, 0xfa, 0xc9, 0xfa, 0xc9, 0xfa, 0xc9, 0xfa, 0xc8, 0xfa, 0xc9, 0xfa,
    0xe9, 0xfa, 0x47, 0xda, 0x00, 0x08, 0x00, 0x08, 0x00, 0x08, 0x00, 0x08,
    0x20, 0x00, 0x00, 0x08, 0xff, 0xff, 0xff, 0xff, 0xff, 0xff, 0xff, 0xff,
    0xff, 0xff, 0xff, 0xff, 0xff, 0xff, 0xff, 0xff, 0xff, 0xff, 0xff, 0xff,
    0xff, 0xff, 0xff, 0xff, 0xff, 0xff, 0xff, 0xff, 0xff, 0xff, 0xff, 0xff,
    0xff, 0xff, 0xff, 0xff, 0xff, 0xff, 0xff, 0xff, 0xff, 0xff, 0xff, 0xff,
    0xff, 0xff, 0xff, 0xff, 0xff, 0xff, 0xff, 0xff, 0xff, 0xff, 0x00, 0x10,
    0x41, 0x18, 0xc9, 0xfa, 0xc9, 0xfa, 0xc9, 0xfa, 0xc9, 0xfa, 0xc9, 0xfa,
    0xc9, 0xfa, 0xc9, 0xfa, 0xc9, 0xfa, 0xc9, 0xfa, 0xc9, 0xfa, 0xc9, 0xfa,
    0xc9, 0xfa, 0xc9, 0xfa, 0xc8, 0xfa, 0xc9, 0xfa, 0xc9, 0xfa, 0xc8, 0xfa,
    0xc9, 0xfa, 0xc9, 0xfa, 0xc9, 0xfa, 0xc9, 0xfa, 0xc8, 0xfa, 0xc9, 0xfa,
    0xc9, 0xfa, 0xc8, 0xfa, 0xc9, 0xfa, 0xc9, 0xfa, 0xc9, 0xfa, 0xc9, 0xfa,
    0xc9, 0xfa, 0xc9, 0xfa, 0xc9, 0xfa, 0xc9, 0xfa, 0xc9, 0xfa, 0xc9, 0xfa,
    0xc9, 0xfa, 0xc9, 0xfa, 0xc9, 0xfa, 0xc8, 0xfa, 0xc9, 0xfa, 0xc9, 0xfa,
    0xc9, 0xfa, 0xc9, 0xfa, 0xc9, 0xfa, 0xc9, 0xfa, 0xc9, 0xfa, 0xc8, 0xfa,
    0xc9, 0xfa, 0xc9, 0xfa, 0xc9, 0xfa, 0xc9, 0xfa, 0xc8, 0xfa, 0xc9, 0xfa,
    0xc9, 0xfa, 0x6c, 0xc3, 0x00, 0x40, 0x00, 0x08, 0x00, 0x08, 0x20, 0x00,
    0x00, 0x08, 0x20, 0x00, 0xff, 0xff, 0xff, 0xff, 0xff, 0xff, 0xff, 0xff,
    0xff, 0xff, 0xff, 0xff, 0xff, 0xff, 0xff, 0xff, 0xff, 0xff, 0xff, 0xff,
    0xff, 0xff, 0xff, 0xff, 0xff, 0xff, 0xff, 0xff, 0xff, 0xff, 0xff, 0xff,
    0xff, 0xff, 0xff, 0xff, 0xff, 0xff, 0xff, 0xff, 0xff, 0xff, 0xff, 0xff,
    0xff, 0xff, 0xff, 0xff, 0xff, 0xff, 0xff, 0xff, 0xff, 0xff, 0xff, 0xff,
    0xff, 0xff, 0xff, 0xff, 0xff, 0xff, 0xff, 0xff, 0xff, 0xff, 0xff, 0xff,
    0xff, 0xff, 0xff, 0xff, 0xff, 0xff, 0xff, 0xff, 0xff, 0xff, 0xff, 0xff,
    0xff, 0xff, 0xff, 0xff, 0xff, 0xff, 0xff, 0xff, 0xff, 0xff, 0xff, 0xff,
    0xff, 0xff, 0x00, 0x00, 0x00, 0x08, 0xc9, 0xfa, 0xc9, 0xfa, 0xc9, 0xfa,
    0xc9, 0xfa, 0xc9, 0xfa, 0xc9, 0xfa, 0xc9, 0xfa, 0xc9, 0xfa, 0xc9, 0xfa,
    0xc9, 0xfa, 0xc8, 0xfa, 0xc9, 0xfa, 0xc9, 0xfa, 0xc9, 0xfa, 0xc9, 0xfa,
    0xc9, 0xfa, 0xc9, 0xfa, 0xc9, 0xfa, 0xc9, 0xfa, 0xc9, 0xfa, 0xc9, 0xfa,
    0xc9, 0xfa, 0xc9, 0xfa, 0xc9, 0xfa, 0xc9, 0xfa, 0xc9, 0xfa, 0x0a, 0xeb,
    0xa5, 0xb9, 0x00, 0x08, 0x20, 0x08, 0x00, 0x08, 0x00, 0x08, 0x20, 0x00,
    0x00, 0x08, 0xff, 0xff, 0xff, 0xff, 0xff, 0xff, 0xff, 0xff, 0xff, 0xff,
    0xff, 0xff, 0xff, 0xff, 0xff, 0xff, 0xff, 0xff, 0xff, 0xff, 0xff, 0xff,
    0xff, 0xff, 0xff, 0xff, 0xff, 0xff, 0xff, 0xff, 0xff, 0xff, 0xff, 0xff,
    0xff, 0xff, 0xff, 0xff, 0xff, 0xff, 0xff, 0xff, 0xff, 0xff, 0xff, 0xff,
    0xff, 0xff, 0xff, 0xff, 0xff, 0xff, 0xff, 0xff, 0xff, 0xff, 0xff, 0xff,
    0xff, 0xff, 0xff, 0xff, 0xff, 0xff, 0xff, 0xff, 0x20, 0x00, 0x00, 0x50,
    0x6c, 0xcb, 0xc9, 0xfa, 0xc9, 0xfa, 0xc9, 0xfa, 0xc9, 0xfa, 0xc9, 0xfa,
    0xc9, 0xfa, 0xc9, 0xfa, 0xc9, 0xfa, 0xc8, 0xfa, 0xc9, 0xfa, 0xc9, 0xfa,
    0xc9, 0xfa, 0xc9, 0xfa, 0xc9, 0xfa, 0xc9, 0xfa, 0xc9, 0xfa, 0xc9, 0xfa,
    0xc9, 0xfa, 0xc9, 0xfa, 0xc9, 0xfa, 0xc9, 0xfa, 0xc8, 0xfa, 0xc9, 0xfa,
    0xc9, 0xfa, 0xc9, 0xfa, 0xc8, 0xfa, 0xc9, 0xfa, 0xc9, 0xfa, 0xc9, 0xfa,
    0xc9, 0xfa, 0xc9, 0xfa, 0xc9, 0xfa, 0xc9, 0xfa, 0xc9, 0xfa, 0xc9, 0xfa,
    0xc8, 0xfa, 0xc9, 0xfa, 0xc9, 0xfa, 0xc9, 0xfa, 0xc9, 0xfa, 0xc9, 0xfa,
    0xc8, 0xfa, 0xc9, 0xfa, 0xc9, 0xfa, 0xc9, 0xfa, 0xc9, 0xfa, 0xc9, 0xfa,
    0xc9, 0xfa, 0xc9, 0xfa, 0xc9, 0xfa, 0xc9, 0xfa, 0xc9, 0xfa, 0xc9, 0xfa,
    0xc9, 0xfa, 0xc9, 0xfa, 0xc8, 0xfa, 0xc9, 0xfa, 0xc9, 0xfa, 0xc9, 0xfa,
    0xc9, 0xfa, 0xc9, 0xfa, 0xc9, 0xfa, 0xc9, 0xfa, 0xc9, 0xfa, 0xc9, 0xfa,
    0xc9, 0xfa, 0xc8, 0xfa, 0xc9, 0xfa, 0xc9, 0xfa, 0xc9, 0xfa, 0xc9, 0xfa,
    0xc9, 0xfa, 0xc9, 0xfa, 0xc8, 0xfa, 0xc9, 0xfa, 0xc9, 0xfa, 0xc9, 0xfa,
    0xc9, 0xfa, 0xc9, 0xfa, 0xc9, 0xfa, 0x2a, 0xe3, 0x02, 0x99, 0x00, 0x00,
    0x20, 0x08, 0x00, 0x00, 0x00, 0x08, 0x20, 0x08, 0x00, 0x00, 0xff, 0xff,
    0xff, 0xff, 0xff, 0xff, 0xff, 0xff, 0xff, 0xff, 0x21, 0x00, 0x20, 0x30,
    0xa9, 0x92, 0xc9, 0xfa, 0xc9, 0xfa, 0xc9, 0xfa, 0xc9, 0xfa, 0xc9, 0xfa,
    0xc9, 0xfa, 0xc9, 0xfa, 0xc9, 0xfa, 0xc9, 0xfa, 0xc8, 0xfa, 0xc9, 0xfa,
    0xc9, 0xfa, 0xc9, 0xfa, 0xc9, 0xfa, 0xc9, 0xfa, 0xc9, 0xfa, 0xc9, 0xfa,
    0xc9, 0xfa, 0xc9, 0xfa, 0xc9, 0xfa, 0xc9, 0xfa, 0xc9, 0xfa, 0xc8, 0xfa,
    0xc9, 0xfa, 0xc9, 0xfa, 0xc9, 0xfa, 0xca, 0xa2, 0x00, 0x38, 0x00, 0x08,
    0x00, 0x00, 0x20, 0x08, 0x00, 0x08, 0x20, 0x00, 0xff, 0xff, 0xff, 0xff,
    0xff, 0xff, 0xff, 0xff, 0xff, 0xff, 0xff, 0xff, 0xff, 0xff, 0xff, 0xff,
    0xff, 0xff, 0xff, 0xff, 0xff, 0xff, 0xff, 0xff, 0xff, 0xff, 0xff, 0xff,
    0xff, 0xff, 0xff, 0xff, 0xff, 0xff, 0xff, 0xff, 0xff, 0xff, 0x00, 0x08,
    0x00, 0x00, 0xc5, 0xb9, 0x0a, 0xeb, 0xc9, 0xfa, 0xc9, 0xfa, 0xc9, 0xfa,
    0xc9, 0xfa, 0xc9, 0xfa, 0xc9, 0xfa, 0xc9, 0xfa, 0xc9, 0xfa, 0xc9, 0xfa,
    0xc9, 0xfa, 0xc9, 0xfa, 0xc9, 0xfa, 0xc9, 0xfa, 0xc8, 0xfa, 0xc9, 0xfa,
    0xc9, 0xfa, 0xc8, 0xfa, 0xc9, 0xfa, 0xc9, 0xfa, 0xc8, 0xfa, 0xc9, 0xfa,
    0xc9, 0xfa, 0xc9, 0xfa, 0xc9, 0xfa, 0xc9, 0xfa, 0x47, 0xda, 0x00, 0x08,
    0x00, 0x00, 0x00, 0x08, 0x00, 0x08, 0x00, 0x08, 0x20, 0x00, 0xff, 0xff,
    0xff, 0xff, 0xff, 0xff, 0xff, 0xff, 0xff, 0xff, 0xff, 0xff, 0xff, 0xff,
    0xff, 0xff, 0xff, 0xff, 0xff, 0xff, 0xff, 0xff, 0xff, 0xff, 0xff, 0xff,
    0xff, 0xff, 0xff, 0xff, 0xff, 0xff, 0xff, 0xff, 0xff, 0xff, 0xff, 0xff,
    0xff, 0xff, 0xff, 0xff, 0xff, 0xff, 0xff, 0xff, 0xff, 0xff, 0xff, 0xff,
    0xff, 0xff, 0xff, 0xff, 0x00, 0x10, 0x61, 0x10, 0xc9, 0xfa, 0xc8, 0xfa,
    0xc9, 0xfa, 0xc9, 0xfa, 0xc8, 0xfa, 0xc9, 0xfa, 0xc9, 0xfa, 0xc9, 0xfa,
    0xc9, 0xfa, 0xc8, 0xfa, 0xc9, 0xfa, 0xc9, 0xfa, 0xc9, 0xfa, 0xc9, 0xfa,
    0xc9, 0xfa, 0xc9, 0xfa, 0xc9, 0xfa, 0xc9, 0xfa, 0xc9, 0xfa, 0xc9, 0xfa,
    0xc9, 0xfa, 0xc9, 0xfa, 0xc9, 0xfa, 0xc9, 0xfa, 0xc9, 0xfa, 0xc9, 0xfa,
    0xc9, 0xfa, 0xc8, 0xfa, 0xc9, 0xfa, 0xc9, 0xfa, 0xc9, 0xfa, 0xc9, 0xfa,
    0xc9, 0xfa, 0xc9, 0xfa, 0xc9, 0xfa, 0xc9, 0xfa, 0xc9, 0xfa, 0xc9, 0xfa,
    0xc9, 0xfa, 0xc9, 0xfa, 0xc8, 0xfa, 0xc9, 0xfa, 0xc9, 0xfa, 0xc8, 0xfa,
    0xc9, 0xfa, 0xc9, 0xfa, 0xc9, 0xfa, 0xc9, 0xfa, 0xc8, 0xfa, 0xc9, 0xfa,
    0xc9, 0xfa, 0xc9, 0xfa, 0xc9, 0xfa, 0xc9, 0xfa, 0x8c, 0xc3, 0x00, 0x40,
    0x00, 0x08, 0x00, 0x08, 0x00, 0x08, 0x00, 0x08, 0x21, 0x00, 0xff, 0xff,
    0xff, 0xff, 0xff, 0xff, 0xff, 0xff, 0xff, 0xff, 0xff, 0xff, 0xff, 0xff,
    0xff, 0xff, 0xff, 0xff, 0xff, 0xff, 0xff, 0xff, 0xff, 0xff, 0xff, 0xff,
    0xff, 0xff, 0xff, 0xff, 0xff, 0xff, 0xff, 0xff, 0xff, 0xff, 0xff, 0xff,
    0xff, 0xff, 0xff, 0xff, 0xff, 0xff, 0xff, 0xff, 0xff, 0xff, 0xff, 0xff,
    0xff, 0xff, 0xff, 0xff, 0xff, 0xff, 0xff, 0xff, 0xff, 0xff, 0xff, 0xff,
    0xff, 0xff, 0xff, 0xff, 0xff, 0xff, 0xff, 0xff, 0xff, 0xff, 0xff, 0xff,
    0xff, 0xff, 0xff, 0xff, 0xff, 0xff, 0xff, 0xff, 0xff, 0xff, 0xff, 0xff,
    0xff, 0xff, 0xff, 0xff, 0xff, 0xff, 0xff, 0xff, 0x00, 0x08, 0x20, 0x08,
    0xc9, 0xfa, 0xc9, 0xfa, 0xc8, 0xfa, 0xc9, 0xfa, 0xc9, 0xfa, 0xc8, 0xfa,
    0xc9, 0xfa, 0xc9, 0xfa, 0xc9, 0xfa, 0xc9, 0xfa, 0xc9, 0xfa, 0xc9, 0xfa,
    0xc9, 0xfa, 0xc8, 0xfa, 0xc9, 0xfa, 0xc9, 0xfa, 0xc9, 0xfa, 0xc9, 0xfa,
    0xc8, 0xfa, 0xc9, 0xfa, 0xc9, 0xfa, 0xc9, 0xfa, 0xc8, 0xfa, 0xc9, 0xfa,
    0xc9, 0xfa, 0xc9, 0xfa, 0x0a, 0xeb, 0xc5, 0xb9, 0x00, 0x08, 0x00, 0x08,
    0x20, 0x08, 0x00, 0x08, 0x00, 0x08, 0x20, 0x08, 0xff, 0xff, 0xff, 0xff,
    0xff, 0xff, 0xff, 0xff, 0xff, 0xff, 0xff, 0xff, 0xff, 0xff, 0xff, 0xff,
    0xff, 0xff, 0xff, 0xff, 0xff, 0xff, 0xff, 0xff, 0xff, 0xff, 0xff, 0xff,
    0xff, 0xff, 0xff, 0xff, 0xff, 0xff, 0xff, 0xff, 0xff, 0xff, 0xff, 0xff,
    0xff, 0xff, 0xff, 0xff, 0xff, 0xff, 0xff, 0xff, 0xff, 0xff, 0xff, 0xff,
    0xff, 0xff, 0xff, 0xff, 0xff, 0xff, 0xff, 0xff, 0xff, 0xff, 0xff, 0xff,
    0xff, 0xff, 0x20, 0x08, 0x00, 0x50, 0x6c, 0xc3, 0xc9, 0xfa, 0xc9, 0xfa,
    0xc9, 0xfa, 0xc8, 0xfa, 0xc9, 0xfa, 0xc9, 0xfa, 0xc9, 0xfa, 0xc9, 0xfa,
    0xc9, 0xfa, 0xc9, 0xfa, 0xc9, 0xfa, 0xc8, 0xfa, 0xc9, 0xfa, 0xc9, 0xfa,
    0xc8, 0xfa, 0xc9, 0xfa, 0xc9, 0xfa, 0xc9, 0xfa, 0xc9, 0xfa, 0xc9, 0xfa,
    0xc9, 0xfa, 0xc9, 0xfa, 0xc9, 0xfa, 0xc9, 0xfa, 0xc9, 0xfa, 0xc9, 0xfa,
    0xc9, 0xfa, 0xc9, 0xfa, 0xc8, 0xfa, 0xc9, 0xfa, 0xc9, 0xfa, 0xc8, 0xfa,
    0xc9, 0xfa, 0xc9, 0xfa, 0xc9, 0xfa, 0xc9, 0xfa, 0xc9, 0xfa, 0xc9, 0xfa,
    0xc9, 0xfa, 0xc9, 0xfa, 0xc9, 0xfa, 0xc9, 0xfa, 0xc9, 0xfa, 0xc9, 0xfa,
    0xc8, 0xfa, 0xc9, 0xfa, 0xc9, 0xfa, 0xc8, 0xfa, 0xc9, 0xfa, 0xc8, 0xfa,
    0xc9, 0xfa, 0xc9, 0xfa, 0xc8, 0xfa, 0xc9, 0xfa, 0xc9, 0xfa, 0xc9, 0xfa,
    0xc9, 0xfa, 0xc9, 0xfa, 0xc8, 0xfa, 0xc9, 0xfa, 0xc9, 0xfa, 0xc9, 0xfa,
    0xc8, 0xfa, 0xc9, 0xfa, 0xc9, 0xfa, 0xc9, 0xfa, 0xc9, 0xfa, 0xc9, 0xfa,
    0xc9, 0xfa, 0xc8, 0xfa, 0xc9, 0xfa, 0xc9, 0xfa, 0xc9, 0xfa, 0xc9, 0xfa,
    0xc9, 0xfa, 0xc9, 0xfa, 0xc8, 0xfa, 0xc9, 0xfa, 0xc9, 0xfa, 0xc9, 0xfa,
    0x2a, 0xe3, 0x03, 0x99, 0x00, 0x08, 0x00, 0x00, 0x00, 0x08, 0x20, 0x08,
    0x00, 0x00, 0x00, 0x08, 0xff, 0xff, 0xff, 0xff, 0xff, 0xff, 0xff, 0xff,
    0xff, 0xff, 0x20, 0x08, 0x20, 0x30, 0xaa, 0x92, 0xc9, 0xfa, 0xc9, 0xfa,
    0xc8, 0xfa, 0xc9, 0xfa, 0xc9, 0xfa, 0xc8, 0xfa, 0xc9, 0xfa, 0xc9, 0xfa,
    0xc9, 0xfa, 0xc9, 0xfa, 0xc9, 0xfa, 0xc9, 0xfa, 0xc8, 0xfa, 0xc9, 0xfa,
    0xc9, 0xfa, 0xc9, 0xfa, 0xc9, 0xfa, 0xc9, 0xfa, 0xc8, 0xfa, 0xc9, 0xfa,
    0xc9, 0xfa, 0xc9, 0xfa, 0xc9, 0xfa, 0xc9, 0xfa, 0xc9, 0xfa, 0xc8, 0xfa,
    0xca, 0xa2, 0x00, 0x38, 0x00, 0x08, 0x00, 0x00, 0x00, 0x08, 0x20, 0x08,
    0x20, 0x00, 0xff, 0xff, 0xff, 0xff, 0xff, 0xff, 0xff, 0xff, 0xff, 0xff,
    0xff, 0xff, 0xff, 0xff, 0xff, 0xff, 0xff, 0xff, 0xff, 0xff, 0xff, 0xff,
    0xff, 0xff, 0xff, 0xff, 0xff, 0xff, 0xff, 0xff, 0xff, 0xff, 0xff, 0xff,
    0xff, 0xff, 0xff, 0xff, 0x00, 0x08, 0x00, 0x08, 0xc5, 0xb9, 0xea, 0xea,
    0xc9, 0xfa, 0xc9, 0xfa, 0xc8, 0xfa, 0xc9, 0xfa, 0xc9, 0xfa, 0xc9, 0xfa,
    0xc9, 0xfa, 0xc9, 0xfa, 0xc8, 0xfa, 0xc9, 0xfa, 0xc9, 0xfa, 0xc9, 0xfa,
    0xc9, 0xfa, 0xc9, 0xfa, 0xc9, 0xfa, 0xc9, 0xfa, 0xc9, 0xfa, 0xc9, 0xfa,
    0xc9, 0xfa, 0xc9, 0xfa, 0xc9, 0xfa, 0xc9, 0xfa, 0xc9, 0xfa, 0xc9, 0xfa,
    0xc9, 0xfa, 0x47, 0xda, 0x00, 0x08, 0x00, 0x08, 0x20, 0x00, 0x00, 0x08,
    0x00, 0x08, 0x00, 0x08, 0xff, 0xff, 0xff, 0xff, 0xff, 0xff, 0xff, 0xff,
    0xff, 0xff, 0xff, 0xff, 0xff, 0xff, 0xff, 0xff, 0xff, 0xff, 0xff, 0xff,
    0xff, 0xff, 0xff, 0xff, 0xff, 0xff, 0xff, 0xff, 0xff, 0xff, 0xff, 0xff,
    0xff, 0xff, 0xff, 0xff, 0xff, 0xff, 0xff, 0xff, 0xff, 0xff, 0xff, 0xff,
    0xff, 0xff, 0xff, 0xff, 0xff, 0xff, 0xff, 0xff, 0xff, 0xff, 0x00, 0x10,
    0x61, 0x18, 0xc9, 0xfa, 0xc9, 0xfa, 0xc9, 0xfa, 0xc9, 0xfa, 0xc9, 0xfa,
    0xc9, 0xfa, 0xc8, 0xfa, 0xc9, 0xfa, 0xc9, 0xfa, 0xc9, 0xfa, 0xc9, 0xfa,
    0xc9, 0xfa, 0xc9, 0xfa, 0xc9, 0xfa, 0xc8, 0xfa, 0xc9, 0xfa, 0xc9, 0xfa,
    0xc9, 0xfa, 0xc8, 0xfa, 0xc9, 0xfa, 0xc9, 0xfa, 0xc9, 0xfa, 0xc9, 0xfa,
    0xc9, 0xfa, 0xc9, 0xfa, 0xc9, 0xfa, 0xc9, 0xfa, 0xc9, 0xfa, 0xc9, 0xfa,
    0xc9, 0xfa, 0xc8, 0xfa, 0xc9, 0xfa, 0xc9, 0xfa, 0xc8, 0xfa, 0xc9, 0xfa,
    0xc9, 0xfa, 0xc8, 0xfa, 0xc9, 0xfa, 0xc9, 0xfa, 0xc9, 0xfa, 0xc9, 0xfa,
    0xc9, 0xfa, 0xc9, 0xfa, 0xc9, 0xfa, 0xc9, 0xfa, 0xc9, 0xfa, 0xc9, 0xfa,
    0xc9, 0xfa, 0xc9, 0xfa, 0xc9, 0xfa, 0xc9, 0xfa, 0xc9, 0xfa, 0xc9, 0xfa,
    0xc9, 0xfa, 0x8c, 0xc3, 0x00, 0x40, 0x00, 0x08, 0x20, 0x00, 0x00, 0x08,
    0x00, 0x08, 0x20, 0x00, 0xff, 0xff, 0xff, 0xff, 0xff, 0xff, 0xff, 0xff,
    0xff, 0xff, 0xff, 0xff, 0xff, 0xff, 0xff, 0xff, 0xff, 0xff, 0xff, 0xff,
    0xff, 0xff, 0xff, 0xff, 0xff, 0xff, 0xff, 0xff, 0xff, 0xff, 0xff, 0xff,
    0xff, 0xff, 0xff, 0xff, 0xff, 0xff, 0xff, 0xff, 0xff, 0xff, 0xff, 0xff,
    0xff, 0xff, 0xff, 0xff, 0xff, 0xff, 0xff, 0xff, 0xff, 0xff, 0xff, 0xff,
    0xff, 0xff, 0xff, 0xff, 0xff, 0xff, 0xff, 0xff, 0xff, 0xff, 0xff, 0xff,
    0xff, 0xff, 0xff, 0xff, 0xff, 0xff, 0xff, 0xff, 0xff, 0xff, 0xff, 0xff,
    0xff, 0xff, 0xff, 0xff, 0xff, 0xff, 0xff, 0xff, 0xff, 0xff, 0xff, 0xff,
    0xff, 0xff, 0x00, 0x08, 0x00, 0x00, 0xc9, 0xfa, 0xc9, 0xfa, 0xc9, 0xfa,
    0xc9, 0xfa, 0xc9, 0xfa, 0xc9, 0xfa, 0xc9, 0xfa, 0xc9, 0xfa, 0xc8, 0xfa,
    0xc9, 0xfa, 0xc9, 0xfa, 0xc9, 0xfa, 0xc9, 0xfa, 0xc9, 0xfa, 0xc9, 0xfa,
    0xc9, 0xfa, 0xc8, 0xfa, 0xc9, 0xfa, 0xc9, 0xfa, 0xc9, 0xfa, 0xc9, 0xfa,
    0xc9, 0xfa, 0xc9, 0xfa, 0xc9, 0xfa, 0xc8, 0xfa, 0xc9, 0xfa, 0x0a, 0xeb,
    0xa4, 0xb9, 0x00, 0x08, 0x00, 0x00, 0x00, 0x00, 0x00, 0x08, 0x00, 0x08,
    0x00, 0x00, 0xff, 0xff, 0xff, 0xff, 0xff, 0xff, 0xff, 0xff, 0xff, 0xff,
    0xff, 0xff, 0xff, 0xff, 0xff, 0xff, 0xff, 0xff, 0xff, 0xff, 0xff, 0xff,
    0xff, 0xff, 0xff, 0xff, 0xff, 0xff, 0xff, 0xff, 0xff, 0xff, 0xff, 0xff,
    0xff, 0xff, 0xff, 0xff, 0xff, 0xff, 0xff, 0xff, 0xff, 0xff, 0xff, 0xff,
    0xff, 0xff, 0xff, 0xff, 0xff, 0xff, 0xff, 0xff, 0xff, 0xff, 0xff, 0xff,
    0xff, 0xff, 0xff, 0xff, 0xff, 0xff, 0xff, 0xff, 0x21, 0x00, 0x00, 0x50,
    0x8c, 0xcb, 0xc9, 0xfa, 0xc9, 0xfa, 0xc9, 0xfa, 0xc9, 0xfa, 0xc9, 0xfa,
    0xc9, 0xfa, 0xc8, 0xfa, 0xc9, 0xfa, 0xc9, 0xfa, 0xc9, 0xfa, 0xc9, 0xfa,
    0xc9, 0xfa, 0xc9, 0xfa, 0xc9, 0xfa, 0xc9, 0xfa, 0xc9, 0xfa, 0xc9, 0xfa,
    0xc8, 0xfa, 0xc9, 0xfa, 0xc9, 0xfa, 0xc8, 0xfa, 0xc9, 0xfa, 0xc9, 0xfa,
    0xc9, 0xfa, 0xc8, 0xfa, 0xc9, 0xfa, 0xc9, 0xfa, 0xc9, 0xfa, 0xc9, 0xfa,
    0xc9, 0xfa, 0xc9, 0xfa, 0xc9, 0xfa, 0xc9, 0xfa, 0xc9, 0xfa, 0xc9, 0xfa,
    0xc9, 0xfa, 0xc9, 0xfa, 0xc8, 0xfa, 0xc9, 0xfa, 0xc9, 0xfa, 0xc8, 0xfa,
    0xc9, 0xfa, 0xc9, 0xfa, 0xc9, 0xfa, 0xc9, 0xfa, 0xc9, 0xfa, 0xc9, 0xfa,
    0xc9, 0xfa, 0xc9, 0xfa, 0xc9, 0xfa, 0xc9, 0xfa, 0xc9, 0xfa, 0xc9, 0xfa,
    0xc9, 0xfa, 0xc9, 0xfa, 0xc9, 0xfa, 0xc9, 0xfa, 0xc9, 0xfa, 0xc9, 0xfa,
    0xc9, 0xfa, 0xc9, 0xfa, 0xc9, 0xfa, 0xc9, 0xfa, 0xc9, 0xfa, 0xc9, 0xfa,
    0xc9, 0xfa, 0xc9, 0xfa, 0xc9, 0xfa, 0xc9, 0xfa, 0xc9, 0xfa, 0xc9, 0xfa,
    0xc8, 0xfa, 0xc9, 0xfa, 0xc9, 0xfa, 0xc9, 0xfa, 0xc9, 0xfa, 0xc9, 0xfa,
    0xc9, 0xfa, 0xc9, 0xfa, 0xc9, 0xfa, 0x2a, 0xdb, 0x02, 0x99, 0x00, 0x08,
    0x20, 0x08, 0x00, 0x08, 0x00, 0x08, 0x00, 0x08, 0x20, 0x08, 0xff, 0xff,
    0xff, 0xff, 0xff, 0xff, 0xff, 0xff, 0xff, 0xff, 0x21, 0x00, 0x20, 0x30,
    0xa9, 0x9a, 0xc9, 0xfa, 0xc9, 0xfa, 0xc9, 0xfa, 0xc9, 0xfa, 0xc9, 0xfa,
    0xc9, 0xfa, 0xc9, 0xfa, 0xc9, 0xfa, 0xc9, 0xfa, 0xc9, 0xfa, 0xc9, 0xfa,
    0xc9, 0xfa, 0xc9, 0xfa, 0xc9, 0xfa, 0xc9, 0xfa, 0xc8, 0xfa, 0xc9, 0xfa,
    0xc9, 0xfa, 0xc9, 0xfa, 0xc9, 0xfa, 0xc9, 0xfa, 0xc8, 0xfa, 0xc9, 0xfa,
    0xc9, 0xfa, 0xc9, 0xfa, 0xc9, 0xfa, 0xca, 0xa2, 0x00, 0x30, 0x20, 0x08,
    0x00, 0x08, 0x00, 0x08, 0x00, 0x08, 0x20, 0x00, 0xff, 0xff, 0xff, 0xff,
    0xff, 0xff, 0xff, 0xff, 0xff, 0xff, 0xff, 0xff, 0xff, 0xff, 0xff, 0xff,
    0xff, 0xff, 0xff, 0xff, 0xff, 0xff, 0xff, 0xff, 0xff, 0xff, 0xff, 0xff,
    0xff, 0xff, 0xff, 0xff, 0xff, 0xff, 0xff, 0xff, 0xff, 0xff, 0x20, 0x08,
    0x00, 0x08, 0xa5, 0xb9, 0x0a, 0xeb, 0xc9, 0xfa, 0xc9, 0xfa, 0xc9, 0xfa,
    0xc9, 0xfa, 0xc8, 0xfa, 0xc9, 0xfa, 0xc9, 0xfa, 0xc9, 0xfa, 0xc9, 0xfa,
    0xc9, 0xfa, 0xc8, 0xfa, 0xc9, 0xfa, 0xc9, 0xfa, 0xc9, 0xfa, 0xc9, 0xfa,
    0xc9, 0xfa, 0xc9, 0xfa, 0xc8, 0xfa, 0xc9, 0xfa, 0xc9, 0xfa, 0xc9, 0xfa,
    0xc8, 0xfa, 0xc9, 0xfa, 0xc9, 0xfa, 0xe9, 0xfa, 0x47, 0xda, 0x00, 0x08,
    0x00, 0x08, 0x20, 0x08, 0x00, 0x00, 0x00, 0x08, 0x20, 0x08, 0xff, 0xff,
    0xff, 0xff, 0xff, 0xff, 0xff, 0xff, 0xff, 0xff, 0xff, 0xff, 0xff, 0xff,
    0xff, 0xff, 0xff, 0xff, 0xff, 0xff, 0xff, 0xff, 0xff, 0xff, 0xff, 0xff,
    0xff, 0xff, 0xff, 0xff, 0xff, 0xff, 0xff, 0xff, 0xff, 0xff, 0xff, 0xff,
    0xff, 0xff, 0xff, 0xff, 0xff, 0xff, 0xff, 0xff, 0xff, 0xff, 0xff, 0xff,
    0xff, 0xff, 0xff, 0xff, 0x00, 0x10, 0x41, 0x18, 0xc9, 0xfa, 0xc9, 0xfa,
    0xc9, 0xfa, 0xc9, 0xfa, 0xc9, 0xfa, 0xc9, 0xfa, 0xc9, 0xfa, 0xc9, 0xfa,
    0xc9, 0xfa, 0xc9, 0xfa, 0xc9, 0xfa, 0xc8, 0xfa, 0xc9, 0xfa, 0xc9, 0xfa,
    0xc9, 0xfa, 0xc9, 0xfa, 0xc9, 0xfa, 0xc9, 0xfa, 0xc9, 0xfa, 0xc9, 0xfa,
    0xc9, 0xfa, 0xc8, 0xfa, 0xc9, 0xfa, 0xc9, 0xfa, 0xc8, 0xfa, 0xc9, 0xfa,
    0xc9, 0xfa, 0xc9, 0xfa, 0xc9, 0xfa, 0xc9, 0xfa, 0xc9, 0xfa, 0xc9, 0xfa,
    0xc9, 0xfa, 0xc9, 0xfa, 0xc9, 0xfa, 0xc9, 0xfa, 0xc9, 0xfa, 0xc9, 0xfa,
    0xc9, 0xfa, 0xc9, 0xfa, 0xc9, 0xfa, 0xc9, 0xfa, 0xc9, 0xfa, 0xc9, 0xfa,
    0xc8, 0xfa, 0xc9, 0xfa, 0xc9, 0xfa, 0xc9, 0xfa, 0xc9, 0xfa, 0xc9, 0xfa,
    0xc8, 0xfa, 0xc9, 0xfa, 0xc9, 0xfa, 0xc9, 0xfa, 0x6d, 0xc3, 0x00, 0x40,
    0x00, 0x08, 0x00, 0x08, 0x20, 0x08, 0x00, 0x08, 0x20, 0x00, 0xff, 0xff,
    0xff, 0xff, 0xff, 0xff, 0xff, 0xff, 0xff, 0xff, 0xff, 0xff, 0xff, 0xff,
    0xff, 0xff, 0xff, 0xff, 0xff, 0xff, 0xff, 0xff, 0xff, 0xff, 0xff, 0xff,
    0xff, 0xff, 0xff, 0xff, 0xff, 0xff, 0xff, 0xff, 0xff, 0xff, 0xff, 0xff,
    0xff, 0xff, 0xff, 0xff, 0xff, 0xff, 0xff, 0xff, 0xff, 0xff, 0xff, 0xff,
    0xff, 0xff, 0xff, 0xff, 0xff, 0xff, 0xff, 0xff, 0xff, 0xff, 0xff, 0xff,
    0xff, 0xff, 0xff, 0xff, 0xff, 0xff, 0xff, 0xff, 0xff, 0xff, 0xff, 0xff,
    0xff, 0xff, 0xff, 0xff, 0xff, 0xff, 0xff, 0xff, 0xff, 0xff, 0xff, 0xff,
    0xff, 0xff, 0xff, 0xff, 0xff, 0xff, 0xff, 0xff, 0x20, 0x08, 0x00, 0x08,
    0xc9, 0xfa, 0xc9, 0xfa, 0xc9, 0xfa, 0xc9, 0xfa, 0xc9, 0xfa, 0xc9, 0xfa,
    0xc9, 0xfa, 0xc9, 0xfa, 0xc9, 0xfa, 0xc9, 0xfa, 0xc9, 0xfa, 0xc8, 0xfa,
    0xc9, 0xfa, 0xc9, 0xfa, 0xc9, 0xfa, 0xc9, 0xfa, 0xc9, 0xfa, 0xc9, 0xfa,
    0xc9, 0xfa, 0xc9, 0xfa, 0xc8, 0xfa, 0xc9, 0xfa, 0xc9, 0xfa, 0xc9, 0xfa,
    0xc9, 0xfa, 0xc9, 0xfa, 0x0a, 0xeb, 0xa5, 0xb9, 0x00, 0x08, 0x20, 0x08,
    0x00, 0x08, 0x20, 0x00, 0x00, 0x08, 0x00, 0x08, 0xff, 0xff, 0xff, 0xff,
    0xff, 0xff, 0xff, 0xff, 0xff, 0xff, 0xff, 0xff, 0xff, 0xff, 0xff, 0xff,
    0xff, 0xff, 0xff, 0xff, 0xff, 0xff, 0xff, 0xff, 0xff, 0xff, 0xff, 0xff,
    0xff, 0xff, 0xff, 0xff, 0xff, 0xff, 0xff, 0xff, 0xff, 0xff, 0xff, 0xff,
    0xff, 0xff, 0xff, 0xff, 0xff, 0xff, 0xff, 0xff, 0xff, 0xff, 0xff, 0xff,
    0xff, 0xff, 0xff, 0xff, 0xff, 0xff, 0xff, 0xff, 0xff, 0xff, 0xff, 0xff,
    0xff, 0xff, 0x20, 0x00, 0x00, 0x50, 0x6c, 0xcb, 0xc9, 0xfa, 0xc9, 0xfa,
    0xc9, 0xfa, 0xc9, 0xfa, 0xc9, 0xfa, 0xc9, 0xfa, 0xc9, 0xfa, 0xc9, 0xfa,
    0xc9, 0xfa, 0xc8, 0xfa, 0xc9, 0xfa, 0xc9, 0xfa, 0xc9, 0xfa, 0xc9, 0xfa,
    0xc9, 0xfa, 0xc9, 0xfa, 0xc9, 0xfa, 0xc9, 0xfa, 0xc9, 0xfa, 0xc9, 0xfa,
    0xc9, 0xfa, 0xc9, 0xfa, 0xc9, 0xfa, 0xc9, 0xfa, 0xc9, 0xfa, 0xc9, 0xfa,
    0xc9, 0xfa, 0xc8, 0xfa, 0xc9, 0xfa, 0xc9, 0xfa, 0xc9, 0xfa, 0xc9, 0xfa,
    0xc9, 0xfa, 0xc8, 0xfa, 0xc9, 0xfa, 0xc9, 0xfa, 0xc9, 0xfa, 0xc9, 0xfa,
    0xc9, 0xfa, 0xc9, 0xfa, 0xc9, 0xfa, 0xc9, 0xfa, 0xc9, 0xfa, 0xc8, 0xfa,
    0xc9, 0xfa, 0xc9, 0xfa, 0xc9, 0xfa, 0xc9, 0xfa, 0xc9, 0xfa, 0xc9, 0xfa,
    0xc9, 0xfa, 0xc9, 0xfa, 0xc9, 0xfa, 0xc8, 0xfa, 0xc9, 0xfa, 0xc9, 0xfa,
    0xc8, 0xfa, 0xc9, 0xfa, 0xc9, 0xfa, 0xc9, 0xfa, 0xc8, 0xfa, 0xc9, 0xfa,
    0xc9, 0xfa, 0xc9, 0xfa, 0xc8, 0xfa, 0xc9, 0xfa, 0xc9, 0xfa, 0xc8, 0xfa,
    0xc9, 0xfa, 0xc9, 0xfa, 0xc9, 0xfa, 0xc9, 0xfa, 0xc9, 0xfa, 0xc9, 0xfa,
    0xc8, 0xfa, 0xc9, 0xfa, 0xc9, 0xfa, 0xc9, 0xfa, 0xc9, 0xfa, 0xc9, 0xfa,
    0x2a, 0xe3, 0x03, 0x99, 0x00, 0x00, 0x00, 0x08, 0x20, 0x00, 0x00, 0x08,
    0x00, 0x08, 0x00, 0x00, 0xff, 0xff, 0xff, 0xff, 0xff, 0xff, 0xff, 0xff,
    0xff, 0xff, 0x20, 0x00, 0x20, 0x30, 0xaa, 0x92, 0xc9, 0xfa, 0xc9, 0xfa,
    0xc9, 0xfa, 0xc9, 0xfa, 0xc9, 0xfa, 0xc9, 0xfa, 0xc9, 0xfa, 0xc8, 0xfa,
    0xc9, 0xfa, 0xc9, 0xfa, 0xc8, 0xfa, 0xc9, 0xfa, 0xc9, 0xfa, 0xc9, 0xfa,
    0xc9, 0xfa, 0xc9, 0xfa, 0xc9, 0xfa, 0xc9, 0xfa, 0xc9, 0xfa, 0xc9, 0xfa,
    0xc9, 0xfa, 0xc9, 0xfa, 0xc9, 0xfa, 0xc9, 0xfa, 0xc9, 0xfa, 0xc9, 0xfa,
    0xca, 0xa2, 0x00, 0x38, 0x00, 0x08, 0x20, 0x00, 0x00, 0x08, 0x00, 0x08,
    0x20, 0x00, 0xff, 0xff, 0xff, 0xff, 0xff, 0xff, 0xff, 0xff, 0xff, 0xff,
    0xff, 0xff, 0xff, 0xff, 0xff, 0xff, 0xff, 0xff, 0xff, 0xff, 0xff, 0xff,
    0xff, 0xff, 0xff, 0xff, 0xff, 0xff, 0xff, 0xff, 0xff, 0xff, 0xff, 0xff,
    0xff, 0xff, 0xff, 0xff, 0x00, 0x08, 0x00, 0x08, 0xc5, 0xb9, 0x0a, 0xeb,
    0xc8, 0xfa, 0xc9, 0xfa, 0xc9, 0xfa, 0xc9, 0xfa, 0xc9, 0xfa, 0xc9, 0xfa,
    0xc9, 0xfa, 0xc8, 0xfa, 0xc9, 0xfa, 0xc9, 0xfa, 0xc9, 0xfa, 0xc9, 0xfa,
    0xc9, 0xfa, 0xc8, 0xfa, 0xc9, 0xfa, 0xc9, 0xfa, 0xc9, 0xfa, 0xc9, 0xfa,
    0xc9, 0xfa, 0xc9, 0xfa, 0xc9, 0xfa, 0xc9, 0xfa, 0xc9, 0xfa, 0xc9, 0xfa,
    0xc9, 0xfa, 0x47, 0xda, 0x00, 0x08, 0x00, 0x08, 0x00, 0x08, 0x00, 0x08,
    0x00, 0x00, 0x00, 0x08, 0xff, 0xff, 0xff, 0xff, 0xff, 0xff, 0xff, 0xff,
    0xff, 0xff, 0xff, 0xff, 0xff, 0xff, 0xff, 0xff, 0xff, 0xff, 0xff, 0xff,
    0xff, 0xff, 0xff, 0xff, 0xff, 0xff, 0xff, 0xff, 0xff, 0xff, 0xff, 0xff,
    0xff, 0xff, 0xff, 0xff, 0xff, 0xff, 0xff, 0xff, 0xff, 0xff, 0xff, 0xff,
    0xff, 0xff, 0xff, 0xff, 0xff, 0xff, 0xff, 0xff, 0xff, 0xff, 0x00, 0x08,
    0x61, 0x18, 0xc9, 0xf2, 0xc9, 0xf2, 0xe9, 0xfa, 0xc9, 0xf2, 0xc9, 0xf2,
    0xe9, 0xfa, 0xc9, 0xf2, 0xe9, 0xfa, 0xc9, 0xf2, 0xc9, 0xfa, 0xe9, 0xf2,
    0xc9, 0xfa, 0xc9, 0xfa, 0xe9, 0xf2, 0xc9, 0xfa, 0xc9, 0xfa, 0xc9, 0xf2,
    0xc9, 0xfa, 0xc9, 0xfa, 0xc9, 0xfa, 0xc9, 0xfa, 0xc9, 0xfa, 0xc9, 0xfa,
    0xc9, 0xfa, 0xc9, 0xfa, 0xc9, 0xfa, 0xc9, 0xfa, 0xc9, 0xfa, 0xc9, 0xfa,
    0xc9, 0xfa, 0xc9, 0xfa, 0xc9, 0xfa, 0xc9, 0xfa, 0xc9, 0xfa, 0xc9, 0xfa,
    0xc9, 0xfa, 0xc9, 0xfa, 0xc9, 0xfa, 0xc9, 0xfa, 0xc9, 0xfa, 0xc9, 0xfa,
    0xc9, 0xfa, 0xc9, 0xfa, 0xc9, 0xfa, 0xe9, 0xfa, 0xc9, 0xfa, 0xe9, 0xf2,
    0xe9, 0xfa, 0xc9, 0xfa, 0xe9, 0xf2, 0xe9, 0xfa, 0xe9, 0xfa, 0xc9, 0xfa,
    0xe9, 0xfa, 0x8d, 0xc3, 0x20, 0x40, 0x00, 0x08, 0x00, 0x08, 0x00, 0x00,
    0x20, 0x08, 0x21, 0x00, 0xff, 0xff, 0xff, 0xff, 0xff, 0xff, 0xff, 0xff,
    0xff, 0xff, 0xff, 0xff, 0xff, 0xff, 0xff, 0xff, 0xff, 0xff, 0xff, 0xff,
    0xff, 0xff, 0xff, 0xff, 0xff, 0xff, 0xff, 0xff, 0xff, 0xff, 0xff, 0xff,
    0xff, 0xff, 0xff, 0xff, 0xff, 0xff, 0xff, 0xff, 0xff, 0xff, 0xff, 0xff,
    0xff, 0xff, 0xff, 0xff, 0xff, 0xff, 0xff, 0xff, 0xff, 0xff, 0xff, 0xff,
    0xff, 0xff, 0xff, 0xff, 0xff, 0xff, 0xff, 0xff, 0xff, 0xff, 0xff, 0xff,
    0xff, 0xff, 0xff, 0xff, 0xff, 0xff, 0xff, 0xff, 0xff, 0xff, 0xff, 0xff,
    0xff, 0xff, 0xff, 0xff, 0xff, 0xff, 0xff, 0xff, 0xff, 0xff, 0xff, 0xff,
    0xff, 0xff, 0x00, 0x08, 0x00, 0x00, 0x0a, 0xeb, 0x0a, 0xeb, 0x09, 0xeb,
    0x0a, 0xeb, 0x0a, 0xeb, 0x09, 0xeb, 0x0a, 0xeb, 0x0a, 0xeb, 0x0a, 0xeb,
    0x0a, 0xeb, 0x0a, 0xeb, 0x0a, 0xeb, 0x0a, 0xeb, 0x0a, 0xeb, 0xe9, 0xea,
    0x0a, 0xeb, 0x0a, 0xeb, 0x0a, 0xeb, 0xea, 0xea, 0x0a, 0xeb, 0x0a, 0xeb,
    0xea, 0xea, 0x0a, 0xeb, 0x0a, 0xeb, 0xea, 0xea, 0x0a, 0xeb, 0x4b, 0xd3,
    0x84, 0xa1, 0x00, 0x08, 0x00, 0x08, 0x00, 0x08, 0x20, 0x08, 0x00, 0x00,
    0x00, 0x08, 0xff, 0xff, 0xff, 0xff, 0xff, 0xff, 0xff, 0xff, 0xff, 0xff,
    0xff, 0xff, 0xff, 0xff, 0xff, 0xff, 0xff, 0xff, 0xff, 0xff, 0xff, 0xff,
    0xff, 0xff, 0xff, 0xff, 0xff, 0xff, 0xff, 0xff, 0xff, 0xff, 0xff, 0xff,
    0xff, 0xff, 0xff, 0xff, 0xff, 0xff, 0xff, 0xff, 0xff, 0xff, 0xff, 0xff,
    0xff, 0xff, 0xff, 0xff, 0xff, 0xff, 0xff, 0xff, 0xff, 0xff, 0xff, 0xff,
    0xff, 0xff, 0xff, 0xff, 0xff, 0xff, 0xff, 0xff, 0x20, 0x08, 0x00, 0x40,
    0x8d, 0xc3, 0x0a, 0xeb, 0x0a, 0xeb, 0x0a, 0xeb, 0x09, 0xeb, 0x0a, 0xeb,
    0x0a, 0xeb, 0x0a, 0xeb, 0x0a, 0xeb, 0x0a, 0xeb, 0x0a, 0xeb, 0x0a, 0xeb,
    0x0a, 0xeb, 0x09, 0xeb, 0x0a, 0xeb, 0x0a, 0xeb, 0x09, 0xeb, 0x0a, 0xeb,
    0x0a, 0xeb, 0x0a, 0xeb, 0x0a, 0xeb, 0x0a, 0xeb, 0x09, 0xeb, 0x0a, 0xeb,
    0x0a, 0xeb, 0x0a, 0xeb, 0x0a, 0xeb, 0x0a, 0xeb, 0x0a, 0xeb, 0x0a, 0xeb,
    0x0a, 0xeb, 0x09, 0xeb, 0x0a, 0xeb, 0x0a, 0xeb, 0x0a, 0xeb, 0x0a, 0xeb,
    0x0a, 0xeb, 0x09, 0xeb, 0x0a, 0xeb, 0x0a, 0xeb, 0x0a, 0xeb, 0x0a, 0xeb,
    0x0a, 0xeb, 0x0a, 0xeb, 0x0a, 0xeb, 0x0a, 0xeb, 0x0a, 0xeb, 0x09, 0xeb,
    0x0a, 0xeb, 0x0a, 0xeb, 0x09, 0xeb, 0x0a, 0xeb, 0x0a, 0xeb, 0x0a, 0xeb,
    0x0a, 0xeb, 0x0a, 0xeb, 0x0a, 0xeb, 0x0a, 0xeb, 0x0a, 0xeb, 0x0a, 0xeb,
    0x0a, 0xeb, 0x0a, 0xeb, 0x0a, 0xeb, 0x0a, 0xeb, 0x0a, 0xeb, 0x0a, 0xeb,
    0x0a, 0xeb, 0x0a, 0xeb, 0x0a, 0xeb, 0x0a, 0xeb, 0x0a, 0xeb, 0x09, 0xeb,
    0x0a, 0xeb, 0x0a, 0xeb, 0x0a, 0xeb, 0x0a, 0xeb, 0x0a, 0xeb, 0x0a, 0xeb,
    0x09, 0xeb, 0x0a, 0xeb, 0x0a, 0xeb, 0x4b, 0xd3, 0x23, 0x89, 0x00, 0x08,
    0x00, 0x08, 0x00, 0x08, 0x20, 0x00, 0x00, 0x08, 0x00, 0x08, 0xff, 0xff,
    0xff, 0xff, 0xff, 0xff, 0xff, 0xff, 0xff, 0xff, 0x21, 0x08, 0x00, 0x30,
    0xa9, 0x92, 0xe9, 0xfa, 0xe9, 0xfa, 0xe9, 0xfa, 0xe9, 0xfa, 0xe9, 0xfa,
    0xe9, 0xfa, 0xe9, 0xfa, 0xe9, 0xfa, 0xe9, 0xfa, 0xe9, 0xfa, 0xe9, 0xfa,
    0xe9, 0xfa, 0xe9, 0xfa, 0xe9, 0xfa, 0xe9, 0xfa, 0xe9, 0xfa, 0xe9, 0xfa,
    0xe9, 0xfa, 0xe9, 0xfa, 0xe9, 0xfa, 0xe9, 0xfa, 0xe9, 0xfa, 0xe9, 0xfa,
    0xe9, 0xfa, 0xe9, 0xfa, 0xe9, 0xfa, 0xea, 0x9a, 0x00, 0x30, 0x00, 0x08,
    0x00, 0x08, 0x20, 0x08, 0x00, 0x08, 0x21, 0x00, 0xff, 0xff, 0xff, 0xff,
    0xff, 0xff, 0xff, 0xff, 0xff, 0xff, 0xff, 0xff, 0xff, 0xff, 0xff, 0xff,
    0xff, 0xff, 0xff, 0xff, 0xff, 0xff, 0xff, 0xff, 0xff, 0xff, 0xff, 0xff,
    0xff, 0xff, 0xff, 0xff, 0xff, 0xff, 0xff, 0xff, 0xff, 0xff, 0x00, 0x08,
    0x00, 0x00, 0xc5, 0xb9, 0x2a, 0xe3, 0xc9, 0xfa, 0xc9, 0xf2, 0xc9, 0xfa,
    0xe9, 0xfa, 0xc9, 0xf2, 0xc9, 0xfa, 0xe9, 0xfa, 0xc9, 0xfa, 0xe9, 0xfa,
    0xc9, 0xfa, 0xe9, 0xfa, 0xc9, 0xfa, 0xe9, 0xfa, 0xc9, 0xfa, 0xc9, 0xfa,
    0xe9, 0xfa, 0xc9, 0xfa, 0xc9, 0xfa, 0xc9, 0xfa, 0xc9, 0xfa, 0xc9, 0xfa,
    0xc9, 0xfa, 0xe9, 0xfa, 0xc9, 0xfa, 0xe9, 0xf2, 0x87, 0xda, 0x00, 0x08,
    0x00, 0x00, 0x20, 0x08, 0x20, 0x08, 0x00, 0x08, 0x00, 0x00, 0xff, 0xff,
    0xff, 0xff, 0xff, 0xff, 0xff, 0xff, 0xff, 0xff, 0xff, 0xff, 0xff, 0xff,
    0xff, 0xff, 0xff, 0xff, 0xff, 0xff, 0xff, 0xff, 0xff, 0xff, 0xff, 0xff,
    0xff, 0xff, 0xff, 0xff, 0xff, 0xff, 0xff, 0xff, 0xff, 0xff, 0xff, 0xff,
    0xff, 0xff, 0xff, 0xff, 0xff, 0xff, 0xff, 0xff, 0xff, 0xff, 0xff, 0xff,
    0xff, 0xff, 0xff, 0xff, 0x00, 0x08, 0x61, 0x18, 0xc9, 0xfa, 0xe9, 0xfa,
    0xe9, 0xfa, 0xc9, 0xfa, 0xe9, 0xfa, 0xe9, 0xf2, 0xc9, 0xfa, 0xe9, 0xfa,
    0xe9, 0xf2, 0xc9, 0xfa, 0xe9, 0xfa, 0xe9, 0xf2, 0xc9, 0xfa, 0xe9, 0xf2,
    0xe9, 0xfa, 0xe9, 0xfa, 0xe9, 0xf2, 0xe9, 0xfa, 0xe9, 0xfa, 0xe9, 0xf2,
    0xe9, 0xf2, 0xe9, 0xfa, 0xe9, 0xfa, 0xe9, 0xf2, 0xe9, 0xfa, 0xe9, 0xfa,
    0xc9, 0xf2, 0xe9, 0xfa, 0xe9, 0xfa, 0xe9, 0xf2, 0xc9, 0xfa, 0xe9, 0xfa,
    0xe9, 0xf2, 0xc9, 0xfa, 0xe9, 0xfa, 0xe9, 0xf2, 0xc9, 0xfa, 0xe9, 0xf2,
    0xe9, 0xfa, 0xc9, 0xf2, 0xe9, 0xf2, 0xe9, 0xfa, 0xc9, 0xf2, 0xe9, 0xf2,
    0xc9, 0xfa, 0xc9, 0xf2, 0xe9, 0xfa, 0xc9, 0xfa, 0xc9, 0xf2, 0xe9, 0xfa,
    0xc9, 0xf2, 0xc9, 0xf2, 0xe9, 0xfa, 0xc9, 0xf2, 0x8d, 0xc3, 0x20, 0x40,
    0x00, 0x08, 0x00, 0x00, 0x00, 0x08, 0x00, 0x08, 0x20, 0x00, 0xff, 0xff,
    0xff, 0xff, 0xff, 0xff, 0xff, 0xff, 0xff, 0xff, 0xff, 0xff, 0xff, 0xff,
    0xff, 0xff, 0xff, 0xff, 0xff, 0xff, 0xff, 0xff, 0xff, 0xff, 0xff, 0xff,
    0xff, 0xff, 0xff, 0xff, 0xff, 0xff, 0xff, 0xff, 0xff, 0xff, 0xff, 0xff,
    0xff, 0xff, 0xff, 0xff, 0xff, 0xff, 0xff, 0xff, 0xff, 0xff, 0xff, 0xff,
    0xff, 0xff, 0xff, 0xff, 0xff, 0xff, 0xff, 0xff, 0xff, 0xff, 0xff, 0xff,
    0xff, 0xff, 0xff, 0xff, 0xff, 0xff, 0xff, 0xff, 0xff, 0xff, 0xff, 0xff,
    0xff, 0xff, 0xff, 0xff, 0xff, 0xff, 0xff, 0xff, 0xff, 0xff, 0xff, 0xff,
    0xff, 0xff, 0xff, 0xff, 0xff, 0xff, 0xff, 0xff, 0x00, 0x08, 0x00, 0x08,
    0xe9, 0xe2, 0xe9, 0xe2, 0xe9, 0xe2, 0xe9, 0xe2, 0xe9, 0xe2, 0xe9, 0xe2,
    0xe9, 0xe2, 0xe9, 0xe2, 0xe9, 0xe2, 0xe9, 0xe2, 0xe9, 0xe2, 0xe9, 0xe2,
    0xe9, 0xe2, 0xe9, 0xe2, 0xe9, 0xe2, 0xe9, 0xe2, 0xe9, 0xe2, 0xe9, 0xe2,
    0xe9, 0xe2, 0xe9, 0xe2, 0xe9, 0xe2, 0xe9, 0xe2, 0xe9, 0xe2, 0xe9, 0xe2,
    0xe9, 0xe2, 0xe9, 0xe2, 0x2a, 0xd3, 0x84, 0xa1, 0x00, 0x08, 0x00, 0x00,
    0x00, 0x08, 0x00, 0x08, 0x20, 0x08, 0x00, 0x08, 0xff, 0xff, 0xff, 0xff,
    0xff, 0xff, 0xff, 0xff, 0xff, 0xff, 0xff, 0xff, 0xff, 0xff, 0xff, 0xff,
    0xff, 0xff, 0xff, 0xff, 0xff, 0xff, 0xff, 0xff, 0xff, 0xff, 0xff, 0xff,
    0xff, 0xff, 0xff, 0xff, 0xff, 0xff, 0xff, 0xff, 0xff, 0xff, 0xff, 0xff,
    0xff, 0xff, 0xff, 0xff, 0xff, 0xff, 0xff, 0xff, 0xff, 0xff, 0xff, 0xff,
    0xff, 0xff, 0xff, 0xff, 0xff, 0xff, 0xff, 0xff, 0xff, 0xff, 0xff, 0xff,
    0xff, 0xff, 0x21, 0x00, 0x00, 0x48, 0x6c, 0xbb, 0xe9, 0xe2, 0xe9, 0xe2,
    0xe9, 0xe2, 0xe9, 0xe2, 0xe9, 0xe2, 0xe9, 0xe2, 0xe9, 0xe2, 0xe9, 0xe2,
    0xe9, 0xe2, 0xe9, 0xe2, 0xe9, 0xe2, 0xe9, 0xe2, 0xe9, 0xe2, 0xe9, 0xe2,
    0xe9, 0xe2, 0xe9, 0xe2, 0xe9, 0xe2, 0xe9, 0xe2, 0xe9, 0xe2, 0xe9, 0xe2,
    0xe9, 0xe2, 0xe9, 0xe2, 0xe9, 0xe2, 0xe9, 0xe2, 0xe9, 0xe2, 0xe9, 0xe2,
    0xe9, 0xe2, 0xe9, 0xe2, 0xe9, 0xe2, 0xe9, 0xe2, 0xe9, 0xe2, 0xe9, 0xe2,
    0xe9, 0xe2, 0xe9, 0xe2, 0xe9, 0xe2, 0xe9, 0xe2, 0xe9, 0xe2, 0xe9, 0xe2,
    0xe9, 0xe2, 0xe9, 0xe2, 0xe9, 0xe2, 0xe9, 0xe2, 0xe9, 0xe2, 0xe9, 0xe2,
    0xe9, 0xe2, 0xe9, 0xe2, 0xe9, 0xe2, 0xe9, 0xe2, 0xe9, 0xe2, 0xe9, 0xe2,
    0xe9, 0xe2, 0xe9, 0xe2, 0xe9, 0xe2, 0xe9, 0xe2, 0xe9, 0xe2, 0xe9, 0xe2,
    0xe9, 0xe2, 0xe9, 0xe2, 0xe9, 0xe2, 0xe9, 0xe2, 0xe9, 0xe2, 0xe9, 0xe2,
    0xe9, 0xe2, 0xe9, 0xe2, 0xe9, 0xe2, 0xe9, 0xe2, 0xe9, 0xe2, 0xe9, 0xe2,
    0xe9, 0xe2, 0xe9, 0xe2, 0xe9, 0xe2, 0xe9, 0xe2, 0xe9, 0xe2, 0xe9, 0xe2,
    0xe9, 0xe2, 0xe9, 0xe2, 0xe9, 0xe2, 0xe9, 0xe2, 0xe9, 0xe2, 0xe9, 0xe2,
    0x4b, 0xd3, 0x02, 0x89, 0x00, 0x08, 0x00, 0x08, 0x00, 0x08, 0x00, 0x08,
    0x20, 0x08, 0x00, 0x08, 0xff, 0xff, 0xff, 0xff, 0xff, 0xff, 0xff, 0xff,
    0xff, 0xff, 0x20, 0x00, 0x00, 0x30, 0xaa, 0x92, 0xe9, 0xfa, 0xc9, 0xfa,
    0xc9, 0xf2, 0xc9, 0xfa, 0xc9, 0xf2, 0xc9, 0xfa, 0xc9, 0xfa, 0xc9, 0xf2,
    0xc9, 0xfa, 0xc9, 0xfa, 0xc9, 0xf2, 0xc9, 0xfa, 0xc9, 0xfa, 0xc9, 0xf2,
    0xc9, 0xfa, 0xc9, 0xf2, 0xc9, 0xfa, 0xc9, 0xf2, 0xc9, 0xfa, 0xc9, 0xf2,
    0xc9, 0xfa, 0xc9, 0xf2, 0xc9, 0xf2, 0xc9, 0xfa, 0xe9, 0xf2, 0xc9, 0xfa,
    0xea, 0x9a, 0x00, 0x30, 0x00, 0x08, 0x00, 0x08, 0x00, 0x00, 0x20, 0x08,
    0x20, 0x00, 0xff, 0xff, 0xff, 0xff, 0xff, 0xff, 0xff, 0xff, 0xff, 0xff,
    0xff, 0xff, 0xff, 0xff, 0xff, 0xff, 0xff, 0xff, 0xff, 0xff, 0xff, 0xff,
    0xff, 0xff, 0xff, 0xff, 0xff, 0xff, 0xff, 0xff, 0xff, 0xff, 0xff, 0xff,
    0xff, 0xff, 0xff, 0xff, 0x00, 0x08, 0x00, 0x08, 0xc5, 0xb9, 0x2a, 0xe3,
    0xc9, 0xf2, 0xe9, 0xfa, 0xe9, 0xfa, 0xc9, 0xf2, 0xe9, 0xfa, 0xe9, 0xfa,
    0xc9, 0xf2, 0xe9, 0xf2, 0xc9, 0xf2, 0xe9, 0xfa, 0xc9, 0xf2, 0xe9, 0xf2,
    0xc9, 0xfa, 0xe9, 0xf2, 0xe9, 0xf2, 0xc9, 0xfa, 0xe9, 0xfa, 0xe9, 0xf2,
    0xe9, 0xfa, 0xe9, 0xfa, 0xc9, 0xf2, 0xe9, 0xfa, 0xe9, 0xf2, 0xc9, 0xf2,
    0xe9, 0xf2, 0x88, 0xda, 0x00, 0x08, 0x00, 0x08, 0x00, 0x00, 0x00, 0x08,
    0x20, 0x08, 0x00, 0x08, 0xff, 0xff, 0xff, 0xff, 0xff, 0xff, 0xff, 0xff,
    0xff, 0xff, 0xff, 0xff, 0xff, 0xff, 0xff, 0xff, 0xff, 0xff, 0xff, 0xff,
    0xff, 0xff, 0xff, 0xff, 0xff, 0xff, 0xff, 0xff, 0xff, 0xff, 0xff, 0xff,
    0xff, 0xff, 0xff, 0xff, 0xff, 0xff, 0xff, 0xff, 0xff, 0xff, 0xff, 0xff,
    0xff, 0xff, 0xff, 0xff, 0xff, 0xff, 0xff, 0xff, 0xff, 0xff, 0x00, 0x08,
    0x61, 0x08, 0x65, 0x61, 0x85, 0x61, 0x65, 0x61, 0x65, 0x61, 0x85, 0x61,
    0x65, 0x61, 0x65, 0x61, 0x85, 0x61, 0x65, 0x61, 0x65, 0x61, 0x85, 0x61,
    0x65, 0x61, 0x85, 0x61, 0x65, 0x61, 0x65, 0x61, 0x65, 0x61, 0x85, 0x61,
    0x65, 0x61, 0x65, 0x61, 0x85, 0x61, 0x65, 0x61, 0x65, 0x61, 0x65, 0x61,
    0x65, 0x61, 0x85, 0x61, 0x65, 0x61, 0x85, 0x61, 0x65, 0x61, 0x85, 0x61,
    0x65, 0x61, 0x85, 0x61, 0x85, 0x61, 0x65, 0x61, 0x85, 0x61, 0x85, 0x61,
    0x65, 0x61, 0x85, 0x61, 0x65, 0x61, 0x85, 0x61, 0x65, 0x61, 0x85, 0x61,
    0x85, 0x61, 0x65, 0x61, 0x85, 0x61, 0x85, 0x61, 0x65, 0x61, 0x85, 0x61,
    0x85, 0x61, 0x65, 0x61, 0x85, 0x61, 0x65, 0x61, 0x85, 0x61, 0x85, 0x61,
    0x65, 0x61, 0xc6, 0x51, 0x00, 0x18, 0x00, 0x08, 0x00, 0x08, 0x20, 0x08,
    0x00, 0x08, 0x20, 0x00, 0xff, 0xff, 0xff, 0xff, 0xff, 0xff, 0xff, 0xff,
    0xff, 0xff, 0xff, 0xff, 0xff, 0xff, 0xff, 0xff, 0xff, 0xff, 0xff, 0xff,
    0xff, 0xff, 0xff, 0xff, 0xff, 0xff, 0xff, 0xff, 0xff, 0xff, 0xff, 0xff,
    0xff, 0xff, 0xff, 0xff, 0xff, 0xff, 0xff, 0xff, 0xff, 0xff, 0xff, 0xff,
    0xff, 0xff, 0xff, 0xff, 0xff, 0xff, 0xff, 0xff, 0xff, 0xff, 0xff, 0xff,
    0xff, 0xff, 0xff, 0xff, 0xff, 0xff, 0xff, 0xff, 0xff, 0xff, 0xff, 0xff,
    0xff, 0xff, 0xff, 0xff, 0xff, 0xff, 0xff, 0xff, 0xff, 0xff, 0xff, 0xff,
    0xff, 0xff, 0xff, 0xff, 0xff, 0xff, 0xff, 0xff, 0xff, 0xff, 0xff, 0xff,
    0xff, 0xff, 0x20, 0x00, 0x20, 0x00, 0x00, 0x10, 0x00, 0x10, 0x00, 0x10,
    0x00, 0x10, 0x00, 0x10, 0x00, 0x10, 0x00, 0x10, 0x00, 0x10, 0x00, 0x10,
    0x00, 0x10, 0x00, 0x10, 0x00, 0x10, 0x00, 0x10, 0x00, 0x10, 0x00, 0x10,
    0x00, 0x10, 0x00, 0x10, 0x00, 0x10, 0x00, 0x10, 0x00, 0x10, 0x00, 0x10,
    0x00, 0x10, 0x00, 0x10, 0x00, 0x10, 0x00, 0x10, 0x00, 0x10, 0x00, 0x10,
    0x00, 0x10, 0x00, 0x08, 0x20, 0x08, 0x00, 0x00, 0x00, 0x08, 0x00, 0x08,
    0x20, 0x00, 0xff, 0xff, 0xff, 0xff, 0xff, 0xff, 0xff, 0xff, 0xff, 0xff,
    0xff, 0xff, 0xff, 0xff, 0xff, 0xff, 0xff, 0xff, 0xff, 0xff, 0xff, 0xff,
    0xff, 0xff, 0xff, 0xff, 0xff, 0xff, 0xff, 0xff, 0xff, 0xff, 0xff, 0xff,
    0xff, 0xff, 0xff, 0xff, 0xff, 0xff, 0xff, 0xff, 0xff, 0xff, 0xff, 0xff,
    0xff, 0xff, 0xff, 0xff, 0xff, 0xff, 0xff, 0xff, 0xff, 0xff, 0xff, 0xff,
    0xff, 0xff, 0xff, 0xff, 0xff, 0xff, 0xff, 0xff, 0x20, 0x00, 0x00, 0x10,
    0x00, 0x10, 0x00, 0x10, 0x00, 0x10, 0x00, 0x10, 0x00, 0x10, 0x00, 0x10,
    0x00, 0x10, 0x00, 0x10, 0x00, 0x10, 0x00, 0x10, 0x00, 0x10, 0x00, 0x10,
    0x00, 0x10, 0x00, 0x10, 0x00, 0x10, 0x00, 0x10, 0x00, 0x10, 0x00, 0x10,
    0x00, 0x10, 0x00, 0x10, 0x00, 0x10, 0x00, 0x10, 0x00, 0x10, 0x00, 0x10,
    0x00, 0x10, 0x00, 0x10, 0x00, 0x10, 0x00, 0x10, 0x00, 0x10, 0x00, 0x10,
    0x00, 0x10, 0x00, 0x10, 0x00, 0x10, 0x00, 0x10, 0x00, 0x10, 0x00, 0x10,
    0x00, 0x10, 0x00, 0x10, 0x00, 0x10, 0x00, 0x10, 0x00, 0x10, 0x00, 0x10,
    0x00, 0x10, 0x00, 0x10, 0x00, 0x10, 0x00, 0x10, 0x00, 0x10, 0x00, 0x10,
    0x00, 0x10, 0x00, 0x10, 0x00, 0x10, 0x00, 0x10, 0x00, 0x10, 0x00, 0x10,
    0x00, 0x10, 0x00, 0x10, 0x00, 0x10, 0x00, 0x10, 0x00, 0x10, 0x00, 0x10,
    0x00, 0x10, 0x00, 0x10, 0x00, 0x10, 0x00, 0x10, 0x00, 0x10, 0x00, 0x10,
    0x00, 0x10, 0x00, 0x10, 0x00, 0x10, 0x00, 0x10, 0x00, 0x10, 0x00, 0x10,
    0x00, 0x10, 0x00, 0x10, 0x00, 0x10, 0x00, 0x10, 0x00, 0x10, 0x00, 0x10,
    0x00, 0x10, 0x00, 0x10, 0x00, 0x10, 0x00, 0x10, 0x00, 0x10, 0x00, 0x08,
    0x20, 0x08, 0x00, 0x00, 0x00, 0x08, 0x00, 0x00, 0x20, 0x08, 0xff, 0xff,
    0xff, 0xff, 0xff, 0xff, 0xff, 0xff, 0xff, 0xff, 0x20, 0x00, 0x00, 0x10,
    0x64, 0x41, 0x65, 0x61, 0x85, 0x61, 0x65, 0x61, 0x85, 0x61, 0x85, 0x61,
    0x65, 0x61, 0x85, 0x61, 0x85, 0x61, 0x65, 0x61, 0x85, 0x61, 0x85, 0x61,
    0x65, 0x61, 0x85, 0x61, 0x85, 0x61, 0x65, 0x61, 0x85, 0x61, 0x85, 0x61,
    0x85, 0x61, 0x65, 0x61, 0x85, 0x61, 0x85, 0x61, 0x85, 0x61, 0x65, 0x61,
    0x85, 0x61, 0x65, 0x61, 0x65, 0x61, 0x64, 0x41, 0x00, 0x10, 0x20, 0x08,
    0x00, 0x08, 0x00, 0x08, 0x00, 0x08, 0x20, 0x00, 0xff, 0xff, 0xff, 0xff,
    0xff, 0xff, 0xff, 0xff, 0xff, 0xff, 0xff, 0xff, 0xff, 0xff, 0xff, 0xff,
    0xff, 0xff, 0xff, 0xff, 0xff, 0xff, 0xff, 0xff, 0xff, 0xff, 0xff, 0xff,
    0xff, 0xff, 0xff, 0xff, 0xff, 0xff, 0xff, 0xff, 0xff, 0xff, 0x20, 0x00,
    0x20, 0x08, 0xe3, 0x48, 0xc5, 0x61, 0x65, 0x61, 0x85, 0x61, 0x65, 0x61,
    0x65, 0x61, 0x85, 0x61, 0x65, 0x61, 0x85, 0x61, 0x65, 0x61, 0x85, 0x61,
    0x65, 0x61, 0x85, 0x61, 0x65, 0x61, 0x85, 0x61, 0x65, 0x61, 0x65, 0x61,
    0x85, 0x61, 0x65, 0x61, 0x65, 0x61, 0x85, 0x61, 0x65, 0x61, 0x85, 0x61,
    0x65, 0x61, 0x65, 0x61, 0x85, 0x61, 0x65, 0x61, 0x24, 0x51, 0x00, 0x08,
    0x00, 0x08, 0x00, 0x00, 0x00, 0x08, 0x00, 0x08, 0x20, 0x00, 0xff, 0xff,
    0xff, 0xff, 0xff, 0xff, 0xff, 0xff, 0xff, 0xff, 0xff, 0xff, 0xff, 0xff,
    0xff, 0xff, 0xff, 0xff, 0xff, 0xff, 0xff, 0xff, 0xff, 0xff, 0xff, 0xff,
    0xff, 0xff, 0xff, 0xff, 0xff, 0xff, 0xff, 0xff, 0xff, 0xff, 0xff, 0xff,
    0xff, 0xff, 0xff, 0xff, 0xff, 0xff, 0xff, 0xff, 0xff, 0xff, 0xff, 0xff,
    0xff, 0xff, 0xff, 0xff, 0x00, 0x08, 0x00, 0x08, 0x00, 0x28, 0x00, 0x28,
    0x00, 0x20, 0x00, 0x28, 0x00, 0x28, 0x00, 0x28, 0x00, 0x28, 0x00, 0x28,
    0x00, 0x28, 0x00, 0x28, 0x00, 0x28, 0x00, 0x28, 0x00, 0x28, 0x00, 0x28,
    0x00, 0x28, 0x00, 0x28, 0x00, 0x28, 0x00, 0x28, 0x00, 0x28, 0x00, 0x28,
    0x00, 0x28, 0x00, 0x28, 0x00, 0x28, 0x00, 0x28, 0x00, 0x28, 0x00, 0x28,
    0x00, 0x28, 0x00, 0x28, 0x00, 0x28, 0x00, 0x28, 0x00, 0x28, 0x00, 0x28,
    0x00, 0x28, 0x00, 0x28, 0x00, 0x28, 0x00, 0x28, 0x00, 0x28, 0x00, 0x28,
    0x00, 0x28, 0x00, 0x28, 0x00, 0x28, 0x00, 0x28, 0x00, 0x28, 0x00, 0x28,
    0x00, 0x28, 0x00, 0x28, 0x00, 0x28, 0x00, 0x28, 0x00, 0x28, 0x00, 0x28,
    0x00, 0x28, 0x00, 0x28, 0x00, 0x28, 0x00, 0x28, 0x00, 0x18, 0x00, 0x18,
    0x00, 0x00, 0x00, 0x08, 0x20, 0x08, 0x00, 0x08, 0x21, 0x00, 0xff, 0xff,
    0xff, 0xff, 0xff, 0xff, 0xff, 0xff, 0xff, 0xff, 0xff, 0xff, 0xff, 0xff,
    0xff, 0xff, 0xff, 0xff, 0xff, 0xff, 0xff, 0xff, 0xff, 0xff, 0xff, 0xff,
    0xff, 0xff, 0xff, 0xff, 0xff, 0xff, 0xff, 0xff, 0xff, 0xff, 0xff, 0xff,
    0xff, 0xff, 0xff, 0xff, 0xff, 0xff, 0xff, 0xff, 0xff, 0xff, 0xff, 0xff,
    0xff, 0xff, 0xff, 0xff, 0xff, 0xff, 0xff, 0xff, 0xff, 0xff, 0xff, 0xff,
    0xff, 0xff, 0xff, 0xff, 0xff, 0xff, 0xff, 0xff, 0xff, 0xff, 0xff, 0xff,
    0xff, 0xff, 0xff, 0xff, 0xff, 0xff, 0xff, 0xff, 0xff, 0xff, 0xff, 0xff,
    0xff, 0xff, 0xff, 0xff, 0xff, 0xff, 0xff, 0xff, 0xff, 0xff, 0x20, 0x08,
    0x00, 0x10, 0x00, 0x10, 0x00, 0x10, 0x00, 0x10, 0x00, 0x10, 0x00, 0x10,
    0x00, 0x10, 0x00, 0x10, 0x00, 0x10, 0x00, 0x10, 0x00, 0x10, 0x00, 0x10,
    0x00, 0x10, 0x00, 0x10, 0x00, 0x10, 0x00, 0x10, 0x00, 0x10, 0x00, 0x10,
    0x00, 0x18, 0x00, 0x10, 0x00, 0x10, 0x00, 0x10, 0x00, 0x18, 0x00, 0x10,
    0x00, 0x10, 0x00, 0x18, 0x00, 0x18, 0x00, 0x10, 0x00, 0x08, 0x00, 0x08,
    0x20, 0x08, 0x00, 0x08, 0x00, 0x00, 0x00, 0x08, 0xff, 0xff, 0xff, 0xff,
    0xff, 0xff, 0xff, 0xff, 0xff, 0xff, 0xff, 0xff, 0xff, 0xff, 0xff, 0xff,
    0xff, 0xff, 0xff, 0xff, 0xff, 0xff, 0xff, 0xff, 0xff, 0xff, 0xff, 0xff,
    0xff, 0xff, 0xff, 0xff, 0xff, 0xff, 0xff, 0xff, 0xff, 0xff, 0xff, 0xff,
    0xff, 0xff, 0xff, 0xff, 0xff, 0xff, 0xff, 0xff, 0xff, 0xff, 0xff, 0xff,
    0xff, 0xff, 0xff, 0xff, 0xff, 0xff, 0xff, 0xff, 0xff, 0xff, 0xff, 0xff,
    0xff, 0xff, 0xff, 0xff, 0x00, 0x10, 0x00, 0x10, 0x00, 0x10, 0x00, 0x10,
    0x00, 0x10, 0x00, 0x18, 0x00, 0x10, 0x00, 0x10, 0x00, 0x18, 0x00, 0x10,
    0x00, 0x10, 0x00, 0x18, 0x00, 0x10, 0x00, 0x10, 0x00, 0x18, 0x00, 0x10,
    0x00, 0x10, 0x00, 0x18, 0x00, 0x10, 0x00, 0x10, 0x00, 0x18, 0x00, 0x10,
    0x00, 0x10, 0x00, 0x18, 0x00, 0x10, 0x00, 0x10, 0x00, 0x18, 0x00, 0x10,
    0x00, 0x10, 0x00, 0x18, 0x00, 0x10, 0x00, 0x10, 0x00, 0x18, 0x00, 0x10,
    0x00, 0x18, 0x00, 0x10, 0x00, 0x18, 0x00, 0x10, 0x00, 0x18, 0x00, 0x10,
    0x00, 0x18, 0x00, 0x10, 0x00, 0x18, 0x00, 0x10, 0x00, 0x18, 0x00, 0x10,
    0x00, 0x18, 0x00, 0x10, 0x00, 0x18, 0x00, 0x10, 0x00, 0x18, 0x00, 0x18,
    0x00, 0x10, 0x00, 0x18, 0x00, 0x10, 0x00, 0x18, 0x00, 0x18, 0x00, 0x10,
    0x00, 0x18, 0x00, 0x10, 0x00, 0x18, 0x00, 0x18, 0x00, 0x10, 0x00, 0x18,
    0x00, 0x10, 0x00, 0x18, 0x00, 0x18, 0x00, 0x10, 0x00, 0x18, 0x00, 0x10,
    0x00, 0x18, 0x00, 0x10, 0x00, 0x18, 0x00, 0x10, 0x00, 0x10, 0x00, 0x18,
    0x00, 0x10, 0x00, 0x10, 0x00, 0x18, 0x00, 0x10, 0x00, 0x10, 0x00, 0x18,
    0x00, 0x10, 0x00, 0x10, 0x00, 0x08, 0x00, 0x00, 0x20, 0x08, 0x00, 0x08,
    0x00, 0x08, 0x00, 0x00, 0xff, 0xff, 0xff, 0xff, 0xff, 0xff, 0xff, 0xff,
    0xff, 0xff, 0xff, 0xff, 0x00, 0x10, 0x00, 0x10, 0x00, 0x28, 0x00, 0x28,
    0x00, 0x28, 0x00, 0x28, 0x00, 0x28, 0x00, 0x28, 0x00, 0x28, 0x00, 0x28,
    0x00, 0x28, 0x00, 0x20, 0x00, 0x28, 0x00, 0x28, 0x00, 0x28, 0x00, 0x28,
    0x00, 0x28, 0x00, 0x28, 0x00, 0x28, 0x00, 0x28, 0x00, 0x28, 0x00, 0x28,
    0x00, 0x28, 0x00, 0x28, 0x00, 0x28, 0x00, 0x28, 0x00, 0x28, 0x00, 0x28,
    0x00, 0x10, 0x00, 0x10, 0x00, 0x08, 0x20, 0x08, 0x00, 0x08, 0x00, 0x08,
    0x20, 0x00, 0xff, 0xff, 0xff, 0xff, 0xff, 0xff, 0xff, 0xff, 0xff, 0xff,
    0xff, 0xff, 0xff, 0xff, 0xff, 0xff, 0xff, 0xff, 0xff, 0xff, 0xff, 0xff,
    0xff, 0xff, 0xff, 0xff, 0xff, 0xff, 0xff, 0xff, 0xff, 0xff, 0xff, 0xff,
    0xff, 0xff, 0xff, 0xff, 0xff, 0xff, 0x20, 0x00, 0x00, 0x28, 0x00, 0x28,
    0x00, 0x28, 0x00, 0x28, 0x00, 0x28, 0x00, 0x28, 0x00, 0x28, 0x00, 0x28,
    0x00, 0x28, 0x00, 0x28, 0x00, 0x28, 0x00, 0x28, 0x00, 0x28, 0x00, 0x28,
    0x00, 0x28, 0x00, 0x28, 0x00, 0x28, 0x00, 0x28, 0x00, 0x28, 0x00, 0x28,
    0x00, 0x28, 0x00, 0x28, 0x00, 0x28, 0x00, 0x28, 0x00, 0x28, 0x00, 0x28,
    0x00, 0x28, 0x00, 0x20, 0x00, 0x08, 0x20, 0x08, 0x20, 0x08, 0x00, 0x08,
    0x00, 0x08, 0x00, 0x08, 0xff, 0xff, 0xff, 0xff, 0xff, 0xff, 0xff, 0xff,
    0xff, 0xff, 0xff, 0xff, 0xff, 0xff, 0xff, 0xff, 0xff, 0xff, 0xff, 0xff,
    0xff, 0xff, 0xff, 0xff, 0xff, 0xff, 0xff, 0xff, 0xff, 0xff, 0xff, 0xff,
    0xff, 0xff, 0xff, 0xff, 0xff, 0xff, 0xff, 0xff, 0xff, 0xff, 0xff, 0xff,
    0xff, 0xff, 0xff, 0xff, 0xff, 0xff, 0xff, 0xff, 0xff, 0xff, 0xff, 0xff,
    0x20, 0x00, 0x00, 0x08, 0x00, 0x08, 0x00, 0x08, 0x00, 0x08, 0x00, 0x08,
    0x00, 0x08, 0x00, 0x08, 0x00, 0x08, 0x00, 0x08, 0x00, 0x08, 0x00, 0x08,
    0x00, 0x08, 0x00, 0x00, 0x00, 0x08, 0x00, 0x08, 0x00, 0x08, 0x00, 0x00,
    0x00, 0x08, 0x00, 0x08, 0x00, 0x08, 0x00, 0x08, 0x00, 0x00, 0x00, 0x08,
    0x00, 0x08, 0x00, 0x00, 0x00, 0x08, 0x00, 0x08, 0x00, 0x00, 0x00, 0x08,
    0x00, 0x08, 0x00, 0x00, 0x00, 0x08, 0x00, 0x08, 0x00, 0x00, 0x00, 0x08,
    0x00, 0x08, 0x00, 0x08, 0x00, 0x08, 0x00, 0x08, 0x00, 0x08, 0x00, 0x08,
    0x00, 0x08, 0x00, 0x08, 0x00, 0x08, 0x00, 0x08, 0x00, 0x08, 0x00, 0x08,
    0x00, 0x08, 0x00, 0x08, 0x00, 0x08, 0x00, 0x08, 0x00, 0x08, 0x00, 0x08,
    0x00, 0x08, 0x00, 0x08, 0x00, 0x08, 0x20, 0x08, 0x00, 0x00, 0x00, 0x08,
    0x00, 0x08, 0x20, 0x00, 0xff, 0xff, 0xff, 0xff, 0xff, 0xff, 0xff, 0xff,
    0xff, 0xff, 0xff, 0xff, 0xff, 0xff, 0xff, 0xff, 0xff, 0xff, 0xff, 0xff,
    0xff, 0xff, 0xff, 0xff, 0xff, 0xff, 0xff, 0xff, 0xff, 0xff, 0xff, 0xff,
    0xff, 0xff, 0xff, 0xff, 0xff, 0xff, 0xff, 0xff, 0xff, 0xff, 0xff, 0xff,
    0xff, 0xff, 0xff, 0xff, 0xff, 0xff, 0xff, 0xff, 0xff, 0xff, 0xff, 0xff,
    0xff, 0xff, 0xff, 0xff, 0xff, 0xff, 0xff, 0xff, 0xff, 0xff, 0xff, 0xff,
    0xff, 0xff, 0xff, 0xff, 0xff, 0xff, 0xff, 0xff, 0xff, 0xff, 0xff, 0xff,
    0xff, 0xff, 0xff, 0xff, 0xff, 0xff, 0xff, 0xff, 0xff, 0xff, 0xff, 0xff,
    0xff, 0xff, 0xff, 0xff, 0xff, 0xff, 0x20, 0x08, 0x20, 0x08, 0x00, 0x08,
    0x00, 0x08, 0x00, 0x08, 0x00, 0x08, 0x00, 0x08, 0x00, 0x08, 0x00, 0x08,
    0x00, 0x08, 0x00, 0x08, 0x00, 0x08, 0x00, 0x08, 0x00, 0x08, 0x00, 0x08,
    0x00, 0x08, 0x00, 0x08, 0x00, 0x08, 0x00, 0x08, 0x00, 0x08, 0x00, 0x08,
    0x00, 0x08, 0x00, 0x08, 0x00, 0x08, 0x00, 0x08, 0x00, 0x08, 0x00, 0x08,
    0x00, 0x08, 0x00, 0x08, 0x00, 0x08, 0x20, 0x08, 0x00, 0x00, 0x00, 0x08,
    0x20, 0x08, 0xff, 0xff, 0xff, 0xff, 0xff, 0xff, 0xff, 0xff, 0xff, 0xff,
    0xff, 0xff, 0xff, 0xff, 0xff, 0xff, 0xff, 0xff, 0xff, 0xff, 0xff, 0xff,
    0xff, 0xff, 0xff, 0xff, 0xff, 0xff, 0xff, 0xff, 0xff, 0xff, 0xff, 0xff,
    0xff, 0xff, 0xff, 0xff, 0xff, 0xff, 0xff, 0xff, 0xff, 0xff, 0xff, 0xff,
    0xff, 0xff, 0xff, 0xff, 0xff, 0xff, 0xff, 0xff, 0xff, 0xff, 0xff, 0xff,
    0xff, 0xff, 0xff, 0xff, 0xff, 0xff, 0xff, 0xff, 0xff, 0xff, 0xff, 0xff,
    0x20, 0x00, 0x00, 0x08, 0x00, 0x08, 0x00, 0x08, 0x00, 0x08, 0x00, 0x08,
    0x00, 0x08, 0x00, 0x08, 0x00, 0x08, 0x00, 0x08, 0x00, 0x08, 0x00, 0x08,
    0x00, 0x08, 0x00, 0x08, 0x00, 0x08, 0x00, 0x08, 0x00, 0x08, 0x00, 0x08,
    0x00, 0x08, 0x00, 0x08, 0x00, 0x08, 0x00, 0x08, 0x00, 0x08, 0x00, 0x08,
    0x00, 0x08, 0x00, 0x08, 0x00, 0x08, 0x00, 0x08, 0x00, 0x08, 0x00, 0x08,
    0x00, 0x08, 0x00, 0x08, 0x00, 0x08, 0x00, 0x08, 0x00, 0x08, 0x00, 0x08,
    0x00, 0x08, 0x00, 0x08, 0x00, 0x08, 0x00, 0x08, 0x00, 0x08, 0x00, 0x08,
    0x00, 0x08, 0x00, 0x08, 0x00, 0x08, 0x00, 0x08, 0x00, 0x08, 0x00, 0x08,
    0x00, 0x08, 0x00, 0x08, 0x00, 0x08, 0x00, 0x08, 0x00, 0x08, 0x00, 0x08,
    0x00, 0x08, 0x00, 0x08, 0x00, 0x08, 0x00, 0x08, 0x00, 0x08, 0x00, 0x08,
    0x00, 0x08, 0x00, 0x08, 0x00, 0x08, 0x00, 0x08, 0x00, 0x08, 0x00, 0x08,
    0x00, 0x08, 0x00, 0x08, 0x00, 0x08, 0x00, 0x08, 0x00, 0x08, 0x00, 0x08,
    0x00, 0x08, 0x00, 0x08, 0x00, 0x08, 0x00, 0x08, 0x00, 0x08, 0x00, 0x08,
    0x00, 0x08, 0x00, 0x08, 0x00, 0x08, 0x00, 0x08, 0x00, 0x08, 0x00, 0x08,
    0x00, 0x08, 0x00, 0x08, 0x20, 0x08, 0x00, 0x08, 0x00, 0x08, 0xff, 0xff,
    0xff, 0xff, 0xff, 0xff, 0xff, 0xff, 0xff, 0xff, 0xff, 0xff, 0xff, 0xff,
    0x21, 0x08, 0x00, 0x08, 0x00, 0x08, 0x00, 0x08, 0x00, 0x00, 0x00, 0x08,
    0x00, 0x08, 0x00, 0x00, 0x00, 0x08, 0x00, 0x08, 0x00, 0x08, 0x00, 0x08,
    0x00, 0x08, 0x00, 0x00, 0x00, 0x08, 0x00, 0x08, 0x00, 0x08, 0x00, 0x08,
    0x00, 0x08, 0x00, 0x08, 0x00, 0x08, 0x00, 0x08, 0x00, 0x08, 0x00, 0x08,
    0x00, 0x08, 0x00, 0x08, 0x20, 0x08, 0x00, 0x08, 0x00, 0x08, 0x00, 0x08,
    0x00, 0x00, 0x20, 0x08, 0x00, 0x08, 0x21, 0x00, 0xff, 0xff, 0xff, 0xff,
    0xff, 0xff, 0xff, 0xff, 0xff, 0xff, 0xff, 0xff, 0xff, 0xff, 0xff, 0xff,
    0xff, 0xff, 0xff, 0xff, 0xff, 0xff, 0xff, 0xff, 0xff, 0xff, 0xff, 0xff,
    0xff, 0xff, 0xff, 0xff, 0xff, 0xff, 0xff, 0xff, 0xff, 0xff, 0xff, 0xff,
    0xff, 0xff, 0x20, 0x00, 0x20, 0x08, 0x00, 0x08, 0x00, 0x00, 0x00, 0x08,
    0x00, 0x08, 0x00, 0x08, 0x00, 0x08, 0x00, 0x08, 0x00, 0x08, 0x00, 0x08,
    0x00, 0x08, 0x00, 0x08, 0x00, 0x08, 0x00, 0x08, 0x00, 0x08, 0x00, 0x08,
    0x00, 0x08, 0x00, 0x00, 0x00, 0x08, 0x00, 0x08, 0x00, 0x00, 0x00, 0x08,
    0x00, 0x08, 0x00, 0x08, 0x00, 0x08, 0x00, 0x08, 0x00, 0x08, 0x00, 0x00,
    0x00, 0x08, 0x00, 0x08, 0x20, 0x00, 0x00, 0x08, 0x00, 0x08, 0xff, 0xff,
    0xff, 0xff, 0xff, 0xff, 0xff, 0xff, 0xff, 0xff, 0xff, 0xff, 0xff, 0xff,
    0xff, 0xff, 0xff, 0xff, 0xff, 0xff, 0xff, 0xff, 0xff, 0xff, 0xff, 0xff,
    0xff, 0xff, 0xff, 0xff, 0xff, 0xff, 0xff, 0xff, 0xff, 0xff, 0xff, 0xff,
    0xff, 0xff, 0xff, 0xff, 0xff, 0xff, 0xff, 0xff, 0xff, 0xff, 0xff, 0xff,
    0xff, 0xff, 0xff, 0xff, 0xff, 0xff, 0xff, 0xff, 0x00, 0x08, 0x00, 0x08,
    0x20, 0x00, 0x00, 0x08, 0x00, 0x00, 0x20, 0x00, 0x00, 0x08, 0x00, 0x00,
    0x20, 0x00, 0x00, 0x08, 0x00, 0x00, 0x20, 0x08, 0x00, 0x08, 0x00, 0x00,
    0x20, 0x08, 0x00, 0x08, 0x00, 0x00, 0x20, 0x08, 0x00, 0x00, 0x00, 0x08,
    0x20, 0x08, 0x00, 0x00, 0x00, 0x08, 0x20, 0x08, 0x00, 0x00, 0x00, 0x08,
    0x00, 0x08, 0x00, 0x00, 0x00, 0x08, 0x00, 0x08, 0x00, 0x00, 0x00, 0x08,
    0x00, 0x08, 0x00, 0x00, 0x00, 0x08, 0x00, 0x00, 0x00, 0x00, 0x00, 0x08,
    0x00, 0x00, 0x00, 0x00, 0x00, 0x08, 0x00, 0x00, 0x00, 0x08, 0x00, 0x00,
    0x00, 0x00, 0x00, 0x08, 0x00, 0x00, 0x00, 0x00, 0x20, 0x08, 0x00, 0x00,
    0x00, 0x00, 0x00, 0x08, 0x20, 0x00, 0x00, 0x00, 0x00, 0x08, 0x00, 0x08,
    0x00, 0x08, 0x20, 0x00, 0x00, 0x08, 0x00, 0x08, 0x20, 0x00, 0xff, 0xff,
    0xff, 0xff, 0xff, 0xff, 0xff, 0xff, 0xff, 0xff, 0xff, 0xff, 0xff, 0xff,
    0xff, 0xff, 0xff, 0xff, 0xff, 0xff, 0xff, 0xff, 0xff, 0xff, 0xff, 0xff,
    0xff, 0xff, 0xff, 0xff, 0xff, 0xff, 0xff, 0xff, 0xff, 0xff, 0xff, 0xff,
    0xff, 0xff, 0xff, 0xff, 0xff, 0xff, 0xff, 0xff, 0xff, 0xff, 0xff, 0xff,
    0xff, 0xff, 0xff, 0xff, 0xff, 0xff, 0xff, 0xff, 0xff, 0xff, 0xff, 0xff,
    0xff, 0xff, 0xff, 0xff, 0xff, 0xff, 0xff, 0xff, 0xff, 0xff, 0xff, 0xff,
    0xff, 0xff, 0xff, 0xff, 0xff, 0xff, 0xff, 0xff, 0xff, 0xff, 0xff, 0xff,
    0xff, 0xff, 0xff, 0xff, 0xff, 0xff, 0xff, 0xff, 0xff, 0xff, 0xff, 0xff,
    0xff, 0xff, 0x20, 0x08, 0x00, 0x08, 0x00, 0x08, 0x00, 0x08, 0x00, 0x08,
    0x00, 0x08, 0x00, 0x08, 0x00, 0x08, 0x00, 0x08, 0x00, 0x08, 0x00, 0x08,
    0x00, 0x08, 0x00, 0x08, 0x00, 0x08, 0x00, 0x08, 0x00, 0x08, 0x00, 0x08,
    0x00, 0x08, 0x00, 0x08, 0x00, 0x08, 0x00, 0x08, 0x00, 0x08, 0x00, 0x08,
    0x00, 0x08, 0x00, 0x08, 0x20, 0x00, 0x00, 0x08, 0x00, 0x08, 0x20, 0x00,
    0x00, 0x08, 0x00, 0x08, 0x00, 0x08, 0x00, 0x08, 0xff, 0xff, 0xff, 0xff,
    0xff, 0xff, 0xff, 0xff, 0xff, 0xff, 0xff, 0xff, 0xff, 0xff, 0xff, 0xff,
    0xff, 0xff, 0xff, 0xff, 0xff, 0xff, 0xff, 0xff, 0xff, 0xff, 0xff, 0xff,
    0xff, 0xff, 0xff, 0xff, 0xff, 0xff, 0xff, 0xff, 0xff, 0xff, 0xff, 0xff,
    0xff, 0xff, 0xff, 0xff, 0xff, 0xff, 0xff, 0xff, 0xff, 0xff, 0xff, 0xff,
    0xff, 0xff, 0xff, 0xff, 0xff, 0xff, 0xff, 0xff, 0xff, 0xff, 0xff, 0xff,
    0xff, 0xff, 0xff, 0xff, 0xff, 0xff, 0xff, 0xff, 0x00, 0x08, 0x00, 0x08,
    0x00, 0x08, 0x00, 0x08, 0x00, 0x08, 0x00, 0x08, 0x00, 0x08, 0x00, 0x08,
    0x00, 0x08, 0x00, 0x08, 0x00, 0x08, 0x00, 0x08, 0x00, 0x08, 0x00, 0x08,
    0x00, 0x08, 0x00, 0x08, 0x00, 0x08, 0x00, 0x08, 0x00, 0x08, 0x00, 0x08,
    0x00, 0x08, 0x00, 0x08, 0x00, 0x08, 0x00, 0x08, 0x00, 0x08, 0x00, 0x08,
    0x00, 0x08, 0x00, 0x08, 0x00, 0x08, 0x00, 0x08, 0x00, 0x08, 0x00, 0x08,
    0x00, 0x08, 0x00, 0x08, 0x00, 0x08, 0x00, 0x08, 0x00, 0x08, 0x00, 0x08,
    0x00, 0x08, 0x00, 0x08, 0x00, 0x08, 0x00, 0x08, 0x00, 0x08, 0x00, 0x08,
    0x00, 0x08, 0x00, 0x08, 0x00, 0x08, 0x00, 0x08, 0x00, 0x00, 0x00, 0x08,
    0x00, 0x08, 0x00, 0x08, 0x00, 0x08, 0x00, 0x00, 0x00, 0x08, 0x00, 0x08,
    0x00, 0x08, 0x00, 0x08, 0x00, 0x00, 0x00, 0x08, 0x00, 0x08, 0x00, 0x08,
    0x00, 0x08, 0x00, 0x00, 0x00, 0x08, 0x00, 0x08, 0x00, 0x08, 0x00, 0x08,
    0x00, 0x08, 0x00, 0x08, 0x00, 0x08, 0x00, 0x08, 0x00, 0x08, 0x00, 0x08,
    0x00, 0x08, 0x00, 0x08, 0x00, 0x08, 0x00, 0x08, 0x00, 0x08, 0x00, 0x08,
    0x00, 0x00, 0x00, 0x08, 0x20, 0x00, 0x00, 0x08, 0x00, 0x00, 0x00, 0x00,
    0x20, 0x08, 0x00, 0x08, 0xff, 0xff, 0xff, 0xff, 0xff, 0xff, 0xff, 0xff,
    0xff, 0xff, 0xff, 0xff, 0xff, 0xff, 0xff, 0xff, 0x00, 0x08, 0x20, 0x00,
    0x00, 0x08, 0x00, 0x08, 0x20, 0x00, 0x00, 0x08, 0x00, 0x08, 0x20, 0x00,
    0x00, 0x08, 0x00, 0x08, 0x20, 0x00, 0x00, 0x08, 0x00, 0x08, 0x20, 0x00,
    0x00, 0x08, 0x00, 0x00, 0x20, 0x00, 0x00, 0x08, 0x00, 0x00, 0x20, 0x00,
    0x00, 0x08, 0x00, 0x00, 0x20, 0x00, 0x00, 0x08, 0x00, 0x00, 0x00, 0x08,
    0x20, 0x08, 0x00, 0x08, 0x00, 0x00, 0x00, 0x08, 0x00, 0x08, 0x20, 0x08,
    0x20, 0x00, 0xff, 0xff, 0xff, 0xff, 0xff, 0xff, 0xff, 0xff, 0xff, 0xff,
    0xff, 0xff, 0xff, 0xff, 0xff, 0xff, 0xff, 0xff, 0xff, 0xff, 0xff, 0xff,
    0xff, 0xff, 0xff, 0xff, 0xff, 0xff, 0xff, 0xff, 0xff, 0xff, 0xff, 0xff,
    0xff, 0xff, 0xff, 0xff, 0xff, 0xff, 0xff, 0xff, 0xff, 0xff, 0x20, 0x00,
    0x00, 0x08, 0x00, 0x08, 0x20, 0x00, 0x00, 0x00, 0x00, 0x08, 0x20, 0x00,
    0x00, 0x00, 0x00, 0x08, 0x20, 0x00, 0x00, 0x00, 0x00, 0x08, 0x20, 0x00,
    0x00, 0x00, 0x00, 0x08, 0x20, 0x00, 0x00, 0x08, 0x00, 0x08, 0x20, 0x00,
    0x00, 0x08, 0x00, 0x08, 0x20, 0x00, 0x00, 0x08, 0x00, 0x00, 0x20, 0x08,
    0x00, 0x08, 0x20, 0x08, 0x00, 0x08, 0x00, 0x00, 0x00, 0x08, 0x00, 0x08,
    0x20, 0x00, 0x00, 0x08, 0xff, 0xff, 0xff, 0xff, 0xff, 0xff, 0xff, 0xff,
    0xff, 0xff, 0xff, 0xff, 0xff, 0xff, 0xff, 0xff, 0xff, 0xff, 0xff, 0xff,
    0xff, 0xff, 0xff, 0xff, 0xff, 0xff, 0xff, 0xff, 0xff, 0xff, 0xff, 0xff,
    0xff, 0xff, 0xff, 0xff, 0xff, 0xff, 0xff, 0xff, 0xff, 0xff, 0xff, 0xff,
    0xff, 0xff, 0xff, 0xff, 0xff, 0xff, 0xff, 0xff, 0xff, 0xff, 0xff, 0xff,
    0xff, 0xff, 0xff, 0xff, 0x20, 0x00, 0x00, 0x08, 0x20, 0x08, 0x00, 0x08,
    0x00, 0x08, 0x20, 0x08, 0x00, 0x08, 0x00, 0x08, 0x20, 0x08, 0x00, 0x00,
    0x00, 0x08, 0x20, 0x08, 0x00, 0x08, 0x00, 0x08, 0x20, 0x00, 0x00, 0x08,
    0x00, 0x08, 0x00, 0x08, 0x20, 0x00, 0x00, 0x08, 0x00, 0x08, 0x20, 0x08,
    0x00, 0x08, 0x00, 0x08, 0x20, 0x08, 0x20, 0x08, 0x00, 0x08, 0x20, 0x08,
    0x20, 0x08, 0x00, 0x08, 0x20, 0x08, 0x00, 0x08, 0x20, 0x08, 0x00, 0x08,
    0x20, 0x08, 0x20, 0x08, 0x00, 0x08, 0x20, 0x08, 0x20, 0x08, 0x00, 0x08,
    0x20, 0x08, 0x20, 0x08, 0x00, 0x08, 0x20, 0x08, 0x20, 0x08, 0x00, 0x08,
    0x00, 0x08, 0x20, 0x08, 0x00, 0x08, 0x00, 0x08, 0x20, 0x08, 0x00, 0x08,
    0x00, 0x08, 0x20, 0x00, 0x00, 0x08, 0x00, 0x08, 0x00, 0x08, 0x20, 0x08,
    0x00, 0x08, 0x21, 0x00, 0xff, 0xff, 0xff, 0xff, 0xff, 0xff, 0xff, 0xff,
    0xff, 0xff, 0xff, 0xff, 0xff, 0xff, 0xff, 0xff, 0xff, 0xff, 0xff, 0xff,
    0xff, 0xff, 0xff, 0xff, 0xff, 0xff, 0xff, 0xff, 0xff, 0xff, 0xff, 0xff,
    0xff, 0xff, 0xff, 0xff, 0xff, 0xff, 0xff, 0xff, 0xff, 0xff, 0xff, 0xff,
    0xff, 0xff, 0xff, 0xff, 0xff, 0xff, 0xff, 0xff, 0xff, 0xff, 0xff, 0xff,
    0xff, 0xff, 0xff, 0xff, 0xff, 0xff, 0xff, 0xff, 0xff, 0xff, 0xff, 0xff,
    0xff, 0xff, 0xff, 0xff, 0xff, 0xff, 0xff, 0xff, 0xff, 0xff, 0xff, 0xff,
    0xff, 0xff, 0xff, 0xff, 0xff, 0xff, 0xff, 0xff, 0xff, 0xff, 0xff, 0xff,
    0xff, 0xff, 0xff, 0xff, 0xff, 0xff, 0xff, 0xff, 0xff, 0xff, 0x20, 0x00,
    0x20, 0x08, 0x00, 0x08, 0x20, 0x08, 0x00, 0x08, 0x00, 0x08, 0x20, 0x08,
    0x00, 0x08, 0x00, 0x08, 0x00, 0x08, 0x00, 0x08, 0x20, 0x08, 0x00, 0x08,
    0x00, 0x08, 0x20, 0x08, 0x00, 0x00, 0x00, 0x08, 0x20, 0x08, 0x00, 0x00,
    0x20, 0x08, 0x00, 0x08, 0x20, 0x00, 0x00, 0x08, 0x00, 0x08, 0x20, 0x00,
    0x00, 0x08, 0x00, 0x08, 0x00, 0x00, 0x00, 0x08, 0x20, 0x08, 0x20, 0x00,
    0x20, 0x00, 0xff, 0xff, 0xff, 0xff, 0xff, 0xff, 0xff, 0xff, 0xff, 0xff,
    0xff, 0xff, 0xff, 0xff, 0xff, 0xff, 0xff, 0xff, 0xff, 0xff, 0xff, 0xff,
    0xff, 0xff, 0xff, 0xff, 0xff, 0xff, 0xff, 0xff, 0xff, 0xff, 0xff, 0xff,
    0xff, 0xff, 0xff, 0xff, 0xff, 0xff, 0xff, 0xff, 0xff, 0xff, 0xff, 0xff,
    0xff, 0xff, 0xff, 0xff, 0xff, 0xff, 0xff, 0xff, 0xff, 0xff, 0xff, 0xff,
    0xff, 0xff, 0xff, 0xff, 0xff, 0xff, 0xff, 0xff, 0xff, 0xff, 0xff, 0xff,
    0xff, 0xff, 0xff, 0xff, 0x21, 0x00, 0x20, 0x08, 0x20, 0x08, 0x00, 0x00,
    0x20, 0x08, 0x20, 0x08, 0x00, 0x00, 0x20, 0x08, 0x20, 0x08, 0x00, 0x00,
    0x20, 0x08, 0x20, 0x08, 0x00, 0x00, 0x20, 0x08, 0x20, 0x08, 0x00, 0x00,
    0x20, 0x08, 0x20, 0x08, 0x00, 0x00, 0x20, 0x08, 0x20, 0x00, 0x00, 0x08,
    0x20, 0x08, 0x20, 0x00, 0x00, 0x08, 0x20, 0x08, 0x00, 0x00, 0x20, 0x08,
    0x00, 0x08, 0x20, 0x00, 0x00, 0x08, 0x00, 0x00, 0x20, 0x08, 0x00, 0x00,
    0x00, 0x08, 0x20, 0x00, 0x00, 0x00, 0x00, 0x08, 0x20, 0x00, 0x00, 0x08,
    0x00, 0x00, 0x20, 0x00, 0x00, 0x08, 0x00, 0x00, 0x20, 0x00, 0x00, 0x08,
    0x00, 0x08, 0x20, 0x00, 0x00, 0x08, 0x00, 0x08, 0x20, 0x00, 0x00, 0x08,
    0x00, 0x08, 0x20, 0x00, 0x00, 0x08, 0x00, 0x08, 0x20, 0x00, 0x00, 0x08,
    0x00, 0x08, 0x20, 0x00, 0x00, 0x08, 0x00, 0x08, 0x20, 0x00, 0x00, 0x08,
    0x00, 0x08, 0x20, 0x00, 0x00, 0x00, 0x00, 0x08, 0x20, 0x00, 0x00, 0x08,
    0x00, 0x00, 0x20, 0x08, 0x00, 0x08, 0x00, 0x00, 0x00, 0x08, 0x00, 0x08,
    0x20, 0x00, 0x00, 0x08, 0x00, 0x08, 0x20, 0x08, 0x00, 0x00, 0x00, 0x08,
    0x20, 0x08, 0x00, 0x08, 0x00, 0x08, 0x20, 0x00, 0xff, 0xff, 0xff, 0xff,
    0xff, 0xff, 0xff, 0xff, 0xff, 0xff, 0xff, 0xff, 0xff, 0xff, 0xff, 0xff,
    0xff, 0xff, 0xff, 0xff, 0x20, 0x00, 0x00, 0x08, 0x00, 0x08, 0x20, 0x08,
    0x00, 0x08, 0x00, 0x08, 0x20, 0x08, 0x00, 0x00, 0x00, 0x08, 0x20, 0x08,
    0x00, 0x08, 0x00, 0x08, 0x20, 0x08, 0x00, 0x08, 0x00, 0x08, 0x00, 0x08,
    0x00, 0x08, 0x00, 0x08, 0x20, 0x08, 0x00, 0x08, 0x00, 0x08, 0x00, 0x08,
    0x20, 0x08, 0x00, 0x08, 0x00, 0x00, 0x00, 0x08, 0x20, 0x08, 0x00, 0x08,
    0x00, 0x00, 0x20, 0x08, 0x00, 0x08, 0x20, 0x00, 0xff, 0xff, 0xff, 0xff,
    0xff, 0xff, 0xff, 0xff, 0xff, 0xff, 0xff, 0xff, 0xff, 0xff, 0xff, 0xff,
    0xff, 0xff, 0xff, 0xff, 0xff, 0xff, 0xff, 0xff, 0xff, 0xff, 0xff, 0xff,
    0xff, 0xff, 0xff, 0xff, 0xff, 0xff, 0xff, 0xff, 0xff, 0xff, 0xff, 0xff,
    0xff, 0xff, 0xff, 0xff, 0xff, 0xff, 0x20, 0x08, 0x20, 0x08, 0x00, 0x08,
    0x00, 0x08, 0x20, 0x08, 0x00, 0x08, 0x00, 0x08, 0x00, 0x08, 0x20, 0x08,
    0x00, 0x08, 0x00, 0x08, 0x20, 0x08, 0x00, 0x08, 0x00, 0x08, 0x20, 0x08,
    0x00, 0x08, 0x00, 0x08, 0x20, 0x08, 0x00, 0x08, 0x00, 0x08, 0x20, 0x08,
    0x00, 0x08, 0x00, 0x00, 0x20, 0x08, 0x00, 0x00, 0x00, 0x08, 0x20, 0x08,
    0x00, 0x08, 0x20, 0x08, 0x00, 0x08, 0x20, 0x00, 0x20, 0x00, 0xff, 0xff,
    0xff, 0xff, 0xff, 0xff, 0xff, 0xff, 0xff, 0xff, 0xff, 0xff, 0xff, 0xff,
    0xff, 0xff, 0xff, 0xff, 0xff, 0xff, 0xff, 0xff, 0xff, 0xff, 0xff, 0xff,
    0xff, 0xff, 0xff, 0xff, 0xff, 0xff, 0xff, 0xff, 0xff, 0xff, 0xff, 0xff,
    0xff, 0xff, 0xff, 0xff, 0xff, 0xff, 0xff, 0xff, 0xff, 0xff, 0xff, 0xff,
    0xff, 0xff, 0xff, 0xff, 0xff, 0xff, 0xff, 0xff, 0xff, 0xff, 0xff, 0xff,
    0x00, 0x08, 0x00, 0x08, 0x00, 0x08, 0x00, 0x00, 0x20, 0x08, 0x00, 0x08,
    0x00, 0x08, 0x00, 0x08, 0x00, 0x08, 0x00, 0x00, 0x00, 0x08, 0x00, 0x08,
    0x00, 0x00, 0x00, 0x08, 0x20, 0x08, 0x00, 0x08, 0x00, 0x08, 0x00, 0x08,
    0x00, 0x00, 0x00, 0x08, 0x00, 0x00, 0x00, 0x08, 0x00, 0x00, 0x00, 0x00,
    0x00, 0x08, 0x00, 0x00, 0x00, 0x08, 0x00, 0x00, 0x00, 0x08, 0x00, 0x00,
    0x00, 0x00, 0x00, 0x08, 0x00, 0x08, 0x00, 0x08, 0x00, 0x00, 0x00, 0x08,
    0x00, 0x08, 0x00, 0x08, 0x00, 0x00, 0x00, 0x08, 0x00, 0x08, 0x00, 0x00,
    0x00, 0x08, 0x00, 0x08, 0x00, 0x00, 0x00, 0x08, 0x00, 0x08, 0x00, 0x08,
    0x00, 0x00, 0x00, 0x08, 0x00, 0x08, 0x00, 0x08, 0x20, 0x08, 0x00, 0x00,
    0x00, 0x08, 0x20, 0x00, 0x00, 0x08, 0x00, 0x08, 0x20, 0x00, 0xff, 0xff,
    0xff, 0xff, 0xff, 0xff, 0xff, 0xff, 0xff, 0xff, 0xff, 0xff, 0xff, 0xff,
    0xff, 0xff, 0xff, 0xff, 0xff, 0xff, 0xff, 0xff, 0xff, 0xff, 0xff, 0xff,
    0xff, 0xff, 0xff, 0xff, 0xff, 0xff, 0xff, 0xff, 0xff, 0xff, 0xff, 0xff,
    0xff, 0xff, 0xff, 0xff, 0xff, 0xff, 0xff, 0xff, 0xff, 0xff, 0xff, 0xff,
    0xff, 0xff, 0xff, 0xff, 0xff, 0xff, 0xff, 0xff, 0xff, 0xff, 0xff, 0xff,
    0xff, 0xff, 0xff, 0xff, 0xff, 0xff, 0xff, 0xff, 0xff, 0xff, 0xff, 0xff,
    0xff, 0xff, 0xff, 0xff, 0xff, 0xff, 0xff, 0xff, 0xff, 0xff, 0xff, 0xff,
    0xff, 0xff, 0xff, 0xff, 0xff, 0xff, 0xff, 0xff, 0xff, 0xff, 0xff, 0xff,
    0xff, 0xff, 0xff, 0xff, 0xff, 0xff, 0x20, 0x00, 0x00, 0x08, 0x00, 0x08,
    0x00, 0x00, 0x20, 0x08, 0x00, 0x00, 0x00, 0x08, 0x20, 0x00, 0x00, 0x08,
    0x00, 0x00, 0x20, 0x08, 0x00, 0x00, 0x00, 0x08, 0x20, 0x08, 0x00, 0x08,
    0x00, 0x00, 0x00, 0x08, 0x20, 0x08, 0x00, 0x00, 0x00, 0x08, 0x00, 0x08,
    0x20, 0x00, 0x00, 0x08, 0x00, 0x08, 0x00, 0x08, 0x20, 0x08, 0x00, 0x08,
    0x00, 0x08, 0x00, 0x08, 0x20, 0x00, 0xff, 0xff, 0xff, 0xff, 0xff, 0xff,
    0xff, 0xff, 0xff, 0xff, 0xff, 0xff, 0xff, 0xff, 0xff, 0xff, 0xff, 0xff,
    0xff, 0xff, 0xff, 0xff, 0xff, 0xff, 0xff, 0xff, 0xff, 0xff, 0xff, 0xff,
    0xff, 0xff, 0xff, 0xff, 0xff, 0xff, 0xff, 0xff, 0xff, 0xff, 0xff, 0xff,
    0xff, 0xff, 0xff, 0xff, 0xff, 0xff, 0xff, 0xff, 0xff, 0xff, 0xff, 0xff,
    0xff, 0xff, 0xff, 0xff, 0xff, 0xff, 0xff, 0xff, 0xff, 0xff, 0xff, 0xff,
    0xff, 0xff, 0xff, 0xff, 0xff, 0xff, 0xff, 0xff, 0xff, 0xff, 0xff, 0xff,
    0x00, 0x08, 0x00, 0x08, 0x00, 0x00, 0x00, 0x08, 0x00, 0x08, 0x00, 0x00,
    0x00, 0x08, 0x00, 0x08, 0x00, 0x00, 0x00, 0x08, 0x00, 0x08, 0x00, 0x00,
    0x00, 0x08, 0x00, 0x08, 0x00, 0x00, 0x00, 0x08, 0x00, 0x08, 0x00, 0x08,
    0x00, 0x00, 0x00, 0x08, 0x00, 0x08, 0x00, 0x00, 0x00, 0x08, 0x00, 0x08,
    0x00, 0x00, 0x20, 0x08, 0x00, 0x08, 0x00, 0x00, 0x00, 0x08, 0x20, 0x08,
    0x00, 0x08, 0x00, 0x00, 0x20, 0x08, 0x00, 0x08, 0x00, 0x08, 0x00, 0x08,
    0x20, 0x08, 0x00, 0x08, 0x00, 0x08, 0x00, 0x08, 0x20, 0x08, 0x00, 0x08,
    0x00, 0x08, 0x20, 0x08, 0x00, 0x08, 0x00, 0x08, 0x20, 0x08, 0x00, 0x08,
    0x00, 0x00, 0x20, 0x08, 0x00, 0x08, 0x00, 0x08, 0x20, 0x08, 0x00, 0x00,
    0x00, 0x08, 0x20, 0x08, 0x00, 0x08, 0x00, 0x08, 0x20, 0x00, 0x00, 0x08,
    0x00, 0x08, 0x20, 0x08, 0x00, 0x08, 0x00, 0x08, 0x00, 0x08, 0x00, 0x08,
    0x20, 0x08, 0x00, 0x08, 0x00, 0x00, 0x00, 0x08, 0x00, 0x08, 0x20, 0x00,
    0x00, 0x08, 0x00, 0x08, 0x20, 0x00, 0x00, 0x08, 0x00, 0x08, 0x00, 0x00,
    0x20, 0x08, 0x00, 0x08, 0x00, 0x08, 0x00, 0x08, 0x20, 0x08, 0x00, 0x08,
    0x21, 0x00, 0xff, 0xff, 0xff, 0xff, 0xff, 0xff, 0xff, 0xff, 0xff, 0xff,
    0xff, 0xff, 0xff, 0xff, 0xff, 0xff, 0xff, 0xff, 0xff, 0xff, 0xff, 0xff,
    0x00, 0x08, 0x00, 0x00, 0x00, 0x08, 0x00, 0x00, 0x00, 0x08, 0x00, 0x08,
    0x00, 0x08, 0x00, 0x00, 0x00, 0x08, 0x00, 0x00, 0x00, 0x08, 0x00, 0x00,
    0x20, 0x08, 0x00, 0x08, 0x00, 0x00, 0x20, 0x08, 0x00, 0x08, 0x00, 0x00,
    0x00, 0x08, 0x00, 0x08, 0x00, 0x00, 0x20, 0x08, 0x00, 0x08, 0x00, 0x00,
    0x00, 0x08, 0x20, 0x08, 0x00, 0x00, 0x00, 0x08, 0x00, 0x08, 0x00, 0x08,
    0xff, 0xff, 0xff, 0xff, 0xff, 0xff, 0xff, 0xff, 0xff, 0xff, 0xff, 0xff,
    0xff, 0xff, 0xff, 0xff, 0xff, 0xff, 0xff, 0xff, 0xff, 0xff, 0xff, 0xff,
    0xff, 0xff, 0xff, 0xff, 0xff, 0xff, 0xff, 0xff, 0xff, 0xff, 0xff, 0xff,
    0xff, 0xff, 0xff, 0xff, 0xff, 0xff, 0xff, 0xff, 0xff, 0xff, 0xff, 0xff,
    0xff, 0xff, 0x20, 0x00, 0x00, 0x08, 0x00, 0x08, 0x00, 0x00, 0x00, 0x08,
    0x00, 0x08, 0x20, 0x00, 0x00, 0x08, 0x00, 0x08, 0x00, 0x08, 0x00, 0x08,
    0x00, 0x00, 0x00, 0x08, 0x00, 0x08, 0x00, 0x00, 0x00, 0x00, 0x00, 0x08,
    0x00, 0x00, 0x00, 0x08, 0x00, 0x08, 0x00, 0x08, 0x00, 0x08, 0x00, 0x08,
    0x00, 0x08, 0x00, 0x00, 0x00, 0x08, 0x00, 0x00, 0x00, 0x08, 0x00, 0x08,
    0x20, 0x00, 0xff, 0xff, 0xff, 0xff, 0xff, 0xff, 0xff, 0xff, 0xff, 0xff,
    0xff, 0xff, 0xff, 0xff, 0xff, 0xff, 0xff, 0xff, 0xff, 0xff, 0xff, 0xff,
    0xff, 0xff, 0xff, 0xff, 0xff, 0xff, 0xff, 0xff, 0xff, 0xff, 0xff, 0xff,
    0xff, 0xff, 0xff, 0xff, 0xff, 0xff, 0xff, 0xff, 0xff, 0xff, 0xff, 0xff,
    0xff, 0xff, 0xff, 0xff, 0xff, 0xff, 0xff, 0xff, 0xff, 0xff, 0xff, 0xff,
    0xff, 0xff, 0xff, 0xff, 0xff, 0xff, 0xff, 0xff, 0xff, 0xff, 0x20, 0x00,
    0x20, 0x00, 0x20, 0x00, 0x20, 0x00, 0x20, 0x00, 0x20, 0x00, 0x21, 0x00,
    0x20, 0x00, 0x20, 0x00, 0x21, 0x00, 0x20, 0x00, 0x20, 0x00, 0x21, 0x00,
    0x20, 0x00, 0x20, 0x00, 0x21, 0x00, 0x20, 0x00, 0x20, 0x00, 0x21, 0x00,
    0x20, 0x00, 0x20, 0x00, 0x21, 0x00, 0x20, 0x00, 0x20, 0x00, 0x21, 0x00,
    0x20, 0x00, 0x20, 0x00, 0x20, 0x00, 0x20, 0x00, 0x20, 0x00, 0x20, 0x00,
    0x20, 0x00, 0x20, 0x00, 0x20, 0x00, 0x20, 0x00, 0x20, 0x00, 0x20, 0x00,
    0x20, 0x00, 0x20, 0x00, 0x20, 0x00, 0x20, 0x00, 0x21, 0x00, 0x20, 0x00,
    0x20, 0x00, 0x20, 0x00, 0x21, 0x00, 0x20, 0x00, 0x20, 0x00, 0x20, 0x00,
    0x21, 0x00, 0x20, 0x00, 0x20, 0x00, 0x20, 0x00, 0x20, 0x00, 0x21, 0x00,
    0xff, 0xff, 0xff, 0xff, 0xff, 0xff, 0xff, 0xff, 0xff, 0xff, 0xff, 0xff,
    0xff, 0xff, 0xff, 0xff, 0xff, 0xff, 0xff, 0xff, 0xff, 0xff, 0xff, 0xff,
    0xff, 0xff, 0xff, 0xff, 0xff, 0xff, 0xff, 0xff, 0xff, 0xff, 0xff, 0xff,
    0xff, 0xff, 0xff, 0xff, 0xff, 0xff, 0xff, 0xff, 0xff, 0xff, 0xff, 0xff,
    0xff, 0xff, 0xff, 0xff, 0xff, 0xff, 0xff, 0xff, 0xff, 0xff, 0xff, 0xff,
    0xff, 0xff, 0xff, 0xff, 0xff, 0xff, 0xff, 0xff, 0xff, 0xff, 0xff, 0xff,
    0xff, 0xff, 0xff, 0xff, 0xff, 0xff, 0xff, 0xff, 0xff, 0xff, 0xff, 0xff,
    0xff, 0xff, 0xff, 0xff, 0xff, 0xff, 0xff, 0xff, 0xff, 0xff, 0xff, 0xff,
    0xff, 0xff, 0xff, 0xff, 0xff, 0xff, 0xff, 0xff, 0xff, 0xff, 0xff, 0xff,
    0xff, 0xff, 0xff, 0xff, 0xff, 0xff, 0xff, 0xff, 0xff, 0xff, 0xff, 0xff,
    0xff, 0xff, 0xff, 0xff, 0xff, 0xff, 0xff, 0xff, 0xff, 0xff, 0xff, 0xff,
    0xff, 0xff, 0xff, 0xff, 0xff, 0xff, 0xff, 0xff, 0xff, 0xff, 0xff, 0xff,
    0xff, 0xff, 0xff, 0xff, 0xff, 0xff, 0xff, 0xff, 0xff, 0xff, 0xff, 0xff,
    0xff, 0xff, 0xff, 0xff, 0xff, 0xff, 0xff, 0xff, 0xff, 0xff, 0xff, 0xff,
    0xff, 0xff, 0xff, 0xff, 0xff, 0xff, 0xff, 0xff, 0xff, 0xff, 0xff, 0xff,
    0xff, 0xff, 0xff, 0xff, 0xff, 0xff, 0xff, 0xff, 0xff, 0xff, 0xff, 0xff,
    0xff, 0xff, 0xff, 0xff, 0xff, 0xff, 0xff, 0xff, 0xff, 0xff, 0xff, 0xff,
    0xff, 0xff, 0xff, 0xff, 0xff, 0xff, 0xff, 0xff, 0xff, 0xff, 0xff, 0xff,
    0xff, 0xff, 0xff, 0xff, 0xff, 0xff, 0xff, 0xff, 0xff, 0xff, 0xff, 0xff,
    0xff, 0xff, 0xff, 0xff, 0xff, 0xff, 0xff, 0xff, 0xff, 0xff, 0xff, 0xff,
    0xff, 0xff, 0xff, 0xff, 0xff, 0xff, 0xff, 0xff, 0xff, 0xff, 0xff, 0xff,
    0xff, 0xff, 0xff, 0xff, 0xff, 0xff, 0xff, 0xff, 0xff, 0xff, 0xff, 0xff,
    0xff, 0xff, 0xff, 0xff, 0xff, 0xff, 0xff, 0xff, 0xff, 0xff, 0xff, 0xff,
    0xff, 0xff, 0xff, 0xff, 0xff, 0xff, 0xff, 0xff, 0xff, 0xff, 0xff, 0xff,
    0xff, 0xff, 0xff, 0xff, 0xff, 0xff, 0xff, 0xff, 0xff, 0xff, 0xff, 0xff,
    0xff, 0xff, 0xff, 0xff, 0xff, 0xff, 0xff, 0xff, 0xff, 0xff, 0xff, 0xff,
    0xff, 0xff, 0xff, 0xff, 0xff, 0xff, 0xff, 0xff, 0xff, 0xff, 0xff, 0xff,
    0xff, 0xff, 0xff, 0xff, 0xff, 0xff, 0xff, 0xff, 0xff, 0xff, 0xff, 0xff,
    0xff, 0xff, 0xff, 0xff, 0xff, 0xff, 0xff, 0xff, 0xff, 0xff, 0xff, 0xff,
    0xff, 0xff, 0xff, 0xff, 0xff, 0xff, 0xff, 0xff, 0xff, 0xff, 0xff, 0xff,
    0xff, 0xff, 0xff, 0xff, 0xff, 0xff, 0xff, 0xff, 0xff, 0xff, 0xff, 0xff,
    0xff, 0xff, 0xff, 0xff, 0xff, 0xff, 0xff, 0xff, 0xff, 0xff, 0xff, 0xff,
    0xff, 0xff, 0xff, 0xff, 0xff, 0xff, 0xff, 0xff, 0xff, 0xff, 0xff, 0xff,
    0xff, 0xff, 0xff, 0xff, 0xff, 0xff, 0xff, 0xff, 0xff, 0xff, 0xff, 0xff,
    0xff, 0xff, 0xff, 0xff, 0xff, 0xff, 0xff, 0xff, 0xff, 0xff, 0xff, 0xff,
    0xff, 0xff, 0xff, 0xff, 0xff, 0xff, 0xff, 0xff, 0xff, 0xff, 0xff, 0xff,
    0xff, 0xff, 0xff, 0xff, 0xff, 0xff, 0xff, 0xff, 0xff, 0xff, 0x20, 0x00,
    0x21, 0x00, 0x20, 0x00, 0x20, 0x00, 0x21, 0x00, 0x20, 0x00, 0x20, 0x00,
    0x21, 0x00, 0x20, 0x00, 0x20, 0x00, 0x21, 0x00, 0x20, 0x00, 0x20, 0x00,
    0x20, 0x00, 0x20, 0x00, 0x20, 0x00, 0x20, 0x00, 0x20, 0x00, 0x20, 0x00,
    0x20, 0x00, 0x21, 0x00, 0x20, 0x00, 0x20, 0x00, 0x20, 0x00, 0x20, 0x00,
    0x21, 0x00, 0x20, 0x00, 0xff, 0xff, 0xff, 0xff, 0xff, 0xff, 0xff, 0xff,
    0xff, 0xff, 0xff, 0xff, 0xff, 0xff, 0xff, 0xff, 0xff, 0xff, 0xff, 0xff,
    0xff, 0xff, 0xff, 0xff, 0xff, 0xff, 0xff, 0xff, 0xff, 0xff, 0xff, 0xff,
    0xff, 0xff, 0xff, 0xff, 0xff, 0xff, 0xff, 0xff, 0xff, 0xff, 0xff, 0xff,
    0xff, 0xff, 0xff, 0xff, 0xff, 0xff, 0xff, 0xff, 0xff, 0xff, 0xff, 0xff,
    0x21, 0x00, 0x20, 0x00, 0x20, 0x00, 0x21, 0x00, 0x20, 0x00, 0x20, 0x00,
    0x21, 0x00, 0x20, 0x00, 0x20, 0x00, 0x21, 0x00, 0x20, 0x00, 0x20, 0x00,
    0x21, 0x00, 0x20, 0x00, 0x20, 0x00, 0x21, 0x00, 0x20, 0x00, 0x20, 0x00,
    0x20, 0x00, 0x20, 0x00, 0x21, 0x00, 0x20, 0x00, 0x20, 0x00, 0x20, 0x00,
    0x20, 0x00, 0x20, 0x00, 0x20, 0x00, 0xff, 0xff, 0xff, 0xff, 0xff, 0xff,
    0xff, 0xff, 0xff, 0xff, 0xff, 0xff, 0xff, 0xff, 0xff, 0xff, 0xff, 0xff,
    0xff, 0xff, 0xff, 0xff, 0xff, 0xff, 0xff, 0xff, 0xff, 0xff, 0xff, 0xff,
    0xff, 0xff, 0xff, 0xff, 0xff, 0xff, 0xff, 0xff, 0xff, 0xff, 0xff, 0xff,
    0xff, 0xff, 0xff, 0xff, 0xff, 0xff, 0xff, 0xff, 0xff, 0xff, 0xff, 0xff,
    0xff, 0xff, 0xff, 0xff, 0xff, 0xff, 0xff, 0xff, 0xff, 0xff, 0xff, 0xff,
    0xff, 0xff, 0xff, 0xff, 0xff, 0xff, 0xff, 0xff, 0xff, 0xff, 0xff, 0xff,
    0xff, 0xff, 0xff, 0xff, 0xff, 0xff, 0xff, 0xff, 0xff, 0xff, 0xff, 0xff,
    0xff, 0xff, 0xff, 0xff, 0xff, 0xff, 0xff, 0xff, 0xff, 0xff, 0xff, 0xff,
    0xff, 0xff, 0xff, 0xff, 0xff, 0xff, 0xff, 0xff, 0xff, 0xff, 0xff, 0xff,
    0xff, 0xff, 0xff, 0xff, 0xff, 0xff, 0xff, 0xff, 0xff, 0xff, 0xff, 0xff,
    0xff, 0xff, 0xff, 0xff, 0xff, 0xff, 0xff, 0xff, 0xff, 0xff, 0xff, 0xff,
    0xff, 0xff, 0xff, 0xff, 0xff, 0xff, 0xff, 0xff, 0xff, 0xff, 0xff, 0xff,
    0xff, 0xff, 0xff, 0xff, 0xff, 0xff, 0xff, 0xff, 0xff, 0xff, 0xff, 0xff,
    0xff, 0xff, 0xff, 0xff, 0xff, 0xff, 0xff, 0xff, 0xff, 0xff, 0xff, 0xff,
    0xff, 0xff, 0xff, 0xff, 0xff, 0xff, 0xff, 0xff, 0xff, 0xff, 0xff, 0xff,
    0xff, 0xff, 0xff, 0xff, 0xff, 0xff, 0xff, 0xff, 0xff, 0xff, 0xff, 0xff,
    0xff, 0xff, 0xff, 0xff, 0xff, 0xff, 0xff, 0xff, 0xff, 0xff, 0xff, 0xff,
    0xff, 0xff, 0xff, 0xff, 0xff, 0xff, 0xff, 0xff, 0xff, 0xff, 0xff, 0xff,
    0xff, 0xff, 0xff, 0xff, 0xff, 0xff, 0xff, 0xff, 0xff, 0xff, 0xff, 0xff,
    0xff, 0xff, 0xff, 0xff, 0xff, 0xff, 0xff, 0xff, 0xff, 0xff, 0xff, 0xff,
    0xff, 0xff, 0xff, 0xff, 0xff, 0xff, 0xff, 0xff, 0xff, 0xff, 0xff, 0xff,
    0xff, 0xff, 0xff, 0xff, 0xff, 0xff, 0xff, 0xff, 0xff, 0xff, 0xff, 0xff,
    0xff, 0xff, 0xff, 0xff, 0xff, 0xff, 0xff, 0xff, 0xff, 0xff, 0xff, 0xff,
    0xff, 0xff, 0xff, 0xff, 0xff, 0xff, 0xff, 0xff, 0xff, 0xff, 0xff, 0xff,
    0xff, 0xff, 0xff, 0xff, 0xff, 0xff, 0xff, 0xff, 0xff, 0xff, 0xff, 0xff,
    0xff, 0xff, 0xff, 0xff, 0xff, 0xff, 0xff, 0xff, 0xff, 0xff, 0xff, 0xff,
    0xff, 0xff, 0xff, 0xff, 0xff, 0xff, 0xff, 0xff, 0xff, 0xff, 0xff, 0xff,
    0xff, 0xff, 0xff, 0xff, 0xff, 0xff, 0xff, 0xff, 0xff, 0xff, 0xff, 0xff,
    0xff, 0xff, 0xff, 0xff, 0xff, 0xff, 0xff, 0xff, 0xff, 0xff, 0xff, 0xff,
    0xff, 0xff, 0xff, 0xff, 0xff, 0xff, 0xff, 0xff, 0xff, 0xff, 0xff, 0xff,
    0xff, 0xff, 0xff, 0xff, 0xff, 0xff, 0xff, 0xff, 0xff, 0xff, 0xff, 0xff,
    0xff, 0xff, 0xff, 0xff, 0xff, 0xff, 0xff, 0xff, 0xff, 0xff, 0xff, 0xff,
    0xff, 0xff, 0xff, 0xff, 0xff, 0xff, 0xff, 0xff, 0xff, 0xff, 0xff, 0xff,
    0xff, 0xff, 0xff, 0xff, 0xff, 0xff, 0xff, 0xff, 0xff, 0xff, 0xff, 0xff,
    0xff, 0xff, 0xff, 0xff, 0xff, 0xff, 0xff, 0xff, 0xff, 0xff, 0xff, 0xff,
    0xff, 0xff, 0xff, 0xff, 0xff, 0xff, 0xff, 0xff, 0xff, 0xff, 0xff, 0xff,
    0xff, 0xff, 0xff, 0xff, 0xff, 0xff, 0xff, 0xff, 0xff, 0xff, 0xff, 0xff,
    0xff, 0xff, 0xff, 0xff, 0xff, 0xff, 0xff, 0xff, 0xff, 0xff, 0xff, 0xff,
    0xff, 0xff, 0xff, 0xff, 0xff, 0xff, 0xff, 0xff, 0xff, 0xff, 0xff, 0xff,
    0xff, 0xff, 0xff, 0xff, 0xff, 0xff, 0xff, 0xff, 0xff, 0xff, 0xff, 0xff,
    0xff, 0xff, 0xff, 0xff, 0xff, 0xff, 0xff, 0xff, 0xff, 0xff, 0xff, 0xff,
    0xff, 0xff, 0xff, 0xff, 0xff, 0xff, 0xff, 0xff, 0xff, 0xff, 0xff, 0xff,
    0xff, 0xff, 0xff, 0xff, 0xff, 0xff, 0xff, 0xff, 0xff, 0xff, 0xff, 0xff,
    0xff, 0xff, 0xff, 0xff, 0xff, 0xff, 0xff, 0xff, 0xff, 0xff, 0xff, 0xff,
    0xff, 0xff, 0xff, 0xff, 0xff, 0xff, 0xff, 0xff, 0xff, 0xff, 0xff, 0xff,
    0xff, 0xff, 0xff, 0xff, 0xff, 0xff, 0xff, 0xff, 0xff, 0xff, 0xff, 0xff,
    0xff, 0xff, 0xff, 0xff, 0xff, 0xff, 0xff, 0xff, 0xff, 0xff, 0xff, 0xff,
    0xff, 0xff, 0xff, 0xff, 0xff, 0xff, 0xff, 0xff, 0xff, 0xff, 0xff, 0xff,
    0xff, 0xff, 0xff, 0xff, 0xff, 0xff, 0xff, 0xff, 0xff, 0xff, 0xff, 0xff,
    0xff, 0xff, 0xff, 0xff, 0xff, 0xff, 0xff, 0xff, 0xff, 0xff, 0xff, 0xff,
    0xff, 0xff, 0xff, 0xff, 0xff, 0xff, 0xff, 0xff, 0xff, 0xff, 0xff, 0xff,
    0xff, 0xff, 0xff, 0xff, 0xff, 0xff, 0xff, 0xff, 0xff, 0xff, 0xff, 0xff,
    0xff, 0xff, 0xff, 0xff, 0xff, 0xff, 0xff, 0xff, 0xff, 0xff, 0xff, 0xff,
    0xff, 0xff, 0xff, 0xff, 0xff, 0xff, 0xff, 0xff, 0xff, 0xff, 0xff, 0xff,
    0xff, 0xff, 0xff, 0xff, 0xff, 0xff, 0xff, 0xff, 0xff, 0xff, 0xff, 0xff,
    0xff, 0xff, 0xff, 0xff, 0xff, 0xff, 0xff, 0xff, 0xff, 0xff, 0xff, 0xff,
    0xff, 0xff, 0xff, 0xff, 0xff, 0xff, 0xff, 0xff, 0xff, 0xff, 0xff, 0xff,
    0xff, 0xff, 0xff, 0xff, 0xff, 0xff, 0xff, 0xff, 0xff, 0xff, 0xff, 0xff,
    0xff, 0xff, 0xff, 0xff, 0xff, 0xff, 0xff, 0xff, 0xff, 0xff, 0xff, 0xff,
    0xff, 0xff, 0xff, 0xff, 0xff, 0xff, 0xff, 0xff, 0xff, 0xff, 0xff, 0xff,
    0xff, 0xff, 0xff, 0xff, 0xff, 0xff, 0xff, 0xff, 0xff, 0xff, 0xff, 0xff,
    0xff, 0xff, 0xff, 0xff, 0xff, 0xff, 0xff, 0xff, 0xff, 0xff, 0xff, 0xff,
    0xff, 0xff, 0xff, 0xff, 0xff, 0xff, 0xff, 0xff, 0xff, 0xff, 0xff, 0xff,
    0xff, 0xff, 0xff, 0xff, 0xff, 0xff, 0xff, 0xff, 0xff, 0xff, 0xff, 0xff,
    0xff, 0xff, 0xff, 0xff, 0xff, 0xff, 0xff, 0xff, 0xff, 0xff, 0xff, 0xff,
    0xff, 0xff, 0xff, 0xff, 0xff, 0xff, 0xff, 0xff, 0xff, 0xff, 0xff, 0xff,
    0xff, 0xff, 0xff, 0xff, 0xff, 0xff, 0xff, 0xff, 0xff, 0xff, 0xff, 0xff,
    0xff, 0xff, 0xff, 0xff, 0xff, 0xff, 0xff, 0xff, 0xff, 0xff, 0xff, 0xff,
    0xff, 0xff, 0xff, 0xff, 0xff, 0xff, 0xff, 0xff, 0xff, 0xff, 0xff, 0xff,
    0xff, 0xff, 0xff, 0xff, 0xff, 0xff, 0xff, 0xff, 0xff, 0xff, 0xff, 0xff,
    0xff, 0xff, 0xff, 0xff, 0xff, 0xff, 0xff, 0xff, 0xff, 0xff, 0xff, 0xff,
    0xff, 0xff, 0xff, 0xff, 0xff, 0xff, 0xff, 0xff, 0xff, 0xff, 0xff, 0xff,
    0xff, 0xff, 0xff, 0xff, 0xff, 0xff, 0xff, 0xff, 0xff, 0xff, 0xff, 0xff,
    0xff, 0xff, 0xff, 0xff, 0xff, 0xff, 0xff, 0xff, 0xff, 0xff, 0xff, 0xff,
    0xff, 0xff, 0xff, 0xff, 0xff, 0xff, 0xff, 0xff, 0xff, 0xff, 0xff, 0xff,
    0xff, 0xff, 0xff, 0xff, 0xff, 0xff, 0xff, 0xff, 0xff, 0xff, 0xff, 0xff,
    0xff, 0xff, 0xff, 0xff, 0xff, 0xff, 0xff, 0xff, 0xff, 0xff, 0xff, 0xff,
    0xff, 0xff, 0xff, 0xff, 0xff, 0xff, 0xff, 0xff, 0xff, 0xff, 0xff, 0xff,
    0xff, 0xff, 0xff, 0xff, 0xff, 0xff, 0xff, 0xff, 0xff, 0xff, 0xff, 0xff,
    0xff, 0xff, 0xff, 0xff, 0xff, 0xff, 0xff, 0xff, 0xff, 0xff, 0xff, 0xff,
    0xff, 0xff, 0xff, 0xff, 0xff, 0xff, 0xff, 0xff, 0xff, 0xff, 0xff, 0xff,
    0xff, 0xff, 0xff, 0xff, 0xff, 0xff, 0xff, 0xff, 0xff, 0xff, 0xff, 0xff,
    0xff, 0xff, 0xff, 0xff, 0xff, 0xff, 0xff, 0xff, 0xff, 0xff, 0xff, 0xff,
    0xff, 0xff, 0xff, 0xff, 0xff, 0xff, 0xff, 0xff, 0xff, 0xff, 0xff, 0xff,
    0xff, 0xff, 0xff, 0xff, 0xff, 0xff, 0xff, 0xff, 0xff, 0xff, 0xff, 0xff,
    0xff, 0xff, 0xff, 0xff, 0xff, 0xff, 0xff, 0xff, 0xff, 0xff, 0xff, 0xff,
    0xff, 0xff, 0xff, 0xff, 0xff, 0xff, 0xff, 0xff, 0xff, 0xff, 0xff, 0xff,
    0xff, 0xff, 0xff, 0xff, 0xff, 0xff, 0xff, 0xff, 0xff, 0xff, 0xff, 0xff,
    0xff, 0xff, 0xff, 0xff, 0xff, 0xff, 0xff, 0xff, 0xff, 0xff, 0xff, 0xff,
    0xff, 0xff, 0xff, 0xff, 0xff, 0xff, 0xff, 0xff, 0xff, 0xff, 0xff, 0xff,
    0xff, 0xff, 0xff, 0xff, 0xff, 0xff, 0xff, 0xff, 0xff, 0xff, 0xff, 0xff,
    0xff, 0xff, 0xff, 0xff, 0xff, 0xff, 0xff, 0xff, 0xff, 0xff, 0xff, 0xff,
    0xff, 0xff, 0xff, 0xff, 0xff, 0xff, 0xff, 0xff, 0xff, 0xff, 0xff, 0xff,
    0xff, 0xff, 0xff, 0xff, 0xff, 0xff, 0xff, 0xff, 0xff, 0xff, 0xff, 0xff,
    0xff, 0xff, 0xff, 0xff, 0xff, 0xff, 0xff, 0xff, 0xff, 0xff, 0xff, 0xff,
    0xff, 0xff, 0xff, 0xff, 0xff, 0xff, 0xff, 0xff, 0xff, 0xff, 0xff, 0xff,
    0xff, 0xff, 0xff, 0xff, 0xff, 0xff, 0xff, 0xff, 0xff, 0xff, 0xff, 0xff,
    0xff, 0xff, 0xff, 0xff, 0xff, 0xff, 0xff, 0xff, 0xff, 0xff, 0xff, 0xff,
    0xff, 0xff, 0xff, 0xff, 0xff, 0xff, 0xff, 0xff, 0xff, 0xff, 0xff, 0xff,
    0xff, 0xff, 0xff, 0xff, 0xff, 0xff, 0xff, 0xff, 0xff, 0xff, 0xff, 0xff,
    0xff, 0xff, 0xff, 0xff, 0xff, 0xff, 0xff, 0xff, 0xff, 0xff, 0xff, 0xff,
    0xff, 0xff, 0xff, 0xff, 0xff, 0xff, 0xff, 0xff, 0xff, 0xff, 0xff, 0xff,
    0xff, 0xff, 0xff, 0xff, 0xff, 0xff, 0xff, 0xff, 0xff, 0xff, 0xff, 0xff,
    0xff, 0xff, 0xff, 0xff, 0xff, 0xff, 0xff, 0xff, 0xff, 0xff, 0xff, 0xff,
    0xff, 0xff, 0xff, 0xff, 0xff, 0xff, 0xff, 0xff, 0xff, 0xff, 0xff, 0xff,
    0xff, 0xff, 0xff, 0xff, 0xff, 0xff, 0xff, 0xff, 0xff, 0xff, 0xff, 0xff,
    0xff, 0xff, 0xff, 0xff, 0xff, 0xff, 0xff, 0xff, 0xff, 0xff, 0xff, 0xff,
    0xff, 0xff, 0xff, 0xff, 0xff, 0xff, 0xff, 0xff, 0xff, 0xff, 0xff, 0xff,
    0xff, 0xff, 0xff, 0xff, 0xff, 0xff, 0xff, 0xff, 0xff, 0xff, 0xff, 0xff,
    0xff, 0xff, 0xff, 0xff, 0xff, 0xff, 0xff, 0xff, 0xff, 0xff, 0xff, 0xff,
    0xff, 0xff, 0xff, 0xff, 0xff, 0xff, 0xff, 0xff, 0xff, 0xff, 0xff, 0xff,
    0xff, 0xff, 0xff, 0xff, 0xff, 0xff, 0xff, 0xff, 0xff, 0xff, 0xff, 0xff,
    0xff, 0xff, 0xff, 0xff, 0xff, 0xff, 0xff, 0xff, 0xff, 0xff, 0xff, 0xff,
    0xff, 0xff, 0xff, 0xff, 0xff, 0xff, 0xff, 0xff, 0xff, 0xff, 0xff, 0xff,
    0xff, 0xff, 0xff, 0xff, 0xff, 0xff, 0xff, 0xff, 0xff, 0xff, 0xff, 0xff,
    0xff, 0xff, 0xff, 0xff, 0xff, 0xff, 0xff, 0xff, 0xff, 0xff, 0xff, 0xff,
    0xff, 0xff, 0xff, 0xff, 0xff, 0xff, 0xff, 0xff, 0xff, 0xff, 0xff, 0xff,
    0xff, 0xff, 0xff, 0xff, 0xff, 0xff, 0xff, 0xff, 0xff, 0xff, 0xff, 0xff,
    0xff, 0xff, 0xff, 0xff, 0xff, 0xff, 0xff, 0xff, 0xff, 0xff, 0xff, 0xff,
    0xff, 0xff, 0xff, 0xff, 0xff, 0xff, 0xff, 0xff, 0xff, 0xff, 0xff, 0xff,
    0xff, 0xff, 0xff, 0xff, 0xff, 0xff, 0xff, 0xff, 0xff, 0xff, 0xff, 0xff,
    0xff, 0xff, 0xff, 0xff, 0xff, 0xff, 0xff, 0xff, 0xff, 0xff, 0xff, 0xff,
    0xff, 0xff, 0xff, 0xff, 0xff, 0xff, 0xff, 0xff, 0xff, 0xff, 0xff, 0xff,
    0xff, 0xff, 0xff, 0xff, 0xff, 0xff, 0xff, 0xff, 0xff, 0xff, 0xff, 0xff,
    0xff, 0xff, 0xff, 0xff, 0xff, 0xff, 0xff, 0xff, 0xff, 0xff, 0xff, 0xff,
    0xff, 0xff, 0xff, 0xff, 0xff, 0xff, 0xff, 0xff, 0xff, 0xff, 0xff, 0xff,
    0xff, 0xff, 0xff, 0xff, 0xff, 0xff, 0xff, 0xff, 0xff, 0xff, 0xff, 0xff,
    0xff, 0xff, 0xff, 0xff, 0xff, 0xff, 0xff, 0xff, 0xff, 0xff, 0xff, 0xff,
    0xff, 0xff, 0xff, 0xff, 0xff, 0xff, 0xff, 0xff, 0xff, 0xff, 0xff, 0xff,
    0xff, 0xff, 0xff, 0xff, 0xff, 0xff, 0xff, 0xff, 0xff, 0xff, 0xff, 0xff,
    0xff, 0xff, 0xff, 0xff, 0xff, 0xff, 0xff, 0xff, 0xff, 0xff, 0xff, 0xff,
    0xff, 0xff, 0xff, 0xff, 0xff, 0xff, 0xff, 0xff, 0xff, 0xff, 0xff, 0xff,
    0xff, 0xff, 0xff, 0xff, 0xff, 0xff, 0xff, 0xff, 0xff, 0xff, 0xff, 0xff,
    0xff, 0xff, 0xff, 0xff, 0xff, 0xff, 0xff, 0xff, 0xff, 0xff, 0xff, 0xff,
    0xff, 0xff, 0xff, 0xff, 0xff, 0xff, 0xff, 0xff, 0xff, 0xff, 0xff, 0xff,
    0xff, 0xff, 0xff, 0xff, 0xff, 0xff, 0xff, 0xff, 0xff, 0xff, 0xff, 0xff,
    0xff, 0xff, 0xff, 0xff, 0xff, 0xff, 0xff, 0xff, 0xff, 0xff, 0xff, 0xff,
    0xff, 0xff, 0xff, 0xff, 0xff, 0xff, 0xff, 0xff, 0xff, 0xff, 0xff, 0xff,
    0xff, 0xff, 0xff, 0xff, 0xff, 0xff, 0xff, 0xff, 0xff, 0xff, 0xff, 0xff,
    0xff, 0xff, 0xff, 0xff, 0xff, 0xff, 0xff, 0xff, 0xff, 0xff, 0xff, 0xff,
    0xff, 0xff, 0xff, 0xff, 0xff, 0xff, 0xff, 0xff, 0xff, 0xff, 0xff, 0xff,
    0xff, 0xff, 0xff, 0xff, 0xff, 0xff, 0xff, 0xff, 0xff, 0xff, 0xff, 0xff,
    0xff, 0xff, 0xff, 0xff, 0xff, 0xff, 0xff, 0xff, 0xff, 0xff, 0xff, 0xff,
    0xff, 0xff, 0xff, 0xff, 0xff, 0xff, 0xff, 0xff, 0xff, 0xff, 0xff, 0xff,
    0xff, 0xff, 0xff, 0xff, 0xff, 0xff, 0xff, 0xff, 0xff, 0xff, 0xff, 0xff,
    0xff, 0xff, 0xff, 0xff, 0xff, 0xff, 0xff, 0xff, 0xff, 0xff, 0xff, 0xff,
    0xff, 0xff, 0xff, 0xff, 0xff, 0xff, 0xff, 0xff, 0xff, 0xff, 0xff, 0xff,
    0xff, 0xff, 0xff, 0xff, 0xff, 0xff, 0xff, 0xff, 0xff, 0xff, 0xff, 0xff,
    0xff, 0xff, 0xff, 0xff, 0xff, 0xff, 0xff, 0xff, 0xff, 0xff, 0xff, 0xff,
    0xff, 0xff, 0xff, 0xff, 0xff, 0xff, 0xff, 0xff, 0xff, 0xff, 0xff, 0xff,
    0xff, 0xff, 0xff, 0xff, 0xff, 0xff, 0xff, 0xff, 0xff, 0xff, 0xff, 0xff,
    0xff, 0xff, 0xff, 0xff, 0xff, 0xff, 0xff, 0xff, 0xff, 0xff, 0xff, 0xff,
    0xff, 0xff, 0xff, 0xff, 0xff, 0xff, 0xff, 0xff, 0xff, 0xff, 0xff, 0xff,
    0xff, 0xff, 0xff, 0xff, 0xff, 0xff, 0xff, 0xff, 0xff, 0xff, 0xff, 0xff,
    0xff, 0xff, 0xff, 0xff, 0xff, 0xff, 0xff, 0xff, 0xff, 0xff, 0xff, 0xff,
    0xff, 0xff, 0xff, 0xff, 0xff, 0xff, 0xff, 0xff, 0xff, 0xff, 0xff, 0xff,
    0xff, 0xff, 0xff, 0xff, 0xff, 0xff, 0xff, 0xff, 0xff, 0xff, 0xff, 0xff,
    0xff, 0xff, 0xff, 0xff, 0xff, 0xff, 0xff, 0xff, 0xff, 0xff, 0xff, 0xff,
    0xff, 0xff, 0xff, 0xff, 0xff, 0xff, 0xff, 0xff, 0xff, 0xff, 0xff, 0xff,
    0xff, 0xff, 0xff, 0xff, 0xff, 0xff, 0xff, 0xff, 0xff, 0xff, 0xff, 0xff,
    0xff, 0xff, 0xff, 0xff, 0xff, 0xff, 0xff, 0xff, 0xff, 0xff, 0xff, 0xff,
    0xff, 0xff, 0xff, 0xff, 0xff, 0xff, 0xff, 0xff, 0xff, 0xff, 0xff, 0xff,
    0xff, 0xff, 0xff, 0xff, 0xff, 0xff, 0xff, 0xff, 0xff, 0xff, 0xff, 0xff,
    0xff, 0xff, 0xff, 0xff, 0xff, 0xff, 0xff, 0xff, 0xff, 0xff, 0xff, 0xff,
    0xff, 0xff, 0xff, 0xff, 0xff, 0xff, 0xff, 0xff, 0xff, 0xff, 0xff, 0xff,
    0xff, 0xff, 0xff, 0xff, 0xff, 0xff, 0xff, 0xff, 0xff, 0xff, 0xff, 0xff,
    0xff, 0xff, 0xff, 0xff, 0xff, 0xff, 0xff, 0xff, 0xff, 0xff, 0xff, 0xff,
    0xff, 0xff, 0xff, 0xff, 0xff, 0xff, 0xff, 0xff, 0xff, 0xff, 0xff, 0xff,
    0xff, 0xff, 0xff, 0xff, 0xff, 0xff, 0xff, 0xff, 0xff, 0xff, 0xff, 0xff,
    0xff, 0xff, 0xff, 0xff, 0xff, 0xff, 0xff, 0xff, 0xff, 0xff, 0xff, 0xff,
    0xff, 0xff, 0xff, 0xff, 0xff, 0xff, 0xff, 0xff, 0xff, 0xff, 0xff, 0xff,
    0xff, 0xff, 0xff, 0xff, 0xff, 0xff, 0xff, 0xff, 0xff, 0xff, 0xff, 0xff,
    0xff, 0xff, 0xff, 0xff, 0xff, 0xff, 0xff, 0xff, 0xff, 0xff, 0xff, 0xff,
    0xff, 0xff, 0xff, 0xff, 0xff, 0xff, 0xff, 0xff, 0xff, 0xff, 0xff, 0xff,
    0xff, 0xff, 0xff, 0xff, 0xff, 0xff, 0xff, 0xff, 0xff, 0xff, 0xff, 0xff,
    0xff, 0xff, 0xff, 0xff, 0xff, 0xff, 0xff, 0xff, 0xff, 0xff, 0xff, 0xff,
    0xff, 0xff, 0xff, 0xff, 0xff, 0xff, 0xff, 0xff, 0xff, 0xff, 0xff, 0xff,
    0xff, 0xff, 0xff, 0xff, 0xff, 0xff, 0xff, 0xff, 0xff, 0xff, 0xff, 0xff,
    0xff, 0xff, 0xff, 0xff, 0xff, 0xff, 0xff, 0xff, 0xff, 0xff, 0xff, 0xff,
    0xff, 0xff, 0xff, 0xff, 0xff, 0xff, 0xff, 0xff, 0xff, 0xff, 0xff, 0xff,
    0xff, 0xff, 0xff, 0xff, 0xff, 0xff, 0xff, 0xff, 0xff, 0xff, 0xff, 0xff,
    0xff, 0xff, 0xff, 0xff, 0xff, 0xff, 0xff, 0xff, 0xff, 0xff, 0xff, 0xff,
    0xff, 0xff, 0xff, 0xff, 0xff, 0xff, 0xff, 0xff, 0xff, 0xff, 0xff, 0xff,
    0xff, 0xff, 0xff, 0xff, 0xff, 0xff, 0xff, 0xff, 0xff, 0xff, 0xff, 0xff,
    0xff, 0xff, 0xff, 0xff, 0xff, 0xff, 0xff, 0xff, 0xff, 0xff, 0xff, 0xff,
    0xff, 0xff, 0xff, 0xff, 0xff, 0xff, 0xff, 0xff, 0xff, 0xff, 0xff, 0xff,
    0xff, 0xff, 0xff, 0xff, 0xff, 0xff, 0xff, 0xff, 0xff, 0xff, 0xff, 0xff,
    0xff, 0xff, 0xff, 0xff, 0xff, 0xff, 0xff, 0xff, 0xff, 0xff, 0xff, 0xff,
    0xff, 0xff, 0xff, 0xff, 0xff, 0xff, 0xff, 0xff, 0xff, 0xff, 0xff, 0xff,
    0xff, 0xff, 0xff, 0xff, 0xff, 0xff, 0xff, 0xff, 0xff, 0xff, 0xff, 0xff,
    0xff, 0xff, 0xff, 0xff, 0xff, 0xff, 0xff, 0xff, 0xff, 0xff, 0xff, 0xff,
    0xff, 0xff, 0xff, 0xff, 0xff, 0xff, 0xff, 0xff, 0xff, 0xff, 0xff, 0xff,
    0xff, 0xff, 0xff, 0xff, 0xff, 0xff, 0xff, 0xff, 0xff, 0xff, 0xff, 0xff,
    0xff, 0xff, 0xff, 0xff, 0xff, 0xff, 0xff, 0xff, 0xff, 0xff, 0xff, 0xff,
    0xff, 0xff, 0xff, 0xff, 0xff, 0xff, 0xff, 0xff, 0xff, 0xff, 0xff, 0xff,
    0xff, 0xff, 0xff, 0xff, 0xff, 0xff, 0xff, 0xff, 0xff, 0xff, 0xff, 0xff,
    0xff, 0xff, 0xff, 0xff, 0xff, 0xff, 0xff, 0xff, 0xff, 0xff, 0xff, 0xff,
    0xff, 0xff, 0xff, 0xff, 0xff, 0xff, 0xff, 0xff, 0xff, 0xff, 0xff, 0xff,
    0xff, 0xff, 0xff, 0xff, 0xff, 0xff, 0xff, 0xff, 0xff, 0xff, 0xff, 0xff,
    0xff, 0xff, 0xff, 0xff, 0xff, 0xff, 0xff, 0xff, 0xff, 0xff, 0xff, 0xff,
    0xff, 0xff, 0xff, 0xff, 0xff, 0xff, 0xff, 0xff, 0xff, 0xff, 0xff, 0xff,
    0xff, 0xff, 0xff, 0xff, 0xff, 0xff, 0xff, 0xff, 0xff, 0xff, 0xff, 0xff,
    0xff, 0xff, 0xff, 0xff, 0xff, 0xff, 0xff, 0xff, 0xff, 0xff, 0xff, 0xff,
    0xff, 0xff, 0xff, 0xff, 0xff, 0xff, 0xff, 0xff, 0xff, 0xff, 0xff, 0xff,
    0xff, 0xff, 0xff, 0xff, 0xff, 0xff, 0xff, 0xff, 0xff, 0xff, 0xff, 0xff,
    0xff, 0xff, 0xff, 0xff, 0xff, 0xff, 0xff, 0xff, 0xff, 0xff, 0xff, 0xff,
    0xff, 0xff, 0xff, 0xff, 0xff, 0xff, 0xff, 0xff, 0xff, 0xff, 0xff, 0xff,
    0xff, 0xff, 0xff, 0xff, 0xff, 0xff, 0xff, 0xff, 0xff, 0xff, 0xff, 0xff,
    0xff, 0xff, 0xff, 0xff, 0xff, 0xff, 0xff, 0xff, 0xff, 0xff, 0xff, 0xff,
    0xff, 0xff, 0xff, 0xff, 0xff, 0xff, 0xff, 0xff, 0xff, 0xff, 0xff, 0xff,
    0xff, 0xff, 0xff, 0xff, 0xff, 0xff, 0xff, 0xff, 0xff, 0xff, 0xff, 0xff,
    0xff, 0xff, 0xff, 0xff, 0xff, 0xff, 0xff, 0xff, 0xff, 0xff, 0xff, 0xff,
    0xff, 0xff, 0xff, 0xff, 0xff, 0xff, 0xff, 0xff, 0xff, 0xff, 0xff, 0xff,
    0xff, 0xff, 0xff, 0xff, 0xff, 0xff, 0xff, 0xff, 0xff, 0xff, 0xff, 0xff,
    0xff, 0xff, 0xff, 0xff, 0xff, 0xff, 0xff, 0xff, 0xff, 0xff, 0xff, 0xff,
    0xff, 0xff, 0xff, 0xff, 0xff, 0xff, 0xff, 0xff, 0xff, 0xff, 0xff, 0xff,
    0xff, 0xff, 0xff, 0xff, 0xff, 0xff, 0xff, 0xff, 0xff, 0xff, 0xff, 0xff,
    0xff, 0xff, 0xff, 0xff, 0xff, 0xff, 0xff, 0xff, 0xff, 0xff, 0xff, 0xff,
    0xff, 0xff, 0xff, 0xff, 0xff, 0xff, 0xff, 0xff, 0xff, 0xff, 0xff, 0xff,
    0xff, 0xff, 0xff, 0xff, 0xff, 0xff, 0xff, 0xff, 0xff, 0xff, 0xff, 0xff,
    0xff, 0xff, 0xff, 0xff, 0xff, 0xff, 0xff, 0xff, 0xff, 0xff, 0xff, 0xff,
    0xff, 0xff, 0xff, 0xff, 0xff, 0xff, 0xff, 0xff, 0xff, 0xff, 0xff, 0xff,
    0xff, 0xff, 0xff, 0xff, 0xff, 0xff, 0xff, 0xff, 0xff, 0xff, 0xff, 0xff,
    0xff, 0xff, 0xff, 0xff, 0xff, 0xff, 0xff, 0xff, 0xff, 0xff, 0xff, 0xff,
    0xff, 0xff, 0xff, 0xff, 0xff, 0xff, 0xff, 0xff, 0xff, 0xff, 0xff, 0xff,
    0xff, 0xff, 0xff, 0xff, 0xff, 0xff, 0xff, 0xff, 0xff, 0xff, 0xff, 0xff,
    0xff, 0xff, 0xff, 0xff, 0xff, 0xff, 0xff, 0xff, 0xff, 0xff, 0xff, 0xff,
    0xff, 0xff, 0xff, 0xff, 0xff, 0xff, 0xff, 0xff, 0xff, 0xff, 0xff, 0xff,
    0xff, 0xff, 0xff, 0xff, 0xff, 0xff, 0xff, 0xff, 0xff, 0xff, 0xff, 0xff,
    0xff, 0xff, 0xff, 0xff, 0xff, 0xff, 0xff, 0xff, 0xff, 0xff, 0xff, 0xff,
    0xff, 0xff, 0xff, 0xff, 0xff, 0xff, 0xff, 0xff, 0xff, 0xff, 0xff, 0xff,
    0xff, 0xff, 0xff, 0xff, 0xff, 0xff, 0xff, 0xff, 0xff, 0xff, 0xff, 0xff,
    0xff, 0xff, 0xff, 0xff, 0xff, 0xff, 0xff, 0xff, 0xff, 0xff, 0xff, 0xff,
    0xff, 0xff, 0xff, 0xff, 0xff, 0xff, 0xff, 0xff, 0xff, 0xff, 0xff, 0xff,
    0xff, 0xff, 0xff, 0xff, 0xff, 0xff, 0xff, 0xff, 0xff, 0xff, 0xff, 0xff,
    0xff, 0xff, 0xff, 0xff, 0xff, 0xff, 0xff, 0xff, 0xff, 0xff, 0xff, 0xff,
    0xff, 0xff, 0xff, 0xff, 0xff, 0xff, 0xff, 0xff, 0xff, 0xff, 0xff, 0xff,
    0xff, 0xff, 0xff, 0xff, 0xff, 0xff, 0xff, 0xff, 0xff, 0xff, 0xff, 0xff,
    0xff, 0xff, 0xff, 0xff, 0xff, 0xff, 0xff, 0xff, 0xff, 0xff, 0xff, 0xff,
    0xff, 0xff, 0xff, 0xff, 0xff, 0xff, 0xff, 0xff, 0xff, 0xff, 0xff, 0xff,
    0xff, 0xff, 0xff, 0xff, 0xff, 0xff, 0xff, 0xff, 0xff, 0xff, 0xff, 0xff,
    0xff, 0xff, 0xff, 0xff, 0xff, 0xff, 0xff, 0xff, 0xff, 0xff, 0xff, 0xff,
    0xff, 0xff, 0xff, 0xff, 0xff, 0xff, 0xff, 0xff, 0xff, 0xff, 0xff, 0xff,
    0xff, 0xff, 0xff, 0xff, 0xff, 0xff, 0xff, 0xff, 0xff, 0xff, 0xff, 0xff,
    0xff, 0xff, 0xff, 0xff, 0xff, 0xff, 0xff, 0xff, 0xff, 0xff, 0xff, 0xff,
    0xff, 0xff, 0xff, 0xff, 0xff, 0xff, 0xff, 0xff, 0xff, 0xff, 0xff, 0xff,
    0xff, 0xff, 0xff, 0xff, 0xff, 0xff, 0xff, 0xff, 0xff, 0xff, 0xff, 0xff,
    0xff, 0xff, 0xff, 0xff, 0xff, 0xff, 0xff, 0xff, 0xff, 0xff, 0xff, 0xff,
    0xff, 0xff, 0xff, 0xff, 0xff, 0xff, 0xff, 0xff, 0xff, 0xff, 0xff, 0xff,
    0xff, 0xff, 0xff, 0xff, 0xff, 0xff, 0xff, 0xff, 0xff, 0xff, 0xff, 0xff,
    0xff, 0xff, 0xff, 0xff, 0xff, 0xff, 0xff, 0xff, 0xff, 0xff, 0xff, 0xff,
    0xff, 0xff, 0xff, 0xff, 0xff, 0xff, 0xff, 0xff, 0xff, 0xff, 0xff, 0xff,
    0xff, 0xff, 0xff, 0xff, 0xff, 0xff, 0xff, 0xff, 0xff, 0xff, 0xff, 0xff,
    0xff, 0xff, 0xff, 0xff, 0xff, 0xff, 0xff, 0xff, 0xff, 0xff, 0xff, 0xff,
    0xff, 0xff, 0xff, 0xff, 0xff, 0xff, 0xff, 0xff, 0xff, 0xff, 0xff, 0xff,
    0xff, 0xff, 0xff, 0xff, 0xff, 0xff, 0xff, 0xff, 0xff, 0xff, 0xff, 0xff,
    0xff, 0xff, 0xff, 0xff, 0xff, 0xff, 0xff, 0xff, 0xff, 0xff, 0xff, 0xff,
    0xff, 0xff, 0xff, 0xff, 0xff, 0xff, 0xff, 0xff, 0xff, 0xff, 0xff, 0xff,
    0xff, 0xff, 0xff, 0xff, 0xff, 0xff, 0xff, 0xff, 0xff, 0xff, 0xff, 0xff,
    0xff, 0xff, 0xff, 0xff, 0xff, 0xff, 0xff, 0xff, 0xff, 0xff, 0xff, 0xff,
    0xff, 0xff, 0xff, 0xff, 0xff, 0xff, 0xff, 0xff, 0xff, 0xff, 0xff, 0xff,
    0xff, 0xff, 0xff, 0xff, 0xff, 0xff, 0xff, 0xff, 0xff, 0xff, 0xff, 0xff,
    0xff, 0xff, 0xff, 0xff, 0xff, 0xff, 0xff, 0xff, 0xff, 0xff, 0xff, 0xff,
    0xff, 0xff, 0xff, 0xff, 0xff, 0xff, 0xff, 0xff, 0xff, 0xff, 0xff, 0xff,
    0xff, 0xff, 0xff, 0xff, 0xff, 0xff, 0xff, 0xff, 0xff, 0xff, 0xff, 0xff,
    0xff, 0xff, 0xff, 0xff, 0xff, 0xff, 0xff, 0xff, 0xff, 0xff, 0xff, 0xff,
    0xff, 0xff, 0xff, 0xff, 0xff, 0xff, 0xff, 0xff, 0xff, 0xff, 0xff, 0xff,
    0xff, 0xff, 0xff, 0xff, 0xff, 0xff, 0xff, 0xff, 0xff, 0xff, 0xff, 0xff,
    0xff, 0xff, 0xff, 0xff, 0xff, 0xff, 0xff, 0xff, 0xff, 0xff, 0xff, 0xff,
    0xff, 0xff, 0xff, 0xff, 0xff, 0xff, 0xff, 0xff, 0xff, 0xff, 0xff, 0xff,
    0xff, 0xff, 0xff, 0xff, 0xff, 0xff, 0xff, 0xff, 0xff, 0xff, 0xff, 0xff,
    0xff, 0xff, 0xff, 0xff, 0xff, 0xff, 0xff, 0xff, 0xff, 0xff, 0xff, 0xff,
    0xff, 0xff, 0xff, 0xff, 0xff, 0xff, 0xff, 0xff, 0xff, 0xff, 0xff, 0xff,
    0xff, 0xff, 0xff, 0xff, 0xff, 0xff, 0xff, 0xff, 0xff, 0xff, 0xff, 0xff,
    0xff, 0xff, 0xff, 0xff, 0xff, 0xff, 0xff, 0xff, 0xff, 0xff, 0xff, 0xff,
    0xff, 0xff, 0xff, 0xff, 0xff, 0xff, 0xff, 0xff, 0xff, 0xff, 0xff, 0xff,
    0xff, 0xff, 0xff, 0xff, 0xff, 0xff, 0xff, 0xff, 0xff, 0xff, 0xff, 0xff,
    0xff, 0xff, 0xff, 0xff, 0xff, 0xff, 0xff, 0xff, 0xff, 0xff, 0xff, 0xff,
    0xff, 0xff, 0xff, 0xff, 0xff, 0xff, 0xff, 0xff, 0xff, 0xff, 0xff, 0xff,
    0xff, 0xff, 0xff, 0xff, 0xff, 0xff, 0xff, 0xff, 0xff, 0xff, 0xff, 0xff,
    0xff, 0xff, 0xff, 0xff, 0xff, 0xff, 0xff, 0xff, 0xff, 0xff, 0xff, 0xff,
    0xff, 0xff, 0xff, 0xff, 0xff, 0xff, 0xff, 0xff, 0xff, 0xff, 0xff, 0xff,
    0xff, 0xff, 0xff, 0xff, 0xff, 0xff, 0xff, 0xff, 0xff, 0xff, 0xff, 0xff,
    0xff, 0xff, 0xff, 0xff, 0xff, 0xff, 0xff, 0xff, 0xff, 0xff, 0xff, 0xff,
    0xff, 0xff, 0xff, 0xff, 0xff, 0xff, 0xff, 0xff, 0xff, 0xff, 0xff, 0xff,
    0xff, 0xff, 0xff, 0xff, 0xff, 0xff, 0xff, 0xff, 0xff, 0xff, 0xff, 0xff,
    0xff, 0xff, 0xff, 0xff, 0xff, 0xff, 0xff, 0xff, 0xff, 0xff, 0xff, 0xff,
    0xff, 0xff, 0xff, 0xff, 0xff, 0xff, 0xff, 0xff, 0xff, 0xff, 0xff, 0xff,
    0xff, 0xff, 0xff, 0xff, 0xff, 0xff, 0xff, 0xff, 0xff, 0xff, 0xff, 0xff,
    0xff, 0xff, 0xff, 0xff, 0xff, 0xff, 0xff, 0xff, 0xff, 0xff, 0xff, 0xff,
    0xff, 0xff, 0xff, 0xff, 0xff, 0xff, 0xff, 0xff, 0xff, 0xff, 0xff, 0xff,
    0xff, 0xff, 0xff, 0xff, 0xff, 0xff, 0xff, 0xff, 0xff, 0xff, 0xff, 0xff,
    0xff, 0xff, 0xff, 0xff, 0xff, 0xff, 0xff, 0xff, 0xff, 0xff, 0xff, 0xff,
    0xff, 0xff, 0xff, 0xff, 0xff, 0xff, 0xff, 0xff, 0xff, 0xff, 0xff, 0xff,
    0xff, 0xff, 0xff, 0xff, 0xff, 0xff, 0xff, 0xff, 0xff, 0xff, 0xff, 0xff,
    0xff, 0xff, 0xff, 0xff, 0xff, 0xff, 0xff, 0xff, 0xff, 0xff, 0xff, 0xff,
    0xff, 0xff, 0xff, 0xff, 0xff, 0xff, 0xff, 0xff, 0xff, 0xff, 0xff, 0xff,
    0xff, 0xff, 0xff, 0xff, 0xff, 0xff, 0xff, 0xff, 0xff, 0xff, 0xff, 0xff,
    0xff, 0xff, 0xff, 0xff, 0xff, 0xff, 0xff, 0xff, 0xff, 0xff, 0xff, 0xff,
    0xff, 0xff, 0xff, 0xff, 0xff, 0xff, 0xff, 0xff, 0xff, 0xff, 0xff, 0xff,
    0xff, 0xff, 0xff, 0xff, 0xff, 0xff, 0xff, 0xff, 0xff, 0xff, 0xff, 0xff,
    0xff, 0xff, 0xff, 0xff, 0xff, 0xff, 0xff, 0xff, 0xff, 0xff, 0xff, 0xff,
    0xff, 0xff, 0xff, 0xff, 0xff, 0xff, 0xff, 0xff, 0xff, 0xff, 0xff, 0xff,
    0xff, 0xff, 0xff, 0xff, 0xff, 0xff, 0xff, 0xff, 0xff, 0xff, 0xff, 0xff,
    0xff, 0xff, 0xff, 0xff, 0xff, 0xff, 0xff, 0xff, 0xff, 0xff, 0xff, 0xff,
    0xff, 0xff, 0xff, 0xff, 0xff, 0xff, 0xff, 0xff, 0xff, 0xff, 0xff, 0xff,
    0xff, 0xff, 0xff, 0xff, 0xff, 0xff, 0xff, 0xff, 0xff, 0xff, 0xff, 0xff,
    0xff, 0xff, 0xff, 0xff, 0xff, 0xff, 0xff, 0xff, 0xff, 0xff, 0xff, 0xff,
    0xff, 0xff, 0xff, 0xff, 0xff, 0xff, 0xff, 0xff, 0xff, 0xff, 0xff, 0xff,
    0xff, 0xff, 0xff, 0xff, 0xff, 0xff, 0xff, 0xff, 0xff, 0xff, 0xff, 0xff,
    0xff, 0xff, 0xff, 0xff, 0xff, 0xff, 0xff, 0xff, 0xff, 0xff, 0xff, 0xff,
    0xff, 0xff, 0xff, 0xff, 0xff, 0xff, 0xff, 0xff, 0xff, 0xff, 0xff, 0xff,
    0xff, 0xff, 0xff, 0xff, 0xff, 0xff, 0xff, 0xff, 0xff, 0xff, 0xff, 0xff,
    0xff, 0xff, 0xff, 0xff, 0xff, 0xff, 0xff, 0xff, 0xff, 0xff, 0xff, 0xff,
    0xff, 0xff, 0xff, 0xff, 0xff, 0xff, 0xff, 0xff, 0xff, 0xff, 0xff, 0xff,
    0xff, 0xff, 0xff, 0xff, 0xff, 0xff, 0xff, 0xff, 0xff, 0xff, 0xff, 0xff,
    0xff, 0xff, 0xff, 0xff, 0xff, 0xff, 0xff, 0xff, 0xff, 0xff, 0xff, 0xff,
    0xff, 0xff, 0xff, 0xff, 0xff, 0xff, 0xff, 0xff, 0xff, 0xff, 0xff, 0xff,
    0xff, 0xff, 0xff, 0xff, 0xff, 0xff, 0xff, 0xff, 0xff, 0xff, 0xff, 0xff,
    0xff, 0xff, 0xff, 0xff, 0xff, 0xff, 0xff, 0xff, 0xff, 0xff, 0xff, 0xff,
    0xff, 0xff, 0xff, 0xff, 0xff, 0xff, 0xff, 0xff, 0xff, 0xff, 0xff, 0xff,
    0xff, 0xff, 0xff, 0xff, 0xff, 0xff, 0xff, 0xff, 0xff, 0xff, 0xff, 0xff,
    0xff, 0xff, 0xff, 0xff, 0xff, 0xff, 0xff, 0xff, 0xff, 0xff, 0xff, 0xff,
    0xff, 0xff, 0xff, 0xff, 0xff, 0xff, 0xff, 0xff, 0xff, 0xff, 0xff, 0xff,
    0xff, 0xff, 0xff, 0xff, 0xff, 0xff, 0xff, 0xff, 0xff, 0xff, 0xff, 0xff,
    0xff, 0xff, 0xff, 0xff, 0xff, 0xff, 0xff, 0xff, 0xff, 0xff, 0xff, 0xff,
    0xff, 0xff, 0xff, 0xff, 0xff, 0xff, 0xff, 0xff, 0xff, 0xff, 0xff, 0xff,
    0xff, 0xff, 0xff, 0xff, 0xff, 0xff, 0xff, 0xff, 0xff, 0xff, 0xff, 0xff,
    0xff, 0xff, 0xff, 0xff, 0xff, 0xff, 0xff, 0xff, 0xff, 0xff, 0xff, 0xff,
    0xff, 0xff, 0xff, 0xff, 0xff, 0xff, 0xff, 0xff, 0xff, 0xff, 0xff, 0xff,
    0xff, 0xff, 0xff, 0xff, 0xff, 0xff, 0xff, 0xff, 0xff, 0xff, 0xff, 0xff,
    0xff, 0xff, 0xff, 0xff, 0xff, 0xff, 0xff, 0xff, 0xff, 0xff, 0xff, 0xff,
    0xff, 0xff, 0xff, 0xff, 0xff, 0xff, 0xff, 0xff, 0xff, 0xff, 0xff, 0xff,
    0xff, 0xff, 0xff, 0xff, 0xff, 0xff, 0xff, 0xff, 0xff, 0xff, 0xff, 0xff,
    0xff, 0xff, 0xff, 0xff, 0xff, 0xff, 0xff, 0xff, 0xff, 0xff, 0xff, 0xff,
    0xff, 0xff, 0xff, 0xff, 0xff, 0xff, 0xff, 0xff, 0xff, 0xff, 0xff, 0xff,
    0xff, 0xff, 0xff, 0xff, 0xff, 0xff, 0xff, 0xff, 0xff, 0xff, 0xff, 0xff,
    0xff, 0xff, 0xff, 0xff, 0xff, 0xff, 0xff, 0xff, 0xff, 0xff, 0xff, 0xff,
    0xff, 0xff, 0xff, 0xff, 0xff, 0xff, 0xff, 0xff, 0xff, 0xff, 0xff, 0xff,
    0xff, 0xff, 0xff, 0xff, 0xff, 0xff, 0xff, 0xff, 0xff, 0xff, 0xff, 0xff,
    0xff, 0xff, 0xff, 0xff, 0xff, 0xff, 0xff, 0xff, 0xff, 0xff, 0xff, 0xff,
    0xff, 0xff, 0xff, 0xff, 0xff, 0xff, 0xff, 0xff, 0xff, 0xff, 0xff, 0xff,
    0xff, 0xff, 0xff, 0xff, 0xff, 0xff, 0xff, 0xff, 0xff, 0xff, 0xff, 0xff,
    0xff, 0xff, 0xff, 0xff, 0xff, 0xff, 0xff, 0xff, 0xff, 0xff, 0xff, 0xff,
    0xff, 0xff, 0xff, 0xff, 0xff, 0xff, 0xff, 0xff, 0xff, 0xff, 0xff, 0xff,
    0xff, 0xff, 0xff, 0xff, 0xff, 0xff, 0xff, 0xff, 0xff, 0xff, 0xff, 0xff,
    0xff, 0xff, 0xff, 0xff, 0xff, 0xff, 0xff, 0xff, 0xff, 0xff, 0xff, 0xff,
    0xff, 0xff, 0xff, 0xff, 0xff, 0xff, 0xff, 0xff, 0xff, 0xff, 0xff, 0xff,
    0xff, 0xff, 0xff, 0xff, 0xff, 0xff, 0xff, 0xff, 0xff, 0xff, 0xff, 0xff,
    0xff, 0xff, 0xff, 0xff, 0xff, 0xff, 0xff, 0xff, 0xff, 0xff, 0xff, 0xff,
    0xff, 0xff, 0xff, 0xff, 0xff, 0xff, 0xff, 0xff, 0xff, 0xff, 0xff, 0xff,
    0xff, 0xff, 0xff, 0xff, 0xff, 0xff, 0xff, 0xff, 0xff, 0xff, 0xff, 0xff,
    0xff, 0xff, 0xff, 0xff, 0xff, 0xff, 0xff, 0xff, 0xff, 0xff, 0xff, 0xff,
    0xff, 0xff, 0xff, 0xff, 0xff, 0xff, 0xff, 0xff, 0xff, 0xff, 0xff, 0xff,
    0xff, 0xff, 0xff, 0xff, 0xff, 0xff, 0xff, 0xff, 0xff, 0xff, 0xff, 0xff,
    0xff, 0xff, 0xff, 0xff, 0xff, 0xff, 0xff, 0xff, 0xff, 0xff, 0xff, 0xff,
    0xff, 0xff, 0xff, 0xff, 0xff, 0xff, 0xff, 0xff, 0xff, 0xff, 0xff, 0xff,
    0xff, 0xff, 0xff, 0xff, 0xff, 0xff, 0xff, 0xff, 0xff, 0xff, 0xff, 0xff,
    0xff, 0xff, 0xff, 0xff, 0xff, 0xff, 0xff, 0xff, 0xff, 0xff, 0xff, 0xff,
    0xff, 0xff, 0xff, 0xff, 0xff, 0xff, 0xff, 0xff, 0xff, 0xff, 0xff, 0xff,
    0xff, 0xff, 0xff, 0xff, 0xff, 0xff, 0xff, 0xff, 0xff, 0xff, 0xff, 0xff,
    0xff, 0xff, 0xff, 0xff, 0xff, 0xff, 0xff, 0xff, 0xff, 0xff, 0xff, 0xff,
    0xff, 0xff, 0xff, 0xff, 0xff, 0xff, 0xff, 0xff, 0xff, 0xff, 0xff, 0xff,
    0xff, 0xff, 0xff, 0xff, 0xff, 0xff, 0xff, 0xff, 0xff, 0xff, 0xff, 0xff,
    0xff, 0xff, 0xff, 0xff, 0xff, 0xff, 0xff, 0xff, 0xff, 0xff, 0xff, 0xff,
    0xff, 0xff, 0xff, 0xff, 0xff, 0xff, 0xff, 0xff, 0xff, 0xff, 0xff, 0xff,
    0xff, 0xff, 0xff, 0xff, 0xff, 0xff, 0xff, 0xff, 0xff, 0xff, 0xff, 0xff,
    0xff, 0xff, 0xff, 0xff, 0xff, 0xff, 0xff, 0xff, 0xff, 0xff, 0xff, 0xff,
    0xff, 0xff, 0xff, 0xff, 0xff, 0xff, 0xff, 0xff, 0xff, 0xff, 0xff, 0xff,
    0xff, 0xff, 0xff, 0xff, 0xff, 0xff, 0xff, 0xff, 0xff, 0xff, 0xff, 0xff,
    0xff, 0xff, 0xff, 0xff, 0xff, 0xff, 0xff, 0xff, 0xff, 0xff, 0xff, 0xff,
    0xff, 0xff, 0xff, 0xff, 0xff, 0xff, 0xff, 0xff, 0xff, 0xff, 0xff, 0xff,
    0xff, 0xff, 0xff, 0xff, 0xff, 0xff, 0xff, 0xff, 0xff, 0xff, 0xff, 0xff,
    0xff, 0xff, 0xff, 0xff, 0xff, 0xff, 0xff, 0xff, 0xff, 0xff, 0xff, 0xff,
    0xff, 0xff, 0xff, 0xff, 0xff, 0xff, 0xff, 0xff, 0xff, 0xff, 0xff, 0xff,
    0xff, 0xff, 0xff, 0xff, 0xff, 0xff, 0xff, 0xff, 0xff, 0xff, 0xff, 0xff,
    0xff, 0xff, 0xff, 0xff, 0xff, 0xff, 0xff, 0xff, 0xff, 0xff, 0xff, 0xff,
    0xff, 0xff, 0xff, 0xff, 0xff, 0xff, 0xff, 0xff, 0xff, 0xff, 0xff, 0xff,
    0xff, 0xff, 0xff, 0xff, 0xff, 0xff, 0xff, 0xff, 0xff, 0xff, 0xff, 0xff,
    0xff, 0xff, 0xff, 0xff, 0xff, 0xff, 0xff, 0xff, 0xff, 0xff, 0xff, 0xff,
    0xff, 0xff, 0xff, 0xff, 0xff, 0xff, 0xff, 0xff, 0xff, 0xff, 0xff, 0xff,
    0xff, 0xff, 0xff, 0xff, 0xff, 0xff, 0xff, 0xff, 0xff, 0xff, 0xff, 0xff,
    0xff, 0xff, 0xff, 0xff, 0xff, 0xff, 0xff, 0xff, 0xff, 0xff, 0xff, 0xff,
    0xff, 0xff, 0xff, 0xff, 0xff, 0xff, 0xff, 0xff, 0xff, 0xff, 0xff, 0xff,
    0xff, 0xff, 0xff, 0xff, 0xff, 0xff, 0xff, 0xff, 0xff, 0xff, 0xff, 0xff,
    0xff, 0xff, 0xff, 0xff, 0xff, 0xff, 0xff, 0xff, 0xff, 0xff, 0xff, 0xff,
    0xff, 0xff, 0xff, 0xff, 0xff, 0xff, 0xff, 0xff, 0xff, 0xff, 0xff, 0xff,
    0xff, 0xff, 0xff, 0xff, 0xff, 0xff, 0xff, 0xff, 0xff, 0xff, 0xff, 0xff,
    0xff, 0xff, 0xff, 0xff, 0xff, 0xff, 0xff, 0xff, 0xff, 0xff, 0xff, 0xff,
    0xff, 0xff, 0xff, 0xff, 0xff, 0xff, 0xff, 0xff, 0xff, 0xff, 0xff, 0xff,
    0xff, 0xff, 0xff, 0xff, 0xff, 0xff, 0xff, 0xff, 0xff, 0xff, 0xff, 0xff,
    0xff, 0xff, 0xff, 0xff, 0xff, 0xff, 0xff, 0xff, 0xff, 0xff, 0xff, 0xff,
    0xff, 0xff, 0xff, 0xff, 0xff, 0xff, 0xff, 0xff, 0xff, 0xff, 0xff, 0xff,
    0xff, 0xff, 0xff, 0xff, 0xff, 0xff, 0xff, 0xff, 0xff, 0xff, 0xff, 0xff
};
