2025-12-19 12:08:53,061 [INFO] Activator:176 - 


2025-12-19 12:08:53,065 [INFO] Activator:177 - !SESSION log4j initialized
2025-12-19 12:08:55,493 [INFO] ApplicationProperties:184 - Using Application install path: C:\ST\STM32CubeIDE_1.17.0\STM32CubeIDE\plugins\com.st.stm32cube.common.mx_6.13.0.202411220809
2025-12-19 12:08:55,510 [INFO] DbMcusXml:78 - Set database path to: C:\ST\STM32CubeIDE_1.17.0\STM32CubeIDE\plugins\com.st.stm32cube.common.mx_6.13.0.202411220809\\db\/mcu/
2025-12-19 12:08:55,510 [INFO] ApiDb:274 - Set plugin database path to: C:\ST\STM32CubeIDE_1.17.0\STM32CubeIDE\plugins\com.st.stm32cube.common.mx_6.13.0.202411220809\\db\/plugins/boardmanager/
2025-12-19 12:08:55,510 [WARN] ApiDb:259 - Overriding images path with different value:  => C:\ST\STM32CubeIDE_1.17.0\STM32CubeIDE\plugins\com.st.stm32cube.common.mx_6.13.0.202411220809\\db\/plugins/mcufinder/images/
2025-12-19 12:08:55,520 [INFO] ApiDb:250 - Set database path to: C:\Users\kamil\.stmcufinder\plugins\mcufinder//mcu/
2025-12-19 12:08:55,521 [INFO] DbMcusAds:125 - Set database path to: C:\Users\kamil\.stmcufinder\plugins\mcufinder//mcu/
2025-12-19 12:08:55,529 [INFO] CrossReferenceDbSqlite:203 - Set database path to: C:\Users\kamil\.stmcufinder\plugins\mcufinder//mcu/cs/
2025-12-19 12:08:55,633 [INFO] RulesReader:64 - Compatibility file has been processed (297 Rules)
2025-12-19 12:08:55,723 [INFO] DbMcusXml:78 - Set database path to: C:\ST\STM32CubeIDE_1.17.0\STM32CubeIDE\plugins\com.st.stm32cube.common.mx_6.13.0.202411220809\\db\/mcu/
2025-12-19 12:08:55,723 [INFO] ApiDb:274 - Set plugin database path to: C:\ST\STM32CubeIDE_1.17.0\STM32CubeIDE\plugins\com.st.stm32cube.common.mx_6.13.0.202411220809\\db\/plugins/boardmanager/
2025-12-19 12:08:55,723 [INFO] ApiDb:261 - Set plugin images path to: C:\ST\STM32CubeIDE_1.17.0\STM32CubeIDE\plugins\com.st.stm32cube.common.mx_6.13.0.202411220809\\db\/plugins/mcufinder/images/
2025-12-19 12:08:55,723 [WARN] DbFile:41 - Overriding database path with different value: C:\Users\kamil\.stmcufinder\plugins\mcufinder/ => C:\Users\kamil\.stmcufinder\plugins\mcufinder
2025-12-19 12:08:55,723 [INFO] ApiDb:250 - Set database path to: C:\Users\kamil\.stmcufinder\plugins\mcufinder//mcu/
2025-12-19 12:08:55,724 [WARN] DbFile:41 - Overriding database path with different value: C:\Users\kamil\.stmcufinder\plugins\mcufinder/ => C:\Users\kamil\.stmcufinder\plugins\mcufinder
2025-12-19 12:08:55,724 [INFO] DbMcusAds:125 - Set database path to: C:\Users\kamil\.stmcufinder\plugins\mcufinder//mcu/
2025-12-19 12:08:55,724 [WARN] DbFile:41 - Overriding database path with different value: C:\Users\kamil\.stmcufinder\plugins\mcufinder/ => C:\Users\kamil\.stmcufinder\plugins\mcufinder
2025-12-19 12:08:55,724 [WARN] DbFile:41 - Overriding database path with different value: C:\Users\kamil\.stmcufinder\plugins\mcufinder/ => C:\Users\kamil\.stmcufinder\plugins\mcufinder
2025-12-19 12:08:55,724 [INFO] CrossReferenceDbSqlite:203 - Set database path to: C:\Users\kamil\.stmcufinder\plugins\mcufinder//mcu/cs/
2025-12-19 12:08:55,816 [INFO] MainPanel:272 - HeapMemory: 268435456
2025-12-19 12:08:55,940 [INFO] DbMcusXml:78 - Set database path to: C:\ST\STM32CubeIDE_1.17.0\STM32CubeIDE\plugins\com.st.stm32cube.common.mx_6.13.0.202411220809\\db\/mcu/
2025-12-19 12:08:55,940 [INFO] ApiDb:274 - Set plugin database path to: C:\ST\STM32CubeIDE_1.17.0\STM32CubeIDE\plugins\com.st.stm32cube.common.mx_6.13.0.202411220809\\db\/plugins/boardmanager/
2025-12-19 12:08:55,940 [INFO] ApiDb:261 - Set plugin images path to: C:\ST\STM32CubeIDE_1.17.0\STM32CubeIDE\plugins\com.st.stm32cube.common.mx_6.13.0.202411220809\\db\/plugins/mcufinder/images/
2025-12-19 12:08:55,940 [WARN] DbFile:41 - Overriding database path with different value: C:\Users\kamil\.stmcufinder\plugins\mcufinder/ => C:\Users\kamil\.stmcufinder\plugins\mcufinder
2025-12-19 12:08:55,940 [INFO] ApiDb:250 - Set database path to: C:\Users\kamil\.stmcufinder\plugins\mcufinder//mcu/
2025-12-19 12:08:55,940 [WARN] DbFile:41 - Overriding database path with different value: C:\Users\kamil\.stmcufinder\plugins\mcufinder/ => C:\Users\kamil\.stmcufinder\plugins\mcufinder
2025-12-19 12:08:55,940 [INFO] DbMcusAds:125 - Set database path to: C:\Users\kamil\.stmcufinder\plugins\mcufinder//mcu/
2025-12-19 12:08:55,941 [WARN] DbFile:41 - Overriding database path with different value: C:\Users\kamil\.stmcufinder\plugins\mcufinder/ => C:\Users\kamil\.stmcufinder\plugins\mcufinder
2025-12-19 12:08:55,941 [WARN] DbFile:41 - Overriding database path with different value: C:\Users\kamil\.stmcufinder\plugins\mcufinder/ => C:\Users\kamil\.stmcufinder\plugins\mcufinder
2025-12-19 12:08:55,941 [INFO] CrossReferenceDbSqlite:203 - Set database path to: C:\Users\kamil\.stmcufinder\plugins\mcufinder//mcu/cs/
2025-12-19 12:08:55,954 [INFO] ApplicationProperties:184 - Using Application install path: C:\ST\STM32CubeIDE_1.17.0\STM32CubeIDE\plugins\com.st.stm32cube.common.mx_6.13.0.202411220809
2025-12-19 12:08:55,955 [INFO] PluginManage:196 - Search for loadable plugins [exclusion list=, ]
2025-12-19 12:08:55,957 [INFO] PluginManage:310 - Check plugin analytics
2025-12-19 12:08:56,193 [INFO] AnalyticsPlugin:253 - Accepted Software Licenses: 
2025-12-19 12:08:56,194 [INFO] AnalyticsPlugin:255 - Accepted CMSIS Pack Licenses: 
2025-12-19 12:08:56,194 [INFO] AnalyticsPlugin:257 - Accepted Firmware Licenses: FW.F7.1.17.0
2025-12-19 12:08:56,196 [INFO] PluginManage:359 - Loaded plugin analytics (category:tool,tabindex:-1)
2025-12-19 12:08:56,197 [INFO] PluginManage:310 - Check plugin cadmodel
2025-12-19 12:08:56,219 [INFO] CADModel:105 - Init CAD model plugin
2025-12-19 12:08:56,220 [INFO] PluginManage:359 - Loaded plugin cadmodel (category:power,tabindex:5)
2025-12-19 12:08:56,220 [INFO] PluginManage:310 - Check plugin clock
2025-12-19 12:08:56,245 [INFO] PluginManage:359 - Loaded plugin clock (category:base,tabindex:2)
2025-12-19 12:08:56,245 [INFO] PluginManage:310 - Check plugin ddr
2025-12-19 12:08:56,247 [INFO] PluginManage:359 - Loaded plugin ddr (category:tool,tabindex:6)
2025-12-19 12:08:56,247 [INFO] PluginManage:310 - Check plugin filemanager
2025-12-19 12:08:56,385 [INFO] PluginManage:359 - Loaded plugin filemanager (category:base,tabindex:10)
2025-12-19 12:08:56,385 [INFO] PluginManage:310 - Check plugin ipmanager
2025-12-19 12:08:56,391 [INFO] PluginManage:359 - Loaded plugin ipmanager (category:base,tabindex:5)
2025-12-19 12:08:56,391 [INFO] PluginManage:310 - Check plugin lpbam
2025-12-19 12:08:56,410 [INFO] PluginManage:359 - Loaded plugin lpbam (category:base,tabindex:0)
2025-12-19 12:08:56,410 [INFO] PluginManage:310 - Check plugin memorymap
2025-12-19 12:08:56,433 [INFO] PluginManage:359 - Loaded plugin memorymap (category:base,tabindex:4)
2025-12-19 12:08:56,433 [INFO] PluginManage:310 - Check plugin pinoutandconfiguration
2025-12-19 12:08:56,453 [INFO] PluginManage:359 - Loaded plugin pinoutandconfiguration (category:base,tabindex:1)
2025-12-19 12:08:56,454 [INFO] PluginManage:310 - Check plugin pinoutconfig
2025-12-19 12:08:56,550 [WARN] SupportedApi:132 - Cannot load RTOS API schema: s4s-elt-must-match.1: The content of 'definitions' must match (annotation?, (simpleType | complexType)?, (unique | key | keyref)*)). A problem was found starting at: attribute.
2025-12-19 12:08:56,671 [INFO] PluginManage:359 - Loaded plugin pinoutconfig (category:base,tabindex:0)
2025-12-19 12:08:56,672 [INFO] PluginManage:310 - Check plugin power
2025-12-19 12:08:56,693 [INFO] PluginManage:359 - Loaded plugin power (category:power,tabindex:4)
2025-12-19 12:08:56,693 [INFO] PluginManage:310 - Check plugin projectmanager
2025-12-19 12:08:56,709 [INFO] PluginManage:359 - Loaded plugin projectmanager (category:projectmanager,tabindex:4)
2025-12-19 12:08:56,710 [INFO] PluginManage:310 - Check plugin rif
2025-12-19 12:08:56,730 [INFO] PluginManage:359 - Loaded plugin rif (category:base,tabindex:3)
2025-12-19 12:08:56,731 [INFO] PluginManage:310 - Check plugin thirdparty
2025-12-19 12:08:57,082 [INFO] PluginManage:359 - Loaded plugin thirdparty (category:base,tabindex:-1)
2025-12-19 12:08:57,082 [INFO] PluginManage:310 - Check plugin tools
2025-12-19 12:08:57,082 [WARN] IntegrityCheckThread:84 - waiting for thirdparty lock release [integrity check]
2025-12-19 12:08:57,085 [INFO] IntegrityCheckThread:86 - entering critical section [integrity check]
2025-12-19 12:08:57,085 [INFO] ThirdPartyUpdaterWithRetryManager:70 - Updater plugin not ready yet. [1/15]
2025-12-19 12:08:57,126 [INFO] PluginManage:359 - Loaded plugin tools (category:base,tabindex:7)
2025-12-19 12:08:57,126 [INFO] PluginManage:310 - Check plugin tutovideos
2025-12-19 12:08:57,339 [INFO] PluginManage:359 - Loaded plugin tutovideos (category:base,tabindex:-1)
2025-12-19 12:08:57,339 [INFO] PluginManage:310 - Check plugin updater
2025-12-19 12:08:57,357 [INFO] PluginManage:359 - Loaded plugin updater (category:base,tabindex:12)
2025-12-19 12:08:57,357 [INFO] PluginManage:310 - Check plugin userauth
2025-12-19 12:08:57,364 [INFO] UserAuth:118 - Init User Auth plugin
2025-12-19 12:08:57,364 [INFO] PluginManage:359 - Loaded plugin userauth (category:base,tabindex:14)
2025-12-19 12:08:57,367 [INFO] PluginManage:283 - PluginManage : Loaded plugins [18]
2025-12-19 12:08:57,570 [INFO] PinOutPanel:1589 - setPackage(No Configuration,No Configuration)
2025-12-19 12:08:57,651 [INFO] CADModel:165 - CPN selected for project level
2025-12-19 12:08:57,651 [INFO] CADModel:114 - Register for checkConnection events
2025-12-19 12:08:57,677 [INFO] IPUIPlugin:80 - create IPUIPlugin
2025-12-19 12:08:57,677 [INFO] PluginManager:220 - loadIPPluginJar : add adc
2025-12-19 12:08:57,724 [INFO] IPUIPlugin:80 - create IPUIPlugin
2025-12-19 12:08:57,724 [INFO] PluginManager:220 - loadIPPluginJar : add aes
2025-12-19 12:08:57,774 [INFO] IPUIPlugin:80 - create IPUIPlugin
2025-12-19 12:08:57,774 [INFO] PluginManager:220 - loadIPPluginJar : add can
2025-12-19 12:08:57,804 [INFO] IPUIPlugin:80 - create IPUIPlugin
2025-12-19 12:08:57,804 [INFO] PluginManager:220 - loadIPPluginJar : add comp
2025-12-19 12:08:57,840 [INFO] IPUIPlugin:80 - create IPUIPlugin
2025-12-19 12:08:57,840 [INFO] PluginManager:220 - loadIPPluginJar : add cryp
2025-12-19 12:08:57,859 [INFO] IPUIPlugin:80 - create IPUIPlugin
2025-12-19 12:08:57,859 [INFO] PluginManager:220 - loadIPPluginJar : add ddr_ctrl_phy
2025-12-19 12:08:57,888 [INFO] IPUIPlugin:80 - create IPUIPlugin
2025-12-19 12:08:57,888 [INFO] PluginManager:220 - loadIPPluginJar : add dfsdm
2025-12-19 12:08:57,905 [INFO] IPUIPlugin:80 - create IPUIPlugin
2025-12-19 12:08:57,905 [INFO] PluginManager:220 - loadIPPluginJar : add dma
2025-12-19 12:08:57,955 [INFO] IPUIPlugin:80 - create IPUIPlugin
2025-12-19 12:08:57,955 [INFO] PluginManager:220 - loadIPPluginJar : add dma3
2025-12-19 12:08:58,004 [INFO] IPUIPlugin:80 - create IPUIPlugin
2025-12-19 12:08:58,004 [INFO] PluginManager:220 - loadIPPluginJar : add extmemmanager
2025-12-19 12:08:58,028 [INFO] IPUIPlugin:80 - create IPUIPlugin
2025-12-19 12:08:58,028 [INFO] PluginManager:220 - loadIPPluginJar : add fatfs
2025-12-19 12:08:58,078 [INFO] IPUIPlugin:80 - create IPUIPlugin
2025-12-19 12:08:58,078 [INFO] PluginManager:220 - loadIPPluginJar : add fmc
2025-12-19 12:08:58,099 [INFO] IPUIPlugin:80 - create IPUIPlugin
2025-12-19 12:08:58,099 [INFO] PluginManager:220 - loadIPPluginJar : add freertos
2025-12-19 12:08:58,120 [INFO] IPUIPlugin:80 - create IPUIPlugin
2025-12-19 12:08:58,120 [INFO] PluginManager:220 - loadIPPluginJar : add genericplugin
2025-12-19 12:08:58,226 [INFO] IPUIPlugin:80 - create IPUIPlugin
2025-12-19 12:08:58,226 [INFO] PluginManager:220 - loadIPPluginJar : add gfxmmu
2025-12-19 12:08:58,367 [INFO] IPUIPlugin:80 - create IPUIPlugin
2025-12-19 12:08:58,367 [INFO] PluginManager:220 - loadIPPluginJar : add gic
2025-12-19 12:08:58,383 [INFO] IPUIPlugin:80 - create IPUIPlugin
2025-12-19 12:08:58,383 [INFO] PluginManager:220 - loadIPPluginJar : add gpio
2025-12-19 12:08:58,483 [INFO] IPUIPlugin:80 - create IPUIPlugin
2025-12-19 12:08:58,483 [INFO] PluginManager:220 - loadIPPluginJar : add gtzc
2025-12-19 12:08:58,516 [INFO] IPUIPlugin:80 - create IPUIPlugin
2025-12-19 12:08:58,516 [INFO] PluginManager:220 - loadIPPluginJar : add hash
2025-12-19 12:08:58,579 [INFO] IPUIPlugin:80 - create IPUIPlugin
2025-12-19 12:08:58,579 [INFO] PluginManager:220 - loadIPPluginJar : add i2c
2025-12-19 12:08:58,626 [INFO] IPUIPlugin:80 - create IPUIPlugin
2025-12-19 12:08:58,626 [INFO] PluginManager:220 - loadIPPluginJar : add i2s
2025-12-19 12:08:58,667 [INFO] IPUIPlugin:80 - create IPUIPlugin
2025-12-19 12:08:58,667 [INFO] PluginManager:220 - loadIPPluginJar : add i3c
2025-12-19 12:08:58,763 [INFO] IPUIPlugin:80 - create IPUIPlugin
2025-12-19 12:08:58,763 [INFO] PluginManager:220 - loadIPPluginJar : add ipddr
2025-12-19 12:08:58,862 [INFO] IPUIPlugin:80 - create IPUIPlugin
2025-12-19 12:08:58,862 [INFO] PluginManager:220 - loadIPPluginJar : add linkedlist
2025-12-19 12:08:58,909 [INFO] IPUIPlugin:80 - create IPUIPlugin
2025-12-19 12:08:58,909 [INFO] PluginManager:220 - loadIPPluginJar : add lorawan
2025-12-19 12:08:58,945 [INFO] IPUIPlugin:80 - create IPUIPlugin
2025-12-19 12:08:58,945 [INFO] PluginManager:220 - loadIPPluginJar : add ltdc
2025-12-19 12:08:58,962 [INFO] IPUIPlugin:80 - create IPUIPlugin
2025-12-19 12:08:58,962 [INFO] PluginManager:220 - loadIPPluginJar : add mdma
2025-12-19 12:08:58,979 [INFO] IPUIPlugin:80 - create IPUIPlugin
2025-12-19 12:08:58,979 [INFO] PluginManager:220 - loadIPPluginJar : add nvic
2025-12-19 12:08:59,025 [INFO] IPUIPlugin:80 - create IPUIPlugin
2025-12-19 12:08:59,025 [INFO] PluginManager:220 - loadIPPluginJar : add opamp
2025-12-19 12:08:59,095 [INFO] IPUIPlugin:80 - create IPUIPlugin
2025-12-19 12:08:59,095 [INFO] PluginManager:220 - loadIPPluginJar : add openamp
2025-12-19 12:08:59,145 [INFO] IPUIPlugin:80 - create IPUIPlugin
2025-12-19 12:08:59,145 [INFO] PluginManager:220 - loadIPPluginJar : add pdm2pcm
2025-12-19 12:08:59,161 [INFO] IPUIPlugin:80 - create IPUIPlugin
2025-12-19 12:08:59,161 [INFO] PluginManager:220 - loadIPPluginJar : add plateformsettings
2025-12-19 12:08:59,195 [INFO] IPUIPlugin:80 - create IPUIPlugin
2025-12-19 12:08:59,195 [INFO] PluginManager:220 - loadIPPluginJar : add quadspi
2025-12-19 12:08:59,227 [INFO] IPUIPlugin:80 - create IPUIPlugin
2025-12-19 12:08:59,227 [INFO] PluginManager:220 - loadIPPluginJar : add radio
2025-12-19 12:08:59,246 [INFO] IPUIPlugin:80 - create IPUIPlugin
2025-12-19 12:08:59,246 [INFO] PluginManager:220 - loadIPPluginJar : add resmgrutility
2025-12-19 12:08:59,298 [INFO] IPUIPlugin:80 - create IPUIPlugin
2025-12-19 12:08:59,298 [INFO] PluginManager:220 - loadIPPluginJar : add sai
2025-12-19 12:08:59,344 [INFO] IPUIPlugin:80 - create IPUIPlugin
2025-12-19 12:08:59,344 [INFO] PluginManager:220 - loadIPPluginJar : add spi
2025-12-19 12:08:59,412 [INFO] IPUIPlugin:80 - create IPUIPlugin
2025-12-19 12:08:59,412 [INFO] PluginManager:220 - loadIPPluginJar : add stm32_wpan
2025-12-19 12:08:59,443 [INFO] IPUIPlugin:80 - create IPUIPlugin
2025-12-19 12:08:59,443 [INFO] PluginManager:220 - loadIPPluginJar : add tim
2025-12-19 12:08:59,511 [INFO] IPUIPlugin:80 - create IPUIPlugin
2025-12-19 12:08:59,511 [INFO] PluginManager:220 - loadIPPluginJar : add touchsensing
2025-12-19 12:08:59,540 [INFO] IPUIPlugin:80 - create IPUIPlugin
2025-12-19 12:08:59,540 [INFO] PluginManager:220 - loadIPPluginJar : add tracer_emb
2025-12-19 12:08:59,566 [INFO] IPUIPlugin:80 - create IPUIPlugin
2025-12-19 12:08:59,566 [INFO] PluginManager:220 - loadIPPluginJar : add ts
2025-12-19 12:08:59,598 [INFO] IPUIPlugin:80 - create IPUIPlugin
2025-12-19 12:08:59,598 [INFO] PluginManager:220 - loadIPPluginJar : add tsc
2025-12-19 12:08:59,626 [INFO] IPUIPlugin:80 - create IPUIPlugin
2025-12-19 12:08:59,626 [INFO] PluginManager:220 - loadIPPluginJar : add ucpd
2025-12-19 12:08:59,673 [INFO] IPUIPlugin:80 - create IPUIPlugin
2025-12-19 12:08:59,673 [INFO] PluginManager:220 - loadIPPluginJar : add usart
2025-12-19 12:08:59,718 [INFO] IPUIPlugin:80 - create IPUIPlugin
2025-12-19 12:08:59,718 [INFO] PluginManager:220 - loadIPPluginJar : add usbx
2025-12-19 12:08:59,836 [FATAL] Updater:351 - Updater called before beeing initialized
2025-12-19 12:08:59,858 [INFO] RulesReader:64 - Compatibility file has been processed (297 Rules)
2025-12-19 12:08:59,859 [INFO] RulesReader:64 - Compatibility file has been processed (297 Rules)
2025-12-19 12:08:59,883 [INFO] CADModel:165 - CPN selected for project level
2025-12-19 12:08:59,883 [INFO] CADModel:114 - Register for checkConnection events
2025-12-19 12:08:59,883 [FATAL] Updater:351 - Updater called before beeing initialized
2025-12-19 12:08:59,883 [ERROR] CADModel:125 - Updater not yet initialized, retry later 
2025-12-19 12:09:00,018 [FATAL] Updater:351 - Updater called before beeing initialized
2025-12-19 12:09:00,024 [INFO] CADModel:165 - CPN selected for project level
2025-12-19 12:09:00,024 [INFO] CADModel:114 - Register for checkConnection events
2025-12-19 12:09:00,024 [FATAL] Updater:351 - Updater called before beeing initialized
2025-12-19 12:09:00,024 [ERROR] CADModel:125 - Updater not yet initialized, retry later 
2025-12-19 12:09:00,027 [FATAL] Updater:351 - Updater called before beeing initialized
2025-12-19 12:09:00,089 [INFO] ThirdPartyUpdaterWithRetryManager:70 - Updater plugin not ready yet. [2/15]
2025-12-19 12:09:00,114 [FATAL] Updater:351 - Updater called before beeing initialized
2025-12-19 12:09:00,128 [INFO] DbMcusAds:53 - JSON generation date=Thu Oct 02 11:36:05 CEST 2025 (1759397765645)
2025-12-19 12:09:00,131 [FATAL] Updater:351 - Updater called before beeing initialized
2025-12-19 12:09:00,163 [WARN] DetailPanel:346 - Failed to get advertising image, set to default
2025-12-19 12:09:00,313 [FATAL] Updater:351 - Updater called before beeing initialized
2025-12-19 12:09:00,321 [FATAL] Updater:351 - Updater called before beeing initialized
2025-12-19 12:09:00,321 [FATAL] Updater:351 - Updater called before beeing initialized
2025-12-19 12:09:00,321 [WARN] DetailPanel:346 - Failed to get advertising image, set to default
2025-12-19 12:09:00,321 [FATAL] Updater:351 - Updater called before beeing initialized
2025-12-19 12:09:00,389 [ERROR] Updater:1198 - MainUpdater not yet initialized. External WinMGr cannot be set.
2025-12-19 12:09:00,400 [INFO] Updater:1134 - Updater Version found : 6.13.0
2025-12-19 12:09:00,414 [INFO] ApplicationProperties:184 - Using Application install path: C:\ST\STM32CubeIDE_1.17.0\STM32CubeIDE\plugins\com.st.stm32cube.common.mx_6.13.0.202411220809
2025-12-19 12:09:00,815 [INFO] MainUpdater:2872 - connection check result : 10
2025-12-19 12:09:00,815 [INFO] MainUpdater:3566 - Updater definition file requires update
2025-12-19 12:09:00,815 [INFO] MainUpdater:289 - Updater Check For Update Now.
2025-12-19 12:09:00,815 [INFO] MicroXplorer:498 - Change Database Version : DB.6.0.130
2025-12-19 12:09:00,912 [INFO] ServerAccessManage:473 - Download File updaters.zip
2025-12-19 12:09:01,153 [INFO] FileExtend:240 - Unzip File : updaters.zip
2025-12-19 12:09:01,153 [INFO] FileExtend:255 - Standard Zip Deflate
2025-12-19 12:09:01,910 [INFO] ServerAccessManage:473 - Download File PacksControlFlags.xml
2025-12-19 12:09:02,099 [INFO] ServerAccessManage:473 - Download File cubemx.pidx
2025-12-19 12:09:02,235 [INFO] LoadServerUpdatesThread:375 - End of LoadServerUpdate Thread
2025-12-19 12:09:02,394 [INFO] CheckServerUpdateThread:120 - End of CheckServer Thread
2025-12-19 12:09:02,518 [INFO] MainUpdater:2872 - connection check result : 10
2025-12-19 12:09:02,528 [INFO] MainUpdater:2872 - connection check result : 10
2025-12-19 12:09:02,822 [INFO] MicroXplorer:468 - Change Database Path : 
2025-12-19 12:09:02,822 [INFO] MicroXplorer:498 - Change Database Version : DB.6.0.130
2025-12-19 12:09:02,830 [WARN] ThirdParty:871 - waiting for thirdparty lock release [close project]
2025-12-19 12:09:03,341 [WARN] PackLoader:240 - Cannot read IP mode file for STMicroelectronics.FP-SNS-MOTENVWB1.1.4.0
2025-12-19 12:09:03,359 [WARN] PackLoader:240 - Cannot read IP mode file for STMicroelectronics.FP-ATR-ASTRA1.2.0.2
2025-12-19 12:09:03,373 [WARN] PackLoader:240 - Cannot read IP mode file for STMicroelectronics.FP-ATR-ASTRA1.2.0.1
2025-12-19 12:09:03,389 [WARN] PackLoader:240 - Cannot read IP mode file for STMicroelectronics.X-CUBE-SMBUS.2.1.0
2025-12-19 12:09:03,406 [WARN] PackLoader:240 - Cannot read IP mode file for STMicroelectronics.X-CUBE-WB05N.1.1.0
2025-12-19 12:09:03,421 [WARN] PackLoader:240 - Cannot read IP mode file for STMicroelectronics.X-CUBE-ST60.1.0.0
2025-12-19 12:09:03,452 [WARN] PackLoader:240 - Cannot read IP mode file for STMicroelectronics.X-CUBE-AZRTOS-F7.1.1.0
2025-12-19 12:09:03,598 [WARN] PackLoader:240 - Cannot read IP mode file for STMicroelectronics.X-CUBE-MEMS1.11.0.0
2025-12-19 12:09:03,685 [ERROR] Engine:466 - C:\Users\kamil\.stm32cubemx\thirdparties\pdsc\STMicroelectronics.FP-SNS-MOTENV1.5.1.0.pdsc: PDSC version is not supported
2025-12-19 12:09:03,699 [WARN] PackLoader:240 - Cannot read IP mode file for STMicroelectronics.FP-SNS-FLIGHT1.5.0.2
2025-12-19 12:09:03,729 [WARN] PackLoader:240 - Cannot read IP mode file for STMicroelectronics.X-CUBE-AZRTOS-H7.3.4.0
2025-12-19 12:09:03,749 [WARN] PackLoader:240 - Cannot read IP mode file for STMicroelectronics.X-CUBE-DISPLAY.3.0.0
2025-12-19 12:09:03,766 [WARN] PackLoader:240 - Cannot read IP mode file for STMicroelectronics.X-CUBE-BLE1.7.0.0
2025-12-19 12:09:03,782 [WARN] PackLoader:240 - Cannot read IP mode file for STMicroelectronics.X-CUBE-NFC10.1.0.0
2025-12-19 12:09:03,799 [WARN] PackLoader:240 - Cannot read IP mode file for STMicroelectronics.X-CUBE-BLEMGR.4.0.0
2025-12-19 12:09:03,811 [WARN] PackLoader:240 - Cannot read IP mode file for STMicroelectronics.X-CUBE-ST60.1.1.0
2025-12-19 12:09:03,828 [WARN] PackLoader:240 - Cannot read IP mode file for emotas.I-CUBE-CANOPEN.1.3.0
2025-12-19 12:09:03,844 [WARN] PackLoader:240 - Cannot read IP mode file for STMicroelectronics.X-CUBE-GNSS1.7.1.0
2025-12-19 12:09:03,864 [WARN] PackLoader:240 - Cannot read IP mode file for STMicroelectronics.X-CUBE-BLEMGR.3.1.0
2025-12-19 12:09:03,880 [WARN] PackLoader:240 - Cannot read IP mode file for STMicroelectronics.X-CUBE-AI.10.0.0
2025-12-19 12:09:03,894 [ERROR] Engine:466 - C:\Users\kamil\.stm32cubemx\thirdparties\pdsc\STMicroelectronics.FP-SNS-STBOX1.2.1.0.pdsc: PDSC version is not supported
2025-12-19 12:09:03,907 [WARN] PackLoader:240 - Cannot read IP mode file for STMicroelectronics.FP-SNS-SMARTAG2.1.2.0
2025-12-19 12:09:03,924 [WARN] PackLoader:240 - Cannot read IP mode file for STMicroelectronics.FP-SNS-FLIGHT1.5.1.0
2025-12-19 12:09:03,958 [WARN] PackLoader:240 - Cannot read IP mode file for STMicroelectronics.X-CUBE-MEMS1.11.1.0
2025-12-19 12:09:04,022 [INFO] LogOutputStream:77 - [STDOUT_REDIRECT] 1 : Invalid condition id : UX_CORESTACK_Condition cause : null
2025-12-19 12:09:04,022 [INFO] LogOutputStream:77 - [STDOUT_REDIRECT] 1 : Invalid condition id : UX_CORESTACK_Condition cause : null
2025-12-19 12:09:04,022 [INFO] LogOutputStream:77 - [STDOUT_REDIRECT] 1 : Invalid condition id : UX_CORESTACK_Condition cause : null
2025-12-19 12:09:04,022 [INFO] LogOutputStream:77 - [STDOUT_REDIRECT] 1 : Invalid condition id : UX_CORESTACK_Condition cause : null
2025-12-19 12:09:04,027 [INFO] LogOutputStream:77 - [STDOUT_REDIRECT] 1 : Invalid condition id : UX_CORESTACK_Condition cause : null
2025-12-19 12:09:04,027 [WARN] PackLoader:240 - Cannot read IP mode file for STMicroelectronics.X-CUBE-AZRTOS-WL.2.0.0
2025-12-19 12:09:04,043 [WARN] PackLoader:240 - Cannot read IP mode file for STMicroelectronics.FP-SNS-MOTENV1.5.0.0
2025-12-19 12:09:04,067 [WARN] PackLoader:240 - Cannot read IP mode file for STMicroelectronics.X-CUBE-AZRTOS-H7RS.1.2.0
2025-12-19 12:09:04,085 [WARN] PackLoader:240 - Cannot read IP mode file for wolfSSL.I-CUBE-wolfMQTT.1.19.0
2025-12-19 12:09:04,100 [WARN] PackLoader:240 - Cannot read IP mode file for WES.I-CUBE-Cesium.1.3.0
2025-12-19 12:09:04,116 [WARN] PackLoader:240 - Cannot read IP mode file for STMicroelectronics.X-CUBE-BLE2.3.3.0
2025-12-19 12:09:04,163 [WARN] PackLoader:240 - Cannot read IP mode file for STMicroelectronics.X-CUBE-NFC9.1.0.0
2025-12-19 12:09:04,173 [WARN] PackLoader:240 - Cannot read IP mode file for STMicroelectronics.X-CUBE-BLE1.7.1.0
2025-12-19 12:09:04,191 [WARN] PackLoader:240 - Cannot read IP mode file for STMicroelectronics.X-CUBE-TCPP.4.1.0
2025-12-19 12:09:04,202 [ERROR] Engine:466 - C:\Users\kamil\.stm32cubemx\thirdparties\pdsc\STMicroelectronics.X-CUBE-FREERTOS.1.4.0.pdsc: PDSC version is not supported
2025-12-19 12:09:04,214 [WARN] PackLoader:240 - Cannot read IP mode file for STMicroelectronics.X-CUBE-EEPRMA1.5.2.0
2025-12-19 12:09:04,231 [ERROR] Engine:466 - C:\Users\kamil\.stm32cubemx\thirdparties\pdsc\STMicroelectronics.X-CUBE-ST67W61.1.1.0.pdsc: PDSC version is not supported
2025-12-19 12:09:04,264 [WARN] PackLoader:240 - Cannot read IP mode file for STMicroelectronics.X-CUBE-MEMS1.12.0.0
2025-12-19 12:09:04,313 [WARN] PackLoader:240 - Cannot read IP mode file for STMicroelectronics.X-CUBE-AZRTOS-G0.1.1.0
2025-12-19 12:09:04,330 [WARN] PackLoader:240 - Cannot read IP mode file for STMicroelectronics.X-CUBE-SAFEA1.1.2.2
2025-12-19 12:09:04,348 [WARN] PackLoader:240 - Cannot read IP mode file for STMicroelectronics.X-CUBE-NFC4.3.0.0
2025-12-19 12:09:04,363 [WARN] PackLoader:240 - Cannot read IP mode file for EmbeddedOffice.I-CUBE-FS-RTOS.1.0.1
2025-12-19 12:09:04,379 [WARN] PackLoader:240 - Cannot read IP mode file for STMicroelectronics.X-CUBE-WB05N.2.0.0
2025-12-19 12:09:04,388 [WARN] PackLoader:240 - Cannot read IP mode file for STMicroelectronics.X-CUBE-TCPP.4.2.0
2025-12-19 12:09:04,404 [WARN] PackLoader:240 - Cannot read IP mode file for RealThread.X-CUBE-RT-Thread_Nano.4.1.1
2025-12-19 12:09:04,420 [WARN] PackLoader:240 - Cannot read IP mode file for STMicroelectronics.FP-ATR-SIGFOX1.3.2.0
2025-12-19 12:09:04,437 [WARN] PackLoader:240 - Cannot read IP mode file for wolfSSL.I-CUBE-wolfSSL.5.7.2
2025-12-19 12:09:04,445 [WARN] ConditionMgr:438 - getConditionDescription Invalid condition id : Cortex-A Device cause : null
2025-12-19 12:09:04,462 [WARN] ConditionMgr:1044 - genDependencies : Invalid condition id : Cortex-A Device cause : null
2025-12-19 12:09:04,462 [WARN] ConditionMgr:1044 - genDependencies : Invalid condition id : Cortex-A Device cause : null
2025-12-19 12:09:04,462 [WARN] ConditionMgr:1044 - genDependencies : Invalid condition id : Cortex-A Device cause : null
2025-12-19 12:09:04,483 [WARN] PackLoader:240 - Cannot read IP mode file for STMicroelectronics.X-CUBE-EEPRMA1.5.1.0
2025-12-19 12:09:04,497 [WARN] PackLoader:240 - Cannot read IP mode file for ITTIA_DB.I-CUBE-ITTIADB.8.9.0
2025-12-19 12:09:04,511 [WARN] PackLoader:240 - Cannot read IP mode file for STMicroelectronics.X-CUBE-ST67W61.1.0.0
2025-12-19 12:09:04,527 [WARN] PackLoader:240 - Cannot read IP mode file for STMicroelectronics.X-CUBE-AI.10.2.0
2025-12-19 12:09:04,549 [WARN] PackLoader:240 - Cannot read IP mode file for SEGGER.I-CUBE-embOS.1.3.1
2025-12-19 12:09:04,568 [WARN] PackLoader:240 - Cannot read IP mode file for STMicroelectronics.X-CUBE-ALGOBUILD.1.4.0
2025-12-19 12:09:04,603 [WARN] PackLoader:240 - Cannot read IP mode file for STMicroelectronics.X-CUBE-MEMS1.11.3.0
2025-12-19 12:09:04,651 [WARN] PackLoader:240 - Cannot read IP mode file for STMicroelectronics.X-CUBE-AI.9.1.0
2025-12-19 12:09:04,667 [WARN] PackLoader:240 - Cannot read IP mode file for STMicroelectronics.X-CUBE-PM33A1.1.0.0
2025-12-19 12:09:04,690 [WARN] PackLoader:240 - Cannot read IP mode file for STMicroelectronics.X-CUBE-AZRTOS-F4.1.1.0
2025-12-19 12:09:04,713 [WARN] PackLoader:240 - Cannot read IP mode file for STMicroelectronics.X-CUBE-ISPU.2.1.0
2025-12-19 12:09:04,734 [ERROR] Engine:466 - C:\Users\kamil\.stm32cubemx\thirdparties\pdsc\STMicroelectronics.X-CUBE-IPS.3.2.0.pdsc: PDSC version is not supported
2025-12-19 12:09:04,750 [WARN] PackLoader:240 - Cannot read IP mode file for STMicroelectronics.X-CUBE-FREERTOS.1.2.0
2025-12-19 12:09:04,766 [WARN] PackLoader:240 - Cannot read IP mode file for STMicroelectronics.X-CUBE-NFC12.1.0.0
2025-12-19 12:09:04,808 [WARN] PackLoader:240 - Cannot read IP mode file for STMicroelectronics.X-CUBE-AZRTOS-L5.2.0.0
2025-12-19 12:09:04,824 [WARN] PackLoader:240 - Cannot read IP mode file for STMicroelectronics.X-CUBE-NFC6.3.1.0
2025-12-19 12:09:04,846 [WARN] PackLoader:240 - Cannot read IP mode file for STMicroelectronics.X-CUBE-DPower.1.2.0
2025-12-19 12:09:04,858 [WARN] PackLoader:240 - Cannot read IP mode file for STMicroelectronics.X-CUBE-FREERTOS.1.3.1
2025-12-19 12:09:04,874 [WARN] PackLoader:240 - Cannot read IP mode file for STMicroelectronics.X-CUBE-FREERTOS.1.3.0
2025-12-19 12:09:04,883 [WARN] PackLoader:240 - Cannot read IP mode file for STMicroelectronics.X-CUBE-NFC7.1.0.1
2025-12-19 12:09:04,908 [WARN] PackLoader:240 - Cannot read IP mode file for STMicroelectronics.X-CUBE-TOUCHGFX.4.26.0
2025-12-19 12:09:04,916 [WARN] PackLoader:240 - Cannot read IP mode file for STMicroelectronics.FP-SNS-STAIOTCFT.1.0.0
2025-12-19 12:09:04,937 [WARN] PackLoader:240 - Cannot read IP mode file for STMicroelectronics.X-CUBE-DPower.1.3.0
2025-12-19 12:09:04,957 [WARN] ConditionMgr:438 - getConditionDescription Invalid condition id : LAN8742 Phy interface Condition cause : null
2025-12-19 12:09:04,957 [WARN] PackLoader:240 - Cannot read IP mode file for STMicroelectronics.X-CUBE-AZRTOS-L4.2.0.0
2025-12-19 12:09:04,957 [WARN] ConditionMgr:1044 - genDependencies : Invalid condition id : LAN8742 Phy interface Condition cause : null
2025-12-19 12:09:04,957 [WARN] ConditionMgr:1044 - genDependencies : Invalid condition id : LAN8742 Phy interface Condition cause : null
2025-12-19 12:09:04,957 [WARN] ConditionMgr:1044 - genDependencies : Invalid condition id : LAN8742 Phy interface Condition cause : null
2025-12-19 12:09:04,974 [WARN] PackLoader:240 - Cannot read IP mode file for STMicroelectronics.X-CUBE-SFXS2LP1.4.0.0
2025-12-19 12:09:05,001 [WARN] PackLoader:240 - Cannot read IP mode file for STMicroelectronics.X-CUBE-AZRTOS-H7.3.3.0
2025-12-19 12:09:05,015 [WARN] PackLoader:240 - Cannot read IP mode file for STMicroelectronics.X-CUBE-BLEMGR.4.1.0
2025-12-19 12:09:05,032 [WARN] PackLoader:240 - Cannot read IP mode file for STMicroelectronics.X-CUBE-IPS.3.0.0
2025-12-19 12:09:05,051 [WARN] ConditionMgr:438 - getConditionDescription Invalid condition id : UX DEVICE CLASS RTOS Condition cause : null
2025-12-19 12:09:05,051 [WARN] ConditionMgr:438 - getConditionDescription Invalid condition id : UX DEVICE CLASS RTOS Condition cause : null
2025-12-19 12:09:05,051 [WARN] PackLoader:240 - Cannot read IP mode file for STMicroelectronics.X-CUBE-AZRTOS-WB.2.0.0
2025-12-19 12:09:05,057 [WARN] ConditionMgr:1044 - genDependencies : Invalid condition id : UX DEVICE CLASS RTOS Condition cause : null
2025-12-19 12:09:05,057 [WARN] ConditionMgr:1044 - genDependencies : Invalid condition id : UX DEVICE CLASS RTOS Condition cause : null
2025-12-19 12:09:05,057 [WARN] ConditionMgr:1044 - genDependencies : Invalid condition id : UX DEVICE CLASS RTOS Condition cause : null
2025-12-19 12:09:05,057 [WARN] ConditionMgr:1044 - genDependencies : Invalid condition id : UX DEVICE CLASS RTOS Condition cause : null
2025-12-19 12:09:05,057 [WARN] ConditionMgr:1044 - genDependencies : Invalid condition id : UX DEVICE CLASS RTOS Condition cause : null
2025-12-19 12:09:05,066 [WARN] PackLoader:240 - Cannot read IP mode file for STMicroelectronics.X-CUBE-GNSS1.7.0.0
2025-12-19 12:09:05,083 [WARN] PackLoader:240 - Cannot read IP mode file for STMicroelectronics.X-CUBE-GNSS1.7.0.1
2025-12-19 12:09:05,093 [WARN] PackLoader:240 - Cannot read IP mode file for STMicroelectronics.X-CUBE-TOUCHGFX.4.25.0
2025-12-19 12:09:05,108 [WARN] PackLoader:240 - Cannot read IP mode file for STMicroelectronics.FP-SNS-STBOX1.2.0.0
2025-12-19 12:09:05,125 [WARN] PackLoader:240 - Cannot read IP mode file for STMicroelectronics.X-CUBE-SUBG2.5.0.0
2025-12-19 12:09:05,150 [WARN] PackLoader:240 - Cannot read IP mode file for STMicroelectronics.X-CUBE-AZRTOS-H7RS.1.1.0
2025-12-19 12:09:05,158 [WARN] PackLoader:240 - Cannot read IP mode file for Cesanta.I-CUBE-Mongoose.7.13.0
2025-12-19 12:09:05,183 [WARN] PackLoader:240 - Cannot read IP mode file for STMicroelectronics.X-CUBE-AZRTOS-G4.2.0.0
2025-12-19 12:09:05,200 [WARN] PackLoader:240 - Cannot read IP mode file for STMicroelectronics.X-CUBE-NFC7.2.0.0
2025-12-19 12:09:05,219 [WARN] PackLoader:240 - Cannot read IP mode file for STMicroelectronics.X-CUBE-IPS.3.1.0
2025-12-19 12:09:05,233 [WARN] PackLoader:240 - Cannot read IP mode file for STMicroelectronics.X-CUBE-ALS.1.0.2
2025-12-19 12:09:05,243 [WARN] PackLoader:240 - Cannot read IP mode file for STMicroelectronics.X-CUBE-TOUCHGFX.4.24.1
2025-12-19 12:09:05,257 [WARN] PackLoader:240 - Cannot read IP mode file for STMicroelectronics.X-CUBE-STSE01.1.0.0
2025-12-19 12:09:05,273 [WARN] PackLoader:240 - Cannot read IP mode file for wolfSSL.I-CUBE-wolfTPM.3.4.0
2025-12-19 12:09:05,282 [WARN] PackLoader:240 - Cannot read IP mode file for portGmbH.I-Cube-SoM-uGOAL.1.1.0
2025-12-19 12:09:05,306 [WARN] PackLoader:240 - Cannot read IP mode file for STMicroelectronics.X-CUBE-AZRTOS-H7RS.1.0.0
2025-12-19 12:09:05,323 [WARN] PackLoader:240 - Cannot read IP mode file for STMicroelectronics.FP-ATR-ASTRA1.2.0.0
2025-12-19 12:09:05,342 [WARN] PackLoader:240 - Cannot read IP mode file for STMicroelectronics.X-CUBE-TOF1.3.4.2
2025-12-19 12:09:05,362 [WARN] PackLoader:240 - Cannot read IP mode file for STMicroelectronics.X-CUBE-TOF1.3.4.3
2025-12-19 12:09:05,381 [WARN] PackLoader:240 - Cannot read IP mode file for Infineon.AIROC-Wi-Fi-Bluetooth-STM32.1.6.1
2025-12-19 12:09:05,400 [WARN] PackLoader:240 - Cannot read IP mode file for wolfSSL.I-CUBE-wolfSSH.1.4.17
2025-12-19 12:09:05,400 [INFO] ThirdParty:978 - Integrity check success = true
2025-12-19 12:09:05,400 [INFO] IntegrityCheckThread:100 - exiting critical section [integrity check]
2025-12-19 12:09:05,400 [INFO] IntegrityCheckThread:103 - End integrity checks thread
2025-12-19 12:09:05,400 [INFO] ThirdParty:873 - entering critical section [close project]
2025-12-19 12:09:05,400 [INFO] ThirdParty:883 - exiting critical section [close project]
2025-12-19 12:09:05,406 [INFO] PinOutPanel:1589 - setPackage(No Configuration,No Configuration)
2025-12-19 12:09:05,406 [INFO] UtilMem:75 - Begin LoadConfig() Used Memory: 277448728 Bytes (339738624)
2025-12-19 12:09:05,414 [INFO] MicroXplorer:468 - Change Database Path : 
2025-12-19 12:09:05,414 [INFO] MicroXplorer:498 - Change Database Version : DB.6.0.130
2025-12-19 12:09:05,414 [INFO] OpenFileManager:332 - Change cursor
2025-12-19 12:09:05,457 [INFO] Mcu:2035 - Initializing MCU STM32H743IITx STM32H743IITx STM32H743IIT6
2025-12-19 12:09:09,137 [INFO] Context:748 - Trying to add GPIOservice into a context  which must be forbidden
2025-12-19 12:09:10,591 [INFO] RtosManager:555 - Registered RTOS mode: class=CMSIS, group=RTOS, mode=CMSIS_V1, owner=FREERTOS
2025-12-19 12:09:10,591 [INFO] RtosManager:555 - Registered RTOS mode: class=CMSIS, group=RTOS2, mode=CMSIS_V2, owner=FREERTOS
2025-12-19 12:09:10,591 [INFO] RtosManager:555 - Registered RTOS mode: class=RTOS, group=Core, mode=CMSIS_V1, owner=FREERTOS
2025-12-19 12:09:10,591 [INFO] RtosManager:555 - Registered RTOS mode: class=RTOS, group=Core, mode=CMSIS_V2, owner=FREERTOS
2025-12-19 12:09:10,591 [WARN] ModelIntegratedComponent:184 - Missing modes for component STMicroelectronics:FreeRTOS:0.0.1:STMicroelectronics:RTOS:FreeRTOS:Core:::10.2.0:
2025-12-19 12:09:10,597 [WARN] ModelIntegratedComponent:63 - No mode defined for component null
2025-12-19 12:09:10,597 [WARN] ModelIntegratedComponent:63 - No mode defined for component null
2025-12-19 12:09:10,597 [WARN] ModelIntegratedComponent:63 - No mode defined for component null
2025-12-19 12:09:10,597 [WARN] ModelIntegratedComponent:63 - No mode defined for component null
2025-12-19 12:09:10,597 [WARN] ModelIntegratedComponent:63 - No mode defined for component null
2025-12-19 12:09:10,597 [WARN] ModelIntegratedComponent:63 - No mode defined for component null
2025-12-19 12:09:10,597 [WARN] ModelIntegratedComponent:63 - No mode defined for component null
2025-12-19 12:09:10,599 [WARN] ModelIntegratedComponent:63 - No mode defined for component null
2025-12-19 12:09:10,599 [WARN] ModelIntegratedComponent:63 - No mode defined for component null
2025-12-19 12:09:10,599 [WARN] ModelIntegratedComponent:63 - No mode defined for component null
2025-12-19 12:09:10,599 [WARN] ModelIntegratedComponent:63 - No mode defined for component null
2025-12-19 12:09:10,599 [WARN] ModelIntegratedComponent:63 - No mode defined for component null
2025-12-19 12:09:10,599 [WARN] ModelIntegratedComponent:63 - No mode defined for component null
2025-12-19 12:09:10,599 [WARN] ModelIntegratedComponent:63 - No mode defined for component null
2025-12-19 12:09:10,599 [WARN] ModelIntegratedComponent:63 - No mode defined for component null
2025-12-19 12:09:10,599 [WARN] ModelIntegratedComponent:63 - No mode defined for component null
2025-12-19 12:09:10,599 [WARN] ModelIntegratedComponent:63 - No mode defined for component null
2025-12-19 12:09:10,599 [WARN] ModelIntegratedComponent:63 - No mode defined for component null
2025-12-19 12:09:10,599 [WARN] ModelIntegratedComponent:63 - No mode defined for component null
2025-12-19 12:09:10,599 [WARN] ModelIntegratedComponent:63 - No mode defined for component null
2025-12-19 12:09:10,599 [WARN] ModelIntegratedComponent:63 - No mode defined for component null
2025-12-19 12:09:10,599 [WARN] ModelIntegratedComponent:63 - No mode defined for component null
2025-12-19 12:09:10,599 [WARN] ModelIntegratedComponent:63 - No mode defined for component null
2025-12-19 12:09:10,599 [WARN] ModelIntegratedComponent:63 - No mode defined for component null
2025-12-19 12:09:10,599 [WARN] ModelIntegratedComponent:63 - No mode defined for component null
2025-12-19 12:09:10,599 [WARN] ModelIntegratedComponent:63 - No mode defined for component null
2025-12-19 12:09:10,599 [WARN] ModelIntegratedComponent:63 - No mode defined for component null
2025-12-19 12:09:10,599 [WARN] ModelIntegratedComponent:63 - No mode defined for component null
2025-12-19 12:09:10,599 [WARN] ModelIntegratedComponent:63 - No mode defined for component null
2025-12-19 12:09:10,599 [WARN] ModelIntegratedComponent:63 - No mode defined for component null
2025-12-19 12:09:10,599 [WARN] ModelIntegratedComponent:63 - No mode defined for component null
2025-12-19 12:09:10,599 [WARN] ModelIntegratedComponent:63 - No mode defined for component null
2025-12-19 12:09:10,599 [WARN] ModelIntegratedComponent:63 - No mode defined for component null
2025-12-19 12:09:10,599 [WARN] ModelIntegratedComponent:63 - No mode defined for component null
2025-12-19 12:09:10,599 [WARN] ModelIntegratedComponent:63 - No mode defined for component null
2025-12-19 12:09:10,599 [WARN] ModelPack:524 - Component already loaded: STMicroelectronics:HAL Drivers:0.0.0:STMicroelectronics:Device:STMicro_Driver:XSPI:HAL::0.0.1:HAL_XSPI
2025-12-19 12:09:10,731 [INFO] ThirdPartyModel:298 - Start build external matchings
2025-12-19 12:09:11,482 [INFO] ThirdPartyModel:316 - End build external matchings
2025-12-19 12:09:11,507 [WARN] IP:2251 - ClockDivider not found: check if there is a RefParameter without a condition.
2025-12-19 12:09:11,507 [WARN] IP:2251 - ClockDividerCCU not found: check if there is a RefParameter without a condition.
2025-12-19 12:09:11,507 [WARN] IP:2251 - MinOscClkPeriodsCCU not found: check if there is a RefParameter without a condition.
2025-12-19 12:09:11,507 [WARN] IP:2251 - TimeQuantaPerBitTimeCCU not found: check if there is a RefParameter without a condition.
2025-12-19 12:09:11,507 [WARN] IP:2251 - WatchdogStartValueCCU not found: check if there is a RefParameter without a condition.
2025-12-19 12:09:11,507 [INFO] ImportTextPane:218 - (OptionalMessage_ERROR) IP (RCC) : Parameter (ADCFreq_Value) has invalid value (129000000)
2025-12-19 12:09:11,515 [INFO] ImportTextPane:218 - (OptionalMessage_ERROR) IP (RCC) : Invalid parameter (FamilyName)
2025-12-19 12:09:11,524 [INFO] ImportTextPane:218 - (OptionalMessage_ERROR) IP (RCC) : Parameter (LPTIM1Freq_Value) has invalid value (64000000)
2025-12-19 12:09:11,524 [INFO] ImportTextPane:218 - (OptionalMessage_ERROR) IP (RCC) : Parameter (LPTIM2Freq_Value) has invalid value (64000000)
2025-12-19 12:09:11,524 [INFO] ImportTextPane:218 - (OptionalMessage_ERROR) IP (RCC) : Parameter (LPTIM345Freq_Value) has invalid value (64000000)
2025-12-19 12:09:11,524 [INFO] ImportTextPane:218 - (OptionalMessage_ERROR) IP (RCC) : Parameter (LPUART1Freq_Value) has invalid value (64000000)
2025-12-19 12:09:11,524 [INFO] ImportTextPane:218 - (OptionalMessage_ERROR) IP (RCC) : Parameter (SPI45Freq_Value) has invalid value (64000000)
2025-12-19 12:09:11,524 [INFO] ImportTextPane:218 - (OptionalMessage_ERROR) IP (RCC) : Parameter (SPI6Freq_Value) has invalid value (64000000)
2025-12-19 12:09:11,524 [INFO] ImportTextPane:218 - (OptionalMessage_ERROR) IP (RCC) : Parameter (SWPMI1Freq_Value) has invalid value (64000000)
2025-12-19 12:09:11,524 [INFO] ImportTextPane:218 - (OptionalMessage_ERROR) IP (RCC) : Parameter (USART16Freq_Value) has invalid value (64000000)
2025-12-19 12:09:11,524 [INFO] ImportTextPane:218 - (OptionalMessage_ERROR) IP (RCC) : Parameter (USART234578Freq_Value) has invalid value (64000000)
2025-12-19 12:09:12,221 [INFO] ApiDb:581 - Connected to CubeFinder SQLite database (C:\Users\kamil\.stmcufinder\plugins\mcufinder\mcu\cube-finder-db.db)
2025-12-19 12:09:12,295 [INFO] ApiDb:668 - CubeFinder database Data Model version=2.1
2025-12-19 12:09:12,295 [INFO] ApiDb:669 - CubeFinder database Configuration version=3.0.39
2025-12-19 12:09:12,295 [INFO] ApiDb:670 - CubeFinder database generation date=2025-08-25 (1756130511)
2025-12-19 12:09:12,295 [INFO] ApiDb:671 - CubeFinder database FW Pack versions=[FP-ATR-ASTRA1_V2.0.0, FP-SNS-FLIGHT1_V5.1.0, FP-SNS-MOTENV1_V5.0.0, FP-SNS-MOTENVWB1_V1.4.0, FP-SNS-SMARTAG2_V1.2.0, FP-SNS-STBOX1_V2.1.0, STM32Cube_FW_C0_V1.4.0, STM32Cube_FW_F4_V1.28.3, STM32Cube_FW_F7_V1.17.4, STM32Cube_FW_G0_V1.6.2, STM32Cube_FW_G4_V1.6.1, STM32Cube_FW_H5_V1.5.0, STM32Cube_FW_H7RS_V1.2.0, STM32Cube_FW_H7_V1.12.1, STM32Cube_FW_L0_V1.12.2, STM32Cube_FW_L4_V1.18.1, STM32Cube_FW_L5_V1.5.1, STM32Cube_FW_N6_V1.2.0, STM32Cube_FW_U0_V1.3.0, STM32Cube_FW_U3_V1.2.0, STM32Cube_FW_U5_V1.8.0, STM32Cube_FW_WB0_V1.3.0, STM32Cube_FW_WBA_V1.7.0, STM32Cube_FW_WB_V1.23.0, STM32Cube_FW_WL3_V1.2.0, STM32Cube_FW_WL_V1.3.1, X-CUBE-ALGOBUILD_V1.4.0, X-CUBE-ALS_V1.0.2, X-CUBE-AZRTOS-F4_V1.1.0, X-CUBE-AZRTOS-F7_V1.1.0, X-CUBE-AZRTOS-G0_V1.1.0, X-CUBE-AZRTOS-G4_V2.0.0, X-CUBE-AZRTOS-H7RS_V1.1.0, X-CUBE-AZRTOS-H7_V3.4.0, X-CUBE-AZRTOS-L4_V2.0.0, X-CUBE-AZRTOS-L5_V2.0.0, X-CUBE-AZRTOS-WB_V2.0.0, X-CUBE-AZRTOS-WL_V2.0.0, X-CUBE-BLE1_V7.1.0, X-CUBE-BLE2_V3.3.0, X-CUBE-BLEMGR_V4.1.0, X-CUBE-EEPRMA1_V5.2.0, X-CUBE-FREERTOS_V1.3.1, X-CUBE-GNSS1_V6.0.0, X-CUBE-MEMS1_V11.3.0, X-CUBE-NFC4_V3.0.0, X-CUBE-NFC7_V2.0.0, X-CUBE-SFXS2LP1_V4.0.0, X-CUBE-ST67W61_V1.0.0, X-CUBE-SUBG2_V5.0.0, X-CUBE-TOF1_V3.4.3]
2025-12-19 12:09:12,409 [INFO] DbBoardsSqlite:226 - include board P-NUCLEO-WB55-NUCLEO as a kit item of type 'Nucleo-64'
2025-12-19 12:09:12,409 [INFO] DbBoardsSqlite:226 - include board P-NUCLEO-WB55-USBDONGLE as a kit item of type 'Nucleo USB Dongle'
2025-12-19 12:09:12,409 [INFO] DbBoardsSqlite:226 - include board STEVAL-IDP005V1 as a kit item of type 'Evaluation Board'
2025-12-19 12:09:12,409 [INFO] DbBoardsSqlite:226 - include board STEVAL-IDP005V2 as a kit item of type 'Evaluation Board'
2025-12-19 12:09:12,667 [INFO] ApiDb:240 - Found 858 in-development CPN: [B-G473E-ZEST1S, B-WB1M-WPAN1, B-WBA5M-WPAN, B-WL5M-SUBG1, NUCLEO-C031C6, NUCLEO-C051C8, NUCLEO-C071RB, NUCLEO-C092RC, NUCLEO-H503RB, NUCLEO-H533RE, NUCLEO-H563ZI, NUCLEO-H7S3L8, NUCLEO-N657X0-Q, NUCLEO-U031R8, NUCLEO-U083RC, NUCLEO-U385RG-Q, NUCLEO-U545RE-Q, NUCLEO-U5A5ZJ-Q, NUCLEO-WB05KZ, NUCLEO-WB07CC, NUCLEO-WB09KE, NUCLEO-WBA52CG, NUCLEO-WBA55CG, NUCLEO-WL33CC1, NUCLEO-WL33CC2, STEVAL-PROTEUS1, STEVAL-SMARTAG2, STEVAL-STWINBX1, STM320518-EVAL, STM32C0116-DK, STM32C011D6Y3TR, STM32C011D6Y6TR, STM32C011F4P3, STM32C011F4P6, STM32C011F4U3, STM32C011F4U6TR, STM32C011F6P3, STM32C011F6P6, STM32C011F6U3, STM32C011F6U6TR, STM32C011J4M3, STM32C011J4M6, STM32C011J6M3, STM32C011J6M6, STM32C0316-DK, STM32C031C4T3, STM32C031C4T6, STM32C031C4U3, STM32C031C4U6, STM32C031C6T3, STM32C031C6T6, STM32C031C6U3, STM32C031C6U6, STM32C031F4P3, STM32C031F4P6, STM32C031F6P3, STM32C031F6P6, STM32C031G4U3, STM32C031G4U6, STM32C031G6U3, STM32C031G6U6, STM32C031K4T3, STM32C031K4T6, STM32C031K4U3, STM32C031K4U6, STM32C031K6T3, STM32C031K6T6, STM32C031K6U3, STM32C031K6U6, STM32C051C6T6, STM32C051C6U6, STM32C051C8T6, STM32C051C8U6, STM32C051D8Y6TR, STM32C051F6P6, STM32C051F8P6, STM32C051G6U6, STM32C051G8U6, STM32C051K6T6, STM32C051K6U6, STM32C051K8T6, STM32C071C8T6, STM32C071C8T6N, STM32C071C8U6, STM32C071C8U6N, STM32C071CBT6, STM32C071CBT6N, STM32C071CBU6, STM32C071CBU6N, STM32C071F8P6, STM32C071F8P6N, STM32C071FBP6, STM32C071FBP6N, STM32C071FBY6TR, STM32C071G8U6, STM32C071G8U6N, STM32C071GBU6, STM32C071GBU6N, STM32C071K8T6, STM32C071K8T6N, STM32C071K8U6, STM32C071K8U6N, STM32C071KBT6, STM32C071KBT6N, STM32C071KBU6, STM32C071KBU6N, STM32C071R8T6, STM32C071R8T6N, STM32C071RBI6N, STM32C071RBT6, STM32C071RBT6N, STM32C091CBT6, STM32C091CBU6, STM32C091CCT6, STM32C091CCU6, STM32C091ECY6TR, STM32C091FBP6, STM32C091FCP6, STM32C091GBU6, STM32C091GCU6, STM32C091KBT6, STM32C091KBU6, STM32C091KCT6, STM32C091KCU6, STM32C091RBT6, STM32C091RCI6, STM32C091RCT6, STM32C092CBT6, STM32C092CBU6, STM32C092CCT6, STM32C092CCU6, STM32C092ECY6TR, STM32C092FBP6, STM32C092FCP6, STM32C092GBU6, STM32C092GCU6, STM32C092KBT6, STM32C092KBU6, STM32C092KCT6, STM32C092KCU6, STM32C092RBT6, STM32C092RCI6, STM32C092RCT6, STM32G071K8TXN, STM32G071K8UXN, STM32G081GBU6N, STM32G081KBT6N, STM32G081KBUXN, STM32G0B1CCT6N, STM32G0B1KCT6, STM32G0B1NEY6TR, STM32G0B1RCT6N, STM32G0C1CCT6, STM32G0C1CCT6N, STM32G0C1CCU6N, STM32G0C1CET6N, STM32G0C1CEU6N, STM32G0C1KCT6, STM32G0C1NEY6TR, STM32G0C1RCI6N, STM32G0C1RCT6N, STM32G0C1REI6N, STM32G0C1RET6N, STM32G0C1VCI6, STM32G0C1VEI6, STM32G411C6T3, STM32G411C6T6, STM32G411C6U3, STM32G411C6U6, STM32G411C8T3, STM32G411C8T6, STM32G411C8U3, STM32G411C8U6, STM32G411CBT3, STM32G411CBT6, STM32G411CBU3, STM32G411CBU6, STM32G411CCT3, STM32G411CCT6, STM32G411CCU3, STM32G411CCU6, STM32G411K6T3, STM32G411K6T6, STM32G411K6U3, STM32G411K6U6, STM32G411K8T3, STM32G411K8T6, STM32G411K8U3, STM32G411K8U6, STM32G411KBT3, STM32G411KBT6, STM32G411KBU3, STM32G411KBU6, STM32G411M6T3, STM32G411M6T6, STM32G411M8T3, STM32G411M8T6, STM32G411MBT3, STM32G411MBT6, STM32G411MCT3, STM32G411MCT6, STM32G411R6T3, STM32G411R6T6, STM32G411R8T3, STM32G411R8T6, STM32G411RBT3, STM32G411RBT6, STM32G411RCT3, STM32G411RCT6, STM32G414CBT3, STM32G414CBT6, STM32G414CBU3, STM32G414CBU6, STM32G414CCT3, STM32G414CCT6, STM32G414CCU3, STM32G414CCU6, STM32G414MBT3, STM32G414MBT6, STM32G414MCT3, STM32G414MCT6, STM32G414RBT3, STM32G414RBT6, STM32G414RCT3, STM32G414RCT6, STM32G414VBT3, STM32G414VBT6, STM32G414VCT3, STM32G414VCT6, STM32G431CBT3Z, STM32G431RBT3Z, STM32G471CCT6, STM32G471CCU6, STM32G471CET3, STM32G471CET6, STM32G471CEU3, STM32G471CEU6, STM32G471MCT6, STM32G471MET3, STM32G471MET6, STM32G471MEY6TR, STM32G471QCT6, STM32G471QET3, STM32G471RCT6, STM32G471RET3, STM32G471RET6, STM32G471VCH6, STM32G471VCI6, STM32G471VCT6, STM32G471VEH3, STM32G471VEH6, STM32G471VEI3, STM32G471VEI6, STM32G471VET3, STM32G471VET6, STM32G473QET3Z, STM32G473RET3Z, STM32G474CCT6, STM32G491RET3Z, STM32H503CBT6, STM32H503CBU6, STM32H503EBY6TR, STM32H503KBU6, STM32H503RBT6, STM32H523CCT6, STM32H523CCU6, STM32H523CET6, STM32H523CEU6, STM32H523HEY6TR, STM32H523RCT6, STM32H523RET6, STM32H523VCI6, STM32H523VCT6, STM32H523VEI6, STM32H523VET6, STM32H523ZCJ6, STM32H523ZCT6, STM32H523ZEJ6, STM32H523ZET6, STM32H533CET6, STM32H533CEU6, STM32H533HEY6TR, STM32H533RET6, STM32H533VEI6, STM32H533VET6, STM32H533ZEJ6, STM32H533ZET6, STM32H562AGI6, STM32H562AII6, STM32H562IGK6, STM32H562IGT6, STM32H562IIK6, STM32H562IIT6, STM32H562RGT6, STM32H562RGV6, STM32H562RIT6, STM32H562RIV6, STM32H562VGT6, STM32H562VIT6, STM32H562ZGT6, STM32H562ZIT6, STM32H563AGI6, STM32H563AII3Q, STM32H563AII6, STM32H563IGK6, STM32H563IGT6, STM32H563IIK3Q, STM32H563IIK6, STM32H563IIT3Q, STM32H563IIT6, STM32H563MIY3QTR, STM32H563RGT6, STM32H563RGV6, STM32H563RIT6, STM32H563RIV6, STM32H563VGT6, STM32H563VIT3Q, STM32H563VIT6, STM32H563ZGT6, STM32H563ZIT3Q, STM32H563ZIT6, STM32H573AII3Q, STM32H573AII6, STM32H573I-DK, STM32H573IIK3Q, STM32H573IIK6, STM32H573IIT3Q, STM32H573IIT6, STM32H573MIY3QTR, STM32H573RIT6, STM32H573RIV6, STM32H573VIT3Q, STM32H573VIT6, STM32H573ZIT3Q, STM32H573ZIT6, STM32H7R3A8I6, STM32H7R3I8K6, STM32H7R3I8T6, STM32H7R3L8H6, STM32H7R3L8H6H, STM32H7R3R8V6, STM32H7R3V8H6, STM32H7R3V8T6, STM32H7R3V8Y6TR, STM32H7R3Z8J6, STM32H7R3Z8T6, STM32H7R7A8I6, STM32H7R7I8K6, STM32H7R7I8T6, STM32H7R7L8H6, STM32H7R7L8H6H, STM32H7R7Z8J6, STM32H7S3A8I6, STM32H7S3I8K6, STM32H7S3I8T6, STM32H7S3L8H6, STM32H7S3L8H6H, STM32H7S3R8V6, STM32H7S3V8H6, STM32H7S3V8T6, STM32H7S3V8Y6TR, STM32H7S3Z8J6, STM32H7S3Z8T6, STM32H7S78-DK, STM32H7S7A8I6, STM32H7S7I8K6, STM32H7S7I8T6, STM32H7S7L8H6, STM32H7S7L8H6H, STM32H7S7Z8J6, STM32L4R5QGI6STR, STM32MP131AAE3, STM32MP131AAF3, STM32MP131AAG3, STM32MP131CAE3, STM32MP131CAF3, STM32MP131CAG3, STM32MP131DAE7, STM32MP131DAF7, STM32MP131DAG7, STM32MP131FAE7, STM32MP131FAF7, STM32MP131FAG7, STM32MP133AAE3, STM32MP133AAF3, STM32MP133AAG3, STM32MP133CAE3, STM32MP133CAF3, STM32MP133CAG3, STM32MP133DAE7, STM32MP133DAF7, STM32MP133DAG7, STM32MP133FAE7, STM32MP133FAF7, STM32MP133FAG7, STM32MP135AAE3, STM32MP135AAF3, STM32MP135AAG3, STM32MP135CAE3, STM32MP135CAF3, STM32MP135CAG3, STM32MP135DAE7, STM32MP135DAF7, STM32MP135DAG7, STM32MP135F-DK, STM32MP135FAE7, STM32MP135FAF7, STM32MP135FAF7T, STM32MP135FAF7U, STM32MP135FAG7, STM32MP231AAJ3, STM32MP231AAK3, STM32MP231AAL3, STM32MP231CAJ3, STM32MP231CAK3, STM32MP231CAL3, STM32MP231DAJ3, STM32MP231DAK3, STM32MP231DAL3, STM32MP231FAJ3, STM32MP231FAK3, STM32MP231FAL3, STM32MP233AAJ3, STM32MP233AAK3, STM32MP233AAL3, STM32MP233CAJ3, STM32MP233CAK3, STM32MP233CAL3, STM32MP233DAJ3, STM32MP233DAK3, STM32MP233DAL3, STM32MP233FAJ3, STM32MP233FAK3, STM32MP233FAL3, STM32MP235AAJ3, STM32MP235AAK3, STM32MP235AAL3, STM32MP235CAJ3, STM32MP235CAK3, STM32MP235CAL3, STM32MP235DAJ3, STM32MP235DAK3, STM32MP235DAL3, STM32MP235FAJ3, STM32MP235FAK3, STM32MP235FAL3, STM32MP251AAI3, STM32MP251AAJ3, STM32MP251AAK3, STM32MP251AAL3, STM32MP251CAI3, STM32MP251CAJ3, STM32MP251CAK3, STM32MP251CAL3, STM32MP251DAI3, STM32MP251DAJ3, STM32MP251DAK3, STM32MP251DAL3, STM32MP251FAI3, STM32MP251FAJ3, STM32MP251FAK3, STM32MP251FAL3, STM32MP253AAI3, STM32MP253AAJ3, STM32MP253AAK3, STM32MP253AAL3, STM32MP253CAI3, STM32MP253CAJ3, STM32MP253CAK3, STM32MP253CAL3, STM32MP253DAI3, STM32MP253DAJ3, STM32MP253DAK3, STM32MP253DAL3, STM32MP253FAI3, STM32MP253FAJ3, STM32MP253FAK3, STM32MP253FAL3, STM32MP255AAI3, STM32MP255AAJ3, STM32MP255AAK3, STM32MP255AAL3, STM32MP255CAI3, STM32MP255CAJ3, STM32MP255CAK3, STM32MP255CAL3, STM32MP255DAI3, STM32MP255DAJ3, STM32MP255DAK3, STM32MP255DAL3, STM32MP255FAI3, STM32MP255FAJ3, STM32MP255FAK3, STM32MP255FAL3, STM32MP257AAI3, STM32MP257AAJ3, STM32MP257AAK3, STM32MP257AAL3, STM32MP257CAI3, STM32MP257CAJ3, STM32MP257CAK3, STM32MP257CAL3, STM32MP257DAI3, STM32MP257DAJ3, STM32MP257DAK3, STM32MP257DAL3, STM32MP257F-DK, STM32MP257F-EV1, STM32MP257FAI3, STM32MP257FAJ3, STM32MP257FAK3, STM32MP257FAL3, STM32N645A0H3Q, STM32N645B0H3Q, STM32N645I0H3Q, STM32N645L0H3Q, STM32N645X0H3Q, STM32N645Z0H3Q, STM32N647A0H3Q, STM32N647B0H3Q, STM32N647I0H3Q, STM32N647L0H3Q, STM32N647X0H3Q, STM32N647Z0H3Q, STM32N655A0H3Q, STM32N655B0H3Q, STM32N655I0H3Q, STM32N655L0H3Q, STM32N655X0H3Q, STM32N655Z0H3Q, STM32N6570-DK, STM32N657A0H3Q, STM32N657B0H3Q, STM32N657I0H3Q, STM32N657L0H3Q, STM32N657X0H3Q, STM32N657Z0H3Q, STM32U031C6T6, STM32U031C6U6, STM32U031C8T6, STM32U031C8U6, STM32U031F4P6, STM32U031F6P6, STM32U031F8P6, STM32U031G6Y6TR, STM32U031G8Y6TR, STM32U031K4U6, STM32U031K6U6, STM32U031K8U6, STM32U031R6I6, STM32U031R6T6, STM32U031R8I6, STM32U031R8T6, STM32U073C8T6, STM32U073C8U6, STM32U073CBT6, STM32U073CBU6, STM32U073CCT6, STM32U073CCU6, STM32U073H8Y6TR, STM32U073HBY6TR, STM32U073HCY6TR, STM32U073K8U6, STM32U073KBU6, STM32U073KCU6, STM32U073M8I6, STM32U073M8T6, STM32U073MBI6, STM32U073MBT6, STM32U073MCI6, STM32U073MCT6, STM32U073R8I6, STM32U073R8T6, STM32U073RBI6, STM32U073RBT6, STM32U073RCI6, STM32U073RCT6, STM32U083C-DK, STM32U083CCT6, STM32U083CCU6, STM32U083HCY6TR, STM32U083KCU6, STM32U083MCI6, STM32U083MCT6, STM32U083RCI6, STM32U083RCT6, STM32U375CET6, STM32U375CET6Q, STM32U375CEU6, STM32U375CEU6Q, STM32U375CEY6QTR, STM32U375CGT6, STM32U375CGT6Q, STM32U375CGU6, STM32U375CGU6Q, STM32U375CGY6QTR, STM32U375KEU6, STM32U375KGU6, STM32U375REI6, STM32U375REI6Q, STM32U375RET6, STM32U375RET6Q, STM32U375REY6GTR, STM32U375REY6QTR, STM32U375RGI6, STM32U375RGI6Q, STM32U375RGT6, STM32U375RGT6Q, STM32U375RGY6GTR, STM32U375RGY6QTR, STM32U375VEI6, STM32U375VEI6Q, STM32U375VET6, STM32U375VET6Q, STM32U375VGI6, STM32U375VGI6Q, STM32U375VGT6, STM32U375VGT6Q, STM32U385CGT6, STM32U385CGT6Q, STM32U385CGU6, STM32U385CGU6Q, STM32U385CGY6QTR, STM32U385KGU6, STM32U385RGI6, STM32U385RGI6Q, STM32U385RGT6, STM32U385RGT6Q, STM32U385RGY6GTR, STM32U385RGY6QTR, STM32U385VGI6, STM32U385VGI6Q, STM32U385VGT6, STM32U385VGT6Q, STM32U535CBT6, STM32U535CBT6Q, STM32U535CBU6, STM32U535CBU6Q, STM32U535CCT6, STM32U535CCT6Q, STM32U535CCU6, STM32U535CCU6Q, STM32U535CET6, STM32U535CET6Q, STM32U535CEU6, STM32U535CEU6Q, STM32U535JEY6QTR, STM32U535NCY6QTR, STM32U535NEY6QTR, STM32U535RBI6, STM32U535RBI6Q, STM32U535RBT6, STM32U535RBT6Q, STM32U535RCI6, STM32U535RCI6Q, STM32U535RCT6, STM32U535RCT6Q, STM32U535REI6, STM32U535REI6Q, STM32U535RET6, STM32U535RET6Q, STM32U535VCI6, STM32U535VCI6Q, STM32U535VCT6, STM32U535VCT6Q, STM32U535VEI6, STM32U535VEI6Q, STM32U535VET6, STM32U535VET6Q, STM32U545CET6, STM32U545CET6Q, STM32U545CEU6, STM32U545CEU6Q, STM32U545JEY6QTR, STM32U545NEY6QTR, STM32U545REI6, STM32U545REI6Q, STM32U545RET6, STM32U545RET6Q, STM32U545VEI6, STM32U545VEI6Q, STM32U545VET6, STM32U545VET6Q, STM32U595AIH6, STM32U595AIH6Q, STM32U595AJH6, STM32U595AJH6Q, STM32U595QII6, STM32U595QII6Q, STM32U595QJI6, STM32U595QJI6Q, STM32U595RIT6, STM32U595RIT6Q, STM32U595RJT6, STM32U595RJT6Q, STM32U595VIT6, STM32U595VIT6Q, STM32U595VJT6, STM32U595VJT6Q, STM32U595ZIT6, STM32U595ZIT6Q, STM32U595ZIY6QTR, STM32U595ZJT6, STM32U595ZJT6Q, STM32U595ZJY6QTR, STM32U599BJY6QTR, STM32U599NIH6Q, STM32U599NJH6Q, STM32U599VIT6Q, STM32U599VJT6, STM32U599VJT6Q, STM32U599ZIT6Q, STM32U599ZIY6QTR, STM32U599ZJT6Q, STM32U599ZJY6QTR, STM32U5A5AJH6, STM32U5A5AJH6Q, STM32U5A5QII3Q , STM32U5A5QJI6, STM32U5A5QJI6Q, STM32U5A5RJT6, STM32U5A5RJT6Q, STM32U5A5VJT6, STM32U5A5VJT6Q, STM32U5A5ZJT6, STM32U5A5ZJT6Q, STM32U5A5ZJY6QTR, STM32U5A9BJY6QTR, STM32U5A9J-DK, STM32U5A9NJH6Q, STM32U5A9VJT6Q, STM32U5A9ZJT6Q, STM32U5A9ZJY6QTR, STM32U5F7VIT6, STM32U5F7VIT6Q, STM32U5F7VJT6, STM32U5F7VJT6Q, STM32U5F9BJY6QTR, STM32U5F9NJH6Q, STM32U5F9VIT6Q, STM32U5F9VJT6Q, STM32U5F9ZIJ6QTR, STM32U5F9ZIT6Q, STM32U5F9ZJJ6QTR, STM32U5F9ZJT6Q, STM32U5G7VJT6, STM32U5G7VJT6Q, STM32U5G9BJY6QTR, STM32U5G9J-DK1, STM32U5G9J-DK2, STM32U5G9NJH6Q, STM32U5G9VJT6Q, STM32U5G9ZJJ6QTR, STM32U5G9ZJT6Q, STM32WB05KZV6TR, STM32WB05KZV7TR, STM32WB05TZF6TR, STM32WB05TZF7TR, STM32WB06CCF6TR, STM32WB06CCF7TR, STM32WB06CCV6TR, STM32WB06CCV7TR, STM32WB06KCV6TR, STM32WB06KCV7TR, STM32WB07CCF6TR, STM32WB07CCF7TR, STM32WB07CCV6TR, STM32WB07CCV7TR, STM32WB07KCV6TR, STM32WB07KCV7TR, STM32WB09KEV6TR, STM32WB09KEV7TR, STM32WB09TEF6TR, STM32WB09TEF7TR, STM32WB1MMCH6, STM32WBA50KGU6, STM32WBA50KGU6TR, STM32WBA52CEU6, STM32WBA52CEU6TR, STM32WBA52CEU7, STM32WBA52CEU7TR, STM32WBA52CGU6, STM32WBA52CGU6TR, STM32WBA52CGU6U, STM32WBA52CGU7, STM32WBA52CGU7TR, STM32WBA52KEU6, STM32WBA52KEU6TR, STM32WBA52KGU6, STM32WBA52KGU6TR, STM32WBA54CEU6, STM32WBA54CEU6TR, STM32WBA54CEU7, STM32WBA54CEU7TR, STM32WBA54CGU6, STM32WBA54CGU6TR, STM32WBA54CGU7, STM32WBA54CGU7TR, STM32WBA54KEU6, STM32WBA54KEU6TR, STM32WBA54KEU7, STM32WBA54KEU7TR, STM32WBA54KGU6, STM32WBA54KGU6TR, STM32WBA54KGU7, STM32WBA54KGU7TR, STM32WBA55CEU6, STM32WBA55CEU6TR, STM32WBA55CEU7, STM32WBA55CEU7TR, STM32WBA55CGU6, STM32WBA55CGU6TR, STM32WBA55CGU6U, STM32WBA55CGU7, STM32WBA55CGU7TR, STM32WBA55G-DK1, STM32WBA55HEF6, STM32WBA55HEF7, STM32WBA55HGF6, STM32WBA55HGF7, STM32WBA55UEI6, STM32WBA55UEI6TR, STM32WBA55UEI7, STM32WBA55UEI7TR, STM32WBA55UGI6, STM32WBA55UGI6TR, STM32WBA55UGI7, STM32WBA55UGI7TR, STM32WBA5MJGH6TR, STM32WBA5MJGH6U, STM32WL33C8V6, STM32WL33C8V6TR, STM32WL33C8V7, STM32WL33C8V7TR, STM32WL33CBV6, STM32WL33CBV6TR, STM32WL33CBV7, STM32WL33CBV7TR, STM32WL33CCV6, STM32WL33CCV6TR, STM32WL33CCV7, STM32WL33CCV7A, STM32WL33CCV7ATR, STM32WL33CCV7TR, STM32WL33K8V6, STM32WL33K8V6TR, STM32WL33K8V7, STM32WL33K8V7TR, STM32WL33KBV6, STM32WL33KBV6TR, STM32WL33KBV7, STM32WL33KBV7TR, STM32WL33KCV6, STM32WL33KCV6TR, STM32WL33KCV7, STM32WL33KCV7TR, STM32WL5MOCH6, STM32WL5MOCH6TR]
2025-12-19 12:09:12,679 [INFO] ApiDb:668 - CubeFinder database Data Model version=2.1
2025-12-19 12:09:12,679 [INFO] ApiDb:669 - CubeFinder database Configuration version=3.0.39
2025-12-19 12:09:12,679 [INFO] ApiDb:670 - CubeFinder database generation date=2025-08-25 (1756130511)
2025-12-19 12:09:12,679 [INFO] ApiDb:671 - CubeFinder database FW Pack versions=[FP-ATR-ASTRA1_V2.0.0, FP-SNS-FLIGHT1_V5.1.0, FP-SNS-MOTENV1_V5.0.0, FP-SNS-MOTENVWB1_V1.4.0, FP-SNS-SMARTAG2_V1.2.0, FP-SNS-STBOX1_V2.1.0, STM32Cube_FW_C0_V1.4.0, STM32Cube_FW_F4_V1.28.3, STM32Cube_FW_F7_V1.17.4, STM32Cube_FW_G0_V1.6.2, STM32Cube_FW_G4_V1.6.1, STM32Cube_FW_H5_V1.5.0, STM32Cube_FW_H7RS_V1.2.0, STM32Cube_FW_H7_V1.12.1, STM32Cube_FW_L0_V1.12.2, STM32Cube_FW_L4_V1.18.1, STM32Cube_FW_L5_V1.5.1, STM32Cube_FW_N6_V1.2.0, STM32Cube_FW_U0_V1.3.0, STM32Cube_FW_U3_V1.2.0, STM32Cube_FW_U5_V1.8.0, STM32Cube_FW_WB0_V1.3.0, STM32Cube_FW_WBA_V1.7.0, STM32Cube_FW_WB_V1.23.0, STM32Cube_FW_WL3_V1.2.0, STM32Cube_FW_WL_V1.3.1, X-CUBE-ALGOBUILD_V1.4.0, X-CUBE-ALS_V1.0.2, X-CUBE-AZRTOS-F4_V1.1.0, X-CUBE-AZRTOS-F7_V1.1.0, X-CUBE-AZRTOS-G0_V1.1.0, X-CUBE-AZRTOS-G4_V2.0.0, X-CUBE-AZRTOS-H7RS_V1.1.0, X-CUBE-AZRTOS-H7_V3.4.0, X-CUBE-AZRTOS-L4_V2.0.0, X-CUBE-AZRTOS-L5_V2.0.0, X-CUBE-AZRTOS-WB_V2.0.0, X-CUBE-AZRTOS-WL_V2.0.0, X-CUBE-BLE1_V7.1.0, X-CUBE-BLE2_V3.3.0, X-CUBE-BLEMGR_V4.1.0, X-CUBE-EEPRMA1_V5.2.0, X-CUBE-FREERTOS_V1.3.1, X-CUBE-GNSS1_V6.0.0, X-CUBE-MEMS1_V11.3.0, X-CUBE-NFC4_V3.0.0, X-CUBE-NFC7_V2.0.0, X-CUBE-SFXS2LP1_V4.0.0, X-CUBE-ST67W61_V1.0.0, X-CUBE-SUBG2_V5.0.0, X-CUBE-TOF1_V3.4.3]
2025-12-19 12:09:14,134 [INFO] ApiDb:240 - Found 858 in-development CPN: [B-G473E-ZEST1S, B-WB1M-WPAN1, B-WBA5M-WPAN, B-WL5M-SUBG1, NUCLEO-C031C6, NUCLEO-C051C8, NUCLEO-C071RB, NUCLEO-C092RC, NUCLEO-H503RB, NUCLEO-H533RE, NUCLEO-H563ZI, NUCLEO-H7S3L8, NUCLEO-N657X0-Q, NUCLEO-U031R8, NUCLEO-U083RC, NUCLEO-U385RG-Q, NUCLEO-U545RE-Q, NUCLEO-U5A5ZJ-Q, NUCLEO-WB05KZ, NUCLEO-WB07CC, NUCLEO-WB09KE, NUCLEO-WBA52CG, NUCLEO-WBA55CG, NUCLEO-WL33CC1, NUCLEO-WL33CC2, STEVAL-PROTEUS1, STEVAL-SMARTAG2, STEVAL-STWINBX1, STM320518-EVAL, STM32C0116-DK, STM32C011D6Y3TR, STM32C011D6Y6TR, STM32C011F4P3, STM32C011F4P6, STM32C011F4U3, STM32C011F4U6TR, STM32C011F6P3, STM32C011F6P6, STM32C011F6U3, STM32C011F6U6TR, STM32C011J4M3, STM32C011J4M6, STM32C011J6M3, STM32C011J6M6, STM32C0316-DK, STM32C031C4T3, STM32C031C4T6, STM32C031C4U3, STM32C031C4U6, STM32C031C6T3, STM32C031C6T6, STM32C031C6U3, STM32C031C6U6, STM32C031F4P3, STM32C031F4P6, STM32C031F6P3, STM32C031F6P6, STM32C031G4U3, STM32C031G4U6, STM32C031G6U3, STM32C031G6U6, STM32C031K4T3, STM32C031K4T6, STM32C031K4U3, STM32C031K4U6, STM32C031K6T3, STM32C031K6T6, STM32C031K6U3, STM32C031K6U6, STM32C051C6T6, STM32C051C6U6, STM32C051C8T6, STM32C051C8U6, STM32C051D8Y6TR, STM32C051F6P6, STM32C051F8P6, STM32C051G6U6, STM32C051G8U6, STM32C051K6T6, STM32C051K6U6, STM32C051K8T6, STM32C071C8T6, STM32C071C8T6N, STM32C071C8U6, STM32C071C8U6N, STM32C071CBT6, STM32C071CBT6N, STM32C071CBU6, STM32C071CBU6N, STM32C071F8P6, STM32C071F8P6N, STM32C071FBP6, STM32C071FBP6N, STM32C071FBY6TR, STM32C071G8U6, STM32C071G8U6N, STM32C071GBU6, STM32C071GBU6N, STM32C071K8T6, STM32C071K8T6N, STM32C071K8U6, STM32C071K8U6N, STM32C071KBT6, STM32C071KBT6N, STM32C071KBU6, STM32C071KBU6N, STM32C071R8T6, STM32C071R8T6N, STM32C071RBI6N, STM32C071RBT6, STM32C071RBT6N, STM32C091CBT6, STM32C091CBU6, STM32C091CCT6, STM32C091CCU6, STM32C091ECY6TR, STM32C091FBP6, STM32C091FCP6, STM32C091GBU6, STM32C091GCU6, STM32C091KBT6, STM32C091KBU6, STM32C091KCT6, STM32C091KCU6, STM32C091RBT6, STM32C091RCI6, STM32C091RCT6, STM32C092CBT6, STM32C092CBU6, STM32C092CCT6, STM32C092CCU6, STM32C092ECY6TR, STM32C092FBP6, STM32C092FCP6, STM32C092GBU6, STM32C092GCU6, STM32C092KBT6, STM32C092KBU6, STM32C092KCT6, STM32C092KCU6, STM32C092RBT6, STM32C092RCI6, STM32C092RCT6, STM32G071K8TXN, STM32G071K8UXN, STM32G081GBU6N, STM32G081KBT6N, STM32G081KBUXN, STM32G0B1CCT6N, STM32G0B1KCT6, STM32G0B1NEY6TR, STM32G0B1RCT6N, STM32G0C1CCT6, STM32G0C1CCT6N, STM32G0C1CCU6N, STM32G0C1CET6N, STM32G0C1CEU6N, STM32G0C1KCT6, STM32G0C1NEY6TR, STM32G0C1RCI6N, STM32G0C1RCT6N, STM32G0C1REI6N, STM32G0C1RET6N, STM32G0C1VCI6, STM32G0C1VEI6, STM32G411C6T3, STM32G411C6T6, STM32G411C6U3, STM32G411C6U6, STM32G411C8T3, STM32G411C8T6, STM32G411C8U3, STM32G411C8U6, STM32G411CBT3, STM32G411CBT6, STM32G411CBU3, STM32G411CBU6, STM32G411CCT3, STM32G411CCT6, STM32G411CCU3, STM32G411CCU6, STM32G411K6T3, STM32G411K6T6, STM32G411K6U3, STM32G411K6U6, STM32G411K8T3, STM32G411K8T6, STM32G411K8U3, STM32G411K8U6, STM32G411KBT3, STM32G411KBT6, STM32G411KBU3, STM32G411KBU6, STM32G411M6T3, STM32G411M6T6, STM32G411M8T3, STM32G411M8T6, STM32G411MBT3, STM32G411MBT6, STM32G411MCT3, STM32G411MCT6, STM32G411R6T3, STM32G411R6T6, STM32G411R8T3, STM32G411R8T6, STM32G411RBT3, STM32G411RBT6, STM32G411RCT3, STM32G411RCT6, STM32G414CBT3, STM32G414CBT6, STM32G414CBU3, STM32G414CBU6, STM32G414CCT3, STM32G414CCT6, STM32G414CCU3, STM32G414CCU6, STM32G414MBT3, STM32G414MBT6, STM32G414MCT3, STM32G414MCT6, STM32G414RBT3, STM32G414RBT6, STM32G414RCT3, STM32G414RCT6, STM32G414VBT3, STM32G414VBT6, STM32G414VCT3, STM32G414VCT6, STM32G431CBT3Z, STM32G431RBT3Z, STM32G471CCT6, STM32G471CCU6, STM32G471CET3, STM32G471CET6, STM32G471CEU3, STM32G471CEU6, STM32G471MCT6, STM32G471MET3, STM32G471MET6, STM32G471MEY6TR, STM32G471QCT6, STM32G471QET3, STM32G471RCT6, STM32G471RET3, STM32G471RET6, STM32G471VCH6, STM32G471VCI6, STM32G471VCT6, STM32G471VEH3, STM32G471VEH6, STM32G471VEI3, STM32G471VEI6, STM32G471VET3, STM32G471VET6, STM32G473QET3Z, STM32G473RET3Z, STM32G474CCT6, STM32G491RET3Z, STM32H503CBT6, STM32H503CBU6, STM32H503EBY6TR, STM32H503KBU6, STM32H503RBT6, STM32H523CCT6, STM32H523CCU6, STM32H523CET6, STM32H523CEU6, STM32H523HEY6TR, STM32H523RCT6, STM32H523RET6, STM32H523VCI6, STM32H523VCT6, STM32H523VEI6, STM32H523VET6, STM32H523ZCJ6, STM32H523ZCT6, STM32H523ZEJ6, STM32H523ZET6, STM32H533CET6, STM32H533CEU6, STM32H533HEY6TR, STM32H533RET6, STM32H533VEI6, STM32H533VET6, STM32H533ZEJ6, STM32H533ZET6, STM32H562AGI6, STM32H562AII6, STM32H562IGK6, STM32H562IGT6, STM32H562IIK6, STM32H562IIT6, STM32H562RGT6, STM32H562RGV6, STM32H562RIT6, STM32H562RIV6, STM32H562VGT6, STM32H562VIT6, STM32H562ZGT6, STM32H562ZIT6, STM32H563AGI6, STM32H563AII3Q, STM32H563AII6, STM32H563IGK6, STM32H563IGT6, STM32H563IIK3Q, STM32H563IIK6, STM32H563IIT3Q, STM32H563IIT6, STM32H563MIY3QTR, STM32H563RGT6, STM32H563RGV6, STM32H563RIT6, STM32H563RIV6, STM32H563VGT6, STM32H563VIT3Q, STM32H563VIT6, STM32H563ZGT6, STM32H563ZIT3Q, STM32H563ZIT6, STM32H573AII3Q, STM32H573AII6, STM32H573I-DK, STM32H573IIK3Q, STM32H573IIK6, STM32H573IIT3Q, STM32H573IIT6, STM32H573MIY3QTR, STM32H573RIT6, STM32H573RIV6, STM32H573VIT3Q, STM32H573VIT6, STM32H573ZIT3Q, STM32H573ZIT6, STM32H7R3A8I6, STM32H7R3I8K6, STM32H7R3I8T6, STM32H7R3L8H6, STM32H7R3L8H6H, STM32H7R3R8V6, STM32H7R3V8H6, STM32H7R3V8T6, STM32H7R3V8Y6TR, STM32H7R3Z8J6, STM32H7R3Z8T6, STM32H7R7A8I6, STM32H7R7I8K6, STM32H7R7I8T6, STM32H7R7L8H6, STM32H7R7L8H6H, STM32H7R7Z8J6, STM32H7S3A8I6, STM32H7S3I8K6, STM32H7S3I8T6, STM32H7S3L8H6, STM32H7S3L8H6H, STM32H7S3R8V6, STM32H7S3V8H6, STM32H7S3V8T6, STM32H7S3V8Y6TR, STM32H7S3Z8J6, STM32H7S3Z8T6, STM32H7S78-DK, STM32H7S7A8I6, STM32H7S7I8K6, STM32H7S7I8T6, STM32H7S7L8H6, STM32H7S7L8H6H, STM32H7S7Z8J6, STM32L4R5QGI6STR, STM32MP131AAE3, STM32MP131AAF3, STM32MP131AAG3, STM32MP131CAE3, STM32MP131CAF3, STM32MP131CAG3, STM32MP131DAE7, STM32MP131DAF7, STM32MP131DAG7, STM32MP131FAE7, STM32MP131FAF7, STM32MP131FAG7, STM32MP133AAE3, STM32MP133AAF3, STM32MP133AAG3, STM32MP133CAE3, STM32MP133CAF3, STM32MP133CAG3, STM32MP133DAE7, STM32MP133DAF7, STM32MP133DAG7, STM32MP133FAE7, STM32MP133FAF7, STM32MP133FAG7, STM32MP135AAE3, STM32MP135AAF3, STM32MP135AAG3, STM32MP135CAE3, STM32MP135CAF3, STM32MP135CAG3, STM32MP135DAE7, STM32MP135DAF7, STM32MP135DAG7, STM32MP135F-DK, STM32MP135FAE7, STM32MP135FAF7, STM32MP135FAF7T, STM32MP135FAF7U, STM32MP135FAG7, STM32MP231AAJ3, STM32MP231AAK3, STM32MP231AAL3, STM32MP231CAJ3, STM32MP231CAK3, STM32MP231CAL3, STM32MP231DAJ3, STM32MP231DAK3, STM32MP231DAL3, STM32MP231FAJ3, STM32MP231FAK3, STM32MP231FAL3, STM32MP233AAJ3, STM32MP233AAK3, STM32MP233AAL3, STM32MP233CAJ3, STM32MP233CAK3, STM32MP233CAL3, STM32MP233DAJ3, STM32MP233DAK3, STM32MP233DAL3, STM32MP233FAJ3, STM32MP233FAK3, STM32MP233FAL3, STM32MP235AAJ3, STM32MP235AAK3, STM32MP235AAL3, STM32MP235CAJ3, STM32MP235CAK3, STM32MP235CAL3, STM32MP235DAJ3, STM32MP235DAK3, STM32MP235DAL3, STM32MP235FAJ3, STM32MP235FAK3, STM32MP235FAL3, STM32MP251AAI3, STM32MP251AAJ3, STM32MP251AAK3, STM32MP251AAL3, STM32MP251CAI3, STM32MP251CAJ3, STM32MP251CAK3, STM32MP251CAL3, STM32MP251DAI3, STM32MP251DAJ3, STM32MP251DAK3, STM32MP251DAL3, STM32MP251FAI3, STM32MP251FAJ3, STM32MP251FAK3, STM32MP251FAL3, STM32MP253AAI3, STM32MP253AAJ3, STM32MP253AAK3, STM32MP253AAL3, STM32MP253CAI3, STM32MP253CAJ3, STM32MP253CAK3, STM32MP253CAL3, STM32MP253DAI3, STM32MP253DAJ3, STM32MP253DAK3, STM32MP253DAL3, STM32MP253FAI3, STM32MP253FAJ3, STM32MP253FAK3, STM32MP253FAL3, STM32MP255AAI3, STM32MP255AAJ3, STM32MP255AAK3, STM32MP255AAL3, STM32MP255CAI3, STM32MP255CAJ3, STM32MP255CAK3, STM32MP255CAL3, STM32MP255DAI3, STM32MP255DAJ3, STM32MP255DAK3, STM32MP255DAL3, STM32MP255FAI3, STM32MP255FAJ3, STM32MP255FAK3, STM32MP255FAL3, STM32MP257AAI3, STM32MP257AAJ3, STM32MP257AAK3, STM32MP257AAL3, STM32MP257CAI3, STM32MP257CAJ3, STM32MP257CAK3, STM32MP257CAL3, STM32MP257DAI3, STM32MP257DAJ3, STM32MP257DAK3, STM32MP257DAL3, STM32MP257F-DK, STM32MP257F-EV1, STM32MP257FAI3, STM32MP257FAJ3, STM32MP257FAK3, STM32MP257FAL3, STM32N645A0H3Q, STM32N645B0H3Q, STM32N645I0H3Q, STM32N645L0H3Q, STM32N645X0H3Q, STM32N645Z0H3Q, STM32N647A0H3Q, STM32N647B0H3Q, STM32N647I0H3Q, STM32N647L0H3Q, STM32N647X0H3Q, STM32N647Z0H3Q, STM32N655A0H3Q, STM32N655B0H3Q, STM32N655I0H3Q, STM32N655L0H3Q, STM32N655X0H3Q, STM32N655Z0H3Q, STM32N6570-DK, STM32N657A0H3Q, STM32N657B0H3Q, STM32N657I0H3Q, STM32N657L0H3Q, STM32N657X0H3Q, STM32N657Z0H3Q, STM32U031C6T6, STM32U031C6U6, STM32U031C8T6, STM32U031C8U6, STM32U031F4P6, STM32U031F6P6, STM32U031F8P6, STM32U031G6Y6TR, STM32U031G8Y6TR, STM32U031K4U6, STM32U031K6U6, STM32U031K8U6, STM32U031R6I6, STM32U031R6T6, STM32U031R8I6, STM32U031R8T6, STM32U073C8T6, STM32U073C8U6, STM32U073CBT6, STM32U073CBU6, STM32U073CCT6, STM32U073CCU6, STM32U073H8Y6TR, STM32U073HBY6TR, STM32U073HCY6TR, STM32U073K8U6, STM32U073KBU6, STM32U073KCU6, STM32U073M8I6, STM32U073M8T6, STM32U073MBI6, STM32U073MBT6, STM32U073MCI6, STM32U073MCT6, STM32U073R8I6, STM32U073R8T6, STM32U073RBI6, STM32U073RBT6, STM32U073RCI6, STM32U073RCT6, STM32U083C-DK, STM32U083CCT6, STM32U083CCU6, STM32U083HCY6TR, STM32U083KCU6, STM32U083MCI6, STM32U083MCT6, STM32U083RCI6, STM32U083RCT6, STM32U375CET6, STM32U375CET6Q, STM32U375CEU6, STM32U375CEU6Q, STM32U375CEY6QTR, STM32U375CGT6, STM32U375CGT6Q, STM32U375CGU6, STM32U375CGU6Q, STM32U375CGY6QTR, STM32U375KEU6, STM32U375KGU6, STM32U375REI6, STM32U375REI6Q, STM32U375RET6, STM32U375RET6Q, STM32U375REY6GTR, STM32U375REY6QTR, STM32U375RGI6, STM32U375RGI6Q, STM32U375RGT6, STM32U375RGT6Q, STM32U375RGY6GTR, STM32U375RGY6QTR, STM32U375VEI6, STM32U375VEI6Q, STM32U375VET6, STM32U375VET6Q, STM32U375VGI6, STM32U375VGI6Q, STM32U375VGT6, STM32U375VGT6Q, STM32U385CGT6, STM32U385CGT6Q, STM32U385CGU6, STM32U385CGU6Q, STM32U385CGY6QTR, STM32U385KGU6, STM32U385RGI6, STM32U385RGI6Q, STM32U385RGT6, STM32U385RGT6Q, STM32U385RGY6GTR, STM32U385RGY6QTR, STM32U385VGI6, STM32U385VGI6Q, STM32U385VGT6, STM32U385VGT6Q, STM32U535CBT6, STM32U535CBT6Q, STM32U535CBU6, STM32U535CBU6Q, STM32U535CCT6, STM32U535CCT6Q, STM32U535CCU6, STM32U535CCU6Q, STM32U535CET6, STM32U535CET6Q, STM32U535CEU6, STM32U535CEU6Q, STM32U535JEY6QTR, STM32U535NCY6QTR, STM32U535NEY6QTR, STM32U535RBI6, STM32U535RBI6Q, STM32U535RBT6, STM32U535RBT6Q, STM32U535RCI6, STM32U535RCI6Q, STM32U535RCT6, STM32U535RCT6Q, STM32U535REI6, STM32U535REI6Q, STM32U535RET6, STM32U535RET6Q, STM32U535VCI6, STM32U535VCI6Q, STM32U535VCT6, STM32U535VCT6Q, STM32U535VEI6, STM32U535VEI6Q, STM32U535VET6, STM32U535VET6Q, STM32U545CET6, STM32U545CET6Q, STM32U545CEU6, STM32U545CEU6Q, STM32U545JEY6QTR, STM32U545NEY6QTR, STM32U545REI6, STM32U545REI6Q, STM32U545RET6, STM32U545RET6Q, STM32U545VEI6, STM32U545VEI6Q, STM32U545VET6, STM32U545VET6Q, STM32U595AIH6, STM32U595AIH6Q, STM32U595AJH6, STM32U595AJH6Q, STM32U595QII6, STM32U595QII6Q, STM32U595QJI6, STM32U595QJI6Q, STM32U595RIT6, STM32U595RIT6Q, STM32U595RJT6, STM32U595RJT6Q, STM32U595VIT6, STM32U595VIT6Q, STM32U595VJT6, STM32U595VJT6Q, STM32U595ZIT6, STM32U595ZIT6Q, STM32U595ZIY6QTR, STM32U595ZJT6, STM32U595ZJT6Q, STM32U595ZJY6QTR, STM32U599BJY6QTR, STM32U599NIH6Q, STM32U599NJH6Q, STM32U599VIT6Q, STM32U599VJT6, STM32U599VJT6Q, STM32U599ZIT6Q, STM32U599ZIY6QTR, STM32U599ZJT6Q, STM32U599ZJY6QTR, STM32U5A5AJH6, STM32U5A5AJH6Q, STM32U5A5QII3Q , STM32U5A5QJI6, STM32U5A5QJI6Q, STM32U5A5RJT6, STM32U5A5RJT6Q, STM32U5A5VJT6, STM32U5A5VJT6Q, STM32U5A5ZJT6, STM32U5A5ZJT6Q, STM32U5A5ZJY6QTR, STM32U5A9BJY6QTR, STM32U5A9J-DK, STM32U5A9NJH6Q, STM32U5A9VJT6Q, STM32U5A9ZJT6Q, STM32U5A9ZJY6QTR, STM32U5F7VIT6, STM32U5F7VIT6Q, STM32U5F7VJT6, STM32U5F7VJT6Q, STM32U5F9BJY6QTR, STM32U5F9NJH6Q, STM32U5F9VIT6Q, STM32U5F9VJT6Q, STM32U5F9ZIJ6QTR, STM32U5F9ZIT6Q, STM32U5F9ZJJ6QTR, STM32U5F9ZJT6Q, STM32U5G7VJT6, STM32U5G7VJT6Q, STM32U5G9BJY6QTR, STM32U5G9J-DK1, STM32U5G9J-DK2, STM32U5G9NJH6Q, STM32U5G9VJT6Q, STM32U5G9ZJJ6QTR, STM32U5G9ZJT6Q, STM32WB05KZV6TR, STM32WB05KZV7TR, STM32WB05TZF6TR, STM32WB05TZF7TR, STM32WB06CCF6TR, STM32WB06CCF7TR, STM32WB06CCV6TR, STM32WB06CCV7TR, STM32WB06KCV6TR, STM32WB06KCV7TR, STM32WB07CCF6TR, STM32WB07CCF7TR, STM32WB07CCV6TR, STM32WB07CCV7TR, STM32WB07KCV6TR, STM32WB07KCV7TR, STM32WB09KEV6TR, STM32WB09KEV7TR, STM32WB09TEF6TR, STM32WB09TEF7TR, STM32WB1MMCH6, STM32WBA50KGU6, STM32WBA50KGU6TR, STM32WBA52CEU6, STM32WBA52CEU6TR, STM32WBA52CEU7, STM32WBA52CEU7TR, STM32WBA52CGU6, STM32WBA52CGU6TR, STM32WBA52CGU6U, STM32WBA52CGU7, STM32WBA52CGU7TR, STM32WBA52KEU6, STM32WBA52KEU6TR, STM32WBA52KGU6, STM32WBA52KGU6TR, STM32WBA54CEU6, STM32WBA54CEU6TR, STM32WBA54CEU7, STM32WBA54CEU7TR, STM32WBA54CGU6, STM32WBA54CGU6TR, STM32WBA54CGU7, STM32WBA54CGU7TR, STM32WBA54KEU6, STM32WBA54KEU6TR, STM32WBA54KEU7, STM32WBA54KEU7TR, STM32WBA54KGU6, STM32WBA54KGU6TR, STM32WBA54KGU7, STM32WBA54KGU7TR, STM32WBA55CEU6, STM32WBA55CEU6TR, STM32WBA55CEU7, STM32WBA55CEU7TR, STM32WBA55CGU6, STM32WBA55CGU6TR, STM32WBA55CGU6U, STM32WBA55CGU7, STM32WBA55CGU7TR, STM32WBA55G-DK1, STM32WBA55HEF6, STM32WBA55HEF7, STM32WBA55HGF6, STM32WBA55HGF7, STM32WBA55UEI6, STM32WBA55UEI6TR, STM32WBA55UEI7, STM32WBA55UEI7TR, STM32WBA55UGI6, STM32WBA55UGI6TR, STM32WBA55UGI7, STM32WBA55UGI7TR, STM32WBA5MJGH6TR, STM32WBA5MJGH6U, STM32WL33C8V6, STM32WL33C8V6TR, STM32WL33C8V7, STM32WL33C8V7TR, STM32WL33CBV6, STM32WL33CBV6TR, STM32WL33CBV7, STM32WL33CBV7TR, STM32WL33CCV6, STM32WL33CCV6TR, STM32WL33CCV7, STM32WL33CCV7A, STM32WL33CCV7ATR, STM32WL33CCV7TR, STM32WL33K8V6, STM32WL33K8V6TR, STM32WL33K8V7, STM32WL33K8V7TR, STM32WL33KBV6, STM32WL33KBV6TR, STM32WL33KBV7, STM32WL33KBV7TR, STM32WL33KCV6, STM32WL33KCV6TR, STM32WL33KCV7, STM32WL33KCV7TR, STM32WL5MOCH6, STM32WL5MOCH6TR]
2025-12-19 12:09:14,134 [INFO] DbMcus:218 - Found 4736 MCUs, 4736 are supported
2025-12-19 12:09:14,134 [INFO] ApiDb:423 - Load user favorites file C:\Users\kamil/.stm32cubeide/favorites.mcus.txt: 0 item(s)
2025-12-19 12:09:14,134 [INFO] ApiDb:427 - User favorites MCUs=[]
2025-12-19 12:09:14,134 [INFO] DbMcus:224 - Set 0 / 0 favorites MCUs
2025-12-19 12:09:14,538 [INFO] BoardInfo:889 - No configuration file found for board NUCLEO-WBA65RI
2025-12-19 12:09:14,546 [INFO] DbBoards:161 - Board is not supported: NUCLEO-WBA65RI
2025-12-19 12:09:14,555 [INFO] BoardInfo:889 - No configuration file found for board P-NUCLEO-WB55
2025-12-19 12:09:14,557 [INFO] DbBoards:161 - Kit is not supported: P-NUCLEO-WB55
2025-12-19 12:09:14,559 [INFO] BoardInfo:889 - No configuration file found for board STEVAL-BFA001V1B
2025-12-19 12:09:14,563 [INFO] DbBoards:161 - Kit is not supported: STEVAL-BFA001V1B
2025-12-19 12:09:14,563 [INFO] BoardInfo:889 - No configuration file found for board STEVAL-BFA001V2B
2025-12-19 12:09:14,563 [INFO] DbBoards:161 - Kit is not supported: STEVAL-BFA001V2B
2025-12-19 12:09:14,719 [INFO] BoardInfo:889 - No configuration file found for board STM32WBA65I-DK1
2025-12-19 12:09:14,719 [INFO] DbBoards:161 - Board is not supported: STM32WBA65I-DK1
2025-12-19 12:09:14,719 [INFO] DbBoards:168 - Found 211 boards, 206 are supported
2025-12-19 12:09:14,719 [INFO] DbBoards:169 - Found 211 boards, 42 of them is supported for  Bsp
2025-12-19 12:09:14,719 [INFO] ApiDb:423 - Load user favorites file C:\Users\kamil/.stm32cubeide/favorites.boards.txt: 0 item(s)
2025-12-19 12:09:14,719 [INFO] ApiDb:427 - User favorites Boards=[]
2025-12-19 12:09:14,719 [INFO] DbBoards:198 - Set 0 / 0 favorites Boards
2025-12-19 12:09:14,791 [INFO] UtilMem:75 - End LoadConfig() Used Memory: 459509856 Bytes (510656512)
2025-12-19 12:09:14,917 [WARN] ThirdParty:833 - waiting for thirdparty lock release [change project]
2025-12-19 12:09:14,917 [INFO] ThirdParty:835 - entering critical section [change project]
2025-12-19 12:09:14,917 [INFO] ThirdParty:1030 - CMSIS Pack Vendor :STMicroelectronics X-CUBE-PM33A1 1.0.0
2025-12-19 12:09:14,917 [INFO] ThirdParty:1030 - CMSIS Pack Vendor :STMicroelectronics USBPD 4.1
2025-12-19 12:09:14,917 [INFO] ThirdParty:1030 - CMSIS Pack Vendor :STMicroelectronics USB_HOST 2.0.0
2025-12-19 12:09:14,917 [INFO] ThirdParty:1030 - CMSIS Pack Vendor :STMicroelectronics FP-SNS-MOTENVWB1 1.4.0
2025-12-19 12:09:14,917 [INFO] ThirdParty:1030 - CMSIS Pack Vendor :STMicroelectronics X-CUBE-AZRTOS-F4 1.1.0
2025-12-19 12:09:14,917 [INFO] ThirdParty:1030 - CMSIS Pack Vendor :STMicroelectronics LIBJPEG 8.0.0
2025-12-19 12:09:14,917 [INFO] ThirdParty:1030 - CMSIS Pack Vendor :STMicroelectronics FP-ATR-ASTRA1 2.0.2
2025-12-19 12:09:14,917 [INFO] ThirdParty:1030 - CMSIS Pack Vendor :STMicroelectronics FP-ATR-ASTRA1 2.0.1
2025-12-19 12:09:14,917 [INFO] ThirdParty:1030 - CMSIS Pack Vendor :STMicroelectronics X-CUBE-SMBUS 2.1.0
2025-12-19 12:09:14,917 [INFO] ThirdParty:1030 - CMSIS Pack Vendor :STMicroelectronics X-CUBE-WB05N 1.1.0
2025-12-19 12:09:14,917 [INFO] ThirdParty:1030 - CMSIS Pack Vendor :STMicroelectronics X-CUBE-ISPU 2.1.0
2025-12-19 12:09:14,917 [INFO] ThirdParty:1030 - CMSIS Pack Vendor :STMicroelectronics X-CUBE-FREERTOS 1.2.0
2025-12-19 12:09:14,917 [INFO] ThirdParty:1030 - CMSIS Pack Vendor :STMicroelectronics X-CUBE-ST60 1.0.0
2025-12-19 12:09:14,917 [INFO] ThirdParty:1030 - CMSIS Pack Vendor :STMicroelectronics X-CUBE-NFC12 1.0.0
2025-12-19 12:09:14,921 [INFO] ThirdParty:1030 - CMSIS Pack Vendor :STMicroelectronics X-CUBE-AZRTOS-F7 1.1.0
2025-12-19 12:09:14,921 [INFO] ThirdParty:1030 - CMSIS Pack Vendor :STMicroelectronics X-CUBE-AZRTOS-L5 2.0.0
2025-12-19 12:09:14,921 [INFO] ThirdParty:1030 - CMSIS Pack Vendor :STMicroelectronics USB_DEVICE 2.0.0
2025-12-19 12:09:14,921 [INFO] ThirdParty:1030 - CMSIS Pack Vendor :STMicroelectronics X-CUBE-NFC6 3.1.0
2025-12-19 12:09:14,921 [INFO] ThirdParty:1030 - CMSIS Pack Vendor :ARM CMSIS 5.7.0
2025-12-19 12:09:14,921 [INFO] ThirdParty:1030 - CMSIS Pack Vendor :STMicroelectronics X-CUBE-MEMS1 11.0.0
2025-12-19 12:09:14,921 [INFO] ThirdParty:1030 - CMSIS Pack Vendor :STMicroelectronics FreeRTOS 0.0.1
2025-12-19 12:09:14,921 [INFO] ThirdParty:1030 - CMSIS Pack Vendor :STMicroelectronics X-CUBE-DPower 1.2.0
2025-12-19 12:09:14,921 [INFO] ThirdParty:1030 - CMSIS Pack Vendor :STMicroelectronics FP-SNS-FLIGHT1 5.0.2
2025-12-19 12:09:14,921 [INFO] ThirdParty:1030 - CMSIS Pack Vendor :STMicroelectronics PDM2PCM 3.3.0
2025-12-19 12:09:14,921 [INFO] ThirdParty:1030 - CMSIS Pack Vendor :STMicroelectronics X-CUBE-AZRTOS-H7 3.4.0
2025-12-19 12:09:14,921 [INFO] ThirdParty:1030 - CMSIS Pack Vendor :STMicroelectronics X-CUBE-DISPLAY 3.0.0
2025-12-19 12:09:14,921 [INFO] ThirdParty:1030 - CMSIS Pack Vendor :STMicroelectronics X-CUBE-BLE1 7.0.0
2025-12-19 12:09:14,921 [INFO] ThirdParty:1030 - CMSIS Pack Vendor :STMicroelectronics X-CUBE-NFC10 1.0.0
2025-12-19 12:09:14,921 [INFO] ThirdParty:1030 - CMSIS Pack Vendor :STMicroelectronics X-CUBE-BLEMGR 4.0.0
2025-12-19 12:09:14,921 [INFO] ThirdParty:1030 - CMSIS Pack Vendor :STMicroelectronics X-CUBE-FREERTOS 1.3.1
2025-12-19 12:09:14,921 [INFO] ThirdParty:1030 - CMSIS Pack Vendor :STMicroelectronics HAL Drivers 0.0.0
2025-12-19 12:09:14,921 [INFO] ThirdParty:1030 - CMSIS Pack Vendor :STMicroelectronics X-CUBE-ST60 1.1.0
2025-12-19 12:09:14,921 [INFO] ThirdParty:1030 - CMSIS Pack Vendor :emotas I-CUBE-CANOPEN 1.3.0
2025-12-19 12:09:14,921 [INFO] ThirdParty:1030 - CMSIS Pack Vendor :STMicroelectronics X-CUBE-FREERTOS 1.3.0
2025-12-19 12:09:14,921 [INFO] ThirdParty:1030 - CMSIS Pack Vendor :STMicroelectronics X-CUBE-NFC7 1.0.1
2025-12-19 12:09:14,921 [INFO] ThirdParty:1030 - CMSIS Pack Vendor :STMicroelectronics MBEDTLS 2.14.1
2025-12-19 12:09:14,921 [INFO] ThirdParty:1030 - CMSIS Pack Vendor :STMicroelectronics X-CUBE-GNSS1 7.1.0
2025-12-19 12:09:14,921 [INFO] ThirdParty:1030 - CMSIS Pack Vendor :STMicroelectronics X-CUBE-TOUCHGFX 4.26.0
2025-12-19 12:09:14,921 [INFO] ThirdParty:1030 - CMSIS Pack Vendor :STMicroelectronics X-CUBE-BLEMGR 3.1.0
2025-12-19 12:09:14,921 [INFO] ThirdParty:1030 - CMSIS Pack Vendor :STMicroelectronics X-CUBE-AI 10.0.0
2025-12-19 12:09:14,921 [INFO] ThirdParty:1030 - CMSIS Pack Vendor :STMicroelectronics FP-SNS-STAIOTCFT 1.0.0
2025-12-19 12:09:14,921 [INFO] ThirdParty:1030 - CMSIS Pack Vendor :STMicroelectronics FP-SNS-SMARTAG2 1.2.0
2025-12-19 12:09:14,921 [INFO] ThirdParty:1030 - CMSIS Pack Vendor :STMicroelectronics FP-SNS-FLIGHT1 5.1.0
2025-12-19 12:09:14,921 [INFO] ThirdParty:1030 - CMSIS Pack Vendor :STMicroelectronics X-CUBE-MEMS1 11.1.0
2025-12-19 12:09:14,921 [INFO] ThirdParty:1030 - CMSIS Pack Vendor :STMicroelectronics X-CUBE-AZRTOS-WL 2.0.0
2025-12-19 12:09:14,921 [INFO] ThirdParty:1030 - CMSIS Pack Vendor :STMicroelectronics X-CUBE-DPower 1.3.0
2025-12-19 12:09:14,921 [INFO] ThirdParty:1030 - CMSIS Pack Vendor :STMicroelectronics FP-SNS-MOTENV1 5.0.0
2025-12-19 12:09:14,921 [INFO] ThirdParty:1030 - CMSIS Pack Vendor :STMicroelectronics USB_DEVICE 1.0.0
2025-12-19 12:09:14,921 [INFO] ThirdParty:1030 - CMSIS Pack Vendor :STMicroelectronics X-CUBE-AZRTOS-H7RS 1.2.0
2025-12-19 12:09:14,921 [INFO] ThirdParty:1030 - CMSIS Pack Vendor :wolfSSL I-CUBE-wolfMQTT 1.19.0
2025-12-19 12:09:14,921 [INFO] ThirdParty:1030 - CMSIS Pack Vendor :STMicroelectronics X-CUBE-AZRTOS-L4 2.0.0
2025-12-19 12:09:14,921 [INFO] ThirdParty:1030 - CMSIS Pack Vendor :STMicroelectronics ThreadX 0.0.2
2025-12-19 12:09:14,921 [INFO] ThirdParty:1030 - CMSIS Pack Vendor :WES I-CUBE-Cesium 1.3.0
2025-12-19 12:09:14,921 [INFO] ThirdParty:1030 - CMSIS Pack Vendor :STMicroelectronics lwIP 2.1.2
2025-12-19 12:09:14,921 [INFO] ThirdParty:1030 - CMSIS Pack Vendor :STMicroelectronics X-CUBE-SFXS2LP1 4.0.0
2025-12-19 12:09:14,921 [INFO] ThirdParty:1030 - CMSIS Pack Vendor :STMicroelectronics X-CUBE-BLE2 3.3.0
2025-12-19 12:09:14,921 [INFO] ThirdParty:1030 - CMSIS Pack Vendor :Avnet-IOTCONNECT X-CUBE-iotc-st67-sdk 1.0.0
2025-12-19 12:09:14,921 [INFO] ThirdParty:1030 - CMSIS Pack Vendor :STMicroelectronics PDM2PCM 3.2.0
2025-12-19 12:09:14,921 [INFO] ThirdParty:1030 - CMSIS Pack Vendor :STMicroelectronics X-CUBE-AZRTOS-H7 3.3.0
2025-12-19 12:09:14,921 [INFO] ThirdParty:1030 - CMSIS Pack Vendor :STMicroelectronics X-CUBE-NFC9 1.0.0
2025-12-19 12:09:14,921 [INFO] ThirdParty:1030 - CMSIS Pack Vendor :STMicroelectronics X-CUBE-BLE1 7.1.0
2025-12-19 12:09:14,921 [INFO] ThirdParty:1030 - CMSIS Pack Vendor :STMicroelectronics USB_DEVICE 3.0.0
2025-12-19 12:09:14,921 [INFO] ThirdParty:1030 - CMSIS Pack Vendor :STMicroelectronics X-CUBE-TCPP 4.1.0
2025-12-19 12:09:14,921 [INFO] ThirdParty:1030 - CMSIS Pack Vendor :STMicroelectronics X-CUBE-EEPRMA1 5.2.0
2025-12-19 12:09:14,921 [INFO] ThirdParty:1030 - CMSIS Pack Vendor :STMicroelectronics X-CUBE-BLEMGR 4.1.0
2025-12-19 12:09:14,921 [INFO] ThirdParty:1030 - CMSIS Pack Vendor :STMicroelectronics X-CUBE-IPS 3.0.0
2025-12-19 12:09:14,921 [INFO] ThirdParty:1030 - CMSIS Pack Vendor :STMicroelectronics X-CUBE-AZRTOS-WB 2.0.0
2025-12-19 12:09:14,921 [INFO] ThirdParty:1030 - CMSIS Pack Vendor :STMicroelectronics X-CUBE-GNSS1 7.0.0
2025-12-19 12:09:14,921 [INFO] ThirdParty:1030 - CMSIS Pack Vendor :STMicroelectronics X-CUBE-GNSS1 7.0.1
2025-12-19 12:09:14,921 [INFO] ThirdParty:1030 - CMSIS Pack Vendor :STMicroelectronics X-CUBE-TOUCHGFX 4.25.0
2025-12-19 12:09:14,921 [INFO] ThirdParty:1030 - CMSIS Pack Vendor :STMicroelectronics FP-SNS-STBOX1 2.0.0
2025-12-19 12:09:14,921 [INFO] ThirdParty:1030 - CMSIS Pack Vendor :STMicroelectronics X-CUBE-MEMS1 12.0.0
2025-12-19 12:09:14,921 [INFO] ThirdParty:1030 - CMSIS Pack Vendor :STMicroelectronics X-CUBE-AZRTOS-G0 1.1.0
2025-12-19 12:09:14,921 [INFO] ThirdParty:1030 - CMSIS Pack Vendor :STMicroelectronics X-CUBE-SAFEA1 1.2.2
2025-12-19 12:09:14,921 [INFO] ThirdParty:1030 - CMSIS Pack Vendor :STMicroelectronics X-CUBE-NFC4 3.0.0
2025-12-19 12:09:14,921 [INFO] ThirdParty:1030 - CMSIS Pack Vendor :STMicroelectronics X-CUBE-SUBG2 5.0.0
2025-12-19 12:09:14,921 [INFO] ThirdParty:1030 - CMSIS Pack Vendor :STMicroelectronics X-CUBE-AZRTOS-H7RS 1.1.0
2025-12-19 12:09:14,921 [INFO] ThirdParty:1030 - CMSIS Pack Vendor :STMicroelectronics STM32_WPAN 1.0.0
2025-12-19 12:09:14,921 [INFO] ThirdParty:1030 - CMSIS Pack Vendor :EmbeddedOffice I-CUBE-FS-RTOS 1.0.1
2025-12-19 12:09:14,921 [INFO] ThirdParty:1030 - CMSIS Pack Vendor :STMicroelectronics lwIP 2.0.3
2025-12-19 12:09:14,921 [INFO] ThirdParty:1030 - CMSIS Pack Vendor :Cesanta I-CUBE-Mongoose 7.13.0
2025-12-19 12:09:14,921 [INFO] ThirdParty:1030 - CMSIS Pack Vendor :STMicroelectronics USB_HOST 1.0.0
2025-12-19 12:09:14,921 [INFO] ThirdParty:1030 - CMSIS Pack Vendor :STMicroelectronics X-CUBE-AZRTOS-G4 2.0.0
2025-12-19 12:09:14,921 [INFO] ThirdParty:1030 - CMSIS Pack Vendor :STMicroelectronics X-CUBE-WB05N 2.0.0
2025-12-19 12:09:14,921 [INFO] ThirdParty:1030 - CMSIS Pack Vendor :STMicroelectronics PDM2PCM 3.1.0
2025-12-19 12:09:14,921 [INFO] ThirdParty:1030 - CMSIS Pack Vendor :STMicroelectronics X-CUBE-NFC7 2.0.0
2025-12-19 12:09:14,921 [INFO] ThirdParty:1030 - CMSIS Pack Vendor :STMicroelectronics X-CUBE-TCPP 4.2.0
2025-12-19 12:09:14,921 [INFO] ThirdParty:1030 - CMSIS Pack Vendor :RealThread X-CUBE-RT-Thread_Nano 4.1.1
2025-12-19 12:09:14,921 [INFO] ThirdParty:1030 - CMSIS Pack Vendor :STMicroelectronics FP-ATR-SIGFOX1 3.2.0
2025-12-19 12:09:14,921 [INFO] ThirdParty:1030 - CMSIS Pack Vendor :wolfSSL I-CUBE-wolfSSL 5.7.2
2025-12-19 12:09:14,921 [INFO] ThirdParty:1030 - CMSIS Pack Vendor :quantropi X-CUBE-qispace-sdk-base 1.9.3
2025-12-19 12:09:14,921 [INFO] ThirdParty:1030 - CMSIS Pack Vendor :STMicroelectronics X-CUBE-EEPRMA1 5.1.0
2025-12-19 12:09:14,921 [INFO] ThirdParty:1030 - CMSIS Pack Vendor :STMicroelectronics MBEDTLS 2.16.2
2025-12-19 12:09:14,921 [INFO] ThirdParty:1030 - CMSIS Pack Vendor :STMicroelectronics X-CUBE-IPS 3.1.0
2025-12-19 12:09:14,921 [INFO] ThirdParty:1030 - CMSIS Pack Vendor :STMicroelectronics X-CUBE-ALS 1.0.2
2025-12-19 12:09:14,921 [INFO] ThirdParty:1030 - CMSIS Pack Vendor :ITTIA_DB I-CUBE-ITTIADB 8.9.0
2025-12-19 12:09:14,921 [INFO] ThirdParty:1030 - CMSIS Pack Vendor :STMicroelectronics X-CUBE-TOUCHGFX 4.24.1
2025-12-19 12:09:14,921 [INFO] ThirdParty:1030 - CMSIS Pack Vendor :STMicroelectronics X-CUBE-STSE01 1.0.0
2025-12-19 12:09:14,921 [INFO] ThirdParty:1030 - CMSIS Pack Vendor :wolfSSL I-CUBE-wolfTPM 3.4.0
2025-12-19 12:09:14,921 [INFO] ThirdParty:1030 - CMSIS Pack Vendor :portGmbH I-Cube-SoM-uGOAL 1.1.0
2025-12-19 12:09:14,921 [INFO] ThirdParty:1030 - CMSIS Pack Vendor :STMicroelectronics X-CUBE-ST67W61 1.0.0
2025-12-19 12:09:14,921 [INFO] ThirdParty:1030 - CMSIS Pack Vendor :STMicroelectronics X-CUBE-AI 10.2.0
2025-12-19 12:09:14,921 [INFO] ThirdParty:1030 - CMSIS Pack Vendor :STMicroelectronics ThreadX 1.0.0
2025-12-19 12:09:14,921 [INFO] ThirdParty:1030 - CMSIS Pack Vendor :SEGGER I-CUBE-embOS 1.3.1
2025-12-19 12:09:14,921 [INFO] ThirdParty:1030 - CMSIS Pack Vendor :STMicroelectronics X-CUBE-ALGOBUILD 1.4.0
2025-12-19 12:09:14,921 [INFO] ThirdParty:1030 - CMSIS Pack Vendor :STMicroelectronics X-CUBE-MEMS1 11.3.0
2025-12-19 12:09:14,921 [INFO] ThirdParty:1030 - CMSIS Pack Vendor :STMicroelectronics X-CUBE-AZRTOS-H7RS 1.0.0
2025-12-19 12:09:14,921 [INFO] ThirdParty:1030 - CMSIS Pack Vendor :STMicroelectronics FP-ATR-ASTRA1 2.0.0
2025-12-19 12:09:14,921 [INFO] ThirdParty:1030 - CMSIS Pack Vendor :STMicroelectronics X-CUBE-TOF1 3.4.2
2025-12-19 12:09:14,921 [INFO] ThirdParty:1030 - CMSIS Pack Vendor :STMicroelectronics X-CUBE-TOF1 3.4.3
2025-12-19 12:09:14,921 [INFO] ThirdParty:1030 - CMSIS Pack Vendor :STMicroelectronics X-CUBE-AI 9.1.0
2025-12-19 12:09:14,921 [INFO] ThirdParty:1030 - CMSIS Pack Vendor :Infineon AIROC-Wi-Fi-Bluetooth-STM32 1.6.1
2025-12-19 12:09:14,921 [INFO] ThirdParty:1030 - CMSIS Pack Vendor :wolfSSL I-CUBE-wolfSSH 1.4.17
2025-12-19 12:09:14,921 [INFO] ThirdParty:841 - exiting critical section [change project]
2025-12-19 12:09:15,710 [INFO] PinOutPanel:1589 - setPackage(No Configuration,No Configuration)
2025-12-19 12:09:15,729 [INFO] PinOutPanel:1589 - setPackage(STM32H743IITx,LQFP176)
2025-12-19 12:09:16,400 [INFO] UtilMem:75 - Before build in PCC Used Memory: 300669184 Bytes (510656512)
2025-12-19 12:09:17,245 [INFO] UtilMem:75 - After build in PCC Used Memory: 383032496 Bytes (510656512)
2025-12-19 12:09:17,303 [INFO] IPUIPlugin:80 - create IPUIPlugin
2025-12-19 12:09:17,303 [INFO] IPUIPlugin:80 - create IPUIPlugin
2025-12-19 12:09:17,303 [INFO] IPUIPlugin:80 - create IPUIPlugin
2025-12-19 12:09:17,303 [INFO] IPUIPlugin:80 - create IPUIPlugin
2025-12-19 12:09:17,303 [INFO] IPUIPlugin:80 - create IPUIPlugin
2025-12-19 12:09:17,303 [INFO] IPUIPlugin:80 - create IPUIPlugin
2025-12-19 12:09:17,303 [INFO] IPUIPlugin:80 - create IPUIPlugin
2025-12-19 12:09:17,303 [INFO] IPUIPlugin:80 - create IPUIPlugin
2025-12-19 12:09:17,303 [INFO] IPUIPlugin:80 - create IPUIPlugin
2025-12-19 12:09:17,303 [INFO] IPUIPlugin:80 - create IPUIPlugin
2025-12-19 12:09:17,303 [INFO] IPUIPlugin:80 - create IPUIPlugin
2025-12-19 12:09:17,303 [INFO] IPUIPlugin:80 - create IPUIPlugin
2025-12-19 12:09:17,303 [INFO] IPUIPlugin:80 - create IPUIPlugin
2025-12-19 12:09:17,303 [INFO] IPUIPlugin:80 - create IPUIPlugin
2025-12-19 12:09:17,303 [INFO] IPUIPlugin:80 - create IPUIPlugin
2025-12-19 12:09:17,303 [INFO] IPUIPlugin:80 - create IPUIPlugin
2025-12-19 12:09:17,303 [INFO] IPUIPlugin:80 - create IPUIPlugin
2025-12-19 12:09:17,303 [INFO] IPUIPlugin:80 - create IPUIPlugin
2025-12-19 12:09:17,303 [INFO] IPUIPlugin:80 - create IPUIPlugin
2025-12-19 12:09:17,303 [INFO] IPUIPlugin:80 - create IPUIPlugin
2025-12-19 12:09:17,303 [INFO] IPUIPlugin:80 - create IPUIPlugin
2025-12-19 12:09:17,303 [INFO] IPUIPlugin:80 - create IPUIPlugin
2025-12-19 12:09:17,303 [INFO] IPUIPlugin:80 - create IPUIPlugin
2025-12-19 12:09:17,303 [INFO] IPUIPlugin:80 - create IPUIPlugin
2025-12-19 12:09:17,303 [INFO] IPUIPlugin:80 - create IPUIPlugin
2025-12-19 12:09:17,303 [INFO] IPUIPlugin:80 - create IPUIPlugin
2025-12-19 12:09:17,303 [INFO] IPUIPlugin:80 - create IPUIPlugin
2025-12-19 12:09:17,303 [INFO] IPUIPlugin:80 - create IPUIPlugin
2025-12-19 12:09:17,303 [INFO] IPUIPlugin:80 - create IPUIPlugin
2025-12-19 12:09:17,303 [INFO] IPUIPlugin:80 - create IPUIPlugin
2025-12-19 12:09:17,303 [INFO] IPUIPlugin:80 - create IPUIPlugin
2025-12-19 12:09:17,303 [INFO] IPUIPlugin:80 - create IPUIPlugin
2025-12-19 12:09:17,303 [INFO] IPUIPlugin:80 - create IPUIPlugin
2025-12-19 12:09:17,303 [INFO] IPUIPlugin:80 - create IPUIPlugin
2025-12-19 12:09:17,303 [INFO] IPUIPlugin:80 - create IPUIPlugin
2025-12-19 12:09:17,303 [INFO] IPUIPlugin:80 - create IPUIPlugin
2025-12-19 12:09:17,303 [INFO] IPUIPlugin:80 - create IPUIPlugin
2025-12-19 12:09:17,303 [INFO] IPUIPlugin:80 - create IPUIPlugin
2025-12-19 12:09:17,303 [INFO] IPUIPlugin:80 - create IPUIPlugin
2025-12-19 12:09:17,303 [INFO] IPUIPlugin:80 - create IPUIPlugin
2025-12-19 12:09:17,303 [INFO] IPUIPlugin:80 - create IPUIPlugin
2025-12-19 12:09:17,303 [INFO] IPUIPlugin:80 - create IPUIPlugin
2025-12-19 12:09:17,303 [INFO] IPUIPlugin:80 - create IPUIPlugin
2025-12-19 12:09:17,303 [INFO] IPUIPlugin:80 - create IPUIPlugin
2025-12-19 12:09:17,303 [INFO] IPUIPlugin:80 - create IPUIPlugin
2025-12-19 12:09:17,303 [INFO] IPUIPlugin:80 - create IPUIPlugin
2025-12-19 12:09:17,303 [INFO] IPUIPlugin:80 - create IPUIPlugin
2025-12-19 12:09:17,303 [INFO] IPUIPlugin:80 - create IPUIPlugin
2025-12-19 12:09:17,303 [INFO] IPUIPlugin:80 - create IPUIPlugin
2025-12-19 12:09:17,303 [INFO] IPUIPlugin:80 - create IPUIPlugin
2025-12-19 12:09:17,311 [INFO] IPUIPlugin:80 - create IPUIPlugin
2025-12-19 12:09:17,311 [INFO] IPUIPlugin:80 - create IPUIPlugin
2025-12-19 12:09:17,311 [INFO] IPUIPlugin:80 - create IPUIPlugin
2025-12-19 12:09:17,311 [INFO] IPUIPlugin:80 - create IPUIPlugin
2025-12-19 12:09:17,311 [INFO] IPUIPlugin:80 - create IPUIPlugin
2025-12-19 12:09:17,311 [INFO] IPUIPlugin:80 - create IPUIPlugin
2025-12-19 12:09:17,311 [INFO] IPUIPlugin:80 - create IPUIPlugin
2025-12-19 12:09:17,311 [INFO] IPUIPlugin:80 - create IPUIPlugin
2025-12-19 12:09:17,311 [INFO] IPUIPlugin:80 - create IPUIPlugin
2025-12-19 12:09:17,311 [INFO] IPUIPlugin:80 - create IPUIPlugin
2025-12-19 12:09:17,311 [INFO] IPUIPlugin:80 - create IPUIPlugin
2025-12-19 12:09:17,311 [INFO] IPUIPlugin:80 - create IPUIPlugin
2025-12-19 12:09:17,311 [INFO] IPUIPlugin:80 - create IPUIPlugin
2025-12-19 12:09:17,311 [INFO] IPUIPlugin:80 - create IPUIPlugin
2025-12-19 12:09:17,311 [INFO] IPUIPlugin:80 - create IPUIPlugin
2025-12-19 12:09:17,311 [INFO] IPUIPlugin:80 - create IPUIPlugin
2025-12-19 12:09:17,311 [INFO] IPUIPlugin:80 - create IPUIPlugin
2025-12-19 12:09:17,311 [INFO] IPUIPlugin:80 - create IPUIPlugin
2025-12-19 12:09:17,311 [INFO] IPUIPlugin:80 - create IPUIPlugin
2025-12-19 12:09:17,311 [INFO] IPUIPlugin:80 - create IPUIPlugin
2025-12-19 12:09:17,311 [INFO] IPUIPlugin:80 - create IPUIPlugin
2025-12-19 12:09:17,311 [INFO] IPUIPlugin:80 - create IPUIPlugin
2025-12-19 12:09:17,311 [INFO] IPUIPlugin:80 - create IPUIPlugin
2025-12-19 12:09:17,311 [INFO] IPUIPlugin:80 - create IPUIPlugin
2025-12-19 12:09:17,311 [INFO] IPUIPlugin:80 - create IPUIPlugin
2025-12-19 12:09:17,311 [INFO] IPUIPlugin:80 - create IPUIPlugin
2025-12-19 12:09:17,311 [INFO] IPUIPlugin:80 - create IPUIPlugin
2025-12-19 12:09:17,311 [INFO] IPUIPlugin:80 - create IPUIPlugin
2025-12-19 12:09:17,311 [INFO] IPUIPlugin:80 - create IPUIPlugin
2025-12-19 12:09:17,311 [INFO] IPUIPlugin:80 - create IPUIPlugin
2025-12-19 12:09:17,311 [INFO] IPUIPlugin:80 - create IPUIPlugin
2025-12-19 12:09:17,311 [INFO] IPUIPlugin:80 - create IPUIPlugin
2025-12-19 12:09:17,311 [INFO] IPUIPlugin:80 - create IPUIPlugin
2025-12-19 12:09:17,311 [INFO] IPUIPlugin:80 - create IPUIPlugin
2025-12-19 12:09:17,311 [INFO] IPUIPlugin:80 - create IPUIPlugin
2025-12-19 12:09:17,311 [INFO] IPUIPlugin:80 - create IPUIPlugin
2025-12-19 12:09:17,311 [INFO] IPUIPlugin:80 - create IPUIPlugin
2025-12-19 12:09:17,311 [INFO] IPUIPlugin:80 - create IPUIPlugin
2025-12-19 12:09:17,320 [INFO] IPUIPlugin:80 - create IPUIPlugin
2025-12-19 12:09:17,320 [INFO] IPUIPlugin:80 - create IPUIPlugin
2025-12-19 12:09:17,320 [INFO] IPUIPlugin:80 - create IPUIPlugin
2025-12-19 12:09:17,320 [INFO] IPUIPlugin:80 - create IPUIPlugin
2025-12-19 12:09:17,320 [INFO] IPUIPlugin:80 - create IPUIPlugin
2025-12-19 12:09:17,320 [INFO] IPUIPlugin:80 - create IPUIPlugin
2025-12-19 12:09:17,320 [INFO] IPUIPlugin:80 - create IPUIPlugin
2025-12-19 12:09:17,320 [INFO] IPUIPlugin:80 - create IPUIPlugin
2025-12-19 12:09:17,320 [INFO] IPUIPlugin:80 - create IPUIPlugin
2025-12-19 12:09:17,320 [INFO] IPUIPlugin:80 - create IPUIPlugin
2025-12-19 12:09:17,403 [INFO] ApiDbMcu:508 - Load IP Config File for PDM2PCM
2025-12-19 12:09:17,411 [WARN] IP:2251 - ClockDivider not found: check if there is a RefParameter without a condition.
2025-12-19 12:09:17,411 [WARN] IP:2251 - ClockDividerCCU not found: check if there is a RefParameter without a condition.
2025-12-19 12:09:17,411 [WARN] IP:2251 - MinOscClkPeriodsCCU not found: check if there is a RefParameter without a condition.
2025-12-19 12:09:17,411 [WARN] IP:2251 - TimeQuantaPerBitTimeCCU not found: check if there is a RefParameter without a condition.
2025-12-19 12:09:17,411 [WARN] IP:2251 - WatchdogStartValueCCU not found: check if there is a RefParameter without a condition.
2025-12-19 12:09:17,411 [INFO] LogOutputStream:77 - [STDOUT_REDIRECT] Nominal 
2025-12-19 12:09:17,411 [INFO] Can:71 - Can Add PropertyChangeListener com.st.microxplorer.plugins.ip.can.Can@20475301
2025-12-19 12:09:17,669 [INFO] CADModel:165 - CPN selected for project levelSTM32H743IIT6
2025-12-19 12:09:17,669 [INFO] CADModel:114 - Register for checkConnection events
2025-12-19 12:09:17,731 [INFO] OpenFileManager:363 - Restore cursor
2025-12-19 12:09:17,968 [WARN] IP:2251 - ClockDivider not found: check if there is a RefParameter without a condition.
2025-12-19 12:09:17,968 [WARN] IP:2251 - ClockDividerCCU not found: check if there is a RefParameter without a condition.
2025-12-19 12:09:17,968 [WARN] IP:2251 - MinOscClkPeriodsCCU not found: check if there is a RefParameter without a condition.
2025-12-19 12:09:17,972 [WARN] IP:2251 - TimeQuantaPerBitTimeCCU not found: check if there is a RefParameter without a condition.
2025-12-19 12:09:17,972 [WARN] IP:2251 - WatchdogStartValueCCU not found: check if there is a RefParameter without a condition.
2025-12-19 12:09:21,498 [INFO] LogOutputStream:77 - [STDOUT_REDIRECT] 
2025-12-19 12:09:27,534 [INFO] McuFinderGlobals:63 - Set McuFinder mode to 2 (CubeIDE integrated)
2025-12-19 12:09:27,535 [INFO] UserAuth:171 - activating auth plugin
2025-12-19 12:09:27,539 [INFO] UserAuth:486 - Internet connection configuration mode: 1
2025-12-19 12:09:27,579 [INFO] JxBrowserEngine:152 - Initiate JxBrowser Engine with user profile folder
2025-12-19 12:09:29,049 [INFO] WebApp:168 - Instantiating new browser for Auth
2025-12-19 12:09:29,897 [INFO] WebApp:449 - Apply proxy settings
2025-12-19 12:09:29,897 [INFO] WebApp:534 - Chromium requires no authentication
2025-12-19 12:09:29,928 [INFO] WebApp:477 - Direct internet connection detected
2025-12-19 12:09:29,989 [INFO] WebApp:880 - Register for checkConnection events
2025-12-19 12:09:29,989 [INFO] WebApp:449 - Apply proxy settings
2025-12-19 12:09:29,989 [INFO] WebApp:534 - Chromium requires no authentication
2025-12-19 12:09:29,990 [INFO] WebApp:477 - Direct internet connection detected
2025-12-19 12:09:30,262 [INFO] WebApp:221 - Starting web application
2025-12-19 12:09:30,262 [INFO] WebApp:579 - Web application path used C:\ST\STM32CubeIDE_1.17.0\STM32CubeIDE\plugins\com.st.stm32cube.common.mx_6.13.0.202411220809\db\plugins\mcufinder\reactClient1\index.html
2025-12-19 12:09:30,409 [INFO] WebApp:187 - Connection restablished
2025-12-19 12:16:00,312 [INFO] LogOutputStream:77 - [STDOUT_REDIRECT] This download action requires prior login. To proceed, please use the 'login' command with your my.st.com account email and password.
2025-12-19 12:16:00,313 [INFO] LogOutputStream:77 - [STDOUT_REDIRECT] Run 'login <email> <password> <remember_me>' for example 'login john.smith@st.com mypassword y'.
2025-12-19 12:16:00,315 [INFO] LogOutputStream:77 - [STDOUT_REDIRECT] If you do not have a my.st.com account, please visit https://st.com website to create one.
2025-12-19 12:30:31,384 [WARN] IP:2251 - ClockDivider not found: check if there is a RefParameter without a condition.
2025-12-19 12:30:31,483 [INFO] NvicIntPanel:101 - NVIC parent = com.st.microxplorer.plugins.ip.nvic.MultiNvicIntPanel[,0,0,0x0,invalid,layout=javax.swing.BoxLayout,alignmentX=0.0,alignmentY=0.0,border=,flags=9,maximumSize=,minimumSize=,preferredSize=]
2025-12-19 12:30:37,917 [WARN] IP:2251 - ClockDivider not found: check if there is a RefParameter without a condition.
2025-12-19 12:30:37,917 [WARN] IP:2251 - ClockDividerCCU not found: check if there is a RefParameter without a condition.
2025-12-19 12:30:37,918 [WARN] IP:2251 - MinOscClkPeriodsCCU not found: check if there is a RefParameter without a condition.
2025-12-19 12:30:37,918 [WARN] IP:2251 - TimeQuantaPerBitTimeCCU not found: check if there is a RefParameter without a condition.
2025-12-19 12:30:37,918 [WARN] IP:2251 - WatchdogStartValueCCU not found: check if there is a RefParameter without a condition.
2025-12-19 12:30:37,988 [INFO] NvicIntPanel:101 - NVIC parent = com.st.microxplorer.plugins.ip.nvic.MultiNvicIntPanel[,0,0,0x0,invalid,layout=javax.swing.BoxLayout,alignmentX=0.0,alignmentY=0.0,border=,flags=9,maximumSize=,minimumSize=,preferredSize=]
2025-12-19 12:33:39,309 [INFO] UtilMem:75 - End SaveConfig() Used Memory: 766793200 Bytes (1073741824)
2025-12-19 12:33:40,619 [INFO] UtilMem:75 - End SaveConfig() Used Memory: 804517152 Bytes (1073741824)
2025-12-19 12:33:42,091 [INFO] LogOutputStream:77 - [STDOUT_REDIRECT] This download action requires prior login. To proceed, please use the 'login' command with your my.st.com account email and password.
2025-12-19 12:33:42,092 [INFO] LogOutputStream:77 - [STDOUT_REDIRECT] Run 'login <email> <password> <remember_me>' for example 'login john.smith@st.com mypassword y'.
2025-12-19 12:33:42,093 [INFO] LogOutputStream:77 - [STDOUT_REDIRECT] If you do not have a my.st.com account, please visit https://st.com website to create one.
2025-12-19 12:33:42,659 [INFO] MainUpdater:2872 - connection check result : 10
2025-12-19 12:33:42,660 [INFO] MainUpdater:2872 - connection check result : 10
2025-12-19 12:33:42,702 [INFO] LogOutputStream:77 - [STDOUT_REDIRECT] Nominal 
2025-12-19 12:33:42,743 [INFO] I2cTimingTraitement:330 - 0x00000E14
2025-12-19 12:33:42,771 [INFO] MicroXplorer:468 - Change Database Path : 
2025-12-19 12:33:42,771 [INFO] MicroXplorer:498 - Change Database Version : DB.6.0.130
2025-12-19 12:33:42,799 [ERROR] ProjectManagerView:394 - 
java.lang.NullPointerException: Cannot invoke "javax.swing.JTextField.getText()" because the return value of "java.util.List.get(int)" is null
	at com.st.microxplorer.plugins.projectmanager.gui.ProjectChoiceTab$9.caretUpdate(ProjectChoiceTab.java:2616) ~[filemanager.jar:?]
	at javax.swing.text.JTextComponent.fireCaretUpdate(JTextComponent.java:408) ~[?:?]
	at javax.swing.text.JTextComponent$MutableCaretEvent.fire(JTextComponent.java:4484) ~[?:?]
	at javax.swing.text.JTextComponent$MutableCaretEvent.stateChanged(JTextComponent.java:4506) ~[?:?]
	at javax.swing.text.DefaultCaret.fireStateChanged(DefaultCaret.java:857) ~[?:?]
	at javax.swing.text.DefaultCaret.changeCaretPosition(DefaultCaret.java:1343) ~[?:?]
	at javax.swing.text.DefaultCaret.handleSetDot(DefaultCaret.java:1242) ~[?:?]
	at javax.swing.text.DefaultCaret.setDot(DefaultCaret.java:1223) ~[?:?]
	at javax.swing.text.DefaultCaret$Handler.insertUpdate(DefaultCaret.java:1819) ~[?:?]
	at javax.swing.text.AbstractDocument.fireInsertUpdate(AbstractDocument.java:227) ~[?:?]
	at javax.swing.text.AbstractDocument.handleInsertString(AbstractDocument.java:781) ~[?:?]
	at javax.swing.text.AbstractDocument.insertString(AbstractDocument.java:740) ~[?:?]
	at javax.swing.text.PlainDocument.insertString(PlainDocument.java:131) ~[?:?]
	at javax.swing.text.AbstractDocument.replace(AbstractDocument.java:699) ~[?:?]
	at javax.swing.text.JTextComponent.setText(JTextComponent.java:1725) ~[?:?]
	at com.st.microxplorer.plugins.projectmanager.gui.ProjectChoiceTab.createHeapStackFields(ProjectChoiceTab.java:975) ~[filemanager.jar:?]
	at com.st.microxplorer.plugins.projectmanager.gui.ProjectChoiceTab.buildLinkSettingsPanel(ProjectChoiceTab.java:3666) ~[filemanager.jar:?]
	at com.st.microxplorer.plugins.projectmanager.gui.ProjectChoiceTab.defineWindowsFields(ProjectChoiceTab.java:1934) ~[filemanager.jar:?]
	at com.st.microxplorer.plugins.projectmanager.gui.ProjectChoiceTab.updateSettings(ProjectChoiceTab.java:553) ~[filemanager.jar:?]
	at com.st.microxplorer.plugins.projectmanager.gui.ProjectSettingsPanel.UpdateDialog(ProjectSettingsPanel.java:245) ~[filemanager.jar:?]
	at com.st.microxplorer.plugins.projectmanager.ProjectManagerView.propertyChange(ProjectManagerView.java:391) ~[filemanager.jar:?]
	at java.beans.PropertyChangeSupport.fire(PropertyChangeSupport.java:343) ~[?:?]
	at java.beans.PropertyChangeSupport.firePropertyChange(PropertyChangeSupport.java:335) ~[?:?]
	at java.beans.PropertyChangeSupport.firePropertyChange(PropertyChangeSupport.java:268) ~[?:?]
	at com.st.microxplorer.util.MXPropertyChangeSupport.firePropertyChange(MXPropertyChangeSupport.java:54) ~[STM32CubeMX.jar:?]
	at com.st.microxplorer.mxsystem.MxSystem.closeConfig(MxSystem.java:899) ~[STM32CubeMX.jar:?]
	at com.st.microxplorer.maingui.MainPanel.closeConfig(MainPanel.java:789) ~[STM32CubeMX.jar:?]
	at com.st.microxplorer.plugins.filemanager.engine.OpenFileManager.loadConfigurationFile(OpenFileManager.java:265) ~[filemanager.jar:?]
	at com.st.microxplorer.plugins.filemanager.engine.MainFileManager.userLoadConfig(MainFileManager.java:340) ~[filemanager.jar:?]
	at com.st.microxplorer.plugins.filemanager.engine.MainFileManager.userLoadConfig(MainFileManager.java:318) ~[filemanager.jar:?]
	at com.st.microxplorer.plugins.filemanager.FileManagerView.getSpecificTask(FileManagerView.java:246) ~[filemanager.jar:?]
	at com.st.stm32cube.common.mx.editor.CubeMxEditor.getMxTabbedPaneInstance(CubeMxEditor.java:1198) ~[com.st.stm32cube.common.mx_6.13.0.202411220809/:?]
	at com.st.stm32cube.common.mx.editor.CubeMxEditor$12$1.createSwingComponent(CubeMxEditor.java:1068) ~[com.st.stm32cube.common.mx_6.13.0.202411220809/:?]
	at com.st.stm32cube.common.mx.oss.core.awtswtbridge.EmbeddedSwingComposite.doComponentCreation(EmbeddedSwingComposite.java:492) ~[com.st.stm32cube.common.mx.oss_6.13.0.202411220809/:?]
	at com.st.stm32cube.common.mx.oss.core.awtswtbridge.EmbeddedSwingComposite$4.run(EmbeddedSwingComposite.java:291) ~[com.st.stm32cube.common.mx.oss_6.13.0.202411220809/:?]
	at com.st.stm32cube.common.mx.oss.core.awtswtbridge.AwtEnvironment$2.run(AwtEnvironment.java:166) ~[com.st.stm32cube.common.mx.oss_6.13.0.202411220809/:?]
	at java.awt.event.InvocationEvent.dispatch(InvocationEvent.java:318) ~[?:?]
	at java.awt.EventQueue.dispatchEventImpl(EventQueue.java:773) ~[?:?]
	at java.awt.EventQueue$4.run(EventQueue.java:720) ~[?:?]
	at java.awt.EventQueue$4.run(EventQueue.java:714) ~[?:?]
	at java.security.AccessController.doPrivileged(AccessController.java:400) ~[?:?]
	at java.security.ProtectionDomain$JavaSecurityAccessImpl.doIntersectionPrivilege(ProtectionDomain.java:87) ~[?:?]
	at java.awt.EventQueue.dispatchEvent(EventQueue.java:742) ~[?:?]
	at java.awt.EventDispatchThread.pumpOneEventForFilters(EventDispatchThread.java:203) ~[?:?]
	at java.awt.EventDispatchThread.pumpEventsForFilter(EventDispatchThread.java:124) ~[?:?]
	at java.awt.EventDispatchThread.pumpEventsForHierarchy(EventDispatchThread.java:113) ~[?:?]
	at java.awt.EventDispatchThread.pumpEvents(EventDispatchThread.java:109) ~[?:?]
	at java.awt.EventDispatchThread.pumpEvents(EventDispatchThread.java:101) ~[?:?]
	at java.awt.EventDispatchThread.run(EventDispatchThread.java:90) ~[?:?]
2025-12-19 12:33:42,808 [WARN] ThirdParty:871 - waiting for thirdparty lock release [close project]
2025-12-19 12:33:42,808 [INFO] ThirdParty:873 - entering critical section [close project]
2025-12-19 12:33:42,808 [INFO] ThirdParty:883 - exiting critical section [close project]
2025-12-19 12:33:42,810 [INFO] PinOutPanel:1589 - setPackage(No Configuration,No Configuration)
2025-12-19 12:33:42,822 [WARN] IpParametersView:154 - Warning: This peripheral hasn't parameters
2025-12-19 12:33:42,827 [WARN] MainPanel:289 - <html><b><center>Warning: This peripheral has no parameters to be configured<br></b></html>
2025-12-19 12:33:42,829 [ERROR] MainPanel:599 - java.lang.IndexOutOfBoundsException: Index: 0, Tab count: 0
2025-12-19 12:33:42,840 [INFO] UtilMem:75 - Begin LoadConfig() Used Memory: 815943856 Bytes (1073741824)
2025-12-19 12:33:42,841 [INFO] MicroXplorer:468 - Change Database Path : 
2025-12-19 12:33:42,841 [INFO] MicroXplorer:498 - Change Database Version : DB.6.0.130
2025-12-19 12:33:42,841 [INFO] OpenFileManager:332 - Change cursor
2025-12-19 12:33:42,880 [INFO] RulesReader:64 - Compatibility file has been processed (297 Rules)
2025-12-19 12:33:42,903 [INFO] Mcu:2035 - Initializing MCU STM32F746ZGTx STM32F746ZGTx STM32F746ZGT6
2025-12-19 12:33:45,276 [INFO] Context:748 - Trying to add GPIOservice into a context  which must be forbidden
2025-12-19 12:33:46,056 [INFO] RtosManager:555 - Registered RTOS mode: class=CMSIS, group=RTOS, mode=CMSIS_V1, owner=FREERTOS
2025-12-19 12:33:46,056 [INFO] RtosManager:555 - Registered RTOS mode: class=CMSIS, group=RTOS2, mode=CMSIS_V2, owner=FREERTOS
2025-12-19 12:33:46,056 [INFO] RtosManager:555 - Registered RTOS mode: class=RTOS, group=Core, mode=CMSIS_V1, owner=FREERTOS
2025-12-19 12:33:46,056 [INFO] RtosManager:555 - Registered RTOS mode: class=RTOS, group=Core, mode=CMSIS_V2, owner=FREERTOS
2025-12-19 12:33:46,056 [WARN] ModelIntegratedComponent:184 - Missing modes for component STMicroelectronics:FreeRTOS:0.0.1:STMicroelectronics:RTOS:FreeRTOS:Core:::10.2.0:
2025-12-19 12:33:46,058 [WARN] ModelIntegratedComponent:63 - No mode defined for component null
2025-12-19 12:33:46,058 [WARN] ModelIntegratedComponent:63 - No mode defined for component null
2025-12-19 12:33:46,059 [WARN] ModelIntegratedComponent:63 - No mode defined for component null
2025-12-19 12:33:46,059 [WARN] ModelIntegratedComponent:63 - No mode defined for component null
2025-12-19 12:33:46,059 [WARN] ModelIntegratedComponent:63 - No mode defined for component null
2025-12-19 12:33:46,059 [WARN] ModelIntegratedComponent:63 - No mode defined for component null
2025-12-19 12:33:46,059 [WARN] ModelIntegratedComponent:63 - No mode defined for component null
2025-12-19 12:33:46,059 [WARN] ModelIntegratedComponent:63 - No mode defined for component null
2025-12-19 12:33:46,059 [WARN] ModelIntegratedComponent:63 - No mode defined for component null
2025-12-19 12:33:46,059 [WARN] ModelIntegratedComponent:63 - No mode defined for component null
2025-12-19 12:33:46,059 [WARN] ModelIntegratedComponent:63 - No mode defined for component null
2025-12-19 12:33:46,059 [WARN] ModelIntegratedComponent:63 - No mode defined for component null
2025-12-19 12:33:46,059 [WARN] ModelIntegratedComponent:63 - No mode defined for component null
2025-12-19 12:33:46,059 [WARN] ModelIntegratedComponent:63 - No mode defined for component null
2025-12-19 12:33:46,059 [WARN] ModelIntegratedComponent:63 - No mode defined for component null
2025-12-19 12:33:46,059 [WARN] ModelIntegratedComponent:63 - No mode defined for component null
2025-12-19 12:33:46,059 [WARN] ModelIntegratedComponent:63 - No mode defined for component null
2025-12-19 12:33:46,060 [WARN] ModelIntegratedComponent:63 - No mode defined for component null
2025-12-19 12:33:46,060 [WARN] ModelIntegratedComponent:63 - No mode defined for component null
2025-12-19 12:33:46,060 [WARN] ModelIntegratedComponent:63 - No mode defined for component null
2025-12-19 12:33:46,060 [WARN] ModelIntegratedComponent:63 - No mode defined for component null
2025-12-19 12:33:46,060 [WARN] ModelIntegratedComponent:63 - No mode defined for component null
2025-12-19 12:33:46,060 [WARN] ModelIntegratedComponent:63 - No mode defined for component null
2025-12-19 12:33:46,060 [WARN] ModelIntegratedComponent:63 - No mode defined for component null
2025-12-19 12:33:46,060 [WARN] ModelIntegratedComponent:63 - No mode defined for component null
2025-12-19 12:33:46,060 [WARN] ModelIntegratedComponent:63 - No mode defined for component null
2025-12-19 12:33:46,060 [WARN] ModelIntegratedComponent:63 - No mode defined for component null
2025-12-19 12:33:46,060 [WARN] ModelIntegratedComponent:63 - No mode defined for component null
2025-12-19 12:33:46,060 [WARN] ModelIntegratedComponent:63 - No mode defined for component null
2025-12-19 12:33:46,060 [WARN] ModelIntegratedComponent:63 - No mode defined for component null
2025-12-19 12:33:46,060 [WARN] ModelIntegratedComponent:63 - No mode defined for component null
2025-12-19 12:33:46,060 [WARN] ModelIntegratedComponent:63 - No mode defined for component null
2025-12-19 12:33:46,060 [WARN] ModelIntegratedComponent:63 - No mode defined for component null
2025-12-19 12:33:46,060 [WARN] ModelIntegratedComponent:63 - No mode defined for component null
2025-12-19 12:33:46,061 [WARN] ModelIntegratedComponent:63 - No mode defined for component null
2025-12-19 12:33:46,061 [WARN] ModelPack:524 - Component already loaded: STMicroelectronics:HAL Drivers:0.0.0:STMicroelectronics:Device:STMicro_Driver:XSPI:HAL::0.0.1:HAL_XSPI
2025-12-19 12:33:46,179 [INFO] ThirdPartyModel:298 - Start build external matchings
2025-12-19 12:33:46,903 [INFO] ThirdPartyModel:316 - End build external matchings
2025-12-19 12:33:46,931 [INFO] ImportTextPane:218 - (OptionalMessage_ERROR) IP (DMA) : Parameter (Instance) has Id (ADC1) currently not set
2025-12-19 12:33:46,931 [INFO] ImportTextPane:218 - (OptionalMessage_ERROR) IP (DMA) : Parameter (Channel) has Id (ADC1) currently not set
2025-12-19 12:33:46,931 [INFO] ImportTextPane:218 - (OptionalMessage_ERROR) IP (DMA) : Parameter (Direction) has Id (ADC1) currently not set
2025-12-19 12:33:46,931 [INFO] ImportTextPane:218 - (OptionalMessage_ERROR) IP (DMA) : Parameter (PeriphInc) has Id (ADC1) currently not set
2025-12-19 12:33:46,931 [INFO] ImportTextPane:218 - (OptionalMessage_ERROR) IP (DMA) : Parameter (MemInc) has Id (ADC1) currently not set
2025-12-19 12:33:46,932 [INFO] ImportTextPane:218 - (OptionalMessage_ERROR) IP (DMA) : Parameter (PeriphDataAlignment) has Id (ADC1) currently not set
2025-12-19 12:33:46,932 [INFO] ImportTextPane:218 - (OptionalMessage_ERROR) IP (DMA) : Parameter (MemDataAlignment) has Id (ADC1) currently not set
2025-12-19 12:33:46,932 [INFO] ImportTextPane:218 - (OptionalMessage_ERROR) IP (DMA) : Parameter (Mode) has Id (ADC1) currently not set
2025-12-19 12:33:46,932 [INFO] ImportTextPane:218 - (OptionalMessage_ERROR) IP (DMA) : Parameter (Priority) has Id (ADC1) currently not set
2025-12-19 12:33:46,932 [INFO] ImportTextPane:218 - (OptionalMessage_ERROR) IP (DMA) : Parameter (FIFOMode) has Id (ADC1) currently not set
2025-12-19 12:33:46,932 [INFO] ImportTextPane:218 - (OptionalMessage_ERROR) IP (DMA) : Parameter (Instance) has Id (USART2_RX) currently not set
2025-12-19 12:33:46,933 [INFO] ImportTextPane:218 - (OptionalMessage_ERROR) IP (DMA) : Parameter (Channel) has Id (USART2_RX) currently not set
2025-12-19 12:33:46,933 [INFO] ImportTextPane:218 - (OptionalMessage_ERROR) IP (DMA) : Parameter (Direction) has Id (USART2_RX) currently not set
2025-12-19 12:33:46,933 [INFO] ImportTextPane:218 - (OptionalMessage_ERROR) IP (DMA) : Parameter (PeriphInc) has Id (USART2_RX) currently not set
2025-12-19 12:33:46,933 [INFO] ImportTextPane:218 - (OptionalMessage_ERROR) IP (DMA) : Parameter (MemInc) has Id (USART2_RX) currently not set
2025-12-19 12:33:46,933 [INFO] ImportTextPane:218 - (OptionalMessage_ERROR) IP (DMA) : Parameter (PeriphDataAlignment) has Id (USART2_RX) currently not set
2025-12-19 12:33:46,933 [INFO] ImportTextPane:218 - (OptionalMessage_ERROR) IP (DMA) : Parameter (MemDataAlignment) has Id (USART2_RX) currently not set
2025-12-19 12:33:46,933 [INFO] ImportTextPane:218 - (OptionalMessage_ERROR) IP (DMA) : Parameter (Mode) has Id (USART2_RX) currently not set
2025-12-19 12:33:46,933 [INFO] ImportTextPane:218 - (OptionalMessage_ERROR) IP (DMA) : Parameter (Priority) has Id (USART2_RX) currently not set
2025-12-19 12:33:46,933 [INFO] ImportTextPane:218 - (OptionalMessage_ERROR) IP (DMA) : Parameter (FIFOMode) has Id (USART2_RX) currently not set
2025-12-19 12:33:46,935 [INFO] ImportTextPane:218 - (OptionalMessage_ERROR) IP (RCC) : Invalid parameter (48MHZClocksFreq_Value)
2025-12-19 12:33:46,936 [INFO] ImportTextPane:218 - (OptionalMessage_ERROR) IP (RCC) : Invalid parameter (ADC12outputFreq_Value)
2025-12-19 12:33:46,936 [INFO] ImportTextPane:218 - (OptionalMessage_ERROR) IP (RCC) : Invalid parameter (ADC34outputFreq_Value)
2025-12-19 12:33:46,936 [INFO] ImportTextPane:218 - (OptionalMessage_ERROR) IP (RCC) : Invalid parameter (FamilyName)
2025-12-19 12:33:46,936 [INFO] ImportTextPane:218 - (OptionalMessage_ERROR) IP (RCC) : Invalid parameter (I2SClocksFreq_Value)
2025-12-19 12:33:46,936 [INFO] ImportTextPane:218 - (OptionalMessage_ERROR) IP (RCC) : Parameter (LCDTFToutputFreq_Value) has invalid value (96000000)
2025-12-19 12:33:46,936 [INFO] ImportTextPane:218 - (OptionalMessage_ERROR) IP (RCC) : Invalid parameter (MCOFreq_Value)
2025-12-19 12:33:46,936 [INFO] ImportTextPane:218 - (OptionalMessage_ERROR) IP (RCC) : Invalid parameter (PLLMCOFreq_Value)
2025-12-19 12:33:46,937 [INFO] ImportTextPane:218 - (OptionalMessage_ERROR) IP (RCC) : Invalid parameter (PLLMUL)
2025-12-19 12:33:46,937 [INFO] ImportTextPane:218 - (OptionalMessage_ERROR) IP (RCC) : Invalid parameter (PRESCALERUSB)
2025-12-19 12:33:46,937 [INFO] ImportTextPane:218 - (OptionalMessage_ERROR) IP (RCC) : Invalid parameter (RTCHSEDivFreq_Value)
2025-12-19 12:33:46,937 [INFO] ImportTextPane:218 - (OptionalMessage_ERROR) IP (RCC) : Parameter (SDMMCFreq_Value) has invalid value (72000000)
2025-12-19 12:33:46,937 [INFO] ImportTextPane:218 - (OptionalMessage_ERROR) IP (RCC) : Invalid parameter (SYSCLKSourceVirtual)
2025-12-19 12:33:46,937 [INFO] ImportTextPane:218 - (OptionalMessage_ERROR) IP (RCC) : Invalid parameter (TIM15Freq_Value)
2025-12-19 12:33:46,937 [INFO] ImportTextPane:218 - (OptionalMessage_ERROR) IP (RCC) : Invalid parameter (TIM16Freq_Value)
2025-12-19 12:33:46,937 [INFO] ImportTextPane:218 - (OptionalMessage_ERROR) IP (RCC) : Invalid parameter (TIM17Freq_Value)
2025-12-19 12:33:46,937 [INFO] ImportTextPane:218 - (OptionalMessage_ERROR) IP (RCC) : Invalid parameter (TIM1Freq_Value)
2025-12-19 12:33:46,937 [INFO] ImportTextPane:218 - (OptionalMessage_ERROR) IP (RCC) : Invalid parameter (TIM20Freq_Value)
2025-12-19 12:33:46,937 [INFO] ImportTextPane:218 - (OptionalMessage_ERROR) IP (RCC) : Invalid parameter (TIM2Freq_Value)
2025-12-19 12:33:46,937 [INFO] ImportTextPane:218 - (OptionalMessage_ERROR) IP (RCC) : Invalid parameter (TIM3Freq_Value)
2025-12-19 12:33:46,937 [INFO] ImportTextPane:218 - (OptionalMessage_ERROR) IP (RCC) : Invalid parameter (TIM8Freq_Value)
2025-12-19 12:33:46,937 [INFO] ImportTextPane:218 - (OptionalMessage_ERROR) IP (RCC) : Invalid parameter (VCOOutput2Freq_Value)
2025-12-19 12:33:46,937 [INFO] ImportTextPane:218 - (OptionalMessage_ERROR) IP (RCC) : Invalid parameter (VcooutputI2S)
2025-12-19 12:33:47,502 [INFO] UtilMem:75 - End LoadConfig() Used Memory: 809589008 Bytes (1073741824)
2025-12-19 12:33:47,719 [WARN] ThirdParty:833 - waiting for thirdparty lock release [change project]
2025-12-19 12:33:47,720 [INFO] ThirdParty:835 - entering critical section [change project]
2025-12-19 12:33:47,720 [INFO] ThirdParty:1030 - CMSIS Pack Vendor :STMicroelectronics X-CUBE-PM33A1 1.0.0
2025-12-19 12:33:47,720 [INFO] ThirdParty:1030 - CMSIS Pack Vendor :STMicroelectronics USBPD 4.1
2025-12-19 12:33:47,720 [INFO] ThirdParty:1030 - CMSIS Pack Vendor :STMicroelectronics USB_HOST 2.0.0
2025-12-19 12:33:47,720 [INFO] ThirdParty:1030 - CMSIS Pack Vendor :STMicroelectronics FP-SNS-MOTENVWB1 1.4.0
2025-12-19 12:33:47,720 [INFO] ThirdParty:1030 - CMSIS Pack Vendor :STMicroelectronics X-CUBE-AZRTOS-F4 1.1.0
2025-12-19 12:33:47,720 [INFO] ThirdParty:1030 - CMSIS Pack Vendor :STMicroelectronics LIBJPEG 8.0.0
2025-12-19 12:33:47,720 [INFO] ThirdParty:1030 - CMSIS Pack Vendor :STMicroelectronics FP-ATR-ASTRA1 2.0.2
2025-12-19 12:33:47,720 [INFO] ThirdParty:1030 - CMSIS Pack Vendor :STMicroelectronics FP-ATR-ASTRA1 2.0.1
2025-12-19 12:33:47,720 [INFO] ThirdParty:1030 - CMSIS Pack Vendor :STMicroelectronics X-CUBE-SMBUS 2.1.0
2025-12-19 12:33:47,720 [INFO] ThirdParty:1030 - CMSIS Pack Vendor :STMicroelectronics X-CUBE-WB05N 1.1.0
2025-12-19 12:33:47,720 [INFO] ThirdParty:1030 - CMSIS Pack Vendor :STMicroelectronics X-CUBE-ISPU 2.1.0
2025-12-19 12:33:47,721 [INFO] ThirdParty:1030 - CMSIS Pack Vendor :STMicroelectronics X-CUBE-FREERTOS 1.2.0
2025-12-19 12:33:47,721 [INFO] ThirdParty:1030 - CMSIS Pack Vendor :STMicroelectronics X-CUBE-ST60 1.0.0
2025-12-19 12:33:47,721 [INFO] ThirdParty:1030 - CMSIS Pack Vendor :STMicroelectronics X-CUBE-NFC12 1.0.0
2025-12-19 12:33:47,721 [INFO] ThirdParty:1030 - CMSIS Pack Vendor :STMicroelectronics X-CUBE-AZRTOS-F7 1.1.0
2025-12-19 12:33:47,721 [INFO] ThirdParty:1030 - CMSIS Pack Vendor :STMicroelectronics X-CUBE-AZRTOS-L5 2.0.0
2025-12-19 12:33:47,721 [INFO] ThirdParty:1030 - CMSIS Pack Vendor :STMicroelectronics USB_DEVICE 2.0.0
2025-12-19 12:33:47,721 [INFO] ThirdParty:1030 - CMSIS Pack Vendor :STMicroelectronics X-CUBE-NFC6 3.1.0
2025-12-19 12:33:47,721 [INFO] ThirdParty:1030 - CMSIS Pack Vendor :ARM CMSIS 5.7.0
2025-12-19 12:33:47,721 [INFO] ThirdParty:1030 - CMSIS Pack Vendor :STMicroelectronics X-CUBE-MEMS1 11.0.0
2025-12-19 12:33:47,721 [INFO] ThirdParty:1030 - CMSIS Pack Vendor :STMicroelectronics FreeRTOS 0.0.1
2025-12-19 12:33:47,721 [INFO] ThirdParty:1030 - CMSIS Pack Vendor :STMicroelectronics X-CUBE-DPower 1.2.0
2025-12-19 12:33:47,721 [INFO] ThirdParty:1030 - CMSIS Pack Vendor :STMicroelectronics FP-SNS-FLIGHT1 5.0.2
2025-12-19 12:33:47,721 [INFO] ThirdParty:1030 - CMSIS Pack Vendor :STMicroelectronics PDM2PCM 3.3.0
2025-12-19 12:33:47,721 [INFO] ThirdParty:1030 - CMSIS Pack Vendor :STMicroelectronics X-CUBE-AZRTOS-H7 3.4.0
2025-12-19 12:33:47,721 [INFO] ThirdParty:1030 - CMSIS Pack Vendor :STMicroelectronics X-CUBE-DISPLAY 3.0.0
2025-12-19 12:33:47,721 [INFO] ThirdParty:1030 - CMSIS Pack Vendor :STMicroelectronics X-CUBE-BLE1 7.0.0
2025-12-19 12:33:47,721 [INFO] ThirdParty:1030 - CMSIS Pack Vendor :STMicroelectronics X-CUBE-NFC10 1.0.0
2025-12-19 12:33:47,721 [INFO] ThirdParty:1030 - CMSIS Pack Vendor :STMicroelectronics X-CUBE-BLEMGR 4.0.0
2025-12-19 12:33:47,721 [INFO] ThirdParty:1030 - CMSIS Pack Vendor :STMicroelectronics X-CUBE-FREERTOS 1.3.1
2025-12-19 12:33:47,721 [INFO] ThirdParty:1030 - CMSIS Pack Vendor :STMicroelectronics HAL Drivers 0.0.0
2025-12-19 12:33:47,721 [INFO] ThirdParty:1030 - CMSIS Pack Vendor :STMicroelectronics X-CUBE-ST60 1.1.0
2025-12-19 12:33:47,721 [INFO] ThirdParty:1030 - CMSIS Pack Vendor :emotas I-CUBE-CANOPEN 1.3.0
2025-12-19 12:33:47,721 [INFO] ThirdParty:1030 - CMSIS Pack Vendor :STMicroelectronics X-CUBE-FREERTOS 1.3.0
2025-12-19 12:33:47,721 [INFO] ThirdParty:1030 - CMSIS Pack Vendor :STMicroelectronics X-CUBE-NFC7 1.0.1
2025-12-19 12:33:47,721 [INFO] ThirdParty:1030 - CMSIS Pack Vendor :STMicroelectronics MBEDTLS 2.14.1
2025-12-19 12:33:47,721 [INFO] ThirdParty:1030 - CMSIS Pack Vendor :STMicroelectronics X-CUBE-GNSS1 7.1.0
2025-12-19 12:33:47,721 [INFO] ThirdParty:1030 - CMSIS Pack Vendor :STMicroelectronics X-CUBE-TOUCHGFX 4.26.0
2025-12-19 12:33:47,721 [INFO] ThirdParty:1030 - CMSIS Pack Vendor :STMicroelectronics X-CUBE-BLEMGR 3.1.0
2025-12-19 12:33:47,721 [INFO] ThirdParty:1030 - CMSIS Pack Vendor :STMicroelectronics X-CUBE-AI 10.0.0
2025-12-19 12:33:47,721 [INFO] ThirdParty:1030 - CMSIS Pack Vendor :STMicroelectronics FP-SNS-STAIOTCFT 1.0.0
2025-12-19 12:33:47,721 [INFO] ThirdParty:1030 - CMSIS Pack Vendor :STMicroelectronics FP-SNS-SMARTAG2 1.2.0
2025-12-19 12:33:47,721 [INFO] ThirdParty:1030 - CMSIS Pack Vendor :STMicroelectronics FP-SNS-FLIGHT1 5.1.0
2025-12-19 12:33:47,722 [INFO] ThirdParty:1030 - CMSIS Pack Vendor :STMicroelectronics X-CUBE-MEMS1 11.1.0
2025-12-19 12:33:47,722 [INFO] ThirdParty:1030 - CMSIS Pack Vendor :STMicroelectronics X-CUBE-AZRTOS-WL 2.0.0
2025-12-19 12:33:47,722 [INFO] ThirdParty:1030 - CMSIS Pack Vendor :STMicroelectronics X-CUBE-DPower 1.3.0
2025-12-19 12:33:47,722 [INFO] ThirdParty:1030 - CMSIS Pack Vendor :STMicroelectronics FP-SNS-MOTENV1 5.0.0
2025-12-19 12:33:47,722 [INFO] ThirdParty:1030 - CMSIS Pack Vendor :STMicroelectronics USB_DEVICE 1.0.0
2025-12-19 12:33:47,722 [INFO] ThirdParty:1030 - CMSIS Pack Vendor :STMicroelectronics X-CUBE-AZRTOS-H7RS 1.2.0
2025-12-19 12:33:47,722 [INFO] ThirdParty:1030 - CMSIS Pack Vendor :wolfSSL I-CUBE-wolfMQTT 1.19.0
2025-12-19 12:33:47,722 [INFO] ThirdParty:1030 - CMSIS Pack Vendor :STMicroelectronics X-CUBE-AZRTOS-L4 2.0.0
2025-12-19 12:33:47,722 [INFO] ThirdParty:1030 - CMSIS Pack Vendor :STMicroelectronics ThreadX 0.0.2
2025-12-19 12:33:47,722 [INFO] ThirdParty:1030 - CMSIS Pack Vendor :WES I-CUBE-Cesium 1.3.0
2025-12-19 12:33:47,722 [INFO] ThirdParty:1030 - CMSIS Pack Vendor :STMicroelectronics lwIP 2.1.2
2025-12-19 12:33:47,722 [INFO] ThirdParty:1030 - CMSIS Pack Vendor :STMicroelectronics X-CUBE-SFXS2LP1 4.0.0
2025-12-19 12:33:47,722 [INFO] ThirdParty:1030 - CMSIS Pack Vendor :STMicroelectronics X-CUBE-BLE2 3.3.0
2025-12-19 12:33:47,722 [INFO] ThirdParty:1030 - CMSIS Pack Vendor :Avnet-IOTCONNECT X-CUBE-iotc-st67-sdk 1.0.0
2025-12-19 12:33:47,722 [INFO] ThirdParty:1030 - CMSIS Pack Vendor :STMicroelectronics PDM2PCM 3.2.0
2025-12-19 12:33:47,722 [INFO] ThirdParty:1030 - CMSIS Pack Vendor :STMicroelectronics X-CUBE-AZRTOS-H7 3.3.0
2025-12-19 12:33:47,722 [INFO] ThirdParty:1030 - CMSIS Pack Vendor :STMicroelectronics X-CUBE-NFC9 1.0.0
2025-12-19 12:33:47,722 [INFO] ThirdParty:1030 - CMSIS Pack Vendor :STMicroelectronics X-CUBE-BLE1 7.1.0
2025-12-19 12:33:47,722 [INFO] ThirdParty:1030 - CMSIS Pack Vendor :STMicroelectronics USB_DEVICE 3.0.0
2025-12-19 12:33:47,722 [INFO] ThirdParty:1030 - CMSIS Pack Vendor :STMicroelectronics X-CUBE-TCPP 4.1.0
2025-12-19 12:33:47,722 [INFO] ThirdParty:1030 - CMSIS Pack Vendor :STMicroelectronics X-CUBE-EEPRMA1 5.2.0
2025-12-19 12:33:47,722 [INFO] ThirdParty:1030 - CMSIS Pack Vendor :STMicroelectronics X-CUBE-BLEMGR 4.1.0
2025-12-19 12:33:47,722 [INFO] ThirdParty:1030 - CMSIS Pack Vendor :STMicroelectronics X-CUBE-IPS 3.0.0
2025-12-19 12:33:47,722 [INFO] ThirdParty:1030 - CMSIS Pack Vendor :STMicroelectronics X-CUBE-AZRTOS-WB 2.0.0
2025-12-19 12:33:47,723 [INFO] ThirdParty:1030 - CMSIS Pack Vendor :STMicroelectronics X-CUBE-GNSS1 7.0.0
2025-12-19 12:33:47,723 [INFO] ThirdParty:1030 - CMSIS Pack Vendor :STMicroelectronics X-CUBE-GNSS1 7.0.1
2025-12-19 12:33:47,723 [INFO] ThirdParty:1030 - CMSIS Pack Vendor :STMicroelectronics X-CUBE-TOUCHGFX 4.25.0
2025-12-19 12:33:47,723 [INFO] ThirdParty:1030 - CMSIS Pack Vendor :STMicroelectronics FP-SNS-STBOX1 2.0.0
2025-12-19 12:33:47,723 [INFO] ThirdParty:1030 - CMSIS Pack Vendor :STMicroelectronics X-CUBE-MEMS1 12.0.0
2025-12-19 12:33:47,723 [INFO] ThirdParty:1030 - CMSIS Pack Vendor :STMicroelectronics X-CUBE-AZRTOS-G0 1.1.0
2025-12-19 12:33:47,723 [INFO] ThirdParty:1030 - CMSIS Pack Vendor :STMicroelectronics X-CUBE-SAFEA1 1.2.2
2025-12-19 12:33:47,723 [INFO] ThirdParty:1030 - CMSIS Pack Vendor :STMicroelectronics X-CUBE-NFC4 3.0.0
2025-12-19 12:33:47,723 [INFO] ThirdParty:1030 - CMSIS Pack Vendor :STMicroelectronics X-CUBE-SUBG2 5.0.0
2025-12-19 12:33:47,723 [INFO] ThirdParty:1030 - CMSIS Pack Vendor :STMicroelectronics X-CUBE-AZRTOS-H7RS 1.1.0
2025-12-19 12:33:47,723 [INFO] ThirdParty:1030 - CMSIS Pack Vendor :STMicroelectronics STM32_WPAN 1.0.0
2025-12-19 12:33:47,723 [INFO] ThirdParty:1030 - CMSIS Pack Vendor :EmbeddedOffice I-CUBE-FS-RTOS 1.0.1
2025-12-19 12:33:47,723 [INFO] ThirdParty:1030 - CMSIS Pack Vendor :STMicroelectronics lwIP 2.0.3
2025-12-19 12:33:47,723 [INFO] ThirdParty:1030 - CMSIS Pack Vendor :Cesanta I-CUBE-Mongoose 7.13.0
2025-12-19 12:33:47,723 [INFO] ThirdParty:1030 - CMSIS Pack Vendor :STMicroelectronics USB_HOST 1.0.0
2025-12-19 12:33:47,723 [INFO] ThirdParty:1030 - CMSIS Pack Vendor :STMicroelectronics X-CUBE-AZRTOS-G4 2.0.0
2025-12-19 12:33:47,723 [INFO] ThirdParty:1030 - CMSIS Pack Vendor :STMicroelectronics X-CUBE-WB05N 2.0.0
2025-12-19 12:33:47,723 [INFO] ThirdParty:1030 - CMSIS Pack Vendor :STMicroelectronics PDM2PCM 3.1.0
2025-12-19 12:33:47,723 [INFO] ThirdParty:1030 - CMSIS Pack Vendor :STMicroelectronics X-CUBE-NFC7 2.0.0
2025-12-19 12:33:47,723 [INFO] ThirdParty:1030 - CMSIS Pack Vendor :STMicroelectronics X-CUBE-TCPP 4.2.0
2025-12-19 12:33:47,723 [INFO] ThirdParty:1030 - CMSIS Pack Vendor :RealThread X-CUBE-RT-Thread_Nano 4.1.1
2025-12-19 12:33:47,723 [INFO] ThirdParty:1030 - CMSIS Pack Vendor :STMicroelectronics FP-ATR-SIGFOX1 3.2.0
2025-12-19 12:33:47,723 [INFO] ThirdParty:1030 - CMSIS Pack Vendor :wolfSSL I-CUBE-wolfSSL 5.7.2
2025-12-19 12:33:47,723 [INFO] ThirdParty:1030 - CMSIS Pack Vendor :quantropi X-CUBE-qispace-sdk-base 1.9.3
2025-12-19 12:33:47,723 [INFO] ThirdParty:1030 - CMSIS Pack Vendor :STMicroelectronics X-CUBE-EEPRMA1 5.1.0
2025-12-19 12:33:47,723 [INFO] ThirdParty:1030 - CMSIS Pack Vendor :STMicroelectronics MBEDTLS 2.16.2
2025-12-19 12:33:47,723 [INFO] ThirdParty:1030 - CMSIS Pack Vendor :STMicroelectronics X-CUBE-IPS 3.1.0
2025-12-19 12:33:47,723 [INFO] ThirdParty:1030 - CMSIS Pack Vendor :STMicroelectronics X-CUBE-ALS 1.0.2
2025-12-19 12:33:47,724 [INFO] ThirdParty:1030 - CMSIS Pack Vendor :ITTIA_DB I-CUBE-ITTIADB 8.9.0
2025-12-19 12:33:47,724 [INFO] ThirdParty:1030 - CMSIS Pack Vendor :STMicroelectronics X-CUBE-TOUCHGFX 4.24.1
2025-12-19 12:33:47,724 [INFO] ThirdParty:1030 - CMSIS Pack Vendor :STMicroelectronics X-CUBE-STSE01 1.0.0
2025-12-19 12:33:47,724 [INFO] ThirdParty:1030 - CMSIS Pack Vendor :wolfSSL I-CUBE-wolfTPM 3.4.0
2025-12-19 12:33:47,724 [INFO] ThirdParty:1030 - CMSIS Pack Vendor :portGmbH I-Cube-SoM-uGOAL 1.1.0
2025-12-19 12:33:47,724 [INFO] ThirdParty:1030 - CMSIS Pack Vendor :STMicroelectronics X-CUBE-ST67W61 1.0.0
2025-12-19 12:33:47,724 [INFO] ThirdParty:1030 - CMSIS Pack Vendor :STMicroelectronics X-CUBE-AI 10.2.0
2025-12-19 12:33:47,724 [INFO] ThirdParty:1030 - CMSIS Pack Vendor :STMicroelectronics ThreadX 1.0.0
2025-12-19 12:33:47,724 [INFO] ThirdParty:1030 - CMSIS Pack Vendor :SEGGER I-CUBE-embOS 1.3.1
2025-12-19 12:33:47,724 [INFO] ThirdParty:1030 - CMSIS Pack Vendor :STMicroelectronics X-CUBE-ALGOBUILD 1.4.0
2025-12-19 12:33:47,724 [INFO] ThirdParty:1030 - CMSIS Pack Vendor :STMicroelectronics X-CUBE-MEMS1 11.3.0
2025-12-19 12:33:47,724 [INFO] ThirdParty:1030 - CMSIS Pack Vendor :STMicroelectronics X-CUBE-AZRTOS-H7RS 1.0.0
2025-12-19 12:33:47,724 [INFO] ThirdParty:1030 - CMSIS Pack Vendor :STMicroelectronics FP-ATR-ASTRA1 2.0.0
2025-12-19 12:33:47,724 [INFO] ThirdParty:1030 - CMSIS Pack Vendor :STMicroelectronics X-CUBE-TOF1 3.4.2
2025-12-19 12:33:47,724 [INFO] ThirdParty:1030 - CMSIS Pack Vendor :STMicroelectronics X-CUBE-TOF1 3.4.3
2025-12-19 12:33:47,724 [INFO] ThirdParty:1030 - CMSIS Pack Vendor :STMicroelectronics X-CUBE-AI 9.1.0
2025-12-19 12:33:47,724 [INFO] ThirdParty:1030 - CMSIS Pack Vendor :Infineon AIROC-Wi-Fi-Bluetooth-STM32 1.6.1
2025-12-19 12:33:47,724 [INFO] ThirdParty:1030 - CMSIS Pack Vendor :wolfSSL I-CUBE-wolfSSH 1.4.17
2025-12-19 12:33:47,724 [INFO] ThirdParty:841 - exiting critical section [change project]
2025-12-19 12:33:47,984 [INFO] PinOutPanel:1589 - setPackage(No Configuration,No Configuration)
2025-12-19 12:33:47,986 [INFO] PinOutPanel:1589 - setPackage(STM32F746ZGTx,LQFP144)
2025-12-19 12:33:48,379 [INFO] UtilMem:75 - Before build in PCC Used Memory: 808483432 Bytes (1073741824)
2025-12-19 12:33:48,655 [INFO] UtilMem:75 - After build in PCC Used Memory: 859863656 Bytes (1073741824)
2025-12-19 12:33:48,677 [INFO] IPUIPlugin:80 - create IPUIPlugin
2025-12-19 12:33:48,678 [INFO] IPUIPlugin:80 - create IPUIPlugin
2025-12-19 12:33:48,678 [INFO] IPUIPlugin:80 - create IPUIPlugin
2025-12-19 12:33:48,678 [INFO] IPUIPlugin:80 - create IPUIPlugin
2025-12-19 12:33:48,678 [INFO] IPUIPlugin:80 - create IPUIPlugin
2025-12-19 12:33:48,678 [INFO] IPUIPlugin:80 - create IPUIPlugin
2025-12-19 12:33:48,678 [INFO] IPUIPlugin:80 - create IPUIPlugin
2025-12-19 12:33:48,678 [INFO] IPUIPlugin:80 - create IPUIPlugin
2025-12-19 12:33:48,678 [INFO] IPUIPlugin:80 - create IPUIPlugin
2025-12-19 12:33:48,678 [INFO] IPUIPlugin:80 - create IPUIPlugin
2025-12-19 12:33:48,678 [INFO] IPUIPlugin:80 - create IPUIPlugin
2025-12-19 12:33:48,678 [INFO] IPUIPlugin:80 - create IPUIPlugin
2025-12-19 12:33:48,678 [INFO] IPUIPlugin:80 - create IPUIPlugin
2025-12-19 12:33:48,678 [INFO] IPUIPlugin:80 - create IPUIPlugin
2025-12-19 12:33:48,678 [INFO] IPUIPlugin:80 - create IPUIPlugin
2025-12-19 12:33:48,679 [INFO] IPUIPlugin:80 - create IPUIPlugin
2025-12-19 12:33:48,679 [INFO] IPUIPlugin:80 - create IPUIPlugin
2025-12-19 12:33:48,679 [INFO] IPUIPlugin:80 - create IPUIPlugin
2025-12-19 12:33:48,679 [INFO] IPUIPlugin:80 - create IPUIPlugin
2025-12-19 12:33:48,679 [INFO] IPUIPlugin:80 - create IPUIPlugin
2025-12-19 12:33:48,679 [INFO] IPUIPlugin:80 - create IPUIPlugin
2025-12-19 12:33:48,679 [INFO] IPUIPlugin:80 - create IPUIPlugin
2025-12-19 12:33:48,679 [INFO] IPUIPlugin:80 - create IPUIPlugin
2025-12-19 12:33:48,679 [INFO] IPUIPlugin:80 - create IPUIPlugin
2025-12-19 12:33:48,679 [INFO] IPUIPlugin:80 - create IPUIPlugin
2025-12-19 12:33:48,679 [INFO] IPUIPlugin:80 - create IPUIPlugin
2025-12-19 12:33:48,679 [INFO] IPUIPlugin:80 - create IPUIPlugin
2025-12-19 12:33:48,679 [INFO] IPUIPlugin:80 - create IPUIPlugin
2025-12-19 12:33:48,680 [INFO] IPUIPlugin:80 - create IPUIPlugin
2025-12-19 12:33:48,680 [INFO] IPUIPlugin:80 - create IPUIPlugin
2025-12-19 12:33:48,680 [INFO] IPUIPlugin:80 - create IPUIPlugin
2025-12-19 12:33:48,680 [INFO] IPUIPlugin:80 - create IPUIPlugin
2025-12-19 12:33:48,680 [INFO] IPUIPlugin:80 - create IPUIPlugin
2025-12-19 12:33:48,680 [INFO] IPUIPlugin:80 - create IPUIPlugin
2025-12-19 12:33:48,680 [INFO] IPUIPlugin:80 - create IPUIPlugin
2025-12-19 12:33:48,680 [INFO] IPUIPlugin:80 - create IPUIPlugin
2025-12-19 12:33:48,680 [INFO] IPUIPlugin:80 - create IPUIPlugin
2025-12-19 12:33:48,681 [INFO] IPUIPlugin:80 - create IPUIPlugin
2025-12-19 12:33:48,681 [INFO] IPUIPlugin:80 - create IPUIPlugin
2025-12-19 12:33:48,681 [INFO] IPUIPlugin:80 - create IPUIPlugin
2025-12-19 12:33:48,681 [INFO] IPUIPlugin:80 - create IPUIPlugin
2025-12-19 12:33:48,681 [INFO] IPUIPlugin:80 - create IPUIPlugin
2025-12-19 12:33:48,681 [INFO] IPUIPlugin:80 - create IPUIPlugin
2025-12-19 12:33:48,681 [INFO] IPUIPlugin:80 - create IPUIPlugin
2025-12-19 12:33:48,681 [INFO] IPUIPlugin:80 - create IPUIPlugin
2025-12-19 12:33:48,682 [INFO] IPUIPlugin:80 - create IPUIPlugin
2025-12-19 12:33:48,682 [INFO] IPUIPlugin:80 - create IPUIPlugin
2025-12-19 12:33:48,682 [INFO] IPUIPlugin:80 - create IPUIPlugin
2025-12-19 12:33:48,682 [INFO] IPUIPlugin:80 - create IPUIPlugin
2025-12-19 12:33:48,682 [INFO] IPUIPlugin:80 - create IPUIPlugin
2025-12-19 12:33:48,682 [INFO] IPUIPlugin:80 - create IPUIPlugin
2025-12-19 12:33:48,682 [INFO] IPUIPlugin:80 - create IPUIPlugin
2025-12-19 12:33:48,682 [INFO] IPUIPlugin:80 - create IPUIPlugin
2025-12-19 12:33:48,683 [INFO] IPUIPlugin:80 - create IPUIPlugin
2025-12-19 12:33:48,683 [INFO] IPUIPlugin:80 - create IPUIPlugin
2025-12-19 12:33:48,683 [INFO] IPUIPlugin:80 - create IPUIPlugin
2025-12-19 12:33:48,683 [INFO] IPUIPlugin:80 - create IPUIPlugin
2025-12-19 12:33:48,683 [INFO] IPUIPlugin:80 - create IPUIPlugin
2025-12-19 12:33:48,683 [INFO] IPUIPlugin:80 - create IPUIPlugin
2025-12-19 12:33:48,684 [INFO] IPUIPlugin:80 - create IPUIPlugin
2025-12-19 12:33:48,684 [INFO] IPUIPlugin:80 - create IPUIPlugin
2025-12-19 12:33:48,684 [INFO] IPUIPlugin:80 - create IPUIPlugin
2025-12-19 12:33:48,684 [INFO] IPUIPlugin:80 - create IPUIPlugin
2025-12-19 12:33:48,684 [INFO] IPUIPlugin:80 - create IPUIPlugin
2025-12-19 12:33:48,685 [INFO] IPUIPlugin:80 - create IPUIPlugin
2025-12-19 12:33:48,685 [INFO] IPUIPlugin:80 - create IPUIPlugin
2025-12-19 12:33:48,685 [INFO] IPUIPlugin:80 - create IPUIPlugin
2025-12-19 12:33:48,685 [INFO] IPUIPlugin:80 - create IPUIPlugin
2025-12-19 12:33:48,685 [INFO] IPUIPlugin:80 - create IPUIPlugin
2025-12-19 12:33:48,686 [INFO] IPUIPlugin:80 - create IPUIPlugin
2025-12-19 12:33:48,686 [INFO] IPUIPlugin:80 - create IPUIPlugin
2025-12-19 12:33:48,686 [INFO] IPUIPlugin:80 - create IPUIPlugin
2025-12-19 12:33:48,686 [INFO] IPUIPlugin:80 - create IPUIPlugin
2025-12-19 12:33:48,686 [INFO] IPUIPlugin:80 - create IPUIPlugin
2025-12-19 12:33:48,708 [INFO] ApiDbMcu:508 - Load IP Config File for PDM2PCM
2025-12-19 12:33:48,711 [INFO] Can:71 - Can Add PropertyChangeListener com.st.microxplorer.plugins.ip.can.Can@2d1e7ad4
2025-12-19 12:33:48,768 [INFO] CADModel:165 - CPN selected for project levelSTM32F746ZGT6
2025-12-19 12:33:48,768 [INFO] CADModel:114 - Register for checkConnection events
2025-12-19 12:33:48,842 [INFO] OpenFileManager:363 - Restore cursor
2025-12-19 12:35:08,319 [INFO] MainUpdater:2872 - connection check result : 10
2025-12-19 12:35:08,319 [INFO] MainUpdater:2872 - connection check result : 10
2025-12-19 12:35:08,492 [INFO] I2cTimingTraitement:330 - 0x00808CD2
2025-12-19 12:35:08,502 [INFO] MicroXplorer:468 - Change Database Path : 
2025-12-19 12:35:08,502 [INFO] MicroXplorer:498 - Change Database Version : DB.6.0.130
2025-12-19 12:35:08,514 [ERROR] ProjectManagerView:394 - 
java.lang.NullPointerException: Cannot invoke "javax.swing.JTextField.getText()" because the return value of "java.util.List.get(int)" is null
	at com.st.microxplorer.plugins.projectmanager.gui.ProjectChoiceTab$9.caretUpdate(ProjectChoiceTab.java:2616) ~[filemanager.jar:?]
	at javax.swing.text.JTextComponent.fireCaretUpdate(JTextComponent.java:408) ~[?:?]
	at javax.swing.text.JTextComponent$MutableCaretEvent.fire(JTextComponent.java:4484) ~[?:?]
	at javax.swing.text.JTextComponent$MutableCaretEvent.stateChanged(JTextComponent.java:4506) ~[?:?]
	at javax.swing.text.DefaultCaret.fireStateChanged(DefaultCaret.java:857) ~[?:?]
	at javax.swing.text.DefaultCaret.changeCaretPosition(DefaultCaret.java:1343) ~[?:?]
	at javax.swing.text.DefaultCaret.handleSetDot(DefaultCaret.java:1242) ~[?:?]
	at javax.swing.text.DefaultCaret.setDot(DefaultCaret.java:1223) ~[?:?]
	at javax.swing.text.DefaultCaret$Handler.insertUpdate(DefaultCaret.java:1819) ~[?:?]
	at javax.swing.text.AbstractDocument.fireInsertUpdate(AbstractDocument.java:227) ~[?:?]
	at javax.swing.text.AbstractDocument.handleInsertString(AbstractDocument.java:781) ~[?:?]
	at javax.swing.text.AbstractDocument.insertString(AbstractDocument.java:740) ~[?:?]
	at javax.swing.text.PlainDocument.insertString(PlainDocument.java:131) ~[?:?]
	at javax.swing.text.AbstractDocument.replace(AbstractDocument.java:699) ~[?:?]
	at javax.swing.text.JTextComponent.setText(JTextComponent.java:1725) ~[?:?]
	at com.st.microxplorer.plugins.projectmanager.gui.ProjectChoiceTab.createHeapStackFields(ProjectChoiceTab.java:975) ~[filemanager.jar:?]
	at com.st.microxplorer.plugins.projectmanager.gui.ProjectChoiceTab.buildLinkSettingsPanel(ProjectChoiceTab.java:3666) ~[filemanager.jar:?]
	at com.st.microxplorer.plugins.projectmanager.gui.ProjectChoiceTab.defineWindowsFields(ProjectChoiceTab.java:1934) ~[filemanager.jar:?]
	at com.st.microxplorer.plugins.projectmanager.gui.ProjectChoiceTab.updateSettings(ProjectChoiceTab.java:553) ~[filemanager.jar:?]
	at com.st.microxplorer.plugins.projectmanager.gui.ProjectSettingsPanel.UpdateDialog(ProjectSettingsPanel.java:245) ~[filemanager.jar:?]
	at com.st.microxplorer.plugins.projectmanager.ProjectManagerView.propertyChange(ProjectManagerView.java:391) ~[filemanager.jar:?]
	at java.beans.PropertyChangeSupport.fire(PropertyChangeSupport.java:343) ~[?:?]
	at java.beans.PropertyChangeSupport.firePropertyChange(PropertyChangeSupport.java:335) ~[?:?]
	at java.beans.PropertyChangeSupport.firePropertyChange(PropertyChangeSupport.java:268) ~[?:?]
	at com.st.microxplorer.util.MXPropertyChangeSupport.firePropertyChange(MXPropertyChangeSupport.java:54) ~[STM32CubeMX.jar:?]
	at com.st.microxplorer.mxsystem.MxSystem.closeConfig(MxSystem.java:899) ~[STM32CubeMX.jar:?]
	at com.st.microxplorer.maingui.MainPanel.closeConfig(MainPanel.java:789) ~[STM32CubeMX.jar:?]
	at com.st.microxplorer.plugins.filemanager.engine.OpenFileManager.loadConfigurationFile(OpenFileManager.java:265) ~[filemanager.jar:?]
	at com.st.microxplorer.plugins.filemanager.engine.MainFileManager.userLoadConfig(MainFileManager.java:340) ~[filemanager.jar:?]
	at com.st.microxplorer.plugins.filemanager.engine.MainFileManager.userLoadConfig(MainFileManager.java:318) ~[filemanager.jar:?]
	at com.st.microxplorer.plugins.filemanager.FileManagerView.getSpecificTask(FileManagerView.java:246) ~[filemanager.jar:?]
	at com.st.stm32cube.common.mx.editor.CubeMxEditor.getMxTabbedPaneInstance(CubeMxEditor.java:1198) ~[com.st.stm32cube.common.mx_6.13.0.202411220809/:?]
	at com.st.stm32cube.common.mx.editor.CubeMxEditor$12$1.createSwingComponent(CubeMxEditor.java:1068) ~[com.st.stm32cube.common.mx_6.13.0.202411220809/:?]
	at com.st.stm32cube.common.mx.oss.core.awtswtbridge.EmbeddedSwingComposite.doComponentCreation(EmbeddedSwingComposite.java:492) ~[com.st.stm32cube.common.mx.oss_6.13.0.202411220809/:?]
	at com.st.stm32cube.common.mx.oss.core.awtswtbridge.EmbeddedSwingComposite$4.run(EmbeddedSwingComposite.java:291) ~[com.st.stm32cube.common.mx.oss_6.13.0.202411220809/:?]
	at com.st.stm32cube.common.mx.oss.core.awtswtbridge.AwtEnvironment$2.run(AwtEnvironment.java:166) ~[com.st.stm32cube.common.mx.oss_6.13.0.202411220809/:?]
	at java.awt.event.InvocationEvent.dispatch(InvocationEvent.java:318) ~[?:?]
	at java.awt.EventQueue.dispatchEventImpl(EventQueue.java:773) ~[?:?]
	at java.awt.EventQueue$4.run(EventQueue.java:720) ~[?:?]
	at java.awt.EventQueue$4.run(EventQueue.java:714) ~[?:?]
	at java.security.AccessController.doPrivileged(AccessController.java:400) ~[?:?]
	at java.security.ProtectionDomain$JavaSecurityAccessImpl.doIntersectionPrivilege(ProtectionDomain.java:87) ~[?:?]
	at java.awt.EventQueue.dispatchEvent(EventQueue.java:742) ~[?:?]
	at java.awt.EventDispatchThread.pumpOneEventForFilters(EventDispatchThread.java:203) ~[?:?]
	at java.awt.EventDispatchThread.pumpEventsForFilter(EventDispatchThread.java:124) ~[?:?]
	at java.awt.EventDispatchThread.pumpEventsForHierarchy(EventDispatchThread.java:113) ~[?:?]
	at java.awt.EventDispatchThread.pumpEvents(EventDispatchThread.java:109) ~[?:?]
	at java.awt.EventDispatchThread.pumpEvents(EventDispatchThread.java:101) ~[?:?]
	at java.awt.EventDispatchThread.run(EventDispatchThread.java:90) ~[?:?]
2025-12-19 12:35:08,515 [WARN] ThirdParty:871 - waiting for thirdparty lock release [close project]
2025-12-19 12:35:08,515 [INFO] ThirdParty:873 - entering critical section [close project]
2025-12-19 12:35:08,515 [INFO] ThirdParty:883 - exiting critical section [close project]
2025-12-19 12:35:08,517 [INFO] PinOutPanel:1589 - setPackage(No Configuration,No Configuration)
2025-12-19 12:35:08,531 [WARN] IpParametersView:154 - Warning: This peripheral hasn't parameters
2025-12-19 12:35:08,539 [WARN] MainPanel:289 - <html><b><center>Warning: This peripheral has no parameters to be configured<br></b></html>
2025-12-19 12:35:08,540 [ERROR] MainPanel:599 - java.lang.IndexOutOfBoundsException: Index: 0, Tab count: 0
2025-12-19 12:35:08,546 [INFO] UtilMem:75 - Begin LoadConfig() Used Memory: 986323136 Bytes (1073741824)
2025-12-19 12:35:08,547 [INFO] MicroXplorer:468 - Change Database Path : 
2025-12-19 12:35:08,547 [INFO] MicroXplorer:498 - Change Database Version : DB.6.0.130
2025-12-19 12:35:08,547 [INFO] OpenFileManager:332 - Change cursor
2025-12-19 12:35:08,570 [INFO] Mcu:2035 - Initializing MCU STM32H743IITx STM32H743IITx STM32H743IIT6
2025-12-19 12:35:12,088 [INFO] Context:748 - Trying to add GPIOservice into a context  which must be forbidden
2025-12-19 12:35:13,458 [INFO] RtosManager:555 - Registered RTOS mode: class=CMSIS, group=RTOS, mode=CMSIS_V1, owner=FREERTOS
2025-12-19 12:35:13,458 [INFO] RtosManager:555 - Registered RTOS mode: class=CMSIS, group=RTOS2, mode=CMSIS_V2, owner=FREERTOS
2025-12-19 12:35:13,458 [INFO] RtosManager:555 - Registered RTOS mode: class=RTOS, group=Core, mode=CMSIS_V1, owner=FREERTOS
2025-12-19 12:35:13,458 [INFO] RtosManager:555 - Registered RTOS mode: class=RTOS, group=Core, mode=CMSIS_V2, owner=FREERTOS
2025-12-19 12:35:13,458 [WARN] ModelIntegratedComponent:184 - Missing modes for component STMicroelectronics:FreeRTOS:0.0.1:STMicroelectronics:RTOS:FreeRTOS:Core:::10.2.0:
2025-12-19 12:35:13,462 [WARN] ModelIntegratedComponent:63 - No mode defined for component null
2025-12-19 12:35:13,462 [WARN] ModelIntegratedComponent:63 - No mode defined for component null
2025-12-19 12:35:13,462 [WARN] ModelIntegratedComponent:63 - No mode defined for component null
2025-12-19 12:35:13,462 [WARN] ModelIntegratedComponent:63 - No mode defined for component null
2025-12-19 12:35:13,462 [WARN] ModelIntegratedComponent:63 - No mode defined for component null
2025-12-19 12:35:13,462 [WARN] ModelIntegratedComponent:63 - No mode defined for component null
2025-12-19 12:35:13,462 [WARN] ModelIntegratedComponent:63 - No mode defined for component null
2025-12-19 12:35:13,462 [WARN] ModelIntegratedComponent:63 - No mode defined for component null
2025-12-19 12:35:13,462 [WARN] ModelIntegratedComponent:63 - No mode defined for component null
2025-12-19 12:35:13,462 [WARN] ModelIntegratedComponent:63 - No mode defined for component null
2025-12-19 12:35:13,462 [WARN] ModelIntegratedComponent:63 - No mode defined for component null
2025-12-19 12:35:13,462 [WARN] ModelIntegratedComponent:63 - No mode defined for component null
2025-12-19 12:35:13,462 [WARN] ModelIntegratedComponent:63 - No mode defined for component null
2025-12-19 12:35:13,462 [WARN] ModelIntegratedComponent:63 - No mode defined for component null
2025-12-19 12:35:13,462 [WARN] ModelIntegratedComponent:63 - No mode defined for component null
2025-12-19 12:35:13,462 [WARN] ModelIntegratedComponent:63 - No mode defined for component null
2025-12-19 12:35:13,462 [WARN] ModelIntegratedComponent:63 - No mode defined for component null
2025-12-19 12:35:13,462 [WARN] ModelIntegratedComponent:63 - No mode defined for component null
2025-12-19 12:35:13,462 [WARN] ModelIntegratedComponent:63 - No mode defined for component null
2025-12-19 12:35:13,462 [WARN] ModelIntegratedComponent:63 - No mode defined for component null
2025-12-19 12:35:13,462 [WARN] ModelIntegratedComponent:63 - No mode defined for component null
2025-12-19 12:35:13,462 [WARN] ModelIntegratedComponent:63 - No mode defined for component null
2025-12-19 12:35:13,462 [WARN] ModelIntegratedComponent:63 - No mode defined for component null
2025-12-19 12:35:13,462 [WARN] ModelIntegratedComponent:63 - No mode defined for component null
2025-12-19 12:35:13,462 [WARN] ModelIntegratedComponent:63 - No mode defined for component null
2025-12-19 12:35:13,462 [WARN] ModelIntegratedComponent:63 - No mode defined for component null
2025-12-19 12:35:13,462 [WARN] ModelIntegratedComponent:63 - No mode defined for component null
2025-12-19 12:35:13,462 [WARN] ModelIntegratedComponent:63 - No mode defined for component null
2025-12-19 12:35:13,462 [WARN] ModelIntegratedComponent:63 - No mode defined for component null
2025-12-19 12:35:13,462 [WARN] ModelIntegratedComponent:63 - No mode defined for component null
2025-12-19 12:35:13,462 [WARN] ModelIntegratedComponent:63 - No mode defined for component null
2025-12-19 12:35:13,462 [WARN] ModelIntegratedComponent:63 - No mode defined for component null
2025-12-19 12:35:13,462 [WARN] ModelIntegratedComponent:63 - No mode defined for component null
2025-12-19 12:35:13,462 [WARN] ModelIntegratedComponent:63 - No mode defined for component null
2025-12-19 12:35:13,462 [WARN] ModelIntegratedComponent:63 - No mode defined for component null
2025-12-19 12:35:13,462 [WARN] ModelPack:524 - Component already loaded: STMicroelectronics:HAL Drivers:0.0.0:STMicroelectronics:Device:STMicro_Driver:XSPI:HAL::0.0.1:HAL_XSPI
2025-12-19 12:35:13,586 [INFO] ThirdPartyModel:298 - Start build external matchings
2025-12-19 12:35:14,376 [INFO] ThirdPartyModel:316 - End build external matchings
2025-12-19 12:35:14,406 [WARN] IP:2251 - ClockDivider not found: check if there is a RefParameter without a condition.
2025-12-19 12:35:14,406 [WARN] IP:2251 - ClockDividerCCU not found: check if there is a RefParameter without a condition.
2025-12-19 12:35:14,406 [WARN] IP:2251 - MinOscClkPeriodsCCU not found: check if there is a RefParameter without a condition.
2025-12-19 12:35:14,406 [WARN] IP:2251 - TimeQuantaPerBitTimeCCU not found: check if there is a RefParameter without a condition.
2025-12-19 12:35:14,406 [WARN] IP:2251 - WatchdogStartValueCCU not found: check if there is a RefParameter without a condition.
2025-12-19 12:35:14,408 [INFO] ImportTextPane:218 - (OptionalMessage_ERROR) IP (RCC) : Parameter (ADCFreq_Value) has invalid value (129000000)
2025-12-19 12:35:14,413 [INFO] ImportTextPane:218 - (OptionalMessage_ERROR) IP (RCC) : Invalid parameter (FamilyName)
2025-12-19 12:35:14,413 [INFO] ImportTextPane:218 - (OptionalMessage_ERROR) IP (RCC) : Parameter (LPTIM1Freq_Value) has invalid value (64000000)
2025-12-19 12:35:14,414 [INFO] ImportTextPane:218 - (OptionalMessage_ERROR) IP (RCC) : Parameter (LPTIM2Freq_Value) has invalid value (64000000)
2025-12-19 12:35:14,414 [INFO] ImportTextPane:218 - (OptionalMessage_ERROR) IP (RCC) : Parameter (LPTIM345Freq_Value) has invalid value (64000000)
2025-12-19 12:35:14,414 [INFO] ImportTextPane:218 - (OptionalMessage_ERROR) IP (RCC) : Parameter (LPUART1Freq_Value) has invalid value (64000000)
2025-12-19 12:35:14,414 [INFO] ImportTextPane:218 - (OptionalMessage_ERROR) IP (RCC) : Parameter (SPI45Freq_Value) has invalid value (64000000)
2025-12-19 12:35:14,414 [INFO] ImportTextPane:218 - (OptionalMessage_ERROR) IP (RCC) : Parameter (SPI6Freq_Value) has invalid value (64000000)
2025-12-19 12:35:14,414 [INFO] ImportTextPane:218 - (OptionalMessage_ERROR) IP (RCC) : Parameter (SWPMI1Freq_Value) has invalid value (64000000)
2025-12-19 12:35:14,414 [INFO] ImportTextPane:218 - (OptionalMessage_ERROR) IP (RCC) : Parameter (USART16Freq_Value) has invalid value (64000000)
2025-12-19 12:35:14,414 [INFO] ImportTextPane:218 - (OptionalMessage_ERROR) IP (RCC) : Parameter (USART234578Freq_Value) has invalid value (64000000)
2025-12-19 12:35:15,120 [INFO] UtilMem:75 - End LoadConfig() Used Memory: 964072816 Bytes (1073741824)
2025-12-19 12:35:15,190 [WARN] ThirdParty:833 - waiting for thirdparty lock release [change project]
2025-12-19 12:35:15,190 [INFO] ThirdParty:835 - entering critical section [change project]
2025-12-19 12:35:15,190 [INFO] ThirdParty:1030 - CMSIS Pack Vendor :STMicroelectronics X-CUBE-PM33A1 1.0.0
2025-12-19 12:35:15,190 [INFO] ThirdParty:1030 - CMSIS Pack Vendor :STMicroelectronics USBPD 4.1
2025-12-19 12:35:15,191 [INFO] ThirdParty:1030 - CMSIS Pack Vendor :STMicroelectronics USB_HOST 2.0.0
2025-12-19 12:35:15,191 [INFO] ThirdParty:1030 - CMSIS Pack Vendor :STMicroelectronics FP-SNS-MOTENVWB1 1.4.0
2025-12-19 12:35:15,191 [INFO] ThirdParty:1030 - CMSIS Pack Vendor :STMicroelectronics X-CUBE-AZRTOS-F4 1.1.0
2025-12-19 12:35:15,191 [INFO] ThirdParty:1030 - CMSIS Pack Vendor :STMicroelectronics LIBJPEG 8.0.0
2025-12-19 12:35:15,191 [INFO] ThirdParty:1030 - CMSIS Pack Vendor :STMicroelectronics FP-ATR-ASTRA1 2.0.2
2025-12-19 12:35:15,191 [INFO] ThirdParty:1030 - CMSIS Pack Vendor :STMicroelectronics FP-ATR-ASTRA1 2.0.1
2025-12-19 12:35:15,191 [INFO] ThirdParty:1030 - CMSIS Pack Vendor :STMicroelectronics X-CUBE-SMBUS 2.1.0
2025-12-19 12:35:15,191 [INFO] ThirdParty:1030 - CMSIS Pack Vendor :STMicroelectronics X-CUBE-WB05N 1.1.0
2025-12-19 12:35:15,191 [INFO] ThirdParty:1030 - CMSIS Pack Vendor :STMicroelectronics X-CUBE-ISPU 2.1.0
2025-12-19 12:35:15,191 [INFO] ThirdParty:1030 - CMSIS Pack Vendor :STMicroelectronics X-CUBE-FREERTOS 1.2.0
2025-12-19 12:35:15,191 [INFO] ThirdParty:1030 - CMSIS Pack Vendor :STMicroelectronics X-CUBE-ST60 1.0.0
2025-12-19 12:35:15,191 [INFO] ThirdParty:1030 - CMSIS Pack Vendor :STMicroelectronics X-CUBE-NFC12 1.0.0
2025-12-19 12:35:15,191 [INFO] ThirdParty:1030 - CMSIS Pack Vendor :STMicroelectronics X-CUBE-AZRTOS-F7 1.1.0
2025-12-19 12:35:15,191 [INFO] ThirdParty:1030 - CMSIS Pack Vendor :STMicroelectronics X-CUBE-AZRTOS-L5 2.0.0
2025-12-19 12:35:15,191 [INFO] ThirdParty:1030 - CMSIS Pack Vendor :STMicroelectronics USB_DEVICE 2.0.0
2025-12-19 12:35:15,191 [INFO] ThirdParty:1030 - CMSIS Pack Vendor :STMicroelectronics X-CUBE-NFC6 3.1.0
2025-12-19 12:35:15,191 [INFO] ThirdParty:1030 - CMSIS Pack Vendor :ARM CMSIS 5.7.0
2025-12-19 12:35:15,191 [INFO] ThirdParty:1030 - CMSIS Pack Vendor :STMicroelectronics X-CUBE-MEMS1 11.0.0
2025-12-19 12:35:15,191 [INFO] ThirdParty:1030 - CMSIS Pack Vendor :STMicroelectronics FreeRTOS 0.0.1
2025-12-19 12:35:15,191 [INFO] ThirdParty:1030 - CMSIS Pack Vendor :STMicroelectronics X-CUBE-DPower 1.2.0
2025-12-19 12:35:15,191 [INFO] ThirdParty:1030 - CMSIS Pack Vendor :STMicroelectronics FP-SNS-FLIGHT1 5.0.2
2025-12-19 12:35:15,191 [INFO] ThirdParty:1030 - CMSIS Pack Vendor :STMicroelectronics PDM2PCM 3.3.0
2025-12-19 12:35:15,191 [INFO] ThirdParty:1030 - CMSIS Pack Vendor :STMicroelectronics X-CUBE-AZRTOS-H7 3.4.0
2025-12-19 12:35:15,191 [INFO] ThirdParty:1030 - CMSIS Pack Vendor :STMicroelectronics X-CUBE-DISPLAY 3.0.0
2025-12-19 12:35:15,191 [INFO] ThirdParty:1030 - CMSIS Pack Vendor :STMicroelectronics X-CUBE-BLE1 7.0.0
2025-12-19 12:35:15,191 [INFO] ThirdParty:1030 - CMSIS Pack Vendor :STMicroelectronics X-CUBE-NFC10 1.0.0
2025-12-19 12:35:15,191 [INFO] ThirdParty:1030 - CMSIS Pack Vendor :STMicroelectronics X-CUBE-BLEMGR 4.0.0
2025-12-19 12:35:15,191 [INFO] ThirdParty:1030 - CMSIS Pack Vendor :STMicroelectronics X-CUBE-FREERTOS 1.3.1
2025-12-19 12:35:15,191 [INFO] ThirdParty:1030 - CMSIS Pack Vendor :STMicroelectronics HAL Drivers 0.0.0
2025-12-19 12:35:15,191 [INFO] ThirdParty:1030 - CMSIS Pack Vendor :STMicroelectronics X-CUBE-ST60 1.1.0
2025-12-19 12:35:15,192 [INFO] ThirdParty:1030 - CMSIS Pack Vendor :emotas I-CUBE-CANOPEN 1.3.0
2025-12-19 12:35:15,192 [INFO] ThirdParty:1030 - CMSIS Pack Vendor :STMicroelectronics X-CUBE-FREERTOS 1.3.0
2025-12-19 12:35:15,192 [INFO] ThirdParty:1030 - CMSIS Pack Vendor :STMicroelectronics X-CUBE-NFC7 1.0.1
2025-12-19 12:35:15,192 [INFO] ThirdParty:1030 - CMSIS Pack Vendor :STMicroelectronics MBEDTLS 2.14.1
2025-12-19 12:35:15,192 [INFO] ThirdParty:1030 - CMSIS Pack Vendor :STMicroelectronics X-CUBE-GNSS1 7.1.0
2025-12-19 12:35:15,192 [INFO] ThirdParty:1030 - CMSIS Pack Vendor :STMicroelectronics X-CUBE-TOUCHGFX 4.26.0
2025-12-19 12:35:15,192 [INFO] ThirdParty:1030 - CMSIS Pack Vendor :STMicroelectronics X-CUBE-BLEMGR 3.1.0
2025-12-19 12:35:15,192 [INFO] ThirdParty:1030 - CMSIS Pack Vendor :STMicroelectronics X-CUBE-AI 10.0.0
2025-12-19 12:35:15,192 [INFO] ThirdParty:1030 - CMSIS Pack Vendor :STMicroelectronics FP-SNS-STAIOTCFT 1.0.0
2025-12-19 12:35:15,192 [INFO] ThirdParty:1030 - CMSIS Pack Vendor :STMicroelectronics FP-SNS-SMARTAG2 1.2.0
2025-12-19 12:35:15,192 [INFO] ThirdParty:1030 - CMSIS Pack Vendor :STMicroelectronics FP-SNS-FLIGHT1 5.1.0
2025-12-19 12:35:15,192 [INFO] ThirdParty:1030 - CMSIS Pack Vendor :STMicroelectronics X-CUBE-MEMS1 11.1.0
2025-12-19 12:35:15,192 [INFO] ThirdParty:1030 - CMSIS Pack Vendor :STMicroelectronics X-CUBE-AZRTOS-WL 2.0.0
2025-12-19 12:35:15,192 [INFO] ThirdParty:1030 - CMSIS Pack Vendor :STMicroelectronics X-CUBE-DPower 1.3.0
2025-12-19 12:35:15,192 [INFO] ThirdParty:1030 - CMSIS Pack Vendor :STMicroelectronics FP-SNS-MOTENV1 5.0.0
2025-12-19 12:35:15,192 [INFO] ThirdParty:1030 - CMSIS Pack Vendor :STMicroelectronics USB_DEVICE 1.0.0
2025-12-19 12:35:15,192 [INFO] ThirdParty:1030 - CMSIS Pack Vendor :STMicroelectronics X-CUBE-AZRTOS-H7RS 1.2.0
2025-12-19 12:35:15,192 [INFO] ThirdParty:1030 - CMSIS Pack Vendor :wolfSSL I-CUBE-wolfMQTT 1.19.0
2025-12-19 12:35:15,192 [INFO] ThirdParty:1030 - CMSIS Pack Vendor :STMicroelectronics X-CUBE-AZRTOS-L4 2.0.0
2025-12-19 12:35:15,192 [INFO] ThirdParty:1030 - CMSIS Pack Vendor :STMicroelectronics ThreadX 0.0.2
2025-12-19 12:35:15,192 [INFO] ThirdParty:1030 - CMSIS Pack Vendor :WES I-CUBE-Cesium 1.3.0
2025-12-19 12:35:15,192 [INFO] ThirdParty:1030 - CMSIS Pack Vendor :STMicroelectronics lwIP 2.1.2
2025-12-19 12:35:15,192 [INFO] ThirdParty:1030 - CMSIS Pack Vendor :STMicroelectronics X-CUBE-SFXS2LP1 4.0.0
2025-12-19 12:35:15,192 [INFO] ThirdParty:1030 - CMSIS Pack Vendor :STMicroelectronics X-CUBE-BLE2 3.3.0
2025-12-19 12:35:15,192 [INFO] ThirdParty:1030 - CMSIS Pack Vendor :Avnet-IOTCONNECT X-CUBE-iotc-st67-sdk 1.0.0
2025-12-19 12:35:15,192 [INFO] ThirdParty:1030 - CMSIS Pack Vendor :STMicroelectronics PDM2PCM 3.2.0
2025-12-19 12:35:15,192 [INFO] ThirdParty:1030 - CMSIS Pack Vendor :STMicroelectronics X-CUBE-AZRTOS-H7 3.3.0
2025-12-19 12:35:15,192 [INFO] ThirdParty:1030 - CMSIS Pack Vendor :STMicroelectronics X-CUBE-NFC9 1.0.0
2025-12-19 12:35:15,192 [INFO] ThirdParty:1030 - CMSIS Pack Vendor :STMicroelectronics X-CUBE-BLE1 7.1.0
2025-12-19 12:35:15,192 [INFO] ThirdParty:1030 - CMSIS Pack Vendor :STMicroelectronics USB_DEVICE 3.0.0
2025-12-19 12:35:15,192 [INFO] ThirdParty:1030 - CMSIS Pack Vendor :STMicroelectronics X-CUBE-TCPP 4.1.0
2025-12-19 12:35:15,192 [INFO] ThirdParty:1030 - CMSIS Pack Vendor :STMicroelectronics X-CUBE-EEPRMA1 5.2.0
2025-12-19 12:35:15,192 [INFO] ThirdParty:1030 - CMSIS Pack Vendor :STMicroelectronics X-CUBE-BLEMGR 4.1.0
2025-12-19 12:35:15,192 [INFO] ThirdParty:1030 - CMSIS Pack Vendor :STMicroelectronics X-CUBE-IPS 3.0.0
2025-12-19 12:35:15,192 [INFO] ThirdParty:1030 - CMSIS Pack Vendor :STMicroelectronics X-CUBE-AZRTOS-WB 2.0.0
2025-12-19 12:35:15,192 [INFO] ThirdParty:1030 - CMSIS Pack Vendor :STMicroelectronics X-CUBE-GNSS1 7.0.0
2025-12-19 12:35:15,192 [INFO] ThirdParty:1030 - CMSIS Pack Vendor :STMicroelectronics X-CUBE-GNSS1 7.0.1
2025-12-19 12:35:15,192 [INFO] ThirdParty:1030 - CMSIS Pack Vendor :STMicroelectronics X-CUBE-TOUCHGFX 4.25.0
2025-12-19 12:35:15,192 [INFO] ThirdParty:1030 - CMSIS Pack Vendor :STMicroelectronics FP-SNS-STBOX1 2.0.0
2025-12-19 12:35:15,193 [INFO] ThirdParty:1030 - CMSIS Pack Vendor :STMicroelectronics X-CUBE-MEMS1 12.0.0
2025-12-19 12:35:15,193 [INFO] ThirdParty:1030 - CMSIS Pack Vendor :STMicroelectronics X-CUBE-AZRTOS-G0 1.1.0
2025-12-19 12:35:15,193 [INFO] ThirdParty:1030 - CMSIS Pack Vendor :STMicroelectronics X-CUBE-SAFEA1 1.2.2
2025-12-19 12:35:15,193 [INFO] ThirdParty:1030 - CMSIS Pack Vendor :STMicroelectronics X-CUBE-NFC4 3.0.0
2025-12-19 12:35:15,193 [INFO] ThirdParty:1030 - CMSIS Pack Vendor :STMicroelectronics X-CUBE-SUBG2 5.0.0
2025-12-19 12:35:15,193 [INFO] ThirdParty:1030 - CMSIS Pack Vendor :STMicroelectronics X-CUBE-AZRTOS-H7RS 1.1.0
2025-12-19 12:35:15,193 [INFO] ThirdParty:1030 - CMSIS Pack Vendor :STMicroelectronics STM32_WPAN 1.0.0
2025-12-19 12:35:15,193 [INFO] ThirdParty:1030 - CMSIS Pack Vendor :EmbeddedOffice I-CUBE-FS-RTOS 1.0.1
2025-12-19 12:35:15,193 [INFO] ThirdParty:1030 - CMSIS Pack Vendor :STMicroelectronics lwIP 2.0.3
2025-12-19 12:35:15,193 [INFO] ThirdParty:1030 - CMSIS Pack Vendor :Cesanta I-CUBE-Mongoose 7.13.0
2025-12-19 12:35:15,193 [INFO] ThirdParty:1030 - CMSIS Pack Vendor :STMicroelectronics USB_HOST 1.0.0
2025-12-19 12:35:15,193 [INFO] ThirdParty:1030 - CMSIS Pack Vendor :STMicroelectronics X-CUBE-AZRTOS-G4 2.0.0
2025-12-19 12:35:15,193 [INFO] ThirdParty:1030 - CMSIS Pack Vendor :STMicroelectronics X-CUBE-WB05N 2.0.0
2025-12-19 12:35:15,193 [INFO] ThirdParty:1030 - CMSIS Pack Vendor :STMicroelectronics PDM2PCM 3.1.0
2025-12-19 12:35:15,193 [INFO] ThirdParty:1030 - CMSIS Pack Vendor :STMicroelectronics X-CUBE-NFC7 2.0.0
2025-12-19 12:35:15,193 [INFO] ThirdParty:1030 - CMSIS Pack Vendor :STMicroelectronics X-CUBE-TCPP 4.2.0
2025-12-19 12:35:15,193 [INFO] ThirdParty:1030 - CMSIS Pack Vendor :RealThread X-CUBE-RT-Thread_Nano 4.1.1
2025-12-19 12:35:15,193 [INFO] ThirdParty:1030 - CMSIS Pack Vendor :STMicroelectronics FP-ATR-SIGFOX1 3.2.0
2025-12-19 12:35:15,193 [INFO] ThirdParty:1030 - CMSIS Pack Vendor :wolfSSL I-CUBE-wolfSSL 5.7.2
2025-12-19 12:35:15,193 [INFO] ThirdParty:1030 - CMSIS Pack Vendor :quantropi X-CUBE-qispace-sdk-base 1.9.3
2025-12-19 12:35:15,193 [INFO] ThirdParty:1030 - CMSIS Pack Vendor :STMicroelectronics X-CUBE-EEPRMA1 5.1.0
2025-12-19 12:35:15,193 [INFO] ThirdParty:1030 - CMSIS Pack Vendor :STMicroelectronics MBEDTLS 2.16.2
2025-12-19 12:35:15,193 [INFO] ThirdParty:1030 - CMSIS Pack Vendor :STMicroelectronics X-CUBE-IPS 3.1.0
2025-12-19 12:35:15,193 [INFO] ThirdParty:1030 - CMSIS Pack Vendor :STMicroelectronics X-CUBE-ALS 1.0.2
2025-12-19 12:35:15,193 [INFO] ThirdParty:1030 - CMSIS Pack Vendor :ITTIA_DB I-CUBE-ITTIADB 8.9.0
2025-12-19 12:35:15,193 [INFO] ThirdParty:1030 - CMSIS Pack Vendor :STMicroelectronics X-CUBE-TOUCHGFX 4.24.1
2025-12-19 12:35:15,193 [INFO] ThirdParty:1030 - CMSIS Pack Vendor :STMicroelectronics X-CUBE-STSE01 1.0.0
2025-12-19 12:35:15,193 [INFO] ThirdParty:1030 - CMSIS Pack Vendor :wolfSSL I-CUBE-wolfTPM 3.4.0
2025-12-19 12:35:15,193 [INFO] ThirdParty:1030 - CMSIS Pack Vendor :portGmbH I-Cube-SoM-uGOAL 1.1.0
2025-12-19 12:35:15,193 [INFO] ThirdParty:1030 - CMSIS Pack Vendor :STMicroelectronics X-CUBE-ST67W61 1.0.0
2025-12-19 12:35:15,193 [INFO] ThirdParty:1030 - CMSIS Pack Vendor :STMicroelectronics X-CUBE-AI 10.2.0
2025-12-19 12:35:15,193 [INFO] ThirdParty:1030 - CMSIS Pack Vendor :STMicroelectronics ThreadX 1.0.0
2025-12-19 12:35:15,193 [INFO] ThirdParty:1030 - CMSIS Pack Vendor :SEGGER I-CUBE-embOS 1.3.1
2025-12-19 12:35:15,193 [INFO] ThirdParty:1030 - CMSIS Pack Vendor :STMicroelectronics X-CUBE-ALGOBUILD 1.4.0
2025-12-19 12:35:15,193 [INFO] ThirdParty:1030 - CMSIS Pack Vendor :STMicroelectronics X-CUBE-MEMS1 11.3.0
2025-12-19 12:35:15,193 [INFO] ThirdParty:1030 - CMSIS Pack Vendor :STMicroelectronics X-CUBE-AZRTOS-H7RS 1.0.0
2025-12-19 12:35:15,193 [INFO] ThirdParty:1030 - CMSIS Pack Vendor :STMicroelectronics FP-ATR-ASTRA1 2.0.0
2025-12-19 12:35:15,193 [INFO] ThirdParty:1030 - CMSIS Pack Vendor :STMicroelectronics X-CUBE-TOF1 3.4.2
2025-12-19 12:35:15,193 [INFO] ThirdParty:1030 - CMSIS Pack Vendor :STMicroelectronics X-CUBE-TOF1 3.4.3
2025-12-19 12:35:15,193 [INFO] ThirdParty:1030 - CMSIS Pack Vendor :STMicroelectronics X-CUBE-AI 9.1.0
2025-12-19 12:35:15,193 [INFO] ThirdParty:1030 - CMSIS Pack Vendor :Infineon AIROC-Wi-Fi-Bluetooth-STM32 1.6.1
2025-12-19 12:35:15,193 [INFO] ThirdParty:1030 - CMSIS Pack Vendor :wolfSSL I-CUBE-wolfSSH 1.4.17
2025-12-19 12:35:15,193 [INFO] ThirdParty:841 - exiting critical section [change project]
2025-12-19 12:35:15,672 [INFO] PinOutPanel:1589 - setPackage(No Configuration,No Configuration)
2025-12-19 12:35:15,673 [INFO] PinOutPanel:1589 - setPackage(STM32H743IITx,LQFP176)
2025-12-19 12:35:16,169 [INFO] UtilMem:75 - Before build in PCC Used Memory: 908248768 Bytes (1073741824)
2025-12-19 12:35:16,566 [INFO] UtilMem:75 - After build in PCC Used Memory: 972211904 Bytes (1073741824)
2025-12-19 12:35:16,602 [INFO] IPUIPlugin:80 - create IPUIPlugin
2025-12-19 12:35:16,602 [INFO] IPUIPlugin:80 - create IPUIPlugin
2025-12-19 12:35:16,602 [INFO] IPUIPlugin:80 - create IPUIPlugin
2025-12-19 12:35:16,602 [INFO] IPUIPlugin:80 - create IPUIPlugin
2025-12-19 12:35:16,602 [INFO] IPUIPlugin:80 - create IPUIPlugin
2025-12-19 12:35:16,602 [INFO] IPUIPlugin:80 - create IPUIPlugin
2025-12-19 12:35:16,602 [INFO] IPUIPlugin:80 - create IPUIPlugin
2025-12-19 12:35:16,602 [INFO] IPUIPlugin:80 - create IPUIPlugin
2025-12-19 12:35:16,603 [INFO] IPUIPlugin:80 - create IPUIPlugin
2025-12-19 12:35:16,603 [INFO] IPUIPlugin:80 - create IPUIPlugin
2025-12-19 12:35:16,603 [INFO] IPUIPlugin:80 - create IPUIPlugin
2025-12-19 12:35:16,603 [INFO] IPUIPlugin:80 - create IPUIPlugin
2025-12-19 12:35:16,603 [INFO] IPUIPlugin:80 - create IPUIPlugin
2025-12-19 12:35:16,603 [INFO] IPUIPlugin:80 - create IPUIPlugin
2025-12-19 12:35:16,603 [INFO] IPUIPlugin:80 - create IPUIPlugin
2025-12-19 12:35:16,603 [INFO] IPUIPlugin:80 - create IPUIPlugin
2025-12-19 12:35:16,603 [INFO] IPUIPlugin:80 - create IPUIPlugin
2025-12-19 12:35:16,603 [INFO] IPUIPlugin:80 - create IPUIPlugin
2025-12-19 12:35:16,603 [INFO] IPUIPlugin:80 - create IPUIPlugin
2025-12-19 12:35:16,603 [INFO] IPUIPlugin:80 - create IPUIPlugin
2025-12-19 12:35:16,603 [INFO] IPUIPlugin:80 - create IPUIPlugin
2025-12-19 12:35:16,603 [INFO] IPUIPlugin:80 - create IPUIPlugin
2025-12-19 12:35:16,604 [INFO] IPUIPlugin:80 - create IPUIPlugin
2025-12-19 12:35:16,604 [INFO] IPUIPlugin:80 - create IPUIPlugin
2025-12-19 12:35:16,604 [INFO] IPUIPlugin:80 - create IPUIPlugin
2025-12-19 12:35:16,604 [INFO] IPUIPlugin:80 - create IPUIPlugin
2025-12-19 12:35:16,604 [INFO] IPUIPlugin:80 - create IPUIPlugin
2025-12-19 12:35:16,604 [INFO] IPUIPlugin:80 - create IPUIPlugin
2025-12-19 12:35:16,605 [INFO] IPUIPlugin:80 - create IPUIPlugin
2025-12-19 12:35:16,605 [INFO] IPUIPlugin:80 - create IPUIPlugin
2025-12-19 12:35:16,605 [INFO] IPUIPlugin:80 - create IPUIPlugin
2025-12-19 12:35:16,605 [INFO] IPUIPlugin:80 - create IPUIPlugin
2025-12-19 12:35:16,605 [INFO] IPUIPlugin:80 - create IPUIPlugin
2025-12-19 12:35:16,605 [INFO] IPUIPlugin:80 - create IPUIPlugin
2025-12-19 12:35:16,605 [INFO] IPUIPlugin:80 - create IPUIPlugin
2025-12-19 12:35:16,606 [INFO] IPUIPlugin:80 - create IPUIPlugin
2025-12-19 12:35:16,606 [INFO] IPUIPlugin:80 - create IPUIPlugin
2025-12-19 12:35:16,606 [INFO] IPUIPlugin:80 - create IPUIPlugin
2025-12-19 12:35:16,606 [INFO] IPUIPlugin:80 - create IPUIPlugin
2025-12-19 12:35:16,606 [INFO] IPUIPlugin:80 - create IPUIPlugin
2025-12-19 12:35:16,607 [INFO] IPUIPlugin:80 - create IPUIPlugin
2025-12-19 12:35:16,607 [INFO] IPUIPlugin:80 - create IPUIPlugin
2025-12-19 12:35:16,607 [INFO] IPUIPlugin:80 - create IPUIPlugin
2025-12-19 12:35:16,608 [INFO] IPUIPlugin:80 - create IPUIPlugin
2025-12-19 12:35:16,608 [INFO] IPUIPlugin:80 - create IPUIPlugin
2025-12-19 12:35:16,608 [INFO] IPUIPlugin:80 - create IPUIPlugin
2025-12-19 12:35:16,608 [INFO] IPUIPlugin:80 - create IPUIPlugin
2025-12-19 12:35:16,608 [INFO] IPUIPlugin:80 - create IPUIPlugin
2025-12-19 12:35:16,608 [INFO] IPUIPlugin:80 - create IPUIPlugin
2025-12-19 12:35:16,609 [INFO] IPUIPlugin:80 - create IPUIPlugin
2025-12-19 12:35:16,609 [INFO] IPUIPlugin:80 - create IPUIPlugin
2025-12-19 12:35:16,609 [INFO] IPUIPlugin:80 - create IPUIPlugin
2025-12-19 12:35:16,609 [INFO] IPUIPlugin:80 - create IPUIPlugin
2025-12-19 12:35:16,609 [INFO] IPUIPlugin:80 - create IPUIPlugin
2025-12-19 12:35:16,609 [INFO] IPUIPlugin:80 - create IPUIPlugin
2025-12-19 12:35:16,609 [INFO] IPUIPlugin:80 - create IPUIPlugin
2025-12-19 12:35:16,610 [INFO] IPUIPlugin:80 - create IPUIPlugin
2025-12-19 12:35:16,610 [INFO] IPUIPlugin:80 - create IPUIPlugin
2025-12-19 12:35:16,610 [INFO] IPUIPlugin:80 - create IPUIPlugin
2025-12-19 12:35:16,610 [INFO] IPUIPlugin:80 - create IPUIPlugin
2025-12-19 12:35:16,610 [INFO] IPUIPlugin:80 - create IPUIPlugin
2025-12-19 12:35:16,610 [INFO] IPUIPlugin:80 - create IPUIPlugin
2025-12-19 12:35:16,610 [INFO] IPUIPlugin:80 - create IPUIPlugin
2025-12-19 12:35:16,611 [INFO] IPUIPlugin:80 - create IPUIPlugin
2025-12-19 12:35:16,611 [INFO] IPUIPlugin:80 - create IPUIPlugin
2025-12-19 12:35:16,611 [INFO] IPUIPlugin:80 - create IPUIPlugin
2025-12-19 12:35:16,611 [INFO] IPUIPlugin:80 - create IPUIPlugin
2025-12-19 12:35:16,611 [INFO] IPUIPlugin:80 - create IPUIPlugin
2025-12-19 12:35:16,611 [INFO] IPUIPlugin:80 - create IPUIPlugin
2025-12-19 12:35:16,611 [INFO] IPUIPlugin:80 - create IPUIPlugin
2025-12-19 12:35:16,612 [INFO] IPUIPlugin:80 - create IPUIPlugin
2025-12-19 12:35:16,612 [INFO] IPUIPlugin:80 - create IPUIPlugin
2025-12-19 12:35:16,613 [INFO] IPUIPlugin:80 - create IPUIPlugin
2025-12-19 12:35:16,613 [INFO] IPUIPlugin:80 - create IPUIPlugin
2025-12-19 12:35:16,613 [INFO] IPUIPlugin:80 - create IPUIPlugin
2025-12-19 12:35:16,613 [INFO] IPUIPlugin:80 - create IPUIPlugin
2025-12-19 12:35:16,613 [INFO] IPUIPlugin:80 - create IPUIPlugin
2025-12-19 12:35:16,614 [INFO] IPUIPlugin:80 - create IPUIPlugin
2025-12-19 12:35:16,614 [INFO] IPUIPlugin:80 - create IPUIPlugin
2025-12-19 12:35:16,614 [INFO] IPUIPlugin:80 - create IPUIPlugin
2025-12-19 12:35:16,614 [INFO] IPUIPlugin:80 - create IPUIPlugin
2025-12-19 12:35:16,614 [INFO] IPUIPlugin:80 - create IPUIPlugin
2025-12-19 12:35:16,615 [INFO] IPUIPlugin:80 - create IPUIPlugin
2025-12-19 12:35:16,615 [INFO] IPUIPlugin:80 - create IPUIPlugin
2025-12-19 12:35:16,615 [INFO] IPUIPlugin:80 - create IPUIPlugin
2025-12-19 12:35:16,615 [INFO] IPUIPlugin:80 - create IPUIPlugin
2025-12-19 12:35:16,616 [INFO] IPUIPlugin:80 - create IPUIPlugin
2025-12-19 12:35:16,616 [INFO] IPUIPlugin:80 - create IPUIPlugin
2025-12-19 12:35:16,616 [INFO] IPUIPlugin:80 - create IPUIPlugin
2025-12-19 12:35:16,616 [INFO] IPUIPlugin:80 - create IPUIPlugin
2025-12-19 12:35:16,617 [INFO] IPUIPlugin:80 - create IPUIPlugin
2025-12-19 12:35:16,617 [INFO] IPUIPlugin:80 - create IPUIPlugin
2025-12-19 12:35:16,617 [INFO] IPUIPlugin:80 - create IPUIPlugin
2025-12-19 12:35:16,617 [INFO] IPUIPlugin:80 - create IPUIPlugin
2025-12-19 12:35:16,618 [INFO] IPUIPlugin:80 - create IPUIPlugin
2025-12-19 12:35:16,618 [INFO] IPUIPlugin:80 - create IPUIPlugin
2025-12-19 12:35:16,619 [INFO] IPUIPlugin:80 - create IPUIPlugin
2025-12-19 12:35:16,619 [INFO] IPUIPlugin:80 - create IPUIPlugin
2025-12-19 12:35:16,649 [INFO] ApiDbMcu:508 - Load IP Config File for PDM2PCM
2025-12-19 12:35:16,650 [WARN] IP:2251 - ClockDivider not found: check if there is a RefParameter without a condition.
2025-12-19 12:35:16,650 [WARN] IP:2251 - ClockDividerCCU not found: check if there is a RefParameter without a condition.
2025-12-19 12:35:16,650 [WARN] IP:2251 - MinOscClkPeriodsCCU not found: check if there is a RefParameter without a condition.
2025-12-19 12:35:16,650 [WARN] IP:2251 - TimeQuantaPerBitTimeCCU not found: check if there is a RefParameter without a condition.
2025-12-19 12:35:16,650 [WARN] IP:2251 - WatchdogStartValueCCU not found: check if there is a RefParameter without a condition.
2025-12-19 12:35:16,663 [INFO] LogOutputStream:77 - [STDOUT_REDIRECT] Nominal 
2025-12-19 12:35:16,663 [INFO] Can:71 - Can Add PropertyChangeListener com.st.microxplorer.plugins.ip.can.Can@34e94cc0
2025-12-19 12:35:16,742 [INFO] CADModel:165 - CPN selected for project levelSTM32H743IIT6
2025-12-19 12:35:16,742 [INFO] CADModel:114 - Register for checkConnection events
2025-12-19 12:35:16,821 [INFO] OpenFileManager:363 - Restore cursor
2025-12-19 12:35:16,950 [WARN] IP:2251 - ClockDivider not found: check if there is a RefParameter without a condition.
2025-12-19 12:35:16,950 [WARN] IP:2251 - ClockDividerCCU not found: check if there is a RefParameter without a condition.
2025-12-19 12:35:16,950 [WARN] IP:2251 - MinOscClkPeriodsCCU not found: check if there is a RefParameter without a condition.
2025-12-19 12:35:16,950 [WARN] IP:2251 - TimeQuantaPerBitTimeCCU not found: check if there is a RefParameter without a condition.
2025-12-19 12:35:16,950 [WARN] IP:2251 - WatchdogStartValueCCU not found: check if there is a RefParameter without a condition.
2025-12-19 12:35:19,777 [INFO] MainUpdater:2872 - connection check result : 10
2025-12-19 12:35:19,777 [INFO] MainUpdater:2872 - connection check result : 10
2025-12-19 12:35:19,869 [INFO] LogOutputStream:77 - [STDOUT_REDIRECT] Nominal 
2025-12-19 12:35:19,981 [INFO] I2cTimingTraitement:330 - 0x00000E14
2025-12-19 12:35:19,986 [INFO] MicroXplorer:468 - Change Database Path : 
2025-12-19 12:35:19,986 [INFO] MicroXplorer:498 - Change Database Version : DB.6.0.130
2025-12-19 12:35:20,008 [ERROR] ProjectManagerView:394 - 
java.lang.NullPointerException: Cannot invoke "javax.swing.JTextField.getText()" because the return value of "java.util.List.get(int)" is null
	at com.st.microxplorer.plugins.projectmanager.gui.ProjectChoiceTab$9.caretUpdate(ProjectChoiceTab.java:2616) ~[filemanager.jar:?]
	at javax.swing.text.JTextComponent.fireCaretUpdate(JTextComponent.java:408) ~[?:?]
	at javax.swing.text.JTextComponent$MutableCaretEvent.fire(JTextComponent.java:4484) ~[?:?]
	at javax.swing.text.JTextComponent$MutableCaretEvent.stateChanged(JTextComponent.java:4506) ~[?:?]
	at javax.swing.text.DefaultCaret.fireStateChanged(DefaultCaret.java:857) ~[?:?]
	at javax.swing.text.DefaultCaret.changeCaretPosition(DefaultCaret.java:1343) ~[?:?]
	at javax.swing.text.DefaultCaret.handleSetDot(DefaultCaret.java:1242) ~[?:?]
	at javax.swing.text.DefaultCaret.setDot(DefaultCaret.java:1223) ~[?:?]
	at javax.swing.text.DefaultCaret$Handler.insertUpdate(DefaultCaret.java:1819) ~[?:?]
	at javax.swing.text.AbstractDocument.fireInsertUpdate(AbstractDocument.java:227) ~[?:?]
	at javax.swing.text.AbstractDocument.handleInsertString(AbstractDocument.java:781) ~[?:?]
	at javax.swing.text.AbstractDocument.insertString(AbstractDocument.java:740) ~[?:?]
	at javax.swing.text.PlainDocument.insertString(PlainDocument.java:131) ~[?:?]
	at javax.swing.text.AbstractDocument.replace(AbstractDocument.java:699) ~[?:?]
	at javax.swing.text.JTextComponent.setText(JTextComponent.java:1725) ~[?:?]
	at com.st.microxplorer.plugins.projectmanager.gui.ProjectChoiceTab.createHeapStackFields(ProjectChoiceTab.java:975) ~[filemanager.jar:?]
	at com.st.microxplorer.plugins.projectmanager.gui.ProjectChoiceTab.buildLinkSettingsPanel(ProjectChoiceTab.java:3666) ~[filemanager.jar:?]
	at com.st.microxplorer.plugins.projectmanager.gui.ProjectChoiceTab.defineWindowsFields(ProjectChoiceTab.java:1934) ~[filemanager.jar:?]
	at com.st.microxplorer.plugins.projectmanager.gui.ProjectChoiceTab.updateSettings(ProjectChoiceTab.java:553) ~[filemanager.jar:?]
	at com.st.microxplorer.plugins.projectmanager.gui.ProjectSettingsPanel.UpdateDialog(ProjectSettingsPanel.java:245) ~[filemanager.jar:?]
	at com.st.microxplorer.plugins.projectmanager.ProjectManagerView.propertyChange(ProjectManagerView.java:391) ~[filemanager.jar:?]
	at java.beans.PropertyChangeSupport.fire(PropertyChangeSupport.java:343) ~[?:?]
	at java.beans.PropertyChangeSupport.firePropertyChange(PropertyChangeSupport.java:335) ~[?:?]
	at java.beans.PropertyChangeSupport.firePropertyChange(PropertyChangeSupport.java:268) ~[?:?]
	at com.st.microxplorer.util.MXPropertyChangeSupport.firePropertyChange(MXPropertyChangeSupport.java:54) ~[STM32CubeMX.jar:?]
	at com.st.microxplorer.mxsystem.MxSystem.closeConfig(MxSystem.java:899) ~[STM32CubeMX.jar:?]
	at com.st.microxplorer.maingui.MainPanel.closeConfig(MainPanel.java:789) ~[STM32CubeMX.jar:?]
	at com.st.microxplorer.plugins.filemanager.engine.OpenFileManager.loadConfigurationFile(OpenFileManager.java:265) ~[filemanager.jar:?]
	at com.st.microxplorer.plugins.filemanager.engine.MainFileManager.userLoadConfig(MainFileManager.java:340) ~[filemanager.jar:?]
	at com.st.microxplorer.plugins.filemanager.engine.MainFileManager.userLoadConfig(MainFileManager.java:318) ~[filemanager.jar:?]
	at com.st.microxplorer.plugins.filemanager.FileManagerView.getSpecificTask(FileManagerView.java:246) ~[filemanager.jar:?]
	at com.st.stm32cube.common.mx.editor.CubeMxEditor.getMxTabbedPaneInstance(CubeMxEditor.java:1198) ~[com.st.stm32cube.common.mx_6.13.0.202411220809/:?]
	at com.st.stm32cube.common.mx.editor.CubeMxEditor$12$1.createSwingComponent(CubeMxEditor.java:1068) ~[com.st.stm32cube.common.mx_6.13.0.202411220809/:?]
	at com.st.stm32cube.common.mx.oss.core.awtswtbridge.EmbeddedSwingComposite.doComponentCreation(EmbeddedSwingComposite.java:492) ~[com.st.stm32cube.common.mx.oss_6.13.0.202411220809/:?]
	at com.st.stm32cube.common.mx.oss.core.awtswtbridge.EmbeddedSwingComposite$4.run(EmbeddedSwingComposite.java:291) ~[com.st.stm32cube.common.mx.oss_6.13.0.202411220809/:?]
	at com.st.stm32cube.common.mx.oss.core.awtswtbridge.AwtEnvironment$2.run(AwtEnvironment.java:166) ~[com.st.stm32cube.common.mx.oss_6.13.0.202411220809/:?]
	at java.awt.event.InvocationEvent.dispatch(InvocationEvent.java:318) ~[?:?]
	at java.awt.EventQueue.dispatchEventImpl(EventQueue.java:773) ~[?:?]
	at java.awt.EventQueue$4.run(EventQueue.java:720) ~[?:?]
	at java.awt.EventQueue$4.run(EventQueue.java:714) ~[?:?]
	at java.security.AccessController.doPrivileged(AccessController.java:400) ~[?:?]
	at java.security.ProtectionDomain$JavaSecurityAccessImpl.doIntersectionPrivilege(ProtectionDomain.java:87) ~[?:?]
	at java.awt.EventQueue.dispatchEvent(EventQueue.java:742) ~[?:?]
	at java.awt.EventDispatchThread.pumpOneEventForFilters(EventDispatchThread.java:203) ~[?:?]
	at java.awt.EventDispatchThread.pumpEventsForFilter(EventDispatchThread.java:124) ~[?:?]
	at java.awt.EventDispatchThread.pumpEventsForHierarchy(EventDispatchThread.java:113) ~[?:?]
	at java.awt.EventDispatchThread.pumpEvents(EventDispatchThread.java:109) ~[?:?]
	at java.awt.EventDispatchThread.pumpEvents(EventDispatchThread.java:101) ~[?:?]
	at java.awt.EventDispatchThread.run(EventDispatchThread.java:90) ~[?:?]
2025-12-19 12:35:20,010 [WARN] ThirdParty:871 - waiting for thirdparty lock release [close project]
2025-12-19 12:35:20,011 [INFO] ThirdParty:873 - entering critical section [close project]
2025-12-19 12:35:20,011 [INFO] ThirdParty:883 - exiting critical section [close project]
2025-12-19 12:35:20,016 [INFO] PinOutPanel:1589 - setPackage(No Configuration,No Configuration)
2025-12-19 12:35:20,031 [WARN] IpParametersView:154 - Warning: This peripheral hasn't parameters
2025-12-19 12:35:20,046 [WARN] MainPanel:289 - <html><b><center>Warning: This peripheral has no parameters to be configured<br></b></html>
2025-12-19 12:35:20,046 [ERROR] MainPanel:599 - java.lang.IndexOutOfBoundsException: Index: 0, Tab count: 0
2025-12-19 12:35:20,056 [INFO] UtilMem:75 - Begin LoadConfig() Used Memory: 856530944 Bytes (1073741824)
2025-12-19 12:35:20,058 [INFO] MicroXplorer:468 - Change Database Path : 
2025-12-19 12:35:20,058 [INFO] MicroXplorer:498 - Change Database Version : DB.6.0.130
2025-12-19 12:35:20,058 [INFO] OpenFileManager:332 - Change cursor
2025-12-19 12:35:20,070 [INFO] Mcu:2035 - Initializing MCU STM32F746ZGTx STM32F746ZGTx STM32F746ZGT6
2025-12-19 12:35:22,389 [INFO] Context:748 - Trying to add GPIOservice into a context  which must be forbidden
2025-12-19 12:35:23,350 [INFO] RtosManager:555 - Registered RTOS mode: class=CMSIS, group=RTOS, mode=CMSIS_V1, owner=FREERTOS
2025-12-19 12:35:23,350 [INFO] RtosManager:555 - Registered RTOS mode: class=CMSIS, group=RTOS2, mode=CMSIS_V2, owner=FREERTOS
2025-12-19 12:35:23,350 [INFO] RtosManager:555 - Registered RTOS mode: class=RTOS, group=Core, mode=CMSIS_V1, owner=FREERTOS
2025-12-19 12:35:23,350 [INFO] RtosManager:555 - Registered RTOS mode: class=RTOS, group=Core, mode=CMSIS_V2, owner=FREERTOS
2025-12-19 12:35:23,350 [WARN] ModelIntegratedComponent:184 - Missing modes for component STMicroelectronics:FreeRTOS:0.0.1:STMicroelectronics:RTOS:FreeRTOS:Core:::10.2.0:
2025-12-19 12:35:23,355 [WARN] ModelIntegratedComponent:63 - No mode defined for component null
2025-12-19 12:35:23,355 [WARN] ModelIntegratedComponent:63 - No mode defined for component null
2025-12-19 12:35:23,355 [WARN] ModelIntegratedComponent:63 - No mode defined for component null
2025-12-19 12:35:23,355 [WARN] ModelIntegratedComponent:63 - No mode defined for component null
2025-12-19 12:35:23,355 [WARN] ModelIntegratedComponent:63 - No mode defined for component null
2025-12-19 12:35:23,355 [WARN] ModelIntegratedComponent:63 - No mode defined for component null
2025-12-19 12:35:23,355 [WARN] ModelIntegratedComponent:63 - No mode defined for component null
2025-12-19 12:35:23,355 [WARN] ModelIntegratedComponent:63 - No mode defined for component null
2025-12-19 12:35:23,356 [WARN] ModelIntegratedComponent:63 - No mode defined for component null
2025-12-19 12:35:23,356 [WARN] ModelIntegratedComponent:63 - No mode defined for component null
2025-12-19 12:35:23,356 [WARN] ModelIntegratedComponent:63 - No mode defined for component null
2025-12-19 12:35:23,356 [WARN] ModelIntegratedComponent:63 - No mode defined for component null
2025-12-19 12:35:23,356 [WARN] ModelIntegratedComponent:63 - No mode defined for component null
2025-12-19 12:35:23,356 [WARN] ModelIntegratedComponent:63 - No mode defined for component null
2025-12-19 12:35:23,356 [WARN] ModelIntegratedComponent:63 - No mode defined for component null
2025-12-19 12:35:23,356 [WARN] ModelIntegratedComponent:63 - No mode defined for component null
2025-12-19 12:35:23,357 [WARN] ModelIntegratedComponent:63 - No mode defined for component null
2025-12-19 12:35:23,357 [WARN] ModelIntegratedComponent:63 - No mode defined for component null
2025-12-19 12:35:23,357 [WARN] ModelIntegratedComponent:63 - No mode defined for component null
2025-12-19 12:35:23,357 [WARN] ModelIntegratedComponent:63 - No mode defined for component null
2025-12-19 12:35:23,357 [WARN] ModelIntegratedComponent:63 - No mode defined for component null
2025-12-19 12:35:23,357 [WARN] ModelIntegratedComponent:63 - No mode defined for component null
2025-12-19 12:35:23,357 [WARN] ModelIntegratedComponent:63 - No mode defined for component null
2025-12-19 12:35:23,357 [WARN] ModelIntegratedComponent:63 - No mode defined for component null
2025-12-19 12:35:23,357 [WARN] ModelIntegratedComponent:63 - No mode defined for component null
2025-12-19 12:35:23,357 [WARN] ModelIntegratedComponent:63 - No mode defined for component null
2025-12-19 12:35:23,357 [WARN] ModelIntegratedComponent:63 - No mode defined for component null
2025-12-19 12:35:23,357 [WARN] ModelIntegratedComponent:63 - No mode defined for component null
2025-12-19 12:35:23,357 [WARN] ModelIntegratedComponent:63 - No mode defined for component null
2025-12-19 12:35:23,357 [WARN] ModelIntegratedComponent:63 - No mode defined for component null
2025-12-19 12:35:23,357 [WARN] ModelIntegratedComponent:63 - No mode defined for component null
2025-12-19 12:35:23,357 [WARN] ModelIntegratedComponent:63 - No mode defined for component null
2025-12-19 12:35:23,357 [WARN] ModelIntegratedComponent:63 - No mode defined for component null
2025-12-19 12:35:23,357 [WARN] ModelIntegratedComponent:63 - No mode defined for component null
2025-12-19 12:35:23,357 [WARN] ModelIntegratedComponent:63 - No mode defined for component null
2025-12-19 12:35:23,357 [WARN] ModelPack:524 - Component already loaded: STMicroelectronics:HAL Drivers:0.0.0:STMicroelectronics:Device:STMicro_Driver:XSPI:HAL::0.0.1:HAL_XSPI
2025-12-19 12:35:23,599 [INFO] ThirdPartyModel:298 - Start build external matchings
2025-12-19 12:35:25,273 [INFO] ThirdPartyModel:316 - End build external matchings
2025-12-19 12:35:25,323 [INFO] ImportTextPane:218 - (OptionalMessage_ERROR) IP (DMA) : Parameter (Instance) has Id (ADC1) currently not set
2025-12-19 12:35:25,323 [INFO] ImportTextPane:218 - (OptionalMessage_ERROR) IP (DMA) : Parameter (Channel) has Id (ADC1) currently not set
2025-12-19 12:35:25,323 [INFO] ImportTextPane:218 - (OptionalMessage_ERROR) IP (DMA) : Parameter (Direction) has Id (ADC1) currently not set
2025-12-19 12:35:25,323 [INFO] ImportTextPane:218 - (OptionalMessage_ERROR) IP (DMA) : Parameter (PeriphInc) has Id (ADC1) currently not set
2025-12-19 12:35:25,323 [INFO] ImportTextPane:218 - (OptionalMessage_ERROR) IP (DMA) : Parameter (MemInc) has Id (ADC1) currently not set
2025-12-19 12:35:25,324 [INFO] ImportTextPane:218 - (OptionalMessage_ERROR) IP (DMA) : Parameter (PeriphDataAlignment) has Id (ADC1) currently not set
2025-12-19 12:35:25,324 [INFO] ImportTextPane:218 - (OptionalMessage_ERROR) IP (DMA) : Parameter (MemDataAlignment) has Id (ADC1) currently not set
2025-12-19 12:35:25,324 [INFO] ImportTextPane:218 - (OptionalMessage_ERROR) IP (DMA) : Parameter (Mode) has Id (ADC1) currently not set
2025-12-19 12:35:25,324 [INFO] ImportTextPane:218 - (OptionalMessage_ERROR) IP (DMA) : Parameter (Priority) has Id (ADC1) currently not set
2025-12-19 12:35:25,324 [INFO] ImportTextPane:218 - (OptionalMessage_ERROR) IP (DMA) : Parameter (FIFOMode) has Id (ADC1) currently not set
2025-12-19 12:35:25,324 [INFO] ImportTextPane:218 - (OptionalMessage_ERROR) IP (DMA) : Parameter (Instance) has Id (USART2_RX) currently not set
2025-12-19 12:35:25,324 [INFO] ImportTextPane:218 - (OptionalMessage_ERROR) IP (DMA) : Parameter (Channel) has Id (USART2_RX) currently not set
2025-12-19 12:35:25,324 [INFO] ImportTextPane:218 - (OptionalMessage_ERROR) IP (DMA) : Parameter (Direction) has Id (USART2_RX) currently not set
2025-12-19 12:35:25,324 [INFO] ImportTextPane:218 - (OptionalMessage_ERROR) IP (DMA) : Parameter (PeriphInc) has Id (USART2_RX) currently not set
2025-12-19 12:35:25,324 [INFO] ImportTextPane:218 - (OptionalMessage_ERROR) IP (DMA) : Parameter (MemInc) has Id (USART2_RX) currently not set
2025-12-19 12:35:25,324 [INFO] ImportTextPane:218 - (OptionalMessage_ERROR) IP (DMA) : Parameter (PeriphDataAlignment) has Id (USART2_RX) currently not set
2025-12-19 12:35:25,324 [INFO] ImportTextPane:218 - (OptionalMessage_ERROR) IP (DMA) : Parameter (MemDataAlignment) has Id (USART2_RX) currently not set
2025-12-19 12:35:25,325 [INFO] ImportTextPane:218 - (OptionalMessage_ERROR) IP (DMA) : Parameter (Mode) has Id (USART2_RX) currently not set
2025-12-19 12:35:25,325 [INFO] ImportTextPane:218 - (OptionalMessage_ERROR) IP (DMA) : Parameter (Priority) has Id (USART2_RX) currently not set
2025-12-19 12:35:25,325 [INFO] ImportTextPane:218 - (OptionalMessage_ERROR) IP (DMA) : Parameter (FIFOMode) has Id (USART2_RX) currently not set
2025-12-19 12:35:25,326 [INFO] ImportTextPane:218 - (OptionalMessage_ERROR) IP (RCC) : Invalid parameter (48MHZClocksFreq_Value)
2025-12-19 12:35:25,326 [INFO] ImportTextPane:218 - (OptionalMessage_ERROR) IP (RCC) : Invalid parameter (ADC12outputFreq_Value)
2025-12-19 12:35:25,326 [INFO] ImportTextPane:218 - (OptionalMessage_ERROR) IP (RCC) : Invalid parameter (ADC34outputFreq_Value)
2025-12-19 12:35:25,326 [INFO] ImportTextPane:218 - (OptionalMessage_ERROR) IP (RCC) : Invalid parameter (FamilyName)
2025-12-19 12:35:25,326 [INFO] ImportTextPane:218 - (OptionalMessage_ERROR) IP (RCC) : Invalid parameter (I2SClocksFreq_Value)
2025-12-19 12:35:25,326 [INFO] ImportTextPane:218 - (OptionalMessage_ERROR) IP (RCC) : Parameter (LCDTFToutputFreq_Value) has invalid value (96000000)
2025-12-19 12:35:25,326 [INFO] ImportTextPane:218 - (OptionalMessage_ERROR) IP (RCC) : Invalid parameter (MCOFreq_Value)
2025-12-19 12:35:25,327 [INFO] ImportTextPane:218 - (OptionalMessage_ERROR) IP (RCC) : Invalid parameter (PLLMCOFreq_Value)
2025-12-19 12:35:25,327 [INFO] ImportTextPane:218 - (OptionalMessage_ERROR) IP (RCC) : Invalid parameter (PLLMUL)
2025-12-19 12:35:25,327 [INFO] ImportTextPane:218 - (OptionalMessage_ERROR) IP (RCC) : Invalid parameter (PRESCALERUSB)
2025-12-19 12:35:25,327 [INFO] ImportTextPane:218 - (OptionalMessage_ERROR) IP (RCC) : Invalid parameter (RTCHSEDivFreq_Value)
2025-12-19 12:35:25,327 [INFO] ImportTextPane:218 - (OptionalMessage_ERROR) IP (RCC) : Parameter (SDMMCFreq_Value) has invalid value (72000000)
2025-12-19 12:35:25,327 [INFO] ImportTextPane:218 - (OptionalMessage_ERROR) IP (RCC) : Invalid parameter (SYSCLKSourceVirtual)
2025-12-19 12:35:25,327 [INFO] ImportTextPane:218 - (OptionalMessage_ERROR) IP (RCC) : Invalid parameter (TIM15Freq_Value)
2025-12-19 12:35:25,327 [INFO] ImportTextPane:218 - (OptionalMessage_ERROR) IP (RCC) : Invalid parameter (TIM16Freq_Value)
2025-12-19 12:35:25,328 [INFO] ImportTextPane:218 - (OptionalMessage_ERROR) IP (RCC) : Invalid parameter (TIM17Freq_Value)
2025-12-19 12:35:25,328 [INFO] ImportTextPane:218 - (OptionalMessage_ERROR) IP (RCC) : Invalid parameter (TIM1Freq_Value)
2025-12-19 12:35:25,328 [INFO] ImportTextPane:218 - (OptionalMessage_ERROR) IP (RCC) : Invalid parameter (TIM20Freq_Value)
2025-12-19 12:35:25,328 [INFO] ImportTextPane:218 - (OptionalMessage_ERROR) IP (RCC) : Invalid parameter (TIM2Freq_Value)
2025-12-19 12:35:25,328 [INFO] ImportTextPane:218 - (OptionalMessage_ERROR) IP (RCC) : Invalid parameter (TIM3Freq_Value)
2025-12-19 12:35:25,328 [INFO] ImportTextPane:218 - (OptionalMessage_ERROR) IP (RCC) : Invalid parameter (TIM8Freq_Value)
2025-12-19 12:35:25,329 [INFO] ImportTextPane:218 - (OptionalMessage_ERROR) IP (RCC) : Invalid parameter (VCOOutput2Freq_Value)
2025-12-19 12:35:25,329 [INFO] ImportTextPane:218 - (OptionalMessage_ERROR) IP (RCC) : Invalid parameter (VcooutputI2S)
2025-12-19 12:35:25,873 [INFO] UtilMem:75 - End LoadConfig() Used Memory: 835150032 Bytes (1073741824)
2025-12-19 12:35:25,908 [WARN] ThirdParty:833 - waiting for thirdparty lock release [change project]
2025-12-19 12:35:25,909 [INFO] ThirdParty:835 - entering critical section [change project]
2025-12-19 12:35:25,909 [INFO] ThirdParty:1030 - CMSIS Pack Vendor :STMicroelectronics X-CUBE-PM33A1 1.0.0
2025-12-19 12:35:25,909 [INFO] ThirdParty:1030 - CMSIS Pack Vendor :STMicroelectronics USBPD 4.1
2025-12-19 12:35:25,909 [INFO] ThirdParty:1030 - CMSIS Pack Vendor :STMicroelectronics USB_HOST 2.0.0
2025-12-19 12:35:25,909 [INFO] ThirdParty:1030 - CMSIS Pack Vendor :STMicroelectronics FP-SNS-MOTENVWB1 1.4.0
2025-12-19 12:35:25,909 [INFO] ThirdParty:1030 - CMSIS Pack Vendor :STMicroelectronics X-CUBE-AZRTOS-F4 1.1.0
2025-12-19 12:35:25,909 [INFO] ThirdParty:1030 - CMSIS Pack Vendor :STMicroelectronics LIBJPEG 8.0.0
2025-12-19 12:35:25,909 [INFO] ThirdParty:1030 - CMSIS Pack Vendor :STMicroelectronics FP-ATR-ASTRA1 2.0.2
2025-12-19 12:35:25,909 [INFO] ThirdParty:1030 - CMSIS Pack Vendor :STMicroelectronics FP-ATR-ASTRA1 2.0.1
2025-12-19 12:35:25,909 [INFO] ThirdParty:1030 - CMSIS Pack Vendor :STMicroelectronics X-CUBE-SMBUS 2.1.0
2025-12-19 12:35:25,909 [INFO] ThirdParty:1030 - CMSIS Pack Vendor :STMicroelectronics X-CUBE-WB05N 1.1.0
2025-12-19 12:35:25,909 [INFO] ThirdParty:1030 - CMSIS Pack Vendor :STMicroelectronics X-CUBE-ISPU 2.1.0
2025-12-19 12:35:25,909 [INFO] ThirdParty:1030 - CMSIS Pack Vendor :STMicroelectronics X-CUBE-FREERTOS 1.2.0
2025-12-19 12:35:25,909 [INFO] ThirdParty:1030 - CMSIS Pack Vendor :STMicroelectronics X-CUBE-ST60 1.0.0
2025-12-19 12:35:25,909 [INFO] ThirdParty:1030 - CMSIS Pack Vendor :STMicroelectronics X-CUBE-NFC12 1.0.0
2025-12-19 12:35:25,909 [INFO] ThirdParty:1030 - CMSIS Pack Vendor :STMicroelectronics X-CUBE-AZRTOS-F7 1.1.0
2025-12-19 12:35:25,909 [INFO] ThirdParty:1030 - CMSIS Pack Vendor :STMicroelectronics X-CUBE-AZRTOS-L5 2.0.0
2025-12-19 12:35:25,909 [INFO] ThirdParty:1030 - CMSIS Pack Vendor :STMicroelectronics USB_DEVICE 2.0.0
2025-12-19 12:35:25,909 [INFO] ThirdParty:1030 - CMSIS Pack Vendor :STMicroelectronics X-CUBE-NFC6 3.1.0
2025-12-19 12:35:25,909 [INFO] ThirdParty:1030 - CMSIS Pack Vendor :ARM CMSIS 5.7.0
2025-12-19 12:35:25,909 [INFO] ThirdParty:1030 - CMSIS Pack Vendor :STMicroelectronics X-CUBE-MEMS1 11.0.0
2025-12-19 12:35:25,909 [INFO] ThirdParty:1030 - CMSIS Pack Vendor :STMicroelectronics FreeRTOS 0.0.1
2025-12-19 12:35:25,909 [INFO] ThirdParty:1030 - CMSIS Pack Vendor :STMicroelectronics X-CUBE-DPower 1.2.0
2025-12-19 12:35:25,909 [INFO] ThirdParty:1030 - CMSIS Pack Vendor :STMicroelectronics FP-SNS-FLIGHT1 5.0.2
2025-12-19 12:35:25,909 [INFO] ThirdParty:1030 - CMSIS Pack Vendor :STMicroelectronics PDM2PCM 3.3.0
2025-12-19 12:35:25,909 [INFO] ThirdParty:1030 - CMSIS Pack Vendor :STMicroelectronics X-CUBE-AZRTOS-H7 3.4.0
2025-12-19 12:35:25,909 [INFO] ThirdParty:1030 - CMSIS Pack Vendor :STMicroelectronics X-CUBE-DISPLAY 3.0.0
2025-12-19 12:35:25,909 [INFO] ThirdParty:1030 - CMSIS Pack Vendor :STMicroelectronics X-CUBE-BLE1 7.0.0
2025-12-19 12:35:25,909 [INFO] ThirdParty:1030 - CMSIS Pack Vendor :STMicroelectronics X-CUBE-NFC10 1.0.0
2025-12-19 12:35:25,909 [INFO] ThirdParty:1030 - CMSIS Pack Vendor :STMicroelectronics X-CUBE-BLEMGR 4.0.0
2025-12-19 12:35:25,909 [INFO] ThirdParty:1030 - CMSIS Pack Vendor :STMicroelectronics X-CUBE-FREERTOS 1.3.1
2025-12-19 12:35:25,909 [INFO] ThirdParty:1030 - CMSIS Pack Vendor :STMicroelectronics HAL Drivers 0.0.0
2025-12-19 12:35:25,909 [INFO] ThirdParty:1030 - CMSIS Pack Vendor :STMicroelectronics X-CUBE-ST60 1.1.0
2025-12-19 12:35:25,909 [INFO] ThirdParty:1030 - CMSIS Pack Vendor :emotas I-CUBE-CANOPEN 1.3.0
2025-12-19 12:35:25,909 [INFO] ThirdParty:1030 - CMSIS Pack Vendor :STMicroelectronics X-CUBE-FREERTOS 1.3.0
2025-12-19 12:35:25,909 [INFO] ThirdParty:1030 - CMSIS Pack Vendor :STMicroelectronics X-CUBE-NFC7 1.0.1
2025-12-19 12:35:25,909 [INFO] ThirdParty:1030 - CMSIS Pack Vendor :STMicroelectronics MBEDTLS 2.14.1
2025-12-19 12:35:25,909 [INFO] ThirdParty:1030 - CMSIS Pack Vendor :STMicroelectronics X-CUBE-GNSS1 7.1.0
2025-12-19 12:35:25,909 [INFO] ThirdParty:1030 - CMSIS Pack Vendor :STMicroelectronics X-CUBE-TOUCHGFX 4.26.0
2025-12-19 12:35:25,909 [INFO] ThirdParty:1030 - CMSIS Pack Vendor :STMicroelectronics X-CUBE-BLEMGR 3.1.0
2025-12-19 12:35:25,909 [INFO] ThirdParty:1030 - CMSIS Pack Vendor :STMicroelectronics X-CUBE-AI 10.0.0
2025-12-19 12:35:25,910 [INFO] ThirdParty:1030 - CMSIS Pack Vendor :STMicroelectronics FP-SNS-STAIOTCFT 1.0.0
2025-12-19 12:35:25,910 [INFO] ThirdParty:1030 - CMSIS Pack Vendor :STMicroelectronics FP-SNS-SMARTAG2 1.2.0
2025-12-19 12:35:25,910 [INFO] ThirdParty:1030 - CMSIS Pack Vendor :STMicroelectronics FP-SNS-FLIGHT1 5.1.0
2025-12-19 12:35:25,910 [INFO] ThirdParty:1030 - CMSIS Pack Vendor :STMicroelectronics X-CUBE-MEMS1 11.1.0
2025-12-19 12:35:25,910 [INFO] ThirdParty:1030 - CMSIS Pack Vendor :STMicroelectronics X-CUBE-AZRTOS-WL 2.0.0
2025-12-19 12:35:25,910 [INFO] ThirdParty:1030 - CMSIS Pack Vendor :STMicroelectronics X-CUBE-DPower 1.3.0
2025-12-19 12:35:25,910 [INFO] ThirdParty:1030 - CMSIS Pack Vendor :STMicroelectronics FP-SNS-MOTENV1 5.0.0
2025-12-19 12:35:25,910 [INFO] ThirdParty:1030 - CMSIS Pack Vendor :STMicroelectronics USB_DEVICE 1.0.0
2025-12-19 12:35:25,910 [INFO] ThirdParty:1030 - CMSIS Pack Vendor :STMicroelectronics X-CUBE-AZRTOS-H7RS 1.2.0
2025-12-19 12:35:25,910 [INFO] ThirdParty:1030 - CMSIS Pack Vendor :wolfSSL I-CUBE-wolfMQTT 1.19.0
2025-12-19 12:35:25,910 [INFO] ThirdParty:1030 - CMSIS Pack Vendor :STMicroelectronics X-CUBE-AZRTOS-L4 2.0.0
2025-12-19 12:35:25,910 [INFO] ThirdParty:1030 - CMSIS Pack Vendor :STMicroelectronics ThreadX 0.0.2
2025-12-19 12:35:25,910 [INFO] ThirdParty:1030 - CMSIS Pack Vendor :WES I-CUBE-Cesium 1.3.0
2025-12-19 12:35:25,910 [INFO] ThirdParty:1030 - CMSIS Pack Vendor :STMicroelectronics lwIP 2.1.2
2025-12-19 12:35:25,910 [INFO] ThirdParty:1030 - CMSIS Pack Vendor :STMicroelectronics X-CUBE-SFXS2LP1 4.0.0
2025-12-19 12:35:25,910 [INFO] ThirdParty:1030 - CMSIS Pack Vendor :STMicroelectronics X-CUBE-BLE2 3.3.0
2025-12-19 12:35:25,910 [INFO] ThirdParty:1030 - CMSIS Pack Vendor :Avnet-IOTCONNECT X-CUBE-iotc-st67-sdk 1.0.0
2025-12-19 12:35:25,910 [INFO] ThirdParty:1030 - CMSIS Pack Vendor :STMicroelectronics PDM2PCM 3.2.0
2025-12-19 12:35:25,910 [INFO] ThirdParty:1030 - CMSIS Pack Vendor :STMicroelectronics X-CUBE-AZRTOS-H7 3.3.0
2025-12-19 12:35:25,910 [INFO] ThirdParty:1030 - CMSIS Pack Vendor :STMicroelectronics X-CUBE-NFC9 1.0.0
2025-12-19 12:35:25,910 [INFO] ThirdParty:1030 - CMSIS Pack Vendor :STMicroelectronics X-CUBE-BLE1 7.1.0
2025-12-19 12:35:25,910 [INFO] ThirdParty:1030 - CMSIS Pack Vendor :STMicroelectronics USB_DEVICE 3.0.0
2025-12-19 12:35:25,910 [INFO] ThirdParty:1030 - CMSIS Pack Vendor :STMicroelectronics X-CUBE-TCPP 4.1.0
2025-12-19 12:35:25,910 [INFO] ThirdParty:1030 - CMSIS Pack Vendor :STMicroelectronics X-CUBE-EEPRMA1 5.2.0
2025-12-19 12:35:25,910 [INFO] ThirdParty:1030 - CMSIS Pack Vendor :STMicroelectronics X-CUBE-BLEMGR 4.1.0
2025-12-19 12:35:25,910 [INFO] ThirdParty:1030 - CMSIS Pack Vendor :STMicroelectronics X-CUBE-IPS 3.0.0
2025-12-19 12:35:25,910 [INFO] ThirdParty:1030 - CMSIS Pack Vendor :STMicroelectronics X-CUBE-AZRTOS-WB 2.0.0
2025-12-19 12:35:25,910 [INFO] ThirdParty:1030 - CMSIS Pack Vendor :STMicroelectronics X-CUBE-GNSS1 7.0.0
2025-12-19 12:35:25,910 [INFO] ThirdParty:1030 - CMSIS Pack Vendor :STMicroelectronics X-CUBE-GNSS1 7.0.1
2025-12-19 12:35:25,910 [INFO] ThirdParty:1030 - CMSIS Pack Vendor :STMicroelectronics X-CUBE-TOUCHGFX 4.25.0
2025-12-19 12:35:25,910 [INFO] ThirdParty:1030 - CMSIS Pack Vendor :STMicroelectronics FP-SNS-STBOX1 2.0.0
2025-12-19 12:35:25,910 [INFO] ThirdParty:1030 - CMSIS Pack Vendor :STMicroelectronics X-CUBE-MEMS1 12.0.0
2025-12-19 12:35:25,910 [INFO] ThirdParty:1030 - CMSIS Pack Vendor :STMicroelectronics X-CUBE-AZRTOS-G0 1.1.0
2025-12-19 12:35:25,910 [INFO] ThirdParty:1030 - CMSIS Pack Vendor :STMicroelectronics X-CUBE-SAFEA1 1.2.2
2025-12-19 12:35:25,910 [INFO] ThirdParty:1030 - CMSIS Pack Vendor :STMicroelectronics X-CUBE-NFC4 3.0.0
2025-12-19 12:35:25,910 [INFO] ThirdParty:1030 - CMSIS Pack Vendor :STMicroelectronics X-CUBE-SUBG2 5.0.0
2025-12-19 12:35:25,910 [INFO] ThirdParty:1030 - CMSIS Pack Vendor :STMicroelectronics X-CUBE-AZRTOS-H7RS 1.1.0
2025-12-19 12:35:25,910 [INFO] ThirdParty:1030 - CMSIS Pack Vendor :STMicroelectronics STM32_WPAN 1.0.0
2025-12-19 12:35:25,910 [INFO] ThirdParty:1030 - CMSIS Pack Vendor :EmbeddedOffice I-CUBE-FS-RTOS 1.0.1
2025-12-19 12:35:25,910 [INFO] ThirdParty:1030 - CMSIS Pack Vendor :STMicroelectronics lwIP 2.0.3
2025-12-19 12:35:25,910 [INFO] ThirdParty:1030 - CMSIS Pack Vendor :Cesanta I-CUBE-Mongoose 7.13.0
2025-12-19 12:35:25,910 [INFO] ThirdParty:1030 - CMSIS Pack Vendor :STMicroelectronics USB_HOST 1.0.0
2025-12-19 12:35:25,910 [INFO] ThirdParty:1030 - CMSIS Pack Vendor :STMicroelectronics X-CUBE-AZRTOS-G4 2.0.0
2025-12-19 12:35:25,910 [INFO] ThirdParty:1030 - CMSIS Pack Vendor :STMicroelectronics X-CUBE-WB05N 2.0.0
2025-12-19 12:35:25,910 [INFO] ThirdParty:1030 - CMSIS Pack Vendor :STMicroelectronics PDM2PCM 3.1.0
2025-12-19 12:35:25,910 [INFO] ThirdParty:1030 - CMSIS Pack Vendor :STMicroelectronics X-CUBE-NFC7 2.0.0
2025-12-19 12:35:25,910 [INFO] ThirdParty:1030 - CMSIS Pack Vendor :STMicroelectronics X-CUBE-TCPP 4.2.0
2025-12-19 12:35:25,910 [INFO] ThirdParty:1030 - CMSIS Pack Vendor :RealThread X-CUBE-RT-Thread_Nano 4.1.1
2025-12-19 12:35:25,910 [INFO] ThirdParty:1030 - CMSIS Pack Vendor :STMicroelectronics FP-ATR-SIGFOX1 3.2.0
2025-12-19 12:35:25,910 [INFO] ThirdParty:1030 - CMSIS Pack Vendor :wolfSSL I-CUBE-wolfSSL 5.7.2
2025-12-19 12:35:25,911 [INFO] ThirdParty:1030 - CMSIS Pack Vendor :quantropi X-CUBE-qispace-sdk-base 1.9.3
2025-12-19 12:35:25,911 [INFO] ThirdParty:1030 - CMSIS Pack Vendor :STMicroelectronics X-CUBE-EEPRMA1 5.1.0
2025-12-19 12:35:25,911 [INFO] ThirdParty:1030 - CMSIS Pack Vendor :STMicroelectronics MBEDTLS 2.16.2
2025-12-19 12:35:25,911 [INFO] ThirdParty:1030 - CMSIS Pack Vendor :STMicroelectronics X-CUBE-IPS 3.1.0
2025-12-19 12:35:25,911 [INFO] ThirdParty:1030 - CMSIS Pack Vendor :STMicroelectronics X-CUBE-ALS 1.0.2
2025-12-19 12:35:25,911 [INFO] ThirdParty:1030 - CMSIS Pack Vendor :ITTIA_DB I-CUBE-ITTIADB 8.9.0
2025-12-19 12:35:25,911 [INFO] ThirdParty:1030 - CMSIS Pack Vendor :STMicroelectronics X-CUBE-TOUCHGFX 4.24.1
2025-12-19 12:35:25,911 [INFO] ThirdParty:1030 - CMSIS Pack Vendor :STMicroelectronics X-CUBE-STSE01 1.0.0
2025-12-19 12:35:25,911 [INFO] ThirdParty:1030 - CMSIS Pack Vendor :wolfSSL I-CUBE-wolfTPM 3.4.0
2025-12-19 12:35:25,911 [INFO] ThirdParty:1030 - CMSIS Pack Vendor :portGmbH I-Cube-SoM-uGOAL 1.1.0
2025-12-19 12:35:25,911 [INFO] ThirdParty:1030 - CMSIS Pack Vendor :STMicroelectronics X-CUBE-ST67W61 1.0.0
2025-12-19 12:35:25,911 [INFO] ThirdParty:1030 - CMSIS Pack Vendor :STMicroelectronics X-CUBE-AI 10.2.0
2025-12-19 12:35:25,911 [INFO] ThirdParty:1030 - CMSIS Pack Vendor :STMicroelectronics ThreadX 1.0.0
2025-12-19 12:35:25,911 [INFO] ThirdParty:1030 - CMSIS Pack Vendor :SEGGER I-CUBE-embOS 1.3.1
2025-12-19 12:35:25,911 [INFO] ThirdParty:1030 - CMSIS Pack Vendor :STMicroelectronics X-CUBE-ALGOBUILD 1.4.0
2025-12-19 12:35:25,911 [INFO] ThirdParty:1030 - CMSIS Pack Vendor :STMicroelectronics X-CUBE-MEMS1 11.3.0
2025-12-19 12:35:25,911 [INFO] ThirdParty:1030 - CMSIS Pack Vendor :STMicroelectronics X-CUBE-AZRTOS-H7RS 1.0.0
2025-12-19 12:35:25,911 [INFO] ThirdParty:1030 - CMSIS Pack Vendor :STMicroelectronics FP-ATR-ASTRA1 2.0.0
2025-12-19 12:35:25,911 [INFO] ThirdParty:1030 - CMSIS Pack Vendor :STMicroelectronics X-CUBE-TOF1 3.4.2
2025-12-19 12:35:25,911 [INFO] ThirdParty:1030 - CMSIS Pack Vendor :STMicroelectronics X-CUBE-TOF1 3.4.3
2025-12-19 12:35:25,911 [INFO] ThirdParty:1030 - CMSIS Pack Vendor :STMicroelectronics X-CUBE-AI 9.1.0
2025-12-19 12:35:25,911 [INFO] ThirdParty:1030 - CMSIS Pack Vendor :Infineon AIROC-Wi-Fi-Bluetooth-STM32 1.6.1
2025-12-19 12:35:25,911 [INFO] ThirdParty:1030 - CMSIS Pack Vendor :wolfSSL I-CUBE-wolfSSH 1.4.17
2025-12-19 12:35:25,911 [INFO] ThirdParty:841 - exiting critical section [change project]
2025-12-19 12:35:26,233 [INFO] PinOutPanel:1589 - setPackage(No Configuration,No Configuration)
2025-12-19 12:35:26,234 [INFO] PinOutPanel:1589 - setPackage(STM32F746ZGTx,LQFP144)
2025-12-19 12:35:26,913 [INFO] UtilMem:75 - Before build in PCC Used Memory: 865444192 Bytes (1073741824)
2025-12-19 12:35:27,173 [INFO] UtilMem:75 - After build in PCC Used Memory: 914727264 Bytes (1073741824)
2025-12-19 12:35:27,199 [INFO] IPUIPlugin:80 - create IPUIPlugin
2025-12-19 12:35:27,200 [INFO] IPUIPlugin:80 - create IPUIPlugin
2025-12-19 12:35:27,200 [INFO] IPUIPlugin:80 - create IPUIPlugin
2025-12-19 12:35:27,200 [INFO] IPUIPlugin:80 - create IPUIPlugin
2025-12-19 12:35:27,200 [INFO] IPUIPlugin:80 - create IPUIPlugin
2025-12-19 12:35:27,200 [INFO] IPUIPlugin:80 - create IPUIPlugin
2025-12-19 12:35:27,200 [INFO] IPUIPlugin:80 - create IPUIPlugin
2025-12-19 12:35:27,201 [INFO] IPUIPlugin:80 - create IPUIPlugin
2025-12-19 12:35:27,201 [INFO] IPUIPlugin:80 - create IPUIPlugin
2025-12-19 12:35:27,201 [INFO] IPUIPlugin:80 - create IPUIPlugin
2025-12-19 12:35:27,201 [INFO] IPUIPlugin:80 - create IPUIPlugin
2025-12-19 12:35:27,201 [INFO] IPUIPlugin:80 - create IPUIPlugin
2025-12-19 12:35:27,201 [INFO] IPUIPlugin:80 - create IPUIPlugin
2025-12-19 12:35:27,202 [INFO] IPUIPlugin:80 - create IPUIPlugin
2025-12-19 12:35:27,202 [INFO] IPUIPlugin:80 - create IPUIPlugin
2025-12-19 12:35:27,202 [INFO] IPUIPlugin:80 - create IPUIPlugin
2025-12-19 12:35:27,202 [INFO] IPUIPlugin:80 - create IPUIPlugin
2025-12-19 12:35:27,202 [INFO] IPUIPlugin:80 - create IPUIPlugin
2025-12-19 12:35:27,202 [INFO] IPUIPlugin:80 - create IPUIPlugin
2025-12-19 12:35:27,202 [INFO] IPUIPlugin:80 - create IPUIPlugin
2025-12-19 12:35:27,202 [INFO] IPUIPlugin:80 - create IPUIPlugin
2025-12-19 12:35:27,202 [INFO] IPUIPlugin:80 - create IPUIPlugin
2025-12-19 12:35:27,202 [INFO] IPUIPlugin:80 - create IPUIPlugin
2025-12-19 12:35:27,202 [INFO] IPUIPlugin:80 - create IPUIPlugin
2025-12-19 12:35:27,202 [INFO] IPUIPlugin:80 - create IPUIPlugin
2025-12-19 12:35:27,202 [INFO] IPUIPlugin:80 - create IPUIPlugin
2025-12-19 12:35:27,202 [INFO] IPUIPlugin:80 - create IPUIPlugin
2025-12-19 12:35:27,202 [INFO] IPUIPlugin:80 - create IPUIPlugin
2025-12-19 12:35:27,202 [INFO] IPUIPlugin:80 - create IPUIPlugin
2025-12-19 12:35:27,204 [INFO] IPUIPlugin:80 - create IPUIPlugin
2025-12-19 12:35:27,204 [INFO] IPUIPlugin:80 - create IPUIPlugin
2025-12-19 12:35:27,204 [INFO] IPUIPlugin:80 - create IPUIPlugin
2025-12-19 12:35:27,204 [INFO] IPUIPlugin:80 - create IPUIPlugin
2025-12-19 12:35:27,204 [INFO] IPUIPlugin:80 - create IPUIPlugin
2025-12-19 12:35:27,204 [INFO] IPUIPlugin:80 - create IPUIPlugin
2025-12-19 12:35:27,204 [INFO] IPUIPlugin:80 - create IPUIPlugin
2025-12-19 12:35:27,204 [INFO] IPUIPlugin:80 - create IPUIPlugin
2025-12-19 12:35:27,204 [INFO] IPUIPlugin:80 - create IPUIPlugin
2025-12-19 12:35:27,205 [INFO] IPUIPlugin:80 - create IPUIPlugin
2025-12-19 12:35:27,205 [INFO] IPUIPlugin:80 - create IPUIPlugin
2025-12-19 12:35:27,205 [INFO] IPUIPlugin:80 - create IPUIPlugin
2025-12-19 12:35:27,205 [INFO] IPUIPlugin:80 - create IPUIPlugin
2025-12-19 12:35:27,206 [INFO] IPUIPlugin:80 - create IPUIPlugin
2025-12-19 12:35:27,206 [INFO] IPUIPlugin:80 - create IPUIPlugin
2025-12-19 12:35:27,206 [INFO] IPUIPlugin:80 - create IPUIPlugin
2025-12-19 12:35:27,206 [INFO] IPUIPlugin:80 - create IPUIPlugin
2025-12-19 12:35:27,206 [INFO] IPUIPlugin:80 - create IPUIPlugin
2025-12-19 12:35:27,207 [INFO] IPUIPlugin:80 - create IPUIPlugin
2025-12-19 12:35:27,207 [INFO] IPUIPlugin:80 - create IPUIPlugin
2025-12-19 12:35:27,207 [INFO] IPUIPlugin:80 - create IPUIPlugin
2025-12-19 12:35:27,207 [INFO] IPUIPlugin:80 - create IPUIPlugin
2025-12-19 12:35:27,208 [INFO] IPUIPlugin:80 - create IPUIPlugin
2025-12-19 12:35:27,208 [INFO] IPUIPlugin:80 - create IPUIPlugin
2025-12-19 12:35:27,208 [INFO] IPUIPlugin:80 - create IPUIPlugin
2025-12-19 12:35:27,208 [INFO] IPUIPlugin:80 - create IPUIPlugin
2025-12-19 12:35:27,210 [INFO] IPUIPlugin:80 - create IPUIPlugin
2025-12-19 12:35:27,210 [INFO] IPUIPlugin:80 - create IPUIPlugin
2025-12-19 12:35:27,210 [INFO] IPUIPlugin:80 - create IPUIPlugin
2025-12-19 12:35:27,210 [INFO] IPUIPlugin:80 - create IPUIPlugin
2025-12-19 12:35:27,211 [INFO] IPUIPlugin:80 - create IPUIPlugin
2025-12-19 12:35:27,211 [INFO] IPUIPlugin:80 - create IPUIPlugin
2025-12-19 12:35:27,211 [INFO] IPUIPlugin:80 - create IPUIPlugin
2025-12-19 12:35:27,211 [INFO] IPUIPlugin:80 - create IPUIPlugin
2025-12-19 12:35:27,211 [INFO] IPUIPlugin:80 - create IPUIPlugin
2025-12-19 12:35:27,211 [INFO] IPUIPlugin:80 - create IPUIPlugin
2025-12-19 12:35:27,211 [INFO] IPUIPlugin:80 - create IPUIPlugin
2025-12-19 12:35:27,212 [INFO] IPUIPlugin:80 - create IPUIPlugin
2025-12-19 12:35:27,212 [INFO] IPUIPlugin:80 - create IPUIPlugin
2025-12-19 12:35:27,212 [INFO] IPUIPlugin:80 - create IPUIPlugin
2025-12-19 12:35:27,213 [INFO] IPUIPlugin:80 - create IPUIPlugin
2025-12-19 12:35:27,213 [INFO] IPUIPlugin:80 - create IPUIPlugin
2025-12-19 12:35:27,214 [INFO] IPUIPlugin:80 - create IPUIPlugin
2025-12-19 12:35:27,214 [INFO] IPUIPlugin:80 - create IPUIPlugin
2025-12-19 12:35:27,214 [INFO] IPUIPlugin:80 - create IPUIPlugin
2025-12-19 12:35:27,221 [INFO] ApiDbMcu:508 - Load IP Config File for PDM2PCM
2025-12-19 12:35:27,225 [INFO] Can:71 - Can Add PropertyChangeListener com.st.microxplorer.plugins.ip.can.Can@35336186
2025-12-19 12:35:27,296 [INFO] CADModel:165 - CPN selected for project levelSTM32F746ZGT6
2025-12-19 12:35:27,296 [INFO] CADModel:114 - Register for checkConnection events
2025-12-19 12:35:27,350 [INFO] OpenFileManager:363 - Restore cursor
2025-12-19 12:35:35,898 [INFO] NvicIntPanel:101 - NVIC parent = com.st.microxplorer.plugins.ip.nvic.MultiNvicIntPanel[,0,0,452x361,layout=javax.swing.BoxLayout,alignmentX=0.0,alignmentY=0.0,border=,flags=9,maximumSize=,minimumSize=,preferredSize=]
2025-12-19 12:37:58,635 [INFO] I2cTimingTraitement:330 - 0x00808CD2
2025-12-19 12:43:18,859 [INFO] MainUpdater:2872 - connection check result : 10
2025-12-19 12:43:18,859 [INFO] MainUpdater:2872 - connection check result : 10
2025-12-19 12:43:18,951 [INFO] I2cTimingTraitement:330 - 0x00808CD2
2025-12-19 12:43:18,959 [INFO] MicroXplorer:468 - Change Database Path : 
2025-12-19 12:43:18,959 [INFO] MicroXplorer:498 - Change Database Version : DB.6.0.130
2025-12-19 12:43:18,979 [ERROR] ProjectManagerView:394 - 
java.lang.NullPointerException: Cannot invoke "javax.swing.JTextField.getText()" because the return value of "java.util.List.get(int)" is null
	at com.st.microxplorer.plugins.projectmanager.gui.ProjectChoiceTab$9.caretUpdate(ProjectChoiceTab.java:2616) ~[filemanager.jar:?]
	at javax.swing.text.JTextComponent.fireCaretUpdate(JTextComponent.java:408) ~[?:?]
	at javax.swing.text.JTextComponent$MutableCaretEvent.fire(JTextComponent.java:4484) ~[?:?]
	at javax.swing.text.JTextComponent$MutableCaretEvent.stateChanged(JTextComponent.java:4506) ~[?:?]
	at javax.swing.text.DefaultCaret.fireStateChanged(DefaultCaret.java:857) ~[?:?]
	at javax.swing.text.DefaultCaret.changeCaretPosition(DefaultCaret.java:1343) ~[?:?]
	at javax.swing.text.DefaultCaret.handleSetDot(DefaultCaret.java:1242) ~[?:?]
	at javax.swing.text.DefaultCaret.setDot(DefaultCaret.java:1223) ~[?:?]
	at javax.swing.text.DefaultCaret$Handler.insertUpdate(DefaultCaret.java:1819) ~[?:?]
	at javax.swing.text.AbstractDocument.fireInsertUpdate(AbstractDocument.java:227) ~[?:?]
	at javax.swing.text.AbstractDocument.handleInsertString(AbstractDocument.java:781) ~[?:?]
	at javax.swing.text.AbstractDocument.insertString(AbstractDocument.java:740) ~[?:?]
	at javax.swing.text.PlainDocument.insertString(PlainDocument.java:131) ~[?:?]
	at javax.swing.text.AbstractDocument.replace(AbstractDocument.java:699) ~[?:?]
	at javax.swing.text.JTextComponent.setText(JTextComponent.java:1725) ~[?:?]
	at com.st.microxplorer.plugins.projectmanager.gui.ProjectChoiceTab.createHeapStackFields(ProjectChoiceTab.java:975) ~[filemanager.jar:?]
	at com.st.microxplorer.plugins.projectmanager.gui.ProjectChoiceTab.buildLinkSettingsPanel(ProjectChoiceTab.java:3666) ~[filemanager.jar:?]
	at com.st.microxplorer.plugins.projectmanager.gui.ProjectChoiceTab.defineWindowsFields(ProjectChoiceTab.java:1934) ~[filemanager.jar:?]
	at com.st.microxplorer.plugins.projectmanager.gui.ProjectChoiceTab.updateSettings(ProjectChoiceTab.java:553) ~[filemanager.jar:?]
	at com.st.microxplorer.plugins.projectmanager.gui.ProjectSettingsPanel.UpdateDialog(ProjectSettingsPanel.java:245) ~[filemanager.jar:?]
	at com.st.microxplorer.plugins.projectmanager.ProjectManagerView.propertyChange(ProjectManagerView.java:391) ~[filemanager.jar:?]
	at java.beans.PropertyChangeSupport.fire(PropertyChangeSupport.java:343) ~[?:?]
	at java.beans.PropertyChangeSupport.firePropertyChange(PropertyChangeSupport.java:335) ~[?:?]
	at java.beans.PropertyChangeSupport.firePropertyChange(PropertyChangeSupport.java:268) ~[?:?]
	at com.st.microxplorer.util.MXPropertyChangeSupport.firePropertyChange(MXPropertyChangeSupport.java:54) ~[STM32CubeMX.jar:?]
	at com.st.microxplorer.mxsystem.MxSystem.closeConfig(MxSystem.java:899) ~[STM32CubeMX.jar:?]
	at com.st.microxplorer.maingui.MainPanel.closeConfig(MainPanel.java:789) ~[STM32CubeMX.jar:?]
	at com.st.microxplorer.plugins.filemanager.engine.OpenFileManager.loadConfigurationFile(OpenFileManager.java:265) ~[filemanager.jar:?]
	at com.st.microxplorer.plugins.filemanager.engine.MainFileManager.userLoadConfig(MainFileManager.java:340) ~[filemanager.jar:?]
	at com.st.microxplorer.plugins.filemanager.engine.MainFileManager.userLoadConfig(MainFileManager.java:318) ~[filemanager.jar:?]
	at com.st.microxplorer.plugins.filemanager.FileManagerView.getSpecificTask(FileManagerView.java:246) ~[filemanager.jar:?]
	at com.st.stm32cube.common.mx.editor.CubeMxEditor.getMxTabbedPaneInstance(CubeMxEditor.java:1198) ~[com.st.stm32cube.common.mx_6.13.0.202411220809/:?]
	at com.st.stm32cube.common.mx.editor.CubeMxEditor$12$1.createSwingComponent(CubeMxEditor.java:1068) ~[com.st.stm32cube.common.mx_6.13.0.202411220809/:?]
	at com.st.stm32cube.common.mx.oss.core.awtswtbridge.EmbeddedSwingComposite.doComponentCreation(EmbeddedSwingComposite.java:492) ~[com.st.stm32cube.common.mx.oss_6.13.0.202411220809/:?]
	at com.st.stm32cube.common.mx.oss.core.awtswtbridge.EmbeddedSwingComposite$4.run(EmbeddedSwingComposite.java:291) ~[com.st.stm32cube.common.mx.oss_6.13.0.202411220809/:?]
	at com.st.stm32cube.common.mx.oss.core.awtswtbridge.AwtEnvironment$2.run(AwtEnvironment.java:166) ~[com.st.stm32cube.common.mx.oss_6.13.0.202411220809/:?]
	at java.awt.event.InvocationEvent.dispatch(InvocationEvent.java:318) ~[?:?]
	at java.awt.EventQueue.dispatchEventImpl(EventQueue.java:773) ~[?:?]
	at java.awt.EventQueue$4.run(EventQueue.java:720) ~[?:?]
	at java.awt.EventQueue$4.run(EventQueue.java:714) ~[?:?]
	at java.security.AccessController.doPrivileged(AccessController.java:400) ~[?:?]
	at java.security.ProtectionDomain$JavaSecurityAccessImpl.doIntersectionPrivilege(ProtectionDomain.java:87) ~[?:?]
	at java.awt.EventQueue.dispatchEvent(EventQueue.java:742) ~[?:?]
	at java.awt.EventDispatchThread.pumpOneEventForFilters(EventDispatchThread.java:203) ~[?:?]
	at java.awt.EventDispatchThread.pumpEventsForFilter(EventDispatchThread.java:124) ~[?:?]
	at java.awt.EventDispatchThread.pumpEventsForHierarchy(EventDispatchThread.java:113) ~[?:?]
	at java.awt.EventDispatchThread.pumpEvents(EventDispatchThread.java:109) ~[?:?]
	at java.awt.EventDispatchThread.pumpEvents(EventDispatchThread.java:101) ~[?:?]
	at java.awt.EventDispatchThread.run(EventDispatchThread.java:90) ~[?:?]
2025-12-19 12:43:18,980 [WARN] ThirdParty:871 - waiting for thirdparty lock release [close project]
2025-12-19 12:43:18,980 [INFO] ThirdParty:873 - entering critical section [close project]
2025-12-19 12:43:18,980 [INFO] ThirdParty:883 - exiting critical section [close project]
2025-12-19 12:43:18,984 [INFO] PinOutPanel:1589 - setPackage(No Configuration,No Configuration)
2025-12-19 12:43:18,992 [WARN] IpParametersView:154 - Warning: This peripheral hasn't parameters
2025-12-19 12:43:18,996 [WARN] MainPanel:289 - <html><b><center>Warning: This peripheral has no parameters to be configured<br></b></html>
2025-12-19 12:43:18,997 [ERROR] MainPanel:599 - java.lang.IndexOutOfBoundsException: Index: 0, Tab count: 0
2025-12-19 12:43:19,001 [INFO] UtilMem:75 - Begin LoadConfig() Used Memory: 896805504 Bytes (1073741824)
2025-12-19 12:43:19,002 [INFO] MicroXplorer:468 - Change Database Path : 
2025-12-19 12:43:19,002 [INFO] MicroXplorer:498 - Change Database Version : DB.6.0.130
2025-12-19 12:43:19,003 [INFO] OpenFileManager:332 - Change cursor
2025-12-19 12:43:19,021 [INFO] Mcu:2035 - Initializing MCU STM32H743IITx STM32H743IITx STM32H743IIT6
2025-12-19 12:43:22,555 [INFO] Context:748 - Trying to add GPIOservice into a context  which must be forbidden
2025-12-19 12:43:23,907 [INFO] RtosManager:555 - Registered RTOS mode: class=CMSIS, group=RTOS, mode=CMSIS_V1, owner=FREERTOS
2025-12-19 12:43:23,907 [INFO] RtosManager:555 - Registered RTOS mode: class=CMSIS, group=RTOS2, mode=CMSIS_V2, owner=FREERTOS
2025-12-19 12:43:23,907 [INFO] RtosManager:555 - Registered RTOS mode: class=RTOS, group=Core, mode=CMSIS_V1, owner=FREERTOS
2025-12-19 12:43:23,907 [INFO] RtosManager:555 - Registered RTOS mode: class=RTOS, group=Core, mode=CMSIS_V2, owner=FREERTOS
2025-12-19 12:43:23,907 [WARN] ModelIntegratedComponent:184 - Missing modes for component STMicroelectronics:FreeRTOS:0.0.1:STMicroelectronics:RTOS:FreeRTOS:Core:::10.2.0:
2025-12-19 12:43:23,911 [WARN] ModelIntegratedComponent:63 - No mode defined for component null
2025-12-19 12:43:23,911 [WARN] ModelIntegratedComponent:63 - No mode defined for component null
2025-12-19 12:43:23,911 [WARN] ModelIntegratedComponent:63 - No mode defined for component null
2025-12-19 12:43:23,911 [WARN] ModelIntegratedComponent:63 - No mode defined for component null
2025-12-19 12:43:23,911 [WARN] ModelIntegratedComponent:63 - No mode defined for component null
2025-12-19 12:43:23,911 [WARN] ModelIntegratedComponent:63 - No mode defined for component null
2025-12-19 12:43:23,912 [WARN] ModelIntegratedComponent:63 - No mode defined for component null
2025-12-19 12:43:23,912 [WARN] ModelIntegratedComponent:63 - No mode defined for component null
2025-12-19 12:43:23,912 [WARN] ModelIntegratedComponent:63 - No mode defined for component null
2025-12-19 12:43:23,912 [WARN] ModelIntegratedComponent:63 - No mode defined for component null
2025-12-19 12:43:23,912 [WARN] ModelIntegratedComponent:63 - No mode defined for component null
2025-12-19 12:43:23,912 [WARN] ModelIntegratedComponent:63 - No mode defined for component null
2025-12-19 12:43:23,912 [WARN] ModelIntegratedComponent:63 - No mode defined for component null
2025-12-19 12:43:23,912 [WARN] ModelIntegratedComponent:63 - No mode defined for component null
2025-12-19 12:43:23,912 [WARN] ModelIntegratedComponent:63 - No mode defined for component null
2025-12-19 12:43:23,912 [WARN] ModelIntegratedComponent:63 - No mode defined for component null
2025-12-19 12:43:23,912 [WARN] ModelIntegratedComponent:63 - No mode defined for component null
2025-12-19 12:43:23,912 [WARN] ModelIntegratedComponent:63 - No mode defined for component null
2025-12-19 12:43:23,912 [WARN] ModelIntegratedComponent:63 - No mode defined for component null
2025-12-19 12:43:23,912 [WARN] ModelIntegratedComponent:63 - No mode defined for component null
2025-12-19 12:43:23,912 [WARN] ModelIntegratedComponent:63 - No mode defined for component null
2025-12-19 12:43:23,912 [WARN] ModelIntegratedComponent:63 - No mode defined for component null
2025-12-19 12:43:23,912 [WARN] ModelIntegratedComponent:63 - No mode defined for component null
2025-12-19 12:43:23,912 [WARN] ModelIntegratedComponent:63 - No mode defined for component null
2025-12-19 12:43:23,912 [WARN] ModelIntegratedComponent:63 - No mode defined for component null
2025-12-19 12:43:23,913 [WARN] ModelIntegratedComponent:63 - No mode defined for component null
2025-12-19 12:43:23,913 [WARN] ModelIntegratedComponent:63 - No mode defined for component null
2025-12-19 12:43:23,913 [WARN] ModelIntegratedComponent:63 - No mode defined for component null
2025-12-19 12:43:23,913 [WARN] ModelIntegratedComponent:63 - No mode defined for component null
2025-12-19 12:43:23,913 [WARN] ModelIntegratedComponent:63 - No mode defined for component null
2025-12-19 12:43:23,913 [WARN] ModelIntegratedComponent:63 - No mode defined for component null
2025-12-19 12:43:23,913 [WARN] ModelIntegratedComponent:63 - No mode defined for component null
2025-12-19 12:43:23,913 [WARN] ModelIntegratedComponent:63 - No mode defined for component null
2025-12-19 12:43:23,913 [WARN] ModelIntegratedComponent:63 - No mode defined for component null
2025-12-19 12:43:23,913 [WARN] ModelIntegratedComponent:63 - No mode defined for component null
2025-12-19 12:43:23,913 [WARN] ModelPack:524 - Component already loaded: STMicroelectronics:HAL Drivers:0.0.0:STMicroelectronics:Device:STMicro_Driver:XSPI:HAL::0.0.1:HAL_XSPI
2025-12-19 12:43:24,039 [INFO] ThirdPartyModel:298 - Start build external matchings
2025-12-19 12:43:24,860 [INFO] ThirdPartyModel:316 - End build external matchings
2025-12-19 12:43:24,888 [WARN] IP:2251 - ClockDivider not found: check if there is a RefParameter without a condition.
2025-12-19 12:43:24,888 [WARN] IP:2251 - ClockDividerCCU not found: check if there is a RefParameter without a condition.
2025-12-19 12:43:24,888 [WARN] IP:2251 - MinOscClkPeriodsCCU not found: check if there is a RefParameter without a condition.
2025-12-19 12:43:24,888 [WARN] IP:2251 - TimeQuantaPerBitTimeCCU not found: check if there is a RefParameter without a condition.
2025-12-19 12:43:24,888 [WARN] IP:2251 - WatchdogStartValueCCU not found: check if there is a RefParameter without a condition.
2025-12-19 12:43:24,889 [INFO] ImportTextPane:218 - (OptionalMessage_ERROR) IP (RCC) : Parameter (ADCFreq_Value) has invalid value (129000000)
2025-12-19 12:43:24,894 [INFO] ImportTextPane:218 - (OptionalMessage_ERROR) IP (RCC) : Invalid parameter (FamilyName)
2025-12-19 12:43:24,894 [INFO] ImportTextPane:218 - (OptionalMessage_ERROR) IP (RCC) : Parameter (LPTIM1Freq_Value) has invalid value (64000000)
2025-12-19 12:43:24,894 [INFO] ImportTextPane:218 - (OptionalMessage_ERROR) IP (RCC) : Parameter (LPTIM2Freq_Value) has invalid value (64000000)
2025-12-19 12:43:24,894 [INFO] ImportTextPane:218 - (OptionalMessage_ERROR) IP (RCC) : Parameter (LPTIM345Freq_Value) has invalid value (64000000)
2025-12-19 12:43:24,894 [INFO] ImportTextPane:218 - (OptionalMessage_ERROR) IP (RCC) : Parameter (LPUART1Freq_Value) has invalid value (64000000)
2025-12-19 12:43:24,894 [INFO] ImportTextPane:218 - (OptionalMessage_ERROR) IP (RCC) : Parameter (SPI45Freq_Value) has invalid value (64000000)
2025-12-19 12:43:24,894 [INFO] ImportTextPane:218 - (OptionalMessage_ERROR) IP (RCC) : Parameter (SPI6Freq_Value) has invalid value (64000000)
2025-12-19 12:43:24,894 [INFO] ImportTextPane:218 - (OptionalMessage_ERROR) IP (RCC) : Parameter (SWPMI1Freq_Value) has invalid value (64000000)
2025-12-19 12:43:24,894 [INFO] ImportTextPane:218 - (OptionalMessage_ERROR) IP (RCC) : Parameter (USART16Freq_Value) has invalid value (64000000)
2025-12-19 12:43:24,894 [INFO] ImportTextPane:218 - (OptionalMessage_ERROR) IP (RCC) : Parameter (USART234578Freq_Value) has invalid value (64000000)
2025-12-19 12:43:25,735 [INFO] UtilMem:75 - End LoadConfig() Used Memory: 802000016 Bytes (1073741824)
2025-12-19 12:43:25,823 [WARN] ThirdParty:833 - waiting for thirdparty lock release [change project]
2025-12-19 12:43:25,823 [INFO] ThirdParty:835 - entering critical section [change project]
2025-12-19 12:43:25,823 [INFO] ThirdParty:1030 - CMSIS Pack Vendor :STMicroelectronics X-CUBE-PM33A1 1.0.0
2025-12-19 12:43:25,823 [INFO] ThirdParty:1030 - CMSIS Pack Vendor :STMicroelectronics USBPD 4.1
2025-12-19 12:43:25,823 [INFO] ThirdParty:1030 - CMSIS Pack Vendor :STMicroelectronics USB_HOST 2.0.0
2025-12-19 12:43:25,823 [INFO] ThirdParty:1030 - CMSIS Pack Vendor :STMicroelectronics FP-SNS-MOTENVWB1 1.4.0
2025-12-19 12:43:25,823 [INFO] ThirdParty:1030 - CMSIS Pack Vendor :STMicroelectronics X-CUBE-AZRTOS-F4 1.1.0
2025-12-19 12:43:25,824 [INFO] ThirdParty:1030 - CMSIS Pack Vendor :STMicroelectronics LIBJPEG 8.0.0
2025-12-19 12:43:25,824 [INFO] ThirdParty:1030 - CMSIS Pack Vendor :STMicroelectronics FP-ATR-ASTRA1 2.0.2
2025-12-19 12:43:25,824 [INFO] ThirdParty:1030 - CMSIS Pack Vendor :STMicroelectronics FP-ATR-ASTRA1 2.0.1
2025-12-19 12:43:25,824 [INFO] ThirdParty:1030 - CMSIS Pack Vendor :STMicroelectronics X-CUBE-SMBUS 2.1.0
2025-12-19 12:43:25,824 [INFO] ThirdParty:1030 - CMSIS Pack Vendor :STMicroelectronics X-CUBE-WB05N 1.1.0
2025-12-19 12:43:25,824 [INFO] ThirdParty:1030 - CMSIS Pack Vendor :STMicroelectronics X-CUBE-ISPU 2.1.0
2025-12-19 12:43:25,824 [INFO] ThirdParty:1030 - CMSIS Pack Vendor :STMicroelectronics X-CUBE-FREERTOS 1.2.0
2025-12-19 12:43:25,824 [INFO] ThirdParty:1030 - CMSIS Pack Vendor :STMicroelectronics X-CUBE-ST60 1.0.0
2025-12-19 12:43:25,824 [INFO] ThirdParty:1030 - CMSIS Pack Vendor :STMicroelectronics X-CUBE-NFC12 1.0.0
2025-12-19 12:43:25,824 [INFO] ThirdParty:1030 - CMSIS Pack Vendor :STMicroelectronics X-CUBE-AZRTOS-F7 1.1.0
2025-12-19 12:43:25,824 [INFO] ThirdParty:1030 - CMSIS Pack Vendor :STMicroelectronics X-CUBE-AZRTOS-L5 2.0.0
2025-12-19 12:43:25,824 [INFO] ThirdParty:1030 - CMSIS Pack Vendor :STMicroelectronics USB_DEVICE 2.0.0
2025-12-19 12:43:25,824 [INFO] ThirdParty:1030 - CMSIS Pack Vendor :STMicroelectronics X-CUBE-NFC6 3.1.0
2025-12-19 12:43:25,824 [INFO] ThirdParty:1030 - CMSIS Pack Vendor :ARM CMSIS 5.7.0
2025-12-19 12:43:25,824 [INFO] ThirdParty:1030 - CMSIS Pack Vendor :STMicroelectronics X-CUBE-MEMS1 11.0.0
2025-12-19 12:43:25,824 [INFO] ThirdParty:1030 - CMSIS Pack Vendor :STMicroelectronics FreeRTOS 0.0.1
2025-12-19 12:43:25,824 [INFO] ThirdParty:1030 - CMSIS Pack Vendor :STMicroelectronics X-CUBE-DPower 1.2.0
2025-12-19 12:43:25,824 [INFO] ThirdParty:1030 - CMSIS Pack Vendor :STMicroelectronics FP-SNS-FLIGHT1 5.0.2
2025-12-19 12:43:25,825 [INFO] ThirdParty:1030 - CMSIS Pack Vendor :STMicroelectronics PDM2PCM 3.3.0
2025-12-19 12:43:25,825 [INFO] ThirdParty:1030 - CMSIS Pack Vendor :STMicroelectronics X-CUBE-AZRTOS-H7 3.4.0
2025-12-19 12:43:25,825 [INFO] ThirdParty:1030 - CMSIS Pack Vendor :STMicroelectronics X-CUBE-DISPLAY 3.0.0
2025-12-19 12:43:25,825 [INFO] ThirdParty:1030 - CMSIS Pack Vendor :STMicroelectronics X-CUBE-BLE1 7.0.0
2025-12-19 12:43:25,825 [INFO] ThirdParty:1030 - CMSIS Pack Vendor :STMicroelectronics X-CUBE-NFC10 1.0.0
2025-12-19 12:43:25,825 [INFO] ThirdParty:1030 - CMSIS Pack Vendor :STMicroelectronics X-CUBE-BLEMGR 4.0.0
2025-12-19 12:43:25,825 [INFO] ThirdParty:1030 - CMSIS Pack Vendor :STMicroelectronics X-CUBE-FREERTOS 1.3.1
2025-12-19 12:43:25,825 [INFO] ThirdParty:1030 - CMSIS Pack Vendor :STMicroelectronics HAL Drivers 0.0.0
2025-12-19 12:43:25,825 [INFO] ThirdParty:1030 - CMSIS Pack Vendor :STMicroelectronics X-CUBE-ST60 1.1.0
2025-12-19 12:43:25,825 [INFO] ThirdParty:1030 - CMSIS Pack Vendor :emotas I-CUBE-CANOPEN 1.3.0
2025-12-19 12:43:25,825 [INFO] ThirdParty:1030 - CMSIS Pack Vendor :STMicroelectronics X-CUBE-FREERTOS 1.3.0
2025-12-19 12:43:25,825 [INFO] ThirdParty:1030 - CMSIS Pack Vendor :STMicroelectronics X-CUBE-NFC7 1.0.1
2025-12-19 12:43:25,825 [INFO] ThirdParty:1030 - CMSIS Pack Vendor :STMicroelectronics MBEDTLS 2.14.1
2025-12-19 12:43:25,826 [INFO] ThirdParty:1030 - CMSIS Pack Vendor :STMicroelectronics X-CUBE-GNSS1 7.1.0
2025-12-19 12:43:25,826 [INFO] ThirdParty:1030 - CMSIS Pack Vendor :STMicroelectronics X-CUBE-TOUCHGFX 4.26.0
2025-12-19 12:43:25,826 [INFO] ThirdParty:1030 - CMSIS Pack Vendor :STMicroelectronics X-CUBE-BLEMGR 3.1.0
2025-12-19 12:43:25,826 [INFO] ThirdParty:1030 - CMSIS Pack Vendor :STMicroelectronics X-CUBE-AI 10.0.0
2025-12-19 12:43:25,827 [INFO] ThirdParty:1030 - CMSIS Pack Vendor :STMicroelectronics FP-SNS-STAIOTCFT 1.0.0
2025-12-19 12:43:25,827 [INFO] ThirdParty:1030 - CMSIS Pack Vendor :STMicroelectronics FP-SNS-SMARTAG2 1.2.0
2025-12-19 12:43:25,827 [INFO] ThirdParty:1030 - CMSIS Pack Vendor :STMicroelectronics FP-SNS-FLIGHT1 5.1.0
2025-12-19 12:43:25,827 [INFO] ThirdParty:1030 - CMSIS Pack Vendor :STMicroelectronics X-CUBE-MEMS1 11.1.0
2025-12-19 12:43:25,827 [INFO] ThirdParty:1030 - CMSIS Pack Vendor :STMicroelectronics X-CUBE-AZRTOS-WL 2.0.0
2025-12-19 12:43:25,828 [INFO] ThirdParty:1030 - CMSIS Pack Vendor :STMicroelectronics X-CUBE-DPower 1.3.0
2025-12-19 12:43:25,828 [INFO] ThirdParty:1030 - CMSIS Pack Vendor :STMicroelectronics FP-SNS-MOTENV1 5.0.0
2025-12-19 12:43:25,828 [INFO] ThirdParty:1030 - CMSIS Pack Vendor :STMicroelectronics USB_DEVICE 1.0.0
2025-12-19 12:43:25,828 [INFO] ThirdParty:1030 - CMSIS Pack Vendor :STMicroelectronics X-CUBE-AZRTOS-H7RS 1.2.0
2025-12-19 12:43:25,828 [INFO] ThirdParty:1030 - CMSIS Pack Vendor :wolfSSL I-CUBE-wolfMQTT 1.19.0
2025-12-19 12:43:25,828 [INFO] ThirdParty:1030 - CMSIS Pack Vendor :STMicroelectronics X-CUBE-AZRTOS-L4 2.0.0
2025-12-19 12:43:25,828 [INFO] ThirdParty:1030 - CMSIS Pack Vendor :STMicroelectronics ThreadX 0.0.2
2025-12-19 12:43:25,828 [INFO] ThirdParty:1030 - CMSIS Pack Vendor :WES I-CUBE-Cesium 1.3.0
2025-12-19 12:43:25,828 [INFO] ThirdParty:1030 - CMSIS Pack Vendor :STMicroelectronics lwIP 2.1.2
2025-12-19 12:43:25,828 [INFO] ThirdParty:1030 - CMSIS Pack Vendor :STMicroelectronics X-CUBE-SFXS2LP1 4.0.0
2025-12-19 12:43:25,829 [INFO] ThirdParty:1030 - CMSIS Pack Vendor :STMicroelectronics X-CUBE-BLE2 3.3.0
2025-12-19 12:43:25,829 [INFO] ThirdParty:1030 - CMSIS Pack Vendor :Avnet-IOTCONNECT X-CUBE-iotc-st67-sdk 1.0.0
2025-12-19 12:43:25,829 [INFO] ThirdParty:1030 - CMSIS Pack Vendor :STMicroelectronics PDM2PCM 3.2.0
2025-12-19 12:43:25,829 [INFO] ThirdParty:1030 - CMSIS Pack Vendor :STMicroelectronics X-CUBE-AZRTOS-H7 3.3.0
2025-12-19 12:43:25,829 [INFO] ThirdParty:1030 - CMSIS Pack Vendor :STMicroelectronics X-CUBE-NFC9 1.0.0
2025-12-19 12:43:25,829 [INFO] ThirdParty:1030 - CMSIS Pack Vendor :STMicroelectronics X-CUBE-BLE1 7.1.0
2025-12-19 12:43:25,829 [INFO] ThirdParty:1030 - CMSIS Pack Vendor :STMicroelectronics USB_DEVICE 3.0.0
2025-12-19 12:43:25,829 [INFO] ThirdParty:1030 - CMSIS Pack Vendor :STMicroelectronics X-CUBE-TCPP 4.1.0
2025-12-19 12:43:25,829 [INFO] ThirdParty:1030 - CMSIS Pack Vendor :STMicroelectronics X-CUBE-EEPRMA1 5.2.0
2025-12-19 12:43:25,829 [INFO] ThirdParty:1030 - CMSIS Pack Vendor :STMicroelectronics X-CUBE-BLEMGR 4.1.0
2025-12-19 12:43:25,829 [INFO] ThirdParty:1030 - CMSIS Pack Vendor :STMicroelectronics X-CUBE-IPS 3.0.0
2025-12-19 12:43:25,830 [INFO] ThirdParty:1030 - CMSIS Pack Vendor :STMicroelectronics X-CUBE-AZRTOS-WB 2.0.0
2025-12-19 12:43:25,830 [INFO] ThirdParty:1030 - CMSIS Pack Vendor :STMicroelectronics X-CUBE-GNSS1 7.0.0
2025-12-19 12:43:25,830 [INFO] ThirdParty:1030 - CMSIS Pack Vendor :STMicroelectronics X-CUBE-GNSS1 7.0.1
2025-12-19 12:43:25,830 [INFO] ThirdParty:1030 - CMSIS Pack Vendor :STMicroelectronics X-CUBE-TOUCHGFX 4.25.0
2025-12-19 12:43:25,830 [INFO] ThirdParty:1030 - CMSIS Pack Vendor :STMicroelectronics FP-SNS-STBOX1 2.0.0
2025-12-19 12:43:25,830 [INFO] ThirdParty:1030 - CMSIS Pack Vendor :STMicroelectronics X-CUBE-MEMS1 12.0.0
2025-12-19 12:43:25,830 [INFO] ThirdParty:1030 - CMSIS Pack Vendor :STMicroelectronics X-CUBE-AZRTOS-G0 1.1.0
2025-12-19 12:43:25,830 [INFO] ThirdParty:1030 - CMSIS Pack Vendor :STMicroelectronics X-CUBE-SAFEA1 1.2.2
2025-12-19 12:43:25,830 [INFO] ThirdParty:1030 - CMSIS Pack Vendor :STMicroelectronics X-CUBE-NFC4 3.0.0
2025-12-19 12:43:25,830 [INFO] ThirdParty:1030 - CMSIS Pack Vendor :STMicroelectronics X-CUBE-SUBG2 5.0.0
2025-12-19 12:43:25,830 [INFO] ThirdParty:1030 - CMSIS Pack Vendor :STMicroelectronics X-CUBE-AZRTOS-H7RS 1.1.0
2025-12-19 12:43:25,830 [INFO] ThirdParty:1030 - CMSIS Pack Vendor :STMicroelectronics STM32_WPAN 1.0.0
2025-12-19 12:43:25,830 [INFO] ThirdParty:1030 - CMSIS Pack Vendor :EmbeddedOffice I-CUBE-FS-RTOS 1.0.1
2025-12-19 12:43:25,830 [INFO] ThirdParty:1030 - CMSIS Pack Vendor :STMicroelectronics lwIP 2.0.3
2025-12-19 12:43:25,830 [INFO] ThirdParty:1030 - CMSIS Pack Vendor :Cesanta I-CUBE-Mongoose 7.13.0
2025-12-19 12:43:25,831 [INFO] ThirdParty:1030 - CMSIS Pack Vendor :STMicroelectronics USB_HOST 1.0.0
2025-12-19 12:43:25,831 [INFO] ThirdParty:1030 - CMSIS Pack Vendor :STMicroelectronics X-CUBE-AZRTOS-G4 2.0.0
2025-12-19 12:43:25,831 [INFO] ThirdParty:1030 - CMSIS Pack Vendor :STMicroelectronics X-CUBE-WB05N 2.0.0
2025-12-19 12:43:25,831 [INFO] ThirdParty:1030 - CMSIS Pack Vendor :STMicroelectronics PDM2PCM 3.1.0
2025-12-19 12:43:25,831 [INFO] ThirdParty:1030 - CMSIS Pack Vendor :STMicroelectronics X-CUBE-NFC7 2.0.0
2025-12-19 12:43:25,831 [INFO] ThirdParty:1030 - CMSIS Pack Vendor :STMicroelectronics X-CUBE-TCPP 4.2.0
2025-12-19 12:43:25,831 [INFO] ThirdParty:1030 - CMSIS Pack Vendor :RealThread X-CUBE-RT-Thread_Nano 4.1.1
2025-12-19 12:43:25,831 [INFO] ThirdParty:1030 - CMSIS Pack Vendor :STMicroelectronics FP-ATR-SIGFOX1 3.2.0
2025-12-19 12:43:25,831 [INFO] ThirdParty:1030 - CMSIS Pack Vendor :wolfSSL I-CUBE-wolfSSL 5.7.2
2025-12-19 12:43:25,831 [INFO] ThirdParty:1030 - CMSIS Pack Vendor :quantropi X-CUBE-qispace-sdk-base 1.9.3
2025-12-19 12:43:25,831 [INFO] ThirdParty:1030 - CMSIS Pack Vendor :STMicroelectronics X-CUBE-EEPRMA1 5.1.0
2025-12-19 12:43:25,831 [INFO] ThirdParty:1030 - CMSIS Pack Vendor :STMicroelectronics MBEDTLS 2.16.2
2025-12-19 12:43:25,832 [INFO] ThirdParty:1030 - CMSIS Pack Vendor :STMicroelectronics X-CUBE-IPS 3.1.0
2025-12-19 12:43:25,832 [INFO] ThirdParty:1030 - CMSIS Pack Vendor :STMicroelectronics X-CUBE-ALS 1.0.2
2025-12-19 12:43:25,832 [INFO] ThirdParty:1030 - CMSIS Pack Vendor :ITTIA_DB I-CUBE-ITTIADB 8.9.0
2025-12-19 12:43:25,832 [INFO] ThirdParty:1030 - CMSIS Pack Vendor :STMicroelectronics X-CUBE-TOUCHGFX 4.24.1
2025-12-19 12:43:25,832 [INFO] ThirdParty:1030 - CMSIS Pack Vendor :STMicroelectronics X-CUBE-STSE01 1.0.0
2025-12-19 12:43:25,832 [INFO] ThirdParty:1030 - CMSIS Pack Vendor :wolfSSL I-CUBE-wolfTPM 3.4.0
2025-12-19 12:43:25,832 [INFO] ThirdParty:1030 - CMSIS Pack Vendor :portGmbH I-Cube-SoM-uGOAL 1.1.0
2025-12-19 12:43:25,832 [INFO] ThirdParty:1030 - CMSIS Pack Vendor :STMicroelectronics X-CUBE-ST67W61 1.0.0
2025-12-19 12:43:25,833 [INFO] ThirdParty:1030 - CMSIS Pack Vendor :STMicroelectronics X-CUBE-AI 10.2.0
2025-12-19 12:43:25,833 [INFO] ThirdParty:1030 - CMSIS Pack Vendor :STMicroelectronics ThreadX 1.0.0
2025-12-19 12:43:25,833 [INFO] ThirdParty:1030 - CMSIS Pack Vendor :SEGGER I-CUBE-embOS 1.3.1
2025-12-19 12:43:25,833 [INFO] ThirdParty:1030 - CMSIS Pack Vendor :STMicroelectronics X-CUBE-ALGOBUILD 1.4.0
2025-12-19 12:43:25,833 [INFO] ThirdParty:1030 - CMSIS Pack Vendor :STMicroelectronics X-CUBE-MEMS1 11.3.0
2025-12-19 12:43:25,833 [INFO] ThirdParty:1030 - CMSIS Pack Vendor :STMicroelectronics X-CUBE-AZRTOS-H7RS 1.0.0
2025-12-19 12:43:25,833 [INFO] ThirdParty:1030 - CMSIS Pack Vendor :STMicroelectronics FP-ATR-ASTRA1 2.0.0
2025-12-19 12:43:25,833 [INFO] ThirdParty:1030 - CMSIS Pack Vendor :STMicroelectronics X-CUBE-TOF1 3.4.2
2025-12-19 12:43:25,833 [INFO] ThirdParty:1030 - CMSIS Pack Vendor :STMicroelectronics X-CUBE-TOF1 3.4.3
2025-12-19 12:43:25,833 [INFO] ThirdParty:1030 - CMSIS Pack Vendor :STMicroelectronics X-CUBE-AI 9.1.0
2025-12-19 12:43:25,834 [INFO] ThirdParty:1030 - CMSIS Pack Vendor :Infineon AIROC-Wi-Fi-Bluetooth-STM32 1.6.1
2025-12-19 12:43:25,834 [INFO] ThirdParty:1030 - CMSIS Pack Vendor :wolfSSL I-CUBE-wolfSSH 1.4.17
2025-12-19 12:43:25,834 [INFO] ThirdParty:841 - exiting critical section [change project]
2025-12-19 12:43:26,064 [INFO] PinOutPanel:1589 - setPackage(No Configuration,No Configuration)
2025-12-19 12:43:26,065 [INFO] PinOutPanel:1589 - setPackage(STM32H743IITx,LQFP176)
2025-12-19 12:43:26,477 [INFO] UtilMem:75 - Before build in PCC Used Memory: 1025723536 Bytes (1073741824)
2025-12-19 12:43:26,717 [INFO] UtilMem:75 - After build in PCC Used Memory: 879679368 Bytes (1073741824)
2025-12-19 12:43:26,748 [INFO] IPUIPlugin:80 - create IPUIPlugin
2025-12-19 12:43:26,748 [INFO] IPUIPlugin:80 - create IPUIPlugin
2025-12-19 12:43:26,748 [INFO] IPUIPlugin:80 - create IPUIPlugin
2025-12-19 12:43:26,748 [INFO] IPUIPlugin:80 - create IPUIPlugin
2025-12-19 12:43:26,748 [INFO] IPUIPlugin:80 - create IPUIPlugin
2025-12-19 12:43:26,748 [INFO] IPUIPlugin:80 - create IPUIPlugin
2025-12-19 12:43:26,748 [INFO] IPUIPlugin:80 - create IPUIPlugin
2025-12-19 12:43:26,748 [INFO] IPUIPlugin:80 - create IPUIPlugin
2025-12-19 12:43:26,748 [INFO] IPUIPlugin:80 - create IPUIPlugin
2025-12-19 12:43:26,748 [INFO] IPUIPlugin:80 - create IPUIPlugin
2025-12-19 12:43:26,748 [INFO] IPUIPlugin:80 - create IPUIPlugin
2025-12-19 12:43:26,748 [INFO] IPUIPlugin:80 - create IPUIPlugin
2025-12-19 12:43:26,749 [INFO] IPUIPlugin:80 - create IPUIPlugin
2025-12-19 12:43:26,749 [INFO] IPUIPlugin:80 - create IPUIPlugin
2025-12-19 12:43:26,749 [INFO] IPUIPlugin:80 - create IPUIPlugin
2025-12-19 12:43:26,749 [INFO] IPUIPlugin:80 - create IPUIPlugin
2025-12-19 12:43:26,749 [INFO] IPUIPlugin:80 - create IPUIPlugin
2025-12-19 12:43:26,749 [INFO] IPUIPlugin:80 - create IPUIPlugin
2025-12-19 12:43:26,749 [INFO] IPUIPlugin:80 - create IPUIPlugin
2025-12-19 12:43:26,749 [INFO] IPUIPlugin:80 - create IPUIPlugin
2025-12-19 12:43:26,749 [INFO] IPUIPlugin:80 - create IPUIPlugin
2025-12-19 12:43:26,749 [INFO] IPUIPlugin:80 - create IPUIPlugin
2025-12-19 12:43:26,749 [INFO] IPUIPlugin:80 - create IPUIPlugin
2025-12-19 12:43:26,749 [INFO] IPUIPlugin:80 - create IPUIPlugin
2025-12-19 12:43:26,750 [INFO] IPUIPlugin:80 - create IPUIPlugin
2025-12-19 12:43:26,750 [INFO] IPUIPlugin:80 - create IPUIPlugin
2025-12-19 12:43:26,750 [INFO] IPUIPlugin:80 - create IPUIPlugin
2025-12-19 12:43:26,750 [INFO] IPUIPlugin:80 - create IPUIPlugin
2025-12-19 12:43:26,750 [INFO] IPUIPlugin:80 - create IPUIPlugin
2025-12-19 12:43:26,750 [INFO] IPUIPlugin:80 - create IPUIPlugin
2025-12-19 12:43:26,750 [INFO] IPUIPlugin:80 - create IPUIPlugin
2025-12-19 12:43:26,750 [INFO] IPUIPlugin:80 - create IPUIPlugin
2025-12-19 12:43:26,750 [INFO] IPUIPlugin:80 - create IPUIPlugin
2025-12-19 12:43:26,750 [INFO] IPUIPlugin:80 - create IPUIPlugin
2025-12-19 12:43:26,751 [INFO] IPUIPlugin:80 - create IPUIPlugin
2025-12-19 12:43:26,751 [INFO] IPUIPlugin:80 - create IPUIPlugin
2025-12-19 12:43:26,751 [INFO] IPUIPlugin:80 - create IPUIPlugin
2025-12-19 12:43:26,751 [INFO] IPUIPlugin:80 - create IPUIPlugin
2025-12-19 12:43:26,752 [INFO] IPUIPlugin:80 - create IPUIPlugin
2025-12-19 12:43:26,752 [INFO] IPUIPlugin:80 - create IPUIPlugin
2025-12-19 12:43:26,752 [INFO] IPUIPlugin:80 - create IPUIPlugin
2025-12-19 12:43:26,752 [INFO] IPUIPlugin:80 - create IPUIPlugin
2025-12-19 12:43:26,752 [INFO] IPUIPlugin:80 - create IPUIPlugin
2025-12-19 12:43:26,753 [INFO] IPUIPlugin:80 - create IPUIPlugin
2025-12-19 12:43:26,753 [INFO] IPUIPlugin:80 - create IPUIPlugin
2025-12-19 12:43:26,753 [INFO] IPUIPlugin:80 - create IPUIPlugin
2025-12-19 12:43:26,753 [INFO] IPUIPlugin:80 - create IPUIPlugin
2025-12-19 12:43:26,753 [INFO] IPUIPlugin:80 - create IPUIPlugin
2025-12-19 12:43:26,753 [INFO] IPUIPlugin:80 - create IPUIPlugin
2025-12-19 12:43:26,753 [INFO] IPUIPlugin:80 - create IPUIPlugin
2025-12-19 12:43:26,754 [INFO] IPUIPlugin:80 - create IPUIPlugin
2025-12-19 12:43:26,754 [INFO] IPUIPlugin:80 - create IPUIPlugin
2025-12-19 12:43:26,754 [INFO] IPUIPlugin:80 - create IPUIPlugin
2025-12-19 12:43:26,754 [INFO] IPUIPlugin:80 - create IPUIPlugin
2025-12-19 12:43:26,755 [INFO] IPUIPlugin:80 - create IPUIPlugin
2025-12-19 12:43:26,755 [INFO] IPUIPlugin:80 - create IPUIPlugin
2025-12-19 12:43:26,755 [INFO] IPUIPlugin:80 - create IPUIPlugin
2025-12-19 12:43:26,755 [INFO] IPUIPlugin:80 - create IPUIPlugin
2025-12-19 12:43:26,755 [INFO] IPUIPlugin:80 - create IPUIPlugin
2025-12-19 12:43:26,755 [INFO] IPUIPlugin:80 - create IPUIPlugin
2025-12-19 12:43:26,756 [INFO] IPUIPlugin:80 - create IPUIPlugin
2025-12-19 12:43:26,756 [INFO] IPUIPlugin:80 - create IPUIPlugin
2025-12-19 12:43:26,756 [INFO] IPUIPlugin:80 - create IPUIPlugin
2025-12-19 12:43:26,756 [INFO] IPUIPlugin:80 - create IPUIPlugin
2025-12-19 12:43:26,756 [INFO] IPUIPlugin:80 - create IPUIPlugin
2025-12-19 12:43:26,756 [INFO] IPUIPlugin:80 - create IPUIPlugin
2025-12-19 12:43:26,756 [INFO] IPUIPlugin:80 - create IPUIPlugin
2025-12-19 12:43:26,756 [INFO] IPUIPlugin:80 - create IPUIPlugin
2025-12-19 12:43:26,756 [INFO] IPUIPlugin:80 - create IPUIPlugin
2025-12-19 12:43:26,757 [INFO] IPUIPlugin:80 - create IPUIPlugin
2025-12-19 12:43:26,757 [INFO] IPUIPlugin:80 - create IPUIPlugin
2025-12-19 12:43:26,757 [INFO] IPUIPlugin:80 - create IPUIPlugin
2025-12-19 12:43:26,757 [INFO] IPUIPlugin:80 - create IPUIPlugin
2025-12-19 12:43:26,758 [INFO] IPUIPlugin:80 - create IPUIPlugin
2025-12-19 12:43:26,758 [INFO] IPUIPlugin:80 - create IPUIPlugin
2025-12-19 12:43:26,758 [INFO] IPUIPlugin:80 - create IPUIPlugin
2025-12-19 12:43:26,758 [INFO] IPUIPlugin:80 - create IPUIPlugin
2025-12-19 12:43:26,758 [INFO] IPUIPlugin:80 - create IPUIPlugin
2025-12-19 12:43:26,758 [INFO] IPUIPlugin:80 - create IPUIPlugin
2025-12-19 12:43:26,759 [INFO] IPUIPlugin:80 - create IPUIPlugin
2025-12-19 12:43:26,759 [INFO] IPUIPlugin:80 - create IPUIPlugin
2025-12-19 12:43:26,759 [INFO] IPUIPlugin:80 - create IPUIPlugin
2025-12-19 12:43:26,759 [INFO] IPUIPlugin:80 - create IPUIPlugin
2025-12-19 12:43:26,759 [INFO] IPUIPlugin:80 - create IPUIPlugin
2025-12-19 12:43:26,760 [INFO] IPUIPlugin:80 - create IPUIPlugin
2025-12-19 12:43:26,760 [INFO] IPUIPlugin:80 - create IPUIPlugin
2025-12-19 12:43:26,760 [INFO] IPUIPlugin:80 - create IPUIPlugin
2025-12-19 12:43:26,761 [INFO] IPUIPlugin:80 - create IPUIPlugin
2025-12-19 12:43:26,761 [INFO] IPUIPlugin:80 - create IPUIPlugin
2025-12-19 12:43:26,761 [INFO] IPUIPlugin:80 - create IPUIPlugin
2025-12-19 12:43:26,762 [INFO] IPUIPlugin:80 - create IPUIPlugin
2025-12-19 12:43:26,762 [INFO] IPUIPlugin:80 - create IPUIPlugin
2025-12-19 12:43:26,763 [INFO] IPUIPlugin:80 - create IPUIPlugin
2025-12-19 12:43:26,763 [INFO] IPUIPlugin:80 - create IPUIPlugin
2025-12-19 12:43:26,764 [INFO] IPUIPlugin:80 - create IPUIPlugin
2025-12-19 12:43:26,764 [INFO] IPUIPlugin:80 - create IPUIPlugin
2025-12-19 12:43:26,764 [INFO] IPUIPlugin:80 - create IPUIPlugin
2025-12-19 12:43:26,765 [INFO] IPUIPlugin:80 - create IPUIPlugin
2025-12-19 12:43:26,773 [INFO] ApiDbMcu:508 - Load IP Config File for PDM2PCM
2025-12-19 12:43:26,774 [WARN] IP:2251 - ClockDivider not found: check if there is a RefParameter without a condition.
2025-12-19 12:43:26,775 [WARN] IP:2251 - ClockDividerCCU not found: check if there is a RefParameter without a condition.
2025-12-19 12:43:26,775 [WARN] IP:2251 - MinOscClkPeriodsCCU not found: check if there is a RefParameter without a condition.
2025-12-19 12:43:26,775 [WARN] IP:2251 - TimeQuantaPerBitTimeCCU not found: check if there is a RefParameter without a condition.
2025-12-19 12:43:26,775 [WARN] IP:2251 - WatchdogStartValueCCU not found: check if there is a RefParameter without a condition.
2025-12-19 12:43:26,779 [INFO] LogOutputStream:77 - [STDOUT_REDIRECT] Nominal 
2025-12-19 12:43:26,780 [INFO] Can:71 - Can Add PropertyChangeListener com.st.microxplorer.plugins.ip.can.Can@63c87a86
2025-12-19 12:43:26,845 [INFO] CADModel:165 - CPN selected for project levelSTM32H743IIT6
2025-12-19 12:43:26,845 [INFO] CADModel:114 - Register for checkConnection events
2025-12-19 12:43:26,918 [INFO] OpenFileManager:363 - Restore cursor
2025-12-19 12:43:27,171 [WARN] IP:2251 - ClockDivider not found: check if there is a RefParameter without a condition.
2025-12-19 12:43:27,172 [WARN] IP:2251 - ClockDividerCCU not found: check if there is a RefParameter without a condition.
2025-12-19 12:43:27,172 [WARN] IP:2251 - MinOscClkPeriodsCCU not found: check if there is a RefParameter without a condition.
2025-12-19 12:43:27,172 [WARN] IP:2251 - TimeQuantaPerBitTimeCCU not found: check if there is a RefParameter without a condition.
2025-12-19 12:43:27,172 [WARN] IP:2251 - WatchdogStartValueCCU not found: check if there is a RefParameter without a condition.
2025-12-19 12:43:44,048 [INFO] LogOutputStream:77 - [STDOUT_REDIRECT] Nominal 
2025-12-19 12:43:44,064 [INFO] I2cTimingTraitement:330 - 0x00000E14
2025-12-19 12:45:16,460 [INFO] NvicIntPanel:101 - NVIC parent = com.st.microxplorer.plugins.ip.nvic.MultiNvicIntPanel[,0,0,452x354,layout=javax.swing.BoxLayout,alignmentX=0.0,alignmentY=0.0,border=,flags=9,maximumSize=,minimumSize=,preferredSize=]
2025-12-19 12:46:51,893 [INFO] NvicIntPanel:101 - NVIC parent = com.st.microxplorer.plugins.ip.nvic.MultiNvicIntPanel[,0,0,0x0,invalid,layout=javax.swing.BoxLayout,alignmentX=0.0,alignmentY=0.0,border=,flags=9,maximumSize=,minimumSize=,preferredSize=]
2025-12-19 12:46:52,487 [INFO] NvicIntPanel:101 - NVIC parent = com.st.microxplorer.plugins.ip.nvic.MultiNvicIntPanel[,0,0,0x0,invalid,layout=javax.swing.BoxLayout,alignmentX=0.0,alignmentY=0.0,border=,flags=9,maximumSize=,minimumSize=,preferredSize=]
2025-12-19 12:46:53,083 [INFO] NvicIntPanel:101 - NVIC parent = com.st.microxplorer.plugins.ip.nvic.MultiNvicIntPanel[,0,0,0x0,invalid,layout=javax.swing.BoxLayout,alignmentX=0.0,alignmentY=0.0,border=,flags=9,maximumSize=,minimumSize=,preferredSize=]
2025-12-19 12:46:53,726 [INFO] NvicIntPanel:101 - NVIC parent = com.st.microxplorer.plugins.ip.nvic.MultiNvicIntPanel[,0,0,0x0,invalid,layout=javax.swing.BoxLayout,alignmentX=0.0,alignmentY=0.0,border=,flags=9,maximumSize=,minimumSize=,preferredSize=]
2025-12-19 12:47:09,176 [INFO] UtilMem:75 - End SaveConfig() Used Memory: 904242184 Bytes (1073741824)
2025-12-19 12:47:10,886 [INFO] LogOutputStream:77 - [STDOUT_REDIRECT] This download action requires prior login. To proceed, please use the 'login' command with your my.st.com account email and password.
2025-12-19 12:47:10,887 [INFO] LogOutputStream:77 - [STDOUT_REDIRECT] Run 'login <email> <password> <remember_me>' for example 'login john.smith@st.com mypassword y'.
2025-12-19 12:47:10,888 [INFO] LogOutputStream:77 - [STDOUT_REDIRECT] If you do not have a my.st.com account, please visit https://st.com website to create one.
2025-12-19 13:32:26,596 [INFO] MainUpdater:2872 - connection check result : 10
2025-12-19 13:32:26,596 [INFO] MainUpdater:2872 - connection check result : 10
2025-12-19 13:32:26,676 [INFO] LogOutputStream:77 - [STDOUT_REDIRECT] Nominal 
2025-12-19 13:32:26,789 [INFO] I2cTimingTraitement:330 - 0x00000E14
2025-12-19 13:32:26,793 [INFO] MicroXplorer:468 - Change Database Path : 
2025-12-19 13:32:26,793 [INFO] MicroXplorer:498 - Change Database Version : DB.6.0.130
2025-12-19 13:32:26,831 [ERROR] ProjectManagerView:394 - 
java.lang.NullPointerException: Cannot invoke "javax.swing.JTextField.getText()" because the return value of "java.util.List.get(int)" is null
	at com.st.microxplorer.plugins.projectmanager.gui.ProjectChoiceTab$9.caretUpdate(ProjectChoiceTab.java:2616) ~[filemanager.jar:?]
	at javax.swing.text.JTextComponent.fireCaretUpdate(JTextComponent.java:408) ~[?:?]
	at javax.swing.text.JTextComponent$MutableCaretEvent.fire(JTextComponent.java:4484) ~[?:?]
	at javax.swing.text.JTextComponent$MutableCaretEvent.stateChanged(JTextComponent.java:4506) ~[?:?]
	at javax.swing.text.DefaultCaret.fireStateChanged(DefaultCaret.java:857) ~[?:?]
	at javax.swing.text.DefaultCaret.changeCaretPosition(DefaultCaret.java:1343) ~[?:?]
	at javax.swing.text.DefaultCaret.handleSetDot(DefaultCaret.java:1242) ~[?:?]
	at javax.swing.text.DefaultCaret.setDot(DefaultCaret.java:1223) ~[?:?]
	at javax.swing.text.DefaultCaret$Handler.insertUpdate(DefaultCaret.java:1819) ~[?:?]
	at javax.swing.text.AbstractDocument.fireInsertUpdate(AbstractDocument.java:227) ~[?:?]
	at javax.swing.text.AbstractDocument.handleInsertString(AbstractDocument.java:781) ~[?:?]
	at javax.swing.text.AbstractDocument.insertString(AbstractDocument.java:740) ~[?:?]
	at javax.swing.text.PlainDocument.insertString(PlainDocument.java:131) ~[?:?]
	at javax.swing.text.AbstractDocument.replace(AbstractDocument.java:699) ~[?:?]
	at javax.swing.text.JTextComponent.setText(JTextComponent.java:1725) ~[?:?]
	at com.st.microxplorer.plugins.projectmanager.gui.ProjectChoiceTab.createHeapStackFields(ProjectChoiceTab.java:975) ~[filemanager.jar:?]
	at com.st.microxplorer.plugins.projectmanager.gui.ProjectChoiceTab.buildLinkSettingsPanel(ProjectChoiceTab.java:3666) ~[filemanager.jar:?]
	at com.st.microxplorer.plugins.projectmanager.gui.ProjectChoiceTab.defineWindowsFields(ProjectChoiceTab.java:1934) ~[filemanager.jar:?]
	at com.st.microxplorer.plugins.projectmanager.gui.ProjectChoiceTab.updateSettings(ProjectChoiceTab.java:553) ~[filemanager.jar:?]
	at com.st.microxplorer.plugins.projectmanager.gui.ProjectSettingsPanel.UpdateDialog(ProjectSettingsPanel.java:245) ~[filemanager.jar:?]
	at com.st.microxplorer.plugins.projectmanager.ProjectManagerView.propertyChange(ProjectManagerView.java:391) ~[filemanager.jar:?]
	at java.beans.PropertyChangeSupport.fire(PropertyChangeSupport.java:343) ~[?:?]
	at java.beans.PropertyChangeSupport.firePropertyChange(PropertyChangeSupport.java:335) ~[?:?]
	at java.beans.PropertyChangeSupport.firePropertyChange(PropertyChangeSupport.java:268) ~[?:?]
	at com.st.microxplorer.util.MXPropertyChangeSupport.firePropertyChange(MXPropertyChangeSupport.java:54) ~[STM32CubeMX.jar:?]
	at com.st.microxplorer.mxsystem.MxSystem.closeConfig(MxSystem.java:899) ~[STM32CubeMX.jar:?]
	at com.st.microxplorer.maingui.MainPanel.closeConfig(MainPanel.java:789) ~[STM32CubeMX.jar:?]
	at com.st.microxplorer.plugins.filemanager.engine.OpenFileManager.loadConfigurationFile(OpenFileManager.java:265) ~[filemanager.jar:?]
	at com.st.microxplorer.plugins.filemanager.engine.MainFileManager.userLoadConfig(MainFileManager.java:340) ~[filemanager.jar:?]
	at com.st.microxplorer.plugins.filemanager.engine.MainFileManager.userLoadConfig(MainFileManager.java:318) ~[filemanager.jar:?]
	at com.st.microxplorer.plugins.filemanager.FileManagerView.getSpecificTask(FileManagerView.java:246) ~[filemanager.jar:?]
	at com.st.stm32cube.common.mx.editor.CubeMxEditor.getMxTabbedPaneInstance(CubeMxEditor.java:1198) ~[com.st.stm32cube.common.mx_6.13.0.202411220809/:?]
	at com.st.stm32cube.common.mx.editor.CubeMxEditor$12$1.createSwingComponent(CubeMxEditor.java:1068) ~[com.st.stm32cube.common.mx_6.13.0.202411220809/:?]
	at com.st.stm32cube.common.mx.oss.core.awtswtbridge.EmbeddedSwingComposite.doComponentCreation(EmbeddedSwingComposite.java:492) ~[com.st.stm32cube.common.mx.oss_6.13.0.202411220809/:?]
	at com.st.stm32cube.common.mx.oss.core.awtswtbridge.EmbeddedSwingComposite$4.run(EmbeddedSwingComposite.java:291) ~[com.st.stm32cube.common.mx.oss_6.13.0.202411220809/:?]
	at com.st.stm32cube.common.mx.oss.core.awtswtbridge.AwtEnvironment$2.run(AwtEnvironment.java:166) ~[com.st.stm32cube.common.mx.oss_6.13.0.202411220809/:?]
	at java.awt.event.InvocationEvent.dispatch(InvocationEvent.java:318) ~[?:?]
	at java.awt.EventQueue.dispatchEventImpl(EventQueue.java:773) ~[?:?]
	at java.awt.EventQueue$4.run(EventQueue.java:720) ~[?:?]
	at java.awt.EventQueue$4.run(EventQueue.java:714) ~[?:?]
	at java.security.AccessController.doPrivileged(AccessController.java:400) ~[?:?]
	at java.security.ProtectionDomain$JavaSecurityAccessImpl.doIntersectionPrivilege(ProtectionDomain.java:87) ~[?:?]
	at java.awt.EventQueue.dispatchEvent(EventQueue.java:742) ~[?:?]
	at java.awt.EventDispatchThread.pumpOneEventForFilters(EventDispatchThread.java:203) ~[?:?]
	at java.awt.EventDispatchThread.pumpEventsForFilter(EventDispatchThread.java:124) ~[?:?]
	at java.awt.EventDispatchThread.pumpEventsForHierarchy(EventDispatchThread.java:113) ~[?:?]
	at java.awt.EventDispatchThread.pumpEvents(EventDispatchThread.java:109) ~[?:?]
	at java.awt.EventDispatchThread.pumpEvents(EventDispatchThread.java:101) ~[?:?]
	at java.awt.EventDispatchThread.run(EventDispatchThread.java:90) ~[?:?]
2025-12-19 13:32:26,832 [WARN] ThirdParty:871 - waiting for thirdparty lock release [close project]
2025-12-19 13:32:26,833 [INFO] ThirdParty:873 - entering critical section [close project]
2025-12-19 13:32:26,833 [INFO] ThirdParty:883 - exiting critical section [close project]
2025-12-19 13:32:26,836 [INFO] PinOutPanel:1589 - setPackage(No Configuration,No Configuration)
2025-12-19 13:32:26,851 [WARN] IpParametersView:154 - Warning: This peripheral hasn't parameters
2025-12-19 13:32:26,866 [WARN] MainPanel:289 - <html><b><center>Warning: This peripheral has no parameters to be configured<br></b></html>
2025-12-19 13:32:26,867 [ERROR] MainPanel:599 - java.lang.IndexOutOfBoundsException: Index: 0, Tab count: 0
2025-12-19 13:32:26,874 [INFO] UtilMem:75 - Begin LoadConfig() Used Memory: 919278592 Bytes (1073741824)
2025-12-19 13:32:26,875 [INFO] MicroXplorer:468 - Change Database Path : 
2025-12-19 13:32:26,875 [INFO] MicroXplorer:498 - Change Database Version : DB.6.0.130
2025-12-19 13:32:26,875 [INFO] OpenFileManager:332 - Change cursor
2025-12-19 13:32:26,909 [INFO] RulesReader:64 - Compatibility file has been processed (297 Rules)
2025-12-19 13:32:26,919 [INFO] Mcu:2035 - Initializing MCU STM32F746ZGTx STM32F746ZGTx STM32F746ZGT6
2025-12-19 13:32:28,892 [INFO] Context:748 - Trying to add GPIOservice into a context  which must be forbidden
2025-12-19 13:32:29,629 [INFO] RtosManager:555 - Registered RTOS mode: class=CMSIS, group=RTOS, mode=CMSIS_V1, owner=FREERTOS
2025-12-19 13:32:29,629 [INFO] RtosManager:555 - Registered RTOS mode: class=CMSIS, group=RTOS2, mode=CMSIS_V2, owner=FREERTOS
2025-12-19 13:32:29,629 [INFO] RtosManager:555 - Registered RTOS mode: class=RTOS, group=Core, mode=CMSIS_V1, owner=FREERTOS
2025-12-19 13:32:29,629 [INFO] RtosManager:555 - Registered RTOS mode: class=RTOS, group=Core, mode=CMSIS_V2, owner=FREERTOS
2025-12-19 13:32:29,629 [WARN] ModelIntegratedComponent:184 - Missing modes for component STMicroelectronics:FreeRTOS:0.0.1:STMicroelectronics:RTOS:FreeRTOS:Core:::10.2.0:
2025-12-19 13:32:29,632 [WARN] ModelIntegratedComponent:63 - No mode defined for component null
2025-12-19 13:32:29,632 [WARN] ModelIntegratedComponent:63 - No mode defined for component null
2025-12-19 13:32:29,632 [WARN] ModelIntegratedComponent:63 - No mode defined for component null
2025-12-19 13:32:29,632 [WARN] ModelIntegratedComponent:63 - No mode defined for component null
2025-12-19 13:32:29,632 [WARN] ModelIntegratedComponent:63 - No mode defined for component null
2025-12-19 13:32:29,632 [WARN] ModelIntegratedComponent:63 - No mode defined for component null
2025-12-19 13:32:29,632 [WARN] ModelIntegratedComponent:63 - No mode defined for component null
2025-12-19 13:32:29,633 [WARN] ModelIntegratedComponent:63 - No mode defined for component null
2025-12-19 13:32:29,633 [WARN] ModelIntegratedComponent:63 - No mode defined for component null
2025-12-19 13:32:29,633 [WARN] ModelIntegratedComponent:63 - No mode defined for component null
2025-12-19 13:32:29,633 [WARN] ModelIntegratedComponent:63 - No mode defined for component null
2025-12-19 13:32:29,633 [WARN] ModelIntegratedComponent:63 - No mode defined for component null
2025-12-19 13:32:29,633 [WARN] ModelIntegratedComponent:63 - No mode defined for component null
2025-12-19 13:32:29,633 [WARN] ModelIntegratedComponent:63 - No mode defined for component null
2025-12-19 13:32:29,633 [WARN] ModelIntegratedComponent:63 - No mode defined for component null
2025-12-19 13:32:29,633 [WARN] ModelIntegratedComponent:63 - No mode defined for component null
2025-12-19 13:32:29,633 [WARN] ModelIntegratedComponent:63 - No mode defined for component null
2025-12-19 13:32:29,633 [WARN] ModelIntegratedComponent:63 - No mode defined for component null
2025-12-19 13:32:29,633 [WARN] ModelIntegratedComponent:63 - No mode defined for component null
2025-12-19 13:32:29,633 [WARN] ModelIntegratedComponent:63 - No mode defined for component null
2025-12-19 13:32:29,633 [WARN] ModelIntegratedComponent:63 - No mode defined for component null
2025-12-19 13:32:29,633 [WARN] ModelIntegratedComponent:63 - No mode defined for component null
2025-12-19 13:32:29,633 [WARN] ModelIntegratedComponent:63 - No mode defined for component null
2025-12-19 13:32:29,633 [WARN] ModelIntegratedComponent:63 - No mode defined for component null
2025-12-19 13:32:29,633 [WARN] ModelIntegratedComponent:63 - No mode defined for component null
2025-12-19 13:32:29,634 [WARN] ModelIntegratedComponent:63 - No mode defined for component null
2025-12-19 13:32:29,634 [WARN] ModelIntegratedComponent:63 - No mode defined for component null
2025-12-19 13:32:29,634 [WARN] ModelIntegratedComponent:63 - No mode defined for component null
2025-12-19 13:32:29,634 [WARN] ModelIntegratedComponent:63 - No mode defined for component null
2025-12-19 13:32:29,634 [WARN] ModelIntegratedComponent:63 - No mode defined for component null
2025-12-19 13:32:29,634 [WARN] ModelIntegratedComponent:63 - No mode defined for component null
2025-12-19 13:32:29,634 [WARN] ModelIntegratedComponent:63 - No mode defined for component null
2025-12-19 13:32:29,634 [WARN] ModelIntegratedComponent:63 - No mode defined for component null
2025-12-19 13:32:29,634 [WARN] ModelIntegratedComponent:63 - No mode defined for component null
2025-12-19 13:32:29,634 [WARN] ModelIntegratedComponent:63 - No mode defined for component null
2025-12-19 13:32:29,634 [WARN] ModelPack:524 - Component already loaded: STMicroelectronics:HAL Drivers:0.0.0:STMicroelectronics:Device:STMicro_Driver:XSPI:HAL::0.0.1:HAL_XSPI
2025-12-19 13:32:29,762 [INFO] ThirdPartyModel:298 - Start build external matchings
2025-12-19 13:32:30,654 [INFO] ThirdPartyModel:316 - End build external matchings
2025-12-19 13:32:30,692 [INFO] ImportTextPane:218 - (OptionalMessage_ERROR) IP (DMA) : Parameter (Instance) has Id (ADC1) currently not set
2025-12-19 13:32:30,692 [INFO] ImportTextPane:218 - (OptionalMessage_ERROR) IP (DMA) : Parameter (Channel) has Id (ADC1) currently not set
2025-12-19 13:32:30,692 [INFO] ImportTextPane:218 - (OptionalMessage_ERROR) IP (DMA) : Parameter (Direction) has Id (ADC1) currently not set
2025-12-19 13:32:30,693 [INFO] ImportTextPane:218 - (OptionalMessage_ERROR) IP (DMA) : Parameter (PeriphInc) has Id (ADC1) currently not set
2025-12-19 13:32:30,693 [INFO] ImportTextPane:218 - (OptionalMessage_ERROR) IP (DMA) : Parameter (MemInc) has Id (ADC1) currently not set
2025-12-19 13:32:30,693 [INFO] ImportTextPane:218 - (OptionalMessage_ERROR) IP (DMA) : Parameter (PeriphDataAlignment) has Id (ADC1) currently not set
2025-12-19 13:32:30,693 [INFO] ImportTextPane:218 - (OptionalMessage_ERROR) IP (DMA) : Parameter (MemDataAlignment) has Id (ADC1) currently not set
2025-12-19 13:32:30,693 [INFO] ImportTextPane:218 - (OptionalMessage_ERROR) IP (DMA) : Parameter (Mode) has Id (ADC1) currently not set
2025-12-19 13:32:30,693 [INFO] ImportTextPane:218 - (OptionalMessage_ERROR) IP (DMA) : Parameter (Priority) has Id (ADC1) currently not set
2025-12-19 13:32:30,693 [INFO] ImportTextPane:218 - (OptionalMessage_ERROR) IP (DMA) : Parameter (FIFOMode) has Id (ADC1) currently not set
2025-12-19 13:32:30,693 [INFO] ImportTextPane:218 - (OptionalMessage_ERROR) IP (DMA) : Parameter (Instance) has Id (USART2_RX) currently not set
2025-12-19 13:32:30,693 [INFO] ImportTextPane:218 - (OptionalMessage_ERROR) IP (DMA) : Parameter (Channel) has Id (USART2_RX) currently not set
2025-12-19 13:32:30,693 [INFO] ImportTextPane:218 - (OptionalMessage_ERROR) IP (DMA) : Parameter (Direction) has Id (USART2_RX) currently not set
2025-12-19 13:32:30,693 [INFO] ImportTextPane:218 - (OptionalMessage_ERROR) IP (DMA) : Parameter (PeriphInc) has Id (USART2_RX) currently not set
2025-12-19 13:32:30,693 [INFO] ImportTextPane:218 - (OptionalMessage_ERROR) IP (DMA) : Parameter (MemInc) has Id (USART2_RX) currently not set
2025-12-19 13:32:30,693 [INFO] ImportTextPane:218 - (OptionalMessage_ERROR) IP (DMA) : Parameter (PeriphDataAlignment) has Id (USART2_RX) currently not set
2025-12-19 13:32:30,693 [INFO] ImportTextPane:218 - (OptionalMessage_ERROR) IP (DMA) : Parameter (MemDataAlignment) has Id (USART2_RX) currently not set
2025-12-19 13:32:30,693 [INFO] ImportTextPane:218 - (OptionalMessage_ERROR) IP (DMA) : Parameter (Mode) has Id (USART2_RX) currently not set
2025-12-19 13:32:30,693 [INFO] ImportTextPane:218 - (OptionalMessage_ERROR) IP (DMA) : Parameter (Priority) has Id (USART2_RX) currently not set
2025-12-19 13:32:30,693 [INFO] ImportTextPane:218 - (OptionalMessage_ERROR) IP (DMA) : Parameter (FIFOMode) has Id (USART2_RX) currently not set
2025-12-19 13:32:30,694 [INFO] ImportTextPane:218 - (OptionalMessage_ERROR) IP (RCC) : Invalid parameter (48MHZClocksFreq_Value)
2025-12-19 13:32:30,694 [INFO] ImportTextPane:218 - (OptionalMessage_ERROR) IP (RCC) : Invalid parameter (ADC12outputFreq_Value)
2025-12-19 13:32:30,694 [INFO] ImportTextPane:218 - (OptionalMessage_ERROR) IP (RCC) : Invalid parameter (ADC34outputFreq_Value)
2025-12-19 13:32:30,695 [INFO] ImportTextPane:218 - (OptionalMessage_ERROR) IP (RCC) : Invalid parameter (FamilyName)
2025-12-19 13:32:30,695 [INFO] ImportTextPane:218 - (OptionalMessage_ERROR) IP (RCC) : Invalid parameter (I2SClocksFreq_Value)
2025-12-19 13:32:30,695 [INFO] ImportTextPane:218 - (OptionalMessage_ERROR) IP (RCC) : Parameter (LCDTFToutputFreq_Value) has invalid value (96000000)
2025-12-19 13:32:30,695 [INFO] ImportTextPane:218 - (OptionalMessage_ERROR) IP (RCC) : Invalid parameter (MCOFreq_Value)
2025-12-19 13:32:30,695 [INFO] ImportTextPane:218 - (OptionalMessage_ERROR) IP (RCC) : Invalid parameter (PLLMCOFreq_Value)
2025-12-19 13:32:30,695 [INFO] ImportTextPane:218 - (OptionalMessage_ERROR) IP (RCC) : Invalid parameter (PLLMUL)
2025-12-19 13:32:30,695 [INFO] ImportTextPane:218 - (OptionalMessage_ERROR) IP (RCC) : Invalid parameter (PRESCALERUSB)
2025-12-19 13:32:30,695 [INFO] ImportTextPane:218 - (OptionalMessage_ERROR) IP (RCC) : Invalid parameter (RTCHSEDivFreq_Value)
2025-12-19 13:32:30,695 [INFO] ImportTextPane:218 - (OptionalMessage_ERROR) IP (RCC) : Parameter (SDMMCFreq_Value) has invalid value (72000000)
2025-12-19 13:32:30,696 [INFO] ImportTextPane:218 - (OptionalMessage_ERROR) IP (RCC) : Invalid parameter (SYSCLKSourceVirtual)
2025-12-19 13:32:30,696 [INFO] ImportTextPane:218 - (OptionalMessage_ERROR) IP (RCC) : Invalid parameter (TIM15Freq_Value)
2025-12-19 13:32:30,696 [INFO] ImportTextPane:218 - (OptionalMessage_ERROR) IP (RCC) : Invalid parameter (TIM16Freq_Value)
2025-12-19 13:32:30,696 [INFO] ImportTextPane:218 - (OptionalMessage_ERROR) IP (RCC) : Invalid parameter (TIM17Freq_Value)
2025-12-19 13:32:30,696 [INFO] ImportTextPane:218 - (OptionalMessage_ERROR) IP (RCC) : Invalid parameter (TIM1Freq_Value)
2025-12-19 13:32:30,696 [INFO] ImportTextPane:218 - (OptionalMessage_ERROR) IP (RCC) : Invalid parameter (TIM20Freq_Value)
2025-12-19 13:32:30,696 [INFO] ImportTextPane:218 - (OptionalMessage_ERROR) IP (RCC) : Invalid parameter (TIM2Freq_Value)
2025-12-19 13:32:30,696 [INFO] ImportTextPane:218 - (OptionalMessage_ERROR) IP (RCC) : Invalid parameter (TIM3Freq_Value)
2025-12-19 13:32:30,697 [INFO] ImportTextPane:218 - (OptionalMessage_ERROR) IP (RCC) : Invalid parameter (TIM8Freq_Value)
2025-12-19 13:32:30,697 [INFO] ImportTextPane:218 - (OptionalMessage_ERROR) IP (RCC) : Invalid parameter (VCOOutput2Freq_Value)
2025-12-19 13:32:30,697 [INFO] ImportTextPane:218 - (OptionalMessage_ERROR) IP (RCC) : Invalid parameter (VcooutputI2S)
2025-12-19 13:32:31,149 [INFO] UtilMem:75 - End LoadConfig() Used Memory: 924881720 Bytes (1073741824)
2025-12-19 13:32:31,201 [WARN] ThirdParty:833 - waiting for thirdparty lock release [change project]
2025-12-19 13:32:31,201 [INFO] ThirdParty:835 - entering critical section [change project]
2025-12-19 13:32:31,201 [INFO] ThirdParty:1030 - CMSIS Pack Vendor :STMicroelectronics X-CUBE-PM33A1 1.0.0
2025-12-19 13:32:31,201 [INFO] ThirdParty:1030 - CMSIS Pack Vendor :STMicroelectronics USBPD 4.1
2025-12-19 13:32:31,201 [INFO] ThirdParty:1030 - CMSIS Pack Vendor :STMicroelectronics USB_HOST 2.0.0
2025-12-19 13:32:31,201 [INFO] ThirdParty:1030 - CMSIS Pack Vendor :STMicroelectronics FP-SNS-MOTENVWB1 1.4.0
2025-12-19 13:32:31,201 [INFO] ThirdParty:1030 - CMSIS Pack Vendor :STMicroelectronics X-CUBE-AZRTOS-F4 1.1.0
2025-12-19 13:32:31,201 [INFO] ThirdParty:1030 - CMSIS Pack Vendor :STMicroelectronics LIBJPEG 8.0.0
2025-12-19 13:32:31,201 [INFO] ThirdParty:1030 - CMSIS Pack Vendor :STMicroelectronics FP-ATR-ASTRA1 2.0.2
2025-12-19 13:32:31,201 [INFO] ThirdParty:1030 - CMSIS Pack Vendor :STMicroelectronics FP-ATR-ASTRA1 2.0.1
2025-12-19 13:32:31,202 [INFO] ThirdParty:1030 - CMSIS Pack Vendor :STMicroelectronics X-CUBE-SMBUS 2.1.0
2025-12-19 13:32:31,202 [INFO] ThirdParty:1030 - CMSIS Pack Vendor :STMicroelectronics X-CUBE-WB05N 1.1.0
2025-12-19 13:32:31,202 [INFO] ThirdParty:1030 - CMSIS Pack Vendor :STMicroelectronics X-CUBE-ISPU 2.1.0
2025-12-19 13:32:31,202 [INFO] ThirdParty:1030 - CMSIS Pack Vendor :STMicroelectronics X-CUBE-FREERTOS 1.2.0
2025-12-19 13:32:31,202 [INFO] ThirdParty:1030 - CMSIS Pack Vendor :STMicroelectronics X-CUBE-ST60 1.0.0
2025-12-19 13:32:31,202 [INFO] ThirdParty:1030 - CMSIS Pack Vendor :STMicroelectronics X-CUBE-NFC12 1.0.0
2025-12-19 13:32:31,202 [INFO] ThirdParty:1030 - CMSIS Pack Vendor :STMicroelectronics X-CUBE-AZRTOS-F7 1.1.0
2025-12-19 13:32:31,202 [INFO] ThirdParty:1030 - CMSIS Pack Vendor :STMicroelectronics X-CUBE-AZRTOS-L5 2.0.0
2025-12-19 13:32:31,202 [INFO] ThirdParty:1030 - CMSIS Pack Vendor :STMicroelectronics USB_DEVICE 2.0.0
2025-12-19 13:32:31,202 [INFO] ThirdParty:1030 - CMSIS Pack Vendor :STMicroelectronics X-CUBE-NFC6 3.1.0
2025-12-19 13:32:31,202 [INFO] ThirdParty:1030 - CMSIS Pack Vendor :ARM CMSIS 5.7.0
2025-12-19 13:32:31,202 [INFO] ThirdParty:1030 - CMSIS Pack Vendor :STMicroelectronics X-CUBE-MEMS1 11.0.0
2025-12-19 13:32:31,202 [INFO] ThirdParty:1030 - CMSIS Pack Vendor :STMicroelectronics FreeRTOS 0.0.1
2025-12-19 13:32:31,202 [INFO] ThirdParty:1030 - CMSIS Pack Vendor :STMicroelectronics X-CUBE-DPower 1.2.0
2025-12-19 13:32:31,202 [INFO] ThirdParty:1030 - CMSIS Pack Vendor :STMicroelectronics FP-SNS-FLIGHT1 5.0.2
2025-12-19 13:32:31,202 [INFO] ThirdParty:1030 - CMSIS Pack Vendor :STMicroelectronics PDM2PCM 3.3.0
2025-12-19 13:32:31,202 [INFO] ThirdParty:1030 - CMSIS Pack Vendor :STMicroelectronics X-CUBE-AZRTOS-H7 3.4.0
2025-12-19 13:32:31,202 [INFO] ThirdParty:1030 - CMSIS Pack Vendor :STMicroelectronics X-CUBE-DISPLAY 3.0.0
2025-12-19 13:32:31,202 [INFO] ThirdParty:1030 - CMSIS Pack Vendor :STMicroelectronics X-CUBE-BLE1 7.0.0
2025-12-19 13:32:31,202 [INFO] ThirdParty:1030 - CMSIS Pack Vendor :STMicroelectronics X-CUBE-NFC10 1.0.0
2025-12-19 13:32:31,202 [INFO] ThirdParty:1030 - CMSIS Pack Vendor :STMicroelectronics X-CUBE-BLEMGR 4.0.0
2025-12-19 13:32:31,202 [INFO] ThirdParty:1030 - CMSIS Pack Vendor :STMicroelectronics X-CUBE-FREERTOS 1.3.1
2025-12-19 13:32:31,203 [INFO] ThirdParty:1030 - CMSIS Pack Vendor :STMicroelectronics HAL Drivers 0.0.0
2025-12-19 13:32:31,203 [INFO] ThirdParty:1030 - CMSIS Pack Vendor :STMicroelectronics X-CUBE-ST60 1.1.0
2025-12-19 13:32:31,203 [INFO] ThirdParty:1030 - CMSIS Pack Vendor :emotas I-CUBE-CANOPEN 1.3.0
2025-12-19 13:32:31,203 [INFO] ThirdParty:1030 - CMSIS Pack Vendor :STMicroelectronics X-CUBE-FREERTOS 1.3.0
2025-12-19 13:32:31,203 [INFO] ThirdParty:1030 - CMSIS Pack Vendor :STMicroelectronics X-CUBE-NFC7 1.0.1
2025-12-19 13:32:31,203 [INFO] ThirdParty:1030 - CMSIS Pack Vendor :STMicroelectronics MBEDTLS 2.14.1
2025-12-19 13:32:31,203 [INFO] ThirdParty:1030 - CMSIS Pack Vendor :STMicroelectronics X-CUBE-GNSS1 7.1.0
2025-12-19 13:32:31,203 [INFO] ThirdParty:1030 - CMSIS Pack Vendor :STMicroelectronics X-CUBE-TOUCHGFX 4.26.0
2025-12-19 13:32:31,203 [INFO] ThirdParty:1030 - CMSIS Pack Vendor :STMicroelectronics X-CUBE-BLEMGR 3.1.0
2025-12-19 13:32:31,203 [INFO] ThirdParty:1030 - CMSIS Pack Vendor :STMicroelectronics X-CUBE-AI 10.0.0
2025-12-19 13:32:31,203 [INFO] ThirdParty:1030 - CMSIS Pack Vendor :STMicroelectronics FP-SNS-STAIOTCFT 1.0.0
2025-12-19 13:32:31,203 [INFO] ThirdParty:1030 - CMSIS Pack Vendor :STMicroelectronics FP-SNS-SMARTAG2 1.2.0
2025-12-19 13:32:31,203 [INFO] ThirdParty:1030 - CMSIS Pack Vendor :STMicroelectronics FP-SNS-FLIGHT1 5.1.0
2025-12-19 13:32:31,203 [INFO] ThirdParty:1030 - CMSIS Pack Vendor :STMicroelectronics X-CUBE-MEMS1 11.1.0
2025-12-19 13:32:31,203 [INFO] ThirdParty:1030 - CMSIS Pack Vendor :STMicroelectronics X-CUBE-AZRTOS-WL 2.0.0
2025-12-19 13:32:31,203 [INFO] ThirdParty:1030 - CMSIS Pack Vendor :STMicroelectronics X-CUBE-DPower 1.3.0
2025-12-19 13:32:31,203 [INFO] ThirdParty:1030 - CMSIS Pack Vendor :STMicroelectronics FP-SNS-MOTENV1 5.0.0
2025-12-19 13:32:31,203 [INFO] ThirdParty:1030 - CMSIS Pack Vendor :STMicroelectronics USB_DEVICE 1.0.0
2025-12-19 13:32:31,203 [INFO] ThirdParty:1030 - CMSIS Pack Vendor :STMicroelectronics X-CUBE-AZRTOS-H7RS 1.2.0
2025-12-19 13:32:31,203 [INFO] ThirdParty:1030 - CMSIS Pack Vendor :wolfSSL I-CUBE-wolfMQTT 1.19.0
2025-12-19 13:32:31,203 [INFO] ThirdParty:1030 - CMSIS Pack Vendor :STMicroelectronics X-CUBE-AZRTOS-L4 2.0.0
2025-12-19 13:32:31,203 [INFO] ThirdParty:1030 - CMSIS Pack Vendor :STMicroelectronics ThreadX 0.0.2
2025-12-19 13:32:31,203 [INFO] ThirdParty:1030 - CMSIS Pack Vendor :WES I-CUBE-Cesium 1.3.0
2025-12-19 13:32:31,203 [INFO] ThirdParty:1030 - CMSIS Pack Vendor :STMicroelectronics lwIP 2.1.2
2025-12-19 13:32:31,203 [INFO] ThirdParty:1030 - CMSIS Pack Vendor :STMicroelectronics X-CUBE-SFXS2LP1 4.0.0
2025-12-19 13:32:31,203 [INFO] ThirdParty:1030 - CMSIS Pack Vendor :STMicroelectronics X-CUBE-BLE2 3.3.0
2025-12-19 13:32:31,203 [INFO] ThirdParty:1030 - CMSIS Pack Vendor :Avnet-IOTCONNECT X-CUBE-iotc-st67-sdk 1.0.0
2025-12-19 13:32:31,203 [INFO] ThirdParty:1030 - CMSIS Pack Vendor :STMicroelectronics PDM2PCM 3.2.0
2025-12-19 13:32:31,203 [INFO] ThirdParty:1030 - CMSIS Pack Vendor :STMicroelectronics X-CUBE-AZRTOS-H7 3.3.0
2025-12-19 13:32:31,203 [INFO] ThirdParty:1030 - CMSIS Pack Vendor :STMicroelectronics X-CUBE-NFC9 1.0.0
2025-12-19 13:32:31,203 [INFO] ThirdParty:1030 - CMSIS Pack Vendor :STMicroelectronics X-CUBE-BLE1 7.1.0
2025-12-19 13:32:31,203 [INFO] ThirdParty:1030 - CMSIS Pack Vendor :STMicroelectronics USB_DEVICE 3.0.0
2025-12-19 13:32:31,203 [INFO] ThirdParty:1030 - CMSIS Pack Vendor :STMicroelectronics X-CUBE-TCPP 4.1.0
2025-12-19 13:32:31,203 [INFO] ThirdParty:1030 - CMSIS Pack Vendor :STMicroelectronics X-CUBE-EEPRMA1 5.2.0
2025-12-19 13:32:31,203 [INFO] ThirdParty:1030 - CMSIS Pack Vendor :STMicroelectronics X-CUBE-BLEMGR 4.1.0
2025-12-19 13:32:31,204 [INFO] ThirdParty:1030 - CMSIS Pack Vendor :STMicroelectronics X-CUBE-IPS 3.0.0
2025-12-19 13:32:31,204 [INFO] ThirdParty:1030 - CMSIS Pack Vendor :STMicroelectronics X-CUBE-AZRTOS-WB 2.0.0
2025-12-19 13:32:31,204 [INFO] ThirdParty:1030 - CMSIS Pack Vendor :STMicroelectronics X-CUBE-GNSS1 7.0.0
2025-12-19 13:32:31,204 [INFO] ThirdParty:1030 - CMSIS Pack Vendor :STMicroelectronics X-CUBE-GNSS1 7.0.1
2025-12-19 13:32:31,204 [INFO] ThirdParty:1030 - CMSIS Pack Vendor :STMicroelectronics X-CUBE-TOUCHGFX 4.25.0
2025-12-19 13:32:31,204 [INFO] ThirdParty:1030 - CMSIS Pack Vendor :STMicroelectronics FP-SNS-STBOX1 2.0.0
2025-12-19 13:32:31,204 [INFO] ThirdParty:1030 - CMSIS Pack Vendor :STMicroelectronics X-CUBE-MEMS1 12.0.0
2025-12-19 13:32:31,204 [INFO] ThirdParty:1030 - CMSIS Pack Vendor :STMicroelectronics X-CUBE-AZRTOS-G0 1.1.0
2025-12-19 13:32:31,204 [INFO] ThirdParty:1030 - CMSIS Pack Vendor :STMicroelectronics X-CUBE-SAFEA1 1.2.2
2025-12-19 13:32:31,204 [INFO] ThirdParty:1030 - CMSIS Pack Vendor :STMicroelectronics X-CUBE-NFC4 3.0.0
2025-12-19 13:32:31,204 [INFO] ThirdParty:1030 - CMSIS Pack Vendor :STMicroelectronics X-CUBE-SUBG2 5.0.0
2025-12-19 13:32:31,204 [INFO] ThirdParty:1030 - CMSIS Pack Vendor :STMicroelectronics X-CUBE-AZRTOS-H7RS 1.1.0
2025-12-19 13:32:31,204 [INFO] ThirdParty:1030 - CMSIS Pack Vendor :STMicroelectronics STM32_WPAN 1.0.0
2025-12-19 13:32:31,204 [INFO] ThirdParty:1030 - CMSIS Pack Vendor :EmbeddedOffice I-CUBE-FS-RTOS 1.0.1
2025-12-19 13:32:31,204 [INFO] ThirdParty:1030 - CMSIS Pack Vendor :STMicroelectronics lwIP 2.0.3
2025-12-19 13:32:31,204 [INFO] ThirdParty:1030 - CMSIS Pack Vendor :Cesanta I-CUBE-Mongoose 7.13.0
2025-12-19 13:32:31,204 [INFO] ThirdParty:1030 - CMSIS Pack Vendor :STMicroelectronics USB_HOST 1.0.0
2025-12-19 13:32:31,204 [INFO] ThirdParty:1030 - CMSIS Pack Vendor :STMicroelectronics X-CUBE-AZRTOS-G4 2.0.0
2025-12-19 13:32:31,204 [INFO] ThirdParty:1030 - CMSIS Pack Vendor :STMicroelectronics X-CUBE-WB05N 2.0.0
2025-12-19 13:32:31,204 [INFO] ThirdParty:1030 - CMSIS Pack Vendor :STMicroelectronics PDM2PCM 3.1.0
2025-12-19 13:32:31,204 [INFO] ThirdParty:1030 - CMSIS Pack Vendor :STMicroelectronics X-CUBE-NFC7 2.0.0
2025-12-19 13:32:31,204 [INFO] ThirdParty:1030 - CMSIS Pack Vendor :STMicroelectronics X-CUBE-TCPP 4.2.0
2025-12-19 13:32:31,204 [INFO] ThirdParty:1030 - CMSIS Pack Vendor :RealThread X-CUBE-RT-Thread_Nano 4.1.1
2025-12-19 13:32:31,204 [INFO] ThirdParty:1030 - CMSIS Pack Vendor :STMicroelectronics FP-ATR-SIGFOX1 3.2.0
2025-12-19 13:32:31,205 [INFO] ThirdParty:1030 - CMSIS Pack Vendor :wolfSSL I-CUBE-wolfSSL 5.7.2
2025-12-19 13:32:31,205 [INFO] ThirdParty:1030 - CMSIS Pack Vendor :quantropi X-CUBE-qispace-sdk-base 1.9.3
2025-12-19 13:32:31,205 [INFO] ThirdParty:1030 - CMSIS Pack Vendor :STMicroelectronics X-CUBE-EEPRMA1 5.1.0
2025-12-19 13:32:31,205 [INFO] ThirdParty:1030 - CMSIS Pack Vendor :STMicroelectronics MBEDTLS 2.16.2
2025-12-19 13:32:31,205 [INFO] ThirdParty:1030 - CMSIS Pack Vendor :STMicroelectronics X-CUBE-IPS 3.1.0
2025-12-19 13:32:31,205 [INFO] ThirdParty:1030 - CMSIS Pack Vendor :STMicroelectronics X-CUBE-ALS 1.0.2
2025-12-19 13:32:31,205 [INFO] ThirdParty:1030 - CMSIS Pack Vendor :ITTIA_DB I-CUBE-ITTIADB 8.9.0
2025-12-19 13:32:31,205 [INFO] ThirdParty:1030 - CMSIS Pack Vendor :STMicroelectronics X-CUBE-TOUCHGFX 4.24.1
2025-12-19 13:32:31,205 [INFO] ThirdParty:1030 - CMSIS Pack Vendor :STMicroelectronics X-CUBE-STSE01 1.0.0
2025-12-19 13:32:31,206 [INFO] ThirdParty:1030 - CMSIS Pack Vendor :wolfSSL I-CUBE-wolfTPM 3.4.0
2025-12-19 13:32:31,206 [INFO] ThirdParty:1030 - CMSIS Pack Vendor :portGmbH I-Cube-SoM-uGOAL 1.1.0
2025-12-19 13:32:31,206 [INFO] ThirdParty:1030 - CMSIS Pack Vendor :STMicroelectronics X-CUBE-ST67W61 1.0.0
2025-12-19 13:32:31,206 [INFO] ThirdParty:1030 - CMSIS Pack Vendor :STMicroelectronics X-CUBE-AI 10.2.0
2025-12-19 13:32:31,206 [INFO] ThirdParty:1030 - CMSIS Pack Vendor :STMicroelectronics ThreadX 1.0.0
2025-12-19 13:32:31,206 [INFO] ThirdParty:1030 - CMSIS Pack Vendor :SEGGER I-CUBE-embOS 1.3.1
2025-12-19 13:32:31,206 [INFO] ThirdParty:1030 - CMSIS Pack Vendor :STMicroelectronics X-CUBE-ALGOBUILD 1.4.0
2025-12-19 13:32:31,206 [INFO] ThirdParty:1030 - CMSIS Pack Vendor :STMicroelectronics X-CUBE-MEMS1 11.3.0
2025-12-19 13:32:31,206 [INFO] ThirdParty:1030 - CMSIS Pack Vendor :STMicroelectronics X-CUBE-AZRTOS-H7RS 1.0.0
2025-12-19 13:32:31,206 [INFO] ThirdParty:1030 - CMSIS Pack Vendor :STMicroelectronics FP-ATR-ASTRA1 2.0.0
2025-12-19 13:32:31,206 [INFO] ThirdParty:1030 - CMSIS Pack Vendor :STMicroelectronics X-CUBE-TOF1 3.4.2
2025-12-19 13:32:31,206 [INFO] ThirdParty:1030 - CMSIS Pack Vendor :STMicroelectronics X-CUBE-TOF1 3.4.3
2025-12-19 13:32:31,207 [INFO] ThirdParty:1030 - CMSIS Pack Vendor :STMicroelectronics X-CUBE-AI 9.1.0
2025-12-19 13:32:31,207 [INFO] ThirdParty:1030 - CMSIS Pack Vendor :Infineon AIROC-Wi-Fi-Bluetooth-STM32 1.6.1
2025-12-19 13:32:31,207 [INFO] ThirdParty:1030 - CMSIS Pack Vendor :wolfSSL I-CUBE-wolfSSH 1.4.17
2025-12-19 13:32:31,207 [INFO] ThirdParty:841 - exiting critical section [change project]
2025-12-19 13:32:31,575 [INFO] PinOutPanel:1589 - setPackage(No Configuration,No Configuration)
2025-12-19 13:32:31,577 [INFO] PinOutPanel:1589 - setPackage(STM32F746ZGTx,LQFP144)
2025-12-19 13:32:32,074 [INFO] UtilMem:75 - Before build in PCC Used Memory: 1007885968 Bytes (1073741824)
2025-12-19 13:32:32,311 [INFO] UtilMem:75 - After build in PCC Used Memory: 891473664 Bytes (1073741824)
2025-12-19 13:32:32,336 [INFO] IPUIPlugin:80 - create IPUIPlugin
2025-12-19 13:32:32,336 [INFO] IPUIPlugin:80 - create IPUIPlugin
2025-12-19 13:32:32,336 [INFO] IPUIPlugin:80 - create IPUIPlugin
2025-12-19 13:32:32,336 [INFO] IPUIPlugin:80 - create IPUIPlugin
2025-12-19 13:32:32,336 [INFO] IPUIPlugin:80 - create IPUIPlugin
2025-12-19 13:32:32,336 [INFO] IPUIPlugin:80 - create IPUIPlugin
2025-12-19 13:32:32,337 [INFO] IPUIPlugin:80 - create IPUIPlugin
2025-12-19 13:32:32,337 [INFO] IPUIPlugin:80 - create IPUIPlugin
2025-12-19 13:32:32,337 [INFO] IPUIPlugin:80 - create IPUIPlugin
2025-12-19 13:32:32,337 [INFO] IPUIPlugin:80 - create IPUIPlugin
2025-12-19 13:32:32,337 [INFO] IPUIPlugin:80 - create IPUIPlugin
2025-12-19 13:32:32,337 [INFO] IPUIPlugin:80 - create IPUIPlugin
2025-12-19 13:32:32,337 [INFO] IPUIPlugin:80 - create IPUIPlugin
2025-12-19 13:32:32,337 [INFO] IPUIPlugin:80 - create IPUIPlugin
2025-12-19 13:32:32,337 [INFO] IPUIPlugin:80 - create IPUIPlugin
2025-12-19 13:32:32,337 [INFO] IPUIPlugin:80 - create IPUIPlugin
2025-12-19 13:32:32,337 [INFO] IPUIPlugin:80 - create IPUIPlugin
2025-12-19 13:32:32,337 [INFO] IPUIPlugin:80 - create IPUIPlugin
2025-12-19 13:32:32,337 [INFO] IPUIPlugin:80 - create IPUIPlugin
2025-12-19 13:32:32,337 [INFO] IPUIPlugin:80 - create IPUIPlugin
2025-12-19 13:32:32,337 [INFO] IPUIPlugin:80 - create IPUIPlugin
2025-12-19 13:32:32,338 [INFO] IPUIPlugin:80 - create IPUIPlugin
2025-12-19 13:32:32,338 [INFO] IPUIPlugin:80 - create IPUIPlugin
2025-12-19 13:32:32,338 [INFO] IPUIPlugin:80 - create IPUIPlugin
2025-12-19 13:32:32,338 [INFO] IPUIPlugin:80 - create IPUIPlugin
2025-12-19 13:32:32,338 [INFO] IPUIPlugin:80 - create IPUIPlugin
2025-12-19 13:32:32,339 [INFO] IPUIPlugin:80 - create IPUIPlugin
2025-12-19 13:32:32,339 [INFO] IPUIPlugin:80 - create IPUIPlugin
2025-12-19 13:32:32,340 [INFO] IPUIPlugin:80 - create IPUIPlugin
2025-12-19 13:32:32,340 [INFO] IPUIPlugin:80 - create IPUIPlugin
2025-12-19 13:32:32,340 [INFO] IPUIPlugin:80 - create IPUIPlugin
2025-12-19 13:32:32,341 [INFO] IPUIPlugin:80 - create IPUIPlugin
2025-12-19 13:32:32,341 [INFO] IPUIPlugin:80 - create IPUIPlugin
2025-12-19 13:32:32,341 [INFO] IPUIPlugin:80 - create IPUIPlugin
2025-12-19 13:32:32,341 [INFO] IPUIPlugin:80 - create IPUIPlugin
2025-12-19 13:32:32,341 [INFO] IPUIPlugin:80 - create IPUIPlugin
2025-12-19 13:32:32,341 [INFO] IPUIPlugin:80 - create IPUIPlugin
2025-12-19 13:32:32,341 [INFO] IPUIPlugin:80 - create IPUIPlugin
2025-12-19 13:32:32,341 [INFO] IPUIPlugin:80 - create IPUIPlugin
2025-12-19 13:32:32,342 [INFO] IPUIPlugin:80 - create IPUIPlugin
2025-12-19 13:32:32,342 [INFO] IPUIPlugin:80 - create IPUIPlugin
2025-12-19 13:32:32,342 [INFO] IPUIPlugin:80 - create IPUIPlugin
2025-12-19 13:32:32,342 [INFO] IPUIPlugin:80 - create IPUIPlugin
2025-12-19 13:32:32,342 [INFO] IPUIPlugin:80 - create IPUIPlugin
2025-12-19 13:32:32,342 [INFO] IPUIPlugin:80 - create IPUIPlugin
2025-12-19 13:32:32,342 [INFO] IPUIPlugin:80 - create IPUIPlugin
2025-12-19 13:32:32,342 [INFO] IPUIPlugin:80 - create IPUIPlugin
2025-12-19 13:32:32,344 [INFO] IPUIPlugin:80 - create IPUIPlugin
2025-12-19 13:32:32,344 [INFO] IPUIPlugin:80 - create IPUIPlugin
2025-12-19 13:32:32,344 [INFO] IPUIPlugin:80 - create IPUIPlugin
2025-12-19 13:32:32,344 [INFO] IPUIPlugin:80 - create IPUIPlugin
2025-12-19 13:32:32,344 [INFO] IPUIPlugin:80 - create IPUIPlugin
2025-12-19 13:32:32,345 [INFO] IPUIPlugin:80 - create IPUIPlugin
2025-12-19 13:32:32,345 [INFO] IPUIPlugin:80 - create IPUIPlugin
2025-12-19 13:32:32,345 [INFO] IPUIPlugin:80 - create IPUIPlugin
2025-12-19 13:32:32,345 [INFO] IPUIPlugin:80 - create IPUIPlugin
2025-12-19 13:32:32,345 [INFO] IPUIPlugin:80 - create IPUIPlugin
2025-12-19 13:32:32,345 [INFO] IPUIPlugin:80 - create IPUIPlugin
2025-12-19 13:32:32,346 [INFO] IPUIPlugin:80 - create IPUIPlugin
2025-12-19 13:32:32,346 [INFO] IPUIPlugin:80 - create IPUIPlugin
2025-12-19 13:32:32,346 [INFO] IPUIPlugin:80 - create IPUIPlugin
2025-12-19 13:32:32,346 [INFO] IPUIPlugin:80 - create IPUIPlugin
2025-12-19 13:32:32,346 [INFO] IPUIPlugin:80 - create IPUIPlugin
2025-12-19 13:32:32,346 [INFO] IPUIPlugin:80 - create IPUIPlugin
2025-12-19 13:32:32,347 [INFO] IPUIPlugin:80 - create IPUIPlugin
2025-12-19 13:32:32,347 [INFO] IPUIPlugin:80 - create IPUIPlugin
2025-12-19 13:32:32,347 [INFO] IPUIPlugin:80 - create IPUIPlugin
2025-12-19 13:32:32,347 [INFO] IPUIPlugin:80 - create IPUIPlugin
2025-12-19 13:32:32,347 [INFO] IPUIPlugin:80 - create IPUIPlugin
2025-12-19 13:32:32,347 [INFO] IPUIPlugin:80 - create IPUIPlugin
2025-12-19 13:32:32,348 [INFO] IPUIPlugin:80 - create IPUIPlugin
2025-12-19 13:32:32,348 [INFO] IPUIPlugin:80 - create IPUIPlugin
2025-12-19 13:32:32,348 [INFO] IPUIPlugin:80 - create IPUIPlugin
2025-12-19 13:32:32,348 [INFO] IPUIPlugin:80 - create IPUIPlugin
2025-12-19 13:32:32,354 [INFO] ApiDbMcu:508 - Load IP Config File for PDM2PCM
2025-12-19 13:32:32,356 [INFO] Can:71 - Can Add PropertyChangeListener com.st.microxplorer.plugins.ip.can.Can@297787b1
2025-12-19 13:32:32,408 [INFO] CADModel:165 - CPN selected for project levelSTM32F746ZGT6
2025-12-19 13:32:32,408 [INFO] CADModel:114 - Register for checkConnection events
2025-12-19 13:32:32,462 [INFO] OpenFileManager:363 - Restore cursor
2025-12-19 13:34:50,082 [INFO] I2cTimingTraitement:330 - 0x00808CD2
2025-12-19 13:34:53,361 [INFO] NvicIntPanel:101 - NVIC parent = com.st.microxplorer.plugins.ip.nvic.MultiNvicIntPanel[,0,0,452x347,layout=javax.swing.BoxLayout,alignmentX=0.0,alignmentY=0.0,border=,flags=9,maximumSize=,minimumSize=,preferredSize=]
2025-12-19 13:36:53,848 [INFO] UtilMem:75 - End SaveConfig() Used Memory: 868781584 Bytes (1073741824)
2025-12-19 13:36:54,253 [INFO] BlockDiagram:2766 - set Specific Code input for plugin: RCC
2025-12-19 13:36:54,253 [INFO] BlockDiagram:2766 - set Specific Code input for plugin: I2C
2025-12-19 13:36:54,254 [INFO] BlockDiagram:2766 - set Specific Code input for plugin: USART
2025-12-19 13:36:54,254 [INFO] BlockDiagram:2766 - set Specific Code input for plugin: USART
2025-12-19 13:36:54,254 [INFO] BlockDiagram:2766 - set Specific Code input for plugin: TIM6_7F7
2025-12-19 13:36:54,254 [INFO] BlockDiagram:2766 - set Specific Code input for plugin: TIM1_8F7
2025-12-19 13:36:54,254 [INFO] BlockDiagram:2766 - set Specific Code input for plugin: TIM1_8F7
2025-12-19 13:36:54,254 [INFO] BlockDiagram:2766 - set Specific Code input for plugin: CAN
2025-12-19 13:36:54,254 [INFO] BlockDiagram:2766 - set Specific Code input for plugin: TIM1_8F7
2025-12-19 13:36:54,254 [INFO] BlockDiagram:2766 - set Specific Code input for plugin: SYS
2025-12-19 13:36:54,254 [INFO] BlockDiagram:2766 - set Specific Code input for plugin: ADC
2025-12-19 13:36:54,255 [INFO] BlockDiagram:2766 - set Specific Code input for plugin: NVIC
2025-12-19 13:36:54,255 [INFO] BlockDiagram:2766 - set Specific Code input for plugin: DMA
2025-12-19 13:36:54,256 [INFO] BlockDiagram:2766 - set Specific Code input for plugin: GPIO
2025-12-19 13:36:54,257 [INFO] CodeGenerator:896 - code generatio: config db path: C:\ST\STM32CubeIDE_1.17.0\STM32CubeIDE\plugins\com.st.stm32cube.common.mx_6.13.0.202411220809\\db\
2025-12-19 13:36:54,522 [INFO] CodeEngine:255 - oldGeneratedFile, C:\Users\kamil\OneDrive\Pulpit\PLIKI I KODY INZYNIERKA\Dicycle_control-20251123T164057Z-1-001\Dicycle_control\MXTmpFiles\license.tmp_save
2025-12-19 13:36:55,178 [INFO] CodeEngine:279 - Generated code: C:\Users\kamil\OneDrive\Pulpit\PLIKI I KODY INZYNIERKA\Dicycle_control-20251123T164057Z-1-001\Dicycle_control\MXTmpFiles\license.tmp
2025-12-19 13:36:55,300 [INFO] CodeEngine:255 - oldGeneratedFile, C:\Users\kamil\OneDrive\Pulpit\PLIKI I KODY INZYNIERKA\Dicycle_control-20251123T164057Z-1-001\Dicycle_control\Core\Src\gpio.c_save
2025-12-19 13:36:55,440 [INFO] CodeEngine:279 - Generated code: C:\Users\kamil\OneDrive\Pulpit\PLIKI I KODY INZYNIERKA\Dicycle_control-20251123T164057Z-1-001\Dicycle_control\Core\Src\gpio.c
2025-12-19 13:36:55,473 [INFO] CodeEngine:255 - oldGeneratedFile, C:\Users\kamil\OneDrive\Pulpit\PLIKI I KODY INZYNIERKA\Dicycle_control-20251123T164057Z-1-001\Dicycle_control\Core\Inc\gpio.h_save
2025-12-19 13:36:55,581 [INFO] CodeEngine:279 - Generated code: C:\Users\kamil\OneDrive\Pulpit\PLIKI I KODY INZYNIERKA\Dicycle_control-20251123T164057Z-1-001\Dicycle_control\Core\Inc\gpio.h
2025-12-19 13:36:56,471 [INFO] CodeEngine:255 - oldGeneratedFile, C:\Users\kamil\OneDrive\Pulpit\PLIKI I KODY INZYNIERKA\Dicycle_control-20251123T164057Z-1-001\Dicycle_control\Core\Src\adc.c_save
2025-12-19 13:36:56,654 [INFO] CodeEngine:279 - Generated code: C:\Users\kamil\OneDrive\Pulpit\PLIKI I KODY INZYNIERKA\Dicycle_control-20251123T164057Z-1-001\Dicycle_control\Core\Src\adc.c
2025-12-19 13:36:56,685 [INFO] CodeEngine:255 - oldGeneratedFile, C:\Users\kamil\OneDrive\Pulpit\PLIKI I KODY INZYNIERKA\Dicycle_control-20251123T164057Z-1-001\Dicycle_control\Core\Inc\adc.h_save
2025-12-19 13:36:56,785 [INFO] CodeEngine:279 - Generated code: C:\Users\kamil\OneDrive\Pulpit\PLIKI I KODY INZYNIERKA\Dicycle_control-20251123T164057Z-1-001\Dicycle_control\Core\Inc\adc.h
2025-12-19 13:36:56,810 [INFO] CodeEngine:255 - oldGeneratedFile, C:\Users\kamil\OneDrive\Pulpit\PLIKI I KODY INZYNIERKA\Dicycle_control-20251123T164057Z-1-001\Dicycle_control\Core\Src\can.c_save
2025-12-19 13:36:56,914 [INFO] CodeEngine:279 - Generated code: C:\Users\kamil\OneDrive\Pulpit\PLIKI I KODY INZYNIERKA\Dicycle_control-20251123T164057Z-1-001\Dicycle_control\Core\Src\can.c
2025-12-19 13:36:56,920 [INFO] CodeEngine:255 - oldGeneratedFile, C:\Users\kamil\OneDrive\Pulpit\PLIKI I KODY INZYNIERKA\Dicycle_control-20251123T164057Z-1-001\Dicycle_control\Core\Inc\can.h_save
2025-12-19 13:36:57,000 [INFO] CodeEngine:279 - Generated code: C:\Users\kamil\OneDrive\Pulpit\PLIKI I KODY INZYNIERKA\Dicycle_control-20251123T164057Z-1-001\Dicycle_control\Core\Inc\can.h
2025-12-19 13:36:57,016 [INFO] CodeEngine:255 - oldGeneratedFile, C:\Users\kamil\OneDrive\Pulpit\PLIKI I KODY INZYNIERKA\Dicycle_control-20251123T164057Z-1-001\Dicycle_control\MXTmpFiles\cortex.tmp_save
2025-12-19 13:36:57,073 [INFO] CodeEngine:279 - Generated code: C:\Users\kamil\OneDrive\Pulpit\PLIKI I KODY INZYNIERKA\Dicycle_control-20251123T164057Z-1-001\Dicycle_control\MXTmpFiles\cortex.tmp
2025-12-19 13:36:57,122 [INFO] CodeEngine:255 - oldGeneratedFile, C:\Users\kamil\OneDrive\Pulpit\PLIKI I KODY INZYNIERKA\Dicycle_control-20251123T164057Z-1-001\Dicycle_control\Core\Src\dma.c_save
2025-12-19 13:36:57,210 [INFO] CodeEngine:279 - Generated code: C:\Users\kamil\OneDrive\Pulpit\PLIKI I KODY INZYNIERKA\Dicycle_control-20251123T164057Z-1-001\Dicycle_control\Core\Src\dma.c
2025-12-19 13:36:57,233 [INFO] CodeEngine:255 - oldGeneratedFile, C:\Users\kamil\OneDrive\Pulpit\PLIKI I KODY INZYNIERKA\Dicycle_control-20251123T164057Z-1-001\Dicycle_control\Core\Inc\dma.h_save
2025-12-19 13:36:57,312 [INFO] CodeEngine:279 - Generated code: C:\Users\kamil\OneDrive\Pulpit\PLIKI I KODY INZYNIERKA\Dicycle_control-20251123T164057Z-1-001\Dicycle_control\Core\Inc\dma.h
2025-12-19 13:36:57,332 [INFO] CodeEngine:255 - oldGeneratedFile, C:\Users\kamil\OneDrive\Pulpit\PLIKI I KODY INZYNIERKA\Dicycle_control-20251123T164057Z-1-001\Dicycle_control\Core\Src\i2c.c_save
2025-12-19 13:36:57,435 [INFO] CodeEngine:279 - Generated code: C:\Users\kamil\OneDrive\Pulpit\PLIKI I KODY INZYNIERKA\Dicycle_control-20251123T164057Z-1-001\Dicycle_control\Core\Src\i2c.c
2025-12-19 13:36:57,444 [INFO] CodeEngine:255 - oldGeneratedFile, C:\Users\kamil\OneDrive\Pulpit\PLIKI I KODY INZYNIERKA\Dicycle_control-20251123T164057Z-1-001\Dicycle_control\Core\Inc\i2c.h_save
2025-12-19 13:36:57,536 [INFO] CodeEngine:279 - Generated code: C:\Users\kamil\OneDrive\Pulpit\PLIKI I KODY INZYNIERKA\Dicycle_control-20251123T164057Z-1-001\Dicycle_control\Core\Inc\i2c.h
2025-12-19 13:36:57,559 [INFO] CodeEngine:255 - oldGeneratedFile, C:\Users\kamil\OneDrive\Pulpit\PLIKI I KODY INZYNIERKA\Dicycle_control-20251123T164057Z-1-001\Dicycle_control\Core\Src\tim.c_save
2025-12-19 13:36:57,689 [INFO] CodeEngine:279 - Generated code: C:\Users\kamil\OneDrive\Pulpit\PLIKI I KODY INZYNIERKA\Dicycle_control-20251123T164057Z-1-001\Dicycle_control\Core\Src\tim.c
2025-12-19 13:36:57,704 [INFO] CodeEngine:255 - oldGeneratedFile, C:\Users\kamil\OneDrive\Pulpit\PLIKI I KODY INZYNIERKA\Dicycle_control-20251123T164057Z-1-001\Dicycle_control\Core\Inc\tim.h_save
2025-12-19 13:36:57,801 [INFO] CodeEngine:279 - Generated code: C:\Users\kamil\OneDrive\Pulpit\PLIKI I KODY INZYNIERKA\Dicycle_control-20251123T164057Z-1-001\Dicycle_control\Core\Inc\tim.h
2025-12-19 13:36:57,828 [INFO] CodeEngine:255 - oldGeneratedFile, C:\Users\kamil\OneDrive\Pulpit\PLIKI I KODY INZYNIERKA\Dicycle_control-20251123T164057Z-1-001\Dicycle_control\Core\Src\usart.c_save
2025-12-19 13:36:57,941 [INFO] CodeEngine:279 - Generated code: C:\Users\kamil\OneDrive\Pulpit\PLIKI I KODY INZYNIERKA\Dicycle_control-20251123T164057Z-1-001\Dicycle_control\Core\Src\usart.c
2025-12-19 13:36:57,950 [INFO] CodeEngine:255 - oldGeneratedFile, C:\Users\kamil\OneDrive\Pulpit\PLIKI I KODY INZYNIERKA\Dicycle_control-20251123T164057Z-1-001\Dicycle_control\Core\Inc\usart.h_save
2025-12-19 13:36:58,038 [INFO] CodeEngine:279 - Generated code: C:\Users\kamil\OneDrive\Pulpit\PLIKI I KODY INZYNIERKA\Dicycle_control-20251123T164057Z-1-001\Dicycle_control\Core\Inc\usart.h
2025-12-19 13:36:58,075 [INFO] CodeEngine:255 - oldGeneratedFile, C:\Users\kamil\OneDrive\Pulpit\PLIKI I KODY INZYNIERKA\Dicycle_control-20251123T164057Z-1-001\Dicycle_control\Core\Src\stm32f7xx_it.c_save
2025-12-19 13:36:58,238 [INFO] CodeEngine:279 - Generated code: C:\Users\kamil\OneDrive\Pulpit\PLIKI I KODY INZYNIERKA\Dicycle_control-20251123T164057Z-1-001\Dicycle_control\Core\Src\stm32f7xx_it.c
2025-12-19 13:36:58,268 [INFO] CodeEngine:255 - oldGeneratedFile, C:\Users\kamil\OneDrive\Pulpit\PLIKI I KODY INZYNIERKA\Dicycle_control-20251123T164057Z-1-001\Dicycle_control\Core\Inc\stm32f7xx_it.h_save
2025-12-19 13:36:58,343 [INFO] CodeEngine:279 - Generated code: C:\Users\kamil\OneDrive\Pulpit\PLIKI I KODY INZYNIERKA\Dicycle_control-20251123T164057Z-1-001\Dicycle_control\Core\Inc\stm32f7xx_it.h
2025-12-19 13:36:58,385 [INFO] CodeEngine:255 - oldGeneratedFile, C:\Users\kamil\OneDrive\Pulpit\PLIKI I KODY INZYNIERKA\Dicycle_control-20251123T164057Z-1-001\Dicycle_control\Core\Src\stm32f7xx_hal_msp.c_save
2025-12-19 13:36:58,477 [INFO] CodeEngine:279 - Generated code: C:\Users\kamil\OneDrive\Pulpit\PLIKI I KODY INZYNIERKA\Dicycle_control-20251123T164057Z-1-001\Dicycle_control\Core\Src\stm32f7xx_hal_msp.c
2025-12-19 13:36:58,498 [INFO] CodeEngine:255 - oldGeneratedFile, C:\Users\kamil\OneDrive\Pulpit\PLIKI I KODY INZYNIERKA\Dicycle_control-20251123T164057Z-1-001\Dicycle_control\MXTmpFiles\system.tmp_save
2025-12-19 13:36:58,553 [INFO] CodeEngine:279 - Generated code: C:\Users\kamil\OneDrive\Pulpit\PLIKI I KODY INZYNIERKA\Dicycle_control-20251123T164057Z-1-001\Dicycle_control\MXTmpFiles\system.tmp
2025-12-19 13:36:58,583 [INFO] CodeEngine:311 - oldGeneratedFile, C:\Users\kamil\OneDrive\Pulpit\PLIKI I KODY INZYNIERKA\Dicycle_control-20251123T164057Z-1-001\Dicycle_control\Core\Inc\stm32f7xx_hal_conf.h_save
2025-12-19 13:36:58,671 [INFO] CodeEngine:335 - Generated code: C:\Users\kamil\OneDrive\Pulpit\PLIKI I KODY INZYNIERKA\Dicycle_control-20251123T164057Z-1-001\Dicycle_control\Core\Inc\stm32f7xx_hal_conf.h
2025-12-19 13:36:58,706 [INFO] ApiDbMcu:508 - Load IP Config File for ADC1
2025-12-19 13:36:58,708 [INFO] ApiDbMcu:508 - Load IP Config File for CAN1
2025-12-19 13:36:58,711 [INFO] ApiDbMcu:508 - Load IP Config File for I2C2
2025-12-19 13:36:58,719 [INFO] ApiDbMcu:508 - Load IP Config File for TIM1
2025-12-19 13:36:58,727 [INFO] ApiDbMcu:508 - Load IP Config File for TIM3
2025-12-19 13:36:58,735 [INFO] ApiDbMcu:508 - Load IP Config File for TIM4
2025-12-19 13:36:58,743 [INFO] ApiDbMcu:508 - Load IP Config File for TIM6
2025-12-19 13:36:58,747 [INFO] ApiDbMcu:508 - Load IP Config File for USART2
2025-12-19 13:36:58,750 [INFO] ApiDbMcu:508 - Load IP Config File for USART3
2025-12-19 13:36:58,753 [INFO] ApiDbMcu:508 - Load IP Config File for RCC
2025-12-19 13:36:58,792 [INFO] CodeEngine:255 - oldGeneratedFile, C:\Users\kamil\OneDrive\Pulpit\PLIKI I KODY INZYNIERKA\Dicycle_control-20251123T164057Z-1-001\Dicycle_control\Core\Inc\main.h_save
2025-12-19 13:36:58,898 [INFO] CodeEngine:279 - Generated code: C:\Users\kamil\OneDrive\Pulpit\PLIKI I KODY INZYNIERKA\Dicycle_control-20251123T164057Z-1-001\Dicycle_control\Core\Inc\main.h
2025-12-19 13:36:58,923 [INFO] CodeEngine:255 - oldGeneratedFile, C:\Users\kamil\OneDrive\Pulpit\PLIKI I KODY INZYNIERKA\Dicycle_control-20251123T164057Z-1-001\Dicycle_control\Core\Src\main.c_save
2025-12-19 13:36:59,042 [INFO] CodeEngine:279 - Generated code: C:\Users\kamil\OneDrive\Pulpit\PLIKI I KODY INZYNIERKA\Dicycle_control-20251123T164057Z-1-001\Dicycle_control\Core\Src\main.c
2025-12-19 13:36:59,693 [INFO] ProjectBuilder:3289 - Time for Copy HAL[1] : 448mS.
2025-12-19 13:36:59,703 [INFO] ProjectBuilder:4876 - Project Generator version: 4.5.0-RC5
2025-12-19 13:36:59,767 [INFO] ConfigFileManager:1579 - The Die is : DIE449
2025-12-19 13:36:59,785 [INFO] ApiDbMcu:508 - Load IP Config File for FATFS
2025-12-19 13:36:59,801 [INFO] ApiDbMcu:508 - Load IP Config File for FREERTOS
2025-12-19 13:36:59,814 [INFO] ApiDbMcu:508 - Load IP Config File for LIBJPEG
2025-12-19 13:36:59,831 [INFO] ApiDbMcu:508 - Load IP Config File for LWIP
2025-12-19 13:36:59,848 [INFO] ApiDbMcu:508 - Load IP Config File for MBEDTLS
2025-12-19 13:36:59,863 [INFO] ApiDbMcu:508 - Load IP Config File for USB_DEVICE
2025-12-19 13:36:59,876 [INFO] ApiDbMcu:508 - Load IP Config File for USB_HOST
2025-12-19 13:37:00,608 [INFO] LogOutputStream:77 - [STDOUT_REDIRECT] 
2025-12-19 13:37:04,754 [INFO] ProjectBuilder:5154 - Time for Generating toolchain IDE Files: 5050mS.
2025-12-19 13:37:04,756 [INFO] ProjectBuilder:3146 - Time for Copy CMSIS : 0mS.
2025-12-19 13:37:04,763 [INFO] ProjectBuilder:3146 - Time for Copy CMSIS : 0mS.
2025-12-19 13:37:12,854 [INFO] MainUpdater:2872 - connection check result : 10
2025-12-19 13:37:12,854 [INFO] MainUpdater:2872 - connection check result : 10
2025-12-19 13:37:13,005 [INFO] I2cTimingTraitement:330 - 0x00808CD2
2025-12-19 13:37:13,009 [INFO] MicroXplorer:468 - Change Database Path : 
2025-12-19 13:37:13,009 [INFO] MicroXplorer:498 - Change Database Version : DB.6.0.130
2025-12-19 13:37:13,023 [ERROR] ProjectManagerView:394 - 
java.lang.NullPointerException: Cannot invoke "javax.swing.JTextField.getText()" because the return value of "java.util.List.get(int)" is null
	at com.st.microxplorer.plugins.projectmanager.gui.ProjectChoiceTab$9.caretUpdate(ProjectChoiceTab.java:2616) ~[filemanager.jar:?]
	at javax.swing.text.JTextComponent.fireCaretUpdate(JTextComponent.java:408) ~[?:?]
	at javax.swing.text.JTextComponent$MutableCaretEvent.fire(JTextComponent.java:4484) ~[?:?]
	at javax.swing.text.JTextComponent$MutableCaretEvent.stateChanged(JTextComponent.java:4506) ~[?:?]
	at javax.swing.text.DefaultCaret.fireStateChanged(DefaultCaret.java:857) ~[?:?]
	at javax.swing.text.DefaultCaret.changeCaretPosition(DefaultCaret.java:1343) ~[?:?]
	at javax.swing.text.DefaultCaret.handleSetDot(DefaultCaret.java:1242) ~[?:?]
	at javax.swing.text.DefaultCaret.setDot(DefaultCaret.java:1223) ~[?:?]
	at javax.swing.text.DefaultCaret$Handler.insertUpdate(DefaultCaret.java:1819) ~[?:?]
	at javax.swing.text.AbstractDocument.fireInsertUpdate(AbstractDocument.java:227) ~[?:?]
	at javax.swing.text.AbstractDocument.handleInsertString(AbstractDocument.java:781) ~[?:?]
	at javax.swing.text.AbstractDocument.insertString(AbstractDocument.java:740) ~[?:?]
	at javax.swing.text.PlainDocument.insertString(PlainDocument.java:131) ~[?:?]
	at javax.swing.text.AbstractDocument.replace(AbstractDocument.java:699) ~[?:?]
	at javax.swing.text.JTextComponent.setText(JTextComponent.java:1725) ~[?:?]
	at com.st.microxplorer.plugins.projectmanager.gui.ProjectChoiceTab.createHeapStackFields(ProjectChoiceTab.java:975) ~[filemanager.jar:?]
	at com.st.microxplorer.plugins.projectmanager.gui.ProjectChoiceTab.buildLinkSettingsPanel(ProjectChoiceTab.java:3666) ~[filemanager.jar:?]
	at com.st.microxplorer.plugins.projectmanager.gui.ProjectChoiceTab.defineWindowsFields(ProjectChoiceTab.java:1934) ~[filemanager.jar:?]
	at com.st.microxplorer.plugins.projectmanager.gui.ProjectChoiceTab.updateSettings(ProjectChoiceTab.java:553) ~[filemanager.jar:?]
	at com.st.microxplorer.plugins.projectmanager.gui.ProjectSettingsPanel.UpdateDialog(ProjectSettingsPanel.java:245) ~[filemanager.jar:?]
	at com.st.microxplorer.plugins.projectmanager.ProjectManagerView.propertyChange(ProjectManagerView.java:391) ~[filemanager.jar:?]
	at java.beans.PropertyChangeSupport.fire(PropertyChangeSupport.java:343) ~[?:?]
	at java.beans.PropertyChangeSupport.firePropertyChange(PropertyChangeSupport.java:335) ~[?:?]
	at java.beans.PropertyChangeSupport.firePropertyChange(PropertyChangeSupport.java:268) ~[?:?]
	at com.st.microxplorer.util.MXPropertyChangeSupport.firePropertyChange(MXPropertyChangeSupport.java:54) ~[STM32CubeMX.jar:?]
	at com.st.microxplorer.mxsystem.MxSystem.closeConfig(MxSystem.java:899) ~[STM32CubeMX.jar:?]
	at com.st.microxplorer.maingui.MainPanel.closeConfig(MainPanel.java:789) ~[STM32CubeMX.jar:?]
	at com.st.microxplorer.plugins.filemanager.engine.OpenFileManager.loadConfigurationFile(OpenFileManager.java:265) ~[filemanager.jar:?]
	at com.st.microxplorer.plugins.filemanager.engine.MainFileManager.userLoadConfig(MainFileManager.java:340) ~[filemanager.jar:?]
	at com.st.microxplorer.plugins.filemanager.engine.MainFileManager.userLoadConfig(MainFileManager.java:318) ~[filemanager.jar:?]
	at com.st.microxplorer.plugins.filemanager.FileManagerView.getSpecificTask(FileManagerView.java:246) ~[filemanager.jar:?]
	at com.st.stm32cube.common.mx.editor.CubeMxEditor.getMxTabbedPaneInstance(CubeMxEditor.java:1198) ~[com.st.stm32cube.common.mx_6.13.0.202411220809/:?]
	at com.st.stm32cube.common.mx.editor.CubeMxEditor$12$1.createSwingComponent(CubeMxEditor.java:1068) ~[com.st.stm32cube.common.mx_6.13.0.202411220809/:?]
	at com.st.stm32cube.common.mx.oss.core.awtswtbridge.EmbeddedSwingComposite.doComponentCreation(EmbeddedSwingComposite.java:492) ~[com.st.stm32cube.common.mx.oss_6.13.0.202411220809/:?]
	at com.st.stm32cube.common.mx.oss.core.awtswtbridge.EmbeddedSwingComposite$4.run(EmbeddedSwingComposite.java:291) ~[com.st.stm32cube.common.mx.oss_6.13.0.202411220809/:?]
	at com.st.stm32cube.common.mx.oss.core.awtswtbridge.AwtEnvironment$2.run(AwtEnvironment.java:166) ~[com.st.stm32cube.common.mx.oss_6.13.0.202411220809/:?]
	at java.awt.event.InvocationEvent.dispatch(InvocationEvent.java:318) ~[?:?]
	at java.awt.EventQueue.dispatchEventImpl(EventQueue.java:773) ~[?:?]
	at java.awt.EventQueue$4.run(EventQueue.java:720) ~[?:?]
	at java.awt.EventQueue$4.run(EventQueue.java:714) ~[?:?]
	at java.security.AccessController.doPrivileged(AccessController.java:400) ~[?:?]
	at java.security.ProtectionDomain$JavaSecurityAccessImpl.doIntersectionPrivilege(ProtectionDomain.java:87) ~[?:?]
	at java.awt.EventQueue.dispatchEvent(EventQueue.java:742) ~[?:?]
	at java.awt.EventDispatchThread.pumpOneEventForFilters(EventDispatchThread.java:203) ~[?:?]
	at java.awt.EventDispatchThread.pumpEventsForFilter(EventDispatchThread.java:124) ~[?:?]
	at java.awt.EventDispatchThread.pumpEventsForHierarchy(EventDispatchThread.java:113) ~[?:?]
	at java.awt.EventDispatchThread.pumpEvents(EventDispatchThread.java:109) ~[?:?]
	at java.awt.EventDispatchThread.pumpEvents(EventDispatchThread.java:101) ~[?:?]
	at java.awt.EventDispatchThread.run(EventDispatchThread.java:90) ~[?:?]
2025-12-19 13:37:13,024 [WARN] ThirdParty:871 - waiting for thirdparty lock release [close project]
2025-12-19 13:37:13,024 [INFO] ThirdParty:873 - entering critical section [close project]
2025-12-19 13:37:13,024 [INFO] ThirdParty:883 - exiting critical section [close project]
2025-12-19 13:37:13,027 [INFO] PinOutPanel:1589 - setPackage(No Configuration,No Configuration)
2025-12-19 13:37:13,033 [WARN] IpParametersView:154 - Warning: This peripheral hasn't parameters
2025-12-19 13:37:13,038 [WARN] MainPanel:289 - <html><b><center>Warning: This peripheral has no parameters to be configured<br></b></html>
2025-12-19 13:37:13,038 [ERROR] MainPanel:599 - java.lang.IndexOutOfBoundsException: Index: 0, Tab count: 0
2025-12-19 13:37:13,042 [INFO] UtilMem:75 - Begin LoadConfig() Used Memory: 905566536 Bytes (1073741824)
2025-12-19 13:37:13,043 [INFO] MicroXplorer:468 - Change Database Path : 
2025-12-19 13:37:13,044 [INFO] MicroXplorer:498 - Change Database Version : DB.6.0.130
2025-12-19 13:37:13,044 [INFO] OpenFileManager:332 - Change cursor
2025-12-19 13:37:13,059 [INFO] RulesReader:64 - Compatibility file has been processed (297 Rules)
2025-12-19 13:37:13,064 [INFO] Mcu:2035 - Initializing MCU STM32H743IITx STM32H743IITx STM32H743IIT6
2025-12-19 13:37:16,102 [INFO] Context:748 - Trying to add GPIOservice into a context  which must be forbidden
2025-12-19 13:37:17,425 [INFO] RtosManager:555 - Registered RTOS mode: class=CMSIS, group=RTOS, mode=CMSIS_V1, owner=FREERTOS
2025-12-19 13:37:17,425 [INFO] RtosManager:555 - Registered RTOS mode: class=CMSIS, group=RTOS2, mode=CMSIS_V2, owner=FREERTOS
2025-12-19 13:37:17,426 [INFO] RtosManager:555 - Registered RTOS mode: class=RTOS, group=Core, mode=CMSIS_V1, owner=FREERTOS
2025-12-19 13:37:17,426 [INFO] RtosManager:555 - Registered RTOS mode: class=RTOS, group=Core, mode=CMSIS_V2, owner=FREERTOS
2025-12-19 13:37:17,426 [WARN] ModelIntegratedComponent:184 - Missing modes for component STMicroelectronics:FreeRTOS:0.0.1:STMicroelectronics:RTOS:FreeRTOS:Core:::10.2.0:
2025-12-19 13:37:17,430 [WARN] ModelIntegratedComponent:63 - No mode defined for component null
2025-12-19 13:37:17,430 [WARN] ModelIntegratedComponent:63 - No mode defined for component null
2025-12-19 13:37:17,430 [WARN] ModelIntegratedComponent:63 - No mode defined for component null
2025-12-19 13:37:17,430 [WARN] ModelIntegratedComponent:63 - No mode defined for component null
2025-12-19 13:37:17,431 [WARN] ModelIntegratedComponent:63 - No mode defined for component null
2025-12-19 13:37:17,431 [WARN] ModelIntegratedComponent:63 - No mode defined for component null
2025-12-19 13:37:17,431 [WARN] ModelIntegratedComponent:63 - No mode defined for component null
2025-12-19 13:37:17,431 [WARN] ModelIntegratedComponent:63 - No mode defined for component null
2025-12-19 13:37:17,431 [WARN] ModelIntegratedComponent:63 - No mode defined for component null
2025-12-19 13:37:17,431 [WARN] ModelIntegratedComponent:63 - No mode defined for component null
2025-12-19 13:37:17,431 [WARN] ModelIntegratedComponent:63 - No mode defined for component null
2025-12-19 13:37:17,432 [WARN] ModelIntegratedComponent:63 - No mode defined for component null
2025-12-19 13:37:17,432 [WARN] ModelIntegratedComponent:63 - No mode defined for component null
2025-12-19 13:37:17,432 [WARN] ModelIntegratedComponent:63 - No mode defined for component null
2025-12-19 13:37:17,432 [WARN] ModelIntegratedComponent:63 - No mode defined for component null
2025-12-19 13:37:17,432 [WARN] ModelIntegratedComponent:63 - No mode defined for component null
2025-12-19 13:37:17,432 [WARN] ModelIntegratedComponent:63 - No mode defined for component null
2025-12-19 13:37:17,432 [WARN] ModelIntegratedComponent:63 - No mode defined for component null
2025-12-19 13:37:17,432 [WARN] ModelIntegratedComponent:63 - No mode defined for component null
2025-12-19 13:37:17,433 [WARN] ModelIntegratedComponent:63 - No mode defined for component null
2025-12-19 13:37:17,433 [WARN] ModelIntegratedComponent:63 - No mode defined for component null
2025-12-19 13:37:17,433 [WARN] ModelIntegratedComponent:63 - No mode defined for component null
2025-12-19 13:37:17,433 [WARN] ModelIntegratedComponent:63 - No mode defined for component null
2025-12-19 13:37:17,433 [WARN] ModelIntegratedComponent:63 - No mode defined for component null
2025-12-19 13:37:17,433 [WARN] ModelIntegratedComponent:63 - No mode defined for component null
2025-12-19 13:37:17,433 [WARN] ModelIntegratedComponent:63 - No mode defined for component null
2025-12-19 13:37:17,433 [WARN] ModelIntegratedComponent:63 - No mode defined for component null
2025-12-19 13:37:17,433 [WARN] ModelIntegratedComponent:63 - No mode defined for component null
2025-12-19 13:37:17,434 [WARN] ModelIntegratedComponent:63 - No mode defined for component null
2025-12-19 13:37:17,434 [WARN] ModelIntegratedComponent:63 - No mode defined for component null
2025-12-19 13:37:17,434 [WARN] ModelIntegratedComponent:63 - No mode defined for component null
2025-12-19 13:37:17,434 [WARN] ModelIntegratedComponent:63 - No mode defined for component null
2025-12-19 13:37:17,434 [WARN] ModelIntegratedComponent:63 - No mode defined for component null
2025-12-19 13:37:17,434 [WARN] ModelIntegratedComponent:63 - No mode defined for component null
2025-12-19 13:37:17,434 [WARN] ModelIntegratedComponent:63 - No mode defined for component null
2025-12-19 13:37:17,434 [WARN] ModelPack:524 - Component already loaded: STMicroelectronics:HAL Drivers:0.0.0:STMicroelectronics:Device:STMicro_Driver:XSPI:HAL::0.0.1:HAL_XSPI
2025-12-19 13:37:17,565 [INFO] ThirdPartyModel:298 - Start build external matchings
2025-12-19 13:37:18,397 [INFO] ThirdPartyModel:316 - End build external matchings
2025-12-19 13:37:18,421 [WARN] IP:2251 - ClockDivider not found: check if there is a RefParameter without a condition.
2025-12-19 13:37:18,422 [WARN] IP:2251 - ClockDividerCCU not found: check if there is a RefParameter without a condition.
2025-12-19 13:37:18,422 [WARN] IP:2251 - MinOscClkPeriodsCCU not found: check if there is a RefParameter without a condition.
2025-12-19 13:37:18,422 [WARN] IP:2251 - TimeQuantaPerBitTimeCCU not found: check if there is a RefParameter without a condition.
2025-12-19 13:37:18,422 [WARN] IP:2251 - WatchdogStartValueCCU not found: check if there is a RefParameter without a condition.
2025-12-19 13:37:18,425 [WARN] IP:2251 - LayerIdx_L1 not found: check if there is a RefParameter without a condition.
2025-12-19 13:37:18,425 [INFO] ImportTextPane:218 - (OptionalMessage_ERROR) IP (RCC) : Parameter (ADCFreq_Value) has invalid value (129000000)
2025-12-19 13:37:18,429 [INFO] ImportTextPane:218 - (OptionalMessage_ERROR) IP (RCC) : Invalid parameter (FamilyName)
2025-12-19 13:37:18,429 [INFO] ImportTextPane:218 - (OptionalMessage_ERROR) IP (RCC) : Parameter (LPTIM1Freq_Value) has invalid value (64000000)
2025-12-19 13:37:18,429 [INFO] ImportTextPane:218 - (OptionalMessage_ERROR) IP (RCC) : Parameter (LPTIM2Freq_Value) has invalid value (64000000)
2025-12-19 13:37:18,429 [INFO] ImportTextPane:218 - (OptionalMessage_ERROR) IP (RCC) : Parameter (LPTIM345Freq_Value) has invalid value (64000000)
2025-12-19 13:37:18,429 [INFO] ImportTextPane:218 - (OptionalMessage_ERROR) IP (RCC) : Parameter (LPUART1Freq_Value) has invalid value (64000000)
2025-12-19 13:37:18,430 [INFO] ImportTextPane:218 - (OptionalMessage_ERROR) IP (RCC) : Parameter (SPI45Freq_Value) has invalid value (64000000)
2025-12-19 13:37:18,430 [INFO] ImportTextPane:218 - (OptionalMessage_ERROR) IP (RCC) : Parameter (SPI6Freq_Value) has invalid value (64000000)
2025-12-19 13:37:18,430 [INFO] ImportTextPane:218 - (OptionalMessage_ERROR) IP (RCC) : Parameter (SWPMI1Freq_Value) has invalid value (64000000)
2025-12-19 13:37:18,430 [INFO] ImportTextPane:218 - (OptionalMessage_ERROR) IP (RCC) : Parameter (USART16Freq_Value) has invalid value (64000000)
2025-12-19 13:37:18,430 [INFO] ImportTextPane:218 - (OptionalMessage_ERROR) IP (RCC) : Parameter (USART234578Freq_Value) has invalid value (64000000)
2025-12-19 13:37:19,181 [INFO] UtilMem:75 - End LoadConfig() Used Memory: 937807664 Bytes (1073741824)
2025-12-19 13:37:19,233 [WARN] ThirdParty:833 - waiting for thirdparty lock release [change project]
2025-12-19 13:37:19,233 [INFO] ThirdParty:835 - entering critical section [change project]
2025-12-19 13:37:19,233 [INFO] ThirdParty:1030 - CMSIS Pack Vendor :STMicroelectronics X-CUBE-PM33A1 1.0.0
2025-12-19 13:37:19,234 [INFO] ThirdParty:1030 - CMSIS Pack Vendor :STMicroelectronics USBPD 4.1
2025-12-19 13:37:19,234 [INFO] ThirdParty:1030 - CMSIS Pack Vendor :STMicroelectronics USB_HOST 2.0.0
2025-12-19 13:37:19,234 [INFO] ThirdParty:1030 - CMSIS Pack Vendor :STMicroelectronics FP-SNS-MOTENVWB1 1.4.0
2025-12-19 13:37:19,234 [INFO] ThirdParty:1030 - CMSIS Pack Vendor :STMicroelectronics X-CUBE-AZRTOS-F4 1.1.0
2025-12-19 13:37:19,234 [INFO] ThirdParty:1030 - CMSIS Pack Vendor :STMicroelectronics LIBJPEG 8.0.0
2025-12-19 13:37:19,234 [INFO] ThirdParty:1030 - CMSIS Pack Vendor :STMicroelectronics FP-ATR-ASTRA1 2.0.2
2025-12-19 13:37:19,234 [INFO] ThirdParty:1030 - CMSIS Pack Vendor :STMicroelectronics FP-ATR-ASTRA1 2.0.1
2025-12-19 13:37:19,234 [INFO] ThirdParty:1030 - CMSIS Pack Vendor :STMicroelectronics X-CUBE-SMBUS 2.1.0
2025-12-19 13:37:19,234 [INFO] ThirdParty:1030 - CMSIS Pack Vendor :STMicroelectronics X-CUBE-WB05N 1.1.0
2025-12-19 13:37:19,234 [INFO] ThirdParty:1030 - CMSIS Pack Vendor :STMicroelectronics X-CUBE-ISPU 2.1.0
2025-12-19 13:37:19,234 [INFO] ThirdParty:1030 - CMSIS Pack Vendor :STMicroelectronics X-CUBE-FREERTOS 1.2.0
2025-12-19 13:37:19,234 [INFO] ThirdParty:1030 - CMSIS Pack Vendor :STMicroelectronics X-CUBE-ST60 1.0.0
2025-12-19 13:37:19,234 [INFO] ThirdParty:1030 - CMSIS Pack Vendor :STMicroelectronics X-CUBE-NFC12 1.0.0
2025-12-19 13:37:19,234 [INFO] ThirdParty:1030 - CMSIS Pack Vendor :STMicroelectronics X-CUBE-AZRTOS-F7 1.1.0
2025-12-19 13:37:19,234 [INFO] ThirdParty:1030 - CMSIS Pack Vendor :STMicroelectronics X-CUBE-AZRTOS-L5 2.0.0
2025-12-19 13:37:19,234 [INFO] ThirdParty:1030 - CMSIS Pack Vendor :STMicroelectronics USB_DEVICE 2.0.0
2025-12-19 13:37:19,234 [INFO] ThirdParty:1030 - CMSIS Pack Vendor :STMicroelectronics X-CUBE-NFC6 3.1.0
2025-12-19 13:37:19,234 [INFO] ThirdParty:1030 - CMSIS Pack Vendor :ARM CMSIS 5.7.0
2025-12-19 13:37:19,234 [INFO] ThirdParty:1030 - CMSIS Pack Vendor :STMicroelectronics X-CUBE-MEMS1 11.0.0
2025-12-19 13:37:19,234 [INFO] ThirdParty:1030 - CMSIS Pack Vendor :STMicroelectronics FreeRTOS 0.0.1
2025-12-19 13:37:19,234 [INFO] ThirdParty:1030 - CMSIS Pack Vendor :STMicroelectronics X-CUBE-DPower 1.2.0
2025-12-19 13:37:19,234 [INFO] ThirdParty:1030 - CMSIS Pack Vendor :STMicroelectronics FP-SNS-FLIGHT1 5.0.2
2025-12-19 13:37:19,234 [INFO] ThirdParty:1030 - CMSIS Pack Vendor :STMicroelectronics PDM2PCM 3.3.0
2025-12-19 13:37:19,234 [INFO] ThirdParty:1030 - CMSIS Pack Vendor :STMicroelectronics X-CUBE-AZRTOS-H7 3.4.0
2025-12-19 13:37:19,235 [INFO] ThirdParty:1030 - CMSIS Pack Vendor :STMicroelectronics X-CUBE-DISPLAY 3.0.0
2025-12-19 13:37:19,235 [INFO] ThirdParty:1030 - CMSIS Pack Vendor :STMicroelectronics X-CUBE-BLE1 7.0.0
2025-12-19 13:37:19,235 [INFO] ThirdParty:1030 - CMSIS Pack Vendor :STMicroelectronics X-CUBE-NFC10 1.0.0
2025-12-19 13:37:19,235 [INFO] ThirdParty:1030 - CMSIS Pack Vendor :STMicroelectronics X-CUBE-BLEMGR 4.0.0
2025-12-19 13:37:19,235 [INFO] ThirdParty:1030 - CMSIS Pack Vendor :STMicroelectronics X-CUBE-FREERTOS 1.3.1
2025-12-19 13:37:19,235 [INFO] ThirdParty:1030 - CMSIS Pack Vendor :STMicroelectronics HAL Drivers 0.0.0
2025-12-19 13:37:19,235 [INFO] ThirdParty:1030 - CMSIS Pack Vendor :STMicroelectronics X-CUBE-ST60 1.1.0
2025-12-19 13:37:19,235 [INFO] ThirdParty:1030 - CMSIS Pack Vendor :emotas I-CUBE-CANOPEN 1.3.0
2025-12-19 13:37:19,235 [INFO] ThirdParty:1030 - CMSIS Pack Vendor :STMicroelectronics X-CUBE-FREERTOS 1.3.0
2025-12-19 13:37:19,235 [INFO] ThirdParty:1030 - CMSIS Pack Vendor :STMicroelectronics X-CUBE-NFC7 1.0.1
2025-12-19 13:37:19,235 [INFO] ThirdParty:1030 - CMSIS Pack Vendor :STMicroelectronics MBEDTLS 2.14.1
2025-12-19 13:37:19,235 [INFO] ThirdParty:1030 - CMSIS Pack Vendor :STMicroelectronics X-CUBE-GNSS1 7.1.0
2025-12-19 13:37:19,235 [INFO] ThirdParty:1030 - CMSIS Pack Vendor :STMicroelectronics X-CUBE-TOUCHGFX 4.26.0
2025-12-19 13:37:19,235 [INFO] ThirdParty:1030 - CMSIS Pack Vendor :STMicroelectronics X-CUBE-BLEMGR 3.1.0
2025-12-19 13:37:19,235 [INFO] ThirdParty:1030 - CMSIS Pack Vendor :STMicroelectronics X-CUBE-AI 10.0.0
2025-12-19 13:37:19,235 [INFO] ThirdParty:1030 - CMSIS Pack Vendor :STMicroelectronics FP-SNS-STAIOTCFT 1.0.0
2025-12-19 13:37:19,235 [INFO] ThirdParty:1030 - CMSIS Pack Vendor :STMicroelectronics FP-SNS-SMARTAG2 1.2.0
2025-12-19 13:37:19,235 [INFO] ThirdParty:1030 - CMSIS Pack Vendor :STMicroelectronics FP-SNS-FLIGHT1 5.1.0
2025-12-19 13:37:19,236 [INFO] ThirdParty:1030 - CMSIS Pack Vendor :STMicroelectronics X-CUBE-MEMS1 11.1.0
2025-12-19 13:37:19,236 [INFO] ThirdParty:1030 - CMSIS Pack Vendor :STMicroelectronics X-CUBE-AZRTOS-WL 2.0.0
2025-12-19 13:37:19,236 [INFO] ThirdParty:1030 - CMSIS Pack Vendor :STMicroelectronics X-CUBE-DPower 1.3.0
2025-12-19 13:37:19,236 [INFO] ThirdParty:1030 - CMSIS Pack Vendor :STMicroelectronics FP-SNS-MOTENV1 5.0.0
2025-12-19 13:37:19,236 [INFO] ThirdParty:1030 - CMSIS Pack Vendor :STMicroelectronics USB_DEVICE 1.0.0
2025-12-19 13:37:19,236 [INFO] ThirdParty:1030 - CMSIS Pack Vendor :STMicroelectronics X-CUBE-AZRTOS-H7RS 1.2.0
2025-12-19 13:37:19,236 [INFO] ThirdParty:1030 - CMSIS Pack Vendor :wolfSSL I-CUBE-wolfMQTT 1.19.0
2025-12-19 13:37:19,236 [INFO] ThirdParty:1030 - CMSIS Pack Vendor :STMicroelectronics X-CUBE-AZRTOS-L4 2.0.0
2025-12-19 13:37:19,236 [INFO] ThirdParty:1030 - CMSIS Pack Vendor :STMicroelectronics ThreadX 0.0.2
2025-12-19 13:37:19,236 [INFO] ThirdParty:1030 - CMSIS Pack Vendor :WES I-CUBE-Cesium 1.3.0
2025-12-19 13:37:19,236 [INFO] ThirdParty:1030 - CMSIS Pack Vendor :STMicroelectronics lwIP 2.1.2
2025-12-19 13:37:19,236 [INFO] ThirdParty:1030 - CMSIS Pack Vendor :STMicroelectronics X-CUBE-SFXS2LP1 4.0.0
2025-12-19 13:37:19,236 [INFO] ThirdParty:1030 - CMSIS Pack Vendor :STMicroelectronics X-CUBE-BLE2 3.3.0
2025-12-19 13:37:19,236 [INFO] ThirdParty:1030 - CMSIS Pack Vendor :Avnet-IOTCONNECT X-CUBE-iotc-st67-sdk 1.0.0
2025-12-19 13:37:19,236 [INFO] ThirdParty:1030 - CMSIS Pack Vendor :STMicroelectronics PDM2PCM 3.2.0
2025-12-19 13:37:19,236 [INFO] ThirdParty:1030 - CMSIS Pack Vendor :STMicroelectronics X-CUBE-AZRTOS-H7 3.3.0
2025-12-19 13:37:19,236 [INFO] ThirdParty:1030 - CMSIS Pack Vendor :STMicroelectronics X-CUBE-NFC9 1.0.0
2025-12-19 13:37:19,236 [INFO] ThirdParty:1030 - CMSIS Pack Vendor :STMicroelectronics X-CUBE-BLE1 7.1.0
2025-12-19 13:37:19,236 [INFO] ThirdParty:1030 - CMSIS Pack Vendor :STMicroelectronics USB_DEVICE 3.0.0
2025-12-19 13:37:19,236 [INFO] ThirdParty:1030 - CMSIS Pack Vendor :STMicroelectronics X-CUBE-TCPP 4.1.0
2025-12-19 13:37:19,236 [INFO] ThirdParty:1030 - CMSIS Pack Vendor :STMicroelectronics X-CUBE-EEPRMA1 5.2.0
2025-12-19 13:37:19,237 [INFO] ThirdParty:1030 - CMSIS Pack Vendor :STMicroelectronics X-CUBE-BLEMGR 4.1.0
2025-12-19 13:37:19,237 [INFO] ThirdParty:1030 - CMSIS Pack Vendor :STMicroelectronics X-CUBE-IPS 3.0.0
2025-12-19 13:37:19,237 [INFO] ThirdParty:1030 - CMSIS Pack Vendor :STMicroelectronics X-CUBE-AZRTOS-WB 2.0.0
2025-12-19 13:37:19,237 [INFO] ThirdParty:1030 - CMSIS Pack Vendor :STMicroelectronics X-CUBE-GNSS1 7.0.0
2025-12-19 13:37:19,237 [INFO] ThirdParty:1030 - CMSIS Pack Vendor :STMicroelectronics X-CUBE-GNSS1 7.0.1
2025-12-19 13:37:19,237 [INFO] ThirdParty:1030 - CMSIS Pack Vendor :STMicroelectronics X-CUBE-TOUCHGFX 4.25.0
2025-12-19 13:37:19,237 [INFO] ThirdParty:1030 - CMSIS Pack Vendor :STMicroelectronics FP-SNS-STBOX1 2.0.0
2025-12-19 13:37:19,237 [INFO] ThirdParty:1030 - CMSIS Pack Vendor :STMicroelectronics X-CUBE-MEMS1 12.0.0
2025-12-19 13:37:19,237 [INFO] ThirdParty:1030 - CMSIS Pack Vendor :STMicroelectronics X-CUBE-AZRTOS-G0 1.1.0
2025-12-19 13:37:19,237 [INFO] ThirdParty:1030 - CMSIS Pack Vendor :STMicroelectronics X-CUBE-SAFEA1 1.2.2
2025-12-19 13:37:19,237 [INFO] ThirdParty:1030 - CMSIS Pack Vendor :STMicroelectronics X-CUBE-NFC4 3.0.0
2025-12-19 13:37:19,237 [INFO] ThirdParty:1030 - CMSIS Pack Vendor :STMicroelectronics X-CUBE-SUBG2 5.0.0
2025-12-19 13:37:19,237 [INFO] ThirdParty:1030 - CMSIS Pack Vendor :STMicroelectronics X-CUBE-AZRTOS-H7RS 1.1.0
2025-12-19 13:37:19,237 [INFO] ThirdParty:1030 - CMSIS Pack Vendor :STMicroelectronics STM32_WPAN 1.0.0
2025-12-19 13:37:19,237 [INFO] ThirdParty:1030 - CMSIS Pack Vendor :EmbeddedOffice I-CUBE-FS-RTOS 1.0.1
2025-12-19 13:37:19,237 [INFO] ThirdParty:1030 - CMSIS Pack Vendor :STMicroelectronics lwIP 2.0.3
2025-12-19 13:37:19,237 [INFO] ThirdParty:1030 - CMSIS Pack Vendor :Cesanta I-CUBE-Mongoose 7.13.0
2025-12-19 13:37:19,237 [INFO] ThirdParty:1030 - CMSIS Pack Vendor :STMicroelectronics USB_HOST 1.0.0
2025-12-19 13:37:19,237 [INFO] ThirdParty:1030 - CMSIS Pack Vendor :STMicroelectronics X-CUBE-AZRTOS-G4 2.0.0
2025-12-19 13:37:19,237 [INFO] ThirdParty:1030 - CMSIS Pack Vendor :STMicroelectronics X-CUBE-WB05N 2.0.0
2025-12-19 13:37:19,237 [INFO] ThirdParty:1030 - CMSIS Pack Vendor :STMicroelectronics PDM2PCM 3.1.0
2025-12-19 13:37:19,237 [INFO] ThirdParty:1030 - CMSIS Pack Vendor :STMicroelectronics X-CUBE-NFC7 2.0.0
2025-12-19 13:37:19,237 [INFO] ThirdParty:1030 - CMSIS Pack Vendor :STMicroelectronics X-CUBE-TCPP 4.2.0
2025-12-19 13:37:19,237 [INFO] ThirdParty:1030 - CMSIS Pack Vendor :RealThread X-CUBE-RT-Thread_Nano 4.1.1
2025-12-19 13:37:19,237 [INFO] ThirdParty:1030 - CMSIS Pack Vendor :STMicroelectronics FP-ATR-SIGFOX1 3.2.0
2025-12-19 13:37:19,237 [INFO] ThirdParty:1030 - CMSIS Pack Vendor :wolfSSL I-CUBE-wolfSSL 5.7.2
2025-12-19 13:37:19,238 [INFO] ThirdParty:1030 - CMSIS Pack Vendor :quantropi X-CUBE-qispace-sdk-base 1.9.3
2025-12-19 13:37:19,238 [INFO] ThirdParty:1030 - CMSIS Pack Vendor :STMicroelectronics X-CUBE-EEPRMA1 5.1.0
2025-12-19 13:37:19,238 [INFO] ThirdParty:1030 - CMSIS Pack Vendor :STMicroelectronics MBEDTLS 2.16.2
2025-12-19 13:37:19,238 [INFO] ThirdParty:1030 - CMSIS Pack Vendor :STMicroelectronics X-CUBE-IPS 3.1.0
2025-12-19 13:37:19,238 [INFO] ThirdParty:1030 - CMSIS Pack Vendor :STMicroelectronics X-CUBE-ALS 1.0.2
2025-12-19 13:37:19,238 [INFO] ThirdParty:1030 - CMSIS Pack Vendor :ITTIA_DB I-CUBE-ITTIADB 8.9.0
2025-12-19 13:37:19,238 [INFO] ThirdParty:1030 - CMSIS Pack Vendor :STMicroelectronics X-CUBE-TOUCHGFX 4.24.1
2025-12-19 13:37:19,238 [INFO] ThirdParty:1030 - CMSIS Pack Vendor :STMicroelectronics X-CUBE-STSE01 1.0.0
2025-12-19 13:37:19,238 [INFO] ThirdParty:1030 - CMSIS Pack Vendor :wolfSSL I-CUBE-wolfTPM 3.4.0
2025-12-19 13:37:19,238 [INFO] ThirdParty:1030 - CMSIS Pack Vendor :portGmbH I-Cube-SoM-uGOAL 1.1.0
2025-12-19 13:37:19,238 [INFO] ThirdParty:1030 - CMSIS Pack Vendor :STMicroelectronics X-CUBE-ST67W61 1.0.0
2025-12-19 13:37:19,238 [INFO] ThirdParty:1030 - CMSIS Pack Vendor :STMicroelectronics X-CUBE-AI 10.2.0
2025-12-19 13:37:19,238 [INFO] ThirdParty:1030 - CMSIS Pack Vendor :STMicroelectronics ThreadX 1.0.0
2025-12-19 13:37:19,238 [INFO] ThirdParty:1030 - CMSIS Pack Vendor :SEGGER I-CUBE-embOS 1.3.1
2025-12-19 13:37:19,238 [INFO] ThirdParty:1030 - CMSIS Pack Vendor :STMicroelectronics X-CUBE-ALGOBUILD 1.4.0
2025-12-19 13:37:19,238 [INFO] ThirdParty:1030 - CMSIS Pack Vendor :STMicroelectronics X-CUBE-MEMS1 11.3.0
2025-12-19 13:37:19,238 [INFO] ThirdParty:1030 - CMSIS Pack Vendor :STMicroelectronics X-CUBE-AZRTOS-H7RS 1.0.0
2025-12-19 13:37:19,238 [INFO] ThirdParty:1030 - CMSIS Pack Vendor :STMicroelectronics FP-ATR-ASTRA1 2.0.0
2025-12-19 13:37:19,238 [INFO] ThirdParty:1030 - CMSIS Pack Vendor :STMicroelectronics X-CUBE-TOF1 3.4.2
2025-12-19 13:37:19,238 [INFO] ThirdParty:1030 - CMSIS Pack Vendor :STMicroelectronics X-CUBE-TOF1 3.4.3
2025-12-19 13:37:19,238 [INFO] ThirdParty:1030 - CMSIS Pack Vendor :STMicroelectronics X-CUBE-AI 9.1.0
2025-12-19 13:37:19,238 [INFO] ThirdParty:1030 - CMSIS Pack Vendor :Infineon AIROC-Wi-Fi-Bluetooth-STM32 1.6.1
2025-12-19 13:37:19,238 [INFO] ThirdParty:1030 - CMSIS Pack Vendor :wolfSSL I-CUBE-wolfSSH 1.4.17
2025-12-19 13:37:19,239 [INFO] ThirdParty:841 - exiting critical section [change project]
2025-12-19 13:37:19,671 [INFO] PinOutPanel:1589 - setPackage(No Configuration,No Configuration)
2025-12-19 13:37:19,672 [INFO] PinOutPanel:1589 - setPackage(STM32H743IITx,LQFP176)
2025-12-19 13:37:20,208 [INFO] UtilMem:75 - Before build in PCC Used Memory: 919349672 Bytes (1073741824)
2025-12-19 13:37:20,478 [INFO] UtilMem:75 - After build in PCC Used Memory: 981213608 Bytes (1073741824)
2025-12-19 13:37:20,515 [INFO] IPUIPlugin:80 - create IPUIPlugin
2025-12-19 13:37:20,515 [INFO] IPUIPlugin:80 - create IPUIPlugin
2025-12-19 13:37:20,515 [INFO] IPUIPlugin:80 - create IPUIPlugin
2025-12-19 13:37:20,516 [INFO] IPUIPlugin:80 - create IPUIPlugin
2025-12-19 13:37:20,516 [INFO] IPUIPlugin:80 - create IPUIPlugin
2025-12-19 13:37:20,516 [INFO] IPUIPlugin:80 - create IPUIPlugin
2025-12-19 13:37:20,516 [INFO] IPUIPlugin:80 - create IPUIPlugin
2025-12-19 13:37:20,516 [INFO] IPUIPlugin:80 - create IPUIPlugin
2025-12-19 13:37:20,516 [INFO] IPUIPlugin:80 - create IPUIPlugin
2025-12-19 13:37:20,516 [INFO] IPUIPlugin:80 - create IPUIPlugin
2025-12-19 13:37:20,516 [INFO] IPUIPlugin:80 - create IPUIPlugin
2025-12-19 13:37:20,516 [INFO] IPUIPlugin:80 - create IPUIPlugin
2025-12-19 13:37:20,516 [INFO] IPUIPlugin:80 - create IPUIPlugin
2025-12-19 13:37:20,516 [INFO] IPUIPlugin:80 - create IPUIPlugin
2025-12-19 13:37:20,516 [INFO] IPUIPlugin:80 - create IPUIPlugin
2025-12-19 13:37:20,517 [INFO] IPUIPlugin:80 - create IPUIPlugin
2025-12-19 13:37:20,517 [INFO] IPUIPlugin:80 - create IPUIPlugin
2025-12-19 13:37:20,517 [INFO] IPUIPlugin:80 - create IPUIPlugin
2025-12-19 13:37:20,517 [INFO] IPUIPlugin:80 - create IPUIPlugin
2025-12-19 13:37:20,517 [INFO] IPUIPlugin:80 - create IPUIPlugin
2025-12-19 13:37:20,517 [INFO] IPUIPlugin:80 - create IPUIPlugin
2025-12-19 13:37:20,517 [INFO] IPUIPlugin:80 - create IPUIPlugin
2025-12-19 13:37:20,517 [INFO] IPUIPlugin:80 - create IPUIPlugin
2025-12-19 13:37:20,517 [INFO] IPUIPlugin:80 - create IPUIPlugin
2025-12-19 13:37:20,517 [INFO] IPUIPlugin:80 - create IPUIPlugin
2025-12-19 13:37:20,517 [INFO] IPUIPlugin:80 - create IPUIPlugin
2025-12-19 13:37:20,517 [INFO] IPUIPlugin:80 - create IPUIPlugin
2025-12-19 13:37:20,518 [INFO] IPUIPlugin:80 - create IPUIPlugin
2025-12-19 13:37:20,518 [INFO] IPUIPlugin:80 - create IPUIPlugin
2025-12-19 13:37:20,518 [INFO] IPUIPlugin:80 - create IPUIPlugin
2025-12-19 13:37:20,518 [INFO] IPUIPlugin:80 - create IPUIPlugin
2025-12-19 13:37:20,518 [INFO] IPUIPlugin:80 - create IPUIPlugin
2025-12-19 13:37:20,518 [INFO] IPUIPlugin:80 - create IPUIPlugin
2025-12-19 13:37:20,518 [INFO] IPUIPlugin:80 - create IPUIPlugin
2025-12-19 13:37:20,519 [INFO] IPUIPlugin:80 - create IPUIPlugin
2025-12-19 13:37:20,519 [INFO] IPUIPlugin:80 - create IPUIPlugin
2025-12-19 13:37:20,519 [INFO] IPUIPlugin:80 - create IPUIPlugin
2025-12-19 13:37:20,519 [INFO] IPUIPlugin:80 - create IPUIPlugin
2025-12-19 13:37:20,519 [INFO] IPUIPlugin:80 - create IPUIPlugin
2025-12-19 13:37:20,520 [INFO] IPUIPlugin:80 - create IPUIPlugin
2025-12-19 13:37:20,520 [INFO] IPUIPlugin:80 - create IPUIPlugin
2025-12-19 13:37:20,520 [INFO] IPUIPlugin:80 - create IPUIPlugin
2025-12-19 13:37:20,520 [INFO] IPUIPlugin:80 - create IPUIPlugin
2025-12-19 13:37:20,520 [INFO] IPUIPlugin:80 - create IPUIPlugin
2025-12-19 13:37:20,520 [INFO] IPUIPlugin:80 - create IPUIPlugin
2025-12-19 13:37:20,521 [INFO] IPUIPlugin:80 - create IPUIPlugin
2025-12-19 13:37:20,521 [INFO] IPUIPlugin:80 - create IPUIPlugin
2025-12-19 13:37:20,521 [INFO] IPUIPlugin:80 - create IPUIPlugin
2025-12-19 13:37:20,521 [INFO] IPUIPlugin:80 - create IPUIPlugin
2025-12-19 13:37:20,521 [INFO] IPUIPlugin:80 - create IPUIPlugin
2025-12-19 13:37:20,521 [INFO] IPUIPlugin:80 - create IPUIPlugin
2025-12-19 13:37:20,521 [INFO] IPUIPlugin:80 - create IPUIPlugin
2025-12-19 13:37:20,522 [INFO] IPUIPlugin:80 - create IPUIPlugin
2025-12-19 13:37:20,522 [INFO] IPUIPlugin:80 - create IPUIPlugin
2025-12-19 13:37:20,522 [INFO] IPUIPlugin:80 - create IPUIPlugin
2025-12-19 13:37:20,522 [INFO] IPUIPlugin:80 - create IPUIPlugin
2025-12-19 13:37:20,522 [INFO] IPUIPlugin:80 - create IPUIPlugin
2025-12-19 13:37:20,522 [INFO] IPUIPlugin:80 - create IPUIPlugin
2025-12-19 13:37:20,522 [INFO] IPUIPlugin:80 - create IPUIPlugin
2025-12-19 13:37:20,523 [INFO] IPUIPlugin:80 - create IPUIPlugin
2025-12-19 13:37:20,523 [INFO] IPUIPlugin:80 - create IPUIPlugin
2025-12-19 13:37:20,523 [INFO] IPUIPlugin:80 - create IPUIPlugin
2025-12-19 13:37:20,523 [INFO] IPUIPlugin:80 - create IPUIPlugin
2025-12-19 13:37:20,523 [INFO] IPUIPlugin:80 - create IPUIPlugin
2025-12-19 13:37:20,523 [INFO] IPUIPlugin:80 - create IPUIPlugin
2025-12-19 13:37:20,524 [INFO] IPUIPlugin:80 - create IPUIPlugin
2025-12-19 13:37:20,524 [INFO] IPUIPlugin:80 - create IPUIPlugin
2025-12-19 13:37:20,524 [INFO] IPUIPlugin:80 - create IPUIPlugin
2025-12-19 13:37:20,524 [INFO] IPUIPlugin:80 - create IPUIPlugin
2025-12-19 13:37:20,524 [INFO] IPUIPlugin:80 - create IPUIPlugin
2025-12-19 13:37:20,524 [INFO] IPUIPlugin:80 - create IPUIPlugin
2025-12-19 13:37:20,525 [INFO] IPUIPlugin:80 - create IPUIPlugin
2025-12-19 13:37:20,525 [INFO] IPUIPlugin:80 - create IPUIPlugin
2025-12-19 13:37:20,525 [INFO] IPUIPlugin:80 - create IPUIPlugin
2025-12-19 13:37:20,526 [INFO] IPUIPlugin:80 - create IPUIPlugin
2025-12-19 13:37:20,526 [INFO] IPUIPlugin:80 - create IPUIPlugin
2025-12-19 13:37:20,526 [INFO] IPUIPlugin:80 - create IPUIPlugin
2025-12-19 13:37:20,526 [INFO] IPUIPlugin:80 - create IPUIPlugin
2025-12-19 13:37:20,527 [INFO] IPUIPlugin:80 - create IPUIPlugin
2025-12-19 13:37:20,527 [INFO] IPUIPlugin:80 - create IPUIPlugin
2025-12-19 13:37:20,527 [INFO] IPUIPlugin:80 - create IPUIPlugin
2025-12-19 13:37:20,527 [INFO] IPUIPlugin:80 - create IPUIPlugin
2025-12-19 13:37:20,527 [INFO] IPUIPlugin:80 - create IPUIPlugin
2025-12-19 13:37:20,527 [INFO] IPUIPlugin:80 - create IPUIPlugin
2025-12-19 13:37:20,528 [INFO] IPUIPlugin:80 - create IPUIPlugin
2025-12-19 13:37:20,528 [INFO] IPUIPlugin:80 - create IPUIPlugin
2025-12-19 13:37:20,528 [INFO] IPUIPlugin:80 - create IPUIPlugin
2025-12-19 13:37:20,528 [INFO] IPUIPlugin:80 - create IPUIPlugin
2025-12-19 13:37:20,529 [INFO] IPUIPlugin:80 - create IPUIPlugin
2025-12-19 13:37:20,529 [INFO] IPUIPlugin:80 - create IPUIPlugin
2025-12-19 13:37:20,529 [INFO] IPUIPlugin:80 - create IPUIPlugin
2025-12-19 13:37:20,529 [INFO] IPUIPlugin:80 - create IPUIPlugin
2025-12-19 13:37:20,530 [INFO] IPUIPlugin:80 - create IPUIPlugin
2025-12-19 13:37:20,530 [INFO] IPUIPlugin:80 - create IPUIPlugin
2025-12-19 13:37:20,530 [INFO] IPUIPlugin:80 - create IPUIPlugin
2025-12-19 13:37:20,530 [INFO] IPUIPlugin:80 - create IPUIPlugin
2025-12-19 13:37:20,531 [INFO] IPUIPlugin:80 - create IPUIPlugin
2025-12-19 13:37:20,531 [INFO] IPUIPlugin:80 - create IPUIPlugin
2025-12-19 13:37:20,535 [INFO] ApiDbMcu:508 - Load IP Config File for PDM2PCM
2025-12-19 13:37:20,536 [WARN] IP:2251 - ClockDivider not found: check if there is a RefParameter without a condition.
2025-12-19 13:37:20,536 [WARN] IP:2251 - ClockDividerCCU not found: check if there is a RefParameter without a condition.
2025-12-19 13:37:20,536 [WARN] IP:2251 - MinOscClkPeriodsCCU not found: check if there is a RefParameter without a condition.
2025-12-19 13:37:20,536 [WARN] IP:2251 - TimeQuantaPerBitTimeCCU not found: check if there is a RefParameter without a condition.
2025-12-19 13:37:20,536 [WARN] IP:2251 - WatchdogStartValueCCU not found: check if there is a RefParameter without a condition.
2025-12-19 13:37:20,540 [INFO] LogOutputStream:77 - [STDOUT_REDIRECT] Nominal 
2025-12-19 13:37:20,540 [INFO] Can:71 - Can Add PropertyChangeListener com.st.microxplorer.plugins.ip.can.Can@504b1940
2025-12-19 13:37:20,605 [INFO] CADModel:165 - CPN selected for project levelSTM32H743IIT6
2025-12-19 13:37:20,605 [INFO] CADModel:114 - Register for checkConnection events
2025-12-19 13:37:20,665 [INFO] OpenFileManager:363 - Restore cursor
2025-12-19 13:37:20,772 [WARN] IP:2251 - LayerIdx_L1 not found: check if there is a RefParameter without a condition.
2025-12-19 13:37:20,901 [WARN] IP:2251 - ClockDivider not found: check if there is a RefParameter without a condition.
2025-12-19 13:37:20,902 [WARN] IP:2251 - ClockDividerCCU not found: check if there is a RefParameter without a condition.
2025-12-19 13:37:20,902 [WARN] IP:2251 - MinOscClkPeriodsCCU not found: check if there is a RefParameter without a condition.
2025-12-19 13:37:20,902 [WARN] IP:2251 - TimeQuantaPerBitTimeCCU not found: check if there is a RefParameter without a condition.
2025-12-19 13:37:20,902 [WARN] IP:2251 - WatchdogStartValueCCU not found: check if there is a RefParameter without a condition.
2025-12-19 13:51:23,693 [INFO] LogOutputStream:77 - [STDOUT_REDIRECT] This download action requires prior login. To proceed, please use the 'login' command with your my.st.com account email and password.
2025-12-19 13:51:23,695 [INFO] LogOutputStream:77 - [STDOUT_REDIRECT] Run 'login <email> <password> <remember_me>' for example 'login john.smith@st.com mypassword y'.
2025-12-19 13:51:23,697 [INFO] LogOutputStream:77 - [STDOUT_REDIRECT] If you do not have a my.st.com account, please visit https://st.com website to create one.
2025-12-19 13:54:35,831 [INFO] NvicIntPanel:101 - NVIC parent = com.st.microxplorer.plugins.ip.nvic.MultiNvicIntPanel[,0,0,0x0,invalid,layout=javax.swing.BoxLayout,alignmentX=0.0,alignmentY=0.0,border=,flags=9,maximumSize=,minimumSize=,preferredSize=]
2025-12-19 14:14:45,393 [INFO] LogOutputStream:77 - [STDOUT_REDIRECT] This download action requires prior login. To proceed, please use the 'login' command with your my.st.com account email and password.
2025-12-19 14:14:45,393 [INFO] LogOutputStream:77 - [STDOUT_REDIRECT] Run 'login <email> <password> <remember_me>' for example 'login john.smith@st.com mypassword y'.
2025-12-19 14:14:45,394 [INFO] LogOutputStream:77 - [STDOUT_REDIRECT] If you do not have a my.st.com account, please visit https://st.com website to create one.
2025-12-19 14:22:57,639 [INFO] NvicIntPanel:101 - NVIC parent = com.st.microxplorer.plugins.ip.nvic.MultiNvicIntPanel[,0,0,0x0,invalid,layout=javax.swing.BoxLayout,alignmentX=0.0,alignmentY=0.0,border=,flags=9,maximumSize=,minimumSize=,preferredSize=]
2025-12-19 14:22:58,829 [INFO] NvicIntPanel:101 - NVIC parent = com.st.microxplorer.plugins.ip.nvic.MultiNvicIntPanel[,0,0,0x0,invalid,layout=javax.swing.BoxLayout,alignmentX=0.0,alignmentY=0.0,border=,flags=9,maximumSize=,minimumSize=,preferredSize=]
2025-12-19 14:23:12,447 [INFO] UtilMem:75 - End SaveConfig() Used Memory: 969768928 Bytes (1073741824)
2025-12-19 14:23:13,852 [INFO] LogOutputStream:77 - [STDOUT_REDIRECT] This download action requires prior login. To proceed, please use the 'login' command with your my.st.com account email and password.
2025-12-19 14:23:13,853 [INFO] LogOutputStream:77 - [STDOUT_REDIRECT] Run 'login <email> <password> <remember_me>' for example 'login john.smith@st.com mypassword y'.
2025-12-19 14:23:13,855 [INFO] LogOutputStream:77 - [STDOUT_REDIRECT] If you do not have a my.st.com account, please visit https://st.com website to create one.
2025-12-19 14:26:12,424 [ERROR] LogOutputStream:75 - [STDERR_REDIRECT] java.lang.Error: no ComponentUI class for: com.st.microxplorer.plugins.ip.nvic.CheckBoxHeader[,0,0,0x0,invalid,alignmentX=0.0,alignmentY=0.0,border=,flags=0,maximumSize=,minimumSize=,preferredSize=,defaultIcon=,disabledIcon=,disabledSelectedIcon=,margin=null,paintBorder=true,paintFocus=true,pressedIcon=,rolloverEnabled=false,rolloverIcon=,rolloverSelectedIcon=,selectedIcon=,text=]
2025-12-19 14:26:12,425 [ERROR] LogOutputStream:75 - [STDERR_REDIRECT] 	at java.desktop/javax.swing.UIDefaults.getUIError(UIDefaults.java:763)
2025-12-19 14:26:12,426 [ERROR] LogOutputStream:75 - [STDERR_REDIRECT] 	at java.desktop/javax.swing.MultiUIDefaults.getUIError(MultiUIDefaults.java:144)
2025-12-19 14:26:12,427 [ERROR] LogOutputStream:75 - [STDERR_REDIRECT] 	at java.desktop/javax.swing.UIDefaults.getUI(UIDefaults.java:793)
2025-12-19 14:26:12,428 [ERROR] LogOutputStream:75 - [STDERR_REDIRECT] 	at java.desktop/javax.swing.UIManager.getUI(UIManager.java:1070)
2025-12-19 14:26:12,429 [ERROR] LogOutputStream:75 - [STDERR_REDIRECT] 	at java.desktop/javax.swing.JCheckBox.updateUI(JCheckBox.java:228)
2025-12-19 14:26:12,430 [ERROR] LogOutputStream:75 - [STDERR_REDIRECT] 	at java.desktop/javax.swing.AbstractButton.init(AbstractButton.java:2141)
2025-12-19 14:26:12,431 [ERROR] LogOutputStream:75 - [STDERR_REDIRECT] 	at java.desktop/javax.swing.JToggleButton.<init>(JToggleButton.java:187)
2025-12-19 14:26:12,432 [ERROR] LogOutputStream:75 - [STDERR_REDIRECT] 	at java.desktop/javax.swing.JCheckBox.<init>(JCheckBox.java:176)
2025-12-19 14:26:12,433 [ERROR] LogOutputStream:75 - [STDERR_REDIRECT] 	at java.desktop/javax.swing.JCheckBox.<init>(JCheckBox.java:97)
2025-12-19 14:26:12,434 [ERROR] LogOutputStream:75 - [STDERR_REDIRECT] 	at com.st.microxplorer.plugins.ip.nvic.CheckBoxHeader.<init>(CheckBoxHeader.java:55)
2025-12-19 14:26:12,435 [ERROR] LogOutputStream:75 - [STDERR_REDIRECT] 	at com.st.microxplorer.plugins.ip.nvic.NvicCodeSelectionTable.<init>(NvicCodeSelectionTable.java:75)
2025-12-19 14:26:12,436 [ERROR] LogOutputStream:75 - [STDERR_REDIRECT] 	at com.st.microxplorer.plugins.ip.nvic.NvicCodePanel.initComponents(NvicCodePanel.java:102)
2025-12-19 14:26:12,437 [ERROR] LogOutputStream:75 - [STDERR_REDIRECT] 	at com.st.microxplorer.plugins.ip.nvic.NvicCodePanel.<init>(NvicCodePanel.java:78)
2025-12-19 14:26:12,439 [ERROR] LogOutputStream:75 - [STDERR_REDIRECT] 	at com.st.microxplorer.plugins.ip.nvic.NvicTabbedPanel.<init>(NvicTabbedPanel.java:57)
2025-12-19 14:26:12,441 [ERROR] LogOutputStream:75 - [STDERR_REDIRECT] 	at com.st.microxplorer.plugins.ip.nvic.Nvic.getUI(Nvic.java:73)
2025-12-19 14:26:12,442 [ERROR] LogOutputStream:75 - [STDERR_REDIRECT] 	at com.st.microxplorer.plugins.ipmanager.gui.BlockDiagram.createIpPanel(BlockDiagram.java:424)
2025-12-19 14:26:12,443 [ERROR] LogOutputStream:75 - [STDERR_REDIRECT] 	at com.st.microxplorer.plugins.ipmanager.gui.BlockDiagram.getIPConfigPanel(BlockDiagram.java:574)
2025-12-19 14:26:12,444 [ERROR] LogOutputStream:75 - [STDERR_REDIRECT] 	at com.st.microxplorer.plugins.ipmanager.gui.BlockDiagram.getIPConfigPanel(BlockDiagram.java:480)
2025-12-19 14:26:12,445 [ERROR] LogOutputStream:75 - [STDERR_REDIRECT] 	at com.st.microxplorer.plugins.ipmanager.gui.BlockDiagram.propertyChange(BlockDiagram.java:1410)
2025-12-19 14:26:12,446 [ERROR] LogOutputStream:75 - [STDERR_REDIRECT] 	at java.desktop/java.beans.PropertyChangeSupport.fire(PropertyChangeSupport.java:343)
2025-12-19 14:26:12,447 [ERROR] LogOutputStream:75 - [STDERR_REDIRECT] 	at java.desktop/java.beans.PropertyChangeSupport.firePropertyChange(PropertyChangeSupport.java:335)
2025-12-19 14:26:12,449 [ERROR] LogOutputStream:75 - [STDERR_REDIRECT] 	at java.desktop/java.beans.PropertyChangeSupport.firePropertyChange(PropertyChangeSupport.java:268)
2025-12-19 14:26:12,450 [ERROR] LogOutputStream:75 - [STDERR_REDIRECT] 	at com.st.microxplorer.util.MXPropertyChangeSupport.firePropertyChange(MXPropertyChangeSupport.java:54)
2025-12-19 14:26:12,451 [ERROR] LogOutputStream:75 - [STDERR_REDIRECT] 	at com.st.microxplorer.mxsystem.MxSystem.firePropertyChange(MxSystem.java:357)
2025-12-19 14:26:12,452 [ERROR] LogOutputStream:75 - [STDERR_REDIRECT] 	at com.st.microxplorer.plugins.pinoutconfig.guiV5.PeripheralsSelectionPanel.selectIP(PeripheralsSelectionPanel.java:409)
2025-12-19 14:26:12,453 [ERROR] LogOutputStream:75 - [STDERR_REDIRECT] 	at com.st.microxplorer.plugins.pinoutconfig.guiV5.PeripheralsListListener.mouseClicked(PeripheralsListListener.java:103)
2025-12-19 14:26:12,454 [ERROR] LogOutputStream:75 - [STDERR_REDIRECT] 	at java.desktop/java.awt.AWTEventMulticaster.mouseClicked(AWTEventMulticaster.java:278)
2025-12-19 14:26:12,455 [ERROR] LogOutputStream:75 - [STDERR_REDIRECT] 	at java.desktop/java.awt.Component.processMouseEvent(Component.java:6624)
2025-12-19 14:26:12,456 [ERROR] LogOutputStream:75 - [STDERR_REDIRECT] 	at java.desktop/javax.swing.JComponent.processMouseEvent(JComponent.java:3398)
2025-12-19 14:26:12,456 [ERROR] LogOutputStream:75 - [STDERR_REDIRECT] 	at java.desktop/java.awt.Component.processEvent(Component.java:6386)
2025-12-19 14:26:12,457 [ERROR] LogOutputStream:75 - [STDERR_REDIRECT] 	at java.desktop/java.awt.Container.processEvent(Container.java:2266)
2025-12-19 14:26:12,458 [ERROR] LogOutputStream:75 - [STDERR_REDIRECT] 	at java.desktop/java.awt.Component.dispatchEventImpl(Component.java:4996)
2025-12-19 14:26:12,459 [ERROR] LogOutputStream:75 - [STDERR_REDIRECT] 	at java.desktop/java.awt.Container.dispatchEventImpl(Container.java:2324)
2025-12-19 14:26:12,460 [ERROR] LogOutputStream:75 - [STDERR_REDIRECT] 	at java.desktop/java.awt.Component.dispatchEvent(Component.java:4828)
2025-12-19 14:26:12,461 [ERROR] LogOutputStream:75 - [STDERR_REDIRECT] 	at java.desktop/java.awt.LightweightDispatcher.retargetMouseEvent(Container.java:4948)
2025-12-19 14:26:12,461 [ERROR] LogOutputStream:75 - [STDERR_REDIRECT] 	at java.desktop/java.awt.LightweightDispatcher.processMouseEvent(Container.java:4584)
2025-12-19 14:26:12,462 [ERROR] LogOutputStream:75 - [STDERR_REDIRECT] 	at java.desktop/java.awt.LightweightDispatcher.dispatchEvent(Container.java:4516)
2025-12-19 14:26:12,463 [ERROR] LogOutputStream:75 - [STDERR_REDIRECT] 	at java.desktop/java.awt.Container.dispatchEventImpl(Container.java:2310)
2025-12-19 14:26:12,464 [ERROR] LogOutputStream:75 - [STDERR_REDIRECT] 	at java.desktop/java.awt.Component.dispatchEvent(Component.java:4828)
2025-12-19 14:26:12,465 [ERROR] LogOutputStream:75 - [STDERR_REDIRECT] 	at java.desktop/java.awt.EventQueue.dispatchEventImpl(EventQueue.java:775)
2025-12-19 14:26:12,466 [ERROR] LogOutputStream:75 - [STDERR_REDIRECT] 	at java.desktop/java.awt.EventQueue$4.run(EventQueue.java:720)
2025-12-19 14:26:12,466 [ERROR] LogOutputStream:75 - [STDERR_REDIRECT] 	at java.desktop/java.awt.EventQueue$4.run(EventQueue.java:714)
2025-12-19 14:26:12,467 [ERROR] LogOutputStream:75 - [STDERR_REDIRECT] 	at java.base/java.security.AccessController.doPrivileged(AccessController.java:400)
2025-12-19 14:26:12,468 [ERROR] LogOutputStream:75 - [STDERR_REDIRECT] 	at java.base/java.security.ProtectionDomain$JavaSecurityAccessImpl.doIntersectionPrivilege(ProtectionDomain.java:87)
2025-12-19 14:26:12,469 [ERROR] LogOutputStream:75 - [STDERR_REDIRECT] 	at java.base/java.security.ProtectionDomain$JavaSecurityAccessImpl.doIntersectionPrivilege(ProtectionDomain.java:98)
2025-12-19 14:26:12,470 [ERROR] LogOutputStream:75 - [STDERR_REDIRECT] 	at java.desktop/java.awt.EventQueue$5.run(EventQueue.java:747)
2025-12-19 14:26:12,470 [ERROR] LogOutputStream:75 - [STDERR_REDIRECT] 	at java.desktop/java.awt.EventQueue$5.run(EventQueue.java:745)
2025-12-19 14:26:12,471 [ERROR] LogOutputStream:75 - [STDERR_REDIRECT] 	at java.base/java.security.AccessController.doPrivileged(AccessController.java:400)
2025-12-19 14:26:12,473 [ERROR] LogOutputStream:75 - [STDERR_REDIRECT] 	at java.base/java.security.ProtectionDomain$JavaSecurityAccessImpl.doIntersectionPrivilege(ProtectionDomain.java:87)
2025-12-19 14:26:12,474 [ERROR] LogOutputStream:75 - [STDERR_REDIRECT] 	at java.desktop/java.awt.EventQueue.dispatchEvent(EventQueue.java:744)
2025-12-19 14:26:12,475 [ERROR] LogOutputStream:75 - [STDERR_REDIRECT] 	at java.desktop/java.awt.EventDispatchThread.pumpOneEventForFilters(EventDispatchThread.java:203)
2025-12-19 14:26:12,476 [ERROR] LogOutputStream:75 - [STDERR_REDIRECT] 	at java.desktop/java.awt.EventDispatchThread.pumpEventsForFilter(EventDispatchThread.java:124)
2025-12-19 14:26:12,477 [ERROR] LogOutputStream:75 - [STDERR_REDIRECT] 	at java.desktop/java.awt.EventDispatchThread.pumpEventsForHierarchy(EventDispatchThread.java:113)
2025-12-19 14:26:12,477 [ERROR] LogOutputStream:75 - [STDERR_REDIRECT] 	at java.desktop/java.awt.EventDispatchThread.pumpEvents(EventDispatchThread.java:109)
2025-12-19 14:26:12,478 [ERROR] LogOutputStream:75 - [STDERR_REDIRECT] 	at java.desktop/java.awt.EventDispatchThread.pumpEvents(EventDispatchThread.java:101)
2025-12-19 14:26:12,479 [ERROR] LogOutputStream:75 - [STDERR_REDIRECT] 	at java.desktop/java.awt.EventDispatchThread.run(EventDispatchThread.java:90)
2025-12-19 14:26:12,484 [ERROR] LogOutputStream:75 - [STDERR_REDIRECT] java.lang.Error: no ComponentUI class for: com.st.microxplorer.plugins.ip.nvic.CheckBoxHeader[,0,0,0x0,invalid,alignmentX=0.0,alignmentY=0.0,border=,flags=0,maximumSize=,minimumSize=,preferredSize=,defaultIcon=,disabledIcon=,disabledSelectedIcon=,margin=null,paintBorder=true,paintFocus=true,pressedIcon=,rolloverEnabled=false,rolloverIcon=,rolloverSelectedIcon=,selectedIcon=,text=]
2025-12-19 14:26:12,486 [ERROR] LogOutputStream:75 - [STDERR_REDIRECT] 	at java.desktop/javax.swing.UIDefaults.getUIError(UIDefaults.java:763)
2025-12-19 14:26:12,486 [ERROR] LogOutputStream:75 - [STDERR_REDIRECT] 	at java.desktop/javax.swing.MultiUIDefaults.getUIError(MultiUIDefaults.java:144)
2025-12-19 14:26:12,487 [ERROR] LogOutputStream:75 - [STDERR_REDIRECT] 	at java.desktop/javax.swing.UIDefaults.getUI(UIDefaults.java:793)
2025-12-19 14:26:12,488 [ERROR] LogOutputStream:75 - [STDERR_REDIRECT] 	at java.desktop/javax.swing.UIManager.getUI(UIManager.java:1070)
2025-12-19 14:26:12,488 [ERROR] LogOutputStream:75 - [STDERR_REDIRECT] 	at java.desktop/javax.swing.JCheckBox.updateUI(JCheckBox.java:228)
2025-12-19 14:26:12,489 [ERROR] LogOutputStream:75 - [STDERR_REDIRECT] 	at java.desktop/javax.swing.AbstractButton.init(AbstractButton.java:2141)
2025-12-19 14:26:12,490 [ERROR] LogOutputStream:75 - [STDERR_REDIRECT] 	at java.desktop/javax.swing.JToggleButton.<init>(JToggleButton.java:187)
2025-12-19 14:26:12,491 [ERROR] LogOutputStream:75 - [STDERR_REDIRECT] 	at java.desktop/javax.swing.JCheckBox.<init>(JCheckBox.java:176)
2025-12-19 14:26:12,492 [ERROR] LogOutputStream:75 - [STDERR_REDIRECT] 	at java.desktop/javax.swing.JCheckBox.<init>(JCheckBox.java:97)
2025-12-19 14:26:12,493 [ERROR] LogOutputStream:75 - [STDERR_REDIRECT] 	at com.st.microxplorer.plugins.ip.nvic.CheckBoxHeader.<init>(CheckBoxHeader.java:55)
2025-12-19 14:26:12,494 [ERROR] LogOutputStream:75 - [STDERR_REDIRECT] 	at com.st.microxplorer.plugins.ip.nvic.NvicCodeSelectionTable.<init>(NvicCodeSelectionTable.java:78)
2025-12-19 14:26:12,495 [ERROR] LogOutputStream:75 - [STDERR_REDIRECT] 	at com.st.microxplorer.plugins.ip.nvic.NvicCodePanel.initComponents(NvicCodePanel.java:102)
2025-12-19 14:26:12,496 [ERROR] LogOutputStream:75 - [STDERR_REDIRECT] 	at com.st.microxplorer.plugins.ip.nvic.NvicCodePanel.<init>(NvicCodePanel.java:78)
2025-12-19 14:26:12,497 [ERROR] LogOutputStream:75 - [STDERR_REDIRECT] 	at com.st.microxplorer.plugins.ip.nvic.NvicTabbedPanel.<init>(NvicTabbedPanel.java:57)
2025-12-19 14:26:12,498 [ERROR] LogOutputStream:75 - [STDERR_REDIRECT] 	at com.st.microxplorer.plugins.ip.nvic.Nvic.getUI(Nvic.java:73)
2025-12-19 14:26:12,499 [ERROR] LogOutputStream:75 - [STDERR_REDIRECT] 	at com.st.microxplorer.plugins.ipmanager.gui.BlockDiagram.createIpPanel(BlockDiagram.java:424)
2025-12-19 14:26:12,500 [ERROR] LogOutputStream:75 - [STDERR_REDIRECT] 	at com.st.microxplorer.plugins.ipmanager.gui.BlockDiagram.getIPConfigPanel(BlockDiagram.java:574)
2025-12-19 14:26:12,501 [ERROR] LogOutputStream:75 - [STDERR_REDIRECT] 	at com.st.microxplorer.plugins.ipmanager.gui.BlockDiagram.getIPConfigPanel(BlockDiagram.java:480)
2025-12-19 14:26:12,502 [ERROR] LogOutputStream:75 - [STDERR_REDIRECT] 	at com.st.microxplorer.plugins.ipmanager.gui.BlockDiagram.propertyChange(BlockDiagram.java:1410)
2025-12-19 14:26:12,503 [ERROR] LogOutputStream:75 - [STDERR_REDIRECT] 	at java.desktop/java.beans.PropertyChangeSupport.fire(PropertyChangeSupport.java:343)
2025-12-19 14:26:12,504 [ERROR] LogOutputStream:75 - [STDERR_REDIRECT] 	at java.desktop/java.beans.PropertyChangeSupport.firePropertyChange(PropertyChangeSupport.java:335)
2025-12-19 14:26:12,505 [ERROR] LogOutputStream:75 - [STDERR_REDIRECT] 	at java.desktop/java.beans.PropertyChangeSupport.firePropertyChange(PropertyChangeSupport.java:268)
2025-12-19 14:26:12,506 [ERROR] LogOutputStream:75 - [STDERR_REDIRECT] 	at com.st.microxplorer.util.MXPropertyChangeSupport.firePropertyChange(MXPropertyChangeSupport.java:54)
2025-12-19 14:26:12,507 [ERROR] LogOutputStream:75 - [STDERR_REDIRECT] 	at com.st.microxplorer.mxsystem.MxSystem.firePropertyChange(MxSystem.java:357)
2025-12-19 14:26:12,509 [ERROR] LogOutputStream:75 - [STDERR_REDIRECT] 	at com.st.microxplorer.plugins.pinoutconfig.guiV5.PeripheralsSelectionPanel.selectIP(PeripheralsSelectionPanel.java:409)
2025-12-19 14:26:12,510 [ERROR] LogOutputStream:75 - [STDERR_REDIRECT] 	at com.st.microxplorer.plugins.pinoutconfig.guiV5.PeripheralsListListener.mouseClicked(PeripheralsListListener.java:103)
2025-12-19 14:26:12,511 [ERROR] LogOutputStream:75 - [STDERR_REDIRECT] 	at java.desktop/java.awt.AWTEventMulticaster.mouseClicked(AWTEventMulticaster.java:278)
2025-12-19 14:26:12,512 [ERROR] LogOutputStream:75 - [STDERR_REDIRECT] 	at java.desktop/java.awt.Component.processMouseEvent(Component.java:6624)
2025-12-19 14:26:12,512 [ERROR] LogOutputStream:75 - [STDERR_REDIRECT] 	at java.desktop/javax.swing.JComponent.processMouseEvent(JComponent.java:3398)
2025-12-19 14:26:12,513 [ERROR] LogOutputStream:75 - [STDERR_REDIRECT] 	at java.desktop/java.awt.Component.processEvent(Component.java:6386)
2025-12-19 14:26:12,514 [ERROR] LogOutputStream:75 - [STDERR_REDIRECT] 	at java.desktop/java.awt.Container.processEvent(Container.java:2266)
2025-12-19 14:26:12,516 [ERROR] LogOutputStream:75 - [STDERR_REDIRECT] 	at java.desktop/java.awt.Component.dispatchEventImpl(Component.java:4996)
2025-12-19 14:26:12,517 [ERROR] LogOutputStream:75 - [STDERR_REDIRECT] 	at java.desktop/java.awt.Container.dispatchEventImpl(Container.java:2324)
2025-12-19 14:26:12,518 [ERROR] LogOutputStream:75 - [STDERR_REDIRECT] 	at java.desktop/java.awt.Component.dispatchEvent(Component.java:4828)
2025-12-19 14:26:12,518 [ERROR] LogOutputStream:75 - [STDERR_REDIRECT] 	at java.desktop/java.awt.LightweightDispatcher.retargetMouseEvent(Container.java:4948)
2025-12-19 14:26:12,519 [ERROR] LogOutputStream:75 - [STDERR_REDIRECT] 	at java.desktop/java.awt.LightweightDispatcher.processMouseEvent(Container.java:4584)
2025-12-19 14:26:12,521 [ERROR] LogOutputStream:75 - [STDERR_REDIRECT] 	at java.desktop/java.awt.LightweightDispatcher.dispatchEvent(Container.java:4516)
2025-12-19 14:26:12,522 [ERROR] LogOutputStream:75 - [STDERR_REDIRECT] 	at java.desktop/java.awt.Container.dispatchEventImpl(Container.java:2310)
2025-12-19 14:26:12,523 [ERROR] LogOutputStream:75 - [STDERR_REDIRECT] 	at java.desktop/java.awt.Component.dispatchEvent(Component.java:4828)
2025-12-19 14:26:12,524 [ERROR] LogOutputStream:75 - [STDERR_REDIRECT] 	at java.desktop/java.awt.EventQueue.dispatchEventImpl(EventQueue.java:775)
2025-12-19 14:26:12,524 [ERROR] LogOutputStream:75 - [STDERR_REDIRECT] 	at java.desktop/java.awt.EventQueue$4.run(EventQueue.java:720)
2025-12-19 14:26:12,525 [ERROR] LogOutputStream:75 - [STDERR_REDIRECT] 	at java.desktop/java.awt.EventQueue$4.run(EventQueue.java:714)
2025-12-19 14:26:12,526 [ERROR] LogOutputStream:75 - [STDERR_REDIRECT] 	at java.base/java.security.AccessController.doPrivileged(AccessController.java:400)
2025-12-19 14:26:12,528 [ERROR] LogOutputStream:75 - [STDERR_REDIRECT] 	at java.base/java.security.ProtectionDomain$JavaSecurityAccessImpl.doIntersectionPrivilege(ProtectionDomain.java:87)
2025-12-19 14:26:12,529 [ERROR] LogOutputStream:75 - [STDERR_REDIRECT] 	at java.base/java.security.ProtectionDomain$JavaSecurityAccessImpl.doIntersectionPrivilege(ProtectionDomain.java:98)
2025-12-19 14:26:12,530 [ERROR] LogOutputStream:75 - [STDERR_REDIRECT] 	at java.desktop/java.awt.EventQueue$5.run(EventQueue.java:747)
2025-12-19 14:26:12,530 [ERROR] LogOutputStream:75 - [STDERR_REDIRECT] 	at java.desktop/java.awt.EventQueue$5.run(EventQueue.java:745)
2025-12-19 14:26:12,531 [ERROR] LogOutputStream:75 - [STDERR_REDIRECT] 	at java.base/java.security.AccessController.doPrivileged(AccessController.java:400)
2025-12-19 14:26:12,532 [ERROR] LogOutputStream:75 - [STDERR_REDIRECT] 	at java.base/java.security.ProtectionDomain$JavaSecurityAccessImpl.doIntersectionPrivilege(ProtectionDomain.java:87)
2025-12-19 14:26:12,534 [ERROR] LogOutputStream:75 - [STDERR_REDIRECT] 	at java.desktop/java.awt.EventQueue.dispatchEvent(EventQueue.java:744)
2025-12-19 14:26:12,535 [ERROR] LogOutputStream:75 - [STDERR_REDIRECT] 	at java.desktop/java.awt.EventDispatchThread.pumpOneEventForFilters(EventDispatchThread.java:203)
2025-12-19 14:26:12,536 [ERROR] LogOutputStream:75 - [STDERR_REDIRECT] 	at java.desktop/java.awt.EventDispatchThread.pumpEventsForFilter(EventDispatchThread.java:124)
2025-12-19 14:26:12,537 [ERROR] LogOutputStream:75 - [STDERR_REDIRECT] 	at java.desktop/java.awt.EventDispatchThread.pumpEventsForHierarchy(EventDispatchThread.java:113)
2025-12-19 14:26:12,538 [ERROR] LogOutputStream:75 - [STDERR_REDIRECT] 	at java.desktop/java.awt.EventDispatchThread.pumpEvents(EventDispatchThread.java:109)
2025-12-19 14:26:12,539 [ERROR] LogOutputStream:75 - [STDERR_REDIRECT] 	at java.desktop/java.awt.EventDispatchThread.pumpEvents(EventDispatchThread.java:101)
2025-12-19 14:26:12,540 [ERROR] LogOutputStream:75 - [STDERR_REDIRECT] 	at java.desktop/java.awt.EventDispatchThread.run(EventDispatchThread.java:90)
2025-12-19 14:30:23,909 [ERROR] LogOutputStream:75 - [STDERR_REDIRECT] Exception in thread "AWT-EventQueue-0" java.lang.ClassCastException: class java.lang.String cannot be cast to class java.lang.Integer (java.lang.String and java.lang.Integer are in module java.base of loader 'bootstrap')
2025-12-19 14:30:23,911 [ERROR] LogOutputStream:75 - [STDERR_REDIRECT] 	at com.st.microxplorer.plugins.ip.nvic.NvicPanel.cellChanged(NvicPanel.java:1110)
2025-12-19 14:30:23,912 [ERROR] LogOutputStream:75 - [STDERR_REDIRECT] 	at com.st.microxplorer.plugins.ip.nvic.NvicTableModel.setValueAt(NvicTableModel.java:98)
2025-12-19 14:30:23,912 [ERROR] LogOutputStream:75 - [STDERR_REDIRECT] 	at com.st.microxplorer.plugins.ip.nvic.NvicTable.setValueAt(NvicTable.java:688)
2025-12-19 14:30:23,913 [ERROR] LogOutputStream:75 - [STDERR_REDIRECT] 	at java.desktop/javax.swing.JTable.editingStopped(JTable.java:4791)
2025-12-19 14:30:23,914 [ERROR] LogOutputStream:75 - [STDERR_REDIRECT] 	at java.desktop/javax.swing.AbstractCellEditor.fireEditingStopped(AbstractCellEditor.java:152)
2025-12-19 14:30:23,914 [ERROR] LogOutputStream:75 - [STDERR_REDIRECT] 	at java.desktop/javax.swing.DefaultCellEditor$EditorDelegate.stopCellEditing(DefaultCellEditor.java:375)
2025-12-19 14:30:23,915 [ERROR] LogOutputStream:75 - [STDERR_REDIRECT] 	at java.desktop/javax.swing.DefaultCellEditor.stopCellEditing(DefaultCellEditor.java:234)
2025-12-19 14:30:23,916 [ERROR] LogOutputStream:75 - [STDERR_REDIRECT] 	at com.st.components.swing.EachRowEditor.stopCellEditing(EachRowEditor.java:124)
2025-12-19 14:30:23,916 [ERROR] LogOutputStream:75 - [STDERR_REDIRECT] 	at java.desktop/javax.swing.plaf.basic.BasicTableUI$Handler.mousePressed(BasicTableUI.java:1040)
2025-12-19 14:30:23,917 [ERROR] LogOutputStream:75 - [STDERR_REDIRECT] 	at java.desktop/java.awt.AWTEventMulticaster.mousePressed(AWTEventMulticaster.java:288)
2025-12-19 14:30:23,918 [ERROR] LogOutputStream:75 - [STDERR_REDIRECT] 	at java.desktop/java.awt.Component.processMouseEvent(Component.java:6618)
2025-12-19 14:30:23,919 [ERROR] LogOutputStream:75 - [STDERR_REDIRECT] 	at java.desktop/javax.swing.JComponent.processMouseEvent(JComponent.java:3398)
2025-12-19 14:30:23,919 [ERROR] LogOutputStream:75 - [STDERR_REDIRECT] 	at java.desktop/java.awt.Component.processEvent(Component.java:6386)
2025-12-19 14:30:23,920 [ERROR] LogOutputStream:75 - [STDERR_REDIRECT] 	at java.desktop/java.awt.Container.processEvent(Container.java:2266)
2025-12-19 14:30:23,920 [ERROR] LogOutputStream:75 - [STDERR_REDIRECT] 	at java.desktop/java.awt.Component.dispatchEventImpl(Component.java:4996)
2025-12-19 14:30:23,921 [ERROR] LogOutputStream:75 - [STDERR_REDIRECT] 	at java.desktop/java.awt.Container.dispatchEventImpl(Container.java:2324)
2025-12-19 14:30:23,922 [ERROR] LogOutputStream:75 - [STDERR_REDIRECT] 	at java.desktop/java.awt.Component.dispatchEvent(Component.java:4828)
2025-12-19 14:30:23,922 [ERROR] LogOutputStream:75 - [STDERR_REDIRECT] 	at java.desktop/java.awt.LightweightDispatcher.retargetMouseEvent(Container.java:4948)
2025-12-19 14:30:23,923 [ERROR] LogOutputStream:75 - [STDERR_REDIRECT] 	at java.desktop/java.awt.LightweightDispatcher.processMouseEvent(Container.java:4572)
2025-12-19 14:30:23,924 [ERROR] LogOutputStream:75 - [STDERR_REDIRECT] 	at java.desktop/java.awt.LightweightDispatcher.dispatchEvent(Container.java:4516)
2025-12-19 14:30:23,925 [ERROR] LogOutputStream:75 - [STDERR_REDIRECT] 	at java.desktop/java.awt.Container.dispatchEventImpl(Container.java:2310)
2025-12-19 14:30:23,925 [ERROR] LogOutputStream:75 - [STDERR_REDIRECT] 	at java.desktop/java.awt.Component.dispatchEvent(Component.java:4828)
2025-12-19 14:30:23,926 [ERROR] LogOutputStream:75 - [STDERR_REDIRECT] 	at java.desktop/java.awt.EventQueue.dispatchEventImpl(EventQueue.java:775)
2025-12-19 14:30:23,926 [ERROR] LogOutputStream:75 - [STDERR_REDIRECT] 	at java.desktop/java.awt.EventQueue$4.run(EventQueue.java:720)
2025-12-19 14:30:23,927 [ERROR] LogOutputStream:75 - [STDERR_REDIRECT] 	at java.desktop/java.awt.EventQueue$4.run(EventQueue.java:714)
2025-12-19 14:30:23,927 [ERROR] LogOutputStream:75 - [STDERR_REDIRECT] 	at java.base/java.security.AccessController.doPrivileged(AccessController.java:400)
2025-12-19 14:30:23,928 [ERROR] LogOutputStream:75 - [STDERR_REDIRECT] 	at java.base/java.security.ProtectionDomain$JavaSecurityAccessImpl.doIntersectionPrivilege(ProtectionDomain.java:87)
2025-12-19 14:30:23,929 [ERROR] LogOutputStream:75 - [STDERR_REDIRECT] 	at java.base/java.security.ProtectionDomain$JavaSecurityAccessImpl.doIntersectionPrivilege(ProtectionDomain.java:98)
2025-12-19 14:30:23,930 [ERROR] LogOutputStream:75 - [STDERR_REDIRECT] 	at java.desktop/java.awt.EventQueue$5.run(EventQueue.java:747)
2025-12-19 14:30:23,930 [ERROR] LogOutputStream:75 - [STDERR_REDIRECT] 	at java.desktop/java.awt.EventQueue$5.run(EventQueue.java:745)
2025-12-19 14:30:23,931 [ERROR] LogOutputStream:75 - [STDERR_REDIRECT] 	at java.base/java.security.AccessController.doPrivileged(AccessController.java:400)
2025-12-19 14:30:23,932 [ERROR] LogOutputStream:75 - [STDERR_REDIRECT] 	at java.base/java.security.ProtectionDomain$JavaSecurityAccessImpl.doIntersectionPrivilege(ProtectionDomain.java:87)
2025-12-19 14:30:23,932 [ERROR] LogOutputStream:75 - [STDERR_REDIRECT] 	at java.desktop/java.awt.EventQueue.dispatchEvent(EventQueue.java:744)
2025-12-19 14:30:23,933 [ERROR] LogOutputStream:75 - [STDERR_REDIRECT] 	at java.desktop/java.awt.EventDispatchThread.pumpOneEventForFilters(EventDispatchThread.java:203)
2025-12-19 14:30:23,933 [ERROR] LogOutputStream:75 - [STDERR_REDIRECT] 	at java.desktop/java.awt.EventDispatchThread.pumpEventsForFilter(EventDispatchThread.java:124)
2025-12-19 14:30:23,934 [ERROR] LogOutputStream:75 - [STDERR_REDIRECT] 	at java.desktop/java.awt.EventDispatchThread.pumpEventsForHierarchy(EventDispatchThread.java:113)
2025-12-19 14:30:23,935 [ERROR] LogOutputStream:75 - [STDERR_REDIRECT] 	at java.desktop/java.awt.EventDispatchThread.pumpEvents(EventDispatchThread.java:109)
2025-12-19 14:30:23,936 [ERROR] LogOutputStream:75 - [STDERR_REDIRECT] 	at java.desktop/java.awt.EventDispatchThread.pumpEvents(EventDispatchThread.java:101)
2025-12-19 14:30:23,936 [ERROR] LogOutputStream:75 - [STDERR_REDIRECT] 	at java.desktop/java.awt.EventDispatchThread.run(EventDispatchThread.java:90)
2025-12-19 14:30:25,937 [ERROR] LogOutputStream:75 - [STDERR_REDIRECT] Exception in thread "AWT-EventQueue-0" java.lang.ClassCastException: class java.lang.String cannot be cast to class java.lang.Integer (java.lang.String and java.lang.Integer are in module java.base of loader 'bootstrap')
2025-12-19 14:30:25,937 [ERROR] LogOutputStream:75 - [STDERR_REDIRECT] 	at com.st.microxplorer.plugins.ip.nvic.NvicPanel.cellChanged(NvicPanel.java:1110)
2025-12-19 14:30:25,938 [ERROR] LogOutputStream:75 - [STDERR_REDIRECT] 	at com.st.microxplorer.plugins.ip.nvic.NvicTableModel.setValueAt(NvicTableModel.java:98)
2025-12-19 14:30:25,938 [ERROR] LogOutputStream:75 - [STDERR_REDIRECT] 	at com.st.microxplorer.plugins.ip.nvic.NvicTable.setValueAt(NvicTable.java:688)
2025-12-19 14:30:25,939 [ERROR] LogOutputStream:75 - [STDERR_REDIRECT] 	at java.desktop/javax.swing.JTable.editingStopped(JTable.java:4791)
2025-12-19 14:30:25,939 [ERROR] LogOutputStream:75 - [STDERR_REDIRECT] 	at java.desktop/javax.swing.AbstractCellEditor.fireEditingStopped(AbstractCellEditor.java:152)
2025-12-19 14:30:25,940 [ERROR] LogOutputStream:75 - [STDERR_REDIRECT] 	at java.desktop/javax.swing.DefaultCellEditor$EditorDelegate.stopCellEditing(DefaultCellEditor.java:375)
2025-12-19 14:30:25,940 [ERROR] LogOutputStream:75 - [STDERR_REDIRECT] 	at java.desktop/javax.swing.DefaultCellEditor.stopCellEditing(DefaultCellEditor.java:234)
2025-12-19 14:30:25,941 [ERROR] LogOutputStream:75 - [STDERR_REDIRECT] 	at com.st.components.swing.EachRowEditor.stopCellEditing(EachRowEditor.java:124)
2025-12-19 14:30:25,941 [ERROR] LogOutputStream:75 - [STDERR_REDIRECT] 	at java.desktop/javax.swing.plaf.basic.BasicTableUI$Handler.mousePressed(BasicTableUI.java:1040)
2025-12-19 14:30:25,941 [ERROR] LogOutputStream:75 - [STDERR_REDIRECT] 	at java.desktop/java.awt.AWTEventMulticaster.mousePressed(AWTEventMulticaster.java:288)
2025-12-19 14:30:25,941 [ERROR] LogOutputStream:75 - [STDERR_REDIRECT] 	at java.desktop/java.awt.Component.processMouseEvent(Component.java:6618)
2025-12-19 14:30:25,943 [ERROR] LogOutputStream:75 - [STDERR_REDIRECT] 	at java.desktop/javax.swing.JComponent.processMouseEvent(JComponent.java:3398)
2025-12-19 14:30:25,943 [ERROR] LogOutputStream:75 - [STDERR_REDIRECT] 	at java.desktop/java.awt.Component.processEvent(Component.java:6386)
2025-12-19 14:30:25,944 [ERROR] LogOutputStream:75 - [STDERR_REDIRECT] 	at java.desktop/java.awt.Container.processEvent(Container.java:2266)
2025-12-19 14:30:25,944 [ERROR] LogOutputStream:75 - [STDERR_REDIRECT] 	at java.desktop/java.awt.Component.dispatchEventImpl(Component.java:4996)
2025-12-19 14:30:25,944 [ERROR] LogOutputStream:75 - [STDERR_REDIRECT] 	at java.desktop/java.awt.Container.dispatchEventImpl(Container.java:2324)
2025-12-19 14:30:25,945 [ERROR] LogOutputStream:75 - [STDERR_REDIRECT] 	at java.desktop/java.awt.Component.dispatchEvent(Component.java:4828)
2025-12-19 14:30:25,945 [ERROR] LogOutputStream:75 - [STDERR_REDIRECT] 	at java.desktop/java.awt.LightweightDispatcher.retargetMouseEvent(Container.java:4948)
2025-12-19 14:30:25,945 [ERROR] LogOutputStream:75 - [STDERR_REDIRECT] 	at java.desktop/java.awt.LightweightDispatcher.processMouseEvent(Container.java:4572)
2025-12-19 14:30:25,946 [ERROR] LogOutputStream:75 - [STDERR_REDIRECT] 	at java.desktop/java.awt.LightweightDispatcher.dispatchEvent(Container.java:4516)
2025-12-19 14:30:25,946 [ERROR] LogOutputStream:75 - [STDERR_REDIRECT] 	at java.desktop/java.awt.Container.dispatchEventImpl(Container.java:2310)
2025-12-19 14:30:25,946 [ERROR] LogOutputStream:75 - [STDERR_REDIRECT] 	at java.desktop/java.awt.Component.dispatchEvent(Component.java:4828)
2025-12-19 14:30:25,947 [ERROR] LogOutputStream:75 - [STDERR_REDIRECT] 	at java.desktop/java.awt.EventQueue.dispatchEventImpl(EventQueue.java:775)
2025-12-19 14:30:25,947 [ERROR] LogOutputStream:75 - [STDERR_REDIRECT] 	at java.desktop/java.awt.EventQueue$4.run(EventQueue.java:720)
2025-12-19 14:30:25,947 [ERROR] LogOutputStream:75 - [STDERR_REDIRECT] 	at java.desktop/java.awt.EventQueue$4.run(EventQueue.java:714)
2025-12-19 14:30:25,948 [ERROR] LogOutputStream:75 - [STDERR_REDIRECT] 	at java.base/java.security.AccessController.doPrivileged(AccessController.java:400)
2025-12-19 14:30:25,948 [ERROR] LogOutputStream:75 - [STDERR_REDIRECT] 	at java.base/java.security.ProtectionDomain$JavaSecurityAccessImpl.doIntersectionPrivilege(ProtectionDomain.java:87)
2025-12-19 14:30:25,949 [ERROR] LogOutputStream:75 - [STDERR_REDIRECT] 	at java.base/java.security.ProtectionDomain$JavaSecurityAccessImpl.doIntersectionPrivilege(ProtectionDomain.java:98)
2025-12-19 14:30:25,949 [ERROR] LogOutputStream:75 - [STDERR_REDIRECT] 	at java.desktop/java.awt.EventQueue$5.run(EventQueue.java:747)
2025-12-19 14:30:25,950 [ERROR] LogOutputStream:75 - [STDERR_REDIRECT] 	at java.desktop/java.awt.EventQueue$5.run(EventQueue.java:745)
2025-12-19 14:30:25,950 [ERROR] LogOutputStream:75 - [STDERR_REDIRECT] 	at java.base/java.security.AccessController.doPrivileged(AccessController.java:400)
2025-12-19 14:30:25,951 [ERROR] LogOutputStream:75 - [STDERR_REDIRECT] 	at java.base/java.security.ProtectionDomain$JavaSecurityAccessImpl.doIntersectionPrivilege(ProtectionDomain.java:87)
2025-12-19 14:30:25,951 [ERROR] LogOutputStream:75 - [STDERR_REDIRECT] 	at java.desktop/java.awt.EventQueue.dispatchEvent(EventQueue.java:744)
2025-12-19 14:30:25,952 [ERROR] LogOutputStream:75 - [STDERR_REDIRECT] 	at java.desktop/java.awt.EventDispatchThread.pumpOneEventForFilters(EventDispatchThread.java:203)
2025-12-19 14:30:25,952 [ERROR] LogOutputStream:75 - [STDERR_REDIRECT] 	at java.desktop/java.awt.EventDispatchThread.pumpEventsForFilter(EventDispatchThread.java:124)
2025-12-19 14:30:25,953 [ERROR] LogOutputStream:75 - [STDERR_REDIRECT] 	at java.desktop/java.awt.EventDispatchThread.pumpEventsForHierarchy(EventDispatchThread.java:113)
2025-12-19 14:30:25,953 [ERROR] LogOutputStream:75 - [STDERR_REDIRECT] 	at java.desktop/java.awt.EventDispatchThread.pumpEvents(EventDispatchThread.java:109)
2025-12-19 14:30:25,954 [ERROR] LogOutputStream:75 - [STDERR_REDIRECT] 	at java.desktop/java.awt.EventDispatchThread.pumpEvents(EventDispatchThread.java:101)
2025-12-19 14:30:25,954 [ERROR] LogOutputStream:75 - [STDERR_REDIRECT] 	at java.desktop/java.awt.EventDispatchThread.run(EventDispatchThread.java:90)
2025-12-19 14:30:30,144 [ERROR] LogOutputStream:75 - [STDERR_REDIRECT] Exception in thread "AWT-EventQueue-0" java.lang.ClassCastException: class java.lang.String cannot be cast to class java.lang.Integer (java.lang.String and java.lang.Integer are in module java.base of loader 'bootstrap')
2025-12-19 14:30:30,144 [ERROR] LogOutputStream:75 - [STDERR_REDIRECT] 	at com.st.microxplorer.plugins.ip.nvic.NvicPanel.cellChanged(NvicPanel.java:1110)
2025-12-19 14:30:30,145 [ERROR] LogOutputStream:75 - [STDERR_REDIRECT] 	at com.st.microxplorer.plugins.ip.nvic.NvicTableModel.setValueAt(NvicTableModel.java:98)
2025-12-19 14:30:30,146 [ERROR] LogOutputStream:75 - [STDERR_REDIRECT] 	at com.st.microxplorer.plugins.ip.nvic.NvicTable.setValueAt(NvicTable.java:688)
2025-12-19 14:30:30,146 [ERROR] LogOutputStream:75 - [STDERR_REDIRECT] 	at java.desktop/javax.swing.JTable.editingStopped(JTable.java:4791)
2025-12-19 14:30:30,147 [ERROR] LogOutputStream:75 - [STDERR_REDIRECT] 	at java.desktop/javax.swing.AbstractCellEditor.fireEditingStopped(AbstractCellEditor.java:152)
2025-12-19 14:30:30,147 [ERROR] LogOutputStream:75 - [STDERR_REDIRECT] 	at java.desktop/javax.swing.DefaultCellEditor$EditorDelegate.stopCellEditing(DefaultCellEditor.java:375)
2025-12-19 14:30:30,148 [ERROR] LogOutputStream:75 - [STDERR_REDIRECT] 	at java.desktop/javax.swing.DefaultCellEditor.stopCellEditing(DefaultCellEditor.java:234)
2025-12-19 14:30:30,148 [ERROR] LogOutputStream:75 - [STDERR_REDIRECT] 	at com.st.components.swing.EachRowEditor.stopCellEditing(EachRowEditor.java:124)
2025-12-19 14:30:30,149 [ERROR] LogOutputStream:75 - [STDERR_REDIRECT] 	at java.desktop/javax.swing.plaf.basic.BasicTableUI$Handler.mousePressed(BasicTableUI.java:1040)
2025-12-19 14:30:30,149 [ERROR] LogOutputStream:75 - [STDERR_REDIRECT] 	at java.desktop/java.awt.AWTEventMulticaster.mousePressed(AWTEventMulticaster.java:288)
2025-12-19 14:30:30,149 [ERROR] LogOutputStream:75 - [STDERR_REDIRECT] 	at java.desktop/java.awt.Component.processMouseEvent(Component.java:6618)
2025-12-19 14:30:30,150 [ERROR] LogOutputStream:75 - [STDERR_REDIRECT] 	at java.desktop/javax.swing.JComponent.processMouseEvent(JComponent.java:3398)
2025-12-19 14:30:30,150 [ERROR] LogOutputStream:75 - [STDERR_REDIRECT] 	at java.desktop/java.awt.Component.processEvent(Component.java:6386)
2025-12-19 14:30:30,151 [ERROR] LogOutputStream:75 - [STDERR_REDIRECT] 	at java.desktop/java.awt.Container.processEvent(Container.java:2266)
2025-12-19 14:30:30,151 [ERROR] LogOutputStream:75 - [STDERR_REDIRECT] 	at java.desktop/java.awt.Component.dispatchEventImpl(Component.java:4996)
2025-12-19 14:30:30,151 [ERROR] LogOutputStream:75 - [STDERR_REDIRECT] 	at java.desktop/java.awt.Container.dispatchEventImpl(Container.java:2324)
2025-12-19 14:30:30,152 [ERROR] LogOutputStream:75 - [STDERR_REDIRECT] 	at java.desktop/java.awt.Component.dispatchEvent(Component.java:4828)
2025-12-19 14:30:30,152 [ERROR] LogOutputStream:75 - [STDERR_REDIRECT] 	at java.desktop/java.awt.LightweightDispatcher.retargetMouseEvent(Container.java:4948)
2025-12-19 14:30:30,153 [ERROR] LogOutputStream:75 - [STDERR_REDIRECT] 	at java.desktop/java.awt.LightweightDispatcher.processMouseEvent(Container.java:4572)
2025-12-19 14:30:30,153 [ERROR] LogOutputStream:75 - [STDERR_REDIRECT] 	at java.desktop/java.awt.LightweightDispatcher.dispatchEvent(Container.java:4516)
2025-12-19 14:30:30,153 [ERROR] LogOutputStream:75 - [STDERR_REDIRECT] 	at java.desktop/java.awt.Container.dispatchEventImpl(Container.java:2310)
2025-12-19 14:30:30,154 [ERROR] LogOutputStream:75 - [STDERR_REDIRECT] 	at java.desktop/java.awt.Component.dispatchEvent(Component.java:4828)
2025-12-19 14:30:30,154 [ERROR] LogOutputStream:75 - [STDERR_REDIRECT] 	at java.desktop/java.awt.EventQueue.dispatchEventImpl(EventQueue.java:775)
2025-12-19 14:30:30,154 [ERROR] LogOutputStream:75 - [STDERR_REDIRECT] 	at java.desktop/java.awt.EventQueue$4.run(EventQueue.java:720)
2025-12-19 14:30:30,155 [ERROR] LogOutputStream:75 - [STDERR_REDIRECT] 	at java.desktop/java.awt.EventQueue$4.run(EventQueue.java:714)
2025-12-19 14:30:30,155 [ERROR] LogOutputStream:75 - [STDERR_REDIRECT] 	at java.base/java.security.AccessController.doPrivileged(AccessController.java:400)
2025-12-19 14:30:30,156 [ERROR] LogOutputStream:75 - [STDERR_REDIRECT] 	at java.base/java.security.ProtectionDomain$JavaSecurityAccessImpl.doIntersectionPrivilege(ProtectionDomain.java:87)
2025-12-19 14:30:30,156 [ERROR] LogOutputStream:75 - [STDERR_REDIRECT] 	at java.base/java.security.ProtectionDomain$JavaSecurityAccessImpl.doIntersectionPrivilege(ProtectionDomain.java:98)
2025-12-19 14:30:30,157 [ERROR] LogOutputStream:75 - [STDERR_REDIRECT] 	at java.desktop/java.awt.EventQueue$5.run(EventQueue.java:747)
2025-12-19 14:30:30,157 [ERROR] LogOutputStream:75 - [STDERR_REDIRECT] 	at java.desktop/java.awt.EventQueue$5.run(EventQueue.java:745)
2025-12-19 14:30:30,157 [ERROR] LogOutputStream:75 - [STDERR_REDIRECT] 	at java.base/java.security.AccessController.doPrivileged(AccessController.java:400)
2025-12-19 14:30:30,158 [ERROR] LogOutputStream:75 - [STDERR_REDIRECT] 	at java.base/java.security.ProtectionDomain$JavaSecurityAccessImpl.doIntersectionPrivilege(ProtectionDomain.java:87)
2025-12-19 14:30:30,158 [ERROR] LogOutputStream:75 - [STDERR_REDIRECT] 	at java.desktop/java.awt.EventQueue.dispatchEvent(EventQueue.java:744)
2025-12-19 14:30:30,159 [ERROR] LogOutputStream:75 - [STDERR_REDIRECT] 	at java.desktop/java.awt.EventDispatchThread.pumpOneEventForFilters(EventDispatchThread.java:203)
2025-12-19 14:30:30,160 [ERROR] LogOutputStream:75 - [STDERR_REDIRECT] 	at java.desktop/java.awt.EventDispatchThread.pumpEventsForFilter(EventDispatchThread.java:124)
2025-12-19 14:30:30,160 [ERROR] LogOutputStream:75 - [STDERR_REDIRECT] 	at java.desktop/java.awt.EventDispatchThread.pumpEventsForHierarchy(EventDispatchThread.java:113)
2025-12-19 14:30:30,162 [ERROR] LogOutputStream:75 - [STDERR_REDIRECT] 	at java.desktop/java.awt.EventDispatchThread.pumpEvents(EventDispatchThread.java:109)
2025-12-19 14:30:30,163 [ERROR] LogOutputStream:75 - [STDERR_REDIRECT] 	at java.desktop/java.awt.EventDispatchThread.pumpEvents(EventDispatchThread.java:101)
2025-12-19 14:30:30,163 [ERROR] LogOutputStream:75 - [STDERR_REDIRECT] 	at java.desktop/java.awt.EventDispatchThread.run(EventDispatchThread.java:90)
2025-12-19 14:30:30,600 [ERROR] LogOutputStream:75 - [STDERR_REDIRECT] Exception in thread "AWT-EventQueue-0" java.lang.ClassCastException: class java.lang.String cannot be cast to class java.lang.Integer (java.lang.String and java.lang.Integer are in module java.base of loader 'bootstrap')
2025-12-19 14:30:30,601 [ERROR] LogOutputStream:75 - [STDERR_REDIRECT] 	at com.st.microxplorer.plugins.ip.nvic.NvicPanel.cellChanged(NvicPanel.java:1110)
2025-12-19 14:30:30,602 [ERROR] LogOutputStream:75 - [STDERR_REDIRECT] 	at com.st.microxplorer.plugins.ip.nvic.NvicTableModel.setValueAt(NvicTableModel.java:98)
2025-12-19 14:30:30,602 [ERROR] LogOutputStream:75 - [STDERR_REDIRECT] 	at com.st.microxplorer.plugins.ip.nvic.NvicTable.setValueAt(NvicTable.java:688)
2025-12-19 14:30:30,603 [ERROR] LogOutputStream:75 - [STDERR_REDIRECT] 	at java.desktop/javax.swing.JTable.editingStopped(JTable.java:4791)
2025-12-19 14:30:30,603 [ERROR] LogOutputStream:75 - [STDERR_REDIRECT] 	at java.desktop/javax.swing.AbstractCellEditor.fireEditingStopped(AbstractCellEditor.java:152)
2025-12-19 14:30:30,604 [ERROR] LogOutputStream:75 - [STDERR_REDIRECT] 	at java.desktop/javax.swing.DefaultCellEditor$EditorDelegate.stopCellEditing(DefaultCellEditor.java:375)
2025-12-19 14:30:30,604 [ERROR] LogOutputStream:75 - [STDERR_REDIRECT] 	at java.desktop/javax.swing.DefaultCellEditor.stopCellEditing(DefaultCellEditor.java:234)
2025-12-19 14:30:30,605 [ERROR] LogOutputStream:75 - [STDERR_REDIRECT] 	at com.st.components.swing.EachRowEditor.stopCellEditing(EachRowEditor.java:124)
2025-12-19 14:30:30,605 [ERROR] LogOutputStream:75 - [STDERR_REDIRECT] 	at java.desktop/javax.swing.plaf.basic.BasicTableUI$Handler.mousePressed(BasicTableUI.java:1040)
2025-12-19 14:30:30,606 [ERROR] LogOutputStream:75 - [STDERR_REDIRECT] 	at java.desktop/java.awt.AWTEventMulticaster.mousePressed(AWTEventMulticaster.java:288)
2025-12-19 14:30:30,606 [ERROR] LogOutputStream:75 - [STDERR_REDIRECT] 	at java.desktop/java.awt.Component.processMouseEvent(Component.java:6618)
2025-12-19 14:30:30,606 [ERROR] LogOutputStream:75 - [STDERR_REDIRECT] 	at java.desktop/javax.swing.JComponent.processMouseEvent(JComponent.java:3398)
2025-12-19 14:30:30,607 [ERROR] LogOutputStream:75 - [STDERR_REDIRECT] 	at java.desktop/java.awt.Component.processEvent(Component.java:6386)
2025-12-19 14:30:30,607 [ERROR] LogOutputStream:75 - [STDERR_REDIRECT] 	at java.desktop/java.awt.Container.processEvent(Container.java:2266)
2025-12-19 14:30:30,607 [ERROR] LogOutputStream:75 - [STDERR_REDIRECT] 	at java.desktop/java.awt.Component.dispatchEventImpl(Component.java:4996)
2025-12-19 14:30:30,608 [ERROR] LogOutputStream:75 - [STDERR_REDIRECT] 	at java.desktop/java.awt.Container.dispatchEventImpl(Container.java:2324)
2025-12-19 14:30:30,608 [ERROR] LogOutputStream:75 - [STDERR_REDIRECT] 	at java.desktop/java.awt.Component.dispatchEvent(Component.java:4828)
2025-12-19 14:30:30,609 [ERROR] LogOutputStream:75 - [STDERR_REDIRECT] 	at java.desktop/java.awt.LightweightDispatcher.retargetMouseEvent(Container.java:4948)
2025-12-19 14:30:30,609 [ERROR] LogOutputStream:75 - [STDERR_REDIRECT] 	at java.desktop/java.awt.LightweightDispatcher.processMouseEvent(Container.java:4572)
2025-12-19 14:30:30,609 [ERROR] LogOutputStream:75 - [STDERR_REDIRECT] 	at java.desktop/java.awt.LightweightDispatcher.dispatchEvent(Container.java:4516)
2025-12-19 14:30:30,610 [ERROR] LogOutputStream:75 - [STDERR_REDIRECT] 	at java.desktop/java.awt.Container.dispatchEventImpl(Container.java:2310)
2025-12-19 14:30:30,610 [ERROR] LogOutputStream:75 - [STDERR_REDIRECT] 	at java.desktop/java.awt.Component.dispatchEvent(Component.java:4828)
2025-12-19 14:30:30,611 [ERROR] LogOutputStream:75 - [STDERR_REDIRECT] 	at java.desktop/java.awt.EventQueue.dispatchEventImpl(EventQueue.java:775)
2025-12-19 14:30:30,611 [ERROR] LogOutputStream:75 - [STDERR_REDIRECT] 	at java.desktop/java.awt.EventQueue$4.run(EventQueue.java:720)
2025-12-19 14:30:30,611 [ERROR] LogOutputStream:75 - [STDERR_REDIRECT] 	at java.desktop/java.awt.EventQueue$4.run(EventQueue.java:714)
2025-12-19 14:30:30,612 [ERROR] LogOutputStream:75 - [STDERR_REDIRECT] 	at java.base/java.security.AccessController.doPrivileged(AccessController.java:400)
2025-12-19 14:30:30,612 [ERROR] LogOutputStream:75 - [STDERR_REDIRECT] 	at java.base/java.security.ProtectionDomain$JavaSecurityAccessImpl.doIntersectionPrivilege(ProtectionDomain.java:87)
2025-12-19 14:30:30,613 [ERROR] LogOutputStream:75 - [STDERR_REDIRECT] 	at java.base/java.security.ProtectionDomain$JavaSecurityAccessImpl.doIntersectionPrivilege(ProtectionDomain.java:98)
2025-12-19 14:30:30,613 [ERROR] LogOutputStream:75 - [STDERR_REDIRECT] 	at java.desktop/java.awt.EventQueue$5.run(EventQueue.java:747)
2025-12-19 14:30:30,614 [ERROR] LogOutputStream:75 - [STDERR_REDIRECT] 	at java.desktop/java.awt.EventQueue$5.run(EventQueue.java:745)
2025-12-19 14:30:30,614 [ERROR] LogOutputStream:75 - [STDERR_REDIRECT] 	at java.base/java.security.AccessController.doPrivileged(AccessController.java:400)
2025-12-19 14:30:30,615 [ERROR] LogOutputStream:75 - [STDERR_REDIRECT] 	at java.base/java.security.ProtectionDomain$JavaSecurityAccessImpl.doIntersectionPrivilege(ProtectionDomain.java:87)
2025-12-19 14:30:30,615 [ERROR] LogOutputStream:75 - [STDERR_REDIRECT] 	at java.desktop/java.awt.EventQueue.dispatchEvent(EventQueue.java:744)
2025-12-19 14:30:30,615 [ERROR] LogOutputStream:75 - [STDERR_REDIRECT] 	at java.desktop/java.awt.EventDispatchThread.pumpOneEventForFilters(EventDispatchThread.java:203)
2025-12-19 14:30:30,616 [ERROR] LogOutputStream:75 - [STDERR_REDIRECT] 	at java.desktop/java.awt.EventDispatchThread.pumpEventsForFilter(EventDispatchThread.java:124)
2025-12-19 14:30:30,616 [ERROR] LogOutputStream:75 - [STDERR_REDIRECT] 	at java.desktop/java.awt.EventDispatchThread.pumpEventsForHierarchy(EventDispatchThread.java:113)
2025-12-19 14:30:30,617 [ERROR] LogOutputStream:75 - [STDERR_REDIRECT] 	at java.desktop/java.awt.EventDispatchThread.pumpEvents(EventDispatchThread.java:109)
2025-12-19 14:30:30,617 [ERROR] LogOutputStream:75 - [STDERR_REDIRECT] 	at java.desktop/java.awt.EventDispatchThread.pumpEvents(EventDispatchThread.java:101)
2025-12-19 14:30:30,617 [ERROR] LogOutputStream:75 - [STDERR_REDIRECT] 	at java.desktop/java.awt.EventDispatchThread.run(EventDispatchThread.java:90)
2025-12-19 14:30:30,986 [ERROR] LogOutputStream:75 - [STDERR_REDIRECT] Exception in thread "AWT-EventQueue-0" java.lang.ClassCastException: class java.lang.String cannot be cast to class java.lang.Integer (java.lang.String and java.lang.Integer are in module java.base of loader 'bootstrap')
2025-12-19 14:30:30,987 [ERROR] LogOutputStream:75 - [STDERR_REDIRECT] 	at com.st.microxplorer.plugins.ip.nvic.NvicPanel.cellChanged(NvicPanel.java:1110)
2025-12-19 14:30:30,987 [ERROR] LogOutputStream:75 - [STDERR_REDIRECT] 	at com.st.microxplorer.plugins.ip.nvic.NvicTableModel.setValueAt(NvicTableModel.java:98)
2025-12-19 14:30:30,988 [ERROR] LogOutputStream:75 - [STDERR_REDIRECT] 	at com.st.microxplorer.plugins.ip.nvic.NvicTable.setValueAt(NvicTable.java:688)
2025-12-19 14:30:30,988 [ERROR] LogOutputStream:75 - [STDERR_REDIRECT] 	at java.desktop/javax.swing.JTable.editingStopped(JTable.java:4791)
2025-12-19 14:30:30,989 [ERROR] LogOutputStream:75 - [STDERR_REDIRECT] 	at java.desktop/javax.swing.AbstractCellEditor.fireEditingStopped(AbstractCellEditor.java:152)
2025-12-19 14:30:30,989 [ERROR] LogOutputStream:75 - [STDERR_REDIRECT] 	at java.desktop/javax.swing.DefaultCellEditor$EditorDelegate.stopCellEditing(DefaultCellEditor.java:375)
2025-12-19 14:30:30,990 [ERROR] LogOutputStream:75 - [STDERR_REDIRECT] 	at java.desktop/javax.swing.DefaultCellEditor.stopCellEditing(DefaultCellEditor.java:234)
2025-12-19 14:30:30,990 [ERROR] LogOutputStream:75 - [STDERR_REDIRECT] 	at com.st.components.swing.EachRowEditor.stopCellEditing(EachRowEditor.java:124)
2025-12-19 14:30:30,991 [ERROR] LogOutputStream:75 - [STDERR_REDIRECT] 	at java.desktop/javax.swing.plaf.basic.BasicTableUI$Handler.mousePressed(BasicTableUI.java:1040)
2025-12-19 14:30:30,991 [ERROR] LogOutputStream:75 - [STDERR_REDIRECT] 	at java.desktop/java.awt.AWTEventMulticaster.mousePressed(AWTEventMulticaster.java:288)
2025-12-19 14:30:30,991 [ERROR] LogOutputStream:75 - [STDERR_REDIRECT] 	at java.desktop/java.awt.Component.processMouseEvent(Component.java:6618)
2025-12-19 14:30:30,992 [ERROR] LogOutputStream:75 - [STDERR_REDIRECT] 	at java.desktop/javax.swing.JComponent.processMouseEvent(JComponent.java:3398)
2025-12-19 14:30:30,992 [ERROR] LogOutputStream:75 - [STDERR_REDIRECT] 	at java.desktop/java.awt.Component.processEvent(Component.java:6386)
2025-12-19 14:30:30,992 [ERROR] LogOutputStream:75 - [STDERR_REDIRECT] 	at java.desktop/java.awt.Container.processEvent(Container.java:2266)
2025-12-19 14:30:30,992 [ERROR] LogOutputStream:75 - [STDERR_REDIRECT] 	at java.desktop/java.awt.Component.dispatchEventImpl(Component.java:4996)
2025-12-19 14:30:30,993 [ERROR] LogOutputStream:75 - [STDERR_REDIRECT] 	at java.desktop/java.awt.Container.dispatchEventImpl(Container.java:2324)
2025-12-19 14:30:30,993 [ERROR] LogOutputStream:75 - [STDERR_REDIRECT] 	at java.desktop/java.awt.Component.dispatchEvent(Component.java:4828)
2025-12-19 14:30:30,993 [ERROR] LogOutputStream:75 - [STDERR_REDIRECT] 	at java.desktop/java.awt.LightweightDispatcher.retargetMouseEvent(Container.java:4948)
2025-12-19 14:30:30,994 [ERROR] LogOutputStream:75 - [STDERR_REDIRECT] 	at java.desktop/java.awt.LightweightDispatcher.processMouseEvent(Container.java:4572)
2025-12-19 14:30:30,994 [ERROR] LogOutputStream:75 - [STDERR_REDIRECT] 	at java.desktop/java.awt.LightweightDispatcher.dispatchEvent(Container.java:4516)
2025-12-19 14:30:30,995 [ERROR] LogOutputStream:75 - [STDERR_REDIRECT] 	at java.desktop/java.awt.Container.dispatchEventImpl(Container.java:2310)
2025-12-19 14:30:30,995 [ERROR] LogOutputStream:75 - [STDERR_REDIRECT] 	at java.desktop/java.awt.Component.dispatchEvent(Component.java:4828)
2025-12-19 14:30:30,995 [ERROR] LogOutputStream:75 - [STDERR_REDIRECT] 	at java.desktop/java.awt.EventQueue.dispatchEventImpl(EventQueue.java:775)
2025-12-19 14:30:30,996 [ERROR] LogOutputStream:75 - [STDERR_REDIRECT] 	at java.desktop/java.awt.EventQueue$4.run(EventQueue.java:720)
2025-12-19 14:30:30,996 [ERROR] LogOutputStream:75 - [STDERR_REDIRECT] 	at java.desktop/java.awt.EventQueue$4.run(EventQueue.java:714)
2025-12-19 14:30:30,996 [ERROR] LogOutputStream:75 - [STDERR_REDIRECT] 	at java.base/java.security.AccessController.doPrivileged(AccessController.java:400)
2025-12-19 14:30:30,997 [ERROR] LogOutputStream:75 - [STDERR_REDIRECT] 	at java.base/java.security.ProtectionDomain$JavaSecurityAccessImpl.doIntersectionPrivilege(ProtectionDomain.java:87)
2025-12-19 14:30:30,997 [ERROR] LogOutputStream:75 - [STDERR_REDIRECT] 	at java.base/java.security.ProtectionDomain$JavaSecurityAccessImpl.doIntersectionPrivilege(ProtectionDomain.java:98)
2025-12-19 14:30:30,999 [ERROR] LogOutputStream:75 - [STDERR_REDIRECT] 	at java.desktop/java.awt.EventQueue$5.run(EventQueue.java:747)
2025-12-19 14:30:30,999 [ERROR] LogOutputStream:75 - [STDERR_REDIRECT] 	at java.desktop/java.awt.EventQueue$5.run(EventQueue.java:745)
2025-12-19 14:30:30,999 [ERROR] LogOutputStream:75 - [STDERR_REDIRECT] 	at java.base/java.security.AccessController.doPrivileged(AccessController.java:400)
2025-12-19 14:30:31,000 [ERROR] LogOutputStream:75 - [STDERR_REDIRECT] 	at java.base/java.security.ProtectionDomain$JavaSecurityAccessImpl.doIntersectionPrivilege(ProtectionDomain.java:87)
2025-12-19 14:30:31,000 [ERROR] LogOutputStream:75 - [STDERR_REDIRECT] 	at java.desktop/java.awt.EventQueue.dispatchEvent(EventQueue.java:744)
2025-12-19 14:30:31,001 [ERROR] LogOutputStream:75 - [STDERR_REDIRECT] 	at java.desktop/java.awt.EventDispatchThread.pumpOneEventForFilters(EventDispatchThread.java:203)
2025-12-19 14:30:31,002 [ERROR] LogOutputStream:75 - [STDERR_REDIRECT] 	at java.desktop/java.awt.EventDispatchThread.pumpEventsForFilter(EventDispatchThread.java:124)
2025-12-19 14:30:31,002 [ERROR] LogOutputStream:75 - [STDERR_REDIRECT] 	at java.desktop/java.awt.EventDispatchThread.pumpEventsForHierarchy(EventDispatchThread.java:113)
2025-12-19 14:30:31,003 [ERROR] LogOutputStream:75 - [STDERR_REDIRECT] 	at java.desktop/java.awt.EventDispatchThread.pumpEvents(EventDispatchThread.java:109)
2025-12-19 14:30:31,003 [ERROR] LogOutputStream:75 - [STDERR_REDIRECT] 	at java.desktop/java.awt.EventDispatchThread.pumpEvents(EventDispatchThread.java:101)
2025-12-19 14:30:31,003 [ERROR] LogOutputStream:75 - [STDERR_REDIRECT] 	at java.desktop/java.awt.EventDispatchThread.run(EventDispatchThread.java:90)
2025-12-19 14:30:32,217 [ERROR] LogOutputStream:75 - [STDERR_REDIRECT] Exception in thread "AWT-EventQueue-0" java.lang.ClassCastException: class java.lang.String cannot be cast to class java.lang.Integer (java.lang.String and java.lang.Integer are in module java.base of loader 'bootstrap')
2025-12-19 14:30:32,218 [ERROR] LogOutputStream:75 - [STDERR_REDIRECT] 	at com.st.microxplorer.plugins.ip.nvic.NvicPanel.cellChanged(NvicPanel.java:1110)
2025-12-19 14:30:32,218 [ERROR] LogOutputStream:75 - [STDERR_REDIRECT] 	at com.st.microxplorer.plugins.ip.nvic.NvicTableModel.setValueAt(NvicTableModel.java:98)
2025-12-19 14:30:32,219 [ERROR] LogOutputStream:75 - [STDERR_REDIRECT] 	at com.st.microxplorer.plugins.ip.nvic.NvicTable.setValueAt(NvicTable.java:688)
2025-12-19 14:30:32,219 [ERROR] LogOutputStream:75 - [STDERR_REDIRECT] 	at java.desktop/javax.swing.JTable.editingStopped(JTable.java:4791)
2025-12-19 14:30:32,219 [ERROR] LogOutputStream:75 - [STDERR_REDIRECT] 	at java.desktop/javax.swing.AbstractCellEditor.fireEditingStopped(AbstractCellEditor.java:152)
2025-12-19 14:30:32,220 [ERROR] LogOutputStream:75 - [STDERR_REDIRECT] 	at java.desktop/javax.swing.DefaultCellEditor$EditorDelegate.stopCellEditing(DefaultCellEditor.java:375)
2025-12-19 14:30:32,221 [ERROR] LogOutputStream:75 - [STDERR_REDIRECT] 	at java.desktop/javax.swing.DefaultCellEditor.stopCellEditing(DefaultCellEditor.java:234)
2025-12-19 14:30:32,221 [ERROR] LogOutputStream:75 - [STDERR_REDIRECT] 	at com.st.components.swing.EachRowEditor.stopCellEditing(EachRowEditor.java:124)
2025-12-19 14:30:32,222 [ERROR] LogOutputStream:75 - [STDERR_REDIRECT] 	at java.desktop/javax.swing.plaf.basic.BasicTableUI$Handler.mousePressed(BasicTableUI.java:1040)
2025-12-19 14:30:32,222 [ERROR] LogOutputStream:75 - [STDERR_REDIRECT] 	at java.desktop/java.awt.AWTEventMulticaster.mousePressed(AWTEventMulticaster.java:288)
2025-12-19 14:30:32,222 [ERROR] LogOutputStream:75 - [STDERR_REDIRECT] 	at java.desktop/java.awt.Component.processMouseEvent(Component.java:6618)
2025-12-19 14:30:32,223 [ERROR] LogOutputStream:75 - [STDERR_REDIRECT] 	at java.desktop/javax.swing.JComponent.processMouseEvent(JComponent.java:3398)
2025-12-19 14:30:32,223 [ERROR] LogOutputStream:75 - [STDERR_REDIRECT] 	at java.desktop/java.awt.Component.processEvent(Component.java:6386)
2025-12-19 14:30:32,223 [ERROR] LogOutputStream:75 - [STDERR_REDIRECT] 	at java.desktop/java.awt.Container.processEvent(Container.java:2266)
2025-12-19 14:30:32,224 [ERROR] LogOutputStream:75 - [STDERR_REDIRECT] 	at java.desktop/java.awt.Component.dispatchEventImpl(Component.java:4996)
2025-12-19 14:30:32,224 [ERROR] LogOutputStream:75 - [STDERR_REDIRECT] 	at java.desktop/java.awt.Container.dispatchEventImpl(Container.java:2324)
2025-12-19 14:30:32,225 [ERROR] LogOutputStream:75 - [STDERR_REDIRECT] 	at java.desktop/java.awt.Component.dispatchEvent(Component.java:4828)
2025-12-19 14:30:32,225 [ERROR] LogOutputStream:75 - [STDERR_REDIRECT] 	at java.desktop/java.awt.LightweightDispatcher.retargetMouseEvent(Container.java:4948)
2025-12-19 14:30:32,225 [ERROR] LogOutputStream:75 - [STDERR_REDIRECT] 	at java.desktop/java.awt.LightweightDispatcher.processMouseEvent(Container.java:4572)
2025-12-19 14:30:32,226 [ERROR] LogOutputStream:75 - [STDERR_REDIRECT] 	at java.desktop/java.awt.LightweightDispatcher.dispatchEvent(Container.java:4516)
2025-12-19 14:30:32,226 [ERROR] LogOutputStream:75 - [STDERR_REDIRECT] 	at java.desktop/java.awt.Container.dispatchEventImpl(Container.java:2310)
2025-12-19 14:30:32,227 [ERROR] LogOutputStream:75 - [STDERR_REDIRECT] 	at java.desktop/java.awt.Component.dispatchEvent(Component.java:4828)
2025-12-19 14:30:32,227 [ERROR] LogOutputStream:75 - [STDERR_REDIRECT] 	at java.desktop/java.awt.EventQueue.dispatchEventImpl(EventQueue.java:775)
2025-12-19 14:30:32,227 [ERROR] LogOutputStream:75 - [STDERR_REDIRECT] 	at java.desktop/java.awt.EventQueue$4.run(EventQueue.java:720)
2025-12-19 14:30:32,228 [ERROR] LogOutputStream:75 - [STDERR_REDIRECT] 	at java.desktop/java.awt.EventQueue$4.run(EventQueue.java:714)
2025-12-19 14:30:32,228 [ERROR] LogOutputStream:75 - [STDERR_REDIRECT] 	at java.base/java.security.AccessController.doPrivileged(AccessController.java:400)
2025-12-19 14:30:32,229 [ERROR] LogOutputStream:75 - [STDERR_REDIRECT] 	at java.base/java.security.ProtectionDomain$JavaSecurityAccessImpl.doIntersectionPrivilege(ProtectionDomain.java:87)
2025-12-19 14:30:32,229 [ERROR] LogOutputStream:75 - [STDERR_REDIRECT] 	at java.base/java.security.ProtectionDomain$JavaSecurityAccessImpl.doIntersectionPrivilege(ProtectionDomain.java:98)
2025-12-19 14:30:32,230 [ERROR] LogOutputStream:75 - [STDERR_REDIRECT] 	at java.desktop/java.awt.EventQueue$5.run(EventQueue.java:747)
2025-12-19 14:30:32,230 [ERROR] LogOutputStream:75 - [STDERR_REDIRECT] 	at java.desktop/java.awt.EventQueue$5.run(EventQueue.java:745)
2025-12-19 14:30:32,230 [ERROR] LogOutputStream:75 - [STDERR_REDIRECT] 	at java.base/java.security.AccessController.doPrivileged(AccessController.java:400)
2025-12-19 14:30:32,231 [ERROR] LogOutputStream:75 - [STDERR_REDIRECT] 	at java.base/java.security.ProtectionDomain$JavaSecurityAccessImpl.doIntersectionPrivilege(ProtectionDomain.java:87)
2025-12-19 14:30:32,232 [ERROR] LogOutputStream:75 - [STDERR_REDIRECT] 	at java.desktop/java.awt.EventQueue.dispatchEvent(EventQueue.java:744)
2025-12-19 14:30:32,232 [ERROR] LogOutputStream:75 - [STDERR_REDIRECT] 	at java.desktop/java.awt.EventDispatchThread.pumpOneEventForFilters(EventDispatchThread.java:203)
2025-12-19 14:30:32,233 [ERROR] LogOutputStream:75 - [STDERR_REDIRECT] 	at java.desktop/java.awt.EventDispatchThread.pumpEventsForFilter(EventDispatchThread.java:124)
2025-12-19 14:30:32,233 [ERROR] LogOutputStream:75 - [STDERR_REDIRECT] 	at java.desktop/java.awt.EventDispatchThread.pumpEventsForHierarchy(EventDispatchThread.java:113)
2025-12-19 14:30:32,234 [ERROR] LogOutputStream:75 - [STDERR_REDIRECT] 	at java.desktop/java.awt.EventDispatchThread.pumpEvents(EventDispatchThread.java:109)
2025-12-19 14:30:32,234 [ERROR] LogOutputStream:75 - [STDERR_REDIRECT] 	at java.desktop/java.awt.EventDispatchThread.pumpEvents(EventDispatchThread.java:101)
2025-12-19 14:30:32,234 [ERROR] LogOutputStream:75 - [STDERR_REDIRECT] 	at java.desktop/java.awt.EventDispatchThread.run(EventDispatchThread.java:90)
2025-12-19 14:30:37,284 [ERROR] LogOutputStream:75 - [STDERR_REDIRECT] Exception in thread "AWT-EventQueue-0" java.lang.ClassCastException: class java.lang.String cannot be cast to class java.lang.Integer (java.lang.String and java.lang.Integer are in module java.base of loader 'bootstrap')
2025-12-19 14:30:37,285 [ERROR] LogOutputStream:75 - [STDERR_REDIRECT] 	at com.st.microxplorer.plugins.ip.nvic.NvicPanel.cellChanged(NvicPanel.java:1110)
2025-12-19 14:30:37,285 [ERROR] LogOutputStream:75 - [STDERR_REDIRECT] 	at com.st.microxplorer.plugins.ip.nvic.NvicTableModel.setValueAt(NvicTableModel.java:98)
2025-12-19 14:30:37,285 [ERROR] LogOutputStream:75 - [STDERR_REDIRECT] 	at com.st.microxplorer.plugins.ip.nvic.NvicTable.setValueAt(NvicTable.java:688)
2025-12-19 14:30:37,286 [ERROR] LogOutputStream:75 - [STDERR_REDIRECT] 	at java.desktop/javax.swing.JTable.editingStopped(JTable.java:4791)
2025-12-19 14:30:37,286 [ERROR] LogOutputStream:75 - [STDERR_REDIRECT] 	at java.desktop/javax.swing.AbstractCellEditor.fireEditingStopped(AbstractCellEditor.java:152)
2025-12-19 14:30:37,287 [ERROR] LogOutputStream:75 - [STDERR_REDIRECT] 	at java.desktop/javax.swing.DefaultCellEditor$EditorDelegate.stopCellEditing(DefaultCellEditor.java:375)
2025-12-19 14:30:37,287 [ERROR] LogOutputStream:75 - [STDERR_REDIRECT] 	at java.desktop/javax.swing.DefaultCellEditor.stopCellEditing(DefaultCellEditor.java:234)
2025-12-19 14:30:37,288 [ERROR] LogOutputStream:75 - [STDERR_REDIRECT] 	at com.st.components.swing.EachRowEditor.stopCellEditing(EachRowEditor.java:124)
2025-12-19 14:30:37,288 [ERROR] LogOutputStream:75 - [STDERR_REDIRECT] 	at java.desktop/javax.swing.plaf.basic.BasicTableUI$Handler.mousePressed(BasicTableUI.java:1040)
2025-12-19 14:30:37,289 [ERROR] LogOutputStream:75 - [STDERR_REDIRECT] 	at java.desktop/java.awt.AWTEventMulticaster.mousePressed(AWTEventMulticaster.java:288)
2025-12-19 14:30:37,289 [ERROR] LogOutputStream:75 - [STDERR_REDIRECT] 	at java.desktop/java.awt.Component.processMouseEvent(Component.java:6618)
2025-12-19 14:30:37,289 [ERROR] LogOutputStream:75 - [STDERR_REDIRECT] 	at java.desktop/javax.swing.JComponent.processMouseEvent(JComponent.java:3398)
2025-12-19 14:30:37,290 [ERROR] LogOutputStream:75 - [STDERR_REDIRECT] 	at java.desktop/java.awt.Component.processEvent(Component.java:6386)
2025-12-19 14:30:37,290 [ERROR] LogOutputStream:75 - [STDERR_REDIRECT] 	at java.desktop/java.awt.Container.processEvent(Container.java:2266)
2025-12-19 14:30:37,290 [ERROR] LogOutputStream:75 - [STDERR_REDIRECT] 	at java.desktop/java.awt.Component.dispatchEventImpl(Component.java:4996)
2025-12-19 14:30:37,291 [ERROR] LogOutputStream:75 - [STDERR_REDIRECT] 	at java.desktop/java.awt.Container.dispatchEventImpl(Container.java:2324)
2025-12-19 14:30:37,291 [ERROR] LogOutputStream:75 - [STDERR_REDIRECT] 	at java.desktop/java.awt.Component.dispatchEvent(Component.java:4828)
2025-12-19 14:30:37,292 [ERROR] LogOutputStream:75 - [STDERR_REDIRECT] 	at java.desktop/java.awt.LightweightDispatcher.retargetMouseEvent(Container.java:4948)
2025-12-19 14:30:37,292 [ERROR] LogOutputStream:75 - [STDERR_REDIRECT] 	at java.desktop/java.awt.LightweightDispatcher.processMouseEvent(Container.java:4572)
2025-12-19 14:30:37,293 [ERROR] LogOutputStream:75 - [STDERR_REDIRECT] 	at java.desktop/java.awt.LightweightDispatcher.dispatchEvent(Container.java:4516)
2025-12-19 14:30:37,293 [ERROR] LogOutputStream:75 - [STDERR_REDIRECT] 	at java.desktop/java.awt.Container.dispatchEventImpl(Container.java:2310)
2025-12-19 14:30:37,293 [ERROR] LogOutputStream:75 - [STDERR_REDIRECT] 	at java.desktop/java.awt.Component.dispatchEvent(Component.java:4828)
2025-12-19 14:30:37,294 [ERROR] LogOutputStream:75 - [STDERR_REDIRECT] 	at java.desktop/java.awt.EventQueue.dispatchEventImpl(EventQueue.java:775)
2025-12-19 14:30:37,294 [ERROR] LogOutputStream:75 - [STDERR_REDIRECT] 	at java.desktop/java.awt.EventQueue$4.run(EventQueue.java:720)
2025-12-19 14:30:37,294 [ERROR] LogOutputStream:75 - [STDERR_REDIRECT] 	at java.desktop/java.awt.EventQueue$4.run(EventQueue.java:714)
2025-12-19 14:30:37,296 [ERROR] LogOutputStream:75 - [STDERR_REDIRECT] 	at java.base/java.security.AccessController.doPrivileged(AccessController.java:400)
2025-12-19 14:30:37,296 [ERROR] LogOutputStream:75 - [STDERR_REDIRECT] 	at java.base/java.security.ProtectionDomain$JavaSecurityAccessImpl.doIntersectionPrivilege(ProtectionDomain.java:87)
2025-12-19 14:30:37,297 [ERROR] LogOutputStream:75 - [STDERR_REDIRECT] 	at java.base/java.security.ProtectionDomain$JavaSecurityAccessImpl.doIntersectionPrivilege(ProtectionDomain.java:98)
2025-12-19 14:30:37,297 [ERROR] LogOutputStream:75 - [STDERR_REDIRECT] 	at java.desktop/java.awt.EventQueue$5.run(EventQueue.java:747)
2025-12-19 14:30:37,297 [ERROR] LogOutputStream:75 - [STDERR_REDIRECT] 	at java.desktop/java.awt.EventQueue$5.run(EventQueue.java:745)
2025-12-19 14:30:37,298 [ERROR] LogOutputStream:75 - [STDERR_REDIRECT] 	at java.base/java.security.AccessController.doPrivileged(AccessController.java:400)
2025-12-19 14:30:37,298 [ERROR] LogOutputStream:75 - [STDERR_REDIRECT] 	at java.base/java.security.ProtectionDomain$JavaSecurityAccessImpl.doIntersectionPrivilege(ProtectionDomain.java:87)
2025-12-19 14:30:37,299 [ERROR] LogOutputStream:75 - [STDERR_REDIRECT] 	at java.desktop/java.awt.EventQueue.dispatchEvent(EventQueue.java:744)
2025-12-19 14:30:37,299 [ERROR] LogOutputStream:75 - [STDERR_REDIRECT] 	at java.desktop/java.awt.EventDispatchThread.pumpOneEventForFilters(EventDispatchThread.java:203)
2025-12-19 14:30:37,300 [ERROR] LogOutputStream:75 - [STDERR_REDIRECT] 	at java.desktop/java.awt.EventDispatchThread.pumpEventsForFilter(EventDispatchThread.java:124)
2025-12-19 14:30:37,300 [ERROR] LogOutputStream:75 - [STDERR_REDIRECT] 	at java.desktop/java.awt.EventDispatchThread.pumpEventsForHierarchy(EventDispatchThread.java:113)
2025-12-19 14:30:37,300 [ERROR] LogOutputStream:75 - [STDERR_REDIRECT] 	at java.desktop/java.awt.EventDispatchThread.pumpEvents(EventDispatchThread.java:109)
2025-12-19 14:30:37,301 [ERROR] LogOutputStream:75 - [STDERR_REDIRECT] 	at java.desktop/java.awt.EventDispatchThread.pumpEvents(EventDispatchThread.java:101)
2025-12-19 14:30:37,301 [ERROR] LogOutputStream:75 - [STDERR_REDIRECT] 	at java.desktop/java.awt.EventDispatchThread.run(EventDispatchThread.java:90)
2025-12-19 14:30:37,657 [ERROR] LogOutputStream:75 - [STDERR_REDIRECT] Exception in thread "AWT-EventQueue-0" java.lang.ClassCastException: class java.lang.String cannot be cast to class java.lang.Integer (java.lang.String and java.lang.Integer are in module java.base of loader 'bootstrap')
2025-12-19 14:30:37,658 [ERROR] LogOutputStream:75 - [STDERR_REDIRECT] 	at com.st.microxplorer.plugins.ip.nvic.NvicPanel.cellChanged(NvicPanel.java:1110)
2025-12-19 14:30:37,658 [ERROR] LogOutputStream:75 - [STDERR_REDIRECT] 	at com.st.microxplorer.plugins.ip.nvic.NvicTableModel.setValueAt(NvicTableModel.java:98)
2025-12-19 14:30:37,659 [ERROR] LogOutputStream:75 - [STDERR_REDIRECT] 	at com.st.microxplorer.plugins.ip.nvic.NvicTable.setValueAt(NvicTable.java:688)
2025-12-19 14:30:37,659 [ERROR] LogOutputStream:75 - [STDERR_REDIRECT] 	at java.desktop/javax.swing.JTable.editingStopped(JTable.java:4791)
2025-12-19 14:30:37,659 [ERROR] LogOutputStream:75 - [STDERR_REDIRECT] 	at java.desktop/javax.swing.AbstractCellEditor.fireEditingStopped(AbstractCellEditor.java:152)
2025-12-19 14:30:37,660 [ERROR] LogOutputStream:75 - [STDERR_REDIRECT] 	at java.desktop/javax.swing.DefaultCellEditor$EditorDelegate.stopCellEditing(DefaultCellEditor.java:375)
2025-12-19 14:30:37,660 [ERROR] LogOutputStream:75 - [STDERR_REDIRECT] 	at java.desktop/javax.swing.DefaultCellEditor.stopCellEditing(DefaultCellEditor.java:234)
2025-12-19 14:30:37,661 [ERROR] LogOutputStream:75 - [STDERR_REDIRECT] 	at com.st.components.swing.EachRowEditor.stopCellEditing(EachRowEditor.java:124)
2025-12-19 14:30:37,661 [ERROR] LogOutputStream:75 - [STDERR_REDIRECT] 	at java.desktop/javax.swing.plaf.basic.BasicTableUI$Handler.mousePressed(BasicTableUI.java:1040)
2025-12-19 14:30:37,662 [ERROR] LogOutputStream:75 - [STDERR_REDIRECT] 	at java.desktop/java.awt.AWTEventMulticaster.mousePressed(AWTEventMulticaster.java:288)
2025-12-19 14:30:37,662 [ERROR] LogOutputStream:75 - [STDERR_REDIRECT] 	at java.desktop/java.awt.Component.processMouseEvent(Component.java:6618)
2025-12-19 14:30:37,663 [ERROR] LogOutputStream:75 - [STDERR_REDIRECT] 	at java.desktop/javax.swing.JComponent.processMouseEvent(JComponent.java:3398)
2025-12-19 14:30:37,663 [ERROR] LogOutputStream:75 - [STDERR_REDIRECT] 	at java.desktop/java.awt.Component.processEvent(Component.java:6386)
2025-12-19 14:30:37,663 [ERROR] LogOutputStream:75 - [STDERR_REDIRECT] 	at java.desktop/java.awt.Container.processEvent(Container.java:2266)
2025-12-19 14:30:37,664 [ERROR] LogOutputStream:75 - [STDERR_REDIRECT] 	at java.desktop/java.awt.Component.dispatchEventImpl(Component.java:4996)
2025-12-19 14:30:37,664 [ERROR] LogOutputStream:75 - [STDERR_REDIRECT] 	at java.desktop/java.awt.Container.dispatchEventImpl(Container.java:2324)
2025-12-19 14:30:37,664 [ERROR] LogOutputStream:75 - [STDERR_REDIRECT] 	at java.desktop/java.awt.Component.dispatchEvent(Component.java:4828)
2025-12-19 14:30:37,665 [ERROR] LogOutputStream:75 - [STDERR_REDIRECT] 	at java.desktop/java.awt.LightweightDispatcher.retargetMouseEvent(Container.java:4948)
2025-12-19 14:30:37,665 [ERROR] LogOutputStream:75 - [STDERR_REDIRECT] 	at java.desktop/java.awt.LightweightDispatcher.processMouseEvent(Container.java:4572)
2025-12-19 14:30:37,666 [ERROR] LogOutputStream:75 - [STDERR_REDIRECT] 	at java.desktop/java.awt.LightweightDispatcher.dispatchEvent(Container.java:4516)
2025-12-19 14:30:37,666 [ERROR] LogOutputStream:75 - [STDERR_REDIRECT] 	at java.desktop/java.awt.Container.dispatchEventImpl(Container.java:2310)
2025-12-19 14:30:37,666 [ERROR] LogOutputStream:75 - [STDERR_REDIRECT] 	at java.desktop/java.awt.Component.dispatchEvent(Component.java:4828)
2025-12-19 14:30:37,667 [ERROR] LogOutputStream:75 - [STDERR_REDIRECT] 	at java.desktop/java.awt.EventQueue.dispatchEventImpl(EventQueue.java:775)
2025-12-19 14:30:37,667 [ERROR] LogOutputStream:75 - [STDERR_REDIRECT] 	at java.desktop/java.awt.EventQueue$4.run(EventQueue.java:720)
2025-12-19 14:30:37,667 [ERROR] LogOutputStream:75 - [STDERR_REDIRECT] 	at java.desktop/java.awt.EventQueue$4.run(EventQueue.java:714)
2025-12-19 14:30:37,668 [ERROR] LogOutputStream:75 - [STDERR_REDIRECT] 	at java.base/java.security.AccessController.doPrivileged(AccessController.java:400)
2025-12-19 14:30:37,668 [ERROR] LogOutputStream:75 - [STDERR_REDIRECT] 	at java.base/java.security.ProtectionDomain$JavaSecurityAccessImpl.doIntersectionPrivilege(ProtectionDomain.java:87)
2025-12-19 14:30:37,669 [ERROR] LogOutputStream:75 - [STDERR_REDIRECT] 	at java.base/java.security.ProtectionDomain$JavaSecurityAccessImpl.doIntersectionPrivilege(ProtectionDomain.java:98)
2025-12-19 14:30:37,669 [ERROR] LogOutputStream:75 - [STDERR_REDIRECT] 	at java.desktop/java.awt.EventQueue$5.run(EventQueue.java:747)
2025-12-19 14:30:37,670 [ERROR] LogOutputStream:75 - [STDERR_REDIRECT] 	at java.desktop/java.awt.EventQueue$5.run(EventQueue.java:745)
2025-12-19 14:30:37,670 [ERROR] LogOutputStream:75 - [STDERR_REDIRECT] 	at java.base/java.security.AccessController.doPrivileged(AccessController.java:400)
2025-12-19 14:30:37,670 [ERROR] LogOutputStream:75 - [STDERR_REDIRECT] 	at java.base/java.security.ProtectionDomain$JavaSecurityAccessImpl.doIntersectionPrivilege(ProtectionDomain.java:87)
2025-12-19 14:30:37,671 [ERROR] LogOutputStream:75 - [STDERR_REDIRECT] 	at java.desktop/java.awt.EventQueue.dispatchEvent(EventQueue.java:744)
2025-12-19 14:30:37,671 [ERROR] LogOutputStream:75 - [STDERR_REDIRECT] 	at java.desktop/java.awt.EventDispatchThread.pumpOneEventForFilters(EventDispatchThread.java:203)
2025-12-19 14:30:37,672 [ERROR] LogOutputStream:75 - [STDERR_REDIRECT] 	at java.desktop/java.awt.EventDispatchThread.pumpEventsForFilter(EventDispatchThread.java:124)
2025-12-19 14:30:37,672 [ERROR] LogOutputStream:75 - [STDERR_REDIRECT] 	at java.desktop/java.awt.EventDispatchThread.pumpEventsForHierarchy(EventDispatchThread.java:113)
2025-12-19 14:30:37,673 [ERROR] LogOutputStream:75 - [STDERR_REDIRECT] 	at java.desktop/java.awt.EventDispatchThread.pumpEvents(EventDispatchThread.java:109)
2025-12-19 14:30:37,673 [ERROR] LogOutputStream:75 - [STDERR_REDIRECT] 	at java.desktop/java.awt.EventDispatchThread.pumpEvents(EventDispatchThread.java:101)
2025-12-19 14:30:37,674 [ERROR] LogOutputStream:75 - [STDERR_REDIRECT] 	at java.desktop/java.awt.EventDispatchThread.run(EventDispatchThread.java:90)
2025-12-19 14:30:38,199 [ERROR] LogOutputStream:75 - [STDERR_REDIRECT] Exception in thread "AWT-EventQueue-0" java.lang.ClassCastException: class java.lang.String cannot be cast to class java.lang.Integer (java.lang.String and java.lang.Integer are in module java.base of loader 'bootstrap')
2025-12-19 14:30:38,200 [ERROR] LogOutputStream:75 - [STDERR_REDIRECT] 	at com.st.microxplorer.plugins.ip.nvic.NvicPanel.cellChanged(NvicPanel.java:1110)
2025-12-19 14:30:38,200 [ERROR] LogOutputStream:75 - [STDERR_REDIRECT] 	at com.st.microxplorer.plugins.ip.nvic.NvicTableModel.setValueAt(NvicTableModel.java:98)
2025-12-19 14:30:38,201 [ERROR] LogOutputStream:75 - [STDERR_REDIRECT] 	at com.st.microxplorer.plugins.ip.nvic.NvicTable.setValueAt(NvicTable.java:688)
2025-12-19 14:30:38,201 [ERROR] LogOutputStream:75 - [STDERR_REDIRECT] 	at java.desktop/javax.swing.JTable.editingStopped(JTable.java:4791)
2025-12-19 14:30:38,201 [ERROR] LogOutputStream:75 - [STDERR_REDIRECT] 	at java.desktop/javax.swing.AbstractCellEditor.fireEditingStopped(AbstractCellEditor.java:152)
2025-12-19 14:30:38,202 [ERROR] LogOutputStream:75 - [STDERR_REDIRECT] 	at java.desktop/javax.swing.DefaultCellEditor$EditorDelegate.stopCellEditing(DefaultCellEditor.java:375)
2025-12-19 14:30:38,202 [ERROR] LogOutputStream:75 - [STDERR_REDIRECT] 	at java.desktop/javax.swing.DefaultCellEditor.stopCellEditing(DefaultCellEditor.java:234)
2025-12-19 14:30:38,204 [ERROR] LogOutputStream:75 - [STDERR_REDIRECT] 	at com.st.components.swing.EachRowEditor.stopCellEditing(EachRowEditor.java:124)
2025-12-19 14:30:38,204 [ERROR] LogOutputStream:75 - [STDERR_REDIRECT] 	at java.desktop/javax.swing.plaf.basic.BasicTableUI$Handler.mousePressed(BasicTableUI.java:1040)
2025-12-19 14:30:38,204 [ERROR] LogOutputStream:75 - [STDERR_REDIRECT] 	at java.desktop/java.awt.AWTEventMulticaster.mousePressed(AWTEventMulticaster.java:288)
2025-12-19 14:30:38,204 [ERROR] LogOutputStream:75 - [STDERR_REDIRECT] 	at java.desktop/java.awt.Component.processMouseEvent(Component.java:6618)
2025-12-19 14:30:38,204 [ERROR] LogOutputStream:75 - [STDERR_REDIRECT] 	at java.desktop/javax.swing.JComponent.processMouseEvent(JComponent.java:3398)
2025-12-19 14:30:38,206 [ERROR] LogOutputStream:75 - [STDERR_REDIRECT] 	at java.desktop/java.awt.Component.processEvent(Component.java:6386)
2025-12-19 14:30:38,206 [ERROR] LogOutputStream:75 - [STDERR_REDIRECT] 	at java.desktop/java.awt.Container.processEvent(Container.java:2266)
2025-12-19 14:30:38,206 [ERROR] LogOutputStream:75 - [STDERR_REDIRECT] 	at java.desktop/java.awt.Component.dispatchEventImpl(Component.java:4996)
2025-12-19 14:30:38,207 [ERROR] LogOutputStream:75 - [STDERR_REDIRECT] 	at java.desktop/java.awt.Container.dispatchEventImpl(Container.java:2324)
2025-12-19 14:30:38,207 [ERROR] LogOutputStream:75 - [STDERR_REDIRECT] 	at java.desktop/java.awt.Component.dispatchEvent(Component.java:4828)
2025-12-19 14:30:38,207 [ERROR] LogOutputStream:75 - [STDERR_REDIRECT] 	at java.desktop/java.awt.LightweightDispatcher.retargetMouseEvent(Container.java:4948)
2025-12-19 14:30:38,208 [ERROR] LogOutputStream:75 - [STDERR_REDIRECT] 	at java.desktop/java.awt.LightweightDispatcher.processMouseEvent(Container.java:4572)
2025-12-19 14:30:38,208 [ERROR] LogOutputStream:75 - [STDERR_REDIRECT] 	at java.desktop/java.awt.LightweightDispatcher.dispatchEvent(Container.java:4516)
2025-12-19 14:30:38,209 [ERROR] LogOutputStream:75 - [STDERR_REDIRECT] 	at java.desktop/java.awt.Container.dispatchEventImpl(Container.java:2310)
2025-12-19 14:30:38,209 [ERROR] LogOutputStream:75 - [STDERR_REDIRECT] 	at java.desktop/java.awt.Component.dispatchEvent(Component.java:4828)
2025-12-19 14:30:38,209 [ERROR] LogOutputStream:75 - [STDERR_REDIRECT] 	at java.desktop/java.awt.EventQueue.dispatchEventImpl(EventQueue.java:775)
2025-12-19 14:30:38,210 [ERROR] LogOutputStream:75 - [STDERR_REDIRECT] 	at java.desktop/java.awt.EventQueue$4.run(EventQueue.java:720)
2025-12-19 14:30:38,210 [ERROR] LogOutputStream:75 - [STDERR_REDIRECT] 	at java.desktop/java.awt.EventQueue$4.run(EventQueue.java:714)
2025-12-19 14:30:38,211 [ERROR] LogOutputStream:75 - [STDERR_REDIRECT] 	at java.base/java.security.AccessController.doPrivileged(AccessController.java:400)
2025-12-19 14:30:38,211 [ERROR] LogOutputStream:75 - [STDERR_REDIRECT] 	at java.base/java.security.ProtectionDomain$JavaSecurityAccessImpl.doIntersectionPrivilege(ProtectionDomain.java:87)
2025-12-19 14:30:38,212 [ERROR] LogOutputStream:75 - [STDERR_REDIRECT] 	at java.base/java.security.ProtectionDomain$JavaSecurityAccessImpl.doIntersectionPrivilege(ProtectionDomain.java:98)
2025-12-19 14:30:38,212 [ERROR] LogOutputStream:75 - [STDERR_REDIRECT] 	at java.desktop/java.awt.EventQueue$5.run(EventQueue.java:747)
2025-12-19 14:30:38,212 [ERROR] LogOutputStream:75 - [STDERR_REDIRECT] 	at java.desktop/java.awt.EventQueue$5.run(EventQueue.java:745)
2025-12-19 14:30:38,213 [ERROR] LogOutputStream:75 - [STDERR_REDIRECT] 	at java.base/java.security.AccessController.doPrivileged(AccessController.java:400)
2025-12-19 14:30:38,213 [ERROR] LogOutputStream:75 - [STDERR_REDIRECT] 	at java.base/java.security.ProtectionDomain$JavaSecurityAccessImpl.doIntersectionPrivilege(ProtectionDomain.java:87)
2025-12-19 14:30:38,214 [ERROR] LogOutputStream:75 - [STDERR_REDIRECT] 	at java.desktop/java.awt.EventQueue.dispatchEvent(EventQueue.java:744)
2025-12-19 14:30:38,214 [ERROR] LogOutputStream:75 - [STDERR_REDIRECT] 	at java.desktop/java.awt.EventDispatchThread.pumpOneEventForFilters(EventDispatchThread.java:203)
2025-12-19 14:30:38,214 [ERROR] LogOutputStream:75 - [STDERR_REDIRECT] 	at java.desktop/java.awt.EventDispatchThread.pumpEventsForFilter(EventDispatchThread.java:124)
2025-12-19 14:30:38,215 [ERROR] LogOutputStream:75 - [STDERR_REDIRECT] 	at java.desktop/java.awt.EventDispatchThread.pumpEventsForHierarchy(EventDispatchThread.java:113)
2025-12-19 14:30:38,215 [ERROR] LogOutputStream:75 - [STDERR_REDIRECT] 	at java.desktop/java.awt.EventDispatchThread.pumpEvents(EventDispatchThread.java:109)
2025-12-19 14:30:38,216 [ERROR] LogOutputStream:75 - [STDERR_REDIRECT] 	at java.desktop/java.awt.EventDispatchThread.pumpEvents(EventDispatchThread.java:101)
2025-12-19 14:30:38,216 [ERROR] LogOutputStream:75 - [STDERR_REDIRECT] 	at java.desktop/java.awt.EventDispatchThread.run(EventDispatchThread.java:90)
2025-12-19 14:30:38,330 [ERROR] LogOutputStream:75 - [STDERR_REDIRECT] Exception in thread "AWT-EventQueue-0" java.lang.ClassCastException: class java.lang.String cannot be cast to class java.lang.Integer (java.lang.String and java.lang.Integer are in module java.base of loader 'bootstrap')
2025-12-19 14:30:38,331 [ERROR] LogOutputStream:75 - [STDERR_REDIRECT] 	at com.st.microxplorer.plugins.ip.nvic.NvicPanel.cellChanged(NvicPanel.java:1110)
2025-12-19 14:30:38,332 [ERROR] LogOutputStream:75 - [STDERR_REDIRECT] 	at com.st.microxplorer.plugins.ip.nvic.NvicTableModel.setValueAt(NvicTableModel.java:98)
2025-12-19 14:30:38,332 [ERROR] LogOutputStream:75 - [STDERR_REDIRECT] 	at com.st.microxplorer.plugins.ip.nvic.NvicTable.setValueAt(NvicTable.java:688)
2025-12-19 14:30:38,333 [ERROR] LogOutputStream:75 - [STDERR_REDIRECT] 	at java.desktop/javax.swing.JTable.editingStopped(JTable.java:4791)
2025-12-19 14:30:38,333 [ERROR] LogOutputStream:75 - [STDERR_REDIRECT] 	at java.desktop/javax.swing.AbstractCellEditor.fireEditingStopped(AbstractCellEditor.java:152)
2025-12-19 14:30:38,334 [ERROR] LogOutputStream:75 - [STDERR_REDIRECT] 	at java.desktop/javax.swing.DefaultCellEditor$EditorDelegate.stopCellEditing(DefaultCellEditor.java:375)
2025-12-19 14:30:38,334 [ERROR] LogOutputStream:75 - [STDERR_REDIRECT] 	at java.desktop/javax.swing.DefaultCellEditor.stopCellEditing(DefaultCellEditor.java:234)
2025-12-19 14:30:38,334 [ERROR] LogOutputStream:75 - [STDERR_REDIRECT] 	at com.st.components.swing.EachRowEditor.stopCellEditing(EachRowEditor.java:124)
2025-12-19 14:30:38,334 [ERROR] LogOutputStream:75 - [STDERR_REDIRECT] 	at java.desktop/javax.swing.plaf.basic.BasicTableUI$Handler.mousePressed(BasicTableUI.java:1040)
2025-12-19 14:30:38,336 [ERROR] LogOutputStream:75 - [STDERR_REDIRECT] 	at java.desktop/java.awt.AWTEventMulticaster.mousePressed(AWTEventMulticaster.java:288)
2025-12-19 14:30:38,336 [ERROR] LogOutputStream:75 - [STDERR_REDIRECT] 	at java.desktop/java.awt.Component.processMouseEvent(Component.java:6618)
2025-12-19 14:30:38,336 [ERROR] LogOutputStream:75 - [STDERR_REDIRECT] 	at java.desktop/javax.swing.JComponent.processMouseEvent(JComponent.java:3398)
2025-12-19 14:30:38,337 [ERROR] LogOutputStream:75 - [STDERR_REDIRECT] 	at java.desktop/java.awt.Component.processEvent(Component.java:6386)
2025-12-19 14:30:38,337 [ERROR] LogOutputStream:75 - [STDERR_REDIRECT] 	at java.desktop/java.awt.Container.processEvent(Container.java:2266)
2025-12-19 14:30:38,337 [ERROR] LogOutputStream:75 - [STDERR_REDIRECT] 	at java.desktop/java.awt.Component.dispatchEventImpl(Component.java:4996)
2025-12-19 14:30:38,338 [ERROR] LogOutputStream:75 - [STDERR_REDIRECT] 	at java.desktop/java.awt.Container.dispatchEventImpl(Container.java:2324)
2025-12-19 14:30:38,338 [ERROR] LogOutputStream:75 - [STDERR_REDIRECT] 	at java.desktop/java.awt.Component.dispatchEvent(Component.java:4828)
2025-12-19 14:30:38,338 [ERROR] LogOutputStream:75 - [STDERR_REDIRECT] 	at java.desktop/java.awt.LightweightDispatcher.retargetMouseEvent(Container.java:4948)
2025-12-19 14:30:38,339 [ERROR] LogOutputStream:75 - [STDERR_REDIRECT] 	at java.desktop/java.awt.LightweightDispatcher.processMouseEvent(Container.java:4572)
2025-12-19 14:30:38,339 [ERROR] LogOutputStream:75 - [STDERR_REDIRECT] 	at java.desktop/java.awt.LightweightDispatcher.dispatchEvent(Container.java:4516)
2025-12-19 14:30:38,339 [ERROR] LogOutputStream:75 - [STDERR_REDIRECT] 	at java.desktop/java.awt.Container.dispatchEventImpl(Container.java:2310)
2025-12-19 14:30:38,339 [ERROR] LogOutputStream:75 - [STDERR_REDIRECT] 	at java.desktop/java.awt.Component.dispatchEvent(Component.java:4828)
2025-12-19 14:30:38,340 [ERROR] LogOutputStream:75 - [STDERR_REDIRECT] 	at java.desktop/java.awt.EventQueue.dispatchEventImpl(EventQueue.java:775)
2025-12-19 14:30:38,342 [ERROR] LogOutputStream:75 - [STDERR_REDIRECT] 	at java.desktop/java.awt.EventQueue$4.run(EventQueue.java:720)
2025-12-19 14:30:38,342 [ERROR] LogOutputStream:75 - [STDERR_REDIRECT] 	at java.desktop/java.awt.EventQueue$4.run(EventQueue.java:714)
2025-12-19 14:30:38,342 [ERROR] LogOutputStream:75 - [STDERR_REDIRECT] 	at java.base/java.security.AccessController.doPrivileged(AccessController.java:400)
2025-12-19 14:30:38,343 [ERROR] LogOutputStream:75 - [STDERR_REDIRECT] 	at java.base/java.security.ProtectionDomain$JavaSecurityAccessImpl.doIntersectionPrivilege(ProtectionDomain.java:87)
2025-12-19 14:30:38,344 [ERROR] LogOutputStream:75 - [STDERR_REDIRECT] 	at java.base/java.security.ProtectionDomain$JavaSecurityAccessImpl.doIntersectionPrivilege(ProtectionDomain.java:98)
2025-12-19 14:30:38,344 [ERROR] LogOutputStream:75 - [STDERR_REDIRECT] 	at java.desktop/java.awt.EventQueue$5.run(EventQueue.java:747)
2025-12-19 14:30:38,344 [ERROR] LogOutputStream:75 - [STDERR_REDIRECT] 	at java.desktop/java.awt.EventQueue$5.run(EventQueue.java:745)
2025-12-19 14:30:38,345 [ERROR] LogOutputStream:75 - [STDERR_REDIRECT] 	at java.base/java.security.AccessController.doPrivileged(AccessController.java:400)
2025-12-19 14:30:38,345 [ERROR] LogOutputStream:75 - [STDERR_REDIRECT] 	at java.base/java.security.ProtectionDomain$JavaSecurityAccessImpl.doIntersectionPrivilege(ProtectionDomain.java:87)
2025-12-19 14:30:38,346 [ERROR] LogOutputStream:75 - [STDERR_REDIRECT] 	at java.desktop/java.awt.EventQueue.dispatchEvent(EventQueue.java:744)
2025-12-19 14:30:38,346 [ERROR] LogOutputStream:75 - [STDERR_REDIRECT] 	at java.desktop/java.awt.EventDispatchThread.pumpOneEventForFilters(EventDispatchThread.java:203)
2025-12-19 14:30:38,346 [ERROR] LogOutputStream:75 - [STDERR_REDIRECT] 	at java.desktop/java.awt.EventDispatchThread.pumpEventsForFilter(EventDispatchThread.java:124)
2025-12-19 14:30:38,346 [ERROR] LogOutputStream:75 - [STDERR_REDIRECT] 	at java.desktop/java.awt.EventDispatchThread.pumpEventsForHierarchy(EventDispatchThread.java:113)
2025-12-19 14:30:38,347 [ERROR] LogOutputStream:75 - [STDERR_REDIRECT] 	at java.desktop/java.awt.EventDispatchThread.pumpEvents(EventDispatchThread.java:109)
2025-12-19 14:30:38,347 [ERROR] LogOutputStream:75 - [STDERR_REDIRECT] 	at java.desktop/java.awt.EventDispatchThread.pumpEvents(EventDispatchThread.java:101)
2025-12-19 14:30:38,347 [ERROR] LogOutputStream:75 - [STDERR_REDIRECT] 	at java.desktop/java.awt.EventDispatchThread.run(EventDispatchThread.java:90)
2025-12-19 14:30:38,664 [ERROR] LogOutputStream:75 - [STDERR_REDIRECT] Exception in thread "AWT-EventQueue-0" java.lang.ClassCastException: class java.lang.String cannot be cast to class java.lang.Integer (java.lang.String and java.lang.Integer are in module java.base of loader 'bootstrap')
2025-12-19 14:30:38,665 [ERROR] LogOutputStream:75 - [STDERR_REDIRECT] 	at com.st.microxplorer.plugins.ip.nvic.NvicPanel.cellChanged(NvicPanel.java:1110)
2025-12-19 14:30:38,666 [ERROR] LogOutputStream:75 - [STDERR_REDIRECT] 	at com.st.microxplorer.plugins.ip.nvic.NvicTableModel.setValueAt(NvicTableModel.java:98)
2025-12-19 14:30:38,666 [ERROR] LogOutputStream:75 - [STDERR_REDIRECT] 	at com.st.microxplorer.plugins.ip.nvic.NvicTable.setValueAt(NvicTable.java:688)
2025-12-19 14:30:38,666 [ERROR] LogOutputStream:75 - [STDERR_REDIRECT] 	at java.desktop/javax.swing.JTable.editingStopped(JTable.java:4791)
2025-12-19 14:30:38,667 [ERROR] LogOutputStream:75 - [STDERR_REDIRECT] 	at java.desktop/javax.swing.AbstractCellEditor.fireEditingStopped(AbstractCellEditor.java:152)
2025-12-19 14:30:38,668 [ERROR] LogOutputStream:75 - [STDERR_REDIRECT] 	at java.desktop/javax.swing.DefaultCellEditor$EditorDelegate.stopCellEditing(DefaultCellEditor.java:375)
2025-12-19 14:30:38,668 [ERROR] LogOutputStream:75 - [STDERR_REDIRECT] 	at java.desktop/javax.swing.DefaultCellEditor.stopCellEditing(DefaultCellEditor.java:234)
2025-12-19 14:30:38,668 [ERROR] LogOutputStream:75 - [STDERR_REDIRECT] 	at com.st.components.swing.EachRowEditor.stopCellEditing(EachRowEditor.java:124)
2025-12-19 14:30:38,669 [ERROR] LogOutputStream:75 - [STDERR_REDIRECT] 	at java.desktop/javax.swing.plaf.basic.BasicTableUI$Handler.mousePressed(BasicTableUI.java:1040)
2025-12-19 14:30:38,669 [ERROR] LogOutputStream:75 - [STDERR_REDIRECT] 	at java.desktop/java.awt.AWTEventMulticaster.mousePressed(AWTEventMulticaster.java:288)
2025-12-19 14:30:38,670 [ERROR] LogOutputStream:75 - [STDERR_REDIRECT] 	at java.desktop/java.awt.Component.processMouseEvent(Component.java:6618)
2025-12-19 14:30:38,670 [ERROR] LogOutputStream:75 - [STDERR_REDIRECT] 	at java.desktop/javax.swing.JComponent.processMouseEvent(JComponent.java:3398)
2025-12-19 14:30:38,670 [ERROR] LogOutputStream:75 - [STDERR_REDIRECT] 	at java.desktop/java.awt.Component.processEvent(Component.java:6386)
2025-12-19 14:30:38,671 [ERROR] LogOutputStream:75 - [STDERR_REDIRECT] 	at java.desktop/java.awt.Container.processEvent(Container.java:2266)
2025-12-19 14:30:38,671 [ERROR] LogOutputStream:75 - [STDERR_REDIRECT] 	at java.desktop/java.awt.Component.dispatchEventImpl(Component.java:4996)
2025-12-19 14:30:38,672 [ERROR] LogOutputStream:75 - [STDERR_REDIRECT] 	at java.desktop/java.awt.Container.dispatchEventImpl(Container.java:2324)
2025-12-19 14:30:38,672 [ERROR] LogOutputStream:75 - [STDERR_REDIRECT] 	at java.desktop/java.awt.Component.dispatchEvent(Component.java:4828)
2025-12-19 14:30:38,672 [ERROR] LogOutputStream:75 - [STDERR_REDIRECT] 	at java.desktop/java.awt.LightweightDispatcher.retargetMouseEvent(Container.java:4948)
2025-12-19 14:30:38,673 [ERROR] LogOutputStream:75 - [STDERR_REDIRECT] 	at java.desktop/java.awt.LightweightDispatcher.processMouseEvent(Container.java:4572)
2025-12-19 14:30:38,673 [ERROR] LogOutputStream:75 - [STDERR_REDIRECT] 	at java.desktop/java.awt.LightweightDispatcher.dispatchEvent(Container.java:4516)
2025-12-19 14:30:38,674 [ERROR] LogOutputStream:75 - [STDERR_REDIRECT] 	at java.desktop/java.awt.Container.dispatchEventImpl(Container.java:2310)
2025-12-19 14:30:38,674 [ERROR] LogOutputStream:75 - [STDERR_REDIRECT] 	at java.desktop/java.awt.Component.dispatchEvent(Component.java:4828)
2025-12-19 14:30:38,674 [ERROR] LogOutputStream:75 - [STDERR_REDIRECT] 	at java.desktop/java.awt.EventQueue.dispatchEventImpl(EventQueue.java:775)
2025-12-19 14:30:38,675 [ERROR] LogOutputStream:75 - [STDERR_REDIRECT] 	at java.desktop/java.awt.EventQueue$4.run(EventQueue.java:720)
2025-12-19 14:30:38,675 [ERROR] LogOutputStream:75 - [STDERR_REDIRECT] 	at java.desktop/java.awt.EventQueue$4.run(EventQueue.java:714)
2025-12-19 14:30:38,675 [ERROR] LogOutputStream:75 - [STDERR_REDIRECT] 	at java.base/java.security.AccessController.doPrivileged(AccessController.java:400)
2025-12-19 14:30:38,676 [ERROR] LogOutputStream:75 - [STDERR_REDIRECT] 	at java.base/java.security.ProtectionDomain$JavaSecurityAccessImpl.doIntersectionPrivilege(ProtectionDomain.java:87)
2025-12-19 14:30:38,677 [ERROR] LogOutputStream:75 - [STDERR_REDIRECT] 	at java.base/java.security.ProtectionDomain$JavaSecurityAccessImpl.doIntersectionPrivilege(ProtectionDomain.java:98)
2025-12-19 14:30:38,677 [ERROR] LogOutputStream:75 - [STDERR_REDIRECT] 	at java.desktop/java.awt.EventQueue$5.run(EventQueue.java:747)
2025-12-19 14:30:38,677 [ERROR] LogOutputStream:75 - [STDERR_REDIRECT] 	at java.desktop/java.awt.EventQueue$5.run(EventQueue.java:745)
2025-12-19 14:30:38,678 [ERROR] LogOutputStream:75 - [STDERR_REDIRECT] 	at java.base/java.security.AccessController.doPrivileged(AccessController.java:400)
2025-12-19 14:30:38,678 [ERROR] LogOutputStream:75 - [STDERR_REDIRECT] 	at java.base/java.security.ProtectionDomain$JavaSecurityAccessImpl.doIntersectionPrivilege(ProtectionDomain.java:87)
2025-12-19 14:30:38,678 [ERROR] LogOutputStream:75 - [STDERR_REDIRECT] 	at java.desktop/java.awt.EventQueue.dispatchEvent(EventQueue.java:744)
2025-12-19 14:30:38,679 [ERROR] LogOutputStream:75 - [STDERR_REDIRECT] 	at java.desktop/java.awt.EventDispatchThread.pumpOneEventForFilters(EventDispatchThread.java:203)
2025-12-19 14:30:38,679 [ERROR] LogOutputStream:75 - [STDERR_REDIRECT] 	at java.desktop/java.awt.EventDispatchThread.pumpEventsForFilter(EventDispatchThread.java:124)
2025-12-19 14:30:38,680 [ERROR] LogOutputStream:75 - [STDERR_REDIRECT] 	at java.desktop/java.awt.EventDispatchThread.pumpEventsForHierarchy(EventDispatchThread.java:113)
2025-12-19 14:30:38,680 [ERROR] LogOutputStream:75 - [STDERR_REDIRECT] 	at java.desktop/java.awt.EventDispatchThread.pumpEvents(EventDispatchThread.java:109)
2025-12-19 14:30:38,681 [ERROR] LogOutputStream:75 - [STDERR_REDIRECT] 	at java.desktop/java.awt.EventDispatchThread.pumpEvents(EventDispatchThread.java:101)
2025-12-19 14:30:38,681 [ERROR] LogOutputStream:75 - [STDERR_REDIRECT] 	at java.desktop/java.awt.EventDispatchThread.run(EventDispatchThread.java:90)
2025-12-19 14:30:38,793 [ERROR] LogOutputStream:75 - [STDERR_REDIRECT] Exception in thread "AWT-EventQueue-0" java.lang.ClassCastException: class java.lang.String cannot be cast to class java.lang.Integer (java.lang.String and java.lang.Integer are in module java.base of loader 'bootstrap')
2025-12-19 14:30:38,793 [ERROR] LogOutputStream:75 - [STDERR_REDIRECT] 	at com.st.microxplorer.plugins.ip.nvic.NvicPanel.cellChanged(NvicPanel.java:1110)
2025-12-19 14:30:38,794 [ERROR] LogOutputStream:75 - [STDERR_REDIRECT] 	at com.st.microxplorer.plugins.ip.nvic.NvicTableModel.setValueAt(NvicTableModel.java:98)
2025-12-19 14:30:38,794 [ERROR] LogOutputStream:75 - [STDERR_REDIRECT] 	at com.st.microxplorer.plugins.ip.nvic.NvicTable.setValueAt(NvicTable.java:688)
2025-12-19 14:30:38,795 [ERROR] LogOutputStream:75 - [STDERR_REDIRECT] 	at java.desktop/javax.swing.JTable.editingStopped(JTable.java:4791)
2025-12-19 14:30:38,795 [ERROR] LogOutputStream:75 - [STDERR_REDIRECT] 	at java.desktop/javax.swing.AbstractCellEditor.fireEditingStopped(AbstractCellEditor.java:152)
2025-12-19 14:30:38,796 [ERROR] LogOutputStream:75 - [STDERR_REDIRECT] 	at java.desktop/javax.swing.DefaultCellEditor$EditorDelegate.stopCellEditing(DefaultCellEditor.java:375)
2025-12-19 14:30:38,796 [ERROR] LogOutputStream:75 - [STDERR_REDIRECT] 	at java.desktop/javax.swing.DefaultCellEditor.stopCellEditing(DefaultCellEditor.java:234)
2025-12-19 14:30:38,796 [ERROR] LogOutputStream:75 - [STDERR_REDIRECT] 	at com.st.components.swing.EachRowEditor.stopCellEditing(EachRowEditor.java:124)
2025-12-19 14:30:38,797 [ERROR] LogOutputStream:75 - [STDERR_REDIRECT] 	at java.desktop/javax.swing.plaf.basic.BasicTableUI$Handler.mousePressed(BasicTableUI.java:1040)
2025-12-19 14:30:38,797 [ERROR] LogOutputStream:75 - [STDERR_REDIRECT] 	at java.desktop/java.awt.AWTEventMulticaster.mousePressed(AWTEventMulticaster.java:288)
2025-12-19 14:30:38,798 [ERROR] LogOutputStream:75 - [STDERR_REDIRECT] 	at java.desktop/java.awt.Component.processMouseEvent(Component.java:6618)
2025-12-19 14:30:38,798 [ERROR] LogOutputStream:75 - [STDERR_REDIRECT] 	at java.desktop/javax.swing.JComponent.processMouseEvent(JComponent.java:3398)
2025-12-19 14:30:38,798 [ERROR] LogOutputStream:75 - [STDERR_REDIRECT] 	at java.desktop/java.awt.Component.processEvent(Component.java:6386)
2025-12-19 14:30:38,799 [ERROR] LogOutputStream:75 - [STDERR_REDIRECT] 	at java.desktop/java.awt.Container.processEvent(Container.java:2266)
2025-12-19 14:30:38,799 [ERROR] LogOutputStream:75 - [STDERR_REDIRECT] 	at java.desktop/java.awt.Component.dispatchEventImpl(Component.java:4996)
2025-12-19 14:30:38,800 [ERROR] LogOutputStream:75 - [STDERR_REDIRECT] 	at java.desktop/java.awt.Container.dispatchEventImpl(Container.java:2324)
2025-12-19 14:30:38,800 [ERROR] LogOutputStream:75 - [STDERR_REDIRECT] 	at java.desktop/java.awt.Component.dispatchEvent(Component.java:4828)
2025-12-19 14:30:38,800 [ERROR] LogOutputStream:75 - [STDERR_REDIRECT] 	at java.desktop/java.awt.LightweightDispatcher.retargetMouseEvent(Container.java:4948)
2025-12-19 14:30:38,800 [ERROR] LogOutputStream:75 - [STDERR_REDIRECT] 	at java.desktop/java.awt.LightweightDispatcher.processMouseEvent(Container.java:4572)
2025-12-19 14:30:38,801 [ERROR] LogOutputStream:75 - [STDERR_REDIRECT] 	at java.desktop/java.awt.LightweightDispatcher.dispatchEvent(Container.java:4516)
2025-12-19 14:30:38,801 [ERROR] LogOutputStream:75 - [STDERR_REDIRECT] 	at java.desktop/java.awt.Container.dispatchEventImpl(Container.java:2310)
2025-12-19 14:30:38,802 [ERROR] LogOutputStream:75 - [STDERR_REDIRECT] 	at java.desktop/java.awt.Component.dispatchEvent(Component.java:4828)
2025-12-19 14:30:38,802 [ERROR] LogOutputStream:75 - [STDERR_REDIRECT] 	at java.desktop/java.awt.EventQueue.dispatchEventImpl(EventQueue.java:775)
2025-12-19 14:30:38,802 [ERROR] LogOutputStream:75 - [STDERR_REDIRECT] 	at java.desktop/java.awt.EventQueue$4.run(EventQueue.java:720)
2025-12-19 14:30:38,803 [ERROR] LogOutputStream:75 - [STDERR_REDIRECT] 	at java.desktop/java.awt.EventQueue$4.run(EventQueue.java:714)
2025-12-19 14:30:38,803 [ERROR] LogOutputStream:75 - [STDERR_REDIRECT] 	at java.base/java.security.AccessController.doPrivileged(AccessController.java:400)
2025-12-19 14:30:38,804 [ERROR] LogOutputStream:75 - [STDERR_REDIRECT] 	at java.base/java.security.ProtectionDomain$JavaSecurityAccessImpl.doIntersectionPrivilege(ProtectionDomain.java:87)
2025-12-19 14:30:38,804 [ERROR] LogOutputStream:75 - [STDERR_REDIRECT] 	at java.base/java.security.ProtectionDomain$JavaSecurityAccessImpl.doIntersectionPrivilege(ProtectionDomain.java:98)
2025-12-19 14:30:38,804 [ERROR] LogOutputStream:75 - [STDERR_REDIRECT] 	at java.desktop/java.awt.EventQueue$5.run(EventQueue.java:747)
2025-12-19 14:30:38,805 [ERROR] LogOutputStream:75 - [STDERR_REDIRECT] 	at java.desktop/java.awt.EventQueue$5.run(EventQueue.java:745)
2025-12-19 14:30:38,805 [ERROR] LogOutputStream:75 - [STDERR_REDIRECT] 	at java.base/java.security.AccessController.doPrivileged(AccessController.java:400)
2025-12-19 14:30:38,806 [ERROR] LogOutputStream:75 - [STDERR_REDIRECT] 	at java.base/java.security.ProtectionDomain$JavaSecurityAccessImpl.doIntersectionPrivilege(ProtectionDomain.java:87)
2025-12-19 14:30:38,806 [ERROR] LogOutputStream:75 - [STDERR_REDIRECT] 	at java.desktop/java.awt.EventQueue.dispatchEvent(EventQueue.java:744)
2025-12-19 14:30:38,807 [ERROR] LogOutputStream:75 - [STDERR_REDIRECT] 	at java.desktop/java.awt.EventDispatchThread.pumpOneEventForFilters(EventDispatchThread.java:203)
2025-12-19 14:30:38,807 [ERROR] LogOutputStream:75 - [STDERR_REDIRECT] 	at java.desktop/java.awt.EventDispatchThread.pumpEventsForFilter(EventDispatchThread.java:124)
2025-12-19 14:30:38,808 [ERROR] LogOutputStream:75 - [STDERR_REDIRECT] 	at java.desktop/java.awt.EventDispatchThread.pumpEventsForHierarchy(EventDispatchThread.java:113)
2025-12-19 14:30:38,808 [ERROR] LogOutputStream:75 - [STDERR_REDIRECT] 	at java.desktop/java.awt.EventDispatchThread.pumpEvents(EventDispatchThread.java:109)
2025-12-19 14:30:38,809 [ERROR] LogOutputStream:75 - [STDERR_REDIRECT] 	at java.desktop/java.awt.EventDispatchThread.pumpEvents(EventDispatchThread.java:101)
2025-12-19 14:30:38,809 [ERROR] LogOutputStream:75 - [STDERR_REDIRECT] 	at java.desktop/java.awt.EventDispatchThread.run(EventDispatchThread.java:90)
2025-12-19 14:30:39,031 [ERROR] LogOutputStream:75 - [STDERR_REDIRECT] Exception in thread "AWT-EventQueue-0" java.lang.ClassCastException: class java.lang.String cannot be cast to class java.lang.Integer (java.lang.String and java.lang.Integer are in module java.base of loader 'bootstrap')
2025-12-19 14:30:39,033 [ERROR] LogOutputStream:75 - [STDERR_REDIRECT] 	at com.st.microxplorer.plugins.ip.nvic.NvicPanel.cellChanged(NvicPanel.java:1110)
2025-12-19 14:30:39,033 [ERROR] LogOutputStream:75 - [STDERR_REDIRECT] 	at com.st.microxplorer.plugins.ip.nvic.NvicTableModel.setValueAt(NvicTableModel.java:98)
2025-12-19 14:30:39,034 [ERROR] LogOutputStream:75 - [STDERR_REDIRECT] 	at com.st.microxplorer.plugins.ip.nvic.NvicTable.setValueAt(NvicTable.java:688)
2025-12-19 14:30:39,034 [ERROR] LogOutputStream:75 - [STDERR_REDIRECT] 	at java.desktop/javax.swing.JTable.editingStopped(JTable.java:4791)
2025-12-19 14:30:39,034 [ERROR] LogOutputStream:75 - [STDERR_REDIRECT] 	at java.desktop/javax.swing.AbstractCellEditor.fireEditingStopped(AbstractCellEditor.java:152)
2025-12-19 14:30:39,035 [ERROR] LogOutputStream:75 - [STDERR_REDIRECT] 	at java.desktop/javax.swing.DefaultCellEditor$EditorDelegate.stopCellEditing(DefaultCellEditor.java:375)
2025-12-19 14:30:39,035 [ERROR] LogOutputStream:75 - [STDERR_REDIRECT] 	at java.desktop/javax.swing.DefaultCellEditor.stopCellEditing(DefaultCellEditor.java:234)
2025-12-19 14:30:39,036 [ERROR] LogOutputStream:75 - [STDERR_REDIRECT] 	at com.st.components.swing.EachRowEditor.stopCellEditing(EachRowEditor.java:124)
2025-12-19 14:30:39,036 [ERROR] LogOutputStream:75 - [STDERR_REDIRECT] 	at java.desktop/javax.swing.plaf.basic.BasicTableUI$Handler.mousePressed(BasicTableUI.java:1040)
2025-12-19 14:30:39,037 [ERROR] LogOutputStream:75 - [STDERR_REDIRECT] 	at java.desktop/java.awt.AWTEventMulticaster.mousePressed(AWTEventMulticaster.java:288)
2025-12-19 14:30:39,037 [ERROR] LogOutputStream:75 - [STDERR_REDIRECT] 	at java.desktop/java.awt.Component.processMouseEvent(Component.java:6618)
2025-12-19 14:30:39,038 [ERROR] LogOutputStream:75 - [STDERR_REDIRECT] 	at java.desktop/javax.swing.JComponent.processMouseEvent(JComponent.java:3398)
2025-12-19 14:30:39,038 [ERROR] LogOutputStream:75 - [STDERR_REDIRECT] 	at java.desktop/java.awt.Component.processEvent(Component.java:6386)
2025-12-19 14:30:39,038 [ERROR] LogOutputStream:75 - [STDERR_REDIRECT] 	at java.desktop/java.awt.Container.processEvent(Container.java:2266)
2025-12-19 14:30:39,039 [ERROR] LogOutputStream:75 - [STDERR_REDIRECT] 	at java.desktop/java.awt.Component.dispatchEventImpl(Component.java:4996)
2025-12-19 14:30:39,039 [ERROR] LogOutputStream:75 - [STDERR_REDIRECT] 	at java.desktop/java.awt.Container.dispatchEventImpl(Container.java:2324)
2025-12-19 14:30:39,040 [ERROR] LogOutputStream:75 - [STDERR_REDIRECT] 	at java.desktop/java.awt.Component.dispatchEvent(Component.java:4828)
2025-12-19 14:30:39,040 [ERROR] LogOutputStream:75 - [STDERR_REDIRECT] 	at java.desktop/java.awt.LightweightDispatcher.retargetMouseEvent(Container.java:4948)
2025-12-19 14:30:39,041 [ERROR] LogOutputStream:75 - [STDERR_REDIRECT] 	at java.desktop/java.awt.LightweightDispatcher.processMouseEvent(Container.java:4572)
2025-12-19 14:30:39,041 [ERROR] LogOutputStream:75 - [STDERR_REDIRECT] 	at java.desktop/java.awt.LightweightDispatcher.dispatchEvent(Container.java:4516)
2025-12-19 14:30:39,041 [ERROR] LogOutputStream:75 - [STDERR_REDIRECT] 	at java.desktop/java.awt.Container.dispatchEventImpl(Container.java:2310)
2025-12-19 14:30:39,042 [ERROR] LogOutputStream:75 - [STDERR_REDIRECT] 	at java.desktop/java.awt.Component.dispatchEvent(Component.java:4828)
2025-12-19 14:30:39,043 [ERROR] LogOutputStream:75 - [STDERR_REDIRECT] 	at java.desktop/java.awt.EventQueue.dispatchEventImpl(EventQueue.java:775)
2025-12-19 14:30:39,043 [ERROR] LogOutputStream:75 - [STDERR_REDIRECT] 	at java.desktop/java.awt.EventQueue$4.run(EventQueue.java:720)
2025-12-19 14:30:39,044 [ERROR] LogOutputStream:75 - [STDERR_REDIRECT] 	at java.desktop/java.awt.EventQueue$4.run(EventQueue.java:714)
2025-12-19 14:30:39,044 [ERROR] LogOutputStream:75 - [STDERR_REDIRECT] 	at java.base/java.security.AccessController.doPrivileged(AccessController.java:400)
2025-12-19 14:30:39,045 [ERROR] LogOutputStream:75 - [STDERR_REDIRECT] 	at java.base/java.security.ProtectionDomain$JavaSecurityAccessImpl.doIntersectionPrivilege(ProtectionDomain.java:87)
2025-12-19 14:30:39,045 [ERROR] LogOutputStream:75 - [STDERR_REDIRECT] 	at java.base/java.security.ProtectionDomain$JavaSecurityAccessImpl.doIntersectionPrivilege(ProtectionDomain.java:98)
2025-12-19 14:30:39,046 [ERROR] LogOutputStream:75 - [STDERR_REDIRECT] 	at java.desktop/java.awt.EventQueue$5.run(EventQueue.java:747)
2025-12-19 14:30:39,046 [ERROR] LogOutputStream:75 - [STDERR_REDIRECT] 	at java.desktop/java.awt.EventQueue$5.run(EventQueue.java:745)
2025-12-19 14:30:39,046 [ERROR] LogOutputStream:75 - [STDERR_REDIRECT] 	at java.base/java.security.AccessController.doPrivileged(AccessController.java:400)
2025-12-19 14:30:39,047 [ERROR] LogOutputStream:75 - [STDERR_REDIRECT] 	at java.base/java.security.ProtectionDomain$JavaSecurityAccessImpl.doIntersectionPrivilege(ProtectionDomain.java:87)
2025-12-19 14:30:39,047 [ERROR] LogOutputStream:75 - [STDERR_REDIRECT] 	at java.desktop/java.awt.EventQueue.dispatchEvent(EventQueue.java:744)
2025-12-19 14:30:39,048 [ERROR] LogOutputStream:75 - [STDERR_REDIRECT] 	at java.desktop/java.awt.EventDispatchThread.pumpOneEventForFilters(EventDispatchThread.java:203)
2025-12-19 14:30:39,048 [ERROR] LogOutputStream:75 - [STDERR_REDIRECT] 	at java.desktop/java.awt.EventDispatchThread.pumpEventsForFilter(EventDispatchThread.java:124)
2025-12-19 14:30:39,049 [ERROR] LogOutputStream:75 - [STDERR_REDIRECT] 	at java.desktop/java.awt.EventDispatchThread.pumpEventsForHierarchy(EventDispatchThread.java:113)
2025-12-19 14:30:39,049 [ERROR] LogOutputStream:75 - [STDERR_REDIRECT] 	at java.desktop/java.awt.EventDispatchThread.pumpEvents(EventDispatchThread.java:109)
2025-12-19 14:30:39,049 [ERROR] LogOutputStream:75 - [STDERR_REDIRECT] 	at java.desktop/java.awt.EventDispatchThread.pumpEvents(EventDispatchThread.java:101)
2025-12-19 14:30:39,050 [ERROR] LogOutputStream:75 - [STDERR_REDIRECT] 	at java.desktop/java.awt.EventDispatchThread.run(EventDispatchThread.java:90)
2025-12-19 14:30:39,157 [ERROR] LogOutputStream:75 - [STDERR_REDIRECT] Exception in thread "AWT-EventQueue-0" java.lang.ClassCastException: class java.lang.String cannot be cast to class java.lang.Integer (java.lang.String and java.lang.Integer are in module java.base of loader 'bootstrap')
2025-12-19 14:30:39,158 [ERROR] LogOutputStream:75 - [STDERR_REDIRECT] 	at com.st.microxplorer.plugins.ip.nvic.NvicPanel.cellChanged(NvicPanel.java:1110)
2025-12-19 14:30:39,158 [ERROR] LogOutputStream:75 - [STDERR_REDIRECT] 	at com.st.microxplorer.plugins.ip.nvic.NvicTableModel.setValueAt(NvicTableModel.java:98)
2025-12-19 14:30:39,158 [ERROR] LogOutputStream:75 - [STDERR_REDIRECT] 	at com.st.microxplorer.plugins.ip.nvic.NvicTable.setValueAt(NvicTable.java:688)
2025-12-19 14:30:39,159 [ERROR] LogOutputStream:75 - [STDERR_REDIRECT] 	at java.desktop/javax.swing.JTable.editingStopped(JTable.java:4791)
2025-12-19 14:30:39,159 [ERROR] LogOutputStream:75 - [STDERR_REDIRECT] 	at java.desktop/javax.swing.AbstractCellEditor.fireEditingStopped(AbstractCellEditor.java:152)
2025-12-19 14:30:39,160 [ERROR] LogOutputStream:75 - [STDERR_REDIRECT] 	at java.desktop/javax.swing.DefaultCellEditor$EditorDelegate.stopCellEditing(DefaultCellEditor.java:375)
2025-12-19 14:30:39,160 [ERROR] LogOutputStream:75 - [STDERR_REDIRECT] 	at java.desktop/javax.swing.DefaultCellEditor.stopCellEditing(DefaultCellEditor.java:234)
2025-12-19 14:30:39,160 [ERROR] LogOutputStream:75 - [STDERR_REDIRECT] 	at com.st.components.swing.EachRowEditor.stopCellEditing(EachRowEditor.java:124)
2025-12-19 14:30:39,161 [ERROR] LogOutputStream:75 - [STDERR_REDIRECT] 	at java.desktop/javax.swing.plaf.basic.BasicTableUI$Handler.mousePressed(BasicTableUI.java:1040)
2025-12-19 14:30:39,161 [ERROR] LogOutputStream:75 - [STDERR_REDIRECT] 	at java.desktop/java.awt.AWTEventMulticaster.mousePressed(AWTEventMulticaster.java:288)
2025-12-19 14:30:39,162 [ERROR] LogOutputStream:75 - [STDERR_REDIRECT] 	at java.desktop/java.awt.Component.processMouseEvent(Component.java:6618)
2025-12-19 14:30:39,162 [ERROR] LogOutputStream:75 - [STDERR_REDIRECT] 	at java.desktop/javax.swing.JComponent.processMouseEvent(JComponent.java:3398)
2025-12-19 14:30:39,162 [ERROR] LogOutputStream:75 - [STDERR_REDIRECT] 	at java.desktop/java.awt.Component.processEvent(Component.java:6386)
2025-12-19 14:30:39,163 [ERROR] LogOutputStream:75 - [STDERR_REDIRECT] 	at java.desktop/java.awt.Container.processEvent(Container.java:2266)
2025-12-19 14:30:39,163 [ERROR] LogOutputStream:75 - [STDERR_REDIRECT] 	at java.desktop/java.awt.Component.dispatchEventImpl(Component.java:4996)
2025-12-19 14:30:39,163 [ERROR] LogOutputStream:75 - [STDERR_REDIRECT] 	at java.desktop/java.awt.Container.dispatchEventImpl(Container.java:2324)
2025-12-19 14:30:39,164 [ERROR] LogOutputStream:75 - [STDERR_REDIRECT] 	at java.desktop/java.awt.Component.dispatchEvent(Component.java:4828)
2025-12-19 14:30:39,164 [ERROR] LogOutputStream:75 - [STDERR_REDIRECT] 	at java.desktop/java.awt.LightweightDispatcher.retargetMouseEvent(Container.java:4948)
2025-12-19 14:30:39,165 [ERROR] LogOutputStream:75 - [STDERR_REDIRECT] 	at java.desktop/java.awt.LightweightDispatcher.processMouseEvent(Container.java:4572)
2025-12-19 14:30:39,165 [ERROR] LogOutputStream:75 - [STDERR_REDIRECT] 	at java.desktop/java.awt.LightweightDispatcher.dispatchEvent(Container.java:4516)
2025-12-19 14:30:39,166 [ERROR] LogOutputStream:75 - [STDERR_REDIRECT] 	at java.desktop/java.awt.Container.dispatchEventImpl(Container.java:2310)
2025-12-19 14:30:39,166 [ERROR] LogOutputStream:75 - [STDERR_REDIRECT] 	at java.desktop/java.awt.Component.dispatchEvent(Component.java:4828)
2025-12-19 14:30:39,166 [ERROR] LogOutputStream:75 - [STDERR_REDIRECT] 	at java.desktop/java.awt.EventQueue.dispatchEventImpl(EventQueue.java:775)
2025-12-19 14:30:39,167 [ERROR] LogOutputStream:75 - [STDERR_REDIRECT] 	at java.desktop/java.awt.EventQueue$4.run(EventQueue.java:720)
2025-12-19 14:30:39,167 [ERROR] LogOutputStream:75 - [STDERR_REDIRECT] 	at java.desktop/java.awt.EventQueue$4.run(EventQueue.java:714)
2025-12-19 14:30:39,167 [ERROR] LogOutputStream:75 - [STDERR_REDIRECT] 	at java.base/java.security.AccessController.doPrivileged(AccessController.java:400)
2025-12-19 14:30:39,168 [ERROR] LogOutputStream:75 - [STDERR_REDIRECT] 	at java.base/java.security.ProtectionDomain$JavaSecurityAccessImpl.doIntersectionPrivilege(ProtectionDomain.java:87)
2025-12-19 14:30:39,168 [ERROR] LogOutputStream:75 - [STDERR_REDIRECT] 	at java.base/java.security.ProtectionDomain$JavaSecurityAccessImpl.doIntersectionPrivilege(ProtectionDomain.java:98)
2025-12-19 14:30:39,169 [ERROR] LogOutputStream:75 - [STDERR_REDIRECT] 	at java.desktop/java.awt.EventQueue$5.run(EventQueue.java:747)
2025-12-19 14:30:39,169 [ERROR] LogOutputStream:75 - [STDERR_REDIRECT] 	at java.desktop/java.awt.EventQueue$5.run(EventQueue.java:745)
2025-12-19 14:30:39,169 [ERROR] LogOutputStream:75 - [STDERR_REDIRECT] 	at java.base/java.security.AccessController.doPrivileged(AccessController.java:400)
2025-12-19 14:30:39,170 [ERROR] LogOutputStream:75 - [STDERR_REDIRECT] 	at java.base/java.security.ProtectionDomain$JavaSecurityAccessImpl.doIntersectionPrivilege(ProtectionDomain.java:87)
2025-12-19 14:30:39,170 [ERROR] LogOutputStream:75 - [STDERR_REDIRECT] 	at java.desktop/java.awt.EventQueue.dispatchEvent(EventQueue.java:744)
2025-12-19 14:30:39,171 [ERROR] LogOutputStream:75 - [STDERR_REDIRECT] 	at java.desktop/java.awt.EventDispatchThread.pumpOneEventForFilters(EventDispatchThread.java:203)
2025-12-19 14:30:39,171 [ERROR] LogOutputStream:75 - [STDERR_REDIRECT] 	at java.desktop/java.awt.EventDispatchThread.pumpEventsForFilter(EventDispatchThread.java:124)
2025-12-19 14:30:39,172 [ERROR] LogOutputStream:75 - [STDERR_REDIRECT] 	at java.desktop/java.awt.EventDispatchThread.pumpEventsForHierarchy(EventDispatchThread.java:113)
2025-12-19 14:30:39,172 [ERROR] LogOutputStream:75 - [STDERR_REDIRECT] 	at java.desktop/java.awt.EventDispatchThread.pumpEvents(EventDispatchThread.java:109)
2025-12-19 14:30:39,173 [ERROR] LogOutputStream:75 - [STDERR_REDIRECT] 	at java.desktop/java.awt.EventDispatchThread.pumpEvents(EventDispatchThread.java:101)
2025-12-19 14:30:39,173 [ERROR] LogOutputStream:75 - [STDERR_REDIRECT] 	at java.desktop/java.awt.EventDispatchThread.run(EventDispatchThread.java:90)
2025-12-19 14:30:40,036 [ERROR] LogOutputStream:75 - [STDERR_REDIRECT] Exception in thread "AWT-EventQueue-0" java.lang.ClassCastException: class java.lang.String cannot be cast to class java.lang.Integer (java.lang.String and java.lang.Integer are in module java.base of loader 'bootstrap')
2025-12-19 14:30:40,037 [ERROR] LogOutputStream:75 - [STDERR_REDIRECT] 	at com.st.microxplorer.plugins.ip.nvic.NvicPanel.cellChanged(NvicPanel.java:1110)
2025-12-19 14:30:40,038 [ERROR] LogOutputStream:75 - [STDERR_REDIRECT] 	at com.st.microxplorer.plugins.ip.nvic.NvicTableModel.setValueAt(NvicTableModel.java:98)
2025-12-19 14:30:40,038 [ERROR] LogOutputStream:75 - [STDERR_REDIRECT] 	at com.st.microxplorer.plugins.ip.nvic.NvicTable.setValueAt(NvicTable.java:688)
2025-12-19 14:30:40,038 [ERROR] LogOutputStream:75 - [STDERR_REDIRECT] 	at java.desktop/javax.swing.JTable.editingStopped(JTable.java:4791)
2025-12-19 14:30:40,039 [ERROR] LogOutputStream:75 - [STDERR_REDIRECT] 	at java.desktop/javax.swing.AbstractCellEditor.fireEditingStopped(AbstractCellEditor.java:152)
2025-12-19 14:30:40,040 [ERROR] LogOutputStream:75 - [STDERR_REDIRECT] 	at java.desktop/javax.swing.DefaultCellEditor$EditorDelegate.stopCellEditing(DefaultCellEditor.java:375)
2025-12-19 14:30:40,040 [ERROR] LogOutputStream:75 - [STDERR_REDIRECT] 	at java.desktop/javax.swing.DefaultCellEditor.stopCellEditing(DefaultCellEditor.java:234)
2025-12-19 14:30:40,040 [ERROR] LogOutputStream:75 - [STDERR_REDIRECT] 	at com.st.components.swing.EachRowEditor.stopCellEditing(EachRowEditor.java:124)
2025-12-19 14:30:40,041 [ERROR] LogOutputStream:75 - [STDERR_REDIRECT] 	at java.desktop/javax.swing.plaf.basic.BasicTableUI$Handler.mousePressed(BasicTableUI.java:1040)
2025-12-19 14:30:40,041 [ERROR] LogOutputStream:75 - [STDERR_REDIRECT] 	at java.desktop/java.awt.AWTEventMulticaster.mousePressed(AWTEventMulticaster.java:288)
2025-12-19 14:30:40,042 [ERROR] LogOutputStream:75 - [STDERR_REDIRECT] 	at java.desktop/java.awt.Component.processMouseEvent(Component.java:6618)
2025-12-19 14:30:40,042 [ERROR] LogOutputStream:75 - [STDERR_REDIRECT] 	at java.desktop/javax.swing.JComponent.processMouseEvent(JComponent.java:3398)
2025-12-19 14:30:40,042 [ERROR] LogOutputStream:75 - [STDERR_REDIRECT] 	at java.desktop/java.awt.Component.processEvent(Component.java:6386)
2025-12-19 14:30:40,043 [ERROR] LogOutputStream:75 - [STDERR_REDIRECT] 	at java.desktop/java.awt.Container.processEvent(Container.java:2266)
2025-12-19 14:30:40,043 [ERROR] LogOutputStream:75 - [STDERR_REDIRECT] 	at java.desktop/java.awt.Component.dispatchEventImpl(Component.java:4996)
2025-12-19 14:30:40,044 [ERROR] LogOutputStream:75 - [STDERR_REDIRECT] 	at java.desktop/java.awt.Container.dispatchEventImpl(Container.java:2324)
2025-12-19 14:30:40,044 [ERROR] LogOutputStream:75 - [STDERR_REDIRECT] 	at java.desktop/java.awt.Component.dispatchEvent(Component.java:4828)
2025-12-19 14:30:40,045 [ERROR] LogOutputStream:75 - [STDERR_REDIRECT] 	at java.desktop/java.awt.LightweightDispatcher.retargetMouseEvent(Container.java:4948)
2025-12-19 14:30:40,045 [ERROR] LogOutputStream:75 - [STDERR_REDIRECT] 	at java.desktop/java.awt.LightweightDispatcher.processMouseEvent(Container.java:4572)
2025-12-19 14:30:40,045 [ERROR] LogOutputStream:75 - [STDERR_REDIRECT] 	at java.desktop/java.awt.LightweightDispatcher.dispatchEvent(Container.java:4516)
2025-12-19 14:30:40,046 [ERROR] LogOutputStream:75 - [STDERR_REDIRECT] 	at java.desktop/java.awt.Container.dispatchEventImpl(Container.java:2310)
2025-12-19 14:30:40,046 [ERROR] LogOutputStream:75 - [STDERR_REDIRECT] 	at java.desktop/java.awt.Component.dispatchEvent(Component.java:4828)
2025-12-19 14:30:40,046 [ERROR] LogOutputStream:75 - [STDERR_REDIRECT] 	at java.desktop/java.awt.EventQueue.dispatchEventImpl(EventQueue.java:775)
2025-12-19 14:30:40,047 [ERROR] LogOutputStream:75 - [STDERR_REDIRECT] 	at java.desktop/java.awt.EventQueue$4.run(EventQueue.java:720)
2025-12-19 14:30:40,047 [ERROR] LogOutputStream:75 - [STDERR_REDIRECT] 	at java.desktop/java.awt.EventQueue$4.run(EventQueue.java:714)
2025-12-19 14:30:40,047 [ERROR] LogOutputStream:75 - [STDERR_REDIRECT] 	at java.base/java.security.AccessController.doPrivileged(AccessController.java:400)
2025-12-19 14:30:40,048 [ERROR] LogOutputStream:75 - [STDERR_REDIRECT] 	at java.base/java.security.ProtectionDomain$JavaSecurityAccessImpl.doIntersectionPrivilege(ProtectionDomain.java:87)
2025-12-19 14:30:40,048 [ERROR] LogOutputStream:75 - [STDERR_REDIRECT] 	at java.base/java.security.ProtectionDomain$JavaSecurityAccessImpl.doIntersectionPrivilege(ProtectionDomain.java:98)
2025-12-19 14:30:40,048 [ERROR] LogOutputStream:75 - [STDERR_REDIRECT] 	at java.desktop/java.awt.EventQueue$5.run(EventQueue.java:747)
2025-12-19 14:30:40,050 [ERROR] LogOutputStream:75 - [STDERR_REDIRECT] 	at java.desktop/java.awt.EventQueue$5.run(EventQueue.java:745)
2025-12-19 14:30:40,050 [ERROR] LogOutputStream:75 - [STDERR_REDIRECT] 	at java.base/java.security.AccessController.doPrivileged(AccessController.java:400)
2025-12-19 14:30:40,051 [ERROR] LogOutputStream:75 - [STDERR_REDIRECT] 	at java.base/java.security.ProtectionDomain$JavaSecurityAccessImpl.doIntersectionPrivilege(ProtectionDomain.java:87)
2025-12-19 14:30:40,051 [ERROR] LogOutputStream:75 - [STDERR_REDIRECT] 	at java.desktop/java.awt.EventQueue.dispatchEvent(EventQueue.java:744)
2025-12-19 14:30:40,051 [ERROR] LogOutputStream:75 - [STDERR_REDIRECT] 	at java.desktop/java.awt.EventDispatchThread.pumpOneEventForFilters(EventDispatchThread.java:203)
2025-12-19 14:30:40,052 [ERROR] LogOutputStream:75 - [STDERR_REDIRECT] 	at java.desktop/java.awt.EventDispatchThread.pumpEventsForFilter(EventDispatchThread.java:124)
2025-12-19 14:30:40,052 [ERROR] LogOutputStream:75 - [STDERR_REDIRECT] 	at java.desktop/java.awt.EventDispatchThread.pumpEventsForHierarchy(EventDispatchThread.java:113)
2025-12-19 14:30:40,053 [ERROR] LogOutputStream:75 - [STDERR_REDIRECT] 	at java.desktop/java.awt.EventDispatchThread.pumpEvents(EventDispatchThread.java:109)
2025-12-19 14:30:40,053 [ERROR] LogOutputStream:75 - [STDERR_REDIRECT] 	at java.desktop/java.awt.EventDispatchThread.pumpEvents(EventDispatchThread.java:101)
2025-12-19 14:30:40,053 [ERROR] LogOutputStream:75 - [STDERR_REDIRECT] 	at java.desktop/java.awt.EventDispatchThread.run(EventDispatchThread.java:90)
2025-12-19 14:30:40,833 [ERROR] LogOutputStream:75 - [STDERR_REDIRECT] Exception in thread "AWT-EventQueue-0" java.lang.ClassCastException: class java.lang.String cannot be cast to class java.lang.Integer (java.lang.String and java.lang.Integer are in module java.base of loader 'bootstrap')
2025-12-19 14:30:40,834 [ERROR] LogOutputStream:75 - [STDERR_REDIRECT] 	at com.st.microxplorer.plugins.ip.nvic.NvicPanel.cellChanged(NvicPanel.java:1110)
2025-12-19 14:30:40,835 [ERROR] LogOutputStream:75 - [STDERR_REDIRECT] 	at com.st.microxplorer.plugins.ip.nvic.NvicTableModel.setValueAt(NvicTableModel.java:98)
2025-12-19 14:30:40,835 [ERROR] LogOutputStream:75 - [STDERR_REDIRECT] 	at com.st.microxplorer.plugins.ip.nvic.NvicTable.setValueAt(NvicTable.java:688)
2025-12-19 14:30:40,836 [ERROR] LogOutputStream:75 - [STDERR_REDIRECT] 	at java.desktop/javax.swing.JTable.editingStopped(JTable.java:4791)
2025-12-19 14:30:40,836 [ERROR] LogOutputStream:75 - [STDERR_REDIRECT] 	at java.desktop/javax.swing.AbstractCellEditor.fireEditingStopped(AbstractCellEditor.java:152)
2025-12-19 14:30:40,837 [ERROR] LogOutputStream:75 - [STDERR_REDIRECT] 	at java.desktop/javax.swing.DefaultCellEditor$EditorDelegate.stopCellEditing(DefaultCellEditor.java:375)
2025-12-19 14:30:40,838 [ERROR] LogOutputStream:75 - [STDERR_REDIRECT] 	at java.desktop/javax.swing.DefaultCellEditor.stopCellEditing(DefaultCellEditor.java:234)
2025-12-19 14:30:40,838 [ERROR] LogOutputStream:75 - [STDERR_REDIRECT] 	at com.st.components.swing.EachRowEditor.stopCellEditing(EachRowEditor.java:124)
2025-12-19 14:30:40,839 [ERROR] LogOutputStream:75 - [STDERR_REDIRECT] 	at java.desktop/javax.swing.plaf.basic.BasicTableUI$Handler.mousePressed(BasicTableUI.java:1040)
2025-12-19 14:30:40,839 [ERROR] LogOutputStream:75 - [STDERR_REDIRECT] 	at java.desktop/java.awt.AWTEventMulticaster.mousePressed(AWTEventMulticaster.java:288)
2025-12-19 14:30:40,839 [ERROR] LogOutputStream:75 - [STDERR_REDIRECT] 	at java.desktop/java.awt.Component.processMouseEvent(Component.java:6618)
2025-12-19 14:30:40,840 [ERROR] LogOutputStream:75 - [STDERR_REDIRECT] 	at java.desktop/javax.swing.JComponent.processMouseEvent(JComponent.java:3398)
2025-12-19 14:30:40,840 [ERROR] LogOutputStream:75 - [STDERR_REDIRECT] 	at java.desktop/java.awt.Component.processEvent(Component.java:6386)
2025-12-19 14:30:40,840 [ERROR] LogOutputStream:75 - [STDERR_REDIRECT] 	at java.desktop/java.awt.Container.processEvent(Container.java:2266)
2025-12-19 14:30:40,841 [ERROR] LogOutputStream:75 - [STDERR_REDIRECT] 	at java.desktop/java.awt.Component.dispatchEventImpl(Component.java:4996)
2025-12-19 14:30:40,841 [ERROR] LogOutputStream:75 - [STDERR_REDIRECT] 	at java.desktop/java.awt.Container.dispatchEventImpl(Container.java:2324)
2025-12-19 14:30:40,841 [ERROR] LogOutputStream:75 - [STDERR_REDIRECT] 	at java.desktop/java.awt.Component.dispatchEvent(Component.java:4828)
2025-12-19 14:30:40,842 [ERROR] LogOutputStream:75 - [STDERR_REDIRECT] 	at java.desktop/java.awt.LightweightDispatcher.retargetMouseEvent(Container.java:4948)
2025-12-19 14:30:40,843 [ERROR] LogOutputStream:75 - [STDERR_REDIRECT] 	at java.desktop/java.awt.LightweightDispatcher.processMouseEvent(Container.java:4572)
2025-12-19 14:30:40,843 [ERROR] LogOutputStream:75 - [STDERR_REDIRECT] 	at java.desktop/java.awt.LightweightDispatcher.dispatchEvent(Container.java:4516)
2025-12-19 14:30:40,845 [ERROR] LogOutputStream:75 - [STDERR_REDIRECT] 	at java.desktop/java.awt.Container.dispatchEventImpl(Container.java:2310)
2025-12-19 14:30:40,845 [ERROR] LogOutputStream:75 - [STDERR_REDIRECT] 	at java.desktop/java.awt.Component.dispatchEvent(Component.java:4828)
2025-12-19 14:30:40,846 [ERROR] LogOutputStream:75 - [STDERR_REDIRECT] 	at java.desktop/java.awt.EventQueue.dispatchEventImpl(EventQueue.java:775)
2025-12-19 14:30:40,846 [ERROR] LogOutputStream:75 - [STDERR_REDIRECT] 	at java.desktop/java.awt.EventQueue$4.run(EventQueue.java:720)
2025-12-19 14:30:40,847 [ERROR] LogOutputStream:75 - [STDERR_REDIRECT] 	at java.desktop/java.awt.EventQueue$4.run(EventQueue.java:714)
2025-12-19 14:30:40,847 [ERROR] LogOutputStream:75 - [STDERR_REDIRECT] 	at java.base/java.security.AccessController.doPrivileged(AccessController.java:400)
2025-12-19 14:30:40,848 [ERROR] LogOutputStream:75 - [STDERR_REDIRECT] 	at java.base/java.security.ProtectionDomain$JavaSecurityAccessImpl.doIntersectionPrivilege(ProtectionDomain.java:87)
2025-12-19 14:30:40,849 [ERROR] LogOutputStream:75 - [STDERR_REDIRECT] 	at java.base/java.security.ProtectionDomain$JavaSecurityAccessImpl.doIntersectionPrivilege(ProtectionDomain.java:98)
2025-12-19 14:30:40,849 [ERROR] LogOutputStream:75 - [STDERR_REDIRECT] 	at java.desktop/java.awt.EventQueue$5.run(EventQueue.java:747)
2025-12-19 14:30:40,850 [ERROR] LogOutputStream:75 - [STDERR_REDIRECT] 	at java.desktop/java.awt.EventQueue$5.run(EventQueue.java:745)
2025-12-19 14:30:40,850 [ERROR] LogOutputStream:75 - [STDERR_REDIRECT] 	at java.base/java.security.AccessController.doPrivileged(AccessController.java:400)
2025-12-19 14:30:40,851 [ERROR] LogOutputStream:75 - [STDERR_REDIRECT] 	at java.base/java.security.ProtectionDomain$JavaSecurityAccessImpl.doIntersectionPrivilege(ProtectionDomain.java:87)
2025-12-19 14:30:40,851 [ERROR] LogOutputStream:75 - [STDERR_REDIRECT] 	at java.desktop/java.awt.EventQueue.dispatchEvent(EventQueue.java:744)
2025-12-19 14:30:40,852 [ERROR] LogOutputStream:75 - [STDERR_REDIRECT] 	at java.desktop/java.awt.EventDispatchThread.pumpOneEventForFilters(EventDispatchThread.java:203)
2025-12-19 14:30:40,852 [ERROR] LogOutputStream:75 - [STDERR_REDIRECT] 	at java.desktop/java.awt.EventDispatchThread.pumpEventsForFilter(EventDispatchThread.java:124)
2025-12-19 14:30:40,852 [ERROR] LogOutputStream:75 - [STDERR_REDIRECT] 	at java.desktop/java.awt.EventDispatchThread.pumpEventsForHierarchy(EventDispatchThread.java:113)
2025-12-19 14:30:40,853 [ERROR] LogOutputStream:75 - [STDERR_REDIRECT] 	at java.desktop/java.awt.EventDispatchThread.pumpEvents(EventDispatchThread.java:109)
2025-12-19 14:30:40,853 [ERROR] LogOutputStream:75 - [STDERR_REDIRECT] 	at java.desktop/java.awt.EventDispatchThread.pumpEvents(EventDispatchThread.java:101)
2025-12-19 14:30:40,854 [ERROR] LogOutputStream:75 - [STDERR_REDIRECT] 	at java.desktop/java.awt.EventDispatchThread.run(EventDispatchThread.java:90)
2025-12-19 14:30:41,119 [ERROR] LogOutputStream:75 - [STDERR_REDIRECT] Exception in thread "AWT-EventQueue-0" java.lang.ClassCastException: class java.lang.String cannot be cast to class java.lang.Integer (java.lang.String and java.lang.Integer are in module java.base of loader 'bootstrap')
2025-12-19 14:30:41,120 [ERROR] LogOutputStream:75 - [STDERR_REDIRECT] 	at com.st.microxplorer.plugins.ip.nvic.NvicPanel.cellChanged(NvicPanel.java:1110)
2025-12-19 14:30:41,120 [ERROR] LogOutputStream:75 - [STDERR_REDIRECT] 	at com.st.microxplorer.plugins.ip.nvic.NvicTableModel.setValueAt(NvicTableModel.java:98)
2025-12-19 14:30:41,121 [ERROR] LogOutputStream:75 - [STDERR_REDIRECT] 	at com.st.microxplorer.plugins.ip.nvic.NvicTable.setValueAt(NvicTable.java:688)
2025-12-19 14:30:41,121 [ERROR] LogOutputStream:75 - [STDERR_REDIRECT] 	at java.desktop/javax.swing.JTable.editingStopped(JTable.java:4791)
2025-12-19 14:30:41,122 [ERROR] LogOutputStream:75 - [STDERR_REDIRECT] 	at java.desktop/javax.swing.AbstractCellEditor.fireEditingStopped(AbstractCellEditor.java:152)
2025-12-19 14:30:41,122 [ERROR] LogOutputStream:75 - [STDERR_REDIRECT] 	at java.desktop/javax.swing.DefaultCellEditor$EditorDelegate.stopCellEditing(DefaultCellEditor.java:375)
2025-12-19 14:30:41,123 [ERROR] LogOutputStream:75 - [STDERR_REDIRECT] 	at java.desktop/javax.swing.DefaultCellEditor.stopCellEditing(DefaultCellEditor.java:234)
2025-12-19 14:30:41,123 [ERROR] LogOutputStream:75 - [STDERR_REDIRECT] 	at com.st.components.swing.EachRowEditor.stopCellEditing(EachRowEditor.java:124)
2025-12-19 14:30:41,124 [ERROR] LogOutputStream:75 - [STDERR_REDIRECT] 	at java.desktop/javax.swing.plaf.basic.BasicTableUI$Handler.mousePressed(BasicTableUI.java:1040)
2025-12-19 14:30:41,124 [ERROR] LogOutputStream:75 - [STDERR_REDIRECT] 	at java.desktop/java.awt.AWTEventMulticaster.mousePressed(AWTEventMulticaster.java:288)
2025-12-19 14:30:41,125 [ERROR] LogOutputStream:75 - [STDERR_REDIRECT] 	at java.desktop/java.awt.Component.processMouseEvent(Component.java:6618)
2025-12-19 14:30:41,125 [ERROR] LogOutputStream:75 - [STDERR_REDIRECT] 	at java.desktop/javax.swing.JComponent.processMouseEvent(JComponent.java:3398)
2025-12-19 14:30:41,125 [ERROR] LogOutputStream:75 - [STDERR_REDIRECT] 	at java.desktop/java.awt.Component.processEvent(Component.java:6386)
2025-12-19 14:30:41,126 [ERROR] LogOutputStream:75 - [STDERR_REDIRECT] 	at java.desktop/java.awt.Container.processEvent(Container.java:2266)
2025-12-19 14:30:41,126 [ERROR] LogOutputStream:75 - [STDERR_REDIRECT] 	at java.desktop/java.awt.Component.dispatchEventImpl(Component.java:4996)
2025-12-19 14:30:41,126 [ERROR] LogOutputStream:75 - [STDERR_REDIRECT] 	at java.desktop/java.awt.Container.dispatchEventImpl(Container.java:2324)
2025-12-19 14:30:41,127 [ERROR] LogOutputStream:75 - [STDERR_REDIRECT] 	at java.desktop/java.awt.Component.dispatchEvent(Component.java:4828)
2025-12-19 14:30:41,127 [ERROR] LogOutputStream:75 - [STDERR_REDIRECT] 	at java.desktop/java.awt.LightweightDispatcher.retargetMouseEvent(Container.java:4948)
2025-12-19 14:30:41,128 [ERROR] LogOutputStream:75 - [STDERR_REDIRECT] 	at java.desktop/java.awt.LightweightDispatcher.processMouseEvent(Container.java:4572)
2025-12-19 14:30:41,128 [ERROR] LogOutputStream:75 - [STDERR_REDIRECT] 	at java.desktop/java.awt.LightweightDispatcher.dispatchEvent(Container.java:4516)
2025-12-19 14:30:41,128 [ERROR] LogOutputStream:75 - [STDERR_REDIRECT] 	at java.desktop/java.awt.Container.dispatchEventImpl(Container.java:2310)
2025-12-19 14:30:41,128 [ERROR] LogOutputStream:75 - [STDERR_REDIRECT] 	at java.desktop/java.awt.Component.dispatchEvent(Component.java:4828)
2025-12-19 14:30:41,129 [ERROR] LogOutputStream:75 - [STDERR_REDIRECT] 	at java.desktop/java.awt.EventQueue.dispatchEventImpl(EventQueue.java:775)
2025-12-19 14:30:41,129 [ERROR] LogOutputStream:75 - [STDERR_REDIRECT] 	at java.desktop/java.awt.EventQueue$4.run(EventQueue.java:720)
2025-12-19 14:30:41,129 [ERROR] LogOutputStream:75 - [STDERR_REDIRECT] 	at java.desktop/java.awt.EventQueue$4.run(EventQueue.java:714)
2025-12-19 14:30:41,130 [ERROR] LogOutputStream:75 - [STDERR_REDIRECT] 	at java.base/java.security.AccessController.doPrivileged(AccessController.java:400)
2025-12-19 14:30:41,131 [ERROR] LogOutputStream:75 - [STDERR_REDIRECT] 	at java.base/java.security.ProtectionDomain$JavaSecurityAccessImpl.doIntersectionPrivilege(ProtectionDomain.java:87)
2025-12-19 14:30:41,131 [ERROR] LogOutputStream:75 - [STDERR_REDIRECT] 	at java.base/java.security.ProtectionDomain$JavaSecurityAccessImpl.doIntersectionPrivilege(ProtectionDomain.java:98)
2025-12-19 14:30:41,131 [ERROR] LogOutputStream:75 - [STDERR_REDIRECT] 	at java.desktop/java.awt.EventQueue$5.run(EventQueue.java:747)
2025-12-19 14:30:41,132 [ERROR] LogOutputStream:75 - [STDERR_REDIRECT] 	at java.desktop/java.awt.EventQueue$5.run(EventQueue.java:745)
2025-12-19 14:30:41,132 [ERROR] LogOutputStream:75 - [STDERR_REDIRECT] 	at java.base/java.security.AccessController.doPrivileged(AccessController.java:400)
2025-12-19 14:30:41,133 [ERROR] LogOutputStream:75 - [STDERR_REDIRECT] 	at java.base/java.security.ProtectionDomain$JavaSecurityAccessImpl.doIntersectionPrivilege(ProtectionDomain.java:87)
2025-12-19 14:30:41,133 [ERROR] LogOutputStream:75 - [STDERR_REDIRECT] 	at java.desktop/java.awt.EventQueue.dispatchEvent(EventQueue.java:744)
2025-12-19 14:30:41,134 [ERROR] LogOutputStream:75 - [STDERR_REDIRECT] 	at java.desktop/java.awt.EventDispatchThread.pumpOneEventForFilters(EventDispatchThread.java:203)
2025-12-19 14:30:41,134 [ERROR] LogOutputStream:75 - [STDERR_REDIRECT] 	at java.desktop/java.awt.EventDispatchThread.pumpEventsForFilter(EventDispatchThread.java:124)
2025-12-19 14:30:41,135 [ERROR] LogOutputStream:75 - [STDERR_REDIRECT] 	at java.desktop/java.awt.EventDispatchThread.pumpEventsForHierarchy(EventDispatchThread.java:113)
2025-12-19 14:30:41,135 [ERROR] LogOutputStream:75 - [STDERR_REDIRECT] 	at java.desktop/java.awt.EventDispatchThread.pumpEvents(EventDispatchThread.java:109)
2025-12-19 14:30:41,136 [ERROR] LogOutputStream:75 - [STDERR_REDIRECT] 	at java.desktop/java.awt.EventDispatchThread.pumpEvents(EventDispatchThread.java:101)
2025-12-19 14:30:41,136 [ERROR] LogOutputStream:75 - [STDERR_REDIRECT] 	at java.desktop/java.awt.EventDispatchThread.run(EventDispatchThread.java:90)
2025-12-19 14:30:42,599 [ERROR] LogOutputStream:75 - [STDERR_REDIRECT] Exception in thread "AWT-EventQueue-0" java.lang.ClassCastException: class java.lang.String cannot be cast to class java.lang.Integer (java.lang.String and java.lang.Integer are in module java.base of loader 'bootstrap')
2025-12-19 14:30:42,600 [ERROR] LogOutputStream:75 - [STDERR_REDIRECT] 	at com.st.microxplorer.plugins.ip.nvic.NvicPanel.cellChanged(NvicPanel.java:1110)
2025-12-19 14:30:42,601 [ERROR] LogOutputStream:75 - [STDERR_REDIRECT] 	at com.st.microxplorer.plugins.ip.nvic.NvicTableModel.setValueAt(NvicTableModel.java:98)
2025-12-19 14:30:42,601 [ERROR] LogOutputStream:75 - [STDERR_REDIRECT] 	at com.st.microxplorer.plugins.ip.nvic.NvicTable.setValueAt(NvicTable.java:688)
2025-12-19 14:30:42,601 [ERROR] LogOutputStream:75 - [STDERR_REDIRECT] 	at java.desktop/javax.swing.JTable.editingStopped(JTable.java:4791)
2025-12-19 14:30:42,602 [ERROR] LogOutputStream:75 - [STDERR_REDIRECT] 	at java.desktop/javax.swing.AbstractCellEditor.fireEditingStopped(AbstractCellEditor.java:152)
2025-12-19 14:30:42,602 [ERROR] LogOutputStream:75 - [STDERR_REDIRECT] 	at java.desktop/javax.swing.DefaultCellEditor$EditorDelegate.stopCellEditing(DefaultCellEditor.java:375)
2025-12-19 14:30:42,603 [ERROR] LogOutputStream:75 - [STDERR_REDIRECT] 	at java.desktop/javax.swing.DefaultCellEditor.stopCellEditing(DefaultCellEditor.java:234)
2025-12-19 14:30:42,603 [ERROR] LogOutputStream:75 - [STDERR_REDIRECT] 	at com.st.components.swing.EachRowEditor.stopCellEditing(EachRowEditor.java:124)
2025-12-19 14:30:42,604 [ERROR] LogOutputStream:75 - [STDERR_REDIRECT] 	at java.desktop/javax.swing.plaf.basic.BasicTableUI$Handler.mousePressed(BasicTableUI.java:1040)
2025-12-19 14:30:42,604 [ERROR] LogOutputStream:75 - [STDERR_REDIRECT] 	at java.desktop/java.awt.AWTEventMulticaster.mousePressed(AWTEventMulticaster.java:288)
2025-12-19 14:30:42,605 [ERROR] LogOutputStream:75 - [STDERR_REDIRECT] 	at java.desktop/java.awt.Component.processMouseEvent(Component.java:6618)
2025-12-19 14:30:42,605 [ERROR] LogOutputStream:75 - [STDERR_REDIRECT] 	at java.desktop/javax.swing.JComponent.processMouseEvent(JComponent.java:3398)
2025-12-19 14:30:42,605 [ERROR] LogOutputStream:75 - [STDERR_REDIRECT] 	at java.desktop/java.awt.Component.processEvent(Component.java:6386)
2025-12-19 14:30:42,605 [ERROR] LogOutputStream:75 - [STDERR_REDIRECT] 	at java.desktop/java.awt.Container.processEvent(Container.java:2266)
2025-12-19 14:30:42,605 [ERROR] LogOutputStream:75 - [STDERR_REDIRECT] 	at java.desktop/java.awt.Component.dispatchEventImpl(Component.java:4996)
2025-12-19 14:30:42,607 [ERROR] LogOutputStream:75 - [STDERR_REDIRECT] 	at java.desktop/java.awt.Container.dispatchEventImpl(Container.java:2324)
2025-12-19 14:30:42,607 [ERROR] LogOutputStream:75 - [STDERR_REDIRECT] 	at java.desktop/java.awt.Component.dispatchEvent(Component.java:4828)
2025-12-19 14:30:42,607 [ERROR] LogOutputStream:75 - [STDERR_REDIRECT] 	at java.desktop/java.awt.LightweightDispatcher.retargetMouseEvent(Container.java:4948)
2025-12-19 14:30:42,608 [ERROR] LogOutputStream:75 - [STDERR_REDIRECT] 	at java.desktop/java.awt.LightweightDispatcher.processMouseEvent(Container.java:4572)
2025-12-19 14:30:42,608 [ERROR] LogOutputStream:75 - [STDERR_REDIRECT] 	at java.desktop/java.awt.LightweightDispatcher.dispatchEvent(Container.java:4516)
2025-12-19 14:30:42,609 [ERROR] LogOutputStream:75 - [STDERR_REDIRECT] 	at java.desktop/java.awt.Container.dispatchEventImpl(Container.java:2310)
2025-12-19 14:30:42,609 [ERROR] LogOutputStream:75 - [STDERR_REDIRECT] 	at java.desktop/java.awt.Component.dispatchEvent(Component.java:4828)
2025-12-19 14:30:42,610 [ERROR] LogOutputStream:75 - [STDERR_REDIRECT] 	at java.desktop/java.awt.EventQueue.dispatchEventImpl(EventQueue.java:775)
2025-12-19 14:30:42,610 [ERROR] LogOutputStream:75 - [STDERR_REDIRECT] 	at java.desktop/java.awt.EventQueue$4.run(EventQueue.java:720)
2025-12-19 14:30:42,610 [ERROR] LogOutputStream:75 - [STDERR_REDIRECT] 	at java.desktop/java.awt.EventQueue$4.run(EventQueue.java:714)
2025-12-19 14:30:42,611 [ERROR] LogOutputStream:75 - [STDERR_REDIRECT] 	at java.base/java.security.AccessController.doPrivileged(AccessController.java:400)
2025-12-19 14:30:42,611 [ERROR] LogOutputStream:75 - [STDERR_REDIRECT] 	at java.base/java.security.ProtectionDomain$JavaSecurityAccessImpl.doIntersectionPrivilege(ProtectionDomain.java:87)
2025-12-19 14:30:42,612 [ERROR] LogOutputStream:75 - [STDERR_REDIRECT] 	at java.base/java.security.ProtectionDomain$JavaSecurityAccessImpl.doIntersectionPrivilege(ProtectionDomain.java:98)
2025-12-19 14:30:42,612 [ERROR] LogOutputStream:75 - [STDERR_REDIRECT] 	at java.desktop/java.awt.EventQueue$5.run(EventQueue.java:747)
2025-12-19 14:30:42,612 [ERROR] LogOutputStream:75 - [STDERR_REDIRECT] 	at java.desktop/java.awt.EventQueue$5.run(EventQueue.java:745)
2025-12-19 14:30:42,613 [ERROR] LogOutputStream:75 - [STDERR_REDIRECT] 	at java.base/java.security.AccessController.doPrivileged(AccessController.java:400)
2025-12-19 14:30:42,614 [ERROR] LogOutputStream:75 - [STDERR_REDIRECT] 	at java.base/java.security.ProtectionDomain$JavaSecurityAccessImpl.doIntersectionPrivilege(ProtectionDomain.java:87)
2025-12-19 14:30:42,614 [ERROR] LogOutputStream:75 - [STDERR_REDIRECT] 	at java.desktop/java.awt.EventQueue.dispatchEvent(EventQueue.java:744)
2025-12-19 14:30:42,614 [ERROR] LogOutputStream:75 - [STDERR_REDIRECT] 	at java.desktop/java.awt.EventDispatchThread.pumpOneEventForFilters(EventDispatchThread.java:203)
2025-12-19 14:30:42,615 [ERROR] LogOutputStream:75 - [STDERR_REDIRECT] 	at java.desktop/java.awt.EventDispatchThread.pumpEventsForFilter(EventDispatchThread.java:124)
2025-12-19 14:30:42,615 [ERROR] LogOutputStream:75 - [STDERR_REDIRECT] 	at java.desktop/java.awt.EventDispatchThread.pumpEventsForHierarchy(EventDispatchThread.java:113)
2025-12-19 14:30:42,616 [ERROR] LogOutputStream:75 - [STDERR_REDIRECT] 	at java.desktop/java.awt.EventDispatchThread.pumpEvents(EventDispatchThread.java:109)
2025-12-19 14:30:42,616 [ERROR] LogOutputStream:75 - [STDERR_REDIRECT] 	at java.desktop/java.awt.EventDispatchThread.pumpEvents(EventDispatchThread.java:101)
2025-12-19 14:30:42,616 [ERROR] LogOutputStream:75 - [STDERR_REDIRECT] 	at java.desktop/java.awt.EventDispatchThread.run(EventDispatchThread.java:90)
2025-12-19 14:30:45,188 [INFO] LogOutputStream:77 - [STDOUT_REDIRECT] Nominal 
2025-12-19 14:30:45,259 [INFO] I2cTimingTraitement:330 - 0x00000E14
2025-12-19 14:30:45,278 [INFO] I2cTimingTraitement:330 - 0x00000E14
2025-12-19 14:30:57,975 [ERROR] LogOutputStream:75 - [STDERR_REDIRECT] Exception in thread "AWT-EventQueue-0" java.lang.ClassCastException: class java.lang.String cannot be cast to class java.lang.Integer (java.lang.String and java.lang.Integer are in module java.base of loader 'bootstrap')
2025-12-19 14:30:57,977 [ERROR] LogOutputStream:75 - [STDERR_REDIRECT] 	at com.st.microxplorer.plugins.ip.nvic.NvicPanel.cellChanged(NvicPanel.java:1110)
2025-12-19 14:30:57,977 [ERROR] LogOutputStream:75 - [STDERR_REDIRECT] 	at com.st.microxplorer.plugins.ip.nvic.NvicTableModel.setValueAt(NvicTableModel.java:98)
2025-12-19 14:30:57,978 [ERROR] LogOutputStream:75 - [STDERR_REDIRECT] 	at com.st.microxplorer.plugins.ip.nvic.NvicTable.setValueAt(NvicTable.java:688)
2025-12-19 14:30:57,978 [ERROR] LogOutputStream:75 - [STDERR_REDIRECT] 	at java.desktop/javax.swing.JTable.editingStopped(JTable.java:4791)
2025-12-19 14:30:57,979 [ERROR] LogOutputStream:75 - [STDERR_REDIRECT] 	at java.desktop/javax.swing.AbstractCellEditor.fireEditingStopped(AbstractCellEditor.java:152)
2025-12-19 14:30:57,979 [ERROR] LogOutputStream:75 - [STDERR_REDIRECT] 	at java.desktop/javax.swing.DefaultCellEditor$EditorDelegate.stopCellEditing(DefaultCellEditor.java:375)
2025-12-19 14:30:57,980 [ERROR] LogOutputStream:75 - [STDERR_REDIRECT] 	at java.desktop/javax.swing.DefaultCellEditor.stopCellEditing(DefaultCellEditor.java:234)
2025-12-19 14:30:57,980 [ERROR] LogOutputStream:75 - [STDERR_REDIRECT] 	at com.st.components.swing.EachRowEditor.stopCellEditing(EachRowEditor.java:124)
2025-12-19 14:30:57,980 [ERROR] LogOutputStream:75 - [STDERR_REDIRECT] 	at java.desktop/javax.swing.plaf.basic.BasicTableUI$Handler.mousePressed(BasicTableUI.java:1040)
2025-12-19 14:30:57,981 [ERROR] LogOutputStream:75 - [STDERR_REDIRECT] 	at java.desktop/java.awt.AWTEventMulticaster.mousePressed(AWTEventMulticaster.java:288)
2025-12-19 14:30:57,982 [ERROR] LogOutputStream:75 - [STDERR_REDIRECT] 	at java.desktop/java.awt.Component.processMouseEvent(Component.java:6618)
2025-12-19 14:30:57,983 [ERROR] LogOutputStream:75 - [STDERR_REDIRECT] 	at java.desktop/javax.swing.JComponent.processMouseEvent(JComponent.java:3398)
2025-12-19 14:30:57,983 [ERROR] LogOutputStream:75 - [STDERR_REDIRECT] 	at java.desktop/java.awt.Component.processEvent(Component.java:6386)
2025-12-19 14:30:57,983 [ERROR] LogOutputStream:75 - [STDERR_REDIRECT] 	at java.desktop/java.awt.Container.processEvent(Container.java:2266)
2025-12-19 14:30:57,984 [ERROR] LogOutputStream:75 - [STDERR_REDIRECT] 	at java.desktop/java.awt.Component.dispatchEventImpl(Component.java:4996)
2025-12-19 14:30:57,984 [ERROR] LogOutputStream:75 - [STDERR_REDIRECT] 	at java.desktop/java.awt.Container.dispatchEventImpl(Container.java:2324)
2025-12-19 14:30:57,985 [ERROR] LogOutputStream:75 - [STDERR_REDIRECT] 	at java.desktop/java.awt.Component.dispatchEvent(Component.java:4828)
2025-12-19 14:30:57,985 [ERROR] LogOutputStream:75 - [STDERR_REDIRECT] 	at java.desktop/java.awt.LightweightDispatcher.retargetMouseEvent(Container.java:4948)
2025-12-19 14:30:57,986 [ERROR] LogOutputStream:75 - [STDERR_REDIRECT] 	at java.desktop/java.awt.LightweightDispatcher.processMouseEvent(Container.java:4572)
2025-12-19 14:30:57,986 [ERROR] LogOutputStream:75 - [STDERR_REDIRECT] 	at java.desktop/java.awt.LightweightDispatcher.dispatchEvent(Container.java:4516)
2025-12-19 14:30:57,986 [ERROR] LogOutputStream:75 - [STDERR_REDIRECT] 	at java.desktop/java.awt.Container.dispatchEventImpl(Container.java:2310)
2025-12-19 14:30:57,987 [ERROR] LogOutputStream:75 - [STDERR_REDIRECT] 	at java.desktop/java.awt.Component.dispatchEvent(Component.java:4828)
2025-12-19 14:30:57,987 [ERROR] LogOutputStream:75 - [STDERR_REDIRECT] 	at java.desktop/java.awt.EventQueue.dispatchEventImpl(EventQueue.java:775)
2025-12-19 14:30:57,988 [ERROR] LogOutputStream:75 - [STDERR_REDIRECT] 	at java.desktop/java.awt.EventQueue$4.run(EventQueue.java:720)
2025-12-19 14:30:57,988 [ERROR] LogOutputStream:75 - [STDERR_REDIRECT] 	at java.desktop/java.awt.EventQueue$4.run(EventQueue.java:714)
2025-12-19 14:30:57,989 [ERROR] LogOutputStream:75 - [STDERR_REDIRECT] 	at java.base/java.security.AccessController.doPrivileged(AccessController.java:400)
2025-12-19 14:30:57,989 [ERROR] LogOutputStream:75 - [STDERR_REDIRECT] 	at java.base/java.security.ProtectionDomain$JavaSecurityAccessImpl.doIntersectionPrivilege(ProtectionDomain.java:87)
2025-12-19 14:30:57,990 [ERROR] LogOutputStream:75 - [STDERR_REDIRECT] 	at java.base/java.security.ProtectionDomain$JavaSecurityAccessImpl.doIntersectionPrivilege(ProtectionDomain.java:98)
2025-12-19 14:30:57,990 [ERROR] LogOutputStream:75 - [STDERR_REDIRECT] 	at java.desktop/java.awt.EventQueue$5.run(EventQueue.java:747)
2025-12-19 14:30:57,990 [ERROR] LogOutputStream:75 - [STDERR_REDIRECT] 	at java.desktop/java.awt.EventQueue$5.run(EventQueue.java:745)
2025-12-19 14:30:57,992 [ERROR] LogOutputStream:75 - [STDERR_REDIRECT] 	at java.base/java.security.AccessController.doPrivileged(AccessController.java:400)
2025-12-19 14:30:57,992 [ERROR] LogOutputStream:75 - [STDERR_REDIRECT] 	at java.base/java.security.ProtectionDomain$JavaSecurityAccessImpl.doIntersectionPrivilege(ProtectionDomain.java:87)
2025-12-19 14:30:57,993 [ERROR] LogOutputStream:75 - [STDERR_REDIRECT] 	at java.desktop/java.awt.EventQueue.dispatchEvent(EventQueue.java:744)
2025-12-19 14:30:57,993 [ERROR] LogOutputStream:75 - [STDERR_REDIRECT] 	at java.desktop/java.awt.EventDispatchThread.pumpOneEventForFilters(EventDispatchThread.java:203)
2025-12-19 14:30:57,993 [ERROR] LogOutputStream:75 - [STDERR_REDIRECT] 	at java.desktop/java.awt.EventDispatchThread.pumpEventsForFilter(EventDispatchThread.java:124)
2025-12-19 14:30:57,994 [ERROR] LogOutputStream:75 - [STDERR_REDIRECT] 	at java.desktop/java.awt.EventDispatchThread.pumpEventsForHierarchy(EventDispatchThread.java:113)
2025-12-19 14:30:57,994 [ERROR] LogOutputStream:75 - [STDERR_REDIRECT] 	at java.desktop/java.awt.EventDispatchThread.pumpEvents(EventDispatchThread.java:109)
2025-12-19 14:30:57,995 [ERROR] LogOutputStream:75 - [STDERR_REDIRECT] 	at java.desktop/java.awt.EventDispatchThread.pumpEvents(EventDispatchThread.java:101)
2025-12-19 14:30:57,995 [ERROR] LogOutputStream:75 - [STDERR_REDIRECT] 	at java.desktop/java.awt.EventDispatchThread.run(EventDispatchThread.java:90)
2025-12-19 14:30:58,233 [ERROR] LogOutputStream:75 - [STDERR_REDIRECT] Exception in thread "AWT-EventQueue-0" java.lang.ClassCastException: class java.lang.String cannot be cast to class java.lang.Integer (java.lang.String and java.lang.Integer are in module java.base of loader 'bootstrap')
2025-12-19 14:30:58,234 [ERROR] LogOutputStream:75 - [STDERR_REDIRECT] 	at com.st.microxplorer.plugins.ip.nvic.NvicPanel.cellChanged(NvicPanel.java:1110)
2025-12-19 14:30:58,234 [ERROR] LogOutputStream:75 - [STDERR_REDIRECT] 	at com.st.microxplorer.plugins.ip.nvic.NvicTableModel.setValueAt(NvicTableModel.java:98)
2025-12-19 14:30:58,234 [ERROR] LogOutputStream:75 - [STDERR_REDIRECT] 	at com.st.microxplorer.plugins.ip.nvic.NvicTable.setValueAt(NvicTable.java:688)
2025-12-19 14:30:58,235 [ERROR] LogOutputStream:75 - [STDERR_REDIRECT] 	at java.desktop/javax.swing.JTable.editingStopped(JTable.java:4791)
2025-12-19 14:30:58,235 [ERROR] LogOutputStream:75 - [STDERR_REDIRECT] 	at java.desktop/javax.swing.AbstractCellEditor.fireEditingStopped(AbstractCellEditor.java:152)
2025-12-19 14:30:58,236 [ERROR] LogOutputStream:75 - [STDERR_REDIRECT] 	at java.desktop/javax.swing.DefaultCellEditor$EditorDelegate.stopCellEditing(DefaultCellEditor.java:375)
2025-12-19 14:30:58,236 [ERROR] LogOutputStream:75 - [STDERR_REDIRECT] 	at java.desktop/javax.swing.DefaultCellEditor.stopCellEditing(DefaultCellEditor.java:234)
2025-12-19 14:30:58,236 [ERROR] LogOutputStream:75 - [STDERR_REDIRECT] 	at com.st.components.swing.EachRowEditor.stopCellEditing(EachRowEditor.java:124)
2025-12-19 14:30:58,238 [ERROR] LogOutputStream:75 - [STDERR_REDIRECT] 	at java.desktop/javax.swing.plaf.basic.BasicTableUI$Handler.mousePressed(BasicTableUI.java:1040)
2025-12-19 14:30:58,238 [ERROR] LogOutputStream:75 - [STDERR_REDIRECT] 	at java.desktop/java.awt.AWTEventMulticaster.mousePressed(AWTEventMulticaster.java:288)
2025-12-19 14:30:58,239 [ERROR] LogOutputStream:75 - [STDERR_REDIRECT] 	at java.desktop/java.awt.Component.processMouseEvent(Component.java:6618)
2025-12-19 14:30:58,239 [ERROR] LogOutputStream:75 - [STDERR_REDIRECT] 	at java.desktop/javax.swing.JComponent.processMouseEvent(JComponent.java:3398)
2025-12-19 14:30:58,239 [ERROR] LogOutputStream:75 - [STDERR_REDIRECT] 	at java.desktop/java.awt.Component.processEvent(Component.java:6386)
2025-12-19 14:30:58,240 [ERROR] LogOutputStream:75 - [STDERR_REDIRECT] 	at java.desktop/java.awt.Container.processEvent(Container.java:2266)
2025-12-19 14:30:58,240 [ERROR] LogOutputStream:75 - [STDERR_REDIRECT] 	at java.desktop/java.awt.Component.dispatchEventImpl(Component.java:4996)
2025-12-19 14:30:58,240 [ERROR] LogOutputStream:75 - [STDERR_REDIRECT] 	at java.desktop/java.awt.Container.dispatchEventImpl(Container.java:2324)
2025-12-19 14:30:58,241 [ERROR] LogOutputStream:75 - [STDERR_REDIRECT] 	at java.desktop/java.awt.Component.dispatchEvent(Component.java:4828)
2025-12-19 14:30:58,241 [ERROR] LogOutputStream:75 - [STDERR_REDIRECT] 	at java.desktop/java.awt.LightweightDispatcher.retargetMouseEvent(Container.java:4948)
2025-12-19 14:30:58,241 [ERROR] LogOutputStream:75 - [STDERR_REDIRECT] 	at java.desktop/java.awt.LightweightDispatcher.processMouseEvent(Container.java:4572)
2025-12-19 14:30:58,242 [ERROR] LogOutputStream:75 - [STDERR_REDIRECT] 	at java.desktop/java.awt.LightweightDispatcher.dispatchEvent(Container.java:4516)
2025-12-19 14:30:58,242 [ERROR] LogOutputStream:75 - [STDERR_REDIRECT] 	at java.desktop/java.awt.Container.dispatchEventImpl(Container.java:2310)
2025-12-19 14:30:58,243 [ERROR] LogOutputStream:75 - [STDERR_REDIRECT] 	at java.desktop/java.awt.Component.dispatchEvent(Component.java:4828)
2025-12-19 14:30:58,243 [ERROR] LogOutputStream:75 - [STDERR_REDIRECT] 	at java.desktop/java.awt.EventQueue.dispatchEventImpl(EventQueue.java:775)
2025-12-19 14:30:58,243 [ERROR] LogOutputStream:75 - [STDERR_REDIRECT] 	at java.desktop/java.awt.EventQueue$4.run(EventQueue.java:720)
2025-12-19 14:30:58,244 [ERROR] LogOutputStream:75 - [STDERR_REDIRECT] 	at java.desktop/java.awt.EventQueue$4.run(EventQueue.java:714)
2025-12-19 14:30:58,244 [ERROR] LogOutputStream:75 - [STDERR_REDIRECT] 	at java.base/java.security.AccessController.doPrivileged(AccessController.java:400)
2025-12-19 14:30:58,245 [ERROR] LogOutputStream:75 - [STDERR_REDIRECT] 	at java.base/java.security.ProtectionDomain$JavaSecurityAccessImpl.doIntersectionPrivilege(ProtectionDomain.java:87)
2025-12-19 14:30:58,246 [ERROR] LogOutputStream:75 - [STDERR_REDIRECT] 	at java.base/java.security.ProtectionDomain$JavaSecurityAccessImpl.doIntersectionPrivilege(ProtectionDomain.java:98)
2025-12-19 14:30:58,246 [ERROR] LogOutputStream:75 - [STDERR_REDIRECT] 	at java.desktop/java.awt.EventQueue$5.run(EventQueue.java:747)
2025-12-19 14:30:58,246 [ERROR] LogOutputStream:75 - [STDERR_REDIRECT] 	at java.desktop/java.awt.EventQueue$5.run(EventQueue.java:745)
2025-12-19 14:30:58,247 [ERROR] LogOutputStream:75 - [STDERR_REDIRECT] 	at java.base/java.security.AccessController.doPrivileged(AccessController.java:400)
2025-12-19 14:30:58,247 [ERROR] LogOutputStream:75 - [STDERR_REDIRECT] 	at java.base/java.security.ProtectionDomain$JavaSecurityAccessImpl.doIntersectionPrivilege(ProtectionDomain.java:87)
2025-12-19 14:30:58,248 [ERROR] LogOutputStream:75 - [STDERR_REDIRECT] 	at java.desktop/java.awt.EventQueue.dispatchEvent(EventQueue.java:744)
2025-12-19 14:30:58,248 [ERROR] LogOutputStream:75 - [STDERR_REDIRECT] 	at java.desktop/java.awt.EventDispatchThread.pumpOneEventForFilters(EventDispatchThread.java:203)
2025-12-19 14:30:58,249 [ERROR] LogOutputStream:75 - [STDERR_REDIRECT] 	at java.desktop/java.awt.EventDispatchThread.pumpEventsForFilter(EventDispatchThread.java:124)
2025-12-19 14:30:58,249 [ERROR] LogOutputStream:75 - [STDERR_REDIRECT] 	at java.desktop/java.awt.EventDispatchThread.pumpEventsForHierarchy(EventDispatchThread.java:113)
2025-12-19 14:30:58,250 [ERROR] LogOutputStream:75 - [STDERR_REDIRECT] 	at java.desktop/java.awt.EventDispatchThread.pumpEvents(EventDispatchThread.java:109)
2025-12-19 14:30:58,250 [ERROR] LogOutputStream:75 - [STDERR_REDIRECT] 	at java.desktop/java.awt.EventDispatchThread.pumpEvents(EventDispatchThread.java:101)
2025-12-19 14:30:58,250 [ERROR] LogOutputStream:75 - [STDERR_REDIRECT] 	at java.desktop/java.awt.EventDispatchThread.run(EventDispatchThread.java:90)
2025-12-19 14:30:58,385 [ERROR] LogOutputStream:75 - [STDERR_REDIRECT] Exception in thread "AWT-EventQueue-0" java.lang.ClassCastException: class java.lang.String cannot be cast to class java.lang.Integer (java.lang.String and java.lang.Integer are in module java.base of loader 'bootstrap')
2025-12-19 14:30:58,386 [ERROR] LogOutputStream:75 - [STDERR_REDIRECT] 	at com.st.microxplorer.plugins.ip.nvic.NvicPanel.cellChanged(NvicPanel.java:1110)
2025-12-19 14:30:58,386 [ERROR] LogOutputStream:75 - [STDERR_REDIRECT] 	at com.st.microxplorer.plugins.ip.nvic.NvicTableModel.setValueAt(NvicTableModel.java:98)
2025-12-19 14:30:58,386 [ERROR] LogOutputStream:75 - [STDERR_REDIRECT] 	at com.st.microxplorer.plugins.ip.nvic.NvicTable.setValueAt(NvicTable.java:688)
2025-12-19 14:30:58,387 [ERROR] LogOutputStream:75 - [STDERR_REDIRECT] 	at java.desktop/javax.swing.JTable.editingStopped(JTable.java:4791)
2025-12-19 14:30:58,387 [ERROR] LogOutputStream:75 - [STDERR_REDIRECT] 	at java.desktop/javax.swing.AbstractCellEditor.fireEditingStopped(AbstractCellEditor.java:152)
2025-12-19 14:30:58,388 [ERROR] LogOutputStream:75 - [STDERR_REDIRECT] 	at java.desktop/javax.swing.DefaultCellEditor$EditorDelegate.stopCellEditing(DefaultCellEditor.java:375)
2025-12-19 14:30:58,388 [ERROR] LogOutputStream:75 - [STDERR_REDIRECT] 	at java.desktop/javax.swing.DefaultCellEditor.stopCellEditing(DefaultCellEditor.java:234)
2025-12-19 14:30:58,389 [ERROR] LogOutputStream:75 - [STDERR_REDIRECT] 	at com.st.components.swing.EachRowEditor.stopCellEditing(EachRowEditor.java:124)
2025-12-19 14:30:58,389 [ERROR] LogOutputStream:75 - [STDERR_REDIRECT] 	at java.desktop/javax.swing.plaf.basic.BasicTableUI$Handler.mousePressed(BasicTableUI.java:1040)
2025-12-19 14:30:58,389 [ERROR] LogOutputStream:75 - [STDERR_REDIRECT] 	at java.desktop/java.awt.AWTEventMulticaster.mousePressed(AWTEventMulticaster.java:288)
2025-12-19 14:30:58,391 [ERROR] LogOutputStream:75 - [STDERR_REDIRECT] 	at java.desktop/java.awt.Component.processMouseEvent(Component.java:6618)
2025-12-19 14:30:58,391 [ERROR] LogOutputStream:75 - [STDERR_REDIRECT] 	at java.desktop/javax.swing.JComponent.processMouseEvent(JComponent.java:3398)
2025-12-19 14:30:58,391 [ERROR] LogOutputStream:75 - [STDERR_REDIRECT] 	at java.desktop/java.awt.Component.processEvent(Component.java:6386)
2025-12-19 14:30:58,392 [ERROR] LogOutputStream:75 - [STDERR_REDIRECT] 	at java.desktop/java.awt.Container.processEvent(Container.java:2266)
2025-12-19 14:30:58,392 [ERROR] LogOutputStream:75 - [STDERR_REDIRECT] 	at java.desktop/java.awt.Component.dispatchEventImpl(Component.java:4996)
2025-12-19 14:30:58,392 [ERROR] LogOutputStream:75 - [STDERR_REDIRECT] 	at java.desktop/java.awt.Container.dispatchEventImpl(Container.java:2324)
2025-12-19 14:30:58,393 [ERROR] LogOutputStream:75 - [STDERR_REDIRECT] 	at java.desktop/java.awt.Component.dispatchEvent(Component.java:4828)
2025-12-19 14:30:58,393 [ERROR] LogOutputStream:75 - [STDERR_REDIRECT] 	at java.desktop/java.awt.LightweightDispatcher.retargetMouseEvent(Container.java:4948)
2025-12-19 14:30:58,393 [ERROR] LogOutputStream:75 - [STDERR_REDIRECT] 	at java.desktop/java.awt.LightweightDispatcher.processMouseEvent(Container.java:4572)
2025-12-19 14:30:58,394 [ERROR] LogOutputStream:75 - [STDERR_REDIRECT] 	at java.desktop/java.awt.LightweightDispatcher.dispatchEvent(Container.java:4516)
2025-12-19 14:30:58,394 [ERROR] LogOutputStream:75 - [STDERR_REDIRECT] 	at java.desktop/java.awt.Container.dispatchEventImpl(Container.java:2310)
2025-12-19 14:30:58,395 [ERROR] LogOutputStream:75 - [STDERR_REDIRECT] 	at java.desktop/java.awt.Component.dispatchEvent(Component.java:4828)
2025-12-19 14:30:58,395 [ERROR] LogOutputStream:75 - [STDERR_REDIRECT] 	at java.desktop/java.awt.EventQueue.dispatchEventImpl(EventQueue.java:775)
2025-12-19 14:30:58,396 [ERROR] LogOutputStream:75 - [STDERR_REDIRECT] 	at java.desktop/java.awt.EventQueue$4.run(EventQueue.java:720)
2025-12-19 14:30:58,396 [ERROR] LogOutputStream:75 - [STDERR_REDIRECT] 	at java.desktop/java.awt.EventQueue$4.run(EventQueue.java:714)
2025-12-19 14:30:58,396 [ERROR] LogOutputStream:75 - [STDERR_REDIRECT] 	at java.base/java.security.AccessController.doPrivileged(AccessController.java:400)
2025-12-19 14:30:58,397 [ERROR] LogOutputStream:75 - [STDERR_REDIRECT] 	at java.base/java.security.ProtectionDomain$JavaSecurityAccessImpl.doIntersectionPrivilege(ProtectionDomain.java:87)
2025-12-19 14:30:58,397 [ERROR] LogOutputStream:75 - [STDERR_REDIRECT] 	at java.base/java.security.ProtectionDomain$JavaSecurityAccessImpl.doIntersectionPrivilege(ProtectionDomain.java:98)
2025-12-19 14:30:58,398 [ERROR] LogOutputStream:75 - [STDERR_REDIRECT] 	at java.desktop/java.awt.EventQueue$5.run(EventQueue.java:747)
2025-12-19 14:30:58,398 [ERROR] LogOutputStream:75 - [STDERR_REDIRECT] 	at java.desktop/java.awt.EventQueue$5.run(EventQueue.java:745)
2025-12-19 14:30:58,398 [ERROR] LogOutputStream:75 - [STDERR_REDIRECT] 	at java.base/java.security.AccessController.doPrivileged(AccessController.java:400)
2025-12-19 14:30:58,399 [ERROR] LogOutputStream:75 - [STDERR_REDIRECT] 	at java.base/java.security.ProtectionDomain$JavaSecurityAccessImpl.doIntersectionPrivilege(ProtectionDomain.java:87)
2025-12-19 14:30:58,399 [ERROR] LogOutputStream:75 - [STDERR_REDIRECT] 	at java.desktop/java.awt.EventQueue.dispatchEvent(EventQueue.java:744)
2025-12-19 14:30:58,400 [ERROR] LogOutputStream:75 - [STDERR_REDIRECT] 	at java.desktop/java.awt.EventDispatchThread.pumpOneEventForFilters(EventDispatchThread.java:203)
2025-12-19 14:30:58,400 [ERROR] LogOutputStream:75 - [STDERR_REDIRECT] 	at java.desktop/java.awt.EventDispatchThread.pumpEventsForFilter(EventDispatchThread.java:124)
2025-12-19 14:30:58,401 [ERROR] LogOutputStream:75 - [STDERR_REDIRECT] 	at java.desktop/java.awt.EventDispatchThread.pumpEventsForHierarchy(EventDispatchThread.java:113)
2025-12-19 14:30:58,401 [ERROR] LogOutputStream:75 - [STDERR_REDIRECT] 	at java.desktop/java.awt.EventDispatchThread.pumpEvents(EventDispatchThread.java:109)
2025-12-19 14:30:58,402 [ERROR] LogOutputStream:75 - [STDERR_REDIRECT] 	at java.desktop/java.awt.EventDispatchThread.pumpEvents(EventDispatchThread.java:101)
2025-12-19 14:30:58,402 [ERROR] LogOutputStream:75 - [STDERR_REDIRECT] 	at java.desktop/java.awt.EventDispatchThread.run(EventDispatchThread.java:90)
2025-12-19 14:30:58,537 [ERROR] LogOutputStream:75 - [STDERR_REDIRECT] Exception in thread "AWT-EventQueue-0" java.lang.ClassCastException: class java.lang.String cannot be cast to class java.lang.Integer (java.lang.String and java.lang.Integer are in module java.base of loader 'bootstrap')
2025-12-19 14:30:58,538 [ERROR] LogOutputStream:75 - [STDERR_REDIRECT] 	at com.st.microxplorer.plugins.ip.nvic.NvicPanel.cellChanged(NvicPanel.java:1110)
2025-12-19 14:30:58,538 [ERROR] LogOutputStream:75 - [STDERR_REDIRECT] 	at com.st.microxplorer.plugins.ip.nvic.NvicTableModel.setValueAt(NvicTableModel.java:98)
2025-12-19 14:30:58,539 [ERROR] LogOutputStream:75 - [STDERR_REDIRECT] 	at com.st.microxplorer.plugins.ip.nvic.NvicTable.setValueAt(NvicTable.java:688)
2025-12-19 14:30:58,539 [ERROR] LogOutputStream:75 - [STDERR_REDIRECT] 	at java.desktop/javax.swing.JTable.editingStopped(JTable.java:4791)
2025-12-19 14:30:58,539 [ERROR] LogOutputStream:75 - [STDERR_REDIRECT] 	at java.desktop/javax.swing.AbstractCellEditor.fireEditingStopped(AbstractCellEditor.java:152)
2025-12-19 14:30:58,540 [ERROR] LogOutputStream:75 - [STDERR_REDIRECT] 	at java.desktop/javax.swing.DefaultCellEditor$EditorDelegate.stopCellEditing(DefaultCellEditor.java:375)
2025-12-19 14:30:58,540 [ERROR] LogOutputStream:75 - [STDERR_REDIRECT] 	at java.desktop/javax.swing.DefaultCellEditor.stopCellEditing(DefaultCellEditor.java:234)
2025-12-19 14:30:58,541 [ERROR] LogOutputStream:75 - [STDERR_REDIRECT] 	at com.st.components.swing.EachRowEditor.stopCellEditing(EachRowEditor.java:124)
2025-12-19 14:30:58,541 [ERROR] LogOutputStream:75 - [STDERR_REDIRECT] 	at java.desktop/javax.swing.plaf.basic.BasicTableUI$Handler.mousePressed(BasicTableUI.java:1040)
2025-12-19 14:30:58,542 [ERROR] LogOutputStream:75 - [STDERR_REDIRECT] 	at java.desktop/java.awt.AWTEventMulticaster.mousePressed(AWTEventMulticaster.java:288)
2025-12-19 14:30:58,542 [ERROR] LogOutputStream:75 - [STDERR_REDIRECT] 	at java.desktop/java.awt.Component.processMouseEvent(Component.java:6618)
2025-12-19 14:30:58,542 [ERROR] LogOutputStream:75 - [STDERR_REDIRECT] 	at java.desktop/javax.swing.JComponent.processMouseEvent(JComponent.java:3398)
2025-12-19 14:30:58,543 [ERROR] LogOutputStream:75 - [STDERR_REDIRECT] 	at java.desktop/java.awt.Component.processEvent(Component.java:6386)
2025-12-19 14:30:58,543 [ERROR] LogOutputStream:75 - [STDERR_REDIRECT] 	at java.desktop/java.awt.Container.processEvent(Container.java:2266)
2025-12-19 14:30:58,543 [ERROR] LogOutputStream:75 - [STDERR_REDIRECT] 	at java.desktop/java.awt.Component.dispatchEventImpl(Component.java:4996)
2025-12-19 14:30:58,544 [ERROR] LogOutputStream:75 - [STDERR_REDIRECT] 	at java.desktop/java.awt.Container.dispatchEventImpl(Container.java:2324)
2025-12-19 14:30:58,544 [ERROR] LogOutputStream:75 - [STDERR_REDIRECT] 	at java.desktop/java.awt.Component.dispatchEvent(Component.java:4828)
2025-12-19 14:30:58,545 [ERROR] LogOutputStream:75 - [STDERR_REDIRECT] 	at java.desktop/java.awt.LightweightDispatcher.retargetMouseEvent(Container.java:4948)
2025-12-19 14:30:58,545 [ERROR] LogOutputStream:75 - [STDERR_REDIRECT] 	at java.desktop/java.awt.LightweightDispatcher.processMouseEvent(Container.java:4572)
2025-12-19 14:30:58,546 [ERROR] LogOutputStream:75 - [STDERR_REDIRECT] 	at java.desktop/java.awt.LightweightDispatcher.dispatchEvent(Container.java:4516)
2025-12-19 14:30:58,546 [ERROR] LogOutputStream:75 - [STDERR_REDIRECT] 	at java.desktop/java.awt.Container.dispatchEventImpl(Container.java:2310)
2025-12-19 14:30:58,546 [ERROR] LogOutputStream:75 - [STDERR_REDIRECT] 	at java.desktop/java.awt.Component.dispatchEvent(Component.java:4828)
2025-12-19 14:30:58,547 [ERROR] LogOutputStream:75 - [STDERR_REDIRECT] 	at java.desktop/java.awt.EventQueue.dispatchEventImpl(EventQueue.java:775)
2025-12-19 14:30:58,547 [ERROR] LogOutputStream:75 - [STDERR_REDIRECT] 	at java.desktop/java.awt.EventQueue$4.run(EventQueue.java:720)
2025-12-19 14:30:58,547 [ERROR] LogOutputStream:75 - [STDERR_REDIRECT] 	at java.desktop/java.awt.EventQueue$4.run(EventQueue.java:714)
2025-12-19 14:30:58,548 [ERROR] LogOutputStream:75 - [STDERR_REDIRECT] 	at java.base/java.security.AccessController.doPrivileged(AccessController.java:400)
2025-12-19 14:30:58,548 [ERROR] LogOutputStream:75 - [STDERR_REDIRECT] 	at java.base/java.security.ProtectionDomain$JavaSecurityAccessImpl.doIntersectionPrivilege(ProtectionDomain.java:87)
2025-12-19 14:30:58,549 [ERROR] LogOutputStream:75 - [STDERR_REDIRECT] 	at java.base/java.security.ProtectionDomain$JavaSecurityAccessImpl.doIntersectionPrivilege(ProtectionDomain.java:98)
2025-12-19 14:30:58,549 [ERROR] LogOutputStream:75 - [STDERR_REDIRECT] 	at java.desktop/java.awt.EventQueue$5.run(EventQueue.java:747)
2025-12-19 14:30:58,549 [ERROR] LogOutputStream:75 - [STDERR_REDIRECT] 	at java.desktop/java.awt.EventQueue$5.run(EventQueue.java:745)
2025-12-19 14:30:58,549 [ERROR] LogOutputStream:75 - [STDERR_REDIRECT] 	at java.base/java.security.AccessController.doPrivileged(AccessController.java:400)
2025-12-19 14:30:58,551 [ERROR] LogOutputStream:75 - [STDERR_REDIRECT] 	at java.base/java.security.ProtectionDomain$JavaSecurityAccessImpl.doIntersectionPrivilege(ProtectionDomain.java:87)
2025-12-19 14:30:58,551 [ERROR] LogOutputStream:75 - [STDERR_REDIRECT] 	at java.desktop/java.awt.EventQueue.dispatchEvent(EventQueue.java:744)
2025-12-19 14:30:58,551 [ERROR] LogOutputStream:75 - [STDERR_REDIRECT] 	at java.desktop/java.awt.EventDispatchThread.pumpOneEventForFilters(EventDispatchThread.java:203)
2025-12-19 14:30:58,552 [ERROR] LogOutputStream:75 - [STDERR_REDIRECT] 	at java.desktop/java.awt.EventDispatchThread.pumpEventsForFilter(EventDispatchThread.java:124)
2025-12-19 14:30:58,553 [ERROR] LogOutputStream:75 - [STDERR_REDIRECT] 	at java.desktop/java.awt.EventDispatchThread.pumpEventsForHierarchy(EventDispatchThread.java:113)
2025-12-19 14:30:58,554 [ERROR] LogOutputStream:75 - [STDERR_REDIRECT] 	at java.desktop/java.awt.EventDispatchThread.pumpEvents(EventDispatchThread.java:109)
2025-12-19 14:30:58,554 [ERROR] LogOutputStream:75 - [STDERR_REDIRECT] 	at java.desktop/java.awt.EventDispatchThread.pumpEvents(EventDispatchThread.java:101)
2025-12-19 14:30:58,554 [ERROR] LogOutputStream:75 - [STDERR_REDIRECT] 	at java.desktop/java.awt.EventDispatchThread.run(EventDispatchThread.java:90)
2025-12-19 14:30:58,679 [ERROR] LogOutputStream:75 - [STDERR_REDIRECT] Exception in thread "AWT-EventQueue-0" java.lang.ClassCastException: class java.lang.String cannot be cast to class java.lang.Integer (java.lang.String and java.lang.Integer are in module java.base of loader 'bootstrap')
2025-12-19 14:30:58,680 [ERROR] LogOutputStream:75 - [STDERR_REDIRECT] 	at com.st.microxplorer.plugins.ip.nvic.NvicPanel.cellChanged(NvicPanel.java:1110)
2025-12-19 14:30:58,680 [ERROR] LogOutputStream:75 - [STDERR_REDIRECT] 	at com.st.microxplorer.plugins.ip.nvic.NvicTableModel.setValueAt(NvicTableModel.java:98)
2025-12-19 14:30:58,681 [ERROR] LogOutputStream:75 - [STDERR_REDIRECT] 	at com.st.microxplorer.plugins.ip.nvic.NvicTable.setValueAt(NvicTable.java:688)
2025-12-19 14:30:58,681 [ERROR] LogOutputStream:75 - [STDERR_REDIRECT] 	at java.desktop/javax.swing.JTable.editingStopped(JTable.java:4791)
2025-12-19 14:30:58,681 [ERROR] LogOutputStream:75 - [STDERR_REDIRECT] 	at java.desktop/javax.swing.AbstractCellEditor.fireEditingStopped(AbstractCellEditor.java:152)
2025-12-19 14:30:58,682 [ERROR] LogOutputStream:75 - [STDERR_REDIRECT] 	at java.desktop/javax.swing.DefaultCellEditor$EditorDelegate.stopCellEditing(DefaultCellEditor.java:375)
2025-12-19 14:30:58,682 [ERROR] LogOutputStream:75 - [STDERR_REDIRECT] 	at java.desktop/javax.swing.DefaultCellEditor.stopCellEditing(DefaultCellEditor.java:234)
2025-12-19 14:30:58,683 [ERROR] LogOutputStream:75 - [STDERR_REDIRECT] 	at com.st.components.swing.EachRowEditor.stopCellEditing(EachRowEditor.java:124)
2025-12-19 14:30:58,683 [ERROR] LogOutputStream:75 - [STDERR_REDIRECT] 	at java.desktop/javax.swing.plaf.basic.BasicTableUI$Handler.mousePressed(BasicTableUI.java:1040)
2025-12-19 14:30:58,684 [ERROR] LogOutputStream:75 - [STDERR_REDIRECT] 	at java.desktop/java.awt.AWTEventMulticaster.mousePressed(AWTEventMulticaster.java:288)
2025-12-19 14:30:58,684 [ERROR] LogOutputStream:75 - [STDERR_REDIRECT] 	at java.desktop/java.awt.Component.processMouseEvent(Component.java:6618)
2025-12-19 14:30:58,684 [ERROR] LogOutputStream:75 - [STDERR_REDIRECT] 	at java.desktop/javax.swing.JComponent.processMouseEvent(JComponent.java:3398)
2025-12-19 14:30:58,685 [ERROR] LogOutputStream:75 - [STDERR_REDIRECT] 	at java.desktop/java.awt.Component.processEvent(Component.java:6386)
2025-12-19 14:30:58,685 [ERROR] LogOutputStream:75 - [STDERR_REDIRECT] 	at java.desktop/java.awt.Container.processEvent(Container.java:2266)
2025-12-19 14:30:58,685 [ERROR] LogOutputStream:75 - [STDERR_REDIRECT] 	at java.desktop/java.awt.Component.dispatchEventImpl(Component.java:4996)
2025-12-19 14:30:58,686 [ERROR] LogOutputStream:75 - [STDERR_REDIRECT] 	at java.desktop/java.awt.Container.dispatchEventImpl(Container.java:2324)
2025-12-19 14:30:58,686 [ERROR] LogOutputStream:75 - [STDERR_REDIRECT] 	at java.desktop/java.awt.Component.dispatchEvent(Component.java:4828)
2025-12-19 14:30:58,686 [ERROR] LogOutputStream:75 - [STDERR_REDIRECT] 	at java.desktop/java.awt.LightweightDispatcher.retargetMouseEvent(Container.java:4948)
2025-12-19 14:30:58,687 [ERROR] LogOutputStream:75 - [STDERR_REDIRECT] 	at java.desktop/java.awt.LightweightDispatcher.processMouseEvent(Container.java:4572)
2025-12-19 14:30:58,687 [ERROR] LogOutputStream:75 - [STDERR_REDIRECT] 	at java.desktop/java.awt.LightweightDispatcher.dispatchEvent(Container.java:4516)
2025-12-19 14:30:58,687 [ERROR] LogOutputStream:75 - [STDERR_REDIRECT] 	at java.desktop/java.awt.Container.dispatchEventImpl(Container.java:2310)
2025-12-19 14:30:58,688 [ERROR] LogOutputStream:75 - [STDERR_REDIRECT] 	at java.desktop/java.awt.Component.dispatchEvent(Component.java:4828)
2025-12-19 14:30:58,688 [ERROR] LogOutputStream:75 - [STDERR_REDIRECT] 	at java.desktop/java.awt.EventQueue.dispatchEventImpl(EventQueue.java:775)
2025-12-19 14:30:58,688 [ERROR] LogOutputStream:75 - [STDERR_REDIRECT] 	at java.desktop/java.awt.EventQueue$4.run(EventQueue.java:720)
2025-12-19 14:30:58,689 [ERROR] LogOutputStream:75 - [STDERR_REDIRECT] 	at java.desktop/java.awt.EventQueue$4.run(EventQueue.java:714)
2025-12-19 14:30:58,689 [ERROR] LogOutputStream:75 - [STDERR_REDIRECT] 	at java.base/java.security.AccessController.doPrivileged(AccessController.java:400)
2025-12-19 14:30:58,690 [ERROR] LogOutputStream:75 - [STDERR_REDIRECT] 	at java.base/java.security.ProtectionDomain$JavaSecurityAccessImpl.doIntersectionPrivilege(ProtectionDomain.java:87)
2025-12-19 14:30:58,690 [ERROR] LogOutputStream:75 - [STDERR_REDIRECT] 	at java.base/java.security.ProtectionDomain$JavaSecurityAccessImpl.doIntersectionPrivilege(ProtectionDomain.java:98)
2025-12-19 14:30:58,691 [ERROR] LogOutputStream:75 - [STDERR_REDIRECT] 	at java.desktop/java.awt.EventQueue$5.run(EventQueue.java:747)
2025-12-19 14:30:58,691 [ERROR] LogOutputStream:75 - [STDERR_REDIRECT] 	at java.desktop/java.awt.EventQueue$5.run(EventQueue.java:745)
2025-12-19 14:30:58,691 [ERROR] LogOutputStream:75 - [STDERR_REDIRECT] 	at java.base/java.security.AccessController.doPrivileged(AccessController.java:400)
2025-12-19 14:30:58,692 [ERROR] LogOutputStream:75 - [STDERR_REDIRECT] 	at java.base/java.security.ProtectionDomain$JavaSecurityAccessImpl.doIntersectionPrivilege(ProtectionDomain.java:87)
2025-12-19 14:30:58,692 [ERROR] LogOutputStream:75 - [STDERR_REDIRECT] 	at java.desktop/java.awt.EventQueue.dispatchEvent(EventQueue.java:744)
2025-12-19 14:30:58,692 [ERROR] LogOutputStream:75 - [STDERR_REDIRECT] 	at java.desktop/java.awt.EventDispatchThread.pumpOneEventForFilters(EventDispatchThread.java:203)
2025-12-19 14:30:58,693 [ERROR] LogOutputStream:75 - [STDERR_REDIRECT] 	at java.desktop/java.awt.EventDispatchThread.pumpEventsForFilter(EventDispatchThread.java:124)
2025-12-19 14:30:58,693 [ERROR] LogOutputStream:75 - [STDERR_REDIRECT] 	at java.desktop/java.awt.EventDispatchThread.pumpEventsForHierarchy(EventDispatchThread.java:113)
2025-12-19 14:30:58,694 [ERROR] LogOutputStream:75 - [STDERR_REDIRECT] 	at java.desktop/java.awt.EventDispatchThread.pumpEvents(EventDispatchThread.java:109)
2025-12-19 14:30:58,694 [ERROR] LogOutputStream:75 - [STDERR_REDIRECT] 	at java.desktop/java.awt.EventDispatchThread.pumpEvents(EventDispatchThread.java:101)
2025-12-19 14:30:58,694 [ERROR] LogOutputStream:75 - [STDERR_REDIRECT] 	at java.desktop/java.awt.EventDispatchThread.run(EventDispatchThread.java:90)
2025-12-19 14:31:03,231 [ERROR] LogOutputStream:75 - [STDERR_REDIRECT] Exception in thread "AWT-EventQueue-0" java.lang.ClassCastException: class java.lang.String cannot be cast to class java.lang.Integer (java.lang.String and java.lang.Integer are in module java.base of loader 'bootstrap')
2025-12-19 14:31:03,232 [ERROR] LogOutputStream:75 - [STDERR_REDIRECT] 	at com.st.microxplorer.plugins.ip.nvic.NvicPanel.cellChanged(NvicPanel.java:1110)
2025-12-19 14:31:03,232 [ERROR] LogOutputStream:75 - [STDERR_REDIRECT] 	at com.st.microxplorer.plugins.ip.nvic.NvicTableModel.setValueAt(NvicTableModel.java:98)
2025-12-19 14:31:03,233 [ERROR] LogOutputStream:75 - [STDERR_REDIRECT] 	at com.st.microxplorer.plugins.ip.nvic.NvicTable.setValueAt(NvicTable.java:688)
2025-12-19 14:31:03,233 [ERROR] LogOutputStream:75 - [STDERR_REDIRECT] 	at java.desktop/javax.swing.JTable.editingStopped(JTable.java:4791)
2025-12-19 14:31:03,233 [ERROR] LogOutputStream:75 - [STDERR_REDIRECT] 	at java.desktop/javax.swing.AbstractCellEditor.fireEditingStopped(AbstractCellEditor.java:152)
2025-12-19 14:31:03,234 [ERROR] LogOutputStream:75 - [STDERR_REDIRECT] 	at java.desktop/javax.swing.DefaultCellEditor$EditorDelegate.stopCellEditing(DefaultCellEditor.java:375)
2025-12-19 14:31:03,234 [ERROR] LogOutputStream:75 - [STDERR_REDIRECT] 	at java.desktop/javax.swing.DefaultCellEditor.stopCellEditing(DefaultCellEditor.java:234)
2025-12-19 14:31:03,234 [ERROR] LogOutputStream:75 - [STDERR_REDIRECT] 	at com.st.components.swing.EachRowEditor.stopCellEditing(EachRowEditor.java:124)
2025-12-19 14:31:03,235 [ERROR] LogOutputStream:75 - [STDERR_REDIRECT] 	at java.desktop/javax.swing.plaf.basic.BasicTableUI$Handler.mousePressed(BasicTableUI.java:1040)
2025-12-19 14:31:03,236 [ERROR] LogOutputStream:75 - [STDERR_REDIRECT] 	at java.desktop/java.awt.AWTEventMulticaster.mousePressed(AWTEventMulticaster.java:288)
2025-12-19 14:31:03,236 [ERROR] LogOutputStream:75 - [STDERR_REDIRECT] 	at java.desktop/java.awt.Component.processMouseEvent(Component.java:6618)
2025-12-19 14:31:03,236 [ERROR] LogOutputStream:75 - [STDERR_REDIRECT] 	at java.desktop/javax.swing.JComponent.processMouseEvent(JComponent.java:3398)
2025-12-19 14:31:03,237 [ERROR] LogOutputStream:75 - [STDERR_REDIRECT] 	at java.desktop/java.awt.Component.processEvent(Component.java:6386)
2025-12-19 14:31:03,237 [ERROR] LogOutputStream:75 - [STDERR_REDIRECT] 	at java.desktop/java.awt.Container.processEvent(Container.java:2266)
2025-12-19 14:31:03,237 [ERROR] LogOutputStream:75 - [STDERR_REDIRECT] 	at java.desktop/java.awt.Component.dispatchEventImpl(Component.java:4996)
2025-12-19 14:31:03,238 [ERROR] LogOutputStream:75 - [STDERR_REDIRECT] 	at java.desktop/java.awt.Container.dispatchEventImpl(Container.java:2324)
2025-12-19 14:31:03,238 [ERROR] LogOutputStream:75 - [STDERR_REDIRECT] 	at java.desktop/java.awt.Component.dispatchEvent(Component.java:4828)
2025-12-19 14:31:03,238 [ERROR] LogOutputStream:75 - [STDERR_REDIRECT] 	at java.desktop/java.awt.LightweightDispatcher.retargetMouseEvent(Container.java:4948)
2025-12-19 14:31:03,239 [ERROR] LogOutputStream:75 - [STDERR_REDIRECT] 	at java.desktop/java.awt.LightweightDispatcher.processMouseEvent(Container.java:4572)
2025-12-19 14:31:03,239 [ERROR] LogOutputStream:75 - [STDERR_REDIRECT] 	at java.desktop/java.awt.LightweightDispatcher.dispatchEvent(Container.java:4516)
2025-12-19 14:31:03,240 [ERROR] LogOutputStream:75 - [STDERR_REDIRECT] 	at java.desktop/java.awt.Container.dispatchEventImpl(Container.java:2310)
2025-12-19 14:31:03,240 [ERROR] LogOutputStream:75 - [STDERR_REDIRECT] 	at java.desktop/java.awt.Component.dispatchEvent(Component.java:4828)
2025-12-19 14:31:03,240 [ERROR] LogOutputStream:75 - [STDERR_REDIRECT] 	at java.desktop/java.awt.EventQueue.dispatchEventImpl(EventQueue.java:775)
2025-12-19 14:31:03,241 [ERROR] LogOutputStream:75 - [STDERR_REDIRECT] 	at java.desktop/java.awt.EventQueue$4.run(EventQueue.java:720)
2025-12-19 14:31:03,241 [ERROR] LogOutputStream:75 - [STDERR_REDIRECT] 	at java.desktop/java.awt.EventQueue$4.run(EventQueue.java:714)
2025-12-19 14:31:03,242 [ERROR] LogOutputStream:75 - [STDERR_REDIRECT] 	at java.base/java.security.AccessController.doPrivileged(AccessController.java:400)
2025-12-19 14:31:03,242 [ERROR] LogOutputStream:75 - [STDERR_REDIRECT] 	at java.base/java.security.ProtectionDomain$JavaSecurityAccessImpl.doIntersectionPrivilege(ProtectionDomain.java:87)
2025-12-19 14:31:03,243 [ERROR] LogOutputStream:75 - [STDERR_REDIRECT] 	at java.base/java.security.ProtectionDomain$JavaSecurityAccessImpl.doIntersectionPrivilege(ProtectionDomain.java:98)
2025-12-19 14:31:03,243 [ERROR] LogOutputStream:75 - [STDERR_REDIRECT] 	at java.desktop/java.awt.EventQueue$5.run(EventQueue.java:747)
2025-12-19 14:31:03,243 [ERROR] LogOutputStream:75 - [STDERR_REDIRECT] 	at java.desktop/java.awt.EventQueue$5.run(EventQueue.java:745)
2025-12-19 14:31:03,244 [ERROR] LogOutputStream:75 - [STDERR_REDIRECT] 	at java.base/java.security.AccessController.doPrivileged(AccessController.java:400)
2025-12-19 14:31:03,244 [ERROR] LogOutputStream:75 - [STDERR_REDIRECT] 	at java.base/java.security.ProtectionDomain$JavaSecurityAccessImpl.doIntersectionPrivilege(ProtectionDomain.java:87)
2025-12-19 14:31:03,245 [ERROR] LogOutputStream:75 - [STDERR_REDIRECT] 	at java.desktop/java.awt.EventQueue.dispatchEvent(EventQueue.java:744)
2025-12-19 14:31:03,245 [ERROR] LogOutputStream:75 - [STDERR_REDIRECT] 	at java.desktop/java.awt.EventDispatchThread.pumpOneEventForFilters(EventDispatchThread.java:203)
2025-12-19 14:31:03,245 [ERROR] LogOutputStream:75 - [STDERR_REDIRECT] 	at java.desktop/java.awt.EventDispatchThread.pumpEventsForFilter(EventDispatchThread.java:124)
2025-12-19 14:31:03,246 [ERROR] LogOutputStream:75 - [STDERR_REDIRECT] 	at java.desktop/java.awt.EventDispatchThread.pumpEventsForHierarchy(EventDispatchThread.java:113)
2025-12-19 14:31:03,246 [ERROR] LogOutputStream:75 - [STDERR_REDIRECT] 	at java.desktop/java.awt.EventDispatchThread.pumpEvents(EventDispatchThread.java:109)
2025-12-19 14:31:03,247 [ERROR] LogOutputStream:75 - [STDERR_REDIRECT] 	at java.desktop/java.awt.EventDispatchThread.pumpEvents(EventDispatchThread.java:101)
2025-12-19 14:31:03,247 [ERROR] LogOutputStream:75 - [STDERR_REDIRECT] 	at java.desktop/java.awt.EventDispatchThread.run(EventDispatchThread.java:90)
2025-12-19 14:31:03,563 [ERROR] LogOutputStream:75 - [STDERR_REDIRECT] Exception in thread "AWT-EventQueue-0" java.lang.ClassCastException: class java.lang.String cannot be cast to class java.lang.Integer (java.lang.String and java.lang.Integer are in module java.base of loader 'bootstrap')
2025-12-19 14:31:03,564 [ERROR] LogOutputStream:75 - [STDERR_REDIRECT] 	at com.st.microxplorer.plugins.ip.nvic.NvicPanel.cellChanged(NvicPanel.java:1110)
2025-12-19 14:31:03,564 [ERROR] LogOutputStream:75 - [STDERR_REDIRECT] 	at com.st.microxplorer.plugins.ip.nvic.NvicTableModel.setValueAt(NvicTableModel.java:98)
2025-12-19 14:31:03,564 [ERROR] LogOutputStream:75 - [STDERR_REDIRECT] 	at com.st.microxplorer.plugins.ip.nvic.NvicTable.setValueAt(NvicTable.java:688)
2025-12-19 14:31:03,565 [ERROR] LogOutputStream:75 - [STDERR_REDIRECT] 	at java.desktop/javax.swing.JTable.editingStopped(JTable.java:4791)
2025-12-19 14:31:03,565 [ERROR] LogOutputStream:75 - [STDERR_REDIRECT] 	at java.desktop/javax.swing.AbstractCellEditor.fireEditingStopped(AbstractCellEditor.java:152)
2025-12-19 14:31:03,566 [ERROR] LogOutputStream:75 - [STDERR_REDIRECT] 	at java.desktop/javax.swing.DefaultCellEditor$EditorDelegate.stopCellEditing(DefaultCellEditor.java:375)
2025-12-19 14:31:03,566 [ERROR] LogOutputStream:75 - [STDERR_REDIRECT] 	at java.desktop/javax.swing.DefaultCellEditor.stopCellEditing(DefaultCellEditor.java:234)
2025-12-19 14:31:03,567 [ERROR] LogOutputStream:75 - [STDERR_REDIRECT] 	at com.st.components.swing.EachRowEditor.stopCellEditing(EachRowEditor.java:124)
2025-12-19 14:31:03,567 [ERROR] LogOutputStream:75 - [STDERR_REDIRECT] 	at java.desktop/javax.swing.plaf.basic.BasicTableUI$Handler.mousePressed(BasicTableUI.java:1040)
2025-12-19 14:31:03,567 [ERROR] LogOutputStream:75 - [STDERR_REDIRECT] 	at java.desktop/java.awt.AWTEventMulticaster.mousePressed(AWTEventMulticaster.java:288)
2025-12-19 14:31:03,568 [ERROR] LogOutputStream:75 - [STDERR_REDIRECT] 	at java.desktop/java.awt.Component.processMouseEvent(Component.java:6618)
2025-12-19 14:31:03,568 [ERROR] LogOutputStream:75 - [STDERR_REDIRECT] 	at java.desktop/javax.swing.JComponent.processMouseEvent(JComponent.java:3398)
2025-12-19 14:31:03,568 [ERROR] LogOutputStream:75 - [STDERR_REDIRECT] 	at java.desktop/java.awt.Component.processEvent(Component.java:6386)
2025-12-19 14:31:03,569 [ERROR] LogOutputStream:75 - [STDERR_REDIRECT] 	at java.desktop/java.awt.Container.processEvent(Container.java:2266)
2025-12-19 14:31:03,569 [ERROR] LogOutputStream:75 - [STDERR_REDIRECT] 	at java.desktop/java.awt.Component.dispatchEventImpl(Component.java:4996)
2025-12-19 14:31:03,569 [ERROR] LogOutputStream:75 - [STDERR_REDIRECT] 	at java.desktop/java.awt.Container.dispatchEventImpl(Container.java:2324)
2025-12-19 14:31:03,570 [ERROR] LogOutputStream:75 - [STDERR_REDIRECT] 	at java.desktop/java.awt.Component.dispatchEvent(Component.java:4828)
2025-12-19 14:31:03,570 [ERROR] LogOutputStream:75 - [STDERR_REDIRECT] 	at java.desktop/java.awt.LightweightDispatcher.retargetMouseEvent(Container.java:4948)
2025-12-19 14:31:03,571 [ERROR] LogOutputStream:75 - [STDERR_REDIRECT] 	at java.desktop/java.awt.LightweightDispatcher.processMouseEvent(Container.java:4572)
2025-12-19 14:31:03,571 [ERROR] LogOutputStream:75 - [STDERR_REDIRECT] 	at java.desktop/java.awt.LightweightDispatcher.dispatchEvent(Container.java:4516)
2025-12-19 14:31:03,571 [ERROR] LogOutputStream:75 - [STDERR_REDIRECT] 	at java.desktop/java.awt.Container.dispatchEventImpl(Container.java:2310)
2025-12-19 14:31:03,572 [ERROR] LogOutputStream:75 - [STDERR_REDIRECT] 	at java.desktop/java.awt.Component.dispatchEvent(Component.java:4828)
2025-12-19 14:31:03,572 [ERROR] LogOutputStream:75 - [STDERR_REDIRECT] 	at java.desktop/java.awt.EventQueue.dispatchEventImpl(EventQueue.java:775)
2025-12-19 14:31:03,572 [ERROR] LogOutputStream:75 - [STDERR_REDIRECT] 	at java.desktop/java.awt.EventQueue$4.run(EventQueue.java:720)
2025-12-19 14:31:03,572 [ERROR] LogOutputStream:75 - [STDERR_REDIRECT] 	at java.desktop/java.awt.EventQueue$4.run(EventQueue.java:714)
2025-12-19 14:31:03,573 [ERROR] LogOutputStream:75 - [STDERR_REDIRECT] 	at java.base/java.security.AccessController.doPrivileged(AccessController.java:400)
2025-12-19 14:31:03,573 [ERROR] LogOutputStream:75 - [STDERR_REDIRECT] 	at java.base/java.security.ProtectionDomain$JavaSecurityAccessImpl.doIntersectionPrivilege(ProtectionDomain.java:87)
2025-12-19 14:31:03,574 [ERROR] LogOutputStream:75 - [STDERR_REDIRECT] 	at java.base/java.security.ProtectionDomain$JavaSecurityAccessImpl.doIntersectionPrivilege(ProtectionDomain.java:98)
2025-12-19 14:31:03,574 [ERROR] LogOutputStream:75 - [STDERR_REDIRECT] 	at java.desktop/java.awt.EventQueue$5.run(EventQueue.java:747)
2025-12-19 14:31:03,574 [ERROR] LogOutputStream:75 - [STDERR_REDIRECT] 	at java.desktop/java.awt.EventQueue$5.run(EventQueue.java:745)
2025-12-19 14:31:03,575 [ERROR] LogOutputStream:75 - [STDERR_REDIRECT] 	at java.base/java.security.AccessController.doPrivileged(AccessController.java:400)
2025-12-19 14:31:03,575 [ERROR] LogOutputStream:75 - [STDERR_REDIRECT] 	at java.base/java.security.ProtectionDomain$JavaSecurityAccessImpl.doIntersectionPrivilege(ProtectionDomain.java:87)
2025-12-19 14:31:03,576 [ERROR] LogOutputStream:75 - [STDERR_REDIRECT] 	at java.desktop/java.awt.EventQueue.dispatchEvent(EventQueue.java:744)
2025-12-19 14:31:03,576 [ERROR] LogOutputStream:75 - [STDERR_REDIRECT] 	at java.desktop/java.awt.EventDispatchThread.pumpOneEventForFilters(EventDispatchThread.java:203)
2025-12-19 14:31:03,577 [ERROR] LogOutputStream:75 - [STDERR_REDIRECT] 	at java.desktop/java.awt.EventDispatchThread.pumpEventsForFilter(EventDispatchThread.java:124)
2025-12-19 14:31:03,578 [ERROR] LogOutputStream:75 - [STDERR_REDIRECT] 	at java.desktop/java.awt.EventDispatchThread.pumpEventsForHierarchy(EventDispatchThread.java:113)
2025-12-19 14:31:03,579 [ERROR] LogOutputStream:75 - [STDERR_REDIRECT] 	at java.desktop/java.awt.EventDispatchThread.pumpEvents(EventDispatchThread.java:109)
2025-12-19 14:31:03,579 [ERROR] LogOutputStream:75 - [STDERR_REDIRECT] 	at java.desktop/java.awt.EventDispatchThread.pumpEvents(EventDispatchThread.java:101)
2025-12-19 14:31:03,579 [ERROR] LogOutputStream:75 - [STDERR_REDIRECT] 	at java.desktop/java.awt.EventDispatchThread.run(EventDispatchThread.java:90)
2025-12-19 14:31:03,705 [ERROR] LogOutputStream:75 - [STDERR_REDIRECT] Exception in thread "AWT-EventQueue-0" java.lang.ClassCastException: class java.lang.String cannot be cast to class java.lang.Integer (java.lang.String and java.lang.Integer are in module java.base of loader 'bootstrap')
2025-12-19 14:31:03,706 [ERROR] LogOutputStream:75 - [STDERR_REDIRECT] 	at com.st.microxplorer.plugins.ip.nvic.NvicPanel.cellChanged(NvicPanel.java:1110)
2025-12-19 14:31:03,706 [ERROR] LogOutputStream:75 - [STDERR_REDIRECT] 	at com.st.microxplorer.plugins.ip.nvic.NvicTableModel.setValueAt(NvicTableModel.java:98)
2025-12-19 14:31:03,707 [ERROR] LogOutputStream:75 - [STDERR_REDIRECT] 	at com.st.microxplorer.plugins.ip.nvic.NvicTable.setValueAt(NvicTable.java:688)
2025-12-19 14:31:03,707 [ERROR] LogOutputStream:75 - [STDERR_REDIRECT] 	at java.desktop/javax.swing.JTable.editingStopped(JTable.java:4791)
2025-12-19 14:31:03,707 [ERROR] LogOutputStream:75 - [STDERR_REDIRECT] 	at java.desktop/javax.swing.AbstractCellEditor.fireEditingStopped(AbstractCellEditor.java:152)
2025-12-19 14:31:03,708 [ERROR] LogOutputStream:75 - [STDERR_REDIRECT] 	at java.desktop/javax.swing.DefaultCellEditor$EditorDelegate.stopCellEditing(DefaultCellEditor.java:375)
2025-12-19 14:31:03,709 [ERROR] LogOutputStream:75 - [STDERR_REDIRECT] 	at java.desktop/javax.swing.DefaultCellEditor.stopCellEditing(DefaultCellEditor.java:234)
2025-12-19 14:31:03,709 [ERROR] LogOutputStream:75 - [STDERR_REDIRECT] 	at com.st.components.swing.EachRowEditor.stopCellEditing(EachRowEditor.java:124)
2025-12-19 14:31:03,711 [ERROR] LogOutputStream:75 - [STDERR_REDIRECT] 	at java.desktop/javax.swing.plaf.basic.BasicTableUI$Handler.mousePressed(BasicTableUI.java:1040)
2025-12-19 14:31:03,712 [ERROR] LogOutputStream:75 - [STDERR_REDIRECT] 	at java.desktop/java.awt.AWTEventMulticaster.mousePressed(AWTEventMulticaster.java:288)
2025-12-19 14:31:03,712 [ERROR] LogOutputStream:75 - [STDERR_REDIRECT] 	at java.desktop/java.awt.Component.processMouseEvent(Component.java:6618)
2025-12-19 14:31:03,713 [ERROR] LogOutputStream:75 - [STDERR_REDIRECT] 	at java.desktop/javax.swing.JComponent.processMouseEvent(JComponent.java:3398)
2025-12-19 14:31:03,713 [ERROR] LogOutputStream:75 - [STDERR_REDIRECT] 	at java.desktop/java.awt.Component.processEvent(Component.java:6386)
2025-12-19 14:31:03,713 [ERROR] LogOutputStream:75 - [STDERR_REDIRECT] 	at java.desktop/java.awt.Container.processEvent(Container.java:2266)
2025-12-19 14:31:03,714 [ERROR] LogOutputStream:75 - [STDERR_REDIRECT] 	at java.desktop/java.awt.Component.dispatchEventImpl(Component.java:4996)
2025-12-19 14:31:03,714 [ERROR] LogOutputStream:75 - [STDERR_REDIRECT] 	at java.desktop/java.awt.Container.dispatchEventImpl(Container.java:2324)
2025-12-19 14:31:03,714 [ERROR] LogOutputStream:75 - [STDERR_REDIRECT] 	at java.desktop/java.awt.Component.dispatchEvent(Component.java:4828)
2025-12-19 14:31:03,714 [ERROR] LogOutputStream:75 - [STDERR_REDIRECT] 	at java.desktop/java.awt.LightweightDispatcher.retargetMouseEvent(Container.java:4948)
2025-12-19 14:31:03,714 [ERROR] LogOutputStream:75 - [STDERR_REDIRECT] 	at java.desktop/java.awt.LightweightDispatcher.processMouseEvent(Container.java:4572)
2025-12-19 14:31:03,715 [ERROR] LogOutputStream:75 - [STDERR_REDIRECT] 	at java.desktop/java.awt.LightweightDispatcher.dispatchEvent(Container.java:4516)
2025-12-19 14:31:03,715 [ERROR] LogOutputStream:75 - [STDERR_REDIRECT] 	at java.desktop/java.awt.Container.dispatchEventImpl(Container.java:2310)
2025-12-19 14:31:03,715 [ERROR] LogOutputStream:75 - [STDERR_REDIRECT] 	at java.desktop/java.awt.Component.dispatchEvent(Component.java:4828)
2025-12-19 14:31:03,717 [ERROR] LogOutputStream:75 - [STDERR_REDIRECT] 	at java.desktop/java.awt.EventQueue.dispatchEventImpl(EventQueue.java:775)
2025-12-19 14:31:03,717 [ERROR] LogOutputStream:75 - [STDERR_REDIRECT] 	at java.desktop/java.awt.EventQueue$4.run(EventQueue.java:720)
2025-12-19 14:31:03,717 [ERROR] LogOutputStream:75 - [STDERR_REDIRECT] 	at java.desktop/java.awt.EventQueue$4.run(EventQueue.java:714)
2025-12-19 14:31:03,717 [ERROR] LogOutputStream:75 - [STDERR_REDIRECT] 	at java.base/java.security.AccessController.doPrivileged(AccessController.java:400)
2025-12-19 14:31:03,717 [ERROR] LogOutputStream:75 - [STDERR_REDIRECT] 	at java.base/java.security.ProtectionDomain$JavaSecurityAccessImpl.doIntersectionPrivilege(ProtectionDomain.java:87)
2025-12-19 14:31:03,719 [ERROR] LogOutputStream:75 - [STDERR_REDIRECT] 	at java.base/java.security.ProtectionDomain$JavaSecurityAccessImpl.doIntersectionPrivilege(ProtectionDomain.java:98)
2025-12-19 14:31:03,719 [ERROR] LogOutputStream:75 - [STDERR_REDIRECT] 	at java.desktop/java.awt.EventQueue$5.run(EventQueue.java:747)
2025-12-19 14:31:03,719 [ERROR] LogOutputStream:75 - [STDERR_REDIRECT] 	at java.desktop/java.awt.EventQueue$5.run(EventQueue.java:745)
2025-12-19 14:31:03,720 [ERROR] LogOutputStream:75 - [STDERR_REDIRECT] 	at java.base/java.security.AccessController.doPrivileged(AccessController.java:400)
2025-12-19 14:31:03,720 [ERROR] LogOutputStream:75 - [STDERR_REDIRECT] 	at java.base/java.security.ProtectionDomain$JavaSecurityAccessImpl.doIntersectionPrivilege(ProtectionDomain.java:87)
2025-12-19 14:31:03,721 [ERROR] LogOutputStream:75 - [STDERR_REDIRECT] 	at java.desktop/java.awt.EventQueue.dispatchEvent(EventQueue.java:744)
2025-12-19 14:31:03,721 [ERROR] LogOutputStream:75 - [STDERR_REDIRECT] 	at java.desktop/java.awt.EventDispatchThread.pumpOneEventForFilters(EventDispatchThread.java:203)
2025-12-19 14:31:03,722 [ERROR] LogOutputStream:75 - [STDERR_REDIRECT] 	at java.desktop/java.awt.EventDispatchThread.pumpEventsForFilter(EventDispatchThread.java:124)
2025-12-19 14:31:03,723 [ERROR] LogOutputStream:75 - [STDERR_REDIRECT] 	at java.desktop/java.awt.EventDispatchThread.pumpEventsForHierarchy(EventDispatchThread.java:113)
2025-12-19 14:31:03,723 [ERROR] LogOutputStream:75 - [STDERR_REDIRECT] 	at java.desktop/java.awt.EventDispatchThread.pumpEvents(EventDispatchThread.java:109)
2025-12-19 14:31:03,724 [ERROR] LogOutputStream:75 - [STDERR_REDIRECT] 	at java.desktop/java.awt.EventDispatchThread.pumpEvents(EventDispatchThread.java:101)
2025-12-19 14:31:03,724 [ERROR] LogOutputStream:75 - [STDERR_REDIRECT] 	at java.desktop/java.awt.EventDispatchThread.run(EventDispatchThread.java:90)
2025-12-19 14:31:03,889 [ERROR] LogOutputStream:75 - [STDERR_REDIRECT] Exception in thread "AWT-EventQueue-0" java.lang.ClassCastException: class java.lang.String cannot be cast to class java.lang.Integer (java.lang.String and java.lang.Integer are in module java.base of loader 'bootstrap')
2025-12-19 14:31:03,889 [ERROR] LogOutputStream:75 - [STDERR_REDIRECT] 	at com.st.microxplorer.plugins.ip.nvic.NvicPanel.cellChanged(NvicPanel.java:1110)
2025-12-19 14:31:03,890 [ERROR] LogOutputStream:75 - [STDERR_REDIRECT] 	at com.st.microxplorer.plugins.ip.nvic.NvicTableModel.setValueAt(NvicTableModel.java:98)
2025-12-19 14:31:03,890 [ERROR] LogOutputStream:75 - [STDERR_REDIRECT] 	at com.st.microxplorer.plugins.ip.nvic.NvicTable.setValueAt(NvicTable.java:688)
2025-12-19 14:31:03,891 [ERROR] LogOutputStream:75 - [STDERR_REDIRECT] 	at java.desktop/javax.swing.JTable.editingStopped(JTable.java:4791)
2025-12-19 14:31:03,891 [ERROR] LogOutputStream:75 - [STDERR_REDIRECT] 	at java.desktop/javax.swing.AbstractCellEditor.fireEditingStopped(AbstractCellEditor.java:152)
2025-12-19 14:31:03,891 [ERROR] LogOutputStream:75 - [STDERR_REDIRECT] 	at java.desktop/javax.swing.DefaultCellEditor$EditorDelegate.stopCellEditing(DefaultCellEditor.java:375)
2025-12-19 14:31:03,892 [ERROR] LogOutputStream:75 - [STDERR_REDIRECT] 	at java.desktop/javax.swing.DefaultCellEditor.stopCellEditing(DefaultCellEditor.java:234)
2025-12-19 14:31:03,892 [ERROR] LogOutputStream:75 - [STDERR_REDIRECT] 	at com.st.components.swing.EachRowEditor.stopCellEditing(EachRowEditor.java:124)
2025-12-19 14:31:03,893 [ERROR] LogOutputStream:75 - [STDERR_REDIRECT] 	at java.desktop/javax.swing.plaf.basic.BasicTableUI$Handler.mousePressed(BasicTableUI.java:1040)
2025-12-19 14:31:03,893 [ERROR] LogOutputStream:75 - [STDERR_REDIRECT] 	at java.desktop/java.awt.AWTEventMulticaster.mousePressed(AWTEventMulticaster.java:288)
2025-12-19 14:31:03,894 [ERROR] LogOutputStream:75 - [STDERR_REDIRECT] 	at java.desktop/java.awt.Component.processMouseEvent(Component.java:6618)
2025-12-19 14:31:03,894 [ERROR] LogOutputStream:75 - [STDERR_REDIRECT] 	at java.desktop/javax.swing.JComponent.processMouseEvent(JComponent.java:3398)
2025-12-19 14:31:03,894 [ERROR] LogOutputStream:75 - [STDERR_REDIRECT] 	at java.desktop/java.awt.Component.processEvent(Component.java:6386)
2025-12-19 14:31:03,895 [ERROR] LogOutputStream:75 - [STDERR_REDIRECT] 	at java.desktop/java.awt.Container.processEvent(Container.java:2266)
2025-12-19 14:31:03,895 [ERROR] LogOutputStream:75 - [STDERR_REDIRECT] 	at java.desktop/java.awt.Component.dispatchEventImpl(Component.java:4996)
2025-12-19 14:31:03,896 [ERROR] LogOutputStream:75 - [STDERR_REDIRECT] 	at java.desktop/java.awt.Container.dispatchEventImpl(Container.java:2324)
2025-12-19 14:31:03,896 [ERROR] LogOutputStream:75 - [STDERR_REDIRECT] 	at java.desktop/java.awt.Component.dispatchEvent(Component.java:4828)
2025-12-19 14:31:03,897 [ERROR] LogOutputStream:75 - [STDERR_REDIRECT] 	at java.desktop/java.awt.LightweightDispatcher.retargetMouseEvent(Container.java:4948)
2025-12-19 14:31:03,897 [ERROR] LogOutputStream:75 - [STDERR_REDIRECT] 	at java.desktop/java.awt.LightweightDispatcher.processMouseEvent(Container.java:4572)
2025-12-19 14:31:03,898 [ERROR] LogOutputStream:75 - [STDERR_REDIRECT] 	at java.desktop/java.awt.LightweightDispatcher.dispatchEvent(Container.java:4516)
2025-12-19 14:31:03,898 [ERROR] LogOutputStream:75 - [STDERR_REDIRECT] 	at java.desktop/java.awt.Container.dispatchEventImpl(Container.java:2310)
2025-12-19 14:31:03,899 [ERROR] LogOutputStream:75 - [STDERR_REDIRECT] 	at java.desktop/java.awt.Component.dispatchEvent(Component.java:4828)
2025-12-19 14:31:03,899 [ERROR] LogOutputStream:75 - [STDERR_REDIRECT] 	at java.desktop/java.awt.EventQueue.dispatchEventImpl(EventQueue.java:775)
2025-12-19 14:31:03,900 [ERROR] LogOutputStream:75 - [STDERR_REDIRECT] 	at java.desktop/java.awt.EventQueue$4.run(EventQueue.java:720)
2025-12-19 14:31:03,900 [ERROR] LogOutputStream:75 - [STDERR_REDIRECT] 	at java.desktop/java.awt.EventQueue$4.run(EventQueue.java:714)
2025-12-19 14:31:03,900 [ERROR] LogOutputStream:75 - [STDERR_REDIRECT] 	at java.base/java.security.AccessController.doPrivileged(AccessController.java:400)
2025-12-19 14:31:03,901 [ERROR] LogOutputStream:75 - [STDERR_REDIRECT] 	at java.base/java.security.ProtectionDomain$JavaSecurityAccessImpl.doIntersectionPrivilege(ProtectionDomain.java:87)
2025-12-19 14:31:03,901 [ERROR] LogOutputStream:75 - [STDERR_REDIRECT] 	at java.base/java.security.ProtectionDomain$JavaSecurityAccessImpl.doIntersectionPrivilege(ProtectionDomain.java:98)
2025-12-19 14:31:03,902 [ERROR] LogOutputStream:75 - [STDERR_REDIRECT] 	at java.desktop/java.awt.EventQueue$5.run(EventQueue.java:747)
2025-12-19 14:31:03,902 [ERROR] LogOutputStream:75 - [STDERR_REDIRECT] 	at java.desktop/java.awt.EventQueue$5.run(EventQueue.java:745)
2025-12-19 14:31:03,903 [ERROR] LogOutputStream:75 - [STDERR_REDIRECT] 	at java.base/java.security.AccessController.doPrivileged(AccessController.java:400)
2025-12-19 14:31:03,903 [ERROR] LogOutputStream:75 - [STDERR_REDIRECT] 	at java.base/java.security.ProtectionDomain$JavaSecurityAccessImpl.doIntersectionPrivilege(ProtectionDomain.java:87)
2025-12-19 14:31:03,904 [ERROR] LogOutputStream:75 - [STDERR_REDIRECT] 	at java.desktop/java.awt.EventQueue.dispatchEvent(EventQueue.java:744)
2025-12-19 14:31:03,904 [ERROR] LogOutputStream:75 - [STDERR_REDIRECT] 	at java.desktop/java.awt.EventDispatchThread.pumpOneEventForFilters(EventDispatchThread.java:203)
2025-12-19 14:31:03,905 [ERROR] LogOutputStream:75 - [STDERR_REDIRECT] 	at java.desktop/java.awt.EventDispatchThread.pumpEventsForFilter(EventDispatchThread.java:124)
2025-12-19 14:31:03,905 [ERROR] LogOutputStream:75 - [STDERR_REDIRECT] 	at java.desktop/java.awt.EventDispatchThread.pumpEventsForHierarchy(EventDispatchThread.java:113)
2025-12-19 14:31:03,905 [ERROR] LogOutputStream:75 - [STDERR_REDIRECT] 	at java.desktop/java.awt.EventDispatchThread.pumpEvents(EventDispatchThread.java:109)
2025-12-19 14:31:03,905 [ERROR] LogOutputStream:75 - [STDERR_REDIRECT] 	at java.desktop/java.awt.EventDispatchThread.pumpEvents(EventDispatchThread.java:101)
2025-12-19 14:31:03,906 [ERROR] LogOutputStream:75 - [STDERR_REDIRECT] 	at java.desktop/java.awt.EventDispatchThread.run(EventDispatchThread.java:90)
2025-12-19 14:31:04,085 [ERROR] LogOutputStream:75 - [STDERR_REDIRECT] Exception in thread "AWT-EventQueue-0" java.lang.ClassCastException: class java.lang.String cannot be cast to class java.lang.Integer (java.lang.String and java.lang.Integer are in module java.base of loader 'bootstrap')
2025-12-19 14:31:04,085 [ERROR] LogOutputStream:75 - [STDERR_REDIRECT] 	at com.st.microxplorer.plugins.ip.nvic.NvicPanel.cellChanged(NvicPanel.java:1110)
2025-12-19 14:31:04,086 [ERROR] LogOutputStream:75 - [STDERR_REDIRECT] 	at com.st.microxplorer.plugins.ip.nvic.NvicTableModel.setValueAt(NvicTableModel.java:98)
2025-12-19 14:31:04,086 [ERROR] LogOutputStream:75 - [STDERR_REDIRECT] 	at com.st.microxplorer.plugins.ip.nvic.NvicTable.setValueAt(NvicTable.java:688)
2025-12-19 14:31:04,086 [ERROR] LogOutputStream:75 - [STDERR_REDIRECT] 	at java.desktop/javax.swing.JTable.editingStopped(JTable.java:4791)
2025-12-19 14:31:04,087 [ERROR] LogOutputStream:75 - [STDERR_REDIRECT] 	at java.desktop/javax.swing.AbstractCellEditor.fireEditingStopped(AbstractCellEditor.java:152)
2025-12-19 14:31:04,087 [ERROR] LogOutputStream:75 - [STDERR_REDIRECT] 	at java.desktop/javax.swing.DefaultCellEditor$EditorDelegate.stopCellEditing(DefaultCellEditor.java:375)
2025-12-19 14:31:04,088 [ERROR] LogOutputStream:75 - [STDERR_REDIRECT] 	at java.desktop/javax.swing.DefaultCellEditor.stopCellEditing(DefaultCellEditor.java:234)
2025-12-19 14:31:04,088 [ERROR] LogOutputStream:75 - [STDERR_REDIRECT] 	at com.st.components.swing.EachRowEditor.stopCellEditing(EachRowEditor.java:124)
2025-12-19 14:31:04,089 [ERROR] LogOutputStream:75 - [STDERR_REDIRECT] 	at java.desktop/javax.swing.plaf.basic.BasicTableUI$Handler.mousePressed(BasicTableUI.java:1040)
2025-12-19 14:31:04,089 [ERROR] LogOutputStream:75 - [STDERR_REDIRECT] 	at java.desktop/java.awt.AWTEventMulticaster.mousePressed(AWTEventMulticaster.java:288)
2025-12-19 14:31:04,089 [ERROR] LogOutputStream:75 - [STDERR_REDIRECT] 	at java.desktop/java.awt.Component.processMouseEvent(Component.java:6618)
2025-12-19 14:31:04,090 [ERROR] LogOutputStream:75 - [STDERR_REDIRECT] 	at java.desktop/javax.swing.JComponent.processMouseEvent(JComponent.java:3398)
2025-12-19 14:31:04,090 [ERROR] LogOutputStream:75 - [STDERR_REDIRECT] 	at java.desktop/java.awt.Component.processEvent(Component.java:6386)
2025-12-19 14:31:04,091 [ERROR] LogOutputStream:75 - [STDERR_REDIRECT] 	at java.desktop/java.awt.Container.processEvent(Container.java:2266)
2025-12-19 14:31:04,091 [ERROR] LogOutputStream:75 - [STDERR_REDIRECT] 	at java.desktop/java.awt.Component.dispatchEventImpl(Component.java:4996)
2025-12-19 14:31:04,091 [ERROR] LogOutputStream:75 - [STDERR_REDIRECT] 	at java.desktop/java.awt.Container.dispatchEventImpl(Container.java:2324)
2025-12-19 14:31:04,092 [ERROR] LogOutputStream:75 - [STDERR_REDIRECT] 	at java.desktop/java.awt.Component.dispatchEvent(Component.java:4828)
2025-12-19 14:31:04,092 [ERROR] LogOutputStream:75 - [STDERR_REDIRECT] 	at java.desktop/java.awt.LightweightDispatcher.retargetMouseEvent(Container.java:4948)
2025-12-19 14:31:04,092 [ERROR] LogOutputStream:75 - [STDERR_REDIRECT] 	at java.desktop/java.awt.LightweightDispatcher.processMouseEvent(Container.java:4572)
2025-12-19 14:31:04,092 [ERROR] LogOutputStream:75 - [STDERR_REDIRECT] 	at java.desktop/java.awt.LightweightDispatcher.dispatchEvent(Container.java:4516)
2025-12-19 14:31:04,093 [ERROR] LogOutputStream:75 - [STDERR_REDIRECT] 	at java.desktop/java.awt.Container.dispatchEventImpl(Container.java:2310)
2025-12-19 14:31:04,093 [ERROR] LogOutputStream:75 - [STDERR_REDIRECT] 	at java.desktop/java.awt.Component.dispatchEvent(Component.java:4828)
2025-12-19 14:31:04,093 [ERROR] LogOutputStream:75 - [STDERR_REDIRECT] 	at java.desktop/java.awt.EventQueue.dispatchEventImpl(EventQueue.java:775)
2025-12-19 14:31:04,094 [ERROR] LogOutputStream:75 - [STDERR_REDIRECT] 	at java.desktop/java.awt.EventQueue$4.run(EventQueue.java:720)
2025-12-19 14:31:04,094 [ERROR] LogOutputStream:75 - [STDERR_REDIRECT] 	at java.desktop/java.awt.EventQueue$4.run(EventQueue.java:714)
2025-12-19 14:31:04,094 [ERROR] LogOutputStream:75 - [STDERR_REDIRECT] 	at java.base/java.security.AccessController.doPrivileged(AccessController.java:400)
2025-12-19 14:31:04,095 [ERROR] LogOutputStream:75 - [STDERR_REDIRECT] 	at java.base/java.security.ProtectionDomain$JavaSecurityAccessImpl.doIntersectionPrivilege(ProtectionDomain.java:87)
2025-12-19 14:31:04,095 [ERROR] LogOutputStream:75 - [STDERR_REDIRECT] 	at java.base/java.security.ProtectionDomain$JavaSecurityAccessImpl.doIntersectionPrivilege(ProtectionDomain.java:98)
2025-12-19 14:31:04,096 [ERROR] LogOutputStream:75 - [STDERR_REDIRECT] 	at java.desktop/java.awt.EventQueue$5.run(EventQueue.java:747)
2025-12-19 14:31:04,096 [ERROR] LogOutputStream:75 - [STDERR_REDIRECT] 	at java.desktop/java.awt.EventQueue$5.run(EventQueue.java:745)
2025-12-19 14:31:04,096 [ERROR] LogOutputStream:75 - [STDERR_REDIRECT] 	at java.base/java.security.AccessController.doPrivileged(AccessController.java:400)
2025-12-19 14:31:04,097 [ERROR] LogOutputStream:75 - [STDERR_REDIRECT] 	at java.base/java.security.ProtectionDomain$JavaSecurityAccessImpl.doIntersectionPrivilege(ProtectionDomain.java:87)
2025-12-19 14:31:04,097 [ERROR] LogOutputStream:75 - [STDERR_REDIRECT] 	at java.desktop/java.awt.EventQueue.dispatchEvent(EventQueue.java:744)
2025-12-19 14:31:04,098 [ERROR] LogOutputStream:75 - [STDERR_REDIRECT] 	at java.desktop/java.awt.EventDispatchThread.pumpOneEventForFilters(EventDispatchThread.java:203)
2025-12-19 14:31:04,098 [ERROR] LogOutputStream:75 - [STDERR_REDIRECT] 	at java.desktop/java.awt.EventDispatchThread.pumpEventsForFilter(EventDispatchThread.java:124)
2025-12-19 14:31:04,099 [ERROR] LogOutputStream:75 - [STDERR_REDIRECT] 	at java.desktop/java.awt.EventDispatchThread.pumpEventsForHierarchy(EventDispatchThread.java:113)
2025-12-19 14:31:04,099 [ERROR] LogOutputStream:75 - [STDERR_REDIRECT] 	at java.desktop/java.awt.EventDispatchThread.pumpEvents(EventDispatchThread.java:109)
2025-12-19 14:31:04,100 [ERROR] LogOutputStream:75 - [STDERR_REDIRECT] 	at java.desktop/java.awt.EventDispatchThread.pumpEvents(EventDispatchThread.java:101)
2025-12-19 14:31:04,100 [ERROR] LogOutputStream:75 - [STDERR_REDIRECT] 	at java.desktop/java.awt.EventDispatchThread.run(EventDispatchThread.java:90)
2025-12-19 14:31:08,656 [ERROR] LogOutputStream:75 - [STDERR_REDIRECT] Exception in thread "AWT-EventQueue-0" java.lang.ClassCastException: class java.lang.String cannot be cast to class java.lang.Integer (java.lang.String and java.lang.Integer are in module java.base of loader 'bootstrap')
2025-12-19 14:31:08,657 [ERROR] LogOutputStream:75 - [STDERR_REDIRECT] 	at com.st.microxplorer.plugins.ip.nvic.NvicPanel.cellChanged(NvicPanel.java:1110)
2025-12-19 14:31:08,657 [ERROR] LogOutputStream:75 - [STDERR_REDIRECT] 	at com.st.microxplorer.plugins.ip.nvic.NvicTableModel.setValueAt(NvicTableModel.java:98)
2025-12-19 14:31:08,658 [ERROR] LogOutputStream:75 - [STDERR_REDIRECT] 	at com.st.microxplorer.plugins.ip.nvic.NvicTable.setValueAt(NvicTable.java:688)
2025-12-19 14:31:08,658 [ERROR] LogOutputStream:75 - [STDERR_REDIRECT] 	at java.desktop/javax.swing.JTable.editingStopped(JTable.java:4791)
2025-12-19 14:31:08,659 [ERROR] LogOutputStream:75 - [STDERR_REDIRECT] 	at java.desktop/javax.swing.AbstractCellEditor.fireEditingStopped(AbstractCellEditor.java:152)
2025-12-19 14:31:08,659 [ERROR] LogOutputStream:75 - [STDERR_REDIRECT] 	at java.desktop/javax.swing.DefaultCellEditor$EditorDelegate.stopCellEditing(DefaultCellEditor.java:375)
2025-12-19 14:31:08,660 [ERROR] LogOutputStream:75 - [STDERR_REDIRECT] 	at java.desktop/javax.swing.DefaultCellEditor.stopCellEditing(DefaultCellEditor.java:234)
2025-12-19 14:31:08,660 [ERROR] LogOutputStream:75 - [STDERR_REDIRECT] 	at com.st.components.swing.EachRowEditor.stopCellEditing(EachRowEditor.java:124)
2025-12-19 14:31:08,661 [ERROR] LogOutputStream:75 - [STDERR_REDIRECT] 	at java.desktop/javax.swing.plaf.basic.BasicTableUI$Handler.mousePressed(BasicTableUI.java:1040)
2025-12-19 14:31:08,661 [ERROR] LogOutputStream:75 - [STDERR_REDIRECT] 	at java.desktop/java.awt.AWTEventMulticaster.mousePressed(AWTEventMulticaster.java:288)
2025-12-19 14:31:08,662 [ERROR] LogOutputStream:75 - [STDERR_REDIRECT] 	at java.desktop/java.awt.Component.processMouseEvent(Component.java:6618)
2025-12-19 14:31:08,662 [ERROR] LogOutputStream:75 - [STDERR_REDIRECT] 	at java.desktop/javax.swing.JComponent.processMouseEvent(JComponent.java:3398)
2025-12-19 14:31:08,662 [ERROR] LogOutputStream:75 - [STDERR_REDIRECT] 	at java.desktop/java.awt.Component.processEvent(Component.java:6386)
2025-12-19 14:31:08,663 [ERROR] LogOutputStream:75 - [STDERR_REDIRECT] 	at java.desktop/java.awt.Container.processEvent(Container.java:2266)
2025-12-19 14:31:08,663 [ERROR] LogOutputStream:75 - [STDERR_REDIRECT] 	at java.desktop/java.awt.Component.dispatchEventImpl(Component.java:4996)
2025-12-19 14:31:08,663 [ERROR] LogOutputStream:75 - [STDERR_REDIRECT] 	at java.desktop/java.awt.Container.dispatchEventImpl(Container.java:2324)
2025-12-19 14:31:08,664 [ERROR] LogOutputStream:75 - [STDERR_REDIRECT] 	at java.desktop/java.awt.Component.dispatchEvent(Component.java:4828)
2025-12-19 14:31:08,664 [ERROR] LogOutputStream:75 - [STDERR_REDIRECT] 	at java.desktop/java.awt.LightweightDispatcher.retargetMouseEvent(Container.java:4948)
2025-12-19 14:31:08,665 [ERROR] LogOutputStream:75 - [STDERR_REDIRECT] 	at java.desktop/java.awt.LightweightDispatcher.processMouseEvent(Container.java:4572)
2025-12-19 14:31:08,665 [ERROR] LogOutputStream:75 - [STDERR_REDIRECT] 	at java.desktop/java.awt.LightweightDispatcher.dispatchEvent(Container.java:4516)
2025-12-19 14:31:08,665 [ERROR] LogOutputStream:75 - [STDERR_REDIRECT] 	at java.desktop/java.awt.Container.dispatchEventImpl(Container.java:2310)
2025-12-19 14:31:08,666 [ERROR] LogOutputStream:75 - [STDERR_REDIRECT] 	at java.desktop/java.awt.Component.dispatchEvent(Component.java:4828)
2025-12-19 14:31:08,666 [ERROR] LogOutputStream:75 - [STDERR_REDIRECT] 	at java.desktop/java.awt.EventQueue.dispatchEventImpl(EventQueue.java:775)
2025-12-19 14:31:08,667 [ERROR] LogOutputStream:75 - [STDERR_REDIRECT] 	at java.desktop/java.awt.EventQueue$4.run(EventQueue.java:720)
2025-12-19 14:31:08,667 [ERROR] LogOutputStream:75 - [STDERR_REDIRECT] 	at java.desktop/java.awt.EventQueue$4.run(EventQueue.java:714)
2025-12-19 14:31:08,667 [ERROR] LogOutputStream:75 - [STDERR_REDIRECT] 	at java.base/java.security.AccessController.doPrivileged(AccessController.java:400)
2025-12-19 14:31:08,668 [ERROR] LogOutputStream:75 - [STDERR_REDIRECT] 	at java.base/java.security.ProtectionDomain$JavaSecurityAccessImpl.doIntersectionPrivilege(ProtectionDomain.java:87)
2025-12-19 14:31:08,668 [ERROR] LogOutputStream:75 - [STDERR_REDIRECT] 	at java.base/java.security.ProtectionDomain$JavaSecurityAccessImpl.doIntersectionPrivilege(ProtectionDomain.java:98)
2025-12-19 14:31:08,669 [ERROR] LogOutputStream:75 - [STDERR_REDIRECT] 	at java.desktop/java.awt.EventQueue$5.run(EventQueue.java:747)
2025-12-19 14:31:08,669 [ERROR] LogOutputStream:75 - [STDERR_REDIRECT] 	at java.desktop/java.awt.EventQueue$5.run(EventQueue.java:745)
2025-12-19 14:31:08,670 [ERROR] LogOutputStream:75 - [STDERR_REDIRECT] 	at java.base/java.security.AccessController.doPrivileged(AccessController.java:400)
2025-12-19 14:31:08,670 [ERROR] LogOutputStream:75 - [STDERR_REDIRECT] 	at java.base/java.security.ProtectionDomain$JavaSecurityAccessImpl.doIntersectionPrivilege(ProtectionDomain.java:87)
2025-12-19 14:31:08,670 [ERROR] LogOutputStream:75 - [STDERR_REDIRECT] 	at java.desktop/java.awt.EventQueue.dispatchEvent(EventQueue.java:744)
2025-12-19 14:31:08,671 [ERROR] LogOutputStream:75 - [STDERR_REDIRECT] 	at java.desktop/java.awt.EventDispatchThread.pumpOneEventForFilters(EventDispatchThread.java:203)
2025-12-19 14:31:08,673 [ERROR] LogOutputStream:75 - [STDERR_REDIRECT] 	at java.desktop/java.awt.EventDispatchThread.pumpEventsForFilter(EventDispatchThread.java:124)
2025-12-19 14:31:08,673 [ERROR] LogOutputStream:75 - [STDERR_REDIRECT] 	at java.desktop/java.awt.EventDispatchThread.pumpEventsForHierarchy(EventDispatchThread.java:113)
2025-12-19 14:31:08,673 [ERROR] LogOutputStream:75 - [STDERR_REDIRECT] 	at java.desktop/java.awt.EventDispatchThread.pumpEvents(EventDispatchThread.java:109)
2025-12-19 14:31:08,674 [ERROR] LogOutputStream:75 - [STDERR_REDIRECT] 	at java.desktop/java.awt.EventDispatchThread.pumpEvents(EventDispatchThread.java:101)
2025-12-19 14:31:08,674 [ERROR] LogOutputStream:75 - [STDERR_REDIRECT] 	at java.desktop/java.awt.EventDispatchThread.run(EventDispatchThread.java:90)
2025-12-19 14:31:08,792 [ERROR] LogOutputStream:75 - [STDERR_REDIRECT] Exception in thread "AWT-EventQueue-0" java.lang.ClassCastException: class java.lang.String cannot be cast to class java.lang.Integer (java.lang.String and java.lang.Integer are in module java.base of loader 'bootstrap')
2025-12-19 14:31:08,793 [ERROR] LogOutputStream:75 - [STDERR_REDIRECT] 	at com.st.microxplorer.plugins.ip.nvic.NvicPanel.cellChanged(NvicPanel.java:1110)
2025-12-19 14:31:08,794 [ERROR] LogOutputStream:75 - [STDERR_REDIRECT] 	at com.st.microxplorer.plugins.ip.nvic.NvicTableModel.setValueAt(NvicTableModel.java:98)
2025-12-19 14:31:08,794 [ERROR] LogOutputStream:75 - [STDERR_REDIRECT] 	at com.st.microxplorer.plugins.ip.nvic.NvicTable.setValueAt(NvicTable.java:688)
2025-12-19 14:31:08,794 [ERROR] LogOutputStream:75 - [STDERR_REDIRECT] 	at java.desktop/javax.swing.JTable.editingStopped(JTable.java:4791)
2025-12-19 14:31:08,795 [ERROR] LogOutputStream:75 - [STDERR_REDIRECT] 	at java.desktop/javax.swing.AbstractCellEditor.fireEditingStopped(AbstractCellEditor.java:152)
2025-12-19 14:31:08,795 [ERROR] LogOutputStream:75 - [STDERR_REDIRECT] 	at java.desktop/javax.swing.DefaultCellEditor$EditorDelegate.stopCellEditing(DefaultCellEditor.java:375)
2025-12-19 14:31:08,796 [ERROR] LogOutputStream:75 - [STDERR_REDIRECT] 	at java.desktop/javax.swing.DefaultCellEditor.stopCellEditing(DefaultCellEditor.java:234)
2025-12-19 14:31:08,796 [ERROR] LogOutputStream:75 - [STDERR_REDIRECT] 	at com.st.components.swing.EachRowEditor.stopCellEditing(EachRowEditor.java:124)
2025-12-19 14:31:08,797 [ERROR] LogOutputStream:75 - [STDERR_REDIRECT] 	at java.desktop/javax.swing.plaf.basic.BasicTableUI$Handler.mousePressed(BasicTableUI.java:1040)
2025-12-19 14:31:08,797 [ERROR] LogOutputStream:75 - [STDERR_REDIRECT] 	at java.desktop/java.awt.AWTEventMulticaster.mousePressed(AWTEventMulticaster.java:288)
2025-12-19 14:31:08,798 [ERROR] LogOutputStream:75 - [STDERR_REDIRECT] 	at java.desktop/java.awt.Component.processMouseEvent(Component.java:6618)
2025-12-19 14:31:08,798 [ERROR] LogOutputStream:75 - [STDERR_REDIRECT] 	at java.desktop/javax.swing.JComponent.processMouseEvent(JComponent.java:3398)
2025-12-19 14:31:08,798 [ERROR] LogOutputStream:75 - [STDERR_REDIRECT] 	at java.desktop/java.awt.Component.processEvent(Component.java:6386)
2025-12-19 14:31:08,799 [ERROR] LogOutputStream:75 - [STDERR_REDIRECT] 	at java.desktop/java.awt.Container.processEvent(Container.java:2266)
2025-12-19 14:31:08,799 [ERROR] LogOutputStream:75 - [STDERR_REDIRECT] 	at java.desktop/java.awt.Component.dispatchEventImpl(Component.java:4996)
2025-12-19 14:31:08,799 [ERROR] LogOutputStream:75 - [STDERR_REDIRECT] 	at java.desktop/java.awt.Container.dispatchEventImpl(Container.java:2324)
2025-12-19 14:31:08,800 [ERROR] LogOutputStream:75 - [STDERR_REDIRECT] 	at java.desktop/java.awt.Component.dispatchEvent(Component.java:4828)
2025-12-19 14:31:08,800 [ERROR] LogOutputStream:75 - [STDERR_REDIRECT] 	at java.desktop/java.awt.LightweightDispatcher.retargetMouseEvent(Container.java:4948)
2025-12-19 14:31:08,800 [ERROR] LogOutputStream:75 - [STDERR_REDIRECT] 	at java.desktop/java.awt.LightweightDispatcher.processMouseEvent(Container.java:4572)
2025-12-19 14:31:08,801 [ERROR] LogOutputStream:75 - [STDERR_REDIRECT] 	at java.desktop/java.awt.LightweightDispatcher.dispatchEvent(Container.java:4516)
2025-12-19 14:31:08,801 [ERROR] LogOutputStream:75 - [STDERR_REDIRECT] 	at java.desktop/java.awt.Container.dispatchEventImpl(Container.java:2310)
2025-12-19 14:31:08,802 [ERROR] LogOutputStream:75 - [STDERR_REDIRECT] 	at java.desktop/java.awt.Component.dispatchEvent(Component.java:4828)
2025-12-19 14:31:08,802 [ERROR] LogOutputStream:75 - [STDERR_REDIRECT] 	at java.desktop/java.awt.EventQueue.dispatchEventImpl(EventQueue.java:775)
2025-12-19 14:31:08,802 [ERROR] LogOutputStream:75 - [STDERR_REDIRECT] 	at java.desktop/java.awt.EventQueue$4.run(EventQueue.java:720)
2025-12-19 14:31:08,803 [ERROR] LogOutputStream:75 - [STDERR_REDIRECT] 	at java.desktop/java.awt.EventQueue$4.run(EventQueue.java:714)
2025-12-19 14:31:08,803 [ERROR] LogOutputStream:75 - [STDERR_REDIRECT] 	at java.base/java.security.AccessController.doPrivileged(AccessController.java:400)
2025-12-19 14:31:08,804 [ERROR] LogOutputStream:75 - [STDERR_REDIRECT] 	at java.base/java.security.ProtectionDomain$JavaSecurityAccessImpl.doIntersectionPrivilege(ProtectionDomain.java:87)
2025-12-19 14:31:08,804 [ERROR] LogOutputStream:75 - [STDERR_REDIRECT] 	at java.base/java.security.ProtectionDomain$JavaSecurityAccessImpl.doIntersectionPrivilege(ProtectionDomain.java:98)
2025-12-19 14:31:08,804 [ERROR] LogOutputStream:75 - [STDERR_REDIRECT] 	at java.desktop/java.awt.EventQueue$5.run(EventQueue.java:747)
2025-12-19 14:31:08,804 [ERROR] LogOutputStream:75 - [STDERR_REDIRECT] 	at java.desktop/java.awt.EventQueue$5.run(EventQueue.java:745)
2025-12-19 14:31:08,805 [ERROR] LogOutputStream:75 - [STDERR_REDIRECT] 	at java.base/java.security.AccessController.doPrivileged(AccessController.java:400)
2025-12-19 14:31:08,806 [ERROR] LogOutputStream:75 - [STDERR_REDIRECT] 	at java.base/java.security.ProtectionDomain$JavaSecurityAccessImpl.doIntersectionPrivilege(ProtectionDomain.java:87)
2025-12-19 14:31:08,806 [ERROR] LogOutputStream:75 - [STDERR_REDIRECT] 	at java.desktop/java.awt.EventQueue.dispatchEvent(EventQueue.java:744)
2025-12-19 14:31:08,807 [ERROR] LogOutputStream:75 - [STDERR_REDIRECT] 	at java.desktop/java.awt.EventDispatchThread.pumpOneEventForFilters(EventDispatchThread.java:203)
2025-12-19 14:31:08,807 [ERROR] LogOutputStream:75 - [STDERR_REDIRECT] 	at java.desktop/java.awt.EventDispatchThread.pumpEventsForFilter(EventDispatchThread.java:124)
2025-12-19 14:31:08,807 [ERROR] LogOutputStream:75 - [STDERR_REDIRECT] 	at java.desktop/java.awt.EventDispatchThread.pumpEventsForHierarchy(EventDispatchThread.java:113)
2025-12-19 14:31:08,808 [ERROR] LogOutputStream:75 - [STDERR_REDIRECT] 	at java.desktop/java.awt.EventDispatchThread.pumpEvents(EventDispatchThread.java:109)
2025-12-19 14:31:08,808 [ERROR] LogOutputStream:75 - [STDERR_REDIRECT] 	at java.desktop/java.awt.EventDispatchThread.pumpEvents(EventDispatchThread.java:101)
2025-12-19 14:31:08,809 [ERROR] LogOutputStream:75 - [STDERR_REDIRECT] 	at java.desktop/java.awt.EventDispatchThread.run(EventDispatchThread.java:90)
2025-12-19 14:31:08,962 [ERROR] LogOutputStream:75 - [STDERR_REDIRECT] Exception in thread "AWT-EventQueue-0" java.lang.ClassCastException: class java.lang.String cannot be cast to class java.lang.Integer (java.lang.String and java.lang.Integer are in module java.base of loader 'bootstrap')
2025-12-19 14:31:08,963 [ERROR] LogOutputStream:75 - [STDERR_REDIRECT] 	at com.st.microxplorer.plugins.ip.nvic.NvicPanel.cellChanged(NvicPanel.java:1110)
2025-12-19 14:31:08,963 [ERROR] LogOutputStream:75 - [STDERR_REDIRECT] 	at com.st.microxplorer.plugins.ip.nvic.NvicTableModel.setValueAt(NvicTableModel.java:98)
2025-12-19 14:31:08,963 [ERROR] LogOutputStream:75 - [STDERR_REDIRECT] 	at com.st.microxplorer.plugins.ip.nvic.NvicTable.setValueAt(NvicTable.java:688)
2025-12-19 14:31:08,963 [ERROR] LogOutputStream:75 - [STDERR_REDIRECT] 	at java.desktop/javax.swing.JTable.editingStopped(JTable.java:4791)
2025-12-19 14:31:08,965 [ERROR] LogOutputStream:75 - [STDERR_REDIRECT] 	at java.desktop/javax.swing.AbstractCellEditor.fireEditingStopped(AbstractCellEditor.java:152)
2025-12-19 14:31:08,965 [ERROR] LogOutputStream:75 - [STDERR_REDIRECT] 	at java.desktop/javax.swing.DefaultCellEditor$EditorDelegate.stopCellEditing(DefaultCellEditor.java:375)
2025-12-19 14:31:08,965 [ERROR] LogOutputStream:75 - [STDERR_REDIRECT] 	at java.desktop/javax.swing.DefaultCellEditor.stopCellEditing(DefaultCellEditor.java:234)
2025-12-19 14:31:08,966 [ERROR] LogOutputStream:75 - [STDERR_REDIRECT] 	at com.st.components.swing.EachRowEditor.stopCellEditing(EachRowEditor.java:124)
2025-12-19 14:31:08,966 [ERROR] LogOutputStream:75 - [STDERR_REDIRECT] 	at java.desktop/javax.swing.plaf.basic.BasicTableUI$Handler.mousePressed(BasicTableUI.java:1040)
2025-12-19 14:31:08,966 [ERROR] LogOutputStream:75 - [STDERR_REDIRECT] 	at java.desktop/java.awt.AWTEventMulticaster.mousePressed(AWTEventMulticaster.java:288)
2025-12-19 14:31:08,966 [ERROR] LogOutputStream:75 - [STDERR_REDIRECT] 	at java.desktop/java.awt.Component.processMouseEvent(Component.java:6618)
2025-12-19 14:31:08,968 [ERROR] LogOutputStream:75 - [STDERR_REDIRECT] 	at java.desktop/javax.swing.JComponent.processMouseEvent(JComponent.java:3398)
2025-12-19 14:31:08,968 [ERROR] LogOutputStream:75 - [STDERR_REDIRECT] 	at java.desktop/java.awt.Component.processEvent(Component.java:6386)
2025-12-19 14:31:08,968 [ERROR] LogOutputStream:75 - [STDERR_REDIRECT] 	at java.desktop/java.awt.Container.processEvent(Container.java:2266)
2025-12-19 14:31:08,969 [ERROR] LogOutputStream:75 - [STDERR_REDIRECT] 	at java.desktop/java.awt.Component.dispatchEventImpl(Component.java:4996)
2025-12-19 14:31:08,969 [ERROR] LogOutputStream:75 - [STDERR_REDIRECT] 	at java.desktop/java.awt.Container.dispatchEventImpl(Container.java:2324)
2025-12-19 14:31:08,969 [ERROR] LogOutputStream:75 - [STDERR_REDIRECT] 	at java.desktop/java.awt.Component.dispatchEvent(Component.java:4828)
2025-12-19 14:31:08,969 [ERROR] LogOutputStream:75 - [STDERR_REDIRECT] 	at java.desktop/java.awt.LightweightDispatcher.retargetMouseEvent(Container.java:4948)
2025-12-19 14:31:08,971 [ERROR] LogOutputStream:75 - [STDERR_REDIRECT] 	at java.desktop/java.awt.LightweightDispatcher.processMouseEvent(Container.java:4572)
2025-12-19 14:31:08,971 [ERROR] LogOutputStream:75 - [STDERR_REDIRECT] 	at java.desktop/java.awt.LightweightDispatcher.dispatchEvent(Container.java:4516)
2025-12-19 14:31:08,971 [ERROR] LogOutputStream:75 - [STDERR_REDIRECT] 	at java.desktop/java.awt.Container.dispatchEventImpl(Container.java:2310)
2025-12-19 14:31:08,971 [ERROR] LogOutputStream:75 - [STDERR_REDIRECT] 	at java.desktop/java.awt.Component.dispatchEvent(Component.java:4828)
2025-12-19 14:31:08,972 [ERROR] LogOutputStream:75 - [STDERR_REDIRECT] 	at java.desktop/java.awt.EventQueue.dispatchEventImpl(EventQueue.java:775)
2025-12-19 14:31:08,972 [ERROR] LogOutputStream:75 - [STDERR_REDIRECT] 	at java.desktop/java.awt.EventQueue$4.run(EventQueue.java:720)
2025-12-19 14:31:08,972 [ERROR] LogOutputStream:75 - [STDERR_REDIRECT] 	at java.desktop/java.awt.EventQueue$4.run(EventQueue.java:714)
2025-12-19 14:31:08,973 [ERROR] LogOutputStream:75 - [STDERR_REDIRECT] 	at java.base/java.security.AccessController.doPrivileged(AccessController.java:400)
2025-12-19 14:31:08,973 [ERROR] LogOutputStream:75 - [STDERR_REDIRECT] 	at java.base/java.security.ProtectionDomain$JavaSecurityAccessImpl.doIntersectionPrivilege(ProtectionDomain.java:87)
2025-12-19 14:31:08,974 [ERROR] LogOutputStream:75 - [STDERR_REDIRECT] 	at java.base/java.security.ProtectionDomain$JavaSecurityAccessImpl.doIntersectionPrivilege(ProtectionDomain.java:98)
2025-12-19 14:31:08,974 [ERROR] LogOutputStream:75 - [STDERR_REDIRECT] 	at java.desktop/java.awt.EventQueue$5.run(EventQueue.java:747)
2025-12-19 14:31:08,974 [ERROR] LogOutputStream:75 - [STDERR_REDIRECT] 	at java.desktop/java.awt.EventQueue$5.run(EventQueue.java:745)
2025-12-19 14:31:08,975 [ERROR] LogOutputStream:75 - [STDERR_REDIRECT] 	at java.base/java.security.AccessController.doPrivileged(AccessController.java:400)
2025-12-19 14:31:08,975 [ERROR] LogOutputStream:75 - [STDERR_REDIRECT] 	at java.base/java.security.ProtectionDomain$JavaSecurityAccessImpl.doIntersectionPrivilege(ProtectionDomain.java:87)
2025-12-19 14:31:08,976 [ERROR] LogOutputStream:75 - [STDERR_REDIRECT] 	at java.desktop/java.awt.EventQueue.dispatchEvent(EventQueue.java:744)
2025-12-19 14:31:08,976 [ERROR] LogOutputStream:75 - [STDERR_REDIRECT] 	at java.desktop/java.awt.EventDispatchThread.pumpOneEventForFilters(EventDispatchThread.java:203)
2025-12-19 14:31:08,977 [ERROR] LogOutputStream:75 - [STDERR_REDIRECT] 	at java.desktop/java.awt.EventDispatchThread.pumpEventsForFilter(EventDispatchThread.java:124)
2025-12-19 14:31:08,977 [ERROR] LogOutputStream:75 - [STDERR_REDIRECT] 	at java.desktop/java.awt.EventDispatchThread.pumpEventsForHierarchy(EventDispatchThread.java:113)
2025-12-19 14:31:08,978 [ERROR] LogOutputStream:75 - [STDERR_REDIRECT] 	at java.desktop/java.awt.EventDispatchThread.pumpEvents(EventDispatchThread.java:109)
2025-12-19 14:31:08,978 [ERROR] LogOutputStream:75 - [STDERR_REDIRECT] 	at java.desktop/java.awt.EventDispatchThread.pumpEvents(EventDispatchThread.java:101)
2025-12-19 14:31:08,978 [ERROR] LogOutputStream:75 - [STDERR_REDIRECT] 	at java.desktop/java.awt.EventDispatchThread.run(EventDispatchThread.java:90)
2025-12-19 14:31:13,372 [ERROR] LogOutputStream:75 - [STDERR_REDIRECT] java.lang.Error: no ComponentUI class for: com.st.microxplorer.plugins.ip.nvic.CheckBoxHeader[,0,0,0x0,invalid,alignmentX=0.0,alignmentY=0.0,border=,flags=0,maximumSize=,minimumSize=,preferredSize=,defaultIcon=,disabledIcon=,disabledSelectedIcon=,margin=null,paintBorder=true,paintFocus=true,pressedIcon=,rolloverEnabled=false,rolloverIcon=,rolloverSelectedIcon=,selectedIcon=,text=]
2025-12-19 14:31:13,372 [ERROR] LogOutputStream:75 - [STDERR_REDIRECT] 	at java.desktop/javax.swing.UIDefaults.getUIError(UIDefaults.java:763)
2025-12-19 14:31:13,373 [ERROR] LogOutputStream:75 - [STDERR_REDIRECT] 	at java.desktop/javax.swing.MultiUIDefaults.getUIError(MultiUIDefaults.java:144)
2025-12-19 14:31:13,373 [ERROR] LogOutputStream:75 - [STDERR_REDIRECT] 	at java.desktop/javax.swing.UIDefaults.getUI(UIDefaults.java:793)
2025-12-19 14:31:13,374 [ERROR] LogOutputStream:75 - [STDERR_REDIRECT] 	at java.desktop/javax.swing.UIManager.getUI(UIManager.java:1070)
2025-12-19 14:31:13,374 [ERROR] LogOutputStream:75 - [STDERR_REDIRECT] 	at java.desktop/javax.swing.JCheckBox.updateUI(JCheckBox.java:228)
2025-12-19 14:31:13,375 [ERROR] LogOutputStream:75 - [STDERR_REDIRECT] 	at java.desktop/javax.swing.AbstractButton.init(AbstractButton.java:2141)
2025-12-19 14:31:13,376 [ERROR] LogOutputStream:75 - [STDERR_REDIRECT] 	at java.desktop/javax.swing.JToggleButton.<init>(JToggleButton.java:187)
2025-12-19 14:31:13,376 [ERROR] LogOutputStream:75 - [STDERR_REDIRECT] 	at java.desktop/javax.swing.JCheckBox.<init>(JCheckBox.java:176)
2025-12-19 14:31:13,377 [ERROR] LogOutputStream:75 - [STDERR_REDIRECT] 	at java.desktop/javax.swing.JCheckBox.<init>(JCheckBox.java:97)
2025-12-19 14:31:13,377 [ERROR] LogOutputStream:75 - [STDERR_REDIRECT] 	at com.st.microxplorer.plugins.ip.nvic.CheckBoxHeader.<init>(CheckBoxHeader.java:55)
2025-12-19 14:31:13,378 [ERROR] LogOutputStream:75 - [STDERR_REDIRECT] 	at com.st.microxplorer.plugins.ip.nvic.NvicCodeSelectionTable.<init>(NvicCodeSelectionTable.java:75)
2025-12-19 14:31:13,378 [ERROR] LogOutputStream:75 - [STDERR_REDIRECT] 	at com.st.microxplorer.plugins.ip.nvic.NvicCodePanel.initComponents(NvicCodePanel.java:102)
2025-12-19 14:31:13,379 [ERROR] LogOutputStream:75 - [STDERR_REDIRECT] 	at com.st.microxplorer.plugins.ip.nvic.NvicCodePanel.<init>(NvicCodePanel.java:78)
2025-12-19 14:31:13,380 [ERROR] LogOutputStream:75 - [STDERR_REDIRECT] 	at com.st.microxplorer.plugins.ip.nvic.NvicTabbedPanel.<init>(NvicTabbedPanel.java:57)
2025-12-19 14:31:13,380 [ERROR] LogOutputStream:75 - [STDERR_REDIRECT] 	at com.st.microxplorer.plugins.ip.nvic.Nvic.getUI(Nvic.java:73)
2025-12-19 14:31:13,381 [ERROR] LogOutputStream:75 - [STDERR_REDIRECT] 	at com.st.microxplorer.plugins.ipmanager.gui.BlockDiagram.createIpPanel(BlockDiagram.java:424)
2025-12-19 14:31:13,381 [ERROR] LogOutputStream:75 - [STDERR_REDIRECT] 	at com.st.microxplorer.plugins.ipmanager.gui.BlockDiagram.getIPConfigPanel(BlockDiagram.java:574)
2025-12-19 14:31:13,382 [ERROR] LogOutputStream:75 - [STDERR_REDIRECT] 	at com.st.microxplorer.plugins.ipmanager.gui.BlockDiagram.getIPConfigPanel(BlockDiagram.java:480)
2025-12-19 14:31:13,383 [ERROR] LogOutputStream:75 - [STDERR_REDIRECT] 	at com.st.microxplorer.plugins.ipmanager.gui.BlockDiagram.propertyChange(BlockDiagram.java:1410)
2025-12-19 14:31:13,383 [ERROR] LogOutputStream:75 - [STDERR_REDIRECT] 	at java.desktop/java.beans.PropertyChangeSupport.fire(PropertyChangeSupport.java:343)
2025-12-19 14:31:13,384 [ERROR] LogOutputStream:75 - [STDERR_REDIRECT] 	at java.desktop/java.beans.PropertyChangeSupport.firePropertyChange(PropertyChangeSupport.java:335)
2025-12-19 14:31:13,385 [ERROR] LogOutputStream:75 - [STDERR_REDIRECT] 	at java.desktop/java.beans.PropertyChangeSupport.firePropertyChange(PropertyChangeSupport.java:268)
2025-12-19 14:31:13,385 [ERROR] LogOutputStream:75 - [STDERR_REDIRECT] 	at com.st.microxplorer.util.MXPropertyChangeSupport.firePropertyChange(MXPropertyChangeSupport.java:54)
2025-12-19 14:31:13,386 [ERROR] LogOutputStream:75 - [STDERR_REDIRECT] 	at com.st.microxplorer.mxsystem.MxSystem.firePropertyChange(MxSystem.java:357)
2025-12-19 14:31:13,387 [ERROR] LogOutputStream:75 - [STDERR_REDIRECT] 	at com.st.microxplorer.plugins.pinoutconfig.guiV5.PeripheralsSelectionPanel.selectIP(PeripheralsSelectionPanel.java:409)
2025-12-19 14:31:13,388 [ERROR] LogOutputStream:75 - [STDERR_REDIRECT] 	at com.st.microxplorer.plugins.pinoutconfig.guiV5.PeripheralsListListener.mouseClicked(PeripheralsListListener.java:103)
2025-12-19 14:31:13,388 [ERROR] LogOutputStream:75 - [STDERR_REDIRECT] 	at java.desktop/java.awt.AWTEventMulticaster.mouseClicked(AWTEventMulticaster.java:278)
2025-12-19 14:31:13,389 [ERROR] LogOutputStream:75 - [STDERR_REDIRECT] 	at java.desktop/java.awt.Component.processMouseEvent(Component.java:6624)
2025-12-19 14:31:13,389 [ERROR] LogOutputStream:75 - [STDERR_REDIRECT] 	at java.desktop/javax.swing.JComponent.processMouseEvent(JComponent.java:3398)
2025-12-19 14:31:13,390 [ERROR] LogOutputStream:75 - [STDERR_REDIRECT] 	at java.desktop/java.awt.Component.processEvent(Component.java:6386)
2025-12-19 14:31:13,390 [ERROR] LogOutputStream:75 - [STDERR_REDIRECT] 	at java.desktop/java.awt.Container.processEvent(Container.java:2266)
2025-12-19 14:31:13,391 [ERROR] LogOutputStream:75 - [STDERR_REDIRECT] 	at java.desktop/java.awt.Component.dispatchEventImpl(Component.java:4996)
2025-12-19 14:31:13,391 [ERROR] LogOutputStream:75 - [STDERR_REDIRECT] 	at java.desktop/java.awt.Container.dispatchEventImpl(Container.java:2324)
2025-12-19 14:31:13,392 [ERROR] LogOutputStream:75 - [STDERR_REDIRECT] 	at java.desktop/java.awt.Component.dispatchEvent(Component.java:4828)
2025-12-19 14:31:13,392 [ERROR] LogOutputStream:75 - [STDERR_REDIRECT] 	at java.desktop/java.awt.LightweightDispatcher.retargetMouseEvent(Container.java:4948)
2025-12-19 14:31:13,393 [ERROR] LogOutputStream:75 - [STDERR_REDIRECT] 	at java.desktop/java.awt.LightweightDispatcher.processMouseEvent(Container.java:4584)
2025-12-19 14:31:13,394 [ERROR] LogOutputStream:75 - [STDERR_REDIRECT] 	at java.desktop/java.awt.LightweightDispatcher.dispatchEvent(Container.java:4516)
2025-12-19 14:31:13,394 [ERROR] LogOutputStream:75 - [STDERR_REDIRECT] 	at java.desktop/java.awt.Container.dispatchEventImpl(Container.java:2310)
2025-12-19 14:31:13,395 [ERROR] LogOutputStream:75 - [STDERR_REDIRECT] 	at java.desktop/java.awt.Component.dispatchEvent(Component.java:4828)
2025-12-19 14:31:13,395 [ERROR] LogOutputStream:75 - [STDERR_REDIRECT] 	at java.desktop/java.awt.EventQueue.dispatchEventImpl(EventQueue.java:775)
2025-12-19 14:31:13,395 [ERROR] LogOutputStream:75 - [STDERR_REDIRECT] 	at java.desktop/java.awt.EventQueue$4.run(EventQueue.java:720)
2025-12-19 14:31:13,396 [ERROR] LogOutputStream:75 - [STDERR_REDIRECT] 	at java.desktop/java.awt.EventQueue$4.run(EventQueue.java:714)
2025-12-19 14:31:13,398 [ERROR] LogOutputStream:75 - [STDERR_REDIRECT] 	at java.base/java.security.AccessController.doPrivileged(AccessController.java:400)
2025-12-19 14:31:13,398 [ERROR] LogOutputStream:75 - [STDERR_REDIRECT] 	at java.base/java.security.ProtectionDomain$JavaSecurityAccessImpl.doIntersectionPrivilege(ProtectionDomain.java:87)
2025-12-19 14:31:13,398 [ERROR] LogOutputStream:75 - [STDERR_REDIRECT] 	at java.base/java.security.ProtectionDomain$JavaSecurityAccessImpl.doIntersectionPrivilege(ProtectionDomain.java:98)
2025-12-19 14:31:13,398 [ERROR] LogOutputStream:75 - [STDERR_REDIRECT] 	at java.desktop/java.awt.EventQueue$5.run(EventQueue.java:747)
2025-12-19 14:31:13,398 [ERROR] LogOutputStream:75 - [STDERR_REDIRECT] 	at java.desktop/java.awt.EventQueue$5.run(EventQueue.java:745)
2025-12-19 14:31:13,400 [ERROR] LogOutputStream:75 - [STDERR_REDIRECT] 	at java.base/java.security.AccessController.doPrivileged(AccessController.java:400)
2025-12-19 14:31:13,400 [ERROR] LogOutputStream:75 - [STDERR_REDIRECT] 	at java.base/java.security.ProtectionDomain$JavaSecurityAccessImpl.doIntersectionPrivilege(ProtectionDomain.java:87)
2025-12-19 14:31:13,401 [ERROR] LogOutputStream:75 - [STDERR_REDIRECT] 	at java.desktop/java.awt.EventQueue.dispatchEvent(EventQueue.java:744)
2025-12-19 14:31:13,401 [ERROR] LogOutputStream:75 - [STDERR_REDIRECT] 	at java.desktop/java.awt.EventDispatchThread.pumpOneEventForFilters(EventDispatchThread.java:203)
2025-12-19 14:31:13,402 [ERROR] LogOutputStream:75 - [STDERR_REDIRECT] 	at java.desktop/java.awt.EventDispatchThread.pumpEventsForFilter(EventDispatchThread.java:124)
2025-12-19 14:31:13,403 [ERROR] LogOutputStream:75 - [STDERR_REDIRECT] 	at java.desktop/java.awt.EventDispatchThread.pumpEventsForHierarchy(EventDispatchThread.java:113)
2025-12-19 14:31:13,403 [ERROR] LogOutputStream:75 - [STDERR_REDIRECT] 	at java.desktop/java.awt.EventDispatchThread.pumpEvents(EventDispatchThread.java:109)
2025-12-19 14:31:13,404 [ERROR] LogOutputStream:75 - [STDERR_REDIRECT] 	at java.desktop/java.awt.EventDispatchThread.pumpEvents(EventDispatchThread.java:101)
2025-12-19 14:31:13,404 [ERROR] LogOutputStream:75 - [STDERR_REDIRECT] 	at java.desktop/java.awt.EventDispatchThread.run(EventDispatchThread.java:90)
2025-12-19 14:31:13,407 [ERROR] LogOutputStream:75 - [STDERR_REDIRECT] java.lang.Error: no ComponentUI class for: com.st.microxplorer.plugins.ip.nvic.CheckBoxHeader[,0,0,0x0,invalid,alignmentX=0.0,alignmentY=0.0,border=,flags=0,maximumSize=,minimumSize=,preferredSize=,defaultIcon=,disabledIcon=,disabledSelectedIcon=,margin=null,paintBorder=true,paintFocus=true,pressedIcon=,rolloverEnabled=false,rolloverIcon=,rolloverSelectedIcon=,selectedIcon=,text=]
2025-12-19 14:31:13,408 [ERROR] LogOutputStream:75 - [STDERR_REDIRECT] 	at java.desktop/javax.swing.UIDefaults.getUIError(UIDefaults.java:763)
2025-12-19 14:31:13,408 [ERROR] LogOutputStream:75 - [STDERR_REDIRECT] 	at java.desktop/javax.swing.MultiUIDefaults.getUIError(MultiUIDefaults.java:144)
2025-12-19 14:31:13,409 [ERROR] LogOutputStream:75 - [STDERR_REDIRECT] 	at java.desktop/javax.swing.UIDefaults.getUI(UIDefaults.java:793)
2025-12-19 14:31:13,409 [ERROR] LogOutputStream:75 - [STDERR_REDIRECT] 	at java.desktop/javax.swing.UIManager.getUI(UIManager.java:1070)
2025-12-19 14:31:13,409 [ERROR] LogOutputStream:75 - [STDERR_REDIRECT] 	at java.desktop/javax.swing.JCheckBox.updateUI(JCheckBox.java:228)
2025-12-19 14:31:13,410 [ERROR] LogOutputStream:75 - [STDERR_REDIRECT] 	at java.desktop/javax.swing.AbstractButton.init(AbstractButton.java:2141)
2025-12-19 14:31:13,410 [ERROR] LogOutputStream:75 - [STDERR_REDIRECT] 	at java.desktop/javax.swing.JToggleButton.<init>(JToggleButton.java:187)
2025-12-19 14:31:13,411 [ERROR] LogOutputStream:75 - [STDERR_REDIRECT] 	at java.desktop/javax.swing.JCheckBox.<init>(JCheckBox.java:176)
2025-12-19 14:31:13,411 [ERROR] LogOutputStream:75 - [STDERR_REDIRECT] 	at java.desktop/javax.swing.JCheckBox.<init>(JCheckBox.java:97)
2025-12-19 14:31:13,412 [ERROR] LogOutputStream:75 - [STDERR_REDIRECT] 	at com.st.microxplorer.plugins.ip.nvic.CheckBoxHeader.<init>(CheckBoxHeader.java:55)
2025-12-19 14:31:13,412 [ERROR] LogOutputStream:75 - [STDERR_REDIRECT] 	at com.st.microxplorer.plugins.ip.nvic.NvicCodeSelectionTable.<init>(NvicCodeSelectionTable.java:78)
2025-12-19 14:31:13,413 [ERROR] LogOutputStream:75 - [STDERR_REDIRECT] 	at com.st.microxplorer.plugins.ip.nvic.NvicCodePanel.initComponents(NvicCodePanel.java:102)
2025-12-19 14:31:13,413 [ERROR] LogOutputStream:75 - [STDERR_REDIRECT] 	at com.st.microxplorer.plugins.ip.nvic.NvicCodePanel.<init>(NvicCodePanel.java:78)
2025-12-19 14:31:13,414 [ERROR] LogOutputStream:75 - [STDERR_REDIRECT] 	at com.st.microxplorer.plugins.ip.nvic.NvicTabbedPanel.<init>(NvicTabbedPanel.java:57)
2025-12-19 14:31:13,414 [ERROR] LogOutputStream:75 - [STDERR_REDIRECT] 	at com.st.microxplorer.plugins.ip.nvic.Nvic.getUI(Nvic.java:73)
2025-12-19 14:31:13,415 [ERROR] LogOutputStream:75 - [STDERR_REDIRECT] 	at com.st.microxplorer.plugins.ipmanager.gui.BlockDiagram.createIpPanel(BlockDiagram.java:424)
2025-12-19 14:31:13,415 [ERROR] LogOutputStream:75 - [STDERR_REDIRECT] 	at com.st.microxplorer.plugins.ipmanager.gui.BlockDiagram.getIPConfigPanel(BlockDiagram.java:574)
2025-12-19 14:31:13,416 [ERROR] LogOutputStream:75 - [STDERR_REDIRECT] 	at com.st.microxplorer.plugins.ipmanager.gui.BlockDiagram.getIPConfigPanel(BlockDiagram.java:480)
2025-12-19 14:31:13,417 [ERROR] LogOutputStream:75 - [STDERR_REDIRECT] 	at com.st.microxplorer.plugins.ipmanager.gui.BlockDiagram.propertyChange(BlockDiagram.java:1410)
2025-12-19 14:31:13,417 [ERROR] LogOutputStream:75 - [STDERR_REDIRECT] 	at java.desktop/java.beans.PropertyChangeSupport.fire(PropertyChangeSupport.java:343)
2025-12-19 14:31:13,418 [ERROR] LogOutputStream:75 - [STDERR_REDIRECT] 	at java.desktop/java.beans.PropertyChangeSupport.firePropertyChange(PropertyChangeSupport.java:335)
2025-12-19 14:31:13,418 [ERROR] LogOutputStream:75 - [STDERR_REDIRECT] 	at java.desktop/java.beans.PropertyChangeSupport.firePropertyChange(PropertyChangeSupport.java:268)
2025-12-19 14:31:13,419 [ERROR] LogOutputStream:75 - [STDERR_REDIRECT] 	at com.st.microxplorer.util.MXPropertyChangeSupport.firePropertyChange(MXPropertyChangeSupport.java:54)
2025-12-19 14:31:13,419 [ERROR] LogOutputStream:75 - [STDERR_REDIRECT] 	at com.st.microxplorer.mxsystem.MxSystem.firePropertyChange(MxSystem.java:357)
2025-12-19 14:31:13,421 [ERROR] LogOutputStream:75 - [STDERR_REDIRECT] 	at com.st.microxplorer.plugins.pinoutconfig.guiV5.PeripheralsSelectionPanel.selectIP(PeripheralsSelectionPanel.java:409)
2025-12-19 14:31:13,422 [ERROR] LogOutputStream:75 - [STDERR_REDIRECT] 	at com.st.microxplorer.plugins.pinoutconfig.guiV5.PeripheralsListListener.mouseClicked(PeripheralsListListener.java:103)
2025-12-19 14:31:13,422 [ERROR] LogOutputStream:75 - [STDERR_REDIRECT] 	at java.desktop/java.awt.AWTEventMulticaster.mouseClicked(AWTEventMulticaster.java:278)
2025-12-19 14:31:13,423 [ERROR] LogOutputStream:75 - [STDERR_REDIRECT] 	at java.desktop/java.awt.Component.processMouseEvent(Component.java:6624)
2025-12-19 14:31:13,423 [ERROR] LogOutputStream:75 - [STDERR_REDIRECT] 	at java.desktop/javax.swing.JComponent.processMouseEvent(JComponent.java:3398)
2025-12-19 14:31:13,424 [ERROR] LogOutputStream:75 - [STDERR_REDIRECT] 	at java.desktop/java.awt.Component.processEvent(Component.java:6386)
2025-12-19 14:31:13,424 [ERROR] LogOutputStream:75 - [STDERR_REDIRECT] 	at java.desktop/java.awt.Container.processEvent(Container.java:2266)
2025-12-19 14:31:13,425 [ERROR] LogOutputStream:75 - [STDERR_REDIRECT] 	at java.desktop/java.awt.Component.dispatchEventImpl(Component.java:4996)
2025-12-19 14:31:13,425 [ERROR] LogOutputStream:75 - [STDERR_REDIRECT] 	at java.desktop/java.awt.Container.dispatchEventImpl(Container.java:2324)
2025-12-19 14:31:13,425 [ERROR] LogOutputStream:75 - [STDERR_REDIRECT] 	at java.desktop/java.awt.Component.dispatchEvent(Component.java:4828)
2025-12-19 14:31:13,426 [ERROR] LogOutputStream:75 - [STDERR_REDIRECT] 	at java.desktop/java.awt.LightweightDispatcher.retargetMouseEvent(Container.java:4948)
2025-12-19 14:31:13,426 [ERROR] LogOutputStream:75 - [STDERR_REDIRECT] 	at java.desktop/java.awt.LightweightDispatcher.processMouseEvent(Container.java:4584)
2025-12-19 14:31:13,427 [ERROR] LogOutputStream:75 - [STDERR_REDIRECT] 	at java.desktop/java.awt.LightweightDispatcher.dispatchEvent(Container.java:4516)
2025-12-19 14:31:13,427 [ERROR] LogOutputStream:75 - [STDERR_REDIRECT] 	at java.desktop/java.awt.Container.dispatchEventImpl(Container.java:2310)
2025-12-19 14:31:13,428 [ERROR] LogOutputStream:75 - [STDERR_REDIRECT] 	at java.desktop/java.awt.Component.dispatchEvent(Component.java:4828)
2025-12-19 14:31:13,428 [ERROR] LogOutputStream:75 - [STDERR_REDIRECT] 	at java.desktop/java.awt.EventQueue.dispatchEventImpl(EventQueue.java:775)
2025-12-19 14:31:13,429 [ERROR] LogOutputStream:75 - [STDERR_REDIRECT] 	at java.desktop/java.awt.EventQueue$4.run(EventQueue.java:720)
2025-12-19 14:31:13,429 [ERROR] LogOutputStream:75 - [STDERR_REDIRECT] 	at java.desktop/java.awt.EventQueue$4.run(EventQueue.java:714)
2025-12-19 14:31:13,430 [ERROR] LogOutputStream:75 - [STDERR_REDIRECT] 	at java.base/java.security.AccessController.doPrivileged(AccessController.java:400)
2025-12-19 14:31:13,430 [ERROR] LogOutputStream:75 - [STDERR_REDIRECT] 	at java.base/java.security.ProtectionDomain$JavaSecurityAccessImpl.doIntersectionPrivilege(ProtectionDomain.java:87)
2025-12-19 14:31:13,431 [ERROR] LogOutputStream:75 - [STDERR_REDIRECT] 	at java.base/java.security.ProtectionDomain$JavaSecurityAccessImpl.doIntersectionPrivilege(ProtectionDomain.java:98)
2025-12-19 14:31:13,431 [ERROR] LogOutputStream:75 - [STDERR_REDIRECT] 	at java.desktop/java.awt.EventQueue$5.run(EventQueue.java:747)
2025-12-19 14:31:13,432 [ERROR] LogOutputStream:75 - [STDERR_REDIRECT] 	at java.desktop/java.awt.EventQueue$5.run(EventQueue.java:745)
2025-12-19 14:31:13,432 [ERROR] LogOutputStream:75 - [STDERR_REDIRECT] 	at java.base/java.security.AccessController.doPrivileged(AccessController.java:400)
2025-12-19 14:31:13,433 [ERROR] LogOutputStream:75 - [STDERR_REDIRECT] 	at java.base/java.security.ProtectionDomain$JavaSecurityAccessImpl.doIntersectionPrivilege(ProtectionDomain.java:87)
2025-12-19 14:31:13,433 [ERROR] LogOutputStream:75 - [STDERR_REDIRECT] 	at java.desktop/java.awt.EventQueue.dispatchEvent(EventQueue.java:744)
2025-12-19 14:31:13,434 [ERROR] LogOutputStream:75 - [STDERR_REDIRECT] 	at java.desktop/java.awt.EventDispatchThread.pumpOneEventForFilters(EventDispatchThread.java:203)
2025-12-19 14:31:13,434 [ERROR] LogOutputStream:75 - [STDERR_REDIRECT] 	at java.desktop/java.awt.EventDispatchThread.pumpEventsForFilter(EventDispatchThread.java:124)
2025-12-19 14:31:13,435 [ERROR] LogOutputStream:75 - [STDERR_REDIRECT] 	at java.desktop/java.awt.EventDispatchThread.pumpEventsForHierarchy(EventDispatchThread.java:113)
2025-12-19 14:31:13,435 [ERROR] LogOutputStream:75 - [STDERR_REDIRECT] 	at java.desktop/java.awt.EventDispatchThread.pumpEvents(EventDispatchThread.java:109)
2025-12-19 14:31:13,436 [ERROR] LogOutputStream:75 - [STDERR_REDIRECT] 	at java.desktop/java.awt.EventDispatchThread.pumpEvents(EventDispatchThread.java:101)
2025-12-19 14:31:13,437 [ERROR] LogOutputStream:75 - [STDERR_REDIRECT] 	at java.desktop/java.awt.EventDispatchThread.run(EventDispatchThread.java:90)
2025-12-19 14:31:56,683 [INFO] UtilMem:75 - End SaveConfig() Used Memory: 939854504 Bytes (1073741824)
2025-12-19 14:31:58,227 [INFO] LogOutputStream:77 - [STDOUT_REDIRECT] This download action requires prior login. To proceed, please use the 'login' command with your my.st.com account email and password.
2025-12-19 14:31:58,228 [INFO] LogOutputStream:77 - [STDOUT_REDIRECT] Run 'login <email> <password> <remember_me>' for example 'login john.smith@st.com mypassword y'.
2025-12-19 14:31:58,230 [INFO] LogOutputStream:77 - [STDOUT_REDIRECT] If you do not have a my.st.com account, please visit https://st.com website to create one.
2025-12-19 14:48:02,918 [WARN] IP:2251 - ClockDivider not found: check if there is a RefParameter without a condition.
2025-12-19 14:48:02,918 [WARN] IP:2251 - ClockDividerCCU not found: check if there is a RefParameter without a condition.
2025-12-19 14:48:02,918 [WARN] IP:2251 - MinOscClkPeriodsCCU not found: check if there is a RefParameter without a condition.
2025-12-19 14:48:02,918 [WARN] IP:2251 - TimeQuantaPerBitTimeCCU not found: check if there is a RefParameter without a condition.
2025-12-19 14:48:02,918 [WARN] IP:2251 - WatchdogStartValueCCU not found: check if there is a RefParameter without a condition.
2025-12-19 14:48:03,000 [INFO] NvicIntPanel:101 - NVIC parent = com.st.microxplorer.plugins.ip.nvic.MultiNvicIntPanel[,0,0,0x0,invalid,layout=javax.swing.BoxLayout,alignmentX=0.0,alignmentY=0.0,border=,flags=9,maximumSize=,minimumSize=,preferredSize=]
2025-12-19 14:50:32,629 [INFO] LogOutputStream:77 - [STDOUT_REDIRECT] Nominal 
2025-12-19 14:50:32,695 [INFO] I2cTimingTraitement:330 - 0x00000E14
2025-12-19 14:50:32,713 [INFO] I2cTimingTraitement:330 - 0x00000E14
2025-12-19 14:51:56,614 [INFO] Gpio:277 - dependency for GPIO [DEBUG, FDCAN1, FMC, I2C2, I2C4, LTDC, QUADSPI, RCC, SDMMC2]
2025-12-19 14:52:42,913 [INFO] UtilMem:75 - End SaveConfig() Used Memory: 947777568 Bytes (1073741824)
2025-12-19 14:52:44,554 [INFO] LogOutputStream:77 - [STDOUT_REDIRECT] This download action requires prior login. To proceed, please use the 'login' command with your my.st.com account email and password.
2025-12-19 14:52:44,555 [INFO] LogOutputStream:77 - [STDOUT_REDIRECT] Run 'login <email> <password> <remember_me>' for example 'login john.smith@st.com mypassword y'.
2025-12-19 14:52:44,558 [INFO] LogOutputStream:77 - [STDOUT_REDIRECT] If you do not have a my.st.com account, please visit https://st.com website to create one.
2025-12-19 15:01:45,808 [INFO] WebApp:190 - Connection lost
2025-12-19 15:03:04,182 [INFO] WebApp:187 - Connection restablished
2025-12-19 15:21:14,980 [WARN] IP:2251 - ClockDivider not found: check if there is a RefParameter without a condition.
2025-12-19 15:21:14,981 [WARN] IP:2251 - ClockDividerCCU not found: check if there is a RefParameter without a condition.
2025-12-19 15:21:14,981 [WARN] IP:2251 - MinOscClkPeriodsCCU not found: check if there is a RefParameter without a condition.
2025-12-19 15:21:14,981 [WARN] IP:2251 - TimeQuantaPerBitTimeCCU not found: check if there is a RefParameter without a condition.
2025-12-19 15:21:14,981 [WARN] IP:2251 - WatchdogStartValueCCU not found: check if there is a RefParameter without a condition.
2025-12-19 15:21:22,505 [WARN] IP:2251 - ClockDivider not found: check if there is a RefParameter without a condition.
2025-12-19 15:21:22,505 [WARN] IP:2251 - ClockDividerCCU not found: check if there is a RefParameter without a condition.
2025-12-19 15:21:22,506 [WARN] IP:2251 - MinOscClkPeriodsCCU not found: check if there is a RefParameter without a condition.
2025-12-19 15:21:22,506 [WARN] IP:2251 - TimeQuantaPerBitTimeCCU not found: check if there is a RefParameter without a condition.
2025-12-19 15:21:22,506 [WARN] IP:2251 - WatchdogStartValueCCU not found: check if there is a RefParameter without a condition.
2025-12-19 15:21:22,594 [INFO] NvicIntPanel:101 - NVIC parent = com.st.microxplorer.plugins.ip.nvic.MultiNvicIntPanel[,0,0,0x0,invalid,layout=javax.swing.BoxLayout,alignmentX=0.0,alignmentY=0.0,border=,flags=9,maximumSize=,minimumSize=,preferredSize=]
2025-12-19 15:21:45,889 [INFO] UtilMem:75 - End SaveConfig() Used Memory: 942132144 Bytes (1073741824)
2025-12-19 15:21:47,366 [INFO] LogOutputStream:77 - [STDOUT_REDIRECT] This download action requires prior login. To proceed, please use the 'login' command with your my.st.com account email and password.
2025-12-19 15:21:47,369 [INFO] LogOutputStream:77 - [STDOUT_REDIRECT] Run 'login <email> <password> <remember_me>' for example 'login john.smith@st.com mypassword y'.
2025-12-19 15:21:47,370 [INFO] LogOutputStream:77 - [STDOUT_REDIRECT] If you do not have a my.st.com account, please visit https://st.com website to create one.
2025-12-19 15:27:20,993 [ERROR] LogOutputStream:75 - [STDERR_REDIRECT] java.lang.Error: no ComponentUI class for: com.st.microxplorer.plugins.ip.nvic.CheckBoxHeader[,0,0,0x0,invalid,alignmentX=0.0,alignmentY=0.0,border=,flags=0,maximumSize=,minimumSize=,preferredSize=,defaultIcon=,disabledIcon=,disabledSelectedIcon=,margin=null,paintBorder=true,paintFocus=true,pressedIcon=,rolloverEnabled=false,rolloverIcon=,rolloverSelectedIcon=,selectedIcon=,text=]
2025-12-19 15:27:20,994 [ERROR] LogOutputStream:75 - [STDERR_REDIRECT] 	at java.desktop/javax.swing.UIDefaults.getUIError(UIDefaults.java:763)
2025-12-19 15:27:20,996 [ERROR] LogOutputStream:75 - [STDERR_REDIRECT] 	at java.desktop/javax.swing.MultiUIDefaults.getUIError(MultiUIDefaults.java:144)
2025-12-19 15:27:20,997 [ERROR] LogOutputStream:75 - [STDERR_REDIRECT] 	at java.desktop/javax.swing.UIDefaults.getUI(UIDefaults.java:793)
2025-12-19 15:27:20,998 [ERROR] LogOutputStream:75 - [STDERR_REDIRECT] 	at java.desktop/javax.swing.UIManager.getUI(UIManager.java:1070)
2025-12-19 15:27:20,999 [ERROR] LogOutputStream:75 - [STDERR_REDIRECT] 	at java.desktop/javax.swing.JCheckBox.updateUI(JCheckBox.java:228)
2025-12-19 15:27:21,000 [ERROR] LogOutputStream:75 - [STDERR_REDIRECT] 	at java.desktop/javax.swing.AbstractButton.init(AbstractButton.java:2141)
2025-12-19 15:27:21,000 [ERROR] LogOutputStream:75 - [STDERR_REDIRECT] 	at java.desktop/javax.swing.JToggleButton.<init>(JToggleButton.java:187)
2025-12-19 15:27:21,002 [ERROR] LogOutputStream:75 - [STDERR_REDIRECT] 	at java.desktop/javax.swing.JCheckBox.<init>(JCheckBox.java:176)
2025-12-19 15:27:21,003 [ERROR] LogOutputStream:75 - [STDERR_REDIRECT] 	at java.desktop/javax.swing.JCheckBox.<init>(JCheckBox.java:97)
2025-12-19 15:27:21,004 [ERROR] LogOutputStream:75 - [STDERR_REDIRECT] 	at com.st.microxplorer.plugins.ip.nvic.CheckBoxHeader.<init>(CheckBoxHeader.java:55)
2025-12-19 15:27:21,005 [ERROR] LogOutputStream:75 - [STDERR_REDIRECT] 	at com.st.microxplorer.plugins.ip.nvic.NvicCodeSelectionTable.<init>(NvicCodeSelectionTable.java:75)
2025-12-19 15:27:21,006 [ERROR] LogOutputStream:75 - [STDERR_REDIRECT] 	at com.st.microxplorer.plugins.ip.nvic.NvicCodePanel.initComponents(NvicCodePanel.java:102)
2025-12-19 15:27:21,007 [ERROR] LogOutputStream:75 - [STDERR_REDIRECT] 	at com.st.microxplorer.plugins.ip.nvic.NvicCodePanel.<init>(NvicCodePanel.java:78)
2025-12-19 15:27:21,009 [ERROR] LogOutputStream:75 - [STDERR_REDIRECT] 	at com.st.microxplorer.plugins.ip.nvic.NvicTabbedPanel.<init>(NvicTabbedPanel.java:57)
2025-12-19 15:27:21,010 [ERROR] LogOutputStream:75 - [STDERR_REDIRECT] 	at com.st.microxplorer.plugins.ip.nvic.Nvic.getUI(Nvic.java:73)
2025-12-19 15:27:21,011 [ERROR] LogOutputStream:75 - [STDERR_REDIRECT] 	at com.st.microxplorer.plugins.ipmanager.gui.BlockDiagram.createIpPanel(BlockDiagram.java:424)
2025-12-19 15:27:21,012 [ERROR] LogOutputStream:75 - [STDERR_REDIRECT] 	at com.st.microxplorer.plugins.ipmanager.gui.BlockDiagram.getIPConfigPanel(BlockDiagram.java:574)
2025-12-19 15:27:21,013 [ERROR] LogOutputStream:75 - [STDERR_REDIRECT] 	at com.st.microxplorer.plugins.ipmanager.gui.BlockDiagram.getIPConfigPanel(BlockDiagram.java:480)
2025-12-19 15:27:21,014 [ERROR] LogOutputStream:75 - [STDERR_REDIRECT] 	at com.st.microxplorer.plugins.ipmanager.gui.BlockDiagram.propertyChange(BlockDiagram.java:1410)
2025-12-19 15:27:21,015 [ERROR] LogOutputStream:75 - [STDERR_REDIRECT] 	at java.desktop/java.beans.PropertyChangeSupport.fire(PropertyChangeSupport.java:343)
2025-12-19 15:27:21,016 [ERROR] LogOutputStream:75 - [STDERR_REDIRECT] 	at java.desktop/java.beans.PropertyChangeSupport.firePropertyChange(PropertyChangeSupport.java:335)
2025-12-19 15:27:21,018 [ERROR] LogOutputStream:75 - [STDERR_REDIRECT] 	at java.desktop/java.beans.PropertyChangeSupport.firePropertyChange(PropertyChangeSupport.java:268)
2025-12-19 15:27:21,019 [ERROR] LogOutputStream:75 - [STDERR_REDIRECT] 	at com.st.microxplorer.util.MXPropertyChangeSupport.firePropertyChange(MXPropertyChangeSupport.java:54)
2025-12-19 15:27:21,020 [ERROR] LogOutputStream:75 - [STDERR_REDIRECT] 	at com.st.microxplorer.mxsystem.MxSystem.firePropertyChange(MxSystem.java:357)
2025-12-19 15:27:21,021 [ERROR] LogOutputStream:75 - [STDERR_REDIRECT] 	at com.st.microxplorer.plugins.pinoutconfig.guiV5.PeripheralsSelectionPanel.selectIP(PeripheralsSelectionPanel.java:409)
2025-12-19 15:27:21,023 [ERROR] LogOutputStream:75 - [STDERR_REDIRECT] 	at com.st.microxplorer.plugins.pinoutconfig.guiV5.PeripheralsListListener.mouseClicked(PeripheralsListListener.java:103)
2025-12-19 15:27:21,024 [ERROR] LogOutputStream:75 - [STDERR_REDIRECT] 	at java.desktop/java.awt.AWTEventMulticaster.mouseClicked(AWTEventMulticaster.java:278)
2025-12-19 15:27:21,025 [ERROR] LogOutputStream:75 - [STDERR_REDIRECT] 	at java.desktop/java.awt.Component.processMouseEvent(Component.java:6624)
2025-12-19 15:27:21,026 [ERROR] LogOutputStream:75 - [STDERR_REDIRECT] 	at java.desktop/javax.swing.JComponent.processMouseEvent(JComponent.java:3398)
2025-12-19 15:27:21,027 [ERROR] LogOutputStream:75 - [STDERR_REDIRECT] 	at java.desktop/java.awt.Component.processEvent(Component.java:6386)
2025-12-19 15:27:21,028 [ERROR] LogOutputStream:75 - [STDERR_REDIRECT] 	at java.desktop/java.awt.Container.processEvent(Container.java:2266)
2025-12-19 15:27:21,029 [ERROR] LogOutputStream:75 - [STDERR_REDIRECT] 	at java.desktop/java.awt.Component.dispatchEventImpl(Component.java:4996)
2025-12-19 15:27:21,030 [ERROR] LogOutputStream:75 - [STDERR_REDIRECT] 	at java.desktop/java.awt.Container.dispatchEventImpl(Container.java:2324)
2025-12-19 15:27:21,031 [ERROR] LogOutputStream:75 - [STDERR_REDIRECT] 	at java.desktop/java.awt.Component.dispatchEvent(Component.java:4828)
2025-12-19 15:27:21,032 [ERROR] LogOutputStream:75 - [STDERR_REDIRECT] 	at java.desktop/java.awt.LightweightDispatcher.retargetMouseEvent(Container.java:4948)
2025-12-19 15:27:21,033 [ERROR] LogOutputStream:75 - [STDERR_REDIRECT] 	at java.desktop/java.awt.LightweightDispatcher.processMouseEvent(Container.java:4584)
2025-12-19 15:27:21,034 [ERROR] LogOutputStream:75 - [STDERR_REDIRECT] 	at java.desktop/java.awt.LightweightDispatcher.dispatchEvent(Container.java:4516)
2025-12-19 15:27:21,035 [ERROR] LogOutputStream:75 - [STDERR_REDIRECT] 	at java.desktop/java.awt.Container.dispatchEventImpl(Container.java:2310)
2025-12-19 15:27:21,035 [ERROR] LogOutputStream:75 - [STDERR_REDIRECT] 	at java.desktop/java.awt.Component.dispatchEvent(Component.java:4828)
2025-12-19 15:27:21,036 [ERROR] LogOutputStream:75 - [STDERR_REDIRECT] 	at java.desktop/java.awt.EventQueue.dispatchEventImpl(EventQueue.java:775)
2025-12-19 15:27:21,036 [ERROR] LogOutputStream:75 - [STDERR_REDIRECT] 	at java.desktop/java.awt.EventQueue$4.run(EventQueue.java:720)
2025-12-19 15:27:21,037 [ERROR] LogOutputStream:75 - [STDERR_REDIRECT] 	at java.desktop/java.awt.EventQueue$4.run(EventQueue.java:714)
2025-12-19 15:27:21,038 [ERROR] LogOutputStream:75 - [STDERR_REDIRECT] 	at java.base/java.security.AccessController.doPrivileged(AccessController.java:400)
2025-12-19 15:27:21,040 [ERROR] LogOutputStream:75 - [STDERR_REDIRECT] 	at java.base/java.security.ProtectionDomain$JavaSecurityAccessImpl.doIntersectionPrivilege(ProtectionDomain.java:87)
2025-12-19 15:27:21,041 [ERROR] LogOutputStream:75 - [STDERR_REDIRECT] 	at java.base/java.security.ProtectionDomain$JavaSecurityAccessImpl.doIntersectionPrivilege(ProtectionDomain.java:98)
2025-12-19 15:27:21,041 [ERROR] LogOutputStream:75 - [STDERR_REDIRECT] 	at java.desktop/java.awt.EventQueue$5.run(EventQueue.java:747)
2025-12-19 15:27:21,042 [ERROR] LogOutputStream:75 - [STDERR_REDIRECT] 	at java.desktop/java.awt.EventQueue$5.run(EventQueue.java:745)
2025-12-19 15:27:21,042 [ERROR] LogOutputStream:75 - [STDERR_REDIRECT] 	at java.base/java.security.AccessController.doPrivileged(AccessController.java:400)
2025-12-19 15:27:21,043 [ERROR] LogOutputStream:75 - [STDERR_REDIRECT] 	at java.base/java.security.ProtectionDomain$JavaSecurityAccessImpl.doIntersectionPrivilege(ProtectionDomain.java:87)
2025-12-19 15:27:21,044 [ERROR] LogOutputStream:75 - [STDERR_REDIRECT] 	at java.desktop/java.awt.EventQueue.dispatchEvent(EventQueue.java:744)
2025-12-19 15:27:21,045 [ERROR] LogOutputStream:75 - [STDERR_REDIRECT] 	at java.desktop/java.awt.EventDispatchThread.pumpOneEventForFilters(EventDispatchThread.java:203)
2025-12-19 15:27:21,046 [ERROR] LogOutputStream:75 - [STDERR_REDIRECT] 	at java.desktop/java.awt.EventDispatchThread.pumpEventsForFilter(EventDispatchThread.java:124)
2025-12-19 15:27:21,047 [ERROR] LogOutputStream:75 - [STDERR_REDIRECT] 	at java.desktop/java.awt.EventDispatchThread.pumpEventsForHierarchy(EventDispatchThread.java:113)
2025-12-19 15:27:21,047 [ERROR] LogOutputStream:75 - [STDERR_REDIRECT] 	at java.desktop/java.awt.EventDispatchThread.pumpEvents(EventDispatchThread.java:109)
2025-12-19 15:27:21,048 [ERROR] LogOutputStream:75 - [STDERR_REDIRECT] 	at java.desktop/java.awt.EventDispatchThread.pumpEvents(EventDispatchThread.java:101)
2025-12-19 15:27:21,049 [ERROR] LogOutputStream:75 - [STDERR_REDIRECT] 	at java.desktop/java.awt.EventDispatchThread.run(EventDispatchThread.java:90)
2025-12-19 15:27:21,052 [ERROR] LogOutputStream:75 - [STDERR_REDIRECT] java.lang.Error: no ComponentUI class for: com.st.microxplorer.plugins.ip.nvic.CheckBoxHeader[,0,0,0x0,invalid,alignmentX=0.0,alignmentY=0.0,border=,flags=0,maximumSize=,minimumSize=,preferredSize=,defaultIcon=,disabledIcon=,disabledSelectedIcon=,margin=null,paintBorder=true,paintFocus=true,pressedIcon=,rolloverEnabled=false,rolloverIcon=,rolloverSelectedIcon=,selectedIcon=,text=]
2025-12-19 15:27:21,054 [ERROR] LogOutputStream:75 - [STDERR_REDIRECT] 	at java.desktop/javax.swing.UIDefaults.getUIError(UIDefaults.java:763)
2025-12-19 15:27:21,054 [ERROR] LogOutputStream:75 - [STDERR_REDIRECT] 	at java.desktop/javax.swing.MultiUIDefaults.getUIError(MultiUIDefaults.java:144)
2025-12-19 15:27:21,055 [ERROR] LogOutputStream:75 - [STDERR_REDIRECT] 	at java.desktop/javax.swing.UIDefaults.getUI(UIDefaults.java:793)
2025-12-19 15:27:21,055 [ERROR] LogOutputStream:75 - [STDERR_REDIRECT] 	at java.desktop/javax.swing.UIManager.getUI(UIManager.java:1070)
2025-12-19 15:27:21,057 [ERROR] LogOutputStream:75 - [STDERR_REDIRECT] 	at java.desktop/javax.swing.JCheckBox.updateUI(JCheckBox.java:228)
2025-12-19 15:27:21,058 [ERROR] LogOutputStream:75 - [STDERR_REDIRECT] 	at java.desktop/javax.swing.AbstractButton.init(AbstractButton.java:2141)
2025-12-19 15:27:21,059 [ERROR] LogOutputStream:75 - [STDERR_REDIRECT] 	at java.desktop/javax.swing.JToggleButton.<init>(JToggleButton.java:187)
2025-12-19 15:27:21,059 [ERROR] LogOutputStream:75 - [STDERR_REDIRECT] 	at java.desktop/javax.swing.JCheckBox.<init>(JCheckBox.java:176)
2025-12-19 15:27:21,060 [ERROR] LogOutputStream:75 - [STDERR_REDIRECT] 	at java.desktop/javax.swing.JCheckBox.<init>(JCheckBox.java:97)
2025-12-19 15:27:21,061 [ERROR] LogOutputStream:75 - [STDERR_REDIRECT] 	at com.st.microxplorer.plugins.ip.nvic.CheckBoxHeader.<init>(CheckBoxHeader.java:55)
2025-12-19 15:27:21,062 [ERROR] LogOutputStream:75 - [STDERR_REDIRECT] 	at com.st.microxplorer.plugins.ip.nvic.NvicCodeSelectionTable.<init>(NvicCodeSelectionTable.java:78)
2025-12-19 15:27:21,063 [ERROR] LogOutputStream:75 - [STDERR_REDIRECT] 	at com.st.microxplorer.plugins.ip.nvic.NvicCodePanel.initComponents(NvicCodePanel.java:102)
2025-12-19 15:27:21,064 [ERROR] LogOutputStream:75 - [STDERR_REDIRECT] 	at com.st.microxplorer.plugins.ip.nvic.NvicCodePanel.<init>(NvicCodePanel.java:78)
2025-12-19 15:27:21,064 [ERROR] LogOutputStream:75 - [STDERR_REDIRECT] 	at com.st.microxplorer.plugins.ip.nvic.NvicTabbedPanel.<init>(NvicTabbedPanel.java:57)
2025-12-19 15:27:21,065 [ERROR] LogOutputStream:75 - [STDERR_REDIRECT] 	at com.st.microxplorer.plugins.ip.nvic.Nvic.getUI(Nvic.java:73)
2025-12-19 15:27:21,066 [ERROR] LogOutputStream:75 - [STDERR_REDIRECT] 	at com.st.microxplorer.plugins.ipmanager.gui.BlockDiagram.createIpPanel(BlockDiagram.java:424)
2025-12-19 15:27:21,067 [ERROR] LogOutputStream:75 - [STDERR_REDIRECT] 	at com.st.microxplorer.plugins.ipmanager.gui.BlockDiagram.getIPConfigPanel(BlockDiagram.java:574)
2025-12-19 15:27:21,067 [ERROR] LogOutputStream:75 - [STDERR_REDIRECT] 	at com.st.microxplorer.plugins.ipmanager.gui.BlockDiagram.getIPConfigPanel(BlockDiagram.java:480)
2025-12-19 15:27:21,069 [ERROR] LogOutputStream:75 - [STDERR_REDIRECT] 	at com.st.microxplorer.plugins.ipmanager.gui.BlockDiagram.propertyChange(BlockDiagram.java:1410)
2025-12-19 15:27:21,070 [ERROR] LogOutputStream:75 - [STDERR_REDIRECT] 	at java.desktop/java.beans.PropertyChangeSupport.fire(PropertyChangeSupport.java:343)
2025-12-19 15:27:21,071 [ERROR] LogOutputStream:75 - [STDERR_REDIRECT] 	at java.desktop/java.beans.PropertyChangeSupport.firePropertyChange(PropertyChangeSupport.java:335)
2025-12-19 15:27:21,072 [ERROR] LogOutputStream:75 - [STDERR_REDIRECT] 	at java.desktop/java.beans.PropertyChangeSupport.firePropertyChange(PropertyChangeSupport.java:268)
2025-12-19 15:27:21,072 [ERROR] LogOutputStream:75 - [STDERR_REDIRECT] 	at com.st.microxplorer.util.MXPropertyChangeSupport.firePropertyChange(MXPropertyChangeSupport.java:54)
2025-12-19 15:27:21,073 [ERROR] LogOutputStream:75 - [STDERR_REDIRECT] 	at com.st.microxplorer.mxsystem.MxSystem.firePropertyChange(MxSystem.java:357)
2025-12-19 15:27:21,074 [ERROR] LogOutputStream:75 - [STDERR_REDIRECT] 	at com.st.microxplorer.plugins.pinoutconfig.guiV5.PeripheralsSelectionPanel.selectIP(PeripheralsSelectionPanel.java:409)
2025-12-19 15:27:21,075 [ERROR] LogOutputStream:75 - [STDERR_REDIRECT] 	at com.st.microxplorer.plugins.pinoutconfig.guiV5.PeripheralsListListener.mouseClicked(PeripheralsListListener.java:103)
2025-12-19 15:27:21,076 [ERROR] LogOutputStream:75 - [STDERR_REDIRECT] 	at java.desktop/java.awt.AWTEventMulticaster.mouseClicked(AWTEventMulticaster.java:278)
2025-12-19 15:27:21,077 [ERROR] LogOutputStream:75 - [STDERR_REDIRECT] 	at java.desktop/java.awt.Component.processMouseEvent(Component.java:6624)
2025-12-19 15:27:21,077 [ERROR] LogOutputStream:75 - [STDERR_REDIRECT] 	at java.desktop/javax.swing.JComponent.processMouseEvent(JComponent.java:3398)
2025-12-19 15:27:21,078 [ERROR] LogOutputStream:75 - [STDERR_REDIRECT] 	at java.desktop/java.awt.Component.processEvent(Component.java:6386)
2025-12-19 15:27:21,079 [ERROR] LogOutputStream:75 - [STDERR_REDIRECT] 	at java.desktop/java.awt.Container.processEvent(Container.java:2266)
2025-12-19 15:27:21,079 [ERROR] LogOutputStream:75 - [STDERR_REDIRECT] 	at java.desktop/java.awt.Component.dispatchEventImpl(Component.java:4996)
2025-12-19 15:27:21,081 [ERROR] LogOutputStream:75 - [STDERR_REDIRECT] 	at java.desktop/java.awt.Container.dispatchEventImpl(Container.java:2324)
2025-12-19 15:27:21,081 [ERROR] LogOutputStream:75 - [STDERR_REDIRECT] 	at java.desktop/java.awt.Component.dispatchEvent(Component.java:4828)
2025-12-19 15:27:21,082 [ERROR] LogOutputStream:75 - [STDERR_REDIRECT] 	at java.desktop/java.awt.LightweightDispatcher.retargetMouseEvent(Container.java:4948)
2025-12-19 15:27:21,083 [ERROR] LogOutputStream:75 - [STDERR_REDIRECT] 	at java.desktop/java.awt.LightweightDispatcher.processMouseEvent(Container.java:4584)
2025-12-19 15:27:21,084 [ERROR] LogOutputStream:75 - [STDERR_REDIRECT] 	at java.desktop/java.awt.LightweightDispatcher.dispatchEvent(Container.java:4516)
2025-12-19 15:27:21,085 [ERROR] LogOutputStream:75 - [STDERR_REDIRECT] 	at java.desktop/java.awt.Container.dispatchEventImpl(Container.java:2310)
2025-12-19 15:27:21,085 [ERROR] LogOutputStream:75 - [STDERR_REDIRECT] 	at java.desktop/java.awt.Component.dispatchEvent(Component.java:4828)
2025-12-19 15:27:21,086 [ERROR] LogOutputStream:75 - [STDERR_REDIRECT] 	at java.desktop/java.awt.EventQueue.dispatchEventImpl(EventQueue.java:775)
2025-12-19 15:27:21,087 [ERROR] LogOutputStream:75 - [STDERR_REDIRECT] 	at java.desktop/java.awt.EventQueue$4.run(EventQueue.java:720)
2025-12-19 15:27:21,088 [ERROR] LogOutputStream:75 - [STDERR_REDIRECT] 	at java.desktop/java.awt.EventQueue$4.run(EventQueue.java:714)
2025-12-19 15:27:21,089 [ERROR] LogOutputStream:75 - [STDERR_REDIRECT] 	at java.base/java.security.AccessController.doPrivileged(AccessController.java:400)
2025-12-19 15:27:21,089 [ERROR] LogOutputStream:75 - [STDERR_REDIRECT] 	at java.base/java.security.ProtectionDomain$JavaSecurityAccessImpl.doIntersectionPrivilege(ProtectionDomain.java:87)
2025-12-19 15:27:21,090 [ERROR] LogOutputStream:75 - [STDERR_REDIRECT] 	at java.base/java.security.ProtectionDomain$JavaSecurityAccessImpl.doIntersectionPrivilege(ProtectionDomain.java:98)
2025-12-19 15:27:21,091 [ERROR] LogOutputStream:75 - [STDERR_REDIRECT] 	at java.desktop/java.awt.EventQueue$5.run(EventQueue.java:747)
2025-12-19 15:27:21,091 [ERROR] LogOutputStream:75 - [STDERR_REDIRECT] 	at java.desktop/java.awt.EventQueue$5.run(EventQueue.java:745)
2025-12-19 15:27:21,092 [ERROR] LogOutputStream:75 - [STDERR_REDIRECT] 	at java.base/java.security.AccessController.doPrivileged(AccessController.java:400)
2025-12-19 15:27:21,094 [ERROR] LogOutputStream:75 - [STDERR_REDIRECT] 	at java.base/java.security.ProtectionDomain$JavaSecurityAccessImpl.doIntersectionPrivilege(ProtectionDomain.java:87)
2025-12-19 15:27:21,095 [ERROR] LogOutputStream:75 - [STDERR_REDIRECT] 	at java.desktop/java.awt.EventQueue.dispatchEvent(EventQueue.java:744)
2025-12-19 15:27:21,095 [ERROR] LogOutputStream:75 - [STDERR_REDIRECT] 	at java.desktop/java.awt.EventDispatchThread.pumpOneEventForFilters(EventDispatchThread.java:203)
2025-12-19 15:27:21,096 [ERROR] LogOutputStream:75 - [STDERR_REDIRECT] 	at java.desktop/java.awt.EventDispatchThread.pumpEventsForFilter(EventDispatchThread.java:124)
2025-12-19 15:27:21,097 [ERROR] LogOutputStream:75 - [STDERR_REDIRECT] 	at java.desktop/java.awt.EventDispatchThread.pumpEventsForHierarchy(EventDispatchThread.java:113)
2025-12-19 15:27:21,098 [ERROR] LogOutputStream:75 - [STDERR_REDIRECT] 	at java.desktop/java.awt.EventDispatchThread.pumpEvents(EventDispatchThread.java:109)
2025-12-19 15:27:21,099 [ERROR] LogOutputStream:75 - [STDERR_REDIRECT] 	at java.desktop/java.awt.EventDispatchThread.pumpEvents(EventDispatchThread.java:101)
2025-12-19 15:27:21,100 [ERROR] LogOutputStream:75 - [STDERR_REDIRECT] 	at java.desktop/java.awt.EventDispatchThread.run(EventDispatchThread.java:90)
2025-12-19 15:28:15,391 [WARN] IP:2251 - ClockDivider not found: check if there is a RefParameter without a condition.
2025-12-19 15:28:15,392 [WARN] IP:2251 - ClockDividerCCU not found: check if there is a RefParameter without a condition.
2025-12-19 15:28:15,392 [WARN] IP:2251 - MinOscClkPeriodsCCU not found: check if there is a RefParameter without a condition.
2025-12-19 15:28:15,392 [WARN] IP:2251 - TimeQuantaPerBitTimeCCU not found: check if there is a RefParameter without a condition.
2025-12-19 15:28:15,392 [WARN] IP:2251 - WatchdogStartValueCCU not found: check if there is a RefParameter without a condition.
2025-12-19 15:28:19,975 [INFO] LogOutputStream:77 - [STDOUT_REDIRECT] This download action requires prior login. To proceed, please use the 'login' command with your my.st.com account email and password.
2025-12-19 15:28:19,976 [INFO] LogOutputStream:77 - [STDOUT_REDIRECT] Run 'login <email> <password> <remember_me>' for example 'login john.smith@st.com mypassword y'.
2025-12-19 15:28:19,977 [INFO] LogOutputStream:77 - [STDOUT_REDIRECT] If you do not have a my.st.com account, please visit https://st.com website to create one.
2025-12-19 15:29:42,224 [WARN] IP:2251 - ClockDivider not found: check if there is a RefParameter without a condition.
2025-12-19 15:29:42,225 [WARN] IP:2251 - ClockDividerCCU not found: check if there is a RefParameter without a condition.
2025-12-19 15:29:42,226 [WARN] IP:2251 - MinOscClkPeriodsCCU not found: check if there is a RefParameter without a condition.
2025-12-19 15:29:42,226 [WARN] IP:2251 - TimeQuantaPerBitTimeCCU not found: check if there is a RefParameter without a condition.
2025-12-19 15:29:42,226 [WARN] IP:2251 - WatchdogStartValueCCU not found: check if there is a RefParameter without a condition.
2025-12-19 15:29:42,310 [INFO] NvicIntPanel:101 - NVIC parent = com.st.microxplorer.plugins.ip.nvic.MultiNvicIntPanel[,0,0,0x0,invalid,layout=javax.swing.BoxLayout,alignmentX=0.0,alignmentY=0.0,border=,flags=9,maximumSize=,minimumSize=,preferredSize=]
2025-12-19 15:32:42,663 [INFO] UtilMem:75 - End SaveConfig() Used Memory: 955272680 Bytes (1073741824)
2025-12-19 15:32:46,155 [INFO] UtilMem:75 - End SaveConfig() Used Memory: 934337304 Bytes (1073741824)
2025-12-19 15:32:47,512 [INFO] LogOutputStream:77 - [STDOUT_REDIRECT] This download action requires prior login. To proceed, please use the 'login' command with your my.st.com account email and password.
2025-12-19 15:32:47,513 [INFO] LogOutputStream:77 - [STDOUT_REDIRECT] Run 'login <email> <password> <remember_me>' for example 'login john.smith@st.com mypassword y'.
2025-12-19 15:32:47,514 [INFO] LogOutputStream:77 - [STDOUT_REDIRECT] If you do not have a my.st.com account, please visit https://st.com website to create one.
2025-12-19 15:37:28,703 [INFO] LogOutputStream:77 - [STDOUT_REDIRECT] Nominal 
2025-12-19 15:37:28,782 [INFO] I2cTimingTraitement:330 - 0x00000E14
2025-12-19 15:37:28,833 [INFO] I2cTimingTraitement:330 - 0x00000E14
2025-12-19 15:37:33,359 [WARN] IP:2251 - ClockDivider not found: check if there is a RefParameter without a condition.
2025-12-19 15:37:33,360 [WARN] IP:2251 - ClockDividerCCU not found: check if there is a RefParameter without a condition.
2025-12-19 15:37:33,360 [WARN] IP:2251 - MinOscClkPeriodsCCU not found: check if there is a RefParameter without a condition.
2025-12-19 15:37:33,360 [WARN] IP:2251 - TimeQuantaPerBitTimeCCU not found: check if there is a RefParameter without a condition.
2025-12-19 15:37:33,360 [WARN] IP:2251 - WatchdogStartValueCCU not found: check if there is a RefParameter without a condition.
2025-12-19 15:37:41,748 [WARN] IP:2251 - ClockDivider not found: check if there is a RefParameter without a condition.
2025-12-19 15:37:41,748 [WARN] IP:2251 - ClockDividerCCU not found: check if there is a RefParameter without a condition.
2025-12-19 15:37:41,748 [WARN] IP:2251 - MinOscClkPeriodsCCU not found: check if there is a RefParameter without a condition.
2025-12-19 15:37:41,749 [WARN] IP:2251 - TimeQuantaPerBitTimeCCU not found: check if there is a RefParameter without a condition.
2025-12-19 15:37:41,749 [WARN] IP:2251 - WatchdogStartValueCCU not found: check if there is a RefParameter without a condition.
2025-12-19 15:37:41,822 [INFO] NvicIntPanel:101 - NVIC parent = com.st.microxplorer.plugins.ip.nvic.MultiNvicIntPanel[,0,0,0x0,invalid,layout=javax.swing.BoxLayout,alignmentX=0.0,alignmentY=0.0,border=,flags=9,maximumSize=,minimumSize=,preferredSize=]
2025-12-19 15:37:43,639 [INFO] UtilMem:75 - End SaveConfig() Used Memory: 882844480 Bytes (1073741824)
2025-12-19 15:37:45,090 [INFO] LogOutputStream:77 - [STDOUT_REDIRECT] This download action requires prior login. To proceed, please use the 'login' command with your my.st.com account email and password.
2025-12-19 15:37:45,091 [INFO] LogOutputStream:77 - [STDOUT_REDIRECT] Run 'login <email> <password> <remember_me>' for example 'login john.smith@st.com mypassword y'.
2025-12-19 15:37:45,092 [INFO] LogOutputStream:77 - [STDOUT_REDIRECT] If you do not have a my.st.com account, please visit https://st.com website to create one.
2025-12-19 15:40:06,736 [INFO] MainUpdater:2872 - connection check result : 10
2025-12-19 15:40:06,749 [INFO] McuFinderGlobals:76 - Set McuFinderConnectedMode to true
2025-12-19 15:40:07,101 [INFO] ServerAccessManage:473 - Download File mcusAds.json._tmp_
2025-12-19 15:40:07,233 [INFO] LoadUrlFilesThread:156 - End of LoadUrlFiles Thread
2025-12-19 15:40:07,627 [INFO] ServerAccessManage:473 - Download File cube-finder-db.zip
2025-12-19 15:40:13,999 [INFO] FileExtend:240 - Unzip File : cube-finder-db.zip
2025-12-19 15:40:13,999 [INFO] FileExtend:255 - Standard Zip Deflate
2025-12-19 15:40:14,894 [INFO] LoadUrlFilesThread:156 - End of LoadUrlFiles Thread
2025-12-19 15:40:15,127 [INFO] ServerAccessManage:473 - Download File crdb.zip
2025-12-19 15:40:15,369 [INFO] FileExtend:240 - Unzip File : crdb.zip
2025-12-19 15:40:15,370 [INFO] FileExtend:255 - Standard Zip Deflate
2025-12-19 15:40:15,518 [INFO] LoadUrlFilesThread:156 - End of LoadUrlFiles Thread
2025-12-19 15:40:15,874 [INFO] ServerAccessManage:473 - Download File tutoVideoDB.zip
2025-12-19 15:40:15,903 [INFO] FileExtend:240 - Unzip File : tutoVideoDB.zip
2025-12-19 15:40:15,904 [INFO] FileExtend:255 - Standard Zip Deflate
2025-12-19 15:40:16,036 [INFO] LoadUrlFilesThread:156 - End of LoadUrlFiles Thread
2025-12-19 15:40:16,040 [WARN] DbFile:41 - Overriding database path with different value: C:\Users\kamil\.stmcufinder\plugins\mcufinder/ => C:\Users\kamil\.stmcufinder\plugins\mcufinder
2025-12-19 15:40:16,166 [INFO] ServerAccessManage:473 - Download File api_config.json
2025-12-19 15:40:16,290 [INFO] LoadUrlFilesThread:156 - End of LoadUrlFiles Thread
2025-12-19 15:40:16,292 [INFO] DbMcusAds:53 - JSON generation date=Tue Dec 16 00:11:46 CET 2025 (1765840306612)
2025-12-19 15:40:16,299 [INFO] ApiDb:448 - Save user favorites file C:\Users\kamil/.stm32cubeide/favorites.mcus.txt: 0 item(s)
2025-12-19 15:40:16,299 [INFO] ApiDb:452 - User favorites MCUs=[]
2025-12-19 15:40:16,307 [INFO] ApiDb:581 - Connected to CubeFinder SQLite database (C:\Users\kamil\.stmcufinder\plugins\mcufinder\mcu\cube-finder-db.db)
2025-12-19 15:40:16,359 [INFO] ApiDb:668 - CubeFinder database Data Model version=2.1
2025-12-19 15:40:16,359 [INFO] ApiDb:669 - CubeFinder database Configuration version=3.0.39
2025-12-19 15:40:16,359 [INFO] ApiDb:670 - CubeFinder database generation date=2025-11-05 (1762334721)
2025-12-19 15:40:16,359 [INFO] ApiDb:671 - CubeFinder database FW Pack versions=[FP-ATR-ASTRA1_V2.0.0, FP-SNS-FLIGHT1_V5.1.0, FP-SNS-MOTENV1_V5.1.0, FP-SNS-MOTENVWB1_V1.4.0, FP-SNS-SMARTAG2_V1.2.0, FP-SNS-STBOX1_V2.1.0, STM32Cube_FW_C0_V1.4.0, STM32Cube_FW_F4_V1.28.3, STM32Cube_FW_F7_V1.17.4, STM32Cube_FW_G0_V1.6.2, STM32Cube_FW_G4_V1.6.1, STM32Cube_FW_H5_V1.5.1, STM32Cube_FW_H7RS_V1.3.0, STM32Cube_FW_H7_V1.12.1, STM32Cube_FW_L0_V1.12.2, STM32Cube_FW_L4_V1.18.1, STM32Cube_FW_L5_V1.6.0, STM32Cube_FW_N6_V1.3.0, STM32Cube_FW_U0_V1.3.0, STM32Cube_FW_U3_V1.2.1, STM32Cube_FW_U5_V1.8.0, STM32Cube_FW_WB0_V1.4.0, STM32Cube_FW_WBA_V1.8.0, STM32Cube_FW_WB_V1.24.0, STM32Cube_FW_WL3_V1.3.0, STM32Cube_FW_WL_V1.4.0, X-CUBE-ALGOBUILD_V1.4.0, X-CUBE-ALS_V1.0.2, X-CUBE-AZRTOS-F4_V1.1.0, X-CUBE-AZRTOS-F7_V1.1.0, X-CUBE-AZRTOS-G0_V1.1.0, X-CUBE-AZRTOS-G4_V2.0.0, X-CUBE-AZRTOS-H7RS_V1.1.0, X-CUBE-AZRTOS-H7_V3.4.0, X-CUBE-AZRTOS-L4_V2.0.0, X-CUBE-AZRTOS-L5_V2.0.0, X-CUBE-AZRTOS-WB_V2.0.0, X-CUBE-AZRTOS-WL_V2.0.0, X-CUBE-BLE1_V7.1.0, X-CUBE-BLE2_V3.3.0, X-CUBE-BLEMGR_V4.1.0, X-CUBE-EEPRMA1_V5.2.0, X-CUBE-FREERTOS_V1.3.1, X-CUBE-GNSS1_V6.0.0, X-CUBE-MEMS1_V11.3.0, X-CUBE-NFC4_V3.0.0, X-CUBE-NFC7_V2.0.0, X-CUBE-SFXS2LP1_V4.0.0, X-CUBE-ST67W61_V1.1.0, X-CUBE-SUBG2_V5.0.0, X-CUBE-TOF1_V3.4.3]
2025-12-19 15:40:17,768 [INFO] ApiDb:240 - Found 858 in-development CPN: [B-G473E-ZEST1S, B-WB1M-WPAN1, B-WBA5M-WPAN, B-WL5M-SUBG1, NUCLEO-C031C6, NUCLEO-C051C8, NUCLEO-C071RB, NUCLEO-C092RC, NUCLEO-H503RB, NUCLEO-H533RE, NUCLEO-H563ZI, NUCLEO-H7S3L8, NUCLEO-N657X0-Q, NUCLEO-U031R8, NUCLEO-U083RC, NUCLEO-U385RG-Q, NUCLEO-U545RE-Q, NUCLEO-U5A5ZJ-Q, NUCLEO-WB05KZ, NUCLEO-WB07CC, NUCLEO-WB09KE, NUCLEO-WBA52CG, NUCLEO-WBA55CG, NUCLEO-WL33CC1, NUCLEO-WL33CC2, STEVAL-PROTEUS1, STEVAL-SMARTAG2, STEVAL-STWINBX1, STM320518-EVAL, STM32C0116-DK, STM32C011D6Y3TR, STM32C011D6Y6TR, STM32C011F4P3, STM32C011F4P6, STM32C011F4U3, STM32C011F4U6TR, STM32C011F6P3, STM32C011F6P6, STM32C011F6U3, STM32C011F6U6TR, STM32C011J4M3, STM32C011J4M6, STM32C011J6M3, STM32C011J6M6, STM32C0316-DK, STM32C031C4T3, STM32C031C4T6, STM32C031C4U3, STM32C031C4U6, STM32C031C6T3, STM32C031C6T6, STM32C031C6U3, STM32C031C6U6, STM32C031F4P3, STM32C031F4P6, STM32C031F6P3, STM32C031F6P6, STM32C031G4U3, STM32C031G4U6, STM32C031G6U3, STM32C031G6U6, STM32C031K4T3, STM32C031K4T6, STM32C031K4U3, STM32C031K4U6, STM32C031K6T3, STM32C031K6T6, STM32C031K6U3, STM32C031K6U6, STM32C051C6T6, STM32C051C6U6, STM32C051C8T6, STM32C051C8U6, STM32C051D8Y6TR, STM32C051F6P6, STM32C051F8P6, STM32C051G6U6, STM32C051G8U6, STM32C051K6T6, STM32C051K6U6, STM32C051K8T6, STM32C071C8T6, STM32C071C8T6N, STM32C071C8U6, STM32C071C8U6N, STM32C071CBT6, STM32C071CBT6N, STM32C071CBU6, STM32C071CBU6N, STM32C071F8P6, STM32C071F8P6N, STM32C071FBP6, STM32C071FBP6N, STM32C071FBY6TR, STM32C071G8U6, STM32C071G8U6N, STM32C071GBU6, STM32C071GBU6N, STM32C071K8T6, STM32C071K8T6N, STM32C071K8U6, STM32C071K8U6N, STM32C071KBT6, STM32C071KBT6N, STM32C071KBU6, STM32C071KBU6N, STM32C071R8T6, STM32C071R8T6N, STM32C071RBI6N, STM32C071RBT6, STM32C071RBT6N, STM32C091CBT6, STM32C091CBU6, STM32C091CCT6, STM32C091CCU6, STM32C091ECY6TR, STM32C091FBP6, STM32C091FCP6, STM32C091GBU6, STM32C091GCU6, STM32C091KBT6, STM32C091KBU6, STM32C091KCT6, STM32C091KCU6, STM32C091RBT6, STM32C091RCI6, STM32C091RCT6, STM32C092CBT6, STM32C092CBU6, STM32C092CCT6, STM32C092CCU6, STM32C092ECY6TR, STM32C092FBP6, STM32C092FCP6, STM32C092GBU6, STM32C092GCU6, STM32C092KBT6, STM32C092KBU6, STM32C092KCT6, STM32C092KCU6, STM32C092RBT6, STM32C092RCI6, STM32C092RCT6, STM32G071K8TXN, STM32G071K8UXN, STM32G081GBU6N, STM32G081KBT6N, STM32G081KBUXN, STM32G0B1CCT6N, STM32G0B1KCT6, STM32G0B1NEY6TR, STM32G0B1RCT6N, STM32G0C1CCT6, STM32G0C1CCT6N, STM32G0C1CCU6N, STM32G0C1CET6N, STM32G0C1CEU6N, STM32G0C1KCT6, STM32G0C1NEY6TR, STM32G0C1RCI6N, STM32G0C1RCT6N, STM32G0C1REI6N, STM32G0C1RET6N, STM32G0C1VCI6, STM32G0C1VEI6, STM32G411C6T3, STM32G411C6T6, STM32G411C6U3, STM32G411C6U6, STM32G411C8T3, STM32G411C8T6, STM32G411C8U3, STM32G411C8U6, STM32G411CBT3, STM32G411CBT6, STM32G411CBU3, STM32G411CBU6, STM32G411CCT3, STM32G411CCT6, STM32G411CCU3, STM32G411CCU6, STM32G411K6T3, STM32G411K6T6, STM32G411K6U3, STM32G411K6U6, STM32G411K8T3, STM32G411K8T6, STM32G411K8U3, STM32G411K8U6, STM32G411KBT3, STM32G411KBT6, STM32G411KBU3, STM32G411KBU6, STM32G411M6T3, STM32G411M6T6, STM32G411M8T3, STM32G411M8T6, STM32G411MBT3, STM32G411MBT6, STM32G411MCT3, STM32G411MCT6, STM32G411R6T3, STM32G411R6T6, STM32G411R8T3, STM32G411R8T6, STM32G411RBT3, STM32G411RBT6, STM32G411RCT3, STM32G411RCT6, STM32G414CBT3, STM32G414CBT6, STM32G414CBU3, STM32G414CBU6, STM32G414CCT3, STM32G414CCT6, STM32G414CCU3, STM32G414CCU6, STM32G414MBT3, STM32G414MBT6, STM32G414MCT3, STM32G414MCT6, STM32G414RBT3, STM32G414RBT6, STM32G414RCT3, STM32G414RCT6, STM32G414VBT3, STM32G414VBT6, STM32G414VCT3, STM32G414VCT6, STM32G431CBT3Z, STM32G431RBT3Z, STM32G471CCT6, STM32G471CCU6, STM32G471CET3, STM32G471CET6, STM32G471CEU3, STM32G471CEU6, STM32G471MCT6, STM32G471MET3, STM32G471MET6, STM32G471MEY6TR, STM32G471QCT6, STM32G471QET3, STM32G471RCT6, STM32G471RET3, STM32G471RET6, STM32G471VCH6, STM32G471VCI6, STM32G471VCT6, STM32G471VEH3, STM32G471VEH6, STM32G471VEI3, STM32G471VEI6, STM32G471VET3, STM32G471VET6, STM32G473QET3Z, STM32G473RET3Z, STM32G474CCT6, STM32G491RET3Z, STM32H503CBT6, STM32H503CBU6, STM32H503EBY6TR, STM32H503KBU6, STM32H503RBT6, STM32H523CCT6, STM32H523CCU6, STM32H523CET6, STM32H523CEU6, STM32H523HEY6TR, STM32H523RCT6, STM32H523RET6, STM32H523VCI6, STM32H523VCT6, STM32H523VEI6, STM32H523VET6, STM32H523ZCJ6, STM32H523ZCT6, STM32H523ZEJ6, STM32H523ZET6, STM32H533CET6, STM32H533CEU6, STM32H533HEY6TR, STM32H533RET6, STM32H533VEI6, STM32H533VET6, STM32H533ZEJ6, STM32H533ZET6, STM32H562AGI6, STM32H562AII6, STM32H562IGK6, STM32H562IGT6, STM32H562IIK6, STM32H562IIT6, STM32H562RGT6, STM32H562RGV6, STM32H562RIT6, STM32H562RIV6, STM32H562VGT6, STM32H562VIT6, STM32H562ZGT6, STM32H562ZIT6, STM32H563AGI6, STM32H563AII3Q, STM32H563AII6, STM32H563IGK6, STM32H563IGT6, STM32H563IIK3Q, STM32H563IIK6, STM32H563IIT3Q, STM32H563IIT6, STM32H563MIY3QTR, STM32H563RGT6, STM32H563RGV6, STM32H563RIT6, STM32H563RIV6, STM32H563VGT6, STM32H563VIT3Q, STM32H563VIT6, STM32H563ZGT6, STM32H563ZIT3Q, STM32H563ZIT6, STM32H573AII3Q, STM32H573AII6, STM32H573I-DK, STM32H573IIK3Q, STM32H573IIK6, STM32H573IIT3Q, STM32H573IIT6, STM32H573MIY3QTR, STM32H573RIT6, STM32H573RIV6, STM32H573VIT3Q, STM32H573VIT6, STM32H573ZIT3Q, STM32H573ZIT6, STM32H7R3A8I6, STM32H7R3I8K6, STM32H7R3I8T6, STM32H7R3L8H6, STM32H7R3L8H6H, STM32H7R3R8V6, STM32H7R3V8H6, STM32H7R3V8T6, STM32H7R3V8Y6TR, STM32H7R3Z8J6, STM32H7R3Z8T6, STM32H7R7A8I6, STM32H7R7I8K6, STM32H7R7I8T6, STM32H7R7L8H6, STM32H7R7L8H6H, STM32H7R7Z8J6, STM32H7S3A8I6, STM32H7S3I8K6, STM32H7S3I8T6, STM32H7S3L8H6, STM32H7S3L8H6H, STM32H7S3R8V6, STM32H7S3V8H6, STM32H7S3V8T6, STM32H7S3V8Y6TR, STM32H7S3Z8J6, STM32H7S3Z8T6, STM32H7S78-DK, STM32H7S7A8I6, STM32H7S7I8K6, STM32H7S7I8T6, STM32H7S7L8H6, STM32H7S7L8H6H, STM32H7S7Z8J6, STM32L4R5QGI6STR, STM32MP131AAE3, STM32MP131AAF3, STM32MP131AAG3, STM32MP131CAE3, STM32MP131CAF3, STM32MP131CAG3, STM32MP131DAE7, STM32MP131DAF7, STM32MP131DAG7, STM32MP131FAE7, STM32MP131FAF7, STM32MP131FAG7, STM32MP133AAE3, STM32MP133AAF3, STM32MP133AAG3, STM32MP133CAE3, STM32MP133CAF3, STM32MP133CAG3, STM32MP133DAE7, STM32MP133DAF7, STM32MP133DAG7, STM32MP133FAE7, STM32MP133FAF7, STM32MP133FAG7, STM32MP135AAE3, STM32MP135AAF3, STM32MP135AAG3, STM32MP135CAE3, STM32MP135CAF3, STM32MP135CAG3, STM32MP135DAE7, STM32MP135DAF7, STM32MP135DAG7, STM32MP135F-DK, STM32MP135FAE7, STM32MP135FAF7, STM32MP135FAF7T, STM32MP135FAF7U, STM32MP135FAG7, STM32MP231AAJ3, STM32MP231AAK3, STM32MP231AAL3, STM32MP231CAJ3, STM32MP231CAK3, STM32MP231CAL3, STM32MP231DAJ3, STM32MP231DAK3, STM32MP231DAL3, STM32MP231FAJ3, STM32MP231FAK3, STM32MP231FAL3, STM32MP233AAJ3, STM32MP233AAK3, STM32MP233AAL3, STM32MP233CAJ3, STM32MP233CAK3, STM32MP233CAL3, STM32MP233DAJ3, STM32MP233DAK3, STM32MP233DAL3, STM32MP233FAJ3, STM32MP233FAK3, STM32MP233FAL3, STM32MP235AAJ3, STM32MP235AAK3, STM32MP235AAL3, STM32MP235CAJ3, STM32MP235CAK3, STM32MP235CAL3, STM32MP235DAJ3, STM32MP235DAK3, STM32MP235DAL3, STM32MP235FAJ3, STM32MP235FAK3, STM32MP235FAL3, STM32MP251AAI3, STM32MP251AAJ3, STM32MP251AAK3, STM32MP251AAL3, STM32MP251CAI3, STM32MP251CAJ3, STM32MP251CAK3, STM32MP251CAL3, STM32MP251DAI3, STM32MP251DAJ3, STM32MP251DAK3, STM32MP251DAL3, STM32MP251FAI3, STM32MP251FAJ3, STM32MP251FAK3, STM32MP251FAL3, STM32MP253AAI3, STM32MP253AAJ3, STM32MP253AAK3, STM32MP253AAL3, STM32MP253CAI3, STM32MP253CAJ3, STM32MP253CAK3, STM32MP253CAL3, STM32MP253DAI3, STM32MP253DAJ3, STM32MP253DAK3, STM32MP253DAL3, STM32MP253FAI3, STM32MP253FAJ3, STM32MP253FAK3, STM32MP253FAL3, STM32MP255AAI3, STM32MP255AAJ3, STM32MP255AAK3, STM32MP255AAL3, STM32MP255CAI3, STM32MP255CAJ3, STM32MP255CAK3, STM32MP255CAL3, STM32MP255DAI3, STM32MP255DAJ3, STM32MP255DAK3, STM32MP255DAL3, STM32MP255FAI3, STM32MP255FAJ3, STM32MP255FAK3, STM32MP255FAL3, STM32MP257AAI3, STM32MP257AAJ3, STM32MP257AAK3, STM32MP257AAL3, STM32MP257CAI3, STM32MP257CAJ3, STM32MP257CAK3, STM32MP257CAL3, STM32MP257DAI3, STM32MP257DAJ3, STM32MP257DAK3, STM32MP257DAL3, STM32MP257F-DK, STM32MP257F-EV1, STM32MP257FAI3, STM32MP257FAJ3, STM32MP257FAK3, STM32MP257FAL3, STM32N645A0H3Q, STM32N645B0H3Q, STM32N645I0H3Q, STM32N645L0H3Q, STM32N645X0H3Q, STM32N645Z0H3Q, STM32N647A0H3Q, STM32N647B0H3Q, STM32N647I0H3Q, STM32N647L0H3Q, STM32N647X0H3Q, STM32N647Z0H3Q, STM32N655A0H3Q, STM32N655B0H3Q, STM32N655I0H3Q, STM32N655L0H3Q, STM32N655X0H3Q, STM32N655Z0H3Q, STM32N6570-DK, STM32N657A0H3Q, STM32N657B0H3Q, STM32N657I0H3Q, STM32N657L0H3Q, STM32N657X0H3Q, STM32N657Z0H3Q, STM32U031C6T6, STM32U031C6U6, STM32U031C8T6, STM32U031C8U6, STM32U031F4P6, STM32U031F6P6, STM32U031F8P6, STM32U031G6Y6TR, STM32U031G8Y6TR, STM32U031K4U6, STM32U031K6U6, STM32U031K8U6, STM32U031R6I6, STM32U031R6T6, STM32U031R8I6, STM32U031R8T6, STM32U073C8T6, STM32U073C8U6, STM32U073CBT6, STM32U073CBU6, STM32U073CCT6, STM32U073CCU6, STM32U073H8Y6TR, STM32U073HBY6TR, STM32U073HCY6TR, STM32U073K8U6, STM32U073KBU6, STM32U073KCU6, STM32U073M8I6, STM32U073M8T6, STM32U073MBI6, STM32U073MBT6, STM32U073MCI6, STM32U073MCT6, STM32U073R8I6, STM32U073R8T6, STM32U073RBI6, STM32U073RBT6, STM32U073RCI6, STM32U073RCT6, STM32U083C-DK, STM32U083CCT6, STM32U083CCU6, STM32U083HCY6TR, STM32U083KCU6, STM32U083MCI6, STM32U083MCT6, STM32U083RCI6, STM32U083RCT6, STM32U375CET6, STM32U375CET6Q, STM32U375CEU6, STM32U375CEU6Q, STM32U375CEY6QTR, STM32U375CGT6, STM32U375CGT6Q, STM32U375CGU6, STM32U375CGU6Q, STM32U375CGY6QTR, STM32U375KEU6, STM32U375KGU6, STM32U375REI6, STM32U375REI6Q, STM32U375RET6, STM32U375RET6Q, STM32U375REY6GTR, STM32U375REY6QTR, STM32U375RGI6, STM32U375RGI6Q, STM32U375RGT6, STM32U375RGT6Q, STM32U375RGY6GTR, STM32U375RGY6QTR, STM32U375VEI6, STM32U375VEI6Q, STM32U375VET6, STM32U375VET6Q, STM32U375VGI6, STM32U375VGI6Q, STM32U375VGT6, STM32U375VGT6Q, STM32U385CGT6, STM32U385CGT6Q, STM32U385CGU6, STM32U385CGU6Q, STM32U385CGY6QTR, STM32U385KGU6, STM32U385RGI6, STM32U385RGI6Q, STM32U385RGT6, STM32U385RGT6Q, STM32U385RGY6GTR, STM32U385RGY6QTR, STM32U385VGI6, STM32U385VGI6Q, STM32U385VGT6, STM32U385VGT6Q, STM32U535CBT6, STM32U535CBT6Q, STM32U535CBU6, STM32U535CBU6Q, STM32U535CCT6, STM32U535CCT6Q, STM32U535CCU6, STM32U535CCU6Q, STM32U535CET6, STM32U535CET6Q, STM32U535CEU6, STM32U535CEU6Q, STM32U535JEY6QTR, STM32U535NCY6QTR, STM32U535NEY6QTR, STM32U535RBI6, STM32U535RBI6Q, STM32U535RBT6, STM32U535RBT6Q, STM32U535RCI6, STM32U535RCI6Q, STM32U535RCT6, STM32U535RCT6Q, STM32U535REI6, STM32U535REI6Q, STM32U535RET6, STM32U535RET6Q, STM32U535VCI6, STM32U535VCI6Q, STM32U535VCT6, STM32U535VCT6Q, STM32U535VEI6, STM32U535VEI6Q, STM32U535VET6, STM32U535VET6Q, STM32U545CET6, STM32U545CET6Q, STM32U545CEU6, STM32U545CEU6Q, STM32U545JEY6QTR, STM32U545NEY6QTR, STM32U545REI6, STM32U545REI6Q, STM32U545RET6, STM32U545RET6Q, STM32U545VEI6, STM32U545VEI6Q, STM32U545VET6, STM32U545VET6Q, STM32U595AIH6, STM32U595AIH6Q, STM32U595AJH6, STM32U595AJH6Q, STM32U595QII6, STM32U595QII6Q, STM32U595QJI6, STM32U595QJI6Q, STM32U595RIT6, STM32U595RIT6Q, STM32U595RJT6, STM32U595RJT6Q, STM32U595VIT6, STM32U595VIT6Q, STM32U595VJT6, STM32U595VJT6Q, STM32U595ZIT6, STM32U595ZIT6Q, STM32U595ZIY6QTR, STM32U595ZJT6, STM32U595ZJT6Q, STM32U595ZJY6QTR, STM32U599BJY6QTR, STM32U599NIH6Q, STM32U599NJH6Q, STM32U599VIT6Q, STM32U599VJT6, STM32U599VJT6Q, STM32U599ZIT6Q, STM32U599ZIY6QTR, STM32U599ZJT6Q, STM32U599ZJY6QTR, STM32U5A5AJH6, STM32U5A5AJH6Q, STM32U5A5QII3Q , STM32U5A5QJI6, STM32U5A5QJI6Q, STM32U5A5RJT6, STM32U5A5RJT6Q, STM32U5A5VJT6, STM32U5A5VJT6Q, STM32U5A5ZJT6, STM32U5A5ZJT6Q, STM32U5A5ZJY6QTR, STM32U5A9BJY6QTR, STM32U5A9J-DK, STM32U5A9NJH6Q, STM32U5A9VJT6Q, STM32U5A9ZJT6Q, STM32U5A9ZJY6QTR, STM32U5F7VIT6, STM32U5F7VIT6Q, STM32U5F7VJT6, STM32U5F7VJT6Q, STM32U5F9BJY6QTR, STM32U5F9NJH6Q, STM32U5F9VIT6Q, STM32U5F9VJT6Q, STM32U5F9ZIJ6QTR, STM32U5F9ZIT6Q, STM32U5F9ZJJ6QTR, STM32U5F9ZJT6Q, STM32U5G7VJT6, STM32U5G7VJT6Q, STM32U5G9BJY6QTR, STM32U5G9J-DK1, STM32U5G9J-DK2, STM32U5G9NJH6Q, STM32U5G9VJT6Q, STM32U5G9ZJJ6QTR, STM32U5G9ZJT6Q, STM32WB05KZV6TR, STM32WB05KZV7TR, STM32WB05TZF6TR, STM32WB05TZF7TR, STM32WB06CCF6TR, STM32WB06CCF7TR, STM32WB06CCV6TR, STM32WB06CCV7TR, STM32WB06KCV6TR, STM32WB06KCV7TR, STM32WB07CCF6TR, STM32WB07CCF7TR, STM32WB07CCV6TR, STM32WB07CCV7TR, STM32WB07KCV6TR, STM32WB07KCV7TR, STM32WB09KEV6TR, STM32WB09KEV7TR, STM32WB09TEF6TR, STM32WB09TEF7TR, STM32WB1MMCH6, STM32WBA50KGU6, STM32WBA50KGU6TR, STM32WBA52CEU6, STM32WBA52CEU6TR, STM32WBA52CEU7, STM32WBA52CEU7TR, STM32WBA52CGU6, STM32WBA52CGU6TR, STM32WBA52CGU6U, STM32WBA52CGU7, STM32WBA52CGU7TR, STM32WBA52KEU6, STM32WBA52KEU6TR, STM32WBA52KGU6, STM32WBA52KGU6TR, STM32WBA54CEU6, STM32WBA54CEU6TR, STM32WBA54CEU7, STM32WBA54CEU7TR, STM32WBA54CGU6, STM32WBA54CGU6TR, STM32WBA54CGU7, STM32WBA54CGU7TR, STM32WBA54KEU6, STM32WBA54KEU6TR, STM32WBA54KEU7, STM32WBA54KEU7TR, STM32WBA54KGU6, STM32WBA54KGU6TR, STM32WBA54KGU7, STM32WBA54KGU7TR, STM32WBA55CEU6, STM32WBA55CEU6TR, STM32WBA55CEU7, STM32WBA55CEU7TR, STM32WBA55CGU6, STM32WBA55CGU6TR, STM32WBA55CGU6U, STM32WBA55CGU7, STM32WBA55CGU7TR, STM32WBA55G-DK1, STM32WBA55HEF6, STM32WBA55HEF7, STM32WBA55HGF6, STM32WBA55HGF7, STM32WBA55UEI6, STM32WBA55UEI6TR, STM32WBA55UEI7, STM32WBA55UEI7TR, STM32WBA55UGI6, STM32WBA55UGI6TR, STM32WBA55UGI7, STM32WBA55UGI7TR, STM32WBA5MJGH6TR, STM32WBA5MJGH6U, STM32WL33C8V6, STM32WL33C8V6TR, STM32WL33C8V7, STM32WL33C8V7TR, STM32WL33CBV6, STM32WL33CBV6TR, STM32WL33CBV7, STM32WL33CBV7TR, STM32WL33CCV6, STM32WL33CCV6TR, STM32WL33CCV7, STM32WL33CCV7A, STM32WL33CCV7ATR, STM32WL33CCV7TR, STM32WL33K8V6, STM32WL33K8V6TR, STM32WL33K8V7, STM32WL33K8V7TR, STM32WL33KBV6, STM32WL33KBV6TR, STM32WL33KBV7, STM32WL33KBV7TR, STM32WL33KCV6, STM32WL33KCV6TR, STM32WL33KCV7, STM32WL33KCV7TR, STM32WL5MOCH6, STM32WL5MOCH6TR]
2025-12-19 15:40:17,771 [INFO] DbMcus:218 - Found 4817 MCUs, 4817 are supported
2025-12-19 15:40:17,772 [INFO] ApiDb:423 - Load user favorites file C:\Users\kamil/.stm32cubeide/favorites.mcus.txt: 0 item(s)
2025-12-19 15:40:17,772 [INFO] ApiDb:427 - User favorites MCUs=[]
2025-12-19 15:40:17,772 [INFO] DbMcus:224 - Set 0 / 0 favorites MCUs
2025-12-19 15:40:18,053 [INFO] ApiDb:448 - Save user favorites file C:\Users\kamil/.stm32cubeide/favorites.boards.txt: 0 item(s)
2025-12-19 15:40:18,053 [INFO] ApiDb:452 - User favorites Boards=[]
2025-12-19 15:40:18,055 [INFO] ApiDb:581 - Connected to CubeFinder SQLite database (C:\Users\kamil\.stmcufinder\plugins\mcufinder\mcu\cube-finder-db.db)
2025-12-19 15:40:18,099 [INFO] ApiDb:668 - CubeFinder database Data Model version=2.1
2025-12-19 15:40:18,099 [INFO] ApiDb:669 - CubeFinder database Configuration version=3.0.39
2025-12-19 15:40:18,099 [INFO] ApiDb:670 - CubeFinder database generation date=2025-11-05 (1762334721)
2025-12-19 15:40:18,099 [INFO] ApiDb:671 - CubeFinder database FW Pack versions=[FP-ATR-ASTRA1_V2.0.0, FP-SNS-FLIGHT1_V5.1.0, FP-SNS-MOTENV1_V5.1.0, FP-SNS-MOTENVWB1_V1.4.0, FP-SNS-SMARTAG2_V1.2.0, FP-SNS-STBOX1_V2.1.0, STM32Cube_FW_C0_V1.4.0, STM32Cube_FW_F4_V1.28.3, STM32Cube_FW_F7_V1.17.4, STM32Cube_FW_G0_V1.6.2, STM32Cube_FW_G4_V1.6.1, STM32Cube_FW_H5_V1.5.1, STM32Cube_FW_H7RS_V1.3.0, STM32Cube_FW_H7_V1.12.1, STM32Cube_FW_L0_V1.12.2, STM32Cube_FW_L4_V1.18.1, STM32Cube_FW_L5_V1.6.0, STM32Cube_FW_N6_V1.3.0, STM32Cube_FW_U0_V1.3.0, STM32Cube_FW_U3_V1.2.1, STM32Cube_FW_U5_V1.8.0, STM32Cube_FW_WB0_V1.4.0, STM32Cube_FW_WBA_V1.8.0, STM32Cube_FW_WB_V1.24.0, STM32Cube_FW_WL3_V1.3.0, STM32Cube_FW_WL_V1.4.0, X-CUBE-ALGOBUILD_V1.4.0, X-CUBE-ALS_V1.0.2, X-CUBE-AZRTOS-F4_V1.1.0, X-CUBE-AZRTOS-F7_V1.1.0, X-CUBE-AZRTOS-G0_V1.1.0, X-CUBE-AZRTOS-G4_V2.0.0, X-CUBE-AZRTOS-H7RS_V1.1.0, X-CUBE-AZRTOS-H7_V3.4.0, X-CUBE-AZRTOS-L4_V2.0.0, X-CUBE-AZRTOS-L5_V2.0.0, X-CUBE-AZRTOS-WB_V2.0.0, X-CUBE-AZRTOS-WL_V2.0.0, X-CUBE-BLE1_V7.1.0, X-CUBE-BLE2_V3.3.0, X-CUBE-BLEMGR_V4.1.0, X-CUBE-EEPRMA1_V5.2.0, X-CUBE-FREERTOS_V1.3.1, X-CUBE-GNSS1_V6.0.0, X-CUBE-MEMS1_V11.3.0, X-CUBE-NFC4_V3.0.0, X-CUBE-NFC7_V2.0.0, X-CUBE-SFXS2LP1_V4.0.0, X-CUBE-ST67W61_V1.1.0, X-CUBE-SUBG2_V5.0.0, X-CUBE-TOF1_V3.4.3]
2025-12-19 15:40:18,132 [INFO] DbBoardsSqlite:226 - include board P-NUCLEO-WB55-NUCLEO as a kit item of type 'Nucleo-64'
2025-12-19 15:40:18,133 [INFO] DbBoardsSqlite:226 - include board P-NUCLEO-WB55-USBDONGLE as a kit item of type 'Nucleo USB Dongle'
2025-12-19 15:40:18,133 [INFO] DbBoardsSqlite:226 - include board STEVAL-IDP005V1 as a kit item of type 'Evaluation Board'
2025-12-19 15:40:18,133 [INFO] DbBoardsSqlite:226 - include board STEVAL-IDP005V2 as a kit item of type 'Evaluation Board'
2025-12-19 15:40:18,178 [INFO] ApiDb:240 - Found 858 in-development CPN: [B-G473E-ZEST1S, B-WB1M-WPAN1, B-WBA5M-WPAN, B-WL5M-SUBG1, NUCLEO-C031C6, NUCLEO-C051C8, NUCLEO-C071RB, NUCLEO-C092RC, NUCLEO-H503RB, NUCLEO-H533RE, NUCLEO-H563ZI, NUCLEO-H7S3L8, NUCLEO-N657X0-Q, NUCLEO-U031R8, NUCLEO-U083RC, NUCLEO-U385RG-Q, NUCLEO-U545RE-Q, NUCLEO-U5A5ZJ-Q, NUCLEO-WB05KZ, NUCLEO-WB07CC, NUCLEO-WB09KE, NUCLEO-WBA52CG, NUCLEO-WBA55CG, NUCLEO-WL33CC1, NUCLEO-WL33CC2, STEVAL-PROTEUS1, STEVAL-SMARTAG2, STEVAL-STWINBX1, STM320518-EVAL, STM32C0116-DK, STM32C011D6Y3TR, STM32C011D6Y6TR, STM32C011F4P3, STM32C011F4P6, STM32C011F4U3, STM32C011F4U6TR, STM32C011F6P3, STM32C011F6P6, STM32C011F6U3, STM32C011F6U6TR, STM32C011J4M3, STM32C011J4M6, STM32C011J6M3, STM32C011J6M6, STM32C0316-DK, STM32C031C4T3, STM32C031C4T6, STM32C031C4U3, STM32C031C4U6, STM32C031C6T3, STM32C031C6T6, STM32C031C6U3, STM32C031C6U6, STM32C031F4P3, STM32C031F4P6, STM32C031F6P3, STM32C031F6P6, STM32C031G4U3, STM32C031G4U6, STM32C031G6U3, STM32C031G6U6, STM32C031K4T3, STM32C031K4T6, STM32C031K4U3, STM32C031K4U6, STM32C031K6T3, STM32C031K6T6, STM32C031K6U3, STM32C031K6U6, STM32C051C6T6, STM32C051C6U6, STM32C051C8T6, STM32C051C8U6, STM32C051D8Y6TR, STM32C051F6P6, STM32C051F8P6, STM32C051G6U6, STM32C051G8U6, STM32C051K6T6, STM32C051K6U6, STM32C051K8T6, STM32C071C8T6, STM32C071C8T6N, STM32C071C8U6, STM32C071C8U6N, STM32C071CBT6, STM32C071CBT6N, STM32C071CBU6, STM32C071CBU6N, STM32C071F8P6, STM32C071F8P6N, STM32C071FBP6, STM32C071FBP6N, STM32C071FBY6TR, STM32C071G8U6, STM32C071G8U6N, STM32C071GBU6, STM32C071GBU6N, STM32C071K8T6, STM32C071K8T6N, STM32C071K8U6, STM32C071K8U6N, STM32C071KBT6, STM32C071KBT6N, STM32C071KBU6, STM32C071KBU6N, STM32C071R8T6, STM32C071R8T6N, STM32C071RBI6N, STM32C071RBT6, STM32C071RBT6N, STM32C091CBT6, STM32C091CBU6, STM32C091CCT6, STM32C091CCU6, STM32C091ECY6TR, STM32C091FBP6, STM32C091FCP6, STM32C091GBU6, STM32C091GCU6, STM32C091KBT6, STM32C091KBU6, STM32C091KCT6, STM32C091KCU6, STM32C091RBT6, STM32C091RCI6, STM32C091RCT6, STM32C092CBT6, STM32C092CBU6, STM32C092CCT6, STM32C092CCU6, STM32C092ECY6TR, STM32C092FBP6, STM32C092FCP6, STM32C092GBU6, STM32C092GCU6, STM32C092KBT6, STM32C092KBU6, STM32C092KCT6, STM32C092KCU6, STM32C092RBT6, STM32C092RCI6, STM32C092RCT6, STM32G071K8TXN, STM32G071K8UXN, STM32G081GBU6N, STM32G081KBT6N, STM32G081KBUXN, STM32G0B1CCT6N, STM32G0B1KCT6, STM32G0B1NEY6TR, STM32G0B1RCT6N, STM32G0C1CCT6, STM32G0C1CCT6N, STM32G0C1CCU6N, STM32G0C1CET6N, STM32G0C1CEU6N, STM32G0C1KCT6, STM32G0C1NEY6TR, STM32G0C1RCI6N, STM32G0C1RCT6N, STM32G0C1REI6N, STM32G0C1RET6N, STM32G0C1VCI6, STM32G0C1VEI6, STM32G411C6T3, STM32G411C6T6, STM32G411C6U3, STM32G411C6U6, STM32G411C8T3, STM32G411C8T6, STM32G411C8U3, STM32G411C8U6, STM32G411CBT3, STM32G411CBT6, STM32G411CBU3, STM32G411CBU6, STM32G411CCT3, STM32G411CCT6, STM32G411CCU3, STM32G411CCU6, STM32G411K6T3, STM32G411K6T6, STM32G411K6U3, STM32G411K6U6, STM32G411K8T3, STM32G411K8T6, STM32G411K8U3, STM32G411K8U6, STM32G411KBT3, STM32G411KBT6, STM32G411KBU3, STM32G411KBU6, STM32G411M6T3, STM32G411M6T6, STM32G411M8T3, STM32G411M8T6, STM32G411MBT3, STM32G411MBT6, STM32G411MCT3, STM32G411MCT6, STM32G411R6T3, STM32G411R6T6, STM32G411R8T3, STM32G411R8T6, STM32G411RBT3, STM32G411RBT6, STM32G411RCT3, STM32G411RCT6, STM32G414CBT3, STM32G414CBT6, STM32G414CBU3, STM32G414CBU6, STM32G414CCT3, STM32G414CCT6, STM32G414CCU3, STM32G414CCU6, STM32G414MBT3, STM32G414MBT6, STM32G414MCT3, STM32G414MCT6, STM32G414RBT3, STM32G414RBT6, STM32G414RCT3, STM32G414RCT6, STM32G414VBT3, STM32G414VBT6, STM32G414VCT3, STM32G414VCT6, STM32G431CBT3Z, STM32G431RBT3Z, STM32G471CCT6, STM32G471CCU6, STM32G471CET3, STM32G471CET6, STM32G471CEU3, STM32G471CEU6, STM32G471MCT6, STM32G471MET3, STM32G471MET6, STM32G471MEY6TR, STM32G471QCT6, STM32G471QET3, STM32G471RCT6, STM32G471RET3, STM32G471RET6, STM32G471VCH6, STM32G471VCI6, STM32G471VCT6, STM32G471VEH3, STM32G471VEH6, STM32G471VEI3, STM32G471VEI6, STM32G471VET3, STM32G471VET6, STM32G473QET3Z, STM32G473RET3Z, STM32G474CCT6, STM32G491RET3Z, STM32H503CBT6, STM32H503CBU6, STM32H503EBY6TR, STM32H503KBU6, STM32H503RBT6, STM32H523CCT6, STM32H523CCU6, STM32H523CET6, STM32H523CEU6, STM32H523HEY6TR, STM32H523RCT6, STM32H523RET6, STM32H523VCI6, STM32H523VCT6, STM32H523VEI6, STM32H523VET6, STM32H523ZCJ6, STM32H523ZCT6, STM32H523ZEJ6, STM32H523ZET6, STM32H533CET6, STM32H533CEU6, STM32H533HEY6TR, STM32H533RET6, STM32H533VEI6, STM32H533VET6, STM32H533ZEJ6, STM32H533ZET6, STM32H562AGI6, STM32H562AII6, STM32H562IGK6, STM32H562IGT6, STM32H562IIK6, STM32H562IIT6, STM32H562RGT6, STM32H562RGV6, STM32H562RIT6, STM32H562RIV6, STM32H562VGT6, STM32H562VIT6, STM32H562ZGT6, STM32H562ZIT6, STM32H563AGI6, STM32H563AII3Q, STM32H563AII6, STM32H563IGK6, STM32H563IGT6, STM32H563IIK3Q, STM32H563IIK6, STM32H563IIT3Q, STM32H563IIT6, STM32H563MIY3QTR, STM32H563RGT6, STM32H563RGV6, STM32H563RIT6, STM32H563RIV6, STM32H563VGT6, STM32H563VIT3Q, STM32H563VIT6, STM32H563ZGT6, STM32H563ZIT3Q, STM32H563ZIT6, STM32H573AII3Q, STM32H573AII6, STM32H573I-DK, STM32H573IIK3Q, STM32H573IIK6, STM32H573IIT3Q, STM32H573IIT6, STM32H573MIY3QTR, STM32H573RIT6, STM32H573RIV6, STM32H573VIT3Q, STM32H573VIT6, STM32H573ZIT3Q, STM32H573ZIT6, STM32H7R3A8I6, STM32H7R3I8K6, STM32H7R3I8T6, STM32H7R3L8H6, STM32H7R3L8H6H, STM32H7R3R8V6, STM32H7R3V8H6, STM32H7R3V8T6, STM32H7R3V8Y6TR, STM32H7R3Z8J6, STM32H7R3Z8T6, STM32H7R7A8I6, STM32H7R7I8K6, STM32H7R7I8T6, STM32H7R7L8H6, STM32H7R7L8H6H, STM32H7R7Z8J6, STM32H7S3A8I6, STM32H7S3I8K6, STM32H7S3I8T6, STM32H7S3L8H6, STM32H7S3L8H6H, STM32H7S3R8V6, STM32H7S3V8H6, STM32H7S3V8T6, STM32H7S3V8Y6TR, STM32H7S3Z8J6, STM32H7S3Z8T6, STM32H7S78-DK, STM32H7S7A8I6, STM32H7S7I8K6, STM32H7S7I8T6, STM32H7S7L8H6, STM32H7S7L8H6H, STM32H7S7Z8J6, STM32L4R5QGI6STR, STM32MP131AAE3, STM32MP131AAF3, STM32MP131AAG3, STM32MP131CAE3, STM32MP131CAF3, STM32MP131CAG3, STM32MP131DAE7, STM32MP131DAF7, STM32MP131DAG7, STM32MP131FAE7, STM32MP131FAF7, STM32MP131FAG7, STM32MP133AAE3, STM32MP133AAF3, STM32MP133AAG3, STM32MP133CAE3, STM32MP133CAF3, STM32MP133CAG3, STM32MP133DAE7, STM32MP133DAF7, STM32MP133DAG7, STM32MP133FAE7, STM32MP133FAF7, STM32MP133FAG7, STM32MP135AAE3, STM32MP135AAF3, STM32MP135AAG3, STM32MP135CAE3, STM32MP135CAF3, STM32MP135CAG3, STM32MP135DAE7, STM32MP135DAF7, STM32MP135DAG7, STM32MP135F-DK, STM32MP135FAE7, STM32MP135FAF7, STM32MP135FAF7T, STM32MP135FAF7U, STM32MP135FAG7, STM32MP231AAJ3, STM32MP231AAK3, STM32MP231AAL3, STM32MP231CAJ3, STM32MP231CAK3, STM32MP231CAL3, STM32MP231DAJ3, STM32MP231DAK3, STM32MP231DAL3, STM32MP231FAJ3, STM32MP231FAK3, STM32MP231FAL3, STM32MP233AAJ3, STM32MP233AAK3, STM32MP233AAL3, STM32MP233CAJ3, STM32MP233CAK3, STM32MP233CAL3, STM32MP233DAJ3, STM32MP233DAK3, STM32MP233DAL3, STM32MP233FAJ3, STM32MP233FAK3, STM32MP233FAL3, STM32MP235AAJ3, STM32MP235AAK3, STM32MP235AAL3, STM32MP235CAJ3, STM32MP235CAK3, STM32MP235CAL3, STM32MP235DAJ3, STM32MP235DAK3, STM32MP235DAL3, STM32MP235FAJ3, STM32MP235FAK3, STM32MP235FAL3, STM32MP251AAI3, STM32MP251AAJ3, STM32MP251AAK3, STM32MP251AAL3, STM32MP251CAI3, STM32MP251CAJ3, STM32MP251CAK3, STM32MP251CAL3, STM32MP251DAI3, STM32MP251DAJ3, STM32MP251DAK3, STM32MP251DAL3, STM32MP251FAI3, STM32MP251FAJ3, STM32MP251FAK3, STM32MP251FAL3, STM32MP253AAI3, STM32MP253AAJ3, STM32MP253AAK3, STM32MP253AAL3, STM32MP253CAI3, STM32MP253CAJ3, STM32MP253CAK3, STM32MP253CAL3, STM32MP253DAI3, STM32MP253DAJ3, STM32MP253DAK3, STM32MP253DAL3, STM32MP253FAI3, STM32MP253FAJ3, STM32MP253FAK3, STM32MP253FAL3, STM32MP255AAI3, STM32MP255AAJ3, STM32MP255AAK3, STM32MP255AAL3, STM32MP255CAI3, STM32MP255CAJ3, STM32MP255CAK3, STM32MP255CAL3, STM32MP255DAI3, STM32MP255DAJ3, STM32MP255DAK3, STM32MP255DAL3, STM32MP255FAI3, STM32MP255FAJ3, STM32MP255FAK3, STM32MP255FAL3, STM32MP257AAI3, STM32MP257AAJ3, STM32MP257AAK3, STM32MP257AAL3, STM32MP257CAI3, STM32MP257CAJ3, STM32MP257CAK3, STM32MP257CAL3, STM32MP257DAI3, STM32MP257DAJ3, STM32MP257DAK3, STM32MP257DAL3, STM32MP257F-DK, STM32MP257F-EV1, STM32MP257FAI3, STM32MP257FAJ3, STM32MP257FAK3, STM32MP257FAL3, STM32N645A0H3Q, STM32N645B0H3Q, STM32N645I0H3Q, STM32N645L0H3Q, STM32N645X0H3Q, STM32N645Z0H3Q, STM32N647A0H3Q, STM32N647B0H3Q, STM32N647I0H3Q, STM32N647L0H3Q, STM32N647X0H3Q, STM32N647Z0H3Q, STM32N655A0H3Q, STM32N655B0H3Q, STM32N655I0H3Q, STM32N655L0H3Q, STM32N655X0H3Q, STM32N655Z0H3Q, STM32N6570-DK, STM32N657A0H3Q, STM32N657B0H3Q, STM32N657I0H3Q, STM32N657L0H3Q, STM32N657X0H3Q, STM32N657Z0H3Q, STM32U031C6T6, STM32U031C6U6, STM32U031C8T6, STM32U031C8U6, STM32U031F4P6, STM32U031F6P6, STM32U031F8P6, STM32U031G6Y6TR, STM32U031G8Y6TR, STM32U031K4U6, STM32U031K6U6, STM32U031K8U6, STM32U031R6I6, STM32U031R6T6, STM32U031R8I6, STM32U031R8T6, STM32U073C8T6, STM32U073C8U6, STM32U073CBT6, STM32U073CBU6, STM32U073CCT6, STM32U073CCU6, STM32U073H8Y6TR, STM32U073HBY6TR, STM32U073HCY6TR, STM32U073K8U6, STM32U073KBU6, STM32U073KCU6, STM32U073M8I6, STM32U073M8T6, STM32U073MBI6, STM32U073MBT6, STM32U073MCI6, STM32U073MCT6, STM32U073R8I6, STM32U073R8T6, STM32U073RBI6, STM32U073RBT6, STM32U073RCI6, STM32U073RCT6, STM32U083C-DK, STM32U083CCT6, STM32U083CCU6, STM32U083HCY6TR, STM32U083KCU6, STM32U083MCI6, STM32U083MCT6, STM32U083RCI6, STM32U083RCT6, STM32U375CET6, STM32U375CET6Q, STM32U375CEU6, STM32U375CEU6Q, STM32U375CEY6QTR, STM32U375CGT6, STM32U375CGT6Q, STM32U375CGU6, STM32U375CGU6Q, STM32U375CGY6QTR, STM32U375KEU6, STM32U375KGU6, STM32U375REI6, STM32U375REI6Q, STM32U375RET6, STM32U375RET6Q, STM32U375REY6GTR, STM32U375REY6QTR, STM32U375RGI6, STM32U375RGI6Q, STM32U375RGT6, STM32U375RGT6Q, STM32U375RGY6GTR, STM32U375RGY6QTR, STM32U375VEI6, STM32U375VEI6Q, STM32U375VET6, STM32U375VET6Q, STM32U375VGI6, STM32U375VGI6Q, STM32U375VGT6, STM32U375VGT6Q, STM32U385CGT6, STM32U385CGT6Q, STM32U385CGU6, STM32U385CGU6Q, STM32U385CGY6QTR, STM32U385KGU6, STM32U385RGI6, STM32U385RGI6Q, STM32U385RGT6, STM32U385RGT6Q, STM32U385RGY6GTR, STM32U385RGY6QTR, STM32U385VGI6, STM32U385VGI6Q, STM32U385VGT6, STM32U385VGT6Q, STM32U535CBT6, STM32U535CBT6Q, STM32U535CBU6, STM32U535CBU6Q, STM32U535CCT6, STM32U535CCT6Q, STM32U535CCU6, STM32U535CCU6Q, STM32U535CET6, STM32U535CET6Q, STM32U535CEU6, STM32U535CEU6Q, STM32U535JEY6QTR, STM32U535NCY6QTR, STM32U535NEY6QTR, STM32U535RBI6, STM32U535RBI6Q, STM32U535RBT6, STM32U535RBT6Q, STM32U535RCI6, STM32U535RCI6Q, STM32U535RCT6, STM32U535RCT6Q, STM32U535REI6, STM32U535REI6Q, STM32U535RET6, STM32U535RET6Q, STM32U535VCI6, STM32U535VCI6Q, STM32U535VCT6, STM32U535VCT6Q, STM32U535VEI6, STM32U535VEI6Q, STM32U535VET6, STM32U535VET6Q, STM32U545CET6, STM32U545CET6Q, STM32U545CEU6, STM32U545CEU6Q, STM32U545JEY6QTR, STM32U545NEY6QTR, STM32U545REI6, STM32U545REI6Q, STM32U545RET6, STM32U545RET6Q, STM32U545VEI6, STM32U545VEI6Q, STM32U545VET6, STM32U545VET6Q, STM32U595AIH6, STM32U595AIH6Q, STM32U595AJH6, STM32U595AJH6Q, STM32U595QII6, STM32U595QII6Q, STM32U595QJI6, STM32U595QJI6Q, STM32U595RIT6, STM32U595RIT6Q, STM32U595RJT6, STM32U595RJT6Q, STM32U595VIT6, STM32U595VIT6Q, STM32U595VJT6, STM32U595VJT6Q, STM32U595ZIT6, STM32U595ZIT6Q, STM32U595ZIY6QTR, STM32U595ZJT6, STM32U595ZJT6Q, STM32U595ZJY6QTR, STM32U599BJY6QTR, STM32U599NIH6Q, STM32U599NJH6Q, STM32U599VIT6Q, STM32U599VJT6, STM32U599VJT6Q, STM32U599ZIT6Q, STM32U599ZIY6QTR, STM32U599ZJT6Q, STM32U599ZJY6QTR, STM32U5A5AJH6, STM32U5A5AJH6Q, STM32U5A5QII3Q , STM32U5A5QJI6, STM32U5A5QJI6Q, STM32U5A5RJT6, STM32U5A5RJT6Q, STM32U5A5VJT6, STM32U5A5VJT6Q, STM32U5A5ZJT6, STM32U5A5ZJT6Q, STM32U5A5ZJY6QTR, STM32U5A9BJY6QTR, STM32U5A9J-DK, STM32U5A9NJH6Q, STM32U5A9VJT6Q, STM32U5A9ZJT6Q, STM32U5A9ZJY6QTR, STM32U5F7VIT6, STM32U5F7VIT6Q, STM32U5F7VJT6, STM32U5F7VJT6Q, STM32U5F9BJY6QTR, STM32U5F9NJH6Q, STM32U5F9VIT6Q, STM32U5F9VJT6Q, STM32U5F9ZIJ6QTR, STM32U5F9ZIT6Q, STM32U5F9ZJJ6QTR, STM32U5F9ZJT6Q, STM32U5G7VJT6, STM32U5G7VJT6Q, STM32U5G9BJY6QTR, STM32U5G9J-DK1, STM32U5G9J-DK2, STM32U5G9NJH6Q, STM32U5G9VJT6Q, STM32U5G9ZJJ6QTR, STM32U5G9ZJT6Q, STM32WB05KZV6TR, STM32WB05KZV7TR, STM32WB05TZF6TR, STM32WB05TZF7TR, STM32WB06CCF6TR, STM32WB06CCF7TR, STM32WB06CCV6TR, STM32WB06CCV7TR, STM32WB06KCV6TR, STM32WB06KCV7TR, STM32WB07CCF6TR, STM32WB07CCF7TR, STM32WB07CCV6TR, STM32WB07CCV7TR, STM32WB07KCV6TR, STM32WB07KCV7TR, STM32WB09KEV6TR, STM32WB09KEV7TR, STM32WB09TEF6TR, STM32WB09TEF7TR, STM32WB1MMCH6, STM32WBA50KGU6, STM32WBA50KGU6TR, STM32WBA52CEU6, STM32WBA52CEU6TR, STM32WBA52CEU7, STM32WBA52CEU7TR, STM32WBA52CGU6, STM32WBA52CGU6TR, STM32WBA52CGU6U, STM32WBA52CGU7, STM32WBA52CGU7TR, STM32WBA52KEU6, STM32WBA52KEU6TR, STM32WBA52KGU6, STM32WBA52KGU6TR, STM32WBA54CEU6, STM32WBA54CEU6TR, STM32WBA54CEU7, STM32WBA54CEU7TR, STM32WBA54CGU6, STM32WBA54CGU6TR, STM32WBA54CGU7, STM32WBA54CGU7TR, STM32WBA54KEU6, STM32WBA54KEU6TR, STM32WBA54KEU7, STM32WBA54KEU7TR, STM32WBA54KGU6, STM32WBA54KGU6TR, STM32WBA54KGU7, STM32WBA54KGU7TR, STM32WBA55CEU6, STM32WBA55CEU6TR, STM32WBA55CEU7, STM32WBA55CEU7TR, STM32WBA55CGU6, STM32WBA55CGU6TR, STM32WBA55CGU6U, STM32WBA55CGU7, STM32WBA55CGU7TR, STM32WBA55G-DK1, STM32WBA55HEF6, STM32WBA55HEF7, STM32WBA55HGF6, STM32WBA55HGF7, STM32WBA55UEI6, STM32WBA55UEI6TR, STM32WBA55UEI7, STM32WBA55UEI7TR, STM32WBA55UGI6, STM32WBA55UGI6TR, STM32WBA55UGI7, STM32WBA55UGI7TR, STM32WBA5MJGH6TR, STM32WBA5MJGH6U, STM32WL33C8V6, STM32WL33C8V6TR, STM32WL33C8V7, STM32WL33C8V7TR, STM32WL33CBV6, STM32WL33CBV6TR, STM32WL33CBV7, STM32WL33CBV7TR, STM32WL33CCV6, STM32WL33CCV6TR, STM32WL33CCV7, STM32WL33CCV7A, STM32WL33CCV7ATR, STM32WL33CCV7TR, STM32WL33K8V6, STM32WL33K8V6TR, STM32WL33K8V7, STM32WL33K8V7TR, STM32WL33KBV6, STM32WL33KBV6TR, STM32WL33KBV7, STM32WL33KBV7TR, STM32WL33KCV6, STM32WL33KCV6TR, STM32WL33KCV7, STM32WL33KCV7TR, STM32WL5MOCH6, STM32WL5MOCH6TR]
2025-12-19 15:40:18,379 [INFO] BoardInfo:889 - No configuration file found for board NUCLEO-WBA65RI
2025-12-19 15:40:18,380 [INFO] DbBoards:161 - Board is not supported: NUCLEO-WBA65RI
2025-12-19 15:40:18,394 [INFO] BoardInfo:889 - No configuration file found for board P-NUCLEO-WB55
2025-12-19 15:40:18,395 [INFO] DbBoards:161 - Kit is not supported: P-NUCLEO-WB55
2025-12-19 15:40:18,403 [INFO] BoardInfo:889 - No configuration file found for board STEVAL-BFA001V1B
2025-12-19 15:40:18,404 [INFO] DbBoards:161 - Kit is not supported: STEVAL-BFA001V1B
2025-12-19 15:40:18,405 [INFO] BoardInfo:889 - No configuration file found for board STEVAL-BFA001V2B
2025-12-19 15:40:18,406 [INFO] DbBoards:161 - Kit is not supported: STEVAL-BFA001V2B
2025-12-19 15:40:18,609 [INFO] BoardInfo:889 - No configuration file found for board STM32WBA65I-DK1
2025-12-19 15:40:18,610 [INFO] DbBoards:161 - Board is not supported: STM32WBA65I-DK1
2025-12-19 15:40:18,610 [INFO] DbBoards:168 - Found 211 boards, 206 are supported
2025-12-19 15:40:18,610 [INFO] DbBoards:169 - Found 211 boards, 42 of them is supported for  Bsp
2025-12-19 15:40:18,612 [INFO] ApiDb:423 - Load user favorites file C:\Users\kamil/.stm32cubeide/favorites.boards.txt: 0 item(s)
2025-12-19 15:40:18,612 [INFO] ApiDb:427 - User favorites Boards=[]
2025-12-19 15:40:18,612 [INFO] DbBoards:198 - Set 0 / 0 favorites Boards
2025-12-19 15:40:18,846 [INFO] ServerAccessManage:473 - Download File 
2025-12-19 15:40:18,938 [INFO] LoadUrlFilesThread:185 - End of LoadServerUrlFiles without Thread
2025-12-19 15:40:18,938 [INFO] TargetSelectorAdapter:259 - Refresh data is successful
2025-12-19 15:40:18,946 [INFO] ApiDb:668 - CubeFinder database Data Model version=2.1
2025-12-19 15:40:18,946 [INFO] ApiDb:669 - CubeFinder database Configuration version=3.0.39
2025-12-19 15:40:18,946 [INFO] ApiDb:670 - CubeFinder database generation date=2025-11-05 (1762334721)
2025-12-19 15:40:18,946 [INFO] ApiDb:671 - CubeFinder database FW Pack versions=[FP-ATR-ASTRA1_V2.0.0, FP-SNS-FLIGHT1_V5.1.0, FP-SNS-MOTENV1_V5.1.0, FP-SNS-MOTENVWB1_V1.4.0, FP-SNS-SMARTAG2_V1.2.0, FP-SNS-STBOX1_V2.1.0, STM32Cube_FW_C0_V1.4.0, STM32Cube_FW_F4_V1.28.3, STM32Cube_FW_F7_V1.17.4, STM32Cube_FW_G0_V1.6.2, STM32Cube_FW_G4_V1.6.1, STM32Cube_FW_H5_V1.5.1, STM32Cube_FW_H7RS_V1.3.0, STM32Cube_FW_H7_V1.12.1, STM32Cube_FW_L0_V1.12.2, STM32Cube_FW_L4_V1.18.1, STM32Cube_FW_L5_V1.6.0, STM32Cube_FW_N6_V1.3.0, STM32Cube_FW_U0_V1.3.0, STM32Cube_FW_U3_V1.2.1, STM32Cube_FW_U5_V1.8.0, STM32Cube_FW_WB0_V1.4.0, STM32Cube_FW_WBA_V1.8.0, STM32Cube_FW_WB_V1.24.0, STM32Cube_FW_WL3_V1.3.0, STM32Cube_FW_WL_V1.4.0, X-CUBE-ALGOBUILD_V1.4.0, X-CUBE-ALS_V1.0.2, X-CUBE-AZRTOS-F4_V1.1.0, X-CUBE-AZRTOS-F7_V1.1.0, X-CUBE-AZRTOS-G0_V1.1.0, X-CUBE-AZRTOS-G4_V2.0.0, X-CUBE-AZRTOS-H7RS_V1.1.0, X-CUBE-AZRTOS-H7_V3.4.0, X-CUBE-AZRTOS-L4_V2.0.0, X-CUBE-AZRTOS-L5_V2.0.0, X-CUBE-AZRTOS-WB_V2.0.0, X-CUBE-AZRTOS-WL_V2.0.0, X-CUBE-BLE1_V7.1.0, X-CUBE-BLE2_V3.3.0, X-CUBE-BLEMGR_V4.1.0, X-CUBE-EEPRMA1_V5.2.0, X-CUBE-FREERTOS_V1.3.1, X-CUBE-GNSS1_V6.0.0, X-CUBE-MEMS1_V11.3.0, X-CUBE-NFC4_V3.0.0, X-CUBE-NFC7_V2.0.0, X-CUBE-SFXS2LP1_V4.0.0, X-CUBE-ST67W61_V1.1.0, X-CUBE-SUBG2_V5.0.0, X-CUBE-TOF1_V3.4.3]
2025-12-19 15:40:19,435 [ERROR] DbExamplesSqlite:437 - Missing JSON key: board_cpn
2025-12-19 15:40:19,435 [ERROR] DbExamplesSqlite:437 - Missing JSON key: board_cpn
2025-12-19 15:40:19,435 [ERROR] DbExamplesSqlite:437 - Missing JSON key: board_cpn
2025-12-19 15:40:19,435 [ERROR] DbExamplesSqlite:437 - Missing JSON key: board_cpn
2025-12-19 15:40:19,722 [ERROR] DbExamplesSqlite:437 - Missing JSON key: board_cpn
2025-12-19 15:40:19,722 [ERROR] DbExamplesSqlite:437 - Missing JSON key: board_cpn
2025-12-19 15:40:19,728 [INFO] DbExamplesSqlite:395 - Ignored 42 examples not supported by CubeIDE
2025-12-19 15:40:19,729 [INFO] DbExamplesSqlite:396 - Found 10883 examples active
2025-12-19 15:40:19,729 [INFO] DbExamplesSqlite:397 - Found 0 examples obsolete
2025-12-19 15:40:19,729 [INFO] DbExamplesSqlite:398 - Found 0 examples under development
2025-12-19 15:40:19,729 [INFO] DbExamplesSqlite:399 - Found 85 examples not building
2025-12-19 15:40:19,731 [INFO] DbExamples:125 - Found 10926 examples
2025-12-19 15:40:19,755 [ERROR] DbExamples:208 - Found 73 examples with invalid data (board or MCU)
2025-12-19 15:40:19,756 [INFO] DbExamples:222 - Found 134 boards with related examples
2025-12-19 15:40:19,757 [INFO] DbExamples:235 - Found 111 MCUs with related examples
2025-12-19 15:40:19,768 [INFO] ApiDb:423 - Load user favorites file C:\Users\kamil/.stm32cubeide/favorites.examples.txt: 0 item(s)
2025-12-19 15:40:19,769 [INFO] ApiDb:427 - User favorites Examples=[]
2025-12-19 15:40:19,771 [INFO] DbExamples:250 - Set 0 / 0 favorites Examples
2025-12-19 15:40:19,920 [INFO] McuFinderGlobals:76 - Set McuFinderConnectedMode to true
2025-12-19 15:40:19,929 [INFO] MultiScanPanel:200 - Auto-refresh data requested => check proxy status ongoing
2025-12-19 15:40:19,933 [INFO] FinderPluginLoader:95 - Searching for filters in installed packs
2025-12-19 15:40:21,143 [INFO] LoadUrlFilesThread:185 - End of LoadServerUrlFiles without Thread
2025-12-19 15:40:21,164 [INFO] DetailPanel:341 - Set advertising image to C:/Users/kamil/STM32Cube/Repository/\en.prom-st67w-expansion-board.png
2025-12-19 15:41:50,431 [INFO] McuResultTable:1403 - Mark MCU STM32H743IIT6 as favorite
2025-12-19 15:42:15,712 [INFO] MainUpdater:2872 - connection check result : 10
2025-12-19 15:42:15,712 [INFO] MainUpdater:2872 - connection check result : 10
2025-12-19 15:42:29,299 [INFO] LogOutputStream:77 - [STDOUT_REDIRECT] Nominal 
2025-12-19 15:42:29,404 [INFO] I2cTimingTraitement:330 - 0x00000E14
2025-12-19 15:42:29,443 [INFO] I2cTimingTraitement:330 - 0x00000E14
2025-12-19 15:42:29,448 [INFO] MicroXplorer:468 - Change Database Path : 
2025-12-19 15:42:29,448 [INFO] MicroXplorer:498 - Change Database Version : DB.6.0.130
2025-12-19 15:42:29,470 [ERROR] ProjectManagerView:394 - 
java.lang.NullPointerException: Cannot invoke "javax.swing.JTextField.getText()" because the return value of "java.util.List.get(int)" is null
	at com.st.microxplorer.plugins.projectmanager.gui.ProjectChoiceTab$9.caretUpdate(ProjectChoiceTab.java:2616) ~[filemanager.jar:?]
	at javax.swing.text.JTextComponent.fireCaretUpdate(JTextComponent.java:408) ~[?:?]
	at javax.swing.text.JTextComponent$MutableCaretEvent.fire(JTextComponent.java:4484) ~[?:?]
	at javax.swing.text.JTextComponent$MutableCaretEvent.stateChanged(JTextComponent.java:4506) ~[?:?]
	at javax.swing.text.DefaultCaret.fireStateChanged(DefaultCaret.java:857) ~[?:?]
	at javax.swing.text.DefaultCaret.changeCaretPosition(DefaultCaret.java:1343) ~[?:?]
	at javax.swing.text.DefaultCaret.handleSetDot(DefaultCaret.java:1242) ~[?:?]
	at javax.swing.text.DefaultCaret.setDot(DefaultCaret.java:1223) ~[?:?]
	at javax.swing.text.DefaultCaret$Handler.insertUpdate(DefaultCaret.java:1819) ~[?:?]
	at javax.swing.text.AbstractDocument.fireInsertUpdate(AbstractDocument.java:227) ~[?:?]
	at javax.swing.text.AbstractDocument.handleInsertString(AbstractDocument.java:781) ~[?:?]
	at javax.swing.text.AbstractDocument.insertString(AbstractDocument.java:740) ~[?:?]
	at javax.swing.text.PlainDocument.insertString(PlainDocument.java:131) ~[?:?]
	at javax.swing.text.AbstractDocument.replace(AbstractDocument.java:699) ~[?:?]
	at javax.swing.text.JTextComponent.setText(JTextComponent.java:1725) ~[?:?]
	at com.st.microxplorer.plugins.projectmanager.gui.ProjectChoiceTab.createHeapStackFields(ProjectChoiceTab.java:975) ~[filemanager.jar:?]
	at com.st.microxplorer.plugins.projectmanager.gui.ProjectChoiceTab.buildLinkSettingsPanel(ProjectChoiceTab.java:3666) ~[filemanager.jar:?]
	at com.st.microxplorer.plugins.projectmanager.gui.ProjectChoiceTab.defineWindowsFields(ProjectChoiceTab.java:1934) ~[filemanager.jar:?]
	at com.st.microxplorer.plugins.projectmanager.gui.ProjectChoiceTab.updateSettings(ProjectChoiceTab.java:553) ~[filemanager.jar:?]
	at com.st.microxplorer.plugins.projectmanager.gui.ProjectSettingsPanel.UpdateDialog(ProjectSettingsPanel.java:245) ~[filemanager.jar:?]
	at com.st.microxplorer.plugins.projectmanager.ProjectManagerView.propertyChange(ProjectManagerView.java:391) ~[filemanager.jar:?]
	at java.beans.PropertyChangeSupport.fire(PropertyChangeSupport.java:343) ~[?:?]
	at java.beans.PropertyChangeSupport.firePropertyChange(PropertyChangeSupport.java:335) ~[?:?]
	at java.beans.PropertyChangeSupport.firePropertyChange(PropertyChangeSupport.java:268) ~[?:?]
	at com.st.microxplorer.util.MXPropertyChangeSupport.firePropertyChange(MXPropertyChangeSupport.java:54) ~[STM32CubeMX.jar:?]
	at com.st.microxplorer.mxsystem.MxSystem.closeConfig(MxSystem.java:899) ~[STM32CubeMX.jar:?]
	at com.st.microxplorer.maingui.MainPanel.closeConfig(MainPanel.java:789) ~[STM32CubeMX.jar:?]
	at com.st.microxplorer.plugins.filemanager.engine.OpenFileManager.loadConfigurationFile(OpenFileManager.java:265) ~[filemanager.jar:?]
	at com.st.microxplorer.plugins.filemanager.engine.MainFileManager.userLoadConfig(MainFileManager.java:340) ~[filemanager.jar:?]
	at com.st.microxplorer.plugins.filemanager.engine.MainFileManager.userLoadConfig(MainFileManager.java:318) ~[filemanager.jar:?]
	at com.st.microxplorer.plugins.filemanager.FileManagerView.getSpecificTask(FileManagerView.java:246) ~[filemanager.jar:?]
	at com.st.stm32cube.common.mx.editor.CubeMxEditor.getMxTabbedPaneInstance(CubeMxEditor.java:1198) ~[com.st.stm32cube.common.mx_6.13.0.202411220809/:?]
	at com.st.stm32cube.common.mx.editor.CubeMxEditor$12$1.createSwingComponent(CubeMxEditor.java:1068) ~[com.st.stm32cube.common.mx_6.13.0.202411220809/:?]
	at com.st.stm32cube.common.mx.oss.core.awtswtbridge.EmbeddedSwingComposite.doComponentCreation(EmbeddedSwingComposite.java:492) ~[com.st.stm32cube.common.mx.oss_6.13.0.202411220809/:?]
	at com.st.stm32cube.common.mx.oss.core.awtswtbridge.EmbeddedSwingComposite$4.run(EmbeddedSwingComposite.java:291) ~[com.st.stm32cube.common.mx.oss_6.13.0.202411220809/:?]
	at com.st.stm32cube.common.mx.oss.core.awtswtbridge.AwtEnvironment$2.run(AwtEnvironment.java:166) ~[com.st.stm32cube.common.mx.oss_6.13.0.202411220809/:?]
	at java.awt.event.InvocationEvent.dispatch(InvocationEvent.java:318) ~[?:?]
	at java.awt.EventQueue.dispatchEventImpl(EventQueue.java:773) ~[?:?]
	at java.awt.EventQueue$4.run(EventQueue.java:720) ~[?:?]
	at java.awt.EventQueue$4.run(EventQueue.java:714) ~[?:?]
	at java.security.AccessController.doPrivileged(AccessController.java:400) ~[?:?]
	at java.security.ProtectionDomain$JavaSecurityAccessImpl.doIntersectionPrivilege(ProtectionDomain.java:87) ~[?:?]
	at java.awt.EventQueue.dispatchEvent(EventQueue.java:742) ~[?:?]
	at java.awt.EventDispatchThread.pumpOneEventForFilters(EventDispatchThread.java:203) ~[?:?]
	at java.awt.EventDispatchThread.pumpEventsForFilter(EventDispatchThread.java:124) ~[?:?]
	at java.awt.EventDispatchThread.pumpEventsForHierarchy(EventDispatchThread.java:113) ~[?:?]
	at java.awt.EventDispatchThread.pumpEvents(EventDispatchThread.java:109) ~[?:?]
	at java.awt.EventDispatchThread.pumpEvents(EventDispatchThread.java:101) ~[?:?]
	at java.awt.EventDispatchThread.run(EventDispatchThread.java:90) ~[?:?]
2025-12-19 15:42:29,471 [WARN] ThirdParty:871 - waiting for thirdparty lock release [close project]
2025-12-19 15:42:29,471 [INFO] ThirdParty:873 - entering critical section [close project]
2025-12-19 15:42:29,471 [INFO] ThirdParty:883 - exiting critical section [close project]
2025-12-19 15:42:29,474 [INFO] PinOutPanel:1589 - setPackage(No Configuration,No Configuration)
2025-12-19 15:42:29,484 [WARN] IpParametersView:154 - Warning: This peripheral hasn't parameters
2025-12-19 15:42:29,491 [WARN] MainPanel:289 - <html><b><center>Warning: This peripheral has no parameters to be configured<br></b></html>
2025-12-19 15:42:29,492 [ERROR] MainPanel:599 - java.lang.IndexOutOfBoundsException: Index: 0, Tab count: 0
2025-12-19 15:42:29,496 [INFO] UtilMem:75 - Begin LoadConfig() Used Memory: 974503816 Bytes (1073741824)
2025-12-19 15:42:29,497 [INFO] MicroXplorer:468 - Change Database Path : 
2025-12-19 15:42:29,497 [INFO] MicroXplorer:498 - Change Database Version : DB.6.0.130
2025-12-19 15:42:29,497 [INFO] OpenFileManager:332 - Change cursor
2025-12-19 15:42:29,518 [INFO] RulesReader:64 - Compatibility file has been processed (297 Rules)
2025-12-19 15:42:29,529 [INFO] Mcu:2035 - Initializing MCU STM32H743IITx STM32H743IITx STM32H743IIT6
2025-12-19 15:42:32,702 [INFO] Context:748 - Trying to add GPIOservice into a context  which must be forbidden
2025-12-19 15:42:34,005 [INFO] ImportTextPane:218 - (OptionalMessage_ERROR) Unable to find key (Mcu.ThirdPartyNb) in loaded IOC file
2025-12-19 15:42:34,005 [INFO] ImportTextPane:218 - (OptionalMessage_ERROR) Unable to find key (Mcu.PinsNb) in loaded IOC file
2025-12-19 15:42:34,005 [INFO] ImportTextPane:218 - (OptionalMessage_ERROR) Unable to find key (Mcu.IPNb) in loaded IOC file
2025-12-19 15:42:34,189 [INFO] RtosManager:555 - Registered RTOS mode: class=CMSIS, group=RTOS, mode=CMSIS_V1, owner=FREERTOS
2025-12-19 15:42:34,189 [INFO] RtosManager:555 - Registered RTOS mode: class=CMSIS, group=RTOS2, mode=CMSIS_V2, owner=FREERTOS
2025-12-19 15:42:34,189 [INFO] RtosManager:555 - Registered RTOS mode: class=RTOS, group=Core, mode=CMSIS_V1, owner=FREERTOS
2025-12-19 15:42:34,189 [INFO] RtosManager:555 - Registered RTOS mode: class=RTOS, group=Core, mode=CMSIS_V2, owner=FREERTOS
2025-12-19 15:42:34,190 [WARN] ModelIntegratedComponent:184 - Missing modes for component STMicroelectronics:FreeRTOS:0.0.1:STMicroelectronics:RTOS:FreeRTOS:Core:::10.2.0:
2025-12-19 15:42:34,193 [WARN] ModelIntegratedComponent:63 - No mode defined for component null
2025-12-19 15:42:34,193 [WARN] ModelIntegratedComponent:63 - No mode defined for component null
2025-12-19 15:42:34,194 [WARN] ModelIntegratedComponent:63 - No mode defined for component null
2025-12-19 15:42:34,194 [WARN] ModelIntegratedComponent:63 - No mode defined for component null
2025-12-19 15:42:34,194 [WARN] ModelIntegratedComponent:63 - No mode defined for component null
2025-12-19 15:42:34,194 [WARN] ModelIntegratedComponent:63 - No mode defined for component null
2025-12-19 15:42:34,194 [WARN] ModelIntegratedComponent:63 - No mode defined for component null
2025-12-19 15:42:34,194 [WARN] ModelIntegratedComponent:63 - No mode defined for component null
2025-12-19 15:42:34,195 [WARN] ModelIntegratedComponent:63 - No mode defined for component null
2025-12-19 15:42:34,195 [WARN] ModelIntegratedComponent:63 - No mode defined for component null
2025-12-19 15:42:34,195 [WARN] ModelIntegratedComponent:63 - No mode defined for component null
2025-12-19 15:42:34,195 [WARN] ModelIntegratedComponent:63 - No mode defined for component null
2025-12-19 15:42:34,195 [WARN] ModelIntegratedComponent:63 - No mode defined for component null
2025-12-19 15:42:34,195 [WARN] ModelIntegratedComponent:63 - No mode defined for component null
2025-12-19 15:42:34,195 [WARN] ModelIntegratedComponent:63 - No mode defined for component null
2025-12-19 15:42:34,195 [WARN] ModelIntegratedComponent:63 - No mode defined for component null
2025-12-19 15:42:34,195 [WARN] ModelIntegratedComponent:63 - No mode defined for component null
2025-12-19 15:42:34,196 [WARN] ModelIntegratedComponent:63 - No mode defined for component null
2025-12-19 15:42:34,196 [WARN] ModelIntegratedComponent:63 - No mode defined for component null
2025-12-19 15:42:34,196 [WARN] ModelIntegratedComponent:63 - No mode defined for component null
2025-12-19 15:42:34,196 [WARN] ModelIntegratedComponent:63 - No mode defined for component null
2025-12-19 15:42:34,196 [WARN] ModelIntegratedComponent:63 - No mode defined for component null
2025-12-19 15:42:34,196 [WARN] ModelIntegratedComponent:63 - No mode defined for component null
2025-12-19 15:42:34,197 [WARN] ModelIntegratedComponent:63 - No mode defined for component null
2025-12-19 15:42:34,197 [WARN] ModelIntegratedComponent:63 - No mode defined for component null
2025-12-19 15:42:34,197 [WARN] ModelIntegratedComponent:63 - No mode defined for component null
2025-12-19 15:42:34,197 [WARN] ModelIntegratedComponent:63 - No mode defined for component null
2025-12-19 15:42:34,197 [WARN] ModelIntegratedComponent:63 - No mode defined for component null
2025-12-19 15:42:34,197 [WARN] ModelIntegratedComponent:63 - No mode defined for component null
2025-12-19 15:42:34,197 [WARN] ModelIntegratedComponent:63 - No mode defined for component null
2025-12-19 15:42:34,198 [WARN] ModelIntegratedComponent:63 - No mode defined for component null
2025-12-19 15:42:34,198 [WARN] ModelIntegratedComponent:63 - No mode defined for component null
2025-12-19 15:42:34,198 [WARN] ModelIntegratedComponent:63 - No mode defined for component null
2025-12-19 15:42:34,198 [WARN] ModelIntegratedComponent:63 - No mode defined for component null
2025-12-19 15:42:34,198 [WARN] ModelIntegratedComponent:63 - No mode defined for component null
2025-12-19 15:42:34,198 [WARN] ModelPack:524 - Component already loaded: STMicroelectronics:HAL Drivers:0.0.0:STMicroelectronics:Device:STMicro_Driver:XSPI:HAL::0.0.1:HAL_XSPI
2025-12-19 15:42:34,472 [INFO] ThirdPartyModel:298 - Start build external matchings
2025-12-19 15:42:36,073 [INFO] ThirdPartyModel:316 - End build external matchings
2025-12-19 15:42:36,876 [INFO] UtilMem:75 - End LoadConfig() Used Memory: 993761912 Bytes (1073741824)
2025-12-19 15:42:36,912 [WARN] ThirdParty:833 - waiting for thirdparty lock release [change project]
2025-12-19 15:42:36,912 [INFO] ThirdParty:835 - entering critical section [change project]
2025-12-19 15:42:36,912 [INFO] ThirdParty:1030 - CMSIS Pack Vendor :STMicroelectronics X-CUBE-PM33A1 1.0.0
2025-12-19 15:42:36,912 [INFO] ThirdParty:1030 - CMSIS Pack Vendor :STMicroelectronics USBPD 4.1
2025-12-19 15:42:36,912 [INFO] ThirdParty:1030 - CMSIS Pack Vendor :STMicroelectronics USB_HOST 2.0.0
2025-12-19 15:42:36,912 [INFO] ThirdParty:1030 - CMSIS Pack Vendor :STMicroelectronics FP-SNS-MOTENVWB1 1.4.0
2025-12-19 15:42:36,912 [INFO] ThirdParty:1030 - CMSIS Pack Vendor :STMicroelectronics X-CUBE-AZRTOS-F4 1.1.0
2025-12-19 15:42:36,912 [INFO] ThirdParty:1030 - CMSIS Pack Vendor :STMicroelectronics LIBJPEG 8.0.0
2025-12-19 15:42:36,912 [INFO] ThirdParty:1030 - CMSIS Pack Vendor :STMicroelectronics FP-ATR-ASTRA1 2.0.2
2025-12-19 15:42:36,912 [INFO] ThirdParty:1030 - CMSIS Pack Vendor :STMicroelectronics FP-ATR-ASTRA1 2.0.1
2025-12-19 15:42:36,912 [INFO] ThirdParty:1030 - CMSIS Pack Vendor :STMicroelectronics X-CUBE-SMBUS 2.1.0
2025-12-19 15:42:36,912 [INFO] ThirdParty:1030 - CMSIS Pack Vendor :STMicroelectronics X-CUBE-WB05N 1.1.0
2025-12-19 15:42:36,912 [INFO] ThirdParty:1030 - CMSIS Pack Vendor :STMicroelectronics X-CUBE-ISPU 2.1.0
2025-12-19 15:42:36,912 [INFO] ThirdParty:1030 - CMSIS Pack Vendor :STMicroelectronics X-CUBE-FREERTOS 1.2.0
2025-12-19 15:42:36,913 [INFO] ThirdParty:1030 - CMSIS Pack Vendor :STMicroelectronics X-CUBE-ST60 1.0.0
2025-12-19 15:42:36,913 [INFO] ThirdParty:1030 - CMSIS Pack Vendor :STMicroelectronics X-CUBE-NFC12 1.0.0
2025-12-19 15:42:36,913 [INFO] ThirdParty:1030 - CMSIS Pack Vendor :STMicroelectronics X-CUBE-AZRTOS-F7 1.1.0
2025-12-19 15:42:36,913 [INFO] ThirdParty:1030 - CMSIS Pack Vendor :STMicroelectronics X-CUBE-AZRTOS-L5 2.0.0
2025-12-19 15:42:36,913 [INFO] ThirdParty:1030 - CMSIS Pack Vendor :STMicroelectronics USB_DEVICE 2.0.0
2025-12-19 15:42:36,913 [INFO] ThirdParty:1030 - CMSIS Pack Vendor :STMicroelectronics X-CUBE-NFC6 3.1.0
2025-12-19 15:42:36,913 [INFO] ThirdParty:1030 - CMSIS Pack Vendor :ARM CMSIS 5.7.0
2025-12-19 15:42:36,913 [INFO] ThirdParty:1030 - CMSIS Pack Vendor :STMicroelectronics X-CUBE-MEMS1 11.0.0
2025-12-19 15:42:36,913 [INFO] ThirdParty:1030 - CMSIS Pack Vendor :STMicroelectronics FreeRTOS 0.0.1
2025-12-19 15:42:36,913 [INFO] ThirdParty:1030 - CMSIS Pack Vendor :STMicroelectronics X-CUBE-DPower 1.2.0
2025-12-19 15:42:36,913 [INFO] ThirdParty:1030 - CMSIS Pack Vendor :STMicroelectronics FP-SNS-FLIGHT1 5.0.2
2025-12-19 15:42:36,913 [INFO] ThirdParty:1030 - CMSIS Pack Vendor :STMicroelectronics PDM2PCM 3.3.0
2025-12-19 15:42:36,913 [INFO] ThirdParty:1030 - CMSIS Pack Vendor :STMicroelectronics X-CUBE-AZRTOS-H7 3.4.0
2025-12-19 15:42:36,913 [INFO] ThirdParty:1030 - CMSIS Pack Vendor :STMicroelectronics X-CUBE-DISPLAY 3.0.0
2025-12-19 15:42:36,913 [INFO] ThirdParty:1030 - CMSIS Pack Vendor :STMicroelectronics X-CUBE-BLE1 7.0.0
2025-12-19 15:42:36,913 [INFO] ThirdParty:1030 - CMSIS Pack Vendor :STMicroelectronics X-CUBE-NFC10 1.0.0
2025-12-19 15:42:36,913 [INFO] ThirdParty:1030 - CMSIS Pack Vendor :STMicroelectronics X-CUBE-BLEMGR 4.0.0
2025-12-19 15:42:36,913 [INFO] ThirdParty:1030 - CMSIS Pack Vendor :STMicroelectronics X-CUBE-FREERTOS 1.3.1
2025-12-19 15:42:36,914 [INFO] ThirdParty:1030 - CMSIS Pack Vendor :STMicroelectronics HAL Drivers 0.0.0
2025-12-19 15:42:36,914 [INFO] ThirdParty:1030 - CMSIS Pack Vendor :STMicroelectronics X-CUBE-ST60 1.1.0
2025-12-19 15:42:36,914 [INFO] ThirdParty:1030 - CMSIS Pack Vendor :emotas I-CUBE-CANOPEN 1.3.0
2025-12-19 15:42:36,914 [INFO] ThirdParty:1030 - CMSIS Pack Vendor :STMicroelectronics X-CUBE-FREERTOS 1.3.0
2025-12-19 15:42:36,914 [INFO] ThirdParty:1030 - CMSIS Pack Vendor :STMicroelectronics X-CUBE-NFC7 1.0.1
2025-12-19 15:42:36,914 [INFO] ThirdParty:1030 - CMSIS Pack Vendor :STMicroelectronics MBEDTLS 2.14.1
2025-12-19 15:42:36,914 [INFO] ThirdParty:1030 - CMSIS Pack Vendor :STMicroelectronics X-CUBE-GNSS1 7.1.0
2025-12-19 15:42:36,914 [INFO] ThirdParty:1030 - CMSIS Pack Vendor :STMicroelectronics X-CUBE-TOUCHGFX 4.26.0
2025-12-19 15:42:36,914 [INFO] ThirdParty:1030 - CMSIS Pack Vendor :STMicroelectronics X-CUBE-BLEMGR 3.1.0
2025-12-19 15:42:36,914 [INFO] ThirdParty:1030 - CMSIS Pack Vendor :STMicroelectronics X-CUBE-AI 10.0.0
2025-12-19 15:42:36,914 [INFO] ThirdParty:1030 - CMSIS Pack Vendor :STMicroelectronics FP-SNS-STAIOTCFT 1.0.0
2025-12-19 15:42:36,914 [INFO] ThirdParty:1030 - CMSIS Pack Vendor :STMicroelectronics FP-SNS-SMARTAG2 1.2.0
2025-12-19 15:42:36,914 [INFO] ThirdParty:1030 - CMSIS Pack Vendor :STMicroelectronics FP-SNS-FLIGHT1 5.1.0
2025-12-19 15:42:36,914 [INFO] ThirdParty:1030 - CMSIS Pack Vendor :STMicroelectronics X-CUBE-MEMS1 11.1.0
2025-12-19 15:42:36,914 [INFO] ThirdParty:1030 - CMSIS Pack Vendor :STMicroelectronics X-CUBE-AZRTOS-WL 2.0.0
2025-12-19 15:42:36,914 [INFO] ThirdParty:1030 - CMSIS Pack Vendor :STMicroelectronics X-CUBE-DPower 1.3.0
2025-12-19 15:42:36,914 [INFO] ThirdParty:1030 - CMSIS Pack Vendor :STMicroelectronics FP-SNS-MOTENV1 5.0.0
2025-12-19 15:42:36,914 [INFO] ThirdParty:1030 - CMSIS Pack Vendor :STMicroelectronics USB_DEVICE 1.0.0
2025-12-19 15:42:36,914 [INFO] ThirdParty:1030 - CMSIS Pack Vendor :STMicroelectronics X-CUBE-AZRTOS-H7RS 1.2.0
2025-12-19 15:42:36,914 [INFO] ThirdParty:1030 - CMSIS Pack Vendor :wolfSSL I-CUBE-wolfMQTT 1.19.0
2025-12-19 15:42:36,914 [INFO] ThirdParty:1030 - CMSIS Pack Vendor :STMicroelectronics X-CUBE-AZRTOS-L4 2.0.0
2025-12-19 15:42:36,914 [INFO] ThirdParty:1030 - CMSIS Pack Vendor :STMicroelectronics ThreadX 0.0.2
2025-12-19 15:42:36,914 [INFO] ThirdParty:1030 - CMSIS Pack Vendor :WES I-CUBE-Cesium 1.3.0
2025-12-19 15:42:36,914 [INFO] ThirdParty:1030 - CMSIS Pack Vendor :STMicroelectronics lwIP 2.1.2
2025-12-19 15:42:36,914 [INFO] ThirdParty:1030 - CMSIS Pack Vendor :STMicroelectronics X-CUBE-SFXS2LP1 4.0.0
2025-12-19 15:42:36,914 [INFO] ThirdParty:1030 - CMSIS Pack Vendor :STMicroelectronics X-CUBE-BLE2 3.3.0
2025-12-19 15:42:36,915 [INFO] ThirdParty:1030 - CMSIS Pack Vendor :Avnet-IOTCONNECT X-CUBE-iotc-st67-sdk 1.0.0
2025-12-19 15:42:36,915 [INFO] ThirdParty:1030 - CMSIS Pack Vendor :STMicroelectronics PDM2PCM 3.2.0
2025-12-19 15:42:36,915 [INFO] ThirdParty:1030 - CMSIS Pack Vendor :STMicroelectronics X-CUBE-AZRTOS-H7 3.3.0
2025-12-19 15:42:36,915 [INFO] ThirdParty:1030 - CMSIS Pack Vendor :STMicroelectronics X-CUBE-NFC9 1.0.0
2025-12-19 15:42:36,915 [INFO] ThirdParty:1030 - CMSIS Pack Vendor :STMicroelectronics X-CUBE-BLE1 7.1.0
2025-12-19 15:42:36,915 [INFO] ThirdParty:1030 - CMSIS Pack Vendor :STMicroelectronics USB_DEVICE 3.0.0
2025-12-19 15:42:36,915 [INFO] ThirdParty:1030 - CMSIS Pack Vendor :STMicroelectronics X-CUBE-TCPP 4.1.0
2025-12-19 15:42:36,915 [INFO] ThirdParty:1030 - CMSIS Pack Vendor :STMicroelectronics X-CUBE-EEPRMA1 5.2.0
2025-12-19 15:42:36,915 [INFO] ThirdParty:1030 - CMSIS Pack Vendor :STMicroelectronics X-CUBE-BLEMGR 4.1.0
2025-12-19 15:42:36,915 [INFO] ThirdParty:1030 - CMSIS Pack Vendor :STMicroelectronics X-CUBE-IPS 3.0.0
2025-12-19 15:42:36,915 [INFO] ThirdParty:1030 - CMSIS Pack Vendor :STMicroelectronics X-CUBE-AZRTOS-WB 2.0.0
2025-12-19 15:42:36,915 [INFO] ThirdParty:1030 - CMSIS Pack Vendor :STMicroelectronics X-CUBE-GNSS1 7.0.0
2025-12-19 15:42:36,915 [INFO] ThirdParty:1030 - CMSIS Pack Vendor :STMicroelectronics X-CUBE-GNSS1 7.0.1
2025-12-19 15:42:36,915 [INFO] ThirdParty:1030 - CMSIS Pack Vendor :STMicroelectronics X-CUBE-TOUCHGFX 4.25.0
2025-12-19 15:42:36,915 [INFO] ThirdParty:1030 - CMSIS Pack Vendor :STMicroelectronics FP-SNS-STBOX1 2.0.0
2025-12-19 15:42:36,915 [INFO] ThirdParty:1030 - CMSIS Pack Vendor :STMicroelectronics X-CUBE-MEMS1 12.0.0
2025-12-19 15:42:36,915 [INFO] ThirdParty:1030 - CMSIS Pack Vendor :STMicroelectronics X-CUBE-AZRTOS-G0 1.1.0
2025-12-19 15:42:36,916 [INFO] ThirdParty:1030 - CMSIS Pack Vendor :STMicroelectronics X-CUBE-SAFEA1 1.2.2
2025-12-19 15:42:36,916 [INFO] ThirdParty:1030 - CMSIS Pack Vendor :STMicroelectronics X-CUBE-NFC4 3.0.0
2025-12-19 15:42:36,916 [INFO] ThirdParty:1030 - CMSIS Pack Vendor :STMicroelectronics X-CUBE-SUBG2 5.0.0
2025-12-19 15:42:36,916 [INFO] ThirdParty:1030 - CMSIS Pack Vendor :STMicroelectronics X-CUBE-AZRTOS-H7RS 1.1.0
2025-12-19 15:42:36,916 [INFO] ThirdParty:1030 - CMSIS Pack Vendor :STMicroelectronics STM32_WPAN 1.0.0
2025-12-19 15:42:36,916 [INFO] ThirdParty:1030 - CMSIS Pack Vendor :EmbeddedOffice I-CUBE-FS-RTOS 1.0.1
2025-12-19 15:42:36,916 [INFO] ThirdParty:1030 - CMSIS Pack Vendor :STMicroelectronics lwIP 2.0.3
2025-12-19 15:42:36,916 [INFO] ThirdParty:1030 - CMSIS Pack Vendor :Cesanta I-CUBE-Mongoose 7.13.0
2025-12-19 15:42:36,916 [INFO] ThirdParty:1030 - CMSIS Pack Vendor :STMicroelectronics USB_HOST 1.0.0
2025-12-19 15:42:36,917 [INFO] ThirdParty:1030 - CMSIS Pack Vendor :STMicroelectronics X-CUBE-AZRTOS-G4 2.0.0
2025-12-19 15:42:36,917 [INFO] ThirdParty:1030 - CMSIS Pack Vendor :STMicroelectronics X-CUBE-WB05N 2.0.0
2025-12-19 15:42:36,917 [INFO] ThirdParty:1030 - CMSIS Pack Vendor :STMicroelectronics PDM2PCM 3.1.0
2025-12-19 15:42:36,917 [INFO] ThirdParty:1030 - CMSIS Pack Vendor :STMicroelectronics X-CUBE-NFC7 2.0.0
2025-12-19 15:42:36,917 [INFO] ThirdParty:1030 - CMSIS Pack Vendor :STMicroelectronics X-CUBE-TCPP 4.2.0
2025-12-19 15:42:36,917 [INFO] ThirdParty:1030 - CMSIS Pack Vendor :RealThread X-CUBE-RT-Thread_Nano 4.1.1
2025-12-19 15:42:36,917 [INFO] ThirdParty:1030 - CMSIS Pack Vendor :STMicroelectronics FP-ATR-SIGFOX1 3.2.0
2025-12-19 15:42:36,917 [INFO] ThirdParty:1030 - CMSIS Pack Vendor :wolfSSL I-CUBE-wolfSSL 5.7.2
2025-12-19 15:42:36,917 [INFO] ThirdParty:1030 - CMSIS Pack Vendor :quantropi X-CUBE-qispace-sdk-base 1.9.3
2025-12-19 15:42:36,918 [INFO] ThirdParty:1030 - CMSIS Pack Vendor :STMicroelectronics X-CUBE-EEPRMA1 5.1.0
2025-12-19 15:42:36,918 [INFO] ThirdParty:1030 - CMSIS Pack Vendor :STMicroelectronics MBEDTLS 2.16.2
2025-12-19 15:42:36,918 [INFO] ThirdParty:1030 - CMSIS Pack Vendor :STMicroelectronics X-CUBE-IPS 3.1.0
2025-12-19 15:42:36,918 [INFO] ThirdParty:1030 - CMSIS Pack Vendor :STMicroelectronics X-CUBE-ALS 1.0.2
2025-12-19 15:42:36,918 [INFO] ThirdParty:1030 - CMSIS Pack Vendor :ITTIA_DB I-CUBE-ITTIADB 8.9.0
2025-12-19 15:42:36,918 [INFO] ThirdParty:1030 - CMSIS Pack Vendor :STMicroelectronics X-CUBE-TOUCHGFX 4.24.1
2025-12-19 15:42:36,918 [INFO] ThirdParty:1030 - CMSIS Pack Vendor :STMicroelectronics X-CUBE-STSE01 1.0.0
2025-12-19 15:42:36,918 [INFO] ThirdParty:1030 - CMSIS Pack Vendor :wolfSSL I-CUBE-wolfTPM 3.4.0
2025-12-19 15:42:36,918 [INFO] ThirdParty:1030 - CMSIS Pack Vendor :portGmbH I-Cube-SoM-uGOAL 1.1.0
2025-12-19 15:42:36,918 [INFO] ThirdParty:1030 - CMSIS Pack Vendor :STMicroelectronics X-CUBE-ST67W61 1.0.0
2025-12-19 15:42:36,918 [INFO] ThirdParty:1030 - CMSIS Pack Vendor :STMicroelectronics X-CUBE-AI 10.2.0
2025-12-19 15:42:36,918 [INFO] ThirdParty:1030 - CMSIS Pack Vendor :STMicroelectronics ThreadX 1.0.0
2025-12-19 15:42:36,918 [INFO] ThirdParty:1030 - CMSIS Pack Vendor :SEGGER I-CUBE-embOS 1.3.1
2025-12-19 15:42:36,918 [INFO] ThirdParty:1030 - CMSIS Pack Vendor :STMicroelectronics X-CUBE-ALGOBUILD 1.4.0
2025-12-19 15:42:36,918 [INFO] ThirdParty:1030 - CMSIS Pack Vendor :STMicroelectronics X-CUBE-MEMS1 11.3.0
2025-12-19 15:42:36,918 [INFO] ThirdParty:1030 - CMSIS Pack Vendor :STMicroelectronics X-CUBE-AZRTOS-H7RS 1.0.0
2025-12-19 15:42:36,918 [INFO] ThirdParty:1030 - CMSIS Pack Vendor :STMicroelectronics FP-ATR-ASTRA1 2.0.0
2025-12-19 15:42:36,918 [INFO] ThirdParty:1030 - CMSIS Pack Vendor :STMicroelectronics X-CUBE-TOF1 3.4.2
2025-12-19 15:42:36,918 [INFO] ThirdParty:1030 - CMSIS Pack Vendor :STMicroelectronics X-CUBE-TOF1 3.4.3
2025-12-19 15:42:36,918 [INFO] ThirdParty:1030 - CMSIS Pack Vendor :STMicroelectronics X-CUBE-AI 9.1.0
2025-12-19 15:42:36,918 [INFO] ThirdParty:1030 - CMSIS Pack Vendor :Infineon AIROC-Wi-Fi-Bluetooth-STM32 1.6.1
2025-12-19 15:42:36,918 [INFO] ThirdParty:1030 - CMSIS Pack Vendor :wolfSSL I-CUBE-wolfSSH 1.4.17
2025-12-19 15:42:36,919 [INFO] ThirdParty:841 - exiting critical section [change project]
2025-12-19 15:42:37,441 [INFO] PinOutPanel:1589 - setPackage(No Configuration,No Configuration)
2025-12-19 15:42:37,443 [INFO] PinOutPanel:1589 - setPackage(STM32H743IITx,LQFP176)
2025-12-19 15:42:38,048 [INFO] UtilMem:75 - Before build in PCC Used Memory: 954725960 Bytes (1073741824)
2025-12-19 15:42:38,357 [INFO] UtilMem:75 - After build in PCC Used Memory: 943802160 Bytes (1073741824)
2025-12-19 15:42:38,392 [INFO] IPUIPlugin:80 - create IPUIPlugin
2025-12-19 15:42:38,392 [INFO] IPUIPlugin:80 - create IPUIPlugin
2025-12-19 15:42:38,392 [INFO] IPUIPlugin:80 - create IPUIPlugin
2025-12-19 15:42:38,392 [INFO] IPUIPlugin:80 - create IPUIPlugin
2025-12-19 15:42:38,393 [INFO] IPUIPlugin:80 - create IPUIPlugin
2025-12-19 15:42:38,393 [INFO] IPUIPlugin:80 - create IPUIPlugin
2025-12-19 15:42:38,393 [INFO] IPUIPlugin:80 - create IPUIPlugin
2025-12-19 15:42:38,393 [INFO] IPUIPlugin:80 - create IPUIPlugin
2025-12-19 15:42:38,393 [INFO] IPUIPlugin:80 - create IPUIPlugin
2025-12-19 15:42:38,393 [INFO] IPUIPlugin:80 - create IPUIPlugin
2025-12-19 15:42:38,393 [INFO] IPUIPlugin:80 - create IPUIPlugin
2025-12-19 15:42:38,393 [INFO] IPUIPlugin:80 - create IPUIPlugin
2025-12-19 15:42:38,393 [INFO] IPUIPlugin:80 - create IPUIPlugin
2025-12-19 15:42:38,393 [INFO] IPUIPlugin:80 - create IPUIPlugin
2025-12-19 15:42:38,394 [INFO] IPUIPlugin:80 - create IPUIPlugin
2025-12-19 15:42:38,394 [INFO] IPUIPlugin:80 - create IPUIPlugin
2025-12-19 15:42:38,394 [INFO] IPUIPlugin:80 - create IPUIPlugin
2025-12-19 15:42:38,394 [INFO] IPUIPlugin:80 - create IPUIPlugin
2025-12-19 15:42:38,394 [INFO] IPUIPlugin:80 - create IPUIPlugin
2025-12-19 15:42:38,394 [INFO] IPUIPlugin:80 - create IPUIPlugin
2025-12-19 15:42:38,394 [INFO] IPUIPlugin:80 - create IPUIPlugin
2025-12-19 15:42:38,394 [INFO] IPUIPlugin:80 - create IPUIPlugin
2025-12-19 15:42:38,394 [INFO] IPUIPlugin:80 - create IPUIPlugin
2025-12-19 15:42:38,395 [INFO] IPUIPlugin:80 - create IPUIPlugin
2025-12-19 15:42:38,395 [INFO] IPUIPlugin:80 - create IPUIPlugin
2025-12-19 15:42:38,395 [INFO] IPUIPlugin:80 - create IPUIPlugin
2025-12-19 15:42:38,395 [INFO] IPUIPlugin:80 - create IPUIPlugin
2025-12-19 15:42:38,395 [INFO] IPUIPlugin:80 - create IPUIPlugin
2025-12-19 15:42:38,395 [INFO] IPUIPlugin:80 - create IPUIPlugin
2025-12-19 15:42:38,395 [INFO] IPUIPlugin:80 - create IPUIPlugin
2025-12-19 15:42:38,395 [INFO] IPUIPlugin:80 - create IPUIPlugin
2025-12-19 15:42:38,395 [INFO] IPUIPlugin:80 - create IPUIPlugin
2025-12-19 15:42:38,395 [INFO] IPUIPlugin:80 - create IPUIPlugin
2025-12-19 15:42:38,395 [INFO] IPUIPlugin:80 - create IPUIPlugin
2025-12-19 15:42:38,395 [INFO] IPUIPlugin:80 - create IPUIPlugin
2025-12-19 15:42:38,397 [INFO] IPUIPlugin:80 - create IPUIPlugin
2025-12-19 15:42:38,397 [INFO] IPUIPlugin:80 - create IPUIPlugin
2025-12-19 15:42:38,397 [INFO] IPUIPlugin:80 - create IPUIPlugin
2025-12-19 15:42:38,397 [INFO] IPUIPlugin:80 - create IPUIPlugin
2025-12-19 15:42:38,397 [INFO] IPUIPlugin:80 - create IPUIPlugin
2025-12-19 15:42:38,397 [INFO] IPUIPlugin:80 - create IPUIPlugin
2025-12-19 15:42:38,397 [INFO] IPUIPlugin:80 - create IPUIPlugin
2025-12-19 15:42:38,398 [INFO] IPUIPlugin:80 - create IPUIPlugin
2025-12-19 15:42:38,398 [INFO] IPUIPlugin:80 - create IPUIPlugin
2025-12-19 15:42:38,398 [INFO] IPUIPlugin:80 - create IPUIPlugin
2025-12-19 15:42:38,398 [INFO] IPUIPlugin:80 - create IPUIPlugin
2025-12-19 15:42:38,398 [INFO] IPUIPlugin:80 - create IPUIPlugin
2025-12-19 15:42:38,398 [INFO] IPUIPlugin:80 - create IPUIPlugin
2025-12-19 15:42:38,398 [INFO] IPUIPlugin:80 - create IPUIPlugin
2025-12-19 15:42:38,399 [INFO] IPUIPlugin:80 - create IPUIPlugin
2025-12-19 15:42:38,399 [INFO] IPUIPlugin:80 - create IPUIPlugin
2025-12-19 15:42:38,399 [INFO] IPUIPlugin:80 - create IPUIPlugin
2025-12-19 15:42:38,399 [INFO] IPUIPlugin:80 - create IPUIPlugin
2025-12-19 15:42:38,399 [INFO] IPUIPlugin:80 - create IPUIPlugin
2025-12-19 15:42:38,399 [INFO] IPUIPlugin:80 - create IPUIPlugin
2025-12-19 15:42:38,400 [INFO] IPUIPlugin:80 - create IPUIPlugin
2025-12-19 15:42:38,400 [INFO] IPUIPlugin:80 - create IPUIPlugin
2025-12-19 15:42:38,400 [INFO] IPUIPlugin:80 - create IPUIPlugin
2025-12-19 15:42:38,400 [INFO] IPUIPlugin:80 - create IPUIPlugin
2025-12-19 15:42:38,400 [INFO] IPUIPlugin:80 - create IPUIPlugin
2025-12-19 15:42:38,400 [INFO] IPUIPlugin:80 - create IPUIPlugin
2025-12-19 15:42:38,401 [INFO] IPUIPlugin:80 - create IPUIPlugin
2025-12-19 15:42:38,401 [INFO] IPUIPlugin:80 - create IPUIPlugin
2025-12-19 15:42:38,401 [INFO] IPUIPlugin:80 - create IPUIPlugin
2025-12-19 15:42:38,402 [INFO] IPUIPlugin:80 - create IPUIPlugin
2025-12-19 15:42:38,402 [INFO] IPUIPlugin:80 - create IPUIPlugin
2025-12-19 15:42:38,402 [INFO] IPUIPlugin:80 - create IPUIPlugin
2025-12-19 15:42:38,402 [INFO] IPUIPlugin:80 - create IPUIPlugin
2025-12-19 15:42:38,403 [INFO] IPUIPlugin:80 - create IPUIPlugin
2025-12-19 15:42:38,403 [INFO] IPUIPlugin:80 - create IPUIPlugin
2025-12-19 15:42:38,403 [INFO] IPUIPlugin:80 - create IPUIPlugin
2025-12-19 15:42:38,403 [INFO] IPUIPlugin:80 - create IPUIPlugin
2025-12-19 15:42:38,404 [INFO] IPUIPlugin:80 - create IPUIPlugin
2025-12-19 15:42:38,404 [INFO] IPUIPlugin:80 - create IPUIPlugin
2025-12-19 15:42:38,404 [INFO] IPUIPlugin:80 - create IPUIPlugin
2025-12-19 15:42:38,404 [INFO] IPUIPlugin:80 - create IPUIPlugin
2025-12-19 15:42:38,404 [INFO] IPUIPlugin:80 - create IPUIPlugin
2025-12-19 15:42:38,404 [INFO] IPUIPlugin:80 - create IPUIPlugin
2025-12-19 15:42:38,405 [INFO] IPUIPlugin:80 - create IPUIPlugin
2025-12-19 15:42:38,405 [INFO] IPUIPlugin:80 - create IPUIPlugin
2025-12-19 15:42:38,405 [INFO] IPUIPlugin:80 - create IPUIPlugin
2025-12-19 15:42:38,405 [INFO] IPUIPlugin:80 - create IPUIPlugin
2025-12-19 15:42:38,405 [INFO] IPUIPlugin:80 - create IPUIPlugin
2025-12-19 15:42:38,406 [INFO] IPUIPlugin:80 - create IPUIPlugin
2025-12-19 15:42:38,406 [INFO] IPUIPlugin:80 - create IPUIPlugin
2025-12-19 15:42:38,406 [INFO] IPUIPlugin:80 - create IPUIPlugin
2025-12-19 15:42:38,406 [INFO] IPUIPlugin:80 - create IPUIPlugin
2025-12-19 15:42:38,406 [INFO] IPUIPlugin:80 - create IPUIPlugin
2025-12-19 15:42:38,407 [INFO] IPUIPlugin:80 - create IPUIPlugin
2025-12-19 15:42:38,407 [INFO] IPUIPlugin:80 - create IPUIPlugin
2025-12-19 15:42:38,407 [INFO] IPUIPlugin:80 - create IPUIPlugin
2025-12-19 15:42:38,407 [INFO] IPUIPlugin:80 - create IPUIPlugin
2025-12-19 15:42:38,407 [INFO] IPUIPlugin:80 - create IPUIPlugin
2025-12-19 15:42:38,408 [INFO] IPUIPlugin:80 - create IPUIPlugin
2025-12-19 15:42:38,408 [INFO] IPUIPlugin:80 - create IPUIPlugin
2025-12-19 15:42:38,408 [INFO] IPUIPlugin:80 - create IPUIPlugin
2025-12-19 15:42:38,409 [INFO] IPUIPlugin:80 - create IPUIPlugin
2025-12-19 15:42:38,409 [INFO] IPUIPlugin:80 - create IPUIPlugin
2025-12-19 15:42:38,416 [INFO] ApiDbMcu:508 - Load IP Config File for PDM2PCM
2025-12-19 15:42:38,458 [INFO] CADModel:165 - CPN selected for project levelSTM32H743IIT6
2025-12-19 15:42:38,458 [INFO] CADModel:114 - Register for checkConnection events
2025-12-19 15:42:38,524 [INFO] OpenFileManager:363 - Restore cursor
2025-12-19 15:42:39,248 [INFO] UtilMem:75 - End SaveConfig() Used Memory: 996054720 Bytes (1073741824)
2025-12-19 15:42:39,320 [WARN] Context:821 - Trying to set MEMORYMAP twice on same context Cortex-M7NS
2025-12-19 15:42:54,780 [INFO] McuFinderGlobals:76 - Set McuFinderConnectedMode to true
2025-12-19 15:42:54,789 [INFO] ApiDb:448 - Save user favorites file C:\Users\kamil/.stm32cubeide/favorites.mcus.txt: 1 item(s)
2025-12-19 15:42:54,789 [INFO] ApiDb:452 - User favorites MCUs=[STM32H743IIT6]
2025-12-19 15:43:16,441 [INFO] McuFinderGlobals:63 - Set McuFinder mode to 2 (CubeIDE integrated)
2025-12-19 15:43:16,441 [INFO] UserAuth:171 - activating auth plugin
2025-12-19 15:43:16,445 [INFO] UserAuth:486 - Internet connection configuration mode: 1
2025-12-19 15:47:55,454 [INFO] MainUpdater:2872 - connection check result : 10
2025-12-19 15:47:55,454 [INFO] MainUpdater:2872 - connection check result : 10
2025-12-19 15:47:55,668 [INFO] MicroXplorer:468 - Change Database Path : 
2025-12-19 15:47:55,668 [INFO] MicroXplorer:498 - Change Database Version : DB.6.0.130
2025-12-19 15:47:55,679 [ERROR] ProjectManagerView:394 - 
java.lang.NullPointerException: Cannot invoke "javax.swing.JTextField.getText()" because the return value of "java.util.List.get(int)" is null
	at com.st.microxplorer.plugins.projectmanager.gui.ProjectChoiceTab$9.caretUpdate(ProjectChoiceTab.java:2616) ~[filemanager.jar:?]
	at javax.swing.text.JTextComponent.fireCaretUpdate(JTextComponent.java:408) ~[?:?]
	at javax.swing.text.JTextComponent$MutableCaretEvent.fire(JTextComponent.java:4484) ~[?:?]
	at javax.swing.text.JTextComponent$MutableCaretEvent.stateChanged(JTextComponent.java:4506) ~[?:?]
	at javax.swing.text.DefaultCaret.fireStateChanged(DefaultCaret.java:857) ~[?:?]
	at javax.swing.text.DefaultCaret.changeCaretPosition(DefaultCaret.java:1343) ~[?:?]
	at javax.swing.text.DefaultCaret.handleSetDot(DefaultCaret.java:1242) ~[?:?]
	at javax.swing.text.DefaultCaret.setDot(DefaultCaret.java:1223) ~[?:?]
	at javax.swing.text.DefaultCaret$Handler.insertUpdate(DefaultCaret.java:1819) ~[?:?]
	at javax.swing.text.AbstractDocument.fireInsertUpdate(AbstractDocument.java:227) ~[?:?]
	at javax.swing.text.AbstractDocument.handleInsertString(AbstractDocument.java:781) ~[?:?]
	at javax.swing.text.AbstractDocument.insertString(AbstractDocument.java:740) ~[?:?]
	at javax.swing.text.PlainDocument.insertString(PlainDocument.java:131) ~[?:?]
	at javax.swing.text.AbstractDocument.replace(AbstractDocument.java:699) ~[?:?]
	at javax.swing.text.JTextComponent.setText(JTextComponent.java:1725) ~[?:?]
	at com.st.microxplorer.plugins.projectmanager.gui.ProjectChoiceTab.createHeapStackFields(ProjectChoiceTab.java:975) ~[filemanager.jar:?]
	at com.st.microxplorer.plugins.projectmanager.gui.ProjectChoiceTab.buildLinkSettingsPanel(ProjectChoiceTab.java:3666) ~[filemanager.jar:?]
	at com.st.microxplorer.plugins.projectmanager.gui.ProjectChoiceTab.defineWindowsFields(ProjectChoiceTab.java:1934) ~[filemanager.jar:?]
	at com.st.microxplorer.plugins.projectmanager.gui.ProjectChoiceTab.updateSettings(ProjectChoiceTab.java:553) ~[filemanager.jar:?]
	at com.st.microxplorer.plugins.projectmanager.gui.ProjectSettingsPanel.UpdateDialog(ProjectSettingsPanel.java:245) ~[filemanager.jar:?]
	at com.st.microxplorer.plugins.projectmanager.ProjectManagerView.propertyChange(ProjectManagerView.java:391) ~[filemanager.jar:?]
	at java.beans.PropertyChangeSupport.fire(PropertyChangeSupport.java:343) ~[?:?]
	at java.beans.PropertyChangeSupport.firePropertyChange(PropertyChangeSupport.java:335) ~[?:?]
	at java.beans.PropertyChangeSupport.firePropertyChange(PropertyChangeSupport.java:268) ~[?:?]
	at com.st.microxplorer.util.MXPropertyChangeSupport.firePropertyChange(MXPropertyChangeSupport.java:54) ~[STM32CubeMX.jar:?]
	at com.st.microxplorer.mxsystem.MxSystem.closeConfig(MxSystem.java:899) ~[STM32CubeMX.jar:?]
	at com.st.microxplorer.maingui.MainPanel.closeConfig(MainPanel.java:789) ~[STM32CubeMX.jar:?]
	at com.st.microxplorer.plugins.filemanager.engine.OpenFileManager.loadConfigurationFile(OpenFileManager.java:265) ~[filemanager.jar:?]
	at com.st.microxplorer.plugins.filemanager.engine.MainFileManager.userLoadConfig(MainFileManager.java:340) ~[filemanager.jar:?]
	at com.st.microxplorer.plugins.filemanager.engine.MainFileManager.userLoadConfig(MainFileManager.java:318) ~[filemanager.jar:?]
	at com.st.microxplorer.plugins.filemanager.FileManagerView.getSpecificTask(FileManagerView.java:246) ~[filemanager.jar:?]
	at com.st.stm32cube.common.mx.editor.CubeMxEditor.getMxTabbedPaneInstance(CubeMxEditor.java:1198) ~[com.st.stm32cube.common.mx_6.13.0.202411220809/:?]
	at com.st.stm32cube.common.mx.editor.CubeMxEditor$12$1.createSwingComponent(CubeMxEditor.java:1068) ~[com.st.stm32cube.common.mx_6.13.0.202411220809/:?]
	at com.st.stm32cube.common.mx.oss.core.awtswtbridge.EmbeddedSwingComposite.doComponentCreation(EmbeddedSwingComposite.java:492) ~[com.st.stm32cube.common.mx.oss_6.13.0.202411220809/:?]
	at com.st.stm32cube.common.mx.oss.core.awtswtbridge.EmbeddedSwingComposite$4.run(EmbeddedSwingComposite.java:291) ~[com.st.stm32cube.common.mx.oss_6.13.0.202411220809/:?]
	at com.st.stm32cube.common.mx.oss.core.awtswtbridge.AwtEnvironment$2.run(AwtEnvironment.java:166) ~[com.st.stm32cube.common.mx.oss_6.13.0.202411220809/:?]
	at java.awt.event.InvocationEvent.dispatch(InvocationEvent.java:318) ~[?:?]
	at java.awt.EventQueue.dispatchEventImpl(EventQueue.java:773) ~[?:?]
	at java.awt.EventQueue$4.run(EventQueue.java:720) ~[?:?]
	at java.awt.EventQueue$4.run(EventQueue.java:714) ~[?:?]
	at java.security.AccessController.doPrivileged(AccessController.java:400) ~[?:?]
	at java.security.ProtectionDomain$JavaSecurityAccessImpl.doIntersectionPrivilege(ProtectionDomain.java:87) ~[?:?]
	at java.awt.EventQueue.dispatchEvent(EventQueue.java:742) ~[?:?]
	at java.awt.EventDispatchThread.pumpOneEventForFilters(EventDispatchThread.java:203) ~[?:?]
	at java.awt.EventDispatchThread.pumpEventsForFilter(EventDispatchThread.java:124) ~[?:?]
	at java.awt.EventDispatchThread.pumpEventsForHierarchy(EventDispatchThread.java:113) ~[?:?]
	at java.awt.EventDispatchThread.pumpEvents(EventDispatchThread.java:109) ~[?:?]
	at java.awt.EventDispatchThread.pumpEvents(EventDispatchThread.java:101) ~[?:?]
	at java.awt.EventDispatchThread.run(EventDispatchThread.java:90) ~[?:?]
2025-12-19 15:47:55,681 [WARN] ThirdParty:871 - waiting for thirdparty lock release [close project]
2025-12-19 15:47:55,681 [INFO] ThirdParty:873 - entering critical section [close project]
2025-12-19 15:47:55,681 [INFO] ThirdParty:883 - exiting critical section [close project]
2025-12-19 15:47:55,682 [INFO] PinOutPanel:1589 - setPackage(No Configuration,No Configuration)
2025-12-19 15:47:55,690 [WARN] IpParametersView:154 - Warning: This peripheral hasn't parameters
2025-12-19 15:47:55,695 [WARN] MainPanel:289 - <html><b><center>Warning: This peripheral has no parameters to be configured<br></b></html>
2025-12-19 15:47:55,696 [ERROR] MainPanel:599 - java.lang.IndexOutOfBoundsException: Index: 0, Tab count: 0
2025-12-19 15:47:55,700 [INFO] UtilMem:75 - Begin LoadConfig() Used Memory: 984881136 Bytes (1073741824)
2025-12-19 15:47:55,701 [INFO] MicroXplorer:468 - Change Database Path : 
2025-12-19 15:47:55,701 [INFO] MicroXplorer:498 - Change Database Version : DB.6.0.130
2025-12-19 15:47:55,701 [INFO] OpenFileManager:332 - Change cursor
2025-12-19 15:47:55,710 [INFO] RulesReader:64 - Compatibility file has been processed (297 Rules)
2025-12-19 15:47:55,714 [INFO] Mcu:2035 - Initializing MCU STM32H743IITx STM32H743IITx STM32H743IIT6
2025-12-19 15:47:59,029 [INFO] Context:748 - Trying to add GPIOservice into a context  which must be forbidden
2025-12-19 15:48:00,566 [INFO] RtosManager:555 - Registered RTOS mode: class=CMSIS, group=RTOS, mode=CMSIS_V1, owner=FREERTOS
2025-12-19 15:48:00,567 [INFO] RtosManager:555 - Registered RTOS mode: class=CMSIS, group=RTOS2, mode=CMSIS_V2, owner=FREERTOS
2025-12-19 15:48:00,567 [INFO] RtosManager:555 - Registered RTOS mode: class=RTOS, group=Core, mode=CMSIS_V1, owner=FREERTOS
2025-12-19 15:48:00,567 [INFO] RtosManager:555 - Registered RTOS mode: class=RTOS, group=Core, mode=CMSIS_V2, owner=FREERTOS
2025-12-19 15:48:00,567 [WARN] ModelIntegratedComponent:184 - Missing modes for component STMicroelectronics:FreeRTOS:0.0.1:STMicroelectronics:RTOS:FreeRTOS:Core:::10.2.0:
2025-12-19 15:48:00,570 [WARN] ModelIntegratedComponent:63 - No mode defined for component null
2025-12-19 15:48:00,570 [WARN] ModelIntegratedComponent:63 - No mode defined for component null
2025-12-19 15:48:00,571 [WARN] ModelIntegratedComponent:63 - No mode defined for component null
2025-12-19 15:48:00,571 [WARN] ModelIntegratedComponent:63 - No mode defined for component null
2025-12-19 15:48:00,571 [WARN] ModelIntegratedComponent:63 - No mode defined for component null
2025-12-19 15:48:00,571 [WARN] ModelIntegratedComponent:63 - No mode defined for component null
2025-12-19 15:48:00,571 [WARN] ModelIntegratedComponent:63 - No mode defined for component null
2025-12-19 15:48:00,572 [WARN] ModelIntegratedComponent:63 - No mode defined for component null
2025-12-19 15:48:00,572 [WARN] ModelIntegratedComponent:63 - No mode defined for component null
2025-12-19 15:48:00,572 [WARN] ModelIntegratedComponent:63 - No mode defined for component null
2025-12-19 15:48:00,572 [WARN] ModelIntegratedComponent:63 - No mode defined for component null
2025-12-19 15:48:00,572 [WARN] ModelIntegratedComponent:63 - No mode defined for component null
2025-12-19 15:48:00,573 [WARN] ModelIntegratedComponent:63 - No mode defined for component null
2025-12-19 15:48:00,573 [WARN] ModelIntegratedComponent:63 - No mode defined for component null
2025-12-19 15:48:00,573 [WARN] ModelIntegratedComponent:63 - No mode defined for component null
2025-12-19 15:48:00,573 [WARN] ModelIntegratedComponent:63 - No mode defined for component null
2025-12-19 15:48:00,573 [WARN] ModelIntegratedComponent:63 - No mode defined for component null
2025-12-19 15:48:00,573 [WARN] ModelIntegratedComponent:63 - No mode defined for component null
2025-12-19 15:48:00,573 [WARN] ModelIntegratedComponent:63 - No mode defined for component null
2025-12-19 15:48:00,574 [WARN] ModelIntegratedComponent:63 - No mode defined for component null
2025-12-19 15:48:00,574 [WARN] ModelIntegratedComponent:63 - No mode defined for component null
2025-12-19 15:48:00,574 [WARN] ModelIntegratedComponent:63 - No mode defined for component null
2025-12-19 15:48:00,574 [WARN] ModelIntegratedComponent:63 - No mode defined for component null
2025-12-19 15:48:00,574 [WARN] ModelIntegratedComponent:63 - No mode defined for component null
2025-12-19 15:48:00,574 [WARN] ModelIntegratedComponent:63 - No mode defined for component null
2025-12-19 15:48:00,574 [WARN] ModelIntegratedComponent:63 - No mode defined for component null
2025-12-19 15:48:00,574 [WARN] ModelIntegratedComponent:63 - No mode defined for component null
2025-12-19 15:48:00,574 [WARN] ModelIntegratedComponent:63 - No mode defined for component null
2025-12-19 15:48:00,574 [WARN] ModelIntegratedComponent:63 - No mode defined for component null
2025-12-19 15:48:00,574 [WARN] ModelIntegratedComponent:63 - No mode defined for component null
2025-12-19 15:48:00,575 [WARN] ModelIntegratedComponent:63 - No mode defined for component null
2025-12-19 15:48:00,575 [WARN] ModelIntegratedComponent:63 - No mode defined for component null
2025-12-19 15:48:00,575 [WARN] ModelIntegratedComponent:63 - No mode defined for component null
2025-12-19 15:48:00,575 [WARN] ModelIntegratedComponent:63 - No mode defined for component null
2025-12-19 15:48:00,575 [WARN] ModelIntegratedComponent:63 - No mode defined for component null
2025-12-19 15:48:00,575 [WARN] ModelPack:524 - Component already loaded: STMicroelectronics:HAL Drivers:0.0.0:STMicroelectronics:Device:STMicro_Driver:XSPI:HAL::0.0.1:HAL_XSPI
2025-12-19 15:48:00,817 [INFO] ThirdPartyModel:298 - Start build external matchings
2025-12-19 15:48:02,441 [INFO] ThirdPartyModel:316 - End build external matchings
2025-12-19 15:48:02,477 [WARN] IP:2251 - ClockDivider not found: check if there is a RefParameter without a condition.
2025-12-19 15:48:02,477 [WARN] IP:2251 - ClockDividerCCU not found: check if there is a RefParameter without a condition.
2025-12-19 15:48:02,477 [WARN] IP:2251 - MinOscClkPeriodsCCU not found: check if there is a RefParameter without a condition.
2025-12-19 15:48:02,478 [WARN] IP:2251 - TimeQuantaPerBitTimeCCU not found: check if there is a RefParameter without a condition.
2025-12-19 15:48:02,478 [WARN] IP:2251 - WatchdogStartValueCCU not found: check if there is a RefParameter without a condition.
2025-12-19 15:48:02,483 [WARN] IP:2251 - LayerIdx_L1 not found: check if there is a RefParameter without a condition.
2025-12-19 15:48:02,485 [INFO] ImportTextPane:218 - (OptionalMessage_ERROR) IP (RCC) : Parameter (ADCFreq_Value) has invalid value (129000000)
2025-12-19 15:48:02,491 [INFO] ImportTextPane:218 - (OptionalMessage_ERROR) IP (RCC) : Invalid parameter (FamilyName)
2025-12-19 15:48:02,491 [INFO] ImportTextPane:218 - (OptionalMessage_ERROR) IP (RCC) : Parameter (LPTIM1Freq_Value) has invalid value (64000000)
2025-12-19 15:48:02,491 [INFO] ImportTextPane:218 - (OptionalMessage_ERROR) IP (RCC) : Parameter (LPTIM2Freq_Value) has invalid value (64000000)
2025-12-19 15:48:02,491 [INFO] ImportTextPane:218 - (OptionalMessage_ERROR) IP (RCC) : Parameter (LPTIM345Freq_Value) has invalid value (64000000)
2025-12-19 15:48:02,491 [INFO] ImportTextPane:218 - (OptionalMessage_ERROR) IP (RCC) : Parameter (LPUART1Freq_Value) has invalid value (64000000)
2025-12-19 15:48:02,492 [INFO] ImportTextPane:218 - (OptionalMessage_ERROR) IP (RCC) : Parameter (SPI45Freq_Value) has invalid value (64000000)
2025-12-19 15:48:02,492 [INFO] ImportTextPane:218 - (OptionalMessage_ERROR) IP (RCC) : Parameter (SPI6Freq_Value) has invalid value (64000000)
2025-12-19 15:48:02,492 [INFO] ImportTextPane:218 - (OptionalMessage_ERROR) IP (RCC) : Parameter (SWPMI1Freq_Value) has invalid value (64000000)
2025-12-19 15:48:02,492 [INFO] ImportTextPane:218 - (OptionalMessage_ERROR) IP (RCC) : Parameter (USART16Freq_Value) has invalid value (64000000)
2025-12-19 15:48:02,492 [INFO] ImportTextPane:218 - (OptionalMessage_ERROR) IP (RCC) : Parameter (USART234578Freq_Value) has invalid value (64000000)
2025-12-19 15:48:03,263 [INFO] UtilMem:75 - End LoadConfig() Used Memory: 951131480 Bytes (1073741824)
2025-12-19 15:48:03,342 [WARN] ThirdParty:833 - waiting for thirdparty lock release [change project]
2025-12-19 15:48:03,343 [INFO] ThirdParty:835 - entering critical section [change project]
2025-12-19 15:48:03,343 [INFO] ThirdParty:1030 - CMSIS Pack Vendor :STMicroelectronics X-CUBE-PM33A1 1.0.0
2025-12-19 15:48:03,343 [INFO] ThirdParty:1030 - CMSIS Pack Vendor :STMicroelectronics USBPD 4.1
2025-12-19 15:48:03,343 [INFO] ThirdParty:1030 - CMSIS Pack Vendor :STMicroelectronics USB_HOST 2.0.0
2025-12-19 15:48:03,343 [INFO] ThirdParty:1030 - CMSIS Pack Vendor :STMicroelectronics FP-SNS-MOTENVWB1 1.4.0
2025-12-19 15:48:03,343 [INFO] ThirdParty:1030 - CMSIS Pack Vendor :STMicroelectronics X-CUBE-AZRTOS-F4 1.1.0
2025-12-19 15:48:03,343 [INFO] ThirdParty:1030 - CMSIS Pack Vendor :STMicroelectronics LIBJPEG 8.0.0
2025-12-19 15:48:03,343 [INFO] ThirdParty:1030 - CMSIS Pack Vendor :STMicroelectronics FP-ATR-ASTRA1 2.0.2
2025-12-19 15:48:03,343 [INFO] ThirdParty:1030 - CMSIS Pack Vendor :STMicroelectronics FP-ATR-ASTRA1 2.0.1
2025-12-19 15:48:03,343 [INFO] ThirdParty:1030 - CMSIS Pack Vendor :STMicroelectronics X-CUBE-SMBUS 2.1.0
2025-12-19 15:48:03,343 [INFO] ThirdParty:1030 - CMSIS Pack Vendor :STMicroelectronics X-CUBE-WB05N 1.1.0
2025-12-19 15:48:03,343 [INFO] ThirdParty:1030 - CMSIS Pack Vendor :STMicroelectronics X-CUBE-ISPU 2.1.0
2025-12-19 15:48:03,343 [INFO] ThirdParty:1030 - CMSIS Pack Vendor :STMicroelectronics X-CUBE-FREERTOS 1.2.0
2025-12-19 15:48:03,343 [INFO] ThirdParty:1030 - CMSIS Pack Vendor :STMicroelectronics X-CUBE-ST60 1.0.0
2025-12-19 15:48:03,343 [INFO] ThirdParty:1030 - CMSIS Pack Vendor :STMicroelectronics X-CUBE-NFC12 1.0.0
2025-12-19 15:48:03,343 [INFO] ThirdParty:1030 - CMSIS Pack Vendor :STMicroelectronics X-CUBE-AZRTOS-F7 1.1.0
2025-12-19 15:48:03,343 [INFO] ThirdParty:1030 - CMSIS Pack Vendor :STMicroelectronics X-CUBE-AZRTOS-L5 2.0.0
2025-12-19 15:48:03,343 [INFO] ThirdParty:1030 - CMSIS Pack Vendor :STMicroelectronics USB_DEVICE 2.0.0
2025-12-19 15:48:03,343 [INFO] ThirdParty:1030 - CMSIS Pack Vendor :STMicroelectronics X-CUBE-NFC6 3.1.0
2025-12-19 15:48:03,343 [INFO] ThirdParty:1030 - CMSIS Pack Vendor :ARM CMSIS 5.7.0
2025-12-19 15:48:03,343 [INFO] ThirdParty:1030 - CMSIS Pack Vendor :STMicroelectronics X-CUBE-MEMS1 11.0.0
2025-12-19 15:48:03,343 [INFO] ThirdParty:1030 - CMSIS Pack Vendor :STMicroelectronics FreeRTOS 0.0.1
2025-12-19 15:48:03,343 [INFO] ThirdParty:1030 - CMSIS Pack Vendor :STMicroelectronics X-CUBE-DPower 1.2.0
2025-12-19 15:48:03,343 [INFO] ThirdParty:1030 - CMSIS Pack Vendor :STMicroelectronics FP-SNS-FLIGHT1 5.0.2
2025-12-19 15:48:03,343 [INFO] ThirdParty:1030 - CMSIS Pack Vendor :STMicroelectronics PDM2PCM 3.3.0
2025-12-19 15:48:03,344 [INFO] ThirdParty:1030 - CMSIS Pack Vendor :STMicroelectronics X-CUBE-AZRTOS-H7 3.4.0
2025-12-19 15:48:03,344 [INFO] ThirdParty:1030 - CMSIS Pack Vendor :STMicroelectronics X-CUBE-DISPLAY 3.0.0
2025-12-19 15:48:03,344 [INFO] ThirdParty:1030 - CMSIS Pack Vendor :STMicroelectronics X-CUBE-BLE1 7.0.0
2025-12-19 15:48:03,344 [INFO] ThirdParty:1030 - CMSIS Pack Vendor :STMicroelectronics X-CUBE-NFC10 1.0.0
2025-12-19 15:48:03,344 [INFO] ThirdParty:1030 - CMSIS Pack Vendor :STMicroelectronics X-CUBE-BLEMGR 4.0.0
2025-12-19 15:48:03,344 [INFO] ThirdParty:1030 - CMSIS Pack Vendor :STMicroelectronics X-CUBE-FREERTOS 1.3.1
2025-12-19 15:48:03,344 [INFO] ThirdParty:1030 - CMSIS Pack Vendor :STMicroelectronics HAL Drivers 0.0.0
2025-12-19 15:48:03,344 [INFO] ThirdParty:1030 - CMSIS Pack Vendor :STMicroelectronics X-CUBE-ST60 1.1.0
2025-12-19 15:48:03,344 [INFO] ThirdParty:1030 - CMSIS Pack Vendor :emotas I-CUBE-CANOPEN 1.3.0
2025-12-19 15:48:03,344 [INFO] ThirdParty:1030 - CMSIS Pack Vendor :STMicroelectronics X-CUBE-FREERTOS 1.3.0
2025-12-19 15:48:03,344 [INFO] ThirdParty:1030 - CMSIS Pack Vendor :STMicroelectronics X-CUBE-NFC7 1.0.1
2025-12-19 15:48:03,344 [INFO] ThirdParty:1030 - CMSIS Pack Vendor :STMicroelectronics MBEDTLS 2.14.1
2025-12-19 15:48:03,344 [INFO] ThirdParty:1030 - CMSIS Pack Vendor :STMicroelectronics X-CUBE-GNSS1 7.1.0
2025-12-19 15:48:03,344 [INFO] ThirdParty:1030 - CMSIS Pack Vendor :STMicroelectronics X-CUBE-TOUCHGFX 4.26.0
2025-12-19 15:48:03,344 [INFO] ThirdParty:1030 - CMSIS Pack Vendor :STMicroelectronics X-CUBE-BLEMGR 3.1.0
2025-12-19 15:48:03,344 [INFO] ThirdParty:1030 - CMSIS Pack Vendor :STMicroelectronics X-CUBE-AI 10.0.0
2025-12-19 15:48:03,344 [INFO] ThirdParty:1030 - CMSIS Pack Vendor :STMicroelectronics FP-SNS-STAIOTCFT 1.0.0
2025-12-19 15:48:03,344 [INFO] ThirdParty:1030 - CMSIS Pack Vendor :STMicroelectronics FP-SNS-SMARTAG2 1.2.0
2025-12-19 15:48:03,344 [INFO] ThirdParty:1030 - CMSIS Pack Vendor :STMicroelectronics FP-SNS-FLIGHT1 5.1.0
2025-12-19 15:48:03,344 [INFO] ThirdParty:1030 - CMSIS Pack Vendor :STMicroelectronics X-CUBE-MEMS1 11.1.0
2025-12-19 15:48:03,344 [INFO] ThirdParty:1030 - CMSIS Pack Vendor :STMicroelectronics X-CUBE-AZRTOS-WL 2.0.0
2025-12-19 15:48:03,344 [INFO] ThirdParty:1030 - CMSIS Pack Vendor :STMicroelectronics X-CUBE-DPower 1.3.0
2025-12-19 15:48:03,344 [INFO] ThirdParty:1030 - CMSIS Pack Vendor :STMicroelectronics FP-SNS-MOTENV1 5.0.0
2025-12-19 15:48:03,344 [INFO] ThirdParty:1030 - CMSIS Pack Vendor :STMicroelectronics USB_DEVICE 1.0.0
2025-12-19 15:48:03,344 [INFO] ThirdParty:1030 - CMSIS Pack Vendor :STMicroelectronics X-CUBE-AZRTOS-H7RS 1.2.0
2025-12-19 15:48:03,344 [INFO] ThirdParty:1030 - CMSIS Pack Vendor :wolfSSL I-CUBE-wolfMQTT 1.19.0
2025-12-19 15:48:03,345 [INFO] ThirdParty:1030 - CMSIS Pack Vendor :STMicroelectronics X-CUBE-AZRTOS-L4 2.0.0
2025-12-19 15:48:03,345 [INFO] ThirdParty:1030 - CMSIS Pack Vendor :STMicroelectronics ThreadX 0.0.2
2025-12-19 15:48:03,345 [INFO] ThirdParty:1030 - CMSIS Pack Vendor :WES I-CUBE-Cesium 1.3.0
2025-12-19 15:48:03,345 [INFO] ThirdParty:1030 - CMSIS Pack Vendor :STMicroelectronics lwIP 2.1.2
2025-12-19 15:48:03,345 [INFO] ThirdParty:1030 - CMSIS Pack Vendor :STMicroelectronics X-CUBE-SFXS2LP1 4.0.0
2025-12-19 15:48:03,345 [INFO] ThirdParty:1030 - CMSIS Pack Vendor :STMicroelectronics X-CUBE-BLE2 3.3.0
2025-12-19 15:48:03,346 [INFO] ThirdParty:1030 - CMSIS Pack Vendor :Avnet-IOTCONNECT X-CUBE-iotc-st67-sdk 1.0.0
2025-12-19 15:48:03,346 [INFO] ThirdParty:1030 - CMSIS Pack Vendor :STMicroelectronics PDM2PCM 3.2.0
2025-12-19 15:48:03,346 [INFO] ThirdParty:1030 - CMSIS Pack Vendor :STMicroelectronics X-CUBE-AZRTOS-H7 3.3.0
2025-12-19 15:48:03,346 [INFO] ThirdParty:1030 - CMSIS Pack Vendor :STMicroelectronics X-CUBE-NFC9 1.0.0
2025-12-19 15:48:03,346 [INFO] ThirdParty:1030 - CMSIS Pack Vendor :STMicroelectronics X-CUBE-BLE1 7.1.0
2025-12-19 15:48:03,346 [INFO] ThirdParty:1030 - CMSIS Pack Vendor :STMicroelectronics USB_DEVICE 3.0.0
2025-12-19 15:48:03,347 [INFO] ThirdParty:1030 - CMSIS Pack Vendor :STMicroelectronics X-CUBE-TCPP 4.1.0
2025-12-19 15:48:03,347 [INFO] ThirdParty:1030 - CMSIS Pack Vendor :STMicroelectronics X-CUBE-EEPRMA1 5.2.0
2025-12-19 15:48:03,347 [INFO] ThirdParty:1030 - CMSIS Pack Vendor :STMicroelectronics X-CUBE-BLEMGR 4.1.0
2025-12-19 15:48:03,347 [INFO] ThirdParty:1030 - CMSIS Pack Vendor :STMicroelectronics X-CUBE-IPS 3.0.0
2025-12-19 15:48:03,347 [INFO] ThirdParty:1030 - CMSIS Pack Vendor :STMicroelectronics X-CUBE-AZRTOS-WB 2.0.0
2025-12-19 15:48:03,347 [INFO] ThirdParty:1030 - CMSIS Pack Vendor :STMicroelectronics X-CUBE-GNSS1 7.0.0
2025-12-19 15:48:03,347 [INFO] ThirdParty:1030 - CMSIS Pack Vendor :STMicroelectronics X-CUBE-GNSS1 7.0.1
2025-12-19 15:48:03,347 [INFO] ThirdParty:1030 - CMSIS Pack Vendor :STMicroelectronics X-CUBE-TOUCHGFX 4.25.0
2025-12-19 15:48:03,347 [INFO] ThirdParty:1030 - CMSIS Pack Vendor :STMicroelectronics FP-SNS-STBOX1 2.0.0
2025-12-19 15:48:03,347 [INFO] ThirdParty:1030 - CMSIS Pack Vendor :STMicroelectronics X-CUBE-MEMS1 12.0.0
2025-12-19 15:48:03,347 [INFO] ThirdParty:1030 - CMSIS Pack Vendor :STMicroelectronics X-CUBE-AZRTOS-G0 1.1.0
2025-12-19 15:48:03,347 [INFO] ThirdParty:1030 - CMSIS Pack Vendor :STMicroelectronics X-CUBE-SAFEA1 1.2.2
2025-12-19 15:48:03,347 [INFO] ThirdParty:1030 - CMSIS Pack Vendor :STMicroelectronics X-CUBE-NFC4 3.0.0
2025-12-19 15:48:03,347 [INFO] ThirdParty:1030 - CMSIS Pack Vendor :STMicroelectronics X-CUBE-SUBG2 5.0.0
2025-12-19 15:48:03,347 [INFO] ThirdParty:1030 - CMSIS Pack Vendor :STMicroelectronics X-CUBE-AZRTOS-H7RS 1.1.0
2025-12-19 15:48:03,347 [INFO] ThirdParty:1030 - CMSIS Pack Vendor :STMicroelectronics STM32_WPAN 1.0.0
2025-12-19 15:48:03,347 [INFO] ThirdParty:1030 - CMSIS Pack Vendor :EmbeddedOffice I-CUBE-FS-RTOS 1.0.1
2025-12-19 15:48:03,347 [INFO] ThirdParty:1030 - CMSIS Pack Vendor :STMicroelectronics lwIP 2.0.3
2025-12-19 15:48:03,347 [INFO] ThirdParty:1030 - CMSIS Pack Vendor :Cesanta I-CUBE-Mongoose 7.13.0
2025-12-19 15:48:03,347 [INFO] ThirdParty:1030 - CMSIS Pack Vendor :STMicroelectronics USB_HOST 1.0.0
2025-12-19 15:48:03,348 [INFO] ThirdParty:1030 - CMSIS Pack Vendor :STMicroelectronics X-CUBE-AZRTOS-G4 2.0.0
2025-12-19 15:48:03,348 [INFO] ThirdParty:1030 - CMSIS Pack Vendor :STMicroelectronics X-CUBE-WB05N 2.0.0
2025-12-19 15:48:03,348 [INFO] ThirdParty:1030 - CMSIS Pack Vendor :STMicroelectronics PDM2PCM 3.1.0
2025-12-19 15:48:03,348 [INFO] ThirdParty:1030 - CMSIS Pack Vendor :STMicroelectronics X-CUBE-NFC7 2.0.0
2025-12-19 15:48:03,348 [INFO] ThirdParty:1030 - CMSIS Pack Vendor :STMicroelectronics X-CUBE-TCPP 4.2.0
2025-12-19 15:48:03,348 [INFO] ThirdParty:1030 - CMSIS Pack Vendor :RealThread X-CUBE-RT-Thread_Nano 4.1.1
2025-12-19 15:48:03,348 [INFO] ThirdParty:1030 - CMSIS Pack Vendor :STMicroelectronics FP-ATR-SIGFOX1 3.2.0
2025-12-19 15:48:03,348 [INFO] ThirdParty:1030 - CMSIS Pack Vendor :wolfSSL I-CUBE-wolfSSL 5.7.2
2025-12-19 15:48:03,348 [INFO] ThirdParty:1030 - CMSIS Pack Vendor :quantropi X-CUBE-qispace-sdk-base 1.9.3
2025-12-19 15:48:03,348 [INFO] ThirdParty:1030 - CMSIS Pack Vendor :STMicroelectronics X-CUBE-EEPRMA1 5.1.0
2025-12-19 15:48:03,348 [INFO] ThirdParty:1030 - CMSIS Pack Vendor :STMicroelectronics MBEDTLS 2.16.2
2025-12-19 15:48:03,348 [INFO] ThirdParty:1030 - CMSIS Pack Vendor :STMicroelectronics X-CUBE-IPS 3.1.0
2025-12-19 15:48:03,348 [INFO] ThirdParty:1030 - CMSIS Pack Vendor :STMicroelectronics X-CUBE-ALS 1.0.2
2025-12-19 15:48:03,348 [INFO] ThirdParty:1030 - CMSIS Pack Vendor :ITTIA_DB I-CUBE-ITTIADB 8.9.0
2025-12-19 15:48:03,348 [INFO] ThirdParty:1030 - CMSIS Pack Vendor :STMicroelectronics X-CUBE-TOUCHGFX 4.24.1
2025-12-19 15:48:03,348 [INFO] ThirdParty:1030 - CMSIS Pack Vendor :STMicroelectronics X-CUBE-STSE01 1.0.0
2025-12-19 15:48:03,348 [INFO] ThirdParty:1030 - CMSIS Pack Vendor :wolfSSL I-CUBE-wolfTPM 3.4.0
2025-12-19 15:48:03,348 [INFO] ThirdParty:1030 - CMSIS Pack Vendor :portGmbH I-Cube-SoM-uGOAL 1.1.0
2025-12-19 15:48:03,348 [INFO] ThirdParty:1030 - CMSIS Pack Vendor :STMicroelectronics X-CUBE-ST67W61 1.0.0
2025-12-19 15:48:03,348 [INFO] ThirdParty:1030 - CMSIS Pack Vendor :STMicroelectronics X-CUBE-AI 10.2.0
2025-12-19 15:48:03,348 [INFO] ThirdParty:1030 - CMSIS Pack Vendor :STMicroelectronics ThreadX 1.0.0
2025-12-19 15:48:03,348 [INFO] ThirdParty:1030 - CMSIS Pack Vendor :SEGGER I-CUBE-embOS 1.3.1
2025-12-19 15:48:03,348 [INFO] ThirdParty:1030 - CMSIS Pack Vendor :STMicroelectronics X-CUBE-ALGOBUILD 1.4.0
2025-12-19 15:48:03,349 [INFO] ThirdParty:1030 - CMSIS Pack Vendor :STMicroelectronics X-CUBE-MEMS1 11.3.0
2025-12-19 15:48:03,349 [INFO] ThirdParty:1030 - CMSIS Pack Vendor :STMicroelectronics X-CUBE-AZRTOS-H7RS 1.0.0
2025-12-19 15:48:03,349 [INFO] ThirdParty:1030 - CMSIS Pack Vendor :STMicroelectronics FP-ATR-ASTRA1 2.0.0
2025-12-19 15:48:03,349 [INFO] ThirdParty:1030 - CMSIS Pack Vendor :STMicroelectronics X-CUBE-TOF1 3.4.2
2025-12-19 15:48:03,349 [INFO] ThirdParty:1030 - CMSIS Pack Vendor :STMicroelectronics X-CUBE-TOF1 3.4.3
2025-12-19 15:48:03,349 [INFO] ThirdParty:1030 - CMSIS Pack Vendor :STMicroelectronics X-CUBE-AI 9.1.0
2025-12-19 15:48:03,350 [INFO] ThirdParty:1030 - CMSIS Pack Vendor :Infineon AIROC-Wi-Fi-Bluetooth-STM32 1.6.1
2025-12-19 15:48:03,350 [INFO] ThirdParty:1030 - CMSIS Pack Vendor :wolfSSL I-CUBE-wolfSSH 1.4.17
2025-12-19 15:48:03,350 [INFO] ThirdParty:841 - exiting critical section [change project]
2025-12-19 15:48:03,889 [INFO] PinOutPanel:1589 - setPackage(No Configuration,No Configuration)
2025-12-19 15:48:03,890 [INFO] PinOutPanel:1589 - setPackage(STM32H743IITx,LQFP176)
2025-12-19 15:48:04,541 [INFO] UtilMem:75 - Before build in PCC Used Memory: 972608248 Bytes (1073741824)
2025-12-19 15:48:04,869 [INFO] UtilMem:75 - After build in PCC Used Memory: 958233112 Bytes (1073741824)
2025-12-19 15:48:04,903 [INFO] IPUIPlugin:80 - create IPUIPlugin
2025-12-19 15:48:04,903 [INFO] IPUIPlugin:80 - create IPUIPlugin
2025-12-19 15:48:04,903 [INFO] IPUIPlugin:80 - create IPUIPlugin
2025-12-19 15:48:04,903 [INFO] IPUIPlugin:80 - create IPUIPlugin
2025-12-19 15:48:04,904 [INFO] IPUIPlugin:80 - create IPUIPlugin
2025-12-19 15:48:04,904 [INFO] IPUIPlugin:80 - create IPUIPlugin
2025-12-19 15:48:04,904 [INFO] IPUIPlugin:80 - create IPUIPlugin
2025-12-19 15:48:04,904 [INFO] IPUIPlugin:80 - create IPUIPlugin
2025-12-19 15:48:04,904 [INFO] IPUIPlugin:80 - create IPUIPlugin
2025-12-19 15:48:04,904 [INFO] IPUIPlugin:80 - create IPUIPlugin
2025-12-19 15:48:04,904 [INFO] IPUIPlugin:80 - create IPUIPlugin
2025-12-19 15:48:04,905 [INFO] IPUIPlugin:80 - create IPUIPlugin
2025-12-19 15:48:04,905 [INFO] IPUIPlugin:80 - create IPUIPlugin
2025-12-19 15:48:04,905 [INFO] IPUIPlugin:80 - create IPUIPlugin
2025-12-19 15:48:04,905 [INFO] IPUIPlugin:80 - create IPUIPlugin
2025-12-19 15:48:04,905 [INFO] IPUIPlugin:80 - create IPUIPlugin
2025-12-19 15:48:04,905 [INFO] IPUIPlugin:80 - create IPUIPlugin
2025-12-19 15:48:04,905 [INFO] IPUIPlugin:80 - create IPUIPlugin
2025-12-19 15:48:04,905 [INFO] IPUIPlugin:80 - create IPUIPlugin
2025-12-19 15:48:04,906 [INFO] IPUIPlugin:80 - create IPUIPlugin
2025-12-19 15:48:04,906 [INFO] IPUIPlugin:80 - create IPUIPlugin
2025-12-19 15:48:04,906 [INFO] IPUIPlugin:80 - create IPUIPlugin
2025-12-19 15:48:04,906 [INFO] IPUIPlugin:80 - create IPUIPlugin
2025-12-19 15:48:04,906 [INFO] IPUIPlugin:80 - create IPUIPlugin
2025-12-19 15:48:04,906 [INFO] IPUIPlugin:80 - create IPUIPlugin
2025-12-19 15:48:04,906 [INFO] IPUIPlugin:80 - create IPUIPlugin
2025-12-19 15:48:04,907 [INFO] IPUIPlugin:80 - create IPUIPlugin
2025-12-19 15:48:04,907 [INFO] IPUIPlugin:80 - create IPUIPlugin
2025-12-19 15:48:04,907 [INFO] IPUIPlugin:80 - create IPUIPlugin
2025-12-19 15:48:04,907 [INFO] IPUIPlugin:80 - create IPUIPlugin
2025-12-19 15:48:04,907 [INFO] IPUIPlugin:80 - create IPUIPlugin
2025-12-19 15:48:04,907 [INFO] IPUIPlugin:80 - create IPUIPlugin
2025-12-19 15:48:04,907 [INFO] IPUIPlugin:80 - create IPUIPlugin
2025-12-19 15:48:04,907 [INFO] IPUIPlugin:80 - create IPUIPlugin
2025-12-19 15:48:04,907 [INFO] IPUIPlugin:80 - create IPUIPlugin
2025-12-19 15:48:04,907 [INFO] IPUIPlugin:80 - create IPUIPlugin
2025-12-19 15:48:04,908 [INFO] IPUIPlugin:80 - create IPUIPlugin
2025-12-19 15:48:04,908 [INFO] IPUIPlugin:80 - create IPUIPlugin
2025-12-19 15:48:04,908 [INFO] IPUIPlugin:80 - create IPUIPlugin
2025-12-19 15:48:04,908 [INFO] IPUIPlugin:80 - create IPUIPlugin
2025-12-19 15:48:04,908 [INFO] IPUIPlugin:80 - create IPUIPlugin
2025-12-19 15:48:04,909 [INFO] IPUIPlugin:80 - create IPUIPlugin
2025-12-19 15:48:04,909 [INFO] IPUIPlugin:80 - create IPUIPlugin
2025-12-19 15:48:04,909 [INFO] IPUIPlugin:80 - create IPUIPlugin
2025-12-19 15:48:04,910 [INFO] IPUIPlugin:80 - create IPUIPlugin
2025-12-19 15:48:04,910 [INFO] IPUIPlugin:80 - create IPUIPlugin
2025-12-19 15:48:04,910 [INFO] IPUIPlugin:80 - create IPUIPlugin
2025-12-19 15:48:04,910 [INFO] IPUIPlugin:80 - create IPUIPlugin
2025-12-19 15:48:04,911 [INFO] IPUIPlugin:80 - create IPUIPlugin
2025-12-19 15:48:04,911 [INFO] IPUIPlugin:80 - create IPUIPlugin
2025-12-19 15:48:04,911 [INFO] IPUIPlugin:80 - create IPUIPlugin
2025-12-19 15:48:04,911 [INFO] IPUIPlugin:80 - create IPUIPlugin
2025-12-19 15:48:04,911 [INFO] IPUIPlugin:80 - create IPUIPlugin
2025-12-19 15:48:04,911 [INFO] IPUIPlugin:80 - create IPUIPlugin
2025-12-19 15:48:04,912 [INFO] IPUIPlugin:80 - create IPUIPlugin
2025-12-19 15:48:04,912 [INFO] IPUIPlugin:80 - create IPUIPlugin
2025-12-19 15:48:04,913 [INFO] IPUIPlugin:80 - create IPUIPlugin
2025-12-19 15:48:04,913 [INFO] IPUIPlugin:80 - create IPUIPlugin
2025-12-19 15:48:04,913 [INFO] IPUIPlugin:80 - create IPUIPlugin
2025-12-19 15:48:04,914 [INFO] IPUIPlugin:80 - create IPUIPlugin
2025-12-19 15:48:04,914 [INFO] IPUIPlugin:80 - create IPUIPlugin
2025-12-19 15:48:04,914 [INFO] IPUIPlugin:80 - create IPUIPlugin
2025-12-19 15:48:04,915 [INFO] IPUIPlugin:80 - create IPUIPlugin
2025-12-19 15:48:04,915 [INFO] IPUIPlugin:80 - create IPUIPlugin
2025-12-19 15:48:04,915 [INFO] IPUIPlugin:80 - create IPUIPlugin
2025-12-19 15:48:04,916 [INFO] IPUIPlugin:80 - create IPUIPlugin
2025-12-19 15:48:04,916 [INFO] IPUIPlugin:80 - create IPUIPlugin
2025-12-19 15:48:04,916 [INFO] IPUIPlugin:80 - create IPUIPlugin
2025-12-19 15:48:04,916 [INFO] IPUIPlugin:80 - create IPUIPlugin
2025-12-19 15:48:04,916 [INFO] IPUIPlugin:80 - create IPUIPlugin
2025-12-19 15:48:04,917 [INFO] IPUIPlugin:80 - create IPUIPlugin
2025-12-19 15:48:04,917 [INFO] IPUIPlugin:80 - create IPUIPlugin
2025-12-19 15:48:04,917 [INFO] IPUIPlugin:80 - create IPUIPlugin
2025-12-19 15:48:04,917 [INFO] IPUIPlugin:80 - create IPUIPlugin
2025-12-19 15:48:04,917 [INFO] IPUIPlugin:80 - create IPUIPlugin
2025-12-19 15:48:04,917 [INFO] IPUIPlugin:80 - create IPUIPlugin
2025-12-19 15:48:04,918 [INFO] IPUIPlugin:80 - create IPUIPlugin
2025-12-19 15:48:04,918 [INFO] IPUIPlugin:80 - create IPUIPlugin
2025-12-19 15:48:04,918 [INFO] IPUIPlugin:80 - create IPUIPlugin
2025-12-19 15:48:04,918 [INFO] IPUIPlugin:80 - create IPUIPlugin
2025-12-19 15:48:04,918 [INFO] IPUIPlugin:80 - create IPUIPlugin
2025-12-19 15:48:04,918 [INFO] IPUIPlugin:80 - create IPUIPlugin
2025-12-19 15:48:04,919 [INFO] IPUIPlugin:80 - create IPUIPlugin
2025-12-19 15:48:04,919 [INFO] IPUIPlugin:80 - create IPUIPlugin
2025-12-19 15:48:04,919 [INFO] IPUIPlugin:80 - create IPUIPlugin
2025-12-19 15:48:04,919 [INFO] IPUIPlugin:80 - create IPUIPlugin
2025-12-19 15:48:04,919 [INFO] IPUIPlugin:80 - create IPUIPlugin
2025-12-19 15:48:04,920 [INFO] IPUIPlugin:80 - create IPUIPlugin
2025-12-19 15:48:04,920 [INFO] IPUIPlugin:80 - create IPUIPlugin
2025-12-19 15:48:04,920 [INFO] IPUIPlugin:80 - create IPUIPlugin
2025-12-19 15:48:04,920 [INFO] IPUIPlugin:80 - create IPUIPlugin
2025-12-19 15:48:04,920 [INFO] IPUIPlugin:80 - create IPUIPlugin
2025-12-19 15:48:04,921 [INFO] IPUIPlugin:80 - create IPUIPlugin
2025-12-19 15:48:04,922 [INFO] IPUIPlugin:80 - create IPUIPlugin
2025-12-19 15:48:04,930 [INFO] IPUIPlugin:80 - create IPUIPlugin
2025-12-19 15:48:04,930 [INFO] IPUIPlugin:80 - create IPUIPlugin
2025-12-19 15:48:04,931 [INFO] IPUIPlugin:80 - create IPUIPlugin
2025-12-19 15:48:04,931 [INFO] IPUIPlugin:80 - create IPUIPlugin
2025-12-19 15:48:04,935 [INFO] ApiDbMcu:508 - Load IP Config File for PDM2PCM
2025-12-19 15:48:04,937 [WARN] IP:2251 - ClockDivider not found: check if there is a RefParameter without a condition.
2025-12-19 15:48:04,937 [WARN] IP:2251 - ClockDividerCCU not found: check if there is a RefParameter without a condition.
2025-12-19 15:48:04,937 [WARN] IP:2251 - MinOscClkPeriodsCCU not found: check if there is a RefParameter without a condition.
2025-12-19 15:48:04,937 [WARN] IP:2251 - TimeQuantaPerBitTimeCCU not found: check if there is a RefParameter without a condition.
2025-12-19 15:48:04,937 [WARN] IP:2251 - WatchdogStartValueCCU not found: check if there is a RefParameter without a condition.
2025-12-19 15:48:04,942 [INFO] LogOutputStream:77 - [STDOUT_REDIRECT] Nominal 
2025-12-19 15:48:04,943 [INFO] Can:71 - Can Add PropertyChangeListener com.st.microxplorer.plugins.ip.can.Can@3fa8bf27
2025-12-19 15:48:05,032 [INFO] CADModel:165 - CPN selected for project levelSTM32H743IIT6
2025-12-19 15:48:05,032 [INFO] CADModel:114 - Register for checkConnection events
2025-12-19 15:48:05,105 [INFO] OpenFileManager:363 - Restore cursor
2025-12-19 15:48:05,108 [INFO] ApiDb:581 - Connected to CubeFinder SQLite database (C:\Users\kamil\.stmcufinder\plugins\mcufinder\mcu\cube-finder-db.db)
2025-12-19 15:48:05,229 [WARN] IP:2251 - LayerIdx_L1 not found: check if there is a RefParameter without a condition.
2025-12-19 15:48:05,378 [WARN] IP:2251 - ClockDivider not found: check if there is a RefParameter without a condition.
2025-12-19 15:48:05,379 [WARN] IP:2251 - ClockDividerCCU not found: check if there is a RefParameter without a condition.
2025-12-19 15:48:05,379 [WARN] IP:2251 - MinOscClkPeriodsCCU not found: check if there is a RefParameter without a condition.
2025-12-19 15:48:05,379 [WARN] IP:2251 - TimeQuantaPerBitTimeCCU not found: check if there is a RefParameter without a condition.
2025-12-19 15:48:05,379 [WARN] IP:2251 - WatchdogStartValueCCU not found: check if there is a RefParameter without a condition.
2025-12-19 15:48:57,822 [WARN] IP:2251 - ClockDivider not found: check if there is a RefParameter without a condition.
2025-12-19 15:48:57,822 [WARN] IP:2251 - ClockDividerCCU not found: check if there is a RefParameter without a condition.
2025-12-19 15:48:57,823 [WARN] IP:2251 - MinOscClkPeriodsCCU not found: check if there is a RefParameter without a condition.
2025-12-19 15:48:57,823 [WARN] IP:2251 - TimeQuantaPerBitTimeCCU not found: check if there is a RefParameter without a condition.
2025-12-19 15:48:57,823 [WARN] IP:2251 - WatchdogStartValueCCU not found: check if there is a RefParameter without a condition.
2025-12-19 15:48:57,879 [INFO] NvicIntPanel:101 - NVIC parent = com.st.microxplorer.plugins.ip.nvic.MultiNvicIntPanel[,0,0,0x0,invalid,layout=javax.swing.BoxLayout,alignmentX=0.0,alignmentY=0.0,border=,flags=9,maximumSize=,minimumSize=,preferredSize=]
2025-12-19 15:54:52,686 [INFO] LogOutputStream:77 - [STDOUT_REDIRECT] Nominal 
2025-12-19 15:54:52,775 [INFO] I2cTimingTraitement:330 - 0x00000E14
2025-12-19 15:54:52,860 [INFO] I2cTimingTraitement:330 - 0x00000E14
2025-12-19 15:57:53,465 [INFO] LogOutputStream:77 - [STDOUT_REDIRECT] Nominal 
2025-12-19 15:57:53,488 [INFO] I2cTimingTraitement:330 - 0x00000E14
2025-12-19 15:57:53,509 [INFO] I2cTimingTraitement:330 - 0x00000E14
2025-12-19 15:57:53,553 [WARN] IP:2251 - LayerIdx_L1 not found: check if there is a RefParameter without a condition.
2025-12-19 15:57:53,679 [WARN] IP:2251 - ClockDivider not found: check if there is a RefParameter without a condition.
2025-12-19 15:57:53,680 [WARN] IP:2251 - ClockDividerCCU not found: check if there is a RefParameter without a condition.
2025-12-19 15:57:53,680 [WARN] IP:2251 - MinOscClkPeriodsCCU not found: check if there is a RefParameter without a condition.
2025-12-19 15:57:53,680 [WARN] IP:2251 - TimeQuantaPerBitTimeCCU not found: check if there is a RefParameter without a condition.
2025-12-19 15:57:53,680 [WARN] IP:2251 - WatchdogStartValueCCU not found: check if there is a RefParameter without a condition.
2025-12-19 15:57:53,965 [INFO] LogOutputStream:77 - [STDOUT_REDIRECT] Nominal 
2025-12-19 15:57:53,981 [INFO] I2cTimingTraitement:330 - 0x00000E14
2025-12-19 15:57:53,997 [INFO] I2cTimingTraitement:330 - 0x00000E14
2025-12-19 15:57:54,035 [WARN] IP:2251 - LayerIdx_L1 not found: check if there is a RefParameter without a condition.
2025-12-19 15:57:54,153 [WARN] IP:2251 - ClockDivider not found: check if there is a RefParameter without a condition.
2025-12-19 15:57:54,153 [WARN] IP:2251 - ClockDividerCCU not found: check if there is a RefParameter without a condition.
2025-12-19 15:57:54,153 [WARN] IP:2251 - MinOscClkPeriodsCCU not found: check if there is a RefParameter without a condition.
2025-12-19 15:57:54,153 [WARN] IP:2251 - TimeQuantaPerBitTimeCCU not found: check if there is a RefParameter without a condition.
2025-12-19 15:57:54,153 [WARN] IP:2251 - WatchdogStartValueCCU not found: check if there is a RefParameter without a condition.
2025-12-19 15:58:15,921 [INFO] LogOutputStream:77 - [STDOUT_REDIRECT] Nominal 
2025-12-19 15:58:15,939 [INFO] I2cTimingTraitement:330 - 0x00000E14
2025-12-19 15:58:15,962 [INFO] I2cTimingTraitement:330 - 0x00000E14
2025-12-19 15:58:16,000 [WARN] IP:2251 - LayerIdx_L1 not found: check if there is a RefParameter without a condition.
2025-12-19 15:58:16,115 [WARN] IP:2251 - ClockDivider not found: check if there is a RefParameter without a condition.
2025-12-19 15:58:16,116 [WARN] IP:2251 - ClockDividerCCU not found: check if there is a RefParameter without a condition.
2025-12-19 15:58:16,116 [WARN] IP:2251 - MinOscClkPeriodsCCU not found: check if there is a RefParameter without a condition.
2025-12-19 15:58:16,116 [WARN] IP:2251 - TimeQuantaPerBitTimeCCU not found: check if there is a RefParameter without a condition.
2025-12-19 15:58:16,116 [WARN] IP:2251 - WatchdogStartValueCCU not found: check if there is a RefParameter without a condition.
2025-12-19 15:58:16,955 [INFO] LogOutputStream:77 - [STDOUT_REDIRECT] Nominal 
2025-12-19 15:58:16,970 [INFO] I2cTimingTraitement:330 - 0x00000E14
2025-12-19 15:58:16,986 [INFO] I2cTimingTraitement:330 - 0x00000E14
2025-12-19 15:58:17,025 [WARN] IP:2251 - LayerIdx_L1 not found: check if there is a RefParameter without a condition.
2025-12-19 15:58:17,113 [WARN] IP:2251 - ClockDivider not found: check if there is a RefParameter without a condition.
2025-12-19 15:58:17,113 [WARN] IP:2251 - ClockDividerCCU not found: check if there is a RefParameter without a condition.
2025-12-19 15:58:17,113 [WARN] IP:2251 - MinOscClkPeriodsCCU not found: check if there is a RefParameter without a condition.
2025-12-19 15:58:17,114 [WARN] IP:2251 - TimeQuantaPerBitTimeCCU not found: check if there is a RefParameter without a condition.
2025-12-19 15:58:17,114 [WARN] IP:2251 - WatchdogStartValueCCU not found: check if there is a RefParameter without a condition.
2025-12-19 15:59:45,927 [INFO] LogOutputStream:77 - [STDOUT_REDIRECT] Nominal 
2025-12-19 15:59:45,946 [INFO] I2cTimingTraitement:330 - 0x00000E14
2025-12-19 15:59:45,963 [INFO] I2cTimingTraitement:330 - 0x00000E14
2025-12-19 16:02:13,868 [INFO] UtilMem:75 - End SaveConfig() Used Memory: 914377688 Bytes (1073741824)
2025-12-19 16:02:17,064 [INFO] LogOutputStream:77 - [STDOUT_REDIRECT] This download action requires prior login. To proceed, please use the 'login' command with your my.st.com account email and password.
2025-12-19 16:02:17,065 [INFO] LogOutputStream:77 - [STDOUT_REDIRECT] Run 'login <email> <password> <remember_me>' for example 'login john.smith@st.com mypassword y'.
2025-12-19 16:02:17,065 [INFO] LogOutputStream:77 - [STDOUT_REDIRECT] If you do not have a my.st.com account, please visit https://st.com website to create one.
2025-12-19 16:34:29,873 [INFO] LogOutputStream:77 - [STDOUT_REDIRECT] Nominal 
2025-12-19 16:34:29,980 [INFO] I2cTimingTraitement:330 - 0x00000E14
2025-12-19 16:34:30,022 [INFO] I2cTimingTraitement:330 - 0x00000E14
2025-12-19 16:38:16,242 [WARN] IP:2251 - ClockDivider not found: check if there is a RefParameter without a condition.
2025-12-19 16:38:16,243 [WARN] IP:2251 - ClockDividerCCU not found: check if there is a RefParameter without a condition.
2025-12-19 16:38:16,243 [WARN] IP:2251 - MinOscClkPeriodsCCU not found: check if there is a RefParameter without a condition.
2025-12-19 16:38:16,243 [WARN] IP:2251 - TimeQuantaPerBitTimeCCU not found: check if there is a RefParameter without a condition.
2025-12-19 16:38:16,243 [WARN] IP:2251 - WatchdogStartValueCCU not found: check if there is a RefParameter without a condition.
2025-12-19 16:38:16,347 [WARN] IP:2251 - ClockDivider not found: check if there is a RefParameter without a condition.
2025-12-19 16:38:16,347 [WARN] IP:2251 - ClockDividerCCU not found: check if there is a RefParameter without a condition.
2025-12-19 16:38:16,347 [WARN] IP:2251 - MinOscClkPeriodsCCU not found: check if there is a RefParameter without a condition.
2025-12-19 16:38:16,347 [WARN] IP:2251 - TimeQuantaPerBitTimeCCU not found: check if there is a RefParameter without a condition.
2025-12-19 16:38:16,347 [WARN] IP:2251 - WatchdogStartValueCCU not found: check if there is a RefParameter without a condition.
2025-12-19 16:38:16,456 [INFO] NvicIntPanel:101 - NVIC parent = com.st.microxplorer.plugins.ip.nvic.MultiNvicIntPanel[,0,0,0x0,invalid,layout=javax.swing.BoxLayout,alignmentX=0.0,alignmentY=0.0,border=,flags=9,maximumSize=,minimumSize=,preferredSize=]
2025-12-19 16:38:19,142 [INFO] UtilMem:75 - End SaveConfig() Used Memory: 1011414808 Bytes (1073741824)
2025-12-19 16:38:22,897 [INFO] LogOutputStream:77 - [STDOUT_REDIRECT] This download action requires prior login. To proceed, please use the 'login' command with your my.st.com account email and password.
2025-12-19 16:38:22,898 [INFO] LogOutputStream:77 - [STDOUT_REDIRECT] Run 'login <email> <password> <remember_me>' for example 'login john.smith@st.com mypassword y'.
2025-12-19 16:38:22,899 [INFO] LogOutputStream:77 - [STDOUT_REDIRECT] If you do not have a my.st.com account, please visit https://st.com website to create one.
2025-12-19 16:41:04,266 [WARN] IP:2251 - ClockDivider not found: check if there is a RefParameter without a condition.
2025-12-19 16:41:04,266 [WARN] IP:2251 - ClockDividerCCU not found: check if there is a RefParameter without a condition.
2025-12-19 16:41:04,268 [WARN] IP:2251 - MinOscClkPeriodsCCU not found: check if there is a RefParameter without a condition.
2025-12-19 16:41:04,268 [WARN] IP:2251 - TimeQuantaPerBitTimeCCU not found: check if there is a RefParameter without a condition.
2025-12-19 16:41:04,268 [WARN] IP:2251 - WatchdogStartValueCCU not found: check if there is a RefParameter without a condition.
2025-12-19 16:41:04,342 [WARN] IP:2251 - ClockDivider not found: check if there is a RefParameter without a condition.
2025-12-19 16:41:04,343 [WARN] IP:2251 - ClockDividerCCU not found: check if there is a RefParameter without a condition.
2025-12-19 16:41:04,343 [WARN] IP:2251 - MinOscClkPeriodsCCU not found: check if there is a RefParameter without a condition.
2025-12-19 16:41:04,343 [WARN] IP:2251 - TimeQuantaPerBitTimeCCU not found: check if there is a RefParameter without a condition.
2025-12-19 16:41:04,343 [WARN] IP:2251 - WatchdogStartValueCCU not found: check if there is a RefParameter without a condition.
2025-12-19 16:41:04,420 [INFO] NvicIntPanel:101 - NVIC parent = com.st.microxplorer.plugins.ip.nvic.MultiNvicIntPanel[,0,0,0x0,invalid,layout=javax.swing.BoxLayout,alignmentX=0.0,alignmentY=0.0,border=,flags=9,maximumSize=,minimumSize=,preferredSize=]
2025-12-19 16:42:29,445 [INFO] UtilMem:75 - End SaveConfig() Used Memory: 961604616 Bytes (1073741824)
2025-12-19 16:42:30,822 [INFO] LogOutputStream:77 - [STDOUT_REDIRECT] This download action requires prior login. To proceed, please use the 'login' command with your my.st.com account email and password.
2025-12-19 16:42:30,823 [INFO] LogOutputStream:77 - [STDOUT_REDIRECT] Run 'login <email> <password> <remember_me>' for example 'login john.smith@st.com mypassword y'.
2025-12-19 16:42:30,824 [INFO] LogOutputStream:77 - [STDOUT_REDIRECT] If you do not have a my.st.com account, please visit https://st.com website to create one.
2025-12-19 16:51:51,745 [WARN] IP:2251 - ClockDivider not found: check if there is a RefParameter without a condition.
2025-12-19 16:51:51,746 [WARN] IP:2251 - ClockDividerCCU not found: check if there is a RefParameter without a condition.
2025-12-19 16:51:51,746 [WARN] IP:2251 - MinOscClkPeriodsCCU not found: check if there is a RefParameter without a condition.
2025-12-19 16:51:51,747 [WARN] IP:2251 - TimeQuantaPerBitTimeCCU not found: check if there is a RefParameter without a condition.
2025-12-19 16:51:51,747 [WARN] IP:2251 - WatchdogStartValueCCU not found: check if there is a RefParameter without a condition.
2025-12-19 16:51:51,938 [WARN] IP:2251 - ClockDivider not found: check if there is a RefParameter without a condition.
2025-12-19 16:51:51,939 [WARN] IP:2251 - ClockDividerCCU not found: check if there is a RefParameter without a condition.
2025-12-19 16:51:51,939 [WARN] IP:2251 - MinOscClkPeriodsCCU not found: check if there is a RefParameter without a condition.
2025-12-19 16:51:51,939 [WARN] IP:2251 - TimeQuantaPerBitTimeCCU not found: check if there is a RefParameter without a condition.
2025-12-19 16:51:51,939 [WARN] IP:2251 - WatchdogStartValueCCU not found: check if there is a RefParameter without a condition.
2025-12-19 16:51:52,074 [INFO] NvicIntPanel:101 - NVIC parent = com.st.microxplorer.plugins.ip.nvic.MultiNvicIntPanel[,0,0,0x0,invalid,layout=javax.swing.BoxLayout,alignmentX=0.0,alignmentY=0.0,border=,flags=9,maximumSize=,minimumSize=,preferredSize=]
2025-12-19 16:51:59,078 [WARN] IP:2251 - ClockDivider not found: check if there is a RefParameter without a condition.
2025-12-19 16:51:59,078 [WARN] IP:2251 - ClockDividerCCU not found: check if there is a RefParameter without a condition.
2025-12-19 16:51:59,078 [WARN] IP:2251 - MinOscClkPeriodsCCU not found: check if there is a RefParameter without a condition.
2025-12-19 16:51:59,078 [WARN] IP:2251 - TimeQuantaPerBitTimeCCU not found: check if there is a RefParameter without a condition.
2025-12-19 16:51:59,078 [WARN] IP:2251 - WatchdogStartValueCCU not found: check if there is a RefParameter without a condition.
2025-12-19 16:51:59,143 [INFO] NvicIntPanel:101 - NVIC parent = com.st.microxplorer.plugins.ip.nvic.MultiNvicIntPanel[,0,0,0x0,invalid,layout=javax.swing.BoxLayout,alignmentX=0.0,alignmentY=0.0,border=,flags=9,maximumSize=,minimumSize=,preferredSize=]
2025-12-19 16:52:05,118 [INFO] UtilMem:75 - End SaveConfig() Used Memory: 958422112 Bytes (1073741824)
2025-12-19 16:52:07,414 [INFO] LogOutputStream:77 - [STDOUT_REDIRECT] This download action requires prior login. To proceed, please use the 'login' command with your my.st.com account email and password.
2025-12-19 16:52:07,417 [INFO] LogOutputStream:77 - [STDOUT_REDIRECT] Run 'login <email> <password> <remember_me>' for example 'login john.smith@st.com mypassword y'.
2025-12-19 16:52:07,418 [INFO] LogOutputStream:77 - [STDOUT_REDIRECT] If you do not have a my.st.com account, please visit https://st.com website to create one.
2025-12-19 16:57:45,293 [INFO] LogOutputStream:77 - [STDOUT_REDIRECT] This download action requires prior login. To proceed, please use the 'login' command with your my.st.com account email and password.
2025-12-19 16:57:45,295 [INFO] LogOutputStream:77 - [STDOUT_REDIRECT] Run 'login <email> <password> <remember_me>' for example 'login john.smith@st.com mypassword y'.
2025-12-19 16:57:45,296 [INFO] LogOutputStream:77 - [STDOUT_REDIRECT] If you do not have a my.st.com account, please visit https://st.com website to create one.
2025-12-19 17:13:51,463 [INFO] MainUpdater:2872 - connection check result : 10
2025-12-19 17:13:51,464 [INFO] MainUpdater:2872 - connection check result : 10
2025-12-19 17:13:51,769 [INFO] LogOutputStream:77 - [STDOUT_REDIRECT] Nominal 
2025-12-19 17:13:51,880 [INFO] I2cTimingTraitement:330 - 0x00000E14
2025-12-19 17:13:51,991 [INFO] I2cTimingTraitement:330 - 0x00000E14
2025-12-19 17:13:52,022 [INFO] MicroXplorer:468 - Change Database Path : 
2025-12-19 17:13:52,023 [INFO] MicroXplorer:498 - Change Database Version : DB.6.0.130
2025-12-19 17:13:52,070 [ERROR] ProjectManagerView:394 - 
java.lang.NullPointerException: Cannot invoke "javax.swing.JTextField.getText()" because the return value of "java.util.List.get(int)" is null
	at com.st.microxplorer.plugins.projectmanager.gui.ProjectChoiceTab$9.caretUpdate(ProjectChoiceTab.java:2616) ~[filemanager.jar:?]
	at javax.swing.text.JTextComponent.fireCaretUpdate(JTextComponent.java:408) ~[?:?]
	at javax.swing.text.JTextComponent$MutableCaretEvent.fire(JTextComponent.java:4484) ~[?:?]
	at javax.swing.text.JTextComponent$MutableCaretEvent.stateChanged(JTextComponent.java:4506) ~[?:?]
	at javax.swing.text.DefaultCaret.fireStateChanged(DefaultCaret.java:857) ~[?:?]
	at javax.swing.text.DefaultCaret.changeCaretPosition(DefaultCaret.java:1343) ~[?:?]
	at javax.swing.text.DefaultCaret.handleSetDot(DefaultCaret.java:1242) ~[?:?]
	at javax.swing.text.DefaultCaret.setDot(DefaultCaret.java:1223) ~[?:?]
	at javax.swing.text.DefaultCaret$Handler.insertUpdate(DefaultCaret.java:1819) ~[?:?]
	at javax.swing.text.AbstractDocument.fireInsertUpdate(AbstractDocument.java:227) ~[?:?]
	at javax.swing.text.AbstractDocument.handleInsertString(AbstractDocument.java:781) ~[?:?]
	at javax.swing.text.AbstractDocument.insertString(AbstractDocument.java:740) ~[?:?]
	at javax.swing.text.PlainDocument.insertString(PlainDocument.java:131) ~[?:?]
	at javax.swing.text.AbstractDocument.replace(AbstractDocument.java:699) ~[?:?]
	at javax.swing.text.JTextComponent.setText(JTextComponent.java:1725) ~[?:?]
	at com.st.microxplorer.plugins.projectmanager.gui.ProjectChoiceTab.createHeapStackFields(ProjectChoiceTab.java:975) ~[filemanager.jar:?]
	at com.st.microxplorer.plugins.projectmanager.gui.ProjectChoiceTab.buildLinkSettingsPanel(ProjectChoiceTab.java:3666) ~[filemanager.jar:?]
	at com.st.microxplorer.plugins.projectmanager.gui.ProjectChoiceTab.defineWindowsFields(ProjectChoiceTab.java:1934) ~[filemanager.jar:?]
	at com.st.microxplorer.plugins.projectmanager.gui.ProjectChoiceTab.updateSettings(ProjectChoiceTab.java:553) ~[filemanager.jar:?]
	at com.st.microxplorer.plugins.projectmanager.gui.ProjectSettingsPanel.UpdateDialog(ProjectSettingsPanel.java:245) ~[filemanager.jar:?]
	at com.st.microxplorer.plugins.projectmanager.ProjectManagerView.propertyChange(ProjectManagerView.java:391) ~[filemanager.jar:?]
	at java.beans.PropertyChangeSupport.fire(PropertyChangeSupport.java:343) ~[?:?]
	at java.beans.PropertyChangeSupport.firePropertyChange(PropertyChangeSupport.java:335) ~[?:?]
	at java.beans.PropertyChangeSupport.firePropertyChange(PropertyChangeSupport.java:268) ~[?:?]
	at com.st.microxplorer.util.MXPropertyChangeSupport.firePropertyChange(MXPropertyChangeSupport.java:54) ~[STM32CubeMX.jar:?]
	at com.st.microxplorer.mxsystem.MxSystem.closeConfig(MxSystem.java:899) ~[STM32CubeMX.jar:?]
	at com.st.microxplorer.maingui.MainPanel.closeConfig(MainPanel.java:789) ~[STM32CubeMX.jar:?]
	at com.st.microxplorer.plugins.filemanager.engine.OpenFileManager.loadConfigurationFile(OpenFileManager.java:265) ~[filemanager.jar:?]
	at com.st.microxplorer.plugins.filemanager.engine.MainFileManager.userLoadConfig(MainFileManager.java:340) ~[filemanager.jar:?]
	at com.st.microxplorer.plugins.filemanager.engine.MainFileManager.userLoadConfig(MainFileManager.java:318) ~[filemanager.jar:?]
	at com.st.microxplorer.plugins.filemanager.FileManagerView.getSpecificTask(FileManagerView.java:246) ~[filemanager.jar:?]
	at com.st.stm32cube.common.mx.editor.CubeMxEditor.getMxTabbedPaneInstance(CubeMxEditor.java:1198) ~[com.st.stm32cube.common.mx_6.13.0.202411220809/:?]
	at com.st.stm32cube.common.mx.editor.CubeMxEditor$12$1.createSwingComponent(CubeMxEditor.java:1068) ~[com.st.stm32cube.common.mx_6.13.0.202411220809/:?]
	at com.st.stm32cube.common.mx.oss.core.awtswtbridge.EmbeddedSwingComposite.doComponentCreation(EmbeddedSwingComposite.java:492) ~[com.st.stm32cube.common.mx.oss_6.13.0.202411220809/:?]
	at com.st.stm32cube.common.mx.oss.core.awtswtbridge.EmbeddedSwingComposite$4.run(EmbeddedSwingComposite.java:291) ~[com.st.stm32cube.common.mx.oss_6.13.0.202411220809/:?]
	at com.st.stm32cube.common.mx.oss.core.awtswtbridge.AwtEnvironment$2.run(AwtEnvironment.java:166) ~[com.st.stm32cube.common.mx.oss_6.13.0.202411220809/:?]
	at java.awt.event.InvocationEvent.dispatch(InvocationEvent.java:318) ~[?:?]
	at java.awt.EventQueue.dispatchEventImpl(EventQueue.java:773) ~[?:?]
	at java.awt.EventQueue$4.run(EventQueue.java:720) ~[?:?]
	at java.awt.EventQueue$4.run(EventQueue.java:714) ~[?:?]
	at java.security.AccessController.doPrivileged(AccessController.java:400) ~[?:?]
	at java.security.ProtectionDomain$JavaSecurityAccessImpl.doIntersectionPrivilege(ProtectionDomain.java:87) ~[?:?]
	at java.awt.EventQueue.dispatchEvent(EventQueue.java:742) ~[?:?]
	at java.awt.EventDispatchThread.pumpOneEventForFilters(EventDispatchThread.java:203) ~[?:?]
	at java.awt.EventDispatchThread.pumpEventsForFilter(EventDispatchThread.java:124) ~[?:?]
	at java.awt.EventDispatchThread.pumpEventsForHierarchy(EventDispatchThread.java:113) ~[?:?]
	at java.awt.EventDispatchThread.pumpEvents(EventDispatchThread.java:109) ~[?:?]
	at java.awt.EventDispatchThread.pumpEvents(EventDispatchThread.java:101) ~[?:?]
	at java.awt.EventDispatchThread.run(EventDispatchThread.java:90) ~[?:?]
2025-12-19 17:13:52,073 [WARN] ThirdParty:871 - waiting for thirdparty lock release [close project]
2025-12-19 17:13:52,073 [INFO] ThirdParty:873 - entering critical section [close project]
2025-12-19 17:13:52,073 [INFO] ThirdParty:883 - exiting critical section [close project]
2025-12-19 17:13:52,078 [INFO] PinOutPanel:1589 - setPackage(No Configuration,No Configuration)
2025-12-19 17:13:52,096 [WARN] IpParametersView:154 - Warning: This peripheral hasn't parameters
2025-12-19 17:13:52,112 [WARN] MainPanel:289 - <html><b><center>Warning: This peripheral has no parameters to be configured<br></b></html>
2025-12-19 17:13:52,113 [ERROR] MainPanel:599 - java.lang.IndexOutOfBoundsException: Index: 0, Tab count: 0
2025-12-19 17:13:52,121 [INFO] UtilMem:75 - Begin LoadConfig() Used Memory: 1012432720 Bytes (1073741824)
2025-12-19 17:13:52,122 [INFO] MicroXplorer:468 - Change Database Path : 
2025-12-19 17:13:52,122 [INFO] MicroXplorer:498 - Change Database Version : DB.6.0.130
2025-12-19 17:13:52,122 [INFO] OpenFileManager:332 - Change cursor
2025-12-19 17:13:52,171 [INFO] RulesReader:64 - Compatibility file has been processed (297 Rules)
2025-12-19 17:13:52,202 [INFO] Mcu:2035 - Initializing MCU STM32H743IITx STM32H743IITx STM32H743IIT6
2025-12-19 17:13:57,744 [INFO] Context:748 - Trying to add GPIOservice into a context  which must be forbidden
2025-12-19 17:13:59,374 [INFO] RtosManager:555 - Registered RTOS mode: class=CMSIS, group=RTOS, mode=CMSIS_V1, owner=FREERTOS
2025-12-19 17:13:59,375 [INFO] RtosManager:555 - Registered RTOS mode: class=CMSIS, group=RTOS2, mode=CMSIS_V2, owner=FREERTOS
2025-12-19 17:13:59,375 [INFO] RtosManager:555 - Registered RTOS mode: class=RTOS, group=Core, mode=CMSIS_V1, owner=FREERTOS
2025-12-19 17:13:59,375 [INFO] RtosManager:555 - Registered RTOS mode: class=RTOS, group=Core, mode=CMSIS_V2, owner=FREERTOS
2025-12-19 17:13:59,375 [WARN] ModelIntegratedComponent:184 - Missing modes for component STMicroelectronics:FreeRTOS:0.0.1:STMicroelectronics:RTOS:FreeRTOS:Core:::10.2.0:
2025-12-19 17:13:59,378 [WARN] ModelIntegratedComponent:63 - No mode defined for component null
2025-12-19 17:13:59,378 [WARN] ModelIntegratedComponent:63 - No mode defined for component null
2025-12-19 17:13:59,379 [WARN] ModelIntegratedComponent:63 - No mode defined for component null
2025-12-19 17:13:59,379 [WARN] ModelIntegratedComponent:63 - No mode defined for component null
2025-12-19 17:13:59,379 [WARN] ModelIntegratedComponent:63 - No mode defined for component null
2025-12-19 17:13:59,379 [WARN] ModelIntegratedComponent:63 - No mode defined for component null
2025-12-19 17:13:59,379 [WARN] ModelIntegratedComponent:63 - No mode defined for component null
2025-12-19 17:13:59,379 [WARN] ModelIntegratedComponent:63 - No mode defined for component null
2025-12-19 17:13:59,379 [WARN] ModelIntegratedComponent:63 - No mode defined for component null
2025-12-19 17:13:59,379 [WARN] ModelIntegratedComponent:63 - No mode defined for component null
2025-12-19 17:13:59,379 [WARN] ModelIntegratedComponent:63 - No mode defined for component null
2025-12-19 17:13:59,379 [WARN] ModelIntegratedComponent:63 - No mode defined for component null
2025-12-19 17:13:59,379 [WARN] ModelIntegratedComponent:63 - No mode defined for component null
2025-12-19 17:13:59,379 [WARN] ModelIntegratedComponent:63 - No mode defined for component null
2025-12-19 17:13:59,379 [WARN] ModelIntegratedComponent:63 - No mode defined for component null
2025-12-19 17:13:59,379 [WARN] ModelIntegratedComponent:63 - No mode defined for component null
2025-12-19 17:13:59,379 [WARN] ModelIntegratedComponent:63 - No mode defined for component null
2025-12-19 17:13:59,379 [WARN] ModelIntegratedComponent:63 - No mode defined for component null
2025-12-19 17:13:59,380 [WARN] ModelIntegratedComponent:63 - No mode defined for component null
2025-12-19 17:13:59,380 [WARN] ModelIntegratedComponent:63 - No mode defined for component null
2025-12-19 17:13:59,380 [WARN] ModelIntegratedComponent:63 - No mode defined for component null
2025-12-19 17:13:59,380 [WARN] ModelIntegratedComponent:63 - No mode defined for component null
2025-12-19 17:13:59,380 [WARN] ModelIntegratedComponent:63 - No mode defined for component null
2025-12-19 17:13:59,380 [WARN] ModelIntegratedComponent:63 - No mode defined for component null
2025-12-19 17:13:59,380 [WARN] ModelIntegratedComponent:63 - No mode defined for component null
2025-12-19 17:13:59,380 [WARN] ModelIntegratedComponent:63 - No mode defined for component null
2025-12-19 17:13:59,380 [WARN] ModelIntegratedComponent:63 - No mode defined for component null
2025-12-19 17:13:59,380 [WARN] ModelIntegratedComponent:63 - No mode defined for component null
2025-12-19 17:13:59,380 [WARN] ModelIntegratedComponent:63 - No mode defined for component null
2025-12-19 17:13:59,380 [WARN] ModelIntegratedComponent:63 - No mode defined for component null
2025-12-19 17:13:59,380 [WARN] ModelIntegratedComponent:63 - No mode defined for component null
2025-12-19 17:13:59,381 [WARN] ModelIntegratedComponent:63 - No mode defined for component null
2025-12-19 17:13:59,381 [WARN] ModelIntegratedComponent:63 - No mode defined for component null
2025-12-19 17:13:59,381 [WARN] ModelIntegratedComponent:63 - No mode defined for component null
2025-12-19 17:13:59,381 [WARN] ModelIntegratedComponent:63 - No mode defined for component null
2025-12-19 17:13:59,381 [WARN] ModelPack:524 - Component already loaded: STMicroelectronics:HAL Drivers:0.0.0:STMicroelectronics:Device:STMicro_Driver:XSPI:HAL::0.0.1:HAL_XSPI
2025-12-19 17:13:59,538 [INFO] ThirdPartyModel:298 - Start build external matchings
2025-12-19 17:14:01,636 [INFO] ThirdPartyModel:316 - End build external matchings
2025-12-19 17:14:01,699 [WARN] IP:2251 - ClockDivider not found: check if there is a RefParameter without a condition.
2025-12-19 17:14:01,700 [WARN] IP:2251 - ClockDividerCCU not found: check if there is a RefParameter without a condition.
2025-12-19 17:14:01,700 [WARN] IP:2251 - MinOscClkPeriodsCCU not found: check if there is a RefParameter without a condition.
2025-12-19 17:14:01,701 [WARN] IP:2251 - TimeQuantaPerBitTimeCCU not found: check if there is a RefParameter without a condition.
2025-12-19 17:14:01,701 [WARN] IP:2251 - WatchdogStartValueCCU not found: check if there is a RefParameter without a condition.
2025-12-19 17:14:01,704 [INFO] ImportTextPane:218 - (OptionalMessage_ERROR) IP (RCC) : Parameter (ADCFreq_Value) has invalid value (129000000)
2025-12-19 17:14:01,714 [INFO] ImportTextPane:218 - (OptionalMessage_ERROR) IP (RCC) : Invalid parameter (FamilyName)
2025-12-19 17:14:01,715 [INFO] ImportTextPane:218 - (OptionalMessage_ERROR) IP (RCC) : Parameter (I2C123Freq_Value) has invalid value (64000000)
2025-12-19 17:14:01,715 [INFO] ImportTextPane:218 - (OptionalMessage_ERROR) IP (RCC) : Parameter (I2C4Freq_Value) has invalid value (64000000)
2025-12-19 17:14:01,715 [INFO] ImportTextPane:218 - (OptionalMessage_ERROR) IP (RCC) : Parameter (LPTIM1Freq_Value) has invalid value (64000000)
2025-12-19 17:14:01,715 [INFO] ImportTextPane:218 - (OptionalMessage_ERROR) IP (RCC) : Parameter (LPTIM2Freq_Value) has invalid value (64000000)
2025-12-19 17:14:01,715 [INFO] ImportTextPane:218 - (OptionalMessage_ERROR) IP (RCC) : Parameter (LPTIM345Freq_Value) has invalid value (64000000)
2025-12-19 17:14:01,715 [INFO] ImportTextPane:218 - (OptionalMessage_ERROR) IP (RCC) : Parameter (LPUART1Freq_Value) has invalid value (64000000)
2025-12-19 17:14:01,716 [INFO] ImportTextPane:218 - (OptionalMessage_ERROR) IP (RCC) : Parameter (LTDCFreq_Value) has invalid value (129000000)
2025-12-19 17:14:01,717 [INFO] ImportTextPane:218 - (OptionalMessage_ERROR) IP (RCC) : Parameter (SPI45Freq_Value) has invalid value (64000000)
2025-12-19 17:14:01,717 [INFO] ImportTextPane:218 - (OptionalMessage_ERROR) IP (RCC) : Parameter (SPI6Freq_Value) has invalid value (64000000)
2025-12-19 17:14:01,717 [INFO] ImportTextPane:218 - (OptionalMessage_ERROR) IP (RCC) : Parameter (SWPMI1Freq_Value) has invalid value (64000000)
2025-12-19 17:14:01,718 [INFO] ImportTextPane:218 - (OptionalMessage_ERROR) IP (RCC) : Parameter (USART16Freq_Value) has invalid value (64000000)
2025-12-19 17:14:01,718 [INFO] ImportTextPane:218 - (OptionalMessage_ERROR) IP (RCC) : Parameter (USART234578Freq_Value) has invalid value (64000000)
2025-12-19 17:14:02,679 [INFO] UtilMem:75 - End LoadConfig() Used Memory: 984112576 Bytes (1073741824)
2025-12-19 17:14:02,808 [WARN] ThirdParty:833 - waiting for thirdparty lock release [change project]
2025-12-19 17:14:02,808 [INFO] ThirdParty:835 - entering critical section [change project]
2025-12-19 17:14:02,809 [INFO] ThirdParty:1030 - CMSIS Pack Vendor :STMicroelectronics X-CUBE-PM33A1 1.0.0
2025-12-19 17:14:02,809 [INFO] ThirdParty:1030 - CMSIS Pack Vendor :STMicroelectronics USBPD 4.1
2025-12-19 17:14:02,809 [INFO] ThirdParty:1030 - CMSIS Pack Vendor :STMicroelectronics USB_HOST 2.0.0
2025-12-19 17:14:02,809 [INFO] ThirdParty:1030 - CMSIS Pack Vendor :STMicroelectronics FP-SNS-MOTENVWB1 1.4.0
2025-12-19 17:14:02,809 [INFO] ThirdParty:1030 - CMSIS Pack Vendor :STMicroelectronics X-CUBE-AZRTOS-F4 1.1.0
2025-12-19 17:14:02,809 [INFO] ThirdParty:1030 - CMSIS Pack Vendor :STMicroelectronics LIBJPEG 8.0.0
2025-12-19 17:14:02,809 [INFO] ThirdParty:1030 - CMSIS Pack Vendor :STMicroelectronics FP-ATR-ASTRA1 2.0.2
2025-12-19 17:14:02,809 [INFO] ThirdParty:1030 - CMSIS Pack Vendor :STMicroelectronics FP-ATR-ASTRA1 2.0.1
2025-12-19 17:14:02,809 [INFO] ThirdParty:1030 - CMSIS Pack Vendor :STMicroelectronics X-CUBE-SMBUS 2.1.0
2025-12-19 17:14:02,809 [INFO] ThirdParty:1030 - CMSIS Pack Vendor :STMicroelectronics X-CUBE-WB05N 1.1.0
2025-12-19 17:14:02,809 [INFO] ThirdParty:1030 - CMSIS Pack Vendor :STMicroelectronics X-CUBE-ISPU 2.1.0
2025-12-19 17:14:02,809 [INFO] ThirdParty:1030 - CMSIS Pack Vendor :STMicroelectronics X-CUBE-FREERTOS 1.2.0
2025-12-19 17:14:02,809 [INFO] ThirdParty:1030 - CMSIS Pack Vendor :STMicroelectronics X-CUBE-ST60 1.0.0
2025-12-19 17:14:02,809 [INFO] ThirdParty:1030 - CMSIS Pack Vendor :STMicroelectronics X-CUBE-NFC12 1.0.0
2025-12-19 17:14:02,809 [INFO] ThirdParty:1030 - CMSIS Pack Vendor :STMicroelectronics X-CUBE-AZRTOS-F7 1.1.0
2025-12-19 17:14:02,809 [INFO] ThirdParty:1030 - CMSIS Pack Vendor :STMicroelectronics X-CUBE-AZRTOS-L5 2.0.0
2025-12-19 17:14:02,809 [INFO] ThirdParty:1030 - CMSIS Pack Vendor :STMicroelectronics USB_DEVICE 2.0.0
2025-12-19 17:14:02,809 [INFO] ThirdParty:1030 - CMSIS Pack Vendor :STMicroelectronics X-CUBE-NFC6 3.1.0
2025-12-19 17:14:02,809 [INFO] ThirdParty:1030 - CMSIS Pack Vendor :ARM CMSIS 5.7.0
2025-12-19 17:14:02,809 [INFO] ThirdParty:1030 - CMSIS Pack Vendor :STMicroelectronics X-CUBE-MEMS1 11.0.0
2025-12-19 17:14:02,809 [INFO] ThirdParty:1030 - CMSIS Pack Vendor :STMicroelectronics FreeRTOS 0.0.1
2025-12-19 17:14:02,809 [INFO] ThirdParty:1030 - CMSIS Pack Vendor :STMicroelectronics X-CUBE-DPower 1.2.0
2025-12-19 17:14:02,810 [INFO] ThirdParty:1030 - CMSIS Pack Vendor :STMicroelectronics FP-SNS-FLIGHT1 5.0.2
2025-12-19 17:14:02,810 [INFO] ThirdParty:1030 - CMSIS Pack Vendor :STMicroelectronics PDM2PCM 3.3.0
2025-12-19 17:14:02,810 [INFO] ThirdParty:1030 - CMSIS Pack Vendor :STMicroelectronics X-CUBE-AZRTOS-H7 3.4.0
2025-12-19 17:14:02,810 [INFO] ThirdParty:1030 - CMSIS Pack Vendor :STMicroelectronics X-CUBE-DISPLAY 3.0.0
2025-12-19 17:14:02,810 [INFO] ThirdParty:1030 - CMSIS Pack Vendor :STMicroelectronics X-CUBE-BLE1 7.0.0
2025-12-19 17:14:02,810 [INFO] ThirdParty:1030 - CMSIS Pack Vendor :STMicroelectronics X-CUBE-NFC10 1.0.0
2025-12-19 17:14:02,810 [INFO] ThirdParty:1030 - CMSIS Pack Vendor :STMicroelectronics X-CUBE-BLEMGR 4.0.0
2025-12-19 17:14:02,810 [INFO] ThirdParty:1030 - CMSIS Pack Vendor :STMicroelectronics X-CUBE-FREERTOS 1.3.1
2025-12-19 17:14:02,810 [INFO] ThirdParty:1030 - CMSIS Pack Vendor :STMicroelectronics HAL Drivers 0.0.0
2025-12-19 17:14:02,810 [INFO] ThirdParty:1030 - CMSIS Pack Vendor :STMicroelectronics X-CUBE-ST60 1.1.0
2025-12-19 17:14:02,810 [INFO] ThirdParty:1030 - CMSIS Pack Vendor :emotas I-CUBE-CANOPEN 1.3.0
2025-12-19 17:14:02,810 [INFO] ThirdParty:1030 - CMSIS Pack Vendor :STMicroelectronics X-CUBE-FREERTOS 1.3.0
2025-12-19 17:14:02,810 [INFO] ThirdParty:1030 - CMSIS Pack Vendor :STMicroelectronics X-CUBE-NFC7 1.0.1
2025-12-19 17:14:02,810 [INFO] ThirdParty:1030 - CMSIS Pack Vendor :STMicroelectronics MBEDTLS 2.14.1
2025-12-19 17:14:02,810 [INFO] ThirdParty:1030 - CMSIS Pack Vendor :STMicroelectronics X-CUBE-GNSS1 7.1.0
2025-12-19 17:14:02,810 [INFO] ThirdParty:1030 - CMSIS Pack Vendor :STMicroelectronics X-CUBE-TOUCHGFX 4.26.0
2025-12-19 17:14:02,810 [INFO] ThirdParty:1030 - CMSIS Pack Vendor :STMicroelectronics X-CUBE-BLEMGR 3.1.0
2025-12-19 17:14:02,810 [INFO] ThirdParty:1030 - CMSIS Pack Vendor :STMicroelectronics X-CUBE-AI 10.0.0
2025-12-19 17:14:02,810 [INFO] ThirdParty:1030 - CMSIS Pack Vendor :STMicroelectronics FP-SNS-STAIOTCFT 1.0.0
2025-12-19 17:14:02,811 [INFO] ThirdParty:1030 - CMSIS Pack Vendor :STMicroelectronics FP-SNS-SMARTAG2 1.2.0
2025-12-19 17:14:02,811 [INFO] ThirdParty:1030 - CMSIS Pack Vendor :STMicroelectronics FP-SNS-FLIGHT1 5.1.0
2025-12-19 17:14:02,811 [INFO] ThirdParty:1030 - CMSIS Pack Vendor :STMicroelectronics X-CUBE-MEMS1 11.1.0
2025-12-19 17:14:02,811 [INFO] ThirdParty:1030 - CMSIS Pack Vendor :STMicroelectronics X-CUBE-AZRTOS-WL 2.0.0
2025-12-19 17:14:02,811 [INFO] ThirdParty:1030 - CMSIS Pack Vendor :STMicroelectronics X-CUBE-DPower 1.3.0
2025-12-19 17:14:02,811 [INFO] ThirdParty:1030 - CMSIS Pack Vendor :STMicroelectronics FP-SNS-MOTENV1 5.0.0
2025-12-19 17:14:02,811 [INFO] ThirdParty:1030 - CMSIS Pack Vendor :STMicroelectronics USB_DEVICE 1.0.0
2025-12-19 17:14:02,811 [INFO] ThirdParty:1030 - CMSIS Pack Vendor :STMicroelectronics X-CUBE-AZRTOS-H7RS 1.2.0
2025-12-19 17:14:02,811 [INFO] ThirdParty:1030 - CMSIS Pack Vendor :wolfSSL I-CUBE-wolfMQTT 1.19.0
2025-12-19 17:14:02,811 [INFO] ThirdParty:1030 - CMSIS Pack Vendor :STMicroelectronics X-CUBE-AZRTOS-L4 2.0.0
2025-12-19 17:14:02,811 [INFO] ThirdParty:1030 - CMSIS Pack Vendor :STMicroelectronics ThreadX 0.0.2
2025-12-19 17:14:02,811 [INFO] ThirdParty:1030 - CMSIS Pack Vendor :WES I-CUBE-Cesium 1.3.0
2025-12-19 17:14:02,811 [INFO] ThirdParty:1030 - CMSIS Pack Vendor :STMicroelectronics lwIP 2.1.2
2025-12-19 17:14:02,811 [INFO] ThirdParty:1030 - CMSIS Pack Vendor :STMicroelectronics X-CUBE-SFXS2LP1 4.0.0
2025-12-19 17:14:02,811 [INFO] ThirdParty:1030 - CMSIS Pack Vendor :STMicroelectronics X-CUBE-BLE2 3.3.0
2025-12-19 17:14:02,811 [INFO] ThirdParty:1030 - CMSIS Pack Vendor :Avnet-IOTCONNECT X-CUBE-iotc-st67-sdk 1.0.0
2025-12-19 17:14:02,811 [INFO] ThirdParty:1030 - CMSIS Pack Vendor :STMicroelectronics PDM2PCM 3.2.0
2025-12-19 17:14:02,811 [INFO] ThirdParty:1030 - CMSIS Pack Vendor :STMicroelectronics X-CUBE-AZRTOS-H7 3.3.0
2025-12-19 17:14:02,811 [INFO] ThirdParty:1030 - CMSIS Pack Vendor :STMicroelectronics X-CUBE-NFC9 1.0.0
2025-12-19 17:14:02,811 [INFO] ThirdParty:1030 - CMSIS Pack Vendor :STMicroelectronics X-CUBE-BLE1 7.1.0
2025-12-19 17:14:02,811 [INFO] ThirdParty:1030 - CMSIS Pack Vendor :STMicroelectronics USB_DEVICE 3.0.0
2025-12-19 17:14:02,812 [INFO] ThirdParty:1030 - CMSIS Pack Vendor :STMicroelectronics X-CUBE-TCPP 4.1.0
2025-12-19 17:14:02,812 [INFO] ThirdParty:1030 - CMSIS Pack Vendor :STMicroelectronics X-CUBE-EEPRMA1 5.2.0
2025-12-19 17:14:02,812 [INFO] ThirdParty:1030 - CMSIS Pack Vendor :STMicroelectronics X-CUBE-BLEMGR 4.1.0
2025-12-19 17:14:02,812 [INFO] ThirdParty:1030 - CMSIS Pack Vendor :STMicroelectronics X-CUBE-IPS 3.0.0
2025-12-19 17:14:02,812 [INFO] ThirdParty:1030 - CMSIS Pack Vendor :STMicroelectronics X-CUBE-AZRTOS-WB 2.0.0
2025-12-19 17:14:02,812 [INFO] ThirdParty:1030 - CMSIS Pack Vendor :STMicroelectronics X-CUBE-GNSS1 7.0.0
2025-12-19 17:14:02,813 [INFO] ThirdParty:1030 - CMSIS Pack Vendor :STMicroelectronics X-CUBE-GNSS1 7.0.1
2025-12-19 17:14:02,813 [INFO] ThirdParty:1030 - CMSIS Pack Vendor :STMicroelectronics X-CUBE-TOUCHGFX 4.25.0
2025-12-19 17:14:02,813 [INFO] ThirdParty:1030 - CMSIS Pack Vendor :STMicroelectronics FP-SNS-STBOX1 2.0.0
2025-12-19 17:14:02,813 [INFO] ThirdParty:1030 - CMSIS Pack Vendor :STMicroelectronics X-CUBE-MEMS1 12.0.0
2025-12-19 17:14:02,814 [INFO] ThirdParty:1030 - CMSIS Pack Vendor :STMicroelectronics X-CUBE-AZRTOS-G0 1.1.0
2025-12-19 17:14:02,814 [INFO] ThirdParty:1030 - CMSIS Pack Vendor :STMicroelectronics X-CUBE-SAFEA1 1.2.2
2025-12-19 17:14:02,814 [INFO] ThirdParty:1030 - CMSIS Pack Vendor :STMicroelectronics X-CUBE-NFC4 3.0.0
2025-12-19 17:14:02,814 [INFO] ThirdParty:1030 - CMSIS Pack Vendor :STMicroelectronics X-CUBE-SUBG2 5.0.0
2025-12-19 17:14:02,814 [INFO] ThirdParty:1030 - CMSIS Pack Vendor :STMicroelectronics X-CUBE-AZRTOS-H7RS 1.1.0
2025-12-19 17:14:02,814 [INFO] ThirdParty:1030 - CMSIS Pack Vendor :STMicroelectronics STM32_WPAN 1.0.0
2025-12-19 17:14:02,814 [INFO] ThirdParty:1030 - CMSIS Pack Vendor :EmbeddedOffice I-CUBE-FS-RTOS 1.0.1
2025-12-19 17:14:02,814 [INFO] ThirdParty:1030 - CMSIS Pack Vendor :STMicroelectronics lwIP 2.0.3
2025-12-19 17:14:02,814 [INFO] ThirdParty:1030 - CMSIS Pack Vendor :Cesanta I-CUBE-Mongoose 7.13.0
2025-12-19 17:14:02,815 [INFO] ThirdParty:1030 - CMSIS Pack Vendor :STMicroelectronics USB_HOST 1.0.0
2025-12-19 17:14:02,815 [INFO] ThirdParty:1030 - CMSIS Pack Vendor :STMicroelectronics X-CUBE-AZRTOS-G4 2.0.0
2025-12-19 17:14:02,815 [INFO] ThirdParty:1030 - CMSIS Pack Vendor :STMicroelectronics X-CUBE-WB05N 2.0.0
2025-12-19 17:14:02,815 [INFO] ThirdParty:1030 - CMSIS Pack Vendor :STMicroelectronics PDM2PCM 3.1.0
2025-12-19 17:14:02,815 [INFO] ThirdParty:1030 - CMSIS Pack Vendor :STMicroelectronics X-CUBE-NFC7 2.0.0
2025-12-19 17:14:02,815 [INFO] ThirdParty:1030 - CMSIS Pack Vendor :STMicroelectronics X-CUBE-TCPP 4.2.0
2025-12-19 17:14:02,815 [INFO] ThirdParty:1030 - CMSIS Pack Vendor :RealThread X-CUBE-RT-Thread_Nano 4.1.1
2025-12-19 17:14:02,815 [INFO] ThirdParty:1030 - CMSIS Pack Vendor :STMicroelectronics FP-ATR-SIGFOX1 3.2.0
2025-12-19 17:14:02,815 [INFO] ThirdParty:1030 - CMSIS Pack Vendor :wolfSSL I-CUBE-wolfSSL 5.7.2
2025-12-19 17:14:02,815 [INFO] ThirdParty:1030 - CMSIS Pack Vendor :quantropi X-CUBE-qispace-sdk-base 1.9.3
2025-12-19 17:14:02,815 [INFO] ThirdParty:1030 - CMSIS Pack Vendor :STMicroelectronics X-CUBE-EEPRMA1 5.1.0
2025-12-19 17:14:02,815 [INFO] ThirdParty:1030 - CMSIS Pack Vendor :STMicroelectronics MBEDTLS 2.16.2
2025-12-19 17:14:02,815 [INFO] ThirdParty:1030 - CMSIS Pack Vendor :STMicroelectronics X-CUBE-IPS 3.1.0
2025-12-19 17:14:02,816 [INFO] ThirdParty:1030 - CMSIS Pack Vendor :STMicroelectronics X-CUBE-ALS 1.0.2
2025-12-19 17:14:02,816 [INFO] ThirdParty:1030 - CMSIS Pack Vendor :ITTIA_DB I-CUBE-ITTIADB 8.9.0
2025-12-19 17:14:02,816 [INFO] ThirdParty:1030 - CMSIS Pack Vendor :STMicroelectronics X-CUBE-TOUCHGFX 4.24.1
2025-12-19 17:14:02,816 [INFO] ThirdParty:1030 - CMSIS Pack Vendor :STMicroelectronics X-CUBE-STSE01 1.0.0
2025-12-19 17:14:02,816 [INFO] ThirdParty:1030 - CMSIS Pack Vendor :wolfSSL I-CUBE-wolfTPM 3.4.0
2025-12-19 17:14:02,816 [INFO] ThirdParty:1030 - CMSIS Pack Vendor :portGmbH I-Cube-SoM-uGOAL 1.1.0
2025-12-19 17:14:02,816 [INFO] ThirdParty:1030 - CMSIS Pack Vendor :STMicroelectronics X-CUBE-ST67W61 1.0.0
2025-12-19 17:14:02,816 [INFO] ThirdParty:1030 - CMSIS Pack Vendor :STMicroelectronics X-CUBE-AI 10.2.0
2025-12-19 17:14:02,816 [INFO] ThirdParty:1030 - CMSIS Pack Vendor :STMicroelectronics ThreadX 1.0.0
2025-12-19 17:14:02,816 [INFO] ThirdParty:1030 - CMSIS Pack Vendor :SEGGER I-CUBE-embOS 1.3.1
2025-12-19 17:14:02,816 [INFO] ThirdParty:1030 - CMSIS Pack Vendor :STMicroelectronics X-CUBE-ALGOBUILD 1.4.0
2025-12-19 17:14:02,816 [INFO] ThirdParty:1030 - CMSIS Pack Vendor :STMicroelectronics X-CUBE-MEMS1 11.3.0
2025-12-19 17:14:02,816 [INFO] ThirdParty:1030 - CMSIS Pack Vendor :STMicroelectronics X-CUBE-AZRTOS-H7RS 1.0.0
2025-12-19 17:14:02,816 [INFO] ThirdParty:1030 - CMSIS Pack Vendor :STMicroelectronics FP-ATR-ASTRA1 2.0.0
2025-12-19 17:14:02,816 [INFO] ThirdParty:1030 - CMSIS Pack Vendor :STMicroelectronics X-CUBE-TOF1 3.4.2
2025-12-19 17:14:02,817 [INFO] ThirdParty:1030 - CMSIS Pack Vendor :STMicroelectronics X-CUBE-TOF1 3.4.3
2025-12-19 17:14:02,817 [INFO] ThirdParty:1030 - CMSIS Pack Vendor :STMicroelectronics X-CUBE-AI 9.1.0
2025-12-19 17:14:02,817 [INFO] ThirdParty:1030 - CMSIS Pack Vendor :Infineon AIROC-Wi-Fi-Bluetooth-STM32 1.6.1
2025-12-19 17:14:02,817 [INFO] ThirdParty:1030 - CMSIS Pack Vendor :wolfSSL I-CUBE-wolfSSH 1.4.17
2025-12-19 17:14:02,817 [INFO] ThirdParty:841 - exiting critical section [change project]
2025-12-19 17:14:03,330 [INFO] PinOutPanel:1589 - setPackage(No Configuration,No Configuration)
2025-12-19 17:14:03,331 [INFO] PinOutPanel:1589 - setPackage(STM32H743IITx,LQFP176)
2025-12-19 17:14:03,973 [INFO] UtilMem:75 - Before build in PCC Used Memory: 978940944 Bytes (1073741824)
2025-12-19 17:14:04,342 [INFO] UtilMem:75 - After build in PCC Used Memory: 977101216 Bytes (1073741824)
2025-12-19 17:14:04,378 [INFO] IPUIPlugin:80 - create IPUIPlugin
2025-12-19 17:14:04,378 [INFO] IPUIPlugin:80 - create IPUIPlugin
2025-12-19 17:14:04,378 [INFO] IPUIPlugin:80 - create IPUIPlugin
2025-12-19 17:14:04,378 [INFO] IPUIPlugin:80 - create IPUIPlugin
2025-12-19 17:14:04,378 [INFO] IPUIPlugin:80 - create IPUIPlugin
2025-12-19 17:14:04,378 [INFO] IPUIPlugin:80 - create IPUIPlugin
2025-12-19 17:14:04,379 [INFO] IPUIPlugin:80 - create IPUIPlugin
2025-12-19 17:14:04,379 [INFO] IPUIPlugin:80 - create IPUIPlugin
2025-12-19 17:14:04,379 [INFO] IPUIPlugin:80 - create IPUIPlugin
2025-12-19 17:14:04,379 [INFO] IPUIPlugin:80 - create IPUIPlugin
2025-12-19 17:14:04,379 [INFO] IPUIPlugin:80 - create IPUIPlugin
2025-12-19 17:14:04,380 [INFO] IPUIPlugin:80 - create IPUIPlugin
2025-12-19 17:14:04,380 [INFO] IPUIPlugin:80 - create IPUIPlugin
2025-12-19 17:14:04,380 [INFO] IPUIPlugin:80 - create IPUIPlugin
2025-12-19 17:14:04,380 [INFO] IPUIPlugin:80 - create IPUIPlugin
2025-12-19 17:14:04,380 [INFO] IPUIPlugin:80 - create IPUIPlugin
2025-12-19 17:14:04,380 [INFO] IPUIPlugin:80 - create IPUIPlugin
2025-12-19 17:14:04,380 [INFO] IPUIPlugin:80 - create IPUIPlugin
2025-12-19 17:14:04,380 [INFO] IPUIPlugin:80 - create IPUIPlugin
2025-12-19 17:14:04,380 [INFO] IPUIPlugin:80 - create IPUIPlugin
2025-12-19 17:14:04,380 [INFO] IPUIPlugin:80 - create IPUIPlugin
2025-12-19 17:14:04,380 [INFO] IPUIPlugin:80 - create IPUIPlugin
2025-12-19 17:14:04,380 [INFO] IPUIPlugin:80 - create IPUIPlugin
2025-12-19 17:14:04,380 [INFO] IPUIPlugin:80 - create IPUIPlugin
2025-12-19 17:14:04,380 [INFO] IPUIPlugin:80 - create IPUIPlugin
2025-12-19 17:14:04,380 [INFO] IPUIPlugin:80 - create IPUIPlugin
2025-12-19 17:14:04,380 [INFO] IPUIPlugin:80 - create IPUIPlugin
2025-12-19 17:14:04,381 [INFO] IPUIPlugin:80 - create IPUIPlugin
2025-12-19 17:14:04,387 [INFO] IPUIPlugin:80 - create IPUIPlugin
2025-12-19 17:14:04,387 [INFO] IPUIPlugin:80 - create IPUIPlugin
2025-12-19 17:14:04,387 [INFO] IPUIPlugin:80 - create IPUIPlugin
2025-12-19 17:14:04,387 [INFO] IPUIPlugin:80 - create IPUIPlugin
2025-12-19 17:14:04,387 [INFO] IPUIPlugin:80 - create IPUIPlugin
2025-12-19 17:14:04,388 [INFO] IPUIPlugin:80 - create IPUIPlugin
2025-12-19 17:14:04,388 [INFO] IPUIPlugin:80 - create IPUIPlugin
2025-12-19 17:14:04,388 [INFO] IPUIPlugin:80 - create IPUIPlugin
2025-12-19 17:14:04,388 [INFO] IPUIPlugin:80 - create IPUIPlugin
2025-12-19 17:14:04,388 [INFO] IPUIPlugin:80 - create IPUIPlugin
2025-12-19 17:14:04,388 [INFO] IPUIPlugin:80 - create IPUIPlugin
2025-12-19 17:14:04,388 [INFO] IPUIPlugin:80 - create IPUIPlugin
2025-12-19 17:14:04,389 [INFO] IPUIPlugin:80 - create IPUIPlugin
2025-12-19 17:14:04,390 [INFO] IPUIPlugin:80 - create IPUIPlugin
2025-12-19 17:14:04,390 [INFO] IPUIPlugin:80 - create IPUIPlugin
2025-12-19 17:14:04,390 [INFO] IPUIPlugin:80 - create IPUIPlugin
2025-12-19 17:14:04,390 [INFO] IPUIPlugin:80 - create IPUIPlugin
2025-12-19 17:14:04,390 [INFO] IPUIPlugin:80 - create IPUIPlugin
2025-12-19 17:14:04,390 [INFO] IPUIPlugin:80 - create IPUIPlugin
2025-12-19 17:14:04,390 [INFO] IPUIPlugin:80 - create IPUIPlugin
2025-12-19 17:14:04,391 [INFO] IPUIPlugin:80 - create IPUIPlugin
2025-12-19 17:14:04,391 [INFO] IPUIPlugin:80 - create IPUIPlugin
2025-12-19 17:14:04,391 [INFO] IPUIPlugin:80 - create IPUIPlugin
2025-12-19 17:14:04,391 [INFO] IPUIPlugin:80 - create IPUIPlugin
2025-12-19 17:14:04,391 [INFO] IPUIPlugin:80 - create IPUIPlugin
2025-12-19 17:14:04,391 [INFO] IPUIPlugin:80 - create IPUIPlugin
2025-12-19 17:14:04,391 [INFO] IPUIPlugin:80 - create IPUIPlugin
2025-12-19 17:14:04,392 [INFO] IPUIPlugin:80 - create IPUIPlugin
2025-12-19 17:14:04,392 [INFO] IPUIPlugin:80 - create IPUIPlugin
2025-12-19 17:14:04,392 [INFO] IPUIPlugin:80 - create IPUIPlugin
2025-12-19 17:14:04,392 [INFO] IPUIPlugin:80 - create IPUIPlugin
2025-12-19 17:14:04,392 [INFO] IPUIPlugin:80 - create IPUIPlugin
2025-12-19 17:14:04,392 [INFO] IPUIPlugin:80 - create IPUIPlugin
2025-12-19 17:14:04,393 [INFO] IPUIPlugin:80 - create IPUIPlugin
2025-12-19 17:14:04,393 [INFO] IPUIPlugin:80 - create IPUIPlugin
2025-12-19 17:14:04,393 [INFO] IPUIPlugin:80 - create IPUIPlugin
2025-12-19 17:14:04,393 [INFO] IPUIPlugin:80 - create IPUIPlugin
2025-12-19 17:14:04,393 [INFO] IPUIPlugin:80 - create IPUIPlugin
2025-12-19 17:14:04,393 [INFO] IPUIPlugin:80 - create IPUIPlugin
2025-12-19 17:14:04,393 [INFO] IPUIPlugin:80 - create IPUIPlugin
2025-12-19 17:14:04,394 [INFO] IPUIPlugin:80 - create IPUIPlugin
2025-12-19 17:14:04,394 [INFO] IPUIPlugin:80 - create IPUIPlugin
2025-12-19 17:14:04,394 [INFO] IPUIPlugin:80 - create IPUIPlugin
2025-12-19 17:14:04,394 [INFO] IPUIPlugin:80 - create IPUIPlugin
2025-12-19 17:14:04,394 [INFO] IPUIPlugin:80 - create IPUIPlugin
2025-12-19 17:14:04,395 [INFO] IPUIPlugin:80 - create IPUIPlugin
2025-12-19 17:14:04,396 [INFO] IPUIPlugin:80 - create IPUIPlugin
2025-12-19 17:14:04,396 [INFO] IPUIPlugin:80 - create IPUIPlugin
2025-12-19 17:14:04,396 [INFO] IPUIPlugin:80 - create IPUIPlugin
2025-12-19 17:14:04,396 [INFO] IPUIPlugin:80 - create IPUIPlugin
2025-12-19 17:14:04,397 [INFO] IPUIPlugin:80 - create IPUIPlugin
2025-12-19 17:14:04,397 [INFO] IPUIPlugin:80 - create IPUIPlugin
2025-12-19 17:14:04,397 [INFO] IPUIPlugin:80 - create IPUIPlugin
2025-12-19 17:14:04,397 [INFO] IPUIPlugin:80 - create IPUIPlugin
2025-12-19 17:14:04,397 [INFO] IPUIPlugin:80 - create IPUIPlugin
2025-12-19 17:14:04,398 [INFO] IPUIPlugin:80 - create IPUIPlugin
2025-12-19 17:14:04,398 [INFO] IPUIPlugin:80 - create IPUIPlugin
2025-12-19 17:14:04,398 [INFO] IPUIPlugin:80 - create IPUIPlugin
2025-12-19 17:14:04,398 [INFO] IPUIPlugin:80 - create IPUIPlugin
2025-12-19 17:14:04,398 [INFO] IPUIPlugin:80 - create IPUIPlugin
2025-12-19 17:14:04,399 [INFO] IPUIPlugin:80 - create IPUIPlugin
2025-12-19 17:14:04,399 [INFO] IPUIPlugin:80 - create IPUIPlugin
2025-12-19 17:14:04,399 [INFO] IPUIPlugin:80 - create IPUIPlugin
2025-12-19 17:14:04,399 [INFO] IPUIPlugin:80 - create IPUIPlugin
2025-12-19 17:14:04,400 [INFO] IPUIPlugin:80 - create IPUIPlugin
2025-12-19 17:14:04,400 [INFO] IPUIPlugin:80 - create IPUIPlugin
2025-12-19 17:14:04,400 [INFO] IPUIPlugin:80 - create IPUIPlugin
2025-12-19 17:14:04,400 [INFO] IPUIPlugin:80 - create IPUIPlugin
2025-12-19 17:14:04,401 [INFO] IPUIPlugin:80 - create IPUIPlugin
2025-12-19 17:14:04,402 [INFO] IPUIPlugin:80 - create IPUIPlugin
2025-12-19 17:14:04,410 [INFO] ApiDbMcu:508 - Load IP Config File for PDM2PCM
2025-12-19 17:14:04,411 [WARN] IP:2251 - ClockDivider not found: check if there is a RefParameter without a condition.
2025-12-19 17:14:04,411 [WARN] IP:2251 - ClockDividerCCU not found: check if there is a RefParameter without a condition.
2025-12-19 17:14:04,411 [WARN] IP:2251 - MinOscClkPeriodsCCU not found: check if there is a RefParameter without a condition.
2025-12-19 17:14:04,411 [WARN] IP:2251 - TimeQuantaPerBitTimeCCU not found: check if there is a RefParameter without a condition.
2025-12-19 17:14:04,411 [WARN] IP:2251 - WatchdogStartValueCCU not found: check if there is a RefParameter without a condition.
2025-12-19 17:14:04,418 [INFO] LogOutputStream:77 - [STDOUT_REDIRECT] Nominal 
2025-12-19 17:14:04,418 [INFO] Can:71 - Can Add PropertyChangeListener com.st.microxplorer.plugins.ip.can.Can@3407952
2025-12-19 17:14:04,510 [INFO] CADModel:165 - CPN selected for project levelSTM32H743IIT6
2025-12-19 17:14:04,510 [INFO] CADModel:114 - Register for checkConnection events
2025-12-19 17:14:04,551 [INFO] OpenFileManager:363 - Restore cursor
2025-12-19 17:14:04,950 [WARN] IP:2251 - ClockDivider not found: check if there is a RefParameter without a condition.
2025-12-19 17:14:04,952 [WARN] IP:2251 - ClockDividerCCU not found: check if there is a RefParameter without a condition.
2025-12-19 17:14:04,952 [WARN] IP:2251 - MinOscClkPeriodsCCU not found: check if there is a RefParameter without a condition.
2025-12-19 17:14:04,952 [WARN] IP:2251 - TimeQuantaPerBitTimeCCU not found: check if there is a RefParameter without a condition.
2025-12-19 17:14:04,952 [WARN] IP:2251 - WatchdogStartValueCCU not found: check if there is a RefParameter without a condition.
2025-12-19 17:14:21,328 [INFO] NvicIntPanel:101 - NVIC parent = com.st.microxplorer.plugins.ip.nvic.MultiNvicIntPanel[,0,0,524x414,layout=javax.swing.BoxLayout,alignmentX=0.0,alignmentY=0.0,border=,flags=9,maximumSize=,minimumSize=,preferredSize=]
2025-12-19 17:14:58,378 [INFO] UtilMem:75 - End SaveConfig() Used Memory: 960877856 Bytes (1073741824)
2025-12-19 17:15:00,904 [INFO] LogOutputStream:77 - [STDOUT_REDIRECT] This download action requires prior login. To proceed, please use the 'login' command with your my.st.com account email and password.
2025-12-19 17:15:00,905 [INFO] LogOutputStream:77 - [STDOUT_REDIRECT] Run 'login <email> <password> <remember_me>' for example 'login john.smith@st.com mypassword y'.
2025-12-19 17:15:00,905 [INFO] LogOutputStream:77 - [STDOUT_REDIRECT] If you do not have a my.st.com account, please visit https://st.com website to create one.
2025-12-19 17:28:29,043 [INFO] Activator:176 - 


2025-12-19 17:28:29,045 [INFO] Activator:177 - !SESSION log4j initialized
2025-12-19 17:28:35,291 [INFO] LogOutputStream:77 - [STDOUT_REDIRECT] 
2025-12-19 17:28:39,203 [INFO] ApplicationProperties:184 - Using Application install path: C:\ST\STM32CubeIDE_1.17.0\STM32CubeIDE\plugins\com.st.stm32cube.common.mx_6.13.0.202411220809
2025-12-19 17:28:39,220 [INFO] DbMcusXml:78 - Set database path to: C:\ST\STM32CubeIDE_1.17.0\STM32CubeIDE\plugins\com.st.stm32cube.common.mx_6.13.0.202411220809\\db\/mcu/
2025-12-19 17:28:39,220 [INFO] ApiDb:274 - Set plugin database path to: C:\ST\STM32CubeIDE_1.17.0\STM32CubeIDE\plugins\com.st.stm32cube.common.mx_6.13.0.202411220809\\db\/plugins/boardmanager/
2025-12-19 17:28:39,220 [WARN] ApiDb:259 - Overriding images path with different value:  => C:\ST\STM32CubeIDE_1.17.0\STM32CubeIDE\plugins\com.st.stm32cube.common.mx_6.13.0.202411220809\\db\/plugins/mcufinder/images/
2025-12-19 17:28:39,226 [INFO] ApiDb:250 - Set database path to: C:\Users\kamil\.stmcufinder\plugins\mcufinder//mcu/
2025-12-19 17:28:39,227 [INFO] DbMcusAds:125 - Set database path to: C:\Users\kamil\.stmcufinder\plugins\mcufinder//mcu/
2025-12-19 17:28:39,228 [INFO] CrossReferenceDbSqlite:203 - Set database path to: C:\Users\kamil\.stmcufinder\plugins\mcufinder//mcu/cs/
2025-12-19 17:28:39,341 [INFO] RulesReader:64 - Compatibility file has been processed (297 Rules)
2025-12-19 17:28:39,420 [INFO] DbMcusXml:78 - Set database path to: C:\ST\STM32CubeIDE_1.17.0\STM32CubeIDE\plugins\com.st.stm32cube.common.mx_6.13.0.202411220809\\db\/mcu/
2025-12-19 17:28:39,421 [INFO] ApiDb:274 - Set plugin database path to: C:\ST\STM32CubeIDE_1.17.0\STM32CubeIDE\plugins\com.st.stm32cube.common.mx_6.13.0.202411220809\\db\/plugins/boardmanager/
2025-12-19 17:28:39,421 [INFO] ApiDb:261 - Set plugin images path to: C:\ST\STM32CubeIDE_1.17.0\STM32CubeIDE\plugins\com.st.stm32cube.common.mx_6.13.0.202411220809\\db\/plugins/mcufinder/images/
2025-12-19 17:28:39,421 [WARN] DbFile:41 - Overriding database path with different value: C:\Users\kamil\.stmcufinder\plugins\mcufinder/ => C:\Users\kamil\.stmcufinder\plugins\mcufinder
2025-12-19 17:28:39,421 [INFO] ApiDb:250 - Set database path to: C:\Users\kamil\.stmcufinder\plugins\mcufinder//mcu/
2025-12-19 17:28:39,421 [WARN] DbFile:41 - Overriding database path with different value: C:\Users\kamil\.stmcufinder\plugins\mcufinder/ => C:\Users\kamil\.stmcufinder\plugins\mcufinder
2025-12-19 17:28:39,421 [INFO] DbMcusAds:125 - Set database path to: C:\Users\kamil\.stmcufinder\plugins\mcufinder//mcu/
2025-12-19 17:28:39,421 [WARN] DbFile:41 - Overriding database path with different value: C:\Users\kamil\.stmcufinder\plugins\mcufinder/ => C:\Users\kamil\.stmcufinder\plugins\mcufinder
2025-12-19 17:28:39,421 [WARN] DbFile:41 - Overriding database path with different value: C:\Users\kamil\.stmcufinder\plugins\mcufinder/ => C:\Users\kamil\.stmcufinder\plugins\mcufinder
2025-12-19 17:28:39,421 [INFO] CrossReferenceDbSqlite:203 - Set database path to: C:\Users\kamil\.stmcufinder\plugins\mcufinder//mcu/cs/
2025-12-19 17:28:39,489 [INFO] MainPanel:272 - HeapMemory: 268435456
2025-12-19 17:28:39,582 [INFO] DbMcusXml:78 - Set database path to: C:\ST\STM32CubeIDE_1.17.0\STM32CubeIDE\plugins\com.st.stm32cube.common.mx_6.13.0.202411220809\\db\/mcu/
2025-12-19 17:28:39,582 [INFO] ApiDb:274 - Set plugin database path to: C:\ST\STM32CubeIDE_1.17.0\STM32CubeIDE\plugins\com.st.stm32cube.common.mx_6.13.0.202411220809\\db\/plugins/boardmanager/
2025-12-19 17:28:39,582 [INFO] ApiDb:261 - Set plugin images path to: C:\ST\STM32CubeIDE_1.17.0\STM32CubeIDE\plugins\com.st.stm32cube.common.mx_6.13.0.202411220809\\db\/plugins/mcufinder/images/
2025-12-19 17:28:39,583 [WARN] DbFile:41 - Overriding database path with different value: C:\Users\kamil\.stmcufinder\plugins\mcufinder/ => C:\Users\kamil\.stmcufinder\plugins\mcufinder
2025-12-19 17:28:39,583 [INFO] ApiDb:250 - Set database path to: C:\Users\kamil\.stmcufinder\plugins\mcufinder//mcu/
2025-12-19 17:28:39,583 [WARN] DbFile:41 - Overriding database path with different value: C:\Users\kamil\.stmcufinder\plugins\mcufinder/ => C:\Users\kamil\.stmcufinder\plugins\mcufinder
2025-12-19 17:28:39,583 [INFO] DbMcusAds:125 - Set database path to: C:\Users\kamil\.stmcufinder\plugins\mcufinder//mcu/
2025-12-19 17:28:39,583 [WARN] DbFile:41 - Overriding database path with different value: C:\Users\kamil\.stmcufinder\plugins\mcufinder/ => C:\Users\kamil\.stmcufinder\plugins\mcufinder
2025-12-19 17:28:39,583 [WARN] DbFile:41 - Overriding database path with different value: C:\Users\kamil\.stmcufinder\plugins\mcufinder/ => C:\Users\kamil\.stmcufinder\plugins\mcufinder
2025-12-19 17:28:39,583 [INFO] CrossReferenceDbSqlite:203 - Set database path to: C:\Users\kamil\.stmcufinder\plugins\mcufinder//mcu/cs/
2025-12-19 17:28:39,600 [INFO] ApplicationProperties:184 - Using Application install path: C:\ST\STM32CubeIDE_1.17.0\STM32CubeIDE\plugins\com.st.stm32cube.common.mx_6.13.0.202411220809
2025-12-19 17:28:39,603 [INFO] PluginManage:196 - Search for loadable plugins [exclusion list=, ]
2025-12-19 17:28:39,605 [INFO] PluginManage:310 - Check plugin analytics
2025-12-19 17:28:39,853 [INFO] AnalyticsPlugin:253 - Accepted Software Licenses: 
2025-12-19 17:28:39,853 [INFO] AnalyticsPlugin:255 - Accepted CMSIS Pack Licenses: 
2025-12-19 17:28:39,853 [INFO] AnalyticsPlugin:257 - Accepted Firmware Licenses: FW.F7.1.17.0
2025-12-19 17:28:39,857 [INFO] PluginManage:359 - Loaded plugin analytics (category:tool,tabindex:-1)
2025-12-19 17:28:39,857 [INFO] PluginManage:310 - Check plugin cadmodel
2025-12-19 17:28:39,877 [INFO] CADModel:105 - Init CAD model plugin
2025-12-19 17:28:39,877 [INFO] PluginManage:359 - Loaded plugin cadmodel (category:power,tabindex:5)
2025-12-19 17:28:39,877 [INFO] PluginManage:310 - Check plugin clock
2025-12-19 17:28:39,900 [INFO] PluginManage:359 - Loaded plugin clock (category:base,tabindex:2)
2025-12-19 17:28:39,900 [INFO] PluginManage:310 - Check plugin ddr
2025-12-19 17:28:39,902 [INFO] PluginManage:359 - Loaded plugin ddr (category:tool,tabindex:6)
2025-12-19 17:28:39,902 [INFO] PluginManage:310 - Check plugin filemanager
2025-12-19 17:28:40,054 [INFO] PluginManage:359 - Loaded plugin filemanager (category:base,tabindex:10)
2025-12-19 17:28:40,054 [INFO] PluginManage:310 - Check plugin ipmanager
2025-12-19 17:28:40,062 [INFO] PluginManage:359 - Loaded plugin ipmanager (category:base,tabindex:5)
2025-12-19 17:28:40,062 [INFO] PluginManage:310 - Check plugin lpbam
2025-12-19 17:28:40,080 [INFO] PluginManage:359 - Loaded plugin lpbam (category:base,tabindex:0)
2025-12-19 17:28:40,082 [INFO] PluginManage:310 - Check plugin memorymap
2025-12-19 17:28:40,107 [INFO] PluginManage:359 - Loaded plugin memorymap (category:base,tabindex:4)
2025-12-19 17:28:40,107 [INFO] PluginManage:310 - Check plugin pinoutandconfiguration
2025-12-19 17:28:40,125 [INFO] PluginManage:359 - Loaded plugin pinoutandconfiguration (category:base,tabindex:1)
2025-12-19 17:28:40,125 [INFO] PluginManage:310 - Check plugin pinoutconfig
2025-12-19 17:28:40,248 [WARN] SupportedApi:132 - Cannot load RTOS API schema: s4s-elt-must-match.1: The content of 'definitions' must match (annotation?, (simpleType | complexType)?, (unique | key | keyref)*)). A problem was found starting at: attribute.
2025-12-19 17:28:40,380 [INFO] PluginManage:359 - Loaded plugin pinoutconfig (category:base,tabindex:0)
2025-12-19 17:28:40,381 [INFO] PluginManage:310 - Check plugin power
2025-12-19 17:28:40,401 [INFO] PluginManage:359 - Loaded plugin power (category:power,tabindex:4)
2025-12-19 17:28:40,402 [INFO] PluginManage:310 - Check plugin projectmanager
2025-12-19 17:28:40,416 [INFO] PluginManage:359 - Loaded plugin projectmanager (category:projectmanager,tabindex:4)
2025-12-19 17:28:40,417 [INFO] PluginManage:310 - Check plugin rif
2025-12-19 17:28:40,438 [INFO] PluginManage:359 - Loaded plugin rif (category:base,tabindex:3)
2025-12-19 17:28:40,439 [INFO] PluginManage:310 - Check plugin thirdparty
2025-12-19 17:28:40,750 [INFO] PluginManage:359 - Loaded plugin thirdparty (category:base,tabindex:-1)
2025-12-19 17:28:40,750 [INFO] PluginManage:310 - Check plugin tools
2025-12-19 17:28:40,750 [WARN] IntegrityCheckThread:84 - waiting for thirdparty lock release [integrity check]
2025-12-19 17:28:40,750 [INFO] IntegrityCheckThread:86 - entering critical section [integrity check]
2025-12-19 17:28:40,752 [INFO] ThirdPartyUpdaterWithRetryManager:70 - Updater plugin not ready yet. [1/15]
2025-12-19 17:28:40,797 [INFO] PluginManage:359 - Loaded plugin tools (category:base,tabindex:7)
2025-12-19 17:28:40,797 [INFO] PluginManage:310 - Check plugin tutovideos
2025-12-19 17:28:40,989 [INFO] PluginManage:359 - Loaded plugin tutovideos (category:base,tabindex:-1)
2025-12-19 17:28:40,989 [INFO] PluginManage:310 - Check plugin updater
2025-12-19 17:28:41,020 [INFO] PluginManage:359 - Loaded plugin updater (category:base,tabindex:12)
2025-12-19 17:28:41,020 [INFO] PluginManage:310 - Check plugin userauth
2025-12-19 17:28:41,027 [INFO] UserAuth:118 - Init User Auth plugin
2025-12-19 17:28:41,029 [INFO] PluginManage:359 - Loaded plugin userauth (category:base,tabindex:14)
2025-12-19 17:28:41,029 [INFO] PluginManage:283 - PluginManage : Loaded plugins [18]
2025-12-19 17:28:41,404 [INFO] PinOutPanel:1589 - setPackage(No Configuration,No Configuration)
2025-12-19 17:28:41,533 [INFO] CADModel:165 - CPN selected for project level
2025-12-19 17:28:41,534 [INFO] CADModel:114 - Register for checkConnection events
2025-12-19 17:28:41,573 [INFO] IPUIPlugin:80 - create IPUIPlugin
2025-12-19 17:28:41,573 [INFO] PluginManager:220 - loadIPPluginJar : add adc
2025-12-19 17:28:41,640 [INFO] IPUIPlugin:80 - create IPUIPlugin
2025-12-19 17:28:41,640 [INFO] PluginManager:220 - loadIPPluginJar : add aes
2025-12-19 17:28:41,715 [INFO] IPUIPlugin:80 - create IPUIPlugin
2025-12-19 17:28:41,716 [INFO] PluginManager:220 - loadIPPluginJar : add can
2025-12-19 17:28:41,764 [INFO] IPUIPlugin:80 - create IPUIPlugin
2025-12-19 17:28:41,764 [INFO] PluginManager:220 - loadIPPluginJar : add comp
2025-12-19 17:28:41,838 [INFO] IPUIPlugin:80 - create IPUIPlugin
2025-12-19 17:28:41,838 [INFO] PluginManager:220 - loadIPPluginJar : add cryp
2025-12-19 17:28:41,858 [INFO] IPUIPlugin:80 - create IPUIPlugin
2025-12-19 17:28:41,858 [INFO] PluginManager:220 - loadIPPluginJar : add ddr_ctrl_phy
2025-12-19 17:28:41,937 [INFO] IPUIPlugin:80 - create IPUIPlugin
2025-12-19 17:28:41,938 [INFO] PluginManager:220 - loadIPPluginJar : add dfsdm
2025-12-19 17:28:41,958 [INFO] IPUIPlugin:80 - create IPUIPlugin
2025-12-19 17:28:41,959 [INFO] PluginManager:220 - loadIPPluginJar : add dma
2025-12-19 17:28:42,033 [INFO] IPUIPlugin:80 - create IPUIPlugin
2025-12-19 17:28:42,033 [INFO] PluginManager:220 - loadIPPluginJar : add dma3
2025-12-19 17:28:42,116 [INFO] IPUIPlugin:80 - create IPUIPlugin
2025-12-19 17:28:42,116 [INFO] PluginManager:220 - loadIPPluginJar : add extmemmanager
2025-12-19 17:28:42,156 [INFO] IPUIPlugin:80 - create IPUIPlugin
2025-12-19 17:28:42,156 [INFO] PluginManager:220 - loadIPPluginJar : add fatfs
2025-12-19 17:28:42,235 [INFO] IPUIPlugin:80 - create IPUIPlugin
2025-12-19 17:28:42,235 [INFO] PluginManager:220 - loadIPPluginJar : add fmc
2025-12-19 17:28:42,260 [INFO] IPUIPlugin:80 - create IPUIPlugin
2025-12-19 17:28:42,261 [INFO] PluginManager:220 - loadIPPluginJar : add freertos
2025-12-19 17:28:42,300 [INFO] IPUIPlugin:80 - create IPUIPlugin
2025-12-19 17:28:42,302 [INFO] PluginManager:220 - loadIPPluginJar : add genericplugin
2025-12-19 17:28:42,461 [INFO] IPUIPlugin:80 - create IPUIPlugin
2025-12-19 17:28:42,461 [INFO] PluginManager:220 - loadIPPluginJar : add gfxmmu
2025-12-19 17:28:42,655 [INFO] IPUIPlugin:80 - create IPUIPlugin
2025-12-19 17:28:42,655 [INFO] PluginManager:220 - loadIPPluginJar : add gic
2025-12-19 17:28:42,669 [INFO] IPUIPlugin:80 - create IPUIPlugin
2025-12-19 17:28:42,669 [INFO] PluginManager:220 - loadIPPluginJar : add gpio
2025-12-19 17:28:42,780 [INFO] IPUIPlugin:80 - create IPUIPlugin
2025-12-19 17:28:42,780 [INFO] PluginManager:220 - loadIPPluginJar : add gtzc
2025-12-19 17:28:42,822 [INFO] IPUIPlugin:80 - create IPUIPlugin
2025-12-19 17:28:42,822 [INFO] PluginManager:220 - loadIPPluginJar : add hash
2025-12-19 17:28:42,885 [INFO] IPUIPlugin:80 - create IPUIPlugin
2025-12-19 17:28:42,885 [INFO] PluginManager:220 - loadIPPluginJar : add i2c
2025-12-19 17:28:42,928 [INFO] IPUIPlugin:80 - create IPUIPlugin
2025-12-19 17:28:42,928 [INFO] PluginManager:220 - loadIPPluginJar : add i2s
2025-12-19 17:28:42,987 [INFO] IPUIPlugin:80 - create IPUIPlugin
2025-12-19 17:28:42,987 [INFO] PluginManager:220 - loadIPPluginJar : add i3c
2025-12-19 17:28:43,090 [INFO] IPUIPlugin:80 - create IPUIPlugin
2025-12-19 17:28:43,090 [INFO] PluginManager:220 - loadIPPluginJar : add ipddr
2025-12-19 17:28:43,190 [INFO] IPUIPlugin:80 - create IPUIPlugin
2025-12-19 17:28:43,190 [INFO] PluginManager:220 - loadIPPluginJar : add linkedlist
2025-12-19 17:28:43,232 [INFO] IPUIPlugin:80 - create IPUIPlugin
2025-12-19 17:28:43,232 [INFO] PluginManager:220 - loadIPPluginJar : add lorawan
2025-12-19 17:28:43,273 [INFO] IPUIPlugin:80 - create IPUIPlugin
2025-12-19 17:28:43,273 [INFO] PluginManager:220 - loadIPPluginJar : add ltdc
2025-12-19 17:28:43,287 [INFO] IPUIPlugin:80 - create IPUIPlugin
2025-12-19 17:28:43,287 [INFO] PluginManager:220 - loadIPPluginJar : add mdma
2025-12-19 17:28:43,299 [INFO] IPUIPlugin:80 - create IPUIPlugin
2025-12-19 17:28:43,301 [INFO] PluginManager:220 - loadIPPluginJar : add nvic
2025-12-19 17:28:43,342 [INFO] IPUIPlugin:80 - create IPUIPlugin
2025-12-19 17:28:43,342 [INFO] PluginManager:220 - loadIPPluginJar : add opamp
2025-12-19 17:28:43,412 [INFO] IPUIPlugin:80 - create IPUIPlugin
2025-12-19 17:28:43,412 [INFO] PluginManager:220 - loadIPPluginJar : add openamp
2025-12-19 17:28:43,465 [INFO] IPUIPlugin:80 - create IPUIPlugin
2025-12-19 17:28:43,465 [INFO] PluginManager:220 - loadIPPluginJar : add pdm2pcm
2025-12-19 17:28:43,481 [INFO] IPUIPlugin:80 - create IPUIPlugin
2025-12-19 17:28:43,482 [INFO] PluginManager:220 - loadIPPluginJar : add plateformsettings
2025-12-19 17:28:43,509 [INFO] IPUIPlugin:80 - create IPUIPlugin
2025-12-19 17:28:43,510 [INFO] PluginManager:220 - loadIPPluginJar : add quadspi
2025-12-19 17:28:43,543 [INFO] IPUIPlugin:80 - create IPUIPlugin
2025-12-19 17:28:43,543 [INFO] PluginManager:220 - loadIPPluginJar : add radio
2025-12-19 17:28:43,557 [INFO] IPUIPlugin:80 - create IPUIPlugin
2025-12-19 17:28:43,557 [INFO] PluginManager:220 - loadIPPluginJar : add resmgrutility
2025-12-19 17:28:43,605 [INFO] IPUIPlugin:80 - create IPUIPlugin
2025-12-19 17:28:43,605 [INFO] PluginManager:220 - loadIPPluginJar : add sai
2025-12-19 17:28:43,650 [INFO] IPUIPlugin:80 - create IPUIPlugin
2025-12-19 17:28:43,650 [INFO] PluginManager:220 - loadIPPluginJar : add spi
2025-12-19 17:28:43,720 [INFO] IPUIPlugin:80 - create IPUIPlugin
2025-12-19 17:28:43,721 [INFO] PluginManager:220 - loadIPPluginJar : add stm32_wpan
2025-12-19 17:28:43,752 [INFO] IPUIPlugin:80 - create IPUIPlugin
2025-12-19 17:28:43,752 [INFO] PluginManager:220 - loadIPPluginJar : add tim
2025-12-19 17:28:43,752 [INFO] ThirdPartyUpdaterWithRetryManager:70 - Updater plugin not ready yet. [2/15]
2025-12-19 17:28:43,825 [INFO] IPUIPlugin:80 - create IPUIPlugin
2025-12-19 17:28:43,825 [INFO] PluginManager:220 - loadIPPluginJar : add touchsensing
2025-12-19 17:28:43,856 [INFO] IPUIPlugin:80 - create IPUIPlugin
2025-12-19 17:28:43,856 [INFO] PluginManager:220 - loadIPPluginJar : add tracer_emb
2025-12-19 17:28:43,888 [INFO] IPUIPlugin:80 - create IPUIPlugin
2025-12-19 17:28:43,888 [INFO] PluginManager:220 - loadIPPluginJar : add ts
2025-12-19 17:28:43,918 [INFO] IPUIPlugin:80 - create IPUIPlugin
2025-12-19 17:28:43,918 [INFO] PluginManager:220 - loadIPPluginJar : add tsc
2025-12-19 17:28:43,943 [INFO] IPUIPlugin:80 - create IPUIPlugin
2025-12-19 17:28:43,943 [INFO] PluginManager:220 - loadIPPluginJar : add ucpd
2025-12-19 17:28:43,993 [INFO] IPUIPlugin:80 - create IPUIPlugin
2025-12-19 17:28:43,993 [INFO] PluginManager:220 - loadIPPluginJar : add usart
2025-12-19 17:28:44,048 [INFO] IPUIPlugin:80 - create IPUIPlugin
2025-12-19 17:28:44,048 [INFO] PluginManager:220 - loadIPPluginJar : add usbx
2025-12-19 17:28:44,162 [FATAL] Updater:351 - Updater called before beeing initialized
2025-12-19 17:28:44,179 [INFO] RulesReader:64 - Compatibility file has been processed (297 Rules)
2025-12-19 17:28:44,186 [INFO] RulesReader:64 - Compatibility file has been processed (297 Rules)
2025-12-19 17:28:44,197 [INFO] CADModel:165 - CPN selected for project level
2025-12-19 17:28:44,197 [INFO] CADModel:114 - Register for checkConnection events
2025-12-19 17:28:44,197 [FATAL] Updater:351 - Updater called before beeing initialized
2025-12-19 17:28:44,197 [ERROR] CADModel:125 - Updater not yet initialized, retry later 
2025-12-19 17:28:44,352 [FATAL] Updater:351 - Updater called before beeing initialized
2025-12-19 17:28:44,357 [INFO] CADModel:165 - CPN selected for project level
2025-12-19 17:28:44,357 [INFO] CADModel:114 - Register for checkConnection events
2025-12-19 17:28:44,357 [FATAL] Updater:351 - Updater called before beeing initialized
2025-12-19 17:28:44,357 [ERROR] CADModel:125 - Updater not yet initialized, retry later 
2025-12-19 17:28:44,361 [FATAL] Updater:351 - Updater called before beeing initialized
2025-12-19 17:28:44,485 [FATAL] Updater:351 - Updater called before beeing initialized
2025-12-19 17:28:44,496 [INFO] DbMcusAds:53 - JSON generation date=Tue Dec 16 00:11:46 CET 2025 (1765840306612)
2025-12-19 17:28:44,496 [FATAL] Updater:351 - Updater called before beeing initialized
2025-12-19 17:28:44,525 [WARN] DetailPanel:346 - Failed to get advertising image, set to default
2025-12-19 17:28:44,693 [FATAL] Updater:351 - Updater called before beeing initialized
2025-12-19 17:28:44,694 [FATAL] Updater:351 - Updater called before beeing initialized
2025-12-19 17:28:44,695 [FATAL] Updater:351 - Updater called before beeing initialized
2025-12-19 17:28:44,695 [WARN] DetailPanel:346 - Failed to get advertising image, set to default
2025-12-19 17:28:44,695 [FATAL] Updater:351 - Updater called before beeing initialized
2025-12-19 17:28:44,764 [ERROR] Updater:1198 - MainUpdater not yet initialized. External WinMGr cannot be set.
2025-12-19 17:28:44,776 [INFO] Updater:1134 - Updater Version found : 6.13.0
2025-12-19 17:28:44,788 [INFO] ApplicationProperties:184 - Using Application install path: C:\ST\STM32CubeIDE_1.17.0\STM32CubeIDE\plugins\com.st.stm32cube.common.mx_6.13.0.202411220809
2025-12-19 17:28:45,168 [INFO] MainUpdater:2872 - connection check result : 10
2025-12-19 17:28:45,169 [INFO] MainUpdater:289 - Updater Check For Update Now.
2025-12-19 17:28:45,169 [INFO] MicroXplorer:498 - Change Database Version : DB.6.0.130
2025-12-19 17:28:45,194 [INFO] McuFinderGlobals:63 - Set McuFinder mode to 2 (CubeIDE integrated)
2025-12-19 17:28:45,194 [INFO] UserAuth:171 - activating auth plugin
2025-12-19 17:28:45,196 [INFO] UserAuth:486 - Internet connection configuration mode: 1
2025-12-19 17:28:45,263 [INFO] JxBrowserEngine:152 - Initiate JxBrowser Engine with user profile folder
2025-12-19 17:28:45,398 [INFO] CheckServerUpdateThread:120 - End of CheckServer Thread
2025-12-19 17:28:46,727 [INFO] WebApp:168 - Instantiating new browser for Auth
2025-12-19 17:28:47,268 [WARN] PackLoader:240 - Cannot read IP mode file for STMicroelectronics.FP-SNS-MOTENVWB1.1.4.0
2025-12-19 17:28:47,290 [WARN] PackLoader:240 - Cannot read IP mode file for STMicroelectronics.FP-ATR-ASTRA1.2.0.2
2025-12-19 17:28:47,304 [WARN] PackLoader:240 - Cannot read IP mode file for STMicroelectronics.FP-ATR-ASTRA1.2.0.1
2025-12-19 17:28:47,323 [WARN] PackLoader:240 - Cannot read IP mode file for STMicroelectronics.X-CUBE-SMBUS.2.1.0
2025-12-19 17:28:47,346 [WARN] PackLoader:240 - Cannot read IP mode file for STMicroelectronics.X-CUBE-WB05N.1.1.0
2025-12-19 17:28:47,362 [WARN] PackLoader:240 - Cannot read IP mode file for STMicroelectronics.X-CUBE-ST60.1.0.0
2025-12-19 17:28:47,406 [WARN] PackLoader:240 - Cannot read IP mode file for STMicroelectronics.X-CUBE-AZRTOS-F7.1.1.0
2025-12-19 17:28:47,610 [WARN] PackLoader:240 - Cannot read IP mode file for STMicroelectronics.X-CUBE-MEMS1.11.0.0
2025-12-19 17:28:47,751 [ERROR] Engine:466 - C:\Users\kamil\.stm32cubemx\thirdparties\pdsc\STMicroelectronics.FP-SNS-MOTENV1.5.1.0.pdsc: PDSC version is not supported
2025-12-19 17:28:47,777 [WARN] PackLoader:240 - Cannot read IP mode file for STMicroelectronics.FP-SNS-FLIGHT1.5.0.2
2025-12-19 17:28:47,834 [WARN] PackLoader:240 - Cannot read IP mode file for STMicroelectronics.X-CUBE-AZRTOS-H7.3.4.0
2025-12-19 17:28:47,868 [WARN] PackLoader:240 - Cannot read IP mode file for STMicroelectronics.X-CUBE-DISPLAY.3.0.0
2025-12-19 17:28:47,896 [WARN] PackLoader:240 - Cannot read IP mode file for STMicroelectronics.X-CUBE-BLE1.7.0.0
2025-12-19 17:28:47,927 [WARN] PackLoader:240 - Cannot read IP mode file for STMicroelectronics.X-CUBE-NFC10.1.0.0
2025-12-19 17:28:47,935 [INFO] WebApp:449 - Apply proxy settings
2025-12-19 17:28:47,936 [INFO] WebApp:534 - Chromium requires no authentication
2025-12-19 17:28:47,963 [WARN] PackLoader:240 - Cannot read IP mode file for STMicroelectronics.X-CUBE-BLEMGR.4.0.0
2025-12-19 17:28:47,968 [INFO] WebApp:477 - Direct internet connection detected
2025-12-19 17:28:47,991 [WARN] PackLoader:240 - Cannot read IP mode file for STMicroelectronics.X-CUBE-ST60.1.1.0
2025-12-19 17:28:48,019 [WARN] PackLoader:240 - Cannot read IP mode file for emotas.I-CUBE-CANOPEN.1.3.0
2025-12-19 17:28:48,025 [INFO] WebApp:880 - Register for checkConnection events
2025-12-19 17:28:48,025 [INFO] WebApp:449 - Apply proxy settings
2025-12-19 17:28:48,025 [INFO] WebApp:534 - Chromium requires no authentication
2025-12-19 17:28:48,027 [INFO] WebApp:477 - Direct internet connection detected
2025-12-19 17:28:48,044 [WARN] PackLoader:240 - Cannot read IP mode file for STMicroelectronics.X-CUBE-GNSS1.7.1.0
2025-12-19 17:28:48,066 [WARN] PackLoader:240 - Cannot read IP mode file for STMicroelectronics.X-CUBE-BLEMGR.3.1.0
2025-12-19 17:28:48,083 [WARN] PackLoader:240 - Cannot read IP mode file for STMicroelectronics.X-CUBE-AI.10.0.0
2025-12-19 17:28:48,100 [ERROR] Engine:466 - C:\Users\kamil\.stm32cubemx\thirdparties\pdsc\STMicroelectronics.FP-SNS-STBOX1.2.1.0.pdsc: PDSC version is not supported
2025-12-19 17:28:48,117 [WARN] PackLoader:240 - Cannot read IP mode file for STMicroelectronics.FP-SNS-SMARTAG2.1.2.0
2025-12-19 17:28:48,131 [WARN] PackLoader:240 - Cannot read IP mode file for STMicroelectronics.FP-SNS-FLIGHT1.5.1.0
2025-12-19 17:28:48,180 [WARN] PackLoader:240 - Cannot read IP mode file for STMicroelectronics.X-CUBE-MEMS1.11.1.0
2025-12-19 17:28:48,275 [INFO] LogOutputStream:77 - [STDOUT_REDIRECT] 1 : Invalid condition id : UX_CORESTACK_Condition cause : null
2025-12-19 17:28:48,276 [INFO] LogOutputStream:77 - [STDOUT_REDIRECT] 1 : Invalid condition id : UX_CORESTACK_Condition cause : null
2025-12-19 17:28:48,277 [INFO] LogOutputStream:77 - [STDOUT_REDIRECT] 1 : Invalid condition id : UX_CORESTACK_Condition cause : null
2025-12-19 17:28:48,278 [INFO] LogOutputStream:77 - [STDOUT_REDIRECT] 1 : Invalid condition id : UX_CORESTACK_Condition cause : null
2025-12-19 17:28:48,279 [INFO] LogOutputStream:77 - [STDOUT_REDIRECT] 1 : Invalid condition id : UX_CORESTACK_Condition cause : null
2025-12-19 17:28:48,282 [WARN] PackLoader:240 - Cannot read IP mode file for STMicroelectronics.X-CUBE-AZRTOS-WL.2.0.0
2025-12-19 17:28:48,300 [WARN] PackLoader:240 - Cannot read IP mode file for STMicroelectronics.FP-SNS-MOTENV1.5.0.0
2025-12-19 17:28:48,330 [WARN] PackLoader:240 - Cannot read IP mode file for STMicroelectronics.X-CUBE-AZRTOS-H7RS.1.2.0
2025-12-19 17:28:48,348 [WARN] PackLoader:240 - Cannot read IP mode file for wolfSSL.I-CUBE-wolfMQTT.1.19.0
2025-12-19 17:28:48,369 [WARN] PackLoader:240 - Cannot read IP mode file for WES.I-CUBE-Cesium.1.3.0
2025-12-19 17:28:48,386 [WARN] PackLoader:240 - Cannot read IP mode file for STMicroelectronics.X-CUBE-BLE2.3.3.0
2025-12-19 17:28:48,443 [WARN] PackLoader:240 - Cannot read IP mode file for STMicroelectronics.X-CUBE-NFC9.1.0.0
2025-12-19 17:28:48,445 [INFO] WebApp:221 - Starting web application
2025-12-19 17:28:48,445 [INFO] WebApp:579 - Web application path used C:\ST\STM32CubeIDE_1.17.0\STM32CubeIDE\plugins\com.st.stm32cube.common.mx_6.13.0.202411220809\db\plugins\mcufinder\reactClient1\index.html
2025-12-19 17:28:48,465 [WARN] PackLoader:240 - Cannot read IP mode file for STMicroelectronics.X-CUBE-BLE1.7.1.0
2025-12-19 17:28:48,509 [WARN] PackLoader:240 - Cannot read IP mode file for STMicroelectronics.X-CUBE-TCPP.4.1.0
2025-12-19 17:28:48,528 [ERROR] Engine:466 - C:\Users\kamil\.stm32cubemx\thirdparties\pdsc\STMicroelectronics.X-CUBE-FREERTOS.1.4.0.pdsc: PDSC version is not supported
2025-12-19 17:28:48,555 [WARN] PackLoader:240 - Cannot read IP mode file for STMicroelectronics.X-CUBE-EEPRMA1.5.2.0
2025-12-19 17:28:48,577 [ERROR] Engine:466 - C:\Users\kamil\.stm32cubemx\thirdparties\pdsc\STMicroelectronics.X-CUBE-ST67W61.1.1.0.pdsc: PDSC version is not supported
2025-12-19 17:28:48,590 [INFO] WebApp:187 - Connection restablished
2025-12-19 17:28:48,636 [WARN] PackLoader:240 - Cannot read IP mode file for STMicroelectronics.X-CUBE-MEMS1.12.0.0
2025-12-19 17:28:48,730 [WARN] PackLoader:240 - Cannot read IP mode file for STMicroelectronics.X-CUBE-AZRTOS-G0.1.1.0
2025-12-19 17:28:48,764 [WARN] PackLoader:240 - Cannot read IP mode file for STMicroelectronics.X-CUBE-SAFEA1.1.2.2
2025-12-19 17:28:48,788 [WARN] PackLoader:240 - Cannot read IP mode file for STMicroelectronics.X-CUBE-NFC4.3.0.0
2025-12-19 17:28:48,820 [WARN] PackLoader:240 - Cannot read IP mode file for EmbeddedOffice.I-CUBE-FS-RTOS.1.0.1
2025-12-19 17:28:48,843 [WARN] PackLoader:240 - Cannot read IP mode file for STMicroelectronics.X-CUBE-WB05N.2.0.0
2025-12-19 17:28:48,867 [WARN] PackLoader:240 - Cannot read IP mode file for STMicroelectronics.X-CUBE-TCPP.4.2.0
2025-12-19 17:28:48,892 [WARN] PackLoader:240 - Cannot read IP mode file for RealThread.X-CUBE-RT-Thread_Nano.4.1.1
2025-12-19 17:28:48,914 [WARN] PackLoader:240 - Cannot read IP mode file for STMicroelectronics.FP-ATR-SIGFOX1.3.2.0
2025-12-19 17:28:48,934 [WARN] PackLoader:240 - Cannot read IP mode file for wolfSSL.I-CUBE-wolfSSL.5.7.2
2025-12-19 17:28:48,957 [WARN] ConditionMgr:438 - getConditionDescription Invalid condition id : Cortex-A Device cause : null
2025-12-19 17:28:48,984 [WARN] ConditionMgr:1044 - genDependencies : Invalid condition id : Cortex-A Device cause : null
2025-12-19 17:28:48,984 [WARN] ConditionMgr:1044 - genDependencies : Invalid condition id : Cortex-A Device cause : null
2025-12-19 17:28:48,984 [WARN] ConditionMgr:1044 - genDependencies : Invalid condition id : Cortex-A Device cause : null
2025-12-19 17:28:49,003 [WARN] PackLoader:240 - Cannot read IP mode file for STMicroelectronics.X-CUBE-EEPRMA1.5.1.0
2025-12-19 17:28:49,026 [WARN] PackLoader:240 - Cannot read IP mode file for ITTIA_DB.I-CUBE-ITTIADB.8.9.0
2025-12-19 17:28:49,053 [WARN] PackLoader:240 - Cannot read IP mode file for STMicroelectronics.X-CUBE-ST67W61.1.0.0
2025-12-19 17:28:49,074 [WARN] PackLoader:240 - Cannot read IP mode file for STMicroelectronics.X-CUBE-AI.10.2.0
2025-12-19 17:28:49,114 [WARN] PackLoader:240 - Cannot read IP mode file for SEGGER.I-CUBE-embOS.1.3.1
2025-12-19 17:28:49,165 [WARN] PackLoader:240 - Cannot read IP mode file for STMicroelectronics.X-CUBE-ALGOBUILD.1.4.0
2025-12-19 17:28:49,224 [WARN] PackLoader:240 - Cannot read IP mode file for STMicroelectronics.X-CUBE-MEMS1.11.3.0
2025-12-19 17:28:49,329 [WARN] PackLoader:240 - Cannot read IP mode file for STMicroelectronics.X-CUBE-AI.9.1.0
2025-12-19 17:28:49,350 [WARN] PackLoader:240 - Cannot read IP mode file for STMicroelectronics.X-CUBE-PM33A1.1.0.0
2025-12-19 17:28:49,379 [WARN] PackLoader:240 - Cannot read IP mode file for STMicroelectronics.X-CUBE-AZRTOS-F4.1.1.0
2025-12-19 17:28:49,399 [WARN] PackLoader:240 - Cannot read IP mode file for STMicroelectronics.X-CUBE-ISPU.2.1.0
2025-12-19 17:28:49,419 [ERROR] Engine:466 - C:\Users\kamil\.stm32cubemx\thirdparties\pdsc\STMicroelectronics.X-CUBE-IPS.3.2.0.pdsc: PDSC version is not supported
2025-12-19 17:28:49,442 [WARN] PackLoader:240 - Cannot read IP mode file for STMicroelectronics.X-CUBE-FREERTOS.1.2.0
2025-12-19 17:28:49,466 [WARN] PackLoader:240 - Cannot read IP mode file for STMicroelectronics.X-CUBE-NFC12.1.0.0
2025-12-19 17:28:49,502 [WARN] PackLoader:240 - Cannot read IP mode file for STMicroelectronics.X-CUBE-AZRTOS-L5.2.0.0
2025-12-19 17:28:49,527 [WARN] PackLoader:240 - Cannot read IP mode file for STMicroelectronics.X-CUBE-NFC6.3.1.0
2025-12-19 17:28:49,552 [WARN] PackLoader:240 - Cannot read IP mode file for STMicroelectronics.X-CUBE-DPower.1.2.0
2025-12-19 17:28:49,570 [WARN] PackLoader:240 - Cannot read IP mode file for STMicroelectronics.X-CUBE-FREERTOS.1.3.1
2025-12-19 17:28:49,588 [WARN] PackLoader:240 - Cannot read IP mode file for STMicroelectronics.X-CUBE-FREERTOS.1.3.0
2025-12-19 17:28:49,605 [WARN] PackLoader:240 - Cannot read IP mode file for STMicroelectronics.X-CUBE-NFC7.1.0.1
2025-12-19 17:28:49,624 [WARN] PackLoader:240 - Cannot read IP mode file for STMicroelectronics.X-CUBE-TOUCHGFX.4.26.0
2025-12-19 17:28:49,640 [WARN] PackLoader:240 - Cannot read IP mode file for STMicroelectronics.FP-SNS-STAIOTCFT.1.0.0
2025-12-19 17:28:49,658 [WARN] PackLoader:240 - Cannot read IP mode file for STMicroelectronics.X-CUBE-DPower.1.3.0
2025-12-19 17:28:49,684 [WARN] ConditionMgr:438 - getConditionDescription Invalid condition id : LAN8742 Phy interface Condition cause : null
2025-12-19 17:28:49,684 [WARN] PackLoader:240 - Cannot read IP mode file for STMicroelectronics.X-CUBE-AZRTOS-L4.2.0.0
2025-12-19 17:28:49,685 [WARN] ConditionMgr:1044 - genDependencies : Invalid condition id : LAN8742 Phy interface Condition cause : null
2025-12-19 17:28:49,685 [WARN] ConditionMgr:1044 - genDependencies : Invalid condition id : LAN8742 Phy interface Condition cause : null
2025-12-19 17:28:49,685 [WARN] ConditionMgr:1044 - genDependencies : Invalid condition id : LAN8742 Phy interface Condition cause : null
2025-12-19 17:28:49,702 [WARN] PackLoader:240 - Cannot read IP mode file for STMicroelectronics.X-CUBE-SFXS2LP1.4.0.0
2025-12-19 17:28:49,734 [WARN] PackLoader:240 - Cannot read IP mode file for STMicroelectronics.X-CUBE-AZRTOS-H7.3.3.0
2025-12-19 17:28:49,752 [WARN] PackLoader:240 - Cannot read IP mode file for STMicroelectronics.X-CUBE-BLEMGR.4.1.0
2025-12-19 17:28:49,770 [WARN] PackLoader:240 - Cannot read IP mode file for STMicroelectronics.X-CUBE-IPS.3.0.0
2025-12-19 17:28:49,794 [WARN] ConditionMgr:438 - getConditionDescription Invalid condition id : UX DEVICE CLASS RTOS Condition cause : null
2025-12-19 17:28:49,794 [WARN] ConditionMgr:438 - getConditionDescription Invalid condition id : UX DEVICE CLASS RTOS Condition cause : null
2025-12-19 17:28:49,795 [WARN] PackLoader:240 - Cannot read IP mode file for STMicroelectronics.X-CUBE-AZRTOS-WB.2.0.0
2025-12-19 17:28:49,795 [WARN] ConditionMgr:1044 - genDependencies : Invalid condition id : UX DEVICE CLASS RTOS Condition cause : null
2025-12-19 17:28:49,795 [WARN] ConditionMgr:1044 - genDependencies : Invalid condition id : UX DEVICE CLASS RTOS Condition cause : null
2025-12-19 17:28:49,795 [WARN] ConditionMgr:1044 - genDependencies : Invalid condition id : UX DEVICE CLASS RTOS Condition cause : null
2025-12-19 17:28:49,795 [WARN] ConditionMgr:1044 - genDependencies : Invalid condition id : UX DEVICE CLASS RTOS Condition cause : null
2025-12-19 17:28:49,795 [WARN] ConditionMgr:1044 - genDependencies : Invalid condition id : UX DEVICE CLASS RTOS Condition cause : null
2025-12-19 17:28:49,810 [WARN] PackLoader:240 - Cannot read IP mode file for STMicroelectronics.X-CUBE-GNSS1.7.0.0
2025-12-19 17:28:49,827 [WARN] PackLoader:240 - Cannot read IP mode file for STMicroelectronics.X-CUBE-GNSS1.7.0.1
2025-12-19 17:28:49,844 [WARN] PackLoader:240 - Cannot read IP mode file for STMicroelectronics.X-CUBE-TOUCHGFX.4.25.0
2025-12-19 17:28:49,858 [WARN] PackLoader:240 - Cannot read IP mode file for STMicroelectronics.FP-SNS-STBOX1.2.0.0
2025-12-19 17:28:49,874 [WARN] PackLoader:240 - Cannot read IP mode file for STMicroelectronics.X-CUBE-SUBG2.5.0.0
2025-12-19 17:28:49,898 [WARN] PackLoader:240 - Cannot read IP mode file for STMicroelectronics.X-CUBE-AZRTOS-H7RS.1.1.0
2025-12-19 17:28:49,913 [WARN] PackLoader:240 - Cannot read IP mode file for Cesanta.I-CUBE-Mongoose.7.13.0
2025-12-19 17:28:49,933 [WARN] PackLoader:240 - Cannot read IP mode file for STMicroelectronics.X-CUBE-AZRTOS-G4.2.0.0
2025-12-19 17:28:49,948 [WARN] PackLoader:240 - Cannot read IP mode file for STMicroelectronics.X-CUBE-NFC7.2.0.0
2025-12-19 17:28:49,964 [WARN] PackLoader:240 - Cannot read IP mode file for STMicroelectronics.X-CUBE-IPS.3.1.0
2025-12-19 17:28:49,980 [WARN] PackLoader:240 - Cannot read IP mode file for STMicroelectronics.X-CUBE-ALS.1.0.2
2025-12-19 17:28:49,994 [WARN] PackLoader:240 - Cannot read IP mode file for STMicroelectronics.X-CUBE-TOUCHGFX.4.24.1
2025-12-19 17:28:50,009 [WARN] PackLoader:240 - Cannot read IP mode file for STMicroelectronics.X-CUBE-STSE01.1.0.0
2025-12-19 17:28:50,022 [WARN] PackLoader:240 - Cannot read IP mode file for wolfSSL.I-CUBE-wolfTPM.3.4.0
2025-12-19 17:28:50,037 [WARN] PackLoader:240 - Cannot read IP mode file for portGmbH.I-Cube-SoM-uGOAL.1.1.0
2025-12-19 17:28:50,062 [WARN] PackLoader:240 - Cannot read IP mode file for STMicroelectronics.X-CUBE-AZRTOS-H7RS.1.0.0
2025-12-19 17:28:50,076 [WARN] PackLoader:240 - Cannot read IP mode file for STMicroelectronics.FP-ATR-ASTRA1.2.0.0
2025-12-19 17:28:50,092 [WARN] PackLoader:240 - Cannot read IP mode file for STMicroelectronics.X-CUBE-TOF1.3.4.2
2025-12-19 17:28:50,111 [WARN] PackLoader:240 - Cannot read IP mode file for STMicroelectronics.X-CUBE-TOF1.3.4.3
2025-12-19 17:28:50,135 [WARN] PackLoader:240 - Cannot read IP mode file for Infineon.AIROC-Wi-Fi-Bluetooth-STM32.1.6.1
2025-12-19 17:28:50,149 [WARN] PackLoader:240 - Cannot read IP mode file for wolfSSL.I-CUBE-wolfSSH.1.4.17
2025-12-19 17:28:50,149 [INFO] ThirdParty:978 - Integrity check success = true
2025-12-19 17:28:50,150 [INFO] IntegrityCheckThread:100 - exiting critical section [integrity check]
2025-12-19 17:28:50,150 [INFO] IntegrityCheckThread:103 - End integrity checks thread
2025-12-19 17:46:38,819 [INFO] McuFinderGlobals:63 - Set McuFinder mode to 2 (CubeIDE integrated)
2025-12-19 17:46:38,851 [INFO] MainUpdater:2872 - connection check result : 10
2025-12-19 17:46:38,861 [INFO] MainUpdater:2872 - connection check result : 10
2025-12-19 17:46:39,049 [INFO] MicroXplorer:468 - Change Database Path : 
2025-12-19 17:46:39,049 [INFO] MicroXplorer:498 - Change Database Version : DB.6.0.130
2025-12-19 17:46:39,054 [WARN] ThirdParty:871 - waiting for thirdparty lock release [close project]
2025-12-19 17:46:39,055 [INFO] ThirdParty:873 - entering critical section [close project]
2025-12-19 17:46:39,056 [INFO] ThirdParty:883 - exiting critical section [close project]
2025-12-19 17:46:39,057 [INFO] PinOutPanel:1589 - setPackage(No Configuration,No Configuration)
2025-12-19 17:46:39,061 [INFO] UtilMem:75 - Begin LoadConfig() Used Memory: 897396128 Bytes (1073741824)
2025-12-19 17:46:39,063 [INFO] MicroXplorer:468 - Change Database Path : 
2025-12-19 17:46:39,063 [INFO] MicroXplorer:498 - Change Database Version : DB.6.0.130
2025-12-19 17:46:39,063 [INFO] OpenFileManager:332 - Change cursor
2025-12-19 17:46:39,144 [INFO] Mcu:2035 - Initializing MCU STM32H743IITx STM32H743IITx STM32H743IIT6
2025-12-19 17:46:42,627 [INFO] Context:748 - Trying to add GPIOservice into a context  which must be forbidden
2025-12-19 17:46:44,105 [INFO] RtosManager:555 - Registered RTOS mode: class=CMSIS, group=RTOS, mode=CMSIS_V1, owner=FREERTOS
2025-12-19 17:46:44,105 [INFO] RtosManager:555 - Registered RTOS mode: class=CMSIS, group=RTOS2, mode=CMSIS_V2, owner=FREERTOS
2025-12-19 17:46:44,105 [INFO] RtosManager:555 - Registered RTOS mode: class=RTOS, group=Core, mode=CMSIS_V1, owner=FREERTOS
2025-12-19 17:46:44,105 [INFO] RtosManager:555 - Registered RTOS mode: class=RTOS, group=Core, mode=CMSIS_V2, owner=FREERTOS
2025-12-19 17:46:44,105 [WARN] ModelIntegratedComponent:184 - Missing modes for component STMicroelectronics:FreeRTOS:0.0.1:STMicroelectronics:RTOS:FreeRTOS:Core:::10.2.0:
2025-12-19 17:46:44,110 [WARN] ModelIntegratedComponent:63 - No mode defined for component null
2025-12-19 17:46:44,110 [WARN] ModelIntegratedComponent:63 - No mode defined for component null
2025-12-19 17:46:44,110 [WARN] ModelIntegratedComponent:63 - No mode defined for component null
2025-12-19 17:46:44,110 [WARN] ModelIntegratedComponent:63 - No mode defined for component null
2025-12-19 17:46:44,110 [WARN] ModelIntegratedComponent:63 - No mode defined for component null
2025-12-19 17:46:44,110 [WARN] ModelIntegratedComponent:63 - No mode defined for component null
2025-12-19 17:46:44,110 [WARN] ModelIntegratedComponent:63 - No mode defined for component null
2025-12-19 17:46:44,110 [WARN] ModelIntegratedComponent:63 - No mode defined for component null
2025-12-19 17:46:44,110 [WARN] ModelIntegratedComponent:63 - No mode defined for component null
2025-12-19 17:46:44,110 [WARN] ModelIntegratedComponent:63 - No mode defined for component null
2025-12-19 17:46:44,110 [WARN] ModelIntegratedComponent:63 - No mode defined for component null
2025-12-19 17:46:44,110 [WARN] ModelIntegratedComponent:63 - No mode defined for component null
2025-12-19 17:46:44,110 [WARN] ModelIntegratedComponent:63 - No mode defined for component null
2025-12-19 17:46:44,110 [WARN] ModelIntegratedComponent:63 - No mode defined for component null
2025-12-19 17:46:44,110 [WARN] ModelIntegratedComponent:63 - No mode defined for component null
2025-12-19 17:46:44,110 [WARN] ModelIntegratedComponent:63 - No mode defined for component null
2025-12-19 17:46:44,110 [WARN] ModelIntegratedComponent:63 - No mode defined for component null
2025-12-19 17:46:44,110 [WARN] ModelIntegratedComponent:63 - No mode defined for component null
2025-12-19 17:46:44,111 [WARN] ModelIntegratedComponent:63 - No mode defined for component null
2025-12-19 17:46:44,111 [WARN] ModelIntegratedComponent:63 - No mode defined for component null
2025-12-19 17:46:44,111 [WARN] ModelIntegratedComponent:63 - No mode defined for component null
2025-12-19 17:46:44,111 [WARN] ModelIntegratedComponent:63 - No mode defined for component null
2025-12-19 17:46:44,111 [WARN] ModelIntegratedComponent:63 - No mode defined for component null
2025-12-19 17:46:44,111 [WARN] ModelIntegratedComponent:63 - No mode defined for component null
2025-12-19 17:46:44,111 [WARN] ModelIntegratedComponent:63 - No mode defined for component null
2025-12-19 17:46:44,111 [WARN] ModelIntegratedComponent:63 - No mode defined for component null
2025-12-19 17:46:44,111 [WARN] ModelIntegratedComponent:63 - No mode defined for component null
2025-12-19 17:46:44,111 [WARN] ModelIntegratedComponent:63 - No mode defined for component null
2025-12-19 17:46:44,111 [WARN] ModelIntegratedComponent:63 - No mode defined for component null
2025-12-19 17:46:44,111 [WARN] ModelIntegratedComponent:63 - No mode defined for component null
2025-12-19 17:46:44,111 [WARN] ModelIntegratedComponent:63 - No mode defined for component null
2025-12-19 17:46:44,111 [WARN] ModelIntegratedComponent:63 - No mode defined for component null
2025-12-19 17:46:44,111 [WARN] ModelIntegratedComponent:63 - No mode defined for component null
2025-12-19 17:46:44,111 [WARN] ModelIntegratedComponent:63 - No mode defined for component null
2025-12-19 17:46:44,111 [WARN] ModelIntegratedComponent:63 - No mode defined for component null
2025-12-19 17:46:44,111 [WARN] ModelPack:524 - Component already loaded: STMicroelectronics:HAL Drivers:0.0.0:STMicroelectronics:Device:STMicro_Driver:XSPI:HAL::0.0.1:HAL_XSPI
2025-12-19 17:46:44,263 [INFO] ThirdPartyModel:298 - Start build external matchings
2025-12-19 17:46:44,995 [INFO] ThirdPartyModel:316 - End build external matchings
2025-12-19 17:46:45,021 [WARN] IP:2251 - ClockDivider not found: check if there is a RefParameter without a condition.
2025-12-19 17:46:45,022 [WARN] IP:2251 - ClockDividerCCU not found: check if there is a RefParameter without a condition.
2025-12-19 17:46:45,022 [WARN] IP:2251 - MinOscClkPeriodsCCU not found: check if there is a RefParameter without a condition.
2025-12-19 17:46:45,022 [WARN] IP:2251 - TimeQuantaPerBitTimeCCU not found: check if there is a RefParameter without a condition.
2025-12-19 17:46:45,022 [WARN] IP:2251 - WatchdogStartValueCCU not found: check if there is a RefParameter without a condition.
2025-12-19 17:46:45,023 [INFO] ImportTextPane:218 - (OptionalMessage_ERROR) IP (RCC) : Parameter (ADCFreq_Value) has invalid value (129000000)
2025-12-19 17:46:45,030 [INFO] ImportTextPane:218 - (OptionalMessage_ERROR) IP (RCC) : Invalid parameter (FamilyName)
2025-12-19 17:46:45,030 [INFO] ImportTextPane:218 - (OptionalMessage_ERROR) IP (RCC) : Parameter (I2C123Freq_Value) has invalid value (64000000)
2025-12-19 17:46:45,030 [INFO] ImportTextPane:218 - (OptionalMessage_ERROR) IP (RCC) : Parameter (I2C4Freq_Value) has invalid value (64000000)
2025-12-19 17:46:45,030 [INFO] ImportTextPane:218 - (OptionalMessage_ERROR) IP (RCC) : Parameter (LPTIM1Freq_Value) has invalid value (64000000)
2025-12-19 17:46:45,030 [INFO] ImportTextPane:218 - (OptionalMessage_ERROR) IP (RCC) : Parameter (LPTIM2Freq_Value) has invalid value (64000000)
2025-12-19 17:46:45,030 [INFO] ImportTextPane:218 - (OptionalMessage_ERROR) IP (RCC) : Parameter (LPTIM345Freq_Value) has invalid value (64000000)
2025-12-19 17:46:45,030 [INFO] ImportTextPane:218 - (OptionalMessage_ERROR) IP (RCC) : Parameter (LPUART1Freq_Value) has invalid value (64000000)
2025-12-19 17:46:45,030 [INFO] ImportTextPane:218 - (OptionalMessage_ERROR) IP (RCC) : Parameter (LTDCFreq_Value) has invalid value (129000000)
2025-12-19 17:46:45,030 [INFO] ImportTextPane:218 - (OptionalMessage_ERROR) IP (RCC) : Parameter (SPI45Freq_Value) has invalid value (64000000)
2025-12-19 17:46:45,030 [INFO] ImportTextPane:218 - (OptionalMessage_ERROR) IP (RCC) : Parameter (SPI6Freq_Value) has invalid value (64000000)
2025-12-19 17:46:45,030 [INFO] ImportTextPane:218 - (OptionalMessage_ERROR) IP (RCC) : Parameter (SWPMI1Freq_Value) has invalid value (64000000)
2025-12-19 17:46:45,030 [INFO] ImportTextPane:218 - (OptionalMessage_ERROR) IP (RCC) : Parameter (USART16Freq_Value) has invalid value (64000000)
2025-12-19 17:46:45,030 [INFO] ImportTextPane:218 - (OptionalMessage_ERROR) IP (RCC) : Parameter (USART234578Freq_Value) has invalid value (64000000)
2025-12-19 17:46:45,875 [INFO] ApiDb:581 - Connected to CubeFinder SQLite database (C:\Users\kamil\.stmcufinder\plugins\mcufinder\mcu\cube-finder-db.db)
2025-12-19 17:46:45,983 [INFO] ApiDb:668 - CubeFinder database Data Model version=2.1
2025-12-19 17:46:45,983 [INFO] ApiDb:669 - CubeFinder database Configuration version=3.0.39
2025-12-19 17:46:45,987 [INFO] ApiDb:670 - CubeFinder database generation date=2025-11-05 (1762334721)
2025-12-19 17:46:45,987 [INFO] ApiDb:671 - CubeFinder database FW Pack versions=[FP-ATR-ASTRA1_V2.0.0, FP-SNS-FLIGHT1_V5.1.0, FP-SNS-MOTENV1_V5.1.0, FP-SNS-MOTENVWB1_V1.4.0, FP-SNS-SMARTAG2_V1.2.0, FP-SNS-STBOX1_V2.1.0, STM32Cube_FW_C0_V1.4.0, STM32Cube_FW_F4_V1.28.3, STM32Cube_FW_F7_V1.17.4, STM32Cube_FW_G0_V1.6.2, STM32Cube_FW_G4_V1.6.1, STM32Cube_FW_H5_V1.5.1, STM32Cube_FW_H7RS_V1.3.0, STM32Cube_FW_H7_V1.12.1, STM32Cube_FW_L0_V1.12.2, STM32Cube_FW_L4_V1.18.1, STM32Cube_FW_L5_V1.6.0, STM32Cube_FW_N6_V1.3.0, STM32Cube_FW_U0_V1.3.0, STM32Cube_FW_U3_V1.2.1, STM32Cube_FW_U5_V1.8.0, STM32Cube_FW_WB0_V1.4.0, STM32Cube_FW_WBA_V1.8.0, STM32Cube_FW_WB_V1.24.0, STM32Cube_FW_WL3_V1.3.0, STM32Cube_FW_WL_V1.4.0, X-CUBE-ALGOBUILD_V1.4.0, X-CUBE-ALS_V1.0.2, X-CUBE-AZRTOS-F4_V1.1.0, X-CUBE-AZRTOS-F7_V1.1.0, X-CUBE-AZRTOS-G0_V1.1.0, X-CUBE-AZRTOS-G4_V2.0.0, X-CUBE-AZRTOS-H7RS_V1.1.0, X-CUBE-AZRTOS-H7_V3.4.0, X-CUBE-AZRTOS-L4_V2.0.0, X-CUBE-AZRTOS-L5_V2.0.0, X-CUBE-AZRTOS-WB_V2.0.0, X-CUBE-AZRTOS-WL_V2.0.0, X-CUBE-BLE1_V7.1.0, X-CUBE-BLE2_V3.3.0, X-CUBE-BLEMGR_V4.1.0, X-CUBE-EEPRMA1_V5.2.0, X-CUBE-FREERTOS_V1.3.1, X-CUBE-GNSS1_V6.0.0, X-CUBE-MEMS1_V11.3.0, X-CUBE-NFC4_V3.0.0, X-CUBE-NFC7_V2.0.0, X-CUBE-SFXS2LP1_V4.0.0, X-CUBE-ST67W61_V1.1.0, X-CUBE-SUBG2_V5.0.0, X-CUBE-TOF1_V3.4.3]
2025-12-19 17:46:46,091 [INFO] DbBoardsSqlite:226 - include board P-NUCLEO-WB55-NUCLEO as a kit item of type 'Nucleo-64'
2025-12-19 17:46:46,091 [INFO] DbBoardsSqlite:226 - include board P-NUCLEO-WB55-USBDONGLE as a kit item of type 'Nucleo USB Dongle'
2025-12-19 17:46:46,092 [INFO] DbBoardsSqlite:226 - include board STEVAL-IDP005V1 as a kit item of type 'Evaluation Board'
2025-12-19 17:46:46,092 [INFO] DbBoardsSqlite:226 - include board STEVAL-IDP005V2 as a kit item of type 'Evaluation Board'
2025-12-19 17:46:46,348 [INFO] ApiDb:240 - Found 858 in-development CPN: [B-G473E-ZEST1S, B-WB1M-WPAN1, B-WBA5M-WPAN, B-WL5M-SUBG1, NUCLEO-C031C6, NUCLEO-C051C8, NUCLEO-C071RB, NUCLEO-C092RC, NUCLEO-H503RB, NUCLEO-H533RE, NUCLEO-H563ZI, NUCLEO-H7S3L8, NUCLEO-N657X0-Q, NUCLEO-U031R8, NUCLEO-U083RC, NUCLEO-U385RG-Q, NUCLEO-U545RE-Q, NUCLEO-U5A5ZJ-Q, NUCLEO-WB05KZ, NUCLEO-WB07CC, NUCLEO-WB09KE, NUCLEO-WBA52CG, NUCLEO-WBA55CG, NUCLEO-WL33CC1, NUCLEO-WL33CC2, STEVAL-PROTEUS1, STEVAL-SMARTAG2, STEVAL-STWINBX1, STM320518-EVAL, STM32C0116-DK, STM32C011D6Y3TR, STM32C011D6Y6TR, STM32C011F4P3, STM32C011F4P6, STM32C011F4U3, STM32C011F4U6TR, STM32C011F6P3, STM32C011F6P6, STM32C011F6U3, STM32C011F6U6TR, STM32C011J4M3, STM32C011J4M6, STM32C011J6M3, STM32C011J6M6, STM32C0316-DK, STM32C031C4T3, STM32C031C4T6, STM32C031C4U3, STM32C031C4U6, STM32C031C6T3, STM32C031C6T6, STM32C031C6U3, STM32C031C6U6, STM32C031F4P3, STM32C031F4P6, STM32C031F6P3, STM32C031F6P6, STM32C031G4U3, STM32C031G4U6, STM32C031G6U3, STM32C031G6U6, STM32C031K4T3, STM32C031K4T6, STM32C031K4U3, STM32C031K4U6, STM32C031K6T3, STM32C031K6T6, STM32C031K6U3, STM32C031K6U6, STM32C051C6T6, STM32C051C6U6, STM32C051C8T6, STM32C051C8U6, STM32C051D8Y6TR, STM32C051F6P6, STM32C051F8P6, STM32C051G6U6, STM32C051G8U6, STM32C051K6T6, STM32C051K6U6, STM32C051K8T6, STM32C071C8T6, STM32C071C8T6N, STM32C071C8U6, STM32C071C8U6N, STM32C071CBT6, STM32C071CBT6N, STM32C071CBU6, STM32C071CBU6N, STM32C071F8P6, STM32C071F8P6N, STM32C071FBP6, STM32C071FBP6N, STM32C071FBY6TR, STM32C071G8U6, STM32C071G8U6N, STM32C071GBU6, STM32C071GBU6N, STM32C071K8T6, STM32C071K8T6N, STM32C071K8U6, STM32C071K8U6N, STM32C071KBT6, STM32C071KBT6N, STM32C071KBU6, STM32C071KBU6N, STM32C071R8T6, STM32C071R8T6N, STM32C071RBI6N, STM32C071RBT6, STM32C071RBT6N, STM32C091CBT6, STM32C091CBU6, STM32C091CCT6, STM32C091CCU6, STM32C091ECY6TR, STM32C091FBP6, STM32C091FCP6, STM32C091GBU6, STM32C091GCU6, STM32C091KBT6, STM32C091KBU6, STM32C091KCT6, STM32C091KCU6, STM32C091RBT6, STM32C091RCI6, STM32C091RCT6, STM32C092CBT6, STM32C092CBU6, STM32C092CCT6, STM32C092CCU6, STM32C092ECY6TR, STM32C092FBP6, STM32C092FCP6, STM32C092GBU6, STM32C092GCU6, STM32C092KBT6, STM32C092KBU6, STM32C092KCT6, STM32C092KCU6, STM32C092RBT6, STM32C092RCI6, STM32C092RCT6, STM32G071K8TXN, STM32G071K8UXN, STM32G081GBU6N, STM32G081KBT6N, STM32G081KBUXN, STM32G0B1CCT6N, STM32G0B1KCT6, STM32G0B1NEY6TR, STM32G0B1RCT6N, STM32G0C1CCT6, STM32G0C1CCT6N, STM32G0C1CCU6N, STM32G0C1CET6N, STM32G0C1CEU6N, STM32G0C1KCT6, STM32G0C1NEY6TR, STM32G0C1RCI6N, STM32G0C1RCT6N, STM32G0C1REI6N, STM32G0C1RET6N, STM32G0C1VCI6, STM32G0C1VEI6, STM32G411C6T3, STM32G411C6T6, STM32G411C6U3, STM32G411C6U6, STM32G411C8T3, STM32G411C8T6, STM32G411C8U3, STM32G411C8U6, STM32G411CBT3, STM32G411CBT6, STM32G411CBU3, STM32G411CBU6, STM32G411CCT3, STM32G411CCT6, STM32G411CCU3, STM32G411CCU6, STM32G411K6T3, STM32G411K6T6, STM32G411K6U3, STM32G411K6U6, STM32G411K8T3, STM32G411K8T6, STM32G411K8U3, STM32G411K8U6, STM32G411KBT3, STM32G411KBT6, STM32G411KBU3, STM32G411KBU6, STM32G411M6T3, STM32G411M6T6, STM32G411M8T3, STM32G411M8T6, STM32G411MBT3, STM32G411MBT6, STM32G411MCT3, STM32G411MCT6, STM32G411R6T3, STM32G411R6T6, STM32G411R8T3, STM32G411R8T6, STM32G411RBT3, STM32G411RBT6, STM32G411RCT3, STM32G411RCT6, STM32G414CBT3, STM32G414CBT6, STM32G414CBU3, STM32G414CBU6, STM32G414CCT3, STM32G414CCT6, STM32G414CCU3, STM32G414CCU6, STM32G414MBT3, STM32G414MBT6, STM32G414MCT3, STM32G414MCT6, STM32G414RBT3, STM32G414RBT6, STM32G414RCT3, STM32G414RCT6, STM32G414VBT3, STM32G414VBT6, STM32G414VCT3, STM32G414VCT6, STM32G431CBT3Z, STM32G431RBT3Z, STM32G471CCT6, STM32G471CCU6, STM32G471CET3, STM32G471CET6, STM32G471CEU3, STM32G471CEU6, STM32G471MCT6, STM32G471MET3, STM32G471MET6, STM32G471MEY6TR, STM32G471QCT6, STM32G471QET3, STM32G471RCT6, STM32G471RET3, STM32G471RET6, STM32G471VCH6, STM32G471VCI6, STM32G471VCT6, STM32G471VEH3, STM32G471VEH6, STM32G471VEI3, STM32G471VEI6, STM32G471VET3, STM32G471VET6, STM32G473QET3Z, STM32G473RET3Z, STM32G474CCT6, STM32G491RET3Z, STM32H503CBT6, STM32H503CBU6, STM32H503EBY6TR, STM32H503KBU6, STM32H503RBT6, STM32H523CCT6, STM32H523CCU6, STM32H523CET6, STM32H523CEU6, STM32H523HEY6TR, STM32H523RCT6, STM32H523RET6, STM32H523VCI6, STM32H523VCT6, STM32H523VEI6, STM32H523VET6, STM32H523ZCJ6, STM32H523ZCT6, STM32H523ZEJ6, STM32H523ZET6, STM32H533CET6, STM32H533CEU6, STM32H533HEY6TR, STM32H533RET6, STM32H533VEI6, STM32H533VET6, STM32H533ZEJ6, STM32H533ZET6, STM32H562AGI6, STM32H562AII6, STM32H562IGK6, STM32H562IGT6, STM32H562IIK6, STM32H562IIT6, STM32H562RGT6, STM32H562RGV6, STM32H562RIT6, STM32H562RIV6, STM32H562VGT6, STM32H562VIT6, STM32H562ZGT6, STM32H562ZIT6, STM32H563AGI6, STM32H563AII3Q, STM32H563AII6, STM32H563IGK6, STM32H563IGT6, STM32H563IIK3Q, STM32H563IIK6, STM32H563IIT3Q, STM32H563IIT6, STM32H563MIY3QTR, STM32H563RGT6, STM32H563RGV6, STM32H563RIT6, STM32H563RIV6, STM32H563VGT6, STM32H563VIT3Q, STM32H563VIT6, STM32H563ZGT6, STM32H563ZIT3Q, STM32H563ZIT6, STM32H573AII3Q, STM32H573AII6, STM32H573I-DK, STM32H573IIK3Q, STM32H573IIK6, STM32H573IIT3Q, STM32H573IIT6, STM32H573MIY3QTR, STM32H573RIT6, STM32H573RIV6, STM32H573VIT3Q, STM32H573VIT6, STM32H573ZIT3Q, STM32H573ZIT6, STM32H7R3A8I6, STM32H7R3I8K6, STM32H7R3I8T6, STM32H7R3L8H6, STM32H7R3L8H6H, STM32H7R3R8V6, STM32H7R3V8H6, STM32H7R3V8T6, STM32H7R3V8Y6TR, STM32H7R3Z8J6, STM32H7R3Z8T6, STM32H7R7A8I6, STM32H7R7I8K6, STM32H7R7I8T6, STM32H7R7L8H6, STM32H7R7L8H6H, STM32H7R7Z8J6, STM32H7S3A8I6, STM32H7S3I8K6, STM32H7S3I8T6, STM32H7S3L8H6, STM32H7S3L8H6H, STM32H7S3R8V6, STM32H7S3V8H6, STM32H7S3V8T6, STM32H7S3V8Y6TR, STM32H7S3Z8J6, STM32H7S3Z8T6, STM32H7S78-DK, STM32H7S7A8I6, STM32H7S7I8K6, STM32H7S7I8T6, STM32H7S7L8H6, STM32H7S7L8H6H, STM32H7S7Z8J6, STM32L4R5QGI6STR, STM32MP131AAE3, STM32MP131AAF3, STM32MP131AAG3, STM32MP131CAE3, STM32MP131CAF3, STM32MP131CAG3, STM32MP131DAE7, STM32MP131DAF7, STM32MP131DAG7, STM32MP131FAE7, STM32MP131FAF7, STM32MP131FAG7, STM32MP133AAE3, STM32MP133AAF3, STM32MP133AAG3, STM32MP133CAE3, STM32MP133CAF3, STM32MP133CAG3, STM32MP133DAE7, STM32MP133DAF7, STM32MP133DAG7, STM32MP133FAE7, STM32MP133FAF7, STM32MP133FAG7, STM32MP135AAE3, STM32MP135AAF3, STM32MP135AAG3, STM32MP135CAE3, STM32MP135CAF3, STM32MP135CAG3, STM32MP135DAE7, STM32MP135DAF7, STM32MP135DAG7, STM32MP135F-DK, STM32MP135FAE7, STM32MP135FAF7, STM32MP135FAF7T, STM32MP135FAF7U, STM32MP135FAG7, STM32MP231AAJ3, STM32MP231AAK3, STM32MP231AAL3, STM32MP231CAJ3, STM32MP231CAK3, STM32MP231CAL3, STM32MP231DAJ3, STM32MP231DAK3, STM32MP231DAL3, STM32MP231FAJ3, STM32MP231FAK3, STM32MP231FAL3, STM32MP233AAJ3, STM32MP233AAK3, STM32MP233AAL3, STM32MP233CAJ3, STM32MP233CAK3, STM32MP233CAL3, STM32MP233DAJ3, STM32MP233DAK3, STM32MP233DAL3, STM32MP233FAJ3, STM32MP233FAK3, STM32MP233FAL3, STM32MP235AAJ3, STM32MP235AAK3, STM32MP235AAL3, STM32MP235CAJ3, STM32MP235CAK3, STM32MP235CAL3, STM32MP235DAJ3, STM32MP235DAK3, STM32MP235DAL3, STM32MP235FAJ3, STM32MP235FAK3, STM32MP235FAL3, STM32MP251AAI3, STM32MP251AAJ3, STM32MP251AAK3, STM32MP251AAL3, STM32MP251CAI3, STM32MP251CAJ3, STM32MP251CAK3, STM32MP251CAL3, STM32MP251DAI3, STM32MP251DAJ3, STM32MP251DAK3, STM32MP251DAL3, STM32MP251FAI3, STM32MP251FAJ3, STM32MP251FAK3, STM32MP251FAL3, STM32MP253AAI3, STM32MP253AAJ3, STM32MP253AAK3, STM32MP253AAL3, STM32MP253CAI3, STM32MP253CAJ3, STM32MP253CAK3, STM32MP253CAL3, STM32MP253DAI3, STM32MP253DAJ3, STM32MP253DAK3, STM32MP253DAL3, STM32MP253FAI3, STM32MP253FAJ3, STM32MP253FAK3, STM32MP253FAL3, STM32MP255AAI3, STM32MP255AAJ3, STM32MP255AAK3, STM32MP255AAL3, STM32MP255CAI3, STM32MP255CAJ3, STM32MP255CAK3, STM32MP255CAL3, STM32MP255DAI3, STM32MP255DAJ3, STM32MP255DAK3, STM32MP255DAL3, STM32MP255FAI3, STM32MP255FAJ3, STM32MP255FAK3, STM32MP255FAL3, STM32MP257AAI3, STM32MP257AAJ3, STM32MP257AAK3, STM32MP257AAL3, STM32MP257CAI3, STM32MP257CAJ3, STM32MP257CAK3, STM32MP257CAL3, STM32MP257DAI3, STM32MP257DAJ3, STM32MP257DAK3, STM32MP257DAL3, STM32MP257F-DK, STM32MP257F-EV1, STM32MP257FAI3, STM32MP257FAJ3, STM32MP257FAK3, STM32MP257FAL3, STM32N645A0H3Q, STM32N645B0H3Q, STM32N645I0H3Q, STM32N645L0H3Q, STM32N645X0H3Q, STM32N645Z0H3Q, STM32N647A0H3Q, STM32N647B0H3Q, STM32N647I0H3Q, STM32N647L0H3Q, STM32N647X0H3Q, STM32N647Z0H3Q, STM32N655A0H3Q, STM32N655B0H3Q, STM32N655I0H3Q, STM32N655L0H3Q, STM32N655X0H3Q, STM32N655Z0H3Q, STM32N6570-DK, STM32N657A0H3Q, STM32N657B0H3Q, STM32N657I0H3Q, STM32N657L0H3Q, STM32N657X0H3Q, STM32N657Z0H3Q, STM32U031C6T6, STM32U031C6U6, STM32U031C8T6, STM32U031C8U6, STM32U031F4P6, STM32U031F6P6, STM32U031F8P6, STM32U031G6Y6TR, STM32U031G8Y6TR, STM32U031K4U6, STM32U031K6U6, STM32U031K8U6, STM32U031R6I6, STM32U031R6T6, STM32U031R8I6, STM32U031R8T6, STM32U073C8T6, STM32U073C8U6, STM32U073CBT6, STM32U073CBU6, STM32U073CCT6, STM32U073CCU6, STM32U073H8Y6TR, STM32U073HBY6TR, STM32U073HCY6TR, STM32U073K8U6, STM32U073KBU6, STM32U073KCU6, STM32U073M8I6, STM32U073M8T6, STM32U073MBI6, STM32U073MBT6, STM32U073MCI6, STM32U073MCT6, STM32U073R8I6, STM32U073R8T6, STM32U073RBI6, STM32U073RBT6, STM32U073RCI6, STM32U073RCT6, STM32U083C-DK, STM32U083CCT6, STM32U083CCU6, STM32U083HCY6TR, STM32U083KCU6, STM32U083MCI6, STM32U083MCT6, STM32U083RCI6, STM32U083RCT6, STM32U375CET6, STM32U375CET6Q, STM32U375CEU6, STM32U375CEU6Q, STM32U375CEY6QTR, STM32U375CGT6, STM32U375CGT6Q, STM32U375CGU6, STM32U375CGU6Q, STM32U375CGY6QTR, STM32U375KEU6, STM32U375KGU6, STM32U375REI6, STM32U375REI6Q, STM32U375RET6, STM32U375RET6Q, STM32U375REY6GTR, STM32U375REY6QTR, STM32U375RGI6, STM32U375RGI6Q, STM32U375RGT6, STM32U375RGT6Q, STM32U375RGY6GTR, STM32U375RGY6QTR, STM32U375VEI6, STM32U375VEI6Q, STM32U375VET6, STM32U375VET6Q, STM32U375VGI6, STM32U375VGI6Q, STM32U375VGT6, STM32U375VGT6Q, STM32U385CGT6, STM32U385CGT6Q, STM32U385CGU6, STM32U385CGU6Q, STM32U385CGY6QTR, STM32U385KGU6, STM32U385RGI6, STM32U385RGI6Q, STM32U385RGT6, STM32U385RGT6Q, STM32U385RGY6GTR, STM32U385RGY6QTR, STM32U385VGI6, STM32U385VGI6Q, STM32U385VGT6, STM32U385VGT6Q, STM32U535CBT6, STM32U535CBT6Q, STM32U535CBU6, STM32U535CBU6Q, STM32U535CCT6, STM32U535CCT6Q, STM32U535CCU6, STM32U535CCU6Q, STM32U535CET6, STM32U535CET6Q, STM32U535CEU6, STM32U535CEU6Q, STM32U535JEY6QTR, STM32U535NCY6QTR, STM32U535NEY6QTR, STM32U535RBI6, STM32U535RBI6Q, STM32U535RBT6, STM32U535RBT6Q, STM32U535RCI6, STM32U535RCI6Q, STM32U535RCT6, STM32U535RCT6Q, STM32U535REI6, STM32U535REI6Q, STM32U535RET6, STM32U535RET6Q, STM32U535VCI6, STM32U535VCI6Q, STM32U535VCT6, STM32U535VCT6Q, STM32U535VEI6, STM32U535VEI6Q, STM32U535VET6, STM32U535VET6Q, STM32U545CET6, STM32U545CET6Q, STM32U545CEU6, STM32U545CEU6Q, STM32U545JEY6QTR, STM32U545NEY6QTR, STM32U545REI6, STM32U545REI6Q, STM32U545RET6, STM32U545RET6Q, STM32U545VEI6, STM32U545VEI6Q, STM32U545VET6, STM32U545VET6Q, STM32U595AIH6, STM32U595AIH6Q, STM32U595AJH6, STM32U595AJH6Q, STM32U595QII6, STM32U595QII6Q, STM32U595QJI6, STM32U595QJI6Q, STM32U595RIT6, STM32U595RIT6Q, STM32U595RJT6, STM32U595RJT6Q, STM32U595VIT6, STM32U595VIT6Q, STM32U595VJT6, STM32U595VJT6Q, STM32U595ZIT6, STM32U595ZIT6Q, STM32U595ZIY6QTR, STM32U595ZJT6, STM32U595ZJT6Q, STM32U595ZJY6QTR, STM32U599BJY6QTR, STM32U599NIH6Q, STM32U599NJH6Q, STM32U599VIT6Q, STM32U599VJT6, STM32U599VJT6Q, STM32U599ZIT6Q, STM32U599ZIY6QTR, STM32U599ZJT6Q, STM32U599ZJY6QTR, STM32U5A5AJH6, STM32U5A5AJH6Q, STM32U5A5QII3Q , STM32U5A5QJI6, STM32U5A5QJI6Q, STM32U5A5RJT6, STM32U5A5RJT6Q, STM32U5A5VJT6, STM32U5A5VJT6Q, STM32U5A5ZJT6, STM32U5A5ZJT6Q, STM32U5A5ZJY6QTR, STM32U5A9BJY6QTR, STM32U5A9J-DK, STM32U5A9NJH6Q, STM32U5A9VJT6Q, STM32U5A9ZJT6Q, STM32U5A9ZJY6QTR, STM32U5F7VIT6, STM32U5F7VIT6Q, STM32U5F7VJT6, STM32U5F7VJT6Q, STM32U5F9BJY6QTR, STM32U5F9NJH6Q, STM32U5F9VIT6Q, STM32U5F9VJT6Q, STM32U5F9ZIJ6QTR, STM32U5F9ZIT6Q, STM32U5F9ZJJ6QTR, STM32U5F9ZJT6Q, STM32U5G7VJT6, STM32U5G7VJT6Q, STM32U5G9BJY6QTR, STM32U5G9J-DK1, STM32U5G9J-DK2, STM32U5G9NJH6Q, STM32U5G9VJT6Q, STM32U5G9ZJJ6QTR, STM32U5G9ZJT6Q, STM32WB05KZV6TR, STM32WB05KZV7TR, STM32WB05TZF6TR, STM32WB05TZF7TR, STM32WB06CCF6TR, STM32WB06CCF7TR, STM32WB06CCV6TR, STM32WB06CCV7TR, STM32WB06KCV6TR, STM32WB06KCV7TR, STM32WB07CCF6TR, STM32WB07CCF7TR, STM32WB07CCV6TR, STM32WB07CCV7TR, STM32WB07KCV6TR, STM32WB07KCV7TR, STM32WB09KEV6TR, STM32WB09KEV7TR, STM32WB09TEF6TR, STM32WB09TEF7TR, STM32WB1MMCH6, STM32WBA50KGU6, STM32WBA50KGU6TR, STM32WBA52CEU6, STM32WBA52CEU6TR, STM32WBA52CEU7, STM32WBA52CEU7TR, STM32WBA52CGU6, STM32WBA52CGU6TR, STM32WBA52CGU6U, STM32WBA52CGU7, STM32WBA52CGU7TR, STM32WBA52KEU6, STM32WBA52KEU6TR, STM32WBA52KGU6, STM32WBA52KGU6TR, STM32WBA54CEU6, STM32WBA54CEU6TR, STM32WBA54CEU7, STM32WBA54CEU7TR, STM32WBA54CGU6, STM32WBA54CGU6TR, STM32WBA54CGU7, STM32WBA54CGU7TR, STM32WBA54KEU6, STM32WBA54KEU6TR, STM32WBA54KEU7, STM32WBA54KEU7TR, STM32WBA54KGU6, STM32WBA54KGU6TR, STM32WBA54KGU7, STM32WBA54KGU7TR, STM32WBA55CEU6, STM32WBA55CEU6TR, STM32WBA55CEU7, STM32WBA55CEU7TR, STM32WBA55CGU6, STM32WBA55CGU6TR, STM32WBA55CGU6U, STM32WBA55CGU7, STM32WBA55CGU7TR, STM32WBA55G-DK1, STM32WBA55HEF6, STM32WBA55HEF7, STM32WBA55HGF6, STM32WBA55HGF7, STM32WBA55UEI6, STM32WBA55UEI6TR, STM32WBA55UEI7, STM32WBA55UEI7TR, STM32WBA55UGI6, STM32WBA55UGI6TR, STM32WBA55UGI7, STM32WBA55UGI7TR, STM32WBA5MJGH6TR, STM32WBA5MJGH6U, STM32WL33C8V6, STM32WL33C8V6TR, STM32WL33C8V7, STM32WL33C8V7TR, STM32WL33CBV6, STM32WL33CBV6TR, STM32WL33CBV7, STM32WL33CBV7TR, STM32WL33CCV6, STM32WL33CCV6TR, STM32WL33CCV7, STM32WL33CCV7A, STM32WL33CCV7ATR, STM32WL33CCV7TR, STM32WL33K8V6, STM32WL33K8V6TR, STM32WL33K8V7, STM32WL33K8V7TR, STM32WL33KBV6, STM32WL33KBV6TR, STM32WL33KBV7, STM32WL33KBV7TR, STM32WL33KCV6, STM32WL33KCV6TR, STM32WL33KCV7, STM32WL33KCV7TR, STM32WL5MOCH6, STM32WL5MOCH6TR]
2025-12-19 17:46:46,351 [INFO] ApiDb:668 - CubeFinder database Data Model version=2.1
2025-12-19 17:46:46,351 [INFO] ApiDb:669 - CubeFinder database Configuration version=3.0.39
2025-12-19 17:46:46,351 [INFO] ApiDb:670 - CubeFinder database generation date=2025-11-05 (1762334721)
2025-12-19 17:46:46,351 [INFO] ApiDb:671 - CubeFinder database FW Pack versions=[FP-ATR-ASTRA1_V2.0.0, FP-SNS-FLIGHT1_V5.1.0, FP-SNS-MOTENV1_V5.1.0, FP-SNS-MOTENVWB1_V1.4.0, FP-SNS-SMARTAG2_V1.2.0, FP-SNS-STBOX1_V2.1.0, STM32Cube_FW_C0_V1.4.0, STM32Cube_FW_F4_V1.28.3, STM32Cube_FW_F7_V1.17.4, STM32Cube_FW_G0_V1.6.2, STM32Cube_FW_G4_V1.6.1, STM32Cube_FW_H5_V1.5.1, STM32Cube_FW_H7RS_V1.3.0, STM32Cube_FW_H7_V1.12.1, STM32Cube_FW_L0_V1.12.2, STM32Cube_FW_L4_V1.18.1, STM32Cube_FW_L5_V1.6.0, STM32Cube_FW_N6_V1.3.0, STM32Cube_FW_U0_V1.3.0, STM32Cube_FW_U3_V1.2.1, STM32Cube_FW_U5_V1.8.0, STM32Cube_FW_WB0_V1.4.0, STM32Cube_FW_WBA_V1.8.0, STM32Cube_FW_WB_V1.24.0, STM32Cube_FW_WL3_V1.3.0, STM32Cube_FW_WL_V1.4.0, X-CUBE-ALGOBUILD_V1.4.0, X-CUBE-ALS_V1.0.2, X-CUBE-AZRTOS-F4_V1.1.0, X-CUBE-AZRTOS-F7_V1.1.0, X-CUBE-AZRTOS-G0_V1.1.0, X-CUBE-AZRTOS-G4_V2.0.0, X-CUBE-AZRTOS-H7RS_V1.1.0, X-CUBE-AZRTOS-H7_V3.4.0, X-CUBE-AZRTOS-L4_V2.0.0, X-CUBE-AZRTOS-L5_V2.0.0, X-CUBE-AZRTOS-WB_V2.0.0, X-CUBE-AZRTOS-WL_V2.0.0, X-CUBE-BLE1_V7.1.0, X-CUBE-BLE2_V3.3.0, X-CUBE-BLEMGR_V4.1.0, X-CUBE-EEPRMA1_V5.2.0, X-CUBE-FREERTOS_V1.3.1, X-CUBE-GNSS1_V6.0.0, X-CUBE-MEMS1_V11.3.0, X-CUBE-NFC4_V3.0.0, X-CUBE-NFC7_V2.0.0, X-CUBE-SFXS2LP1_V4.0.0, X-CUBE-ST67W61_V1.1.0, X-CUBE-SUBG2_V5.0.0, X-CUBE-TOF1_V3.4.3]
2025-12-19 17:46:47,834 [INFO] ApiDb:240 - Found 858 in-development CPN: [B-G473E-ZEST1S, B-WB1M-WPAN1, B-WBA5M-WPAN, B-WL5M-SUBG1, NUCLEO-C031C6, NUCLEO-C051C8, NUCLEO-C071RB, NUCLEO-C092RC, NUCLEO-H503RB, NUCLEO-H533RE, NUCLEO-H563ZI, NUCLEO-H7S3L8, NUCLEO-N657X0-Q, NUCLEO-U031R8, NUCLEO-U083RC, NUCLEO-U385RG-Q, NUCLEO-U545RE-Q, NUCLEO-U5A5ZJ-Q, NUCLEO-WB05KZ, NUCLEO-WB07CC, NUCLEO-WB09KE, NUCLEO-WBA52CG, NUCLEO-WBA55CG, NUCLEO-WL33CC1, NUCLEO-WL33CC2, STEVAL-PROTEUS1, STEVAL-SMARTAG2, STEVAL-STWINBX1, STM320518-EVAL, STM32C0116-DK, STM32C011D6Y3TR, STM32C011D6Y6TR, STM32C011F4P3, STM32C011F4P6, STM32C011F4U3, STM32C011F4U6TR, STM32C011F6P3, STM32C011F6P6, STM32C011F6U3, STM32C011F6U6TR, STM32C011J4M3, STM32C011J4M6, STM32C011J6M3, STM32C011J6M6, STM32C0316-DK, STM32C031C4T3, STM32C031C4T6, STM32C031C4U3, STM32C031C4U6, STM32C031C6T3, STM32C031C6T6, STM32C031C6U3, STM32C031C6U6, STM32C031F4P3, STM32C031F4P6, STM32C031F6P3, STM32C031F6P6, STM32C031G4U3, STM32C031G4U6, STM32C031G6U3, STM32C031G6U6, STM32C031K4T3, STM32C031K4T6, STM32C031K4U3, STM32C031K4U6, STM32C031K6T3, STM32C031K6T6, STM32C031K6U3, STM32C031K6U6, STM32C051C6T6, STM32C051C6U6, STM32C051C8T6, STM32C051C8U6, STM32C051D8Y6TR, STM32C051F6P6, STM32C051F8P6, STM32C051G6U6, STM32C051G8U6, STM32C051K6T6, STM32C051K6U6, STM32C051K8T6, STM32C071C8T6, STM32C071C8T6N, STM32C071C8U6, STM32C071C8U6N, STM32C071CBT6, STM32C071CBT6N, STM32C071CBU6, STM32C071CBU6N, STM32C071F8P6, STM32C071F8P6N, STM32C071FBP6, STM32C071FBP6N, STM32C071FBY6TR, STM32C071G8U6, STM32C071G8U6N, STM32C071GBU6, STM32C071GBU6N, STM32C071K8T6, STM32C071K8T6N, STM32C071K8U6, STM32C071K8U6N, STM32C071KBT6, STM32C071KBT6N, STM32C071KBU6, STM32C071KBU6N, STM32C071R8T6, STM32C071R8T6N, STM32C071RBI6N, STM32C071RBT6, STM32C071RBT6N, STM32C091CBT6, STM32C091CBU6, STM32C091CCT6, STM32C091CCU6, STM32C091ECY6TR, STM32C091FBP6, STM32C091FCP6, STM32C091GBU6, STM32C091GCU6, STM32C091KBT6, STM32C091KBU6, STM32C091KCT6, STM32C091KCU6, STM32C091RBT6, STM32C091RCI6, STM32C091RCT6, STM32C092CBT6, STM32C092CBU6, STM32C092CCT6, STM32C092CCU6, STM32C092ECY6TR, STM32C092FBP6, STM32C092FCP6, STM32C092GBU6, STM32C092GCU6, STM32C092KBT6, STM32C092KBU6, STM32C092KCT6, STM32C092KCU6, STM32C092RBT6, STM32C092RCI6, STM32C092RCT6, STM32G071K8TXN, STM32G071K8UXN, STM32G081GBU6N, STM32G081KBT6N, STM32G081KBUXN, STM32G0B1CCT6N, STM32G0B1KCT6, STM32G0B1NEY6TR, STM32G0B1RCT6N, STM32G0C1CCT6, STM32G0C1CCT6N, STM32G0C1CCU6N, STM32G0C1CET6N, STM32G0C1CEU6N, STM32G0C1KCT6, STM32G0C1NEY6TR, STM32G0C1RCI6N, STM32G0C1RCT6N, STM32G0C1REI6N, STM32G0C1RET6N, STM32G0C1VCI6, STM32G0C1VEI6, STM32G411C6T3, STM32G411C6T6, STM32G411C6U3, STM32G411C6U6, STM32G411C8T3, STM32G411C8T6, STM32G411C8U3, STM32G411C8U6, STM32G411CBT3, STM32G411CBT6, STM32G411CBU3, STM32G411CBU6, STM32G411CCT3, STM32G411CCT6, STM32G411CCU3, STM32G411CCU6, STM32G411K6T3, STM32G411K6T6, STM32G411K6U3, STM32G411K6U6, STM32G411K8T3, STM32G411K8T6, STM32G411K8U3, STM32G411K8U6, STM32G411KBT3, STM32G411KBT6, STM32G411KBU3, STM32G411KBU6, STM32G411M6T3, STM32G411M6T6, STM32G411M8T3, STM32G411M8T6, STM32G411MBT3, STM32G411MBT6, STM32G411MCT3, STM32G411MCT6, STM32G411R6T3, STM32G411R6T6, STM32G411R8T3, STM32G411R8T6, STM32G411RBT3, STM32G411RBT6, STM32G411RCT3, STM32G411RCT6, STM32G414CBT3, STM32G414CBT6, STM32G414CBU3, STM32G414CBU6, STM32G414CCT3, STM32G414CCT6, STM32G414CCU3, STM32G414CCU6, STM32G414MBT3, STM32G414MBT6, STM32G414MCT3, STM32G414MCT6, STM32G414RBT3, STM32G414RBT6, STM32G414RCT3, STM32G414RCT6, STM32G414VBT3, STM32G414VBT6, STM32G414VCT3, STM32G414VCT6, STM32G431CBT3Z, STM32G431RBT3Z, STM32G471CCT6, STM32G471CCU6, STM32G471CET3, STM32G471CET6, STM32G471CEU3, STM32G471CEU6, STM32G471MCT6, STM32G471MET3, STM32G471MET6, STM32G471MEY6TR, STM32G471QCT6, STM32G471QET3, STM32G471RCT6, STM32G471RET3, STM32G471RET6, STM32G471VCH6, STM32G471VCI6, STM32G471VCT6, STM32G471VEH3, STM32G471VEH6, STM32G471VEI3, STM32G471VEI6, STM32G471VET3, STM32G471VET6, STM32G473QET3Z, STM32G473RET3Z, STM32G474CCT6, STM32G491RET3Z, STM32H503CBT6, STM32H503CBU6, STM32H503EBY6TR, STM32H503KBU6, STM32H503RBT6, STM32H523CCT6, STM32H523CCU6, STM32H523CET6, STM32H523CEU6, STM32H523HEY6TR, STM32H523RCT6, STM32H523RET6, STM32H523VCI6, STM32H523VCT6, STM32H523VEI6, STM32H523VET6, STM32H523ZCJ6, STM32H523ZCT6, STM32H523ZEJ6, STM32H523ZET6, STM32H533CET6, STM32H533CEU6, STM32H533HEY6TR, STM32H533RET6, STM32H533VEI6, STM32H533VET6, STM32H533ZEJ6, STM32H533ZET6, STM32H562AGI6, STM32H562AII6, STM32H562IGK6, STM32H562IGT6, STM32H562IIK6, STM32H562IIT6, STM32H562RGT6, STM32H562RGV6, STM32H562RIT6, STM32H562RIV6, STM32H562VGT6, STM32H562VIT6, STM32H562ZGT6, STM32H562ZIT6, STM32H563AGI6, STM32H563AII3Q, STM32H563AII6, STM32H563IGK6, STM32H563IGT6, STM32H563IIK3Q, STM32H563IIK6, STM32H563IIT3Q, STM32H563IIT6, STM32H563MIY3QTR, STM32H563RGT6, STM32H563RGV6, STM32H563RIT6, STM32H563RIV6, STM32H563VGT6, STM32H563VIT3Q, STM32H563VIT6, STM32H563ZGT6, STM32H563ZIT3Q, STM32H563ZIT6, STM32H573AII3Q, STM32H573AII6, STM32H573I-DK, STM32H573IIK3Q, STM32H573IIK6, STM32H573IIT3Q, STM32H573IIT6, STM32H573MIY3QTR, STM32H573RIT6, STM32H573RIV6, STM32H573VIT3Q, STM32H573VIT6, STM32H573ZIT3Q, STM32H573ZIT6, STM32H7R3A8I6, STM32H7R3I8K6, STM32H7R3I8T6, STM32H7R3L8H6, STM32H7R3L8H6H, STM32H7R3R8V6, STM32H7R3V8H6, STM32H7R3V8T6, STM32H7R3V8Y6TR, STM32H7R3Z8J6, STM32H7R3Z8T6, STM32H7R7A8I6, STM32H7R7I8K6, STM32H7R7I8T6, STM32H7R7L8H6, STM32H7R7L8H6H, STM32H7R7Z8J6, STM32H7S3A8I6, STM32H7S3I8K6, STM32H7S3I8T6, STM32H7S3L8H6, STM32H7S3L8H6H, STM32H7S3R8V6, STM32H7S3V8H6, STM32H7S3V8T6, STM32H7S3V8Y6TR, STM32H7S3Z8J6, STM32H7S3Z8T6, STM32H7S78-DK, STM32H7S7A8I6, STM32H7S7I8K6, STM32H7S7I8T6, STM32H7S7L8H6, STM32H7S7L8H6H, STM32H7S7Z8J6, STM32L4R5QGI6STR, STM32MP131AAE3, STM32MP131AAF3, STM32MP131AAG3, STM32MP131CAE3, STM32MP131CAF3, STM32MP131CAG3, STM32MP131DAE7, STM32MP131DAF7, STM32MP131DAG7, STM32MP131FAE7, STM32MP131FAF7, STM32MP131FAG7, STM32MP133AAE3, STM32MP133AAF3, STM32MP133AAG3, STM32MP133CAE3, STM32MP133CAF3, STM32MP133CAG3, STM32MP133DAE7, STM32MP133DAF7, STM32MP133DAG7, STM32MP133FAE7, STM32MP133FAF7, STM32MP133FAG7, STM32MP135AAE3, STM32MP135AAF3, STM32MP135AAG3, STM32MP135CAE3, STM32MP135CAF3, STM32MP135CAG3, STM32MP135DAE7, STM32MP135DAF7, STM32MP135DAG7, STM32MP135F-DK, STM32MP135FAE7, STM32MP135FAF7, STM32MP135FAF7T, STM32MP135FAF7U, STM32MP135FAG7, STM32MP231AAJ3, STM32MP231AAK3, STM32MP231AAL3, STM32MP231CAJ3, STM32MP231CAK3, STM32MP231CAL3, STM32MP231DAJ3, STM32MP231DAK3, STM32MP231DAL3, STM32MP231FAJ3, STM32MP231FAK3, STM32MP231FAL3, STM32MP233AAJ3, STM32MP233AAK3, STM32MP233AAL3, STM32MP233CAJ3, STM32MP233CAK3, STM32MP233CAL3, STM32MP233DAJ3, STM32MP233DAK3, STM32MP233DAL3, STM32MP233FAJ3, STM32MP233FAK3, STM32MP233FAL3, STM32MP235AAJ3, STM32MP235AAK3, STM32MP235AAL3, STM32MP235CAJ3, STM32MP235CAK3, STM32MP235CAL3, STM32MP235DAJ3, STM32MP235DAK3, STM32MP235DAL3, STM32MP235FAJ3, STM32MP235FAK3, STM32MP235FAL3, STM32MP251AAI3, STM32MP251AAJ3, STM32MP251AAK3, STM32MP251AAL3, STM32MP251CAI3, STM32MP251CAJ3, STM32MP251CAK3, STM32MP251CAL3, STM32MP251DAI3, STM32MP251DAJ3, STM32MP251DAK3, STM32MP251DAL3, STM32MP251FAI3, STM32MP251FAJ3, STM32MP251FAK3, STM32MP251FAL3, STM32MP253AAI3, STM32MP253AAJ3, STM32MP253AAK3, STM32MP253AAL3, STM32MP253CAI3, STM32MP253CAJ3, STM32MP253CAK3, STM32MP253CAL3, STM32MP253DAI3, STM32MP253DAJ3, STM32MP253DAK3, STM32MP253DAL3, STM32MP253FAI3, STM32MP253FAJ3, STM32MP253FAK3, STM32MP253FAL3, STM32MP255AAI3, STM32MP255AAJ3, STM32MP255AAK3, STM32MP255AAL3, STM32MP255CAI3, STM32MP255CAJ3, STM32MP255CAK3, STM32MP255CAL3, STM32MP255DAI3, STM32MP255DAJ3, STM32MP255DAK3, STM32MP255DAL3, STM32MP255FAI3, STM32MP255FAJ3, STM32MP255FAK3, STM32MP255FAL3, STM32MP257AAI3, STM32MP257AAJ3, STM32MP257AAK3, STM32MP257AAL3, STM32MP257CAI3, STM32MP257CAJ3, STM32MP257CAK3, STM32MP257CAL3, STM32MP257DAI3, STM32MP257DAJ3, STM32MP257DAK3, STM32MP257DAL3, STM32MP257F-DK, STM32MP257F-EV1, STM32MP257FAI3, STM32MP257FAJ3, STM32MP257FAK3, STM32MP257FAL3, STM32N645A0H3Q, STM32N645B0H3Q, STM32N645I0H3Q, STM32N645L0H3Q, STM32N645X0H3Q, STM32N645Z0H3Q, STM32N647A0H3Q, STM32N647B0H3Q, STM32N647I0H3Q, STM32N647L0H3Q, STM32N647X0H3Q, STM32N647Z0H3Q, STM32N655A0H3Q, STM32N655B0H3Q, STM32N655I0H3Q, STM32N655L0H3Q, STM32N655X0H3Q, STM32N655Z0H3Q, STM32N6570-DK, STM32N657A0H3Q, STM32N657B0H3Q, STM32N657I0H3Q, STM32N657L0H3Q, STM32N657X0H3Q, STM32N657Z0H3Q, STM32U031C6T6, STM32U031C6U6, STM32U031C8T6, STM32U031C8U6, STM32U031F4P6, STM32U031F6P6, STM32U031F8P6, STM32U031G6Y6TR, STM32U031G8Y6TR, STM32U031K4U6, STM32U031K6U6, STM32U031K8U6, STM32U031R6I6, STM32U031R6T6, STM32U031R8I6, STM32U031R8T6, STM32U073C8T6, STM32U073C8U6, STM32U073CBT6, STM32U073CBU6, STM32U073CCT6, STM32U073CCU6, STM32U073H8Y6TR, STM32U073HBY6TR, STM32U073HCY6TR, STM32U073K8U6, STM32U073KBU6, STM32U073KCU6, STM32U073M8I6, STM32U073M8T6, STM32U073MBI6, STM32U073MBT6, STM32U073MCI6, STM32U073MCT6, STM32U073R8I6, STM32U073R8T6, STM32U073RBI6, STM32U073RBT6, STM32U073RCI6, STM32U073RCT6, STM32U083C-DK, STM32U083CCT6, STM32U083CCU6, STM32U083HCY6TR, STM32U083KCU6, STM32U083MCI6, STM32U083MCT6, STM32U083RCI6, STM32U083RCT6, STM32U375CET6, STM32U375CET6Q, STM32U375CEU6, STM32U375CEU6Q, STM32U375CEY6QTR, STM32U375CGT6, STM32U375CGT6Q, STM32U375CGU6, STM32U375CGU6Q, STM32U375CGY6QTR, STM32U375KEU6, STM32U375KGU6, STM32U375REI6, STM32U375REI6Q, STM32U375RET6, STM32U375RET6Q, STM32U375REY6GTR, STM32U375REY6QTR, STM32U375RGI6, STM32U375RGI6Q, STM32U375RGT6, STM32U375RGT6Q, STM32U375RGY6GTR, STM32U375RGY6QTR, STM32U375VEI6, STM32U375VEI6Q, STM32U375VET6, STM32U375VET6Q, STM32U375VGI6, STM32U375VGI6Q, STM32U375VGT6, STM32U375VGT6Q, STM32U385CGT6, STM32U385CGT6Q, STM32U385CGU6, STM32U385CGU6Q, STM32U385CGY6QTR, STM32U385KGU6, STM32U385RGI6, STM32U385RGI6Q, STM32U385RGT6, STM32U385RGT6Q, STM32U385RGY6GTR, STM32U385RGY6QTR, STM32U385VGI6, STM32U385VGI6Q, STM32U385VGT6, STM32U385VGT6Q, STM32U535CBT6, STM32U535CBT6Q, STM32U535CBU6, STM32U535CBU6Q, STM32U535CCT6, STM32U535CCT6Q, STM32U535CCU6, STM32U535CCU6Q, STM32U535CET6, STM32U535CET6Q, STM32U535CEU6, STM32U535CEU6Q, STM32U535JEY6QTR, STM32U535NCY6QTR, STM32U535NEY6QTR, STM32U535RBI6, STM32U535RBI6Q, STM32U535RBT6, STM32U535RBT6Q, STM32U535RCI6, STM32U535RCI6Q, STM32U535RCT6, STM32U535RCT6Q, STM32U535REI6, STM32U535REI6Q, STM32U535RET6, STM32U535RET6Q, STM32U535VCI6, STM32U535VCI6Q, STM32U535VCT6, STM32U535VCT6Q, STM32U535VEI6, STM32U535VEI6Q, STM32U535VET6, STM32U535VET6Q, STM32U545CET6, STM32U545CET6Q, STM32U545CEU6, STM32U545CEU6Q, STM32U545JEY6QTR, STM32U545NEY6QTR, STM32U545REI6, STM32U545REI6Q, STM32U545RET6, STM32U545RET6Q, STM32U545VEI6, STM32U545VEI6Q, STM32U545VET6, STM32U545VET6Q, STM32U595AIH6, STM32U595AIH6Q, STM32U595AJH6, STM32U595AJH6Q, STM32U595QII6, STM32U595QII6Q, STM32U595QJI6, STM32U595QJI6Q, STM32U595RIT6, STM32U595RIT6Q, STM32U595RJT6, STM32U595RJT6Q, STM32U595VIT6, STM32U595VIT6Q, STM32U595VJT6, STM32U595VJT6Q, STM32U595ZIT6, STM32U595ZIT6Q, STM32U595ZIY6QTR, STM32U595ZJT6, STM32U595ZJT6Q, STM32U595ZJY6QTR, STM32U599BJY6QTR, STM32U599NIH6Q, STM32U599NJH6Q, STM32U599VIT6Q, STM32U599VJT6, STM32U599VJT6Q, STM32U599ZIT6Q, STM32U599ZIY6QTR, STM32U599ZJT6Q, STM32U599ZJY6QTR, STM32U5A5AJH6, STM32U5A5AJH6Q, STM32U5A5QII3Q , STM32U5A5QJI6, STM32U5A5QJI6Q, STM32U5A5RJT6, STM32U5A5RJT6Q, STM32U5A5VJT6, STM32U5A5VJT6Q, STM32U5A5ZJT6, STM32U5A5ZJT6Q, STM32U5A5ZJY6QTR, STM32U5A9BJY6QTR, STM32U5A9J-DK, STM32U5A9NJH6Q, STM32U5A9VJT6Q, STM32U5A9ZJT6Q, STM32U5A9ZJY6QTR, STM32U5F7VIT6, STM32U5F7VIT6Q, STM32U5F7VJT6, STM32U5F7VJT6Q, STM32U5F9BJY6QTR, STM32U5F9NJH6Q, STM32U5F9VIT6Q, STM32U5F9VJT6Q, STM32U5F9ZIJ6QTR, STM32U5F9ZIT6Q, STM32U5F9ZJJ6QTR, STM32U5F9ZJT6Q, STM32U5G7VJT6, STM32U5G7VJT6Q, STM32U5G9BJY6QTR, STM32U5G9J-DK1, STM32U5G9J-DK2, STM32U5G9NJH6Q, STM32U5G9VJT6Q, STM32U5G9ZJJ6QTR, STM32U5G9ZJT6Q, STM32WB05KZV6TR, STM32WB05KZV7TR, STM32WB05TZF6TR, STM32WB05TZF7TR, STM32WB06CCF6TR, STM32WB06CCF7TR, STM32WB06CCV6TR, STM32WB06CCV7TR, STM32WB06KCV6TR, STM32WB06KCV7TR, STM32WB07CCF6TR, STM32WB07CCF7TR, STM32WB07CCV6TR, STM32WB07CCV7TR, STM32WB07KCV6TR, STM32WB07KCV7TR, STM32WB09KEV6TR, STM32WB09KEV7TR, STM32WB09TEF6TR, STM32WB09TEF7TR, STM32WB1MMCH6, STM32WBA50KGU6, STM32WBA50KGU6TR, STM32WBA52CEU6, STM32WBA52CEU6TR, STM32WBA52CEU7, STM32WBA52CEU7TR, STM32WBA52CGU6, STM32WBA52CGU6TR, STM32WBA52CGU6U, STM32WBA52CGU7, STM32WBA52CGU7TR, STM32WBA52KEU6, STM32WBA52KEU6TR, STM32WBA52KGU6, STM32WBA52KGU6TR, STM32WBA54CEU6, STM32WBA54CEU6TR, STM32WBA54CEU7, STM32WBA54CEU7TR, STM32WBA54CGU6, STM32WBA54CGU6TR, STM32WBA54CGU7, STM32WBA54CGU7TR, STM32WBA54KEU6, STM32WBA54KEU6TR, STM32WBA54KEU7, STM32WBA54KEU7TR, STM32WBA54KGU6, STM32WBA54KGU6TR, STM32WBA54KGU7, STM32WBA54KGU7TR, STM32WBA55CEU6, STM32WBA55CEU6TR, STM32WBA55CEU7, STM32WBA55CEU7TR, STM32WBA55CGU6, STM32WBA55CGU6TR, STM32WBA55CGU6U, STM32WBA55CGU7, STM32WBA55CGU7TR, STM32WBA55G-DK1, STM32WBA55HEF6, STM32WBA55HEF7, STM32WBA55HGF6, STM32WBA55HGF7, STM32WBA55UEI6, STM32WBA55UEI6TR, STM32WBA55UEI7, STM32WBA55UEI7TR, STM32WBA55UGI6, STM32WBA55UGI6TR, STM32WBA55UGI7, STM32WBA55UGI7TR, STM32WBA5MJGH6TR, STM32WBA5MJGH6U, STM32WL33C8V6, STM32WL33C8V6TR, STM32WL33C8V7, STM32WL33C8V7TR, STM32WL33CBV6, STM32WL33CBV6TR, STM32WL33CBV7, STM32WL33CBV7TR, STM32WL33CCV6, STM32WL33CCV6TR, STM32WL33CCV7, STM32WL33CCV7A, STM32WL33CCV7ATR, STM32WL33CCV7TR, STM32WL33K8V6, STM32WL33K8V6TR, STM32WL33K8V7, STM32WL33K8V7TR, STM32WL33KBV6, STM32WL33KBV6TR, STM32WL33KBV7, STM32WL33KBV7TR, STM32WL33KCV6, STM32WL33KCV6TR, STM32WL33KCV7, STM32WL33KCV7TR, STM32WL5MOCH6, STM32WL5MOCH6TR]
2025-12-19 17:46:47,841 [INFO] DbMcus:218 - Found 4817 MCUs, 4817 are supported
2025-12-19 17:46:47,849 [INFO] ApiDb:423 - Load user favorites file C:\Users\kamil/.stm32cubeide/favorites.mcus.txt: 1 item(s)
2025-12-19 17:46:47,849 [INFO] ApiDb:427 - User favorites MCUs=[STM32H743IIT6]
2025-12-19 17:46:47,849 [INFO] DbMcus:224 - Set 1 / 1 favorites MCUs
2025-12-19 17:46:48,347 [INFO] BoardInfo:889 - No configuration file found for board NUCLEO-WBA65RI
2025-12-19 17:46:48,348 [INFO] DbBoards:161 - Board is not supported: NUCLEO-WBA65RI
2025-12-19 17:46:48,357 [INFO] BoardInfo:889 - No configuration file found for board P-NUCLEO-WB55
2025-12-19 17:46:48,358 [INFO] DbBoards:161 - Kit is not supported: P-NUCLEO-WB55
2025-12-19 17:46:48,364 [INFO] BoardInfo:889 - No configuration file found for board STEVAL-BFA001V1B
2025-12-19 17:46:48,364 [INFO] DbBoards:161 - Kit is not supported: STEVAL-BFA001V1B
2025-12-19 17:46:48,365 [INFO] BoardInfo:889 - No configuration file found for board STEVAL-BFA001V2B
2025-12-19 17:46:48,366 [INFO] DbBoards:161 - Kit is not supported: STEVAL-BFA001V2B
2025-12-19 17:46:48,518 [INFO] BoardInfo:889 - No configuration file found for board STM32WBA65I-DK1
2025-12-19 17:46:48,519 [INFO] DbBoards:161 - Board is not supported: STM32WBA65I-DK1
2025-12-19 17:46:48,519 [INFO] DbBoards:168 - Found 211 boards, 206 are supported
2025-12-19 17:46:48,519 [INFO] DbBoards:169 - Found 211 boards, 42 of them is supported for  Bsp
2025-12-19 17:46:48,521 [INFO] ApiDb:423 - Load user favorites file C:\Users\kamil/.stm32cubeide/favorites.boards.txt: 0 item(s)
2025-12-19 17:46:48,521 [INFO] ApiDb:427 - User favorites Boards=[]
2025-12-19 17:46:48,521 [INFO] DbBoards:198 - Set 0 / 0 favorites Boards
2025-12-19 17:46:48,609 [INFO] UtilMem:75 - End LoadConfig() Used Memory: 883939280 Bytes (1073741824)
2025-12-19 17:46:48,734 [WARN] ThirdParty:833 - waiting for thirdparty lock release [change project]
2025-12-19 17:46:48,735 [INFO] ThirdParty:835 - entering critical section [change project]
2025-12-19 17:46:48,735 [INFO] ThirdParty:1030 - CMSIS Pack Vendor :STMicroelectronics X-CUBE-PM33A1 1.0.0
2025-12-19 17:46:48,735 [INFO] ThirdParty:1030 - CMSIS Pack Vendor :STMicroelectronics USBPD 4.1
2025-12-19 17:46:48,735 [INFO] ThirdParty:1030 - CMSIS Pack Vendor :STMicroelectronics USB_HOST 2.0.0
2025-12-19 17:46:48,735 [INFO] ThirdParty:1030 - CMSIS Pack Vendor :STMicroelectronics FP-SNS-MOTENVWB1 1.4.0
2025-12-19 17:46:48,735 [INFO] ThirdParty:1030 - CMSIS Pack Vendor :STMicroelectronics X-CUBE-AZRTOS-F4 1.1.0
2025-12-19 17:46:48,735 [INFO] ThirdParty:1030 - CMSIS Pack Vendor :STMicroelectronics LIBJPEG 8.0.0
2025-12-19 17:46:48,735 [INFO] ThirdParty:1030 - CMSIS Pack Vendor :STMicroelectronics FP-ATR-ASTRA1 2.0.2
2025-12-19 17:46:48,735 [INFO] ThirdParty:1030 - CMSIS Pack Vendor :STMicroelectronics FP-ATR-ASTRA1 2.0.1
2025-12-19 17:46:48,735 [INFO] ThirdParty:1030 - CMSIS Pack Vendor :STMicroelectronics X-CUBE-SMBUS 2.1.0
2025-12-19 17:46:48,735 [INFO] ThirdParty:1030 - CMSIS Pack Vendor :STMicroelectronics X-CUBE-WB05N 1.1.0
2025-12-19 17:46:48,735 [INFO] ThirdParty:1030 - CMSIS Pack Vendor :STMicroelectronics X-CUBE-ISPU 2.1.0
2025-12-19 17:46:48,735 [INFO] ThirdParty:1030 - CMSIS Pack Vendor :STMicroelectronics X-CUBE-FREERTOS 1.2.0
2025-12-19 17:46:48,735 [INFO] ThirdParty:1030 - CMSIS Pack Vendor :STMicroelectronics X-CUBE-ST60 1.0.0
2025-12-19 17:46:48,735 [INFO] ThirdParty:1030 - CMSIS Pack Vendor :STMicroelectronics X-CUBE-NFC12 1.0.0
2025-12-19 17:46:48,735 [INFO] ThirdParty:1030 - CMSIS Pack Vendor :STMicroelectronics X-CUBE-AZRTOS-F7 1.1.0
2025-12-19 17:46:48,735 [INFO] ThirdParty:1030 - CMSIS Pack Vendor :STMicroelectronics X-CUBE-AZRTOS-L5 2.0.0
2025-12-19 17:46:48,735 [INFO] ThirdParty:1030 - CMSIS Pack Vendor :STMicroelectronics USB_DEVICE 2.0.0
2025-12-19 17:46:48,735 [INFO] ThirdParty:1030 - CMSIS Pack Vendor :STMicroelectronics X-CUBE-NFC6 3.1.0
2025-12-19 17:46:48,735 [INFO] ThirdParty:1030 - CMSIS Pack Vendor :ARM CMSIS 5.7.0
2025-12-19 17:46:48,735 [INFO] ThirdParty:1030 - CMSIS Pack Vendor :STMicroelectronics X-CUBE-MEMS1 11.0.0
2025-12-19 17:46:48,735 [INFO] ThirdParty:1030 - CMSIS Pack Vendor :STMicroelectronics FreeRTOS 0.0.1
2025-12-19 17:46:48,735 [INFO] ThirdParty:1030 - CMSIS Pack Vendor :STMicroelectronics X-CUBE-DPower 1.2.0
2025-12-19 17:46:48,735 [INFO] ThirdParty:1030 - CMSIS Pack Vendor :STMicroelectronics FP-SNS-FLIGHT1 5.0.2
2025-12-19 17:46:48,735 [INFO] ThirdParty:1030 - CMSIS Pack Vendor :STMicroelectronics PDM2PCM 3.3.0
2025-12-19 17:46:48,735 [INFO] ThirdParty:1030 - CMSIS Pack Vendor :STMicroelectronics X-CUBE-AZRTOS-H7 3.4.0
2025-12-19 17:46:48,735 [INFO] ThirdParty:1030 - CMSIS Pack Vendor :STMicroelectronics X-CUBE-DISPLAY 3.0.0
2025-12-19 17:46:48,736 [INFO] ThirdParty:1030 - CMSIS Pack Vendor :STMicroelectronics X-CUBE-BLE1 7.0.0
2025-12-19 17:46:48,736 [INFO] ThirdParty:1030 - CMSIS Pack Vendor :STMicroelectronics X-CUBE-NFC10 1.0.0
2025-12-19 17:46:48,736 [INFO] ThirdParty:1030 - CMSIS Pack Vendor :STMicroelectronics X-CUBE-BLEMGR 4.0.0
2025-12-19 17:46:48,736 [INFO] ThirdParty:1030 - CMSIS Pack Vendor :STMicroelectronics X-CUBE-FREERTOS 1.3.1
2025-12-19 17:46:48,736 [INFO] ThirdParty:1030 - CMSIS Pack Vendor :STMicroelectronics HAL Drivers 0.0.0
2025-12-19 17:46:48,736 [INFO] ThirdParty:1030 - CMSIS Pack Vendor :STMicroelectronics X-CUBE-ST60 1.1.0
2025-12-19 17:46:48,736 [INFO] ThirdParty:1030 - CMSIS Pack Vendor :emotas I-CUBE-CANOPEN 1.3.0
2025-12-19 17:46:48,736 [INFO] ThirdParty:1030 - CMSIS Pack Vendor :STMicroelectronics X-CUBE-FREERTOS 1.3.0
2025-12-19 17:46:48,736 [INFO] ThirdParty:1030 - CMSIS Pack Vendor :STMicroelectronics X-CUBE-NFC7 1.0.1
2025-12-19 17:46:48,736 [INFO] ThirdParty:1030 - CMSIS Pack Vendor :STMicroelectronics MBEDTLS 2.14.1
2025-12-19 17:46:48,736 [INFO] ThirdParty:1030 - CMSIS Pack Vendor :STMicroelectronics X-CUBE-GNSS1 7.1.0
2025-12-19 17:46:48,736 [INFO] ThirdParty:1030 - CMSIS Pack Vendor :STMicroelectronics X-CUBE-TOUCHGFX 4.26.0
2025-12-19 17:46:48,736 [INFO] ThirdParty:1030 - CMSIS Pack Vendor :STMicroelectronics X-CUBE-BLEMGR 3.1.0
2025-12-19 17:46:48,736 [INFO] ThirdParty:1030 - CMSIS Pack Vendor :STMicroelectronics X-CUBE-AI 10.0.0
2025-12-19 17:46:48,736 [INFO] ThirdParty:1030 - CMSIS Pack Vendor :STMicroelectronics FP-SNS-STAIOTCFT 1.0.0
2025-12-19 17:46:48,736 [INFO] ThirdParty:1030 - CMSIS Pack Vendor :STMicroelectronics FP-SNS-SMARTAG2 1.2.0
2025-12-19 17:46:48,736 [INFO] ThirdParty:1030 - CMSIS Pack Vendor :STMicroelectronics FP-SNS-FLIGHT1 5.1.0
2025-12-19 17:46:48,736 [INFO] ThirdParty:1030 - CMSIS Pack Vendor :STMicroelectronics X-CUBE-MEMS1 11.1.0
2025-12-19 17:46:48,736 [INFO] ThirdParty:1030 - CMSIS Pack Vendor :STMicroelectronics X-CUBE-AZRTOS-WL 2.0.0
2025-12-19 17:46:48,736 [INFO] ThirdParty:1030 - CMSIS Pack Vendor :STMicroelectronics X-CUBE-DPower 1.3.0
2025-12-19 17:46:48,736 [INFO] ThirdParty:1030 - CMSIS Pack Vendor :STMicroelectronics FP-SNS-MOTENV1 5.0.0
2025-12-19 17:46:48,736 [INFO] ThirdParty:1030 - CMSIS Pack Vendor :STMicroelectronics USB_DEVICE 1.0.0
2025-12-19 17:46:48,736 [INFO] ThirdParty:1030 - CMSIS Pack Vendor :STMicroelectronics X-CUBE-AZRTOS-H7RS 1.2.0
2025-12-19 17:46:48,736 [INFO] ThirdParty:1030 - CMSIS Pack Vendor :wolfSSL I-CUBE-wolfMQTT 1.19.0
2025-12-19 17:46:48,736 [INFO] ThirdParty:1030 - CMSIS Pack Vendor :STMicroelectronics X-CUBE-AZRTOS-L4 2.0.0
2025-12-19 17:46:48,736 [INFO] ThirdParty:1030 - CMSIS Pack Vendor :STMicroelectronics ThreadX 0.0.2
2025-12-19 17:46:48,736 [INFO] ThirdParty:1030 - CMSIS Pack Vendor :WES I-CUBE-Cesium 1.3.0
2025-12-19 17:46:48,736 [INFO] ThirdParty:1030 - CMSIS Pack Vendor :STMicroelectronics lwIP 2.1.2
2025-12-19 17:46:48,736 [INFO] ThirdParty:1030 - CMSIS Pack Vendor :STMicroelectronics X-CUBE-SFXS2LP1 4.0.0
2025-12-19 17:46:48,736 [INFO] ThirdParty:1030 - CMSIS Pack Vendor :STMicroelectronics X-CUBE-BLE2 3.3.0
2025-12-19 17:46:48,736 [INFO] ThirdParty:1030 - CMSIS Pack Vendor :Avnet-IOTCONNECT X-CUBE-iotc-st67-sdk 1.0.0
2025-12-19 17:46:48,736 [INFO] ThirdParty:1030 - CMSIS Pack Vendor :STMicroelectronics PDM2PCM 3.2.0
2025-12-19 17:46:48,736 [INFO] ThirdParty:1030 - CMSIS Pack Vendor :STMicroelectronics X-CUBE-AZRTOS-H7 3.3.0
2025-12-19 17:46:48,736 [INFO] ThirdParty:1030 - CMSIS Pack Vendor :STMicroelectronics X-CUBE-NFC9 1.0.0
2025-12-19 17:46:48,736 [INFO] ThirdParty:1030 - CMSIS Pack Vendor :STMicroelectronics X-CUBE-BLE1 7.1.0
2025-12-19 17:46:48,736 [INFO] ThirdParty:1030 - CMSIS Pack Vendor :STMicroelectronics USB_DEVICE 3.0.0
2025-12-19 17:46:48,736 [INFO] ThirdParty:1030 - CMSIS Pack Vendor :STMicroelectronics X-CUBE-TCPP 4.1.0
2025-12-19 17:46:48,738 [INFO] ThirdParty:1030 - CMSIS Pack Vendor :STMicroelectronics X-CUBE-EEPRMA1 5.2.0
2025-12-19 17:46:48,738 [INFO] ThirdParty:1030 - CMSIS Pack Vendor :STMicroelectronics X-CUBE-BLEMGR 4.1.0
2025-12-19 17:46:48,738 [INFO] ThirdParty:1030 - CMSIS Pack Vendor :STMicroelectronics X-CUBE-IPS 3.0.0
2025-12-19 17:46:48,738 [INFO] ThirdParty:1030 - CMSIS Pack Vendor :STMicroelectronics X-CUBE-AZRTOS-WB 2.0.0
2025-12-19 17:46:48,738 [INFO] ThirdParty:1030 - CMSIS Pack Vendor :STMicroelectronics X-CUBE-GNSS1 7.0.0
2025-12-19 17:46:48,738 [INFO] ThirdParty:1030 - CMSIS Pack Vendor :STMicroelectronics X-CUBE-GNSS1 7.0.1
2025-12-19 17:46:48,738 [INFO] ThirdParty:1030 - CMSIS Pack Vendor :STMicroelectronics X-CUBE-TOUCHGFX 4.25.0
2025-12-19 17:46:48,738 [INFO] ThirdParty:1030 - CMSIS Pack Vendor :STMicroelectronics FP-SNS-STBOX1 2.0.0
2025-12-19 17:46:48,738 [INFO] ThirdParty:1030 - CMSIS Pack Vendor :STMicroelectronics X-CUBE-MEMS1 12.0.0
2025-12-19 17:46:48,738 [INFO] ThirdParty:1030 - CMSIS Pack Vendor :STMicroelectronics X-CUBE-AZRTOS-G0 1.1.0
2025-12-19 17:46:48,738 [INFO] ThirdParty:1030 - CMSIS Pack Vendor :STMicroelectronics X-CUBE-SAFEA1 1.2.2
2025-12-19 17:46:48,738 [INFO] ThirdParty:1030 - CMSIS Pack Vendor :STMicroelectronics X-CUBE-NFC4 3.0.0
2025-12-19 17:46:48,738 [INFO] ThirdParty:1030 - CMSIS Pack Vendor :STMicroelectronics X-CUBE-SUBG2 5.0.0
2025-12-19 17:46:48,738 [INFO] ThirdParty:1030 - CMSIS Pack Vendor :STMicroelectronics X-CUBE-AZRTOS-H7RS 1.1.0
2025-12-19 17:46:48,738 [INFO] ThirdParty:1030 - CMSIS Pack Vendor :STMicroelectronics STM32_WPAN 1.0.0
2025-12-19 17:46:48,738 [INFO] ThirdParty:1030 - CMSIS Pack Vendor :EmbeddedOffice I-CUBE-FS-RTOS 1.0.1
2025-12-19 17:46:48,738 [INFO] ThirdParty:1030 - CMSIS Pack Vendor :STMicroelectronics lwIP 2.0.3
2025-12-19 17:46:48,738 [INFO] ThirdParty:1030 - CMSIS Pack Vendor :Cesanta I-CUBE-Mongoose 7.13.0
2025-12-19 17:46:48,738 [INFO] ThirdParty:1030 - CMSIS Pack Vendor :STMicroelectronics USB_HOST 1.0.0
2025-12-19 17:46:48,738 [INFO] ThirdParty:1030 - CMSIS Pack Vendor :STMicroelectronics X-CUBE-AZRTOS-G4 2.0.0
2025-12-19 17:46:48,738 [INFO] ThirdParty:1030 - CMSIS Pack Vendor :STMicroelectronics X-CUBE-WB05N 2.0.0
2025-12-19 17:46:48,738 [INFO] ThirdParty:1030 - CMSIS Pack Vendor :STMicroelectronics PDM2PCM 3.1.0
2025-12-19 17:46:48,738 [INFO] ThirdParty:1030 - CMSIS Pack Vendor :STMicroelectronics X-CUBE-NFC7 2.0.0
2025-12-19 17:46:48,738 [INFO] ThirdParty:1030 - CMSIS Pack Vendor :STMicroelectronics X-CUBE-TCPP 4.2.0
2025-12-19 17:46:48,738 [INFO] ThirdParty:1030 - CMSIS Pack Vendor :RealThread X-CUBE-RT-Thread_Nano 4.1.1
2025-12-19 17:46:48,738 [INFO] ThirdParty:1030 - CMSIS Pack Vendor :STMicroelectronics FP-ATR-SIGFOX1 3.2.0
2025-12-19 17:46:48,739 [INFO] ThirdParty:1030 - CMSIS Pack Vendor :wolfSSL I-CUBE-wolfSSL 5.7.2
2025-12-19 17:46:48,739 [INFO] ThirdParty:1030 - CMSIS Pack Vendor :quantropi X-CUBE-qispace-sdk-base 1.9.3
2025-12-19 17:46:48,739 [INFO] ThirdParty:1030 - CMSIS Pack Vendor :STMicroelectronics X-CUBE-EEPRMA1 5.1.0
2025-12-19 17:46:48,739 [INFO] ThirdParty:1030 - CMSIS Pack Vendor :STMicroelectronics MBEDTLS 2.16.2
2025-12-19 17:46:48,739 [INFO] ThirdParty:1030 - CMSIS Pack Vendor :STMicroelectronics X-CUBE-IPS 3.1.0
2025-12-19 17:46:48,739 [INFO] ThirdParty:1030 - CMSIS Pack Vendor :STMicroelectronics X-CUBE-ALS 1.0.2
2025-12-19 17:46:48,739 [INFO] ThirdParty:1030 - CMSIS Pack Vendor :ITTIA_DB I-CUBE-ITTIADB 8.9.0
2025-12-19 17:46:48,739 [INFO] ThirdParty:1030 - CMSIS Pack Vendor :STMicroelectronics X-CUBE-TOUCHGFX 4.24.1
2025-12-19 17:46:48,739 [INFO] ThirdParty:1030 - CMSIS Pack Vendor :STMicroelectronics X-CUBE-STSE01 1.0.0
2025-12-19 17:46:48,739 [INFO] ThirdParty:1030 - CMSIS Pack Vendor :wolfSSL I-CUBE-wolfTPM 3.4.0
2025-12-19 17:46:48,739 [INFO] ThirdParty:1030 - CMSIS Pack Vendor :portGmbH I-Cube-SoM-uGOAL 1.1.0
2025-12-19 17:46:48,739 [INFO] ThirdParty:1030 - CMSIS Pack Vendor :STMicroelectronics X-CUBE-ST67W61 1.0.0
2025-12-19 17:46:48,739 [INFO] ThirdParty:1030 - CMSIS Pack Vendor :STMicroelectronics X-CUBE-AI 10.2.0
2025-12-19 17:46:48,739 [INFO] ThirdParty:1030 - CMSIS Pack Vendor :STMicroelectronics ThreadX 1.0.0
2025-12-19 17:46:48,739 [INFO] ThirdParty:1030 - CMSIS Pack Vendor :SEGGER I-CUBE-embOS 1.3.1
2025-12-19 17:46:48,739 [INFO] ThirdParty:1030 - CMSIS Pack Vendor :STMicroelectronics X-CUBE-ALGOBUILD 1.4.0
2025-12-19 17:46:48,739 [INFO] ThirdParty:1030 - CMSIS Pack Vendor :STMicroelectronics X-CUBE-MEMS1 11.3.0
2025-12-19 17:46:48,739 [INFO] ThirdParty:1030 - CMSIS Pack Vendor :STMicroelectronics X-CUBE-AZRTOS-H7RS 1.0.0
2025-12-19 17:46:48,739 [INFO] ThirdParty:1030 - CMSIS Pack Vendor :STMicroelectronics FP-ATR-ASTRA1 2.0.0
2025-12-19 17:46:48,739 [INFO] ThirdParty:1030 - CMSIS Pack Vendor :STMicroelectronics X-CUBE-TOF1 3.4.2
2025-12-19 17:46:48,739 [INFO] ThirdParty:1030 - CMSIS Pack Vendor :STMicroelectronics X-CUBE-TOF1 3.4.3
2025-12-19 17:46:48,739 [INFO] ThirdParty:1030 - CMSIS Pack Vendor :STMicroelectronics X-CUBE-AI 9.1.0
2025-12-19 17:46:48,739 [INFO] ThirdParty:1030 - CMSIS Pack Vendor :Infineon AIROC-Wi-Fi-Bluetooth-STM32 1.6.1
2025-12-19 17:46:48,739 [INFO] ThirdParty:1030 - CMSIS Pack Vendor :wolfSSL I-CUBE-wolfSSH 1.4.17
2025-12-19 17:46:48,739 [INFO] ThirdParty:841 - exiting critical section [change project]
2025-12-19 17:46:49,358 [INFO] PinOutPanel:1589 - setPackage(No Configuration,No Configuration)
2025-12-19 17:46:49,359 [INFO] PinOutPanel:1589 - setPackage(STM32H743IITx,LQFP176)
2025-12-19 17:46:50,061 [INFO] UtilMem:75 - Before build in PCC Used Memory: 854063360 Bytes (1073741824)
2025-12-19 17:46:50,907 [INFO] UtilMem:75 - After build in PCC Used Memory: 937949440 Bytes (1073741824)
2025-12-19 17:46:50,953 [INFO] IPUIPlugin:80 - create IPUIPlugin
2025-12-19 17:46:50,953 [INFO] IPUIPlugin:80 - create IPUIPlugin
2025-12-19 17:46:50,953 [INFO] IPUIPlugin:80 - create IPUIPlugin
2025-12-19 17:46:50,953 [INFO] IPUIPlugin:80 - create IPUIPlugin
2025-12-19 17:46:50,953 [INFO] IPUIPlugin:80 - create IPUIPlugin
2025-12-19 17:46:50,953 [INFO] IPUIPlugin:80 - create IPUIPlugin
2025-12-19 17:46:50,954 [INFO] IPUIPlugin:80 - create IPUIPlugin
2025-12-19 17:46:50,954 [INFO] IPUIPlugin:80 - create IPUIPlugin
2025-12-19 17:46:50,954 [INFO] IPUIPlugin:80 - create IPUIPlugin
2025-12-19 17:46:50,954 [INFO] IPUIPlugin:80 - create IPUIPlugin
2025-12-19 17:46:50,954 [INFO] IPUIPlugin:80 - create IPUIPlugin
2025-12-19 17:46:50,955 [INFO] IPUIPlugin:80 - create IPUIPlugin
2025-12-19 17:46:50,955 [INFO] IPUIPlugin:80 - create IPUIPlugin
2025-12-19 17:46:50,955 [INFO] IPUIPlugin:80 - create IPUIPlugin
2025-12-19 17:46:50,955 [INFO] IPUIPlugin:80 - create IPUIPlugin
2025-12-19 17:46:50,955 [INFO] IPUIPlugin:80 - create IPUIPlugin
2025-12-19 17:46:50,955 [INFO] IPUIPlugin:80 - create IPUIPlugin
2025-12-19 17:46:50,955 [INFO] IPUIPlugin:80 - create IPUIPlugin
2025-12-19 17:46:50,955 [INFO] IPUIPlugin:80 - create IPUIPlugin
2025-12-19 17:46:50,955 [INFO] IPUIPlugin:80 - create IPUIPlugin
2025-12-19 17:46:50,955 [INFO] IPUIPlugin:80 - create IPUIPlugin
2025-12-19 17:46:50,956 [INFO] IPUIPlugin:80 - create IPUIPlugin
2025-12-19 17:46:50,956 [INFO] IPUIPlugin:80 - create IPUIPlugin
2025-12-19 17:46:50,956 [INFO] IPUIPlugin:80 - create IPUIPlugin
2025-12-19 17:46:50,956 [INFO] IPUIPlugin:80 - create IPUIPlugin
2025-12-19 17:46:50,956 [INFO] IPUIPlugin:80 - create IPUIPlugin
2025-12-19 17:46:50,956 [INFO] IPUIPlugin:80 - create IPUIPlugin
2025-12-19 17:46:50,956 [INFO] IPUIPlugin:80 - create IPUIPlugin
2025-12-19 17:46:50,957 [INFO] IPUIPlugin:80 - create IPUIPlugin
2025-12-19 17:46:50,957 [INFO] IPUIPlugin:80 - create IPUIPlugin
2025-12-19 17:46:50,957 [INFO] IPUIPlugin:80 - create IPUIPlugin
2025-12-19 17:46:50,957 [INFO] IPUIPlugin:80 - create IPUIPlugin
2025-12-19 17:46:50,957 [INFO] IPUIPlugin:80 - create IPUIPlugin
2025-12-19 17:46:50,957 [INFO] IPUIPlugin:80 - create IPUIPlugin
2025-12-19 17:46:50,957 [INFO] IPUIPlugin:80 - create IPUIPlugin
2025-12-19 17:46:50,957 [INFO] IPUIPlugin:80 - create IPUIPlugin
2025-12-19 17:46:50,957 [INFO] IPUIPlugin:80 - create IPUIPlugin
2025-12-19 17:46:50,957 [INFO] IPUIPlugin:80 - create IPUIPlugin
2025-12-19 17:46:50,957 [INFO] IPUIPlugin:80 - create IPUIPlugin
2025-12-19 17:46:50,959 [INFO] IPUIPlugin:80 - create IPUIPlugin
2025-12-19 17:46:50,959 [INFO] IPUIPlugin:80 - create IPUIPlugin
2025-12-19 17:46:50,959 [INFO] IPUIPlugin:80 - create IPUIPlugin
2025-12-19 17:46:50,959 [INFO] IPUIPlugin:80 - create IPUIPlugin
2025-12-19 17:46:50,959 [INFO] IPUIPlugin:80 - create IPUIPlugin
2025-12-19 17:46:50,959 [INFO] IPUIPlugin:80 - create IPUIPlugin
2025-12-19 17:46:50,959 [INFO] IPUIPlugin:80 - create IPUIPlugin
2025-12-19 17:46:50,960 [INFO] IPUIPlugin:80 - create IPUIPlugin
2025-12-19 17:46:50,960 [INFO] IPUIPlugin:80 - create IPUIPlugin
2025-12-19 17:46:50,960 [INFO] IPUIPlugin:80 - create IPUIPlugin
2025-12-19 17:46:50,960 [INFO] IPUIPlugin:80 - create IPUIPlugin
2025-12-19 17:46:50,960 [INFO] IPUIPlugin:80 - create IPUIPlugin
2025-12-19 17:46:50,961 [INFO] IPUIPlugin:80 - create IPUIPlugin
2025-12-19 17:46:50,961 [INFO] IPUIPlugin:80 - create IPUIPlugin
2025-12-19 17:46:50,961 [INFO] IPUIPlugin:80 - create IPUIPlugin
2025-12-19 17:46:50,961 [INFO] IPUIPlugin:80 - create IPUIPlugin
2025-12-19 17:46:50,961 [INFO] IPUIPlugin:80 - create IPUIPlugin
2025-12-19 17:46:50,961 [INFO] IPUIPlugin:80 - create IPUIPlugin
2025-12-19 17:46:50,961 [INFO] IPUIPlugin:80 - create IPUIPlugin
2025-12-19 17:46:50,963 [INFO] IPUIPlugin:80 - create IPUIPlugin
2025-12-19 17:46:50,963 [INFO] IPUIPlugin:80 - create IPUIPlugin
2025-12-19 17:46:50,963 [INFO] IPUIPlugin:80 - create IPUIPlugin
2025-12-19 17:46:50,963 [INFO] IPUIPlugin:80 - create IPUIPlugin
2025-12-19 17:46:50,963 [INFO] IPUIPlugin:80 - create IPUIPlugin
2025-12-19 17:46:50,963 [INFO] IPUIPlugin:80 - create IPUIPlugin
2025-12-19 17:46:50,964 [INFO] IPUIPlugin:80 - create IPUIPlugin
2025-12-19 17:46:50,964 [INFO] IPUIPlugin:80 - create IPUIPlugin
2025-12-19 17:46:50,964 [INFO] IPUIPlugin:80 - create IPUIPlugin
2025-12-19 17:46:50,964 [INFO] IPUIPlugin:80 - create IPUIPlugin
2025-12-19 17:46:50,964 [INFO] IPUIPlugin:80 - create IPUIPlugin
2025-12-19 17:46:50,965 [INFO] IPUIPlugin:80 - create IPUIPlugin
2025-12-19 17:46:50,965 [INFO] IPUIPlugin:80 - create IPUIPlugin
2025-12-19 17:46:50,965 [INFO] IPUIPlugin:80 - create IPUIPlugin
2025-12-19 17:46:50,965 [INFO] IPUIPlugin:80 - create IPUIPlugin
2025-12-19 17:46:50,965 [INFO] IPUIPlugin:80 - create IPUIPlugin
2025-12-19 17:46:50,966 [INFO] IPUIPlugin:80 - create IPUIPlugin
2025-12-19 17:46:50,966 [INFO] IPUIPlugin:80 - create IPUIPlugin
2025-12-19 17:46:50,966 [INFO] IPUIPlugin:80 - create IPUIPlugin
2025-12-19 17:46:50,966 [INFO] IPUIPlugin:80 - create IPUIPlugin
2025-12-19 17:46:50,967 [INFO] IPUIPlugin:80 - create IPUIPlugin
2025-12-19 17:46:50,967 [INFO] IPUIPlugin:80 - create IPUIPlugin
2025-12-19 17:46:50,967 [INFO] IPUIPlugin:80 - create IPUIPlugin
2025-12-19 17:46:50,967 [INFO] IPUIPlugin:80 - create IPUIPlugin
2025-12-19 17:46:50,968 [INFO] IPUIPlugin:80 - create IPUIPlugin
2025-12-19 17:46:50,968 [INFO] IPUIPlugin:80 - create IPUIPlugin
2025-12-19 17:46:50,968 [INFO] IPUIPlugin:80 - create IPUIPlugin
2025-12-19 17:46:50,968 [INFO] IPUIPlugin:80 - create IPUIPlugin
2025-12-19 17:46:50,969 [INFO] IPUIPlugin:80 - create IPUIPlugin
2025-12-19 17:46:50,969 [INFO] IPUIPlugin:80 - create IPUIPlugin
2025-12-19 17:46:50,969 [INFO] IPUIPlugin:80 - create IPUIPlugin
2025-12-19 17:46:50,969 [INFO] IPUIPlugin:80 - create IPUIPlugin
2025-12-19 17:46:50,969 [INFO] IPUIPlugin:80 - create IPUIPlugin
2025-12-19 17:46:50,970 [INFO] IPUIPlugin:80 - create IPUIPlugin
2025-12-19 17:46:50,970 [INFO] IPUIPlugin:80 - create IPUIPlugin
2025-12-19 17:46:50,970 [INFO] IPUIPlugin:80 - create IPUIPlugin
2025-12-19 17:46:50,971 [INFO] IPUIPlugin:80 - create IPUIPlugin
2025-12-19 17:46:50,971 [INFO] IPUIPlugin:80 - create IPUIPlugin
2025-12-19 17:46:50,971 [INFO] IPUIPlugin:80 - create IPUIPlugin
2025-12-19 17:46:50,972 [INFO] IPUIPlugin:80 - create IPUIPlugin
2025-12-19 17:46:51,038 [INFO] ApiDbMcu:508 - Load IP Config File for PDM2PCM
2025-12-19 17:46:51,045 [WARN] IP:2251 - ClockDivider not found: check if there is a RefParameter without a condition.
2025-12-19 17:46:51,045 [WARN] IP:2251 - ClockDividerCCU not found: check if there is a RefParameter without a condition.
2025-12-19 17:46:51,045 [WARN] IP:2251 - MinOscClkPeriodsCCU not found: check if there is a RefParameter without a condition.
2025-12-19 17:46:51,045 [WARN] IP:2251 - TimeQuantaPerBitTimeCCU not found: check if there is a RefParameter without a condition.
2025-12-19 17:46:51,046 [WARN] IP:2251 - WatchdogStartValueCCU not found: check if there is a RefParameter without a condition.
2025-12-19 17:46:51,051 [INFO] LogOutputStream:77 - [STDOUT_REDIRECT] Nominal 
2025-12-19 17:46:51,052 [INFO] Can:71 - Can Add PropertyChangeListener com.st.microxplorer.plugins.ip.can.Can@781cc394
2025-12-19 17:46:51,288 [INFO] CADModel:165 - CPN selected for project levelSTM32H743IIT6
2025-12-19 17:46:51,288 [INFO] CADModel:114 - Register for checkConnection events
2025-12-19 17:46:51,351 [INFO] OpenFileManager:363 - Restore cursor
2025-12-19 17:46:51,556 [WARN] IP:2251 - ClockDivider not found: check if there is a RefParameter without a condition.
2025-12-19 17:46:51,557 [WARN] IP:2251 - ClockDividerCCU not found: check if there is a RefParameter without a condition.
2025-12-19 17:46:51,557 [WARN] IP:2251 - MinOscClkPeriodsCCU not found: check if there is a RefParameter without a condition.
2025-12-19 17:46:51,557 [WARN] IP:2251 - TimeQuantaPerBitTimeCCU not found: check if there is a RefParameter without a condition.
2025-12-19 17:46:51,557 [WARN] IP:2251 - WatchdogStartValueCCU not found: check if there is a RefParameter without a condition.
2025-12-19 17:48:55,112 [INFO] NvicIntPanel:101 - NVIC parent = com.st.microxplorer.plugins.ip.nvic.MultiNvicIntPanel[,0,0,450x341,layout=javax.swing.BoxLayout,alignmentX=0.0,alignmentY=0.0,border=,flags=9,maximumSize=,minimumSize=,preferredSize=]
2025-12-19 17:49:01,284 [WARN] IP:2251 - ClockDivider not found: check if there is a RefParameter without a condition.
2025-12-19 17:49:01,285 [WARN] IP:2251 - ClockDividerCCU not found: check if there is a RefParameter without a condition.
2025-12-19 17:49:01,285 [WARN] IP:2251 - MinOscClkPeriodsCCU not found: check if there is a RefParameter without a condition.
2025-12-19 17:49:01,285 [WARN] IP:2251 - TimeQuantaPerBitTimeCCU not found: check if there is a RefParameter without a condition.
2025-12-19 17:49:01,285 [WARN] IP:2251 - WatchdogStartValueCCU not found: check if there is a RefParameter without a condition.
2025-12-19 17:49:01,346 [INFO] NvicIntPanel:101 - NVIC parent = com.st.microxplorer.plugins.ip.nvic.MultiNvicIntPanel[,0,0,0x0,invalid,layout=javax.swing.BoxLayout,alignmentX=0.0,alignmentY=0.0,border=,flags=9,maximumSize=,minimumSize=,preferredSize=]
2025-12-19 17:53:33,649 [INFO] UtilMem:75 - End SaveConfig() Used Memory: 885339280 Bytes (1073741824)
2025-12-19 17:53:35,471 [INFO] UtilMem:75 - End SaveConfig() Used Memory: 926846232 Bytes (1073741824)
2025-12-19 17:53:36,783 [INFO] LogOutputStream:77 - [STDOUT_REDIRECT] This download action requires prior login. To proceed, please use the 'login' command with your my.st.com account email and password.
2025-12-19 17:53:36,785 [INFO] LogOutputStream:77 - [STDOUT_REDIRECT] Run 'login <email> <password> <remember_me>' for example 'login john.smith@st.com mypassword y'.
2025-12-19 17:53:36,787 [INFO] LogOutputStream:77 - [STDOUT_REDIRECT] If you do not have a my.st.com account, please visit https://st.com website to create one.
2025-12-19 18:01:59,581 [ERROR] LogOutputStream:75 - [STDERR_REDIRECT] 
