2026-01-09 11:54:46,118 [INFO] Activator:176 - 


2026-01-09 11:54:46,125 [INFO] Activator:177 - !SESSION log4j initialized
2026-01-09 11:54:54,768 [INFO] LogOutputStream:77 - [STDOUT_REDIRECT] 
2026-01-09 11:55:06,655 [INFO] ApplicationProperties:184 - Using Application install path: C:\ST\STM32CubeIDE_1.17.0\STM32CubeIDE\plugins\com.st.stm32cube.common.mx_6.13.0.202411220809
2026-01-09 11:55:06,679 [INFO] DbMcusXml:78 - Set database path to: C:\ST\STM32CubeIDE_1.17.0\STM32CubeIDE\plugins\com.st.stm32cube.common.mx_6.13.0.202411220809\\db\/mcu/
2026-01-09 11:55:06,679 [INFO] ApiDb:274 - Set plugin database path to: C:\ST\STM32CubeIDE_1.17.0\STM32CubeIDE\plugins\com.st.stm32cube.common.mx_6.13.0.202411220809\\db\/plugins/boardmanager/
2026-01-09 11:55:06,680 [WARN] ApiDb:259 - Overriding images path with different value:  => C:\ST\STM32CubeIDE_1.17.0\STM32CubeIDE\plugins\com.st.stm32cube.common.mx_6.13.0.202411220809\\db\/plugins/mcufinder/images/
2026-01-09 11:55:06,689 [INFO] ApiDb:250 - Set database path to: C:\Users\kamil\.stmcufinder\plugins\mcufinder//mcu/
2026-01-09 11:55:06,691 [INFO] DbMcusAds:125 - Set database path to: C:\Users\kamil\.stmcufinder\plugins\mcufinder//mcu/
2026-01-09 11:55:06,729 [INFO] CrossReferenceDbSqlite:203 - Set database path to: C:\Users\kamil\.stmcufinder\plugins\mcufinder//mcu/cs/
2026-01-09 11:55:06,949 [INFO] RulesReader:64 - Compatibility file has been processed (297 Rules)
2026-01-09 11:55:07,075 [INFO] DbMcusXml:78 - Set database path to: C:\ST\STM32CubeIDE_1.17.0\STM32CubeIDE\plugins\com.st.stm32cube.common.mx_6.13.0.202411220809\\db\/mcu/
2026-01-09 11:55:07,076 [INFO] ApiDb:274 - Set plugin database path to: C:\ST\STM32CubeIDE_1.17.0\STM32CubeIDE\plugins\com.st.stm32cube.common.mx_6.13.0.202411220809\\db\/plugins/boardmanager/
2026-01-09 11:55:07,076 [INFO] ApiDb:261 - Set plugin images path to: C:\ST\STM32CubeIDE_1.17.0\STM32CubeIDE\plugins\com.st.stm32cube.common.mx_6.13.0.202411220809\\db\/plugins/mcufinder/images/
2026-01-09 11:55:07,076 [WARN] DbFile:41 - Overriding database path with different value: C:\Users\kamil\.stmcufinder\plugins\mcufinder/ => C:\Users\kamil\.stmcufinder\plugins\mcufinder
2026-01-09 11:55:07,076 [INFO] ApiDb:250 - Set database path to: C:\Users\kamil\.stmcufinder\plugins\mcufinder//mcu/
2026-01-09 11:55:07,077 [WARN] DbFile:41 - Overriding database path with different value: C:\Users\kamil\.stmcufinder\plugins\mcufinder/ => C:\Users\kamil\.stmcufinder\plugins\mcufinder
2026-01-09 11:55:07,077 [INFO] DbMcusAds:125 - Set database path to: C:\Users\kamil\.stmcufinder\plugins\mcufinder//mcu/
2026-01-09 11:55:07,077 [WARN] DbFile:41 - Overriding database path with different value: C:\Users\kamil\.stmcufinder\plugins\mcufinder/ => C:\Users\kamil\.stmcufinder\plugins\mcufinder
2026-01-09 11:55:07,077 [WARN] DbFile:41 - Overriding database path with different value: C:\Users\kamil\.stmcufinder\plugins\mcufinder/ => C:\Users\kamil\.stmcufinder\plugins\mcufinder
2026-01-09 11:55:07,078 [INFO] CrossReferenceDbSqlite:203 - Set database path to: C:\Users\kamil\.stmcufinder\plugins\mcufinder//mcu/cs/
2026-01-09 11:55:07,217 [INFO] MainPanel:272 - HeapMemory: 285212672
2026-01-09 11:55:07,353 [INFO] DbMcusXml:78 - Set database path to: C:\ST\STM32CubeIDE_1.17.0\STM32CubeIDE\plugins\com.st.stm32cube.common.mx_6.13.0.202411220809\\db\/mcu/
2026-01-09 11:55:07,353 [INFO] ApiDb:274 - Set plugin database path to: C:\ST\STM32CubeIDE_1.17.0\STM32CubeIDE\plugins\com.st.stm32cube.common.mx_6.13.0.202411220809\\db\/plugins/boardmanager/
2026-01-09 11:55:07,353 [INFO] ApiDb:261 - Set plugin images path to: C:\ST\STM32CubeIDE_1.17.0\STM32CubeIDE\plugins\com.st.stm32cube.common.mx_6.13.0.202411220809\\db\/plugins/mcufinder/images/
2026-01-09 11:55:07,354 [WARN] DbFile:41 - Overriding database path with different value: C:\Users\kamil\.stmcufinder\plugins\mcufinder/ => C:\Users\kamil\.stmcufinder\plugins\mcufinder
2026-01-09 11:55:07,354 [INFO] ApiDb:250 - Set database path to: C:\Users\kamil\.stmcufinder\plugins\mcufinder//mcu/
2026-01-09 11:55:07,354 [WARN] DbFile:41 - Overriding database path with different value: C:\Users\kamil\.stmcufinder\plugins\mcufinder/ => C:\Users\kamil\.stmcufinder\plugins\mcufinder
2026-01-09 11:55:07,354 [INFO] DbMcusAds:125 - Set database path to: C:\Users\kamil\.stmcufinder\plugins\mcufinder//mcu/
2026-01-09 11:55:07,354 [WARN] DbFile:41 - Overriding database path with different value: C:\Users\kamil\.stmcufinder\plugins\mcufinder/ => C:\Users\kamil\.stmcufinder\plugins\mcufinder
2026-01-09 11:55:07,354 [WARN] DbFile:41 - Overriding database path with different value: C:\Users\kamil\.stmcufinder\plugins\mcufinder/ => C:\Users\kamil\.stmcufinder\plugins\mcufinder
2026-01-09 11:55:07,354 [INFO] CrossReferenceDbSqlite:203 - Set database path to: C:\Users\kamil\.stmcufinder\plugins\mcufinder//mcu/cs/
2026-01-09 11:55:07,376 [INFO] ApplicationProperties:184 - Using Application install path: C:\ST\STM32CubeIDE_1.17.0\STM32CubeIDE\plugins\com.st.stm32cube.common.mx_6.13.0.202411220809
2026-01-09 11:55:07,379 [INFO] PluginManage:196 - Search for loadable plugins [exclusion list=, ]
2026-01-09 11:55:07,381 [INFO] PluginManage:310 - Check plugin analytics
2026-01-09 11:55:07,679 [INFO] AnalyticsPlugin:253 - Accepted Software Licenses: 
2026-01-09 11:55:07,679 [INFO] AnalyticsPlugin:255 - Accepted CMSIS Pack Licenses: 
2026-01-09 11:55:07,680 [INFO] AnalyticsPlugin:257 - Accepted Firmware Licenses: FW.F7.1.17.0,FW.H7.1.12.0
2026-01-09 11:55:07,683 [INFO] PluginManage:359 - Loaded plugin analytics (category:tool,tabindex:-1)
2026-01-09 11:55:07,684 [INFO] PluginManage:310 - Check plugin cadmodel
2026-01-09 11:55:07,708 [INFO] CADModel:105 - Init CAD model plugin
2026-01-09 11:55:07,708 [INFO] PluginManage:359 - Loaded plugin cadmodel (category:power,tabindex:5)
2026-01-09 11:55:07,708 [INFO] PluginManage:310 - Check plugin clock
2026-01-09 11:55:07,742 [INFO] PluginManage:359 - Loaded plugin clock (category:base,tabindex:2)
2026-01-09 11:55:07,743 [INFO] PluginManage:310 - Check plugin ddr
2026-01-09 11:55:07,749 [INFO] PluginManage:359 - Loaded plugin ddr (category:tool,tabindex:6)
2026-01-09 11:55:07,749 [INFO] PluginManage:310 - Check plugin filemanager
2026-01-09 11:55:07,997 [INFO] PluginManage:359 - Loaded plugin filemanager (category:base,tabindex:10)
2026-01-09 11:55:07,997 [INFO] PluginManage:310 - Check plugin ipmanager
2026-01-09 11:55:08,005 [INFO] PluginManage:359 - Loaded plugin ipmanager (category:base,tabindex:5)
2026-01-09 11:55:08,006 [INFO] PluginManage:310 - Check plugin lpbam
2026-01-09 11:55:08,039 [INFO] PluginManage:359 - Loaded plugin lpbam (category:base,tabindex:0)
2026-01-09 11:55:08,039 [INFO] PluginManage:310 - Check plugin memorymap
2026-01-09 11:55:08,086 [INFO] PluginManage:359 - Loaded plugin memorymap (category:base,tabindex:4)
2026-01-09 11:55:08,086 [INFO] PluginManage:310 - Check plugin pinoutandconfiguration
2026-01-09 11:55:08,121 [INFO] PluginManage:359 - Loaded plugin pinoutandconfiguration (category:base,tabindex:1)
2026-01-09 11:55:08,121 [INFO] PluginManage:310 - Check plugin pinoutconfig
2026-01-09 11:55:08,291 [WARN] SupportedApi:132 - Cannot load RTOS API schema: s4s-elt-must-match.1: The content of 'definitions' must match (annotation?, (simpleType | complexType)?, (unique | key | keyref)*)). A problem was found starting at: attribute.
2026-01-09 11:55:08,490 [INFO] PluginManage:359 - Loaded plugin pinoutconfig (category:base,tabindex:0)
2026-01-09 11:55:08,490 [INFO] PluginManage:310 - Check plugin power
2026-01-09 11:55:08,554 [INFO] PluginManage:359 - Loaded plugin power (category:power,tabindex:4)
2026-01-09 11:55:08,555 [INFO] PluginManage:310 - Check plugin projectmanager
2026-01-09 11:55:08,582 [INFO] PluginManage:359 - Loaded plugin projectmanager (category:projectmanager,tabindex:4)
2026-01-09 11:55:08,582 [INFO] PluginManage:310 - Check plugin rif
2026-01-09 11:55:08,617 [INFO] PluginManage:359 - Loaded plugin rif (category:base,tabindex:3)
2026-01-09 11:55:08,617 [INFO] PluginManage:310 - Check plugin thirdparty
2026-01-09 11:55:09,141 [INFO] PluginManage:359 - Loaded plugin thirdparty (category:base,tabindex:-1)
2026-01-09 11:55:09,141 [WARN] IntegrityCheckThread:84 - waiting for thirdparty lock release [integrity check]
2026-01-09 11:55:09,142 [INFO] PluginManage:310 - Check plugin tools
2026-01-09 11:55:09,142 [INFO] IntegrityCheckThread:86 - entering critical section [integrity check]
2026-01-09 11:55:09,142 [INFO] ThirdPartyUpdaterWithRetryManager:70 - Updater plugin not ready yet. [1/15]
2026-01-09 11:55:09,229 [INFO] PluginManage:359 - Loaded plugin tools (category:base,tabindex:7)
2026-01-09 11:55:09,229 [INFO] PluginManage:310 - Check plugin tutovideos
2026-01-09 11:55:09,521 [INFO] PluginManage:359 - Loaded plugin tutovideos (category:base,tabindex:-1)
2026-01-09 11:55:09,521 [INFO] PluginManage:310 - Check plugin updater
2026-01-09 11:55:09,552 [INFO] PluginManage:359 - Loaded plugin updater (category:base,tabindex:12)
2026-01-09 11:55:09,553 [INFO] PluginManage:310 - Check plugin userauth
2026-01-09 11:55:09,558 [INFO] UserAuth:118 - Init User Auth plugin
2026-01-09 11:55:09,561 [INFO] PluginManage:359 - Loaded plugin userauth (category:base,tabindex:14)
2026-01-09 11:55:09,564 [INFO] PluginManage:283 - PluginManage : Loaded plugins [18]
2026-01-09 11:55:09,900 [INFO] PinOutPanel:1589 - setPackage(No Configuration,No Configuration)
2026-01-09 11:55:10,014 [INFO] CADModel:165 - CPN selected for project level
2026-01-09 11:55:10,015 [INFO] CADModel:114 - Register for checkConnection events
2026-01-09 11:55:10,072 [INFO] IPUIPlugin:80 - create IPUIPlugin
2026-01-09 11:55:10,073 [INFO] PluginManager:220 - loadIPPluginJar : add adc
2026-01-09 11:55:10,140 [INFO] IPUIPlugin:80 - create IPUIPlugin
2026-01-09 11:55:10,140 [INFO] PluginManager:220 - loadIPPluginJar : add aes
2026-01-09 11:55:10,208 [INFO] IPUIPlugin:80 - create IPUIPlugin
2026-01-09 11:55:10,208 [INFO] PluginManager:220 - loadIPPluginJar : add can
2026-01-09 11:55:10,263 [INFO] IPUIPlugin:80 - create IPUIPlugin
2026-01-09 11:55:10,263 [INFO] PluginManager:220 - loadIPPluginJar : add comp
2026-01-09 11:55:10,349 [INFO] IPUIPlugin:80 - create IPUIPlugin
2026-01-09 11:55:10,349 [INFO] PluginManager:220 - loadIPPluginJar : add cryp
2026-01-09 11:55:10,378 [INFO] IPUIPlugin:80 - create IPUIPlugin
2026-01-09 11:55:10,378 [INFO] PluginManager:220 - loadIPPluginJar : add ddr_ctrl_phy
2026-01-09 11:55:10,441 [INFO] IPUIPlugin:80 - create IPUIPlugin
2026-01-09 11:55:10,441 [INFO] PluginManager:220 - loadIPPluginJar : add dfsdm
2026-01-09 11:55:10,474 [INFO] IPUIPlugin:80 - create IPUIPlugin
2026-01-09 11:55:10,475 [INFO] PluginManager:220 - loadIPPluginJar : add dma
2026-01-09 11:55:10,558 [INFO] IPUIPlugin:80 - create IPUIPlugin
2026-01-09 11:55:10,558 [INFO] PluginManager:220 - loadIPPluginJar : add dma3
2026-01-09 11:55:10,660 [INFO] IPUIPlugin:80 - create IPUIPlugin
2026-01-09 11:55:10,660 [INFO] PluginManager:220 - loadIPPluginJar : add extmemmanager
2026-01-09 11:55:10,709 [INFO] IPUIPlugin:80 - create IPUIPlugin
2026-01-09 11:55:10,709 [INFO] PluginManager:220 - loadIPPluginJar : add fatfs
2026-01-09 11:55:10,810 [INFO] IPUIPlugin:80 - create IPUIPlugin
2026-01-09 11:55:10,811 [INFO] PluginManager:220 - loadIPPluginJar : add fmc
2026-01-09 11:55:10,837 [INFO] IPUIPlugin:80 - create IPUIPlugin
2026-01-09 11:55:10,837 [INFO] PluginManager:220 - loadIPPluginJar : add freertos
2026-01-09 11:55:10,876 [INFO] IPUIPlugin:80 - create IPUIPlugin
2026-01-09 11:55:10,877 [INFO] PluginManager:220 - loadIPPluginJar : add genericplugin
2026-01-09 11:55:11,065 [INFO] IPUIPlugin:80 - create IPUIPlugin
2026-01-09 11:55:11,065 [INFO] PluginManager:220 - loadIPPluginJar : add gfxmmu
2026-01-09 11:55:11,288 [INFO] IPUIPlugin:80 - create IPUIPlugin
2026-01-09 11:55:11,289 [INFO] PluginManager:220 - loadIPPluginJar : add gic
2026-01-09 11:55:11,314 [INFO] IPUIPlugin:80 - create IPUIPlugin
2026-01-09 11:55:11,314 [INFO] PluginManager:220 - loadIPPluginJar : add gpio
2026-01-09 11:55:11,507 [INFO] IPUIPlugin:80 - create IPUIPlugin
2026-01-09 11:55:11,508 [INFO] PluginManager:220 - loadIPPluginJar : add gtzc
2026-01-09 11:55:11,566 [INFO] IPUIPlugin:80 - create IPUIPlugin
2026-01-09 11:55:11,567 [INFO] PluginManager:220 - loadIPPluginJar : add hash
2026-01-09 11:55:11,681 [INFO] IPUIPlugin:80 - create IPUIPlugin
2026-01-09 11:55:11,681 [INFO] PluginManager:220 - loadIPPluginJar : add i2c
2026-01-09 11:55:11,764 [INFO] IPUIPlugin:80 - create IPUIPlugin
2026-01-09 11:55:11,765 [INFO] PluginManager:220 - loadIPPluginJar : add i2s
2026-01-09 11:55:11,850 [INFO] IPUIPlugin:80 - create IPUIPlugin
2026-01-09 11:55:11,850 [INFO] PluginManager:220 - loadIPPluginJar : add i3c
2026-01-09 11:55:12,037 [INFO] IPUIPlugin:80 - create IPUIPlugin
2026-01-09 11:55:12,037 [INFO] PluginManager:220 - loadIPPluginJar : add ipddr
2026-01-09 11:55:12,143 [INFO] ThirdPartyUpdaterWithRetryManager:70 - Updater plugin not ready yet. [2/15]
2026-01-09 11:55:12,198 [INFO] IPUIPlugin:80 - create IPUIPlugin
2026-01-09 11:55:12,198 [INFO] PluginManager:220 - loadIPPluginJar : add linkedlist
2026-01-09 11:55:12,258 [INFO] IPUIPlugin:80 - create IPUIPlugin
2026-01-09 11:55:12,258 [INFO] PluginManager:220 - loadIPPluginJar : add lorawan
2026-01-09 11:55:12,319 [INFO] IPUIPlugin:80 - create IPUIPlugin
2026-01-09 11:55:12,319 [INFO] PluginManager:220 - loadIPPluginJar : add ltdc
2026-01-09 11:55:12,342 [INFO] IPUIPlugin:80 - create IPUIPlugin
2026-01-09 11:55:12,342 [INFO] PluginManager:220 - loadIPPluginJar : add mdma
2026-01-09 11:55:12,361 [INFO] IPUIPlugin:80 - create IPUIPlugin
2026-01-09 11:55:12,361 [INFO] PluginManager:220 - loadIPPluginJar : add nvic
2026-01-09 11:55:12,425 [INFO] IPUIPlugin:80 - create IPUIPlugin
2026-01-09 11:55:12,425 [INFO] PluginManager:220 - loadIPPluginJar : add opamp
2026-01-09 11:55:12,547 [INFO] IPUIPlugin:80 - create IPUIPlugin
2026-01-09 11:55:12,547 [INFO] PluginManager:220 - loadIPPluginJar : add openamp
2026-01-09 11:55:12,628 [INFO] IPUIPlugin:80 - create IPUIPlugin
2026-01-09 11:55:12,628 [INFO] PluginManager:220 - loadIPPluginJar : add pdm2pcm
2026-01-09 11:55:12,657 [INFO] IPUIPlugin:80 - create IPUIPlugin
2026-01-09 11:55:12,661 [INFO] PluginManager:220 - loadIPPluginJar : add plateformsettings
2026-01-09 11:55:12,714 [INFO] IPUIPlugin:80 - create IPUIPlugin
2026-01-09 11:55:12,714 [INFO] PluginManager:220 - loadIPPluginJar : add quadspi
2026-01-09 11:55:12,778 [INFO] IPUIPlugin:80 - create IPUIPlugin
2026-01-09 11:55:12,779 [INFO] PluginManager:220 - loadIPPluginJar : add radio
2026-01-09 11:55:12,810 [INFO] IPUIPlugin:80 - create IPUIPlugin
2026-01-09 11:55:12,811 [INFO] PluginManager:220 - loadIPPluginJar : add resmgrutility
2026-01-09 11:55:12,894 [INFO] IPUIPlugin:80 - create IPUIPlugin
2026-01-09 11:55:12,894 [INFO] PluginManager:220 - loadIPPluginJar : add sai
2026-01-09 11:55:12,955 [INFO] IPUIPlugin:80 - create IPUIPlugin
2026-01-09 11:55:12,955 [INFO] PluginManager:220 - loadIPPluginJar : add spi
2026-01-09 11:55:13,077 [INFO] IPUIPlugin:80 - create IPUIPlugin
2026-01-09 11:55:13,077 [INFO] PluginManager:220 - loadIPPluginJar : add stm32_wpan
2026-01-09 11:55:13,133 [INFO] IPUIPlugin:80 - create IPUIPlugin
2026-01-09 11:55:13,133 [INFO] PluginManager:220 - loadIPPluginJar : add tim
2026-01-09 11:55:13,244 [INFO] IPUIPlugin:80 - create IPUIPlugin
2026-01-09 11:55:13,244 [INFO] PluginManager:220 - loadIPPluginJar : add touchsensing
2026-01-09 11:55:13,294 [INFO] IPUIPlugin:80 - create IPUIPlugin
2026-01-09 11:55:13,294 [INFO] PluginManager:220 - loadIPPluginJar : add tracer_emb
2026-01-09 11:55:13,350 [INFO] IPUIPlugin:80 - create IPUIPlugin
2026-01-09 11:55:13,350 [INFO] PluginManager:220 - loadIPPluginJar : add ts
2026-01-09 11:55:13,395 [INFO] IPUIPlugin:80 - create IPUIPlugin
2026-01-09 11:55:13,395 [INFO] PluginManager:220 - loadIPPluginJar : add tsc
2026-01-09 11:55:13,440 [INFO] IPUIPlugin:80 - create IPUIPlugin
2026-01-09 11:55:13,441 [INFO] PluginManager:220 - loadIPPluginJar : add ucpd
2026-01-09 11:55:13,537 [INFO] IPUIPlugin:80 - create IPUIPlugin
2026-01-09 11:55:13,538 [INFO] PluginManager:220 - loadIPPluginJar : add usart
2026-01-09 11:55:13,617 [INFO] IPUIPlugin:80 - create IPUIPlugin
2026-01-09 11:55:13,619 [INFO] PluginManager:220 - loadIPPluginJar : add usbx
2026-01-09 11:55:13,789 [FATAL] Updater:351 - Updater called before beeing initialized
2026-01-09 11:55:13,833 [INFO] RulesReader:64 - Compatibility file has been processed (297 Rules)
2026-01-09 11:55:13,851 [INFO] RulesReader:64 - Compatibility file has been processed (297 Rules)
2026-01-09 11:55:13,895 [INFO] CADModel:165 - CPN selected for project level
2026-01-09 11:55:13,896 [INFO] CADModel:114 - Register for checkConnection events
2026-01-09 11:55:13,896 [FATAL] Updater:351 - Updater called before beeing initialized
2026-01-09 11:55:13,896 [ERROR] CADModel:125 - Updater not yet initialized, retry later 
2026-01-09 11:55:14,254 [FATAL] Updater:351 - Updater called before beeing initialized
2026-01-09 11:55:14,258 [INFO] CADModel:165 - CPN selected for project level
2026-01-09 11:55:14,258 [INFO] CADModel:114 - Register for checkConnection events
2026-01-09 11:55:14,258 [FATAL] Updater:351 - Updater called before beeing initialized
2026-01-09 11:55:14,258 [ERROR] CADModel:125 - Updater not yet initialized, retry later 
2026-01-09 11:55:14,263 [FATAL] Updater:351 - Updater called before beeing initialized
2026-01-09 11:55:14,424 [FATAL] Updater:351 - Updater called before beeing initialized
2026-01-09 11:55:14,439 [INFO] DbMcusAds:53 - JSON generation date=Tue Dec 16 00:11:46 CET 2025 (1765840306612)
2026-01-09 11:55:14,440 [FATAL] Updater:351 - Updater called before beeing initialized
2026-01-09 11:55:14,481 [WARN] DetailPanel:346 - Failed to get advertising image, set to default
2026-01-09 11:55:14,771 [FATAL] Updater:351 - Updater called before beeing initialized
2026-01-09 11:55:14,774 [FATAL] Updater:351 - Updater called before beeing initialized
2026-01-09 11:55:14,774 [FATAL] Updater:351 - Updater called before beeing initialized
2026-01-09 11:55:14,774 [WARN] DetailPanel:346 - Failed to get advertising image, set to default
2026-01-09 11:55:14,775 [FATAL] Updater:351 - Updater called before beeing initialized
2026-01-09 11:55:14,877 [ERROR] Updater:1198 - MainUpdater not yet initialized. External WinMGr cannot be set.
2026-01-09 11:55:14,897 [INFO] Updater:1134 - Updater Version found : 6.13.0
2026-01-09 11:55:14,925 [INFO] ApplicationProperties:184 - Using Application install path: C:\ST\STM32CubeIDE_1.17.0\STM32CubeIDE\plugins\com.st.stm32cube.common.mx_6.13.0.202411220809
2026-01-09 11:55:15,145 [INFO] ThirdPartyUpdaterWithRetryManager:70 - Updater plugin not ready yet. [3/15]
2026-01-09 11:55:15,431 [INFO] MainUpdater:2872 - connection check result : 10
2026-01-09 11:55:15,432 [INFO] MainUpdater:289 - Updater Check For Update Now.
2026-01-09 11:55:15,432 [INFO] MicroXplorer:498 - Change Database Version : DB.6.0.130
2026-01-09 11:55:15,480 [INFO] McuFinderGlobals:63 - Set McuFinder mode to 2 (CubeIDE integrated)
2026-01-09 11:55:15,480 [INFO] UserAuth:171 - activating auth plugin
2026-01-09 11:55:15,487 [INFO] UserAuth:486 - Internet connection configuration mode: 1
2026-01-09 11:55:15,548 [INFO] JxBrowserEngine:152 - Initiate JxBrowser Engine with user profile folder
2026-01-09 11:55:15,709 [INFO] CheckServerUpdateThread:120 - End of CheckServer Thread
2026-01-09 11:55:17,512 [INFO] WebApp:168 - Instantiating new browser for Auth
2026-01-09 11:55:18,498 [WARN] PackLoader:240 - Cannot read IP mode file for STMicroelectronics.FP-SNS-MOTENVWB1.1.4.0
2026-01-09 11:55:18,524 [WARN] PackLoader:240 - Cannot read IP mode file for STMicroelectronics.FP-ATR-ASTRA1.2.0.2
2026-01-09 11:55:18,541 [WARN] PackLoader:240 - Cannot read IP mode file for STMicroelectronics.FP-ATR-ASTRA1.2.0.1
2026-01-09 11:55:18,569 [WARN] PackLoader:240 - Cannot read IP mode file for STMicroelectronics.X-CUBE-SMBUS.2.1.0
2026-01-09 11:55:18,593 [WARN] PackLoader:240 - Cannot read IP mode file for STMicroelectronics.X-CUBE-WB05N.1.1.0
2026-01-09 11:55:18,619 [WARN] PackLoader:240 - Cannot read IP mode file for STMicroelectronics.X-CUBE-ST60.1.0.0
2026-01-09 11:55:18,696 [WARN] PackLoader:240 - Cannot read IP mode file for STMicroelectronics.X-CUBE-AZRTOS-F7.1.1.0
2026-01-09 11:55:18,843 [INFO] WebApp:449 - Apply proxy settings
2026-01-09 11:55:18,844 [INFO] WebApp:534 - Chromium requires no authentication
2026-01-09 11:55:18,882 [INFO] WebApp:477 - Direct internet connection detected
2026-01-09 11:55:18,971 [INFO] WebApp:880 - Register for checkConnection events
2026-01-09 11:55:18,971 [INFO] WebApp:449 - Apply proxy settings
2026-01-09 11:55:18,971 [INFO] WebApp:534 - Chromium requires no authentication
2026-01-09 11:55:18,972 [INFO] WebApp:477 - Direct internet connection detected
2026-01-09 11:55:19,013 [WARN] PackLoader:240 - Cannot read IP mode file for STMicroelectronics.X-CUBE-MEMS1.11.0.0
2026-01-09 11:55:19,133 [ERROR] Engine:466 - C:\Users\kamil\.stm32cubemx\thirdparties\pdsc\STMicroelectronics.FP-SNS-MOTENV1.5.1.0.pdsc: PDSC version is not supported
2026-01-09 11:55:19,153 [WARN] PackLoader:240 - Cannot read IP mode file for STMicroelectronics.FP-SNS-FLIGHT1.5.0.2
2026-01-09 11:55:19,195 [WARN] PackLoader:240 - Cannot read IP mode file for STMicroelectronics.X-CUBE-AZRTOS-H7.3.4.0
2026-01-09 11:55:19,221 [WARN] PackLoader:240 - Cannot read IP mode file for STMicroelectronics.X-CUBE-DISPLAY.3.0.0
2026-01-09 11:55:19,255 [WARN] PackLoader:240 - Cannot read IP mode file for STMicroelectronics.X-CUBE-BLE1.7.0.0
2026-01-09 11:55:19,284 [WARN] PackLoader:240 - Cannot read IP mode file for STMicroelectronics.X-CUBE-NFC10.1.0.0
2026-01-09 11:55:19,318 [WARN] PackLoader:240 - Cannot read IP mode file for STMicroelectronics.X-CUBE-BLEMGR.4.0.0
2026-01-09 11:55:19,362 [WARN] PackLoader:240 - Cannot read IP mode file for STMicroelectronics.X-CUBE-ST60.1.1.0
2026-01-09 11:55:19,376 [INFO] WebApp:187 - Connection restablished
2026-01-09 11:55:19,392 [WARN] PackLoader:240 - Cannot read IP mode file for emotas.I-CUBE-CANOPEN.1.3.0
2026-01-09 11:55:19,418 [WARN] PackLoader:240 - Cannot read IP mode file for STMicroelectronics.X-CUBE-GNSS1.7.1.0
2026-01-09 11:55:19,443 [WARN] PackLoader:240 - Cannot read IP mode file for STMicroelectronics.X-CUBE-BLEMGR.3.1.0
2026-01-09 11:55:19,447 [INFO] WebApp:221 - Starting web application
2026-01-09 11:55:19,447 [INFO] WebApp:579 - Web application path used C:\ST\STM32CubeIDE_1.17.0\STM32CubeIDE\plugins\com.st.stm32cube.common.mx_6.13.0.202411220809\db\plugins\mcufinder\reactClient1\index.html
2026-01-09 11:55:19,476 [WARN] PackLoader:240 - Cannot read IP mode file for STMicroelectronics.X-CUBE-AI.10.0.0
2026-01-09 11:55:19,501 [ERROR] Engine:466 - C:\Users\kamil\.stm32cubemx\thirdparties\pdsc\STMicroelectronics.FP-SNS-STBOX1.2.1.0.pdsc: PDSC version is not supported
2026-01-09 11:55:19,529 [WARN] PackLoader:240 - Cannot read IP mode file for STMicroelectronics.FP-SNS-SMARTAG2.1.2.0
2026-01-09 11:55:19,552 [WARN] PackLoader:240 - Cannot read IP mode file for STMicroelectronics.FP-SNS-FLIGHT1.5.1.0
2026-01-09 11:55:19,616 [WARN] PackLoader:240 - Cannot read IP mode file for STMicroelectronics.X-CUBE-MEMS1.11.1.0
2026-01-09 11:55:19,772 [INFO] LogOutputStream:77 - [STDOUT_REDIRECT] 1 : Invalid condition id : UX_CORESTACK_Condition cause : null
2026-01-09 11:55:19,773 [INFO] LogOutputStream:77 - [STDOUT_REDIRECT] 1 : Invalid condition id : UX_CORESTACK_Condition cause : null
2026-01-09 11:55:19,775 [INFO] LogOutputStream:77 - [STDOUT_REDIRECT] 1 : Invalid condition id : UX_CORESTACK_Condition cause : null
2026-01-09 11:55:19,776 [INFO] LogOutputStream:77 - [STDOUT_REDIRECT] 1 : Invalid condition id : UX_CORESTACK_Condition cause : null
2026-01-09 11:55:19,779 [INFO] LogOutputStream:77 - [STDOUT_REDIRECT] 1 : Invalid condition id : UX_CORESTACK_Condition cause : null
2026-01-09 11:55:19,782 [WARN] PackLoader:240 - Cannot read IP mode file for STMicroelectronics.X-CUBE-AZRTOS-WL.2.0.0
2026-01-09 11:55:19,810 [WARN] PackLoader:240 - Cannot read IP mode file for STMicroelectronics.FP-SNS-MOTENV1.5.0.0
2026-01-09 11:55:19,862 [WARN] PackLoader:240 - Cannot read IP mode file for STMicroelectronics.X-CUBE-AZRTOS-H7RS.1.2.0
2026-01-09 11:55:19,889 [WARN] PackLoader:240 - Cannot read IP mode file for wolfSSL.I-CUBE-wolfMQTT.1.19.0
2026-01-09 11:55:19,923 [WARN] PackLoader:240 - Cannot read IP mode file for WES.I-CUBE-Cesium.1.3.0
2026-01-09 11:55:19,951 [WARN] PackLoader:240 - Cannot read IP mode file for STMicroelectronics.X-CUBE-BLE2.3.3.0
2026-01-09 11:55:20,031 [WARN] PackLoader:240 - Cannot read IP mode file for STMicroelectronics.X-CUBE-NFC9.1.0.0
2026-01-09 11:55:20,056 [WARN] PackLoader:240 - Cannot read IP mode file for STMicroelectronics.X-CUBE-BLE1.7.1.0
2026-01-09 11:55:20,082 [WARN] PackLoader:240 - Cannot read IP mode file for STMicroelectronics.X-CUBE-TCPP.4.1.0
2026-01-09 11:55:20,102 [ERROR] Engine:466 - C:\Users\kamil\.stm32cubemx\thirdparties\pdsc\STMicroelectronics.X-CUBE-FREERTOS.1.4.0.pdsc: PDSC version is not supported
2026-01-09 11:55:20,125 [WARN] PackLoader:240 - Cannot read IP mode file for STMicroelectronics.X-CUBE-EEPRMA1.5.2.0
2026-01-09 11:55:20,145 [ERROR] Engine:466 - C:\Users\kamil\.stm32cubemx\thirdparties\pdsc\STMicroelectronics.X-CUBE-ST67W61.1.1.0.pdsc: PDSC version is not supported
2026-01-09 11:55:20,213 [WARN] PackLoader:240 - Cannot read IP mode file for STMicroelectronics.X-CUBE-MEMS1.12.0.0
2026-01-09 11:55:20,311 [WARN] PackLoader:240 - Cannot read IP mode file for STMicroelectronics.X-CUBE-AZRTOS-G0.1.1.0
2026-01-09 11:55:20,341 [WARN] PackLoader:240 - Cannot read IP mode file for STMicroelectronics.X-CUBE-SAFEA1.1.2.2
2026-01-09 11:55:20,364 [WARN] PackLoader:240 - Cannot read IP mode file for STMicroelectronics.X-CUBE-NFC4.3.0.0
2026-01-09 11:55:20,391 [WARN] PackLoader:240 - Cannot read IP mode file for EmbeddedOffice.I-CUBE-FS-RTOS.1.0.1
2026-01-09 11:55:20,412 [WARN] PackLoader:240 - Cannot read IP mode file for STMicroelectronics.X-CUBE-WB05N.2.0.0
2026-01-09 11:55:20,435 [WARN] PackLoader:240 - Cannot read IP mode file for STMicroelectronics.X-CUBE-TCPP.4.2.0
2026-01-09 11:55:20,458 [WARN] PackLoader:240 - Cannot read IP mode file for RealThread.X-CUBE-RT-Thread_Nano.4.1.1
2026-01-09 11:55:20,478 [WARN] PackLoader:240 - Cannot read IP mode file for STMicroelectronics.FP-ATR-SIGFOX1.3.2.0
2026-01-09 11:55:20,497 [WARN] PackLoader:240 - Cannot read IP mode file for wolfSSL.I-CUBE-wolfSSL.5.7.2
2026-01-09 11:55:20,518 [WARN] ConditionMgr:438 - getConditionDescription Invalid condition id : Cortex-A Device cause : null
2026-01-09 11:55:20,543 [WARN] ConditionMgr:1044 - genDependencies : Invalid condition id : Cortex-A Device cause : null
2026-01-09 11:55:20,543 [WARN] ConditionMgr:1044 - genDependencies : Invalid condition id : Cortex-A Device cause : null
2026-01-09 11:55:20,543 [WARN] ConditionMgr:1044 - genDependencies : Invalid condition id : Cortex-A Device cause : null
2026-01-09 11:55:20,565 [WARN] PackLoader:240 - Cannot read IP mode file for STMicroelectronics.X-CUBE-EEPRMA1.5.1.0
2026-01-09 11:55:20,587 [WARN] PackLoader:240 - Cannot read IP mode file for ITTIA_DB.I-CUBE-ITTIADB.8.9.0
2026-01-09 11:55:20,611 [WARN] PackLoader:240 - Cannot read IP mode file for STMicroelectronics.X-CUBE-ST67W61.1.0.0
2026-01-09 11:55:20,631 [WARN] PackLoader:240 - Cannot read IP mode file for STMicroelectronics.X-CUBE-AI.10.2.0
2026-01-09 11:55:20,673 [WARN] PackLoader:240 - Cannot read IP mode file for SEGGER.I-CUBE-embOS.1.3.1
2026-01-09 11:55:20,732 [WARN] PackLoader:240 - Cannot read IP mode file for STMicroelectronics.X-CUBE-ALGOBUILD.1.4.0
2026-01-09 11:55:20,803 [WARN] PackLoader:240 - Cannot read IP mode file for STMicroelectronics.X-CUBE-MEMS1.11.3.0
2026-01-09 11:55:20,896 [WARN] PackLoader:240 - Cannot read IP mode file for STMicroelectronics.X-CUBE-AI.9.1.0
2026-01-09 11:55:20,915 [WARN] PackLoader:240 - Cannot read IP mode file for STMicroelectronics.X-CUBE-PM33A1.1.0.0
2026-01-09 11:55:20,948 [WARN] PackLoader:240 - Cannot read IP mode file for STMicroelectronics.X-CUBE-AZRTOS-F4.1.1.0
2026-01-09 11:55:20,969 [WARN] PackLoader:240 - Cannot read IP mode file for STMicroelectronics.X-CUBE-ISPU.2.1.0
2026-01-09 11:55:20,991 [ERROR] Engine:466 - C:\Users\kamil\.stm32cubemx\thirdparties\pdsc\STMicroelectronics.X-CUBE-IPS.3.2.0.pdsc: PDSC version is not supported
2026-01-09 11:55:21,016 [WARN] PackLoader:240 - Cannot read IP mode file for STMicroelectronics.X-CUBE-FREERTOS.1.2.0
2026-01-09 11:55:21,038 [WARN] PackLoader:240 - Cannot read IP mode file for STMicroelectronics.X-CUBE-NFC12.1.0.0
2026-01-09 11:55:21,078 [WARN] PackLoader:240 - Cannot read IP mode file for STMicroelectronics.X-CUBE-AZRTOS-L5.2.0.0
2026-01-09 11:55:21,104 [WARN] PackLoader:240 - Cannot read IP mode file for STMicroelectronics.X-CUBE-NFC6.3.1.0
2026-01-09 11:55:21,133 [WARN] PackLoader:240 - Cannot read IP mode file for STMicroelectronics.X-CUBE-DPower.1.2.0
2026-01-09 11:55:21,157 [WARN] PackLoader:240 - Cannot read IP mode file for STMicroelectronics.X-CUBE-FREERTOS.1.3.1
2026-01-09 11:55:21,179 [WARN] PackLoader:240 - Cannot read IP mode file for STMicroelectronics.X-CUBE-FREERTOS.1.3.0
2026-01-09 11:55:21,200 [WARN] PackLoader:240 - Cannot read IP mode file for STMicroelectronics.X-CUBE-NFC7.1.0.1
2026-01-09 11:55:21,224 [WARN] PackLoader:240 - Cannot read IP mode file for STMicroelectronics.X-CUBE-TOUCHGFX.4.26.0
2026-01-09 11:55:21,246 [WARN] PackLoader:240 - Cannot read IP mode file for STMicroelectronics.FP-SNS-STAIOTCFT.1.0.0
2026-01-09 11:55:21,266 [WARN] PackLoader:240 - Cannot read IP mode file for STMicroelectronics.X-CUBE-DPower.1.3.0
2026-01-09 11:55:21,304 [WARN] ConditionMgr:438 - getConditionDescription Invalid condition id : LAN8742 Phy interface Condition cause : null
2026-01-09 11:55:21,304 [WARN] PackLoader:240 - Cannot read IP mode file for STMicroelectronics.X-CUBE-AZRTOS-L4.2.0.0
2026-01-09 11:55:21,305 [WARN] ConditionMgr:1044 - genDependencies : Invalid condition id : LAN8742 Phy interface Condition cause : null
2026-01-09 11:55:21,305 [WARN] ConditionMgr:1044 - genDependencies : Invalid condition id : LAN8742 Phy interface Condition cause : null
2026-01-09 11:55:21,305 [WARN] ConditionMgr:1044 - genDependencies : Invalid condition id : LAN8742 Phy interface Condition cause : null
2026-01-09 11:55:21,329 [WARN] PackLoader:240 - Cannot read IP mode file for STMicroelectronics.X-CUBE-SFXS2LP1.4.0.0
2026-01-09 11:55:21,367 [WARN] PackLoader:240 - Cannot read IP mode file for STMicroelectronics.X-CUBE-AZRTOS-H7.3.3.0
2026-01-09 11:55:21,392 [WARN] PackLoader:240 - Cannot read IP mode file for STMicroelectronics.X-CUBE-BLEMGR.4.1.0
2026-01-09 11:55:21,418 [WARN] PackLoader:240 - Cannot read IP mode file for STMicroelectronics.X-CUBE-IPS.3.0.0
2026-01-09 11:55:21,449 [WARN] ConditionMgr:438 - getConditionDescription Invalid condition id : UX DEVICE CLASS RTOS Condition cause : null
2026-01-09 11:55:21,450 [WARN] ConditionMgr:438 - getConditionDescription Invalid condition id : UX DEVICE CLASS RTOS Condition cause : null
2026-01-09 11:55:21,452 [WARN] PackLoader:240 - Cannot read IP mode file for STMicroelectronics.X-CUBE-AZRTOS-WB.2.0.0
2026-01-09 11:55:21,452 [WARN] ConditionMgr:1044 - genDependencies : Invalid condition id : UX DEVICE CLASS RTOS Condition cause : null
2026-01-09 11:55:21,452 [WARN] ConditionMgr:1044 - genDependencies : Invalid condition id : UX DEVICE CLASS RTOS Condition cause : null
2026-01-09 11:55:21,453 [WARN] ConditionMgr:1044 - genDependencies : Invalid condition id : UX DEVICE CLASS RTOS Condition cause : null
2026-01-09 11:55:21,453 [WARN] ConditionMgr:1044 - genDependencies : Invalid condition id : UX DEVICE CLASS RTOS Condition cause : null
2026-01-09 11:55:21,453 [WARN] ConditionMgr:1044 - genDependencies : Invalid condition id : UX DEVICE CLASS RTOS Condition cause : null
2026-01-09 11:55:21,473 [WARN] PackLoader:240 - Cannot read IP mode file for STMicroelectronics.X-CUBE-GNSS1.7.0.0
2026-01-09 11:55:21,493 [WARN] PackLoader:240 - Cannot read IP mode file for STMicroelectronics.X-CUBE-GNSS1.7.0.1
2026-01-09 11:55:21,513 [WARN] PackLoader:240 - Cannot read IP mode file for STMicroelectronics.X-CUBE-TOUCHGFX.4.25.0
2026-01-09 11:55:21,531 [WARN] PackLoader:240 - Cannot read IP mode file for STMicroelectronics.FP-SNS-STBOX1.2.0.0
2026-01-09 11:55:21,560 [WARN] PackLoader:240 - Cannot read IP mode file for STMicroelectronics.X-CUBE-SUBG2.5.0.0
2026-01-09 11:55:21,593 [WARN] PackLoader:240 - Cannot read IP mode file for STMicroelectronics.X-CUBE-AZRTOS-H7RS.1.1.0
2026-01-09 11:55:21,620 [WARN] PackLoader:240 - Cannot read IP mode file for Cesanta.I-CUBE-Mongoose.7.13.0
2026-01-09 11:55:21,660 [WARN] PackLoader:240 - Cannot read IP mode file for STMicroelectronics.X-CUBE-AZRTOS-G4.2.0.0
2026-01-09 11:55:21,681 [WARN] PackLoader:240 - Cannot read IP mode file for STMicroelectronics.X-CUBE-NFC7.2.0.0
2026-01-09 11:55:21,707 [WARN] PackLoader:240 - Cannot read IP mode file for STMicroelectronics.X-CUBE-IPS.3.1.0
2026-01-09 11:55:21,728 [WARN] PackLoader:240 - Cannot read IP mode file for STMicroelectronics.X-CUBE-ALS.1.0.2
2026-01-09 11:55:21,747 [WARN] PackLoader:240 - Cannot read IP mode file for STMicroelectronics.X-CUBE-TOUCHGFX.4.24.1
2026-01-09 11:55:21,772 [WARN] PackLoader:240 - Cannot read IP mode file for STMicroelectronics.X-CUBE-STSE01.1.0.0
2026-01-09 11:55:21,791 [WARN] PackLoader:240 - Cannot read IP mode file for wolfSSL.I-CUBE-wolfTPM.3.4.0
2026-01-09 11:55:21,811 [WARN] PackLoader:240 - Cannot read IP mode file for portGmbH.I-Cube-SoM-uGOAL.1.1.0
2026-01-09 11:55:21,844 [WARN] PackLoader:240 - Cannot read IP mode file for STMicroelectronics.X-CUBE-AZRTOS-H7RS.1.0.0
2026-01-09 11:55:21,862 [WARN] PackLoader:240 - Cannot read IP mode file for STMicroelectronics.FP-ATR-ASTRA1.2.0.0
2026-01-09 11:55:21,892 [WARN] PackLoader:240 - Cannot read IP mode file for STMicroelectronics.X-CUBE-TOF1.3.4.2
2026-01-09 11:55:21,925 [WARN] PackLoader:240 - Cannot read IP mode file for STMicroelectronics.X-CUBE-TOF1.3.4.3
2026-01-09 11:55:21,966 [WARN] PackLoader:240 - Cannot read IP mode file for Infineon.AIROC-Wi-Fi-Bluetooth-STM32.1.6.1
2026-01-09 11:55:21,987 [WARN] PackLoader:240 - Cannot read IP mode file for wolfSSL.I-CUBE-wolfSSH.1.4.17
2026-01-09 11:55:21,988 [INFO] ThirdParty:978 - Integrity check success = true
2026-01-09 11:55:21,988 [INFO] IntegrityCheckThread:100 - exiting critical section [integrity check]
2026-01-09 11:55:21,988 [INFO] IntegrityCheckThread:103 - End integrity checks thread
2026-01-09 11:59:37,182 [INFO] McuFinderGlobals:63 - Set McuFinder mode to 2 (CubeIDE integrated)
2026-01-09 11:59:37,240 [INFO] MainUpdater:2872 - connection check result : 10
2026-01-09 11:59:37,257 [INFO] MainUpdater:2872 - connection check result : 10
2026-01-09 11:59:37,566 [INFO] MicroXplorer:468 - Change Database Path : 
2026-01-09 11:59:37,567 [INFO] MicroXplorer:498 - Change Database Version : DB.6.0.130
2026-01-09 11:59:37,581 [WARN] ThirdParty:871 - waiting for thirdparty lock release [close project]
2026-01-09 11:59:37,581 [INFO] ThirdParty:873 - entering critical section [close project]
2026-01-09 11:59:37,582 [INFO] ThirdParty:883 - exiting critical section [close project]
2026-01-09 11:59:37,586 [INFO] PinOutPanel:1589 - setPackage(No Configuration,No Configuration)
2026-01-09 11:59:37,594 [INFO] UtilMem:75 - Begin LoadConfig() Used Memory: 828088344 Bytes (1073741824)
2026-01-09 11:59:37,599 [INFO] MicroXplorer:468 - Change Database Path : 
2026-01-09 11:59:37,599 [INFO] MicroXplorer:498 - Change Database Version : DB.6.0.130
2026-01-09 11:59:37,599 [INFO] OpenFileManager:332 - Change cursor
2026-01-09 11:59:37,678 [INFO] Mcu:2035 - Initializing MCU STM32H743IITx STM32H743IITx STM32H743IIT6
2026-01-09 11:59:45,407 [INFO] Context:748 - Trying to add GPIOservice into a context  which must be forbidden
2026-01-09 11:59:49,897 [INFO] RtosManager:555 - Registered RTOS mode: class=CMSIS, group=RTOS, mode=CMSIS_V1, owner=FREERTOS
2026-01-09 11:59:49,898 [INFO] RtosManager:555 - Registered RTOS mode: class=CMSIS, group=RTOS2, mode=CMSIS_V2, owner=FREERTOS
2026-01-09 11:59:49,899 [INFO] RtosManager:555 - Registered RTOS mode: class=RTOS, group=Core, mode=CMSIS_V1, owner=FREERTOS
2026-01-09 11:59:49,899 [INFO] RtosManager:555 - Registered RTOS mode: class=RTOS, group=Core, mode=CMSIS_V2, owner=FREERTOS
2026-01-09 11:59:49,900 [WARN] ModelIntegratedComponent:184 - Missing modes for component STMicroelectronics:FreeRTOS:0.0.1:STMicroelectronics:RTOS:FreeRTOS:Core:::10.2.0:
2026-01-09 11:59:49,911 [WARN] ModelIntegratedComponent:63 - No mode defined for component null
2026-01-09 11:59:49,911 [WARN] ModelIntegratedComponent:63 - No mode defined for component null
2026-01-09 11:59:49,911 [WARN] ModelIntegratedComponent:63 - No mode defined for component null
2026-01-09 11:59:49,911 [WARN] ModelIntegratedComponent:63 - No mode defined for component null
2026-01-09 11:59:49,911 [WARN] ModelIntegratedComponent:63 - No mode defined for component null
2026-01-09 11:59:49,911 [WARN] ModelIntegratedComponent:63 - No mode defined for component null
2026-01-09 11:59:49,911 [WARN] ModelIntegratedComponent:63 - No mode defined for component null
2026-01-09 11:59:49,911 [WARN] ModelIntegratedComponent:63 - No mode defined for component null
2026-01-09 11:59:49,911 [WARN] ModelIntegratedComponent:63 - No mode defined for component null
2026-01-09 11:59:49,911 [WARN] ModelIntegratedComponent:63 - No mode defined for component null
2026-01-09 11:59:49,912 [WARN] ModelIntegratedComponent:63 - No mode defined for component null
2026-01-09 11:59:49,912 [WARN] ModelIntegratedComponent:63 - No mode defined for component null
2026-01-09 11:59:49,912 [WARN] ModelIntegratedComponent:63 - No mode defined for component null
2026-01-09 11:59:49,912 [WARN] ModelIntegratedComponent:63 - No mode defined for component null
2026-01-09 11:59:49,913 [WARN] ModelIntegratedComponent:63 - No mode defined for component null
2026-01-09 11:59:49,913 [WARN] ModelIntegratedComponent:63 - No mode defined for component null
2026-01-09 11:59:49,913 [WARN] ModelIntegratedComponent:63 - No mode defined for component null
2026-01-09 11:59:49,913 [WARN] ModelIntegratedComponent:63 - No mode defined for component null
2026-01-09 11:59:49,913 [WARN] ModelIntegratedComponent:63 - No mode defined for component null
2026-01-09 11:59:49,913 [WARN] ModelIntegratedComponent:63 - No mode defined for component null
2026-01-09 11:59:49,913 [WARN] ModelIntegratedComponent:63 - No mode defined for component null
2026-01-09 11:59:49,913 [WARN] ModelIntegratedComponent:63 - No mode defined for component null
2026-01-09 11:59:49,913 [WARN] ModelIntegratedComponent:63 - No mode defined for component null
2026-01-09 11:59:49,913 [WARN] ModelIntegratedComponent:63 - No mode defined for component null
2026-01-09 11:59:49,914 [WARN] ModelIntegratedComponent:63 - No mode defined for component null
2026-01-09 11:59:49,914 [WARN] ModelIntegratedComponent:63 - No mode defined for component null
2026-01-09 11:59:49,914 [WARN] ModelIntegratedComponent:63 - No mode defined for component null
2026-01-09 11:59:49,914 [WARN] ModelIntegratedComponent:63 - No mode defined for component null
2026-01-09 11:59:49,914 [WARN] ModelIntegratedComponent:63 - No mode defined for component null
2026-01-09 11:59:49,914 [WARN] ModelIntegratedComponent:63 - No mode defined for component null
2026-01-09 11:59:49,915 [WARN] ModelIntegratedComponent:63 - No mode defined for component null
2026-01-09 11:59:49,915 [WARN] ModelIntegratedComponent:63 - No mode defined for component null
2026-01-09 11:59:49,915 [WARN] ModelIntegratedComponent:63 - No mode defined for component null
2026-01-09 11:59:49,915 [WARN] ModelIntegratedComponent:63 - No mode defined for component null
2026-01-09 11:59:49,915 [WARN] ModelIntegratedComponent:63 - No mode defined for component null
2026-01-09 11:59:49,916 [WARN] ModelPack:524 - Component already loaded: STMicroelectronics:HAL Drivers:0.0.0:STMicroelectronics:Device:STMicro_Driver:XSPI:HAL::0.0.1:HAL_XSPI
2026-01-09 11:59:50,406 [INFO] ThirdPartyModel:298 - Start build external matchings
2026-01-09 11:59:52,269 [INFO] ThirdPartyModel:316 - End build external matchings
2026-01-09 11:59:52,301 [WARN] IP:2251 - ClockDivider not found: check if there is a RefParameter without a condition.
2026-01-09 11:59:52,302 [WARN] IP:2251 - ClockDividerCCU not found: check if there is a RefParameter without a condition.
2026-01-09 11:59:52,302 [WARN] IP:2251 - MinOscClkPeriodsCCU not found: check if there is a RefParameter without a condition.
2026-01-09 11:59:52,302 [WARN] IP:2251 - TimeQuantaPerBitTimeCCU not found: check if there is a RefParameter without a condition.
2026-01-09 11:59:52,302 [WARN] IP:2251 - WatchdogStartValueCCU not found: check if there is a RefParameter without a condition.
2026-01-09 11:59:52,312 [WARN] IP:2251 - LayerIdx_L1 not found: check if there is a RefParameter without a condition.
2026-01-09 11:59:52,314 [INFO] ImportTextPane:218 - (OptionalMessage_ERROR) IP (RCC) : Parameter (ADCFreq_Value) has invalid value (129000000)
2026-01-09 11:59:52,326 [INFO] ImportTextPane:218 - (OptionalMessage_ERROR) IP (RCC) : Invalid parameter (FamilyName)
2026-01-09 11:59:52,327 [INFO] ImportTextPane:218 - (OptionalMessage_ERROR) IP (RCC) : Parameter (LPTIM1Freq_Value) has invalid value (64000000)
2026-01-09 11:59:52,327 [INFO] ImportTextPane:218 - (OptionalMessage_ERROR) IP (RCC) : Parameter (LPTIM2Freq_Value) has invalid value (64000000)
2026-01-09 11:59:52,327 [INFO] ImportTextPane:218 - (OptionalMessage_ERROR) IP (RCC) : Parameter (LPTIM345Freq_Value) has invalid value (64000000)
2026-01-09 11:59:52,327 [INFO] ImportTextPane:218 - (OptionalMessage_ERROR) IP (RCC) : Parameter (LPUART1Freq_Value) has invalid value (64000000)
2026-01-09 11:59:52,328 [INFO] ImportTextPane:218 - (OptionalMessage_ERROR) IP (RCC) : Parameter (SPI45Freq_Value) has invalid value (64000000)
2026-01-09 11:59:52,328 [INFO] ImportTextPane:218 - (OptionalMessage_ERROR) IP (RCC) : Parameter (SPI6Freq_Value) has invalid value (64000000)
2026-01-09 11:59:52,328 [INFO] ImportTextPane:218 - (OptionalMessage_ERROR) IP (RCC) : Parameter (SWPMI1Freq_Value) has invalid value (64000000)
2026-01-09 11:59:52,328 [INFO] ImportTextPane:218 - (OptionalMessage_ERROR) IP (RCC) : Parameter (USART16Freq_Value) has invalid value (64000000)
2026-01-09 11:59:52,328 [INFO] ImportTextPane:218 - (OptionalMessage_ERROR) IP (RCC) : Parameter (USART234578Freq_Value) has invalid value (64000000)
2026-01-09 11:59:53,507 [INFO] ApiDb:581 - Connected to CubeFinder SQLite database (C:\Users\kamil\.stmcufinder\plugins\mcufinder\mcu\cube-finder-db.db)
2026-01-09 11:59:53,662 [INFO] ApiDb:668 - CubeFinder database Data Model version=2.1
2026-01-09 11:59:53,663 [INFO] ApiDb:669 - CubeFinder database Configuration version=3.0.39
2026-01-09 11:59:53,663 [INFO] ApiDb:670 - CubeFinder database generation date=2025-11-05 (1762334721)
2026-01-09 11:59:53,663 [INFO] ApiDb:671 - CubeFinder database FW Pack versions=[FP-ATR-ASTRA1_V2.0.0, FP-SNS-FLIGHT1_V5.1.0, FP-SNS-MOTENV1_V5.1.0, FP-SNS-MOTENVWB1_V1.4.0, FP-SNS-SMARTAG2_V1.2.0, FP-SNS-STBOX1_V2.1.0, STM32Cube_FW_C0_V1.4.0, STM32Cube_FW_F4_V1.28.3, STM32Cube_FW_F7_V1.17.4, STM32Cube_FW_G0_V1.6.2, STM32Cube_FW_G4_V1.6.1, STM32Cube_FW_H5_V1.5.1, STM32Cube_FW_H7RS_V1.3.0, STM32Cube_FW_H7_V1.12.1, STM32Cube_FW_L0_V1.12.2, STM32Cube_FW_L4_V1.18.1, STM32Cube_FW_L5_V1.6.0, STM32Cube_FW_N6_V1.3.0, STM32Cube_FW_U0_V1.3.0, STM32Cube_FW_U3_V1.2.1, STM32Cube_FW_U5_V1.8.0, STM32Cube_FW_WB0_V1.4.0, STM32Cube_FW_WBA_V1.8.0, STM32Cube_FW_WB_V1.24.0, STM32Cube_FW_WL3_V1.3.0, STM32Cube_FW_WL_V1.4.0, X-CUBE-ALGOBUILD_V1.4.0, X-CUBE-ALS_V1.0.2, X-CUBE-AZRTOS-F4_V1.1.0, X-CUBE-AZRTOS-F7_V1.1.0, X-CUBE-AZRTOS-G0_V1.1.0, X-CUBE-AZRTOS-G4_V2.0.0, X-CUBE-AZRTOS-H7RS_V1.1.0, X-CUBE-AZRTOS-H7_V3.4.0, X-CUBE-AZRTOS-L4_V2.0.0, X-CUBE-AZRTOS-L5_V2.0.0, X-CUBE-AZRTOS-WB_V2.0.0, X-CUBE-AZRTOS-WL_V2.0.0, X-CUBE-BLE1_V7.1.0, X-CUBE-BLE2_V3.3.0, X-CUBE-BLEMGR_V4.1.0, X-CUBE-EEPRMA1_V5.2.0, X-CUBE-FREERTOS_V1.3.1, X-CUBE-GNSS1_V6.0.0, X-CUBE-MEMS1_V11.3.0, X-CUBE-NFC4_V3.0.0, X-CUBE-NFC7_V2.0.0, X-CUBE-SFXS2LP1_V4.0.0, X-CUBE-ST67W61_V1.1.0, X-CUBE-SUBG2_V5.0.0, X-CUBE-TOF1_V3.4.3]
2026-01-09 11:59:53,834 [INFO] DbBoardsSqlite:226 - include board P-NUCLEO-WB55-NUCLEO as a kit item of type 'Nucleo-64'
2026-01-09 11:59:53,834 [INFO] DbBoardsSqlite:226 - include board P-NUCLEO-WB55-USBDONGLE as a kit item of type 'Nucleo USB Dongle'
2026-01-09 11:59:53,836 [INFO] DbBoardsSqlite:226 - include board STEVAL-IDP005V1 as a kit item of type 'Evaluation Board'
2026-01-09 11:59:53,837 [INFO] DbBoardsSqlite:226 - include board STEVAL-IDP005V2 as a kit item of type 'Evaluation Board'
2026-01-09 11:59:54,543 [INFO] ApiDb:240 - Found 858 in-development CPN: [B-G473E-ZEST1S, B-WB1M-WPAN1, B-WBA5M-WPAN, B-WL5M-SUBG1, NUCLEO-C031C6, NUCLEO-C051C8, NUCLEO-C071RB, NUCLEO-C092RC, NUCLEO-H503RB, NUCLEO-H533RE, NUCLEO-H563ZI, NUCLEO-H7S3L8, NUCLEO-N657X0-Q, NUCLEO-U031R8, NUCLEO-U083RC, NUCLEO-U385RG-Q, NUCLEO-U545RE-Q, NUCLEO-U5A5ZJ-Q, NUCLEO-WB05KZ, NUCLEO-WB07CC, NUCLEO-WB09KE, NUCLEO-WBA52CG, NUCLEO-WBA55CG, NUCLEO-WL33CC1, NUCLEO-WL33CC2, STEVAL-PROTEUS1, STEVAL-SMARTAG2, STEVAL-STWINBX1, STM320518-EVAL, STM32C0116-DK, STM32C011D6Y3TR, STM32C011D6Y6TR, STM32C011F4P3, STM32C011F4P6, STM32C011F4U3, STM32C011F4U6TR, STM32C011F6P3, STM32C011F6P6, STM32C011F6U3, STM32C011F6U6TR, STM32C011J4M3, STM32C011J4M6, STM32C011J6M3, STM32C011J6M6, STM32C0316-DK, STM32C031C4T3, STM32C031C4T6, STM32C031C4U3, STM32C031C4U6, STM32C031C6T3, STM32C031C6T6, STM32C031C6U3, STM32C031C6U6, STM32C031F4P3, STM32C031F4P6, STM32C031F6P3, STM32C031F6P6, STM32C031G4U3, STM32C031G4U6, STM32C031G6U3, STM32C031G6U6, STM32C031K4T3, STM32C031K4T6, STM32C031K4U3, STM32C031K4U6, STM32C031K6T3, STM32C031K6T6, STM32C031K6U3, STM32C031K6U6, STM32C051C6T6, STM32C051C6U6, STM32C051C8T6, STM32C051C8U6, STM32C051D8Y6TR, STM32C051F6P6, STM32C051F8P6, STM32C051G6U6, STM32C051G8U6, STM32C051K6T6, STM32C051K6U6, STM32C051K8T6, STM32C071C8T6, STM32C071C8T6N, STM32C071C8U6, STM32C071C8U6N, STM32C071CBT6, STM32C071CBT6N, STM32C071CBU6, STM32C071CBU6N, STM32C071F8P6, STM32C071F8P6N, STM32C071FBP6, STM32C071FBP6N, STM32C071FBY6TR, STM32C071G8U6, STM32C071G8U6N, STM32C071GBU6, STM32C071GBU6N, STM32C071K8T6, STM32C071K8T6N, STM32C071K8U6, STM32C071K8U6N, STM32C071KBT6, STM32C071KBT6N, STM32C071KBU6, STM32C071KBU6N, STM32C071R8T6, STM32C071R8T6N, STM32C071RBI6N, STM32C071RBT6, STM32C071RBT6N, STM32C091CBT6, STM32C091CBU6, STM32C091CCT6, STM32C091CCU6, STM32C091ECY6TR, STM32C091FBP6, STM32C091FCP6, STM32C091GBU6, STM32C091GCU6, STM32C091KBT6, STM32C091KBU6, STM32C091KCT6, STM32C091KCU6, STM32C091RBT6, STM32C091RCI6, STM32C091RCT6, STM32C092CBT6, STM32C092CBU6, STM32C092CCT6, STM32C092CCU6, STM32C092ECY6TR, STM32C092FBP6, STM32C092FCP6, STM32C092GBU6, STM32C092GCU6, STM32C092KBT6, STM32C092KBU6, STM32C092KCT6, STM32C092KCU6, STM32C092RBT6, STM32C092RCI6, STM32C092RCT6, STM32G071K8TXN, STM32G071K8UXN, STM32G081GBU6N, STM32G081KBT6N, STM32G081KBUXN, STM32G0B1CCT6N, STM32G0B1KCT6, STM32G0B1NEY6TR, STM32G0B1RCT6N, STM32G0C1CCT6, STM32G0C1CCT6N, STM32G0C1CCU6N, STM32G0C1CET6N, STM32G0C1CEU6N, STM32G0C1KCT6, STM32G0C1NEY6TR, STM32G0C1RCI6N, STM32G0C1RCT6N, STM32G0C1REI6N, STM32G0C1RET6N, STM32G0C1VCI6, STM32G0C1VEI6, STM32G411C6T3, STM32G411C6T6, STM32G411C6U3, STM32G411C6U6, STM32G411C8T3, STM32G411C8T6, STM32G411C8U3, STM32G411C8U6, STM32G411CBT3, STM32G411CBT6, STM32G411CBU3, STM32G411CBU6, STM32G411CCT3, STM32G411CCT6, STM32G411CCU3, STM32G411CCU6, STM32G411K6T3, STM32G411K6T6, STM32G411K6U3, STM32G411K6U6, STM32G411K8T3, STM32G411K8T6, STM32G411K8U3, STM32G411K8U6, STM32G411KBT3, STM32G411KBT6, STM32G411KBU3, STM32G411KBU6, STM32G411M6T3, STM32G411M6T6, STM32G411M8T3, STM32G411M8T6, STM32G411MBT3, STM32G411MBT6, STM32G411MCT3, STM32G411MCT6, STM32G411R6T3, STM32G411R6T6, STM32G411R8T3, STM32G411R8T6, STM32G411RBT3, STM32G411RBT6, STM32G411RCT3, STM32G411RCT6, STM32G414CBT3, STM32G414CBT6, STM32G414CBU3, STM32G414CBU6, STM32G414CCT3, STM32G414CCT6, STM32G414CCU3, STM32G414CCU6, STM32G414MBT3, STM32G414MBT6, STM32G414MCT3, STM32G414MCT6, STM32G414RBT3, STM32G414RBT6, STM32G414RCT3, STM32G414RCT6, STM32G414VBT3, STM32G414VBT6, STM32G414VCT3, STM32G414VCT6, STM32G431CBT3Z, STM32G431RBT3Z, STM32G471CCT6, STM32G471CCU6, STM32G471CET3, STM32G471CET6, STM32G471CEU3, STM32G471CEU6, STM32G471MCT6, STM32G471MET3, STM32G471MET6, STM32G471MEY6TR, STM32G471QCT6, STM32G471QET3, STM32G471RCT6, STM32G471RET3, STM32G471RET6, STM32G471VCH6, STM32G471VCI6, STM32G471VCT6, STM32G471VEH3, STM32G471VEH6, STM32G471VEI3, STM32G471VEI6, STM32G471VET3, STM32G471VET6, STM32G473QET3Z, STM32G473RET3Z, STM32G474CCT6, STM32G491RET3Z, STM32H503CBT6, STM32H503CBU6, STM32H503EBY6TR, STM32H503KBU6, STM32H503RBT6, STM32H523CCT6, STM32H523CCU6, STM32H523CET6, STM32H523CEU6, STM32H523HEY6TR, STM32H523RCT6, STM32H523RET6, STM32H523VCI6, STM32H523VCT6, STM32H523VEI6, STM32H523VET6, STM32H523ZCJ6, STM32H523ZCT6, STM32H523ZEJ6, STM32H523ZET6, STM32H533CET6, STM32H533CEU6, STM32H533HEY6TR, STM32H533RET6, STM32H533VEI6, STM32H533VET6, STM32H533ZEJ6, STM32H533ZET6, STM32H562AGI6, STM32H562AII6, STM32H562IGK6, STM32H562IGT6, STM32H562IIK6, STM32H562IIT6, STM32H562RGT6, STM32H562RGV6, STM32H562RIT6, STM32H562RIV6, STM32H562VGT6, STM32H562VIT6, STM32H562ZGT6, STM32H562ZIT6, STM32H563AGI6, STM32H563AII3Q, STM32H563AII6, STM32H563IGK6, STM32H563IGT6, STM32H563IIK3Q, STM32H563IIK6, STM32H563IIT3Q, STM32H563IIT6, STM32H563MIY3QTR, STM32H563RGT6, STM32H563RGV6, STM32H563RIT6, STM32H563RIV6, STM32H563VGT6, STM32H563VIT3Q, STM32H563VIT6, STM32H563ZGT6, STM32H563ZIT3Q, STM32H563ZIT6, STM32H573AII3Q, STM32H573AII6, STM32H573I-DK, STM32H573IIK3Q, STM32H573IIK6, STM32H573IIT3Q, STM32H573IIT6, STM32H573MIY3QTR, STM32H573RIT6, STM32H573RIV6, STM32H573VIT3Q, STM32H573VIT6, STM32H573ZIT3Q, STM32H573ZIT6, STM32H7R3A8I6, STM32H7R3I8K6, STM32H7R3I8T6, STM32H7R3L8H6, STM32H7R3L8H6H, STM32H7R3R8V6, STM32H7R3V8H6, STM32H7R3V8T6, STM32H7R3V8Y6TR, STM32H7R3Z8J6, STM32H7R3Z8T6, STM32H7R7A8I6, STM32H7R7I8K6, STM32H7R7I8T6, STM32H7R7L8H6, STM32H7R7L8H6H, STM32H7R7Z8J6, STM32H7S3A8I6, STM32H7S3I8K6, STM32H7S3I8T6, STM32H7S3L8H6, STM32H7S3L8H6H, STM32H7S3R8V6, STM32H7S3V8H6, STM32H7S3V8T6, STM32H7S3V8Y6TR, STM32H7S3Z8J6, STM32H7S3Z8T6, STM32H7S78-DK, STM32H7S7A8I6, STM32H7S7I8K6, STM32H7S7I8T6, STM32H7S7L8H6, STM32H7S7L8H6H, STM32H7S7Z8J6, STM32L4R5QGI6STR, STM32MP131AAE3, STM32MP131AAF3, STM32MP131AAG3, STM32MP131CAE3, STM32MP131CAF3, STM32MP131CAG3, STM32MP131DAE7, STM32MP131DAF7, STM32MP131DAG7, STM32MP131FAE7, STM32MP131FAF7, STM32MP131FAG7, STM32MP133AAE3, STM32MP133AAF3, STM32MP133AAG3, STM32MP133CAE3, STM32MP133CAF3, STM32MP133CAG3, STM32MP133DAE7, STM32MP133DAF7, STM32MP133DAG7, STM32MP133FAE7, STM32MP133FAF7, STM32MP133FAG7, STM32MP135AAE3, STM32MP135AAF3, STM32MP135AAG3, STM32MP135CAE3, STM32MP135CAF3, STM32MP135CAG3, STM32MP135DAE7, STM32MP135DAF7, STM32MP135DAG7, STM32MP135F-DK, STM32MP135FAE7, STM32MP135FAF7, STM32MP135FAF7T, STM32MP135FAF7U, STM32MP135FAG7, STM32MP231AAJ3, STM32MP231AAK3, STM32MP231AAL3, STM32MP231CAJ3, STM32MP231CAK3, STM32MP231CAL3, STM32MP231DAJ3, STM32MP231DAK3, STM32MP231DAL3, STM32MP231FAJ3, STM32MP231FAK3, STM32MP231FAL3, STM32MP233AAJ3, STM32MP233AAK3, STM32MP233AAL3, STM32MP233CAJ3, STM32MP233CAK3, STM32MP233CAL3, STM32MP233DAJ3, STM32MP233DAK3, STM32MP233DAL3, STM32MP233FAJ3, STM32MP233FAK3, STM32MP233FAL3, STM32MP235AAJ3, STM32MP235AAK3, STM32MP235AAL3, STM32MP235CAJ3, STM32MP235CAK3, STM32MP235CAL3, STM32MP235DAJ3, STM32MP235DAK3, STM32MP235DAL3, STM32MP235FAJ3, STM32MP235FAK3, STM32MP235FAL3, STM32MP251AAI3, STM32MP251AAJ3, STM32MP251AAK3, STM32MP251AAL3, STM32MP251CAI3, STM32MP251CAJ3, STM32MP251CAK3, STM32MP251CAL3, STM32MP251DAI3, STM32MP251DAJ3, STM32MP251DAK3, STM32MP251DAL3, STM32MP251FAI3, STM32MP251FAJ3, STM32MP251FAK3, STM32MP251FAL3, STM32MP253AAI3, STM32MP253AAJ3, STM32MP253AAK3, STM32MP253AAL3, STM32MP253CAI3, STM32MP253CAJ3, STM32MP253CAK3, STM32MP253CAL3, STM32MP253DAI3, STM32MP253DAJ3, STM32MP253DAK3, STM32MP253DAL3, STM32MP253FAI3, STM32MP253FAJ3, STM32MP253FAK3, STM32MP253FAL3, STM32MP255AAI3, STM32MP255AAJ3, STM32MP255AAK3, STM32MP255AAL3, STM32MP255CAI3, STM32MP255CAJ3, STM32MP255CAK3, STM32MP255CAL3, STM32MP255DAI3, STM32MP255DAJ3, STM32MP255DAK3, STM32MP255DAL3, STM32MP255FAI3, STM32MP255FAJ3, STM32MP255FAK3, STM32MP255FAL3, STM32MP257AAI3, STM32MP257AAJ3, STM32MP257AAK3, STM32MP257AAL3, STM32MP257CAI3, STM32MP257CAJ3, STM32MP257CAK3, STM32MP257CAL3, STM32MP257DAI3, STM32MP257DAJ3, STM32MP257DAK3, STM32MP257DAL3, STM32MP257F-DK, STM32MP257F-EV1, STM32MP257FAI3, STM32MP257FAJ3, STM32MP257FAK3, STM32MP257FAL3, STM32N645A0H3Q, STM32N645B0H3Q, STM32N645I0H3Q, STM32N645L0H3Q, STM32N645X0H3Q, STM32N645Z0H3Q, STM32N647A0H3Q, STM32N647B0H3Q, STM32N647I0H3Q, STM32N647L0H3Q, STM32N647X0H3Q, STM32N647Z0H3Q, STM32N655A0H3Q, STM32N655B0H3Q, STM32N655I0H3Q, STM32N655L0H3Q, STM32N655X0H3Q, STM32N655Z0H3Q, STM32N6570-DK, STM32N657A0H3Q, STM32N657B0H3Q, STM32N657I0H3Q, STM32N657L0H3Q, STM32N657X0H3Q, STM32N657Z0H3Q, STM32U031C6T6, STM32U031C6U6, STM32U031C8T6, STM32U031C8U6, STM32U031F4P6, STM32U031F6P6, STM32U031F8P6, STM32U031G6Y6TR, STM32U031G8Y6TR, STM32U031K4U6, STM32U031K6U6, STM32U031K8U6, STM32U031R6I6, STM32U031R6T6, STM32U031R8I6, STM32U031R8T6, STM32U073C8T6, STM32U073C8U6, STM32U073CBT6, STM32U073CBU6, STM32U073CCT6, STM32U073CCU6, STM32U073H8Y6TR, STM32U073HBY6TR, STM32U073HCY6TR, STM32U073K8U6, STM32U073KBU6, STM32U073KCU6, STM32U073M8I6, STM32U073M8T6, STM32U073MBI6, STM32U073MBT6, STM32U073MCI6, STM32U073MCT6, STM32U073R8I6, STM32U073R8T6, STM32U073RBI6, STM32U073RBT6, STM32U073RCI6, STM32U073RCT6, STM32U083C-DK, STM32U083CCT6, STM32U083CCU6, STM32U083HCY6TR, STM32U083KCU6, STM32U083MCI6, STM32U083MCT6, STM32U083RCI6, STM32U083RCT6, STM32U375CET6, STM32U375CET6Q, STM32U375CEU6, STM32U375CEU6Q, STM32U375CEY6QTR, STM32U375CGT6, STM32U375CGT6Q, STM32U375CGU6, STM32U375CGU6Q, STM32U375CGY6QTR, STM32U375KEU6, STM32U375KGU6, STM32U375REI6, STM32U375REI6Q, STM32U375RET6, STM32U375RET6Q, STM32U375REY6GTR, STM32U375REY6QTR, STM32U375RGI6, STM32U375RGI6Q, STM32U375RGT6, STM32U375RGT6Q, STM32U375RGY6GTR, STM32U375RGY6QTR, STM32U375VEI6, STM32U375VEI6Q, STM32U375VET6, STM32U375VET6Q, STM32U375VGI6, STM32U375VGI6Q, STM32U375VGT6, STM32U375VGT6Q, STM32U385CGT6, STM32U385CGT6Q, STM32U385CGU6, STM32U385CGU6Q, STM32U385CGY6QTR, STM32U385KGU6, STM32U385RGI6, STM32U385RGI6Q, STM32U385RGT6, STM32U385RGT6Q, STM32U385RGY6GTR, STM32U385RGY6QTR, STM32U385VGI6, STM32U385VGI6Q, STM32U385VGT6, STM32U385VGT6Q, STM32U535CBT6, STM32U535CBT6Q, STM32U535CBU6, STM32U535CBU6Q, STM32U535CCT6, STM32U535CCT6Q, STM32U535CCU6, STM32U535CCU6Q, STM32U535CET6, STM32U535CET6Q, STM32U535CEU6, STM32U535CEU6Q, STM32U535JEY6QTR, STM32U535NCY6QTR, STM32U535NEY6QTR, STM32U535RBI6, STM32U535RBI6Q, STM32U535RBT6, STM32U535RBT6Q, STM32U535RCI6, STM32U535RCI6Q, STM32U535RCT6, STM32U535RCT6Q, STM32U535REI6, STM32U535REI6Q, STM32U535RET6, STM32U535RET6Q, STM32U535VCI6, STM32U535VCI6Q, STM32U535VCT6, STM32U535VCT6Q, STM32U535VEI6, STM32U535VEI6Q, STM32U535VET6, STM32U535VET6Q, STM32U545CET6, STM32U545CET6Q, STM32U545CEU6, STM32U545CEU6Q, STM32U545JEY6QTR, STM32U545NEY6QTR, STM32U545REI6, STM32U545REI6Q, STM32U545RET6, STM32U545RET6Q, STM32U545VEI6, STM32U545VEI6Q, STM32U545VET6, STM32U545VET6Q, STM32U595AIH6, STM32U595AIH6Q, STM32U595AJH6, STM32U595AJH6Q, STM32U595QII6, STM32U595QII6Q, STM32U595QJI6, STM32U595QJI6Q, STM32U595RIT6, STM32U595RIT6Q, STM32U595RJT6, STM32U595RJT6Q, STM32U595VIT6, STM32U595VIT6Q, STM32U595VJT6, STM32U595VJT6Q, STM32U595ZIT6, STM32U595ZIT6Q, STM32U595ZIY6QTR, STM32U595ZJT6, STM32U595ZJT6Q, STM32U595ZJY6QTR, STM32U599BJY6QTR, STM32U599NIH6Q, STM32U599NJH6Q, STM32U599VIT6Q, STM32U599VJT6, STM32U599VJT6Q, STM32U599ZIT6Q, STM32U599ZIY6QTR, STM32U599ZJT6Q, STM32U599ZJY6QTR, STM32U5A5AJH6, STM32U5A5AJH6Q, STM32U5A5QII3Q , STM32U5A5QJI6, STM32U5A5QJI6Q, STM32U5A5RJT6, STM32U5A5RJT6Q, STM32U5A5VJT6, STM32U5A5VJT6Q, STM32U5A5ZJT6, STM32U5A5ZJT6Q, STM32U5A5ZJY6QTR, STM32U5A9BJY6QTR, STM32U5A9J-DK, STM32U5A9NJH6Q, STM32U5A9VJT6Q, STM32U5A9ZJT6Q, STM32U5A9ZJY6QTR, STM32U5F7VIT6, STM32U5F7VIT6Q, STM32U5F7VJT6, STM32U5F7VJT6Q, STM32U5F9BJY6QTR, STM32U5F9NJH6Q, STM32U5F9VIT6Q, STM32U5F9VJT6Q, STM32U5F9ZIJ6QTR, STM32U5F9ZIT6Q, STM32U5F9ZJJ6QTR, STM32U5F9ZJT6Q, STM32U5G7VJT6, STM32U5G7VJT6Q, STM32U5G9BJY6QTR, STM32U5G9J-DK1, STM32U5G9J-DK2, STM32U5G9NJH6Q, STM32U5G9VJT6Q, STM32U5G9ZJJ6QTR, STM32U5G9ZJT6Q, STM32WB05KZV6TR, STM32WB05KZV7TR, STM32WB05TZF6TR, STM32WB05TZF7TR, STM32WB06CCF6TR, STM32WB06CCF7TR, STM32WB06CCV6TR, STM32WB06CCV7TR, STM32WB06KCV6TR, STM32WB06KCV7TR, STM32WB07CCF6TR, STM32WB07CCF7TR, STM32WB07CCV6TR, STM32WB07CCV7TR, STM32WB07KCV6TR, STM32WB07KCV7TR, STM32WB09KEV6TR, STM32WB09KEV7TR, STM32WB09TEF6TR, STM32WB09TEF7TR, STM32WB1MMCH6, STM32WBA50KGU6, STM32WBA50KGU6TR, STM32WBA52CEU6, STM32WBA52CEU6TR, STM32WBA52CEU7, STM32WBA52CEU7TR, STM32WBA52CGU6, STM32WBA52CGU6TR, STM32WBA52CGU6U, STM32WBA52CGU7, STM32WBA52CGU7TR, STM32WBA52KEU6, STM32WBA52KEU6TR, STM32WBA52KGU6, STM32WBA52KGU6TR, STM32WBA54CEU6, STM32WBA54CEU6TR, STM32WBA54CEU7, STM32WBA54CEU7TR, STM32WBA54CGU6, STM32WBA54CGU6TR, STM32WBA54CGU7, STM32WBA54CGU7TR, STM32WBA54KEU6, STM32WBA54KEU6TR, STM32WBA54KEU7, STM32WBA54KEU7TR, STM32WBA54KGU6, STM32WBA54KGU6TR, STM32WBA54KGU7, STM32WBA54KGU7TR, STM32WBA55CEU6, STM32WBA55CEU6TR, STM32WBA55CEU7, STM32WBA55CEU7TR, STM32WBA55CGU6, STM32WBA55CGU6TR, STM32WBA55CGU6U, STM32WBA55CGU7, STM32WBA55CGU7TR, STM32WBA55G-DK1, STM32WBA55HEF6, STM32WBA55HEF7, STM32WBA55HGF6, STM32WBA55HGF7, STM32WBA55UEI6, STM32WBA55UEI6TR, STM32WBA55UEI7, STM32WBA55UEI7TR, STM32WBA55UGI6, STM32WBA55UGI6TR, STM32WBA55UGI7, STM32WBA55UGI7TR, STM32WBA5MJGH6TR, STM32WBA5MJGH6U, STM32WL33C8V6, STM32WL33C8V6TR, STM32WL33C8V7, STM32WL33C8V7TR, STM32WL33CBV6, STM32WL33CBV6TR, STM32WL33CBV7, STM32WL33CBV7TR, STM32WL33CCV6, STM32WL33CCV6TR, STM32WL33CCV7, STM32WL33CCV7A, STM32WL33CCV7ATR, STM32WL33CCV7TR, STM32WL33K8V6, STM32WL33K8V6TR, STM32WL33K8V7, STM32WL33K8V7TR, STM32WL33KBV6, STM32WL33KBV6TR, STM32WL33KBV7, STM32WL33KBV7TR, STM32WL33KCV6, STM32WL33KCV6TR, STM32WL33KCV7, STM32WL33KCV7TR, STM32WL5MOCH6, STM32WL5MOCH6TR]
2026-01-09 11:59:54,553 [INFO] ApiDb:668 - CubeFinder database Data Model version=2.1
2026-01-09 11:59:54,553 [INFO] ApiDb:669 - CubeFinder database Configuration version=3.0.39
2026-01-09 11:59:54,553 [INFO] ApiDb:670 - CubeFinder database generation date=2025-11-05 (1762334721)
2026-01-09 11:59:54,553 [INFO] ApiDb:671 - CubeFinder database FW Pack versions=[FP-ATR-ASTRA1_V2.0.0, FP-SNS-FLIGHT1_V5.1.0, FP-SNS-MOTENV1_V5.1.0, FP-SNS-MOTENVWB1_V1.4.0, FP-SNS-SMARTAG2_V1.2.0, FP-SNS-STBOX1_V2.1.0, STM32Cube_FW_C0_V1.4.0, STM32Cube_FW_F4_V1.28.3, STM32Cube_FW_F7_V1.17.4, STM32Cube_FW_G0_V1.6.2, STM32Cube_FW_G4_V1.6.1, STM32Cube_FW_H5_V1.5.1, STM32Cube_FW_H7RS_V1.3.0, STM32Cube_FW_H7_V1.12.1, STM32Cube_FW_L0_V1.12.2, STM32Cube_FW_L4_V1.18.1, STM32Cube_FW_L5_V1.6.0, STM32Cube_FW_N6_V1.3.0, STM32Cube_FW_U0_V1.3.0, STM32Cube_FW_U3_V1.2.1, STM32Cube_FW_U5_V1.8.0, STM32Cube_FW_WB0_V1.4.0, STM32Cube_FW_WBA_V1.8.0, STM32Cube_FW_WB_V1.24.0, STM32Cube_FW_WL3_V1.3.0, STM32Cube_FW_WL_V1.4.0, X-CUBE-ALGOBUILD_V1.4.0, X-CUBE-ALS_V1.0.2, X-CUBE-AZRTOS-F4_V1.1.0, X-CUBE-AZRTOS-F7_V1.1.0, X-CUBE-AZRTOS-G0_V1.1.0, X-CUBE-AZRTOS-G4_V2.0.0, X-CUBE-AZRTOS-H7RS_V1.1.0, X-CUBE-AZRTOS-H7_V3.4.0, X-CUBE-AZRTOS-L4_V2.0.0, X-CUBE-AZRTOS-L5_V2.0.0, X-CUBE-AZRTOS-WB_V2.0.0, X-CUBE-AZRTOS-WL_V2.0.0, X-CUBE-BLE1_V7.1.0, X-CUBE-BLE2_V3.3.0, X-CUBE-BLEMGR_V4.1.0, X-CUBE-EEPRMA1_V5.2.0, X-CUBE-FREERTOS_V1.3.1, X-CUBE-GNSS1_V6.0.0, X-CUBE-MEMS1_V11.3.0, X-CUBE-NFC4_V3.0.0, X-CUBE-NFC7_V2.0.0, X-CUBE-SFXS2LP1_V4.0.0, X-CUBE-ST67W61_V1.1.0, X-CUBE-SUBG2_V5.0.0, X-CUBE-TOF1_V3.4.3]
2026-01-09 11:59:58,861 [INFO] ApiDb:240 - Found 858 in-development CPN: [B-G473E-ZEST1S, B-WB1M-WPAN1, B-WBA5M-WPAN, B-WL5M-SUBG1, NUCLEO-C031C6, NUCLEO-C051C8, NUCLEO-C071RB, NUCLEO-C092RC, NUCLEO-H503RB, NUCLEO-H533RE, NUCLEO-H563ZI, NUCLEO-H7S3L8, NUCLEO-N657X0-Q, NUCLEO-U031R8, NUCLEO-U083RC, NUCLEO-U385RG-Q, NUCLEO-U545RE-Q, NUCLEO-U5A5ZJ-Q, NUCLEO-WB05KZ, NUCLEO-WB07CC, NUCLEO-WB09KE, NUCLEO-WBA52CG, NUCLEO-WBA55CG, NUCLEO-WL33CC1, NUCLEO-WL33CC2, STEVAL-PROTEUS1, STEVAL-SMARTAG2, STEVAL-STWINBX1, STM320518-EVAL, STM32C0116-DK, STM32C011D6Y3TR, STM32C011D6Y6TR, STM32C011F4P3, STM32C011F4P6, STM32C011F4U3, STM32C011F4U6TR, STM32C011F6P3, STM32C011F6P6, STM32C011F6U3, STM32C011F6U6TR, STM32C011J4M3, STM32C011J4M6, STM32C011J6M3, STM32C011J6M6, STM32C0316-DK, STM32C031C4T3, STM32C031C4T6, STM32C031C4U3, STM32C031C4U6, STM32C031C6T3, STM32C031C6T6, STM32C031C6U3, STM32C031C6U6, STM32C031F4P3, STM32C031F4P6, STM32C031F6P3, STM32C031F6P6, STM32C031G4U3, STM32C031G4U6, STM32C031G6U3, STM32C031G6U6, STM32C031K4T3, STM32C031K4T6, STM32C031K4U3, STM32C031K4U6, STM32C031K6T3, STM32C031K6T6, STM32C031K6U3, STM32C031K6U6, STM32C051C6T6, STM32C051C6U6, STM32C051C8T6, STM32C051C8U6, STM32C051D8Y6TR, STM32C051F6P6, STM32C051F8P6, STM32C051G6U6, STM32C051G8U6, STM32C051K6T6, STM32C051K6U6, STM32C051K8T6, STM32C071C8T6, STM32C071C8T6N, STM32C071C8U6, STM32C071C8U6N, STM32C071CBT6, STM32C071CBT6N, STM32C071CBU6, STM32C071CBU6N, STM32C071F8P6, STM32C071F8P6N, STM32C071FBP6, STM32C071FBP6N, STM32C071FBY6TR, STM32C071G8U6, STM32C071G8U6N, STM32C071GBU6, STM32C071GBU6N, STM32C071K8T6, STM32C071K8T6N, STM32C071K8U6, STM32C071K8U6N, STM32C071KBT6, STM32C071KBT6N, STM32C071KBU6, STM32C071KBU6N, STM32C071R8T6, STM32C071R8T6N, STM32C071RBI6N, STM32C071RBT6, STM32C071RBT6N, STM32C091CBT6, STM32C091CBU6, STM32C091CCT6, STM32C091CCU6, STM32C091ECY6TR, STM32C091FBP6, STM32C091FCP6, STM32C091GBU6, STM32C091GCU6, STM32C091KBT6, STM32C091KBU6, STM32C091KCT6, STM32C091KCU6, STM32C091RBT6, STM32C091RCI6, STM32C091RCT6, STM32C092CBT6, STM32C092CBU6, STM32C092CCT6, STM32C092CCU6, STM32C092ECY6TR, STM32C092FBP6, STM32C092FCP6, STM32C092GBU6, STM32C092GCU6, STM32C092KBT6, STM32C092KBU6, STM32C092KCT6, STM32C092KCU6, STM32C092RBT6, STM32C092RCI6, STM32C092RCT6, STM32G071K8TXN, STM32G071K8UXN, STM32G081GBU6N, STM32G081KBT6N, STM32G081KBUXN, STM32G0B1CCT6N, STM32G0B1KCT6, STM32G0B1NEY6TR, STM32G0B1RCT6N, STM32G0C1CCT6, STM32G0C1CCT6N, STM32G0C1CCU6N, STM32G0C1CET6N, STM32G0C1CEU6N, STM32G0C1KCT6, STM32G0C1NEY6TR, STM32G0C1RCI6N, STM32G0C1RCT6N, STM32G0C1REI6N, STM32G0C1RET6N, STM32G0C1VCI6, STM32G0C1VEI6, STM32G411C6T3, STM32G411C6T6, STM32G411C6U3, STM32G411C6U6, STM32G411C8T3, STM32G411C8T6, STM32G411C8U3, STM32G411C8U6, STM32G411CBT3, STM32G411CBT6, STM32G411CBU3, STM32G411CBU6, STM32G411CCT3, STM32G411CCT6, STM32G411CCU3, STM32G411CCU6, STM32G411K6T3, STM32G411K6T6, STM32G411K6U3, STM32G411K6U6, STM32G411K8T3, STM32G411K8T6, STM32G411K8U3, STM32G411K8U6, STM32G411KBT3, STM32G411KBT6, STM32G411KBU3, STM32G411KBU6, STM32G411M6T3, STM32G411M6T6, STM32G411M8T3, STM32G411M8T6, STM32G411MBT3, STM32G411MBT6, STM32G411MCT3, STM32G411MCT6, STM32G411R6T3, STM32G411R6T6, STM32G411R8T3, STM32G411R8T6, STM32G411RBT3, STM32G411RBT6, STM32G411RCT3, STM32G411RCT6, STM32G414CBT3, STM32G414CBT6, STM32G414CBU3, STM32G414CBU6, STM32G414CCT3, STM32G414CCT6, STM32G414CCU3, STM32G414CCU6, STM32G414MBT3, STM32G414MBT6, STM32G414MCT3, STM32G414MCT6, STM32G414RBT3, STM32G414RBT6, STM32G414RCT3, STM32G414RCT6, STM32G414VBT3, STM32G414VBT6, STM32G414VCT3, STM32G414VCT6, STM32G431CBT3Z, STM32G431RBT3Z, STM32G471CCT6, STM32G471CCU6, STM32G471CET3, STM32G471CET6, STM32G471CEU3, STM32G471CEU6, STM32G471MCT6, STM32G471MET3, STM32G471MET6, STM32G471MEY6TR, STM32G471QCT6, STM32G471QET3, STM32G471RCT6, STM32G471RET3, STM32G471RET6, STM32G471VCH6, STM32G471VCI6, STM32G471VCT6, STM32G471VEH3, STM32G471VEH6, STM32G471VEI3, STM32G471VEI6, STM32G471VET3, STM32G471VET6, STM32G473QET3Z, STM32G473RET3Z, STM32G474CCT6, STM32G491RET3Z, STM32H503CBT6, STM32H503CBU6, STM32H503EBY6TR, STM32H503KBU6, STM32H503RBT6, STM32H523CCT6, STM32H523CCU6, STM32H523CET6, STM32H523CEU6, STM32H523HEY6TR, STM32H523RCT6, STM32H523RET6, STM32H523VCI6, STM32H523VCT6, STM32H523VEI6, STM32H523VET6, STM32H523ZCJ6, STM32H523ZCT6, STM32H523ZEJ6, STM32H523ZET6, STM32H533CET6, STM32H533CEU6, STM32H533HEY6TR, STM32H533RET6, STM32H533VEI6, STM32H533VET6, STM32H533ZEJ6, STM32H533ZET6, STM32H562AGI6, STM32H562AII6, STM32H562IGK6, STM32H562IGT6, STM32H562IIK6, STM32H562IIT6, STM32H562RGT6, STM32H562RGV6, STM32H562RIT6, STM32H562RIV6, STM32H562VGT6, STM32H562VIT6, STM32H562ZGT6, STM32H562ZIT6, STM32H563AGI6, STM32H563AII3Q, STM32H563AII6, STM32H563IGK6, STM32H563IGT6, STM32H563IIK3Q, STM32H563IIK6, STM32H563IIT3Q, STM32H563IIT6, STM32H563MIY3QTR, STM32H563RGT6, STM32H563RGV6, STM32H563RIT6, STM32H563RIV6, STM32H563VGT6, STM32H563VIT3Q, STM32H563VIT6, STM32H563ZGT6, STM32H563ZIT3Q, STM32H563ZIT6, STM32H573AII3Q, STM32H573AII6, STM32H573I-DK, STM32H573IIK3Q, STM32H573IIK6, STM32H573IIT3Q, STM32H573IIT6, STM32H573MIY3QTR, STM32H573RIT6, STM32H573RIV6, STM32H573VIT3Q, STM32H573VIT6, STM32H573ZIT3Q, STM32H573ZIT6, STM32H7R3A8I6, STM32H7R3I8K6, STM32H7R3I8T6, STM32H7R3L8H6, STM32H7R3L8H6H, STM32H7R3R8V6, STM32H7R3V8H6, STM32H7R3V8T6, STM32H7R3V8Y6TR, STM32H7R3Z8J6, STM32H7R3Z8T6, STM32H7R7A8I6, STM32H7R7I8K6, STM32H7R7I8T6, STM32H7R7L8H6, STM32H7R7L8H6H, STM32H7R7Z8J6, STM32H7S3A8I6, STM32H7S3I8K6, STM32H7S3I8T6, STM32H7S3L8H6, STM32H7S3L8H6H, STM32H7S3R8V6, STM32H7S3V8H6, STM32H7S3V8T6, STM32H7S3V8Y6TR, STM32H7S3Z8J6, STM32H7S3Z8T6, STM32H7S78-DK, STM32H7S7A8I6, STM32H7S7I8K6, STM32H7S7I8T6, STM32H7S7L8H6, STM32H7S7L8H6H, STM32H7S7Z8J6, STM32L4R5QGI6STR, STM32MP131AAE3, STM32MP131AAF3, STM32MP131AAG3, STM32MP131CAE3, STM32MP131CAF3, STM32MP131CAG3, STM32MP131DAE7, STM32MP131DAF7, STM32MP131DAG7, STM32MP131FAE7, STM32MP131FAF7, STM32MP131FAG7, STM32MP133AAE3, STM32MP133AAF3, STM32MP133AAG3, STM32MP133CAE3, STM32MP133CAF3, STM32MP133CAG3, STM32MP133DAE7, STM32MP133DAF7, STM32MP133DAG7, STM32MP133FAE7, STM32MP133FAF7, STM32MP133FAG7, STM32MP135AAE3, STM32MP135AAF3, STM32MP135AAG3, STM32MP135CAE3, STM32MP135CAF3, STM32MP135CAG3, STM32MP135DAE7, STM32MP135DAF7, STM32MP135DAG7, STM32MP135F-DK, STM32MP135FAE7, STM32MP135FAF7, STM32MP135FAF7T, STM32MP135FAF7U, STM32MP135FAG7, STM32MP231AAJ3, STM32MP231AAK3, STM32MP231AAL3, STM32MP231CAJ3, STM32MP231CAK3, STM32MP231CAL3, STM32MP231DAJ3, STM32MP231DAK3, STM32MP231DAL3, STM32MP231FAJ3, STM32MP231FAK3, STM32MP231FAL3, STM32MP233AAJ3, STM32MP233AAK3, STM32MP233AAL3, STM32MP233CAJ3, STM32MP233CAK3, STM32MP233CAL3, STM32MP233DAJ3, STM32MP233DAK3, STM32MP233DAL3, STM32MP233FAJ3, STM32MP233FAK3, STM32MP233FAL3, STM32MP235AAJ3, STM32MP235AAK3, STM32MP235AAL3, STM32MP235CAJ3, STM32MP235CAK3, STM32MP235CAL3, STM32MP235DAJ3, STM32MP235DAK3, STM32MP235DAL3, STM32MP235FAJ3, STM32MP235FAK3, STM32MP235FAL3, STM32MP251AAI3, STM32MP251AAJ3, STM32MP251AAK3, STM32MP251AAL3, STM32MP251CAI3, STM32MP251CAJ3, STM32MP251CAK3, STM32MP251CAL3, STM32MP251DAI3, STM32MP251DAJ3, STM32MP251DAK3, STM32MP251DAL3, STM32MP251FAI3, STM32MP251FAJ3, STM32MP251FAK3, STM32MP251FAL3, STM32MP253AAI3, STM32MP253AAJ3, STM32MP253AAK3, STM32MP253AAL3, STM32MP253CAI3, STM32MP253CAJ3, STM32MP253CAK3, STM32MP253CAL3, STM32MP253DAI3, STM32MP253DAJ3, STM32MP253DAK3, STM32MP253DAL3, STM32MP253FAI3, STM32MP253FAJ3, STM32MP253FAK3, STM32MP253FAL3, STM32MP255AAI3, STM32MP255AAJ3, STM32MP255AAK3, STM32MP255AAL3, STM32MP255CAI3, STM32MP255CAJ3, STM32MP255CAK3, STM32MP255CAL3, STM32MP255DAI3, STM32MP255DAJ3, STM32MP255DAK3, STM32MP255DAL3, STM32MP255FAI3, STM32MP255FAJ3, STM32MP255FAK3, STM32MP255FAL3, STM32MP257AAI3, STM32MP257AAJ3, STM32MP257AAK3, STM32MP257AAL3, STM32MP257CAI3, STM32MP257CAJ3, STM32MP257CAK3, STM32MP257CAL3, STM32MP257DAI3, STM32MP257DAJ3, STM32MP257DAK3, STM32MP257DAL3, STM32MP257F-DK, STM32MP257F-EV1, STM32MP257FAI3, STM32MP257FAJ3, STM32MP257FAK3, STM32MP257FAL3, STM32N645A0H3Q, STM32N645B0H3Q, STM32N645I0H3Q, STM32N645L0H3Q, STM32N645X0H3Q, STM32N645Z0H3Q, STM32N647A0H3Q, STM32N647B0H3Q, STM32N647I0H3Q, STM32N647L0H3Q, STM32N647X0H3Q, STM32N647Z0H3Q, STM32N655A0H3Q, STM32N655B0H3Q, STM32N655I0H3Q, STM32N655L0H3Q, STM32N655X0H3Q, STM32N655Z0H3Q, STM32N6570-DK, STM32N657A0H3Q, STM32N657B0H3Q, STM32N657I0H3Q, STM32N657L0H3Q, STM32N657X0H3Q, STM32N657Z0H3Q, STM32U031C6T6, STM32U031C6U6, STM32U031C8T6, STM32U031C8U6, STM32U031F4P6, STM32U031F6P6, STM32U031F8P6, STM32U031G6Y6TR, STM32U031G8Y6TR, STM32U031K4U6, STM32U031K6U6, STM32U031K8U6, STM32U031R6I6, STM32U031R6T6, STM32U031R8I6, STM32U031R8T6, STM32U073C8T6, STM32U073C8U6, STM32U073CBT6, STM32U073CBU6, STM32U073CCT6, STM32U073CCU6, STM32U073H8Y6TR, STM32U073HBY6TR, STM32U073HCY6TR, STM32U073K8U6, STM32U073KBU6, STM32U073KCU6, STM32U073M8I6, STM32U073M8T6, STM32U073MBI6, STM32U073MBT6, STM32U073MCI6, STM32U073MCT6, STM32U073R8I6, STM32U073R8T6, STM32U073RBI6, STM32U073RBT6, STM32U073RCI6, STM32U073RCT6, STM32U083C-DK, STM32U083CCT6, STM32U083CCU6, STM32U083HCY6TR, STM32U083KCU6, STM32U083MCI6, STM32U083MCT6, STM32U083RCI6, STM32U083RCT6, STM32U375CET6, STM32U375CET6Q, STM32U375CEU6, STM32U375CEU6Q, STM32U375CEY6QTR, STM32U375CGT6, STM32U375CGT6Q, STM32U375CGU6, STM32U375CGU6Q, STM32U375CGY6QTR, STM32U375KEU6, STM32U375KGU6, STM32U375REI6, STM32U375REI6Q, STM32U375RET6, STM32U375RET6Q, STM32U375REY6GTR, STM32U375REY6QTR, STM32U375RGI6, STM32U375RGI6Q, STM32U375RGT6, STM32U375RGT6Q, STM32U375RGY6GTR, STM32U375RGY6QTR, STM32U375VEI6, STM32U375VEI6Q, STM32U375VET6, STM32U375VET6Q, STM32U375VGI6, STM32U375VGI6Q, STM32U375VGT6, STM32U375VGT6Q, STM32U385CGT6, STM32U385CGT6Q, STM32U385CGU6, STM32U385CGU6Q, STM32U385CGY6QTR, STM32U385KGU6, STM32U385RGI6, STM32U385RGI6Q, STM32U385RGT6, STM32U385RGT6Q, STM32U385RGY6GTR, STM32U385RGY6QTR, STM32U385VGI6, STM32U385VGI6Q, STM32U385VGT6, STM32U385VGT6Q, STM32U535CBT6, STM32U535CBT6Q, STM32U535CBU6, STM32U535CBU6Q, STM32U535CCT6, STM32U535CCT6Q, STM32U535CCU6, STM32U535CCU6Q, STM32U535CET6, STM32U535CET6Q, STM32U535CEU6, STM32U535CEU6Q, STM32U535JEY6QTR, STM32U535NCY6QTR, STM32U535NEY6QTR, STM32U535RBI6, STM32U535RBI6Q, STM32U535RBT6, STM32U535RBT6Q, STM32U535RCI6, STM32U535RCI6Q, STM32U535RCT6, STM32U535RCT6Q, STM32U535REI6, STM32U535REI6Q, STM32U535RET6, STM32U535RET6Q, STM32U535VCI6, STM32U535VCI6Q, STM32U535VCT6, STM32U535VCT6Q, STM32U535VEI6, STM32U535VEI6Q, STM32U535VET6, STM32U535VET6Q, STM32U545CET6, STM32U545CET6Q, STM32U545CEU6, STM32U545CEU6Q, STM32U545JEY6QTR, STM32U545NEY6QTR, STM32U545REI6, STM32U545REI6Q, STM32U545RET6, STM32U545RET6Q, STM32U545VEI6, STM32U545VEI6Q, STM32U545VET6, STM32U545VET6Q, STM32U595AIH6, STM32U595AIH6Q, STM32U595AJH6, STM32U595AJH6Q, STM32U595QII6, STM32U595QII6Q, STM32U595QJI6, STM32U595QJI6Q, STM32U595RIT6, STM32U595RIT6Q, STM32U595RJT6, STM32U595RJT6Q, STM32U595VIT6, STM32U595VIT6Q, STM32U595VJT6, STM32U595VJT6Q, STM32U595ZIT6, STM32U595ZIT6Q, STM32U595ZIY6QTR, STM32U595ZJT6, STM32U595ZJT6Q, STM32U595ZJY6QTR, STM32U599BJY6QTR, STM32U599NIH6Q, STM32U599NJH6Q, STM32U599VIT6Q, STM32U599VJT6, STM32U599VJT6Q, STM32U599ZIT6Q, STM32U599ZIY6QTR, STM32U599ZJT6Q, STM32U599ZJY6QTR, STM32U5A5AJH6, STM32U5A5AJH6Q, STM32U5A5QII3Q , STM32U5A5QJI6, STM32U5A5QJI6Q, STM32U5A5RJT6, STM32U5A5RJT6Q, STM32U5A5VJT6, STM32U5A5VJT6Q, STM32U5A5ZJT6, STM32U5A5ZJT6Q, STM32U5A5ZJY6QTR, STM32U5A9BJY6QTR, STM32U5A9J-DK, STM32U5A9NJH6Q, STM32U5A9VJT6Q, STM32U5A9ZJT6Q, STM32U5A9ZJY6QTR, STM32U5F7VIT6, STM32U5F7VIT6Q, STM32U5F7VJT6, STM32U5F7VJT6Q, STM32U5F9BJY6QTR, STM32U5F9NJH6Q, STM32U5F9VIT6Q, STM32U5F9VJT6Q, STM32U5F9ZIJ6QTR, STM32U5F9ZIT6Q, STM32U5F9ZJJ6QTR, STM32U5F9ZJT6Q, STM32U5G7VJT6, STM32U5G7VJT6Q, STM32U5G9BJY6QTR, STM32U5G9J-DK1, STM32U5G9J-DK2, STM32U5G9NJH6Q, STM32U5G9VJT6Q, STM32U5G9ZJJ6QTR, STM32U5G9ZJT6Q, STM32WB05KZV6TR, STM32WB05KZV7TR, STM32WB05TZF6TR, STM32WB05TZF7TR, STM32WB06CCF6TR, STM32WB06CCF7TR, STM32WB06CCV6TR, STM32WB06CCV7TR, STM32WB06KCV6TR, STM32WB06KCV7TR, STM32WB07CCF6TR, STM32WB07CCF7TR, STM32WB07CCV6TR, STM32WB07CCV7TR, STM32WB07KCV6TR, STM32WB07KCV7TR, STM32WB09KEV6TR, STM32WB09KEV7TR, STM32WB09TEF6TR, STM32WB09TEF7TR, STM32WB1MMCH6, STM32WBA50KGU6, STM32WBA50KGU6TR, STM32WBA52CEU6, STM32WBA52CEU6TR, STM32WBA52CEU7, STM32WBA52CEU7TR, STM32WBA52CGU6, STM32WBA52CGU6TR, STM32WBA52CGU6U, STM32WBA52CGU7, STM32WBA52CGU7TR, STM32WBA52KEU6, STM32WBA52KEU6TR, STM32WBA52KGU6, STM32WBA52KGU6TR, STM32WBA54CEU6, STM32WBA54CEU6TR, STM32WBA54CEU7, STM32WBA54CEU7TR, STM32WBA54CGU6, STM32WBA54CGU6TR, STM32WBA54CGU7, STM32WBA54CGU7TR, STM32WBA54KEU6, STM32WBA54KEU6TR, STM32WBA54KEU7, STM32WBA54KEU7TR, STM32WBA54KGU6, STM32WBA54KGU6TR, STM32WBA54KGU7, STM32WBA54KGU7TR, STM32WBA55CEU6, STM32WBA55CEU6TR, STM32WBA55CEU7, STM32WBA55CEU7TR, STM32WBA55CGU6, STM32WBA55CGU6TR, STM32WBA55CGU6U, STM32WBA55CGU7, STM32WBA55CGU7TR, STM32WBA55G-DK1, STM32WBA55HEF6, STM32WBA55HEF7, STM32WBA55HGF6, STM32WBA55HGF7, STM32WBA55UEI6, STM32WBA55UEI6TR, STM32WBA55UEI7, STM32WBA55UEI7TR, STM32WBA55UGI6, STM32WBA55UGI6TR, STM32WBA55UGI7, STM32WBA55UGI7TR, STM32WBA5MJGH6TR, STM32WBA5MJGH6U, STM32WL33C8V6, STM32WL33C8V6TR, STM32WL33C8V7, STM32WL33C8V7TR, STM32WL33CBV6, STM32WL33CBV6TR, STM32WL33CBV7, STM32WL33CBV7TR, STM32WL33CCV6, STM32WL33CCV6TR, STM32WL33CCV7, STM32WL33CCV7A, STM32WL33CCV7ATR, STM32WL33CCV7TR, STM32WL33K8V6, STM32WL33K8V6TR, STM32WL33K8V7, STM32WL33K8V7TR, STM32WL33KBV6, STM32WL33KBV6TR, STM32WL33KBV7, STM32WL33KBV7TR, STM32WL33KCV6, STM32WL33KCV6TR, STM32WL33KCV7, STM32WL33KCV7TR, STM32WL5MOCH6, STM32WL5MOCH6TR]
2026-01-09 11:59:58,874 [INFO] DbMcus:218 - Found 4817 MCUs, 4817 are supported
2026-01-09 11:59:58,910 [INFO] ApiDb:423 - Load user favorites file C:\Users\kamil/.stm32cubeide/favorites.mcus.txt: 1 item(s)
2026-01-09 11:59:58,911 [INFO] ApiDb:427 - User favorites MCUs=[STM32H743IIT6]
2026-01-09 11:59:58,911 [INFO] DbMcus:224 - Set 1 / 1 favorites MCUs
2026-01-09 12:00:00,815 [INFO] BoardInfo:889 - No configuration file found for board NUCLEO-WBA65RI
2026-01-09 12:00:00,818 [INFO] DbBoards:161 - Board is not supported: NUCLEO-WBA65RI
2026-01-09 12:00:00,850 [INFO] BoardInfo:889 - No configuration file found for board P-NUCLEO-WB55
2026-01-09 12:00:00,853 [INFO] DbBoards:161 - Kit is not supported: P-NUCLEO-WB55
2026-01-09 12:00:00,875 [INFO] BoardInfo:889 - No configuration file found for board STEVAL-BFA001V1B
2026-01-09 12:00:00,879 [INFO] DbBoards:161 - Kit is not supported: STEVAL-BFA001V1B
2026-01-09 12:00:00,882 [INFO] BoardInfo:889 - No configuration file found for board STEVAL-BFA001V2B
2026-01-09 12:00:00,886 [INFO] DbBoards:161 - Kit is not supported: STEVAL-BFA001V2B
2026-01-09 12:00:01,459 [INFO] BoardInfo:889 - No configuration file found for board STM32WBA65I-DK1
2026-01-09 12:00:01,464 [INFO] DbBoards:161 - Board is not supported: STM32WBA65I-DK1
2026-01-09 12:00:01,465 [INFO] DbBoards:168 - Found 211 boards, 206 are supported
2026-01-09 12:00:01,465 [INFO] DbBoards:169 - Found 211 boards, 42 of them is supported for  Bsp
2026-01-09 12:00:01,484 [INFO] ApiDb:423 - Load user favorites file C:\Users\kamil/.stm32cubeide/favorites.boards.txt: 1 item(s)
2026-01-09 12:00:01,484 [INFO] ApiDb:427 - User favorites Boards=[NUCLEO-F746ZG]
2026-01-09 12:00:01,485 [INFO] DbBoards:198 - Set 1 / 1 favorites Boards
2026-01-09 12:00:01,542 [INFO] UtilMem:75 - End LoadConfig() Used Memory: 904884256 Bytes (1073741824)
2026-01-09 12:00:01,924 [WARN] ThirdParty:833 - waiting for thirdparty lock release [change project]
2026-01-09 12:00:01,924 [INFO] ThirdParty:835 - entering critical section [change project]
2026-01-09 12:00:01,924 [INFO] ThirdParty:1030 - CMSIS Pack Vendor :STMicroelectronics X-CUBE-PM33A1 1.0.0
2026-01-09 12:00:01,924 [INFO] ThirdParty:1030 - CMSIS Pack Vendor :STMicroelectronics USBPD 4.1
2026-01-09 12:00:01,925 [INFO] ThirdParty:1030 - CMSIS Pack Vendor :STMicroelectronics USB_HOST 2.0.0
2026-01-09 12:00:01,925 [INFO] ThirdParty:1030 - CMSIS Pack Vendor :STMicroelectronics FP-SNS-MOTENVWB1 1.4.0
2026-01-09 12:00:01,925 [INFO] ThirdParty:1030 - CMSIS Pack Vendor :STMicroelectronics X-CUBE-AZRTOS-F4 1.1.0
2026-01-09 12:00:01,925 [INFO] ThirdParty:1030 - CMSIS Pack Vendor :STMicroelectronics LIBJPEG 8.0.0
2026-01-09 12:00:01,925 [INFO] ThirdParty:1030 - CMSIS Pack Vendor :STMicroelectronics FP-ATR-ASTRA1 2.0.2
2026-01-09 12:00:01,925 [INFO] ThirdParty:1030 - CMSIS Pack Vendor :STMicroelectronics FP-ATR-ASTRA1 2.0.1
2026-01-09 12:00:01,925 [INFO] ThirdParty:1030 - CMSIS Pack Vendor :STMicroelectronics X-CUBE-SMBUS 2.1.0
2026-01-09 12:00:01,925 [INFO] ThirdParty:1030 - CMSIS Pack Vendor :STMicroelectronics X-CUBE-WB05N 1.1.0
2026-01-09 12:00:01,925 [INFO] ThirdParty:1030 - CMSIS Pack Vendor :STMicroelectronics X-CUBE-ISPU 2.1.0
2026-01-09 12:00:01,925 [INFO] ThirdParty:1030 - CMSIS Pack Vendor :STMicroelectronics X-CUBE-FREERTOS 1.2.0
2026-01-09 12:00:01,926 [INFO] ThirdParty:1030 - CMSIS Pack Vendor :STMicroelectronics X-CUBE-ST60 1.0.0
2026-01-09 12:00:01,926 [INFO] ThirdParty:1030 - CMSIS Pack Vendor :STMicroelectronics X-CUBE-NFC12 1.0.0
2026-01-09 12:00:01,926 [INFO] ThirdParty:1030 - CMSIS Pack Vendor :STMicroelectronics X-CUBE-AZRTOS-F7 1.1.0
2026-01-09 12:00:01,926 [INFO] ThirdParty:1030 - CMSIS Pack Vendor :STMicroelectronics X-CUBE-AZRTOS-L5 2.0.0
2026-01-09 12:00:01,926 [INFO] ThirdParty:1030 - CMSIS Pack Vendor :STMicroelectronics USB_DEVICE 2.0.0
2026-01-09 12:00:01,926 [INFO] ThirdParty:1030 - CMSIS Pack Vendor :STMicroelectronics X-CUBE-NFC6 3.1.0
2026-01-09 12:00:01,927 [INFO] ThirdParty:1030 - CMSIS Pack Vendor :ARM CMSIS 5.7.0
2026-01-09 12:00:01,927 [INFO] ThirdParty:1030 - CMSIS Pack Vendor :STMicroelectronics X-CUBE-MEMS1 11.0.0
2026-01-09 12:00:01,927 [INFO] ThirdParty:1030 - CMSIS Pack Vendor :STMicroelectronics FreeRTOS 0.0.1
2026-01-09 12:00:01,927 [INFO] ThirdParty:1030 - CMSIS Pack Vendor :STMicroelectronics X-CUBE-DPower 1.2.0
2026-01-09 12:00:01,927 [INFO] ThirdParty:1030 - CMSIS Pack Vendor :STMicroelectronics FP-SNS-FLIGHT1 5.0.2
2026-01-09 12:00:01,927 [INFO] ThirdParty:1030 - CMSIS Pack Vendor :STMicroelectronics PDM2PCM 3.3.0
2026-01-09 12:00:01,927 [INFO] ThirdParty:1030 - CMSIS Pack Vendor :STMicroelectronics X-CUBE-AZRTOS-H7 3.4.0
2026-01-09 12:00:01,927 [INFO] ThirdParty:1030 - CMSIS Pack Vendor :STMicroelectronics X-CUBE-DISPLAY 3.0.0
2026-01-09 12:00:01,927 [INFO] ThirdParty:1030 - CMSIS Pack Vendor :STMicroelectronics X-CUBE-BLE1 7.0.0
2026-01-09 12:00:01,927 [INFO] ThirdParty:1030 - CMSIS Pack Vendor :STMicroelectronics X-CUBE-NFC10 1.0.0
2026-01-09 12:00:01,927 [INFO] ThirdParty:1030 - CMSIS Pack Vendor :STMicroelectronics X-CUBE-BLEMGR 4.0.0
2026-01-09 12:00:01,927 [INFO] ThirdParty:1030 - CMSIS Pack Vendor :STMicroelectronics X-CUBE-FREERTOS 1.3.1
2026-01-09 12:00:01,927 [INFO] ThirdParty:1030 - CMSIS Pack Vendor :STMicroelectronics HAL Drivers 0.0.0
2026-01-09 12:00:01,927 [INFO] ThirdParty:1030 - CMSIS Pack Vendor :STMicroelectronics X-CUBE-ST60 1.1.0
2026-01-09 12:00:01,927 [INFO] ThirdParty:1030 - CMSIS Pack Vendor :emotas I-CUBE-CANOPEN 1.3.0
2026-01-09 12:00:01,928 [INFO] ThirdParty:1030 - CMSIS Pack Vendor :STMicroelectronics X-CUBE-FREERTOS 1.3.0
2026-01-09 12:00:01,928 [INFO] ThirdParty:1030 - CMSIS Pack Vendor :STMicroelectronics X-CUBE-NFC7 1.0.1
2026-01-09 12:00:01,928 [INFO] ThirdParty:1030 - CMSIS Pack Vendor :STMicroelectronics MBEDTLS 2.14.1
2026-01-09 12:00:01,928 [INFO] ThirdParty:1030 - CMSIS Pack Vendor :STMicroelectronics X-CUBE-GNSS1 7.1.0
2026-01-09 12:00:01,928 [INFO] ThirdParty:1030 - CMSIS Pack Vendor :STMicroelectronics X-CUBE-TOUCHGFX 4.26.0
2026-01-09 12:00:01,928 [INFO] ThirdParty:1030 - CMSIS Pack Vendor :STMicroelectronics X-CUBE-BLEMGR 3.1.0
2026-01-09 12:00:01,928 [INFO] ThirdParty:1030 - CMSIS Pack Vendor :STMicroelectronics X-CUBE-AI 10.0.0
2026-01-09 12:00:01,929 [INFO] ThirdParty:1030 - CMSIS Pack Vendor :STMicroelectronics FP-SNS-STAIOTCFT 1.0.0
2026-01-09 12:00:01,929 [INFO] ThirdParty:1030 - CMSIS Pack Vendor :STMicroelectronics FP-SNS-SMARTAG2 1.2.0
2026-01-09 12:00:01,929 [INFO] ThirdParty:1030 - CMSIS Pack Vendor :STMicroelectronics FP-SNS-FLIGHT1 5.1.0
2026-01-09 12:00:01,929 [INFO] ThirdParty:1030 - CMSIS Pack Vendor :STMicroelectronics X-CUBE-MEMS1 11.1.0
2026-01-09 12:00:01,929 [INFO] ThirdParty:1030 - CMSIS Pack Vendor :STMicroelectronics X-CUBE-AZRTOS-WL 2.0.0
2026-01-09 12:00:01,929 [INFO] ThirdParty:1030 - CMSIS Pack Vendor :STMicroelectronics X-CUBE-DPower 1.3.0
2026-01-09 12:00:01,929 [INFO] ThirdParty:1030 - CMSIS Pack Vendor :STMicroelectronics FP-SNS-MOTENV1 5.0.0
2026-01-09 12:00:01,930 [INFO] ThirdParty:1030 - CMSIS Pack Vendor :STMicroelectronics USB_DEVICE 1.0.0
2026-01-09 12:00:01,930 [INFO] ThirdParty:1030 - CMSIS Pack Vendor :STMicroelectronics X-CUBE-AZRTOS-H7RS 1.2.0
2026-01-09 12:00:01,930 [INFO] ThirdParty:1030 - CMSIS Pack Vendor :wolfSSL I-CUBE-wolfMQTT 1.19.0
2026-01-09 12:00:01,930 [INFO] ThirdParty:1030 - CMSIS Pack Vendor :STMicroelectronics X-CUBE-AZRTOS-L4 2.0.0
2026-01-09 12:00:01,930 [INFO] ThirdParty:1030 - CMSIS Pack Vendor :STMicroelectronics ThreadX 0.0.2
2026-01-09 12:00:01,930 [INFO] ThirdParty:1030 - CMSIS Pack Vendor :WES I-CUBE-Cesium 1.3.0
2026-01-09 12:00:01,930 [INFO] ThirdParty:1030 - CMSIS Pack Vendor :STMicroelectronics lwIP 2.1.2
2026-01-09 12:00:01,930 [INFO] ThirdParty:1030 - CMSIS Pack Vendor :STMicroelectronics X-CUBE-SFXS2LP1 4.0.0
2026-01-09 12:00:01,931 [INFO] ThirdParty:1030 - CMSIS Pack Vendor :STMicroelectronics X-CUBE-BLE2 3.3.0
2026-01-09 12:00:01,931 [INFO] ThirdParty:1030 - CMSIS Pack Vendor :Avnet-IOTCONNECT X-CUBE-iotc-st67-sdk 1.0.0
2026-01-09 12:00:01,931 [INFO] ThirdParty:1030 - CMSIS Pack Vendor :STMicroelectronics PDM2PCM 3.2.0
2026-01-09 12:00:01,931 [INFO] ThirdParty:1030 - CMSIS Pack Vendor :STMicroelectronics X-CUBE-AZRTOS-H7 3.3.0
2026-01-09 12:00:01,932 [INFO] ThirdParty:1030 - CMSIS Pack Vendor :STMicroelectronics X-CUBE-NFC9 1.0.0
2026-01-09 12:00:01,932 [INFO] ThirdParty:1030 - CMSIS Pack Vendor :STMicroelectronics X-CUBE-BLE1 7.1.0
2026-01-09 12:00:01,932 [INFO] ThirdParty:1030 - CMSIS Pack Vendor :STMicroelectronics USB_DEVICE 3.0.0
2026-01-09 12:00:01,932 [INFO] ThirdParty:1030 - CMSIS Pack Vendor :STMicroelectronics X-CUBE-TCPP 4.1.0
2026-01-09 12:00:01,932 [INFO] ThirdParty:1030 - CMSIS Pack Vendor :STMicroelectronics X-CUBE-EEPRMA1 5.2.0
2026-01-09 12:00:01,932 [INFO] ThirdParty:1030 - CMSIS Pack Vendor :STMicroelectronics X-CUBE-BLEMGR 4.1.0
2026-01-09 12:00:01,932 [INFO] ThirdParty:1030 - CMSIS Pack Vendor :STMicroelectronics X-CUBE-IPS 3.0.0
2026-01-09 12:00:01,933 [INFO] ThirdParty:1030 - CMSIS Pack Vendor :STMicroelectronics X-CUBE-AZRTOS-WB 2.0.0
2026-01-09 12:00:01,933 [INFO] ThirdParty:1030 - CMSIS Pack Vendor :STMicroelectronics X-CUBE-GNSS1 7.0.0
2026-01-09 12:00:01,934 [INFO] ThirdParty:1030 - CMSIS Pack Vendor :STMicroelectronics X-CUBE-GNSS1 7.0.1
2026-01-09 12:00:01,934 [INFO] ThirdParty:1030 - CMSIS Pack Vendor :STMicroelectronics X-CUBE-TOUCHGFX 4.25.0
2026-01-09 12:00:01,934 [INFO] ThirdParty:1030 - CMSIS Pack Vendor :STMicroelectronics FP-SNS-STBOX1 2.0.0
2026-01-09 12:00:01,934 [INFO] ThirdParty:1030 - CMSIS Pack Vendor :STMicroelectronics X-CUBE-MEMS1 12.0.0
2026-01-09 12:00:01,934 [INFO] ThirdParty:1030 - CMSIS Pack Vendor :STMicroelectronics X-CUBE-AZRTOS-G0 1.1.0
2026-01-09 12:00:01,934 [INFO] ThirdParty:1030 - CMSIS Pack Vendor :STMicroelectronics X-CUBE-SAFEA1 1.2.2
2026-01-09 12:00:01,934 [INFO] ThirdParty:1030 - CMSIS Pack Vendor :STMicroelectronics X-CUBE-NFC4 3.0.0
2026-01-09 12:00:01,934 [INFO] ThirdParty:1030 - CMSIS Pack Vendor :STMicroelectronics X-CUBE-SUBG2 5.0.0
2026-01-09 12:00:01,935 [INFO] ThirdParty:1030 - CMSIS Pack Vendor :STMicroelectronics X-CUBE-AZRTOS-H7RS 1.1.0
2026-01-09 12:00:01,935 [INFO] ThirdParty:1030 - CMSIS Pack Vendor :STMicroelectronics STM32_WPAN 1.0.0
2026-01-09 12:00:01,935 [INFO] ThirdParty:1030 - CMSIS Pack Vendor :EmbeddedOffice I-CUBE-FS-RTOS 1.0.1
2026-01-09 12:00:01,935 [INFO] ThirdParty:1030 - CMSIS Pack Vendor :STMicroelectronics lwIP 2.0.3
2026-01-09 12:00:01,935 [INFO] ThirdParty:1030 - CMSIS Pack Vendor :Cesanta I-CUBE-Mongoose 7.13.0
2026-01-09 12:00:01,935 [INFO] ThirdParty:1030 - CMSIS Pack Vendor :STMicroelectronics USB_HOST 1.0.0
2026-01-09 12:00:01,935 [INFO] ThirdParty:1030 - CMSIS Pack Vendor :STMicroelectronics X-CUBE-AZRTOS-G4 2.0.0
2026-01-09 12:00:01,935 [INFO] ThirdParty:1030 - CMSIS Pack Vendor :STMicroelectronics X-CUBE-WB05N 2.0.0
2026-01-09 12:00:01,935 [INFO] ThirdParty:1030 - CMSIS Pack Vendor :STMicroelectronics PDM2PCM 3.1.0
2026-01-09 12:00:01,935 [INFO] ThirdParty:1030 - CMSIS Pack Vendor :STMicroelectronics X-CUBE-NFC7 2.0.0
2026-01-09 12:00:01,935 [INFO] ThirdParty:1030 - CMSIS Pack Vendor :STMicroelectronics X-CUBE-TCPP 4.2.0
2026-01-09 12:00:01,935 [INFO] ThirdParty:1030 - CMSIS Pack Vendor :RealThread X-CUBE-RT-Thread_Nano 4.1.1
2026-01-09 12:00:01,936 [INFO] ThirdParty:1030 - CMSIS Pack Vendor :STMicroelectronics FP-ATR-SIGFOX1 3.2.0
2026-01-09 12:00:01,936 [INFO] ThirdParty:1030 - CMSIS Pack Vendor :wolfSSL I-CUBE-wolfSSL 5.7.2
2026-01-09 12:00:01,936 [INFO] ThirdParty:1030 - CMSIS Pack Vendor :quantropi X-CUBE-qispace-sdk-base 1.9.3
2026-01-09 12:00:01,936 [INFO] ThirdParty:1030 - CMSIS Pack Vendor :STMicroelectronics X-CUBE-EEPRMA1 5.1.0
2026-01-09 12:00:01,936 [INFO] ThirdParty:1030 - CMSIS Pack Vendor :STMicroelectronics MBEDTLS 2.16.2
2026-01-09 12:00:01,936 [INFO] ThirdParty:1030 - CMSIS Pack Vendor :STMicroelectronics X-CUBE-IPS 3.1.0
2026-01-09 12:00:01,936 [INFO] ThirdParty:1030 - CMSIS Pack Vendor :STMicroelectronics X-CUBE-ALS 1.0.2
2026-01-09 12:00:01,936 [INFO] ThirdParty:1030 - CMSIS Pack Vendor :ITTIA_DB I-CUBE-ITTIADB 8.9.0
2026-01-09 12:00:01,936 [INFO] ThirdParty:1030 - CMSIS Pack Vendor :STMicroelectronics X-CUBE-TOUCHGFX 4.24.1
2026-01-09 12:00:01,936 [INFO] ThirdParty:1030 - CMSIS Pack Vendor :STMicroelectronics X-CUBE-STSE01 1.0.0
2026-01-09 12:00:01,936 [INFO] ThirdParty:1030 - CMSIS Pack Vendor :wolfSSL I-CUBE-wolfTPM 3.4.0
2026-01-09 12:00:01,937 [INFO] ThirdParty:1030 - CMSIS Pack Vendor :portGmbH I-Cube-SoM-uGOAL 1.1.0
2026-01-09 12:00:01,937 [INFO] ThirdParty:1030 - CMSIS Pack Vendor :STMicroelectronics X-CUBE-ST67W61 1.0.0
2026-01-09 12:00:01,937 [INFO] ThirdParty:1030 - CMSIS Pack Vendor :STMicroelectronics X-CUBE-AI 10.2.0
2026-01-09 12:00:01,937 [INFO] ThirdParty:1030 - CMSIS Pack Vendor :STMicroelectronics ThreadX 1.0.0
2026-01-09 12:00:01,937 [INFO] ThirdParty:1030 - CMSIS Pack Vendor :SEGGER I-CUBE-embOS 1.3.1
2026-01-09 12:00:01,937 [INFO] ThirdParty:1030 - CMSIS Pack Vendor :STMicroelectronics X-CUBE-ALGOBUILD 1.4.0
2026-01-09 12:00:01,937 [INFO] ThirdParty:1030 - CMSIS Pack Vendor :STMicroelectronics X-CUBE-MEMS1 11.3.0
2026-01-09 12:00:01,937 [INFO] ThirdParty:1030 - CMSIS Pack Vendor :STMicroelectronics X-CUBE-AZRTOS-H7RS 1.0.0
2026-01-09 12:00:01,937 [INFO] ThirdParty:1030 - CMSIS Pack Vendor :STMicroelectronics FP-ATR-ASTRA1 2.0.0
2026-01-09 12:00:01,937 [INFO] ThirdParty:1030 - CMSIS Pack Vendor :STMicroelectronics X-CUBE-TOF1 3.4.2
2026-01-09 12:00:01,937 [INFO] ThirdParty:1030 - CMSIS Pack Vendor :STMicroelectronics X-CUBE-TOF1 3.4.3
2026-01-09 12:00:01,938 [INFO] ThirdParty:1030 - CMSIS Pack Vendor :STMicroelectronics X-CUBE-AI 9.1.0
2026-01-09 12:00:01,938 [INFO] ThirdParty:1030 - CMSIS Pack Vendor :Infineon AIROC-Wi-Fi-Bluetooth-STM32 1.6.1
2026-01-09 12:00:01,938 [INFO] ThirdParty:1030 - CMSIS Pack Vendor :wolfSSL I-CUBE-wolfSSH 1.4.17
2026-01-09 12:00:01,938 [INFO] ThirdParty:841 - exiting critical section [change project]
2026-01-09 12:00:03,556 [INFO] PinOutPanel:1589 - setPackage(No Configuration,No Configuration)
2026-01-09 12:00:03,561 [INFO] PinOutPanel:1589 - setPackage(STM32H743IITx,LQFP176)
2026-01-09 12:00:05,664 [INFO] UtilMem:75 - Before build in PCC Used Memory: 846689136 Bytes (1073741824)
2026-01-09 12:00:07,846 [INFO] UtilMem:75 - After build in PCC Used Memory: 934769520 Bytes (1073741824)
2026-01-09 12:00:07,990 [INFO] IPUIPlugin:80 - create IPUIPlugin
2026-01-09 12:00:07,990 [INFO] IPUIPlugin:80 - create IPUIPlugin
2026-01-09 12:00:07,990 [INFO] IPUIPlugin:80 - create IPUIPlugin
2026-01-09 12:00:07,990 [INFO] IPUIPlugin:80 - create IPUIPlugin
2026-01-09 12:00:07,990 [INFO] IPUIPlugin:80 - create IPUIPlugin
2026-01-09 12:00:07,991 [INFO] IPUIPlugin:80 - create IPUIPlugin
2026-01-09 12:00:07,991 [INFO] IPUIPlugin:80 - create IPUIPlugin
2026-01-09 12:00:07,992 [INFO] IPUIPlugin:80 - create IPUIPlugin
2026-01-09 12:00:07,993 [INFO] IPUIPlugin:80 - create IPUIPlugin
2026-01-09 12:00:07,993 [INFO] IPUIPlugin:80 - create IPUIPlugin
2026-01-09 12:00:07,993 [INFO] IPUIPlugin:80 - create IPUIPlugin
2026-01-09 12:00:07,993 [INFO] IPUIPlugin:80 - create IPUIPlugin
2026-01-09 12:00:07,994 [INFO] IPUIPlugin:80 - create IPUIPlugin
2026-01-09 12:00:07,994 [INFO] IPUIPlugin:80 - create IPUIPlugin
2026-01-09 12:00:07,995 [INFO] IPUIPlugin:80 - create IPUIPlugin
2026-01-09 12:00:07,995 [INFO] IPUIPlugin:80 - create IPUIPlugin
2026-01-09 12:00:07,995 [INFO] IPUIPlugin:80 - create IPUIPlugin
2026-01-09 12:00:07,995 [INFO] IPUIPlugin:80 - create IPUIPlugin
2026-01-09 12:00:07,995 [INFO] IPUIPlugin:80 - create IPUIPlugin
2026-01-09 12:00:07,996 [INFO] IPUIPlugin:80 - create IPUIPlugin
2026-01-09 12:00:07,996 [INFO] IPUIPlugin:80 - create IPUIPlugin
2026-01-09 12:00:07,997 [INFO] IPUIPlugin:80 - create IPUIPlugin
2026-01-09 12:00:07,997 [INFO] IPUIPlugin:80 - create IPUIPlugin
2026-01-09 12:00:07,998 [INFO] IPUIPlugin:80 - create IPUIPlugin
2026-01-09 12:00:07,998 [INFO] IPUIPlugin:80 - create IPUIPlugin
2026-01-09 12:00:07,999 [INFO] IPUIPlugin:80 - create IPUIPlugin
2026-01-09 12:00:07,999 [INFO] IPUIPlugin:80 - create IPUIPlugin
2026-01-09 12:00:08,000 [INFO] IPUIPlugin:80 - create IPUIPlugin
2026-01-09 12:00:08,000 [INFO] IPUIPlugin:80 - create IPUIPlugin
2026-01-09 12:00:08,000 [INFO] IPUIPlugin:80 - create IPUIPlugin
2026-01-09 12:00:08,001 [INFO] IPUIPlugin:80 - create IPUIPlugin
2026-01-09 12:00:08,002 [INFO] IPUIPlugin:80 - create IPUIPlugin
2026-01-09 12:00:08,002 [INFO] IPUIPlugin:80 - create IPUIPlugin
2026-01-09 12:00:08,003 [INFO] IPUIPlugin:80 - create IPUIPlugin
2026-01-09 12:00:08,004 [INFO] IPUIPlugin:80 - create IPUIPlugin
2026-01-09 12:00:08,004 [INFO] IPUIPlugin:80 - create IPUIPlugin
2026-01-09 12:00:08,005 [INFO] IPUIPlugin:80 - create IPUIPlugin
2026-01-09 12:00:08,006 [INFO] IPUIPlugin:80 - create IPUIPlugin
2026-01-09 12:00:08,007 [INFO] IPUIPlugin:80 - create IPUIPlugin
2026-01-09 12:00:08,007 [INFO] IPUIPlugin:80 - create IPUIPlugin
2026-01-09 12:00:08,008 [INFO] IPUIPlugin:80 - create IPUIPlugin
2026-01-09 12:00:08,009 [INFO] IPUIPlugin:80 - create IPUIPlugin
2026-01-09 12:00:08,009 [INFO] IPUIPlugin:80 - create IPUIPlugin
2026-01-09 12:00:08,010 [INFO] IPUIPlugin:80 - create IPUIPlugin
2026-01-09 12:00:08,011 [INFO] IPUIPlugin:80 - create IPUIPlugin
2026-01-09 12:00:08,011 [INFO] IPUIPlugin:80 - create IPUIPlugin
2026-01-09 12:00:08,012 [INFO] IPUIPlugin:80 - create IPUIPlugin
2026-01-09 12:00:08,012 [INFO] IPUIPlugin:80 - create IPUIPlugin
2026-01-09 12:00:08,013 [INFO] IPUIPlugin:80 - create IPUIPlugin
2026-01-09 12:00:08,014 [INFO] IPUIPlugin:80 - create IPUIPlugin
2026-01-09 12:00:08,014 [INFO] IPUIPlugin:80 - create IPUIPlugin
2026-01-09 12:00:08,015 [INFO] IPUIPlugin:80 - create IPUIPlugin
2026-01-09 12:00:08,016 [INFO] IPUIPlugin:80 - create IPUIPlugin
2026-01-09 12:00:08,017 [INFO] IPUIPlugin:80 - create IPUIPlugin
2026-01-09 12:00:08,018 [INFO] IPUIPlugin:80 - create IPUIPlugin
2026-01-09 12:00:08,020 [INFO] IPUIPlugin:80 - create IPUIPlugin
2026-01-09 12:00:08,020 [INFO] IPUIPlugin:80 - create IPUIPlugin
2026-01-09 12:00:08,020 [INFO] IPUIPlugin:80 - create IPUIPlugin
2026-01-09 12:00:08,022 [INFO] IPUIPlugin:80 - create IPUIPlugin
2026-01-09 12:00:08,022 [INFO] IPUIPlugin:80 - create IPUIPlugin
2026-01-09 12:00:08,023 [INFO] IPUIPlugin:80 - create IPUIPlugin
2026-01-09 12:00:08,024 [INFO] IPUIPlugin:80 - create IPUIPlugin
2026-01-09 12:00:08,026 [INFO] IPUIPlugin:80 - create IPUIPlugin
2026-01-09 12:00:08,026 [INFO] IPUIPlugin:80 - create IPUIPlugin
2026-01-09 12:00:08,027 [INFO] IPUIPlugin:80 - create IPUIPlugin
2026-01-09 12:00:08,028 [INFO] IPUIPlugin:80 - create IPUIPlugin
2026-01-09 12:00:08,028 [INFO] IPUIPlugin:80 - create IPUIPlugin
2026-01-09 12:00:08,029 [INFO] IPUIPlugin:80 - create IPUIPlugin
2026-01-09 12:00:08,031 [INFO] IPUIPlugin:80 - create IPUIPlugin
2026-01-09 12:00:08,032 [INFO] IPUIPlugin:80 - create IPUIPlugin
2026-01-09 12:00:08,033 [INFO] IPUIPlugin:80 - create IPUIPlugin
2026-01-09 12:00:08,034 [INFO] IPUIPlugin:80 - create IPUIPlugin
2026-01-09 12:00:08,034 [INFO] IPUIPlugin:80 - create IPUIPlugin
2026-01-09 12:00:08,035 [INFO] IPUIPlugin:80 - create IPUIPlugin
2026-01-09 12:00:08,035 [INFO] IPUIPlugin:80 - create IPUIPlugin
2026-01-09 12:00:08,037 [INFO] IPUIPlugin:80 - create IPUIPlugin
2026-01-09 12:00:08,038 [INFO] IPUIPlugin:80 - create IPUIPlugin
2026-01-09 12:00:08,039 [INFO] IPUIPlugin:80 - create IPUIPlugin
2026-01-09 12:00:08,040 [INFO] IPUIPlugin:80 - create IPUIPlugin
2026-01-09 12:00:08,041 [INFO] IPUIPlugin:80 - create IPUIPlugin
2026-01-09 12:00:08,041 [INFO] IPUIPlugin:80 - create IPUIPlugin
2026-01-09 12:00:08,042 [INFO] IPUIPlugin:80 - create IPUIPlugin
2026-01-09 12:00:08,042 [INFO] IPUIPlugin:80 - create IPUIPlugin
2026-01-09 12:00:08,044 [INFO] IPUIPlugin:80 - create IPUIPlugin
2026-01-09 12:00:08,045 [INFO] IPUIPlugin:80 - create IPUIPlugin
2026-01-09 12:00:08,045 [INFO] IPUIPlugin:80 - create IPUIPlugin
2026-01-09 12:00:08,046 [INFO] IPUIPlugin:80 - create IPUIPlugin
2026-01-09 12:00:08,047 [INFO] IPUIPlugin:80 - create IPUIPlugin
2026-01-09 12:00:08,047 [INFO] IPUIPlugin:80 - create IPUIPlugin
2026-01-09 12:00:08,049 [INFO] IPUIPlugin:80 - create IPUIPlugin
2026-01-09 12:00:08,050 [INFO] IPUIPlugin:80 - create IPUIPlugin
2026-01-09 12:00:08,051 [INFO] IPUIPlugin:80 - create IPUIPlugin
2026-01-09 12:00:08,052 [INFO] IPUIPlugin:80 - create IPUIPlugin
2026-01-09 12:00:08,052 [INFO] IPUIPlugin:80 - create IPUIPlugin
2026-01-09 12:00:08,052 [INFO] IPUIPlugin:80 - create IPUIPlugin
2026-01-09 12:00:08,053 [INFO] IPUIPlugin:80 - create IPUIPlugin
2026-01-09 12:00:08,055 [INFO] IPUIPlugin:80 - create IPUIPlugin
2026-01-09 12:00:08,055 [INFO] IPUIPlugin:80 - create IPUIPlugin
2026-01-09 12:00:08,352 [INFO] ApiDbMcu:508 - Load IP Config File for PDM2PCM
2026-01-09 12:00:08,378 [WARN] IP:2251 - ClockDivider not found: check if there is a RefParameter without a condition.
2026-01-09 12:00:08,379 [WARN] IP:2251 - ClockDividerCCU not found: check if there is a RefParameter without a condition.
2026-01-09 12:00:08,379 [WARN] IP:2251 - MinOscClkPeriodsCCU not found: check if there is a RefParameter without a condition.
2026-01-09 12:00:08,379 [WARN] IP:2251 - TimeQuantaPerBitTimeCCU not found: check if there is a RefParameter without a condition.
2026-01-09 12:00:08,379 [WARN] IP:2251 - WatchdogStartValueCCU not found: check if there is a RefParameter without a condition.
2026-01-09 12:00:08,395 [INFO] LogOutputStream:77 - [STDOUT_REDIRECT] Nominal 
2026-01-09 12:00:08,396 [INFO] Can:71 - Can Add PropertyChangeListener com.st.microxplorer.plugins.ip.can.Can@8d96010
2026-01-09 12:00:09,106 [INFO] CADModel:165 - CPN selected for project levelSTM32H743IIT6
2026-01-09 12:00:09,107 [INFO] CADModel:114 - Register for checkConnection events
2026-01-09 12:00:09,165 [INFO] OpenFileManager:363 - Restore cursor
2026-01-09 12:00:09,633 [WARN] IP:2251 - LayerIdx_L1 not found: check if there is a RefParameter without a condition.
2026-01-09 12:00:10,462 [WARN] IP:2251 - ClockDivider not found: check if there is a RefParameter without a condition.
2026-01-09 12:00:10,463 [WARN] IP:2251 - ClockDividerCCU not found: check if there is a RefParameter without a condition.
2026-01-09 12:00:10,463 [WARN] IP:2251 - MinOscClkPeriodsCCU not found: check if there is a RefParameter without a condition.
2026-01-09 12:00:10,463 [WARN] IP:2251 - TimeQuantaPerBitTimeCCU not found: check if there is a RefParameter without a condition.
2026-01-09 12:00:10,464 [WARN] IP:2251 - WatchdogStartValueCCU not found: check if there is a RefParameter without a condition.
2026-01-09 12:13:36,910 [INFO] WebApp:190 - Connection lost
2026-01-09 12:32:07,754 [INFO] WebApp:187 - Connection restablished
2026-01-09 12:47:19,107 [INFO] WebApp:190 - Connection lost
2026-01-09 12:47:19,611 [INFO] WebApp:187 - Connection restablished
2026-01-09 12:47:19,820 [INFO] WebApp:190 - Connection lost
2026-01-09 12:47:20,131 [INFO] WebApp:187 - Connection restablished
2026-01-09 12:47:22,364 [INFO] WebApp:190 - Connection lost
2026-01-09 12:47:22,563 [INFO] WebApp:187 - Connection restablished
2026-01-09 12:48:20,110 [INFO] WebApp:190 - Connection lost
2026-01-09 12:52:28,813 [INFO] WebApp:187 - Connection restablished
2026-01-09 13:27:09,189 [INFO] WebApp:190 - Connection lost
2026-01-09 13:27:10,065 [INFO] WebApp:187 - Connection restablished
2026-01-09 13:27:12,079 [INFO] WebApp:190 - Connection lost
2026-01-09 13:27:12,324 [INFO] WebApp:187 - Connection restablished
2026-01-09 13:27:57,510 [INFO] MainUpdater:2872 - connection check result : 10
2026-01-09 13:27:57,510 [INFO] MainUpdater:2872 - connection check result : 10
2026-01-09 13:27:57,798 [INFO] LogOutputStream:77 - [STDOUT_REDIRECT] Nominal 
2026-01-09 13:27:57,841 [INFO] I2cTimingTraitement:330 - 0x00000E14
2026-01-09 13:27:57,857 [INFO] I2cTimingTraitement:330 - 0x00000E14
2026-01-09 13:27:57,870 [INFO] MicroXplorer:468 - Change Database Path : 
2026-01-09 13:27:57,870 [INFO] MicroXplorer:498 - Change Database Version : DB.6.0.130
2026-01-09 13:27:57,894 [ERROR] ProjectManagerView:394 - 
java.lang.NullPointerException: Cannot invoke "javax.swing.JTextField.getText()" because the return value of "java.util.List.get(int)" is null
	at com.st.microxplorer.plugins.projectmanager.gui.ProjectChoiceTab$9.caretUpdate(ProjectChoiceTab.java:2616) ~[filemanager.jar:?]
	at javax.swing.text.JTextComponent.fireCaretUpdate(JTextComponent.java:408) ~[?:?]
	at javax.swing.text.JTextComponent$MutableCaretEvent.fire(JTextComponent.java:4484) ~[?:?]
	at javax.swing.text.JTextComponent$MutableCaretEvent.stateChanged(JTextComponent.java:4506) ~[?:?]
	at javax.swing.text.DefaultCaret.fireStateChanged(DefaultCaret.java:857) ~[?:?]
	at javax.swing.text.DefaultCaret.changeCaretPosition(DefaultCaret.java:1343) ~[?:?]
	at javax.swing.text.DefaultCaret.handleSetDot(DefaultCaret.java:1242) ~[?:?]
	at javax.swing.text.DefaultCaret.setDot(DefaultCaret.java:1223) ~[?:?]
	at javax.swing.text.DefaultCaret$Handler.insertUpdate(DefaultCaret.java:1819) ~[?:?]
	at javax.swing.text.AbstractDocument.fireInsertUpdate(AbstractDocument.java:227) ~[?:?]
	at javax.swing.text.AbstractDocument.handleInsertString(AbstractDocument.java:781) ~[?:?]
	at javax.swing.text.AbstractDocument.insertString(AbstractDocument.java:740) ~[?:?]
	at javax.swing.text.PlainDocument.insertString(PlainDocument.java:131) ~[?:?]
	at javax.swing.text.AbstractDocument.replace(AbstractDocument.java:699) ~[?:?]
	at javax.swing.text.JTextComponent.setText(JTextComponent.java:1725) ~[?:?]
	at com.st.microxplorer.plugins.projectmanager.gui.ProjectChoiceTab.createHeapStackFields(ProjectChoiceTab.java:975) ~[filemanager.jar:?]
	at com.st.microxplorer.plugins.projectmanager.gui.ProjectChoiceTab.buildLinkSettingsPanel(ProjectChoiceTab.java:3666) ~[filemanager.jar:?]
	at com.st.microxplorer.plugins.projectmanager.gui.ProjectChoiceTab.defineWindowsFields(ProjectChoiceTab.java:1934) ~[filemanager.jar:?]
	at com.st.microxplorer.plugins.projectmanager.gui.ProjectChoiceTab.updateSettings(ProjectChoiceTab.java:553) ~[filemanager.jar:?]
	at com.st.microxplorer.plugins.projectmanager.gui.ProjectSettingsPanel.UpdateDialog(ProjectSettingsPanel.java:245) ~[filemanager.jar:?]
	at com.st.microxplorer.plugins.projectmanager.ProjectManagerView.propertyChange(ProjectManagerView.java:391) ~[filemanager.jar:?]
	at java.beans.PropertyChangeSupport.fire(PropertyChangeSupport.java:343) ~[?:?]
	at java.beans.PropertyChangeSupport.firePropertyChange(PropertyChangeSupport.java:335) ~[?:?]
	at java.beans.PropertyChangeSupport.firePropertyChange(PropertyChangeSupport.java:268) ~[?:?]
	at com.st.microxplorer.util.MXPropertyChangeSupport.firePropertyChange(MXPropertyChangeSupport.java:54) ~[STM32CubeMX.jar:?]
	at com.st.microxplorer.mxsystem.MxSystem.closeConfig(MxSystem.java:899) ~[STM32CubeMX.jar:?]
	at com.st.microxplorer.maingui.MainPanel.closeConfig(MainPanel.java:789) ~[STM32CubeMX.jar:?]
	at com.st.microxplorer.plugins.filemanager.engine.OpenFileManager.loadConfigurationFile(OpenFileManager.java:265) ~[filemanager.jar:?]
	at com.st.microxplorer.plugins.filemanager.engine.MainFileManager.userLoadConfig(MainFileManager.java:340) ~[filemanager.jar:?]
	at com.st.microxplorer.plugins.filemanager.engine.MainFileManager.userLoadConfig(MainFileManager.java:318) ~[filemanager.jar:?]
	at com.st.microxplorer.plugins.filemanager.FileManagerView.getSpecificTask(FileManagerView.java:246) ~[filemanager.jar:?]
	at com.st.stm32cube.common.mx.editor.CubeMxEditor.getMxTabbedPaneInstance(CubeMxEditor.java:1198) ~[com.st.stm32cube.common.mx_6.13.0.202411220809/:?]
	at com.st.stm32cube.common.mx.editor.CubeMxEditor$12$1.createSwingComponent(CubeMxEditor.java:1068) ~[com.st.stm32cube.common.mx_6.13.0.202411220809/:?]
	at com.st.stm32cube.common.mx.oss.core.awtswtbridge.EmbeddedSwingComposite.doComponentCreation(EmbeddedSwingComposite.java:492) ~[com.st.stm32cube.common.mx.oss_6.13.0.202411220809/:?]
	at com.st.stm32cube.common.mx.oss.core.awtswtbridge.EmbeddedSwingComposite$4.run(EmbeddedSwingComposite.java:291) ~[com.st.stm32cube.common.mx.oss_6.13.0.202411220809/:?]
	at com.st.stm32cube.common.mx.oss.core.awtswtbridge.AwtEnvironment$2.run(AwtEnvironment.java:166) ~[com.st.stm32cube.common.mx.oss_6.13.0.202411220809/:?]
	at java.awt.event.InvocationEvent.dispatch(InvocationEvent.java:318) ~[?:?]
	at java.awt.EventQueue.dispatchEventImpl(EventQueue.java:773) ~[?:?]
	at java.awt.EventQueue$4.run(EventQueue.java:720) ~[?:?]
	at java.awt.EventQueue$4.run(EventQueue.java:714) ~[?:?]
	at java.security.AccessController.doPrivileged(AccessController.java:400) ~[?:?]
	at java.security.ProtectionDomain$JavaSecurityAccessImpl.doIntersectionPrivilege(ProtectionDomain.java:87) ~[?:?]
	at java.awt.EventQueue.dispatchEvent(EventQueue.java:742) ~[?:?]
	at java.awt.EventDispatchThread.pumpOneEventForFilters(EventDispatchThread.java:203) ~[?:?]
	at java.awt.EventDispatchThread.pumpEventsForFilter(EventDispatchThread.java:124) ~[?:?]
	at java.awt.EventDispatchThread.pumpEventsForHierarchy(EventDispatchThread.java:113) ~[?:?]
	at java.awt.EventDispatchThread.pumpEvents(EventDispatchThread.java:109) ~[?:?]
	at java.awt.EventDispatchThread.pumpEvents(EventDispatchThread.java:101) ~[?:?]
	at java.awt.EventDispatchThread.run(EventDispatchThread.java:90) ~[?:?]
2026-01-09 13:27:57,909 [WARN] ThirdParty:871 - waiting for thirdparty lock release [close project]
2026-01-09 13:27:57,909 [INFO] ThirdParty:873 - entering critical section [close project]
2026-01-09 13:27:57,909 [INFO] ThirdParty:883 - exiting critical section [close project]
2026-01-09 13:27:57,911 [INFO] PinOutPanel:1589 - setPackage(No Configuration,No Configuration)
2026-01-09 13:27:57,928 [WARN] IpParametersView:154 - Warning: This peripheral hasn't parameters
2026-01-09 13:27:57,941 [WARN] MainPanel:289 - <html><b><center>Warning: This peripheral has no parameters to be configured<br></b></html>
2026-01-09 13:27:57,951 [ERROR] MainPanel:599 - java.lang.IndexOutOfBoundsException: Index: 0, Tab count: 0
2026-01-09 13:27:57,962 [INFO] UtilMem:75 - Begin LoadConfig() Used Memory: 864334528 Bytes (1073741824)
2026-01-09 13:27:57,963 [INFO] MicroXplorer:468 - Change Database Path : 
2026-01-09 13:27:57,963 [INFO] MicroXplorer:498 - Change Database Version : DB.6.0.130
2026-01-09 13:27:57,963 [INFO] OpenFileManager:332 - Change cursor
2026-01-09 13:27:57,988 [INFO] Mcu:2035 - Initializing MCU STM32F746ZGTx STM32F746ZGTx STM32F746ZGT6
2026-01-09 13:28:00,200 [INFO] Context:748 - Trying to add GPIOservice into a context  which must be forbidden
2026-01-09 13:28:01,061 [INFO] RtosManager:555 - Registered RTOS mode: class=CMSIS, group=RTOS, mode=CMSIS_V1, owner=FREERTOS
2026-01-09 13:28:01,061 [INFO] RtosManager:555 - Registered RTOS mode: class=CMSIS, group=RTOS2, mode=CMSIS_V2, owner=FREERTOS
2026-01-09 13:28:01,061 [INFO] RtosManager:555 - Registered RTOS mode: class=RTOS, group=Core, mode=CMSIS_V1, owner=FREERTOS
2026-01-09 13:28:01,061 [INFO] RtosManager:555 - Registered RTOS mode: class=RTOS, group=Core, mode=CMSIS_V2, owner=FREERTOS
2026-01-09 13:28:01,061 [WARN] ModelIntegratedComponent:184 - Missing modes for component STMicroelectronics:FreeRTOS:0.0.1:STMicroelectronics:RTOS:FreeRTOS:Core:::10.2.0:
2026-01-09 13:28:01,065 [WARN] ModelIntegratedComponent:63 - No mode defined for component null
2026-01-09 13:28:01,065 [WARN] ModelIntegratedComponent:63 - No mode defined for component null
2026-01-09 13:28:01,065 [WARN] ModelIntegratedComponent:63 - No mode defined for component null
2026-01-09 13:28:01,065 [WARN] ModelIntegratedComponent:63 - No mode defined for component null
2026-01-09 13:28:01,065 [WARN] ModelIntegratedComponent:63 - No mode defined for component null
2026-01-09 13:28:01,065 [WARN] ModelIntegratedComponent:63 - No mode defined for component null
2026-01-09 13:28:01,065 [WARN] ModelIntegratedComponent:63 - No mode defined for component null
2026-01-09 13:28:01,065 [WARN] ModelIntegratedComponent:63 - No mode defined for component null
2026-01-09 13:28:01,065 [WARN] ModelIntegratedComponent:63 - No mode defined for component null
2026-01-09 13:28:01,065 [WARN] ModelIntegratedComponent:63 - No mode defined for component null
2026-01-09 13:28:01,065 [WARN] ModelIntegratedComponent:63 - No mode defined for component null
2026-01-09 13:28:01,065 [WARN] ModelIntegratedComponent:63 - No mode defined for component null
2026-01-09 13:28:01,065 [WARN] ModelIntegratedComponent:63 - No mode defined for component null
2026-01-09 13:28:01,065 [WARN] ModelIntegratedComponent:63 - No mode defined for component null
2026-01-09 13:28:01,065 [WARN] ModelIntegratedComponent:63 - No mode defined for component null
2026-01-09 13:28:01,066 [WARN] ModelIntegratedComponent:63 - No mode defined for component null
2026-01-09 13:28:01,066 [WARN] ModelIntegratedComponent:63 - No mode defined for component null
2026-01-09 13:28:01,066 [WARN] ModelIntegratedComponent:63 - No mode defined for component null
2026-01-09 13:28:01,066 [WARN] ModelIntegratedComponent:63 - No mode defined for component null
2026-01-09 13:28:01,066 [WARN] ModelIntegratedComponent:63 - No mode defined for component null
2026-01-09 13:28:01,066 [WARN] ModelIntegratedComponent:63 - No mode defined for component null
2026-01-09 13:28:01,066 [WARN] ModelIntegratedComponent:63 - No mode defined for component null
2026-01-09 13:28:01,066 [WARN] ModelIntegratedComponent:63 - No mode defined for component null
2026-01-09 13:28:01,066 [WARN] ModelIntegratedComponent:63 - No mode defined for component null
2026-01-09 13:28:01,066 [WARN] ModelIntegratedComponent:63 - No mode defined for component null
2026-01-09 13:28:01,066 [WARN] ModelIntegratedComponent:63 - No mode defined for component null
2026-01-09 13:28:01,066 [WARN] ModelIntegratedComponent:63 - No mode defined for component null
2026-01-09 13:28:01,066 [WARN] ModelIntegratedComponent:63 - No mode defined for component null
2026-01-09 13:28:01,066 [WARN] ModelIntegratedComponent:63 - No mode defined for component null
2026-01-09 13:28:01,066 [WARN] ModelIntegratedComponent:63 - No mode defined for component null
2026-01-09 13:28:01,066 [WARN] ModelIntegratedComponent:63 - No mode defined for component null
2026-01-09 13:28:01,066 [WARN] ModelIntegratedComponent:63 - No mode defined for component null
2026-01-09 13:28:01,066 [WARN] ModelIntegratedComponent:63 - No mode defined for component null
2026-01-09 13:28:01,066 [WARN] ModelIntegratedComponent:63 - No mode defined for component null
2026-01-09 13:28:01,066 [WARN] ModelIntegratedComponent:63 - No mode defined for component null
2026-01-09 13:28:01,066 [WARN] ModelPack:524 - Component already loaded: STMicroelectronics:HAL Drivers:0.0.0:STMicroelectronics:Device:STMicro_Driver:XSPI:HAL::0.0.1:HAL_XSPI
2026-01-09 13:28:01,211 [INFO] ThirdPartyModel:298 - Start build external matchings
2026-01-09 13:28:01,975 [INFO] ThirdPartyModel:316 - End build external matchings
2026-01-09 13:28:02,001 [WARN] IP:2251 - Warning not found: check if there is a RefParameter without a condition.
2026-01-09 13:28:02,001 [WARN] IP:2251 - RxBufferAddress not found: check if there is a RefParameter without a condition.
2026-01-09 13:28:02,001 [WARN] IP:2251 - DESC_SIZE_UNIT not found: check if there is a RefParameter without a condition.
2026-01-09 13:28:02,001 [INFO] ImportTextPane:218 - (OptionalMessage_ERROR) IP (ETH) : Invalid parameter (PHY_Name)
2026-01-09 13:28:02,001 [INFO] ImportTextPane:218 - (OptionalMessage_ERROR) IP (ETH) : Invalid parameter (PHY_Value)
2026-01-09 13:28:02,001 [INFO] ImportTextPane:218 - (OptionalMessage_ERROR) IP (ETH) : Invalid parameter (PhyAddress)
2026-01-09 13:28:02,002 [INFO] ImportTextPane:218 - (OptionalMessage_ERROR) IP (RCC) : Invalid parameter (48MHZClocksFreq_Value)
2026-01-09 13:28:02,002 [INFO] ImportTextPane:218 - (OptionalMessage_ERROR) IP (RCC) : Invalid parameter (ADC12outputFreq_Value)
2026-01-09 13:28:02,002 [INFO] ImportTextPane:218 - (OptionalMessage_ERROR) IP (RCC) : Invalid parameter (ADC34outputFreq_Value)
2026-01-09 13:28:02,002 [INFO] ImportTextPane:218 - (OptionalMessage_ERROR) IP (RCC) : Invalid parameter (FamilyName)
2026-01-09 13:28:02,003 [INFO] ImportTextPane:218 - (OptionalMessage_ERROR) IP (RCC) : Invalid parameter (I2SClocksFreq_Value)
2026-01-09 13:28:02,003 [INFO] ImportTextPane:218 - (OptionalMessage_ERROR) IP (RCC) : Parameter (LCDTFToutputFreq_Value) has invalid value (96000000)
2026-01-09 13:28:02,003 [INFO] ImportTextPane:218 - (OptionalMessage_ERROR) IP (RCC) : Invalid parameter (MCOFreq_Value)
2026-01-09 13:28:02,003 [INFO] ImportTextPane:218 - (OptionalMessage_ERROR) IP (RCC) : Invalid parameter (PLLMCOFreq_Value)
2026-01-09 13:28:02,003 [INFO] ImportTextPane:218 - (OptionalMessage_ERROR) IP (RCC) : Invalid parameter (PLLMUL)
2026-01-09 13:28:02,004 [INFO] ImportTextPane:218 - (OptionalMessage_ERROR) IP (RCC) : Invalid parameter (PRESCALERUSB)
2026-01-09 13:28:02,004 [INFO] ImportTextPane:218 - (OptionalMessage_ERROR) IP (RCC) : Invalid parameter (RTCHSEDivFreq_Value)
2026-01-09 13:28:02,004 [INFO] ImportTextPane:218 - (OptionalMessage_ERROR) IP (RCC) : Parameter (SDMMCFreq_Value) has invalid value (72000000)
2026-01-09 13:28:02,004 [INFO] ImportTextPane:218 - (OptionalMessage_ERROR) IP (RCC) : Invalid parameter (SYSCLKSourceVirtual)
2026-01-09 13:28:02,004 [INFO] ImportTextPane:218 - (OptionalMessage_ERROR) IP (RCC) : Invalid parameter (TIM15Freq_Value)
2026-01-09 13:28:02,004 [INFO] ImportTextPane:218 - (OptionalMessage_ERROR) IP (RCC) : Invalid parameter (TIM16Freq_Value)
2026-01-09 13:28:02,004 [INFO] ImportTextPane:218 - (OptionalMessage_ERROR) IP (RCC) : Invalid parameter (TIM17Freq_Value)
2026-01-09 13:28:02,004 [INFO] ImportTextPane:218 - (OptionalMessage_ERROR) IP (RCC) : Invalid parameter (TIM1Freq_Value)
2026-01-09 13:28:02,004 [INFO] ImportTextPane:218 - (OptionalMessage_ERROR) IP (RCC) : Invalid parameter (TIM20Freq_Value)
2026-01-09 13:28:02,004 [INFO] ImportTextPane:218 - (OptionalMessage_ERROR) IP (RCC) : Invalid parameter (TIM2Freq_Value)
2026-01-09 13:28:02,004 [INFO] ImportTextPane:218 - (OptionalMessage_ERROR) IP (RCC) : Invalid parameter (TIM3Freq_Value)
2026-01-09 13:28:02,004 [INFO] ImportTextPane:218 - (OptionalMessage_ERROR) IP (RCC) : Invalid parameter (TIM8Freq_Value)
2026-01-09 13:28:02,004 [INFO] ImportTextPane:218 - (OptionalMessage_ERROR) IP (RCC) : Invalid parameter (VCOOutput2Freq_Value)
2026-01-09 13:28:02,004 [INFO] ImportTextPane:218 - (OptionalMessage_ERROR) IP (RCC) : Invalid parameter (VcooutputI2S)
2026-01-09 13:28:02,440 [INFO] UtilMem:75 - End LoadConfig() Used Memory: 978006352 Bytes (1073741824)
2026-01-09 13:28:02,543 [WARN] ThirdParty:833 - waiting for thirdparty lock release [change project]
2026-01-09 13:28:02,544 [INFO] ThirdParty:835 - entering critical section [change project]
2026-01-09 13:28:02,544 [INFO] ThirdParty:1030 - CMSIS Pack Vendor :STMicroelectronics X-CUBE-PM33A1 1.0.0
2026-01-09 13:28:02,544 [INFO] ThirdParty:1030 - CMSIS Pack Vendor :STMicroelectronics USBPD 4.1
2026-01-09 13:28:02,544 [INFO] ThirdParty:1030 - CMSIS Pack Vendor :STMicroelectronics USB_HOST 2.0.0
2026-01-09 13:28:02,544 [INFO] ThirdParty:1030 - CMSIS Pack Vendor :STMicroelectronics FP-SNS-MOTENVWB1 1.4.0
2026-01-09 13:28:02,544 [INFO] ThirdParty:1030 - CMSIS Pack Vendor :STMicroelectronics X-CUBE-AZRTOS-F4 1.1.0
2026-01-09 13:28:02,544 [INFO] ThirdParty:1030 - CMSIS Pack Vendor :STMicroelectronics LIBJPEG 8.0.0
2026-01-09 13:28:02,544 [INFO] ThirdParty:1030 - CMSIS Pack Vendor :STMicroelectronics FP-ATR-ASTRA1 2.0.2
2026-01-09 13:28:02,544 [INFO] ThirdParty:1030 - CMSIS Pack Vendor :STMicroelectronics FP-ATR-ASTRA1 2.0.1
2026-01-09 13:28:02,544 [INFO] ThirdParty:1030 - CMSIS Pack Vendor :STMicroelectronics X-CUBE-SMBUS 2.1.0
2026-01-09 13:28:02,544 [INFO] ThirdParty:1030 - CMSIS Pack Vendor :STMicroelectronics X-CUBE-WB05N 1.1.0
2026-01-09 13:28:02,544 [INFO] ThirdParty:1030 - CMSIS Pack Vendor :STMicroelectronics X-CUBE-ISPU 2.1.0
2026-01-09 13:28:02,544 [INFO] ThirdParty:1030 - CMSIS Pack Vendor :STMicroelectronics X-CUBE-FREERTOS 1.2.0
2026-01-09 13:28:02,544 [INFO] ThirdParty:1030 - CMSIS Pack Vendor :STMicroelectronics X-CUBE-ST60 1.0.0
2026-01-09 13:28:02,544 [INFO] ThirdParty:1030 - CMSIS Pack Vendor :STMicroelectronics X-CUBE-NFC12 1.0.0
2026-01-09 13:28:02,544 [INFO] ThirdParty:1030 - CMSIS Pack Vendor :STMicroelectronics X-CUBE-AZRTOS-F7 1.1.0
2026-01-09 13:28:02,544 [INFO] ThirdParty:1030 - CMSIS Pack Vendor :STMicroelectronics X-CUBE-AZRTOS-L5 2.0.0
2026-01-09 13:28:02,544 [INFO] ThirdParty:1030 - CMSIS Pack Vendor :STMicroelectronics USB_DEVICE 2.0.0
2026-01-09 13:28:02,544 [INFO] ThirdParty:1030 - CMSIS Pack Vendor :STMicroelectronics X-CUBE-NFC6 3.1.0
2026-01-09 13:28:02,544 [INFO] ThirdParty:1030 - CMSIS Pack Vendor :ARM CMSIS 5.7.0
2026-01-09 13:28:02,544 [INFO] ThirdParty:1030 - CMSIS Pack Vendor :STMicroelectronics X-CUBE-MEMS1 11.0.0
2026-01-09 13:28:02,544 [INFO] ThirdParty:1030 - CMSIS Pack Vendor :STMicroelectronics FreeRTOS 0.0.1
2026-01-09 13:28:02,544 [INFO] ThirdParty:1030 - CMSIS Pack Vendor :STMicroelectronics X-CUBE-DPower 1.2.0
2026-01-09 13:28:02,544 [INFO] ThirdParty:1030 - CMSIS Pack Vendor :STMicroelectronics FP-SNS-FLIGHT1 5.0.2
2026-01-09 13:28:02,544 [INFO] ThirdParty:1030 - CMSIS Pack Vendor :STMicroelectronics PDM2PCM 3.3.0
2026-01-09 13:28:02,544 [INFO] ThirdParty:1030 - CMSIS Pack Vendor :STMicroelectronics X-CUBE-AZRTOS-H7 3.4.0
2026-01-09 13:28:02,544 [INFO] ThirdParty:1030 - CMSIS Pack Vendor :STMicroelectronics X-CUBE-DISPLAY 3.0.0
2026-01-09 13:28:02,544 [INFO] ThirdParty:1030 - CMSIS Pack Vendor :STMicroelectronics X-CUBE-BLE1 7.0.0
2026-01-09 13:28:02,544 [INFO] ThirdParty:1030 - CMSIS Pack Vendor :STMicroelectronics X-CUBE-NFC10 1.0.0
2026-01-09 13:28:02,544 [INFO] ThirdParty:1030 - CMSIS Pack Vendor :STMicroelectronics X-CUBE-BLEMGR 4.0.0
2026-01-09 13:28:02,544 [INFO] ThirdParty:1030 - CMSIS Pack Vendor :STMicroelectronics X-CUBE-FREERTOS 1.3.1
2026-01-09 13:28:02,544 [INFO] ThirdParty:1030 - CMSIS Pack Vendor :STMicroelectronics HAL Drivers 0.0.0
2026-01-09 13:28:02,544 [INFO] ThirdParty:1030 - CMSIS Pack Vendor :STMicroelectronics X-CUBE-ST60 1.1.0
2026-01-09 13:28:02,544 [INFO] ThirdParty:1030 - CMSIS Pack Vendor :emotas I-CUBE-CANOPEN 1.3.0
2026-01-09 13:28:02,544 [INFO] ThirdParty:1030 - CMSIS Pack Vendor :STMicroelectronics X-CUBE-FREERTOS 1.3.0
2026-01-09 13:28:02,544 [INFO] ThirdParty:1030 - CMSIS Pack Vendor :STMicroelectronics X-CUBE-NFC7 1.0.1
2026-01-09 13:28:02,544 [INFO] ThirdParty:1030 - CMSIS Pack Vendor :STMicroelectronics MBEDTLS 2.14.1
2026-01-09 13:28:02,544 [INFO] ThirdParty:1030 - CMSIS Pack Vendor :STMicroelectronics X-CUBE-GNSS1 7.1.0
2026-01-09 13:28:02,544 [INFO] ThirdParty:1030 - CMSIS Pack Vendor :STMicroelectronics X-CUBE-TOUCHGFX 4.26.0
2026-01-09 13:28:02,544 [INFO] ThirdParty:1030 - CMSIS Pack Vendor :STMicroelectronics X-CUBE-BLEMGR 3.1.0
2026-01-09 13:28:02,544 [INFO] ThirdParty:1030 - CMSIS Pack Vendor :STMicroelectronics X-CUBE-AI 10.0.0
2026-01-09 13:28:02,544 [INFO] ThirdParty:1030 - CMSIS Pack Vendor :STMicroelectronics FP-SNS-STAIOTCFT 1.0.0
2026-01-09 13:28:02,544 [INFO] ThirdParty:1030 - CMSIS Pack Vendor :STMicroelectronics FP-SNS-SMARTAG2 1.2.0
2026-01-09 13:28:02,544 [INFO] ThirdParty:1030 - CMSIS Pack Vendor :STMicroelectronics FP-SNS-FLIGHT1 5.1.0
2026-01-09 13:28:02,544 [INFO] ThirdParty:1030 - CMSIS Pack Vendor :STMicroelectronics X-CUBE-MEMS1 11.1.0
2026-01-09 13:28:02,544 [INFO] ThirdParty:1030 - CMSIS Pack Vendor :STMicroelectronics X-CUBE-AZRTOS-WL 2.0.0
2026-01-09 13:28:02,544 [INFO] ThirdParty:1030 - CMSIS Pack Vendor :STMicroelectronics X-CUBE-DPower 1.3.0
2026-01-09 13:28:02,544 [INFO] ThirdParty:1030 - CMSIS Pack Vendor :STMicroelectronics FP-SNS-MOTENV1 5.0.0
2026-01-09 13:28:02,544 [INFO] ThirdParty:1030 - CMSIS Pack Vendor :STMicroelectronics USB_DEVICE 1.0.0
2026-01-09 13:28:02,544 [INFO] ThirdParty:1030 - CMSIS Pack Vendor :STMicroelectronics X-CUBE-AZRTOS-H7RS 1.2.0
2026-01-09 13:28:02,544 [INFO] ThirdParty:1030 - CMSIS Pack Vendor :wolfSSL I-CUBE-wolfMQTT 1.19.0
2026-01-09 13:28:02,544 [INFO] ThirdParty:1030 - CMSIS Pack Vendor :STMicroelectronics X-CUBE-AZRTOS-L4 2.0.0
2026-01-09 13:28:02,544 [INFO] ThirdParty:1030 - CMSIS Pack Vendor :STMicroelectronics ThreadX 0.0.2
2026-01-09 13:28:02,544 [INFO] ThirdParty:1030 - CMSIS Pack Vendor :WES I-CUBE-Cesium 1.3.0
2026-01-09 13:28:02,544 [INFO] ThirdParty:1030 - CMSIS Pack Vendor :STMicroelectronics lwIP 2.1.2
2026-01-09 13:28:02,544 [INFO] ThirdParty:1030 - CMSIS Pack Vendor :STMicroelectronics X-CUBE-SFXS2LP1 4.0.0
2026-01-09 13:28:02,544 [INFO] ThirdParty:1030 - CMSIS Pack Vendor :STMicroelectronics X-CUBE-BLE2 3.3.0
2026-01-09 13:28:02,545 [INFO] ThirdParty:1030 - CMSIS Pack Vendor :Avnet-IOTCONNECT X-CUBE-iotc-st67-sdk 1.0.0
2026-01-09 13:28:02,545 [INFO] ThirdParty:1030 - CMSIS Pack Vendor :STMicroelectronics PDM2PCM 3.2.0
2026-01-09 13:28:02,545 [INFO] ThirdParty:1030 - CMSIS Pack Vendor :STMicroelectronics X-CUBE-AZRTOS-H7 3.3.0
2026-01-09 13:28:02,545 [INFO] ThirdParty:1030 - CMSIS Pack Vendor :STMicroelectronics X-CUBE-NFC9 1.0.0
2026-01-09 13:28:02,545 [INFO] ThirdParty:1030 - CMSIS Pack Vendor :STMicroelectronics X-CUBE-BLE1 7.1.0
2026-01-09 13:28:02,545 [INFO] ThirdParty:1030 - CMSIS Pack Vendor :STMicroelectronics USB_DEVICE 3.0.0
2026-01-09 13:28:02,545 [INFO] ThirdParty:1030 - CMSIS Pack Vendor :STMicroelectronics X-CUBE-TCPP 4.1.0
2026-01-09 13:28:02,545 [INFO] ThirdParty:1030 - CMSIS Pack Vendor :STMicroelectronics X-CUBE-EEPRMA1 5.2.0
2026-01-09 13:28:02,545 [INFO] ThirdParty:1030 - CMSIS Pack Vendor :STMicroelectronics X-CUBE-BLEMGR 4.1.0
2026-01-09 13:28:02,545 [INFO] ThirdParty:1030 - CMSIS Pack Vendor :STMicroelectronics X-CUBE-IPS 3.0.0
2026-01-09 13:28:02,545 [INFO] ThirdParty:1030 - CMSIS Pack Vendor :STMicroelectronics X-CUBE-AZRTOS-WB 2.0.0
2026-01-09 13:28:02,545 [INFO] ThirdParty:1030 - CMSIS Pack Vendor :STMicroelectronics X-CUBE-GNSS1 7.0.0
2026-01-09 13:28:02,545 [INFO] ThirdParty:1030 - CMSIS Pack Vendor :STMicroelectronics X-CUBE-GNSS1 7.0.1
2026-01-09 13:28:02,545 [INFO] ThirdParty:1030 - CMSIS Pack Vendor :STMicroelectronics X-CUBE-TOUCHGFX 4.25.0
2026-01-09 13:28:02,545 [INFO] ThirdParty:1030 - CMSIS Pack Vendor :STMicroelectronics FP-SNS-STBOX1 2.0.0
2026-01-09 13:28:02,545 [INFO] ThirdParty:1030 - CMSIS Pack Vendor :STMicroelectronics X-CUBE-MEMS1 12.0.0
2026-01-09 13:28:02,545 [INFO] ThirdParty:1030 - CMSIS Pack Vendor :STMicroelectronics X-CUBE-AZRTOS-G0 1.1.0
2026-01-09 13:28:02,545 [INFO] ThirdParty:1030 - CMSIS Pack Vendor :STMicroelectronics X-CUBE-SAFEA1 1.2.2
2026-01-09 13:28:02,545 [INFO] ThirdParty:1030 - CMSIS Pack Vendor :STMicroelectronics X-CUBE-NFC4 3.0.0
2026-01-09 13:28:02,545 [INFO] ThirdParty:1030 - CMSIS Pack Vendor :STMicroelectronics X-CUBE-SUBG2 5.0.0
2026-01-09 13:28:02,545 [INFO] ThirdParty:1030 - CMSIS Pack Vendor :STMicroelectronics X-CUBE-AZRTOS-H7RS 1.1.0
2026-01-09 13:28:02,545 [INFO] ThirdParty:1030 - CMSIS Pack Vendor :STMicroelectronics STM32_WPAN 1.0.0
2026-01-09 13:28:02,545 [INFO] ThirdParty:1030 - CMSIS Pack Vendor :EmbeddedOffice I-CUBE-FS-RTOS 1.0.1
2026-01-09 13:28:02,545 [INFO] ThirdParty:1030 - CMSIS Pack Vendor :STMicroelectronics lwIP 2.0.3
2026-01-09 13:28:02,545 [INFO] ThirdParty:1030 - CMSIS Pack Vendor :Cesanta I-CUBE-Mongoose 7.13.0
2026-01-09 13:28:02,545 [INFO] ThirdParty:1030 - CMSIS Pack Vendor :STMicroelectronics USB_HOST 1.0.0
2026-01-09 13:28:02,545 [INFO] ThirdParty:1030 - CMSIS Pack Vendor :STMicroelectronics X-CUBE-AZRTOS-G4 2.0.0
2026-01-09 13:28:02,545 [INFO] ThirdParty:1030 - CMSIS Pack Vendor :STMicroelectronics X-CUBE-WB05N 2.0.0
2026-01-09 13:28:02,545 [INFO] ThirdParty:1030 - CMSIS Pack Vendor :STMicroelectronics PDM2PCM 3.1.0
2026-01-09 13:28:02,545 [INFO] ThirdParty:1030 - CMSIS Pack Vendor :STMicroelectronics X-CUBE-NFC7 2.0.0
2026-01-09 13:28:02,545 [INFO] ThirdParty:1030 - CMSIS Pack Vendor :STMicroelectronics X-CUBE-TCPP 4.2.0
2026-01-09 13:28:02,545 [INFO] ThirdParty:1030 - CMSIS Pack Vendor :RealThread X-CUBE-RT-Thread_Nano 4.1.1
2026-01-09 13:28:02,546 [INFO] ThirdParty:1030 - CMSIS Pack Vendor :STMicroelectronics FP-ATR-SIGFOX1 3.2.0
2026-01-09 13:28:02,546 [INFO] ThirdParty:1030 - CMSIS Pack Vendor :wolfSSL I-CUBE-wolfSSL 5.7.2
2026-01-09 13:28:02,546 [INFO] ThirdParty:1030 - CMSIS Pack Vendor :quantropi X-CUBE-qispace-sdk-base 1.9.3
2026-01-09 13:28:02,546 [INFO] ThirdParty:1030 - CMSIS Pack Vendor :STMicroelectronics X-CUBE-EEPRMA1 5.1.0
2026-01-09 13:28:02,546 [INFO] ThirdParty:1030 - CMSIS Pack Vendor :STMicroelectronics MBEDTLS 2.16.2
2026-01-09 13:28:02,546 [INFO] ThirdParty:1030 - CMSIS Pack Vendor :STMicroelectronics X-CUBE-IPS 3.1.0
2026-01-09 13:28:02,546 [INFO] ThirdParty:1030 - CMSIS Pack Vendor :STMicroelectronics X-CUBE-ALS 1.0.2
2026-01-09 13:28:02,546 [INFO] ThirdParty:1030 - CMSIS Pack Vendor :ITTIA_DB I-CUBE-ITTIADB 8.9.0
2026-01-09 13:28:02,546 [INFO] ThirdParty:1030 - CMSIS Pack Vendor :STMicroelectronics X-CUBE-TOUCHGFX 4.24.1
2026-01-09 13:28:02,546 [INFO] ThirdParty:1030 - CMSIS Pack Vendor :STMicroelectronics X-CUBE-STSE01 1.0.0
2026-01-09 13:28:02,546 [INFO] ThirdParty:1030 - CMSIS Pack Vendor :wolfSSL I-CUBE-wolfTPM 3.4.0
2026-01-09 13:28:02,546 [INFO] ThirdParty:1030 - CMSIS Pack Vendor :portGmbH I-Cube-SoM-uGOAL 1.1.0
2026-01-09 13:28:02,546 [INFO] ThirdParty:1030 - CMSIS Pack Vendor :STMicroelectronics X-CUBE-ST67W61 1.0.0
2026-01-09 13:28:02,546 [INFO] ThirdParty:1030 - CMSIS Pack Vendor :STMicroelectronics X-CUBE-AI 10.2.0
2026-01-09 13:28:02,546 [INFO] ThirdParty:1030 - CMSIS Pack Vendor :STMicroelectronics ThreadX 1.0.0
2026-01-09 13:28:02,546 [INFO] ThirdParty:1030 - CMSIS Pack Vendor :SEGGER I-CUBE-embOS 1.3.1
2026-01-09 13:28:02,546 [INFO] ThirdParty:1030 - CMSIS Pack Vendor :STMicroelectronics X-CUBE-ALGOBUILD 1.4.0
2026-01-09 13:28:02,546 [INFO] ThirdParty:1030 - CMSIS Pack Vendor :STMicroelectronics X-CUBE-MEMS1 11.3.0
2026-01-09 13:28:02,546 [INFO] ThirdParty:1030 - CMSIS Pack Vendor :STMicroelectronics X-CUBE-AZRTOS-H7RS 1.0.0
2026-01-09 13:28:02,546 [INFO] ThirdParty:1030 - CMSIS Pack Vendor :STMicroelectronics FP-ATR-ASTRA1 2.0.0
2026-01-09 13:28:02,546 [INFO] ThirdParty:1030 - CMSIS Pack Vendor :STMicroelectronics X-CUBE-TOF1 3.4.2
2026-01-09 13:28:02,546 [INFO] ThirdParty:1030 - CMSIS Pack Vendor :STMicroelectronics X-CUBE-TOF1 3.4.3
2026-01-09 13:28:02,546 [INFO] ThirdParty:1030 - CMSIS Pack Vendor :STMicroelectronics X-CUBE-AI 9.1.0
2026-01-09 13:28:02,546 [INFO] ThirdParty:1030 - CMSIS Pack Vendor :Infineon AIROC-Wi-Fi-Bluetooth-STM32 1.6.1
2026-01-09 13:28:02,546 [INFO] ThirdParty:1030 - CMSIS Pack Vendor :wolfSSL I-CUBE-wolfSSH 1.4.17
2026-01-09 13:28:02,546 [INFO] ThirdParty:841 - exiting critical section [change project]
2026-01-09 13:28:02,799 [INFO] PinOutPanel:1589 - setPackage(No Configuration,No Configuration)
2026-01-09 13:28:02,800 [INFO] PinOutPanel:1589 - setPackage(STM32F746ZGTx,LQFP144)
2026-01-09 13:28:03,303 [INFO] UtilMem:75 - Before build in PCC Used Memory: 886553568 Bytes (1073741824)
2026-01-09 13:28:03,546 [INFO] UtilMem:75 - After build in PCC Used Memory: 936362976 Bytes (1073741824)
2026-01-09 13:28:03,565 [INFO] IPUIPlugin:80 - create IPUIPlugin
2026-01-09 13:28:03,565 [INFO] IPUIPlugin:80 - create IPUIPlugin
2026-01-09 13:28:03,565 [INFO] IPUIPlugin:80 - create IPUIPlugin
2026-01-09 13:28:03,565 [INFO] IPUIPlugin:80 - create IPUIPlugin
2026-01-09 13:28:03,565 [INFO] IPUIPlugin:80 - create IPUIPlugin
2026-01-09 13:28:03,565 [INFO] IPUIPlugin:80 - create IPUIPlugin
2026-01-09 13:28:03,565 [INFO] IPUIPlugin:80 - create IPUIPlugin
2026-01-09 13:28:03,565 [INFO] IPUIPlugin:80 - create IPUIPlugin
2026-01-09 13:28:03,565 [INFO] IPUIPlugin:80 - create IPUIPlugin
2026-01-09 13:28:03,565 [INFO] IPUIPlugin:80 - create IPUIPlugin
2026-01-09 13:28:03,565 [INFO] IPUIPlugin:80 - create IPUIPlugin
2026-01-09 13:28:03,566 [INFO] IPUIPlugin:80 - create IPUIPlugin
2026-01-09 13:28:03,566 [INFO] IPUIPlugin:80 - create IPUIPlugin
2026-01-09 13:28:03,566 [INFO] IPUIPlugin:80 - create IPUIPlugin
2026-01-09 13:28:03,566 [INFO] IPUIPlugin:80 - create IPUIPlugin
2026-01-09 13:28:03,566 [INFO] IPUIPlugin:80 - create IPUIPlugin
2026-01-09 13:28:03,566 [INFO] IPUIPlugin:80 - create IPUIPlugin
2026-01-09 13:28:03,566 [INFO] IPUIPlugin:80 - create IPUIPlugin
2026-01-09 13:28:03,566 [INFO] IPUIPlugin:80 - create IPUIPlugin
2026-01-09 13:28:03,566 [INFO] IPUIPlugin:80 - create IPUIPlugin
2026-01-09 13:28:03,566 [INFO] IPUIPlugin:80 - create IPUIPlugin
2026-01-09 13:28:03,566 [INFO] IPUIPlugin:80 - create IPUIPlugin
2026-01-09 13:28:03,566 [INFO] IPUIPlugin:80 - create IPUIPlugin
2026-01-09 13:28:03,566 [INFO] IPUIPlugin:80 - create IPUIPlugin
2026-01-09 13:28:03,566 [INFO] IPUIPlugin:80 - create IPUIPlugin
2026-01-09 13:28:03,566 [INFO] IPUIPlugin:80 - create IPUIPlugin
2026-01-09 13:28:03,566 [INFO] IPUIPlugin:80 - create IPUIPlugin
2026-01-09 13:28:03,566 [INFO] IPUIPlugin:80 - create IPUIPlugin
2026-01-09 13:28:03,567 [INFO] IPUIPlugin:80 - create IPUIPlugin
2026-01-09 13:28:03,567 [INFO] IPUIPlugin:80 - create IPUIPlugin
2026-01-09 13:28:03,567 [INFO] IPUIPlugin:80 - create IPUIPlugin
2026-01-09 13:28:03,567 [INFO] IPUIPlugin:80 - create IPUIPlugin
2026-01-09 13:28:03,567 [INFO] IPUIPlugin:80 - create IPUIPlugin
2026-01-09 13:28:03,567 [INFO] IPUIPlugin:80 - create IPUIPlugin
2026-01-09 13:28:03,568 [INFO] IPUIPlugin:80 - create IPUIPlugin
2026-01-09 13:28:03,568 [INFO] IPUIPlugin:80 - create IPUIPlugin
2026-01-09 13:28:03,568 [INFO] IPUIPlugin:80 - create IPUIPlugin
2026-01-09 13:28:03,568 [INFO] IPUIPlugin:80 - create IPUIPlugin
2026-01-09 13:28:03,568 [INFO] IPUIPlugin:80 - create IPUIPlugin
2026-01-09 13:28:03,568 [INFO] IPUIPlugin:80 - create IPUIPlugin
2026-01-09 13:28:03,568 [INFO] IPUIPlugin:80 - create IPUIPlugin
2026-01-09 13:28:03,568 [INFO] IPUIPlugin:80 - create IPUIPlugin
2026-01-09 13:28:03,569 [INFO] IPUIPlugin:80 - create IPUIPlugin
2026-01-09 13:28:03,569 [INFO] IPUIPlugin:80 - create IPUIPlugin
2026-01-09 13:28:03,569 [INFO] IPUIPlugin:80 - create IPUIPlugin
2026-01-09 13:28:03,569 [INFO] IPUIPlugin:80 - create IPUIPlugin
2026-01-09 13:28:03,569 [INFO] IPUIPlugin:80 - create IPUIPlugin
2026-01-09 13:28:03,569 [INFO] IPUIPlugin:80 - create IPUIPlugin
2026-01-09 13:28:03,569 [INFO] IPUIPlugin:80 - create IPUIPlugin
2026-01-09 13:28:03,569 [INFO] IPUIPlugin:80 - create IPUIPlugin
2026-01-09 13:28:03,570 [INFO] IPUIPlugin:80 - create IPUIPlugin
2026-01-09 13:28:03,570 [INFO] IPUIPlugin:80 - create IPUIPlugin
2026-01-09 13:28:03,570 [INFO] IPUIPlugin:80 - create IPUIPlugin
2026-01-09 13:28:03,570 [INFO] IPUIPlugin:80 - create IPUIPlugin
2026-01-09 13:28:03,570 [INFO] IPUIPlugin:80 - create IPUIPlugin
2026-01-09 13:28:03,570 [INFO] IPUIPlugin:80 - create IPUIPlugin
2026-01-09 13:28:03,570 [INFO] IPUIPlugin:80 - create IPUIPlugin
2026-01-09 13:28:03,570 [INFO] IPUIPlugin:80 - create IPUIPlugin
2026-01-09 13:28:03,571 [INFO] IPUIPlugin:80 - create IPUIPlugin
2026-01-09 13:28:03,571 [INFO] IPUIPlugin:80 - create IPUIPlugin
2026-01-09 13:28:03,571 [INFO] IPUIPlugin:80 - create IPUIPlugin
2026-01-09 13:28:03,571 [INFO] IPUIPlugin:80 - create IPUIPlugin
2026-01-09 13:28:03,571 [INFO] IPUIPlugin:80 - create IPUIPlugin
2026-01-09 13:28:03,571 [INFO] IPUIPlugin:80 - create IPUIPlugin
2026-01-09 13:28:03,572 [INFO] IPUIPlugin:80 - create IPUIPlugin
2026-01-09 13:28:03,572 [INFO] IPUIPlugin:80 - create IPUIPlugin
2026-01-09 13:28:03,572 [INFO] IPUIPlugin:80 - create IPUIPlugin
2026-01-09 13:28:03,573 [INFO] IPUIPlugin:80 - create IPUIPlugin
2026-01-09 13:28:03,573 [INFO] IPUIPlugin:80 - create IPUIPlugin
2026-01-09 13:28:03,573 [INFO] IPUIPlugin:80 - create IPUIPlugin
2026-01-09 13:28:03,573 [INFO] IPUIPlugin:80 - create IPUIPlugin
2026-01-09 13:28:03,574 [INFO] IPUIPlugin:80 - create IPUIPlugin
2026-01-09 13:28:03,574 [INFO] IPUIPlugin:80 - create IPUIPlugin
2026-01-09 13:28:03,574 [INFO] IPUIPlugin:80 - create IPUIPlugin
2026-01-09 13:28:03,590 [INFO] ApiDbMcu:508 - Load IP Config File for PDM2PCM
2026-01-09 13:28:03,592 [INFO] Can:71 - Can Add PropertyChangeListener com.st.microxplorer.plugins.ip.can.Can@74c8f273
2026-01-09 13:28:03,685 [INFO] CADModel:165 - CPN selected for project levelSTM32F746ZGT6
2026-01-09 13:28:03,685 [INFO] CADModel:114 - Register for checkConnection events
2026-01-09 13:28:03,740 [INFO] OpenFileManager:363 - Restore cursor
2026-01-09 13:28:03,897 [WARN] IP:2251 - Warning not found: check if there is a RefParameter without a condition.
2026-01-09 13:28:03,898 [WARN] IP:2251 - RxBufferAddress not found: check if there is a RefParameter without a condition.
2026-01-09 13:28:03,898 [WARN] IP:2251 - DESC_SIZE_UNIT not found: check if there is a RefParameter without a condition.
2026-01-09 13:28:03,898 [WARN] IP:2251 - Warning not found: check if there is a RefParameter without a condition.
2026-01-09 13:28:03,898 [WARN] IP:2251 - RxBufferAddress not found: check if there is a RefParameter without a condition.
2026-01-09 13:28:03,898 [WARN] IP:2251 - DESC_SIZE_UNIT not found: check if there is a RefParameter without a condition.
2026-01-09 13:37:49,974 [INFO] WebApp:190 - Connection lost
2026-01-09 13:37:50,241 [INFO] WebApp:187 - Connection restablished
2026-01-09 14:01:21,069 [INFO] WebApp:190 - Connection lost
2026-01-09 14:25:58,208 [INFO] Activator:176 - 


2026-01-09 14:25:58,212 [INFO] Activator:177 - !SESSION log4j initialized
2026-01-09 14:26:04,869 [INFO] LogOutputStream:77 - [STDOUT_REDIRECT] 
2026-01-09 14:26:15,382 [INFO] ApplicationProperties:184 - Using Application install path: C:\ST\STM32CubeIDE_1.17.0\STM32CubeIDE\plugins\com.st.stm32cube.common.mx_6.13.0.202411220809
2026-01-09 14:26:15,402 [INFO] DbMcusXml:78 - Set database path to: C:\ST\STM32CubeIDE_1.17.0\STM32CubeIDE\plugins\com.st.stm32cube.common.mx_6.13.0.202411220809\\db\/mcu/
2026-01-09 14:26:15,402 [INFO] ApiDb:274 - Set plugin database path to: C:\ST\STM32CubeIDE_1.17.0\STM32CubeIDE\plugins\com.st.stm32cube.common.mx_6.13.0.202411220809\\db\/plugins/boardmanager/
2026-01-09 14:26:15,402 [WARN] ApiDb:259 - Overriding images path with different value:  => C:\ST\STM32CubeIDE_1.17.0\STM32CubeIDE\plugins\com.st.stm32cube.common.mx_6.13.0.202411220809\\db\/plugins/mcufinder/images/
2026-01-09 14:26:15,413 [INFO] ApiDb:250 - Set database path to: C:\Users\kamil\.stmcufinder\plugins\mcufinder//mcu/
2026-01-09 14:26:15,414 [INFO] DbMcusAds:125 - Set database path to: C:\Users\kamil\.stmcufinder\plugins\mcufinder//mcu/
2026-01-09 14:26:15,433 [INFO] CrossReferenceDbSqlite:203 - Set database path to: C:\Users\kamil\.stmcufinder\plugins\mcufinder//mcu/cs/
2026-01-09 14:26:15,481 [INFO] McuFinderGlobals:63 - Set McuFinder mode to 2 (CubeIDE integrated)
2026-01-09 14:26:15,563 [INFO] RulesReader:64 - Compatibility file has been processed (297 Rules)
2026-01-09 14:26:15,640 [INFO] DbMcusXml:78 - Set database path to: C:\ST\STM32CubeIDE_1.17.0\STM32CubeIDE\plugins\com.st.stm32cube.common.mx_6.13.0.202411220809\\db\/mcu/
2026-01-09 14:26:15,640 [INFO] ApiDb:274 - Set plugin database path to: C:\ST\STM32CubeIDE_1.17.0\STM32CubeIDE\plugins\com.st.stm32cube.common.mx_6.13.0.202411220809\\db\/plugins/boardmanager/
2026-01-09 14:26:15,640 [INFO] ApiDb:261 - Set plugin images path to: C:\ST\STM32CubeIDE_1.17.0\STM32CubeIDE\plugins\com.st.stm32cube.common.mx_6.13.0.202411220809\\db\/plugins/mcufinder/images/
2026-01-09 14:26:15,640 [WARN] DbFile:41 - Overriding database path with different value: C:\Users\kamil\.stmcufinder\plugins\mcufinder/ => C:\Users\kamil\.stmcufinder\plugins\mcufinder
2026-01-09 14:26:15,640 [INFO] ApiDb:250 - Set database path to: C:\Users\kamil\.stmcufinder\plugins\mcufinder//mcu/
2026-01-09 14:26:15,640 [WARN] DbFile:41 - Overriding database path with different value: C:\Users\kamil\.stmcufinder\plugins\mcufinder/ => C:\Users\kamil\.stmcufinder\plugins\mcufinder
2026-01-09 14:26:15,640 [INFO] DbMcusAds:125 - Set database path to: C:\Users\kamil\.stmcufinder\plugins\mcufinder//mcu/
2026-01-09 14:26:15,640 [WARN] DbFile:41 - Overriding database path with different value: C:\Users\kamil\.stmcufinder\plugins\mcufinder/ => C:\Users\kamil\.stmcufinder\plugins\mcufinder
2026-01-09 14:26:15,640 [WARN] DbFile:41 - Overriding database path with different value: C:\Users\kamil\.stmcufinder\plugins\mcufinder/ => C:\Users\kamil\.stmcufinder\plugins\mcufinder
2026-01-09 14:26:15,641 [INFO] CrossReferenceDbSqlite:203 - Set database path to: C:\Users\kamil\.stmcufinder\plugins\mcufinder//mcu/cs/
2026-01-09 14:26:15,711 [INFO] MainPanel:272 - HeapMemory: 268435456
2026-01-09 14:26:15,836 [INFO] DbMcusXml:78 - Set database path to: C:\ST\STM32CubeIDE_1.17.0\STM32CubeIDE\plugins\com.st.stm32cube.common.mx_6.13.0.202411220809\\db\/mcu/
2026-01-09 14:26:15,836 [INFO] ApiDb:274 - Set plugin database path to: C:\ST\STM32CubeIDE_1.17.0\STM32CubeIDE\plugins\com.st.stm32cube.common.mx_6.13.0.202411220809\\db\/plugins/boardmanager/
2026-01-09 14:26:15,836 [INFO] ApiDb:261 - Set plugin images path to: C:\ST\STM32CubeIDE_1.17.0\STM32CubeIDE\plugins\com.st.stm32cube.common.mx_6.13.0.202411220809\\db\/plugins/mcufinder/images/
2026-01-09 14:26:15,836 [WARN] DbFile:41 - Overriding database path with different value: C:\Users\kamil\.stmcufinder\plugins\mcufinder/ => C:\Users\kamil\.stmcufinder\plugins\mcufinder
2026-01-09 14:26:15,836 [INFO] ApiDb:250 - Set database path to: C:\Users\kamil\.stmcufinder\plugins\mcufinder//mcu/
2026-01-09 14:26:15,836 [WARN] DbFile:41 - Overriding database path with different value: C:\Users\kamil\.stmcufinder\plugins\mcufinder/ => C:\Users\kamil\.stmcufinder\plugins\mcufinder
2026-01-09 14:26:15,836 [INFO] DbMcusAds:125 - Set database path to: C:\Users\kamil\.stmcufinder\plugins\mcufinder//mcu/
2026-01-09 14:26:15,836 [WARN] DbFile:41 - Overriding database path with different value: C:\Users\kamil\.stmcufinder\plugins\mcufinder/ => C:\Users\kamil\.stmcufinder\plugins\mcufinder
2026-01-09 14:26:15,836 [WARN] DbFile:41 - Overriding database path with different value: C:\Users\kamil\.stmcufinder\plugins\mcufinder/ => C:\Users\kamil\.stmcufinder\plugins\mcufinder
2026-01-09 14:26:15,837 [INFO] CrossReferenceDbSqlite:203 - Set database path to: C:\Users\kamil\.stmcufinder\plugins\mcufinder//mcu/cs/
2026-01-09 14:26:15,854 [INFO] ApplicationProperties:184 - Using Application install path: C:\ST\STM32CubeIDE_1.17.0\STM32CubeIDE\plugins\com.st.stm32cube.common.mx_6.13.0.202411220809
2026-01-09 14:26:15,855 [INFO] PluginManage:196 - Search for loadable plugins [exclusion list=, ]
2026-01-09 14:26:15,857 [INFO] PluginManage:310 - Check plugin analytics
2026-01-09 14:26:16,068 [INFO] AnalyticsPlugin:253 - Accepted Software Licenses: 
2026-01-09 14:26:16,068 [INFO] AnalyticsPlugin:255 - Accepted CMSIS Pack Licenses: 
2026-01-09 14:26:16,069 [INFO] AnalyticsPlugin:257 - Accepted Firmware Licenses: FW.F7.1.17.0,FW.H7.1.12.0
2026-01-09 14:26:16,072 [INFO] PluginManage:359 - Loaded plugin analytics (category:tool,tabindex:-1)
2026-01-09 14:26:16,073 [INFO] PluginManage:310 - Check plugin cadmodel
2026-01-09 14:26:16,095 [INFO] CADModel:105 - Init CAD model plugin
2026-01-09 14:26:16,095 [INFO] PluginManage:359 - Loaded plugin cadmodel (category:power,tabindex:5)
2026-01-09 14:26:16,095 [INFO] PluginManage:310 - Check plugin clock
2026-01-09 14:26:16,120 [INFO] PluginManage:359 - Loaded plugin clock (category:base,tabindex:2)
2026-01-09 14:26:16,121 [INFO] PluginManage:310 - Check plugin ddr
2026-01-09 14:26:16,124 [INFO] PluginManage:359 - Loaded plugin ddr (category:tool,tabindex:6)
2026-01-09 14:26:16,124 [INFO] PluginManage:310 - Check plugin filemanager
2026-01-09 14:26:16,283 [INFO] PluginManage:359 - Loaded plugin filemanager (category:base,tabindex:10)
2026-01-09 14:26:16,283 [INFO] PluginManage:310 - Check plugin ipmanager
2026-01-09 14:26:16,289 [INFO] PluginManage:359 - Loaded plugin ipmanager (category:base,tabindex:5)
2026-01-09 14:26:16,290 [INFO] PluginManage:310 - Check plugin lpbam
2026-01-09 14:26:16,312 [INFO] PluginManage:359 - Loaded plugin lpbam (category:base,tabindex:0)
2026-01-09 14:26:16,312 [INFO] PluginManage:310 - Check plugin memorymap
2026-01-09 14:26:16,340 [INFO] PluginManage:359 - Loaded plugin memorymap (category:base,tabindex:4)
2026-01-09 14:26:16,340 [INFO] PluginManage:310 - Check plugin pinoutandconfiguration
2026-01-09 14:26:16,362 [INFO] PluginManage:359 - Loaded plugin pinoutandconfiguration (category:base,tabindex:1)
2026-01-09 14:26:16,362 [INFO] PluginManage:310 - Check plugin pinoutconfig
2026-01-09 14:26:16,490 [WARN] SupportedApi:132 - Cannot load RTOS API schema: s4s-elt-must-match.1: The content of 'definitions' must match (annotation?, (simpleType | complexType)?, (unique | key | keyref)*)). A problem was found starting at: attribute.
2026-01-09 14:26:16,625 [INFO] PluginManage:359 - Loaded plugin pinoutconfig (category:base,tabindex:0)
2026-01-09 14:26:16,625 [INFO] PluginManage:310 - Check plugin power
2026-01-09 14:26:16,650 [INFO] PluginManage:359 - Loaded plugin power (category:power,tabindex:4)
2026-01-09 14:26:16,650 [INFO] PluginManage:310 - Check plugin projectmanager
2026-01-09 14:26:16,666 [INFO] PluginManage:359 - Loaded plugin projectmanager (category:projectmanager,tabindex:4)
2026-01-09 14:26:16,666 [INFO] PluginManage:310 - Check plugin rif
2026-01-09 14:26:16,690 [INFO] PluginManage:359 - Loaded plugin rif (category:base,tabindex:3)
2026-01-09 14:26:16,690 [INFO] PluginManage:310 - Check plugin thirdparty
2026-01-09 14:26:17,067 [INFO] PluginManage:359 - Loaded plugin thirdparty (category:base,tabindex:-1)
2026-01-09 14:26:17,066 [WARN] IntegrityCheckThread:84 - waiting for thirdparty lock release [integrity check]
2026-01-09 14:26:17,067 [INFO] PluginManage:310 - Check plugin tools
2026-01-09 14:26:17,067 [INFO] IntegrityCheckThread:86 - entering critical section [integrity check]
2026-01-09 14:26:17,067 [INFO] ThirdPartyUpdaterWithRetryManager:70 - Updater plugin not ready yet. [1/15]
2026-01-09 14:26:17,113 [INFO] PluginManage:359 - Loaded plugin tools (category:base,tabindex:7)
2026-01-09 14:26:17,114 [INFO] PluginManage:310 - Check plugin tutovideos
2026-01-09 14:26:17,324 [INFO] PluginManage:359 - Loaded plugin tutovideos (category:base,tabindex:-1)
2026-01-09 14:26:17,324 [INFO] PluginManage:310 - Check plugin updater
2026-01-09 14:26:17,346 [INFO] PluginManage:359 - Loaded plugin updater (category:base,tabindex:12)
2026-01-09 14:26:17,346 [INFO] PluginManage:310 - Check plugin userauth
2026-01-09 14:26:17,351 [INFO] UserAuth:118 - Init User Auth plugin
2026-01-09 14:26:17,352 [INFO] PluginManage:359 - Loaded plugin userauth (category:base,tabindex:14)
2026-01-09 14:26:17,353 [INFO] PluginManage:283 - PluginManage : Loaded plugins [18]
2026-01-09 14:26:17,572 [INFO] PinOutPanel:1589 - setPackage(No Configuration,No Configuration)
2026-01-09 14:26:17,658 [INFO] CADModel:165 - CPN selected for project level
2026-01-09 14:26:17,658 [INFO] CADModel:114 - Register for checkConnection events
2026-01-09 14:26:17,705 [INFO] IPUIPlugin:80 - create IPUIPlugin
2026-01-09 14:26:17,705 [INFO] PluginManager:220 - loadIPPluginJar : add adc
2026-01-09 14:26:17,763 [INFO] IPUIPlugin:80 - create IPUIPlugin
2026-01-09 14:26:17,764 [INFO] PluginManager:220 - loadIPPluginJar : add aes
2026-01-09 14:26:17,828 [INFO] IPUIPlugin:80 - create IPUIPlugin
2026-01-09 14:26:17,828 [INFO] PluginManager:220 - loadIPPluginJar : add can
2026-01-09 14:26:17,862 [INFO] IPUIPlugin:80 - create IPUIPlugin
2026-01-09 14:26:17,862 [INFO] PluginManager:220 - loadIPPluginJar : add comp
2026-01-09 14:26:17,907 [INFO] IPUIPlugin:80 - create IPUIPlugin
2026-01-09 14:26:17,907 [INFO] PluginManager:220 - loadIPPluginJar : add cryp
2026-01-09 14:26:17,930 [INFO] IPUIPlugin:80 - create IPUIPlugin
2026-01-09 14:26:17,930 [INFO] PluginManager:220 - loadIPPluginJar : add ddr_ctrl_phy
2026-01-09 14:26:17,971 [INFO] IPUIPlugin:80 - create IPUIPlugin
2026-01-09 14:26:17,971 [INFO] PluginManager:220 - loadIPPluginJar : add dfsdm
2026-01-09 14:26:17,988 [INFO] IPUIPlugin:80 - create IPUIPlugin
2026-01-09 14:26:17,989 [INFO] PluginManager:220 - loadIPPluginJar : add dma
2026-01-09 14:26:18,047 [INFO] IPUIPlugin:80 - create IPUIPlugin
2026-01-09 14:26:18,047 [INFO] PluginManager:220 - loadIPPluginJar : add dma3
2026-01-09 14:26:18,103 [INFO] IPUIPlugin:80 - create IPUIPlugin
2026-01-09 14:26:18,104 [INFO] PluginManager:220 - loadIPPluginJar : add extmemmanager
2026-01-09 14:26:18,134 [INFO] IPUIPlugin:80 - create IPUIPlugin
2026-01-09 14:26:18,134 [INFO] PluginManager:220 - loadIPPluginJar : add fatfs
2026-01-09 14:26:18,196 [INFO] IPUIPlugin:80 - create IPUIPlugin
2026-01-09 14:26:18,196 [INFO] PluginManager:220 - loadIPPluginJar : add fmc
2026-01-09 14:26:18,219 [INFO] IPUIPlugin:80 - create IPUIPlugin
2026-01-09 14:26:18,220 [INFO] PluginManager:220 - loadIPPluginJar : add freertos
2026-01-09 14:26:18,248 [INFO] IPUIPlugin:80 - create IPUIPlugin
2026-01-09 14:26:18,248 [INFO] PluginManager:220 - loadIPPluginJar : add genericplugin
2026-01-09 14:26:18,371 [INFO] IPUIPlugin:80 - create IPUIPlugin
2026-01-09 14:26:18,371 [INFO] PluginManager:220 - loadIPPluginJar : add gfxmmu
2026-01-09 14:26:18,546 [INFO] IPUIPlugin:80 - create IPUIPlugin
2026-01-09 14:26:18,546 [INFO] PluginManager:220 - loadIPPluginJar : add gic
2026-01-09 14:26:18,567 [INFO] IPUIPlugin:80 - create IPUIPlugin
2026-01-09 14:26:18,567 [INFO] PluginManager:220 - loadIPPluginJar : add gpio
2026-01-09 14:26:18,702 [INFO] IPUIPlugin:80 - create IPUIPlugin
2026-01-09 14:26:18,702 [INFO] PluginManager:220 - loadIPPluginJar : add gtzc
2026-01-09 14:26:18,762 [INFO] IPUIPlugin:80 - create IPUIPlugin
2026-01-09 14:26:18,762 [INFO] PluginManager:220 - loadIPPluginJar : add hash
2026-01-09 14:26:18,845 [INFO] IPUIPlugin:80 - create IPUIPlugin
2026-01-09 14:26:18,846 [INFO] PluginManager:220 - loadIPPluginJar : add i2c
2026-01-09 14:26:18,911 [INFO] IPUIPlugin:80 - create IPUIPlugin
2026-01-09 14:26:18,911 [INFO] PluginManager:220 - loadIPPluginJar : add i2s
2026-01-09 14:26:18,975 [INFO] IPUIPlugin:80 - create IPUIPlugin
2026-01-09 14:26:18,975 [INFO] PluginManager:220 - loadIPPluginJar : add i3c
2026-01-09 14:26:19,122 [INFO] IPUIPlugin:80 - create IPUIPlugin
2026-01-09 14:26:19,122 [INFO] PluginManager:220 - loadIPPluginJar : add ipddr
2026-01-09 14:26:19,261 [INFO] IPUIPlugin:80 - create IPUIPlugin
2026-01-09 14:26:19,261 [INFO] PluginManager:220 - loadIPPluginJar : add linkedlist
2026-01-09 14:26:19,326 [INFO] IPUIPlugin:80 - create IPUIPlugin
2026-01-09 14:26:19,327 [INFO] PluginManager:220 - loadIPPluginJar : add lorawan
2026-01-09 14:26:19,383 [INFO] IPUIPlugin:80 - create IPUIPlugin
2026-01-09 14:26:19,384 [INFO] PluginManager:220 - loadIPPluginJar : add ltdc
2026-01-09 14:26:19,402 [INFO] IPUIPlugin:80 - create IPUIPlugin
2026-01-09 14:26:19,403 [INFO] PluginManager:220 - loadIPPluginJar : add mdma
2026-01-09 14:26:19,419 [INFO] IPUIPlugin:80 - create IPUIPlugin
2026-01-09 14:26:19,419 [INFO] PluginManager:220 - loadIPPluginJar : add nvic
2026-01-09 14:26:19,478 [INFO] IPUIPlugin:80 - create IPUIPlugin
2026-01-09 14:26:19,478 [INFO] PluginManager:220 - loadIPPluginJar : add opamp
2026-01-09 14:26:19,562 [INFO] IPUIPlugin:80 - create IPUIPlugin
2026-01-09 14:26:19,563 [INFO] PluginManager:220 - loadIPPluginJar : add openamp
2026-01-09 14:26:19,643 [INFO] IPUIPlugin:80 - create IPUIPlugin
2026-01-09 14:26:19,644 [INFO] PluginManager:220 - loadIPPluginJar : add pdm2pcm
2026-01-09 14:26:19,664 [INFO] IPUIPlugin:80 - create IPUIPlugin
2026-01-09 14:26:19,666 [INFO] PluginManager:220 - loadIPPluginJar : add plateformsettings
2026-01-09 14:26:19,705 [INFO] IPUIPlugin:80 - create IPUIPlugin
2026-01-09 14:26:19,706 [INFO] PluginManager:220 - loadIPPluginJar : add quadspi
2026-01-09 14:26:19,753 [INFO] IPUIPlugin:80 - create IPUIPlugin
2026-01-09 14:26:19,754 [INFO] PluginManager:220 - loadIPPluginJar : add radio
2026-01-09 14:26:19,773 [INFO] IPUIPlugin:80 - create IPUIPlugin
2026-01-09 14:26:19,774 [INFO] PluginManager:220 - loadIPPluginJar : add resmgrutility
2026-01-09 14:26:19,840 [INFO] IPUIPlugin:80 - create IPUIPlugin
2026-01-09 14:26:19,840 [INFO] PluginManager:220 - loadIPPluginJar : add sai
2026-01-09 14:26:19,896 [INFO] IPUIPlugin:80 - create IPUIPlugin
2026-01-09 14:26:19,896 [INFO] PluginManager:220 - loadIPPluginJar : add spi
2026-01-09 14:26:19,996 [INFO] IPUIPlugin:80 - create IPUIPlugin
2026-01-09 14:26:19,996 [INFO] PluginManager:220 - loadIPPluginJar : add stm32_wpan
2026-01-09 14:26:20,039 [INFO] IPUIPlugin:80 - create IPUIPlugin
2026-01-09 14:26:20,039 [INFO] PluginManager:220 - loadIPPluginJar : add tim
2026-01-09 14:26:20,069 [INFO] ThirdPartyUpdaterWithRetryManager:70 - Updater plugin not ready yet. [2/15]
2026-01-09 14:26:20,134 [INFO] IPUIPlugin:80 - create IPUIPlugin
2026-01-09 14:26:20,135 [INFO] PluginManager:220 - loadIPPluginJar : add touchsensing
2026-01-09 14:26:20,183 [INFO] IPUIPlugin:80 - create IPUIPlugin
2026-01-09 14:26:20,183 [INFO] PluginManager:220 - loadIPPluginJar : add tracer_emb
2026-01-09 14:26:20,220 [INFO] IPUIPlugin:80 - create IPUIPlugin
2026-01-09 14:26:20,221 [INFO] PluginManager:220 - loadIPPluginJar : add ts
2026-01-09 14:26:20,257 [INFO] IPUIPlugin:80 - create IPUIPlugin
2026-01-09 14:26:20,257 [INFO] PluginManager:220 - loadIPPluginJar : add tsc
2026-01-09 14:26:20,294 [INFO] IPUIPlugin:80 - create IPUIPlugin
2026-01-09 14:26:20,294 [INFO] PluginManager:220 - loadIPPluginJar : add ucpd
2026-01-09 14:26:20,357 [INFO] IPUIPlugin:80 - create IPUIPlugin
2026-01-09 14:26:20,357 [INFO] PluginManager:220 - loadIPPluginJar : add usart
2026-01-09 14:26:20,413 [INFO] IPUIPlugin:80 - create IPUIPlugin
2026-01-09 14:26:20,413 [INFO] PluginManager:220 - loadIPPluginJar : add usbx
2026-01-09 14:26:20,536 [FATAL] Updater:351 - Updater called before beeing initialized
2026-01-09 14:26:20,599 [INFO] RulesReader:64 - Compatibility file has been processed (297 Rules)
2026-01-09 14:26:20,625 [INFO] RulesReader:64 - Compatibility file has been processed (297 Rules)
2026-01-09 14:26:20,644 [INFO] CADModel:165 - CPN selected for project level
2026-01-09 14:26:20,645 [INFO] CADModel:114 - Register for checkConnection events
2026-01-09 14:26:20,645 [FATAL] Updater:351 - Updater called before beeing initialized
2026-01-09 14:26:20,645 [ERROR] CADModel:125 - Updater not yet initialized, retry later 
2026-01-09 14:26:20,956 [FATAL] Updater:351 - Updater called before beeing initialized
2026-01-09 14:26:20,960 [INFO] CADModel:165 - CPN selected for project level
2026-01-09 14:26:20,961 [INFO] CADModel:114 - Register for checkConnection events
2026-01-09 14:26:20,961 [FATAL] Updater:351 - Updater called before beeing initialized
2026-01-09 14:26:20,961 [ERROR] CADModel:125 - Updater not yet initialized, retry later 
2026-01-09 14:26:20,986 [FATAL] Updater:351 - Updater called before beeing initialized
2026-01-09 14:26:21,226 [FATAL] Updater:351 - Updater called before beeing initialized
2026-01-09 14:26:21,255 [INFO] DbMcusAds:53 - JSON generation date=Tue Dec 16 00:11:46 CET 2025 (1765840306612)
2026-01-09 14:26:21,257 [FATAL] Updater:351 - Updater called before beeing initialized
2026-01-09 14:26:21,353 [WARN] DetailPanel:346 - Failed to get advertising image, set to default
2026-01-09 14:26:22,018 [FATAL] Updater:351 - Updater called before beeing initialized
2026-01-09 14:26:22,023 [FATAL] Updater:351 - Updater called before beeing initialized
2026-01-09 14:26:22,023 [FATAL] Updater:351 - Updater called before beeing initialized
2026-01-09 14:26:22,023 [WARN] DetailPanel:346 - Failed to get advertising image, set to default
2026-01-09 14:26:22,025 [FATAL] Updater:351 - Updater called before beeing initialized
2026-01-09 14:26:22,176 [ERROR] Updater:1198 - MainUpdater not yet initialized. External WinMGr cannot be set.
2026-01-09 14:26:22,203 [INFO] Updater:1134 - Updater Version found : 6.13.0
2026-01-09 14:26:22,240 [INFO] ApplicationProperties:184 - Using Application install path: C:\ST\STM32CubeIDE_1.17.0\STM32CubeIDE\plugins\com.st.stm32cube.common.mx_6.13.0.202411220809
2026-01-09 14:26:22,955 [INFO] MainUpdater:2872 - connection check result : 10
2026-01-09 14:26:22,956 [INFO] MainUpdater:289 - Updater Check For Update Now.
2026-01-09 14:26:22,957 [INFO] MicroXplorer:498 - Change Database Version : DB.6.0.130
2026-01-09 14:26:22,996 [INFO] McuFinderGlobals:63 - Set McuFinder mode to 2 (CubeIDE integrated)
2026-01-09 14:26:22,997 [INFO] UserAuth:171 - activating auth plugin
2026-01-09 14:26:23,004 [INFO] UserAuth:486 - Internet connection configuration mode: 1
2026-01-09 14:26:23,061 [INFO] JxBrowserEngine:152 - Initiate JxBrowser Engine with user profile folder
2026-01-09 14:26:23,070 [WARN] MainUpdater:1193 - Updater busy. Cannot search thirdparties
2026-01-09 14:26:23,070 [INFO] ThirdPartyUpdaterWithRetryManager:96 - Updater plugin is busy. [1/15]
2026-01-09 14:26:23,311 [INFO] CheckServerUpdateThread:120 - End of CheckServer Thread
2026-01-09 14:26:23,422 [INFO] MainUpdater:2872 - connection check result : 10
2026-01-09 14:26:23,443 [INFO] MainUpdater:2872 - connection check result : 10
2026-01-09 14:26:49,412 [INFO] Activator:176 - 


2026-01-09 14:26:49,414 [INFO] Activator:177 - !SESSION log4j initialized
2026-01-09 14:26:55,199 [INFO] LogOutputStream:77 - [STDOUT_REDIRECT] 
2026-01-09 14:26:55,997 [INFO] ApplicationProperties:184 - Using Application install path: C:\ST\STM32CubeIDE_1.17.0\STM32CubeIDE\plugins\com.st.stm32cube.common.mx_6.13.0.202411220809
2026-01-09 14:26:56,026 [INFO] DbMcusXml:78 - Set database path to: C:\ST\STM32CubeIDE_1.17.0\STM32CubeIDE\plugins\com.st.stm32cube.common.mx_6.13.0.202411220809\\db\/mcu/
2026-01-09 14:26:56,026 [INFO] ApiDb:274 - Set plugin database path to: C:\ST\STM32CubeIDE_1.17.0\STM32CubeIDE\plugins\com.st.stm32cube.common.mx_6.13.0.202411220809\\db\/plugins/boardmanager/
2026-01-09 14:26:56,026 [WARN] ApiDb:259 - Overriding images path with different value:  => C:\ST\STM32CubeIDE_1.17.0\STM32CubeIDE\plugins\com.st.stm32cube.common.mx_6.13.0.202411220809\\db\/plugins/mcufinder/images/
2026-01-09 14:26:56,035 [INFO] ApiDb:250 - Set database path to: C:\Users\kamil\.stmcufinder\plugins\mcufinder//mcu/
2026-01-09 14:26:56,037 [INFO] DbMcusAds:125 - Set database path to: C:\Users\kamil\.stmcufinder\plugins\mcufinder//mcu/
2026-01-09 14:26:56,040 [INFO] CrossReferenceDbSqlite:203 - Set database path to: C:\Users\kamil\.stmcufinder\plugins\mcufinder//mcu/cs/
2026-01-09 14:26:56,176 [INFO] RulesReader:64 - Compatibility file has been processed (297 Rules)
2026-01-09 14:26:56,252 [INFO] DbMcusXml:78 - Set database path to: C:\ST\STM32CubeIDE_1.17.0\STM32CubeIDE\plugins\com.st.stm32cube.common.mx_6.13.0.202411220809\\db\/mcu/
2026-01-09 14:26:56,252 [INFO] ApiDb:274 - Set plugin database path to: C:\ST\STM32CubeIDE_1.17.0\STM32CubeIDE\plugins\com.st.stm32cube.common.mx_6.13.0.202411220809\\db\/plugins/boardmanager/
2026-01-09 14:26:56,252 [INFO] ApiDb:261 - Set plugin images path to: C:\ST\STM32CubeIDE_1.17.0\STM32CubeIDE\plugins\com.st.stm32cube.common.mx_6.13.0.202411220809\\db\/plugins/mcufinder/images/
2026-01-09 14:26:56,252 [WARN] DbFile:41 - Overriding database path with different value: C:\Users\kamil\.stmcufinder\plugins\mcufinder/ => C:\Users\kamil\.stmcufinder\plugins\mcufinder
2026-01-09 14:26:56,253 [INFO] ApiDb:250 - Set database path to: C:\Users\kamil\.stmcufinder\plugins\mcufinder//mcu/
2026-01-09 14:26:56,253 [WARN] DbFile:41 - Overriding database path with different value: C:\Users\kamil\.stmcufinder\plugins\mcufinder/ => C:\Users\kamil\.stmcufinder\plugins\mcufinder
2026-01-09 14:26:56,253 [INFO] DbMcusAds:125 - Set database path to: C:\Users\kamil\.stmcufinder\plugins\mcufinder//mcu/
2026-01-09 14:26:56,253 [WARN] DbFile:41 - Overriding database path with different value: C:\Users\kamil\.stmcufinder\plugins\mcufinder/ => C:\Users\kamil\.stmcufinder\plugins\mcufinder
2026-01-09 14:26:56,253 [WARN] DbFile:41 - Overriding database path with different value: C:\Users\kamil\.stmcufinder\plugins\mcufinder/ => C:\Users\kamil\.stmcufinder\plugins\mcufinder
2026-01-09 14:26:56,253 [INFO] CrossReferenceDbSqlite:203 - Set database path to: C:\Users\kamil\.stmcufinder\plugins\mcufinder//mcu/cs/
2026-01-09 14:26:56,334 [INFO] MainPanel:272 - HeapMemory: 268435456
2026-01-09 14:26:56,425 [INFO] DbMcusXml:78 - Set database path to: C:\ST\STM32CubeIDE_1.17.0\STM32CubeIDE\plugins\com.st.stm32cube.common.mx_6.13.0.202411220809\\db\/mcu/
2026-01-09 14:26:56,425 [INFO] ApiDb:274 - Set plugin database path to: C:\ST\STM32CubeIDE_1.17.0\STM32CubeIDE\plugins\com.st.stm32cube.common.mx_6.13.0.202411220809\\db\/plugins/boardmanager/
2026-01-09 14:26:56,425 [INFO] ApiDb:261 - Set plugin images path to: C:\ST\STM32CubeIDE_1.17.0\STM32CubeIDE\plugins\com.st.stm32cube.common.mx_6.13.0.202411220809\\db\/plugins/mcufinder/images/
2026-01-09 14:26:56,426 [WARN] DbFile:41 - Overriding database path with different value: C:\Users\kamil\.stmcufinder\plugins\mcufinder/ => C:\Users\kamil\.stmcufinder\plugins\mcufinder
2026-01-09 14:26:56,426 [INFO] ApiDb:250 - Set database path to: C:\Users\kamil\.stmcufinder\plugins\mcufinder//mcu/
2026-01-09 14:26:56,426 [WARN] DbFile:41 - Overriding database path with different value: C:\Users\kamil\.stmcufinder\plugins\mcufinder/ => C:\Users\kamil\.stmcufinder\plugins\mcufinder
2026-01-09 14:26:56,426 [INFO] DbMcusAds:125 - Set database path to: C:\Users\kamil\.stmcufinder\plugins\mcufinder//mcu/
2026-01-09 14:26:56,426 [WARN] DbFile:41 - Overriding database path with different value: C:\Users\kamil\.stmcufinder\plugins\mcufinder/ => C:\Users\kamil\.stmcufinder\plugins\mcufinder
2026-01-09 14:26:56,426 [WARN] DbFile:41 - Overriding database path with different value: C:\Users\kamil\.stmcufinder\plugins\mcufinder/ => C:\Users\kamil\.stmcufinder\plugins\mcufinder
2026-01-09 14:26:56,426 [INFO] CrossReferenceDbSqlite:203 - Set database path to: C:\Users\kamil\.stmcufinder\plugins\mcufinder//mcu/cs/
2026-01-09 14:26:56,443 [INFO] ApplicationProperties:184 - Using Application install path: C:\ST\STM32CubeIDE_1.17.0\STM32CubeIDE\plugins\com.st.stm32cube.common.mx_6.13.0.202411220809
2026-01-09 14:26:56,445 [INFO] PluginManage:196 - Search for loadable plugins [exclusion list=, ]
2026-01-09 14:26:56,446 [INFO] PluginManage:310 - Check plugin analytics
2026-01-09 14:26:56,649 [INFO] AnalyticsPlugin:253 - Accepted Software Licenses: 
2026-01-09 14:26:56,650 [INFO] AnalyticsPlugin:255 - Accepted CMSIS Pack Licenses: 
2026-01-09 14:26:56,650 [INFO] AnalyticsPlugin:257 - Accepted Firmware Licenses: FW.F7.1.17.0,FW.H7.1.12.0
2026-01-09 14:26:56,653 [INFO] PluginManage:359 - Loaded plugin analytics (category:tool,tabindex:-1)
2026-01-09 14:26:56,653 [INFO] PluginManage:310 - Check plugin cadmodel
2026-01-09 14:26:56,658 [INFO] CADModel:105 - Init CAD model plugin
2026-01-09 14:26:56,658 [INFO] PluginManage:359 - Loaded plugin cadmodel (category:power,tabindex:5)
2026-01-09 14:26:56,658 [INFO] PluginManage:310 - Check plugin clock
2026-01-09 14:26:56,669 [INFO] PluginManage:359 - Loaded plugin clock (category:base,tabindex:2)
2026-01-09 14:26:56,669 [INFO] PluginManage:310 - Check plugin ddr
2026-01-09 14:26:56,671 [INFO] PluginManage:359 - Loaded plugin ddr (category:tool,tabindex:6)
2026-01-09 14:26:56,672 [INFO] PluginManage:310 - Check plugin filemanager
2026-01-09 14:26:56,839 [INFO] PluginManage:359 - Loaded plugin filemanager (category:base,tabindex:10)
2026-01-09 14:26:56,839 [INFO] PluginManage:310 - Check plugin ipmanager
2026-01-09 14:26:56,847 [INFO] PluginManage:359 - Loaded plugin ipmanager (category:base,tabindex:5)
2026-01-09 14:26:56,847 [INFO] PluginManage:310 - Check plugin lpbam
2026-01-09 14:26:56,857 [INFO] PluginManage:359 - Loaded plugin lpbam (category:base,tabindex:0)
2026-01-09 14:26:56,858 [INFO] PluginManage:310 - Check plugin memorymap
2026-01-09 14:26:56,877 [INFO] PluginManage:359 - Loaded plugin memorymap (category:base,tabindex:4)
2026-01-09 14:26:56,877 [INFO] PluginManage:310 - Check plugin pinoutandconfiguration
2026-01-09 14:26:56,890 [INFO] PluginManage:359 - Loaded plugin pinoutandconfiguration (category:base,tabindex:1)
2026-01-09 14:26:56,890 [INFO] PluginManage:310 - Check plugin pinoutconfig
2026-01-09 14:26:56,999 [WARN] SupportedApi:132 - Cannot load RTOS API schema: s4s-elt-must-match.1: The content of 'definitions' must match (annotation?, (simpleType | complexType)?, (unique | key | keyref)*)). A problem was found starting at: attribute.
2026-01-09 14:26:57,149 [INFO] PluginManage:359 - Loaded plugin pinoutconfig (category:base,tabindex:0)
2026-01-09 14:26:57,150 [INFO] PluginManage:310 - Check plugin power
2026-01-09 14:26:57,159 [INFO] PluginManage:359 - Loaded plugin power (category:power,tabindex:4)
2026-01-09 14:26:57,159 [INFO] PluginManage:310 - Check plugin projectmanager
2026-01-09 14:26:57,179 [INFO] PluginManage:359 - Loaded plugin projectmanager (category:projectmanager,tabindex:4)
2026-01-09 14:26:57,179 [INFO] PluginManage:310 - Check plugin rif
2026-01-09 14:26:57,189 [INFO] PluginManage:359 - Loaded plugin rif (category:base,tabindex:3)
2026-01-09 14:26:57,190 [INFO] PluginManage:310 - Check plugin thirdparty
2026-01-09 14:26:57,317 [INFO] PluginManage:359 - Loaded plugin thirdparty (category:base,tabindex:-1)
2026-01-09 14:26:57,317 [WARN] IntegrityCheckThread:84 - waiting for thirdparty lock release [integrity check]
2026-01-09 14:26:57,317 [INFO] IntegrityCheckThread:86 - entering critical section [integrity check]
2026-01-09 14:26:57,317 [INFO] PluginManage:310 - Check plugin tools
2026-01-09 14:26:57,318 [INFO] ThirdPartyUpdaterWithRetryManager:70 - Updater plugin not ready yet. [1/15]
2026-01-09 14:26:57,321 [INFO] PluginManage:359 - Loaded plugin tools (category:base,tabindex:7)
2026-01-09 14:26:57,321 [INFO] PluginManage:310 - Check plugin tutovideos
2026-01-09 14:26:57,495 [INFO] PluginManage:359 - Loaded plugin tutovideos (category:base,tabindex:-1)
2026-01-09 14:26:57,495 [INFO] PluginManage:310 - Check plugin updater
2026-01-09 14:26:57,521 [INFO] PluginManage:359 - Loaded plugin updater (category:base,tabindex:12)
2026-01-09 14:26:57,521 [INFO] PluginManage:310 - Check plugin userauth
2026-01-09 14:26:57,525 [INFO] UserAuth:118 - Init User Auth plugin
2026-01-09 14:26:57,526 [INFO] PluginManage:359 - Loaded plugin userauth (category:base,tabindex:14)
2026-01-09 14:26:57,528 [INFO] PluginManage:283 - PluginManage : Loaded plugins [18]
2026-01-09 14:26:57,736 [INFO] PinOutPanel:1589 - setPackage(No Configuration,No Configuration)
2026-01-09 14:26:57,821 [INFO] CADModel:165 - CPN selected for project level
2026-01-09 14:26:57,821 [INFO] CADModel:114 - Register for checkConnection events
2026-01-09 14:26:57,838 [INFO] IPUIPlugin:80 - create IPUIPlugin
2026-01-09 14:26:57,838 [INFO] PluginManager:220 - loadIPPluginJar : add adc
2026-01-09 14:26:57,841 [INFO] IPUIPlugin:80 - create IPUIPlugin
2026-01-09 14:26:57,841 [INFO] PluginManager:220 - loadIPPluginJar : add aes
2026-01-09 14:26:57,844 [INFO] IPUIPlugin:80 - create IPUIPlugin
2026-01-09 14:26:57,844 [INFO] PluginManager:220 - loadIPPluginJar : add can
2026-01-09 14:26:57,846 [INFO] IPUIPlugin:80 - create IPUIPlugin
2026-01-09 14:26:57,846 [INFO] PluginManager:220 - loadIPPluginJar : add comp
2026-01-09 14:26:57,848 [INFO] IPUIPlugin:80 - create IPUIPlugin
2026-01-09 14:26:57,848 [INFO] PluginManager:220 - loadIPPluginJar : add cryp
2026-01-09 14:26:57,850 [INFO] IPUIPlugin:80 - create IPUIPlugin
2026-01-09 14:26:57,850 [INFO] PluginManager:220 - loadIPPluginJar : add ddr_ctrl_phy
2026-01-09 14:26:57,853 [INFO] IPUIPlugin:80 - create IPUIPlugin
2026-01-09 14:26:57,853 [INFO] PluginManager:220 - loadIPPluginJar : add dfsdm
2026-01-09 14:26:57,859 [INFO] IPUIPlugin:80 - create IPUIPlugin
2026-01-09 14:26:57,859 [INFO] PluginManager:220 - loadIPPluginJar : add dma
2026-01-09 14:26:57,862 [INFO] IPUIPlugin:80 - create IPUIPlugin
2026-01-09 14:26:57,862 [INFO] PluginManager:220 - loadIPPluginJar : add dma3
2026-01-09 14:26:57,865 [INFO] IPUIPlugin:80 - create IPUIPlugin
2026-01-09 14:26:57,865 [INFO] PluginManager:220 - loadIPPluginJar : add extmemmanager
2026-01-09 14:26:57,867 [INFO] IPUIPlugin:80 - create IPUIPlugin
2026-01-09 14:26:57,867 [INFO] PluginManager:220 - loadIPPluginJar : add fatfs
2026-01-09 14:26:57,870 [INFO] IPUIPlugin:80 - create IPUIPlugin
2026-01-09 14:26:57,870 [INFO] PluginManager:220 - loadIPPluginJar : add fmc
2026-01-09 14:26:57,876 [INFO] IPUIPlugin:80 - create IPUIPlugin
2026-01-09 14:26:57,876 [INFO] PluginManager:220 - loadIPPluginJar : add freertos
2026-01-09 14:26:57,878 [INFO] IPUIPlugin:80 - create IPUIPlugin
2026-01-09 14:26:57,878 [INFO] PluginManager:220 - loadIPPluginJar : add genericplugin
2026-01-09 14:26:57,880 [INFO] IPUIPlugin:80 - create IPUIPlugin
2026-01-09 14:26:57,880 [INFO] PluginManager:220 - loadIPPluginJar : add gfxmmu
2026-01-09 14:26:57,885 [INFO] IPUIPlugin:80 - create IPUIPlugin
2026-01-09 14:26:57,885 [INFO] PluginManager:220 - loadIPPluginJar : add gic
2026-01-09 14:26:57,889 [INFO] IPUIPlugin:80 - create IPUIPlugin
2026-01-09 14:26:57,889 [INFO] PluginManager:220 - loadIPPluginJar : add gpio
2026-01-09 14:26:57,891 [INFO] IPUIPlugin:80 - create IPUIPlugin
2026-01-09 14:26:57,891 [INFO] PluginManager:220 - loadIPPluginJar : add gtzc
2026-01-09 14:26:57,894 [INFO] IPUIPlugin:80 - create IPUIPlugin
2026-01-09 14:26:57,894 [INFO] PluginManager:220 - loadIPPluginJar : add hash
2026-01-09 14:26:57,897 [INFO] IPUIPlugin:80 - create IPUIPlugin
2026-01-09 14:26:57,897 [INFO] PluginManager:220 - loadIPPluginJar : add i2c
2026-01-09 14:26:57,900 [INFO] IPUIPlugin:80 - create IPUIPlugin
2026-01-09 14:26:57,900 [INFO] PluginManager:220 - loadIPPluginJar : add i2s
2026-01-09 14:26:57,903 [INFO] IPUIPlugin:80 - create IPUIPlugin
2026-01-09 14:26:57,903 [INFO] PluginManager:220 - loadIPPluginJar : add i3c
2026-01-09 14:26:57,907 [INFO] IPUIPlugin:80 - create IPUIPlugin
2026-01-09 14:26:57,907 [INFO] PluginManager:220 - loadIPPluginJar : add ipddr
2026-01-09 14:26:57,914 [INFO] IPUIPlugin:80 - create IPUIPlugin
2026-01-09 14:26:57,914 [INFO] PluginManager:220 - loadIPPluginJar : add linkedlist
2026-01-09 14:26:57,917 [INFO] IPUIPlugin:80 - create IPUIPlugin
2026-01-09 14:26:57,917 [INFO] PluginManager:220 - loadIPPluginJar : add lorawan
2026-01-09 14:26:57,918 [INFO] IPUIPlugin:80 - create IPUIPlugin
2026-01-09 14:26:57,918 [INFO] PluginManager:220 - loadIPPluginJar : add ltdc
2026-01-09 14:26:57,923 [INFO] IPUIPlugin:80 - create IPUIPlugin
2026-01-09 14:26:57,923 [INFO] PluginManager:220 - loadIPPluginJar : add mdma
2026-01-09 14:26:57,927 [INFO] IPUIPlugin:80 - create IPUIPlugin
2026-01-09 14:26:57,927 [INFO] PluginManager:220 - loadIPPluginJar : add nvic
2026-01-09 14:26:57,931 [INFO] IPUIPlugin:80 - create IPUIPlugin
2026-01-09 14:26:57,931 [INFO] PluginManager:220 - loadIPPluginJar : add opamp
2026-01-09 14:26:57,934 [INFO] IPUIPlugin:80 - create IPUIPlugin
2026-01-09 14:26:57,935 [INFO] PluginManager:220 - loadIPPluginJar : add openamp
2026-01-09 14:26:57,937 [INFO] IPUIPlugin:80 - create IPUIPlugin
2026-01-09 14:26:57,937 [INFO] PluginManager:220 - loadIPPluginJar : add pdm2pcm
2026-01-09 14:26:57,943 [INFO] IPUIPlugin:80 - create IPUIPlugin
2026-01-09 14:26:57,945 [INFO] PluginManager:220 - loadIPPluginJar : add plateformsettings
2026-01-09 14:26:57,946 [INFO] IPUIPlugin:80 - create IPUIPlugin
2026-01-09 14:26:57,947 [INFO] PluginManager:220 - loadIPPluginJar : add quadspi
2026-01-09 14:26:57,948 [INFO] IPUIPlugin:80 - create IPUIPlugin
2026-01-09 14:26:57,949 [INFO] PluginManager:220 - loadIPPluginJar : add radio
2026-01-09 14:26:57,951 [INFO] IPUIPlugin:80 - create IPUIPlugin
2026-01-09 14:26:57,951 [INFO] PluginManager:220 - loadIPPluginJar : add resmgrutility
2026-01-09 14:26:57,954 [INFO] IPUIPlugin:80 - create IPUIPlugin
2026-01-09 14:26:57,954 [INFO] PluginManager:220 - loadIPPluginJar : add sai
2026-01-09 14:26:57,956 [INFO] IPUIPlugin:80 - create IPUIPlugin
2026-01-09 14:26:57,957 [INFO] PluginManager:220 - loadIPPluginJar : add spi
2026-01-09 14:26:57,961 [INFO] IPUIPlugin:80 - create IPUIPlugin
2026-01-09 14:26:57,961 [INFO] PluginManager:220 - loadIPPluginJar : add stm32_wpan
2026-01-09 14:26:57,963 [INFO] IPUIPlugin:80 - create IPUIPlugin
2026-01-09 14:26:57,963 [INFO] PluginManager:220 - loadIPPluginJar : add tim
2026-01-09 14:26:57,965 [INFO] IPUIPlugin:80 - create IPUIPlugin
2026-01-09 14:26:57,965 [INFO] PluginManager:220 - loadIPPluginJar : add touchsensing
2026-01-09 14:26:57,968 [INFO] IPUIPlugin:80 - create IPUIPlugin
2026-01-09 14:26:57,968 [INFO] PluginManager:220 - loadIPPluginJar : add tracer_emb
2026-01-09 14:26:57,970 [INFO] IPUIPlugin:80 - create IPUIPlugin
2026-01-09 14:26:57,970 [INFO] PluginManager:220 - loadIPPluginJar : add ts
2026-01-09 14:26:57,972 [INFO] IPUIPlugin:80 - create IPUIPlugin
2026-01-09 14:26:57,972 [INFO] PluginManager:220 - loadIPPluginJar : add tsc
2026-01-09 14:26:57,974 [INFO] IPUIPlugin:80 - create IPUIPlugin
2026-01-09 14:26:57,974 [INFO] PluginManager:220 - loadIPPluginJar : add ucpd
2026-01-09 14:26:57,977 [INFO] IPUIPlugin:80 - create IPUIPlugin
2026-01-09 14:26:57,977 [INFO] PluginManager:220 - loadIPPluginJar : add usart
2026-01-09 14:26:57,980 [INFO] IPUIPlugin:80 - create IPUIPlugin
2026-01-09 14:26:57,980 [INFO] PluginManager:220 - loadIPPluginJar : add usbx
2026-01-09 14:26:58,097 [FATAL] Updater:351 - Updater called before beeing initialized
2026-01-09 14:26:58,130 [INFO] RulesReader:64 - Compatibility file has been processed (297 Rules)
2026-01-09 14:26:58,140 [INFO] RulesReader:64 - Compatibility file has been processed (297 Rules)
2026-01-09 14:26:58,149 [INFO] CADModel:165 - CPN selected for project level
2026-01-09 14:26:58,150 [INFO] CADModel:114 - Register for checkConnection events
2026-01-09 14:26:58,150 [FATAL] Updater:351 - Updater called before beeing initialized
2026-01-09 14:26:58,150 [ERROR] CADModel:125 - Updater not yet initialized, retry later 
2026-01-09 14:26:58,304 [FATAL] Updater:351 - Updater called before beeing initialized
2026-01-09 14:26:58,307 [INFO] CADModel:165 - CPN selected for project level
2026-01-09 14:26:58,307 [INFO] CADModel:114 - Register for checkConnection events
2026-01-09 14:26:58,307 [FATAL] Updater:351 - Updater called before beeing initialized
2026-01-09 14:26:58,307 [ERROR] CADModel:125 - Updater not yet initialized, retry later 
2026-01-09 14:26:58,311 [FATAL] Updater:351 - Updater called before beeing initialized
2026-01-09 14:26:58,431 [FATAL] Updater:351 - Updater called before beeing initialized
2026-01-09 14:26:58,436 [INFO] DbMcusAds:53 - JSON generation date=Tue Dec 16 00:11:46 CET 2025 (1765840306612)
2026-01-09 14:26:58,436 [FATAL] Updater:351 - Updater called before beeing initialized
2026-01-09 14:26:58,463 [WARN] DetailPanel:346 - Failed to get advertising image, set to default
2026-01-09 14:26:58,652 [FATAL] Updater:351 - Updater called before beeing initialized
2026-01-09 14:26:58,654 [FATAL] Updater:351 - Updater called before beeing initialized
2026-01-09 14:26:58,654 [FATAL] Updater:351 - Updater called before beeing initialized
2026-01-09 14:26:58,654 [WARN] DetailPanel:346 - Failed to get advertising image, set to default
2026-01-09 14:26:58,655 [FATAL] Updater:351 - Updater called before beeing initialized
2026-01-09 14:26:58,700 [ERROR] Updater:1198 - MainUpdater not yet initialized. External WinMGr cannot be set.
2026-01-09 14:26:58,702 [INFO] Updater:1134 - Updater Version found : 6.13.0
2026-01-09 14:26:58,716 [INFO] ApplicationProperties:184 - Using Application install path: C:\ST\STM32CubeIDE_1.17.0\STM32CubeIDE\plugins\com.st.stm32cube.common.mx_6.13.0.202411220809
2026-01-09 14:26:58,980 [INFO] MainUpdater:2872 - connection check result : 10
2026-01-09 14:26:58,981 [INFO] MainUpdater:289 - Updater Check For Update Now.
2026-01-09 14:26:58,981 [INFO] MicroXplorer:498 - Change Database Version : DB.6.0.130
2026-01-09 14:26:58,988 [INFO] McuFinderGlobals:63 - Set McuFinder mode to 2 (CubeIDE integrated)
2026-01-09 14:26:58,988 [INFO] UserAuth:171 - activating auth plugin
2026-01-09 14:26:58,991 [INFO] UserAuth:486 - Internet connection configuration mode: 1
2026-01-09 14:26:59,014 [INFO] JxBrowserEngine:152 - Initiate JxBrowser Engine with user profile folder
2026-01-09 14:26:59,163 [INFO] CheckServerUpdateThread:120 - End of CheckServer Thread
2026-01-09 14:26:59,729 [INFO] WebApp:168 - Instantiating new browser for Auth
2026-01-09 14:27:00,501 [INFO] WebApp:449 - Apply proxy settings
2026-01-09 14:27:00,501 [INFO] WebApp:534 - Chromium requires no authentication
2026-01-09 14:27:00,516 [INFO] WebApp:477 - Direct internet connection detected
2026-01-09 14:27:00,545 [INFO] WebApp:880 - Register for checkConnection events
2026-01-09 14:27:00,545 [INFO] WebApp:449 - Apply proxy settings
2026-01-09 14:27:00,545 [INFO] WebApp:534 - Chromium requires no authentication
2026-01-09 14:27:00,546 [INFO] WebApp:477 - Direct internet connection detected
2026-01-09 14:27:00,693 [WARN] PackLoader:240 - Cannot read IP mode file for STMicroelectronics.FP-SNS-MOTENVWB1.1.4.0
2026-01-09 14:27:00,712 [WARN] PackLoader:240 - Cannot read IP mode file for STMicroelectronics.FP-ATR-ASTRA1.2.0.2
2026-01-09 14:27:00,729 [WARN] PackLoader:240 - Cannot read IP mode file for STMicroelectronics.FP-ATR-ASTRA1.2.0.1
2026-01-09 14:27:00,755 [WARN] PackLoader:240 - Cannot read IP mode file for STMicroelectronics.X-CUBE-SMBUS.2.1.0
2026-01-09 14:27:00,781 [WARN] PackLoader:240 - Cannot read IP mode file for STMicroelectronics.X-CUBE-WB05N.1.1.0
2026-01-09 14:27:00,799 [WARN] PackLoader:240 - Cannot read IP mode file for STMicroelectronics.X-CUBE-ST60.1.0.0
2026-01-09 14:27:00,810 [INFO] WebApp:221 - Starting web application
2026-01-09 14:27:00,811 [INFO] WebApp:579 - Web application path used C:\ST\STM32CubeIDE_1.17.0\STM32CubeIDE\plugins\com.st.stm32cube.common.mx_6.13.0.202411220809\db\plugins\mcufinder\reactClient1\index.html
2026-01-09 14:27:00,848 [WARN] PackLoader:240 - Cannot read IP mode file for STMicroelectronics.X-CUBE-AZRTOS-F7.1.1.0
2026-01-09 14:27:01,030 [INFO] WebApp:187 - Connection restablished
2026-01-09 14:27:01,095 [WARN] PackLoader:240 - Cannot read IP mode file for STMicroelectronics.X-CUBE-MEMS1.11.0.0
2026-01-09 14:27:01,242 [ERROR] Engine:466 - C:\Users\kamil\.stm32cubemx\thirdparties\pdsc\STMicroelectronics.FP-SNS-MOTENV1.5.1.0.pdsc: PDSC version is not supported
2026-01-09 14:27:01,449 [WARN] PackLoader:240 - Cannot read IP mode file for STMicroelectronics.FP-SNS-FLIGHT1.5.0.2
2026-01-09 14:27:01,497 [WARN] PackLoader:240 - Cannot read IP mode file for STMicroelectronics.X-CUBE-AZRTOS-H7.3.4.0
2026-01-09 14:27:01,525 [WARN] PackLoader:240 - Cannot read IP mode file for STMicroelectronics.X-CUBE-DISPLAY.3.0.0
2026-01-09 14:27:01,551 [WARN] PackLoader:240 - Cannot read IP mode file for STMicroelectronics.X-CUBE-BLE1.7.0.0
2026-01-09 14:27:01,574 [WARN] PackLoader:240 - Cannot read IP mode file for STMicroelectronics.X-CUBE-NFC10.1.0.0
2026-01-09 14:27:01,600 [WARN] PackLoader:240 - Cannot read IP mode file for STMicroelectronics.X-CUBE-BLEMGR.4.0.0
2026-01-09 14:27:01,621 [WARN] PackLoader:240 - Cannot read IP mode file for STMicroelectronics.X-CUBE-ST60.1.1.0
2026-01-09 14:27:01,641 [WARN] PackLoader:240 - Cannot read IP mode file for emotas.I-CUBE-CANOPEN.1.3.0
2026-01-09 14:27:01,662 [WARN] PackLoader:240 - Cannot read IP mode file for STMicroelectronics.X-CUBE-GNSS1.7.1.0
2026-01-09 14:27:01,683 [WARN] PackLoader:240 - Cannot read IP mode file for STMicroelectronics.X-CUBE-BLEMGR.3.1.0
2026-01-09 14:27:01,703 [WARN] PackLoader:240 - Cannot read IP mode file for STMicroelectronics.X-CUBE-AI.10.0.0
2026-01-09 14:27:01,719 [ERROR] Engine:466 - C:\Users\kamil\.stm32cubemx\thirdparties\pdsc\STMicroelectronics.FP-SNS-STBOX1.2.1.0.pdsc: PDSC version is not supported
2026-01-09 14:27:01,736 [WARN] PackLoader:240 - Cannot read IP mode file for STMicroelectronics.FP-SNS-SMARTAG2.1.2.0
2026-01-09 14:27:01,750 [WARN] PackLoader:240 - Cannot read IP mode file for STMicroelectronics.FP-SNS-FLIGHT1.5.1.0
2026-01-09 14:27:01,801 [WARN] PackLoader:240 - Cannot read IP mode file for STMicroelectronics.X-CUBE-MEMS1.11.1.0
2026-01-09 14:27:01,886 [INFO] LogOutputStream:77 - [STDOUT_REDIRECT] 1 : Invalid condition id : UX_CORESTACK_Condition cause : null
2026-01-09 14:27:01,887 [INFO] LogOutputStream:77 - [STDOUT_REDIRECT] 1 : Invalid condition id : UX_CORESTACK_Condition cause : null
2026-01-09 14:27:01,888 [INFO] LogOutputStream:77 - [STDOUT_REDIRECT] 1 : Invalid condition id : UX_CORESTACK_Condition cause : null
2026-01-09 14:27:01,889 [INFO] LogOutputStream:77 - [STDOUT_REDIRECT] 1 : Invalid condition id : UX_CORESTACK_Condition cause : null
2026-01-09 14:27:01,890 [INFO] LogOutputStream:77 - [STDOUT_REDIRECT] 1 : Invalid condition id : UX_CORESTACK_Condition cause : null
2026-01-09 14:27:01,892 [WARN] PackLoader:240 - Cannot read IP mode file for STMicroelectronics.X-CUBE-AZRTOS-WL.2.0.0
2026-01-09 14:27:01,912 [WARN] PackLoader:240 - Cannot read IP mode file for STMicroelectronics.FP-SNS-MOTENV1.5.0.0
2026-01-09 14:27:01,948 [WARN] PackLoader:240 - Cannot read IP mode file for STMicroelectronics.X-CUBE-AZRTOS-H7RS.1.2.0
2026-01-09 14:27:01,968 [WARN] PackLoader:240 - Cannot read IP mode file for wolfSSL.I-CUBE-wolfMQTT.1.19.0
2026-01-09 14:27:01,989 [WARN] PackLoader:240 - Cannot read IP mode file for WES.I-CUBE-Cesium.1.3.0
2026-01-09 14:27:02,010 [WARN] PackLoader:240 - Cannot read IP mode file for STMicroelectronics.X-CUBE-BLE2.3.3.0
2026-01-09 14:27:02,065 [WARN] PackLoader:240 - Cannot read IP mode file for STMicroelectronics.X-CUBE-NFC9.1.0.0
2026-01-09 14:27:02,082 [WARN] PackLoader:240 - Cannot read IP mode file for STMicroelectronics.X-CUBE-BLE1.7.1.0
2026-01-09 14:27:02,100 [WARN] PackLoader:240 - Cannot read IP mode file for STMicroelectronics.X-CUBE-TCPP.4.1.0
2026-01-09 14:27:02,115 [ERROR] Engine:466 - C:\Users\kamil\.stm32cubemx\thirdparties\pdsc\STMicroelectronics.X-CUBE-FREERTOS.1.4.0.pdsc: PDSC version is not supported
2026-01-09 14:27:02,133 [WARN] PackLoader:240 - Cannot read IP mode file for STMicroelectronics.X-CUBE-EEPRMA1.5.2.0
2026-01-09 14:27:02,151 [ERROR] Engine:466 - C:\Users\kamil\.stm32cubemx\thirdparties\pdsc\STMicroelectronics.X-CUBE-ST67W61.1.1.0.pdsc: PDSC version is not supported
2026-01-09 14:27:02,199 [WARN] PackLoader:240 - Cannot read IP mode file for STMicroelectronics.X-CUBE-MEMS1.12.0.0
2026-01-09 14:27:02,261 [WARN] PackLoader:240 - Cannot read IP mode file for STMicroelectronics.X-CUBE-AZRTOS-G0.1.1.0
2026-01-09 14:27:02,279 [WARN] PackLoader:240 - Cannot read IP mode file for STMicroelectronics.X-CUBE-SAFEA1.1.2.2
2026-01-09 14:27:02,299 [WARN] PackLoader:240 - Cannot read IP mode file for STMicroelectronics.X-CUBE-NFC4.3.0.0
2026-01-09 14:27:02,320 [WARN] PackLoader:240 - Cannot read IP mode file for EmbeddedOffice.I-CUBE-FS-RTOS.1.0.1
2026-01-09 14:27:02,337 [WARN] PackLoader:240 - Cannot read IP mode file for STMicroelectronics.X-CUBE-WB05N.2.0.0
2026-01-09 14:27:02,356 [WARN] PackLoader:240 - Cannot read IP mode file for STMicroelectronics.X-CUBE-TCPP.4.2.0
2026-01-09 14:27:02,375 [WARN] PackLoader:240 - Cannot read IP mode file for RealThread.X-CUBE-RT-Thread_Nano.4.1.1
2026-01-09 14:27:02,391 [WARN] PackLoader:240 - Cannot read IP mode file for STMicroelectronics.FP-ATR-SIGFOX1.3.2.0
2026-01-09 14:27:02,405 [WARN] PackLoader:240 - Cannot read IP mode file for wolfSSL.I-CUBE-wolfSSL.5.7.2
2026-01-09 14:27:02,424 [WARN] ConditionMgr:438 - getConditionDescription Invalid condition id : Cortex-A Device cause : null
2026-01-09 14:27:02,444 [WARN] ConditionMgr:1044 - genDependencies : Invalid condition id : Cortex-A Device cause : null
2026-01-09 14:27:02,444 [WARN] ConditionMgr:1044 - genDependencies : Invalid condition id : Cortex-A Device cause : null
2026-01-09 14:27:02,444 [WARN] ConditionMgr:1044 - genDependencies : Invalid condition id : Cortex-A Device cause : null
2026-01-09 14:27:02,461 [WARN] PackLoader:240 - Cannot read IP mode file for STMicroelectronics.X-CUBE-EEPRMA1.5.1.0
2026-01-09 14:27:02,479 [WARN] PackLoader:240 - Cannot read IP mode file for ITTIA_DB.I-CUBE-ITTIADB.8.9.0
2026-01-09 14:27:02,496 [WARN] PackLoader:240 - Cannot read IP mode file for STMicroelectronics.X-CUBE-ST67W61.1.0.0
2026-01-09 14:27:02,513 [WARN] PackLoader:240 - Cannot read IP mode file for STMicroelectronics.X-CUBE-AI.10.2.0
2026-01-09 14:27:02,543 [WARN] PackLoader:240 - Cannot read IP mode file for SEGGER.I-CUBE-embOS.1.3.1
2026-01-09 14:27:02,576 [WARN] PackLoader:240 - Cannot read IP mode file for STMicroelectronics.X-CUBE-ALGOBUILD.1.4.0
2026-01-09 14:27:02,627 [WARN] PackLoader:240 - Cannot read IP mode file for STMicroelectronics.X-CUBE-MEMS1.11.3.0
2026-01-09 14:27:02,739 [WARN] PackLoader:240 - Cannot read IP mode file for STMicroelectronics.X-CUBE-AI.9.1.0
2026-01-09 14:27:02,753 [WARN] PackLoader:240 - Cannot read IP mode file for STMicroelectronics.X-CUBE-PM33A1.1.0.0
2026-01-09 14:27:02,780 [WARN] PackLoader:240 - Cannot read IP mode file for STMicroelectronics.X-CUBE-AZRTOS-F4.1.1.0
2026-01-09 14:27:02,798 [WARN] PackLoader:240 - Cannot read IP mode file for STMicroelectronics.X-CUBE-ISPU.2.1.0
2026-01-09 14:27:02,815 [ERROR] Engine:466 - C:\Users\kamil\.stm32cubemx\thirdparties\pdsc\STMicroelectronics.X-CUBE-IPS.3.2.0.pdsc: PDSC version is not supported
2026-01-09 14:27:02,835 [WARN] PackLoader:240 - Cannot read IP mode file for STMicroelectronics.X-CUBE-FREERTOS.1.2.0
2026-01-09 14:27:02,856 [WARN] PackLoader:240 - Cannot read IP mode file for STMicroelectronics.X-CUBE-NFC12.1.0.0
2026-01-09 14:27:02,889 [WARN] PackLoader:240 - Cannot read IP mode file for STMicroelectronics.X-CUBE-AZRTOS-L5.2.0.0
2026-01-09 14:27:02,908 [WARN] PackLoader:240 - Cannot read IP mode file for STMicroelectronics.X-CUBE-NFC6.3.1.0
2026-01-09 14:27:02,932 [WARN] PackLoader:240 - Cannot read IP mode file for STMicroelectronics.X-CUBE-DPower.1.2.0
2026-01-09 14:27:02,951 [WARN] PackLoader:240 - Cannot read IP mode file for STMicroelectronics.X-CUBE-FREERTOS.1.3.1
2026-01-09 14:27:02,969 [WARN] PackLoader:240 - Cannot read IP mode file for STMicroelectronics.X-CUBE-FREERTOS.1.3.0
2026-01-09 14:27:02,987 [WARN] PackLoader:240 - Cannot read IP mode file for STMicroelectronics.X-CUBE-NFC7.1.0.1
2026-01-09 14:27:03,007 [WARN] PackLoader:240 - Cannot read IP mode file for STMicroelectronics.X-CUBE-TOUCHGFX.4.26.0
2026-01-09 14:27:03,025 [WARN] PackLoader:240 - Cannot read IP mode file for STMicroelectronics.FP-SNS-STAIOTCFT.1.0.0
2026-01-09 14:27:03,038 [WARN] PackLoader:240 - Cannot read IP mode file for STMicroelectronics.X-CUBE-DPower.1.3.0
2026-01-09 14:27:03,065 [WARN] ConditionMgr:438 - getConditionDescription Invalid condition id : LAN8742 Phy interface Condition cause : null
2026-01-09 14:27:03,065 [WARN] PackLoader:240 - Cannot read IP mode file for STMicroelectronics.X-CUBE-AZRTOS-L4.2.0.0
2026-01-09 14:27:03,066 [WARN] ConditionMgr:1044 - genDependencies : Invalid condition id : LAN8742 Phy interface Condition cause : null
2026-01-09 14:27:03,066 [WARN] ConditionMgr:1044 - genDependencies : Invalid condition id : LAN8742 Phy interface Condition cause : null
2026-01-09 14:27:03,066 [WARN] ConditionMgr:1044 - genDependencies : Invalid condition id : LAN8742 Phy interface Condition cause : null
2026-01-09 14:27:03,084 [WARN] PackLoader:240 - Cannot read IP mode file for STMicroelectronics.X-CUBE-SFXS2LP1.4.0.0
2026-01-09 14:27:03,113 [WARN] PackLoader:240 - Cannot read IP mode file for STMicroelectronics.X-CUBE-AZRTOS-H7.3.3.0
2026-01-09 14:27:03,130 [WARN] PackLoader:240 - Cannot read IP mode file for STMicroelectronics.X-CUBE-BLEMGR.4.1.0
2026-01-09 14:27:03,155 [WARN] PackLoader:240 - Cannot read IP mode file for STMicroelectronics.X-CUBE-IPS.3.0.0
2026-01-09 14:27:03,177 [WARN] ConditionMgr:438 - getConditionDescription Invalid condition id : UX DEVICE CLASS RTOS Condition cause : null
2026-01-09 14:27:03,178 [WARN] ConditionMgr:438 - getConditionDescription Invalid condition id : UX DEVICE CLASS RTOS Condition cause : null
2026-01-09 14:27:03,179 [WARN] PackLoader:240 - Cannot read IP mode file for STMicroelectronics.X-CUBE-AZRTOS-WB.2.0.0
2026-01-09 14:27:03,179 [WARN] ConditionMgr:1044 - genDependencies : Invalid condition id : UX DEVICE CLASS RTOS Condition cause : null
2026-01-09 14:27:03,179 [WARN] ConditionMgr:1044 - genDependencies : Invalid condition id : UX DEVICE CLASS RTOS Condition cause : null
2026-01-09 14:27:03,179 [WARN] ConditionMgr:1044 - genDependencies : Invalid condition id : UX DEVICE CLASS RTOS Condition cause : null
2026-01-09 14:27:03,179 [WARN] ConditionMgr:1044 - genDependencies : Invalid condition id : UX DEVICE CLASS RTOS Condition cause : null
2026-01-09 14:27:03,180 [WARN] ConditionMgr:1044 - genDependencies : Invalid condition id : UX DEVICE CLASS RTOS Condition cause : null
2026-01-09 14:27:03,198 [WARN] PackLoader:240 - Cannot read IP mode file for STMicroelectronics.X-CUBE-GNSS1.7.0.0
2026-01-09 14:27:03,212 [WARN] PackLoader:240 - Cannot read IP mode file for STMicroelectronics.X-CUBE-GNSS1.7.0.1
2026-01-09 14:27:03,227 [WARN] PackLoader:240 - Cannot read IP mode file for STMicroelectronics.X-CUBE-TOUCHGFX.4.25.0
2026-01-09 14:27:03,242 [WARN] PackLoader:240 - Cannot read IP mode file for STMicroelectronics.FP-SNS-STBOX1.2.0.0
2026-01-09 14:27:03,261 [WARN] PackLoader:240 - Cannot read IP mode file for STMicroelectronics.X-CUBE-SUBG2.5.0.0
2026-01-09 14:27:03,286 [WARN] PackLoader:240 - Cannot read IP mode file for STMicroelectronics.X-CUBE-AZRTOS-H7RS.1.1.0
2026-01-09 14:27:03,302 [WARN] PackLoader:240 - Cannot read IP mode file for Cesanta.I-CUBE-Mongoose.7.13.0
2026-01-09 14:27:03,323 [WARN] PackLoader:240 - Cannot read IP mode file for STMicroelectronics.X-CUBE-AZRTOS-G4.2.0.0
2026-01-09 14:27:03,338 [WARN] PackLoader:240 - Cannot read IP mode file for STMicroelectronics.X-CUBE-NFC7.2.0.0
2026-01-09 14:27:03,354 [WARN] PackLoader:240 - Cannot read IP mode file for STMicroelectronics.X-CUBE-IPS.3.1.0
2026-01-09 14:27:03,369 [WARN] PackLoader:240 - Cannot read IP mode file for STMicroelectronics.X-CUBE-ALS.1.0.2
2026-01-09 14:27:03,383 [WARN] PackLoader:240 - Cannot read IP mode file for STMicroelectronics.X-CUBE-TOUCHGFX.4.24.1
2026-01-09 14:27:03,398 [WARN] PackLoader:240 - Cannot read IP mode file for STMicroelectronics.X-CUBE-STSE01.1.0.0
2026-01-09 14:27:03,412 [WARN] PackLoader:240 - Cannot read IP mode file for wolfSSL.I-CUBE-wolfTPM.3.4.0
2026-01-09 14:27:03,428 [WARN] PackLoader:240 - Cannot read IP mode file for portGmbH.I-Cube-SoM-uGOAL.1.1.0
2026-01-09 14:27:03,451 [WARN] PackLoader:240 - Cannot read IP mode file for STMicroelectronics.X-CUBE-AZRTOS-H7RS.1.0.0
2026-01-09 14:27:03,466 [WARN] PackLoader:240 - Cannot read IP mode file for STMicroelectronics.FP-ATR-ASTRA1.2.0.0
2026-01-09 14:27:03,484 [WARN] PackLoader:240 - Cannot read IP mode file for STMicroelectronics.X-CUBE-TOF1.3.4.2
2026-01-09 14:27:03,505 [WARN] PackLoader:240 - Cannot read IP mode file for STMicroelectronics.X-CUBE-TOF1.3.4.3
2026-01-09 14:27:03,529 [WARN] PackLoader:240 - Cannot read IP mode file for Infineon.AIROC-Wi-Fi-Bluetooth-STM32.1.6.1
2026-01-09 14:27:03,544 [WARN] PackLoader:240 - Cannot read IP mode file for wolfSSL.I-CUBE-wolfSSH.1.4.17
2026-01-09 14:27:03,544 [INFO] ThirdParty:978 - Integrity check success = true
2026-01-09 14:27:03,544 [INFO] IntegrityCheckThread:100 - exiting critical section [integrity check]
2026-01-09 14:27:03,544 [INFO] IntegrityCheckThread:103 - End integrity checks thread
2026-01-09 14:27:22,291 [INFO] McuFinderGlobals:63 - Set McuFinder mode to 2 (CubeIDE integrated)
2026-01-09 14:27:22,296 [INFO] MainUpdater:2872 - connection check result : 10
2026-01-09 14:27:22,297 [INFO] MainUpdater:2872 - connection check result : 10
2026-01-09 14:27:22,338 [INFO] MicroXplorer:468 - Change Database Path : 
2026-01-09 14:27:22,339 [INFO] MicroXplorer:498 - Change Database Version : DB.6.0.130
2026-01-09 14:27:22,351 [WARN] ThirdParty:871 - waiting for thirdparty lock release [close project]
2026-01-09 14:27:22,351 [INFO] ThirdParty:873 - entering critical section [close project]
2026-01-09 14:27:22,352 [INFO] ThirdParty:883 - exiting critical section [close project]
2026-01-09 14:27:22,355 [INFO] PinOutPanel:1589 - setPackage(No Configuration,No Configuration)
2026-01-09 14:27:22,359 [INFO] UtilMem:75 - Begin LoadConfig() Used Memory: 182506296 Bytes (356515840)
2026-01-09 14:27:22,361 [INFO] MicroXplorer:468 - Change Database Path : 
2026-01-09 14:27:22,361 [INFO] MicroXplorer:498 - Change Database Version : DB.6.0.130
2026-01-09 14:27:22,361 [INFO] OpenFileManager:332 - Change cursor
2026-01-09 14:27:22,400 [INFO] Mcu:2035 - Initializing MCU STM32F746ZGTx STM32F746ZGTx STM32F746ZGT6
2026-01-09 14:27:25,396 [INFO] Context:748 - Trying to add GPIOservice into a context  which must be forbidden
2026-01-09 14:27:26,145 [INFO] RtosManager:555 - Registered RTOS mode: class=CMSIS, group=RTOS, mode=CMSIS_V1, owner=FREERTOS
2026-01-09 14:27:26,145 [INFO] RtosManager:555 - Registered RTOS mode: class=CMSIS, group=RTOS2, mode=CMSIS_V2, owner=FREERTOS
2026-01-09 14:27:26,145 [INFO] RtosManager:555 - Registered RTOS mode: class=RTOS, group=Core, mode=CMSIS_V1, owner=FREERTOS
2026-01-09 14:27:26,145 [INFO] RtosManager:555 - Registered RTOS mode: class=RTOS, group=Core, mode=CMSIS_V2, owner=FREERTOS
2026-01-09 14:27:26,145 [WARN] ModelIntegratedComponent:184 - Missing modes for component STMicroelectronics:FreeRTOS:0.0.1:STMicroelectronics:RTOS:FreeRTOS:Core:::10.2.0:
2026-01-09 14:27:26,150 [WARN] ModelIntegratedComponent:63 - No mode defined for component null
2026-01-09 14:27:26,151 [WARN] ModelIntegratedComponent:63 - No mode defined for component null
2026-01-09 14:27:26,151 [WARN] ModelIntegratedComponent:63 - No mode defined for component null
2026-01-09 14:27:26,151 [WARN] ModelIntegratedComponent:63 - No mode defined for component null
2026-01-09 14:27:26,151 [WARN] ModelIntegratedComponent:63 - No mode defined for component null
2026-01-09 14:27:26,151 [WARN] ModelIntegratedComponent:63 - No mode defined for component null
2026-01-09 14:27:26,151 [WARN] ModelIntegratedComponent:63 - No mode defined for component null
2026-01-09 14:27:26,151 [WARN] ModelIntegratedComponent:63 - No mode defined for component null
2026-01-09 14:27:26,151 [WARN] ModelIntegratedComponent:63 - No mode defined for component null
2026-01-09 14:27:26,151 [WARN] ModelIntegratedComponent:63 - No mode defined for component null
2026-01-09 14:27:26,151 [WARN] ModelIntegratedComponent:63 - No mode defined for component null
2026-01-09 14:27:26,151 [WARN] ModelIntegratedComponent:63 - No mode defined for component null
2026-01-09 14:27:26,151 [WARN] ModelIntegratedComponent:63 - No mode defined for component null
2026-01-09 14:27:26,151 [WARN] ModelIntegratedComponent:63 - No mode defined for component null
2026-01-09 14:27:26,151 [WARN] ModelIntegratedComponent:63 - No mode defined for component null
2026-01-09 14:27:26,151 [WARN] ModelIntegratedComponent:63 - No mode defined for component null
2026-01-09 14:27:26,151 [WARN] ModelIntegratedComponent:63 - No mode defined for component null
2026-01-09 14:27:26,151 [WARN] ModelIntegratedComponent:63 - No mode defined for component null
2026-01-09 14:27:26,151 [WARN] ModelIntegratedComponent:63 - No mode defined for component null
2026-01-09 14:27:26,151 [WARN] ModelIntegratedComponent:63 - No mode defined for component null
2026-01-09 14:27:26,151 [WARN] ModelIntegratedComponent:63 - No mode defined for component null
2026-01-09 14:27:26,151 [WARN] ModelIntegratedComponent:63 - No mode defined for component null
2026-01-09 14:27:26,151 [WARN] ModelIntegratedComponent:63 - No mode defined for component null
2026-01-09 14:27:26,151 [WARN] ModelIntegratedComponent:63 - No mode defined for component null
2026-01-09 14:27:26,151 [WARN] ModelIntegratedComponent:63 - No mode defined for component null
2026-01-09 14:27:26,151 [WARN] ModelIntegratedComponent:63 - No mode defined for component null
2026-01-09 14:27:26,151 [WARN] ModelIntegratedComponent:63 - No mode defined for component null
2026-01-09 14:27:26,151 [WARN] ModelIntegratedComponent:63 - No mode defined for component null
2026-01-09 14:27:26,152 [WARN] ModelIntegratedComponent:63 - No mode defined for component null
2026-01-09 14:27:26,152 [WARN] ModelIntegratedComponent:63 - No mode defined for component null
2026-01-09 14:27:26,152 [WARN] ModelIntegratedComponent:63 - No mode defined for component null
2026-01-09 14:27:26,152 [WARN] ModelIntegratedComponent:63 - No mode defined for component null
2026-01-09 14:27:26,152 [WARN] ModelIntegratedComponent:63 - No mode defined for component null
2026-01-09 14:27:26,152 [WARN] ModelIntegratedComponent:63 - No mode defined for component null
2026-01-09 14:27:26,152 [WARN] ModelIntegratedComponent:63 - No mode defined for component null
2026-01-09 14:27:26,152 [WARN] ModelPack:524 - Component already loaded: STMicroelectronics:HAL Drivers:0.0.0:STMicroelectronics:Device:STMicro_Driver:XSPI:HAL::0.0.1:HAL_XSPI
2026-01-09 14:27:26,326 [INFO] ThirdPartyModel:298 - Start build external matchings
2026-01-09 14:27:27,420 [INFO] ThirdPartyModel:316 - End build external matchings
2026-01-09 14:27:27,452 [WARN] IP:2251 - Warning not found: check if there is a RefParameter without a condition.
2026-01-09 14:27:27,452 [WARN] IP:2251 - RxBufferAddress not found: check if there is a RefParameter without a condition.
2026-01-09 14:27:27,452 [WARN] IP:2251 - DESC_SIZE_UNIT not found: check if there is a RefParameter without a condition.
2026-01-09 14:27:27,452 [INFO] ImportTextPane:218 - (OptionalMessage_ERROR) IP (ETH) : Invalid parameter (PHY_Name)
2026-01-09 14:27:27,452 [INFO] ImportTextPane:218 - (OptionalMessage_ERROR) IP (ETH) : Invalid parameter (PHY_Value)
2026-01-09 14:27:27,452 [INFO] ImportTextPane:218 - (OptionalMessage_ERROR) IP (ETH) : Invalid parameter (PhyAddress)
2026-01-09 14:27:27,455 [INFO] ImportTextPane:218 - (OptionalMessage_ERROR) IP (RCC) : Invalid parameter (48MHZClocksFreq_Value)
2026-01-09 14:27:27,455 [INFO] ImportTextPane:218 - (OptionalMessage_ERROR) IP (RCC) : Invalid parameter (ADC12outputFreq_Value)
2026-01-09 14:27:27,455 [INFO] ImportTextPane:218 - (OptionalMessage_ERROR) IP (RCC) : Invalid parameter (ADC34outputFreq_Value)
2026-01-09 14:27:27,455 [INFO] ImportTextPane:218 - (OptionalMessage_ERROR) IP (RCC) : Invalid parameter (FamilyName)
2026-01-09 14:27:27,455 [INFO] ImportTextPane:218 - (OptionalMessage_ERROR) IP (RCC) : Invalid parameter (I2SClocksFreq_Value)
2026-01-09 14:27:27,455 [INFO] ImportTextPane:218 - (OptionalMessage_ERROR) IP (RCC) : Parameter (LCDTFToutputFreq_Value) has invalid value (96000000)
2026-01-09 14:27:27,455 [INFO] ImportTextPane:218 - (OptionalMessage_ERROR) IP (RCC) : Invalid parameter (MCOFreq_Value)
2026-01-09 14:27:27,456 [INFO] ImportTextPane:218 - (OptionalMessage_ERROR) IP (RCC) : Invalid parameter (PLLMCOFreq_Value)
2026-01-09 14:27:27,456 [INFO] ImportTextPane:218 - (OptionalMessage_ERROR) IP (RCC) : Invalid parameter (PLLMUL)
2026-01-09 14:27:27,456 [INFO] ImportTextPane:218 - (OptionalMessage_ERROR) IP (RCC) : Invalid parameter (PRESCALERUSB)
2026-01-09 14:27:27,456 [INFO] ImportTextPane:218 - (OptionalMessage_ERROR) IP (RCC) : Invalid parameter (RTCHSEDivFreq_Value)
2026-01-09 14:27:27,456 [INFO] ImportTextPane:218 - (OptionalMessage_ERROR) IP (RCC) : Parameter (SDMMCFreq_Value) has invalid value (72000000)
2026-01-09 14:27:27,456 [INFO] ImportTextPane:218 - (OptionalMessage_ERROR) IP (RCC) : Invalid parameter (SYSCLKSourceVirtual)
2026-01-09 14:27:27,457 [INFO] ImportTextPane:218 - (OptionalMessage_ERROR) IP (RCC) : Invalid parameter (TIM15Freq_Value)
2026-01-09 14:27:27,457 [INFO] ImportTextPane:218 - (OptionalMessage_ERROR) IP (RCC) : Invalid parameter (TIM16Freq_Value)
2026-01-09 14:27:27,457 [INFO] ImportTextPane:218 - (OptionalMessage_ERROR) IP (RCC) : Invalid parameter (TIM17Freq_Value)
2026-01-09 14:27:27,457 [INFO] ImportTextPane:218 - (OptionalMessage_ERROR) IP (RCC) : Invalid parameter (TIM1Freq_Value)
2026-01-09 14:27:27,457 [INFO] ImportTextPane:218 - (OptionalMessage_ERROR) IP (RCC) : Invalid parameter (TIM20Freq_Value)
2026-01-09 14:27:27,457 [INFO] ImportTextPane:218 - (OptionalMessage_ERROR) IP (RCC) : Invalid parameter (TIM2Freq_Value)
2026-01-09 14:27:27,457 [INFO] ImportTextPane:218 - (OptionalMessage_ERROR) IP (RCC) : Invalid parameter (TIM3Freq_Value)
2026-01-09 14:27:27,457 [INFO] ImportTextPane:218 - (OptionalMessage_ERROR) IP (RCC) : Invalid parameter (TIM8Freq_Value)
2026-01-09 14:27:27,457 [INFO] ImportTextPane:218 - (OptionalMessage_ERROR) IP (RCC) : Invalid parameter (VCOOutput2Freq_Value)
2026-01-09 14:27:27,458 [INFO] ImportTextPane:218 - (OptionalMessage_ERROR) IP (RCC) : Invalid parameter (VcooutputI2S)
2026-01-09 14:27:28,067 [INFO] ApiDb:581 - Connected to CubeFinder SQLite database (C:\Users\kamil\.stmcufinder\plugins\mcufinder\mcu\cube-finder-db.db)
2026-01-09 14:27:28,177 [INFO] ApiDb:668 - CubeFinder database Data Model version=2.1
2026-01-09 14:27:28,177 [INFO] ApiDb:669 - CubeFinder database Configuration version=3.0.39
2026-01-09 14:27:28,178 [INFO] ApiDb:670 - CubeFinder database generation date=2025-11-05 (1762334721)
2026-01-09 14:27:28,178 [INFO] ApiDb:671 - CubeFinder database FW Pack versions=[FP-ATR-ASTRA1_V2.0.0, FP-SNS-FLIGHT1_V5.1.0, FP-SNS-MOTENV1_V5.1.0, FP-SNS-MOTENVWB1_V1.4.0, FP-SNS-SMARTAG2_V1.2.0, FP-SNS-STBOX1_V2.1.0, STM32Cube_FW_C0_V1.4.0, STM32Cube_FW_F4_V1.28.3, STM32Cube_FW_F7_V1.17.4, STM32Cube_FW_G0_V1.6.2, STM32Cube_FW_G4_V1.6.1, STM32Cube_FW_H5_V1.5.1, STM32Cube_FW_H7RS_V1.3.0, STM32Cube_FW_H7_V1.12.1, STM32Cube_FW_L0_V1.12.2, STM32Cube_FW_L4_V1.18.1, STM32Cube_FW_L5_V1.6.0, STM32Cube_FW_N6_V1.3.0, STM32Cube_FW_U0_V1.3.0, STM32Cube_FW_U3_V1.2.1, STM32Cube_FW_U5_V1.8.0, STM32Cube_FW_WB0_V1.4.0, STM32Cube_FW_WBA_V1.8.0, STM32Cube_FW_WB_V1.24.0, STM32Cube_FW_WL3_V1.3.0, STM32Cube_FW_WL_V1.4.0, X-CUBE-ALGOBUILD_V1.4.0, X-CUBE-ALS_V1.0.2, X-CUBE-AZRTOS-F4_V1.1.0, X-CUBE-AZRTOS-F7_V1.1.0, X-CUBE-AZRTOS-G0_V1.1.0, X-CUBE-AZRTOS-G4_V2.0.0, X-CUBE-AZRTOS-H7RS_V1.1.0, X-CUBE-AZRTOS-H7_V3.4.0, X-CUBE-AZRTOS-L4_V2.0.0, X-CUBE-AZRTOS-L5_V2.0.0, X-CUBE-AZRTOS-WB_V2.0.0, X-CUBE-AZRTOS-WL_V2.0.0, X-CUBE-BLE1_V7.1.0, X-CUBE-BLE2_V3.3.0, X-CUBE-BLEMGR_V4.1.0, X-CUBE-EEPRMA1_V5.2.0, X-CUBE-FREERTOS_V1.3.1, X-CUBE-GNSS1_V6.0.0, X-CUBE-MEMS1_V11.3.0, X-CUBE-NFC4_V3.0.0, X-CUBE-NFC7_V2.0.0, X-CUBE-SFXS2LP1_V4.0.0, X-CUBE-ST67W61_V1.1.0, X-CUBE-SUBG2_V5.0.0, X-CUBE-TOF1_V3.4.3]
2026-01-09 14:27:28,297 [INFO] DbBoardsSqlite:226 - include board P-NUCLEO-WB55-NUCLEO as a kit item of type 'Nucleo-64'
2026-01-09 14:27:28,298 [INFO] DbBoardsSqlite:226 - include board P-NUCLEO-WB55-USBDONGLE as a kit item of type 'Nucleo USB Dongle'
2026-01-09 14:27:28,299 [INFO] DbBoardsSqlite:226 - include board STEVAL-IDP005V1 as a kit item of type 'Evaluation Board'
2026-01-09 14:27:28,299 [INFO] DbBoardsSqlite:226 - include board STEVAL-IDP005V2 as a kit item of type 'Evaluation Board'
2026-01-09 14:27:28,687 [INFO] ApiDb:240 - Found 858 in-development CPN: [B-G473E-ZEST1S, B-WB1M-WPAN1, B-WBA5M-WPAN, B-WL5M-SUBG1, NUCLEO-C031C6, NUCLEO-C051C8, NUCLEO-C071RB, NUCLEO-C092RC, NUCLEO-H503RB, NUCLEO-H533RE, NUCLEO-H563ZI, NUCLEO-H7S3L8, NUCLEO-N657X0-Q, NUCLEO-U031R8, NUCLEO-U083RC, NUCLEO-U385RG-Q, NUCLEO-U545RE-Q, NUCLEO-U5A5ZJ-Q, NUCLEO-WB05KZ, NUCLEO-WB07CC, NUCLEO-WB09KE, NUCLEO-WBA52CG, NUCLEO-WBA55CG, NUCLEO-WL33CC1, NUCLEO-WL33CC2, STEVAL-PROTEUS1, STEVAL-SMARTAG2, STEVAL-STWINBX1, STM320518-EVAL, STM32C0116-DK, STM32C011D6Y3TR, STM32C011D6Y6TR, STM32C011F4P3, STM32C011F4P6, STM32C011F4U3, STM32C011F4U6TR, STM32C011F6P3, STM32C011F6P6, STM32C011F6U3, STM32C011F6U6TR, STM32C011J4M3, STM32C011J4M6, STM32C011J6M3, STM32C011J6M6, STM32C0316-DK, STM32C031C4T3, STM32C031C4T6, STM32C031C4U3, STM32C031C4U6, STM32C031C6T3, STM32C031C6T6, STM32C031C6U3, STM32C031C6U6, STM32C031F4P3, STM32C031F4P6, STM32C031F6P3, STM32C031F6P6, STM32C031G4U3, STM32C031G4U6, STM32C031G6U3, STM32C031G6U6, STM32C031K4T3, STM32C031K4T6, STM32C031K4U3, STM32C031K4U6, STM32C031K6T3, STM32C031K6T6, STM32C031K6U3, STM32C031K6U6, STM32C051C6T6, STM32C051C6U6, STM32C051C8T6, STM32C051C8U6, STM32C051D8Y6TR, STM32C051F6P6, STM32C051F8P6, STM32C051G6U6, STM32C051G8U6, STM32C051K6T6, STM32C051K6U6, STM32C051K8T6, STM32C071C8T6, STM32C071C8T6N, STM32C071C8U6, STM32C071C8U6N, STM32C071CBT6, STM32C071CBT6N, STM32C071CBU6, STM32C071CBU6N, STM32C071F8P6, STM32C071F8P6N, STM32C071FBP6, STM32C071FBP6N, STM32C071FBY6TR, STM32C071G8U6, STM32C071G8U6N, STM32C071GBU6, STM32C071GBU6N, STM32C071K8T6, STM32C071K8T6N, STM32C071K8U6, STM32C071K8U6N, STM32C071KBT6, STM32C071KBT6N, STM32C071KBU6, STM32C071KBU6N, STM32C071R8T6, STM32C071R8T6N, STM32C071RBI6N, STM32C071RBT6, STM32C071RBT6N, STM32C091CBT6, STM32C091CBU6, STM32C091CCT6, STM32C091CCU6, STM32C091ECY6TR, STM32C091FBP6, STM32C091FCP6, STM32C091GBU6, STM32C091GCU6, STM32C091KBT6, STM32C091KBU6, STM32C091KCT6, STM32C091KCU6, STM32C091RBT6, STM32C091RCI6, STM32C091RCT6, STM32C092CBT6, STM32C092CBU6, STM32C092CCT6, STM32C092CCU6, STM32C092ECY6TR, STM32C092FBP6, STM32C092FCP6, STM32C092GBU6, STM32C092GCU6, STM32C092KBT6, STM32C092KBU6, STM32C092KCT6, STM32C092KCU6, STM32C092RBT6, STM32C092RCI6, STM32C092RCT6, STM32G071K8TXN, STM32G071K8UXN, STM32G081GBU6N, STM32G081KBT6N, STM32G081KBUXN, STM32G0B1CCT6N, STM32G0B1KCT6, STM32G0B1NEY6TR, STM32G0B1RCT6N, STM32G0C1CCT6, STM32G0C1CCT6N, STM32G0C1CCU6N, STM32G0C1CET6N, STM32G0C1CEU6N, STM32G0C1KCT6, STM32G0C1NEY6TR, STM32G0C1RCI6N, STM32G0C1RCT6N, STM32G0C1REI6N, STM32G0C1RET6N, STM32G0C1VCI6, STM32G0C1VEI6, STM32G411C6T3, STM32G411C6T6, STM32G411C6U3, STM32G411C6U6, STM32G411C8T3, STM32G411C8T6, STM32G411C8U3, STM32G411C8U6, STM32G411CBT3, STM32G411CBT6, STM32G411CBU3, STM32G411CBU6, STM32G411CCT3, STM32G411CCT6, STM32G411CCU3, STM32G411CCU6, STM32G411K6T3, STM32G411K6T6, STM32G411K6U3, STM32G411K6U6, STM32G411K8T3, STM32G411K8T6, STM32G411K8U3, STM32G411K8U6, STM32G411KBT3, STM32G411KBT6, STM32G411KBU3, STM32G411KBU6, STM32G411M6T3, STM32G411M6T6, STM32G411M8T3, STM32G411M8T6, STM32G411MBT3, STM32G411MBT6, STM32G411MCT3, STM32G411MCT6, STM32G411R6T3, STM32G411R6T6, STM32G411R8T3, STM32G411R8T6, STM32G411RBT3, STM32G411RBT6, STM32G411RCT3, STM32G411RCT6, STM32G414CBT3, STM32G414CBT6, STM32G414CBU3, STM32G414CBU6, STM32G414CCT3, STM32G414CCT6, STM32G414CCU3, STM32G414CCU6, STM32G414MBT3, STM32G414MBT6, STM32G414MCT3, STM32G414MCT6, STM32G414RBT3, STM32G414RBT6, STM32G414RCT3, STM32G414RCT6, STM32G414VBT3, STM32G414VBT6, STM32G414VCT3, STM32G414VCT6, STM32G431CBT3Z, STM32G431RBT3Z, STM32G471CCT6, STM32G471CCU6, STM32G471CET3, STM32G471CET6, STM32G471CEU3, STM32G471CEU6, STM32G471MCT6, STM32G471MET3, STM32G471MET6, STM32G471MEY6TR, STM32G471QCT6, STM32G471QET3, STM32G471RCT6, STM32G471RET3, STM32G471RET6, STM32G471VCH6, STM32G471VCI6, STM32G471VCT6, STM32G471VEH3, STM32G471VEH6, STM32G471VEI3, STM32G471VEI6, STM32G471VET3, STM32G471VET6, STM32G473QET3Z, STM32G473RET3Z, STM32G474CCT6, STM32G491RET3Z, STM32H503CBT6, STM32H503CBU6, STM32H503EBY6TR, STM32H503KBU6, STM32H503RBT6, STM32H523CCT6, STM32H523CCU6, STM32H523CET6, STM32H523CEU6, STM32H523HEY6TR, STM32H523RCT6, STM32H523RET6, STM32H523VCI6, STM32H523VCT6, STM32H523VEI6, STM32H523VET6, STM32H523ZCJ6, STM32H523ZCT6, STM32H523ZEJ6, STM32H523ZET6, STM32H533CET6, STM32H533CEU6, STM32H533HEY6TR, STM32H533RET6, STM32H533VEI6, STM32H533VET6, STM32H533ZEJ6, STM32H533ZET6, STM32H562AGI6, STM32H562AII6, STM32H562IGK6, STM32H562IGT6, STM32H562IIK6, STM32H562IIT6, STM32H562RGT6, STM32H562RGV6, STM32H562RIT6, STM32H562RIV6, STM32H562VGT6, STM32H562VIT6, STM32H562ZGT6, STM32H562ZIT6, STM32H563AGI6, STM32H563AII3Q, STM32H563AII6, STM32H563IGK6, STM32H563IGT6, STM32H563IIK3Q, STM32H563IIK6, STM32H563IIT3Q, STM32H563IIT6, STM32H563MIY3QTR, STM32H563RGT6, STM32H563RGV6, STM32H563RIT6, STM32H563RIV6, STM32H563VGT6, STM32H563VIT3Q, STM32H563VIT6, STM32H563ZGT6, STM32H563ZIT3Q, STM32H563ZIT6, STM32H573AII3Q, STM32H573AII6, STM32H573I-DK, STM32H573IIK3Q, STM32H573IIK6, STM32H573IIT3Q, STM32H573IIT6, STM32H573MIY3QTR, STM32H573RIT6, STM32H573RIV6, STM32H573VIT3Q, STM32H573VIT6, STM32H573ZIT3Q, STM32H573ZIT6, STM32H7R3A8I6, STM32H7R3I8K6, STM32H7R3I8T6, STM32H7R3L8H6, STM32H7R3L8H6H, STM32H7R3R8V6, STM32H7R3V8H6, STM32H7R3V8T6, STM32H7R3V8Y6TR, STM32H7R3Z8J6, STM32H7R3Z8T6, STM32H7R7A8I6, STM32H7R7I8K6, STM32H7R7I8T6, STM32H7R7L8H6, STM32H7R7L8H6H, STM32H7R7Z8J6, STM32H7S3A8I6, STM32H7S3I8K6, STM32H7S3I8T6, STM32H7S3L8H6, STM32H7S3L8H6H, STM32H7S3R8V6, STM32H7S3V8H6, STM32H7S3V8T6, STM32H7S3V8Y6TR, STM32H7S3Z8J6, STM32H7S3Z8T6, STM32H7S78-DK, STM32H7S7A8I6, STM32H7S7I8K6, STM32H7S7I8T6, STM32H7S7L8H6, STM32H7S7L8H6H, STM32H7S7Z8J6, STM32L4R5QGI6STR, STM32MP131AAE3, STM32MP131AAF3, STM32MP131AAG3, STM32MP131CAE3, STM32MP131CAF3, STM32MP131CAG3, STM32MP131DAE7, STM32MP131DAF7, STM32MP131DAG7, STM32MP131FAE7, STM32MP131FAF7, STM32MP131FAG7, STM32MP133AAE3, STM32MP133AAF3, STM32MP133AAG3, STM32MP133CAE3, STM32MP133CAF3, STM32MP133CAG3, STM32MP133DAE7, STM32MP133DAF7, STM32MP133DAG7, STM32MP133FAE7, STM32MP133FAF7, STM32MP133FAG7, STM32MP135AAE3, STM32MP135AAF3, STM32MP135AAG3, STM32MP135CAE3, STM32MP135CAF3, STM32MP135CAG3, STM32MP135DAE7, STM32MP135DAF7, STM32MP135DAG7, STM32MP135F-DK, STM32MP135FAE7, STM32MP135FAF7, STM32MP135FAF7T, STM32MP135FAF7U, STM32MP135FAG7, STM32MP231AAJ3, STM32MP231AAK3, STM32MP231AAL3, STM32MP231CAJ3, STM32MP231CAK3, STM32MP231CAL3, STM32MP231DAJ3, STM32MP231DAK3, STM32MP231DAL3, STM32MP231FAJ3, STM32MP231FAK3, STM32MP231FAL3, STM32MP233AAJ3, STM32MP233AAK3, STM32MP233AAL3, STM32MP233CAJ3, STM32MP233CAK3, STM32MP233CAL3, STM32MP233DAJ3, STM32MP233DAK3, STM32MP233DAL3, STM32MP233FAJ3, STM32MP233FAK3, STM32MP233FAL3, STM32MP235AAJ3, STM32MP235AAK3, STM32MP235AAL3, STM32MP235CAJ3, STM32MP235CAK3, STM32MP235CAL3, STM32MP235DAJ3, STM32MP235DAK3, STM32MP235DAL3, STM32MP235FAJ3, STM32MP235FAK3, STM32MP235FAL3, STM32MP251AAI3, STM32MP251AAJ3, STM32MP251AAK3, STM32MP251AAL3, STM32MP251CAI3, STM32MP251CAJ3, STM32MP251CAK3, STM32MP251CAL3, STM32MP251DAI3, STM32MP251DAJ3, STM32MP251DAK3, STM32MP251DAL3, STM32MP251FAI3, STM32MP251FAJ3, STM32MP251FAK3, STM32MP251FAL3, STM32MP253AAI3, STM32MP253AAJ3, STM32MP253AAK3, STM32MP253AAL3, STM32MP253CAI3, STM32MP253CAJ3, STM32MP253CAK3, STM32MP253CAL3, STM32MP253DAI3, STM32MP253DAJ3, STM32MP253DAK3, STM32MP253DAL3, STM32MP253FAI3, STM32MP253FAJ3, STM32MP253FAK3, STM32MP253FAL3, STM32MP255AAI3, STM32MP255AAJ3, STM32MP255AAK3, STM32MP255AAL3, STM32MP255CAI3, STM32MP255CAJ3, STM32MP255CAK3, STM32MP255CAL3, STM32MP255DAI3, STM32MP255DAJ3, STM32MP255DAK3, STM32MP255DAL3, STM32MP255FAI3, STM32MP255FAJ3, STM32MP255FAK3, STM32MP255FAL3, STM32MP257AAI3, STM32MP257AAJ3, STM32MP257AAK3, STM32MP257AAL3, STM32MP257CAI3, STM32MP257CAJ3, STM32MP257CAK3, STM32MP257CAL3, STM32MP257DAI3, STM32MP257DAJ3, STM32MP257DAK3, STM32MP257DAL3, STM32MP257F-DK, STM32MP257F-EV1, STM32MP257FAI3, STM32MP257FAJ3, STM32MP257FAK3, STM32MP257FAL3, STM32N645A0H3Q, STM32N645B0H3Q, STM32N645I0H3Q, STM32N645L0H3Q, STM32N645X0H3Q, STM32N645Z0H3Q, STM32N647A0H3Q, STM32N647B0H3Q, STM32N647I0H3Q, STM32N647L0H3Q, STM32N647X0H3Q, STM32N647Z0H3Q, STM32N655A0H3Q, STM32N655B0H3Q, STM32N655I0H3Q, STM32N655L0H3Q, STM32N655X0H3Q, STM32N655Z0H3Q, STM32N6570-DK, STM32N657A0H3Q, STM32N657B0H3Q, STM32N657I0H3Q, STM32N657L0H3Q, STM32N657X0H3Q, STM32N657Z0H3Q, STM32U031C6T6, STM32U031C6U6, STM32U031C8T6, STM32U031C8U6, STM32U031F4P6, STM32U031F6P6, STM32U031F8P6, STM32U031G6Y6TR, STM32U031G8Y6TR, STM32U031K4U6, STM32U031K6U6, STM32U031K8U6, STM32U031R6I6, STM32U031R6T6, STM32U031R8I6, STM32U031R8T6, STM32U073C8T6, STM32U073C8U6, STM32U073CBT6, STM32U073CBU6, STM32U073CCT6, STM32U073CCU6, STM32U073H8Y6TR, STM32U073HBY6TR, STM32U073HCY6TR, STM32U073K8U6, STM32U073KBU6, STM32U073KCU6, STM32U073M8I6, STM32U073M8T6, STM32U073MBI6, STM32U073MBT6, STM32U073MCI6, STM32U073MCT6, STM32U073R8I6, STM32U073R8T6, STM32U073RBI6, STM32U073RBT6, STM32U073RCI6, STM32U073RCT6, STM32U083C-DK, STM32U083CCT6, STM32U083CCU6, STM32U083HCY6TR, STM32U083KCU6, STM32U083MCI6, STM32U083MCT6, STM32U083RCI6, STM32U083RCT6, STM32U375CET6, STM32U375CET6Q, STM32U375CEU6, STM32U375CEU6Q, STM32U375CEY6QTR, STM32U375CGT6, STM32U375CGT6Q, STM32U375CGU6, STM32U375CGU6Q, STM32U375CGY6QTR, STM32U375KEU6, STM32U375KGU6, STM32U375REI6, STM32U375REI6Q, STM32U375RET6, STM32U375RET6Q, STM32U375REY6GTR, STM32U375REY6QTR, STM32U375RGI6, STM32U375RGI6Q, STM32U375RGT6, STM32U375RGT6Q, STM32U375RGY6GTR, STM32U375RGY6QTR, STM32U375VEI6, STM32U375VEI6Q, STM32U375VET6, STM32U375VET6Q, STM32U375VGI6, STM32U375VGI6Q, STM32U375VGT6, STM32U375VGT6Q, STM32U385CGT6, STM32U385CGT6Q, STM32U385CGU6, STM32U385CGU6Q, STM32U385CGY6QTR, STM32U385KGU6, STM32U385RGI6, STM32U385RGI6Q, STM32U385RGT6, STM32U385RGT6Q, STM32U385RGY6GTR, STM32U385RGY6QTR, STM32U385VGI6, STM32U385VGI6Q, STM32U385VGT6, STM32U385VGT6Q, STM32U535CBT6, STM32U535CBT6Q, STM32U535CBU6, STM32U535CBU6Q, STM32U535CCT6, STM32U535CCT6Q, STM32U535CCU6, STM32U535CCU6Q, STM32U535CET6, STM32U535CET6Q, STM32U535CEU6, STM32U535CEU6Q, STM32U535JEY6QTR, STM32U535NCY6QTR, STM32U535NEY6QTR, STM32U535RBI6, STM32U535RBI6Q, STM32U535RBT6, STM32U535RBT6Q, STM32U535RCI6, STM32U535RCI6Q, STM32U535RCT6, STM32U535RCT6Q, STM32U535REI6, STM32U535REI6Q, STM32U535RET6, STM32U535RET6Q, STM32U535VCI6, STM32U535VCI6Q, STM32U535VCT6, STM32U535VCT6Q, STM32U535VEI6, STM32U535VEI6Q, STM32U535VET6, STM32U535VET6Q, STM32U545CET6, STM32U545CET6Q, STM32U545CEU6, STM32U545CEU6Q, STM32U545JEY6QTR, STM32U545NEY6QTR, STM32U545REI6, STM32U545REI6Q, STM32U545RET6, STM32U545RET6Q, STM32U545VEI6, STM32U545VEI6Q, STM32U545VET6, STM32U545VET6Q, STM32U595AIH6, STM32U595AIH6Q, STM32U595AJH6, STM32U595AJH6Q, STM32U595QII6, STM32U595QII6Q, STM32U595QJI6, STM32U595QJI6Q, STM32U595RIT6, STM32U595RIT6Q, STM32U595RJT6, STM32U595RJT6Q, STM32U595VIT6, STM32U595VIT6Q, STM32U595VJT6, STM32U595VJT6Q, STM32U595ZIT6, STM32U595ZIT6Q, STM32U595ZIY6QTR, STM32U595ZJT6, STM32U595ZJT6Q, STM32U595ZJY6QTR, STM32U599BJY6QTR, STM32U599NIH6Q, STM32U599NJH6Q, STM32U599VIT6Q, STM32U599VJT6, STM32U599VJT6Q, STM32U599ZIT6Q, STM32U599ZIY6QTR, STM32U599ZJT6Q, STM32U599ZJY6QTR, STM32U5A5AJH6, STM32U5A5AJH6Q, STM32U5A5QII3Q , STM32U5A5QJI6, STM32U5A5QJI6Q, STM32U5A5RJT6, STM32U5A5RJT6Q, STM32U5A5VJT6, STM32U5A5VJT6Q, STM32U5A5ZJT6, STM32U5A5ZJT6Q, STM32U5A5ZJY6QTR, STM32U5A9BJY6QTR, STM32U5A9J-DK, STM32U5A9NJH6Q, STM32U5A9VJT6Q, STM32U5A9ZJT6Q, STM32U5A9ZJY6QTR, STM32U5F7VIT6, STM32U5F7VIT6Q, STM32U5F7VJT6, STM32U5F7VJT6Q, STM32U5F9BJY6QTR, STM32U5F9NJH6Q, STM32U5F9VIT6Q, STM32U5F9VJT6Q, STM32U5F9ZIJ6QTR, STM32U5F9ZIT6Q, STM32U5F9ZJJ6QTR, STM32U5F9ZJT6Q, STM32U5G7VJT6, STM32U5G7VJT6Q, STM32U5G9BJY6QTR, STM32U5G9J-DK1, STM32U5G9J-DK2, STM32U5G9NJH6Q, STM32U5G9VJT6Q, STM32U5G9ZJJ6QTR, STM32U5G9ZJT6Q, STM32WB05KZV6TR, STM32WB05KZV7TR, STM32WB05TZF6TR, STM32WB05TZF7TR, STM32WB06CCF6TR, STM32WB06CCF7TR, STM32WB06CCV6TR, STM32WB06CCV7TR, STM32WB06KCV6TR, STM32WB06KCV7TR, STM32WB07CCF6TR, STM32WB07CCF7TR, STM32WB07CCV6TR, STM32WB07CCV7TR, STM32WB07KCV6TR, STM32WB07KCV7TR, STM32WB09KEV6TR, STM32WB09KEV7TR, STM32WB09TEF6TR, STM32WB09TEF7TR, STM32WB1MMCH6, STM32WBA50KGU6, STM32WBA50KGU6TR, STM32WBA52CEU6, STM32WBA52CEU6TR, STM32WBA52CEU7, STM32WBA52CEU7TR, STM32WBA52CGU6, STM32WBA52CGU6TR, STM32WBA52CGU6U, STM32WBA52CGU7, STM32WBA52CGU7TR, STM32WBA52KEU6, STM32WBA52KEU6TR, STM32WBA52KGU6, STM32WBA52KGU6TR, STM32WBA54CEU6, STM32WBA54CEU6TR, STM32WBA54CEU7, STM32WBA54CEU7TR, STM32WBA54CGU6, STM32WBA54CGU6TR, STM32WBA54CGU7, STM32WBA54CGU7TR, STM32WBA54KEU6, STM32WBA54KEU6TR, STM32WBA54KEU7, STM32WBA54KEU7TR, STM32WBA54KGU6, STM32WBA54KGU6TR, STM32WBA54KGU7, STM32WBA54KGU7TR, STM32WBA55CEU6, STM32WBA55CEU6TR, STM32WBA55CEU7, STM32WBA55CEU7TR, STM32WBA55CGU6, STM32WBA55CGU6TR, STM32WBA55CGU6U, STM32WBA55CGU7, STM32WBA55CGU7TR, STM32WBA55G-DK1, STM32WBA55HEF6, STM32WBA55HEF7, STM32WBA55HGF6, STM32WBA55HGF7, STM32WBA55UEI6, STM32WBA55UEI6TR, STM32WBA55UEI7, STM32WBA55UEI7TR, STM32WBA55UGI6, STM32WBA55UGI6TR, STM32WBA55UGI7, STM32WBA55UGI7TR, STM32WBA5MJGH6TR, STM32WBA5MJGH6U, STM32WL33C8V6, STM32WL33C8V6TR, STM32WL33C8V7, STM32WL33C8V7TR, STM32WL33CBV6, STM32WL33CBV6TR, STM32WL33CBV7, STM32WL33CBV7TR, STM32WL33CCV6, STM32WL33CCV6TR, STM32WL33CCV7, STM32WL33CCV7A, STM32WL33CCV7ATR, STM32WL33CCV7TR, STM32WL33K8V6, STM32WL33K8V6TR, STM32WL33K8V7, STM32WL33K8V7TR, STM32WL33KBV6, STM32WL33KBV6TR, STM32WL33KBV7, STM32WL33KBV7TR, STM32WL33KCV6, STM32WL33KCV6TR, STM32WL33KCV7, STM32WL33KCV7TR, STM32WL5MOCH6, STM32WL5MOCH6TR]
2026-01-09 14:27:28,702 [INFO] ApiDb:668 - CubeFinder database Data Model version=2.1
2026-01-09 14:27:28,703 [INFO] ApiDb:669 - CubeFinder database Configuration version=3.0.39
2026-01-09 14:27:28,703 [INFO] ApiDb:670 - CubeFinder database generation date=2025-11-05 (1762334721)
2026-01-09 14:27:28,703 [INFO] ApiDb:671 - CubeFinder database FW Pack versions=[FP-ATR-ASTRA1_V2.0.0, FP-SNS-FLIGHT1_V5.1.0, FP-SNS-MOTENV1_V5.1.0, FP-SNS-MOTENVWB1_V1.4.0, FP-SNS-SMARTAG2_V1.2.0, FP-SNS-STBOX1_V2.1.0, STM32Cube_FW_C0_V1.4.0, STM32Cube_FW_F4_V1.28.3, STM32Cube_FW_F7_V1.17.4, STM32Cube_FW_G0_V1.6.2, STM32Cube_FW_G4_V1.6.1, STM32Cube_FW_H5_V1.5.1, STM32Cube_FW_H7RS_V1.3.0, STM32Cube_FW_H7_V1.12.1, STM32Cube_FW_L0_V1.12.2, STM32Cube_FW_L4_V1.18.1, STM32Cube_FW_L5_V1.6.0, STM32Cube_FW_N6_V1.3.0, STM32Cube_FW_U0_V1.3.0, STM32Cube_FW_U3_V1.2.1, STM32Cube_FW_U5_V1.8.0, STM32Cube_FW_WB0_V1.4.0, STM32Cube_FW_WBA_V1.8.0, STM32Cube_FW_WB_V1.24.0, STM32Cube_FW_WL3_V1.3.0, STM32Cube_FW_WL_V1.4.0, X-CUBE-ALGOBUILD_V1.4.0, X-CUBE-ALS_V1.0.2, X-CUBE-AZRTOS-F4_V1.1.0, X-CUBE-AZRTOS-F7_V1.1.0, X-CUBE-AZRTOS-G0_V1.1.0, X-CUBE-AZRTOS-G4_V2.0.0, X-CUBE-AZRTOS-H7RS_V1.1.0, X-CUBE-AZRTOS-H7_V3.4.0, X-CUBE-AZRTOS-L4_V2.0.0, X-CUBE-AZRTOS-L5_V2.0.0, X-CUBE-AZRTOS-WB_V2.0.0, X-CUBE-AZRTOS-WL_V2.0.0, X-CUBE-BLE1_V7.1.0, X-CUBE-BLE2_V3.3.0, X-CUBE-BLEMGR_V4.1.0, X-CUBE-EEPRMA1_V5.2.0, X-CUBE-FREERTOS_V1.3.1, X-CUBE-GNSS1_V6.0.0, X-CUBE-MEMS1_V11.3.0, X-CUBE-NFC4_V3.0.0, X-CUBE-NFC7_V2.0.0, X-CUBE-SFXS2LP1_V4.0.0, X-CUBE-ST67W61_V1.1.0, X-CUBE-SUBG2_V5.0.0, X-CUBE-TOF1_V3.4.3]
2026-01-09 14:27:30,663 [INFO] ApiDb:240 - Found 858 in-development CPN: [B-G473E-ZEST1S, B-WB1M-WPAN1, B-WBA5M-WPAN, B-WL5M-SUBG1, NUCLEO-C031C6, NUCLEO-C051C8, NUCLEO-C071RB, NUCLEO-C092RC, NUCLEO-H503RB, NUCLEO-H533RE, NUCLEO-H563ZI, NUCLEO-H7S3L8, NUCLEO-N657X0-Q, NUCLEO-U031R8, NUCLEO-U083RC, NUCLEO-U385RG-Q, NUCLEO-U545RE-Q, NUCLEO-U5A5ZJ-Q, NUCLEO-WB05KZ, NUCLEO-WB07CC, NUCLEO-WB09KE, NUCLEO-WBA52CG, NUCLEO-WBA55CG, NUCLEO-WL33CC1, NUCLEO-WL33CC2, STEVAL-PROTEUS1, STEVAL-SMARTAG2, STEVAL-STWINBX1, STM320518-EVAL, STM32C0116-DK, STM32C011D6Y3TR, STM32C011D6Y6TR, STM32C011F4P3, STM32C011F4P6, STM32C011F4U3, STM32C011F4U6TR, STM32C011F6P3, STM32C011F6P6, STM32C011F6U3, STM32C011F6U6TR, STM32C011J4M3, STM32C011J4M6, STM32C011J6M3, STM32C011J6M6, STM32C0316-DK, STM32C031C4T3, STM32C031C4T6, STM32C031C4U3, STM32C031C4U6, STM32C031C6T3, STM32C031C6T6, STM32C031C6U3, STM32C031C6U6, STM32C031F4P3, STM32C031F4P6, STM32C031F6P3, STM32C031F6P6, STM32C031G4U3, STM32C031G4U6, STM32C031G6U3, STM32C031G6U6, STM32C031K4T3, STM32C031K4T6, STM32C031K4U3, STM32C031K4U6, STM32C031K6T3, STM32C031K6T6, STM32C031K6U3, STM32C031K6U6, STM32C051C6T6, STM32C051C6U6, STM32C051C8T6, STM32C051C8U6, STM32C051D8Y6TR, STM32C051F6P6, STM32C051F8P6, STM32C051G6U6, STM32C051G8U6, STM32C051K6T6, STM32C051K6U6, STM32C051K8T6, STM32C071C8T6, STM32C071C8T6N, STM32C071C8U6, STM32C071C8U6N, STM32C071CBT6, STM32C071CBT6N, STM32C071CBU6, STM32C071CBU6N, STM32C071F8P6, STM32C071F8P6N, STM32C071FBP6, STM32C071FBP6N, STM32C071FBY6TR, STM32C071G8U6, STM32C071G8U6N, STM32C071GBU6, STM32C071GBU6N, STM32C071K8T6, STM32C071K8T6N, STM32C071K8U6, STM32C071K8U6N, STM32C071KBT6, STM32C071KBT6N, STM32C071KBU6, STM32C071KBU6N, STM32C071R8T6, STM32C071R8T6N, STM32C071RBI6N, STM32C071RBT6, STM32C071RBT6N, STM32C091CBT6, STM32C091CBU6, STM32C091CCT6, STM32C091CCU6, STM32C091ECY6TR, STM32C091FBP6, STM32C091FCP6, STM32C091GBU6, STM32C091GCU6, STM32C091KBT6, STM32C091KBU6, STM32C091KCT6, STM32C091KCU6, STM32C091RBT6, STM32C091RCI6, STM32C091RCT6, STM32C092CBT6, STM32C092CBU6, STM32C092CCT6, STM32C092CCU6, STM32C092ECY6TR, STM32C092FBP6, STM32C092FCP6, STM32C092GBU6, STM32C092GCU6, STM32C092KBT6, STM32C092KBU6, STM32C092KCT6, STM32C092KCU6, STM32C092RBT6, STM32C092RCI6, STM32C092RCT6, STM32G071K8TXN, STM32G071K8UXN, STM32G081GBU6N, STM32G081KBT6N, STM32G081KBUXN, STM32G0B1CCT6N, STM32G0B1KCT6, STM32G0B1NEY6TR, STM32G0B1RCT6N, STM32G0C1CCT6, STM32G0C1CCT6N, STM32G0C1CCU6N, STM32G0C1CET6N, STM32G0C1CEU6N, STM32G0C1KCT6, STM32G0C1NEY6TR, STM32G0C1RCI6N, STM32G0C1RCT6N, STM32G0C1REI6N, STM32G0C1RET6N, STM32G0C1VCI6, STM32G0C1VEI6, STM32G411C6T3, STM32G411C6T6, STM32G411C6U3, STM32G411C6U6, STM32G411C8T3, STM32G411C8T6, STM32G411C8U3, STM32G411C8U6, STM32G411CBT3, STM32G411CBT6, STM32G411CBU3, STM32G411CBU6, STM32G411CCT3, STM32G411CCT6, STM32G411CCU3, STM32G411CCU6, STM32G411K6T3, STM32G411K6T6, STM32G411K6U3, STM32G411K6U6, STM32G411K8T3, STM32G411K8T6, STM32G411K8U3, STM32G411K8U6, STM32G411KBT3, STM32G411KBT6, STM32G411KBU3, STM32G411KBU6, STM32G411M6T3, STM32G411M6T6, STM32G411M8T3, STM32G411M8T6, STM32G411MBT3, STM32G411MBT6, STM32G411MCT3, STM32G411MCT6, STM32G411R6T3, STM32G411R6T6, STM32G411R8T3, STM32G411R8T6, STM32G411RBT3, STM32G411RBT6, STM32G411RCT3, STM32G411RCT6, STM32G414CBT3, STM32G414CBT6, STM32G414CBU3, STM32G414CBU6, STM32G414CCT3, STM32G414CCT6, STM32G414CCU3, STM32G414CCU6, STM32G414MBT3, STM32G414MBT6, STM32G414MCT3, STM32G414MCT6, STM32G414RBT3, STM32G414RBT6, STM32G414RCT3, STM32G414RCT6, STM32G414VBT3, STM32G414VBT6, STM32G414VCT3, STM32G414VCT6, STM32G431CBT3Z, STM32G431RBT3Z, STM32G471CCT6, STM32G471CCU6, STM32G471CET3, STM32G471CET6, STM32G471CEU3, STM32G471CEU6, STM32G471MCT6, STM32G471MET3, STM32G471MET6, STM32G471MEY6TR, STM32G471QCT6, STM32G471QET3, STM32G471RCT6, STM32G471RET3, STM32G471RET6, STM32G471VCH6, STM32G471VCI6, STM32G471VCT6, STM32G471VEH3, STM32G471VEH6, STM32G471VEI3, STM32G471VEI6, STM32G471VET3, STM32G471VET6, STM32G473QET3Z, STM32G473RET3Z, STM32G474CCT6, STM32G491RET3Z, STM32H503CBT6, STM32H503CBU6, STM32H503EBY6TR, STM32H503KBU6, STM32H503RBT6, STM32H523CCT6, STM32H523CCU6, STM32H523CET6, STM32H523CEU6, STM32H523HEY6TR, STM32H523RCT6, STM32H523RET6, STM32H523VCI6, STM32H523VCT6, STM32H523VEI6, STM32H523VET6, STM32H523ZCJ6, STM32H523ZCT6, STM32H523ZEJ6, STM32H523ZET6, STM32H533CET6, STM32H533CEU6, STM32H533HEY6TR, STM32H533RET6, STM32H533VEI6, STM32H533VET6, STM32H533ZEJ6, STM32H533ZET6, STM32H562AGI6, STM32H562AII6, STM32H562IGK6, STM32H562IGT6, STM32H562IIK6, STM32H562IIT6, STM32H562RGT6, STM32H562RGV6, STM32H562RIT6, STM32H562RIV6, STM32H562VGT6, STM32H562VIT6, STM32H562ZGT6, STM32H562ZIT6, STM32H563AGI6, STM32H563AII3Q, STM32H563AII6, STM32H563IGK6, STM32H563IGT6, STM32H563IIK3Q, STM32H563IIK6, STM32H563IIT3Q, STM32H563IIT6, STM32H563MIY3QTR, STM32H563RGT6, STM32H563RGV6, STM32H563RIT6, STM32H563RIV6, STM32H563VGT6, STM32H563VIT3Q, STM32H563VIT6, STM32H563ZGT6, STM32H563ZIT3Q, STM32H563ZIT6, STM32H573AII3Q, STM32H573AII6, STM32H573I-DK, STM32H573IIK3Q, STM32H573IIK6, STM32H573IIT3Q, STM32H573IIT6, STM32H573MIY3QTR, STM32H573RIT6, STM32H573RIV6, STM32H573VIT3Q, STM32H573VIT6, STM32H573ZIT3Q, STM32H573ZIT6, STM32H7R3A8I6, STM32H7R3I8K6, STM32H7R3I8T6, STM32H7R3L8H6, STM32H7R3L8H6H, STM32H7R3R8V6, STM32H7R3V8H6, STM32H7R3V8T6, STM32H7R3V8Y6TR, STM32H7R3Z8J6, STM32H7R3Z8T6, STM32H7R7A8I6, STM32H7R7I8K6, STM32H7R7I8T6, STM32H7R7L8H6, STM32H7R7L8H6H, STM32H7R7Z8J6, STM32H7S3A8I6, STM32H7S3I8K6, STM32H7S3I8T6, STM32H7S3L8H6, STM32H7S3L8H6H, STM32H7S3R8V6, STM32H7S3V8H6, STM32H7S3V8T6, STM32H7S3V8Y6TR, STM32H7S3Z8J6, STM32H7S3Z8T6, STM32H7S78-DK, STM32H7S7A8I6, STM32H7S7I8K6, STM32H7S7I8T6, STM32H7S7L8H6, STM32H7S7L8H6H, STM32H7S7Z8J6, STM32L4R5QGI6STR, STM32MP131AAE3, STM32MP131AAF3, STM32MP131AAG3, STM32MP131CAE3, STM32MP131CAF3, STM32MP131CAG3, STM32MP131DAE7, STM32MP131DAF7, STM32MP131DAG7, STM32MP131FAE7, STM32MP131FAF7, STM32MP131FAG7, STM32MP133AAE3, STM32MP133AAF3, STM32MP133AAG3, STM32MP133CAE3, STM32MP133CAF3, STM32MP133CAG3, STM32MP133DAE7, STM32MP133DAF7, STM32MP133DAG7, STM32MP133FAE7, STM32MP133FAF7, STM32MP133FAG7, STM32MP135AAE3, STM32MP135AAF3, STM32MP135AAG3, STM32MP135CAE3, STM32MP135CAF3, STM32MP135CAG3, STM32MP135DAE7, STM32MP135DAF7, STM32MP135DAG7, STM32MP135F-DK, STM32MP135FAE7, STM32MP135FAF7, STM32MP135FAF7T, STM32MP135FAF7U, STM32MP135FAG7, STM32MP231AAJ3, STM32MP231AAK3, STM32MP231AAL3, STM32MP231CAJ3, STM32MP231CAK3, STM32MP231CAL3, STM32MP231DAJ3, STM32MP231DAK3, STM32MP231DAL3, STM32MP231FAJ3, STM32MP231FAK3, STM32MP231FAL3, STM32MP233AAJ3, STM32MP233AAK3, STM32MP233AAL3, STM32MP233CAJ3, STM32MP233CAK3, STM32MP233CAL3, STM32MP233DAJ3, STM32MP233DAK3, STM32MP233DAL3, STM32MP233FAJ3, STM32MP233FAK3, STM32MP233FAL3, STM32MP235AAJ3, STM32MP235AAK3, STM32MP235AAL3, STM32MP235CAJ3, STM32MP235CAK3, STM32MP235CAL3, STM32MP235DAJ3, STM32MP235DAK3, STM32MP235DAL3, STM32MP235FAJ3, STM32MP235FAK3, STM32MP235FAL3, STM32MP251AAI3, STM32MP251AAJ3, STM32MP251AAK3, STM32MP251AAL3, STM32MP251CAI3, STM32MP251CAJ3, STM32MP251CAK3, STM32MP251CAL3, STM32MP251DAI3, STM32MP251DAJ3, STM32MP251DAK3, STM32MP251DAL3, STM32MP251FAI3, STM32MP251FAJ3, STM32MP251FAK3, STM32MP251FAL3, STM32MP253AAI3, STM32MP253AAJ3, STM32MP253AAK3, STM32MP253AAL3, STM32MP253CAI3, STM32MP253CAJ3, STM32MP253CAK3, STM32MP253CAL3, STM32MP253DAI3, STM32MP253DAJ3, STM32MP253DAK3, STM32MP253DAL3, STM32MP253FAI3, STM32MP253FAJ3, STM32MP253FAK3, STM32MP253FAL3, STM32MP255AAI3, STM32MP255AAJ3, STM32MP255AAK3, STM32MP255AAL3, STM32MP255CAI3, STM32MP255CAJ3, STM32MP255CAK3, STM32MP255CAL3, STM32MP255DAI3, STM32MP255DAJ3, STM32MP255DAK3, STM32MP255DAL3, STM32MP255FAI3, STM32MP255FAJ3, STM32MP255FAK3, STM32MP255FAL3, STM32MP257AAI3, STM32MP257AAJ3, STM32MP257AAK3, STM32MP257AAL3, STM32MP257CAI3, STM32MP257CAJ3, STM32MP257CAK3, STM32MP257CAL3, STM32MP257DAI3, STM32MP257DAJ3, STM32MP257DAK3, STM32MP257DAL3, STM32MP257F-DK, STM32MP257F-EV1, STM32MP257FAI3, STM32MP257FAJ3, STM32MP257FAK3, STM32MP257FAL3, STM32N645A0H3Q, STM32N645B0H3Q, STM32N645I0H3Q, STM32N645L0H3Q, STM32N645X0H3Q, STM32N645Z0H3Q, STM32N647A0H3Q, STM32N647B0H3Q, STM32N647I0H3Q, STM32N647L0H3Q, STM32N647X0H3Q, STM32N647Z0H3Q, STM32N655A0H3Q, STM32N655B0H3Q, STM32N655I0H3Q, STM32N655L0H3Q, STM32N655X0H3Q, STM32N655Z0H3Q, STM32N6570-DK, STM32N657A0H3Q, STM32N657B0H3Q, STM32N657I0H3Q, STM32N657L0H3Q, STM32N657X0H3Q, STM32N657Z0H3Q, STM32U031C6T6, STM32U031C6U6, STM32U031C8T6, STM32U031C8U6, STM32U031F4P6, STM32U031F6P6, STM32U031F8P6, STM32U031G6Y6TR, STM32U031G8Y6TR, STM32U031K4U6, STM32U031K6U6, STM32U031K8U6, STM32U031R6I6, STM32U031R6T6, STM32U031R8I6, STM32U031R8T6, STM32U073C8T6, STM32U073C8U6, STM32U073CBT6, STM32U073CBU6, STM32U073CCT6, STM32U073CCU6, STM32U073H8Y6TR, STM32U073HBY6TR, STM32U073HCY6TR, STM32U073K8U6, STM32U073KBU6, STM32U073KCU6, STM32U073M8I6, STM32U073M8T6, STM32U073MBI6, STM32U073MBT6, STM32U073MCI6, STM32U073MCT6, STM32U073R8I6, STM32U073R8T6, STM32U073RBI6, STM32U073RBT6, STM32U073RCI6, STM32U073RCT6, STM32U083C-DK, STM32U083CCT6, STM32U083CCU6, STM32U083HCY6TR, STM32U083KCU6, STM32U083MCI6, STM32U083MCT6, STM32U083RCI6, STM32U083RCT6, STM32U375CET6, STM32U375CET6Q, STM32U375CEU6, STM32U375CEU6Q, STM32U375CEY6QTR, STM32U375CGT6, STM32U375CGT6Q, STM32U375CGU6, STM32U375CGU6Q, STM32U375CGY6QTR, STM32U375KEU6, STM32U375KGU6, STM32U375REI6, STM32U375REI6Q, STM32U375RET6, STM32U375RET6Q, STM32U375REY6GTR, STM32U375REY6QTR, STM32U375RGI6, STM32U375RGI6Q, STM32U375RGT6, STM32U375RGT6Q, STM32U375RGY6GTR, STM32U375RGY6QTR, STM32U375VEI6, STM32U375VEI6Q, STM32U375VET6, STM32U375VET6Q, STM32U375VGI6, STM32U375VGI6Q, STM32U375VGT6, STM32U375VGT6Q, STM32U385CGT6, STM32U385CGT6Q, STM32U385CGU6, STM32U385CGU6Q, STM32U385CGY6QTR, STM32U385KGU6, STM32U385RGI6, STM32U385RGI6Q, STM32U385RGT6, STM32U385RGT6Q, STM32U385RGY6GTR, STM32U385RGY6QTR, STM32U385VGI6, STM32U385VGI6Q, STM32U385VGT6, STM32U385VGT6Q, STM32U535CBT6, STM32U535CBT6Q, STM32U535CBU6, STM32U535CBU6Q, STM32U535CCT6, STM32U535CCT6Q, STM32U535CCU6, STM32U535CCU6Q, STM32U535CET6, STM32U535CET6Q, STM32U535CEU6, STM32U535CEU6Q, STM32U535JEY6QTR, STM32U535NCY6QTR, STM32U535NEY6QTR, STM32U535RBI6, STM32U535RBI6Q, STM32U535RBT6, STM32U535RBT6Q, STM32U535RCI6, STM32U535RCI6Q, STM32U535RCT6, STM32U535RCT6Q, STM32U535REI6, STM32U535REI6Q, STM32U535RET6, STM32U535RET6Q, STM32U535VCI6, STM32U535VCI6Q, STM32U535VCT6, STM32U535VCT6Q, STM32U535VEI6, STM32U535VEI6Q, STM32U535VET6, STM32U535VET6Q, STM32U545CET6, STM32U545CET6Q, STM32U545CEU6, STM32U545CEU6Q, STM32U545JEY6QTR, STM32U545NEY6QTR, STM32U545REI6, STM32U545REI6Q, STM32U545RET6, STM32U545RET6Q, STM32U545VEI6, STM32U545VEI6Q, STM32U545VET6, STM32U545VET6Q, STM32U595AIH6, STM32U595AIH6Q, STM32U595AJH6, STM32U595AJH6Q, STM32U595QII6, STM32U595QII6Q, STM32U595QJI6, STM32U595QJI6Q, STM32U595RIT6, STM32U595RIT6Q, STM32U595RJT6, STM32U595RJT6Q, STM32U595VIT6, STM32U595VIT6Q, STM32U595VJT6, STM32U595VJT6Q, STM32U595ZIT6, STM32U595ZIT6Q, STM32U595ZIY6QTR, STM32U595ZJT6, STM32U595ZJT6Q, STM32U595ZJY6QTR, STM32U599BJY6QTR, STM32U599NIH6Q, STM32U599NJH6Q, STM32U599VIT6Q, STM32U599VJT6, STM32U599VJT6Q, STM32U599ZIT6Q, STM32U599ZIY6QTR, STM32U599ZJT6Q, STM32U599ZJY6QTR, STM32U5A5AJH6, STM32U5A5AJH6Q, STM32U5A5QII3Q , STM32U5A5QJI6, STM32U5A5QJI6Q, STM32U5A5RJT6, STM32U5A5RJT6Q, STM32U5A5VJT6, STM32U5A5VJT6Q, STM32U5A5ZJT6, STM32U5A5ZJT6Q, STM32U5A5ZJY6QTR, STM32U5A9BJY6QTR, STM32U5A9J-DK, STM32U5A9NJH6Q, STM32U5A9VJT6Q, STM32U5A9ZJT6Q, STM32U5A9ZJY6QTR, STM32U5F7VIT6, STM32U5F7VIT6Q, STM32U5F7VJT6, STM32U5F7VJT6Q, STM32U5F9BJY6QTR, STM32U5F9NJH6Q, STM32U5F9VIT6Q, STM32U5F9VJT6Q, STM32U5F9ZIJ6QTR, STM32U5F9ZIT6Q, STM32U5F9ZJJ6QTR, STM32U5F9ZJT6Q, STM32U5G7VJT6, STM32U5G7VJT6Q, STM32U5G9BJY6QTR, STM32U5G9J-DK1, STM32U5G9J-DK2, STM32U5G9NJH6Q, STM32U5G9VJT6Q, STM32U5G9ZJJ6QTR, STM32U5G9ZJT6Q, STM32WB05KZV6TR, STM32WB05KZV7TR, STM32WB05TZF6TR, STM32WB05TZF7TR, STM32WB06CCF6TR, STM32WB06CCF7TR, STM32WB06CCV6TR, STM32WB06CCV7TR, STM32WB06KCV6TR, STM32WB06KCV7TR, STM32WB07CCF6TR, STM32WB07CCF7TR, STM32WB07CCV6TR, STM32WB07CCV7TR, STM32WB07KCV6TR, STM32WB07KCV7TR, STM32WB09KEV6TR, STM32WB09KEV7TR, STM32WB09TEF6TR, STM32WB09TEF7TR, STM32WB1MMCH6, STM32WBA50KGU6, STM32WBA50KGU6TR, STM32WBA52CEU6, STM32WBA52CEU6TR, STM32WBA52CEU7, STM32WBA52CEU7TR, STM32WBA52CGU6, STM32WBA52CGU6TR, STM32WBA52CGU6U, STM32WBA52CGU7, STM32WBA52CGU7TR, STM32WBA52KEU6, STM32WBA52KEU6TR, STM32WBA52KGU6, STM32WBA52KGU6TR, STM32WBA54CEU6, STM32WBA54CEU6TR, STM32WBA54CEU7, STM32WBA54CEU7TR, STM32WBA54CGU6, STM32WBA54CGU6TR, STM32WBA54CGU7, STM32WBA54CGU7TR, STM32WBA54KEU6, STM32WBA54KEU6TR, STM32WBA54KEU7, STM32WBA54KEU7TR, STM32WBA54KGU6, STM32WBA54KGU6TR, STM32WBA54KGU7, STM32WBA54KGU7TR, STM32WBA55CEU6, STM32WBA55CEU6TR, STM32WBA55CEU7, STM32WBA55CEU7TR, STM32WBA55CGU6, STM32WBA55CGU6TR, STM32WBA55CGU6U, STM32WBA55CGU7, STM32WBA55CGU7TR, STM32WBA55G-DK1, STM32WBA55HEF6, STM32WBA55HEF7, STM32WBA55HGF6, STM32WBA55HGF7, STM32WBA55UEI6, STM32WBA55UEI6TR, STM32WBA55UEI7, STM32WBA55UEI7TR, STM32WBA55UGI6, STM32WBA55UGI6TR, STM32WBA55UGI7, STM32WBA55UGI7TR, STM32WBA5MJGH6TR, STM32WBA5MJGH6U, STM32WL33C8V6, STM32WL33C8V6TR, STM32WL33C8V7, STM32WL33C8V7TR, STM32WL33CBV6, STM32WL33CBV6TR, STM32WL33CBV7, STM32WL33CBV7TR, STM32WL33CCV6, STM32WL33CCV6TR, STM32WL33CCV7, STM32WL33CCV7A, STM32WL33CCV7ATR, STM32WL33CCV7TR, STM32WL33K8V6, STM32WL33K8V6TR, STM32WL33K8V7, STM32WL33K8V7TR, STM32WL33KBV6, STM32WL33KBV6TR, STM32WL33KBV7, STM32WL33KBV7TR, STM32WL33KCV6, STM32WL33KCV6TR, STM32WL33KCV7, STM32WL33KCV7TR, STM32WL5MOCH6, STM32WL5MOCH6TR]
2026-01-09 14:27:30,669 [INFO] DbMcus:218 - Found 4817 MCUs, 4817 are supported
2026-01-09 14:27:30,678 [INFO] ApiDb:423 - Load user favorites file C:\Users\kamil/.stm32cubeide/favorites.mcus.txt: 1 item(s)
2026-01-09 14:27:30,678 [INFO] ApiDb:427 - User favorites MCUs=[STM32H743IIT6]
2026-01-09 14:27:30,678 [INFO] DbMcus:224 - Set 1 / 1 favorites MCUs
2026-01-09 14:27:31,243 [INFO] BoardInfo:889 - No configuration file found for board NUCLEO-WBA65RI
2026-01-09 14:27:31,245 [INFO] DbBoards:161 - Board is not supported: NUCLEO-WBA65RI
2026-01-09 14:27:31,257 [INFO] BoardInfo:889 - No configuration file found for board P-NUCLEO-WB55
2026-01-09 14:27:31,258 [INFO] DbBoards:161 - Kit is not supported: P-NUCLEO-WB55
2026-01-09 14:27:31,265 [INFO] BoardInfo:889 - No configuration file found for board STEVAL-BFA001V1B
2026-01-09 14:27:31,266 [INFO] DbBoards:161 - Kit is not supported: STEVAL-BFA001V1B
2026-01-09 14:27:31,267 [INFO] BoardInfo:889 - No configuration file found for board STEVAL-BFA001V2B
2026-01-09 14:27:31,267 [INFO] DbBoards:161 - Kit is not supported: STEVAL-BFA001V2B
2026-01-09 14:27:31,480 [INFO] BoardInfo:889 - No configuration file found for board STM32WBA65I-DK1
2026-01-09 14:27:31,481 [INFO] DbBoards:161 - Board is not supported: STM32WBA65I-DK1
2026-01-09 14:27:31,481 [INFO] DbBoards:168 - Found 211 boards, 206 are supported
2026-01-09 14:27:31,481 [INFO] DbBoards:169 - Found 211 boards, 42 of them is supported for  Bsp
2026-01-09 14:27:31,492 [INFO] ApiDb:423 - Load user favorites file C:\Users\kamil/.stm32cubeide/favorites.boards.txt: 1 item(s)
2026-01-09 14:27:31,493 [INFO] ApiDb:427 - User favorites Boards=[NUCLEO-F746ZG]
2026-01-09 14:27:31,493 [INFO] DbBoards:198 - Set 1 / 1 favorites Boards
2026-01-09 14:27:31,537 [INFO] UtilMem:75 - End LoadConfig() Used Memory: 460496424 Bytes (675282944)
2026-01-09 14:27:31,679 [WARN] ThirdParty:833 - waiting for thirdparty lock release [change project]
2026-01-09 14:27:31,680 [INFO] ThirdParty:835 - entering critical section [change project]
2026-01-09 14:27:31,680 [INFO] ThirdParty:1030 - CMSIS Pack Vendor :STMicroelectronics X-CUBE-PM33A1 1.0.0
2026-01-09 14:27:31,680 [INFO] ThirdParty:1030 - CMSIS Pack Vendor :STMicroelectronics USBPD 4.1
2026-01-09 14:27:31,680 [INFO] ThirdParty:1030 - CMSIS Pack Vendor :STMicroelectronics USB_HOST 2.0.0
2026-01-09 14:27:31,680 [INFO] ThirdParty:1030 - CMSIS Pack Vendor :STMicroelectronics FP-SNS-MOTENVWB1 1.4.0
2026-01-09 14:27:31,680 [INFO] ThirdParty:1030 - CMSIS Pack Vendor :STMicroelectronics X-CUBE-AZRTOS-F4 1.1.0
2026-01-09 14:27:31,680 [INFO] ThirdParty:1030 - CMSIS Pack Vendor :STMicroelectronics LIBJPEG 8.0.0
2026-01-09 14:27:31,680 [INFO] ThirdParty:1030 - CMSIS Pack Vendor :STMicroelectronics FP-ATR-ASTRA1 2.0.2
2026-01-09 14:27:31,681 [INFO] ThirdParty:1030 - CMSIS Pack Vendor :STMicroelectronics FP-ATR-ASTRA1 2.0.1
2026-01-09 14:27:31,681 [INFO] ThirdParty:1030 - CMSIS Pack Vendor :STMicroelectronics X-CUBE-SMBUS 2.1.0
2026-01-09 14:27:31,681 [INFO] ThirdParty:1030 - CMSIS Pack Vendor :STMicroelectronics X-CUBE-WB05N 1.1.0
2026-01-09 14:27:31,681 [INFO] ThirdParty:1030 - CMSIS Pack Vendor :STMicroelectronics X-CUBE-ISPU 2.1.0
2026-01-09 14:27:31,681 [INFO] ThirdParty:1030 - CMSIS Pack Vendor :STMicroelectronics X-CUBE-FREERTOS 1.2.0
2026-01-09 14:27:31,681 [INFO] ThirdParty:1030 - CMSIS Pack Vendor :STMicroelectronics X-CUBE-ST60 1.0.0
2026-01-09 14:27:31,681 [INFO] ThirdParty:1030 - CMSIS Pack Vendor :STMicroelectronics X-CUBE-NFC12 1.0.0
2026-01-09 14:27:31,681 [INFO] ThirdParty:1030 - CMSIS Pack Vendor :STMicroelectronics X-CUBE-AZRTOS-F7 1.1.0
2026-01-09 14:27:31,681 [INFO] ThirdParty:1030 - CMSIS Pack Vendor :STMicroelectronics X-CUBE-AZRTOS-L5 2.0.0
2026-01-09 14:27:31,681 [INFO] ThirdParty:1030 - CMSIS Pack Vendor :STMicroelectronics USB_DEVICE 2.0.0
2026-01-09 14:27:31,681 [INFO] ThirdParty:1030 - CMSIS Pack Vendor :STMicroelectronics X-CUBE-NFC6 3.1.0
2026-01-09 14:27:31,681 [INFO] ThirdParty:1030 - CMSIS Pack Vendor :ARM CMSIS 5.7.0
2026-01-09 14:27:31,681 [INFO] ThirdParty:1030 - CMSIS Pack Vendor :STMicroelectronics X-CUBE-MEMS1 11.0.0
2026-01-09 14:27:31,681 [INFO] ThirdParty:1030 - CMSIS Pack Vendor :STMicroelectronics FreeRTOS 0.0.1
2026-01-09 14:27:31,682 [INFO] ThirdParty:1030 - CMSIS Pack Vendor :STMicroelectronics X-CUBE-DPower 1.2.0
2026-01-09 14:27:31,682 [INFO] ThirdParty:1030 - CMSIS Pack Vendor :STMicroelectronics FP-SNS-FLIGHT1 5.0.2
2026-01-09 14:27:31,682 [INFO] ThirdParty:1030 - CMSIS Pack Vendor :STMicroelectronics PDM2PCM 3.3.0
2026-01-09 14:27:31,682 [INFO] ThirdParty:1030 - CMSIS Pack Vendor :STMicroelectronics X-CUBE-AZRTOS-H7 3.4.0
2026-01-09 14:27:31,682 [INFO] ThirdParty:1030 - CMSIS Pack Vendor :STMicroelectronics X-CUBE-DISPLAY 3.0.0
2026-01-09 14:27:31,682 [INFO] ThirdParty:1030 - CMSIS Pack Vendor :STMicroelectronics X-CUBE-BLE1 7.0.0
2026-01-09 14:27:31,682 [INFO] ThirdParty:1030 - CMSIS Pack Vendor :STMicroelectronics X-CUBE-NFC10 1.0.0
2026-01-09 14:27:31,682 [INFO] ThirdParty:1030 - CMSIS Pack Vendor :STMicroelectronics X-CUBE-BLEMGR 4.0.0
2026-01-09 14:27:31,682 [INFO] ThirdParty:1030 - CMSIS Pack Vendor :STMicroelectronics X-CUBE-FREERTOS 1.3.1
2026-01-09 14:27:31,682 [INFO] ThirdParty:1030 - CMSIS Pack Vendor :STMicroelectronics HAL Drivers 0.0.0
2026-01-09 14:27:31,682 [INFO] ThirdParty:1030 - CMSIS Pack Vendor :STMicroelectronics X-CUBE-ST60 1.1.0
2026-01-09 14:27:31,682 [INFO] ThirdParty:1030 - CMSIS Pack Vendor :emotas I-CUBE-CANOPEN 1.3.0
2026-01-09 14:27:31,682 [INFO] ThirdParty:1030 - CMSIS Pack Vendor :STMicroelectronics X-CUBE-FREERTOS 1.3.0
2026-01-09 14:27:31,682 [INFO] ThirdParty:1030 - CMSIS Pack Vendor :STMicroelectronics X-CUBE-NFC7 1.0.1
2026-01-09 14:27:31,682 [INFO] ThirdParty:1030 - CMSIS Pack Vendor :STMicroelectronics MBEDTLS 2.14.1
2026-01-09 14:27:31,682 [INFO] ThirdParty:1030 - CMSIS Pack Vendor :STMicroelectronics X-CUBE-GNSS1 7.1.0
2026-01-09 14:27:31,682 [INFO] ThirdParty:1030 - CMSIS Pack Vendor :STMicroelectronics X-CUBE-TOUCHGFX 4.26.0
2026-01-09 14:27:31,682 [INFO] ThirdParty:1030 - CMSIS Pack Vendor :STMicroelectronics X-CUBE-BLEMGR 3.1.0
2026-01-09 14:27:31,682 [INFO] ThirdParty:1030 - CMSIS Pack Vendor :STMicroelectronics X-CUBE-AI 10.0.0
2026-01-09 14:27:31,682 [INFO] ThirdParty:1030 - CMSIS Pack Vendor :STMicroelectronics FP-SNS-STAIOTCFT 1.0.0
2026-01-09 14:27:31,682 [INFO] ThirdParty:1030 - CMSIS Pack Vendor :STMicroelectronics FP-SNS-SMARTAG2 1.2.0
2026-01-09 14:27:31,682 [INFO] ThirdParty:1030 - CMSIS Pack Vendor :STMicroelectronics FP-SNS-FLIGHT1 5.1.0
2026-01-09 14:27:31,682 [INFO] ThirdParty:1030 - CMSIS Pack Vendor :STMicroelectronics X-CUBE-MEMS1 11.1.0
2026-01-09 14:27:31,682 [INFO] ThirdParty:1030 - CMSIS Pack Vendor :STMicroelectronics X-CUBE-AZRTOS-WL 2.0.0
2026-01-09 14:27:31,682 [INFO] ThirdParty:1030 - CMSIS Pack Vendor :STMicroelectronics X-CUBE-DPower 1.3.0
2026-01-09 14:27:31,682 [INFO] ThirdParty:1030 - CMSIS Pack Vendor :STMicroelectronics FP-SNS-MOTENV1 5.0.0
2026-01-09 14:27:31,682 [INFO] ThirdParty:1030 - CMSIS Pack Vendor :STMicroelectronics USB_DEVICE 1.0.0
2026-01-09 14:27:31,682 [INFO] ThirdParty:1030 - CMSIS Pack Vendor :STMicroelectronics X-CUBE-AZRTOS-H7RS 1.2.0
2026-01-09 14:27:31,682 [INFO] ThirdParty:1030 - CMSIS Pack Vendor :wolfSSL I-CUBE-wolfMQTT 1.19.0
2026-01-09 14:27:31,682 [INFO] ThirdParty:1030 - CMSIS Pack Vendor :STMicroelectronics X-CUBE-AZRTOS-L4 2.0.0
2026-01-09 14:27:31,682 [INFO] ThirdParty:1030 - CMSIS Pack Vendor :STMicroelectronics ThreadX 0.0.2
2026-01-09 14:27:31,682 [INFO] ThirdParty:1030 - CMSIS Pack Vendor :WES I-CUBE-Cesium 1.3.0
2026-01-09 14:27:31,683 [INFO] ThirdParty:1030 - CMSIS Pack Vendor :STMicroelectronics lwIP 2.1.2
2026-01-09 14:27:31,683 [INFO] ThirdParty:1030 - CMSIS Pack Vendor :STMicroelectronics X-CUBE-SFXS2LP1 4.0.0
2026-01-09 14:27:31,683 [INFO] ThirdParty:1030 - CMSIS Pack Vendor :STMicroelectronics X-CUBE-BLE2 3.3.0
2026-01-09 14:27:31,683 [INFO] ThirdParty:1030 - CMSIS Pack Vendor :Avnet-IOTCONNECT X-CUBE-iotc-st67-sdk 1.0.0
2026-01-09 14:27:31,683 [INFO] ThirdParty:1030 - CMSIS Pack Vendor :STMicroelectronics PDM2PCM 3.2.0
2026-01-09 14:27:31,683 [INFO] ThirdParty:1030 - CMSIS Pack Vendor :STMicroelectronics X-CUBE-AZRTOS-H7 3.3.0
2026-01-09 14:27:31,684 [INFO] ThirdParty:1030 - CMSIS Pack Vendor :STMicroelectronics X-CUBE-NFC9 1.0.0
2026-01-09 14:27:31,684 [INFO] ThirdParty:1030 - CMSIS Pack Vendor :STMicroelectronics X-CUBE-BLE1 7.1.0
2026-01-09 14:27:31,684 [INFO] ThirdParty:1030 - CMSIS Pack Vendor :STMicroelectronics USB_DEVICE 3.0.0
2026-01-09 14:27:31,684 [INFO] ThirdParty:1030 - CMSIS Pack Vendor :STMicroelectronics X-CUBE-TCPP 4.1.0
2026-01-09 14:27:31,684 [INFO] ThirdParty:1030 - CMSIS Pack Vendor :STMicroelectronics X-CUBE-EEPRMA1 5.2.0
2026-01-09 14:27:31,684 [INFO] ThirdParty:1030 - CMSIS Pack Vendor :STMicroelectronics X-CUBE-BLEMGR 4.1.0
2026-01-09 14:27:31,684 [INFO] ThirdParty:1030 - CMSIS Pack Vendor :STMicroelectronics X-CUBE-IPS 3.0.0
2026-01-09 14:27:31,684 [INFO] ThirdParty:1030 - CMSIS Pack Vendor :STMicroelectronics X-CUBE-AZRTOS-WB 2.0.0
2026-01-09 14:27:31,684 [INFO] ThirdParty:1030 - CMSIS Pack Vendor :STMicroelectronics X-CUBE-GNSS1 7.0.0
2026-01-09 14:27:31,684 [INFO] ThirdParty:1030 - CMSIS Pack Vendor :STMicroelectronics X-CUBE-GNSS1 7.0.1
2026-01-09 14:27:31,684 [INFO] ThirdParty:1030 - CMSIS Pack Vendor :STMicroelectronics X-CUBE-TOUCHGFX 4.25.0
2026-01-09 14:27:31,684 [INFO] ThirdParty:1030 - CMSIS Pack Vendor :STMicroelectronics FP-SNS-STBOX1 2.0.0
2026-01-09 14:27:31,685 [INFO] ThirdParty:1030 - CMSIS Pack Vendor :STMicroelectronics X-CUBE-MEMS1 12.0.0
2026-01-09 14:27:31,685 [INFO] ThirdParty:1030 - CMSIS Pack Vendor :STMicroelectronics X-CUBE-AZRTOS-G0 1.1.0
2026-01-09 14:27:31,685 [INFO] ThirdParty:1030 - CMSIS Pack Vendor :STMicroelectronics X-CUBE-SAFEA1 1.2.2
2026-01-09 14:27:31,685 [INFO] ThirdParty:1030 - CMSIS Pack Vendor :STMicroelectronics X-CUBE-NFC4 3.0.0
2026-01-09 14:27:31,685 [INFO] ThirdParty:1030 - CMSIS Pack Vendor :STMicroelectronics X-CUBE-SUBG2 5.0.0
2026-01-09 14:27:31,685 [INFO] ThirdParty:1030 - CMSIS Pack Vendor :STMicroelectronics X-CUBE-AZRTOS-H7RS 1.1.0
2026-01-09 14:27:31,685 [INFO] ThirdParty:1030 - CMSIS Pack Vendor :STMicroelectronics STM32_WPAN 1.0.0
2026-01-09 14:27:31,685 [INFO] ThirdParty:1030 - CMSIS Pack Vendor :EmbeddedOffice I-CUBE-FS-RTOS 1.0.1
2026-01-09 14:27:31,685 [INFO] ThirdParty:1030 - CMSIS Pack Vendor :STMicroelectronics lwIP 2.0.3
2026-01-09 14:27:31,685 [INFO] ThirdParty:1030 - CMSIS Pack Vendor :Cesanta I-CUBE-Mongoose 7.13.0
2026-01-09 14:27:31,685 [INFO] ThirdParty:1030 - CMSIS Pack Vendor :STMicroelectronics USB_HOST 1.0.0
2026-01-09 14:27:31,685 [INFO] ThirdParty:1030 - CMSIS Pack Vendor :STMicroelectronics X-CUBE-AZRTOS-G4 2.0.0
2026-01-09 14:27:31,685 [INFO] ThirdParty:1030 - CMSIS Pack Vendor :STMicroelectronics X-CUBE-WB05N 2.0.0
2026-01-09 14:27:31,685 [INFO] ThirdParty:1030 - CMSIS Pack Vendor :STMicroelectronics PDM2PCM 3.1.0
2026-01-09 14:27:31,685 [INFO] ThirdParty:1030 - CMSIS Pack Vendor :STMicroelectronics X-CUBE-NFC7 2.0.0
2026-01-09 14:27:31,685 [INFO] ThirdParty:1030 - CMSIS Pack Vendor :STMicroelectronics X-CUBE-TCPP 4.2.0
2026-01-09 14:27:31,685 [INFO] ThirdParty:1030 - CMSIS Pack Vendor :RealThread X-CUBE-RT-Thread_Nano 4.1.1
2026-01-09 14:27:31,686 [INFO] ThirdParty:1030 - CMSIS Pack Vendor :STMicroelectronics FP-ATR-SIGFOX1 3.2.0
2026-01-09 14:27:31,686 [INFO] ThirdParty:1030 - CMSIS Pack Vendor :wolfSSL I-CUBE-wolfSSL 5.7.2
2026-01-09 14:27:31,686 [INFO] ThirdParty:1030 - CMSIS Pack Vendor :quantropi X-CUBE-qispace-sdk-base 1.9.3
2026-01-09 14:27:31,686 [INFO] ThirdParty:1030 - CMSIS Pack Vendor :STMicroelectronics X-CUBE-EEPRMA1 5.1.0
2026-01-09 14:27:31,686 [INFO] ThirdParty:1030 - CMSIS Pack Vendor :STMicroelectronics MBEDTLS 2.16.2
2026-01-09 14:27:31,686 [INFO] ThirdParty:1030 - CMSIS Pack Vendor :STMicroelectronics X-CUBE-IPS 3.1.0
2026-01-09 14:27:31,686 [INFO] ThirdParty:1030 - CMSIS Pack Vendor :STMicroelectronics X-CUBE-ALS 1.0.2
2026-01-09 14:27:31,686 [INFO] ThirdParty:1030 - CMSIS Pack Vendor :ITTIA_DB I-CUBE-ITTIADB 8.9.0
2026-01-09 14:27:31,686 [INFO] ThirdParty:1030 - CMSIS Pack Vendor :STMicroelectronics X-CUBE-TOUCHGFX 4.24.1
2026-01-09 14:27:31,686 [INFO] ThirdParty:1030 - CMSIS Pack Vendor :STMicroelectronics X-CUBE-STSE01 1.0.0
2026-01-09 14:27:31,686 [INFO] ThirdParty:1030 - CMSIS Pack Vendor :wolfSSL I-CUBE-wolfTPM 3.4.0
2026-01-09 14:27:31,686 [INFO] ThirdParty:1030 - CMSIS Pack Vendor :portGmbH I-Cube-SoM-uGOAL 1.1.0
2026-01-09 14:27:31,686 [INFO] ThirdParty:1030 - CMSIS Pack Vendor :STMicroelectronics X-CUBE-ST67W61 1.0.0
2026-01-09 14:27:31,686 [INFO] ThirdParty:1030 - CMSIS Pack Vendor :STMicroelectronics X-CUBE-AI 10.2.0
2026-01-09 14:27:31,686 [INFO] ThirdParty:1030 - CMSIS Pack Vendor :STMicroelectronics ThreadX 1.0.0
2026-01-09 14:27:31,686 [INFO] ThirdParty:1030 - CMSIS Pack Vendor :SEGGER I-CUBE-embOS 1.3.1
2026-01-09 14:27:31,686 [INFO] ThirdParty:1030 - CMSIS Pack Vendor :STMicroelectronics X-CUBE-ALGOBUILD 1.4.0
2026-01-09 14:27:31,686 [INFO] ThirdParty:1030 - CMSIS Pack Vendor :STMicroelectronics X-CUBE-MEMS1 11.3.0
2026-01-09 14:27:31,686 [INFO] ThirdParty:1030 - CMSIS Pack Vendor :STMicroelectronics X-CUBE-AZRTOS-H7RS 1.0.0
2026-01-09 14:27:31,686 [INFO] ThirdParty:1030 - CMSIS Pack Vendor :STMicroelectronics FP-ATR-ASTRA1 2.0.0
2026-01-09 14:27:31,686 [INFO] ThirdParty:1030 - CMSIS Pack Vendor :STMicroelectronics X-CUBE-TOF1 3.4.2
2026-01-09 14:27:31,686 [INFO] ThirdParty:1030 - CMSIS Pack Vendor :STMicroelectronics X-CUBE-TOF1 3.4.3
2026-01-09 14:27:31,686 [INFO] ThirdParty:1030 - CMSIS Pack Vendor :STMicroelectronics X-CUBE-AI 9.1.0
2026-01-09 14:27:31,686 [INFO] ThirdParty:1030 - CMSIS Pack Vendor :Infineon AIROC-Wi-Fi-Bluetooth-STM32 1.6.1
2026-01-09 14:27:31,686 [INFO] ThirdParty:1030 - CMSIS Pack Vendor :wolfSSL I-CUBE-wolfSSH 1.4.17
2026-01-09 14:27:31,686 [INFO] ThirdParty:841 - exiting critical section [change project]
2026-01-09 14:27:32,127 [INFO] PinOutPanel:1589 - setPackage(No Configuration,No Configuration)
2026-01-09 14:27:32,132 [INFO] PinOutPanel:1589 - setPackage(STM32F746ZGTx,LQFP144)
2026-01-09 14:27:32,843 [INFO] UtilMem:75 - Before build in PCC Used Memory: 573209056 Bytes (764411904)
2026-01-09 14:27:33,738 [INFO] UtilMem:75 - After build in PCC Used Memory: 549571664 Bytes (764411904)
2026-01-09 14:27:33,772 [INFO] IPUIPlugin:80 - create IPUIPlugin
2026-01-09 14:27:33,772 [INFO] IPUIPlugin:80 - create IPUIPlugin
2026-01-09 14:27:33,772 [INFO] IPUIPlugin:80 - create IPUIPlugin
2026-01-09 14:27:33,772 [INFO] IPUIPlugin:80 - create IPUIPlugin
2026-01-09 14:27:33,772 [INFO] IPUIPlugin:80 - create IPUIPlugin
2026-01-09 14:27:33,772 [INFO] IPUIPlugin:80 - create IPUIPlugin
2026-01-09 14:27:33,772 [INFO] IPUIPlugin:80 - create IPUIPlugin
2026-01-09 14:27:33,772 [INFO] IPUIPlugin:80 - create IPUIPlugin
2026-01-09 14:27:33,772 [INFO] IPUIPlugin:80 - create IPUIPlugin
2026-01-09 14:27:33,773 [INFO] IPUIPlugin:80 - create IPUIPlugin
2026-01-09 14:27:33,773 [INFO] IPUIPlugin:80 - create IPUIPlugin
2026-01-09 14:27:33,773 [INFO] IPUIPlugin:80 - create IPUIPlugin
2026-01-09 14:27:33,773 [INFO] IPUIPlugin:80 - create IPUIPlugin
2026-01-09 14:27:33,773 [INFO] IPUIPlugin:80 - create IPUIPlugin
2026-01-09 14:27:33,773 [INFO] IPUIPlugin:80 - create IPUIPlugin
2026-01-09 14:27:33,773 [INFO] IPUIPlugin:80 - create IPUIPlugin
2026-01-09 14:27:33,773 [INFO] IPUIPlugin:80 - create IPUIPlugin
2026-01-09 14:27:33,773 [INFO] IPUIPlugin:80 - create IPUIPlugin
2026-01-09 14:27:33,773 [INFO] IPUIPlugin:80 - create IPUIPlugin
2026-01-09 14:27:33,773 [INFO] IPUIPlugin:80 - create IPUIPlugin
2026-01-09 14:27:33,773 [INFO] IPUIPlugin:80 - create IPUIPlugin
2026-01-09 14:27:33,774 [INFO] IPUIPlugin:80 - create IPUIPlugin
2026-01-09 14:27:33,774 [INFO] IPUIPlugin:80 - create IPUIPlugin
2026-01-09 14:27:33,774 [INFO] IPUIPlugin:80 - create IPUIPlugin
2026-01-09 14:27:33,774 [INFO] IPUIPlugin:80 - create IPUIPlugin
2026-01-09 14:27:33,774 [INFO] IPUIPlugin:80 - create IPUIPlugin
2026-01-09 14:27:33,774 [INFO] IPUIPlugin:80 - create IPUIPlugin
2026-01-09 14:27:33,774 [INFO] IPUIPlugin:80 - create IPUIPlugin
2026-01-09 14:27:33,775 [INFO] IPUIPlugin:80 - create IPUIPlugin
2026-01-09 14:27:33,775 [INFO] IPUIPlugin:80 - create IPUIPlugin
2026-01-09 14:27:33,775 [INFO] IPUIPlugin:80 - create IPUIPlugin
2026-01-09 14:27:33,775 [INFO] IPUIPlugin:80 - create IPUIPlugin
2026-01-09 14:27:33,775 [INFO] IPUIPlugin:80 - create IPUIPlugin
2026-01-09 14:27:33,775 [INFO] IPUIPlugin:80 - create IPUIPlugin
2026-01-09 14:27:33,776 [INFO] IPUIPlugin:80 - create IPUIPlugin
2026-01-09 14:27:33,776 [INFO] IPUIPlugin:80 - create IPUIPlugin
2026-01-09 14:27:33,776 [INFO] IPUIPlugin:80 - create IPUIPlugin
2026-01-09 14:27:33,776 [INFO] IPUIPlugin:80 - create IPUIPlugin
2026-01-09 14:27:33,776 [INFO] IPUIPlugin:80 - create IPUIPlugin
2026-01-09 14:27:33,776 [INFO] IPUIPlugin:80 - create IPUIPlugin
2026-01-09 14:27:33,776 [INFO] IPUIPlugin:80 - create IPUIPlugin
2026-01-09 14:27:33,777 [INFO] IPUIPlugin:80 - create IPUIPlugin
2026-01-09 14:27:33,777 [INFO] IPUIPlugin:80 - create IPUIPlugin
2026-01-09 14:27:33,777 [INFO] IPUIPlugin:80 - create IPUIPlugin
2026-01-09 14:27:33,777 [INFO] IPUIPlugin:80 - create IPUIPlugin
2026-01-09 14:27:33,777 [INFO] IPUIPlugin:80 - create IPUIPlugin
2026-01-09 14:27:33,777 [INFO] IPUIPlugin:80 - create IPUIPlugin
2026-01-09 14:27:33,778 [INFO] IPUIPlugin:80 - create IPUIPlugin
2026-01-09 14:27:33,778 [INFO] IPUIPlugin:80 - create IPUIPlugin
2026-01-09 14:27:33,778 [INFO] IPUIPlugin:80 - create IPUIPlugin
2026-01-09 14:27:33,778 [INFO] IPUIPlugin:80 - create IPUIPlugin
2026-01-09 14:27:33,778 [INFO] IPUIPlugin:80 - create IPUIPlugin
2026-01-09 14:27:33,778 [INFO] IPUIPlugin:80 - create IPUIPlugin
2026-01-09 14:27:33,779 [INFO] IPUIPlugin:80 - create IPUIPlugin
2026-01-09 14:27:33,779 [INFO] IPUIPlugin:80 - create IPUIPlugin
2026-01-09 14:27:33,779 [INFO] IPUIPlugin:80 - create IPUIPlugin
2026-01-09 14:27:33,779 [INFO] IPUIPlugin:80 - create IPUIPlugin
2026-01-09 14:27:33,779 [INFO] IPUIPlugin:80 - create IPUIPlugin
2026-01-09 14:27:33,779 [INFO] IPUIPlugin:80 - create IPUIPlugin
2026-01-09 14:27:33,779 [INFO] IPUIPlugin:80 - create IPUIPlugin
2026-01-09 14:27:33,779 [INFO] IPUIPlugin:80 - create IPUIPlugin
2026-01-09 14:27:33,780 [INFO] IPUIPlugin:80 - create IPUIPlugin
2026-01-09 14:27:33,780 [INFO] IPUIPlugin:80 - create IPUIPlugin
2026-01-09 14:27:33,780 [INFO] IPUIPlugin:80 - create IPUIPlugin
2026-01-09 14:27:33,780 [INFO] IPUIPlugin:80 - create IPUIPlugin
2026-01-09 14:27:33,780 [INFO] IPUIPlugin:80 - create IPUIPlugin
2026-01-09 14:27:33,780 [INFO] IPUIPlugin:80 - create IPUIPlugin
2026-01-09 14:27:33,780 [INFO] IPUIPlugin:80 - create IPUIPlugin
2026-01-09 14:27:33,782 [INFO] IPUIPlugin:80 - create IPUIPlugin
2026-01-09 14:27:33,782 [INFO] IPUIPlugin:80 - create IPUIPlugin
2026-01-09 14:27:33,782 [INFO] IPUIPlugin:80 - create IPUIPlugin
2026-01-09 14:27:33,783 [INFO] IPUIPlugin:80 - create IPUIPlugin
2026-01-09 14:27:33,783 [INFO] IPUIPlugin:80 - create IPUIPlugin
2026-01-09 14:27:33,783 [INFO] IPUIPlugin:80 - create IPUIPlugin
2026-01-09 14:27:33,982 [INFO] ApiDbMcu:508 - Load IP Config File for PDM2PCM
2026-01-09 14:27:33,996 [INFO] Can:71 - Can Add PropertyChangeListener com.st.microxplorer.plugins.ip.can.Can@28ab70b4
2026-01-09 14:27:34,253 [INFO] CADModel:165 - CPN selected for project levelSTM32F746ZGT6
2026-01-09 14:27:34,253 [INFO] CADModel:114 - Register for checkConnection events
2026-01-09 14:27:34,294 [INFO] OpenFileManager:363 - Restore cursor
2026-01-09 14:27:34,529 [WARN] IP:2251 - Warning not found: check if there is a RefParameter without a condition.
2026-01-09 14:27:34,529 [WARN] IP:2251 - RxBufferAddress not found: check if there is a RefParameter without a condition.
2026-01-09 14:27:34,529 [WARN] IP:2251 - DESC_SIZE_UNIT not found: check if there is a RefParameter without a condition.
2026-01-09 14:27:34,530 [WARN] IP:2251 - Warning not found: check if there is a RefParameter without a condition.
2026-01-09 14:27:34,530 [WARN] IP:2251 - RxBufferAddress not found: check if there is a RefParameter without a condition.
2026-01-09 14:27:34,531 [WARN] IP:2251 - DESC_SIZE_UNIT not found: check if there is a RefParameter without a condition.
2026-01-09 14:31:14,906 [INFO] Activator:176 - 


2026-01-09 14:31:14,909 [INFO] Activator:177 - !SESSION log4j initialized
2026-01-09 14:31:23,317 [INFO] LogOutputStream:77 - [STDOUT_REDIRECT] 
2026-01-09 14:31:23,647 [ERROR] ConfigurationRetriever:142 - IOException on connection: sw-center.st.com
2026-01-09 14:31:23,649 [ERROR] ConfigurationRetriever:142 - IOException on connection: sw-center.st.com
2026-01-09 14:31:23,649 [ERROR] ConfigurationRetriever:142 - IOException on connection: sw-center.st.com
2026-01-09 14:31:23,650 [ERROR] ConfigurationRetriever:142 - IOException on connection: sw-center.st.com
2026-01-09 14:31:23,650 [ERROR] ConfigurationRetriever:142 - IOException on connection: sw-center.st.com
2026-01-09 14:31:23,650 [ERROR] ConfigurationRetriever:142 - IOException on connection: sw-center.st.com
2026-01-09 14:31:35,165 [INFO] ApplicationProperties:184 - Using Application install path: C:\ST\STM32CubeIDE_1.17.0\STM32CubeIDE\plugins\com.st.stm32cube.common.mx_6.13.0.202411220809
2026-01-09 14:31:35,188 [INFO] DbMcusXml:78 - Set database path to: C:\ST\STM32CubeIDE_1.17.0\STM32CubeIDE\plugins\com.st.stm32cube.common.mx_6.13.0.202411220809\\db\/mcu/
2026-01-09 14:31:35,188 [INFO] ApiDb:274 - Set plugin database path to: C:\ST\STM32CubeIDE_1.17.0\STM32CubeIDE\plugins\com.st.stm32cube.common.mx_6.13.0.202411220809\\db\/plugins/boardmanager/
2026-01-09 14:31:35,189 [WARN] ApiDb:259 - Overriding images path with different value:  => C:\ST\STM32CubeIDE_1.17.0\STM32CubeIDE\plugins\com.st.stm32cube.common.mx_6.13.0.202411220809\\db\/plugins/mcufinder/images/
2026-01-09 14:31:35,203 [INFO] ApiDb:250 - Set database path to: C:\Users\kamil\.stmcufinder\plugins\mcufinder//mcu/
2026-01-09 14:31:35,205 [INFO] DbMcusAds:125 - Set database path to: C:\Users\kamil\.stmcufinder\plugins\mcufinder//mcu/
2026-01-09 14:31:35,212 [INFO] CrossReferenceDbSqlite:203 - Set database path to: C:\Users\kamil\.stmcufinder\plugins\mcufinder//mcu/cs/
2026-01-09 14:31:35,366 [INFO] RulesReader:64 - Compatibility file has been processed (297 Rules)
2026-01-09 14:31:35,467 [INFO] DbMcusXml:78 - Set database path to: C:\ST\STM32CubeIDE_1.17.0\STM32CubeIDE\plugins\com.st.stm32cube.common.mx_6.13.0.202411220809\\db\/mcu/
2026-01-09 14:31:35,467 [INFO] ApiDb:274 - Set plugin database path to: C:\ST\STM32CubeIDE_1.17.0\STM32CubeIDE\plugins\com.st.stm32cube.common.mx_6.13.0.202411220809\\db\/plugins/boardmanager/
2026-01-09 14:31:35,468 [INFO] ApiDb:261 - Set plugin images path to: C:\ST\STM32CubeIDE_1.17.0\STM32CubeIDE\plugins\com.st.stm32cube.common.mx_6.13.0.202411220809\\db\/plugins/mcufinder/images/
2026-01-09 14:31:35,468 [WARN] DbFile:41 - Overriding database path with different value: C:\Users\kamil\.stmcufinder\plugins\mcufinder/ => C:\Users\kamil\.stmcufinder\plugins\mcufinder
2026-01-09 14:31:35,468 [INFO] ApiDb:250 - Set database path to: C:\Users\kamil\.stmcufinder\plugins\mcufinder//mcu/
2026-01-09 14:31:35,468 [WARN] DbFile:41 - Overriding database path with different value: C:\Users\kamil\.stmcufinder\plugins\mcufinder/ => C:\Users\kamil\.stmcufinder\plugins\mcufinder
2026-01-09 14:31:35,468 [INFO] DbMcusAds:125 - Set database path to: C:\Users\kamil\.stmcufinder\plugins\mcufinder//mcu/
2026-01-09 14:31:35,468 [WARN] DbFile:41 - Overriding database path with different value: C:\Users\kamil\.stmcufinder\plugins\mcufinder/ => C:\Users\kamil\.stmcufinder\plugins\mcufinder
2026-01-09 14:31:35,468 [WARN] DbFile:41 - Overriding database path with different value: C:\Users\kamil\.stmcufinder\plugins\mcufinder/ => C:\Users\kamil\.stmcufinder\plugins\mcufinder
2026-01-09 14:31:35,468 [INFO] CrossReferenceDbSqlite:203 - Set database path to: C:\Users\kamil\.stmcufinder\plugins\mcufinder//mcu/cs/
2026-01-09 14:31:35,589 [INFO] MainPanel:272 - HeapMemory: 268435456
2026-01-09 14:31:35,724 [INFO] DbMcusXml:78 - Set database path to: C:\ST\STM32CubeIDE_1.17.0\STM32CubeIDE\plugins\com.st.stm32cube.common.mx_6.13.0.202411220809\\db\/mcu/
2026-01-09 14:31:35,725 [INFO] ApiDb:274 - Set plugin database path to: C:\ST\STM32CubeIDE_1.17.0\STM32CubeIDE\plugins\com.st.stm32cube.common.mx_6.13.0.202411220809\\db\/plugins/boardmanager/
2026-01-09 14:31:35,725 [INFO] ApiDb:261 - Set plugin images path to: C:\ST\STM32CubeIDE_1.17.0\STM32CubeIDE\plugins\com.st.stm32cube.common.mx_6.13.0.202411220809\\db\/plugins/mcufinder/images/
2026-01-09 14:31:35,725 [WARN] DbFile:41 - Overriding database path with different value: C:\Users\kamil\.stmcufinder\plugins\mcufinder/ => C:\Users\kamil\.stmcufinder\plugins\mcufinder
2026-01-09 14:31:35,726 [INFO] ApiDb:250 - Set database path to: C:\Users\kamil\.stmcufinder\plugins\mcufinder//mcu/
2026-01-09 14:31:35,726 [WARN] DbFile:41 - Overriding database path with different value: C:\Users\kamil\.stmcufinder\plugins\mcufinder/ => C:\Users\kamil\.stmcufinder\plugins\mcufinder
2026-01-09 14:31:35,726 [INFO] DbMcusAds:125 - Set database path to: C:\Users\kamil\.stmcufinder\plugins\mcufinder//mcu/
2026-01-09 14:31:35,726 [WARN] DbFile:41 - Overriding database path with different value: C:\Users\kamil\.stmcufinder\plugins\mcufinder/ => C:\Users\kamil\.stmcufinder\plugins\mcufinder
2026-01-09 14:31:35,726 [WARN] DbFile:41 - Overriding database path with different value: C:\Users\kamil\.stmcufinder\plugins\mcufinder/ => C:\Users\kamil\.stmcufinder\plugins\mcufinder
2026-01-09 14:31:35,726 [INFO] CrossReferenceDbSqlite:203 - Set database path to: C:\Users\kamil\.stmcufinder\plugins\mcufinder//mcu/cs/
2026-01-09 14:31:35,754 [INFO] ApplicationProperties:184 - Using Application install path: C:\ST\STM32CubeIDE_1.17.0\STM32CubeIDE\plugins\com.st.stm32cube.common.mx_6.13.0.202411220809
2026-01-09 14:31:35,757 [INFO] PluginManage:196 - Search for loadable plugins [exclusion list=, ]
2026-01-09 14:31:35,761 [INFO] PluginManage:310 - Check plugin analytics
2026-01-09 14:31:36,047 [INFO] AnalyticsPlugin:253 - Accepted Software Licenses: 
2026-01-09 14:31:36,048 [INFO] AnalyticsPlugin:255 - Accepted CMSIS Pack Licenses: 
2026-01-09 14:31:36,048 [INFO] AnalyticsPlugin:257 - Accepted Firmware Licenses: FW.F7.1.17.0,FW.H7.1.12.0
2026-01-09 14:31:36,050 [INFO] PluginManage:359 - Loaded plugin analytics (category:tool,tabindex:-1)
2026-01-09 14:31:36,051 [INFO] PluginManage:310 - Check plugin cadmodel
2026-01-09 14:31:36,053 [ERROR] ConfigurationRetriever:142 - IOException on connection: sw-center.st.com
2026-01-09 14:31:36,054 [ERROR] ConfigurationRetriever:142 - IOException on connection: sw-center.st.com
2026-01-09 14:31:36,054 [ERROR] ConfigurationRetriever:142 - IOException on connection: sw-center.st.com
2026-01-09 14:31:36,074 [INFO] CADModel:105 - Init CAD model plugin
2026-01-09 14:31:36,074 [INFO] PluginManage:359 - Loaded plugin cadmodel (category:power,tabindex:5)
2026-01-09 14:31:36,075 [INFO] PluginManage:310 - Check plugin clock
2026-01-09 14:31:36,108 [INFO] PluginManage:359 - Loaded plugin clock (category:base,tabindex:2)
2026-01-09 14:31:36,108 [INFO] PluginManage:310 - Check plugin ddr
2026-01-09 14:31:36,111 [INFO] PluginManage:359 - Loaded plugin ddr (category:tool,tabindex:6)
2026-01-09 14:31:36,111 [INFO] PluginManage:310 - Check plugin filemanager
2026-01-09 14:31:36,358 [INFO] PluginManage:359 - Loaded plugin filemanager (category:base,tabindex:10)
2026-01-09 14:31:36,358 [INFO] PluginManage:310 - Check plugin ipmanager
2026-01-09 14:31:36,368 [INFO] PluginManage:359 - Loaded plugin ipmanager (category:base,tabindex:5)
2026-01-09 14:31:36,368 [INFO] PluginManage:310 - Check plugin lpbam
2026-01-09 14:31:36,398 [INFO] PluginManage:359 - Loaded plugin lpbam (category:base,tabindex:0)
2026-01-09 14:31:36,398 [INFO] PluginManage:310 - Check plugin memorymap
2026-01-09 14:31:36,436 [INFO] PluginManage:359 - Loaded plugin memorymap (category:base,tabindex:4)
2026-01-09 14:31:36,436 [INFO] PluginManage:310 - Check plugin pinoutandconfiguration
2026-01-09 14:31:36,466 [INFO] PluginManage:359 - Loaded plugin pinoutandconfiguration (category:base,tabindex:1)
2026-01-09 14:31:36,467 [INFO] PluginManage:310 - Check plugin pinoutconfig
2026-01-09 14:31:36,608 [WARN] SupportedApi:132 - Cannot load RTOS API schema: s4s-elt-must-match.1: The content of 'definitions' must match (annotation?, (simpleType | complexType)?, (unique | key | keyref)*)). A problem was found starting at: attribute.
2026-01-09 14:31:36,781 [INFO] PluginManage:359 - Loaded plugin pinoutconfig (category:base,tabindex:0)
2026-01-09 14:31:36,781 [INFO] PluginManage:310 - Check plugin power
2026-01-09 14:31:36,831 [INFO] PluginManage:359 - Loaded plugin power (category:power,tabindex:4)
2026-01-09 14:31:36,831 [INFO] PluginManage:310 - Check plugin projectmanager
2026-01-09 14:31:36,868 [INFO] PluginManage:359 - Loaded plugin projectmanager (category:projectmanager,tabindex:4)
2026-01-09 14:31:36,868 [INFO] PluginManage:310 - Check plugin rif
2026-01-09 14:31:36,903 [INFO] PluginManage:359 - Loaded plugin rif (category:base,tabindex:3)
2026-01-09 14:31:36,903 [INFO] PluginManage:310 - Check plugin thirdparty
2026-01-09 14:31:37,360 [WARN] IntegrityCheckThread:84 - waiting for thirdparty lock release [integrity check]
2026-01-09 14:31:37,360 [INFO] PluginManage:359 - Loaded plugin thirdparty (category:base,tabindex:-1)
2026-01-09 14:31:37,360 [INFO] IntegrityCheckThread:86 - entering critical section [integrity check]
2026-01-09 14:31:37,360 [INFO] PluginManage:310 - Check plugin tools
2026-01-09 14:31:37,360 [INFO] ThirdPartyUpdaterWithRetryManager:70 - Updater plugin not ready yet. [1/15]
2026-01-09 14:31:37,425 [INFO] PluginManage:359 - Loaded plugin tools (category:base,tabindex:7)
2026-01-09 14:31:37,425 [INFO] PluginManage:310 - Check plugin tutovideos
2026-01-09 14:31:37,641 [INFO] PluginManage:359 - Loaded plugin tutovideos (category:base,tabindex:-1)
2026-01-09 14:31:37,642 [INFO] PluginManage:310 - Check plugin updater
2026-01-09 14:31:37,683 [INFO] PluginManage:359 - Loaded plugin updater (category:base,tabindex:12)
2026-01-09 14:31:37,683 [INFO] PluginManage:310 - Check plugin userauth
2026-01-09 14:31:37,690 [INFO] UserAuth:118 - Init User Auth plugin
2026-01-09 14:31:37,692 [INFO] PluginManage:359 - Loaded plugin userauth (category:base,tabindex:14)
2026-01-09 14:31:37,693 [INFO] PluginManage:283 - PluginManage : Loaded plugins [18]
2026-01-09 14:31:38,012 [INFO] PinOutPanel:1589 - setPackage(No Configuration,No Configuration)
2026-01-09 14:31:38,122 [INFO] CADModel:165 - CPN selected for project level
2026-01-09 14:31:38,122 [INFO] CADModel:114 - Register for checkConnection events
2026-01-09 14:31:38,160 [INFO] IPUIPlugin:80 - create IPUIPlugin
2026-01-09 14:31:38,160 [INFO] PluginManager:220 - loadIPPluginJar : add adc
2026-01-09 14:31:38,236 [INFO] IPUIPlugin:80 - create IPUIPlugin
2026-01-09 14:31:38,237 [INFO] PluginManager:220 - loadIPPluginJar : add aes
2026-01-09 14:31:38,320 [INFO] IPUIPlugin:80 - create IPUIPlugin
2026-01-09 14:31:38,320 [INFO] PluginManager:220 - loadIPPluginJar : add can
2026-01-09 14:31:38,371 [INFO] IPUIPlugin:80 - create IPUIPlugin
2026-01-09 14:31:38,372 [INFO] PluginManager:220 - loadIPPluginJar : add comp
2026-01-09 14:31:38,443 [INFO] IPUIPlugin:80 - create IPUIPlugin
2026-01-09 14:31:38,443 [INFO] PluginManager:220 - loadIPPluginJar : add cryp
2026-01-09 14:31:38,469 [INFO] IPUIPlugin:80 - create IPUIPlugin
2026-01-09 14:31:38,471 [INFO] PluginManager:220 - loadIPPluginJar : add ddr_ctrl_phy
2026-01-09 14:31:38,551 [INFO] IPUIPlugin:80 - create IPUIPlugin
2026-01-09 14:31:38,552 [INFO] PluginManager:220 - loadIPPluginJar : add dfsdm
2026-01-09 14:31:38,580 [INFO] IPUIPlugin:80 - create IPUIPlugin
2026-01-09 14:31:38,581 [INFO] PluginManager:220 - loadIPPluginJar : add dma
2026-01-09 14:31:38,662 [INFO] IPUIPlugin:80 - create IPUIPlugin
2026-01-09 14:31:38,662 [INFO] PluginManager:220 - loadIPPluginJar : add dma3
2026-01-09 14:31:38,742 [INFO] IPUIPlugin:80 - create IPUIPlugin
2026-01-09 14:31:38,742 [INFO] PluginManager:220 - loadIPPluginJar : add extmemmanager
2026-01-09 14:31:38,784 [INFO] IPUIPlugin:80 - create IPUIPlugin
2026-01-09 14:31:38,785 [INFO] PluginManager:220 - loadIPPluginJar : add fatfs
2026-01-09 14:31:38,890 [INFO] IPUIPlugin:80 - create IPUIPlugin
2026-01-09 14:31:38,890 [INFO] PluginManager:220 - loadIPPluginJar : add fmc
2026-01-09 14:31:38,918 [INFO] IPUIPlugin:80 - create IPUIPlugin
2026-01-09 14:31:38,918 [INFO] PluginManager:220 - loadIPPluginJar : add freertos
2026-01-09 14:31:38,971 [INFO] IPUIPlugin:80 - create IPUIPlugin
2026-01-09 14:31:38,972 [INFO] PluginManager:220 - loadIPPluginJar : add genericplugin
2026-01-09 14:31:39,134 [INFO] IPUIPlugin:80 - create IPUIPlugin
2026-01-09 14:31:39,135 [INFO] PluginManager:220 - loadIPPluginJar : add gfxmmu
2026-01-09 14:31:39,375 [INFO] IPUIPlugin:80 - create IPUIPlugin
2026-01-09 14:31:39,375 [INFO] PluginManager:220 - loadIPPluginJar : add gic
2026-01-09 14:31:39,397 [INFO] IPUIPlugin:80 - create IPUIPlugin
2026-01-09 14:31:39,398 [INFO] PluginManager:220 - loadIPPluginJar : add gpio
2026-01-09 14:31:39,573 [INFO] IPUIPlugin:80 - create IPUIPlugin
2026-01-09 14:31:39,574 [INFO] PluginManager:220 - loadIPPluginJar : add gtzc
2026-01-09 14:31:39,631 [INFO] IPUIPlugin:80 - create IPUIPlugin
2026-01-09 14:31:39,631 [INFO] PluginManager:220 - loadIPPluginJar : add hash
2026-01-09 14:31:39,744 [INFO] IPUIPlugin:80 - create IPUIPlugin
2026-01-09 14:31:39,744 [INFO] PluginManager:220 - loadIPPluginJar : add i2c
2026-01-09 14:31:39,844 [INFO] IPUIPlugin:80 - create IPUIPlugin
2026-01-09 14:31:39,845 [INFO] PluginManager:220 - loadIPPluginJar : add i2s
2026-01-09 14:31:39,939 [INFO] IPUIPlugin:80 - create IPUIPlugin
2026-01-09 14:31:39,939 [INFO] PluginManager:220 - loadIPPluginJar : add i3c
2026-01-09 14:31:40,107 [INFO] IPUIPlugin:80 - create IPUIPlugin
2026-01-09 14:31:40,107 [INFO] PluginManager:220 - loadIPPluginJar : add ipddr
2026-01-09 14:31:40,277 [INFO] IPUIPlugin:80 - create IPUIPlugin
2026-01-09 14:31:40,278 [INFO] PluginManager:220 - loadIPPluginJar : add linkedlist
2026-01-09 14:31:40,361 [INFO] ThirdPartyUpdaterWithRetryManager:70 - Updater plugin not ready yet. [2/15]
2026-01-09 14:31:40,361 [INFO] IPUIPlugin:80 - create IPUIPlugin
2026-01-09 14:31:40,362 [INFO] PluginManager:220 - loadIPPluginJar : add lorawan
2026-01-09 14:31:40,448 [INFO] IPUIPlugin:80 - create IPUIPlugin
2026-01-09 14:31:40,448 [INFO] PluginManager:220 - loadIPPluginJar : add ltdc
2026-01-09 14:31:40,475 [INFO] IPUIPlugin:80 - create IPUIPlugin
2026-01-09 14:31:40,476 [INFO] PluginManager:220 - loadIPPluginJar : add mdma
2026-01-09 14:31:40,501 [INFO] IPUIPlugin:80 - create IPUIPlugin
2026-01-09 14:31:40,501 [INFO] PluginManager:220 - loadIPPluginJar : add nvic
2026-01-09 14:31:40,565 [INFO] IPUIPlugin:80 - create IPUIPlugin
2026-01-09 14:31:40,566 [INFO] PluginManager:220 - loadIPPluginJar : add opamp
2026-01-09 14:31:40,695 [INFO] IPUIPlugin:80 - create IPUIPlugin
2026-01-09 14:31:40,695 [INFO] PluginManager:220 - loadIPPluginJar : add openamp
2026-01-09 14:31:40,783 [INFO] IPUIPlugin:80 - create IPUIPlugin
2026-01-09 14:31:40,783 [INFO] PluginManager:220 - loadIPPluginJar : add pdm2pcm
2026-01-09 14:31:40,813 [INFO] IPUIPlugin:80 - create IPUIPlugin
2026-01-09 14:31:40,816 [INFO] PluginManager:220 - loadIPPluginJar : add plateformsettings
2026-01-09 14:31:40,873 [INFO] IPUIPlugin:80 - create IPUIPlugin
2026-01-09 14:31:40,874 [INFO] PluginManager:220 - loadIPPluginJar : add quadspi
2026-01-09 14:31:40,932 [INFO] IPUIPlugin:80 - create IPUIPlugin
2026-01-09 14:31:40,933 [INFO] PluginManager:220 - loadIPPluginJar : add radio
2026-01-09 14:31:40,959 [INFO] IPUIPlugin:80 - create IPUIPlugin
2026-01-09 14:31:40,959 [INFO] PluginManager:220 - loadIPPluginJar : add resmgrutility
2026-01-09 14:31:41,066 [INFO] IPUIPlugin:80 - create IPUIPlugin
2026-01-09 14:31:41,066 [INFO] PluginManager:220 - loadIPPluginJar : add sai
2026-01-09 14:31:41,151 [INFO] IPUIPlugin:80 - create IPUIPlugin
2026-01-09 14:31:41,153 [INFO] PluginManager:220 - loadIPPluginJar : add spi
2026-01-09 14:31:41,295 [INFO] IPUIPlugin:80 - create IPUIPlugin
2026-01-09 14:31:41,295 [INFO] PluginManager:220 - loadIPPluginJar : add stm32_wpan
2026-01-09 14:31:41,336 [INFO] IPUIPlugin:80 - create IPUIPlugin
2026-01-09 14:31:41,336 [INFO] PluginManager:220 - loadIPPluginJar : add tim
2026-01-09 14:31:41,449 [INFO] IPUIPlugin:80 - create IPUIPlugin
2026-01-09 14:31:41,449 [INFO] PluginManager:220 - loadIPPluginJar : add touchsensing
2026-01-09 14:31:41,486 [INFO] IPUIPlugin:80 - create IPUIPlugin
2026-01-09 14:31:41,487 [INFO] PluginManager:220 - loadIPPluginJar : add tracer_emb
2026-01-09 14:31:41,527 [INFO] IPUIPlugin:80 - create IPUIPlugin
2026-01-09 14:31:41,527 [INFO] PluginManager:220 - loadIPPluginJar : add ts
2026-01-09 14:31:41,568 [INFO] IPUIPlugin:80 - create IPUIPlugin
2026-01-09 14:31:41,568 [INFO] PluginManager:220 - loadIPPluginJar : add tsc
2026-01-09 14:31:41,607 [INFO] IPUIPlugin:80 - create IPUIPlugin
2026-01-09 14:31:41,608 [INFO] PluginManager:220 - loadIPPluginJar : add ucpd
2026-01-09 14:31:41,684 [INFO] IPUIPlugin:80 - create IPUIPlugin
2026-01-09 14:31:41,684 [INFO] PluginManager:220 - loadIPPluginJar : add usart
2026-01-09 14:31:41,775 [INFO] IPUIPlugin:80 - create IPUIPlugin
2026-01-09 14:31:41,775 [INFO] PluginManager:220 - loadIPPluginJar : add usbx
2026-01-09 14:31:41,930 [FATAL] Updater:351 - Updater called before beeing initialized
2026-01-09 14:31:41,969 [INFO] RulesReader:64 - Compatibility file has been processed (297 Rules)
2026-01-09 14:31:41,987 [INFO] RulesReader:64 - Compatibility file has been processed (297 Rules)
2026-01-09 14:31:42,006 [INFO] CADModel:165 - CPN selected for project level
2026-01-09 14:31:42,007 [INFO] CADModel:114 - Register for checkConnection events
2026-01-09 14:31:42,007 [FATAL] Updater:351 - Updater called before beeing initialized
2026-01-09 14:31:42,007 [ERROR] CADModel:125 - Updater not yet initialized, retry later 
2026-01-09 14:31:42,217 [FATAL] Updater:351 - Updater called before beeing initialized
2026-01-09 14:31:42,220 [INFO] CADModel:165 - CPN selected for project level
2026-01-09 14:31:42,220 [INFO] CADModel:114 - Register for checkConnection events
2026-01-09 14:31:42,220 [FATAL] Updater:351 - Updater called before beeing initialized
2026-01-09 14:31:42,220 [ERROR] CADModel:125 - Updater not yet initialized, retry later 
2026-01-09 14:31:42,225 [FATAL] Updater:351 - Updater called before beeing initialized
2026-01-09 14:31:42,342 [FATAL] Updater:351 - Updater called before beeing initialized
2026-01-09 14:31:42,356 [INFO] DbMcusAds:53 - JSON generation date=Tue Dec 16 00:11:46 CET 2025 (1765840306612)
2026-01-09 14:31:42,356 [FATAL] Updater:351 - Updater called before beeing initialized
2026-01-09 14:31:42,398 [WARN] DetailPanel:346 - Failed to get advertising image, set to default
2026-01-09 14:31:42,727 [INFO] McuFinderGlobals:63 - Set McuFinder mode to 2 (CubeIDE integrated)
2026-01-09 14:31:42,751 [FATAL] Updater:351 - Updater called before beeing initialized
2026-01-09 14:31:42,755 [FATAL] Updater:351 - Updater called before beeing initialized
2026-01-09 14:31:42,755 [FATAL] Updater:351 - Updater called before beeing initialized
2026-01-09 14:31:42,755 [WARN] DetailPanel:346 - Failed to get advertising image, set to default
2026-01-09 14:31:42,756 [FATAL] Updater:351 - Updater called before beeing initialized
2026-01-09 14:31:42,842 [ERROR] Updater:1198 - MainUpdater not yet initialized. External WinMGr cannot be set.
2026-01-09 14:31:42,863 [INFO] Updater:1134 - Updater Version found : 6.13.0
2026-01-09 14:31:42,894 [INFO] ApplicationProperties:184 - Using Application install path: C:\ST\STM32CubeIDE_1.17.0\STM32CubeIDE\plugins\com.st.stm32cube.common.mx_6.13.0.202411220809
2026-01-09 14:31:43,363 [INFO] ThirdPartyUpdaterWithRetryManager:70 - Updater plugin not ready yet. [3/15]
2026-01-09 14:31:43,419 [INFO] MainUpdater:2872 - connection check result : 22
2026-01-09 14:31:43,420 [INFO] MainUpdater:289 - Updater Check For Update Now.
2026-01-09 14:31:43,421 [INFO] MicroXplorer:498 - Change Database Version : DB.6.0.130
2026-01-09 14:31:43,448 [INFO] McuFinderGlobals:63 - Set McuFinder mode to 2 (CubeIDE integrated)
2026-01-09 14:31:43,449 [INFO] UserAuth:171 - activating auth plugin
2026-01-09 14:31:43,455 [INFO] UserAuth:486 - Internet connection configuration mode: 2
2026-01-09 14:31:43,476 [INFO] UserAuth:486 - Internet connection configuration mode: 2
2026-01-09 14:31:43,647 [INFO] CheckServerUpdateThread:120 - End of CheckServer Thread
2026-01-09 14:31:43,667 [INFO] MainUpdater:2872 - connection check result : 22
2026-01-09 14:31:43,678 [INFO] MainUpdater:2872 - connection check result : 22
2026-01-09 14:31:46,720 [WARN] PackLoader:240 - Cannot read IP mode file for STMicroelectronics.FP-SNS-MOTENVWB1.1.4.0
2026-01-09 14:31:46,745 [WARN] PackLoader:240 - Cannot read IP mode file for STMicroelectronics.FP-ATR-ASTRA1.2.0.2
2026-01-09 14:31:46,769 [WARN] PackLoader:240 - Cannot read IP mode file for STMicroelectronics.FP-ATR-ASTRA1.2.0.1
2026-01-09 14:31:46,790 [WARN] PackLoader:240 - Cannot read IP mode file for STMicroelectronics.X-CUBE-SMBUS.2.1.0
2026-01-09 14:31:46,820 [WARN] PackLoader:240 - Cannot read IP mode file for STMicroelectronics.X-CUBE-WB05N.1.1.0
2026-01-09 14:31:46,842 [WARN] PackLoader:240 - Cannot read IP mode file for STMicroelectronics.X-CUBE-ST60.1.0.0
2026-01-09 14:31:46,894 [WARN] PackLoader:240 - Cannot read IP mode file for STMicroelectronics.X-CUBE-AZRTOS-F7.1.1.0
2026-01-09 14:31:47,099 [WARN] PackLoader:240 - Cannot read IP mode file for STMicroelectronics.X-CUBE-MEMS1.11.0.0
2026-01-09 14:31:47,218 [ERROR] Engine:466 - C:\Users\kamil\.stm32cubemx\thirdparties\pdsc\STMicroelectronics.FP-SNS-MOTENV1.5.1.0.pdsc: PDSC version is not supported
2026-01-09 14:31:47,241 [WARN] PackLoader:240 - Cannot read IP mode file for STMicroelectronics.FP-SNS-FLIGHT1.5.0.2
2026-01-09 14:31:47,275 [WARN] PackLoader:240 - Cannot read IP mode file for STMicroelectronics.X-CUBE-AZRTOS-H7.3.4.0
2026-01-09 14:31:47,301 [WARN] PackLoader:240 - Cannot read IP mode file for STMicroelectronics.X-CUBE-DISPLAY.3.0.0
2026-01-09 14:31:47,327 [WARN] PackLoader:240 - Cannot read IP mode file for STMicroelectronics.X-CUBE-BLE1.7.0.0
2026-01-09 14:31:47,348 [WARN] PackLoader:240 - Cannot read IP mode file for STMicroelectronics.X-CUBE-NFC10.1.0.0
2026-01-09 14:31:47,375 [WARN] PackLoader:240 - Cannot read IP mode file for STMicroelectronics.X-CUBE-BLEMGR.4.0.0
2026-01-09 14:31:47,405 [WARN] PackLoader:240 - Cannot read IP mode file for STMicroelectronics.X-CUBE-ST60.1.1.0
2026-01-09 14:31:47,431 [WARN] PackLoader:240 - Cannot read IP mode file for emotas.I-CUBE-CANOPEN.1.3.0
2026-01-09 14:31:47,474 [WARN] PackLoader:240 - Cannot read IP mode file for STMicroelectronics.X-CUBE-GNSS1.7.1.0
2026-01-09 14:31:47,503 [WARN] PackLoader:240 - Cannot read IP mode file for STMicroelectronics.X-CUBE-BLEMGR.3.1.0
2026-01-09 14:31:47,526 [WARN] PackLoader:240 - Cannot read IP mode file for STMicroelectronics.X-CUBE-AI.10.0.0
2026-01-09 14:31:47,546 [ERROR] Engine:466 - C:\Users\kamil\.stm32cubemx\thirdparties\pdsc\STMicroelectronics.FP-SNS-STBOX1.2.1.0.pdsc: PDSC version is not supported
2026-01-09 14:31:47,564 [WARN] PackLoader:240 - Cannot read IP mode file for STMicroelectronics.FP-SNS-SMARTAG2.1.2.0
2026-01-09 14:31:47,580 [WARN] PackLoader:240 - Cannot read IP mode file for STMicroelectronics.FP-SNS-FLIGHT1.5.1.0
2026-01-09 14:31:47,650 [WARN] PackLoader:240 - Cannot read IP mode file for STMicroelectronics.X-CUBE-MEMS1.11.1.0
2026-01-09 14:31:47,757 [INFO] LogOutputStream:77 - [STDOUT_REDIRECT] 1 : Invalid condition id : UX_CORESTACK_Condition cause : null
2026-01-09 14:31:47,759 [INFO] LogOutputStream:77 - [STDOUT_REDIRECT] 1 : Invalid condition id : UX_CORESTACK_Condition cause : null
2026-01-09 14:31:47,760 [INFO] LogOutputStream:77 - [STDOUT_REDIRECT] 1 : Invalid condition id : UX_CORESTACK_Condition cause : null
2026-01-09 14:31:47,762 [INFO] LogOutputStream:77 - [STDOUT_REDIRECT] 1 : Invalid condition id : UX_CORESTACK_Condition cause : null
2026-01-09 14:31:47,764 [INFO] LogOutputStream:77 - [STDOUT_REDIRECT] 1 : Invalid condition id : UX_CORESTACK_Condition cause : null
2026-01-09 14:31:47,767 [WARN] PackLoader:240 - Cannot read IP mode file for STMicroelectronics.X-CUBE-AZRTOS-WL.2.0.0
2026-01-09 14:31:47,790 [WARN] PackLoader:240 - Cannot read IP mode file for STMicroelectronics.FP-SNS-MOTENV1.5.0.0
2026-01-09 14:31:47,826 [WARN] PackLoader:240 - Cannot read IP mode file for STMicroelectronics.X-CUBE-AZRTOS-H7RS.1.2.0
2026-01-09 14:31:47,848 [WARN] PackLoader:240 - Cannot read IP mode file for wolfSSL.I-CUBE-wolfMQTT.1.19.0
2026-01-09 14:31:47,870 [WARN] PackLoader:240 - Cannot read IP mode file for WES.I-CUBE-Cesium.1.3.0
2026-01-09 14:31:47,890 [WARN] PackLoader:240 - Cannot read IP mode file for STMicroelectronics.X-CUBE-BLE2.3.3.0
2026-01-09 14:31:47,949 [WARN] PackLoader:240 - Cannot read IP mode file for STMicroelectronics.X-CUBE-NFC9.1.0.0
2026-01-09 14:31:47,964 [WARN] PackLoader:240 - Cannot read IP mode file for STMicroelectronics.X-CUBE-BLE1.7.1.0
2026-01-09 14:31:47,982 [WARN] PackLoader:240 - Cannot read IP mode file for STMicroelectronics.X-CUBE-TCPP.4.1.0
2026-01-09 14:31:47,997 [ERROR] Engine:466 - C:\Users\kamil\.stm32cubemx\thirdparties\pdsc\STMicroelectronics.X-CUBE-FREERTOS.1.4.0.pdsc: PDSC version is not supported
2026-01-09 14:31:48,014 [WARN] PackLoader:240 - Cannot read IP mode file for STMicroelectronics.X-CUBE-EEPRMA1.5.2.0
2026-01-09 14:31:48,033 [ERROR] Engine:466 - C:\Users\kamil\.stm32cubemx\thirdparties\pdsc\STMicroelectronics.X-CUBE-ST67W61.1.1.0.pdsc: PDSC version is not supported
2026-01-09 14:31:48,097 [WARN] PackLoader:240 - Cannot read IP mode file for STMicroelectronics.X-CUBE-MEMS1.12.0.0
2026-01-09 14:31:48,171 [WARN] PackLoader:240 - Cannot read IP mode file for STMicroelectronics.X-CUBE-AZRTOS-G0.1.1.0
2026-01-09 14:31:48,190 [WARN] PackLoader:240 - Cannot read IP mode file for STMicroelectronics.X-CUBE-SAFEA1.1.2.2
2026-01-09 14:31:48,209 [WARN] PackLoader:240 - Cannot read IP mode file for STMicroelectronics.X-CUBE-NFC4.3.0.0
2026-01-09 14:31:48,229 [WARN] PackLoader:240 - Cannot read IP mode file for EmbeddedOffice.I-CUBE-FS-RTOS.1.0.1
2026-01-09 14:31:48,246 [WARN] PackLoader:240 - Cannot read IP mode file for STMicroelectronics.X-CUBE-WB05N.2.0.0
2026-01-09 14:31:48,267 [WARN] PackLoader:240 - Cannot read IP mode file for STMicroelectronics.X-CUBE-TCPP.4.2.0
2026-01-09 14:31:48,292 [WARN] PackLoader:240 - Cannot read IP mode file for RealThread.X-CUBE-RT-Thread_Nano.4.1.1
2026-01-09 14:31:48,309 [WARN] PackLoader:240 - Cannot read IP mode file for STMicroelectronics.FP-ATR-SIGFOX1.3.2.0
2026-01-09 14:31:48,326 [WARN] PackLoader:240 - Cannot read IP mode file for wolfSSL.I-CUBE-wolfSSL.5.7.2
2026-01-09 14:31:48,343 [WARN] ConditionMgr:438 - getConditionDescription Invalid condition id : Cortex-A Device cause : null
2026-01-09 14:31:48,368 [WARN] ConditionMgr:1044 - genDependencies : Invalid condition id : Cortex-A Device cause : null
2026-01-09 14:31:48,368 [WARN] ConditionMgr:1044 - genDependencies : Invalid condition id : Cortex-A Device cause : null
2026-01-09 14:31:48,368 [WARN] ConditionMgr:1044 - genDependencies : Invalid condition id : Cortex-A Device cause : null
2026-01-09 14:31:48,386 [WARN] PackLoader:240 - Cannot read IP mode file for STMicroelectronics.X-CUBE-EEPRMA1.5.1.0
2026-01-09 14:31:48,408 [WARN] PackLoader:240 - Cannot read IP mode file for ITTIA_DB.I-CUBE-ITTIADB.8.9.0
2026-01-09 14:31:48,426 [WARN] PackLoader:240 - Cannot read IP mode file for STMicroelectronics.X-CUBE-ST67W61.1.0.0
2026-01-09 14:31:48,442 [WARN] PackLoader:240 - Cannot read IP mode file for STMicroelectronics.X-CUBE-AI.10.2.0
2026-01-09 14:31:48,485 [WARN] PackLoader:240 - Cannot read IP mode file for SEGGER.I-CUBE-embOS.1.3.1
2026-01-09 14:31:48,534 [WARN] PackLoader:240 - Cannot read IP mode file for STMicroelectronics.X-CUBE-ALGOBUILD.1.4.0
2026-01-09 14:31:48,596 [WARN] PackLoader:240 - Cannot read IP mode file for STMicroelectronics.X-CUBE-MEMS1.11.3.0
2026-01-09 14:31:48,710 [WARN] PackLoader:240 - Cannot read IP mode file for STMicroelectronics.X-CUBE-AI.9.1.0
2026-01-09 14:31:48,727 [WARN] PackLoader:240 - Cannot read IP mode file for STMicroelectronics.X-CUBE-PM33A1.1.0.0
2026-01-09 14:31:48,759 [WARN] PackLoader:240 - Cannot read IP mode file for STMicroelectronics.X-CUBE-AZRTOS-F4.1.1.0
2026-01-09 14:31:48,777 [WARN] PackLoader:240 - Cannot read IP mode file for STMicroelectronics.X-CUBE-ISPU.2.1.0
2026-01-09 14:31:48,794 [ERROR] Engine:466 - C:\Users\kamil\.stm32cubemx\thirdparties\pdsc\STMicroelectronics.X-CUBE-IPS.3.2.0.pdsc: PDSC version is not supported
2026-01-09 14:31:48,811 [WARN] PackLoader:240 - Cannot read IP mode file for STMicroelectronics.X-CUBE-FREERTOS.1.2.0
2026-01-09 14:31:48,834 [WARN] PackLoader:240 - Cannot read IP mode file for STMicroelectronics.X-CUBE-NFC12.1.0.0
2026-01-09 14:31:48,874 [WARN] PackLoader:240 - Cannot read IP mode file for STMicroelectronics.X-CUBE-AZRTOS-L5.2.0.0
2026-01-09 14:31:48,899 [WARN] PackLoader:240 - Cannot read IP mode file for STMicroelectronics.X-CUBE-NFC6.3.1.0
2026-01-09 14:31:48,928 [WARN] PackLoader:240 - Cannot read IP mode file for STMicroelectronics.X-CUBE-DPower.1.2.0
2026-01-09 14:31:48,947 [WARN] PackLoader:240 - Cannot read IP mode file for STMicroelectronics.X-CUBE-FREERTOS.1.3.1
2026-01-09 14:31:48,968 [WARN] PackLoader:240 - Cannot read IP mode file for STMicroelectronics.X-CUBE-FREERTOS.1.3.0
2026-01-09 14:31:48,987 [WARN] PackLoader:240 - Cannot read IP mode file for STMicroelectronics.X-CUBE-NFC7.1.0.1
2026-01-09 14:31:49,008 [WARN] PackLoader:240 - Cannot read IP mode file for STMicroelectronics.X-CUBE-TOUCHGFX.4.26.0
2026-01-09 14:31:49,027 [WARN] PackLoader:240 - Cannot read IP mode file for STMicroelectronics.FP-SNS-STAIOTCFT.1.0.0
2026-01-09 14:31:49,048 [WARN] PackLoader:240 - Cannot read IP mode file for STMicroelectronics.X-CUBE-DPower.1.3.0
2026-01-09 14:31:49,078 [WARN] ConditionMgr:438 - getConditionDescription Invalid condition id : LAN8742 Phy interface Condition cause : null
2026-01-09 14:31:49,079 [WARN] PackLoader:240 - Cannot read IP mode file for STMicroelectronics.X-CUBE-AZRTOS-L4.2.0.0
2026-01-09 14:31:49,080 [WARN] ConditionMgr:1044 - genDependencies : Invalid condition id : LAN8742 Phy interface Condition cause : null
2026-01-09 14:31:49,080 [WARN] ConditionMgr:1044 - genDependencies : Invalid condition id : LAN8742 Phy interface Condition cause : null
2026-01-09 14:31:49,081 [WARN] ConditionMgr:1044 - genDependencies : Invalid condition id : LAN8742 Phy interface Condition cause : null
2026-01-09 14:31:49,102 [WARN] PackLoader:240 - Cannot read IP mode file for STMicroelectronics.X-CUBE-SFXS2LP1.4.0.0
2026-01-09 14:31:49,136 [WARN] PackLoader:240 - Cannot read IP mode file for STMicroelectronics.X-CUBE-AZRTOS-H7.3.3.0
2026-01-09 14:31:49,158 [WARN] PackLoader:240 - Cannot read IP mode file for STMicroelectronics.X-CUBE-BLEMGR.4.1.0
2026-01-09 14:31:49,183 [WARN] PackLoader:240 - Cannot read IP mode file for STMicroelectronics.X-CUBE-IPS.3.0.0
2026-01-09 14:31:49,221 [WARN] ConditionMgr:438 - getConditionDescription Invalid condition id : UX DEVICE CLASS RTOS Condition cause : null
2026-01-09 14:31:49,221 [WARN] ConditionMgr:438 - getConditionDescription Invalid condition id : UX DEVICE CLASS RTOS Condition cause : null
2026-01-09 14:31:49,223 [WARN] PackLoader:240 - Cannot read IP mode file for STMicroelectronics.X-CUBE-AZRTOS-WB.2.0.0
2026-01-09 14:31:49,224 [WARN] ConditionMgr:1044 - genDependencies : Invalid condition id : UX DEVICE CLASS RTOS Condition cause : null
2026-01-09 14:31:49,224 [WARN] ConditionMgr:1044 - genDependencies : Invalid condition id : UX DEVICE CLASS RTOS Condition cause : null
2026-01-09 14:31:49,225 [WARN] ConditionMgr:1044 - genDependencies : Invalid condition id : UX DEVICE CLASS RTOS Condition cause : null
2026-01-09 14:31:49,225 [WARN] ConditionMgr:1044 - genDependencies : Invalid condition id : UX DEVICE CLASS RTOS Condition cause : null
2026-01-09 14:31:49,225 [WARN] ConditionMgr:1044 - genDependencies : Invalid condition id : UX DEVICE CLASS RTOS Condition cause : null
2026-01-09 14:31:49,242 [WARN] PackLoader:240 - Cannot read IP mode file for STMicroelectronics.X-CUBE-GNSS1.7.0.0
2026-01-09 14:31:49,260 [WARN] PackLoader:240 - Cannot read IP mode file for STMicroelectronics.X-CUBE-GNSS1.7.0.1
2026-01-09 14:31:49,279 [WARN] PackLoader:240 - Cannot read IP mode file for STMicroelectronics.X-CUBE-TOUCHGFX.4.25.0
2026-01-09 14:31:49,302 [WARN] PackLoader:240 - Cannot read IP mode file for STMicroelectronics.FP-SNS-STBOX1.2.0.0
2026-01-09 14:31:49,327 [WARN] PackLoader:240 - Cannot read IP mode file for STMicroelectronics.X-CUBE-SUBG2.5.0.0
2026-01-09 14:31:49,370 [WARN] PackLoader:240 - Cannot read IP mode file for STMicroelectronics.X-CUBE-AZRTOS-H7RS.1.1.0
2026-01-09 14:31:49,390 [WARN] PackLoader:240 - Cannot read IP mode file for Cesanta.I-CUBE-Mongoose.7.13.0
2026-01-09 14:31:49,419 [WARN] PackLoader:240 - Cannot read IP mode file for STMicroelectronics.X-CUBE-AZRTOS-G4.2.0.0
2026-01-09 14:31:49,436 [WARN] PackLoader:240 - Cannot read IP mode file for STMicroelectronics.X-CUBE-NFC7.2.0.0
2026-01-09 14:31:49,460 [WARN] PackLoader:240 - Cannot read IP mode file for STMicroelectronics.X-CUBE-IPS.3.1.0
2026-01-09 14:31:49,482 [WARN] PackLoader:240 - Cannot read IP mode file for STMicroelectronics.X-CUBE-ALS.1.0.2
2026-01-09 14:31:49,499 [WARN] PackLoader:240 - Cannot read IP mode file for STMicroelectronics.X-CUBE-TOUCHGFX.4.24.1
2026-01-09 14:31:49,519 [WARN] PackLoader:240 - Cannot read IP mode file for STMicroelectronics.X-CUBE-STSE01.1.0.0
2026-01-09 14:31:49,542 [WARN] PackLoader:240 - Cannot read IP mode file for wolfSSL.I-CUBE-wolfTPM.3.4.0
2026-01-09 14:31:49,565 [WARN] PackLoader:240 - Cannot read IP mode file for portGmbH.I-Cube-SoM-uGOAL.1.1.0
2026-01-09 14:31:49,597 [WARN] PackLoader:240 - Cannot read IP mode file for STMicroelectronics.X-CUBE-AZRTOS-H7RS.1.0.0
2026-01-09 14:31:49,615 [WARN] PackLoader:240 - Cannot read IP mode file for STMicroelectronics.FP-ATR-ASTRA1.2.0.0
2026-01-09 14:31:49,643 [WARN] PackLoader:240 - Cannot read IP mode file for STMicroelectronics.X-CUBE-TOF1.3.4.2
2026-01-09 14:31:49,671 [WARN] PackLoader:240 - Cannot read IP mode file for STMicroelectronics.X-CUBE-TOF1.3.4.3
2026-01-09 14:31:49,705 [WARN] PackLoader:240 - Cannot read IP mode file for Infineon.AIROC-Wi-Fi-Bluetooth-STM32.1.6.1
2026-01-09 14:31:49,722 [WARN] PackLoader:240 - Cannot read IP mode file for wolfSSL.I-CUBE-wolfSSH.1.4.17
2026-01-09 14:31:49,723 [INFO] ThirdParty:978 - Integrity check success = true
2026-01-09 14:31:49,723 [INFO] IntegrityCheckThread:100 - exiting critical section [integrity check]
2026-01-09 14:31:49,723 [INFO] IntegrityCheckThread:103 - End integrity checks thread
2026-01-09 14:31:54,167 [INFO] MainUpdater:2872 - connection check result : 22
2026-01-09 14:31:57,802 [INFO] MainUpdater:2872 - connection check result : 22
2026-01-09 14:32:08,204 [INFO] MainUpdater:2872 - connection check result : 22
2026-01-09 14:32:26,978 [INFO] MainUpdater:2872 - connection check result : 22
2026-01-09 14:32:29,197 [INFO] MicroXplorer:468 - Change Database Path : 
2026-01-09 14:32:29,198 [INFO] MicroXplorer:498 - Change Database Version : DB.6.0.130
2026-01-09 14:32:29,216 [WARN] ThirdParty:871 - waiting for thirdparty lock release [close project]
2026-01-09 14:32:29,216 [INFO] ThirdParty:873 - entering critical section [close project]
2026-01-09 14:32:29,217 [INFO] ThirdParty:883 - exiting critical section [close project]
2026-01-09 14:32:29,220 [INFO] PinOutPanel:1589 - setPackage(No Configuration,No Configuration)
2026-01-09 14:32:29,226 [INFO] UtilMem:75 - Begin LoadConfig() Used Memory: 210146504 Bytes (314572800)
2026-01-09 14:32:29,228 [INFO] MicroXplorer:468 - Change Database Path : 
2026-01-09 14:32:29,228 [INFO] MicroXplorer:498 - Change Database Version : DB.6.0.130
2026-01-09 14:32:29,228 [INFO] OpenFileManager:332 - Change cursor
2026-01-09 14:32:29,278 [INFO] Mcu:2035 - Initializing MCU STM32F746ZGTx STM32F746ZGTx STM32F746ZGT6
2026-01-09 14:32:32,570 [INFO] Context:748 - Trying to add GPIOservice into a context  which must be forbidden
2026-01-09 14:32:33,447 [INFO] RtosManager:555 - Registered RTOS mode: class=CMSIS, group=RTOS, mode=CMSIS_V1, owner=FREERTOS
2026-01-09 14:32:33,448 [INFO] RtosManager:555 - Registered RTOS mode: class=CMSIS, group=RTOS2, mode=CMSIS_V2, owner=FREERTOS
2026-01-09 14:32:33,448 [INFO] RtosManager:555 - Registered RTOS mode: class=RTOS, group=Core, mode=CMSIS_V1, owner=FREERTOS
2026-01-09 14:32:33,448 [INFO] RtosManager:555 - Registered RTOS mode: class=RTOS, group=Core, mode=CMSIS_V2, owner=FREERTOS
2026-01-09 14:32:33,448 [WARN] ModelIntegratedComponent:184 - Missing modes for component STMicroelectronics:FreeRTOS:0.0.1:STMicroelectronics:RTOS:FreeRTOS:Core:::10.2.0:
2026-01-09 14:32:33,455 [WARN] ModelIntegratedComponent:63 - No mode defined for component null
2026-01-09 14:32:33,455 [WARN] ModelIntegratedComponent:63 - No mode defined for component null
2026-01-09 14:32:33,456 [WARN] ModelIntegratedComponent:63 - No mode defined for component null
2026-01-09 14:32:33,456 [WARN] ModelIntegratedComponent:63 - No mode defined for component null
2026-01-09 14:32:33,456 [WARN] ModelIntegratedComponent:63 - No mode defined for component null
2026-01-09 14:32:33,456 [WARN] ModelIntegratedComponent:63 - No mode defined for component null
2026-01-09 14:32:33,456 [WARN] ModelIntegratedComponent:63 - No mode defined for component null
2026-01-09 14:32:33,456 [WARN] ModelIntegratedComponent:63 - No mode defined for component null
2026-01-09 14:32:33,456 [WARN] ModelIntegratedComponent:63 - No mode defined for component null
2026-01-09 14:32:33,456 [WARN] ModelIntegratedComponent:63 - No mode defined for component null
2026-01-09 14:32:33,456 [WARN] ModelIntegratedComponent:63 - No mode defined for component null
2026-01-09 14:32:33,456 [WARN] ModelIntegratedComponent:63 - No mode defined for component null
2026-01-09 14:32:33,456 [WARN] ModelIntegratedComponent:63 - No mode defined for component null
2026-01-09 14:32:33,456 [WARN] ModelIntegratedComponent:63 - No mode defined for component null
2026-01-09 14:32:33,456 [WARN] ModelIntegratedComponent:63 - No mode defined for component null
2026-01-09 14:32:33,456 [WARN] ModelIntegratedComponent:63 - No mode defined for component null
2026-01-09 14:32:33,456 [WARN] ModelIntegratedComponent:63 - No mode defined for component null
2026-01-09 14:32:33,456 [WARN] ModelIntegratedComponent:63 - No mode defined for component null
2026-01-09 14:32:33,456 [WARN] ModelIntegratedComponent:63 - No mode defined for component null
2026-01-09 14:32:33,456 [WARN] ModelIntegratedComponent:63 - No mode defined for component null
2026-01-09 14:32:33,456 [WARN] ModelIntegratedComponent:63 - No mode defined for component null
2026-01-09 14:32:33,456 [WARN] ModelIntegratedComponent:63 - No mode defined for component null
2026-01-09 14:32:33,456 [WARN] ModelIntegratedComponent:63 - No mode defined for component null
2026-01-09 14:32:33,456 [WARN] ModelIntegratedComponent:63 - No mode defined for component null
2026-01-09 14:32:33,456 [WARN] ModelIntegratedComponent:63 - No mode defined for component null
2026-01-09 14:32:33,456 [WARN] ModelIntegratedComponent:63 - No mode defined for component null
2026-01-09 14:32:33,457 [WARN] ModelIntegratedComponent:63 - No mode defined for component null
2026-01-09 14:32:33,457 [WARN] ModelIntegratedComponent:63 - No mode defined for component null
2026-01-09 14:32:33,457 [WARN] ModelIntegratedComponent:63 - No mode defined for component null
2026-01-09 14:32:33,457 [WARN] ModelIntegratedComponent:63 - No mode defined for component null
2026-01-09 14:32:33,457 [WARN] ModelIntegratedComponent:63 - No mode defined for component null
2026-01-09 14:32:33,457 [WARN] ModelIntegratedComponent:63 - No mode defined for component null
2026-01-09 14:32:33,457 [WARN] ModelIntegratedComponent:63 - No mode defined for component null
2026-01-09 14:32:33,457 [WARN] ModelIntegratedComponent:63 - No mode defined for component null
2026-01-09 14:32:33,457 [WARN] ModelIntegratedComponent:63 - No mode defined for component null
2026-01-09 14:32:33,457 [WARN] ModelPack:524 - Component already loaded: STMicroelectronics:HAL Drivers:0.0.0:STMicroelectronics:Device:STMicro_Driver:XSPI:HAL::0.0.1:HAL_XSPI
2026-01-09 14:32:33,647 [INFO] ThirdPartyModel:298 - Start build external matchings
2026-01-09 14:32:34,939 [INFO] ThirdPartyModel:316 - End build external matchings
2026-01-09 14:32:34,973 [WARN] IP:2251 - Warning not found: check if there is a RefParameter without a condition.
2026-01-09 14:32:34,973 [WARN] IP:2251 - RxBufferAddress not found: check if there is a RefParameter without a condition.
2026-01-09 14:32:34,973 [WARN] IP:2251 - DESC_SIZE_UNIT not found: check if there is a RefParameter without a condition.
2026-01-09 14:32:34,974 [INFO] ImportTextPane:218 - (OptionalMessage_ERROR) IP (ETH) : Invalid parameter (PHY_Name)
2026-01-09 14:32:34,974 [INFO] ImportTextPane:218 - (OptionalMessage_ERROR) IP (ETH) : Invalid parameter (PHY_Value)
2026-01-09 14:32:34,974 [INFO] ImportTextPane:218 - (OptionalMessage_ERROR) IP (ETH) : Invalid parameter (PhyAddress)
2026-01-09 14:32:34,977 [INFO] ImportTextPane:218 - (OptionalMessage_ERROR) IP (RCC) : Invalid parameter (48MHZClocksFreq_Value)
2026-01-09 14:32:34,977 [INFO] ImportTextPane:218 - (OptionalMessage_ERROR) IP (RCC) : Invalid parameter (ADC12outputFreq_Value)
2026-01-09 14:32:34,977 [INFO] ImportTextPane:218 - (OptionalMessage_ERROR) IP (RCC) : Invalid parameter (ADC34outputFreq_Value)
2026-01-09 14:32:34,978 [INFO] ImportTextPane:218 - (OptionalMessage_ERROR) IP (RCC) : Invalid parameter (FamilyName)
2026-01-09 14:32:34,978 [INFO] ImportTextPane:218 - (OptionalMessage_ERROR) IP (RCC) : Invalid parameter (I2SClocksFreq_Value)
2026-01-09 14:32:34,978 [INFO] ImportTextPane:218 - (OptionalMessage_ERROR) IP (RCC) : Parameter (LCDTFToutputFreq_Value) has invalid value (96000000)
2026-01-09 14:32:34,978 [INFO] ImportTextPane:218 - (OptionalMessage_ERROR) IP (RCC) : Invalid parameter (MCOFreq_Value)
2026-01-09 14:32:34,979 [INFO] ImportTextPane:218 - (OptionalMessage_ERROR) IP (RCC) : Invalid parameter (PLLMCOFreq_Value)
2026-01-09 14:32:34,979 [INFO] ImportTextPane:218 - (OptionalMessage_ERROR) IP (RCC) : Invalid parameter (PLLMUL)
2026-01-09 14:32:34,979 [INFO] ImportTextPane:218 - (OptionalMessage_ERROR) IP (RCC) : Invalid parameter (PRESCALERUSB)
2026-01-09 14:32:34,980 [INFO] ImportTextPane:218 - (OptionalMessage_ERROR) IP (RCC) : Invalid parameter (RTCHSEDivFreq_Value)
2026-01-09 14:32:34,980 [INFO] ImportTextPane:218 - (OptionalMessage_ERROR) IP (RCC) : Parameter (SDMMCFreq_Value) has invalid value (72000000)
2026-01-09 14:32:34,980 [INFO] ImportTextPane:218 - (OptionalMessage_ERROR) IP (RCC) : Invalid parameter (SYSCLKSourceVirtual)
2026-01-09 14:32:34,980 [INFO] ImportTextPane:218 - (OptionalMessage_ERROR) IP (RCC) : Invalid parameter (TIM15Freq_Value)
2026-01-09 14:32:34,980 [INFO] ImportTextPane:218 - (OptionalMessage_ERROR) IP (RCC) : Invalid parameter (TIM16Freq_Value)
2026-01-09 14:32:34,980 [INFO] ImportTextPane:218 - (OptionalMessage_ERROR) IP (RCC) : Invalid parameter (TIM17Freq_Value)
2026-01-09 14:32:34,980 [INFO] ImportTextPane:218 - (OptionalMessage_ERROR) IP (RCC) : Invalid parameter (TIM1Freq_Value)
2026-01-09 14:32:34,980 [INFO] ImportTextPane:218 - (OptionalMessage_ERROR) IP (RCC) : Invalid parameter (TIM20Freq_Value)
2026-01-09 14:32:34,980 [INFO] ImportTextPane:218 - (OptionalMessage_ERROR) IP (RCC) : Invalid parameter (TIM2Freq_Value)
2026-01-09 14:32:34,980 [INFO] ImportTextPane:218 - (OptionalMessage_ERROR) IP (RCC) : Invalid parameter (TIM3Freq_Value)
2026-01-09 14:32:34,980 [INFO] ImportTextPane:218 - (OptionalMessage_ERROR) IP (RCC) : Invalid parameter (TIM8Freq_Value)
2026-01-09 14:32:34,980 [INFO] ImportTextPane:218 - (OptionalMessage_ERROR) IP (RCC) : Invalid parameter (VCOOutput2Freq_Value)
2026-01-09 14:32:34,981 [INFO] ImportTextPane:218 - (OptionalMessage_ERROR) IP (RCC) : Invalid parameter (VcooutputI2S)
2026-01-09 14:32:35,616 [INFO] ApiDb:581 - Connected to CubeFinder SQLite database (C:\Users\kamil\.stmcufinder\plugins\mcufinder\mcu\cube-finder-db.db)
2026-01-09 14:32:35,771 [INFO] ApiDb:668 - CubeFinder database Data Model version=2.1
2026-01-09 14:32:35,771 [INFO] ApiDb:669 - CubeFinder database Configuration version=3.0.39
2026-01-09 14:32:35,772 [INFO] ApiDb:670 - CubeFinder database generation date=2025-11-05 (1762334721)
2026-01-09 14:32:35,772 [INFO] ApiDb:671 - CubeFinder database FW Pack versions=[FP-ATR-ASTRA1_V2.0.0, FP-SNS-FLIGHT1_V5.1.0, FP-SNS-MOTENV1_V5.1.0, FP-SNS-MOTENVWB1_V1.4.0, FP-SNS-SMARTAG2_V1.2.0, FP-SNS-STBOX1_V2.1.0, STM32Cube_FW_C0_V1.4.0, STM32Cube_FW_F4_V1.28.3, STM32Cube_FW_F7_V1.17.4, STM32Cube_FW_G0_V1.6.2, STM32Cube_FW_G4_V1.6.1, STM32Cube_FW_H5_V1.5.1, STM32Cube_FW_H7RS_V1.3.0, STM32Cube_FW_H7_V1.12.1, STM32Cube_FW_L0_V1.12.2, STM32Cube_FW_L4_V1.18.1, STM32Cube_FW_L5_V1.6.0, STM32Cube_FW_N6_V1.3.0, STM32Cube_FW_U0_V1.3.0, STM32Cube_FW_U3_V1.2.1, STM32Cube_FW_U5_V1.8.0, STM32Cube_FW_WB0_V1.4.0, STM32Cube_FW_WBA_V1.8.0, STM32Cube_FW_WB_V1.24.0, STM32Cube_FW_WL3_V1.3.0, STM32Cube_FW_WL_V1.4.0, X-CUBE-ALGOBUILD_V1.4.0, X-CUBE-ALS_V1.0.2, X-CUBE-AZRTOS-F4_V1.1.0, X-CUBE-AZRTOS-F7_V1.1.0, X-CUBE-AZRTOS-G0_V1.1.0, X-CUBE-AZRTOS-G4_V2.0.0, X-CUBE-AZRTOS-H7RS_V1.1.0, X-CUBE-AZRTOS-H7_V3.4.0, X-CUBE-AZRTOS-L4_V2.0.0, X-CUBE-AZRTOS-L5_V2.0.0, X-CUBE-AZRTOS-WB_V2.0.0, X-CUBE-AZRTOS-WL_V2.0.0, X-CUBE-BLE1_V7.1.0, X-CUBE-BLE2_V3.3.0, X-CUBE-BLEMGR_V4.1.0, X-CUBE-EEPRMA1_V5.2.0, X-CUBE-FREERTOS_V1.3.1, X-CUBE-GNSS1_V6.0.0, X-CUBE-MEMS1_V11.3.0, X-CUBE-NFC4_V3.0.0, X-CUBE-NFC7_V2.0.0, X-CUBE-SFXS2LP1_V4.0.0, X-CUBE-ST67W61_V1.1.0, X-CUBE-SUBG2_V5.0.0, X-CUBE-TOF1_V3.4.3]
2026-01-09 14:32:35,949 [INFO] DbBoardsSqlite:226 - include board P-NUCLEO-WB55-NUCLEO as a kit item of type 'Nucleo-64'
2026-01-09 14:32:35,950 [INFO] DbBoardsSqlite:226 - include board P-NUCLEO-WB55-USBDONGLE as a kit item of type 'Nucleo USB Dongle'
2026-01-09 14:32:35,951 [INFO] DbBoardsSqlite:226 - include board STEVAL-IDP005V1 as a kit item of type 'Evaluation Board'
2026-01-09 14:32:35,952 [INFO] DbBoardsSqlite:226 - include board STEVAL-IDP005V2 as a kit item of type 'Evaluation Board'
2026-01-09 14:32:36,391 [INFO] ApiDb:240 - Found 858 in-development CPN: [B-G473E-ZEST1S, B-WB1M-WPAN1, B-WBA5M-WPAN, B-WL5M-SUBG1, NUCLEO-C031C6, NUCLEO-C051C8, NUCLEO-C071RB, NUCLEO-C092RC, NUCLEO-H503RB, NUCLEO-H533RE, NUCLEO-H563ZI, NUCLEO-H7S3L8, NUCLEO-N657X0-Q, NUCLEO-U031R8, NUCLEO-U083RC, NUCLEO-U385RG-Q, NUCLEO-U545RE-Q, NUCLEO-U5A5ZJ-Q, NUCLEO-WB05KZ, NUCLEO-WB07CC, NUCLEO-WB09KE, NUCLEO-WBA52CG, NUCLEO-WBA55CG, NUCLEO-WL33CC1, NUCLEO-WL33CC2, STEVAL-PROTEUS1, STEVAL-SMARTAG2, STEVAL-STWINBX1, STM320518-EVAL, STM32C0116-DK, STM32C011D6Y3TR, STM32C011D6Y6TR, STM32C011F4P3, STM32C011F4P6, STM32C011F4U3, STM32C011F4U6TR, STM32C011F6P3, STM32C011F6P6, STM32C011F6U3, STM32C011F6U6TR, STM32C011J4M3, STM32C011J4M6, STM32C011J6M3, STM32C011J6M6, STM32C0316-DK, STM32C031C4T3, STM32C031C4T6, STM32C031C4U3, STM32C031C4U6, STM32C031C6T3, STM32C031C6T6, STM32C031C6U3, STM32C031C6U6, STM32C031F4P3, STM32C031F4P6, STM32C031F6P3, STM32C031F6P6, STM32C031G4U3, STM32C031G4U6, STM32C031G6U3, STM32C031G6U6, STM32C031K4T3, STM32C031K4T6, STM32C031K4U3, STM32C031K4U6, STM32C031K6T3, STM32C031K6T6, STM32C031K6U3, STM32C031K6U6, STM32C051C6T6, STM32C051C6U6, STM32C051C8T6, STM32C051C8U6, STM32C051D8Y6TR, STM32C051F6P6, STM32C051F8P6, STM32C051G6U6, STM32C051G8U6, STM32C051K6T6, STM32C051K6U6, STM32C051K8T6, STM32C071C8T6, STM32C071C8T6N, STM32C071C8U6, STM32C071C8U6N, STM32C071CBT6, STM32C071CBT6N, STM32C071CBU6, STM32C071CBU6N, STM32C071F8P6, STM32C071F8P6N, STM32C071FBP6, STM32C071FBP6N, STM32C071FBY6TR, STM32C071G8U6, STM32C071G8U6N, STM32C071GBU6, STM32C071GBU6N, STM32C071K8T6, STM32C071K8T6N, STM32C071K8U6, STM32C071K8U6N, STM32C071KBT6, STM32C071KBT6N, STM32C071KBU6, STM32C071KBU6N, STM32C071R8T6, STM32C071R8T6N, STM32C071RBI6N, STM32C071RBT6, STM32C071RBT6N, STM32C091CBT6, STM32C091CBU6, STM32C091CCT6, STM32C091CCU6, STM32C091ECY6TR, STM32C091FBP6, STM32C091FCP6, STM32C091GBU6, STM32C091GCU6, STM32C091KBT6, STM32C091KBU6, STM32C091KCT6, STM32C091KCU6, STM32C091RBT6, STM32C091RCI6, STM32C091RCT6, STM32C092CBT6, STM32C092CBU6, STM32C092CCT6, STM32C092CCU6, STM32C092ECY6TR, STM32C092FBP6, STM32C092FCP6, STM32C092GBU6, STM32C092GCU6, STM32C092KBT6, STM32C092KBU6, STM32C092KCT6, STM32C092KCU6, STM32C092RBT6, STM32C092RCI6, STM32C092RCT6, STM32G071K8TXN, STM32G071K8UXN, STM32G081GBU6N, STM32G081KBT6N, STM32G081KBUXN, STM32G0B1CCT6N, STM32G0B1KCT6, STM32G0B1NEY6TR, STM32G0B1RCT6N, STM32G0C1CCT6, STM32G0C1CCT6N, STM32G0C1CCU6N, STM32G0C1CET6N, STM32G0C1CEU6N, STM32G0C1KCT6, STM32G0C1NEY6TR, STM32G0C1RCI6N, STM32G0C1RCT6N, STM32G0C1REI6N, STM32G0C1RET6N, STM32G0C1VCI6, STM32G0C1VEI6, STM32G411C6T3, STM32G411C6T6, STM32G411C6U3, STM32G411C6U6, STM32G411C8T3, STM32G411C8T6, STM32G411C8U3, STM32G411C8U6, STM32G411CBT3, STM32G411CBT6, STM32G411CBU3, STM32G411CBU6, STM32G411CCT3, STM32G411CCT6, STM32G411CCU3, STM32G411CCU6, STM32G411K6T3, STM32G411K6T6, STM32G411K6U3, STM32G411K6U6, STM32G411K8T3, STM32G411K8T6, STM32G411K8U3, STM32G411K8U6, STM32G411KBT3, STM32G411KBT6, STM32G411KBU3, STM32G411KBU6, STM32G411M6T3, STM32G411M6T6, STM32G411M8T3, STM32G411M8T6, STM32G411MBT3, STM32G411MBT6, STM32G411MCT3, STM32G411MCT6, STM32G411R6T3, STM32G411R6T6, STM32G411R8T3, STM32G411R8T6, STM32G411RBT3, STM32G411RBT6, STM32G411RCT3, STM32G411RCT6, STM32G414CBT3, STM32G414CBT6, STM32G414CBU3, STM32G414CBU6, STM32G414CCT3, STM32G414CCT6, STM32G414CCU3, STM32G414CCU6, STM32G414MBT3, STM32G414MBT6, STM32G414MCT3, STM32G414MCT6, STM32G414RBT3, STM32G414RBT6, STM32G414RCT3, STM32G414RCT6, STM32G414VBT3, STM32G414VBT6, STM32G414VCT3, STM32G414VCT6, STM32G431CBT3Z, STM32G431RBT3Z, STM32G471CCT6, STM32G471CCU6, STM32G471CET3, STM32G471CET6, STM32G471CEU3, STM32G471CEU6, STM32G471MCT6, STM32G471MET3, STM32G471MET6, STM32G471MEY6TR, STM32G471QCT6, STM32G471QET3, STM32G471RCT6, STM32G471RET3, STM32G471RET6, STM32G471VCH6, STM32G471VCI6, STM32G471VCT6, STM32G471VEH3, STM32G471VEH6, STM32G471VEI3, STM32G471VEI6, STM32G471VET3, STM32G471VET6, STM32G473QET3Z, STM32G473RET3Z, STM32G474CCT6, STM32G491RET3Z, STM32H503CBT6, STM32H503CBU6, STM32H503EBY6TR, STM32H503KBU6, STM32H503RBT6, STM32H523CCT6, STM32H523CCU6, STM32H523CET6, STM32H523CEU6, STM32H523HEY6TR, STM32H523RCT6, STM32H523RET6, STM32H523VCI6, STM32H523VCT6, STM32H523VEI6, STM32H523VET6, STM32H523ZCJ6, STM32H523ZCT6, STM32H523ZEJ6, STM32H523ZET6, STM32H533CET6, STM32H533CEU6, STM32H533HEY6TR, STM32H533RET6, STM32H533VEI6, STM32H533VET6, STM32H533ZEJ6, STM32H533ZET6, STM32H562AGI6, STM32H562AII6, STM32H562IGK6, STM32H562IGT6, STM32H562IIK6, STM32H562IIT6, STM32H562RGT6, STM32H562RGV6, STM32H562RIT6, STM32H562RIV6, STM32H562VGT6, STM32H562VIT6, STM32H562ZGT6, STM32H562ZIT6, STM32H563AGI6, STM32H563AII3Q, STM32H563AII6, STM32H563IGK6, STM32H563IGT6, STM32H563IIK3Q, STM32H563IIK6, STM32H563IIT3Q, STM32H563IIT6, STM32H563MIY3QTR, STM32H563RGT6, STM32H563RGV6, STM32H563RIT6, STM32H563RIV6, STM32H563VGT6, STM32H563VIT3Q, STM32H563VIT6, STM32H563ZGT6, STM32H563ZIT3Q, STM32H563ZIT6, STM32H573AII3Q, STM32H573AII6, STM32H573I-DK, STM32H573IIK3Q, STM32H573IIK6, STM32H573IIT3Q, STM32H573IIT6, STM32H573MIY3QTR, STM32H573RIT6, STM32H573RIV6, STM32H573VIT3Q, STM32H573VIT6, STM32H573ZIT3Q, STM32H573ZIT6, STM32H7R3A8I6, STM32H7R3I8K6, STM32H7R3I8T6, STM32H7R3L8H6, STM32H7R3L8H6H, STM32H7R3R8V6, STM32H7R3V8H6, STM32H7R3V8T6, STM32H7R3V8Y6TR, STM32H7R3Z8J6, STM32H7R3Z8T6, STM32H7R7A8I6, STM32H7R7I8K6, STM32H7R7I8T6, STM32H7R7L8H6, STM32H7R7L8H6H, STM32H7R7Z8J6, STM32H7S3A8I6, STM32H7S3I8K6, STM32H7S3I8T6, STM32H7S3L8H6, STM32H7S3L8H6H, STM32H7S3R8V6, STM32H7S3V8H6, STM32H7S3V8T6, STM32H7S3V8Y6TR, STM32H7S3Z8J6, STM32H7S3Z8T6, STM32H7S78-DK, STM32H7S7A8I6, STM32H7S7I8K6, STM32H7S7I8T6, STM32H7S7L8H6, STM32H7S7L8H6H, STM32H7S7Z8J6, STM32L4R5QGI6STR, STM32MP131AAE3, STM32MP131AAF3, STM32MP131AAG3, STM32MP131CAE3, STM32MP131CAF3, STM32MP131CAG3, STM32MP131DAE7, STM32MP131DAF7, STM32MP131DAG7, STM32MP131FAE7, STM32MP131FAF7, STM32MP131FAG7, STM32MP133AAE3, STM32MP133AAF3, STM32MP133AAG3, STM32MP133CAE3, STM32MP133CAF3, STM32MP133CAG3, STM32MP133DAE7, STM32MP133DAF7, STM32MP133DAG7, STM32MP133FAE7, STM32MP133FAF7, STM32MP133FAG7, STM32MP135AAE3, STM32MP135AAF3, STM32MP135AAG3, STM32MP135CAE3, STM32MP135CAF3, STM32MP135CAG3, STM32MP135DAE7, STM32MP135DAF7, STM32MP135DAG7, STM32MP135F-DK, STM32MP135FAE7, STM32MP135FAF7, STM32MP135FAF7T, STM32MP135FAF7U, STM32MP135FAG7, STM32MP231AAJ3, STM32MP231AAK3, STM32MP231AAL3, STM32MP231CAJ3, STM32MP231CAK3, STM32MP231CAL3, STM32MP231DAJ3, STM32MP231DAK3, STM32MP231DAL3, STM32MP231FAJ3, STM32MP231FAK3, STM32MP231FAL3, STM32MP233AAJ3, STM32MP233AAK3, STM32MP233AAL3, STM32MP233CAJ3, STM32MP233CAK3, STM32MP233CAL3, STM32MP233DAJ3, STM32MP233DAK3, STM32MP233DAL3, STM32MP233FAJ3, STM32MP233FAK3, STM32MP233FAL3, STM32MP235AAJ3, STM32MP235AAK3, STM32MP235AAL3, STM32MP235CAJ3, STM32MP235CAK3, STM32MP235CAL3, STM32MP235DAJ3, STM32MP235DAK3, STM32MP235DAL3, STM32MP235FAJ3, STM32MP235FAK3, STM32MP235FAL3, STM32MP251AAI3, STM32MP251AAJ3, STM32MP251AAK3, STM32MP251AAL3, STM32MP251CAI3, STM32MP251CAJ3, STM32MP251CAK3, STM32MP251CAL3, STM32MP251DAI3, STM32MP251DAJ3, STM32MP251DAK3, STM32MP251DAL3, STM32MP251FAI3, STM32MP251FAJ3, STM32MP251FAK3, STM32MP251FAL3, STM32MP253AAI3, STM32MP253AAJ3, STM32MP253AAK3, STM32MP253AAL3, STM32MP253CAI3, STM32MP253CAJ3, STM32MP253CAK3, STM32MP253CAL3, STM32MP253DAI3, STM32MP253DAJ3, STM32MP253DAK3, STM32MP253DAL3, STM32MP253FAI3, STM32MP253FAJ3, STM32MP253FAK3, STM32MP253FAL3, STM32MP255AAI3, STM32MP255AAJ3, STM32MP255AAK3, STM32MP255AAL3, STM32MP255CAI3, STM32MP255CAJ3, STM32MP255CAK3, STM32MP255CAL3, STM32MP255DAI3, STM32MP255DAJ3, STM32MP255DAK3, STM32MP255DAL3, STM32MP255FAI3, STM32MP255FAJ3, STM32MP255FAK3, STM32MP255FAL3, STM32MP257AAI3, STM32MP257AAJ3, STM32MP257AAK3, STM32MP257AAL3, STM32MP257CAI3, STM32MP257CAJ3, STM32MP257CAK3, STM32MP257CAL3, STM32MP257DAI3, STM32MP257DAJ3, STM32MP257DAK3, STM32MP257DAL3, STM32MP257F-DK, STM32MP257F-EV1, STM32MP257FAI3, STM32MP257FAJ3, STM32MP257FAK3, STM32MP257FAL3, STM32N645A0H3Q, STM32N645B0H3Q, STM32N645I0H3Q, STM32N645L0H3Q, STM32N645X0H3Q, STM32N645Z0H3Q, STM32N647A0H3Q, STM32N647B0H3Q, STM32N647I0H3Q, STM32N647L0H3Q, STM32N647X0H3Q, STM32N647Z0H3Q, STM32N655A0H3Q, STM32N655B0H3Q, STM32N655I0H3Q, STM32N655L0H3Q, STM32N655X0H3Q, STM32N655Z0H3Q, STM32N6570-DK, STM32N657A0H3Q, STM32N657B0H3Q, STM32N657I0H3Q, STM32N657L0H3Q, STM32N657X0H3Q, STM32N657Z0H3Q, STM32U031C6T6, STM32U031C6U6, STM32U031C8T6, STM32U031C8U6, STM32U031F4P6, STM32U031F6P6, STM32U031F8P6, STM32U031G6Y6TR, STM32U031G8Y6TR, STM32U031K4U6, STM32U031K6U6, STM32U031K8U6, STM32U031R6I6, STM32U031R6T6, STM32U031R8I6, STM32U031R8T6, STM32U073C8T6, STM32U073C8U6, STM32U073CBT6, STM32U073CBU6, STM32U073CCT6, STM32U073CCU6, STM32U073H8Y6TR, STM32U073HBY6TR, STM32U073HCY6TR, STM32U073K8U6, STM32U073KBU6, STM32U073KCU6, STM32U073M8I6, STM32U073M8T6, STM32U073MBI6, STM32U073MBT6, STM32U073MCI6, STM32U073MCT6, STM32U073R8I6, STM32U073R8T6, STM32U073RBI6, STM32U073RBT6, STM32U073RCI6, STM32U073RCT6, STM32U083C-DK, STM32U083CCT6, STM32U083CCU6, STM32U083HCY6TR, STM32U083KCU6, STM32U083MCI6, STM32U083MCT6, STM32U083RCI6, STM32U083RCT6, STM32U375CET6, STM32U375CET6Q, STM32U375CEU6, STM32U375CEU6Q, STM32U375CEY6QTR, STM32U375CGT6, STM32U375CGT6Q, STM32U375CGU6, STM32U375CGU6Q, STM32U375CGY6QTR, STM32U375KEU6, STM32U375KGU6, STM32U375REI6, STM32U375REI6Q, STM32U375RET6, STM32U375RET6Q, STM32U375REY6GTR, STM32U375REY6QTR, STM32U375RGI6, STM32U375RGI6Q, STM32U375RGT6, STM32U375RGT6Q, STM32U375RGY6GTR, STM32U375RGY6QTR, STM32U375VEI6, STM32U375VEI6Q, STM32U375VET6, STM32U375VET6Q, STM32U375VGI6, STM32U375VGI6Q, STM32U375VGT6, STM32U375VGT6Q, STM32U385CGT6, STM32U385CGT6Q, STM32U385CGU6, STM32U385CGU6Q, STM32U385CGY6QTR, STM32U385KGU6, STM32U385RGI6, STM32U385RGI6Q, STM32U385RGT6, STM32U385RGT6Q, STM32U385RGY6GTR, STM32U385RGY6QTR, STM32U385VGI6, STM32U385VGI6Q, STM32U385VGT6, STM32U385VGT6Q, STM32U535CBT6, STM32U535CBT6Q, STM32U535CBU6, STM32U535CBU6Q, STM32U535CCT6, STM32U535CCT6Q, STM32U535CCU6, STM32U535CCU6Q, STM32U535CET6, STM32U535CET6Q, STM32U535CEU6, STM32U535CEU6Q, STM32U535JEY6QTR, STM32U535NCY6QTR, STM32U535NEY6QTR, STM32U535RBI6, STM32U535RBI6Q, STM32U535RBT6, STM32U535RBT6Q, STM32U535RCI6, STM32U535RCI6Q, STM32U535RCT6, STM32U535RCT6Q, STM32U535REI6, STM32U535REI6Q, STM32U535RET6, STM32U535RET6Q, STM32U535VCI6, STM32U535VCI6Q, STM32U535VCT6, STM32U535VCT6Q, STM32U535VEI6, STM32U535VEI6Q, STM32U535VET6, STM32U535VET6Q, STM32U545CET6, STM32U545CET6Q, STM32U545CEU6, STM32U545CEU6Q, STM32U545JEY6QTR, STM32U545NEY6QTR, STM32U545REI6, STM32U545REI6Q, STM32U545RET6, STM32U545RET6Q, STM32U545VEI6, STM32U545VEI6Q, STM32U545VET6, STM32U545VET6Q, STM32U595AIH6, STM32U595AIH6Q, STM32U595AJH6, STM32U595AJH6Q, STM32U595QII6, STM32U595QII6Q, STM32U595QJI6, STM32U595QJI6Q, STM32U595RIT6, STM32U595RIT6Q, STM32U595RJT6, STM32U595RJT6Q, STM32U595VIT6, STM32U595VIT6Q, STM32U595VJT6, STM32U595VJT6Q, STM32U595ZIT6, STM32U595ZIT6Q, STM32U595ZIY6QTR, STM32U595ZJT6, STM32U595ZJT6Q, STM32U595ZJY6QTR, STM32U599BJY6QTR, STM32U599NIH6Q, STM32U599NJH6Q, STM32U599VIT6Q, STM32U599VJT6, STM32U599VJT6Q, STM32U599ZIT6Q, STM32U599ZIY6QTR, STM32U599ZJT6Q, STM32U599ZJY6QTR, STM32U5A5AJH6, STM32U5A5AJH6Q, STM32U5A5QII3Q , STM32U5A5QJI6, STM32U5A5QJI6Q, STM32U5A5RJT6, STM32U5A5RJT6Q, STM32U5A5VJT6, STM32U5A5VJT6Q, STM32U5A5ZJT6, STM32U5A5ZJT6Q, STM32U5A5ZJY6QTR, STM32U5A9BJY6QTR, STM32U5A9J-DK, STM32U5A9NJH6Q, STM32U5A9VJT6Q, STM32U5A9ZJT6Q, STM32U5A9ZJY6QTR, STM32U5F7VIT6, STM32U5F7VIT6Q, STM32U5F7VJT6, STM32U5F7VJT6Q, STM32U5F9BJY6QTR, STM32U5F9NJH6Q, STM32U5F9VIT6Q, STM32U5F9VJT6Q, STM32U5F9ZIJ6QTR, STM32U5F9ZIT6Q, STM32U5F9ZJJ6QTR, STM32U5F9ZJT6Q, STM32U5G7VJT6, STM32U5G7VJT6Q, STM32U5G9BJY6QTR, STM32U5G9J-DK1, STM32U5G9J-DK2, STM32U5G9NJH6Q, STM32U5G9VJT6Q, STM32U5G9ZJJ6QTR, STM32U5G9ZJT6Q, STM32WB05KZV6TR, STM32WB05KZV7TR, STM32WB05TZF6TR, STM32WB05TZF7TR, STM32WB06CCF6TR, STM32WB06CCF7TR, STM32WB06CCV6TR, STM32WB06CCV7TR, STM32WB06KCV6TR, STM32WB06KCV7TR, STM32WB07CCF6TR, STM32WB07CCF7TR, STM32WB07CCV6TR, STM32WB07CCV7TR, STM32WB07KCV6TR, STM32WB07KCV7TR, STM32WB09KEV6TR, STM32WB09KEV7TR, STM32WB09TEF6TR, STM32WB09TEF7TR, STM32WB1MMCH6, STM32WBA50KGU6, STM32WBA50KGU6TR, STM32WBA52CEU6, STM32WBA52CEU6TR, STM32WBA52CEU7, STM32WBA52CEU7TR, STM32WBA52CGU6, STM32WBA52CGU6TR, STM32WBA52CGU6U, STM32WBA52CGU7, STM32WBA52CGU7TR, STM32WBA52KEU6, STM32WBA52KEU6TR, STM32WBA52KGU6, STM32WBA52KGU6TR, STM32WBA54CEU6, STM32WBA54CEU6TR, STM32WBA54CEU7, STM32WBA54CEU7TR, STM32WBA54CGU6, STM32WBA54CGU6TR, STM32WBA54CGU7, STM32WBA54CGU7TR, STM32WBA54KEU6, STM32WBA54KEU6TR, STM32WBA54KEU7, STM32WBA54KEU7TR, STM32WBA54KGU6, STM32WBA54KGU6TR, STM32WBA54KGU7, STM32WBA54KGU7TR, STM32WBA55CEU6, STM32WBA55CEU6TR, STM32WBA55CEU7, STM32WBA55CEU7TR, STM32WBA55CGU6, STM32WBA55CGU6TR, STM32WBA55CGU6U, STM32WBA55CGU7, STM32WBA55CGU7TR, STM32WBA55G-DK1, STM32WBA55HEF6, STM32WBA55HEF7, STM32WBA55HGF6, STM32WBA55HGF7, STM32WBA55UEI6, STM32WBA55UEI6TR, STM32WBA55UEI7, STM32WBA55UEI7TR, STM32WBA55UGI6, STM32WBA55UGI6TR, STM32WBA55UGI7, STM32WBA55UGI7TR, STM32WBA5MJGH6TR, STM32WBA5MJGH6U, STM32WL33C8V6, STM32WL33C8V6TR, STM32WL33C8V7, STM32WL33C8V7TR, STM32WL33CBV6, STM32WL33CBV6TR, STM32WL33CBV7, STM32WL33CBV7TR, STM32WL33CCV6, STM32WL33CCV6TR, STM32WL33CCV7, STM32WL33CCV7A, STM32WL33CCV7ATR, STM32WL33CCV7TR, STM32WL33K8V6, STM32WL33K8V6TR, STM32WL33K8V7, STM32WL33K8V7TR, STM32WL33KBV6, STM32WL33KBV6TR, STM32WL33KBV7, STM32WL33KBV7TR, STM32WL33KCV6, STM32WL33KCV6TR, STM32WL33KCV7, STM32WL33KCV7TR, STM32WL5MOCH6, STM32WL5MOCH6TR]
2026-01-09 14:32:36,397 [INFO] ApiDb:668 - CubeFinder database Data Model version=2.1
2026-01-09 14:32:36,398 [INFO] ApiDb:669 - CubeFinder database Configuration version=3.0.39
2026-01-09 14:32:36,398 [INFO] ApiDb:670 - CubeFinder database generation date=2025-11-05 (1762334721)
2026-01-09 14:32:36,398 [INFO] ApiDb:671 - CubeFinder database FW Pack versions=[FP-ATR-ASTRA1_V2.0.0, FP-SNS-FLIGHT1_V5.1.0, FP-SNS-MOTENV1_V5.1.0, FP-SNS-MOTENVWB1_V1.4.0, FP-SNS-SMARTAG2_V1.2.0, FP-SNS-STBOX1_V2.1.0, STM32Cube_FW_C0_V1.4.0, STM32Cube_FW_F4_V1.28.3, STM32Cube_FW_F7_V1.17.4, STM32Cube_FW_G0_V1.6.2, STM32Cube_FW_G4_V1.6.1, STM32Cube_FW_H5_V1.5.1, STM32Cube_FW_H7RS_V1.3.0, STM32Cube_FW_H7_V1.12.1, STM32Cube_FW_L0_V1.12.2, STM32Cube_FW_L4_V1.18.1, STM32Cube_FW_L5_V1.6.0, STM32Cube_FW_N6_V1.3.0, STM32Cube_FW_U0_V1.3.0, STM32Cube_FW_U3_V1.2.1, STM32Cube_FW_U5_V1.8.0, STM32Cube_FW_WB0_V1.4.0, STM32Cube_FW_WBA_V1.8.0, STM32Cube_FW_WB_V1.24.0, STM32Cube_FW_WL3_V1.3.0, STM32Cube_FW_WL_V1.4.0, X-CUBE-ALGOBUILD_V1.4.0, X-CUBE-ALS_V1.0.2, X-CUBE-AZRTOS-F4_V1.1.0, X-CUBE-AZRTOS-F7_V1.1.0, X-CUBE-AZRTOS-G0_V1.1.0, X-CUBE-AZRTOS-G4_V2.0.0, X-CUBE-AZRTOS-H7RS_V1.1.0, X-CUBE-AZRTOS-H7_V3.4.0, X-CUBE-AZRTOS-L4_V2.0.0, X-CUBE-AZRTOS-L5_V2.0.0, X-CUBE-AZRTOS-WB_V2.0.0, X-CUBE-AZRTOS-WL_V2.0.0, X-CUBE-BLE1_V7.1.0, X-CUBE-BLE2_V3.3.0, X-CUBE-BLEMGR_V4.1.0, X-CUBE-EEPRMA1_V5.2.0, X-CUBE-FREERTOS_V1.3.1, X-CUBE-GNSS1_V6.0.0, X-CUBE-MEMS1_V11.3.0, X-CUBE-NFC4_V3.0.0, X-CUBE-NFC7_V2.0.0, X-CUBE-SFXS2LP1_V4.0.0, X-CUBE-ST67W61_V1.1.0, X-CUBE-SUBG2_V5.0.0, X-CUBE-TOF1_V3.4.3]
2026-01-09 14:32:38,828 [INFO] ApiDb:240 - Found 858 in-development CPN: [B-G473E-ZEST1S, B-WB1M-WPAN1, B-WBA5M-WPAN, B-WL5M-SUBG1, NUCLEO-C031C6, NUCLEO-C051C8, NUCLEO-C071RB, NUCLEO-C092RC, NUCLEO-H503RB, NUCLEO-H533RE, NUCLEO-H563ZI, NUCLEO-H7S3L8, NUCLEO-N657X0-Q, NUCLEO-U031R8, NUCLEO-U083RC, NUCLEO-U385RG-Q, NUCLEO-U545RE-Q, NUCLEO-U5A5ZJ-Q, NUCLEO-WB05KZ, NUCLEO-WB07CC, NUCLEO-WB09KE, NUCLEO-WBA52CG, NUCLEO-WBA55CG, NUCLEO-WL33CC1, NUCLEO-WL33CC2, STEVAL-PROTEUS1, STEVAL-SMARTAG2, STEVAL-STWINBX1, STM320518-EVAL, STM32C0116-DK, STM32C011D6Y3TR, STM32C011D6Y6TR, STM32C011F4P3, STM32C011F4P6, STM32C011F4U3, STM32C011F4U6TR, STM32C011F6P3, STM32C011F6P6, STM32C011F6U3, STM32C011F6U6TR, STM32C011J4M3, STM32C011J4M6, STM32C011J6M3, STM32C011J6M6, STM32C0316-DK, STM32C031C4T3, STM32C031C4T6, STM32C031C4U3, STM32C031C4U6, STM32C031C6T3, STM32C031C6T6, STM32C031C6U3, STM32C031C6U6, STM32C031F4P3, STM32C031F4P6, STM32C031F6P3, STM32C031F6P6, STM32C031G4U3, STM32C031G4U6, STM32C031G6U3, STM32C031G6U6, STM32C031K4T3, STM32C031K4T6, STM32C031K4U3, STM32C031K4U6, STM32C031K6T3, STM32C031K6T6, STM32C031K6U3, STM32C031K6U6, STM32C051C6T6, STM32C051C6U6, STM32C051C8T6, STM32C051C8U6, STM32C051D8Y6TR, STM32C051F6P6, STM32C051F8P6, STM32C051G6U6, STM32C051G8U6, STM32C051K6T6, STM32C051K6U6, STM32C051K8T6, STM32C071C8T6, STM32C071C8T6N, STM32C071C8U6, STM32C071C8U6N, STM32C071CBT6, STM32C071CBT6N, STM32C071CBU6, STM32C071CBU6N, STM32C071F8P6, STM32C071F8P6N, STM32C071FBP6, STM32C071FBP6N, STM32C071FBY6TR, STM32C071G8U6, STM32C071G8U6N, STM32C071GBU6, STM32C071GBU6N, STM32C071K8T6, STM32C071K8T6N, STM32C071K8U6, STM32C071K8U6N, STM32C071KBT6, STM32C071KBT6N, STM32C071KBU6, STM32C071KBU6N, STM32C071R8T6, STM32C071R8T6N, STM32C071RBI6N, STM32C071RBT6, STM32C071RBT6N, STM32C091CBT6, STM32C091CBU6, STM32C091CCT6, STM32C091CCU6, STM32C091ECY6TR, STM32C091FBP6, STM32C091FCP6, STM32C091GBU6, STM32C091GCU6, STM32C091KBT6, STM32C091KBU6, STM32C091KCT6, STM32C091KCU6, STM32C091RBT6, STM32C091RCI6, STM32C091RCT6, STM32C092CBT6, STM32C092CBU6, STM32C092CCT6, STM32C092CCU6, STM32C092ECY6TR, STM32C092FBP6, STM32C092FCP6, STM32C092GBU6, STM32C092GCU6, STM32C092KBT6, STM32C092KBU6, STM32C092KCT6, STM32C092KCU6, STM32C092RBT6, STM32C092RCI6, STM32C092RCT6, STM32G071K8TXN, STM32G071K8UXN, STM32G081GBU6N, STM32G081KBT6N, STM32G081KBUXN, STM32G0B1CCT6N, STM32G0B1KCT6, STM32G0B1NEY6TR, STM32G0B1RCT6N, STM32G0C1CCT6, STM32G0C1CCT6N, STM32G0C1CCU6N, STM32G0C1CET6N, STM32G0C1CEU6N, STM32G0C1KCT6, STM32G0C1NEY6TR, STM32G0C1RCI6N, STM32G0C1RCT6N, STM32G0C1REI6N, STM32G0C1RET6N, STM32G0C1VCI6, STM32G0C1VEI6, STM32G411C6T3, STM32G411C6T6, STM32G411C6U3, STM32G411C6U6, STM32G411C8T3, STM32G411C8T6, STM32G411C8U3, STM32G411C8U6, STM32G411CBT3, STM32G411CBT6, STM32G411CBU3, STM32G411CBU6, STM32G411CCT3, STM32G411CCT6, STM32G411CCU3, STM32G411CCU6, STM32G411K6T3, STM32G411K6T6, STM32G411K6U3, STM32G411K6U6, STM32G411K8T3, STM32G411K8T6, STM32G411K8U3, STM32G411K8U6, STM32G411KBT3, STM32G411KBT6, STM32G411KBU3, STM32G411KBU6, STM32G411M6T3, STM32G411M6T6, STM32G411M8T3, STM32G411M8T6, STM32G411MBT3, STM32G411MBT6, STM32G411MCT3, STM32G411MCT6, STM32G411R6T3, STM32G411R6T6, STM32G411R8T3, STM32G411R8T6, STM32G411RBT3, STM32G411RBT6, STM32G411RCT3, STM32G411RCT6, STM32G414CBT3, STM32G414CBT6, STM32G414CBU3, STM32G414CBU6, STM32G414CCT3, STM32G414CCT6, STM32G414CCU3, STM32G414CCU6, STM32G414MBT3, STM32G414MBT6, STM32G414MCT3, STM32G414MCT6, STM32G414RBT3, STM32G414RBT6, STM32G414RCT3, STM32G414RCT6, STM32G414VBT3, STM32G414VBT6, STM32G414VCT3, STM32G414VCT6, STM32G431CBT3Z, STM32G431RBT3Z, STM32G471CCT6, STM32G471CCU6, STM32G471CET3, STM32G471CET6, STM32G471CEU3, STM32G471CEU6, STM32G471MCT6, STM32G471MET3, STM32G471MET6, STM32G471MEY6TR, STM32G471QCT6, STM32G471QET3, STM32G471RCT6, STM32G471RET3, STM32G471RET6, STM32G471VCH6, STM32G471VCI6, STM32G471VCT6, STM32G471VEH3, STM32G471VEH6, STM32G471VEI3, STM32G471VEI6, STM32G471VET3, STM32G471VET6, STM32G473QET3Z, STM32G473RET3Z, STM32G474CCT6, STM32G491RET3Z, STM32H503CBT6, STM32H503CBU6, STM32H503EBY6TR, STM32H503KBU6, STM32H503RBT6, STM32H523CCT6, STM32H523CCU6, STM32H523CET6, STM32H523CEU6, STM32H523HEY6TR, STM32H523RCT6, STM32H523RET6, STM32H523VCI6, STM32H523VCT6, STM32H523VEI6, STM32H523VET6, STM32H523ZCJ6, STM32H523ZCT6, STM32H523ZEJ6, STM32H523ZET6, STM32H533CET6, STM32H533CEU6, STM32H533HEY6TR, STM32H533RET6, STM32H533VEI6, STM32H533VET6, STM32H533ZEJ6, STM32H533ZET6, STM32H562AGI6, STM32H562AII6, STM32H562IGK6, STM32H562IGT6, STM32H562IIK6, STM32H562IIT6, STM32H562RGT6, STM32H562RGV6, STM32H562RIT6, STM32H562RIV6, STM32H562VGT6, STM32H562VIT6, STM32H562ZGT6, STM32H562ZIT6, STM32H563AGI6, STM32H563AII3Q, STM32H563AII6, STM32H563IGK6, STM32H563IGT6, STM32H563IIK3Q, STM32H563IIK6, STM32H563IIT3Q, STM32H563IIT6, STM32H563MIY3QTR, STM32H563RGT6, STM32H563RGV6, STM32H563RIT6, STM32H563RIV6, STM32H563VGT6, STM32H563VIT3Q, STM32H563VIT6, STM32H563ZGT6, STM32H563ZIT3Q, STM32H563ZIT6, STM32H573AII3Q, STM32H573AII6, STM32H573I-DK, STM32H573IIK3Q, STM32H573IIK6, STM32H573IIT3Q, STM32H573IIT6, STM32H573MIY3QTR, STM32H573RIT6, STM32H573RIV6, STM32H573VIT3Q, STM32H573VIT6, STM32H573ZIT3Q, STM32H573ZIT6, STM32H7R3A8I6, STM32H7R3I8K6, STM32H7R3I8T6, STM32H7R3L8H6, STM32H7R3L8H6H, STM32H7R3R8V6, STM32H7R3V8H6, STM32H7R3V8T6, STM32H7R3V8Y6TR, STM32H7R3Z8J6, STM32H7R3Z8T6, STM32H7R7A8I6, STM32H7R7I8K6, STM32H7R7I8T6, STM32H7R7L8H6, STM32H7R7L8H6H, STM32H7R7Z8J6, STM32H7S3A8I6, STM32H7S3I8K6, STM32H7S3I8T6, STM32H7S3L8H6, STM32H7S3L8H6H, STM32H7S3R8V6, STM32H7S3V8H6, STM32H7S3V8T6, STM32H7S3V8Y6TR, STM32H7S3Z8J6, STM32H7S3Z8T6, STM32H7S78-DK, STM32H7S7A8I6, STM32H7S7I8K6, STM32H7S7I8T6, STM32H7S7L8H6, STM32H7S7L8H6H, STM32H7S7Z8J6, STM32L4R5QGI6STR, STM32MP131AAE3, STM32MP131AAF3, STM32MP131AAG3, STM32MP131CAE3, STM32MP131CAF3, STM32MP131CAG3, STM32MP131DAE7, STM32MP131DAF7, STM32MP131DAG7, STM32MP131FAE7, STM32MP131FAF7, STM32MP131FAG7, STM32MP133AAE3, STM32MP133AAF3, STM32MP133AAG3, STM32MP133CAE3, STM32MP133CAF3, STM32MP133CAG3, STM32MP133DAE7, STM32MP133DAF7, STM32MP133DAG7, STM32MP133FAE7, STM32MP133FAF7, STM32MP133FAG7, STM32MP135AAE3, STM32MP135AAF3, STM32MP135AAG3, STM32MP135CAE3, STM32MP135CAF3, STM32MP135CAG3, STM32MP135DAE7, STM32MP135DAF7, STM32MP135DAG7, STM32MP135F-DK, STM32MP135FAE7, STM32MP135FAF7, STM32MP135FAF7T, STM32MP135FAF7U, STM32MP135FAG7, STM32MP231AAJ3, STM32MP231AAK3, STM32MP231AAL3, STM32MP231CAJ3, STM32MP231CAK3, STM32MP231CAL3, STM32MP231DAJ3, STM32MP231DAK3, STM32MP231DAL3, STM32MP231FAJ3, STM32MP231FAK3, STM32MP231FAL3, STM32MP233AAJ3, STM32MP233AAK3, STM32MP233AAL3, STM32MP233CAJ3, STM32MP233CAK3, STM32MP233CAL3, STM32MP233DAJ3, STM32MP233DAK3, STM32MP233DAL3, STM32MP233FAJ3, STM32MP233FAK3, STM32MP233FAL3, STM32MP235AAJ3, STM32MP235AAK3, STM32MP235AAL3, STM32MP235CAJ3, STM32MP235CAK3, STM32MP235CAL3, STM32MP235DAJ3, STM32MP235DAK3, STM32MP235DAL3, STM32MP235FAJ3, STM32MP235FAK3, STM32MP235FAL3, STM32MP251AAI3, STM32MP251AAJ3, STM32MP251AAK3, STM32MP251AAL3, STM32MP251CAI3, STM32MP251CAJ3, STM32MP251CAK3, STM32MP251CAL3, STM32MP251DAI3, STM32MP251DAJ3, STM32MP251DAK3, STM32MP251DAL3, STM32MP251FAI3, STM32MP251FAJ3, STM32MP251FAK3, STM32MP251FAL3, STM32MP253AAI3, STM32MP253AAJ3, STM32MP253AAK3, STM32MP253AAL3, STM32MP253CAI3, STM32MP253CAJ3, STM32MP253CAK3, STM32MP253CAL3, STM32MP253DAI3, STM32MP253DAJ3, STM32MP253DAK3, STM32MP253DAL3, STM32MP253FAI3, STM32MP253FAJ3, STM32MP253FAK3, STM32MP253FAL3, STM32MP255AAI3, STM32MP255AAJ3, STM32MP255AAK3, STM32MP255AAL3, STM32MP255CAI3, STM32MP255CAJ3, STM32MP255CAK3, STM32MP255CAL3, STM32MP255DAI3, STM32MP255DAJ3, STM32MP255DAK3, STM32MP255DAL3, STM32MP255FAI3, STM32MP255FAJ3, STM32MP255FAK3, STM32MP255FAL3, STM32MP257AAI3, STM32MP257AAJ3, STM32MP257AAK3, STM32MP257AAL3, STM32MP257CAI3, STM32MP257CAJ3, STM32MP257CAK3, STM32MP257CAL3, STM32MP257DAI3, STM32MP257DAJ3, STM32MP257DAK3, STM32MP257DAL3, STM32MP257F-DK, STM32MP257F-EV1, STM32MP257FAI3, STM32MP257FAJ3, STM32MP257FAK3, STM32MP257FAL3, STM32N645A0H3Q, STM32N645B0H3Q, STM32N645I0H3Q, STM32N645L0H3Q, STM32N645X0H3Q, STM32N645Z0H3Q, STM32N647A0H3Q, STM32N647B0H3Q, STM32N647I0H3Q, STM32N647L0H3Q, STM32N647X0H3Q, STM32N647Z0H3Q, STM32N655A0H3Q, STM32N655B0H3Q, STM32N655I0H3Q, STM32N655L0H3Q, STM32N655X0H3Q, STM32N655Z0H3Q, STM32N6570-DK, STM32N657A0H3Q, STM32N657B0H3Q, STM32N657I0H3Q, STM32N657L0H3Q, STM32N657X0H3Q, STM32N657Z0H3Q, STM32U031C6T6, STM32U031C6U6, STM32U031C8T6, STM32U031C8U6, STM32U031F4P6, STM32U031F6P6, STM32U031F8P6, STM32U031G6Y6TR, STM32U031G8Y6TR, STM32U031K4U6, STM32U031K6U6, STM32U031K8U6, STM32U031R6I6, STM32U031R6T6, STM32U031R8I6, STM32U031R8T6, STM32U073C8T6, STM32U073C8U6, STM32U073CBT6, STM32U073CBU6, STM32U073CCT6, STM32U073CCU6, STM32U073H8Y6TR, STM32U073HBY6TR, STM32U073HCY6TR, STM32U073K8U6, STM32U073KBU6, STM32U073KCU6, STM32U073M8I6, STM32U073M8T6, STM32U073MBI6, STM32U073MBT6, STM32U073MCI6, STM32U073MCT6, STM32U073R8I6, STM32U073R8T6, STM32U073RBI6, STM32U073RBT6, STM32U073RCI6, STM32U073RCT6, STM32U083C-DK, STM32U083CCT6, STM32U083CCU6, STM32U083HCY6TR, STM32U083KCU6, STM32U083MCI6, STM32U083MCT6, STM32U083RCI6, STM32U083RCT6, STM32U375CET6, STM32U375CET6Q, STM32U375CEU6, STM32U375CEU6Q, STM32U375CEY6QTR, STM32U375CGT6, STM32U375CGT6Q, STM32U375CGU6, STM32U375CGU6Q, STM32U375CGY6QTR, STM32U375KEU6, STM32U375KGU6, STM32U375REI6, STM32U375REI6Q, STM32U375RET6, STM32U375RET6Q, STM32U375REY6GTR, STM32U375REY6QTR, STM32U375RGI6, STM32U375RGI6Q, STM32U375RGT6, STM32U375RGT6Q, STM32U375RGY6GTR, STM32U375RGY6QTR, STM32U375VEI6, STM32U375VEI6Q, STM32U375VET6, STM32U375VET6Q, STM32U375VGI6, STM32U375VGI6Q, STM32U375VGT6, STM32U375VGT6Q, STM32U385CGT6, STM32U385CGT6Q, STM32U385CGU6, STM32U385CGU6Q, STM32U385CGY6QTR, STM32U385KGU6, STM32U385RGI6, STM32U385RGI6Q, STM32U385RGT6, STM32U385RGT6Q, STM32U385RGY6GTR, STM32U385RGY6QTR, STM32U385VGI6, STM32U385VGI6Q, STM32U385VGT6, STM32U385VGT6Q, STM32U535CBT6, STM32U535CBT6Q, STM32U535CBU6, STM32U535CBU6Q, STM32U535CCT6, STM32U535CCT6Q, STM32U535CCU6, STM32U535CCU6Q, STM32U535CET6, STM32U535CET6Q, STM32U535CEU6, STM32U535CEU6Q, STM32U535JEY6QTR, STM32U535NCY6QTR, STM32U535NEY6QTR, STM32U535RBI6, STM32U535RBI6Q, STM32U535RBT6, STM32U535RBT6Q, STM32U535RCI6, STM32U535RCI6Q, STM32U535RCT6, STM32U535RCT6Q, STM32U535REI6, STM32U535REI6Q, STM32U535RET6, STM32U535RET6Q, STM32U535VCI6, STM32U535VCI6Q, STM32U535VCT6, STM32U535VCT6Q, STM32U535VEI6, STM32U535VEI6Q, STM32U535VET6, STM32U535VET6Q, STM32U545CET6, STM32U545CET6Q, STM32U545CEU6, STM32U545CEU6Q, STM32U545JEY6QTR, STM32U545NEY6QTR, STM32U545REI6, STM32U545REI6Q, STM32U545RET6, STM32U545RET6Q, STM32U545VEI6, STM32U545VEI6Q, STM32U545VET6, STM32U545VET6Q, STM32U595AIH6, STM32U595AIH6Q, STM32U595AJH6, STM32U595AJH6Q, STM32U595QII6, STM32U595QII6Q, STM32U595QJI6, STM32U595QJI6Q, STM32U595RIT6, STM32U595RIT6Q, STM32U595RJT6, STM32U595RJT6Q, STM32U595VIT6, STM32U595VIT6Q, STM32U595VJT6, STM32U595VJT6Q, STM32U595ZIT6, STM32U595ZIT6Q, STM32U595ZIY6QTR, STM32U595ZJT6, STM32U595ZJT6Q, STM32U595ZJY6QTR, STM32U599BJY6QTR, STM32U599NIH6Q, STM32U599NJH6Q, STM32U599VIT6Q, STM32U599VJT6, STM32U599VJT6Q, STM32U599ZIT6Q, STM32U599ZIY6QTR, STM32U599ZJT6Q, STM32U599ZJY6QTR, STM32U5A5AJH6, STM32U5A5AJH6Q, STM32U5A5QII3Q , STM32U5A5QJI6, STM32U5A5QJI6Q, STM32U5A5RJT6, STM32U5A5RJT6Q, STM32U5A5VJT6, STM32U5A5VJT6Q, STM32U5A5ZJT6, STM32U5A5ZJT6Q, STM32U5A5ZJY6QTR, STM32U5A9BJY6QTR, STM32U5A9J-DK, STM32U5A9NJH6Q, STM32U5A9VJT6Q, STM32U5A9ZJT6Q, STM32U5A9ZJY6QTR, STM32U5F7VIT6, STM32U5F7VIT6Q, STM32U5F7VJT6, STM32U5F7VJT6Q, STM32U5F9BJY6QTR, STM32U5F9NJH6Q, STM32U5F9VIT6Q, STM32U5F9VJT6Q, STM32U5F9ZIJ6QTR, STM32U5F9ZIT6Q, STM32U5F9ZJJ6QTR, STM32U5F9ZJT6Q, STM32U5G7VJT6, STM32U5G7VJT6Q, STM32U5G9BJY6QTR, STM32U5G9J-DK1, STM32U5G9J-DK2, STM32U5G9NJH6Q, STM32U5G9VJT6Q, STM32U5G9ZJJ6QTR, STM32U5G9ZJT6Q, STM32WB05KZV6TR, STM32WB05KZV7TR, STM32WB05TZF6TR, STM32WB05TZF7TR, STM32WB06CCF6TR, STM32WB06CCF7TR, STM32WB06CCV6TR, STM32WB06CCV7TR, STM32WB06KCV6TR, STM32WB06KCV7TR, STM32WB07CCF6TR, STM32WB07CCF7TR, STM32WB07CCV6TR, STM32WB07CCV7TR, STM32WB07KCV6TR, STM32WB07KCV7TR, STM32WB09KEV6TR, STM32WB09KEV7TR, STM32WB09TEF6TR, STM32WB09TEF7TR, STM32WB1MMCH6, STM32WBA50KGU6, STM32WBA50KGU6TR, STM32WBA52CEU6, STM32WBA52CEU6TR, STM32WBA52CEU7, STM32WBA52CEU7TR, STM32WBA52CGU6, STM32WBA52CGU6TR, STM32WBA52CGU6U, STM32WBA52CGU7, STM32WBA52CGU7TR, STM32WBA52KEU6, STM32WBA52KEU6TR, STM32WBA52KGU6, STM32WBA52KGU6TR, STM32WBA54CEU6, STM32WBA54CEU6TR, STM32WBA54CEU7, STM32WBA54CEU7TR, STM32WBA54CGU6, STM32WBA54CGU6TR, STM32WBA54CGU7, STM32WBA54CGU7TR, STM32WBA54KEU6, STM32WBA54KEU6TR, STM32WBA54KEU7, STM32WBA54KEU7TR, STM32WBA54KGU6, STM32WBA54KGU6TR, STM32WBA54KGU7, STM32WBA54KGU7TR, STM32WBA55CEU6, STM32WBA55CEU6TR, STM32WBA55CEU7, STM32WBA55CEU7TR, STM32WBA55CGU6, STM32WBA55CGU6TR, STM32WBA55CGU6U, STM32WBA55CGU7, STM32WBA55CGU7TR, STM32WBA55G-DK1, STM32WBA55HEF6, STM32WBA55HEF7, STM32WBA55HGF6, STM32WBA55HGF7, STM32WBA55UEI6, STM32WBA55UEI6TR, STM32WBA55UEI7, STM32WBA55UEI7TR, STM32WBA55UGI6, STM32WBA55UGI6TR, STM32WBA55UGI7, STM32WBA55UGI7TR, STM32WBA5MJGH6TR, STM32WBA5MJGH6U, STM32WL33C8V6, STM32WL33C8V6TR, STM32WL33C8V7, STM32WL33C8V7TR, STM32WL33CBV6, STM32WL33CBV6TR, STM32WL33CBV7, STM32WL33CBV7TR, STM32WL33CCV6, STM32WL33CCV6TR, STM32WL33CCV7, STM32WL33CCV7A, STM32WL33CCV7ATR, STM32WL33CCV7TR, STM32WL33K8V6, STM32WL33K8V6TR, STM32WL33K8V7, STM32WL33K8V7TR, STM32WL33KBV6, STM32WL33KBV6TR, STM32WL33KBV7, STM32WL33KBV7TR, STM32WL33KCV6, STM32WL33KCV6TR, STM32WL33KCV7, STM32WL33KCV7TR, STM32WL5MOCH6, STM32WL5MOCH6TR]
2026-01-09 14:32:38,836 [INFO] DbMcus:218 - Found 4817 MCUs, 4817 are supported
2026-01-09 14:32:38,849 [INFO] ApiDb:423 - Load user favorites file C:\Users\kamil/.stm32cubeide/favorites.mcus.txt: 1 item(s)
2026-01-09 14:32:38,849 [INFO] ApiDb:427 - User favorites MCUs=[STM32H743IIT6]
2026-01-09 14:32:38,849 [INFO] DbMcus:224 - Set 1 / 1 favorites MCUs
2026-01-09 14:32:39,700 [INFO] BoardInfo:889 - No configuration file found for board NUCLEO-WBA65RI
2026-01-09 14:32:39,702 [INFO] DbBoards:161 - Board is not supported: NUCLEO-WBA65RI
2026-01-09 14:32:39,718 [INFO] BoardInfo:889 - No configuration file found for board P-NUCLEO-WB55
2026-01-09 14:32:39,719 [INFO] DbBoards:161 - Kit is not supported: P-NUCLEO-WB55
2026-01-09 14:32:39,728 [INFO] BoardInfo:889 - No configuration file found for board STEVAL-BFA001V1B
2026-01-09 14:32:39,729 [INFO] DbBoards:161 - Kit is not supported: STEVAL-BFA001V1B
2026-01-09 14:32:39,730 [INFO] BoardInfo:889 - No configuration file found for board STEVAL-BFA001V2B
2026-01-09 14:32:39,732 [INFO] DbBoards:161 - Kit is not supported: STEVAL-BFA001V2B
2026-01-09 14:32:40,041 [INFO] BoardInfo:889 - No configuration file found for board STM32WBA65I-DK1
2026-01-09 14:32:40,044 [INFO] DbBoards:161 - Board is not supported: STM32WBA65I-DK1
2026-01-09 14:32:40,044 [INFO] DbBoards:168 - Found 211 boards, 206 are supported
2026-01-09 14:32:40,044 [INFO] DbBoards:169 - Found 211 boards, 42 of them is supported for  Bsp
2026-01-09 14:32:40,060 [INFO] ApiDb:423 - Load user favorites file C:\Users\kamil/.stm32cubeide/favorites.boards.txt: 1 item(s)
2026-01-09 14:32:40,060 [INFO] ApiDb:427 - User favorites Boards=[NUCLEO-F746ZG]
2026-01-09 14:32:40,060 [INFO] DbBoards:198 - Set 1 / 1 favorites Boards
2026-01-09 14:32:40,156 [INFO] UtilMem:75 - End LoadConfig() Used Memory: 353543904 Bytes (407896064)
2026-01-09 14:32:40,349 [WARN] ThirdParty:833 - waiting for thirdparty lock release [change project]
2026-01-09 14:32:40,349 [INFO] ThirdParty:835 - entering critical section [change project]
2026-01-09 14:32:40,350 [INFO] ThirdParty:1030 - CMSIS Pack Vendor :STMicroelectronics X-CUBE-PM33A1 1.0.0
2026-01-09 14:32:40,350 [INFO] ThirdParty:1030 - CMSIS Pack Vendor :STMicroelectronics USBPD 4.1
2026-01-09 14:32:40,350 [INFO] ThirdParty:1030 - CMSIS Pack Vendor :STMicroelectronics USB_HOST 2.0.0
2026-01-09 14:32:40,350 [INFO] ThirdParty:1030 - CMSIS Pack Vendor :STMicroelectronics FP-SNS-MOTENVWB1 1.4.0
2026-01-09 14:32:40,350 [INFO] ThirdParty:1030 - CMSIS Pack Vendor :STMicroelectronics X-CUBE-AZRTOS-F4 1.1.0
2026-01-09 14:32:40,350 [INFO] ThirdParty:1030 - CMSIS Pack Vendor :STMicroelectronics LIBJPEG 8.0.0
2026-01-09 14:32:40,350 [INFO] ThirdParty:1030 - CMSIS Pack Vendor :STMicroelectronics FP-ATR-ASTRA1 2.0.2
2026-01-09 14:32:40,350 [INFO] ThirdParty:1030 - CMSIS Pack Vendor :STMicroelectronics FP-ATR-ASTRA1 2.0.1
2026-01-09 14:32:40,350 [INFO] ThirdParty:1030 - CMSIS Pack Vendor :STMicroelectronics X-CUBE-SMBUS 2.1.0
2026-01-09 14:32:40,350 [INFO] ThirdParty:1030 - CMSIS Pack Vendor :STMicroelectronics X-CUBE-WB05N 1.1.0
2026-01-09 14:32:40,350 [INFO] ThirdParty:1030 - CMSIS Pack Vendor :STMicroelectronics X-CUBE-ISPU 2.1.0
2026-01-09 14:32:40,350 [INFO] ThirdParty:1030 - CMSIS Pack Vendor :STMicroelectronics X-CUBE-FREERTOS 1.2.0
2026-01-09 14:32:40,351 [INFO] ThirdParty:1030 - CMSIS Pack Vendor :STMicroelectronics X-CUBE-ST60 1.0.0
2026-01-09 14:32:40,351 [INFO] ThirdParty:1030 - CMSIS Pack Vendor :STMicroelectronics X-CUBE-NFC12 1.0.0
2026-01-09 14:32:40,351 [INFO] ThirdParty:1030 - CMSIS Pack Vendor :STMicroelectronics X-CUBE-AZRTOS-F7 1.1.0
2026-01-09 14:32:40,351 [INFO] ThirdParty:1030 - CMSIS Pack Vendor :STMicroelectronics X-CUBE-AZRTOS-L5 2.0.0
2026-01-09 14:32:40,351 [INFO] ThirdParty:1030 - CMSIS Pack Vendor :STMicroelectronics USB_DEVICE 2.0.0
2026-01-09 14:32:40,351 [INFO] ThirdParty:1030 - CMSIS Pack Vendor :STMicroelectronics X-CUBE-NFC6 3.1.0
2026-01-09 14:32:40,351 [INFO] ThirdParty:1030 - CMSIS Pack Vendor :ARM CMSIS 5.7.0
2026-01-09 14:32:40,351 [INFO] ThirdParty:1030 - CMSIS Pack Vendor :STMicroelectronics X-CUBE-MEMS1 11.0.0
2026-01-09 14:32:40,351 [INFO] ThirdParty:1030 - CMSIS Pack Vendor :STMicroelectronics FreeRTOS 0.0.1
2026-01-09 14:32:40,351 [INFO] ThirdParty:1030 - CMSIS Pack Vendor :STMicroelectronics X-CUBE-DPower 1.2.0
2026-01-09 14:32:40,351 [INFO] ThirdParty:1030 - CMSIS Pack Vendor :STMicroelectronics FP-SNS-FLIGHT1 5.0.2
2026-01-09 14:32:40,351 [INFO] ThirdParty:1030 - CMSIS Pack Vendor :STMicroelectronics PDM2PCM 3.3.0
2026-01-09 14:32:40,351 [INFO] ThirdParty:1030 - CMSIS Pack Vendor :STMicroelectronics X-CUBE-AZRTOS-H7 3.4.0
2026-01-09 14:32:40,351 [INFO] ThirdParty:1030 - CMSIS Pack Vendor :STMicroelectronics X-CUBE-DISPLAY 3.0.0
2026-01-09 14:32:40,352 [INFO] ThirdParty:1030 - CMSIS Pack Vendor :STMicroelectronics X-CUBE-BLE1 7.0.0
2026-01-09 14:32:40,352 [INFO] ThirdParty:1030 - CMSIS Pack Vendor :STMicroelectronics X-CUBE-NFC10 1.0.0
2026-01-09 14:32:40,352 [INFO] ThirdParty:1030 - CMSIS Pack Vendor :STMicroelectronics X-CUBE-BLEMGR 4.0.0
2026-01-09 14:32:40,352 [INFO] ThirdParty:1030 - CMSIS Pack Vendor :STMicroelectronics X-CUBE-FREERTOS 1.3.1
2026-01-09 14:32:40,352 [INFO] ThirdParty:1030 - CMSIS Pack Vendor :STMicroelectronics HAL Drivers 0.0.0
2026-01-09 14:32:40,352 [INFO] ThirdParty:1030 - CMSIS Pack Vendor :STMicroelectronics X-CUBE-ST60 1.1.0
2026-01-09 14:32:40,352 [INFO] ThirdParty:1030 - CMSIS Pack Vendor :emotas I-CUBE-CANOPEN 1.3.0
2026-01-09 14:32:40,352 [INFO] ThirdParty:1030 - CMSIS Pack Vendor :STMicroelectronics X-CUBE-FREERTOS 1.3.0
2026-01-09 14:32:40,352 [INFO] ThirdParty:1030 - CMSIS Pack Vendor :STMicroelectronics X-CUBE-NFC7 1.0.1
2026-01-09 14:32:40,352 [INFO] ThirdParty:1030 - CMSIS Pack Vendor :STMicroelectronics MBEDTLS 2.14.1
2026-01-09 14:32:40,352 [INFO] ThirdParty:1030 - CMSIS Pack Vendor :STMicroelectronics X-CUBE-GNSS1 7.1.0
2026-01-09 14:32:40,352 [INFO] ThirdParty:1030 - CMSIS Pack Vendor :STMicroelectronics X-CUBE-TOUCHGFX 4.26.0
2026-01-09 14:32:40,352 [INFO] ThirdParty:1030 - CMSIS Pack Vendor :STMicroelectronics X-CUBE-BLEMGR 3.1.0
2026-01-09 14:32:40,352 [INFO] ThirdParty:1030 - CMSIS Pack Vendor :STMicroelectronics X-CUBE-AI 10.0.0
2026-01-09 14:32:40,352 [INFO] ThirdParty:1030 - CMSIS Pack Vendor :STMicroelectronics FP-SNS-STAIOTCFT 1.0.0
2026-01-09 14:32:40,352 [INFO] ThirdParty:1030 - CMSIS Pack Vendor :STMicroelectronics FP-SNS-SMARTAG2 1.2.0
2026-01-09 14:32:40,352 [INFO] ThirdParty:1030 - CMSIS Pack Vendor :STMicroelectronics FP-SNS-FLIGHT1 5.1.0
2026-01-09 14:32:40,352 [INFO] ThirdParty:1030 - CMSIS Pack Vendor :STMicroelectronics X-CUBE-MEMS1 11.1.0
2026-01-09 14:32:40,352 [INFO] ThirdParty:1030 - CMSIS Pack Vendor :STMicroelectronics X-CUBE-AZRTOS-WL 2.0.0
2026-01-09 14:32:40,352 [INFO] ThirdParty:1030 - CMSIS Pack Vendor :STMicroelectronics X-CUBE-DPower 1.3.0
2026-01-09 14:32:40,353 [INFO] ThirdParty:1030 - CMSIS Pack Vendor :STMicroelectronics FP-SNS-MOTENV1 5.0.0
2026-01-09 14:32:40,353 [INFO] ThirdParty:1030 - CMSIS Pack Vendor :STMicroelectronics USB_DEVICE 1.0.0
2026-01-09 14:32:40,353 [INFO] ThirdParty:1030 - CMSIS Pack Vendor :STMicroelectronics X-CUBE-AZRTOS-H7RS 1.2.0
2026-01-09 14:32:40,353 [INFO] ThirdParty:1030 - CMSIS Pack Vendor :wolfSSL I-CUBE-wolfMQTT 1.19.0
2026-01-09 14:32:40,353 [INFO] ThirdParty:1030 - CMSIS Pack Vendor :STMicroelectronics X-CUBE-AZRTOS-L4 2.0.0
2026-01-09 14:32:40,353 [INFO] ThirdParty:1030 - CMSIS Pack Vendor :STMicroelectronics ThreadX 0.0.2
2026-01-09 14:32:40,353 [INFO] ThirdParty:1030 - CMSIS Pack Vendor :WES I-CUBE-Cesium 1.3.0
2026-01-09 14:32:40,353 [INFO] ThirdParty:1030 - CMSIS Pack Vendor :STMicroelectronics lwIP 2.1.2
2026-01-09 14:32:40,353 [INFO] ThirdParty:1030 - CMSIS Pack Vendor :STMicroelectronics X-CUBE-SFXS2LP1 4.0.0
2026-01-09 14:32:40,353 [INFO] ThirdParty:1030 - CMSIS Pack Vendor :STMicroelectronics X-CUBE-BLE2 3.3.0
2026-01-09 14:32:40,353 [INFO] ThirdParty:1030 - CMSIS Pack Vendor :Avnet-IOTCONNECT X-CUBE-iotc-st67-sdk 1.0.0
2026-01-09 14:32:40,354 [INFO] ThirdParty:1030 - CMSIS Pack Vendor :STMicroelectronics PDM2PCM 3.2.0
2026-01-09 14:32:40,354 [INFO] ThirdParty:1030 - CMSIS Pack Vendor :STMicroelectronics X-CUBE-AZRTOS-H7 3.3.0
2026-01-09 14:32:40,354 [INFO] ThirdParty:1030 - CMSIS Pack Vendor :STMicroelectronics X-CUBE-NFC9 1.0.0
2026-01-09 14:32:40,354 [INFO] ThirdParty:1030 - CMSIS Pack Vendor :STMicroelectronics X-CUBE-BLE1 7.1.0
2026-01-09 14:32:40,354 [INFO] ThirdParty:1030 - CMSIS Pack Vendor :STMicroelectronics USB_DEVICE 3.0.0
2026-01-09 14:32:40,354 [INFO] ThirdParty:1030 - CMSIS Pack Vendor :STMicroelectronics X-CUBE-TCPP 4.1.0
2026-01-09 14:32:40,355 [INFO] ThirdParty:1030 - CMSIS Pack Vendor :STMicroelectronics X-CUBE-EEPRMA1 5.2.0
2026-01-09 14:32:40,355 [INFO] ThirdParty:1030 - CMSIS Pack Vendor :STMicroelectronics X-CUBE-BLEMGR 4.1.0
2026-01-09 14:32:40,355 [INFO] ThirdParty:1030 - CMSIS Pack Vendor :STMicroelectronics X-CUBE-IPS 3.0.0
2026-01-09 14:32:40,355 [INFO] ThirdParty:1030 - CMSIS Pack Vendor :STMicroelectronics X-CUBE-AZRTOS-WB 2.0.0
2026-01-09 14:32:40,355 [INFO] ThirdParty:1030 - CMSIS Pack Vendor :STMicroelectronics X-CUBE-GNSS1 7.0.0
2026-01-09 14:32:40,355 [INFO] ThirdParty:1030 - CMSIS Pack Vendor :STMicroelectronics X-CUBE-GNSS1 7.0.1
2026-01-09 14:32:40,355 [INFO] ThirdParty:1030 - CMSIS Pack Vendor :STMicroelectronics X-CUBE-TOUCHGFX 4.25.0
2026-01-09 14:32:40,355 [INFO] ThirdParty:1030 - CMSIS Pack Vendor :STMicroelectronics FP-SNS-STBOX1 2.0.0
2026-01-09 14:32:40,355 [INFO] ThirdParty:1030 - CMSIS Pack Vendor :STMicroelectronics X-CUBE-MEMS1 12.0.0
2026-01-09 14:32:40,355 [INFO] ThirdParty:1030 - CMSIS Pack Vendor :STMicroelectronics X-CUBE-AZRTOS-G0 1.1.0
2026-01-09 14:32:40,355 [INFO] ThirdParty:1030 - CMSIS Pack Vendor :STMicroelectronics X-CUBE-SAFEA1 1.2.2
2026-01-09 14:32:40,355 [INFO] ThirdParty:1030 - CMSIS Pack Vendor :STMicroelectronics X-CUBE-NFC4 3.0.0
2026-01-09 14:32:40,355 [INFO] ThirdParty:1030 - CMSIS Pack Vendor :STMicroelectronics X-CUBE-SUBG2 5.0.0
2026-01-09 14:32:40,355 [INFO] ThirdParty:1030 - CMSIS Pack Vendor :STMicroelectronics X-CUBE-AZRTOS-H7RS 1.1.0
2026-01-09 14:32:40,355 [INFO] ThirdParty:1030 - CMSIS Pack Vendor :STMicroelectronics STM32_WPAN 1.0.0
2026-01-09 14:32:40,355 [INFO] ThirdParty:1030 - CMSIS Pack Vendor :EmbeddedOffice I-CUBE-FS-RTOS 1.0.1
2026-01-09 14:32:40,356 [INFO] ThirdParty:1030 - CMSIS Pack Vendor :STMicroelectronics lwIP 2.0.3
2026-01-09 14:32:40,356 [INFO] ThirdParty:1030 - CMSIS Pack Vendor :Cesanta I-CUBE-Mongoose 7.13.0
2026-01-09 14:32:40,356 [INFO] ThirdParty:1030 - CMSIS Pack Vendor :STMicroelectronics USB_HOST 1.0.0
2026-01-09 14:32:40,356 [INFO] ThirdParty:1030 - CMSIS Pack Vendor :STMicroelectronics X-CUBE-AZRTOS-G4 2.0.0
2026-01-09 14:32:40,356 [INFO] ThirdParty:1030 - CMSIS Pack Vendor :STMicroelectronics X-CUBE-WB05N 2.0.0
2026-01-09 14:32:40,356 [INFO] ThirdParty:1030 - CMSIS Pack Vendor :STMicroelectronics PDM2PCM 3.1.0
2026-01-09 14:32:40,356 [INFO] ThirdParty:1030 - CMSIS Pack Vendor :STMicroelectronics X-CUBE-NFC7 2.0.0
2026-01-09 14:32:40,356 [INFO] ThirdParty:1030 - CMSIS Pack Vendor :STMicroelectronics X-CUBE-TCPP 4.2.0
2026-01-09 14:32:40,356 [INFO] ThirdParty:1030 - CMSIS Pack Vendor :RealThread X-CUBE-RT-Thread_Nano 4.1.1
2026-01-09 14:32:40,356 [INFO] ThirdParty:1030 - CMSIS Pack Vendor :STMicroelectronics FP-ATR-SIGFOX1 3.2.0
2026-01-09 14:32:40,356 [INFO] ThirdParty:1030 - CMSIS Pack Vendor :wolfSSL I-CUBE-wolfSSL 5.7.2
2026-01-09 14:32:40,356 [INFO] ThirdParty:1030 - CMSIS Pack Vendor :quantropi X-CUBE-qispace-sdk-base 1.9.3
2026-01-09 14:32:40,356 [INFO] ThirdParty:1030 - CMSIS Pack Vendor :STMicroelectronics X-CUBE-EEPRMA1 5.1.0
2026-01-09 14:32:40,356 [INFO] ThirdParty:1030 - CMSIS Pack Vendor :STMicroelectronics MBEDTLS 2.16.2
2026-01-09 14:32:40,356 [INFO] ThirdParty:1030 - CMSIS Pack Vendor :STMicroelectronics X-CUBE-IPS 3.1.0
2026-01-09 14:32:40,356 [INFO] ThirdParty:1030 - CMSIS Pack Vendor :STMicroelectronics X-CUBE-ALS 1.0.2
2026-01-09 14:32:40,356 [INFO] ThirdParty:1030 - CMSIS Pack Vendor :ITTIA_DB I-CUBE-ITTIADB 8.9.0
2026-01-09 14:32:40,357 [INFO] ThirdParty:1030 - CMSIS Pack Vendor :STMicroelectronics X-CUBE-TOUCHGFX 4.24.1
2026-01-09 14:32:40,357 [INFO] ThirdParty:1030 - CMSIS Pack Vendor :STMicroelectronics X-CUBE-STSE01 1.0.0
2026-01-09 14:32:40,357 [INFO] ThirdParty:1030 - CMSIS Pack Vendor :wolfSSL I-CUBE-wolfTPM 3.4.0
2026-01-09 14:32:40,357 [INFO] ThirdParty:1030 - CMSIS Pack Vendor :portGmbH I-Cube-SoM-uGOAL 1.1.0
2026-01-09 14:32:40,357 [INFO] ThirdParty:1030 - CMSIS Pack Vendor :STMicroelectronics X-CUBE-ST67W61 1.0.0
2026-01-09 14:32:40,357 [INFO] ThirdParty:1030 - CMSIS Pack Vendor :STMicroelectronics X-CUBE-AI 10.2.0
2026-01-09 14:32:40,357 [INFO] ThirdParty:1030 - CMSIS Pack Vendor :STMicroelectronics ThreadX 1.0.0
2026-01-09 14:32:40,357 [INFO] ThirdParty:1030 - CMSIS Pack Vendor :SEGGER I-CUBE-embOS 1.3.1
2026-01-09 14:32:40,357 [INFO] ThirdParty:1030 - CMSIS Pack Vendor :STMicroelectronics X-CUBE-ALGOBUILD 1.4.0
2026-01-09 14:32:40,357 [INFO] ThirdParty:1030 - CMSIS Pack Vendor :STMicroelectronics X-CUBE-MEMS1 11.3.0
2026-01-09 14:32:40,357 [INFO] ThirdParty:1030 - CMSIS Pack Vendor :STMicroelectronics X-CUBE-AZRTOS-H7RS 1.0.0
2026-01-09 14:32:40,357 [INFO] ThirdParty:1030 - CMSIS Pack Vendor :STMicroelectronics FP-ATR-ASTRA1 2.0.0
2026-01-09 14:32:40,357 [INFO] ThirdParty:1030 - CMSIS Pack Vendor :STMicroelectronics X-CUBE-TOF1 3.4.2
2026-01-09 14:32:40,357 [INFO] ThirdParty:1030 - CMSIS Pack Vendor :STMicroelectronics X-CUBE-TOF1 3.4.3
2026-01-09 14:32:40,357 [INFO] ThirdParty:1030 - CMSIS Pack Vendor :STMicroelectronics X-CUBE-AI 9.1.0
2026-01-09 14:32:40,357 [INFO] ThirdParty:1030 - CMSIS Pack Vendor :Infineon AIROC-Wi-Fi-Bluetooth-STM32 1.6.1
2026-01-09 14:32:40,357 [INFO] ThirdParty:1030 - CMSIS Pack Vendor :wolfSSL I-CUBE-wolfSSH 1.4.17
2026-01-09 14:32:40,357 [INFO] ThirdParty:841 - exiting critical section [change project]
2026-01-09 14:32:41,052 [INFO] PinOutPanel:1589 - setPackage(No Configuration,No Configuration)
2026-01-09 14:32:41,057 [INFO] PinOutPanel:1589 - setPackage(STM32F746ZGTx,LQFP144)
2026-01-09 14:32:42,061 [INFO] UtilMem:75 - Before build in PCC Used Memory: 275518576 Bytes (460324864)
2026-01-09 14:32:43,081 [INFO] UtilMem:75 - After build in PCC Used Memory: 349967472 Bytes (460324864)
2026-01-09 14:32:43,119 [INFO] IPUIPlugin:80 - create IPUIPlugin
2026-01-09 14:32:43,119 [INFO] IPUIPlugin:80 - create IPUIPlugin
2026-01-09 14:32:43,119 [INFO] IPUIPlugin:80 - create IPUIPlugin
2026-01-09 14:32:43,119 [INFO] IPUIPlugin:80 - create IPUIPlugin
2026-01-09 14:32:43,120 [INFO] IPUIPlugin:80 - create IPUIPlugin
2026-01-09 14:32:43,120 [INFO] IPUIPlugin:80 - create IPUIPlugin
2026-01-09 14:32:43,120 [INFO] IPUIPlugin:80 - create IPUIPlugin
2026-01-09 14:32:43,120 [INFO] IPUIPlugin:80 - create IPUIPlugin
2026-01-09 14:32:43,120 [INFO] IPUIPlugin:80 - create IPUIPlugin
2026-01-09 14:32:43,120 [INFO] IPUIPlugin:80 - create IPUIPlugin
2026-01-09 14:32:43,120 [INFO] IPUIPlugin:80 - create IPUIPlugin
2026-01-09 14:32:43,120 [INFO] IPUIPlugin:80 - create IPUIPlugin
2026-01-09 14:32:43,120 [INFO] IPUIPlugin:80 - create IPUIPlugin
2026-01-09 14:32:43,120 [INFO] IPUIPlugin:80 - create IPUIPlugin
2026-01-09 14:32:43,121 [INFO] IPUIPlugin:80 - create IPUIPlugin
2026-01-09 14:32:43,121 [INFO] IPUIPlugin:80 - create IPUIPlugin
2026-01-09 14:32:43,121 [INFO] IPUIPlugin:80 - create IPUIPlugin
2026-01-09 14:32:43,121 [INFO] IPUIPlugin:80 - create IPUIPlugin
2026-01-09 14:32:43,121 [INFO] IPUIPlugin:80 - create IPUIPlugin
2026-01-09 14:32:43,121 [INFO] IPUIPlugin:80 - create IPUIPlugin
2026-01-09 14:32:43,121 [INFO] IPUIPlugin:80 - create IPUIPlugin
2026-01-09 14:32:43,121 [INFO] IPUIPlugin:80 - create IPUIPlugin
2026-01-09 14:32:43,121 [INFO] IPUIPlugin:80 - create IPUIPlugin
2026-01-09 14:32:43,121 [INFO] IPUIPlugin:80 - create IPUIPlugin
2026-01-09 14:32:43,122 [INFO] IPUIPlugin:80 - create IPUIPlugin
2026-01-09 14:32:43,122 [INFO] IPUIPlugin:80 - create IPUIPlugin
2026-01-09 14:32:43,122 [INFO] IPUIPlugin:80 - create IPUIPlugin
2026-01-09 14:32:43,122 [INFO] IPUIPlugin:80 - create IPUIPlugin
2026-01-09 14:32:43,122 [INFO] IPUIPlugin:80 - create IPUIPlugin
2026-01-09 14:32:43,123 [INFO] IPUIPlugin:80 - create IPUIPlugin
2026-01-09 14:32:43,123 [INFO] IPUIPlugin:80 - create IPUIPlugin
2026-01-09 14:32:43,123 [INFO] IPUIPlugin:80 - create IPUIPlugin
2026-01-09 14:32:43,123 [INFO] IPUIPlugin:80 - create IPUIPlugin
2026-01-09 14:32:43,123 [INFO] IPUIPlugin:80 - create IPUIPlugin
2026-01-09 14:32:43,124 [INFO] IPUIPlugin:80 - create IPUIPlugin
2026-01-09 14:32:43,124 [INFO] IPUIPlugin:80 - create IPUIPlugin
2026-01-09 14:32:43,124 [INFO] IPUIPlugin:80 - create IPUIPlugin
2026-01-09 14:32:43,125 [INFO] IPUIPlugin:80 - create IPUIPlugin
2026-01-09 14:32:43,125 [INFO] IPUIPlugin:80 - create IPUIPlugin
2026-01-09 14:32:43,125 [INFO] IPUIPlugin:80 - create IPUIPlugin
2026-01-09 14:32:43,125 [INFO] IPUIPlugin:80 - create IPUIPlugin
2026-01-09 14:32:43,125 [INFO] IPUIPlugin:80 - create IPUIPlugin
2026-01-09 14:32:43,126 [INFO] IPUIPlugin:80 - create IPUIPlugin
2026-01-09 14:32:43,126 [INFO] IPUIPlugin:80 - create IPUIPlugin
2026-01-09 14:32:43,126 [INFO] IPUIPlugin:80 - create IPUIPlugin
2026-01-09 14:32:43,126 [INFO] IPUIPlugin:80 - create IPUIPlugin
2026-01-09 14:32:43,126 [INFO] IPUIPlugin:80 - create IPUIPlugin
2026-01-09 14:32:43,127 [INFO] IPUIPlugin:80 - create IPUIPlugin
2026-01-09 14:32:43,127 [INFO] IPUIPlugin:80 - create IPUIPlugin
2026-01-09 14:32:43,127 [INFO] IPUIPlugin:80 - create IPUIPlugin
2026-01-09 14:32:43,127 [INFO] IPUIPlugin:80 - create IPUIPlugin
2026-01-09 14:32:43,127 [INFO] IPUIPlugin:80 - create IPUIPlugin
2026-01-09 14:32:43,128 [INFO] IPUIPlugin:80 - create IPUIPlugin
2026-01-09 14:32:43,128 [INFO] IPUIPlugin:80 - create IPUIPlugin
2026-01-09 14:32:43,128 [INFO] IPUIPlugin:80 - create IPUIPlugin
2026-01-09 14:32:43,128 [INFO] IPUIPlugin:80 - create IPUIPlugin
2026-01-09 14:32:43,128 [INFO] IPUIPlugin:80 - create IPUIPlugin
2026-01-09 14:32:43,129 [INFO] IPUIPlugin:80 - create IPUIPlugin
2026-01-09 14:32:43,129 [INFO] IPUIPlugin:80 - create IPUIPlugin
2026-01-09 14:32:43,129 [INFO] IPUIPlugin:80 - create IPUIPlugin
2026-01-09 14:32:43,129 [INFO] IPUIPlugin:80 - create IPUIPlugin
2026-01-09 14:32:43,130 [INFO] IPUIPlugin:80 - create IPUIPlugin
2026-01-09 14:32:43,130 [INFO] IPUIPlugin:80 - create IPUIPlugin
2026-01-09 14:32:43,130 [INFO] IPUIPlugin:80 - create IPUIPlugin
2026-01-09 14:32:43,131 [INFO] IPUIPlugin:80 - create IPUIPlugin
2026-01-09 14:32:43,131 [INFO] IPUIPlugin:80 - create IPUIPlugin
2026-01-09 14:32:43,131 [INFO] IPUIPlugin:80 - create IPUIPlugin
2026-01-09 14:32:43,131 [INFO] IPUIPlugin:80 - create IPUIPlugin
2026-01-09 14:32:43,132 [INFO] IPUIPlugin:80 - create IPUIPlugin
2026-01-09 14:32:43,132 [INFO] IPUIPlugin:80 - create IPUIPlugin
2026-01-09 14:32:43,132 [INFO] IPUIPlugin:80 - create IPUIPlugin
2026-01-09 14:32:43,133 [INFO] IPUIPlugin:80 - create IPUIPlugin
2026-01-09 14:32:43,133 [INFO] IPUIPlugin:80 - create IPUIPlugin
2026-01-09 14:32:43,133 [INFO] IPUIPlugin:80 - create IPUIPlugin
2026-01-09 14:32:43,238 [INFO] ApiDbMcu:508 - Load IP Config File for PDM2PCM
2026-01-09 14:32:43,249 [INFO] Can:71 - Can Add PropertyChangeListener com.st.microxplorer.plugins.ip.can.Can@6c219e12
2026-01-09 14:32:43,562 [INFO] CADModel:165 - CPN selected for project levelSTM32F746ZGT6
2026-01-09 14:32:43,562 [INFO] CADModel:114 - Register for checkConnection events
2026-01-09 14:32:43,619 [INFO] OpenFileManager:363 - Restore cursor
2026-01-09 14:32:43,949 [WARN] IP:2251 - Warning not found: check if there is a RefParameter without a condition.
2026-01-09 14:32:43,949 [WARN] IP:2251 - RxBufferAddress not found: check if there is a RefParameter without a condition.
2026-01-09 14:32:43,950 [WARN] IP:2251 - DESC_SIZE_UNIT not found: check if there is a RefParameter without a condition.
2026-01-09 14:32:43,951 [WARN] IP:2251 - Warning not found: check if there is a RefParameter without a condition.
2026-01-09 14:32:43,951 [WARN] IP:2251 - RxBufferAddress not found: check if there is a RefParameter without a condition.
2026-01-09 14:32:43,951 [WARN] IP:2251 - DESC_SIZE_UNIT not found: check if there is a RefParameter without a condition.
2026-01-09 14:32:53,631 [INFO] UtilMem:75 - End SaveConfig() Used Memory: 362557664 Bytes (460324864)
2026-01-09 14:32:53,753 [ERROR] ConfigurationRetriever:142 - IOException on connection: sw-center.st.com
2026-01-09 14:32:53,754 [ERROR] ConfigurationRetriever:142 - IOException on connection: sw-center.st.com
2026-01-09 14:32:53,754 [ERROR] ConfigurationRetriever:142 - IOException on connection: sw-center.st.com
2026-01-09 14:32:55,474 [INFO] BlockDiagram:2766 - set Specific Code input for plugin: CAN
2026-01-09 14:32:55,474 [INFO] BlockDiagram:2766 - set Specific Code input for plugin: SYS
2026-01-09 14:32:55,474 [INFO] BlockDiagram:2766 - set Specific Code input for plugin: RCC
2026-01-09 14:32:55,474 [INFO] BlockDiagram:2766 - set Specific Code input for plugin: I2C
2026-01-09 14:32:55,474 [INFO] BlockDiagram:2766 - set Specific Code input for plugin: USB_OTG_FS
2026-01-09 14:32:55,474 [INFO] BlockDiagram:2766 - set Specific Code input for plugin: NVIC
2026-01-09 14:32:55,474 [INFO] BlockDiagram:2766 - set Specific Code input for plugin: USART
2026-01-09 14:32:55,475 [INFO] BlockDiagram:2766 - set Specific Code input for plugin: GPIO
2026-01-09 14:32:55,476 [INFO] BlockDiagram:2766 - set Specific Code input for plugin: ETH
2026-01-09 14:32:55,477 [INFO] CodeGenerator:896 - code generatio: config db path: C:\ST\STM32CubeIDE_1.17.0\STM32CubeIDE\plugins\com.st.stm32cube.common.mx_6.13.0.202411220809\\db\
2026-01-09 14:32:55,488 [WARN] IP:2251 - Warning not found: check if there is a RefParameter without a condition.
2026-01-09 14:32:55,488 [WARN] IP:2251 - RxBufferAddress not found: check if there is a RefParameter without a condition.
2026-01-09 14:32:55,489 [WARN] IP:2251 - DESC_SIZE_UNIT not found: check if there is a RefParameter without a condition.
2026-01-09 14:32:55,849 [INFO] CodeEngine:255 - oldGeneratedFile, C:\Users\kamil\STM32CubeIDE\workspace_1.17.0\WIELKI_TEST\MXTmpFiles\license.tmp_save
2026-01-09 14:32:56,336 [INFO] CodeEngine:279 - Generated code: C:\Users\kamil\STM32CubeIDE\workspace_1.17.0\WIELKI_TEST\MXTmpFiles\license.tmp
2026-01-09 14:32:56,529 [INFO] CodeEngine:255 - oldGeneratedFile, C:\Users\kamil\STM32CubeIDE\workspace_1.17.0\WIELKI_TEST\MXTmpFiles\gpio.tmp_save
2026-01-09 14:32:56,713 [INFO] CodeEngine:279 - Generated code: C:\Users\kamil\STM32CubeIDE\workspace_1.17.0\WIELKI_TEST\MXTmpFiles\gpio.tmp
2026-01-09 14:32:57,421 [WARN] IPConfigManager:3034 - Warning: the RefConfig PWREx_EnableUSBVoltageDetector is not available in your config.xml file
2026-01-09 14:32:57,463 [INFO] CodeEngine:255 - oldGeneratedFile, C:\Users\kamil\STM32CubeIDE\workspace_1.17.0\WIELKI_TEST\MXTmpFiles\cortex.tmp_save
2026-01-09 14:32:57,600 [INFO] CodeEngine:279 - Generated code: C:\Users\kamil\STM32CubeIDE\workspace_1.17.0\WIELKI_TEST\MXTmpFiles\cortex.tmp
2026-01-09 14:32:57,667 [INFO] CodeEngine:255 - oldGeneratedFile, C:\Users\kamil\STM32CubeIDE\workspace_1.17.0\WIELKI_TEST\Core\Src\stm32f7xx_it.c_save
2026-01-09 14:32:57,897 [INFO] CodeEngine:279 - Generated code: C:\Users\kamil\STM32CubeIDE\workspace_1.17.0\WIELKI_TEST\Core\Src\stm32f7xx_it.c
2026-01-09 14:32:57,936 [INFO] CodeEngine:255 - oldGeneratedFile, C:\Users\kamil\STM32CubeIDE\workspace_1.17.0\WIELKI_TEST\Core\Inc\stm32f7xx_it.h_save
2026-01-09 14:32:58,060 [INFO] CodeEngine:279 - Generated code: C:\Users\kamil\STM32CubeIDE\workspace_1.17.0\WIELKI_TEST\Core\Inc\stm32f7xx_it.h
2026-01-09 14:32:58,121 [INFO] CodeEngine:255 - oldGeneratedFile, C:\Users\kamil\STM32CubeIDE\workspace_1.17.0\WIELKI_TEST\Core\Src\stm32f7xx_hal_msp.c_save
2026-01-09 14:32:58,356 [INFO] CodeEngine:279 - Generated code: C:\Users\kamil\STM32CubeIDE\workspace_1.17.0\WIELKI_TEST\Core\Src\stm32f7xx_hal_msp.c
2026-01-09 14:32:58,387 [INFO] CodeEngine:255 - oldGeneratedFile, C:\Users\kamil\STM32CubeIDE\workspace_1.17.0\WIELKI_TEST\MXTmpFiles\system.tmp_save
2026-01-09 14:32:58,489 [INFO] CodeEngine:279 - Generated code: C:\Users\kamil\STM32CubeIDE\workspace_1.17.0\WIELKI_TEST\MXTmpFiles\system.tmp
2026-01-09 14:32:58,539 [INFO] CodeEngine:311 - oldGeneratedFile, C:\Users\kamil\STM32CubeIDE\workspace_1.17.0\WIELKI_TEST\Core\Inc\stm32f7xx_hal_conf.h_save
2026-01-09 14:32:58,680 [INFO] CodeEngine:335 - Generated code: C:\Users\kamil\STM32CubeIDE\workspace_1.17.0\WIELKI_TEST\Core\Inc\stm32f7xx_hal_conf.h
2026-01-09 14:32:58,742 [INFO] ApiDbMcu:508 - Load IP Config File for CAN1
2026-01-09 14:32:58,756 [INFO] ApiDbMcu:508 - Load IP Config File for ETH
2026-01-09 14:32:58,759 [INFO] ApiDbMcu:508 - Load IP Config File for I2C1
2026-01-09 14:32:58,764 [INFO] ApiDbMcu:508 - Load IP Config File for USART3
2026-01-09 14:32:58,767 [INFO] ApiDbMcu:508 - Load IP Config File for USB_OTG_FS
2026-01-09 14:32:58,770 [INFO] ApiDbMcu:508 - Load IP Config File for RCC
2026-01-09 14:32:58,775 [WARN] IPConfigManager:3618 - IP not found : USB_OTG
2026-01-09 14:32:58,777 [WARN] CodeGenerator:4152 - IP not found : null
2026-01-09 14:32:58,822 [INFO] CodeEngine:255 - oldGeneratedFile, C:\Users\kamil\STM32CubeIDE\workspace_1.17.0\WIELKI_TEST\Core\Inc\main.h_save
2026-01-09 14:32:58,979 [INFO] CodeEngine:279 - Generated code: C:\Users\kamil\STM32CubeIDE\workspace_1.17.0\WIELKI_TEST\Core\Inc\main.h
2026-01-09 14:32:59,025 [INFO] CodeEngine:255 - oldGeneratedFile, C:\Users\kamil\STM32CubeIDE\workspace_1.17.0\WIELKI_TEST\Core\Src\main.c_save
2026-01-09 14:32:59,244 [INFO] CodeEngine:279 - Generated code: C:\Users\kamil\STM32CubeIDE\workspace_1.17.0\WIELKI_TEST\Core\Src\main.c
2026-01-09 14:32:59,856 [INFO] ProjectBuilder:3289 - Time for Copy HAL[1] : 395mS.
2026-01-09 14:32:59,865 [INFO] ProjectBuilder:4876 - Project Generator version: 4.5.0-RC5
2026-01-09 14:32:59,990 [INFO] ConfigFileManager:1579 - The Die is : DIE449
2026-01-09 14:33:00,021 [INFO] ApiDbMcu:508 - Load IP Config File for FATFS
2026-01-09 14:33:00,049 [INFO] ApiDbMcu:508 - Load IP Config File for FREERTOS
2026-01-09 14:33:00,073 [INFO] ApiDbMcu:508 - Load IP Config File for LIBJPEG
2026-01-09 14:33:00,101 [INFO] ApiDbMcu:508 - Load IP Config File for LWIP
2026-01-09 14:33:00,128 [INFO] ApiDbMcu:508 - Load IP Config File for MBEDTLS
2026-01-09 14:33:00,156 [INFO] ApiDbMcu:508 - Load IP Config File for USB_DEVICE
2026-01-09 14:33:00,179 [INFO] ApiDbMcu:508 - Load IP Config File for USB_HOST
2026-01-09 14:33:01,322 [INFO] LogOutputStream:77 - [STDOUT_REDIRECT] 
2026-01-09 14:33:04,250 [INFO] ProjectBuilder:5154 - Time for Generating toolchain IDE Files: 4385mS.
2026-01-09 14:33:04,251 [INFO] ProjectBuilder:3146 - Time for Copy CMSIS : 0mS.
2026-01-09 14:33:04,254 [INFO] ProjectBuilder:3146 - Time for Copy CMSIS : 0mS.
2026-01-09 14:33:32,888 [ERROR] ConfigurationRetriever:142 - IOException on connection: sw-center.st.com
2026-01-09 14:33:32,889 [ERROR] ConfigurationRetriever:142 - IOException on connection: sw-center.st.com
2026-01-09 14:33:32,890 [ERROR] ConfigurationRetriever:142 - IOException on connection: sw-center.st.com
2026-01-09 14:33:50,950 [ERROR] ConfigurationRetriever:142 - IOException on connection: sw-center.st.com
2026-01-09 14:33:50,951 [ERROR] ConfigurationRetriever:142 - IOException on connection: sw-center.st.com
2026-01-09 14:33:50,952 [ERROR] ConfigurationRetriever:142 - IOException on connection: sw-center.st.com
2026-01-09 14:36:52,557 [ERROR] ConfigurationRetriever:142 - IOException on connection: sw-center.st.com
2026-01-09 14:36:52,558 [ERROR] ConfigurationRetriever:142 - IOException on connection: sw-center.st.com
2026-01-09 14:36:52,559 [ERROR] ConfigurationRetriever:142 - IOException on connection: sw-center.st.com
2026-01-09 15:04:24,003 [INFO] Activator:176 - 


2026-01-09 15:04:24,005 [INFO] Activator:177 - !SESSION log4j initialized
2026-01-09 15:04:29,114 [INFO] LogOutputStream:77 - [STDOUT_REDIRECT] 
2026-01-09 15:04:30,148 [INFO] ApplicationProperties:184 - Using Application install path: C:\ST\STM32CubeIDE_1.17.0\STM32CubeIDE\plugins\com.st.stm32cube.common.mx_6.13.0.202411220809
2026-01-09 15:04:30,164 [INFO] DbMcusXml:78 - Set database path to: C:\ST\STM32CubeIDE_1.17.0\STM32CubeIDE\plugins\com.st.stm32cube.common.mx_6.13.0.202411220809\\db\/mcu/
2026-01-09 15:04:30,164 [INFO] ApiDb:274 - Set plugin database path to: C:\ST\STM32CubeIDE_1.17.0\STM32CubeIDE\plugins\com.st.stm32cube.common.mx_6.13.0.202411220809\\db\/plugins/boardmanager/
2026-01-09 15:04:30,164 [WARN] ApiDb:259 - Overriding images path with different value:  => C:\ST\STM32CubeIDE_1.17.0\STM32CubeIDE\plugins\com.st.stm32cube.common.mx_6.13.0.202411220809\\db\/plugins/mcufinder/images/
2026-01-09 15:04:30,169 [INFO] ApiDb:250 - Set database path to: C:\Users\kamil\.stmcufinder\plugins\mcufinder//mcu/
2026-01-09 15:04:30,171 [INFO] DbMcusAds:125 - Set database path to: C:\Users\kamil\.stmcufinder\plugins\mcufinder//mcu/
2026-01-09 15:04:30,173 [INFO] CrossReferenceDbSqlite:203 - Set database path to: C:\Users\kamil\.stmcufinder\plugins\mcufinder//mcu/cs/
2026-01-09 15:04:30,292 [INFO] RulesReader:64 - Compatibility file has been processed (297 Rules)
2026-01-09 15:04:30,378 [INFO] DbMcusXml:78 - Set database path to: C:\ST\STM32CubeIDE_1.17.0\STM32CubeIDE\plugins\com.st.stm32cube.common.mx_6.13.0.202411220809\\db\/mcu/
2026-01-09 15:04:30,378 [INFO] ApiDb:274 - Set plugin database path to: C:\ST\STM32CubeIDE_1.17.0\STM32CubeIDE\plugins\com.st.stm32cube.common.mx_6.13.0.202411220809\\db\/plugins/boardmanager/
2026-01-09 15:04:30,378 [INFO] ApiDb:261 - Set plugin images path to: C:\ST\STM32CubeIDE_1.17.0\STM32CubeIDE\plugins\com.st.stm32cube.common.mx_6.13.0.202411220809\\db\/plugins/mcufinder/images/
2026-01-09 15:04:30,378 [WARN] DbFile:41 - Overriding database path with different value: C:\Users\kamil\.stmcufinder\plugins\mcufinder/ => C:\Users\kamil\.stmcufinder\plugins\mcufinder
2026-01-09 15:04:30,378 [INFO] ApiDb:250 - Set database path to: C:\Users\kamil\.stmcufinder\plugins\mcufinder//mcu/
2026-01-09 15:04:30,378 [WARN] DbFile:41 - Overriding database path with different value: C:\Users\kamil\.stmcufinder\plugins\mcufinder/ => C:\Users\kamil\.stmcufinder\plugins\mcufinder
2026-01-09 15:04:30,379 [INFO] DbMcusAds:125 - Set database path to: C:\Users\kamil\.stmcufinder\plugins\mcufinder//mcu/
2026-01-09 15:04:30,379 [WARN] DbFile:41 - Overriding database path with different value: C:\Users\kamil\.stmcufinder\plugins\mcufinder/ => C:\Users\kamil\.stmcufinder\plugins\mcufinder
2026-01-09 15:04:30,379 [WARN] DbFile:41 - Overriding database path with different value: C:\Users\kamil\.stmcufinder\plugins\mcufinder/ => C:\Users\kamil\.stmcufinder\plugins\mcufinder
2026-01-09 15:04:30,379 [INFO] CrossReferenceDbSqlite:203 - Set database path to: C:\Users\kamil\.stmcufinder\plugins\mcufinder//mcu/cs/
2026-01-09 15:04:30,455 [INFO] MainPanel:272 - HeapMemory: 269484032
2026-01-09 15:04:30,526 [INFO] DbMcusXml:78 - Set database path to: C:\ST\STM32CubeIDE_1.17.0\STM32CubeIDE\plugins\com.st.stm32cube.common.mx_6.13.0.202411220809\\db\/mcu/
2026-01-09 15:04:30,526 [INFO] ApiDb:274 - Set plugin database path to: C:\ST\STM32CubeIDE_1.17.0\STM32CubeIDE\plugins\com.st.stm32cube.common.mx_6.13.0.202411220809\\db\/plugins/boardmanager/
2026-01-09 15:04:30,527 [INFO] ApiDb:261 - Set plugin images path to: C:\ST\STM32CubeIDE_1.17.0\STM32CubeIDE\plugins\com.st.stm32cube.common.mx_6.13.0.202411220809\\db\/plugins/mcufinder/images/
2026-01-09 15:04:30,527 [WARN] DbFile:41 - Overriding database path with different value: C:\Users\kamil\.stmcufinder\plugins\mcufinder/ => C:\Users\kamil\.stmcufinder\plugins\mcufinder
2026-01-09 15:04:30,527 [INFO] ApiDb:250 - Set database path to: C:\Users\kamil\.stmcufinder\plugins\mcufinder//mcu/
2026-01-09 15:04:30,527 [WARN] DbFile:41 - Overriding database path with different value: C:\Users\kamil\.stmcufinder\plugins\mcufinder/ => C:\Users\kamil\.stmcufinder\plugins\mcufinder
2026-01-09 15:04:30,527 [INFO] DbMcusAds:125 - Set database path to: C:\Users\kamil\.stmcufinder\plugins\mcufinder//mcu/
2026-01-09 15:04:30,527 [WARN] DbFile:41 - Overriding database path with different value: C:\Users\kamil\.stmcufinder\plugins\mcufinder/ => C:\Users\kamil\.stmcufinder\plugins\mcufinder
2026-01-09 15:04:30,527 [WARN] DbFile:41 - Overriding database path with different value: C:\Users\kamil\.stmcufinder\plugins\mcufinder/ => C:\Users\kamil\.stmcufinder\plugins\mcufinder
2026-01-09 15:04:30,527 [INFO] CrossReferenceDbSqlite:203 - Set database path to: C:\Users\kamil\.stmcufinder\plugins\mcufinder//mcu/cs/
2026-01-09 15:04:30,543 [INFO] ApplicationProperties:184 - Using Application install path: C:\ST\STM32CubeIDE_1.17.0\STM32CubeIDE\plugins\com.st.stm32cube.common.mx_6.13.0.202411220809
2026-01-09 15:04:30,544 [INFO] PluginManage:196 - Search for loadable plugins [exclusion list=, ]
2026-01-09 15:04:30,546 [INFO] PluginManage:310 - Check plugin analytics
2026-01-09 15:04:30,723 [INFO] AnalyticsPlugin:253 - Accepted Software Licenses: 
2026-01-09 15:04:30,723 [INFO] AnalyticsPlugin:255 - Accepted CMSIS Pack Licenses: 
2026-01-09 15:04:30,723 [INFO] AnalyticsPlugin:257 - Accepted Firmware Licenses: FW.F7.1.17.0,FW.H7.1.12.0
2026-01-09 15:04:30,727 [INFO] PluginManage:359 - Loaded plugin analytics (category:tool,tabindex:-1)
2026-01-09 15:04:30,727 [INFO] PluginManage:310 - Check plugin cadmodel
2026-01-09 15:04:30,732 [INFO] CADModel:105 - Init CAD model plugin
2026-01-09 15:04:30,733 [INFO] PluginManage:359 - Loaded plugin cadmodel (category:power,tabindex:5)
2026-01-09 15:04:30,733 [INFO] PluginManage:310 - Check plugin clock
2026-01-09 15:04:30,743 [INFO] PluginManage:359 - Loaded plugin clock (category:base,tabindex:2)
2026-01-09 15:04:30,743 [INFO] PluginManage:310 - Check plugin ddr
2026-01-09 15:04:30,745 [INFO] PluginManage:359 - Loaded plugin ddr (category:tool,tabindex:6)
2026-01-09 15:04:30,745 [INFO] PluginManage:310 - Check plugin filemanager
2026-01-09 15:04:30,894 [INFO] PluginManage:359 - Loaded plugin filemanager (category:base,tabindex:10)
2026-01-09 15:04:30,895 [INFO] PluginManage:310 - Check plugin ipmanager
2026-01-09 15:04:30,902 [INFO] PluginManage:359 - Loaded plugin ipmanager (category:base,tabindex:5)
2026-01-09 15:04:30,903 [INFO] PluginManage:310 - Check plugin lpbam
2026-01-09 15:04:30,911 [INFO] PluginManage:359 - Loaded plugin lpbam (category:base,tabindex:0)
2026-01-09 15:04:30,912 [INFO] PluginManage:310 - Check plugin memorymap
2026-01-09 15:04:30,921 [INFO] PluginManage:359 - Loaded plugin memorymap (category:base,tabindex:4)
2026-01-09 15:04:30,921 [INFO] PluginManage:310 - Check plugin pinoutandconfiguration
2026-01-09 15:04:30,928 [INFO] PluginManage:359 - Loaded plugin pinoutandconfiguration (category:base,tabindex:1)
2026-01-09 15:04:30,929 [INFO] PluginManage:310 - Check plugin pinoutconfig
2026-01-09 15:04:31,028 [WARN] SupportedApi:132 - Cannot load RTOS API schema: s4s-elt-must-match.1: The content of 'definitions' must match (annotation?, (simpleType | complexType)?, (unique | key | keyref)*)). A problem was found starting at: attribute.
2026-01-09 15:04:31,172 [INFO] PluginManage:359 - Loaded plugin pinoutconfig (category:base,tabindex:0)
2026-01-09 15:04:31,172 [INFO] PluginManage:310 - Check plugin power
2026-01-09 15:04:31,181 [INFO] PluginManage:359 - Loaded plugin power (category:power,tabindex:4)
2026-01-09 15:04:31,181 [INFO] PluginManage:310 - Check plugin projectmanager
2026-01-09 15:04:31,201 [INFO] PluginManage:359 - Loaded plugin projectmanager (category:projectmanager,tabindex:4)
2026-01-09 15:04:31,201 [INFO] PluginManage:310 - Check plugin rif
2026-01-09 15:04:31,207 [INFO] PluginManage:359 - Loaded plugin rif (category:base,tabindex:3)
2026-01-09 15:04:31,207 [INFO] PluginManage:310 - Check plugin thirdparty
2026-01-09 15:04:31,347 [WARN] IntegrityCheckThread:84 - waiting for thirdparty lock release [integrity check]
2026-01-09 15:04:31,347 [INFO] IntegrityCheckThread:86 - entering critical section [integrity check]
2026-01-09 15:04:31,348 [INFO] ThirdPartyUpdaterWithRetryManager:70 - Updater plugin not ready yet. [1/15]
2026-01-09 15:04:31,348 [INFO] PluginManage:359 - Loaded plugin thirdparty (category:base,tabindex:-1)
2026-01-09 15:04:31,348 [INFO] PluginManage:310 - Check plugin tools
2026-01-09 15:04:31,353 [INFO] PluginManage:359 - Loaded plugin tools (category:base,tabindex:7)
2026-01-09 15:04:31,353 [INFO] PluginManage:310 - Check plugin tutovideos
2026-01-09 15:04:31,507 [INFO] PluginManage:359 - Loaded plugin tutovideos (category:base,tabindex:-1)
2026-01-09 15:04:31,507 [INFO] PluginManage:310 - Check plugin updater
2026-01-09 15:04:31,527 [INFO] PluginManage:359 - Loaded plugin updater (category:base,tabindex:12)
2026-01-09 15:04:31,527 [INFO] PluginManage:310 - Check plugin userauth
2026-01-09 15:04:31,531 [INFO] UserAuth:118 - Init User Auth plugin
2026-01-09 15:04:31,532 [INFO] PluginManage:359 - Loaded plugin userauth (category:base,tabindex:14)
2026-01-09 15:04:31,533 [INFO] PluginManage:283 - PluginManage : Loaded plugins [18]
2026-01-09 15:04:31,759 [INFO] PinOutPanel:1589 - setPackage(No Configuration,No Configuration)
2026-01-09 15:04:31,844 [INFO] CADModel:165 - CPN selected for project level
2026-01-09 15:04:31,844 [INFO] CADModel:114 - Register for checkConnection events
2026-01-09 15:04:31,865 [INFO] IPUIPlugin:80 - create IPUIPlugin
2026-01-09 15:04:31,865 [INFO] PluginManager:220 - loadIPPluginJar : add adc
2026-01-09 15:04:31,868 [INFO] IPUIPlugin:80 - create IPUIPlugin
2026-01-09 15:04:31,869 [INFO] PluginManager:220 - loadIPPluginJar : add aes
2026-01-09 15:04:31,873 [INFO] IPUIPlugin:80 - create IPUIPlugin
2026-01-09 15:04:31,873 [INFO] PluginManager:220 - loadIPPluginJar : add can
2026-01-09 15:04:31,874 [INFO] IPUIPlugin:80 - create IPUIPlugin
2026-01-09 15:04:31,874 [INFO] PluginManager:220 - loadIPPluginJar : add comp
2026-01-09 15:04:31,878 [INFO] IPUIPlugin:80 - create IPUIPlugin
2026-01-09 15:04:31,878 [INFO] PluginManager:220 - loadIPPluginJar : add cryp
2026-01-09 15:04:31,882 [INFO] IPUIPlugin:80 - create IPUIPlugin
2026-01-09 15:04:31,882 [INFO] PluginManager:220 - loadIPPluginJar : add ddr_ctrl_phy
2026-01-09 15:04:31,885 [INFO] IPUIPlugin:80 - create IPUIPlugin
2026-01-09 15:04:31,885 [INFO] PluginManager:220 - loadIPPluginJar : add dfsdm
2026-01-09 15:04:31,890 [INFO] IPUIPlugin:80 - create IPUIPlugin
2026-01-09 15:04:31,890 [INFO] PluginManager:220 - loadIPPluginJar : add dma
2026-01-09 15:04:31,893 [INFO] IPUIPlugin:80 - create IPUIPlugin
2026-01-09 15:04:31,893 [INFO] PluginManager:220 - loadIPPluginJar : add dma3
2026-01-09 15:04:31,896 [INFO] IPUIPlugin:80 - create IPUIPlugin
2026-01-09 15:04:31,897 [INFO] PluginManager:220 - loadIPPluginJar : add extmemmanager
2026-01-09 15:04:31,898 [INFO] IPUIPlugin:80 - create IPUIPlugin
2026-01-09 15:04:31,899 [INFO] PluginManager:220 - loadIPPluginJar : add fatfs
2026-01-09 15:04:31,903 [INFO] IPUIPlugin:80 - create IPUIPlugin
2026-01-09 15:04:31,903 [INFO] PluginManager:220 - loadIPPluginJar : add fmc
2026-01-09 15:04:31,910 [INFO] IPUIPlugin:80 - create IPUIPlugin
2026-01-09 15:04:31,910 [INFO] PluginManager:220 - loadIPPluginJar : add freertos
2026-01-09 15:04:31,912 [INFO] IPUIPlugin:80 - create IPUIPlugin
2026-01-09 15:04:31,912 [INFO] PluginManager:220 - loadIPPluginJar : add genericplugin
2026-01-09 15:04:31,914 [INFO] IPUIPlugin:80 - create IPUIPlugin
2026-01-09 15:04:31,915 [INFO] PluginManager:220 - loadIPPluginJar : add gfxmmu
2026-01-09 15:04:31,919 [INFO] IPUIPlugin:80 - create IPUIPlugin
2026-01-09 15:04:31,919 [INFO] PluginManager:220 - loadIPPluginJar : add gic
2026-01-09 15:04:31,924 [INFO] IPUIPlugin:80 - create IPUIPlugin
2026-01-09 15:04:31,924 [INFO] PluginManager:220 - loadIPPluginJar : add gpio
2026-01-09 15:04:31,926 [INFO] IPUIPlugin:80 - create IPUIPlugin
2026-01-09 15:04:31,927 [INFO] PluginManager:220 - loadIPPluginJar : add gtzc
2026-01-09 15:04:31,929 [INFO] IPUIPlugin:80 - create IPUIPlugin
2026-01-09 15:04:31,929 [INFO] PluginManager:220 - loadIPPluginJar : add hash
2026-01-09 15:04:31,932 [INFO] IPUIPlugin:80 - create IPUIPlugin
2026-01-09 15:04:31,932 [INFO] PluginManager:220 - loadIPPluginJar : add i2c
2026-01-09 15:04:31,934 [INFO] IPUIPlugin:80 - create IPUIPlugin
2026-01-09 15:04:31,934 [INFO] PluginManager:220 - loadIPPluginJar : add i2s
2026-01-09 15:04:31,937 [INFO] IPUIPlugin:80 - create IPUIPlugin
2026-01-09 15:04:31,937 [INFO] PluginManager:220 - loadIPPluginJar : add i3c
2026-01-09 15:04:31,941 [INFO] IPUIPlugin:80 - create IPUIPlugin
2026-01-09 15:04:31,941 [INFO] PluginManager:220 - loadIPPluginJar : add ipddr
2026-01-09 15:04:31,948 [INFO] IPUIPlugin:80 - create IPUIPlugin
2026-01-09 15:04:31,948 [INFO] PluginManager:220 - loadIPPluginJar : add linkedlist
2026-01-09 15:04:31,951 [INFO] IPUIPlugin:80 - create IPUIPlugin
2026-01-09 15:04:31,951 [INFO] PluginManager:220 - loadIPPluginJar : add lorawan
2026-01-09 15:04:31,952 [INFO] IPUIPlugin:80 - create IPUIPlugin
2026-01-09 15:04:31,952 [INFO] PluginManager:220 - loadIPPluginJar : add ltdc
2026-01-09 15:04:31,958 [INFO] IPUIPlugin:80 - create IPUIPlugin
2026-01-09 15:04:31,959 [INFO] PluginManager:220 - loadIPPluginJar : add mdma
2026-01-09 15:04:31,962 [INFO] IPUIPlugin:80 - create IPUIPlugin
2026-01-09 15:04:31,962 [INFO] PluginManager:220 - loadIPPluginJar : add nvic
2026-01-09 15:04:31,966 [INFO] IPUIPlugin:80 - create IPUIPlugin
2026-01-09 15:04:31,966 [INFO] PluginManager:220 - loadIPPluginJar : add opamp
2026-01-09 15:04:31,969 [INFO] IPUIPlugin:80 - create IPUIPlugin
2026-01-09 15:04:31,969 [INFO] PluginManager:220 - loadIPPluginJar : add openamp
2026-01-09 15:04:31,972 [INFO] IPUIPlugin:80 - create IPUIPlugin
2026-01-09 15:04:31,973 [INFO] PluginManager:220 - loadIPPluginJar : add pdm2pcm
2026-01-09 15:04:31,979 [INFO] IPUIPlugin:80 - create IPUIPlugin
2026-01-09 15:04:31,981 [INFO] PluginManager:220 - loadIPPluginJar : add plateformsettings
2026-01-09 15:04:31,983 [INFO] IPUIPlugin:80 - create IPUIPlugin
2026-01-09 15:04:31,983 [INFO] PluginManager:220 - loadIPPluginJar : add quadspi
2026-01-09 15:04:31,985 [INFO] IPUIPlugin:80 - create IPUIPlugin
2026-01-09 15:04:31,986 [INFO] PluginManager:220 - loadIPPluginJar : add radio
2026-01-09 15:04:31,990 [INFO] IPUIPlugin:80 - create IPUIPlugin
2026-01-09 15:04:31,990 [INFO] PluginManager:220 - loadIPPluginJar : add resmgrutility
2026-01-09 15:04:31,993 [INFO] IPUIPlugin:80 - create IPUIPlugin
2026-01-09 15:04:31,993 [INFO] PluginManager:220 - loadIPPluginJar : add sai
2026-01-09 15:04:31,995 [INFO] IPUIPlugin:80 - create IPUIPlugin
2026-01-09 15:04:31,995 [INFO] PluginManager:220 - loadIPPluginJar : add spi
2026-01-09 15:04:32,000 [INFO] IPUIPlugin:80 - create IPUIPlugin
2026-01-09 15:04:32,000 [INFO] PluginManager:220 - loadIPPluginJar : add stm32_wpan
2026-01-09 15:04:32,003 [INFO] IPUIPlugin:80 - create IPUIPlugin
2026-01-09 15:04:32,003 [INFO] PluginManager:220 - loadIPPluginJar : add tim
2026-01-09 15:04:32,006 [INFO] IPUIPlugin:80 - create IPUIPlugin
2026-01-09 15:04:32,006 [INFO] PluginManager:220 - loadIPPluginJar : add touchsensing
2026-01-09 15:04:32,008 [INFO] IPUIPlugin:80 - create IPUIPlugin
2026-01-09 15:04:32,008 [INFO] PluginManager:220 - loadIPPluginJar : add tracer_emb
2026-01-09 15:04:32,010 [INFO] IPUIPlugin:80 - create IPUIPlugin
2026-01-09 15:04:32,011 [INFO] PluginManager:220 - loadIPPluginJar : add ts
2026-01-09 15:04:32,012 [INFO] IPUIPlugin:80 - create IPUIPlugin
2026-01-09 15:04:32,012 [INFO] PluginManager:220 - loadIPPluginJar : add tsc
2026-01-09 15:04:32,014 [INFO] IPUIPlugin:80 - create IPUIPlugin
2026-01-09 15:04:32,014 [INFO] PluginManager:220 - loadIPPluginJar : add ucpd
2026-01-09 15:04:32,017 [INFO] IPUIPlugin:80 - create IPUIPlugin
2026-01-09 15:04:32,017 [INFO] PluginManager:220 - loadIPPluginJar : add usart
2026-01-09 15:04:32,021 [INFO] IPUIPlugin:80 - create IPUIPlugin
2026-01-09 15:04:32,021 [INFO] PluginManager:220 - loadIPPluginJar : add usbx
2026-01-09 15:04:32,144 [FATAL] Updater:351 - Updater called before beeing initialized
2026-01-09 15:04:32,177 [INFO] RulesReader:64 - Compatibility file has been processed (297 Rules)
2026-01-09 15:04:32,187 [INFO] RulesReader:64 - Compatibility file has been processed (297 Rules)
2026-01-09 15:04:32,195 [INFO] CADModel:165 - CPN selected for project level
2026-01-09 15:04:32,195 [INFO] CADModel:114 - Register for checkConnection events
2026-01-09 15:04:32,196 [FATAL] Updater:351 - Updater called before beeing initialized
2026-01-09 15:04:32,196 [ERROR] CADModel:125 - Updater not yet initialized, retry later 
2026-01-09 15:04:32,330 [FATAL] Updater:351 - Updater called before beeing initialized
2026-01-09 15:04:32,332 [INFO] CADModel:165 - CPN selected for project level
2026-01-09 15:04:32,332 [INFO] CADModel:114 - Register for checkConnection events
2026-01-09 15:04:32,332 [FATAL] Updater:351 - Updater called before beeing initialized
2026-01-09 15:04:32,332 [ERROR] CADModel:125 - Updater not yet initialized, retry later 
2026-01-09 15:04:32,336 [FATAL] Updater:351 - Updater called before beeing initialized
2026-01-09 15:04:32,424 [FATAL] Updater:351 - Updater called before beeing initialized
2026-01-09 15:04:32,428 [INFO] DbMcusAds:53 - JSON generation date=Tue Dec 16 00:11:46 CET 2025 (1765840306612)
2026-01-09 15:04:32,428 [FATAL] Updater:351 - Updater called before beeing initialized
2026-01-09 15:04:32,485 [WARN] DetailPanel:346 - Failed to get advertising image, set to default
2026-01-09 15:04:32,738 [FATAL] Updater:351 - Updater called before beeing initialized
2026-01-09 15:04:32,740 [FATAL] Updater:351 - Updater called before beeing initialized
2026-01-09 15:04:32,740 [FATAL] Updater:351 - Updater called before beeing initialized
2026-01-09 15:04:32,740 [WARN] DetailPanel:346 - Failed to get advertising image, set to default
2026-01-09 15:04:32,741 [FATAL] Updater:351 - Updater called before beeing initialized
2026-01-09 15:04:32,788 [ERROR] Updater:1198 - MainUpdater not yet initialized. External WinMGr cannot be set.
2026-01-09 15:04:32,791 [INFO] Updater:1134 - Updater Version found : 6.13.0
2026-01-09 15:04:32,806 [INFO] ApplicationProperties:184 - Using Application install path: C:\ST\STM32CubeIDE_1.17.0\STM32CubeIDE\plugins\com.st.stm32cube.common.mx_6.13.0.202411220809
2026-01-09 15:04:33,045 [INFO] MainUpdater:2872 - connection check result : 10
2026-01-09 15:04:33,046 [INFO] MainUpdater:289 - Updater Check For Update Now.
2026-01-09 15:04:33,046 [INFO] MicroXplorer:498 - Change Database Version : DB.6.0.130
2026-01-09 15:04:33,055 [INFO] McuFinderGlobals:63 - Set McuFinder mode to 2 (CubeIDE integrated)
2026-01-09 15:04:33,055 [INFO] UserAuth:171 - activating auth plugin
2026-01-09 15:04:33,058 [INFO] UserAuth:486 - Internet connection configuration mode: 1
2026-01-09 15:04:33,096 [INFO] JxBrowserEngine:152 - Initiate JxBrowser Engine with user profile folder
2026-01-09 15:04:33,215 [INFO] CheckServerUpdateThread:120 - End of CheckServer Thread
2026-01-09 15:04:34,653 [WARN] PackLoader:240 - Cannot read IP mode file for STMicroelectronics.FP-SNS-MOTENVWB1.1.4.0
2026-01-09 15:04:34,664 [WARN] PackLoader:240 - Cannot read IP mode file for STMicroelectronics.FP-ATR-ASTRA1.2.0.2
2026-01-09 15:04:34,668 [WARN] PackLoader:240 - Cannot read IP mode file for STMicroelectronics.FP-ATR-ASTRA1.2.0.1
2026-01-09 15:04:34,683 [WARN] PackLoader:240 - Cannot read IP mode file for STMicroelectronics.X-CUBE-SMBUS.2.1.0
2026-01-09 15:04:34,692 [WARN] PackLoader:240 - Cannot read IP mode file for STMicroelectronics.X-CUBE-WB05N.1.1.0
2026-01-09 15:04:34,699 [WARN] PackLoader:240 - Cannot read IP mode file for STMicroelectronics.X-CUBE-ST60.1.0.0
2026-01-09 15:04:34,737 [WARN] PackLoader:240 - Cannot read IP mode file for STMicroelectronics.X-CUBE-AZRTOS-F7.1.1.0
2026-01-09 15:04:34,873 [INFO] WebApp:168 - Instantiating new browser for Auth
2026-01-09 15:04:34,930 [WARN] PackLoader:240 - Cannot read IP mode file for STMicroelectronics.X-CUBE-MEMS1.11.0.0
2026-01-09 15:04:35,071 [ERROR] Engine:466 - C:\Users\kamil\.stm32cubemx\thirdparties\pdsc\STMicroelectronics.FP-SNS-MOTENV1.5.1.0.pdsc: PDSC version is not supported
2026-01-09 15:04:35,075 [WARN] PackLoader:240 - Cannot read IP mode file for STMicroelectronics.FP-SNS-FLIGHT1.5.0.2
2026-01-09 15:04:35,093 [WARN] PackLoader:240 - Cannot read IP mode file for STMicroelectronics.X-CUBE-AZRTOS-H7.3.4.0
2026-01-09 15:04:35,103 [WARN] PackLoader:240 - Cannot read IP mode file for STMicroelectronics.X-CUBE-DISPLAY.3.0.0
2026-01-09 15:04:35,111 [WARN] PackLoader:240 - Cannot read IP mode file for STMicroelectronics.X-CUBE-BLE1.7.0.0
2026-01-09 15:04:35,118 [WARN] PackLoader:240 - Cannot read IP mode file for STMicroelectronics.X-CUBE-NFC10.1.0.0
2026-01-09 15:04:35,127 [WARN] PackLoader:240 - Cannot read IP mode file for STMicroelectronics.X-CUBE-BLEMGR.4.0.0
2026-01-09 15:04:35,132 [WARN] PackLoader:240 - Cannot read IP mode file for STMicroelectronics.X-CUBE-ST60.1.1.0
2026-01-09 15:04:35,139 [WARN] PackLoader:240 - Cannot read IP mode file for emotas.I-CUBE-CANOPEN.1.3.0
2026-01-09 15:04:35,145 [WARN] PackLoader:240 - Cannot read IP mode file for STMicroelectronics.X-CUBE-GNSS1.7.1.0
2026-01-09 15:04:35,153 [WARN] PackLoader:240 - Cannot read IP mode file for STMicroelectronics.X-CUBE-BLEMGR.3.1.0
2026-01-09 15:04:35,159 [WARN] PackLoader:240 - Cannot read IP mode file for STMicroelectronics.X-CUBE-AI.10.0.0
2026-01-09 15:04:35,162 [ERROR] Engine:466 - C:\Users\kamil\.stm32cubemx\thirdparties\pdsc\STMicroelectronics.FP-SNS-STBOX1.2.1.0.pdsc: PDSC version is not supported
2026-01-09 15:04:35,167 [WARN] PackLoader:240 - Cannot read IP mode file for STMicroelectronics.FP-SNS-SMARTAG2.1.2.0
2026-01-09 15:04:35,171 [WARN] PackLoader:240 - Cannot read IP mode file for STMicroelectronics.FP-SNS-FLIGHT1.5.1.0
2026-01-09 15:04:35,244 [WARN] PackLoader:240 - Cannot read IP mode file for STMicroelectronics.X-CUBE-MEMS1.11.1.0
2026-01-09 15:04:35,376 [INFO] LogOutputStream:77 - [STDOUT_REDIRECT] 1 : Invalid condition id : UX_CORESTACK_Condition cause : null
2026-01-09 15:04:35,377 [INFO] LogOutputStream:77 - [STDOUT_REDIRECT] 1 : Invalid condition id : UX_CORESTACK_Condition cause : null
2026-01-09 15:04:35,378 [INFO] LogOutputStream:77 - [STDOUT_REDIRECT] 1 : Invalid condition id : UX_CORESTACK_Condition cause : null
2026-01-09 15:04:35,379 [INFO] LogOutputStream:77 - [STDOUT_REDIRECT] 1 : Invalid condition id : UX_CORESTACK_Condition cause : null
2026-01-09 15:04:35,381 [INFO] LogOutputStream:77 - [STDOUT_REDIRECT] 1 : Invalid condition id : UX_CORESTACK_Condition cause : null
2026-01-09 15:04:35,383 [WARN] PackLoader:240 - Cannot read IP mode file for STMicroelectronics.X-CUBE-AZRTOS-WL.2.0.0
2026-01-09 15:04:35,387 [WARN] PackLoader:240 - Cannot read IP mode file for STMicroelectronics.FP-SNS-MOTENV1.5.0.0
2026-01-09 15:04:35,399 [WARN] PackLoader:240 - Cannot read IP mode file for STMicroelectronics.X-CUBE-AZRTOS-H7RS.1.2.0
2026-01-09 15:04:35,404 [WARN] PackLoader:240 - Cannot read IP mode file for wolfSSL.I-CUBE-wolfMQTT.1.19.0
2026-01-09 15:04:35,415 [WARN] PackLoader:240 - Cannot read IP mode file for WES.I-CUBE-Cesium.1.3.0
2026-01-09 15:04:35,419 [WARN] PackLoader:240 - Cannot read IP mode file for STMicroelectronics.X-CUBE-BLE2.3.3.0
2026-01-09 15:04:35,434 [WARN] PackLoader:240 - Cannot read IP mode file for STMicroelectronics.X-CUBE-NFC9.1.0.0
2026-01-09 15:04:35,438 [WARN] PackLoader:240 - Cannot read IP mode file for STMicroelectronics.X-CUBE-BLE1.7.1.0
2026-01-09 15:04:35,443 [WARN] PackLoader:240 - Cannot read IP mode file for STMicroelectronics.X-CUBE-TCPP.4.1.0
2026-01-09 15:04:35,445 [ERROR] Engine:466 - C:\Users\kamil\.stm32cubemx\thirdparties\pdsc\STMicroelectronics.X-CUBE-FREERTOS.1.4.0.pdsc: PDSC version is not supported
2026-01-09 15:04:35,450 [WARN] PackLoader:240 - Cannot read IP mode file for STMicroelectronics.X-CUBE-EEPRMA1.5.2.0
2026-01-09 15:04:35,453 [ERROR] Engine:466 - C:\Users\kamil\.stm32cubemx\thirdparties\pdsc\STMicroelectronics.X-CUBE-ST67W61.1.1.0.pdsc: PDSC version is not supported
2026-01-09 15:04:35,476 [WARN] PackLoader:240 - Cannot read IP mode file for STMicroelectronics.X-CUBE-MEMS1.12.0.0
2026-01-09 15:04:35,525 [WARN] PackLoader:240 - Cannot read IP mode file for STMicroelectronics.X-CUBE-AZRTOS-G0.1.1.0
2026-01-09 15:04:35,533 [WARN] PackLoader:240 - Cannot read IP mode file for STMicroelectronics.X-CUBE-SAFEA1.1.2.2
2026-01-09 15:04:35,538 [WARN] PackLoader:240 - Cannot read IP mode file for STMicroelectronics.X-CUBE-NFC4.3.0.0
2026-01-09 15:04:35,545 [WARN] PackLoader:240 - Cannot read IP mode file for EmbeddedOffice.I-CUBE-FS-RTOS.1.0.1
2026-01-09 15:04:35,549 [WARN] PackLoader:240 - Cannot read IP mode file for STMicroelectronics.X-CUBE-WB05N.2.0.0
2026-01-09 15:04:35,553 [WARN] PackLoader:240 - Cannot read IP mode file for STMicroelectronics.X-CUBE-TCPP.4.2.0
2026-01-09 15:04:35,559 [WARN] PackLoader:240 - Cannot read IP mode file for RealThread.X-CUBE-RT-Thread_Nano.4.1.1
2026-01-09 15:04:35,564 [WARN] PackLoader:240 - Cannot read IP mode file for STMicroelectronics.FP-ATR-SIGFOX1.3.2.0
2026-01-09 15:04:35,569 [WARN] PackLoader:240 - Cannot read IP mode file for wolfSSL.I-CUBE-wolfSSL.5.7.2
2026-01-09 15:04:35,574 [WARN] ConditionMgr:438 - getConditionDescription Invalid condition id : Cortex-A Device cause : null
2026-01-09 15:04:35,600 [WARN] ConditionMgr:1044 - genDependencies : Invalid condition id : Cortex-A Device cause : null
2026-01-09 15:04:35,600 [WARN] ConditionMgr:1044 - genDependencies : Invalid condition id : Cortex-A Device cause : null
2026-01-09 15:04:35,600 [WARN] ConditionMgr:1044 - genDependencies : Invalid condition id : Cortex-A Device cause : null
2026-01-09 15:04:35,606 [WARN] PackLoader:240 - Cannot read IP mode file for STMicroelectronics.X-CUBE-EEPRMA1.5.1.0
2026-01-09 15:04:35,612 [WARN] PackLoader:240 - Cannot read IP mode file for ITTIA_DB.I-CUBE-ITTIADB.8.9.0
2026-01-09 15:04:35,619 [WARN] PackLoader:240 - Cannot read IP mode file for STMicroelectronics.X-CUBE-ST67W61.1.0.0
2026-01-09 15:04:35,624 [WARN] PackLoader:240 - Cannot read IP mode file for STMicroelectronics.X-CUBE-AI.10.2.0
2026-01-09 15:04:35,645 [WARN] PackLoader:240 - Cannot read IP mode file for SEGGER.I-CUBE-embOS.1.3.1
2026-01-09 15:04:35,679 [WARN] PackLoader:240 - Cannot read IP mode file for STMicroelectronics.X-CUBE-ALGOBUILD.1.4.0
2026-01-09 15:04:35,719 [WARN] PackLoader:240 - Cannot read IP mode file for STMicroelectronics.X-CUBE-MEMS1.11.3.0
2026-01-09 15:04:35,825 [WARN] PackLoader:240 - Cannot read IP mode file for STMicroelectronics.X-CUBE-AI.9.1.0
2026-01-09 15:04:35,829 [WARN] PackLoader:240 - Cannot read IP mode file for STMicroelectronics.X-CUBE-PM33A1.1.0.0
2026-01-09 15:04:35,839 [WARN] PackLoader:240 - Cannot read IP mode file for STMicroelectronics.X-CUBE-AZRTOS-F4.1.1.0
2026-01-09 15:04:35,843 [WARN] PackLoader:240 - Cannot read IP mode file for STMicroelectronics.X-CUBE-ISPU.2.1.0
2026-01-09 15:04:35,846 [ERROR] Engine:466 - C:\Users\kamil\.stm32cubemx\thirdparties\pdsc\STMicroelectronics.X-CUBE-IPS.3.2.0.pdsc: PDSC version is not supported
2026-01-09 15:04:35,850 [WARN] PackLoader:240 - Cannot read IP mode file for STMicroelectronics.X-CUBE-FREERTOS.1.2.0
2026-01-09 15:04:35,855 [WARN] PackLoader:240 - Cannot read IP mode file for STMicroelectronics.X-CUBE-NFC12.1.0.0
2026-01-09 15:04:35,867 [WARN] PackLoader:240 - Cannot read IP mode file for STMicroelectronics.X-CUBE-AZRTOS-L5.2.0.0
2026-01-09 15:04:35,874 [WARN] PackLoader:240 - Cannot read IP mode file for STMicroelectronics.X-CUBE-NFC6.3.1.0
2026-01-09 15:04:35,881 [WARN] PackLoader:240 - Cannot read IP mode file for STMicroelectronics.X-CUBE-DPower.1.2.0
2026-01-09 15:04:35,884 [WARN] PackLoader:240 - Cannot read IP mode file for STMicroelectronics.X-CUBE-FREERTOS.1.3.1
2026-01-09 15:04:35,888 [WARN] PackLoader:240 - Cannot read IP mode file for STMicroelectronics.X-CUBE-FREERTOS.1.3.0
2026-01-09 15:04:35,892 [WARN] PackLoader:240 - Cannot read IP mode file for STMicroelectronics.X-CUBE-NFC7.1.0.1
2026-01-09 15:04:35,900 [WARN] PackLoader:240 - Cannot read IP mode file for STMicroelectronics.X-CUBE-TOUCHGFX.4.26.0
2026-01-09 15:04:35,904 [WARN] PackLoader:240 - Cannot read IP mode file for STMicroelectronics.FP-SNS-STAIOTCFT.1.0.0
2026-01-09 15:04:35,908 [WARN] PackLoader:240 - Cannot read IP mode file for STMicroelectronics.X-CUBE-DPower.1.3.0
2026-01-09 15:04:35,920 [WARN] ConditionMgr:438 - getConditionDescription Invalid condition id : LAN8742 Phy interface Condition cause : null
2026-01-09 15:04:35,921 [WARN] PackLoader:240 - Cannot read IP mode file for STMicroelectronics.X-CUBE-AZRTOS-L4.2.0.0
2026-01-09 15:04:35,922 [WARN] ConditionMgr:1044 - genDependencies : Invalid condition id : LAN8742 Phy interface Condition cause : null
2026-01-09 15:04:35,922 [WARN] ConditionMgr:1044 - genDependencies : Invalid condition id : LAN8742 Phy interface Condition cause : null
2026-01-09 15:04:35,923 [WARN] ConditionMgr:1044 - genDependencies : Invalid condition id : LAN8742 Phy interface Condition cause : null
2026-01-09 15:04:35,930 [WARN] PackLoader:240 - Cannot read IP mode file for STMicroelectronics.X-CUBE-SFXS2LP1.4.0.0
2026-01-09 15:04:35,963 [WARN] PackLoader:240 - Cannot read IP mode file for STMicroelectronics.X-CUBE-AZRTOS-H7.3.3.0
2026-01-09 15:04:35,977 [WARN] PackLoader:240 - Cannot read IP mode file for STMicroelectronics.X-CUBE-BLEMGR.4.1.0
2026-01-09 15:04:35,990 [WARN] PackLoader:240 - Cannot read IP mode file for STMicroelectronics.X-CUBE-IPS.3.0.0
2026-01-09 15:04:36,005 [WARN] ConditionMgr:438 - getConditionDescription Invalid condition id : UX DEVICE CLASS RTOS Condition cause : null
2026-01-09 15:04:36,005 [WARN] ConditionMgr:438 - getConditionDescription Invalid condition id : UX DEVICE CLASS RTOS Condition cause : null
2026-01-09 15:04:36,007 [WARN] PackLoader:240 - Cannot read IP mode file for STMicroelectronics.X-CUBE-AZRTOS-WB.2.0.0
2026-01-09 15:04:36,008 [WARN] ConditionMgr:1044 - genDependencies : Invalid condition id : UX DEVICE CLASS RTOS Condition cause : null
2026-01-09 15:04:36,008 [WARN] ConditionMgr:1044 - genDependencies : Invalid condition id : UX DEVICE CLASS RTOS Condition cause : null
2026-01-09 15:04:36,009 [WARN] ConditionMgr:1044 - genDependencies : Invalid condition id : UX DEVICE CLASS RTOS Condition cause : null
2026-01-09 15:04:36,009 [WARN] ConditionMgr:1044 - genDependencies : Invalid condition id : UX DEVICE CLASS RTOS Condition cause : null
2026-01-09 15:04:36,009 [WARN] ConditionMgr:1044 - genDependencies : Invalid condition id : UX DEVICE CLASS RTOS Condition cause : null
2026-01-09 15:04:36,015 [WARN] PackLoader:240 - Cannot read IP mode file for STMicroelectronics.X-CUBE-GNSS1.7.0.0
2026-01-09 15:04:36,020 [WARN] PackLoader:240 - Cannot read IP mode file for STMicroelectronics.X-CUBE-GNSS1.7.0.1
2026-01-09 15:04:36,023 [WARN] PackLoader:240 - Cannot read IP mode file for STMicroelectronics.X-CUBE-TOUCHGFX.4.25.0
2026-01-09 15:04:36,030 [WARN] PackLoader:240 - Cannot read IP mode file for STMicroelectronics.FP-SNS-STBOX1.2.0.0
2026-01-09 15:04:36,047 [WARN] PackLoader:240 - Cannot read IP mode file for STMicroelectronics.X-CUBE-SUBG2.5.0.0
2026-01-09 15:04:36,064 [WARN] PackLoader:240 - Cannot read IP mode file for STMicroelectronics.X-CUBE-AZRTOS-H7RS.1.1.0
2026-01-09 15:04:36,071 [WARN] PackLoader:240 - Cannot read IP mode file for Cesanta.I-CUBE-Mongoose.7.13.0
2026-01-09 15:04:36,096 [WARN] PackLoader:240 - Cannot read IP mode file for STMicroelectronics.X-CUBE-AZRTOS-G4.2.0.0
2026-01-09 15:04:36,105 [WARN] PackLoader:240 - Cannot read IP mode file for STMicroelectronics.X-CUBE-NFC7.2.0.0
2026-01-09 15:04:36,118 [WARN] PackLoader:240 - Cannot read IP mode file for STMicroelectronics.X-CUBE-IPS.3.1.0
2026-01-09 15:04:36,126 [WARN] PackLoader:240 - Cannot read IP mode file for STMicroelectronics.X-CUBE-ALS.1.0.2
2026-01-09 15:04:36,131 [WARN] PackLoader:240 - Cannot read IP mode file for STMicroelectronics.X-CUBE-TOUCHGFX.4.24.1
2026-01-09 15:04:36,138 [INFO] WebApp:449 - Apply proxy settings
2026-01-09 15:04:36,138 [INFO] WebApp:534 - Chromium requires no authentication
2026-01-09 15:04:36,138 [WARN] PackLoader:240 - Cannot read IP mode file for STMicroelectronics.X-CUBE-STSE01.1.0.0
2026-01-09 15:04:36,144 [WARN] PackLoader:240 - Cannot read IP mode file for wolfSSL.I-CUBE-wolfTPM.3.4.0
2026-01-09 15:04:36,151 [WARN] PackLoader:240 - Cannot read IP mode file for portGmbH.I-Cube-SoM-uGOAL.1.1.0
2026-01-09 15:04:36,153 [INFO] WebApp:477 - Direct internet connection detected
2026-01-09 15:04:36,165 [WARN] PackLoader:240 - Cannot read IP mode file for STMicroelectronics.X-CUBE-AZRTOS-H7RS.1.0.0
2026-01-09 15:04:36,170 [WARN] PackLoader:240 - Cannot read IP mode file for STMicroelectronics.FP-ATR-ASTRA1.2.0.0
2026-01-09 15:04:36,180 [WARN] PackLoader:240 - Cannot read IP mode file for STMicroelectronics.X-CUBE-TOF1.3.4.2
2026-01-09 15:04:36,193 [INFO] WebApp:880 - Register for checkConnection events
2026-01-09 15:04:36,193 [INFO] WebApp:449 - Apply proxy settings
2026-01-09 15:04:36,194 [INFO] WebApp:534 - Chromium requires no authentication
2026-01-09 15:04:36,194 [WARN] PackLoader:240 - Cannot read IP mode file for STMicroelectronics.X-CUBE-TOF1.3.4.3
2026-01-09 15:04:36,194 [INFO] WebApp:477 - Direct internet connection detected
2026-01-09 15:04:36,217 [WARN] PackLoader:240 - Cannot read IP mode file for Infineon.AIROC-Wi-Fi-Bluetooth-STM32.1.6.1
2026-01-09 15:04:36,224 [WARN] PackLoader:240 - Cannot read IP mode file for wolfSSL.I-CUBE-wolfSSH.1.4.17
2026-01-09 15:04:36,224 [INFO] ThirdParty:978 - Integrity check success = true
2026-01-09 15:04:36,224 [INFO] IntegrityCheckThread:100 - exiting critical section [integrity check]
2026-01-09 15:04:36,224 [INFO] IntegrityCheckThread:103 - End integrity checks thread
2026-01-09 15:04:36,417 [INFO] WebApp:221 - Starting web application
2026-01-09 15:04:36,417 [INFO] WebApp:579 - Web application path used C:\ST\STM32CubeIDE_1.17.0\STM32CubeIDE\plugins\com.st.stm32cube.common.mx_6.13.0.202411220809\db\plugins\mcufinder\reactClient1\index.html
2026-01-09 15:04:36,579 [INFO] WebApp:187 - Connection restablished
2026-01-09 15:10:02,797 [INFO] McuFinderGlobals:63 - Set McuFinder mode to 2 (CubeIDE integrated)
2026-01-09 15:10:02,834 [INFO] MainUpdater:2872 - connection check result : 10
2026-01-09 15:10:02,845 [INFO] MainUpdater:2872 - connection check result : 10
2026-01-09 15:10:03,088 [INFO] MicroXplorer:468 - Change Database Path : 
2026-01-09 15:10:03,089 [INFO] MicroXplorer:498 - Change Database Version : DB.6.0.130
2026-01-09 15:10:03,099 [WARN] ThirdParty:871 - waiting for thirdparty lock release [close project]
2026-01-09 15:10:03,099 [INFO] ThirdParty:873 - entering critical section [close project]
2026-01-09 15:10:03,101 [INFO] ThirdParty:883 - exiting critical section [close project]
2026-01-09 15:10:03,103 [INFO] PinOutPanel:1589 - setPackage(No Configuration,No Configuration)
2026-01-09 15:10:03,107 [INFO] UtilMem:75 - Begin LoadConfig() Used Memory: 929924296 Bytes (1073741824)
2026-01-09 15:10:03,109 [INFO] MicroXplorer:468 - Change Database Path : 
2026-01-09 15:10:03,109 [INFO] MicroXplorer:498 - Change Database Version : DB.6.0.130
2026-01-09 15:10:03,109 [INFO] OpenFileManager:332 - Change cursor
2026-01-09 15:10:03,192 [INFO] Mcu:2035 - Initializing MCU STM32H743IITx STM32H743IITx STM32H743IIT6
2026-01-09 15:10:08,860 [INFO] Context:748 - Trying to add GPIOservice into a context  which must be forbidden
2026-01-09 15:10:11,500 [INFO] RtosManager:555 - Registered RTOS mode: class=CMSIS, group=RTOS, mode=CMSIS_V1, owner=FREERTOS
2026-01-09 15:10:11,501 [INFO] RtosManager:555 - Registered RTOS mode: class=CMSIS, group=RTOS2, mode=CMSIS_V2, owner=FREERTOS
2026-01-09 15:10:11,501 [INFO] RtosManager:555 - Registered RTOS mode: class=RTOS, group=Core, mode=CMSIS_V1, owner=FREERTOS
2026-01-09 15:10:11,501 [INFO] RtosManager:555 - Registered RTOS mode: class=RTOS, group=Core, mode=CMSIS_V2, owner=FREERTOS
2026-01-09 15:10:11,501 [WARN] ModelIntegratedComponent:184 - Missing modes for component STMicroelectronics:FreeRTOS:0.0.1:STMicroelectronics:RTOS:FreeRTOS:Core:::10.2.0:
2026-01-09 15:10:11,509 [WARN] ModelIntegratedComponent:63 - No mode defined for component null
2026-01-09 15:10:11,509 [WARN] ModelIntegratedComponent:63 - No mode defined for component null
2026-01-09 15:10:11,509 [WARN] ModelIntegratedComponent:63 - No mode defined for component null
2026-01-09 15:10:11,509 [WARN] ModelIntegratedComponent:63 - No mode defined for component null
2026-01-09 15:10:11,509 [WARN] ModelIntegratedComponent:63 - No mode defined for component null
2026-01-09 15:10:11,509 [WARN] ModelIntegratedComponent:63 - No mode defined for component null
2026-01-09 15:10:11,509 [WARN] ModelIntegratedComponent:63 - No mode defined for component null
2026-01-09 15:10:11,510 [WARN] ModelIntegratedComponent:63 - No mode defined for component null
2026-01-09 15:10:11,510 [WARN] ModelIntegratedComponent:63 - No mode defined for component null
2026-01-09 15:10:11,510 [WARN] ModelIntegratedComponent:63 - No mode defined for component null
2026-01-09 15:10:11,510 [WARN] ModelIntegratedComponent:63 - No mode defined for component null
2026-01-09 15:10:11,510 [WARN] ModelIntegratedComponent:63 - No mode defined for component null
2026-01-09 15:10:11,510 [WARN] ModelIntegratedComponent:63 - No mode defined for component null
2026-01-09 15:10:11,510 [WARN] ModelIntegratedComponent:63 - No mode defined for component null
2026-01-09 15:10:11,510 [WARN] ModelIntegratedComponent:63 - No mode defined for component null
2026-01-09 15:10:11,510 [WARN] ModelIntegratedComponent:63 - No mode defined for component null
2026-01-09 15:10:11,510 [WARN] ModelIntegratedComponent:63 - No mode defined for component null
2026-01-09 15:10:11,510 [WARN] ModelIntegratedComponent:63 - No mode defined for component null
2026-01-09 15:10:11,510 [WARN] ModelIntegratedComponent:63 - No mode defined for component null
2026-01-09 15:10:11,510 [WARN] ModelIntegratedComponent:63 - No mode defined for component null
2026-01-09 15:10:11,510 [WARN] ModelIntegratedComponent:63 - No mode defined for component null
2026-01-09 15:10:11,510 [WARN] ModelIntegratedComponent:63 - No mode defined for component null
2026-01-09 15:10:11,510 [WARN] ModelIntegratedComponent:63 - No mode defined for component null
2026-01-09 15:10:11,510 [WARN] ModelIntegratedComponent:63 - No mode defined for component null
2026-01-09 15:10:11,510 [WARN] ModelIntegratedComponent:63 - No mode defined for component null
2026-01-09 15:10:11,510 [WARN] ModelIntegratedComponent:63 - No mode defined for component null
2026-01-09 15:10:11,510 [WARN] ModelIntegratedComponent:63 - No mode defined for component null
2026-01-09 15:10:11,510 [WARN] ModelIntegratedComponent:63 - No mode defined for component null
2026-01-09 15:10:11,510 [WARN] ModelIntegratedComponent:63 - No mode defined for component null
2026-01-09 15:10:11,510 [WARN] ModelIntegratedComponent:63 - No mode defined for component null
2026-01-09 15:10:11,510 [WARN] ModelIntegratedComponent:63 - No mode defined for component null
2026-01-09 15:10:11,510 [WARN] ModelIntegratedComponent:63 - No mode defined for component null
2026-01-09 15:10:11,510 [WARN] ModelIntegratedComponent:63 - No mode defined for component null
2026-01-09 15:10:11,510 [WARN] ModelIntegratedComponent:63 - No mode defined for component null
2026-01-09 15:10:11,510 [WARN] ModelIntegratedComponent:63 - No mode defined for component null
2026-01-09 15:10:11,511 [WARN] ModelPack:524 - Component already loaded: STMicroelectronics:HAL Drivers:0.0.0:STMicroelectronics:Device:STMicro_Driver:XSPI:HAL::0.0.1:HAL_XSPI
2026-01-09 15:10:11,730 [INFO] ThirdPartyModel:298 - Start build external matchings
2026-01-09 15:10:12,976 [INFO] ThirdPartyModel:316 - End build external matchings
2026-01-09 15:10:13,015 [WARN] IP:2251 - ClockDivider not found: check if there is a RefParameter without a condition.
2026-01-09 15:10:13,016 [WARN] IP:2251 - ClockDividerCCU not found: check if there is a RefParameter without a condition.
2026-01-09 15:10:13,016 [WARN] IP:2251 - MinOscClkPeriodsCCU not found: check if there is a RefParameter without a condition.
2026-01-09 15:10:13,016 [WARN] IP:2251 - TimeQuantaPerBitTimeCCU not found: check if there is a RefParameter without a condition.
2026-01-09 15:10:13,016 [WARN] IP:2251 - WatchdogStartValueCCU not found: check if there is a RefParameter without a condition.
2026-01-09 15:10:13,022 [WARN] IP:2251 - LayerIdx_L1 not found: check if there is a RefParameter without a condition.
2026-01-09 15:10:13,025 [INFO] ImportTextPane:218 - (OptionalMessage_ERROR) IP (RCC) : Parameter (ADCFreq_Value) has invalid value (129000000)
2026-01-09 15:10:13,041 [INFO] ImportTextPane:218 - (OptionalMessage_ERROR) IP (RCC) : Invalid parameter (FamilyName)
2026-01-09 15:10:13,041 [INFO] ImportTextPane:218 - (OptionalMessage_ERROR) IP (RCC) : Parameter (LPTIM1Freq_Value) has invalid value (64000000)
2026-01-09 15:10:13,041 [INFO] ImportTextPane:218 - (OptionalMessage_ERROR) IP (RCC) : Parameter (LPTIM2Freq_Value) has invalid value (64000000)
2026-01-09 15:10:13,041 [INFO] ImportTextPane:218 - (OptionalMessage_ERROR) IP (RCC) : Parameter (LPTIM345Freq_Value) has invalid value (64000000)
2026-01-09 15:10:13,041 [INFO] ImportTextPane:218 - (OptionalMessage_ERROR) IP (RCC) : Parameter (LPUART1Freq_Value) has invalid value (64000000)
2026-01-09 15:10:13,043 [INFO] ImportTextPane:218 - (OptionalMessage_ERROR) IP (RCC) : Parameter (SPI45Freq_Value) has invalid value (64000000)
2026-01-09 15:10:13,043 [INFO] ImportTextPane:218 - (OptionalMessage_ERROR) IP (RCC) : Parameter (SPI6Freq_Value) has invalid value (64000000)
2026-01-09 15:10:13,043 [INFO] ImportTextPane:218 - (OptionalMessage_ERROR) IP (RCC) : Parameter (SWPMI1Freq_Value) has invalid value (64000000)
2026-01-09 15:10:13,043 [INFO] ImportTextPane:218 - (OptionalMessage_ERROR) IP (RCC) : Parameter (USART16Freq_Value) has invalid value (64000000)
2026-01-09 15:10:13,043 [INFO] ImportTextPane:218 - (OptionalMessage_ERROR) IP (RCC) : Parameter (USART234578Freq_Value) has invalid value (64000000)
2026-01-09 15:10:14,103 [INFO] ApiDb:581 - Connected to CubeFinder SQLite database (C:\Users\kamil\.stmcufinder\plugins\mcufinder\mcu\cube-finder-db.db)
2026-01-09 15:10:14,176 [INFO] ApiDb:668 - CubeFinder database Data Model version=2.1
2026-01-09 15:10:14,176 [INFO] ApiDb:669 - CubeFinder database Configuration version=3.0.39
2026-01-09 15:10:14,176 [INFO] ApiDb:670 - CubeFinder database generation date=2025-11-05 (1762334721)
2026-01-09 15:10:14,177 [INFO] ApiDb:671 - CubeFinder database FW Pack versions=[FP-ATR-ASTRA1_V2.0.0, FP-SNS-FLIGHT1_V5.1.0, FP-SNS-MOTENV1_V5.1.0, FP-SNS-MOTENVWB1_V1.4.0, FP-SNS-SMARTAG2_V1.2.0, FP-SNS-STBOX1_V2.1.0, STM32Cube_FW_C0_V1.4.0, STM32Cube_FW_F4_V1.28.3, STM32Cube_FW_F7_V1.17.4, STM32Cube_FW_G0_V1.6.2, STM32Cube_FW_G4_V1.6.1, STM32Cube_FW_H5_V1.5.1, STM32Cube_FW_H7RS_V1.3.0, STM32Cube_FW_H7_V1.12.1, STM32Cube_FW_L0_V1.12.2, STM32Cube_FW_L4_V1.18.1, STM32Cube_FW_L5_V1.6.0, STM32Cube_FW_N6_V1.3.0, STM32Cube_FW_U0_V1.3.0, STM32Cube_FW_U3_V1.2.1, STM32Cube_FW_U5_V1.8.0, STM32Cube_FW_WB0_V1.4.0, STM32Cube_FW_WBA_V1.8.0, STM32Cube_FW_WB_V1.24.0, STM32Cube_FW_WL3_V1.3.0, STM32Cube_FW_WL_V1.4.0, X-CUBE-ALGOBUILD_V1.4.0, X-CUBE-ALS_V1.0.2, X-CUBE-AZRTOS-F4_V1.1.0, X-CUBE-AZRTOS-F7_V1.1.0, X-CUBE-AZRTOS-G0_V1.1.0, X-CUBE-AZRTOS-G4_V2.0.0, X-CUBE-AZRTOS-H7RS_V1.1.0, X-CUBE-AZRTOS-H7_V3.4.0, X-CUBE-AZRTOS-L4_V2.0.0, X-CUBE-AZRTOS-L5_V2.0.0, X-CUBE-AZRTOS-WB_V2.0.0, X-CUBE-AZRTOS-WL_V2.0.0, X-CUBE-BLE1_V7.1.0, X-CUBE-BLE2_V3.3.0, X-CUBE-BLEMGR_V4.1.0, X-CUBE-EEPRMA1_V5.2.0, X-CUBE-FREERTOS_V1.3.1, X-CUBE-GNSS1_V6.0.0, X-CUBE-MEMS1_V11.3.0, X-CUBE-NFC4_V3.0.0, X-CUBE-NFC7_V2.0.0, X-CUBE-SFXS2LP1_V4.0.0, X-CUBE-ST67W61_V1.1.0, X-CUBE-SUBG2_V5.0.0, X-CUBE-TOF1_V3.4.3]
2026-01-09 15:10:14,241 [INFO] DbBoardsSqlite:226 - include board P-NUCLEO-WB55-NUCLEO as a kit item of type 'Nucleo-64'
2026-01-09 15:10:14,241 [INFO] DbBoardsSqlite:226 - include board P-NUCLEO-WB55-USBDONGLE as a kit item of type 'Nucleo USB Dongle'
2026-01-09 15:10:14,241 [INFO] DbBoardsSqlite:226 - include board STEVAL-IDP005V1 as a kit item of type 'Evaluation Board'
2026-01-09 15:10:14,241 [INFO] DbBoardsSqlite:226 - include board STEVAL-IDP005V2 as a kit item of type 'Evaluation Board'
2026-01-09 15:10:14,316 [INFO] ApiDb:240 - Found 858 in-development CPN: [B-G473E-ZEST1S, B-WB1M-WPAN1, B-WBA5M-WPAN, B-WL5M-SUBG1, NUCLEO-C031C6, NUCLEO-C051C8, NUCLEO-C071RB, NUCLEO-C092RC, NUCLEO-H503RB, NUCLEO-H533RE, NUCLEO-H563ZI, NUCLEO-H7S3L8, NUCLEO-N657X0-Q, NUCLEO-U031R8, NUCLEO-U083RC, NUCLEO-U385RG-Q, NUCLEO-U545RE-Q, NUCLEO-U5A5ZJ-Q, NUCLEO-WB05KZ, NUCLEO-WB07CC, NUCLEO-WB09KE, NUCLEO-WBA52CG, NUCLEO-WBA55CG, NUCLEO-WL33CC1, NUCLEO-WL33CC2, STEVAL-PROTEUS1, STEVAL-SMARTAG2, STEVAL-STWINBX1, STM320518-EVAL, STM32C0116-DK, STM32C011D6Y3TR, STM32C011D6Y6TR, STM32C011F4P3, STM32C011F4P6, STM32C011F4U3, STM32C011F4U6TR, STM32C011F6P3, STM32C011F6P6, STM32C011F6U3, STM32C011F6U6TR, STM32C011J4M3, STM32C011J4M6, STM32C011J6M3, STM32C011J6M6, STM32C0316-DK, STM32C031C4T3, STM32C031C4T6, STM32C031C4U3, STM32C031C4U6, STM32C031C6T3, STM32C031C6T6, STM32C031C6U3, STM32C031C6U6, STM32C031F4P3, STM32C031F4P6, STM32C031F6P3, STM32C031F6P6, STM32C031G4U3, STM32C031G4U6, STM32C031G6U3, STM32C031G6U6, STM32C031K4T3, STM32C031K4T6, STM32C031K4U3, STM32C031K4U6, STM32C031K6T3, STM32C031K6T6, STM32C031K6U3, STM32C031K6U6, STM32C051C6T6, STM32C051C6U6, STM32C051C8T6, STM32C051C8U6, STM32C051D8Y6TR, STM32C051F6P6, STM32C051F8P6, STM32C051G6U6, STM32C051G8U6, STM32C051K6T6, STM32C051K6U6, STM32C051K8T6, STM32C071C8T6, STM32C071C8T6N, STM32C071C8U6, STM32C071C8U6N, STM32C071CBT6, STM32C071CBT6N, STM32C071CBU6, STM32C071CBU6N, STM32C071F8P6, STM32C071F8P6N, STM32C071FBP6, STM32C071FBP6N, STM32C071FBY6TR, STM32C071G8U6, STM32C071G8U6N, STM32C071GBU6, STM32C071GBU6N, STM32C071K8T6, STM32C071K8T6N, STM32C071K8U6, STM32C071K8U6N, STM32C071KBT6, STM32C071KBT6N, STM32C071KBU6, STM32C071KBU6N, STM32C071R8T6, STM32C071R8T6N, STM32C071RBI6N, STM32C071RBT6, STM32C071RBT6N, STM32C091CBT6, STM32C091CBU6, STM32C091CCT6, STM32C091CCU6, STM32C091ECY6TR, STM32C091FBP6, STM32C091FCP6, STM32C091GBU6, STM32C091GCU6, STM32C091KBT6, STM32C091KBU6, STM32C091KCT6, STM32C091KCU6, STM32C091RBT6, STM32C091RCI6, STM32C091RCT6, STM32C092CBT6, STM32C092CBU6, STM32C092CCT6, STM32C092CCU6, STM32C092ECY6TR, STM32C092FBP6, STM32C092FCP6, STM32C092GBU6, STM32C092GCU6, STM32C092KBT6, STM32C092KBU6, STM32C092KCT6, STM32C092KCU6, STM32C092RBT6, STM32C092RCI6, STM32C092RCT6, STM32G071K8TXN, STM32G071K8UXN, STM32G081GBU6N, STM32G081KBT6N, STM32G081KBUXN, STM32G0B1CCT6N, STM32G0B1KCT6, STM32G0B1NEY6TR, STM32G0B1RCT6N, STM32G0C1CCT6, STM32G0C1CCT6N, STM32G0C1CCU6N, STM32G0C1CET6N, STM32G0C1CEU6N, STM32G0C1KCT6, STM32G0C1NEY6TR, STM32G0C1RCI6N, STM32G0C1RCT6N, STM32G0C1REI6N, STM32G0C1RET6N, STM32G0C1VCI6, STM32G0C1VEI6, STM32G411C6T3, STM32G411C6T6, STM32G411C6U3, STM32G411C6U6, STM32G411C8T3, STM32G411C8T6, STM32G411C8U3, STM32G411C8U6, STM32G411CBT3, STM32G411CBT6, STM32G411CBU3, STM32G411CBU6, STM32G411CCT3, STM32G411CCT6, STM32G411CCU3, STM32G411CCU6, STM32G411K6T3, STM32G411K6T6, STM32G411K6U3, STM32G411K6U6, STM32G411K8T3, STM32G411K8T6, STM32G411K8U3, STM32G411K8U6, STM32G411KBT3, STM32G411KBT6, STM32G411KBU3, STM32G411KBU6, STM32G411M6T3, STM32G411M6T6, STM32G411M8T3, STM32G411M8T6, STM32G411MBT3, STM32G411MBT6, STM32G411MCT3, STM32G411MCT6, STM32G411R6T3, STM32G411R6T6, STM32G411R8T3, STM32G411R8T6, STM32G411RBT3, STM32G411RBT6, STM32G411RCT3, STM32G411RCT6, STM32G414CBT3, STM32G414CBT6, STM32G414CBU3, STM32G414CBU6, STM32G414CCT3, STM32G414CCT6, STM32G414CCU3, STM32G414CCU6, STM32G414MBT3, STM32G414MBT6, STM32G414MCT3, STM32G414MCT6, STM32G414RBT3, STM32G414RBT6, STM32G414RCT3, STM32G414RCT6, STM32G414VBT3, STM32G414VBT6, STM32G414VCT3, STM32G414VCT6, STM32G431CBT3Z, STM32G431RBT3Z, STM32G471CCT6, STM32G471CCU6, STM32G471CET3, STM32G471CET6, STM32G471CEU3, STM32G471CEU6, STM32G471MCT6, STM32G471MET3, STM32G471MET6, STM32G471MEY6TR, STM32G471QCT6, STM32G471QET3, STM32G471RCT6, STM32G471RET3, STM32G471RET6, STM32G471VCH6, STM32G471VCI6, STM32G471VCT6, STM32G471VEH3, STM32G471VEH6, STM32G471VEI3, STM32G471VEI6, STM32G471VET3, STM32G471VET6, STM32G473QET3Z, STM32G473RET3Z, STM32G474CCT6, STM32G491RET3Z, STM32H503CBT6, STM32H503CBU6, STM32H503EBY6TR, STM32H503KBU6, STM32H503RBT6, STM32H523CCT6, STM32H523CCU6, STM32H523CET6, STM32H523CEU6, STM32H523HEY6TR, STM32H523RCT6, STM32H523RET6, STM32H523VCI6, STM32H523VCT6, STM32H523VEI6, STM32H523VET6, STM32H523ZCJ6, STM32H523ZCT6, STM32H523ZEJ6, STM32H523ZET6, STM32H533CET6, STM32H533CEU6, STM32H533HEY6TR, STM32H533RET6, STM32H533VEI6, STM32H533VET6, STM32H533ZEJ6, STM32H533ZET6, STM32H562AGI6, STM32H562AII6, STM32H562IGK6, STM32H562IGT6, STM32H562IIK6, STM32H562IIT6, STM32H562RGT6, STM32H562RGV6, STM32H562RIT6, STM32H562RIV6, STM32H562VGT6, STM32H562VIT6, STM32H562ZGT6, STM32H562ZIT6, STM32H563AGI6, STM32H563AII3Q, STM32H563AII6, STM32H563IGK6, STM32H563IGT6, STM32H563IIK3Q, STM32H563IIK6, STM32H563IIT3Q, STM32H563IIT6, STM32H563MIY3QTR, STM32H563RGT6, STM32H563RGV6, STM32H563RIT6, STM32H563RIV6, STM32H563VGT6, STM32H563VIT3Q, STM32H563VIT6, STM32H563ZGT6, STM32H563ZIT3Q, STM32H563ZIT6, STM32H573AII3Q, STM32H573AII6, STM32H573I-DK, STM32H573IIK3Q, STM32H573IIK6, STM32H573IIT3Q, STM32H573IIT6, STM32H573MIY3QTR, STM32H573RIT6, STM32H573RIV6, STM32H573VIT3Q, STM32H573VIT6, STM32H573ZIT3Q, STM32H573ZIT6, STM32H7R3A8I6, STM32H7R3I8K6, STM32H7R3I8T6, STM32H7R3L8H6, STM32H7R3L8H6H, STM32H7R3R8V6, STM32H7R3V8H6, STM32H7R3V8T6, STM32H7R3V8Y6TR, STM32H7R3Z8J6, STM32H7R3Z8T6, STM32H7R7A8I6, STM32H7R7I8K6, STM32H7R7I8T6, STM32H7R7L8H6, STM32H7R7L8H6H, STM32H7R7Z8J6, STM32H7S3A8I6, STM32H7S3I8K6, STM32H7S3I8T6, STM32H7S3L8H6, STM32H7S3L8H6H, STM32H7S3R8V6, STM32H7S3V8H6, STM32H7S3V8T6, STM32H7S3V8Y6TR, STM32H7S3Z8J6, STM32H7S3Z8T6, STM32H7S78-DK, STM32H7S7A8I6, STM32H7S7I8K6, STM32H7S7I8T6, STM32H7S7L8H6, STM32H7S7L8H6H, STM32H7S7Z8J6, STM32L4R5QGI6STR, STM32MP131AAE3, STM32MP131AAF3, STM32MP131AAG3, STM32MP131CAE3, STM32MP131CAF3, STM32MP131CAG3, STM32MP131DAE7, STM32MP131DAF7, STM32MP131DAG7, STM32MP131FAE7, STM32MP131FAF7, STM32MP131FAG7, STM32MP133AAE3, STM32MP133AAF3, STM32MP133AAG3, STM32MP133CAE3, STM32MP133CAF3, STM32MP133CAG3, STM32MP133DAE7, STM32MP133DAF7, STM32MP133DAG7, STM32MP133FAE7, STM32MP133FAF7, STM32MP133FAG7, STM32MP135AAE3, STM32MP135AAF3, STM32MP135AAG3, STM32MP135CAE3, STM32MP135CAF3, STM32MP135CAG3, STM32MP135DAE7, STM32MP135DAF7, STM32MP135DAG7, STM32MP135F-DK, STM32MP135FAE7, STM32MP135FAF7, STM32MP135FAF7T, STM32MP135FAF7U, STM32MP135FAG7, STM32MP231AAJ3, STM32MP231AAK3, STM32MP231AAL3, STM32MP231CAJ3, STM32MP231CAK3, STM32MP231CAL3, STM32MP231DAJ3, STM32MP231DAK3, STM32MP231DAL3, STM32MP231FAJ3, STM32MP231FAK3, STM32MP231FAL3, STM32MP233AAJ3, STM32MP233AAK3, STM32MP233AAL3, STM32MP233CAJ3, STM32MP233CAK3, STM32MP233CAL3, STM32MP233DAJ3, STM32MP233DAK3, STM32MP233DAL3, STM32MP233FAJ3, STM32MP233FAK3, STM32MP233FAL3, STM32MP235AAJ3, STM32MP235AAK3, STM32MP235AAL3, STM32MP235CAJ3, STM32MP235CAK3, STM32MP235CAL3, STM32MP235DAJ3, STM32MP235DAK3, STM32MP235DAL3, STM32MP235FAJ3, STM32MP235FAK3, STM32MP235FAL3, STM32MP251AAI3, STM32MP251AAJ3, STM32MP251AAK3, STM32MP251AAL3, STM32MP251CAI3, STM32MP251CAJ3, STM32MP251CAK3, STM32MP251CAL3, STM32MP251DAI3, STM32MP251DAJ3, STM32MP251DAK3, STM32MP251DAL3, STM32MP251FAI3, STM32MP251FAJ3, STM32MP251FAK3, STM32MP251FAL3, STM32MP253AAI3, STM32MP253AAJ3, STM32MP253AAK3, STM32MP253AAL3, STM32MP253CAI3, STM32MP253CAJ3, STM32MP253CAK3, STM32MP253CAL3, STM32MP253DAI3, STM32MP253DAJ3, STM32MP253DAK3, STM32MP253DAL3, STM32MP253FAI3, STM32MP253FAJ3, STM32MP253FAK3, STM32MP253FAL3, STM32MP255AAI3, STM32MP255AAJ3, STM32MP255AAK3, STM32MP255AAL3, STM32MP255CAI3, STM32MP255CAJ3, STM32MP255CAK3, STM32MP255CAL3, STM32MP255DAI3, STM32MP255DAJ3, STM32MP255DAK3, STM32MP255DAL3, STM32MP255FAI3, STM32MP255FAJ3, STM32MP255FAK3, STM32MP255FAL3, STM32MP257AAI3, STM32MP257AAJ3, STM32MP257AAK3, STM32MP257AAL3, STM32MP257CAI3, STM32MP257CAJ3, STM32MP257CAK3, STM32MP257CAL3, STM32MP257DAI3, STM32MP257DAJ3, STM32MP257DAK3, STM32MP257DAL3, STM32MP257F-DK, STM32MP257F-EV1, STM32MP257FAI3, STM32MP257FAJ3, STM32MP257FAK3, STM32MP257FAL3, STM32N645A0H3Q, STM32N645B0H3Q, STM32N645I0H3Q, STM32N645L0H3Q, STM32N645X0H3Q, STM32N645Z0H3Q, STM32N647A0H3Q, STM32N647B0H3Q, STM32N647I0H3Q, STM32N647L0H3Q, STM32N647X0H3Q, STM32N647Z0H3Q, STM32N655A0H3Q, STM32N655B0H3Q, STM32N655I0H3Q, STM32N655L0H3Q, STM32N655X0H3Q, STM32N655Z0H3Q, STM32N6570-DK, STM32N657A0H3Q, STM32N657B0H3Q, STM32N657I0H3Q, STM32N657L0H3Q, STM32N657X0H3Q, STM32N657Z0H3Q, STM32U031C6T6, STM32U031C6U6, STM32U031C8T6, STM32U031C8U6, STM32U031F4P6, STM32U031F6P6, STM32U031F8P6, STM32U031G6Y6TR, STM32U031G8Y6TR, STM32U031K4U6, STM32U031K6U6, STM32U031K8U6, STM32U031R6I6, STM32U031R6T6, STM32U031R8I6, STM32U031R8T6, STM32U073C8T6, STM32U073C8U6, STM32U073CBT6, STM32U073CBU6, STM32U073CCT6, STM32U073CCU6, STM32U073H8Y6TR, STM32U073HBY6TR, STM32U073HCY6TR, STM32U073K8U6, STM32U073KBU6, STM32U073KCU6, STM32U073M8I6, STM32U073M8T6, STM32U073MBI6, STM32U073MBT6, STM32U073MCI6, STM32U073MCT6, STM32U073R8I6, STM32U073R8T6, STM32U073RBI6, STM32U073RBT6, STM32U073RCI6, STM32U073RCT6, STM32U083C-DK, STM32U083CCT6, STM32U083CCU6, STM32U083HCY6TR, STM32U083KCU6, STM32U083MCI6, STM32U083MCT6, STM32U083RCI6, STM32U083RCT6, STM32U375CET6, STM32U375CET6Q, STM32U375CEU6, STM32U375CEU6Q, STM32U375CEY6QTR, STM32U375CGT6, STM32U375CGT6Q, STM32U375CGU6, STM32U375CGU6Q, STM32U375CGY6QTR, STM32U375KEU6, STM32U375KGU6, STM32U375REI6, STM32U375REI6Q, STM32U375RET6, STM32U375RET6Q, STM32U375REY6GTR, STM32U375REY6QTR, STM32U375RGI6, STM32U375RGI6Q, STM32U375RGT6, STM32U375RGT6Q, STM32U375RGY6GTR, STM32U375RGY6QTR, STM32U375VEI6, STM32U375VEI6Q, STM32U375VET6, STM32U375VET6Q, STM32U375VGI6, STM32U375VGI6Q, STM32U375VGT6, STM32U375VGT6Q, STM32U385CGT6, STM32U385CGT6Q, STM32U385CGU6, STM32U385CGU6Q, STM32U385CGY6QTR, STM32U385KGU6, STM32U385RGI6, STM32U385RGI6Q, STM32U385RGT6, STM32U385RGT6Q, STM32U385RGY6GTR, STM32U385RGY6QTR, STM32U385VGI6, STM32U385VGI6Q, STM32U385VGT6, STM32U385VGT6Q, STM32U535CBT6, STM32U535CBT6Q, STM32U535CBU6, STM32U535CBU6Q, STM32U535CCT6, STM32U535CCT6Q, STM32U535CCU6, STM32U535CCU6Q, STM32U535CET6, STM32U535CET6Q, STM32U535CEU6, STM32U535CEU6Q, STM32U535JEY6QTR, STM32U535NCY6QTR, STM32U535NEY6QTR, STM32U535RBI6, STM32U535RBI6Q, STM32U535RBT6, STM32U535RBT6Q, STM32U535RCI6, STM32U535RCI6Q, STM32U535RCT6, STM32U535RCT6Q, STM32U535REI6, STM32U535REI6Q, STM32U535RET6, STM32U535RET6Q, STM32U535VCI6, STM32U535VCI6Q, STM32U535VCT6, STM32U535VCT6Q, STM32U535VEI6, STM32U535VEI6Q, STM32U535VET6, STM32U535VET6Q, STM32U545CET6, STM32U545CET6Q, STM32U545CEU6, STM32U545CEU6Q, STM32U545JEY6QTR, STM32U545NEY6QTR, STM32U545REI6, STM32U545REI6Q, STM32U545RET6, STM32U545RET6Q, STM32U545VEI6, STM32U545VEI6Q, STM32U545VET6, STM32U545VET6Q, STM32U595AIH6, STM32U595AIH6Q, STM32U595AJH6, STM32U595AJH6Q, STM32U595QII6, STM32U595QII6Q, STM32U595QJI6, STM32U595QJI6Q, STM32U595RIT6, STM32U595RIT6Q, STM32U595RJT6, STM32U595RJT6Q, STM32U595VIT6, STM32U595VIT6Q, STM32U595VJT6, STM32U595VJT6Q, STM32U595ZIT6, STM32U595ZIT6Q, STM32U595ZIY6QTR, STM32U595ZJT6, STM32U595ZJT6Q, STM32U595ZJY6QTR, STM32U599BJY6QTR, STM32U599NIH6Q, STM32U599NJH6Q, STM32U599VIT6Q, STM32U599VJT6, STM32U599VJT6Q, STM32U599ZIT6Q, STM32U599ZIY6QTR, STM32U599ZJT6Q, STM32U599ZJY6QTR, STM32U5A5AJH6, STM32U5A5AJH6Q, STM32U5A5QII3Q , STM32U5A5QJI6, STM32U5A5QJI6Q, STM32U5A5RJT6, STM32U5A5RJT6Q, STM32U5A5VJT6, STM32U5A5VJT6Q, STM32U5A5ZJT6, STM32U5A5ZJT6Q, STM32U5A5ZJY6QTR, STM32U5A9BJY6QTR, STM32U5A9J-DK, STM32U5A9NJH6Q, STM32U5A9VJT6Q, STM32U5A9ZJT6Q, STM32U5A9ZJY6QTR, STM32U5F7VIT6, STM32U5F7VIT6Q, STM32U5F7VJT6, STM32U5F7VJT6Q, STM32U5F9BJY6QTR, STM32U5F9NJH6Q, STM32U5F9VIT6Q, STM32U5F9VJT6Q, STM32U5F9ZIJ6QTR, STM32U5F9ZIT6Q, STM32U5F9ZJJ6QTR, STM32U5F9ZJT6Q, STM32U5G7VJT6, STM32U5G7VJT6Q, STM32U5G9BJY6QTR, STM32U5G9J-DK1, STM32U5G9J-DK2, STM32U5G9NJH6Q, STM32U5G9VJT6Q, STM32U5G9ZJJ6QTR, STM32U5G9ZJT6Q, STM32WB05KZV6TR, STM32WB05KZV7TR, STM32WB05TZF6TR, STM32WB05TZF7TR, STM32WB06CCF6TR, STM32WB06CCF7TR, STM32WB06CCV6TR, STM32WB06CCV7TR, STM32WB06KCV6TR, STM32WB06KCV7TR, STM32WB07CCF6TR, STM32WB07CCF7TR, STM32WB07CCV6TR, STM32WB07CCV7TR, STM32WB07KCV6TR, STM32WB07KCV7TR, STM32WB09KEV6TR, STM32WB09KEV7TR, STM32WB09TEF6TR, STM32WB09TEF7TR, STM32WB1MMCH6, STM32WBA50KGU6, STM32WBA50KGU6TR, STM32WBA52CEU6, STM32WBA52CEU6TR, STM32WBA52CEU7, STM32WBA52CEU7TR, STM32WBA52CGU6, STM32WBA52CGU6TR, STM32WBA52CGU6U, STM32WBA52CGU7, STM32WBA52CGU7TR, STM32WBA52KEU6, STM32WBA52KEU6TR, STM32WBA52KGU6, STM32WBA52KGU6TR, STM32WBA54CEU6, STM32WBA54CEU6TR, STM32WBA54CEU7, STM32WBA54CEU7TR, STM32WBA54CGU6, STM32WBA54CGU6TR, STM32WBA54CGU7, STM32WBA54CGU7TR, STM32WBA54KEU6, STM32WBA54KEU6TR, STM32WBA54KEU7, STM32WBA54KEU7TR, STM32WBA54KGU6, STM32WBA54KGU6TR, STM32WBA54KGU7, STM32WBA54KGU7TR, STM32WBA55CEU6, STM32WBA55CEU6TR, STM32WBA55CEU7, STM32WBA55CEU7TR, STM32WBA55CGU6, STM32WBA55CGU6TR, STM32WBA55CGU6U, STM32WBA55CGU7, STM32WBA55CGU7TR, STM32WBA55G-DK1, STM32WBA55HEF6, STM32WBA55HEF7, STM32WBA55HGF6, STM32WBA55HGF7, STM32WBA55UEI6, STM32WBA55UEI6TR, STM32WBA55UEI7, STM32WBA55UEI7TR, STM32WBA55UGI6, STM32WBA55UGI6TR, STM32WBA55UGI7, STM32WBA55UGI7TR, STM32WBA5MJGH6TR, STM32WBA5MJGH6U, STM32WL33C8V6, STM32WL33C8V6TR, STM32WL33C8V7, STM32WL33C8V7TR, STM32WL33CBV6, STM32WL33CBV6TR, STM32WL33CBV7, STM32WL33CBV7TR, STM32WL33CCV6, STM32WL33CCV6TR, STM32WL33CCV7, STM32WL33CCV7A, STM32WL33CCV7ATR, STM32WL33CCV7TR, STM32WL33K8V6, STM32WL33K8V6TR, STM32WL33K8V7, STM32WL33K8V7TR, STM32WL33KBV6, STM32WL33KBV6TR, STM32WL33KBV7, STM32WL33KBV7TR, STM32WL33KCV6, STM32WL33KCV6TR, STM32WL33KCV7, STM32WL33KCV7TR, STM32WL5MOCH6, STM32WL5MOCH6TR]
2026-01-09 15:10:14,323 [INFO] ApiDb:668 - CubeFinder database Data Model version=2.1
2026-01-09 15:10:14,323 [INFO] ApiDb:669 - CubeFinder database Configuration version=3.0.39
2026-01-09 15:10:14,323 [INFO] ApiDb:670 - CubeFinder database generation date=2025-11-05 (1762334721)
2026-01-09 15:10:14,323 [INFO] ApiDb:671 - CubeFinder database FW Pack versions=[FP-ATR-ASTRA1_V2.0.0, FP-SNS-FLIGHT1_V5.1.0, FP-SNS-MOTENV1_V5.1.0, FP-SNS-MOTENVWB1_V1.4.0, FP-SNS-SMARTAG2_V1.2.0, FP-SNS-STBOX1_V2.1.0, STM32Cube_FW_C0_V1.4.0, STM32Cube_FW_F4_V1.28.3, STM32Cube_FW_F7_V1.17.4, STM32Cube_FW_G0_V1.6.2, STM32Cube_FW_G4_V1.6.1, STM32Cube_FW_H5_V1.5.1, STM32Cube_FW_H7RS_V1.3.0, STM32Cube_FW_H7_V1.12.1, STM32Cube_FW_L0_V1.12.2, STM32Cube_FW_L4_V1.18.1, STM32Cube_FW_L5_V1.6.0, STM32Cube_FW_N6_V1.3.0, STM32Cube_FW_U0_V1.3.0, STM32Cube_FW_U3_V1.2.1, STM32Cube_FW_U5_V1.8.0, STM32Cube_FW_WB0_V1.4.0, STM32Cube_FW_WBA_V1.8.0, STM32Cube_FW_WB_V1.24.0, STM32Cube_FW_WL3_V1.3.0, STM32Cube_FW_WL_V1.4.0, X-CUBE-ALGOBUILD_V1.4.0, X-CUBE-ALS_V1.0.2, X-CUBE-AZRTOS-F4_V1.1.0, X-CUBE-AZRTOS-F7_V1.1.0, X-CUBE-AZRTOS-G0_V1.1.0, X-CUBE-AZRTOS-G4_V2.0.0, X-CUBE-AZRTOS-H7RS_V1.1.0, X-CUBE-AZRTOS-H7_V3.4.0, X-CUBE-AZRTOS-L4_V2.0.0, X-CUBE-AZRTOS-L5_V2.0.0, X-CUBE-AZRTOS-WB_V2.0.0, X-CUBE-AZRTOS-WL_V2.0.0, X-CUBE-BLE1_V7.1.0, X-CUBE-BLE2_V3.3.0, X-CUBE-BLEMGR_V4.1.0, X-CUBE-EEPRMA1_V5.2.0, X-CUBE-FREERTOS_V1.3.1, X-CUBE-GNSS1_V6.0.0, X-CUBE-MEMS1_V11.3.0, X-CUBE-NFC4_V3.0.0, X-CUBE-NFC7_V2.0.0, X-CUBE-SFXS2LP1_V4.0.0, X-CUBE-ST67W61_V1.1.0, X-CUBE-SUBG2_V5.0.0, X-CUBE-TOF1_V3.4.3]
2026-01-09 15:10:16,356 [INFO] ApiDb:240 - Found 858 in-development CPN: [B-G473E-ZEST1S, B-WB1M-WPAN1, B-WBA5M-WPAN, B-WL5M-SUBG1, NUCLEO-C031C6, NUCLEO-C051C8, NUCLEO-C071RB, NUCLEO-C092RC, NUCLEO-H503RB, NUCLEO-H533RE, NUCLEO-H563ZI, NUCLEO-H7S3L8, NUCLEO-N657X0-Q, NUCLEO-U031R8, NUCLEO-U083RC, NUCLEO-U385RG-Q, NUCLEO-U545RE-Q, NUCLEO-U5A5ZJ-Q, NUCLEO-WB05KZ, NUCLEO-WB07CC, NUCLEO-WB09KE, NUCLEO-WBA52CG, NUCLEO-WBA55CG, NUCLEO-WL33CC1, NUCLEO-WL33CC2, STEVAL-PROTEUS1, STEVAL-SMARTAG2, STEVAL-STWINBX1, STM320518-EVAL, STM32C0116-DK, STM32C011D6Y3TR, STM32C011D6Y6TR, STM32C011F4P3, STM32C011F4P6, STM32C011F4U3, STM32C011F4U6TR, STM32C011F6P3, STM32C011F6P6, STM32C011F6U3, STM32C011F6U6TR, STM32C011J4M3, STM32C011J4M6, STM32C011J6M3, STM32C011J6M6, STM32C0316-DK, STM32C031C4T3, STM32C031C4T6, STM32C031C4U3, STM32C031C4U6, STM32C031C6T3, STM32C031C6T6, STM32C031C6U3, STM32C031C6U6, STM32C031F4P3, STM32C031F4P6, STM32C031F6P3, STM32C031F6P6, STM32C031G4U3, STM32C031G4U6, STM32C031G6U3, STM32C031G6U6, STM32C031K4T3, STM32C031K4T6, STM32C031K4U3, STM32C031K4U6, STM32C031K6T3, STM32C031K6T6, STM32C031K6U3, STM32C031K6U6, STM32C051C6T6, STM32C051C6U6, STM32C051C8T6, STM32C051C8U6, STM32C051D8Y6TR, STM32C051F6P6, STM32C051F8P6, STM32C051G6U6, STM32C051G8U6, STM32C051K6T6, STM32C051K6U6, STM32C051K8T6, STM32C071C8T6, STM32C071C8T6N, STM32C071C8U6, STM32C071C8U6N, STM32C071CBT6, STM32C071CBT6N, STM32C071CBU6, STM32C071CBU6N, STM32C071F8P6, STM32C071F8P6N, STM32C071FBP6, STM32C071FBP6N, STM32C071FBY6TR, STM32C071G8U6, STM32C071G8U6N, STM32C071GBU6, STM32C071GBU6N, STM32C071K8T6, STM32C071K8T6N, STM32C071K8U6, STM32C071K8U6N, STM32C071KBT6, STM32C071KBT6N, STM32C071KBU6, STM32C071KBU6N, STM32C071R8T6, STM32C071R8T6N, STM32C071RBI6N, STM32C071RBT6, STM32C071RBT6N, STM32C091CBT6, STM32C091CBU6, STM32C091CCT6, STM32C091CCU6, STM32C091ECY6TR, STM32C091FBP6, STM32C091FCP6, STM32C091GBU6, STM32C091GCU6, STM32C091KBT6, STM32C091KBU6, STM32C091KCT6, STM32C091KCU6, STM32C091RBT6, STM32C091RCI6, STM32C091RCT6, STM32C092CBT6, STM32C092CBU6, STM32C092CCT6, STM32C092CCU6, STM32C092ECY6TR, STM32C092FBP6, STM32C092FCP6, STM32C092GBU6, STM32C092GCU6, STM32C092KBT6, STM32C092KBU6, STM32C092KCT6, STM32C092KCU6, STM32C092RBT6, STM32C092RCI6, STM32C092RCT6, STM32G071K8TXN, STM32G071K8UXN, STM32G081GBU6N, STM32G081KBT6N, STM32G081KBUXN, STM32G0B1CCT6N, STM32G0B1KCT6, STM32G0B1NEY6TR, STM32G0B1RCT6N, STM32G0C1CCT6, STM32G0C1CCT6N, STM32G0C1CCU6N, STM32G0C1CET6N, STM32G0C1CEU6N, STM32G0C1KCT6, STM32G0C1NEY6TR, STM32G0C1RCI6N, STM32G0C1RCT6N, STM32G0C1REI6N, STM32G0C1RET6N, STM32G0C1VCI6, STM32G0C1VEI6, STM32G411C6T3, STM32G411C6T6, STM32G411C6U3, STM32G411C6U6, STM32G411C8T3, STM32G411C8T6, STM32G411C8U3, STM32G411C8U6, STM32G411CBT3, STM32G411CBT6, STM32G411CBU3, STM32G411CBU6, STM32G411CCT3, STM32G411CCT6, STM32G411CCU3, STM32G411CCU6, STM32G411K6T3, STM32G411K6T6, STM32G411K6U3, STM32G411K6U6, STM32G411K8T3, STM32G411K8T6, STM32G411K8U3, STM32G411K8U6, STM32G411KBT3, STM32G411KBT6, STM32G411KBU3, STM32G411KBU6, STM32G411M6T3, STM32G411M6T6, STM32G411M8T3, STM32G411M8T6, STM32G411MBT3, STM32G411MBT6, STM32G411MCT3, STM32G411MCT6, STM32G411R6T3, STM32G411R6T6, STM32G411R8T3, STM32G411R8T6, STM32G411RBT3, STM32G411RBT6, STM32G411RCT3, STM32G411RCT6, STM32G414CBT3, STM32G414CBT6, STM32G414CBU3, STM32G414CBU6, STM32G414CCT3, STM32G414CCT6, STM32G414CCU3, STM32G414CCU6, STM32G414MBT3, STM32G414MBT6, STM32G414MCT3, STM32G414MCT6, STM32G414RBT3, STM32G414RBT6, STM32G414RCT3, STM32G414RCT6, STM32G414VBT3, STM32G414VBT6, STM32G414VCT3, STM32G414VCT6, STM32G431CBT3Z, STM32G431RBT3Z, STM32G471CCT6, STM32G471CCU6, STM32G471CET3, STM32G471CET6, STM32G471CEU3, STM32G471CEU6, STM32G471MCT6, STM32G471MET3, STM32G471MET6, STM32G471MEY6TR, STM32G471QCT6, STM32G471QET3, STM32G471RCT6, STM32G471RET3, STM32G471RET6, STM32G471VCH6, STM32G471VCI6, STM32G471VCT6, STM32G471VEH3, STM32G471VEH6, STM32G471VEI3, STM32G471VEI6, STM32G471VET3, STM32G471VET6, STM32G473QET3Z, STM32G473RET3Z, STM32G474CCT6, STM32G491RET3Z, STM32H503CBT6, STM32H503CBU6, STM32H503EBY6TR, STM32H503KBU6, STM32H503RBT6, STM32H523CCT6, STM32H523CCU6, STM32H523CET6, STM32H523CEU6, STM32H523HEY6TR, STM32H523RCT6, STM32H523RET6, STM32H523VCI6, STM32H523VCT6, STM32H523VEI6, STM32H523VET6, STM32H523ZCJ6, STM32H523ZCT6, STM32H523ZEJ6, STM32H523ZET6, STM32H533CET6, STM32H533CEU6, STM32H533HEY6TR, STM32H533RET6, STM32H533VEI6, STM32H533VET6, STM32H533ZEJ6, STM32H533ZET6, STM32H562AGI6, STM32H562AII6, STM32H562IGK6, STM32H562IGT6, STM32H562IIK6, STM32H562IIT6, STM32H562RGT6, STM32H562RGV6, STM32H562RIT6, STM32H562RIV6, STM32H562VGT6, STM32H562VIT6, STM32H562ZGT6, STM32H562ZIT6, STM32H563AGI6, STM32H563AII3Q, STM32H563AII6, STM32H563IGK6, STM32H563IGT6, STM32H563IIK3Q, STM32H563IIK6, STM32H563IIT3Q, STM32H563IIT6, STM32H563MIY3QTR, STM32H563RGT6, STM32H563RGV6, STM32H563RIT6, STM32H563RIV6, STM32H563VGT6, STM32H563VIT3Q, STM32H563VIT6, STM32H563ZGT6, STM32H563ZIT3Q, STM32H563ZIT6, STM32H573AII3Q, STM32H573AII6, STM32H573I-DK, STM32H573IIK3Q, STM32H573IIK6, STM32H573IIT3Q, STM32H573IIT6, STM32H573MIY3QTR, STM32H573RIT6, STM32H573RIV6, STM32H573VIT3Q, STM32H573VIT6, STM32H573ZIT3Q, STM32H573ZIT6, STM32H7R3A8I6, STM32H7R3I8K6, STM32H7R3I8T6, STM32H7R3L8H6, STM32H7R3L8H6H, STM32H7R3R8V6, STM32H7R3V8H6, STM32H7R3V8T6, STM32H7R3V8Y6TR, STM32H7R3Z8J6, STM32H7R3Z8T6, STM32H7R7A8I6, STM32H7R7I8K6, STM32H7R7I8T6, STM32H7R7L8H6, STM32H7R7L8H6H, STM32H7R7Z8J6, STM32H7S3A8I6, STM32H7S3I8K6, STM32H7S3I8T6, STM32H7S3L8H6, STM32H7S3L8H6H, STM32H7S3R8V6, STM32H7S3V8H6, STM32H7S3V8T6, STM32H7S3V8Y6TR, STM32H7S3Z8J6, STM32H7S3Z8T6, STM32H7S78-DK, STM32H7S7A8I6, STM32H7S7I8K6, STM32H7S7I8T6, STM32H7S7L8H6, STM32H7S7L8H6H, STM32H7S7Z8J6, STM32L4R5QGI6STR, STM32MP131AAE3, STM32MP131AAF3, STM32MP131AAG3, STM32MP131CAE3, STM32MP131CAF3, STM32MP131CAG3, STM32MP131DAE7, STM32MP131DAF7, STM32MP131DAG7, STM32MP131FAE7, STM32MP131FAF7, STM32MP131FAG7, STM32MP133AAE3, STM32MP133AAF3, STM32MP133AAG3, STM32MP133CAE3, STM32MP133CAF3, STM32MP133CAG3, STM32MP133DAE7, STM32MP133DAF7, STM32MP133DAG7, STM32MP133FAE7, STM32MP133FAF7, STM32MP133FAG7, STM32MP135AAE3, STM32MP135AAF3, STM32MP135AAG3, STM32MP135CAE3, STM32MP135CAF3, STM32MP135CAG3, STM32MP135DAE7, STM32MP135DAF7, STM32MP135DAG7, STM32MP135F-DK, STM32MP135FAE7, STM32MP135FAF7, STM32MP135FAF7T, STM32MP135FAF7U, STM32MP135FAG7, STM32MP231AAJ3, STM32MP231AAK3, STM32MP231AAL3, STM32MP231CAJ3, STM32MP231CAK3, STM32MP231CAL3, STM32MP231DAJ3, STM32MP231DAK3, STM32MP231DAL3, STM32MP231FAJ3, STM32MP231FAK3, STM32MP231FAL3, STM32MP233AAJ3, STM32MP233AAK3, STM32MP233AAL3, STM32MP233CAJ3, STM32MP233CAK3, STM32MP233CAL3, STM32MP233DAJ3, STM32MP233DAK3, STM32MP233DAL3, STM32MP233FAJ3, STM32MP233FAK3, STM32MP233FAL3, STM32MP235AAJ3, STM32MP235AAK3, STM32MP235AAL3, STM32MP235CAJ3, STM32MP235CAK3, STM32MP235CAL3, STM32MP235DAJ3, STM32MP235DAK3, STM32MP235DAL3, STM32MP235FAJ3, STM32MP235FAK3, STM32MP235FAL3, STM32MP251AAI3, STM32MP251AAJ3, STM32MP251AAK3, STM32MP251AAL3, STM32MP251CAI3, STM32MP251CAJ3, STM32MP251CAK3, STM32MP251CAL3, STM32MP251DAI3, STM32MP251DAJ3, STM32MP251DAK3, STM32MP251DAL3, STM32MP251FAI3, STM32MP251FAJ3, STM32MP251FAK3, STM32MP251FAL3, STM32MP253AAI3, STM32MP253AAJ3, STM32MP253AAK3, STM32MP253AAL3, STM32MP253CAI3, STM32MP253CAJ3, STM32MP253CAK3, STM32MP253CAL3, STM32MP253DAI3, STM32MP253DAJ3, STM32MP253DAK3, STM32MP253DAL3, STM32MP253FAI3, STM32MP253FAJ3, STM32MP253FAK3, STM32MP253FAL3, STM32MP255AAI3, STM32MP255AAJ3, STM32MP255AAK3, STM32MP255AAL3, STM32MP255CAI3, STM32MP255CAJ3, STM32MP255CAK3, STM32MP255CAL3, STM32MP255DAI3, STM32MP255DAJ3, STM32MP255DAK3, STM32MP255DAL3, STM32MP255FAI3, STM32MP255FAJ3, STM32MP255FAK3, STM32MP255FAL3, STM32MP257AAI3, STM32MP257AAJ3, STM32MP257AAK3, STM32MP257AAL3, STM32MP257CAI3, STM32MP257CAJ3, STM32MP257CAK3, STM32MP257CAL3, STM32MP257DAI3, STM32MP257DAJ3, STM32MP257DAK3, STM32MP257DAL3, STM32MP257F-DK, STM32MP257F-EV1, STM32MP257FAI3, STM32MP257FAJ3, STM32MP257FAK3, STM32MP257FAL3, STM32N645A0H3Q, STM32N645B0H3Q, STM32N645I0H3Q, STM32N645L0H3Q, STM32N645X0H3Q, STM32N645Z0H3Q, STM32N647A0H3Q, STM32N647B0H3Q, STM32N647I0H3Q, STM32N647L0H3Q, STM32N647X0H3Q, STM32N647Z0H3Q, STM32N655A0H3Q, STM32N655B0H3Q, STM32N655I0H3Q, STM32N655L0H3Q, STM32N655X0H3Q, STM32N655Z0H3Q, STM32N6570-DK, STM32N657A0H3Q, STM32N657B0H3Q, STM32N657I0H3Q, STM32N657L0H3Q, STM32N657X0H3Q, STM32N657Z0H3Q, STM32U031C6T6, STM32U031C6U6, STM32U031C8T6, STM32U031C8U6, STM32U031F4P6, STM32U031F6P6, STM32U031F8P6, STM32U031G6Y6TR, STM32U031G8Y6TR, STM32U031K4U6, STM32U031K6U6, STM32U031K8U6, STM32U031R6I6, STM32U031R6T6, STM32U031R8I6, STM32U031R8T6, STM32U073C8T6, STM32U073C8U6, STM32U073CBT6, STM32U073CBU6, STM32U073CCT6, STM32U073CCU6, STM32U073H8Y6TR, STM32U073HBY6TR, STM32U073HCY6TR, STM32U073K8U6, STM32U073KBU6, STM32U073KCU6, STM32U073M8I6, STM32U073M8T6, STM32U073MBI6, STM32U073MBT6, STM32U073MCI6, STM32U073MCT6, STM32U073R8I6, STM32U073R8T6, STM32U073RBI6, STM32U073RBT6, STM32U073RCI6, STM32U073RCT6, STM32U083C-DK, STM32U083CCT6, STM32U083CCU6, STM32U083HCY6TR, STM32U083KCU6, STM32U083MCI6, STM32U083MCT6, STM32U083RCI6, STM32U083RCT6, STM32U375CET6, STM32U375CET6Q, STM32U375CEU6, STM32U375CEU6Q, STM32U375CEY6QTR, STM32U375CGT6, STM32U375CGT6Q, STM32U375CGU6, STM32U375CGU6Q, STM32U375CGY6QTR, STM32U375KEU6, STM32U375KGU6, STM32U375REI6, STM32U375REI6Q, STM32U375RET6, STM32U375RET6Q, STM32U375REY6GTR, STM32U375REY6QTR, STM32U375RGI6, STM32U375RGI6Q, STM32U375RGT6, STM32U375RGT6Q, STM32U375RGY6GTR, STM32U375RGY6QTR, STM32U375VEI6, STM32U375VEI6Q, STM32U375VET6, STM32U375VET6Q, STM32U375VGI6, STM32U375VGI6Q, STM32U375VGT6, STM32U375VGT6Q, STM32U385CGT6, STM32U385CGT6Q, STM32U385CGU6, STM32U385CGU6Q, STM32U385CGY6QTR, STM32U385KGU6, STM32U385RGI6, STM32U385RGI6Q, STM32U385RGT6, STM32U385RGT6Q, STM32U385RGY6GTR, STM32U385RGY6QTR, STM32U385VGI6, STM32U385VGI6Q, STM32U385VGT6, STM32U385VGT6Q, STM32U535CBT6, STM32U535CBT6Q, STM32U535CBU6, STM32U535CBU6Q, STM32U535CCT6, STM32U535CCT6Q, STM32U535CCU6, STM32U535CCU6Q, STM32U535CET6, STM32U535CET6Q, STM32U535CEU6, STM32U535CEU6Q, STM32U535JEY6QTR, STM32U535NCY6QTR, STM32U535NEY6QTR, STM32U535RBI6, STM32U535RBI6Q, STM32U535RBT6, STM32U535RBT6Q, STM32U535RCI6, STM32U535RCI6Q, STM32U535RCT6, STM32U535RCT6Q, STM32U535REI6, STM32U535REI6Q, STM32U535RET6, STM32U535RET6Q, STM32U535VCI6, STM32U535VCI6Q, STM32U535VCT6, STM32U535VCT6Q, STM32U535VEI6, STM32U535VEI6Q, STM32U535VET6, STM32U535VET6Q, STM32U545CET6, STM32U545CET6Q, STM32U545CEU6, STM32U545CEU6Q, STM32U545JEY6QTR, STM32U545NEY6QTR, STM32U545REI6, STM32U545REI6Q, STM32U545RET6, STM32U545RET6Q, STM32U545VEI6, STM32U545VEI6Q, STM32U545VET6, STM32U545VET6Q, STM32U595AIH6, STM32U595AIH6Q, STM32U595AJH6, STM32U595AJH6Q, STM32U595QII6, STM32U595QII6Q, STM32U595QJI6, STM32U595QJI6Q, STM32U595RIT6, STM32U595RIT6Q, STM32U595RJT6, STM32U595RJT6Q, STM32U595VIT6, STM32U595VIT6Q, STM32U595VJT6, STM32U595VJT6Q, STM32U595ZIT6, STM32U595ZIT6Q, STM32U595ZIY6QTR, STM32U595ZJT6, STM32U595ZJT6Q, STM32U595ZJY6QTR, STM32U599BJY6QTR, STM32U599NIH6Q, STM32U599NJH6Q, STM32U599VIT6Q, STM32U599VJT6, STM32U599VJT6Q, STM32U599ZIT6Q, STM32U599ZIY6QTR, STM32U599ZJT6Q, STM32U599ZJY6QTR, STM32U5A5AJH6, STM32U5A5AJH6Q, STM32U5A5QII3Q , STM32U5A5QJI6, STM32U5A5QJI6Q, STM32U5A5RJT6, STM32U5A5RJT6Q, STM32U5A5VJT6, STM32U5A5VJT6Q, STM32U5A5ZJT6, STM32U5A5ZJT6Q, STM32U5A5ZJY6QTR, STM32U5A9BJY6QTR, STM32U5A9J-DK, STM32U5A9NJH6Q, STM32U5A9VJT6Q, STM32U5A9ZJT6Q, STM32U5A9ZJY6QTR, STM32U5F7VIT6, STM32U5F7VIT6Q, STM32U5F7VJT6, STM32U5F7VJT6Q, STM32U5F9BJY6QTR, STM32U5F9NJH6Q, STM32U5F9VIT6Q, STM32U5F9VJT6Q, STM32U5F9ZIJ6QTR, STM32U5F9ZIT6Q, STM32U5F9ZJJ6QTR, STM32U5F9ZJT6Q, STM32U5G7VJT6, STM32U5G7VJT6Q, STM32U5G9BJY6QTR, STM32U5G9J-DK1, STM32U5G9J-DK2, STM32U5G9NJH6Q, STM32U5G9VJT6Q, STM32U5G9ZJJ6QTR, STM32U5G9ZJT6Q, STM32WB05KZV6TR, STM32WB05KZV7TR, STM32WB05TZF6TR, STM32WB05TZF7TR, STM32WB06CCF6TR, STM32WB06CCF7TR, STM32WB06CCV6TR, STM32WB06CCV7TR, STM32WB06KCV6TR, STM32WB06KCV7TR, STM32WB07CCF6TR, STM32WB07CCF7TR, STM32WB07CCV6TR, STM32WB07CCV7TR, STM32WB07KCV6TR, STM32WB07KCV7TR, STM32WB09KEV6TR, STM32WB09KEV7TR, STM32WB09TEF6TR, STM32WB09TEF7TR, STM32WB1MMCH6, STM32WBA50KGU6, STM32WBA50KGU6TR, STM32WBA52CEU6, STM32WBA52CEU6TR, STM32WBA52CEU7, STM32WBA52CEU7TR, STM32WBA52CGU6, STM32WBA52CGU6TR, STM32WBA52CGU6U, STM32WBA52CGU7, STM32WBA52CGU7TR, STM32WBA52KEU6, STM32WBA52KEU6TR, STM32WBA52KGU6, STM32WBA52KGU6TR, STM32WBA54CEU6, STM32WBA54CEU6TR, STM32WBA54CEU7, STM32WBA54CEU7TR, STM32WBA54CGU6, STM32WBA54CGU6TR, STM32WBA54CGU7, STM32WBA54CGU7TR, STM32WBA54KEU6, STM32WBA54KEU6TR, STM32WBA54KEU7, STM32WBA54KEU7TR, STM32WBA54KGU6, STM32WBA54KGU6TR, STM32WBA54KGU7, STM32WBA54KGU7TR, STM32WBA55CEU6, STM32WBA55CEU6TR, STM32WBA55CEU7, STM32WBA55CEU7TR, STM32WBA55CGU6, STM32WBA55CGU6TR, STM32WBA55CGU6U, STM32WBA55CGU7, STM32WBA55CGU7TR, STM32WBA55G-DK1, STM32WBA55HEF6, STM32WBA55HEF7, STM32WBA55HGF6, STM32WBA55HGF7, STM32WBA55UEI6, STM32WBA55UEI6TR, STM32WBA55UEI7, STM32WBA55UEI7TR, STM32WBA55UGI6, STM32WBA55UGI6TR, STM32WBA55UGI7, STM32WBA55UGI7TR, STM32WBA5MJGH6TR, STM32WBA5MJGH6U, STM32WL33C8V6, STM32WL33C8V6TR, STM32WL33C8V7, STM32WL33C8V7TR, STM32WL33CBV6, STM32WL33CBV6TR, STM32WL33CBV7, STM32WL33CBV7TR, STM32WL33CCV6, STM32WL33CCV6TR, STM32WL33CCV7, STM32WL33CCV7A, STM32WL33CCV7ATR, STM32WL33CCV7TR, STM32WL33K8V6, STM32WL33K8V6TR, STM32WL33K8V7, STM32WL33K8V7TR, STM32WL33KBV6, STM32WL33KBV6TR, STM32WL33KBV7, STM32WL33KBV7TR, STM32WL33KCV6, STM32WL33KCV6TR, STM32WL33KCV7, STM32WL33KCV7TR, STM32WL5MOCH6, STM32WL5MOCH6TR]
2026-01-09 15:10:16,361 [INFO] DbMcus:218 - Found 4817 MCUs, 4817 are supported
2026-01-09 15:10:16,376 [INFO] ApiDb:423 - Load user favorites file C:\Users\kamil/.stm32cubeide/favorites.mcus.txt: 1 item(s)
2026-01-09 15:10:16,377 [INFO] ApiDb:427 - User favorites MCUs=[STM32H743IIT6]
2026-01-09 15:10:16,377 [INFO] DbMcus:224 - Set 1 / 1 favorites MCUs
2026-01-09 15:10:17,045 [INFO] BoardInfo:889 - No configuration file found for board NUCLEO-WBA65RI
2026-01-09 15:10:17,046 [INFO] DbBoards:161 - Board is not supported: NUCLEO-WBA65RI
2026-01-09 15:10:17,059 [INFO] BoardInfo:889 - No configuration file found for board P-NUCLEO-WB55
2026-01-09 15:10:17,060 [INFO] DbBoards:161 - Kit is not supported: P-NUCLEO-WB55
2026-01-09 15:10:17,067 [INFO] BoardInfo:889 - No configuration file found for board STEVAL-BFA001V1B
2026-01-09 15:10:17,068 [INFO] DbBoards:161 - Kit is not supported: STEVAL-BFA001V1B
2026-01-09 15:10:17,069 [INFO] BoardInfo:889 - No configuration file found for board STEVAL-BFA001V2B
2026-01-09 15:10:17,070 [INFO] DbBoards:161 - Kit is not supported: STEVAL-BFA001V2B
2026-01-09 15:10:17,281 [INFO] BoardInfo:889 - No configuration file found for board STM32WBA65I-DK1
2026-01-09 15:10:17,282 [INFO] DbBoards:161 - Board is not supported: STM32WBA65I-DK1
2026-01-09 15:10:17,282 [INFO] DbBoards:168 - Found 211 boards, 206 are supported
2026-01-09 15:10:17,282 [INFO] DbBoards:169 - Found 211 boards, 42 of them is supported for  Bsp
2026-01-09 15:10:17,300 [INFO] ApiDb:423 - Load user favorites file C:\Users\kamil/.stm32cubeide/favorites.boards.txt: 1 item(s)
2026-01-09 15:10:17,300 [INFO] ApiDb:427 - User favorites Boards=[NUCLEO-F746ZG]
2026-01-09 15:10:17,301 [INFO] DbBoards:198 - Set 1 / 1 favorites Boards
2026-01-09 15:10:17,350 [INFO] UtilMem:75 - End LoadConfig() Used Memory: 907215640 Bytes (1073741824)
2026-01-09 15:10:17,526 [WARN] ThirdParty:833 - waiting for thirdparty lock release [change project]
2026-01-09 15:10:17,527 [INFO] ThirdParty:835 - entering critical section [change project]
2026-01-09 15:10:17,527 [INFO] ThirdParty:1030 - CMSIS Pack Vendor :STMicroelectronics X-CUBE-PM33A1 1.0.0
2026-01-09 15:10:17,527 [INFO] ThirdParty:1030 - CMSIS Pack Vendor :STMicroelectronics USBPD 4.1
2026-01-09 15:10:17,527 [INFO] ThirdParty:1030 - CMSIS Pack Vendor :STMicroelectronics USB_HOST 2.0.0
2026-01-09 15:10:17,527 [INFO] ThirdParty:1030 - CMSIS Pack Vendor :STMicroelectronics FP-SNS-MOTENVWB1 1.4.0
2026-01-09 15:10:17,527 [INFO] ThirdParty:1030 - CMSIS Pack Vendor :STMicroelectronics X-CUBE-AZRTOS-F4 1.1.0
2026-01-09 15:10:17,527 [INFO] ThirdParty:1030 - CMSIS Pack Vendor :STMicroelectronics LIBJPEG 8.0.0
2026-01-09 15:10:17,527 [INFO] ThirdParty:1030 - CMSIS Pack Vendor :STMicroelectronics FP-ATR-ASTRA1 2.0.2
2026-01-09 15:10:17,527 [INFO] ThirdParty:1030 - CMSIS Pack Vendor :STMicroelectronics FP-ATR-ASTRA1 2.0.1
2026-01-09 15:10:17,527 [INFO] ThirdParty:1030 - CMSIS Pack Vendor :STMicroelectronics X-CUBE-SMBUS 2.1.0
2026-01-09 15:10:17,527 [INFO] ThirdParty:1030 - CMSIS Pack Vendor :STMicroelectronics X-CUBE-WB05N 1.1.0
2026-01-09 15:10:17,527 [INFO] ThirdParty:1030 - CMSIS Pack Vendor :STMicroelectronics X-CUBE-ISPU 2.1.0
2026-01-09 15:10:17,527 [INFO] ThirdParty:1030 - CMSIS Pack Vendor :STMicroelectronics X-CUBE-FREERTOS 1.2.0
2026-01-09 15:10:17,527 [INFO] ThirdParty:1030 - CMSIS Pack Vendor :STMicroelectronics X-CUBE-ST60 1.0.0
2026-01-09 15:10:17,527 [INFO] ThirdParty:1030 - CMSIS Pack Vendor :STMicroelectronics X-CUBE-NFC12 1.0.0
2026-01-09 15:10:17,527 [INFO] ThirdParty:1030 - CMSIS Pack Vendor :STMicroelectronics X-CUBE-AZRTOS-F7 1.1.0
2026-01-09 15:10:17,527 [INFO] ThirdParty:1030 - CMSIS Pack Vendor :STMicroelectronics X-CUBE-AZRTOS-L5 2.0.0
2026-01-09 15:10:17,527 [INFO] ThirdParty:1030 - CMSIS Pack Vendor :STMicroelectronics USB_DEVICE 2.0.0
2026-01-09 15:10:17,527 [INFO] ThirdParty:1030 - CMSIS Pack Vendor :STMicroelectronics X-CUBE-NFC6 3.1.0
2026-01-09 15:10:17,527 [INFO] ThirdParty:1030 - CMSIS Pack Vendor :ARM CMSIS 5.7.0
2026-01-09 15:10:17,528 [INFO] ThirdParty:1030 - CMSIS Pack Vendor :STMicroelectronics X-CUBE-MEMS1 11.0.0
2026-01-09 15:10:17,528 [INFO] ThirdParty:1030 - CMSIS Pack Vendor :STMicroelectronics FreeRTOS 0.0.1
2026-01-09 15:10:17,528 [INFO] ThirdParty:1030 - CMSIS Pack Vendor :STMicroelectronics X-CUBE-DPower 1.2.0
2026-01-09 15:10:17,528 [INFO] ThirdParty:1030 - CMSIS Pack Vendor :STMicroelectronics FP-SNS-FLIGHT1 5.0.2
2026-01-09 15:10:17,528 [INFO] ThirdParty:1030 - CMSIS Pack Vendor :STMicroelectronics PDM2PCM 3.3.0
2026-01-09 15:10:17,528 [INFO] ThirdParty:1030 - CMSIS Pack Vendor :STMicroelectronics X-CUBE-AZRTOS-H7 3.4.0
2026-01-09 15:10:17,528 [INFO] ThirdParty:1030 - CMSIS Pack Vendor :STMicroelectronics X-CUBE-DISPLAY 3.0.0
2026-01-09 15:10:17,528 [INFO] ThirdParty:1030 - CMSIS Pack Vendor :STMicroelectronics X-CUBE-BLE1 7.0.0
2026-01-09 15:10:17,528 [INFO] ThirdParty:1030 - CMSIS Pack Vendor :STMicroelectronics X-CUBE-NFC10 1.0.0
2026-01-09 15:10:17,528 [INFO] ThirdParty:1030 - CMSIS Pack Vendor :STMicroelectronics X-CUBE-BLEMGR 4.0.0
2026-01-09 15:10:17,528 [INFO] ThirdParty:1030 - CMSIS Pack Vendor :STMicroelectronics X-CUBE-FREERTOS 1.3.1
2026-01-09 15:10:17,528 [INFO] ThirdParty:1030 - CMSIS Pack Vendor :STMicroelectronics HAL Drivers 0.0.0
2026-01-09 15:10:17,528 [INFO] ThirdParty:1030 - CMSIS Pack Vendor :STMicroelectronics X-CUBE-ST60 1.1.0
2026-01-09 15:10:17,528 [INFO] ThirdParty:1030 - CMSIS Pack Vendor :emotas I-CUBE-CANOPEN 1.3.0
2026-01-09 15:10:17,528 [INFO] ThirdParty:1030 - CMSIS Pack Vendor :STMicroelectronics X-CUBE-FREERTOS 1.3.0
2026-01-09 15:10:17,528 [INFO] ThirdParty:1030 - CMSIS Pack Vendor :STMicroelectronics X-CUBE-NFC7 1.0.1
2026-01-09 15:10:17,528 [INFO] ThirdParty:1030 - CMSIS Pack Vendor :STMicroelectronics MBEDTLS 2.14.1
2026-01-09 15:10:17,528 [INFO] ThirdParty:1030 - CMSIS Pack Vendor :STMicroelectronics X-CUBE-GNSS1 7.1.0
2026-01-09 15:10:17,528 [INFO] ThirdParty:1030 - CMSIS Pack Vendor :STMicroelectronics X-CUBE-TOUCHGFX 4.26.0
2026-01-09 15:10:17,528 [INFO] ThirdParty:1030 - CMSIS Pack Vendor :STMicroelectronics X-CUBE-BLEMGR 3.1.0
2026-01-09 15:10:17,528 [INFO] ThirdParty:1030 - CMSIS Pack Vendor :STMicroelectronics X-CUBE-AI 10.0.0
2026-01-09 15:10:17,528 [INFO] ThirdParty:1030 - CMSIS Pack Vendor :STMicroelectronics FP-SNS-STAIOTCFT 1.0.0
2026-01-09 15:10:17,528 [INFO] ThirdParty:1030 - CMSIS Pack Vendor :STMicroelectronics FP-SNS-SMARTAG2 1.2.0
2026-01-09 15:10:17,528 [INFO] ThirdParty:1030 - CMSIS Pack Vendor :STMicroelectronics FP-SNS-FLIGHT1 5.1.0
2026-01-09 15:10:17,528 [INFO] ThirdParty:1030 - CMSIS Pack Vendor :STMicroelectronics X-CUBE-MEMS1 11.1.0
2026-01-09 15:10:17,528 [INFO] ThirdParty:1030 - CMSIS Pack Vendor :STMicroelectronics X-CUBE-AZRTOS-WL 2.0.0
2026-01-09 15:10:17,528 [INFO] ThirdParty:1030 - CMSIS Pack Vendor :STMicroelectronics X-CUBE-DPower 1.3.0
2026-01-09 15:10:17,528 [INFO] ThirdParty:1030 - CMSIS Pack Vendor :STMicroelectronics FP-SNS-MOTENV1 5.0.0
2026-01-09 15:10:17,528 [INFO] ThirdParty:1030 - CMSIS Pack Vendor :STMicroelectronics USB_DEVICE 1.0.0
2026-01-09 15:10:17,528 [INFO] ThirdParty:1030 - CMSIS Pack Vendor :STMicroelectronics X-CUBE-AZRTOS-H7RS 1.2.0
2026-01-09 15:10:17,528 [INFO] ThirdParty:1030 - CMSIS Pack Vendor :wolfSSL I-CUBE-wolfMQTT 1.19.0
2026-01-09 15:10:17,528 [INFO] ThirdParty:1030 - CMSIS Pack Vendor :STMicroelectronics X-CUBE-AZRTOS-L4 2.0.0
2026-01-09 15:10:17,528 [INFO] ThirdParty:1030 - CMSIS Pack Vendor :STMicroelectronics ThreadX 0.0.2
2026-01-09 15:10:17,528 [INFO] ThirdParty:1030 - CMSIS Pack Vendor :WES I-CUBE-Cesium 1.3.0
2026-01-09 15:10:17,529 [INFO] ThirdParty:1030 - CMSIS Pack Vendor :STMicroelectronics lwIP 2.1.2
2026-01-09 15:10:17,529 [INFO] ThirdParty:1030 - CMSIS Pack Vendor :STMicroelectronics X-CUBE-SFXS2LP1 4.0.0
2026-01-09 15:10:17,529 [INFO] ThirdParty:1030 - CMSIS Pack Vendor :STMicroelectronics X-CUBE-BLE2 3.3.0
2026-01-09 15:10:17,529 [INFO] ThirdParty:1030 - CMSIS Pack Vendor :Avnet-IOTCONNECT X-CUBE-iotc-st67-sdk 1.0.0
2026-01-09 15:10:17,529 [INFO] ThirdParty:1030 - CMSIS Pack Vendor :STMicroelectronics PDM2PCM 3.2.0
2026-01-09 15:10:17,529 [INFO] ThirdParty:1030 - CMSIS Pack Vendor :STMicroelectronics X-CUBE-AZRTOS-H7 3.3.0
2026-01-09 15:10:17,529 [INFO] ThirdParty:1030 - CMSIS Pack Vendor :STMicroelectronics X-CUBE-NFC9 1.0.0
2026-01-09 15:10:17,529 [INFO] ThirdParty:1030 - CMSIS Pack Vendor :STMicroelectronics X-CUBE-BLE1 7.1.0
2026-01-09 15:10:17,529 [INFO] ThirdParty:1030 - CMSIS Pack Vendor :STMicroelectronics USB_DEVICE 3.0.0
2026-01-09 15:10:17,529 [INFO] ThirdParty:1030 - CMSIS Pack Vendor :STMicroelectronics X-CUBE-TCPP 4.1.0
2026-01-09 15:10:17,529 [INFO] ThirdParty:1030 - CMSIS Pack Vendor :STMicroelectronics X-CUBE-EEPRMA1 5.2.0
2026-01-09 15:10:17,529 [INFO] ThirdParty:1030 - CMSIS Pack Vendor :STMicroelectronics X-CUBE-BLEMGR 4.1.0
2026-01-09 15:10:17,529 [INFO] ThirdParty:1030 - CMSIS Pack Vendor :STMicroelectronics X-CUBE-IPS 3.0.0
2026-01-09 15:10:17,529 [INFO] ThirdParty:1030 - CMSIS Pack Vendor :STMicroelectronics X-CUBE-AZRTOS-WB 2.0.0
2026-01-09 15:10:17,529 [INFO] ThirdParty:1030 - CMSIS Pack Vendor :STMicroelectronics X-CUBE-GNSS1 7.0.0
2026-01-09 15:10:17,529 [INFO] ThirdParty:1030 - CMSIS Pack Vendor :STMicroelectronics X-CUBE-GNSS1 7.0.1
2026-01-09 15:10:17,529 [INFO] ThirdParty:1030 - CMSIS Pack Vendor :STMicroelectronics X-CUBE-TOUCHGFX 4.25.0
2026-01-09 15:10:17,529 [INFO] ThirdParty:1030 - CMSIS Pack Vendor :STMicroelectronics FP-SNS-STBOX1 2.0.0
2026-01-09 15:10:17,529 [INFO] ThirdParty:1030 - CMSIS Pack Vendor :STMicroelectronics X-CUBE-MEMS1 12.0.0
2026-01-09 15:10:17,529 [INFO] ThirdParty:1030 - CMSIS Pack Vendor :STMicroelectronics X-CUBE-AZRTOS-G0 1.1.0
2026-01-09 15:10:17,529 [INFO] ThirdParty:1030 - CMSIS Pack Vendor :STMicroelectronics X-CUBE-SAFEA1 1.2.2
2026-01-09 15:10:17,529 [INFO] ThirdParty:1030 - CMSIS Pack Vendor :STMicroelectronics X-CUBE-NFC4 3.0.0
2026-01-09 15:10:17,529 [INFO] ThirdParty:1030 - CMSIS Pack Vendor :STMicroelectronics X-CUBE-SUBG2 5.0.0
2026-01-09 15:10:17,529 [INFO] ThirdParty:1030 - CMSIS Pack Vendor :STMicroelectronics X-CUBE-AZRTOS-H7RS 1.1.0
2026-01-09 15:10:17,530 [INFO] ThirdParty:1030 - CMSIS Pack Vendor :STMicroelectronics STM32_WPAN 1.0.0
2026-01-09 15:10:17,530 [INFO] ThirdParty:1030 - CMSIS Pack Vendor :EmbeddedOffice I-CUBE-FS-RTOS 1.0.1
2026-01-09 15:10:17,530 [INFO] ThirdParty:1030 - CMSIS Pack Vendor :STMicroelectronics lwIP 2.0.3
2026-01-09 15:10:17,530 [INFO] ThirdParty:1030 - CMSIS Pack Vendor :Cesanta I-CUBE-Mongoose 7.13.0
2026-01-09 15:10:17,530 [INFO] ThirdParty:1030 - CMSIS Pack Vendor :STMicroelectronics USB_HOST 1.0.0
2026-01-09 15:10:17,530 [INFO] ThirdParty:1030 - CMSIS Pack Vendor :STMicroelectronics X-CUBE-AZRTOS-G4 2.0.0
2026-01-09 15:10:17,530 [INFO] ThirdParty:1030 - CMSIS Pack Vendor :STMicroelectronics X-CUBE-WB05N 2.0.0
2026-01-09 15:10:17,530 [INFO] ThirdParty:1030 - CMSIS Pack Vendor :STMicroelectronics PDM2PCM 3.1.0
2026-01-09 15:10:17,530 [INFO] ThirdParty:1030 - CMSIS Pack Vendor :STMicroelectronics X-CUBE-NFC7 2.0.0
2026-01-09 15:10:17,530 [INFO] ThirdParty:1030 - CMSIS Pack Vendor :STMicroelectronics X-CUBE-TCPP 4.2.0
2026-01-09 15:10:17,530 [INFO] ThirdParty:1030 - CMSIS Pack Vendor :RealThread X-CUBE-RT-Thread_Nano 4.1.1
2026-01-09 15:10:17,530 [INFO] ThirdParty:1030 - CMSIS Pack Vendor :STMicroelectronics FP-ATR-SIGFOX1 3.2.0
2026-01-09 15:10:17,530 [INFO] ThirdParty:1030 - CMSIS Pack Vendor :wolfSSL I-CUBE-wolfSSL 5.7.2
2026-01-09 15:10:17,530 [INFO] ThirdParty:1030 - CMSIS Pack Vendor :quantropi X-CUBE-qispace-sdk-base 1.9.3
2026-01-09 15:10:17,530 [INFO] ThirdParty:1030 - CMSIS Pack Vendor :STMicroelectronics X-CUBE-EEPRMA1 5.1.0
2026-01-09 15:10:17,530 [INFO] ThirdParty:1030 - CMSIS Pack Vendor :STMicroelectronics MBEDTLS 2.16.2
2026-01-09 15:10:17,530 [INFO] ThirdParty:1030 - CMSIS Pack Vendor :STMicroelectronics X-CUBE-IPS 3.1.0
2026-01-09 15:10:17,530 [INFO] ThirdParty:1030 - CMSIS Pack Vendor :STMicroelectronics X-CUBE-ALS 1.0.2
2026-01-09 15:10:17,530 [INFO] ThirdParty:1030 - CMSIS Pack Vendor :ITTIA_DB I-CUBE-ITTIADB 8.9.0
2026-01-09 15:10:17,530 [INFO] ThirdParty:1030 - CMSIS Pack Vendor :STMicroelectronics X-CUBE-TOUCHGFX 4.24.1
2026-01-09 15:10:17,530 [INFO] ThirdParty:1030 - CMSIS Pack Vendor :STMicroelectronics X-CUBE-STSE01 1.0.0
2026-01-09 15:10:17,530 [INFO] ThirdParty:1030 - CMSIS Pack Vendor :wolfSSL I-CUBE-wolfTPM 3.4.0
2026-01-09 15:10:17,530 [INFO] ThirdParty:1030 - CMSIS Pack Vendor :portGmbH I-Cube-SoM-uGOAL 1.1.0
2026-01-09 15:10:17,530 [INFO] ThirdParty:1030 - CMSIS Pack Vendor :STMicroelectronics X-CUBE-ST67W61 1.0.0
2026-01-09 15:10:17,530 [INFO] ThirdParty:1030 - CMSIS Pack Vendor :STMicroelectronics X-CUBE-AI 10.2.0
2026-01-09 15:10:17,530 [INFO] ThirdParty:1030 - CMSIS Pack Vendor :STMicroelectronics ThreadX 1.0.0
2026-01-09 15:10:17,530 [INFO] ThirdParty:1030 - CMSIS Pack Vendor :SEGGER I-CUBE-embOS 1.3.1
2026-01-09 15:10:17,530 [INFO] ThirdParty:1030 - CMSIS Pack Vendor :STMicroelectronics X-CUBE-ALGOBUILD 1.4.0
2026-01-09 15:10:17,530 [INFO] ThirdParty:1030 - CMSIS Pack Vendor :STMicroelectronics X-CUBE-MEMS1 11.3.0
2026-01-09 15:10:17,530 [INFO] ThirdParty:1030 - CMSIS Pack Vendor :STMicroelectronics X-CUBE-AZRTOS-H7RS 1.0.0
2026-01-09 15:10:17,530 [INFO] ThirdParty:1030 - CMSIS Pack Vendor :STMicroelectronics FP-ATR-ASTRA1 2.0.0
2026-01-09 15:10:17,530 [INFO] ThirdParty:1030 - CMSIS Pack Vendor :STMicroelectronics X-CUBE-TOF1 3.4.2
2026-01-09 15:10:17,530 [INFO] ThirdParty:1030 - CMSIS Pack Vendor :STMicroelectronics X-CUBE-TOF1 3.4.3
2026-01-09 15:10:17,530 [INFO] ThirdParty:1030 - CMSIS Pack Vendor :STMicroelectronics X-CUBE-AI 9.1.0
2026-01-09 15:10:17,530 [INFO] ThirdParty:1030 - CMSIS Pack Vendor :Infineon AIROC-Wi-Fi-Bluetooth-STM32 1.6.1
2026-01-09 15:10:17,531 [INFO] ThirdParty:1030 - CMSIS Pack Vendor :wolfSSL I-CUBE-wolfSSH 1.4.17
2026-01-09 15:10:17,531 [INFO] ThirdParty:841 - exiting critical section [change project]
2026-01-09 15:10:18,243 [INFO] PinOutPanel:1589 - setPackage(No Configuration,No Configuration)
2026-01-09 15:10:18,245 [INFO] PinOutPanel:1589 - setPackage(STM32H743IITx,LQFP176)
2026-01-09 15:10:19,178 [INFO] UtilMem:75 - Before build in PCC Used Memory: 822949888 Bytes (1073741824)
2026-01-09 15:10:20,238 [INFO] UtilMem:75 - After build in PCC Used Memory: 907884544 Bytes (1073741824)
2026-01-09 15:10:20,301 [INFO] IPUIPlugin:80 - create IPUIPlugin
2026-01-09 15:10:20,302 [INFO] IPUIPlugin:80 - create IPUIPlugin
2026-01-09 15:10:20,302 [INFO] IPUIPlugin:80 - create IPUIPlugin
2026-01-09 15:10:20,302 [INFO] IPUIPlugin:80 - create IPUIPlugin
2026-01-09 15:10:20,302 [INFO] IPUIPlugin:80 - create IPUIPlugin
2026-01-09 15:10:20,302 [INFO] IPUIPlugin:80 - create IPUIPlugin
2026-01-09 15:10:20,302 [INFO] IPUIPlugin:80 - create IPUIPlugin
2026-01-09 15:10:20,302 [INFO] IPUIPlugin:80 - create IPUIPlugin
2026-01-09 15:10:20,302 [INFO] IPUIPlugin:80 - create IPUIPlugin
2026-01-09 15:10:20,302 [INFO] IPUIPlugin:80 - create IPUIPlugin
2026-01-09 15:10:20,303 [INFO] IPUIPlugin:80 - create IPUIPlugin
2026-01-09 15:10:20,303 [INFO] IPUIPlugin:80 - create IPUIPlugin
2026-01-09 15:10:20,303 [INFO] IPUIPlugin:80 - create IPUIPlugin
2026-01-09 15:10:20,303 [INFO] IPUIPlugin:80 - create IPUIPlugin
2026-01-09 15:10:20,303 [INFO] IPUIPlugin:80 - create IPUIPlugin
2026-01-09 15:10:20,303 [INFO] IPUIPlugin:80 - create IPUIPlugin
2026-01-09 15:10:20,303 [INFO] IPUIPlugin:80 - create IPUIPlugin
2026-01-09 15:10:20,303 [INFO] IPUIPlugin:80 - create IPUIPlugin
2026-01-09 15:10:20,303 [INFO] IPUIPlugin:80 - create IPUIPlugin
2026-01-09 15:10:20,303 [INFO] IPUIPlugin:80 - create IPUIPlugin
2026-01-09 15:10:20,303 [INFO] IPUIPlugin:80 - create IPUIPlugin
2026-01-09 15:10:20,303 [INFO] IPUIPlugin:80 - create IPUIPlugin
2026-01-09 15:10:20,304 [INFO] IPUIPlugin:80 - create IPUIPlugin
2026-01-09 15:10:20,304 [INFO] IPUIPlugin:80 - create IPUIPlugin
2026-01-09 15:10:20,304 [INFO] IPUIPlugin:80 - create IPUIPlugin
2026-01-09 15:10:20,304 [INFO] IPUIPlugin:80 - create IPUIPlugin
2026-01-09 15:10:20,304 [INFO] IPUIPlugin:80 - create IPUIPlugin
2026-01-09 15:10:20,304 [INFO] IPUIPlugin:80 - create IPUIPlugin
2026-01-09 15:10:20,305 [INFO] IPUIPlugin:80 - create IPUIPlugin
2026-01-09 15:10:20,305 [INFO] IPUIPlugin:80 - create IPUIPlugin
2026-01-09 15:10:20,305 [INFO] IPUIPlugin:80 - create IPUIPlugin
2026-01-09 15:10:20,305 [INFO] IPUIPlugin:80 - create IPUIPlugin
2026-01-09 15:10:20,305 [INFO] IPUIPlugin:80 - create IPUIPlugin
2026-01-09 15:10:20,306 [INFO] IPUIPlugin:80 - create IPUIPlugin
2026-01-09 15:10:20,306 [INFO] IPUIPlugin:80 - create IPUIPlugin
2026-01-09 15:10:20,306 [INFO] IPUIPlugin:80 - create IPUIPlugin
2026-01-09 15:10:20,306 [INFO] IPUIPlugin:80 - create IPUIPlugin
2026-01-09 15:10:20,307 [INFO] IPUIPlugin:80 - create IPUIPlugin
2026-01-09 15:10:20,307 [INFO] IPUIPlugin:80 - create IPUIPlugin
2026-01-09 15:10:20,307 [INFO] IPUIPlugin:80 - create IPUIPlugin
2026-01-09 15:10:20,307 [INFO] IPUIPlugin:80 - create IPUIPlugin
2026-01-09 15:10:20,307 [INFO] IPUIPlugin:80 - create IPUIPlugin
2026-01-09 15:10:20,307 [INFO] IPUIPlugin:80 - create IPUIPlugin
2026-01-09 15:10:20,308 [INFO] IPUIPlugin:80 - create IPUIPlugin
2026-01-09 15:10:20,308 [INFO] IPUIPlugin:80 - create IPUIPlugin
2026-01-09 15:10:20,308 [INFO] IPUIPlugin:80 - create IPUIPlugin
2026-01-09 15:10:20,308 [INFO] IPUIPlugin:80 - create IPUIPlugin
2026-01-09 15:10:20,308 [INFO] IPUIPlugin:80 - create IPUIPlugin
2026-01-09 15:10:20,308 [INFO] IPUIPlugin:80 - create IPUIPlugin
2026-01-09 15:10:20,309 [INFO] IPUIPlugin:80 - create IPUIPlugin
2026-01-09 15:10:20,309 [INFO] IPUIPlugin:80 - create IPUIPlugin
2026-01-09 15:10:20,309 [INFO] IPUIPlugin:80 - create IPUIPlugin
2026-01-09 15:10:20,309 [INFO] IPUIPlugin:80 - create IPUIPlugin
2026-01-09 15:10:20,309 [INFO] IPUIPlugin:80 - create IPUIPlugin
2026-01-09 15:10:20,310 [INFO] IPUIPlugin:80 - create IPUIPlugin
2026-01-09 15:10:20,310 [INFO] IPUIPlugin:80 - create IPUIPlugin
2026-01-09 15:10:20,310 [INFO] IPUIPlugin:80 - create IPUIPlugin
2026-01-09 15:10:20,310 [INFO] IPUIPlugin:80 - create IPUIPlugin
2026-01-09 15:10:20,311 [INFO] IPUIPlugin:80 - create IPUIPlugin
2026-01-09 15:10:20,311 [INFO] IPUIPlugin:80 - create IPUIPlugin
2026-01-09 15:10:20,311 [INFO] IPUIPlugin:80 - create IPUIPlugin
2026-01-09 15:10:20,311 [INFO] IPUIPlugin:80 - create IPUIPlugin
2026-01-09 15:10:20,312 [INFO] IPUIPlugin:80 - create IPUIPlugin
2026-01-09 15:10:20,312 [INFO] IPUIPlugin:80 - create IPUIPlugin
2026-01-09 15:10:20,312 [INFO] IPUIPlugin:80 - create IPUIPlugin
2026-01-09 15:10:20,312 [INFO] IPUIPlugin:80 - create IPUIPlugin
2026-01-09 15:10:20,312 [INFO] IPUIPlugin:80 - create IPUIPlugin
2026-01-09 15:10:20,313 [INFO] IPUIPlugin:80 - create IPUIPlugin
2026-01-09 15:10:20,313 [INFO] IPUIPlugin:80 - create IPUIPlugin
2026-01-09 15:10:20,313 [INFO] IPUIPlugin:80 - create IPUIPlugin
2026-01-09 15:10:20,313 [INFO] IPUIPlugin:80 - create IPUIPlugin
2026-01-09 15:10:20,313 [INFO] IPUIPlugin:80 - create IPUIPlugin
2026-01-09 15:10:20,314 [INFO] IPUIPlugin:80 - create IPUIPlugin
2026-01-09 15:10:20,314 [INFO] IPUIPlugin:80 - create IPUIPlugin
2026-01-09 15:10:20,314 [INFO] IPUIPlugin:80 - create IPUIPlugin
2026-01-09 15:10:20,315 [INFO] IPUIPlugin:80 - create IPUIPlugin
2026-01-09 15:10:20,315 [INFO] IPUIPlugin:80 - create IPUIPlugin
2026-01-09 15:10:20,315 [INFO] IPUIPlugin:80 - create IPUIPlugin
2026-01-09 15:10:20,315 [INFO] IPUIPlugin:80 - create IPUIPlugin
2026-01-09 15:10:20,316 [INFO] IPUIPlugin:80 - create IPUIPlugin
2026-01-09 15:10:20,316 [INFO] IPUIPlugin:80 - create IPUIPlugin
2026-01-09 15:10:20,316 [INFO] IPUIPlugin:80 - create IPUIPlugin
2026-01-09 15:10:20,316 [INFO] IPUIPlugin:80 - create IPUIPlugin
2026-01-09 15:10:20,317 [INFO] IPUIPlugin:80 - create IPUIPlugin
2026-01-09 15:10:20,317 [INFO] IPUIPlugin:80 - create IPUIPlugin
2026-01-09 15:10:20,317 [INFO] IPUIPlugin:80 - create IPUIPlugin
2026-01-09 15:10:20,317 [INFO] IPUIPlugin:80 - create IPUIPlugin
2026-01-09 15:10:20,318 [INFO] IPUIPlugin:80 - create IPUIPlugin
2026-01-09 15:10:20,318 [INFO] IPUIPlugin:80 - create IPUIPlugin
2026-01-09 15:10:20,318 [INFO] IPUIPlugin:80 - create IPUIPlugin
2026-01-09 15:10:20,319 [INFO] IPUIPlugin:80 - create IPUIPlugin
2026-01-09 15:10:20,319 [INFO] IPUIPlugin:80 - create IPUIPlugin
2026-01-09 15:10:20,319 [INFO] IPUIPlugin:80 - create IPUIPlugin
2026-01-09 15:10:20,320 [INFO] IPUIPlugin:80 - create IPUIPlugin
2026-01-09 15:10:20,320 [INFO] IPUIPlugin:80 - create IPUIPlugin
2026-01-09 15:10:20,320 [INFO] IPUIPlugin:80 - create IPUIPlugin
2026-01-09 15:10:20,321 [INFO] IPUIPlugin:80 - create IPUIPlugin
2026-01-09 15:10:20,321 [INFO] IPUIPlugin:80 - create IPUIPlugin
2026-01-09 15:10:20,403 [INFO] ApiDbMcu:508 - Load IP Config File for PDM2PCM
2026-01-09 15:10:20,411 [WARN] IP:2251 - ClockDivider not found: check if there is a RefParameter without a condition.
2026-01-09 15:10:20,411 [WARN] IP:2251 - ClockDividerCCU not found: check if there is a RefParameter without a condition.
2026-01-09 15:10:20,411 [WARN] IP:2251 - MinOscClkPeriodsCCU not found: check if there is a RefParameter without a condition.
2026-01-09 15:10:20,411 [WARN] IP:2251 - TimeQuantaPerBitTimeCCU not found: check if there is a RefParameter without a condition.
2026-01-09 15:10:20,411 [WARN] IP:2251 - WatchdogStartValueCCU not found: check if there is a RefParameter without a condition.
2026-01-09 15:10:20,417 [INFO] LogOutputStream:77 - [STDOUT_REDIRECT] Nominal 
2026-01-09 15:10:20,417 [INFO] Can:71 - Can Add PropertyChangeListener com.st.microxplorer.plugins.ip.can.Can@9a608e2
2026-01-09 15:10:20,676 [INFO] CADModel:165 - CPN selected for project levelSTM32H743IIT6
2026-01-09 15:10:20,676 [INFO] CADModel:114 - Register for checkConnection events
2026-01-09 15:10:20,717 [INFO] OpenFileManager:363 - Restore cursor
2026-01-09 15:10:20,851 [WARN] IP:2251 - LayerIdx_L1 not found: check if there is a RefParameter without a condition.
2026-01-09 15:10:20,978 [WARN] IP:2251 - ClockDivider not found: check if there is a RefParameter without a condition.
2026-01-09 15:10:20,979 [WARN] IP:2251 - ClockDividerCCU not found: check if there is a RefParameter without a condition.
2026-01-09 15:10:20,979 [WARN] IP:2251 - MinOscClkPeriodsCCU not found: check if there is a RefParameter without a condition.
2026-01-09 15:10:20,979 [WARN] IP:2251 - TimeQuantaPerBitTimeCCU not found: check if there is a RefParameter without a condition.
2026-01-09 15:10:20,979 [WARN] IP:2251 - WatchdogStartValueCCU not found: check if there is a RefParameter without a condition.
2026-01-09 15:10:52,207 [INFO] UtilMem:75 - End SaveConfig() Used Memory: 744710600 Bytes (1073741824)
2026-01-09 15:10:52,666 [INFO] BlockDiagram:2766 - set Specific Code input for plugin: LTDC
2026-01-09 15:10:52,666 [INFO] BlockDiagram:2766 - set Specific Code input for plugin: RCC
2026-01-09 15:10:52,666 [INFO] BlockDiagram:2766 - set Specific Code input for plugin: I2C
2026-01-09 15:10:52,666 [INFO] BlockDiagram:2766 - set Specific Code input for plugin: I2C
2026-01-09 15:10:52,666 [INFO] BlockDiagram:2766 - set Specific Code input for plugin: FMC
2026-01-09 15:10:52,666 [INFO] BlockDiagram:2766 - set Specific Code input for plugin: FDCAN
2026-01-09 15:10:52,666 [INFO] BlockDiagram:2766 - set Specific Code input for plugin: QUADSPI
2026-01-09 15:10:52,666 [INFO] BlockDiagram:2766 - set Specific Code input for plugin: MEMORYMAP
2026-01-09 15:10:52,666 [INFO] BlockDiagram:2766 - set Specific Code input for plugin: SYS
2026-01-09 15:10:52,666 [INFO] BlockDiagram:2766 - set Specific Code input for plugin: CRC
2026-01-09 15:10:52,666 [INFO] BlockDiagram:2766 - set Specific Code input for plugin: NVIC
2026-01-09 15:10:52,666 [INFO] BlockDiagram:2766 - set Specific Code input for plugin: DMA2D
2026-01-09 15:10:52,666 [INFO] BlockDiagram:2766 - set Specific Code input for plugin: CORTEX_M7
2026-01-09 15:10:52,666 [INFO] BlockDiagram:2766 - set Specific Code input for plugin: DEBUG
2026-01-09 15:10:52,668 [INFO] BlockDiagram:2766 - set Specific Code input for plugin: GPIO
2026-01-09 15:10:52,669 [INFO] CodeGenerator:896 - code generatio: config db path: C:\ST\STM32CubeIDE_1.17.0\STM32CubeIDE\plugins\com.st.stm32cube.common.mx_6.13.0.202411220809\\db\
2026-01-09 15:10:52,684 [WARN] IP:2251 - ClockDivider not found: check if there is a RefParameter without a condition.
2026-01-09 15:10:52,685 [WARN] IP:2251 - ClockDividerCCU not found: check if there is a RefParameter without a condition.
2026-01-09 15:10:52,685 [WARN] IP:2251 - MinOscClkPeriodsCCU not found: check if there is a RefParameter without a condition.
2026-01-09 15:10:52,685 [WARN] IP:2251 - TimeQuantaPerBitTimeCCU not found: check if there is a RefParameter without a condition.
2026-01-09 15:10:52,685 [WARN] IP:2251 - WatchdogStartValueCCU not found: check if there is a RefParameter without a condition.
2026-01-09 15:10:52,704 [WARN] IP:2251 - LayerIdx_L1 not found: check if there is a RefParameter without a condition.
2026-01-09 15:10:53,075 [INFO] CodeEngine:255 - oldGeneratedFile, C:\Users\kamil\STM32CubeIDE\workspace_1.17.0\STM32H743IIT6-projects\Rower elektryczny\MXTmpFiles\license.tmp_save
2026-01-09 15:10:53,780 [INFO] CodeEngine:279 - Generated code: C:\Users\kamil\STM32CubeIDE\workspace_1.17.0\STM32H743IIT6-projects\Rower elektryczny\MXTmpFiles\license.tmp
2026-01-09 15:10:54,072 [INFO] CodeEngine:255 - oldGeneratedFile, C:\Users\kamil\STM32CubeIDE\workspace_1.17.0\STM32H743IIT6-projects\Rower elektryczny\Core\Src\gpio.c_save
2026-01-09 15:10:54,234 [INFO] CodeEngine:279 - Generated code: C:\Users\kamil\STM32CubeIDE\workspace_1.17.0\STM32H743IIT6-projects\Rower elektryczny\Core\Src\gpio.c
2026-01-09 15:10:54,262 [INFO] CodeEngine:255 - oldGeneratedFile, C:\Users\kamil\STM32CubeIDE\workspace_1.17.0\STM32H743IIT6-projects\Rower elektryczny\Core\Inc\gpio.h_save
2026-01-09 15:10:54,388 [INFO] CodeEngine:279 - Generated code: C:\Users\kamil\STM32CubeIDE\workspace_1.17.0\STM32H743IIT6-projects\Rower elektryczny\Core\Inc\gpio.h
2026-01-09 15:10:54,730 [WARN] IPConfigManager:98 - WARNING: Missing Config File for DEBUG ip!!
2026-01-09 15:10:55,995 [WARN] IPConfigManager:98 - WARNING: Missing Config File for MEMORYMAP ip!!
2026-01-09 15:10:56,493 [INFO] CodeEngine:255 - oldGeneratedFile, C:\Users\kamil\STM32CubeIDE\workspace_1.17.0\STM32H743IIT6-projects\Rower elektryczny\MXTmpFiles\cortex.tmp_save
2026-01-09 15:10:56,637 [INFO] CodeEngine:279 - Generated code: C:\Users\kamil\STM32CubeIDE\workspace_1.17.0\STM32H743IIT6-projects\Rower elektryczny\MXTmpFiles\cortex.tmp
2026-01-09 15:10:56,684 [INFO] CodeEngine:255 - oldGeneratedFile, C:\Users\kamil\STM32CubeIDE\workspace_1.17.0\STM32H743IIT6-projects\Rower elektryczny\Core\Src\crc.c_save
2026-01-09 15:10:56,869 [INFO] CodeEngine:279 - Generated code: C:\Users\kamil\STM32CubeIDE\workspace_1.17.0\STM32H743IIT6-projects\Rower elektryczny\Core\Src\crc.c
2026-01-09 15:10:56,900 [INFO] CodeEngine:255 - oldGeneratedFile, C:\Users\kamil\STM32CubeIDE\workspace_1.17.0\STM32H743IIT6-projects\Rower elektryczny\Core\Inc\crc.h_save
2026-01-09 15:10:57,023 [INFO] CodeEngine:279 - Generated code: C:\Users\kamil\STM32CubeIDE\workspace_1.17.0\STM32H743IIT6-projects\Rower elektryczny\Core\Inc\crc.h
2026-01-09 15:10:57,047 [INFO] CodeEngine:255 - oldGeneratedFile, C:\Users\kamil\STM32CubeIDE\workspace_1.17.0\STM32H743IIT6-projects\Rower elektryczny\Core\Src\dma2d.c_save
2026-01-09 15:10:57,161 [INFO] CodeEngine:279 - Generated code: C:\Users\kamil\STM32CubeIDE\workspace_1.17.0\STM32H743IIT6-projects\Rower elektryczny\Core\Src\dma2d.c
2026-01-09 15:10:57,168 [INFO] CodeEngine:255 - oldGeneratedFile, C:\Users\kamil\STM32CubeIDE\workspace_1.17.0\STM32H743IIT6-projects\Rower elektryczny\Core\Inc\dma2d.h_save
2026-01-09 15:10:57,294 [INFO] CodeEngine:279 - Generated code: C:\Users\kamil\STM32CubeIDE\workspace_1.17.0\STM32H743IIT6-projects\Rower elektryczny\Core\Inc\dma2d.h
2026-01-09 15:10:57,320 [INFO] CodeEngine:255 - oldGeneratedFile, C:\Users\kamil\STM32CubeIDE\workspace_1.17.0\STM32H743IIT6-projects\Rower elektryczny\Core\Src\fdcan.c_save
2026-01-09 15:10:57,453 [INFO] CodeEngine:279 - Generated code: C:\Users\kamil\STM32CubeIDE\workspace_1.17.0\STM32H743IIT6-projects\Rower elektryczny\Core\Src\fdcan.c
2026-01-09 15:10:57,464 [INFO] CodeEngine:255 - oldGeneratedFile, C:\Users\kamil\STM32CubeIDE\workspace_1.17.0\STM32H743IIT6-projects\Rower elektryczny\Core\Inc\fdcan.h_save
2026-01-09 15:10:57,607 [INFO] CodeEngine:279 - Generated code: C:\Users\kamil\STM32CubeIDE\workspace_1.17.0\STM32H743IIT6-projects\Rower elektryczny\Core\Inc\fdcan.h
2026-01-09 15:10:57,640 [INFO] CodeEngine:255 - oldGeneratedFile, C:\Users\kamil\STM32CubeIDE\workspace_1.17.0\STM32H743IIT6-projects\Rower elektryczny\Core\Src\fmc.c_save
2026-01-09 15:10:57,771 [INFO] CodeEngine:279 - Generated code: C:\Users\kamil\STM32CubeIDE\workspace_1.17.0\STM32H743IIT6-projects\Rower elektryczny\Core\Src\fmc.c
2026-01-09 15:10:57,814 [INFO] CodeEngine:255 - oldGeneratedFile, C:\Users\kamil\STM32CubeIDE\workspace_1.17.0\STM32H743IIT6-projects\Rower elektryczny\Core\Inc\fmc.h_save
2026-01-09 15:10:57,967 [INFO] CodeEngine:279 - Generated code: C:\Users\kamil\STM32CubeIDE\workspace_1.17.0\STM32H743IIT6-projects\Rower elektryczny\Core\Inc\fmc.h
2026-01-09 15:10:58,008 [INFO] CodeEngine:255 - oldGeneratedFile, C:\Users\kamil\STM32CubeIDE\workspace_1.17.0\STM32H743IIT6-projects\Rower elektryczny\Core\Src\i2c.c_save
2026-01-09 15:10:58,159 [INFO] CodeEngine:279 - Generated code: C:\Users\kamil\STM32CubeIDE\workspace_1.17.0\STM32H743IIT6-projects\Rower elektryczny\Core\Src\i2c.c
2026-01-09 15:10:58,166 [INFO] CodeEngine:255 - oldGeneratedFile, C:\Users\kamil\STM32CubeIDE\workspace_1.17.0\STM32H743IIT6-projects\Rower elektryczny\Core\Inc\i2c.h_save
2026-01-09 15:10:58,272 [INFO] CodeEngine:279 - Generated code: C:\Users\kamil\STM32CubeIDE\workspace_1.17.0\STM32H743IIT6-projects\Rower elektryczny\Core\Inc\i2c.h
2026-01-09 15:10:58,296 [INFO] CodeEngine:255 - oldGeneratedFile, C:\Users\kamil\STM32CubeIDE\workspace_1.17.0\STM32H743IIT6-projects\Rower elektryczny\Core\Src\ltdc.c_save
2026-01-09 15:10:58,434 [INFO] CodeEngine:279 - Generated code: C:\Users\kamil\STM32CubeIDE\workspace_1.17.0\STM32H743IIT6-projects\Rower elektryczny\Core\Src\ltdc.c
2026-01-09 15:10:58,444 [INFO] CodeEngine:255 - oldGeneratedFile, C:\Users\kamil\STM32CubeIDE\workspace_1.17.0\STM32H743IIT6-projects\Rower elektryczny\Core\Inc\ltdc.h_save
2026-01-09 15:10:58,549 [INFO] CodeEngine:279 - Generated code: C:\Users\kamil\STM32CubeIDE\workspace_1.17.0\STM32H743IIT6-projects\Rower elektryczny\Core\Inc\ltdc.h
2026-01-09 15:10:58,582 [INFO] CodeEngine:255 - oldGeneratedFile, C:\Users\kamil\STM32CubeIDE\workspace_1.17.0\STM32H743IIT6-projects\Rower elektryczny\Core\Src\memorymap.c_save
2026-01-09 15:10:58,681 [INFO] CodeEngine:279 - Generated code: C:\Users\kamil\STM32CubeIDE\workspace_1.17.0\STM32H743IIT6-projects\Rower elektryczny\Core\Src\memorymap.c
2026-01-09 15:10:58,688 [INFO] CodeEngine:255 - oldGeneratedFile, C:\Users\kamil\STM32CubeIDE\workspace_1.17.0\STM32H743IIT6-projects\Rower elektryczny\Core\Inc\memorymap.h_save
2026-01-09 15:10:58,794 [INFO] CodeEngine:279 - Generated code: C:\Users\kamil\STM32CubeIDE\workspace_1.17.0\STM32H743IIT6-projects\Rower elektryczny\Core\Inc\memorymap.h
2026-01-09 15:10:58,824 [INFO] CodeEngine:255 - oldGeneratedFile, C:\Users\kamil\STM32CubeIDE\workspace_1.17.0\STM32H743IIT6-projects\Rower elektryczny\Core\Src\quadspi.c_save
2026-01-09 15:10:58,939 [INFO] CodeEngine:279 - Generated code: C:\Users\kamil\STM32CubeIDE\workspace_1.17.0\STM32H743IIT6-projects\Rower elektryczny\Core\Src\quadspi.c
2026-01-09 15:10:58,945 [INFO] CodeEngine:255 - oldGeneratedFile, C:\Users\kamil\STM32CubeIDE\workspace_1.17.0\STM32H743IIT6-projects\Rower elektryczny\Core\Inc\quadspi.h_save
2026-01-09 15:10:59,071 [INFO] CodeEngine:279 - Generated code: C:\Users\kamil\STM32CubeIDE\workspace_1.17.0\STM32H743IIT6-projects\Rower elektryczny\Core\Inc\quadspi.h
2026-01-09 15:10:59,119 [INFO] CodeEngine:255 - oldGeneratedFile, C:\Users\kamil\STM32CubeIDE\workspace_1.17.0\STM32H743IIT6-projects\Rower elektryczny\Core\Src\stm32h7xx_it.c_save
2026-01-09 15:10:59,262 [INFO] CodeEngine:279 - Generated code: C:\Users\kamil\STM32CubeIDE\workspace_1.17.0\STM32H743IIT6-projects\Rower elektryczny\Core\Src\stm32h7xx_it.c
2026-01-09 15:10:59,296 [INFO] CodeEngine:255 - oldGeneratedFile, C:\Users\kamil\STM32CubeIDE\workspace_1.17.0\STM32H743IIT6-projects\Rower elektryczny\Core\Inc\stm32h7xx_it.h_save
2026-01-09 15:10:59,397 [INFO] CodeEngine:279 - Generated code: C:\Users\kamil\STM32CubeIDE\workspace_1.17.0\STM32H743IIT6-projects\Rower elektryczny\Core\Inc\stm32h7xx_it.h
2026-01-09 15:10:59,691 [INFO] CodeEngine:255 - oldGeneratedFile, C:\Users\kamil\STM32CubeIDE\workspace_1.17.0\STM32H743IIT6-projects\Rower elektryczny\Core\Src\stm32h7xx_hal_msp.c_save
2026-01-09 15:10:59,813 [INFO] CodeEngine:279 - Generated code: C:\Users\kamil\STM32CubeIDE\workspace_1.17.0\STM32H743IIT6-projects\Rower elektryczny\Core\Src\stm32h7xx_hal_msp.c
2026-01-09 15:10:59,831 [INFO] CodeEngine:255 - oldGeneratedFile, C:\Users\kamil\STM32CubeIDE\workspace_1.17.0\STM32H743IIT6-projects\Rower elektryczny\MXTmpFiles\system.tmp_save
2026-01-09 15:10:59,909 [INFO] CodeEngine:279 - Generated code: C:\Users\kamil\STM32CubeIDE\workspace_1.17.0\STM32H743IIT6-projects\Rower elektryczny\MXTmpFiles\system.tmp
2026-01-09 15:10:59,953 [INFO] CodeEngine:311 - oldGeneratedFile, C:\Users\kamil\STM32CubeIDE\workspace_1.17.0\STM32H743IIT6-projects\Rower elektryczny\Core\Inc\stm32h7xx_hal_conf.h_save
2026-01-09 15:11:00,059 [INFO] CodeEngine:335 - Generated code: C:\Users\kamil\STM32CubeIDE\workspace_1.17.0\STM32H743IIT6-projects\Rower elektryczny\Core\Inc\stm32h7xx_hal_conf.h
2026-01-09 15:11:00,127 [INFO] ApiDbMcu:508 - Load IP Config File for CRC
2026-01-09 15:11:00,130 [INFO] ApiDbMcu:508 - Load IP Config File for DMA2D
2026-01-09 15:11:00,135 [INFO] ApiDbMcu:508 - Load IP Config File for FDCAN1
2026-01-09 15:11:00,139 [INFO] ApiDbMcu:508 - Load IP Config File for FMC
2026-01-09 15:11:00,142 [INFO] ApiDbMcu:508 - Load IP Config File for I2C2
2026-01-09 15:11:00,144 [INFO] ApiDbMcu:508 - Load IP Config File for I2C4
2026-01-09 15:11:00,146 [INFO] ApiDbMcu:508 - Load IP Config File for LTDC
2026-01-09 15:11:00,147 [ERROR] ApiDbMcu:464 - Can't load MEMORYMAP-STM32xx root dir null
2026-01-09 15:11:00,147 [ERROR] ApiDbMcu:536 - Cannot parse MEMORYMAP_Config file : file do not exist
2026-01-09 15:11:00,148 [INFO] ApiDbMcu:508 - Load IP Config File for QUADSPI
2026-01-09 15:11:00,151 [INFO] ApiDbMcu:508 - Load IP Config File for RCC
2026-01-09 15:11:00,191 [INFO] CodeEngine:255 - oldGeneratedFile, C:\Users\kamil\STM32CubeIDE\workspace_1.17.0\STM32H743IIT6-projects\Rower elektryczny\Core\Inc\main.h_save
2026-01-09 15:11:00,321 [INFO] CodeEngine:279 - Generated code: C:\Users\kamil\STM32CubeIDE\workspace_1.17.0\STM32H743IIT6-projects\Rower elektryczny\Core\Inc\main.h
2026-01-09 15:11:00,354 [INFO] CodeEngine:255 - oldGeneratedFile, C:\Users\kamil\STM32CubeIDE\workspace_1.17.0\STM32H743IIT6-projects\Rower elektryczny\Core\Src\main.c_save
2026-01-09 15:11:00,545 [INFO] CodeEngine:279 - Generated code: C:\Users\kamil\STM32CubeIDE\workspace_1.17.0\STM32H743IIT6-projects\Rower elektryczny\Core\Src\main.c
2026-01-09 15:11:01,018 [INFO] ProjectBuilder:3289 - Time for Copy HAL[1] : 249mS.
2026-01-09 15:11:01,027 [INFO] ProjectBuilder:4876 - Project Generator version: 4.5.0-RC5
2026-01-09 15:11:01,096 [INFO] ConfigFileManager:1579 - The Die is : DIE450
2026-01-09 15:11:01,114 [INFO] ApiDbMcu:508 - Load IP Config File for FATFS
2026-01-09 15:11:01,131 [INFO] ApiDbMcu:508 - Load IP Config File for FREERTOS
2026-01-09 15:11:01,147 [INFO] ApiDbMcu:508 - Load IP Config File for LIBJPEG
2026-01-09 15:11:01,165 [INFO] ApiDbMcu:508 - Load IP Config File for LWIP
2026-01-09 15:11:01,184 [INFO] ApiDbMcu:508 - Load IP Config File for MBEDTLS
2026-01-09 15:11:01,201 [INFO] ApiDbMcu:508 - Load IP Config File for USB_DEVICE
2026-01-09 15:11:01,216 [INFO] ApiDbMcu:508 - Load IP Config File for USB_HOST
2026-01-09 15:11:02,328 [INFO] LogOutputStream:77 - [STDOUT_REDIRECT] 
2026-01-09 15:11:06,690 [INFO] ProjectBuilder:5154 - Time for Generating toolchain IDE Files: 5663mS.
2026-01-09 15:11:06,692 [INFO] ProjectBuilder:3146 - Time for Copy CMSIS : 1mS.
2026-01-09 15:11:06,697 [INFO] ProjectBuilder:3146 - Time for Copy CMSIS : 0mS.
2026-01-09 15:56:50,307 [INFO] WebApp:190 - Connection lost
2026-01-09 15:57:11,434 [INFO] WebApp:187 - Connection restablished
2026-01-09 16:30:33,289 [INFO] WebApp:190 - Connection lost
2026-01-09 16:58:28,512 [INFO] UtilMem:75 - End SaveConfig() Used Memory: 885834784 Bytes (1073741824)
2026-01-09 16:58:28,633 [ERROR] ConfigurationRetriever:142 - IOException on connection: sw-center.st.com
2026-01-09 16:58:28,635 [ERROR] ConfigurationRetriever:142 - IOException on connection: sw-center.st.com
2026-01-09 16:58:28,636 [ERROR] ConfigurationRetriever:142 - IOException on connection: sw-center.st.com
2026-01-09 16:58:28,985 [INFO] BlockDiagram:2766 - set Specific Code input for plugin: LTDC
2026-01-09 16:58:28,985 [INFO] BlockDiagram:2766 - set Specific Code input for plugin: RCC
2026-01-09 16:58:28,985 [INFO] BlockDiagram:2766 - set Specific Code input for plugin: I2C
2026-01-09 16:58:28,986 [INFO] BlockDiagram:2766 - set Specific Code input for plugin: I2C
2026-01-09 16:58:28,986 [INFO] BlockDiagram:2766 - set Specific Code input for plugin: FMC
2026-01-09 16:58:28,986 [INFO] BlockDiagram:2766 - set Specific Code input for plugin: FDCAN
2026-01-09 16:58:28,986 [INFO] BlockDiagram:2766 - set Specific Code input for plugin: QUADSPI
2026-01-09 16:58:28,987 [INFO] BlockDiagram:2766 - set Specific Code input for plugin: MEMORYMAP
2026-01-09 16:58:28,987 [INFO] BlockDiagram:2766 - set Specific Code input for plugin: SYS
2026-01-09 16:58:28,987 [INFO] BlockDiagram:2766 - set Specific Code input for plugin: CRC
2026-01-09 16:58:28,987 [INFO] BlockDiagram:2766 - set Specific Code input for plugin: NVIC
2026-01-09 16:58:28,987 [INFO] BlockDiagram:2766 - set Specific Code input for plugin: DMA2D
2026-01-09 16:58:28,987 [INFO] BlockDiagram:2766 - set Specific Code input for plugin: CORTEX_M7
2026-01-09 16:58:28,987 [INFO] BlockDiagram:2766 - set Specific Code input for plugin: DEBUG
2026-01-09 16:58:28,989 [INFO] BlockDiagram:2766 - set Specific Code input for plugin: GPIO
2026-01-09 16:58:28,990 [INFO] CodeGenerator:896 - code generatio: config db path: C:\ST\STM32CubeIDE_1.17.0\STM32CubeIDE\plugins\com.st.stm32cube.common.mx_6.13.0.202411220809\\db\
2026-01-09 16:58:29,008 [WARN] IP:2251 - ClockDivider not found: check if there is a RefParameter without a condition.
2026-01-09 16:58:29,009 [WARN] IP:2251 - ClockDividerCCU not found: check if there is a RefParameter without a condition.
2026-01-09 16:58:29,009 [WARN] IP:2251 - MinOscClkPeriodsCCU not found: check if there is a RefParameter without a condition.
2026-01-09 16:58:29,009 [WARN] IP:2251 - TimeQuantaPerBitTimeCCU not found: check if there is a RefParameter without a condition.
2026-01-09 16:58:29,009 [WARN] IP:2251 - WatchdogStartValueCCU not found: check if there is a RefParameter without a condition.
2026-01-09 16:58:29,026 [WARN] IP:2251 - LayerIdx_L1 not found: check if there is a RefParameter without a condition.
2026-01-09 16:58:29,151 [INFO] CodeEngine:255 - oldGeneratedFile, C:\Users\kamil\STM32CubeIDE\workspace_1.17.0\STM32H743IIT6-projects\Rower elektryczny\MXTmpFiles\license.tmp_save
2026-01-09 16:58:29,368 [INFO] CodeEngine:279 - Generated code: C:\Users\kamil\STM32CubeIDE\workspace_1.17.0\STM32H743IIT6-projects\Rower elektryczny\MXTmpFiles\license.tmp
2026-01-09 16:58:29,610 [INFO] CodeEngine:255 - oldGeneratedFile, C:\Users\kamil\STM32CubeIDE\workspace_1.17.0\STM32H743IIT6-projects\Rower elektryczny\Core\Src\gpio.c_save
2026-01-09 16:58:29,725 [INFO] CodeEngine:279 - Generated code: C:\Users\kamil\STM32CubeIDE\workspace_1.17.0\STM32H743IIT6-projects\Rower elektryczny\Core\Src\gpio.c
2026-01-09 16:58:29,735 [INFO] CodeEngine:255 - oldGeneratedFile, C:\Users\kamil\STM32CubeIDE\workspace_1.17.0\STM32H743IIT6-projects\Rower elektryczny\Core\Inc\gpio.h_save
2026-01-09 16:58:29,810 [INFO] CodeEngine:279 - Generated code: C:\Users\kamil\STM32CubeIDE\workspace_1.17.0\STM32H743IIT6-projects\Rower elektryczny\Core\Inc\gpio.h
2026-01-09 16:58:30,414 [WARN] IPConfigManager:98 - WARNING: Missing Config File for DEBUG ip!!
2026-01-09 16:58:32,096 [WARN] IPConfigManager:98 - WARNING: Missing Config File for MEMORYMAP ip!!
2026-01-09 16:58:32,670 [INFO] CodeEngine:255 - oldGeneratedFile, C:\Users\kamil\STM32CubeIDE\workspace_1.17.0\STM32H743IIT6-projects\Rower elektryczny\MXTmpFiles\cortex.tmp_save
2026-01-09 16:58:32,790 [INFO] CodeEngine:279 - Generated code: C:\Users\kamil\STM32CubeIDE\workspace_1.17.0\STM32H743IIT6-projects\Rower elektryczny\MXTmpFiles\cortex.tmp
2026-01-09 16:58:32,823 [INFO] CodeEngine:255 - oldGeneratedFile, C:\Users\kamil\STM32CubeIDE\workspace_1.17.0\STM32H743IIT6-projects\Rower elektryczny\Core\Src\crc.c_save
2026-01-09 16:58:32,935 [INFO] CodeEngine:279 - Generated code: C:\Users\kamil\STM32CubeIDE\workspace_1.17.0\STM32H743IIT6-projects\Rower elektryczny\Core\Src\crc.c
2026-01-09 16:58:32,970 [INFO] CodeEngine:255 - oldGeneratedFile, C:\Users\kamil\STM32CubeIDE\workspace_1.17.0\STM32H743IIT6-projects\Rower elektryczny\Core\Inc\crc.h_save
2026-01-09 16:58:33,032 [INFO] CodeEngine:279 - Generated code: C:\Users\kamil\STM32CubeIDE\workspace_1.17.0\STM32H743IIT6-projects\Rower elektryczny\Core\Inc\crc.h
2026-01-09 16:58:33,063 [INFO] CodeEngine:255 - oldGeneratedFile, C:\Users\kamil\STM32CubeIDE\workspace_1.17.0\STM32H743IIT6-projects\Rower elektryczny\Core\Src\dma2d.c_save
2026-01-09 16:58:33,148 [INFO] CodeEngine:279 - Generated code: C:\Users\kamil\STM32CubeIDE\workspace_1.17.0\STM32H743IIT6-projects\Rower elektryczny\Core\Src\dma2d.c
2026-01-09 16:58:33,156 [INFO] CodeEngine:255 - oldGeneratedFile, C:\Users\kamil\STM32CubeIDE\workspace_1.17.0\STM32H743IIT6-projects\Rower elektryczny\Core\Inc\dma2d.h_save
2026-01-09 16:58:33,231 [INFO] CodeEngine:279 - Generated code: C:\Users\kamil\STM32CubeIDE\workspace_1.17.0\STM32H743IIT6-projects\Rower elektryczny\Core\Inc\dma2d.h
2026-01-09 16:58:33,259 [INFO] CodeEngine:255 - oldGeneratedFile, C:\Users\kamil\STM32CubeIDE\workspace_1.17.0\STM32H743IIT6-projects\Rower elektryczny\Core\Src\fdcan.c_save
2026-01-09 16:58:33,355 [INFO] CodeEngine:279 - Generated code: C:\Users\kamil\STM32CubeIDE\workspace_1.17.0\STM32H743IIT6-projects\Rower elektryczny\Core\Src\fdcan.c
2026-01-09 16:58:33,363 [INFO] CodeEngine:255 - oldGeneratedFile, C:\Users\kamil\STM32CubeIDE\workspace_1.17.0\STM32H743IIT6-projects\Rower elektryczny\Core\Inc\fdcan.h_save
2026-01-09 16:58:33,440 [INFO] CodeEngine:279 - Generated code: C:\Users\kamil\STM32CubeIDE\workspace_1.17.0\STM32H743IIT6-projects\Rower elektryczny\Core\Inc\fdcan.h
2026-01-09 16:58:33,481 [INFO] CodeEngine:255 - oldGeneratedFile, C:\Users\kamil\STM32CubeIDE\workspace_1.17.0\STM32H743IIT6-projects\Rower elektryczny\Core\Src\fmc.c_save
2026-01-09 16:58:33,610 [INFO] CodeEngine:279 - Generated code: C:\Users\kamil\STM32CubeIDE\workspace_1.17.0\STM32H743IIT6-projects\Rower elektryczny\Core\Src\fmc.c
2026-01-09 16:58:33,630 [INFO] CodeEngine:255 - oldGeneratedFile, C:\Users\kamil\STM32CubeIDE\workspace_1.17.0\STM32H743IIT6-projects\Rower elektryczny\Core\Inc\fmc.h_save
2026-01-09 16:58:33,713 [INFO] CodeEngine:279 - Generated code: C:\Users\kamil\STM32CubeIDE\workspace_1.17.0\STM32H743IIT6-projects\Rower elektryczny\Core\Inc\fmc.h
2026-01-09 16:58:33,749 [INFO] CodeEngine:255 - oldGeneratedFile, C:\Users\kamil\STM32CubeIDE\workspace_1.17.0\STM32H743IIT6-projects\Rower elektryczny\Core\Src\i2c.c_save
2026-01-09 16:58:33,886 [INFO] CodeEngine:279 - Generated code: C:\Users\kamil\STM32CubeIDE\workspace_1.17.0\STM32H743IIT6-projects\Rower elektryczny\Core\Src\i2c.c
2026-01-09 16:58:33,895 [INFO] CodeEngine:255 - oldGeneratedFile, C:\Users\kamil\STM32CubeIDE\workspace_1.17.0\STM32H743IIT6-projects\Rower elektryczny\Core\Inc\i2c.h_save
2026-01-09 16:58:33,964 [INFO] CodeEngine:279 - Generated code: C:\Users\kamil\STM32CubeIDE\workspace_1.17.0\STM32H743IIT6-projects\Rower elektryczny\Core\Inc\i2c.h
2026-01-09 16:58:34,002 [INFO] CodeEngine:255 - oldGeneratedFile, C:\Users\kamil\STM32CubeIDE\workspace_1.17.0\STM32H743IIT6-projects\Rower elektryczny\Core\Src\ltdc.c_save
2026-01-09 16:58:34,088 [INFO] CodeEngine:279 - Generated code: C:\Users\kamil\STM32CubeIDE\workspace_1.17.0\STM32H743IIT6-projects\Rower elektryczny\Core\Src\ltdc.c
2026-01-09 16:58:34,096 [INFO] CodeEngine:255 - oldGeneratedFile, C:\Users\kamil\STM32CubeIDE\workspace_1.17.0\STM32H743IIT6-projects\Rower elektryczny\Core\Inc\ltdc.h_save
2026-01-09 16:58:34,154 [INFO] CodeEngine:279 - Generated code: C:\Users\kamil\STM32CubeIDE\workspace_1.17.0\STM32H743IIT6-projects\Rower elektryczny\Core\Inc\ltdc.h
2026-01-09 16:58:34,179 [INFO] CodeEngine:255 - oldGeneratedFile, C:\Users\kamil\STM32CubeIDE\workspace_1.17.0\STM32H743IIT6-projects\Rower elektryczny\Core\Src\memorymap.c_save
2026-01-09 16:58:34,279 [INFO] CodeEngine:279 - Generated code: C:\Users\kamil\STM32CubeIDE\workspace_1.17.0\STM32H743IIT6-projects\Rower elektryczny\Core\Src\memorymap.c
2026-01-09 16:58:34,287 [INFO] CodeEngine:255 - oldGeneratedFile, C:\Users\kamil\STM32CubeIDE\workspace_1.17.0\STM32H743IIT6-projects\Rower elektryczny\Core\Inc\memorymap.h_save
2026-01-09 16:58:34,356 [INFO] CodeEngine:279 - Generated code: C:\Users\kamil\STM32CubeIDE\workspace_1.17.0\STM32H743IIT6-projects\Rower elektryczny\Core\Inc\memorymap.h
2026-01-09 16:58:34,390 [INFO] CodeEngine:255 - oldGeneratedFile, C:\Users\kamil\STM32CubeIDE\workspace_1.17.0\STM32H743IIT6-projects\Rower elektryczny\Core\Src\quadspi.c_save
2026-01-09 16:58:34,511 [INFO] CodeEngine:279 - Generated code: C:\Users\kamil\STM32CubeIDE\workspace_1.17.0\STM32H743IIT6-projects\Rower elektryczny\Core\Src\quadspi.c
2026-01-09 16:58:34,523 [INFO] CodeEngine:255 - oldGeneratedFile, C:\Users\kamil\STM32CubeIDE\workspace_1.17.0\STM32H743IIT6-projects\Rower elektryczny\Core\Inc\quadspi.h_save
2026-01-09 16:58:34,590 [INFO] CodeEngine:279 - Generated code: C:\Users\kamil\STM32CubeIDE\workspace_1.17.0\STM32H743IIT6-projects\Rower elektryczny\Core\Inc\quadspi.h
2026-01-09 16:58:34,637 [INFO] CodeEngine:255 - oldGeneratedFile, C:\Users\kamil\STM32CubeIDE\workspace_1.17.0\STM32H743IIT6-projects\Rower elektryczny\Core\Src\stm32h7xx_it.c_save
2026-01-09 16:58:34,893 [INFO] CodeEngine:279 - Generated code: C:\Users\kamil\STM32CubeIDE\workspace_1.17.0\STM32H743IIT6-projects\Rower elektryczny\Core\Src\stm32h7xx_it.c
2026-01-09 16:58:34,901 [INFO] CodeEngine:255 - oldGeneratedFile, C:\Users\kamil\STM32CubeIDE\workspace_1.17.0\STM32H743IIT6-projects\Rower elektryczny\Core\Inc\stm32h7xx_it.h_save
2026-01-09 16:58:34,990 [INFO] CodeEngine:279 - Generated code: C:\Users\kamil\STM32CubeIDE\workspace_1.17.0\STM32H743IIT6-projects\Rower elektryczny\Core\Inc\stm32h7xx_it.h
2026-01-09 16:58:35,410 [INFO] CodeEngine:255 - oldGeneratedFile, C:\Users\kamil\STM32CubeIDE\workspace_1.17.0\STM32H743IIT6-projects\Rower elektryczny\Core\Src\stm32h7xx_hal_msp.c_save
2026-01-09 16:58:35,509 [INFO] CodeEngine:279 - Generated code: C:\Users\kamil\STM32CubeIDE\workspace_1.17.0\STM32H743IIT6-projects\Rower elektryczny\Core\Src\stm32h7xx_hal_msp.c
2026-01-09 16:58:35,518 [INFO] CodeEngine:255 - oldGeneratedFile, C:\Users\kamil\STM32CubeIDE\workspace_1.17.0\STM32H743IIT6-projects\Rower elektryczny\MXTmpFiles\system.tmp_save
2026-01-09 16:58:35,575 [INFO] CodeEngine:279 - Generated code: C:\Users\kamil\STM32CubeIDE\workspace_1.17.0\STM32H743IIT6-projects\Rower elektryczny\MXTmpFiles\system.tmp
2026-01-09 16:58:35,617 [INFO] CodeEngine:311 - oldGeneratedFile, C:\Users\kamil\STM32CubeIDE\workspace_1.17.0\STM32H743IIT6-projects\Rower elektryczny\Core\Inc\stm32h7xx_hal_conf.h_save
2026-01-09 16:58:35,728 [INFO] CodeEngine:335 - Generated code: C:\Users\kamil\STM32CubeIDE\workspace_1.17.0\STM32H743IIT6-projects\Rower elektryczny\Core\Inc\stm32h7xx_hal_conf.h
2026-01-09 16:58:35,777 [ERROR] ApiDbMcu:464 - Can't load MEMORYMAP-STM32xx root dir null
2026-01-09 16:58:35,777 [ERROR] ApiDbMcu:536 - Cannot parse MEMORYMAP_Config file : file do not exist
2026-01-09 16:58:35,830 [INFO] CodeEngine:255 - oldGeneratedFile, C:\Users\kamil\STM32CubeIDE\workspace_1.17.0\STM32H743IIT6-projects\Rower elektryczny\Core\Inc\main.h_save
2026-01-09 16:58:35,920 [INFO] CodeEngine:279 - Generated code: C:\Users\kamil\STM32CubeIDE\workspace_1.17.0\STM32H743IIT6-projects\Rower elektryczny\Core\Inc\main.h
2026-01-09 16:58:35,941 [INFO] CodeEngine:255 - oldGeneratedFile, C:\Users\kamil\STM32CubeIDE\workspace_1.17.0\STM32H743IIT6-projects\Rower elektryczny\Core\Src\main.c_save
2026-01-09 16:58:36,064 [INFO] CodeEngine:279 - Generated code: C:\Users\kamil\STM32CubeIDE\workspace_1.17.0\STM32H743IIT6-projects\Rower elektryczny\Core\Src\main.c
2026-01-09 16:58:36,545 [INFO] ProjectBuilder:3289 - Time for Copy HAL[1] : 282mS.
2026-01-09 16:58:36,551 [INFO] ProjectBuilder:4876 - Project Generator version: 4.5.0-RC5
2026-01-09 16:58:36,631 [INFO] ConfigFileManager:1579 - The Die is : DIE450
2026-01-09 16:58:38,143 [INFO] ProjectBuilder:5154 - Time for Generating toolchain IDE Files: 1591mS.
2026-01-09 16:58:38,147 [INFO] ProjectBuilder:3146 - Time for Copy CMSIS : 2mS.
2026-01-09 16:58:38,156 [INFO] ProjectBuilder:3146 - Time for Copy CMSIS : 0mS.
2026-01-09 16:58:56,315 [ERROR] ConfigurationRetriever:142 - IOException on connection: sw-center.st.com
2026-01-09 16:58:56,316 [ERROR] ConfigurationRetriever:142 - IOException on connection: sw-center.st.com
2026-01-09 16:58:56,317 [ERROR] ConfigurationRetriever:142 - IOException on connection: sw-center.st.com
2026-01-09 16:59:43,987 [ERROR] ConfigurationRetriever:142 - IOException on connection: sw-center.st.com
2026-01-09 16:59:43,988 [ERROR] ConfigurationRetriever:142 - IOException on connection: sw-center.st.com
2026-01-09 16:59:43,988 [ERROR] ConfigurationRetriever:142 - IOException on connection: sw-center.st.com
2026-01-09 17:08:55,989 [INFO] WebApp:187 - Connection restablished
2026-01-09 17:17:20,434 [INFO] WebApp:190 - Connection lost
2026-01-09 17:17:43,546 [ERROR] ConfigurationRetriever:142 - IOException on connection: sw-center.st.com
2026-01-09 17:17:43,547 [ERROR] ConfigurationRetriever:142 - IOException on connection: sw-center.st.com
2026-01-09 17:17:43,548 [ERROR] ConfigurationRetriever:142 - IOException on connection: sw-center.st.com
2026-01-09 17:20:17,340 [ERROR] ConfigurationRetriever:142 - IOException on connection: sw-center.st.com
2026-01-09 17:20:17,342 [ERROR] ConfigurationRetriever:142 - IOException on connection: sw-center.st.com
2026-01-09 17:20:17,344 [ERROR] ConfigurationRetriever:142 - IOException on connection: sw-center.st.com
2026-01-09 17:20:46,995 [ERROR] ConfigurationRetriever:142 - IOException on connection: sw-center.st.com
2026-01-09 17:20:46,997 [ERROR] ConfigurationRetriever:142 - IOException on connection: sw-center.st.com
2026-01-09 17:20:46,997 [ERROR] ConfigurationRetriever:142 - IOException on connection: sw-center.st.com
2026-01-09 17:41:43,481 [INFO] WebApp:187 - Connection restablished
2026-01-09 18:07:26,249 [INFO] WebApp:190 - Connection lost
2026-01-09 18:33:30,634 [INFO] WebApp:187 - Connection restablished
2026-01-09 19:06:30,566 [INFO] Activator:176 - 


2026-01-09 19:06:30,568 [INFO] Activator:177 - !SESSION log4j initialized
2026-01-09 19:06:37,796 [INFO] LogOutputStream:77 - [STDOUT_REDIRECT] 
2026-01-09 19:06:44,980 [INFO] ApplicationProperties:184 - Using Application install path: C:\ST\STM32CubeIDE_1.17.0\STM32CubeIDE\plugins\com.st.stm32cube.common.mx_6.13.0.202411220809
2026-01-09 19:06:45,002 [INFO] DbMcusXml:78 - Set database path to: C:\ST\STM32CubeIDE_1.17.0\STM32CubeIDE\plugins\com.st.stm32cube.common.mx_6.13.0.202411220809\\db\/mcu/
2026-01-09 19:06:45,003 [INFO] ApiDb:274 - Set plugin database path to: C:\ST\STM32CubeIDE_1.17.0\STM32CubeIDE\plugins\com.st.stm32cube.common.mx_6.13.0.202411220809\\db\/plugins/boardmanager/
2026-01-09 19:06:45,003 [WARN] ApiDb:259 - Overriding images path with different value:  => C:\ST\STM32CubeIDE_1.17.0\STM32CubeIDE\plugins\com.st.stm32cube.common.mx_6.13.0.202411220809\\db\/plugins/mcufinder/images/
2026-01-09 19:06:45,016 [INFO] ApiDb:250 - Set database path to: C:\Users\kamil\.stmcufinder\plugins\mcufinder//mcu/
2026-01-09 19:06:45,017 [INFO] DbMcusAds:125 - Set database path to: C:\Users\kamil\.stmcufinder\plugins\mcufinder//mcu/
2026-01-09 19:06:45,020 [INFO] CrossReferenceDbSqlite:203 - Set database path to: C:\Users\kamil\.stmcufinder\plugins\mcufinder//mcu/cs/
2026-01-09 19:06:45,163 [INFO] RulesReader:64 - Compatibility file has been processed (297 Rules)
2026-01-09 19:06:45,249 [INFO] DbMcusXml:78 - Set database path to: C:\ST\STM32CubeIDE_1.17.0\STM32CubeIDE\plugins\com.st.stm32cube.common.mx_6.13.0.202411220809\\db\/mcu/
2026-01-09 19:06:45,250 [INFO] ApiDb:274 - Set plugin database path to: C:\ST\STM32CubeIDE_1.17.0\STM32CubeIDE\plugins\com.st.stm32cube.common.mx_6.13.0.202411220809\\db\/plugins/boardmanager/
2026-01-09 19:06:45,250 [INFO] ApiDb:261 - Set plugin images path to: C:\ST\STM32CubeIDE_1.17.0\STM32CubeIDE\plugins\com.st.stm32cube.common.mx_6.13.0.202411220809\\db\/plugins/mcufinder/images/
2026-01-09 19:06:45,250 [WARN] DbFile:41 - Overriding database path with different value: C:\Users\kamil\.stmcufinder\plugins\mcufinder/ => C:\Users\kamil\.stmcufinder\plugins\mcufinder
2026-01-09 19:06:45,250 [INFO] ApiDb:250 - Set database path to: C:\Users\kamil\.stmcufinder\plugins\mcufinder//mcu/
2026-01-09 19:06:45,250 [WARN] DbFile:41 - Overriding database path with different value: C:\Users\kamil\.stmcufinder\plugins\mcufinder/ => C:\Users\kamil\.stmcufinder\plugins\mcufinder
2026-01-09 19:06:45,250 [INFO] DbMcusAds:125 - Set database path to: C:\Users\kamil\.stmcufinder\plugins\mcufinder//mcu/
2026-01-09 19:06:45,251 [WARN] DbFile:41 - Overriding database path with different value: C:\Users\kamil\.stmcufinder\plugins\mcufinder/ => C:\Users\kamil\.stmcufinder\plugins\mcufinder
2026-01-09 19:06:45,251 [WARN] DbFile:41 - Overriding database path with different value: C:\Users\kamil\.stmcufinder\plugins\mcufinder/ => C:\Users\kamil\.stmcufinder\plugins\mcufinder
2026-01-09 19:06:45,251 [INFO] CrossReferenceDbSqlite:203 - Set database path to: C:\Users\kamil\.stmcufinder\plugins\mcufinder//mcu/cs/
2026-01-09 19:06:45,327 [INFO] MainPanel:272 - HeapMemory: 281018368
2026-01-09 19:06:45,436 [INFO] DbMcusXml:78 - Set database path to: C:\ST\STM32CubeIDE_1.17.0\STM32CubeIDE\plugins\com.st.stm32cube.common.mx_6.13.0.202411220809\\db\/mcu/
2026-01-09 19:06:45,436 [INFO] ApiDb:274 - Set plugin database path to: C:\ST\STM32CubeIDE_1.17.0\STM32CubeIDE\plugins\com.st.stm32cube.common.mx_6.13.0.202411220809\\db\/plugins/boardmanager/
2026-01-09 19:06:45,436 [INFO] ApiDb:261 - Set plugin images path to: C:\ST\STM32CubeIDE_1.17.0\STM32CubeIDE\plugins\com.st.stm32cube.common.mx_6.13.0.202411220809\\db\/plugins/mcufinder/images/
2026-01-09 19:06:45,436 [WARN] DbFile:41 - Overriding database path with different value: C:\Users\kamil\.stmcufinder\plugins\mcufinder/ => C:\Users\kamil\.stmcufinder\plugins\mcufinder
2026-01-09 19:06:45,437 [INFO] ApiDb:250 - Set database path to: C:\Users\kamil\.stmcufinder\plugins\mcufinder//mcu/
2026-01-09 19:06:45,437 [WARN] DbFile:41 - Overriding database path with different value: C:\Users\kamil\.stmcufinder\plugins\mcufinder/ => C:\Users\kamil\.stmcufinder\plugins\mcufinder
2026-01-09 19:06:45,437 [INFO] DbMcusAds:125 - Set database path to: C:\Users\kamil\.stmcufinder\plugins\mcufinder//mcu/
2026-01-09 19:06:45,437 [WARN] DbFile:41 - Overriding database path with different value: C:\Users\kamil\.stmcufinder\plugins\mcufinder/ => C:\Users\kamil\.stmcufinder\plugins\mcufinder
2026-01-09 19:06:45,437 [WARN] DbFile:41 - Overriding database path with different value: C:\Users\kamil\.stmcufinder\plugins\mcufinder/ => C:\Users\kamil\.stmcufinder\plugins\mcufinder
2026-01-09 19:06:45,437 [INFO] CrossReferenceDbSqlite:203 - Set database path to: C:\Users\kamil\.stmcufinder\plugins\mcufinder//mcu/cs/
2026-01-09 19:06:45,455 [INFO] ApplicationProperties:184 - Using Application install path: C:\ST\STM32CubeIDE_1.17.0\STM32CubeIDE\plugins\com.st.stm32cube.common.mx_6.13.0.202411220809
2026-01-09 19:06:45,457 [INFO] PluginManage:196 - Search for loadable plugins [exclusion list=, ]
2026-01-09 19:06:45,459 [INFO] PluginManage:310 - Check plugin analytics
2026-01-09 19:06:45,671 [INFO] AnalyticsPlugin:253 - Accepted Software Licenses: 
2026-01-09 19:06:45,671 [INFO] AnalyticsPlugin:255 - Accepted CMSIS Pack Licenses: 
2026-01-09 19:06:45,671 [INFO] AnalyticsPlugin:257 - Accepted Firmware Licenses: FW.F7.1.17.0,FW.H7.1.12.0
2026-01-09 19:06:45,675 [INFO] PluginManage:359 - Loaded plugin analytics (category:tool,tabindex:-1)
2026-01-09 19:06:45,675 [INFO] PluginManage:310 - Check plugin cadmodel
2026-01-09 19:06:45,700 [INFO] CADModel:105 - Init CAD model plugin
2026-01-09 19:06:45,700 [INFO] PluginManage:359 - Loaded plugin cadmodel (category:power,tabindex:5)
2026-01-09 19:06:45,700 [INFO] PluginManage:310 - Check plugin clock
2026-01-09 19:06:45,728 [INFO] PluginManage:359 - Loaded plugin clock (category:base,tabindex:2)
2026-01-09 19:06:45,728 [INFO] PluginManage:310 - Check plugin ddr
2026-01-09 19:06:45,731 [INFO] PluginManage:359 - Loaded plugin ddr (category:tool,tabindex:6)
2026-01-09 19:06:45,731 [INFO] PluginManage:310 - Check plugin filemanager
2026-01-09 19:06:45,890 [INFO] PluginManage:359 - Loaded plugin filemanager (category:base,tabindex:10)
2026-01-09 19:06:45,890 [INFO] PluginManage:310 - Check plugin ipmanager
2026-01-09 19:06:45,898 [INFO] PluginManage:359 - Loaded plugin ipmanager (category:base,tabindex:5)
2026-01-09 19:06:45,898 [INFO] PluginManage:310 - Check plugin lpbam
2026-01-09 19:06:45,923 [INFO] PluginManage:359 - Loaded plugin lpbam (category:base,tabindex:0)
2026-01-09 19:06:45,923 [INFO] PluginManage:310 - Check plugin memorymap
2026-01-09 19:06:45,952 [INFO] PluginManage:359 - Loaded plugin memorymap (category:base,tabindex:4)
2026-01-09 19:06:45,952 [INFO] PluginManage:310 - Check plugin pinoutandconfiguration
2026-01-09 19:06:45,976 [INFO] PluginManage:359 - Loaded plugin pinoutandconfiguration (category:base,tabindex:1)
2026-01-09 19:06:45,976 [INFO] PluginManage:310 - Check plugin pinoutconfig
2026-01-09 19:06:46,120 [WARN] SupportedApi:132 - Cannot load RTOS API schema: s4s-elt-must-match.1: The content of 'definitions' must match (annotation?, (simpleType | complexType)?, (unique | key | keyref)*)). A problem was found starting at: attribute.
2026-01-09 19:06:46,295 [INFO] PluginManage:359 - Loaded plugin pinoutconfig (category:base,tabindex:0)
2026-01-09 19:06:46,295 [INFO] PluginManage:310 - Check plugin power
2026-01-09 19:06:46,330 [INFO] PluginManage:359 - Loaded plugin power (category:power,tabindex:4)
2026-01-09 19:06:46,330 [INFO] PluginManage:310 - Check plugin projectmanager
2026-01-09 19:06:46,350 [INFO] PluginManage:359 - Loaded plugin projectmanager (category:projectmanager,tabindex:4)
2026-01-09 19:06:46,351 [INFO] PluginManage:310 - Check plugin rif
2026-01-09 19:06:46,375 [INFO] PluginManage:359 - Loaded plugin rif (category:base,tabindex:3)
2026-01-09 19:06:46,375 [INFO] PluginManage:310 - Check plugin thirdparty
2026-01-09 19:06:46,829 [INFO] PluginManage:359 - Loaded plugin thirdparty (category:base,tabindex:-1)
2026-01-09 19:06:46,828 [WARN] IntegrityCheckThread:84 - waiting for thirdparty lock release [integrity check]
2026-01-09 19:06:46,829 [INFO] PluginManage:310 - Check plugin tools
2026-01-09 19:06:46,829 [INFO] IntegrityCheckThread:86 - entering critical section [integrity check]
2026-01-09 19:06:46,829 [INFO] ThirdPartyUpdaterWithRetryManager:70 - Updater plugin not ready yet. [1/15]
2026-01-09 19:06:46,887 [INFO] PluginManage:359 - Loaded plugin tools (category:base,tabindex:7)
2026-01-09 19:06:46,887 [INFO] PluginManage:310 - Check plugin tutovideos
2026-01-09 19:06:47,129 [INFO] PluginManage:359 - Loaded plugin tutovideos (category:base,tabindex:-1)
2026-01-09 19:06:47,129 [INFO] PluginManage:310 - Check plugin updater
2026-01-09 19:06:47,154 [INFO] PluginManage:359 - Loaded plugin updater (category:base,tabindex:12)
2026-01-09 19:06:47,154 [INFO] PluginManage:310 - Check plugin userauth
2026-01-09 19:06:47,159 [INFO] UserAuth:118 - Init User Auth plugin
2026-01-09 19:06:47,160 [INFO] PluginManage:359 - Loaded plugin userauth (category:base,tabindex:14)
2026-01-09 19:06:47,161 [INFO] PluginManage:283 - PluginManage : Loaded plugins [18]
2026-01-09 19:06:47,392 [INFO] PinOutPanel:1589 - setPackage(No Configuration,No Configuration)
2026-01-09 19:06:47,480 [INFO] CADModel:165 - CPN selected for project level
2026-01-09 19:06:47,481 [INFO] CADModel:114 - Register for checkConnection events
2026-01-09 19:06:47,518 [INFO] IPUIPlugin:80 - create IPUIPlugin
2026-01-09 19:06:47,518 [INFO] PluginManager:220 - loadIPPluginJar : add adc
2026-01-09 19:06:47,572 [INFO] IPUIPlugin:80 - create IPUIPlugin
2026-01-09 19:06:47,573 [INFO] PluginManager:220 - loadIPPluginJar : add aes
2026-01-09 19:06:47,636 [INFO] IPUIPlugin:80 - create IPUIPlugin
2026-01-09 19:06:47,636 [INFO] PluginManager:220 - loadIPPluginJar : add can
2026-01-09 19:06:47,674 [INFO] IPUIPlugin:80 - create IPUIPlugin
2026-01-09 19:06:47,674 [INFO] PluginManager:220 - loadIPPluginJar : add comp
2026-01-09 19:06:47,754 [INFO] IPUIPlugin:80 - create IPUIPlugin
2026-01-09 19:06:47,754 [INFO] PluginManager:220 - loadIPPluginJar : add cryp
2026-01-09 19:06:47,782 [INFO] IPUIPlugin:80 - create IPUIPlugin
2026-01-09 19:06:47,782 [INFO] PluginManager:220 - loadIPPluginJar : add ddr_ctrl_phy
2026-01-09 19:06:47,846 [INFO] IPUIPlugin:80 - create IPUIPlugin
2026-01-09 19:06:47,846 [INFO] PluginManager:220 - loadIPPluginJar : add dfsdm
2026-01-09 19:06:47,866 [INFO] IPUIPlugin:80 - create IPUIPlugin
2026-01-09 19:06:47,866 [INFO] PluginManager:220 - loadIPPluginJar : add dma
2026-01-09 19:06:47,932 [INFO] IPUIPlugin:80 - create IPUIPlugin
2026-01-09 19:06:47,932 [INFO] PluginManager:220 - loadIPPluginJar : add dma3
2026-01-09 19:06:47,998 [INFO] IPUIPlugin:80 - create IPUIPlugin
2026-01-09 19:06:47,998 [INFO] PluginManager:220 - loadIPPluginJar : add extmemmanager
2026-01-09 19:06:48,033 [INFO] IPUIPlugin:80 - create IPUIPlugin
2026-01-09 19:06:48,033 [INFO] PluginManager:220 - loadIPPluginJar : add fatfs
2026-01-09 19:06:48,120 [INFO] IPUIPlugin:80 - create IPUIPlugin
2026-01-09 19:06:48,120 [INFO] PluginManager:220 - loadIPPluginJar : add fmc
2026-01-09 19:06:48,157 [INFO] IPUIPlugin:80 - create IPUIPlugin
2026-01-09 19:06:48,158 [INFO] PluginManager:220 - loadIPPluginJar : add freertos
2026-01-09 19:06:48,199 [INFO] IPUIPlugin:80 - create IPUIPlugin
2026-01-09 19:06:48,200 [INFO] PluginManager:220 - loadIPPluginJar : add genericplugin
2026-01-09 19:06:48,364 [INFO] IPUIPlugin:80 - create IPUIPlugin
2026-01-09 19:06:48,365 [INFO] PluginManager:220 - loadIPPluginJar : add gfxmmu
2026-01-09 19:06:48,638 [INFO] IPUIPlugin:80 - create IPUIPlugin
2026-01-09 19:06:48,638 [INFO] PluginManager:220 - loadIPPluginJar : add gic
2026-01-09 19:06:48,663 [INFO] IPUIPlugin:80 - create IPUIPlugin
2026-01-09 19:06:48,663 [INFO] PluginManager:220 - loadIPPluginJar : add gpio
2026-01-09 19:06:48,795 [INFO] IPUIPlugin:80 - create IPUIPlugin
2026-01-09 19:06:48,795 [INFO] PluginManager:220 - loadIPPluginJar : add gtzc
2026-01-09 19:06:48,865 [INFO] IPUIPlugin:80 - create IPUIPlugin
2026-01-09 19:06:48,865 [INFO] PluginManager:220 - loadIPPluginJar : add hash
2026-01-09 19:06:48,983 [INFO] IPUIPlugin:80 - create IPUIPlugin
2026-01-09 19:06:48,983 [INFO] PluginManager:220 - loadIPPluginJar : add i2c
2026-01-09 19:06:49,064 [INFO] IPUIPlugin:80 - create IPUIPlugin
2026-01-09 19:06:49,064 [INFO] PluginManager:220 - loadIPPluginJar : add i2s
2026-01-09 19:06:49,144 [INFO] IPUIPlugin:80 - create IPUIPlugin
2026-01-09 19:06:49,144 [INFO] PluginManager:220 - loadIPPluginJar : add i3c
2026-01-09 19:06:49,312 [INFO] IPUIPlugin:80 - create IPUIPlugin
2026-01-09 19:06:49,312 [INFO] PluginManager:220 - loadIPPluginJar : add ipddr
2026-01-09 19:06:49,485 [INFO] IPUIPlugin:80 - create IPUIPlugin
2026-01-09 19:06:49,485 [INFO] PluginManager:220 - loadIPPluginJar : add linkedlist
2026-01-09 19:06:49,564 [INFO] IPUIPlugin:80 - create IPUIPlugin
2026-01-09 19:06:49,564 [INFO] PluginManager:220 - loadIPPluginJar : add lorawan
2026-01-09 19:06:49,629 [INFO] IPUIPlugin:80 - create IPUIPlugin
2026-01-09 19:06:49,629 [INFO] PluginManager:220 - loadIPPluginJar : add ltdc
2026-01-09 19:06:49,657 [INFO] IPUIPlugin:80 - create IPUIPlugin
2026-01-09 19:06:49,657 [INFO] PluginManager:220 - loadIPPluginJar : add mdma
2026-01-09 19:06:49,678 [INFO] IPUIPlugin:80 - create IPUIPlugin
2026-01-09 19:06:49,678 [INFO] PluginManager:220 - loadIPPluginJar : add nvic
2026-01-09 19:06:49,740 [INFO] IPUIPlugin:80 - create IPUIPlugin
2026-01-09 19:06:49,741 [INFO] PluginManager:220 - loadIPPluginJar : add opamp
2026-01-09 19:06:49,830 [INFO] ThirdPartyUpdaterWithRetryManager:70 - Updater plugin not ready yet. [2/15]
2026-01-09 19:06:49,839 [INFO] IPUIPlugin:80 - create IPUIPlugin
2026-01-09 19:06:49,839 [INFO] PluginManager:220 - loadIPPluginJar : add openamp
2026-01-09 19:06:49,940 [INFO] IPUIPlugin:80 - create IPUIPlugin
2026-01-09 19:06:49,940 [INFO] PluginManager:220 - loadIPPluginJar : add pdm2pcm
2026-01-09 19:06:49,975 [INFO] IPUIPlugin:80 - create IPUIPlugin
2026-01-09 19:06:49,978 [INFO] PluginManager:220 - loadIPPluginJar : add plateformsettings
2026-01-09 19:06:50,035 [INFO] IPUIPlugin:80 - create IPUIPlugin
2026-01-09 19:06:50,036 [INFO] PluginManager:220 - loadIPPluginJar : add quadspi
2026-01-09 19:06:50,080 [INFO] IPUIPlugin:80 - create IPUIPlugin
2026-01-09 19:06:50,081 [INFO] PluginManager:220 - loadIPPluginJar : add radio
2026-01-09 19:06:50,101 [INFO] IPUIPlugin:80 - create IPUIPlugin
2026-01-09 19:06:50,101 [INFO] PluginManager:220 - loadIPPluginJar : add resmgrutility
2026-01-09 19:06:50,175 [INFO] IPUIPlugin:80 - create IPUIPlugin
2026-01-09 19:06:50,175 [INFO] PluginManager:220 - loadIPPluginJar : add sai
2026-01-09 19:06:50,231 [INFO] IPUIPlugin:80 - create IPUIPlugin
2026-01-09 19:06:50,231 [INFO] PluginManager:220 - loadIPPluginJar : add spi
2026-01-09 19:06:50,360 [INFO] IPUIPlugin:80 - create IPUIPlugin
2026-01-09 19:06:50,360 [INFO] PluginManager:220 - loadIPPluginJar : add stm32_wpan
2026-01-09 19:06:50,412 [INFO] IPUIPlugin:80 - create IPUIPlugin
2026-01-09 19:06:50,412 [INFO] PluginManager:220 - loadIPPluginJar : add tim
2026-01-09 19:06:50,509 [INFO] IPUIPlugin:80 - create IPUIPlugin
2026-01-09 19:06:50,509 [INFO] PluginManager:220 - loadIPPluginJar : add touchsensing
2026-01-09 19:06:50,546 [INFO] IPUIPlugin:80 - create IPUIPlugin
2026-01-09 19:06:50,547 [INFO] PluginManager:220 - loadIPPluginJar : add tracer_emb
2026-01-09 19:06:50,585 [INFO] IPUIPlugin:80 - create IPUIPlugin
2026-01-09 19:06:50,585 [INFO] PluginManager:220 - loadIPPluginJar : add ts
2026-01-09 19:06:50,620 [INFO] IPUIPlugin:80 - create IPUIPlugin
2026-01-09 19:06:50,620 [INFO] PluginManager:220 - loadIPPluginJar : add tsc
2026-01-09 19:06:50,660 [INFO] IPUIPlugin:80 - create IPUIPlugin
2026-01-09 19:06:50,660 [INFO] PluginManager:220 - loadIPPluginJar : add ucpd
2026-01-09 19:06:50,730 [INFO] IPUIPlugin:80 - create IPUIPlugin
2026-01-09 19:06:50,731 [INFO] PluginManager:220 - loadIPPluginJar : add usart
2026-01-09 19:06:50,802 [INFO] IPUIPlugin:80 - create IPUIPlugin
2026-01-09 19:06:50,802 [INFO] PluginManager:220 - loadIPPluginJar : add usbx
2026-01-09 19:06:50,948 [FATAL] Updater:351 - Updater called before beeing initialized
2026-01-09 19:06:50,986 [INFO] RulesReader:64 - Compatibility file has been processed (297 Rules)
2026-01-09 19:06:51,000 [INFO] RulesReader:64 - Compatibility file has been processed (297 Rules)
2026-01-09 19:06:51,011 [INFO] CADModel:165 - CPN selected for project level
2026-01-09 19:06:51,011 [INFO] CADModel:114 - Register for checkConnection events
2026-01-09 19:06:51,011 [FATAL] Updater:351 - Updater called before beeing initialized
2026-01-09 19:06:51,011 [ERROR] CADModel:125 - Updater not yet initialized, retry later 
2026-01-09 19:06:51,175 [FATAL] Updater:351 - Updater called before beeing initialized
2026-01-09 19:06:51,178 [INFO] CADModel:165 - CPN selected for project level
2026-01-09 19:06:51,178 [INFO] CADModel:114 - Register for checkConnection events
2026-01-09 19:06:51,179 [FATAL] Updater:351 - Updater called before beeing initialized
2026-01-09 19:06:51,179 [ERROR] CADModel:125 - Updater not yet initialized, retry later 
2026-01-09 19:06:51,183 [FATAL] Updater:351 - Updater called before beeing initialized
2026-01-09 19:06:51,307 [FATAL] Updater:351 - Updater called before beeing initialized
2026-01-09 19:06:51,321 [INFO] DbMcusAds:53 - JSON generation date=Tue Dec 16 00:11:46 CET 2025 (1765840306612)
2026-01-09 19:06:51,322 [FATAL] Updater:351 - Updater called before beeing initialized
2026-01-09 19:06:51,359 [WARN] DetailPanel:346 - Failed to get advertising image, set to default
2026-01-09 19:06:51,676 [FATAL] Updater:351 - Updater called before beeing initialized
2026-01-09 19:06:51,679 [FATAL] Updater:351 - Updater called before beeing initialized
2026-01-09 19:06:51,680 [FATAL] Updater:351 - Updater called before beeing initialized
2026-01-09 19:06:51,680 [WARN] DetailPanel:346 - Failed to get advertising image, set to default
2026-01-09 19:06:51,681 [FATAL] Updater:351 - Updater called before beeing initialized
2026-01-09 19:06:51,762 [ERROR] Updater:1198 - MainUpdater not yet initialized. External WinMGr cannot be set.
2026-01-09 19:06:51,776 [INFO] Updater:1134 - Updater Version found : 6.13.0
2026-01-09 19:06:51,794 [INFO] ApplicationProperties:184 - Using Application install path: C:\ST\STM32CubeIDE_1.17.0\STM32CubeIDE\plugins\com.st.stm32cube.common.mx_6.13.0.202411220809
2026-01-09 19:06:52,229 [INFO] MainUpdater:2872 - connection check result : 10
2026-01-09 19:06:52,230 [INFO] MainUpdater:289 - Updater Check For Update Now.
2026-01-09 19:06:52,231 [INFO] MicroXplorer:498 - Change Database Version : DB.6.0.130
2026-01-09 19:06:52,274 [INFO] McuFinderGlobals:63 - Set McuFinder mode to 2 (CubeIDE integrated)
2026-01-09 19:06:52,274 [INFO] UserAuth:171 - activating auth plugin
2026-01-09 19:06:52,281 [INFO] UserAuth:486 - Internet connection configuration mode: 1
2026-01-09 19:06:52,333 [INFO] JxBrowserEngine:152 - Initiate JxBrowser Engine with user profile folder
2026-01-09 19:06:52,490 [INFO] CheckServerUpdateThread:120 - End of CheckServer Thread
2026-01-09 19:06:53,550 [WARN] PackLoader:240 - Cannot read IP mode file for STMicroelectronics.FP-SNS-MOTENVWB1.1.4.0
2026-01-09 19:06:53,570 [WARN] PackLoader:240 - Cannot read IP mode file for STMicroelectronics.FP-ATR-ASTRA1.2.0.2
2026-01-09 19:06:53,588 [WARN] PackLoader:240 - Cannot read IP mode file for STMicroelectronics.FP-ATR-ASTRA1.2.0.1
2026-01-09 19:06:53,613 [WARN] PackLoader:240 - Cannot read IP mode file for STMicroelectronics.X-CUBE-SMBUS.2.1.0
2026-01-09 19:06:53,636 [WARN] PackLoader:240 - Cannot read IP mode file for STMicroelectronics.X-CUBE-WB05N.1.1.0
2026-01-09 19:06:53,659 [WARN] PackLoader:240 - Cannot read IP mode file for STMicroelectronics.X-CUBE-ST60.1.0.0
2026-01-09 19:06:53,723 [WARN] PackLoader:240 - Cannot read IP mode file for STMicroelectronics.X-CUBE-AZRTOS-F7.1.1.0
2026-01-09 19:06:53,995 [WARN] PackLoader:240 - Cannot read IP mode file for STMicroelectronics.X-CUBE-MEMS1.11.0.0
2026-01-09 19:06:54,063 [INFO] WebApp:168 - Instantiating new browser for Auth
2026-01-09 19:06:54,160 [ERROR] Engine:466 - C:\Users\kamil\.stm32cubemx\thirdparties\pdsc\STMicroelectronics.FP-SNS-MOTENV1.5.1.0.pdsc: PDSC version is not supported
2026-01-09 19:06:54,183 [WARN] PackLoader:240 - Cannot read IP mode file for STMicroelectronics.FP-SNS-FLIGHT1.5.0.2
2026-01-09 19:06:54,228 [WARN] PackLoader:240 - Cannot read IP mode file for STMicroelectronics.X-CUBE-AZRTOS-H7.3.4.0
2026-01-09 19:06:54,252 [WARN] PackLoader:240 - Cannot read IP mode file for STMicroelectronics.X-CUBE-DISPLAY.3.0.0
2026-01-09 19:06:54,273 [WARN] PackLoader:240 - Cannot read IP mode file for STMicroelectronics.X-CUBE-BLE1.7.0.0
2026-01-09 19:06:54,293 [WARN] PackLoader:240 - Cannot read IP mode file for STMicroelectronics.X-CUBE-NFC10.1.0.0
2026-01-09 19:06:54,323 [WARN] PackLoader:240 - Cannot read IP mode file for STMicroelectronics.X-CUBE-BLEMGR.4.0.0
2026-01-09 19:06:54,348 [WARN] PackLoader:240 - Cannot read IP mode file for STMicroelectronics.X-CUBE-ST60.1.1.0
2026-01-09 19:06:54,374 [WARN] PackLoader:240 - Cannot read IP mode file for emotas.I-CUBE-CANOPEN.1.3.0
2026-01-09 19:06:54,406 [WARN] PackLoader:240 - Cannot read IP mode file for STMicroelectronics.X-CUBE-GNSS1.7.1.0
2026-01-09 19:06:54,435 [WARN] PackLoader:240 - Cannot read IP mode file for STMicroelectronics.X-CUBE-BLEMGR.3.1.0
2026-01-09 19:06:54,456 [WARN] PackLoader:240 - Cannot read IP mode file for STMicroelectronics.X-CUBE-AI.10.0.0
2026-01-09 19:06:54,476 [ERROR] Engine:466 - C:\Users\kamil\.stm32cubemx\thirdparties\pdsc\STMicroelectronics.FP-SNS-STBOX1.2.1.0.pdsc: PDSC version is not supported
2026-01-09 19:06:54,497 [WARN] PackLoader:240 - Cannot read IP mode file for STMicroelectronics.FP-SNS-SMARTAG2.1.2.0
2026-01-09 19:06:54,517 [WARN] PackLoader:240 - Cannot read IP mode file for STMicroelectronics.FP-SNS-FLIGHT1.5.1.0
2026-01-09 19:06:54,573 [WARN] PackLoader:240 - Cannot read IP mode file for STMicroelectronics.X-CUBE-MEMS1.11.1.0
2026-01-09 19:06:54,659 [INFO] LogOutputStream:77 - [STDOUT_REDIRECT] 1 : Invalid condition id : UX_CORESTACK_Condition cause : null
2026-01-09 19:06:54,660 [INFO] LogOutputStream:77 - [STDOUT_REDIRECT] 1 : Invalid condition id : UX_CORESTACK_Condition cause : null
2026-01-09 19:06:54,661 [INFO] LogOutputStream:77 - [STDOUT_REDIRECT] 1 : Invalid condition id : UX_CORESTACK_Condition cause : null
2026-01-09 19:06:54,661 [INFO] LogOutputStream:77 - [STDOUT_REDIRECT] 1 : Invalid condition id : UX_CORESTACK_Condition cause : null
2026-01-09 19:06:54,663 [INFO] LogOutputStream:77 - [STDOUT_REDIRECT] 1 : Invalid condition id : UX_CORESTACK_Condition cause : null
2026-01-09 19:06:54,665 [WARN] PackLoader:240 - Cannot read IP mode file for STMicroelectronics.X-CUBE-AZRTOS-WL.2.0.0
2026-01-09 19:06:54,684 [WARN] PackLoader:240 - Cannot read IP mode file for STMicroelectronics.FP-SNS-MOTENV1.5.0.0
2026-01-09 19:06:54,718 [WARN] PackLoader:240 - Cannot read IP mode file for STMicroelectronics.X-CUBE-AZRTOS-H7RS.1.2.0
2026-01-09 19:06:54,738 [WARN] PackLoader:240 - Cannot read IP mode file for wolfSSL.I-CUBE-wolfMQTT.1.19.0
2026-01-09 19:06:54,759 [WARN] PackLoader:240 - Cannot read IP mode file for WES.I-CUBE-Cesium.1.3.0
2026-01-09 19:06:54,778 [WARN] PackLoader:240 - Cannot read IP mode file for STMicroelectronics.X-CUBE-BLE2.3.3.0
2026-01-09 19:06:54,838 [WARN] PackLoader:240 - Cannot read IP mode file for STMicroelectronics.X-CUBE-NFC9.1.0.0
2026-01-09 19:06:54,857 [WARN] PackLoader:240 - Cannot read IP mode file for STMicroelectronics.X-CUBE-BLE1.7.1.0
2026-01-09 19:06:54,875 [WARN] PackLoader:240 - Cannot read IP mode file for STMicroelectronics.X-CUBE-TCPP.4.1.0
2026-01-09 19:06:54,892 [ERROR] Engine:466 - C:\Users\kamil\.stm32cubemx\thirdparties\pdsc\STMicroelectronics.X-CUBE-FREERTOS.1.4.0.pdsc: PDSC version is not supported
2026-01-09 19:06:54,909 [WARN] PackLoader:240 - Cannot read IP mode file for STMicroelectronics.X-CUBE-EEPRMA1.5.2.0
2026-01-09 19:06:54,926 [ERROR] Engine:466 - C:\Users\kamil\.stm32cubemx\thirdparties\pdsc\STMicroelectronics.X-CUBE-ST67W61.1.1.0.pdsc: PDSC version is not supported
2026-01-09 19:06:54,979 [WARN] PackLoader:240 - Cannot read IP mode file for STMicroelectronics.X-CUBE-MEMS1.12.0.0
2026-01-09 19:06:55,074 [WARN] PackLoader:240 - Cannot read IP mode file for STMicroelectronics.X-CUBE-AZRTOS-G0.1.1.0
2026-01-09 19:06:55,101 [WARN] PackLoader:240 - Cannot read IP mode file for STMicroelectronics.X-CUBE-SAFEA1.1.2.2
2026-01-09 19:06:55,125 [WARN] PackLoader:240 - Cannot read IP mode file for STMicroelectronics.X-CUBE-NFC4.3.0.0
2026-01-09 19:06:55,154 [WARN] PackLoader:240 - Cannot read IP mode file for EmbeddedOffice.I-CUBE-FS-RTOS.1.0.1
2026-01-09 19:06:55,176 [WARN] PackLoader:240 - Cannot read IP mode file for STMicroelectronics.X-CUBE-WB05N.2.0.0
2026-01-09 19:06:55,202 [INFO] WebApp:449 - Apply proxy settings
2026-01-09 19:06:55,202 [INFO] WebApp:534 - Chromium requires no authentication
2026-01-09 19:06:55,204 [WARN] PackLoader:240 - Cannot read IP mode file for STMicroelectronics.X-CUBE-TCPP.4.2.0
2026-01-09 19:06:55,217 [INFO] WebApp:477 - Direct internet connection detected
2026-01-09 19:06:55,228 [WARN] PackLoader:240 - Cannot read IP mode file for RealThread.X-CUBE-RT-Thread_Nano.4.1.1
2026-01-09 19:06:55,251 [WARN] PackLoader:240 - Cannot read IP mode file for STMicroelectronics.FP-ATR-SIGFOX1.3.2.0
2026-01-09 19:06:55,253 [INFO] WebApp:880 - Register for checkConnection events
2026-01-09 19:06:55,254 [INFO] WebApp:449 - Apply proxy settings
2026-01-09 19:06:55,254 [INFO] WebApp:534 - Chromium requires no authentication
2026-01-09 19:06:55,254 [INFO] WebApp:477 - Direct internet connection detected
2026-01-09 19:06:55,272 [WARN] PackLoader:240 - Cannot read IP mode file for wolfSSL.I-CUBE-wolfSSL.5.7.2
2026-01-09 19:06:55,293 [WARN] ConditionMgr:438 - getConditionDescription Invalid condition id : Cortex-A Device cause : null
2026-01-09 19:06:55,314 [WARN] ConditionMgr:1044 - genDependencies : Invalid condition id : Cortex-A Device cause : null
2026-01-09 19:06:55,315 [WARN] ConditionMgr:1044 - genDependencies : Invalid condition id : Cortex-A Device cause : null
2026-01-09 19:06:55,315 [WARN] ConditionMgr:1044 - genDependencies : Invalid condition id : Cortex-A Device cause : null
2026-01-09 19:06:55,332 [WARN] PackLoader:240 - Cannot read IP mode file for STMicroelectronics.X-CUBE-EEPRMA1.5.1.0
2026-01-09 19:06:55,349 [WARN] PackLoader:240 - Cannot read IP mode file for ITTIA_DB.I-CUBE-ITTIADB.8.9.0
2026-01-09 19:06:55,368 [WARN] PackLoader:240 - Cannot read IP mode file for STMicroelectronics.X-CUBE-ST67W61.1.0.0
2026-01-09 19:06:55,384 [WARN] PackLoader:240 - Cannot read IP mode file for STMicroelectronics.X-CUBE-AI.10.2.0
2026-01-09 19:06:55,423 [WARN] PackLoader:240 - Cannot read IP mode file for SEGGER.I-CUBE-embOS.1.3.1
2026-01-09 19:06:55,476 [WARN] PackLoader:240 - Cannot read IP mode file for STMicroelectronics.X-CUBE-ALGOBUILD.1.4.0
2026-01-09 19:06:55,536 [WARN] PackLoader:240 - Cannot read IP mode file for STMicroelectronics.X-CUBE-MEMS1.11.3.0
2026-01-09 19:06:55,563 [INFO] WebApp:221 - Starting web application
2026-01-09 19:06:55,563 [INFO] WebApp:579 - Web application path used C:\ST\STM32CubeIDE_1.17.0\STM32CubeIDE\plugins\com.st.stm32cube.common.mx_6.13.0.202411220809\db\plugins\mcufinder\reactClient1\index.html
2026-01-09 19:06:55,624 [WARN] PackLoader:240 - Cannot read IP mode file for STMicroelectronics.X-CUBE-AI.9.1.0
2026-01-09 19:06:55,640 [WARN] PackLoader:240 - Cannot read IP mode file for STMicroelectronics.X-CUBE-PM33A1.1.0.0
2026-01-09 19:06:55,672 [WARN] PackLoader:240 - Cannot read IP mode file for STMicroelectronics.X-CUBE-AZRTOS-F4.1.1.0
2026-01-09 19:06:55,690 [WARN] PackLoader:240 - Cannot read IP mode file for STMicroelectronics.X-CUBE-ISPU.2.1.0
2026-01-09 19:06:55,710 [ERROR] Engine:466 - C:\Users\kamil\.stm32cubemx\thirdparties\pdsc\STMicroelectronics.X-CUBE-IPS.3.2.0.pdsc: PDSC version is not supported
2026-01-09 19:06:55,730 [WARN] PackLoader:240 - Cannot read IP mode file for STMicroelectronics.X-CUBE-FREERTOS.1.2.0
2026-01-09 19:06:55,752 [WARN] PackLoader:240 - Cannot read IP mode file for STMicroelectronics.X-CUBE-NFC12.1.0.0
2026-01-09 19:06:55,786 [WARN] PackLoader:240 - Cannot read IP mode file for STMicroelectronics.X-CUBE-AZRTOS-L5.2.0.0
2026-01-09 19:06:55,813 [WARN] PackLoader:240 - Cannot read IP mode file for STMicroelectronics.X-CUBE-NFC6.3.1.0
2026-01-09 19:06:55,838 [WARN] PackLoader:240 - Cannot read IP mode file for STMicroelectronics.X-CUBE-DPower.1.2.0
2026-01-09 19:06:55,840 [INFO] WebApp:187 - Connection restablished
2026-01-09 19:06:55,859 [WARN] PackLoader:240 - Cannot read IP mode file for STMicroelectronics.X-CUBE-FREERTOS.1.3.1
2026-01-09 19:06:55,881 [WARN] PackLoader:240 - Cannot read IP mode file for STMicroelectronics.X-CUBE-FREERTOS.1.3.0
2026-01-09 19:06:55,901 [WARN] PackLoader:240 - Cannot read IP mode file for STMicroelectronics.X-CUBE-NFC7.1.0.1
2026-01-09 19:06:55,925 [WARN] PackLoader:240 - Cannot read IP mode file for STMicroelectronics.X-CUBE-TOUCHGFX.4.26.0
2026-01-09 19:06:55,944 [WARN] PackLoader:240 - Cannot read IP mode file for STMicroelectronics.FP-SNS-STAIOTCFT.1.0.0
2026-01-09 19:06:55,960 [WARN] PackLoader:240 - Cannot read IP mode file for STMicroelectronics.X-CUBE-DPower.1.3.0
2026-01-09 19:06:55,996 [WARN] ConditionMgr:438 - getConditionDescription Invalid condition id : LAN8742 Phy interface Condition cause : null
2026-01-09 19:06:55,997 [WARN] PackLoader:240 - Cannot read IP mode file for STMicroelectronics.X-CUBE-AZRTOS-L4.2.0.0
2026-01-09 19:06:55,997 [WARN] ConditionMgr:1044 - genDependencies : Invalid condition id : LAN8742 Phy interface Condition cause : null
2026-01-09 19:06:55,998 [WARN] ConditionMgr:1044 - genDependencies : Invalid condition id : LAN8742 Phy interface Condition cause : null
2026-01-09 19:06:55,998 [WARN] ConditionMgr:1044 - genDependencies : Invalid condition id : LAN8742 Phy interface Condition cause : null
2026-01-09 19:06:56,019 [WARN] PackLoader:240 - Cannot read IP mode file for STMicroelectronics.X-CUBE-SFXS2LP1.4.0.0
2026-01-09 19:06:56,058 [WARN] PackLoader:240 - Cannot read IP mode file for STMicroelectronics.X-CUBE-AZRTOS-H7.3.3.0
2026-01-09 19:06:56,088 [WARN] PackLoader:240 - Cannot read IP mode file for STMicroelectronics.X-CUBE-BLEMGR.4.1.0
2026-01-09 19:06:56,117 [WARN] PackLoader:240 - Cannot read IP mode file for STMicroelectronics.X-CUBE-IPS.3.0.0
2026-01-09 19:06:56,152 [WARN] ConditionMgr:438 - getConditionDescription Invalid condition id : UX DEVICE CLASS RTOS Condition cause : null
2026-01-09 19:06:56,152 [WARN] ConditionMgr:438 - getConditionDescription Invalid condition id : UX DEVICE CLASS RTOS Condition cause : null
2026-01-09 19:06:56,265 [WARN] PackLoader:240 - Cannot read IP mode file for STMicroelectronics.X-CUBE-AZRTOS-WB.2.0.0
2026-01-09 19:06:56,266 [WARN] ConditionMgr:1044 - genDependencies : Invalid condition id : UX DEVICE CLASS RTOS Condition cause : null
2026-01-09 19:06:56,266 [WARN] ConditionMgr:1044 - genDependencies : Invalid condition id : UX DEVICE CLASS RTOS Condition cause : null
2026-01-09 19:06:56,267 [WARN] ConditionMgr:1044 - genDependencies : Invalid condition id : UX DEVICE CLASS RTOS Condition cause : null
2026-01-09 19:06:56,267 [WARN] ConditionMgr:1044 - genDependencies : Invalid condition id : UX DEVICE CLASS RTOS Condition cause : null
2026-01-09 19:06:56,267 [WARN] ConditionMgr:1044 - genDependencies : Invalid condition id : UX DEVICE CLASS RTOS Condition cause : null
2026-01-09 19:06:56,288 [WARN] PackLoader:240 - Cannot read IP mode file for STMicroelectronics.X-CUBE-GNSS1.7.0.0
2026-01-09 19:06:56,304 [WARN] PackLoader:240 - Cannot read IP mode file for STMicroelectronics.X-CUBE-GNSS1.7.0.1
2026-01-09 19:06:56,323 [WARN] PackLoader:240 - Cannot read IP mode file for STMicroelectronics.X-CUBE-TOUCHGFX.4.25.0
2026-01-09 19:06:56,344 [WARN] PackLoader:240 - Cannot read IP mode file for STMicroelectronics.FP-SNS-STBOX1.2.0.0
2026-01-09 19:06:56,372 [WARN] PackLoader:240 - Cannot read IP mode file for STMicroelectronics.X-CUBE-SUBG2.5.0.0
2026-01-09 19:06:56,410 [WARN] PackLoader:240 - Cannot read IP mode file for STMicroelectronics.X-CUBE-AZRTOS-H7RS.1.1.0
2026-01-09 19:06:56,432 [WARN] PackLoader:240 - Cannot read IP mode file for Cesanta.I-CUBE-Mongoose.7.13.0
2026-01-09 19:06:56,463 [WARN] PackLoader:240 - Cannot read IP mode file for STMicroelectronics.X-CUBE-AZRTOS-G4.2.0.0
2026-01-09 19:06:56,481 [WARN] PackLoader:240 - Cannot read IP mode file for STMicroelectronics.X-CUBE-NFC7.2.0.0
2026-01-09 19:06:56,505 [WARN] PackLoader:240 - Cannot read IP mode file for STMicroelectronics.X-CUBE-IPS.3.1.0
2026-01-09 19:06:56,527 [WARN] PackLoader:240 - Cannot read IP mode file for STMicroelectronics.X-CUBE-ALS.1.0.2
2026-01-09 19:06:56,543 [WARN] PackLoader:240 - Cannot read IP mode file for STMicroelectronics.X-CUBE-TOUCHGFX.4.24.1
2026-01-09 19:06:56,562 [WARN] PackLoader:240 - Cannot read IP mode file for STMicroelectronics.X-CUBE-STSE01.1.0.0
2026-01-09 19:06:56,579 [WARN] PackLoader:240 - Cannot read IP mode file for wolfSSL.I-CUBE-wolfTPM.3.4.0
2026-01-09 19:06:56,596 [WARN] PackLoader:240 - Cannot read IP mode file for portGmbH.I-Cube-SoM-uGOAL.1.1.0
2026-01-09 19:06:56,626 [WARN] PackLoader:240 - Cannot read IP mode file for STMicroelectronics.X-CUBE-AZRTOS-H7RS.1.0.0
2026-01-09 19:06:56,644 [WARN] PackLoader:240 - Cannot read IP mode file for STMicroelectronics.FP-ATR-ASTRA1.2.0.0
2026-01-09 19:06:56,665 [WARN] PackLoader:240 - Cannot read IP mode file for STMicroelectronics.X-CUBE-TOF1.3.4.2
2026-01-09 19:06:56,689 [WARN] PackLoader:240 - Cannot read IP mode file for STMicroelectronics.X-CUBE-TOF1.3.4.3
2026-01-09 19:06:56,716 [WARN] PackLoader:240 - Cannot read IP mode file for Infineon.AIROC-Wi-Fi-Bluetooth-STM32.1.6.1
2026-01-09 19:06:56,731 [WARN] PackLoader:240 - Cannot read IP mode file for wolfSSL.I-CUBE-wolfSSH.1.4.17
2026-01-09 19:06:56,731 [INFO] ThirdParty:978 - Integrity check success = true
2026-01-09 19:06:56,731 [INFO] IntegrityCheckThread:100 - exiting critical section [integrity check]
2026-01-09 19:06:56,731 [INFO] IntegrityCheckThread:103 - End integrity checks thread
2026-01-09 19:11:28,941 [INFO] Activator:176 - 


2026-01-09 19:11:28,945 [INFO] Activator:177 - !SESSION log4j initialized
2026-01-09 19:11:35,297 [INFO] LogOutputStream:77 - [STDOUT_REDIRECT] 
2026-01-09 19:11:35,687 [ERROR] ConfigurationRetriever:142 - IOException on connection: sw-center.st.com
2026-01-09 19:11:35,689 [ERROR] ConfigurationRetriever:142 - IOException on connection: sw-center.st.com
2026-01-09 19:11:35,689 [ERROR] ConfigurationRetriever:142 - IOException on connection: sw-center.st.com
2026-01-09 19:11:35,693 [ERROR] ConfigurationRetriever:142 - IOException on connection: sw-center.st.com
2026-01-09 19:11:35,693 [ERROR] ConfigurationRetriever:142 - IOException on connection: sw-center.st.com
2026-01-09 19:11:35,693 [ERROR] ConfigurationRetriever:142 - IOException on connection: sw-center.st.com
2026-01-09 19:11:44,639 [INFO] ApplicationProperties:184 - Using Application install path: C:\ST\STM32CubeIDE_1.17.0\STM32CubeIDE\plugins\com.st.stm32cube.common.mx_6.13.0.202411220809
2026-01-09 19:11:44,670 [INFO] DbMcusXml:78 - Set database path to: C:\ST\STM32CubeIDE_1.17.0\STM32CubeIDE\plugins\com.st.stm32cube.common.mx_6.13.0.202411220809\\db\/mcu/
2026-01-09 19:11:44,671 [INFO] ApiDb:274 - Set plugin database path to: C:\ST\STM32CubeIDE_1.17.0\STM32CubeIDE\plugins\com.st.stm32cube.common.mx_6.13.0.202411220809\\db\/plugins/boardmanager/
2026-01-09 19:11:44,671 [WARN] ApiDb:259 - Overriding images path with different value:  => C:\ST\STM32CubeIDE_1.17.0\STM32CubeIDE\plugins\com.st.stm32cube.common.mx_6.13.0.202411220809\\db\/plugins/mcufinder/images/
2026-01-09 19:11:44,687 [INFO] ApiDb:250 - Set database path to: C:\Users\kamil\.stmcufinder\plugins\mcufinder//mcu/
2026-01-09 19:11:44,689 [INFO] DbMcusAds:125 - Set database path to: C:\Users\kamil\.stmcufinder\plugins\mcufinder//mcu/
2026-01-09 19:11:44,693 [INFO] CrossReferenceDbSqlite:203 - Set database path to: C:\Users\kamil\.stmcufinder\plugins\mcufinder//mcu/cs/
2026-01-09 19:11:44,899 [INFO] RulesReader:64 - Compatibility file has been processed (297 Rules)
2026-01-09 19:11:45,003 [INFO] DbMcusXml:78 - Set database path to: C:\ST\STM32CubeIDE_1.17.0\STM32CubeIDE\plugins\com.st.stm32cube.common.mx_6.13.0.202411220809\\db\/mcu/
2026-01-09 19:11:45,004 [INFO] ApiDb:274 - Set plugin database path to: C:\ST\STM32CubeIDE_1.17.0\STM32CubeIDE\plugins\com.st.stm32cube.common.mx_6.13.0.202411220809\\db\/plugins/boardmanager/
2026-01-09 19:11:45,004 [INFO] ApiDb:261 - Set plugin images path to: C:\ST\STM32CubeIDE_1.17.0\STM32CubeIDE\plugins\com.st.stm32cube.common.mx_6.13.0.202411220809\\db\/plugins/mcufinder/images/
2026-01-09 19:11:45,004 [WARN] DbFile:41 - Overriding database path with different value: C:\Users\kamil\.stmcufinder\plugins\mcufinder/ => C:\Users\kamil\.stmcufinder\plugins\mcufinder
2026-01-09 19:11:45,004 [INFO] ApiDb:250 - Set database path to: C:\Users\kamil\.stmcufinder\plugins\mcufinder//mcu/
2026-01-09 19:11:45,004 [WARN] DbFile:41 - Overriding database path with different value: C:\Users\kamil\.stmcufinder\plugins\mcufinder/ => C:\Users\kamil\.stmcufinder\plugins\mcufinder
2026-01-09 19:11:45,004 [INFO] DbMcusAds:125 - Set database path to: C:\Users\kamil\.stmcufinder\plugins\mcufinder//mcu/
2026-01-09 19:11:45,004 [WARN] DbFile:41 - Overriding database path with different value: C:\Users\kamil\.stmcufinder\plugins\mcufinder/ => C:\Users\kamil\.stmcufinder\plugins\mcufinder
2026-01-09 19:11:45,005 [WARN] DbFile:41 - Overriding database path with different value: C:\Users\kamil\.stmcufinder\plugins\mcufinder/ => C:\Users\kamil\.stmcufinder\plugins\mcufinder
2026-01-09 19:11:45,005 [INFO] CrossReferenceDbSqlite:203 - Set database path to: C:\Users\kamil\.stmcufinder\plugins\mcufinder//mcu/cs/
2026-01-09 19:11:45,108 [INFO] MainPanel:272 - HeapMemory: 273678336
2026-01-09 19:11:45,250 [INFO] DbMcusXml:78 - Set database path to: C:\ST\STM32CubeIDE_1.17.0\STM32CubeIDE\plugins\com.st.stm32cube.common.mx_6.13.0.202411220809\\db\/mcu/
2026-01-09 19:11:45,250 [INFO] ApiDb:274 - Set plugin database path to: C:\ST\STM32CubeIDE_1.17.0\STM32CubeIDE\plugins\com.st.stm32cube.common.mx_6.13.0.202411220809\\db\/plugins/boardmanager/
2026-01-09 19:11:45,250 [INFO] ApiDb:261 - Set plugin images path to: C:\ST\STM32CubeIDE_1.17.0\STM32CubeIDE\plugins\com.st.stm32cube.common.mx_6.13.0.202411220809\\db\/plugins/mcufinder/images/
2026-01-09 19:11:45,251 [WARN] DbFile:41 - Overriding database path with different value: C:\Users\kamil\.stmcufinder\plugins\mcufinder/ => C:\Users\kamil\.stmcufinder\plugins\mcufinder
2026-01-09 19:11:45,251 [INFO] ApiDb:250 - Set database path to: C:\Users\kamil\.stmcufinder\plugins\mcufinder//mcu/
2026-01-09 19:11:45,251 [WARN] DbFile:41 - Overriding database path with different value: C:\Users\kamil\.stmcufinder\plugins\mcufinder/ => C:\Users\kamil\.stmcufinder\plugins\mcufinder
2026-01-09 19:11:45,251 [INFO] DbMcusAds:125 - Set database path to: C:\Users\kamil\.stmcufinder\plugins\mcufinder//mcu/
2026-01-09 19:11:45,251 [WARN] DbFile:41 - Overriding database path with different value: C:\Users\kamil\.stmcufinder\plugins\mcufinder/ => C:\Users\kamil\.stmcufinder\plugins\mcufinder
2026-01-09 19:11:45,251 [WARN] DbFile:41 - Overriding database path with different value: C:\Users\kamil\.stmcufinder\plugins\mcufinder/ => C:\Users\kamil\.stmcufinder\plugins\mcufinder
2026-01-09 19:11:45,251 [INFO] CrossReferenceDbSqlite:203 - Set database path to: C:\Users\kamil\.stmcufinder\plugins\mcufinder//mcu/cs/
2026-01-09 19:11:45,273 [INFO] ApplicationProperties:184 - Using Application install path: C:\ST\STM32CubeIDE_1.17.0\STM32CubeIDE\plugins\com.st.stm32cube.common.mx_6.13.0.202411220809
2026-01-09 19:11:45,275 [INFO] PluginManage:196 - Search for loadable plugins [exclusion list=, ]
2026-01-09 19:11:45,277 [INFO] PluginManage:310 - Check plugin analytics
2026-01-09 19:11:45,587 [INFO] AnalyticsPlugin:253 - Accepted Software Licenses: 
2026-01-09 19:11:45,588 [INFO] AnalyticsPlugin:255 - Accepted CMSIS Pack Licenses: 
2026-01-09 19:11:45,588 [INFO] AnalyticsPlugin:257 - Accepted Firmware Licenses: FW.F7.1.17.0,FW.H7.1.12.0
2026-01-09 19:11:45,592 [INFO] PluginManage:359 - Loaded plugin analytics (category:tool,tabindex:-1)
2026-01-09 19:11:45,593 [INFO] PluginManage:310 - Check plugin cadmodel
2026-01-09 19:11:45,593 [ERROR] ConfigurationRetriever:142 - IOException on connection: sw-center.st.com
2026-01-09 19:11:45,594 [ERROR] ConfigurationRetriever:142 - IOException on connection: sw-center.st.com
2026-01-09 19:11:45,595 [ERROR] ConfigurationRetriever:142 - IOException on connection: sw-center.st.com
2026-01-09 19:11:45,619 [INFO] CADModel:105 - Init CAD model plugin
2026-01-09 19:11:45,619 [INFO] PluginManage:359 - Loaded plugin cadmodel (category:power,tabindex:5)
2026-01-09 19:11:45,619 [INFO] PluginManage:310 - Check plugin clock
2026-01-09 19:11:45,649 [INFO] PluginManage:359 - Loaded plugin clock (category:base,tabindex:2)
2026-01-09 19:11:45,650 [INFO] PluginManage:310 - Check plugin ddr
2026-01-09 19:11:45,653 [INFO] PluginManage:359 - Loaded plugin ddr (category:tool,tabindex:6)
2026-01-09 19:11:45,653 [INFO] PluginManage:310 - Check plugin filemanager
2026-01-09 19:11:45,859 [INFO] PluginManage:359 - Loaded plugin filemanager (category:base,tabindex:10)
2026-01-09 19:11:45,860 [INFO] PluginManage:310 - Check plugin ipmanager
2026-01-09 19:11:45,870 [INFO] PluginManage:359 - Loaded plugin ipmanager (category:base,tabindex:5)
2026-01-09 19:11:45,870 [INFO] PluginManage:310 - Check plugin lpbam
2026-01-09 19:11:45,897 [INFO] PluginManage:359 - Loaded plugin lpbam (category:base,tabindex:0)
2026-01-09 19:11:45,897 [INFO] PluginManage:310 - Check plugin memorymap
2026-01-09 19:11:45,927 [INFO] PluginManage:359 - Loaded plugin memorymap (category:base,tabindex:4)
2026-01-09 19:11:45,927 [INFO] PluginManage:310 - Check plugin pinoutandconfiguration
2026-01-09 19:11:45,953 [INFO] PluginManage:359 - Loaded plugin pinoutandconfiguration (category:base,tabindex:1)
2026-01-09 19:11:45,953 [INFO] PluginManage:310 - Check plugin pinoutconfig
2026-01-09 19:11:46,080 [WARN] SupportedApi:132 - Cannot load RTOS API schema: s4s-elt-must-match.1: The content of 'definitions' must match (annotation?, (simpleType | complexType)?, (unique | key | keyref)*)). A problem was found starting at: attribute.
2026-01-09 19:11:46,278 [INFO] PluginManage:359 - Loaded plugin pinoutconfig (category:base,tabindex:0)
2026-01-09 19:11:46,278 [INFO] PluginManage:310 - Check plugin power
2026-01-09 19:11:46,310 [INFO] PluginManage:359 - Loaded plugin power (category:power,tabindex:4)
2026-01-09 19:11:46,310 [INFO] PluginManage:310 - Check plugin projectmanager
2026-01-09 19:11:46,346 [INFO] PluginManage:359 - Loaded plugin projectmanager (category:projectmanager,tabindex:4)
2026-01-09 19:11:46,346 [INFO] PluginManage:310 - Check plugin rif
2026-01-09 19:11:46,377 [INFO] PluginManage:359 - Loaded plugin rif (category:base,tabindex:3)
2026-01-09 19:11:46,377 [INFO] PluginManage:310 - Check plugin thirdparty
2026-01-09 19:11:46,853 [WARN] IntegrityCheckThread:84 - waiting for thirdparty lock release [integrity check]
2026-01-09 19:11:46,853 [INFO] PluginManage:359 - Loaded plugin thirdparty (category:base,tabindex:-1)
2026-01-09 19:11:46,862 [INFO] IntegrityCheckThread:86 - entering critical section [integrity check]
2026-01-09 19:11:46,862 [INFO] PluginManage:310 - Check plugin tools
2026-01-09 19:11:46,862 [INFO] ThirdPartyUpdaterWithRetryManager:70 - Updater plugin not ready yet. [1/15]
2026-01-09 19:11:46,939 [INFO] PluginManage:359 - Loaded plugin tools (category:base,tabindex:7)
2026-01-09 19:11:46,939 [INFO] PluginManage:310 - Check plugin tutovideos
2026-01-09 19:11:47,213 [INFO] PluginManage:359 - Loaded plugin tutovideos (category:base,tabindex:-1)
2026-01-09 19:11:47,215 [INFO] PluginManage:310 - Check plugin updater
2026-01-09 19:11:47,245 [INFO] PluginManage:359 - Loaded plugin updater (category:base,tabindex:12)
2026-01-09 19:11:47,245 [INFO] PluginManage:310 - Check plugin userauth
2026-01-09 19:11:47,261 [INFO] UserAuth:118 - Init User Auth plugin
2026-01-09 19:11:47,263 [INFO] PluginManage:359 - Loaded plugin userauth (category:base,tabindex:14)
2026-01-09 19:11:47,263 [INFO] PluginManage:283 - PluginManage : Loaded plugins [18]
2026-01-09 19:11:47,570 [INFO] PinOutPanel:1589 - setPackage(No Configuration,No Configuration)
2026-01-09 19:11:47,711 [INFO] CADModel:165 - CPN selected for project level
2026-01-09 19:11:47,711 [INFO] CADModel:114 - Register for checkConnection events
2026-01-09 19:11:47,765 [INFO] IPUIPlugin:80 - create IPUIPlugin
2026-01-09 19:11:47,765 [INFO] PluginManager:220 - loadIPPluginJar : add adc
2026-01-09 19:11:47,831 [INFO] IPUIPlugin:80 - create IPUIPlugin
2026-01-09 19:11:47,831 [INFO] PluginManager:220 - loadIPPluginJar : add aes
2026-01-09 19:11:47,908 [INFO] IPUIPlugin:80 - create IPUIPlugin
2026-01-09 19:11:47,908 [INFO] PluginManager:220 - loadIPPluginJar : add can
2026-01-09 19:11:47,958 [INFO] IPUIPlugin:80 - create IPUIPlugin
2026-01-09 19:11:47,958 [INFO] PluginManager:220 - loadIPPluginJar : add comp
2026-01-09 19:11:48,016 [INFO] IPUIPlugin:80 - create IPUIPlugin
2026-01-09 19:11:48,016 [INFO] PluginManager:220 - loadIPPluginJar : add cryp
2026-01-09 19:11:48,046 [INFO] IPUIPlugin:80 - create IPUIPlugin
2026-01-09 19:11:48,046 [INFO] PluginManager:220 - loadIPPluginJar : add ddr_ctrl_phy
2026-01-09 19:11:48,109 [INFO] IPUIPlugin:80 - create IPUIPlugin
2026-01-09 19:11:48,109 [INFO] PluginManager:220 - loadIPPluginJar : add dfsdm
2026-01-09 19:11:48,125 [INFO] IPUIPlugin:80 - create IPUIPlugin
2026-01-09 19:11:48,125 [INFO] PluginManager:220 - loadIPPluginJar : add dma
2026-01-09 19:11:48,205 [INFO] IPUIPlugin:80 - create IPUIPlugin
2026-01-09 19:11:48,205 [INFO] PluginManager:220 - loadIPPluginJar : add dma3
2026-01-09 19:11:48,296 [INFO] IPUIPlugin:80 - create IPUIPlugin
2026-01-09 19:11:48,296 [INFO] PluginManager:220 - loadIPPluginJar : add extmemmanager
2026-01-09 19:11:48,333 [INFO] IPUIPlugin:80 - create IPUIPlugin
2026-01-09 19:11:48,333 [INFO] PluginManager:220 - loadIPPluginJar : add fatfs
2026-01-09 19:11:48,413 [INFO] IPUIPlugin:80 - create IPUIPlugin
2026-01-09 19:11:48,413 [INFO] PluginManager:220 - loadIPPluginJar : add fmc
2026-01-09 19:11:48,429 [INFO] IPUIPlugin:80 - create IPUIPlugin
2026-01-09 19:11:48,429 [INFO] PluginManager:220 - loadIPPluginJar : add freertos
2026-01-09 19:11:48,479 [INFO] IPUIPlugin:80 - create IPUIPlugin
2026-01-09 19:11:48,479 [INFO] PluginManager:220 - loadIPPluginJar : add genericplugin
2026-01-09 19:11:48,658 [INFO] IPUIPlugin:80 - create IPUIPlugin
2026-01-09 19:11:48,658 [INFO] PluginManager:220 - loadIPPluginJar : add gfxmmu
2026-01-09 19:11:48,875 [INFO] IPUIPlugin:80 - create IPUIPlugin
2026-01-09 19:11:48,875 [INFO] PluginManager:220 - loadIPPluginJar : add gic
2026-01-09 19:11:48,901 [INFO] IPUIPlugin:80 - create IPUIPlugin
2026-01-09 19:11:48,901 [INFO] PluginManager:220 - loadIPPluginJar : add gpio
2026-01-09 19:11:49,060 [INFO] IPUIPlugin:80 - create IPUIPlugin
2026-01-09 19:11:49,060 [INFO] PluginManager:220 - loadIPPluginJar : add gtzc
2026-01-09 19:11:49,121 [INFO] IPUIPlugin:80 - create IPUIPlugin
2026-01-09 19:11:49,121 [INFO] PluginManager:220 - loadIPPluginJar : add hash
2026-01-09 19:11:49,209 [INFO] IPUIPlugin:80 - create IPUIPlugin
2026-01-09 19:11:49,209 [INFO] PluginManager:220 - loadIPPluginJar : add i2c
2026-01-09 19:11:49,275 [INFO] IPUIPlugin:80 - create IPUIPlugin
2026-01-09 19:11:49,275 [INFO] PluginManager:220 - loadIPPluginJar : add i2s
2026-01-09 19:11:49,345 [INFO] IPUIPlugin:80 - create IPUIPlugin
2026-01-09 19:11:49,345 [INFO] PluginManager:220 - loadIPPluginJar : add i3c
2026-01-09 19:11:49,486 [INFO] IPUIPlugin:80 - create IPUIPlugin
2026-01-09 19:11:49,486 [INFO] PluginManager:220 - loadIPPluginJar : add ipddr
2026-01-09 19:11:49,624 [INFO] IPUIPlugin:80 - create IPUIPlugin
2026-01-09 19:11:49,624 [INFO] PluginManager:220 - loadIPPluginJar : add linkedlist
2026-01-09 19:11:49,688 [INFO] IPUIPlugin:80 - create IPUIPlugin
2026-01-09 19:11:49,688 [INFO] PluginManager:220 - loadIPPluginJar : add lorawan
2026-01-09 19:11:49,758 [INFO] IPUIPlugin:80 - create IPUIPlugin
2026-01-09 19:11:49,758 [INFO] PluginManager:220 - loadIPPluginJar : add ltdc
2026-01-09 19:11:49,780 [INFO] IPUIPlugin:80 - create IPUIPlugin
2026-01-09 19:11:49,780 [INFO] PluginManager:220 - loadIPPluginJar : add mdma
2026-01-09 19:11:49,806 [INFO] IPUIPlugin:80 - create IPUIPlugin
2026-01-09 19:11:49,806 [INFO] PluginManager:220 - loadIPPluginJar : add nvic
2026-01-09 19:11:49,874 [INFO] ThirdPartyUpdaterWithRetryManager:70 - Updater plugin not ready yet. [2/15]
2026-01-09 19:11:49,876 [INFO] IPUIPlugin:80 - create IPUIPlugin
2026-01-09 19:11:49,876 [INFO] PluginManager:220 - loadIPPluginJar : add opamp
2026-01-09 19:11:50,001 [INFO] IPUIPlugin:80 - create IPUIPlugin
2026-01-09 19:11:50,001 [INFO] PluginManager:220 - loadIPPluginJar : add openamp
2026-01-09 19:11:50,081 [INFO] IPUIPlugin:80 - create IPUIPlugin
2026-01-09 19:11:50,081 [INFO] PluginManager:220 - loadIPPluginJar : add pdm2pcm
2026-01-09 19:11:50,115 [INFO] IPUIPlugin:80 - create IPUIPlugin
2026-01-09 19:11:50,115 [INFO] PluginManager:220 - loadIPPluginJar : add plateformsettings
2026-01-09 19:11:50,176 [INFO] IPUIPlugin:80 - create IPUIPlugin
2026-01-09 19:11:50,176 [INFO] PluginManager:220 - loadIPPluginJar : add quadspi
2026-01-09 19:11:50,250 [INFO] IPUIPlugin:80 - create IPUIPlugin
2026-01-09 19:11:50,250 [INFO] PluginManager:220 - loadIPPluginJar : add radio
2026-01-09 19:11:50,275 [INFO] IPUIPlugin:80 - create IPUIPlugin
2026-01-09 19:11:50,275 [INFO] PluginManager:220 - loadIPPluginJar : add resmgrutility
2026-01-09 19:11:50,383 [INFO] IPUIPlugin:80 - create IPUIPlugin
2026-01-09 19:11:50,383 [INFO] PluginManager:220 - loadIPPluginJar : add sai
2026-01-09 19:11:50,473 [INFO] IPUIPlugin:80 - create IPUIPlugin
2026-01-09 19:11:50,473 [INFO] PluginManager:220 - loadIPPluginJar : add spi
2026-01-09 19:11:50,578 [INFO] IPUIPlugin:80 - create IPUIPlugin
2026-01-09 19:11:50,578 [INFO] PluginManager:220 - loadIPPluginJar : add stm32_wpan
2026-01-09 19:11:50,622 [INFO] IPUIPlugin:80 - create IPUIPlugin
2026-01-09 19:11:50,622 [INFO] PluginManager:220 - loadIPPluginJar : add tim
2026-01-09 19:11:50,733 [INFO] IPUIPlugin:80 - create IPUIPlugin
2026-01-09 19:11:50,733 [INFO] PluginManager:220 - loadIPPluginJar : add touchsensing
2026-01-09 19:11:50,769 [INFO] IPUIPlugin:80 - create IPUIPlugin
2026-01-09 19:11:50,769 [INFO] PluginManager:220 - loadIPPluginJar : add tracer_emb
2026-01-09 19:11:50,813 [INFO] IPUIPlugin:80 - create IPUIPlugin
2026-01-09 19:11:50,813 [INFO] PluginManager:220 - loadIPPluginJar : add ts
2026-01-09 19:11:50,845 [INFO] IPUIPlugin:80 - create IPUIPlugin
2026-01-09 19:11:50,845 [INFO] PluginManager:220 - loadIPPluginJar : add tsc
2026-01-09 19:11:50,877 [INFO] IPUIPlugin:80 - create IPUIPlugin
2026-01-09 19:11:50,877 [INFO] PluginManager:220 - loadIPPluginJar : add ucpd
2026-01-09 19:11:50,959 [INFO] IPUIPlugin:80 - create IPUIPlugin
2026-01-09 19:11:50,959 [INFO] PluginManager:220 - loadIPPluginJar : add usart
2026-01-09 19:11:51,020 [INFO] IPUIPlugin:80 - create IPUIPlugin
2026-01-09 19:11:51,020 [INFO] PluginManager:220 - loadIPPluginJar : add usbx
2026-01-09 19:11:51,172 [FATAL] Updater:351 - Updater called before beeing initialized
2026-01-09 19:11:51,204 [INFO] RulesReader:64 - Compatibility file has been processed (297 Rules)
2026-01-09 19:11:51,217 [INFO] RulesReader:64 - Compatibility file has been processed (297 Rules)
2026-01-09 19:11:51,265 [INFO] CADModel:165 - CPN selected for project level
2026-01-09 19:11:51,265 [INFO] CADModel:114 - Register for checkConnection events
2026-01-09 19:11:51,265 [FATAL] Updater:351 - Updater called before beeing initialized
2026-01-09 19:11:51,265 [ERROR] CADModel:125 - Updater not yet initialized, retry later 
2026-01-09 19:11:51,877 [FATAL] Updater:351 - Updater called before beeing initialized
2026-01-09 19:11:51,882 [INFO] CADModel:165 - CPN selected for project level
2026-01-09 19:11:51,882 [INFO] CADModel:114 - Register for checkConnection events
2026-01-09 19:11:51,882 [FATAL] Updater:351 - Updater called before beeing initialized
2026-01-09 19:11:51,882 [ERROR] CADModel:125 - Updater not yet initialized, retry later 
2026-01-09 19:11:51,886 [FATAL] Updater:351 - Updater called before beeing initialized
2026-01-09 19:11:52,059 [FATAL] Updater:351 - Updater called before beeing initialized
2026-01-09 19:11:52,074 [INFO] DbMcusAds:53 - JSON generation date=Tue Dec 16 00:11:46 CET 2025 (1765840306612)
2026-01-09 19:11:52,074 [FATAL] Updater:351 - Updater called before beeing initialized
2026-01-09 19:11:52,105 [WARN] DetailPanel:346 - Failed to get advertising image, set to default
2026-01-09 19:11:52,360 [FATAL] Updater:351 - Updater called before beeing initialized
2026-01-09 19:11:52,360 [FATAL] Updater:351 - Updater called before beeing initialized
2026-01-09 19:11:52,360 [FATAL] Updater:351 - Updater called before beeing initialized
2026-01-09 19:11:52,360 [WARN] DetailPanel:346 - Failed to get advertising image, set to default
2026-01-09 19:11:52,360 [FATAL] Updater:351 - Updater called before beeing initialized
2026-01-09 19:11:52,447 [ERROR] Updater:1198 - MainUpdater not yet initialized. External WinMGr cannot be set.
2026-01-09 19:11:52,461 [INFO] Updater:1134 - Updater Version found : 6.13.0
2026-01-09 19:11:52,477 [INFO] ApplicationProperties:184 - Using Application install path: C:\ST\STM32CubeIDE_1.17.0\STM32CubeIDE\plugins\com.st.stm32cube.common.mx_6.13.0.202411220809
2026-01-09 19:11:52,887 [INFO] ThirdPartyUpdaterWithRetryManager:70 - Updater plugin not ready yet. [3/15]
2026-01-09 19:11:52,921 [INFO] MainUpdater:2872 - connection check result : 22
2026-01-09 19:11:52,921 [INFO] MainUpdater:289 - Updater Check For Update Now.
2026-01-09 19:11:52,921 [INFO] MicroXplorer:498 - Change Database Version : DB.6.0.130
2026-01-09 19:11:52,947 [INFO] McuFinderGlobals:63 - Set McuFinder mode to 2 (CubeIDE integrated)
2026-01-09 19:11:52,950 [INFO] UserAuth:171 - activating auth plugin
2026-01-09 19:11:52,954 [INFO] UserAuth:486 - Internet connection configuration mode: 2
2026-01-09 19:11:52,974 [INFO] UserAuth:486 - Internet connection configuration mode: 2
2026-01-09 19:11:53,169 [INFO] CheckServerUpdateThread:120 - End of CheckServer Thread
2026-01-09 19:11:56,237 [WARN] PackLoader:240 - Cannot read IP mode file for STMicroelectronics.FP-SNS-MOTENVWB1.1.4.0
2026-01-09 19:11:56,264 [WARN] PackLoader:240 - Cannot read IP mode file for STMicroelectronics.FP-ATR-ASTRA1.2.0.2
2026-01-09 19:11:56,287 [WARN] PackLoader:240 - Cannot read IP mode file for STMicroelectronics.FP-ATR-ASTRA1.2.0.1
2026-01-09 19:11:56,318 [WARN] PackLoader:240 - Cannot read IP mode file for STMicroelectronics.X-CUBE-SMBUS.2.1.0
2026-01-09 19:11:56,347 [WARN] PackLoader:240 - Cannot read IP mode file for STMicroelectronics.X-CUBE-WB05N.1.1.0
2026-01-09 19:11:56,369 [WARN] PackLoader:240 - Cannot read IP mode file for STMicroelectronics.X-CUBE-ST60.1.0.0
2026-01-09 19:11:56,441 [WARN] PackLoader:240 - Cannot read IP mode file for STMicroelectronics.X-CUBE-AZRTOS-F7.1.1.0
2026-01-09 19:11:56,657 [WARN] PackLoader:240 - Cannot read IP mode file for STMicroelectronics.X-CUBE-MEMS1.11.0.0
2026-01-09 19:11:56,773 [ERROR] Engine:466 - C:\Users\kamil\.stm32cubemx\thirdparties\pdsc\STMicroelectronics.FP-SNS-MOTENV1.5.1.0.pdsc: PDSC version is not supported
2026-01-09 19:11:56,793 [WARN] PackLoader:240 - Cannot read IP mode file for STMicroelectronics.FP-SNS-FLIGHT1.5.0.2
2026-01-09 19:11:56,828 [WARN] PackLoader:240 - Cannot read IP mode file for STMicroelectronics.X-CUBE-AZRTOS-H7.3.4.0
2026-01-09 19:11:56,852 [WARN] PackLoader:240 - Cannot read IP mode file for STMicroelectronics.X-CUBE-DISPLAY.3.0.0
2026-01-09 19:11:56,873 [WARN] PackLoader:240 - Cannot read IP mode file for STMicroelectronics.X-CUBE-BLE1.7.0.0
2026-01-09 19:11:56,891 [WARN] PackLoader:240 - Cannot read IP mode file for STMicroelectronics.X-CUBE-NFC10.1.0.0
2026-01-09 19:11:56,914 [WARN] PackLoader:240 - Cannot read IP mode file for STMicroelectronics.X-CUBE-BLEMGR.4.0.0
2026-01-09 19:11:56,946 [WARN] PackLoader:240 - Cannot read IP mode file for STMicroelectronics.X-CUBE-ST60.1.1.0
2026-01-09 19:11:56,968 [WARN] PackLoader:240 - Cannot read IP mode file for emotas.I-CUBE-CANOPEN.1.3.0
2026-01-09 19:11:57,011 [WARN] PackLoader:240 - Cannot read IP mode file for STMicroelectronics.X-CUBE-GNSS1.7.1.0
2026-01-09 19:11:57,035 [WARN] PackLoader:240 - Cannot read IP mode file for STMicroelectronics.X-CUBE-BLEMGR.3.1.0
2026-01-09 19:11:57,056 [WARN] PackLoader:240 - Cannot read IP mode file for STMicroelectronics.X-CUBE-AI.10.0.0
2026-01-09 19:11:57,073 [ERROR] Engine:466 - C:\Users\kamil\.stm32cubemx\thirdparties\pdsc\STMicroelectronics.FP-SNS-STBOX1.2.1.0.pdsc: PDSC version is not supported
2026-01-09 19:11:57,089 [WARN] PackLoader:240 - Cannot read IP mode file for STMicroelectronics.FP-SNS-SMARTAG2.1.2.0
2026-01-09 19:11:57,105 [WARN] PackLoader:240 - Cannot read IP mode file for STMicroelectronics.FP-SNS-FLIGHT1.5.1.0
2026-01-09 19:11:57,162 [WARN] PackLoader:240 - Cannot read IP mode file for STMicroelectronics.X-CUBE-MEMS1.11.1.0
2026-01-09 19:11:57,272 [INFO] LogOutputStream:77 - [STDOUT_REDIRECT] 1 : Invalid condition id : UX_CORESTACK_Condition cause : null
2026-01-09 19:11:57,273 [INFO] LogOutputStream:77 - [STDOUT_REDIRECT] 1 : Invalid condition id : UX_CORESTACK_Condition cause : null
2026-01-09 19:11:57,274 [INFO] LogOutputStream:77 - [STDOUT_REDIRECT] 1 : Invalid condition id : UX_CORESTACK_Condition cause : null
2026-01-09 19:11:57,274 [INFO] LogOutputStream:77 - [STDOUT_REDIRECT] 1 : Invalid condition id : UX_CORESTACK_Condition cause : null
2026-01-09 19:11:57,275 [INFO] LogOutputStream:77 - [STDOUT_REDIRECT] 1 : Invalid condition id : UX_CORESTACK_Condition cause : null
2026-01-09 19:11:57,277 [WARN] PackLoader:240 - Cannot read IP mode file for STMicroelectronics.X-CUBE-AZRTOS-WL.2.0.0
2026-01-09 19:11:57,296 [WARN] PackLoader:240 - Cannot read IP mode file for STMicroelectronics.FP-SNS-MOTENV1.5.0.0
2026-01-09 19:11:57,331 [WARN] PackLoader:240 - Cannot read IP mode file for STMicroelectronics.X-CUBE-AZRTOS-H7RS.1.2.0
2026-01-09 19:11:57,349 [WARN] PackLoader:240 - Cannot read IP mode file for wolfSSL.I-CUBE-wolfMQTT.1.19.0
2026-01-09 19:11:57,370 [WARN] PackLoader:240 - Cannot read IP mode file for WES.I-CUBE-Cesium.1.3.0
2026-01-09 19:11:57,389 [WARN] PackLoader:240 - Cannot read IP mode file for STMicroelectronics.X-CUBE-BLE2.3.3.0
2026-01-09 19:11:57,452 [WARN] PackLoader:240 - Cannot read IP mode file for STMicroelectronics.X-CUBE-NFC9.1.0.0
2026-01-09 19:11:57,469 [WARN] PackLoader:240 - Cannot read IP mode file for STMicroelectronics.X-CUBE-BLE1.7.1.0
2026-01-09 19:11:57,488 [WARN] PackLoader:240 - Cannot read IP mode file for STMicroelectronics.X-CUBE-TCPP.4.1.0
2026-01-09 19:11:57,503 [ERROR] Engine:466 - C:\Users\kamil\.stm32cubemx\thirdparties\pdsc\STMicroelectronics.X-CUBE-FREERTOS.1.4.0.pdsc: PDSC version is not supported
2026-01-09 19:11:57,520 [WARN] PackLoader:240 - Cannot read IP mode file for STMicroelectronics.X-CUBE-EEPRMA1.5.2.0
2026-01-09 19:11:57,538 [ERROR] Engine:466 - C:\Users\kamil\.stm32cubemx\thirdparties\pdsc\STMicroelectronics.X-CUBE-ST67W61.1.1.0.pdsc: PDSC version is not supported
2026-01-09 19:11:57,590 [WARN] PackLoader:240 - Cannot read IP mode file for STMicroelectronics.X-CUBE-MEMS1.12.0.0
2026-01-09 19:11:57,653 [WARN] PackLoader:240 - Cannot read IP mode file for STMicroelectronics.X-CUBE-AZRTOS-G0.1.1.0
2026-01-09 19:11:57,672 [WARN] PackLoader:240 - Cannot read IP mode file for STMicroelectronics.X-CUBE-SAFEA1.1.2.2
2026-01-09 19:11:57,690 [WARN] PackLoader:240 - Cannot read IP mode file for STMicroelectronics.X-CUBE-NFC4.3.0.0
2026-01-09 19:11:57,711 [WARN] PackLoader:240 - Cannot read IP mode file for EmbeddedOffice.I-CUBE-FS-RTOS.1.0.1
2026-01-09 19:11:57,729 [WARN] PackLoader:240 - Cannot read IP mode file for STMicroelectronics.X-CUBE-WB05N.2.0.0
2026-01-09 19:11:57,746 [WARN] PackLoader:240 - Cannot read IP mode file for STMicroelectronics.X-CUBE-TCPP.4.2.0
2026-01-09 19:11:57,763 [WARN] PackLoader:240 - Cannot read IP mode file for RealThread.X-CUBE-RT-Thread_Nano.4.1.1
2026-01-09 19:11:57,780 [WARN] PackLoader:240 - Cannot read IP mode file for STMicroelectronics.FP-ATR-SIGFOX1.3.2.0
2026-01-09 19:11:57,795 [WARN] PackLoader:240 - Cannot read IP mode file for wolfSSL.I-CUBE-wolfSSL.5.7.2
2026-01-09 19:11:57,811 [WARN] ConditionMgr:438 - getConditionDescription Invalid condition id : Cortex-A Device cause : null
2026-01-09 19:11:57,836 [WARN] ConditionMgr:1044 - genDependencies : Invalid condition id : Cortex-A Device cause : null
2026-01-09 19:11:57,836 [WARN] ConditionMgr:1044 - genDependencies : Invalid condition id : Cortex-A Device cause : null
2026-01-09 19:11:57,836 [WARN] ConditionMgr:1044 - genDependencies : Invalid condition id : Cortex-A Device cause : null
2026-01-09 19:11:57,857 [WARN] PackLoader:240 - Cannot read IP mode file for STMicroelectronics.X-CUBE-EEPRMA1.5.1.0
2026-01-09 19:11:57,885 [WARN] PackLoader:240 - Cannot read IP mode file for ITTIA_DB.I-CUBE-ITTIADB.8.9.0
2026-01-09 19:11:57,911 [WARN] PackLoader:240 - Cannot read IP mode file for STMicroelectronics.X-CUBE-ST67W61.1.0.0
2026-01-09 19:11:57,928 [WARN] PackLoader:240 - Cannot read IP mode file for STMicroelectronics.X-CUBE-AI.10.2.0
2026-01-09 19:11:57,961 [WARN] PackLoader:240 - Cannot read IP mode file for SEGGER.I-CUBE-embOS.1.3.1
2026-01-09 19:11:58,007 [WARN] PackLoader:240 - Cannot read IP mode file for STMicroelectronics.X-CUBE-ALGOBUILD.1.4.0
2026-01-09 19:11:58,063 [WARN] PackLoader:240 - Cannot read IP mode file for STMicroelectronics.X-CUBE-MEMS1.11.3.0
2026-01-09 19:11:58,156 [WARN] PackLoader:240 - Cannot read IP mode file for STMicroelectronics.X-CUBE-AI.9.1.0
2026-01-09 19:11:58,172 [WARN] PackLoader:240 - Cannot read IP mode file for STMicroelectronics.X-CUBE-PM33A1.1.0.0
2026-01-09 19:11:58,200 [WARN] PackLoader:240 - Cannot read IP mode file for STMicroelectronics.X-CUBE-AZRTOS-F4.1.1.0
2026-01-09 19:11:58,217 [WARN] PackLoader:240 - Cannot read IP mode file for STMicroelectronics.X-CUBE-ISPU.2.1.0
2026-01-09 19:11:58,237 [ERROR] Engine:466 - C:\Users\kamil\.stm32cubemx\thirdparties\pdsc\STMicroelectronics.X-CUBE-IPS.3.2.0.pdsc: PDSC version is not supported
2026-01-09 19:11:58,253 [WARN] PackLoader:240 - Cannot read IP mode file for STMicroelectronics.X-CUBE-FREERTOS.1.2.0
2026-01-09 19:11:58,273 [WARN] PackLoader:240 - Cannot read IP mode file for STMicroelectronics.X-CUBE-NFC12.1.0.0
2026-01-09 19:11:58,303 [WARN] PackLoader:240 - Cannot read IP mode file for STMicroelectronics.X-CUBE-AZRTOS-L5.2.0.0
2026-01-09 19:11:58,323 [WARN] PackLoader:240 - Cannot read IP mode file for STMicroelectronics.X-CUBE-NFC6.3.1.0
2026-01-09 19:11:58,342 [WARN] PackLoader:240 - Cannot read IP mode file for STMicroelectronics.X-CUBE-DPower.1.2.0
2026-01-09 19:11:58,359 [WARN] PackLoader:240 - Cannot read IP mode file for STMicroelectronics.X-CUBE-FREERTOS.1.3.1
2026-01-09 19:11:58,375 [WARN] PackLoader:240 - Cannot read IP mode file for STMicroelectronics.X-CUBE-FREERTOS.1.3.0
2026-01-09 19:11:58,392 [WARN] PackLoader:240 - Cannot read IP mode file for STMicroelectronics.X-CUBE-NFC7.1.0.1
2026-01-09 19:11:58,413 [WARN] PackLoader:240 - Cannot read IP mode file for STMicroelectronics.X-CUBE-TOUCHGFX.4.26.0
2026-01-09 19:11:58,432 [WARN] PackLoader:240 - Cannot read IP mode file for STMicroelectronics.FP-SNS-STAIOTCFT.1.0.0
2026-01-09 19:11:58,448 [WARN] PackLoader:240 - Cannot read IP mode file for STMicroelectronics.X-CUBE-DPower.1.3.0
2026-01-09 19:11:58,478 [WARN] ConditionMgr:438 - getConditionDescription Invalid condition id : LAN8742 Phy interface Condition cause : null
2026-01-09 19:11:58,478 [WARN] PackLoader:240 - Cannot read IP mode file for STMicroelectronics.X-CUBE-AZRTOS-L4.2.0.0
2026-01-09 19:11:58,478 [WARN] ConditionMgr:1044 - genDependencies : Invalid condition id : LAN8742 Phy interface Condition cause : null
2026-01-09 19:11:58,478 [WARN] ConditionMgr:1044 - genDependencies : Invalid condition id : LAN8742 Phy interface Condition cause : null
2026-01-09 19:11:58,480 [WARN] ConditionMgr:1044 - genDependencies : Invalid condition id : LAN8742 Phy interface Condition cause : null
2026-01-09 19:11:58,497 [WARN] PackLoader:240 - Cannot read IP mode file for STMicroelectronics.X-CUBE-SFXS2LP1.4.0.0
2026-01-09 19:11:58,526 [WARN] PackLoader:240 - Cannot read IP mode file for STMicroelectronics.X-CUBE-AZRTOS-H7.3.3.0
2026-01-09 19:11:58,548 [WARN] PackLoader:240 - Cannot read IP mode file for STMicroelectronics.X-CUBE-BLEMGR.4.1.0
2026-01-09 19:11:58,580 [WARN] PackLoader:240 - Cannot read IP mode file for STMicroelectronics.X-CUBE-IPS.3.0.0
2026-01-09 19:11:58,630 [WARN] ConditionMgr:438 - getConditionDescription Invalid condition id : UX DEVICE CLASS RTOS Condition cause : null
2026-01-09 19:11:58,631 [WARN] ConditionMgr:438 - getConditionDescription Invalid condition id : UX DEVICE CLASS RTOS Condition cause : null
2026-01-09 19:11:58,632 [WARN] PackLoader:240 - Cannot read IP mode file for STMicroelectronics.X-CUBE-AZRTOS-WB.2.0.0
2026-01-09 19:11:58,632 [WARN] ConditionMgr:1044 - genDependencies : Invalid condition id : UX DEVICE CLASS RTOS Condition cause : null
2026-01-09 19:11:58,633 [WARN] ConditionMgr:1044 - genDependencies : Invalid condition id : UX DEVICE CLASS RTOS Condition cause : null
2026-01-09 19:11:58,633 [WARN] ConditionMgr:1044 - genDependencies : Invalid condition id : UX DEVICE CLASS RTOS Condition cause : null
2026-01-09 19:11:58,633 [WARN] ConditionMgr:1044 - genDependencies : Invalid condition id : UX DEVICE CLASS RTOS Condition cause : null
2026-01-09 19:11:58,634 [WARN] ConditionMgr:1044 - genDependencies : Invalid condition id : UX DEVICE CLASS RTOS Condition cause : null
2026-01-09 19:11:58,655 [WARN] PackLoader:240 - Cannot read IP mode file for STMicroelectronics.X-CUBE-GNSS1.7.0.0
2026-01-09 19:11:58,673 [WARN] PackLoader:240 - Cannot read IP mode file for STMicroelectronics.X-CUBE-GNSS1.7.0.1
2026-01-09 19:11:58,691 [WARN] PackLoader:240 - Cannot read IP mode file for STMicroelectronics.X-CUBE-TOUCHGFX.4.25.0
2026-01-09 19:11:58,711 [WARN] PackLoader:240 - Cannot read IP mode file for STMicroelectronics.FP-SNS-STBOX1.2.0.0
2026-01-09 19:11:58,738 [WARN] PackLoader:240 - Cannot read IP mode file for STMicroelectronics.X-CUBE-SUBG2.5.0.0
2026-01-09 19:11:58,773 [WARN] PackLoader:240 - Cannot read IP mode file for STMicroelectronics.X-CUBE-AZRTOS-H7RS.1.1.0
2026-01-09 19:11:58,791 [WARN] PackLoader:240 - Cannot read IP mode file for Cesanta.I-CUBE-Mongoose.7.13.0
2026-01-09 19:11:58,815 [WARN] PackLoader:240 - Cannot read IP mode file for STMicroelectronics.X-CUBE-AZRTOS-G4.2.0.0
2026-01-09 19:11:58,833 [WARN] PackLoader:240 - Cannot read IP mode file for STMicroelectronics.X-CUBE-NFC7.2.0.0
2026-01-09 19:11:58,855 [WARN] PackLoader:240 - Cannot read IP mode file for STMicroelectronics.X-CUBE-IPS.3.1.0
2026-01-09 19:11:58,875 [WARN] PackLoader:240 - Cannot read IP mode file for STMicroelectronics.X-CUBE-ALS.1.0.2
2026-01-09 19:11:58,892 [WARN] PackLoader:240 - Cannot read IP mode file for STMicroelectronics.X-CUBE-TOUCHGFX.4.24.1
2026-01-09 19:11:58,911 [WARN] PackLoader:240 - Cannot read IP mode file for STMicroelectronics.X-CUBE-STSE01.1.0.0
2026-01-09 19:11:58,929 [WARN] PackLoader:240 - Cannot read IP mode file for wolfSSL.I-CUBE-wolfTPM.3.4.0
2026-01-09 19:11:58,948 [WARN] PackLoader:240 - Cannot read IP mode file for portGmbH.I-Cube-SoM-uGOAL.1.1.0
2026-01-09 19:11:58,980 [WARN] PackLoader:240 - Cannot read IP mode file for STMicroelectronics.X-CUBE-AZRTOS-H7RS.1.0.0
2026-01-09 19:11:58,998 [WARN] PackLoader:240 - Cannot read IP mode file for STMicroelectronics.FP-ATR-ASTRA1.2.0.0
2026-01-09 19:11:59,022 [WARN] PackLoader:240 - Cannot read IP mode file for STMicroelectronics.X-CUBE-TOF1.3.4.2
2026-01-09 19:11:59,047 [WARN] PackLoader:240 - Cannot read IP mode file for STMicroelectronics.X-CUBE-TOF1.3.4.3
2026-01-09 19:11:59,079 [WARN] PackLoader:240 - Cannot read IP mode file for Infineon.AIROC-Wi-Fi-Bluetooth-STM32.1.6.1
2026-01-09 19:11:59,100 [WARN] PackLoader:240 - Cannot read IP mode file for wolfSSL.I-CUBE-wolfSSH.1.4.17
2026-01-09 19:11:59,101 [INFO] ThirdParty:978 - Integrity check success = true
2026-01-09 19:11:59,101 [INFO] IntegrityCheckThread:100 - exiting critical section [integrity check]
2026-01-09 19:11:59,101 [INFO] IntegrityCheckThread:103 - End integrity checks thread
2026-01-09 19:12:00,368 [INFO] McuFinderGlobals:63 - Set McuFinder mode to 2 (CubeIDE integrated)
2026-01-09 19:12:00,409 [INFO] MainUpdater:2872 - connection check result : 22
2026-01-09 19:12:00,420 [INFO] MainUpdater:2872 - connection check result : 22
2026-01-09 19:12:12,167 [INFO] MainUpdater:2872 - connection check result : 22
2026-01-09 19:12:14,793 [INFO] MainUpdater:2872 - connection check result : 22
2026-01-09 19:12:16,309 [INFO] MicroXplorer:468 - Change Database Path : 
2026-01-09 19:12:16,310 [INFO] MicroXplorer:498 - Change Database Version : DB.6.0.130
2026-01-09 19:12:16,319 [WARN] ThirdParty:871 - waiting for thirdparty lock release [close project]
2026-01-09 19:12:16,320 [INFO] ThirdParty:873 - entering critical section [close project]
2026-01-09 19:12:16,321 [INFO] ThirdParty:883 - exiting critical section [close project]
2026-01-09 19:12:16,324 [INFO] PinOutPanel:1589 - setPackage(No Configuration,No Configuration)
2026-01-09 19:12:16,331 [INFO] UtilMem:75 - Begin LoadConfig() Used Memory: 213463904 Bytes (330301440)
2026-01-09 19:12:16,333 [INFO] MicroXplorer:468 - Change Database Path : 
2026-01-09 19:12:16,333 [INFO] MicroXplorer:498 - Change Database Version : DB.6.0.130
2026-01-09 19:12:16,333 [INFO] OpenFileManager:332 - Change cursor
2026-01-09 19:12:16,389 [INFO] Mcu:2035 - Initializing MCU STM32H743IITx STM32H743IITx STM32H743IIT6
2026-01-09 19:12:22,877 [INFO] Context:748 - Trying to add GPIOservice into a context  which must be forbidden
2026-01-09 19:12:24,613 [INFO] RtosManager:555 - Registered RTOS mode: class=CMSIS, group=RTOS, mode=CMSIS_V1, owner=FREERTOS
2026-01-09 19:12:24,613 [INFO] RtosManager:555 - Registered RTOS mode: class=CMSIS, group=RTOS2, mode=CMSIS_V2, owner=FREERTOS
2026-01-09 19:12:24,613 [INFO] RtosManager:555 - Registered RTOS mode: class=RTOS, group=Core, mode=CMSIS_V1, owner=FREERTOS
2026-01-09 19:12:24,613 [INFO] RtosManager:555 - Registered RTOS mode: class=RTOS, group=Core, mode=CMSIS_V2, owner=FREERTOS
2026-01-09 19:12:24,613 [WARN] ModelIntegratedComponent:184 - Missing modes for component STMicroelectronics:FreeRTOS:0.0.1:STMicroelectronics:RTOS:FreeRTOS:Core:::10.2.0:
2026-01-09 19:12:24,625 [WARN] ModelIntegratedComponent:63 - No mode defined for component null
2026-01-09 19:12:24,625 [WARN] ModelIntegratedComponent:63 - No mode defined for component null
2026-01-09 19:12:24,625 [WARN] ModelIntegratedComponent:63 - No mode defined for component null
2026-01-09 19:12:24,625 [WARN] ModelIntegratedComponent:63 - No mode defined for component null
2026-01-09 19:12:24,625 [WARN] ModelIntegratedComponent:63 - No mode defined for component null
2026-01-09 19:12:24,625 [WARN] ModelIntegratedComponent:63 - No mode defined for component null
2026-01-09 19:12:24,625 [WARN] ModelIntegratedComponent:63 - No mode defined for component null
2026-01-09 19:12:24,625 [WARN] ModelIntegratedComponent:63 - No mode defined for component null
2026-01-09 19:12:24,625 [WARN] ModelIntegratedComponent:63 - No mode defined for component null
2026-01-09 19:12:24,625 [WARN] ModelIntegratedComponent:63 - No mode defined for component null
2026-01-09 19:12:24,625 [WARN] ModelIntegratedComponent:63 - No mode defined for component null
2026-01-09 19:12:24,625 [WARN] ModelIntegratedComponent:63 - No mode defined for component null
2026-01-09 19:12:24,625 [WARN] ModelIntegratedComponent:63 - No mode defined for component null
2026-01-09 19:12:24,625 [WARN] ModelIntegratedComponent:63 - No mode defined for component null
2026-01-09 19:12:24,625 [WARN] ModelIntegratedComponent:63 - No mode defined for component null
2026-01-09 19:12:24,625 [WARN] ModelIntegratedComponent:63 - No mode defined for component null
2026-01-09 19:12:24,625 [WARN] ModelIntegratedComponent:63 - No mode defined for component null
2026-01-09 19:12:24,625 [WARN] ModelIntegratedComponent:63 - No mode defined for component null
2026-01-09 19:12:24,625 [WARN] ModelIntegratedComponent:63 - No mode defined for component null
2026-01-09 19:12:24,625 [WARN] ModelIntegratedComponent:63 - No mode defined for component null
2026-01-09 19:12:24,625 [WARN] ModelIntegratedComponent:63 - No mode defined for component null
2026-01-09 19:12:24,625 [WARN] ModelIntegratedComponent:63 - No mode defined for component null
2026-01-09 19:12:24,625 [WARN] ModelIntegratedComponent:63 - No mode defined for component null
2026-01-09 19:12:24,625 [WARN] ModelIntegratedComponent:63 - No mode defined for component null
2026-01-09 19:12:24,625 [WARN] ModelIntegratedComponent:63 - No mode defined for component null
2026-01-09 19:12:24,625 [WARN] ModelIntegratedComponent:63 - No mode defined for component null
2026-01-09 19:12:24,625 [WARN] ModelIntegratedComponent:63 - No mode defined for component null
2026-01-09 19:12:24,625 [WARN] ModelIntegratedComponent:63 - No mode defined for component null
2026-01-09 19:12:24,625 [WARN] ModelIntegratedComponent:63 - No mode defined for component null
2026-01-09 19:12:24,625 [WARN] ModelIntegratedComponent:63 - No mode defined for component null
2026-01-09 19:12:24,625 [WARN] ModelIntegratedComponent:63 - No mode defined for component null
2026-01-09 19:12:24,625 [WARN] ModelIntegratedComponent:63 - No mode defined for component null
2026-01-09 19:12:24,625 [WARN] ModelIntegratedComponent:63 - No mode defined for component null
2026-01-09 19:12:24,625 [WARN] ModelIntegratedComponent:63 - No mode defined for component null
2026-01-09 19:12:24,625 [WARN] ModelIntegratedComponent:63 - No mode defined for component null
2026-01-09 19:12:24,631 [WARN] ModelPack:524 - Component already loaded: STMicroelectronics:HAL Drivers:0.0.0:STMicroelectronics:Device:STMicro_Driver:XSPI:HAL::0.0.1:HAL_XSPI
2026-01-09 19:12:24,826 [INFO] ThirdPartyModel:298 - Start build external matchings
2026-01-09 19:12:26,103 [INFO] ThirdPartyModel:316 - End build external matchings
2026-01-09 19:12:26,152 [WARN] IP:2251 - ClockDivider not found: check if there is a RefParameter without a condition.
2026-01-09 19:12:26,154 [WARN] IP:2251 - ClockDividerCCU not found: check if there is a RefParameter without a condition.
2026-01-09 19:12:26,154 [WARN] IP:2251 - MinOscClkPeriodsCCU not found: check if there is a RefParameter without a condition.
2026-01-09 19:12:26,155 [WARN] IP:2251 - TimeQuantaPerBitTimeCCU not found: check if there is a RefParameter without a condition.
2026-01-09 19:12:26,155 [WARN] IP:2251 - WatchdogStartValueCCU not found: check if there is a RefParameter without a condition.
2026-01-09 19:12:26,166 [WARN] IP:2251 - LayerIdx_L1 not found: check if there is a RefParameter without a condition.
2026-01-09 19:12:26,168 [INFO] ImportTextPane:218 - (OptionalMessage_ERROR) IP (RCC) : Parameter (ADCFreq_Value) has invalid value (129000000)
2026-01-09 19:12:26,181 [INFO] ImportTextPane:218 - (OptionalMessage_ERROR) IP (RCC) : Invalid parameter (FamilyName)
2026-01-09 19:12:26,181 [INFO] ImportTextPane:218 - (OptionalMessage_ERROR) IP (RCC) : Parameter (LPTIM1Freq_Value) has invalid value (64000000)
2026-01-09 19:12:26,181 [INFO] ImportTextPane:218 - (OptionalMessage_ERROR) IP (RCC) : Parameter (LPTIM2Freq_Value) has invalid value (64000000)
2026-01-09 19:12:26,181 [INFO] ImportTextPane:218 - (OptionalMessage_ERROR) IP (RCC) : Parameter (LPTIM345Freq_Value) has invalid value (64000000)
2026-01-09 19:12:26,182 [INFO] ImportTextPane:218 - (OptionalMessage_ERROR) IP (RCC) : Parameter (LPUART1Freq_Value) has invalid value (64000000)
2026-01-09 19:12:26,182 [INFO] ImportTextPane:218 - (OptionalMessage_ERROR) IP (RCC) : Parameter (SPI45Freq_Value) has invalid value (64000000)
2026-01-09 19:12:26,182 [INFO] ImportTextPane:218 - (OptionalMessage_ERROR) IP (RCC) : Parameter (SPI6Freq_Value) has invalid value (64000000)
2026-01-09 19:12:26,182 [INFO] ImportTextPane:218 - (OptionalMessage_ERROR) IP (RCC) : Parameter (SWPMI1Freq_Value) has invalid value (64000000)
2026-01-09 19:12:26,182 [INFO] ImportTextPane:218 - (OptionalMessage_ERROR) IP (RCC) : Parameter (USART16Freq_Value) has invalid value (64000000)
2026-01-09 19:12:26,182 [INFO] ImportTextPane:218 - (OptionalMessage_ERROR) IP (RCC) : Parameter (USART234578Freq_Value) has invalid value (64000000)
2026-01-09 19:12:27,252 [INFO] ApiDb:581 - Connected to CubeFinder SQLite database (C:\Users\kamil\.stmcufinder\plugins\mcufinder\mcu\cube-finder-db.db)
2026-01-09 19:12:27,353 [INFO] ApiDb:668 - CubeFinder database Data Model version=2.1
2026-01-09 19:12:27,353 [INFO] ApiDb:669 - CubeFinder database Configuration version=3.0.39
2026-01-09 19:12:27,353 [INFO] ApiDb:670 - CubeFinder database generation date=2025-11-05 (1762334721)
2026-01-09 19:12:27,354 [INFO] ApiDb:671 - CubeFinder database FW Pack versions=[FP-ATR-ASTRA1_V2.0.0, FP-SNS-FLIGHT1_V5.1.0, FP-SNS-MOTENV1_V5.1.0, FP-SNS-MOTENVWB1_V1.4.0, FP-SNS-SMARTAG2_V1.2.0, FP-SNS-STBOX1_V2.1.0, STM32Cube_FW_C0_V1.4.0, STM32Cube_FW_F4_V1.28.3, STM32Cube_FW_F7_V1.17.4, STM32Cube_FW_G0_V1.6.2, STM32Cube_FW_G4_V1.6.1, STM32Cube_FW_H5_V1.5.1, STM32Cube_FW_H7RS_V1.3.0, STM32Cube_FW_H7_V1.12.1, STM32Cube_FW_L0_V1.12.2, STM32Cube_FW_L4_V1.18.1, STM32Cube_FW_L5_V1.6.0, STM32Cube_FW_N6_V1.3.0, STM32Cube_FW_U0_V1.3.0, STM32Cube_FW_U3_V1.2.1, STM32Cube_FW_U5_V1.8.0, STM32Cube_FW_WB0_V1.4.0, STM32Cube_FW_WBA_V1.8.0, STM32Cube_FW_WB_V1.24.0, STM32Cube_FW_WL3_V1.3.0, STM32Cube_FW_WL_V1.4.0, X-CUBE-ALGOBUILD_V1.4.0, X-CUBE-ALS_V1.0.2, X-CUBE-AZRTOS-F4_V1.1.0, X-CUBE-AZRTOS-F7_V1.1.0, X-CUBE-AZRTOS-G0_V1.1.0, X-CUBE-AZRTOS-G4_V2.0.0, X-CUBE-AZRTOS-H7RS_V1.1.0, X-CUBE-AZRTOS-H7_V3.4.0, X-CUBE-AZRTOS-L4_V2.0.0, X-CUBE-AZRTOS-L5_V2.0.0, X-CUBE-AZRTOS-WB_V2.0.0, X-CUBE-AZRTOS-WL_V2.0.0, X-CUBE-BLE1_V7.1.0, X-CUBE-BLE2_V3.3.0, X-CUBE-BLEMGR_V4.1.0, X-CUBE-EEPRMA1_V5.2.0, X-CUBE-FREERTOS_V1.3.1, X-CUBE-GNSS1_V6.0.0, X-CUBE-MEMS1_V11.3.0, X-CUBE-NFC4_V3.0.0, X-CUBE-NFC7_V2.0.0, X-CUBE-SFXS2LP1_V4.0.0, X-CUBE-ST67W61_V1.1.0, X-CUBE-SUBG2_V5.0.0, X-CUBE-TOF1_V3.4.3]
2026-01-09 19:12:27,497 [INFO] DbBoardsSqlite:226 - include board P-NUCLEO-WB55-NUCLEO as a kit item of type 'Nucleo-64'
2026-01-09 19:12:27,498 [INFO] DbBoardsSqlite:226 - include board P-NUCLEO-WB55-USBDONGLE as a kit item of type 'Nucleo USB Dongle'
2026-01-09 19:12:27,500 [INFO] DbBoardsSqlite:226 - include board STEVAL-IDP005V1 as a kit item of type 'Evaluation Board'
2026-01-09 19:12:27,501 [INFO] DbBoardsSqlite:226 - include board STEVAL-IDP005V2 as a kit item of type 'Evaluation Board'
2026-01-09 19:12:27,997 [INFO] ApiDb:240 - Found 858 in-development CPN: [B-G473E-ZEST1S, B-WB1M-WPAN1, B-WBA5M-WPAN, B-WL5M-SUBG1, NUCLEO-C031C6, NUCLEO-C051C8, NUCLEO-C071RB, NUCLEO-C092RC, NUCLEO-H503RB, NUCLEO-H533RE, NUCLEO-H563ZI, NUCLEO-H7S3L8, NUCLEO-N657X0-Q, NUCLEO-U031R8, NUCLEO-U083RC, NUCLEO-U385RG-Q, NUCLEO-U545RE-Q, NUCLEO-U5A5ZJ-Q, NUCLEO-WB05KZ, NUCLEO-WB07CC, NUCLEO-WB09KE, NUCLEO-WBA52CG, NUCLEO-WBA55CG, NUCLEO-WL33CC1, NUCLEO-WL33CC2, STEVAL-PROTEUS1, STEVAL-SMARTAG2, STEVAL-STWINBX1, STM320518-EVAL, STM32C0116-DK, STM32C011D6Y3TR, STM32C011D6Y6TR, STM32C011F4P3, STM32C011F4P6, STM32C011F4U3, STM32C011F4U6TR, STM32C011F6P3, STM32C011F6P6, STM32C011F6U3, STM32C011F6U6TR, STM32C011J4M3, STM32C011J4M6, STM32C011J6M3, STM32C011J6M6, STM32C0316-DK, STM32C031C4T3, STM32C031C4T6, STM32C031C4U3, STM32C031C4U6, STM32C031C6T3, STM32C031C6T6, STM32C031C6U3, STM32C031C6U6, STM32C031F4P3, STM32C031F4P6, STM32C031F6P3, STM32C031F6P6, STM32C031G4U3, STM32C031G4U6, STM32C031G6U3, STM32C031G6U6, STM32C031K4T3, STM32C031K4T6, STM32C031K4U3, STM32C031K4U6, STM32C031K6T3, STM32C031K6T6, STM32C031K6U3, STM32C031K6U6, STM32C051C6T6, STM32C051C6U6, STM32C051C8T6, STM32C051C8U6, STM32C051D8Y6TR, STM32C051F6P6, STM32C051F8P6, STM32C051G6U6, STM32C051G8U6, STM32C051K6T6, STM32C051K6U6, STM32C051K8T6, STM32C071C8T6, STM32C071C8T6N, STM32C071C8U6, STM32C071C8U6N, STM32C071CBT6, STM32C071CBT6N, STM32C071CBU6, STM32C071CBU6N, STM32C071F8P6, STM32C071F8P6N, STM32C071FBP6, STM32C071FBP6N, STM32C071FBY6TR, STM32C071G8U6, STM32C071G8U6N, STM32C071GBU6, STM32C071GBU6N, STM32C071K8T6, STM32C071K8T6N, STM32C071K8U6, STM32C071K8U6N, STM32C071KBT6, STM32C071KBT6N, STM32C071KBU6, STM32C071KBU6N, STM32C071R8T6, STM32C071R8T6N, STM32C071RBI6N, STM32C071RBT6, STM32C071RBT6N, STM32C091CBT6, STM32C091CBU6, STM32C091CCT6, STM32C091CCU6, STM32C091ECY6TR, STM32C091FBP6, STM32C091FCP6, STM32C091GBU6, STM32C091GCU6, STM32C091KBT6, STM32C091KBU6, STM32C091KCT6, STM32C091KCU6, STM32C091RBT6, STM32C091RCI6, STM32C091RCT6, STM32C092CBT6, STM32C092CBU6, STM32C092CCT6, STM32C092CCU6, STM32C092ECY6TR, STM32C092FBP6, STM32C092FCP6, STM32C092GBU6, STM32C092GCU6, STM32C092KBT6, STM32C092KBU6, STM32C092KCT6, STM32C092KCU6, STM32C092RBT6, STM32C092RCI6, STM32C092RCT6, STM32G071K8TXN, STM32G071K8UXN, STM32G081GBU6N, STM32G081KBT6N, STM32G081KBUXN, STM32G0B1CCT6N, STM32G0B1KCT6, STM32G0B1NEY6TR, STM32G0B1RCT6N, STM32G0C1CCT6, STM32G0C1CCT6N, STM32G0C1CCU6N, STM32G0C1CET6N, STM32G0C1CEU6N, STM32G0C1KCT6, STM32G0C1NEY6TR, STM32G0C1RCI6N, STM32G0C1RCT6N, STM32G0C1REI6N, STM32G0C1RET6N, STM32G0C1VCI6, STM32G0C1VEI6, STM32G411C6T3, STM32G411C6T6, STM32G411C6U3, STM32G411C6U6, STM32G411C8T3, STM32G411C8T6, STM32G411C8U3, STM32G411C8U6, STM32G411CBT3, STM32G411CBT6, STM32G411CBU3, STM32G411CBU6, STM32G411CCT3, STM32G411CCT6, STM32G411CCU3, STM32G411CCU6, STM32G411K6T3, STM32G411K6T6, STM32G411K6U3, STM32G411K6U6, STM32G411K8T3, STM32G411K8T6, STM32G411K8U3, STM32G411K8U6, STM32G411KBT3, STM32G411KBT6, STM32G411KBU3, STM32G411KBU6, STM32G411M6T3, STM32G411M6T6, STM32G411M8T3, STM32G411M8T6, STM32G411MBT3, STM32G411MBT6, STM32G411MCT3, STM32G411MCT6, STM32G411R6T3, STM32G411R6T6, STM32G411R8T3, STM32G411R8T6, STM32G411RBT3, STM32G411RBT6, STM32G411RCT3, STM32G411RCT6, STM32G414CBT3, STM32G414CBT6, STM32G414CBU3, STM32G414CBU6, STM32G414CCT3, STM32G414CCT6, STM32G414CCU3, STM32G414CCU6, STM32G414MBT3, STM32G414MBT6, STM32G414MCT3, STM32G414MCT6, STM32G414RBT3, STM32G414RBT6, STM32G414RCT3, STM32G414RCT6, STM32G414VBT3, STM32G414VBT6, STM32G414VCT3, STM32G414VCT6, STM32G431CBT3Z, STM32G431RBT3Z, STM32G471CCT6, STM32G471CCU6, STM32G471CET3, STM32G471CET6, STM32G471CEU3, STM32G471CEU6, STM32G471MCT6, STM32G471MET3, STM32G471MET6, STM32G471MEY6TR, STM32G471QCT6, STM32G471QET3, STM32G471RCT6, STM32G471RET3, STM32G471RET6, STM32G471VCH6, STM32G471VCI6, STM32G471VCT6, STM32G471VEH3, STM32G471VEH6, STM32G471VEI3, STM32G471VEI6, STM32G471VET3, STM32G471VET6, STM32G473QET3Z, STM32G473RET3Z, STM32G474CCT6, STM32G491RET3Z, STM32H503CBT6, STM32H503CBU6, STM32H503EBY6TR, STM32H503KBU6, STM32H503RBT6, STM32H523CCT6, STM32H523CCU6, STM32H523CET6, STM32H523CEU6, STM32H523HEY6TR, STM32H523RCT6, STM32H523RET6, STM32H523VCI6, STM32H523VCT6, STM32H523VEI6, STM32H523VET6, STM32H523ZCJ6, STM32H523ZCT6, STM32H523ZEJ6, STM32H523ZET6, STM32H533CET6, STM32H533CEU6, STM32H533HEY6TR, STM32H533RET6, STM32H533VEI6, STM32H533VET6, STM32H533ZEJ6, STM32H533ZET6, STM32H562AGI6, STM32H562AII6, STM32H562IGK6, STM32H562IGT6, STM32H562IIK6, STM32H562IIT6, STM32H562RGT6, STM32H562RGV6, STM32H562RIT6, STM32H562RIV6, STM32H562VGT6, STM32H562VIT6, STM32H562ZGT6, STM32H562ZIT6, STM32H563AGI6, STM32H563AII3Q, STM32H563AII6, STM32H563IGK6, STM32H563IGT6, STM32H563IIK3Q, STM32H563IIK6, STM32H563IIT3Q, STM32H563IIT6, STM32H563MIY3QTR, STM32H563RGT6, STM32H563RGV6, STM32H563RIT6, STM32H563RIV6, STM32H563VGT6, STM32H563VIT3Q, STM32H563VIT6, STM32H563ZGT6, STM32H563ZIT3Q, STM32H563ZIT6, STM32H573AII3Q, STM32H573AII6, STM32H573I-DK, STM32H573IIK3Q, STM32H573IIK6, STM32H573IIT3Q, STM32H573IIT6, STM32H573MIY3QTR, STM32H573RIT6, STM32H573RIV6, STM32H573VIT3Q, STM32H573VIT6, STM32H573ZIT3Q, STM32H573ZIT6, STM32H7R3A8I6, STM32H7R3I8K6, STM32H7R3I8T6, STM32H7R3L8H6, STM32H7R3L8H6H, STM32H7R3R8V6, STM32H7R3V8H6, STM32H7R3V8T6, STM32H7R3V8Y6TR, STM32H7R3Z8J6, STM32H7R3Z8T6, STM32H7R7A8I6, STM32H7R7I8K6, STM32H7R7I8T6, STM32H7R7L8H6, STM32H7R7L8H6H, STM32H7R7Z8J6, STM32H7S3A8I6, STM32H7S3I8K6, STM32H7S3I8T6, STM32H7S3L8H6, STM32H7S3L8H6H, STM32H7S3R8V6, STM32H7S3V8H6, STM32H7S3V8T6, STM32H7S3V8Y6TR, STM32H7S3Z8J6, STM32H7S3Z8T6, STM32H7S78-DK, STM32H7S7A8I6, STM32H7S7I8K6, STM32H7S7I8T6, STM32H7S7L8H6, STM32H7S7L8H6H, STM32H7S7Z8J6, STM32L4R5QGI6STR, STM32MP131AAE3, STM32MP131AAF3, STM32MP131AAG3, STM32MP131CAE3, STM32MP131CAF3, STM32MP131CAG3, STM32MP131DAE7, STM32MP131DAF7, STM32MP131DAG7, STM32MP131FAE7, STM32MP131FAF7, STM32MP131FAG7, STM32MP133AAE3, STM32MP133AAF3, STM32MP133AAG3, STM32MP133CAE3, STM32MP133CAF3, STM32MP133CAG3, STM32MP133DAE7, STM32MP133DAF7, STM32MP133DAG7, STM32MP133FAE7, STM32MP133FAF7, STM32MP133FAG7, STM32MP135AAE3, STM32MP135AAF3, STM32MP135AAG3, STM32MP135CAE3, STM32MP135CAF3, STM32MP135CAG3, STM32MP135DAE7, STM32MP135DAF7, STM32MP135DAG7, STM32MP135F-DK, STM32MP135FAE7, STM32MP135FAF7, STM32MP135FAF7T, STM32MP135FAF7U, STM32MP135FAG7, STM32MP231AAJ3, STM32MP231AAK3, STM32MP231AAL3, STM32MP231CAJ3, STM32MP231CAK3, STM32MP231CAL3, STM32MP231DAJ3, STM32MP231DAK3, STM32MP231DAL3, STM32MP231FAJ3, STM32MP231FAK3, STM32MP231FAL3, STM32MP233AAJ3, STM32MP233AAK3, STM32MP233AAL3, STM32MP233CAJ3, STM32MP233CAK3, STM32MP233CAL3, STM32MP233DAJ3, STM32MP233DAK3, STM32MP233DAL3, STM32MP233FAJ3, STM32MP233FAK3, STM32MP233FAL3, STM32MP235AAJ3, STM32MP235AAK3, STM32MP235AAL3, STM32MP235CAJ3, STM32MP235CAK3, STM32MP235CAL3, STM32MP235DAJ3, STM32MP235DAK3, STM32MP235DAL3, STM32MP235FAJ3, STM32MP235FAK3, STM32MP235FAL3, STM32MP251AAI3, STM32MP251AAJ3, STM32MP251AAK3, STM32MP251AAL3, STM32MP251CAI3, STM32MP251CAJ3, STM32MP251CAK3, STM32MP251CAL3, STM32MP251DAI3, STM32MP251DAJ3, STM32MP251DAK3, STM32MP251DAL3, STM32MP251FAI3, STM32MP251FAJ3, STM32MP251FAK3, STM32MP251FAL3, STM32MP253AAI3, STM32MP253AAJ3, STM32MP253AAK3, STM32MP253AAL3, STM32MP253CAI3, STM32MP253CAJ3, STM32MP253CAK3, STM32MP253CAL3, STM32MP253DAI3, STM32MP253DAJ3, STM32MP253DAK3, STM32MP253DAL3, STM32MP253FAI3, STM32MP253FAJ3, STM32MP253FAK3, STM32MP253FAL3, STM32MP255AAI3, STM32MP255AAJ3, STM32MP255AAK3, STM32MP255AAL3, STM32MP255CAI3, STM32MP255CAJ3, STM32MP255CAK3, STM32MP255CAL3, STM32MP255DAI3, STM32MP255DAJ3, STM32MP255DAK3, STM32MP255DAL3, STM32MP255FAI3, STM32MP255FAJ3, STM32MP255FAK3, STM32MP255FAL3, STM32MP257AAI3, STM32MP257AAJ3, STM32MP257AAK3, STM32MP257AAL3, STM32MP257CAI3, STM32MP257CAJ3, STM32MP257CAK3, STM32MP257CAL3, STM32MP257DAI3, STM32MP257DAJ3, STM32MP257DAK3, STM32MP257DAL3, STM32MP257F-DK, STM32MP257F-EV1, STM32MP257FAI3, STM32MP257FAJ3, STM32MP257FAK3, STM32MP257FAL3, STM32N645A0H3Q, STM32N645B0H3Q, STM32N645I0H3Q, STM32N645L0H3Q, STM32N645X0H3Q, STM32N645Z0H3Q, STM32N647A0H3Q, STM32N647B0H3Q, STM32N647I0H3Q, STM32N647L0H3Q, STM32N647X0H3Q, STM32N647Z0H3Q, STM32N655A0H3Q, STM32N655B0H3Q, STM32N655I0H3Q, STM32N655L0H3Q, STM32N655X0H3Q, STM32N655Z0H3Q, STM32N6570-DK, STM32N657A0H3Q, STM32N657B0H3Q, STM32N657I0H3Q, STM32N657L0H3Q, STM32N657X0H3Q, STM32N657Z0H3Q, STM32U031C6T6, STM32U031C6U6, STM32U031C8T6, STM32U031C8U6, STM32U031F4P6, STM32U031F6P6, STM32U031F8P6, STM32U031G6Y6TR, STM32U031G8Y6TR, STM32U031K4U6, STM32U031K6U6, STM32U031K8U6, STM32U031R6I6, STM32U031R6T6, STM32U031R8I6, STM32U031R8T6, STM32U073C8T6, STM32U073C8U6, STM32U073CBT6, STM32U073CBU6, STM32U073CCT6, STM32U073CCU6, STM32U073H8Y6TR, STM32U073HBY6TR, STM32U073HCY6TR, STM32U073K8U6, STM32U073KBU6, STM32U073KCU6, STM32U073M8I6, STM32U073M8T6, STM32U073MBI6, STM32U073MBT6, STM32U073MCI6, STM32U073MCT6, STM32U073R8I6, STM32U073R8T6, STM32U073RBI6, STM32U073RBT6, STM32U073RCI6, STM32U073RCT6, STM32U083C-DK, STM32U083CCT6, STM32U083CCU6, STM32U083HCY6TR, STM32U083KCU6, STM32U083MCI6, STM32U083MCT6, STM32U083RCI6, STM32U083RCT6, STM32U375CET6, STM32U375CET6Q, STM32U375CEU6, STM32U375CEU6Q, STM32U375CEY6QTR, STM32U375CGT6, STM32U375CGT6Q, STM32U375CGU6, STM32U375CGU6Q, STM32U375CGY6QTR, STM32U375KEU6, STM32U375KGU6, STM32U375REI6, STM32U375REI6Q, STM32U375RET6, STM32U375RET6Q, STM32U375REY6GTR, STM32U375REY6QTR, STM32U375RGI6, STM32U375RGI6Q, STM32U375RGT6, STM32U375RGT6Q, STM32U375RGY6GTR, STM32U375RGY6QTR, STM32U375VEI6, STM32U375VEI6Q, STM32U375VET6, STM32U375VET6Q, STM32U375VGI6, STM32U375VGI6Q, STM32U375VGT6, STM32U375VGT6Q, STM32U385CGT6, STM32U385CGT6Q, STM32U385CGU6, STM32U385CGU6Q, STM32U385CGY6QTR, STM32U385KGU6, STM32U385RGI6, STM32U385RGI6Q, STM32U385RGT6, STM32U385RGT6Q, STM32U385RGY6GTR, STM32U385RGY6QTR, STM32U385VGI6, STM32U385VGI6Q, STM32U385VGT6, STM32U385VGT6Q, STM32U535CBT6, STM32U535CBT6Q, STM32U535CBU6, STM32U535CBU6Q, STM32U535CCT6, STM32U535CCT6Q, STM32U535CCU6, STM32U535CCU6Q, STM32U535CET6, STM32U535CET6Q, STM32U535CEU6, STM32U535CEU6Q, STM32U535JEY6QTR, STM32U535NCY6QTR, STM32U535NEY6QTR, STM32U535RBI6, STM32U535RBI6Q, STM32U535RBT6, STM32U535RBT6Q, STM32U535RCI6, STM32U535RCI6Q, STM32U535RCT6, STM32U535RCT6Q, STM32U535REI6, STM32U535REI6Q, STM32U535RET6, STM32U535RET6Q, STM32U535VCI6, STM32U535VCI6Q, STM32U535VCT6, STM32U535VCT6Q, STM32U535VEI6, STM32U535VEI6Q, STM32U535VET6, STM32U535VET6Q, STM32U545CET6, STM32U545CET6Q, STM32U545CEU6, STM32U545CEU6Q, STM32U545JEY6QTR, STM32U545NEY6QTR, STM32U545REI6, STM32U545REI6Q, STM32U545RET6, STM32U545RET6Q, STM32U545VEI6, STM32U545VEI6Q, STM32U545VET6, STM32U545VET6Q, STM32U595AIH6, STM32U595AIH6Q, STM32U595AJH6, STM32U595AJH6Q, STM32U595QII6, STM32U595QII6Q, STM32U595QJI6, STM32U595QJI6Q, STM32U595RIT6, STM32U595RIT6Q, STM32U595RJT6, STM32U595RJT6Q, STM32U595VIT6, STM32U595VIT6Q, STM32U595VJT6, STM32U595VJT6Q, STM32U595ZIT6, STM32U595ZIT6Q, STM32U595ZIY6QTR, STM32U595ZJT6, STM32U595ZJT6Q, STM32U595ZJY6QTR, STM32U599BJY6QTR, STM32U599NIH6Q, STM32U599NJH6Q, STM32U599VIT6Q, STM32U599VJT6, STM32U599VJT6Q, STM32U599ZIT6Q, STM32U599ZIY6QTR, STM32U599ZJT6Q, STM32U599ZJY6QTR, STM32U5A5AJH6, STM32U5A5AJH6Q, STM32U5A5QII3Q , STM32U5A5QJI6, STM32U5A5QJI6Q, STM32U5A5RJT6, STM32U5A5RJT6Q, STM32U5A5VJT6, STM32U5A5VJT6Q, STM32U5A5ZJT6, STM32U5A5ZJT6Q, STM32U5A5ZJY6QTR, STM32U5A9BJY6QTR, STM32U5A9J-DK, STM32U5A9NJH6Q, STM32U5A9VJT6Q, STM32U5A9ZJT6Q, STM32U5A9ZJY6QTR, STM32U5F7VIT6, STM32U5F7VIT6Q, STM32U5F7VJT6, STM32U5F7VJT6Q, STM32U5F9BJY6QTR, STM32U5F9NJH6Q, STM32U5F9VIT6Q, STM32U5F9VJT6Q, STM32U5F9ZIJ6QTR, STM32U5F9ZIT6Q, STM32U5F9ZJJ6QTR, STM32U5F9ZJT6Q, STM32U5G7VJT6, STM32U5G7VJT6Q, STM32U5G9BJY6QTR, STM32U5G9J-DK1, STM32U5G9J-DK2, STM32U5G9NJH6Q, STM32U5G9VJT6Q, STM32U5G9ZJJ6QTR, STM32U5G9ZJT6Q, STM32WB05KZV6TR, STM32WB05KZV7TR, STM32WB05TZF6TR, STM32WB05TZF7TR, STM32WB06CCF6TR, STM32WB06CCF7TR, STM32WB06CCV6TR, STM32WB06CCV7TR, STM32WB06KCV6TR, STM32WB06KCV7TR, STM32WB07CCF6TR, STM32WB07CCF7TR, STM32WB07CCV6TR, STM32WB07CCV7TR, STM32WB07KCV6TR, STM32WB07KCV7TR, STM32WB09KEV6TR, STM32WB09KEV7TR, STM32WB09TEF6TR, STM32WB09TEF7TR, STM32WB1MMCH6, STM32WBA50KGU6, STM32WBA50KGU6TR, STM32WBA52CEU6, STM32WBA52CEU6TR, STM32WBA52CEU7, STM32WBA52CEU7TR, STM32WBA52CGU6, STM32WBA52CGU6TR, STM32WBA52CGU6U, STM32WBA52CGU7, STM32WBA52CGU7TR, STM32WBA52KEU6, STM32WBA52KEU6TR, STM32WBA52KGU6, STM32WBA52KGU6TR, STM32WBA54CEU6, STM32WBA54CEU6TR, STM32WBA54CEU7, STM32WBA54CEU7TR, STM32WBA54CGU6, STM32WBA54CGU6TR, STM32WBA54CGU7, STM32WBA54CGU7TR, STM32WBA54KEU6, STM32WBA54KEU6TR, STM32WBA54KEU7, STM32WBA54KEU7TR, STM32WBA54KGU6, STM32WBA54KGU6TR, STM32WBA54KGU7, STM32WBA54KGU7TR, STM32WBA55CEU6, STM32WBA55CEU6TR, STM32WBA55CEU7, STM32WBA55CEU7TR, STM32WBA55CGU6, STM32WBA55CGU6TR, STM32WBA55CGU6U, STM32WBA55CGU7, STM32WBA55CGU7TR, STM32WBA55G-DK1, STM32WBA55HEF6, STM32WBA55HEF7, STM32WBA55HGF6, STM32WBA55HGF7, STM32WBA55UEI6, STM32WBA55UEI6TR, STM32WBA55UEI7, STM32WBA55UEI7TR, STM32WBA55UGI6, STM32WBA55UGI6TR, STM32WBA55UGI7, STM32WBA55UGI7TR, STM32WBA5MJGH6TR, STM32WBA5MJGH6U, STM32WL33C8V6, STM32WL33C8V6TR, STM32WL33C8V7, STM32WL33C8V7TR, STM32WL33CBV6, STM32WL33CBV6TR, STM32WL33CBV7, STM32WL33CBV7TR, STM32WL33CCV6, STM32WL33CCV6TR, STM32WL33CCV7, STM32WL33CCV7A, STM32WL33CCV7ATR, STM32WL33CCV7TR, STM32WL33K8V6, STM32WL33K8V6TR, STM32WL33K8V7, STM32WL33K8V7TR, STM32WL33KBV6, STM32WL33KBV6TR, STM32WL33KBV7, STM32WL33KBV7TR, STM32WL33KCV6, STM32WL33KCV6TR, STM32WL33KCV7, STM32WL33KCV7TR, STM32WL5MOCH6, STM32WL5MOCH6TR]
2026-01-09 19:12:28,005 [INFO] ApiDb:668 - CubeFinder database Data Model version=2.1
2026-01-09 19:12:28,005 [INFO] ApiDb:669 - CubeFinder database Configuration version=3.0.39
2026-01-09 19:12:28,005 [INFO] ApiDb:670 - CubeFinder database generation date=2025-11-05 (1762334721)
2026-01-09 19:12:28,005 [INFO] ApiDb:671 - CubeFinder database FW Pack versions=[FP-ATR-ASTRA1_V2.0.0, FP-SNS-FLIGHT1_V5.1.0, FP-SNS-MOTENV1_V5.1.0, FP-SNS-MOTENVWB1_V1.4.0, FP-SNS-SMARTAG2_V1.2.0, FP-SNS-STBOX1_V2.1.0, STM32Cube_FW_C0_V1.4.0, STM32Cube_FW_F4_V1.28.3, STM32Cube_FW_F7_V1.17.4, STM32Cube_FW_G0_V1.6.2, STM32Cube_FW_G4_V1.6.1, STM32Cube_FW_H5_V1.5.1, STM32Cube_FW_H7RS_V1.3.0, STM32Cube_FW_H7_V1.12.1, STM32Cube_FW_L0_V1.12.2, STM32Cube_FW_L4_V1.18.1, STM32Cube_FW_L5_V1.6.0, STM32Cube_FW_N6_V1.3.0, STM32Cube_FW_U0_V1.3.0, STM32Cube_FW_U3_V1.2.1, STM32Cube_FW_U5_V1.8.0, STM32Cube_FW_WB0_V1.4.0, STM32Cube_FW_WBA_V1.8.0, STM32Cube_FW_WB_V1.24.0, STM32Cube_FW_WL3_V1.3.0, STM32Cube_FW_WL_V1.4.0, X-CUBE-ALGOBUILD_V1.4.0, X-CUBE-ALS_V1.0.2, X-CUBE-AZRTOS-F4_V1.1.0, X-CUBE-AZRTOS-F7_V1.1.0, X-CUBE-AZRTOS-G0_V1.1.0, X-CUBE-AZRTOS-G4_V2.0.0, X-CUBE-AZRTOS-H7RS_V1.1.0, X-CUBE-AZRTOS-H7_V3.4.0, X-CUBE-AZRTOS-L4_V2.0.0, X-CUBE-AZRTOS-L5_V2.0.0, X-CUBE-AZRTOS-WB_V2.0.0, X-CUBE-AZRTOS-WL_V2.0.0, X-CUBE-BLE1_V7.1.0, X-CUBE-BLE2_V3.3.0, X-CUBE-BLEMGR_V4.1.0, X-CUBE-EEPRMA1_V5.2.0, X-CUBE-FREERTOS_V1.3.1, X-CUBE-GNSS1_V6.0.0, X-CUBE-MEMS1_V11.3.0, X-CUBE-NFC4_V3.0.0, X-CUBE-NFC7_V2.0.0, X-CUBE-SFXS2LP1_V4.0.0, X-CUBE-ST67W61_V1.1.0, X-CUBE-SUBG2_V5.0.0, X-CUBE-TOF1_V3.4.3]
2026-01-09 19:12:30,548 [INFO] ApiDb:240 - Found 858 in-development CPN: [B-G473E-ZEST1S, B-WB1M-WPAN1, B-WBA5M-WPAN, B-WL5M-SUBG1, NUCLEO-C031C6, NUCLEO-C051C8, NUCLEO-C071RB, NUCLEO-C092RC, NUCLEO-H503RB, NUCLEO-H533RE, NUCLEO-H563ZI, NUCLEO-H7S3L8, NUCLEO-N657X0-Q, NUCLEO-U031R8, NUCLEO-U083RC, NUCLEO-U385RG-Q, NUCLEO-U545RE-Q, NUCLEO-U5A5ZJ-Q, NUCLEO-WB05KZ, NUCLEO-WB07CC, NUCLEO-WB09KE, NUCLEO-WBA52CG, NUCLEO-WBA55CG, NUCLEO-WL33CC1, NUCLEO-WL33CC2, STEVAL-PROTEUS1, STEVAL-SMARTAG2, STEVAL-STWINBX1, STM320518-EVAL, STM32C0116-DK, STM32C011D6Y3TR, STM32C011D6Y6TR, STM32C011F4P3, STM32C011F4P6, STM32C011F4U3, STM32C011F4U6TR, STM32C011F6P3, STM32C011F6P6, STM32C011F6U3, STM32C011F6U6TR, STM32C011J4M3, STM32C011J4M6, STM32C011J6M3, STM32C011J6M6, STM32C0316-DK, STM32C031C4T3, STM32C031C4T6, STM32C031C4U3, STM32C031C4U6, STM32C031C6T3, STM32C031C6T6, STM32C031C6U3, STM32C031C6U6, STM32C031F4P3, STM32C031F4P6, STM32C031F6P3, STM32C031F6P6, STM32C031G4U3, STM32C031G4U6, STM32C031G6U3, STM32C031G6U6, STM32C031K4T3, STM32C031K4T6, STM32C031K4U3, STM32C031K4U6, STM32C031K6T3, STM32C031K6T6, STM32C031K6U3, STM32C031K6U6, STM32C051C6T6, STM32C051C6U6, STM32C051C8T6, STM32C051C8U6, STM32C051D8Y6TR, STM32C051F6P6, STM32C051F8P6, STM32C051G6U6, STM32C051G8U6, STM32C051K6T6, STM32C051K6U6, STM32C051K8T6, STM32C071C8T6, STM32C071C8T6N, STM32C071C8U6, STM32C071C8U6N, STM32C071CBT6, STM32C071CBT6N, STM32C071CBU6, STM32C071CBU6N, STM32C071F8P6, STM32C071F8P6N, STM32C071FBP6, STM32C071FBP6N, STM32C071FBY6TR, STM32C071G8U6, STM32C071G8U6N, STM32C071GBU6, STM32C071GBU6N, STM32C071K8T6, STM32C071K8T6N, STM32C071K8U6, STM32C071K8U6N, STM32C071KBT6, STM32C071KBT6N, STM32C071KBU6, STM32C071KBU6N, STM32C071R8T6, STM32C071R8T6N, STM32C071RBI6N, STM32C071RBT6, STM32C071RBT6N, STM32C091CBT6, STM32C091CBU6, STM32C091CCT6, STM32C091CCU6, STM32C091ECY6TR, STM32C091FBP6, STM32C091FCP6, STM32C091GBU6, STM32C091GCU6, STM32C091KBT6, STM32C091KBU6, STM32C091KCT6, STM32C091KCU6, STM32C091RBT6, STM32C091RCI6, STM32C091RCT6, STM32C092CBT6, STM32C092CBU6, STM32C092CCT6, STM32C092CCU6, STM32C092ECY6TR, STM32C092FBP6, STM32C092FCP6, STM32C092GBU6, STM32C092GCU6, STM32C092KBT6, STM32C092KBU6, STM32C092KCT6, STM32C092KCU6, STM32C092RBT6, STM32C092RCI6, STM32C092RCT6, STM32G071K8TXN, STM32G071K8UXN, STM32G081GBU6N, STM32G081KBT6N, STM32G081KBUXN, STM32G0B1CCT6N, STM32G0B1KCT6, STM32G0B1NEY6TR, STM32G0B1RCT6N, STM32G0C1CCT6, STM32G0C1CCT6N, STM32G0C1CCU6N, STM32G0C1CET6N, STM32G0C1CEU6N, STM32G0C1KCT6, STM32G0C1NEY6TR, STM32G0C1RCI6N, STM32G0C1RCT6N, STM32G0C1REI6N, STM32G0C1RET6N, STM32G0C1VCI6, STM32G0C1VEI6, STM32G411C6T3, STM32G411C6T6, STM32G411C6U3, STM32G411C6U6, STM32G411C8T3, STM32G411C8T6, STM32G411C8U3, STM32G411C8U6, STM32G411CBT3, STM32G411CBT6, STM32G411CBU3, STM32G411CBU6, STM32G411CCT3, STM32G411CCT6, STM32G411CCU3, STM32G411CCU6, STM32G411K6T3, STM32G411K6T6, STM32G411K6U3, STM32G411K6U6, STM32G411K8T3, STM32G411K8T6, STM32G411K8U3, STM32G411K8U6, STM32G411KBT3, STM32G411KBT6, STM32G411KBU3, STM32G411KBU6, STM32G411M6T3, STM32G411M6T6, STM32G411M8T3, STM32G411M8T6, STM32G411MBT3, STM32G411MBT6, STM32G411MCT3, STM32G411MCT6, STM32G411R6T3, STM32G411R6T6, STM32G411R8T3, STM32G411R8T6, STM32G411RBT3, STM32G411RBT6, STM32G411RCT3, STM32G411RCT6, STM32G414CBT3, STM32G414CBT6, STM32G414CBU3, STM32G414CBU6, STM32G414CCT3, STM32G414CCT6, STM32G414CCU3, STM32G414CCU6, STM32G414MBT3, STM32G414MBT6, STM32G414MCT3, STM32G414MCT6, STM32G414RBT3, STM32G414RBT6, STM32G414RCT3, STM32G414RCT6, STM32G414VBT3, STM32G414VBT6, STM32G414VCT3, STM32G414VCT6, STM32G431CBT3Z, STM32G431RBT3Z, STM32G471CCT6, STM32G471CCU6, STM32G471CET3, STM32G471CET6, STM32G471CEU3, STM32G471CEU6, STM32G471MCT6, STM32G471MET3, STM32G471MET6, STM32G471MEY6TR, STM32G471QCT6, STM32G471QET3, STM32G471RCT6, STM32G471RET3, STM32G471RET6, STM32G471VCH6, STM32G471VCI6, STM32G471VCT6, STM32G471VEH3, STM32G471VEH6, STM32G471VEI3, STM32G471VEI6, STM32G471VET3, STM32G471VET6, STM32G473QET3Z, STM32G473RET3Z, STM32G474CCT6, STM32G491RET3Z, STM32H503CBT6, STM32H503CBU6, STM32H503EBY6TR, STM32H503KBU6, STM32H503RBT6, STM32H523CCT6, STM32H523CCU6, STM32H523CET6, STM32H523CEU6, STM32H523HEY6TR, STM32H523RCT6, STM32H523RET6, STM32H523VCI6, STM32H523VCT6, STM32H523VEI6, STM32H523VET6, STM32H523ZCJ6, STM32H523ZCT6, STM32H523ZEJ6, STM32H523ZET6, STM32H533CET6, STM32H533CEU6, STM32H533HEY6TR, STM32H533RET6, STM32H533VEI6, STM32H533VET6, STM32H533ZEJ6, STM32H533ZET6, STM32H562AGI6, STM32H562AII6, STM32H562IGK6, STM32H562IGT6, STM32H562IIK6, STM32H562IIT6, STM32H562RGT6, STM32H562RGV6, STM32H562RIT6, STM32H562RIV6, STM32H562VGT6, STM32H562VIT6, STM32H562ZGT6, STM32H562ZIT6, STM32H563AGI6, STM32H563AII3Q, STM32H563AII6, STM32H563IGK6, STM32H563IGT6, STM32H563IIK3Q, STM32H563IIK6, STM32H563IIT3Q, STM32H563IIT6, STM32H563MIY3QTR, STM32H563RGT6, STM32H563RGV6, STM32H563RIT6, STM32H563RIV6, STM32H563VGT6, STM32H563VIT3Q, STM32H563VIT6, STM32H563ZGT6, STM32H563ZIT3Q, STM32H563ZIT6, STM32H573AII3Q, STM32H573AII6, STM32H573I-DK, STM32H573IIK3Q, STM32H573IIK6, STM32H573IIT3Q, STM32H573IIT6, STM32H573MIY3QTR, STM32H573RIT6, STM32H573RIV6, STM32H573VIT3Q, STM32H573VIT6, STM32H573ZIT3Q, STM32H573ZIT6, STM32H7R3A8I6, STM32H7R3I8K6, STM32H7R3I8T6, STM32H7R3L8H6, STM32H7R3L8H6H, STM32H7R3R8V6, STM32H7R3V8H6, STM32H7R3V8T6, STM32H7R3V8Y6TR, STM32H7R3Z8J6, STM32H7R3Z8T6, STM32H7R7A8I6, STM32H7R7I8K6, STM32H7R7I8T6, STM32H7R7L8H6, STM32H7R7L8H6H, STM32H7R7Z8J6, STM32H7S3A8I6, STM32H7S3I8K6, STM32H7S3I8T6, STM32H7S3L8H6, STM32H7S3L8H6H, STM32H7S3R8V6, STM32H7S3V8H6, STM32H7S3V8T6, STM32H7S3V8Y6TR, STM32H7S3Z8J6, STM32H7S3Z8T6, STM32H7S78-DK, STM32H7S7A8I6, STM32H7S7I8K6, STM32H7S7I8T6, STM32H7S7L8H6, STM32H7S7L8H6H, STM32H7S7Z8J6, STM32L4R5QGI6STR, STM32MP131AAE3, STM32MP131AAF3, STM32MP131AAG3, STM32MP131CAE3, STM32MP131CAF3, STM32MP131CAG3, STM32MP131DAE7, STM32MP131DAF7, STM32MP131DAG7, STM32MP131FAE7, STM32MP131FAF7, STM32MP131FAG7, STM32MP133AAE3, STM32MP133AAF3, STM32MP133AAG3, STM32MP133CAE3, STM32MP133CAF3, STM32MP133CAG3, STM32MP133DAE7, STM32MP133DAF7, STM32MP133DAG7, STM32MP133FAE7, STM32MP133FAF7, STM32MP133FAG7, STM32MP135AAE3, STM32MP135AAF3, STM32MP135AAG3, STM32MP135CAE3, STM32MP135CAF3, STM32MP135CAG3, STM32MP135DAE7, STM32MP135DAF7, STM32MP135DAG7, STM32MP135F-DK, STM32MP135FAE7, STM32MP135FAF7, STM32MP135FAF7T, STM32MP135FAF7U, STM32MP135FAG7, STM32MP231AAJ3, STM32MP231AAK3, STM32MP231AAL3, STM32MP231CAJ3, STM32MP231CAK3, STM32MP231CAL3, STM32MP231DAJ3, STM32MP231DAK3, STM32MP231DAL3, STM32MP231FAJ3, STM32MP231FAK3, STM32MP231FAL3, STM32MP233AAJ3, STM32MP233AAK3, STM32MP233AAL3, STM32MP233CAJ3, STM32MP233CAK3, STM32MP233CAL3, STM32MP233DAJ3, STM32MP233DAK3, STM32MP233DAL3, STM32MP233FAJ3, STM32MP233FAK3, STM32MP233FAL3, STM32MP235AAJ3, STM32MP235AAK3, STM32MP235AAL3, STM32MP235CAJ3, STM32MP235CAK3, STM32MP235CAL3, STM32MP235DAJ3, STM32MP235DAK3, STM32MP235DAL3, STM32MP235FAJ3, STM32MP235FAK3, STM32MP235FAL3, STM32MP251AAI3, STM32MP251AAJ3, STM32MP251AAK3, STM32MP251AAL3, STM32MP251CAI3, STM32MP251CAJ3, STM32MP251CAK3, STM32MP251CAL3, STM32MP251DAI3, STM32MP251DAJ3, STM32MP251DAK3, STM32MP251DAL3, STM32MP251FAI3, STM32MP251FAJ3, STM32MP251FAK3, STM32MP251FAL3, STM32MP253AAI3, STM32MP253AAJ3, STM32MP253AAK3, STM32MP253AAL3, STM32MP253CAI3, STM32MP253CAJ3, STM32MP253CAK3, STM32MP253CAL3, STM32MP253DAI3, STM32MP253DAJ3, STM32MP253DAK3, STM32MP253DAL3, STM32MP253FAI3, STM32MP253FAJ3, STM32MP253FAK3, STM32MP253FAL3, STM32MP255AAI3, STM32MP255AAJ3, STM32MP255AAK3, STM32MP255AAL3, STM32MP255CAI3, STM32MP255CAJ3, STM32MP255CAK3, STM32MP255CAL3, STM32MP255DAI3, STM32MP255DAJ3, STM32MP255DAK3, STM32MP255DAL3, STM32MP255FAI3, STM32MP255FAJ3, STM32MP255FAK3, STM32MP255FAL3, STM32MP257AAI3, STM32MP257AAJ3, STM32MP257AAK3, STM32MP257AAL3, STM32MP257CAI3, STM32MP257CAJ3, STM32MP257CAK3, STM32MP257CAL3, STM32MP257DAI3, STM32MP257DAJ3, STM32MP257DAK3, STM32MP257DAL3, STM32MP257F-DK, STM32MP257F-EV1, STM32MP257FAI3, STM32MP257FAJ3, STM32MP257FAK3, STM32MP257FAL3, STM32N645A0H3Q, STM32N645B0H3Q, STM32N645I0H3Q, STM32N645L0H3Q, STM32N645X0H3Q, STM32N645Z0H3Q, STM32N647A0H3Q, STM32N647B0H3Q, STM32N647I0H3Q, STM32N647L0H3Q, STM32N647X0H3Q, STM32N647Z0H3Q, STM32N655A0H3Q, STM32N655B0H3Q, STM32N655I0H3Q, STM32N655L0H3Q, STM32N655X0H3Q, STM32N655Z0H3Q, STM32N6570-DK, STM32N657A0H3Q, STM32N657B0H3Q, STM32N657I0H3Q, STM32N657L0H3Q, STM32N657X0H3Q, STM32N657Z0H3Q, STM32U031C6T6, STM32U031C6U6, STM32U031C8T6, STM32U031C8U6, STM32U031F4P6, STM32U031F6P6, STM32U031F8P6, STM32U031G6Y6TR, STM32U031G8Y6TR, STM32U031K4U6, STM32U031K6U6, STM32U031K8U6, STM32U031R6I6, STM32U031R6T6, STM32U031R8I6, STM32U031R8T6, STM32U073C8T6, STM32U073C8U6, STM32U073CBT6, STM32U073CBU6, STM32U073CCT6, STM32U073CCU6, STM32U073H8Y6TR, STM32U073HBY6TR, STM32U073HCY6TR, STM32U073K8U6, STM32U073KBU6, STM32U073KCU6, STM32U073M8I6, STM32U073M8T6, STM32U073MBI6, STM32U073MBT6, STM32U073MCI6, STM32U073MCT6, STM32U073R8I6, STM32U073R8T6, STM32U073RBI6, STM32U073RBT6, STM32U073RCI6, STM32U073RCT6, STM32U083C-DK, STM32U083CCT6, STM32U083CCU6, STM32U083HCY6TR, STM32U083KCU6, STM32U083MCI6, STM32U083MCT6, STM32U083RCI6, STM32U083RCT6, STM32U375CET6, STM32U375CET6Q, STM32U375CEU6, STM32U375CEU6Q, STM32U375CEY6QTR, STM32U375CGT6, STM32U375CGT6Q, STM32U375CGU6, STM32U375CGU6Q, STM32U375CGY6QTR, STM32U375KEU6, STM32U375KGU6, STM32U375REI6, STM32U375REI6Q, STM32U375RET6, STM32U375RET6Q, STM32U375REY6GTR, STM32U375REY6QTR, STM32U375RGI6, STM32U375RGI6Q, STM32U375RGT6, STM32U375RGT6Q, STM32U375RGY6GTR, STM32U375RGY6QTR, STM32U375VEI6, STM32U375VEI6Q, STM32U375VET6, STM32U375VET6Q, STM32U375VGI6, STM32U375VGI6Q, STM32U375VGT6, STM32U375VGT6Q, STM32U385CGT6, STM32U385CGT6Q, STM32U385CGU6, STM32U385CGU6Q, STM32U385CGY6QTR, STM32U385KGU6, STM32U385RGI6, STM32U385RGI6Q, STM32U385RGT6, STM32U385RGT6Q, STM32U385RGY6GTR, STM32U385RGY6QTR, STM32U385VGI6, STM32U385VGI6Q, STM32U385VGT6, STM32U385VGT6Q, STM32U535CBT6, STM32U535CBT6Q, STM32U535CBU6, STM32U535CBU6Q, STM32U535CCT6, STM32U535CCT6Q, STM32U535CCU6, STM32U535CCU6Q, STM32U535CET6, STM32U535CET6Q, STM32U535CEU6, STM32U535CEU6Q, STM32U535JEY6QTR, STM32U535NCY6QTR, STM32U535NEY6QTR, STM32U535RBI6, STM32U535RBI6Q, STM32U535RBT6, STM32U535RBT6Q, STM32U535RCI6, STM32U535RCI6Q, STM32U535RCT6, STM32U535RCT6Q, STM32U535REI6, STM32U535REI6Q, STM32U535RET6, STM32U535RET6Q, STM32U535VCI6, STM32U535VCI6Q, STM32U535VCT6, STM32U535VCT6Q, STM32U535VEI6, STM32U535VEI6Q, STM32U535VET6, STM32U535VET6Q, STM32U545CET6, STM32U545CET6Q, STM32U545CEU6, STM32U545CEU6Q, STM32U545JEY6QTR, STM32U545NEY6QTR, STM32U545REI6, STM32U545REI6Q, STM32U545RET6, STM32U545RET6Q, STM32U545VEI6, STM32U545VEI6Q, STM32U545VET6, STM32U545VET6Q, STM32U595AIH6, STM32U595AIH6Q, STM32U595AJH6, STM32U595AJH6Q, STM32U595QII6, STM32U595QII6Q, STM32U595QJI6, STM32U595QJI6Q, STM32U595RIT6, STM32U595RIT6Q, STM32U595RJT6, STM32U595RJT6Q, STM32U595VIT6, STM32U595VIT6Q, STM32U595VJT6, STM32U595VJT6Q, STM32U595ZIT6, STM32U595ZIT6Q, STM32U595ZIY6QTR, STM32U595ZJT6, STM32U595ZJT6Q, STM32U595ZJY6QTR, STM32U599BJY6QTR, STM32U599NIH6Q, STM32U599NJH6Q, STM32U599VIT6Q, STM32U599VJT6, STM32U599VJT6Q, STM32U599ZIT6Q, STM32U599ZIY6QTR, STM32U599ZJT6Q, STM32U599ZJY6QTR, STM32U5A5AJH6, STM32U5A5AJH6Q, STM32U5A5QII3Q , STM32U5A5QJI6, STM32U5A5QJI6Q, STM32U5A5RJT6, STM32U5A5RJT6Q, STM32U5A5VJT6, STM32U5A5VJT6Q, STM32U5A5ZJT6, STM32U5A5ZJT6Q, STM32U5A5ZJY6QTR, STM32U5A9BJY6QTR, STM32U5A9J-DK, STM32U5A9NJH6Q, STM32U5A9VJT6Q, STM32U5A9ZJT6Q, STM32U5A9ZJY6QTR, STM32U5F7VIT6, STM32U5F7VIT6Q, STM32U5F7VJT6, STM32U5F7VJT6Q, STM32U5F9BJY6QTR, STM32U5F9NJH6Q, STM32U5F9VIT6Q, STM32U5F9VJT6Q, STM32U5F9ZIJ6QTR, STM32U5F9ZIT6Q, STM32U5F9ZJJ6QTR, STM32U5F9ZJT6Q, STM32U5G7VJT6, STM32U5G7VJT6Q, STM32U5G9BJY6QTR, STM32U5G9J-DK1, STM32U5G9J-DK2, STM32U5G9NJH6Q, STM32U5G9VJT6Q, STM32U5G9ZJJ6QTR, STM32U5G9ZJT6Q, STM32WB05KZV6TR, STM32WB05KZV7TR, STM32WB05TZF6TR, STM32WB05TZF7TR, STM32WB06CCF6TR, STM32WB06CCF7TR, STM32WB06CCV6TR, STM32WB06CCV7TR, STM32WB06KCV6TR, STM32WB06KCV7TR, STM32WB07CCF6TR, STM32WB07CCF7TR, STM32WB07CCV6TR, STM32WB07CCV7TR, STM32WB07KCV6TR, STM32WB07KCV7TR, STM32WB09KEV6TR, STM32WB09KEV7TR, STM32WB09TEF6TR, STM32WB09TEF7TR, STM32WB1MMCH6, STM32WBA50KGU6, STM32WBA50KGU6TR, STM32WBA52CEU6, STM32WBA52CEU6TR, STM32WBA52CEU7, STM32WBA52CEU7TR, STM32WBA52CGU6, STM32WBA52CGU6TR, STM32WBA52CGU6U, STM32WBA52CGU7, STM32WBA52CGU7TR, STM32WBA52KEU6, STM32WBA52KEU6TR, STM32WBA52KGU6, STM32WBA52KGU6TR, STM32WBA54CEU6, STM32WBA54CEU6TR, STM32WBA54CEU7, STM32WBA54CEU7TR, STM32WBA54CGU6, STM32WBA54CGU6TR, STM32WBA54CGU7, STM32WBA54CGU7TR, STM32WBA54KEU6, STM32WBA54KEU6TR, STM32WBA54KEU7, STM32WBA54KEU7TR, STM32WBA54KGU6, STM32WBA54KGU6TR, STM32WBA54KGU7, STM32WBA54KGU7TR, STM32WBA55CEU6, STM32WBA55CEU6TR, STM32WBA55CEU7, STM32WBA55CEU7TR, STM32WBA55CGU6, STM32WBA55CGU6TR, STM32WBA55CGU6U, STM32WBA55CGU7, STM32WBA55CGU7TR, STM32WBA55G-DK1, STM32WBA55HEF6, STM32WBA55HEF7, STM32WBA55HGF6, STM32WBA55HGF7, STM32WBA55UEI6, STM32WBA55UEI6TR, STM32WBA55UEI7, STM32WBA55UEI7TR, STM32WBA55UGI6, STM32WBA55UGI6TR, STM32WBA55UGI7, STM32WBA55UGI7TR, STM32WBA5MJGH6TR, STM32WBA5MJGH6U, STM32WL33C8V6, STM32WL33C8V6TR, STM32WL33C8V7, STM32WL33C8V7TR, STM32WL33CBV6, STM32WL33CBV6TR, STM32WL33CBV7, STM32WL33CBV7TR, STM32WL33CCV6, STM32WL33CCV6TR, STM32WL33CCV7, STM32WL33CCV7A, STM32WL33CCV7ATR, STM32WL33CCV7TR, STM32WL33K8V6, STM32WL33K8V6TR, STM32WL33K8V7, STM32WL33K8V7TR, STM32WL33KBV6, STM32WL33KBV6TR, STM32WL33KBV7, STM32WL33KBV7TR, STM32WL33KCV6, STM32WL33KCV6TR, STM32WL33KCV7, STM32WL33KCV7TR, STM32WL5MOCH6, STM32WL5MOCH6TR]
2026-01-09 19:12:30,556 [INFO] DbMcus:218 - Found 4817 MCUs, 4817 are supported
2026-01-09 19:12:30,571 [INFO] ApiDb:423 - Load user favorites file C:\Users\kamil/.stm32cubeide/favorites.mcus.txt: 1 item(s)
2026-01-09 19:12:30,571 [INFO] ApiDb:427 - User favorites MCUs=[STM32H743IIT6]
2026-01-09 19:12:30,571 [INFO] DbMcus:224 - Set 1 / 1 favorites MCUs
2026-01-09 19:12:31,384 [INFO] BoardInfo:889 - No configuration file found for board NUCLEO-WBA65RI
2026-01-09 19:12:31,386 [INFO] DbBoards:161 - Board is not supported: NUCLEO-WBA65RI
2026-01-09 19:12:31,402 [INFO] BoardInfo:889 - No configuration file found for board P-NUCLEO-WB55
2026-01-09 19:12:31,403 [INFO] DbBoards:161 - Kit is not supported: P-NUCLEO-WB55
2026-01-09 19:12:31,412 [INFO] BoardInfo:889 - No configuration file found for board STEVAL-BFA001V1B
2026-01-09 19:12:31,413 [INFO] DbBoards:161 - Kit is not supported: STEVAL-BFA001V1B
2026-01-09 19:12:31,415 [INFO] BoardInfo:889 - No configuration file found for board STEVAL-BFA001V2B
2026-01-09 19:12:31,416 [INFO] DbBoards:161 - Kit is not supported: STEVAL-BFA001V2B
2026-01-09 19:12:31,747 [INFO] BoardInfo:889 - No configuration file found for board STM32WBA65I-DK1
2026-01-09 19:12:31,748 [INFO] DbBoards:161 - Board is not supported: STM32WBA65I-DK1
2026-01-09 19:12:31,749 [INFO] DbBoards:168 - Found 211 boards, 206 are supported
2026-01-09 19:12:31,749 [INFO] DbBoards:169 - Found 211 boards, 42 of them is supported for  Bsp
2026-01-09 19:12:31,763 [INFO] ApiDb:423 - Load user favorites file C:\Users\kamil/.stm32cubeide/favorites.boards.txt: 1 item(s)
2026-01-09 19:12:31,764 [INFO] ApiDb:427 - User favorites Boards=[NUCLEO-F746ZG]
2026-01-09 19:12:31,764 [INFO] DbBoards:198 - Set 1 / 1 favorites Boards
2026-01-09 19:12:31,845 [INFO] UtilMem:75 - End LoadConfig() Used Memory: 267743504 Bytes (653262848)
2026-01-09 19:12:32,037 [WARN] ThirdParty:833 - waiting for thirdparty lock release [change project]
2026-01-09 19:12:32,037 [INFO] ThirdParty:835 - entering critical section [change project]
2026-01-09 19:12:32,038 [INFO] ThirdParty:1030 - CMSIS Pack Vendor :STMicroelectronics X-CUBE-PM33A1 1.0.0
2026-01-09 19:12:32,038 [INFO] ThirdParty:1030 - CMSIS Pack Vendor :STMicroelectronics USBPD 4.1
2026-01-09 19:12:32,038 [INFO] ThirdParty:1030 - CMSIS Pack Vendor :STMicroelectronics USB_HOST 2.0.0
2026-01-09 19:12:32,038 [INFO] ThirdParty:1030 - CMSIS Pack Vendor :STMicroelectronics FP-SNS-MOTENVWB1 1.4.0
2026-01-09 19:12:32,038 [INFO] ThirdParty:1030 - CMSIS Pack Vendor :STMicroelectronics X-CUBE-AZRTOS-F4 1.1.0
2026-01-09 19:12:32,038 [INFO] ThirdParty:1030 - CMSIS Pack Vendor :STMicroelectronics LIBJPEG 8.0.0
2026-01-09 19:12:32,038 [INFO] ThirdParty:1030 - CMSIS Pack Vendor :STMicroelectronics FP-ATR-ASTRA1 2.0.2
2026-01-09 19:12:32,038 [INFO] ThirdParty:1030 - CMSIS Pack Vendor :STMicroelectronics FP-ATR-ASTRA1 2.0.1
2026-01-09 19:12:32,039 [INFO] ThirdParty:1030 - CMSIS Pack Vendor :STMicroelectronics X-CUBE-SMBUS 2.1.0
2026-01-09 19:12:32,039 [INFO] ThirdParty:1030 - CMSIS Pack Vendor :STMicroelectronics X-CUBE-WB05N 1.1.0
2026-01-09 19:12:32,039 [INFO] ThirdParty:1030 - CMSIS Pack Vendor :STMicroelectronics X-CUBE-ISPU 2.1.0
2026-01-09 19:12:32,039 [INFO] ThirdParty:1030 - CMSIS Pack Vendor :STMicroelectronics X-CUBE-FREERTOS 1.2.0
2026-01-09 19:12:32,039 [INFO] ThirdParty:1030 - CMSIS Pack Vendor :STMicroelectronics X-CUBE-ST60 1.0.0
2026-01-09 19:12:32,039 [INFO] ThirdParty:1030 - CMSIS Pack Vendor :STMicroelectronics X-CUBE-NFC12 1.0.0
2026-01-09 19:12:32,039 [INFO] ThirdParty:1030 - CMSIS Pack Vendor :STMicroelectronics X-CUBE-AZRTOS-F7 1.1.0
2026-01-09 19:12:32,039 [INFO] ThirdParty:1030 - CMSIS Pack Vendor :STMicroelectronics X-CUBE-AZRTOS-L5 2.0.0
2026-01-09 19:12:32,039 [INFO] ThirdParty:1030 - CMSIS Pack Vendor :STMicroelectronics USB_DEVICE 2.0.0
2026-01-09 19:12:32,039 [INFO] ThirdParty:1030 - CMSIS Pack Vendor :STMicroelectronics X-CUBE-NFC6 3.1.0
2026-01-09 19:12:32,039 [INFO] ThirdParty:1030 - CMSIS Pack Vendor :ARM CMSIS 5.7.0
2026-01-09 19:12:32,039 [INFO] ThirdParty:1030 - CMSIS Pack Vendor :STMicroelectronics X-CUBE-MEMS1 11.0.0
2026-01-09 19:12:32,039 [INFO] ThirdParty:1030 - CMSIS Pack Vendor :STMicroelectronics FreeRTOS 0.0.1
2026-01-09 19:12:32,039 [INFO] ThirdParty:1030 - CMSIS Pack Vendor :STMicroelectronics X-CUBE-DPower 1.2.0
2026-01-09 19:12:32,039 [INFO] ThirdParty:1030 - CMSIS Pack Vendor :STMicroelectronics FP-SNS-FLIGHT1 5.0.2
2026-01-09 19:12:32,039 [INFO] ThirdParty:1030 - CMSIS Pack Vendor :STMicroelectronics PDM2PCM 3.3.0
2026-01-09 19:12:32,039 [INFO] ThirdParty:1030 - CMSIS Pack Vendor :STMicroelectronics X-CUBE-AZRTOS-H7 3.4.0
2026-01-09 19:12:32,039 [INFO] ThirdParty:1030 - CMSIS Pack Vendor :STMicroelectronics X-CUBE-DISPLAY 3.0.0
2026-01-09 19:12:32,039 [INFO] ThirdParty:1030 - CMSIS Pack Vendor :STMicroelectronics X-CUBE-BLE1 7.0.0
2026-01-09 19:12:32,039 [INFO] ThirdParty:1030 - CMSIS Pack Vendor :STMicroelectronics X-CUBE-NFC10 1.0.0
2026-01-09 19:12:32,040 [INFO] ThirdParty:1030 - CMSIS Pack Vendor :STMicroelectronics X-CUBE-BLEMGR 4.0.0
2026-01-09 19:12:32,040 [INFO] ThirdParty:1030 - CMSIS Pack Vendor :STMicroelectronics X-CUBE-FREERTOS 1.3.1
2026-01-09 19:12:32,040 [INFO] ThirdParty:1030 - CMSIS Pack Vendor :STMicroelectronics HAL Drivers 0.0.0
2026-01-09 19:12:32,040 [INFO] ThirdParty:1030 - CMSIS Pack Vendor :STMicroelectronics X-CUBE-ST60 1.1.0
2026-01-09 19:12:32,040 [INFO] ThirdParty:1030 - CMSIS Pack Vendor :emotas I-CUBE-CANOPEN 1.3.0
2026-01-09 19:12:32,040 [INFO] ThirdParty:1030 - CMSIS Pack Vendor :STMicroelectronics X-CUBE-FREERTOS 1.3.0
2026-01-09 19:12:32,040 [INFO] ThirdParty:1030 - CMSIS Pack Vendor :STMicroelectronics X-CUBE-NFC7 1.0.1
2026-01-09 19:12:32,040 [INFO] ThirdParty:1030 - CMSIS Pack Vendor :STMicroelectronics MBEDTLS 2.14.1
2026-01-09 19:12:32,040 [INFO] ThirdParty:1030 - CMSIS Pack Vendor :STMicroelectronics X-CUBE-GNSS1 7.1.0
2026-01-09 19:12:32,040 [INFO] ThirdParty:1030 - CMSIS Pack Vendor :STMicroelectronics X-CUBE-TOUCHGFX 4.26.0
2026-01-09 19:12:32,040 [INFO] ThirdParty:1030 - CMSIS Pack Vendor :STMicroelectronics X-CUBE-BLEMGR 3.1.0
2026-01-09 19:12:32,040 [INFO] ThirdParty:1030 - CMSIS Pack Vendor :STMicroelectronics X-CUBE-AI 10.0.0
2026-01-09 19:12:32,040 [INFO] ThirdParty:1030 - CMSIS Pack Vendor :STMicroelectronics FP-SNS-STAIOTCFT 1.0.0
2026-01-09 19:12:32,040 [INFO] ThirdParty:1030 - CMSIS Pack Vendor :STMicroelectronics FP-SNS-SMARTAG2 1.2.0
2026-01-09 19:12:32,040 [INFO] ThirdParty:1030 - CMSIS Pack Vendor :STMicroelectronics FP-SNS-FLIGHT1 5.1.0
2026-01-09 19:12:32,040 [INFO] ThirdParty:1030 - CMSIS Pack Vendor :STMicroelectronics X-CUBE-MEMS1 11.1.0
2026-01-09 19:12:32,040 [INFO] ThirdParty:1030 - CMSIS Pack Vendor :STMicroelectronics X-CUBE-AZRTOS-WL 2.0.0
2026-01-09 19:12:32,040 [INFO] ThirdParty:1030 - CMSIS Pack Vendor :STMicroelectronics X-CUBE-DPower 1.3.0
2026-01-09 19:12:32,040 [INFO] ThirdParty:1030 - CMSIS Pack Vendor :STMicroelectronics FP-SNS-MOTENV1 5.0.0
2026-01-09 19:12:32,040 [INFO] ThirdParty:1030 - CMSIS Pack Vendor :STMicroelectronics USB_DEVICE 1.0.0
2026-01-09 19:12:32,040 [INFO] ThirdParty:1030 - CMSIS Pack Vendor :STMicroelectronics X-CUBE-AZRTOS-H7RS 1.2.0
2026-01-09 19:12:32,040 [INFO] ThirdParty:1030 - CMSIS Pack Vendor :wolfSSL I-CUBE-wolfMQTT 1.19.0
2026-01-09 19:12:32,041 [INFO] ThirdParty:1030 - CMSIS Pack Vendor :STMicroelectronics X-CUBE-AZRTOS-L4 2.0.0
2026-01-09 19:12:32,041 [INFO] ThirdParty:1030 - CMSIS Pack Vendor :STMicroelectronics ThreadX 0.0.2
2026-01-09 19:12:32,041 [INFO] ThirdParty:1030 - CMSIS Pack Vendor :WES I-CUBE-Cesium 1.3.0
2026-01-09 19:12:32,041 [INFO] ThirdParty:1030 - CMSIS Pack Vendor :STMicroelectronics lwIP 2.1.2
2026-01-09 19:12:32,041 [INFO] ThirdParty:1030 - CMSIS Pack Vendor :STMicroelectronics X-CUBE-SFXS2LP1 4.0.0
2026-01-09 19:12:32,041 [INFO] ThirdParty:1030 - CMSIS Pack Vendor :STMicroelectronics X-CUBE-BLE2 3.3.0
2026-01-09 19:12:32,041 [INFO] ThirdParty:1030 - CMSIS Pack Vendor :Avnet-IOTCONNECT X-CUBE-iotc-st67-sdk 1.0.0
2026-01-09 19:12:32,041 [INFO] ThirdParty:1030 - CMSIS Pack Vendor :STMicroelectronics PDM2PCM 3.2.0
2026-01-09 19:12:32,041 [INFO] ThirdParty:1030 - CMSIS Pack Vendor :STMicroelectronics X-CUBE-AZRTOS-H7 3.3.0
2026-01-09 19:12:32,041 [INFO] ThirdParty:1030 - CMSIS Pack Vendor :STMicroelectronics X-CUBE-NFC9 1.0.0
2026-01-09 19:12:32,041 [INFO] ThirdParty:1030 - CMSIS Pack Vendor :STMicroelectronics X-CUBE-BLE1 7.1.0
2026-01-09 19:12:32,041 [INFO] ThirdParty:1030 - CMSIS Pack Vendor :STMicroelectronics USB_DEVICE 3.0.0
2026-01-09 19:12:32,041 [INFO] ThirdParty:1030 - CMSIS Pack Vendor :STMicroelectronics X-CUBE-TCPP 4.1.0
2026-01-09 19:12:32,041 [INFO] ThirdParty:1030 - CMSIS Pack Vendor :STMicroelectronics X-CUBE-EEPRMA1 5.2.0
2026-01-09 19:12:32,041 [INFO] ThirdParty:1030 - CMSIS Pack Vendor :STMicroelectronics X-CUBE-BLEMGR 4.1.0
2026-01-09 19:12:32,041 [INFO] ThirdParty:1030 - CMSIS Pack Vendor :STMicroelectronics X-CUBE-IPS 3.0.0
2026-01-09 19:12:32,041 [INFO] ThirdParty:1030 - CMSIS Pack Vendor :STMicroelectronics X-CUBE-AZRTOS-WB 2.0.0
2026-01-09 19:12:32,041 [INFO] ThirdParty:1030 - CMSIS Pack Vendor :STMicroelectronics X-CUBE-GNSS1 7.0.0
2026-01-09 19:12:32,041 [INFO] ThirdParty:1030 - CMSIS Pack Vendor :STMicroelectronics X-CUBE-GNSS1 7.0.1
2026-01-09 19:12:32,042 [INFO] ThirdParty:1030 - CMSIS Pack Vendor :STMicroelectronics X-CUBE-TOUCHGFX 4.25.0
2026-01-09 19:12:32,042 [INFO] ThirdParty:1030 - CMSIS Pack Vendor :STMicroelectronics FP-SNS-STBOX1 2.0.0
2026-01-09 19:12:32,042 [INFO] ThirdParty:1030 - CMSIS Pack Vendor :STMicroelectronics X-CUBE-MEMS1 12.0.0
2026-01-09 19:12:32,042 [INFO] ThirdParty:1030 - CMSIS Pack Vendor :STMicroelectronics X-CUBE-AZRTOS-G0 1.1.0
2026-01-09 19:12:32,042 [INFO] ThirdParty:1030 - CMSIS Pack Vendor :STMicroelectronics X-CUBE-SAFEA1 1.2.2
2026-01-09 19:12:32,042 [INFO] ThirdParty:1030 - CMSIS Pack Vendor :STMicroelectronics X-CUBE-NFC4 3.0.0
2026-01-09 19:12:32,042 [INFO] ThirdParty:1030 - CMSIS Pack Vendor :STMicroelectronics X-CUBE-SUBG2 5.0.0
2026-01-09 19:12:32,042 [INFO] ThirdParty:1030 - CMSIS Pack Vendor :STMicroelectronics X-CUBE-AZRTOS-H7RS 1.1.0
2026-01-09 19:12:32,042 [INFO] ThirdParty:1030 - CMSIS Pack Vendor :STMicroelectronics STM32_WPAN 1.0.0
2026-01-09 19:12:32,043 [INFO] ThirdParty:1030 - CMSIS Pack Vendor :EmbeddedOffice I-CUBE-FS-RTOS 1.0.1
2026-01-09 19:12:32,043 [INFO] ThirdParty:1030 - CMSIS Pack Vendor :STMicroelectronics lwIP 2.0.3
2026-01-09 19:12:32,043 [INFO] ThirdParty:1030 - CMSIS Pack Vendor :Cesanta I-CUBE-Mongoose 7.13.0
2026-01-09 19:12:32,043 [INFO] ThirdParty:1030 - CMSIS Pack Vendor :STMicroelectronics USB_HOST 1.0.0
2026-01-09 19:12:32,043 [INFO] ThirdParty:1030 - CMSIS Pack Vendor :STMicroelectronics X-CUBE-AZRTOS-G4 2.0.0
2026-01-09 19:12:32,043 [INFO] ThirdParty:1030 - CMSIS Pack Vendor :STMicroelectronics X-CUBE-WB05N 2.0.0
2026-01-09 19:12:32,043 [INFO] ThirdParty:1030 - CMSIS Pack Vendor :STMicroelectronics PDM2PCM 3.1.0
2026-01-09 19:12:32,043 [INFO] ThirdParty:1030 - CMSIS Pack Vendor :STMicroelectronics X-CUBE-NFC7 2.0.0
2026-01-09 19:12:32,043 [INFO] ThirdParty:1030 - CMSIS Pack Vendor :STMicroelectronics X-CUBE-TCPP 4.2.0
2026-01-09 19:12:32,043 [INFO] ThirdParty:1030 - CMSIS Pack Vendor :RealThread X-CUBE-RT-Thread_Nano 4.1.1
2026-01-09 19:12:32,043 [INFO] ThirdParty:1030 - CMSIS Pack Vendor :STMicroelectronics FP-ATR-SIGFOX1 3.2.0
2026-01-09 19:12:32,043 [INFO] ThirdParty:1030 - CMSIS Pack Vendor :wolfSSL I-CUBE-wolfSSL 5.7.2
2026-01-09 19:12:32,043 [INFO] ThirdParty:1030 - CMSIS Pack Vendor :quantropi X-CUBE-qispace-sdk-base 1.9.3
2026-01-09 19:12:32,043 [INFO] ThirdParty:1030 - CMSIS Pack Vendor :STMicroelectronics X-CUBE-EEPRMA1 5.1.0
2026-01-09 19:12:32,043 [INFO] ThirdParty:1030 - CMSIS Pack Vendor :STMicroelectronics MBEDTLS 2.16.2
2026-01-09 19:12:32,043 [INFO] ThirdParty:1030 - CMSIS Pack Vendor :STMicroelectronics X-CUBE-IPS 3.1.0
2026-01-09 19:12:32,043 [INFO] ThirdParty:1030 - CMSIS Pack Vendor :STMicroelectronics X-CUBE-ALS 1.0.2
2026-01-09 19:12:32,043 [INFO] ThirdParty:1030 - CMSIS Pack Vendor :ITTIA_DB I-CUBE-ITTIADB 8.9.0
2026-01-09 19:12:32,043 [INFO] ThirdParty:1030 - CMSIS Pack Vendor :STMicroelectronics X-CUBE-TOUCHGFX 4.24.1
2026-01-09 19:12:32,043 [INFO] ThirdParty:1030 - CMSIS Pack Vendor :STMicroelectronics X-CUBE-STSE01 1.0.0
2026-01-09 19:12:32,043 [INFO] ThirdParty:1030 - CMSIS Pack Vendor :wolfSSL I-CUBE-wolfTPM 3.4.0
2026-01-09 19:12:32,044 [INFO] ThirdParty:1030 - CMSIS Pack Vendor :portGmbH I-Cube-SoM-uGOAL 1.1.0
2026-01-09 19:12:32,044 [INFO] ThirdParty:1030 - CMSIS Pack Vendor :STMicroelectronics X-CUBE-ST67W61 1.0.0
2026-01-09 19:12:32,044 [INFO] ThirdParty:1030 - CMSIS Pack Vendor :STMicroelectronics X-CUBE-AI 10.2.0
2026-01-09 19:12:32,044 [INFO] ThirdParty:1030 - CMSIS Pack Vendor :STMicroelectronics ThreadX 1.0.0
2026-01-09 19:12:32,044 [INFO] ThirdParty:1030 - CMSIS Pack Vendor :SEGGER I-CUBE-embOS 1.3.1
2026-01-09 19:12:32,044 [INFO] ThirdParty:1030 - CMSIS Pack Vendor :STMicroelectronics X-CUBE-ALGOBUILD 1.4.0
2026-01-09 19:12:32,044 [INFO] ThirdParty:1030 - CMSIS Pack Vendor :STMicroelectronics X-CUBE-MEMS1 11.3.0
2026-01-09 19:12:32,044 [INFO] ThirdParty:1030 - CMSIS Pack Vendor :STMicroelectronics X-CUBE-AZRTOS-H7RS 1.0.0
2026-01-09 19:12:32,044 [INFO] ThirdParty:1030 - CMSIS Pack Vendor :STMicroelectronics FP-ATR-ASTRA1 2.0.0
2026-01-09 19:12:32,044 [INFO] ThirdParty:1030 - CMSIS Pack Vendor :STMicroelectronics X-CUBE-TOF1 3.4.2
2026-01-09 19:12:32,044 [INFO] ThirdParty:1030 - CMSIS Pack Vendor :STMicroelectronics X-CUBE-TOF1 3.4.3
2026-01-09 19:12:32,044 [INFO] ThirdParty:1030 - CMSIS Pack Vendor :STMicroelectronics X-CUBE-AI 9.1.0
2026-01-09 19:12:32,044 [INFO] ThirdParty:1030 - CMSIS Pack Vendor :Infineon AIROC-Wi-Fi-Bluetooth-STM32 1.6.1
2026-01-09 19:12:32,044 [INFO] ThirdParty:1030 - CMSIS Pack Vendor :wolfSSL I-CUBE-wolfSSH 1.4.17
2026-01-09 19:12:32,044 [INFO] ThirdParty:841 - exiting critical section [change project]
2026-01-09 19:12:32,868 [INFO] PinOutPanel:1589 - setPackage(No Configuration,No Configuration)
2026-01-09 19:12:32,874 [INFO] PinOutPanel:1589 - setPackage(STM32H743IITx,LQFP176)
2026-01-09 19:12:33,738 [INFO] UtilMem:75 - Before build in PCC Used Memory: 413642032 Bytes (653262848)
2026-01-09 19:12:34,834 [INFO] UtilMem:75 - After build in PCC Used Memory: 499625264 Bytes (653262848)
2026-01-09 19:12:34,914 [INFO] IPUIPlugin:80 - create IPUIPlugin
2026-01-09 19:12:34,914 [INFO] IPUIPlugin:80 - create IPUIPlugin
2026-01-09 19:12:34,914 [INFO] IPUIPlugin:80 - create IPUIPlugin
2026-01-09 19:12:34,914 [INFO] IPUIPlugin:80 - create IPUIPlugin
2026-01-09 19:12:34,914 [INFO] IPUIPlugin:80 - create IPUIPlugin
2026-01-09 19:12:34,914 [INFO] IPUIPlugin:80 - create IPUIPlugin
2026-01-09 19:12:34,914 [INFO] IPUIPlugin:80 - create IPUIPlugin
2026-01-09 19:12:34,914 [INFO] IPUIPlugin:80 - create IPUIPlugin
2026-01-09 19:12:34,915 [INFO] IPUIPlugin:80 - create IPUIPlugin
2026-01-09 19:12:34,915 [INFO] IPUIPlugin:80 - create IPUIPlugin
2026-01-09 19:12:34,915 [INFO] IPUIPlugin:80 - create IPUIPlugin
2026-01-09 19:12:34,915 [INFO] IPUIPlugin:80 - create IPUIPlugin
2026-01-09 19:12:34,915 [INFO] IPUIPlugin:80 - create IPUIPlugin
2026-01-09 19:12:34,915 [INFO] IPUIPlugin:80 - create IPUIPlugin
2026-01-09 19:12:34,915 [INFO] IPUIPlugin:80 - create IPUIPlugin
2026-01-09 19:12:34,915 [INFO] IPUIPlugin:80 - create IPUIPlugin
2026-01-09 19:12:34,915 [INFO] IPUIPlugin:80 - create IPUIPlugin
2026-01-09 19:12:34,915 [INFO] IPUIPlugin:80 - create IPUIPlugin
2026-01-09 19:12:34,915 [INFO] IPUIPlugin:80 - create IPUIPlugin
2026-01-09 19:12:34,915 [INFO] IPUIPlugin:80 - create IPUIPlugin
2026-01-09 19:12:34,916 [INFO] IPUIPlugin:80 - create IPUIPlugin
2026-01-09 19:12:34,916 [INFO] IPUIPlugin:80 - create IPUIPlugin
2026-01-09 19:12:34,916 [INFO] IPUIPlugin:80 - create IPUIPlugin
2026-01-09 19:12:34,916 [INFO] IPUIPlugin:80 - create IPUIPlugin
2026-01-09 19:12:34,916 [INFO] IPUIPlugin:80 - create IPUIPlugin
2026-01-09 19:12:34,916 [INFO] IPUIPlugin:80 - create IPUIPlugin
2026-01-09 19:12:34,916 [INFO] IPUIPlugin:80 - create IPUIPlugin
2026-01-09 19:12:34,916 [INFO] IPUIPlugin:80 - create IPUIPlugin
2026-01-09 19:12:34,917 [INFO] IPUIPlugin:80 - create IPUIPlugin
2026-01-09 19:12:34,917 [INFO] IPUIPlugin:80 - create IPUIPlugin
2026-01-09 19:12:34,917 [INFO] IPUIPlugin:80 - create IPUIPlugin
2026-01-09 19:12:34,917 [INFO] IPUIPlugin:80 - create IPUIPlugin
2026-01-09 19:12:34,917 [INFO] IPUIPlugin:80 - create IPUIPlugin
2026-01-09 19:12:34,917 [INFO] IPUIPlugin:80 - create IPUIPlugin
2026-01-09 19:12:34,918 [INFO] IPUIPlugin:80 - create IPUIPlugin
2026-01-09 19:12:34,918 [INFO] IPUIPlugin:80 - create IPUIPlugin
2026-01-09 19:12:34,918 [INFO] IPUIPlugin:80 - create IPUIPlugin
2026-01-09 19:12:34,918 [INFO] IPUIPlugin:80 - create IPUIPlugin
2026-01-09 19:12:34,918 [INFO] IPUIPlugin:80 - create IPUIPlugin
2026-01-09 19:12:34,919 [INFO] IPUIPlugin:80 - create IPUIPlugin
2026-01-09 19:12:34,919 [INFO] IPUIPlugin:80 - create IPUIPlugin
2026-01-09 19:12:34,919 [INFO] IPUIPlugin:80 - create IPUIPlugin
2026-01-09 19:12:34,919 [INFO] IPUIPlugin:80 - create IPUIPlugin
2026-01-09 19:12:34,919 [INFO] IPUIPlugin:80 - create IPUIPlugin
2026-01-09 19:12:34,920 [INFO] IPUIPlugin:80 - create IPUIPlugin
2026-01-09 19:12:34,920 [INFO] IPUIPlugin:80 - create IPUIPlugin
2026-01-09 19:12:34,920 [INFO] IPUIPlugin:80 - create IPUIPlugin
2026-01-09 19:12:34,920 [INFO] IPUIPlugin:80 - create IPUIPlugin
2026-01-09 19:12:34,920 [INFO] IPUIPlugin:80 - create IPUIPlugin
2026-01-09 19:12:34,920 [INFO] IPUIPlugin:80 - create IPUIPlugin
2026-01-09 19:12:34,921 [INFO] IPUIPlugin:80 - create IPUIPlugin
2026-01-09 19:12:34,921 [INFO] IPUIPlugin:80 - create IPUIPlugin
2026-01-09 19:12:34,921 [INFO] IPUIPlugin:80 - create IPUIPlugin
2026-01-09 19:12:34,921 [INFO] IPUIPlugin:80 - create IPUIPlugin
2026-01-09 19:12:34,922 [INFO] IPUIPlugin:80 - create IPUIPlugin
2026-01-09 19:12:34,922 [INFO] IPUIPlugin:80 - create IPUIPlugin
2026-01-09 19:12:34,922 [INFO] IPUIPlugin:80 - create IPUIPlugin
2026-01-09 19:12:34,922 [INFO] IPUIPlugin:80 - create IPUIPlugin
2026-01-09 19:12:34,923 [INFO] IPUIPlugin:80 - create IPUIPlugin
2026-01-09 19:12:34,923 [INFO] IPUIPlugin:80 - create IPUIPlugin
2026-01-09 19:12:34,923 [INFO] IPUIPlugin:80 - create IPUIPlugin
2026-01-09 19:12:34,923 [INFO] IPUIPlugin:80 - create IPUIPlugin
2026-01-09 19:12:34,924 [INFO] IPUIPlugin:80 - create IPUIPlugin
2026-01-09 19:12:34,925 [INFO] IPUIPlugin:80 - create IPUIPlugin
2026-01-09 19:12:34,925 [INFO] IPUIPlugin:80 - create IPUIPlugin
2026-01-09 19:12:34,926 [INFO] IPUIPlugin:80 - create IPUIPlugin
2026-01-09 19:12:34,926 [INFO] IPUIPlugin:80 - create IPUIPlugin
2026-01-09 19:12:34,927 [INFO] IPUIPlugin:80 - create IPUIPlugin
2026-01-09 19:12:34,927 [INFO] IPUIPlugin:80 - create IPUIPlugin
2026-01-09 19:12:34,928 [INFO] IPUIPlugin:80 - create IPUIPlugin
2026-01-09 19:12:34,928 [INFO] IPUIPlugin:80 - create IPUIPlugin
2026-01-09 19:12:34,929 [INFO] IPUIPlugin:80 - create IPUIPlugin
2026-01-09 19:12:34,929 [INFO] IPUIPlugin:80 - create IPUIPlugin
2026-01-09 19:12:34,930 [INFO] IPUIPlugin:80 - create IPUIPlugin
2026-01-09 19:12:34,930 [INFO] IPUIPlugin:80 - create IPUIPlugin
2026-01-09 19:12:34,931 [INFO] IPUIPlugin:80 - create IPUIPlugin
2026-01-09 19:12:34,932 [INFO] IPUIPlugin:80 - create IPUIPlugin
2026-01-09 19:12:34,932 [INFO] IPUIPlugin:80 - create IPUIPlugin
2026-01-09 19:12:34,933 [INFO] IPUIPlugin:80 - create IPUIPlugin
2026-01-09 19:12:34,933 [INFO] IPUIPlugin:80 - create IPUIPlugin
2026-01-09 19:12:34,934 [INFO] IPUIPlugin:80 - create IPUIPlugin
2026-01-09 19:12:34,934 [INFO] IPUIPlugin:80 - create IPUIPlugin
2026-01-09 19:12:34,935 [INFO] IPUIPlugin:80 - create IPUIPlugin
2026-01-09 19:12:34,935 [INFO] IPUIPlugin:80 - create IPUIPlugin
2026-01-09 19:12:34,936 [INFO] IPUIPlugin:80 - create IPUIPlugin
2026-01-09 19:12:34,937 [INFO] IPUIPlugin:80 - create IPUIPlugin
2026-01-09 19:12:34,938 [INFO] IPUIPlugin:80 - create IPUIPlugin
2026-01-09 19:12:34,938 [INFO] IPUIPlugin:80 - create IPUIPlugin
2026-01-09 19:12:34,939 [INFO] IPUIPlugin:80 - create IPUIPlugin
2026-01-09 19:12:34,940 [INFO] IPUIPlugin:80 - create IPUIPlugin
2026-01-09 19:12:34,940 [INFO] IPUIPlugin:80 - create IPUIPlugin
2026-01-09 19:12:34,940 [INFO] IPUIPlugin:80 - create IPUIPlugin
2026-01-09 19:12:34,941 [INFO] IPUIPlugin:80 - create IPUIPlugin
2026-01-09 19:12:34,942 [INFO] IPUIPlugin:80 - create IPUIPlugin
2026-01-09 19:12:34,943 [INFO] IPUIPlugin:80 - create IPUIPlugin
2026-01-09 19:12:34,944 [INFO] IPUIPlugin:80 - create IPUIPlugin
2026-01-09 19:12:34,945 [INFO] IPUIPlugin:80 - create IPUIPlugin
2026-01-09 19:12:34,945 [INFO] IPUIPlugin:80 - create IPUIPlugin
2026-01-09 19:12:35,100 [INFO] ApiDbMcu:508 - Load IP Config File for PDM2PCM
2026-01-09 19:12:35,105 [WARN] IP:2251 - ClockDivider not found: check if there is a RefParameter without a condition.
2026-01-09 19:12:35,105 [WARN] IP:2251 - ClockDividerCCU not found: check if there is a RefParameter without a condition.
2026-01-09 19:12:35,105 [WARN] IP:2251 - MinOscClkPeriodsCCU not found: check if there is a RefParameter without a condition.
2026-01-09 19:12:35,105 [WARN] IP:2251 - TimeQuantaPerBitTimeCCU not found: check if there is a RefParameter without a condition.
2026-01-09 19:12:35,105 [WARN] IP:2251 - WatchdogStartValueCCU not found: check if there is a RefParameter without a condition.
2026-01-09 19:12:35,120 [INFO] LogOutputStream:77 - [STDOUT_REDIRECT] Nominal 
2026-01-09 19:12:35,120 [INFO] Can:71 - Can Add PropertyChangeListener com.st.microxplorer.plugins.ip.can.Can@1d4a4f6a
2026-01-09 19:12:35,460 [INFO] CADModel:165 - CPN selected for project levelSTM32H743IIT6
2026-01-09 19:12:35,460 [INFO] CADModel:114 - Register for checkConnection events
2026-01-09 19:12:35,543 [INFO] OpenFileManager:363 - Restore cursor
2026-01-09 19:12:35,718 [WARN] IP:2251 - LayerIdx_L1 not found: check if there is a RefParameter without a condition.
2026-01-09 19:12:35,869 [WARN] IP:2251 - ClockDivider not found: check if there is a RefParameter without a condition.
2026-01-09 19:12:35,869 [WARN] IP:2251 - ClockDividerCCU not found: check if there is a RefParameter without a condition.
2026-01-09 19:12:35,869 [WARN] IP:2251 - MinOscClkPeriodsCCU not found: check if there is a RefParameter without a condition.
2026-01-09 19:12:35,869 [WARN] IP:2251 - TimeQuantaPerBitTimeCCU not found: check if there is a RefParameter without a condition.
2026-01-09 19:12:35,869 [WARN] IP:2251 - WatchdogStartValueCCU not found: check if there is a RefParameter without a condition.
2026-01-09 19:12:46,018 [INFO] UtilMem:75 - End SaveConfig() Used Memory: 431345160 Bytes (653262848)
2026-01-09 19:12:46,141 [ERROR] ConfigurationRetriever:142 - IOException on connection: sw-center.st.com
2026-01-09 19:12:46,142 [ERROR] ConfigurationRetriever:142 - IOException on connection: sw-center.st.com
2026-01-09 19:12:46,143 [ERROR] ConfigurationRetriever:142 - IOException on connection: sw-center.st.com
2026-01-09 19:12:46,640 [INFO] BlockDiagram:2766 - set Specific Code input for plugin: LTDC
2026-01-09 19:12:46,640 [INFO] BlockDiagram:2766 - set Specific Code input for plugin: RCC
2026-01-09 19:12:46,640 [INFO] BlockDiagram:2766 - set Specific Code input for plugin: I2C
2026-01-09 19:12:46,640 [INFO] BlockDiagram:2766 - set Specific Code input for plugin: I2C
2026-01-09 19:12:46,640 [INFO] BlockDiagram:2766 - set Specific Code input for plugin: FMC
2026-01-09 19:12:46,640 [INFO] BlockDiagram:2766 - set Specific Code input for plugin: FDCAN
2026-01-09 19:12:46,640 [INFO] BlockDiagram:2766 - set Specific Code input for plugin: QUADSPI
2026-01-09 19:12:46,640 [INFO] BlockDiagram:2766 - set Specific Code input for plugin: MEMORYMAP
2026-01-09 19:12:46,640 [INFO] BlockDiagram:2766 - set Specific Code input for plugin: SYS
2026-01-09 19:12:46,640 [INFO] BlockDiagram:2766 - set Specific Code input for plugin: CRC
2026-01-09 19:12:46,640 [INFO] BlockDiagram:2766 - set Specific Code input for plugin: NVIC
2026-01-09 19:12:46,640 [INFO] BlockDiagram:2766 - set Specific Code input for plugin: DMA2D
2026-01-09 19:12:46,642 [INFO] BlockDiagram:2766 - set Specific Code input for plugin: CORTEX_M7
2026-01-09 19:12:46,642 [INFO] BlockDiagram:2766 - set Specific Code input for plugin: DEBUG
2026-01-09 19:12:46,642 [INFO] BlockDiagram:2766 - set Specific Code input for plugin: GPIO
2026-01-09 19:12:46,644 [INFO] CodeGenerator:896 - code generatio: config db path: C:\ST\STM32CubeIDE_1.17.0\STM32CubeIDE\plugins\com.st.stm32cube.common.mx_6.13.0.202411220809\\db\
2026-01-09 19:12:46,661 [WARN] IP:2251 - ClockDivider not found: check if there is a RefParameter without a condition.
2026-01-09 19:12:46,662 [WARN] IP:2251 - ClockDividerCCU not found: check if there is a RefParameter without a condition.
2026-01-09 19:12:46,662 [WARN] IP:2251 - MinOscClkPeriodsCCU not found: check if there is a RefParameter without a condition.
2026-01-09 19:12:46,662 [WARN] IP:2251 - TimeQuantaPerBitTimeCCU not found: check if there is a RefParameter without a condition.
2026-01-09 19:12:46,662 [WARN] IP:2251 - WatchdogStartValueCCU not found: check if there is a RefParameter without a condition.
2026-01-09 19:12:46,681 [WARN] IP:2251 - LayerIdx_L1 not found: check if there is a RefParameter without a condition.
2026-01-09 19:12:47,040 [INFO] CodeEngine:255 - oldGeneratedFile, C:\Users\kamil\STM32CubeIDE\workspace_1.17.0\STM32H743IIT6-projects\Rower elektryczny\MXTmpFiles\license.tmp_save
2026-01-09 19:12:47,547 [INFO] CodeEngine:279 - Generated code: C:\Users\kamil\STM32CubeIDE\workspace_1.17.0\STM32H743IIT6-projects\Rower elektryczny\MXTmpFiles\license.tmp
2026-01-09 19:12:47,883 [INFO] CodeEngine:255 - oldGeneratedFile, C:\Users\kamil\STM32CubeIDE\workspace_1.17.0\STM32H743IIT6-projects\Rower elektryczny\Core\Src\gpio.c_save
2026-01-09 19:12:48,091 [INFO] CodeEngine:279 - Generated code: C:\Users\kamil\STM32CubeIDE\workspace_1.17.0\STM32H743IIT6-projects\Rower elektryczny\Core\Src\gpio.c
2026-01-09 19:12:48,123 [INFO] CodeEngine:255 - oldGeneratedFile, C:\Users\kamil\STM32CubeIDE\workspace_1.17.0\STM32H743IIT6-projects\Rower elektryczny\Core\Inc\gpio.h_save
2026-01-09 19:12:48,259 [INFO] CodeEngine:279 - Generated code: C:\Users\kamil\STM32CubeIDE\workspace_1.17.0\STM32H743IIT6-projects\Rower elektryczny\Core\Inc\gpio.h
2026-01-09 19:12:48,761 [WARN] IPConfigManager:98 - WARNING: Missing Config File for DEBUG ip!!
2026-01-09 19:12:50,431 [WARN] IPConfigManager:98 - WARNING: Missing Config File for MEMORYMAP ip!!
2026-01-09 19:12:51,169 [INFO] CodeEngine:255 - oldGeneratedFile, C:\Users\kamil\STM32CubeIDE\workspace_1.17.0\STM32H743IIT6-projects\Rower elektryczny\MXTmpFiles\cortex.tmp_save
2026-01-09 19:12:51,289 [INFO] CodeEngine:279 - Generated code: C:\Users\kamil\STM32CubeIDE\workspace_1.17.0\STM32H743IIT6-projects\Rower elektryczny\MXTmpFiles\cortex.tmp
2026-01-09 19:12:51,325 [INFO] CodeEngine:255 - oldGeneratedFile, C:\Users\kamil\STM32CubeIDE\workspace_1.17.0\STM32H743IIT6-projects\Rower elektryczny\Core\Src\crc.c_save
2026-01-09 19:12:51,495 [INFO] CodeEngine:279 - Generated code: C:\Users\kamil\STM32CubeIDE\workspace_1.17.0\STM32H743IIT6-projects\Rower elektryczny\Core\Src\crc.c
2026-01-09 19:12:51,539 [INFO] CodeEngine:255 - oldGeneratedFile, C:\Users\kamil\STM32CubeIDE\workspace_1.17.0\STM32H743IIT6-projects\Rower elektryczny\Core\Inc\crc.h_save
2026-01-09 19:12:51,665 [INFO] CodeEngine:279 - Generated code: C:\Users\kamil\STM32CubeIDE\workspace_1.17.0\STM32H743IIT6-projects\Rower elektryczny\Core\Inc\crc.h
2026-01-09 19:12:51,691 [INFO] CodeEngine:255 - oldGeneratedFile, C:\Users\kamil\STM32CubeIDE\workspace_1.17.0\STM32H743IIT6-projects\Rower elektryczny\Core\Src\dma2d.c_save
2026-01-09 19:12:51,828 [INFO] CodeEngine:279 - Generated code: C:\Users\kamil\STM32CubeIDE\workspace_1.17.0\STM32H743IIT6-projects\Rower elektryczny\Core\Src\dma2d.c
2026-01-09 19:12:51,834 [INFO] CodeEngine:255 - oldGeneratedFile, C:\Users\kamil\STM32CubeIDE\workspace_1.17.0\STM32H743IIT6-projects\Rower elektryczny\Core\Inc\dma2d.h_save
2026-01-09 19:12:51,961 [INFO] CodeEngine:279 - Generated code: C:\Users\kamil\STM32CubeIDE\workspace_1.17.0\STM32H743IIT6-projects\Rower elektryczny\Core\Inc\dma2d.h
2026-01-09 19:12:51,991 [INFO] CodeEngine:255 - oldGeneratedFile, C:\Users\kamil\STM32CubeIDE\workspace_1.17.0\STM32H743IIT6-projects\Rower elektryczny\Core\Src\fdcan.c_save
2026-01-09 19:12:52,133 [INFO] CodeEngine:279 - Generated code: C:\Users\kamil\STM32CubeIDE\workspace_1.17.0\STM32H743IIT6-projects\Rower elektryczny\Core\Src\fdcan.c
2026-01-09 19:12:52,141 [INFO] CodeEngine:255 - oldGeneratedFile, C:\Users\kamil\STM32CubeIDE\workspace_1.17.0\STM32H743IIT6-projects\Rower elektryczny\Core\Inc\fdcan.h_save
2026-01-09 19:12:52,259 [INFO] CodeEngine:279 - Generated code: C:\Users\kamil\STM32CubeIDE\workspace_1.17.0\STM32H743IIT6-projects\Rower elektryczny\Core\Inc\fdcan.h
2026-01-09 19:12:52,309 [INFO] CodeEngine:255 - oldGeneratedFile, C:\Users\kamil\STM32CubeIDE\workspace_1.17.0\STM32H743IIT6-projects\Rower elektryczny\Core\Src\fmc.c_save
2026-01-09 19:12:52,453 [INFO] CodeEngine:279 - Generated code: C:\Users\kamil\STM32CubeIDE\workspace_1.17.0\STM32H743IIT6-projects\Rower elektryczny\Core\Src\fmc.c
2026-01-09 19:12:52,505 [INFO] CodeEngine:255 - oldGeneratedFile, C:\Users\kamil\STM32CubeIDE\workspace_1.17.0\STM32H743IIT6-projects\Rower elektryczny\Core\Inc\fmc.h_save
2026-01-09 19:12:52,639 [INFO] CodeEngine:279 - Generated code: C:\Users\kamil\STM32CubeIDE\workspace_1.17.0\STM32H743IIT6-projects\Rower elektryczny\Core\Inc\fmc.h
2026-01-09 19:12:52,668 [INFO] CodeEngine:255 - oldGeneratedFile, C:\Users\kamil\STM32CubeIDE\workspace_1.17.0\STM32H743IIT6-projects\Rower elektryczny\Core\Src\i2c.c_save
2026-01-09 19:12:52,810 [INFO] CodeEngine:279 - Generated code: C:\Users\kamil\STM32CubeIDE\workspace_1.17.0\STM32H743IIT6-projects\Rower elektryczny\Core\Src\i2c.c
2026-01-09 19:12:52,818 [INFO] CodeEngine:255 - oldGeneratedFile, C:\Users\kamil\STM32CubeIDE\workspace_1.17.0\STM32H743IIT6-projects\Rower elektryczny\Core\Inc\i2c.h_save
2026-01-09 19:12:52,930 [INFO] CodeEngine:279 - Generated code: C:\Users\kamil\STM32CubeIDE\workspace_1.17.0\STM32H743IIT6-projects\Rower elektryczny\Core\Inc\i2c.h
2026-01-09 19:12:52,959 [INFO] CodeEngine:255 - oldGeneratedFile, C:\Users\kamil\STM32CubeIDE\workspace_1.17.0\STM32H743IIT6-projects\Rower elektryczny\Core\Src\ltdc.c_save
2026-01-09 19:12:53,095 [INFO] CodeEngine:279 - Generated code: C:\Users\kamil\STM32CubeIDE\workspace_1.17.0\STM32H743IIT6-projects\Rower elektryczny\Core\Src\ltdc.c
2026-01-09 19:12:53,105 [INFO] CodeEngine:255 - oldGeneratedFile, C:\Users\kamil\STM32CubeIDE\workspace_1.17.0\STM32H743IIT6-projects\Rower elektryczny\Core\Inc\ltdc.h_save
2026-01-09 19:12:53,261 [INFO] CodeEngine:279 - Generated code: C:\Users\kamil\STM32CubeIDE\workspace_1.17.0\STM32H743IIT6-projects\Rower elektryczny\Core\Inc\ltdc.h
2026-01-09 19:12:53,293 [INFO] CodeEngine:255 - oldGeneratedFile, C:\Users\kamil\STM32CubeIDE\workspace_1.17.0\STM32H743IIT6-projects\Rower elektryczny\Core\Src\memorymap.c_save
2026-01-09 19:12:53,444 [INFO] CodeEngine:279 - Generated code: C:\Users\kamil\STM32CubeIDE\workspace_1.17.0\STM32H743IIT6-projects\Rower elektryczny\Core\Src\memorymap.c
2026-01-09 19:12:53,455 [INFO] CodeEngine:255 - oldGeneratedFile, C:\Users\kamil\STM32CubeIDE\workspace_1.17.0\STM32H743IIT6-projects\Rower elektryczny\Core\Inc\memorymap.h_save
2026-01-09 19:12:53,617 [INFO] CodeEngine:279 - Generated code: C:\Users\kamil\STM32CubeIDE\workspace_1.17.0\STM32H743IIT6-projects\Rower elektryczny\Core\Inc\memorymap.h
2026-01-09 19:12:53,654 [INFO] CodeEngine:255 - oldGeneratedFile, C:\Users\kamil\STM32CubeIDE\workspace_1.17.0\STM32H743IIT6-projects\Rower elektryczny\Core\Src\quadspi.c_save
2026-01-09 19:12:53,838 [INFO] CodeEngine:279 - Generated code: C:\Users\kamil\STM32CubeIDE\workspace_1.17.0\STM32H743IIT6-projects\Rower elektryczny\Core\Src\quadspi.c
2026-01-09 19:12:53,849 [INFO] CodeEngine:255 - oldGeneratedFile, C:\Users\kamil\STM32CubeIDE\workspace_1.17.0\STM32H743IIT6-projects\Rower elektryczny\Core\Inc\quadspi.h_save
2026-01-09 19:12:54,005 [INFO] CodeEngine:279 - Generated code: C:\Users\kamil\STM32CubeIDE\workspace_1.17.0\STM32H743IIT6-projects\Rower elektryczny\Core\Inc\quadspi.h
2026-01-09 19:12:54,070 [INFO] CodeEngine:255 - oldGeneratedFile, C:\Users\kamil\STM32CubeIDE\workspace_1.17.0\STM32H743IIT6-projects\Rower elektryczny\Core\Src\stm32h7xx_it.c_save
2026-01-09 19:12:54,251 [INFO] CodeEngine:279 - Generated code: C:\Users\kamil\STM32CubeIDE\workspace_1.17.0\STM32H743IIT6-projects\Rower elektryczny\Core\Src\stm32h7xx_it.c
2026-01-09 19:12:54,285 [INFO] CodeEngine:255 - oldGeneratedFile, C:\Users\kamil\STM32CubeIDE\workspace_1.17.0\STM32H743IIT6-projects\Rower elektryczny\Core\Inc\stm32h7xx_it.h_save
2026-01-09 19:12:54,434 [INFO] CodeEngine:279 - Generated code: C:\Users\kamil\STM32CubeIDE\workspace_1.17.0\STM32H743IIT6-projects\Rower elektryczny\Core\Inc\stm32h7xx_it.h
2026-01-09 19:12:54,912 [INFO] CodeEngine:255 - oldGeneratedFile, C:\Users\kamil\STM32CubeIDE\workspace_1.17.0\STM32H743IIT6-projects\Rower elektryczny\Core\Src\stm32h7xx_hal_msp.c_save
2026-01-09 19:12:55,061 [INFO] CodeEngine:279 - Generated code: C:\Users\kamil\STM32CubeIDE\workspace_1.17.0\STM32H743IIT6-projects\Rower elektryczny\Core\Src\stm32h7xx_hal_msp.c
2026-01-09 19:12:55,094 [INFO] CodeEngine:255 - oldGeneratedFile, C:\Users\kamil\STM32CubeIDE\workspace_1.17.0\STM32H743IIT6-projects\Rower elektryczny\MXTmpFiles\system.tmp_save
2026-01-09 19:12:55,186 [INFO] CodeEngine:279 - Generated code: C:\Users\kamil\STM32CubeIDE\workspace_1.17.0\STM32H743IIT6-projects\Rower elektryczny\MXTmpFiles\system.tmp
2026-01-09 19:12:55,251 [INFO] CodeEngine:311 - oldGeneratedFile, C:\Users\kamil\STM32CubeIDE\workspace_1.17.0\STM32H743IIT6-projects\Rower elektryczny\Core\Inc\stm32h7xx_hal_conf.h_save
2026-01-09 19:12:55,374 [INFO] CodeEngine:335 - Generated code: C:\Users\kamil\STM32CubeIDE\workspace_1.17.0\STM32H743IIT6-projects\Rower elektryczny\Core\Inc\stm32h7xx_hal_conf.h
2026-01-09 19:12:55,433 [INFO] ApiDbMcu:508 - Load IP Config File for CRC
2026-01-09 19:12:55,435 [INFO] ApiDbMcu:508 - Load IP Config File for DMA2D
2026-01-09 19:12:55,441 [INFO] ApiDbMcu:508 - Load IP Config File for FDCAN1
2026-01-09 19:12:55,446 [INFO] ApiDbMcu:508 - Load IP Config File for FMC
2026-01-09 19:12:55,450 [INFO] ApiDbMcu:508 - Load IP Config File for I2C2
2026-01-09 19:12:55,452 [INFO] ApiDbMcu:508 - Load IP Config File for I2C4
2026-01-09 19:12:55,454 [INFO] ApiDbMcu:508 - Load IP Config File for LTDC
2026-01-09 19:12:55,455 [ERROR] ApiDbMcu:464 - Can't load MEMORYMAP-STM32xx root dir null
2026-01-09 19:12:55,455 [ERROR] ApiDbMcu:536 - Cannot parse MEMORYMAP_Config file : file do not exist
2026-01-09 19:12:55,456 [INFO] ApiDbMcu:508 - Load IP Config File for QUADSPI
2026-01-09 19:12:55,460 [INFO] ApiDbMcu:508 - Load IP Config File for RCC
2026-01-09 19:12:55,512 [INFO] CodeEngine:255 - oldGeneratedFile, C:\Users\kamil\STM32CubeIDE\workspace_1.17.0\STM32H743IIT6-projects\Rower elektryczny\Core\Inc\main.h_save
2026-01-09 19:12:55,679 [INFO] CodeEngine:279 - Generated code: C:\Users\kamil\STM32CubeIDE\workspace_1.17.0\STM32H743IIT6-projects\Rower elektryczny\Core\Inc\main.h
2026-01-09 19:12:55,722 [INFO] CodeEngine:255 - oldGeneratedFile, C:\Users\kamil\STM32CubeIDE\workspace_1.17.0\STM32H743IIT6-projects\Rower elektryczny\Core\Src\main.c_save
2026-01-09 19:12:55,889 [INFO] CodeEngine:279 - Generated code: C:\Users\kamil\STM32CubeIDE\workspace_1.17.0\STM32H743IIT6-projects\Rower elektryczny\Core\Src\main.c
2026-01-09 19:12:56,526 [INFO] ProjectBuilder:3289 - Time for Copy HAL[1] : 371mS.
2026-01-09 19:12:56,539 [INFO] ProjectBuilder:4876 - Project Generator version: 4.5.0-RC5
2026-01-09 19:12:56,626 [INFO] ConfigFileManager:1579 - The Die is : DIE450
2026-01-09 19:12:56,648 [INFO] ApiDbMcu:508 - Load IP Config File for FATFS
2026-01-09 19:12:56,667 [INFO] ApiDbMcu:508 - Load IP Config File for FREERTOS
2026-01-09 19:12:56,684 [INFO] ApiDbMcu:508 - Load IP Config File for LIBJPEG
2026-01-09 19:12:56,704 [INFO] ApiDbMcu:508 - Load IP Config File for LWIP
2026-01-09 19:12:56,738 [INFO] ApiDbMcu:508 - Load IP Config File for MBEDTLS
2026-01-09 19:12:56,771 [INFO] ApiDbMcu:508 - Load IP Config File for USB_DEVICE
2026-01-09 19:12:56,788 [INFO] ApiDbMcu:508 - Load IP Config File for USB_HOST
2026-01-09 19:12:57,770 [INFO] LogOutputStream:77 - [STDOUT_REDIRECT] 
2026-01-09 19:13:00,122 [INFO] ProjectBuilder:5154 - Time for Generating toolchain IDE Files: 3583mS.
2026-01-09 19:13:00,124 [INFO] ProjectBuilder:3146 - Time for Copy CMSIS : 1mS.
2026-01-09 19:13:00,130 [INFO] ProjectBuilder:3146 - Time for Copy CMSIS : 0mS.
2026-01-09 19:13:14,460 [ERROR] ConfigurationRetriever:142 - IOException on connection: sw-center.st.com
2026-01-09 19:13:14,461 [ERROR] ConfigurationRetriever:142 - IOException on connection: sw-center.st.com
2026-01-09 19:13:14,461 [ERROR] ConfigurationRetriever:142 - IOException on connection: sw-center.st.com
2026-01-09 19:13:29,700 [ERROR] ConfigurationRetriever:142 - IOException on connection: sw-center.st.com
2026-01-09 19:13:29,701 [ERROR] ConfigurationRetriever:142 - IOException on connection: sw-center.st.com
2026-01-09 19:13:29,701 [ERROR] ConfigurationRetriever:142 - IOException on connection: sw-center.st.com
2026-01-09 19:35:36,884 [ERROR] ConfigurationRetriever:142 - IOException on connection: sw-center.st.com
2026-01-09 19:35:36,884 [ERROR] ConfigurationRetriever:142 - IOException on connection: sw-center.st.com
2026-01-09 19:35:36,884 [ERROR] ConfigurationRetriever:142 - IOException on connection: sw-center.st.com
