2025-12-25 15:30:57,779 [INFO] Activator:176 - 


2025-12-25 15:30:57,788 [INFO] Activator:177 - !SESSION log4j initialized
2025-12-25 15:31:07,548 [INFO] LogOutputStream:77 - [STDOUT_REDIRECT] 
2025-12-25 15:31:19,378 [INFO] ApplicationProperties:184 - Using Application install path: C:\ST\STM32CubeIDE_1.17.0\STM32CubeIDE\plugins\com.st.stm32cube.common.mx_6.13.0.202411220809
2025-12-25 15:31:19,413 [INFO] DbMcusXml:78 - Set database path to: C:\ST\STM32CubeIDE_1.17.0\STM32CubeIDE\plugins\com.st.stm32cube.common.mx_6.13.0.202411220809\\db\/mcu/
2025-12-25 15:31:19,413 [INFO] ApiDb:274 - Set plugin database path to: C:\ST\STM32CubeIDE_1.17.0\STM32CubeIDE\plugins\com.st.stm32cube.common.mx_6.13.0.202411220809\\db\/plugins/boardmanager/
2025-12-25 15:31:19,414 [WARN] ApiDb:259 - Overriding images path with different value:  => C:\ST\STM32CubeIDE_1.17.0\STM32CubeIDE\plugins\com.st.stm32cube.common.mx_6.13.0.202411220809\\db\/plugins/mcufinder/images/
2025-12-25 15:31:19,435 [INFO] ApiDb:250 - Set database path to: C:\Users\kamil\.stmcufinder\plugins\mcufinder//mcu/
2025-12-25 15:31:19,437 [INFO] DbMcusAds:125 - Set database path to: C:\Users\kamil\.stmcufinder\plugins\mcufinder//mcu/
2025-12-25 15:31:19,466 [INFO] CrossReferenceDbSqlite:203 - Set database path to: C:\Users\kamil\.stmcufinder\plugins\mcufinder//mcu/cs/
2025-12-25 15:31:19,717 [INFO] RulesReader:64 - Compatibility file has been processed (297 Rules)
2025-12-25 15:31:19,904 [INFO] DbMcusXml:78 - Set database path to: C:\ST\STM32CubeIDE_1.17.0\STM32CubeIDE\plugins\com.st.stm32cube.common.mx_6.13.0.202411220809\\db\/mcu/
2025-12-25 15:31:19,904 [INFO] ApiDb:274 - Set plugin database path to: C:\ST\STM32CubeIDE_1.17.0\STM32CubeIDE\plugins\com.st.stm32cube.common.mx_6.13.0.202411220809\\db\/plugins/boardmanager/
2025-12-25 15:31:19,904 [INFO] ApiDb:261 - Set plugin images path to: C:\ST\STM32CubeIDE_1.17.0\STM32CubeIDE\plugins\com.st.stm32cube.common.mx_6.13.0.202411220809\\db\/plugins/mcufinder/images/
2025-12-25 15:31:19,904 [WARN] DbFile:41 - Overriding database path with different value: C:\Users\kamil\.stmcufinder\plugins\mcufinder/ => C:\Users\kamil\.stmcufinder\plugins\mcufinder
2025-12-25 15:31:19,904 [INFO] ApiDb:250 - Set database path to: C:\Users\kamil\.stmcufinder\plugins\mcufinder//mcu/
2025-12-25 15:31:19,904 [WARN] DbFile:41 - Overriding database path with different value: C:\Users\kamil\.stmcufinder\plugins\mcufinder/ => C:\Users\kamil\.stmcufinder\plugins\mcufinder
2025-12-25 15:31:19,904 [INFO] DbMcusAds:125 - Set database path to: C:\Users\kamil\.stmcufinder\plugins\mcufinder//mcu/
2025-12-25 15:31:19,905 [WARN] DbFile:41 - Overriding database path with different value: C:\Users\kamil\.stmcufinder\plugins\mcufinder/ => C:\Users\kamil\.stmcufinder\plugins\mcufinder
2025-12-25 15:31:19,905 [WARN] DbFile:41 - Overriding database path with different value: C:\Users\kamil\.stmcufinder\plugins\mcufinder/ => C:\Users\kamil\.stmcufinder\plugins\mcufinder
2025-12-25 15:31:19,905 [INFO] CrossReferenceDbSqlite:203 - Set database path to: C:\Users\kamil\.stmcufinder\plugins\mcufinder//mcu/cs/
2025-12-25 15:31:20,040 [INFO] MainPanel:272 - HeapMemory: 281018368
2025-12-25 15:31:20,256 [INFO] DbMcusXml:78 - Set database path to: C:\ST\STM32CubeIDE_1.17.0\STM32CubeIDE\plugins\com.st.stm32cube.common.mx_6.13.0.202411220809\\db\/mcu/
2025-12-25 15:31:20,257 [INFO] ApiDb:274 - Set plugin database path to: C:\ST\STM32CubeIDE_1.17.0\STM32CubeIDE\plugins\com.st.stm32cube.common.mx_6.13.0.202411220809\\db\/plugins/boardmanager/
2025-12-25 15:31:20,257 [INFO] ApiDb:261 - Set plugin images path to: C:\ST\STM32CubeIDE_1.17.0\STM32CubeIDE\plugins\com.st.stm32cube.common.mx_6.13.0.202411220809\\db\/plugins/mcufinder/images/
2025-12-25 15:31:20,262 [WARN] DbFile:41 - Overriding database path with different value: C:\Users\kamil\.stmcufinder\plugins\mcufinder/ => C:\Users\kamil\.stmcufinder\plugins\mcufinder
2025-12-25 15:31:20,262 [INFO] ApiDb:250 - Set database path to: C:\Users\kamil\.stmcufinder\plugins\mcufinder//mcu/
2025-12-25 15:31:20,262 [WARN] DbFile:41 - Overriding database path with different value: C:\Users\kamil\.stmcufinder\plugins\mcufinder/ => C:\Users\kamil\.stmcufinder\plugins\mcufinder
2025-12-25 15:31:20,262 [INFO] DbMcusAds:125 - Set database path to: C:\Users\kamil\.stmcufinder\plugins\mcufinder//mcu/
2025-12-25 15:31:20,263 [WARN] DbFile:41 - Overriding database path with different value: C:\Users\kamil\.stmcufinder\plugins\mcufinder/ => C:\Users\kamil\.stmcufinder\plugins\mcufinder
2025-12-25 15:31:20,263 [WARN] DbFile:41 - Overriding database path with different value: C:\Users\kamil\.stmcufinder\plugins\mcufinder/ => C:\Users\kamil\.stmcufinder\plugins\mcufinder
2025-12-25 15:31:20,263 [INFO] CrossReferenceDbSqlite:203 - Set database path to: C:\Users\kamil\.stmcufinder\plugins\mcufinder//mcu/cs/
2025-12-25 15:31:20,298 [INFO] ApplicationProperties:184 - Using Application install path: C:\ST\STM32CubeIDE_1.17.0\STM32CubeIDE\plugins\com.st.stm32cube.common.mx_6.13.0.202411220809
2025-12-25 15:31:20,300 [INFO] PluginManage:196 - Search for loadable plugins [exclusion list=, ]
2025-12-25 15:31:20,304 [INFO] PluginManage:310 - Check plugin analytics
2025-12-25 15:31:20,607 [INFO] AnalyticsPlugin:253 - Accepted Software Licenses: 
2025-12-25 15:31:20,607 [INFO] AnalyticsPlugin:255 - Accepted CMSIS Pack Licenses: 
2025-12-25 15:31:20,608 [INFO] AnalyticsPlugin:257 - Accepted Firmware Licenses: FW.F7.1.17.0,FW.H7.1.12.0
2025-12-25 15:31:20,612 [INFO] PluginManage:359 - Loaded plugin analytics (category:tool,tabindex:-1)
2025-12-25 15:31:20,613 [INFO] PluginManage:310 - Check plugin cadmodel
2025-12-25 15:31:20,641 [INFO] CADModel:105 - Init CAD model plugin
2025-12-25 15:31:20,641 [INFO] PluginManage:359 - Loaded plugin cadmodel (category:power,tabindex:5)
2025-12-25 15:31:20,642 [INFO] PluginManage:310 - Check plugin clock
2025-12-25 15:31:20,676 [INFO] PluginManage:359 - Loaded plugin clock (category:base,tabindex:2)
2025-12-25 15:31:20,676 [INFO] PluginManage:310 - Check plugin ddr
2025-12-25 15:31:20,681 [INFO] PluginManage:359 - Loaded plugin ddr (category:tool,tabindex:6)
2025-12-25 15:31:20,681 [INFO] PluginManage:310 - Check plugin filemanager
2025-12-25 15:31:20,926 [INFO] PluginManage:359 - Loaded plugin filemanager (category:base,tabindex:10)
2025-12-25 15:31:20,927 [INFO] PluginManage:310 - Check plugin ipmanager
2025-12-25 15:31:20,941 [INFO] PluginManage:359 - Loaded plugin ipmanager (category:base,tabindex:5)
2025-12-25 15:31:20,942 [INFO] PluginManage:310 - Check plugin lpbam
2025-12-25 15:31:20,984 [INFO] PluginManage:359 - Loaded plugin lpbam (category:base,tabindex:0)
2025-12-25 15:31:20,984 [INFO] PluginManage:310 - Check plugin memorymap
2025-12-25 15:31:21,040 [INFO] PluginManage:359 - Loaded plugin memorymap (category:base,tabindex:4)
2025-12-25 15:31:21,040 [INFO] PluginManage:310 - Check plugin pinoutandconfiguration
2025-12-25 15:31:21,075 [INFO] PluginManage:359 - Loaded plugin pinoutandconfiguration (category:base,tabindex:1)
2025-12-25 15:31:21,075 [INFO] PluginManage:310 - Check plugin pinoutconfig
2025-12-25 15:31:21,259 [WARN] SupportedApi:132 - Cannot load RTOS API schema: s4s-elt-must-match.1: The content of 'definitions' must match (annotation?, (simpleType | complexType)?, (unique | key | keyref)*)). A problem was found starting at: attribute.
2025-12-25 15:31:21,545 [INFO] PluginManage:359 - Loaded plugin pinoutconfig (category:base,tabindex:0)
2025-12-25 15:31:21,545 [INFO] PluginManage:310 - Check plugin power
2025-12-25 15:31:21,592 [INFO] PluginManage:359 - Loaded plugin power (category:power,tabindex:4)
2025-12-25 15:31:21,592 [INFO] PluginManage:310 - Check plugin projectmanager
2025-12-25 15:31:21,624 [INFO] PluginManage:359 - Loaded plugin projectmanager (category:projectmanager,tabindex:4)
2025-12-25 15:31:21,625 [INFO] PluginManage:310 - Check plugin rif
2025-12-25 15:31:21,663 [INFO] PluginManage:359 - Loaded plugin rif (category:base,tabindex:3)
2025-12-25 15:31:21,663 [INFO] PluginManage:310 - Check plugin thirdparty
2025-12-25 15:31:22,216 [WARN] IntegrityCheckThread:84 - waiting for thirdparty lock release [integrity check]
2025-12-25 15:31:22,216 [INFO] PluginManage:359 - Loaded plugin thirdparty (category:base,tabindex:-1)
2025-12-25 15:31:22,217 [INFO] IntegrityCheckThread:86 - entering critical section [integrity check]
2025-12-25 15:31:22,217 [INFO] PluginManage:310 - Check plugin tools
2025-12-25 15:31:22,217 [INFO] ThirdPartyUpdaterWithRetryManager:70 - Updater plugin not ready yet. [1/15]
2025-12-25 15:31:22,318 [INFO] PluginManage:359 - Loaded plugin tools (category:base,tabindex:7)
2025-12-25 15:31:22,319 [INFO] PluginManage:310 - Check plugin tutovideos
2025-12-25 15:31:22,731 [INFO] PluginManage:359 - Loaded plugin tutovideos (category:base,tabindex:-1)
2025-12-25 15:31:22,731 [INFO] PluginManage:310 - Check plugin updater
2025-12-25 15:31:22,763 [INFO] PluginManage:359 - Loaded plugin updater (category:base,tabindex:12)
2025-12-25 15:31:22,763 [INFO] PluginManage:310 - Check plugin userauth
2025-12-25 15:31:22,770 [INFO] UserAuth:118 - Init User Auth plugin
2025-12-25 15:31:22,771 [INFO] PluginManage:359 - Loaded plugin userauth (category:base,tabindex:14)
2025-12-25 15:31:22,772 [INFO] PluginManage:283 - PluginManage : Loaded plugins [18]
2025-12-25 15:31:23,174 [INFO] PinOutPanel:1589 - setPackage(No Configuration,No Configuration)
2025-12-25 15:31:23,323 [INFO] CADModel:165 - CPN selected for project level
2025-12-25 15:31:23,324 [INFO] CADModel:114 - Register for checkConnection events
2025-12-25 15:31:23,368 [INFO] IPUIPlugin:80 - create IPUIPlugin
2025-12-25 15:31:23,368 [INFO] PluginManager:220 - loadIPPluginJar : add adc
2025-12-25 15:31:23,435 [INFO] IPUIPlugin:80 - create IPUIPlugin
2025-12-25 15:31:23,435 [INFO] PluginManager:220 - loadIPPluginJar : add aes
2025-12-25 15:31:23,509 [INFO] IPUIPlugin:80 - create IPUIPlugin
2025-12-25 15:31:23,509 [INFO] PluginManager:220 - loadIPPluginJar : add can
2025-12-25 15:31:23,560 [INFO] IPUIPlugin:80 - create IPUIPlugin
2025-12-25 15:31:23,561 [INFO] PluginManager:220 - loadIPPluginJar : add comp
2025-12-25 15:31:23,634 [INFO] IPUIPlugin:80 - create IPUIPlugin
2025-12-25 15:31:23,634 [INFO] PluginManager:220 - loadIPPluginJar : add cryp
2025-12-25 15:31:23,662 [INFO] IPUIPlugin:80 - create IPUIPlugin
2025-12-25 15:31:23,662 [INFO] PluginManager:220 - loadIPPluginJar : add ddr_ctrl_phy
2025-12-25 15:31:23,740 [INFO] IPUIPlugin:80 - create IPUIPlugin
2025-12-25 15:31:23,741 [INFO] PluginManager:220 - loadIPPluginJar : add dfsdm
2025-12-25 15:31:23,776 [INFO] IPUIPlugin:80 - create IPUIPlugin
2025-12-25 15:31:23,777 [INFO] PluginManager:220 - loadIPPluginJar : add dma
2025-12-25 15:31:23,881 [INFO] IPUIPlugin:80 - create IPUIPlugin
2025-12-25 15:31:23,882 [INFO] PluginManager:220 - loadIPPluginJar : add dma3
2025-12-25 15:31:23,977 [INFO] IPUIPlugin:80 - create IPUIPlugin
2025-12-25 15:31:23,977 [INFO] PluginManager:220 - loadIPPluginJar : add extmemmanager
2025-12-25 15:31:24,031 [INFO] IPUIPlugin:80 - create IPUIPlugin
2025-12-25 15:31:24,031 [INFO] PluginManager:220 - loadIPPluginJar : add fatfs
2025-12-25 15:31:24,126 [INFO] IPUIPlugin:80 - create IPUIPlugin
2025-12-25 15:31:24,126 [INFO] PluginManager:220 - loadIPPluginJar : add fmc
2025-12-25 15:31:24,162 [INFO] IPUIPlugin:80 - create IPUIPlugin
2025-12-25 15:31:24,163 [INFO] PluginManager:220 - loadIPPluginJar : add freertos
2025-12-25 15:31:24,219 [INFO] IPUIPlugin:80 - create IPUIPlugin
2025-12-25 15:31:24,220 [INFO] PluginManager:220 - loadIPPluginJar : add genericplugin
2025-12-25 15:31:24,423 [INFO] IPUIPlugin:80 - create IPUIPlugin
2025-12-25 15:31:24,423 [INFO] PluginManager:220 - loadIPPluginJar : add gfxmmu
2025-12-25 15:31:24,708 [INFO] IPUIPlugin:80 - create IPUIPlugin
2025-12-25 15:31:24,709 [INFO] PluginManager:220 - loadIPPluginJar : add gic
2025-12-25 15:31:24,753 [INFO] IPUIPlugin:80 - create IPUIPlugin
2025-12-25 15:31:24,753 [INFO] PluginManager:220 - loadIPPluginJar : add gpio
2025-12-25 15:31:24,980 [INFO] IPUIPlugin:80 - create IPUIPlugin
2025-12-25 15:31:24,981 [INFO] PluginManager:220 - loadIPPluginJar : add gtzc
2025-12-25 15:31:25,047 [INFO] IPUIPlugin:80 - create IPUIPlugin
2025-12-25 15:31:25,047 [INFO] PluginManager:220 - loadIPPluginJar : add hash
2025-12-25 15:31:25,154 [INFO] IPUIPlugin:80 - create IPUIPlugin
2025-12-25 15:31:25,154 [INFO] PluginManager:220 - loadIPPluginJar : add i2c
2025-12-25 15:31:25,218 [INFO] ThirdPartyUpdaterWithRetryManager:70 - Updater plugin not ready yet. [2/15]
2025-12-25 15:31:25,258 [INFO] IPUIPlugin:80 - create IPUIPlugin
2025-12-25 15:31:25,259 [INFO] PluginManager:220 - loadIPPluginJar : add i2s
2025-12-25 15:31:25,357 [INFO] IPUIPlugin:80 - create IPUIPlugin
2025-12-25 15:31:25,357 [INFO] PluginManager:220 - loadIPPluginJar : add i3c
2025-12-25 15:31:25,542 [INFO] IPUIPlugin:80 - create IPUIPlugin
2025-12-25 15:31:25,542 [INFO] PluginManager:220 - loadIPPluginJar : add ipddr
2025-12-25 15:31:25,775 [INFO] IPUIPlugin:80 - create IPUIPlugin
2025-12-25 15:31:25,775 [INFO] PluginManager:220 - loadIPPluginJar : add linkedlist
2025-12-25 15:31:25,853 [INFO] IPUIPlugin:80 - create IPUIPlugin
2025-12-25 15:31:25,854 [INFO] PluginManager:220 - loadIPPluginJar : add lorawan
2025-12-25 15:31:25,928 [INFO] IPUIPlugin:80 - create IPUIPlugin
2025-12-25 15:31:25,930 [INFO] PluginManager:220 - loadIPPluginJar : add ltdc
2025-12-25 15:31:25,964 [INFO] IPUIPlugin:80 - create IPUIPlugin
2025-12-25 15:31:25,965 [INFO] PluginManager:220 - loadIPPluginJar : add mdma
2025-12-25 15:31:25,995 [INFO] IPUIPlugin:80 - create IPUIPlugin
2025-12-25 15:31:25,996 [INFO] PluginManager:220 - loadIPPluginJar : add nvic
2025-12-25 15:31:26,081 [INFO] IPUIPlugin:80 - create IPUIPlugin
2025-12-25 15:31:26,081 [INFO] PluginManager:220 - loadIPPluginJar : add opamp
2025-12-25 15:31:26,203 [INFO] IPUIPlugin:80 - create IPUIPlugin
2025-12-25 15:31:26,203 [INFO] PluginManager:220 - loadIPPluginJar : add openamp
2025-12-25 15:31:26,318 [INFO] IPUIPlugin:80 - create IPUIPlugin
2025-12-25 15:31:26,318 [INFO] PluginManager:220 - loadIPPluginJar : add pdm2pcm
2025-12-25 15:31:26,352 [INFO] IPUIPlugin:80 - create IPUIPlugin
2025-12-25 15:31:26,356 [INFO] PluginManager:220 - loadIPPluginJar : add plateformsettings
2025-12-25 15:31:26,407 [INFO] IPUIPlugin:80 - create IPUIPlugin
2025-12-25 15:31:26,407 [INFO] PluginManager:220 - loadIPPluginJar : add quadspi
2025-12-25 15:31:26,463 [INFO] IPUIPlugin:80 - create IPUIPlugin
2025-12-25 15:31:26,463 [INFO] PluginManager:220 - loadIPPluginJar : add radio
2025-12-25 15:31:26,495 [INFO] IPUIPlugin:80 - create IPUIPlugin
2025-12-25 15:31:26,496 [INFO] PluginManager:220 - loadIPPluginJar : add resmgrutility
2025-12-25 15:31:26,611 [INFO] IPUIPlugin:80 - create IPUIPlugin
2025-12-25 15:31:26,611 [INFO] PluginManager:220 - loadIPPluginJar : add sai
2025-12-25 15:31:26,705 [INFO] IPUIPlugin:80 - create IPUIPlugin
2025-12-25 15:31:26,706 [INFO] PluginManager:220 - loadIPPluginJar : add spi
2025-12-25 15:31:26,823 [INFO] IPUIPlugin:80 - create IPUIPlugin
2025-12-25 15:31:26,823 [INFO] PluginManager:220 - loadIPPluginJar : add stm32_wpan
2025-12-25 15:31:26,867 [INFO] IPUIPlugin:80 - create IPUIPlugin
2025-12-25 15:31:26,867 [INFO] PluginManager:220 - loadIPPluginJar : add tim
2025-12-25 15:31:27,001 [INFO] IPUIPlugin:80 - create IPUIPlugin
2025-12-25 15:31:27,001 [INFO] PluginManager:220 - loadIPPluginJar : add touchsensing
2025-12-25 15:31:27,058 [INFO] IPUIPlugin:80 - create IPUIPlugin
2025-12-25 15:31:27,059 [INFO] PluginManager:220 - loadIPPluginJar : add tracer_emb
2025-12-25 15:31:27,112 [INFO] IPUIPlugin:80 - create IPUIPlugin
2025-12-25 15:31:27,112 [INFO] PluginManager:220 - loadIPPluginJar : add ts
2025-12-25 15:31:27,177 [INFO] IPUIPlugin:80 - create IPUIPlugin
2025-12-25 15:31:27,177 [INFO] PluginManager:220 - loadIPPluginJar : add tsc
2025-12-25 15:31:27,247 [INFO] IPUIPlugin:80 - create IPUIPlugin
2025-12-25 15:31:27,247 [INFO] PluginManager:220 - loadIPPluginJar : add ucpd
2025-12-25 15:31:27,373 [INFO] IPUIPlugin:80 - create IPUIPlugin
2025-12-25 15:31:27,373 [INFO] PluginManager:220 - loadIPPluginJar : add usart
2025-12-25 15:31:27,479 [INFO] IPUIPlugin:80 - create IPUIPlugin
2025-12-25 15:31:27,479 [INFO] PluginManager:220 - loadIPPluginJar : add usbx
2025-12-25 15:31:27,655 [FATAL] Updater:351 - Updater called before beeing initialized
2025-12-25 15:31:27,698 [INFO] RulesReader:64 - Compatibility file has been processed (297 Rules)
2025-12-25 15:31:27,720 [INFO] RulesReader:64 - Compatibility file has been processed (297 Rules)
2025-12-25 15:31:27,752 [INFO] CADModel:165 - CPN selected for project level
2025-12-25 15:31:27,752 [INFO] CADModel:114 - Register for checkConnection events
2025-12-25 15:31:27,753 [FATAL] Updater:351 - Updater called before beeing initialized
2025-12-25 15:31:27,753 [ERROR] CADModel:125 - Updater not yet initialized, retry later 
2025-12-25 15:31:28,083 [FATAL] Updater:351 - Updater called before beeing initialized
2025-12-25 15:31:28,086 [INFO] CADModel:165 - CPN selected for project level
2025-12-25 15:31:28,086 [INFO] CADModel:114 - Register for checkConnection events
2025-12-25 15:31:28,086 [FATAL] Updater:351 - Updater called before beeing initialized
2025-12-25 15:31:28,086 [ERROR] CADModel:125 - Updater not yet initialized, retry later 
2025-12-25 15:31:28,092 [FATAL] Updater:351 - Updater called before beeing initialized
2025-12-25 15:31:28,219 [INFO] ThirdPartyUpdaterWithRetryManager:70 - Updater plugin not ready yet. [3/15]
2025-12-25 15:31:28,248 [FATAL] Updater:351 - Updater called before beeing initialized
2025-12-25 15:31:28,266 [INFO] DbMcusAds:53 - JSON generation date=Tue Dec 16 00:11:46 CET 2025 (1765840306612)
2025-12-25 15:31:28,266 [FATAL] Updater:351 - Updater called before beeing initialized
2025-12-25 15:31:28,329 [WARN] DetailPanel:346 - Failed to get advertising image, set to default
2025-12-25 15:31:28,674 [FATAL] Updater:351 - Updater called before beeing initialized
2025-12-25 15:31:28,678 [FATAL] Updater:351 - Updater called before beeing initialized
2025-12-25 15:31:28,679 [FATAL] Updater:351 - Updater called before beeing initialized
2025-12-25 15:31:28,679 [WARN] DetailPanel:346 - Failed to get advertising image, set to default
2025-12-25 15:31:28,680 [FATAL] Updater:351 - Updater called before beeing initialized
2025-12-25 15:31:28,793 [ERROR] Updater:1198 - MainUpdater not yet initialized. External WinMGr cannot be set.
2025-12-25 15:31:28,817 [INFO] Updater:1134 - Updater Version found : 6.13.0
2025-12-25 15:31:28,848 [INFO] ApplicationProperties:184 - Using Application install path: C:\ST\STM32CubeIDE_1.17.0\STM32CubeIDE\plugins\com.st.stm32cube.common.mx_6.13.0.202411220809
2025-12-25 15:31:29,411 [INFO] MainUpdater:2872 - connection check result : 10
2025-12-25 15:31:29,412 [INFO] MainUpdater:3566 - Updater definition file requires update
2025-12-25 15:31:29,413 [INFO] MainUpdater:289 - Updater Check For Update Now.
2025-12-25 15:31:29,414 [INFO] MicroXplorer:498 - Change Database Version : DB.6.0.130
2025-12-25 15:31:29,453 [INFO] McuFinderGlobals:63 - Set McuFinder mode to 2 (CubeIDE integrated)
2025-12-25 15:31:29,454 [INFO] UserAuth:171 - activating auth plugin
2025-12-25 15:31:29,460 [INFO] UserAuth:486 - Internet connection configuration mode: 1
2025-12-25 15:31:29,483 [INFO] ServerAccessManage:473 - Download File updaters.zip
2025-12-25 15:31:29,526 [INFO] JxBrowserEngine:152 - Initiate JxBrowser Engine with user profile folder
2025-12-25 15:31:29,632 [INFO] FileExtend:240 - Unzip File : updaters.zip
2025-12-25 15:31:29,632 [INFO] FileExtend:255 - Standard Zip Deflate
2025-12-25 15:31:31,015 [INFO] ServerAccessManage:473 - Download File PacksControlFlags.xml
2025-12-25 15:31:31,126 [INFO] ServerAccessManage:473 - Download File cubemx.pidx
2025-12-25 15:31:31,221 [WARN] MainUpdater:1193 - Updater busy. Cannot search thirdparties
2025-12-25 15:31:31,221 [INFO] ThirdPartyUpdaterWithRetryManager:96 - Updater plugin is busy. [1/15]
2025-12-25 15:31:31,657 [INFO] LoadServerUpdatesThread:375 - End of LoadServerUpdate Thread
2025-12-25 15:31:31,844 [INFO] CheckServerUpdateThread:120 - End of CheckServer Thread
2025-12-25 15:31:32,333 [INFO] WebApp:168 - Instantiating new browser for Auth
2025-12-25 15:31:33,478 [INFO] WebApp:449 - Apply proxy settings
2025-12-25 15:31:33,478 [INFO] WebApp:534 - Chromium requires no authentication
2025-12-25 15:31:33,490 [INFO] WebApp:477 - Direct internet connection detected
2025-12-25 15:31:33,520 [INFO] WebApp:880 - Register for checkConnection events
2025-12-25 15:31:33,520 [INFO] WebApp:449 - Apply proxy settings
2025-12-25 15:31:33,521 [INFO] WebApp:534 - Chromium requires no authentication
2025-12-25 15:31:33,521 [INFO] WebApp:477 - Direct internet connection detected
2025-12-25 15:31:33,736 [INFO] WebApp:187 - Connection restablished
2025-12-25 15:31:33,818 [INFO] WebApp:221 - Starting web application
2025-12-25 15:31:33,818 [INFO] WebApp:579 - Web application path used C:\ST\STM32CubeIDE_1.17.0\STM32CubeIDE\plugins\com.st.stm32cube.common.mx_6.13.0.202411220809\db\plugins\mcufinder\reactClient1\index.html
2025-12-25 15:31:34,779 [WARN] PackLoader:240 - Cannot read IP mode file for STMicroelectronics.FP-SNS-MOTENVWB1.1.4.0
2025-12-25 15:31:34,810 [WARN] PackLoader:240 - Cannot read IP mode file for STMicroelectronics.FP-ATR-ASTRA1.2.0.2
2025-12-25 15:31:34,832 [WARN] PackLoader:240 - Cannot read IP mode file for STMicroelectronics.FP-ATR-ASTRA1.2.0.1
2025-12-25 15:31:34,862 [WARN] PackLoader:240 - Cannot read IP mode file for STMicroelectronics.X-CUBE-SMBUS.2.1.0
2025-12-25 15:31:34,891 [WARN] PackLoader:240 - Cannot read IP mode file for STMicroelectronics.X-CUBE-WB05N.1.1.0
2025-12-25 15:31:34,919 [WARN] PackLoader:240 - Cannot read IP mode file for STMicroelectronics.X-CUBE-ST60.1.0.0
2025-12-25 15:31:34,972 [WARN] PackLoader:240 - Cannot read IP mode file for STMicroelectronics.X-CUBE-AZRTOS-F7.1.1.0
2025-12-25 15:31:35,741 [WARN] PackLoader:240 - Cannot read IP mode file for STMicroelectronics.X-CUBE-MEMS1.11.0.0
2025-12-25 15:31:36,659 [ERROR] Engine:466 - C:\Users\kamil\.stm32cubemx\thirdparties\pdsc\STMicroelectronics.FP-SNS-MOTENV1.5.1.0.pdsc: PDSC version is not supported
2025-12-25 15:31:36,711 [WARN] PackLoader:240 - Cannot read IP mode file for STMicroelectronics.FP-SNS-FLIGHT1.5.0.2
2025-12-25 15:31:36,826 [WARN] PackLoader:240 - Cannot read IP mode file for STMicroelectronics.X-CUBE-AZRTOS-H7.3.4.0
2025-12-25 15:31:36,908 [WARN] PackLoader:240 - Cannot read IP mode file for STMicroelectronics.X-CUBE-DISPLAY.3.0.0
2025-12-25 15:31:37,013 [WARN] PackLoader:240 - Cannot read IP mode file for STMicroelectronics.X-CUBE-BLE1.7.0.0
2025-12-25 15:31:37,091 [WARN] PackLoader:240 - Cannot read IP mode file for STMicroelectronics.X-CUBE-NFC10.1.0.0
2025-12-25 15:31:37,214 [WARN] PackLoader:240 - Cannot read IP mode file for STMicroelectronics.X-CUBE-BLEMGR.4.0.0
2025-12-25 15:31:37,315 [WARN] PackLoader:240 - Cannot read IP mode file for STMicroelectronics.X-CUBE-ST60.1.1.0
2025-12-25 15:31:37,393 [WARN] PackLoader:240 - Cannot read IP mode file for emotas.I-CUBE-CANOPEN.1.3.0
2025-12-25 15:31:37,510 [WARN] PackLoader:240 - Cannot read IP mode file for STMicroelectronics.X-CUBE-GNSS1.7.1.0
2025-12-25 15:31:37,636 [WARN] PackLoader:240 - Cannot read IP mode file for STMicroelectronics.X-CUBE-BLEMGR.3.1.0
2025-12-25 15:31:37,728 [WARN] PackLoader:240 - Cannot read IP mode file for STMicroelectronics.X-CUBE-AI.10.0.0
2025-12-25 15:31:37,778 [ERROR] Engine:466 - C:\Users\kamil\.stm32cubemx\thirdparties\pdsc\STMicroelectronics.FP-SNS-STBOX1.2.1.0.pdsc: PDSC version is not supported
2025-12-25 15:31:37,824 [WARN] PackLoader:240 - Cannot read IP mode file for STMicroelectronics.FP-SNS-SMARTAG2.1.2.0
2025-12-25 15:31:37,864 [WARN] PackLoader:240 - Cannot read IP mode file for STMicroelectronics.FP-SNS-FLIGHT1.5.1.0
2025-12-25 15:31:38,001 [WARN] PackLoader:240 - Cannot read IP mode file for STMicroelectronics.X-CUBE-MEMS1.11.1.0
2025-12-25 15:31:38,382 [INFO] LogOutputStream:77 - [STDOUT_REDIRECT] 1 : Invalid condition id : UX_CORESTACK_Condition cause : null
2025-12-25 15:31:38,387 [INFO] LogOutputStream:77 - [STDOUT_REDIRECT] 1 : Invalid condition id : UX_CORESTACK_Condition cause : null
2025-12-25 15:31:38,395 [INFO] LogOutputStream:77 - [STDOUT_REDIRECT] 1 : Invalid condition id : UX_CORESTACK_Condition cause : null
2025-12-25 15:31:38,401 [INFO] LogOutputStream:77 - [STDOUT_REDIRECT] 1 : Invalid condition id : UX_CORESTACK_Condition cause : null
2025-12-25 15:31:38,405 [INFO] LogOutputStream:77 - [STDOUT_REDIRECT] 1 : Invalid condition id : UX_CORESTACK_Condition cause : null
2025-12-25 15:31:38,417 [WARN] PackLoader:240 - Cannot read IP mode file for STMicroelectronics.X-CUBE-AZRTOS-WL.2.0.0
2025-12-25 15:31:38,487 [WARN] PackLoader:240 - Cannot read IP mode file for STMicroelectronics.FP-SNS-MOTENV1.5.0.0
2025-12-25 15:31:38,571 [WARN] PackLoader:240 - Cannot read IP mode file for STMicroelectronics.X-CUBE-AZRTOS-H7RS.1.2.0
2025-12-25 15:31:38,632 [WARN] PackLoader:240 - Cannot read IP mode file for wolfSSL.I-CUBE-wolfMQTT.1.19.0
2025-12-25 15:31:38,684 [WARN] PackLoader:240 - Cannot read IP mode file for WES.I-CUBE-Cesium.1.3.0
2025-12-25 15:31:38,753 [WARN] PackLoader:240 - Cannot read IP mode file for STMicroelectronics.X-CUBE-BLE2.3.3.0
2025-12-25 15:31:38,923 [WARN] PackLoader:240 - Cannot read IP mode file for STMicroelectronics.X-CUBE-NFC9.1.0.0
2025-12-25 15:31:38,984 [WARN] PackLoader:240 - Cannot read IP mode file for STMicroelectronics.X-CUBE-BLE1.7.1.0
2025-12-25 15:31:39,035 [WARN] PackLoader:240 - Cannot read IP mode file for STMicroelectronics.X-CUBE-TCPP.4.1.0
2025-12-25 15:31:39,073 [ERROR] Engine:466 - C:\Users\kamil\.stm32cubemx\thirdparties\pdsc\STMicroelectronics.X-CUBE-FREERTOS.1.4.0.pdsc: PDSC version is not supported
2025-12-25 15:31:39,140 [WARN] PackLoader:240 - Cannot read IP mode file for STMicroelectronics.X-CUBE-EEPRMA1.5.2.0
2025-12-25 15:31:39,184 [ERROR] Engine:466 - C:\Users\kamil\.stm32cubemx\thirdparties\pdsc\STMicroelectronics.X-CUBE-ST67W61.1.1.0.pdsc: PDSC version is not supported
2025-12-25 15:31:39,406 [WARN] PackLoader:240 - Cannot read IP mode file for STMicroelectronics.X-CUBE-MEMS1.12.0.0
2025-12-25 15:31:39,692 [WARN] PackLoader:240 - Cannot read IP mode file for STMicroelectronics.X-CUBE-AZRTOS-G0.1.1.0
2025-12-25 15:31:39,743 [WARN] PackLoader:240 - Cannot read IP mode file for STMicroelectronics.X-CUBE-SAFEA1.1.2.2
2025-12-25 15:31:39,793 [WARN] PackLoader:240 - Cannot read IP mode file for STMicroelectronics.X-CUBE-NFC4.3.0.0
2025-12-25 15:31:39,859 [WARN] PackLoader:240 - Cannot read IP mode file for EmbeddedOffice.I-CUBE-FS-RTOS.1.0.1
2025-12-25 15:31:39,940 [WARN] PackLoader:240 - Cannot read IP mode file for STMicroelectronics.X-CUBE-WB05N.2.0.0
2025-12-25 15:31:40,002 [WARN] PackLoader:240 - Cannot read IP mode file for STMicroelectronics.X-CUBE-TCPP.4.2.0
2025-12-25 15:31:40,108 [WARN] PackLoader:240 - Cannot read IP mode file for RealThread.X-CUBE-RT-Thread_Nano.4.1.1
2025-12-25 15:31:40,164 [WARN] PackLoader:240 - Cannot read IP mode file for STMicroelectronics.FP-ATR-SIGFOX1.3.2.0
2025-12-25 15:31:40,256 [WARN] PackLoader:240 - Cannot read IP mode file for wolfSSL.I-CUBE-wolfSSL.5.7.2
2025-12-25 15:31:40,364 [WARN] ConditionMgr:438 - getConditionDescription Invalid condition id : Cortex-A Device cause : null
2025-12-25 15:31:40,436 [WARN] ConditionMgr:1044 - genDependencies : Invalid condition id : Cortex-A Device cause : null
2025-12-25 15:31:40,437 [WARN] ConditionMgr:1044 - genDependencies : Invalid condition id : Cortex-A Device cause : null
2025-12-25 15:31:40,437 [WARN] ConditionMgr:1044 - genDependencies : Invalid condition id : Cortex-A Device cause : null
2025-12-25 15:31:40,482 [WARN] PackLoader:240 - Cannot read IP mode file for STMicroelectronics.X-CUBE-EEPRMA1.5.1.0
2025-12-25 15:31:40,535 [WARN] PackLoader:240 - Cannot read IP mode file for ITTIA_DB.I-CUBE-ITTIADB.8.9.0
2025-12-25 15:31:40,582 [WARN] PackLoader:240 - Cannot read IP mode file for STMicroelectronics.X-CUBE-ST67W61.1.0.0
2025-12-25 15:31:40,626 [WARN] PackLoader:240 - Cannot read IP mode file for STMicroelectronics.X-CUBE-AI.10.2.0
2025-12-25 15:31:40,994 [WARN] PackLoader:240 - Cannot read IP mode file for SEGGER.I-CUBE-embOS.1.3.1
2025-12-25 15:31:41,115 [WARN] PackLoader:240 - Cannot read IP mode file for STMicroelectronics.X-CUBE-ALGOBUILD.1.4.0
2025-12-25 15:31:41,285 [WARN] PackLoader:240 - Cannot read IP mode file for STMicroelectronics.X-CUBE-MEMS1.11.3.0
2025-12-25 15:31:41,740 [WARN] PackLoader:240 - Cannot read IP mode file for STMicroelectronics.X-CUBE-AI.9.1.0
2025-12-25 15:31:41,801 [WARN] PackLoader:240 - Cannot read IP mode file for STMicroelectronics.X-CUBE-PM33A1.1.0.0
2025-12-25 15:31:41,898 [WARN] PackLoader:240 - Cannot read IP mode file for STMicroelectronics.X-CUBE-AZRTOS-F4.1.1.0
2025-12-25 15:31:41,947 [WARN] PackLoader:240 - Cannot read IP mode file for STMicroelectronics.X-CUBE-ISPU.2.1.0
2025-12-25 15:31:42,006 [ERROR] Engine:466 - C:\Users\kamil\.stm32cubemx\thirdparties\pdsc\STMicroelectronics.X-CUBE-IPS.3.2.0.pdsc: PDSC version is not supported
2025-12-25 15:31:42,058 [WARN] PackLoader:240 - Cannot read IP mode file for STMicroelectronics.X-CUBE-FREERTOS.1.2.0
2025-12-25 15:31:42,101 [WARN] PackLoader:240 - Cannot read IP mode file for STMicroelectronics.X-CUBE-NFC12.1.0.0
2025-12-25 15:31:42,176 [WARN] PackLoader:240 - Cannot read IP mode file for STMicroelectronics.X-CUBE-AZRTOS-L5.2.0.0
2025-12-25 15:31:42,226 [WARN] PackLoader:240 - Cannot read IP mode file for STMicroelectronics.X-CUBE-NFC6.3.1.0
2025-12-25 15:31:42,284 [WARN] PackLoader:240 - Cannot read IP mode file for STMicroelectronics.X-CUBE-DPower.1.2.0
2025-12-25 15:31:42,324 [WARN] PackLoader:240 - Cannot read IP mode file for STMicroelectronics.X-CUBE-FREERTOS.1.3.1
2025-12-25 15:31:42,361 [WARN] PackLoader:240 - Cannot read IP mode file for STMicroelectronics.X-CUBE-FREERTOS.1.3.0
2025-12-25 15:31:42,415 [WARN] PackLoader:240 - Cannot read IP mode file for STMicroelectronics.X-CUBE-NFC7.1.0.1
2025-12-25 15:31:42,492 [WARN] PackLoader:240 - Cannot read IP mode file for STMicroelectronics.X-CUBE-TOUCHGFX.4.26.0
2025-12-25 15:31:42,556 [WARN] PackLoader:240 - Cannot read IP mode file for STMicroelectronics.FP-SNS-STAIOTCFT.1.0.0
2025-12-25 15:31:42,608 [WARN] PackLoader:240 - Cannot read IP mode file for STMicroelectronics.X-CUBE-DPower.1.3.0
2025-12-25 15:31:42,734 [WARN] ConditionMgr:438 - getConditionDescription Invalid condition id : LAN8742 Phy interface Condition cause : null
2025-12-25 15:31:42,738 [WARN] PackLoader:240 - Cannot read IP mode file for STMicroelectronics.X-CUBE-AZRTOS-L4.2.0.0
2025-12-25 15:31:42,741 [WARN] ConditionMgr:1044 - genDependencies : Invalid condition id : LAN8742 Phy interface Condition cause : null
2025-12-25 15:31:42,742 [WARN] ConditionMgr:1044 - genDependencies : Invalid condition id : LAN8742 Phy interface Condition cause : null
2025-12-25 15:31:42,743 [WARN] ConditionMgr:1044 - genDependencies : Invalid condition id : LAN8742 Phy interface Condition cause : null
2025-12-25 15:31:42,800 [WARN] PackLoader:240 - Cannot read IP mode file for STMicroelectronics.X-CUBE-SFXS2LP1.4.0.0
2025-12-25 15:31:42,879 [WARN] PackLoader:240 - Cannot read IP mode file for STMicroelectronics.X-CUBE-AZRTOS-H7.3.3.0
2025-12-25 15:31:42,955 [WARN] PackLoader:240 - Cannot read IP mode file for STMicroelectronics.X-CUBE-BLEMGR.4.1.0
2025-12-25 15:31:43,044 [WARN] PackLoader:240 - Cannot read IP mode file for STMicroelectronics.X-CUBE-IPS.3.0.0
2025-12-25 15:31:43,147 [WARN] ConditionMgr:438 - getConditionDescription Invalid condition id : UX DEVICE CLASS RTOS Condition cause : null
2025-12-25 15:31:43,149 [WARN] ConditionMgr:438 - getConditionDescription Invalid condition id : UX DEVICE CLASS RTOS Condition cause : null
2025-12-25 15:31:43,154 [WARN] PackLoader:240 - Cannot read IP mode file for STMicroelectronics.X-CUBE-AZRTOS-WB.2.0.0
2025-12-25 15:31:43,155 [WARN] ConditionMgr:1044 - genDependencies : Invalid condition id : UX DEVICE CLASS RTOS Condition cause : null
2025-12-25 15:31:43,155 [WARN] ConditionMgr:1044 - genDependencies : Invalid condition id : UX DEVICE CLASS RTOS Condition cause : null
2025-12-25 15:31:43,156 [WARN] ConditionMgr:1044 - genDependencies : Invalid condition id : UX DEVICE CLASS RTOS Condition cause : null
2025-12-25 15:31:43,157 [WARN] ConditionMgr:1044 - genDependencies : Invalid condition id : UX DEVICE CLASS RTOS Condition cause : null
2025-12-25 15:31:43,158 [WARN] ConditionMgr:1044 - genDependencies : Invalid condition id : UX DEVICE CLASS RTOS Condition cause : null
2025-12-25 15:31:43,213 [WARN] PackLoader:240 - Cannot read IP mode file for STMicroelectronics.X-CUBE-GNSS1.7.0.0
2025-12-25 15:31:43,258 [WARN] PackLoader:240 - Cannot read IP mode file for STMicroelectronics.X-CUBE-GNSS1.7.0.1
2025-12-25 15:31:43,296 [WARN] PackLoader:240 - Cannot read IP mode file for STMicroelectronics.X-CUBE-TOUCHGFX.4.25.0
2025-12-25 15:31:43,347 [WARN] PackLoader:240 - Cannot read IP mode file for STMicroelectronics.FP-SNS-STBOX1.2.0.0
2025-12-25 15:31:43,401 [WARN] PackLoader:240 - Cannot read IP mode file for STMicroelectronics.X-CUBE-SUBG2.5.0.0
2025-12-25 15:31:43,484 [WARN] PackLoader:240 - Cannot read IP mode file for STMicroelectronics.X-CUBE-AZRTOS-H7RS.1.1.0
2025-12-25 15:31:43,537 [WARN] PackLoader:240 - Cannot read IP mode file for Cesanta.I-CUBE-Mongoose.7.13.0
2025-12-25 15:31:43,615 [WARN] PackLoader:240 - Cannot read IP mode file for STMicroelectronics.X-CUBE-AZRTOS-G4.2.0.0
2025-12-25 15:31:43,657 [WARN] PackLoader:240 - Cannot read IP mode file for STMicroelectronics.X-CUBE-NFC7.2.0.0
2025-12-25 15:31:43,744 [WARN] PackLoader:240 - Cannot read IP mode file for STMicroelectronics.X-CUBE-IPS.3.1.0
2025-12-25 15:31:43,829 [WARN] PackLoader:240 - Cannot read IP mode file for STMicroelectronics.X-CUBE-ALS.1.0.2
2025-12-25 15:31:43,884 [WARN] PackLoader:240 - Cannot read IP mode file for STMicroelectronics.X-CUBE-TOUCHGFX.4.24.1
2025-12-25 15:31:43,934 [WARN] PackLoader:240 - Cannot read IP mode file for STMicroelectronics.X-CUBE-STSE01.1.0.0
2025-12-25 15:31:43,974 [WARN] PackLoader:240 - Cannot read IP mode file for wolfSSL.I-CUBE-wolfTPM.3.4.0
2025-12-25 15:31:44,018 [WARN] PackLoader:240 - Cannot read IP mode file for portGmbH.I-Cube-SoM-uGOAL.1.1.0
2025-12-25 15:31:44,084 [WARN] PackLoader:240 - Cannot read IP mode file for STMicroelectronics.X-CUBE-AZRTOS-H7RS.1.0.0
2025-12-25 15:31:44,126 [WARN] PackLoader:240 - Cannot read IP mode file for STMicroelectronics.FP-ATR-ASTRA1.2.0.0
2025-12-25 15:31:44,181 [WARN] PackLoader:240 - Cannot read IP mode file for STMicroelectronics.X-CUBE-TOF1.3.4.2
2025-12-25 15:31:44,255 [WARN] PackLoader:240 - Cannot read IP mode file for STMicroelectronics.X-CUBE-TOF1.3.4.3
2025-12-25 15:31:44,344 [WARN] PackLoader:240 - Cannot read IP mode file for Infineon.AIROC-Wi-Fi-Bluetooth-STM32.1.6.1
2025-12-25 15:31:44,389 [WARN] PackLoader:240 - Cannot read IP mode file for wolfSSL.I-CUBE-wolfSSH.1.4.17
2025-12-25 15:31:44,391 [INFO] ThirdParty:978 - Integrity check success = true
2025-12-25 15:31:44,391 [INFO] IntegrityCheckThread:100 - exiting critical section [integrity check]
2025-12-25 15:31:44,391 [INFO] IntegrityCheckThread:103 - End integrity checks thread
2025-12-25 15:32:32,264 [INFO] McuFinderGlobals:63 - Set McuFinder mode to 2 (CubeIDE integrated)
2025-12-25 15:32:32,305 [INFO] MainUpdater:2872 - connection check result : 10
2025-12-25 15:32:32,316 [INFO] MainUpdater:2872 - connection check result : 10
2025-12-25 15:32:32,568 [INFO] MicroXplorer:468 - Change Database Path : 
2025-12-25 15:32:32,568 [INFO] MicroXplorer:498 - Change Database Version : DB.6.0.130
2025-12-25 15:32:32,582 [WARN] ThirdParty:871 - waiting for thirdparty lock release [close project]
2025-12-25 15:32:32,583 [INFO] ThirdParty:873 - entering critical section [close project]
2025-12-25 15:32:32,584 [INFO] ThirdParty:883 - exiting critical section [close project]
2025-12-25 15:32:32,586 [INFO] PinOutPanel:1589 - setPackage(No Configuration,No Configuration)
2025-12-25 15:32:32,590 [INFO] UtilMem:75 - Begin LoadConfig() Used Memory: 884998144 Bytes (1073741824)
2025-12-25 15:32:32,591 [INFO] MicroXplorer:468 - Change Database Path : 
2025-12-25 15:32:32,591 [INFO] MicroXplorer:498 - Change Database Version : DB.6.0.130
2025-12-25 15:32:32,591 [INFO] OpenFileManager:332 - Change cursor
2025-12-25 15:32:32,659 [INFO] Mcu:2035 - Initializing MCU STM32H743IITx STM32H743IITx STM32H743IIT6
2025-12-25 15:32:38,333 [INFO] Context:748 - Trying to add GPIOservice into a context  which must be forbidden
2025-12-25 15:32:40,179 [INFO] RtosManager:555 - Registered RTOS mode: class=CMSIS, group=RTOS, mode=CMSIS_V1, owner=FREERTOS
2025-12-25 15:32:40,181 [INFO] RtosManager:555 - Registered RTOS mode: class=CMSIS, group=RTOS2, mode=CMSIS_V2, owner=FREERTOS
2025-12-25 15:32:40,181 [INFO] RtosManager:555 - Registered RTOS mode: class=RTOS, group=Core, mode=CMSIS_V1, owner=FREERTOS
2025-12-25 15:32:40,182 [INFO] RtosManager:555 - Registered RTOS mode: class=RTOS, group=Core, mode=CMSIS_V2, owner=FREERTOS
2025-12-25 15:32:40,182 [WARN] ModelIntegratedComponent:184 - Missing modes for component STMicroelectronics:FreeRTOS:0.0.1:STMicroelectronics:RTOS:FreeRTOS:Core:::10.2.0:
2025-12-25 15:32:40,192 [WARN] ModelIntegratedComponent:63 - No mode defined for component null
2025-12-25 15:32:40,192 [WARN] ModelIntegratedComponent:63 - No mode defined for component null
2025-12-25 15:32:40,192 [WARN] ModelIntegratedComponent:63 - No mode defined for component null
2025-12-25 15:32:40,192 [WARN] ModelIntegratedComponent:63 - No mode defined for component null
2025-12-25 15:32:40,192 [WARN] ModelIntegratedComponent:63 - No mode defined for component null
2025-12-25 15:32:40,192 [WARN] ModelIntegratedComponent:63 - No mode defined for component null
2025-12-25 15:32:40,192 [WARN] ModelIntegratedComponent:63 - No mode defined for component null
2025-12-25 15:32:40,192 [WARN] ModelIntegratedComponent:63 - No mode defined for component null
2025-12-25 15:32:40,192 [WARN] ModelIntegratedComponent:63 - No mode defined for component null
2025-12-25 15:32:40,192 [WARN] ModelIntegratedComponent:63 - No mode defined for component null
2025-12-25 15:32:40,192 [WARN] ModelIntegratedComponent:63 - No mode defined for component null
2025-12-25 15:32:40,192 [WARN] ModelIntegratedComponent:63 - No mode defined for component null
2025-12-25 15:32:40,192 [WARN] ModelIntegratedComponent:63 - No mode defined for component null
2025-12-25 15:32:40,192 [WARN] ModelIntegratedComponent:63 - No mode defined for component null
2025-12-25 15:32:40,192 [WARN] ModelIntegratedComponent:63 - No mode defined for component null
2025-12-25 15:32:40,193 [WARN] ModelIntegratedComponent:63 - No mode defined for component null
2025-12-25 15:32:40,193 [WARN] ModelIntegratedComponent:63 - No mode defined for component null
2025-12-25 15:32:40,193 [WARN] ModelIntegratedComponent:63 - No mode defined for component null
2025-12-25 15:32:40,193 [WARN] ModelIntegratedComponent:63 - No mode defined for component null
2025-12-25 15:32:40,193 [WARN] ModelIntegratedComponent:63 - No mode defined for component null
2025-12-25 15:32:40,193 [WARN] ModelIntegratedComponent:63 - No mode defined for component null
2025-12-25 15:32:40,193 [WARN] ModelIntegratedComponent:63 - No mode defined for component null
2025-12-25 15:32:40,193 [WARN] ModelIntegratedComponent:63 - No mode defined for component null
2025-12-25 15:32:40,193 [WARN] ModelIntegratedComponent:63 - No mode defined for component null
2025-12-25 15:32:40,193 [WARN] ModelIntegratedComponent:63 - No mode defined for component null
2025-12-25 15:32:40,193 [WARN] ModelIntegratedComponent:63 - No mode defined for component null
2025-12-25 15:32:40,193 [WARN] ModelIntegratedComponent:63 - No mode defined for component null
2025-12-25 15:32:40,193 [WARN] ModelIntegratedComponent:63 - No mode defined for component null
2025-12-25 15:32:40,193 [WARN] ModelIntegratedComponent:63 - No mode defined for component null
2025-12-25 15:32:40,193 [WARN] ModelIntegratedComponent:63 - No mode defined for component null
2025-12-25 15:32:40,193 [WARN] ModelIntegratedComponent:63 - No mode defined for component null
2025-12-25 15:32:40,193 [WARN] ModelIntegratedComponent:63 - No mode defined for component null
2025-12-25 15:32:40,193 [WARN] ModelIntegratedComponent:63 - No mode defined for component null
2025-12-25 15:32:40,193 [WARN] ModelIntegratedComponent:63 - No mode defined for component null
2025-12-25 15:32:40,193 [WARN] ModelIntegratedComponent:63 - No mode defined for component null
2025-12-25 15:32:40,194 [WARN] ModelPack:524 - Component already loaded: STMicroelectronics:HAL Drivers:0.0.0:STMicroelectronics:Device:STMicro_Driver:XSPI:HAL::0.0.1:HAL_XSPI
2025-12-25 15:32:40,399 [INFO] ThirdPartyModel:298 - Start build external matchings
2025-12-25 15:32:41,408 [INFO] ThirdPartyModel:316 - End build external matchings
2025-12-25 15:32:41,438 [WARN] IP:2251 - ClockDivider not found: check if there is a RefParameter without a condition.
2025-12-25 15:32:41,439 [WARN] IP:2251 - ClockDividerCCU not found: check if there is a RefParameter without a condition.
2025-12-25 15:32:41,439 [WARN] IP:2251 - MinOscClkPeriodsCCU not found: check if there is a RefParameter without a condition.
2025-12-25 15:32:41,439 [WARN] IP:2251 - TimeQuantaPerBitTimeCCU not found: check if there is a RefParameter without a condition.
2025-12-25 15:32:41,439 [WARN] IP:2251 - WatchdogStartValueCCU not found: check if there is a RefParameter without a condition.
2025-12-25 15:32:42,267 [INFO] ApiDb:581 - Connected to CubeFinder SQLite database (C:\Users\kamil\.stmcufinder\plugins\mcufinder\mcu\cube-finder-db.db)
2025-12-25 15:32:42,359 [INFO] ApiDb:668 - CubeFinder database Data Model version=2.1
2025-12-25 15:32:42,359 [INFO] ApiDb:669 - CubeFinder database Configuration version=3.0.39
2025-12-25 15:32:42,359 [INFO] ApiDb:670 - CubeFinder database generation date=2025-11-05 (1762334721)
2025-12-25 15:32:42,359 [INFO] ApiDb:671 - CubeFinder database FW Pack versions=[FP-ATR-ASTRA1_V2.0.0, FP-SNS-FLIGHT1_V5.1.0, FP-SNS-MOTENV1_V5.1.0, FP-SNS-MOTENVWB1_V1.4.0, FP-SNS-SMARTAG2_V1.2.0, FP-SNS-STBOX1_V2.1.0, STM32Cube_FW_C0_V1.4.0, STM32Cube_FW_F4_V1.28.3, STM32Cube_FW_F7_V1.17.4, STM32Cube_FW_G0_V1.6.2, STM32Cube_FW_G4_V1.6.1, STM32Cube_FW_H5_V1.5.1, STM32Cube_FW_H7RS_V1.3.0, STM32Cube_FW_H7_V1.12.1, STM32Cube_FW_L0_V1.12.2, STM32Cube_FW_L4_V1.18.1, STM32Cube_FW_L5_V1.6.0, STM32Cube_FW_N6_V1.3.0, STM32Cube_FW_U0_V1.3.0, STM32Cube_FW_U3_V1.2.1, STM32Cube_FW_U5_V1.8.0, STM32Cube_FW_WB0_V1.4.0, STM32Cube_FW_WBA_V1.8.0, STM32Cube_FW_WB_V1.24.0, STM32Cube_FW_WL3_V1.3.0, STM32Cube_FW_WL_V1.4.0, X-CUBE-ALGOBUILD_V1.4.0, X-CUBE-ALS_V1.0.2, X-CUBE-AZRTOS-F4_V1.1.0, X-CUBE-AZRTOS-F7_V1.1.0, X-CUBE-AZRTOS-G0_V1.1.0, X-CUBE-AZRTOS-G4_V2.0.0, X-CUBE-AZRTOS-H7RS_V1.1.0, X-CUBE-AZRTOS-H7_V3.4.0, X-CUBE-AZRTOS-L4_V2.0.0, X-CUBE-AZRTOS-L5_V2.0.0, X-CUBE-AZRTOS-WB_V2.0.0, X-CUBE-AZRTOS-WL_V2.0.0, X-CUBE-BLE1_V7.1.0, X-CUBE-BLE2_V3.3.0, X-CUBE-BLEMGR_V4.1.0, X-CUBE-EEPRMA1_V5.2.0, X-CUBE-FREERTOS_V1.3.1, X-CUBE-GNSS1_V6.0.0, X-CUBE-MEMS1_V11.3.0, X-CUBE-NFC4_V3.0.0, X-CUBE-NFC7_V2.0.0, X-CUBE-SFXS2LP1_V4.0.0, X-CUBE-ST67W61_V1.1.0, X-CUBE-SUBG2_V5.0.0, X-CUBE-TOF1_V3.4.3]
2025-12-25 15:32:42,519 [INFO] DbBoardsSqlite:226 - include board P-NUCLEO-WB55-NUCLEO as a kit item of type 'Nucleo-64'
2025-12-25 15:32:42,519 [INFO] DbBoardsSqlite:226 - include board P-NUCLEO-WB55-USBDONGLE as a kit item of type 'Nucleo USB Dongle'
2025-12-25 15:32:42,520 [INFO] DbBoardsSqlite:226 - include board STEVAL-IDP005V1 as a kit item of type 'Evaluation Board'
2025-12-25 15:32:42,521 [INFO] DbBoardsSqlite:226 - include board STEVAL-IDP005V2 as a kit item of type 'Evaluation Board'
2025-12-25 15:32:42,940 [INFO] ApiDb:240 - Found 858 in-development CPN: [B-G473E-ZEST1S, B-WB1M-WPAN1, B-WBA5M-WPAN, B-WL5M-SUBG1, NUCLEO-C031C6, NUCLEO-C051C8, NUCLEO-C071RB, NUCLEO-C092RC, NUCLEO-H503RB, NUCLEO-H533RE, NUCLEO-H563ZI, NUCLEO-H7S3L8, NUCLEO-N657X0-Q, NUCLEO-U031R8, NUCLEO-U083RC, NUCLEO-U385RG-Q, NUCLEO-U545RE-Q, NUCLEO-U5A5ZJ-Q, NUCLEO-WB05KZ, NUCLEO-WB07CC, NUCLEO-WB09KE, NUCLEO-WBA52CG, NUCLEO-WBA55CG, NUCLEO-WL33CC1, NUCLEO-WL33CC2, STEVAL-PROTEUS1, STEVAL-SMARTAG2, STEVAL-STWINBX1, STM320518-EVAL, STM32C0116-DK, STM32C011D6Y3TR, STM32C011D6Y6TR, STM32C011F4P3, STM32C011F4P6, STM32C011F4U3, STM32C011F4U6TR, STM32C011F6P3, STM32C011F6P6, STM32C011F6U3, STM32C011F6U6TR, STM32C011J4M3, STM32C011J4M6, STM32C011J6M3, STM32C011J6M6, STM32C0316-DK, STM32C031C4T3, STM32C031C4T6, STM32C031C4U3, STM32C031C4U6, STM32C031C6T3, STM32C031C6T6, STM32C031C6U3, STM32C031C6U6, STM32C031F4P3, STM32C031F4P6, STM32C031F6P3, STM32C031F6P6, STM32C031G4U3, STM32C031G4U6, STM32C031G6U3, STM32C031G6U6, STM32C031K4T3, STM32C031K4T6, STM32C031K4U3, STM32C031K4U6, STM32C031K6T3, STM32C031K6T6, STM32C031K6U3, STM32C031K6U6, STM32C051C6T6, STM32C051C6U6, STM32C051C8T6, STM32C051C8U6, STM32C051D8Y6TR, STM32C051F6P6, STM32C051F8P6, STM32C051G6U6, STM32C051G8U6, STM32C051K6T6, STM32C051K6U6, STM32C051K8T6, STM32C071C8T6, STM32C071C8T6N, STM32C071C8U6, STM32C071C8U6N, STM32C071CBT6, STM32C071CBT6N, STM32C071CBU6, STM32C071CBU6N, STM32C071F8P6, STM32C071F8P6N, STM32C071FBP6, STM32C071FBP6N, STM32C071FBY6TR, STM32C071G8U6, STM32C071G8U6N, STM32C071GBU6, STM32C071GBU6N, STM32C071K8T6, STM32C071K8T6N, STM32C071K8U6, STM32C071K8U6N, STM32C071KBT6, STM32C071KBT6N, STM32C071KBU6, STM32C071KBU6N, STM32C071R8T6, STM32C071R8T6N, STM32C071RBI6N, STM32C071RBT6, STM32C071RBT6N, STM32C091CBT6, STM32C091CBU6, STM32C091CCT6, STM32C091CCU6, STM32C091ECY6TR, STM32C091FBP6, STM32C091FCP6, STM32C091GBU6, STM32C091GCU6, STM32C091KBT6, STM32C091KBU6, STM32C091KCT6, STM32C091KCU6, STM32C091RBT6, STM32C091RCI6, STM32C091RCT6, STM32C092CBT6, STM32C092CBU6, STM32C092CCT6, STM32C092CCU6, STM32C092ECY6TR, STM32C092FBP6, STM32C092FCP6, STM32C092GBU6, STM32C092GCU6, STM32C092KBT6, STM32C092KBU6, STM32C092KCT6, STM32C092KCU6, STM32C092RBT6, STM32C092RCI6, STM32C092RCT6, STM32G071K8TXN, STM32G071K8UXN, STM32G081GBU6N, STM32G081KBT6N, STM32G081KBUXN, STM32G0B1CCT6N, STM32G0B1KCT6, STM32G0B1NEY6TR, STM32G0B1RCT6N, STM32G0C1CCT6, STM32G0C1CCT6N, STM32G0C1CCU6N, STM32G0C1CET6N, STM32G0C1CEU6N, STM32G0C1KCT6, STM32G0C1NEY6TR, STM32G0C1RCI6N, STM32G0C1RCT6N, STM32G0C1REI6N, STM32G0C1RET6N, STM32G0C1VCI6, STM32G0C1VEI6, STM32G411C6T3, STM32G411C6T6, STM32G411C6U3, STM32G411C6U6, STM32G411C8T3, STM32G411C8T6, STM32G411C8U3, STM32G411C8U6, STM32G411CBT3, STM32G411CBT6, STM32G411CBU3, STM32G411CBU6, STM32G411CCT3, STM32G411CCT6, STM32G411CCU3, STM32G411CCU6, STM32G411K6T3, STM32G411K6T6, STM32G411K6U3, STM32G411K6U6, STM32G411K8T3, STM32G411K8T6, STM32G411K8U3, STM32G411K8U6, STM32G411KBT3, STM32G411KBT6, STM32G411KBU3, STM32G411KBU6, STM32G411M6T3, STM32G411M6T6, STM32G411M8T3, STM32G411M8T6, STM32G411MBT3, STM32G411MBT6, STM32G411MCT3, STM32G411MCT6, STM32G411R6T3, STM32G411R6T6, STM32G411R8T3, STM32G411R8T6, STM32G411RBT3, STM32G411RBT6, STM32G411RCT3, STM32G411RCT6, STM32G414CBT3, STM32G414CBT6, STM32G414CBU3, STM32G414CBU6, STM32G414CCT3, STM32G414CCT6, STM32G414CCU3, STM32G414CCU6, STM32G414MBT3, STM32G414MBT6, STM32G414MCT3, STM32G414MCT6, STM32G414RBT3, STM32G414RBT6, STM32G414RCT3, STM32G414RCT6, STM32G414VBT3, STM32G414VBT6, STM32G414VCT3, STM32G414VCT6, STM32G431CBT3Z, STM32G431RBT3Z, STM32G471CCT6, STM32G471CCU6, STM32G471CET3, STM32G471CET6, STM32G471CEU3, STM32G471CEU6, STM32G471MCT6, STM32G471MET3, STM32G471MET6, STM32G471MEY6TR, STM32G471QCT6, STM32G471QET3, STM32G471RCT6, STM32G471RET3, STM32G471RET6, STM32G471VCH6, STM32G471VCI6, STM32G471VCT6, STM32G471VEH3, STM32G471VEH6, STM32G471VEI3, STM32G471VEI6, STM32G471VET3, STM32G471VET6, STM32G473QET3Z, STM32G473RET3Z, STM32G474CCT6, STM32G491RET3Z, STM32H503CBT6, STM32H503CBU6, STM32H503EBY6TR, STM32H503KBU6, STM32H503RBT6, STM32H523CCT6, STM32H523CCU6, STM32H523CET6, STM32H523CEU6, STM32H523HEY6TR, STM32H523RCT6, STM32H523RET6, STM32H523VCI6, STM32H523VCT6, STM32H523VEI6, STM32H523VET6, STM32H523ZCJ6, STM32H523ZCT6, STM32H523ZEJ6, STM32H523ZET6, STM32H533CET6, STM32H533CEU6, STM32H533HEY6TR, STM32H533RET6, STM32H533VEI6, STM32H533VET6, STM32H533ZEJ6, STM32H533ZET6, STM32H562AGI6, STM32H562AII6, STM32H562IGK6, STM32H562IGT6, STM32H562IIK6, STM32H562IIT6, STM32H562RGT6, STM32H562RGV6, STM32H562RIT6, STM32H562RIV6, STM32H562VGT6, STM32H562VIT6, STM32H562ZGT6, STM32H562ZIT6, STM32H563AGI6, STM32H563AII3Q, STM32H563AII6, STM32H563IGK6, STM32H563IGT6, STM32H563IIK3Q, STM32H563IIK6, STM32H563IIT3Q, STM32H563IIT6, STM32H563MIY3QTR, STM32H563RGT6, STM32H563RGV6, STM32H563RIT6, STM32H563RIV6, STM32H563VGT6, STM32H563VIT3Q, STM32H563VIT6, STM32H563ZGT6, STM32H563ZIT3Q, STM32H563ZIT6, STM32H573AII3Q, STM32H573AII6, STM32H573I-DK, STM32H573IIK3Q, STM32H573IIK6, STM32H573IIT3Q, STM32H573IIT6, STM32H573MIY3QTR, STM32H573RIT6, STM32H573RIV6, STM32H573VIT3Q, STM32H573VIT6, STM32H573ZIT3Q, STM32H573ZIT6, STM32H7R3A8I6, STM32H7R3I8K6, STM32H7R3I8T6, STM32H7R3L8H6, STM32H7R3L8H6H, STM32H7R3R8V6, STM32H7R3V8H6, STM32H7R3V8T6, STM32H7R3V8Y6TR, STM32H7R3Z8J6, STM32H7R3Z8T6, STM32H7R7A8I6, STM32H7R7I8K6, STM32H7R7I8T6, STM32H7R7L8H6, STM32H7R7L8H6H, STM32H7R7Z8J6, STM32H7S3A8I6, STM32H7S3I8K6, STM32H7S3I8T6, STM32H7S3L8H6, STM32H7S3L8H6H, STM32H7S3R8V6, STM32H7S3V8H6, STM32H7S3V8T6, STM32H7S3V8Y6TR, STM32H7S3Z8J6, STM32H7S3Z8T6, STM32H7S78-DK, STM32H7S7A8I6, STM32H7S7I8K6, STM32H7S7I8T6, STM32H7S7L8H6, STM32H7S7L8H6H, STM32H7S7Z8J6, STM32L4R5QGI6STR, STM32MP131AAE3, STM32MP131AAF3, STM32MP131AAG3, STM32MP131CAE3, STM32MP131CAF3, STM32MP131CAG3, STM32MP131DAE7, STM32MP131DAF7, STM32MP131DAG7, STM32MP131FAE7, STM32MP131FAF7, STM32MP131FAG7, STM32MP133AAE3, STM32MP133AAF3, STM32MP133AAG3, STM32MP133CAE3, STM32MP133CAF3, STM32MP133CAG3, STM32MP133DAE7, STM32MP133DAF7, STM32MP133DAG7, STM32MP133FAE7, STM32MP133FAF7, STM32MP133FAG7, STM32MP135AAE3, STM32MP135AAF3, STM32MP135AAG3, STM32MP135CAE3, STM32MP135CAF3, STM32MP135CAG3, STM32MP135DAE7, STM32MP135DAF7, STM32MP135DAG7, STM32MP135F-DK, STM32MP135FAE7, STM32MP135FAF7, STM32MP135FAF7T, STM32MP135FAF7U, STM32MP135FAG7, STM32MP231AAJ3, STM32MP231AAK3, STM32MP231AAL3, STM32MP231CAJ3, STM32MP231CAK3, STM32MP231CAL3, STM32MP231DAJ3, STM32MP231DAK3, STM32MP231DAL3, STM32MP231FAJ3, STM32MP231FAK3, STM32MP231FAL3, STM32MP233AAJ3, STM32MP233AAK3, STM32MP233AAL3, STM32MP233CAJ3, STM32MP233CAK3, STM32MP233CAL3, STM32MP233DAJ3, STM32MP233DAK3, STM32MP233DAL3, STM32MP233FAJ3, STM32MP233FAK3, STM32MP233FAL3, STM32MP235AAJ3, STM32MP235AAK3, STM32MP235AAL3, STM32MP235CAJ3, STM32MP235CAK3, STM32MP235CAL3, STM32MP235DAJ3, STM32MP235DAK3, STM32MP235DAL3, STM32MP235FAJ3, STM32MP235FAK3, STM32MP235FAL3, STM32MP251AAI3, STM32MP251AAJ3, STM32MP251AAK3, STM32MP251AAL3, STM32MP251CAI3, STM32MP251CAJ3, STM32MP251CAK3, STM32MP251CAL3, STM32MP251DAI3, STM32MP251DAJ3, STM32MP251DAK3, STM32MP251DAL3, STM32MP251FAI3, STM32MP251FAJ3, STM32MP251FAK3, STM32MP251FAL3, STM32MP253AAI3, STM32MP253AAJ3, STM32MP253AAK3, STM32MP253AAL3, STM32MP253CAI3, STM32MP253CAJ3, STM32MP253CAK3, STM32MP253CAL3, STM32MP253DAI3, STM32MP253DAJ3, STM32MP253DAK3, STM32MP253DAL3, STM32MP253FAI3, STM32MP253FAJ3, STM32MP253FAK3, STM32MP253FAL3, STM32MP255AAI3, STM32MP255AAJ3, STM32MP255AAK3, STM32MP255AAL3, STM32MP255CAI3, STM32MP255CAJ3, STM32MP255CAK3, STM32MP255CAL3, STM32MP255DAI3, STM32MP255DAJ3, STM32MP255DAK3, STM32MP255DAL3, STM32MP255FAI3, STM32MP255FAJ3, STM32MP255FAK3, STM32MP255FAL3, STM32MP257AAI3, STM32MP257AAJ3, STM32MP257AAK3, STM32MP257AAL3, STM32MP257CAI3, STM32MP257CAJ3, STM32MP257CAK3, STM32MP257CAL3, STM32MP257DAI3, STM32MP257DAJ3, STM32MP257DAK3, STM32MP257DAL3, STM32MP257F-DK, STM32MP257F-EV1, STM32MP257FAI3, STM32MP257FAJ3, STM32MP257FAK3, STM32MP257FAL3, STM32N645A0H3Q, STM32N645B0H3Q, STM32N645I0H3Q, STM32N645L0H3Q, STM32N645X0H3Q, STM32N645Z0H3Q, STM32N647A0H3Q, STM32N647B0H3Q, STM32N647I0H3Q, STM32N647L0H3Q, STM32N647X0H3Q, STM32N647Z0H3Q, STM32N655A0H3Q, STM32N655B0H3Q, STM32N655I0H3Q, STM32N655L0H3Q, STM32N655X0H3Q, STM32N655Z0H3Q, STM32N6570-DK, STM32N657A0H3Q, STM32N657B0H3Q, STM32N657I0H3Q, STM32N657L0H3Q, STM32N657X0H3Q, STM32N657Z0H3Q, STM32U031C6T6, STM32U031C6U6, STM32U031C8T6, STM32U031C8U6, STM32U031F4P6, STM32U031F6P6, STM32U031F8P6, STM32U031G6Y6TR, STM32U031G8Y6TR, STM32U031K4U6, STM32U031K6U6, STM32U031K8U6, STM32U031R6I6, STM32U031R6T6, STM32U031R8I6, STM32U031R8T6, STM32U073C8T6, STM32U073C8U6, STM32U073CBT6, STM32U073CBU6, STM32U073CCT6, STM32U073CCU6, STM32U073H8Y6TR, STM32U073HBY6TR, STM32U073HCY6TR, STM32U073K8U6, STM32U073KBU6, STM32U073KCU6, STM32U073M8I6, STM32U073M8T6, STM32U073MBI6, STM32U073MBT6, STM32U073MCI6, STM32U073MCT6, STM32U073R8I6, STM32U073R8T6, STM32U073RBI6, STM32U073RBT6, STM32U073RCI6, STM32U073RCT6, STM32U083C-DK, STM32U083CCT6, STM32U083CCU6, STM32U083HCY6TR, STM32U083KCU6, STM32U083MCI6, STM32U083MCT6, STM32U083RCI6, STM32U083RCT6, STM32U375CET6, STM32U375CET6Q, STM32U375CEU6, STM32U375CEU6Q, STM32U375CEY6QTR, STM32U375CGT6, STM32U375CGT6Q, STM32U375CGU6, STM32U375CGU6Q, STM32U375CGY6QTR, STM32U375KEU6, STM32U375KGU6, STM32U375REI6, STM32U375REI6Q, STM32U375RET6, STM32U375RET6Q, STM32U375REY6GTR, STM32U375REY6QTR, STM32U375RGI6, STM32U375RGI6Q, STM32U375RGT6, STM32U375RGT6Q, STM32U375RGY6GTR, STM32U375RGY6QTR, STM32U375VEI6, STM32U375VEI6Q, STM32U375VET6, STM32U375VET6Q, STM32U375VGI6, STM32U375VGI6Q, STM32U375VGT6, STM32U375VGT6Q, STM32U385CGT6, STM32U385CGT6Q, STM32U385CGU6, STM32U385CGU6Q, STM32U385CGY6QTR, STM32U385KGU6, STM32U385RGI6, STM32U385RGI6Q, STM32U385RGT6, STM32U385RGT6Q, STM32U385RGY6GTR, STM32U385RGY6QTR, STM32U385VGI6, STM32U385VGI6Q, STM32U385VGT6, STM32U385VGT6Q, STM32U535CBT6, STM32U535CBT6Q, STM32U535CBU6, STM32U535CBU6Q, STM32U535CCT6, STM32U535CCT6Q, STM32U535CCU6, STM32U535CCU6Q, STM32U535CET6, STM32U535CET6Q, STM32U535CEU6, STM32U535CEU6Q, STM32U535JEY6QTR, STM32U535NCY6QTR, STM32U535NEY6QTR, STM32U535RBI6, STM32U535RBI6Q, STM32U535RBT6, STM32U535RBT6Q, STM32U535RCI6, STM32U535RCI6Q, STM32U535RCT6, STM32U535RCT6Q, STM32U535REI6, STM32U535REI6Q, STM32U535RET6, STM32U535RET6Q, STM32U535VCI6, STM32U535VCI6Q, STM32U535VCT6, STM32U535VCT6Q, STM32U535VEI6, STM32U535VEI6Q, STM32U535VET6, STM32U535VET6Q, STM32U545CET6, STM32U545CET6Q, STM32U545CEU6, STM32U545CEU6Q, STM32U545JEY6QTR, STM32U545NEY6QTR, STM32U545REI6, STM32U545REI6Q, STM32U545RET6, STM32U545RET6Q, STM32U545VEI6, STM32U545VEI6Q, STM32U545VET6, STM32U545VET6Q, STM32U595AIH6, STM32U595AIH6Q, STM32U595AJH6, STM32U595AJH6Q, STM32U595QII6, STM32U595QII6Q, STM32U595QJI6, STM32U595QJI6Q, STM32U595RIT6, STM32U595RIT6Q, STM32U595RJT6, STM32U595RJT6Q, STM32U595VIT6, STM32U595VIT6Q, STM32U595VJT6, STM32U595VJT6Q, STM32U595ZIT6, STM32U595ZIT6Q, STM32U595ZIY6QTR, STM32U595ZJT6, STM32U595ZJT6Q, STM32U595ZJY6QTR, STM32U599BJY6QTR, STM32U599NIH6Q, STM32U599NJH6Q, STM32U599VIT6Q, STM32U599VJT6, STM32U599VJT6Q, STM32U599ZIT6Q, STM32U599ZIY6QTR, STM32U599ZJT6Q, STM32U599ZJY6QTR, STM32U5A5AJH6, STM32U5A5AJH6Q, STM32U5A5QII3Q , STM32U5A5QJI6, STM32U5A5QJI6Q, STM32U5A5RJT6, STM32U5A5RJT6Q, STM32U5A5VJT6, STM32U5A5VJT6Q, STM32U5A5ZJT6, STM32U5A5ZJT6Q, STM32U5A5ZJY6QTR, STM32U5A9BJY6QTR, STM32U5A9J-DK, STM32U5A9NJH6Q, STM32U5A9VJT6Q, STM32U5A9ZJT6Q, STM32U5A9ZJY6QTR, STM32U5F7VIT6, STM32U5F7VIT6Q, STM32U5F7VJT6, STM32U5F7VJT6Q, STM32U5F9BJY6QTR, STM32U5F9NJH6Q, STM32U5F9VIT6Q, STM32U5F9VJT6Q, STM32U5F9ZIJ6QTR, STM32U5F9ZIT6Q, STM32U5F9ZJJ6QTR, STM32U5F9ZJT6Q, STM32U5G7VJT6, STM32U5G7VJT6Q, STM32U5G9BJY6QTR, STM32U5G9J-DK1, STM32U5G9J-DK2, STM32U5G9NJH6Q, STM32U5G9VJT6Q, STM32U5G9ZJJ6QTR, STM32U5G9ZJT6Q, STM32WB05KZV6TR, STM32WB05KZV7TR, STM32WB05TZF6TR, STM32WB05TZF7TR, STM32WB06CCF6TR, STM32WB06CCF7TR, STM32WB06CCV6TR, STM32WB06CCV7TR, STM32WB06KCV6TR, STM32WB06KCV7TR, STM32WB07CCF6TR, STM32WB07CCF7TR, STM32WB07CCV6TR, STM32WB07CCV7TR, STM32WB07KCV6TR, STM32WB07KCV7TR, STM32WB09KEV6TR, STM32WB09KEV7TR, STM32WB09TEF6TR, STM32WB09TEF7TR, STM32WB1MMCH6, STM32WBA50KGU6, STM32WBA50KGU6TR, STM32WBA52CEU6, STM32WBA52CEU6TR, STM32WBA52CEU7, STM32WBA52CEU7TR, STM32WBA52CGU6, STM32WBA52CGU6TR, STM32WBA52CGU6U, STM32WBA52CGU7, STM32WBA52CGU7TR, STM32WBA52KEU6, STM32WBA52KEU6TR, STM32WBA52KGU6, STM32WBA52KGU6TR, STM32WBA54CEU6, STM32WBA54CEU6TR, STM32WBA54CEU7, STM32WBA54CEU7TR, STM32WBA54CGU6, STM32WBA54CGU6TR, STM32WBA54CGU7, STM32WBA54CGU7TR, STM32WBA54KEU6, STM32WBA54KEU6TR, STM32WBA54KEU7, STM32WBA54KEU7TR, STM32WBA54KGU6, STM32WBA54KGU6TR, STM32WBA54KGU7, STM32WBA54KGU7TR, STM32WBA55CEU6, STM32WBA55CEU6TR, STM32WBA55CEU7, STM32WBA55CEU7TR, STM32WBA55CGU6, STM32WBA55CGU6TR, STM32WBA55CGU6U, STM32WBA55CGU7, STM32WBA55CGU7TR, STM32WBA55G-DK1, STM32WBA55HEF6, STM32WBA55HEF7, STM32WBA55HGF6, STM32WBA55HGF7, STM32WBA55UEI6, STM32WBA55UEI6TR, STM32WBA55UEI7, STM32WBA55UEI7TR, STM32WBA55UGI6, STM32WBA55UGI6TR, STM32WBA55UGI7, STM32WBA55UGI7TR, STM32WBA5MJGH6TR, STM32WBA5MJGH6U, STM32WL33C8V6, STM32WL33C8V6TR, STM32WL33C8V7, STM32WL33C8V7TR, STM32WL33CBV6, STM32WL33CBV6TR, STM32WL33CBV7, STM32WL33CBV7TR, STM32WL33CCV6, STM32WL33CCV6TR, STM32WL33CCV7, STM32WL33CCV7A, STM32WL33CCV7ATR, STM32WL33CCV7TR, STM32WL33K8V6, STM32WL33K8V6TR, STM32WL33K8V7, STM32WL33K8V7TR, STM32WL33KBV6, STM32WL33KBV6TR, STM32WL33KBV7, STM32WL33KBV7TR, STM32WL33KCV6, STM32WL33KCV6TR, STM32WL33KCV7, STM32WL33KCV7TR, STM32WL5MOCH6, STM32WL5MOCH6TR]
2025-12-25 15:32:42,946 [INFO] ApiDb:668 - CubeFinder database Data Model version=2.1
2025-12-25 15:32:42,947 [INFO] ApiDb:669 - CubeFinder database Configuration version=3.0.39
2025-12-25 15:32:42,947 [INFO] ApiDb:670 - CubeFinder database generation date=2025-11-05 (1762334721)
2025-12-25 15:32:42,947 [INFO] ApiDb:671 - CubeFinder database FW Pack versions=[FP-ATR-ASTRA1_V2.0.0, FP-SNS-FLIGHT1_V5.1.0, FP-SNS-MOTENV1_V5.1.0, FP-SNS-MOTENVWB1_V1.4.0, FP-SNS-SMARTAG2_V1.2.0, FP-SNS-STBOX1_V2.1.0, STM32Cube_FW_C0_V1.4.0, STM32Cube_FW_F4_V1.28.3, STM32Cube_FW_F7_V1.17.4, STM32Cube_FW_G0_V1.6.2, STM32Cube_FW_G4_V1.6.1, STM32Cube_FW_H5_V1.5.1, STM32Cube_FW_H7RS_V1.3.0, STM32Cube_FW_H7_V1.12.1, STM32Cube_FW_L0_V1.12.2, STM32Cube_FW_L4_V1.18.1, STM32Cube_FW_L5_V1.6.0, STM32Cube_FW_N6_V1.3.0, STM32Cube_FW_U0_V1.3.0, STM32Cube_FW_U3_V1.2.1, STM32Cube_FW_U5_V1.8.0, STM32Cube_FW_WB0_V1.4.0, STM32Cube_FW_WBA_V1.8.0, STM32Cube_FW_WB_V1.24.0, STM32Cube_FW_WL3_V1.3.0, STM32Cube_FW_WL_V1.4.0, X-CUBE-ALGOBUILD_V1.4.0, X-CUBE-ALS_V1.0.2, X-CUBE-AZRTOS-F4_V1.1.0, X-CUBE-AZRTOS-F7_V1.1.0, X-CUBE-AZRTOS-G0_V1.1.0, X-CUBE-AZRTOS-G4_V2.0.0, X-CUBE-AZRTOS-H7RS_V1.1.0, X-CUBE-AZRTOS-H7_V3.4.0, X-CUBE-AZRTOS-L4_V2.0.0, X-CUBE-AZRTOS-L5_V2.0.0, X-CUBE-AZRTOS-WB_V2.0.0, X-CUBE-AZRTOS-WL_V2.0.0, X-CUBE-BLE1_V7.1.0, X-CUBE-BLE2_V3.3.0, X-CUBE-BLEMGR_V4.1.0, X-CUBE-EEPRMA1_V5.2.0, X-CUBE-FREERTOS_V1.3.1, X-CUBE-GNSS1_V6.0.0, X-CUBE-MEMS1_V11.3.0, X-CUBE-NFC4_V3.0.0, X-CUBE-NFC7_V2.0.0, X-CUBE-SFXS2LP1_V4.0.0, X-CUBE-ST67W61_V1.1.0, X-CUBE-SUBG2_V5.0.0, X-CUBE-TOF1_V3.4.3]
2025-12-25 15:32:45,216 [INFO] ApiDb:240 - Found 858 in-development CPN: [B-G473E-ZEST1S, B-WB1M-WPAN1, B-WBA5M-WPAN, B-WL5M-SUBG1, NUCLEO-C031C6, NUCLEO-C051C8, NUCLEO-C071RB, NUCLEO-C092RC, NUCLEO-H503RB, NUCLEO-H533RE, NUCLEO-H563ZI, NUCLEO-H7S3L8, NUCLEO-N657X0-Q, NUCLEO-U031R8, NUCLEO-U083RC, NUCLEO-U385RG-Q, NUCLEO-U545RE-Q, NUCLEO-U5A5ZJ-Q, NUCLEO-WB05KZ, NUCLEO-WB07CC, NUCLEO-WB09KE, NUCLEO-WBA52CG, NUCLEO-WBA55CG, NUCLEO-WL33CC1, NUCLEO-WL33CC2, STEVAL-PROTEUS1, STEVAL-SMARTAG2, STEVAL-STWINBX1, STM320518-EVAL, STM32C0116-DK, STM32C011D6Y3TR, STM32C011D6Y6TR, STM32C011F4P3, STM32C011F4P6, STM32C011F4U3, STM32C011F4U6TR, STM32C011F6P3, STM32C011F6P6, STM32C011F6U3, STM32C011F6U6TR, STM32C011J4M3, STM32C011J4M6, STM32C011J6M3, STM32C011J6M6, STM32C0316-DK, STM32C031C4T3, STM32C031C4T6, STM32C031C4U3, STM32C031C4U6, STM32C031C6T3, STM32C031C6T6, STM32C031C6U3, STM32C031C6U6, STM32C031F4P3, STM32C031F4P6, STM32C031F6P3, STM32C031F6P6, STM32C031G4U3, STM32C031G4U6, STM32C031G6U3, STM32C031G6U6, STM32C031K4T3, STM32C031K4T6, STM32C031K4U3, STM32C031K4U6, STM32C031K6T3, STM32C031K6T6, STM32C031K6U3, STM32C031K6U6, STM32C051C6T6, STM32C051C6U6, STM32C051C8T6, STM32C051C8U6, STM32C051D8Y6TR, STM32C051F6P6, STM32C051F8P6, STM32C051G6U6, STM32C051G8U6, STM32C051K6T6, STM32C051K6U6, STM32C051K8T6, STM32C071C8T6, STM32C071C8T6N, STM32C071C8U6, STM32C071C8U6N, STM32C071CBT6, STM32C071CBT6N, STM32C071CBU6, STM32C071CBU6N, STM32C071F8P6, STM32C071F8P6N, STM32C071FBP6, STM32C071FBP6N, STM32C071FBY6TR, STM32C071G8U6, STM32C071G8U6N, STM32C071GBU6, STM32C071GBU6N, STM32C071K8T6, STM32C071K8T6N, STM32C071K8U6, STM32C071K8U6N, STM32C071KBT6, STM32C071KBT6N, STM32C071KBU6, STM32C071KBU6N, STM32C071R8T6, STM32C071R8T6N, STM32C071RBI6N, STM32C071RBT6, STM32C071RBT6N, STM32C091CBT6, STM32C091CBU6, STM32C091CCT6, STM32C091CCU6, STM32C091ECY6TR, STM32C091FBP6, STM32C091FCP6, STM32C091GBU6, STM32C091GCU6, STM32C091KBT6, STM32C091KBU6, STM32C091KCT6, STM32C091KCU6, STM32C091RBT6, STM32C091RCI6, STM32C091RCT6, STM32C092CBT6, STM32C092CBU6, STM32C092CCT6, STM32C092CCU6, STM32C092ECY6TR, STM32C092FBP6, STM32C092FCP6, STM32C092GBU6, STM32C092GCU6, STM32C092KBT6, STM32C092KBU6, STM32C092KCT6, STM32C092KCU6, STM32C092RBT6, STM32C092RCI6, STM32C092RCT6, STM32G071K8TXN, STM32G071K8UXN, STM32G081GBU6N, STM32G081KBT6N, STM32G081KBUXN, STM32G0B1CCT6N, STM32G0B1KCT6, STM32G0B1NEY6TR, STM32G0B1RCT6N, STM32G0C1CCT6, STM32G0C1CCT6N, STM32G0C1CCU6N, STM32G0C1CET6N, STM32G0C1CEU6N, STM32G0C1KCT6, STM32G0C1NEY6TR, STM32G0C1RCI6N, STM32G0C1RCT6N, STM32G0C1REI6N, STM32G0C1RET6N, STM32G0C1VCI6, STM32G0C1VEI6, STM32G411C6T3, STM32G411C6T6, STM32G411C6U3, STM32G411C6U6, STM32G411C8T3, STM32G411C8T6, STM32G411C8U3, STM32G411C8U6, STM32G411CBT3, STM32G411CBT6, STM32G411CBU3, STM32G411CBU6, STM32G411CCT3, STM32G411CCT6, STM32G411CCU3, STM32G411CCU6, STM32G411K6T3, STM32G411K6T6, STM32G411K6U3, STM32G411K6U6, STM32G411K8T3, STM32G411K8T6, STM32G411K8U3, STM32G411K8U6, STM32G411KBT3, STM32G411KBT6, STM32G411KBU3, STM32G411KBU6, STM32G411M6T3, STM32G411M6T6, STM32G411M8T3, STM32G411M8T6, STM32G411MBT3, STM32G411MBT6, STM32G411MCT3, STM32G411MCT6, STM32G411R6T3, STM32G411R6T6, STM32G411R8T3, STM32G411R8T6, STM32G411RBT3, STM32G411RBT6, STM32G411RCT3, STM32G411RCT6, STM32G414CBT3, STM32G414CBT6, STM32G414CBU3, STM32G414CBU6, STM32G414CCT3, STM32G414CCT6, STM32G414CCU3, STM32G414CCU6, STM32G414MBT3, STM32G414MBT6, STM32G414MCT3, STM32G414MCT6, STM32G414RBT3, STM32G414RBT6, STM32G414RCT3, STM32G414RCT6, STM32G414VBT3, STM32G414VBT6, STM32G414VCT3, STM32G414VCT6, STM32G431CBT3Z, STM32G431RBT3Z, STM32G471CCT6, STM32G471CCU6, STM32G471CET3, STM32G471CET6, STM32G471CEU3, STM32G471CEU6, STM32G471MCT6, STM32G471MET3, STM32G471MET6, STM32G471MEY6TR, STM32G471QCT6, STM32G471QET3, STM32G471RCT6, STM32G471RET3, STM32G471RET6, STM32G471VCH6, STM32G471VCI6, STM32G471VCT6, STM32G471VEH3, STM32G471VEH6, STM32G471VEI3, STM32G471VEI6, STM32G471VET3, STM32G471VET6, STM32G473QET3Z, STM32G473RET3Z, STM32G474CCT6, STM32G491RET3Z, STM32H503CBT6, STM32H503CBU6, STM32H503EBY6TR, STM32H503KBU6, STM32H503RBT6, STM32H523CCT6, STM32H523CCU6, STM32H523CET6, STM32H523CEU6, STM32H523HEY6TR, STM32H523RCT6, STM32H523RET6, STM32H523VCI6, STM32H523VCT6, STM32H523VEI6, STM32H523VET6, STM32H523ZCJ6, STM32H523ZCT6, STM32H523ZEJ6, STM32H523ZET6, STM32H533CET6, STM32H533CEU6, STM32H533HEY6TR, STM32H533RET6, STM32H533VEI6, STM32H533VET6, STM32H533ZEJ6, STM32H533ZET6, STM32H562AGI6, STM32H562AII6, STM32H562IGK6, STM32H562IGT6, STM32H562IIK6, STM32H562IIT6, STM32H562RGT6, STM32H562RGV6, STM32H562RIT6, STM32H562RIV6, STM32H562VGT6, STM32H562VIT6, STM32H562ZGT6, STM32H562ZIT6, STM32H563AGI6, STM32H563AII3Q, STM32H563AII6, STM32H563IGK6, STM32H563IGT6, STM32H563IIK3Q, STM32H563IIK6, STM32H563IIT3Q, STM32H563IIT6, STM32H563MIY3QTR, STM32H563RGT6, STM32H563RGV6, STM32H563RIT6, STM32H563RIV6, STM32H563VGT6, STM32H563VIT3Q, STM32H563VIT6, STM32H563ZGT6, STM32H563ZIT3Q, STM32H563ZIT6, STM32H573AII3Q, STM32H573AII6, STM32H573I-DK, STM32H573IIK3Q, STM32H573IIK6, STM32H573IIT3Q, STM32H573IIT6, STM32H573MIY3QTR, STM32H573RIT6, STM32H573RIV6, STM32H573VIT3Q, STM32H573VIT6, STM32H573ZIT3Q, STM32H573ZIT6, STM32H7R3A8I6, STM32H7R3I8K6, STM32H7R3I8T6, STM32H7R3L8H6, STM32H7R3L8H6H, STM32H7R3R8V6, STM32H7R3V8H6, STM32H7R3V8T6, STM32H7R3V8Y6TR, STM32H7R3Z8J6, STM32H7R3Z8T6, STM32H7R7A8I6, STM32H7R7I8K6, STM32H7R7I8T6, STM32H7R7L8H6, STM32H7R7L8H6H, STM32H7R7Z8J6, STM32H7S3A8I6, STM32H7S3I8K6, STM32H7S3I8T6, STM32H7S3L8H6, STM32H7S3L8H6H, STM32H7S3R8V6, STM32H7S3V8H6, STM32H7S3V8T6, STM32H7S3V8Y6TR, STM32H7S3Z8J6, STM32H7S3Z8T6, STM32H7S78-DK, STM32H7S7A8I6, STM32H7S7I8K6, STM32H7S7I8T6, STM32H7S7L8H6, STM32H7S7L8H6H, STM32H7S7Z8J6, STM32L4R5QGI6STR, STM32MP131AAE3, STM32MP131AAF3, STM32MP131AAG3, STM32MP131CAE3, STM32MP131CAF3, STM32MP131CAG3, STM32MP131DAE7, STM32MP131DAF7, STM32MP131DAG7, STM32MP131FAE7, STM32MP131FAF7, STM32MP131FAG7, STM32MP133AAE3, STM32MP133AAF3, STM32MP133AAG3, STM32MP133CAE3, STM32MP133CAF3, STM32MP133CAG3, STM32MP133DAE7, STM32MP133DAF7, STM32MP133DAG7, STM32MP133FAE7, STM32MP133FAF7, STM32MP133FAG7, STM32MP135AAE3, STM32MP135AAF3, STM32MP135AAG3, STM32MP135CAE3, STM32MP135CAF3, STM32MP135CAG3, STM32MP135DAE7, STM32MP135DAF7, STM32MP135DAG7, STM32MP135F-DK, STM32MP135FAE7, STM32MP135FAF7, STM32MP135FAF7T, STM32MP135FAF7U, STM32MP135FAG7, STM32MP231AAJ3, STM32MP231AAK3, STM32MP231AAL3, STM32MP231CAJ3, STM32MP231CAK3, STM32MP231CAL3, STM32MP231DAJ3, STM32MP231DAK3, STM32MP231DAL3, STM32MP231FAJ3, STM32MP231FAK3, STM32MP231FAL3, STM32MP233AAJ3, STM32MP233AAK3, STM32MP233AAL3, STM32MP233CAJ3, STM32MP233CAK3, STM32MP233CAL3, STM32MP233DAJ3, STM32MP233DAK3, STM32MP233DAL3, STM32MP233FAJ3, STM32MP233FAK3, STM32MP233FAL3, STM32MP235AAJ3, STM32MP235AAK3, STM32MP235AAL3, STM32MP235CAJ3, STM32MP235CAK3, STM32MP235CAL3, STM32MP235DAJ3, STM32MP235DAK3, STM32MP235DAL3, STM32MP235FAJ3, STM32MP235FAK3, STM32MP235FAL3, STM32MP251AAI3, STM32MP251AAJ3, STM32MP251AAK3, STM32MP251AAL3, STM32MP251CAI3, STM32MP251CAJ3, STM32MP251CAK3, STM32MP251CAL3, STM32MP251DAI3, STM32MP251DAJ3, STM32MP251DAK3, STM32MP251DAL3, STM32MP251FAI3, STM32MP251FAJ3, STM32MP251FAK3, STM32MP251FAL3, STM32MP253AAI3, STM32MP253AAJ3, STM32MP253AAK3, STM32MP253AAL3, STM32MP253CAI3, STM32MP253CAJ3, STM32MP253CAK3, STM32MP253CAL3, STM32MP253DAI3, STM32MP253DAJ3, STM32MP253DAK3, STM32MP253DAL3, STM32MP253FAI3, STM32MP253FAJ3, STM32MP253FAK3, STM32MP253FAL3, STM32MP255AAI3, STM32MP255AAJ3, STM32MP255AAK3, STM32MP255AAL3, STM32MP255CAI3, STM32MP255CAJ3, STM32MP255CAK3, STM32MP255CAL3, STM32MP255DAI3, STM32MP255DAJ3, STM32MP255DAK3, STM32MP255DAL3, STM32MP255FAI3, STM32MP255FAJ3, STM32MP255FAK3, STM32MP255FAL3, STM32MP257AAI3, STM32MP257AAJ3, STM32MP257AAK3, STM32MP257AAL3, STM32MP257CAI3, STM32MP257CAJ3, STM32MP257CAK3, STM32MP257CAL3, STM32MP257DAI3, STM32MP257DAJ3, STM32MP257DAK3, STM32MP257DAL3, STM32MP257F-DK, STM32MP257F-EV1, STM32MP257FAI3, STM32MP257FAJ3, STM32MP257FAK3, STM32MP257FAL3, STM32N645A0H3Q, STM32N645B0H3Q, STM32N645I0H3Q, STM32N645L0H3Q, STM32N645X0H3Q, STM32N645Z0H3Q, STM32N647A0H3Q, STM32N647B0H3Q, STM32N647I0H3Q, STM32N647L0H3Q, STM32N647X0H3Q, STM32N647Z0H3Q, STM32N655A0H3Q, STM32N655B0H3Q, STM32N655I0H3Q, STM32N655L0H3Q, STM32N655X0H3Q, STM32N655Z0H3Q, STM32N6570-DK, STM32N657A0H3Q, STM32N657B0H3Q, STM32N657I0H3Q, STM32N657L0H3Q, STM32N657X0H3Q, STM32N657Z0H3Q, STM32U031C6T6, STM32U031C6U6, STM32U031C8T6, STM32U031C8U6, STM32U031F4P6, STM32U031F6P6, STM32U031F8P6, STM32U031G6Y6TR, STM32U031G8Y6TR, STM32U031K4U6, STM32U031K6U6, STM32U031K8U6, STM32U031R6I6, STM32U031R6T6, STM32U031R8I6, STM32U031R8T6, STM32U073C8T6, STM32U073C8U6, STM32U073CBT6, STM32U073CBU6, STM32U073CCT6, STM32U073CCU6, STM32U073H8Y6TR, STM32U073HBY6TR, STM32U073HCY6TR, STM32U073K8U6, STM32U073KBU6, STM32U073KCU6, STM32U073M8I6, STM32U073M8T6, STM32U073MBI6, STM32U073MBT6, STM32U073MCI6, STM32U073MCT6, STM32U073R8I6, STM32U073R8T6, STM32U073RBI6, STM32U073RBT6, STM32U073RCI6, STM32U073RCT6, STM32U083C-DK, STM32U083CCT6, STM32U083CCU6, STM32U083HCY6TR, STM32U083KCU6, STM32U083MCI6, STM32U083MCT6, STM32U083RCI6, STM32U083RCT6, STM32U375CET6, STM32U375CET6Q, STM32U375CEU6, STM32U375CEU6Q, STM32U375CEY6QTR, STM32U375CGT6, STM32U375CGT6Q, STM32U375CGU6, STM32U375CGU6Q, STM32U375CGY6QTR, STM32U375KEU6, STM32U375KGU6, STM32U375REI6, STM32U375REI6Q, STM32U375RET6, STM32U375RET6Q, STM32U375REY6GTR, STM32U375REY6QTR, STM32U375RGI6, STM32U375RGI6Q, STM32U375RGT6, STM32U375RGT6Q, STM32U375RGY6GTR, STM32U375RGY6QTR, STM32U375VEI6, STM32U375VEI6Q, STM32U375VET6, STM32U375VET6Q, STM32U375VGI6, STM32U375VGI6Q, STM32U375VGT6, STM32U375VGT6Q, STM32U385CGT6, STM32U385CGT6Q, STM32U385CGU6, STM32U385CGU6Q, STM32U385CGY6QTR, STM32U385KGU6, STM32U385RGI6, STM32U385RGI6Q, STM32U385RGT6, STM32U385RGT6Q, STM32U385RGY6GTR, STM32U385RGY6QTR, STM32U385VGI6, STM32U385VGI6Q, STM32U385VGT6, STM32U385VGT6Q, STM32U535CBT6, STM32U535CBT6Q, STM32U535CBU6, STM32U535CBU6Q, STM32U535CCT6, STM32U535CCT6Q, STM32U535CCU6, STM32U535CCU6Q, STM32U535CET6, STM32U535CET6Q, STM32U535CEU6, STM32U535CEU6Q, STM32U535JEY6QTR, STM32U535NCY6QTR, STM32U535NEY6QTR, STM32U535RBI6, STM32U535RBI6Q, STM32U535RBT6, STM32U535RBT6Q, STM32U535RCI6, STM32U535RCI6Q, STM32U535RCT6, STM32U535RCT6Q, STM32U535REI6, STM32U535REI6Q, STM32U535RET6, STM32U535RET6Q, STM32U535VCI6, STM32U535VCI6Q, STM32U535VCT6, STM32U535VCT6Q, STM32U535VEI6, STM32U535VEI6Q, STM32U535VET6, STM32U535VET6Q, STM32U545CET6, STM32U545CET6Q, STM32U545CEU6, STM32U545CEU6Q, STM32U545JEY6QTR, STM32U545NEY6QTR, STM32U545REI6, STM32U545REI6Q, STM32U545RET6, STM32U545RET6Q, STM32U545VEI6, STM32U545VEI6Q, STM32U545VET6, STM32U545VET6Q, STM32U595AIH6, STM32U595AIH6Q, STM32U595AJH6, STM32U595AJH6Q, STM32U595QII6, STM32U595QII6Q, STM32U595QJI6, STM32U595QJI6Q, STM32U595RIT6, STM32U595RIT6Q, STM32U595RJT6, STM32U595RJT6Q, STM32U595VIT6, STM32U595VIT6Q, STM32U595VJT6, STM32U595VJT6Q, STM32U595ZIT6, STM32U595ZIT6Q, STM32U595ZIY6QTR, STM32U595ZJT6, STM32U595ZJT6Q, STM32U595ZJY6QTR, STM32U599BJY6QTR, STM32U599NIH6Q, STM32U599NJH6Q, STM32U599VIT6Q, STM32U599VJT6, STM32U599VJT6Q, STM32U599ZIT6Q, STM32U599ZIY6QTR, STM32U599ZJT6Q, STM32U599ZJY6QTR, STM32U5A5AJH6, STM32U5A5AJH6Q, STM32U5A5QII3Q , STM32U5A5QJI6, STM32U5A5QJI6Q, STM32U5A5RJT6, STM32U5A5RJT6Q, STM32U5A5VJT6, STM32U5A5VJT6Q, STM32U5A5ZJT6, STM32U5A5ZJT6Q, STM32U5A5ZJY6QTR, STM32U5A9BJY6QTR, STM32U5A9J-DK, STM32U5A9NJH6Q, STM32U5A9VJT6Q, STM32U5A9ZJT6Q, STM32U5A9ZJY6QTR, STM32U5F7VIT6, STM32U5F7VIT6Q, STM32U5F7VJT6, STM32U5F7VJT6Q, STM32U5F9BJY6QTR, STM32U5F9NJH6Q, STM32U5F9VIT6Q, STM32U5F9VJT6Q, STM32U5F9ZIJ6QTR, STM32U5F9ZIT6Q, STM32U5F9ZJJ6QTR, STM32U5F9ZJT6Q, STM32U5G7VJT6, STM32U5G7VJT6Q, STM32U5G9BJY6QTR, STM32U5G9J-DK1, STM32U5G9J-DK2, STM32U5G9NJH6Q, STM32U5G9VJT6Q, STM32U5G9ZJJ6QTR, STM32U5G9ZJT6Q, STM32WB05KZV6TR, STM32WB05KZV7TR, STM32WB05TZF6TR, STM32WB05TZF7TR, STM32WB06CCF6TR, STM32WB06CCF7TR, STM32WB06CCV6TR, STM32WB06CCV7TR, STM32WB06KCV6TR, STM32WB06KCV7TR, STM32WB07CCF6TR, STM32WB07CCF7TR, STM32WB07CCV6TR, STM32WB07CCV7TR, STM32WB07KCV6TR, STM32WB07KCV7TR, STM32WB09KEV6TR, STM32WB09KEV7TR, STM32WB09TEF6TR, STM32WB09TEF7TR, STM32WB1MMCH6, STM32WBA50KGU6, STM32WBA50KGU6TR, STM32WBA52CEU6, STM32WBA52CEU6TR, STM32WBA52CEU7, STM32WBA52CEU7TR, STM32WBA52CGU6, STM32WBA52CGU6TR, STM32WBA52CGU6U, STM32WBA52CGU7, STM32WBA52CGU7TR, STM32WBA52KEU6, STM32WBA52KEU6TR, STM32WBA52KGU6, STM32WBA52KGU6TR, STM32WBA54CEU6, STM32WBA54CEU6TR, STM32WBA54CEU7, STM32WBA54CEU7TR, STM32WBA54CGU6, STM32WBA54CGU6TR, STM32WBA54CGU7, STM32WBA54CGU7TR, STM32WBA54KEU6, STM32WBA54KEU6TR, STM32WBA54KEU7, STM32WBA54KEU7TR, STM32WBA54KGU6, STM32WBA54KGU6TR, STM32WBA54KGU7, STM32WBA54KGU7TR, STM32WBA55CEU6, STM32WBA55CEU6TR, STM32WBA55CEU7, STM32WBA55CEU7TR, STM32WBA55CGU6, STM32WBA55CGU6TR, STM32WBA55CGU6U, STM32WBA55CGU7, STM32WBA55CGU7TR, STM32WBA55G-DK1, STM32WBA55HEF6, STM32WBA55HEF7, STM32WBA55HGF6, STM32WBA55HGF7, STM32WBA55UEI6, STM32WBA55UEI6TR, STM32WBA55UEI7, STM32WBA55UEI7TR, STM32WBA55UGI6, STM32WBA55UGI6TR, STM32WBA55UGI7, STM32WBA55UGI7TR, STM32WBA5MJGH6TR, STM32WBA5MJGH6U, STM32WL33C8V6, STM32WL33C8V6TR, STM32WL33C8V7, STM32WL33C8V7TR, STM32WL33CBV6, STM32WL33CBV6TR, STM32WL33CBV7, STM32WL33CBV7TR, STM32WL33CCV6, STM32WL33CCV6TR, STM32WL33CCV7, STM32WL33CCV7A, STM32WL33CCV7ATR, STM32WL33CCV7TR, STM32WL33K8V6, STM32WL33K8V6TR, STM32WL33K8V7, STM32WL33K8V7TR, STM32WL33KBV6, STM32WL33KBV6TR, STM32WL33KBV7, STM32WL33KBV7TR, STM32WL33KCV6, STM32WL33KCV6TR, STM32WL33KCV7, STM32WL33KCV7TR, STM32WL5MOCH6, STM32WL5MOCH6TR]
2025-12-25 15:32:45,221 [INFO] DbMcus:218 - Found 4817 MCUs, 4817 are supported
2025-12-25 15:32:45,234 [INFO] ApiDb:423 - Load user favorites file C:\Users\kamil/.stm32cubeide/favorites.mcus.txt: 1 item(s)
2025-12-25 15:32:45,234 [INFO] ApiDb:427 - User favorites MCUs=[STM32H743IIT6]
2025-12-25 15:32:45,234 [INFO] DbMcus:224 - Set 1 / 1 favorites MCUs
2025-12-25 15:32:46,008 [INFO] BoardInfo:889 - No configuration file found for board NUCLEO-WBA65RI
2025-12-25 15:32:46,009 [INFO] DbBoards:161 - Board is not supported: NUCLEO-WBA65RI
2025-12-25 15:32:46,027 [INFO] BoardInfo:889 - No configuration file found for board P-NUCLEO-WB55
2025-12-25 15:32:46,029 [INFO] DbBoards:161 - Kit is not supported: P-NUCLEO-WB55
2025-12-25 15:32:46,040 [INFO] BoardInfo:889 - No configuration file found for board STEVAL-BFA001V1B
2025-12-25 15:32:46,042 [INFO] DbBoards:161 - Kit is not supported: STEVAL-BFA001V1B
2025-12-25 15:32:46,042 [INFO] BoardInfo:889 - No configuration file found for board STEVAL-BFA001V2B
2025-12-25 15:32:46,043 [INFO] DbBoards:161 - Kit is not supported: STEVAL-BFA001V2B
2025-12-25 15:32:46,282 [INFO] BoardInfo:889 - No configuration file found for board STM32WBA65I-DK1
2025-12-25 15:32:46,284 [INFO] DbBoards:161 - Board is not supported: STM32WBA65I-DK1
2025-12-25 15:32:46,284 [INFO] DbBoards:168 - Found 211 boards, 206 are supported
2025-12-25 15:32:46,284 [INFO] DbBoards:169 - Found 211 boards, 42 of them is supported for  Bsp
2025-12-25 15:32:46,299 [INFO] ApiDb:423 - Load user favorites file C:\Users\kamil/.stm32cubeide/favorites.boards.txt: 1 item(s)
2025-12-25 15:32:46,299 [INFO] ApiDb:427 - User favorites Boards=[NUCLEO-F746ZG]
2025-12-25 15:32:46,299 [INFO] DbBoards:198 - Set 1 / 1 favorites Boards
2025-12-25 15:32:46,349 [INFO] UtilMem:75 - End LoadConfig() Used Memory: 985196024 Bytes (1073741824)
2025-12-25 15:32:46,498 [WARN] ThirdParty:833 - waiting for thirdparty lock release [change project]
2025-12-25 15:32:46,498 [INFO] ThirdParty:835 - entering critical section [change project]
2025-12-25 15:32:46,498 [INFO] ThirdParty:1030 - CMSIS Pack Vendor :STMicroelectronics X-CUBE-PM33A1 1.0.0
2025-12-25 15:32:46,498 [INFO] ThirdParty:1030 - CMSIS Pack Vendor :STMicroelectronics USBPD 4.1
2025-12-25 15:32:46,498 [INFO] ThirdParty:1030 - CMSIS Pack Vendor :STMicroelectronics USB_HOST 2.0.0
2025-12-25 15:32:46,498 [INFO] ThirdParty:1030 - CMSIS Pack Vendor :STMicroelectronics FP-SNS-MOTENVWB1 1.4.0
2025-12-25 15:32:46,498 [INFO] ThirdParty:1030 - CMSIS Pack Vendor :STMicroelectronics X-CUBE-AZRTOS-F4 1.1.0
2025-12-25 15:32:46,498 [INFO] ThirdParty:1030 - CMSIS Pack Vendor :STMicroelectronics LIBJPEG 8.0.0
2025-12-25 15:32:46,498 [INFO] ThirdParty:1030 - CMSIS Pack Vendor :STMicroelectronics FP-ATR-ASTRA1 2.0.2
2025-12-25 15:32:46,498 [INFO] ThirdParty:1030 - CMSIS Pack Vendor :STMicroelectronics FP-ATR-ASTRA1 2.0.1
2025-12-25 15:32:46,498 [INFO] ThirdParty:1030 - CMSIS Pack Vendor :STMicroelectronics X-CUBE-SMBUS 2.1.0
2025-12-25 15:32:46,498 [INFO] ThirdParty:1030 - CMSIS Pack Vendor :STMicroelectronics X-CUBE-WB05N 1.1.0
2025-12-25 15:32:46,498 [INFO] ThirdParty:1030 - CMSIS Pack Vendor :STMicroelectronics X-CUBE-ISPU 2.1.0
2025-12-25 15:32:46,499 [INFO] ThirdParty:1030 - CMSIS Pack Vendor :STMicroelectronics X-CUBE-FREERTOS 1.2.0
2025-12-25 15:32:46,499 [INFO] ThirdParty:1030 - CMSIS Pack Vendor :STMicroelectronics X-CUBE-ST60 1.0.0
2025-12-25 15:32:46,499 [INFO] ThirdParty:1030 - CMSIS Pack Vendor :STMicroelectronics X-CUBE-NFC12 1.0.0
2025-12-25 15:32:46,499 [INFO] ThirdParty:1030 - CMSIS Pack Vendor :STMicroelectronics X-CUBE-AZRTOS-F7 1.1.0
2025-12-25 15:32:46,499 [INFO] ThirdParty:1030 - CMSIS Pack Vendor :STMicroelectronics X-CUBE-AZRTOS-L5 2.0.0
2025-12-25 15:32:46,499 [INFO] ThirdParty:1030 - CMSIS Pack Vendor :STMicroelectronics USB_DEVICE 2.0.0
2025-12-25 15:32:46,499 [INFO] ThirdParty:1030 - CMSIS Pack Vendor :STMicroelectronics X-CUBE-NFC6 3.1.0
2025-12-25 15:32:46,499 [INFO] ThirdParty:1030 - CMSIS Pack Vendor :ARM CMSIS 5.7.0
2025-12-25 15:32:46,499 [INFO] ThirdParty:1030 - CMSIS Pack Vendor :STMicroelectronics X-CUBE-MEMS1 11.0.0
2025-12-25 15:32:46,499 [INFO] ThirdParty:1030 - CMSIS Pack Vendor :STMicroelectronics FreeRTOS 0.0.1
2025-12-25 15:32:46,499 [INFO] ThirdParty:1030 - CMSIS Pack Vendor :STMicroelectronics X-CUBE-DPower 1.2.0
2025-12-25 15:32:46,499 [INFO] ThirdParty:1030 - CMSIS Pack Vendor :STMicroelectronics FP-SNS-FLIGHT1 5.0.2
2025-12-25 15:32:46,499 [INFO] ThirdParty:1030 - CMSIS Pack Vendor :STMicroelectronics PDM2PCM 3.3.0
2025-12-25 15:32:46,499 [INFO] ThirdParty:1030 - CMSIS Pack Vendor :STMicroelectronics X-CUBE-AZRTOS-H7 3.4.0
2025-12-25 15:32:46,499 [INFO] ThirdParty:1030 - CMSIS Pack Vendor :STMicroelectronics X-CUBE-DISPLAY 3.0.0
2025-12-25 15:32:46,499 [INFO] ThirdParty:1030 - CMSIS Pack Vendor :STMicroelectronics X-CUBE-BLE1 7.0.0
2025-12-25 15:32:46,499 [INFO] ThirdParty:1030 - CMSIS Pack Vendor :STMicroelectronics X-CUBE-NFC10 1.0.0
2025-12-25 15:32:46,499 [INFO] ThirdParty:1030 - CMSIS Pack Vendor :STMicroelectronics X-CUBE-BLEMGR 4.0.0
2025-12-25 15:32:46,499 [INFO] ThirdParty:1030 - CMSIS Pack Vendor :STMicroelectronics X-CUBE-FREERTOS 1.3.1
2025-12-25 15:32:46,499 [INFO] ThirdParty:1030 - CMSIS Pack Vendor :STMicroelectronics HAL Drivers 0.0.0
2025-12-25 15:32:46,499 [INFO] ThirdParty:1030 - CMSIS Pack Vendor :STMicroelectronics X-CUBE-ST60 1.1.0
2025-12-25 15:32:46,499 [INFO] ThirdParty:1030 - CMSIS Pack Vendor :emotas I-CUBE-CANOPEN 1.3.0
2025-12-25 15:32:46,499 [INFO] ThirdParty:1030 - CMSIS Pack Vendor :STMicroelectronics X-CUBE-FREERTOS 1.3.0
2025-12-25 15:32:46,499 [INFO] ThirdParty:1030 - CMSIS Pack Vendor :STMicroelectronics X-CUBE-NFC7 1.0.1
2025-12-25 15:32:46,499 [INFO] ThirdParty:1030 - CMSIS Pack Vendor :STMicroelectronics MBEDTLS 2.14.1
2025-12-25 15:32:46,499 [INFO] ThirdParty:1030 - CMSIS Pack Vendor :STMicroelectronics X-CUBE-GNSS1 7.1.0
2025-12-25 15:32:46,499 [INFO] ThirdParty:1030 - CMSIS Pack Vendor :STMicroelectronics X-CUBE-TOUCHGFX 4.26.0
2025-12-25 15:32:46,499 [INFO] ThirdParty:1030 - CMSIS Pack Vendor :STMicroelectronics X-CUBE-BLEMGR 3.1.0
2025-12-25 15:32:46,499 [INFO] ThirdParty:1030 - CMSIS Pack Vendor :STMicroelectronics X-CUBE-AI 10.0.0
2025-12-25 15:32:46,499 [INFO] ThirdParty:1030 - CMSIS Pack Vendor :STMicroelectronics FP-SNS-STAIOTCFT 1.0.0
2025-12-25 15:32:46,499 [INFO] ThirdParty:1030 - CMSIS Pack Vendor :STMicroelectronics FP-SNS-SMARTAG2 1.2.0
2025-12-25 15:32:46,499 [INFO] ThirdParty:1030 - CMSIS Pack Vendor :STMicroelectronics FP-SNS-FLIGHT1 5.1.0
2025-12-25 15:32:46,499 [INFO] ThirdParty:1030 - CMSIS Pack Vendor :STMicroelectronics X-CUBE-MEMS1 11.1.0
2025-12-25 15:32:46,499 [INFO] ThirdParty:1030 - CMSIS Pack Vendor :STMicroelectronics X-CUBE-AZRTOS-WL 2.0.0
2025-12-25 15:32:46,499 [INFO] ThirdParty:1030 - CMSIS Pack Vendor :STMicroelectronics X-CUBE-DPower 1.3.0
2025-12-25 15:32:46,499 [INFO] ThirdParty:1030 - CMSIS Pack Vendor :STMicroelectronics FP-SNS-MOTENV1 5.0.0
2025-12-25 15:32:46,499 [INFO] ThirdParty:1030 - CMSIS Pack Vendor :STMicroelectronics USB_DEVICE 1.0.0
2025-12-25 15:32:46,499 [INFO] ThirdParty:1030 - CMSIS Pack Vendor :STMicroelectronics X-CUBE-AZRTOS-H7RS 1.2.0
2025-12-25 15:32:46,499 [INFO] ThirdParty:1030 - CMSIS Pack Vendor :wolfSSL I-CUBE-wolfMQTT 1.19.0
2025-12-25 15:32:46,499 [INFO] ThirdParty:1030 - CMSIS Pack Vendor :STMicroelectronics X-CUBE-AZRTOS-L4 2.0.0
2025-12-25 15:32:46,499 [INFO] ThirdParty:1030 - CMSIS Pack Vendor :STMicroelectronics ThreadX 0.0.2
2025-12-25 15:32:46,499 [INFO] ThirdParty:1030 - CMSIS Pack Vendor :WES I-CUBE-Cesium 1.3.0
2025-12-25 15:32:46,499 [INFO] ThirdParty:1030 - CMSIS Pack Vendor :STMicroelectronics lwIP 2.1.2
2025-12-25 15:32:46,499 [INFO] ThirdParty:1030 - CMSIS Pack Vendor :STMicroelectronics X-CUBE-SFXS2LP1 4.0.0
2025-12-25 15:32:46,499 [INFO] ThirdParty:1030 - CMSIS Pack Vendor :STMicroelectronics X-CUBE-BLE2 3.3.0
2025-12-25 15:32:46,499 [INFO] ThirdParty:1030 - CMSIS Pack Vendor :Avnet-IOTCONNECT X-CUBE-iotc-st67-sdk 1.0.0
2025-12-25 15:32:46,499 [INFO] ThirdParty:1030 - CMSIS Pack Vendor :STMicroelectronics PDM2PCM 3.2.0
2025-12-25 15:32:46,499 [INFO] ThirdParty:1030 - CMSIS Pack Vendor :STMicroelectronics X-CUBE-AZRTOS-H7 3.3.0
2025-12-25 15:32:46,499 [INFO] ThirdParty:1030 - CMSIS Pack Vendor :STMicroelectronics X-CUBE-NFC9 1.0.0
2025-12-25 15:32:46,499 [INFO] ThirdParty:1030 - CMSIS Pack Vendor :STMicroelectronics X-CUBE-BLE1 7.1.0
2025-12-25 15:32:46,499 [INFO] ThirdParty:1030 - CMSIS Pack Vendor :STMicroelectronics USB_DEVICE 3.0.0
2025-12-25 15:32:46,499 [INFO] ThirdParty:1030 - CMSIS Pack Vendor :STMicroelectronics X-CUBE-TCPP 4.1.0
2025-12-25 15:32:46,499 [INFO] ThirdParty:1030 - CMSIS Pack Vendor :STMicroelectronics X-CUBE-EEPRMA1 5.2.0
2025-12-25 15:32:46,499 [INFO] ThirdParty:1030 - CMSIS Pack Vendor :STMicroelectronics X-CUBE-BLEMGR 4.1.0
2025-12-25 15:32:46,499 [INFO] ThirdParty:1030 - CMSIS Pack Vendor :STMicroelectronics X-CUBE-IPS 3.0.0
2025-12-25 15:32:46,499 [INFO] ThirdParty:1030 - CMSIS Pack Vendor :STMicroelectronics X-CUBE-AZRTOS-WB 2.0.0
2025-12-25 15:32:46,499 [INFO] ThirdParty:1030 - CMSIS Pack Vendor :STMicroelectronics X-CUBE-GNSS1 7.0.0
2025-12-25 15:32:46,499 [INFO] ThirdParty:1030 - CMSIS Pack Vendor :STMicroelectronics X-CUBE-GNSS1 7.0.1
2025-12-25 15:32:46,499 [INFO] ThirdParty:1030 - CMSIS Pack Vendor :STMicroelectronics X-CUBE-TOUCHGFX 4.25.0
2025-12-25 15:32:46,500 [INFO] ThirdParty:1030 - CMSIS Pack Vendor :STMicroelectronics FP-SNS-STBOX1 2.0.0
2025-12-25 15:32:46,500 [INFO] ThirdParty:1030 - CMSIS Pack Vendor :STMicroelectronics X-CUBE-MEMS1 12.0.0
2025-12-25 15:32:46,500 [INFO] ThirdParty:1030 - CMSIS Pack Vendor :STMicroelectronics X-CUBE-AZRTOS-G0 1.1.0
2025-12-25 15:32:46,500 [INFO] ThirdParty:1030 - CMSIS Pack Vendor :STMicroelectronics X-CUBE-SAFEA1 1.2.2
2025-12-25 15:32:46,500 [INFO] ThirdParty:1030 - CMSIS Pack Vendor :STMicroelectronics X-CUBE-NFC4 3.0.0
2025-12-25 15:32:46,500 [INFO] ThirdParty:1030 - CMSIS Pack Vendor :STMicroelectronics X-CUBE-SUBG2 5.0.0
2025-12-25 15:32:46,500 [INFO] ThirdParty:1030 - CMSIS Pack Vendor :STMicroelectronics X-CUBE-AZRTOS-H7RS 1.1.0
2025-12-25 15:32:46,500 [INFO] ThirdParty:1030 - CMSIS Pack Vendor :STMicroelectronics STM32_WPAN 1.0.0
2025-12-25 15:32:46,500 [INFO] ThirdParty:1030 - CMSIS Pack Vendor :EmbeddedOffice I-CUBE-FS-RTOS 1.0.1
2025-12-25 15:32:46,500 [INFO] ThirdParty:1030 - CMSIS Pack Vendor :STMicroelectronics lwIP 2.0.3
2025-12-25 15:32:46,500 [INFO] ThirdParty:1030 - CMSIS Pack Vendor :Cesanta I-CUBE-Mongoose 7.13.0
2025-12-25 15:32:46,500 [INFO] ThirdParty:1030 - CMSIS Pack Vendor :STMicroelectronics USB_HOST 1.0.0
2025-12-25 15:32:46,500 [INFO] ThirdParty:1030 - CMSIS Pack Vendor :STMicroelectronics X-CUBE-AZRTOS-G4 2.0.0
2025-12-25 15:32:46,500 [INFO] ThirdParty:1030 - CMSIS Pack Vendor :STMicroelectronics X-CUBE-WB05N 2.0.0
2025-12-25 15:32:46,500 [INFO] ThirdParty:1030 - CMSIS Pack Vendor :STMicroelectronics PDM2PCM 3.1.0
2025-12-25 15:32:46,500 [INFO] ThirdParty:1030 - CMSIS Pack Vendor :STMicroelectronics X-CUBE-NFC7 2.0.0
2025-12-25 15:32:46,500 [INFO] ThirdParty:1030 - CMSIS Pack Vendor :STMicroelectronics X-CUBE-TCPP 4.2.0
2025-12-25 15:32:46,500 [INFO] ThirdParty:1030 - CMSIS Pack Vendor :RealThread X-CUBE-RT-Thread_Nano 4.1.1
2025-12-25 15:32:46,500 [INFO] ThirdParty:1030 - CMSIS Pack Vendor :STMicroelectronics FP-ATR-SIGFOX1 3.2.0
2025-12-25 15:32:46,500 [INFO] ThirdParty:1030 - CMSIS Pack Vendor :wolfSSL I-CUBE-wolfSSL 5.7.2
2025-12-25 15:32:46,500 [INFO] ThirdParty:1030 - CMSIS Pack Vendor :quantropi X-CUBE-qispace-sdk-base 1.9.3
2025-12-25 15:32:46,500 [INFO] ThirdParty:1030 - CMSIS Pack Vendor :STMicroelectronics X-CUBE-EEPRMA1 5.1.0
2025-12-25 15:32:46,500 [INFO] ThirdParty:1030 - CMSIS Pack Vendor :STMicroelectronics MBEDTLS 2.16.2
2025-12-25 15:32:46,500 [INFO] ThirdParty:1030 - CMSIS Pack Vendor :STMicroelectronics X-CUBE-IPS 3.1.0
2025-12-25 15:32:46,500 [INFO] ThirdParty:1030 - CMSIS Pack Vendor :STMicroelectronics X-CUBE-ALS 1.0.2
2025-12-25 15:32:46,500 [INFO] ThirdParty:1030 - CMSIS Pack Vendor :ITTIA_DB I-CUBE-ITTIADB 8.9.0
2025-12-25 15:32:46,500 [INFO] ThirdParty:1030 - CMSIS Pack Vendor :STMicroelectronics X-CUBE-TOUCHGFX 4.24.1
2025-12-25 15:32:46,500 [INFO] ThirdParty:1030 - CMSIS Pack Vendor :STMicroelectronics X-CUBE-STSE01 1.0.0
2025-12-25 15:32:46,500 [INFO] ThirdParty:1030 - CMSIS Pack Vendor :wolfSSL I-CUBE-wolfTPM 3.4.0
2025-12-25 15:32:46,500 [INFO] ThirdParty:1030 - CMSIS Pack Vendor :portGmbH I-Cube-SoM-uGOAL 1.1.0
2025-12-25 15:32:46,500 [INFO] ThirdParty:1030 - CMSIS Pack Vendor :STMicroelectronics X-CUBE-ST67W61 1.0.0
2025-12-25 15:32:46,500 [INFO] ThirdParty:1030 - CMSIS Pack Vendor :STMicroelectronics X-CUBE-AI 10.2.0
2025-12-25 15:32:46,500 [INFO] ThirdParty:1030 - CMSIS Pack Vendor :STMicroelectronics ThreadX 1.0.0
2025-12-25 15:32:46,500 [INFO] ThirdParty:1030 - CMSIS Pack Vendor :SEGGER I-CUBE-embOS 1.3.1
2025-12-25 15:32:46,500 [INFO] ThirdParty:1030 - CMSIS Pack Vendor :STMicroelectronics X-CUBE-ALGOBUILD 1.4.0
2025-12-25 15:32:46,500 [INFO] ThirdParty:1030 - CMSIS Pack Vendor :STMicroelectronics X-CUBE-MEMS1 11.3.0
2025-12-25 15:32:46,500 [INFO] ThirdParty:1030 - CMSIS Pack Vendor :STMicroelectronics X-CUBE-AZRTOS-H7RS 1.0.0
2025-12-25 15:32:46,500 [INFO] ThirdParty:1030 - CMSIS Pack Vendor :STMicroelectronics FP-ATR-ASTRA1 2.0.0
2025-12-25 15:32:46,500 [INFO] ThirdParty:1030 - CMSIS Pack Vendor :STMicroelectronics X-CUBE-TOF1 3.4.2
2025-12-25 15:32:46,500 [INFO] ThirdParty:1030 - CMSIS Pack Vendor :STMicroelectronics X-CUBE-TOF1 3.4.3
2025-12-25 15:32:46,500 [INFO] ThirdParty:1030 - CMSIS Pack Vendor :STMicroelectronics X-CUBE-AI 9.1.0
2025-12-25 15:32:46,500 [INFO] ThirdParty:1030 - CMSIS Pack Vendor :Infineon AIROC-Wi-Fi-Bluetooth-STM32 1.6.1
2025-12-25 15:32:46,500 [INFO] ThirdParty:1030 - CMSIS Pack Vendor :wolfSSL I-CUBE-wolfSSH 1.4.17
2025-12-25 15:32:46,501 [INFO] ThirdParty:841 - exiting critical section [change project]
2025-12-25 15:32:47,180 [INFO] PinOutPanel:1589 - setPackage(No Configuration,No Configuration)
2025-12-25 15:32:47,183 [INFO] PinOutPanel:1589 - setPackage(STM32H743IITx,LQFP176)
2025-12-25 15:32:48,030 [INFO] UtilMem:75 - Before build in PCC Used Memory: 850899080 Bytes (1073741824)
2025-12-25 15:32:49,010 [INFO] UtilMem:75 - After build in PCC Used Memory: 944222344 Bytes (1073741824)
2025-12-25 15:32:49,070 [INFO] IPUIPlugin:80 - create IPUIPlugin
2025-12-25 15:32:49,071 [INFO] IPUIPlugin:80 - create IPUIPlugin
2025-12-25 15:32:49,071 [INFO] IPUIPlugin:80 - create IPUIPlugin
2025-12-25 15:32:49,071 [INFO] IPUIPlugin:80 - create IPUIPlugin
2025-12-25 15:32:49,071 [INFO] IPUIPlugin:80 - create IPUIPlugin
2025-12-25 15:32:49,071 [INFO] IPUIPlugin:80 - create IPUIPlugin
2025-12-25 15:32:49,071 [INFO] IPUIPlugin:80 - create IPUIPlugin
2025-12-25 15:32:49,072 [INFO] IPUIPlugin:80 - create IPUIPlugin
2025-12-25 15:32:49,072 [INFO] IPUIPlugin:80 - create IPUIPlugin
2025-12-25 15:32:49,072 [INFO] IPUIPlugin:80 - create IPUIPlugin
2025-12-25 15:32:49,072 [INFO] IPUIPlugin:80 - create IPUIPlugin
2025-12-25 15:32:49,072 [INFO] IPUIPlugin:80 - create IPUIPlugin
2025-12-25 15:32:49,072 [INFO] IPUIPlugin:80 - create IPUIPlugin
2025-12-25 15:32:49,072 [INFO] IPUIPlugin:80 - create IPUIPlugin
2025-12-25 15:32:49,073 [INFO] IPUIPlugin:80 - create IPUIPlugin
2025-12-25 15:32:49,073 [INFO] IPUIPlugin:80 - create IPUIPlugin
2025-12-25 15:32:49,073 [INFO] IPUIPlugin:80 - create IPUIPlugin
2025-12-25 15:32:49,073 [INFO] IPUIPlugin:80 - create IPUIPlugin
2025-12-25 15:32:49,073 [INFO] IPUIPlugin:80 - create IPUIPlugin
2025-12-25 15:32:49,073 [INFO] IPUIPlugin:80 - create IPUIPlugin
2025-12-25 15:32:49,073 [INFO] IPUIPlugin:80 - create IPUIPlugin
2025-12-25 15:32:49,073 [INFO] IPUIPlugin:80 - create IPUIPlugin
2025-12-25 15:32:49,073 [INFO] IPUIPlugin:80 - create IPUIPlugin
2025-12-25 15:32:49,073 [INFO] IPUIPlugin:80 - create IPUIPlugin
2025-12-25 15:32:49,074 [INFO] IPUIPlugin:80 - create IPUIPlugin
2025-12-25 15:32:49,074 [INFO] IPUIPlugin:80 - create IPUIPlugin
2025-12-25 15:32:49,074 [INFO] IPUIPlugin:80 - create IPUIPlugin
2025-12-25 15:32:49,074 [INFO] IPUIPlugin:80 - create IPUIPlugin
2025-12-25 15:32:49,074 [INFO] IPUIPlugin:80 - create IPUIPlugin
2025-12-25 15:32:49,074 [INFO] IPUIPlugin:80 - create IPUIPlugin
2025-12-25 15:32:49,074 [INFO] IPUIPlugin:80 - create IPUIPlugin
2025-12-25 15:32:49,074 [INFO] IPUIPlugin:80 - create IPUIPlugin
2025-12-25 15:32:49,075 [INFO] IPUIPlugin:80 - create IPUIPlugin
2025-12-25 15:32:49,075 [INFO] IPUIPlugin:80 - create IPUIPlugin
2025-12-25 15:32:49,075 [INFO] IPUIPlugin:80 - create IPUIPlugin
2025-12-25 15:32:49,075 [INFO] IPUIPlugin:80 - create IPUIPlugin
2025-12-25 15:32:49,076 [INFO] IPUIPlugin:80 - create IPUIPlugin
2025-12-25 15:32:49,076 [INFO] IPUIPlugin:80 - create IPUIPlugin
2025-12-25 15:32:49,076 [INFO] IPUIPlugin:80 - create IPUIPlugin
2025-12-25 15:32:49,076 [INFO] IPUIPlugin:80 - create IPUIPlugin
2025-12-25 15:32:49,076 [INFO] IPUIPlugin:80 - create IPUIPlugin
2025-12-25 15:32:49,077 [INFO] IPUIPlugin:80 - create IPUIPlugin
2025-12-25 15:32:49,077 [INFO] IPUIPlugin:80 - create IPUIPlugin
2025-12-25 15:32:49,077 [INFO] IPUIPlugin:80 - create IPUIPlugin
2025-12-25 15:32:49,077 [INFO] IPUIPlugin:80 - create IPUIPlugin
2025-12-25 15:32:49,077 [INFO] IPUIPlugin:80 - create IPUIPlugin
2025-12-25 15:32:49,078 [INFO] IPUIPlugin:80 - create IPUIPlugin
2025-12-25 15:32:49,078 [INFO] IPUIPlugin:80 - create IPUIPlugin
2025-12-25 15:32:49,078 [INFO] IPUIPlugin:80 - create IPUIPlugin
2025-12-25 15:32:49,078 [INFO] IPUIPlugin:80 - create IPUIPlugin
2025-12-25 15:32:49,078 [INFO] IPUIPlugin:80 - create IPUIPlugin
2025-12-25 15:32:49,079 [INFO] IPUIPlugin:80 - create IPUIPlugin
2025-12-25 15:32:49,079 [INFO] IPUIPlugin:80 - create IPUIPlugin
2025-12-25 15:32:49,079 [INFO] IPUIPlugin:80 - create IPUIPlugin
2025-12-25 15:32:49,079 [INFO] IPUIPlugin:80 - create IPUIPlugin
2025-12-25 15:32:49,080 [INFO] IPUIPlugin:80 - create IPUIPlugin
2025-12-25 15:32:49,080 [INFO] IPUIPlugin:80 - create IPUIPlugin
2025-12-25 15:32:49,080 [INFO] IPUIPlugin:80 - create IPUIPlugin
2025-12-25 15:32:49,080 [INFO] IPUIPlugin:80 - create IPUIPlugin
2025-12-25 15:32:49,080 [INFO] IPUIPlugin:80 - create IPUIPlugin
2025-12-25 15:32:49,080 [INFO] IPUIPlugin:80 - create IPUIPlugin
2025-12-25 15:32:49,082 [INFO] IPUIPlugin:80 - create IPUIPlugin
2025-12-25 15:32:49,083 [INFO] IPUIPlugin:80 - create IPUIPlugin
2025-12-25 15:32:49,083 [INFO] IPUIPlugin:80 - create IPUIPlugin
2025-12-25 15:32:49,083 [INFO] IPUIPlugin:80 - create IPUIPlugin
2025-12-25 15:32:49,083 [INFO] IPUIPlugin:80 - create IPUIPlugin
2025-12-25 15:32:49,083 [INFO] IPUIPlugin:80 - create IPUIPlugin
2025-12-25 15:32:49,084 [INFO] IPUIPlugin:80 - create IPUIPlugin
2025-12-25 15:32:49,084 [INFO] IPUIPlugin:80 - create IPUIPlugin
2025-12-25 15:32:49,084 [INFO] IPUIPlugin:80 - create IPUIPlugin
2025-12-25 15:32:49,084 [INFO] IPUIPlugin:80 - create IPUIPlugin
2025-12-25 15:32:49,084 [INFO] IPUIPlugin:80 - create IPUIPlugin
2025-12-25 15:32:49,085 [INFO] IPUIPlugin:80 - create IPUIPlugin
2025-12-25 15:32:49,085 [INFO] IPUIPlugin:80 - create IPUIPlugin
2025-12-25 15:32:49,085 [INFO] IPUIPlugin:80 - create IPUIPlugin
2025-12-25 15:32:49,085 [INFO] IPUIPlugin:80 - create IPUIPlugin
2025-12-25 15:32:49,085 [INFO] IPUIPlugin:80 - create IPUIPlugin
2025-12-25 15:32:49,086 [INFO] IPUIPlugin:80 - create IPUIPlugin
2025-12-25 15:32:49,086 [INFO] IPUIPlugin:80 - create IPUIPlugin
2025-12-25 15:32:49,086 [INFO] IPUIPlugin:80 - create IPUIPlugin
2025-12-25 15:32:49,086 [INFO] IPUIPlugin:80 - create IPUIPlugin
2025-12-25 15:32:49,087 [INFO] IPUIPlugin:80 - create IPUIPlugin
2025-12-25 15:32:49,087 [INFO] IPUIPlugin:80 - create IPUIPlugin
2025-12-25 15:32:49,087 [INFO] IPUIPlugin:80 - create IPUIPlugin
2025-12-25 15:32:49,088 [INFO] IPUIPlugin:80 - create IPUIPlugin
2025-12-25 15:32:49,088 [INFO] IPUIPlugin:80 - create IPUIPlugin
2025-12-25 15:32:49,088 [INFO] IPUIPlugin:80 - create IPUIPlugin
2025-12-25 15:32:49,089 [INFO] IPUIPlugin:80 - create IPUIPlugin
2025-12-25 15:32:49,089 [INFO] IPUIPlugin:80 - create IPUIPlugin
2025-12-25 15:32:49,090 [INFO] IPUIPlugin:80 - create IPUIPlugin
2025-12-25 15:32:49,090 [INFO] IPUIPlugin:80 - create IPUIPlugin
2025-12-25 15:32:49,091 [INFO] IPUIPlugin:80 - create IPUIPlugin
2025-12-25 15:32:49,091 [INFO] IPUIPlugin:80 - create IPUIPlugin
2025-12-25 15:32:49,091 [INFO] IPUIPlugin:80 - create IPUIPlugin
2025-12-25 15:32:49,092 [INFO] IPUIPlugin:80 - create IPUIPlugin
2025-12-25 15:32:49,092 [INFO] IPUIPlugin:80 - create IPUIPlugin
2025-12-25 15:32:49,093 [INFO] IPUIPlugin:80 - create IPUIPlugin
2025-12-25 15:32:49,093 [INFO] IPUIPlugin:80 - create IPUIPlugin
2025-12-25 15:32:49,194 [INFO] ApiDbMcu:508 - Load IP Config File for PDM2PCM
2025-12-25 15:32:49,203 [WARN] IP:2251 - ClockDivider not found: check if there is a RefParameter without a condition.
2025-12-25 15:32:49,203 [WARN] IP:2251 - ClockDividerCCU not found: check if there is a RefParameter without a condition.
2025-12-25 15:32:49,203 [WARN] IP:2251 - MinOscClkPeriodsCCU not found: check if there is a RefParameter without a condition.
2025-12-25 15:32:49,203 [WARN] IP:2251 - TimeQuantaPerBitTimeCCU not found: check if there is a RefParameter without a condition.
2025-12-25 15:32:49,204 [WARN] IP:2251 - WatchdogStartValueCCU not found: check if there is a RefParameter without a condition.
2025-12-25 15:32:49,211 [INFO] LogOutputStream:77 - [STDOUT_REDIRECT] Nominal 
2025-12-25 15:32:49,211 [INFO] Can:71 - Can Add PropertyChangeListener com.st.microxplorer.plugins.ip.can.Can@633872ec
2025-12-25 15:32:49,504 [INFO] CADModel:165 - CPN selected for project levelSTM32H743IIT6
2025-12-25 15:32:49,504 [INFO] CADModel:114 - Register for checkConnection events
2025-12-25 15:32:49,546 [INFO] OpenFileManager:363 - Restore cursor
2025-12-25 15:32:49,817 [WARN] IP:2251 - ClockDivider not found: check if there is a RefParameter without a condition.
2025-12-25 15:32:49,817 [WARN] IP:2251 - ClockDividerCCU not found: check if there is a RefParameter without a condition.
2025-12-25 15:32:49,819 [WARN] IP:2251 - MinOscClkPeriodsCCU not found: check if there is a RefParameter without a condition.
2025-12-25 15:32:49,819 [WARN] IP:2251 - TimeQuantaPerBitTimeCCU not found: check if there is a RefParameter without a condition.
2025-12-25 15:32:49,819 [WARN] IP:2251 - WatchdogStartValueCCU not found: check if there is a RefParameter without a condition.
2025-12-25 15:32:58,767 [INFO] UtilMem:75 - End SaveConfig() Used Memory: 886708704 Bytes (1073741824)
2025-12-25 15:32:59,185 [INFO] BlockDiagram:2766 - set Specific Code input for plugin: RCC
2025-12-25 15:32:59,185 [INFO] BlockDiagram:2766 - set Specific Code input for plugin: FDCAN
2025-12-25 15:32:59,185 [INFO] BlockDiagram:2766 - set Specific Code input for plugin: MEMORYMAP
2025-12-25 15:32:59,185 [INFO] BlockDiagram:2766 - set Specific Code input for plugin: SYS
2025-12-25 15:32:59,185 [INFO] BlockDiagram:2766 - set Specific Code input for plugin: NVIC
2025-12-25 15:32:59,186 [INFO] BlockDiagram:2766 - set Specific Code input for plugin: GPIO
2025-12-25 15:32:59,187 [INFO] CodeGenerator:896 - code generatio: config db path: C:\ST\STM32CubeIDE_1.17.0\STM32CubeIDE\plugins\com.st.stm32cube.common.mx_6.13.0.202411220809\\db\
2025-12-25 15:32:59,194 [WARN] IP:2251 - ClockDivider not found: check if there is a RefParameter without a condition.
2025-12-25 15:32:59,194 [WARN] IP:2251 - ClockDividerCCU not found: check if there is a RefParameter without a condition.
2025-12-25 15:32:59,195 [WARN] IP:2251 - MinOscClkPeriodsCCU not found: check if there is a RefParameter without a condition.
2025-12-25 15:32:59,195 [WARN] IP:2251 - TimeQuantaPerBitTimeCCU not found: check if there is a RefParameter without a condition.
2025-12-25 15:32:59,195 [WARN] IP:2251 - WatchdogStartValueCCU not found: check if there is a RefParameter without a condition.
2025-12-25 15:32:59,375 [INFO] CodeEngine:255 - oldGeneratedFile, C:\Users\kamil\STM32CubeIDE\workspace_1.17.0\NAJWIEKSZY_TEST\MXTmpFiles\license.tmp_save
2025-12-25 15:32:59,894 [INFO] CodeEngine:279 - Generated code: C:\Users\kamil\STM32CubeIDE\workspace_1.17.0\NAJWIEKSZY_TEST\MXTmpFiles\license.tmp
2025-12-25 15:32:59,998 [INFO] CodeEngine:255 - oldGeneratedFile, C:\Users\kamil\STM32CubeIDE\workspace_1.17.0\NAJWIEKSZY_TEST\MXTmpFiles\gpio.tmp_save
2025-12-25 15:33:00,111 [INFO] CodeEngine:279 - Generated code: C:\Users\kamil\STM32CubeIDE\workspace_1.17.0\NAJWIEKSZY_TEST\MXTmpFiles\gpio.tmp
2025-12-25 15:33:00,227 [WARN] IPConfigManager:98 - WARNING: Missing Config File for MEMORYMAP ip!!
2025-12-25 15:33:00,313 [INFO] CodeEngine:255 - oldGeneratedFile, C:\Users\kamil\STM32CubeIDE\workspace_1.17.0\NAJWIEKSZY_TEST\MXTmpFiles\cortex.tmp_save
2025-12-25 15:33:00,386 [INFO] CodeEngine:279 - Generated code: C:\Users\kamil\STM32CubeIDE\workspace_1.17.0\NAJWIEKSZY_TEST\MXTmpFiles\cortex.tmp
2025-12-25 15:33:00,428 [INFO] CodeEngine:255 - oldGeneratedFile, C:\Users\kamil\STM32CubeIDE\workspace_1.17.0\NAJWIEKSZY_TEST\Core\Src\stm32h7xx_it.c_save
2025-12-25 15:33:00,546 [INFO] CodeEngine:279 - Generated code: C:\Users\kamil\STM32CubeIDE\workspace_1.17.0\NAJWIEKSZY_TEST\Core\Src\stm32h7xx_it.c
2025-12-25 15:33:00,570 [INFO] CodeEngine:255 - oldGeneratedFile, C:\Users\kamil\STM32CubeIDE\workspace_1.17.0\NAJWIEKSZY_TEST\Core\Inc\stm32h7xx_it.h_save
2025-12-25 15:33:00,643 [INFO] CodeEngine:279 - Generated code: C:\Users\kamil\STM32CubeIDE\workspace_1.17.0\NAJWIEKSZY_TEST\Core\Inc\stm32h7xx_it.h
2025-12-25 15:33:00,711 [INFO] CodeEngine:255 - oldGeneratedFile, C:\Users\kamil\STM32CubeIDE\workspace_1.17.0\NAJWIEKSZY_TEST\Core\Src\stm32h7xx_hal_msp.c_save
2025-12-25 15:33:00,837 [INFO] CodeEngine:279 - Generated code: C:\Users\kamil\STM32CubeIDE\workspace_1.17.0\NAJWIEKSZY_TEST\Core\Src\stm32h7xx_hal_msp.c
2025-12-25 15:33:00,850 [INFO] CodeEngine:255 - oldGeneratedFile, C:\Users\kamil\STM32CubeIDE\workspace_1.17.0\NAJWIEKSZY_TEST\MXTmpFiles\system.tmp_save
2025-12-25 15:33:00,903 [INFO] CodeEngine:279 - Generated code: C:\Users\kamil\STM32CubeIDE\workspace_1.17.0\NAJWIEKSZY_TEST\MXTmpFiles\system.tmp
2025-12-25 15:33:00,938 [INFO] CodeEngine:311 - oldGeneratedFile, C:\Users\kamil\STM32CubeIDE\workspace_1.17.0\NAJWIEKSZY_TEST\Core\Inc\stm32h7xx_hal_conf.h_save
2025-12-25 15:33:01,025 [INFO] CodeEngine:335 - Generated code: C:\Users\kamil\STM32CubeIDE\workspace_1.17.0\NAJWIEKSZY_TEST\Core\Inc\stm32h7xx_hal_conf.h
2025-12-25 15:33:01,089 [INFO] ApiDbMcu:508 - Load IP Config File for FDCAN1
2025-12-25 15:33:01,090 [ERROR] ApiDbMcu:464 - Can't load MEMORYMAP-STM32xx root dir null
2025-12-25 15:33:01,090 [ERROR] ApiDbMcu:536 - Cannot parse MEMORYMAP_Config file : file do not exist
2025-12-25 15:33:01,097 [INFO] ApiDbMcu:508 - Load IP Config File for RCC
2025-12-25 15:33:01,142 [INFO] CodeEngine:255 - oldGeneratedFile, C:\Users\kamil\STM32CubeIDE\workspace_1.17.0\NAJWIEKSZY_TEST\Core\Inc\main.h_save
2025-12-25 15:33:01,265 [INFO] CodeEngine:279 - Generated code: C:\Users\kamil\STM32CubeIDE\workspace_1.17.0\NAJWIEKSZY_TEST\Core\Inc\main.h
2025-12-25 15:33:01,294 [INFO] CodeEngine:255 - oldGeneratedFile, C:\Users\kamil\STM32CubeIDE\workspace_1.17.0\NAJWIEKSZY_TEST\Core\Src\main.c_save
2025-12-25 15:33:01,463 [INFO] CodeEngine:279 - Generated code: C:\Users\kamil\STM32CubeIDE\workspace_1.17.0\NAJWIEKSZY_TEST\Core\Src\main.c
2025-12-25 15:33:01,859 [INFO] ProjectBuilder:3289 - Time for Copy HAL[1] : 220mS.
2025-12-25 15:33:01,864 [INFO] ProjectBuilder:4876 - Project Generator version: 4.5.0-RC5
2025-12-25 15:33:01,922 [INFO] ConfigFileManager:1579 - The Die is : DIE450
2025-12-25 15:33:01,939 [INFO] ApiDbMcu:508 - Load IP Config File for FATFS
2025-12-25 15:33:01,955 [INFO] ApiDbMcu:508 - Load IP Config File for FREERTOS
2025-12-25 15:33:01,967 [INFO] ApiDbMcu:508 - Load IP Config File for LIBJPEG
2025-12-25 15:33:01,983 [INFO] ApiDbMcu:508 - Load IP Config File for LWIP
2025-12-25 15:33:01,996 [INFO] ApiDbMcu:508 - Load IP Config File for MBEDTLS
2025-12-25 15:33:02,010 [INFO] ApiDbMcu:508 - Load IP Config File for USB_DEVICE
2025-12-25 15:33:02,023 [INFO] ApiDbMcu:508 - Load IP Config File for USB_HOST
2025-12-25 15:33:02,921 [INFO] LogOutputStream:77 - [STDOUT_REDIRECT] 
2025-12-25 15:33:05,818 [INFO] ProjectBuilder:5154 - Time for Generating toolchain IDE Files: 3954mS.
2025-12-25 15:33:05,819 [INFO] ProjectBuilder:3146 - Time for Copy CMSIS : 1mS.
2025-12-25 15:33:05,824 [INFO] ProjectBuilder:3146 - Time for Copy CMSIS : 0mS.
2025-12-25 15:37:58,117 [INFO] Activator:176 - 


2025-12-25 15:37:58,119 [INFO] Activator:177 - !SESSION log4j initialized
2025-12-25 15:38:03,248 [INFO] LogOutputStream:77 - [STDOUT_REDIRECT] 
2025-12-25 15:38:07,627 [INFO] ApplicationProperties:184 - Using Application install path: C:\ST\STM32CubeIDE_1.17.0\STM32CubeIDE\plugins\com.st.stm32cube.common.mx_6.13.0.202411220809
2025-12-25 15:38:07,643 [INFO] DbMcusXml:78 - Set database path to: C:\ST\STM32CubeIDE_1.17.0\STM32CubeIDE\plugins\com.st.stm32cube.common.mx_6.13.0.202411220809\\db\/mcu/
2025-12-25 15:38:07,643 [INFO] ApiDb:274 - Set plugin database path to: C:\ST\STM32CubeIDE_1.17.0\STM32CubeIDE\plugins\com.st.stm32cube.common.mx_6.13.0.202411220809\\db\/plugins/boardmanager/
2025-12-25 15:38:07,643 [WARN] ApiDb:259 - Overriding images path with different value:  => C:\ST\STM32CubeIDE_1.17.0\STM32CubeIDE\plugins\com.st.stm32cube.common.mx_6.13.0.202411220809\\db\/plugins/mcufinder/images/
2025-12-25 15:38:07,648 [INFO] ApiDb:250 - Set database path to: C:\Users\kamil\.stmcufinder\plugins\mcufinder//mcu/
2025-12-25 15:38:07,649 [INFO] DbMcusAds:125 - Set database path to: C:\Users\kamil\.stmcufinder\plugins\mcufinder//mcu/
2025-12-25 15:38:07,651 [INFO] CrossReferenceDbSqlite:203 - Set database path to: C:\Users\kamil\.stmcufinder\plugins\mcufinder//mcu/cs/
2025-12-25 15:38:07,756 [INFO] RulesReader:64 - Compatibility file has been processed (297 Rules)
2025-12-25 15:38:07,831 [INFO] DbMcusXml:78 - Set database path to: C:\ST\STM32CubeIDE_1.17.0\STM32CubeIDE\plugins\com.st.stm32cube.common.mx_6.13.0.202411220809\\db\/mcu/
2025-12-25 15:38:07,831 [INFO] ApiDb:274 - Set plugin database path to: C:\ST\STM32CubeIDE_1.17.0\STM32CubeIDE\plugins\com.st.stm32cube.common.mx_6.13.0.202411220809\\db\/plugins/boardmanager/
2025-12-25 15:38:07,831 [INFO] ApiDb:261 - Set plugin images path to: C:\ST\STM32CubeIDE_1.17.0\STM32CubeIDE\plugins\com.st.stm32cube.common.mx_6.13.0.202411220809\\db\/plugins/mcufinder/images/
2025-12-25 15:38:07,832 [WARN] DbFile:41 - Overriding database path with different value: C:\Users\kamil\.stmcufinder\plugins\mcufinder/ => C:\Users\kamil\.stmcufinder\plugins\mcufinder
2025-12-25 15:38:07,832 [INFO] ApiDb:250 - Set database path to: C:\Users\kamil\.stmcufinder\plugins\mcufinder//mcu/
2025-12-25 15:38:07,832 [WARN] DbFile:41 - Overriding database path with different value: C:\Users\kamil\.stmcufinder\plugins\mcufinder/ => C:\Users\kamil\.stmcufinder\plugins\mcufinder
2025-12-25 15:38:07,832 [INFO] DbMcusAds:125 - Set database path to: C:\Users\kamil\.stmcufinder\plugins\mcufinder//mcu/
2025-12-25 15:38:07,832 [WARN] DbFile:41 - Overriding database path with different value: C:\Users\kamil\.stmcufinder\plugins\mcufinder/ => C:\Users\kamil\.stmcufinder\plugins\mcufinder
2025-12-25 15:38:07,832 [WARN] DbFile:41 - Overriding database path with different value: C:\Users\kamil\.stmcufinder\plugins\mcufinder/ => C:\Users\kamil\.stmcufinder\plugins\mcufinder
2025-12-25 15:38:07,832 [INFO] CrossReferenceDbSqlite:203 - Set database path to: C:\Users\kamil\.stmcufinder\plugins\mcufinder//mcu/cs/
2025-12-25 15:38:07,909 [INFO] MainPanel:272 - HeapMemory: 274726912
2025-12-25 15:38:08,003 [INFO] DbMcusXml:78 - Set database path to: C:\ST\STM32CubeIDE_1.17.0\STM32CubeIDE\plugins\com.st.stm32cube.common.mx_6.13.0.202411220809\\db\/mcu/
2025-12-25 15:38:08,003 [INFO] ApiDb:274 - Set plugin database path to: C:\ST\STM32CubeIDE_1.17.0\STM32CubeIDE\plugins\com.st.stm32cube.common.mx_6.13.0.202411220809\\db\/plugins/boardmanager/
2025-12-25 15:38:08,003 [INFO] ApiDb:261 - Set plugin images path to: C:\ST\STM32CubeIDE_1.17.0\STM32CubeIDE\plugins\com.st.stm32cube.common.mx_6.13.0.202411220809\\db\/plugins/mcufinder/images/
2025-12-25 15:38:08,003 [WARN] DbFile:41 - Overriding database path with different value: C:\Users\kamil\.stmcufinder\plugins\mcufinder/ => C:\Users\kamil\.stmcufinder\plugins\mcufinder
2025-12-25 15:38:08,003 [INFO] ApiDb:250 - Set database path to: C:\Users\kamil\.stmcufinder\plugins\mcufinder//mcu/
2025-12-25 15:38:08,003 [WARN] DbFile:41 - Overriding database path with different value: C:\Users\kamil\.stmcufinder\plugins\mcufinder/ => C:\Users\kamil\.stmcufinder\plugins\mcufinder
2025-12-25 15:38:08,003 [INFO] DbMcusAds:125 - Set database path to: C:\Users\kamil\.stmcufinder\plugins\mcufinder//mcu/
2025-12-25 15:38:08,003 [WARN] DbFile:41 - Overriding database path with different value: C:\Users\kamil\.stmcufinder\plugins\mcufinder/ => C:\Users\kamil\.stmcufinder\plugins\mcufinder
2025-12-25 15:38:08,004 [WARN] DbFile:41 - Overriding database path with different value: C:\Users\kamil\.stmcufinder\plugins\mcufinder/ => C:\Users\kamil\.stmcufinder\plugins\mcufinder
2025-12-25 15:38:08,004 [INFO] CrossReferenceDbSqlite:203 - Set database path to: C:\Users\kamil\.stmcufinder\plugins\mcufinder//mcu/cs/
2025-12-25 15:38:08,018 [INFO] ApplicationProperties:184 - Using Application install path: C:\ST\STM32CubeIDE_1.17.0\STM32CubeIDE\plugins\com.st.stm32cube.common.mx_6.13.0.202411220809
2025-12-25 15:38:08,020 [INFO] PluginManage:196 - Search for loadable plugins [exclusion list=, ]
2025-12-25 15:38:08,021 [INFO] PluginManage:310 - Check plugin analytics
2025-12-25 15:38:08,164 [INFO] AnalyticsPlugin:253 - Accepted Software Licenses: 
2025-12-25 15:38:08,164 [INFO] AnalyticsPlugin:255 - Accepted CMSIS Pack Licenses: 
2025-12-25 15:38:08,165 [INFO] AnalyticsPlugin:257 - Accepted Firmware Licenses: FW.F7.1.17.0,FW.H7.1.12.0
2025-12-25 15:38:08,168 [INFO] PluginManage:359 - Loaded plugin analytics (category:tool,tabindex:-1)
2025-12-25 15:38:08,168 [INFO] PluginManage:310 - Check plugin cadmodel
2025-12-25 15:38:08,185 [INFO] CADModel:105 - Init CAD model plugin
2025-12-25 15:38:08,186 [INFO] PluginManage:359 - Loaded plugin cadmodel (category:power,tabindex:5)
2025-12-25 15:38:08,186 [INFO] PluginManage:310 - Check plugin clock
2025-12-25 15:38:08,205 [INFO] PluginManage:359 - Loaded plugin clock (category:base,tabindex:2)
2025-12-25 15:38:08,205 [INFO] PluginManage:310 - Check plugin ddr
2025-12-25 15:38:08,207 [INFO] PluginManage:359 - Loaded plugin ddr (category:tool,tabindex:6)
2025-12-25 15:38:08,207 [INFO] PluginManage:310 - Check plugin filemanager
2025-12-25 15:38:08,319 [INFO] PluginManage:359 - Loaded plugin filemanager (category:base,tabindex:10)
2025-12-25 15:38:08,319 [INFO] PluginManage:310 - Check plugin ipmanager
2025-12-25 15:38:08,326 [INFO] PluginManage:359 - Loaded plugin ipmanager (category:base,tabindex:5)
2025-12-25 15:38:08,326 [INFO] PluginManage:310 - Check plugin lpbam
2025-12-25 15:38:08,344 [INFO] PluginManage:359 - Loaded plugin lpbam (category:base,tabindex:0)
2025-12-25 15:38:08,344 [INFO] PluginManage:310 - Check plugin memorymap
2025-12-25 15:38:08,368 [INFO] PluginManage:359 - Loaded plugin memorymap (category:base,tabindex:4)
2025-12-25 15:38:08,368 [INFO] PluginManage:310 - Check plugin pinoutandconfiguration
2025-12-25 15:38:08,386 [INFO] PluginManage:359 - Loaded plugin pinoutandconfiguration (category:base,tabindex:1)
2025-12-25 15:38:08,386 [INFO] PluginManage:310 - Check plugin pinoutconfig
2025-12-25 15:38:08,474 [WARN] SupportedApi:132 - Cannot load RTOS API schema: s4s-elt-must-match.1: The content of 'definitions' must match (annotation?, (simpleType | complexType)?, (unique | key | keyref)*)). A problem was found starting at: attribute.
2025-12-25 15:38:08,598 [INFO] PluginManage:359 - Loaded plugin pinoutconfig (category:base,tabindex:0)
2025-12-25 15:38:08,598 [INFO] PluginManage:310 - Check plugin power
2025-12-25 15:38:08,618 [INFO] PluginManage:359 - Loaded plugin power (category:power,tabindex:4)
2025-12-25 15:38:08,618 [INFO] PluginManage:310 - Check plugin projectmanager
2025-12-25 15:38:08,632 [INFO] PluginManage:359 - Loaded plugin projectmanager (category:projectmanager,tabindex:4)
2025-12-25 15:38:08,633 [INFO] PluginManage:310 - Check plugin rif
2025-12-25 15:38:08,656 [INFO] PluginManage:359 - Loaded plugin rif (category:base,tabindex:3)
2025-12-25 15:38:08,656 [INFO] PluginManage:310 - Check plugin thirdparty
2025-12-25 15:38:08,848 [INFO] PluginManage:359 - Loaded plugin thirdparty (category:base,tabindex:-1)
2025-12-25 15:38:08,848 [WARN] IntegrityCheckThread:84 - waiting for thirdparty lock release [integrity check]
2025-12-25 15:38:08,848 [INFO] PluginManage:310 - Check plugin tools
2025-12-25 15:38:08,848 [INFO] IntegrityCheckThread:86 - entering critical section [integrity check]
2025-12-25 15:38:08,848 [INFO] ThirdPartyUpdaterWithRetryManager:70 - Updater plugin not ready yet. [1/15]
2025-12-25 15:38:08,852 [INFO] PluginManage:359 - Loaded plugin tools (category:base,tabindex:7)
2025-12-25 15:38:08,852 [INFO] PluginManage:310 - Check plugin tutovideos
2025-12-25 15:38:09,012 [INFO] PluginManage:359 - Loaded plugin tutovideos (category:base,tabindex:-1)
2025-12-25 15:38:09,012 [INFO] PluginManage:310 - Check plugin updater
2025-12-25 15:38:09,027 [INFO] PluginManage:359 - Loaded plugin updater (category:base,tabindex:12)
2025-12-25 15:38:09,027 [INFO] PluginManage:310 - Check plugin userauth
2025-12-25 15:38:09,030 [INFO] UserAuth:118 - Init User Auth plugin
2025-12-25 15:38:09,031 [INFO] PluginManage:359 - Loaded plugin userauth (category:base,tabindex:14)
2025-12-25 15:38:09,032 [INFO] PluginManage:283 - PluginManage : Loaded plugins [18]
2025-12-25 15:38:09,198 [INFO] PinOutPanel:1589 - setPackage(No Configuration,No Configuration)
2025-12-25 15:38:09,281 [INFO] CADModel:165 - CPN selected for project level
2025-12-25 15:38:09,281 [INFO] CADModel:114 - Register for checkConnection events
2025-12-25 15:38:09,308 [INFO] IPUIPlugin:80 - create IPUIPlugin
2025-12-25 15:38:09,309 [INFO] PluginManager:220 - loadIPPluginJar : add adc
2025-12-25 15:38:09,356 [INFO] IPUIPlugin:80 - create IPUIPlugin
2025-12-25 15:38:09,356 [INFO] PluginManager:220 - loadIPPluginJar : add aes
2025-12-25 15:38:09,410 [INFO] IPUIPlugin:80 - create IPUIPlugin
2025-12-25 15:38:09,410 [INFO] PluginManager:220 - loadIPPluginJar : add can
2025-12-25 15:38:09,413 [INFO] IPUIPlugin:80 - create IPUIPlugin
2025-12-25 15:38:09,413 [INFO] PluginManager:220 - loadIPPluginJar : add comp
2025-12-25 15:38:09,457 [INFO] IPUIPlugin:80 - create IPUIPlugin
2025-12-25 15:38:09,457 [INFO] PluginManager:220 - loadIPPluginJar : add cryp
2025-12-25 15:38:09,470 [INFO] IPUIPlugin:80 - create IPUIPlugin
2025-12-25 15:38:09,471 [INFO] PluginManager:220 - loadIPPluginJar : add ddr_ctrl_phy
2025-12-25 15:38:09,509 [INFO] IPUIPlugin:80 - create IPUIPlugin
2025-12-25 15:38:09,510 [INFO] PluginManager:220 - loadIPPluginJar : add dfsdm
2025-12-25 15:38:09,526 [INFO] IPUIPlugin:80 - create IPUIPlugin
2025-12-25 15:38:09,526 [INFO] PluginManager:220 - loadIPPluginJar : add dma
2025-12-25 15:38:09,575 [INFO] IPUIPlugin:80 - create IPUIPlugin
2025-12-25 15:38:09,575 [INFO] PluginManager:220 - loadIPPluginJar : add dma3
2025-12-25 15:38:09,627 [INFO] IPUIPlugin:80 - create IPUIPlugin
2025-12-25 15:38:09,627 [INFO] PluginManager:220 - loadIPPluginJar : add extmemmanager
2025-12-25 15:38:09,653 [INFO] IPUIPlugin:80 - create IPUIPlugin
2025-12-25 15:38:09,653 [INFO] PluginManager:220 - loadIPPluginJar : add fatfs
2025-12-25 15:38:09,707 [INFO] IPUIPlugin:80 - create IPUIPlugin
2025-12-25 15:38:09,707 [INFO] PluginManager:220 - loadIPPluginJar : add fmc
2025-12-25 15:38:09,723 [INFO] IPUIPlugin:80 - create IPUIPlugin
2025-12-25 15:38:09,723 [INFO] PluginManager:220 - loadIPPluginJar : add freertos
2025-12-25 15:38:09,749 [INFO] IPUIPlugin:80 - create IPUIPlugin
2025-12-25 15:38:09,749 [INFO] PluginManager:220 - loadIPPluginJar : add genericplugin
2025-12-25 15:38:09,861 [INFO] IPUIPlugin:80 - create IPUIPlugin
2025-12-25 15:38:09,861 [INFO] PluginManager:220 - loadIPPluginJar : add gfxmmu
2025-12-25 15:38:10,023 [INFO] IPUIPlugin:80 - create IPUIPlugin
2025-12-25 15:38:10,023 [INFO] PluginManager:220 - loadIPPluginJar : add gic
2025-12-25 15:38:10,038 [INFO] IPUIPlugin:80 - create IPUIPlugin
2025-12-25 15:38:10,038 [INFO] PluginManager:220 - loadIPPluginJar : add gpio
2025-12-25 15:38:10,140 [INFO] IPUIPlugin:80 - create IPUIPlugin
2025-12-25 15:38:10,140 [INFO] PluginManager:220 - loadIPPluginJar : add gtzc
2025-12-25 15:38:10,179 [INFO] IPUIPlugin:80 - create IPUIPlugin
2025-12-25 15:38:10,179 [INFO] PluginManager:220 - loadIPPluginJar : add hash
2025-12-25 15:38:10,243 [INFO] IPUIPlugin:80 - create IPUIPlugin
2025-12-25 15:38:10,243 [INFO] PluginManager:220 - loadIPPluginJar : add i2c
2025-12-25 15:38:10,289 [INFO] IPUIPlugin:80 - create IPUIPlugin
2025-12-25 15:38:10,289 [INFO] PluginManager:220 - loadIPPluginJar : add i2s
2025-12-25 15:38:10,338 [INFO] IPUIPlugin:80 - create IPUIPlugin
2025-12-25 15:38:10,338 [INFO] PluginManager:220 - loadIPPluginJar : add i3c
2025-12-25 15:38:10,442 [INFO] IPUIPlugin:80 - create IPUIPlugin
2025-12-25 15:38:10,442 [INFO] PluginManager:220 - loadIPPluginJar : add ipddr
2025-12-25 15:38:10,553 [INFO] IPUIPlugin:80 - create IPUIPlugin
2025-12-25 15:38:10,553 [INFO] PluginManager:220 - loadIPPluginJar : add linkedlist
2025-12-25 15:38:10,555 [INFO] IPUIPlugin:80 - create IPUIPlugin
2025-12-25 15:38:10,556 [INFO] PluginManager:220 - loadIPPluginJar : add lorawan
2025-12-25 15:38:10,601 [INFO] IPUIPlugin:80 - create IPUIPlugin
2025-12-25 15:38:10,601 [INFO] PluginManager:220 - loadIPPluginJar : add ltdc
2025-12-25 15:38:10,617 [INFO] IPUIPlugin:80 - create IPUIPlugin
2025-12-25 15:38:10,617 [INFO] PluginManager:220 - loadIPPluginJar : add mdma
2025-12-25 15:38:10,631 [INFO] IPUIPlugin:80 - create IPUIPlugin
2025-12-25 15:38:10,632 [INFO] PluginManager:220 - loadIPPluginJar : add nvic
2025-12-25 15:38:10,679 [INFO] IPUIPlugin:80 - create IPUIPlugin
2025-12-25 15:38:10,679 [INFO] PluginManager:220 - loadIPPluginJar : add opamp
2025-12-25 15:38:10,755 [INFO] IPUIPlugin:80 - create IPUIPlugin
2025-12-25 15:38:10,755 [INFO] PluginManager:220 - loadIPPluginJar : add openamp
2025-12-25 15:38:10,807 [INFO] IPUIPlugin:80 - create IPUIPlugin
2025-12-25 15:38:10,807 [INFO] PluginManager:220 - loadIPPluginJar : add pdm2pcm
2025-12-25 15:38:10,822 [INFO] IPUIPlugin:80 - create IPUIPlugin
2025-12-25 15:38:10,824 [INFO] PluginManager:220 - loadIPPluginJar : add plateformsettings
2025-12-25 15:38:10,826 [INFO] IPUIPlugin:80 - create IPUIPlugin
2025-12-25 15:38:10,826 [INFO] PluginManager:220 - loadIPPluginJar : add quadspi
2025-12-25 15:38:10,828 [INFO] IPUIPlugin:80 - create IPUIPlugin
2025-12-25 15:38:10,829 [INFO] PluginManager:220 - loadIPPluginJar : add radio
2025-12-25 15:38:10,843 [INFO] IPUIPlugin:80 - create IPUIPlugin
2025-12-25 15:38:10,843 [INFO] PluginManager:220 - loadIPPluginJar : add resmgrutility
2025-12-25 15:38:10,896 [INFO] IPUIPlugin:80 - create IPUIPlugin
2025-12-25 15:38:10,896 [INFO] PluginManager:220 - loadIPPluginJar : add sai
2025-12-25 15:38:10,941 [INFO] IPUIPlugin:80 - create IPUIPlugin
2025-12-25 15:38:10,941 [INFO] PluginManager:220 - loadIPPluginJar : add spi
2025-12-25 15:38:11,013 [INFO] IPUIPlugin:80 - create IPUIPlugin
2025-12-25 15:38:11,013 [INFO] PluginManager:220 - loadIPPluginJar : add stm32_wpan
2025-12-25 15:38:11,016 [INFO] IPUIPlugin:80 - create IPUIPlugin
2025-12-25 15:38:11,016 [INFO] PluginManager:220 - loadIPPluginJar : add tim
2025-12-25 15:38:11,087 [INFO] IPUIPlugin:80 - create IPUIPlugin
2025-12-25 15:38:11,087 [INFO] PluginManager:220 - loadIPPluginJar : add touchsensing
2025-12-25 15:38:11,117 [INFO] IPUIPlugin:80 - create IPUIPlugin
2025-12-25 15:38:11,117 [INFO] PluginManager:220 - loadIPPluginJar : add tracer_emb
2025-12-25 15:38:11,119 [INFO] IPUIPlugin:80 - create IPUIPlugin
2025-12-25 15:38:11,120 [INFO] PluginManager:220 - loadIPPluginJar : add ts
2025-12-25 15:38:11,122 [INFO] IPUIPlugin:80 - create IPUIPlugin
2025-12-25 15:38:11,122 [INFO] PluginManager:220 - loadIPPluginJar : add tsc
2025-12-25 15:38:11,125 [INFO] IPUIPlugin:80 - create IPUIPlugin
2025-12-25 15:38:11,125 [INFO] PluginManager:220 - loadIPPluginJar : add ucpd
2025-12-25 15:38:11,176 [INFO] IPUIPlugin:80 - create IPUIPlugin
2025-12-25 15:38:11,176 [INFO] PluginManager:220 - loadIPPluginJar : add usart
2025-12-25 15:38:11,229 [INFO] IPUIPlugin:80 - create IPUIPlugin
2025-12-25 15:38:11,229 [INFO] PluginManager:220 - loadIPPluginJar : add usbx
2025-12-25 15:38:11,341 [FATAL] Updater:351 - Updater called before beeing initialized
2025-12-25 15:38:11,359 [INFO] RulesReader:64 - Compatibility file has been processed (297 Rules)
2025-12-25 15:38:11,368 [INFO] RulesReader:64 - Compatibility file has been processed (297 Rules)
2025-12-25 15:38:11,374 [INFO] CADModel:165 - CPN selected for project level
2025-12-25 15:38:11,374 [INFO] CADModel:114 - Register for checkConnection events
2025-12-25 15:38:11,374 [FATAL] Updater:351 - Updater called before beeing initialized
2025-12-25 15:38:11,374 [ERROR] CADModel:125 - Updater not yet initialized, retry later 
2025-12-25 15:38:11,501 [FATAL] Updater:351 - Updater called before beeing initialized
2025-12-25 15:38:11,503 [INFO] CADModel:165 - CPN selected for project level
2025-12-25 15:38:11,503 [INFO] CADModel:114 - Register for checkConnection events
2025-12-25 15:38:11,503 [FATAL] Updater:351 - Updater called before beeing initialized
2025-12-25 15:38:11,503 [ERROR] CADModel:125 - Updater not yet initialized, retry later 
2025-12-25 15:38:11,507 [FATAL] Updater:351 - Updater called before beeing initialized
2025-12-25 15:38:11,610 [FATAL] Updater:351 - Updater called before beeing initialized
2025-12-25 15:38:11,621 [INFO] DbMcusAds:53 - JSON generation date=Tue Dec 16 00:11:46 CET 2025 (1765840306612)
2025-12-25 15:38:11,621 [FATAL] Updater:351 - Updater called before beeing initialized
2025-12-25 15:38:11,647 [WARN] DetailPanel:346 - Failed to get advertising image, set to default
2025-12-25 15:38:11,800 [FATAL] Updater:351 - Updater called before beeing initialized
2025-12-25 15:38:11,802 [FATAL] Updater:351 - Updater called before beeing initialized
2025-12-25 15:38:11,802 [FATAL] Updater:351 - Updater called before beeing initialized
2025-12-25 15:38:11,802 [WARN] DetailPanel:346 - Failed to get advertising image, set to default
2025-12-25 15:38:11,803 [FATAL] Updater:351 - Updater called before beeing initialized
2025-12-25 15:38:11,845 [ERROR] Updater:1198 - MainUpdater not yet initialized. External WinMGr cannot be set.
2025-12-25 15:38:11,851 [INFO] ThirdPartyUpdaterWithRetryManager:70 - Updater plugin not ready yet. [2/15]
2025-12-25 15:38:11,857 [INFO] Updater:1134 - Updater Version found : 6.13.0
2025-12-25 15:38:11,869 [INFO] ApplicationProperties:184 - Using Application install path: C:\ST\STM32CubeIDE_1.17.0\STM32CubeIDE\plugins\com.st.stm32cube.common.mx_6.13.0.202411220809
2025-12-25 15:38:12,160 [INFO] MainUpdater:2872 - connection check result : 10
2025-12-25 15:38:12,160 [INFO] MainUpdater:289 - Updater Check For Update Now.
2025-12-25 15:38:12,160 [INFO] MicroXplorer:498 - Change Database Version : DB.6.0.130
2025-12-25 15:38:12,171 [INFO] McuFinderGlobals:63 - Set McuFinder mode to 2 (CubeIDE integrated)
2025-12-25 15:38:12,172 [INFO] UserAuth:171 - activating auth plugin
2025-12-25 15:38:12,173 [INFO] UserAuth:486 - Internet connection configuration mode: 1
2025-12-25 15:38:12,211 [INFO] JxBrowserEngine:152 - Initiate JxBrowser Engine with user profile folder
2025-12-25 15:38:12,354 [INFO] CheckServerUpdateThread:120 - End of CheckServer Thread
2025-12-25 15:38:13,056 [INFO] WebApp:168 - Instantiating new browser for Auth
2025-12-25 15:38:13,930 [INFO] WebApp:449 - Apply proxy settings
2025-12-25 15:38:13,932 [INFO] WebApp:534 - Chromium requires no authentication
2025-12-25 15:38:13,964 [INFO] WebApp:477 - Direct internet connection detected
2025-12-25 15:38:14,010 [INFO] WebApp:880 - Register for checkConnection events
2025-12-25 15:38:14,010 [INFO] WebApp:449 - Apply proxy settings
2025-12-25 15:38:14,010 [INFO] WebApp:534 - Chromium requires no authentication
2025-12-25 15:38:14,011 [INFO] WebApp:477 - Direct internet connection detected
2025-12-25 15:38:14,236 [INFO] WebApp:187 - Connection restablished
2025-12-25 15:38:14,341 [INFO] WebApp:221 - Starting web application
2025-12-25 15:38:14,341 [INFO] WebApp:579 - Web application path used C:\ST\STM32CubeIDE_1.17.0\STM32CubeIDE\plugins\com.st.stm32cube.common.mx_6.13.0.202411220809\db\plugins\mcufinder\reactClient1\index.html
2025-12-25 15:38:15,031 [WARN] PackLoader:240 - Cannot read IP mode file for STMicroelectronics.FP-SNS-MOTENVWB1.1.4.0
2025-12-25 15:38:15,039 [WARN] PackLoader:240 - Cannot read IP mode file for STMicroelectronics.FP-ATR-ASTRA1.2.0.2
2025-12-25 15:38:15,044 [WARN] PackLoader:240 - Cannot read IP mode file for STMicroelectronics.FP-ATR-ASTRA1.2.0.1
2025-12-25 15:38:15,064 [WARN] PackLoader:240 - Cannot read IP mode file for STMicroelectronics.X-CUBE-SMBUS.2.1.0
2025-12-25 15:38:15,083 [WARN] PackLoader:240 - Cannot read IP mode file for STMicroelectronics.X-CUBE-WB05N.1.1.0
2025-12-25 15:38:15,098 [WARN] PackLoader:240 - Cannot read IP mode file for STMicroelectronics.X-CUBE-ST60.1.0.0
2025-12-25 15:38:15,135 [WARN] PackLoader:240 - Cannot read IP mode file for STMicroelectronics.X-CUBE-AZRTOS-F7.1.1.0
2025-12-25 15:38:15,297 [WARN] PackLoader:240 - Cannot read IP mode file for STMicroelectronics.X-CUBE-MEMS1.11.0.0
2025-12-25 15:38:15,399 [ERROR] Engine:466 - C:\Users\kamil\.stm32cubemx\thirdparties\pdsc\STMicroelectronics.FP-SNS-MOTENV1.5.1.0.pdsc: PDSC version is not supported
2025-12-25 15:38:15,404 [WARN] PackLoader:240 - Cannot read IP mode file for STMicroelectronics.FP-SNS-FLIGHT1.5.0.2
2025-12-25 15:38:15,431 [WARN] PackLoader:240 - Cannot read IP mode file for STMicroelectronics.X-CUBE-AZRTOS-H7.3.4.0
2025-12-25 15:38:15,451 [WARN] PackLoader:240 - Cannot read IP mode file for STMicroelectronics.X-CUBE-DISPLAY.3.0.0
2025-12-25 15:38:15,470 [WARN] PackLoader:240 - Cannot read IP mode file for STMicroelectronics.X-CUBE-BLE1.7.0.0
2025-12-25 15:38:15,485 [WARN] PackLoader:240 - Cannot read IP mode file for STMicroelectronics.X-CUBE-NFC10.1.0.0
2025-12-25 15:38:15,505 [WARN] PackLoader:240 - Cannot read IP mode file for STMicroelectronics.X-CUBE-BLEMGR.4.0.0
2025-12-25 15:38:15,530 [WARN] PackLoader:240 - Cannot read IP mode file for STMicroelectronics.X-CUBE-ST60.1.1.0
2025-12-25 15:38:15,552 [WARN] PackLoader:240 - Cannot read IP mode file for emotas.I-CUBE-CANOPEN.1.3.0
2025-12-25 15:38:15,586 [WARN] PackLoader:240 - Cannot read IP mode file for STMicroelectronics.X-CUBE-GNSS1.7.1.0
2025-12-25 15:38:15,612 [WARN] PackLoader:240 - Cannot read IP mode file for STMicroelectronics.X-CUBE-BLEMGR.3.1.0
2025-12-25 15:38:15,630 [WARN] PackLoader:240 - Cannot read IP mode file for STMicroelectronics.X-CUBE-AI.10.0.0
2025-12-25 15:38:15,646 [ERROR] Engine:466 - C:\Users\kamil\.stm32cubemx\thirdparties\pdsc\STMicroelectronics.FP-SNS-STBOX1.2.1.0.pdsc: PDSC version is not supported
2025-12-25 15:38:15,661 [WARN] PackLoader:240 - Cannot read IP mode file for STMicroelectronics.FP-SNS-SMARTAG2.1.2.0
2025-12-25 15:38:15,664 [WARN] PackLoader:240 - Cannot read IP mode file for STMicroelectronics.FP-SNS-FLIGHT1.5.1.0
2025-12-25 15:38:15,702 [WARN] PackLoader:240 - Cannot read IP mode file for STMicroelectronics.X-CUBE-MEMS1.11.1.0
2025-12-25 15:38:15,779 [INFO] LogOutputStream:77 - [STDOUT_REDIRECT] 1 : Invalid condition id : UX_CORESTACK_Condition cause : null
2025-12-25 15:38:15,780 [INFO] LogOutputStream:77 - [STDOUT_REDIRECT] 1 : Invalid condition id : UX_CORESTACK_Condition cause : null
2025-12-25 15:38:15,781 [INFO] LogOutputStream:77 - [STDOUT_REDIRECT] 1 : Invalid condition id : UX_CORESTACK_Condition cause : null
2025-12-25 15:38:15,781 [INFO] LogOutputStream:77 - [STDOUT_REDIRECT] 1 : Invalid condition id : UX_CORESTACK_Condition cause : null
2025-12-25 15:38:15,782 [INFO] LogOutputStream:77 - [STDOUT_REDIRECT] 1 : Invalid condition id : UX_CORESTACK_Condition cause : null
2025-12-25 15:38:15,784 [WARN] PackLoader:240 - Cannot read IP mode file for STMicroelectronics.X-CUBE-AZRTOS-WL.2.0.0
2025-12-25 15:38:15,799 [WARN] PackLoader:240 - Cannot read IP mode file for STMicroelectronics.FP-SNS-MOTENV1.5.0.0
2025-12-25 15:38:15,824 [WARN] PackLoader:240 - Cannot read IP mode file for STMicroelectronics.X-CUBE-AZRTOS-H7RS.1.2.0
2025-12-25 15:38:15,831 [WARN] PackLoader:240 - Cannot read IP mode file for wolfSSL.I-CUBE-wolfMQTT.1.19.0
2025-12-25 15:38:15,847 [WARN] PackLoader:240 - Cannot read IP mode file for WES.I-CUBE-Cesium.1.3.0
2025-12-25 15:38:15,862 [WARN] PackLoader:240 - Cannot read IP mode file for STMicroelectronics.X-CUBE-BLE2.3.3.0
2025-12-25 15:38:15,904 [WARN] PackLoader:240 - Cannot read IP mode file for STMicroelectronics.X-CUBE-NFC9.1.0.0
2025-12-25 15:38:15,918 [WARN] PackLoader:240 - Cannot read IP mode file for STMicroelectronics.X-CUBE-BLE1.7.1.0
2025-12-25 15:38:15,932 [WARN] PackLoader:240 - Cannot read IP mode file for STMicroelectronics.X-CUBE-TCPP.4.1.0
2025-12-25 15:38:15,944 [ERROR] Engine:466 - C:\Users\kamil\.stm32cubemx\thirdparties\pdsc\STMicroelectronics.X-CUBE-FREERTOS.1.4.0.pdsc: PDSC version is not supported
2025-12-25 15:38:15,959 [WARN] PackLoader:240 - Cannot read IP mode file for STMicroelectronics.X-CUBE-EEPRMA1.5.2.0
2025-12-25 15:38:15,975 [ERROR] Engine:466 - C:\Users\kamil\.stm32cubemx\thirdparties\pdsc\STMicroelectronics.X-CUBE-ST67W61.1.1.0.pdsc: PDSC version is not supported
2025-12-25 15:38:16,014 [WARN] PackLoader:240 - Cannot read IP mode file for STMicroelectronics.X-CUBE-MEMS1.12.0.0
2025-12-25 15:38:16,072 [WARN] PackLoader:240 - Cannot read IP mode file for STMicroelectronics.X-CUBE-AZRTOS-G0.1.1.0
2025-12-25 15:38:16,089 [WARN] PackLoader:240 - Cannot read IP mode file for STMicroelectronics.X-CUBE-SAFEA1.1.2.2
2025-12-25 15:38:16,103 [WARN] PackLoader:240 - Cannot read IP mode file for STMicroelectronics.X-CUBE-NFC4.3.0.0
2025-12-25 15:38:16,119 [WARN] PackLoader:240 - Cannot read IP mode file for EmbeddedOffice.I-CUBE-FS-RTOS.1.0.1
2025-12-25 15:38:16,135 [WARN] PackLoader:240 - Cannot read IP mode file for STMicroelectronics.X-CUBE-WB05N.2.0.0
2025-12-25 15:38:16,149 [WARN] PackLoader:240 - Cannot read IP mode file for STMicroelectronics.X-CUBE-TCPP.4.2.0
2025-12-25 15:38:16,162 [WARN] PackLoader:240 - Cannot read IP mode file for RealThread.X-CUBE-RT-Thread_Nano.4.1.1
2025-12-25 15:38:16,167 [WARN] PackLoader:240 - Cannot read IP mode file for STMicroelectronics.FP-ATR-SIGFOX1.3.2.0
2025-12-25 15:38:16,181 [WARN] PackLoader:240 - Cannot read IP mode file for wolfSSL.I-CUBE-wolfSSL.5.7.2
2025-12-25 15:38:16,185 [WARN] ConditionMgr:438 - getConditionDescription Invalid condition id : Cortex-A Device cause : null
2025-12-25 15:38:16,204 [WARN] ConditionMgr:1044 - genDependencies : Invalid condition id : Cortex-A Device cause : null
2025-12-25 15:38:16,204 [WARN] ConditionMgr:1044 - genDependencies : Invalid condition id : Cortex-A Device cause : null
2025-12-25 15:38:16,204 [WARN] ConditionMgr:1044 - genDependencies : Invalid condition id : Cortex-A Device cause : null
2025-12-25 15:38:16,217 [WARN] PackLoader:240 - Cannot read IP mode file for STMicroelectronics.X-CUBE-EEPRMA1.5.1.0
2025-12-25 15:38:16,232 [WARN] PackLoader:240 - Cannot read IP mode file for ITTIA_DB.I-CUBE-ITTIADB.8.9.0
2025-12-25 15:38:16,250 [WARN] PackLoader:240 - Cannot read IP mode file for STMicroelectronics.X-CUBE-ST67W61.1.0.0
2025-12-25 15:38:16,265 [WARN] PackLoader:240 - Cannot read IP mode file for STMicroelectronics.X-CUBE-AI.10.2.0
2025-12-25 15:38:16,294 [WARN] PackLoader:240 - Cannot read IP mode file for SEGGER.I-CUBE-embOS.1.3.1
2025-12-25 15:38:16,329 [WARN] PackLoader:240 - Cannot read IP mode file for STMicroelectronics.X-CUBE-ALGOBUILD.1.4.0
2025-12-25 15:38:16,386 [WARN] PackLoader:240 - Cannot read IP mode file for STMicroelectronics.X-CUBE-MEMS1.11.3.0
2025-12-25 15:38:16,457 [WARN] PackLoader:240 - Cannot read IP mode file for STMicroelectronics.X-CUBE-AI.9.1.0
2025-12-25 15:38:16,470 [WARN] PackLoader:240 - Cannot read IP mode file for STMicroelectronics.X-CUBE-PM33A1.1.0.0
2025-12-25 15:38:16,489 [WARN] PackLoader:240 - Cannot read IP mode file for STMicroelectronics.X-CUBE-AZRTOS-F4.1.1.0
2025-12-25 15:38:16,502 [WARN] PackLoader:240 - Cannot read IP mode file for STMicroelectronics.X-CUBE-ISPU.2.1.0
2025-12-25 15:38:16,517 [ERROR] Engine:466 - C:\Users\kamil\.stm32cubemx\thirdparties\pdsc\STMicroelectronics.X-CUBE-IPS.3.2.0.pdsc: PDSC version is not supported
2025-12-25 15:38:16,529 [WARN] PackLoader:240 - Cannot read IP mode file for STMicroelectronics.X-CUBE-FREERTOS.1.2.0
2025-12-25 15:38:16,542 [WARN] PackLoader:240 - Cannot read IP mode file for STMicroelectronics.X-CUBE-NFC12.1.0.0
2025-12-25 15:38:16,566 [WARN] PackLoader:240 - Cannot read IP mode file for STMicroelectronics.X-CUBE-AZRTOS-L5.2.0.0
2025-12-25 15:38:16,584 [WARN] PackLoader:240 - Cannot read IP mode file for STMicroelectronics.X-CUBE-NFC6.3.1.0
2025-12-25 15:38:16,598 [WARN] PackLoader:240 - Cannot read IP mode file for STMicroelectronics.X-CUBE-DPower.1.2.0
2025-12-25 15:38:16,614 [WARN] PackLoader:240 - Cannot read IP mode file for STMicroelectronics.X-CUBE-FREERTOS.1.3.1
2025-12-25 15:38:16,631 [WARN] PackLoader:240 - Cannot read IP mode file for STMicroelectronics.X-CUBE-FREERTOS.1.3.0
2025-12-25 15:38:16,645 [WARN] PackLoader:240 - Cannot read IP mode file for STMicroelectronics.X-CUBE-NFC7.1.0.1
2025-12-25 15:38:16,661 [WARN] PackLoader:240 - Cannot read IP mode file for STMicroelectronics.X-CUBE-TOUCHGFX.4.26.0
2025-12-25 15:38:16,675 [WARN] PackLoader:240 - Cannot read IP mode file for STMicroelectronics.FP-SNS-STAIOTCFT.1.0.0
2025-12-25 15:38:16,688 [WARN] PackLoader:240 - Cannot read IP mode file for STMicroelectronics.X-CUBE-DPower.1.3.0
2025-12-25 15:38:16,711 [WARN] ConditionMgr:438 - getConditionDescription Invalid condition id : LAN8742 Phy interface Condition cause : null
2025-12-25 15:38:16,711 [WARN] PackLoader:240 - Cannot read IP mode file for STMicroelectronics.X-CUBE-AZRTOS-L4.2.0.0
2025-12-25 15:38:16,712 [WARN] ConditionMgr:1044 - genDependencies : Invalid condition id : LAN8742 Phy interface Condition cause : null
2025-12-25 15:38:16,712 [WARN] ConditionMgr:1044 - genDependencies : Invalid condition id : LAN8742 Phy interface Condition cause : null
2025-12-25 15:38:16,712 [WARN] ConditionMgr:1044 - genDependencies : Invalid condition id : LAN8742 Phy interface Condition cause : null
2025-12-25 15:38:16,726 [WARN] PackLoader:240 - Cannot read IP mode file for STMicroelectronics.X-CUBE-SFXS2LP1.4.0.0
2025-12-25 15:38:16,750 [WARN] PackLoader:240 - Cannot read IP mode file for STMicroelectronics.X-CUBE-AZRTOS-H7.3.3.0
2025-12-25 15:38:16,766 [WARN] PackLoader:240 - Cannot read IP mode file for STMicroelectronics.X-CUBE-BLEMGR.4.1.0
2025-12-25 15:38:16,787 [WARN] PackLoader:240 - Cannot read IP mode file for STMicroelectronics.X-CUBE-IPS.3.0.0
2025-12-25 15:38:16,811 [WARN] ConditionMgr:438 - getConditionDescription Invalid condition id : UX DEVICE CLASS RTOS Condition cause : null
2025-12-25 15:38:16,812 [WARN] ConditionMgr:438 - getConditionDescription Invalid condition id : UX DEVICE CLASS RTOS Condition cause : null
2025-12-25 15:38:16,812 [WARN] PackLoader:240 - Cannot read IP mode file for STMicroelectronics.X-CUBE-AZRTOS-WB.2.0.0
2025-12-25 15:38:16,813 [WARN] ConditionMgr:1044 - genDependencies : Invalid condition id : UX DEVICE CLASS RTOS Condition cause : null
2025-12-25 15:38:16,813 [WARN] ConditionMgr:1044 - genDependencies : Invalid condition id : UX DEVICE CLASS RTOS Condition cause : null
2025-12-25 15:38:16,813 [WARN] ConditionMgr:1044 - genDependencies : Invalid condition id : UX DEVICE CLASS RTOS Condition cause : null
2025-12-25 15:38:16,813 [WARN] ConditionMgr:1044 - genDependencies : Invalid condition id : UX DEVICE CLASS RTOS Condition cause : null
2025-12-25 15:38:16,813 [WARN] ConditionMgr:1044 - genDependencies : Invalid condition id : UX DEVICE CLASS RTOS Condition cause : null
2025-12-25 15:38:16,828 [WARN] PackLoader:240 - Cannot read IP mode file for STMicroelectronics.X-CUBE-GNSS1.7.0.0
2025-12-25 15:38:16,842 [WARN] PackLoader:240 - Cannot read IP mode file for STMicroelectronics.X-CUBE-GNSS1.7.0.1
2025-12-25 15:38:16,855 [WARN] PackLoader:240 - Cannot read IP mode file for STMicroelectronics.X-CUBE-TOUCHGFX.4.25.0
2025-12-25 15:38:16,871 [WARN] PackLoader:240 - Cannot read IP mode file for STMicroelectronics.FP-SNS-STBOX1.2.0.0
2025-12-25 15:38:16,887 [WARN] PackLoader:240 - Cannot read IP mode file for STMicroelectronics.X-CUBE-SUBG2.5.0.0
2025-12-25 15:38:16,909 [WARN] PackLoader:240 - Cannot read IP mode file for STMicroelectronics.X-CUBE-AZRTOS-H7RS.1.1.0
2025-12-25 15:38:16,914 [WARN] PackLoader:240 - Cannot read IP mode file for Cesanta.I-CUBE-Mongoose.7.13.0
2025-12-25 15:38:16,936 [WARN] PackLoader:240 - Cannot read IP mode file for STMicroelectronics.X-CUBE-AZRTOS-G4.2.0.0
2025-12-25 15:38:16,951 [WARN] PackLoader:240 - Cannot read IP mode file for STMicroelectronics.X-CUBE-NFC7.2.0.0
2025-12-25 15:38:16,968 [WARN] PackLoader:240 - Cannot read IP mode file for STMicroelectronics.X-CUBE-IPS.3.1.0
2025-12-25 15:38:16,983 [WARN] PackLoader:240 - Cannot read IP mode file for STMicroelectronics.X-CUBE-ALS.1.0.2
2025-12-25 15:38:16,997 [WARN] PackLoader:240 - Cannot read IP mode file for STMicroelectronics.X-CUBE-TOUCHGFX.4.24.1
2025-12-25 15:38:17,009 [WARN] PackLoader:240 - Cannot read IP mode file for STMicroelectronics.X-CUBE-STSE01.1.0.0
2025-12-25 15:38:17,021 [WARN] PackLoader:240 - Cannot read IP mode file for wolfSSL.I-CUBE-wolfTPM.3.4.0
2025-12-25 15:38:17,037 [WARN] PackLoader:240 - Cannot read IP mode file for portGmbH.I-Cube-SoM-uGOAL.1.1.0
2025-12-25 15:38:17,063 [WARN] PackLoader:240 - Cannot read IP mode file for STMicroelectronics.X-CUBE-AZRTOS-H7RS.1.0.0
2025-12-25 15:38:17,068 [WARN] PackLoader:240 - Cannot read IP mode file for STMicroelectronics.FP-ATR-ASTRA1.2.0.0
2025-12-25 15:38:17,084 [WARN] PackLoader:240 - Cannot read IP mode file for STMicroelectronics.X-CUBE-TOF1.3.4.2
2025-12-25 15:38:17,105 [WARN] PackLoader:240 - Cannot read IP mode file for STMicroelectronics.X-CUBE-TOF1.3.4.3
2025-12-25 15:38:17,129 [WARN] PackLoader:240 - Cannot read IP mode file for Infineon.AIROC-Wi-Fi-Bluetooth-STM32.1.6.1
2025-12-25 15:38:17,144 [WARN] PackLoader:240 - Cannot read IP mode file for wolfSSL.I-CUBE-wolfSSH.1.4.17
2025-12-25 15:38:17,145 [INFO] ThirdParty:978 - Integrity check success = true
2025-12-25 15:38:17,145 [INFO] IntegrityCheckThread:100 - exiting critical section [integrity check]
2025-12-25 15:38:17,145 [INFO] IntegrityCheckThread:103 - End integrity checks thread
2025-12-25 15:49:57,225 [INFO] McuFinderGlobals:63 - Set McuFinder mode to 2 (CubeIDE integrated)
2025-12-25 15:49:57,232 [INFO] MainUpdater:2872 - connection check result : 10
2025-12-25 15:49:57,234 [INFO] MainUpdater:2872 - connection check result : 10
2025-12-25 15:49:57,270 [INFO] MicroXplorer:468 - Change Database Path : 
2025-12-25 15:49:57,270 [INFO] MicroXplorer:498 - Change Database Version : DB.6.0.130
2025-12-25 15:49:57,276 [WARN] ThirdParty:871 - waiting for thirdparty lock release [close project]
2025-12-25 15:49:57,276 [INFO] ThirdParty:873 - entering critical section [close project]
2025-12-25 15:49:57,277 [INFO] ThirdParty:883 - exiting critical section [close project]
2025-12-25 15:49:57,280 [INFO] PinOutPanel:1589 - setPackage(No Configuration,No Configuration)
2025-12-25 15:49:57,287 [INFO] UtilMem:75 - Begin LoadConfig() Used Memory: 907320744 Bytes (1073741824)
2025-12-25 15:49:57,289 [INFO] MicroXplorer:468 - Change Database Path : 
2025-12-25 15:49:57,289 [INFO] MicroXplorer:498 - Change Database Version : DB.6.0.130
2025-12-25 15:49:57,289 [INFO] OpenFileManager:332 - Change cursor
2025-12-25 15:49:57,353 [INFO] Mcu:2035 - Initializing MCU STM32H743IITx STM32H743IITx STM32H743IIT6
2025-12-25 15:50:01,036 [INFO] Context:748 - Trying to add GPIOservice into a context  which must be forbidden
2025-12-25 15:50:03,136 [INFO] RtosManager:555 - Registered RTOS mode: class=CMSIS, group=RTOS, mode=CMSIS_V1, owner=FREERTOS
2025-12-25 15:50:03,137 [INFO] RtosManager:555 - Registered RTOS mode: class=CMSIS, group=RTOS2, mode=CMSIS_V2, owner=FREERTOS
2025-12-25 15:50:03,137 [INFO] RtosManager:555 - Registered RTOS mode: class=RTOS, group=Core, mode=CMSIS_V1, owner=FREERTOS
2025-12-25 15:50:03,137 [INFO] RtosManager:555 - Registered RTOS mode: class=RTOS, group=Core, mode=CMSIS_V2, owner=FREERTOS
2025-12-25 15:50:03,137 [WARN] ModelIntegratedComponent:184 - Missing modes for component STMicroelectronics:FreeRTOS:0.0.1:STMicroelectronics:RTOS:FreeRTOS:Core:::10.2.0:
2025-12-25 15:50:03,145 [WARN] ModelIntegratedComponent:63 - No mode defined for component null
2025-12-25 15:50:03,145 [WARN] ModelIntegratedComponent:63 - No mode defined for component null
2025-12-25 15:50:03,145 [WARN] ModelIntegratedComponent:63 - No mode defined for component null
2025-12-25 15:50:03,145 [WARN] ModelIntegratedComponent:63 - No mode defined for component null
2025-12-25 15:50:03,146 [WARN] ModelIntegratedComponent:63 - No mode defined for component null
2025-12-25 15:50:03,146 [WARN] ModelIntegratedComponent:63 - No mode defined for component null
2025-12-25 15:50:03,146 [WARN] ModelIntegratedComponent:63 - No mode defined for component null
2025-12-25 15:50:03,146 [WARN] ModelIntegratedComponent:63 - No mode defined for component null
2025-12-25 15:50:03,146 [WARN] ModelIntegratedComponent:63 - No mode defined for component null
2025-12-25 15:50:03,146 [WARN] ModelIntegratedComponent:63 - No mode defined for component null
2025-12-25 15:50:03,146 [WARN] ModelIntegratedComponent:63 - No mode defined for component null
2025-12-25 15:50:03,146 [WARN] ModelIntegratedComponent:63 - No mode defined for component null
2025-12-25 15:50:03,146 [WARN] ModelIntegratedComponent:63 - No mode defined for component null
2025-12-25 15:50:03,146 [WARN] ModelIntegratedComponent:63 - No mode defined for component null
2025-12-25 15:50:03,146 [WARN] ModelIntegratedComponent:63 - No mode defined for component null
2025-12-25 15:50:03,146 [WARN] ModelIntegratedComponent:63 - No mode defined for component null
2025-12-25 15:50:03,146 [WARN] ModelIntegratedComponent:63 - No mode defined for component null
2025-12-25 15:50:03,146 [WARN] ModelIntegratedComponent:63 - No mode defined for component null
2025-12-25 15:50:03,147 [WARN] ModelIntegratedComponent:63 - No mode defined for component null
2025-12-25 15:50:03,147 [WARN] ModelIntegratedComponent:63 - No mode defined for component null
2025-12-25 15:50:03,147 [WARN] ModelIntegratedComponent:63 - No mode defined for component null
2025-12-25 15:50:03,147 [WARN] ModelIntegratedComponent:63 - No mode defined for component null
2025-12-25 15:50:03,147 [WARN] ModelIntegratedComponent:63 - No mode defined for component null
2025-12-25 15:50:03,147 [WARN] ModelIntegratedComponent:63 - No mode defined for component null
2025-12-25 15:50:03,147 [WARN] ModelIntegratedComponent:63 - No mode defined for component null
2025-12-25 15:50:03,147 [WARN] ModelIntegratedComponent:63 - No mode defined for component null
2025-12-25 15:50:03,147 [WARN] ModelIntegratedComponent:63 - No mode defined for component null
2025-12-25 15:50:03,148 [WARN] ModelIntegratedComponent:63 - No mode defined for component null
2025-12-25 15:50:03,148 [WARN] ModelIntegratedComponent:63 - No mode defined for component null
2025-12-25 15:50:03,148 [WARN] ModelIntegratedComponent:63 - No mode defined for component null
2025-12-25 15:50:03,148 [WARN] ModelIntegratedComponent:63 - No mode defined for component null
2025-12-25 15:50:03,148 [WARN] ModelIntegratedComponent:63 - No mode defined for component null
2025-12-25 15:50:03,148 [WARN] ModelIntegratedComponent:63 - No mode defined for component null
2025-12-25 15:50:03,148 [WARN] ModelIntegratedComponent:63 - No mode defined for component null
2025-12-25 15:50:03,148 [WARN] ModelIntegratedComponent:63 - No mode defined for component null
2025-12-25 15:50:03,148 [WARN] ModelPack:524 - Component already loaded: STMicroelectronics:HAL Drivers:0.0.0:STMicroelectronics:Device:STMicro_Driver:XSPI:HAL::0.0.1:HAL_XSPI
2025-12-25 15:50:03,322 [INFO] ThirdPartyModel:298 - Start build external matchings
2025-12-25 15:50:04,291 [INFO] ThirdPartyModel:316 - End build external matchings
2025-12-25 15:50:04,315 [WARN] IP:2251 - ClockDivider not found: check if there is a RefParameter without a condition.
2025-12-25 15:50:04,316 [WARN] IP:2251 - ClockDividerCCU not found: check if there is a RefParameter without a condition.
2025-12-25 15:50:04,316 [WARN] IP:2251 - MinOscClkPeriodsCCU not found: check if there is a RefParameter without a condition.
2025-12-25 15:50:04,316 [WARN] IP:2251 - TimeQuantaPerBitTimeCCU not found: check if there is a RefParameter without a condition.
2025-12-25 15:50:04,316 [WARN] IP:2251 - WatchdogStartValueCCU not found: check if there is a RefParameter without a condition.
2025-12-25 15:50:05,264 [INFO] ApiDb:581 - Connected to CubeFinder SQLite database (C:\Users\kamil\.stmcufinder\plugins\mcufinder\mcu\cube-finder-db.db)
2025-12-25 15:50:05,350 [INFO] ApiDb:668 - CubeFinder database Data Model version=2.1
2025-12-25 15:50:05,350 [INFO] ApiDb:669 - CubeFinder database Configuration version=3.0.39
2025-12-25 15:50:05,350 [INFO] ApiDb:670 - CubeFinder database generation date=2025-11-05 (1762334721)
2025-12-25 15:50:05,351 [INFO] ApiDb:671 - CubeFinder database FW Pack versions=[FP-ATR-ASTRA1_V2.0.0, FP-SNS-FLIGHT1_V5.1.0, FP-SNS-MOTENV1_V5.1.0, FP-SNS-MOTENVWB1_V1.4.0, FP-SNS-SMARTAG2_V1.2.0, FP-SNS-STBOX1_V2.1.0, STM32Cube_FW_C0_V1.4.0, STM32Cube_FW_F4_V1.28.3, STM32Cube_FW_F7_V1.17.4, STM32Cube_FW_G0_V1.6.2, STM32Cube_FW_G4_V1.6.1, STM32Cube_FW_H5_V1.5.1, STM32Cube_FW_H7RS_V1.3.0, STM32Cube_FW_H7_V1.12.1, STM32Cube_FW_L0_V1.12.2, STM32Cube_FW_L4_V1.18.1, STM32Cube_FW_L5_V1.6.0, STM32Cube_FW_N6_V1.3.0, STM32Cube_FW_U0_V1.3.0, STM32Cube_FW_U3_V1.2.1, STM32Cube_FW_U5_V1.8.0, STM32Cube_FW_WB0_V1.4.0, STM32Cube_FW_WBA_V1.8.0, STM32Cube_FW_WB_V1.24.0, STM32Cube_FW_WL3_V1.3.0, STM32Cube_FW_WL_V1.4.0, X-CUBE-ALGOBUILD_V1.4.0, X-CUBE-ALS_V1.0.2, X-CUBE-AZRTOS-F4_V1.1.0, X-CUBE-AZRTOS-F7_V1.1.0, X-CUBE-AZRTOS-G0_V1.1.0, X-CUBE-AZRTOS-G4_V2.0.0, X-CUBE-AZRTOS-H7RS_V1.1.0, X-CUBE-AZRTOS-H7_V3.4.0, X-CUBE-AZRTOS-L4_V2.0.0, X-CUBE-AZRTOS-L5_V2.0.0, X-CUBE-AZRTOS-WB_V2.0.0, X-CUBE-AZRTOS-WL_V2.0.0, X-CUBE-BLE1_V7.1.0, X-CUBE-BLE2_V3.3.0, X-CUBE-BLEMGR_V4.1.0, X-CUBE-EEPRMA1_V5.2.0, X-CUBE-FREERTOS_V1.3.1, X-CUBE-GNSS1_V6.0.0, X-CUBE-MEMS1_V11.3.0, X-CUBE-NFC4_V3.0.0, X-CUBE-NFC7_V2.0.0, X-CUBE-SFXS2LP1_V4.0.0, X-CUBE-ST67W61_V1.1.0, X-CUBE-SUBG2_V5.0.0, X-CUBE-TOF1_V3.4.3]
2025-12-25 15:50:05,460 [INFO] DbBoardsSqlite:226 - include board P-NUCLEO-WB55-NUCLEO as a kit item of type 'Nucleo-64'
2025-12-25 15:50:05,460 [INFO] DbBoardsSqlite:226 - include board P-NUCLEO-WB55-USBDONGLE as a kit item of type 'Nucleo USB Dongle'
2025-12-25 15:50:05,460 [INFO] DbBoardsSqlite:226 - include board STEVAL-IDP005V1 as a kit item of type 'Evaluation Board'
2025-12-25 15:50:05,460 [INFO] DbBoardsSqlite:226 - include board STEVAL-IDP005V2 as a kit item of type 'Evaluation Board'
2025-12-25 15:50:05,757 [INFO] ApiDb:240 - Found 858 in-development CPN: [B-G473E-ZEST1S, B-WB1M-WPAN1, B-WBA5M-WPAN, B-WL5M-SUBG1, NUCLEO-C031C6, NUCLEO-C051C8, NUCLEO-C071RB, NUCLEO-C092RC, NUCLEO-H503RB, NUCLEO-H533RE, NUCLEO-H563ZI, NUCLEO-H7S3L8, NUCLEO-N657X0-Q, NUCLEO-U031R8, NUCLEO-U083RC, NUCLEO-U385RG-Q, NUCLEO-U545RE-Q, NUCLEO-U5A5ZJ-Q, NUCLEO-WB05KZ, NUCLEO-WB07CC, NUCLEO-WB09KE, NUCLEO-WBA52CG, NUCLEO-WBA55CG, NUCLEO-WL33CC1, NUCLEO-WL33CC2, STEVAL-PROTEUS1, STEVAL-SMARTAG2, STEVAL-STWINBX1, STM320518-EVAL, STM32C0116-DK, STM32C011D6Y3TR, STM32C011D6Y6TR, STM32C011F4P3, STM32C011F4P6, STM32C011F4U3, STM32C011F4U6TR, STM32C011F6P3, STM32C011F6P6, STM32C011F6U3, STM32C011F6U6TR, STM32C011J4M3, STM32C011J4M6, STM32C011J6M3, STM32C011J6M6, STM32C0316-DK, STM32C031C4T3, STM32C031C4T6, STM32C031C4U3, STM32C031C4U6, STM32C031C6T3, STM32C031C6T6, STM32C031C6U3, STM32C031C6U6, STM32C031F4P3, STM32C031F4P6, STM32C031F6P3, STM32C031F6P6, STM32C031G4U3, STM32C031G4U6, STM32C031G6U3, STM32C031G6U6, STM32C031K4T3, STM32C031K4T6, STM32C031K4U3, STM32C031K4U6, STM32C031K6T3, STM32C031K6T6, STM32C031K6U3, STM32C031K6U6, STM32C051C6T6, STM32C051C6U6, STM32C051C8T6, STM32C051C8U6, STM32C051D8Y6TR, STM32C051F6P6, STM32C051F8P6, STM32C051G6U6, STM32C051G8U6, STM32C051K6T6, STM32C051K6U6, STM32C051K8T6, STM32C071C8T6, STM32C071C8T6N, STM32C071C8U6, STM32C071C8U6N, STM32C071CBT6, STM32C071CBT6N, STM32C071CBU6, STM32C071CBU6N, STM32C071F8P6, STM32C071F8P6N, STM32C071FBP6, STM32C071FBP6N, STM32C071FBY6TR, STM32C071G8U6, STM32C071G8U6N, STM32C071GBU6, STM32C071GBU6N, STM32C071K8T6, STM32C071K8T6N, STM32C071K8U6, STM32C071K8U6N, STM32C071KBT6, STM32C071KBT6N, STM32C071KBU6, STM32C071KBU6N, STM32C071R8T6, STM32C071R8T6N, STM32C071RBI6N, STM32C071RBT6, STM32C071RBT6N, STM32C091CBT6, STM32C091CBU6, STM32C091CCT6, STM32C091CCU6, STM32C091ECY6TR, STM32C091FBP6, STM32C091FCP6, STM32C091GBU6, STM32C091GCU6, STM32C091KBT6, STM32C091KBU6, STM32C091KCT6, STM32C091KCU6, STM32C091RBT6, STM32C091RCI6, STM32C091RCT6, STM32C092CBT6, STM32C092CBU6, STM32C092CCT6, STM32C092CCU6, STM32C092ECY6TR, STM32C092FBP6, STM32C092FCP6, STM32C092GBU6, STM32C092GCU6, STM32C092KBT6, STM32C092KBU6, STM32C092KCT6, STM32C092KCU6, STM32C092RBT6, STM32C092RCI6, STM32C092RCT6, STM32G071K8TXN, STM32G071K8UXN, STM32G081GBU6N, STM32G081KBT6N, STM32G081KBUXN, STM32G0B1CCT6N, STM32G0B1KCT6, STM32G0B1NEY6TR, STM32G0B1RCT6N, STM32G0C1CCT6, STM32G0C1CCT6N, STM32G0C1CCU6N, STM32G0C1CET6N, STM32G0C1CEU6N, STM32G0C1KCT6, STM32G0C1NEY6TR, STM32G0C1RCI6N, STM32G0C1RCT6N, STM32G0C1REI6N, STM32G0C1RET6N, STM32G0C1VCI6, STM32G0C1VEI6, STM32G411C6T3, STM32G411C6T6, STM32G411C6U3, STM32G411C6U6, STM32G411C8T3, STM32G411C8T6, STM32G411C8U3, STM32G411C8U6, STM32G411CBT3, STM32G411CBT6, STM32G411CBU3, STM32G411CBU6, STM32G411CCT3, STM32G411CCT6, STM32G411CCU3, STM32G411CCU6, STM32G411K6T3, STM32G411K6T6, STM32G411K6U3, STM32G411K6U6, STM32G411K8T3, STM32G411K8T6, STM32G411K8U3, STM32G411K8U6, STM32G411KBT3, STM32G411KBT6, STM32G411KBU3, STM32G411KBU6, STM32G411M6T3, STM32G411M6T6, STM32G411M8T3, STM32G411M8T6, STM32G411MBT3, STM32G411MBT6, STM32G411MCT3, STM32G411MCT6, STM32G411R6T3, STM32G411R6T6, STM32G411R8T3, STM32G411R8T6, STM32G411RBT3, STM32G411RBT6, STM32G411RCT3, STM32G411RCT6, STM32G414CBT3, STM32G414CBT6, STM32G414CBU3, STM32G414CBU6, STM32G414CCT3, STM32G414CCT6, STM32G414CCU3, STM32G414CCU6, STM32G414MBT3, STM32G414MBT6, STM32G414MCT3, STM32G414MCT6, STM32G414RBT3, STM32G414RBT6, STM32G414RCT3, STM32G414RCT6, STM32G414VBT3, STM32G414VBT6, STM32G414VCT3, STM32G414VCT6, STM32G431CBT3Z, STM32G431RBT3Z, STM32G471CCT6, STM32G471CCU6, STM32G471CET3, STM32G471CET6, STM32G471CEU3, STM32G471CEU6, STM32G471MCT6, STM32G471MET3, STM32G471MET6, STM32G471MEY6TR, STM32G471QCT6, STM32G471QET3, STM32G471RCT6, STM32G471RET3, STM32G471RET6, STM32G471VCH6, STM32G471VCI6, STM32G471VCT6, STM32G471VEH3, STM32G471VEH6, STM32G471VEI3, STM32G471VEI6, STM32G471VET3, STM32G471VET6, STM32G473QET3Z, STM32G473RET3Z, STM32G474CCT6, STM32G491RET3Z, STM32H503CBT6, STM32H503CBU6, STM32H503EBY6TR, STM32H503KBU6, STM32H503RBT6, STM32H523CCT6, STM32H523CCU6, STM32H523CET6, STM32H523CEU6, STM32H523HEY6TR, STM32H523RCT6, STM32H523RET6, STM32H523VCI6, STM32H523VCT6, STM32H523VEI6, STM32H523VET6, STM32H523ZCJ6, STM32H523ZCT6, STM32H523ZEJ6, STM32H523ZET6, STM32H533CET6, STM32H533CEU6, STM32H533HEY6TR, STM32H533RET6, STM32H533VEI6, STM32H533VET6, STM32H533ZEJ6, STM32H533ZET6, STM32H562AGI6, STM32H562AII6, STM32H562IGK6, STM32H562IGT6, STM32H562IIK6, STM32H562IIT6, STM32H562RGT6, STM32H562RGV6, STM32H562RIT6, STM32H562RIV6, STM32H562VGT6, STM32H562VIT6, STM32H562ZGT6, STM32H562ZIT6, STM32H563AGI6, STM32H563AII3Q, STM32H563AII6, STM32H563IGK6, STM32H563IGT6, STM32H563IIK3Q, STM32H563IIK6, STM32H563IIT3Q, STM32H563IIT6, STM32H563MIY3QTR, STM32H563RGT6, STM32H563RGV6, STM32H563RIT6, STM32H563RIV6, STM32H563VGT6, STM32H563VIT3Q, STM32H563VIT6, STM32H563ZGT6, STM32H563ZIT3Q, STM32H563ZIT6, STM32H573AII3Q, STM32H573AII6, STM32H573I-DK, STM32H573IIK3Q, STM32H573IIK6, STM32H573IIT3Q, STM32H573IIT6, STM32H573MIY3QTR, STM32H573RIT6, STM32H573RIV6, STM32H573VIT3Q, STM32H573VIT6, STM32H573ZIT3Q, STM32H573ZIT6, STM32H7R3A8I6, STM32H7R3I8K6, STM32H7R3I8T6, STM32H7R3L8H6, STM32H7R3L8H6H, STM32H7R3R8V6, STM32H7R3V8H6, STM32H7R3V8T6, STM32H7R3V8Y6TR, STM32H7R3Z8J6, STM32H7R3Z8T6, STM32H7R7A8I6, STM32H7R7I8K6, STM32H7R7I8T6, STM32H7R7L8H6, STM32H7R7L8H6H, STM32H7R7Z8J6, STM32H7S3A8I6, STM32H7S3I8K6, STM32H7S3I8T6, STM32H7S3L8H6, STM32H7S3L8H6H, STM32H7S3R8V6, STM32H7S3V8H6, STM32H7S3V8T6, STM32H7S3V8Y6TR, STM32H7S3Z8J6, STM32H7S3Z8T6, STM32H7S78-DK, STM32H7S7A8I6, STM32H7S7I8K6, STM32H7S7I8T6, STM32H7S7L8H6, STM32H7S7L8H6H, STM32H7S7Z8J6, STM32L4R5QGI6STR, STM32MP131AAE3, STM32MP131AAF3, STM32MP131AAG3, STM32MP131CAE3, STM32MP131CAF3, STM32MP131CAG3, STM32MP131DAE7, STM32MP131DAF7, STM32MP131DAG7, STM32MP131FAE7, STM32MP131FAF7, STM32MP131FAG7, STM32MP133AAE3, STM32MP133AAF3, STM32MP133AAG3, STM32MP133CAE3, STM32MP133CAF3, STM32MP133CAG3, STM32MP133DAE7, STM32MP133DAF7, STM32MP133DAG7, STM32MP133FAE7, STM32MP133FAF7, STM32MP133FAG7, STM32MP135AAE3, STM32MP135AAF3, STM32MP135AAG3, STM32MP135CAE3, STM32MP135CAF3, STM32MP135CAG3, STM32MP135DAE7, STM32MP135DAF7, STM32MP135DAG7, STM32MP135F-DK, STM32MP135FAE7, STM32MP135FAF7, STM32MP135FAF7T, STM32MP135FAF7U, STM32MP135FAG7, STM32MP231AAJ3, STM32MP231AAK3, STM32MP231AAL3, STM32MP231CAJ3, STM32MP231CAK3, STM32MP231CAL3, STM32MP231DAJ3, STM32MP231DAK3, STM32MP231DAL3, STM32MP231FAJ3, STM32MP231FAK3, STM32MP231FAL3, STM32MP233AAJ3, STM32MP233AAK3, STM32MP233AAL3, STM32MP233CAJ3, STM32MP233CAK3, STM32MP233CAL3, STM32MP233DAJ3, STM32MP233DAK3, STM32MP233DAL3, STM32MP233FAJ3, STM32MP233FAK3, STM32MP233FAL3, STM32MP235AAJ3, STM32MP235AAK3, STM32MP235AAL3, STM32MP235CAJ3, STM32MP235CAK3, STM32MP235CAL3, STM32MP235DAJ3, STM32MP235DAK3, STM32MP235DAL3, STM32MP235FAJ3, STM32MP235FAK3, STM32MP235FAL3, STM32MP251AAI3, STM32MP251AAJ3, STM32MP251AAK3, STM32MP251AAL3, STM32MP251CAI3, STM32MP251CAJ3, STM32MP251CAK3, STM32MP251CAL3, STM32MP251DAI3, STM32MP251DAJ3, STM32MP251DAK3, STM32MP251DAL3, STM32MP251FAI3, STM32MP251FAJ3, STM32MP251FAK3, STM32MP251FAL3, STM32MP253AAI3, STM32MP253AAJ3, STM32MP253AAK3, STM32MP253AAL3, STM32MP253CAI3, STM32MP253CAJ3, STM32MP253CAK3, STM32MP253CAL3, STM32MP253DAI3, STM32MP253DAJ3, STM32MP253DAK3, STM32MP253DAL3, STM32MP253FAI3, STM32MP253FAJ3, STM32MP253FAK3, STM32MP253FAL3, STM32MP255AAI3, STM32MP255AAJ3, STM32MP255AAK3, STM32MP255AAL3, STM32MP255CAI3, STM32MP255CAJ3, STM32MP255CAK3, STM32MP255CAL3, STM32MP255DAI3, STM32MP255DAJ3, STM32MP255DAK3, STM32MP255DAL3, STM32MP255FAI3, STM32MP255FAJ3, STM32MP255FAK3, STM32MP255FAL3, STM32MP257AAI3, STM32MP257AAJ3, STM32MP257AAK3, STM32MP257AAL3, STM32MP257CAI3, STM32MP257CAJ3, STM32MP257CAK3, STM32MP257CAL3, STM32MP257DAI3, STM32MP257DAJ3, STM32MP257DAK3, STM32MP257DAL3, STM32MP257F-DK, STM32MP257F-EV1, STM32MP257FAI3, STM32MP257FAJ3, STM32MP257FAK3, STM32MP257FAL3, STM32N645A0H3Q, STM32N645B0H3Q, STM32N645I0H3Q, STM32N645L0H3Q, STM32N645X0H3Q, STM32N645Z0H3Q, STM32N647A0H3Q, STM32N647B0H3Q, STM32N647I0H3Q, STM32N647L0H3Q, STM32N647X0H3Q, STM32N647Z0H3Q, STM32N655A0H3Q, STM32N655B0H3Q, STM32N655I0H3Q, STM32N655L0H3Q, STM32N655X0H3Q, STM32N655Z0H3Q, STM32N6570-DK, STM32N657A0H3Q, STM32N657B0H3Q, STM32N657I0H3Q, STM32N657L0H3Q, STM32N657X0H3Q, STM32N657Z0H3Q, STM32U031C6T6, STM32U031C6U6, STM32U031C8T6, STM32U031C8U6, STM32U031F4P6, STM32U031F6P6, STM32U031F8P6, STM32U031G6Y6TR, STM32U031G8Y6TR, STM32U031K4U6, STM32U031K6U6, STM32U031K8U6, STM32U031R6I6, STM32U031R6T6, STM32U031R8I6, STM32U031R8T6, STM32U073C8T6, STM32U073C8U6, STM32U073CBT6, STM32U073CBU6, STM32U073CCT6, STM32U073CCU6, STM32U073H8Y6TR, STM32U073HBY6TR, STM32U073HCY6TR, STM32U073K8U6, STM32U073KBU6, STM32U073KCU6, STM32U073M8I6, STM32U073M8T6, STM32U073MBI6, STM32U073MBT6, STM32U073MCI6, STM32U073MCT6, STM32U073R8I6, STM32U073R8T6, STM32U073RBI6, STM32U073RBT6, STM32U073RCI6, STM32U073RCT6, STM32U083C-DK, STM32U083CCT6, STM32U083CCU6, STM32U083HCY6TR, STM32U083KCU6, STM32U083MCI6, STM32U083MCT6, STM32U083RCI6, STM32U083RCT6, STM32U375CET6, STM32U375CET6Q, STM32U375CEU6, STM32U375CEU6Q, STM32U375CEY6QTR, STM32U375CGT6, STM32U375CGT6Q, STM32U375CGU6, STM32U375CGU6Q, STM32U375CGY6QTR, STM32U375KEU6, STM32U375KGU6, STM32U375REI6, STM32U375REI6Q, STM32U375RET6, STM32U375RET6Q, STM32U375REY6GTR, STM32U375REY6QTR, STM32U375RGI6, STM32U375RGI6Q, STM32U375RGT6, STM32U375RGT6Q, STM32U375RGY6GTR, STM32U375RGY6QTR, STM32U375VEI6, STM32U375VEI6Q, STM32U375VET6, STM32U375VET6Q, STM32U375VGI6, STM32U375VGI6Q, STM32U375VGT6, STM32U375VGT6Q, STM32U385CGT6, STM32U385CGT6Q, STM32U385CGU6, STM32U385CGU6Q, STM32U385CGY6QTR, STM32U385KGU6, STM32U385RGI6, STM32U385RGI6Q, STM32U385RGT6, STM32U385RGT6Q, STM32U385RGY6GTR, STM32U385RGY6QTR, STM32U385VGI6, STM32U385VGI6Q, STM32U385VGT6, STM32U385VGT6Q, STM32U535CBT6, STM32U535CBT6Q, STM32U535CBU6, STM32U535CBU6Q, STM32U535CCT6, STM32U535CCT6Q, STM32U535CCU6, STM32U535CCU6Q, STM32U535CET6, STM32U535CET6Q, STM32U535CEU6, STM32U535CEU6Q, STM32U535JEY6QTR, STM32U535NCY6QTR, STM32U535NEY6QTR, STM32U535RBI6, STM32U535RBI6Q, STM32U535RBT6, STM32U535RBT6Q, STM32U535RCI6, STM32U535RCI6Q, STM32U535RCT6, STM32U535RCT6Q, STM32U535REI6, STM32U535REI6Q, STM32U535RET6, STM32U535RET6Q, STM32U535VCI6, STM32U535VCI6Q, STM32U535VCT6, STM32U535VCT6Q, STM32U535VEI6, STM32U535VEI6Q, STM32U535VET6, STM32U535VET6Q, STM32U545CET6, STM32U545CET6Q, STM32U545CEU6, STM32U545CEU6Q, STM32U545JEY6QTR, STM32U545NEY6QTR, STM32U545REI6, STM32U545REI6Q, STM32U545RET6, STM32U545RET6Q, STM32U545VEI6, STM32U545VEI6Q, STM32U545VET6, STM32U545VET6Q, STM32U595AIH6, STM32U595AIH6Q, STM32U595AJH6, STM32U595AJH6Q, STM32U595QII6, STM32U595QII6Q, STM32U595QJI6, STM32U595QJI6Q, STM32U595RIT6, STM32U595RIT6Q, STM32U595RJT6, STM32U595RJT6Q, STM32U595VIT6, STM32U595VIT6Q, STM32U595VJT6, STM32U595VJT6Q, STM32U595ZIT6, STM32U595ZIT6Q, STM32U595ZIY6QTR, STM32U595ZJT6, STM32U595ZJT6Q, STM32U595ZJY6QTR, STM32U599BJY6QTR, STM32U599NIH6Q, STM32U599NJH6Q, STM32U599VIT6Q, STM32U599VJT6, STM32U599VJT6Q, STM32U599ZIT6Q, STM32U599ZIY6QTR, STM32U599ZJT6Q, STM32U599ZJY6QTR, STM32U5A5AJH6, STM32U5A5AJH6Q, STM32U5A5QII3Q , STM32U5A5QJI6, STM32U5A5QJI6Q, STM32U5A5RJT6, STM32U5A5RJT6Q, STM32U5A5VJT6, STM32U5A5VJT6Q, STM32U5A5ZJT6, STM32U5A5ZJT6Q, STM32U5A5ZJY6QTR, STM32U5A9BJY6QTR, STM32U5A9J-DK, STM32U5A9NJH6Q, STM32U5A9VJT6Q, STM32U5A9ZJT6Q, STM32U5A9ZJY6QTR, STM32U5F7VIT6, STM32U5F7VIT6Q, STM32U5F7VJT6, STM32U5F7VJT6Q, STM32U5F9BJY6QTR, STM32U5F9NJH6Q, STM32U5F9VIT6Q, STM32U5F9VJT6Q, STM32U5F9ZIJ6QTR, STM32U5F9ZIT6Q, STM32U5F9ZJJ6QTR, STM32U5F9ZJT6Q, STM32U5G7VJT6, STM32U5G7VJT6Q, STM32U5G9BJY6QTR, STM32U5G9J-DK1, STM32U5G9J-DK2, STM32U5G9NJH6Q, STM32U5G9VJT6Q, STM32U5G9ZJJ6QTR, STM32U5G9ZJT6Q, STM32WB05KZV6TR, STM32WB05KZV7TR, STM32WB05TZF6TR, STM32WB05TZF7TR, STM32WB06CCF6TR, STM32WB06CCF7TR, STM32WB06CCV6TR, STM32WB06CCV7TR, STM32WB06KCV6TR, STM32WB06KCV7TR, STM32WB07CCF6TR, STM32WB07CCF7TR, STM32WB07CCV6TR, STM32WB07CCV7TR, STM32WB07KCV6TR, STM32WB07KCV7TR, STM32WB09KEV6TR, STM32WB09KEV7TR, STM32WB09TEF6TR, STM32WB09TEF7TR, STM32WB1MMCH6, STM32WBA50KGU6, STM32WBA50KGU6TR, STM32WBA52CEU6, STM32WBA52CEU6TR, STM32WBA52CEU7, STM32WBA52CEU7TR, STM32WBA52CGU6, STM32WBA52CGU6TR, STM32WBA52CGU6U, STM32WBA52CGU7, STM32WBA52CGU7TR, STM32WBA52KEU6, STM32WBA52KEU6TR, STM32WBA52KGU6, STM32WBA52KGU6TR, STM32WBA54CEU6, STM32WBA54CEU6TR, STM32WBA54CEU7, STM32WBA54CEU7TR, STM32WBA54CGU6, STM32WBA54CGU6TR, STM32WBA54CGU7, STM32WBA54CGU7TR, STM32WBA54KEU6, STM32WBA54KEU6TR, STM32WBA54KEU7, STM32WBA54KEU7TR, STM32WBA54KGU6, STM32WBA54KGU6TR, STM32WBA54KGU7, STM32WBA54KGU7TR, STM32WBA55CEU6, STM32WBA55CEU6TR, STM32WBA55CEU7, STM32WBA55CEU7TR, STM32WBA55CGU6, STM32WBA55CGU6TR, STM32WBA55CGU6U, STM32WBA55CGU7, STM32WBA55CGU7TR, STM32WBA55G-DK1, STM32WBA55HEF6, STM32WBA55HEF7, STM32WBA55HGF6, STM32WBA55HGF7, STM32WBA55UEI6, STM32WBA55UEI6TR, STM32WBA55UEI7, STM32WBA55UEI7TR, STM32WBA55UGI6, STM32WBA55UGI6TR, STM32WBA55UGI7, STM32WBA55UGI7TR, STM32WBA5MJGH6TR, STM32WBA5MJGH6U, STM32WL33C8V6, STM32WL33C8V6TR, STM32WL33C8V7, STM32WL33C8V7TR, STM32WL33CBV6, STM32WL33CBV6TR, STM32WL33CBV7, STM32WL33CBV7TR, STM32WL33CCV6, STM32WL33CCV6TR, STM32WL33CCV7, STM32WL33CCV7A, STM32WL33CCV7ATR, STM32WL33CCV7TR, STM32WL33K8V6, STM32WL33K8V6TR, STM32WL33K8V7, STM32WL33K8V7TR, STM32WL33KBV6, STM32WL33KBV6TR, STM32WL33KBV7, STM32WL33KBV7TR, STM32WL33KCV6, STM32WL33KCV6TR, STM32WL33KCV7, STM32WL33KCV7TR, STM32WL5MOCH6, STM32WL5MOCH6TR]
2025-12-25 15:50:05,761 [INFO] ApiDb:668 - CubeFinder database Data Model version=2.1
2025-12-25 15:50:05,761 [INFO] ApiDb:669 - CubeFinder database Configuration version=3.0.39
2025-12-25 15:50:05,762 [INFO] ApiDb:670 - CubeFinder database generation date=2025-11-05 (1762334721)
2025-12-25 15:50:05,762 [INFO] ApiDb:671 - CubeFinder database FW Pack versions=[FP-ATR-ASTRA1_V2.0.0, FP-SNS-FLIGHT1_V5.1.0, FP-SNS-MOTENV1_V5.1.0, FP-SNS-MOTENVWB1_V1.4.0, FP-SNS-SMARTAG2_V1.2.0, FP-SNS-STBOX1_V2.1.0, STM32Cube_FW_C0_V1.4.0, STM32Cube_FW_F4_V1.28.3, STM32Cube_FW_F7_V1.17.4, STM32Cube_FW_G0_V1.6.2, STM32Cube_FW_G4_V1.6.1, STM32Cube_FW_H5_V1.5.1, STM32Cube_FW_H7RS_V1.3.0, STM32Cube_FW_H7_V1.12.1, STM32Cube_FW_L0_V1.12.2, STM32Cube_FW_L4_V1.18.1, STM32Cube_FW_L5_V1.6.0, STM32Cube_FW_N6_V1.3.0, STM32Cube_FW_U0_V1.3.0, STM32Cube_FW_U3_V1.2.1, STM32Cube_FW_U5_V1.8.0, STM32Cube_FW_WB0_V1.4.0, STM32Cube_FW_WBA_V1.8.0, STM32Cube_FW_WB_V1.24.0, STM32Cube_FW_WL3_V1.3.0, STM32Cube_FW_WL_V1.4.0, X-CUBE-ALGOBUILD_V1.4.0, X-CUBE-ALS_V1.0.2, X-CUBE-AZRTOS-F4_V1.1.0, X-CUBE-AZRTOS-F7_V1.1.0, X-CUBE-AZRTOS-G0_V1.1.0, X-CUBE-AZRTOS-G4_V2.0.0, X-CUBE-AZRTOS-H7RS_V1.1.0, X-CUBE-AZRTOS-H7_V3.4.0, X-CUBE-AZRTOS-L4_V2.0.0, X-CUBE-AZRTOS-L5_V2.0.0, X-CUBE-AZRTOS-WB_V2.0.0, X-CUBE-AZRTOS-WL_V2.0.0, X-CUBE-BLE1_V7.1.0, X-CUBE-BLE2_V3.3.0, X-CUBE-BLEMGR_V4.1.0, X-CUBE-EEPRMA1_V5.2.0, X-CUBE-FREERTOS_V1.3.1, X-CUBE-GNSS1_V6.0.0, X-CUBE-MEMS1_V11.3.0, X-CUBE-NFC4_V3.0.0, X-CUBE-NFC7_V2.0.0, X-CUBE-SFXS2LP1_V4.0.0, X-CUBE-ST67W61_V1.1.0, X-CUBE-SUBG2_V5.0.0, X-CUBE-TOF1_V3.4.3]
2025-12-25 15:50:07,580 [INFO] ApiDb:240 - Found 858 in-development CPN: [B-G473E-ZEST1S, B-WB1M-WPAN1, B-WBA5M-WPAN, B-WL5M-SUBG1, NUCLEO-C031C6, NUCLEO-C051C8, NUCLEO-C071RB, NUCLEO-C092RC, NUCLEO-H503RB, NUCLEO-H533RE, NUCLEO-H563ZI, NUCLEO-H7S3L8, NUCLEO-N657X0-Q, NUCLEO-U031R8, NUCLEO-U083RC, NUCLEO-U385RG-Q, NUCLEO-U545RE-Q, NUCLEO-U5A5ZJ-Q, NUCLEO-WB05KZ, NUCLEO-WB07CC, NUCLEO-WB09KE, NUCLEO-WBA52CG, NUCLEO-WBA55CG, NUCLEO-WL33CC1, NUCLEO-WL33CC2, STEVAL-PROTEUS1, STEVAL-SMARTAG2, STEVAL-STWINBX1, STM320518-EVAL, STM32C0116-DK, STM32C011D6Y3TR, STM32C011D6Y6TR, STM32C011F4P3, STM32C011F4P6, STM32C011F4U3, STM32C011F4U6TR, STM32C011F6P3, STM32C011F6P6, STM32C011F6U3, STM32C011F6U6TR, STM32C011J4M3, STM32C011J4M6, STM32C011J6M3, STM32C011J6M6, STM32C0316-DK, STM32C031C4T3, STM32C031C4T6, STM32C031C4U3, STM32C031C4U6, STM32C031C6T3, STM32C031C6T6, STM32C031C6U3, STM32C031C6U6, STM32C031F4P3, STM32C031F4P6, STM32C031F6P3, STM32C031F6P6, STM32C031G4U3, STM32C031G4U6, STM32C031G6U3, STM32C031G6U6, STM32C031K4T3, STM32C031K4T6, STM32C031K4U3, STM32C031K4U6, STM32C031K6T3, STM32C031K6T6, STM32C031K6U3, STM32C031K6U6, STM32C051C6T6, STM32C051C6U6, STM32C051C8T6, STM32C051C8U6, STM32C051D8Y6TR, STM32C051F6P6, STM32C051F8P6, STM32C051G6U6, STM32C051G8U6, STM32C051K6T6, STM32C051K6U6, STM32C051K8T6, STM32C071C8T6, STM32C071C8T6N, STM32C071C8U6, STM32C071C8U6N, STM32C071CBT6, STM32C071CBT6N, STM32C071CBU6, STM32C071CBU6N, STM32C071F8P6, STM32C071F8P6N, STM32C071FBP6, STM32C071FBP6N, STM32C071FBY6TR, STM32C071G8U6, STM32C071G8U6N, STM32C071GBU6, STM32C071GBU6N, STM32C071K8T6, STM32C071K8T6N, STM32C071K8U6, STM32C071K8U6N, STM32C071KBT6, STM32C071KBT6N, STM32C071KBU6, STM32C071KBU6N, STM32C071R8T6, STM32C071R8T6N, STM32C071RBI6N, STM32C071RBT6, STM32C071RBT6N, STM32C091CBT6, STM32C091CBU6, STM32C091CCT6, STM32C091CCU6, STM32C091ECY6TR, STM32C091FBP6, STM32C091FCP6, STM32C091GBU6, STM32C091GCU6, STM32C091KBT6, STM32C091KBU6, STM32C091KCT6, STM32C091KCU6, STM32C091RBT6, STM32C091RCI6, STM32C091RCT6, STM32C092CBT6, STM32C092CBU6, STM32C092CCT6, STM32C092CCU6, STM32C092ECY6TR, STM32C092FBP6, STM32C092FCP6, STM32C092GBU6, STM32C092GCU6, STM32C092KBT6, STM32C092KBU6, STM32C092KCT6, STM32C092KCU6, STM32C092RBT6, STM32C092RCI6, STM32C092RCT6, STM32G071K8TXN, STM32G071K8UXN, STM32G081GBU6N, STM32G081KBT6N, STM32G081KBUXN, STM32G0B1CCT6N, STM32G0B1KCT6, STM32G0B1NEY6TR, STM32G0B1RCT6N, STM32G0C1CCT6, STM32G0C1CCT6N, STM32G0C1CCU6N, STM32G0C1CET6N, STM32G0C1CEU6N, STM32G0C1KCT6, STM32G0C1NEY6TR, STM32G0C1RCI6N, STM32G0C1RCT6N, STM32G0C1REI6N, STM32G0C1RET6N, STM32G0C1VCI6, STM32G0C1VEI6, STM32G411C6T3, STM32G411C6T6, STM32G411C6U3, STM32G411C6U6, STM32G411C8T3, STM32G411C8T6, STM32G411C8U3, STM32G411C8U6, STM32G411CBT3, STM32G411CBT6, STM32G411CBU3, STM32G411CBU6, STM32G411CCT3, STM32G411CCT6, STM32G411CCU3, STM32G411CCU6, STM32G411K6T3, STM32G411K6T6, STM32G411K6U3, STM32G411K6U6, STM32G411K8T3, STM32G411K8T6, STM32G411K8U3, STM32G411K8U6, STM32G411KBT3, STM32G411KBT6, STM32G411KBU3, STM32G411KBU6, STM32G411M6T3, STM32G411M6T6, STM32G411M8T3, STM32G411M8T6, STM32G411MBT3, STM32G411MBT6, STM32G411MCT3, STM32G411MCT6, STM32G411R6T3, STM32G411R6T6, STM32G411R8T3, STM32G411R8T6, STM32G411RBT3, STM32G411RBT6, STM32G411RCT3, STM32G411RCT6, STM32G414CBT3, STM32G414CBT6, STM32G414CBU3, STM32G414CBU6, STM32G414CCT3, STM32G414CCT6, STM32G414CCU3, STM32G414CCU6, STM32G414MBT3, STM32G414MBT6, STM32G414MCT3, STM32G414MCT6, STM32G414RBT3, STM32G414RBT6, STM32G414RCT3, STM32G414RCT6, STM32G414VBT3, STM32G414VBT6, STM32G414VCT3, STM32G414VCT6, STM32G431CBT3Z, STM32G431RBT3Z, STM32G471CCT6, STM32G471CCU6, STM32G471CET3, STM32G471CET6, STM32G471CEU3, STM32G471CEU6, STM32G471MCT6, STM32G471MET3, STM32G471MET6, STM32G471MEY6TR, STM32G471QCT6, STM32G471QET3, STM32G471RCT6, STM32G471RET3, STM32G471RET6, STM32G471VCH6, STM32G471VCI6, STM32G471VCT6, STM32G471VEH3, STM32G471VEH6, STM32G471VEI3, STM32G471VEI6, STM32G471VET3, STM32G471VET6, STM32G473QET3Z, STM32G473RET3Z, STM32G474CCT6, STM32G491RET3Z, STM32H503CBT6, STM32H503CBU6, STM32H503EBY6TR, STM32H503KBU6, STM32H503RBT6, STM32H523CCT6, STM32H523CCU6, STM32H523CET6, STM32H523CEU6, STM32H523HEY6TR, STM32H523RCT6, STM32H523RET6, STM32H523VCI6, STM32H523VCT6, STM32H523VEI6, STM32H523VET6, STM32H523ZCJ6, STM32H523ZCT6, STM32H523ZEJ6, STM32H523ZET6, STM32H533CET6, STM32H533CEU6, STM32H533HEY6TR, STM32H533RET6, STM32H533VEI6, STM32H533VET6, STM32H533ZEJ6, STM32H533ZET6, STM32H562AGI6, STM32H562AII6, STM32H562IGK6, STM32H562IGT6, STM32H562IIK6, STM32H562IIT6, STM32H562RGT6, STM32H562RGV6, STM32H562RIT6, STM32H562RIV6, STM32H562VGT6, STM32H562VIT6, STM32H562ZGT6, STM32H562ZIT6, STM32H563AGI6, STM32H563AII3Q, STM32H563AII6, STM32H563IGK6, STM32H563IGT6, STM32H563IIK3Q, STM32H563IIK6, STM32H563IIT3Q, STM32H563IIT6, STM32H563MIY3QTR, STM32H563RGT6, STM32H563RGV6, STM32H563RIT6, STM32H563RIV6, STM32H563VGT6, STM32H563VIT3Q, STM32H563VIT6, STM32H563ZGT6, STM32H563ZIT3Q, STM32H563ZIT6, STM32H573AII3Q, STM32H573AII6, STM32H573I-DK, STM32H573IIK3Q, STM32H573IIK6, STM32H573IIT3Q, STM32H573IIT6, STM32H573MIY3QTR, STM32H573RIT6, STM32H573RIV6, STM32H573VIT3Q, STM32H573VIT6, STM32H573ZIT3Q, STM32H573ZIT6, STM32H7R3A8I6, STM32H7R3I8K6, STM32H7R3I8T6, STM32H7R3L8H6, STM32H7R3L8H6H, STM32H7R3R8V6, STM32H7R3V8H6, STM32H7R3V8T6, STM32H7R3V8Y6TR, STM32H7R3Z8J6, STM32H7R3Z8T6, STM32H7R7A8I6, STM32H7R7I8K6, STM32H7R7I8T6, STM32H7R7L8H6, STM32H7R7L8H6H, STM32H7R7Z8J6, STM32H7S3A8I6, STM32H7S3I8K6, STM32H7S3I8T6, STM32H7S3L8H6, STM32H7S3L8H6H, STM32H7S3R8V6, STM32H7S3V8H6, STM32H7S3V8T6, STM32H7S3V8Y6TR, STM32H7S3Z8J6, STM32H7S3Z8T6, STM32H7S78-DK, STM32H7S7A8I6, STM32H7S7I8K6, STM32H7S7I8T6, STM32H7S7L8H6, STM32H7S7L8H6H, STM32H7S7Z8J6, STM32L4R5QGI6STR, STM32MP131AAE3, STM32MP131AAF3, STM32MP131AAG3, STM32MP131CAE3, STM32MP131CAF3, STM32MP131CAG3, STM32MP131DAE7, STM32MP131DAF7, STM32MP131DAG7, STM32MP131FAE7, STM32MP131FAF7, STM32MP131FAG7, STM32MP133AAE3, STM32MP133AAF3, STM32MP133AAG3, STM32MP133CAE3, STM32MP133CAF3, STM32MP133CAG3, STM32MP133DAE7, STM32MP133DAF7, STM32MP133DAG7, STM32MP133FAE7, STM32MP133FAF7, STM32MP133FAG7, STM32MP135AAE3, STM32MP135AAF3, STM32MP135AAG3, STM32MP135CAE3, STM32MP135CAF3, STM32MP135CAG3, STM32MP135DAE7, STM32MP135DAF7, STM32MP135DAG7, STM32MP135F-DK, STM32MP135FAE7, STM32MP135FAF7, STM32MP135FAF7T, STM32MP135FAF7U, STM32MP135FAG7, STM32MP231AAJ3, STM32MP231AAK3, STM32MP231AAL3, STM32MP231CAJ3, STM32MP231CAK3, STM32MP231CAL3, STM32MP231DAJ3, STM32MP231DAK3, STM32MP231DAL3, STM32MP231FAJ3, STM32MP231FAK3, STM32MP231FAL3, STM32MP233AAJ3, STM32MP233AAK3, STM32MP233AAL3, STM32MP233CAJ3, STM32MP233CAK3, STM32MP233CAL3, STM32MP233DAJ3, STM32MP233DAK3, STM32MP233DAL3, STM32MP233FAJ3, STM32MP233FAK3, STM32MP233FAL3, STM32MP235AAJ3, STM32MP235AAK3, STM32MP235AAL3, STM32MP235CAJ3, STM32MP235CAK3, STM32MP235CAL3, STM32MP235DAJ3, STM32MP235DAK3, STM32MP235DAL3, STM32MP235FAJ3, STM32MP235FAK3, STM32MP235FAL3, STM32MP251AAI3, STM32MP251AAJ3, STM32MP251AAK3, STM32MP251AAL3, STM32MP251CAI3, STM32MP251CAJ3, STM32MP251CAK3, STM32MP251CAL3, STM32MP251DAI3, STM32MP251DAJ3, STM32MP251DAK3, STM32MP251DAL3, STM32MP251FAI3, STM32MP251FAJ3, STM32MP251FAK3, STM32MP251FAL3, STM32MP253AAI3, STM32MP253AAJ3, STM32MP253AAK3, STM32MP253AAL3, STM32MP253CAI3, STM32MP253CAJ3, STM32MP253CAK3, STM32MP253CAL3, STM32MP253DAI3, STM32MP253DAJ3, STM32MP253DAK3, STM32MP253DAL3, STM32MP253FAI3, STM32MP253FAJ3, STM32MP253FAK3, STM32MP253FAL3, STM32MP255AAI3, STM32MP255AAJ3, STM32MP255AAK3, STM32MP255AAL3, STM32MP255CAI3, STM32MP255CAJ3, STM32MP255CAK3, STM32MP255CAL3, STM32MP255DAI3, STM32MP255DAJ3, STM32MP255DAK3, STM32MP255DAL3, STM32MP255FAI3, STM32MP255FAJ3, STM32MP255FAK3, STM32MP255FAL3, STM32MP257AAI3, STM32MP257AAJ3, STM32MP257AAK3, STM32MP257AAL3, STM32MP257CAI3, STM32MP257CAJ3, STM32MP257CAK3, STM32MP257CAL3, STM32MP257DAI3, STM32MP257DAJ3, STM32MP257DAK3, STM32MP257DAL3, STM32MP257F-DK, STM32MP257F-EV1, STM32MP257FAI3, STM32MP257FAJ3, STM32MP257FAK3, STM32MP257FAL3, STM32N645A0H3Q, STM32N645B0H3Q, STM32N645I0H3Q, STM32N645L0H3Q, STM32N645X0H3Q, STM32N645Z0H3Q, STM32N647A0H3Q, STM32N647B0H3Q, STM32N647I0H3Q, STM32N647L0H3Q, STM32N647X0H3Q, STM32N647Z0H3Q, STM32N655A0H3Q, STM32N655B0H3Q, STM32N655I0H3Q, STM32N655L0H3Q, STM32N655X0H3Q, STM32N655Z0H3Q, STM32N6570-DK, STM32N657A0H3Q, STM32N657B0H3Q, STM32N657I0H3Q, STM32N657L0H3Q, STM32N657X0H3Q, STM32N657Z0H3Q, STM32U031C6T6, STM32U031C6U6, STM32U031C8T6, STM32U031C8U6, STM32U031F4P6, STM32U031F6P6, STM32U031F8P6, STM32U031G6Y6TR, STM32U031G8Y6TR, STM32U031K4U6, STM32U031K6U6, STM32U031K8U6, STM32U031R6I6, STM32U031R6T6, STM32U031R8I6, STM32U031R8T6, STM32U073C8T6, STM32U073C8U6, STM32U073CBT6, STM32U073CBU6, STM32U073CCT6, STM32U073CCU6, STM32U073H8Y6TR, STM32U073HBY6TR, STM32U073HCY6TR, STM32U073K8U6, STM32U073KBU6, STM32U073KCU6, STM32U073M8I6, STM32U073M8T6, STM32U073MBI6, STM32U073MBT6, STM32U073MCI6, STM32U073MCT6, STM32U073R8I6, STM32U073R8T6, STM32U073RBI6, STM32U073RBT6, STM32U073RCI6, STM32U073RCT6, STM32U083C-DK, STM32U083CCT6, STM32U083CCU6, STM32U083HCY6TR, STM32U083KCU6, STM32U083MCI6, STM32U083MCT6, STM32U083RCI6, STM32U083RCT6, STM32U375CET6, STM32U375CET6Q, STM32U375CEU6, STM32U375CEU6Q, STM32U375CEY6QTR, STM32U375CGT6, STM32U375CGT6Q, STM32U375CGU6, STM32U375CGU6Q, STM32U375CGY6QTR, STM32U375KEU6, STM32U375KGU6, STM32U375REI6, STM32U375REI6Q, STM32U375RET6, STM32U375RET6Q, STM32U375REY6GTR, STM32U375REY6QTR, STM32U375RGI6, STM32U375RGI6Q, STM32U375RGT6, STM32U375RGT6Q, STM32U375RGY6GTR, STM32U375RGY6QTR, STM32U375VEI6, STM32U375VEI6Q, STM32U375VET6, STM32U375VET6Q, STM32U375VGI6, STM32U375VGI6Q, STM32U375VGT6, STM32U375VGT6Q, STM32U385CGT6, STM32U385CGT6Q, STM32U385CGU6, STM32U385CGU6Q, STM32U385CGY6QTR, STM32U385KGU6, STM32U385RGI6, STM32U385RGI6Q, STM32U385RGT6, STM32U385RGT6Q, STM32U385RGY6GTR, STM32U385RGY6QTR, STM32U385VGI6, STM32U385VGI6Q, STM32U385VGT6, STM32U385VGT6Q, STM32U535CBT6, STM32U535CBT6Q, STM32U535CBU6, STM32U535CBU6Q, STM32U535CCT6, STM32U535CCT6Q, STM32U535CCU6, STM32U535CCU6Q, STM32U535CET6, STM32U535CET6Q, STM32U535CEU6, STM32U535CEU6Q, STM32U535JEY6QTR, STM32U535NCY6QTR, STM32U535NEY6QTR, STM32U535RBI6, STM32U535RBI6Q, STM32U535RBT6, STM32U535RBT6Q, STM32U535RCI6, STM32U535RCI6Q, STM32U535RCT6, STM32U535RCT6Q, STM32U535REI6, STM32U535REI6Q, STM32U535RET6, STM32U535RET6Q, STM32U535VCI6, STM32U535VCI6Q, STM32U535VCT6, STM32U535VCT6Q, STM32U535VEI6, STM32U535VEI6Q, STM32U535VET6, STM32U535VET6Q, STM32U545CET6, STM32U545CET6Q, STM32U545CEU6, STM32U545CEU6Q, STM32U545JEY6QTR, STM32U545NEY6QTR, STM32U545REI6, STM32U545REI6Q, STM32U545RET6, STM32U545RET6Q, STM32U545VEI6, STM32U545VEI6Q, STM32U545VET6, STM32U545VET6Q, STM32U595AIH6, STM32U595AIH6Q, STM32U595AJH6, STM32U595AJH6Q, STM32U595QII6, STM32U595QII6Q, STM32U595QJI6, STM32U595QJI6Q, STM32U595RIT6, STM32U595RIT6Q, STM32U595RJT6, STM32U595RJT6Q, STM32U595VIT6, STM32U595VIT6Q, STM32U595VJT6, STM32U595VJT6Q, STM32U595ZIT6, STM32U595ZIT6Q, STM32U595ZIY6QTR, STM32U595ZJT6, STM32U595ZJT6Q, STM32U595ZJY6QTR, STM32U599BJY6QTR, STM32U599NIH6Q, STM32U599NJH6Q, STM32U599VIT6Q, STM32U599VJT6, STM32U599VJT6Q, STM32U599ZIT6Q, STM32U599ZIY6QTR, STM32U599ZJT6Q, STM32U599ZJY6QTR, STM32U5A5AJH6, STM32U5A5AJH6Q, STM32U5A5QII3Q , STM32U5A5QJI6, STM32U5A5QJI6Q, STM32U5A5RJT6, STM32U5A5RJT6Q, STM32U5A5VJT6, STM32U5A5VJT6Q, STM32U5A5ZJT6, STM32U5A5ZJT6Q, STM32U5A5ZJY6QTR, STM32U5A9BJY6QTR, STM32U5A9J-DK, STM32U5A9NJH6Q, STM32U5A9VJT6Q, STM32U5A9ZJT6Q, STM32U5A9ZJY6QTR, STM32U5F7VIT6, STM32U5F7VIT6Q, STM32U5F7VJT6, STM32U5F7VJT6Q, STM32U5F9BJY6QTR, STM32U5F9NJH6Q, STM32U5F9VIT6Q, STM32U5F9VJT6Q, STM32U5F9ZIJ6QTR, STM32U5F9ZIT6Q, STM32U5F9ZJJ6QTR, STM32U5F9ZJT6Q, STM32U5G7VJT6, STM32U5G7VJT6Q, STM32U5G9BJY6QTR, STM32U5G9J-DK1, STM32U5G9J-DK2, STM32U5G9NJH6Q, STM32U5G9VJT6Q, STM32U5G9ZJJ6QTR, STM32U5G9ZJT6Q, STM32WB05KZV6TR, STM32WB05KZV7TR, STM32WB05TZF6TR, STM32WB05TZF7TR, STM32WB06CCF6TR, STM32WB06CCF7TR, STM32WB06CCV6TR, STM32WB06CCV7TR, STM32WB06KCV6TR, STM32WB06KCV7TR, STM32WB07CCF6TR, STM32WB07CCF7TR, STM32WB07CCV6TR, STM32WB07CCV7TR, STM32WB07KCV6TR, STM32WB07KCV7TR, STM32WB09KEV6TR, STM32WB09KEV7TR, STM32WB09TEF6TR, STM32WB09TEF7TR, STM32WB1MMCH6, STM32WBA50KGU6, STM32WBA50KGU6TR, STM32WBA52CEU6, STM32WBA52CEU6TR, STM32WBA52CEU7, STM32WBA52CEU7TR, STM32WBA52CGU6, STM32WBA52CGU6TR, STM32WBA52CGU6U, STM32WBA52CGU7, STM32WBA52CGU7TR, STM32WBA52KEU6, STM32WBA52KEU6TR, STM32WBA52KGU6, STM32WBA52KGU6TR, STM32WBA54CEU6, STM32WBA54CEU6TR, STM32WBA54CEU7, STM32WBA54CEU7TR, STM32WBA54CGU6, STM32WBA54CGU6TR, STM32WBA54CGU7, STM32WBA54CGU7TR, STM32WBA54KEU6, STM32WBA54KEU6TR, STM32WBA54KEU7, STM32WBA54KEU7TR, STM32WBA54KGU6, STM32WBA54KGU6TR, STM32WBA54KGU7, STM32WBA54KGU7TR, STM32WBA55CEU6, STM32WBA55CEU6TR, STM32WBA55CEU7, STM32WBA55CEU7TR, STM32WBA55CGU6, STM32WBA55CGU6TR, STM32WBA55CGU6U, STM32WBA55CGU7, STM32WBA55CGU7TR, STM32WBA55G-DK1, STM32WBA55HEF6, STM32WBA55HEF7, STM32WBA55HGF6, STM32WBA55HGF7, STM32WBA55UEI6, STM32WBA55UEI6TR, STM32WBA55UEI7, STM32WBA55UEI7TR, STM32WBA55UGI6, STM32WBA55UGI6TR, STM32WBA55UGI7, STM32WBA55UGI7TR, STM32WBA5MJGH6TR, STM32WBA5MJGH6U, STM32WL33C8V6, STM32WL33C8V6TR, STM32WL33C8V7, STM32WL33C8V7TR, STM32WL33CBV6, STM32WL33CBV6TR, STM32WL33CBV7, STM32WL33CBV7TR, STM32WL33CCV6, STM32WL33CCV6TR, STM32WL33CCV7, STM32WL33CCV7A, STM32WL33CCV7ATR, STM32WL33CCV7TR, STM32WL33K8V6, STM32WL33K8V6TR, STM32WL33K8V7, STM32WL33K8V7TR, STM32WL33KBV6, STM32WL33KBV6TR, STM32WL33KBV7, STM32WL33KBV7TR, STM32WL33KCV6, STM32WL33KCV6TR, STM32WL33KCV7, STM32WL33KCV7TR, STM32WL5MOCH6, STM32WL5MOCH6TR]
2025-12-25 15:50:07,585 [INFO] DbMcus:218 - Found 4817 MCUs, 4817 are supported
2025-12-25 15:50:07,586 [INFO] ApiDb:423 - Load user favorites file C:\Users\kamil/.stm32cubeide/favorites.mcus.txt: 1 item(s)
2025-12-25 15:50:07,586 [INFO] ApiDb:427 - User favorites MCUs=[STM32H743IIT6]
2025-12-25 15:50:07,586 [INFO] DbMcus:224 - Set 1 / 1 favorites MCUs
2025-12-25 15:50:08,195 [INFO] BoardInfo:889 - No configuration file found for board NUCLEO-WBA65RI
2025-12-25 15:50:08,196 [INFO] DbBoards:161 - Board is not supported: NUCLEO-WBA65RI
2025-12-25 15:50:08,207 [INFO] BoardInfo:889 - No configuration file found for board P-NUCLEO-WB55
2025-12-25 15:50:08,208 [INFO] DbBoards:161 - Kit is not supported: P-NUCLEO-WB55
2025-12-25 15:50:08,213 [INFO] BoardInfo:889 - No configuration file found for board STEVAL-BFA001V1B
2025-12-25 15:50:08,214 [INFO] DbBoards:161 - Kit is not supported: STEVAL-BFA001V1B
2025-12-25 15:50:08,215 [INFO] BoardInfo:889 - No configuration file found for board STEVAL-BFA001V2B
2025-12-25 15:50:08,216 [INFO] DbBoards:161 - Kit is not supported: STEVAL-BFA001V2B
2025-12-25 15:50:08,423 [INFO] BoardInfo:889 - No configuration file found for board STM32WBA65I-DK1
2025-12-25 15:50:08,424 [INFO] DbBoards:161 - Board is not supported: STM32WBA65I-DK1
2025-12-25 15:50:08,424 [INFO] DbBoards:168 - Found 211 boards, 206 are supported
2025-12-25 15:50:08,424 [INFO] DbBoards:169 - Found 211 boards, 42 of them is supported for  Bsp
2025-12-25 15:50:08,426 [INFO] ApiDb:423 - Load user favorites file C:\Users\kamil/.stm32cubeide/favorites.boards.txt: 1 item(s)
2025-12-25 15:50:08,426 [INFO] ApiDb:427 - User favorites Boards=[NUCLEO-F746ZG]
2025-12-25 15:50:08,426 [INFO] DbBoards:198 - Set 1 / 1 favorites Boards
2025-12-25 15:50:08,479 [INFO] UtilMem:75 - End LoadConfig() Used Memory: 753410472 Bytes (1073741824)
2025-12-25 15:50:08,634 [WARN] ThirdParty:833 - waiting for thirdparty lock release [change project]
2025-12-25 15:50:08,635 [INFO] ThirdParty:835 - entering critical section [change project]
2025-12-25 15:50:08,635 [INFO] ThirdParty:1030 - CMSIS Pack Vendor :STMicroelectronics X-CUBE-PM33A1 1.0.0
2025-12-25 15:50:08,635 [INFO] ThirdParty:1030 - CMSIS Pack Vendor :STMicroelectronics USBPD 4.1
2025-12-25 15:50:08,635 [INFO] ThirdParty:1030 - CMSIS Pack Vendor :STMicroelectronics USB_HOST 2.0.0
2025-12-25 15:50:08,635 [INFO] ThirdParty:1030 - CMSIS Pack Vendor :STMicroelectronics FP-SNS-MOTENVWB1 1.4.0
2025-12-25 15:50:08,635 [INFO] ThirdParty:1030 - CMSIS Pack Vendor :STMicroelectronics X-CUBE-AZRTOS-F4 1.1.0
2025-12-25 15:50:08,636 [INFO] ThirdParty:1030 - CMSIS Pack Vendor :STMicroelectronics LIBJPEG 8.0.0
2025-12-25 15:50:08,636 [INFO] ThirdParty:1030 - CMSIS Pack Vendor :STMicroelectronics FP-ATR-ASTRA1 2.0.2
2025-12-25 15:50:08,636 [INFO] ThirdParty:1030 - CMSIS Pack Vendor :STMicroelectronics FP-ATR-ASTRA1 2.0.1
2025-12-25 15:50:08,636 [INFO] ThirdParty:1030 - CMSIS Pack Vendor :STMicroelectronics X-CUBE-SMBUS 2.1.0
2025-12-25 15:50:08,636 [INFO] ThirdParty:1030 - CMSIS Pack Vendor :STMicroelectronics X-CUBE-WB05N 1.1.0
2025-12-25 15:50:08,636 [INFO] ThirdParty:1030 - CMSIS Pack Vendor :STMicroelectronics X-CUBE-ISPU 2.1.0
2025-12-25 15:50:08,636 [INFO] ThirdParty:1030 - CMSIS Pack Vendor :STMicroelectronics X-CUBE-FREERTOS 1.2.0
2025-12-25 15:50:08,636 [INFO] ThirdParty:1030 - CMSIS Pack Vendor :STMicroelectronics X-CUBE-ST60 1.0.0
2025-12-25 15:50:08,636 [INFO] ThirdParty:1030 - CMSIS Pack Vendor :STMicroelectronics X-CUBE-NFC12 1.0.0
2025-12-25 15:50:08,636 [INFO] ThirdParty:1030 - CMSIS Pack Vendor :STMicroelectronics X-CUBE-AZRTOS-F7 1.1.0
2025-12-25 15:50:08,636 [INFO] ThirdParty:1030 - CMSIS Pack Vendor :STMicroelectronics X-CUBE-AZRTOS-L5 2.0.0
2025-12-25 15:50:08,636 [INFO] ThirdParty:1030 - CMSIS Pack Vendor :STMicroelectronics USB_DEVICE 2.0.0
2025-12-25 15:50:08,637 [INFO] ThirdParty:1030 - CMSIS Pack Vendor :STMicroelectronics X-CUBE-NFC6 3.1.0
2025-12-25 15:50:08,637 [INFO] ThirdParty:1030 - CMSIS Pack Vendor :ARM CMSIS 5.7.0
2025-12-25 15:50:08,637 [INFO] ThirdParty:1030 - CMSIS Pack Vendor :STMicroelectronics X-CUBE-MEMS1 11.0.0
2025-12-25 15:50:08,637 [INFO] ThirdParty:1030 - CMSIS Pack Vendor :STMicroelectronics FreeRTOS 0.0.1
2025-12-25 15:50:08,637 [INFO] ThirdParty:1030 - CMSIS Pack Vendor :STMicroelectronics X-CUBE-DPower 1.2.0
2025-12-25 15:50:08,637 [INFO] ThirdParty:1030 - CMSIS Pack Vendor :STMicroelectronics FP-SNS-FLIGHT1 5.0.2
2025-12-25 15:50:08,637 [INFO] ThirdParty:1030 - CMSIS Pack Vendor :STMicroelectronics PDM2PCM 3.3.0
2025-12-25 15:50:08,637 [INFO] ThirdParty:1030 - CMSIS Pack Vendor :STMicroelectronics X-CUBE-AZRTOS-H7 3.4.0
2025-12-25 15:50:08,637 [INFO] ThirdParty:1030 - CMSIS Pack Vendor :STMicroelectronics X-CUBE-DISPLAY 3.0.0
2025-12-25 15:50:08,637 [INFO] ThirdParty:1030 - CMSIS Pack Vendor :STMicroelectronics X-CUBE-BLE1 7.0.0
2025-12-25 15:50:08,637 [INFO] ThirdParty:1030 - CMSIS Pack Vendor :STMicroelectronics X-CUBE-NFC10 1.0.0
2025-12-25 15:50:08,638 [INFO] ThirdParty:1030 - CMSIS Pack Vendor :STMicroelectronics X-CUBE-BLEMGR 4.0.0
2025-12-25 15:50:08,638 [INFO] ThirdParty:1030 - CMSIS Pack Vendor :STMicroelectronics X-CUBE-FREERTOS 1.3.1
2025-12-25 15:50:08,638 [INFO] ThirdParty:1030 - CMSIS Pack Vendor :STMicroelectronics HAL Drivers 0.0.0
2025-12-25 15:50:08,638 [INFO] ThirdParty:1030 - CMSIS Pack Vendor :STMicroelectronics X-CUBE-ST60 1.1.0
2025-12-25 15:50:08,638 [INFO] ThirdParty:1030 - CMSIS Pack Vendor :emotas I-CUBE-CANOPEN 1.3.0
2025-12-25 15:50:08,638 [INFO] ThirdParty:1030 - CMSIS Pack Vendor :STMicroelectronics X-CUBE-FREERTOS 1.3.0
2025-12-25 15:50:08,638 [INFO] ThirdParty:1030 - CMSIS Pack Vendor :STMicroelectronics X-CUBE-NFC7 1.0.1
2025-12-25 15:50:08,638 [INFO] ThirdParty:1030 - CMSIS Pack Vendor :STMicroelectronics MBEDTLS 2.14.1
2025-12-25 15:50:08,638 [INFO] ThirdParty:1030 - CMSIS Pack Vendor :STMicroelectronics X-CUBE-GNSS1 7.1.0
2025-12-25 15:50:08,638 [INFO] ThirdParty:1030 - CMSIS Pack Vendor :STMicroelectronics X-CUBE-TOUCHGFX 4.26.0
2025-12-25 15:50:08,638 [INFO] ThirdParty:1030 - CMSIS Pack Vendor :STMicroelectronics X-CUBE-BLEMGR 3.1.0
2025-12-25 15:50:08,638 [INFO] ThirdParty:1030 - CMSIS Pack Vendor :STMicroelectronics X-CUBE-AI 10.0.0
2025-12-25 15:50:08,639 [INFO] ThirdParty:1030 - CMSIS Pack Vendor :STMicroelectronics FP-SNS-STAIOTCFT 1.0.0
2025-12-25 15:50:08,639 [INFO] ThirdParty:1030 - CMSIS Pack Vendor :STMicroelectronics FP-SNS-SMARTAG2 1.2.0
2025-12-25 15:50:08,639 [INFO] ThirdParty:1030 - CMSIS Pack Vendor :STMicroelectronics FP-SNS-FLIGHT1 5.1.0
2025-12-25 15:50:08,639 [INFO] ThirdParty:1030 - CMSIS Pack Vendor :STMicroelectronics X-CUBE-MEMS1 11.1.0
2025-12-25 15:50:08,639 [INFO] ThirdParty:1030 - CMSIS Pack Vendor :STMicroelectronics X-CUBE-AZRTOS-WL 2.0.0
2025-12-25 15:50:08,639 [INFO] ThirdParty:1030 - CMSIS Pack Vendor :STMicroelectronics X-CUBE-DPower 1.3.0
2025-12-25 15:50:08,639 [INFO] ThirdParty:1030 - CMSIS Pack Vendor :STMicroelectronics FP-SNS-MOTENV1 5.0.0
2025-12-25 15:50:08,639 [INFO] ThirdParty:1030 - CMSIS Pack Vendor :STMicroelectronics USB_DEVICE 1.0.0
2025-12-25 15:50:08,639 [INFO] ThirdParty:1030 - CMSIS Pack Vendor :STMicroelectronics X-CUBE-AZRTOS-H7RS 1.2.0
2025-12-25 15:50:08,639 [INFO] ThirdParty:1030 - CMSIS Pack Vendor :wolfSSL I-CUBE-wolfMQTT 1.19.0
2025-12-25 15:50:08,639 [INFO] ThirdParty:1030 - CMSIS Pack Vendor :STMicroelectronics X-CUBE-AZRTOS-L4 2.0.0
2025-12-25 15:50:08,639 [INFO] ThirdParty:1030 - CMSIS Pack Vendor :STMicroelectronics ThreadX 0.0.2
2025-12-25 15:50:08,639 [INFO] ThirdParty:1030 - CMSIS Pack Vendor :WES I-CUBE-Cesium 1.3.0
2025-12-25 15:50:08,639 [INFO] ThirdParty:1030 - CMSIS Pack Vendor :STMicroelectronics lwIP 2.1.2
2025-12-25 15:50:08,639 [INFO] ThirdParty:1030 - CMSIS Pack Vendor :STMicroelectronics X-CUBE-SFXS2LP1 4.0.0
2025-12-25 15:50:08,640 [INFO] ThirdParty:1030 - CMSIS Pack Vendor :STMicroelectronics X-CUBE-BLE2 3.3.0
2025-12-25 15:50:08,640 [INFO] ThirdParty:1030 - CMSIS Pack Vendor :Avnet-IOTCONNECT X-CUBE-iotc-st67-sdk 1.0.0
2025-12-25 15:50:08,640 [INFO] ThirdParty:1030 - CMSIS Pack Vendor :STMicroelectronics PDM2PCM 3.2.0
2025-12-25 15:50:08,640 [INFO] ThirdParty:1030 - CMSIS Pack Vendor :STMicroelectronics X-CUBE-AZRTOS-H7 3.3.0
2025-12-25 15:50:08,640 [INFO] ThirdParty:1030 - CMSIS Pack Vendor :STMicroelectronics X-CUBE-NFC9 1.0.0
2025-12-25 15:50:08,640 [INFO] ThirdParty:1030 - CMSIS Pack Vendor :STMicroelectronics X-CUBE-BLE1 7.1.0
2025-12-25 15:50:08,640 [INFO] ThirdParty:1030 - CMSIS Pack Vendor :STMicroelectronics USB_DEVICE 3.0.0
2025-12-25 15:50:08,640 [INFO] ThirdParty:1030 - CMSIS Pack Vendor :STMicroelectronics X-CUBE-TCPP 4.1.0
2025-12-25 15:50:08,640 [INFO] ThirdParty:1030 - CMSIS Pack Vendor :STMicroelectronics X-CUBE-EEPRMA1 5.2.0
2025-12-25 15:50:08,640 [INFO] ThirdParty:1030 - CMSIS Pack Vendor :STMicroelectronics X-CUBE-BLEMGR 4.1.0
2025-12-25 15:50:08,640 [INFO] ThirdParty:1030 - CMSIS Pack Vendor :STMicroelectronics X-CUBE-IPS 3.0.0
2025-12-25 15:50:08,640 [INFO] ThirdParty:1030 - CMSIS Pack Vendor :STMicroelectronics X-CUBE-AZRTOS-WB 2.0.0
2025-12-25 15:50:08,640 [INFO] ThirdParty:1030 - CMSIS Pack Vendor :STMicroelectronics X-CUBE-GNSS1 7.0.0
2025-12-25 15:50:08,640 [INFO] ThirdParty:1030 - CMSIS Pack Vendor :STMicroelectronics X-CUBE-GNSS1 7.0.1
2025-12-25 15:50:08,640 [INFO] ThirdParty:1030 - CMSIS Pack Vendor :STMicroelectronics X-CUBE-TOUCHGFX 4.25.0
2025-12-25 15:50:08,640 [INFO] ThirdParty:1030 - CMSIS Pack Vendor :STMicroelectronics FP-SNS-STBOX1 2.0.0
2025-12-25 15:50:08,641 [INFO] ThirdParty:1030 - CMSIS Pack Vendor :STMicroelectronics X-CUBE-MEMS1 12.0.0
2025-12-25 15:50:08,641 [INFO] ThirdParty:1030 - CMSIS Pack Vendor :STMicroelectronics X-CUBE-AZRTOS-G0 1.1.0
2025-12-25 15:50:08,641 [INFO] ThirdParty:1030 - CMSIS Pack Vendor :STMicroelectronics X-CUBE-SAFEA1 1.2.2
2025-12-25 15:50:08,641 [INFO] ThirdParty:1030 - CMSIS Pack Vendor :STMicroelectronics X-CUBE-NFC4 3.0.0
2025-12-25 15:50:08,641 [INFO] ThirdParty:1030 - CMSIS Pack Vendor :STMicroelectronics X-CUBE-SUBG2 5.0.0
2025-12-25 15:50:08,641 [INFO] ThirdParty:1030 - CMSIS Pack Vendor :STMicroelectronics X-CUBE-AZRTOS-H7RS 1.1.0
2025-12-25 15:50:08,641 [INFO] ThirdParty:1030 - CMSIS Pack Vendor :STMicroelectronics STM32_WPAN 1.0.0
2025-12-25 15:50:08,642 [INFO] ThirdParty:1030 - CMSIS Pack Vendor :EmbeddedOffice I-CUBE-FS-RTOS 1.0.1
2025-12-25 15:50:08,642 [INFO] ThirdParty:1030 - CMSIS Pack Vendor :STMicroelectronics lwIP 2.0.3
2025-12-25 15:50:08,642 [INFO] ThirdParty:1030 - CMSIS Pack Vendor :Cesanta I-CUBE-Mongoose 7.13.0
2025-12-25 15:50:08,642 [INFO] ThirdParty:1030 - CMSIS Pack Vendor :STMicroelectronics USB_HOST 1.0.0
2025-12-25 15:50:08,642 [INFO] ThirdParty:1030 - CMSIS Pack Vendor :STMicroelectronics X-CUBE-AZRTOS-G4 2.0.0
2025-12-25 15:50:08,642 [INFO] ThirdParty:1030 - CMSIS Pack Vendor :STMicroelectronics X-CUBE-WB05N 2.0.0
2025-12-25 15:50:08,642 [INFO] ThirdParty:1030 - CMSIS Pack Vendor :STMicroelectronics PDM2PCM 3.1.0
2025-12-25 15:50:08,642 [INFO] ThirdParty:1030 - CMSIS Pack Vendor :STMicroelectronics X-CUBE-NFC7 2.0.0
2025-12-25 15:50:08,642 [INFO] ThirdParty:1030 - CMSIS Pack Vendor :STMicroelectronics X-CUBE-TCPP 4.2.0
2025-12-25 15:50:08,643 [INFO] ThirdParty:1030 - CMSIS Pack Vendor :RealThread X-CUBE-RT-Thread_Nano 4.1.1
2025-12-25 15:50:08,643 [INFO] ThirdParty:1030 - CMSIS Pack Vendor :STMicroelectronics FP-ATR-SIGFOX1 3.2.0
2025-12-25 15:50:08,643 [INFO] ThirdParty:1030 - CMSIS Pack Vendor :wolfSSL I-CUBE-wolfSSL 5.7.2
2025-12-25 15:50:08,643 [INFO] ThirdParty:1030 - CMSIS Pack Vendor :quantropi X-CUBE-qispace-sdk-base 1.9.3
2025-12-25 15:50:08,643 [INFO] ThirdParty:1030 - CMSIS Pack Vendor :STMicroelectronics X-CUBE-EEPRMA1 5.1.0
2025-12-25 15:50:08,643 [INFO] ThirdParty:1030 - CMSIS Pack Vendor :STMicroelectronics MBEDTLS 2.16.2
2025-12-25 15:50:08,643 [INFO] ThirdParty:1030 - CMSIS Pack Vendor :STMicroelectronics X-CUBE-IPS 3.1.0
2025-12-25 15:50:08,643 [INFO] ThirdParty:1030 - CMSIS Pack Vendor :STMicroelectronics X-CUBE-ALS 1.0.2
2025-12-25 15:50:08,643 [INFO] ThirdParty:1030 - CMSIS Pack Vendor :ITTIA_DB I-CUBE-ITTIADB 8.9.0
2025-12-25 15:50:08,643 [INFO] ThirdParty:1030 - CMSIS Pack Vendor :STMicroelectronics X-CUBE-TOUCHGFX 4.24.1
2025-12-25 15:50:08,643 [INFO] ThirdParty:1030 - CMSIS Pack Vendor :STMicroelectronics X-CUBE-STSE01 1.0.0
2025-12-25 15:50:08,644 [INFO] ThirdParty:1030 - CMSIS Pack Vendor :wolfSSL I-CUBE-wolfTPM 3.4.0
2025-12-25 15:50:08,644 [INFO] ThirdParty:1030 - CMSIS Pack Vendor :portGmbH I-Cube-SoM-uGOAL 1.1.0
2025-12-25 15:50:08,644 [INFO] ThirdParty:1030 - CMSIS Pack Vendor :STMicroelectronics X-CUBE-ST67W61 1.0.0
2025-12-25 15:50:08,644 [INFO] ThirdParty:1030 - CMSIS Pack Vendor :STMicroelectronics X-CUBE-AI 10.2.0
2025-12-25 15:50:08,644 [INFO] ThirdParty:1030 - CMSIS Pack Vendor :STMicroelectronics ThreadX 1.0.0
2025-12-25 15:50:08,644 [INFO] ThirdParty:1030 - CMSIS Pack Vendor :SEGGER I-CUBE-embOS 1.3.1
2025-12-25 15:50:08,644 [INFO] ThirdParty:1030 - CMSIS Pack Vendor :STMicroelectronics X-CUBE-ALGOBUILD 1.4.0
2025-12-25 15:50:08,644 [INFO] ThirdParty:1030 - CMSIS Pack Vendor :STMicroelectronics X-CUBE-MEMS1 11.3.0
2025-12-25 15:50:08,644 [INFO] ThirdParty:1030 - CMSIS Pack Vendor :STMicroelectronics X-CUBE-AZRTOS-H7RS 1.0.0
2025-12-25 15:50:08,644 [INFO] ThirdParty:1030 - CMSIS Pack Vendor :STMicroelectronics FP-ATR-ASTRA1 2.0.0
2025-12-25 15:50:08,644 [INFO] ThirdParty:1030 - CMSIS Pack Vendor :STMicroelectronics X-CUBE-TOF1 3.4.2
2025-12-25 15:50:08,644 [INFO] ThirdParty:1030 - CMSIS Pack Vendor :STMicroelectronics X-CUBE-TOF1 3.4.3
2025-12-25 15:50:08,644 [INFO] ThirdParty:1030 - CMSIS Pack Vendor :STMicroelectronics X-CUBE-AI 9.1.0
2025-12-25 15:50:08,644 [INFO] ThirdParty:1030 - CMSIS Pack Vendor :Infineon AIROC-Wi-Fi-Bluetooth-STM32 1.6.1
2025-12-25 15:50:08,644 [INFO] ThirdParty:1030 - CMSIS Pack Vendor :wolfSSL I-CUBE-wolfSSH 1.4.17
2025-12-25 15:50:08,644 [INFO] ThirdParty:841 - exiting critical section [change project]
2025-12-25 15:50:09,418 [INFO] PinOutPanel:1589 - setPackage(No Configuration,No Configuration)
2025-12-25 15:50:09,420 [INFO] PinOutPanel:1589 - setPackage(STM32H743IITx,LQFP176)
2025-12-25 15:50:10,317 [INFO] UtilMem:75 - Before build in PCC Used Memory: 973938320 Bytes (1073741824)
2025-12-25 15:50:11,259 [INFO] UtilMem:75 - After build in PCC Used Memory: 817752240 Bytes (1073741824)
2025-12-25 15:50:11,319 [INFO] IPUIPlugin:80 - create IPUIPlugin
2025-12-25 15:50:11,319 [INFO] IPUIPlugin:80 - create IPUIPlugin
2025-12-25 15:50:11,319 [INFO] IPUIPlugin:80 - create IPUIPlugin
2025-12-25 15:50:11,319 [INFO] IPUIPlugin:80 - create IPUIPlugin
2025-12-25 15:50:11,319 [INFO] IPUIPlugin:80 - create IPUIPlugin
2025-12-25 15:50:11,319 [INFO] IPUIPlugin:80 - create IPUIPlugin
2025-12-25 15:50:11,319 [INFO] IPUIPlugin:80 - create IPUIPlugin
2025-12-25 15:50:11,320 [INFO] IPUIPlugin:80 - create IPUIPlugin
2025-12-25 15:50:11,320 [INFO] IPUIPlugin:80 - create IPUIPlugin
2025-12-25 15:50:11,320 [INFO] IPUIPlugin:80 - create IPUIPlugin
2025-12-25 15:50:11,320 [INFO] IPUIPlugin:80 - create IPUIPlugin
2025-12-25 15:50:11,320 [INFO] IPUIPlugin:80 - create IPUIPlugin
2025-12-25 15:50:11,320 [INFO] IPUIPlugin:80 - create IPUIPlugin
2025-12-25 15:50:11,320 [INFO] IPUIPlugin:80 - create IPUIPlugin
2025-12-25 15:50:11,320 [INFO] IPUIPlugin:80 - create IPUIPlugin
2025-12-25 15:50:11,321 [INFO] IPUIPlugin:80 - create IPUIPlugin
2025-12-25 15:50:11,321 [INFO] IPUIPlugin:80 - create IPUIPlugin
2025-12-25 15:50:11,321 [INFO] IPUIPlugin:80 - create IPUIPlugin
2025-12-25 15:50:11,321 [INFO] IPUIPlugin:80 - create IPUIPlugin
2025-12-25 15:50:11,321 [INFO] IPUIPlugin:80 - create IPUIPlugin
2025-12-25 15:50:11,321 [INFO] IPUIPlugin:80 - create IPUIPlugin
2025-12-25 15:50:11,321 [INFO] IPUIPlugin:80 - create IPUIPlugin
2025-12-25 15:50:11,321 [INFO] IPUIPlugin:80 - create IPUIPlugin
2025-12-25 15:50:11,322 [INFO] IPUIPlugin:80 - create IPUIPlugin
2025-12-25 15:50:11,322 [INFO] IPUIPlugin:80 - create IPUIPlugin
2025-12-25 15:50:11,322 [INFO] IPUIPlugin:80 - create IPUIPlugin
2025-12-25 15:50:11,322 [INFO] IPUIPlugin:80 - create IPUIPlugin
2025-12-25 15:50:11,322 [INFO] IPUIPlugin:80 - create IPUIPlugin
2025-12-25 15:50:11,322 [INFO] IPUIPlugin:80 - create IPUIPlugin
2025-12-25 15:50:11,322 [INFO] IPUIPlugin:80 - create IPUIPlugin
2025-12-25 15:50:11,323 [INFO] IPUIPlugin:80 - create IPUIPlugin
2025-12-25 15:50:11,323 [INFO] IPUIPlugin:80 - create IPUIPlugin
2025-12-25 15:50:11,323 [INFO] IPUIPlugin:80 - create IPUIPlugin
2025-12-25 15:50:11,323 [INFO] IPUIPlugin:80 - create IPUIPlugin
2025-12-25 15:50:11,323 [INFO] IPUIPlugin:80 - create IPUIPlugin
2025-12-25 15:50:11,324 [INFO] IPUIPlugin:80 - create IPUIPlugin
2025-12-25 15:50:11,324 [INFO] IPUIPlugin:80 - create IPUIPlugin
2025-12-25 15:50:11,324 [INFO] IPUIPlugin:80 - create IPUIPlugin
2025-12-25 15:50:11,324 [INFO] IPUIPlugin:80 - create IPUIPlugin
2025-12-25 15:50:11,324 [INFO] IPUIPlugin:80 - create IPUIPlugin
2025-12-25 15:50:11,325 [INFO] IPUIPlugin:80 - create IPUIPlugin
2025-12-25 15:50:11,325 [INFO] IPUIPlugin:80 - create IPUIPlugin
2025-12-25 15:50:11,325 [INFO] IPUIPlugin:80 - create IPUIPlugin
2025-12-25 15:50:11,325 [INFO] IPUIPlugin:80 - create IPUIPlugin
2025-12-25 15:50:11,326 [INFO] IPUIPlugin:80 - create IPUIPlugin
2025-12-25 15:50:11,326 [INFO] IPUIPlugin:80 - create IPUIPlugin
2025-12-25 15:50:11,326 [INFO] IPUIPlugin:80 - create IPUIPlugin
2025-12-25 15:50:11,326 [INFO] IPUIPlugin:80 - create IPUIPlugin
2025-12-25 15:50:11,326 [INFO] IPUIPlugin:80 - create IPUIPlugin
2025-12-25 15:50:11,326 [INFO] IPUIPlugin:80 - create IPUIPlugin
2025-12-25 15:50:11,327 [INFO] IPUIPlugin:80 - create IPUIPlugin
2025-12-25 15:50:11,327 [INFO] IPUIPlugin:80 - create IPUIPlugin
2025-12-25 15:50:11,327 [INFO] IPUIPlugin:80 - create IPUIPlugin
2025-12-25 15:50:11,327 [INFO] IPUIPlugin:80 - create IPUIPlugin
2025-12-25 15:50:11,328 [INFO] IPUIPlugin:80 - create IPUIPlugin
2025-12-25 15:50:11,328 [INFO] IPUIPlugin:80 - create IPUIPlugin
2025-12-25 15:50:11,328 [INFO] IPUIPlugin:80 - create IPUIPlugin
2025-12-25 15:50:11,328 [INFO] IPUIPlugin:80 - create IPUIPlugin
2025-12-25 15:50:11,329 [INFO] IPUIPlugin:80 - create IPUIPlugin
2025-12-25 15:50:11,329 [INFO] IPUIPlugin:80 - create IPUIPlugin
2025-12-25 15:50:11,329 [INFO] IPUIPlugin:80 - create IPUIPlugin
2025-12-25 15:50:11,329 [INFO] IPUIPlugin:80 - create IPUIPlugin
2025-12-25 15:50:11,330 [INFO] IPUIPlugin:80 - create IPUIPlugin
2025-12-25 15:50:11,330 [INFO] IPUIPlugin:80 - create IPUIPlugin
2025-12-25 15:50:11,330 [INFO] IPUIPlugin:80 - create IPUIPlugin
2025-12-25 15:50:11,331 [INFO] IPUIPlugin:80 - create IPUIPlugin
2025-12-25 15:50:11,331 [INFO] IPUIPlugin:80 - create IPUIPlugin
2025-12-25 15:50:11,331 [INFO] IPUIPlugin:80 - create IPUIPlugin
2025-12-25 15:50:11,331 [INFO] IPUIPlugin:80 - create IPUIPlugin
2025-12-25 15:50:11,332 [INFO] IPUIPlugin:80 - create IPUIPlugin
2025-12-25 15:50:11,332 [INFO] IPUIPlugin:80 - create IPUIPlugin
2025-12-25 15:50:11,332 [INFO] IPUIPlugin:80 - create IPUIPlugin
2025-12-25 15:50:11,333 [INFO] IPUIPlugin:80 - create IPUIPlugin
2025-12-25 15:50:11,333 [INFO] IPUIPlugin:80 - create IPUIPlugin
2025-12-25 15:50:11,333 [INFO] IPUIPlugin:80 - create IPUIPlugin
2025-12-25 15:50:11,334 [INFO] IPUIPlugin:80 - create IPUIPlugin
2025-12-25 15:50:11,334 [INFO] IPUIPlugin:80 - create IPUIPlugin
2025-12-25 15:50:11,334 [INFO] IPUIPlugin:80 - create IPUIPlugin
2025-12-25 15:50:11,335 [INFO] IPUIPlugin:80 - create IPUIPlugin
2025-12-25 15:50:11,335 [INFO] IPUIPlugin:80 - create IPUIPlugin
2025-12-25 15:50:11,335 [INFO] IPUIPlugin:80 - create IPUIPlugin
2025-12-25 15:50:11,335 [INFO] IPUIPlugin:80 - create IPUIPlugin
2025-12-25 15:50:11,336 [INFO] IPUIPlugin:80 - create IPUIPlugin
2025-12-25 15:50:11,336 [INFO] IPUIPlugin:80 - create IPUIPlugin
2025-12-25 15:50:11,336 [INFO] IPUIPlugin:80 - create IPUIPlugin
2025-12-25 15:50:11,336 [INFO] IPUIPlugin:80 - create IPUIPlugin
2025-12-25 15:50:11,336 [INFO] IPUIPlugin:80 - create IPUIPlugin
2025-12-25 15:50:11,337 [INFO] IPUIPlugin:80 - create IPUIPlugin
2025-12-25 15:50:11,337 [INFO] IPUIPlugin:80 - create IPUIPlugin
2025-12-25 15:50:11,337 [INFO] IPUIPlugin:80 - create IPUIPlugin
2025-12-25 15:50:11,337 [INFO] IPUIPlugin:80 - create IPUIPlugin
2025-12-25 15:50:11,338 [INFO] IPUIPlugin:80 - create IPUIPlugin
2025-12-25 15:50:11,338 [INFO] IPUIPlugin:80 - create IPUIPlugin
2025-12-25 15:50:11,338 [INFO] IPUIPlugin:80 - create IPUIPlugin
2025-12-25 15:50:11,338 [INFO] IPUIPlugin:80 - create IPUIPlugin
2025-12-25 15:50:11,339 [INFO] IPUIPlugin:80 - create IPUIPlugin
2025-12-25 15:50:11,339 [INFO] IPUIPlugin:80 - create IPUIPlugin
2025-12-25 15:50:11,339 [INFO] IPUIPlugin:80 - create IPUIPlugin
2025-12-25 15:50:11,439 [INFO] ApiDbMcu:508 - Load IP Config File for PDM2PCM
2025-12-25 15:50:11,446 [WARN] IP:2251 - ClockDivider not found: check if there is a RefParameter without a condition.
2025-12-25 15:50:11,446 [WARN] IP:2251 - ClockDividerCCU not found: check if there is a RefParameter without a condition.
2025-12-25 15:50:11,446 [WARN] IP:2251 - MinOscClkPeriodsCCU not found: check if there is a RefParameter without a condition.
2025-12-25 15:50:11,446 [WARN] IP:2251 - TimeQuantaPerBitTimeCCU not found: check if there is a RefParameter without a condition.
2025-12-25 15:50:11,446 [WARN] IP:2251 - WatchdogStartValueCCU not found: check if there is a RefParameter without a condition.
2025-12-25 15:50:11,453 [INFO] LogOutputStream:77 - [STDOUT_REDIRECT] Nominal 
2025-12-25 15:50:11,453 [INFO] Can:71 - Can Add PropertyChangeListener com.st.microxplorer.plugins.ip.can.Can@f53872e
2025-12-25 15:50:11,706 [INFO] CADModel:165 - CPN selected for project levelSTM32H743IIT6
2025-12-25 15:50:11,706 [INFO] CADModel:114 - Register for checkConnection events
2025-12-25 15:50:11,746 [INFO] OpenFileManager:363 - Restore cursor
2025-12-25 15:50:12,010 [WARN] IP:2251 - ClockDivider not found: check if there is a RefParameter without a condition.
2025-12-25 15:50:12,011 [WARN] IP:2251 - ClockDividerCCU not found: check if there is a RefParameter without a condition.
2025-12-25 15:50:12,011 [WARN] IP:2251 - MinOscClkPeriodsCCU not found: check if there is a RefParameter without a condition.
2025-12-25 15:50:12,011 [WARN] IP:2251 - TimeQuantaPerBitTimeCCU not found: check if there is a RefParameter without a condition.
2025-12-25 15:50:12,011 [WARN] IP:2251 - WatchdogStartValueCCU not found: check if there is a RefParameter without a condition.
2025-12-25 15:50:30,797 [INFO] Gpio:277 - dependency for GPIO [FDCAN1]
2025-12-25 15:51:14,074 [INFO] UtilMem:75 - End SaveConfig() Used Memory: 942769000 Bytes (1073741824)
2025-12-25 15:51:20,657 [INFO] UtilMem:75 - End SaveConfig() Used Memory: 1009503160 Bytes (1073741824)
2025-12-25 15:51:21,166 [INFO] BlockDiagram:2766 - set Specific Code input for plugin: RCC
2025-12-25 15:51:21,167 [INFO] BlockDiagram:2766 - set Specific Code input for plugin: FDCAN
2025-12-25 15:51:21,167 [INFO] BlockDiagram:2766 - set Specific Code input for plugin: MEMORYMAP
2025-12-25 15:51:21,167 [INFO] BlockDiagram:2766 - set Specific Code input for plugin: SYS
2025-12-25 15:51:21,168 [INFO] BlockDiagram:2766 - set Specific Code input for plugin: NVIC
2025-12-25 15:51:21,168 [INFO] BlockDiagram:2766 - set Specific Code input for plugin: GPIO
2025-12-25 15:51:21,171 [INFO] CodeGenerator:896 - code generatio: config db path: C:\ST\STM32CubeIDE_1.17.0\STM32CubeIDE\plugins\com.st.stm32cube.common.mx_6.13.0.202411220809\\db\
2025-12-25 15:51:21,177 [WARN] IP:2251 - ClockDivider not found: check if there is a RefParameter without a condition.
2025-12-25 15:51:21,177 [WARN] IP:2251 - ClockDividerCCU not found: check if there is a RefParameter without a condition.
2025-12-25 15:51:21,177 [WARN] IP:2251 - MinOscClkPeriodsCCU not found: check if there is a RefParameter without a condition.
2025-12-25 15:51:21,177 [WARN] IP:2251 - TimeQuantaPerBitTimeCCU not found: check if there is a RefParameter without a condition.
2025-12-25 15:51:21,177 [WARN] IP:2251 - WatchdogStartValueCCU not found: check if there is a RefParameter without a condition.
2025-12-25 15:51:21,356 [INFO] CodeEngine:255 - oldGeneratedFile, C:\Users\kamil\STM32CubeIDE\workspace_1.17.0\NAJWIEKSZY_TEST\MXTmpFiles\license.tmp_save
2025-12-25 15:51:21,735 [INFO] CodeEngine:279 - Generated code: C:\Users\kamil\STM32CubeIDE\workspace_1.17.0\NAJWIEKSZY_TEST\MXTmpFiles\license.tmp
2025-12-25 15:51:21,805 [INFO] CodeEngine:255 - oldGeneratedFile, C:\Users\kamil\STM32CubeIDE\workspace_1.17.0\NAJWIEKSZY_TEST\MXTmpFiles\gpio.tmp_save
2025-12-25 15:51:21,982 [INFO] CodeEngine:279 - Generated code: C:\Users\kamil\STM32CubeIDE\workspace_1.17.0\NAJWIEKSZY_TEST\MXTmpFiles\gpio.tmp
2025-12-25 15:51:22,098 [WARN] IPConfigManager:98 - WARNING: Missing Config File for MEMORYMAP ip!!
2025-12-25 15:51:22,195 [INFO] CodeEngine:255 - oldGeneratedFile, C:\Users\kamil\STM32CubeIDE\workspace_1.17.0\NAJWIEKSZY_TEST\MXTmpFiles\cortex.tmp_save
2025-12-25 15:51:22,320 [INFO] CodeEngine:279 - Generated code: C:\Users\kamil\STM32CubeIDE\workspace_1.17.0\NAJWIEKSZY_TEST\MXTmpFiles\cortex.tmp
2025-12-25 15:51:22,364 [INFO] CodeEngine:255 - oldGeneratedFile, C:\Users\kamil\STM32CubeIDE\workspace_1.17.0\NAJWIEKSZY_TEST\Core\Src\stm32h7xx_it.c_save
2025-12-25 15:51:22,494 [INFO] CodeEngine:279 - Generated code: C:\Users\kamil\STM32CubeIDE\workspace_1.17.0\NAJWIEKSZY_TEST\Core\Src\stm32h7xx_it.c
2025-12-25 15:51:22,503 [INFO] CodeEngine:255 - oldGeneratedFile, C:\Users\kamil\STM32CubeIDE\workspace_1.17.0\NAJWIEKSZY_TEST\Core\Inc\stm32h7xx_it.h_save
2025-12-25 15:51:22,600 [INFO] CodeEngine:279 - Generated code: C:\Users\kamil\STM32CubeIDE\workspace_1.17.0\NAJWIEKSZY_TEST\Core\Inc\stm32h7xx_it.h
2025-12-25 15:51:22,689 [INFO] CodeEngine:255 - oldGeneratedFile, C:\Users\kamil\STM32CubeIDE\workspace_1.17.0\NAJWIEKSZY_TEST\Core\Src\stm32h7xx_hal_msp.c_save
2025-12-25 15:51:22,891 [INFO] CodeEngine:279 - Generated code: C:\Users\kamil\STM32CubeIDE\workspace_1.17.0\NAJWIEKSZY_TEST\Core\Src\stm32h7xx_hal_msp.c
2025-12-25 15:51:22,900 [INFO] CodeEngine:255 - oldGeneratedFile, C:\Users\kamil\STM32CubeIDE\workspace_1.17.0\NAJWIEKSZY_TEST\MXTmpFiles\system.tmp_save
2025-12-25 15:51:22,979 [INFO] CodeEngine:279 - Generated code: C:\Users\kamil\STM32CubeIDE\workspace_1.17.0\NAJWIEKSZY_TEST\MXTmpFiles\system.tmp
2025-12-25 15:51:23,010 [INFO] CodeEngine:311 - oldGeneratedFile, C:\Users\kamil\STM32CubeIDE\workspace_1.17.0\NAJWIEKSZY_TEST\Core\Inc\stm32h7xx_hal_conf.h_save
2025-12-25 15:51:23,139 [INFO] CodeEngine:335 - Generated code: C:\Users\kamil\STM32CubeIDE\workspace_1.17.0\NAJWIEKSZY_TEST\Core\Inc\stm32h7xx_hal_conf.h
2025-12-25 15:51:23,220 [INFO] ApiDbMcu:508 - Load IP Config File for FDCAN1
2025-12-25 15:51:23,221 [ERROR] ApiDbMcu:464 - Can't load MEMORYMAP-STM32xx root dir null
2025-12-25 15:51:23,221 [ERROR] ApiDbMcu:536 - Cannot parse MEMORYMAP_Config file : file do not exist
2025-12-25 15:51:23,228 [INFO] ApiDbMcu:508 - Load IP Config File for RCC
2025-12-25 15:51:23,263 [INFO] CodeEngine:255 - oldGeneratedFile, C:\Users\kamil\STM32CubeIDE\workspace_1.17.0\NAJWIEKSZY_TEST\Core\Inc\main.h_save
2025-12-25 15:51:23,371 [INFO] CodeEngine:279 - Generated code: C:\Users\kamil\STM32CubeIDE\workspace_1.17.0\NAJWIEKSZY_TEST\Core\Inc\main.h
2025-12-25 15:51:23,395 [INFO] CodeEngine:255 - oldGeneratedFile, C:\Users\kamil\STM32CubeIDE\workspace_1.17.0\NAJWIEKSZY_TEST\Core\Src\main.c_save
2025-12-25 15:51:23,566 [INFO] CodeEngine:279 - Generated code: C:\Users\kamil\STM32CubeIDE\workspace_1.17.0\NAJWIEKSZY_TEST\Core\Src\main.c
2025-12-25 15:51:24,128 [INFO] ProjectBuilder:3289 - Time for Copy HAL[1] : 290mS.
2025-12-25 15:51:24,137 [INFO] ProjectBuilder:4876 - Project Generator version: 4.5.0-RC5
2025-12-25 15:51:24,222 [INFO] ConfigFileManager:1579 - The Die is : DIE450
2025-12-25 15:51:24,230 [INFO] ApiDbMcu:508 - Load IP Config File for FATFS
2025-12-25 15:51:24,234 [INFO] ApiDbMcu:508 - Load IP Config File for FREERTOS
2025-12-25 15:51:24,237 [INFO] ApiDbMcu:508 - Load IP Config File for LIBJPEG
2025-12-25 15:51:24,243 [INFO] ApiDbMcu:508 - Load IP Config File for LWIP
2025-12-25 15:51:24,249 [INFO] ApiDbMcu:508 - Load IP Config File for MBEDTLS
2025-12-25 15:51:24,256 [INFO] ApiDbMcu:508 - Load IP Config File for USB_DEVICE
2025-12-25 15:51:24,261 [INFO] ApiDbMcu:508 - Load IP Config File for USB_HOST
2025-12-25 15:51:24,653 [INFO] LogOutputStream:77 - [STDOUT_REDIRECT] 
2025-12-25 15:51:26,003 [INFO] ProjectBuilder:5154 - Time for Generating toolchain IDE Files: 1865mS.
2025-12-25 15:51:26,004 [INFO] ProjectBuilder:3146 - Time for Copy CMSIS : 1mS.
2025-12-25 15:51:26,008 [INFO] ProjectBuilder:3146 - Time for Copy CMSIS : 0mS.
2025-12-25 16:16:36,660 [INFO] Gpio:277 - dependency for GPIO [FDCAN1]
2025-12-25 16:17:33,176 [INFO] UtilMem:75 - End SaveConfig() Used Memory: 938667624 Bytes (1073741824)
2025-12-25 16:17:34,467 [INFO] UtilMem:75 - End SaveConfig() Used Memory: 980610664 Bytes (1073741824)
2025-12-25 16:17:34,647 [INFO] UtilMem:75 - End SaveConfig() Used Memory: 1024476416 Bytes (1073741824)
2025-12-25 16:17:35,051 [INFO] BlockDiagram:2766 - set Specific Code input for plugin: RCC
2025-12-25 16:17:35,052 [INFO] BlockDiagram:2766 - set Specific Code input for plugin: FDCAN
2025-12-25 16:17:35,052 [INFO] BlockDiagram:2766 - set Specific Code input for plugin: MEMORYMAP
2025-12-25 16:17:35,052 [INFO] BlockDiagram:2766 - set Specific Code input for plugin: SYS
2025-12-25 16:17:35,052 [INFO] BlockDiagram:2766 - set Specific Code input for plugin: NVIC
2025-12-25 16:17:35,053 [INFO] BlockDiagram:2766 - set Specific Code input for plugin: GPIO
2025-12-25 16:17:35,054 [INFO] CodeGenerator:896 - code generatio: config db path: C:\ST\STM32CubeIDE_1.17.0\STM32CubeIDE\plugins\com.st.stm32cube.common.mx_6.13.0.202411220809\\db\
2025-12-25 16:17:35,059 [WARN] IP:2251 - ClockDivider not found: check if there is a RefParameter without a condition.
2025-12-25 16:17:35,059 [WARN] IP:2251 - ClockDividerCCU not found: check if there is a RefParameter without a condition.
2025-12-25 16:17:35,059 [WARN] IP:2251 - MinOscClkPeriodsCCU not found: check if there is a RefParameter without a condition.
2025-12-25 16:17:35,059 [WARN] IP:2251 - TimeQuantaPerBitTimeCCU not found: check if there is a RefParameter without a condition.
2025-12-25 16:17:35,060 [WARN] IP:2251 - WatchdogStartValueCCU not found: check if there is a RefParameter without a condition.
2025-12-25 16:17:35,162 [INFO] CodeEngine:255 - oldGeneratedFile, C:\Users\kamil\STM32CubeIDE\workspace_1.17.0\NAJWIEKSZY_TEST\MXTmpFiles\license.tmp_save
2025-12-25 16:17:35,361 [INFO] CodeEngine:279 - Generated code: C:\Users\kamil\STM32CubeIDE\workspace_1.17.0\NAJWIEKSZY_TEST\MXTmpFiles\license.tmp
2025-12-25 16:17:35,384 [INFO] CodeEngine:255 - oldGeneratedFile, C:\Users\kamil\STM32CubeIDE\workspace_1.17.0\NAJWIEKSZY_TEST\MXTmpFiles\gpio.tmp_save
2025-12-25 16:17:35,480 [INFO] CodeEngine:279 - Generated code: C:\Users\kamil\STM32CubeIDE\workspace_1.17.0\NAJWIEKSZY_TEST\MXTmpFiles\gpio.tmp
2025-12-25 16:17:35,515 [WARN] IPConfigManager:98 - WARNING: Missing Config File for MEMORYMAP ip!!
2025-12-25 16:17:35,546 [INFO] CodeEngine:255 - oldGeneratedFile, C:\Users\kamil\STM32CubeIDE\workspace_1.17.0\NAJWIEKSZY_TEST\MXTmpFiles\cortex.tmp_save
2025-12-25 16:17:35,653 [INFO] CodeEngine:279 - Generated code: C:\Users\kamil\STM32CubeIDE\workspace_1.17.0\NAJWIEKSZY_TEST\MXTmpFiles\cortex.tmp
2025-12-25 16:17:35,688 [INFO] CodeEngine:255 - oldGeneratedFile, C:\Users\kamil\STM32CubeIDE\workspace_1.17.0\NAJWIEKSZY_TEST\Core\Src\stm32h7xx_it.c_save
2025-12-25 16:17:35,845 [INFO] CodeEngine:279 - Generated code: C:\Users\kamil\STM32CubeIDE\workspace_1.17.0\NAJWIEKSZY_TEST\Core\Src\stm32h7xx_it.c
2025-12-25 16:17:35,852 [INFO] CodeEngine:255 - oldGeneratedFile, C:\Users\kamil\STM32CubeIDE\workspace_1.17.0\NAJWIEKSZY_TEST\Core\Inc\stm32h7xx_it.h_save
2025-12-25 16:17:35,895 [INFO] CodeEngine:279 - Generated code: C:\Users\kamil\STM32CubeIDE\workspace_1.17.0\NAJWIEKSZY_TEST\Core\Inc\stm32h7xx_it.h
2025-12-25 16:17:35,939 [INFO] CodeEngine:255 - oldGeneratedFile, C:\Users\kamil\STM32CubeIDE\workspace_1.17.0\NAJWIEKSZY_TEST\Core\Src\stm32h7xx_hal_msp.c_save
2025-12-25 16:17:36,008 [INFO] CodeEngine:279 - Generated code: C:\Users\kamil\STM32CubeIDE\workspace_1.17.0\NAJWIEKSZY_TEST\Core\Src\stm32h7xx_hal_msp.c
2025-12-25 16:17:36,014 [INFO] CodeEngine:255 - oldGeneratedFile, C:\Users\kamil\STM32CubeIDE\workspace_1.17.0\NAJWIEKSZY_TEST\MXTmpFiles\system.tmp_save
2025-12-25 16:17:36,050 [INFO] CodeEngine:279 - Generated code: C:\Users\kamil\STM32CubeIDE\workspace_1.17.0\NAJWIEKSZY_TEST\MXTmpFiles\system.tmp
2025-12-25 16:17:36,075 [INFO] CodeEngine:311 - oldGeneratedFile, C:\Users\kamil\STM32CubeIDE\workspace_1.17.0\NAJWIEKSZY_TEST\Core\Inc\stm32h7xx_hal_conf.h_save
2025-12-25 16:17:36,155 [INFO] CodeEngine:335 - Generated code: C:\Users\kamil\STM32CubeIDE\workspace_1.17.0\NAJWIEKSZY_TEST\Core\Inc\stm32h7xx_hal_conf.h
2025-12-25 16:17:36,185 [ERROR] ApiDbMcu:464 - Can't load MEMORYMAP-STM32xx root dir null
2025-12-25 16:17:36,186 [ERROR] ApiDbMcu:536 - Cannot parse MEMORYMAP_Config file : file do not exist
2025-12-25 16:17:36,212 [INFO] CodeEngine:255 - oldGeneratedFile, C:\Users\kamil\STM32CubeIDE\workspace_1.17.0\NAJWIEKSZY_TEST\Core\Inc\main.h_save
2025-12-25 16:17:36,280 [INFO] CodeEngine:279 - Generated code: C:\Users\kamil\STM32CubeIDE\workspace_1.17.0\NAJWIEKSZY_TEST\Core\Inc\main.h
2025-12-25 16:17:36,298 [INFO] CodeEngine:255 - oldGeneratedFile, C:\Users\kamil\STM32CubeIDE\workspace_1.17.0\NAJWIEKSZY_TEST\Core\Src\main.c_save
2025-12-25 16:17:36,394 [INFO] CodeEngine:279 - Generated code: C:\Users\kamil\STM32CubeIDE\workspace_1.17.0\NAJWIEKSZY_TEST\Core\Src\main.c
2025-12-25 16:17:36,774 [INFO] ProjectBuilder:3289 - Time for Copy HAL[1] : 257mS.
2025-12-25 16:17:36,777 [INFO] ProjectBuilder:4876 - Project Generator version: 4.5.0-RC5
2025-12-25 16:17:36,827 [INFO] ConfigFileManager:1579 - The Die is : DIE450
2025-12-25 16:17:37,642 [INFO] ProjectBuilder:5154 - Time for Generating toolchain IDE Files: 865mS.
2025-12-25 16:17:37,645 [INFO] ProjectBuilder:3146 - Time for Copy CMSIS : 2mS.
2025-12-25 16:17:37,649 [INFO] ProjectBuilder:3146 - Time for Copy CMSIS : 0mS.
2025-12-25 16:29:02,683 [INFO] Gpio:277 - dependency for GPIO [FDCAN1]
2025-12-25 18:17:11,310 [INFO] UtilMem:75 - End SaveConfig() Used Memory: 988394208 Bytes (1073741824)
2025-12-25 18:17:11,581 [INFO] BlockDiagram:2766 - set Specific Code input for plugin: RCC
2025-12-25 18:17:11,582 [INFO] BlockDiagram:2766 - set Specific Code input for plugin: FDCAN
2025-12-25 18:17:11,582 [INFO] BlockDiagram:2766 - set Specific Code input for plugin: MEMORYMAP
2025-12-25 18:17:11,582 [INFO] BlockDiagram:2766 - set Specific Code input for plugin: SYS
2025-12-25 18:17:11,582 [INFO] BlockDiagram:2766 - set Specific Code input for plugin: NVIC
2025-12-25 18:17:11,584 [INFO] BlockDiagram:2766 - set Specific Code input for plugin: GPIO
2025-12-25 18:17:11,585 [INFO] CodeGenerator:896 - code generatio: config db path: C:\ST\STM32CubeIDE_1.17.0\STM32CubeIDE\plugins\com.st.stm32cube.common.mx_6.13.0.202411220809\\db\
2025-12-25 18:17:11,591 [WARN] IP:2251 - ClockDivider not found: check if there is a RefParameter without a condition.
2025-12-25 18:17:11,593 [WARN] IP:2251 - ClockDividerCCU not found: check if there is a RefParameter without a condition.
2025-12-25 18:17:11,593 [WARN] IP:2251 - MinOscClkPeriodsCCU not found: check if there is a RefParameter without a condition.
2025-12-25 18:17:11,593 [WARN] IP:2251 - TimeQuantaPerBitTimeCCU not found: check if there is a RefParameter without a condition.
2025-12-25 18:17:11,593 [WARN] IP:2251 - WatchdogStartValueCCU not found: check if there is a RefParameter without a condition.
2025-12-25 18:17:11,783 [INFO] CodeEngine:255 - oldGeneratedFile, C:\Users\kamil\STM32CubeIDE\workspace_1.17.0\NAJWIEKSZY_TEST\MXTmpFiles\license.tmp_save
2025-12-25 18:17:11,980 [INFO] CodeEngine:279 - Generated code: C:\Users\kamil\STM32CubeIDE\workspace_1.17.0\NAJWIEKSZY_TEST\MXTmpFiles\license.tmp
2025-12-25 18:17:12,010 [INFO] CodeEngine:255 - oldGeneratedFile, C:\Users\kamil\STM32CubeIDE\workspace_1.17.0\NAJWIEKSZY_TEST\MXTmpFiles\gpio.tmp_save
2025-12-25 18:17:12,123 [INFO] CodeEngine:279 - Generated code: C:\Users\kamil\STM32CubeIDE\workspace_1.17.0\NAJWIEKSZY_TEST\MXTmpFiles\gpio.tmp
2025-12-25 18:17:12,168 [WARN] IPConfigManager:98 - WARNING: Missing Config File for MEMORYMAP ip!!
2025-12-25 18:17:12,204 [INFO] CodeEngine:255 - oldGeneratedFile, C:\Users\kamil\STM32CubeIDE\workspace_1.17.0\NAJWIEKSZY_TEST\MXTmpFiles\cortex.tmp_save
2025-12-25 18:17:12,316 [INFO] CodeEngine:279 - Generated code: C:\Users\kamil\STM32CubeIDE\workspace_1.17.0\NAJWIEKSZY_TEST\MXTmpFiles\cortex.tmp
2025-12-25 18:17:12,358 [INFO] CodeEngine:255 - oldGeneratedFile, C:\Users\kamil\STM32CubeIDE\workspace_1.17.0\NAJWIEKSZY_TEST\Core\Src\stm32h7xx_it.c_save
2025-12-25 18:17:12,554 [INFO] CodeEngine:279 - Generated code: C:\Users\kamil\STM32CubeIDE\workspace_1.17.0\NAJWIEKSZY_TEST\Core\Src\stm32h7xx_it.c
2025-12-25 18:17:12,572 [INFO] CodeEngine:255 - oldGeneratedFile, C:\Users\kamil\STM32CubeIDE\workspace_1.17.0\NAJWIEKSZY_TEST\Core\Inc\stm32h7xx_it.h_save
2025-12-25 18:17:12,638 [INFO] CodeEngine:279 - Generated code: C:\Users\kamil\STM32CubeIDE\workspace_1.17.0\NAJWIEKSZY_TEST\Core\Inc\stm32h7xx_it.h
2025-12-25 18:17:12,699 [INFO] CodeEngine:255 - oldGeneratedFile, C:\Users\kamil\STM32CubeIDE\workspace_1.17.0\NAJWIEKSZY_TEST\Core\Src\stm32h7xx_hal_msp.c_save
2025-12-25 18:17:12,797 [INFO] CodeEngine:279 - Generated code: C:\Users\kamil\STM32CubeIDE\workspace_1.17.0\NAJWIEKSZY_TEST\Core\Src\stm32h7xx_hal_msp.c
2025-12-25 18:17:12,815 [INFO] CodeEngine:255 - oldGeneratedFile, C:\Users\kamil\STM32CubeIDE\workspace_1.17.0\NAJWIEKSZY_TEST\MXTmpFiles\system.tmp_save
2025-12-25 18:17:12,856 [INFO] CodeEngine:279 - Generated code: C:\Users\kamil\STM32CubeIDE\workspace_1.17.0\NAJWIEKSZY_TEST\MXTmpFiles\system.tmp
2025-12-25 18:17:12,891 [INFO] CodeEngine:311 - oldGeneratedFile, C:\Users\kamil\STM32CubeIDE\workspace_1.17.0\NAJWIEKSZY_TEST\Core\Inc\stm32h7xx_hal_conf.h_save
2025-12-25 18:17:12,981 [INFO] CodeEngine:335 - Generated code: C:\Users\kamil\STM32CubeIDE\workspace_1.17.0\NAJWIEKSZY_TEST\Core\Inc\stm32h7xx_hal_conf.h
2025-12-25 18:17:13,009 [ERROR] ApiDbMcu:464 - Can't load MEMORYMAP-STM32xx root dir null
2025-12-25 18:17:13,010 [ERROR] ApiDbMcu:536 - Cannot parse MEMORYMAP_Config file : file do not exist
2025-12-25 18:17:13,039 [INFO] CodeEngine:255 - oldGeneratedFile, C:\Users\kamil\STM32CubeIDE\workspace_1.17.0\NAJWIEKSZY_TEST\Core\Inc\main.h_save
2025-12-25 18:17:13,119 [INFO] CodeEngine:279 - Generated code: C:\Users\kamil\STM32CubeIDE\workspace_1.17.0\NAJWIEKSZY_TEST\Core\Inc\main.h
2025-12-25 18:17:13,151 [INFO] CodeEngine:255 - oldGeneratedFile, C:\Users\kamil\STM32CubeIDE\workspace_1.17.0\NAJWIEKSZY_TEST\Core\Src\main.c_save
2025-12-25 18:17:13,272 [INFO] CodeEngine:279 - Generated code: C:\Users\kamil\STM32CubeIDE\workspace_1.17.0\NAJWIEKSZY_TEST\Core\Src\main.c
2025-12-25 18:17:13,684 [INFO] ProjectBuilder:3289 - Time for Copy HAL[1] : 294mS.
2025-12-25 18:17:13,688 [INFO] ProjectBuilder:4876 - Project Generator version: 4.5.0-RC5
2025-12-25 18:17:13,747 [INFO] ConfigFileManager:1579 - The Die is : DIE450
2025-12-25 18:17:14,600 [INFO] ProjectBuilder:5154 - Time for Generating toolchain IDE Files: 912mS.
2025-12-25 18:17:14,601 [INFO] ProjectBuilder:3146 - Time for Copy CMSIS : 0mS.
2025-12-25 18:17:14,605 [INFO] ProjectBuilder:3146 - Time for Copy CMSIS : 0mS.
2025-12-25 18:53:13,405 [WARN] IP:2251 - ClockDivider not found: check if there is a RefParameter without a condition.
2025-12-25 18:53:13,405 [WARN] IP:2251 - ClockDividerCCU not found: check if there is a RefParameter without a condition.
2025-12-25 18:53:13,406 [WARN] IP:2251 - MinOscClkPeriodsCCU not found: check if there is a RefParameter without a condition.
2025-12-25 18:53:13,406 [WARN] IP:2251 - TimeQuantaPerBitTimeCCU not found: check if there is a RefParameter without a condition.
2025-12-25 18:53:13,406 [WARN] IP:2251 - WatchdogStartValueCCU not found: check if there is a RefParameter without a condition.
2025-12-25 18:53:13,454 [INFO] NvicIntPanel:101 - NVIC parent = com.st.microxplorer.plugins.ip.nvic.MultiNvicIntPanel[,0,0,0x0,invalid,layout=javax.swing.BoxLayout,alignmentX=0.0,alignmentY=0.0,border=,flags=9,maximumSize=,minimumSize=,preferredSize=]
2025-12-25 18:53:20,808 [WARN] IP:2251 - ClockDivider not found: check if there is a RefParameter without a condition.
2025-12-25 18:53:20,808 [WARN] IP:2251 - ClockDividerCCU not found: check if there is a RefParameter without a condition.
2025-12-25 18:53:20,808 [WARN] IP:2251 - MinOscClkPeriodsCCU not found: check if there is a RefParameter without a condition.
2025-12-25 18:53:20,808 [WARN] IP:2251 - TimeQuantaPerBitTimeCCU not found: check if there is a RefParameter without a condition.
2025-12-25 18:53:20,808 [WARN] IP:2251 - WatchdogStartValueCCU not found: check if there is a RefParameter without a condition.
2025-12-25 18:53:20,865 [INFO] NvicIntPanel:101 - NVIC parent = com.st.microxplorer.plugins.ip.nvic.MultiNvicIntPanel[,0,0,0x0,invalid,layout=javax.swing.BoxLayout,alignmentX=0.0,alignmentY=0.0,border=,flags=9,maximumSize=,minimumSize=,preferredSize=]
2025-12-25 18:53:28,037 [INFO] UtilMem:75 - End SaveConfig() Used Memory: 890770384 Bytes (1073741824)
2025-12-25 18:53:30,322 [INFO] UtilMem:75 - End SaveConfig() Used Memory: 969648096 Bytes (1073741824)
2025-12-25 18:53:30,607 [INFO] BlockDiagram:2766 - set Specific Code input for plugin: RCC
2025-12-25 18:53:30,607 [INFO] BlockDiagram:2766 - set Specific Code input for plugin: FDCAN
2025-12-25 18:53:30,607 [INFO] BlockDiagram:2766 - set Specific Code input for plugin: MEMORYMAP
2025-12-25 18:53:30,607 [INFO] BlockDiagram:2766 - set Specific Code input for plugin: SYS
2025-12-25 18:53:30,608 [INFO] BlockDiagram:2766 - set Specific Code input for plugin: NVIC
2025-12-25 18:53:30,608 [INFO] BlockDiagram:2766 - set Specific Code input for plugin: GPIO
2025-12-25 18:53:30,609 [INFO] CodeGenerator:896 - code generatio: config db path: C:\ST\STM32CubeIDE_1.17.0\STM32CubeIDE\plugins\com.st.stm32cube.common.mx_6.13.0.202411220809\\db\
2025-12-25 18:53:30,612 [WARN] IP:2251 - ClockDivider not found: check if there is a RefParameter without a condition.
2025-12-25 18:53:30,612 [WARN] IP:2251 - ClockDividerCCU not found: check if there is a RefParameter without a condition.
2025-12-25 18:53:30,612 [WARN] IP:2251 - MinOscClkPeriodsCCU not found: check if there is a RefParameter without a condition.
2025-12-25 18:53:30,612 [WARN] IP:2251 - TimeQuantaPerBitTimeCCU not found: check if there is a RefParameter without a condition.
2025-12-25 18:53:30,612 [WARN] IP:2251 - WatchdogStartValueCCU not found: check if there is a RefParameter without a condition.
2025-12-25 18:53:30,686 [INFO] CodeEngine:255 - oldGeneratedFile, C:\Users\kamil\STM32CubeIDE\workspace_1.17.0\NAJWIEKSZY_TEST\MXTmpFiles\license.tmp_save
2025-12-25 18:53:30,864 [INFO] CodeEngine:279 - Generated code: C:\Users\kamil\STM32CubeIDE\workspace_1.17.0\NAJWIEKSZY_TEST\MXTmpFiles\license.tmp
2025-12-25 18:53:30,889 [INFO] CodeEngine:255 - oldGeneratedFile, C:\Users\kamil\STM32CubeIDE\workspace_1.17.0\NAJWIEKSZY_TEST\MXTmpFiles\gpio.tmp_save
2025-12-25 18:53:30,988 [INFO] CodeEngine:279 - Generated code: C:\Users\kamil\STM32CubeIDE\workspace_1.17.0\NAJWIEKSZY_TEST\MXTmpFiles\gpio.tmp
2025-12-25 18:53:31,021 [WARN] IPConfigManager:98 - WARNING: Missing Config File for MEMORYMAP ip!!
2025-12-25 18:53:31,051 [INFO] CodeEngine:255 - oldGeneratedFile, C:\Users\kamil\STM32CubeIDE\workspace_1.17.0\NAJWIEKSZY_TEST\MXTmpFiles\cortex.tmp_save
2025-12-25 18:53:31,144 [INFO] CodeEngine:279 - Generated code: C:\Users\kamil\STM32CubeIDE\workspace_1.17.0\NAJWIEKSZY_TEST\MXTmpFiles\cortex.tmp
2025-12-25 18:53:31,178 [INFO] CodeEngine:255 - oldGeneratedFile, C:\Users\kamil\STM32CubeIDE\workspace_1.17.0\NAJWIEKSZY_TEST\Core\Src\stm32h7xx_it.c_save
2025-12-25 18:53:31,346 [INFO] CodeEngine:279 - Generated code: C:\Users\kamil\STM32CubeIDE\workspace_1.17.0\NAJWIEKSZY_TEST\Core\Src\stm32h7xx_it.c
2025-12-25 18:53:31,353 [INFO] CodeEngine:255 - oldGeneratedFile, C:\Users\kamil\STM32CubeIDE\workspace_1.17.0\NAJWIEKSZY_TEST\Core\Inc\stm32h7xx_it.h_save
2025-12-25 18:53:31,402 [INFO] CodeEngine:279 - Generated code: C:\Users\kamil\STM32CubeIDE\workspace_1.17.0\NAJWIEKSZY_TEST\Core\Inc\stm32h7xx_it.h
2025-12-25 18:53:31,456 [INFO] CodeEngine:255 - oldGeneratedFile, C:\Users\kamil\STM32CubeIDE\workspace_1.17.0\NAJWIEKSZY_TEST\Core\Src\stm32h7xx_hal_msp.c_save
2025-12-25 18:53:31,568 [INFO] CodeEngine:279 - Generated code: C:\Users\kamil\STM32CubeIDE\workspace_1.17.0\NAJWIEKSZY_TEST\Core\Src\stm32h7xx_hal_msp.c
2025-12-25 18:53:31,575 [INFO] CodeEngine:255 - oldGeneratedFile, C:\Users\kamil\STM32CubeIDE\workspace_1.17.0\NAJWIEKSZY_TEST\MXTmpFiles\system.tmp_save
2025-12-25 18:53:31,641 [INFO] CodeEngine:279 - Generated code: C:\Users\kamil\STM32CubeIDE\workspace_1.17.0\NAJWIEKSZY_TEST\MXTmpFiles\system.tmp
2025-12-25 18:53:31,667 [INFO] CodeEngine:311 - oldGeneratedFile, C:\Users\kamil\STM32CubeIDE\workspace_1.17.0\NAJWIEKSZY_TEST\Core\Inc\stm32h7xx_hal_conf.h_save
2025-12-25 18:53:31,745 [INFO] CodeEngine:335 - Generated code: C:\Users\kamil\STM32CubeIDE\workspace_1.17.0\NAJWIEKSZY_TEST\Core\Inc\stm32h7xx_hal_conf.h
2025-12-25 18:53:31,771 [ERROR] ApiDbMcu:464 - Can't load MEMORYMAP-STM32xx root dir null
2025-12-25 18:53:31,771 [ERROR] ApiDbMcu:536 - Cannot parse MEMORYMAP_Config file : file do not exist
2025-12-25 18:53:31,792 [INFO] CodeEngine:255 - oldGeneratedFile, C:\Users\kamil\STM32CubeIDE\workspace_1.17.0\NAJWIEKSZY_TEST\Core\Inc\main.h_save
2025-12-25 18:53:31,849 [INFO] CodeEngine:279 - Generated code: C:\Users\kamil\STM32CubeIDE\workspace_1.17.0\NAJWIEKSZY_TEST\Core\Inc\main.h
2025-12-25 18:53:31,865 [INFO] CodeEngine:255 - oldGeneratedFile, C:\Users\kamil\STM32CubeIDE\workspace_1.17.0\NAJWIEKSZY_TEST\Core\Src\main.c_save
2025-12-25 18:53:31,960 [INFO] CodeEngine:279 - Generated code: C:\Users\kamil\STM32CubeIDE\workspace_1.17.0\NAJWIEKSZY_TEST\Core\Src\main.c
2025-12-25 18:53:32,280 [INFO] ProjectBuilder:3289 - Time for Copy HAL[1] : 223mS.
2025-12-25 18:53:32,283 [INFO] ProjectBuilder:4876 - Project Generator version: 4.5.0-RC5
2025-12-25 18:53:32,331 [INFO] ConfigFileManager:1579 - The Die is : DIE450
2025-12-25 18:53:33,070 [INFO] ProjectBuilder:5154 - Time for Generating toolchain IDE Files: 786mS.
2025-12-25 18:53:33,071 [INFO] ProjectBuilder:3146 - Time for Copy CMSIS : 1mS.
2025-12-25 18:53:33,074 [INFO] ProjectBuilder:3146 - Time for Copy CMSIS : 0mS.
2025-12-25 19:03:19,394 [INFO] MainUpdater:2872 - connection check result : 10
2025-12-25 19:03:19,394 [INFO] MainUpdater:2872 - connection check result : 10
2025-12-25 19:03:19,484 [INFO] LogOutputStream:77 - [STDOUT_REDIRECT] Nominal 
2025-12-25 19:03:19,498 [INFO] MicroXplorer:468 - Change Database Path : 
2025-12-25 19:03:19,498 [INFO] MicroXplorer:498 - Change Database Version : DB.6.0.130
2025-12-25 19:03:19,526 [ERROR] ProjectManagerView:394 - 
java.lang.NullPointerException: Cannot invoke "javax.swing.JTextField.getText()" because the return value of "java.util.List.get(int)" is null
	at com.st.microxplorer.plugins.projectmanager.gui.ProjectChoiceTab$9.caretUpdate(ProjectChoiceTab.java:2616) ~[filemanager.jar:?]
	at javax.swing.text.JTextComponent.fireCaretUpdate(JTextComponent.java:408) ~[?:?]
	at javax.swing.text.JTextComponent$MutableCaretEvent.fire(JTextComponent.java:4484) ~[?:?]
	at javax.swing.text.JTextComponent$MutableCaretEvent.stateChanged(JTextComponent.java:4506) ~[?:?]
	at javax.swing.text.DefaultCaret.fireStateChanged(DefaultCaret.java:857) ~[?:?]
	at javax.swing.text.DefaultCaret.changeCaretPosition(DefaultCaret.java:1343) ~[?:?]
	at javax.swing.text.DefaultCaret.handleSetDot(DefaultCaret.java:1242) ~[?:?]
	at javax.swing.text.DefaultCaret.setDot(DefaultCaret.java:1223) ~[?:?]
	at javax.swing.text.DefaultCaret$Handler.insertUpdate(DefaultCaret.java:1819) ~[?:?]
	at javax.swing.text.AbstractDocument.fireInsertUpdate(AbstractDocument.java:227) ~[?:?]
	at javax.swing.text.AbstractDocument.handleInsertString(AbstractDocument.java:781) ~[?:?]
	at javax.swing.text.AbstractDocument.insertString(AbstractDocument.java:740) ~[?:?]
	at javax.swing.text.PlainDocument.insertString(PlainDocument.java:131) ~[?:?]
	at javax.swing.text.AbstractDocument.replace(AbstractDocument.java:699) ~[?:?]
	at javax.swing.text.JTextComponent.setText(JTextComponent.java:1725) ~[?:?]
	at com.st.microxplorer.plugins.projectmanager.gui.ProjectChoiceTab.createHeapStackFields(ProjectChoiceTab.java:975) ~[filemanager.jar:?]
	at com.st.microxplorer.plugins.projectmanager.gui.ProjectChoiceTab.buildLinkSettingsPanel(ProjectChoiceTab.java:3666) ~[filemanager.jar:?]
	at com.st.microxplorer.plugins.projectmanager.gui.ProjectChoiceTab.defineWindowsFields(ProjectChoiceTab.java:1934) ~[filemanager.jar:?]
	at com.st.microxplorer.plugins.projectmanager.gui.ProjectChoiceTab.updateSettings(ProjectChoiceTab.java:553) ~[filemanager.jar:?]
	at com.st.microxplorer.plugins.projectmanager.gui.ProjectSettingsPanel.UpdateDialog(ProjectSettingsPanel.java:245) ~[filemanager.jar:?]
	at com.st.microxplorer.plugins.projectmanager.ProjectManagerView.propertyChange(ProjectManagerView.java:391) ~[filemanager.jar:?]
	at java.beans.PropertyChangeSupport.fire(PropertyChangeSupport.java:343) ~[?:?]
	at java.beans.PropertyChangeSupport.firePropertyChange(PropertyChangeSupport.java:335) ~[?:?]
	at java.beans.PropertyChangeSupport.firePropertyChange(PropertyChangeSupport.java:268) ~[?:?]
	at com.st.microxplorer.util.MXPropertyChangeSupport.firePropertyChange(MXPropertyChangeSupport.java:54) ~[STM32CubeMX.jar:?]
	at com.st.microxplorer.mxsystem.MxSystem.closeConfig(MxSystem.java:899) ~[STM32CubeMX.jar:?]
	at com.st.microxplorer.maingui.MainPanel.closeConfig(MainPanel.java:789) ~[STM32CubeMX.jar:?]
	at com.st.microxplorer.plugins.filemanager.engine.OpenFileManager.loadConfigurationFile(OpenFileManager.java:265) ~[filemanager.jar:?]
	at com.st.microxplorer.plugins.filemanager.engine.MainFileManager.userLoadConfig(MainFileManager.java:340) ~[filemanager.jar:?]
	at com.st.microxplorer.plugins.filemanager.engine.MainFileManager.userLoadConfig(MainFileManager.java:318) ~[filemanager.jar:?]
	at com.st.microxplorer.plugins.filemanager.FileManagerView.getSpecificTask(FileManagerView.java:246) ~[filemanager.jar:?]
	at com.st.stm32cube.common.mx.editor.CubeMxEditor.getMxTabbedPaneInstance(CubeMxEditor.java:1198) ~[com.st.stm32cube.common.mx_6.13.0.202411220809/:?]
	at com.st.stm32cube.common.mx.editor.CubeMxEditor$12$1.createSwingComponent(CubeMxEditor.java:1068) ~[com.st.stm32cube.common.mx_6.13.0.202411220809/:?]
	at com.st.stm32cube.common.mx.oss.core.awtswtbridge.EmbeddedSwingComposite.doComponentCreation(EmbeddedSwingComposite.java:492) ~[com.st.stm32cube.common.mx.oss_6.13.0.202411220809/:?]
	at com.st.stm32cube.common.mx.oss.core.awtswtbridge.EmbeddedSwingComposite$4.run(EmbeddedSwingComposite.java:291) ~[com.st.stm32cube.common.mx.oss_6.13.0.202411220809/:?]
	at com.st.stm32cube.common.mx.oss.core.awtswtbridge.AwtEnvironment$2.run(AwtEnvironment.java:166) ~[com.st.stm32cube.common.mx.oss_6.13.0.202411220809/:?]
	at java.awt.event.InvocationEvent.dispatch(InvocationEvent.java:318) ~[?:?]
	at java.awt.EventQueue.dispatchEventImpl(EventQueue.java:773) ~[?:?]
	at java.awt.EventQueue$4.run(EventQueue.java:720) ~[?:?]
	at java.awt.EventQueue$4.run(EventQueue.java:714) ~[?:?]
	at java.security.AccessController.doPrivileged(AccessController.java:400) ~[?:?]
	at java.security.ProtectionDomain$JavaSecurityAccessImpl.doIntersectionPrivilege(ProtectionDomain.java:87) ~[?:?]
	at java.awt.EventQueue.dispatchEvent(EventQueue.java:742) ~[?:?]
	at java.awt.EventDispatchThread.pumpOneEventForFilters(EventDispatchThread.java:203) ~[?:?]
	at java.awt.EventDispatchThread.pumpEventsForFilter(EventDispatchThread.java:124) ~[?:?]
	at java.awt.EventDispatchThread.pumpEventsForHierarchy(EventDispatchThread.java:113) ~[?:?]
	at java.awt.EventDispatchThread.pumpEvents(EventDispatchThread.java:109) ~[?:?]
	at java.awt.EventDispatchThread.pumpEvents(EventDispatchThread.java:101) ~[?:?]
	at java.awt.EventDispatchThread.run(EventDispatchThread.java:90) ~[?:?]
2025-12-25 19:03:19,542 [WARN] ThirdParty:871 - waiting for thirdparty lock release [close project]
2025-12-25 19:03:19,542 [INFO] ThirdParty:873 - entering critical section [close project]
2025-12-25 19:03:19,542 [INFO] ThirdParty:883 - exiting critical section [close project]
2025-12-25 19:03:19,545 [INFO] PinOutPanel:1589 - setPackage(No Configuration,No Configuration)
2025-12-25 19:03:19,559 [WARN] IpParametersView:154 - Warning: This peripheral hasn't parameters
2025-12-25 19:03:19,568 [WARN] MainPanel:289 - <html><b><center>Warning: This peripheral has no parameters to be configured<br></b></html>
2025-12-25 19:03:19,572 [ERROR] MainPanel:599 - java.lang.IndexOutOfBoundsException: Index: 0, Tab count: 0
2025-12-25 19:03:19,583 [INFO] UtilMem:75 - Begin LoadConfig() Used Memory: 968328296 Bytes (1073741824)
2025-12-25 19:03:19,584 [INFO] MicroXplorer:468 - Change Database Path : 
2025-12-25 19:03:19,584 [INFO] MicroXplorer:498 - Change Database Version : DB.6.0.130
2025-12-25 19:03:19,584 [INFO] OpenFileManager:332 - Change cursor
2025-12-25 19:03:19,630 [INFO] RulesReader:64 - Compatibility file has been processed (297 Rules)
2025-12-25 19:03:19,652 [INFO] Mcu:2035 - Initializing MCU STM32H743IITx STM32H743IITx STM32H743IIT6
2025-12-25 19:03:23,334 [INFO] Context:748 - Trying to add GPIOservice into a context  which must be forbidden
2025-12-25 19:03:24,735 [INFO] RtosManager:555 - Registered RTOS mode: class=CMSIS, group=RTOS, mode=CMSIS_V1, owner=FREERTOS
2025-12-25 19:03:24,736 [INFO] RtosManager:555 - Registered RTOS mode: class=CMSIS, group=RTOS2, mode=CMSIS_V2, owner=FREERTOS
2025-12-25 19:03:24,736 [INFO] RtosManager:555 - Registered RTOS mode: class=RTOS, group=Core, mode=CMSIS_V1, owner=FREERTOS
2025-12-25 19:03:24,736 [INFO] RtosManager:555 - Registered RTOS mode: class=RTOS, group=Core, mode=CMSIS_V2, owner=FREERTOS
2025-12-25 19:03:24,736 [WARN] ModelIntegratedComponent:184 - Missing modes for component STMicroelectronics:FreeRTOS:0.0.1:STMicroelectronics:RTOS:FreeRTOS:Core:::10.2.0:
2025-12-25 19:03:24,739 [WARN] ModelIntegratedComponent:63 - No mode defined for component null
2025-12-25 19:03:24,739 [WARN] ModelIntegratedComponent:63 - No mode defined for component null
2025-12-25 19:03:24,739 [WARN] ModelIntegratedComponent:63 - No mode defined for component null
2025-12-25 19:03:24,740 [WARN] ModelIntegratedComponent:63 - No mode defined for component null
2025-12-25 19:03:24,740 [WARN] ModelIntegratedComponent:63 - No mode defined for component null
2025-12-25 19:03:24,740 [WARN] ModelIntegratedComponent:63 - No mode defined for component null
2025-12-25 19:03:24,740 [WARN] ModelIntegratedComponent:63 - No mode defined for component null
2025-12-25 19:03:24,740 [WARN] ModelIntegratedComponent:63 - No mode defined for component null
2025-12-25 19:03:24,740 [WARN] ModelIntegratedComponent:63 - No mode defined for component null
2025-12-25 19:03:24,740 [WARN] ModelIntegratedComponent:63 - No mode defined for component null
2025-12-25 19:03:24,740 [WARN] ModelIntegratedComponent:63 - No mode defined for component null
2025-12-25 19:03:24,740 [WARN] ModelIntegratedComponent:63 - No mode defined for component null
2025-12-25 19:03:24,741 [WARN] ModelIntegratedComponent:63 - No mode defined for component null
2025-12-25 19:03:24,741 [WARN] ModelIntegratedComponent:63 - No mode defined for component null
2025-12-25 19:03:24,741 [WARN] ModelIntegratedComponent:63 - No mode defined for component null
2025-12-25 19:03:24,741 [WARN] ModelIntegratedComponent:63 - No mode defined for component null
2025-12-25 19:03:24,741 [WARN] ModelIntegratedComponent:63 - No mode defined for component null
2025-12-25 19:03:24,741 [WARN] ModelIntegratedComponent:63 - No mode defined for component null
2025-12-25 19:03:24,741 [WARN] ModelIntegratedComponent:63 - No mode defined for component null
2025-12-25 19:03:24,741 [WARN] ModelIntegratedComponent:63 - No mode defined for component null
2025-12-25 19:03:24,741 [WARN] ModelIntegratedComponent:63 - No mode defined for component null
2025-12-25 19:03:24,742 [WARN] ModelIntegratedComponent:63 - No mode defined for component null
2025-12-25 19:03:24,742 [WARN] ModelIntegratedComponent:63 - No mode defined for component null
2025-12-25 19:03:24,742 [WARN] ModelIntegratedComponent:63 - No mode defined for component null
2025-12-25 19:03:24,742 [WARN] ModelIntegratedComponent:63 - No mode defined for component null
2025-12-25 19:03:24,742 [WARN] ModelIntegratedComponent:63 - No mode defined for component null
2025-12-25 19:03:24,742 [WARN] ModelIntegratedComponent:63 - No mode defined for component null
2025-12-25 19:03:24,742 [WARN] ModelIntegratedComponent:63 - No mode defined for component null
2025-12-25 19:03:24,742 [WARN] ModelIntegratedComponent:63 - No mode defined for component null
2025-12-25 19:03:24,742 [WARN] ModelIntegratedComponent:63 - No mode defined for component null
2025-12-25 19:03:24,743 [WARN] ModelIntegratedComponent:63 - No mode defined for component null
2025-12-25 19:03:24,743 [WARN] ModelIntegratedComponent:63 - No mode defined for component null
2025-12-25 19:03:24,743 [WARN] ModelIntegratedComponent:63 - No mode defined for component null
2025-12-25 19:03:24,743 [WARN] ModelIntegratedComponent:63 - No mode defined for component null
2025-12-25 19:03:24,743 [WARN] ModelIntegratedComponent:63 - No mode defined for component null
2025-12-25 19:03:24,743 [WARN] ModelPack:524 - Component already loaded: STMicroelectronics:HAL Drivers:0.0.0:STMicroelectronics:Device:STMicro_Driver:XSPI:HAL::0.0.1:HAL_XSPI
2025-12-25 19:03:24,869 [INFO] ThirdPartyModel:298 - Start build external matchings
2025-12-25 19:03:25,694 [INFO] ThirdPartyModel:316 - End build external matchings
2025-12-25 19:03:25,719 [WARN] IP:2251 - ClockDivider not found: check if there is a RefParameter without a condition.
2025-12-25 19:03:25,719 [WARN] IP:2251 - ClockDividerCCU not found: check if there is a RefParameter without a condition.
2025-12-25 19:03:25,719 [WARN] IP:2251 - MinOscClkPeriodsCCU not found: check if there is a RefParameter without a condition.
2025-12-25 19:03:25,719 [WARN] IP:2251 - TimeQuantaPerBitTimeCCU not found: check if there is a RefParameter without a condition.
2025-12-25 19:03:25,719 [WARN] IP:2251 - WatchdogStartValueCCU not found: check if there is a RefParameter without a condition.
2025-12-25 19:03:25,725 [WARN] IP:2251 - LayerIdx_L1 not found: check if there is a RefParameter without a condition.
2025-12-25 19:03:25,733 [INFO] ImportTextPane:218 - (OptionalMessage_ERROR) IP (RCC) : Parameter (ADCFreq_Value) has invalid value (129000000)
2025-12-25 19:03:25,739 [INFO] ImportTextPane:218 - (OptionalMessage_ERROR) IP (RCC) : Invalid parameter (FamilyName)
2025-12-25 19:03:25,739 [INFO] ImportTextPane:218 - (OptionalMessage_ERROR) IP (RCC) : Parameter (LPTIM1Freq_Value) has invalid value (64000000)
2025-12-25 19:03:25,740 [INFO] ImportTextPane:218 - (OptionalMessage_ERROR) IP (RCC) : Parameter (LPTIM2Freq_Value) has invalid value (64000000)
2025-12-25 19:03:25,740 [INFO] ImportTextPane:218 - (OptionalMessage_ERROR) IP (RCC) : Parameter (LPTIM345Freq_Value) has invalid value (64000000)
2025-12-25 19:03:25,740 [INFO] ImportTextPane:218 - (OptionalMessage_ERROR) IP (RCC) : Parameter (LPUART1Freq_Value) has invalid value (64000000)
2025-12-25 19:03:25,740 [INFO] ImportTextPane:218 - (OptionalMessage_ERROR) IP (RCC) : Parameter (SPI45Freq_Value) has invalid value (64000000)
2025-12-25 19:03:25,740 [INFO] ImportTextPane:218 - (OptionalMessage_ERROR) IP (RCC) : Parameter (SPI6Freq_Value) has invalid value (64000000)
2025-12-25 19:03:25,740 [INFO] ImportTextPane:218 - (OptionalMessage_ERROR) IP (RCC) : Parameter (SWPMI1Freq_Value) has invalid value (64000000)
2025-12-25 19:03:25,740 [INFO] ImportTextPane:218 - (OptionalMessage_ERROR) IP (RCC) : Parameter (USART16Freq_Value) has invalid value (64000000)
2025-12-25 19:03:25,740 [INFO] ImportTextPane:218 - (OptionalMessage_ERROR) IP (RCC) : Parameter (USART234578Freq_Value) has invalid value (64000000)
2025-12-25 19:03:26,526 [INFO] UtilMem:75 - End LoadConfig() Used Memory: 901853624 Bytes (1073741824)
2025-12-25 19:03:26,587 [WARN] ThirdParty:833 - waiting for thirdparty lock release [change project]
2025-12-25 19:03:26,587 [INFO] ThirdParty:835 - entering critical section [change project]
2025-12-25 19:03:26,587 [INFO] ThirdParty:1030 - CMSIS Pack Vendor :STMicroelectronics X-CUBE-PM33A1 1.0.0
2025-12-25 19:03:26,588 [INFO] ThirdParty:1030 - CMSIS Pack Vendor :STMicroelectronics USBPD 4.1
2025-12-25 19:03:26,588 [INFO] ThirdParty:1030 - CMSIS Pack Vendor :STMicroelectronics USB_HOST 2.0.0
2025-12-25 19:03:26,588 [INFO] ThirdParty:1030 - CMSIS Pack Vendor :STMicroelectronics FP-SNS-MOTENVWB1 1.4.0
2025-12-25 19:03:26,588 [INFO] ThirdParty:1030 - CMSIS Pack Vendor :STMicroelectronics X-CUBE-AZRTOS-F4 1.1.0
2025-12-25 19:03:26,588 [INFO] ThirdParty:1030 - CMSIS Pack Vendor :STMicroelectronics LIBJPEG 8.0.0
2025-12-25 19:03:26,588 [INFO] ThirdParty:1030 - CMSIS Pack Vendor :STMicroelectronics FP-ATR-ASTRA1 2.0.2
2025-12-25 19:03:26,588 [INFO] ThirdParty:1030 - CMSIS Pack Vendor :STMicroelectronics FP-ATR-ASTRA1 2.0.1
2025-12-25 19:03:26,588 [INFO] ThirdParty:1030 - CMSIS Pack Vendor :STMicroelectronics X-CUBE-SMBUS 2.1.0
2025-12-25 19:03:26,588 [INFO] ThirdParty:1030 - CMSIS Pack Vendor :STMicroelectronics X-CUBE-WB05N 1.1.0
2025-12-25 19:03:26,588 [INFO] ThirdParty:1030 - CMSIS Pack Vendor :STMicroelectronics X-CUBE-ISPU 2.1.0
2025-12-25 19:03:26,588 [INFO] ThirdParty:1030 - CMSIS Pack Vendor :STMicroelectronics X-CUBE-FREERTOS 1.2.0
2025-12-25 19:03:26,588 [INFO] ThirdParty:1030 - CMSIS Pack Vendor :STMicroelectronics X-CUBE-ST60 1.0.0
2025-12-25 19:03:26,589 [INFO] ThirdParty:1030 - CMSIS Pack Vendor :STMicroelectronics X-CUBE-NFC12 1.0.0
2025-12-25 19:03:26,589 [INFO] ThirdParty:1030 - CMSIS Pack Vendor :STMicroelectronics X-CUBE-AZRTOS-F7 1.1.0
2025-12-25 19:03:26,589 [INFO] ThirdParty:1030 - CMSIS Pack Vendor :STMicroelectronics X-CUBE-AZRTOS-L5 2.0.0
2025-12-25 19:03:26,589 [INFO] ThirdParty:1030 - CMSIS Pack Vendor :STMicroelectronics USB_DEVICE 2.0.0
2025-12-25 19:03:26,589 [INFO] ThirdParty:1030 - CMSIS Pack Vendor :STMicroelectronics X-CUBE-NFC6 3.1.0
2025-12-25 19:03:26,589 [INFO] ThirdParty:1030 - CMSIS Pack Vendor :ARM CMSIS 5.7.0
2025-12-25 19:03:26,589 [INFO] ThirdParty:1030 - CMSIS Pack Vendor :STMicroelectronics X-CUBE-MEMS1 11.0.0
2025-12-25 19:03:26,589 [INFO] ThirdParty:1030 - CMSIS Pack Vendor :STMicroelectronics FreeRTOS 0.0.1
2025-12-25 19:03:26,589 [INFO] ThirdParty:1030 - CMSIS Pack Vendor :STMicroelectronics X-CUBE-DPower 1.2.0
2025-12-25 19:03:26,589 [INFO] ThirdParty:1030 - CMSIS Pack Vendor :STMicroelectronics FP-SNS-FLIGHT1 5.0.2
2025-12-25 19:03:26,589 [INFO] ThirdParty:1030 - CMSIS Pack Vendor :STMicroelectronics PDM2PCM 3.3.0
2025-12-25 19:03:26,589 [INFO] ThirdParty:1030 - CMSIS Pack Vendor :STMicroelectronics X-CUBE-AZRTOS-H7 3.4.0
2025-12-25 19:03:26,589 [INFO] ThirdParty:1030 - CMSIS Pack Vendor :STMicroelectronics X-CUBE-DISPLAY 3.0.0
2025-12-25 19:03:26,589 [INFO] ThirdParty:1030 - CMSIS Pack Vendor :STMicroelectronics X-CUBE-BLE1 7.0.0
2025-12-25 19:03:26,589 [INFO] ThirdParty:1030 - CMSIS Pack Vendor :STMicroelectronics X-CUBE-NFC10 1.0.0
2025-12-25 19:03:26,589 [INFO] ThirdParty:1030 - CMSIS Pack Vendor :STMicroelectronics X-CUBE-BLEMGR 4.0.0
2025-12-25 19:03:26,589 [INFO] ThirdParty:1030 - CMSIS Pack Vendor :STMicroelectronics X-CUBE-FREERTOS 1.3.1
2025-12-25 19:03:26,589 [INFO] ThirdParty:1030 - CMSIS Pack Vendor :STMicroelectronics HAL Drivers 0.0.0
2025-12-25 19:03:26,589 [INFO] ThirdParty:1030 - CMSIS Pack Vendor :STMicroelectronics X-CUBE-ST60 1.1.0
2025-12-25 19:03:26,590 [INFO] ThirdParty:1030 - CMSIS Pack Vendor :emotas I-CUBE-CANOPEN 1.3.0
2025-12-25 19:03:26,590 [INFO] ThirdParty:1030 - CMSIS Pack Vendor :STMicroelectronics X-CUBE-FREERTOS 1.3.0
2025-12-25 19:03:26,590 [INFO] ThirdParty:1030 - CMSIS Pack Vendor :STMicroelectronics X-CUBE-NFC7 1.0.1
2025-12-25 19:03:26,590 [INFO] ThirdParty:1030 - CMSIS Pack Vendor :STMicroelectronics MBEDTLS 2.14.1
2025-12-25 19:03:26,590 [INFO] ThirdParty:1030 - CMSIS Pack Vendor :STMicroelectronics X-CUBE-GNSS1 7.1.0
2025-12-25 19:03:26,590 [INFO] ThirdParty:1030 - CMSIS Pack Vendor :STMicroelectronics X-CUBE-TOUCHGFX 4.26.0
2025-12-25 19:03:26,590 [INFO] ThirdParty:1030 - CMSIS Pack Vendor :STMicroelectronics X-CUBE-BLEMGR 3.1.0
2025-12-25 19:03:26,590 [INFO] ThirdParty:1030 - CMSIS Pack Vendor :STMicroelectronics X-CUBE-AI 10.0.0
2025-12-25 19:03:26,590 [INFO] ThirdParty:1030 - CMSIS Pack Vendor :STMicroelectronics FP-SNS-STAIOTCFT 1.0.0
2025-12-25 19:03:26,590 [INFO] ThirdParty:1030 - CMSIS Pack Vendor :STMicroelectronics FP-SNS-SMARTAG2 1.2.0
2025-12-25 19:03:26,590 [INFO] ThirdParty:1030 - CMSIS Pack Vendor :STMicroelectronics FP-SNS-FLIGHT1 5.1.0
2025-12-25 19:03:26,590 [INFO] ThirdParty:1030 - CMSIS Pack Vendor :STMicroelectronics X-CUBE-MEMS1 11.1.0
2025-12-25 19:03:26,590 [INFO] ThirdParty:1030 - CMSIS Pack Vendor :STMicroelectronics X-CUBE-AZRTOS-WL 2.0.0
2025-12-25 19:03:26,590 [INFO] ThirdParty:1030 - CMSIS Pack Vendor :STMicroelectronics X-CUBE-DPower 1.3.0
2025-12-25 19:03:26,592 [INFO] ThirdParty:1030 - CMSIS Pack Vendor :STMicroelectronics FP-SNS-MOTENV1 5.0.0
2025-12-25 19:03:26,592 [INFO] ThirdParty:1030 - CMSIS Pack Vendor :STMicroelectronics USB_DEVICE 1.0.0
2025-12-25 19:03:26,592 [INFO] ThirdParty:1030 - CMSIS Pack Vendor :STMicroelectronics X-CUBE-AZRTOS-H7RS 1.2.0
2025-12-25 19:03:26,592 [INFO] ThirdParty:1030 - CMSIS Pack Vendor :wolfSSL I-CUBE-wolfMQTT 1.19.0
2025-12-25 19:03:26,592 [INFO] ThirdParty:1030 - CMSIS Pack Vendor :STMicroelectronics X-CUBE-AZRTOS-L4 2.0.0
2025-12-25 19:03:26,592 [INFO] ThirdParty:1030 - CMSIS Pack Vendor :STMicroelectronics ThreadX 0.0.2
2025-12-25 19:03:26,592 [INFO] ThirdParty:1030 - CMSIS Pack Vendor :WES I-CUBE-Cesium 1.3.0
2025-12-25 19:03:26,592 [INFO] ThirdParty:1030 - CMSIS Pack Vendor :STMicroelectronics lwIP 2.1.2
2025-12-25 19:03:26,592 [INFO] ThirdParty:1030 - CMSIS Pack Vendor :STMicroelectronics X-CUBE-SFXS2LP1 4.0.0
2025-12-25 19:03:26,593 [INFO] ThirdParty:1030 - CMSIS Pack Vendor :STMicroelectronics X-CUBE-BLE2 3.3.0
2025-12-25 19:03:26,593 [INFO] ThirdParty:1030 - CMSIS Pack Vendor :Avnet-IOTCONNECT X-CUBE-iotc-st67-sdk 1.0.0
2025-12-25 19:03:26,593 [INFO] ThirdParty:1030 - CMSIS Pack Vendor :STMicroelectronics PDM2PCM 3.2.0
2025-12-25 19:03:26,593 [INFO] ThirdParty:1030 - CMSIS Pack Vendor :STMicroelectronics X-CUBE-AZRTOS-H7 3.3.0
2025-12-25 19:03:26,593 [INFO] ThirdParty:1030 - CMSIS Pack Vendor :STMicroelectronics X-CUBE-NFC9 1.0.0
2025-12-25 19:03:26,593 [INFO] ThirdParty:1030 - CMSIS Pack Vendor :STMicroelectronics X-CUBE-BLE1 7.1.0
2025-12-25 19:03:26,593 [INFO] ThirdParty:1030 - CMSIS Pack Vendor :STMicroelectronics USB_DEVICE 3.0.0
2025-12-25 19:03:26,593 [INFO] ThirdParty:1030 - CMSIS Pack Vendor :STMicroelectronics X-CUBE-TCPP 4.1.0
2025-12-25 19:03:26,593 [INFO] ThirdParty:1030 - CMSIS Pack Vendor :STMicroelectronics X-CUBE-EEPRMA1 5.2.0
2025-12-25 19:03:26,593 [INFO] ThirdParty:1030 - CMSIS Pack Vendor :STMicroelectronics X-CUBE-BLEMGR 4.1.0
2025-12-25 19:03:26,593 [INFO] ThirdParty:1030 - CMSIS Pack Vendor :STMicroelectronics X-CUBE-IPS 3.0.0
2025-12-25 19:03:26,593 [INFO] ThirdParty:1030 - CMSIS Pack Vendor :STMicroelectronics X-CUBE-AZRTOS-WB 2.0.0
2025-12-25 19:03:26,593 [INFO] ThirdParty:1030 - CMSIS Pack Vendor :STMicroelectronics X-CUBE-GNSS1 7.0.0
2025-12-25 19:03:26,593 [INFO] ThirdParty:1030 - CMSIS Pack Vendor :STMicroelectronics X-CUBE-GNSS1 7.0.1
2025-12-25 19:03:26,593 [INFO] ThirdParty:1030 - CMSIS Pack Vendor :STMicroelectronics X-CUBE-TOUCHGFX 4.25.0
2025-12-25 19:03:26,594 [INFO] ThirdParty:1030 - CMSIS Pack Vendor :STMicroelectronics FP-SNS-STBOX1 2.0.0
2025-12-25 19:03:26,594 [INFO] ThirdParty:1030 - CMSIS Pack Vendor :STMicroelectronics X-CUBE-MEMS1 12.0.0
2025-12-25 19:03:26,594 [INFO] ThirdParty:1030 - CMSIS Pack Vendor :STMicroelectronics X-CUBE-AZRTOS-G0 1.1.0
2025-12-25 19:03:26,594 [INFO] ThirdParty:1030 - CMSIS Pack Vendor :STMicroelectronics X-CUBE-SAFEA1 1.2.2
2025-12-25 19:03:26,594 [INFO] ThirdParty:1030 - CMSIS Pack Vendor :STMicroelectronics X-CUBE-NFC4 3.0.0
2025-12-25 19:03:26,594 [INFO] ThirdParty:1030 - CMSIS Pack Vendor :STMicroelectronics X-CUBE-SUBG2 5.0.0
2025-12-25 19:03:26,594 [INFO] ThirdParty:1030 - CMSIS Pack Vendor :STMicroelectronics X-CUBE-AZRTOS-H7RS 1.1.0
2025-12-25 19:03:26,594 [INFO] ThirdParty:1030 - CMSIS Pack Vendor :STMicroelectronics STM32_WPAN 1.0.0
2025-12-25 19:03:26,594 [INFO] ThirdParty:1030 - CMSIS Pack Vendor :EmbeddedOffice I-CUBE-FS-RTOS 1.0.1
2025-12-25 19:03:26,594 [INFO] ThirdParty:1030 - CMSIS Pack Vendor :STMicroelectronics lwIP 2.0.3
2025-12-25 19:03:26,594 [INFO] ThirdParty:1030 - CMSIS Pack Vendor :Cesanta I-CUBE-Mongoose 7.13.0
2025-12-25 19:03:26,595 [INFO] ThirdParty:1030 - CMSIS Pack Vendor :STMicroelectronics USB_HOST 1.0.0
2025-12-25 19:03:26,595 [INFO] ThirdParty:1030 - CMSIS Pack Vendor :STMicroelectronics X-CUBE-AZRTOS-G4 2.0.0
2025-12-25 19:03:26,595 [INFO] ThirdParty:1030 - CMSIS Pack Vendor :STMicroelectronics X-CUBE-WB05N 2.0.0
2025-12-25 19:03:26,595 [INFO] ThirdParty:1030 - CMSIS Pack Vendor :STMicroelectronics PDM2PCM 3.1.0
2025-12-25 19:03:26,595 [INFO] ThirdParty:1030 - CMSIS Pack Vendor :STMicroelectronics X-CUBE-NFC7 2.0.0
2025-12-25 19:03:26,595 [INFO] ThirdParty:1030 - CMSIS Pack Vendor :STMicroelectronics X-CUBE-TCPP 4.2.0
2025-12-25 19:03:26,595 [INFO] ThirdParty:1030 - CMSIS Pack Vendor :RealThread X-CUBE-RT-Thread_Nano 4.1.1
2025-12-25 19:03:26,595 [INFO] ThirdParty:1030 - CMSIS Pack Vendor :STMicroelectronics FP-ATR-SIGFOX1 3.2.0
2025-12-25 19:03:26,595 [INFO] ThirdParty:1030 - CMSIS Pack Vendor :wolfSSL I-CUBE-wolfSSL 5.7.2
2025-12-25 19:03:26,596 [INFO] ThirdParty:1030 - CMSIS Pack Vendor :quantropi X-CUBE-qispace-sdk-base 1.9.3
2025-12-25 19:03:26,596 [INFO] ThirdParty:1030 - CMSIS Pack Vendor :STMicroelectronics X-CUBE-EEPRMA1 5.1.0
2025-12-25 19:03:26,596 [INFO] ThirdParty:1030 - CMSIS Pack Vendor :STMicroelectronics MBEDTLS 2.16.2
2025-12-25 19:03:26,596 [INFO] ThirdParty:1030 - CMSIS Pack Vendor :STMicroelectronics X-CUBE-IPS 3.1.0
2025-12-25 19:03:26,596 [INFO] ThirdParty:1030 - CMSIS Pack Vendor :STMicroelectronics X-CUBE-ALS 1.0.2
2025-12-25 19:03:26,596 [INFO] ThirdParty:1030 - CMSIS Pack Vendor :ITTIA_DB I-CUBE-ITTIADB 8.9.0
2025-12-25 19:03:26,596 [INFO] ThirdParty:1030 - CMSIS Pack Vendor :STMicroelectronics X-CUBE-TOUCHGFX 4.24.1
2025-12-25 19:03:26,597 [INFO] ThirdParty:1030 - CMSIS Pack Vendor :STMicroelectronics X-CUBE-STSE01 1.0.0
2025-12-25 19:03:26,597 [INFO] ThirdParty:1030 - CMSIS Pack Vendor :wolfSSL I-CUBE-wolfTPM 3.4.0
2025-12-25 19:03:26,597 [INFO] ThirdParty:1030 - CMSIS Pack Vendor :portGmbH I-Cube-SoM-uGOAL 1.1.0
2025-12-25 19:03:26,597 [INFO] ThirdParty:1030 - CMSIS Pack Vendor :STMicroelectronics X-CUBE-ST67W61 1.0.0
2025-12-25 19:03:26,597 [INFO] ThirdParty:1030 - CMSIS Pack Vendor :STMicroelectronics X-CUBE-AI 10.2.0
2025-12-25 19:03:26,597 [INFO] ThirdParty:1030 - CMSIS Pack Vendor :STMicroelectronics ThreadX 1.0.0
2025-12-25 19:03:26,597 [INFO] ThirdParty:1030 - CMSIS Pack Vendor :SEGGER I-CUBE-embOS 1.3.1
2025-12-25 19:03:26,597 [INFO] ThirdParty:1030 - CMSIS Pack Vendor :STMicroelectronics X-CUBE-ALGOBUILD 1.4.0
2025-12-25 19:03:26,597 [INFO] ThirdParty:1030 - CMSIS Pack Vendor :STMicroelectronics X-CUBE-MEMS1 11.3.0
2025-12-25 19:03:26,597 [INFO] ThirdParty:1030 - CMSIS Pack Vendor :STMicroelectronics X-CUBE-AZRTOS-H7RS 1.0.0
2025-12-25 19:03:26,597 [INFO] ThirdParty:1030 - CMSIS Pack Vendor :STMicroelectronics FP-ATR-ASTRA1 2.0.0
2025-12-25 19:03:26,597 [INFO] ThirdParty:1030 - CMSIS Pack Vendor :STMicroelectronics X-CUBE-TOF1 3.4.2
2025-12-25 19:03:26,597 [INFO] ThirdParty:1030 - CMSIS Pack Vendor :STMicroelectronics X-CUBE-TOF1 3.4.3
2025-12-25 19:03:26,597 [INFO] ThirdParty:1030 - CMSIS Pack Vendor :STMicroelectronics X-CUBE-AI 9.1.0
2025-12-25 19:03:26,597 [INFO] ThirdParty:1030 - CMSIS Pack Vendor :Infineon AIROC-Wi-Fi-Bluetooth-STM32 1.6.1
2025-12-25 19:03:26,597 [INFO] ThirdParty:1030 - CMSIS Pack Vendor :wolfSSL I-CUBE-wolfSSH 1.4.17
2025-12-25 19:03:26,597 [INFO] ThirdParty:841 - exiting critical section [change project]
2025-12-25 19:03:27,084 [INFO] PinOutPanel:1589 - setPackage(No Configuration,No Configuration)
2025-12-25 19:03:27,087 [INFO] PinOutPanel:1589 - setPackage(STM32H743IITx,LQFP176)
2025-12-25 19:03:27,595 [INFO] UtilMem:75 - Before build in PCC Used Memory: 1003421720 Bytes (1073741824)
2025-12-25 19:03:27,981 [INFO] UtilMem:75 - After build in PCC Used Memory: 913011432 Bytes (1073741824)
2025-12-25 19:03:28,011 [INFO] IPUIPlugin:80 - create IPUIPlugin
2025-12-25 19:03:28,011 [INFO] IPUIPlugin:80 - create IPUIPlugin
2025-12-25 19:03:28,012 [INFO] IPUIPlugin:80 - create IPUIPlugin
2025-12-25 19:03:28,012 [INFO] IPUIPlugin:80 - create IPUIPlugin
2025-12-25 19:03:28,012 [INFO] IPUIPlugin:80 - create IPUIPlugin
2025-12-25 19:03:28,012 [INFO] IPUIPlugin:80 - create IPUIPlugin
2025-12-25 19:03:28,012 [INFO] IPUIPlugin:80 - create IPUIPlugin
2025-12-25 19:03:28,012 [INFO] IPUIPlugin:80 - create IPUIPlugin
2025-12-25 19:03:28,012 [INFO] IPUIPlugin:80 - create IPUIPlugin
2025-12-25 19:03:28,012 [INFO] IPUIPlugin:80 - create IPUIPlugin
2025-12-25 19:03:28,013 [INFO] IPUIPlugin:80 - create IPUIPlugin
2025-12-25 19:03:28,013 [INFO] IPUIPlugin:80 - create IPUIPlugin
2025-12-25 19:03:28,013 [INFO] IPUIPlugin:80 - create IPUIPlugin
2025-12-25 19:03:28,013 [INFO] IPUIPlugin:80 - create IPUIPlugin
2025-12-25 19:03:28,013 [INFO] IPUIPlugin:80 - create IPUIPlugin
2025-12-25 19:03:28,013 [INFO] IPUIPlugin:80 - create IPUIPlugin
2025-12-25 19:03:28,013 [INFO] IPUIPlugin:80 - create IPUIPlugin
2025-12-25 19:03:28,013 [INFO] IPUIPlugin:80 - create IPUIPlugin
2025-12-25 19:03:28,013 [INFO] IPUIPlugin:80 - create IPUIPlugin
2025-12-25 19:03:28,014 [INFO] IPUIPlugin:80 - create IPUIPlugin
2025-12-25 19:03:28,014 [INFO] IPUIPlugin:80 - create IPUIPlugin
2025-12-25 19:03:28,014 [INFO] IPUIPlugin:80 - create IPUIPlugin
2025-12-25 19:03:28,014 [INFO] IPUIPlugin:80 - create IPUIPlugin
2025-12-25 19:03:28,014 [INFO] IPUIPlugin:80 - create IPUIPlugin
2025-12-25 19:03:28,014 [INFO] IPUIPlugin:80 - create IPUIPlugin
2025-12-25 19:03:28,014 [INFO] IPUIPlugin:80 - create IPUIPlugin
2025-12-25 19:03:28,014 [INFO] IPUIPlugin:80 - create IPUIPlugin
2025-12-25 19:03:28,014 [INFO] IPUIPlugin:80 - create IPUIPlugin
2025-12-25 19:03:28,014 [INFO] IPUIPlugin:80 - create IPUIPlugin
2025-12-25 19:03:28,015 [INFO] IPUIPlugin:80 - create IPUIPlugin
2025-12-25 19:03:28,015 [INFO] IPUIPlugin:80 - create IPUIPlugin
2025-12-25 19:03:28,015 [INFO] IPUIPlugin:80 - create IPUIPlugin
2025-12-25 19:03:28,015 [INFO] IPUIPlugin:80 - create IPUIPlugin
2025-12-25 19:03:28,015 [INFO] IPUIPlugin:80 - create IPUIPlugin
2025-12-25 19:03:28,016 [INFO] IPUIPlugin:80 - create IPUIPlugin
2025-12-25 19:03:28,016 [INFO] IPUIPlugin:80 - create IPUIPlugin
2025-12-25 19:03:28,016 [INFO] IPUIPlugin:80 - create IPUIPlugin
2025-12-25 19:03:28,016 [INFO] IPUIPlugin:80 - create IPUIPlugin
2025-12-25 19:03:28,016 [INFO] IPUIPlugin:80 - create IPUIPlugin
2025-12-25 19:03:28,016 [INFO] IPUIPlugin:80 - create IPUIPlugin
2025-12-25 19:03:28,017 [INFO] IPUIPlugin:80 - create IPUIPlugin
2025-12-25 19:03:28,017 [INFO] IPUIPlugin:80 - create IPUIPlugin
2025-12-25 19:03:28,017 [INFO] IPUIPlugin:80 - create IPUIPlugin
2025-12-25 19:03:28,018 [INFO] IPUIPlugin:80 - create IPUIPlugin
2025-12-25 19:03:28,018 [INFO] IPUIPlugin:80 - create IPUIPlugin
2025-12-25 19:03:28,018 [INFO] IPUIPlugin:80 - create IPUIPlugin
2025-12-25 19:03:28,018 [INFO] IPUIPlugin:80 - create IPUIPlugin
2025-12-25 19:03:28,018 [INFO] IPUIPlugin:80 - create IPUIPlugin
2025-12-25 19:03:28,019 [INFO] IPUIPlugin:80 - create IPUIPlugin
2025-12-25 19:03:28,019 [INFO] IPUIPlugin:80 - create IPUIPlugin
2025-12-25 19:03:28,019 [INFO] IPUIPlugin:80 - create IPUIPlugin
2025-12-25 19:03:28,020 [INFO] IPUIPlugin:80 - create IPUIPlugin
2025-12-25 19:03:28,020 [INFO] IPUIPlugin:80 - create IPUIPlugin
2025-12-25 19:03:28,020 [INFO] IPUIPlugin:80 - create IPUIPlugin
2025-12-25 19:03:28,020 [INFO] IPUIPlugin:80 - create IPUIPlugin
2025-12-25 19:03:28,020 [INFO] IPUIPlugin:80 - create IPUIPlugin
2025-12-25 19:03:28,021 [INFO] IPUIPlugin:80 - create IPUIPlugin
2025-12-25 19:03:28,021 [INFO] IPUIPlugin:80 - create IPUIPlugin
2025-12-25 19:03:28,021 [INFO] IPUIPlugin:80 - create IPUIPlugin
2025-12-25 19:03:28,021 [INFO] IPUIPlugin:80 - create IPUIPlugin
2025-12-25 19:03:28,021 [INFO] IPUIPlugin:80 - create IPUIPlugin
2025-12-25 19:03:28,022 [INFO] IPUIPlugin:80 - create IPUIPlugin
2025-12-25 19:03:28,022 [INFO] IPUIPlugin:80 - create IPUIPlugin
2025-12-25 19:03:28,022 [INFO] IPUIPlugin:80 - create IPUIPlugin
2025-12-25 19:03:28,022 [INFO] IPUIPlugin:80 - create IPUIPlugin
2025-12-25 19:03:28,022 [INFO] IPUIPlugin:80 - create IPUIPlugin
2025-12-25 19:03:28,022 [INFO] IPUIPlugin:80 - create IPUIPlugin
2025-12-25 19:03:28,023 [INFO] IPUIPlugin:80 - create IPUIPlugin
2025-12-25 19:03:28,023 [INFO] IPUIPlugin:80 - create IPUIPlugin
2025-12-25 19:03:28,023 [INFO] IPUIPlugin:80 - create IPUIPlugin
2025-12-25 19:03:28,023 [INFO] IPUIPlugin:80 - create IPUIPlugin
2025-12-25 19:03:28,024 [INFO] IPUIPlugin:80 - create IPUIPlugin
2025-12-25 19:03:28,024 [INFO] IPUIPlugin:80 - create IPUIPlugin
2025-12-25 19:03:28,024 [INFO] IPUIPlugin:80 - create IPUIPlugin
2025-12-25 19:03:28,025 [INFO] IPUIPlugin:80 - create IPUIPlugin
2025-12-25 19:03:28,025 [INFO] IPUIPlugin:80 - create IPUIPlugin
2025-12-25 19:03:28,025 [INFO] IPUIPlugin:80 - create IPUIPlugin
2025-12-25 19:03:28,025 [INFO] IPUIPlugin:80 - create IPUIPlugin
2025-12-25 19:03:28,026 [INFO] IPUIPlugin:80 - create IPUIPlugin
2025-12-25 19:03:28,026 [INFO] IPUIPlugin:80 - create IPUIPlugin
2025-12-25 19:03:28,026 [INFO] IPUIPlugin:80 - create IPUIPlugin
2025-12-25 19:03:28,026 [INFO] IPUIPlugin:80 - create IPUIPlugin
2025-12-25 19:03:28,026 [INFO] IPUIPlugin:80 - create IPUIPlugin
2025-12-25 19:03:28,027 [INFO] IPUIPlugin:80 - create IPUIPlugin
2025-12-25 19:03:28,027 [INFO] IPUIPlugin:80 - create IPUIPlugin
2025-12-25 19:03:28,027 [INFO] IPUIPlugin:80 - create IPUIPlugin
2025-12-25 19:03:28,027 [INFO] IPUIPlugin:80 - create IPUIPlugin
2025-12-25 19:03:28,028 [INFO] IPUIPlugin:80 - create IPUIPlugin
2025-12-25 19:03:28,028 [INFO] IPUIPlugin:80 - create IPUIPlugin
2025-12-25 19:03:28,028 [INFO] IPUIPlugin:80 - create IPUIPlugin
2025-12-25 19:03:28,028 [INFO] IPUIPlugin:80 - create IPUIPlugin
2025-12-25 19:03:28,029 [INFO] IPUIPlugin:80 - create IPUIPlugin
2025-12-25 19:03:28,029 [INFO] IPUIPlugin:80 - create IPUIPlugin
2025-12-25 19:03:28,029 [INFO] IPUIPlugin:80 - create IPUIPlugin
2025-12-25 19:03:28,030 [INFO] IPUIPlugin:80 - create IPUIPlugin
2025-12-25 19:03:28,030 [INFO] IPUIPlugin:80 - create IPUIPlugin
2025-12-25 19:03:28,030 [INFO] IPUIPlugin:80 - create IPUIPlugin
2025-12-25 19:03:28,031 [INFO] IPUIPlugin:80 - create IPUIPlugin
2025-12-25 19:03:28,050 [INFO] ApiDbMcu:508 - Load IP Config File for PDM2PCM
2025-12-25 19:03:28,051 [WARN] IP:2251 - ClockDivider not found: check if there is a RefParameter without a condition.
2025-12-25 19:03:28,051 [WARN] IP:2251 - ClockDividerCCU not found: check if there is a RefParameter without a condition.
2025-12-25 19:03:28,052 [WARN] IP:2251 - MinOscClkPeriodsCCU not found: check if there is a RefParameter without a condition.
2025-12-25 19:03:28,052 [WARN] IP:2251 - TimeQuantaPerBitTimeCCU not found: check if there is a RefParameter without a condition.
2025-12-25 19:03:28,052 [WARN] IP:2251 - WatchdogStartValueCCU not found: check if there is a RefParameter without a condition.
2025-12-25 19:03:28,056 [INFO] LogOutputStream:77 - [STDOUT_REDIRECT] Nominal 
2025-12-25 19:03:28,056 [INFO] Can:71 - Can Add PropertyChangeListener com.st.microxplorer.plugins.ip.can.Can@4daaa703
2025-12-25 19:03:28,144 [INFO] CADModel:165 - CPN selected for project levelSTM32H743IIT6
2025-12-25 19:03:28,144 [INFO] CADModel:114 - Register for checkConnection events
2025-12-25 19:03:28,218 [INFO] OpenFileManager:363 - Restore cursor
2025-12-25 19:03:28,480 [WARN] IP:2251 - LayerIdx_L1 not found: check if there is a RefParameter without a condition.
2025-12-25 19:03:28,584 [WARN] IP:2251 - ClockDivider not found: check if there is a RefParameter without a condition.
2025-12-25 19:03:28,584 [WARN] IP:2251 - ClockDividerCCU not found: check if there is a RefParameter without a condition.
2025-12-25 19:03:28,584 [WARN] IP:2251 - MinOscClkPeriodsCCU not found: check if there is a RefParameter without a condition.
2025-12-25 19:03:28,584 [WARN] IP:2251 - TimeQuantaPerBitTimeCCU not found: check if there is a RefParameter without a condition.
2025-12-25 19:03:28,584 [WARN] IP:2251 - WatchdogStartValueCCU not found: check if there is a RefParameter without a condition.
2025-12-25 19:04:12,665 [INFO] UtilMem:75 - End SaveConfig() Used Memory: 933849896 Bytes (1073741824)
2025-12-25 19:04:12,953 [INFO] BlockDiagram:2766 - set Specific Code input for plugin: LTDC
2025-12-25 19:04:12,954 [INFO] BlockDiagram:2766 - set Specific Code input for plugin: RCC
2025-12-25 19:04:12,954 [INFO] BlockDiagram:2766 - set Specific Code input for plugin: I2C
2025-12-25 19:04:12,954 [INFO] BlockDiagram:2766 - set Specific Code input for plugin: I2C
2025-12-25 19:04:12,954 [INFO] BlockDiagram:2766 - set Specific Code input for plugin: SDMMC
2025-12-25 19:04:12,954 [INFO] BlockDiagram:2766 - set Specific Code input for plugin: FMC
2025-12-25 19:04:12,954 [INFO] BlockDiagram:2766 - set Specific Code input for plugin: FDCAN
2025-12-25 19:04:12,954 [INFO] BlockDiagram:2766 - set Specific Code input for plugin: QUADSPI
2025-12-25 19:04:12,954 [INFO] BlockDiagram:2766 - set Specific Code input for plugin: MEMORYMAP
2025-12-25 19:04:12,954 [INFO] BlockDiagram:2766 - set Specific Code input for plugin: SYS
2025-12-25 19:04:12,954 [INFO] BlockDiagram:2766 - set Specific Code input for plugin: CRC
2025-12-25 19:04:12,954 [INFO] BlockDiagram:2766 - set Specific Code input for plugin: NVIC
2025-12-25 19:04:12,954 [INFO] BlockDiagram:2766 - set Specific Code input for plugin: DMA2D
2025-12-25 19:04:12,954 [INFO] BlockDiagram:2766 - set Specific Code input for plugin: CORTEX_M7
2025-12-25 19:04:12,954 [INFO] BlockDiagram:2766 - set Specific Code input for plugin: DEBUG
2025-12-25 19:04:12,955 [INFO] BlockDiagram:2766 - set Specific Code input for plugin: GPIO
2025-12-25 19:04:12,957 [INFO] CodeGenerator:896 - code generatio: config db path: C:\ST\STM32CubeIDE_1.17.0\STM32CubeIDE\plugins\com.st.stm32cube.common.mx_6.13.0.202411220809\\db\
2025-12-25 19:04:12,967 [WARN] IP:2251 - ClockDivider not found: check if there is a RefParameter without a condition.
2025-12-25 19:04:12,967 [WARN] IP:2251 - ClockDividerCCU not found: check if there is a RefParameter without a condition.
2025-12-25 19:04:12,967 [WARN] IP:2251 - MinOscClkPeriodsCCU not found: check if there is a RefParameter without a condition.
2025-12-25 19:04:12,967 [WARN] IP:2251 - TimeQuantaPerBitTimeCCU not found: check if there is a RefParameter without a condition.
2025-12-25 19:04:12,967 [WARN] IP:2251 - WatchdogStartValueCCU not found: check if there is a RefParameter without a condition.
2025-12-25 19:04:12,976 [WARN] IP:2251 - LayerIdx_L1 not found: check if there is a RefParameter without a condition.
2025-12-25 19:04:13,125 [INFO] CodeEngine:255 - oldGeneratedFile, C:\Users\kamil\STM32CubeIDE\workspace_1.17.0\STM32H743IIT6-projects\Rower elektryczny\MXTmpFiles\license.tmp_save
2025-12-25 19:04:13,396 [INFO] CodeEngine:279 - Generated code: C:\Users\kamil\STM32CubeIDE\workspace_1.17.0\STM32H743IIT6-projects\Rower elektryczny\MXTmpFiles\license.tmp
2025-12-25 19:04:13,643 [INFO] CodeEngine:255 - oldGeneratedFile, C:\Users\kamil\STM32CubeIDE\workspace_1.17.0\STM32H743IIT6-projects\Rower elektryczny\Core\Src\gpio.c_save
2025-12-25 19:04:13,773 [INFO] CodeEngine:279 - Generated code: C:\Users\kamil\STM32CubeIDE\workspace_1.17.0\STM32H743IIT6-projects\Rower elektryczny\Core\Src\gpio.c
2025-12-25 19:04:13,801 [INFO] CodeEngine:255 - oldGeneratedFile, C:\Users\kamil\STM32CubeIDE\workspace_1.17.0\STM32H743IIT6-projects\Rower elektryczny\Core\Inc\gpio.h_save
2025-12-25 19:04:13,905 [INFO] CodeEngine:279 - Generated code: C:\Users\kamil\STM32CubeIDE\workspace_1.17.0\STM32H743IIT6-projects\Rower elektryczny\Core\Inc\gpio.h
2025-12-25 19:04:14,242 [WARN] IPConfigManager:98 - WARNING: Missing Config File for DEBUG ip!!
2025-12-25 19:04:15,620 [WARN] IPConfigManager:98 - WARNING: Missing Config File for MEMORYMAP ip!!
2025-12-25 19:04:16,292 [INFO] CodeEngine:255 - oldGeneratedFile, C:\Users\kamil\STM32CubeIDE\workspace_1.17.0\STM32H743IIT6-projects\Rower elektryczny\MXTmpFiles\cortex.tmp_save
2025-12-25 19:04:16,376 [INFO] CodeEngine:279 - Generated code: C:\Users\kamil\STM32CubeIDE\workspace_1.17.0\STM32H743IIT6-projects\Rower elektryczny\MXTmpFiles\cortex.tmp
2025-12-25 19:04:16,408 [INFO] CodeEngine:255 - oldGeneratedFile, C:\Users\kamil\STM32CubeIDE\workspace_1.17.0\STM32H743IIT6-projects\Rower elektryczny\Core\Src\crc.c_save
2025-12-25 19:04:16,492 [INFO] CodeEngine:279 - Generated code: C:\Users\kamil\STM32CubeIDE\workspace_1.17.0\STM32H743IIT6-projects\Rower elektryczny\Core\Src\crc.c
2025-12-25 19:04:16,518 [INFO] CodeEngine:255 - oldGeneratedFile, C:\Users\kamil\STM32CubeIDE\workspace_1.17.0\STM32H743IIT6-projects\Rower elektryczny\Core\Inc\crc.h_save
2025-12-25 19:04:16,581 [INFO] CodeEngine:279 - Generated code: C:\Users\kamil\STM32CubeIDE\workspace_1.17.0\STM32H743IIT6-projects\Rower elektryczny\Core\Inc\crc.h
2025-12-25 19:04:16,600 [INFO] CodeEngine:255 - oldGeneratedFile, C:\Users\kamil\STM32CubeIDE\workspace_1.17.0\STM32H743IIT6-projects\Rower elektryczny\Core\Src\dma2d.c_save
2025-12-25 19:04:16,675 [INFO] CodeEngine:279 - Generated code: C:\Users\kamil\STM32CubeIDE\workspace_1.17.0\STM32H743IIT6-projects\Rower elektryczny\Core\Src\dma2d.c
2025-12-25 19:04:16,679 [INFO] CodeEngine:255 - oldGeneratedFile, C:\Users\kamil\STM32CubeIDE\workspace_1.17.0\STM32H743IIT6-projects\Rower elektryczny\Core\Inc\dma2d.h_save
2025-12-25 19:04:16,745 [INFO] CodeEngine:279 - Generated code: C:\Users\kamil\STM32CubeIDE\workspace_1.17.0\STM32H743IIT6-projects\Rower elektryczny\Core\Inc\dma2d.h
2025-12-25 19:04:16,767 [INFO] CodeEngine:255 - oldGeneratedFile, C:\Users\kamil\STM32CubeIDE\workspace_1.17.0\STM32H743IIT6-projects\Rower elektryczny\Core\Src\fdcan.c_save
2025-12-25 19:04:16,856 [INFO] CodeEngine:279 - Generated code: C:\Users\kamil\STM32CubeIDE\workspace_1.17.0\STM32H743IIT6-projects\Rower elektryczny\Core\Src\fdcan.c
2025-12-25 19:04:16,863 [INFO] CodeEngine:255 - oldGeneratedFile, C:\Users\kamil\STM32CubeIDE\workspace_1.17.0\STM32H743IIT6-projects\Rower elektryczny\Core\Inc\fdcan.h_save
2025-12-25 19:04:16,945 [INFO] CodeEngine:279 - Generated code: C:\Users\kamil\STM32CubeIDE\workspace_1.17.0\STM32H743IIT6-projects\Rower elektryczny\Core\Inc\fdcan.h
2025-12-25 19:04:16,978 [INFO] CodeEngine:255 - oldGeneratedFile, C:\Users\kamil\STM32CubeIDE\workspace_1.17.0\STM32H743IIT6-projects\Rower elektryczny\Core\Src\fmc.c_save
2025-12-25 19:04:17,067 [INFO] CodeEngine:279 - Generated code: C:\Users\kamil\STM32CubeIDE\workspace_1.17.0\STM32H743IIT6-projects\Rower elektryczny\Core\Src\fmc.c
2025-12-25 19:04:17,092 [INFO] CodeEngine:255 - oldGeneratedFile, C:\Users\kamil\STM32CubeIDE\workspace_1.17.0\STM32H743IIT6-projects\Rower elektryczny\Core\Inc\fmc.h_save
2025-12-25 19:04:17,164 [INFO] CodeEngine:279 - Generated code: C:\Users\kamil\STM32CubeIDE\workspace_1.17.0\STM32H743IIT6-projects\Rower elektryczny\Core\Inc\fmc.h
2025-12-25 19:04:17,186 [INFO] CodeEngine:255 - oldGeneratedFile, C:\Users\kamil\STM32CubeIDE\workspace_1.17.0\STM32H743IIT6-projects\Rower elektryczny\Core\Src\i2c.c_save
2025-12-25 19:04:17,272 [INFO] CodeEngine:279 - Generated code: C:\Users\kamil\STM32CubeIDE\workspace_1.17.0\STM32H743IIT6-projects\Rower elektryczny\Core\Src\i2c.c
2025-12-25 19:04:17,277 [INFO] CodeEngine:255 - oldGeneratedFile, C:\Users\kamil\STM32CubeIDE\workspace_1.17.0\STM32H743IIT6-projects\Rower elektryczny\Core\Inc\i2c.h_save
2025-12-25 19:04:17,348 [INFO] CodeEngine:279 - Generated code: C:\Users\kamil\STM32CubeIDE\workspace_1.17.0\STM32H743IIT6-projects\Rower elektryczny\Core\Inc\i2c.h
2025-12-25 19:04:17,367 [INFO] CodeEngine:255 - oldGeneratedFile, C:\Users\kamil\STM32CubeIDE\workspace_1.17.0\STM32H743IIT6-projects\Rower elektryczny\Core\Src\ltdc.c_save
2025-12-25 19:04:17,463 [INFO] CodeEngine:279 - Generated code: C:\Users\kamil\STM32CubeIDE\workspace_1.17.0\STM32H743IIT6-projects\Rower elektryczny\Core\Src\ltdc.c
2025-12-25 19:04:17,467 [INFO] CodeEngine:255 - oldGeneratedFile, C:\Users\kamil\STM32CubeIDE\workspace_1.17.0\STM32H743IIT6-projects\Rower elektryczny\Core\Inc\ltdc.h_save
2025-12-25 19:04:17,539 [INFO] CodeEngine:279 - Generated code: C:\Users\kamil\STM32CubeIDE\workspace_1.17.0\STM32H743IIT6-projects\Rower elektryczny\Core\Inc\ltdc.h
2025-12-25 19:04:17,560 [INFO] CodeEngine:255 - oldGeneratedFile, C:\Users\kamil\STM32CubeIDE\workspace_1.17.0\STM32H743IIT6-projects\Rower elektryczny\Core\Src\memorymap.c_save
2025-12-25 19:04:17,652 [INFO] CodeEngine:279 - Generated code: C:\Users\kamil\STM32CubeIDE\workspace_1.17.0\STM32H743IIT6-projects\Rower elektryczny\Core\Src\memorymap.c
2025-12-25 19:04:17,658 [INFO] CodeEngine:255 - oldGeneratedFile, C:\Users\kamil\STM32CubeIDE\workspace_1.17.0\STM32H743IIT6-projects\Rower elektryczny\Core\Inc\memorymap.h_save
2025-12-25 19:04:17,725 [INFO] CodeEngine:279 - Generated code: C:\Users\kamil\STM32CubeIDE\workspace_1.17.0\STM32H743IIT6-projects\Rower elektryczny\Core\Inc\memorymap.h
2025-12-25 19:04:17,750 [INFO] CodeEngine:255 - oldGeneratedFile, C:\Users\kamil\STM32CubeIDE\workspace_1.17.0\STM32H743IIT6-projects\Rower elektryczny\Core\Src\quadspi.c_save
2025-12-25 19:04:17,830 [INFO] CodeEngine:279 - Generated code: C:\Users\kamil\STM32CubeIDE\workspace_1.17.0\STM32H743IIT6-projects\Rower elektryczny\Core\Src\quadspi.c
2025-12-25 19:04:17,835 [INFO] CodeEngine:255 - oldGeneratedFile, C:\Users\kamil\STM32CubeIDE\workspace_1.17.0\STM32H743IIT6-projects\Rower elektryczny\Core\Inc\quadspi.h_save
2025-12-25 19:04:17,897 [INFO] CodeEngine:279 - Generated code: C:\Users\kamil\STM32CubeIDE\workspace_1.17.0\STM32H743IIT6-projects\Rower elektryczny\Core\Inc\quadspi.h
2025-12-25 19:04:17,915 [INFO] CodeEngine:255 - oldGeneratedFile, C:\Users\kamil\STM32CubeIDE\workspace_1.17.0\STM32H743IIT6-projects\Rower elektryczny\Core\Src\sdmmc.c_save
2025-12-25 19:04:17,997 [INFO] CodeEngine:279 - Generated code: C:\Users\kamil\STM32CubeIDE\workspace_1.17.0\STM32H743IIT6-projects\Rower elektryczny\Core\Src\sdmmc.c
2025-12-25 19:04:18,003 [INFO] CodeEngine:255 - oldGeneratedFile, C:\Users\kamil\STM32CubeIDE\workspace_1.17.0\STM32H743IIT6-projects\Rower elektryczny\Core\Inc\sdmmc.h_save
2025-12-25 19:04:18,083 [INFO] CodeEngine:279 - Generated code: C:\Users\kamil\STM32CubeIDE\workspace_1.17.0\STM32H743IIT6-projects\Rower elektryczny\Core\Inc\sdmmc.h
2025-12-25 19:04:18,109 [INFO] CodeEngine:255 - oldGeneratedFile, C:\Users\kamil\STM32CubeIDE\workspace_1.17.0\STM32H743IIT6-projects\Rower elektryczny\Core\Src\stm32h7xx_it.c_save
2025-12-25 19:04:18,249 [INFO] CodeEngine:279 - Generated code: C:\Users\kamil\STM32CubeIDE\workspace_1.17.0\STM32H743IIT6-projects\Rower elektryczny\Core\Src\stm32h7xx_it.c
2025-12-25 19:04:18,256 [INFO] CodeEngine:255 - oldGeneratedFile, C:\Users\kamil\STM32CubeIDE\workspace_1.17.0\STM32H743IIT6-projects\Rower elektryczny\Core\Inc\stm32h7xx_it.h_save
2025-12-25 19:04:18,320 [INFO] CodeEngine:279 - Generated code: C:\Users\kamil\STM32CubeIDE\workspace_1.17.0\STM32H743IIT6-projects\Rower elektryczny\Core\Inc\stm32h7xx_it.h
2025-12-25 19:04:18,569 [INFO] CodeEngine:255 - oldGeneratedFile, C:\Users\kamil\STM32CubeIDE\workspace_1.17.0\STM32H743IIT6-projects\Rower elektryczny\Core\Src\stm32h7xx_hal_msp.c_save
2025-12-25 19:04:18,647 [INFO] CodeEngine:279 - Generated code: C:\Users\kamil\STM32CubeIDE\workspace_1.17.0\STM32H743IIT6-projects\Rower elektryczny\Core\Src\stm32h7xx_hal_msp.c
2025-12-25 19:04:18,652 [INFO] CodeEngine:255 - oldGeneratedFile, C:\Users\kamil\STM32CubeIDE\workspace_1.17.0\STM32H743IIT6-projects\Rower elektryczny\MXTmpFiles\system.tmp_save
2025-12-25 19:04:18,694 [INFO] CodeEngine:279 - Generated code: C:\Users\kamil\STM32CubeIDE\workspace_1.17.0\STM32H743IIT6-projects\Rower elektryczny\MXTmpFiles\system.tmp
2025-12-25 19:04:18,714 [INFO] CodeEngine:311 - oldGeneratedFile, C:\Users\kamil\STM32CubeIDE\workspace_1.17.0\STM32H743IIT6-projects\Rower elektryczny\Core\Inc\stm32h7xx_hal_conf.h_save
2025-12-25 19:04:18,801 [INFO] CodeEngine:335 - Generated code: C:\Users\kamil\STM32CubeIDE\workspace_1.17.0\STM32H743IIT6-projects\Rower elektryczny\Core\Inc\stm32h7xx_hal_conf.h
2025-12-25 19:04:18,838 [INFO] ApiDbMcu:508 - Load IP Config File for CRC
2025-12-25 19:04:18,840 [INFO] ApiDbMcu:508 - Load IP Config File for DMA2D
2025-12-25 19:04:18,846 [INFO] ApiDbMcu:508 - Load IP Config File for FDCAN1
2025-12-25 19:04:18,851 [INFO] ApiDbMcu:508 - Load IP Config File for FMC
2025-12-25 19:04:18,854 [INFO] ApiDbMcu:508 - Load IP Config File for I2C2
2025-12-25 19:04:18,855 [INFO] ApiDbMcu:508 - Load IP Config File for I2C4
2025-12-25 19:04:18,859 [INFO] ApiDbMcu:508 - Load IP Config File for LTDC
2025-12-25 19:04:18,859 [ERROR] ApiDbMcu:464 - Can't load MEMORYMAP-STM32xx root dir null
2025-12-25 19:04:18,859 [ERROR] ApiDbMcu:536 - Cannot parse MEMORYMAP_Config file : file do not exist
2025-12-25 19:04:18,861 [INFO] ApiDbMcu:508 - Load IP Config File for QUADSPI
2025-12-25 19:04:18,862 [INFO] ApiDbMcu:508 - Load IP Config File for SDMMC2
2025-12-25 19:04:18,869 [INFO] ApiDbMcu:508 - Load IP Config File for RCC
2025-12-25 19:04:18,901 [INFO] CodeEngine:255 - oldGeneratedFile, C:\Users\kamil\STM32CubeIDE\workspace_1.17.0\STM32H743IIT6-projects\Rower elektryczny\Core\Inc\main.h_save
2025-12-25 19:04:19,007 [INFO] CodeEngine:279 - Generated code: C:\Users\kamil\STM32CubeIDE\workspace_1.17.0\STM32H743IIT6-projects\Rower elektryczny\Core\Inc\main.h
2025-12-25 19:04:19,024 [INFO] CodeEngine:255 - oldGeneratedFile, C:\Users\kamil\STM32CubeIDE\workspace_1.17.0\STM32H743IIT6-projects\Rower elektryczny\Core\Src\main.c_save
2025-12-25 19:04:19,159 [INFO] CodeEngine:279 - Generated code: C:\Users\kamil\STM32CubeIDE\workspace_1.17.0\STM32H743IIT6-projects\Rower elektryczny\Core\Src\main.c
2025-12-25 19:04:19,776 [INFO] ProjectBuilder:3289 - Time for Copy HAL[1] : 375mS.
2025-12-25 19:04:19,781 [INFO] ProjectBuilder:4876 - Project Generator version: 4.5.0-RC5
2025-12-25 19:04:19,829 [INFO] ConfigFileManager:1579 - The Die is : DIE450
2025-12-25 19:04:19,841 [INFO] ApiDbMcu:508 - Load IP Config File for FATFS
2025-12-25 19:04:19,856 [INFO] ApiDbMcu:508 - Load IP Config File for FREERTOS
2025-12-25 19:04:19,867 [INFO] ApiDbMcu:508 - Load IP Config File for LIBJPEG
2025-12-25 19:04:19,883 [INFO] ApiDbMcu:508 - Load IP Config File for LWIP
2025-12-25 19:04:19,899 [INFO] ApiDbMcu:508 - Load IP Config File for MBEDTLS
2025-12-25 19:04:19,914 [INFO] ApiDbMcu:508 - Load IP Config File for USB_DEVICE
2025-12-25 19:04:19,929 [INFO] ApiDbMcu:508 - Load IP Config File for USB_HOST
2025-12-25 19:04:22,750 [INFO] ProjectBuilder:5154 - Time for Generating toolchain IDE Files: 2969mS.
2025-12-25 19:04:22,751 [INFO] ProjectBuilder:3146 - Time for Copy CMSIS : 0mS.
2025-12-25 19:04:22,757 [INFO] ProjectBuilder:3146 - Time for Copy CMSIS : 0mS.
2025-12-25 19:05:16,918 [INFO] UtilMem:75 - End SaveConfig() Used Memory: 985606000 Bytes (1073741824)
2025-12-25 19:05:17,119 [INFO] BlockDiagram:2766 - set Specific Code input for plugin: LTDC
2025-12-25 19:05:17,119 [INFO] BlockDiagram:2766 - set Specific Code input for plugin: RCC
2025-12-25 19:05:17,119 [INFO] BlockDiagram:2766 - set Specific Code input for plugin: I2C
2025-12-25 19:05:17,120 [INFO] BlockDiagram:2766 - set Specific Code input for plugin: I2C
2025-12-25 19:05:17,120 [INFO] BlockDiagram:2766 - set Specific Code input for plugin: SDMMC
2025-12-25 19:05:17,120 [INFO] BlockDiagram:2766 - set Specific Code input for plugin: FMC
2025-12-25 19:05:17,120 [INFO] BlockDiagram:2766 - set Specific Code input for plugin: FDCAN
2025-12-25 19:05:17,120 [INFO] BlockDiagram:2766 - set Specific Code input for plugin: QUADSPI
2025-12-25 19:05:17,120 [INFO] BlockDiagram:2766 - set Specific Code input for plugin: MEMORYMAP
2025-12-25 19:05:17,120 [INFO] BlockDiagram:2766 - set Specific Code input for plugin: SYS
2025-12-25 19:05:17,120 [INFO] BlockDiagram:2766 - set Specific Code input for plugin: CRC
2025-12-25 19:05:17,120 [INFO] BlockDiagram:2766 - set Specific Code input for plugin: NVIC
2025-12-25 19:05:17,120 [INFO] BlockDiagram:2766 - set Specific Code input for plugin: DMA2D
2025-12-25 19:05:17,120 [INFO] BlockDiagram:2766 - set Specific Code input for plugin: CORTEX_M7
2025-12-25 19:05:17,120 [INFO] BlockDiagram:2766 - set Specific Code input for plugin: DEBUG
2025-12-25 19:05:17,121 [INFO] BlockDiagram:2766 - set Specific Code input for plugin: GPIO
2025-12-25 19:05:17,123 [INFO] CodeGenerator:896 - code generatio: config db path: C:\ST\STM32CubeIDE_1.17.0\STM32CubeIDE\plugins\com.st.stm32cube.common.mx_6.13.0.202411220809\\db\
2025-12-25 19:05:17,142 [WARN] IP:2251 - ClockDivider not found: check if there is a RefParameter without a condition.
2025-12-25 19:05:17,143 [WARN] IP:2251 - ClockDividerCCU not found: check if there is a RefParameter without a condition.
2025-12-25 19:05:17,143 [WARN] IP:2251 - MinOscClkPeriodsCCU not found: check if there is a RefParameter without a condition.
2025-12-25 19:05:17,143 [WARN] IP:2251 - TimeQuantaPerBitTimeCCU not found: check if there is a RefParameter without a condition.
2025-12-25 19:05:17,143 [WARN] IP:2251 - WatchdogStartValueCCU not found: check if there is a RefParameter without a condition.
2025-12-25 19:05:17,157 [WARN] IP:2251 - LayerIdx_L1 not found: check if there is a RefParameter without a condition.
2025-12-25 19:05:17,280 [INFO] CodeEngine:255 - oldGeneratedFile, C:\Users\kamil\STM32CubeIDE\workspace_1.17.0\STM32H743IIT6-projects\Rower elektryczny\MXTmpFiles\license.tmp_save
2025-12-25 19:05:17,373 [INFO] CodeEngine:279 - Generated code: C:\Users\kamil\STM32CubeIDE\workspace_1.17.0\STM32H743IIT6-projects\Rower elektryczny\MXTmpFiles\license.tmp
2025-12-25 19:05:17,588 [INFO] CodeEngine:255 - oldGeneratedFile, C:\Users\kamil\STM32CubeIDE\workspace_1.17.0\STM32H743IIT6-projects\Rower elektryczny\Core\Src\gpio.c_save
2025-12-25 19:05:17,643 [INFO] CodeEngine:279 - Generated code: C:\Users\kamil\STM32CubeIDE\workspace_1.17.0\STM32H743IIT6-projects\Rower elektryczny\Core\Src\gpio.c
2025-12-25 19:05:17,648 [INFO] CodeEngine:255 - oldGeneratedFile, C:\Users\kamil\STM32CubeIDE\workspace_1.17.0\STM32H743IIT6-projects\Rower elektryczny\Core\Inc\gpio.h_save
2025-12-25 19:05:17,697 [INFO] CodeEngine:279 - Generated code: C:\Users\kamil\STM32CubeIDE\workspace_1.17.0\STM32H743IIT6-projects\Rower elektryczny\Core\Inc\gpio.h
2025-12-25 19:05:17,896 [WARN] IPConfigManager:98 - WARNING: Missing Config File for DEBUG ip!!
2025-12-25 19:05:18,755 [WARN] IPConfigManager:98 - WARNING: Missing Config File for MEMORYMAP ip!!
2025-12-25 19:05:19,255 [INFO] CodeEngine:255 - oldGeneratedFile, C:\Users\kamil\STM32CubeIDE\workspace_1.17.0\STM32H743IIT6-projects\Rower elektryczny\MXTmpFiles\cortex.tmp_save
2025-12-25 19:05:19,313 [INFO] CodeEngine:279 - Generated code: C:\Users\kamil\STM32CubeIDE\workspace_1.17.0\STM32H743IIT6-projects\Rower elektryczny\MXTmpFiles\cortex.tmp
2025-12-25 19:05:19,333 [INFO] CodeEngine:255 - oldGeneratedFile, C:\Users\kamil\STM32CubeIDE\workspace_1.17.0\STM32H743IIT6-projects\Rower elektryczny\Core\Src\crc.c_save
2025-12-25 19:05:19,393 [INFO] CodeEngine:279 - Generated code: C:\Users\kamil\STM32CubeIDE\workspace_1.17.0\STM32H743IIT6-projects\Rower elektryczny\Core\Src\crc.c
2025-12-25 19:05:19,398 [INFO] CodeEngine:255 - oldGeneratedFile, C:\Users\kamil\STM32CubeIDE\workspace_1.17.0\STM32H743IIT6-projects\Rower elektryczny\Core\Inc\crc.h_save
2025-12-25 19:05:19,434 [INFO] CodeEngine:279 - Generated code: C:\Users\kamil\STM32CubeIDE\workspace_1.17.0\STM32H743IIT6-projects\Rower elektryczny\Core\Inc\crc.h
2025-12-25 19:05:19,452 [INFO] CodeEngine:255 - oldGeneratedFile, C:\Users\kamil\STM32CubeIDE\workspace_1.17.0\STM32H743IIT6-projects\Rower elektryczny\Core\Src\dma2d.c_save
2025-12-25 19:05:19,500 [INFO] CodeEngine:279 - Generated code: C:\Users\kamil\STM32CubeIDE\workspace_1.17.0\STM32H743IIT6-projects\Rower elektryczny\Core\Src\dma2d.c
2025-12-25 19:05:19,505 [INFO] CodeEngine:255 - oldGeneratedFile, C:\Users\kamil\STM32CubeIDE\workspace_1.17.0\STM32H743IIT6-projects\Rower elektryczny\Core\Inc\dma2d.h_save
2025-12-25 19:05:19,542 [INFO] CodeEngine:279 - Generated code: C:\Users\kamil\STM32CubeIDE\workspace_1.17.0\STM32H743IIT6-projects\Rower elektryczny\Core\Inc\dma2d.h
2025-12-25 19:05:19,559 [INFO] CodeEngine:255 - oldGeneratedFile, C:\Users\kamil\STM32CubeIDE\workspace_1.17.0\STM32H743IIT6-projects\Rower elektryczny\Core\Src\fdcan.c_save
2025-12-25 19:05:19,606 [INFO] CodeEngine:279 - Generated code: C:\Users\kamil\STM32CubeIDE\workspace_1.17.0\STM32H743IIT6-projects\Rower elektryczny\Core\Src\fdcan.c
2025-12-25 19:05:19,611 [INFO] CodeEngine:255 - oldGeneratedFile, C:\Users\kamil\STM32CubeIDE\workspace_1.17.0\STM32H743IIT6-projects\Rower elektryczny\Core\Inc\fdcan.h_save
2025-12-25 19:05:19,646 [INFO] CodeEngine:279 - Generated code: C:\Users\kamil\STM32CubeIDE\workspace_1.17.0\STM32H743IIT6-projects\Rower elektryczny\Core\Inc\fdcan.h
2025-12-25 19:05:19,663 [INFO] CodeEngine:255 - oldGeneratedFile, C:\Users\kamil\STM32CubeIDE\workspace_1.17.0\STM32H743IIT6-projects\Rower elektryczny\Core\Src\fmc.c_save
2025-12-25 19:05:19,738 [INFO] CodeEngine:279 - Generated code: C:\Users\kamil\STM32CubeIDE\workspace_1.17.0\STM32H743IIT6-projects\Rower elektryczny\Core\Src\fmc.c
2025-12-25 19:05:19,743 [INFO] CodeEngine:255 - oldGeneratedFile, C:\Users\kamil\STM32CubeIDE\workspace_1.17.0\STM32H743IIT6-projects\Rower elektryczny\Core\Inc\fmc.h_save
2025-12-25 19:05:19,783 [INFO] CodeEngine:279 - Generated code: C:\Users\kamil\STM32CubeIDE\workspace_1.17.0\STM32H743IIT6-projects\Rower elektryczny\Core\Inc\fmc.h
2025-12-25 19:05:19,803 [INFO] CodeEngine:255 - oldGeneratedFile, C:\Users\kamil\STM32CubeIDE\workspace_1.17.0\STM32H743IIT6-projects\Rower elektryczny\Core\Src\i2c.c_save
2025-12-25 19:05:19,864 [INFO] CodeEngine:279 - Generated code: C:\Users\kamil\STM32CubeIDE\workspace_1.17.0\STM32H743IIT6-projects\Rower elektryczny\Core\Src\i2c.c
2025-12-25 19:05:19,869 [INFO] CodeEngine:255 - oldGeneratedFile, C:\Users\kamil\STM32CubeIDE\workspace_1.17.0\STM32H743IIT6-projects\Rower elektryczny\Core\Inc\i2c.h_save
2025-12-25 19:05:19,905 [INFO] CodeEngine:279 - Generated code: C:\Users\kamil\STM32CubeIDE\workspace_1.17.0\STM32H743IIT6-projects\Rower elektryczny\Core\Inc\i2c.h
2025-12-25 19:05:19,926 [INFO] CodeEngine:255 - oldGeneratedFile, C:\Users\kamil\STM32CubeIDE\workspace_1.17.0\STM32H743IIT6-projects\Rower elektryczny\Core\Src\ltdc.c_save
2025-12-25 19:05:19,977 [INFO] CodeEngine:279 - Generated code: C:\Users\kamil\STM32CubeIDE\workspace_1.17.0\STM32H743IIT6-projects\Rower elektryczny\Core\Src\ltdc.c
2025-12-25 19:05:19,983 [INFO] CodeEngine:255 - oldGeneratedFile, C:\Users\kamil\STM32CubeIDE\workspace_1.17.0\STM32H743IIT6-projects\Rower elektryczny\Core\Inc\ltdc.h_save
2025-12-25 19:05:20,021 [INFO] CodeEngine:279 - Generated code: C:\Users\kamil\STM32CubeIDE\workspace_1.17.0\STM32H743IIT6-projects\Rower elektryczny\Core\Inc\ltdc.h
2025-12-25 19:05:20,039 [INFO] CodeEngine:255 - oldGeneratedFile, C:\Users\kamil\STM32CubeIDE\workspace_1.17.0\STM32H743IIT6-projects\Rower elektryczny\Core\Src\memorymap.c_save
2025-12-25 19:05:20,084 [INFO] CodeEngine:279 - Generated code: C:\Users\kamil\STM32CubeIDE\workspace_1.17.0\STM32H743IIT6-projects\Rower elektryczny\Core\Src\memorymap.c
2025-12-25 19:05:20,089 [INFO] CodeEngine:255 - oldGeneratedFile, C:\Users\kamil\STM32CubeIDE\workspace_1.17.0\STM32H743IIT6-projects\Rower elektryczny\Core\Inc\memorymap.h_save
2025-12-25 19:05:20,133 [INFO] CodeEngine:279 - Generated code: C:\Users\kamil\STM32CubeIDE\workspace_1.17.0\STM32H743IIT6-projects\Rower elektryczny\Core\Inc\memorymap.h
2025-12-25 19:05:20,151 [INFO] CodeEngine:255 - oldGeneratedFile, C:\Users\kamil\STM32CubeIDE\workspace_1.17.0\STM32H743IIT6-projects\Rower elektryczny\Core\Src\quadspi.c_save
2025-12-25 19:05:20,206 [INFO] CodeEngine:279 - Generated code: C:\Users\kamil\STM32CubeIDE\workspace_1.17.0\STM32H743IIT6-projects\Rower elektryczny\Core\Src\quadspi.c
2025-12-25 19:05:20,211 [INFO] CodeEngine:255 - oldGeneratedFile, C:\Users\kamil\STM32CubeIDE\workspace_1.17.0\STM32H743IIT6-projects\Rower elektryczny\Core\Inc\quadspi.h_save
2025-12-25 19:05:20,267 [INFO] CodeEngine:279 - Generated code: C:\Users\kamil\STM32CubeIDE\workspace_1.17.0\STM32H743IIT6-projects\Rower elektryczny\Core\Inc\quadspi.h
2025-12-25 19:05:20,285 [INFO] CodeEngine:255 - oldGeneratedFile, C:\Users\kamil\STM32CubeIDE\workspace_1.17.0\STM32H743IIT6-projects\Rower elektryczny\Core\Src\sdmmc.c_save
2025-12-25 19:05:20,348 [INFO] CodeEngine:279 - Generated code: C:\Users\kamil\STM32CubeIDE\workspace_1.17.0\STM32H743IIT6-projects\Rower elektryczny\Core\Src\sdmmc.c
2025-12-25 19:05:20,352 [INFO] CodeEngine:255 - oldGeneratedFile, C:\Users\kamil\STM32CubeIDE\workspace_1.17.0\STM32H743IIT6-projects\Rower elektryczny\Core\Inc\sdmmc.h_save
2025-12-25 19:05:20,394 [INFO] CodeEngine:279 - Generated code: C:\Users\kamil\STM32CubeIDE\workspace_1.17.0\STM32H743IIT6-projects\Rower elektryczny\Core\Inc\sdmmc.h
2025-12-25 19:05:20,423 [INFO] CodeEngine:255 - oldGeneratedFile, C:\Users\kamil\STM32CubeIDE\workspace_1.17.0\STM32H743IIT6-projects\Rower elektryczny\Core\Src\stm32h7xx_it.c_save
2025-12-25 19:05:20,479 [INFO] CodeEngine:279 - Generated code: C:\Users\kamil\STM32CubeIDE\workspace_1.17.0\STM32H743IIT6-projects\Rower elektryczny\Core\Src\stm32h7xx_it.c
2025-12-25 19:05:20,485 [INFO] CodeEngine:255 - oldGeneratedFile, C:\Users\kamil\STM32CubeIDE\workspace_1.17.0\STM32H743IIT6-projects\Rower elektryczny\Core\Inc\stm32h7xx_it.h_save
2025-12-25 19:05:20,521 [INFO] CodeEngine:279 - Generated code: C:\Users\kamil\STM32CubeIDE\workspace_1.17.0\STM32H743IIT6-projects\Rower elektryczny\Core\Inc\stm32h7xx_it.h
2025-12-25 19:05:20,763 [INFO] CodeEngine:255 - oldGeneratedFile, C:\Users\kamil\STM32CubeIDE\workspace_1.17.0\STM32H743IIT6-projects\Rower elektryczny\Core\Src\stm32h7xx_hal_msp.c_save
2025-12-25 19:05:20,831 [INFO] CodeEngine:279 - Generated code: C:\Users\kamil\STM32CubeIDE\workspace_1.17.0\STM32H743IIT6-projects\Rower elektryczny\Core\Src\stm32h7xx_hal_msp.c
2025-12-25 19:05:20,835 [INFO] CodeEngine:255 - oldGeneratedFile, C:\Users\kamil\STM32CubeIDE\workspace_1.17.0\STM32H743IIT6-projects\Rower elektryczny\MXTmpFiles\system.tmp_save
2025-12-25 19:05:20,880 [INFO] CodeEngine:279 - Generated code: C:\Users\kamil\STM32CubeIDE\workspace_1.17.0\STM32H743IIT6-projects\Rower elektryczny\MXTmpFiles\system.tmp
2025-12-25 19:05:20,904 [INFO] CodeEngine:311 - oldGeneratedFile, C:\Users\kamil\STM32CubeIDE\workspace_1.17.0\STM32H743IIT6-projects\Rower elektryczny\Core\Inc\stm32h7xx_hal_conf.h_save
2025-12-25 19:05:20,982 [INFO] CodeEngine:335 - Generated code: C:\Users\kamil\STM32CubeIDE\workspace_1.17.0\STM32H743IIT6-projects\Rower elektryczny\Core\Inc\stm32h7xx_hal_conf.h
2025-12-25 19:05:21,014 [ERROR] ApiDbMcu:464 - Can't load MEMORYMAP-STM32xx root dir null
2025-12-25 19:05:21,015 [ERROR] ApiDbMcu:536 - Cannot parse MEMORYMAP_Config file : file do not exist
2025-12-25 19:05:21,033 [INFO] CodeEngine:255 - oldGeneratedFile, C:\Users\kamil\STM32CubeIDE\workspace_1.17.0\STM32H743IIT6-projects\Rower elektryczny\Core\Inc\main.h_save
2025-12-25 19:05:21,080 [INFO] CodeEngine:279 - Generated code: C:\Users\kamil\STM32CubeIDE\workspace_1.17.0\STM32H743IIT6-projects\Rower elektryczny\Core\Inc\main.h
2025-12-25 19:05:21,093 [INFO] CodeEngine:255 - oldGeneratedFile, C:\Users\kamil\STM32CubeIDE\workspace_1.17.0\STM32H743IIT6-projects\Rower elektryczny\Core\Src\main.c_save
2025-12-25 19:05:21,173 [INFO] CodeEngine:279 - Generated code: C:\Users\kamil\STM32CubeIDE\workspace_1.17.0\STM32H743IIT6-projects\Rower elektryczny\Core\Src\main.c
2025-12-25 19:05:21,457 [INFO] ProjectBuilder:3289 - Time for Copy HAL[1] : 193mS.
2025-12-25 19:05:21,462 [INFO] ProjectBuilder:4876 - Project Generator version: 4.5.0-RC5
2025-12-25 19:05:21,503 [INFO] ConfigFileManager:1579 - The Die is : DIE450
2025-12-25 19:05:22,427 [INFO] ProjectBuilder:5154 - Time for Generating toolchain IDE Files: 965mS.
2025-12-25 19:05:22,428 [INFO] ProjectBuilder:3146 - Time for Copy CMSIS : 0mS.
2025-12-25 19:05:22,433 [INFO] ProjectBuilder:3146 - Time for Copy CMSIS : 0mS.
2025-12-25 19:51:16,384 [WARN] IP:2251 - ClockDivider not found: check if there is a RefParameter without a condition.
2025-12-25 19:51:16,385 [WARN] IP:2251 - ClockDividerCCU not found: check if there is a RefParameter without a condition.
2025-12-25 19:51:16,386 [WARN] IP:2251 - MinOscClkPeriodsCCU not found: check if there is a RefParameter without a condition.
2025-12-25 19:51:16,386 [WARN] IP:2251 - TimeQuantaPerBitTimeCCU not found: check if there is a RefParameter without a condition.
2025-12-25 19:51:16,386 [WARN] IP:2251 - WatchdogStartValueCCU not found: check if there is a RefParameter without a condition.
2025-12-25 19:51:16,516 [INFO] NvicIntPanel:101 - NVIC parent = com.st.microxplorer.plugins.ip.nvic.MultiNvicIntPanel[,0,0,0x0,invalid,layout=javax.swing.BoxLayout,alignmentX=0.0,alignmentY=0.0,border=,flags=9,maximumSize=,minimumSize=,preferredSize=]
2025-12-25 19:51:29,850 [INFO] UtilMem:75 - End SaveConfig() Used Memory: 1014932416 Bytes (1073741824)
2025-12-25 19:51:31,987 [INFO] UtilMem:75 - End SaveConfig() Used Memory: 982459304 Bytes (1073741824)
2025-12-25 19:51:32,252 [INFO] BlockDiagram:2766 - set Specific Code input for plugin: LTDC
2025-12-25 19:51:32,254 [INFO] BlockDiagram:2766 - set Specific Code input for plugin: RCC
2025-12-25 19:51:32,254 [INFO] BlockDiagram:2766 - set Specific Code input for plugin: I2C
2025-12-25 19:51:32,254 [INFO] BlockDiagram:2766 - set Specific Code input for plugin: I2C
2025-12-25 19:51:32,254 [INFO] BlockDiagram:2766 - set Specific Code input for plugin: FMC
2025-12-25 19:51:32,254 [INFO] BlockDiagram:2766 - set Specific Code input for plugin: FDCAN
2025-12-25 19:51:32,254 [INFO] BlockDiagram:2766 - set Specific Code input for plugin: QUADSPI
2025-12-25 19:51:32,254 [INFO] BlockDiagram:2766 - set Specific Code input for plugin: MEMORYMAP
2025-12-25 19:51:32,255 [INFO] BlockDiagram:2766 - set Specific Code input for plugin: SYS
2025-12-25 19:51:32,255 [INFO] BlockDiagram:2766 - set Specific Code input for plugin: CRC
2025-12-25 19:51:32,255 [INFO] BlockDiagram:2766 - set Specific Code input for plugin: NVIC
2025-12-25 19:51:32,255 [INFO] BlockDiagram:2766 - set Specific Code input for plugin: DMA2D
2025-12-25 19:51:32,255 [INFO] BlockDiagram:2766 - set Specific Code input for plugin: CORTEX_M7
2025-12-25 19:51:32,255 [INFO] BlockDiagram:2766 - set Specific Code input for plugin: DEBUG
2025-12-25 19:51:32,256 [INFO] BlockDiagram:2766 - set Specific Code input for plugin: GPIO
2025-12-25 19:51:32,257 [INFO] CodeGenerator:896 - code generatio: config db path: C:\ST\STM32CubeIDE_1.17.0\STM32CubeIDE\plugins\com.st.stm32cube.common.mx_6.13.0.202411220809\\db\
2025-12-25 19:51:32,271 [WARN] IP:2251 - ClockDivider not found: check if there is a RefParameter without a condition.
2025-12-25 19:51:32,272 [WARN] IP:2251 - ClockDividerCCU not found: check if there is a RefParameter without a condition.
2025-12-25 19:51:32,272 [WARN] IP:2251 - MinOscClkPeriodsCCU not found: check if there is a RefParameter without a condition.
2025-12-25 19:51:32,272 [WARN] IP:2251 - TimeQuantaPerBitTimeCCU not found: check if there is a RefParameter without a condition.
2025-12-25 19:51:32,273 [WARN] IP:2251 - WatchdogStartValueCCU not found: check if there is a RefParameter without a condition.
2025-12-25 19:51:32,286 [WARN] IP:2251 - LayerIdx_L1 not found: check if there is a RefParameter without a condition.
2025-12-25 19:51:32,417 [INFO] CodeEngine:255 - oldGeneratedFile, C:\Users\kamil\STM32CubeIDE\workspace_1.17.0\STM32H743IIT6-projects\Rower elektryczny\MXTmpFiles\license.tmp_save
2025-12-25 19:51:32,670 [INFO] CodeEngine:279 - Generated code: C:\Users\kamil\STM32CubeIDE\workspace_1.17.0\STM32H743IIT6-projects\Rower elektryczny\MXTmpFiles\license.tmp
2025-12-25 19:51:32,872 [INFO] CodeEngine:255 - oldGeneratedFile, C:\Users\kamil\STM32CubeIDE\workspace_1.17.0\STM32H743IIT6-projects\Rower elektryczny\Core\Src\gpio.c_save
2025-12-25 19:51:32,999 [INFO] CodeEngine:279 - Generated code: C:\Users\kamil\STM32CubeIDE\workspace_1.17.0\STM32H743IIT6-projects\Rower elektryczny\Core\Src\gpio.c
2025-12-25 19:51:33,007 [INFO] CodeEngine:255 - oldGeneratedFile, C:\Users\kamil\STM32CubeIDE\workspace_1.17.0\STM32H743IIT6-projects\Rower elektryczny\Core\Inc\gpio.h_save
2025-12-25 19:51:33,088 [INFO] CodeEngine:279 - Generated code: C:\Users\kamil\STM32CubeIDE\workspace_1.17.0\STM32H743IIT6-projects\Rower elektryczny\Core\Inc\gpio.h
2025-12-25 19:51:33,318 [WARN] IPConfigManager:98 - WARNING: Missing Config File for DEBUG ip!!
2025-12-25 19:51:34,309 [WARN] IPConfigManager:98 - WARNING: Missing Config File for MEMORYMAP ip!!
2025-12-25 19:51:34,771 [INFO] CodeEngine:255 - oldGeneratedFile, C:\Users\kamil\STM32CubeIDE\workspace_1.17.0\STM32H743IIT6-projects\Rower elektryczny\MXTmpFiles\cortex.tmp_save
2025-12-25 19:51:34,849 [INFO] CodeEngine:279 - Generated code: C:\Users\kamil\STM32CubeIDE\workspace_1.17.0\STM32H743IIT6-projects\Rower elektryczny\MXTmpFiles\cortex.tmp
2025-12-25 19:51:34,872 [INFO] CodeEngine:255 - oldGeneratedFile, C:\Users\kamil\STM32CubeIDE\workspace_1.17.0\STM32H743IIT6-projects\Rower elektryczny\Core\Src\crc.c_save
2025-12-25 19:51:34,940 [INFO] CodeEngine:279 - Generated code: C:\Users\kamil\STM32CubeIDE\workspace_1.17.0\STM32H743IIT6-projects\Rower elektryczny\Core\Src\crc.c
2025-12-25 19:51:34,947 [INFO] CodeEngine:255 - oldGeneratedFile, C:\Users\kamil\STM32CubeIDE\workspace_1.17.0\STM32H743IIT6-projects\Rower elektryczny\Core\Inc\crc.h_save
2025-12-25 19:51:34,994 [INFO] CodeEngine:279 - Generated code: C:\Users\kamil\STM32CubeIDE\workspace_1.17.0\STM32H743IIT6-projects\Rower elektryczny\Core\Inc\crc.h
2025-12-25 19:51:35,023 [INFO] CodeEngine:255 - oldGeneratedFile, C:\Users\kamil\STM32CubeIDE\workspace_1.17.0\STM32H743IIT6-projects\Rower elektryczny\Core\Src\dma2d.c_save
2025-12-25 19:51:35,091 [INFO] CodeEngine:279 - Generated code: C:\Users\kamil\STM32CubeIDE\workspace_1.17.0\STM32H743IIT6-projects\Rower elektryczny\Core\Src\dma2d.c
2025-12-25 19:51:35,097 [INFO] CodeEngine:255 - oldGeneratedFile, C:\Users\kamil\STM32CubeIDE\workspace_1.17.0\STM32H743IIT6-projects\Rower elektryczny\Core\Inc\dma2d.h_save
2025-12-25 19:51:35,137 [INFO] CodeEngine:279 - Generated code: C:\Users\kamil\STM32CubeIDE\workspace_1.17.0\STM32H743IIT6-projects\Rower elektryczny\Core\Inc\dma2d.h
2025-12-25 19:51:35,161 [INFO] CodeEngine:255 - oldGeneratedFile, C:\Users\kamil\STM32CubeIDE\workspace_1.17.0\STM32H743IIT6-projects\Rower elektryczny\Core\Src\fdcan.c_save
2025-12-25 19:51:35,253 [INFO] CodeEngine:279 - Generated code: C:\Users\kamil\STM32CubeIDE\workspace_1.17.0\STM32H743IIT6-projects\Rower elektryczny\Core\Src\fdcan.c
2025-12-25 19:51:35,260 [INFO] CodeEngine:255 - oldGeneratedFile, C:\Users\kamil\STM32CubeIDE\workspace_1.17.0\STM32H743IIT6-projects\Rower elektryczny\Core\Inc\fdcan.h_save
2025-12-25 19:51:35,304 [INFO] CodeEngine:279 - Generated code: C:\Users\kamil\STM32CubeIDE\workspace_1.17.0\STM32H743IIT6-projects\Rower elektryczny\Core\Inc\fdcan.h
2025-12-25 19:51:35,329 [INFO] CodeEngine:255 - oldGeneratedFile, C:\Users\kamil\STM32CubeIDE\workspace_1.17.0\STM32H743IIT6-projects\Rower elektryczny\Core\Src\fmc.c_save
2025-12-25 19:51:35,412 [INFO] CodeEngine:279 - Generated code: C:\Users\kamil\STM32CubeIDE\workspace_1.17.0\STM32H743IIT6-projects\Rower elektryczny\Core\Src\fmc.c
2025-12-25 19:51:35,429 [INFO] CodeEngine:255 - oldGeneratedFile, C:\Users\kamil\STM32CubeIDE\workspace_1.17.0\STM32H743IIT6-projects\Rower elektryczny\Core\Inc\fmc.h_save
2025-12-25 19:51:35,470 [INFO] CodeEngine:279 - Generated code: C:\Users\kamil\STM32CubeIDE\workspace_1.17.0\STM32H743IIT6-projects\Rower elektryczny\Core\Inc\fmc.h
2025-12-25 19:51:35,496 [INFO] CodeEngine:255 - oldGeneratedFile, C:\Users\kamil\STM32CubeIDE\workspace_1.17.0\STM32H743IIT6-projects\Rower elektryczny\Core\Src\i2c.c_save
2025-12-25 19:51:35,568 [INFO] CodeEngine:279 - Generated code: C:\Users\kamil\STM32CubeIDE\workspace_1.17.0\STM32H743IIT6-projects\Rower elektryczny\Core\Src\i2c.c
2025-12-25 19:51:35,573 [INFO] CodeEngine:255 - oldGeneratedFile, C:\Users\kamil\STM32CubeIDE\workspace_1.17.0\STM32H743IIT6-projects\Rower elektryczny\Core\Inc\i2c.h_save
2025-12-25 19:51:35,612 [INFO] CodeEngine:279 - Generated code: C:\Users\kamil\STM32CubeIDE\workspace_1.17.0\STM32H743IIT6-projects\Rower elektryczny\Core\Inc\i2c.h
2025-12-25 19:51:35,633 [INFO] CodeEngine:255 - oldGeneratedFile, C:\Users\kamil\STM32CubeIDE\workspace_1.17.0\STM32H743IIT6-projects\Rower elektryczny\Core\Src\ltdc.c_save
2025-12-25 19:51:35,694 [INFO] CodeEngine:279 - Generated code: C:\Users\kamil\STM32CubeIDE\workspace_1.17.0\STM32H743IIT6-projects\Rower elektryczny\Core\Src\ltdc.c
2025-12-25 19:51:35,699 [INFO] CodeEngine:255 - oldGeneratedFile, C:\Users\kamil\STM32CubeIDE\workspace_1.17.0\STM32H743IIT6-projects\Rower elektryczny\Core\Inc\ltdc.h_save
2025-12-25 19:51:35,738 [INFO] CodeEngine:279 - Generated code: C:\Users\kamil\STM32CubeIDE\workspace_1.17.0\STM32H743IIT6-projects\Rower elektryczny\Core\Inc\ltdc.h
2025-12-25 19:51:35,762 [INFO] CodeEngine:255 - oldGeneratedFile, C:\Users\kamil\STM32CubeIDE\workspace_1.17.0\STM32H743IIT6-projects\Rower elektryczny\Core\Src\memorymap.c_save
2025-12-25 19:51:35,825 [INFO] CodeEngine:279 - Generated code: C:\Users\kamil\STM32CubeIDE\workspace_1.17.0\STM32H743IIT6-projects\Rower elektryczny\Core\Src\memorymap.c
2025-12-25 19:51:35,831 [INFO] CodeEngine:255 - oldGeneratedFile, C:\Users\kamil\STM32CubeIDE\workspace_1.17.0\STM32H743IIT6-projects\Rower elektryczny\Core\Inc\memorymap.h_save
2025-12-25 19:51:35,879 [INFO] CodeEngine:279 - Generated code: C:\Users\kamil\STM32CubeIDE\workspace_1.17.0\STM32H743IIT6-projects\Rower elektryczny\Core\Inc\memorymap.h
2025-12-25 19:51:35,905 [INFO] CodeEngine:255 - oldGeneratedFile, C:\Users\kamil\STM32CubeIDE\workspace_1.17.0\STM32H743IIT6-projects\Rower elektryczny\Core\Src\quadspi.c_save
2025-12-25 19:51:35,961 [INFO] CodeEngine:279 - Generated code: C:\Users\kamil\STM32CubeIDE\workspace_1.17.0\STM32H743IIT6-projects\Rower elektryczny\Core\Src\quadspi.c
2025-12-25 19:51:35,967 [INFO] CodeEngine:255 - oldGeneratedFile, C:\Users\kamil\STM32CubeIDE\workspace_1.17.0\STM32H743IIT6-projects\Rower elektryczny\Core\Inc\quadspi.h_save
2025-12-25 19:51:36,016 [INFO] CodeEngine:279 - Generated code: C:\Users\kamil\STM32CubeIDE\workspace_1.17.0\STM32H743IIT6-projects\Rower elektryczny\Core\Inc\quadspi.h
2025-12-25 19:51:36,053 [INFO] CodeEngine:255 - oldGeneratedFile, C:\Users\kamil\STM32CubeIDE\workspace_1.17.0\STM32H743IIT6-projects\Rower elektryczny\Core\Src\stm32h7xx_it.c_save
2025-12-25 19:51:36,228 [INFO] CodeEngine:279 - Generated code: C:\Users\kamil\STM32CubeIDE\workspace_1.17.0\STM32H743IIT6-projects\Rower elektryczny\Core\Src\stm32h7xx_it.c
2025-12-25 19:51:36,250 [INFO] CodeEngine:255 - oldGeneratedFile, C:\Users\kamil\STM32CubeIDE\workspace_1.17.0\STM32H743IIT6-projects\Rower elektryczny\Core\Inc\stm32h7xx_it.h_save
2025-12-25 19:51:36,336 [INFO] CodeEngine:279 - Generated code: C:\Users\kamil\STM32CubeIDE\workspace_1.17.0\STM32H743IIT6-projects\Rower elektryczny\Core\Inc\stm32h7xx_it.h
2025-12-25 19:51:36,642 [INFO] CodeEngine:255 - oldGeneratedFile, C:\Users\kamil\STM32CubeIDE\workspace_1.17.0\STM32H743IIT6-projects\Rower elektryczny\Core\Src\stm32h7xx_hal_msp.c_save
2025-12-25 19:51:36,703 [INFO] CodeEngine:279 - Generated code: C:\Users\kamil\STM32CubeIDE\workspace_1.17.0\STM32H743IIT6-projects\Rower elektryczny\Core\Src\stm32h7xx_hal_msp.c
2025-12-25 19:51:36,708 [INFO] CodeEngine:255 - oldGeneratedFile, C:\Users\kamil\STM32CubeIDE\workspace_1.17.0\STM32H743IIT6-projects\Rower elektryczny\MXTmpFiles\system.tmp_save
2025-12-25 19:51:36,749 [INFO] CodeEngine:279 - Generated code: C:\Users\kamil\STM32CubeIDE\workspace_1.17.0\STM32H743IIT6-projects\Rower elektryczny\MXTmpFiles\system.tmp
2025-12-25 19:51:36,771 [INFO] CodeEngine:311 - oldGeneratedFile, C:\Users\kamil\STM32CubeIDE\workspace_1.17.0\STM32H743IIT6-projects\Rower elektryczny\Core\Inc\stm32h7xx_hal_conf.h_save
2025-12-25 19:51:36,847 [INFO] CodeEngine:335 - Generated code: C:\Users\kamil\STM32CubeIDE\workspace_1.17.0\STM32H743IIT6-projects\Rower elektryczny\Core\Inc\stm32h7xx_hal_conf.h
2025-12-25 19:51:36,888 [ERROR] ApiDbMcu:464 - Can't load MEMORYMAP-STM32xx root dir null
2025-12-25 19:51:36,888 [ERROR] ApiDbMcu:536 - Cannot parse MEMORYMAP_Config file : file do not exist
2025-12-25 19:51:36,907 [INFO] CodeEngine:255 - oldGeneratedFile, C:\Users\kamil\STM32CubeIDE\workspace_1.17.0\STM32H743IIT6-projects\Rower elektryczny\Core\Inc\main.h_save
2025-12-25 19:51:36,983 [INFO] CodeEngine:279 - Generated code: C:\Users\kamil\STM32CubeIDE\workspace_1.17.0\STM32H743IIT6-projects\Rower elektryczny\Core\Inc\main.h
2025-12-25 19:51:36,997 [INFO] CodeEngine:255 - oldGeneratedFile, C:\Users\kamil\STM32CubeIDE\workspace_1.17.0\STM32H743IIT6-projects\Rower elektryczny\Core\Src\main.c_save
2025-12-25 19:51:37,085 [INFO] CodeEngine:279 - Generated code: C:\Users\kamil\STM32CubeIDE\workspace_1.17.0\STM32H743IIT6-projects\Rower elektryczny\Core\Src\main.c
2025-12-25 19:51:37,446 [INFO] ProjectBuilder:3289 - Time for Copy HAL[1] : 257mS.
2025-12-25 19:51:37,450 [INFO] ProjectBuilder:4876 - Project Generator version: 4.5.0-RC5
2025-12-25 19:51:37,497 [INFO] ConfigFileManager:1579 - The Die is : DIE450
2025-12-25 19:51:38,745 [INFO] ProjectBuilder:5154 - Time for Generating toolchain IDE Files: 1295mS.
2025-12-25 19:51:38,746 [INFO] ProjectBuilder:3146 - Time for Copy CMSIS : 1mS.
2025-12-25 19:51:38,750 [INFO] ProjectBuilder:3146 - Time for Copy CMSIS : 0mS.
2025-12-25 19:56:20,091 [ERROR] LogOutputStream:75 - [STDERR_REDIRECT] 
