2025-12-22 00:24:54,307 [INFO] Activator:176 - 


2025-12-22 00:24:54,310 [INFO] Activator:177 - !SESSION log4j initialized
2025-12-22 00:24:59,720 [INFO] LogOutputStream:77 - [STDOUT_REDIRECT] 
2025-12-22 00:25:00,701 [INFO] ApplicationProperties:184 - Using Application install path: C:\ST\STM32CubeIDE_1.17.0\STM32CubeIDE\plugins\com.st.stm32cube.common.mx_6.13.0.202411220809
2025-12-22 00:25:00,726 [INFO] DbMcusXml:78 - Set database path to: C:\ST\STM32CubeIDE_1.17.0\STM32CubeIDE\plugins\com.st.stm32cube.common.mx_6.13.0.202411220809\\db\/mcu/
2025-12-22 00:25:00,727 [INFO] ApiDb:274 - Set plugin database path to: C:\ST\STM32CubeIDE_1.17.0\STM32CubeIDE\plugins\com.st.stm32cube.common.mx_6.13.0.202411220809\\db\/plugins/boardmanager/
2025-12-22 00:25:00,728 [WARN] ApiDb:259 - Overriding images path with different value:  => C:\ST\STM32CubeIDE_1.17.0\STM32CubeIDE\plugins\com.st.stm32cube.common.mx_6.13.0.202411220809\\db\/plugins/mcufinder/images/
2025-12-22 00:25:00,740 [INFO] ApiDb:250 - Set database path to: C:\Users\kamil\.stmcufinder\plugins\mcufinder//mcu/
2025-12-22 00:25:00,742 [INFO] DbMcusAds:125 - Set database path to: C:\Users\kamil\.stmcufinder\plugins\mcufinder//mcu/
2025-12-22 00:25:00,746 [INFO] CrossReferenceDbSqlite:203 - Set database path to: C:\Users\kamil\.stmcufinder\plugins\mcufinder//mcu/cs/
2025-12-22 00:25:00,890 [INFO] RulesReader:64 - Compatibility file has been processed (297 Rules)
2025-12-22 00:25:00,998 [INFO] DbMcusXml:78 - Set database path to: C:\ST\STM32CubeIDE_1.17.0\STM32CubeIDE\plugins\com.st.stm32cube.common.mx_6.13.0.202411220809\\db\/mcu/
2025-12-22 00:25:00,998 [INFO] ApiDb:274 - Set plugin database path to: C:\ST\STM32CubeIDE_1.17.0\STM32CubeIDE\plugins\com.st.stm32cube.common.mx_6.13.0.202411220809\\db\/plugins/boardmanager/
2025-12-22 00:25:00,998 [INFO] ApiDb:261 - Set plugin images path to: C:\ST\STM32CubeIDE_1.17.0\STM32CubeIDE\plugins\com.st.stm32cube.common.mx_6.13.0.202411220809\\db\/plugins/mcufinder/images/
2025-12-22 00:25:00,999 [WARN] DbFile:41 - Overriding database path with different value: C:\Users\kamil\.stmcufinder\plugins\mcufinder/ => C:\Users\kamil\.stmcufinder\plugins\mcufinder
2025-12-22 00:25:00,999 [INFO] ApiDb:250 - Set database path to: C:\Users\kamil\.stmcufinder\plugins\mcufinder//mcu/
2025-12-22 00:25:00,999 [WARN] DbFile:41 - Overriding database path with different value: C:\Users\kamil\.stmcufinder\plugins\mcufinder/ => C:\Users\kamil\.stmcufinder\plugins\mcufinder
2025-12-22 00:25:00,999 [INFO] DbMcusAds:125 - Set database path to: C:\Users\kamil\.stmcufinder\plugins\mcufinder//mcu/
2025-12-22 00:25:00,999 [WARN] DbFile:41 - Overriding database path with different value: C:\Users\kamil\.stmcufinder\plugins\mcufinder/ => C:\Users\kamil\.stmcufinder\plugins\mcufinder
2025-12-22 00:25:00,999 [WARN] DbFile:41 - Overriding database path with different value: C:\Users\kamil\.stmcufinder\plugins\mcufinder/ => C:\Users\kamil\.stmcufinder\plugins\mcufinder
2025-12-22 00:25:00,999 [INFO] CrossReferenceDbSqlite:203 - Set database path to: C:\Users\kamil\.stmcufinder\plugins\mcufinder//mcu/cs/
2025-12-22 00:25:01,093 [INFO] MainPanel:272 - HeapMemory: 268435456
2025-12-22 00:25:01,225 [INFO] DbMcusXml:78 - Set database path to: C:\ST\STM32CubeIDE_1.17.0\STM32CubeIDE\plugins\com.st.stm32cube.common.mx_6.13.0.202411220809\\db\/mcu/
2025-12-22 00:25:01,225 [INFO] ApiDb:274 - Set plugin database path to: C:\ST\STM32CubeIDE_1.17.0\STM32CubeIDE\plugins\com.st.stm32cube.common.mx_6.13.0.202411220809\\db\/plugins/boardmanager/
2025-12-22 00:25:01,226 [INFO] ApiDb:261 - Set plugin images path to: C:\ST\STM32CubeIDE_1.17.0\STM32CubeIDE\plugins\com.st.stm32cube.common.mx_6.13.0.202411220809\\db\/plugins/mcufinder/images/
2025-12-22 00:25:01,227 [WARN] DbFile:41 - Overriding database path with different value: C:\Users\kamil\.stmcufinder\plugins\mcufinder/ => C:\Users\kamil\.stmcufinder\plugins\mcufinder
2025-12-22 00:25:01,227 [INFO] ApiDb:250 - Set database path to: C:\Users\kamil\.stmcufinder\plugins\mcufinder//mcu/
2025-12-22 00:25:01,227 [WARN] DbFile:41 - Overriding database path with different value: C:\Users\kamil\.stmcufinder\plugins\mcufinder/ => C:\Users\kamil\.stmcufinder\plugins\mcufinder
2025-12-22 00:25:01,227 [INFO] DbMcusAds:125 - Set database path to: C:\Users\kamil\.stmcufinder\plugins\mcufinder//mcu/
2025-12-22 00:25:01,227 [WARN] DbFile:41 - Overriding database path with different value: C:\Users\kamil\.stmcufinder\plugins\mcufinder/ => C:\Users\kamil\.stmcufinder\plugins\mcufinder
2025-12-22 00:25:01,227 [WARN] DbFile:41 - Overriding database path with different value: C:\Users\kamil\.stmcufinder\plugins\mcufinder/ => C:\Users\kamil\.stmcufinder\plugins\mcufinder
2025-12-22 00:25:01,227 [INFO] CrossReferenceDbSqlite:203 - Set database path to: C:\Users\kamil\.stmcufinder\plugins\mcufinder//mcu/cs/
2025-12-22 00:25:01,257 [INFO] ApplicationProperties:184 - Using Application install path: C:\ST\STM32CubeIDE_1.17.0\STM32CubeIDE\plugins\com.st.stm32cube.common.mx_6.13.0.202411220809
2025-12-22 00:25:01,259 [INFO] PluginManage:196 - Search for loadable plugins [exclusion list=, ]
2025-12-22 00:25:01,262 [INFO] PluginManage:310 - Check plugin analytics
2025-12-22 00:25:01,467 [INFO] AnalyticsPlugin:253 - Accepted Software Licenses: 
2025-12-22 00:25:01,467 [INFO] AnalyticsPlugin:255 - Accepted CMSIS Pack Licenses: 
2025-12-22 00:25:01,467 [INFO] AnalyticsPlugin:257 - Accepted Firmware Licenses: FW.F7.1.17.0,FW.H7.1.12.0
2025-12-22 00:25:01,470 [INFO] PluginManage:359 - Loaded plugin analytics (category:tool,tabindex:-1)
2025-12-22 00:25:01,470 [INFO] PluginManage:310 - Check plugin cadmodel
2025-12-22 00:25:01,474 [INFO] CADModel:105 - Init CAD model plugin
2025-12-22 00:25:01,474 [INFO] PluginManage:359 - Loaded plugin cadmodel (category:power,tabindex:5)
2025-12-22 00:25:01,474 [INFO] PluginManage:310 - Check plugin clock
2025-12-22 00:25:01,481 [INFO] PluginManage:359 - Loaded plugin clock (category:base,tabindex:2)
2025-12-22 00:25:01,482 [INFO] PluginManage:310 - Check plugin ddr
2025-12-22 00:25:01,484 [INFO] PluginManage:359 - Loaded plugin ddr (category:tool,tabindex:6)
2025-12-22 00:25:01,484 [INFO] PluginManage:310 - Check plugin filemanager
2025-12-22 00:25:01,613 [INFO] PluginManage:359 - Loaded plugin filemanager (category:base,tabindex:10)
2025-12-22 00:25:01,613 [INFO] PluginManage:310 - Check plugin ipmanager
2025-12-22 00:25:01,621 [INFO] PluginManage:359 - Loaded plugin ipmanager (category:base,tabindex:5)
2025-12-22 00:25:01,621 [INFO] PluginManage:310 - Check plugin lpbam
2025-12-22 00:25:01,628 [INFO] PluginManage:359 - Loaded plugin lpbam (category:base,tabindex:0)
2025-12-22 00:25:01,628 [INFO] PluginManage:310 - Check plugin memorymap
2025-12-22 00:25:01,646 [INFO] PluginManage:359 - Loaded plugin memorymap (category:base,tabindex:4)
2025-12-22 00:25:01,646 [INFO] PluginManage:310 - Check plugin pinoutandconfiguration
2025-12-22 00:25:01,654 [INFO] PluginManage:359 - Loaded plugin pinoutandconfiguration (category:base,tabindex:1)
2025-12-22 00:25:01,654 [INFO] PluginManage:310 - Check plugin pinoutconfig
2025-12-22 00:25:01,730 [WARN] SupportedApi:132 - Cannot load RTOS API schema: s4s-elt-must-match.1: The content of 'definitions' must match (annotation?, (simpleType | complexType)?, (unique | key | keyref)*)). A problem was found starting at: attribute.
2025-12-22 00:25:01,836 [INFO] PluginManage:359 - Loaded plugin pinoutconfig (category:base,tabindex:0)
2025-12-22 00:25:01,836 [INFO] PluginManage:310 - Check plugin power
2025-12-22 00:25:01,850 [INFO] PluginManage:359 - Loaded plugin power (category:power,tabindex:4)
2025-12-22 00:25:01,850 [INFO] PluginManage:310 - Check plugin projectmanager
2025-12-22 00:25:01,865 [INFO] PluginManage:359 - Loaded plugin projectmanager (category:projectmanager,tabindex:4)
2025-12-22 00:25:01,866 [INFO] PluginManage:310 - Check plugin rif
2025-12-22 00:25:01,874 [INFO] PluginManage:359 - Loaded plugin rif (category:base,tabindex:3)
2025-12-22 00:25:01,874 [INFO] PluginManage:310 - Check plugin thirdparty
2025-12-22 00:25:02,001 [INFO] PluginManage:359 - Loaded plugin thirdparty (category:base,tabindex:-1)
2025-12-22 00:25:02,002 [INFO] PluginManage:310 - Check plugin tools
2025-12-22 00:25:02,001 [WARN] IntegrityCheckThread:84 - waiting for thirdparty lock release [integrity check]
2025-12-22 00:25:02,002 [INFO] IntegrityCheckThread:86 - entering critical section [integrity check]
2025-12-22 00:25:02,002 [INFO] ThirdPartyUpdaterWithRetryManager:70 - Updater plugin not ready yet. [1/15]
2025-12-22 00:25:02,004 [INFO] PluginManage:359 - Loaded plugin tools (category:base,tabindex:7)
2025-12-22 00:25:02,004 [INFO] PluginManage:310 - Check plugin tutovideos
2025-12-22 00:25:02,191 [INFO] PluginManage:359 - Loaded plugin tutovideos (category:base,tabindex:-1)
2025-12-22 00:25:02,191 [INFO] PluginManage:310 - Check plugin updater
2025-12-22 00:25:02,208 [INFO] PluginManage:359 - Loaded plugin updater (category:base,tabindex:12)
2025-12-22 00:25:02,208 [INFO] PluginManage:310 - Check plugin userauth
2025-12-22 00:25:02,212 [INFO] UserAuth:118 - Init User Auth plugin
2025-12-22 00:25:02,214 [INFO] PluginManage:359 - Loaded plugin userauth (category:base,tabindex:14)
2025-12-22 00:25:02,214 [INFO] PluginManage:283 - PluginManage : Loaded plugins [18]
2025-12-22 00:25:02,419 [INFO] PinOutPanel:1589 - setPackage(No Configuration,No Configuration)
2025-12-22 00:25:02,489 [INFO] CADModel:165 - CPN selected for project level
2025-12-22 00:25:02,489 [INFO] CADModel:114 - Register for checkConnection events
2025-12-22 00:25:02,505 [INFO] IPUIPlugin:80 - create IPUIPlugin
2025-12-22 00:25:02,505 [INFO] PluginManager:220 - loadIPPluginJar : add adc
2025-12-22 00:25:02,507 [INFO] IPUIPlugin:80 - create IPUIPlugin
2025-12-22 00:25:02,507 [INFO] PluginManager:220 - loadIPPluginJar : add aes
2025-12-22 00:25:02,511 [INFO] IPUIPlugin:80 - create IPUIPlugin
2025-12-22 00:25:02,511 [INFO] PluginManager:220 - loadIPPluginJar : add can
2025-12-22 00:25:02,513 [INFO] IPUIPlugin:80 - create IPUIPlugin
2025-12-22 00:25:02,513 [INFO] PluginManager:220 - loadIPPluginJar : add comp
2025-12-22 00:25:02,515 [INFO] IPUIPlugin:80 - create IPUIPlugin
2025-12-22 00:25:02,516 [INFO] PluginManager:220 - loadIPPluginJar : add cryp
2025-12-22 00:25:02,521 [INFO] IPUIPlugin:80 - create IPUIPlugin
2025-12-22 00:25:02,521 [INFO] PluginManager:220 - loadIPPluginJar : add ddr_ctrl_phy
2025-12-22 00:25:02,524 [INFO] IPUIPlugin:80 - create IPUIPlugin
2025-12-22 00:25:02,524 [INFO] PluginManager:220 - loadIPPluginJar : add dfsdm
2025-12-22 00:25:02,530 [INFO] IPUIPlugin:80 - create IPUIPlugin
2025-12-22 00:25:02,531 [INFO] PluginManager:220 - loadIPPluginJar : add dma
2025-12-22 00:25:02,533 [INFO] IPUIPlugin:80 - create IPUIPlugin
2025-12-22 00:25:02,533 [INFO] PluginManager:220 - loadIPPluginJar : add dma3
2025-12-22 00:25:02,536 [INFO] IPUIPlugin:80 - create IPUIPlugin
2025-12-22 00:25:02,536 [INFO] PluginManager:220 - loadIPPluginJar : add extmemmanager
2025-12-22 00:25:02,537 [INFO] IPUIPlugin:80 - create IPUIPlugin
2025-12-22 00:25:02,537 [INFO] PluginManager:220 - loadIPPluginJar : add fatfs
2025-12-22 00:25:02,542 [INFO] IPUIPlugin:80 - create IPUIPlugin
2025-12-22 00:25:02,542 [INFO] PluginManager:220 - loadIPPluginJar : add fmc
2025-12-22 00:25:02,547 [INFO] IPUIPlugin:80 - create IPUIPlugin
2025-12-22 00:25:02,548 [INFO] PluginManager:220 - loadIPPluginJar : add freertos
2025-12-22 00:25:02,549 [INFO] IPUIPlugin:80 - create IPUIPlugin
2025-12-22 00:25:02,549 [INFO] PluginManager:220 - loadIPPluginJar : add genericplugin
2025-12-22 00:25:02,550 [INFO] IPUIPlugin:80 - create IPUIPlugin
2025-12-22 00:25:02,551 [INFO] PluginManager:220 - loadIPPluginJar : add gfxmmu
2025-12-22 00:25:02,554 [INFO] IPUIPlugin:80 - create IPUIPlugin
2025-12-22 00:25:02,555 [INFO] PluginManager:220 - loadIPPluginJar : add gic
2025-12-22 00:25:02,558 [INFO] IPUIPlugin:80 - create IPUIPlugin
2025-12-22 00:25:02,558 [INFO] PluginManager:220 - loadIPPluginJar : add gpio
2025-12-22 00:25:02,560 [INFO] IPUIPlugin:80 - create IPUIPlugin
2025-12-22 00:25:02,560 [INFO] PluginManager:220 - loadIPPluginJar : add gtzc
2025-12-22 00:25:02,562 [INFO] IPUIPlugin:80 - create IPUIPlugin
2025-12-22 00:25:02,562 [INFO] PluginManager:220 - loadIPPluginJar : add hash
2025-12-22 00:25:02,564 [INFO] IPUIPlugin:80 - create IPUIPlugin
2025-12-22 00:25:02,564 [INFO] PluginManager:220 - loadIPPluginJar : add i2c
2025-12-22 00:25:02,566 [INFO] IPUIPlugin:80 - create IPUIPlugin
2025-12-22 00:25:02,566 [INFO] PluginManager:220 - loadIPPluginJar : add i2s
2025-12-22 00:25:02,568 [INFO] IPUIPlugin:80 - create IPUIPlugin
2025-12-22 00:25:02,568 [INFO] PluginManager:220 - loadIPPluginJar : add i3c
2025-12-22 00:25:02,572 [INFO] IPUIPlugin:80 - create IPUIPlugin
2025-12-22 00:25:02,572 [INFO] PluginManager:220 - loadIPPluginJar : add ipddr
2025-12-22 00:25:02,579 [INFO] IPUIPlugin:80 - create IPUIPlugin
2025-12-22 00:25:02,580 [INFO] PluginManager:220 - loadIPPluginJar : add linkedlist
2025-12-22 00:25:02,582 [INFO] IPUIPlugin:80 - create IPUIPlugin
2025-12-22 00:25:02,582 [INFO] PluginManager:220 - loadIPPluginJar : add lorawan
2025-12-22 00:25:02,583 [INFO] IPUIPlugin:80 - create IPUIPlugin
2025-12-22 00:25:02,583 [INFO] PluginManager:220 - loadIPPluginJar : add ltdc
2025-12-22 00:25:02,587 [INFO] IPUIPlugin:80 - create IPUIPlugin
2025-12-22 00:25:02,587 [INFO] PluginManager:220 - loadIPPluginJar : add mdma
2025-12-22 00:25:02,590 [INFO] IPUIPlugin:80 - create IPUIPlugin
2025-12-22 00:25:02,590 [INFO] PluginManager:220 - loadIPPluginJar : add nvic
2025-12-22 00:25:02,593 [INFO] IPUIPlugin:80 - create IPUIPlugin
2025-12-22 00:25:02,593 [INFO] PluginManager:220 - loadIPPluginJar : add opamp
2025-12-22 00:25:02,596 [INFO] IPUIPlugin:80 - create IPUIPlugin
2025-12-22 00:25:02,596 [INFO] PluginManager:220 - loadIPPluginJar : add openamp
2025-12-22 00:25:02,598 [INFO] IPUIPlugin:80 - create IPUIPlugin
2025-12-22 00:25:02,598 [INFO] PluginManager:220 - loadIPPluginJar : add pdm2pcm
2025-12-22 00:25:02,605 [INFO] IPUIPlugin:80 - create IPUIPlugin
2025-12-22 00:25:02,608 [INFO] PluginManager:220 - loadIPPluginJar : add plateformsettings
2025-12-22 00:25:02,609 [INFO] IPUIPlugin:80 - create IPUIPlugin
2025-12-22 00:25:02,610 [INFO] PluginManager:220 - loadIPPluginJar : add quadspi
2025-12-22 00:25:02,612 [INFO] IPUIPlugin:80 - create IPUIPlugin
2025-12-22 00:25:02,613 [INFO] PluginManager:220 - loadIPPluginJar : add radio
2025-12-22 00:25:02,616 [INFO] IPUIPlugin:80 - create IPUIPlugin
2025-12-22 00:25:02,616 [INFO] PluginManager:220 - loadIPPluginJar : add resmgrutility
2025-12-22 00:25:02,619 [INFO] IPUIPlugin:80 - create IPUIPlugin
2025-12-22 00:25:02,619 [INFO] PluginManager:220 - loadIPPluginJar : add sai
2025-12-22 00:25:02,621 [INFO] IPUIPlugin:80 - create IPUIPlugin
2025-12-22 00:25:02,621 [INFO] PluginManager:220 - loadIPPluginJar : add spi
2025-12-22 00:25:02,626 [INFO] IPUIPlugin:80 - create IPUIPlugin
2025-12-22 00:25:02,626 [INFO] PluginManager:220 - loadIPPluginJar : add stm32_wpan
2025-12-22 00:25:02,628 [INFO] IPUIPlugin:80 - create IPUIPlugin
2025-12-22 00:25:02,628 [INFO] PluginManager:220 - loadIPPluginJar : add tim
2025-12-22 00:25:02,631 [INFO] IPUIPlugin:80 - create IPUIPlugin
2025-12-22 00:25:02,631 [INFO] PluginManager:220 - loadIPPluginJar : add touchsensing
2025-12-22 00:25:02,633 [INFO] IPUIPlugin:80 - create IPUIPlugin
2025-12-22 00:25:02,633 [INFO] PluginManager:220 - loadIPPluginJar : add tracer_emb
2025-12-22 00:25:02,635 [INFO] IPUIPlugin:80 - create IPUIPlugin
2025-12-22 00:25:02,635 [INFO] PluginManager:220 - loadIPPluginJar : add ts
2025-12-22 00:25:02,637 [INFO] IPUIPlugin:80 - create IPUIPlugin
2025-12-22 00:25:02,637 [INFO] PluginManager:220 - loadIPPluginJar : add tsc
2025-12-22 00:25:02,639 [INFO] IPUIPlugin:80 - create IPUIPlugin
2025-12-22 00:25:02,639 [INFO] PluginManager:220 - loadIPPluginJar : add ucpd
2025-12-22 00:25:02,641 [INFO] IPUIPlugin:80 - create IPUIPlugin
2025-12-22 00:25:02,642 [INFO] PluginManager:220 - loadIPPluginJar : add usart
2025-12-22 00:25:02,644 [INFO] IPUIPlugin:80 - create IPUIPlugin
2025-12-22 00:25:02,644 [INFO] PluginManager:220 - loadIPPluginJar : add usbx
2025-12-22 00:25:02,772 [FATAL] Updater:351 - Updater called before beeing initialized
2025-12-22 00:25:02,792 [INFO] RulesReader:64 - Compatibility file has been processed (297 Rules)
2025-12-22 00:25:02,798 [INFO] RulesReader:64 - Compatibility file has been processed (297 Rules)
2025-12-22 00:25:02,805 [INFO] CADModel:165 - CPN selected for project level
2025-12-22 00:25:02,805 [INFO] CADModel:114 - Register for checkConnection events
2025-12-22 00:25:02,805 [FATAL] Updater:351 - Updater called before beeing initialized
2025-12-22 00:25:02,805 [ERROR] CADModel:125 - Updater not yet initialized, retry later 
2025-12-22 00:25:02,937 [FATAL] Updater:351 - Updater called before beeing initialized
2025-12-22 00:25:02,939 [INFO] CADModel:165 - CPN selected for project level
2025-12-22 00:25:02,939 [INFO] CADModel:114 - Register for checkConnection events
2025-12-22 00:25:02,939 [FATAL] Updater:351 - Updater called before beeing initialized
2025-12-22 00:25:02,939 [ERROR] CADModel:125 - Updater not yet initialized, retry later 
2025-12-22 00:25:02,942 [FATAL] Updater:351 - Updater called before beeing initialized
2025-12-22 00:25:03,040 [FATAL] Updater:351 - Updater called before beeing initialized
2025-12-22 00:25:03,043 [INFO] DbMcusAds:53 - JSON generation date=Tue Dec 16 00:11:46 CET 2025 (1765840306612)
2025-12-22 00:25:03,044 [FATAL] Updater:351 - Updater called before beeing initialized
2025-12-22 00:25:03,071 [WARN] DetailPanel:346 - Failed to get advertising image, set to default
2025-12-22 00:25:03,267 [FATAL] Updater:351 - Updater called before beeing initialized
2025-12-22 00:25:03,270 [FATAL] Updater:351 - Updater called before beeing initialized
2025-12-22 00:25:03,270 [FATAL] Updater:351 - Updater called before beeing initialized
2025-12-22 00:25:03,270 [WARN] DetailPanel:346 - Failed to get advertising image, set to default
2025-12-22 00:25:03,271 [FATAL] Updater:351 - Updater called before beeing initialized
2025-12-22 00:25:03,310 [ERROR] Updater:1198 - MainUpdater not yet initialized. External WinMGr cannot be set.
2025-12-22 00:25:03,312 [INFO] Updater:1134 - Updater Version found : 6.13.0
2025-12-22 00:25:03,324 [INFO] ApplicationProperties:184 - Using Application install path: C:\ST\STM32CubeIDE_1.17.0\STM32CubeIDE\plugins\com.st.stm32cube.common.mx_6.13.0.202411220809
2025-12-22 00:25:03,633 [INFO] MainUpdater:2872 - connection check result : 10
2025-12-22 00:25:03,634 [INFO] MainUpdater:289 - Updater Check For Update Now.
2025-12-22 00:25:03,634 [INFO] MicroXplorer:498 - Change Database Version : DB.6.0.130
2025-12-22 00:25:03,649 [INFO] McuFinderGlobals:63 - Set McuFinder mode to 2 (CubeIDE integrated)
2025-12-22 00:25:03,649 [INFO] UserAuth:171 - activating auth plugin
2025-12-22 00:25:03,652 [INFO] UserAuth:486 - Internet connection configuration mode: 1
2025-12-22 00:25:03,677 [INFO] JxBrowserEngine:152 - Initiate JxBrowser Engine with user profile folder
2025-12-22 00:25:03,794 [INFO] CheckServerUpdateThread:120 - End of CheckServer Thread
2025-12-22 00:25:04,821 [INFO] WebApp:168 - Instantiating new browser for Auth
2025-12-22 00:25:05,299 [WARN] PackLoader:240 - Cannot read IP mode file for STMicroelectronics.FP-SNS-MOTENVWB1.1.4.0
2025-12-22 00:25:05,309 [WARN] PackLoader:240 - Cannot read IP mode file for STMicroelectronics.FP-ATR-ASTRA1.2.0.2
2025-12-22 00:25:05,313 [WARN] PackLoader:240 - Cannot read IP mode file for STMicroelectronics.FP-ATR-ASTRA1.2.0.1
2025-12-22 00:25:05,326 [WARN] PackLoader:240 - Cannot read IP mode file for STMicroelectronics.X-CUBE-SMBUS.2.1.0
2025-12-22 00:25:05,336 [WARN] PackLoader:240 - Cannot read IP mode file for STMicroelectronics.X-CUBE-WB05N.1.1.0
2025-12-22 00:25:05,343 [WARN] PackLoader:240 - Cannot read IP mode file for STMicroelectronics.X-CUBE-ST60.1.0.0
2025-12-22 00:25:05,376 [WARN] PackLoader:240 - Cannot read IP mode file for STMicroelectronics.X-CUBE-AZRTOS-F7.1.1.0
2025-12-22 00:25:05,532 [WARN] PackLoader:240 - Cannot read IP mode file for STMicroelectronics.X-CUBE-MEMS1.11.0.0
2025-12-22 00:25:05,643 [ERROR] Engine:466 - C:\Users\kamil\.stm32cubemx\thirdparties\pdsc\STMicroelectronics.FP-SNS-MOTENV1.5.1.0.pdsc: PDSC version is not supported
2025-12-22 00:25:05,650 [WARN] PackLoader:240 - Cannot read IP mode file for STMicroelectronics.FP-SNS-FLIGHT1.5.0.2
2025-12-22 00:25:05,669 [WARN] PackLoader:240 - Cannot read IP mode file for STMicroelectronics.X-CUBE-AZRTOS-H7.3.4.0
2025-12-22 00:25:05,678 [WARN] PackLoader:240 - Cannot read IP mode file for STMicroelectronics.X-CUBE-DISPLAY.3.0.0
2025-12-22 00:25:05,685 [WARN] PackLoader:240 - Cannot read IP mode file for STMicroelectronics.X-CUBE-BLE1.7.0.0
2025-12-22 00:25:05,690 [WARN] PackLoader:240 - Cannot read IP mode file for STMicroelectronics.X-CUBE-NFC10.1.0.0
2025-12-22 00:25:05,699 [WARN] PackLoader:240 - Cannot read IP mode file for STMicroelectronics.X-CUBE-BLEMGR.4.0.0
2025-12-22 00:25:05,704 [WARN] PackLoader:240 - Cannot read IP mode file for STMicroelectronics.X-CUBE-ST60.1.1.0
2025-12-22 00:25:05,711 [WARN] PackLoader:240 - Cannot read IP mode file for emotas.I-CUBE-CANOPEN.1.3.0
2025-12-22 00:25:05,716 [WARN] PackLoader:240 - Cannot read IP mode file for STMicroelectronics.X-CUBE-GNSS1.7.1.0
2025-12-22 00:25:05,726 [WARN] PackLoader:240 - Cannot read IP mode file for STMicroelectronics.X-CUBE-BLEMGR.3.1.0
2025-12-22 00:25:05,733 [WARN] PackLoader:240 - Cannot read IP mode file for STMicroelectronics.X-CUBE-AI.10.0.0
2025-12-22 00:25:05,738 [ERROR] Engine:466 - C:\Users\kamil\.stm32cubemx\thirdparties\pdsc\STMicroelectronics.FP-SNS-STBOX1.2.1.0.pdsc: PDSC version is not supported
2025-12-22 00:25:05,743 [WARN] PackLoader:240 - Cannot read IP mode file for STMicroelectronics.FP-SNS-SMARTAG2.1.2.0
2025-12-22 00:25:05,747 [WARN] PackLoader:240 - Cannot read IP mode file for STMicroelectronics.FP-SNS-FLIGHT1.5.1.0
2025-12-22 00:25:05,778 [WARN] PackLoader:240 - Cannot read IP mode file for STMicroelectronics.X-CUBE-MEMS1.11.1.0
2025-12-22 00:25:05,926 [INFO] LogOutputStream:77 - [STDOUT_REDIRECT] 1 : Invalid condition id : UX_CORESTACK_Condition cause : null
2025-12-22 00:25:05,927 [INFO] LogOutputStream:77 - [STDOUT_REDIRECT] 1 : Invalid condition id : UX_CORESTACK_Condition cause : null
2025-12-22 00:25:05,928 [INFO] LogOutputStream:77 - [STDOUT_REDIRECT] 1 : Invalid condition id : UX_CORESTACK_Condition cause : null
2025-12-22 00:25:05,930 [INFO] LogOutputStream:77 - [STDOUT_REDIRECT] 1 : Invalid condition id : UX_CORESTACK_Condition cause : null
2025-12-22 00:25:05,931 [INFO] LogOutputStream:77 - [STDOUT_REDIRECT] 1 : Invalid condition id : UX_CORESTACK_Condition cause : null
2025-12-22 00:25:05,933 [WARN] PackLoader:240 - Cannot read IP mode file for STMicroelectronics.X-CUBE-AZRTOS-WL.2.0.0
2025-12-22 00:25:05,943 [WARN] PackLoader:240 - Cannot read IP mode file for STMicroelectronics.FP-SNS-MOTENV1.5.0.0
2025-12-22 00:25:05,969 [WARN] PackLoader:240 - Cannot read IP mode file for STMicroelectronics.X-CUBE-AZRTOS-H7RS.1.2.0
2025-12-22 00:25:05,979 [WARN] PackLoader:240 - Cannot read IP mode file for wolfSSL.I-CUBE-wolfMQTT.1.19.0
2025-12-22 00:25:05,991 [INFO] WebApp:449 - Apply proxy settings
2025-12-22 00:25:05,991 [WARN] PackLoader:240 - Cannot read IP mode file for WES.I-CUBE-Cesium.1.3.0
2025-12-22 00:25:05,991 [INFO] WebApp:534 - Chromium requires no authentication
2025-12-22 00:25:06,007 [WARN] PackLoader:240 - Cannot read IP mode file for STMicroelectronics.X-CUBE-BLE2.3.3.0
2025-12-22 00:25:06,021 [INFO] WebApp:477 - Direct internet connection detected
2025-12-22 00:25:06,040 [WARN] PackLoader:240 - Cannot read IP mode file for STMicroelectronics.X-CUBE-NFC9.1.0.0
2025-12-22 00:25:06,048 [WARN] PackLoader:240 - Cannot read IP mode file for STMicroelectronics.X-CUBE-BLE1.7.1.0
2025-12-22 00:25:06,056 [WARN] PackLoader:240 - Cannot read IP mode file for STMicroelectronics.X-CUBE-TCPP.4.1.0
2025-12-22 00:25:06,061 [ERROR] Engine:466 - C:\Users\kamil\.stm32cubemx\thirdparties\pdsc\STMicroelectronics.X-CUBE-FREERTOS.1.4.0.pdsc: PDSC version is not supported
2025-12-22 00:25:06,070 [WARN] PackLoader:240 - Cannot read IP mode file for STMicroelectronics.X-CUBE-EEPRMA1.5.2.0
2025-12-22 00:25:06,080 [ERROR] Engine:466 - C:\Users\kamil\.stm32cubemx\thirdparties\pdsc\STMicroelectronics.X-CUBE-ST67W61.1.1.0.pdsc: PDSC version is not supported
2025-12-22 00:25:06,088 [INFO] WebApp:880 - Register for checkConnection events
2025-12-22 00:25:06,088 [INFO] WebApp:449 - Apply proxy settings
2025-12-22 00:25:06,089 [INFO] WebApp:534 - Chromium requires no authentication
2025-12-22 00:25:06,089 [INFO] WebApp:477 - Direct internet connection detected
2025-12-22 00:25:06,114 [WARN] PackLoader:240 - Cannot read IP mode file for STMicroelectronics.X-CUBE-MEMS1.12.0.0
2025-12-22 00:25:06,169 [WARN] PackLoader:240 - Cannot read IP mode file for STMicroelectronics.X-CUBE-AZRTOS-G0.1.1.0
2025-12-22 00:25:06,179 [WARN] PackLoader:240 - Cannot read IP mode file for STMicroelectronics.X-CUBE-SAFEA1.1.2.2
2025-12-22 00:25:06,190 [WARN] PackLoader:240 - Cannot read IP mode file for STMicroelectronics.X-CUBE-NFC4.3.0.0
2025-12-22 00:25:06,197 [WARN] PackLoader:240 - Cannot read IP mode file for EmbeddedOffice.I-CUBE-FS-RTOS.1.0.1
2025-12-22 00:25:06,203 [WARN] PackLoader:240 - Cannot read IP mode file for STMicroelectronics.X-CUBE-WB05N.2.0.0
2025-12-22 00:25:06,208 [WARN] PackLoader:240 - Cannot read IP mode file for STMicroelectronics.X-CUBE-TCPP.4.2.0
2025-12-22 00:25:06,214 [WARN] PackLoader:240 - Cannot read IP mode file for RealThread.X-CUBE-RT-Thread_Nano.4.1.1
2025-12-22 00:25:06,217 [WARN] PackLoader:240 - Cannot read IP mode file for STMicroelectronics.FP-ATR-SIGFOX1.3.2.0
2025-12-22 00:25:06,223 [WARN] PackLoader:240 - Cannot read IP mode file for wolfSSL.I-CUBE-wolfSSL.5.7.2
2025-12-22 00:25:06,228 [WARN] ConditionMgr:438 - getConditionDescription Invalid condition id : Cortex-A Device cause : null
2025-12-22 00:25:06,253 [WARN] ConditionMgr:1044 - genDependencies : Invalid condition id : Cortex-A Device cause : null
2025-12-22 00:25:06,253 [WARN] ConditionMgr:1044 - genDependencies : Invalid condition id : Cortex-A Device cause : null
2025-12-22 00:25:06,253 [WARN] ConditionMgr:1044 - genDependencies : Invalid condition id : Cortex-A Device cause : null
2025-12-22 00:25:06,260 [WARN] PackLoader:240 - Cannot read IP mode file for STMicroelectronics.X-CUBE-EEPRMA1.5.1.0
2025-12-22 00:25:06,269 [INFO] WebApp:187 - Connection restablished
2025-12-22 00:25:06,270 [WARN] PackLoader:240 - Cannot read IP mode file for ITTIA_DB.I-CUBE-ITTIADB.8.9.0
2025-12-22 00:25:06,279 [WARN] PackLoader:240 - Cannot read IP mode file for STMicroelectronics.X-CUBE-ST67W61.1.0.0
2025-12-22 00:25:06,284 [WARN] PackLoader:240 - Cannot read IP mode file for STMicroelectronics.X-CUBE-AI.10.2.0
2025-12-22 00:25:06,308 [WARN] PackLoader:240 - Cannot read IP mode file for SEGGER.I-CUBE-embOS.1.3.1
2025-12-22 00:25:06,333 [WARN] PackLoader:240 - Cannot read IP mode file for STMicroelectronics.X-CUBE-ALGOBUILD.1.4.0
2025-12-22 00:25:06,363 [WARN] PackLoader:240 - Cannot read IP mode file for STMicroelectronics.X-CUBE-MEMS1.11.3.0
2025-12-22 00:25:06,458 [WARN] PackLoader:240 - Cannot read IP mode file for STMicroelectronics.X-CUBE-AI.9.1.0
2025-12-22 00:25:06,464 [WARN] PackLoader:240 - Cannot read IP mode file for STMicroelectronics.X-CUBE-PM33A1.1.0.0
2025-12-22 00:25:06,479 [WARN] PackLoader:240 - Cannot read IP mode file for STMicroelectronics.X-CUBE-AZRTOS-F4.1.1.0
2025-12-22 00:25:06,496 [WARN] PackLoader:240 - Cannot read IP mode file for STMicroelectronics.X-CUBE-ISPU.2.1.0
2025-12-22 00:25:06,502 [ERROR] Engine:466 - C:\Users\kamil\.stm32cubemx\thirdparties\pdsc\STMicroelectronics.X-CUBE-IPS.3.2.0.pdsc: PDSC version is not supported
2025-12-22 00:25:06,508 [WARN] PackLoader:240 - Cannot read IP mode file for STMicroelectronics.X-CUBE-FREERTOS.1.2.0
2025-12-22 00:25:06,516 [WARN] PackLoader:240 - Cannot read IP mode file for STMicroelectronics.X-CUBE-NFC12.1.0.0
2025-12-22 00:25:06,532 [WARN] PackLoader:240 - Cannot read IP mode file for STMicroelectronics.X-CUBE-AZRTOS-L5.2.0.0
2025-12-22 00:25:06,540 [WARN] PackLoader:240 - Cannot read IP mode file for STMicroelectronics.X-CUBE-NFC6.3.1.0
2025-12-22 00:25:06,549 [WARN] PackLoader:240 - Cannot read IP mode file for STMicroelectronics.X-CUBE-DPower.1.2.0
2025-12-22 00:25:06,551 [INFO] WebApp:221 - Starting web application
2025-12-22 00:25:06,551 [INFO] WebApp:579 - Web application path used C:\ST\STM32CubeIDE_1.17.0\STM32CubeIDE\plugins\com.st.stm32cube.common.mx_6.13.0.202411220809\db\plugins\mcufinder\reactClient1\index.html
2025-12-22 00:25:06,554 [WARN] PackLoader:240 - Cannot read IP mode file for STMicroelectronics.X-CUBE-FREERTOS.1.3.1
2025-12-22 00:25:06,565 [WARN] PackLoader:240 - Cannot read IP mode file for STMicroelectronics.X-CUBE-FREERTOS.1.3.0
2025-12-22 00:25:06,574 [WARN] PackLoader:240 - Cannot read IP mode file for STMicroelectronics.X-CUBE-NFC7.1.0.1
2025-12-22 00:25:06,583 [WARN] PackLoader:240 - Cannot read IP mode file for STMicroelectronics.X-CUBE-TOUCHGFX.4.26.0
2025-12-22 00:25:06,591 [WARN] PackLoader:240 - Cannot read IP mode file for STMicroelectronics.FP-SNS-STAIOTCFT.1.0.0
2025-12-22 00:25:06,597 [WARN] PackLoader:240 - Cannot read IP mode file for STMicroelectronics.X-CUBE-DPower.1.3.0
2025-12-22 00:25:06,613 [WARN] ConditionMgr:438 - getConditionDescription Invalid condition id : LAN8742 Phy interface Condition cause : null
2025-12-22 00:25:06,614 [WARN] PackLoader:240 - Cannot read IP mode file for STMicroelectronics.X-CUBE-AZRTOS-L4.2.0.0
2025-12-22 00:25:06,615 [WARN] ConditionMgr:1044 - genDependencies : Invalid condition id : LAN8742 Phy interface Condition cause : null
2025-12-22 00:25:06,615 [WARN] ConditionMgr:1044 - genDependencies : Invalid condition id : LAN8742 Phy interface Condition cause : null
2025-12-22 00:25:06,615 [WARN] ConditionMgr:1044 - genDependencies : Invalid condition id : LAN8742 Phy interface Condition cause : null
2025-12-22 00:25:06,623 [WARN] PackLoader:240 - Cannot read IP mode file for STMicroelectronics.X-CUBE-SFXS2LP1.4.0.0
2025-12-22 00:25:06,639 [WARN] PackLoader:240 - Cannot read IP mode file for STMicroelectronics.X-CUBE-AZRTOS-H7.3.3.0
2025-12-22 00:25:06,649 [WARN] PackLoader:240 - Cannot read IP mode file for STMicroelectronics.X-CUBE-BLEMGR.4.1.0
2025-12-22 00:25:06,660 [WARN] PackLoader:240 - Cannot read IP mode file for STMicroelectronics.X-CUBE-IPS.3.0.0
2025-12-22 00:25:06,673 [WARN] ConditionMgr:438 - getConditionDescription Invalid condition id : UX DEVICE CLASS RTOS Condition cause : null
2025-12-22 00:25:06,674 [WARN] ConditionMgr:438 - getConditionDescription Invalid condition id : UX DEVICE CLASS RTOS Condition cause : null
2025-12-22 00:25:06,682 [WARN] PackLoader:240 - Cannot read IP mode file for STMicroelectronics.X-CUBE-AZRTOS-WB.2.0.0
2025-12-22 00:25:06,683 [WARN] ConditionMgr:1044 - genDependencies : Invalid condition id : UX DEVICE CLASS RTOS Condition cause : null
2025-12-22 00:25:06,683 [WARN] ConditionMgr:1044 - genDependencies : Invalid condition id : UX DEVICE CLASS RTOS Condition cause : null
2025-12-22 00:25:06,684 [WARN] ConditionMgr:1044 - genDependencies : Invalid condition id : UX DEVICE CLASS RTOS Condition cause : null
2025-12-22 00:25:06,684 [WARN] ConditionMgr:1044 - genDependencies : Invalid condition id : UX DEVICE CLASS RTOS Condition cause : null
2025-12-22 00:25:06,684 [WARN] ConditionMgr:1044 - genDependencies : Invalid condition id : UX DEVICE CLASS RTOS Condition cause : null
2025-12-22 00:25:06,690 [WARN] PackLoader:240 - Cannot read IP mode file for STMicroelectronics.X-CUBE-GNSS1.7.0.0
2025-12-22 00:25:06,696 [WARN] PackLoader:240 - Cannot read IP mode file for STMicroelectronics.X-CUBE-GNSS1.7.0.1
2025-12-22 00:25:06,700 [WARN] PackLoader:240 - Cannot read IP mode file for STMicroelectronics.X-CUBE-TOUCHGFX.4.25.0
2025-12-22 00:25:06,705 [WARN] PackLoader:240 - Cannot read IP mode file for STMicroelectronics.FP-SNS-STBOX1.2.0.0
2025-12-22 00:25:06,716 [WARN] PackLoader:240 - Cannot read IP mode file for STMicroelectronics.X-CUBE-SUBG2.5.0.0
2025-12-22 00:25:06,732 [WARN] PackLoader:240 - Cannot read IP mode file for STMicroelectronics.X-CUBE-AZRTOS-H7RS.1.1.0
2025-12-22 00:25:06,739 [WARN] PackLoader:240 - Cannot read IP mode file for Cesanta.I-CUBE-Mongoose.7.13.0
2025-12-22 00:25:06,750 [WARN] PackLoader:240 - Cannot read IP mode file for STMicroelectronics.X-CUBE-AZRTOS-G4.2.0.0
2025-12-22 00:25:06,755 [WARN] PackLoader:240 - Cannot read IP mode file for STMicroelectronics.X-CUBE-NFC7.2.0.0
2025-12-22 00:25:06,765 [WARN] PackLoader:240 - Cannot read IP mode file for STMicroelectronics.X-CUBE-IPS.3.1.0
2025-12-22 00:25:06,775 [WARN] PackLoader:240 - Cannot read IP mode file for STMicroelectronics.X-CUBE-ALS.1.0.2
2025-12-22 00:25:06,778 [WARN] PackLoader:240 - Cannot read IP mode file for STMicroelectronics.X-CUBE-TOUCHGFX.4.24.1
2025-12-22 00:25:06,784 [WARN] PackLoader:240 - Cannot read IP mode file for STMicroelectronics.X-CUBE-STSE01.1.0.0
2025-12-22 00:25:06,791 [WARN] PackLoader:240 - Cannot read IP mode file for wolfSSL.I-CUBE-wolfTPM.3.4.0
2025-12-22 00:25:06,800 [WARN] PackLoader:240 - Cannot read IP mode file for portGmbH.I-Cube-SoM-uGOAL.1.1.0
2025-12-22 00:25:06,812 [WARN] PackLoader:240 - Cannot read IP mode file for STMicroelectronics.X-CUBE-AZRTOS-H7RS.1.0.0
2025-12-22 00:25:06,817 [WARN] PackLoader:240 - Cannot read IP mode file for STMicroelectronics.FP-ATR-ASTRA1.2.0.0
2025-12-22 00:25:06,827 [WARN] PackLoader:240 - Cannot read IP mode file for STMicroelectronics.X-CUBE-TOF1.3.4.2
2025-12-22 00:25:06,841 [WARN] PackLoader:240 - Cannot read IP mode file for STMicroelectronics.X-CUBE-TOF1.3.4.3
2025-12-22 00:25:06,864 [WARN] PackLoader:240 - Cannot read IP mode file for Infineon.AIROC-Wi-Fi-Bluetooth-STM32.1.6.1
2025-12-22 00:25:06,872 [WARN] PackLoader:240 - Cannot read IP mode file for wolfSSL.I-CUBE-wolfSSH.1.4.17
2025-12-22 00:25:06,873 [INFO] ThirdParty:978 - Integrity check success = true
2025-12-22 00:25:06,873 [INFO] IntegrityCheckThread:100 - exiting critical section [integrity check]
2025-12-22 00:25:06,873 [INFO] IntegrityCheckThread:103 - End integrity checks thread
2025-12-22 00:25:28,255 [INFO] McuFinderGlobals:63 - Set McuFinder mode to 2 (CubeIDE integrated)
2025-12-22 00:25:28,261 [INFO] MainUpdater:2872 - connection check result : 10
2025-12-22 00:25:28,262 [INFO] MainUpdater:2872 - connection check result : 10
2025-12-22 00:25:28,292 [INFO] MicroXplorer:468 - Change Database Path : 
2025-12-22 00:25:28,292 [INFO] MicroXplorer:498 - Change Database Version : DB.6.0.130
2025-12-22 00:25:28,298 [WARN] ThirdParty:871 - waiting for thirdparty lock release [close project]
2025-12-22 00:25:28,298 [INFO] ThirdParty:873 - entering critical section [close project]
2025-12-22 00:25:28,299 [INFO] ThirdParty:883 - exiting critical section [close project]
2025-12-22 00:25:28,303 [INFO] PinOutPanel:1589 - setPackage(No Configuration,No Configuration)
2025-12-22 00:25:28,309 [INFO] UtilMem:75 - Begin LoadConfig() Used Memory: 288807072 Bytes (351272960)
2025-12-22 00:25:28,311 [INFO] MicroXplorer:468 - Change Database Path : 
2025-12-22 00:25:28,311 [INFO] MicroXplorer:498 - Change Database Version : DB.6.0.130
2025-12-22 00:25:28,311 [INFO] OpenFileManager:332 - Change cursor
2025-12-22 00:25:28,327 [INFO] Mcu:2035 - Initializing MCU STM32H743IITx STM32H743IITx STM32H743IIT6
2025-12-22 00:25:31,645 [INFO] Context:748 - Trying to add GPIOservice into a context  which must be forbidden
2025-12-22 00:25:33,134 [INFO] RtosManager:555 - Registered RTOS mode: class=CMSIS, group=RTOS, mode=CMSIS_V1, owner=FREERTOS
2025-12-22 00:25:33,134 [INFO] RtosManager:555 - Registered RTOS mode: class=CMSIS, group=RTOS2, mode=CMSIS_V2, owner=FREERTOS
2025-12-22 00:25:33,134 [INFO] RtosManager:555 - Registered RTOS mode: class=RTOS, group=Core, mode=CMSIS_V1, owner=FREERTOS
2025-12-22 00:25:33,134 [INFO] RtosManager:555 - Registered RTOS mode: class=RTOS, group=Core, mode=CMSIS_V2, owner=FREERTOS
2025-12-22 00:25:33,134 [WARN] ModelIntegratedComponent:184 - Missing modes for component STMicroelectronics:FreeRTOS:0.0.1:STMicroelectronics:RTOS:FreeRTOS:Core:::10.2.0:
2025-12-22 00:25:33,139 [WARN] ModelIntegratedComponent:63 - No mode defined for component null
2025-12-22 00:25:33,139 [WARN] ModelIntegratedComponent:63 - No mode defined for component null
2025-12-22 00:25:33,139 [WARN] ModelIntegratedComponent:63 - No mode defined for component null
2025-12-22 00:25:33,139 [WARN] ModelIntegratedComponent:63 - No mode defined for component null
2025-12-22 00:25:33,139 [WARN] ModelIntegratedComponent:63 - No mode defined for component null
2025-12-22 00:25:33,139 [WARN] ModelIntegratedComponent:63 - No mode defined for component null
2025-12-22 00:25:33,139 [WARN] ModelIntegratedComponent:63 - No mode defined for component null
2025-12-22 00:25:33,139 [WARN] ModelIntegratedComponent:63 - No mode defined for component null
2025-12-22 00:25:33,139 [WARN] ModelIntegratedComponent:63 - No mode defined for component null
2025-12-22 00:25:33,139 [WARN] ModelIntegratedComponent:63 - No mode defined for component null
2025-12-22 00:25:33,146 [WARN] ModelIntegratedComponent:63 - No mode defined for component null
2025-12-22 00:25:33,147 [WARN] ModelIntegratedComponent:63 - No mode defined for component null
2025-12-22 00:25:33,147 [WARN] ModelIntegratedComponent:63 - No mode defined for component null
2025-12-22 00:25:33,148 [WARN] ModelIntegratedComponent:63 - No mode defined for component null
2025-12-22 00:25:33,148 [WARN] ModelIntegratedComponent:63 - No mode defined for component null
2025-12-22 00:25:33,148 [WARN] ModelIntegratedComponent:63 - No mode defined for component null
2025-12-22 00:25:33,148 [WARN] ModelIntegratedComponent:63 - No mode defined for component null
2025-12-22 00:25:33,148 [WARN] ModelIntegratedComponent:63 - No mode defined for component null
2025-12-22 00:25:33,148 [WARN] ModelIntegratedComponent:63 - No mode defined for component null
2025-12-22 00:25:33,148 [WARN] ModelIntegratedComponent:63 - No mode defined for component null
2025-12-22 00:25:33,148 [WARN] ModelIntegratedComponent:63 - No mode defined for component null
2025-12-22 00:25:33,148 [WARN] ModelIntegratedComponent:63 - No mode defined for component null
2025-12-22 00:25:33,148 [WARN] ModelIntegratedComponent:63 - No mode defined for component null
2025-12-22 00:25:33,148 [WARN] ModelIntegratedComponent:63 - No mode defined for component null
2025-12-22 00:25:33,148 [WARN] ModelIntegratedComponent:63 - No mode defined for component null
2025-12-22 00:25:33,148 [WARN] ModelIntegratedComponent:63 - No mode defined for component null
2025-12-22 00:25:33,148 [WARN] ModelIntegratedComponent:63 - No mode defined for component null
2025-12-22 00:25:33,148 [WARN] ModelIntegratedComponent:63 - No mode defined for component null
2025-12-22 00:25:33,148 [WARN] ModelIntegratedComponent:63 - No mode defined for component null
2025-12-22 00:25:33,148 [WARN] ModelIntegratedComponent:63 - No mode defined for component null
2025-12-22 00:25:33,148 [WARN] ModelIntegratedComponent:63 - No mode defined for component null
2025-12-22 00:25:33,148 [WARN] ModelIntegratedComponent:63 - No mode defined for component null
2025-12-22 00:25:33,148 [WARN] ModelIntegratedComponent:63 - No mode defined for component null
2025-12-22 00:25:33,148 [WARN] ModelIntegratedComponent:63 - No mode defined for component null
2025-12-22 00:25:33,148 [WARN] ModelIntegratedComponent:63 - No mode defined for component null
2025-12-22 00:25:33,149 [WARN] ModelPack:524 - Component already loaded: STMicroelectronics:HAL Drivers:0.0.0:STMicroelectronics:Device:STMicro_Driver:XSPI:HAL::0.0.1:HAL_XSPI
2025-12-22 00:25:33,286 [INFO] ThirdPartyModel:298 - Start build external matchings
2025-12-22 00:25:34,120 [INFO] ThirdPartyModel:316 - End build external matchings
2025-12-22 00:25:34,144 [WARN] IP:2251 - ClockDivider not found: check if there is a RefParameter without a condition.
2025-12-22 00:25:34,144 [WARN] IP:2251 - ClockDividerCCU not found: check if there is a RefParameter without a condition.
2025-12-22 00:25:34,145 [WARN] IP:2251 - MinOscClkPeriodsCCU not found: check if there is a RefParameter without a condition.
2025-12-22 00:25:34,145 [WARN] IP:2251 - TimeQuantaPerBitTimeCCU not found: check if there is a RefParameter without a condition.
2025-12-22 00:25:34,145 [WARN] IP:2251 - WatchdogStartValueCCU not found: check if there is a RefParameter without a condition.
2025-12-22 00:25:34,853 [INFO] ApiDb:581 - Connected to CubeFinder SQLite database (C:\Users\kamil\.stmcufinder\plugins\mcufinder\mcu\cube-finder-db.db)
2025-12-22 00:25:34,906 [INFO] ApiDb:668 - CubeFinder database Data Model version=2.1
2025-12-22 00:25:34,906 [INFO] ApiDb:669 - CubeFinder database Configuration version=3.0.39
2025-12-22 00:25:34,906 [INFO] ApiDb:670 - CubeFinder database generation date=2025-11-05 (1762334721)
2025-12-22 00:25:34,906 [INFO] ApiDb:671 - CubeFinder database FW Pack versions=[FP-ATR-ASTRA1_V2.0.0, FP-SNS-FLIGHT1_V5.1.0, FP-SNS-MOTENV1_V5.1.0, FP-SNS-MOTENVWB1_V1.4.0, FP-SNS-SMARTAG2_V1.2.0, FP-SNS-STBOX1_V2.1.0, STM32Cube_FW_C0_V1.4.0, STM32Cube_FW_F4_V1.28.3, STM32Cube_FW_F7_V1.17.4, STM32Cube_FW_G0_V1.6.2, STM32Cube_FW_G4_V1.6.1, STM32Cube_FW_H5_V1.5.1, STM32Cube_FW_H7RS_V1.3.0, STM32Cube_FW_H7_V1.12.1, STM32Cube_FW_L0_V1.12.2, STM32Cube_FW_L4_V1.18.1, STM32Cube_FW_L5_V1.6.0, STM32Cube_FW_N6_V1.3.0, STM32Cube_FW_U0_V1.3.0, STM32Cube_FW_U3_V1.2.1, STM32Cube_FW_U5_V1.8.0, STM32Cube_FW_WB0_V1.4.0, STM32Cube_FW_WBA_V1.8.0, STM32Cube_FW_WB_V1.24.0, STM32Cube_FW_WL3_V1.3.0, STM32Cube_FW_WL_V1.4.0, X-CUBE-ALGOBUILD_V1.4.0, X-CUBE-ALS_V1.0.2, X-CUBE-AZRTOS-F4_V1.1.0, X-CUBE-AZRTOS-F7_V1.1.0, X-CUBE-AZRTOS-G0_V1.1.0, X-CUBE-AZRTOS-G4_V2.0.0, X-CUBE-AZRTOS-H7RS_V1.1.0, X-CUBE-AZRTOS-H7_V3.4.0, X-CUBE-AZRTOS-L4_V2.0.0, X-CUBE-AZRTOS-L5_V2.0.0, X-CUBE-AZRTOS-WB_V2.0.0, X-CUBE-AZRTOS-WL_V2.0.0, X-CUBE-BLE1_V7.1.0, X-CUBE-BLE2_V3.3.0, X-CUBE-BLEMGR_V4.1.0, X-CUBE-EEPRMA1_V5.2.0, X-CUBE-FREERTOS_V1.3.1, X-CUBE-GNSS1_V6.0.0, X-CUBE-MEMS1_V11.3.0, X-CUBE-NFC4_V3.0.0, X-CUBE-NFC7_V2.0.0, X-CUBE-SFXS2LP1_V4.0.0, X-CUBE-ST67W61_V1.1.0, X-CUBE-SUBG2_V5.0.0, X-CUBE-TOF1_V3.4.3]
2025-12-22 00:25:34,954 [INFO] DbBoardsSqlite:226 - include board P-NUCLEO-WB55-NUCLEO as a kit item of type 'Nucleo-64'
2025-12-22 00:25:34,954 [INFO] DbBoardsSqlite:226 - include board P-NUCLEO-WB55-USBDONGLE as a kit item of type 'Nucleo USB Dongle'
2025-12-22 00:25:34,954 [INFO] DbBoardsSqlite:226 - include board STEVAL-IDP005V1 as a kit item of type 'Evaluation Board'
2025-12-22 00:25:34,955 [INFO] DbBoardsSqlite:226 - include board STEVAL-IDP005V2 as a kit item of type 'Evaluation Board'
2025-12-22 00:25:35,009 [INFO] ApiDb:240 - Found 858 in-development CPN: [B-G473E-ZEST1S, B-WB1M-WPAN1, B-WBA5M-WPAN, B-WL5M-SUBG1, NUCLEO-C031C6, NUCLEO-C051C8, NUCLEO-C071RB, NUCLEO-C092RC, NUCLEO-H503RB, NUCLEO-H533RE, NUCLEO-H563ZI, NUCLEO-H7S3L8, NUCLEO-N657X0-Q, NUCLEO-U031R8, NUCLEO-U083RC, NUCLEO-U385RG-Q, NUCLEO-U545RE-Q, NUCLEO-U5A5ZJ-Q, NUCLEO-WB05KZ, NUCLEO-WB07CC, NUCLEO-WB09KE, NUCLEO-WBA52CG, NUCLEO-WBA55CG, NUCLEO-WL33CC1, NUCLEO-WL33CC2, STEVAL-PROTEUS1, STEVAL-SMARTAG2, STEVAL-STWINBX1, STM320518-EVAL, STM32C0116-DK, STM32C011D6Y3TR, STM32C011D6Y6TR, STM32C011F4P3, STM32C011F4P6, STM32C011F4U3, STM32C011F4U6TR, STM32C011F6P3, STM32C011F6P6, STM32C011F6U3, STM32C011F6U6TR, STM32C011J4M3, STM32C011J4M6, STM32C011J6M3, STM32C011J6M6, STM32C0316-DK, STM32C031C4T3, STM32C031C4T6, STM32C031C4U3, STM32C031C4U6, STM32C031C6T3, STM32C031C6T6, STM32C031C6U3, STM32C031C6U6, STM32C031F4P3, STM32C031F4P6, STM32C031F6P3, STM32C031F6P6, STM32C031G4U3, STM32C031G4U6, STM32C031G6U3, STM32C031G6U6, STM32C031K4T3, STM32C031K4T6, STM32C031K4U3, STM32C031K4U6, STM32C031K6T3, STM32C031K6T6, STM32C031K6U3, STM32C031K6U6, STM32C051C6T6, STM32C051C6U6, STM32C051C8T6, STM32C051C8U6, STM32C051D8Y6TR, STM32C051F6P6, STM32C051F8P6, STM32C051G6U6, STM32C051G8U6, STM32C051K6T6, STM32C051K6U6, STM32C051K8T6, STM32C071C8T6, STM32C071C8T6N, STM32C071C8U6, STM32C071C8U6N, STM32C071CBT6, STM32C071CBT6N, STM32C071CBU6, STM32C071CBU6N, STM32C071F8P6, STM32C071F8P6N, STM32C071FBP6, STM32C071FBP6N, STM32C071FBY6TR, STM32C071G8U6, STM32C071G8U6N, STM32C071GBU6, STM32C071GBU6N, STM32C071K8T6, STM32C071K8T6N, STM32C071K8U6, STM32C071K8U6N, STM32C071KBT6, STM32C071KBT6N, STM32C071KBU6, STM32C071KBU6N, STM32C071R8T6, STM32C071R8T6N, STM32C071RBI6N, STM32C071RBT6, STM32C071RBT6N, STM32C091CBT6, STM32C091CBU6, STM32C091CCT6, STM32C091CCU6, STM32C091ECY6TR, STM32C091FBP6, STM32C091FCP6, STM32C091GBU6, STM32C091GCU6, STM32C091KBT6, STM32C091KBU6, STM32C091KCT6, STM32C091KCU6, STM32C091RBT6, STM32C091RCI6, STM32C091RCT6, STM32C092CBT6, STM32C092CBU6, STM32C092CCT6, STM32C092CCU6, STM32C092ECY6TR, STM32C092FBP6, STM32C092FCP6, STM32C092GBU6, STM32C092GCU6, STM32C092KBT6, STM32C092KBU6, STM32C092KCT6, STM32C092KCU6, STM32C092RBT6, STM32C092RCI6, STM32C092RCT6, STM32G071K8TXN, STM32G071K8UXN, STM32G081GBU6N, STM32G081KBT6N, STM32G081KBUXN, STM32G0B1CCT6N, STM32G0B1KCT6, STM32G0B1NEY6TR, STM32G0B1RCT6N, STM32G0C1CCT6, STM32G0C1CCT6N, STM32G0C1CCU6N, STM32G0C1CET6N, STM32G0C1CEU6N, STM32G0C1KCT6, STM32G0C1NEY6TR, STM32G0C1RCI6N, STM32G0C1RCT6N, STM32G0C1REI6N, STM32G0C1RET6N, STM32G0C1VCI6, STM32G0C1VEI6, STM32G411C6T3, STM32G411C6T6, STM32G411C6U3, STM32G411C6U6, STM32G411C8T3, STM32G411C8T6, STM32G411C8U3, STM32G411C8U6, STM32G411CBT3, STM32G411CBT6, STM32G411CBU3, STM32G411CBU6, STM32G411CCT3, STM32G411CCT6, STM32G411CCU3, STM32G411CCU6, STM32G411K6T3, STM32G411K6T6, STM32G411K6U3, STM32G411K6U6, STM32G411K8T3, STM32G411K8T6, STM32G411K8U3, STM32G411K8U6, STM32G411KBT3, STM32G411KBT6, STM32G411KBU3, STM32G411KBU6, STM32G411M6T3, STM32G411M6T6, STM32G411M8T3, STM32G411M8T6, STM32G411MBT3, STM32G411MBT6, STM32G411MCT3, STM32G411MCT6, STM32G411R6T3, STM32G411R6T6, STM32G411R8T3, STM32G411R8T6, STM32G411RBT3, STM32G411RBT6, STM32G411RCT3, STM32G411RCT6, STM32G414CBT3, STM32G414CBT6, STM32G414CBU3, STM32G414CBU6, STM32G414CCT3, STM32G414CCT6, STM32G414CCU3, STM32G414CCU6, STM32G414MBT3, STM32G414MBT6, STM32G414MCT3, STM32G414MCT6, STM32G414RBT3, STM32G414RBT6, STM32G414RCT3, STM32G414RCT6, STM32G414VBT3, STM32G414VBT6, STM32G414VCT3, STM32G414VCT6, STM32G431CBT3Z, STM32G431RBT3Z, STM32G471CCT6, STM32G471CCU6, STM32G471CET3, STM32G471CET6, STM32G471CEU3, STM32G471CEU6, STM32G471MCT6, STM32G471MET3, STM32G471MET6, STM32G471MEY6TR, STM32G471QCT6, STM32G471QET3, STM32G471RCT6, STM32G471RET3, STM32G471RET6, STM32G471VCH6, STM32G471VCI6, STM32G471VCT6, STM32G471VEH3, STM32G471VEH6, STM32G471VEI3, STM32G471VEI6, STM32G471VET3, STM32G471VET6, STM32G473QET3Z, STM32G473RET3Z, STM32G474CCT6, STM32G491RET3Z, STM32H503CBT6, STM32H503CBU6, STM32H503EBY6TR, STM32H503KBU6, STM32H503RBT6, STM32H523CCT6, STM32H523CCU6, STM32H523CET6, STM32H523CEU6, STM32H523HEY6TR, STM32H523RCT6, STM32H523RET6, STM32H523VCI6, STM32H523VCT6, STM32H523VEI6, STM32H523VET6, STM32H523ZCJ6, STM32H523ZCT6, STM32H523ZEJ6, STM32H523ZET6, STM32H533CET6, STM32H533CEU6, STM32H533HEY6TR, STM32H533RET6, STM32H533VEI6, STM32H533VET6, STM32H533ZEJ6, STM32H533ZET6, STM32H562AGI6, STM32H562AII6, STM32H562IGK6, STM32H562IGT6, STM32H562IIK6, STM32H562IIT6, STM32H562RGT6, STM32H562RGV6, STM32H562RIT6, STM32H562RIV6, STM32H562VGT6, STM32H562VIT6, STM32H562ZGT6, STM32H562ZIT6, STM32H563AGI6, STM32H563AII3Q, STM32H563AII6, STM32H563IGK6, STM32H563IGT6, STM32H563IIK3Q, STM32H563IIK6, STM32H563IIT3Q, STM32H563IIT6, STM32H563MIY3QTR, STM32H563RGT6, STM32H563RGV6, STM32H563RIT6, STM32H563RIV6, STM32H563VGT6, STM32H563VIT3Q, STM32H563VIT6, STM32H563ZGT6, STM32H563ZIT3Q, STM32H563ZIT6, STM32H573AII3Q, STM32H573AII6, STM32H573I-DK, STM32H573IIK3Q, STM32H573IIK6, STM32H573IIT3Q, STM32H573IIT6, STM32H573MIY3QTR, STM32H573RIT6, STM32H573RIV6, STM32H573VIT3Q, STM32H573VIT6, STM32H573ZIT3Q, STM32H573ZIT6, STM32H7R3A8I6, STM32H7R3I8K6, STM32H7R3I8T6, STM32H7R3L8H6, STM32H7R3L8H6H, STM32H7R3R8V6, STM32H7R3V8H6, STM32H7R3V8T6, STM32H7R3V8Y6TR, STM32H7R3Z8J6, STM32H7R3Z8T6, STM32H7R7A8I6, STM32H7R7I8K6, STM32H7R7I8T6, STM32H7R7L8H6, STM32H7R7L8H6H, STM32H7R7Z8J6, STM32H7S3A8I6, STM32H7S3I8K6, STM32H7S3I8T6, STM32H7S3L8H6, STM32H7S3L8H6H, STM32H7S3R8V6, STM32H7S3V8H6, STM32H7S3V8T6, STM32H7S3V8Y6TR, STM32H7S3Z8J6, STM32H7S3Z8T6, STM32H7S78-DK, STM32H7S7A8I6, STM32H7S7I8K6, STM32H7S7I8T6, STM32H7S7L8H6, STM32H7S7L8H6H, STM32H7S7Z8J6, STM32L4R5QGI6STR, STM32MP131AAE3, STM32MP131AAF3, STM32MP131AAG3, STM32MP131CAE3, STM32MP131CAF3, STM32MP131CAG3, STM32MP131DAE7, STM32MP131DAF7, STM32MP131DAG7, STM32MP131FAE7, STM32MP131FAF7, STM32MP131FAG7, STM32MP133AAE3, STM32MP133AAF3, STM32MP133AAG3, STM32MP133CAE3, STM32MP133CAF3, STM32MP133CAG3, STM32MP133DAE7, STM32MP133DAF7, STM32MP133DAG7, STM32MP133FAE7, STM32MP133FAF7, STM32MP133FAG7, STM32MP135AAE3, STM32MP135AAF3, STM32MP135AAG3, STM32MP135CAE3, STM32MP135CAF3, STM32MP135CAG3, STM32MP135DAE7, STM32MP135DAF7, STM32MP135DAG7, STM32MP135F-DK, STM32MP135FAE7, STM32MP135FAF7, STM32MP135FAF7T, STM32MP135FAF7U, STM32MP135FAG7, STM32MP231AAJ3, STM32MP231AAK3, STM32MP231AAL3, STM32MP231CAJ3, STM32MP231CAK3, STM32MP231CAL3, STM32MP231DAJ3, STM32MP231DAK3, STM32MP231DAL3, STM32MP231FAJ3, STM32MP231FAK3, STM32MP231FAL3, STM32MP233AAJ3, STM32MP233AAK3, STM32MP233AAL3, STM32MP233CAJ3, STM32MP233CAK3, STM32MP233CAL3, STM32MP233DAJ3, STM32MP233DAK3, STM32MP233DAL3, STM32MP233FAJ3, STM32MP233FAK3, STM32MP233FAL3, STM32MP235AAJ3, STM32MP235AAK3, STM32MP235AAL3, STM32MP235CAJ3, STM32MP235CAK3, STM32MP235CAL3, STM32MP235DAJ3, STM32MP235DAK3, STM32MP235DAL3, STM32MP235FAJ3, STM32MP235FAK3, STM32MP235FAL3, STM32MP251AAI3, STM32MP251AAJ3, STM32MP251AAK3, STM32MP251AAL3, STM32MP251CAI3, STM32MP251CAJ3, STM32MP251CAK3, STM32MP251CAL3, STM32MP251DAI3, STM32MP251DAJ3, STM32MP251DAK3, STM32MP251DAL3, STM32MP251FAI3, STM32MP251FAJ3, STM32MP251FAK3, STM32MP251FAL3, STM32MP253AAI3, STM32MP253AAJ3, STM32MP253AAK3, STM32MP253AAL3, STM32MP253CAI3, STM32MP253CAJ3, STM32MP253CAK3, STM32MP253CAL3, STM32MP253DAI3, STM32MP253DAJ3, STM32MP253DAK3, STM32MP253DAL3, STM32MP253FAI3, STM32MP253FAJ3, STM32MP253FAK3, STM32MP253FAL3, STM32MP255AAI3, STM32MP255AAJ3, STM32MP255AAK3, STM32MP255AAL3, STM32MP255CAI3, STM32MP255CAJ3, STM32MP255CAK3, STM32MP255CAL3, STM32MP255DAI3, STM32MP255DAJ3, STM32MP255DAK3, STM32MP255DAL3, STM32MP255FAI3, STM32MP255FAJ3, STM32MP255FAK3, STM32MP255FAL3, STM32MP257AAI3, STM32MP257AAJ3, STM32MP257AAK3, STM32MP257AAL3, STM32MP257CAI3, STM32MP257CAJ3, STM32MP257CAK3, STM32MP257CAL3, STM32MP257DAI3, STM32MP257DAJ3, STM32MP257DAK3, STM32MP257DAL3, STM32MP257F-DK, STM32MP257F-EV1, STM32MP257FAI3, STM32MP257FAJ3, STM32MP257FAK3, STM32MP257FAL3, STM32N645A0H3Q, STM32N645B0H3Q, STM32N645I0H3Q, STM32N645L0H3Q, STM32N645X0H3Q, STM32N645Z0H3Q, STM32N647A0H3Q, STM32N647B0H3Q, STM32N647I0H3Q, STM32N647L0H3Q, STM32N647X0H3Q, STM32N647Z0H3Q, STM32N655A0H3Q, STM32N655B0H3Q, STM32N655I0H3Q, STM32N655L0H3Q, STM32N655X0H3Q, STM32N655Z0H3Q, STM32N6570-DK, STM32N657A0H3Q, STM32N657B0H3Q, STM32N657I0H3Q, STM32N657L0H3Q, STM32N657X0H3Q, STM32N657Z0H3Q, STM32U031C6T6, STM32U031C6U6, STM32U031C8T6, STM32U031C8U6, STM32U031F4P6, STM32U031F6P6, STM32U031F8P6, STM32U031G6Y6TR, STM32U031G8Y6TR, STM32U031K4U6, STM32U031K6U6, STM32U031K8U6, STM32U031R6I6, STM32U031R6T6, STM32U031R8I6, STM32U031R8T6, STM32U073C8T6, STM32U073C8U6, STM32U073CBT6, STM32U073CBU6, STM32U073CCT6, STM32U073CCU6, STM32U073H8Y6TR, STM32U073HBY6TR, STM32U073HCY6TR, STM32U073K8U6, STM32U073KBU6, STM32U073KCU6, STM32U073M8I6, STM32U073M8T6, STM32U073MBI6, STM32U073MBT6, STM32U073MCI6, STM32U073MCT6, STM32U073R8I6, STM32U073R8T6, STM32U073RBI6, STM32U073RBT6, STM32U073RCI6, STM32U073RCT6, STM32U083C-DK, STM32U083CCT6, STM32U083CCU6, STM32U083HCY6TR, STM32U083KCU6, STM32U083MCI6, STM32U083MCT6, STM32U083RCI6, STM32U083RCT6, STM32U375CET6, STM32U375CET6Q, STM32U375CEU6, STM32U375CEU6Q, STM32U375CEY6QTR, STM32U375CGT6, STM32U375CGT6Q, STM32U375CGU6, STM32U375CGU6Q, STM32U375CGY6QTR, STM32U375KEU6, STM32U375KGU6, STM32U375REI6, STM32U375REI6Q, STM32U375RET6, STM32U375RET6Q, STM32U375REY6GTR, STM32U375REY6QTR, STM32U375RGI6, STM32U375RGI6Q, STM32U375RGT6, STM32U375RGT6Q, STM32U375RGY6GTR, STM32U375RGY6QTR, STM32U375VEI6, STM32U375VEI6Q, STM32U375VET6, STM32U375VET6Q, STM32U375VGI6, STM32U375VGI6Q, STM32U375VGT6, STM32U375VGT6Q, STM32U385CGT6, STM32U385CGT6Q, STM32U385CGU6, STM32U385CGU6Q, STM32U385CGY6QTR, STM32U385KGU6, STM32U385RGI6, STM32U385RGI6Q, STM32U385RGT6, STM32U385RGT6Q, STM32U385RGY6GTR, STM32U385RGY6QTR, STM32U385VGI6, STM32U385VGI6Q, STM32U385VGT6, STM32U385VGT6Q, STM32U535CBT6, STM32U535CBT6Q, STM32U535CBU6, STM32U535CBU6Q, STM32U535CCT6, STM32U535CCT6Q, STM32U535CCU6, STM32U535CCU6Q, STM32U535CET6, STM32U535CET6Q, STM32U535CEU6, STM32U535CEU6Q, STM32U535JEY6QTR, STM32U535NCY6QTR, STM32U535NEY6QTR, STM32U535RBI6, STM32U535RBI6Q, STM32U535RBT6, STM32U535RBT6Q, STM32U535RCI6, STM32U535RCI6Q, STM32U535RCT6, STM32U535RCT6Q, STM32U535REI6, STM32U535REI6Q, STM32U535RET6, STM32U535RET6Q, STM32U535VCI6, STM32U535VCI6Q, STM32U535VCT6, STM32U535VCT6Q, STM32U535VEI6, STM32U535VEI6Q, STM32U535VET6, STM32U535VET6Q, STM32U545CET6, STM32U545CET6Q, STM32U545CEU6, STM32U545CEU6Q, STM32U545JEY6QTR, STM32U545NEY6QTR, STM32U545REI6, STM32U545REI6Q, STM32U545RET6, STM32U545RET6Q, STM32U545VEI6, STM32U545VEI6Q, STM32U545VET6, STM32U545VET6Q, STM32U595AIH6, STM32U595AIH6Q, STM32U595AJH6, STM32U595AJH6Q, STM32U595QII6, STM32U595QII6Q, STM32U595QJI6, STM32U595QJI6Q, STM32U595RIT6, STM32U595RIT6Q, STM32U595RJT6, STM32U595RJT6Q, STM32U595VIT6, STM32U595VIT6Q, STM32U595VJT6, STM32U595VJT6Q, STM32U595ZIT6, STM32U595ZIT6Q, STM32U595ZIY6QTR, STM32U595ZJT6, STM32U595ZJT6Q, STM32U595ZJY6QTR, STM32U599BJY6QTR, STM32U599NIH6Q, STM32U599NJH6Q, STM32U599VIT6Q, STM32U599VJT6, STM32U599VJT6Q, STM32U599ZIT6Q, STM32U599ZIY6QTR, STM32U599ZJT6Q, STM32U599ZJY6QTR, STM32U5A5AJH6, STM32U5A5AJH6Q, STM32U5A5QII3Q , STM32U5A5QJI6, STM32U5A5QJI6Q, STM32U5A5RJT6, STM32U5A5RJT6Q, STM32U5A5VJT6, STM32U5A5VJT6Q, STM32U5A5ZJT6, STM32U5A5ZJT6Q, STM32U5A5ZJY6QTR, STM32U5A9BJY6QTR, STM32U5A9J-DK, STM32U5A9NJH6Q, STM32U5A9VJT6Q, STM32U5A9ZJT6Q, STM32U5A9ZJY6QTR, STM32U5F7VIT6, STM32U5F7VIT6Q, STM32U5F7VJT6, STM32U5F7VJT6Q, STM32U5F9BJY6QTR, STM32U5F9NJH6Q, STM32U5F9VIT6Q, STM32U5F9VJT6Q, STM32U5F9ZIJ6QTR, STM32U5F9ZIT6Q, STM32U5F9ZJJ6QTR, STM32U5F9ZJT6Q, STM32U5G7VJT6, STM32U5G7VJT6Q, STM32U5G9BJY6QTR, STM32U5G9J-DK1, STM32U5G9J-DK2, STM32U5G9NJH6Q, STM32U5G9VJT6Q, STM32U5G9ZJJ6QTR, STM32U5G9ZJT6Q, STM32WB05KZV6TR, STM32WB05KZV7TR, STM32WB05TZF6TR, STM32WB05TZF7TR, STM32WB06CCF6TR, STM32WB06CCF7TR, STM32WB06CCV6TR, STM32WB06CCV7TR, STM32WB06KCV6TR, STM32WB06KCV7TR, STM32WB07CCF6TR, STM32WB07CCF7TR, STM32WB07CCV6TR, STM32WB07CCV7TR, STM32WB07KCV6TR, STM32WB07KCV7TR, STM32WB09KEV6TR, STM32WB09KEV7TR, STM32WB09TEF6TR, STM32WB09TEF7TR, STM32WB1MMCH6, STM32WBA50KGU6, STM32WBA50KGU6TR, STM32WBA52CEU6, STM32WBA52CEU6TR, STM32WBA52CEU7, STM32WBA52CEU7TR, STM32WBA52CGU6, STM32WBA52CGU6TR, STM32WBA52CGU6U, STM32WBA52CGU7, STM32WBA52CGU7TR, STM32WBA52KEU6, STM32WBA52KEU6TR, STM32WBA52KGU6, STM32WBA52KGU6TR, STM32WBA54CEU6, STM32WBA54CEU6TR, STM32WBA54CEU7, STM32WBA54CEU7TR, STM32WBA54CGU6, STM32WBA54CGU6TR, STM32WBA54CGU7, STM32WBA54CGU7TR, STM32WBA54KEU6, STM32WBA54KEU6TR, STM32WBA54KEU7, STM32WBA54KEU7TR, STM32WBA54KGU6, STM32WBA54KGU6TR, STM32WBA54KGU7, STM32WBA54KGU7TR, STM32WBA55CEU6, STM32WBA55CEU6TR, STM32WBA55CEU7, STM32WBA55CEU7TR, STM32WBA55CGU6, STM32WBA55CGU6TR, STM32WBA55CGU6U, STM32WBA55CGU7, STM32WBA55CGU7TR, STM32WBA55G-DK1, STM32WBA55HEF6, STM32WBA55HEF7, STM32WBA55HGF6, STM32WBA55HGF7, STM32WBA55UEI6, STM32WBA55UEI6TR, STM32WBA55UEI7, STM32WBA55UEI7TR, STM32WBA55UGI6, STM32WBA55UGI6TR, STM32WBA55UGI7, STM32WBA55UGI7TR, STM32WBA5MJGH6TR, STM32WBA5MJGH6U, STM32WL33C8V6, STM32WL33C8V6TR, STM32WL33C8V7, STM32WL33C8V7TR, STM32WL33CBV6, STM32WL33CBV6TR, STM32WL33CBV7, STM32WL33CBV7TR, STM32WL33CCV6, STM32WL33CCV6TR, STM32WL33CCV7, STM32WL33CCV7A, STM32WL33CCV7ATR, STM32WL33CCV7TR, STM32WL33K8V6, STM32WL33K8V6TR, STM32WL33K8V7, STM32WL33K8V7TR, STM32WL33KBV6, STM32WL33KBV6TR, STM32WL33KBV7, STM32WL33KBV7TR, STM32WL33KCV6, STM32WL33KCV6TR, STM32WL33KCV7, STM32WL33KCV7TR, STM32WL5MOCH6, STM32WL5MOCH6TR]
2025-12-22 00:25:35,014 [INFO] ApiDb:668 - CubeFinder database Data Model version=2.1
2025-12-22 00:25:35,014 [INFO] ApiDb:669 - CubeFinder database Configuration version=3.0.39
2025-12-22 00:25:35,014 [INFO] ApiDb:670 - CubeFinder database generation date=2025-11-05 (1762334721)
2025-12-22 00:25:35,014 [INFO] ApiDb:671 - CubeFinder database FW Pack versions=[FP-ATR-ASTRA1_V2.0.0, FP-SNS-FLIGHT1_V5.1.0, FP-SNS-MOTENV1_V5.1.0, FP-SNS-MOTENVWB1_V1.4.0, FP-SNS-SMARTAG2_V1.2.0, FP-SNS-STBOX1_V2.1.0, STM32Cube_FW_C0_V1.4.0, STM32Cube_FW_F4_V1.28.3, STM32Cube_FW_F7_V1.17.4, STM32Cube_FW_G0_V1.6.2, STM32Cube_FW_G4_V1.6.1, STM32Cube_FW_H5_V1.5.1, STM32Cube_FW_H7RS_V1.3.0, STM32Cube_FW_H7_V1.12.1, STM32Cube_FW_L0_V1.12.2, STM32Cube_FW_L4_V1.18.1, STM32Cube_FW_L5_V1.6.0, STM32Cube_FW_N6_V1.3.0, STM32Cube_FW_U0_V1.3.0, STM32Cube_FW_U3_V1.2.1, STM32Cube_FW_U5_V1.8.0, STM32Cube_FW_WB0_V1.4.0, STM32Cube_FW_WBA_V1.8.0, STM32Cube_FW_WB_V1.24.0, STM32Cube_FW_WL3_V1.3.0, STM32Cube_FW_WL_V1.4.0, X-CUBE-ALGOBUILD_V1.4.0, X-CUBE-ALS_V1.0.2, X-CUBE-AZRTOS-F4_V1.1.0, X-CUBE-AZRTOS-F7_V1.1.0, X-CUBE-AZRTOS-G0_V1.1.0, X-CUBE-AZRTOS-G4_V2.0.0, X-CUBE-AZRTOS-H7RS_V1.1.0, X-CUBE-AZRTOS-H7_V3.4.0, X-CUBE-AZRTOS-L4_V2.0.0, X-CUBE-AZRTOS-L5_V2.0.0, X-CUBE-AZRTOS-WB_V2.0.0, X-CUBE-AZRTOS-WL_V2.0.0, X-CUBE-BLE1_V7.1.0, X-CUBE-BLE2_V3.3.0, X-CUBE-BLEMGR_V4.1.0, X-CUBE-EEPRMA1_V5.2.0, X-CUBE-FREERTOS_V1.3.1, X-CUBE-GNSS1_V6.0.0, X-CUBE-MEMS1_V11.3.0, X-CUBE-NFC4_V3.0.0, X-CUBE-NFC7_V2.0.0, X-CUBE-SFXS2LP1_V4.0.0, X-CUBE-ST67W61_V1.1.0, X-CUBE-SUBG2_V5.0.0, X-CUBE-TOF1_V3.4.3]
2025-12-22 00:25:36,515 [INFO] ApiDb:240 - Found 858 in-development CPN: [B-G473E-ZEST1S, B-WB1M-WPAN1, B-WBA5M-WPAN, B-WL5M-SUBG1, NUCLEO-C031C6, NUCLEO-C051C8, NUCLEO-C071RB, NUCLEO-C092RC, NUCLEO-H503RB, NUCLEO-H533RE, NUCLEO-H563ZI, NUCLEO-H7S3L8, NUCLEO-N657X0-Q, NUCLEO-U031R8, NUCLEO-U083RC, NUCLEO-U385RG-Q, NUCLEO-U545RE-Q, NUCLEO-U5A5ZJ-Q, NUCLEO-WB05KZ, NUCLEO-WB07CC, NUCLEO-WB09KE, NUCLEO-WBA52CG, NUCLEO-WBA55CG, NUCLEO-WL33CC1, NUCLEO-WL33CC2, STEVAL-PROTEUS1, STEVAL-SMARTAG2, STEVAL-STWINBX1, STM320518-EVAL, STM32C0116-DK, STM32C011D6Y3TR, STM32C011D6Y6TR, STM32C011F4P3, STM32C011F4P6, STM32C011F4U3, STM32C011F4U6TR, STM32C011F6P3, STM32C011F6P6, STM32C011F6U3, STM32C011F6U6TR, STM32C011J4M3, STM32C011J4M6, STM32C011J6M3, STM32C011J6M6, STM32C0316-DK, STM32C031C4T3, STM32C031C4T6, STM32C031C4U3, STM32C031C4U6, STM32C031C6T3, STM32C031C6T6, STM32C031C6U3, STM32C031C6U6, STM32C031F4P3, STM32C031F4P6, STM32C031F6P3, STM32C031F6P6, STM32C031G4U3, STM32C031G4U6, STM32C031G6U3, STM32C031G6U6, STM32C031K4T3, STM32C031K4T6, STM32C031K4U3, STM32C031K4U6, STM32C031K6T3, STM32C031K6T6, STM32C031K6U3, STM32C031K6U6, STM32C051C6T6, STM32C051C6U6, STM32C051C8T6, STM32C051C8U6, STM32C051D8Y6TR, STM32C051F6P6, STM32C051F8P6, STM32C051G6U6, STM32C051G8U6, STM32C051K6T6, STM32C051K6U6, STM32C051K8T6, STM32C071C8T6, STM32C071C8T6N, STM32C071C8U6, STM32C071C8U6N, STM32C071CBT6, STM32C071CBT6N, STM32C071CBU6, STM32C071CBU6N, STM32C071F8P6, STM32C071F8P6N, STM32C071FBP6, STM32C071FBP6N, STM32C071FBY6TR, STM32C071G8U6, STM32C071G8U6N, STM32C071GBU6, STM32C071GBU6N, STM32C071K8T6, STM32C071K8T6N, STM32C071K8U6, STM32C071K8U6N, STM32C071KBT6, STM32C071KBT6N, STM32C071KBU6, STM32C071KBU6N, STM32C071R8T6, STM32C071R8T6N, STM32C071RBI6N, STM32C071RBT6, STM32C071RBT6N, STM32C091CBT6, STM32C091CBU6, STM32C091CCT6, STM32C091CCU6, STM32C091ECY6TR, STM32C091FBP6, STM32C091FCP6, STM32C091GBU6, STM32C091GCU6, STM32C091KBT6, STM32C091KBU6, STM32C091KCT6, STM32C091KCU6, STM32C091RBT6, STM32C091RCI6, STM32C091RCT6, STM32C092CBT6, STM32C092CBU6, STM32C092CCT6, STM32C092CCU6, STM32C092ECY6TR, STM32C092FBP6, STM32C092FCP6, STM32C092GBU6, STM32C092GCU6, STM32C092KBT6, STM32C092KBU6, STM32C092KCT6, STM32C092KCU6, STM32C092RBT6, STM32C092RCI6, STM32C092RCT6, STM32G071K8TXN, STM32G071K8UXN, STM32G081GBU6N, STM32G081KBT6N, STM32G081KBUXN, STM32G0B1CCT6N, STM32G0B1KCT6, STM32G0B1NEY6TR, STM32G0B1RCT6N, STM32G0C1CCT6, STM32G0C1CCT6N, STM32G0C1CCU6N, STM32G0C1CET6N, STM32G0C1CEU6N, STM32G0C1KCT6, STM32G0C1NEY6TR, STM32G0C1RCI6N, STM32G0C1RCT6N, STM32G0C1REI6N, STM32G0C1RET6N, STM32G0C1VCI6, STM32G0C1VEI6, STM32G411C6T3, STM32G411C6T6, STM32G411C6U3, STM32G411C6U6, STM32G411C8T3, STM32G411C8T6, STM32G411C8U3, STM32G411C8U6, STM32G411CBT3, STM32G411CBT6, STM32G411CBU3, STM32G411CBU6, STM32G411CCT3, STM32G411CCT6, STM32G411CCU3, STM32G411CCU6, STM32G411K6T3, STM32G411K6T6, STM32G411K6U3, STM32G411K6U6, STM32G411K8T3, STM32G411K8T6, STM32G411K8U3, STM32G411K8U6, STM32G411KBT3, STM32G411KBT6, STM32G411KBU3, STM32G411KBU6, STM32G411M6T3, STM32G411M6T6, STM32G411M8T3, STM32G411M8T6, STM32G411MBT3, STM32G411MBT6, STM32G411MCT3, STM32G411MCT6, STM32G411R6T3, STM32G411R6T6, STM32G411R8T3, STM32G411R8T6, STM32G411RBT3, STM32G411RBT6, STM32G411RCT3, STM32G411RCT6, STM32G414CBT3, STM32G414CBT6, STM32G414CBU3, STM32G414CBU6, STM32G414CCT3, STM32G414CCT6, STM32G414CCU3, STM32G414CCU6, STM32G414MBT3, STM32G414MBT6, STM32G414MCT3, STM32G414MCT6, STM32G414RBT3, STM32G414RBT6, STM32G414RCT3, STM32G414RCT6, STM32G414VBT3, STM32G414VBT6, STM32G414VCT3, STM32G414VCT6, STM32G431CBT3Z, STM32G431RBT3Z, STM32G471CCT6, STM32G471CCU6, STM32G471CET3, STM32G471CET6, STM32G471CEU3, STM32G471CEU6, STM32G471MCT6, STM32G471MET3, STM32G471MET6, STM32G471MEY6TR, STM32G471QCT6, STM32G471QET3, STM32G471RCT6, STM32G471RET3, STM32G471RET6, STM32G471VCH6, STM32G471VCI6, STM32G471VCT6, STM32G471VEH3, STM32G471VEH6, STM32G471VEI3, STM32G471VEI6, STM32G471VET3, STM32G471VET6, STM32G473QET3Z, STM32G473RET3Z, STM32G474CCT6, STM32G491RET3Z, STM32H503CBT6, STM32H503CBU6, STM32H503EBY6TR, STM32H503KBU6, STM32H503RBT6, STM32H523CCT6, STM32H523CCU6, STM32H523CET6, STM32H523CEU6, STM32H523HEY6TR, STM32H523RCT6, STM32H523RET6, STM32H523VCI6, STM32H523VCT6, STM32H523VEI6, STM32H523VET6, STM32H523ZCJ6, STM32H523ZCT6, STM32H523ZEJ6, STM32H523ZET6, STM32H533CET6, STM32H533CEU6, STM32H533HEY6TR, STM32H533RET6, STM32H533VEI6, STM32H533VET6, STM32H533ZEJ6, STM32H533ZET6, STM32H562AGI6, STM32H562AII6, STM32H562IGK6, STM32H562IGT6, STM32H562IIK6, STM32H562IIT6, STM32H562RGT6, STM32H562RGV6, STM32H562RIT6, STM32H562RIV6, STM32H562VGT6, STM32H562VIT6, STM32H562ZGT6, STM32H562ZIT6, STM32H563AGI6, STM32H563AII3Q, STM32H563AII6, STM32H563IGK6, STM32H563IGT6, STM32H563IIK3Q, STM32H563IIK6, STM32H563IIT3Q, STM32H563IIT6, STM32H563MIY3QTR, STM32H563RGT6, STM32H563RGV6, STM32H563RIT6, STM32H563RIV6, STM32H563VGT6, STM32H563VIT3Q, STM32H563VIT6, STM32H563ZGT6, STM32H563ZIT3Q, STM32H563ZIT6, STM32H573AII3Q, STM32H573AII6, STM32H573I-DK, STM32H573IIK3Q, STM32H573IIK6, STM32H573IIT3Q, STM32H573IIT6, STM32H573MIY3QTR, STM32H573RIT6, STM32H573RIV6, STM32H573VIT3Q, STM32H573VIT6, STM32H573ZIT3Q, STM32H573ZIT6, STM32H7R3A8I6, STM32H7R3I8K6, STM32H7R3I8T6, STM32H7R3L8H6, STM32H7R3L8H6H, STM32H7R3R8V6, STM32H7R3V8H6, STM32H7R3V8T6, STM32H7R3V8Y6TR, STM32H7R3Z8J6, STM32H7R3Z8T6, STM32H7R7A8I6, STM32H7R7I8K6, STM32H7R7I8T6, STM32H7R7L8H6, STM32H7R7L8H6H, STM32H7R7Z8J6, STM32H7S3A8I6, STM32H7S3I8K6, STM32H7S3I8T6, STM32H7S3L8H6, STM32H7S3L8H6H, STM32H7S3R8V6, STM32H7S3V8H6, STM32H7S3V8T6, STM32H7S3V8Y6TR, STM32H7S3Z8J6, STM32H7S3Z8T6, STM32H7S78-DK, STM32H7S7A8I6, STM32H7S7I8K6, STM32H7S7I8T6, STM32H7S7L8H6, STM32H7S7L8H6H, STM32H7S7Z8J6, STM32L4R5QGI6STR, STM32MP131AAE3, STM32MP131AAF3, STM32MP131AAG3, STM32MP131CAE3, STM32MP131CAF3, STM32MP131CAG3, STM32MP131DAE7, STM32MP131DAF7, STM32MP131DAG7, STM32MP131FAE7, STM32MP131FAF7, STM32MP131FAG7, STM32MP133AAE3, STM32MP133AAF3, STM32MP133AAG3, STM32MP133CAE3, STM32MP133CAF3, STM32MP133CAG3, STM32MP133DAE7, STM32MP133DAF7, STM32MP133DAG7, STM32MP133FAE7, STM32MP133FAF7, STM32MP133FAG7, STM32MP135AAE3, STM32MP135AAF3, STM32MP135AAG3, STM32MP135CAE3, STM32MP135CAF3, STM32MP135CAG3, STM32MP135DAE7, STM32MP135DAF7, STM32MP135DAG7, STM32MP135F-DK, STM32MP135FAE7, STM32MP135FAF7, STM32MP135FAF7T, STM32MP135FAF7U, STM32MP135FAG7, STM32MP231AAJ3, STM32MP231AAK3, STM32MP231AAL3, STM32MP231CAJ3, STM32MP231CAK3, STM32MP231CAL3, STM32MP231DAJ3, STM32MP231DAK3, STM32MP231DAL3, STM32MP231FAJ3, STM32MP231FAK3, STM32MP231FAL3, STM32MP233AAJ3, STM32MP233AAK3, STM32MP233AAL3, STM32MP233CAJ3, STM32MP233CAK3, STM32MP233CAL3, STM32MP233DAJ3, STM32MP233DAK3, STM32MP233DAL3, STM32MP233FAJ3, STM32MP233FAK3, STM32MP233FAL3, STM32MP235AAJ3, STM32MP235AAK3, STM32MP235AAL3, STM32MP235CAJ3, STM32MP235CAK3, STM32MP235CAL3, STM32MP235DAJ3, STM32MP235DAK3, STM32MP235DAL3, STM32MP235FAJ3, STM32MP235FAK3, STM32MP235FAL3, STM32MP251AAI3, STM32MP251AAJ3, STM32MP251AAK3, STM32MP251AAL3, STM32MP251CAI3, STM32MP251CAJ3, STM32MP251CAK3, STM32MP251CAL3, STM32MP251DAI3, STM32MP251DAJ3, STM32MP251DAK3, STM32MP251DAL3, STM32MP251FAI3, STM32MP251FAJ3, STM32MP251FAK3, STM32MP251FAL3, STM32MP253AAI3, STM32MP253AAJ3, STM32MP253AAK3, STM32MP253AAL3, STM32MP253CAI3, STM32MP253CAJ3, STM32MP253CAK3, STM32MP253CAL3, STM32MP253DAI3, STM32MP253DAJ3, STM32MP253DAK3, STM32MP253DAL3, STM32MP253FAI3, STM32MP253FAJ3, STM32MP253FAK3, STM32MP253FAL3, STM32MP255AAI3, STM32MP255AAJ3, STM32MP255AAK3, STM32MP255AAL3, STM32MP255CAI3, STM32MP255CAJ3, STM32MP255CAK3, STM32MP255CAL3, STM32MP255DAI3, STM32MP255DAJ3, STM32MP255DAK3, STM32MP255DAL3, STM32MP255FAI3, STM32MP255FAJ3, STM32MP255FAK3, STM32MP255FAL3, STM32MP257AAI3, STM32MP257AAJ3, STM32MP257AAK3, STM32MP257AAL3, STM32MP257CAI3, STM32MP257CAJ3, STM32MP257CAK3, STM32MP257CAL3, STM32MP257DAI3, STM32MP257DAJ3, STM32MP257DAK3, STM32MP257DAL3, STM32MP257F-DK, STM32MP257F-EV1, STM32MP257FAI3, STM32MP257FAJ3, STM32MP257FAK3, STM32MP257FAL3, STM32N645A0H3Q, STM32N645B0H3Q, STM32N645I0H3Q, STM32N645L0H3Q, STM32N645X0H3Q, STM32N645Z0H3Q, STM32N647A0H3Q, STM32N647B0H3Q, STM32N647I0H3Q, STM32N647L0H3Q, STM32N647X0H3Q, STM32N647Z0H3Q, STM32N655A0H3Q, STM32N655B0H3Q, STM32N655I0H3Q, STM32N655L0H3Q, STM32N655X0H3Q, STM32N655Z0H3Q, STM32N6570-DK, STM32N657A0H3Q, STM32N657B0H3Q, STM32N657I0H3Q, STM32N657L0H3Q, STM32N657X0H3Q, STM32N657Z0H3Q, STM32U031C6T6, STM32U031C6U6, STM32U031C8T6, STM32U031C8U6, STM32U031F4P6, STM32U031F6P6, STM32U031F8P6, STM32U031G6Y6TR, STM32U031G8Y6TR, STM32U031K4U6, STM32U031K6U6, STM32U031K8U6, STM32U031R6I6, STM32U031R6T6, STM32U031R8I6, STM32U031R8T6, STM32U073C8T6, STM32U073C8U6, STM32U073CBT6, STM32U073CBU6, STM32U073CCT6, STM32U073CCU6, STM32U073H8Y6TR, STM32U073HBY6TR, STM32U073HCY6TR, STM32U073K8U6, STM32U073KBU6, STM32U073KCU6, STM32U073M8I6, STM32U073M8T6, STM32U073MBI6, STM32U073MBT6, STM32U073MCI6, STM32U073MCT6, STM32U073R8I6, STM32U073R8T6, STM32U073RBI6, STM32U073RBT6, STM32U073RCI6, STM32U073RCT6, STM32U083C-DK, STM32U083CCT6, STM32U083CCU6, STM32U083HCY6TR, STM32U083KCU6, STM32U083MCI6, STM32U083MCT6, STM32U083RCI6, STM32U083RCT6, STM32U375CET6, STM32U375CET6Q, STM32U375CEU6, STM32U375CEU6Q, STM32U375CEY6QTR, STM32U375CGT6, STM32U375CGT6Q, STM32U375CGU6, STM32U375CGU6Q, STM32U375CGY6QTR, STM32U375KEU6, STM32U375KGU6, STM32U375REI6, STM32U375REI6Q, STM32U375RET6, STM32U375RET6Q, STM32U375REY6GTR, STM32U375REY6QTR, STM32U375RGI6, STM32U375RGI6Q, STM32U375RGT6, STM32U375RGT6Q, STM32U375RGY6GTR, STM32U375RGY6QTR, STM32U375VEI6, STM32U375VEI6Q, STM32U375VET6, STM32U375VET6Q, STM32U375VGI6, STM32U375VGI6Q, STM32U375VGT6, STM32U375VGT6Q, STM32U385CGT6, STM32U385CGT6Q, STM32U385CGU6, STM32U385CGU6Q, STM32U385CGY6QTR, STM32U385KGU6, STM32U385RGI6, STM32U385RGI6Q, STM32U385RGT6, STM32U385RGT6Q, STM32U385RGY6GTR, STM32U385RGY6QTR, STM32U385VGI6, STM32U385VGI6Q, STM32U385VGT6, STM32U385VGT6Q, STM32U535CBT6, STM32U535CBT6Q, STM32U535CBU6, STM32U535CBU6Q, STM32U535CCT6, STM32U535CCT6Q, STM32U535CCU6, STM32U535CCU6Q, STM32U535CET6, STM32U535CET6Q, STM32U535CEU6, STM32U535CEU6Q, STM32U535JEY6QTR, STM32U535NCY6QTR, STM32U535NEY6QTR, STM32U535RBI6, STM32U535RBI6Q, STM32U535RBT6, STM32U535RBT6Q, STM32U535RCI6, STM32U535RCI6Q, STM32U535RCT6, STM32U535RCT6Q, STM32U535REI6, STM32U535REI6Q, STM32U535RET6, STM32U535RET6Q, STM32U535VCI6, STM32U535VCI6Q, STM32U535VCT6, STM32U535VCT6Q, STM32U535VEI6, STM32U535VEI6Q, STM32U535VET6, STM32U535VET6Q, STM32U545CET6, STM32U545CET6Q, STM32U545CEU6, STM32U545CEU6Q, STM32U545JEY6QTR, STM32U545NEY6QTR, STM32U545REI6, STM32U545REI6Q, STM32U545RET6, STM32U545RET6Q, STM32U545VEI6, STM32U545VEI6Q, STM32U545VET6, STM32U545VET6Q, STM32U595AIH6, STM32U595AIH6Q, STM32U595AJH6, STM32U595AJH6Q, STM32U595QII6, STM32U595QII6Q, STM32U595QJI6, STM32U595QJI6Q, STM32U595RIT6, STM32U595RIT6Q, STM32U595RJT6, STM32U595RJT6Q, STM32U595VIT6, STM32U595VIT6Q, STM32U595VJT6, STM32U595VJT6Q, STM32U595ZIT6, STM32U595ZIT6Q, STM32U595ZIY6QTR, STM32U595ZJT6, STM32U595ZJT6Q, STM32U595ZJY6QTR, STM32U599BJY6QTR, STM32U599NIH6Q, STM32U599NJH6Q, STM32U599VIT6Q, STM32U599VJT6, STM32U599VJT6Q, STM32U599ZIT6Q, STM32U599ZIY6QTR, STM32U599ZJT6Q, STM32U599ZJY6QTR, STM32U5A5AJH6, STM32U5A5AJH6Q, STM32U5A5QII3Q , STM32U5A5QJI6, STM32U5A5QJI6Q, STM32U5A5RJT6, STM32U5A5RJT6Q, STM32U5A5VJT6, STM32U5A5VJT6Q, STM32U5A5ZJT6, STM32U5A5ZJT6Q, STM32U5A5ZJY6QTR, STM32U5A9BJY6QTR, STM32U5A9J-DK, STM32U5A9NJH6Q, STM32U5A9VJT6Q, STM32U5A9ZJT6Q, STM32U5A9ZJY6QTR, STM32U5F7VIT6, STM32U5F7VIT6Q, STM32U5F7VJT6, STM32U5F7VJT6Q, STM32U5F9BJY6QTR, STM32U5F9NJH6Q, STM32U5F9VIT6Q, STM32U5F9VJT6Q, STM32U5F9ZIJ6QTR, STM32U5F9ZIT6Q, STM32U5F9ZJJ6QTR, STM32U5F9ZJT6Q, STM32U5G7VJT6, STM32U5G7VJT6Q, STM32U5G9BJY6QTR, STM32U5G9J-DK1, STM32U5G9J-DK2, STM32U5G9NJH6Q, STM32U5G9VJT6Q, STM32U5G9ZJJ6QTR, STM32U5G9ZJT6Q, STM32WB05KZV6TR, STM32WB05KZV7TR, STM32WB05TZF6TR, STM32WB05TZF7TR, STM32WB06CCF6TR, STM32WB06CCF7TR, STM32WB06CCV6TR, STM32WB06CCV7TR, STM32WB06KCV6TR, STM32WB06KCV7TR, STM32WB07CCF6TR, STM32WB07CCF7TR, STM32WB07CCV6TR, STM32WB07CCV7TR, STM32WB07KCV6TR, STM32WB07KCV7TR, STM32WB09KEV6TR, STM32WB09KEV7TR, STM32WB09TEF6TR, STM32WB09TEF7TR, STM32WB1MMCH6, STM32WBA50KGU6, STM32WBA50KGU6TR, STM32WBA52CEU6, STM32WBA52CEU6TR, STM32WBA52CEU7, STM32WBA52CEU7TR, STM32WBA52CGU6, STM32WBA52CGU6TR, STM32WBA52CGU6U, STM32WBA52CGU7, STM32WBA52CGU7TR, STM32WBA52KEU6, STM32WBA52KEU6TR, STM32WBA52KGU6, STM32WBA52KGU6TR, STM32WBA54CEU6, STM32WBA54CEU6TR, STM32WBA54CEU7, STM32WBA54CEU7TR, STM32WBA54CGU6, STM32WBA54CGU6TR, STM32WBA54CGU7, STM32WBA54CGU7TR, STM32WBA54KEU6, STM32WBA54KEU6TR, STM32WBA54KEU7, STM32WBA54KEU7TR, STM32WBA54KGU6, STM32WBA54KGU6TR, STM32WBA54KGU7, STM32WBA54KGU7TR, STM32WBA55CEU6, STM32WBA55CEU6TR, STM32WBA55CEU7, STM32WBA55CEU7TR, STM32WBA55CGU6, STM32WBA55CGU6TR, STM32WBA55CGU6U, STM32WBA55CGU7, STM32WBA55CGU7TR, STM32WBA55G-DK1, STM32WBA55HEF6, STM32WBA55HEF7, STM32WBA55HGF6, STM32WBA55HGF7, STM32WBA55UEI6, STM32WBA55UEI6TR, STM32WBA55UEI7, STM32WBA55UEI7TR, STM32WBA55UGI6, STM32WBA55UGI6TR, STM32WBA55UGI7, STM32WBA55UGI7TR, STM32WBA5MJGH6TR, STM32WBA5MJGH6U, STM32WL33C8V6, STM32WL33C8V6TR, STM32WL33C8V7, STM32WL33C8V7TR, STM32WL33CBV6, STM32WL33CBV6TR, STM32WL33CBV7, STM32WL33CBV7TR, STM32WL33CCV6, STM32WL33CCV6TR, STM32WL33CCV7, STM32WL33CCV7A, STM32WL33CCV7ATR, STM32WL33CCV7TR, STM32WL33K8V6, STM32WL33K8V6TR, STM32WL33K8V7, STM32WL33K8V7TR, STM32WL33KBV6, STM32WL33KBV6TR, STM32WL33KBV7, STM32WL33KBV7TR, STM32WL33KCV6, STM32WL33KCV6TR, STM32WL33KCV7, STM32WL33KCV7TR, STM32WL5MOCH6, STM32WL5MOCH6TR]
2025-12-22 00:25:36,519 [INFO] DbMcus:218 - Found 4817 MCUs, 4817 are supported
2025-12-22 00:25:36,519 [INFO] ApiDb:423 - Load user favorites file C:\Users\kamil/.stm32cubeide/favorites.mcus.txt: 1 item(s)
2025-12-22 00:25:36,520 [INFO] ApiDb:427 - User favorites MCUs=[STM32H743IIT6]
2025-12-22 00:25:36,520 [INFO] DbMcus:224 - Set 1 / 1 favorites MCUs
2025-12-22 00:25:37,070 [INFO] BoardInfo:889 - No configuration file found for board NUCLEO-WBA65RI
2025-12-22 00:25:37,071 [INFO] DbBoards:161 - Board is not supported: NUCLEO-WBA65RI
2025-12-22 00:25:37,081 [INFO] BoardInfo:889 - No configuration file found for board P-NUCLEO-WB55
2025-12-22 00:25:37,082 [INFO] DbBoards:161 - Kit is not supported: P-NUCLEO-WB55
2025-12-22 00:25:37,087 [INFO] BoardInfo:889 - No configuration file found for board STEVAL-BFA001V1B
2025-12-22 00:25:37,088 [INFO] DbBoards:161 - Kit is not supported: STEVAL-BFA001V1B
2025-12-22 00:25:37,089 [INFO] BoardInfo:889 - No configuration file found for board STEVAL-BFA001V2B
2025-12-22 00:25:37,090 [INFO] DbBoards:161 - Kit is not supported: STEVAL-BFA001V2B
2025-12-22 00:25:37,278 [INFO] BoardInfo:889 - No configuration file found for board STM32WBA65I-DK1
2025-12-22 00:25:37,279 [INFO] DbBoards:161 - Board is not supported: STM32WBA65I-DK1
2025-12-22 00:25:37,280 [INFO] DbBoards:168 - Found 211 boards, 206 are supported
2025-12-22 00:25:37,280 [INFO] DbBoards:169 - Found 211 boards, 42 of them is supported for  Bsp
2025-12-22 00:25:37,283 [INFO] ApiDb:423 - Load user favorites file C:\Users\kamil/.stm32cubeide/favorites.boards.txt: 1 item(s)
2025-12-22 00:25:37,283 [INFO] ApiDb:427 - User favorites Boards=[NUCLEO-F746ZG]
2025-12-22 00:25:37,283 [INFO] DbBoards:198 - Set 1 / 1 favorites Boards
2025-12-22 00:25:37,331 [INFO] UtilMem:75 - End LoadConfig() Used Memory: 334960328 Bytes (665845760)
2025-12-22 00:25:37,448 [WARN] ThirdParty:833 - waiting for thirdparty lock release [change project]
2025-12-22 00:25:37,448 [INFO] ThirdParty:835 - entering critical section [change project]
2025-12-22 00:25:37,448 [INFO] ThirdParty:1030 - CMSIS Pack Vendor :STMicroelectronics X-CUBE-PM33A1 1.0.0
2025-12-22 00:25:37,448 [INFO] ThirdParty:1030 - CMSIS Pack Vendor :STMicroelectronics USBPD 4.1
2025-12-22 00:25:37,448 [INFO] ThirdParty:1030 - CMSIS Pack Vendor :STMicroelectronics USB_HOST 2.0.0
2025-12-22 00:25:37,448 [INFO] ThirdParty:1030 - CMSIS Pack Vendor :STMicroelectronics FP-SNS-MOTENVWB1 1.4.0
2025-12-22 00:25:37,448 [INFO] ThirdParty:1030 - CMSIS Pack Vendor :STMicroelectronics X-CUBE-AZRTOS-F4 1.1.0
2025-12-22 00:25:37,448 [INFO] ThirdParty:1030 - CMSIS Pack Vendor :STMicroelectronics LIBJPEG 8.0.0
2025-12-22 00:25:37,448 [INFO] ThirdParty:1030 - CMSIS Pack Vendor :STMicroelectronics FP-ATR-ASTRA1 2.0.2
2025-12-22 00:25:37,448 [INFO] ThirdParty:1030 - CMSIS Pack Vendor :STMicroelectronics FP-ATR-ASTRA1 2.0.1
2025-12-22 00:25:37,448 [INFO] ThirdParty:1030 - CMSIS Pack Vendor :STMicroelectronics X-CUBE-SMBUS 2.1.0
2025-12-22 00:25:37,448 [INFO] ThirdParty:1030 - CMSIS Pack Vendor :STMicroelectronics X-CUBE-WB05N 1.1.0
2025-12-22 00:25:37,448 [INFO] ThirdParty:1030 - CMSIS Pack Vendor :STMicroelectronics X-CUBE-ISPU 2.1.0
2025-12-22 00:25:37,448 [INFO] ThirdParty:1030 - CMSIS Pack Vendor :STMicroelectronics X-CUBE-FREERTOS 1.2.0
2025-12-22 00:25:37,448 [INFO] ThirdParty:1030 - CMSIS Pack Vendor :STMicroelectronics X-CUBE-ST60 1.0.0
2025-12-22 00:25:37,448 [INFO] ThirdParty:1030 - CMSIS Pack Vendor :STMicroelectronics X-CUBE-NFC12 1.0.0
2025-12-22 00:25:37,448 [INFO] ThirdParty:1030 - CMSIS Pack Vendor :STMicroelectronics X-CUBE-AZRTOS-F7 1.1.0
2025-12-22 00:25:37,448 [INFO] ThirdParty:1030 - CMSIS Pack Vendor :STMicroelectronics X-CUBE-AZRTOS-L5 2.0.0
2025-12-22 00:25:37,448 [INFO] ThirdParty:1030 - CMSIS Pack Vendor :STMicroelectronics USB_DEVICE 2.0.0
2025-12-22 00:25:37,448 [INFO] ThirdParty:1030 - CMSIS Pack Vendor :STMicroelectronics X-CUBE-NFC6 3.1.0
2025-12-22 00:25:37,448 [INFO] ThirdParty:1030 - CMSIS Pack Vendor :ARM CMSIS 5.7.0
2025-12-22 00:25:37,448 [INFO] ThirdParty:1030 - CMSIS Pack Vendor :STMicroelectronics X-CUBE-MEMS1 11.0.0
2025-12-22 00:25:37,448 [INFO] ThirdParty:1030 - CMSIS Pack Vendor :STMicroelectronics FreeRTOS 0.0.1
2025-12-22 00:25:37,448 [INFO] ThirdParty:1030 - CMSIS Pack Vendor :STMicroelectronics X-CUBE-DPower 1.2.0
2025-12-22 00:25:37,448 [INFO] ThirdParty:1030 - CMSIS Pack Vendor :STMicroelectronics FP-SNS-FLIGHT1 5.0.2
2025-12-22 00:25:37,448 [INFO] ThirdParty:1030 - CMSIS Pack Vendor :STMicroelectronics PDM2PCM 3.3.0
2025-12-22 00:25:37,448 [INFO] ThirdParty:1030 - CMSIS Pack Vendor :STMicroelectronics X-CUBE-AZRTOS-H7 3.4.0
2025-12-22 00:25:37,448 [INFO] ThirdParty:1030 - CMSIS Pack Vendor :STMicroelectronics X-CUBE-DISPLAY 3.0.0
2025-12-22 00:25:37,448 [INFO] ThirdParty:1030 - CMSIS Pack Vendor :STMicroelectronics X-CUBE-BLE1 7.0.0
2025-12-22 00:25:37,448 [INFO] ThirdParty:1030 - CMSIS Pack Vendor :STMicroelectronics X-CUBE-NFC10 1.0.0
2025-12-22 00:25:37,448 [INFO] ThirdParty:1030 - CMSIS Pack Vendor :STMicroelectronics X-CUBE-BLEMGR 4.0.0
2025-12-22 00:25:37,448 [INFO] ThirdParty:1030 - CMSIS Pack Vendor :STMicroelectronics X-CUBE-FREERTOS 1.3.1
2025-12-22 00:25:37,448 [INFO] ThirdParty:1030 - CMSIS Pack Vendor :STMicroelectronics HAL Drivers 0.0.0
2025-12-22 00:25:37,448 [INFO] ThirdParty:1030 - CMSIS Pack Vendor :STMicroelectronics X-CUBE-ST60 1.1.0
2025-12-22 00:25:37,448 [INFO] ThirdParty:1030 - CMSIS Pack Vendor :emotas I-CUBE-CANOPEN 1.3.0
2025-12-22 00:25:37,448 [INFO] ThirdParty:1030 - CMSIS Pack Vendor :STMicroelectronics X-CUBE-FREERTOS 1.3.0
2025-12-22 00:25:37,448 [INFO] ThirdParty:1030 - CMSIS Pack Vendor :STMicroelectronics X-CUBE-NFC7 1.0.1
2025-12-22 00:25:37,448 [INFO] ThirdParty:1030 - CMSIS Pack Vendor :STMicroelectronics MBEDTLS 2.14.1
2025-12-22 00:25:37,448 [INFO] ThirdParty:1030 - CMSIS Pack Vendor :STMicroelectronics X-CUBE-GNSS1 7.1.0
2025-12-22 00:25:37,448 [INFO] ThirdParty:1030 - CMSIS Pack Vendor :STMicroelectronics X-CUBE-TOUCHGFX 4.26.0
2025-12-22 00:25:37,448 [INFO] ThirdParty:1030 - CMSIS Pack Vendor :STMicroelectronics X-CUBE-BLEMGR 3.1.0
2025-12-22 00:25:37,449 [INFO] ThirdParty:1030 - CMSIS Pack Vendor :STMicroelectronics X-CUBE-AI 10.0.0
2025-12-22 00:25:37,449 [INFO] ThirdParty:1030 - CMSIS Pack Vendor :STMicroelectronics FP-SNS-STAIOTCFT 1.0.0
2025-12-22 00:25:37,449 [INFO] ThirdParty:1030 - CMSIS Pack Vendor :STMicroelectronics FP-SNS-SMARTAG2 1.2.0
2025-12-22 00:25:37,449 [INFO] ThirdParty:1030 - CMSIS Pack Vendor :STMicroelectronics FP-SNS-FLIGHT1 5.1.0
2025-12-22 00:25:37,449 [INFO] ThirdParty:1030 - CMSIS Pack Vendor :STMicroelectronics X-CUBE-MEMS1 11.1.0
2025-12-22 00:25:37,449 [INFO] ThirdParty:1030 - CMSIS Pack Vendor :STMicroelectronics X-CUBE-AZRTOS-WL 2.0.0
2025-12-22 00:25:37,449 [INFO] ThirdParty:1030 - CMSIS Pack Vendor :STMicroelectronics X-CUBE-DPower 1.3.0
2025-12-22 00:25:37,449 [INFO] ThirdParty:1030 - CMSIS Pack Vendor :STMicroelectronics FP-SNS-MOTENV1 5.0.0
2025-12-22 00:25:37,449 [INFO] ThirdParty:1030 - CMSIS Pack Vendor :STMicroelectronics USB_DEVICE 1.0.0
2025-12-22 00:25:37,449 [INFO] ThirdParty:1030 - CMSIS Pack Vendor :STMicroelectronics X-CUBE-AZRTOS-H7RS 1.2.0
2025-12-22 00:25:37,449 [INFO] ThirdParty:1030 - CMSIS Pack Vendor :wolfSSL I-CUBE-wolfMQTT 1.19.0
2025-12-22 00:25:37,449 [INFO] ThirdParty:1030 - CMSIS Pack Vendor :STMicroelectronics X-CUBE-AZRTOS-L4 2.0.0
2025-12-22 00:25:37,449 [INFO] ThirdParty:1030 - CMSIS Pack Vendor :STMicroelectronics ThreadX 0.0.2
2025-12-22 00:25:37,449 [INFO] ThirdParty:1030 - CMSIS Pack Vendor :WES I-CUBE-Cesium 1.3.0
2025-12-22 00:25:37,449 [INFO] ThirdParty:1030 - CMSIS Pack Vendor :STMicroelectronics lwIP 2.1.2
2025-12-22 00:25:37,449 [INFO] ThirdParty:1030 - CMSIS Pack Vendor :STMicroelectronics X-CUBE-SFXS2LP1 4.0.0
2025-12-22 00:25:37,449 [INFO] ThirdParty:1030 - CMSIS Pack Vendor :STMicroelectronics X-CUBE-BLE2 3.3.0
2025-12-22 00:25:37,449 [INFO] ThirdParty:1030 - CMSIS Pack Vendor :Avnet-IOTCONNECT X-CUBE-iotc-st67-sdk 1.0.0
2025-12-22 00:25:37,449 [INFO] ThirdParty:1030 - CMSIS Pack Vendor :STMicroelectronics PDM2PCM 3.2.0
2025-12-22 00:25:37,449 [INFO] ThirdParty:1030 - CMSIS Pack Vendor :STMicroelectronics X-CUBE-AZRTOS-H7 3.3.0
2025-12-22 00:25:37,449 [INFO] ThirdParty:1030 - CMSIS Pack Vendor :STMicroelectronics X-CUBE-NFC9 1.0.0
2025-12-22 00:25:37,449 [INFO] ThirdParty:1030 - CMSIS Pack Vendor :STMicroelectronics X-CUBE-BLE1 7.1.0
2025-12-22 00:25:37,449 [INFO] ThirdParty:1030 - CMSIS Pack Vendor :STMicroelectronics USB_DEVICE 3.0.0
2025-12-22 00:25:37,449 [INFO] ThirdParty:1030 - CMSIS Pack Vendor :STMicroelectronics X-CUBE-TCPP 4.1.0
2025-12-22 00:25:37,449 [INFO] ThirdParty:1030 - CMSIS Pack Vendor :STMicroelectronics X-CUBE-EEPRMA1 5.2.0
2025-12-22 00:25:37,449 [INFO] ThirdParty:1030 - CMSIS Pack Vendor :STMicroelectronics X-CUBE-BLEMGR 4.1.0
2025-12-22 00:25:37,449 [INFO] ThirdParty:1030 - CMSIS Pack Vendor :STMicroelectronics X-CUBE-IPS 3.0.0
2025-12-22 00:25:37,449 [INFO] ThirdParty:1030 - CMSIS Pack Vendor :STMicroelectronics X-CUBE-AZRTOS-WB 2.0.0
2025-12-22 00:25:37,449 [INFO] ThirdParty:1030 - CMSIS Pack Vendor :STMicroelectronics X-CUBE-GNSS1 7.0.0
2025-12-22 00:25:37,449 [INFO] ThirdParty:1030 - CMSIS Pack Vendor :STMicroelectronics X-CUBE-GNSS1 7.0.1
2025-12-22 00:25:37,449 [INFO] ThirdParty:1030 - CMSIS Pack Vendor :STMicroelectronics X-CUBE-TOUCHGFX 4.25.0
2025-12-22 00:25:37,449 [INFO] ThirdParty:1030 - CMSIS Pack Vendor :STMicroelectronics FP-SNS-STBOX1 2.0.0
2025-12-22 00:25:37,449 [INFO] ThirdParty:1030 - CMSIS Pack Vendor :STMicroelectronics X-CUBE-MEMS1 12.0.0
2025-12-22 00:25:37,449 [INFO] ThirdParty:1030 - CMSIS Pack Vendor :STMicroelectronics X-CUBE-AZRTOS-G0 1.1.0
2025-12-22 00:25:37,449 [INFO] ThirdParty:1030 - CMSIS Pack Vendor :STMicroelectronics X-CUBE-SAFEA1 1.2.2
2025-12-22 00:25:37,449 [INFO] ThirdParty:1030 - CMSIS Pack Vendor :STMicroelectronics X-CUBE-NFC4 3.0.0
2025-12-22 00:25:37,449 [INFO] ThirdParty:1030 - CMSIS Pack Vendor :STMicroelectronics X-CUBE-SUBG2 5.0.0
2025-12-22 00:25:37,449 [INFO] ThirdParty:1030 - CMSIS Pack Vendor :STMicroelectronics X-CUBE-AZRTOS-H7RS 1.1.0
2025-12-22 00:25:37,449 [INFO] ThirdParty:1030 - CMSIS Pack Vendor :STMicroelectronics STM32_WPAN 1.0.0
2025-12-22 00:25:37,449 [INFO] ThirdParty:1030 - CMSIS Pack Vendor :EmbeddedOffice I-CUBE-FS-RTOS 1.0.1
2025-12-22 00:25:37,449 [INFO] ThirdParty:1030 - CMSIS Pack Vendor :STMicroelectronics lwIP 2.0.3
2025-12-22 00:25:37,449 [INFO] ThirdParty:1030 - CMSIS Pack Vendor :Cesanta I-CUBE-Mongoose 7.13.0
2025-12-22 00:25:37,450 [INFO] ThirdParty:1030 - CMSIS Pack Vendor :STMicroelectronics USB_HOST 1.0.0
2025-12-22 00:25:37,450 [INFO] ThirdParty:1030 - CMSIS Pack Vendor :STMicroelectronics X-CUBE-AZRTOS-G4 2.0.0
2025-12-22 00:25:37,450 [INFO] ThirdParty:1030 - CMSIS Pack Vendor :STMicroelectronics X-CUBE-WB05N 2.0.0
2025-12-22 00:25:37,450 [INFO] ThirdParty:1030 - CMSIS Pack Vendor :STMicroelectronics PDM2PCM 3.1.0
2025-12-22 00:25:37,450 [INFO] ThirdParty:1030 - CMSIS Pack Vendor :STMicroelectronics X-CUBE-NFC7 2.0.0
2025-12-22 00:25:37,450 [INFO] ThirdParty:1030 - CMSIS Pack Vendor :STMicroelectronics X-CUBE-TCPP 4.2.0
2025-12-22 00:25:37,450 [INFO] ThirdParty:1030 - CMSIS Pack Vendor :RealThread X-CUBE-RT-Thread_Nano 4.1.1
2025-12-22 00:25:37,450 [INFO] ThirdParty:1030 - CMSIS Pack Vendor :STMicroelectronics FP-ATR-SIGFOX1 3.2.0
2025-12-22 00:25:37,450 [INFO] ThirdParty:1030 - CMSIS Pack Vendor :wolfSSL I-CUBE-wolfSSL 5.7.2
2025-12-22 00:25:37,450 [INFO] ThirdParty:1030 - CMSIS Pack Vendor :quantropi X-CUBE-qispace-sdk-base 1.9.3
2025-12-22 00:25:37,450 [INFO] ThirdParty:1030 - CMSIS Pack Vendor :STMicroelectronics X-CUBE-EEPRMA1 5.1.0
2025-12-22 00:25:37,450 [INFO] ThirdParty:1030 - CMSIS Pack Vendor :STMicroelectronics MBEDTLS 2.16.2
2025-12-22 00:25:37,450 [INFO] ThirdParty:1030 - CMSIS Pack Vendor :STMicroelectronics X-CUBE-IPS 3.1.0
2025-12-22 00:25:37,450 [INFO] ThirdParty:1030 - CMSIS Pack Vendor :STMicroelectronics X-CUBE-ALS 1.0.2
2025-12-22 00:25:37,450 [INFO] ThirdParty:1030 - CMSIS Pack Vendor :ITTIA_DB I-CUBE-ITTIADB 8.9.0
2025-12-22 00:25:37,450 [INFO] ThirdParty:1030 - CMSIS Pack Vendor :STMicroelectronics X-CUBE-TOUCHGFX 4.24.1
2025-12-22 00:25:37,450 [INFO] ThirdParty:1030 - CMSIS Pack Vendor :STMicroelectronics X-CUBE-STSE01 1.0.0
2025-12-22 00:25:37,450 [INFO] ThirdParty:1030 - CMSIS Pack Vendor :wolfSSL I-CUBE-wolfTPM 3.4.0
2025-12-22 00:25:37,450 [INFO] ThirdParty:1030 - CMSIS Pack Vendor :portGmbH I-Cube-SoM-uGOAL 1.1.0
2025-12-22 00:25:37,450 [INFO] ThirdParty:1030 - CMSIS Pack Vendor :STMicroelectronics X-CUBE-ST67W61 1.0.0
2025-12-22 00:25:37,450 [INFO] ThirdParty:1030 - CMSIS Pack Vendor :STMicroelectronics X-CUBE-AI 10.2.0
2025-12-22 00:25:37,450 [INFO] ThirdParty:1030 - CMSIS Pack Vendor :STMicroelectronics ThreadX 1.0.0
2025-12-22 00:25:37,450 [INFO] ThirdParty:1030 - CMSIS Pack Vendor :SEGGER I-CUBE-embOS 1.3.1
2025-12-22 00:25:37,450 [INFO] ThirdParty:1030 - CMSIS Pack Vendor :STMicroelectronics X-CUBE-ALGOBUILD 1.4.0
2025-12-22 00:25:37,450 [INFO] ThirdParty:1030 - CMSIS Pack Vendor :STMicroelectronics X-CUBE-MEMS1 11.3.0
2025-12-22 00:25:37,450 [INFO] ThirdParty:1030 - CMSIS Pack Vendor :STMicroelectronics X-CUBE-AZRTOS-H7RS 1.0.0
2025-12-22 00:25:37,450 [INFO] ThirdParty:1030 - CMSIS Pack Vendor :STMicroelectronics FP-ATR-ASTRA1 2.0.0
2025-12-22 00:25:37,450 [INFO] ThirdParty:1030 - CMSIS Pack Vendor :STMicroelectronics X-CUBE-TOF1 3.4.2
2025-12-22 00:25:37,450 [INFO] ThirdParty:1030 - CMSIS Pack Vendor :STMicroelectronics X-CUBE-TOF1 3.4.3
2025-12-22 00:25:37,450 [INFO] ThirdParty:1030 - CMSIS Pack Vendor :STMicroelectronics X-CUBE-AI 9.1.0
2025-12-22 00:25:37,450 [INFO] ThirdParty:1030 - CMSIS Pack Vendor :Infineon AIROC-Wi-Fi-Bluetooth-STM32 1.6.1
2025-12-22 00:25:37,450 [INFO] ThirdParty:1030 - CMSIS Pack Vendor :wolfSSL I-CUBE-wolfSSH 1.4.17
2025-12-22 00:25:37,450 [INFO] ThirdParty:841 - exiting critical section [change project]
2025-12-22 00:25:37,992 [INFO] PinOutPanel:1589 - setPackage(No Configuration,No Configuration)
2025-12-22 00:25:37,993 [INFO] PinOutPanel:1589 - setPackage(STM32H743IITx,LQFP176)
2025-12-22 00:25:38,611 [INFO] UtilMem:75 - Before build in PCC Used Memory: 634569488 Bytes (683671552)
2025-12-22 00:25:39,370 [INFO] UtilMem:75 - After build in PCC Used Memory: 470164160 Bytes (722468864)
2025-12-22 00:25:39,416 [INFO] IPUIPlugin:80 - create IPUIPlugin
2025-12-22 00:25:39,416 [INFO] IPUIPlugin:80 - create IPUIPlugin
2025-12-22 00:25:39,416 [INFO] IPUIPlugin:80 - create IPUIPlugin
2025-12-22 00:25:39,416 [INFO] IPUIPlugin:80 - create IPUIPlugin
2025-12-22 00:25:39,416 [INFO] IPUIPlugin:80 - create IPUIPlugin
2025-12-22 00:25:39,416 [INFO] IPUIPlugin:80 - create IPUIPlugin
2025-12-22 00:25:39,416 [INFO] IPUIPlugin:80 - create IPUIPlugin
2025-12-22 00:25:39,416 [INFO] IPUIPlugin:80 - create IPUIPlugin
2025-12-22 00:25:39,416 [INFO] IPUIPlugin:80 - create IPUIPlugin
2025-12-22 00:25:39,416 [INFO] IPUIPlugin:80 - create IPUIPlugin
2025-12-22 00:25:39,416 [INFO] IPUIPlugin:80 - create IPUIPlugin
2025-12-22 00:25:39,416 [INFO] IPUIPlugin:80 - create IPUIPlugin
2025-12-22 00:25:39,417 [INFO] IPUIPlugin:80 - create IPUIPlugin
2025-12-22 00:25:39,417 [INFO] IPUIPlugin:80 - create IPUIPlugin
2025-12-22 00:25:39,417 [INFO] IPUIPlugin:80 - create IPUIPlugin
2025-12-22 00:25:39,417 [INFO] IPUIPlugin:80 - create IPUIPlugin
2025-12-22 00:25:39,417 [INFO] IPUIPlugin:80 - create IPUIPlugin
2025-12-22 00:25:39,417 [INFO] IPUIPlugin:80 - create IPUIPlugin
2025-12-22 00:25:39,417 [INFO] IPUIPlugin:80 - create IPUIPlugin
2025-12-22 00:25:39,417 [INFO] IPUIPlugin:80 - create IPUIPlugin
2025-12-22 00:25:39,417 [INFO] IPUIPlugin:80 - create IPUIPlugin
2025-12-22 00:25:39,417 [INFO] IPUIPlugin:80 - create IPUIPlugin
2025-12-22 00:25:39,417 [INFO] IPUIPlugin:80 - create IPUIPlugin
2025-12-22 00:25:39,417 [INFO] IPUIPlugin:80 - create IPUIPlugin
2025-12-22 00:25:39,417 [INFO] IPUIPlugin:80 - create IPUIPlugin
2025-12-22 00:25:39,417 [INFO] IPUIPlugin:80 - create IPUIPlugin
2025-12-22 00:25:39,418 [INFO] IPUIPlugin:80 - create IPUIPlugin
2025-12-22 00:25:39,418 [INFO] IPUIPlugin:80 - create IPUIPlugin
2025-12-22 00:25:39,418 [INFO] IPUIPlugin:80 - create IPUIPlugin
2025-12-22 00:25:39,418 [INFO] IPUIPlugin:80 - create IPUIPlugin
2025-12-22 00:25:39,418 [INFO] IPUIPlugin:80 - create IPUIPlugin
2025-12-22 00:25:39,418 [INFO] IPUIPlugin:80 - create IPUIPlugin
2025-12-22 00:25:39,418 [INFO] IPUIPlugin:80 - create IPUIPlugin
2025-12-22 00:25:39,418 [INFO] IPUIPlugin:80 - create IPUIPlugin
2025-12-22 00:25:39,418 [INFO] IPUIPlugin:80 - create IPUIPlugin
2025-12-22 00:25:39,418 [INFO] IPUIPlugin:80 - create IPUIPlugin
2025-12-22 00:25:39,418 [INFO] IPUIPlugin:80 - create IPUIPlugin
2025-12-22 00:25:39,418 [INFO] IPUIPlugin:80 - create IPUIPlugin
2025-12-22 00:25:39,418 [INFO] IPUIPlugin:80 - create IPUIPlugin
2025-12-22 00:25:39,418 [INFO] IPUIPlugin:80 - create IPUIPlugin
2025-12-22 00:25:39,419 [INFO] IPUIPlugin:80 - create IPUIPlugin
2025-12-22 00:25:39,419 [INFO] IPUIPlugin:80 - create IPUIPlugin
2025-12-22 00:25:39,419 [INFO] IPUIPlugin:80 - create IPUIPlugin
2025-12-22 00:25:39,419 [INFO] IPUIPlugin:80 - create IPUIPlugin
2025-12-22 00:25:39,419 [INFO] IPUIPlugin:80 - create IPUIPlugin
2025-12-22 00:25:39,420 [INFO] IPUIPlugin:80 - create IPUIPlugin
2025-12-22 00:25:39,420 [INFO] IPUIPlugin:80 - create IPUIPlugin
2025-12-22 00:25:39,420 [INFO] IPUIPlugin:80 - create IPUIPlugin
2025-12-22 00:25:39,420 [INFO] IPUIPlugin:80 - create IPUIPlugin
2025-12-22 00:25:39,420 [INFO] IPUIPlugin:80 - create IPUIPlugin
2025-12-22 00:25:39,420 [INFO] IPUIPlugin:80 - create IPUIPlugin
2025-12-22 00:25:39,420 [INFO] IPUIPlugin:80 - create IPUIPlugin
2025-12-22 00:25:39,420 [INFO] IPUIPlugin:80 - create IPUIPlugin
2025-12-22 00:25:39,421 [INFO] IPUIPlugin:80 - create IPUIPlugin
2025-12-22 00:25:39,421 [INFO] IPUIPlugin:80 - create IPUIPlugin
2025-12-22 00:25:39,421 [INFO] IPUIPlugin:80 - create IPUIPlugin
2025-12-22 00:25:39,421 [INFO] IPUIPlugin:80 - create IPUIPlugin
2025-12-22 00:25:39,421 [INFO] IPUIPlugin:80 - create IPUIPlugin
2025-12-22 00:25:39,421 [INFO] IPUIPlugin:80 - create IPUIPlugin
2025-12-22 00:25:39,422 [INFO] IPUIPlugin:80 - create IPUIPlugin
2025-12-22 00:25:39,422 [INFO] IPUIPlugin:80 - create IPUIPlugin
2025-12-22 00:25:39,422 [INFO] IPUIPlugin:80 - create IPUIPlugin
2025-12-22 00:25:39,422 [INFO] IPUIPlugin:80 - create IPUIPlugin
2025-12-22 00:25:39,422 [INFO] IPUIPlugin:80 - create IPUIPlugin
2025-12-22 00:25:39,422 [INFO] IPUIPlugin:80 - create IPUIPlugin
2025-12-22 00:25:39,423 [INFO] IPUIPlugin:80 - create IPUIPlugin
2025-12-22 00:25:39,423 [INFO] IPUIPlugin:80 - create IPUIPlugin
2025-12-22 00:25:39,423 [INFO] IPUIPlugin:80 - create IPUIPlugin
2025-12-22 00:25:39,423 [INFO] IPUIPlugin:80 - create IPUIPlugin
2025-12-22 00:25:39,423 [INFO] IPUIPlugin:80 - create IPUIPlugin
2025-12-22 00:25:39,423 [INFO] IPUIPlugin:80 - create IPUIPlugin
2025-12-22 00:25:39,424 [INFO] IPUIPlugin:80 - create IPUIPlugin
2025-12-22 00:25:39,424 [INFO] IPUIPlugin:80 - create IPUIPlugin
2025-12-22 00:25:39,424 [INFO] IPUIPlugin:80 - create IPUIPlugin
2025-12-22 00:25:39,424 [INFO] IPUIPlugin:80 - create IPUIPlugin
2025-12-22 00:25:39,424 [INFO] IPUIPlugin:80 - create IPUIPlugin
2025-12-22 00:25:39,425 [INFO] IPUIPlugin:80 - create IPUIPlugin
2025-12-22 00:25:39,425 [INFO] IPUIPlugin:80 - create IPUIPlugin
2025-12-22 00:25:39,425 [INFO] IPUIPlugin:80 - create IPUIPlugin
2025-12-22 00:25:39,425 [INFO] IPUIPlugin:80 - create IPUIPlugin
2025-12-22 00:25:39,425 [INFO] IPUIPlugin:80 - create IPUIPlugin
2025-12-22 00:25:39,425 [INFO] IPUIPlugin:80 - create IPUIPlugin
2025-12-22 00:25:39,426 [INFO] IPUIPlugin:80 - create IPUIPlugin
2025-12-22 00:25:39,426 [INFO] IPUIPlugin:80 - create IPUIPlugin
2025-12-22 00:25:39,426 [INFO] IPUIPlugin:80 - create IPUIPlugin
2025-12-22 00:25:39,426 [INFO] IPUIPlugin:80 - create IPUIPlugin
2025-12-22 00:25:39,426 [INFO] IPUIPlugin:80 - create IPUIPlugin
2025-12-22 00:25:39,426 [INFO] IPUIPlugin:80 - create IPUIPlugin
2025-12-22 00:25:39,426 [INFO] IPUIPlugin:80 - create IPUIPlugin
2025-12-22 00:25:39,428 [INFO] IPUIPlugin:80 - create IPUIPlugin
2025-12-22 00:25:39,428 [INFO] IPUIPlugin:80 - create IPUIPlugin
2025-12-22 00:25:39,428 [INFO] IPUIPlugin:80 - create IPUIPlugin
2025-12-22 00:25:39,428 [INFO] IPUIPlugin:80 - create IPUIPlugin
2025-12-22 00:25:39,429 [INFO] IPUIPlugin:80 - create IPUIPlugin
2025-12-22 00:25:39,429 [INFO] IPUIPlugin:80 - create IPUIPlugin
2025-12-22 00:25:39,429 [INFO] IPUIPlugin:80 - create IPUIPlugin
2025-12-22 00:25:39,429 [INFO] IPUIPlugin:80 - create IPUIPlugin
2025-12-22 00:25:39,430 [INFO] IPUIPlugin:80 - create IPUIPlugin
2025-12-22 00:25:39,501 [INFO] ApiDbMcu:508 - Load IP Config File for PDM2PCM
2025-12-22 00:25:39,508 [WARN] IP:2251 - ClockDivider not found: check if there is a RefParameter without a condition.
2025-12-22 00:25:39,508 [WARN] IP:2251 - ClockDividerCCU not found: check if there is a RefParameter without a condition.
2025-12-22 00:25:39,508 [WARN] IP:2251 - MinOscClkPeriodsCCU not found: check if there is a RefParameter without a condition.
2025-12-22 00:25:39,508 [WARN] IP:2251 - TimeQuantaPerBitTimeCCU not found: check if there is a RefParameter without a condition.
2025-12-22 00:25:39,508 [WARN] IP:2251 - WatchdogStartValueCCU not found: check if there is a RefParameter without a condition.
2025-12-22 00:25:39,514 [INFO] LogOutputStream:77 - [STDOUT_REDIRECT] Nominal 
2025-12-22 00:25:39,515 [INFO] Can:71 - Can Add PropertyChangeListener com.st.microxplorer.plugins.ip.can.Can@10515122
2025-12-22 00:25:39,716 [INFO] CADModel:165 - CPN selected for project levelSTM32H743IIT6
2025-12-22 00:25:39,716 [INFO] CADModel:114 - Register for checkConnection events
2025-12-22 00:25:39,756 [INFO] OpenFileManager:363 - Restore cursor
2025-12-22 00:25:39,939 [WARN] IP:2251 - ClockDivider not found: check if there is a RefParameter without a condition.
2025-12-22 00:25:39,940 [WARN] IP:2251 - ClockDividerCCU not found: check if there is a RefParameter without a condition.
2025-12-22 00:25:39,940 [WARN] IP:2251 - MinOscClkPeriodsCCU not found: check if there is a RefParameter without a condition.
2025-12-22 00:25:39,940 [WARN] IP:2251 - TimeQuantaPerBitTimeCCU not found: check if there is a RefParameter without a condition.
2025-12-22 00:25:39,940 [WARN] IP:2251 - WatchdogStartValueCCU not found: check if there is a RefParameter without a condition.
2025-12-22 00:25:49,074 [INFO] UtilMem:75 - End SaveConfig() Used Memory: 585461080 Bytes (884998144)
2025-12-22 00:25:50,243 [INFO] BlockDiagram:2766 - set Specific Code input for plugin: RCC
2025-12-22 00:25:50,243 [INFO] BlockDiagram:2766 - set Specific Code input for plugin: FDCAN
2025-12-22 00:25:50,243 [INFO] BlockDiagram:2766 - set Specific Code input for plugin: MEMORYMAP
2025-12-22 00:25:50,243 [INFO] BlockDiagram:2766 - set Specific Code input for plugin: SYS
2025-12-22 00:25:50,244 [INFO] BlockDiagram:2766 - set Specific Code input for plugin: NVIC
2025-12-22 00:25:50,244 [INFO] BlockDiagram:2766 - set Specific Code input for plugin: GPIO
2025-12-22 00:25:50,246 [INFO] CodeGenerator:896 - code generatio: config db path: C:\ST\STM32CubeIDE_1.17.0\STM32CubeIDE\plugins\com.st.stm32cube.common.mx_6.13.0.202411220809\\db\
2025-12-22 00:25:50,252 [WARN] IP:2251 - ClockDivider not found: check if there is a RefParameter without a condition.
2025-12-22 00:25:50,252 [WARN] IP:2251 - ClockDividerCCU not found: check if there is a RefParameter without a condition.
2025-12-22 00:25:50,253 [WARN] IP:2251 - MinOscClkPeriodsCCU not found: check if there is a RefParameter without a condition.
2025-12-22 00:25:50,253 [WARN] IP:2251 - TimeQuantaPerBitTimeCCU not found: check if there is a RefParameter without a condition.
2025-12-22 00:25:50,253 [WARN] IP:2251 - WatchdogStartValueCCU not found: check if there is a RefParameter without a condition.
2025-12-22 00:25:50,420 [INFO] CodeEngine:255 - oldGeneratedFile, C:\Users\kamil\STM32CubeIDE\workspace_1.17.0\NAJWIEKSZY_TEST\MXTmpFiles\license.tmp_save
2025-12-22 00:25:50,815 [INFO] CodeEngine:279 - Generated code: C:\Users\kamil\STM32CubeIDE\workspace_1.17.0\NAJWIEKSZY_TEST\MXTmpFiles\license.tmp
2025-12-22 00:25:50,911 [INFO] CodeEngine:255 - oldGeneratedFile, C:\Users\kamil\STM32CubeIDE\workspace_1.17.0\NAJWIEKSZY_TEST\MXTmpFiles\gpio.tmp_save
2025-12-22 00:25:51,029 [INFO] CodeEngine:279 - Generated code: C:\Users\kamil\STM32CubeIDE\workspace_1.17.0\NAJWIEKSZY_TEST\MXTmpFiles\gpio.tmp
2025-12-22 00:25:51,101 [WARN] IPConfigManager:98 - WARNING: Missing Config File for MEMORYMAP ip!!
2025-12-22 00:25:51,151 [INFO] CodeEngine:255 - oldGeneratedFile, C:\Users\kamil\STM32CubeIDE\workspace_1.17.0\NAJWIEKSZY_TEST\MXTmpFiles\cortex.tmp_save
2025-12-22 00:25:51,244 [INFO] CodeEngine:279 - Generated code: C:\Users\kamil\STM32CubeIDE\workspace_1.17.0\NAJWIEKSZY_TEST\MXTmpFiles\cortex.tmp
2025-12-22 00:25:51,269 [INFO] CodeEngine:255 - oldGeneratedFile, C:\Users\kamil\STM32CubeIDE\workspace_1.17.0\NAJWIEKSZY_TEST\Core\Src\stm32h7xx_it.c_save
2025-12-22 00:25:51,346 [INFO] CodeEngine:279 - Generated code: C:\Users\kamil\STM32CubeIDE\workspace_1.17.0\NAJWIEKSZY_TEST\Core\Src\stm32h7xx_it.c
2025-12-22 00:25:51,363 [INFO] CodeEngine:255 - oldGeneratedFile, C:\Users\kamil\STM32CubeIDE\workspace_1.17.0\NAJWIEKSZY_TEST\Core\Inc\stm32h7xx_it.h_save
2025-12-22 00:25:51,411 [INFO] CodeEngine:279 - Generated code: C:\Users\kamil\STM32CubeIDE\workspace_1.17.0\NAJWIEKSZY_TEST\Core\Inc\stm32h7xx_it.h
2025-12-22 00:25:51,466 [INFO] CodeEngine:255 - oldGeneratedFile, C:\Users\kamil\STM32CubeIDE\workspace_1.17.0\NAJWIEKSZY_TEST\Core\Src\stm32h7xx_hal_msp.c_save
2025-12-22 00:25:51,559 [INFO] CodeEngine:279 - Generated code: C:\Users\kamil\STM32CubeIDE\workspace_1.17.0\NAJWIEKSZY_TEST\Core\Src\stm32h7xx_hal_msp.c
2025-12-22 00:25:51,563 [INFO] CodeEngine:255 - oldGeneratedFile, C:\Users\kamil\STM32CubeIDE\workspace_1.17.0\NAJWIEKSZY_TEST\MXTmpFiles\system.tmp_save
2025-12-22 00:25:51,618 [INFO] CodeEngine:279 - Generated code: C:\Users\kamil\STM32CubeIDE\workspace_1.17.0\NAJWIEKSZY_TEST\MXTmpFiles\system.tmp
2025-12-22 00:25:51,641 [INFO] CodeEngine:311 - oldGeneratedFile, C:\Users\kamil\STM32CubeIDE\workspace_1.17.0\NAJWIEKSZY_TEST\Core\Inc\stm32h7xx_hal_conf.h_save
2025-12-22 00:25:51,727 [INFO] CodeEngine:335 - Generated code: C:\Users\kamil\STM32CubeIDE\workspace_1.17.0\NAJWIEKSZY_TEST\Core\Inc\stm32h7xx_hal_conf.h
2025-12-22 00:25:51,782 [INFO] ApiDbMcu:508 - Load IP Config File for FDCAN1
2025-12-22 00:25:51,782 [ERROR] ApiDbMcu:464 - Can't load MEMORYMAP-STM32xx root dir null
2025-12-22 00:25:51,782 [ERROR] ApiDbMcu:536 - Cannot parse MEMORYMAP_Config file : file do not exist
2025-12-22 00:25:51,785 [INFO] ApiDbMcu:508 - Load IP Config File for RCC
2025-12-22 00:25:51,814 [INFO] CodeEngine:255 - oldGeneratedFile, C:\Users\kamil\STM32CubeIDE\workspace_1.17.0\NAJWIEKSZY_TEST\Core\Inc\main.h_save
2025-12-22 00:25:51,890 [INFO] CodeEngine:279 - Generated code: C:\Users\kamil\STM32CubeIDE\workspace_1.17.0\NAJWIEKSZY_TEST\Core\Inc\main.h
2025-12-22 00:25:51,908 [INFO] CodeEngine:255 - oldGeneratedFile, C:\Users\kamil\STM32CubeIDE\workspace_1.17.0\NAJWIEKSZY_TEST\Core\Src\main.c_save
2025-12-22 00:25:52,011 [INFO] CodeEngine:279 - Generated code: C:\Users\kamil\STM32CubeIDE\workspace_1.17.0\NAJWIEKSZY_TEST\Core\Src\main.c
2025-12-22 00:25:52,393 [INFO] ProjectBuilder:3289 - Time for Copy HAL[1] : 222mS.
2025-12-22 00:25:52,403 [INFO] ProjectBuilder:4876 - Project Generator version: 4.5.0-RC5
2025-12-22 00:25:52,481 [INFO] ConfigFileManager:1579 - The Die is : DIE450
2025-12-22 00:25:52,487 [INFO] ApiDbMcu:508 - Load IP Config File for FATFS
2025-12-22 00:25:52,491 [INFO] ApiDbMcu:508 - Load IP Config File for FREERTOS
2025-12-22 00:25:52,492 [INFO] ApiDbMcu:508 - Load IP Config File for LIBJPEG
2025-12-22 00:25:52,496 [INFO] ApiDbMcu:508 - Load IP Config File for LWIP
2025-12-22 00:25:52,500 [INFO] ApiDbMcu:508 - Load IP Config File for MBEDTLS
2025-12-22 00:25:52,505 [INFO] ApiDbMcu:508 - Load IP Config File for USB_DEVICE
2025-12-22 00:25:52,509 [INFO] ApiDbMcu:508 - Load IP Config File for USB_HOST
2025-12-22 00:25:52,760 [INFO] LogOutputStream:77 - [STDOUT_REDIRECT] 
2025-12-22 00:25:53,678 [INFO] ProjectBuilder:5154 - Time for Generating toolchain IDE Files: 1275mS.
2025-12-22 00:25:53,680 [INFO] ProjectBuilder:3146 - Time for Copy CMSIS : 0mS.
2025-12-22 00:25:53,683 [INFO] ProjectBuilder:3146 - Time for Copy CMSIS : 1mS.
2025-12-22 00:28:41,779 [INFO] MainUpdater:2872 - connection check result : 10
2025-12-22 00:28:41,780 [INFO] MainUpdater:2872 - connection check result : 10
2025-12-22 00:28:41,837 [INFO] LogOutputStream:77 - [STDOUT_REDIRECT] Nominal 
2025-12-22 00:28:41,841 [INFO] MicroXplorer:468 - Change Database Path : 
2025-12-22 00:28:41,841 [INFO] MicroXplorer:498 - Change Database Version : DB.6.0.130
2025-12-22 00:28:41,856 [ERROR] ProjectManagerView:394 - 
java.lang.NullPointerException: Cannot invoke "javax.swing.JTextField.getText()" because the return value of "java.util.List.get(int)" is null
	at com.st.microxplorer.plugins.projectmanager.gui.ProjectChoiceTab$9.caretUpdate(ProjectChoiceTab.java:2616) ~[filemanager.jar:?]
	at javax.swing.text.JTextComponent.fireCaretUpdate(JTextComponent.java:408) ~[?:?]
	at javax.swing.text.JTextComponent$MutableCaretEvent.fire(JTextComponent.java:4484) ~[?:?]
	at javax.swing.text.JTextComponent$MutableCaretEvent.stateChanged(JTextComponent.java:4506) ~[?:?]
	at javax.swing.text.DefaultCaret.fireStateChanged(DefaultCaret.java:857) ~[?:?]
	at javax.swing.text.DefaultCaret.changeCaretPosition(DefaultCaret.java:1343) ~[?:?]
	at javax.swing.text.DefaultCaret.handleSetDot(DefaultCaret.java:1242) ~[?:?]
	at javax.swing.text.DefaultCaret.setDot(DefaultCaret.java:1223) ~[?:?]
	at javax.swing.text.DefaultCaret$Handler.insertUpdate(DefaultCaret.java:1819) ~[?:?]
	at javax.swing.text.AbstractDocument.fireInsertUpdate(AbstractDocument.java:227) ~[?:?]
	at javax.swing.text.AbstractDocument.handleInsertString(AbstractDocument.java:781) ~[?:?]
	at javax.swing.text.AbstractDocument.insertString(AbstractDocument.java:740) ~[?:?]
	at javax.swing.text.PlainDocument.insertString(PlainDocument.java:131) ~[?:?]
	at javax.swing.text.AbstractDocument.replace(AbstractDocument.java:699) ~[?:?]
	at javax.swing.text.JTextComponent.setText(JTextComponent.java:1725) ~[?:?]
	at com.st.microxplorer.plugins.projectmanager.gui.ProjectChoiceTab.createHeapStackFields(ProjectChoiceTab.java:975) ~[filemanager.jar:?]
	at com.st.microxplorer.plugins.projectmanager.gui.ProjectChoiceTab.buildLinkSettingsPanel(ProjectChoiceTab.java:3666) ~[filemanager.jar:?]
	at com.st.microxplorer.plugins.projectmanager.gui.ProjectChoiceTab.defineWindowsFields(ProjectChoiceTab.java:1934) ~[filemanager.jar:?]
	at com.st.microxplorer.plugins.projectmanager.gui.ProjectChoiceTab.updateSettings(ProjectChoiceTab.java:553) ~[filemanager.jar:?]
	at com.st.microxplorer.plugins.projectmanager.gui.ProjectSettingsPanel.UpdateDialog(ProjectSettingsPanel.java:245) ~[filemanager.jar:?]
	at com.st.microxplorer.plugins.projectmanager.ProjectManagerView.propertyChange(ProjectManagerView.java:391) ~[filemanager.jar:?]
	at java.beans.PropertyChangeSupport.fire(PropertyChangeSupport.java:343) ~[?:?]
	at java.beans.PropertyChangeSupport.firePropertyChange(PropertyChangeSupport.java:335) ~[?:?]
	at java.beans.PropertyChangeSupport.firePropertyChange(PropertyChangeSupport.java:268) ~[?:?]
	at com.st.microxplorer.util.MXPropertyChangeSupport.firePropertyChange(MXPropertyChangeSupport.java:54) ~[STM32CubeMX.jar:?]
	at com.st.microxplorer.mxsystem.MxSystem.closeConfig(MxSystem.java:899) ~[STM32CubeMX.jar:?]
	at com.st.microxplorer.maingui.MainPanel.closeConfig(MainPanel.java:789) ~[STM32CubeMX.jar:?]
	at com.st.microxplorer.plugins.filemanager.engine.OpenFileManager.loadConfigurationFile(OpenFileManager.java:265) ~[filemanager.jar:?]
	at com.st.microxplorer.plugins.filemanager.engine.MainFileManager.userLoadConfig(MainFileManager.java:340) ~[filemanager.jar:?]
	at com.st.microxplorer.plugins.filemanager.engine.MainFileManager.userLoadConfig(MainFileManager.java:318) ~[filemanager.jar:?]
	at com.st.microxplorer.plugins.filemanager.FileManagerView.getSpecificTask(FileManagerView.java:246) ~[filemanager.jar:?]
	at com.st.stm32cube.common.mx.editor.CubeMxEditor.getMxTabbedPaneInstance(CubeMxEditor.java:1198) ~[com.st.stm32cube.common.mx_6.13.0.202411220809/:?]
	at com.st.stm32cube.common.mx.editor.CubeMxEditor$12$1.createSwingComponent(CubeMxEditor.java:1068) ~[com.st.stm32cube.common.mx_6.13.0.202411220809/:?]
	at com.st.stm32cube.common.mx.oss.core.awtswtbridge.EmbeddedSwingComposite.doComponentCreation(EmbeddedSwingComposite.java:492) ~[com.st.stm32cube.common.mx.oss_6.13.0.202411220809/:?]
	at com.st.stm32cube.common.mx.oss.core.awtswtbridge.EmbeddedSwingComposite$4.run(EmbeddedSwingComposite.java:291) ~[com.st.stm32cube.common.mx.oss_6.13.0.202411220809/:?]
	at com.st.stm32cube.common.mx.oss.core.awtswtbridge.AwtEnvironment$2.run(AwtEnvironment.java:166) ~[com.st.stm32cube.common.mx.oss_6.13.0.202411220809/:?]
	at java.awt.event.InvocationEvent.dispatch(InvocationEvent.java:318) ~[?:?]
	at java.awt.EventQueue.dispatchEventImpl(EventQueue.java:773) ~[?:?]
	at java.awt.EventQueue$4.run(EventQueue.java:720) ~[?:?]
	at java.awt.EventQueue$4.run(EventQueue.java:714) ~[?:?]
	at java.security.AccessController.doPrivileged(AccessController.java:400) ~[?:?]
	at java.security.ProtectionDomain$JavaSecurityAccessImpl.doIntersectionPrivilege(ProtectionDomain.java:87) ~[?:?]
	at java.awt.EventQueue.dispatchEvent(EventQueue.java:742) ~[?:?]
	at java.awt.EventDispatchThread.pumpOneEventForFilters(EventDispatchThread.java:203) ~[?:?]
	at java.awt.EventDispatchThread.pumpEventsForFilter(EventDispatchThread.java:124) ~[?:?]
	at java.awt.EventDispatchThread.pumpEventsForHierarchy(EventDispatchThread.java:113) ~[?:?]
	at java.awt.EventDispatchThread.pumpEvents(EventDispatchThread.java:109) ~[?:?]
	at java.awt.EventDispatchThread.pumpEvents(EventDispatchThread.java:101) ~[?:?]
	at java.awt.EventDispatchThread.run(EventDispatchThread.java:90) ~[?:?]
2025-12-22 00:28:41,862 [WARN] ThirdParty:871 - waiting for thirdparty lock release [close project]
2025-12-22 00:28:41,862 [INFO] ThirdParty:873 - entering critical section [close project]
2025-12-22 00:28:41,862 [INFO] ThirdParty:883 - exiting critical section [close project]
2025-12-22 00:28:41,865 [INFO] PinOutPanel:1589 - setPackage(No Configuration,No Configuration)
2025-12-22 00:28:41,879 [WARN] IpParametersView:154 - Warning: This peripheral hasn't parameters
2025-12-22 00:28:41,895 [WARN] MainPanel:289 - <html><b><center>Warning: This peripheral has no parameters to be configured<br></b></html>
2025-12-22 00:28:41,900 [ERROR] MainPanel:599 - java.lang.IndexOutOfBoundsException: Index: 0, Tab count: 0
2025-12-22 00:28:41,911 [INFO] UtilMem:75 - Begin LoadConfig() Used Memory: 981593152 Bytes (1073741824)
2025-12-22 00:28:41,911 [INFO] MicroXplorer:468 - Change Database Path : 
2025-12-22 00:28:41,911 [INFO] MicroXplorer:498 - Change Database Version : DB.6.0.130
2025-12-22 00:28:41,911 [INFO] OpenFileManager:332 - Change cursor
2025-12-22 00:28:41,921 [INFO] RulesReader:64 - Compatibility file has been processed (297 Rules)
2025-12-22 00:28:41,937 [INFO] Mcu:2035 - Initializing MCU STM32F746ZGTx STM32F746ZGTx STM32F746ZGT6
2025-12-22 00:28:44,142 [INFO] Context:748 - Trying to add GPIOservice into a context  which must be forbidden
2025-12-22 00:28:44,655 [INFO] RtosManager:555 - Registered RTOS mode: class=CMSIS, group=RTOS, mode=CMSIS_V1, owner=FREERTOS
2025-12-22 00:28:44,655 [INFO] RtosManager:555 - Registered RTOS mode: class=CMSIS, group=RTOS2, mode=CMSIS_V2, owner=FREERTOS
2025-12-22 00:28:44,656 [INFO] RtosManager:555 - Registered RTOS mode: class=RTOS, group=Core, mode=CMSIS_V1, owner=FREERTOS
2025-12-22 00:28:44,656 [INFO] RtosManager:555 - Registered RTOS mode: class=RTOS, group=Core, mode=CMSIS_V2, owner=FREERTOS
2025-12-22 00:28:44,656 [WARN] ModelIntegratedComponent:184 - Missing modes for component STMicroelectronics:FreeRTOS:0.0.1:STMicroelectronics:RTOS:FreeRTOS:Core:::10.2.0:
2025-12-22 00:28:44,659 [WARN] ModelIntegratedComponent:63 - No mode defined for component null
2025-12-22 00:28:44,659 [WARN] ModelIntegratedComponent:63 - No mode defined for component null
2025-12-22 00:28:44,659 [WARN] ModelIntegratedComponent:63 - No mode defined for component null
2025-12-22 00:28:44,659 [WARN] ModelIntegratedComponent:63 - No mode defined for component null
2025-12-22 00:28:44,659 [WARN] ModelIntegratedComponent:63 - No mode defined for component null
2025-12-22 00:28:44,659 [WARN] ModelIntegratedComponent:63 - No mode defined for component null
2025-12-22 00:28:44,659 [WARN] ModelIntegratedComponent:63 - No mode defined for component null
2025-12-22 00:28:44,659 [WARN] ModelIntegratedComponent:63 - No mode defined for component null
2025-12-22 00:28:44,659 [WARN] ModelIntegratedComponent:63 - No mode defined for component null
2025-12-22 00:28:44,659 [WARN] ModelIntegratedComponent:63 - No mode defined for component null
2025-12-22 00:28:44,659 [WARN] ModelIntegratedComponent:63 - No mode defined for component null
2025-12-22 00:28:44,659 [WARN] ModelIntegratedComponent:63 - No mode defined for component null
2025-12-22 00:28:44,659 [WARN] ModelIntegratedComponent:63 - No mode defined for component null
2025-12-22 00:28:44,659 [WARN] ModelIntegratedComponent:63 - No mode defined for component null
2025-12-22 00:28:44,659 [WARN] ModelIntegratedComponent:63 - No mode defined for component null
2025-12-22 00:28:44,659 [WARN] ModelIntegratedComponent:63 - No mode defined for component null
2025-12-22 00:28:44,659 [WARN] ModelIntegratedComponent:63 - No mode defined for component null
2025-12-22 00:28:44,659 [WARN] ModelIntegratedComponent:63 - No mode defined for component null
2025-12-22 00:28:44,659 [WARN] ModelIntegratedComponent:63 - No mode defined for component null
2025-12-22 00:28:44,659 [WARN] ModelIntegratedComponent:63 - No mode defined for component null
2025-12-22 00:28:44,659 [WARN] ModelIntegratedComponent:63 - No mode defined for component null
2025-12-22 00:28:44,659 [WARN] ModelIntegratedComponent:63 - No mode defined for component null
2025-12-22 00:28:44,659 [WARN] ModelIntegratedComponent:63 - No mode defined for component null
2025-12-22 00:28:44,659 [WARN] ModelIntegratedComponent:63 - No mode defined for component null
2025-12-22 00:28:44,659 [WARN] ModelIntegratedComponent:63 - No mode defined for component null
2025-12-22 00:28:44,660 [WARN] ModelIntegratedComponent:63 - No mode defined for component null
2025-12-22 00:28:44,660 [WARN] ModelIntegratedComponent:63 - No mode defined for component null
2025-12-22 00:28:44,660 [WARN] ModelIntegratedComponent:63 - No mode defined for component null
2025-12-22 00:28:44,660 [WARN] ModelIntegratedComponent:63 - No mode defined for component null
2025-12-22 00:28:44,660 [WARN] ModelIntegratedComponent:63 - No mode defined for component null
2025-12-22 00:28:44,660 [WARN] ModelIntegratedComponent:63 - No mode defined for component null
2025-12-22 00:28:44,660 [WARN] ModelIntegratedComponent:63 - No mode defined for component null
2025-12-22 00:28:44,660 [WARN] ModelIntegratedComponent:63 - No mode defined for component null
2025-12-22 00:28:44,660 [WARN] ModelIntegratedComponent:63 - No mode defined for component null
2025-12-22 00:28:44,660 [WARN] ModelIntegratedComponent:63 - No mode defined for component null
2025-12-22 00:28:44,660 [WARN] ModelPack:524 - Component already loaded: STMicroelectronics:HAL Drivers:0.0.0:STMicroelectronics:Device:STMicro_Driver:XSPI:HAL::0.0.1:HAL_XSPI
2025-12-22 00:28:44,769 [INFO] ThirdPartyModel:298 - Start build external matchings
2025-12-22 00:28:45,536 [INFO] ThirdPartyModel:316 - End build external matchings
2025-12-22 00:28:45,559 [WARN] IP:2251 - Warning not found: check if there is a RefParameter without a condition.
2025-12-22 00:28:45,559 [WARN] IP:2251 - RxBufferAddress not found: check if there is a RefParameter without a condition.
2025-12-22 00:28:45,559 [WARN] IP:2251 - DESC_SIZE_UNIT not found: check if there is a RefParameter without a condition.
2025-12-22 00:28:45,560 [INFO] ImportTextPane:218 - (OptionalMessage_ERROR) IP (ETH) : Invalid parameter (PHY_Name)
2025-12-22 00:28:45,560 [INFO] ImportTextPane:218 - (OptionalMessage_ERROR) IP (ETH) : Invalid parameter (PHY_Value)
2025-12-22 00:28:45,560 [INFO] ImportTextPane:218 - (OptionalMessage_ERROR) IP (ETH) : Invalid parameter (PhyAddress)
2025-12-22 00:28:45,562 [INFO] ImportTextPane:218 - (OptionalMessage_ERROR) IP (RCC) : Invalid parameter (48MHZClocksFreq_Value)
2025-12-22 00:28:45,562 [INFO] ImportTextPane:218 - (OptionalMessage_ERROR) IP (RCC) : Invalid parameter (ADC12outputFreq_Value)
2025-12-22 00:28:45,562 [INFO] ImportTextPane:218 - (OptionalMessage_ERROR) IP (RCC) : Invalid parameter (ADC34outputFreq_Value)
2025-12-22 00:28:45,562 [INFO] ImportTextPane:218 - (OptionalMessage_ERROR) IP (RCC) : Invalid parameter (FamilyName)
2025-12-22 00:28:45,562 [INFO] ImportTextPane:218 - (OptionalMessage_ERROR) IP (RCC) : Invalid parameter (I2SClocksFreq_Value)
2025-12-22 00:28:45,563 [INFO] ImportTextPane:218 - (OptionalMessage_ERROR) IP (RCC) : Parameter (LCDTFToutputFreq_Value) has invalid value (96000000)
2025-12-22 00:28:45,563 [INFO] ImportTextPane:218 - (OptionalMessage_ERROR) IP (RCC) : Invalid parameter (MCOFreq_Value)
2025-12-22 00:28:45,563 [INFO] ImportTextPane:218 - (OptionalMessage_ERROR) IP (RCC) : Invalid parameter (PLLMCOFreq_Value)
2025-12-22 00:28:45,563 [INFO] ImportTextPane:218 - (OptionalMessage_ERROR) IP (RCC) : Invalid parameter (PLLMUL)
2025-12-22 00:28:45,563 [INFO] ImportTextPane:218 - (OptionalMessage_ERROR) IP (RCC) : Invalid parameter (PRESCALERUSB)
2025-12-22 00:28:45,563 [INFO] ImportTextPane:218 - (OptionalMessage_ERROR) IP (RCC) : Invalid parameter (RTCHSEDivFreq_Value)
2025-12-22 00:28:45,563 [INFO] ImportTextPane:218 - (OptionalMessage_ERROR) IP (RCC) : Parameter (SDMMCFreq_Value) has invalid value (72000000)
2025-12-22 00:28:45,563 [INFO] ImportTextPane:218 - (OptionalMessage_ERROR) IP (RCC) : Invalid parameter (SYSCLKSourceVirtual)
2025-12-22 00:28:45,563 [INFO] ImportTextPane:218 - (OptionalMessage_ERROR) IP (RCC) : Invalid parameter (TIM15Freq_Value)
2025-12-22 00:28:45,563 [INFO] ImportTextPane:218 - (OptionalMessage_ERROR) IP (RCC) : Invalid parameter (TIM16Freq_Value)
2025-12-22 00:28:45,563 [INFO] ImportTextPane:218 - (OptionalMessage_ERROR) IP (RCC) : Invalid parameter (TIM17Freq_Value)
2025-12-22 00:28:45,563 [INFO] ImportTextPane:218 - (OptionalMessage_ERROR) IP (RCC) : Invalid parameter (TIM1Freq_Value)
2025-12-22 00:28:45,563 [INFO] ImportTextPane:218 - (OptionalMessage_ERROR) IP (RCC) : Invalid parameter (TIM20Freq_Value)
2025-12-22 00:28:45,563 [INFO] ImportTextPane:218 - (OptionalMessage_ERROR) IP (RCC) : Invalid parameter (TIM2Freq_Value)
2025-12-22 00:28:45,563 [INFO] ImportTextPane:218 - (OptionalMessage_ERROR) IP (RCC) : Invalid parameter (TIM3Freq_Value)
2025-12-22 00:28:45,563 [INFO] ImportTextPane:218 - (OptionalMessage_ERROR) IP (RCC) : Invalid parameter (TIM8Freq_Value)
2025-12-22 00:28:45,564 [INFO] ImportTextPane:218 - (OptionalMessage_ERROR) IP (RCC) : Invalid parameter (VCOOutput2Freq_Value)
2025-12-22 00:28:45,564 [INFO] ImportTextPane:218 - (OptionalMessage_ERROR) IP (RCC) : Invalid parameter (VcooutputI2S)
2025-12-22 00:28:46,059 [INFO] UtilMem:75 - End LoadConfig() Used Memory: 937779616 Bytes (1073741824)
2025-12-22 00:28:46,193 [WARN] ThirdParty:833 - waiting for thirdparty lock release [change project]
2025-12-22 00:28:46,193 [INFO] ThirdParty:835 - entering critical section [change project]
2025-12-22 00:28:46,193 [INFO] ThirdParty:1030 - CMSIS Pack Vendor :STMicroelectronics X-CUBE-PM33A1 1.0.0
2025-12-22 00:28:46,193 [INFO] ThirdParty:1030 - CMSIS Pack Vendor :STMicroelectronics USBPD 4.1
2025-12-22 00:28:46,193 [INFO] ThirdParty:1030 - CMSIS Pack Vendor :STMicroelectronics USB_HOST 2.0.0
2025-12-22 00:28:46,193 [INFO] ThirdParty:1030 - CMSIS Pack Vendor :STMicroelectronics FP-SNS-MOTENVWB1 1.4.0
2025-12-22 00:28:46,193 [INFO] ThirdParty:1030 - CMSIS Pack Vendor :STMicroelectronics X-CUBE-AZRTOS-F4 1.1.0
2025-12-22 00:28:46,193 [INFO] ThirdParty:1030 - CMSIS Pack Vendor :STMicroelectronics LIBJPEG 8.0.0
2025-12-22 00:28:46,193 [INFO] ThirdParty:1030 - CMSIS Pack Vendor :STMicroelectronics FP-ATR-ASTRA1 2.0.2
2025-12-22 00:28:46,193 [INFO] ThirdParty:1030 - CMSIS Pack Vendor :STMicroelectronics FP-ATR-ASTRA1 2.0.1
2025-12-22 00:28:46,193 [INFO] ThirdParty:1030 - CMSIS Pack Vendor :STMicroelectronics X-CUBE-SMBUS 2.1.0
2025-12-22 00:28:46,193 [INFO] ThirdParty:1030 - CMSIS Pack Vendor :STMicroelectronics X-CUBE-WB05N 1.1.0
2025-12-22 00:28:46,193 [INFO] ThirdParty:1030 - CMSIS Pack Vendor :STMicroelectronics X-CUBE-ISPU 2.1.0
2025-12-22 00:28:46,193 [INFO] ThirdParty:1030 - CMSIS Pack Vendor :STMicroelectronics X-CUBE-FREERTOS 1.2.0
2025-12-22 00:28:46,193 [INFO] ThirdParty:1030 - CMSIS Pack Vendor :STMicroelectronics X-CUBE-ST60 1.0.0
2025-12-22 00:28:46,193 [INFO] ThirdParty:1030 - CMSIS Pack Vendor :STMicroelectronics X-CUBE-NFC12 1.0.0
2025-12-22 00:28:46,193 [INFO] ThirdParty:1030 - CMSIS Pack Vendor :STMicroelectronics X-CUBE-AZRTOS-F7 1.1.0
2025-12-22 00:28:46,193 [INFO] ThirdParty:1030 - CMSIS Pack Vendor :STMicroelectronics X-CUBE-AZRTOS-L5 2.0.0
2025-12-22 00:28:46,193 [INFO] ThirdParty:1030 - CMSIS Pack Vendor :STMicroelectronics USB_DEVICE 2.0.0
2025-12-22 00:28:46,193 [INFO] ThirdParty:1030 - CMSIS Pack Vendor :STMicroelectronics X-CUBE-NFC6 3.1.0
2025-12-22 00:28:46,193 [INFO] ThirdParty:1030 - CMSIS Pack Vendor :ARM CMSIS 5.7.0
2025-12-22 00:28:46,193 [INFO] ThirdParty:1030 - CMSIS Pack Vendor :STMicroelectronics X-CUBE-MEMS1 11.0.0
2025-12-22 00:28:46,193 [INFO] ThirdParty:1030 - CMSIS Pack Vendor :STMicroelectronics FreeRTOS 0.0.1
2025-12-22 00:28:46,193 [INFO] ThirdParty:1030 - CMSIS Pack Vendor :STMicroelectronics X-CUBE-DPower 1.2.0
2025-12-22 00:28:46,193 [INFO] ThirdParty:1030 - CMSIS Pack Vendor :STMicroelectronics FP-SNS-FLIGHT1 5.0.2
2025-12-22 00:28:46,194 [INFO] ThirdParty:1030 - CMSIS Pack Vendor :STMicroelectronics PDM2PCM 3.3.0
2025-12-22 00:28:46,194 [INFO] ThirdParty:1030 - CMSIS Pack Vendor :STMicroelectronics X-CUBE-AZRTOS-H7 3.4.0
2025-12-22 00:28:46,194 [INFO] ThirdParty:1030 - CMSIS Pack Vendor :STMicroelectronics X-CUBE-DISPLAY 3.0.0
2025-12-22 00:28:46,194 [INFO] ThirdParty:1030 - CMSIS Pack Vendor :STMicroelectronics X-CUBE-BLE1 7.0.0
2025-12-22 00:28:46,194 [INFO] ThirdParty:1030 - CMSIS Pack Vendor :STMicroelectronics X-CUBE-NFC10 1.0.0
2025-12-22 00:28:46,194 [INFO] ThirdParty:1030 - CMSIS Pack Vendor :STMicroelectronics X-CUBE-BLEMGR 4.0.0
2025-12-22 00:28:46,194 [INFO] ThirdParty:1030 - CMSIS Pack Vendor :STMicroelectronics X-CUBE-FREERTOS 1.3.1
2025-12-22 00:28:46,194 [INFO] ThirdParty:1030 - CMSIS Pack Vendor :STMicroelectronics HAL Drivers 0.0.0
2025-12-22 00:28:46,194 [INFO] ThirdParty:1030 - CMSIS Pack Vendor :STMicroelectronics X-CUBE-ST60 1.1.0
2025-12-22 00:28:46,194 [INFO] ThirdParty:1030 - CMSIS Pack Vendor :emotas I-CUBE-CANOPEN 1.3.0
2025-12-22 00:28:46,194 [INFO] ThirdParty:1030 - CMSIS Pack Vendor :STMicroelectronics X-CUBE-FREERTOS 1.3.0
2025-12-22 00:28:46,194 [INFO] ThirdParty:1030 - CMSIS Pack Vendor :STMicroelectronics X-CUBE-NFC7 1.0.1
2025-12-22 00:28:46,194 [INFO] ThirdParty:1030 - CMSIS Pack Vendor :STMicroelectronics MBEDTLS 2.14.1
2025-12-22 00:28:46,194 [INFO] ThirdParty:1030 - CMSIS Pack Vendor :STMicroelectronics X-CUBE-GNSS1 7.1.0
2025-12-22 00:28:46,194 [INFO] ThirdParty:1030 - CMSIS Pack Vendor :STMicroelectronics X-CUBE-TOUCHGFX 4.26.0
2025-12-22 00:28:46,194 [INFO] ThirdParty:1030 - CMSIS Pack Vendor :STMicroelectronics X-CUBE-BLEMGR 3.1.0
2025-12-22 00:28:46,194 [INFO] ThirdParty:1030 - CMSIS Pack Vendor :STMicroelectronics X-CUBE-AI 10.0.0
2025-12-22 00:28:46,194 [INFO] ThirdParty:1030 - CMSIS Pack Vendor :STMicroelectronics FP-SNS-STAIOTCFT 1.0.0
2025-12-22 00:28:46,194 [INFO] ThirdParty:1030 - CMSIS Pack Vendor :STMicroelectronics FP-SNS-SMARTAG2 1.2.0
2025-12-22 00:28:46,194 [INFO] ThirdParty:1030 - CMSIS Pack Vendor :STMicroelectronics FP-SNS-FLIGHT1 5.1.0
2025-12-22 00:28:46,194 [INFO] ThirdParty:1030 - CMSIS Pack Vendor :STMicroelectronics X-CUBE-MEMS1 11.1.0
2025-12-22 00:28:46,194 [INFO] ThirdParty:1030 - CMSIS Pack Vendor :STMicroelectronics X-CUBE-AZRTOS-WL 2.0.0
2025-12-22 00:28:46,194 [INFO] ThirdParty:1030 - CMSIS Pack Vendor :STMicroelectronics X-CUBE-DPower 1.3.0
2025-12-22 00:28:46,194 [INFO] ThirdParty:1030 - CMSIS Pack Vendor :STMicroelectronics FP-SNS-MOTENV1 5.0.0
2025-12-22 00:28:46,194 [INFO] ThirdParty:1030 - CMSIS Pack Vendor :STMicroelectronics USB_DEVICE 1.0.0
2025-12-22 00:28:46,194 [INFO] ThirdParty:1030 - CMSIS Pack Vendor :STMicroelectronics X-CUBE-AZRTOS-H7RS 1.2.0
2025-12-22 00:28:46,194 [INFO] ThirdParty:1030 - CMSIS Pack Vendor :wolfSSL I-CUBE-wolfMQTT 1.19.0
2025-12-22 00:28:46,194 [INFO] ThirdParty:1030 - CMSIS Pack Vendor :STMicroelectronics X-CUBE-AZRTOS-L4 2.0.0
2025-12-22 00:28:46,194 [INFO] ThirdParty:1030 - CMSIS Pack Vendor :STMicroelectronics ThreadX 0.0.2
2025-12-22 00:28:46,195 [INFO] ThirdParty:1030 - CMSIS Pack Vendor :WES I-CUBE-Cesium 1.3.0
2025-12-22 00:28:46,195 [INFO] ThirdParty:1030 - CMSIS Pack Vendor :STMicroelectronics lwIP 2.1.2
2025-12-22 00:28:46,195 [INFO] ThirdParty:1030 - CMSIS Pack Vendor :STMicroelectronics X-CUBE-SFXS2LP1 4.0.0
2025-12-22 00:28:46,195 [INFO] ThirdParty:1030 - CMSIS Pack Vendor :STMicroelectronics X-CUBE-BLE2 3.3.0
2025-12-22 00:28:46,195 [INFO] ThirdParty:1030 - CMSIS Pack Vendor :Avnet-IOTCONNECT X-CUBE-iotc-st67-sdk 1.0.0
2025-12-22 00:28:46,195 [INFO] ThirdParty:1030 - CMSIS Pack Vendor :STMicroelectronics PDM2PCM 3.2.0
2025-12-22 00:28:46,195 [INFO] ThirdParty:1030 - CMSIS Pack Vendor :STMicroelectronics X-CUBE-AZRTOS-H7 3.3.0
2025-12-22 00:28:46,195 [INFO] ThirdParty:1030 - CMSIS Pack Vendor :STMicroelectronics X-CUBE-NFC9 1.0.0
2025-12-22 00:28:46,195 [INFO] ThirdParty:1030 - CMSIS Pack Vendor :STMicroelectronics X-CUBE-BLE1 7.1.0
2025-12-22 00:28:46,195 [INFO] ThirdParty:1030 - CMSIS Pack Vendor :STMicroelectronics USB_DEVICE 3.0.0
2025-12-22 00:28:46,195 [INFO] ThirdParty:1030 - CMSIS Pack Vendor :STMicroelectronics X-CUBE-TCPP 4.1.0
2025-12-22 00:28:46,195 [INFO] ThirdParty:1030 - CMSIS Pack Vendor :STMicroelectronics X-CUBE-EEPRMA1 5.2.0
2025-12-22 00:28:46,195 [INFO] ThirdParty:1030 - CMSIS Pack Vendor :STMicroelectronics X-CUBE-BLEMGR 4.1.0
2025-12-22 00:28:46,195 [INFO] ThirdParty:1030 - CMSIS Pack Vendor :STMicroelectronics X-CUBE-IPS 3.0.0
2025-12-22 00:28:46,195 [INFO] ThirdParty:1030 - CMSIS Pack Vendor :STMicroelectronics X-CUBE-AZRTOS-WB 2.0.0
2025-12-22 00:28:46,195 [INFO] ThirdParty:1030 - CMSIS Pack Vendor :STMicroelectronics X-CUBE-GNSS1 7.0.0
2025-12-22 00:28:46,195 [INFO] ThirdParty:1030 - CMSIS Pack Vendor :STMicroelectronics X-CUBE-GNSS1 7.0.1
2025-12-22 00:28:46,195 [INFO] ThirdParty:1030 - CMSIS Pack Vendor :STMicroelectronics X-CUBE-TOUCHGFX 4.25.0
2025-12-22 00:28:46,195 [INFO] ThirdParty:1030 - CMSIS Pack Vendor :STMicroelectronics FP-SNS-STBOX1 2.0.0
2025-12-22 00:28:46,195 [INFO] ThirdParty:1030 - CMSIS Pack Vendor :STMicroelectronics X-CUBE-MEMS1 12.0.0
2025-12-22 00:28:46,195 [INFO] ThirdParty:1030 - CMSIS Pack Vendor :STMicroelectronics X-CUBE-AZRTOS-G0 1.1.0
2025-12-22 00:28:46,195 [INFO] ThirdParty:1030 - CMSIS Pack Vendor :STMicroelectronics X-CUBE-SAFEA1 1.2.2
2025-12-22 00:28:46,195 [INFO] ThirdParty:1030 - CMSIS Pack Vendor :STMicroelectronics X-CUBE-NFC4 3.0.0
2025-12-22 00:28:46,195 [INFO] ThirdParty:1030 - CMSIS Pack Vendor :STMicroelectronics X-CUBE-SUBG2 5.0.0
2025-12-22 00:28:46,195 [INFO] ThirdParty:1030 - CMSIS Pack Vendor :STMicroelectronics X-CUBE-AZRTOS-H7RS 1.1.0
2025-12-22 00:28:46,195 [INFO] ThirdParty:1030 - CMSIS Pack Vendor :STMicroelectronics STM32_WPAN 1.0.0
2025-12-22 00:28:46,195 [INFO] ThirdParty:1030 - CMSIS Pack Vendor :EmbeddedOffice I-CUBE-FS-RTOS 1.0.1
2025-12-22 00:28:46,195 [INFO] ThirdParty:1030 - CMSIS Pack Vendor :STMicroelectronics lwIP 2.0.3
2025-12-22 00:28:46,195 [INFO] ThirdParty:1030 - CMSIS Pack Vendor :Cesanta I-CUBE-Mongoose 7.13.0
2025-12-22 00:28:46,195 [INFO] ThirdParty:1030 - CMSIS Pack Vendor :STMicroelectronics USB_HOST 1.0.0
2025-12-22 00:28:46,195 [INFO] ThirdParty:1030 - CMSIS Pack Vendor :STMicroelectronics X-CUBE-AZRTOS-G4 2.0.0
2025-12-22 00:28:46,195 [INFO] ThirdParty:1030 - CMSIS Pack Vendor :STMicroelectronics X-CUBE-WB05N 2.0.0
2025-12-22 00:28:46,195 [INFO] ThirdParty:1030 - CMSIS Pack Vendor :STMicroelectronics PDM2PCM 3.1.0
2025-12-22 00:28:46,195 [INFO] ThirdParty:1030 - CMSIS Pack Vendor :STMicroelectronics X-CUBE-NFC7 2.0.0
2025-12-22 00:28:46,195 [INFO] ThirdParty:1030 - CMSIS Pack Vendor :STMicroelectronics X-CUBE-TCPP 4.2.0
2025-12-22 00:28:46,195 [INFO] ThirdParty:1030 - CMSIS Pack Vendor :RealThread X-CUBE-RT-Thread_Nano 4.1.1
2025-12-22 00:28:46,196 [INFO] ThirdParty:1030 - CMSIS Pack Vendor :STMicroelectronics FP-ATR-SIGFOX1 3.2.0
2025-12-22 00:28:46,196 [INFO] ThirdParty:1030 - CMSIS Pack Vendor :wolfSSL I-CUBE-wolfSSL 5.7.2
2025-12-22 00:28:46,196 [INFO] ThirdParty:1030 - CMSIS Pack Vendor :quantropi X-CUBE-qispace-sdk-base 1.9.3
2025-12-22 00:28:46,196 [INFO] ThirdParty:1030 - CMSIS Pack Vendor :STMicroelectronics X-CUBE-EEPRMA1 5.1.0
2025-12-22 00:28:46,196 [INFO] ThirdParty:1030 - CMSIS Pack Vendor :STMicroelectronics MBEDTLS 2.16.2
2025-12-22 00:28:46,196 [INFO] ThirdParty:1030 - CMSIS Pack Vendor :STMicroelectronics X-CUBE-IPS 3.1.0
2025-12-22 00:28:46,196 [INFO] ThirdParty:1030 - CMSIS Pack Vendor :STMicroelectronics X-CUBE-ALS 1.0.2
2025-12-22 00:28:46,196 [INFO] ThirdParty:1030 - CMSIS Pack Vendor :ITTIA_DB I-CUBE-ITTIADB 8.9.0
2025-12-22 00:28:46,196 [INFO] ThirdParty:1030 - CMSIS Pack Vendor :STMicroelectronics X-CUBE-TOUCHGFX 4.24.1
2025-12-22 00:28:46,196 [INFO] ThirdParty:1030 - CMSIS Pack Vendor :STMicroelectronics X-CUBE-STSE01 1.0.0
2025-12-22 00:28:46,196 [INFO] ThirdParty:1030 - CMSIS Pack Vendor :wolfSSL I-CUBE-wolfTPM 3.4.0
2025-12-22 00:28:46,196 [INFO] ThirdParty:1030 - CMSIS Pack Vendor :portGmbH I-Cube-SoM-uGOAL 1.1.0
2025-12-22 00:28:46,196 [INFO] ThirdParty:1030 - CMSIS Pack Vendor :STMicroelectronics X-CUBE-ST67W61 1.0.0
2025-12-22 00:28:46,196 [INFO] ThirdParty:1030 - CMSIS Pack Vendor :STMicroelectronics X-CUBE-AI 10.2.0
2025-12-22 00:28:46,196 [INFO] ThirdParty:1030 - CMSIS Pack Vendor :STMicroelectronics ThreadX 1.0.0
2025-12-22 00:28:46,196 [INFO] ThirdParty:1030 - CMSIS Pack Vendor :SEGGER I-CUBE-embOS 1.3.1
2025-12-22 00:28:46,196 [INFO] ThirdParty:1030 - CMSIS Pack Vendor :STMicroelectronics X-CUBE-ALGOBUILD 1.4.0
2025-12-22 00:28:46,196 [INFO] ThirdParty:1030 - CMSIS Pack Vendor :STMicroelectronics X-CUBE-MEMS1 11.3.0
2025-12-22 00:28:46,196 [INFO] ThirdParty:1030 - CMSIS Pack Vendor :STMicroelectronics X-CUBE-AZRTOS-H7RS 1.0.0
2025-12-22 00:28:46,196 [INFO] ThirdParty:1030 - CMSIS Pack Vendor :STMicroelectronics FP-ATR-ASTRA1 2.0.0
2025-12-22 00:28:46,196 [INFO] ThirdParty:1030 - CMSIS Pack Vendor :STMicroelectronics X-CUBE-TOF1 3.4.2
2025-12-22 00:28:46,196 [INFO] ThirdParty:1030 - CMSIS Pack Vendor :STMicroelectronics X-CUBE-TOF1 3.4.3
2025-12-22 00:28:46,196 [INFO] ThirdParty:1030 - CMSIS Pack Vendor :STMicroelectronics X-CUBE-AI 9.1.0
2025-12-22 00:28:46,196 [INFO] ThirdParty:1030 - CMSIS Pack Vendor :Infineon AIROC-Wi-Fi-Bluetooth-STM32 1.6.1
2025-12-22 00:28:46,196 [INFO] ThirdParty:1030 - CMSIS Pack Vendor :wolfSSL I-CUBE-wolfSSH 1.4.17
2025-12-22 00:28:46,196 [INFO] ThirdParty:841 - exiting critical section [change project]
2025-12-22 00:28:46,400 [INFO] PinOutPanel:1589 - setPackage(No Configuration,No Configuration)
2025-12-22 00:28:46,401 [INFO] PinOutPanel:1589 - setPackage(STM32F746ZGTx,LQFP144)
2025-12-22 00:28:46,770 [INFO] UtilMem:75 - Before build in PCC Used Memory: 894836336 Bytes (1073741824)
2025-12-22 00:28:46,992 [INFO] UtilMem:75 - After build in PCC Used Memory: 946216560 Bytes (1073741824)
2025-12-22 00:28:47,010 [INFO] IPUIPlugin:80 - create IPUIPlugin
2025-12-22 00:28:47,011 [INFO] IPUIPlugin:80 - create IPUIPlugin
2025-12-22 00:28:47,011 [INFO] IPUIPlugin:80 - create IPUIPlugin
2025-12-22 00:28:47,011 [INFO] IPUIPlugin:80 - create IPUIPlugin
2025-12-22 00:28:47,011 [INFO] IPUIPlugin:80 - create IPUIPlugin
2025-12-22 00:28:47,011 [INFO] IPUIPlugin:80 - create IPUIPlugin
2025-12-22 00:28:47,011 [INFO] IPUIPlugin:80 - create IPUIPlugin
2025-12-22 00:28:47,011 [INFO] IPUIPlugin:80 - create IPUIPlugin
2025-12-22 00:28:47,011 [INFO] IPUIPlugin:80 - create IPUIPlugin
2025-12-22 00:28:47,011 [INFO] IPUIPlugin:80 - create IPUIPlugin
2025-12-22 00:28:47,011 [INFO] IPUIPlugin:80 - create IPUIPlugin
2025-12-22 00:28:47,011 [INFO] IPUIPlugin:80 - create IPUIPlugin
2025-12-22 00:28:47,011 [INFO] IPUIPlugin:80 - create IPUIPlugin
2025-12-22 00:28:47,011 [INFO] IPUIPlugin:80 - create IPUIPlugin
2025-12-22 00:28:47,011 [INFO] IPUIPlugin:80 - create IPUIPlugin
2025-12-22 00:28:47,012 [INFO] IPUIPlugin:80 - create IPUIPlugin
2025-12-22 00:28:47,012 [INFO] IPUIPlugin:80 - create IPUIPlugin
2025-12-22 00:28:47,012 [INFO] IPUIPlugin:80 - create IPUIPlugin
2025-12-22 00:28:47,012 [INFO] IPUIPlugin:80 - create IPUIPlugin
2025-12-22 00:28:47,012 [INFO] IPUIPlugin:80 - create IPUIPlugin
2025-12-22 00:28:47,012 [INFO] IPUIPlugin:80 - create IPUIPlugin
2025-12-22 00:28:47,012 [INFO] IPUIPlugin:80 - create IPUIPlugin
2025-12-22 00:28:47,012 [INFO] IPUIPlugin:80 - create IPUIPlugin
2025-12-22 00:28:47,012 [INFO] IPUIPlugin:80 - create IPUIPlugin
2025-12-22 00:28:47,012 [INFO] IPUIPlugin:80 - create IPUIPlugin
2025-12-22 00:28:47,012 [INFO] IPUIPlugin:80 - create IPUIPlugin
2025-12-22 00:28:47,012 [INFO] IPUIPlugin:80 - create IPUIPlugin
2025-12-22 00:28:47,012 [INFO] IPUIPlugin:80 - create IPUIPlugin
2025-12-22 00:28:47,012 [INFO] IPUIPlugin:80 - create IPUIPlugin
2025-12-22 00:28:47,013 [INFO] IPUIPlugin:80 - create IPUIPlugin
2025-12-22 00:28:47,013 [INFO] IPUIPlugin:80 - create IPUIPlugin
2025-12-22 00:28:47,013 [INFO] IPUIPlugin:80 - create IPUIPlugin
2025-12-22 00:28:47,013 [INFO] IPUIPlugin:80 - create IPUIPlugin
2025-12-22 00:28:47,013 [INFO] IPUIPlugin:80 - create IPUIPlugin
2025-12-22 00:28:47,014 [INFO] IPUIPlugin:80 - create IPUIPlugin
2025-12-22 00:28:47,014 [INFO] IPUIPlugin:80 - create IPUIPlugin
2025-12-22 00:28:47,014 [INFO] IPUIPlugin:80 - create IPUIPlugin
2025-12-22 00:28:47,014 [INFO] IPUIPlugin:80 - create IPUIPlugin
2025-12-22 00:28:47,014 [INFO] IPUIPlugin:80 - create IPUIPlugin
2025-12-22 00:28:47,014 [INFO] IPUIPlugin:80 - create IPUIPlugin
2025-12-22 00:28:47,014 [INFO] IPUIPlugin:80 - create IPUIPlugin
2025-12-22 00:28:47,015 [INFO] IPUIPlugin:80 - create IPUIPlugin
2025-12-22 00:28:47,015 [INFO] IPUIPlugin:80 - create IPUIPlugin
2025-12-22 00:28:47,015 [INFO] IPUIPlugin:80 - create IPUIPlugin
2025-12-22 00:28:47,015 [INFO] IPUIPlugin:80 - create IPUIPlugin
2025-12-22 00:28:47,015 [INFO] IPUIPlugin:80 - create IPUIPlugin
2025-12-22 00:28:47,015 [INFO] IPUIPlugin:80 - create IPUIPlugin
2025-12-22 00:28:47,015 [INFO] IPUIPlugin:80 - create IPUIPlugin
2025-12-22 00:28:47,015 [INFO] IPUIPlugin:80 - create IPUIPlugin
2025-12-22 00:28:47,016 [INFO] IPUIPlugin:80 - create IPUIPlugin
2025-12-22 00:28:47,016 [INFO] IPUIPlugin:80 - create IPUIPlugin
2025-12-22 00:28:47,016 [INFO] IPUIPlugin:80 - create IPUIPlugin
2025-12-22 00:28:47,016 [INFO] IPUIPlugin:80 - create IPUIPlugin
2025-12-22 00:28:47,016 [INFO] IPUIPlugin:80 - create IPUIPlugin
2025-12-22 00:28:47,016 [INFO] IPUIPlugin:80 - create IPUIPlugin
2025-12-22 00:28:47,016 [INFO] IPUIPlugin:80 - create IPUIPlugin
2025-12-22 00:28:47,016 [INFO] IPUIPlugin:80 - create IPUIPlugin
2025-12-22 00:28:47,016 [INFO] IPUIPlugin:80 - create IPUIPlugin
2025-12-22 00:28:47,017 [INFO] IPUIPlugin:80 - create IPUIPlugin
2025-12-22 00:28:47,017 [INFO] IPUIPlugin:80 - create IPUIPlugin
2025-12-22 00:28:47,017 [INFO] IPUIPlugin:80 - create IPUIPlugin
2025-12-22 00:28:47,017 [INFO] IPUIPlugin:80 - create IPUIPlugin
2025-12-22 00:28:47,017 [INFO] IPUIPlugin:80 - create IPUIPlugin
2025-12-22 00:28:47,017 [INFO] IPUIPlugin:80 - create IPUIPlugin
2025-12-22 00:28:47,017 [INFO] IPUIPlugin:80 - create IPUIPlugin
2025-12-22 00:28:47,018 [INFO] IPUIPlugin:80 - create IPUIPlugin
2025-12-22 00:28:47,018 [INFO] IPUIPlugin:80 - create IPUIPlugin
2025-12-22 00:28:47,018 [INFO] IPUIPlugin:80 - create IPUIPlugin
2025-12-22 00:28:47,018 [INFO] IPUIPlugin:80 - create IPUIPlugin
2025-12-22 00:28:47,018 [INFO] IPUIPlugin:80 - create IPUIPlugin
2025-12-22 00:28:47,018 [INFO] IPUIPlugin:80 - create IPUIPlugin
2025-12-22 00:28:47,018 [INFO] IPUIPlugin:80 - create IPUIPlugin
2025-12-22 00:28:47,018 [INFO] IPUIPlugin:80 - create IPUIPlugin
2025-12-22 00:28:47,019 [INFO] IPUIPlugin:80 - create IPUIPlugin
2025-12-22 00:28:47,040 [INFO] ApiDbMcu:508 - Load IP Config File for PDM2PCM
2025-12-22 00:28:47,042 [INFO] Can:71 - Can Add PropertyChangeListener com.st.microxplorer.plugins.ip.can.Can@4e13dab6
2025-12-22 00:28:47,122 [INFO] CADModel:165 - CPN selected for project levelSTM32F746ZGT6
2025-12-22 00:28:47,122 [INFO] CADModel:114 - Register for checkConnection events
2025-12-22 00:28:47,185 [INFO] OpenFileManager:363 - Restore cursor
2025-12-22 00:28:47,401 [WARN] IP:2251 - Warning not found: check if there is a RefParameter without a condition.
2025-12-22 00:28:47,401 [WARN] IP:2251 - RxBufferAddress not found: check if there is a RefParameter without a condition.
2025-12-22 00:28:47,401 [WARN] IP:2251 - DESC_SIZE_UNIT not found: check if there is a RefParameter without a condition.
2025-12-22 00:28:47,402 [WARN] IP:2251 - Warning not found: check if there is a RefParameter without a condition.
2025-12-22 00:28:47,402 [WARN] IP:2251 - RxBufferAddress not found: check if there is a RefParameter without a condition.
2025-12-22 00:28:47,402 [WARN] IP:2251 - DESC_SIZE_UNIT not found: check if there is a RefParameter without a condition.
2025-12-22 00:28:59,830 [INFO] UtilMem:75 - End SaveConfig() Used Memory: 874983472 Bytes (1073741824)
2025-12-22 00:29:00,063 [INFO] BlockDiagram:2766 - set Specific Code input for plugin: RCC
2025-12-22 00:29:00,063 [INFO] BlockDiagram:2766 - set Specific Code input for plugin: I2C
2025-12-22 00:29:00,063 [INFO] BlockDiagram:2766 - set Specific Code input for plugin: USART
2025-12-22 00:29:00,063 [INFO] BlockDiagram:2766 - set Specific Code input for plugin: ETH
2025-12-22 00:29:00,063 [INFO] BlockDiagram:2766 - set Specific Code input for plugin: CAN
2025-12-22 00:29:00,063 [INFO] BlockDiagram:2766 - set Specific Code input for plugin: SYS
2025-12-22 00:29:00,063 [INFO] BlockDiagram:2766 - set Specific Code input for plugin: USB_OTG_FS
2025-12-22 00:29:00,063 [INFO] BlockDiagram:2766 - set Specific Code input for plugin: NVIC
2025-12-22 00:29:00,063 [INFO] BlockDiagram:2766 - set Specific Code input for plugin: GPIO
2025-12-22 00:29:00,064 [INFO] CodeGenerator:896 - code generatio: config db path: C:\ST\STM32CubeIDE_1.17.0\STM32CubeIDE\plugins\com.st.stm32cube.common.mx_6.13.0.202411220809\\db\
2025-12-22 00:29:00,068 [WARN] IP:2251 - Warning not found: check if there is a RefParameter without a condition.
2025-12-22 00:29:00,068 [WARN] IP:2251 - RxBufferAddress not found: check if there is a RefParameter without a condition.
2025-12-22 00:29:00,069 [WARN] IP:2251 - DESC_SIZE_UNIT not found: check if there is a RefParameter without a condition.
2025-12-22 00:29:00,187 [INFO] CodeEngine:255 - oldGeneratedFile, C:\Users\kamil\STM32CubeIDE\workspace_1.17.0\WIELKI_TEST\MXTmpFiles\license.tmp_save
2025-12-22 00:29:00,298 [INFO] CodeEngine:279 - Generated code: C:\Users\kamil\STM32CubeIDE\workspace_1.17.0\WIELKI_TEST\MXTmpFiles\license.tmp
2025-12-22 00:29:00,386 [INFO] CodeEngine:255 - oldGeneratedFile, C:\Users\kamil\STM32CubeIDE\workspace_1.17.0\WIELKI_TEST\MXTmpFiles\gpio.tmp_save
2025-12-22 00:29:00,483 [INFO] CodeEngine:279 - Generated code: C:\Users\kamil\STM32CubeIDE\workspace_1.17.0\WIELKI_TEST\MXTmpFiles\gpio.tmp
2025-12-22 00:29:00,905 [WARN] IPConfigManager:3034 - Warning: the RefConfig PWREx_EnableUSBVoltageDetector is not available in your config.xml file
2025-12-22 00:29:00,928 [INFO] CodeEngine:255 - oldGeneratedFile, C:\Users\kamil\STM32CubeIDE\workspace_1.17.0\WIELKI_TEST\MXTmpFiles\cortex.tmp_save
2025-12-22 00:29:01,027 [INFO] CodeEngine:279 - Generated code: C:\Users\kamil\STM32CubeIDE\workspace_1.17.0\WIELKI_TEST\MXTmpFiles\cortex.tmp
2025-12-22 00:29:01,071 [INFO] CodeEngine:255 - oldGeneratedFile, C:\Users\kamil\STM32CubeIDE\workspace_1.17.0\WIELKI_TEST\Core\Src\stm32f7xx_it.c_save
2025-12-22 00:29:01,238 [INFO] CodeEngine:279 - Generated code: C:\Users\kamil\STM32CubeIDE\workspace_1.17.0\WIELKI_TEST\Core\Src\stm32f7xx_it.c
2025-12-22 00:29:01,246 [INFO] CodeEngine:255 - oldGeneratedFile, C:\Users\kamil\STM32CubeIDE\workspace_1.17.0\WIELKI_TEST\Core\Inc\stm32f7xx_it.h_save
2025-12-22 00:29:01,351 [INFO] CodeEngine:279 - Generated code: C:\Users\kamil\STM32CubeIDE\workspace_1.17.0\WIELKI_TEST\Core\Inc\stm32f7xx_it.h
2025-12-22 00:29:01,387 [INFO] CodeEngine:255 - oldGeneratedFile, C:\Users\kamil\STM32CubeIDE\workspace_1.17.0\WIELKI_TEST\Core\Src\stm32f7xx_hal_msp.c_save
2025-12-22 00:29:01,520 [INFO] CodeEngine:279 - Generated code: C:\Users\kamil\STM32CubeIDE\workspace_1.17.0\WIELKI_TEST\Core\Src\stm32f7xx_hal_msp.c
2025-12-22 00:29:01,524 [INFO] CodeEngine:255 - oldGeneratedFile, C:\Users\kamil\STM32CubeIDE\workspace_1.17.0\WIELKI_TEST\MXTmpFiles\system.tmp_save
2025-12-22 00:29:01,573 [INFO] CodeEngine:279 - Generated code: C:\Users\kamil\STM32CubeIDE\workspace_1.17.0\WIELKI_TEST\MXTmpFiles\system.tmp
2025-12-22 00:29:01,607 [INFO] CodeEngine:311 - oldGeneratedFile, C:\Users\kamil\STM32CubeIDE\workspace_1.17.0\WIELKI_TEST\Core\Inc\stm32f7xx_hal_conf.h_save
2025-12-22 00:29:01,699 [INFO] CodeEngine:335 - Generated code: C:\Users\kamil\STM32CubeIDE\workspace_1.17.0\WIELKI_TEST\Core\Inc\stm32f7xx_hal_conf.h
2025-12-22 00:29:01,730 [INFO] ApiDbMcu:508 - Load IP Config File for CAN1
2025-12-22 00:29:01,740 [INFO] ApiDbMcu:508 - Load IP Config File for ETH
2025-12-22 00:29:01,744 [INFO] ApiDbMcu:508 - Load IP Config File for I2C1
2025-12-22 00:29:01,748 [INFO] ApiDbMcu:508 - Load IP Config File for USART3
2025-12-22 00:29:01,750 [INFO] ApiDbMcu:508 - Load IP Config File for USB_OTG_FS
2025-12-22 00:29:01,752 [INFO] ApiDbMcu:508 - Load IP Config File for RCC
2025-12-22 00:29:01,754 [WARN] IPConfigManager:3618 - IP not found : USB_OTG
2025-12-22 00:29:01,754 [WARN] CodeGenerator:4152 - IP not found : null
2025-12-22 00:29:01,778 [INFO] CodeEngine:255 - oldGeneratedFile, C:\Users\kamil\STM32CubeIDE\workspace_1.17.0\WIELKI_TEST\Core\Inc\main.h_save
2025-12-22 00:29:01,862 [INFO] CodeEngine:279 - Generated code: C:\Users\kamil\STM32CubeIDE\workspace_1.17.0\WIELKI_TEST\Core\Inc\main.h
2025-12-22 00:29:01,877 [INFO] CodeEngine:255 - oldGeneratedFile, C:\Users\kamil\STM32CubeIDE\workspace_1.17.0\WIELKI_TEST\Core\Src\main.c_save
2025-12-22 00:29:02,000 [INFO] CodeEngine:279 - Generated code: C:\Users\kamil\STM32CubeIDE\workspace_1.17.0\WIELKI_TEST\Core\Src\main.c
2025-12-22 00:29:02,322 [INFO] ProjectBuilder:3289 - Time for Copy HAL[1] : 212mS.
2025-12-22 00:29:02,326 [INFO] ProjectBuilder:4876 - Project Generator version: 4.5.0-RC5
2025-12-22 00:29:02,370 [INFO] ConfigFileManager:1579 - The Die is : DIE449
2025-12-22 00:29:02,385 [INFO] ApiDbMcu:508 - Load IP Config File for FATFS
2025-12-22 00:29:02,401 [INFO] ApiDbMcu:508 - Load IP Config File for FREERTOS
2025-12-22 00:29:02,415 [INFO] ApiDbMcu:508 - Load IP Config File for LIBJPEG
2025-12-22 00:29:02,431 [INFO] ApiDbMcu:508 - Load IP Config File for LWIP
2025-12-22 00:29:02,449 [INFO] ApiDbMcu:508 - Load IP Config File for MBEDTLS
2025-12-22 00:29:02,465 [INFO] ApiDbMcu:508 - Load IP Config File for USB_DEVICE
2025-12-22 00:29:02,480 [INFO] ApiDbMcu:508 - Load IP Config File for USB_HOST
2025-12-22 00:29:03,708 [INFO] ProjectBuilder:5154 - Time for Generating toolchain IDE Files: 1382mS.
2025-12-22 00:29:03,710 [INFO] ProjectBuilder:3146 - Time for Copy CMSIS : 0mS.
2025-12-22 00:29:03,714 [INFO] ProjectBuilder:3146 - Time for Copy CMSIS : 0mS.
2025-12-22 00:42:14,686 [INFO] UtilMem:75 - End SaveConfig() Used Memory: 852271264 Bytes (1073741824)
2025-12-22 00:42:15,068 [INFO] BlockDiagram:2766 - set Specific Code input for plugin: RCC
2025-12-22 00:42:15,069 [INFO] BlockDiagram:2766 - set Specific Code input for plugin: I2C
2025-12-22 00:42:15,069 [INFO] BlockDiagram:2766 - set Specific Code input for plugin: USART
2025-12-22 00:42:15,069 [INFO] BlockDiagram:2766 - set Specific Code input for plugin: ETH
2025-12-22 00:42:15,069 [INFO] BlockDiagram:2766 - set Specific Code input for plugin: CAN
2025-12-22 00:42:15,069 [INFO] BlockDiagram:2766 - set Specific Code input for plugin: SYS
2025-12-22 00:42:15,070 [INFO] BlockDiagram:2766 - set Specific Code input for plugin: USB_OTG_FS
2025-12-22 00:42:15,070 [INFO] BlockDiagram:2766 - set Specific Code input for plugin: NVIC
2025-12-22 00:42:15,070 [INFO] BlockDiagram:2766 - set Specific Code input for plugin: GPIO
2025-12-22 00:42:15,071 [INFO] CodeGenerator:896 - code generatio: config db path: C:\ST\STM32CubeIDE_1.17.0\STM32CubeIDE\plugins\com.st.stm32cube.common.mx_6.13.0.202411220809\\db\
2025-12-22 00:42:15,080 [WARN] IP:2251 - Warning not found: check if there is a RefParameter without a condition.
2025-12-22 00:42:15,080 [WARN] IP:2251 - RxBufferAddress not found: check if there is a RefParameter without a condition.
2025-12-22 00:42:15,081 [WARN] IP:2251 - DESC_SIZE_UNIT not found: check if there is a RefParameter without a condition.
2025-12-22 00:42:15,323 [INFO] CodeEngine:255 - oldGeneratedFile, C:\Users\kamil\STM32CubeIDE\workspace_1.17.0\WIELKI_TEST\MXTmpFiles\license.tmp_save
2025-12-22 00:42:15,588 [INFO] CodeEngine:279 - Generated code: C:\Users\kamil\STM32CubeIDE\workspace_1.17.0\WIELKI_TEST\MXTmpFiles\license.tmp
2025-12-22 00:42:15,678 [INFO] CodeEngine:255 - oldGeneratedFile, C:\Users\kamil\STM32CubeIDE\workspace_1.17.0\WIELKI_TEST\MXTmpFiles\gpio.tmp_save
2025-12-22 00:42:15,861 [INFO] CodeEngine:279 - Generated code: C:\Users\kamil\STM32CubeIDE\workspace_1.17.0\WIELKI_TEST\MXTmpFiles\gpio.tmp
2025-12-22 00:42:16,220 [WARN] IPConfigManager:3034 - Warning: the RefConfig PWREx_EnableUSBVoltageDetector is not available in your config.xml file
2025-12-22 00:42:16,250 [INFO] CodeEngine:255 - oldGeneratedFile, C:\Users\kamil\STM32CubeIDE\workspace_1.17.0\WIELKI_TEST\MXTmpFiles\cortex.tmp_save
2025-12-22 00:42:16,385 [INFO] CodeEngine:279 - Generated code: C:\Users\kamil\STM32CubeIDE\workspace_1.17.0\WIELKI_TEST\MXTmpFiles\cortex.tmp
2025-12-22 00:42:16,466 [INFO] CodeEngine:255 - oldGeneratedFile, C:\Users\kamil\STM32CubeIDE\workspace_1.17.0\WIELKI_TEST\Core\Src\stm32f7xx_it.c_save
2025-12-22 00:42:16,745 [INFO] CodeEngine:279 - Generated code: C:\Users\kamil\STM32CubeIDE\workspace_1.17.0\WIELKI_TEST\Core\Src\stm32f7xx_it.c
2025-12-22 00:42:16,781 [INFO] CodeEngine:255 - oldGeneratedFile, C:\Users\kamil\STM32CubeIDE\workspace_1.17.0\WIELKI_TEST\Core\Inc\stm32f7xx_it.h_save
2025-12-22 00:42:16,887 [INFO] CodeEngine:279 - Generated code: C:\Users\kamil\STM32CubeIDE\workspace_1.17.0\WIELKI_TEST\Core\Inc\stm32f7xx_it.h
2025-12-22 00:42:16,954 [INFO] CodeEngine:255 - oldGeneratedFile, C:\Users\kamil\STM32CubeIDE\workspace_1.17.0\WIELKI_TEST\Core\Src\stm32f7xx_hal_msp.c_save
2025-12-22 00:42:17,156 [INFO] CodeEngine:279 - Generated code: C:\Users\kamil\STM32CubeIDE\workspace_1.17.0\WIELKI_TEST\Core\Src\stm32f7xx_hal_msp.c
2025-12-22 00:42:17,181 [INFO] CodeEngine:255 - oldGeneratedFile, C:\Users\kamil\STM32CubeIDE\workspace_1.17.0\WIELKI_TEST\MXTmpFiles\system.tmp_save
2025-12-22 00:42:17,277 [INFO] CodeEngine:279 - Generated code: C:\Users\kamil\STM32CubeIDE\workspace_1.17.0\WIELKI_TEST\MXTmpFiles\system.tmp
2025-12-22 00:42:17,322 [INFO] CodeEngine:311 - oldGeneratedFile, C:\Users\kamil\STM32CubeIDE\workspace_1.17.0\WIELKI_TEST\Core\Inc\stm32f7xx_hal_conf.h_save
2025-12-22 00:42:17,478 [INFO] CodeEngine:335 - Generated code: C:\Users\kamil\STM32CubeIDE\workspace_1.17.0\WIELKI_TEST\Core\Inc\stm32f7xx_hal_conf.h
2025-12-22 00:42:17,515 [WARN] IPConfigManager:3618 - IP not found : USB_OTG
2025-12-22 00:42:17,517 [WARN] CodeGenerator:4152 - IP not found : null
2025-12-22 00:42:17,567 [INFO] CodeEngine:255 - oldGeneratedFile, C:\Users\kamil\STM32CubeIDE\workspace_1.17.0\WIELKI_TEST\Core\Inc\main.h_save
2025-12-22 00:42:17,726 [INFO] CodeEngine:279 - Generated code: C:\Users\kamil\STM32CubeIDE\workspace_1.17.0\WIELKI_TEST\Core\Inc\main.h
2025-12-22 00:42:17,763 [INFO] CodeEngine:255 - oldGeneratedFile, C:\Users\kamil\STM32CubeIDE\workspace_1.17.0\WIELKI_TEST\Core\Src\main.c_save
2025-12-22 00:42:17,984 [INFO] CodeEngine:279 - Generated code: C:\Users\kamil\STM32CubeIDE\workspace_1.17.0\WIELKI_TEST\Core\Src\main.c
2025-12-22 00:42:18,428 [INFO] ProjectBuilder:3289 - Time for Copy HAL[1] : 277mS.
2025-12-22 00:42:18,432 [INFO] ProjectBuilder:4876 - Project Generator version: 4.5.0-RC5
2025-12-22 00:42:18,544 [INFO] ConfigFileManager:1579 - The Die is : DIE449
2025-12-22 00:42:21,358 [INFO] ProjectBuilder:5154 - Time for Generating toolchain IDE Files: 2926mS.
2025-12-22 00:42:21,360 [INFO] ProjectBuilder:3146 - Time for Copy CMSIS : 1mS.
2025-12-22 00:42:21,366 [INFO] ProjectBuilder:3146 - Time for Copy CMSIS : 0mS.
2025-12-22 00:58:49,013 [INFO] MainUpdater:2872 - connection check result : 10
2025-12-22 00:58:49,014 [INFO] MainUpdater:2872 - connection check result : 10
2025-12-22 00:58:49,102 [INFO] I2cTimingTraitement:330 - 0x00404567
2025-12-22 00:58:49,113 [INFO] MicroXplorer:468 - Change Database Path : 
2025-12-22 00:58:49,114 [INFO] MicroXplorer:498 - Change Database Version : DB.6.0.130
2025-12-22 00:58:49,143 [ERROR] ProjectManagerView:394 - 
java.lang.NullPointerException: Cannot invoke "javax.swing.JTextField.getText()" because the return value of "java.util.List.get(int)" is null
	at com.st.microxplorer.plugins.projectmanager.gui.ProjectChoiceTab$9.caretUpdate(ProjectChoiceTab.java:2616) ~[filemanager.jar:?]
	at javax.swing.text.JTextComponent.fireCaretUpdate(JTextComponent.java:408) ~[?:?]
	at javax.swing.text.JTextComponent$MutableCaretEvent.fire(JTextComponent.java:4484) ~[?:?]
	at javax.swing.text.JTextComponent$MutableCaretEvent.stateChanged(JTextComponent.java:4506) ~[?:?]
	at javax.swing.text.DefaultCaret.fireStateChanged(DefaultCaret.java:857) ~[?:?]
	at javax.swing.text.DefaultCaret.changeCaretPosition(DefaultCaret.java:1343) ~[?:?]
	at javax.swing.text.DefaultCaret.handleSetDot(DefaultCaret.java:1242) ~[?:?]
	at javax.swing.text.DefaultCaret.setDot(DefaultCaret.java:1223) ~[?:?]
	at javax.swing.text.DefaultCaret$Handler.insertUpdate(DefaultCaret.java:1819) ~[?:?]
	at javax.swing.text.AbstractDocument.fireInsertUpdate(AbstractDocument.java:227) ~[?:?]
	at javax.swing.text.AbstractDocument.handleInsertString(AbstractDocument.java:781) ~[?:?]
	at javax.swing.text.AbstractDocument.insertString(AbstractDocument.java:740) ~[?:?]
	at javax.swing.text.PlainDocument.insertString(PlainDocument.java:131) ~[?:?]
	at javax.swing.text.AbstractDocument.replace(AbstractDocument.java:699) ~[?:?]
	at javax.swing.text.JTextComponent.setText(JTextComponent.java:1725) ~[?:?]
	at com.st.microxplorer.plugins.projectmanager.gui.ProjectChoiceTab.createHeapStackFields(ProjectChoiceTab.java:975) ~[filemanager.jar:?]
	at com.st.microxplorer.plugins.projectmanager.gui.ProjectChoiceTab.buildLinkSettingsPanel(ProjectChoiceTab.java:3666) ~[filemanager.jar:?]
	at com.st.microxplorer.plugins.projectmanager.gui.ProjectChoiceTab.defineWindowsFields(ProjectChoiceTab.java:1934) ~[filemanager.jar:?]
	at com.st.microxplorer.plugins.projectmanager.gui.ProjectChoiceTab.updateSettings(ProjectChoiceTab.java:553) ~[filemanager.jar:?]
	at com.st.microxplorer.plugins.projectmanager.gui.ProjectSettingsPanel.UpdateDialog(ProjectSettingsPanel.java:245) ~[filemanager.jar:?]
	at com.st.microxplorer.plugins.projectmanager.ProjectManagerView.propertyChange(ProjectManagerView.java:391) ~[filemanager.jar:?]
	at java.beans.PropertyChangeSupport.fire(PropertyChangeSupport.java:343) ~[?:?]
	at java.beans.PropertyChangeSupport.firePropertyChange(PropertyChangeSupport.java:335) ~[?:?]
	at java.beans.PropertyChangeSupport.firePropertyChange(PropertyChangeSupport.java:268) ~[?:?]
	at com.st.microxplorer.util.MXPropertyChangeSupport.firePropertyChange(MXPropertyChangeSupport.java:54) ~[STM32CubeMX.jar:?]
	at com.st.microxplorer.mxsystem.MxSystem.closeConfig(MxSystem.java:899) ~[STM32CubeMX.jar:?]
	at com.st.microxplorer.maingui.MainPanel.closeConfig(MainPanel.java:789) ~[STM32CubeMX.jar:?]
	at com.st.microxplorer.plugins.filemanager.engine.OpenFileManager.loadConfigurationFile(OpenFileManager.java:265) ~[filemanager.jar:?]
	at com.st.microxplorer.plugins.filemanager.engine.MainFileManager.userLoadConfig(MainFileManager.java:340) ~[filemanager.jar:?]
	at com.st.microxplorer.plugins.filemanager.engine.MainFileManager.userLoadConfig(MainFileManager.java:318) ~[filemanager.jar:?]
	at com.st.microxplorer.plugins.filemanager.FileManagerView.getSpecificTask(FileManagerView.java:246) ~[filemanager.jar:?]
	at com.st.stm32cube.common.mx.editor.CubeMxEditor.getMxTabbedPaneInstance(CubeMxEditor.java:1198) ~[com.st.stm32cube.common.mx_6.13.0.202411220809/:?]
	at com.st.stm32cube.common.mx.editor.CubeMxEditor$12$1.createSwingComponent(CubeMxEditor.java:1068) ~[com.st.stm32cube.common.mx_6.13.0.202411220809/:?]
	at com.st.stm32cube.common.mx.oss.core.awtswtbridge.EmbeddedSwingComposite.doComponentCreation(EmbeddedSwingComposite.java:492) ~[com.st.stm32cube.common.mx.oss_6.13.0.202411220809/:?]
	at com.st.stm32cube.common.mx.oss.core.awtswtbridge.EmbeddedSwingComposite$4.run(EmbeddedSwingComposite.java:291) ~[com.st.stm32cube.common.mx.oss_6.13.0.202411220809/:?]
	at com.st.stm32cube.common.mx.oss.core.awtswtbridge.AwtEnvironment$2.run(AwtEnvironment.java:166) ~[com.st.stm32cube.common.mx.oss_6.13.0.202411220809/:?]
	at java.awt.event.InvocationEvent.dispatch(InvocationEvent.java:318) ~[?:?]
	at java.awt.EventQueue.dispatchEventImpl(EventQueue.java:773) ~[?:?]
	at java.awt.EventQueue$4.run(EventQueue.java:720) ~[?:?]
	at java.awt.EventQueue$4.run(EventQueue.java:714) ~[?:?]
	at java.security.AccessController.doPrivileged(AccessController.java:400) ~[?:?]
	at java.security.ProtectionDomain$JavaSecurityAccessImpl.doIntersectionPrivilege(ProtectionDomain.java:87) ~[?:?]
	at java.awt.EventQueue.dispatchEvent(EventQueue.java:742) ~[?:?]
	at java.awt.EventDispatchThread.pumpOneEventForFilters(EventDispatchThread.java:203) ~[?:?]
	at java.awt.EventDispatchThread.pumpEventsForFilter(EventDispatchThread.java:124) ~[?:?]
	at java.awt.EventDispatchThread.pumpEventsForHierarchy(EventDispatchThread.java:113) ~[?:?]
	at java.awt.EventDispatchThread.pumpEvents(EventDispatchThread.java:109) ~[?:?]
	at java.awt.EventDispatchThread.pumpEvents(EventDispatchThread.java:101) ~[?:?]
	at java.awt.EventDispatchThread.run(EventDispatchThread.java:90) ~[?:?]
2025-12-22 00:58:49,144 [WARN] ThirdParty:871 - waiting for thirdparty lock release [close project]
2025-12-22 00:58:49,144 [INFO] ThirdParty:873 - entering critical section [close project]
2025-12-22 00:58:49,144 [INFO] ThirdParty:883 - exiting critical section [close project]
2025-12-22 00:58:49,145 [INFO] PinOutPanel:1589 - setPackage(No Configuration,No Configuration)
2025-12-22 00:58:49,157 [WARN] IpParametersView:154 - Warning: This peripheral hasn't parameters
2025-12-22 00:58:49,167 [WARN] MainPanel:289 - <html><b><center>Warning: This peripheral has no parameters to be configured<br></b></html>
2025-12-22 00:58:49,167 [ERROR] MainPanel:599 - java.lang.IndexOutOfBoundsException: Index: 0, Tab count: 0
2025-12-22 00:58:49,170 [INFO] UtilMem:75 - Begin LoadConfig() Used Memory: 926128016 Bytes (1073741824)
2025-12-22 00:58:49,171 [INFO] MicroXplorer:468 - Change Database Path : 
2025-12-22 00:58:49,171 [INFO] MicroXplorer:498 - Change Database Version : DB.6.0.130
2025-12-22 00:58:49,171 [INFO] OpenFileManager:332 - Change cursor
2025-12-22 00:58:49,197 [INFO] RulesReader:64 - Compatibility file has been processed (297 Rules)
2025-12-22 00:58:49,222 [INFO] Mcu:2035 - Initializing MCU STM32H743IITx STM32H743IITx STM32H743IIT6
2025-12-22 00:58:53,200 [INFO] Context:748 - Trying to add GPIOservice into a context  which must be forbidden
2025-12-22 00:58:54,422 [INFO] RtosManager:555 - Registered RTOS mode: class=CMSIS, group=RTOS, mode=CMSIS_V1, owner=FREERTOS
2025-12-22 00:58:54,422 [INFO] RtosManager:555 - Registered RTOS mode: class=CMSIS, group=RTOS2, mode=CMSIS_V2, owner=FREERTOS
2025-12-22 00:58:54,422 [INFO] RtosManager:555 - Registered RTOS mode: class=RTOS, group=Core, mode=CMSIS_V1, owner=FREERTOS
2025-12-22 00:58:54,422 [INFO] RtosManager:555 - Registered RTOS mode: class=RTOS, group=Core, mode=CMSIS_V2, owner=FREERTOS
2025-12-22 00:58:54,422 [WARN] ModelIntegratedComponent:184 - Missing modes for component STMicroelectronics:FreeRTOS:0.0.1:STMicroelectronics:RTOS:FreeRTOS:Core:::10.2.0:
2025-12-22 00:58:54,425 [WARN] ModelIntegratedComponent:63 - No mode defined for component null
2025-12-22 00:58:54,425 [WARN] ModelIntegratedComponent:63 - No mode defined for component null
2025-12-22 00:58:54,425 [WARN] ModelIntegratedComponent:63 - No mode defined for component null
2025-12-22 00:58:54,425 [WARN] ModelIntegratedComponent:63 - No mode defined for component null
2025-12-22 00:58:54,425 [WARN] ModelIntegratedComponent:63 - No mode defined for component null
2025-12-22 00:58:54,425 [WARN] ModelIntegratedComponent:63 - No mode defined for component null
2025-12-22 00:58:54,425 [WARN] ModelIntegratedComponent:63 - No mode defined for component null
2025-12-22 00:58:54,425 [WARN] ModelIntegratedComponent:63 - No mode defined for component null
2025-12-22 00:58:54,425 [WARN] ModelIntegratedComponent:63 - No mode defined for component null
2025-12-22 00:58:54,425 [WARN] ModelIntegratedComponent:63 - No mode defined for component null
2025-12-22 00:58:54,425 [WARN] ModelIntegratedComponent:63 - No mode defined for component null
2025-12-22 00:58:54,425 [WARN] ModelIntegratedComponent:63 - No mode defined for component null
2025-12-22 00:58:54,425 [WARN] ModelIntegratedComponent:63 - No mode defined for component null
2025-12-22 00:58:54,425 [WARN] ModelIntegratedComponent:63 - No mode defined for component null
2025-12-22 00:58:54,425 [WARN] ModelIntegratedComponent:63 - No mode defined for component null
2025-12-22 00:58:54,426 [WARN] ModelIntegratedComponent:63 - No mode defined for component null
2025-12-22 00:58:54,426 [WARN] ModelIntegratedComponent:63 - No mode defined for component null
2025-12-22 00:58:54,426 [WARN] ModelIntegratedComponent:63 - No mode defined for component null
2025-12-22 00:58:54,426 [WARN] ModelIntegratedComponent:63 - No mode defined for component null
2025-12-22 00:58:54,426 [WARN] ModelIntegratedComponent:63 - No mode defined for component null
2025-12-22 00:58:54,426 [WARN] ModelIntegratedComponent:63 - No mode defined for component null
2025-12-22 00:58:54,426 [WARN] ModelIntegratedComponent:63 - No mode defined for component null
2025-12-22 00:58:54,426 [WARN] ModelIntegratedComponent:63 - No mode defined for component null
2025-12-22 00:58:54,426 [WARN] ModelIntegratedComponent:63 - No mode defined for component null
2025-12-22 00:58:54,426 [WARN] ModelIntegratedComponent:63 - No mode defined for component null
2025-12-22 00:58:54,426 [WARN] ModelIntegratedComponent:63 - No mode defined for component null
2025-12-22 00:58:54,426 [WARN] ModelIntegratedComponent:63 - No mode defined for component null
2025-12-22 00:58:54,426 [WARN] ModelIntegratedComponent:63 - No mode defined for component null
2025-12-22 00:58:54,426 [WARN] ModelIntegratedComponent:63 - No mode defined for component null
2025-12-22 00:58:54,426 [WARN] ModelIntegratedComponent:63 - No mode defined for component null
2025-12-22 00:58:54,426 [WARN] ModelIntegratedComponent:63 - No mode defined for component null
2025-12-22 00:58:54,426 [WARN] ModelIntegratedComponent:63 - No mode defined for component null
2025-12-22 00:58:54,426 [WARN] ModelIntegratedComponent:63 - No mode defined for component null
2025-12-22 00:58:54,426 [WARN] ModelIntegratedComponent:63 - No mode defined for component null
2025-12-22 00:58:54,427 [WARN] ModelIntegratedComponent:63 - No mode defined for component null
2025-12-22 00:58:54,427 [WARN] ModelPack:524 - Component already loaded: STMicroelectronics:HAL Drivers:0.0.0:STMicroelectronics:Device:STMicro_Driver:XSPI:HAL::0.0.1:HAL_XSPI
2025-12-22 00:58:54,533 [INFO] ThirdPartyModel:298 - Start build external matchings
2025-12-22 00:58:55,325 [INFO] ThirdPartyModel:316 - End build external matchings
2025-12-22 00:58:55,355 [WARN] IP:2251 - ClockDivider not found: check if there is a RefParameter without a condition.
2025-12-22 00:58:55,356 [WARN] IP:2251 - ClockDividerCCU not found: check if there is a RefParameter without a condition.
2025-12-22 00:58:55,356 [WARN] IP:2251 - MinOscClkPeriodsCCU not found: check if there is a RefParameter without a condition.
2025-12-22 00:58:55,356 [WARN] IP:2251 - TimeQuantaPerBitTimeCCU not found: check if there is a RefParameter without a condition.
2025-12-22 00:58:55,356 [WARN] IP:2251 - WatchdogStartValueCCU not found: check if there is a RefParameter without a condition.
2025-12-22 00:58:55,981 [INFO] UtilMem:75 - End LoadConfig() Used Memory: 892668944 Bytes (1073741824)
2025-12-22 00:58:56,029 [WARN] ThirdParty:833 - waiting for thirdparty lock release [change project]
2025-12-22 00:58:56,029 [INFO] ThirdParty:835 - entering critical section [change project]
2025-12-22 00:58:56,029 [INFO] ThirdParty:1030 - CMSIS Pack Vendor :STMicroelectronics X-CUBE-PM33A1 1.0.0
2025-12-22 00:58:56,029 [INFO] ThirdParty:1030 - CMSIS Pack Vendor :STMicroelectronics USBPD 4.1
2025-12-22 00:58:56,029 [INFO] ThirdParty:1030 - CMSIS Pack Vendor :STMicroelectronics USB_HOST 2.0.0
2025-12-22 00:58:56,029 [INFO] ThirdParty:1030 - CMSIS Pack Vendor :STMicroelectronics FP-SNS-MOTENVWB1 1.4.0
2025-12-22 00:58:56,029 [INFO] ThirdParty:1030 - CMSIS Pack Vendor :STMicroelectronics X-CUBE-AZRTOS-F4 1.1.0
2025-12-22 00:58:56,029 [INFO] ThirdParty:1030 - CMSIS Pack Vendor :STMicroelectronics LIBJPEG 8.0.0
2025-12-22 00:58:56,029 [INFO] ThirdParty:1030 - CMSIS Pack Vendor :STMicroelectronics FP-ATR-ASTRA1 2.0.2
2025-12-22 00:58:56,029 [INFO] ThirdParty:1030 - CMSIS Pack Vendor :STMicroelectronics FP-ATR-ASTRA1 2.0.1
2025-12-22 00:58:56,029 [INFO] ThirdParty:1030 - CMSIS Pack Vendor :STMicroelectronics X-CUBE-SMBUS 2.1.0
2025-12-22 00:58:56,030 [INFO] ThirdParty:1030 - CMSIS Pack Vendor :STMicroelectronics X-CUBE-WB05N 1.1.0
2025-12-22 00:58:56,030 [INFO] ThirdParty:1030 - CMSIS Pack Vendor :STMicroelectronics X-CUBE-ISPU 2.1.0
2025-12-22 00:58:56,030 [INFO] ThirdParty:1030 - CMSIS Pack Vendor :STMicroelectronics X-CUBE-FREERTOS 1.2.0
2025-12-22 00:58:56,030 [INFO] ThirdParty:1030 - CMSIS Pack Vendor :STMicroelectronics X-CUBE-ST60 1.0.0
2025-12-22 00:58:56,030 [INFO] ThirdParty:1030 - CMSIS Pack Vendor :STMicroelectronics X-CUBE-NFC12 1.0.0
2025-12-22 00:58:56,030 [INFO] ThirdParty:1030 - CMSIS Pack Vendor :STMicroelectronics X-CUBE-AZRTOS-F7 1.1.0
2025-12-22 00:58:56,030 [INFO] ThirdParty:1030 - CMSIS Pack Vendor :STMicroelectronics X-CUBE-AZRTOS-L5 2.0.0
2025-12-22 00:58:56,030 [INFO] ThirdParty:1030 - CMSIS Pack Vendor :STMicroelectronics USB_DEVICE 2.0.0
2025-12-22 00:58:56,030 [INFO] ThirdParty:1030 - CMSIS Pack Vendor :STMicroelectronics X-CUBE-NFC6 3.1.0
2025-12-22 00:58:56,030 [INFO] ThirdParty:1030 - CMSIS Pack Vendor :ARM CMSIS 5.7.0
2025-12-22 00:58:56,030 [INFO] ThirdParty:1030 - CMSIS Pack Vendor :STMicroelectronics X-CUBE-MEMS1 11.0.0
2025-12-22 00:58:56,030 [INFO] ThirdParty:1030 - CMSIS Pack Vendor :STMicroelectronics FreeRTOS 0.0.1
2025-12-22 00:58:56,031 [INFO] ThirdParty:1030 - CMSIS Pack Vendor :STMicroelectronics X-CUBE-DPower 1.2.0
2025-12-22 00:58:56,031 [INFO] ThirdParty:1030 - CMSIS Pack Vendor :STMicroelectronics FP-SNS-FLIGHT1 5.0.2
2025-12-22 00:58:56,031 [INFO] ThirdParty:1030 - CMSIS Pack Vendor :STMicroelectronics PDM2PCM 3.3.0
2025-12-22 00:58:56,031 [INFO] ThirdParty:1030 - CMSIS Pack Vendor :STMicroelectronics X-CUBE-AZRTOS-H7 3.4.0
2025-12-22 00:58:56,031 [INFO] ThirdParty:1030 - CMSIS Pack Vendor :STMicroelectronics X-CUBE-DISPLAY 3.0.0
2025-12-22 00:58:56,031 [INFO] ThirdParty:1030 - CMSIS Pack Vendor :STMicroelectronics X-CUBE-BLE1 7.0.0
2025-12-22 00:58:56,031 [INFO] ThirdParty:1030 - CMSIS Pack Vendor :STMicroelectronics X-CUBE-NFC10 1.0.0
2025-12-22 00:58:56,031 [INFO] ThirdParty:1030 - CMSIS Pack Vendor :STMicroelectronics X-CUBE-BLEMGR 4.0.0
2025-12-22 00:58:56,031 [INFO] ThirdParty:1030 - CMSIS Pack Vendor :STMicroelectronics X-CUBE-FREERTOS 1.3.1
2025-12-22 00:58:56,031 [INFO] ThirdParty:1030 - CMSIS Pack Vendor :STMicroelectronics HAL Drivers 0.0.0
2025-12-22 00:58:56,031 [INFO] ThirdParty:1030 - CMSIS Pack Vendor :STMicroelectronics X-CUBE-ST60 1.1.0
2025-12-22 00:58:56,031 [INFO] ThirdParty:1030 - CMSIS Pack Vendor :emotas I-CUBE-CANOPEN 1.3.0
2025-12-22 00:58:56,032 [INFO] ThirdParty:1030 - CMSIS Pack Vendor :STMicroelectronics X-CUBE-FREERTOS 1.3.0
2025-12-22 00:58:56,032 [INFO] ThirdParty:1030 - CMSIS Pack Vendor :STMicroelectronics X-CUBE-NFC7 1.0.1
2025-12-22 00:58:56,032 [INFO] ThirdParty:1030 - CMSIS Pack Vendor :STMicroelectronics MBEDTLS 2.14.1
2025-12-22 00:58:56,032 [INFO] ThirdParty:1030 - CMSIS Pack Vendor :STMicroelectronics X-CUBE-GNSS1 7.1.0
2025-12-22 00:58:56,032 [INFO] ThirdParty:1030 - CMSIS Pack Vendor :STMicroelectronics X-CUBE-TOUCHGFX 4.26.0
2025-12-22 00:58:56,032 [INFO] ThirdParty:1030 - CMSIS Pack Vendor :STMicroelectronics X-CUBE-BLEMGR 3.1.0
2025-12-22 00:58:56,032 [INFO] ThirdParty:1030 - CMSIS Pack Vendor :STMicroelectronics X-CUBE-AI 10.0.0
2025-12-22 00:58:56,032 [INFO] ThirdParty:1030 - CMSIS Pack Vendor :STMicroelectronics FP-SNS-STAIOTCFT 1.0.0
2025-12-22 00:58:56,032 [INFO] ThirdParty:1030 - CMSIS Pack Vendor :STMicroelectronics FP-SNS-SMARTAG2 1.2.0
2025-12-22 00:58:56,032 [INFO] ThirdParty:1030 - CMSIS Pack Vendor :STMicroelectronics FP-SNS-FLIGHT1 5.1.0
2025-12-22 00:58:56,032 [INFO] ThirdParty:1030 - CMSIS Pack Vendor :STMicroelectronics X-CUBE-MEMS1 11.1.0
2025-12-22 00:58:56,032 [INFO] ThirdParty:1030 - CMSIS Pack Vendor :STMicroelectronics X-CUBE-AZRTOS-WL 2.0.0
2025-12-22 00:58:56,032 [INFO] ThirdParty:1030 - CMSIS Pack Vendor :STMicroelectronics X-CUBE-DPower 1.3.0
2025-12-22 00:58:56,032 [INFO] ThirdParty:1030 - CMSIS Pack Vendor :STMicroelectronics FP-SNS-MOTENV1 5.0.0
2025-12-22 00:58:56,032 [INFO] ThirdParty:1030 - CMSIS Pack Vendor :STMicroelectronics USB_DEVICE 1.0.0
2025-12-22 00:58:56,032 [INFO] ThirdParty:1030 - CMSIS Pack Vendor :STMicroelectronics X-CUBE-AZRTOS-H7RS 1.2.0
2025-12-22 00:58:56,032 [INFO] ThirdParty:1030 - CMSIS Pack Vendor :wolfSSL I-CUBE-wolfMQTT 1.19.0
2025-12-22 00:58:56,032 [INFO] ThirdParty:1030 - CMSIS Pack Vendor :STMicroelectronics X-CUBE-AZRTOS-L4 2.0.0
2025-12-22 00:58:56,032 [INFO] ThirdParty:1030 - CMSIS Pack Vendor :STMicroelectronics ThreadX 0.0.2
2025-12-22 00:58:56,032 [INFO] ThirdParty:1030 - CMSIS Pack Vendor :WES I-CUBE-Cesium 1.3.0
2025-12-22 00:58:56,032 [INFO] ThirdParty:1030 - CMSIS Pack Vendor :STMicroelectronics lwIP 2.1.2
2025-12-22 00:58:56,032 [INFO] ThirdParty:1030 - CMSIS Pack Vendor :STMicroelectronics X-CUBE-SFXS2LP1 4.0.0
2025-12-22 00:58:56,032 [INFO] ThirdParty:1030 - CMSIS Pack Vendor :STMicroelectronics X-CUBE-BLE2 3.3.0
2025-12-22 00:58:56,032 [INFO] ThirdParty:1030 - CMSIS Pack Vendor :Avnet-IOTCONNECT X-CUBE-iotc-st67-sdk 1.0.0
2025-12-22 00:58:56,032 [INFO] ThirdParty:1030 - CMSIS Pack Vendor :STMicroelectronics PDM2PCM 3.2.0
2025-12-22 00:58:56,032 [INFO] ThirdParty:1030 - CMSIS Pack Vendor :STMicroelectronics X-CUBE-AZRTOS-H7 3.3.0
2025-12-22 00:58:56,032 [INFO] ThirdParty:1030 - CMSIS Pack Vendor :STMicroelectronics X-CUBE-NFC9 1.0.0
2025-12-22 00:58:56,032 [INFO] ThirdParty:1030 - CMSIS Pack Vendor :STMicroelectronics X-CUBE-BLE1 7.1.0
2025-12-22 00:58:56,032 [INFO] ThirdParty:1030 - CMSIS Pack Vendor :STMicroelectronics USB_DEVICE 3.0.0
2025-12-22 00:58:56,032 [INFO] ThirdParty:1030 - CMSIS Pack Vendor :STMicroelectronics X-CUBE-TCPP 4.1.0
2025-12-22 00:58:56,032 [INFO] ThirdParty:1030 - CMSIS Pack Vendor :STMicroelectronics X-CUBE-EEPRMA1 5.2.0
2025-12-22 00:58:56,032 [INFO] ThirdParty:1030 - CMSIS Pack Vendor :STMicroelectronics X-CUBE-BLEMGR 4.1.0
2025-12-22 00:58:56,033 [INFO] ThirdParty:1030 - CMSIS Pack Vendor :STMicroelectronics X-CUBE-IPS 3.0.0
2025-12-22 00:58:56,033 [INFO] ThirdParty:1030 - CMSIS Pack Vendor :STMicroelectronics X-CUBE-AZRTOS-WB 2.0.0
2025-12-22 00:58:56,033 [INFO] ThirdParty:1030 - CMSIS Pack Vendor :STMicroelectronics X-CUBE-GNSS1 7.0.0
2025-12-22 00:58:56,033 [INFO] ThirdParty:1030 - CMSIS Pack Vendor :STMicroelectronics X-CUBE-GNSS1 7.0.1
2025-12-22 00:58:56,033 [INFO] ThirdParty:1030 - CMSIS Pack Vendor :STMicroelectronics X-CUBE-TOUCHGFX 4.25.0
2025-12-22 00:58:56,033 [INFO] ThirdParty:1030 - CMSIS Pack Vendor :STMicroelectronics FP-SNS-STBOX1 2.0.0
2025-12-22 00:58:56,033 [INFO] ThirdParty:1030 - CMSIS Pack Vendor :STMicroelectronics X-CUBE-MEMS1 12.0.0
2025-12-22 00:58:56,033 [INFO] ThirdParty:1030 - CMSIS Pack Vendor :STMicroelectronics X-CUBE-AZRTOS-G0 1.1.0
2025-12-22 00:58:56,033 [INFO] ThirdParty:1030 - CMSIS Pack Vendor :STMicroelectronics X-CUBE-SAFEA1 1.2.2
2025-12-22 00:58:56,033 [INFO] ThirdParty:1030 - CMSIS Pack Vendor :STMicroelectronics X-CUBE-NFC4 3.0.0
2025-12-22 00:58:56,033 [INFO] ThirdParty:1030 - CMSIS Pack Vendor :STMicroelectronics X-CUBE-SUBG2 5.0.0
2025-12-22 00:58:56,033 [INFO] ThirdParty:1030 - CMSIS Pack Vendor :STMicroelectronics X-CUBE-AZRTOS-H7RS 1.1.0
2025-12-22 00:58:56,033 [INFO] ThirdParty:1030 - CMSIS Pack Vendor :STMicroelectronics STM32_WPAN 1.0.0
2025-12-22 00:58:56,033 [INFO] ThirdParty:1030 - CMSIS Pack Vendor :EmbeddedOffice I-CUBE-FS-RTOS 1.0.1
2025-12-22 00:58:56,033 [INFO] ThirdParty:1030 - CMSIS Pack Vendor :STMicroelectronics lwIP 2.0.3
2025-12-22 00:58:56,033 [INFO] ThirdParty:1030 - CMSIS Pack Vendor :Cesanta I-CUBE-Mongoose 7.13.0
2025-12-22 00:58:56,033 [INFO] ThirdParty:1030 - CMSIS Pack Vendor :STMicroelectronics USB_HOST 1.0.0
2025-12-22 00:58:56,033 [INFO] ThirdParty:1030 - CMSIS Pack Vendor :STMicroelectronics X-CUBE-AZRTOS-G4 2.0.0
2025-12-22 00:58:56,033 [INFO] ThirdParty:1030 - CMSIS Pack Vendor :STMicroelectronics X-CUBE-WB05N 2.0.0
2025-12-22 00:58:56,033 [INFO] ThirdParty:1030 - CMSIS Pack Vendor :STMicroelectronics PDM2PCM 3.1.0
2025-12-22 00:58:56,033 [INFO] ThirdParty:1030 - CMSIS Pack Vendor :STMicroelectronics X-CUBE-NFC7 2.0.0
2025-12-22 00:58:56,033 [INFO] ThirdParty:1030 - CMSIS Pack Vendor :STMicroelectronics X-CUBE-TCPP 4.2.0
2025-12-22 00:58:56,033 [INFO] ThirdParty:1030 - CMSIS Pack Vendor :RealThread X-CUBE-RT-Thread_Nano 4.1.1
2025-12-22 00:58:56,033 [INFO] ThirdParty:1030 - CMSIS Pack Vendor :STMicroelectronics FP-ATR-SIGFOX1 3.2.0
2025-12-22 00:58:56,033 [INFO] ThirdParty:1030 - CMSIS Pack Vendor :wolfSSL I-CUBE-wolfSSL 5.7.2
2025-12-22 00:58:56,033 [INFO] ThirdParty:1030 - CMSIS Pack Vendor :quantropi X-CUBE-qispace-sdk-base 1.9.3
2025-12-22 00:58:56,033 [INFO] ThirdParty:1030 - CMSIS Pack Vendor :STMicroelectronics X-CUBE-EEPRMA1 5.1.0
2025-12-22 00:58:56,034 [INFO] ThirdParty:1030 - CMSIS Pack Vendor :STMicroelectronics MBEDTLS 2.16.2
2025-12-22 00:58:56,034 [INFO] ThirdParty:1030 - CMSIS Pack Vendor :STMicroelectronics X-CUBE-IPS 3.1.0
2025-12-22 00:58:56,034 [INFO] ThirdParty:1030 - CMSIS Pack Vendor :STMicroelectronics X-CUBE-ALS 1.0.2
2025-12-22 00:58:56,034 [INFO] ThirdParty:1030 - CMSIS Pack Vendor :ITTIA_DB I-CUBE-ITTIADB 8.9.0
2025-12-22 00:58:56,034 [INFO] ThirdParty:1030 - CMSIS Pack Vendor :STMicroelectronics X-CUBE-TOUCHGFX 4.24.1
2025-12-22 00:58:56,034 [INFO] ThirdParty:1030 - CMSIS Pack Vendor :STMicroelectronics X-CUBE-STSE01 1.0.0
2025-12-22 00:58:56,034 [INFO] ThirdParty:1030 - CMSIS Pack Vendor :wolfSSL I-CUBE-wolfTPM 3.4.0
2025-12-22 00:58:56,034 [INFO] ThirdParty:1030 - CMSIS Pack Vendor :portGmbH I-Cube-SoM-uGOAL 1.1.0
2025-12-22 00:58:56,034 [INFO] ThirdParty:1030 - CMSIS Pack Vendor :STMicroelectronics X-CUBE-ST67W61 1.0.0
2025-12-22 00:58:56,034 [INFO] ThirdParty:1030 - CMSIS Pack Vendor :STMicroelectronics X-CUBE-AI 10.2.0
2025-12-22 00:58:56,034 [INFO] ThirdParty:1030 - CMSIS Pack Vendor :STMicroelectronics ThreadX 1.0.0
2025-12-22 00:58:56,034 [INFO] ThirdParty:1030 - CMSIS Pack Vendor :SEGGER I-CUBE-embOS 1.3.1
2025-12-22 00:58:56,034 [INFO] ThirdParty:1030 - CMSIS Pack Vendor :STMicroelectronics X-CUBE-ALGOBUILD 1.4.0
2025-12-22 00:58:56,034 [INFO] ThirdParty:1030 - CMSIS Pack Vendor :STMicroelectronics X-CUBE-MEMS1 11.3.0
2025-12-22 00:58:56,034 [INFO] ThirdParty:1030 - CMSIS Pack Vendor :STMicroelectronics X-CUBE-AZRTOS-H7RS 1.0.0
2025-12-22 00:58:56,034 [INFO] ThirdParty:1030 - CMSIS Pack Vendor :STMicroelectronics FP-ATR-ASTRA1 2.0.0
2025-12-22 00:58:56,034 [INFO] ThirdParty:1030 - CMSIS Pack Vendor :STMicroelectronics X-CUBE-TOF1 3.4.2
2025-12-22 00:58:56,034 [INFO] ThirdParty:1030 - CMSIS Pack Vendor :STMicroelectronics X-CUBE-TOF1 3.4.3
2025-12-22 00:58:56,034 [INFO] ThirdParty:1030 - CMSIS Pack Vendor :STMicroelectronics X-CUBE-AI 9.1.0
2025-12-22 00:58:56,035 [INFO] ThirdParty:1030 - CMSIS Pack Vendor :Infineon AIROC-Wi-Fi-Bluetooth-STM32 1.6.1
2025-12-22 00:58:56,035 [INFO] ThirdParty:1030 - CMSIS Pack Vendor :wolfSSL I-CUBE-wolfSSH 1.4.17
2025-12-22 00:58:56,035 [INFO] ThirdParty:841 - exiting critical section [change project]
2025-12-22 00:58:56,466 [INFO] PinOutPanel:1589 - setPackage(No Configuration,No Configuration)
2025-12-22 00:58:56,467 [INFO] PinOutPanel:1589 - setPackage(STM32H743IITx,LQFP176)
2025-12-22 00:58:56,890 [INFO] UtilMem:75 - Before build in PCC Used Memory: 918774472 Bytes (1073741824)
2025-12-22 00:58:57,316 [INFO] UtilMem:75 - After build in PCC Used Memory: 981689032 Bytes (1073741824)
2025-12-22 00:58:57,339 [INFO] IPUIPlugin:80 - create IPUIPlugin
2025-12-22 00:58:57,339 [INFO] IPUIPlugin:80 - create IPUIPlugin
2025-12-22 00:58:57,339 [INFO] IPUIPlugin:80 - create IPUIPlugin
2025-12-22 00:58:57,339 [INFO] IPUIPlugin:80 - create IPUIPlugin
2025-12-22 00:58:57,340 [INFO] IPUIPlugin:80 - create IPUIPlugin
2025-12-22 00:58:57,340 [INFO] IPUIPlugin:80 - create IPUIPlugin
2025-12-22 00:58:57,340 [INFO] IPUIPlugin:80 - create IPUIPlugin
2025-12-22 00:58:57,340 [INFO] IPUIPlugin:80 - create IPUIPlugin
2025-12-22 00:58:57,340 [INFO] IPUIPlugin:80 - create IPUIPlugin
2025-12-22 00:58:57,340 [INFO] IPUIPlugin:80 - create IPUIPlugin
2025-12-22 00:58:57,340 [INFO] IPUIPlugin:80 - create IPUIPlugin
2025-12-22 00:58:57,340 [INFO] IPUIPlugin:80 - create IPUIPlugin
2025-12-22 00:58:57,340 [INFO] IPUIPlugin:80 - create IPUIPlugin
2025-12-22 00:58:57,340 [INFO] IPUIPlugin:80 - create IPUIPlugin
2025-12-22 00:58:57,341 [INFO] IPUIPlugin:80 - create IPUIPlugin
2025-12-22 00:58:57,341 [INFO] IPUIPlugin:80 - create IPUIPlugin
2025-12-22 00:58:57,341 [INFO] IPUIPlugin:80 - create IPUIPlugin
2025-12-22 00:58:57,341 [INFO] IPUIPlugin:80 - create IPUIPlugin
2025-12-22 00:58:57,341 [INFO] IPUIPlugin:80 - create IPUIPlugin
2025-12-22 00:58:57,341 [INFO] IPUIPlugin:80 - create IPUIPlugin
2025-12-22 00:58:57,341 [INFO] IPUIPlugin:80 - create IPUIPlugin
2025-12-22 00:58:57,342 [INFO] IPUIPlugin:80 - create IPUIPlugin
2025-12-22 00:58:57,342 [INFO] IPUIPlugin:80 - create IPUIPlugin
2025-12-22 00:58:57,342 [INFO] IPUIPlugin:80 - create IPUIPlugin
2025-12-22 00:58:57,342 [INFO] IPUIPlugin:80 - create IPUIPlugin
2025-12-22 00:58:57,342 [INFO] IPUIPlugin:80 - create IPUIPlugin
2025-12-22 00:58:57,342 [INFO] IPUIPlugin:80 - create IPUIPlugin
2025-12-22 00:58:57,343 [INFO] IPUIPlugin:80 - create IPUIPlugin
2025-12-22 00:58:57,343 [INFO] IPUIPlugin:80 - create IPUIPlugin
2025-12-22 00:58:57,343 [INFO] IPUIPlugin:80 - create IPUIPlugin
2025-12-22 00:58:57,343 [INFO] IPUIPlugin:80 - create IPUIPlugin
2025-12-22 00:58:57,343 [INFO] IPUIPlugin:80 - create IPUIPlugin
2025-12-22 00:58:57,343 [INFO] IPUIPlugin:80 - create IPUIPlugin
2025-12-22 00:58:57,343 [INFO] IPUIPlugin:80 - create IPUIPlugin
2025-12-22 00:58:57,343 [INFO] IPUIPlugin:80 - create IPUIPlugin
2025-12-22 00:58:57,343 [INFO] IPUIPlugin:80 - create IPUIPlugin
2025-12-22 00:58:57,343 [INFO] IPUIPlugin:80 - create IPUIPlugin
2025-12-22 00:58:57,343 [INFO] IPUIPlugin:80 - create IPUIPlugin
2025-12-22 00:58:57,344 [INFO] IPUIPlugin:80 - create IPUIPlugin
2025-12-22 00:58:57,344 [INFO] IPUIPlugin:80 - create IPUIPlugin
2025-12-22 00:58:57,344 [INFO] IPUIPlugin:80 - create IPUIPlugin
2025-12-22 00:58:57,344 [INFO] IPUIPlugin:80 - create IPUIPlugin
2025-12-22 00:58:57,344 [INFO] IPUIPlugin:80 - create IPUIPlugin
2025-12-22 00:58:57,344 [INFO] IPUIPlugin:80 - create IPUIPlugin
2025-12-22 00:58:57,345 [INFO] IPUIPlugin:80 - create IPUIPlugin
2025-12-22 00:58:57,345 [INFO] IPUIPlugin:80 - create IPUIPlugin
2025-12-22 00:58:57,345 [INFO] IPUIPlugin:80 - create IPUIPlugin
2025-12-22 00:58:57,345 [INFO] IPUIPlugin:80 - create IPUIPlugin
2025-12-22 00:58:57,345 [INFO] IPUIPlugin:80 - create IPUIPlugin
2025-12-22 00:58:57,345 [INFO] IPUIPlugin:80 - create IPUIPlugin
2025-12-22 00:58:57,346 [INFO] IPUIPlugin:80 - create IPUIPlugin
2025-12-22 00:58:57,346 [INFO] IPUIPlugin:80 - create IPUIPlugin
2025-12-22 00:58:57,346 [INFO] IPUIPlugin:80 - create IPUIPlugin
2025-12-22 00:58:57,346 [INFO] IPUIPlugin:80 - create IPUIPlugin
2025-12-22 00:58:57,346 [INFO] IPUIPlugin:80 - create IPUIPlugin
2025-12-22 00:58:57,347 [INFO] IPUIPlugin:80 - create IPUIPlugin
2025-12-22 00:58:57,347 [INFO] IPUIPlugin:80 - create IPUIPlugin
2025-12-22 00:58:57,347 [INFO] IPUIPlugin:80 - create IPUIPlugin
2025-12-22 00:58:57,347 [INFO] IPUIPlugin:80 - create IPUIPlugin
2025-12-22 00:58:57,347 [INFO] IPUIPlugin:80 - create IPUIPlugin
2025-12-22 00:58:57,347 [INFO] IPUIPlugin:80 - create IPUIPlugin
2025-12-22 00:58:57,348 [INFO] IPUIPlugin:80 - create IPUIPlugin
2025-12-22 00:58:57,348 [INFO] IPUIPlugin:80 - create IPUIPlugin
2025-12-22 00:58:57,348 [INFO] IPUIPlugin:80 - create IPUIPlugin
2025-12-22 00:58:57,348 [INFO] IPUIPlugin:80 - create IPUIPlugin
2025-12-22 00:58:57,348 [INFO] IPUIPlugin:80 - create IPUIPlugin
2025-12-22 00:58:57,349 [INFO] IPUIPlugin:80 - create IPUIPlugin
2025-12-22 00:58:57,349 [INFO] IPUIPlugin:80 - create IPUIPlugin
2025-12-22 00:58:57,349 [INFO] IPUIPlugin:80 - create IPUIPlugin
2025-12-22 00:58:57,349 [INFO] IPUIPlugin:80 - create IPUIPlugin
2025-12-22 00:58:57,349 [INFO] IPUIPlugin:80 - create IPUIPlugin
2025-12-22 00:58:57,350 [INFO] IPUIPlugin:80 - create IPUIPlugin
2025-12-22 00:58:57,350 [INFO] IPUIPlugin:80 - create IPUIPlugin
2025-12-22 00:58:57,350 [INFO] IPUIPlugin:80 - create IPUIPlugin
2025-12-22 00:58:57,350 [INFO] IPUIPlugin:80 - create IPUIPlugin
2025-12-22 00:58:57,357 [INFO] IPUIPlugin:80 - create IPUIPlugin
2025-12-22 00:58:57,358 [INFO] IPUIPlugin:80 - create IPUIPlugin
2025-12-22 00:58:57,358 [INFO] IPUIPlugin:80 - create IPUIPlugin
2025-12-22 00:58:57,358 [INFO] IPUIPlugin:80 - create IPUIPlugin
2025-12-22 00:58:57,358 [INFO] IPUIPlugin:80 - create IPUIPlugin
2025-12-22 00:58:57,359 [INFO] IPUIPlugin:80 - create IPUIPlugin
2025-12-22 00:58:57,359 [INFO] IPUIPlugin:80 - create IPUIPlugin
2025-12-22 00:58:57,359 [INFO] IPUIPlugin:80 - create IPUIPlugin
2025-12-22 00:58:57,359 [INFO] IPUIPlugin:80 - create IPUIPlugin
2025-12-22 00:58:57,360 [INFO] IPUIPlugin:80 - create IPUIPlugin
2025-12-22 00:58:57,360 [INFO] IPUIPlugin:80 - create IPUIPlugin
2025-12-22 00:58:57,360 [INFO] IPUIPlugin:80 - create IPUIPlugin
2025-12-22 00:58:57,360 [INFO] IPUIPlugin:80 - create IPUIPlugin
2025-12-22 00:58:57,361 [INFO] IPUIPlugin:80 - create IPUIPlugin
2025-12-22 00:58:57,361 [INFO] IPUIPlugin:80 - create IPUIPlugin
2025-12-22 00:58:57,361 [INFO] IPUIPlugin:80 - create IPUIPlugin
2025-12-22 00:58:57,362 [INFO] IPUIPlugin:80 - create IPUIPlugin
2025-12-22 00:58:57,362 [INFO] IPUIPlugin:80 - create IPUIPlugin
2025-12-22 00:58:57,362 [INFO] IPUIPlugin:80 - create IPUIPlugin
2025-12-22 00:58:57,362 [INFO] IPUIPlugin:80 - create IPUIPlugin
2025-12-22 00:58:57,363 [INFO] IPUIPlugin:80 - create IPUIPlugin
2025-12-22 00:58:57,363 [INFO] IPUIPlugin:80 - create IPUIPlugin
2025-12-22 00:58:57,363 [INFO] IPUIPlugin:80 - create IPUIPlugin
2025-12-22 00:58:57,383 [INFO] ApiDbMcu:508 - Load IP Config File for PDM2PCM
2025-12-22 00:58:57,385 [WARN] IP:2251 - ClockDivider not found: check if there is a RefParameter without a condition.
2025-12-22 00:58:57,385 [WARN] IP:2251 - ClockDividerCCU not found: check if there is a RefParameter without a condition.
2025-12-22 00:58:57,385 [WARN] IP:2251 - MinOscClkPeriodsCCU not found: check if there is a RefParameter without a condition.
2025-12-22 00:58:57,385 [WARN] IP:2251 - TimeQuantaPerBitTimeCCU not found: check if there is a RefParameter without a condition.
2025-12-22 00:58:57,385 [WARN] IP:2251 - WatchdogStartValueCCU not found: check if there is a RefParameter without a condition.
2025-12-22 00:58:57,390 [INFO] LogOutputStream:77 - [STDOUT_REDIRECT] Nominal 
2025-12-22 00:58:57,391 [INFO] Can:71 - Can Add PropertyChangeListener com.st.microxplorer.plugins.ip.can.Can@246289ca
2025-12-22 00:58:57,448 [INFO] CADModel:165 - CPN selected for project levelSTM32H743IIT6
2025-12-22 00:58:57,449 [INFO] CADModel:114 - Register for checkConnection events
2025-12-22 00:58:57,520 [INFO] OpenFileManager:363 - Restore cursor
2025-12-22 00:58:57,708 [WARN] IP:2251 - ClockDivider not found: check if there is a RefParameter without a condition.
2025-12-22 00:58:57,708 [WARN] IP:2251 - ClockDividerCCU not found: check if there is a RefParameter without a condition.
2025-12-22 00:58:57,708 [WARN] IP:2251 - MinOscClkPeriodsCCU not found: check if there is a RefParameter without a condition.
2025-12-22 00:58:57,708 [WARN] IP:2251 - TimeQuantaPerBitTimeCCU not found: check if there is a RefParameter without a condition.
2025-12-22 00:58:57,709 [WARN] IP:2251 - WatchdogStartValueCCU not found: check if there is a RefParameter without a condition.
2025-12-22 00:59:27,473 [INFO] NvicIntPanel:101 - NVIC parent = com.st.microxplorer.plugins.ip.nvic.MultiNvicIntPanel[,0,0,0x0,invalid,layout=javax.swing.BoxLayout,alignmentX=0.0,alignmentY=0.0,border=,flags=9,maximumSize=,minimumSize=,preferredSize=]
2025-12-22 01:21:16,945 [INFO] WebApp:190 - Connection lost
2025-12-22 01:21:17,918 [INFO] WebApp:187 - Connection restablished
2025-12-22 01:25:46,162 [INFO] MainUpdater:2872 - connection check result : 10
2025-12-22 01:25:46,162 [INFO] MainUpdater:2872 - connection check result : 10
2025-12-22 01:25:46,257 [INFO] LogOutputStream:77 - [STDOUT_REDIRECT] Nominal 
2025-12-22 01:25:46,260 [INFO] MicroXplorer:468 - Change Database Path : 
2025-12-22 01:25:46,260 [INFO] MicroXplorer:498 - Change Database Version : DB.6.0.130
2025-12-22 01:25:46,277 [ERROR] ProjectManagerView:394 - 
java.lang.NullPointerException: Cannot invoke "javax.swing.JTextField.getText()" because the return value of "java.util.List.get(int)" is null
	at com.st.microxplorer.plugins.projectmanager.gui.ProjectChoiceTab$9.caretUpdate(ProjectChoiceTab.java:2616) ~[filemanager.jar:?]
	at javax.swing.text.JTextComponent.fireCaretUpdate(JTextComponent.java:408) ~[?:?]
	at javax.swing.text.JTextComponent$MutableCaretEvent.fire(JTextComponent.java:4484) ~[?:?]
	at javax.swing.text.JTextComponent$MutableCaretEvent.stateChanged(JTextComponent.java:4506) ~[?:?]
	at javax.swing.text.DefaultCaret.fireStateChanged(DefaultCaret.java:857) ~[?:?]
	at javax.swing.text.DefaultCaret.changeCaretPosition(DefaultCaret.java:1343) ~[?:?]
	at javax.swing.text.DefaultCaret.handleSetDot(DefaultCaret.java:1242) ~[?:?]
	at javax.swing.text.DefaultCaret.setDot(DefaultCaret.java:1223) ~[?:?]
	at javax.swing.text.DefaultCaret$Handler.insertUpdate(DefaultCaret.java:1819) ~[?:?]
	at javax.swing.text.AbstractDocument.fireInsertUpdate(AbstractDocument.java:227) ~[?:?]
	at javax.swing.text.AbstractDocument.handleInsertString(AbstractDocument.java:781) ~[?:?]
	at javax.swing.text.AbstractDocument.insertString(AbstractDocument.java:740) ~[?:?]
	at javax.swing.text.PlainDocument.insertString(PlainDocument.java:131) ~[?:?]
	at javax.swing.text.AbstractDocument.replace(AbstractDocument.java:699) ~[?:?]
	at javax.swing.text.JTextComponent.setText(JTextComponent.java:1725) ~[?:?]
	at com.st.microxplorer.plugins.projectmanager.gui.ProjectChoiceTab.createHeapStackFields(ProjectChoiceTab.java:975) ~[filemanager.jar:?]
	at com.st.microxplorer.plugins.projectmanager.gui.ProjectChoiceTab.buildLinkSettingsPanel(ProjectChoiceTab.java:3666) ~[filemanager.jar:?]
	at com.st.microxplorer.plugins.projectmanager.gui.ProjectChoiceTab.defineWindowsFields(ProjectChoiceTab.java:1934) ~[filemanager.jar:?]
	at com.st.microxplorer.plugins.projectmanager.gui.ProjectChoiceTab.updateSettings(ProjectChoiceTab.java:553) ~[filemanager.jar:?]
	at com.st.microxplorer.plugins.projectmanager.gui.ProjectSettingsPanel.UpdateDialog(ProjectSettingsPanel.java:245) ~[filemanager.jar:?]
	at com.st.microxplorer.plugins.projectmanager.ProjectManagerView.propertyChange(ProjectManagerView.java:391) ~[filemanager.jar:?]
	at java.beans.PropertyChangeSupport.fire(PropertyChangeSupport.java:343) ~[?:?]
	at java.beans.PropertyChangeSupport.firePropertyChange(PropertyChangeSupport.java:335) ~[?:?]
	at java.beans.PropertyChangeSupport.firePropertyChange(PropertyChangeSupport.java:268) ~[?:?]
	at com.st.microxplorer.util.MXPropertyChangeSupport.firePropertyChange(MXPropertyChangeSupport.java:54) ~[STM32CubeMX.jar:?]
	at com.st.microxplorer.mxsystem.MxSystem.closeConfig(MxSystem.java:899) ~[STM32CubeMX.jar:?]
	at com.st.microxplorer.maingui.MainPanel.closeConfig(MainPanel.java:789) ~[STM32CubeMX.jar:?]
	at com.st.microxplorer.plugins.filemanager.engine.OpenFileManager.loadConfigurationFile(OpenFileManager.java:265) ~[filemanager.jar:?]
	at com.st.microxplorer.plugins.filemanager.engine.MainFileManager.userLoadConfig(MainFileManager.java:340) ~[filemanager.jar:?]
	at com.st.microxplorer.plugins.filemanager.engine.MainFileManager.userLoadConfig(MainFileManager.java:318) ~[filemanager.jar:?]
	at com.st.microxplorer.plugins.filemanager.FileManagerView.getSpecificTask(FileManagerView.java:246) ~[filemanager.jar:?]
	at com.st.stm32cube.common.mx.editor.CubeMxEditor.getMxTabbedPaneInstance(CubeMxEditor.java:1198) ~[com.st.stm32cube.common.mx_6.13.0.202411220809/:?]
	at com.st.stm32cube.common.mx.editor.CubeMxEditor$12$1.createSwingComponent(CubeMxEditor.java:1068) ~[com.st.stm32cube.common.mx_6.13.0.202411220809/:?]
	at com.st.stm32cube.common.mx.oss.core.awtswtbridge.EmbeddedSwingComposite.doComponentCreation(EmbeddedSwingComposite.java:492) ~[com.st.stm32cube.common.mx.oss_6.13.0.202411220809/:?]
	at com.st.stm32cube.common.mx.oss.core.awtswtbridge.EmbeddedSwingComposite$4.run(EmbeddedSwingComposite.java:291) ~[com.st.stm32cube.common.mx.oss_6.13.0.202411220809/:?]
	at com.st.stm32cube.common.mx.oss.core.awtswtbridge.AwtEnvironment$2.run(AwtEnvironment.java:166) ~[com.st.stm32cube.common.mx.oss_6.13.0.202411220809/:?]
	at java.awt.event.InvocationEvent.dispatch(InvocationEvent.java:318) ~[?:?]
	at java.awt.EventQueue.dispatchEventImpl(EventQueue.java:773) ~[?:?]
	at java.awt.EventQueue$4.run(EventQueue.java:720) ~[?:?]
	at java.awt.EventQueue$4.run(EventQueue.java:714) ~[?:?]
	at java.security.AccessController.doPrivileged(AccessController.java:400) ~[?:?]
	at java.security.ProtectionDomain$JavaSecurityAccessImpl.doIntersectionPrivilege(ProtectionDomain.java:87) ~[?:?]
	at java.awt.EventQueue.dispatchEvent(EventQueue.java:742) ~[?:?]
	at java.awt.EventDispatchThread.pumpOneEventForFilters(EventDispatchThread.java:203) ~[?:?]
	at java.awt.EventDispatchThread.pumpEventsForFilter(EventDispatchThread.java:124) ~[?:?]
	at java.awt.EventDispatchThread.pumpEventsForHierarchy(EventDispatchThread.java:113) ~[?:?]
	at java.awt.EventDispatchThread.pumpEvents(EventDispatchThread.java:109) ~[?:?]
	at java.awt.EventDispatchThread.pumpEvents(EventDispatchThread.java:101) ~[?:?]
	at java.awt.EventDispatchThread.run(EventDispatchThread.java:90) ~[?:?]
2025-12-22 01:25:46,279 [WARN] ThirdParty:871 - waiting for thirdparty lock release [close project]
2025-12-22 01:25:46,279 [INFO] ThirdParty:873 - entering critical section [close project]
2025-12-22 01:25:46,279 [INFO] ThirdParty:883 - exiting critical section [close project]
2025-12-22 01:25:46,282 [INFO] PinOutPanel:1589 - setPackage(No Configuration,No Configuration)
2025-12-22 01:25:46,291 [WARN] IpParametersView:154 - Warning: This peripheral hasn't parameters
2025-12-22 01:25:46,295 [WARN] MainPanel:289 - <html><b><center>Warning: This peripheral has no parameters to be configured<br></b></html>
2025-12-22 01:25:46,295 [ERROR] MainPanel:599 - java.lang.IndexOutOfBoundsException: Index: 0, Tab count: 0
2025-12-22 01:25:46,299 [INFO] UtilMem:75 - Begin LoadConfig() Used Memory: 861251712 Bytes (1073741824)
2025-12-22 01:25:46,300 [INFO] MicroXplorer:468 - Change Database Path : 
2025-12-22 01:25:46,300 [INFO] MicroXplorer:498 - Change Database Version : DB.6.0.130
2025-12-22 01:25:46,300 [INFO] OpenFileManager:332 - Change cursor
2025-12-22 01:26:03,415 [INFO] Mcu:2035 - Initializing MCU STM32H743IITx STM32H743IITx STM32H743IIT6
2025-12-22 01:26:06,517 [INFO] Context:748 - Trying to add GPIOservice into a context  which must be forbidden
2025-12-22 01:26:07,718 [ERROR] Mcu:936 - ThirdParty IPModes/IPconfigs doesn't exist for :C:/Users/kamil/.stm32cubemx/plugins/thirdparty/db//STMicroelectronics/X-CUBE-TOUCHGFX/4.26.0/STMicroelectronics.X-CUBE-TOUCHGFX.4.26.0_Modes.xml
2025-12-22 01:26:07,718 [ERROR] Mcu:6514 - ThirdParty IPModes/IPconfigs doesn't exist for :STMicroelectronics.X-CUBE-TOUCHGFX.4.26.0
2025-12-22 01:26:07,723 [INFO] ImportTextPane:218 - (OptionalMessage_ERROR) Pin89 (VP_STMicroelectronics.X-CUBE-TOUCHGFX_VS_GraphicsJjApplication_4.26.0) cannot be retrieved for this MCU
2025-12-22 01:26:07,867 [INFO] RtosManager:555 - Registered RTOS mode: class=CMSIS, group=RTOS, mode=CMSIS_V1, owner=FREERTOS
2025-12-22 01:26:07,867 [INFO] RtosManager:555 - Registered RTOS mode: class=CMSIS, group=RTOS2, mode=CMSIS_V2, owner=FREERTOS
2025-12-22 01:26:07,867 [INFO] RtosManager:555 - Registered RTOS mode: class=RTOS, group=Core, mode=CMSIS_V1, owner=FREERTOS
2025-12-22 01:26:07,867 [INFO] RtosManager:555 - Registered RTOS mode: class=RTOS, group=Core, mode=CMSIS_V2, owner=FREERTOS
2025-12-22 01:26:07,867 [WARN] ModelIntegratedComponent:184 - Missing modes for component STMicroelectronics:FreeRTOS:0.0.1:STMicroelectronics:RTOS:FreeRTOS:Core:::10.2.0:
2025-12-22 01:26:07,870 [WARN] ModelIntegratedComponent:63 - No mode defined for component null
2025-12-22 01:26:07,871 [WARN] ModelIntegratedComponent:63 - No mode defined for component null
2025-12-22 01:26:07,871 [WARN] ModelIntegratedComponent:63 - No mode defined for component null
2025-12-22 01:26:07,871 [WARN] ModelIntegratedComponent:63 - No mode defined for component null
2025-12-22 01:26:07,871 [WARN] ModelIntegratedComponent:63 - No mode defined for component null
2025-12-22 01:26:07,871 [WARN] ModelIntegratedComponent:63 - No mode defined for component null
2025-12-22 01:26:07,871 [WARN] ModelIntegratedComponent:63 - No mode defined for component null
2025-12-22 01:26:07,871 [WARN] ModelIntegratedComponent:63 - No mode defined for component null
2025-12-22 01:26:07,871 [WARN] ModelIntegratedComponent:63 - No mode defined for component null
2025-12-22 01:26:07,871 [WARN] ModelIntegratedComponent:63 - No mode defined for component null
2025-12-22 01:26:07,871 [WARN] ModelIntegratedComponent:63 - No mode defined for component null
2025-12-22 01:26:07,871 [WARN] ModelIntegratedComponent:63 - No mode defined for component null
2025-12-22 01:26:07,871 [WARN] ModelIntegratedComponent:63 - No mode defined for component null
2025-12-22 01:26:07,871 [WARN] ModelIntegratedComponent:63 - No mode defined for component null
2025-12-22 01:26:07,871 [WARN] ModelIntegratedComponent:63 - No mode defined for component null
2025-12-22 01:26:07,871 [WARN] ModelIntegratedComponent:63 - No mode defined for component null
2025-12-22 01:26:07,871 [WARN] ModelIntegratedComponent:63 - No mode defined for component null
2025-12-22 01:26:07,871 [WARN] ModelIntegratedComponent:63 - No mode defined for component null
2025-12-22 01:26:07,871 [WARN] ModelIntegratedComponent:63 - No mode defined for component null
2025-12-22 01:26:07,871 [WARN] ModelIntegratedComponent:63 - No mode defined for component null
2025-12-22 01:26:07,871 [WARN] ModelIntegratedComponent:63 - No mode defined for component null
2025-12-22 01:26:07,871 [WARN] ModelIntegratedComponent:63 - No mode defined for component null
2025-12-22 01:26:07,871 [WARN] ModelIntegratedComponent:63 - No mode defined for component null
2025-12-22 01:26:07,871 [WARN] ModelIntegratedComponent:63 - No mode defined for component null
2025-12-22 01:26:07,871 [WARN] ModelIntegratedComponent:63 - No mode defined for component null
2025-12-22 01:26:07,871 [WARN] ModelIntegratedComponent:63 - No mode defined for component null
2025-12-22 01:26:07,871 [WARN] ModelIntegratedComponent:63 - No mode defined for component null
2025-12-22 01:26:07,871 [WARN] ModelIntegratedComponent:63 - No mode defined for component null
2025-12-22 01:26:07,871 [WARN] ModelIntegratedComponent:63 - No mode defined for component null
2025-12-22 01:26:07,871 [WARN] ModelIntegratedComponent:63 - No mode defined for component null
2025-12-22 01:26:07,871 [WARN] ModelIntegratedComponent:63 - No mode defined for component null
2025-12-22 01:26:07,871 [WARN] ModelIntegratedComponent:63 - No mode defined for component null
2025-12-22 01:26:07,871 [WARN] ModelIntegratedComponent:63 - No mode defined for component null
2025-12-22 01:26:07,871 [WARN] ModelIntegratedComponent:63 - No mode defined for component null
2025-12-22 01:26:07,871 [WARN] ModelIntegratedComponent:63 - No mode defined for component null
2025-12-22 01:26:07,871 [WARN] ModelPack:524 - Component already loaded: STMicroelectronics:HAL Drivers:0.0.0:STMicroelectronics:Device:STMicro_Driver:XSPI:HAL::0.0.1:HAL_XSPI
2025-12-22 01:26:07,993 [INFO] ThirdPartyModel:298 - Start build external matchings
2025-12-22 01:26:08,800 [INFO] ThirdPartyModel:316 - End build external matchings
2025-12-22 01:26:08,830 [WARN] IP:2251 - ClockDivider not found: check if there is a RefParameter without a condition.
2025-12-22 01:26:08,830 [WARN] IP:2251 - ClockDividerCCU not found: check if there is a RefParameter without a condition.
2025-12-22 01:26:08,830 [WARN] IP:2251 - MinOscClkPeriodsCCU not found: check if there is a RefParameter without a condition.
2025-12-22 01:26:08,830 [WARN] IP:2251 - TimeQuantaPerBitTimeCCU not found: check if there is a RefParameter without a condition.
2025-12-22 01:26:08,830 [WARN] IP:2251 - WatchdogStartValueCCU not found: check if there is a RefParameter without a condition.
2025-12-22 01:26:08,832 [WARN] IP:2251 - LayerIdx_L1 not found: check if there is a RefParameter without a condition.
2025-12-22 01:26:08,833 [INFO] ImportTextPane:218 - (OptionalMessage_ERROR) IP (RCC) : Parameter (ADCFreq_Value) has invalid value (129000000)
2025-12-22 01:26:08,838 [INFO] ImportTextPane:218 - (OptionalMessage_ERROR) IP (RCC) : Invalid parameter (FamilyName)
2025-12-22 01:26:08,838 [INFO] ImportTextPane:218 - (OptionalMessage_ERROR) IP (RCC) : Parameter (LPTIM1Freq_Value) has invalid value (64000000)
2025-12-22 01:26:08,838 [INFO] ImportTextPane:218 - (OptionalMessage_ERROR) IP (RCC) : Parameter (LPTIM2Freq_Value) has invalid value (64000000)
2025-12-22 01:26:08,838 [INFO] ImportTextPane:218 - (OptionalMessage_ERROR) IP (RCC) : Parameter (LPTIM345Freq_Value) has invalid value (64000000)
2025-12-22 01:26:08,838 [INFO] ImportTextPane:218 - (OptionalMessage_ERROR) IP (RCC) : Parameter (LPUART1Freq_Value) has invalid value (64000000)
2025-12-22 01:26:08,838 [INFO] ImportTextPane:218 - (OptionalMessage_ERROR) IP (RCC) : Parameter (SPI45Freq_Value) has invalid value (64000000)
2025-12-22 01:26:08,838 [INFO] ImportTextPane:218 - (OptionalMessage_ERROR) IP (RCC) : Parameter (SPI6Freq_Value) has invalid value (64000000)
2025-12-22 01:26:08,838 [INFO] ImportTextPane:218 - (OptionalMessage_ERROR) IP (RCC) : Parameter (SWPMI1Freq_Value) has invalid value (64000000)
2025-12-22 01:26:08,838 [INFO] ImportTextPane:218 - (OptionalMessage_ERROR) IP (RCC) : Parameter (USART16Freq_Value) has invalid value (64000000)
2025-12-22 01:26:08,838 [INFO] ImportTextPane:218 - (OptionalMessage_ERROR) IP (RCC) : Parameter (USART234578Freq_Value) has invalid value (64000000)
2025-12-22 01:26:09,581 [INFO] UtilMem:75 - End LoadConfig() Used Memory: 911422040 Bytes (1073741824)
2025-12-22 01:26:09,641 [WARN] ThirdParty:833 - waiting for thirdparty lock release [change project]
2025-12-22 01:26:09,641 [INFO] ThirdParty:835 - entering critical section [change project]
2025-12-22 01:26:09,641 [INFO] ThirdParty:1030 - CMSIS Pack Vendor :STMicroelectronics X-CUBE-PM33A1 1.0.0
2025-12-22 01:26:09,641 [INFO] ThirdParty:1030 - CMSIS Pack Vendor :STMicroelectronics USBPD 4.1
2025-12-22 01:26:09,641 [INFO] ThirdParty:1030 - CMSIS Pack Vendor :STMicroelectronics USB_HOST 2.0.0
2025-12-22 01:26:09,642 [INFO] ThirdParty:1030 - CMSIS Pack Vendor :STMicroelectronics FP-SNS-MOTENVWB1 1.4.0
2025-12-22 01:26:09,642 [INFO] ThirdParty:1030 - CMSIS Pack Vendor :STMicroelectronics X-CUBE-AZRTOS-F4 1.1.0
2025-12-22 01:26:09,642 [INFO] ThirdParty:1030 - CMSIS Pack Vendor :STMicroelectronics LIBJPEG 8.0.0
2025-12-22 01:26:09,642 [INFO] ThirdParty:1030 - CMSIS Pack Vendor :STMicroelectronics FP-ATR-ASTRA1 2.0.2
2025-12-22 01:26:09,642 [INFO] ThirdParty:1030 - CMSIS Pack Vendor :STMicroelectronics FP-ATR-ASTRA1 2.0.1
2025-12-22 01:26:09,642 [INFO] ThirdParty:1030 - CMSIS Pack Vendor :STMicroelectronics X-CUBE-SMBUS 2.1.0
2025-12-22 01:26:09,642 [INFO] ThirdParty:1030 - CMSIS Pack Vendor :STMicroelectronics X-CUBE-WB05N 1.1.0
2025-12-22 01:26:09,642 [INFO] ThirdParty:1030 - CMSIS Pack Vendor :STMicroelectronics X-CUBE-ISPU 2.1.0
2025-12-22 01:26:09,642 [INFO] ThirdParty:1030 - CMSIS Pack Vendor :STMicroelectronics X-CUBE-FREERTOS 1.2.0
2025-12-22 01:26:09,642 [INFO] ThirdParty:1030 - CMSIS Pack Vendor :STMicroelectronics X-CUBE-ST60 1.0.0
2025-12-22 01:26:09,642 [INFO] ThirdParty:1030 - CMSIS Pack Vendor :STMicroelectronics X-CUBE-NFC12 1.0.0
2025-12-22 01:26:09,642 [INFO] ThirdParty:1030 - CMSIS Pack Vendor :STMicroelectronics X-CUBE-AZRTOS-F7 1.1.0
2025-12-22 01:26:09,642 [INFO] ThirdParty:1030 - CMSIS Pack Vendor :STMicroelectronics X-CUBE-AZRTOS-L5 2.0.0
2025-12-22 01:26:09,642 [INFO] ThirdParty:1030 - CMSIS Pack Vendor :STMicroelectronics USB_DEVICE 2.0.0
2025-12-22 01:26:09,642 [INFO] ThirdParty:1030 - CMSIS Pack Vendor :STMicroelectronics X-CUBE-NFC6 3.1.0
2025-12-22 01:26:09,642 [INFO] ThirdParty:1030 - CMSIS Pack Vendor :ARM CMSIS 5.7.0
2025-12-22 01:26:09,642 [INFO] ThirdParty:1030 - CMSIS Pack Vendor :STMicroelectronics X-CUBE-MEMS1 11.0.0
2025-12-22 01:26:09,642 [INFO] ThirdParty:1030 - CMSIS Pack Vendor :STMicroelectronics FreeRTOS 0.0.1
2025-12-22 01:26:09,642 [INFO] ThirdParty:1030 - CMSIS Pack Vendor :STMicroelectronics X-CUBE-DPower 1.2.0
2025-12-22 01:26:09,642 [INFO] ThirdParty:1030 - CMSIS Pack Vendor :STMicroelectronics FP-SNS-FLIGHT1 5.0.2
2025-12-22 01:26:09,642 [INFO] ThirdParty:1030 - CMSIS Pack Vendor :STMicroelectronics PDM2PCM 3.3.0
2025-12-22 01:26:09,642 [INFO] ThirdParty:1030 - CMSIS Pack Vendor :STMicroelectronics X-CUBE-AZRTOS-H7 3.4.0
2025-12-22 01:26:09,642 [INFO] ThirdParty:1030 - CMSIS Pack Vendor :STMicroelectronics X-CUBE-DISPLAY 3.0.0
2025-12-22 01:26:09,642 [INFO] ThirdParty:1030 - CMSIS Pack Vendor :STMicroelectronics X-CUBE-BLE1 7.0.0
2025-12-22 01:26:09,642 [INFO] ThirdParty:1030 - CMSIS Pack Vendor :STMicroelectronics X-CUBE-NFC10 1.0.0
2025-12-22 01:26:09,642 [INFO] ThirdParty:1030 - CMSIS Pack Vendor :STMicroelectronics X-CUBE-BLEMGR 4.0.0
2025-12-22 01:26:09,642 [INFO] ThirdParty:1030 - CMSIS Pack Vendor :STMicroelectronics X-CUBE-FREERTOS 1.3.1
2025-12-22 01:26:09,642 [INFO] ThirdParty:1030 - CMSIS Pack Vendor :STMicroelectronics HAL Drivers 0.0.0
2025-12-22 01:26:09,642 [INFO] ThirdParty:1030 - CMSIS Pack Vendor :STMicroelectronics X-CUBE-ST60 1.1.0
2025-12-22 01:26:09,642 [INFO] ThirdParty:1030 - CMSIS Pack Vendor :emotas I-CUBE-CANOPEN 1.3.0
2025-12-22 01:26:09,642 [INFO] ThirdParty:1030 - CMSIS Pack Vendor :STMicroelectronics X-CUBE-FREERTOS 1.3.0
2025-12-22 01:26:09,642 [INFO] ThirdParty:1030 - CMSIS Pack Vendor :STMicroelectronics X-CUBE-NFC7 1.0.1
2025-12-22 01:26:09,642 [INFO] ThirdParty:1030 - CMSIS Pack Vendor :STMicroelectronics MBEDTLS 2.14.1
2025-12-22 01:26:09,642 [INFO] ThirdParty:1030 - CMSIS Pack Vendor :STMicroelectronics X-CUBE-GNSS1 7.1.0
2025-12-22 01:26:09,642 [INFO] ThirdParty:1030 - CMSIS Pack Vendor :STMicroelectronics X-CUBE-TOUCHGFX 4.26.0
2025-12-22 01:26:09,642 [INFO] ThirdParty:1030 - CMSIS Pack Vendor :STMicroelectronics X-CUBE-BLEMGR 3.1.0
2025-12-22 01:26:09,643 [INFO] ThirdParty:1030 - CMSIS Pack Vendor :STMicroelectronics X-CUBE-AI 10.0.0
2025-12-22 01:26:09,643 [INFO] ThirdParty:1030 - CMSIS Pack Vendor :STMicroelectronics FP-SNS-STAIOTCFT 1.0.0
2025-12-22 01:26:09,643 [INFO] ThirdParty:1030 - CMSIS Pack Vendor :STMicroelectronics FP-SNS-SMARTAG2 1.2.0
2025-12-22 01:26:09,643 [INFO] ThirdParty:1030 - CMSIS Pack Vendor :STMicroelectronics FP-SNS-FLIGHT1 5.1.0
2025-12-22 01:26:09,643 [INFO] ThirdParty:1030 - CMSIS Pack Vendor :STMicroelectronics X-CUBE-MEMS1 11.1.0
2025-12-22 01:26:09,643 [INFO] ThirdParty:1030 - CMSIS Pack Vendor :STMicroelectronics X-CUBE-AZRTOS-WL 2.0.0
2025-12-22 01:26:09,643 [INFO] ThirdParty:1030 - CMSIS Pack Vendor :STMicroelectronics X-CUBE-DPower 1.3.0
2025-12-22 01:26:09,643 [INFO] ThirdParty:1030 - CMSIS Pack Vendor :STMicroelectronics FP-SNS-MOTENV1 5.0.0
2025-12-22 01:26:09,643 [INFO] ThirdParty:1030 - CMSIS Pack Vendor :STMicroelectronics USB_DEVICE 1.0.0
2025-12-22 01:26:09,643 [INFO] ThirdParty:1030 - CMSIS Pack Vendor :STMicroelectronics X-CUBE-AZRTOS-H7RS 1.2.0
2025-12-22 01:26:09,643 [INFO] ThirdParty:1030 - CMSIS Pack Vendor :wolfSSL I-CUBE-wolfMQTT 1.19.0
2025-12-22 01:26:09,643 [INFO] ThirdParty:1030 - CMSIS Pack Vendor :STMicroelectronics X-CUBE-AZRTOS-L4 2.0.0
2025-12-22 01:26:09,643 [INFO] ThirdParty:1030 - CMSIS Pack Vendor :STMicroelectronics ThreadX 0.0.2
2025-12-22 01:26:09,643 [INFO] ThirdParty:1030 - CMSIS Pack Vendor :WES I-CUBE-Cesium 1.3.0
2025-12-22 01:26:09,643 [INFO] ThirdParty:1030 - CMSIS Pack Vendor :STMicroelectronics lwIP 2.1.2
2025-12-22 01:26:09,643 [INFO] ThirdParty:1030 - CMSIS Pack Vendor :STMicroelectronics X-CUBE-SFXS2LP1 4.0.0
2025-12-22 01:26:09,643 [INFO] ThirdParty:1030 - CMSIS Pack Vendor :STMicroelectronics X-CUBE-BLE2 3.3.0
2025-12-22 01:26:09,643 [INFO] ThirdParty:1030 - CMSIS Pack Vendor :Avnet-IOTCONNECT X-CUBE-iotc-st67-sdk 1.0.0
2025-12-22 01:26:09,644 [INFO] ThirdParty:1030 - CMSIS Pack Vendor :STMicroelectronics PDM2PCM 3.2.0
2025-12-22 01:26:09,644 [INFO] ThirdParty:1030 - CMSIS Pack Vendor :STMicroelectronics X-CUBE-AZRTOS-H7 3.3.0
2025-12-22 01:26:09,644 [INFO] ThirdParty:1030 - CMSIS Pack Vendor :STMicroelectronics X-CUBE-NFC9 1.0.0
2025-12-22 01:26:09,644 [INFO] ThirdParty:1030 - CMSIS Pack Vendor :STMicroelectronics X-CUBE-BLE1 7.1.0
2025-12-22 01:26:09,644 [INFO] ThirdParty:1030 - CMSIS Pack Vendor :STMicroelectronics USB_DEVICE 3.0.0
2025-12-22 01:26:09,644 [INFO] ThirdParty:1030 - CMSIS Pack Vendor :STMicroelectronics X-CUBE-TCPP 4.1.0
2025-12-22 01:26:09,644 [INFO] ThirdParty:1030 - CMSIS Pack Vendor :STMicroelectronics X-CUBE-EEPRMA1 5.2.0
2025-12-22 01:26:09,644 [INFO] ThirdParty:1030 - CMSIS Pack Vendor :STMicroelectronics X-CUBE-BLEMGR 4.1.0
2025-12-22 01:26:09,644 [INFO] ThirdParty:1030 - CMSIS Pack Vendor :STMicroelectronics X-CUBE-IPS 3.0.0
2025-12-22 01:26:09,644 [INFO] ThirdParty:1030 - CMSIS Pack Vendor :STMicroelectronics X-CUBE-AZRTOS-WB 2.0.0
2025-12-22 01:26:09,644 [INFO] ThirdParty:1030 - CMSIS Pack Vendor :STMicroelectronics X-CUBE-GNSS1 7.0.0
2025-12-22 01:26:09,644 [INFO] ThirdParty:1030 - CMSIS Pack Vendor :STMicroelectronics X-CUBE-GNSS1 7.0.1
2025-12-22 01:26:09,644 [INFO] ThirdParty:1030 - CMSIS Pack Vendor :STMicroelectronics X-CUBE-TOUCHGFX 4.25.0
2025-12-22 01:26:09,644 [INFO] ThirdParty:1030 - CMSIS Pack Vendor :STMicroelectronics FP-SNS-STBOX1 2.0.0
2025-12-22 01:26:09,644 [INFO] ThirdParty:1030 - CMSIS Pack Vendor :STMicroelectronics X-CUBE-MEMS1 12.0.0
2025-12-22 01:26:09,644 [INFO] ThirdParty:1030 - CMSIS Pack Vendor :STMicroelectronics X-CUBE-AZRTOS-G0 1.1.0
2025-12-22 01:26:09,644 [INFO] ThirdParty:1030 - CMSIS Pack Vendor :STMicroelectronics X-CUBE-SAFEA1 1.2.2
2025-12-22 01:26:09,644 [INFO] ThirdParty:1030 - CMSIS Pack Vendor :STMicroelectronics X-CUBE-NFC4 3.0.0
2025-12-22 01:26:09,644 [INFO] ThirdParty:1030 - CMSIS Pack Vendor :STMicroelectronics X-CUBE-SUBG2 5.0.0
2025-12-22 01:26:09,644 [INFO] ThirdParty:1030 - CMSIS Pack Vendor :STMicroelectronics X-CUBE-AZRTOS-H7RS 1.1.0
2025-12-22 01:26:09,644 [INFO] ThirdParty:1030 - CMSIS Pack Vendor :STMicroelectronics STM32_WPAN 1.0.0
2025-12-22 01:26:09,644 [INFO] ThirdParty:1030 - CMSIS Pack Vendor :EmbeddedOffice I-CUBE-FS-RTOS 1.0.1
2025-12-22 01:26:09,644 [INFO] ThirdParty:1030 - CMSIS Pack Vendor :STMicroelectronics lwIP 2.0.3
2025-12-22 01:26:09,644 [INFO] ThirdParty:1030 - CMSIS Pack Vendor :Cesanta I-CUBE-Mongoose 7.13.0
2025-12-22 01:26:09,644 [INFO] ThirdParty:1030 - CMSIS Pack Vendor :STMicroelectronics USB_HOST 1.0.0
2025-12-22 01:26:09,644 [INFO] ThirdParty:1030 - CMSIS Pack Vendor :STMicroelectronics X-CUBE-AZRTOS-G4 2.0.0
2025-12-22 01:26:09,644 [INFO] ThirdParty:1030 - CMSIS Pack Vendor :STMicroelectronics X-CUBE-WB05N 2.0.0
2025-12-22 01:26:09,644 [INFO] ThirdParty:1030 - CMSIS Pack Vendor :STMicroelectronics PDM2PCM 3.1.0
2025-12-22 01:26:09,644 [INFO] ThirdParty:1030 - CMSIS Pack Vendor :STMicroelectronics X-CUBE-NFC7 2.0.0
2025-12-22 01:26:09,644 [INFO] ThirdParty:1030 - CMSIS Pack Vendor :STMicroelectronics X-CUBE-TCPP 4.2.0
2025-12-22 01:26:09,644 [INFO] ThirdParty:1030 - CMSIS Pack Vendor :RealThread X-CUBE-RT-Thread_Nano 4.1.1
2025-12-22 01:26:09,644 [INFO] ThirdParty:1030 - CMSIS Pack Vendor :STMicroelectronics FP-ATR-SIGFOX1 3.2.0
2025-12-22 01:26:09,644 [INFO] ThirdParty:1030 - CMSIS Pack Vendor :wolfSSL I-CUBE-wolfSSL 5.7.2
2025-12-22 01:26:09,644 [INFO] ThirdParty:1030 - CMSIS Pack Vendor :quantropi X-CUBE-qispace-sdk-base 1.9.3
2025-12-22 01:26:09,644 [INFO] ThirdParty:1030 - CMSIS Pack Vendor :STMicroelectronics X-CUBE-EEPRMA1 5.1.0
2025-12-22 01:26:09,644 [INFO] ThirdParty:1030 - CMSIS Pack Vendor :STMicroelectronics MBEDTLS 2.16.2
2025-12-22 01:26:09,644 [INFO] ThirdParty:1030 - CMSIS Pack Vendor :STMicroelectronics X-CUBE-IPS 3.1.0
2025-12-22 01:26:09,644 [INFO] ThirdParty:1030 - CMSIS Pack Vendor :STMicroelectronics X-CUBE-ALS 1.0.2
2025-12-22 01:26:09,644 [INFO] ThirdParty:1030 - CMSIS Pack Vendor :ITTIA_DB I-CUBE-ITTIADB 8.9.0
2025-12-22 01:26:09,644 [INFO] ThirdParty:1030 - CMSIS Pack Vendor :STMicroelectronics X-CUBE-TOUCHGFX 4.24.1
2025-12-22 01:26:09,645 [INFO] ThirdParty:1030 - CMSIS Pack Vendor :STMicroelectronics X-CUBE-STSE01 1.0.0
2025-12-22 01:26:09,645 [INFO] ThirdParty:1030 - CMSIS Pack Vendor :wolfSSL I-CUBE-wolfTPM 3.4.0
2025-12-22 01:26:09,645 [INFO] ThirdParty:1030 - CMSIS Pack Vendor :portGmbH I-Cube-SoM-uGOAL 1.1.0
2025-12-22 01:26:09,645 [INFO] ThirdParty:1030 - CMSIS Pack Vendor :STMicroelectronics X-CUBE-ST67W61 1.0.0
2025-12-22 01:26:09,645 [INFO] ThirdParty:1030 - CMSIS Pack Vendor :STMicroelectronics X-CUBE-AI 10.2.0
2025-12-22 01:26:09,645 [INFO] ThirdParty:1030 - CMSIS Pack Vendor :STMicroelectronics ThreadX 1.0.0
2025-12-22 01:26:09,645 [INFO] ThirdParty:1030 - CMSIS Pack Vendor :SEGGER I-CUBE-embOS 1.3.1
2025-12-22 01:26:09,645 [INFO] ThirdParty:1030 - CMSIS Pack Vendor :STMicroelectronics X-CUBE-ALGOBUILD 1.4.0
2025-12-22 01:26:09,645 [INFO] ThirdParty:1030 - CMSIS Pack Vendor :STMicroelectronics X-CUBE-MEMS1 11.3.0
2025-12-22 01:26:09,645 [INFO] ThirdParty:1030 - CMSIS Pack Vendor :STMicroelectronics X-CUBE-AZRTOS-H7RS 1.0.0
2025-12-22 01:26:09,645 [INFO] ThirdParty:1030 - CMSIS Pack Vendor :STMicroelectronics FP-ATR-ASTRA1 2.0.0
2025-12-22 01:26:09,645 [INFO] ThirdParty:1030 - CMSIS Pack Vendor :STMicroelectronics X-CUBE-TOF1 3.4.2
2025-12-22 01:26:09,645 [INFO] ThirdParty:1030 - CMSIS Pack Vendor :STMicroelectronics X-CUBE-TOF1 3.4.3
2025-12-22 01:26:09,645 [INFO] ThirdParty:1030 - CMSIS Pack Vendor :STMicroelectronics X-CUBE-AI 9.1.0
2025-12-22 01:26:09,645 [INFO] ThirdParty:1030 - CMSIS Pack Vendor :Infineon AIROC-Wi-Fi-Bluetooth-STM32 1.6.1
2025-12-22 01:26:09,645 [INFO] ThirdParty:1030 - CMSIS Pack Vendor :wolfSSL I-CUBE-wolfSSH 1.4.17
2025-12-22 01:26:09,645 [INFO] ThirdParty:841 - exiting critical section [change project]
2025-12-22 01:26:10,072 [INFO] PinOutPanel:1589 - setPackage(No Configuration,No Configuration)
2025-12-22 01:26:10,073 [INFO] PinOutPanel:1589 - setPackage(STM32H743IITx,LQFP176)
2025-12-22 01:26:10,507 [INFO] UtilMem:75 - Before build in PCC Used Memory: 960859312 Bytes (1073741824)
2025-12-22 01:26:10,923 [INFO] UtilMem:75 - After build in PCC Used Memory: 1024822448 Bytes (1073741824)
2025-12-22 01:26:10,964 [INFO] IPUIPlugin:80 - create IPUIPlugin
2025-12-22 01:26:10,964 [INFO] IPUIPlugin:80 - create IPUIPlugin
2025-12-22 01:26:10,964 [INFO] IPUIPlugin:80 - create IPUIPlugin
2025-12-22 01:26:10,964 [INFO] IPUIPlugin:80 - create IPUIPlugin
2025-12-22 01:26:10,964 [INFO] IPUIPlugin:80 - create IPUIPlugin
2025-12-22 01:26:10,964 [INFO] IPUIPlugin:80 - create IPUIPlugin
2025-12-22 01:26:10,964 [INFO] IPUIPlugin:80 - create IPUIPlugin
2025-12-22 01:26:10,964 [INFO] IPUIPlugin:80 - create IPUIPlugin
2025-12-22 01:26:10,964 [INFO] IPUIPlugin:80 - create IPUIPlugin
2025-12-22 01:26:10,965 [INFO] IPUIPlugin:80 - create IPUIPlugin
2025-12-22 01:26:10,965 [INFO] IPUIPlugin:80 - create IPUIPlugin
2025-12-22 01:26:10,965 [INFO] IPUIPlugin:80 - create IPUIPlugin
2025-12-22 01:26:10,965 [INFO] IPUIPlugin:80 - create IPUIPlugin
2025-12-22 01:26:10,965 [INFO] IPUIPlugin:80 - create IPUIPlugin
2025-12-22 01:26:10,965 [INFO] IPUIPlugin:80 - create IPUIPlugin
2025-12-22 01:26:10,965 [INFO] IPUIPlugin:80 - create IPUIPlugin
2025-12-22 01:26:10,965 [INFO] IPUIPlugin:80 - create IPUIPlugin
2025-12-22 01:26:10,965 [INFO] IPUIPlugin:80 - create IPUIPlugin
2025-12-22 01:26:10,965 [INFO] IPUIPlugin:80 - create IPUIPlugin
2025-12-22 01:26:10,965 [INFO] IPUIPlugin:80 - create IPUIPlugin
2025-12-22 01:26:10,965 [INFO] IPUIPlugin:80 - create IPUIPlugin
2025-12-22 01:26:10,966 [INFO] IPUIPlugin:80 - create IPUIPlugin
2025-12-22 01:26:10,966 [INFO] IPUIPlugin:80 - create IPUIPlugin
2025-12-22 01:26:10,966 [INFO] IPUIPlugin:80 - create IPUIPlugin
2025-12-22 01:26:10,966 [INFO] IPUIPlugin:80 - create IPUIPlugin
2025-12-22 01:26:10,966 [INFO] IPUIPlugin:80 - create IPUIPlugin
2025-12-22 01:26:10,966 [INFO] IPUIPlugin:80 - create IPUIPlugin
2025-12-22 01:26:10,966 [INFO] IPUIPlugin:80 - create IPUIPlugin
2025-12-22 01:26:10,966 [INFO] IPUIPlugin:80 - create IPUIPlugin
2025-12-22 01:26:10,966 [INFO] IPUIPlugin:80 - create IPUIPlugin
2025-12-22 01:26:10,966 [INFO] IPUIPlugin:80 - create IPUIPlugin
2025-12-22 01:26:10,966 [INFO] IPUIPlugin:80 - create IPUIPlugin
2025-12-22 01:26:10,967 [INFO] IPUIPlugin:80 - create IPUIPlugin
2025-12-22 01:26:10,967 [INFO] IPUIPlugin:80 - create IPUIPlugin
2025-12-22 01:26:10,967 [INFO] IPUIPlugin:80 - create IPUIPlugin
2025-12-22 01:26:10,967 [INFO] IPUIPlugin:80 - create IPUIPlugin
2025-12-22 01:26:10,967 [INFO] IPUIPlugin:80 - create IPUIPlugin
2025-12-22 01:26:10,967 [INFO] IPUIPlugin:80 - create IPUIPlugin
2025-12-22 01:26:10,967 [INFO] IPUIPlugin:80 - create IPUIPlugin
2025-12-22 01:26:10,967 [INFO] IPUIPlugin:80 - create IPUIPlugin
2025-12-22 01:26:10,968 [INFO] IPUIPlugin:80 - create IPUIPlugin
2025-12-22 01:26:10,968 [INFO] IPUIPlugin:80 - create IPUIPlugin
2025-12-22 01:26:10,968 [INFO] IPUIPlugin:80 - create IPUIPlugin
2025-12-22 01:26:10,968 [INFO] IPUIPlugin:80 - create IPUIPlugin
2025-12-22 01:26:10,968 [INFO] IPUIPlugin:80 - create IPUIPlugin
2025-12-22 01:26:10,968 [INFO] IPUIPlugin:80 - create IPUIPlugin
2025-12-22 01:26:10,968 [INFO] IPUIPlugin:80 - create IPUIPlugin
2025-12-22 01:26:10,969 [INFO] IPUIPlugin:80 - create IPUIPlugin
2025-12-22 01:26:10,969 [INFO] IPUIPlugin:80 - create IPUIPlugin
2025-12-22 01:26:10,969 [INFO] IPUIPlugin:80 - create IPUIPlugin
2025-12-22 01:26:10,969 [INFO] IPUIPlugin:80 - create IPUIPlugin
2025-12-22 01:26:10,969 [INFO] IPUIPlugin:80 - create IPUIPlugin
2025-12-22 01:26:10,969 [INFO] IPUIPlugin:80 - create IPUIPlugin
2025-12-22 01:26:10,969 [INFO] IPUIPlugin:80 - create IPUIPlugin
2025-12-22 01:26:10,969 [INFO] IPUIPlugin:80 - create IPUIPlugin
2025-12-22 01:26:10,971 [INFO] IPUIPlugin:80 - create IPUIPlugin
2025-12-22 01:26:10,971 [INFO] IPUIPlugin:80 - create IPUIPlugin
2025-12-22 01:26:10,971 [INFO] IPUIPlugin:80 - create IPUIPlugin
2025-12-22 01:26:10,971 [INFO] IPUIPlugin:80 - create IPUIPlugin
2025-12-22 01:26:10,971 [INFO] IPUIPlugin:80 - create IPUIPlugin
2025-12-22 01:26:10,971 [INFO] IPUIPlugin:80 - create IPUIPlugin
2025-12-22 01:26:10,971 [INFO] IPUIPlugin:80 - create IPUIPlugin
2025-12-22 01:26:10,971 [INFO] IPUIPlugin:80 - create IPUIPlugin
2025-12-22 01:26:10,972 [INFO] IPUIPlugin:80 - create IPUIPlugin
2025-12-22 01:26:10,972 [INFO] IPUIPlugin:80 - create IPUIPlugin
2025-12-22 01:26:10,972 [INFO] IPUIPlugin:80 - create IPUIPlugin
2025-12-22 01:26:10,972 [INFO] IPUIPlugin:80 - create IPUIPlugin
2025-12-22 01:26:10,972 [INFO] IPUIPlugin:80 - create IPUIPlugin
2025-12-22 01:26:10,972 [INFO] IPUIPlugin:80 - create IPUIPlugin
2025-12-22 01:26:10,973 [INFO] IPUIPlugin:80 - create IPUIPlugin
2025-12-22 01:26:10,973 [INFO] IPUIPlugin:80 - create IPUIPlugin
2025-12-22 01:26:10,973 [INFO] IPUIPlugin:80 - create IPUIPlugin
2025-12-22 01:26:10,973 [INFO] IPUIPlugin:80 - create IPUIPlugin
2025-12-22 01:26:10,974 [INFO] IPUIPlugin:80 - create IPUIPlugin
2025-12-22 01:26:10,974 [INFO] IPUIPlugin:80 - create IPUIPlugin
2025-12-22 01:26:10,974 [INFO] IPUIPlugin:80 - create IPUIPlugin
2025-12-22 01:26:10,974 [INFO] IPUIPlugin:80 - create IPUIPlugin
2025-12-22 01:26:10,974 [INFO] IPUIPlugin:80 - create IPUIPlugin
2025-12-22 01:26:10,975 [INFO] IPUIPlugin:80 - create IPUIPlugin
2025-12-22 01:26:10,975 [INFO] IPUIPlugin:80 - create IPUIPlugin
2025-12-22 01:26:10,975 [INFO] IPUIPlugin:80 - create IPUIPlugin
2025-12-22 01:26:10,975 [INFO] IPUIPlugin:80 - create IPUIPlugin
2025-12-22 01:26:10,975 [INFO] IPUIPlugin:80 - create IPUIPlugin
2025-12-22 01:26:10,976 [INFO] IPUIPlugin:80 - create IPUIPlugin
2025-12-22 01:26:10,976 [INFO] IPUIPlugin:80 - create IPUIPlugin
2025-12-22 01:26:10,977 [INFO] IPUIPlugin:80 - create IPUIPlugin
2025-12-22 01:26:10,977 [INFO] IPUIPlugin:80 - create IPUIPlugin
2025-12-22 01:26:10,977 [INFO] IPUIPlugin:80 - create IPUIPlugin
2025-12-22 01:26:10,977 [INFO] IPUIPlugin:80 - create IPUIPlugin
2025-12-22 01:26:10,978 [INFO] IPUIPlugin:80 - create IPUIPlugin
2025-12-22 01:26:10,978 [INFO] IPUIPlugin:80 - create IPUIPlugin
2025-12-22 01:26:10,978 [INFO] IPUIPlugin:80 - create IPUIPlugin
2025-12-22 01:26:10,978 [INFO] IPUIPlugin:80 - create IPUIPlugin
2025-12-22 01:26:10,979 [INFO] IPUIPlugin:80 - create IPUIPlugin
2025-12-22 01:26:10,979 [INFO] IPUIPlugin:80 - create IPUIPlugin
2025-12-22 01:26:10,979 [INFO] IPUIPlugin:80 - create IPUIPlugin
2025-12-22 01:26:10,979 [INFO] IPUIPlugin:80 - create IPUIPlugin
2025-12-22 01:26:10,979 [INFO] IPUIPlugin:80 - create IPUIPlugin
2025-12-22 01:26:10,985 [INFO] ApiDbMcu:508 - Load IP Config File for PDM2PCM
2025-12-22 01:26:10,987 [WARN] IP:2251 - ClockDivider not found: check if there is a RefParameter without a condition.
2025-12-22 01:26:10,987 [WARN] IP:2251 - ClockDividerCCU not found: check if there is a RefParameter without a condition.
2025-12-22 01:26:10,987 [WARN] IP:2251 - MinOscClkPeriodsCCU not found: check if there is a RefParameter without a condition.
2025-12-22 01:26:10,987 [WARN] IP:2251 - TimeQuantaPerBitTimeCCU not found: check if there is a RefParameter without a condition.
2025-12-22 01:26:10,987 [WARN] IP:2251 - WatchdogStartValueCCU not found: check if there is a RefParameter without a condition.
2025-12-22 01:26:10,991 [INFO] LogOutputStream:77 - [STDOUT_REDIRECT] Nominal 
2025-12-22 01:26:10,991 [INFO] Can:71 - Can Add PropertyChangeListener com.st.microxplorer.plugins.ip.can.Can@529e56db
2025-12-22 01:26:11,057 [INFO] CADModel:165 - CPN selected for project levelSTM32H743IIT6
2025-12-22 01:26:11,058 [INFO] CADModel:114 - Register for checkConnection events
2025-12-22 01:26:11,126 [INFO] OpenFileManager:363 - Restore cursor
2025-12-22 01:26:11,351 [WARN] IP:2251 - LayerIdx_L1 not found: check if there is a RefParameter without a condition.
2025-12-22 01:26:11,456 [WARN] IP:2251 - ClockDivider not found: check if there is a RefParameter without a condition.
2025-12-22 01:26:11,456 [WARN] IP:2251 - ClockDividerCCU not found: check if there is a RefParameter without a condition.
2025-12-22 01:26:11,456 [WARN] IP:2251 - MinOscClkPeriodsCCU not found: check if there is a RefParameter without a condition.
2025-12-22 01:26:11,456 [WARN] IP:2251 - TimeQuantaPerBitTimeCCU not found: check if there is a RefParameter without a condition.
2025-12-22 01:26:11,456 [WARN] IP:2251 - WatchdogStartValueCCU not found: check if there is a RefParameter without a condition.
2025-12-22 02:19:17,679 [INFO] MainUpdater:2872 - connection check result : 10
2025-12-22 02:19:17,679 [INFO] MainUpdater:2872 - connection check result : 10
2025-12-22 02:19:18,054 [INFO] LogOutputStream:77 - [STDOUT_REDIRECT] Nominal 
2025-12-22 02:19:18,129 [INFO] I2cTimingTraitement:330 - 0x00000E14
2025-12-22 02:19:18,205 [INFO] I2cTimingTraitement:330 - 0x00000E14
2025-12-22 02:19:18,210 [INFO] MicroXplorer:468 - Change Database Path : 
2025-12-22 02:19:18,210 [INFO] MicroXplorer:498 - Change Database Version : DB.6.0.130
2025-12-22 02:19:18,229 [ERROR] ProjectManagerView:394 - 
java.lang.NullPointerException: Cannot invoke "javax.swing.JTextField.getText()" because the return value of "java.util.List.get(int)" is null
	at com.st.microxplorer.plugins.projectmanager.gui.ProjectChoiceTab$9.caretUpdate(ProjectChoiceTab.java:2616) ~[filemanager.jar:?]
	at javax.swing.text.JTextComponent.fireCaretUpdate(JTextComponent.java:408) ~[?:?]
	at javax.swing.text.JTextComponent$MutableCaretEvent.fire(JTextComponent.java:4484) ~[?:?]
	at javax.swing.text.JTextComponent$MutableCaretEvent.stateChanged(JTextComponent.java:4506) ~[?:?]
	at javax.swing.text.DefaultCaret.fireStateChanged(DefaultCaret.java:857) ~[?:?]
	at javax.swing.text.DefaultCaret.changeCaretPosition(DefaultCaret.java:1343) ~[?:?]
	at javax.swing.text.DefaultCaret.handleSetDot(DefaultCaret.java:1242) ~[?:?]
	at javax.swing.text.DefaultCaret.setDot(DefaultCaret.java:1223) ~[?:?]
	at javax.swing.text.DefaultCaret$Handler.insertUpdate(DefaultCaret.java:1819) ~[?:?]
	at javax.swing.text.AbstractDocument.fireInsertUpdate(AbstractDocument.java:227) ~[?:?]
	at javax.swing.text.AbstractDocument.handleInsertString(AbstractDocument.java:781) ~[?:?]
	at javax.swing.text.AbstractDocument.insertString(AbstractDocument.java:740) ~[?:?]
	at javax.swing.text.PlainDocument.insertString(PlainDocument.java:131) ~[?:?]
	at javax.swing.text.AbstractDocument.replace(AbstractDocument.java:699) ~[?:?]
	at javax.swing.text.JTextComponent.setText(JTextComponent.java:1725) ~[?:?]
	at com.st.microxplorer.plugins.projectmanager.gui.ProjectChoiceTab.createHeapStackFields(ProjectChoiceTab.java:975) ~[filemanager.jar:?]
	at com.st.microxplorer.plugins.projectmanager.gui.ProjectChoiceTab.buildLinkSettingsPanel(ProjectChoiceTab.java:3666) ~[filemanager.jar:?]
	at com.st.microxplorer.plugins.projectmanager.gui.ProjectChoiceTab.defineWindowsFields(ProjectChoiceTab.java:1934) ~[filemanager.jar:?]
	at com.st.microxplorer.plugins.projectmanager.gui.ProjectChoiceTab.updateSettings(ProjectChoiceTab.java:553) ~[filemanager.jar:?]
	at com.st.microxplorer.plugins.projectmanager.gui.ProjectSettingsPanel.UpdateDialog(ProjectSettingsPanel.java:245) ~[filemanager.jar:?]
	at com.st.microxplorer.plugins.projectmanager.ProjectManagerView.propertyChange(ProjectManagerView.java:391) ~[filemanager.jar:?]
	at java.beans.PropertyChangeSupport.fire(PropertyChangeSupport.java:343) ~[?:?]
	at java.beans.PropertyChangeSupport.firePropertyChange(PropertyChangeSupport.java:335) ~[?:?]
	at java.beans.PropertyChangeSupport.firePropertyChange(PropertyChangeSupport.java:268) ~[?:?]
	at com.st.microxplorer.util.MXPropertyChangeSupport.firePropertyChange(MXPropertyChangeSupport.java:54) ~[STM32CubeMX.jar:?]
	at com.st.microxplorer.mxsystem.MxSystem.closeConfig(MxSystem.java:899) ~[STM32CubeMX.jar:?]
	at com.st.microxplorer.maingui.MainPanel.closeConfig(MainPanel.java:789) ~[STM32CubeMX.jar:?]
	at com.st.microxplorer.plugins.filemanager.engine.OpenFileManager.loadConfigurationFile(OpenFileManager.java:265) ~[filemanager.jar:?]
	at com.st.microxplorer.plugins.filemanager.engine.MainFileManager.userLoadConfig(MainFileManager.java:340) ~[filemanager.jar:?]
	at com.st.microxplorer.plugins.filemanager.engine.MainFileManager.userLoadConfig(MainFileManager.java:318) ~[filemanager.jar:?]
	at com.st.microxplorer.plugins.filemanager.FileManagerView.getSpecificTask(FileManagerView.java:246) ~[filemanager.jar:?]
	at com.st.stm32cube.common.mx.editor.CubeMxEditor.getMxTabbedPaneInstance(CubeMxEditor.java:1198) ~[com.st.stm32cube.common.mx_6.13.0.202411220809/:?]
	at com.st.stm32cube.common.mx.editor.CubeMxEditor$12$1.createSwingComponent(CubeMxEditor.java:1068) ~[com.st.stm32cube.common.mx_6.13.0.202411220809/:?]
	at com.st.stm32cube.common.mx.oss.core.awtswtbridge.EmbeddedSwingComposite.doComponentCreation(EmbeddedSwingComposite.java:492) ~[com.st.stm32cube.common.mx.oss_6.13.0.202411220809/:?]
	at com.st.stm32cube.common.mx.oss.core.awtswtbridge.EmbeddedSwingComposite$4.run(EmbeddedSwingComposite.java:291) ~[com.st.stm32cube.common.mx.oss_6.13.0.202411220809/:?]
	at com.st.stm32cube.common.mx.oss.core.awtswtbridge.AwtEnvironment$2.run(AwtEnvironment.java:166) ~[com.st.stm32cube.common.mx.oss_6.13.0.202411220809/:?]
	at java.awt.event.InvocationEvent.dispatch(InvocationEvent.java:318) ~[?:?]
	at java.awt.EventQueue.dispatchEventImpl(EventQueue.java:773) ~[?:?]
	at java.awt.EventQueue$4.run(EventQueue.java:720) ~[?:?]
	at java.awt.EventQueue$4.run(EventQueue.java:714) ~[?:?]
	at java.security.AccessController.doPrivileged(AccessController.java:400) ~[?:?]
	at java.security.ProtectionDomain$JavaSecurityAccessImpl.doIntersectionPrivilege(ProtectionDomain.java:87) ~[?:?]
	at java.awt.EventQueue.dispatchEvent(EventQueue.java:742) ~[?:?]
	at java.awt.EventDispatchThread.pumpOneEventForFilters(EventDispatchThread.java:203) ~[?:?]
	at java.awt.EventDispatchThread.pumpEventsForFilter(EventDispatchThread.java:124) ~[?:?]
	at java.awt.EventDispatchThread.pumpEventsForHierarchy(EventDispatchThread.java:113) ~[?:?]
	at java.awt.EventDispatchThread.pumpEvents(EventDispatchThread.java:109) ~[?:?]
	at java.awt.EventDispatchThread.pumpEvents(EventDispatchThread.java:101) ~[?:?]
	at java.awt.EventDispatchThread.run(EventDispatchThread.java:90) ~[?:?]
2025-12-22 02:19:18,231 [WARN] ThirdParty:871 - waiting for thirdparty lock release [close project]
2025-12-22 02:19:18,231 [INFO] ThirdParty:873 - entering critical section [close project]
2025-12-22 02:19:18,231 [INFO] ThirdParty:883 - exiting critical section [close project]
2025-12-22 02:19:18,234 [INFO] PinOutPanel:1589 - setPackage(No Configuration,No Configuration)
2025-12-22 02:19:18,243 [WARN] IpParametersView:154 - Warning: This peripheral hasn't parameters
2025-12-22 02:19:18,250 [WARN] MainPanel:289 - <html><b><center>Warning: This peripheral has no parameters to be configured<br></b></html>
2025-12-22 02:19:18,250 [ERROR] MainPanel:599 - java.lang.IndexOutOfBoundsException: Index: 0, Tab count: 0
2025-12-22 02:19:18,254 [INFO] UtilMem:75 - Begin LoadConfig() Used Memory: 910399816 Bytes (1073741824)
2025-12-22 02:19:18,255 [INFO] MicroXplorer:468 - Change Database Path : 
2025-12-22 02:19:18,255 [INFO] MicroXplorer:498 - Change Database Version : DB.6.0.130
2025-12-22 02:19:18,255 [INFO] OpenFileManager:332 - Change cursor
2025-12-22 02:19:18,284 [INFO] Mcu:2035 - Initializing MCU STM32H743IITx STM32H743IITx STM32H743IIT6
2025-12-22 02:19:21,771 [INFO] Context:748 - Trying to add GPIOservice into a context  which must be forbidden
2025-12-22 02:19:23,205 [INFO] RtosManager:555 - Registered RTOS mode: class=CMSIS, group=RTOS, mode=CMSIS_V1, owner=FREERTOS
2025-12-22 02:19:23,205 [INFO] RtosManager:555 - Registered RTOS mode: class=CMSIS, group=RTOS2, mode=CMSIS_V2, owner=FREERTOS
2025-12-22 02:19:23,205 [INFO] RtosManager:555 - Registered RTOS mode: class=RTOS, group=Core, mode=CMSIS_V1, owner=FREERTOS
2025-12-22 02:19:23,205 [INFO] RtosManager:555 - Registered RTOS mode: class=RTOS, group=Core, mode=CMSIS_V2, owner=FREERTOS
2025-12-22 02:19:23,205 [WARN] ModelIntegratedComponent:184 - Missing modes for component STMicroelectronics:FreeRTOS:0.0.1:STMicroelectronics:RTOS:FreeRTOS:Core:::10.2.0:
2025-12-22 02:19:23,208 [WARN] ModelIntegratedComponent:63 - No mode defined for component null
2025-12-22 02:19:23,208 [WARN] ModelIntegratedComponent:63 - No mode defined for component null
2025-12-22 02:19:23,208 [WARN] ModelIntegratedComponent:63 - No mode defined for component null
2025-12-22 02:19:23,208 [WARN] ModelIntegratedComponent:63 - No mode defined for component null
2025-12-22 02:19:23,208 [WARN] ModelIntegratedComponent:63 - No mode defined for component null
2025-12-22 02:19:23,209 [WARN] ModelIntegratedComponent:63 - No mode defined for component null
2025-12-22 02:19:23,209 [WARN] ModelIntegratedComponent:63 - No mode defined for component null
2025-12-22 02:19:23,209 [WARN] ModelIntegratedComponent:63 - No mode defined for component null
2025-12-22 02:19:23,209 [WARN] ModelIntegratedComponent:63 - No mode defined for component null
2025-12-22 02:19:23,209 [WARN] ModelIntegratedComponent:63 - No mode defined for component null
2025-12-22 02:19:23,209 [WARN] ModelIntegratedComponent:63 - No mode defined for component null
2025-12-22 02:19:23,209 [WARN] ModelIntegratedComponent:63 - No mode defined for component null
2025-12-22 02:19:23,209 [WARN] ModelIntegratedComponent:63 - No mode defined for component null
2025-12-22 02:19:23,209 [WARN] ModelIntegratedComponent:63 - No mode defined for component null
2025-12-22 02:19:23,209 [WARN] ModelIntegratedComponent:63 - No mode defined for component null
2025-12-22 02:19:23,209 [WARN] ModelIntegratedComponent:63 - No mode defined for component null
2025-12-22 02:19:23,210 [WARN] ModelIntegratedComponent:63 - No mode defined for component null
2025-12-22 02:19:23,210 [WARN] ModelIntegratedComponent:63 - No mode defined for component null
2025-12-22 02:19:23,210 [WARN] ModelIntegratedComponent:63 - No mode defined for component null
2025-12-22 02:19:23,210 [WARN] ModelIntegratedComponent:63 - No mode defined for component null
2025-12-22 02:19:23,210 [WARN] ModelIntegratedComponent:63 - No mode defined for component null
2025-12-22 02:19:23,210 [WARN] ModelIntegratedComponent:63 - No mode defined for component null
2025-12-22 02:19:23,210 [WARN] ModelIntegratedComponent:63 - No mode defined for component null
2025-12-22 02:19:23,210 [WARN] ModelIntegratedComponent:63 - No mode defined for component null
2025-12-22 02:19:23,210 [WARN] ModelIntegratedComponent:63 - No mode defined for component null
2025-12-22 02:19:23,210 [WARN] ModelIntegratedComponent:63 - No mode defined for component null
2025-12-22 02:19:23,210 [WARN] ModelIntegratedComponent:63 - No mode defined for component null
2025-12-22 02:19:23,210 [WARN] ModelIntegratedComponent:63 - No mode defined for component null
2025-12-22 02:19:23,210 [WARN] ModelIntegratedComponent:63 - No mode defined for component null
2025-12-22 02:19:23,210 [WARN] ModelIntegratedComponent:63 - No mode defined for component null
2025-12-22 02:19:23,210 [WARN] ModelIntegratedComponent:63 - No mode defined for component null
2025-12-22 02:19:23,211 [WARN] ModelIntegratedComponent:63 - No mode defined for component null
2025-12-22 02:19:23,211 [WARN] ModelIntegratedComponent:63 - No mode defined for component null
2025-12-22 02:19:23,211 [WARN] ModelIntegratedComponent:63 - No mode defined for component null
2025-12-22 02:19:23,211 [WARN] ModelIntegratedComponent:63 - No mode defined for component null
2025-12-22 02:19:23,211 [WARN] ModelPack:524 - Component already loaded: STMicroelectronics:HAL Drivers:0.0.0:STMicroelectronics:Device:STMicro_Driver:XSPI:HAL::0.0.1:HAL_XSPI
2025-12-22 02:19:23,325 [INFO] ThirdPartyModel:298 - Start build external matchings
2025-12-22 02:19:24,174 [INFO] ThirdPartyModel:316 - End build external matchings
2025-12-22 02:19:24,206 [WARN] IP:2251 - ClockDivider not found: check if there is a RefParameter without a condition.
2025-12-22 02:19:24,206 [WARN] IP:2251 - ClockDividerCCU not found: check if there is a RefParameter without a condition.
2025-12-22 02:19:24,206 [WARN] IP:2251 - MinOscClkPeriodsCCU not found: check if there is a RefParameter without a condition.
2025-12-22 02:19:24,206 [WARN] IP:2251 - TimeQuantaPerBitTimeCCU not found: check if there is a RefParameter without a condition.
2025-12-22 02:19:24,206 [WARN] IP:2251 - WatchdogStartValueCCU not found: check if there is a RefParameter without a condition.
2025-12-22 02:19:24,768 [INFO] UtilMem:75 - End LoadConfig() Used Memory: 922898312 Bytes (1073741824)
2025-12-22 02:19:24,820 [WARN] ThirdParty:833 - waiting for thirdparty lock release [change project]
2025-12-22 02:19:24,821 [INFO] ThirdParty:835 - entering critical section [change project]
2025-12-22 02:19:24,821 [INFO] ThirdParty:1030 - CMSIS Pack Vendor :STMicroelectronics X-CUBE-PM33A1 1.0.0
2025-12-22 02:19:24,821 [INFO] ThirdParty:1030 - CMSIS Pack Vendor :STMicroelectronics USBPD 4.1
2025-12-22 02:19:24,821 [INFO] ThirdParty:1030 - CMSIS Pack Vendor :STMicroelectronics USB_HOST 2.0.0
2025-12-22 02:19:24,821 [INFO] ThirdParty:1030 - CMSIS Pack Vendor :STMicroelectronics FP-SNS-MOTENVWB1 1.4.0
2025-12-22 02:19:24,821 [INFO] ThirdParty:1030 - CMSIS Pack Vendor :STMicroelectronics X-CUBE-AZRTOS-F4 1.1.0
2025-12-22 02:19:24,821 [INFO] ThirdParty:1030 - CMSIS Pack Vendor :STMicroelectronics LIBJPEG 8.0.0
2025-12-22 02:19:24,821 [INFO] ThirdParty:1030 - CMSIS Pack Vendor :STMicroelectronics FP-ATR-ASTRA1 2.0.2
2025-12-22 02:19:24,821 [INFO] ThirdParty:1030 - CMSIS Pack Vendor :STMicroelectronics FP-ATR-ASTRA1 2.0.1
2025-12-22 02:19:24,821 [INFO] ThirdParty:1030 - CMSIS Pack Vendor :STMicroelectronics X-CUBE-SMBUS 2.1.0
2025-12-22 02:19:24,821 [INFO] ThirdParty:1030 - CMSIS Pack Vendor :STMicroelectronics X-CUBE-WB05N 1.1.0
2025-12-22 02:19:24,821 [INFO] ThirdParty:1030 - CMSIS Pack Vendor :STMicroelectronics X-CUBE-ISPU 2.1.0
2025-12-22 02:19:24,821 [INFO] ThirdParty:1030 - CMSIS Pack Vendor :STMicroelectronics X-CUBE-FREERTOS 1.2.0
2025-12-22 02:19:24,821 [INFO] ThirdParty:1030 - CMSIS Pack Vendor :STMicroelectronics X-CUBE-ST60 1.0.0
2025-12-22 02:19:24,821 [INFO] ThirdParty:1030 - CMSIS Pack Vendor :STMicroelectronics X-CUBE-NFC12 1.0.0
2025-12-22 02:19:24,821 [INFO] ThirdParty:1030 - CMSIS Pack Vendor :STMicroelectronics X-CUBE-AZRTOS-F7 1.1.0
2025-12-22 02:19:24,821 [INFO] ThirdParty:1030 - CMSIS Pack Vendor :STMicroelectronics X-CUBE-AZRTOS-L5 2.0.0
2025-12-22 02:19:24,821 [INFO] ThirdParty:1030 - CMSIS Pack Vendor :STMicroelectronics USB_DEVICE 2.0.0
2025-12-22 02:19:24,821 [INFO] ThirdParty:1030 - CMSIS Pack Vendor :STMicroelectronics X-CUBE-NFC6 3.1.0
2025-12-22 02:19:24,821 [INFO] ThirdParty:1030 - CMSIS Pack Vendor :ARM CMSIS 5.7.0
2025-12-22 02:19:24,821 [INFO] ThirdParty:1030 - CMSIS Pack Vendor :STMicroelectronics X-CUBE-MEMS1 11.0.0
2025-12-22 02:19:24,821 [INFO] ThirdParty:1030 - CMSIS Pack Vendor :STMicroelectronics FreeRTOS 0.0.1
2025-12-22 02:19:24,821 [INFO] ThirdParty:1030 - CMSIS Pack Vendor :STMicroelectronics X-CUBE-DPower 1.2.0
2025-12-22 02:19:24,821 [INFO] ThirdParty:1030 - CMSIS Pack Vendor :STMicroelectronics FP-SNS-FLIGHT1 5.0.2
2025-12-22 02:19:24,821 [INFO] ThirdParty:1030 - CMSIS Pack Vendor :STMicroelectronics PDM2PCM 3.3.0
2025-12-22 02:19:24,821 [INFO] ThirdParty:1030 - CMSIS Pack Vendor :STMicroelectronics X-CUBE-AZRTOS-H7 3.4.0
2025-12-22 02:19:24,821 [INFO] ThirdParty:1030 - CMSIS Pack Vendor :STMicroelectronics X-CUBE-DISPLAY 3.0.0
2025-12-22 02:19:24,821 [INFO] ThirdParty:1030 - CMSIS Pack Vendor :STMicroelectronics X-CUBE-BLE1 7.0.0
2025-12-22 02:19:24,823 [INFO] ThirdParty:1030 - CMSIS Pack Vendor :STMicroelectronics X-CUBE-NFC10 1.0.0
2025-12-22 02:19:24,823 [INFO] ThirdParty:1030 - CMSIS Pack Vendor :STMicroelectronics X-CUBE-BLEMGR 4.0.0
2025-12-22 02:19:24,823 [INFO] ThirdParty:1030 - CMSIS Pack Vendor :STMicroelectronics X-CUBE-FREERTOS 1.3.1
2025-12-22 02:19:24,823 [INFO] ThirdParty:1030 - CMSIS Pack Vendor :STMicroelectronics HAL Drivers 0.0.0
2025-12-22 02:19:24,823 [INFO] ThirdParty:1030 - CMSIS Pack Vendor :STMicroelectronics X-CUBE-ST60 1.1.0
2025-12-22 02:19:24,823 [INFO] ThirdParty:1030 - CMSIS Pack Vendor :emotas I-CUBE-CANOPEN 1.3.0
2025-12-22 02:19:24,823 [INFO] ThirdParty:1030 - CMSIS Pack Vendor :STMicroelectronics X-CUBE-FREERTOS 1.3.0
2025-12-22 02:19:24,823 [INFO] ThirdParty:1030 - CMSIS Pack Vendor :STMicroelectronics X-CUBE-NFC7 1.0.1
2025-12-22 02:19:24,823 [INFO] ThirdParty:1030 - CMSIS Pack Vendor :STMicroelectronics MBEDTLS 2.14.1
2025-12-22 02:19:24,823 [INFO] ThirdParty:1030 - CMSIS Pack Vendor :STMicroelectronics X-CUBE-GNSS1 7.1.0
2025-12-22 02:19:24,823 [INFO] ThirdParty:1030 - CMSIS Pack Vendor :STMicroelectronics X-CUBE-TOUCHGFX 4.26.0
2025-12-22 02:19:24,823 [INFO] ThirdParty:1030 - CMSIS Pack Vendor :STMicroelectronics X-CUBE-BLEMGR 3.1.0
2025-12-22 02:19:24,823 [INFO] ThirdParty:1030 - CMSIS Pack Vendor :STMicroelectronics X-CUBE-AI 10.0.0
2025-12-22 02:19:24,823 [INFO] ThirdParty:1030 - CMSIS Pack Vendor :STMicroelectronics FP-SNS-STAIOTCFT 1.0.0
2025-12-22 02:19:24,823 [INFO] ThirdParty:1030 - CMSIS Pack Vendor :STMicroelectronics FP-SNS-SMARTAG2 1.2.0
2025-12-22 02:19:24,823 [INFO] ThirdParty:1030 - CMSIS Pack Vendor :STMicroelectronics FP-SNS-FLIGHT1 5.1.0
2025-12-22 02:19:24,823 [INFO] ThirdParty:1030 - CMSIS Pack Vendor :STMicroelectronics X-CUBE-MEMS1 11.1.0
2025-12-22 02:19:24,823 [INFO] ThirdParty:1030 - CMSIS Pack Vendor :STMicroelectronics X-CUBE-AZRTOS-WL 2.0.0
2025-12-22 02:19:24,823 [INFO] ThirdParty:1030 - CMSIS Pack Vendor :STMicroelectronics X-CUBE-DPower 1.3.0
2025-12-22 02:19:24,823 [INFO] ThirdParty:1030 - CMSIS Pack Vendor :STMicroelectronics FP-SNS-MOTENV1 5.0.0
2025-12-22 02:19:24,823 [INFO] ThirdParty:1030 - CMSIS Pack Vendor :STMicroelectronics USB_DEVICE 1.0.0
2025-12-22 02:19:24,823 [INFO] ThirdParty:1030 - CMSIS Pack Vendor :STMicroelectronics X-CUBE-AZRTOS-H7RS 1.2.0
2025-12-22 02:19:24,823 [INFO] ThirdParty:1030 - CMSIS Pack Vendor :wolfSSL I-CUBE-wolfMQTT 1.19.0
2025-12-22 02:19:24,823 [INFO] ThirdParty:1030 - CMSIS Pack Vendor :STMicroelectronics X-CUBE-AZRTOS-L4 2.0.0
2025-12-22 02:19:24,823 [INFO] ThirdParty:1030 - CMSIS Pack Vendor :STMicroelectronics ThreadX 0.0.2
2025-12-22 02:19:24,823 [INFO] ThirdParty:1030 - CMSIS Pack Vendor :WES I-CUBE-Cesium 1.3.0
2025-12-22 02:19:24,824 [INFO] ThirdParty:1030 - CMSIS Pack Vendor :STMicroelectronics lwIP 2.1.2
2025-12-22 02:19:24,824 [INFO] ThirdParty:1030 - CMSIS Pack Vendor :STMicroelectronics X-CUBE-SFXS2LP1 4.0.0
2025-12-22 02:19:24,824 [INFO] ThirdParty:1030 - CMSIS Pack Vendor :STMicroelectronics X-CUBE-BLE2 3.3.0
2025-12-22 02:19:24,824 [INFO] ThirdParty:1030 - CMSIS Pack Vendor :Avnet-IOTCONNECT X-CUBE-iotc-st67-sdk 1.0.0
2025-12-22 02:19:24,824 [INFO] ThirdParty:1030 - CMSIS Pack Vendor :STMicroelectronics PDM2PCM 3.2.0
2025-12-22 02:19:24,824 [INFO] ThirdParty:1030 - CMSIS Pack Vendor :STMicroelectronics X-CUBE-AZRTOS-H7 3.3.0
2025-12-22 02:19:24,824 [INFO] ThirdParty:1030 - CMSIS Pack Vendor :STMicroelectronics X-CUBE-NFC9 1.0.0
2025-12-22 02:19:24,824 [INFO] ThirdParty:1030 - CMSIS Pack Vendor :STMicroelectronics X-CUBE-BLE1 7.1.0
2025-12-22 02:19:24,824 [INFO] ThirdParty:1030 - CMSIS Pack Vendor :STMicroelectronics USB_DEVICE 3.0.0
2025-12-22 02:19:24,824 [INFO] ThirdParty:1030 - CMSIS Pack Vendor :STMicroelectronics X-CUBE-TCPP 4.1.0
2025-12-22 02:19:24,824 [INFO] ThirdParty:1030 - CMSIS Pack Vendor :STMicroelectronics X-CUBE-EEPRMA1 5.2.0
2025-12-22 02:19:24,824 [INFO] ThirdParty:1030 - CMSIS Pack Vendor :STMicroelectronics X-CUBE-BLEMGR 4.1.0
2025-12-22 02:19:24,824 [INFO] ThirdParty:1030 - CMSIS Pack Vendor :STMicroelectronics X-CUBE-IPS 3.0.0
2025-12-22 02:19:24,824 [INFO] ThirdParty:1030 - CMSIS Pack Vendor :STMicroelectronics X-CUBE-AZRTOS-WB 2.0.0
2025-12-22 02:19:24,824 [INFO] ThirdParty:1030 - CMSIS Pack Vendor :STMicroelectronics X-CUBE-GNSS1 7.0.0
2025-12-22 02:19:24,824 [INFO] ThirdParty:1030 - CMSIS Pack Vendor :STMicroelectronics X-CUBE-GNSS1 7.0.1
2025-12-22 02:19:24,824 [INFO] ThirdParty:1030 - CMSIS Pack Vendor :STMicroelectronics X-CUBE-TOUCHGFX 4.25.0
2025-12-22 02:19:24,824 [INFO] ThirdParty:1030 - CMSIS Pack Vendor :STMicroelectronics FP-SNS-STBOX1 2.0.0
2025-12-22 02:19:24,824 [INFO] ThirdParty:1030 - CMSIS Pack Vendor :STMicroelectronics X-CUBE-MEMS1 12.0.0
2025-12-22 02:19:24,824 [INFO] ThirdParty:1030 - CMSIS Pack Vendor :STMicroelectronics X-CUBE-AZRTOS-G0 1.1.0
2025-12-22 02:19:24,824 [INFO] ThirdParty:1030 - CMSIS Pack Vendor :STMicroelectronics X-CUBE-SAFEA1 1.2.2
2025-12-22 02:19:24,824 [INFO] ThirdParty:1030 - CMSIS Pack Vendor :STMicroelectronics X-CUBE-NFC4 3.0.0
2025-12-22 02:19:24,824 [INFO] ThirdParty:1030 - CMSIS Pack Vendor :STMicroelectronics X-CUBE-SUBG2 5.0.0
2025-12-22 02:19:24,824 [INFO] ThirdParty:1030 - CMSIS Pack Vendor :STMicroelectronics X-CUBE-AZRTOS-H7RS 1.1.0
2025-12-22 02:19:24,824 [INFO] ThirdParty:1030 - CMSIS Pack Vendor :STMicroelectronics STM32_WPAN 1.0.0
2025-12-22 02:19:24,824 [INFO] ThirdParty:1030 - CMSIS Pack Vendor :EmbeddedOffice I-CUBE-FS-RTOS 1.0.1
2025-12-22 02:19:24,824 [INFO] ThirdParty:1030 - CMSIS Pack Vendor :STMicroelectronics lwIP 2.0.3
2025-12-22 02:19:24,825 [INFO] ThirdParty:1030 - CMSIS Pack Vendor :Cesanta I-CUBE-Mongoose 7.13.0
2025-12-22 02:19:24,825 [INFO] ThirdParty:1030 - CMSIS Pack Vendor :STMicroelectronics USB_HOST 1.0.0
2025-12-22 02:19:24,825 [INFO] ThirdParty:1030 - CMSIS Pack Vendor :STMicroelectronics X-CUBE-AZRTOS-G4 2.0.0
2025-12-22 02:19:24,825 [INFO] ThirdParty:1030 - CMSIS Pack Vendor :STMicroelectronics X-CUBE-WB05N 2.0.0
2025-12-22 02:19:24,825 [INFO] ThirdParty:1030 - CMSIS Pack Vendor :STMicroelectronics PDM2PCM 3.1.0
2025-12-22 02:19:24,825 [INFO] ThirdParty:1030 - CMSIS Pack Vendor :STMicroelectronics X-CUBE-NFC7 2.0.0
2025-12-22 02:19:24,825 [INFO] ThirdParty:1030 - CMSIS Pack Vendor :STMicroelectronics X-CUBE-TCPP 4.2.0
2025-12-22 02:19:24,825 [INFO] ThirdParty:1030 - CMSIS Pack Vendor :RealThread X-CUBE-RT-Thread_Nano 4.1.1
2025-12-22 02:19:24,825 [INFO] ThirdParty:1030 - CMSIS Pack Vendor :STMicroelectronics FP-ATR-SIGFOX1 3.2.0
2025-12-22 02:19:24,825 [INFO] ThirdParty:1030 - CMSIS Pack Vendor :wolfSSL I-CUBE-wolfSSL 5.7.2
2025-12-22 02:19:24,830 [INFO] ThirdParty:1030 - CMSIS Pack Vendor :quantropi X-CUBE-qispace-sdk-base 1.9.3
2025-12-22 02:19:24,830 [INFO] ThirdParty:1030 - CMSIS Pack Vendor :STMicroelectronics X-CUBE-EEPRMA1 5.1.0
2025-12-22 02:19:24,831 [INFO] ThirdParty:1030 - CMSIS Pack Vendor :STMicroelectronics MBEDTLS 2.16.2
2025-12-22 02:19:24,831 [INFO] ThirdParty:1030 - CMSIS Pack Vendor :STMicroelectronics X-CUBE-IPS 3.1.0
2025-12-22 02:19:24,831 [INFO] ThirdParty:1030 - CMSIS Pack Vendor :STMicroelectronics X-CUBE-ALS 1.0.2
2025-12-22 02:19:24,831 [INFO] ThirdParty:1030 - CMSIS Pack Vendor :ITTIA_DB I-CUBE-ITTIADB 8.9.0
2025-12-22 02:19:24,831 [INFO] ThirdParty:1030 - CMSIS Pack Vendor :STMicroelectronics X-CUBE-TOUCHGFX 4.24.1
2025-12-22 02:19:24,831 [INFO] ThirdParty:1030 - CMSIS Pack Vendor :STMicroelectronics X-CUBE-STSE01 1.0.0
2025-12-22 02:19:24,831 [INFO] ThirdParty:1030 - CMSIS Pack Vendor :wolfSSL I-CUBE-wolfTPM 3.4.0
2025-12-22 02:19:24,831 [INFO] ThirdParty:1030 - CMSIS Pack Vendor :portGmbH I-Cube-SoM-uGOAL 1.1.0
2025-12-22 02:19:24,831 [INFO] ThirdParty:1030 - CMSIS Pack Vendor :STMicroelectronics X-CUBE-ST67W61 1.0.0
2025-12-22 02:19:24,831 [INFO] ThirdParty:1030 - CMSIS Pack Vendor :STMicroelectronics X-CUBE-AI 10.2.0
2025-12-22 02:19:24,831 [INFO] ThirdParty:1030 - CMSIS Pack Vendor :STMicroelectronics ThreadX 1.0.0
2025-12-22 02:19:24,831 [INFO] ThirdParty:1030 - CMSIS Pack Vendor :SEGGER I-CUBE-embOS 1.3.1
2025-12-22 02:19:24,831 [INFO] ThirdParty:1030 - CMSIS Pack Vendor :STMicroelectronics X-CUBE-ALGOBUILD 1.4.0
2025-12-22 02:19:24,831 [INFO] ThirdParty:1030 - CMSIS Pack Vendor :STMicroelectronics X-CUBE-MEMS1 11.3.0
2025-12-22 02:19:24,831 [INFO] ThirdParty:1030 - CMSIS Pack Vendor :STMicroelectronics X-CUBE-AZRTOS-H7RS 1.0.0
2025-12-22 02:19:24,831 [INFO] ThirdParty:1030 - CMSIS Pack Vendor :STMicroelectronics FP-ATR-ASTRA1 2.0.0
2025-12-22 02:19:24,831 [INFO] ThirdParty:1030 - CMSIS Pack Vendor :STMicroelectronics X-CUBE-TOF1 3.4.2
2025-12-22 02:19:24,831 [INFO] ThirdParty:1030 - CMSIS Pack Vendor :STMicroelectronics X-CUBE-TOF1 3.4.3
2025-12-22 02:19:24,831 [INFO] ThirdParty:1030 - CMSIS Pack Vendor :STMicroelectronics X-CUBE-AI 9.1.0
2025-12-22 02:19:24,831 [INFO] ThirdParty:1030 - CMSIS Pack Vendor :Infineon AIROC-Wi-Fi-Bluetooth-STM32 1.6.1
2025-12-22 02:19:24,831 [INFO] ThirdParty:1030 - CMSIS Pack Vendor :wolfSSL I-CUBE-wolfSSH 1.4.17
2025-12-22 02:19:24,833 [INFO] ThirdParty:841 - exiting critical section [change project]
2025-12-22 02:19:25,297 [INFO] PinOutPanel:1589 - setPackage(No Configuration,No Configuration)
2025-12-22 02:19:25,298 [INFO] PinOutPanel:1589 - setPackage(STM32H743IITx,LQFP176)
2025-12-22 02:19:25,755 [INFO] UtilMem:75 - Before build in PCC Used Memory: 959308224 Bytes (1073741824)
2025-12-22 02:19:26,112 [INFO] UtilMem:75 - After build in PCC Used Memory: 1020647872 Bytes (1073741824)
2025-12-22 02:19:26,153 [INFO] IPUIPlugin:80 - create IPUIPlugin
2025-12-22 02:19:26,154 [INFO] IPUIPlugin:80 - create IPUIPlugin
2025-12-22 02:19:26,154 [INFO] IPUIPlugin:80 - create IPUIPlugin
2025-12-22 02:19:26,154 [INFO] IPUIPlugin:80 - create IPUIPlugin
2025-12-22 02:19:26,154 [INFO] IPUIPlugin:80 - create IPUIPlugin
2025-12-22 02:19:26,154 [INFO] IPUIPlugin:80 - create IPUIPlugin
2025-12-22 02:19:26,154 [INFO] IPUIPlugin:80 - create IPUIPlugin
2025-12-22 02:19:26,154 [INFO] IPUIPlugin:80 - create IPUIPlugin
2025-12-22 02:19:26,154 [INFO] IPUIPlugin:80 - create IPUIPlugin
2025-12-22 02:19:26,155 [INFO] IPUIPlugin:80 - create IPUIPlugin
2025-12-22 02:19:26,155 [INFO] IPUIPlugin:80 - create IPUIPlugin
2025-12-22 02:19:26,155 [INFO] IPUIPlugin:80 - create IPUIPlugin
2025-12-22 02:19:26,155 [INFO] IPUIPlugin:80 - create IPUIPlugin
2025-12-22 02:19:26,155 [INFO] IPUIPlugin:80 - create IPUIPlugin
2025-12-22 02:19:26,155 [INFO] IPUIPlugin:80 - create IPUIPlugin
2025-12-22 02:19:26,156 [INFO] IPUIPlugin:80 - create IPUIPlugin
2025-12-22 02:19:26,156 [INFO] IPUIPlugin:80 - create IPUIPlugin
2025-12-22 02:19:26,156 [INFO] IPUIPlugin:80 - create IPUIPlugin
2025-12-22 02:19:26,156 [INFO] IPUIPlugin:80 - create IPUIPlugin
2025-12-22 02:19:26,156 [INFO] IPUIPlugin:80 - create IPUIPlugin
2025-12-22 02:19:26,157 [INFO] IPUIPlugin:80 - create IPUIPlugin
2025-12-22 02:19:26,157 [INFO] IPUIPlugin:80 - create IPUIPlugin
2025-12-22 02:19:26,157 [INFO] IPUIPlugin:80 - create IPUIPlugin
2025-12-22 02:19:26,157 [INFO] IPUIPlugin:80 - create IPUIPlugin
2025-12-22 02:19:26,157 [INFO] IPUIPlugin:80 - create IPUIPlugin
2025-12-22 02:19:26,157 [INFO] IPUIPlugin:80 - create IPUIPlugin
2025-12-22 02:19:26,158 [INFO] IPUIPlugin:80 - create IPUIPlugin
2025-12-22 02:19:26,158 [INFO] IPUIPlugin:80 - create IPUIPlugin
2025-12-22 02:19:26,158 [INFO] IPUIPlugin:80 - create IPUIPlugin
2025-12-22 02:19:26,158 [INFO] IPUIPlugin:80 - create IPUIPlugin
2025-12-22 02:19:26,158 [INFO] IPUIPlugin:80 - create IPUIPlugin
2025-12-22 02:19:26,158 [INFO] IPUIPlugin:80 - create IPUIPlugin
2025-12-22 02:19:26,160 [INFO] IPUIPlugin:80 - create IPUIPlugin
2025-12-22 02:19:26,160 [INFO] IPUIPlugin:80 - create IPUIPlugin
2025-12-22 02:19:26,160 [INFO] IPUIPlugin:80 - create IPUIPlugin
2025-12-22 02:19:26,161 [INFO] IPUIPlugin:80 - create IPUIPlugin
2025-12-22 02:19:26,161 [INFO] IPUIPlugin:80 - create IPUIPlugin
2025-12-22 02:19:26,161 [INFO] IPUIPlugin:80 - create IPUIPlugin
2025-12-22 02:19:26,162 [INFO] IPUIPlugin:80 - create IPUIPlugin
2025-12-22 02:19:26,162 [INFO] IPUIPlugin:80 - create IPUIPlugin
2025-12-22 02:19:26,162 [INFO] IPUIPlugin:80 - create IPUIPlugin
2025-12-22 02:19:26,163 [INFO] IPUIPlugin:80 - create IPUIPlugin
2025-12-22 02:19:26,163 [INFO] IPUIPlugin:80 - create IPUIPlugin
2025-12-22 02:19:26,163 [INFO] IPUIPlugin:80 - create IPUIPlugin
2025-12-22 02:19:26,163 [INFO] IPUIPlugin:80 - create IPUIPlugin
2025-12-22 02:19:26,164 [INFO] IPUIPlugin:80 - create IPUIPlugin
2025-12-22 02:19:26,164 [INFO] IPUIPlugin:80 - create IPUIPlugin
2025-12-22 02:19:26,164 [INFO] IPUIPlugin:80 - create IPUIPlugin
2025-12-22 02:19:26,164 [INFO] IPUIPlugin:80 - create IPUIPlugin
2025-12-22 02:19:26,164 [INFO] IPUIPlugin:80 - create IPUIPlugin
2025-12-22 02:19:26,164 [INFO] IPUIPlugin:80 - create IPUIPlugin
2025-12-22 02:19:26,165 [INFO] IPUIPlugin:80 - create IPUIPlugin
2025-12-22 02:19:26,165 [INFO] IPUIPlugin:80 - create IPUIPlugin
2025-12-22 02:19:26,165 [INFO] IPUIPlugin:80 - create IPUIPlugin
2025-12-22 02:19:26,165 [INFO] IPUIPlugin:80 - create IPUIPlugin
2025-12-22 02:19:26,166 [INFO] IPUIPlugin:80 - create IPUIPlugin
2025-12-22 02:19:26,166 [INFO] IPUIPlugin:80 - create IPUIPlugin
2025-12-22 02:19:26,166 [INFO] IPUIPlugin:80 - create IPUIPlugin
2025-12-22 02:19:26,166 [INFO] IPUIPlugin:80 - create IPUIPlugin
2025-12-22 02:19:26,167 [INFO] IPUIPlugin:80 - create IPUIPlugin
2025-12-22 02:19:26,167 [INFO] IPUIPlugin:80 - create IPUIPlugin
2025-12-22 02:19:26,167 [INFO] IPUIPlugin:80 - create IPUIPlugin
2025-12-22 02:19:26,168 [INFO] IPUIPlugin:80 - create IPUIPlugin
2025-12-22 02:19:26,168 [INFO] IPUIPlugin:80 - create IPUIPlugin
2025-12-22 02:19:26,168 [INFO] IPUIPlugin:80 - create IPUIPlugin
2025-12-22 02:19:26,169 [INFO] IPUIPlugin:80 - create IPUIPlugin
2025-12-22 02:19:26,169 [INFO] IPUIPlugin:80 - create IPUIPlugin
2025-12-22 02:19:26,169 [INFO] IPUIPlugin:80 - create IPUIPlugin
2025-12-22 02:19:26,170 [INFO] IPUIPlugin:80 - create IPUIPlugin
2025-12-22 02:19:26,170 [INFO] IPUIPlugin:80 - create IPUIPlugin
2025-12-22 02:19:26,170 [INFO] IPUIPlugin:80 - create IPUIPlugin
2025-12-22 02:19:26,171 [INFO] IPUIPlugin:80 - create IPUIPlugin
2025-12-22 02:19:26,171 [INFO] IPUIPlugin:80 - create IPUIPlugin
2025-12-22 02:19:26,171 [INFO] IPUIPlugin:80 - create IPUIPlugin
2025-12-22 02:19:26,171 [INFO] IPUIPlugin:80 - create IPUIPlugin
2025-12-22 02:19:26,171 [INFO] IPUIPlugin:80 - create IPUIPlugin
2025-12-22 02:19:26,171 [INFO] IPUIPlugin:80 - create IPUIPlugin
2025-12-22 02:19:26,173 [INFO] IPUIPlugin:80 - create IPUIPlugin
2025-12-22 02:19:26,173 [INFO] IPUIPlugin:80 - create IPUIPlugin
2025-12-22 02:19:26,174 [INFO] IPUIPlugin:80 - create IPUIPlugin
2025-12-22 02:19:26,174 [INFO] IPUIPlugin:80 - create IPUIPlugin
2025-12-22 02:19:26,174 [INFO] IPUIPlugin:80 - create IPUIPlugin
2025-12-22 02:19:26,174 [INFO] IPUIPlugin:80 - create IPUIPlugin
2025-12-22 02:19:26,174 [INFO] IPUIPlugin:80 - create IPUIPlugin
2025-12-22 02:19:26,175 [INFO] IPUIPlugin:80 - create IPUIPlugin
2025-12-22 02:19:26,175 [INFO] IPUIPlugin:80 - create IPUIPlugin
2025-12-22 02:19:26,175 [INFO] IPUIPlugin:80 - create IPUIPlugin
2025-12-22 02:19:26,175 [INFO] IPUIPlugin:80 - create IPUIPlugin
2025-12-22 02:19:26,176 [INFO] IPUIPlugin:80 - create IPUIPlugin
2025-12-22 02:19:26,176 [INFO] IPUIPlugin:80 - create IPUIPlugin
2025-12-22 02:19:26,177 [INFO] IPUIPlugin:80 - create IPUIPlugin
2025-12-22 02:19:26,177 [INFO] IPUIPlugin:80 - create IPUIPlugin
2025-12-22 02:19:26,177 [INFO] IPUIPlugin:80 - create IPUIPlugin
2025-12-22 02:19:26,178 [INFO] IPUIPlugin:80 - create IPUIPlugin
2025-12-22 02:19:26,178 [INFO] IPUIPlugin:80 - create IPUIPlugin
2025-12-22 02:19:26,178 [INFO] IPUIPlugin:80 - create IPUIPlugin
2025-12-22 02:19:26,179 [INFO] IPUIPlugin:80 - create IPUIPlugin
2025-12-22 02:19:26,179 [INFO] IPUIPlugin:80 - create IPUIPlugin
2025-12-22 02:19:26,184 [INFO] ApiDbMcu:508 - Load IP Config File for PDM2PCM
2025-12-22 02:19:26,186 [WARN] IP:2251 - ClockDivider not found: check if there is a RefParameter without a condition.
2025-12-22 02:19:26,186 [WARN] IP:2251 - ClockDividerCCU not found: check if there is a RefParameter without a condition.
2025-12-22 02:19:26,186 [WARN] IP:2251 - MinOscClkPeriodsCCU not found: check if there is a RefParameter without a condition.
2025-12-22 02:19:26,186 [WARN] IP:2251 - TimeQuantaPerBitTimeCCU not found: check if there is a RefParameter without a condition.
2025-12-22 02:19:26,186 [WARN] IP:2251 - WatchdogStartValueCCU not found: check if there is a RefParameter without a condition.
2025-12-22 02:19:26,194 [INFO] LogOutputStream:77 - [STDOUT_REDIRECT] Nominal 
2025-12-22 02:19:26,194 [INFO] Can:71 - Can Add PropertyChangeListener com.st.microxplorer.plugins.ip.can.Can@2a87ddb7
2025-12-22 02:19:26,257 [INFO] CADModel:165 - CPN selected for project levelSTM32H743IIT6
2025-12-22 02:19:26,257 [INFO] CADModel:114 - Register for checkConnection events
2025-12-22 02:19:26,319 [INFO] OpenFileManager:363 - Restore cursor
2025-12-22 02:19:26,614 [WARN] IP:2251 - ClockDivider not found: check if there is a RefParameter without a condition.
2025-12-22 02:19:26,614 [WARN] IP:2251 - ClockDividerCCU not found: check if there is a RefParameter without a condition.
2025-12-22 02:19:26,614 [WARN] IP:2251 - MinOscClkPeriodsCCU not found: check if there is a RefParameter without a condition.
2025-12-22 02:19:26,614 [WARN] IP:2251 - TimeQuantaPerBitTimeCCU not found: check if there is a RefParameter without a condition.
2025-12-22 02:19:26,614 [WARN] IP:2251 - WatchdogStartValueCCU not found: check if there is a RefParameter without a condition.
2025-12-22 02:33:43,904 [INFO] LogOutputStream:77 - [STDOUT_REDIRECT] Nominal 
2025-12-22 02:34:59,352 [WARN] IP:2251 - ClockDivider not found: check if there is a RefParameter without a condition.
2025-12-22 02:34:59,352 [WARN] IP:2251 - ClockDividerCCU not found: check if there is a RefParameter without a condition.
2025-12-22 02:34:59,352 [WARN] IP:2251 - MinOscClkPeriodsCCU not found: check if there is a RefParameter without a condition.
2025-12-22 02:34:59,352 [WARN] IP:2251 - TimeQuantaPerBitTimeCCU not found: check if there is a RefParameter without a condition.
2025-12-22 02:34:59,352 [WARN] IP:2251 - WatchdogStartValueCCU not found: check if there is a RefParameter without a condition.
2025-12-22 02:34:59,402 [INFO] NvicIntPanel:101 - NVIC parent = com.st.microxplorer.plugins.ip.nvic.MultiNvicIntPanel[,0,0,0x0,invalid,layout=javax.swing.BoxLayout,alignmentX=0.0,alignmentY=0.0,border=,flags=9,maximumSize=,minimumSize=,preferredSize=]
2025-12-22 02:35:07,722 [WARN] IP:2251 - ClockDivider not found: check if there is a RefParameter without a condition.
2025-12-22 02:35:07,722 [WARN] IP:2251 - ClockDividerCCU not found: check if there is a RefParameter without a condition.
2025-12-22 02:35:07,722 [WARN] IP:2251 - MinOscClkPeriodsCCU not found: check if there is a RefParameter without a condition.
2025-12-22 02:35:07,722 [WARN] IP:2251 - TimeQuantaPerBitTimeCCU not found: check if there is a RefParameter without a condition.
2025-12-22 02:35:07,723 [WARN] IP:2251 - WatchdogStartValueCCU not found: check if there is a RefParameter without a condition.
2025-12-22 02:35:07,762 [INFO] NvicIntPanel:101 - NVIC parent = com.st.microxplorer.plugins.ip.nvic.MultiNvicIntPanel[,0,0,0x0,invalid,layout=javax.swing.BoxLayout,alignmentX=0.0,alignmentY=0.0,border=,flags=9,maximumSize=,minimumSize=,preferredSize=]
2025-12-22 02:35:13,071 [WARN] IP:2251 - ClockDivider not found: check if there is a RefParameter without a condition.
2025-12-22 02:35:13,072 [WARN] IP:2251 - ClockDividerCCU not found: check if there is a RefParameter without a condition.
2025-12-22 02:35:13,072 [WARN] IP:2251 - MinOscClkPeriodsCCU not found: check if there is a RefParameter without a condition.
2025-12-22 02:35:13,072 [WARN] IP:2251 - TimeQuantaPerBitTimeCCU not found: check if there is a RefParameter without a condition.
2025-12-22 02:35:13,072 [WARN] IP:2251 - WatchdogStartValueCCU not found: check if there is a RefParameter without a condition.
2025-12-22 02:35:13,110 [INFO] NvicIntPanel:101 - NVIC parent = com.st.microxplorer.plugins.ip.nvic.MultiNvicIntPanel[,0,0,0x0,invalid,layout=javax.swing.BoxLayout,alignmentX=0.0,alignmentY=0.0,border=,flags=9,maximumSize=,minimumSize=,preferredSize=]
2025-12-22 02:35:17,210 [WARN] IP:2251 - ClockDivider not found: check if there is a RefParameter without a condition.
2025-12-22 02:35:17,211 [WARN] IP:2251 - ClockDividerCCU not found: check if there is a RefParameter without a condition.
2025-12-22 02:35:17,211 [WARN] IP:2251 - MinOscClkPeriodsCCU not found: check if there is a RefParameter without a condition.
2025-12-22 02:35:17,211 [WARN] IP:2251 - TimeQuantaPerBitTimeCCU not found: check if there is a RefParameter without a condition.
2025-12-22 02:35:17,211 [WARN] IP:2251 - WatchdogStartValueCCU not found: check if there is a RefParameter without a condition.
2025-12-22 02:35:17,241 [INFO] NvicIntPanel:101 - NVIC parent = com.st.microxplorer.plugins.ip.nvic.MultiNvicIntPanel[,0,0,0x0,invalid,layout=javax.swing.BoxLayout,alignmentX=0.0,alignmentY=0.0,border=,flags=9,maximumSize=,minimumSize=,preferredSize=]
2025-12-22 02:35:25,827 [WARN] IP:2251 - ClockDivider not found: check if there is a RefParameter without a condition.
2025-12-22 02:35:25,827 [WARN] IP:2251 - ClockDividerCCU not found: check if there is a RefParameter without a condition.
2025-12-22 02:35:25,828 [WARN] IP:2251 - MinOscClkPeriodsCCU not found: check if there is a RefParameter without a condition.
2025-12-22 02:35:25,828 [WARN] IP:2251 - TimeQuantaPerBitTimeCCU not found: check if there is a RefParameter without a condition.
2025-12-22 02:35:25,828 [WARN] IP:2251 - WatchdogStartValueCCU not found: check if there is a RefParameter without a condition.
2025-12-22 02:35:25,858 [INFO] NvicIntPanel:101 - NVIC parent = com.st.microxplorer.plugins.ip.nvic.MultiNvicIntPanel[,0,0,0x0,invalid,layout=javax.swing.BoxLayout,alignmentX=0.0,alignmentY=0.0,border=,flags=9,maximumSize=,minimumSize=,preferredSize=]
2025-12-22 02:35:30,756 [WARN] IP:2251 - ClockDivider not found: check if there is a RefParameter without a condition.
2025-12-22 02:35:30,757 [WARN] IP:2251 - ClockDividerCCU not found: check if there is a RefParameter without a condition.
2025-12-22 02:35:30,757 [WARN] IP:2251 - MinOscClkPeriodsCCU not found: check if there is a RefParameter without a condition.
2025-12-22 02:35:30,757 [WARN] IP:2251 - TimeQuantaPerBitTimeCCU not found: check if there is a RefParameter without a condition.
2025-12-22 02:35:30,757 [WARN] IP:2251 - WatchdogStartValueCCU not found: check if there is a RefParameter without a condition.
2025-12-22 02:35:30,786 [INFO] NvicIntPanel:101 - NVIC parent = com.st.microxplorer.plugins.ip.nvic.MultiNvicIntPanel[,0,0,0x0,invalid,layout=javax.swing.BoxLayout,alignmentX=0.0,alignmentY=0.0,border=,flags=9,maximumSize=,minimumSize=,preferredSize=]
2025-12-22 02:35:34,013 [WARN] IP:2251 - ClockDivider not found: check if there is a RefParameter without a condition.
2025-12-22 02:35:34,013 [WARN] IP:2251 - ClockDividerCCU not found: check if there is a RefParameter without a condition.
2025-12-22 02:35:34,013 [WARN] IP:2251 - MinOscClkPeriodsCCU not found: check if there is a RefParameter without a condition.
2025-12-22 02:35:34,013 [WARN] IP:2251 - TimeQuantaPerBitTimeCCU not found: check if there is a RefParameter without a condition.
2025-12-22 02:35:34,013 [WARN] IP:2251 - WatchdogStartValueCCU not found: check if there is a RefParameter without a condition.
2025-12-22 02:35:34,042 [INFO] NvicIntPanel:101 - NVIC parent = com.st.microxplorer.plugins.ip.nvic.MultiNvicIntPanel[,0,0,0x0,invalid,layout=javax.swing.BoxLayout,alignmentX=0.0,alignmentY=0.0,border=,flags=9,maximumSize=,minimumSize=,preferredSize=]
2025-12-22 02:36:49,023 [WARN] IP:2251 - ClockDivider not found: check if there is a RefParameter without a condition.
2025-12-22 02:36:49,023 [WARN] IP:2251 - ClockDividerCCU not found: check if there is a RefParameter without a condition.
2025-12-22 02:36:49,023 [WARN] IP:2251 - MinOscClkPeriodsCCU not found: check if there is a RefParameter without a condition.
2025-12-22 02:36:49,023 [WARN] IP:2251 - TimeQuantaPerBitTimeCCU not found: check if there is a RefParameter without a condition.
2025-12-22 02:36:49,023 [WARN] IP:2251 - WatchdogStartValueCCU not found: check if there is a RefParameter without a condition.
2025-12-22 02:36:49,075 [INFO] NvicIntPanel:101 - NVIC parent = com.st.microxplorer.plugins.ip.nvic.MultiNvicIntPanel[,0,0,0x0,invalid,layout=javax.swing.BoxLayout,alignmentX=0.0,alignmentY=0.0,border=,flags=9,maximumSize=,minimumSize=,preferredSize=]
2025-12-22 02:36:52,754 [WARN] IP:2251 - ClockDivider not found: check if there is a RefParameter without a condition.
2025-12-22 02:36:52,754 [WARN] IP:2251 - ClockDividerCCU not found: check if there is a RefParameter without a condition.
2025-12-22 02:36:52,754 [WARN] IP:2251 - MinOscClkPeriodsCCU not found: check if there is a RefParameter without a condition.
2025-12-22 02:36:52,755 [WARN] IP:2251 - TimeQuantaPerBitTimeCCU not found: check if there is a RefParameter without a condition.
2025-12-22 02:36:52,755 [WARN] IP:2251 - WatchdogStartValueCCU not found: check if there is a RefParameter without a condition.
2025-12-22 02:36:52,782 [INFO] NvicIntPanel:101 - NVIC parent = com.st.microxplorer.plugins.ip.nvic.MultiNvicIntPanel[,0,0,0x0,invalid,layout=javax.swing.BoxLayout,alignmentX=0.0,alignmentY=0.0,border=,flags=9,maximumSize=,minimumSize=,preferredSize=]
2025-12-22 02:36:54,884 [WARN] IP:2251 - ClockDivider not found: check if there is a RefParameter without a condition.
2025-12-22 02:36:54,885 [WARN] IP:2251 - ClockDividerCCU not found: check if there is a RefParameter without a condition.
2025-12-22 02:36:54,885 [WARN] IP:2251 - MinOscClkPeriodsCCU not found: check if there is a RefParameter without a condition.
2025-12-22 02:36:54,885 [WARN] IP:2251 - TimeQuantaPerBitTimeCCU not found: check if there is a RefParameter without a condition.
2025-12-22 02:36:54,885 [WARN] IP:2251 - WatchdogStartValueCCU not found: check if there is a RefParameter without a condition.
2025-12-22 02:36:54,911 [INFO] NvicIntPanel:101 - NVIC parent = com.st.microxplorer.plugins.ip.nvic.MultiNvicIntPanel[,0,0,0x0,invalid,layout=javax.swing.BoxLayout,alignmentX=0.0,alignmentY=0.0,border=,flags=9,maximumSize=,minimumSize=,preferredSize=]
2025-12-22 02:36:57,756 [WARN] IP:2251 - ClockDivider not found: check if there is a RefParameter without a condition.
2025-12-22 02:36:57,756 [WARN] IP:2251 - ClockDividerCCU not found: check if there is a RefParameter without a condition.
2025-12-22 02:36:57,756 [WARN] IP:2251 - MinOscClkPeriodsCCU not found: check if there is a RefParameter without a condition.
2025-12-22 02:36:57,756 [WARN] IP:2251 - TimeQuantaPerBitTimeCCU not found: check if there is a RefParameter without a condition.
2025-12-22 02:36:57,757 [WARN] IP:2251 - WatchdogStartValueCCU not found: check if there is a RefParameter without a condition.
2025-12-22 02:36:57,782 [INFO] NvicIntPanel:101 - NVIC parent = com.st.microxplorer.plugins.ip.nvic.MultiNvicIntPanel[,0,0,0x0,invalid,layout=javax.swing.BoxLayout,alignmentX=0.0,alignmentY=0.0,border=,flags=9,maximumSize=,minimumSize=,preferredSize=]
2025-12-22 02:37:43,433 [WARN] IP:2251 - ClockDivider not found: check if there is a RefParameter without a condition.
2025-12-22 02:37:43,434 [WARN] IP:2251 - ClockDividerCCU not found: check if there is a RefParameter without a condition.
2025-12-22 02:37:43,434 [WARN] IP:2251 - MinOscClkPeriodsCCU not found: check if there is a RefParameter without a condition.
2025-12-22 02:37:43,434 [WARN] IP:2251 - TimeQuantaPerBitTimeCCU not found: check if there is a RefParameter without a condition.
2025-12-22 02:37:43,434 [WARN] IP:2251 - WatchdogStartValueCCU not found: check if there is a RefParameter without a condition.
2025-12-22 02:37:43,460 [INFO] NvicIntPanel:101 - NVIC parent = com.st.microxplorer.plugins.ip.nvic.MultiNvicIntPanel[,0,0,0x0,invalid,layout=javax.swing.BoxLayout,alignmentX=0.0,alignmentY=0.0,border=,flags=9,maximumSize=,minimumSize=,preferredSize=]
2025-12-22 02:37:43,534 [WARN] IP:2251 - ClockDivider not found: check if there is a RefParameter without a condition.
2025-12-22 02:37:43,534 [WARN] IP:2251 - ClockDividerCCU not found: check if there is a RefParameter without a condition.
2025-12-22 02:37:43,534 [WARN] IP:2251 - MinOscClkPeriodsCCU not found: check if there is a RefParameter without a condition.
2025-12-22 02:37:43,535 [WARN] IP:2251 - TimeQuantaPerBitTimeCCU not found: check if there is a RefParameter without a condition.
2025-12-22 02:37:43,535 [WARN] IP:2251 - WatchdogStartValueCCU not found: check if there is a RefParameter without a condition.
2025-12-22 02:37:43,551 [INFO] NvicIntPanel:101 - NVIC parent = com.st.microxplorer.plugins.ip.nvic.MultiNvicIntPanel[,0,0,0x0,invalid,layout=javax.swing.BoxLayout,alignmentX=0.0,alignmentY=0.0,border=,flags=9,maximumSize=,minimumSize=,preferredSize=]
2025-12-22 02:37:48,473 [WARN] IP:2251 - ClockDivider not found: check if there is a RefParameter without a condition.
2025-12-22 02:37:48,473 [WARN] IP:2251 - ClockDividerCCU not found: check if there is a RefParameter without a condition.
2025-12-22 02:37:48,473 [WARN] IP:2251 - MinOscClkPeriodsCCU not found: check if there is a RefParameter without a condition.
2025-12-22 02:37:48,473 [WARN] IP:2251 - TimeQuantaPerBitTimeCCU not found: check if there is a RefParameter without a condition.
2025-12-22 02:37:48,473 [WARN] IP:2251 - WatchdogStartValueCCU not found: check if there is a RefParameter without a condition.
2025-12-22 02:37:48,500 [INFO] NvicIntPanel:101 - NVIC parent = com.st.microxplorer.plugins.ip.nvic.MultiNvicIntPanel[,0,0,0x0,invalid,layout=javax.swing.BoxLayout,alignmentX=0.0,alignmentY=0.0,border=,flags=9,maximumSize=,minimumSize=,preferredSize=]
2025-12-22 02:37:48,578 [WARN] IP:2251 - ClockDivider not found: check if there is a RefParameter without a condition.
2025-12-22 02:37:48,579 [WARN] IP:2251 - ClockDividerCCU not found: check if there is a RefParameter without a condition.
2025-12-22 02:37:48,579 [WARN] IP:2251 - MinOscClkPeriodsCCU not found: check if there is a RefParameter without a condition.
2025-12-22 02:37:48,579 [WARN] IP:2251 - TimeQuantaPerBitTimeCCU not found: check if there is a RefParameter without a condition.
2025-12-22 02:37:48,579 [WARN] IP:2251 - WatchdogStartValueCCU not found: check if there is a RefParameter without a condition.
2025-12-22 02:37:48,593 [INFO] NvicIntPanel:101 - NVIC parent = com.st.microxplorer.plugins.ip.nvic.MultiNvicIntPanel[,0,0,0x0,invalid,layout=javax.swing.BoxLayout,alignmentX=0.0,alignmentY=0.0,border=,flags=9,maximumSize=,minimumSize=,preferredSize=]
2025-12-22 02:37:52,327 [WARN] IP:2251 - ClockDivider not found: check if there is a RefParameter without a condition.
2025-12-22 02:37:52,328 [WARN] IP:2251 - ClockDividerCCU not found: check if there is a RefParameter without a condition.
2025-12-22 02:37:52,328 [WARN] IP:2251 - MinOscClkPeriodsCCU not found: check if there is a RefParameter without a condition.
2025-12-22 02:37:52,328 [WARN] IP:2251 - TimeQuantaPerBitTimeCCU not found: check if there is a RefParameter without a condition.
2025-12-22 02:37:52,328 [WARN] IP:2251 - WatchdogStartValueCCU not found: check if there is a RefParameter without a condition.
2025-12-22 02:37:52,355 [INFO] NvicIntPanel:101 - NVIC parent = com.st.microxplorer.plugins.ip.nvic.MultiNvicIntPanel[,0,0,0x0,invalid,layout=javax.swing.BoxLayout,alignmentX=0.0,alignmentY=0.0,border=,flags=9,maximumSize=,minimumSize=,preferredSize=]
2025-12-22 02:37:52,416 [WARN] IP:2251 - ClockDivider not found: check if there is a RefParameter without a condition.
2025-12-22 02:37:52,416 [WARN] IP:2251 - ClockDividerCCU not found: check if there is a RefParameter without a condition.
2025-12-22 02:37:52,416 [WARN] IP:2251 - MinOscClkPeriodsCCU not found: check if there is a RefParameter without a condition.
2025-12-22 02:37:52,416 [WARN] IP:2251 - TimeQuantaPerBitTimeCCU not found: check if there is a RefParameter without a condition.
2025-12-22 02:37:52,416 [WARN] IP:2251 - WatchdogStartValueCCU not found: check if there is a RefParameter without a condition.
2025-12-22 02:37:52,428 [INFO] NvicIntPanel:101 - NVIC parent = com.st.microxplorer.plugins.ip.nvic.MultiNvicIntPanel[,0,0,0x0,invalid,layout=javax.swing.BoxLayout,alignmentX=0.0,alignmentY=0.0,border=,flags=9,maximumSize=,minimumSize=,preferredSize=]
2025-12-22 02:38:00,397 [INFO] UtilMem:75 - End SaveConfig() Used Memory: 928909120 Bytes (1073741824)
2025-12-22 02:38:02,533 [INFO] UtilMem:75 - End SaveConfig() Used Memory: 878559296 Bytes (1073741824)
2025-12-22 02:38:02,877 [INFO] BlockDiagram:2766 - set Specific Code input for plugin: RCC
2025-12-22 02:38:02,877 [INFO] BlockDiagram:2766 - set Specific Code input for plugin: FDCAN
2025-12-22 02:38:02,877 [INFO] BlockDiagram:2766 - set Specific Code input for plugin: MEMORYMAP
2025-12-22 02:38:02,877 [INFO] BlockDiagram:2766 - set Specific Code input for plugin: SYS
2025-12-22 02:38:02,877 [INFO] BlockDiagram:2766 - set Specific Code input for plugin: NVIC
2025-12-22 02:38:02,877 [INFO] BlockDiagram:2766 - set Specific Code input for plugin: GPIO
2025-12-22 02:38:02,878 [INFO] CodeGenerator:896 - code generatio: config db path: C:\ST\STM32CubeIDE_1.17.0\STM32CubeIDE\plugins\com.st.stm32cube.common.mx_6.13.0.202411220809\\db\
2025-12-22 02:38:02,880 [WARN] IP:2251 - ClockDivider not found: check if there is a RefParameter without a condition.
2025-12-22 02:38:02,880 [WARN] IP:2251 - ClockDividerCCU not found: check if there is a RefParameter without a condition.
2025-12-22 02:38:02,880 [WARN] IP:2251 - MinOscClkPeriodsCCU not found: check if there is a RefParameter without a condition.
2025-12-22 02:38:02,880 [WARN] IP:2251 - TimeQuantaPerBitTimeCCU not found: check if there is a RefParameter without a condition.
2025-12-22 02:38:02,880 [WARN] IP:2251 - WatchdogStartValueCCU not found: check if there is a RefParameter without a condition.
2025-12-22 02:38:03,055 [INFO] CodeEngine:255 - oldGeneratedFile, C:\Users\kamil\STM32CubeIDE\workspace_1.17.0\NAJWIEKSZY_TEST\MXTmpFiles\license.tmp_save
2025-12-22 02:38:03,220 [INFO] CodeEngine:279 - Generated code: C:\Users\kamil\STM32CubeIDE\workspace_1.17.0\NAJWIEKSZY_TEST\MXTmpFiles\license.tmp
2025-12-22 02:38:03,322 [INFO] CodeEngine:255 - oldGeneratedFile, C:\Users\kamil\STM32CubeIDE\workspace_1.17.0\NAJWIEKSZY_TEST\MXTmpFiles\gpio.tmp_save
2025-12-22 02:38:03,434 [INFO] CodeEngine:279 - Generated code: C:\Users\kamil\STM32CubeIDE\workspace_1.17.0\NAJWIEKSZY_TEST\MXTmpFiles\gpio.tmp
2025-12-22 02:38:03,553 [WARN] IPConfigManager:98 - WARNING: Missing Config File for MEMORYMAP ip!!
2025-12-22 02:38:03,610 [INFO] CodeEngine:255 - oldGeneratedFile, C:\Users\kamil\STM32CubeIDE\workspace_1.17.0\NAJWIEKSZY_TEST\MXTmpFiles\cortex.tmp_save
2025-12-22 02:38:03,695 [INFO] CodeEngine:279 - Generated code: C:\Users\kamil\STM32CubeIDE\workspace_1.17.0\NAJWIEKSZY_TEST\MXTmpFiles\cortex.tmp
2025-12-22 02:38:03,724 [INFO] CodeEngine:255 - oldGeneratedFile, C:\Users\kamil\STM32CubeIDE\workspace_1.17.0\NAJWIEKSZY_TEST\Core\Src\stm32h7xx_it.c_save
2025-12-22 02:38:03,925 [INFO] CodeEngine:279 - Generated code: C:\Users\kamil\STM32CubeIDE\workspace_1.17.0\NAJWIEKSZY_TEST\Core\Src\stm32h7xx_it.c
2025-12-22 02:38:03,941 [INFO] CodeEngine:255 - oldGeneratedFile, C:\Users\kamil\STM32CubeIDE\workspace_1.17.0\NAJWIEKSZY_TEST\Core\Inc\stm32h7xx_it.h_save
2025-12-22 02:38:04,057 [INFO] CodeEngine:279 - Generated code: C:\Users\kamil\STM32CubeIDE\workspace_1.17.0\NAJWIEKSZY_TEST\Core\Inc\stm32h7xx_it.h
2025-12-22 02:38:04,168 [INFO] CodeEngine:255 - oldGeneratedFile, C:\Users\kamil\STM32CubeIDE\workspace_1.17.0\NAJWIEKSZY_TEST\Core\Src\stm32h7xx_hal_msp.c_save
2025-12-22 02:38:04,322 [INFO] CodeEngine:279 - Generated code: C:\Users\kamil\STM32CubeIDE\workspace_1.17.0\NAJWIEKSZY_TEST\Core\Src\stm32h7xx_hal_msp.c
2025-12-22 02:38:04,332 [INFO] CodeEngine:255 - oldGeneratedFile, C:\Users\kamil\STM32CubeIDE\workspace_1.17.0\NAJWIEKSZY_TEST\MXTmpFiles\system.tmp_save
2025-12-22 02:38:04,425 [INFO] CodeEngine:279 - Generated code: C:\Users\kamil\STM32CubeIDE\workspace_1.17.0\NAJWIEKSZY_TEST\MXTmpFiles\system.tmp
2025-12-22 02:38:04,474 [INFO] CodeEngine:311 - oldGeneratedFile, C:\Users\kamil\STM32CubeIDE\workspace_1.17.0\NAJWIEKSZY_TEST\Core\Inc\stm32h7xx_hal_conf.h_save
2025-12-22 02:38:04,599 [INFO] CodeEngine:335 - Generated code: C:\Users\kamil\STM32CubeIDE\workspace_1.17.0\NAJWIEKSZY_TEST\Core\Inc\stm32h7xx_hal_conf.h
2025-12-22 02:38:04,655 [INFO] ApiDbMcu:508 - Load IP Config File for FDCAN1
2025-12-22 02:38:04,655 [ERROR] ApiDbMcu:464 - Can't load MEMORYMAP-STM32xx root dir null
2025-12-22 02:38:04,655 [ERROR] ApiDbMcu:536 - Cannot parse MEMORYMAP_Config file : file do not exist
2025-12-22 02:38:04,660 [INFO] ApiDbMcu:508 - Load IP Config File for RCC
2025-12-22 02:38:04,686 [INFO] CodeEngine:255 - oldGeneratedFile, C:\Users\kamil\STM32CubeIDE\workspace_1.17.0\NAJWIEKSZY_TEST\Core\Inc\main.h_save
2025-12-22 02:38:04,780 [INFO] CodeEngine:279 - Generated code: C:\Users\kamil\STM32CubeIDE\workspace_1.17.0\NAJWIEKSZY_TEST\Core\Inc\main.h
2025-12-22 02:38:04,797 [INFO] CodeEngine:255 - oldGeneratedFile, C:\Users\kamil\STM32CubeIDE\workspace_1.17.0\NAJWIEKSZY_TEST\Core\Src\main.c_save
2025-12-22 02:38:04,909 [INFO] CodeEngine:279 - Generated code: C:\Users\kamil\STM32CubeIDE\workspace_1.17.0\NAJWIEKSZY_TEST\Core\Src\main.c
2025-12-22 02:38:05,282 [INFO] ProjectBuilder:3289 - Time for Copy HAL[1] : 266mS.
2025-12-22 02:38:05,285 [INFO] ProjectBuilder:4876 - Project Generator version: 4.5.0-RC5
2025-12-22 02:38:05,335 [INFO] ConfigFileManager:1579 - The Die is : DIE450
2025-12-22 02:38:05,348 [INFO] ApiDbMcu:508 - Load IP Config File for FATFS
2025-12-22 02:38:05,364 [INFO] ApiDbMcu:508 - Load IP Config File for FREERTOS
2025-12-22 02:38:05,378 [INFO] ApiDbMcu:508 - Load IP Config File for LIBJPEG
2025-12-22 02:38:05,394 [INFO] ApiDbMcu:508 - Load IP Config File for LWIP
2025-12-22 02:38:05,410 [INFO] ApiDbMcu:508 - Load IP Config File for MBEDTLS
2025-12-22 02:38:05,429 [INFO] ApiDbMcu:508 - Load IP Config File for USB_DEVICE
2025-12-22 02:38:05,443 [INFO] ApiDbMcu:508 - Load IP Config File for USB_HOST
2025-12-22 02:38:07,380 [INFO] ProjectBuilder:5154 - Time for Generating toolchain IDE Files: 2095mS.
2025-12-22 02:38:07,381 [INFO] ProjectBuilder:3146 - Time for Copy CMSIS : 1mS.
2025-12-22 02:38:07,384 [INFO] ProjectBuilder:3146 - Time for Copy CMSIS : 0mS.
2025-12-22 02:38:48,856 [WARN] IP:2251 - ClockDivider not found: check if there is a RefParameter without a condition.
2025-12-22 02:38:48,856 [WARN] IP:2251 - ClockDividerCCU not found: check if there is a RefParameter without a condition.
2025-12-22 02:38:48,856 [WARN] IP:2251 - MinOscClkPeriodsCCU not found: check if there is a RefParameter without a condition.
2025-12-22 02:38:48,856 [WARN] IP:2251 - TimeQuantaPerBitTimeCCU not found: check if there is a RefParameter without a condition.
2025-12-22 02:38:48,857 [WARN] IP:2251 - WatchdogStartValueCCU not found: check if there is a RefParameter without a condition.
2025-12-22 02:38:48,895 [INFO] NvicIntPanel:101 - NVIC parent = com.st.microxplorer.plugins.ip.nvic.MultiNvicIntPanel[,0,0,0x0,invalid,layout=javax.swing.BoxLayout,alignmentX=0.0,alignmentY=0.0,border=,flags=9,maximumSize=,minimumSize=,preferredSize=]
2025-12-22 02:38:51,548 [WARN] IP:2251 - ClockDivider not found: check if there is a RefParameter without a condition.
2025-12-22 02:38:51,548 [WARN] IP:2251 - ClockDividerCCU not found: check if there is a RefParameter without a condition.
2025-12-22 02:38:51,548 [WARN] IP:2251 - MinOscClkPeriodsCCU not found: check if there is a RefParameter without a condition.
2025-12-22 02:38:51,548 [WARN] IP:2251 - TimeQuantaPerBitTimeCCU not found: check if there is a RefParameter without a condition.
2025-12-22 02:38:51,548 [WARN] IP:2251 - WatchdogStartValueCCU not found: check if there is a RefParameter without a condition.
2025-12-22 02:38:51,588 [INFO] NvicIntPanel:101 - NVIC parent = com.st.microxplorer.plugins.ip.nvic.MultiNvicIntPanel[,0,0,0x0,invalid,layout=javax.swing.BoxLayout,alignmentX=0.0,alignmentY=0.0,border=,flags=9,maximumSize=,minimumSize=,preferredSize=]
2025-12-22 02:38:56,311 [INFO] UtilMem:75 - End SaveConfig() Used Memory: 932756608 Bytes (1073741824)
2025-12-22 02:38:59,332 [INFO] UtilMem:75 - End SaveConfig() Used Memory: 992003200 Bytes (1073741824)
2025-12-22 02:38:59,538 [INFO] BlockDiagram:2766 - set Specific Code input for plugin: RCC
2025-12-22 02:38:59,538 [INFO] BlockDiagram:2766 - set Specific Code input for plugin: FDCAN
2025-12-22 02:38:59,538 [INFO] BlockDiagram:2766 - set Specific Code input for plugin: MEMORYMAP
2025-12-22 02:38:59,538 [INFO] BlockDiagram:2766 - set Specific Code input for plugin: SYS
2025-12-22 02:38:59,538 [INFO] BlockDiagram:2766 - set Specific Code input for plugin: NVIC
2025-12-22 02:38:59,539 [INFO] BlockDiagram:2766 - set Specific Code input for plugin: GPIO
2025-12-22 02:38:59,541 [INFO] CodeGenerator:896 - code generatio: config db path: C:\ST\STM32CubeIDE_1.17.0\STM32CubeIDE\plugins\com.st.stm32cube.common.mx_6.13.0.202411220809\\db\
2025-12-22 02:38:59,545 [WARN] IP:2251 - ClockDivider not found: check if there is a RefParameter without a condition.
2025-12-22 02:38:59,545 [WARN] IP:2251 - ClockDividerCCU not found: check if there is a RefParameter without a condition.
2025-12-22 02:38:59,545 [WARN] IP:2251 - MinOscClkPeriodsCCU not found: check if there is a RefParameter without a condition.
2025-12-22 02:38:59,546 [WARN] IP:2251 - TimeQuantaPerBitTimeCCU not found: check if there is a RefParameter without a condition.
2025-12-22 02:38:59,546 [WARN] IP:2251 - WatchdogStartValueCCU not found: check if there is a RefParameter without a condition.
2025-12-22 02:38:59,696 [INFO] CodeEngine:255 - oldGeneratedFile, C:\Users\kamil\STM32CubeIDE\workspace_1.17.0\NAJWIEKSZY_TEST\MXTmpFiles\license.tmp_save
2025-12-22 02:38:59,884 [INFO] CodeEngine:279 - Generated code: C:\Users\kamil\STM32CubeIDE\workspace_1.17.0\NAJWIEKSZY_TEST\MXTmpFiles\license.tmp
2025-12-22 02:38:59,902 [INFO] CodeEngine:255 - oldGeneratedFile, C:\Users\kamil\STM32CubeIDE\workspace_1.17.0\NAJWIEKSZY_TEST\MXTmpFiles\gpio.tmp_save
2025-12-22 02:39:00,014 [INFO] CodeEngine:279 - Generated code: C:\Users\kamil\STM32CubeIDE\workspace_1.17.0\NAJWIEKSZY_TEST\MXTmpFiles\gpio.tmp
2025-12-22 02:39:00,066 [WARN] IPConfigManager:98 - WARNING: Missing Config File for MEMORYMAP ip!!
2025-12-22 02:39:00,098 [INFO] CodeEngine:255 - oldGeneratedFile, C:\Users\kamil\STM32CubeIDE\workspace_1.17.0\NAJWIEKSZY_TEST\MXTmpFiles\cortex.tmp_save
2025-12-22 02:39:00,177 [INFO] CodeEngine:279 - Generated code: C:\Users\kamil\STM32CubeIDE\workspace_1.17.0\NAJWIEKSZY_TEST\MXTmpFiles\cortex.tmp
2025-12-22 02:39:00,204 [INFO] CodeEngine:255 - oldGeneratedFile, C:\Users\kamil\STM32CubeIDE\workspace_1.17.0\NAJWIEKSZY_TEST\Core\Src\stm32h7xx_it.c_save
2025-12-22 02:39:00,265 [INFO] CodeEngine:279 - Generated code: C:\Users\kamil\STM32CubeIDE\workspace_1.17.0\NAJWIEKSZY_TEST\Core\Src\stm32h7xx_it.c
2025-12-22 02:39:00,271 [INFO] CodeEngine:255 - oldGeneratedFile, C:\Users\kamil\STM32CubeIDE\workspace_1.17.0\NAJWIEKSZY_TEST\Core\Inc\stm32h7xx_it.h_save
2025-12-22 02:39:00,317 [INFO] CodeEngine:279 - Generated code: C:\Users\kamil\STM32CubeIDE\workspace_1.17.0\NAJWIEKSZY_TEST\Core\Inc\stm32h7xx_it.h
2025-12-22 02:39:00,358 [INFO] CodeEngine:255 - oldGeneratedFile, C:\Users\kamil\STM32CubeIDE\workspace_1.17.0\NAJWIEKSZY_TEST\Core\Src\stm32h7xx_hal_msp.c_save
2025-12-22 02:39:00,422 [INFO] CodeEngine:279 - Generated code: C:\Users\kamil\STM32CubeIDE\workspace_1.17.0\NAJWIEKSZY_TEST\Core\Src\stm32h7xx_hal_msp.c
2025-12-22 02:39:00,427 [INFO] CodeEngine:255 - oldGeneratedFile, C:\Users\kamil\STM32CubeIDE\workspace_1.17.0\NAJWIEKSZY_TEST\MXTmpFiles\system.tmp_save
2025-12-22 02:39:00,468 [INFO] CodeEngine:279 - Generated code: C:\Users\kamil\STM32CubeIDE\workspace_1.17.0\NAJWIEKSZY_TEST\MXTmpFiles\system.tmp
2025-12-22 02:39:00,492 [INFO] CodeEngine:311 - oldGeneratedFile, C:\Users\kamil\STM32CubeIDE\workspace_1.17.0\NAJWIEKSZY_TEST\Core\Inc\stm32h7xx_hal_conf.h_save
2025-12-22 02:39:00,572 [INFO] CodeEngine:335 - Generated code: C:\Users\kamil\STM32CubeIDE\workspace_1.17.0\NAJWIEKSZY_TEST\Core\Inc\stm32h7xx_hal_conf.h
2025-12-22 02:39:00,602 [ERROR] ApiDbMcu:464 - Can't load MEMORYMAP-STM32xx root dir null
2025-12-22 02:39:00,603 [ERROR] ApiDbMcu:536 - Cannot parse MEMORYMAP_Config file : file do not exist
2025-12-22 02:39:00,625 [INFO] CodeEngine:255 - oldGeneratedFile, C:\Users\kamil\STM32CubeIDE\workspace_1.17.0\NAJWIEKSZY_TEST\Core\Inc\main.h_save
2025-12-22 02:39:00,672 [INFO] CodeEngine:279 - Generated code: C:\Users\kamil\STM32CubeIDE\workspace_1.17.0\NAJWIEKSZY_TEST\Core\Inc\main.h
2025-12-22 02:39:00,687 [INFO] CodeEngine:255 - oldGeneratedFile, C:\Users\kamil\STM32CubeIDE\workspace_1.17.0\NAJWIEKSZY_TEST\Core\Src\main.c_save
2025-12-22 02:39:00,811 [INFO] CodeEngine:279 - Generated code: C:\Users\kamil\STM32CubeIDE\workspace_1.17.0\NAJWIEKSZY_TEST\Core\Src\main.c
2025-12-22 02:39:01,094 [INFO] ProjectBuilder:3289 - Time for Copy HAL[1] : 168mS.
2025-12-22 02:39:01,096 [INFO] ProjectBuilder:4876 - Project Generator version: 4.5.0-RC5
2025-12-22 02:39:01,141 [INFO] ConfigFileManager:1579 - The Die is : DIE450
2025-12-22 02:39:02,126 [INFO] ProjectBuilder:5154 - Time for Generating toolchain IDE Files: 1030mS.
2025-12-22 02:39:02,127 [INFO] ProjectBuilder:3146 - Time for Copy CMSIS : 1mS.
2025-12-22 02:39:02,129 [INFO] ProjectBuilder:3146 - Time for Copy CMSIS : 0mS.
2025-12-22 02:54:23,490 [INFO] MainUpdater:2872 - connection check result : 10
2025-12-22 02:54:23,492 [INFO] MainUpdater:2872 - connection check result : 10
2025-12-22 02:54:23,574 [INFO] LogOutputStream:77 - [STDOUT_REDIRECT] Nominal 
2025-12-22 02:54:23,576 [INFO] MicroXplorer:468 - Change Database Path : 
2025-12-22 02:54:23,576 [INFO] MicroXplorer:498 - Change Database Version : DB.6.0.130
2025-12-22 02:54:23,598 [ERROR] ProjectManagerView:394 - 
java.lang.NullPointerException: Cannot invoke "javax.swing.JTextField.getText()" because the return value of "java.util.List.get(int)" is null
	at com.st.microxplorer.plugins.projectmanager.gui.ProjectChoiceTab$9.caretUpdate(ProjectChoiceTab.java:2616) ~[filemanager.jar:?]
	at javax.swing.text.JTextComponent.fireCaretUpdate(JTextComponent.java:408) ~[?:?]
	at javax.swing.text.JTextComponent$MutableCaretEvent.fire(JTextComponent.java:4484) ~[?:?]
	at javax.swing.text.JTextComponent$MutableCaretEvent.stateChanged(JTextComponent.java:4506) ~[?:?]
	at javax.swing.text.DefaultCaret.fireStateChanged(DefaultCaret.java:857) ~[?:?]
	at javax.swing.text.DefaultCaret.changeCaretPosition(DefaultCaret.java:1343) ~[?:?]
	at javax.swing.text.DefaultCaret.handleSetDot(DefaultCaret.java:1242) ~[?:?]
	at javax.swing.text.DefaultCaret.setDot(DefaultCaret.java:1223) ~[?:?]
	at javax.swing.text.DefaultCaret$Handler.insertUpdate(DefaultCaret.java:1819) ~[?:?]
	at javax.swing.text.AbstractDocument.fireInsertUpdate(AbstractDocument.java:227) ~[?:?]
	at javax.swing.text.AbstractDocument.handleInsertString(AbstractDocument.java:781) ~[?:?]
	at javax.swing.text.AbstractDocument.insertString(AbstractDocument.java:740) ~[?:?]
	at javax.swing.text.PlainDocument.insertString(PlainDocument.java:131) ~[?:?]
	at javax.swing.text.AbstractDocument.replace(AbstractDocument.java:699) ~[?:?]
	at javax.swing.text.JTextComponent.setText(JTextComponent.java:1725) ~[?:?]
	at com.st.microxplorer.plugins.projectmanager.gui.ProjectChoiceTab.createHeapStackFields(ProjectChoiceTab.java:975) ~[filemanager.jar:?]
	at com.st.microxplorer.plugins.projectmanager.gui.ProjectChoiceTab.buildLinkSettingsPanel(ProjectChoiceTab.java:3666) ~[filemanager.jar:?]
	at com.st.microxplorer.plugins.projectmanager.gui.ProjectChoiceTab.defineWindowsFields(ProjectChoiceTab.java:1934) ~[filemanager.jar:?]
	at com.st.microxplorer.plugins.projectmanager.gui.ProjectChoiceTab.updateSettings(ProjectChoiceTab.java:553) ~[filemanager.jar:?]
	at com.st.microxplorer.plugins.projectmanager.gui.ProjectSettingsPanel.UpdateDialog(ProjectSettingsPanel.java:245) ~[filemanager.jar:?]
	at com.st.microxplorer.plugins.projectmanager.ProjectManagerView.propertyChange(ProjectManagerView.java:391) ~[filemanager.jar:?]
	at java.beans.PropertyChangeSupport.fire(PropertyChangeSupport.java:343) ~[?:?]
	at java.beans.PropertyChangeSupport.firePropertyChange(PropertyChangeSupport.java:335) ~[?:?]
	at java.beans.PropertyChangeSupport.firePropertyChange(PropertyChangeSupport.java:268) ~[?:?]
	at com.st.microxplorer.util.MXPropertyChangeSupport.firePropertyChange(MXPropertyChangeSupport.java:54) ~[STM32CubeMX.jar:?]
	at com.st.microxplorer.mxsystem.MxSystem.closeConfig(MxSystem.java:899) ~[STM32CubeMX.jar:?]
	at com.st.microxplorer.maingui.MainPanel.closeConfig(MainPanel.java:789) ~[STM32CubeMX.jar:?]
	at com.st.microxplorer.plugins.filemanager.engine.OpenFileManager.loadConfigurationFile(OpenFileManager.java:265) ~[filemanager.jar:?]
	at com.st.microxplorer.plugins.filemanager.engine.MainFileManager.userLoadConfig(MainFileManager.java:340) ~[filemanager.jar:?]
	at com.st.microxplorer.plugins.filemanager.engine.MainFileManager.userLoadConfig(MainFileManager.java:318) ~[filemanager.jar:?]
	at com.st.microxplorer.plugins.filemanager.FileManagerView.getSpecificTask(FileManagerView.java:246) ~[filemanager.jar:?]
	at com.st.stm32cube.common.mx.editor.CubeMxEditor.getMxTabbedPaneInstance(CubeMxEditor.java:1198) ~[com.st.stm32cube.common.mx_6.13.0.202411220809/:?]
	at com.st.stm32cube.common.mx.editor.CubeMxEditor$12$1.createSwingComponent(CubeMxEditor.java:1068) ~[com.st.stm32cube.common.mx_6.13.0.202411220809/:?]
	at com.st.stm32cube.common.mx.oss.core.awtswtbridge.EmbeddedSwingComposite.doComponentCreation(EmbeddedSwingComposite.java:492) ~[com.st.stm32cube.common.mx.oss_6.13.0.202411220809/:?]
	at com.st.stm32cube.common.mx.oss.core.awtswtbridge.EmbeddedSwingComposite$4.run(EmbeddedSwingComposite.java:291) ~[com.st.stm32cube.common.mx.oss_6.13.0.202411220809/:?]
	at com.st.stm32cube.common.mx.oss.core.awtswtbridge.AwtEnvironment$2.run(AwtEnvironment.java:166) ~[com.st.stm32cube.common.mx.oss_6.13.0.202411220809/:?]
	at java.awt.event.InvocationEvent.dispatch(InvocationEvent.java:318) ~[?:?]
	at java.awt.EventQueue.dispatchEventImpl(EventQueue.java:773) ~[?:?]
	at java.awt.EventQueue$4.run(EventQueue.java:720) ~[?:?]
	at java.awt.EventQueue$4.run(EventQueue.java:714) ~[?:?]
	at java.security.AccessController.doPrivileged(AccessController.java:400) ~[?:?]
	at java.security.ProtectionDomain$JavaSecurityAccessImpl.doIntersectionPrivilege(ProtectionDomain.java:87) ~[?:?]
	at java.awt.EventQueue.dispatchEvent(EventQueue.java:742) ~[?:?]
	at java.awt.EventDispatchThread.pumpOneEventForFilters(EventDispatchThread.java:203) ~[?:?]
	at java.awt.EventDispatchThread.pumpEventsForFilter(EventDispatchThread.java:124) ~[?:?]
	at java.awt.EventDispatchThread.pumpEventsForHierarchy(EventDispatchThread.java:113) ~[?:?]
	at java.awt.EventDispatchThread.pumpEvents(EventDispatchThread.java:109) ~[?:?]
	at java.awt.EventDispatchThread.pumpEvents(EventDispatchThread.java:101) ~[?:?]
	at java.awt.EventDispatchThread.run(EventDispatchThread.java:90) ~[?:?]
2025-12-22 02:54:23,599 [WARN] ThirdParty:871 - waiting for thirdparty lock release [close project]
2025-12-22 02:54:23,599 [INFO] ThirdParty:873 - entering critical section [close project]
2025-12-22 02:54:23,599 [INFO] ThirdParty:883 - exiting critical section [close project]
2025-12-22 02:54:23,601 [INFO] PinOutPanel:1589 - setPackage(No Configuration,No Configuration)
2025-12-22 02:54:23,609 [WARN] IpParametersView:154 - Warning: This peripheral hasn't parameters
2025-12-22 02:54:23,621 [WARN] MainPanel:289 - <html><b><center>Warning: This peripheral has no parameters to be configured<br></b></html>
2025-12-22 02:54:23,622 [ERROR] MainPanel:599 - java.lang.IndexOutOfBoundsException: Index: 0, Tab count: 0
2025-12-22 02:54:23,628 [INFO] UtilMem:75 - Begin LoadConfig() Used Memory: 935632008 Bytes (1073741824)
2025-12-22 02:54:23,629 [INFO] MicroXplorer:468 - Change Database Path : 
2025-12-22 02:54:23,629 [INFO] MicroXplorer:498 - Change Database Version : DB.6.0.130
2025-12-22 02:54:23,629 [INFO] OpenFileManager:332 - Change cursor
2025-12-22 02:54:38,535 [INFO] RulesReader:64 - Compatibility file has been processed (297 Rules)
2025-12-22 02:54:38,546 [INFO] Mcu:2035 - Initializing MCU STM32H743IITx STM32H743IITx STM32H743IIT6
2025-12-22 02:54:41,914 [INFO] Context:748 - Trying to add GPIOservice into a context  which must be forbidden
2025-12-22 02:54:43,151 [ERROR] Mcu:936 - ThirdParty IPModes/IPconfigs doesn't exist for :C:/Users/kamil/.stm32cubemx/plugins/thirdparty/db//STMicroelectronics/X-CUBE-TOUCHGFX/4.26.0/STMicroelectronics.X-CUBE-TOUCHGFX.4.26.0_Modes.xml
2025-12-22 02:54:43,151 [ERROR] Mcu:6514 - ThirdParty IPModes/IPconfigs doesn't exist for :STMicroelectronics.X-CUBE-TOUCHGFX.4.26.0
2025-12-22 02:54:43,153 [INFO] ImportTextPane:218 - (OptionalMessage_ERROR) Pin89 (VP_STMicroelectronics.X-CUBE-TOUCHGFX_VS_GraphicsJjApplication_4.26.0) cannot be retrieved for this MCU
2025-12-22 02:54:43,292 [INFO] RtosManager:555 - Registered RTOS mode: class=CMSIS, group=RTOS, mode=CMSIS_V1, owner=FREERTOS
2025-12-22 02:54:43,292 [INFO] RtosManager:555 - Registered RTOS mode: class=CMSIS, group=RTOS2, mode=CMSIS_V2, owner=FREERTOS
2025-12-22 02:54:43,292 [INFO] RtosManager:555 - Registered RTOS mode: class=RTOS, group=Core, mode=CMSIS_V1, owner=FREERTOS
2025-12-22 02:54:43,292 [INFO] RtosManager:555 - Registered RTOS mode: class=RTOS, group=Core, mode=CMSIS_V2, owner=FREERTOS
2025-12-22 02:54:43,292 [WARN] ModelIntegratedComponent:184 - Missing modes for component STMicroelectronics:FreeRTOS:0.0.1:STMicroelectronics:RTOS:FreeRTOS:Core:::10.2.0:
2025-12-22 02:54:43,295 [WARN] ModelIntegratedComponent:63 - No mode defined for component null
2025-12-22 02:54:43,295 [WARN] ModelIntegratedComponent:63 - No mode defined for component null
2025-12-22 02:54:43,295 [WARN] ModelIntegratedComponent:63 - No mode defined for component null
2025-12-22 02:54:43,295 [WARN] ModelIntegratedComponent:63 - No mode defined for component null
2025-12-22 02:54:43,295 [WARN] ModelIntegratedComponent:63 - No mode defined for component null
2025-12-22 02:54:43,295 [WARN] ModelIntegratedComponent:63 - No mode defined for component null
2025-12-22 02:54:43,295 [WARN] ModelIntegratedComponent:63 - No mode defined for component null
2025-12-22 02:54:43,295 [WARN] ModelIntegratedComponent:63 - No mode defined for component null
2025-12-22 02:54:43,295 [WARN] ModelIntegratedComponent:63 - No mode defined for component null
2025-12-22 02:54:43,295 [WARN] ModelIntegratedComponent:63 - No mode defined for component null
2025-12-22 02:54:43,295 [WARN] ModelIntegratedComponent:63 - No mode defined for component null
2025-12-22 02:54:43,295 [WARN] ModelIntegratedComponent:63 - No mode defined for component null
2025-12-22 02:54:43,295 [WARN] ModelIntegratedComponent:63 - No mode defined for component null
2025-12-22 02:54:43,295 [WARN] ModelIntegratedComponent:63 - No mode defined for component null
2025-12-22 02:54:43,295 [WARN] ModelIntegratedComponent:63 - No mode defined for component null
2025-12-22 02:54:43,295 [WARN] ModelIntegratedComponent:63 - No mode defined for component null
2025-12-22 02:54:43,295 [WARN] ModelIntegratedComponent:63 - No mode defined for component null
2025-12-22 02:54:43,295 [WARN] ModelIntegratedComponent:63 - No mode defined for component null
2025-12-22 02:54:43,295 [WARN] ModelIntegratedComponent:63 - No mode defined for component null
2025-12-22 02:54:43,295 [WARN] ModelIntegratedComponent:63 - No mode defined for component null
2025-12-22 02:54:43,295 [WARN] ModelIntegratedComponent:63 - No mode defined for component null
2025-12-22 02:54:43,295 [WARN] ModelIntegratedComponent:63 - No mode defined for component null
2025-12-22 02:54:43,295 [WARN] ModelIntegratedComponent:63 - No mode defined for component null
2025-12-22 02:54:43,295 [WARN] ModelIntegratedComponent:63 - No mode defined for component null
2025-12-22 02:54:43,295 [WARN] ModelIntegratedComponent:63 - No mode defined for component null
2025-12-22 02:54:43,295 [WARN] ModelIntegratedComponent:63 - No mode defined for component null
2025-12-22 02:54:43,295 [WARN] ModelIntegratedComponent:63 - No mode defined for component null
2025-12-22 02:54:43,295 [WARN] ModelIntegratedComponent:63 - No mode defined for component null
2025-12-22 02:54:43,295 [WARN] ModelIntegratedComponent:63 - No mode defined for component null
2025-12-22 02:54:43,295 [WARN] ModelIntegratedComponent:63 - No mode defined for component null
2025-12-22 02:54:43,295 [WARN] ModelIntegratedComponent:63 - No mode defined for component null
2025-12-22 02:54:43,295 [WARN] ModelIntegratedComponent:63 - No mode defined for component null
2025-12-22 02:54:43,295 [WARN] ModelIntegratedComponent:63 - No mode defined for component null
2025-12-22 02:54:43,295 [WARN] ModelIntegratedComponent:63 - No mode defined for component null
2025-12-22 02:54:43,295 [WARN] ModelIntegratedComponent:63 - No mode defined for component null
2025-12-22 02:54:43,295 [WARN] ModelPack:524 - Component already loaded: STMicroelectronics:HAL Drivers:0.0.0:STMicroelectronics:Device:STMicro_Driver:XSPI:HAL::0.0.1:HAL_XSPI
2025-12-22 02:54:43,431 [INFO] ThirdPartyModel:298 - Start build external matchings
2025-12-22 02:54:44,345 [INFO] ThirdPartyModel:316 - End build external matchings
2025-12-22 02:54:44,375 [WARN] IP:2251 - ClockDivider not found: check if there is a RefParameter without a condition.
2025-12-22 02:54:44,375 [WARN] IP:2251 - ClockDividerCCU not found: check if there is a RefParameter without a condition.
2025-12-22 02:54:44,375 [WARN] IP:2251 - MinOscClkPeriodsCCU not found: check if there is a RefParameter without a condition.
2025-12-22 02:54:44,375 [WARN] IP:2251 - TimeQuantaPerBitTimeCCU not found: check if there is a RefParameter without a condition.
2025-12-22 02:54:44,375 [WARN] IP:2251 - WatchdogStartValueCCU not found: check if there is a RefParameter without a condition.
2025-12-22 02:54:44,378 [WARN] IP:2251 - LayerIdx_L1 not found: check if there is a RefParameter without a condition.
2025-12-22 02:54:44,379 [INFO] ImportTextPane:218 - (OptionalMessage_ERROR) IP (RCC) : Parameter (ADCFreq_Value) has invalid value (129000000)
2025-12-22 02:54:44,384 [INFO] ImportTextPane:218 - (OptionalMessage_ERROR) IP (RCC) : Invalid parameter (FamilyName)
2025-12-22 02:54:44,384 [INFO] ImportTextPane:218 - (OptionalMessage_ERROR) IP (RCC) : Parameter (LPTIM1Freq_Value) has invalid value (64000000)
2025-12-22 02:54:44,384 [INFO] ImportTextPane:218 - (OptionalMessage_ERROR) IP (RCC) : Parameter (LPTIM2Freq_Value) has invalid value (64000000)
2025-12-22 02:54:44,384 [INFO] ImportTextPane:218 - (OptionalMessage_ERROR) IP (RCC) : Parameter (LPTIM345Freq_Value) has invalid value (64000000)
2025-12-22 02:54:44,384 [INFO] ImportTextPane:218 - (OptionalMessage_ERROR) IP (RCC) : Parameter (LPUART1Freq_Value) has invalid value (64000000)
2025-12-22 02:54:44,385 [INFO] ImportTextPane:218 - (OptionalMessage_ERROR) IP (RCC) : Parameter (SPI45Freq_Value) has invalid value (64000000)
2025-12-22 02:54:44,385 [INFO] ImportTextPane:218 - (OptionalMessage_ERROR) IP (RCC) : Parameter (SPI6Freq_Value) has invalid value (64000000)
2025-12-22 02:54:44,385 [INFO] ImportTextPane:218 - (OptionalMessage_ERROR) IP (RCC) : Parameter (SWPMI1Freq_Value) has invalid value (64000000)
2025-12-22 02:54:44,385 [INFO] ImportTextPane:218 - (OptionalMessage_ERROR) IP (RCC) : Parameter (USART16Freq_Value) has invalid value (64000000)
2025-12-22 02:54:44,385 [INFO] ImportTextPane:218 - (OptionalMessage_ERROR) IP (RCC) : Parameter (USART234578Freq_Value) has invalid value (64000000)
2025-12-22 02:54:45,152 [INFO] UtilMem:75 - End LoadConfig() Used Memory: 987059656 Bytes (1073741824)
2025-12-22 02:54:45,204 [WARN] ThirdParty:833 - waiting for thirdparty lock release [change project]
2025-12-22 02:54:45,204 [INFO] ThirdParty:835 - entering critical section [change project]
2025-12-22 02:54:45,204 [INFO] ThirdParty:1030 - CMSIS Pack Vendor :STMicroelectronics X-CUBE-PM33A1 1.0.0
2025-12-22 02:54:45,204 [INFO] ThirdParty:1030 - CMSIS Pack Vendor :STMicroelectronics USBPD 4.1
2025-12-22 02:54:45,204 [INFO] ThirdParty:1030 - CMSIS Pack Vendor :STMicroelectronics USB_HOST 2.0.0
2025-12-22 02:54:45,204 [INFO] ThirdParty:1030 - CMSIS Pack Vendor :STMicroelectronics FP-SNS-MOTENVWB1 1.4.0
2025-12-22 02:54:45,204 [INFO] ThirdParty:1030 - CMSIS Pack Vendor :STMicroelectronics X-CUBE-AZRTOS-F4 1.1.0
2025-12-22 02:54:45,204 [INFO] ThirdParty:1030 - CMSIS Pack Vendor :STMicroelectronics LIBJPEG 8.0.0
2025-12-22 02:54:45,205 [INFO] ThirdParty:1030 - CMSIS Pack Vendor :STMicroelectronics FP-ATR-ASTRA1 2.0.2
2025-12-22 02:54:45,205 [INFO] ThirdParty:1030 - CMSIS Pack Vendor :STMicroelectronics FP-ATR-ASTRA1 2.0.1
2025-12-22 02:54:45,205 [INFO] ThirdParty:1030 - CMSIS Pack Vendor :STMicroelectronics X-CUBE-SMBUS 2.1.0
2025-12-22 02:54:45,205 [INFO] ThirdParty:1030 - CMSIS Pack Vendor :STMicroelectronics X-CUBE-WB05N 1.1.0
2025-12-22 02:54:45,205 [INFO] ThirdParty:1030 - CMSIS Pack Vendor :STMicroelectronics X-CUBE-ISPU 2.1.0
2025-12-22 02:54:45,205 [INFO] ThirdParty:1030 - CMSIS Pack Vendor :STMicroelectronics X-CUBE-FREERTOS 1.2.0
2025-12-22 02:54:45,205 [INFO] ThirdParty:1030 - CMSIS Pack Vendor :STMicroelectronics X-CUBE-ST60 1.0.0
2025-12-22 02:54:45,205 [INFO] ThirdParty:1030 - CMSIS Pack Vendor :STMicroelectronics X-CUBE-NFC12 1.0.0
2025-12-22 02:54:45,205 [INFO] ThirdParty:1030 - CMSIS Pack Vendor :STMicroelectronics X-CUBE-AZRTOS-F7 1.1.0
2025-12-22 02:54:45,205 [INFO] ThirdParty:1030 - CMSIS Pack Vendor :STMicroelectronics X-CUBE-AZRTOS-L5 2.0.0
2025-12-22 02:54:45,205 [INFO] ThirdParty:1030 - CMSIS Pack Vendor :STMicroelectronics USB_DEVICE 2.0.0
2025-12-22 02:54:45,205 [INFO] ThirdParty:1030 - CMSIS Pack Vendor :STMicroelectronics X-CUBE-NFC6 3.1.0
2025-12-22 02:54:45,205 [INFO] ThirdParty:1030 - CMSIS Pack Vendor :ARM CMSIS 5.7.0
2025-12-22 02:54:45,205 [INFO] ThirdParty:1030 - CMSIS Pack Vendor :STMicroelectronics X-CUBE-MEMS1 11.0.0
2025-12-22 02:54:45,205 [INFO] ThirdParty:1030 - CMSIS Pack Vendor :STMicroelectronics FreeRTOS 0.0.1
2025-12-22 02:54:45,205 [INFO] ThirdParty:1030 - CMSIS Pack Vendor :STMicroelectronics X-CUBE-DPower 1.2.0
2025-12-22 02:54:45,205 [INFO] ThirdParty:1030 - CMSIS Pack Vendor :STMicroelectronics FP-SNS-FLIGHT1 5.0.2
2025-12-22 02:54:45,205 [INFO] ThirdParty:1030 - CMSIS Pack Vendor :STMicroelectronics PDM2PCM 3.3.0
2025-12-22 02:54:45,205 [INFO] ThirdParty:1030 - CMSIS Pack Vendor :STMicroelectronics X-CUBE-AZRTOS-H7 3.4.0
2025-12-22 02:54:45,205 [INFO] ThirdParty:1030 - CMSIS Pack Vendor :STMicroelectronics X-CUBE-DISPLAY 3.0.0
2025-12-22 02:54:45,205 [INFO] ThirdParty:1030 - CMSIS Pack Vendor :STMicroelectronics X-CUBE-BLE1 7.0.0
2025-12-22 02:54:45,205 [INFO] ThirdParty:1030 - CMSIS Pack Vendor :STMicroelectronics X-CUBE-NFC10 1.0.0
2025-12-22 02:54:45,205 [INFO] ThirdParty:1030 - CMSIS Pack Vendor :STMicroelectronics X-CUBE-BLEMGR 4.0.0
2025-12-22 02:54:45,205 [INFO] ThirdParty:1030 - CMSIS Pack Vendor :STMicroelectronics X-CUBE-FREERTOS 1.3.1
2025-12-22 02:54:45,205 [INFO] ThirdParty:1030 - CMSIS Pack Vendor :STMicroelectronics HAL Drivers 0.0.0
2025-12-22 02:54:45,205 [INFO] ThirdParty:1030 - CMSIS Pack Vendor :STMicroelectronics X-CUBE-ST60 1.1.0
2025-12-22 02:54:45,205 [INFO] ThirdParty:1030 - CMSIS Pack Vendor :emotas I-CUBE-CANOPEN 1.3.0
2025-12-22 02:54:45,205 [INFO] ThirdParty:1030 - CMSIS Pack Vendor :STMicroelectronics X-CUBE-FREERTOS 1.3.0
2025-12-22 02:54:45,205 [INFO] ThirdParty:1030 - CMSIS Pack Vendor :STMicroelectronics X-CUBE-NFC7 1.0.1
2025-12-22 02:54:45,205 [INFO] ThirdParty:1030 - CMSIS Pack Vendor :STMicroelectronics MBEDTLS 2.14.1
2025-12-22 02:54:45,205 [INFO] ThirdParty:1030 - CMSIS Pack Vendor :STMicroelectronics X-CUBE-GNSS1 7.1.0
2025-12-22 02:54:45,205 [INFO] ThirdParty:1030 - CMSIS Pack Vendor :STMicroelectronics X-CUBE-TOUCHGFX 4.26.0
2025-12-22 02:54:45,205 [INFO] ThirdParty:1030 - CMSIS Pack Vendor :STMicroelectronics X-CUBE-BLEMGR 3.1.0
2025-12-22 02:54:45,205 [INFO] ThirdParty:1030 - CMSIS Pack Vendor :STMicroelectronics X-CUBE-AI 10.0.0
2025-12-22 02:54:45,205 [INFO] ThirdParty:1030 - CMSIS Pack Vendor :STMicroelectronics FP-SNS-STAIOTCFT 1.0.0
2025-12-22 02:54:45,205 [INFO] ThirdParty:1030 - CMSIS Pack Vendor :STMicroelectronics FP-SNS-SMARTAG2 1.2.0
2025-12-22 02:54:45,205 [INFO] ThirdParty:1030 - CMSIS Pack Vendor :STMicroelectronics FP-SNS-FLIGHT1 5.1.0
2025-12-22 02:54:45,205 [INFO] ThirdParty:1030 - CMSIS Pack Vendor :STMicroelectronics X-CUBE-MEMS1 11.1.0
2025-12-22 02:54:45,205 [INFO] ThirdParty:1030 - CMSIS Pack Vendor :STMicroelectronics X-CUBE-AZRTOS-WL 2.0.0
2025-12-22 02:54:45,205 [INFO] ThirdParty:1030 - CMSIS Pack Vendor :STMicroelectronics X-CUBE-DPower 1.3.0
2025-12-22 02:54:45,205 [INFO] ThirdParty:1030 - CMSIS Pack Vendor :STMicroelectronics FP-SNS-MOTENV1 5.0.0
2025-12-22 02:54:45,205 [INFO] ThirdParty:1030 - CMSIS Pack Vendor :STMicroelectronics USB_DEVICE 1.0.0
2025-12-22 02:54:45,205 [INFO] ThirdParty:1030 - CMSIS Pack Vendor :STMicroelectronics X-CUBE-AZRTOS-H7RS 1.2.0
2025-12-22 02:54:45,205 [INFO] ThirdParty:1030 - CMSIS Pack Vendor :wolfSSL I-CUBE-wolfMQTT 1.19.0
2025-12-22 02:54:45,205 [INFO] ThirdParty:1030 - CMSIS Pack Vendor :STMicroelectronics X-CUBE-AZRTOS-L4 2.0.0
2025-12-22 02:54:45,205 [INFO] ThirdParty:1030 - CMSIS Pack Vendor :STMicroelectronics ThreadX 0.0.2
2025-12-22 02:54:45,205 [INFO] ThirdParty:1030 - CMSIS Pack Vendor :WES I-CUBE-Cesium 1.3.0
2025-12-22 02:54:45,205 [INFO] ThirdParty:1030 - CMSIS Pack Vendor :STMicroelectronics lwIP 2.1.2
2025-12-22 02:54:45,205 [INFO] ThirdParty:1030 - CMSIS Pack Vendor :STMicroelectronics X-CUBE-SFXS2LP1 4.0.0
2025-12-22 02:54:45,205 [INFO] ThirdParty:1030 - CMSIS Pack Vendor :STMicroelectronics X-CUBE-BLE2 3.3.0
2025-12-22 02:54:45,205 [INFO] ThirdParty:1030 - CMSIS Pack Vendor :Avnet-IOTCONNECT X-CUBE-iotc-st67-sdk 1.0.0
2025-12-22 02:54:45,205 [INFO] ThirdParty:1030 - CMSIS Pack Vendor :STMicroelectronics PDM2PCM 3.2.0
2025-12-22 02:54:45,205 [INFO] ThirdParty:1030 - CMSIS Pack Vendor :STMicroelectronics X-CUBE-AZRTOS-H7 3.3.0
2025-12-22 02:54:45,205 [INFO] ThirdParty:1030 - CMSIS Pack Vendor :STMicroelectronics X-CUBE-NFC9 1.0.0
2025-12-22 02:54:45,205 [INFO] ThirdParty:1030 - CMSIS Pack Vendor :STMicroelectronics X-CUBE-BLE1 7.1.0
2025-12-22 02:54:45,205 [INFO] ThirdParty:1030 - CMSIS Pack Vendor :STMicroelectronics USB_DEVICE 3.0.0
2025-12-22 02:54:45,205 [INFO] ThirdParty:1030 - CMSIS Pack Vendor :STMicroelectronics X-CUBE-TCPP 4.1.0
2025-12-22 02:54:45,205 [INFO] ThirdParty:1030 - CMSIS Pack Vendor :STMicroelectronics X-CUBE-EEPRMA1 5.2.0
2025-12-22 02:54:45,205 [INFO] ThirdParty:1030 - CMSIS Pack Vendor :STMicroelectronics X-CUBE-BLEMGR 4.1.0
2025-12-22 02:54:45,205 [INFO] ThirdParty:1030 - CMSIS Pack Vendor :STMicroelectronics X-CUBE-IPS 3.0.0
2025-12-22 02:54:45,205 [INFO] ThirdParty:1030 - CMSIS Pack Vendor :STMicroelectronics X-CUBE-AZRTOS-WB 2.0.0
2025-12-22 02:54:45,205 [INFO] ThirdParty:1030 - CMSIS Pack Vendor :STMicroelectronics X-CUBE-GNSS1 7.0.0
2025-12-22 02:54:45,205 [INFO] ThirdParty:1030 - CMSIS Pack Vendor :STMicroelectronics X-CUBE-GNSS1 7.0.1
2025-12-22 02:54:45,205 [INFO] ThirdParty:1030 - CMSIS Pack Vendor :STMicroelectronics X-CUBE-TOUCHGFX 4.25.0
2025-12-22 02:54:45,205 [INFO] ThirdParty:1030 - CMSIS Pack Vendor :STMicroelectronics FP-SNS-STBOX1 2.0.0
2025-12-22 02:54:45,205 [INFO] ThirdParty:1030 - CMSIS Pack Vendor :STMicroelectronics X-CUBE-MEMS1 12.0.0
2025-12-22 02:54:45,205 [INFO] ThirdParty:1030 - CMSIS Pack Vendor :STMicroelectronics X-CUBE-AZRTOS-G0 1.1.0
2025-12-22 02:54:45,205 [INFO] ThirdParty:1030 - CMSIS Pack Vendor :STMicroelectronics X-CUBE-SAFEA1 1.2.2
2025-12-22 02:54:45,205 [INFO] ThirdParty:1030 - CMSIS Pack Vendor :STMicroelectronics X-CUBE-NFC4 3.0.0
2025-12-22 02:54:45,205 [INFO] ThirdParty:1030 - CMSIS Pack Vendor :STMicroelectronics X-CUBE-SUBG2 5.0.0
2025-12-22 02:54:45,205 [INFO] ThirdParty:1030 - CMSIS Pack Vendor :STMicroelectronics X-CUBE-AZRTOS-H7RS 1.1.0
2025-12-22 02:54:45,205 [INFO] ThirdParty:1030 - CMSIS Pack Vendor :STMicroelectronics STM32_WPAN 1.0.0
2025-12-22 02:54:45,206 [INFO] ThirdParty:1030 - CMSIS Pack Vendor :EmbeddedOffice I-CUBE-FS-RTOS 1.0.1
2025-12-22 02:54:45,206 [INFO] ThirdParty:1030 - CMSIS Pack Vendor :STMicroelectronics lwIP 2.0.3
2025-12-22 02:54:45,206 [INFO] ThirdParty:1030 - CMSIS Pack Vendor :Cesanta I-CUBE-Mongoose 7.13.0
2025-12-22 02:54:45,206 [INFO] ThirdParty:1030 - CMSIS Pack Vendor :STMicroelectronics USB_HOST 1.0.0
2025-12-22 02:54:45,206 [INFO] ThirdParty:1030 - CMSIS Pack Vendor :STMicroelectronics X-CUBE-AZRTOS-G4 2.0.0
2025-12-22 02:54:45,206 [INFO] ThirdParty:1030 - CMSIS Pack Vendor :STMicroelectronics X-CUBE-WB05N 2.0.0
2025-12-22 02:54:45,206 [INFO] ThirdParty:1030 - CMSIS Pack Vendor :STMicroelectronics PDM2PCM 3.1.0
2025-12-22 02:54:45,206 [INFO] ThirdParty:1030 - CMSIS Pack Vendor :STMicroelectronics X-CUBE-NFC7 2.0.0
2025-12-22 02:54:45,206 [INFO] ThirdParty:1030 - CMSIS Pack Vendor :STMicroelectronics X-CUBE-TCPP 4.2.0
2025-12-22 02:54:45,206 [INFO] ThirdParty:1030 - CMSIS Pack Vendor :RealThread X-CUBE-RT-Thread_Nano 4.1.1
2025-12-22 02:54:45,206 [INFO] ThirdParty:1030 - CMSIS Pack Vendor :STMicroelectronics FP-ATR-SIGFOX1 3.2.0
2025-12-22 02:54:45,206 [INFO] ThirdParty:1030 - CMSIS Pack Vendor :wolfSSL I-CUBE-wolfSSL 5.7.2
2025-12-22 02:54:45,206 [INFO] ThirdParty:1030 - CMSIS Pack Vendor :quantropi X-CUBE-qispace-sdk-base 1.9.3
2025-12-22 02:54:45,206 [INFO] ThirdParty:1030 - CMSIS Pack Vendor :STMicroelectronics X-CUBE-EEPRMA1 5.1.0
2025-12-22 02:54:45,206 [INFO] ThirdParty:1030 - CMSIS Pack Vendor :STMicroelectronics MBEDTLS 2.16.2
2025-12-22 02:54:45,206 [INFO] ThirdParty:1030 - CMSIS Pack Vendor :STMicroelectronics X-CUBE-IPS 3.1.0
2025-12-22 02:54:45,206 [INFO] ThirdParty:1030 - CMSIS Pack Vendor :STMicroelectronics X-CUBE-ALS 1.0.2
2025-12-22 02:54:45,206 [INFO] ThirdParty:1030 - CMSIS Pack Vendor :ITTIA_DB I-CUBE-ITTIADB 8.9.0
2025-12-22 02:54:45,206 [INFO] ThirdParty:1030 - CMSIS Pack Vendor :STMicroelectronics X-CUBE-TOUCHGFX 4.24.1
2025-12-22 02:54:45,206 [INFO] ThirdParty:1030 - CMSIS Pack Vendor :STMicroelectronics X-CUBE-STSE01 1.0.0
2025-12-22 02:54:45,206 [INFO] ThirdParty:1030 - CMSIS Pack Vendor :wolfSSL I-CUBE-wolfTPM 3.4.0
2025-12-22 02:54:45,206 [INFO] ThirdParty:1030 - CMSIS Pack Vendor :portGmbH I-Cube-SoM-uGOAL 1.1.0
2025-12-22 02:54:45,206 [INFO] ThirdParty:1030 - CMSIS Pack Vendor :STMicroelectronics X-CUBE-ST67W61 1.0.0
2025-12-22 02:54:45,206 [INFO] ThirdParty:1030 - CMSIS Pack Vendor :STMicroelectronics X-CUBE-AI 10.2.0
2025-12-22 02:54:45,206 [INFO] ThirdParty:1030 - CMSIS Pack Vendor :STMicroelectronics ThreadX 1.0.0
2025-12-22 02:54:45,206 [INFO] ThirdParty:1030 - CMSIS Pack Vendor :SEGGER I-CUBE-embOS 1.3.1
2025-12-22 02:54:45,206 [INFO] ThirdParty:1030 - CMSIS Pack Vendor :STMicroelectronics X-CUBE-ALGOBUILD 1.4.0
2025-12-22 02:54:45,206 [INFO] ThirdParty:1030 - CMSIS Pack Vendor :STMicroelectronics X-CUBE-MEMS1 11.3.0
2025-12-22 02:54:45,206 [INFO] ThirdParty:1030 - CMSIS Pack Vendor :STMicroelectronics X-CUBE-AZRTOS-H7RS 1.0.0
2025-12-22 02:54:45,206 [INFO] ThirdParty:1030 - CMSIS Pack Vendor :STMicroelectronics FP-ATR-ASTRA1 2.0.0
2025-12-22 02:54:45,206 [INFO] ThirdParty:1030 - CMSIS Pack Vendor :STMicroelectronics X-CUBE-TOF1 3.4.2
2025-12-22 02:54:45,206 [INFO] ThirdParty:1030 - CMSIS Pack Vendor :STMicroelectronics X-CUBE-TOF1 3.4.3
2025-12-22 02:54:45,206 [INFO] ThirdParty:1030 - CMSIS Pack Vendor :STMicroelectronics X-CUBE-AI 9.1.0
2025-12-22 02:54:45,206 [INFO] ThirdParty:1030 - CMSIS Pack Vendor :Infineon AIROC-Wi-Fi-Bluetooth-STM32 1.6.1
2025-12-22 02:54:45,206 [INFO] ThirdParty:1030 - CMSIS Pack Vendor :wolfSSL I-CUBE-wolfSSH 1.4.17
2025-12-22 02:54:45,206 [INFO] ThirdParty:841 - exiting critical section [change project]
2025-12-22 02:54:45,644 [INFO] PinOutPanel:1589 - setPackage(No Configuration,No Configuration)
2025-12-22 02:54:45,645 [INFO] PinOutPanel:1589 - setPackage(STM32H743IITx,LQFP176)
2025-12-22 02:54:46,114 [INFO] UtilMem:75 - Before build in PCC Used Memory: 962754872 Bytes (1073741824)
2025-12-22 02:54:46,525 [INFO] UtilMem:75 - After build in PCC Used Memory: 879142368 Bytes (1073741824)
2025-12-22 02:54:46,558 [INFO] IPUIPlugin:80 - create IPUIPlugin
2025-12-22 02:54:46,558 [INFO] IPUIPlugin:80 - create IPUIPlugin
2025-12-22 02:54:46,558 [INFO] IPUIPlugin:80 - create IPUIPlugin
2025-12-22 02:54:46,558 [INFO] IPUIPlugin:80 - create IPUIPlugin
2025-12-22 02:54:46,558 [INFO] IPUIPlugin:80 - create IPUIPlugin
2025-12-22 02:54:46,558 [INFO] IPUIPlugin:80 - create IPUIPlugin
2025-12-22 02:54:46,558 [INFO] IPUIPlugin:80 - create IPUIPlugin
2025-12-22 02:54:46,559 [INFO] IPUIPlugin:80 - create IPUIPlugin
2025-12-22 02:54:46,559 [INFO] IPUIPlugin:80 - create IPUIPlugin
2025-12-22 02:54:46,559 [INFO] IPUIPlugin:80 - create IPUIPlugin
2025-12-22 02:54:46,559 [INFO] IPUIPlugin:80 - create IPUIPlugin
2025-12-22 02:54:46,559 [INFO] IPUIPlugin:80 - create IPUIPlugin
2025-12-22 02:54:46,559 [INFO] IPUIPlugin:80 - create IPUIPlugin
2025-12-22 02:54:46,559 [INFO] IPUIPlugin:80 - create IPUIPlugin
2025-12-22 02:54:46,559 [INFO] IPUIPlugin:80 - create IPUIPlugin
2025-12-22 02:54:46,559 [INFO] IPUIPlugin:80 - create IPUIPlugin
2025-12-22 02:54:46,559 [INFO] IPUIPlugin:80 - create IPUIPlugin
2025-12-22 02:54:46,559 [INFO] IPUIPlugin:80 - create IPUIPlugin
2025-12-22 02:54:46,559 [INFO] IPUIPlugin:80 - create IPUIPlugin
2025-12-22 02:54:46,560 [INFO] IPUIPlugin:80 - create IPUIPlugin
2025-12-22 02:54:46,560 [INFO] IPUIPlugin:80 - create IPUIPlugin
2025-12-22 02:54:46,560 [INFO] IPUIPlugin:80 - create IPUIPlugin
2025-12-22 02:54:46,560 [INFO] IPUIPlugin:80 - create IPUIPlugin
2025-12-22 02:54:46,560 [INFO] IPUIPlugin:80 - create IPUIPlugin
2025-12-22 02:54:46,560 [INFO] IPUIPlugin:80 - create IPUIPlugin
2025-12-22 02:54:46,560 [INFO] IPUIPlugin:80 - create IPUIPlugin
2025-12-22 02:54:46,560 [INFO] IPUIPlugin:80 - create IPUIPlugin
2025-12-22 02:54:46,560 [INFO] IPUIPlugin:80 - create IPUIPlugin
2025-12-22 02:54:46,560 [INFO] IPUIPlugin:80 - create IPUIPlugin
2025-12-22 02:54:46,561 [INFO] IPUIPlugin:80 - create IPUIPlugin
2025-12-22 02:54:46,561 [INFO] IPUIPlugin:80 - create IPUIPlugin
2025-12-22 02:54:46,561 [INFO] IPUIPlugin:80 - create IPUIPlugin
2025-12-22 02:54:46,561 [INFO] IPUIPlugin:80 - create IPUIPlugin
2025-12-22 02:54:46,561 [INFO] IPUIPlugin:80 - create IPUIPlugin
2025-12-22 02:54:46,561 [INFO] IPUIPlugin:80 - create IPUIPlugin
2025-12-22 02:54:46,562 [INFO] IPUIPlugin:80 - create IPUIPlugin
2025-12-22 02:54:46,562 [INFO] IPUIPlugin:80 - create IPUIPlugin
2025-12-22 02:54:46,562 [INFO] IPUIPlugin:80 - create IPUIPlugin
2025-12-22 02:54:46,562 [INFO] IPUIPlugin:80 - create IPUIPlugin
2025-12-22 02:54:46,562 [INFO] IPUIPlugin:80 - create IPUIPlugin
2025-12-22 02:54:46,563 [INFO] IPUIPlugin:80 - create IPUIPlugin
2025-12-22 02:54:46,563 [INFO] IPUIPlugin:80 - create IPUIPlugin
2025-12-22 02:54:46,563 [INFO] IPUIPlugin:80 - create IPUIPlugin
2025-12-22 02:54:46,563 [INFO] IPUIPlugin:80 - create IPUIPlugin
2025-12-22 02:54:46,563 [INFO] IPUIPlugin:80 - create IPUIPlugin
2025-12-22 02:54:46,564 [INFO] IPUIPlugin:80 - create IPUIPlugin
2025-12-22 02:54:46,564 [INFO] IPUIPlugin:80 - create IPUIPlugin
2025-12-22 02:54:46,564 [INFO] IPUIPlugin:80 - create IPUIPlugin
2025-12-22 02:54:46,564 [INFO] IPUIPlugin:80 - create IPUIPlugin
2025-12-22 02:54:46,564 [INFO] IPUIPlugin:80 - create IPUIPlugin
2025-12-22 02:54:46,564 [INFO] IPUIPlugin:80 - create IPUIPlugin
2025-12-22 02:54:46,564 [INFO] IPUIPlugin:80 - create IPUIPlugin
2025-12-22 02:54:46,564 [INFO] IPUIPlugin:80 - create IPUIPlugin
2025-12-22 02:54:46,565 [INFO] IPUIPlugin:80 - create IPUIPlugin
2025-12-22 02:54:46,565 [INFO] IPUIPlugin:80 - create IPUIPlugin
2025-12-22 02:54:46,565 [INFO] IPUIPlugin:80 - create IPUIPlugin
2025-12-22 02:54:46,565 [INFO] IPUIPlugin:80 - create IPUIPlugin
2025-12-22 02:54:46,565 [INFO] IPUIPlugin:80 - create IPUIPlugin
2025-12-22 02:54:46,565 [INFO] IPUIPlugin:80 - create IPUIPlugin
2025-12-22 02:54:46,565 [INFO] IPUIPlugin:80 - create IPUIPlugin
2025-12-22 02:54:46,566 [INFO] IPUIPlugin:80 - create IPUIPlugin
2025-12-22 02:54:46,566 [INFO] IPUIPlugin:80 - create IPUIPlugin
2025-12-22 02:54:46,566 [INFO] IPUIPlugin:80 - create IPUIPlugin
2025-12-22 02:54:46,566 [INFO] IPUIPlugin:80 - create IPUIPlugin
2025-12-22 02:54:46,566 [INFO] IPUIPlugin:80 - create IPUIPlugin
2025-12-22 02:54:46,566 [INFO] IPUIPlugin:80 - create IPUIPlugin
2025-12-22 02:54:46,566 [INFO] IPUIPlugin:80 - create IPUIPlugin
2025-12-22 02:54:46,567 [INFO] IPUIPlugin:80 - create IPUIPlugin
2025-12-22 02:54:46,567 [INFO] IPUIPlugin:80 - create IPUIPlugin
2025-12-22 02:54:46,567 [INFO] IPUIPlugin:80 - create IPUIPlugin
2025-12-22 02:54:46,567 [INFO] IPUIPlugin:80 - create IPUIPlugin
2025-12-22 02:54:46,567 [INFO] IPUIPlugin:80 - create IPUIPlugin
2025-12-22 02:54:46,567 [INFO] IPUIPlugin:80 - create IPUIPlugin
2025-12-22 02:54:46,568 [INFO] IPUIPlugin:80 - create IPUIPlugin
2025-12-22 02:54:46,568 [INFO] IPUIPlugin:80 - create IPUIPlugin
2025-12-22 02:54:46,568 [INFO] IPUIPlugin:80 - create IPUIPlugin
2025-12-22 02:54:46,568 [INFO] IPUIPlugin:80 - create IPUIPlugin
2025-12-22 02:54:46,568 [INFO] IPUIPlugin:80 - create IPUIPlugin
2025-12-22 02:54:46,568 [INFO] IPUIPlugin:80 - create IPUIPlugin
2025-12-22 02:54:46,569 [INFO] IPUIPlugin:80 - create IPUIPlugin
2025-12-22 02:54:46,569 [INFO] IPUIPlugin:80 - create IPUIPlugin
2025-12-22 02:54:46,569 [INFO] IPUIPlugin:80 - create IPUIPlugin
2025-12-22 02:54:46,569 [INFO] IPUIPlugin:80 - create IPUIPlugin
2025-12-22 02:54:46,569 [INFO] IPUIPlugin:80 - create IPUIPlugin
2025-12-22 02:54:46,569 [INFO] IPUIPlugin:80 - create IPUIPlugin
2025-12-22 02:54:46,570 [INFO] IPUIPlugin:80 - create IPUIPlugin
2025-12-22 02:54:46,570 [INFO] IPUIPlugin:80 - create IPUIPlugin
2025-12-22 02:54:46,570 [INFO] IPUIPlugin:80 - create IPUIPlugin
2025-12-22 02:54:46,570 [INFO] IPUIPlugin:80 - create IPUIPlugin
2025-12-22 02:54:46,570 [INFO] IPUIPlugin:80 - create IPUIPlugin
2025-12-22 02:54:46,571 [INFO] IPUIPlugin:80 - create IPUIPlugin
2025-12-22 02:54:46,571 [INFO] IPUIPlugin:80 - create IPUIPlugin
2025-12-22 02:54:46,571 [INFO] IPUIPlugin:80 - create IPUIPlugin
2025-12-22 02:54:46,571 [INFO] IPUIPlugin:80 - create IPUIPlugin
2025-12-22 02:54:46,572 [INFO] IPUIPlugin:80 - create IPUIPlugin
2025-12-22 02:54:46,572 [INFO] IPUIPlugin:80 - create IPUIPlugin
2025-12-22 02:54:46,572 [INFO] IPUIPlugin:80 - create IPUIPlugin
2025-12-22 02:54:46,572 [INFO] IPUIPlugin:80 - create IPUIPlugin
2025-12-22 02:54:46,576 [INFO] ApiDbMcu:508 - Load IP Config File for PDM2PCM
2025-12-22 02:54:46,577 [WARN] IP:2251 - ClockDivider not found: check if there is a RefParameter without a condition.
2025-12-22 02:54:46,577 [WARN] IP:2251 - ClockDividerCCU not found: check if there is a RefParameter without a condition.
2025-12-22 02:54:46,577 [WARN] IP:2251 - MinOscClkPeriodsCCU not found: check if there is a RefParameter without a condition.
2025-12-22 02:54:46,577 [WARN] IP:2251 - TimeQuantaPerBitTimeCCU not found: check if there is a RefParameter without a condition.
2025-12-22 02:54:46,577 [WARN] IP:2251 - WatchdogStartValueCCU not found: check if there is a RefParameter without a condition.
2025-12-22 02:54:46,582 [INFO] LogOutputStream:77 - [STDOUT_REDIRECT] Nominal 
2025-12-22 02:54:46,582 [INFO] Can:71 - Can Add PropertyChangeListener com.st.microxplorer.plugins.ip.can.Can@57f3a06d
2025-12-22 02:54:46,656 [INFO] CADModel:165 - CPN selected for project levelSTM32H743IIT6
2025-12-22 02:54:46,656 [INFO] CADModel:114 - Register for checkConnection events
2025-12-22 02:54:46,723 [INFO] OpenFileManager:363 - Restore cursor
2025-12-22 02:54:46,861 [WARN] IP:2251 - LayerIdx_L1 not found: check if there is a RefParameter without a condition.
2025-12-22 02:54:46,972 [WARN] IP:2251 - ClockDivider not found: check if there is a RefParameter without a condition.
2025-12-22 02:54:46,972 [WARN] IP:2251 - ClockDividerCCU not found: check if there is a RefParameter without a condition.
2025-12-22 02:54:46,972 [WARN] IP:2251 - MinOscClkPeriodsCCU not found: check if there is a RefParameter without a condition.
2025-12-22 02:54:46,972 [WARN] IP:2251 - TimeQuantaPerBitTimeCCU not found: check if there is a RefParameter without a condition.
2025-12-22 02:54:46,972 [WARN] IP:2251 - WatchdogStartValueCCU not found: check if there is a RefParameter without a condition.
2025-12-22 02:55:04,878 [WARN] IP:2251 - ClockDivider not found: check if there is a RefParameter without a condition.
2025-12-22 02:55:04,878 [WARN] IP:2251 - ClockDividerCCU not found: check if there is a RefParameter without a condition.
2025-12-22 02:55:04,878 [WARN] IP:2251 - MinOscClkPeriodsCCU not found: check if there is a RefParameter without a condition.
2025-12-22 02:55:04,878 [WARN] IP:2251 - TimeQuantaPerBitTimeCCU not found: check if there is a RefParameter without a condition.
2025-12-22 02:55:04,878 [WARN] IP:2251 - WatchdogStartValueCCU not found: check if there is a RefParameter without a condition.
2025-12-22 02:55:04,930 [INFO] NvicIntPanel:101 - NVIC parent = com.st.microxplorer.plugins.ip.nvic.MultiNvicIntPanel[,0,0,0x0,invalid,layout=javax.swing.BoxLayout,alignmentX=0.0,alignmentY=0.0,border=,flags=9,maximumSize=,minimumSize=,preferredSize=]
2025-12-22 02:55:07,676 [WARN] IP:2251 - ClockDivider not found: check if there is a RefParameter without a condition.
2025-12-22 02:55:07,676 [WARN] IP:2251 - ClockDividerCCU not found: check if there is a RefParameter without a condition.
2025-12-22 02:55:07,677 [WARN] IP:2251 - MinOscClkPeriodsCCU not found: check if there is a RefParameter without a condition.
2025-12-22 02:55:07,677 [WARN] IP:2251 - TimeQuantaPerBitTimeCCU not found: check if there is a RefParameter without a condition.
2025-12-22 02:55:07,677 [WARN] IP:2251 - WatchdogStartValueCCU not found: check if there is a RefParameter without a condition.
2025-12-22 02:55:07,720 [INFO] NvicIntPanel:101 - NVIC parent = com.st.microxplorer.plugins.ip.nvic.MultiNvicIntPanel[,0,0,0x0,invalid,layout=javax.swing.BoxLayout,alignmentX=0.0,alignmentY=0.0,border=,flags=9,maximumSize=,minimumSize=,preferredSize=]
2025-12-22 02:55:11,585 [WARN] IP:2251 - ClockDivider not found: check if there is a RefParameter without a condition.
2025-12-22 02:55:11,585 [WARN] IP:2251 - ClockDividerCCU not found: check if there is a RefParameter without a condition.
2025-12-22 02:55:11,585 [WARN] IP:2251 - MinOscClkPeriodsCCU not found: check if there is a RefParameter without a condition.
2025-12-22 02:55:11,585 [WARN] IP:2251 - TimeQuantaPerBitTimeCCU not found: check if there is a RefParameter without a condition.
2025-12-22 02:55:11,585 [WARN] IP:2251 - WatchdogStartValueCCU not found: check if there is a RefParameter without a condition.
2025-12-22 02:55:11,631 [INFO] NvicIntPanel:101 - NVIC parent = com.st.microxplorer.plugins.ip.nvic.MultiNvicIntPanel[,0,0,0x0,invalid,layout=javax.swing.BoxLayout,alignmentX=0.0,alignmentY=0.0,border=,flags=9,maximumSize=,minimumSize=,preferredSize=]
2025-12-22 02:55:29,223 [WARN] IP:2251 - ClockDivider not found: check if there is a RefParameter without a condition.
2025-12-22 02:55:29,224 [WARN] IP:2251 - ClockDividerCCU not found: check if there is a RefParameter without a condition.
2025-12-22 02:55:29,224 [WARN] IP:2251 - MinOscClkPeriodsCCU not found: check if there is a RefParameter without a condition.
2025-12-22 02:55:29,224 [WARN] IP:2251 - TimeQuantaPerBitTimeCCU not found: check if there is a RefParameter without a condition.
2025-12-22 02:55:29,224 [WARN] IP:2251 - WatchdogStartValueCCU not found: check if there is a RefParameter without a condition.
2025-12-22 02:55:29,297 [INFO] NvicIntPanel:101 - NVIC parent = com.st.microxplorer.plugins.ip.nvic.MultiNvicIntPanel[,0,0,0x0,invalid,layout=javax.swing.BoxLayout,alignmentX=0.0,alignmentY=0.0,border=,flags=9,maximumSize=,minimumSize=,preferredSize=]
2025-12-22 02:55:33,031 [WARN] IP:2251 - ClockDivider not found: check if there is a RefParameter without a condition.
2025-12-22 02:55:33,032 [WARN] IP:2251 - ClockDividerCCU not found: check if there is a RefParameter without a condition.
2025-12-22 02:55:33,032 [WARN] IP:2251 - MinOscClkPeriodsCCU not found: check if there is a RefParameter without a condition.
2025-12-22 02:55:33,032 [WARN] IP:2251 - TimeQuantaPerBitTimeCCU not found: check if there is a RefParameter without a condition.
2025-12-22 02:55:33,032 [WARN] IP:2251 - WatchdogStartValueCCU not found: check if there is a RefParameter without a condition.
2025-12-22 02:55:33,079 [INFO] NvicIntPanel:101 - NVIC parent = com.st.microxplorer.plugins.ip.nvic.MultiNvicIntPanel[,0,0,0x0,invalid,layout=javax.swing.BoxLayout,alignmentX=0.0,alignmentY=0.0,border=,flags=9,maximumSize=,minimumSize=,preferredSize=]
2025-12-22 02:55:37,719 [WARN] IP:2251 - ClockDivider not found: check if there is a RefParameter without a condition.
2025-12-22 02:55:37,719 [WARN] IP:2251 - ClockDividerCCU not found: check if there is a RefParameter without a condition.
2025-12-22 02:55:37,719 [WARN] IP:2251 - MinOscClkPeriodsCCU not found: check if there is a RefParameter without a condition.
2025-12-22 02:55:37,719 [WARN] IP:2251 - TimeQuantaPerBitTimeCCU not found: check if there is a RefParameter without a condition.
2025-12-22 02:55:37,719 [WARN] IP:2251 - WatchdogStartValueCCU not found: check if there is a RefParameter without a condition.
2025-12-22 02:55:37,765 [INFO] NvicIntPanel:101 - NVIC parent = com.st.microxplorer.plugins.ip.nvic.MultiNvicIntPanel[,0,0,0x0,invalid,layout=javax.swing.BoxLayout,alignmentX=0.0,alignmentY=0.0,border=,flags=9,maximumSize=,minimumSize=,preferredSize=]
2025-12-22 02:55:40,036 [WARN] IP:2251 - ClockDivider not found: check if there is a RefParameter without a condition.
2025-12-22 02:55:40,036 [WARN] IP:2251 - ClockDividerCCU not found: check if there is a RefParameter without a condition.
2025-12-22 02:55:40,036 [WARN] IP:2251 - MinOscClkPeriodsCCU not found: check if there is a RefParameter without a condition.
2025-12-22 02:55:40,036 [WARN] IP:2251 - TimeQuantaPerBitTimeCCU not found: check if there is a RefParameter without a condition.
2025-12-22 02:55:40,036 [WARN] IP:2251 - WatchdogStartValueCCU not found: check if there is a RefParameter without a condition.
2025-12-22 02:55:40,073 [INFO] NvicIntPanel:101 - NVIC parent = com.st.microxplorer.plugins.ip.nvic.MultiNvicIntPanel[,0,0,0x0,invalid,layout=javax.swing.BoxLayout,alignmentX=0.0,alignmentY=0.0,border=,flags=9,maximumSize=,minimumSize=,preferredSize=]
2025-12-22 02:55:54,367 [WARN] IP:2251 - ClockDivider not found: check if there is a RefParameter without a condition.
2025-12-22 02:55:54,367 [WARN] IP:2251 - ClockDividerCCU not found: check if there is a RefParameter without a condition.
2025-12-22 02:55:54,367 [WARN] IP:2251 - MinOscClkPeriodsCCU not found: check if there is a RefParameter without a condition.
2025-12-22 02:55:54,367 [WARN] IP:2251 - TimeQuantaPerBitTimeCCU not found: check if there is a RefParameter without a condition.
2025-12-22 02:55:54,367 [WARN] IP:2251 - WatchdogStartValueCCU not found: check if there is a RefParameter without a condition.
2025-12-22 02:55:54,414 [INFO] NvicIntPanel:101 - NVIC parent = com.st.microxplorer.plugins.ip.nvic.MultiNvicIntPanel[,0,0,0x0,invalid,layout=javax.swing.BoxLayout,alignmentX=0.0,alignmentY=0.0,border=,flags=9,maximumSize=,minimumSize=,preferredSize=]
2025-12-22 02:55:56,247 [WARN] IP:2251 - ClockDivider not found: check if there is a RefParameter without a condition.
2025-12-22 02:55:56,247 [WARN] IP:2251 - ClockDividerCCU not found: check if there is a RefParameter without a condition.
2025-12-22 02:55:56,247 [WARN] IP:2251 - MinOscClkPeriodsCCU not found: check if there is a RefParameter without a condition.
2025-12-22 02:55:56,247 [WARN] IP:2251 - TimeQuantaPerBitTimeCCU not found: check if there is a RefParameter without a condition.
2025-12-22 02:55:56,247 [WARN] IP:2251 - WatchdogStartValueCCU not found: check if there is a RefParameter without a condition.
2025-12-22 02:55:56,288 [INFO] NvicIntPanel:101 - NVIC parent = com.st.microxplorer.plugins.ip.nvic.MultiNvicIntPanel[,0,0,0x0,invalid,layout=javax.swing.BoxLayout,alignmentX=0.0,alignmentY=0.0,border=,flags=9,maximumSize=,minimumSize=,preferredSize=]
2025-12-22 02:56:07,396 [WARN] IP:2251 - ClockDivider not found: check if there is a RefParameter without a condition.
2025-12-22 02:56:07,396 [WARN] IP:2251 - ClockDividerCCU not found: check if there is a RefParameter without a condition.
2025-12-22 02:56:07,396 [WARN] IP:2251 - MinOscClkPeriodsCCU not found: check if there is a RefParameter without a condition.
2025-12-22 02:56:07,396 [WARN] IP:2251 - TimeQuantaPerBitTimeCCU not found: check if there is a RefParameter without a condition.
2025-12-22 02:56:07,396 [WARN] IP:2251 - WatchdogStartValueCCU not found: check if there is a RefParameter without a condition.
2025-12-22 02:56:07,436 [INFO] NvicIntPanel:101 - NVIC parent = com.st.microxplorer.plugins.ip.nvic.MultiNvicIntPanel[,0,0,0x0,invalid,layout=javax.swing.BoxLayout,alignmentX=0.0,alignmentY=0.0,border=,flags=9,maximumSize=,minimumSize=,preferredSize=]
2025-12-22 02:56:07,515 [WARN] IP:2251 - ClockDivider not found: check if there is a RefParameter without a condition.
2025-12-22 02:56:07,515 [WARN] IP:2251 - ClockDividerCCU not found: check if there is a RefParameter without a condition.
2025-12-22 02:56:07,515 [WARN] IP:2251 - MinOscClkPeriodsCCU not found: check if there is a RefParameter without a condition.
2025-12-22 02:56:07,515 [WARN] IP:2251 - TimeQuantaPerBitTimeCCU not found: check if there is a RefParameter without a condition.
2025-12-22 02:56:07,515 [WARN] IP:2251 - WatchdogStartValueCCU not found: check if there is a RefParameter without a condition.
2025-12-22 02:56:07,548 [INFO] NvicIntPanel:101 - NVIC parent = com.st.microxplorer.plugins.ip.nvic.MultiNvicIntPanel[,0,0,0x0,invalid,layout=javax.swing.BoxLayout,alignmentX=0.0,alignmentY=0.0,border=,flags=9,maximumSize=,minimumSize=,preferredSize=]
2025-12-22 02:56:11,668 [WARN] IP:2251 - ClockDivider not found: check if there is a RefParameter without a condition.
2025-12-22 02:56:11,668 [WARN] IP:2251 - ClockDividerCCU not found: check if there is a RefParameter without a condition.
2025-12-22 02:56:11,668 [WARN] IP:2251 - MinOscClkPeriodsCCU not found: check if there is a RefParameter without a condition.
2025-12-22 02:56:11,668 [WARN] IP:2251 - TimeQuantaPerBitTimeCCU not found: check if there is a RefParameter without a condition.
2025-12-22 02:56:11,668 [WARN] IP:2251 - WatchdogStartValueCCU not found: check if there is a RefParameter without a condition.
2025-12-22 02:56:11,703 [INFO] NvicIntPanel:101 - NVIC parent = com.st.microxplorer.plugins.ip.nvic.MultiNvicIntPanel[,0,0,0x0,invalid,layout=javax.swing.BoxLayout,alignmentX=0.0,alignmentY=0.0,border=,flags=9,maximumSize=,minimumSize=,preferredSize=]
2025-12-22 02:56:11,798 [WARN] IP:2251 - ClockDivider not found: check if there is a RefParameter without a condition.
2025-12-22 02:56:11,799 [WARN] IP:2251 - ClockDividerCCU not found: check if there is a RefParameter without a condition.
2025-12-22 02:56:11,799 [WARN] IP:2251 - MinOscClkPeriodsCCU not found: check if there is a RefParameter without a condition.
2025-12-22 02:56:11,799 [WARN] IP:2251 - TimeQuantaPerBitTimeCCU not found: check if there is a RefParameter without a condition.
2025-12-22 02:56:11,799 [WARN] IP:2251 - WatchdogStartValueCCU not found: check if there is a RefParameter without a condition.
2025-12-22 02:56:11,838 [INFO] NvicIntPanel:101 - NVIC parent = com.st.microxplorer.plugins.ip.nvic.MultiNvicIntPanel[,0,0,0x0,invalid,layout=javax.swing.BoxLayout,alignmentX=0.0,alignmentY=0.0,border=,flags=9,maximumSize=,minimumSize=,preferredSize=]
2025-12-22 02:56:15,452 [WARN] IP:2251 - ClockDivider not found: check if there is a RefParameter without a condition.
2025-12-22 02:56:15,452 [WARN] IP:2251 - ClockDividerCCU not found: check if there is a RefParameter without a condition.
2025-12-22 02:56:15,452 [WARN] IP:2251 - MinOscClkPeriodsCCU not found: check if there is a RefParameter without a condition.
2025-12-22 02:56:15,452 [WARN] IP:2251 - TimeQuantaPerBitTimeCCU not found: check if there is a RefParameter without a condition.
2025-12-22 02:56:15,452 [WARN] IP:2251 - WatchdogStartValueCCU not found: check if there is a RefParameter without a condition.
2025-12-22 02:56:15,491 [INFO] NvicIntPanel:101 - NVIC parent = com.st.microxplorer.plugins.ip.nvic.MultiNvicIntPanel[,0,0,0x0,invalid,layout=javax.swing.BoxLayout,alignmentX=0.0,alignmentY=0.0,border=,flags=9,maximumSize=,minimumSize=,preferredSize=]
2025-12-22 02:56:15,578 [WARN] IP:2251 - ClockDivider not found: check if there is a RefParameter without a condition.
2025-12-22 02:56:15,578 [WARN] IP:2251 - ClockDividerCCU not found: check if there is a RefParameter without a condition.
2025-12-22 02:56:15,578 [WARN] IP:2251 - MinOscClkPeriodsCCU not found: check if there is a RefParameter without a condition.
2025-12-22 02:56:15,578 [WARN] IP:2251 - TimeQuantaPerBitTimeCCU not found: check if there is a RefParameter without a condition.
2025-12-22 02:56:15,578 [WARN] IP:2251 - WatchdogStartValueCCU not found: check if there is a RefParameter without a condition.
2025-12-22 02:56:15,604 [INFO] NvicIntPanel:101 - NVIC parent = com.st.microxplorer.plugins.ip.nvic.MultiNvicIntPanel[,0,0,0x0,invalid,layout=javax.swing.BoxLayout,alignmentX=0.0,alignmentY=0.0,border=,flags=9,maximumSize=,minimumSize=,preferredSize=]
2025-12-22 02:56:18,479 [INFO] UtilMem:75 - End SaveConfig() Used Memory: 852284584 Bytes (1073741824)
2025-12-22 02:56:20,527 [INFO] UtilMem:75 - End SaveConfig() Used Memory: 1008081400 Bytes (1073741824)
2025-12-22 02:56:21,092 [INFO] BlockDiagram:2766 - set Specific Code input for plugin: LTDC
2025-12-22 02:56:21,092 [INFO] BlockDiagram:2766 - set Specific Code input for plugin: RCC
2025-12-22 02:56:21,092 [INFO] BlockDiagram:2766 - set Specific Code input for plugin: I2C
2025-12-22 02:56:21,092 [INFO] BlockDiagram:2766 - set Specific Code input for plugin: I2C
2025-12-22 02:56:21,092 [INFO] BlockDiagram:2766 - set Specific Code input for plugin: SDMMC
2025-12-22 02:56:21,092 [INFO] BlockDiagram:2766 - set Specific Code input for plugin: FMC
2025-12-22 02:56:21,092 [INFO] BlockDiagram:2766 - set Specific Code input for plugin: FDCAN
2025-12-22 02:56:21,093 [INFO] BlockDiagram:2766 - set Specific Code input for plugin: QUADSPI
2025-12-22 02:56:21,093 [INFO] BlockDiagram:2766 - set Specific Code input for plugin: MEMORYMAP
2025-12-22 02:56:21,093 [INFO] BlockDiagram:2766 - set Specific Code input for plugin: SYS
2025-12-22 02:56:21,093 [INFO] BlockDiagram:2766 - set Specific Code input for plugin: CRC
2025-12-22 02:56:21,093 [INFO] BlockDiagram:2766 - set Specific Code input for plugin: NVIC
2025-12-22 02:56:21,093 [INFO] BlockDiagram:2766 - set Specific Code input for plugin: DMA2D
2025-12-22 02:56:21,093 [INFO] BlockDiagram:2766 - set Specific Code input for plugin: CORTEX_M7
2025-12-22 02:56:21,093 [INFO] BlockDiagram:2766 - set Specific Code input for plugin: DEBUG
2025-12-22 02:56:21,093 [INFO] BlockDiagram:2766 - set Specific Code input for plugin: GPIO
2025-12-22 02:56:21,094 [INFO] CodeGenerator:896 - code generatio: config db path: C:\ST\STM32CubeIDE_1.17.0\STM32CubeIDE\plugins\com.st.stm32cube.common.mx_6.13.0.202411220809\\db\
2025-12-22 02:56:21,103 [WARN] IP:2251 - ClockDivider not found: check if there is a RefParameter without a condition.
2025-12-22 02:56:21,103 [WARN] IP:2251 - ClockDividerCCU not found: check if there is a RefParameter without a condition.
2025-12-22 02:56:21,103 [WARN] IP:2251 - MinOscClkPeriodsCCU not found: check if there is a RefParameter without a condition.
2025-12-22 02:56:21,103 [WARN] IP:2251 - TimeQuantaPerBitTimeCCU not found: check if there is a RefParameter without a condition.
2025-12-22 02:56:21,103 [WARN] IP:2251 - WatchdogStartValueCCU not found: check if there is a RefParameter without a condition.
2025-12-22 02:56:21,111 [WARN] IP:2251 - LayerIdx_L1 not found: check if there is a RefParameter without a condition.
2025-12-22 02:56:21,236 [INFO] CodeEngine:255 - oldGeneratedFile, C:\Users\kamil\STM32CubeIDE\workspace_1.17.0\STM32H743IIT6-projects\Rower elektryczny\MXTmpFiles\license.tmp_save
2025-12-22 02:56:21,437 [INFO] CodeEngine:279 - Generated code: C:\Users\kamil\STM32CubeIDE\workspace_1.17.0\STM32H743IIT6-projects\Rower elektryczny\MXTmpFiles\license.tmp
2025-12-22 02:56:21,627 [INFO] CodeEngine:255 - oldGeneratedFile, C:\Users\kamil\STM32CubeIDE\workspace_1.17.0\STM32H743IIT6-projects\Rower elektryczny\Core\Src\gpio.c_save
2025-12-22 02:56:21,760 [INFO] CodeEngine:279 - Generated code: C:\Users\kamil\STM32CubeIDE\workspace_1.17.0\STM32H743IIT6-projects\Rower elektryczny\Core\Src\gpio.c
2025-12-22 02:56:21,792 [INFO] CodeEngine:255 - oldGeneratedFile, C:\Users\kamil\STM32CubeIDE\workspace_1.17.0\STM32H743IIT6-projects\Rower elektryczny\Core\Inc\gpio.h_save
2025-12-22 02:56:21,894 [INFO] CodeEngine:279 - Generated code: C:\Users\kamil\STM32CubeIDE\workspace_1.17.0\STM32H743IIT6-projects\Rower elektryczny\Core\Inc\gpio.h
2025-12-22 02:56:22,169 [WARN] IPConfigManager:98 - WARNING: Missing Config File for DEBUG ip!!
2025-12-22 02:56:23,401 [WARN] IPConfigManager:98 - WARNING: Missing Config File for MEMORYMAP ip!!
2025-12-22 02:56:24,093 [INFO] CodeEngine:255 - oldGeneratedFile, C:\Users\kamil\STM32CubeIDE\workspace_1.17.0\STM32H743IIT6-projects\Rower elektryczny\MXTmpFiles\cortex.tmp_save
2025-12-22 02:56:24,178 [INFO] CodeEngine:279 - Generated code: C:\Users\kamil\STM32CubeIDE\workspace_1.17.0\STM32H743IIT6-projects\Rower elektryczny\MXTmpFiles\cortex.tmp
2025-12-22 02:56:24,217 [INFO] CodeEngine:255 - oldGeneratedFile, C:\Users\kamil\STM32CubeIDE\workspace_1.17.0\STM32H743IIT6-projects\Rower elektryczny\Core\Src\crc.c_save
2025-12-22 02:56:24,311 [INFO] CodeEngine:279 - Generated code: C:\Users\kamil\STM32CubeIDE\workspace_1.17.0\STM32H743IIT6-projects\Rower elektryczny\Core\Src\crc.c
2025-12-22 02:56:24,335 [INFO] CodeEngine:255 - oldGeneratedFile, C:\Users\kamil\STM32CubeIDE\workspace_1.17.0\STM32H743IIT6-projects\Rower elektryczny\Core\Inc\crc.h_save
2025-12-22 02:56:24,413 [INFO] CodeEngine:279 - Generated code: C:\Users\kamil\STM32CubeIDE\workspace_1.17.0\STM32H743IIT6-projects\Rower elektryczny\Core\Inc\crc.h
2025-12-22 02:56:24,436 [INFO] CodeEngine:255 - oldGeneratedFile, C:\Users\kamil\STM32CubeIDE\workspace_1.17.0\STM32H743IIT6-projects\Rower elektryczny\Core\Src\dma2d.c_save
2025-12-22 02:56:24,526 [INFO] CodeEngine:279 - Generated code: C:\Users\kamil\STM32CubeIDE\workspace_1.17.0\STM32H743IIT6-projects\Rower elektryczny\Core\Src\dma2d.c
2025-12-22 02:56:24,533 [INFO] CodeEngine:255 - oldGeneratedFile, C:\Users\kamil\STM32CubeIDE\workspace_1.17.0\STM32H743IIT6-projects\Rower elektryczny\Core\Inc\dma2d.h_save
2025-12-22 02:56:24,615 [INFO] CodeEngine:279 - Generated code: C:\Users\kamil\STM32CubeIDE\workspace_1.17.0\STM32H743IIT6-projects\Rower elektryczny\Core\Inc\dma2d.h
2025-12-22 02:56:24,642 [INFO] CodeEngine:255 - oldGeneratedFile, C:\Users\kamil\STM32CubeIDE\workspace_1.17.0\STM32H743IIT6-projects\Rower elektryczny\Core\Src\fdcan.c_save
2025-12-22 02:56:24,751 [INFO] CodeEngine:279 - Generated code: C:\Users\kamil\STM32CubeIDE\workspace_1.17.0\STM32H743IIT6-projects\Rower elektryczny\Core\Src\fdcan.c
2025-12-22 02:56:24,771 [INFO] CodeEngine:255 - oldGeneratedFile, C:\Users\kamil\STM32CubeIDE\workspace_1.17.0\STM32H743IIT6-projects\Rower elektryczny\Core\Inc\fdcan.h_save
2025-12-22 02:56:24,852 [INFO] CodeEngine:279 - Generated code: C:\Users\kamil\STM32CubeIDE\workspace_1.17.0\STM32H743IIT6-projects\Rower elektryczny\Core\Inc\fdcan.h
2025-12-22 02:56:24,884 [INFO] CodeEngine:255 - oldGeneratedFile, C:\Users\kamil\STM32CubeIDE\workspace_1.17.0\STM32H743IIT6-projects\Rower elektryczny\Core\Src\fmc.c_save
2025-12-22 02:56:24,973 [INFO] CodeEngine:279 - Generated code: C:\Users\kamil\STM32CubeIDE\workspace_1.17.0\STM32H743IIT6-projects\Rower elektryczny\Core\Src\fmc.c
2025-12-22 02:56:24,997 [INFO] CodeEngine:255 - oldGeneratedFile, C:\Users\kamil\STM32CubeIDE\workspace_1.17.0\STM32H743IIT6-projects\Rower elektryczny\Core\Inc\fmc.h_save
2025-12-22 02:56:25,071 [INFO] CodeEngine:279 - Generated code: C:\Users\kamil\STM32CubeIDE\workspace_1.17.0\STM32H743IIT6-projects\Rower elektryczny\Core\Inc\fmc.h
2025-12-22 02:56:25,094 [INFO] CodeEngine:255 - oldGeneratedFile, C:\Users\kamil\STM32CubeIDE\workspace_1.17.0\STM32H743IIT6-projects\Rower elektryczny\Core\Src\i2c.c_save
2025-12-22 02:56:25,218 [INFO] CodeEngine:279 - Generated code: C:\Users\kamil\STM32CubeIDE\workspace_1.17.0\STM32H743IIT6-projects\Rower elektryczny\Core\Src\i2c.c
2025-12-22 02:56:25,228 [INFO] CodeEngine:255 - oldGeneratedFile, C:\Users\kamil\STM32CubeIDE\workspace_1.17.0\STM32H743IIT6-projects\Rower elektryczny\Core\Inc\i2c.h_save
2025-12-22 02:56:25,333 [INFO] CodeEngine:279 - Generated code: C:\Users\kamil\STM32CubeIDE\workspace_1.17.0\STM32H743IIT6-projects\Rower elektryczny\Core\Inc\i2c.h
2025-12-22 02:56:25,352 [INFO] CodeEngine:255 - oldGeneratedFile, C:\Users\kamil\STM32CubeIDE\workspace_1.17.0\STM32H743IIT6-projects\Rower elektryczny\Core\Src\ltdc.c_save
2025-12-22 02:56:25,466 [INFO] CodeEngine:279 - Generated code: C:\Users\kamil\STM32CubeIDE\workspace_1.17.0\STM32H743IIT6-projects\Rower elektryczny\Core\Src\ltdc.c
2025-12-22 02:56:25,474 [INFO] CodeEngine:255 - oldGeneratedFile, C:\Users\kamil\STM32CubeIDE\workspace_1.17.0\STM32H743IIT6-projects\Rower elektryczny\Core\Inc\ltdc.h_save
2025-12-22 02:56:25,564 [INFO] CodeEngine:279 - Generated code: C:\Users\kamil\STM32CubeIDE\workspace_1.17.0\STM32H743IIT6-projects\Rower elektryczny\Core\Inc\ltdc.h
2025-12-22 02:56:25,591 [INFO] CodeEngine:255 - oldGeneratedFile, C:\Users\kamil\STM32CubeIDE\workspace_1.17.0\STM32H743IIT6-projects\Rower elektryczny\Core\Src\memorymap.c_save
2025-12-22 02:56:25,678 [INFO] CodeEngine:279 - Generated code: C:\Users\kamil\STM32CubeIDE\workspace_1.17.0\STM32H743IIT6-projects\Rower elektryczny\Core\Src\memorymap.c
2025-12-22 02:56:25,685 [INFO] CodeEngine:255 - oldGeneratedFile, C:\Users\kamil\STM32CubeIDE\workspace_1.17.0\STM32H743IIT6-projects\Rower elektryczny\Core\Inc\memorymap.h_save
2025-12-22 02:56:25,759 [INFO] CodeEngine:279 - Generated code: C:\Users\kamil\STM32CubeIDE\workspace_1.17.0\STM32H743IIT6-projects\Rower elektryczny\Core\Inc\memorymap.h
2025-12-22 02:56:25,786 [INFO] CodeEngine:255 - oldGeneratedFile, C:\Users\kamil\STM32CubeIDE\workspace_1.17.0\STM32H743IIT6-projects\Rower elektryczny\Core\Src\quadspi.c_save
2025-12-22 02:56:25,862 [INFO] CodeEngine:279 - Generated code: C:\Users\kamil\STM32CubeIDE\workspace_1.17.0\STM32H743IIT6-projects\Rower elektryczny\Core\Src\quadspi.c
2025-12-22 02:56:25,867 [INFO] CodeEngine:255 - oldGeneratedFile, C:\Users\kamil\STM32CubeIDE\workspace_1.17.0\STM32H743IIT6-projects\Rower elektryczny\Core\Inc\quadspi.h_save
2025-12-22 02:56:25,936 [INFO] CodeEngine:279 - Generated code: C:\Users\kamil\STM32CubeIDE\workspace_1.17.0\STM32H743IIT6-projects\Rower elektryczny\Core\Inc\quadspi.h
2025-12-22 02:56:25,954 [INFO] CodeEngine:255 - oldGeneratedFile, C:\Users\kamil\STM32CubeIDE\workspace_1.17.0\STM32H743IIT6-projects\Rower elektryczny\Core\Src\sdmmc.c_save
2025-12-22 02:56:26,028 [INFO] CodeEngine:279 - Generated code: C:\Users\kamil\STM32CubeIDE\workspace_1.17.0\STM32H743IIT6-projects\Rower elektryczny\Core\Src\sdmmc.c
2025-12-22 02:56:26,033 [INFO] CodeEngine:255 - oldGeneratedFile, C:\Users\kamil\STM32CubeIDE\workspace_1.17.0\STM32H743IIT6-projects\Rower elektryczny\Core\Inc\sdmmc.h_save
2025-12-22 02:56:26,102 [INFO] CodeEngine:279 - Generated code: C:\Users\kamil\STM32CubeIDE\workspace_1.17.0\STM32H743IIT6-projects\Rower elektryczny\Core\Inc\sdmmc.h
2025-12-22 02:56:26,131 [INFO] CodeEngine:255 - oldGeneratedFile, C:\Users\kamil\STM32CubeIDE\workspace_1.17.0\STM32H743IIT6-projects\Rower elektryczny\Core\Src\stm32h7xx_it.c_save
2025-12-22 02:56:26,269 [INFO] CodeEngine:279 - Generated code: C:\Users\kamil\STM32CubeIDE\workspace_1.17.0\STM32H743IIT6-projects\Rower elektryczny\Core\Src\stm32h7xx_it.c
2025-12-22 02:56:26,275 [INFO] CodeEngine:255 - oldGeneratedFile, C:\Users\kamil\STM32CubeIDE\workspace_1.17.0\STM32H743IIT6-projects\Rower elektryczny\Core\Inc\stm32h7xx_it.h_save
2025-12-22 02:56:26,338 [INFO] CodeEngine:279 - Generated code: C:\Users\kamil\STM32CubeIDE\workspace_1.17.0\STM32H743IIT6-projects\Rower elektryczny\Core\Inc\stm32h7xx_it.h
2025-12-22 02:56:26,596 [INFO] CodeEngine:255 - oldGeneratedFile, C:\Users\kamil\STM32CubeIDE\workspace_1.17.0\STM32H743IIT6-projects\Rower elektryczny\Core\Src\stm32h7xx_hal_msp.c_save
2025-12-22 02:56:26,706 [INFO] CodeEngine:279 - Generated code: C:\Users\kamil\STM32CubeIDE\workspace_1.17.0\STM32H743IIT6-projects\Rower elektryczny\Core\Src\stm32h7xx_hal_msp.c
2025-12-22 02:56:26,714 [INFO] CodeEngine:255 - oldGeneratedFile, C:\Users\kamil\STM32CubeIDE\workspace_1.17.0\STM32H743IIT6-projects\Rower elektryczny\MXTmpFiles\system.tmp_save
2025-12-22 02:56:26,779 [INFO] CodeEngine:279 - Generated code: C:\Users\kamil\STM32CubeIDE\workspace_1.17.0\STM32H743IIT6-projects\Rower elektryczny\MXTmpFiles\system.tmp
2025-12-22 02:56:26,809 [INFO] CodeEngine:311 - oldGeneratedFile, C:\Users\kamil\STM32CubeIDE\workspace_1.17.0\STM32H743IIT6-projects\Rower elektryczny\Core\Inc\stm32h7xx_hal_conf.h_save
2025-12-22 02:56:26,943 [INFO] CodeEngine:335 - Generated code: C:\Users\kamil\STM32CubeIDE\workspace_1.17.0\STM32H743IIT6-projects\Rower elektryczny\Core\Inc\stm32h7xx_hal_conf.h
2025-12-22 02:56:26,995 [INFO] ApiDbMcu:508 - Load IP Config File for CRC
2025-12-22 02:56:27,001 [INFO] ApiDbMcu:508 - Load IP Config File for DMA2D
2025-12-22 02:56:27,009 [INFO] ApiDbMcu:508 - Load IP Config File for FDCAN1
2025-12-22 02:56:27,017 [INFO] ApiDbMcu:508 - Load IP Config File for FMC
2025-12-22 02:56:27,022 [INFO] ApiDbMcu:508 - Load IP Config File for I2C2
2025-12-22 02:56:27,027 [INFO] ApiDbMcu:508 - Load IP Config File for I2C4
2025-12-22 02:56:27,030 [INFO] ApiDbMcu:508 - Load IP Config File for LTDC
2025-12-22 02:56:27,031 [ERROR] ApiDbMcu:464 - Can't load MEMORYMAP-STM32xx root dir null
2025-12-22 02:56:27,031 [ERROR] ApiDbMcu:536 - Cannot parse MEMORYMAP_Config file : file do not exist
2025-12-22 02:56:27,033 [INFO] ApiDbMcu:508 - Load IP Config File for QUADSPI
2025-12-22 02:56:27,037 [INFO] ApiDbMcu:508 - Load IP Config File for SDMMC2
2025-12-22 02:56:27,042 [INFO] ApiDbMcu:508 - Load IP Config File for RCC
2025-12-22 02:56:27,075 [INFO] CodeEngine:255 - oldGeneratedFile, C:\Users\kamil\STM32CubeIDE\workspace_1.17.0\STM32H743IIT6-projects\Rower elektryczny\Core\Inc\main.h_save
2025-12-22 02:56:27,198 [INFO] CodeEngine:279 - Generated code: C:\Users\kamil\STM32CubeIDE\workspace_1.17.0\STM32H743IIT6-projects\Rower elektryczny\Core\Inc\main.h
2025-12-22 02:56:27,216 [INFO] CodeEngine:255 - oldGeneratedFile, C:\Users\kamil\STM32CubeIDE\workspace_1.17.0\STM32H743IIT6-projects\Rower elektryczny\Core\Src\main.c_save
2025-12-22 02:56:27,320 [INFO] CodeEngine:279 - Generated code: C:\Users\kamil\STM32CubeIDE\workspace_1.17.0\STM32H743IIT6-projects\Rower elektryczny\Core\Src\main.c
2025-12-22 02:56:27,710 [INFO] ProjectBuilder:3289 - Time for Copy HAL[1] : 286mS.
2025-12-22 02:56:27,715 [INFO] ProjectBuilder:4876 - Project Generator version: 4.5.0-RC5
2025-12-22 02:56:27,768 [INFO] ConfigFileManager:1579 - The Die is : DIE450
2025-12-22 02:56:27,770 [INFO] ApiDbMcu:508 - Load IP Config File for FATFS
2025-12-22 02:56:27,774 [INFO] ApiDbMcu:508 - Load IP Config File for FREERTOS
2025-12-22 02:56:27,776 [INFO] ApiDbMcu:508 - Load IP Config File for LIBJPEG
2025-12-22 02:56:27,781 [INFO] ApiDbMcu:508 - Load IP Config File for LWIP
2025-12-22 02:56:27,784 [INFO] ApiDbMcu:508 - Load IP Config File for MBEDTLS
2025-12-22 02:56:27,789 [INFO] ApiDbMcu:508 - Load IP Config File for USB_DEVICE
2025-12-22 02:56:27,792 [INFO] ApiDbMcu:508 - Load IP Config File for USB_HOST
2025-12-22 02:56:30,992 [INFO] ProjectBuilder:5154 - Time for Generating toolchain IDE Files: 3277mS.
2025-12-22 02:56:30,993 [INFO] ProjectBuilder:3146 - Time for Copy CMSIS : 1mS.
2025-12-22 02:56:30,998 [INFO] ProjectBuilder:3146 - Time for Copy CMSIS : 0mS.
2025-12-22 04:56:42,322 [ERROR] LogOutputStream:75 - [STDERR_REDIRECT] 
