2026-01-10 09:45:12,062 [INFO] Activator:176 - 


2026-01-10 09:45:12,071 [INFO] Activator:177 - !SESSION log4j initialized
2026-01-10 09:45:21,879 [INFO] LogOutputStream:77 - [STDOUT_REDIRECT] 
2026-01-10 09:45:32,893 [INFO] ApplicationProperties:184 - Using Application install path: C:\ST\STM32CubeIDE_1.17.0\STM32CubeIDE\plugins\com.st.stm32cube.common.mx_6.13.0.202411220809
2026-01-10 09:45:32,934 [INFO] DbMcusXml:78 - Set database path to: C:\ST\STM32CubeIDE_1.17.0\STM32CubeIDE\plugins\com.st.stm32cube.common.mx_6.13.0.202411220809\\db\/mcu/
2026-01-10 09:45:32,934 [INFO] ApiDb:274 - Set plugin database path to: C:\ST\STM32CubeIDE_1.17.0\STM32CubeIDE\plugins\com.st.stm32cube.common.mx_6.13.0.202411220809\\db\/plugins/boardmanager/
2026-01-10 09:45:32,935 [WARN] ApiDb:259 - Overriding images path with different value:  => C:\ST\STM32CubeIDE_1.17.0\STM32CubeIDE\plugins\com.st.stm32cube.common.mx_6.13.0.202411220809\\db\/plugins/mcufinder/images/
2026-01-10 09:45:32,953 [INFO] ApiDb:250 - Set database path to: C:\Users\kamil\.stmcufinder\plugins\mcufinder//mcu/
2026-01-10 09:45:32,955 [INFO] DbMcusAds:125 - Set database path to: C:\Users\kamil\.stmcufinder\plugins\mcufinder//mcu/
2026-01-10 09:45:32,968 [INFO] CrossReferenceDbSqlite:203 - Set database path to: C:\Users\kamil\.stmcufinder\plugins\mcufinder//mcu/cs/
2026-01-10 09:45:33,172 [INFO] RulesReader:64 - Compatibility file has been processed (297 Rules)
2026-01-10 09:45:33,304 [INFO] DbMcusXml:78 - Set database path to: C:\ST\STM32CubeIDE_1.17.0\STM32CubeIDE\plugins\com.st.stm32cube.common.mx_6.13.0.202411220809\\db\/mcu/
2026-01-10 09:45:33,305 [INFO] ApiDb:274 - Set plugin database path to: C:\ST\STM32CubeIDE_1.17.0\STM32CubeIDE\plugins\com.st.stm32cube.common.mx_6.13.0.202411220809\\db\/plugins/boardmanager/
2026-01-10 09:45:33,305 [INFO] ApiDb:261 - Set plugin images path to: C:\ST\STM32CubeIDE_1.17.0\STM32CubeIDE\plugins\com.st.stm32cube.common.mx_6.13.0.202411220809\\db\/plugins/mcufinder/images/
2026-01-10 09:45:33,305 [WARN] DbFile:41 - Overriding database path with different value: C:\Users\kamil\.stmcufinder\plugins\mcufinder/ => C:\Users\kamil\.stmcufinder\plugins\mcufinder
2026-01-10 09:45:33,305 [INFO] ApiDb:250 - Set database path to: C:\Users\kamil\.stmcufinder\plugins\mcufinder//mcu/
2026-01-10 09:45:33,305 [WARN] DbFile:41 - Overriding database path with different value: C:\Users\kamil\.stmcufinder\plugins\mcufinder/ => C:\Users\kamil\.stmcufinder\plugins\mcufinder
2026-01-10 09:45:33,305 [INFO] DbMcusAds:125 - Set database path to: C:\Users\kamil\.stmcufinder\plugins\mcufinder//mcu/
2026-01-10 09:45:33,306 [WARN] DbFile:41 - Overriding database path with different value: C:\Users\kamil\.stmcufinder\plugins\mcufinder/ => C:\Users\kamil\.stmcufinder\plugins\mcufinder
2026-01-10 09:45:33,306 [WARN] DbFile:41 - Overriding database path with different value: C:\Users\kamil\.stmcufinder\plugins\mcufinder/ => C:\Users\kamil\.stmcufinder\plugins\mcufinder
2026-01-10 09:45:33,306 [INFO] CrossReferenceDbSqlite:203 - Set database path to: C:\Users\kamil\.stmcufinder\plugins\mcufinder//mcu/cs/
2026-01-10 09:45:33,449 [INFO] MainPanel:272 - HeapMemory: 278921216
2026-01-10 09:45:33,604 [INFO] DbMcusXml:78 - Set database path to: C:\ST\STM32CubeIDE_1.17.0\STM32CubeIDE\plugins\com.st.stm32cube.common.mx_6.13.0.202411220809\\db\/mcu/
2026-01-10 09:45:33,604 [INFO] ApiDb:274 - Set plugin database path to: C:\ST\STM32CubeIDE_1.17.0\STM32CubeIDE\plugins\com.st.stm32cube.common.mx_6.13.0.202411220809\\db\/plugins/boardmanager/
2026-01-10 09:45:33,604 [INFO] ApiDb:261 - Set plugin images path to: C:\ST\STM32CubeIDE_1.17.0\STM32CubeIDE\plugins\com.st.stm32cube.common.mx_6.13.0.202411220809\\db\/plugins/mcufinder/images/
2026-01-10 09:45:33,605 [WARN] DbFile:41 - Overriding database path with different value: C:\Users\kamil\.stmcufinder\plugins\mcufinder/ => C:\Users\kamil\.stmcufinder\plugins\mcufinder
2026-01-10 09:45:33,605 [INFO] ApiDb:250 - Set database path to: C:\Users\kamil\.stmcufinder\plugins\mcufinder//mcu/
2026-01-10 09:45:33,605 [WARN] DbFile:41 - Overriding database path with different value: C:\Users\kamil\.stmcufinder\plugins\mcufinder/ => C:\Users\kamil\.stmcufinder\plugins\mcufinder
2026-01-10 09:45:33,605 [INFO] DbMcusAds:125 - Set database path to: C:\Users\kamil\.stmcufinder\plugins\mcufinder//mcu/
2026-01-10 09:45:33,605 [WARN] DbFile:41 - Overriding database path with different value: C:\Users\kamil\.stmcufinder\plugins\mcufinder/ => C:\Users\kamil\.stmcufinder\plugins\mcufinder
2026-01-10 09:45:33,605 [WARN] DbFile:41 - Overriding database path with different value: C:\Users\kamil\.stmcufinder\plugins\mcufinder/ => C:\Users\kamil\.stmcufinder\plugins\mcufinder
2026-01-10 09:45:33,605 [INFO] CrossReferenceDbSqlite:203 - Set database path to: C:\Users\kamil\.stmcufinder\plugins\mcufinder//mcu/cs/
2026-01-10 09:45:33,633 [INFO] ApplicationProperties:184 - Using Application install path: C:\ST\STM32CubeIDE_1.17.0\STM32CubeIDE\plugins\com.st.stm32cube.common.mx_6.13.0.202411220809
2026-01-10 09:45:33,635 [INFO] PluginManage:196 - Search for loadable plugins [exclusion list=, ]
2026-01-10 09:45:33,637 [INFO] PluginManage:310 - Check plugin analytics
2026-01-10 09:45:33,956 [INFO] AnalyticsPlugin:253 - Accepted Software Licenses: 
2026-01-10 09:45:33,956 [INFO] AnalyticsPlugin:255 - Accepted CMSIS Pack Licenses: 
2026-01-10 09:45:33,956 [INFO] AnalyticsPlugin:257 - Accepted Firmware Licenses: FW.F7.1.17.0,FW.H7.1.12.0
2026-01-10 09:45:33,961 [INFO] PluginManage:359 - Loaded plugin analytics (category:tool,tabindex:-1)
2026-01-10 09:45:33,962 [INFO] PluginManage:310 - Check plugin cadmodel
2026-01-10 09:45:33,988 [INFO] CADModel:105 - Init CAD model plugin
2026-01-10 09:45:33,988 [INFO] PluginManage:359 - Loaded plugin cadmodel (category:power,tabindex:5)
2026-01-10 09:45:33,989 [INFO] PluginManage:310 - Check plugin clock
2026-01-10 09:45:34,019 [INFO] PluginManage:359 - Loaded plugin clock (category:base,tabindex:2)
2026-01-10 09:45:34,020 [INFO] PluginManage:310 - Check plugin ddr
2026-01-10 09:45:34,025 [INFO] PluginManage:359 - Loaded plugin ddr (category:tool,tabindex:6)
2026-01-10 09:45:34,025 [INFO] PluginManage:310 - Check plugin filemanager
2026-01-10 09:45:34,263 [INFO] PluginManage:359 - Loaded plugin filemanager (category:base,tabindex:10)
2026-01-10 09:45:34,264 [INFO] PluginManage:310 - Check plugin ipmanager
2026-01-10 09:45:34,285 [INFO] PluginManage:359 - Loaded plugin ipmanager (category:base,tabindex:5)
2026-01-10 09:45:34,286 [INFO] PluginManage:310 - Check plugin lpbam
2026-01-10 09:45:34,329 [INFO] PluginManage:359 - Loaded plugin lpbam (category:base,tabindex:0)
2026-01-10 09:45:34,330 [INFO] PluginManage:310 - Check plugin memorymap
2026-01-10 09:45:34,392 [INFO] PluginManage:359 - Loaded plugin memorymap (category:base,tabindex:4)
2026-01-10 09:45:34,393 [INFO] PluginManage:310 - Check plugin pinoutandconfiguration
2026-01-10 09:45:34,426 [INFO] PluginManage:359 - Loaded plugin pinoutandconfiguration (category:base,tabindex:1)
2026-01-10 09:45:34,426 [INFO] PluginManage:310 - Check plugin pinoutconfig
2026-01-10 09:45:34,590 [WARN] SupportedApi:132 - Cannot load RTOS API schema: s4s-elt-must-match.1: The content of 'definitions' must match (annotation?, (simpleType | complexType)?, (unique | key | keyref)*)). A problem was found starting at: attribute.
2026-01-10 09:45:34,861 [INFO] PluginManage:359 - Loaded plugin pinoutconfig (category:base,tabindex:0)
2026-01-10 09:45:34,861 [INFO] PluginManage:310 - Check plugin power
2026-01-10 09:45:34,905 [INFO] PluginManage:359 - Loaded plugin power (category:power,tabindex:4)
2026-01-10 09:45:34,905 [INFO] PluginManage:310 - Check plugin projectmanager
2026-01-10 09:45:34,933 [INFO] PluginManage:359 - Loaded plugin projectmanager (category:projectmanager,tabindex:4)
2026-01-10 09:45:34,933 [INFO] PluginManage:310 - Check plugin rif
2026-01-10 09:45:34,959 [INFO] PluginManage:359 - Loaded plugin rif (category:base,tabindex:3)
2026-01-10 09:45:34,960 [INFO] PluginManage:310 - Check plugin thirdparty
2026-01-10 09:45:35,524 [INFO] PluginManage:359 - Loaded plugin thirdparty (category:base,tabindex:-1)
2026-01-10 09:45:35,524 [WARN] IntegrityCheckThread:84 - waiting for thirdparty lock release [integrity check]
2026-01-10 09:45:35,525 [INFO] IntegrityCheckThread:86 - entering critical section [integrity check]
2026-01-10 09:45:35,525 [INFO] PluginManage:310 - Check plugin tools
2026-01-10 09:45:35,526 [INFO] ThirdPartyUpdaterWithRetryManager:70 - Updater plugin not ready yet. [1/15]
2026-01-10 09:45:35,623 [INFO] PluginManage:359 - Loaded plugin tools (category:base,tabindex:7)
2026-01-10 09:45:35,623 [INFO] PluginManage:310 - Check plugin tutovideos
2026-01-10 09:45:36,053 [INFO] PluginManage:359 - Loaded plugin tutovideos (category:base,tabindex:-1)
2026-01-10 09:45:36,053 [INFO] PluginManage:310 - Check plugin updater
2026-01-10 09:45:36,095 [INFO] PluginManage:359 - Loaded plugin updater (category:base,tabindex:12)
2026-01-10 09:45:36,095 [INFO] PluginManage:310 - Check plugin userauth
2026-01-10 09:45:36,102 [INFO] UserAuth:118 - Init User Auth plugin
2026-01-10 09:45:36,103 [INFO] PluginManage:359 - Loaded plugin userauth (category:base,tabindex:14)
2026-01-10 09:45:36,104 [INFO] PluginManage:283 - PluginManage : Loaded plugins [18]
2026-01-10 09:45:36,493 [INFO] PinOutPanel:1589 - setPackage(No Configuration,No Configuration)
2026-01-10 09:45:36,655 [INFO] CADModel:165 - CPN selected for project level
2026-01-10 09:45:36,655 [INFO] CADModel:114 - Register for checkConnection events
2026-01-10 09:45:36,726 [INFO] IPUIPlugin:80 - create IPUIPlugin
2026-01-10 09:45:36,727 [INFO] PluginManager:220 - loadIPPluginJar : add adc
2026-01-10 09:45:36,806 [INFO] IPUIPlugin:80 - create IPUIPlugin
2026-01-10 09:45:36,806 [INFO] PluginManager:220 - loadIPPluginJar : add aes
2026-01-10 09:45:36,882 [INFO] IPUIPlugin:80 - create IPUIPlugin
2026-01-10 09:45:36,882 [INFO] PluginManager:220 - loadIPPluginJar : add can
2026-01-10 09:45:36,934 [INFO] IPUIPlugin:80 - create IPUIPlugin
2026-01-10 09:45:36,934 [INFO] PluginManager:220 - loadIPPluginJar : add comp
2026-01-10 09:45:37,012 [INFO] IPUIPlugin:80 - create IPUIPlugin
2026-01-10 09:45:37,012 [INFO] PluginManager:220 - loadIPPluginJar : add cryp
2026-01-10 09:45:37,046 [INFO] IPUIPlugin:80 - create IPUIPlugin
2026-01-10 09:45:37,046 [INFO] PluginManager:220 - loadIPPluginJar : add ddr_ctrl_phy
2026-01-10 09:45:37,126 [INFO] IPUIPlugin:80 - create IPUIPlugin
2026-01-10 09:45:37,126 [INFO] PluginManager:220 - loadIPPluginJar : add dfsdm
2026-01-10 09:45:37,158 [INFO] IPUIPlugin:80 - create IPUIPlugin
2026-01-10 09:45:37,158 [INFO] PluginManager:220 - loadIPPluginJar : add dma
2026-01-10 09:45:37,255 [INFO] IPUIPlugin:80 - create IPUIPlugin
2026-01-10 09:45:37,256 [INFO] PluginManager:220 - loadIPPluginJar : add dma3
2026-01-10 09:45:37,383 [INFO] IPUIPlugin:80 - create IPUIPlugin
2026-01-10 09:45:37,383 [INFO] PluginManager:220 - loadIPPluginJar : add extmemmanager
2026-01-10 09:45:37,389 [INFO] IPUIPlugin:80 - create IPUIPlugin
2026-01-10 09:45:37,390 [INFO] PluginManager:220 - loadIPPluginJar : add fatfs
2026-01-10 09:45:37,522 [INFO] IPUIPlugin:80 - create IPUIPlugin
2026-01-10 09:45:37,522 [INFO] PluginManager:220 - loadIPPluginJar : add fmc
2026-01-10 09:45:37,560 [INFO] IPUIPlugin:80 - create IPUIPlugin
2026-01-10 09:45:37,561 [INFO] PluginManager:220 - loadIPPluginJar : add freertos
2026-01-10 09:45:37,622 [INFO] IPUIPlugin:80 - create IPUIPlugin
2026-01-10 09:45:37,623 [INFO] PluginManager:220 - loadIPPluginJar : add genericplugin
2026-01-10 09:45:37,881 [INFO] IPUIPlugin:80 - create IPUIPlugin
2026-01-10 09:45:37,881 [INFO] PluginManager:220 - loadIPPluginJar : add gfxmmu
2026-01-10 09:45:38,256 [INFO] IPUIPlugin:80 - create IPUIPlugin
2026-01-10 09:45:38,256 [INFO] PluginManager:220 - loadIPPluginJar : add gic
2026-01-10 09:45:38,291 [INFO] IPUIPlugin:80 - create IPUIPlugin
2026-01-10 09:45:38,291 [INFO] PluginManager:220 - loadIPPluginJar : add gpio
2026-01-10 09:45:38,526 [INFO] ThirdPartyUpdaterWithRetryManager:70 - Updater plugin not ready yet. [2/15]
2026-01-10 09:45:38,539 [INFO] IPUIPlugin:80 - create IPUIPlugin
2026-01-10 09:45:38,540 [INFO] PluginManager:220 - loadIPPluginJar : add gtzc
2026-01-10 09:45:38,629 [INFO] IPUIPlugin:80 - create IPUIPlugin
2026-01-10 09:45:38,629 [INFO] PluginManager:220 - loadIPPluginJar : add hash
2026-01-10 09:45:38,779 [INFO] IPUIPlugin:80 - create IPUIPlugin
2026-01-10 09:45:38,780 [INFO] PluginManager:220 - loadIPPluginJar : add i2c
2026-01-10 09:45:38,894 [INFO] IPUIPlugin:80 - create IPUIPlugin
2026-01-10 09:45:38,895 [INFO] PluginManager:220 - loadIPPluginJar : add i2s
2026-01-10 09:45:39,012 [INFO] IPUIPlugin:80 - create IPUIPlugin
2026-01-10 09:45:39,013 [INFO] PluginManager:220 - loadIPPluginJar : add i3c
2026-01-10 09:45:39,275 [INFO] IPUIPlugin:80 - create IPUIPlugin
2026-01-10 09:45:39,276 [INFO] PluginManager:220 - loadIPPluginJar : add ipddr
2026-01-10 09:45:39,532 [INFO] IPUIPlugin:80 - create IPUIPlugin
2026-01-10 09:45:39,533 [INFO] PluginManager:220 - loadIPPluginJar : add linkedlist
2026-01-10 09:45:39,634 [INFO] IPUIPlugin:80 - create IPUIPlugin
2026-01-10 09:45:39,634 [INFO] PluginManager:220 - loadIPPluginJar : add lorawan
2026-01-10 09:45:39,730 [INFO] IPUIPlugin:80 - create IPUIPlugin
2026-01-10 09:45:39,730 [INFO] PluginManager:220 - loadIPPluginJar : add ltdc
2026-01-10 09:45:39,768 [INFO] IPUIPlugin:80 - create IPUIPlugin
2026-01-10 09:45:39,768 [INFO] PluginManager:220 - loadIPPluginJar : add mdma
2026-01-10 09:45:39,801 [INFO] IPUIPlugin:80 - create IPUIPlugin
2026-01-10 09:45:39,801 [INFO] PluginManager:220 - loadIPPluginJar : add nvic
2026-01-10 09:45:39,914 [INFO] IPUIPlugin:80 - create IPUIPlugin
2026-01-10 09:45:39,916 [INFO] PluginManager:220 - loadIPPluginJar : add opamp
2026-01-10 09:45:40,070 [INFO] IPUIPlugin:80 - create IPUIPlugin
2026-01-10 09:45:40,070 [INFO] PluginManager:220 - loadIPPluginJar : add openamp
2026-01-10 09:45:40,179 [INFO] IPUIPlugin:80 - create IPUIPlugin
2026-01-10 09:45:40,179 [INFO] PluginManager:220 - loadIPPluginJar : add pdm2pcm
2026-01-10 09:45:40,208 [INFO] IPUIPlugin:80 - create IPUIPlugin
2026-01-10 09:45:40,214 [INFO] PluginManager:220 - loadIPPluginJar : add plateformsettings
2026-01-10 09:45:40,281 [INFO] IPUIPlugin:80 - create IPUIPlugin
2026-01-10 09:45:40,281 [INFO] PluginManager:220 - loadIPPluginJar : add quadspi
2026-01-10 09:45:40,354 [INFO] IPUIPlugin:80 - create IPUIPlugin
2026-01-10 09:45:40,355 [INFO] PluginManager:220 - loadIPPluginJar : add radio
2026-01-10 09:45:40,379 [INFO] IPUIPlugin:80 - create IPUIPlugin
2026-01-10 09:45:40,379 [INFO] PluginManager:220 - loadIPPluginJar : add resmgrutility
2026-01-10 09:45:40,467 [INFO] IPUIPlugin:80 - create IPUIPlugin
2026-01-10 09:45:40,468 [INFO] PluginManager:220 - loadIPPluginJar : add sai
2026-01-10 09:45:40,574 [INFO] IPUIPlugin:80 - create IPUIPlugin
2026-01-10 09:45:40,575 [INFO] PluginManager:220 - loadIPPluginJar : add spi
2026-01-10 09:45:40,745 [INFO] IPUIPlugin:80 - create IPUIPlugin
2026-01-10 09:45:40,745 [INFO] PluginManager:220 - loadIPPluginJar : add stm32_wpan
2026-01-10 09:45:40,817 [INFO] IPUIPlugin:80 - create IPUIPlugin
2026-01-10 09:45:40,818 [INFO] PluginManager:220 - loadIPPluginJar : add tim
2026-01-10 09:45:40,963 [INFO] IPUIPlugin:80 - create IPUIPlugin
2026-01-10 09:45:40,963 [INFO] PluginManager:220 - loadIPPluginJar : add touchsensing
2026-01-10 09:45:40,970 [INFO] IPUIPlugin:80 - create IPUIPlugin
2026-01-10 09:45:40,970 [INFO] PluginManager:220 - loadIPPluginJar : add tracer_emb
2026-01-10 09:45:41,044 [INFO] IPUIPlugin:80 - create IPUIPlugin
2026-01-10 09:45:41,044 [INFO] PluginManager:220 - loadIPPluginJar : add ts
2026-01-10 09:45:41,116 [INFO] IPUIPlugin:80 - create IPUIPlugin
2026-01-10 09:45:41,117 [INFO] PluginManager:220 - loadIPPluginJar : add tsc
2026-01-10 09:45:41,174 [INFO] IPUIPlugin:80 - create IPUIPlugin
2026-01-10 09:45:41,174 [INFO] PluginManager:220 - loadIPPluginJar : add ucpd
2026-01-10 09:45:41,265 [INFO] IPUIPlugin:80 - create IPUIPlugin
2026-01-10 09:45:41,265 [INFO] PluginManager:220 - loadIPPluginJar : add usart
2026-01-10 09:45:41,385 [INFO] IPUIPlugin:80 - create IPUIPlugin
2026-01-10 09:45:41,385 [INFO] PluginManager:220 - loadIPPluginJar : add usbx
2026-01-10 09:45:41,529 [INFO] ThirdPartyUpdaterWithRetryManager:70 - Updater plugin not ready yet. [3/15]
2026-01-10 09:45:41,563 [FATAL] Updater:351 - Updater called before beeing initialized
2026-01-10 09:45:41,617 [INFO] RulesReader:64 - Compatibility file has been processed (297 Rules)
2026-01-10 09:45:41,634 [INFO] RulesReader:64 - Compatibility file has been processed (297 Rules)
2026-01-10 09:45:41,652 [INFO] CADModel:165 - CPN selected for project level
2026-01-10 09:45:41,652 [INFO] CADModel:114 - Register for checkConnection events
2026-01-10 09:45:41,652 [FATAL] Updater:351 - Updater called before beeing initialized
2026-01-10 09:45:41,654 [ERROR] CADModel:125 - Updater not yet initialized, retry later 
2026-01-10 09:45:41,908 [FATAL] Updater:351 - Updater called before beeing initialized
2026-01-10 09:45:41,912 [INFO] CADModel:165 - CPN selected for project level
2026-01-10 09:45:41,913 [INFO] CADModel:114 - Register for checkConnection events
2026-01-10 09:45:41,913 [FATAL] Updater:351 - Updater called before beeing initialized
2026-01-10 09:45:41,913 [ERROR] CADModel:125 - Updater not yet initialized, retry later 
2026-01-10 09:45:41,921 [FATAL] Updater:351 - Updater called before beeing initialized
2026-01-10 09:45:42,124 [FATAL] Updater:351 - Updater called before beeing initialized
2026-01-10 09:45:42,142 [INFO] DbMcusAds:53 - JSON generation date=Tue Dec 16 00:11:46 CET 2025 (1765840306612)
2026-01-10 09:45:42,142 [FATAL] Updater:351 - Updater called before beeing initialized
2026-01-10 09:45:42,213 [WARN] DetailPanel:346 - Failed to get advertising image, set to default
2026-01-10 09:45:42,604 [FATAL] Updater:351 - Updater called before beeing initialized
2026-01-10 09:45:42,609 [FATAL] Updater:351 - Updater called before beeing initialized
2026-01-10 09:45:42,609 [FATAL] Updater:351 - Updater called before beeing initialized
2026-01-10 09:45:42,610 [WARN] DetailPanel:346 - Failed to get advertising image, set to default
2026-01-10 09:45:42,611 [FATAL] Updater:351 - Updater called before beeing initialized
2026-01-10 09:45:42,712 [ERROR] Updater:1198 - MainUpdater not yet initialized. External WinMGr cannot be set.
2026-01-10 09:45:42,731 [INFO] Updater:1134 - Updater Version found : 6.13.0
2026-01-10 09:45:42,756 [INFO] ApplicationProperties:184 - Using Application install path: C:\ST\STM32CubeIDE_1.17.0\STM32CubeIDE\plugins\com.st.stm32cube.common.mx_6.13.0.202411220809
2026-01-10 09:45:43,371 [INFO] MainUpdater:2872 - connection check result : 10
2026-01-10 09:45:43,372 [INFO] MainUpdater:3566 - Updater definition file requires update
2026-01-10 09:45:43,375 [INFO] MainUpdater:289 - Updater Check For Update Now.
2026-01-10 09:45:43,375 [INFO] MicroXplorer:498 - Change Database Version : DB.6.0.130
2026-01-10 09:45:43,436 [INFO] McuFinderGlobals:63 - Set McuFinder mode to 2 (CubeIDE integrated)
2026-01-10 09:45:43,438 [INFO] UserAuth:171 - activating auth plugin
2026-01-10 09:45:43,444 [INFO] UserAuth:486 - Internet connection configuration mode: 1
2026-01-10 09:45:43,487 [INFO] JxBrowserEngine:152 - Initiate JxBrowser Engine with user profile folder
2026-01-10 09:45:43,537 [INFO] ServerAccessManage:473 - Download File updaters.zip
2026-01-10 09:45:43,648 [INFO] FileExtend:240 - Unzip File : updaters.zip
2026-01-10 09:45:43,648 [INFO] FileExtend:255 - Standard Zip Deflate
2026-01-10 09:45:44,531 [WARN] MainUpdater:1193 - Updater busy. Cannot search thirdparties
2026-01-10 09:45:44,531 [INFO] ThirdPartyUpdaterWithRetryManager:96 - Updater plugin is busy. [1/15]
2026-01-10 09:45:44,981 [INFO] ServerAccessManage:473 - Download File PacksControlFlags.xml
2026-01-10 09:45:45,241 [INFO] ServerAccessManage:473 - Download File cubemx.pidx
2026-01-10 09:45:45,760 [INFO] LoadServerUpdatesThread:375 - End of LoadServerUpdate Thread
2026-01-10 09:45:45,950 [INFO] CheckServerUpdateThread:120 - End of CheckServer Thread
2026-01-10 09:45:46,673 [INFO] WebApp:168 - Instantiating new browser for Auth
2026-01-10 09:45:48,008 [INFO] WebApp:449 - Apply proxy settings
2026-01-10 09:45:48,008 [INFO] WebApp:534 - Chromium requires no authentication
2026-01-10 09:45:48,031 [INFO] WebApp:477 - Direct internet connection detected
2026-01-10 09:45:48,092 [INFO] WebApp:880 - Register for checkConnection events
2026-01-10 09:45:48,093 [INFO] WebApp:449 - Apply proxy settings
2026-01-10 09:45:48,093 [INFO] WebApp:534 - Chromium requires no authentication
2026-01-10 09:45:48,094 [INFO] WebApp:477 - Direct internet connection detected
2026-01-10 09:45:48,176 [WARN] PackLoader:240 - Cannot read IP mode file for STMicroelectronics.FP-SNS-MOTENVWB1.1.4.0
2026-01-10 09:45:48,205 [WARN] PackLoader:240 - Cannot read IP mode file for STMicroelectronics.FP-ATR-ASTRA1.2.0.2
2026-01-10 09:45:48,224 [WARN] PackLoader:240 - Cannot read IP mode file for STMicroelectronics.FP-ATR-ASTRA1.2.0.1
2026-01-10 09:45:48,250 [WARN] PackLoader:240 - Cannot read IP mode file for STMicroelectronics.X-CUBE-SMBUS.2.1.0
2026-01-10 09:45:48,279 [WARN] PackLoader:240 - Cannot read IP mode file for STMicroelectronics.X-CUBE-WB05N.1.1.0
2026-01-10 09:45:48,292 [INFO] WebApp:187 - Connection restablished
2026-01-10 09:45:48,308 [WARN] PackLoader:240 - Cannot read IP mode file for STMicroelectronics.X-CUBE-ST60.1.0.0
2026-01-10 09:45:48,374 [WARN] PackLoader:240 - Cannot read IP mode file for STMicroelectronics.X-CUBE-AZRTOS-F7.1.1.0
2026-01-10 09:45:48,444 [INFO] WebApp:221 - Starting web application
2026-01-10 09:45:48,445 [INFO] WebApp:579 - Web application path used C:\ST\STM32CubeIDE_1.17.0\STM32CubeIDE\plugins\com.st.stm32cube.common.mx_6.13.0.202411220809\db\plugins\mcufinder\reactClient1\index.html
2026-01-10 09:45:48,701 [WARN] PackLoader:240 - Cannot read IP mode file for STMicroelectronics.X-CUBE-MEMS1.11.0.0
2026-01-10 09:45:48,934 [ERROR] Engine:466 - C:\Users\kamil\.stm32cubemx\thirdparties\pdsc\STMicroelectronics.FP-SNS-MOTENV1.5.1.0.pdsc: PDSC version is not supported
2026-01-10 09:45:48,966 [WARN] PackLoader:240 - Cannot read IP mode file for STMicroelectronics.FP-SNS-FLIGHT1.5.0.2
2026-01-10 09:45:49,046 [WARN] PackLoader:240 - Cannot read IP mode file for STMicroelectronics.X-CUBE-AZRTOS-H7.3.4.0
2026-01-10 09:45:49,091 [WARN] PackLoader:240 - Cannot read IP mode file for STMicroelectronics.X-CUBE-DISPLAY.3.0.0
2026-01-10 09:45:49,131 [WARN] PackLoader:240 - Cannot read IP mode file for STMicroelectronics.X-CUBE-BLE1.7.0.0
2026-01-10 09:45:49,166 [WARN] PackLoader:240 - Cannot read IP mode file for STMicroelectronics.X-CUBE-NFC10.1.0.0
2026-01-10 09:45:49,203 [WARN] PackLoader:240 - Cannot read IP mode file for STMicroelectronics.X-CUBE-BLEMGR.4.0.0
2026-01-10 09:45:49,231 [WARN] PackLoader:240 - Cannot read IP mode file for STMicroelectronics.X-CUBE-ST60.1.1.0
2026-01-10 09:45:49,258 [WARN] PackLoader:240 - Cannot read IP mode file for emotas.I-CUBE-CANOPEN.1.3.0
2026-01-10 09:45:49,284 [WARN] PackLoader:240 - Cannot read IP mode file for STMicroelectronics.X-CUBE-GNSS1.7.1.0
2026-01-10 09:45:49,313 [WARN] PackLoader:240 - Cannot read IP mode file for STMicroelectronics.X-CUBE-BLEMGR.3.1.0
2026-01-10 09:45:49,337 [WARN] PackLoader:240 - Cannot read IP mode file for STMicroelectronics.X-CUBE-AI.10.0.0
2026-01-10 09:45:49,362 [ERROR] Engine:466 - C:\Users\kamil\.stm32cubemx\thirdparties\pdsc\STMicroelectronics.FP-SNS-STBOX1.2.1.0.pdsc: PDSC version is not supported
2026-01-10 09:45:49,386 [WARN] PackLoader:240 - Cannot read IP mode file for STMicroelectronics.FP-SNS-SMARTAG2.1.2.0
2026-01-10 09:45:49,392 [WARN] PackLoader:240 - Cannot read IP mode file for STMicroelectronics.FP-SNS-FLIGHT1.5.1.0
2026-01-10 09:45:49,461 [WARN] PackLoader:240 - Cannot read IP mode file for STMicroelectronics.X-CUBE-MEMS1.11.1.0
2026-01-10 09:45:49,611 [INFO] LogOutputStream:77 - [STDOUT_REDIRECT] 1 : Invalid condition id : UX_CORESTACK_Condition cause : null
2026-01-10 09:45:49,612 [INFO] LogOutputStream:77 - [STDOUT_REDIRECT] 1 : Invalid condition id : UX_CORESTACK_Condition cause : null
2026-01-10 09:45:49,614 [INFO] LogOutputStream:77 - [STDOUT_REDIRECT] 1 : Invalid condition id : UX_CORESTACK_Condition cause : null
2026-01-10 09:45:49,616 [INFO] LogOutputStream:77 - [STDOUT_REDIRECT] 1 : Invalid condition id : UX_CORESTACK_Condition cause : null
2026-01-10 09:45:49,617 [INFO] LogOutputStream:77 - [STDOUT_REDIRECT] 1 : Invalid condition id : UX_CORESTACK_Condition cause : null
2026-01-10 09:45:49,621 [WARN] PackLoader:240 - Cannot read IP mode file for STMicroelectronics.X-CUBE-AZRTOS-WL.2.0.0
2026-01-10 09:45:49,650 [WARN] PackLoader:240 - Cannot read IP mode file for STMicroelectronics.FP-SNS-MOTENV1.5.0.0
2026-01-10 09:45:49,699 [WARN] PackLoader:240 - Cannot read IP mode file for STMicroelectronics.X-CUBE-AZRTOS-H7RS.1.2.0
2026-01-10 09:45:49,723 [WARN] PackLoader:240 - Cannot read IP mode file for wolfSSL.I-CUBE-wolfMQTT.1.19.0
2026-01-10 09:45:49,754 [WARN] PackLoader:240 - Cannot read IP mode file for WES.I-CUBE-Cesium.1.3.0
2026-01-10 09:45:49,777 [WARN] PackLoader:240 - Cannot read IP mode file for STMicroelectronics.X-CUBE-BLE2.3.3.0
2026-01-10 09:45:49,838 [WARN] PackLoader:240 - Cannot read IP mode file for STMicroelectronics.X-CUBE-NFC9.1.0.0
2026-01-10 09:45:49,863 [WARN] PackLoader:240 - Cannot read IP mode file for STMicroelectronics.X-CUBE-BLE1.7.1.0
2026-01-10 09:45:49,891 [WARN] PackLoader:240 - Cannot read IP mode file for STMicroelectronics.X-CUBE-TCPP.4.1.0
2026-01-10 09:45:49,911 [ERROR] Engine:466 - C:\Users\kamil\.stm32cubemx\thirdparties\pdsc\STMicroelectronics.X-CUBE-FREERTOS.1.4.0.pdsc: PDSC version is not supported
2026-01-10 09:45:49,932 [WARN] PackLoader:240 - Cannot read IP mode file for STMicroelectronics.X-CUBE-EEPRMA1.5.2.0
2026-01-10 09:45:49,955 [ERROR] Engine:466 - C:\Users\kamil\.stm32cubemx\thirdparties\pdsc\STMicroelectronics.X-CUBE-ST67W61.1.1.0.pdsc: PDSC version is not supported
2026-01-10 09:45:50,016 [WARN] PackLoader:240 - Cannot read IP mode file for STMicroelectronics.X-CUBE-MEMS1.12.0.0
2026-01-10 09:45:50,115 [WARN] PackLoader:240 - Cannot read IP mode file for STMicroelectronics.X-CUBE-AZRTOS-G0.1.1.0
2026-01-10 09:45:50,140 [WARN] PackLoader:240 - Cannot read IP mode file for STMicroelectronics.X-CUBE-SAFEA1.1.2.2
2026-01-10 09:45:50,166 [WARN] PackLoader:240 - Cannot read IP mode file for STMicroelectronics.X-CUBE-NFC4.3.0.0
2026-01-10 09:45:50,191 [WARN] PackLoader:240 - Cannot read IP mode file for EmbeddedOffice.I-CUBE-FS-RTOS.1.0.1
2026-01-10 09:45:50,211 [WARN] PackLoader:240 - Cannot read IP mode file for STMicroelectronics.X-CUBE-WB05N.2.0.0
2026-01-10 09:45:50,233 [WARN] PackLoader:240 - Cannot read IP mode file for STMicroelectronics.X-CUBE-TCPP.4.2.0
2026-01-10 09:45:50,256 [WARN] PackLoader:240 - Cannot read IP mode file for RealThread.X-CUBE-RT-Thread_Nano.4.1.1
2026-01-10 09:45:50,280 [WARN] PackLoader:240 - Cannot read IP mode file for STMicroelectronics.FP-ATR-SIGFOX1.3.2.0
2026-01-10 09:45:50,302 [WARN] PackLoader:240 - Cannot read IP mode file for wolfSSL.I-CUBE-wolfSSL.5.7.2
2026-01-10 09:45:50,325 [WARN] ConditionMgr:438 - getConditionDescription Invalid condition id : Cortex-A Device cause : null
2026-01-10 09:45:50,354 [WARN] ConditionMgr:1044 - genDependencies : Invalid condition id : Cortex-A Device cause : null
2026-01-10 09:45:50,355 [WARN] ConditionMgr:1044 - genDependencies : Invalid condition id : Cortex-A Device cause : null
2026-01-10 09:45:50,355 [WARN] ConditionMgr:1044 - genDependencies : Invalid condition id : Cortex-A Device cause : null
2026-01-10 09:45:50,375 [WARN] PackLoader:240 - Cannot read IP mode file for STMicroelectronics.X-CUBE-EEPRMA1.5.1.0
2026-01-10 09:45:50,398 [WARN] PackLoader:240 - Cannot read IP mode file for ITTIA_DB.I-CUBE-ITTIADB.8.9.0
2026-01-10 09:45:50,420 [WARN] PackLoader:240 - Cannot read IP mode file for STMicroelectronics.X-CUBE-ST67W61.1.0.0
2026-01-10 09:45:50,442 [WARN] PackLoader:240 - Cannot read IP mode file for STMicroelectronics.X-CUBE-AI.10.2.0
2026-01-10 09:45:50,481 [WARN] PackLoader:240 - Cannot read IP mode file for SEGGER.I-CUBE-embOS.1.3.1
2026-01-10 09:45:50,514 [WARN] PackLoader:240 - Cannot read IP mode file for STMicroelectronics.X-CUBE-ALGOBUILD.1.4.0
2026-01-10 09:45:50,564 [WARN] PackLoader:240 - Cannot read IP mode file for STMicroelectronics.X-CUBE-MEMS1.11.3.0
2026-01-10 09:45:50,672 [WARN] PackLoader:240 - Cannot read IP mode file for STMicroelectronics.X-CUBE-AI.9.1.0
2026-01-10 09:45:50,690 [WARN] PackLoader:240 - Cannot read IP mode file for STMicroelectronics.X-CUBE-PM33A1.1.0.0
2026-01-10 09:45:50,728 [WARN] PackLoader:240 - Cannot read IP mode file for STMicroelectronics.X-CUBE-AZRTOS-F4.1.1.0
2026-01-10 09:45:50,751 [WARN] PackLoader:240 - Cannot read IP mode file for STMicroelectronics.X-CUBE-ISPU.2.1.0
2026-01-10 09:45:50,773 [ERROR] Engine:466 - C:\Users\kamil\.stm32cubemx\thirdparties\pdsc\STMicroelectronics.X-CUBE-IPS.3.2.0.pdsc: PDSC version is not supported
2026-01-10 09:45:50,791 [WARN] PackLoader:240 - Cannot read IP mode file for STMicroelectronics.X-CUBE-FREERTOS.1.2.0
2026-01-10 09:45:50,812 [WARN] PackLoader:240 - Cannot read IP mode file for STMicroelectronics.X-CUBE-NFC12.1.0.0
2026-01-10 09:45:50,847 [WARN] PackLoader:240 - Cannot read IP mode file for STMicroelectronics.X-CUBE-AZRTOS-L5.2.0.0
2026-01-10 09:45:50,872 [WARN] PackLoader:240 - Cannot read IP mode file for STMicroelectronics.X-CUBE-NFC6.3.1.0
2026-01-10 09:45:50,894 [WARN] PackLoader:240 - Cannot read IP mode file for STMicroelectronics.X-CUBE-DPower.1.2.0
2026-01-10 09:45:50,911 [WARN] PackLoader:240 - Cannot read IP mode file for STMicroelectronics.X-CUBE-FREERTOS.1.3.1
2026-01-10 09:45:50,933 [WARN] PackLoader:240 - Cannot read IP mode file for STMicroelectronics.X-CUBE-FREERTOS.1.3.0
2026-01-10 09:45:50,959 [WARN] PackLoader:240 - Cannot read IP mode file for STMicroelectronics.X-CUBE-NFC7.1.0.1
2026-01-10 09:45:50,983 [WARN] PackLoader:240 - Cannot read IP mode file for STMicroelectronics.X-CUBE-TOUCHGFX.4.26.0
2026-01-10 09:45:51,004 [WARN] PackLoader:240 - Cannot read IP mode file for STMicroelectronics.FP-SNS-STAIOTCFT.1.0.0
2026-01-10 09:45:51,023 [WARN] PackLoader:240 - Cannot read IP mode file for STMicroelectronics.X-CUBE-DPower.1.3.0
2026-01-10 09:45:51,055 [WARN] ConditionMgr:438 - getConditionDescription Invalid condition id : LAN8742 Phy interface Condition cause : null
2026-01-10 09:45:51,056 [WARN] PackLoader:240 - Cannot read IP mode file for STMicroelectronics.X-CUBE-AZRTOS-L4.2.0.0
2026-01-10 09:45:51,057 [WARN] ConditionMgr:1044 - genDependencies : Invalid condition id : LAN8742 Phy interface Condition cause : null
2026-01-10 09:45:51,057 [WARN] ConditionMgr:1044 - genDependencies : Invalid condition id : LAN8742 Phy interface Condition cause : null
2026-01-10 09:45:51,057 [WARN] ConditionMgr:1044 - genDependencies : Invalid condition id : LAN8742 Phy interface Condition cause : null
2026-01-10 09:45:51,081 [WARN] PackLoader:240 - Cannot read IP mode file for STMicroelectronics.X-CUBE-SFXS2LP1.4.0.0
2026-01-10 09:45:51,121 [WARN] PackLoader:240 - Cannot read IP mode file for STMicroelectronics.X-CUBE-AZRTOS-H7.3.3.0
2026-01-10 09:45:51,144 [WARN] PackLoader:240 - Cannot read IP mode file for STMicroelectronics.X-CUBE-BLEMGR.4.1.0
2026-01-10 09:45:51,167 [WARN] PackLoader:240 - Cannot read IP mode file for STMicroelectronics.X-CUBE-IPS.3.0.0
2026-01-10 09:45:51,198 [WARN] ConditionMgr:438 - getConditionDescription Invalid condition id : UX DEVICE CLASS RTOS Condition cause : null
2026-01-10 09:45:51,198 [WARN] ConditionMgr:438 - getConditionDescription Invalid condition id : UX DEVICE CLASS RTOS Condition cause : null
2026-01-10 09:45:51,199 [WARN] PackLoader:240 - Cannot read IP mode file for STMicroelectronics.X-CUBE-AZRTOS-WB.2.0.0
2026-01-10 09:45:51,200 [WARN] ConditionMgr:1044 - genDependencies : Invalid condition id : UX DEVICE CLASS RTOS Condition cause : null
2026-01-10 09:45:51,200 [WARN] ConditionMgr:1044 - genDependencies : Invalid condition id : UX DEVICE CLASS RTOS Condition cause : null
2026-01-10 09:45:51,200 [WARN] ConditionMgr:1044 - genDependencies : Invalid condition id : UX DEVICE CLASS RTOS Condition cause : null
2026-01-10 09:45:51,200 [WARN] ConditionMgr:1044 - genDependencies : Invalid condition id : UX DEVICE CLASS RTOS Condition cause : null
2026-01-10 09:45:51,200 [WARN] ConditionMgr:1044 - genDependencies : Invalid condition id : UX DEVICE CLASS RTOS Condition cause : null
2026-01-10 09:45:51,221 [WARN] PackLoader:240 - Cannot read IP mode file for STMicroelectronics.X-CUBE-GNSS1.7.0.0
2026-01-10 09:45:51,240 [WARN] PackLoader:240 - Cannot read IP mode file for STMicroelectronics.X-CUBE-GNSS1.7.0.1
2026-01-10 09:45:51,259 [WARN] PackLoader:240 - Cannot read IP mode file for STMicroelectronics.X-CUBE-TOUCHGFX.4.25.0
2026-01-10 09:45:51,281 [WARN] PackLoader:240 - Cannot read IP mode file for STMicroelectronics.FP-SNS-STBOX1.2.0.0
2026-01-10 09:45:51,308 [WARN] PackLoader:240 - Cannot read IP mode file for STMicroelectronics.X-CUBE-SUBG2.5.0.0
2026-01-10 09:45:51,351 [WARN] PackLoader:240 - Cannot read IP mode file for STMicroelectronics.X-CUBE-AZRTOS-H7RS.1.1.0
2026-01-10 09:45:51,373 [WARN] PackLoader:240 - Cannot read IP mode file for Cesanta.I-CUBE-Mongoose.7.13.0
2026-01-10 09:45:51,402 [WARN] PackLoader:240 - Cannot read IP mode file for STMicroelectronics.X-CUBE-AZRTOS-G4.2.0.0
2026-01-10 09:45:51,423 [WARN] PackLoader:240 - Cannot read IP mode file for STMicroelectronics.X-CUBE-NFC7.2.0.0
2026-01-10 09:45:51,471 [WARN] PackLoader:240 - Cannot read IP mode file for STMicroelectronics.X-CUBE-IPS.3.1.0
2026-01-10 09:45:51,506 [WARN] PackLoader:240 - Cannot read IP mode file for STMicroelectronics.X-CUBE-ALS.1.0.2
2026-01-10 09:45:51,531 [WARN] PackLoader:240 - Cannot read IP mode file for STMicroelectronics.X-CUBE-TOUCHGFX.4.24.1
2026-01-10 09:45:51,551 [WARN] PackLoader:240 - Cannot read IP mode file for STMicroelectronics.X-CUBE-STSE01.1.0.0
2026-01-10 09:45:51,575 [WARN] PackLoader:240 - Cannot read IP mode file for wolfSSL.I-CUBE-wolfTPM.3.4.0
2026-01-10 09:45:51,600 [WARN] PackLoader:240 - Cannot read IP mode file for portGmbH.I-Cube-SoM-uGOAL.1.1.0
2026-01-10 09:45:51,632 [WARN] PackLoader:240 - Cannot read IP mode file for STMicroelectronics.X-CUBE-AZRTOS-H7RS.1.0.0
2026-01-10 09:45:51,653 [WARN] PackLoader:240 - Cannot read IP mode file for STMicroelectronics.FP-ATR-ASTRA1.2.0.0
2026-01-10 09:45:51,678 [WARN] PackLoader:240 - Cannot read IP mode file for STMicroelectronics.X-CUBE-TOF1.3.4.2
2026-01-10 09:45:51,718 [WARN] PackLoader:240 - Cannot read IP mode file for STMicroelectronics.X-CUBE-TOF1.3.4.3
2026-01-10 09:45:51,765 [WARN] PackLoader:240 - Cannot read IP mode file for Infineon.AIROC-Wi-Fi-Bluetooth-STM32.1.6.1
2026-01-10 09:45:51,798 [WARN] PackLoader:240 - Cannot read IP mode file for wolfSSL.I-CUBE-wolfSSH.1.4.17
2026-01-10 09:45:51,799 [INFO] ThirdParty:978 - Integrity check success = true
2026-01-10 09:45:51,799 [INFO] IntegrityCheckThread:100 - exiting critical section [integrity check]
2026-01-10 09:45:51,799 [INFO] IntegrityCheckThread:103 - End integrity checks thread
2026-01-10 11:07:41,190 [INFO] WebApp:190 - Connection lost
2026-01-10 11:08:44,118 [INFO] WebApp:187 - Connection restablished
2026-01-10 12:45:40,489 [INFO] WebApp:190 - Connection lost
2026-01-10 12:45:40,600 [INFO] WebApp:187 - Connection restablished
2026-01-10 12:46:02,073 [INFO] McuFinderGlobals:63 - Set McuFinder mode to 2 (CubeIDE integrated)
2026-01-10 12:46:02,103 [INFO] MainUpdater:2872 - connection check result : 10
2026-01-10 12:46:02,110 [INFO] MainUpdater:2872 - connection check result : 10
2026-01-10 12:46:02,297 [INFO] MicroXplorer:468 - Change Database Path : 
2026-01-10 12:46:02,298 [INFO] MicroXplorer:498 - Change Database Version : DB.6.0.130
2026-01-10 12:46:02,303 [WARN] ThirdParty:871 - waiting for thirdparty lock release [close project]
2026-01-10 12:46:02,304 [INFO] ThirdParty:873 - entering critical section [close project]
2026-01-10 12:46:02,330 [INFO] ThirdParty:883 - exiting critical section [close project]
2026-01-10 12:46:02,333 [INFO] PinOutPanel:1589 - setPackage(No Configuration,No Configuration)
2026-01-10 12:46:02,338 [INFO] UtilMem:75 - Begin LoadConfig() Used Memory: 981321920 Bytes (1073741824)
2026-01-10 12:46:02,339 [INFO] MicroXplorer:468 - Change Database Path : 
2026-01-10 12:46:02,340 [INFO] MicroXplorer:498 - Change Database Version : DB.6.0.130
2026-01-10 12:46:02,340 [INFO] OpenFileManager:332 - Change cursor
2026-01-10 12:46:02,439 [INFO] Mcu:2035 - Initializing MCU STM32H743IITx STM32H743IITx STM32H743IIT6
2026-01-10 12:46:05,846 [INFO] Context:748 - Trying to add GPIOservice into a context  which must be forbidden
2026-01-10 12:46:07,131 [INFO] RtosManager:555 - Registered RTOS mode: class=CMSIS, group=RTOS, mode=CMSIS_V1, owner=FREERTOS
2026-01-10 12:46:07,131 [INFO] RtosManager:555 - Registered RTOS mode: class=CMSIS, group=RTOS2, mode=CMSIS_V2, owner=FREERTOS
2026-01-10 12:46:07,131 [INFO] RtosManager:555 - Registered RTOS mode: class=RTOS, group=Core, mode=CMSIS_V1, owner=FREERTOS
2026-01-10 12:46:07,131 [INFO] RtosManager:555 - Registered RTOS mode: class=RTOS, group=Core, mode=CMSIS_V2, owner=FREERTOS
2026-01-10 12:46:07,131 [WARN] ModelIntegratedComponent:184 - Missing modes for component STMicroelectronics:FreeRTOS:0.0.1:STMicroelectronics:RTOS:FreeRTOS:Core:::10.2.0:
2026-01-10 12:46:07,136 [WARN] ModelIntegratedComponent:63 - No mode defined for component null
2026-01-10 12:46:07,136 [WARN] ModelIntegratedComponent:63 - No mode defined for component null
2026-01-10 12:46:07,137 [WARN] ModelIntegratedComponent:63 - No mode defined for component null
2026-01-10 12:46:07,137 [WARN] ModelIntegratedComponent:63 - No mode defined for component null
2026-01-10 12:46:07,137 [WARN] ModelIntegratedComponent:63 - No mode defined for component null
2026-01-10 12:46:07,137 [WARN] ModelIntegratedComponent:63 - No mode defined for component null
2026-01-10 12:46:07,137 [WARN] ModelIntegratedComponent:63 - No mode defined for component null
2026-01-10 12:46:07,137 [WARN] ModelIntegratedComponent:63 - No mode defined for component null
2026-01-10 12:46:07,137 [WARN] ModelIntegratedComponent:63 - No mode defined for component null
2026-01-10 12:46:07,137 [WARN] ModelIntegratedComponent:63 - No mode defined for component null
2026-01-10 12:46:07,137 [WARN] ModelIntegratedComponent:63 - No mode defined for component null
2026-01-10 12:46:07,137 [WARN] ModelIntegratedComponent:63 - No mode defined for component null
2026-01-10 12:46:07,137 [WARN] ModelIntegratedComponent:63 - No mode defined for component null
2026-01-10 12:46:07,137 [WARN] ModelIntegratedComponent:63 - No mode defined for component null
2026-01-10 12:46:07,137 [WARN] ModelIntegratedComponent:63 - No mode defined for component null
2026-01-10 12:46:07,137 [WARN] ModelIntegratedComponent:63 - No mode defined for component null
2026-01-10 12:46:07,137 [WARN] ModelIntegratedComponent:63 - No mode defined for component null
2026-01-10 12:46:07,137 [WARN] ModelIntegratedComponent:63 - No mode defined for component null
2026-01-10 12:46:07,137 [WARN] ModelIntegratedComponent:63 - No mode defined for component null
2026-01-10 12:46:07,137 [WARN] ModelIntegratedComponent:63 - No mode defined for component null
2026-01-10 12:46:07,137 [WARN] ModelIntegratedComponent:63 - No mode defined for component null
2026-01-10 12:46:07,137 [WARN] ModelIntegratedComponent:63 - No mode defined for component null
2026-01-10 12:46:07,137 [WARN] ModelIntegratedComponent:63 - No mode defined for component null
2026-01-10 12:46:07,137 [WARN] ModelIntegratedComponent:63 - No mode defined for component null
2026-01-10 12:46:07,137 [WARN] ModelIntegratedComponent:63 - No mode defined for component null
2026-01-10 12:46:07,138 [WARN] ModelIntegratedComponent:63 - No mode defined for component null
2026-01-10 12:46:07,138 [WARN] ModelIntegratedComponent:63 - No mode defined for component null
2026-01-10 12:46:07,138 [WARN] ModelIntegratedComponent:63 - No mode defined for component null
2026-01-10 12:46:07,138 [WARN] ModelIntegratedComponent:63 - No mode defined for component null
2026-01-10 12:46:07,138 [WARN] ModelIntegratedComponent:63 - No mode defined for component null
2026-01-10 12:46:07,138 [WARN] ModelIntegratedComponent:63 - No mode defined for component null
2026-01-10 12:46:07,138 [WARN] ModelIntegratedComponent:63 - No mode defined for component null
2026-01-10 12:46:07,138 [WARN] ModelIntegratedComponent:63 - No mode defined for component null
2026-01-10 12:46:07,138 [WARN] ModelIntegratedComponent:63 - No mode defined for component null
2026-01-10 12:46:07,138 [WARN] ModelIntegratedComponent:63 - No mode defined for component null
2026-01-10 12:46:07,138 [WARN] ModelPack:524 - Component already loaded: STMicroelectronics:HAL Drivers:0.0.0:STMicroelectronics:Device:STMicro_Driver:XSPI:HAL::0.0.1:HAL_XSPI
2026-01-10 12:46:07,286 [INFO] ThirdPartyModel:298 - Start build external matchings
2026-01-10 12:46:08,012 [INFO] ThirdPartyModel:316 - End build external matchings
2026-01-10 12:46:08,029 [WARN] IP:2251 - ClockDivider not found: check if there is a RefParameter without a condition.
2026-01-10 12:46:08,029 [WARN] IP:2251 - ClockDividerCCU not found: check if there is a RefParameter without a condition.
2026-01-10 12:46:08,029 [WARN] IP:2251 - MinOscClkPeriodsCCU not found: check if there is a RefParameter without a condition.
2026-01-10 12:46:08,029 [WARN] IP:2251 - TimeQuantaPerBitTimeCCU not found: check if there is a RefParameter without a condition.
2026-01-10 12:46:08,029 [WARN] IP:2251 - WatchdogStartValueCCU not found: check if there is a RefParameter without a condition.
2026-01-10 12:46:08,042 [WARN] IP:2251 - LayerIdx_L1 not found: check if there is a RefParameter without a condition.
2026-01-10 12:46:08,044 [INFO] ImportTextPane:218 - (OptionalMessage_ERROR) IP (RCC) : Parameter (ADCFreq_Value) has invalid value (129000000)
2026-01-10 12:46:08,051 [INFO] ImportTextPane:218 - (OptionalMessage_ERROR) IP (RCC) : Invalid parameter (FamilyName)
2026-01-10 12:46:08,052 [INFO] ImportTextPane:218 - (OptionalMessage_ERROR) IP (RCC) : Parameter (LPTIM1Freq_Value) has invalid value (64000000)
2026-01-10 12:46:08,052 [INFO] ImportTextPane:218 - (OptionalMessage_ERROR) IP (RCC) : Parameter (LPTIM2Freq_Value) has invalid value (64000000)
2026-01-10 12:46:08,052 [INFO] ImportTextPane:218 - (OptionalMessage_ERROR) IP (RCC) : Parameter (LPTIM345Freq_Value) has invalid value (64000000)
2026-01-10 12:46:08,052 [INFO] ImportTextPane:218 - (OptionalMessage_ERROR) IP (RCC) : Parameter (LPUART1Freq_Value) has invalid value (64000000)
2026-01-10 12:46:08,052 [INFO] ImportTextPane:218 - (OptionalMessage_ERROR) IP (RCC) : Parameter (SPI45Freq_Value) has invalid value (64000000)
2026-01-10 12:46:08,052 [INFO] ImportTextPane:218 - (OptionalMessage_ERROR) IP (RCC) : Parameter (SPI6Freq_Value) has invalid value (64000000)
2026-01-10 12:46:08,052 [INFO] ImportTextPane:218 - (OptionalMessage_ERROR) IP (RCC) : Parameter (SWPMI1Freq_Value) has invalid value (64000000)
2026-01-10 12:46:08,052 [INFO] ImportTextPane:218 - (OptionalMessage_ERROR) IP (RCC) : Parameter (USART16Freq_Value) has invalid value (64000000)
2026-01-10 12:46:08,052 [INFO] ImportTextPane:218 - (OptionalMessage_ERROR) IP (RCC) : Parameter (USART234578Freq_Value) has invalid value (64000000)
2026-01-10 12:46:08,904 [INFO] ApiDb:581 - Connected to CubeFinder SQLite database (C:\Users\kamil\.stmcufinder\plugins\mcufinder\mcu\cube-finder-db.db)
2026-01-10 12:46:08,971 [INFO] ApiDb:668 - CubeFinder database Data Model version=2.1
2026-01-10 12:46:08,971 [INFO] ApiDb:669 - CubeFinder database Configuration version=3.0.39
2026-01-10 12:46:08,980 [INFO] ApiDb:670 - CubeFinder database generation date=2025-11-05 (1762334721)
2026-01-10 12:46:08,982 [INFO] ApiDb:671 - CubeFinder database FW Pack versions=[FP-ATR-ASTRA1_V2.0.0, FP-SNS-FLIGHT1_V5.1.0, FP-SNS-MOTENV1_V5.1.0, FP-SNS-MOTENVWB1_V1.4.0, FP-SNS-SMARTAG2_V1.2.0, FP-SNS-STBOX1_V2.1.0, STM32Cube_FW_C0_V1.4.0, STM32Cube_FW_F4_V1.28.3, STM32Cube_FW_F7_V1.17.4, STM32Cube_FW_G0_V1.6.2, STM32Cube_FW_G4_V1.6.1, STM32Cube_FW_H5_V1.5.1, STM32Cube_FW_H7RS_V1.3.0, STM32Cube_FW_H7_V1.12.1, STM32Cube_FW_L0_V1.12.2, STM32Cube_FW_L4_V1.18.1, STM32Cube_FW_L5_V1.6.0, STM32Cube_FW_N6_V1.3.0, STM32Cube_FW_U0_V1.3.0, STM32Cube_FW_U3_V1.2.1, STM32Cube_FW_U5_V1.8.0, STM32Cube_FW_WB0_V1.4.0, STM32Cube_FW_WBA_V1.8.0, STM32Cube_FW_WB_V1.24.0, STM32Cube_FW_WL3_V1.3.0, STM32Cube_FW_WL_V1.4.0, X-CUBE-ALGOBUILD_V1.4.0, X-CUBE-ALS_V1.0.2, X-CUBE-AZRTOS-F4_V1.1.0, X-CUBE-AZRTOS-F7_V1.1.0, X-CUBE-AZRTOS-G0_V1.1.0, X-CUBE-AZRTOS-G4_V2.0.0, X-CUBE-AZRTOS-H7RS_V1.1.0, X-CUBE-AZRTOS-H7_V3.4.0, X-CUBE-AZRTOS-L4_V2.0.0, X-CUBE-AZRTOS-L5_V2.0.0, X-CUBE-AZRTOS-WB_V2.0.0, X-CUBE-AZRTOS-WL_V2.0.0, X-CUBE-BLE1_V7.1.0, X-CUBE-BLE2_V3.3.0, X-CUBE-BLEMGR_V4.1.0, X-CUBE-EEPRMA1_V5.2.0, X-CUBE-FREERTOS_V1.3.1, X-CUBE-GNSS1_V6.0.0, X-CUBE-MEMS1_V11.3.0, X-CUBE-NFC4_V3.0.0, X-CUBE-NFC7_V2.0.0, X-CUBE-SFXS2LP1_V4.0.0, X-CUBE-ST67W61_V1.1.0, X-CUBE-SUBG2_V5.0.0, X-CUBE-TOF1_V3.4.3]
2026-01-10 12:46:09,085 [INFO] DbBoardsSqlite:226 - include board P-NUCLEO-WB55-NUCLEO as a kit item of type 'Nucleo-64'
2026-01-10 12:46:09,085 [INFO] DbBoardsSqlite:226 - include board P-NUCLEO-WB55-USBDONGLE as a kit item of type 'Nucleo USB Dongle'
2026-01-10 12:46:09,086 [INFO] DbBoardsSqlite:226 - include board STEVAL-IDP005V1 as a kit item of type 'Evaluation Board'
2026-01-10 12:46:09,086 [INFO] DbBoardsSqlite:226 - include board STEVAL-IDP005V2 as a kit item of type 'Evaluation Board'
2026-01-10 12:46:09,317 [INFO] ApiDb:240 - Found 858 in-development CPN: [B-G473E-ZEST1S, B-WB1M-WPAN1, B-WBA5M-WPAN, B-WL5M-SUBG1, NUCLEO-C031C6, NUCLEO-C051C8, NUCLEO-C071RB, NUCLEO-C092RC, NUCLEO-H503RB, NUCLEO-H533RE, NUCLEO-H563ZI, NUCLEO-H7S3L8, NUCLEO-N657X0-Q, NUCLEO-U031R8, NUCLEO-U083RC, NUCLEO-U385RG-Q, NUCLEO-U545RE-Q, NUCLEO-U5A5ZJ-Q, NUCLEO-WB05KZ, NUCLEO-WB07CC, NUCLEO-WB09KE, NUCLEO-WBA52CG, NUCLEO-WBA55CG, NUCLEO-WL33CC1, NUCLEO-WL33CC2, STEVAL-PROTEUS1, STEVAL-SMARTAG2, STEVAL-STWINBX1, STM320518-EVAL, STM32C0116-DK, STM32C011D6Y3TR, STM32C011D6Y6TR, STM32C011F4P3, STM32C011F4P6, STM32C011F4U3, STM32C011F4U6TR, STM32C011F6P3, STM32C011F6P6, STM32C011F6U3, STM32C011F6U6TR, STM32C011J4M3, STM32C011J4M6, STM32C011J6M3, STM32C011J6M6, STM32C0316-DK, STM32C031C4T3, STM32C031C4T6, STM32C031C4U3, STM32C031C4U6, STM32C031C6T3, STM32C031C6T6, STM32C031C6U3, STM32C031C6U6, STM32C031F4P3, STM32C031F4P6, STM32C031F6P3, STM32C031F6P6, STM32C031G4U3, STM32C031G4U6, STM32C031G6U3, STM32C031G6U6, STM32C031K4T3, STM32C031K4T6, STM32C031K4U3, STM32C031K4U6, STM32C031K6T3, STM32C031K6T6, STM32C031K6U3, STM32C031K6U6, STM32C051C6T6, STM32C051C6U6, STM32C051C8T6, STM32C051C8U6, STM32C051D8Y6TR, STM32C051F6P6, STM32C051F8P6, STM32C051G6U6, STM32C051G8U6, STM32C051K6T6, STM32C051K6U6, STM32C051K8T6, STM32C071C8T6, STM32C071C8T6N, STM32C071C8U6, STM32C071C8U6N, STM32C071CBT6, STM32C071CBT6N, STM32C071CBU6, STM32C071CBU6N, STM32C071F8P6, STM32C071F8P6N, STM32C071FBP6, STM32C071FBP6N, STM32C071FBY6TR, STM32C071G8U6, STM32C071G8U6N, STM32C071GBU6, STM32C071GBU6N, STM32C071K8T6, STM32C071K8T6N, STM32C071K8U6, STM32C071K8U6N, STM32C071KBT6, STM32C071KBT6N, STM32C071KBU6, STM32C071KBU6N, STM32C071R8T6, STM32C071R8T6N, STM32C071RBI6N, STM32C071RBT6, STM32C071RBT6N, STM32C091CBT6, STM32C091CBU6, STM32C091CCT6, STM32C091CCU6, STM32C091ECY6TR, STM32C091FBP6, STM32C091FCP6, STM32C091GBU6, STM32C091GCU6, STM32C091KBT6, STM32C091KBU6, STM32C091KCT6, STM32C091KCU6, STM32C091RBT6, STM32C091RCI6, STM32C091RCT6, STM32C092CBT6, STM32C092CBU6, STM32C092CCT6, STM32C092CCU6, STM32C092ECY6TR, STM32C092FBP6, STM32C092FCP6, STM32C092GBU6, STM32C092GCU6, STM32C092KBT6, STM32C092KBU6, STM32C092KCT6, STM32C092KCU6, STM32C092RBT6, STM32C092RCI6, STM32C092RCT6, STM32G071K8TXN, STM32G071K8UXN, STM32G081GBU6N, STM32G081KBT6N, STM32G081KBUXN, STM32G0B1CCT6N, STM32G0B1KCT6, STM32G0B1NEY6TR, STM32G0B1RCT6N, STM32G0C1CCT6, STM32G0C1CCT6N, STM32G0C1CCU6N, STM32G0C1CET6N, STM32G0C1CEU6N, STM32G0C1KCT6, STM32G0C1NEY6TR, STM32G0C1RCI6N, STM32G0C1RCT6N, STM32G0C1REI6N, STM32G0C1RET6N, STM32G0C1VCI6, STM32G0C1VEI6, STM32G411C6T3, STM32G411C6T6, STM32G411C6U3, STM32G411C6U6, STM32G411C8T3, STM32G411C8T6, STM32G411C8U3, STM32G411C8U6, STM32G411CBT3, STM32G411CBT6, STM32G411CBU3, STM32G411CBU6, STM32G411CCT3, STM32G411CCT6, STM32G411CCU3, STM32G411CCU6, STM32G411K6T3, STM32G411K6T6, STM32G411K6U3, STM32G411K6U6, STM32G411K8T3, STM32G411K8T6, STM32G411K8U3, STM32G411K8U6, STM32G411KBT3, STM32G411KBT6, STM32G411KBU3, STM32G411KBU6, STM32G411M6T3, STM32G411M6T6, STM32G411M8T3, STM32G411M8T6, STM32G411MBT3, STM32G411MBT6, STM32G411MCT3, STM32G411MCT6, STM32G411R6T3, STM32G411R6T6, STM32G411R8T3, STM32G411R8T6, STM32G411RBT3, STM32G411RBT6, STM32G411RCT3, STM32G411RCT6, STM32G414CBT3, STM32G414CBT6, STM32G414CBU3, STM32G414CBU6, STM32G414CCT3, STM32G414CCT6, STM32G414CCU3, STM32G414CCU6, STM32G414MBT3, STM32G414MBT6, STM32G414MCT3, STM32G414MCT6, STM32G414RBT3, STM32G414RBT6, STM32G414RCT3, STM32G414RCT6, STM32G414VBT3, STM32G414VBT6, STM32G414VCT3, STM32G414VCT6, STM32G431CBT3Z, STM32G431RBT3Z, STM32G471CCT6, STM32G471CCU6, STM32G471CET3, STM32G471CET6, STM32G471CEU3, STM32G471CEU6, STM32G471MCT6, STM32G471MET3, STM32G471MET6, STM32G471MEY6TR, STM32G471QCT6, STM32G471QET3, STM32G471RCT6, STM32G471RET3, STM32G471RET6, STM32G471VCH6, STM32G471VCI6, STM32G471VCT6, STM32G471VEH3, STM32G471VEH6, STM32G471VEI3, STM32G471VEI6, STM32G471VET3, STM32G471VET6, STM32G473QET3Z, STM32G473RET3Z, STM32G474CCT6, STM32G491RET3Z, STM32H503CBT6, STM32H503CBU6, STM32H503EBY6TR, STM32H503KBU6, STM32H503RBT6, STM32H523CCT6, STM32H523CCU6, STM32H523CET6, STM32H523CEU6, STM32H523HEY6TR, STM32H523RCT6, STM32H523RET6, STM32H523VCI6, STM32H523VCT6, STM32H523VEI6, STM32H523VET6, STM32H523ZCJ6, STM32H523ZCT6, STM32H523ZEJ6, STM32H523ZET6, STM32H533CET6, STM32H533CEU6, STM32H533HEY6TR, STM32H533RET6, STM32H533VEI6, STM32H533VET6, STM32H533ZEJ6, STM32H533ZET6, STM32H562AGI6, STM32H562AII6, STM32H562IGK6, STM32H562IGT6, STM32H562IIK6, STM32H562IIT6, STM32H562RGT6, STM32H562RGV6, STM32H562RIT6, STM32H562RIV6, STM32H562VGT6, STM32H562VIT6, STM32H562ZGT6, STM32H562ZIT6, STM32H563AGI6, STM32H563AII3Q, STM32H563AII6, STM32H563IGK6, STM32H563IGT6, STM32H563IIK3Q, STM32H563IIK6, STM32H563IIT3Q, STM32H563IIT6, STM32H563MIY3QTR, STM32H563RGT6, STM32H563RGV6, STM32H563RIT6, STM32H563RIV6, STM32H563VGT6, STM32H563VIT3Q, STM32H563VIT6, STM32H563ZGT6, STM32H563ZIT3Q, STM32H563ZIT6, STM32H573AII3Q, STM32H573AII6, STM32H573I-DK, STM32H573IIK3Q, STM32H573IIK6, STM32H573IIT3Q, STM32H573IIT6, STM32H573MIY3QTR, STM32H573RIT6, STM32H573RIV6, STM32H573VIT3Q, STM32H573VIT6, STM32H573ZIT3Q, STM32H573ZIT6, STM32H7R3A8I6, STM32H7R3I8K6, STM32H7R3I8T6, STM32H7R3L8H6, STM32H7R3L8H6H, STM32H7R3R8V6, STM32H7R3V8H6, STM32H7R3V8T6, STM32H7R3V8Y6TR, STM32H7R3Z8J6, STM32H7R3Z8T6, STM32H7R7A8I6, STM32H7R7I8K6, STM32H7R7I8T6, STM32H7R7L8H6, STM32H7R7L8H6H, STM32H7R7Z8J6, STM32H7S3A8I6, STM32H7S3I8K6, STM32H7S3I8T6, STM32H7S3L8H6, STM32H7S3L8H6H, STM32H7S3R8V6, STM32H7S3V8H6, STM32H7S3V8T6, STM32H7S3V8Y6TR, STM32H7S3Z8J6, STM32H7S3Z8T6, STM32H7S78-DK, STM32H7S7A8I6, STM32H7S7I8K6, STM32H7S7I8T6, STM32H7S7L8H6, STM32H7S7L8H6H, STM32H7S7Z8J6, STM32L4R5QGI6STR, STM32MP131AAE3, STM32MP131AAF3, STM32MP131AAG3, STM32MP131CAE3, STM32MP131CAF3, STM32MP131CAG3, STM32MP131DAE7, STM32MP131DAF7, STM32MP131DAG7, STM32MP131FAE7, STM32MP131FAF7, STM32MP131FAG7, STM32MP133AAE3, STM32MP133AAF3, STM32MP133AAG3, STM32MP133CAE3, STM32MP133CAF3, STM32MP133CAG3, STM32MP133DAE7, STM32MP133DAF7, STM32MP133DAG7, STM32MP133FAE7, STM32MP133FAF7, STM32MP133FAG7, STM32MP135AAE3, STM32MP135AAF3, STM32MP135AAG3, STM32MP135CAE3, STM32MP135CAF3, STM32MP135CAG3, STM32MP135DAE7, STM32MP135DAF7, STM32MP135DAG7, STM32MP135F-DK, STM32MP135FAE7, STM32MP135FAF7, STM32MP135FAF7T, STM32MP135FAF7U, STM32MP135FAG7, STM32MP231AAJ3, STM32MP231AAK3, STM32MP231AAL3, STM32MP231CAJ3, STM32MP231CAK3, STM32MP231CAL3, STM32MP231DAJ3, STM32MP231DAK3, STM32MP231DAL3, STM32MP231FAJ3, STM32MP231FAK3, STM32MP231FAL3, STM32MP233AAJ3, STM32MP233AAK3, STM32MP233AAL3, STM32MP233CAJ3, STM32MP233CAK3, STM32MP233CAL3, STM32MP233DAJ3, STM32MP233DAK3, STM32MP233DAL3, STM32MP233FAJ3, STM32MP233FAK3, STM32MP233FAL3, STM32MP235AAJ3, STM32MP235AAK3, STM32MP235AAL3, STM32MP235CAJ3, STM32MP235CAK3, STM32MP235CAL3, STM32MP235DAJ3, STM32MP235DAK3, STM32MP235DAL3, STM32MP235FAJ3, STM32MP235FAK3, STM32MP235FAL3, STM32MP251AAI3, STM32MP251AAJ3, STM32MP251AAK3, STM32MP251AAL3, STM32MP251CAI3, STM32MP251CAJ3, STM32MP251CAK3, STM32MP251CAL3, STM32MP251DAI3, STM32MP251DAJ3, STM32MP251DAK3, STM32MP251DAL3, STM32MP251FAI3, STM32MP251FAJ3, STM32MP251FAK3, STM32MP251FAL3, STM32MP253AAI3, STM32MP253AAJ3, STM32MP253AAK3, STM32MP253AAL3, STM32MP253CAI3, STM32MP253CAJ3, STM32MP253CAK3, STM32MP253CAL3, STM32MP253DAI3, STM32MP253DAJ3, STM32MP253DAK3, STM32MP253DAL3, STM32MP253FAI3, STM32MP253FAJ3, STM32MP253FAK3, STM32MP253FAL3, STM32MP255AAI3, STM32MP255AAJ3, STM32MP255AAK3, STM32MP255AAL3, STM32MP255CAI3, STM32MP255CAJ3, STM32MP255CAK3, STM32MP255CAL3, STM32MP255DAI3, STM32MP255DAJ3, STM32MP255DAK3, STM32MP255DAL3, STM32MP255FAI3, STM32MP255FAJ3, STM32MP255FAK3, STM32MP255FAL3, STM32MP257AAI3, STM32MP257AAJ3, STM32MP257AAK3, STM32MP257AAL3, STM32MP257CAI3, STM32MP257CAJ3, STM32MP257CAK3, STM32MP257CAL3, STM32MP257DAI3, STM32MP257DAJ3, STM32MP257DAK3, STM32MP257DAL3, STM32MP257F-DK, STM32MP257F-EV1, STM32MP257FAI3, STM32MP257FAJ3, STM32MP257FAK3, STM32MP257FAL3, STM32N645A0H3Q, STM32N645B0H3Q, STM32N645I0H3Q, STM32N645L0H3Q, STM32N645X0H3Q, STM32N645Z0H3Q, STM32N647A0H3Q, STM32N647B0H3Q, STM32N647I0H3Q, STM32N647L0H3Q, STM32N647X0H3Q, STM32N647Z0H3Q, STM32N655A0H3Q, STM32N655B0H3Q, STM32N655I0H3Q, STM32N655L0H3Q, STM32N655X0H3Q, STM32N655Z0H3Q, STM32N6570-DK, STM32N657A0H3Q, STM32N657B0H3Q, STM32N657I0H3Q, STM32N657L0H3Q, STM32N657X0H3Q, STM32N657Z0H3Q, STM32U031C6T6, STM32U031C6U6, STM32U031C8T6, STM32U031C8U6, STM32U031F4P6, STM32U031F6P6, STM32U031F8P6, STM32U031G6Y6TR, STM32U031G8Y6TR, STM32U031K4U6, STM32U031K6U6, STM32U031K8U6, STM32U031R6I6, STM32U031R6T6, STM32U031R8I6, STM32U031R8T6, STM32U073C8T6, STM32U073C8U6, STM32U073CBT6, STM32U073CBU6, STM32U073CCT6, STM32U073CCU6, STM32U073H8Y6TR, STM32U073HBY6TR, STM32U073HCY6TR, STM32U073K8U6, STM32U073KBU6, STM32U073KCU6, STM32U073M8I6, STM32U073M8T6, STM32U073MBI6, STM32U073MBT6, STM32U073MCI6, STM32U073MCT6, STM32U073R8I6, STM32U073R8T6, STM32U073RBI6, STM32U073RBT6, STM32U073RCI6, STM32U073RCT6, STM32U083C-DK, STM32U083CCT6, STM32U083CCU6, STM32U083HCY6TR, STM32U083KCU6, STM32U083MCI6, STM32U083MCT6, STM32U083RCI6, STM32U083RCT6, STM32U375CET6, STM32U375CET6Q, STM32U375CEU6, STM32U375CEU6Q, STM32U375CEY6QTR, STM32U375CGT6, STM32U375CGT6Q, STM32U375CGU6, STM32U375CGU6Q, STM32U375CGY6QTR, STM32U375KEU6, STM32U375KGU6, STM32U375REI6, STM32U375REI6Q, STM32U375RET6, STM32U375RET6Q, STM32U375REY6GTR, STM32U375REY6QTR, STM32U375RGI6, STM32U375RGI6Q, STM32U375RGT6, STM32U375RGT6Q, STM32U375RGY6GTR, STM32U375RGY6QTR, STM32U375VEI6, STM32U375VEI6Q, STM32U375VET6, STM32U375VET6Q, STM32U375VGI6, STM32U375VGI6Q, STM32U375VGT6, STM32U375VGT6Q, STM32U385CGT6, STM32U385CGT6Q, STM32U385CGU6, STM32U385CGU6Q, STM32U385CGY6QTR, STM32U385KGU6, STM32U385RGI6, STM32U385RGI6Q, STM32U385RGT6, STM32U385RGT6Q, STM32U385RGY6GTR, STM32U385RGY6QTR, STM32U385VGI6, STM32U385VGI6Q, STM32U385VGT6, STM32U385VGT6Q, STM32U535CBT6, STM32U535CBT6Q, STM32U535CBU6, STM32U535CBU6Q, STM32U535CCT6, STM32U535CCT6Q, STM32U535CCU6, STM32U535CCU6Q, STM32U535CET6, STM32U535CET6Q, STM32U535CEU6, STM32U535CEU6Q, STM32U535JEY6QTR, STM32U535NCY6QTR, STM32U535NEY6QTR, STM32U535RBI6, STM32U535RBI6Q, STM32U535RBT6, STM32U535RBT6Q, STM32U535RCI6, STM32U535RCI6Q, STM32U535RCT6, STM32U535RCT6Q, STM32U535REI6, STM32U535REI6Q, STM32U535RET6, STM32U535RET6Q, STM32U535VCI6, STM32U535VCI6Q, STM32U535VCT6, STM32U535VCT6Q, STM32U535VEI6, STM32U535VEI6Q, STM32U535VET6, STM32U535VET6Q, STM32U545CET6, STM32U545CET6Q, STM32U545CEU6, STM32U545CEU6Q, STM32U545JEY6QTR, STM32U545NEY6QTR, STM32U545REI6, STM32U545REI6Q, STM32U545RET6, STM32U545RET6Q, STM32U545VEI6, STM32U545VEI6Q, STM32U545VET6, STM32U545VET6Q, STM32U595AIH6, STM32U595AIH6Q, STM32U595AJH6, STM32U595AJH6Q, STM32U595QII6, STM32U595QII6Q, STM32U595QJI6, STM32U595QJI6Q, STM32U595RIT6, STM32U595RIT6Q, STM32U595RJT6, STM32U595RJT6Q, STM32U595VIT6, STM32U595VIT6Q, STM32U595VJT6, STM32U595VJT6Q, STM32U595ZIT6, STM32U595ZIT6Q, STM32U595ZIY6QTR, STM32U595ZJT6, STM32U595ZJT6Q, STM32U595ZJY6QTR, STM32U599BJY6QTR, STM32U599NIH6Q, STM32U599NJH6Q, STM32U599VIT6Q, STM32U599VJT6, STM32U599VJT6Q, STM32U599ZIT6Q, STM32U599ZIY6QTR, STM32U599ZJT6Q, STM32U599ZJY6QTR, STM32U5A5AJH6, STM32U5A5AJH6Q, STM32U5A5QII3Q , STM32U5A5QJI6, STM32U5A5QJI6Q, STM32U5A5RJT6, STM32U5A5RJT6Q, STM32U5A5VJT6, STM32U5A5VJT6Q, STM32U5A5ZJT6, STM32U5A5ZJT6Q, STM32U5A5ZJY6QTR, STM32U5A9BJY6QTR, STM32U5A9J-DK, STM32U5A9NJH6Q, STM32U5A9VJT6Q, STM32U5A9ZJT6Q, STM32U5A9ZJY6QTR, STM32U5F7VIT6, STM32U5F7VIT6Q, STM32U5F7VJT6, STM32U5F7VJT6Q, STM32U5F9BJY6QTR, STM32U5F9NJH6Q, STM32U5F9VIT6Q, STM32U5F9VJT6Q, STM32U5F9ZIJ6QTR, STM32U5F9ZIT6Q, STM32U5F9ZJJ6QTR, STM32U5F9ZJT6Q, STM32U5G7VJT6, STM32U5G7VJT6Q, STM32U5G9BJY6QTR, STM32U5G9J-DK1, STM32U5G9J-DK2, STM32U5G9NJH6Q, STM32U5G9VJT6Q, STM32U5G9ZJJ6QTR, STM32U5G9ZJT6Q, STM32WB05KZV6TR, STM32WB05KZV7TR, STM32WB05TZF6TR, STM32WB05TZF7TR, STM32WB06CCF6TR, STM32WB06CCF7TR, STM32WB06CCV6TR, STM32WB06CCV7TR, STM32WB06KCV6TR, STM32WB06KCV7TR, STM32WB07CCF6TR, STM32WB07CCF7TR, STM32WB07CCV6TR, STM32WB07CCV7TR, STM32WB07KCV6TR, STM32WB07KCV7TR, STM32WB09KEV6TR, STM32WB09KEV7TR, STM32WB09TEF6TR, STM32WB09TEF7TR, STM32WB1MMCH6, STM32WBA50KGU6, STM32WBA50KGU6TR, STM32WBA52CEU6, STM32WBA52CEU6TR, STM32WBA52CEU7, STM32WBA52CEU7TR, STM32WBA52CGU6, STM32WBA52CGU6TR, STM32WBA52CGU6U, STM32WBA52CGU7, STM32WBA52CGU7TR, STM32WBA52KEU6, STM32WBA52KEU6TR, STM32WBA52KGU6, STM32WBA52KGU6TR, STM32WBA54CEU6, STM32WBA54CEU6TR, STM32WBA54CEU7, STM32WBA54CEU7TR, STM32WBA54CGU6, STM32WBA54CGU6TR, STM32WBA54CGU7, STM32WBA54CGU7TR, STM32WBA54KEU6, STM32WBA54KEU6TR, STM32WBA54KEU7, STM32WBA54KEU7TR, STM32WBA54KGU6, STM32WBA54KGU6TR, STM32WBA54KGU7, STM32WBA54KGU7TR, STM32WBA55CEU6, STM32WBA55CEU6TR, STM32WBA55CEU7, STM32WBA55CEU7TR, STM32WBA55CGU6, STM32WBA55CGU6TR, STM32WBA55CGU6U, STM32WBA55CGU7, STM32WBA55CGU7TR, STM32WBA55G-DK1, STM32WBA55HEF6, STM32WBA55HEF7, STM32WBA55HGF6, STM32WBA55HGF7, STM32WBA55UEI6, STM32WBA55UEI6TR, STM32WBA55UEI7, STM32WBA55UEI7TR, STM32WBA55UGI6, STM32WBA55UGI6TR, STM32WBA55UGI7, STM32WBA55UGI7TR, STM32WBA5MJGH6TR, STM32WBA5MJGH6U, STM32WL33C8V6, STM32WL33C8V6TR, STM32WL33C8V7, STM32WL33C8V7TR, STM32WL33CBV6, STM32WL33CBV6TR, STM32WL33CBV7, STM32WL33CBV7TR, STM32WL33CCV6, STM32WL33CCV6TR, STM32WL33CCV7, STM32WL33CCV7A, STM32WL33CCV7ATR, STM32WL33CCV7TR, STM32WL33K8V6, STM32WL33K8V6TR, STM32WL33K8V7, STM32WL33K8V7TR, STM32WL33KBV6, STM32WL33KBV6TR, STM32WL33KBV7, STM32WL33KBV7TR, STM32WL33KCV6, STM32WL33KCV6TR, STM32WL33KCV7, STM32WL33KCV7TR, STM32WL5MOCH6, STM32WL5MOCH6TR]
2026-01-10 12:46:09,320 [INFO] ApiDb:668 - CubeFinder database Data Model version=2.1
2026-01-10 12:46:09,320 [INFO] ApiDb:669 - CubeFinder database Configuration version=3.0.39
2026-01-10 12:46:09,320 [INFO] ApiDb:670 - CubeFinder database generation date=2025-11-05 (1762334721)
2026-01-10 12:46:09,320 [INFO] ApiDb:671 - CubeFinder database FW Pack versions=[FP-ATR-ASTRA1_V2.0.0, FP-SNS-FLIGHT1_V5.1.0, FP-SNS-MOTENV1_V5.1.0, FP-SNS-MOTENVWB1_V1.4.0, FP-SNS-SMARTAG2_V1.2.0, FP-SNS-STBOX1_V2.1.0, STM32Cube_FW_C0_V1.4.0, STM32Cube_FW_F4_V1.28.3, STM32Cube_FW_F7_V1.17.4, STM32Cube_FW_G0_V1.6.2, STM32Cube_FW_G4_V1.6.1, STM32Cube_FW_H5_V1.5.1, STM32Cube_FW_H7RS_V1.3.0, STM32Cube_FW_H7_V1.12.1, STM32Cube_FW_L0_V1.12.2, STM32Cube_FW_L4_V1.18.1, STM32Cube_FW_L5_V1.6.0, STM32Cube_FW_N6_V1.3.0, STM32Cube_FW_U0_V1.3.0, STM32Cube_FW_U3_V1.2.1, STM32Cube_FW_U5_V1.8.0, STM32Cube_FW_WB0_V1.4.0, STM32Cube_FW_WBA_V1.8.0, STM32Cube_FW_WB_V1.24.0, STM32Cube_FW_WL3_V1.3.0, STM32Cube_FW_WL_V1.4.0, X-CUBE-ALGOBUILD_V1.4.0, X-CUBE-ALS_V1.0.2, X-CUBE-AZRTOS-F4_V1.1.0, X-CUBE-AZRTOS-F7_V1.1.0, X-CUBE-AZRTOS-G0_V1.1.0, X-CUBE-AZRTOS-G4_V2.0.0, X-CUBE-AZRTOS-H7RS_V1.1.0, X-CUBE-AZRTOS-H7_V3.4.0, X-CUBE-AZRTOS-L4_V2.0.0, X-CUBE-AZRTOS-L5_V2.0.0, X-CUBE-AZRTOS-WB_V2.0.0, X-CUBE-AZRTOS-WL_V2.0.0, X-CUBE-BLE1_V7.1.0, X-CUBE-BLE2_V3.3.0, X-CUBE-BLEMGR_V4.1.0, X-CUBE-EEPRMA1_V5.2.0, X-CUBE-FREERTOS_V1.3.1, X-CUBE-GNSS1_V6.0.0, X-CUBE-MEMS1_V11.3.0, X-CUBE-NFC4_V3.0.0, X-CUBE-NFC7_V2.0.0, X-CUBE-SFXS2LP1_V4.0.0, X-CUBE-ST67W61_V1.1.0, X-CUBE-SUBG2_V5.0.0, X-CUBE-TOF1_V3.4.3]
2026-01-10 12:46:10,826 [INFO] ApiDb:240 - Found 858 in-development CPN: [B-G473E-ZEST1S, B-WB1M-WPAN1, B-WBA5M-WPAN, B-WL5M-SUBG1, NUCLEO-C031C6, NUCLEO-C051C8, NUCLEO-C071RB, NUCLEO-C092RC, NUCLEO-H503RB, NUCLEO-H533RE, NUCLEO-H563ZI, NUCLEO-H7S3L8, NUCLEO-N657X0-Q, NUCLEO-U031R8, NUCLEO-U083RC, NUCLEO-U385RG-Q, NUCLEO-U545RE-Q, NUCLEO-U5A5ZJ-Q, NUCLEO-WB05KZ, NUCLEO-WB07CC, NUCLEO-WB09KE, NUCLEO-WBA52CG, NUCLEO-WBA55CG, NUCLEO-WL33CC1, NUCLEO-WL33CC2, STEVAL-PROTEUS1, STEVAL-SMARTAG2, STEVAL-STWINBX1, STM320518-EVAL, STM32C0116-DK, STM32C011D6Y3TR, STM32C011D6Y6TR, STM32C011F4P3, STM32C011F4P6, STM32C011F4U3, STM32C011F4U6TR, STM32C011F6P3, STM32C011F6P6, STM32C011F6U3, STM32C011F6U6TR, STM32C011J4M3, STM32C011J4M6, STM32C011J6M3, STM32C011J6M6, STM32C0316-DK, STM32C031C4T3, STM32C031C4T6, STM32C031C4U3, STM32C031C4U6, STM32C031C6T3, STM32C031C6T6, STM32C031C6U3, STM32C031C6U6, STM32C031F4P3, STM32C031F4P6, STM32C031F6P3, STM32C031F6P6, STM32C031G4U3, STM32C031G4U6, STM32C031G6U3, STM32C031G6U6, STM32C031K4T3, STM32C031K4T6, STM32C031K4U3, STM32C031K4U6, STM32C031K6T3, STM32C031K6T6, STM32C031K6U3, STM32C031K6U6, STM32C051C6T6, STM32C051C6U6, STM32C051C8T6, STM32C051C8U6, STM32C051D8Y6TR, STM32C051F6P6, STM32C051F8P6, STM32C051G6U6, STM32C051G8U6, STM32C051K6T6, STM32C051K6U6, STM32C051K8T6, STM32C071C8T6, STM32C071C8T6N, STM32C071C8U6, STM32C071C8U6N, STM32C071CBT6, STM32C071CBT6N, STM32C071CBU6, STM32C071CBU6N, STM32C071F8P6, STM32C071F8P6N, STM32C071FBP6, STM32C071FBP6N, STM32C071FBY6TR, STM32C071G8U6, STM32C071G8U6N, STM32C071GBU6, STM32C071GBU6N, STM32C071K8T6, STM32C071K8T6N, STM32C071K8U6, STM32C071K8U6N, STM32C071KBT6, STM32C071KBT6N, STM32C071KBU6, STM32C071KBU6N, STM32C071R8T6, STM32C071R8T6N, STM32C071RBI6N, STM32C071RBT6, STM32C071RBT6N, STM32C091CBT6, STM32C091CBU6, STM32C091CCT6, STM32C091CCU6, STM32C091ECY6TR, STM32C091FBP6, STM32C091FCP6, STM32C091GBU6, STM32C091GCU6, STM32C091KBT6, STM32C091KBU6, STM32C091KCT6, STM32C091KCU6, STM32C091RBT6, STM32C091RCI6, STM32C091RCT6, STM32C092CBT6, STM32C092CBU6, STM32C092CCT6, STM32C092CCU6, STM32C092ECY6TR, STM32C092FBP6, STM32C092FCP6, STM32C092GBU6, STM32C092GCU6, STM32C092KBT6, STM32C092KBU6, STM32C092KCT6, STM32C092KCU6, STM32C092RBT6, STM32C092RCI6, STM32C092RCT6, STM32G071K8TXN, STM32G071K8UXN, STM32G081GBU6N, STM32G081KBT6N, STM32G081KBUXN, STM32G0B1CCT6N, STM32G0B1KCT6, STM32G0B1NEY6TR, STM32G0B1RCT6N, STM32G0C1CCT6, STM32G0C1CCT6N, STM32G0C1CCU6N, STM32G0C1CET6N, STM32G0C1CEU6N, STM32G0C1KCT6, STM32G0C1NEY6TR, STM32G0C1RCI6N, STM32G0C1RCT6N, STM32G0C1REI6N, STM32G0C1RET6N, STM32G0C1VCI6, STM32G0C1VEI6, STM32G411C6T3, STM32G411C6T6, STM32G411C6U3, STM32G411C6U6, STM32G411C8T3, STM32G411C8T6, STM32G411C8U3, STM32G411C8U6, STM32G411CBT3, STM32G411CBT6, STM32G411CBU3, STM32G411CBU6, STM32G411CCT3, STM32G411CCT6, STM32G411CCU3, STM32G411CCU6, STM32G411K6T3, STM32G411K6T6, STM32G411K6U3, STM32G411K6U6, STM32G411K8T3, STM32G411K8T6, STM32G411K8U3, STM32G411K8U6, STM32G411KBT3, STM32G411KBT6, STM32G411KBU3, STM32G411KBU6, STM32G411M6T3, STM32G411M6T6, STM32G411M8T3, STM32G411M8T6, STM32G411MBT3, STM32G411MBT6, STM32G411MCT3, STM32G411MCT6, STM32G411R6T3, STM32G411R6T6, STM32G411R8T3, STM32G411R8T6, STM32G411RBT3, STM32G411RBT6, STM32G411RCT3, STM32G411RCT6, STM32G414CBT3, STM32G414CBT6, STM32G414CBU3, STM32G414CBU6, STM32G414CCT3, STM32G414CCT6, STM32G414CCU3, STM32G414CCU6, STM32G414MBT3, STM32G414MBT6, STM32G414MCT3, STM32G414MCT6, STM32G414RBT3, STM32G414RBT6, STM32G414RCT3, STM32G414RCT6, STM32G414VBT3, STM32G414VBT6, STM32G414VCT3, STM32G414VCT6, STM32G431CBT3Z, STM32G431RBT3Z, STM32G471CCT6, STM32G471CCU6, STM32G471CET3, STM32G471CET6, STM32G471CEU3, STM32G471CEU6, STM32G471MCT6, STM32G471MET3, STM32G471MET6, STM32G471MEY6TR, STM32G471QCT6, STM32G471QET3, STM32G471RCT6, STM32G471RET3, STM32G471RET6, STM32G471VCH6, STM32G471VCI6, STM32G471VCT6, STM32G471VEH3, STM32G471VEH6, STM32G471VEI3, STM32G471VEI6, STM32G471VET3, STM32G471VET6, STM32G473QET3Z, STM32G473RET3Z, STM32G474CCT6, STM32G491RET3Z, STM32H503CBT6, STM32H503CBU6, STM32H503EBY6TR, STM32H503KBU6, STM32H503RBT6, STM32H523CCT6, STM32H523CCU6, STM32H523CET6, STM32H523CEU6, STM32H523HEY6TR, STM32H523RCT6, STM32H523RET6, STM32H523VCI6, STM32H523VCT6, STM32H523VEI6, STM32H523VET6, STM32H523ZCJ6, STM32H523ZCT6, STM32H523ZEJ6, STM32H523ZET6, STM32H533CET6, STM32H533CEU6, STM32H533HEY6TR, STM32H533RET6, STM32H533VEI6, STM32H533VET6, STM32H533ZEJ6, STM32H533ZET6, STM32H562AGI6, STM32H562AII6, STM32H562IGK6, STM32H562IGT6, STM32H562IIK6, STM32H562IIT6, STM32H562RGT6, STM32H562RGV6, STM32H562RIT6, STM32H562RIV6, STM32H562VGT6, STM32H562VIT6, STM32H562ZGT6, STM32H562ZIT6, STM32H563AGI6, STM32H563AII3Q, STM32H563AII6, STM32H563IGK6, STM32H563IGT6, STM32H563IIK3Q, STM32H563IIK6, STM32H563IIT3Q, STM32H563IIT6, STM32H563MIY3QTR, STM32H563RGT6, STM32H563RGV6, STM32H563RIT6, STM32H563RIV6, STM32H563VGT6, STM32H563VIT3Q, STM32H563VIT6, STM32H563ZGT6, STM32H563ZIT3Q, STM32H563ZIT6, STM32H573AII3Q, STM32H573AII6, STM32H573I-DK, STM32H573IIK3Q, STM32H573IIK6, STM32H573IIT3Q, STM32H573IIT6, STM32H573MIY3QTR, STM32H573RIT6, STM32H573RIV6, STM32H573VIT3Q, STM32H573VIT6, STM32H573ZIT3Q, STM32H573ZIT6, STM32H7R3A8I6, STM32H7R3I8K6, STM32H7R3I8T6, STM32H7R3L8H6, STM32H7R3L8H6H, STM32H7R3R8V6, STM32H7R3V8H6, STM32H7R3V8T6, STM32H7R3V8Y6TR, STM32H7R3Z8J6, STM32H7R3Z8T6, STM32H7R7A8I6, STM32H7R7I8K6, STM32H7R7I8T6, STM32H7R7L8H6, STM32H7R7L8H6H, STM32H7R7Z8J6, STM32H7S3A8I6, STM32H7S3I8K6, STM32H7S3I8T6, STM32H7S3L8H6, STM32H7S3L8H6H, STM32H7S3R8V6, STM32H7S3V8H6, STM32H7S3V8T6, STM32H7S3V8Y6TR, STM32H7S3Z8J6, STM32H7S3Z8T6, STM32H7S78-DK, STM32H7S7A8I6, STM32H7S7I8K6, STM32H7S7I8T6, STM32H7S7L8H6, STM32H7S7L8H6H, STM32H7S7Z8J6, STM32L4R5QGI6STR, STM32MP131AAE3, STM32MP131AAF3, STM32MP131AAG3, STM32MP131CAE3, STM32MP131CAF3, STM32MP131CAG3, STM32MP131DAE7, STM32MP131DAF7, STM32MP131DAG7, STM32MP131FAE7, STM32MP131FAF7, STM32MP131FAG7, STM32MP133AAE3, STM32MP133AAF3, STM32MP133AAG3, STM32MP133CAE3, STM32MP133CAF3, STM32MP133CAG3, STM32MP133DAE7, STM32MP133DAF7, STM32MP133DAG7, STM32MP133FAE7, STM32MP133FAF7, STM32MP133FAG7, STM32MP135AAE3, STM32MP135AAF3, STM32MP135AAG3, STM32MP135CAE3, STM32MP135CAF3, STM32MP135CAG3, STM32MP135DAE7, STM32MP135DAF7, STM32MP135DAG7, STM32MP135F-DK, STM32MP135FAE7, STM32MP135FAF7, STM32MP135FAF7T, STM32MP135FAF7U, STM32MP135FAG7, STM32MP231AAJ3, STM32MP231AAK3, STM32MP231AAL3, STM32MP231CAJ3, STM32MP231CAK3, STM32MP231CAL3, STM32MP231DAJ3, STM32MP231DAK3, STM32MP231DAL3, STM32MP231FAJ3, STM32MP231FAK3, STM32MP231FAL3, STM32MP233AAJ3, STM32MP233AAK3, STM32MP233AAL3, STM32MP233CAJ3, STM32MP233CAK3, STM32MP233CAL3, STM32MP233DAJ3, STM32MP233DAK3, STM32MP233DAL3, STM32MP233FAJ3, STM32MP233FAK3, STM32MP233FAL3, STM32MP235AAJ3, STM32MP235AAK3, STM32MP235AAL3, STM32MP235CAJ3, STM32MP235CAK3, STM32MP235CAL3, STM32MP235DAJ3, STM32MP235DAK3, STM32MP235DAL3, STM32MP235FAJ3, STM32MP235FAK3, STM32MP235FAL3, STM32MP251AAI3, STM32MP251AAJ3, STM32MP251AAK3, STM32MP251AAL3, STM32MP251CAI3, STM32MP251CAJ3, STM32MP251CAK3, STM32MP251CAL3, STM32MP251DAI3, STM32MP251DAJ3, STM32MP251DAK3, STM32MP251DAL3, STM32MP251FAI3, STM32MP251FAJ3, STM32MP251FAK3, STM32MP251FAL3, STM32MP253AAI3, STM32MP253AAJ3, STM32MP253AAK3, STM32MP253AAL3, STM32MP253CAI3, STM32MP253CAJ3, STM32MP253CAK3, STM32MP253CAL3, STM32MP253DAI3, STM32MP253DAJ3, STM32MP253DAK3, STM32MP253DAL3, STM32MP253FAI3, STM32MP253FAJ3, STM32MP253FAK3, STM32MP253FAL3, STM32MP255AAI3, STM32MP255AAJ3, STM32MP255AAK3, STM32MP255AAL3, STM32MP255CAI3, STM32MP255CAJ3, STM32MP255CAK3, STM32MP255CAL3, STM32MP255DAI3, STM32MP255DAJ3, STM32MP255DAK3, STM32MP255DAL3, STM32MP255FAI3, STM32MP255FAJ3, STM32MP255FAK3, STM32MP255FAL3, STM32MP257AAI3, STM32MP257AAJ3, STM32MP257AAK3, STM32MP257AAL3, STM32MP257CAI3, STM32MP257CAJ3, STM32MP257CAK3, STM32MP257CAL3, STM32MP257DAI3, STM32MP257DAJ3, STM32MP257DAK3, STM32MP257DAL3, STM32MP257F-DK, STM32MP257F-EV1, STM32MP257FAI3, STM32MP257FAJ3, STM32MP257FAK3, STM32MP257FAL3, STM32N645A0H3Q, STM32N645B0H3Q, STM32N645I0H3Q, STM32N645L0H3Q, STM32N645X0H3Q, STM32N645Z0H3Q, STM32N647A0H3Q, STM32N647B0H3Q, STM32N647I0H3Q, STM32N647L0H3Q, STM32N647X0H3Q, STM32N647Z0H3Q, STM32N655A0H3Q, STM32N655B0H3Q, STM32N655I0H3Q, STM32N655L0H3Q, STM32N655X0H3Q, STM32N655Z0H3Q, STM32N6570-DK, STM32N657A0H3Q, STM32N657B0H3Q, STM32N657I0H3Q, STM32N657L0H3Q, STM32N657X0H3Q, STM32N657Z0H3Q, STM32U031C6T6, STM32U031C6U6, STM32U031C8T6, STM32U031C8U6, STM32U031F4P6, STM32U031F6P6, STM32U031F8P6, STM32U031G6Y6TR, STM32U031G8Y6TR, STM32U031K4U6, STM32U031K6U6, STM32U031K8U6, STM32U031R6I6, STM32U031R6T6, STM32U031R8I6, STM32U031R8T6, STM32U073C8T6, STM32U073C8U6, STM32U073CBT6, STM32U073CBU6, STM32U073CCT6, STM32U073CCU6, STM32U073H8Y6TR, STM32U073HBY6TR, STM32U073HCY6TR, STM32U073K8U6, STM32U073KBU6, STM32U073KCU6, STM32U073M8I6, STM32U073M8T6, STM32U073MBI6, STM32U073MBT6, STM32U073MCI6, STM32U073MCT6, STM32U073R8I6, STM32U073R8T6, STM32U073RBI6, STM32U073RBT6, STM32U073RCI6, STM32U073RCT6, STM32U083C-DK, STM32U083CCT6, STM32U083CCU6, STM32U083HCY6TR, STM32U083KCU6, STM32U083MCI6, STM32U083MCT6, STM32U083RCI6, STM32U083RCT6, STM32U375CET6, STM32U375CET6Q, STM32U375CEU6, STM32U375CEU6Q, STM32U375CEY6QTR, STM32U375CGT6, STM32U375CGT6Q, STM32U375CGU6, STM32U375CGU6Q, STM32U375CGY6QTR, STM32U375KEU6, STM32U375KGU6, STM32U375REI6, STM32U375REI6Q, STM32U375RET6, STM32U375RET6Q, STM32U375REY6GTR, STM32U375REY6QTR, STM32U375RGI6, STM32U375RGI6Q, STM32U375RGT6, STM32U375RGT6Q, STM32U375RGY6GTR, STM32U375RGY6QTR, STM32U375VEI6, STM32U375VEI6Q, STM32U375VET6, STM32U375VET6Q, STM32U375VGI6, STM32U375VGI6Q, STM32U375VGT6, STM32U375VGT6Q, STM32U385CGT6, STM32U385CGT6Q, STM32U385CGU6, STM32U385CGU6Q, STM32U385CGY6QTR, STM32U385KGU6, STM32U385RGI6, STM32U385RGI6Q, STM32U385RGT6, STM32U385RGT6Q, STM32U385RGY6GTR, STM32U385RGY6QTR, STM32U385VGI6, STM32U385VGI6Q, STM32U385VGT6, STM32U385VGT6Q, STM32U535CBT6, STM32U535CBT6Q, STM32U535CBU6, STM32U535CBU6Q, STM32U535CCT6, STM32U535CCT6Q, STM32U535CCU6, STM32U535CCU6Q, STM32U535CET6, STM32U535CET6Q, STM32U535CEU6, STM32U535CEU6Q, STM32U535JEY6QTR, STM32U535NCY6QTR, STM32U535NEY6QTR, STM32U535RBI6, STM32U535RBI6Q, STM32U535RBT6, STM32U535RBT6Q, STM32U535RCI6, STM32U535RCI6Q, STM32U535RCT6, STM32U535RCT6Q, STM32U535REI6, STM32U535REI6Q, STM32U535RET6, STM32U535RET6Q, STM32U535VCI6, STM32U535VCI6Q, STM32U535VCT6, STM32U535VCT6Q, STM32U535VEI6, STM32U535VEI6Q, STM32U535VET6, STM32U535VET6Q, STM32U545CET6, STM32U545CET6Q, STM32U545CEU6, STM32U545CEU6Q, STM32U545JEY6QTR, STM32U545NEY6QTR, STM32U545REI6, STM32U545REI6Q, STM32U545RET6, STM32U545RET6Q, STM32U545VEI6, STM32U545VEI6Q, STM32U545VET6, STM32U545VET6Q, STM32U595AIH6, STM32U595AIH6Q, STM32U595AJH6, STM32U595AJH6Q, STM32U595QII6, STM32U595QII6Q, STM32U595QJI6, STM32U595QJI6Q, STM32U595RIT6, STM32U595RIT6Q, STM32U595RJT6, STM32U595RJT6Q, STM32U595VIT6, STM32U595VIT6Q, STM32U595VJT6, STM32U595VJT6Q, STM32U595ZIT6, STM32U595ZIT6Q, STM32U595ZIY6QTR, STM32U595ZJT6, STM32U595ZJT6Q, STM32U595ZJY6QTR, STM32U599BJY6QTR, STM32U599NIH6Q, STM32U599NJH6Q, STM32U599VIT6Q, STM32U599VJT6, STM32U599VJT6Q, STM32U599ZIT6Q, STM32U599ZIY6QTR, STM32U599ZJT6Q, STM32U599ZJY6QTR, STM32U5A5AJH6, STM32U5A5AJH6Q, STM32U5A5QII3Q , STM32U5A5QJI6, STM32U5A5QJI6Q, STM32U5A5RJT6, STM32U5A5RJT6Q, STM32U5A5VJT6, STM32U5A5VJT6Q, STM32U5A5ZJT6, STM32U5A5ZJT6Q, STM32U5A5ZJY6QTR, STM32U5A9BJY6QTR, STM32U5A9J-DK, STM32U5A9NJH6Q, STM32U5A9VJT6Q, STM32U5A9ZJT6Q, STM32U5A9ZJY6QTR, STM32U5F7VIT6, STM32U5F7VIT6Q, STM32U5F7VJT6, STM32U5F7VJT6Q, STM32U5F9BJY6QTR, STM32U5F9NJH6Q, STM32U5F9VIT6Q, STM32U5F9VJT6Q, STM32U5F9ZIJ6QTR, STM32U5F9ZIT6Q, STM32U5F9ZJJ6QTR, STM32U5F9ZJT6Q, STM32U5G7VJT6, STM32U5G7VJT6Q, STM32U5G9BJY6QTR, STM32U5G9J-DK1, STM32U5G9J-DK2, STM32U5G9NJH6Q, STM32U5G9VJT6Q, STM32U5G9ZJJ6QTR, STM32U5G9ZJT6Q, STM32WB05KZV6TR, STM32WB05KZV7TR, STM32WB05TZF6TR, STM32WB05TZF7TR, STM32WB06CCF6TR, STM32WB06CCF7TR, STM32WB06CCV6TR, STM32WB06CCV7TR, STM32WB06KCV6TR, STM32WB06KCV7TR, STM32WB07CCF6TR, STM32WB07CCF7TR, STM32WB07CCV6TR, STM32WB07CCV7TR, STM32WB07KCV6TR, STM32WB07KCV7TR, STM32WB09KEV6TR, STM32WB09KEV7TR, STM32WB09TEF6TR, STM32WB09TEF7TR, STM32WB1MMCH6, STM32WBA50KGU6, STM32WBA50KGU6TR, STM32WBA52CEU6, STM32WBA52CEU6TR, STM32WBA52CEU7, STM32WBA52CEU7TR, STM32WBA52CGU6, STM32WBA52CGU6TR, STM32WBA52CGU6U, STM32WBA52CGU7, STM32WBA52CGU7TR, STM32WBA52KEU6, STM32WBA52KEU6TR, STM32WBA52KGU6, STM32WBA52KGU6TR, STM32WBA54CEU6, STM32WBA54CEU6TR, STM32WBA54CEU7, STM32WBA54CEU7TR, STM32WBA54CGU6, STM32WBA54CGU6TR, STM32WBA54CGU7, STM32WBA54CGU7TR, STM32WBA54KEU6, STM32WBA54KEU6TR, STM32WBA54KEU7, STM32WBA54KEU7TR, STM32WBA54KGU6, STM32WBA54KGU6TR, STM32WBA54KGU7, STM32WBA54KGU7TR, STM32WBA55CEU6, STM32WBA55CEU6TR, STM32WBA55CEU7, STM32WBA55CEU7TR, STM32WBA55CGU6, STM32WBA55CGU6TR, STM32WBA55CGU6U, STM32WBA55CGU7, STM32WBA55CGU7TR, STM32WBA55G-DK1, STM32WBA55HEF6, STM32WBA55HEF7, STM32WBA55HGF6, STM32WBA55HGF7, STM32WBA55UEI6, STM32WBA55UEI6TR, STM32WBA55UEI7, STM32WBA55UEI7TR, STM32WBA55UGI6, STM32WBA55UGI6TR, STM32WBA55UGI7, STM32WBA55UGI7TR, STM32WBA5MJGH6TR, STM32WBA5MJGH6U, STM32WL33C8V6, STM32WL33C8V6TR, STM32WL33C8V7, STM32WL33C8V7TR, STM32WL33CBV6, STM32WL33CBV6TR, STM32WL33CBV7, STM32WL33CBV7TR, STM32WL33CCV6, STM32WL33CCV6TR, STM32WL33CCV7, STM32WL33CCV7A, STM32WL33CCV7ATR, STM32WL33CCV7TR, STM32WL33K8V6, STM32WL33K8V6TR, STM32WL33K8V7, STM32WL33K8V7TR, STM32WL33KBV6, STM32WL33KBV6TR, STM32WL33KBV7, STM32WL33KBV7TR, STM32WL33KCV6, STM32WL33KCV6TR, STM32WL33KCV7, STM32WL33KCV7TR, STM32WL5MOCH6, STM32WL5MOCH6TR]
2026-01-10 12:46:10,831 [INFO] DbMcus:218 - Found 4817 MCUs, 4817 are supported
2026-01-10 12:46:10,839 [INFO] ApiDb:423 - Load user favorites file C:\Users\kamil/.stm32cubeide/favorites.mcus.txt: 1 item(s)
2026-01-10 12:46:10,839 [INFO] ApiDb:427 - User favorites MCUs=[STM32H743IIT6]
2026-01-10 12:46:10,839 [INFO] DbMcus:224 - Set 1 / 1 favorites MCUs
2026-01-10 12:46:11,300 [INFO] BoardInfo:889 - No configuration file found for board NUCLEO-WBA65RI
2026-01-10 12:46:11,301 [INFO] DbBoards:161 - Board is not supported: NUCLEO-WBA65RI
2026-01-10 12:46:11,311 [INFO] BoardInfo:889 - No configuration file found for board P-NUCLEO-WB55
2026-01-10 12:46:11,312 [INFO] DbBoards:161 - Kit is not supported: P-NUCLEO-WB55
2026-01-10 12:46:11,317 [INFO] BoardInfo:889 - No configuration file found for board STEVAL-BFA001V1B
2026-01-10 12:46:11,318 [INFO] DbBoards:161 - Kit is not supported: STEVAL-BFA001V1B
2026-01-10 12:46:11,319 [INFO] BoardInfo:889 - No configuration file found for board STEVAL-BFA001V2B
2026-01-10 12:46:11,320 [INFO] DbBoards:161 - Kit is not supported: STEVAL-BFA001V2B
2026-01-10 12:46:11,478 [INFO] BoardInfo:889 - No configuration file found for board STM32WBA65I-DK1
2026-01-10 12:46:11,479 [INFO] DbBoards:161 - Board is not supported: STM32WBA65I-DK1
2026-01-10 12:46:11,480 [INFO] DbBoards:168 - Found 211 boards, 206 are supported
2026-01-10 12:46:11,480 [INFO] DbBoards:169 - Found 211 boards, 42 of them is supported for  Bsp
2026-01-10 12:46:11,495 [INFO] ApiDb:423 - Load user favorites file C:\Users\kamil/.stm32cubeide/favorites.boards.txt: 1 item(s)
2026-01-10 12:46:11,495 [INFO] ApiDb:427 - User favorites Boards=[NUCLEO-F746ZG]
2026-01-10 12:46:11,495 [INFO] DbBoards:198 - Set 1 / 1 favorites Boards
2026-01-10 12:46:11,589 [INFO] UtilMem:75 - End LoadConfig() Used Memory: 808285496 Bytes (1073741824)
2026-01-10 12:46:11,715 [WARN] ThirdParty:833 - waiting for thirdparty lock release [change project]
2026-01-10 12:46:11,715 [INFO] ThirdParty:835 - entering critical section [change project]
2026-01-10 12:46:11,715 [INFO] ThirdParty:1030 - CMSIS Pack Vendor :STMicroelectronics X-CUBE-PM33A1 1.0.0
2026-01-10 12:46:11,716 [INFO] ThirdParty:1030 - CMSIS Pack Vendor :STMicroelectronics USBPD 4.1
2026-01-10 12:46:11,716 [INFO] ThirdParty:1030 - CMSIS Pack Vendor :STMicroelectronics USB_HOST 2.0.0
2026-01-10 12:46:11,716 [INFO] ThirdParty:1030 - CMSIS Pack Vendor :STMicroelectronics FP-SNS-MOTENVWB1 1.4.0
2026-01-10 12:46:11,716 [INFO] ThirdParty:1030 - CMSIS Pack Vendor :STMicroelectronics X-CUBE-AZRTOS-F4 1.1.0
2026-01-10 12:46:11,716 [INFO] ThirdParty:1030 - CMSIS Pack Vendor :STMicroelectronics LIBJPEG 8.0.0
2026-01-10 12:46:11,716 [INFO] ThirdParty:1030 - CMSIS Pack Vendor :STMicroelectronics FP-ATR-ASTRA1 2.0.2
2026-01-10 12:46:11,716 [INFO] ThirdParty:1030 - CMSIS Pack Vendor :STMicroelectronics FP-ATR-ASTRA1 2.0.1
2026-01-10 12:46:11,716 [INFO] ThirdParty:1030 - CMSIS Pack Vendor :STMicroelectronics X-CUBE-SMBUS 2.1.0
2026-01-10 12:46:11,716 [INFO] ThirdParty:1030 - CMSIS Pack Vendor :STMicroelectronics X-CUBE-WB05N 1.1.0
2026-01-10 12:46:11,716 [INFO] ThirdParty:1030 - CMSIS Pack Vendor :STMicroelectronics X-CUBE-ISPU 2.1.0
2026-01-10 12:46:11,716 [INFO] ThirdParty:1030 - CMSIS Pack Vendor :STMicroelectronics X-CUBE-FREERTOS 1.2.0
2026-01-10 12:46:11,716 [INFO] ThirdParty:1030 - CMSIS Pack Vendor :STMicroelectronics X-CUBE-ST60 1.0.0
2026-01-10 12:46:11,716 [INFO] ThirdParty:1030 - CMSIS Pack Vendor :STMicroelectronics X-CUBE-NFC12 1.0.0
2026-01-10 12:46:11,716 [INFO] ThirdParty:1030 - CMSIS Pack Vendor :STMicroelectronics X-CUBE-AZRTOS-F7 1.1.0
2026-01-10 12:46:11,716 [INFO] ThirdParty:1030 - CMSIS Pack Vendor :STMicroelectronics X-CUBE-AZRTOS-L5 2.0.0
2026-01-10 12:46:11,716 [INFO] ThirdParty:1030 - CMSIS Pack Vendor :STMicroelectronics USB_DEVICE 2.0.0
2026-01-10 12:46:11,716 [INFO] ThirdParty:1030 - CMSIS Pack Vendor :STMicroelectronics X-CUBE-NFC6 3.1.0
2026-01-10 12:46:11,716 [INFO] ThirdParty:1030 - CMSIS Pack Vendor :ARM CMSIS 5.7.0
2026-01-10 12:46:11,716 [INFO] ThirdParty:1030 - CMSIS Pack Vendor :STMicroelectronics X-CUBE-MEMS1 11.0.0
2026-01-10 12:46:11,716 [INFO] ThirdParty:1030 - CMSIS Pack Vendor :STMicroelectronics FreeRTOS 0.0.1
2026-01-10 12:46:11,716 [INFO] ThirdParty:1030 - CMSIS Pack Vendor :STMicroelectronics X-CUBE-DPower 1.2.0
2026-01-10 12:46:11,716 [INFO] ThirdParty:1030 - CMSIS Pack Vendor :STMicroelectronics FP-SNS-FLIGHT1 5.0.2
2026-01-10 12:46:11,716 [INFO] ThirdParty:1030 - CMSIS Pack Vendor :STMicroelectronics PDM2PCM 3.3.0
2026-01-10 12:46:11,716 [INFO] ThirdParty:1030 - CMSIS Pack Vendor :STMicroelectronics X-CUBE-AZRTOS-H7 3.4.0
2026-01-10 12:46:11,716 [INFO] ThirdParty:1030 - CMSIS Pack Vendor :STMicroelectronics X-CUBE-DISPLAY 3.0.0
2026-01-10 12:46:11,716 [INFO] ThirdParty:1030 - CMSIS Pack Vendor :STMicroelectronics X-CUBE-BLE1 7.0.0
2026-01-10 12:46:11,716 [INFO] ThirdParty:1030 - CMSIS Pack Vendor :STMicroelectronics X-CUBE-NFC10 1.0.0
2026-01-10 12:46:11,716 [INFO] ThirdParty:1030 - CMSIS Pack Vendor :STMicroelectronics X-CUBE-BLEMGR 4.0.0
2026-01-10 12:46:11,716 [INFO] ThirdParty:1030 - CMSIS Pack Vendor :STMicroelectronics X-CUBE-FREERTOS 1.3.1
2026-01-10 12:46:11,716 [INFO] ThirdParty:1030 - CMSIS Pack Vendor :STMicroelectronics HAL Drivers 0.0.0
2026-01-10 12:46:11,716 [INFO] ThirdParty:1030 - CMSIS Pack Vendor :STMicroelectronics X-CUBE-ST60 1.1.0
2026-01-10 12:46:11,716 [INFO] ThirdParty:1030 - CMSIS Pack Vendor :emotas I-CUBE-CANOPEN 1.3.0
2026-01-10 12:46:11,716 [INFO] ThirdParty:1030 - CMSIS Pack Vendor :STMicroelectronics X-CUBE-FREERTOS 1.3.0
2026-01-10 12:46:11,716 [INFO] ThirdParty:1030 - CMSIS Pack Vendor :STMicroelectronics X-CUBE-NFC7 1.0.1
2026-01-10 12:46:11,716 [INFO] ThirdParty:1030 - CMSIS Pack Vendor :STMicroelectronics MBEDTLS 2.14.1
2026-01-10 12:46:11,716 [INFO] ThirdParty:1030 - CMSIS Pack Vendor :STMicroelectronics X-CUBE-GNSS1 7.1.0
2026-01-10 12:46:11,717 [INFO] ThirdParty:1030 - CMSIS Pack Vendor :STMicroelectronics X-CUBE-TOUCHGFX 4.26.0
2026-01-10 12:46:11,717 [INFO] ThirdParty:1030 - CMSIS Pack Vendor :STMicroelectronics X-CUBE-BLEMGR 3.1.0
2026-01-10 12:46:11,717 [INFO] ThirdParty:1030 - CMSIS Pack Vendor :STMicroelectronics X-CUBE-AI 10.0.0
2026-01-10 12:46:11,717 [INFO] ThirdParty:1030 - CMSIS Pack Vendor :STMicroelectronics FP-SNS-STAIOTCFT 1.0.0
2026-01-10 12:46:11,717 [INFO] ThirdParty:1030 - CMSIS Pack Vendor :STMicroelectronics FP-SNS-SMARTAG2 1.2.0
2026-01-10 12:46:11,717 [INFO] ThirdParty:1030 - CMSIS Pack Vendor :STMicroelectronics FP-SNS-FLIGHT1 5.1.0
2026-01-10 12:46:11,717 [INFO] ThirdParty:1030 - CMSIS Pack Vendor :STMicroelectronics X-CUBE-MEMS1 11.1.0
2026-01-10 12:46:11,717 [INFO] ThirdParty:1030 - CMSIS Pack Vendor :STMicroelectronics X-CUBE-AZRTOS-WL 2.0.0
2026-01-10 12:46:11,717 [INFO] ThirdParty:1030 - CMSIS Pack Vendor :STMicroelectronics X-CUBE-DPower 1.3.0
2026-01-10 12:46:11,717 [INFO] ThirdParty:1030 - CMSIS Pack Vendor :STMicroelectronics FP-SNS-MOTENV1 5.0.0
2026-01-10 12:46:11,717 [INFO] ThirdParty:1030 - CMSIS Pack Vendor :STMicroelectronics USB_DEVICE 1.0.0
2026-01-10 12:46:11,717 [INFO] ThirdParty:1030 - CMSIS Pack Vendor :STMicroelectronics X-CUBE-AZRTOS-H7RS 1.2.0
2026-01-10 12:46:11,717 [INFO] ThirdParty:1030 - CMSIS Pack Vendor :wolfSSL I-CUBE-wolfMQTT 1.19.0
2026-01-10 12:46:11,717 [INFO] ThirdParty:1030 - CMSIS Pack Vendor :STMicroelectronics X-CUBE-AZRTOS-L4 2.0.0
2026-01-10 12:46:11,717 [INFO] ThirdParty:1030 - CMSIS Pack Vendor :STMicroelectronics ThreadX 0.0.2
2026-01-10 12:46:11,717 [INFO] ThirdParty:1030 - CMSIS Pack Vendor :WES I-CUBE-Cesium 1.3.0
2026-01-10 12:46:11,718 [INFO] ThirdParty:1030 - CMSIS Pack Vendor :STMicroelectronics lwIP 2.1.2
2026-01-10 12:46:11,718 [INFO] ThirdParty:1030 - CMSIS Pack Vendor :STMicroelectronics X-CUBE-SFXS2LP1 4.0.0
2026-01-10 12:46:11,719 [INFO] ThirdParty:1030 - CMSIS Pack Vendor :STMicroelectronics X-CUBE-BLE2 3.3.0
2026-01-10 12:46:11,719 [INFO] ThirdParty:1030 - CMSIS Pack Vendor :Avnet-IOTCONNECT X-CUBE-iotc-st67-sdk 1.0.0
2026-01-10 12:46:11,719 [INFO] ThirdParty:1030 - CMSIS Pack Vendor :STMicroelectronics PDM2PCM 3.2.0
2026-01-10 12:46:11,719 [INFO] ThirdParty:1030 - CMSIS Pack Vendor :STMicroelectronics X-CUBE-AZRTOS-H7 3.3.0
2026-01-10 12:46:11,719 [INFO] ThirdParty:1030 - CMSIS Pack Vendor :STMicroelectronics X-CUBE-NFC9 1.0.0
2026-01-10 12:46:11,719 [INFO] ThirdParty:1030 - CMSIS Pack Vendor :STMicroelectronics X-CUBE-BLE1 7.1.0
2026-01-10 12:46:11,719 [INFO] ThirdParty:1030 - CMSIS Pack Vendor :STMicroelectronics USB_DEVICE 3.0.0
2026-01-10 12:46:11,719 [INFO] ThirdParty:1030 - CMSIS Pack Vendor :STMicroelectronics X-CUBE-TCPP 4.1.0
2026-01-10 12:46:11,719 [INFO] ThirdParty:1030 - CMSIS Pack Vendor :STMicroelectronics X-CUBE-EEPRMA1 5.2.0
2026-01-10 12:46:11,719 [INFO] ThirdParty:1030 - CMSIS Pack Vendor :STMicroelectronics X-CUBE-BLEMGR 4.1.0
2026-01-10 12:46:11,719 [INFO] ThirdParty:1030 - CMSIS Pack Vendor :STMicroelectronics X-CUBE-IPS 3.0.0
2026-01-10 12:46:11,719 [INFO] ThirdParty:1030 - CMSIS Pack Vendor :STMicroelectronics X-CUBE-AZRTOS-WB 2.0.0
2026-01-10 12:46:11,719 [INFO] ThirdParty:1030 - CMSIS Pack Vendor :STMicroelectronics X-CUBE-GNSS1 7.0.0
2026-01-10 12:46:11,719 [INFO] ThirdParty:1030 - CMSIS Pack Vendor :STMicroelectronics X-CUBE-GNSS1 7.0.1
2026-01-10 12:46:11,719 [INFO] ThirdParty:1030 - CMSIS Pack Vendor :STMicroelectronics X-CUBE-TOUCHGFX 4.25.0
2026-01-10 12:46:11,719 [INFO] ThirdParty:1030 - CMSIS Pack Vendor :STMicroelectronics FP-SNS-STBOX1 2.0.0
2026-01-10 12:46:11,719 [INFO] ThirdParty:1030 - CMSIS Pack Vendor :STMicroelectronics X-CUBE-MEMS1 12.0.0
2026-01-10 12:46:11,719 [INFO] ThirdParty:1030 - CMSIS Pack Vendor :STMicroelectronics X-CUBE-AZRTOS-G0 1.1.0
2026-01-10 12:46:11,719 [INFO] ThirdParty:1030 - CMSIS Pack Vendor :STMicroelectronics X-CUBE-SAFEA1 1.2.2
2026-01-10 12:46:11,719 [INFO] ThirdParty:1030 - CMSIS Pack Vendor :STMicroelectronics X-CUBE-NFC4 3.0.0
2026-01-10 12:46:11,719 [INFO] ThirdParty:1030 - CMSIS Pack Vendor :STMicroelectronics X-CUBE-SUBG2 5.0.0
2026-01-10 12:46:11,719 [INFO] ThirdParty:1030 - CMSIS Pack Vendor :STMicroelectronics X-CUBE-AZRTOS-H7RS 1.1.0
2026-01-10 12:46:11,719 [INFO] ThirdParty:1030 - CMSIS Pack Vendor :STMicroelectronics STM32_WPAN 1.0.0
2026-01-10 12:46:11,719 [INFO] ThirdParty:1030 - CMSIS Pack Vendor :EmbeddedOffice I-CUBE-FS-RTOS 1.0.1
2026-01-10 12:46:11,719 [INFO] ThirdParty:1030 - CMSIS Pack Vendor :STMicroelectronics lwIP 2.0.3
2026-01-10 12:46:11,719 [INFO] ThirdParty:1030 - CMSIS Pack Vendor :Cesanta I-CUBE-Mongoose 7.13.0
2026-01-10 12:46:11,719 [INFO] ThirdParty:1030 - CMSIS Pack Vendor :STMicroelectronics USB_HOST 1.0.0
2026-01-10 12:46:11,719 [INFO] ThirdParty:1030 - CMSIS Pack Vendor :STMicroelectronics X-CUBE-AZRTOS-G4 2.0.0
2026-01-10 12:46:11,719 [INFO] ThirdParty:1030 - CMSIS Pack Vendor :STMicroelectronics X-CUBE-WB05N 2.0.0
2026-01-10 12:46:11,719 [INFO] ThirdParty:1030 - CMSIS Pack Vendor :STMicroelectronics PDM2PCM 3.1.0
2026-01-10 12:46:11,720 [INFO] ThirdParty:1030 - CMSIS Pack Vendor :STMicroelectronics X-CUBE-NFC7 2.0.0
2026-01-10 12:46:11,720 [INFO] ThirdParty:1030 - CMSIS Pack Vendor :STMicroelectronics X-CUBE-TCPP 4.2.0
2026-01-10 12:46:11,720 [INFO] ThirdParty:1030 - CMSIS Pack Vendor :RealThread X-CUBE-RT-Thread_Nano 4.1.1
2026-01-10 12:46:11,720 [INFO] ThirdParty:1030 - CMSIS Pack Vendor :STMicroelectronics FP-ATR-SIGFOX1 3.2.0
2026-01-10 12:46:11,720 [INFO] ThirdParty:1030 - CMSIS Pack Vendor :wolfSSL I-CUBE-wolfSSL 5.7.2
2026-01-10 12:46:11,720 [INFO] ThirdParty:1030 - CMSIS Pack Vendor :quantropi X-CUBE-qispace-sdk-base 1.9.3
2026-01-10 12:46:11,720 [INFO] ThirdParty:1030 - CMSIS Pack Vendor :STMicroelectronics X-CUBE-EEPRMA1 5.1.0
2026-01-10 12:46:11,720 [INFO] ThirdParty:1030 - CMSIS Pack Vendor :STMicroelectronics MBEDTLS 2.16.2
2026-01-10 12:46:11,720 [INFO] ThirdParty:1030 - CMSIS Pack Vendor :STMicroelectronics X-CUBE-IPS 3.1.0
2026-01-10 12:46:11,720 [INFO] ThirdParty:1030 - CMSIS Pack Vendor :STMicroelectronics X-CUBE-ALS 1.0.2
2026-01-10 12:46:11,720 [INFO] ThirdParty:1030 - CMSIS Pack Vendor :ITTIA_DB I-CUBE-ITTIADB 8.9.0
2026-01-10 12:46:11,720 [INFO] ThirdParty:1030 - CMSIS Pack Vendor :STMicroelectronics X-CUBE-TOUCHGFX 4.24.1
2026-01-10 12:46:11,720 [INFO] ThirdParty:1030 - CMSIS Pack Vendor :STMicroelectronics X-CUBE-STSE01 1.0.0
2026-01-10 12:46:11,720 [INFO] ThirdParty:1030 - CMSIS Pack Vendor :wolfSSL I-CUBE-wolfTPM 3.4.0
2026-01-10 12:46:11,720 [INFO] ThirdParty:1030 - CMSIS Pack Vendor :portGmbH I-Cube-SoM-uGOAL 1.1.0
2026-01-10 12:46:11,720 [INFO] ThirdParty:1030 - CMSIS Pack Vendor :STMicroelectronics X-CUBE-ST67W61 1.0.0
2026-01-10 12:46:11,720 [INFO] ThirdParty:1030 - CMSIS Pack Vendor :STMicroelectronics X-CUBE-AI 10.2.0
2026-01-10 12:46:11,720 [INFO] ThirdParty:1030 - CMSIS Pack Vendor :STMicroelectronics ThreadX 1.0.0
2026-01-10 12:46:11,720 [INFO] ThirdParty:1030 - CMSIS Pack Vendor :SEGGER I-CUBE-embOS 1.3.1
2026-01-10 12:46:11,720 [INFO] ThirdParty:1030 - CMSIS Pack Vendor :STMicroelectronics X-CUBE-ALGOBUILD 1.4.0
2026-01-10 12:46:11,720 [INFO] ThirdParty:1030 - CMSIS Pack Vendor :STMicroelectronics X-CUBE-MEMS1 11.3.0
2026-01-10 12:46:11,720 [INFO] ThirdParty:1030 - CMSIS Pack Vendor :STMicroelectronics X-CUBE-AZRTOS-H7RS 1.0.0
2026-01-10 12:46:11,720 [INFO] ThirdParty:1030 - CMSIS Pack Vendor :STMicroelectronics FP-ATR-ASTRA1 2.0.0
2026-01-10 12:46:11,720 [INFO] ThirdParty:1030 - CMSIS Pack Vendor :STMicroelectronics X-CUBE-TOF1 3.4.2
2026-01-10 12:46:11,720 [INFO] ThirdParty:1030 - CMSIS Pack Vendor :STMicroelectronics X-CUBE-TOF1 3.4.3
2026-01-10 12:46:11,720 [INFO] ThirdParty:1030 - CMSIS Pack Vendor :STMicroelectronics X-CUBE-AI 9.1.0
2026-01-10 12:46:11,720 [INFO] ThirdParty:1030 - CMSIS Pack Vendor :Infineon AIROC-Wi-Fi-Bluetooth-STM32 1.6.1
2026-01-10 12:46:11,720 [INFO] ThirdParty:1030 - CMSIS Pack Vendor :wolfSSL I-CUBE-wolfSSH 1.4.17
2026-01-10 12:46:11,721 [INFO] ThirdParty:841 - exiting critical section [change project]
2026-01-10 12:46:12,230 [INFO] PinOutPanel:1589 - setPackage(No Configuration,No Configuration)
2026-01-10 12:46:12,231 [INFO] PinOutPanel:1589 - setPackage(STM32H743IITx,LQFP176)
2026-01-10 12:46:12,837 [INFO] UtilMem:75 - Before build in PCC Used Memory: 870082216 Bytes (1073741824)
2026-01-10 12:46:13,639 [INFO] UtilMem:75 - After build in PCC Used Memory: 956173544 Bytes (1073741824)
2026-01-10 12:46:13,680 [INFO] IPUIPlugin:80 - create IPUIPlugin
2026-01-10 12:46:13,680 [INFO] IPUIPlugin:80 - create IPUIPlugin
2026-01-10 12:46:13,680 [INFO] IPUIPlugin:80 - create IPUIPlugin
2026-01-10 12:46:13,680 [INFO] IPUIPlugin:80 - create IPUIPlugin
2026-01-10 12:46:13,680 [INFO] IPUIPlugin:80 - create IPUIPlugin
2026-01-10 12:46:13,680 [INFO] IPUIPlugin:80 - create IPUIPlugin
2026-01-10 12:46:13,680 [INFO] IPUIPlugin:80 - create IPUIPlugin
2026-01-10 12:46:13,680 [INFO] IPUIPlugin:80 - create IPUIPlugin
2026-01-10 12:46:13,680 [INFO] IPUIPlugin:80 - create IPUIPlugin
2026-01-10 12:46:13,680 [INFO] IPUIPlugin:80 - create IPUIPlugin
2026-01-10 12:46:13,680 [INFO] IPUIPlugin:80 - create IPUIPlugin
2026-01-10 12:46:13,681 [INFO] IPUIPlugin:80 - create IPUIPlugin
2026-01-10 12:46:13,681 [INFO] IPUIPlugin:80 - create IPUIPlugin
2026-01-10 12:46:13,681 [INFO] IPUIPlugin:80 - create IPUIPlugin
2026-01-10 12:46:13,681 [INFO] IPUIPlugin:80 - create IPUIPlugin
2026-01-10 12:46:13,681 [INFO] IPUIPlugin:80 - create IPUIPlugin
2026-01-10 12:46:13,681 [INFO] IPUIPlugin:80 - create IPUIPlugin
2026-01-10 12:46:13,681 [INFO] IPUIPlugin:80 - create IPUIPlugin
2026-01-10 12:46:13,681 [INFO] IPUIPlugin:80 - create IPUIPlugin
2026-01-10 12:46:13,681 [INFO] IPUIPlugin:80 - create IPUIPlugin
2026-01-10 12:46:13,681 [INFO] IPUIPlugin:80 - create IPUIPlugin
2026-01-10 12:46:13,681 [INFO] IPUIPlugin:80 - create IPUIPlugin
2026-01-10 12:46:13,681 [INFO] IPUIPlugin:80 - create IPUIPlugin
2026-01-10 12:46:13,682 [INFO] IPUIPlugin:80 - create IPUIPlugin
2026-01-10 12:46:13,682 [INFO] IPUIPlugin:80 - create IPUIPlugin
2026-01-10 12:46:13,682 [INFO] IPUIPlugin:80 - create IPUIPlugin
2026-01-10 12:46:13,682 [INFO] IPUIPlugin:80 - create IPUIPlugin
2026-01-10 12:46:13,682 [INFO] IPUIPlugin:80 - create IPUIPlugin
2026-01-10 12:46:13,682 [INFO] IPUIPlugin:80 - create IPUIPlugin
2026-01-10 12:46:13,682 [INFO] IPUIPlugin:80 - create IPUIPlugin
2026-01-10 12:46:13,682 [INFO] IPUIPlugin:80 - create IPUIPlugin
2026-01-10 12:46:13,682 [INFO] IPUIPlugin:80 - create IPUIPlugin
2026-01-10 12:46:13,682 [INFO] IPUIPlugin:80 - create IPUIPlugin
2026-01-10 12:46:13,682 [INFO] IPUIPlugin:80 - create IPUIPlugin
2026-01-10 12:46:13,683 [INFO] IPUIPlugin:80 - create IPUIPlugin
2026-01-10 12:46:13,683 [INFO] IPUIPlugin:80 - create IPUIPlugin
2026-01-10 12:46:13,683 [INFO] IPUIPlugin:80 - create IPUIPlugin
2026-01-10 12:46:13,683 [INFO] IPUIPlugin:80 - create IPUIPlugin
2026-01-10 12:46:13,683 [INFO] IPUIPlugin:80 - create IPUIPlugin
2026-01-10 12:46:13,683 [INFO] IPUIPlugin:80 - create IPUIPlugin
2026-01-10 12:46:13,683 [INFO] IPUIPlugin:80 - create IPUIPlugin
2026-01-10 12:46:13,684 [INFO] IPUIPlugin:80 - create IPUIPlugin
2026-01-10 12:46:13,684 [INFO] IPUIPlugin:80 - create IPUIPlugin
2026-01-10 12:46:13,684 [INFO] IPUIPlugin:80 - create IPUIPlugin
2026-01-10 12:46:13,684 [INFO] IPUIPlugin:80 - create IPUIPlugin
2026-01-10 12:46:13,684 [INFO] IPUIPlugin:80 - create IPUIPlugin
2026-01-10 12:46:13,684 [INFO] IPUIPlugin:80 - create IPUIPlugin
2026-01-10 12:46:13,684 [INFO] IPUIPlugin:80 - create IPUIPlugin
2026-01-10 12:46:13,685 [INFO] IPUIPlugin:80 - create IPUIPlugin
2026-01-10 12:46:13,685 [INFO] IPUIPlugin:80 - create IPUIPlugin
2026-01-10 12:46:13,685 [INFO] IPUIPlugin:80 - create IPUIPlugin
2026-01-10 12:46:13,685 [INFO] IPUIPlugin:80 - create IPUIPlugin
2026-01-10 12:46:13,685 [INFO] IPUIPlugin:80 - create IPUIPlugin
2026-01-10 12:46:13,685 [INFO] IPUIPlugin:80 - create IPUIPlugin
2026-01-10 12:46:13,686 [INFO] IPUIPlugin:80 - create IPUIPlugin
2026-01-10 12:46:13,686 [INFO] IPUIPlugin:80 - create IPUIPlugin
2026-01-10 12:46:13,686 [INFO] IPUIPlugin:80 - create IPUIPlugin
2026-01-10 12:46:13,686 [INFO] IPUIPlugin:80 - create IPUIPlugin
2026-01-10 12:46:13,686 [INFO] IPUIPlugin:80 - create IPUIPlugin
2026-01-10 12:46:13,686 [INFO] IPUIPlugin:80 - create IPUIPlugin
2026-01-10 12:46:13,687 [INFO] IPUIPlugin:80 - create IPUIPlugin
2026-01-10 12:46:13,687 [INFO] IPUIPlugin:80 - create IPUIPlugin
2026-01-10 12:46:13,687 [INFO] IPUIPlugin:80 - create IPUIPlugin
2026-01-10 12:46:13,687 [INFO] IPUIPlugin:80 - create IPUIPlugin
2026-01-10 12:46:13,687 [INFO] IPUIPlugin:80 - create IPUIPlugin
2026-01-10 12:46:13,687 [INFO] IPUIPlugin:80 - create IPUIPlugin
2026-01-10 12:46:13,688 [INFO] IPUIPlugin:80 - create IPUIPlugin
2026-01-10 12:46:13,688 [INFO] IPUIPlugin:80 - create IPUIPlugin
2026-01-10 12:46:13,688 [INFO] IPUIPlugin:80 - create IPUIPlugin
2026-01-10 12:46:13,688 [INFO] IPUIPlugin:80 - create IPUIPlugin
2026-01-10 12:46:13,688 [INFO] IPUIPlugin:80 - create IPUIPlugin
2026-01-10 12:46:13,689 [INFO] IPUIPlugin:80 - create IPUIPlugin
2026-01-10 12:46:13,689 [INFO] IPUIPlugin:80 - create IPUIPlugin
2026-01-10 12:46:13,689 [INFO] IPUIPlugin:80 - create IPUIPlugin
2026-01-10 12:46:13,689 [INFO] IPUIPlugin:80 - create IPUIPlugin
2026-01-10 12:46:13,689 [INFO] IPUIPlugin:80 - create IPUIPlugin
2026-01-10 12:46:13,690 [INFO] IPUIPlugin:80 - create IPUIPlugin
2026-01-10 12:46:13,690 [INFO] IPUIPlugin:80 - create IPUIPlugin
2026-01-10 12:46:13,690 [INFO] IPUIPlugin:80 - create IPUIPlugin
2026-01-10 12:46:13,690 [INFO] IPUIPlugin:80 - create IPUIPlugin
2026-01-10 12:46:13,690 [INFO] IPUIPlugin:80 - create IPUIPlugin
2026-01-10 12:46:13,691 [INFO] IPUIPlugin:80 - create IPUIPlugin
2026-01-10 12:46:13,691 [INFO] IPUIPlugin:80 - create IPUIPlugin
2026-01-10 12:46:13,691 [INFO] IPUIPlugin:80 - create IPUIPlugin
2026-01-10 12:46:13,691 [INFO] IPUIPlugin:80 - create IPUIPlugin
2026-01-10 12:46:13,691 [INFO] IPUIPlugin:80 - create IPUIPlugin
2026-01-10 12:46:13,692 [INFO] IPUIPlugin:80 - create IPUIPlugin
2026-01-10 12:46:13,692 [INFO] IPUIPlugin:80 - create IPUIPlugin
2026-01-10 12:46:13,692 [INFO] IPUIPlugin:80 - create IPUIPlugin
2026-01-10 12:46:13,692 [INFO] IPUIPlugin:80 - create IPUIPlugin
2026-01-10 12:46:13,693 [INFO] IPUIPlugin:80 - create IPUIPlugin
2026-01-10 12:46:13,693 [INFO] IPUIPlugin:80 - create IPUIPlugin
2026-01-10 12:46:13,693 [INFO] IPUIPlugin:80 - create IPUIPlugin
2026-01-10 12:46:13,693 [INFO] IPUIPlugin:80 - create IPUIPlugin
2026-01-10 12:46:13,694 [INFO] IPUIPlugin:80 - create IPUIPlugin
2026-01-10 12:46:13,694 [INFO] IPUIPlugin:80 - create IPUIPlugin
2026-01-10 12:46:13,694 [INFO] IPUIPlugin:80 - create IPUIPlugin
2026-01-10 12:46:13,695 [INFO] IPUIPlugin:80 - create IPUIPlugin
2026-01-10 12:46:13,773 [INFO] ApiDbMcu:508 - Load IP Config File for PDM2PCM
2026-01-10 12:46:13,780 [WARN] IP:2251 - ClockDivider not found: check if there is a RefParameter without a condition.
2026-01-10 12:46:13,781 [WARN] IP:2251 - ClockDividerCCU not found: check if there is a RefParameter without a condition.
2026-01-10 12:46:13,781 [WARN] IP:2251 - MinOscClkPeriodsCCU not found: check if there is a RefParameter without a condition.
2026-01-10 12:46:13,781 [WARN] IP:2251 - TimeQuantaPerBitTimeCCU not found: check if there is a RefParameter without a condition.
2026-01-10 12:46:13,781 [WARN] IP:2251 - WatchdogStartValueCCU not found: check if there is a RefParameter without a condition.
2026-01-10 12:46:13,786 [INFO] LogOutputStream:77 - [STDOUT_REDIRECT] Nominal 
2026-01-10 12:46:13,786 [INFO] Can:71 - Can Add PropertyChangeListener com.st.microxplorer.plugins.ip.can.Can@beb096a
2026-01-10 12:46:14,022 [INFO] CADModel:165 - CPN selected for project levelSTM32H743IIT6
2026-01-10 12:46:14,022 [INFO] CADModel:114 - Register for checkConnection events
2026-01-10 12:46:14,084 [INFO] OpenFileManager:363 - Restore cursor
2026-01-10 12:46:14,197 [WARN] IP:2251 - LayerIdx_L1 not found: check if there is a RefParameter without a condition.
2026-01-10 12:46:14,304 [WARN] IP:2251 - ClockDivider not found: check if there is a RefParameter without a condition.
2026-01-10 12:46:14,305 [WARN] IP:2251 - ClockDividerCCU not found: check if there is a RefParameter without a condition.
2026-01-10 12:46:14,305 [WARN] IP:2251 - MinOscClkPeriodsCCU not found: check if there is a RefParameter without a condition.
2026-01-10 12:46:14,305 [WARN] IP:2251 - TimeQuantaPerBitTimeCCU not found: check if there is a RefParameter without a condition.
2026-01-10 12:46:14,305 [WARN] IP:2251 - WatchdogStartValueCCU not found: check if there is a RefParameter without a condition.
2026-01-10 12:47:05,766 [ERROR] LogOutputStream:75 - [STDERR_REDIRECT] 
2026-01-10 12:49:16,404 [INFO] Activator:176 - 


2026-01-10 12:49:16,406 [INFO] Activator:177 - !SESSION log4j initialized
2026-01-10 12:49:22,702 [INFO] LogOutputStream:77 - [STDOUT_REDIRECT] 
2026-01-10 12:49:28,611 [INFO] ApplicationProperties:184 - Using Application install path: C:\ST\STM32CubeIDE_1.17.0\STM32CubeIDE\plugins\com.st.stm32cube.common.mx_6.13.0.202411220809
2026-01-10 12:49:28,625 [INFO] DbMcusXml:78 - Set database path to: C:\ST\STM32CubeIDE_1.17.0\STM32CubeIDE\plugins\com.st.stm32cube.common.mx_6.13.0.202411220809\\db\/mcu/
2026-01-10 12:49:28,626 [INFO] ApiDb:274 - Set plugin database path to: C:\ST\STM32CubeIDE_1.17.0\STM32CubeIDE\plugins\com.st.stm32cube.common.mx_6.13.0.202411220809\\db\/plugins/boardmanager/
2026-01-10 12:49:28,626 [WARN] ApiDb:259 - Overriding images path with different value:  => C:\ST\STM32CubeIDE_1.17.0\STM32CubeIDE\plugins\com.st.stm32cube.common.mx_6.13.0.202411220809\\db\/plugins/mcufinder/images/
2026-01-10 12:49:28,631 [INFO] ApiDb:250 - Set database path to: C:\Users\kamil\.stmcufinder\plugins\mcufinder//mcu/
2026-01-10 12:49:28,631 [INFO] DbMcusAds:125 - Set database path to: C:\Users\kamil\.stmcufinder\plugins\mcufinder//mcu/
2026-01-10 12:49:28,633 [INFO] CrossReferenceDbSqlite:203 - Set database path to: C:\Users\kamil\.stmcufinder\plugins\mcufinder//mcu/cs/
2026-01-10 12:49:28,751 [INFO] RulesReader:64 - Compatibility file has been processed (297 Rules)
2026-01-10 12:49:28,819 [INFO] DbMcusXml:78 - Set database path to: C:\ST\STM32CubeIDE_1.17.0\STM32CubeIDE\plugins\com.st.stm32cube.common.mx_6.13.0.202411220809\\db\/mcu/
2026-01-10 12:49:28,819 [INFO] ApiDb:274 - Set plugin database path to: C:\ST\STM32CubeIDE_1.17.0\STM32CubeIDE\plugins\com.st.stm32cube.common.mx_6.13.0.202411220809\\db\/plugins/boardmanager/
2026-01-10 12:49:28,819 [INFO] ApiDb:261 - Set plugin images path to: C:\ST\STM32CubeIDE_1.17.0\STM32CubeIDE\plugins\com.st.stm32cube.common.mx_6.13.0.202411220809\\db\/plugins/mcufinder/images/
2026-01-10 12:49:28,820 [WARN] DbFile:41 - Overriding database path with different value: C:\Users\kamil\.stmcufinder\plugins\mcufinder/ => C:\Users\kamil\.stmcufinder\plugins\mcufinder
2026-01-10 12:49:28,820 [INFO] ApiDb:250 - Set database path to: C:\Users\kamil\.stmcufinder\plugins\mcufinder//mcu/
2026-01-10 12:49:28,820 [WARN] DbFile:41 - Overriding database path with different value: C:\Users\kamil\.stmcufinder\plugins\mcufinder/ => C:\Users\kamil\.stmcufinder\plugins\mcufinder
2026-01-10 12:49:28,820 [INFO] DbMcusAds:125 - Set database path to: C:\Users\kamil\.stmcufinder\plugins\mcufinder//mcu/
2026-01-10 12:49:28,820 [WARN] DbFile:41 - Overriding database path with different value: C:\Users\kamil\.stmcufinder\plugins\mcufinder/ => C:\Users\kamil\.stmcufinder\plugins\mcufinder
2026-01-10 12:49:28,820 [WARN] DbFile:41 - Overriding database path with different value: C:\Users\kamil\.stmcufinder\plugins\mcufinder/ => C:\Users\kamil\.stmcufinder\plugins\mcufinder
2026-01-10 12:49:28,820 [INFO] CrossReferenceDbSqlite:203 - Set database path to: C:\Users\kamil\.stmcufinder\plugins\mcufinder//mcu/cs/
2026-01-10 12:49:28,881 [INFO] MainPanel:272 - HeapMemory: 283115520
2026-01-10 12:49:28,955 [INFO] DbMcusXml:78 - Set database path to: C:\ST\STM32CubeIDE_1.17.0\STM32CubeIDE\plugins\com.st.stm32cube.common.mx_6.13.0.202411220809\\db\/mcu/
2026-01-10 12:49:28,955 [INFO] ApiDb:274 - Set plugin database path to: C:\ST\STM32CubeIDE_1.17.0\STM32CubeIDE\plugins\com.st.stm32cube.common.mx_6.13.0.202411220809\\db\/plugins/boardmanager/
2026-01-10 12:49:28,955 [INFO] ApiDb:261 - Set plugin images path to: C:\ST\STM32CubeIDE_1.17.0\STM32CubeIDE\plugins\com.st.stm32cube.common.mx_6.13.0.202411220809\\db\/plugins/mcufinder/images/
2026-01-10 12:49:28,955 [WARN] DbFile:41 - Overriding database path with different value: C:\Users\kamil\.stmcufinder\plugins\mcufinder/ => C:\Users\kamil\.stmcufinder\plugins\mcufinder
2026-01-10 12:49:28,955 [INFO] ApiDb:250 - Set database path to: C:\Users\kamil\.stmcufinder\plugins\mcufinder//mcu/
2026-01-10 12:49:28,955 [WARN] DbFile:41 - Overriding database path with different value: C:\Users\kamil\.stmcufinder\plugins\mcufinder/ => C:\Users\kamil\.stmcufinder\plugins\mcufinder
2026-01-10 12:49:28,956 [INFO] DbMcusAds:125 - Set database path to: C:\Users\kamil\.stmcufinder\plugins\mcufinder//mcu/
2026-01-10 12:49:28,956 [WARN] DbFile:41 - Overriding database path with different value: C:\Users\kamil\.stmcufinder\plugins\mcufinder/ => C:\Users\kamil\.stmcufinder\plugins\mcufinder
2026-01-10 12:49:28,956 [WARN] DbFile:41 - Overriding database path with different value: C:\Users\kamil\.stmcufinder\plugins\mcufinder/ => C:\Users\kamil\.stmcufinder\plugins\mcufinder
2026-01-10 12:49:28,956 [INFO] CrossReferenceDbSqlite:203 - Set database path to: C:\Users\kamil\.stmcufinder\plugins\mcufinder//mcu/cs/
2026-01-10 12:49:28,973 [INFO] ApplicationProperties:184 - Using Application install path: C:\ST\STM32CubeIDE_1.17.0\STM32CubeIDE\plugins\com.st.stm32cube.common.mx_6.13.0.202411220809
2026-01-10 12:49:28,974 [INFO] PluginManage:196 - Search for loadable plugins [exclusion list=, ]
2026-01-10 12:49:28,975 [INFO] PluginManage:310 - Check plugin analytics
2026-01-10 12:49:29,145 [INFO] AnalyticsPlugin:253 - Accepted Software Licenses: 
2026-01-10 12:49:29,145 [INFO] AnalyticsPlugin:255 - Accepted CMSIS Pack Licenses: 
2026-01-10 12:49:29,145 [INFO] AnalyticsPlugin:257 - Accepted Firmware Licenses: FW.F7.1.17.0,FW.H7.1.12.0
2026-01-10 12:49:29,148 [INFO] PluginManage:359 - Loaded plugin analytics (category:tool,tabindex:-1)
2026-01-10 12:49:29,149 [INFO] PluginManage:310 - Check plugin cadmodel
2026-01-10 12:49:29,169 [INFO] CADModel:105 - Init CAD model plugin
2026-01-10 12:49:29,170 [INFO] PluginManage:359 - Loaded plugin cadmodel (category:power,tabindex:5)
2026-01-10 12:49:29,170 [INFO] PluginManage:310 - Check plugin clock
2026-01-10 12:49:29,192 [INFO] PluginManage:359 - Loaded plugin clock (category:base,tabindex:2)
2026-01-10 12:49:29,192 [INFO] PluginManage:310 - Check plugin ddr
2026-01-10 12:49:29,194 [INFO] PluginManage:359 - Loaded plugin ddr (category:tool,tabindex:6)
2026-01-10 12:49:29,194 [INFO] PluginManage:310 - Check plugin filemanager
2026-01-10 12:49:29,331 [INFO] PluginManage:359 - Loaded plugin filemanager (category:base,tabindex:10)
2026-01-10 12:49:29,332 [INFO] PluginManage:310 - Check plugin ipmanager
2026-01-10 12:49:29,338 [INFO] PluginManage:359 - Loaded plugin ipmanager (category:base,tabindex:5)
2026-01-10 12:49:29,338 [INFO] PluginManage:310 - Check plugin lpbam
2026-01-10 12:49:29,360 [INFO] PluginManage:359 - Loaded plugin lpbam (category:base,tabindex:0)
2026-01-10 12:49:29,360 [INFO] PluginManage:310 - Check plugin memorymap
2026-01-10 12:49:29,384 [INFO] PluginManage:359 - Loaded plugin memorymap (category:base,tabindex:4)
2026-01-10 12:49:29,384 [INFO] PluginManage:310 - Check plugin pinoutandconfiguration
2026-01-10 12:49:29,405 [INFO] PluginManage:359 - Loaded plugin pinoutandconfiguration (category:base,tabindex:1)
2026-01-10 12:49:29,405 [INFO] PluginManage:310 - Check plugin pinoutconfig
2026-01-10 12:49:29,512 [WARN] SupportedApi:132 - Cannot load RTOS API schema: s4s-elt-must-match.1: The content of 'definitions' must match (annotation?, (simpleType | complexType)?, (unique | key | keyref)*)). A problem was found starting at: attribute.
2026-01-10 12:49:29,640 [INFO] PluginManage:359 - Loaded plugin pinoutconfig (category:base,tabindex:0)
2026-01-10 12:49:29,640 [INFO] PluginManage:310 - Check plugin power
2026-01-10 12:49:29,665 [INFO] PluginManage:359 - Loaded plugin power (category:power,tabindex:4)
2026-01-10 12:49:29,665 [INFO] PluginManage:310 - Check plugin projectmanager
2026-01-10 12:49:29,682 [INFO] PluginManage:359 - Loaded plugin projectmanager (category:projectmanager,tabindex:4)
2026-01-10 12:49:29,682 [INFO] PluginManage:310 - Check plugin rif
2026-01-10 12:49:29,708 [INFO] PluginManage:359 - Loaded plugin rif (category:base,tabindex:3)
2026-01-10 12:49:29,708 [INFO] PluginManage:310 - Check plugin thirdparty
2026-01-10 12:49:30,045 [INFO] PluginManage:359 - Loaded plugin thirdparty (category:base,tabindex:-1)
2026-01-10 12:49:30,045 [WARN] IntegrityCheckThread:84 - waiting for thirdparty lock release [integrity check]
2026-01-10 12:49:30,046 [INFO] PluginManage:310 - Check plugin tools
2026-01-10 12:49:30,046 [INFO] IntegrityCheckThread:86 - entering critical section [integrity check]
2026-01-10 12:49:30,047 [INFO] ThirdPartyUpdaterWithRetryManager:70 - Updater plugin not ready yet. [1/15]
2026-01-10 12:49:30,098 [INFO] PluginManage:359 - Loaded plugin tools (category:base,tabindex:7)
2026-01-10 12:49:30,098 [INFO] PluginManage:310 - Check plugin tutovideos
2026-01-10 12:49:30,337 [INFO] PluginManage:359 - Loaded plugin tutovideos (category:base,tabindex:-1)
2026-01-10 12:49:30,337 [INFO] PluginManage:310 - Check plugin updater
2026-01-10 12:49:30,359 [INFO] PluginManage:359 - Loaded plugin updater (category:base,tabindex:12)
2026-01-10 12:49:30,360 [INFO] PluginManage:310 - Check plugin userauth
2026-01-10 12:49:30,364 [INFO] UserAuth:118 - Init User Auth plugin
2026-01-10 12:49:30,364 [INFO] PluginManage:359 - Loaded plugin userauth (category:base,tabindex:14)
2026-01-10 12:49:30,365 [INFO] PluginManage:283 - PluginManage : Loaded plugins [18]
2026-01-10 12:49:30,563 [INFO] PinOutPanel:1589 - setPackage(No Configuration,No Configuration)
2026-01-10 12:49:30,662 [INFO] CADModel:165 - CPN selected for project level
2026-01-10 12:49:30,663 [INFO] CADModel:114 - Register for checkConnection events
2026-01-10 12:49:30,698 [INFO] IPUIPlugin:80 - create IPUIPlugin
2026-01-10 12:49:30,698 [INFO] PluginManager:220 - loadIPPluginJar : add adc
2026-01-10 12:49:30,753 [INFO] IPUIPlugin:80 - create IPUIPlugin
2026-01-10 12:49:30,753 [INFO] PluginManager:220 - loadIPPluginJar : add aes
2026-01-10 12:49:30,813 [INFO] IPUIPlugin:80 - create IPUIPlugin
2026-01-10 12:49:30,813 [INFO] PluginManager:220 - loadIPPluginJar : add can
2026-01-10 12:49:30,852 [INFO] IPUIPlugin:80 - create IPUIPlugin
2026-01-10 12:49:30,852 [INFO] PluginManager:220 - loadIPPluginJar : add comp
2026-01-10 12:49:30,907 [INFO] IPUIPlugin:80 - create IPUIPlugin
2026-01-10 12:49:30,907 [INFO] PluginManager:220 - loadIPPluginJar : add cryp
2026-01-10 12:49:30,933 [INFO] IPUIPlugin:80 - create IPUIPlugin
2026-01-10 12:49:30,933 [INFO] PluginManager:220 - loadIPPluginJar : add ddr_ctrl_phy
2026-01-10 12:49:30,979 [INFO] IPUIPlugin:80 - create IPUIPlugin
2026-01-10 12:49:30,979 [INFO] PluginManager:220 - loadIPPluginJar : add dfsdm
2026-01-10 12:49:31,003 [INFO] IPUIPlugin:80 - create IPUIPlugin
2026-01-10 12:49:31,004 [INFO] PluginManager:220 - loadIPPluginJar : add dma
2026-01-10 12:49:31,070 [INFO] IPUIPlugin:80 - create IPUIPlugin
2026-01-10 12:49:31,070 [INFO] PluginManager:220 - loadIPPluginJar : add dma3
2026-01-10 12:49:31,140 [INFO] IPUIPlugin:80 - create IPUIPlugin
2026-01-10 12:49:31,140 [INFO] PluginManager:220 - loadIPPluginJar : add extmemmanager
2026-01-10 12:49:31,195 [INFO] IPUIPlugin:80 - create IPUIPlugin
2026-01-10 12:49:31,195 [INFO] PluginManager:220 - loadIPPluginJar : add fatfs
2026-01-10 12:49:31,270 [INFO] IPUIPlugin:80 - create IPUIPlugin
2026-01-10 12:49:31,270 [INFO] PluginManager:220 - loadIPPluginJar : add fmc
2026-01-10 12:49:31,295 [INFO] IPUIPlugin:80 - create IPUIPlugin
2026-01-10 12:49:31,295 [INFO] PluginManager:220 - loadIPPluginJar : add freertos
2026-01-10 12:49:31,344 [INFO] IPUIPlugin:80 - create IPUIPlugin
2026-01-10 12:49:31,344 [INFO] PluginManager:220 - loadIPPluginJar : add genericplugin
2026-01-10 12:49:31,491 [INFO] IPUIPlugin:80 - create IPUIPlugin
2026-01-10 12:49:31,491 [INFO] PluginManager:220 - loadIPPluginJar : add gfxmmu
2026-01-10 12:49:31,693 [INFO] IPUIPlugin:80 - create IPUIPlugin
2026-01-10 12:49:31,693 [INFO] PluginManager:220 - loadIPPluginJar : add gic
2026-01-10 12:49:31,714 [INFO] IPUIPlugin:80 - create IPUIPlugin
2026-01-10 12:49:31,714 [INFO] PluginManager:220 - loadIPPluginJar : add gpio
2026-01-10 12:49:31,856 [INFO] IPUIPlugin:80 - create IPUIPlugin
2026-01-10 12:49:31,857 [INFO] PluginManager:220 - loadIPPluginJar : add gtzc
2026-01-10 12:49:31,902 [INFO] IPUIPlugin:80 - create IPUIPlugin
2026-01-10 12:49:31,902 [INFO] PluginManager:220 - loadIPPluginJar : add hash
2026-01-10 12:49:31,988 [INFO] IPUIPlugin:80 - create IPUIPlugin
2026-01-10 12:49:31,988 [INFO] PluginManager:220 - loadIPPluginJar : add i2c
2026-01-10 12:49:32,056 [INFO] IPUIPlugin:80 - create IPUIPlugin
2026-01-10 12:49:32,056 [INFO] PluginManager:220 - loadIPPluginJar : add i2s
2026-01-10 12:49:32,126 [INFO] IPUIPlugin:80 - create IPUIPlugin
2026-01-10 12:49:32,126 [INFO] PluginManager:220 - loadIPPluginJar : add i3c
2026-01-10 12:49:32,143 [INFO] McuFinderGlobals:63 - Set McuFinder mode to 2 (CubeIDE integrated)
2026-01-10 12:49:32,259 [INFO] IPUIPlugin:80 - create IPUIPlugin
2026-01-10 12:49:32,259 [INFO] PluginManager:220 - loadIPPluginJar : add ipddr
2026-01-10 12:49:32,385 [INFO] IPUIPlugin:80 - create IPUIPlugin
2026-01-10 12:49:32,385 [INFO] PluginManager:220 - loadIPPluginJar : add linkedlist
2026-01-10 12:49:32,434 [INFO] IPUIPlugin:80 - create IPUIPlugin
2026-01-10 12:49:32,434 [INFO] PluginManager:220 - loadIPPluginJar : add lorawan
2026-01-10 12:49:32,490 [INFO] IPUIPlugin:80 - create IPUIPlugin
2026-01-10 12:49:32,490 [INFO] PluginManager:220 - loadIPPluginJar : add ltdc
2026-01-10 12:49:32,523 [INFO] IPUIPlugin:80 - create IPUIPlugin
2026-01-10 12:49:32,523 [INFO] PluginManager:220 - loadIPPluginJar : add mdma
2026-01-10 12:49:32,545 [INFO] IPUIPlugin:80 - create IPUIPlugin
2026-01-10 12:49:32,545 [INFO] PluginManager:220 - loadIPPluginJar : add nvic
2026-01-10 12:49:32,599 [INFO] IPUIPlugin:80 - create IPUIPlugin
2026-01-10 12:49:32,599 [INFO] PluginManager:220 - loadIPPluginJar : add opamp
2026-01-10 12:49:32,684 [INFO] IPUIPlugin:80 - create IPUIPlugin
2026-01-10 12:49:32,684 [INFO] PluginManager:220 - loadIPPluginJar : add openamp
2026-01-10 12:49:32,753 [INFO] IPUIPlugin:80 - create IPUIPlugin
2026-01-10 12:49:32,753 [INFO] PluginManager:220 - loadIPPluginJar : add pdm2pcm
2026-01-10 12:49:32,780 [INFO] IPUIPlugin:80 - create IPUIPlugin
2026-01-10 12:49:32,783 [INFO] PluginManager:220 - loadIPPluginJar : add plateformsettings
2026-01-10 12:49:32,819 [INFO] IPUIPlugin:80 - create IPUIPlugin
2026-01-10 12:49:32,819 [INFO] PluginManager:220 - loadIPPluginJar : add quadspi
2026-01-10 12:49:32,857 [INFO] IPUIPlugin:80 - create IPUIPlugin
2026-01-10 12:49:32,857 [INFO] PluginManager:220 - loadIPPluginJar : add radio
2026-01-10 12:49:32,879 [INFO] IPUIPlugin:80 - create IPUIPlugin
2026-01-10 12:49:32,879 [INFO] PluginManager:220 - loadIPPluginJar : add resmgrutility
2026-01-10 12:49:32,948 [INFO] IPUIPlugin:80 - create IPUIPlugin
2026-01-10 12:49:32,948 [INFO] PluginManager:220 - loadIPPluginJar : add sai
2026-01-10 12:49:33,006 [INFO] IPUIPlugin:80 - create IPUIPlugin
2026-01-10 12:49:33,007 [INFO] PluginManager:220 - loadIPPluginJar : add spi
2026-01-10 12:49:33,047 [INFO] ThirdPartyUpdaterWithRetryManager:70 - Updater plugin not ready yet. [2/15]
2026-01-10 12:49:33,114 [INFO] IPUIPlugin:80 - create IPUIPlugin
2026-01-10 12:49:33,114 [INFO] PluginManager:220 - loadIPPluginJar : add stm32_wpan
2026-01-10 12:49:33,149 [INFO] IPUIPlugin:80 - create IPUIPlugin
2026-01-10 12:49:33,149 [INFO] PluginManager:220 - loadIPPluginJar : add tim
2026-01-10 12:49:33,243 [INFO] IPUIPlugin:80 - create IPUIPlugin
2026-01-10 12:49:33,244 [INFO] PluginManager:220 - loadIPPluginJar : add touchsensing
2026-01-10 12:49:33,277 [INFO] IPUIPlugin:80 - create IPUIPlugin
2026-01-10 12:49:33,277 [INFO] PluginManager:220 - loadIPPluginJar : add tracer_emb
2026-01-10 12:49:33,312 [INFO] IPUIPlugin:80 - create IPUIPlugin
2026-01-10 12:49:33,312 [INFO] PluginManager:220 - loadIPPluginJar : add ts
2026-01-10 12:49:33,350 [INFO] IPUIPlugin:80 - create IPUIPlugin
2026-01-10 12:49:33,350 [INFO] PluginManager:220 - loadIPPluginJar : add tsc
2026-01-10 12:49:33,384 [INFO] IPUIPlugin:80 - create IPUIPlugin
2026-01-10 12:49:33,384 [INFO] PluginManager:220 - loadIPPluginJar : add ucpd
2026-01-10 12:49:33,449 [INFO] IPUIPlugin:80 - create IPUIPlugin
2026-01-10 12:49:33,449 [INFO] PluginManager:220 - loadIPPluginJar : add usart
2026-01-10 12:49:33,505 [INFO] IPUIPlugin:80 - create IPUIPlugin
2026-01-10 12:49:33,505 [INFO] PluginManager:220 - loadIPPluginJar : add usbx
2026-01-10 12:49:33,628 [FATAL] Updater:351 - Updater called before beeing initialized
2026-01-10 12:49:33,668 [INFO] RulesReader:64 - Compatibility file has been processed (297 Rules)
2026-01-10 12:49:33,678 [INFO] RulesReader:64 - Compatibility file has been processed (297 Rules)
2026-01-10 12:49:33,685 [INFO] CADModel:165 - CPN selected for project level
2026-01-10 12:49:33,685 [INFO] CADModel:114 - Register for checkConnection events
2026-01-10 12:49:33,685 [FATAL] Updater:351 - Updater called before beeing initialized
2026-01-10 12:49:33,685 [ERROR] CADModel:125 - Updater not yet initialized, retry later 
2026-01-10 12:49:33,836 [FATAL] Updater:351 - Updater called before beeing initialized
2026-01-10 12:49:33,838 [INFO] CADModel:165 - CPN selected for project level
2026-01-10 12:49:33,839 [INFO] CADModel:114 - Register for checkConnection events
2026-01-10 12:49:33,839 [FATAL] Updater:351 - Updater called before beeing initialized
2026-01-10 12:49:33,839 [ERROR] CADModel:125 - Updater not yet initialized, retry later 
2026-01-10 12:49:33,843 [FATAL] Updater:351 - Updater called before beeing initialized
2026-01-10 12:49:33,967 [FATAL] Updater:351 - Updater called before beeing initialized
2026-01-10 12:49:33,980 [INFO] DbMcusAds:53 - JSON generation date=Tue Dec 16 00:11:46 CET 2025 (1765840306612)
2026-01-10 12:49:33,980 [FATAL] Updater:351 - Updater called before beeing initialized
2026-01-10 12:49:34,010 [WARN] DetailPanel:346 - Failed to get advertising image, set to default
2026-01-10 12:49:34,229 [FATAL] Updater:351 - Updater called before beeing initialized
2026-01-10 12:49:34,231 [FATAL] Updater:351 - Updater called before beeing initialized
2026-01-10 12:49:34,232 [FATAL] Updater:351 - Updater called before beeing initialized
2026-01-10 12:49:34,232 [WARN] DetailPanel:346 - Failed to get advertising image, set to default
2026-01-10 12:49:34,233 [FATAL] Updater:351 - Updater called before beeing initialized
2026-01-10 12:49:34,294 [ERROR] Updater:1198 - MainUpdater not yet initialized. External WinMGr cannot be set.
2026-01-10 12:49:34,307 [INFO] Updater:1134 - Updater Version found : 6.13.0
2026-01-10 12:49:34,323 [INFO] ApplicationProperties:184 - Using Application install path: C:\ST\STM32CubeIDE_1.17.0\STM32CubeIDE\plugins\com.st.stm32cube.common.mx_6.13.0.202411220809
2026-01-10 12:49:34,646 [INFO] MainUpdater:2872 - connection check result : 10
2026-01-10 12:49:34,648 [INFO] MainUpdater:289 - Updater Check For Update Now.
2026-01-10 12:49:34,648 [INFO] MicroXplorer:498 - Change Database Version : DB.6.0.130
2026-01-10 12:49:34,683 [INFO] McuFinderGlobals:63 - Set McuFinder mode to 2 (CubeIDE integrated)
2026-01-10 12:49:34,684 [INFO] UserAuth:171 - activating auth plugin
2026-01-10 12:49:34,688 [INFO] UserAuth:486 - Internet connection configuration mode: 1
2026-01-10 12:49:34,721 [INFO] JxBrowserEngine:152 - Initiate JxBrowser Engine with user profile folder
2026-01-10 12:49:34,869 [INFO] CheckServerUpdateThread:120 - End of CheckServer Thread
2026-01-10 12:49:34,887 [INFO] MainUpdater:2872 - connection check result : 10
2026-01-10 12:49:34,888 [INFO] MainUpdater:2872 - connection check result : 10
2026-01-10 12:49:34,987 [INFO] MicroXplorer:468 - Change Database Path : 
2026-01-10 12:49:34,987 [INFO] MicroXplorer:498 - Change Database Version : DB.6.0.130
2026-01-10 12:49:35,003 [WARN] ThirdParty:871 - waiting for thirdparty lock release [close project]
2026-01-10 12:49:35,635 [INFO] WebApp:168 - Instantiating new browser for Auth
2026-01-10 12:49:36,322 [WARN] PackLoader:240 - Cannot read IP mode file for STMicroelectronics.FP-SNS-MOTENVWB1.1.4.0
2026-01-10 12:49:36,355 [WARN] PackLoader:240 - Cannot read IP mode file for STMicroelectronics.FP-ATR-ASTRA1.2.0.2
2026-01-10 12:49:36,378 [WARN] PackLoader:240 - Cannot read IP mode file for STMicroelectronics.FP-ATR-ASTRA1.2.0.1
2026-01-10 12:49:36,384 [INFO] WebApp:449 - Apply proxy settings
2026-01-10 12:49:36,384 [INFO] WebApp:534 - Chromium requires no authentication
2026-01-10 12:49:36,398 [INFO] WebApp:477 - Direct internet connection detected
2026-01-10 12:49:36,408 [WARN] PackLoader:240 - Cannot read IP mode file for STMicroelectronics.X-CUBE-SMBUS.2.1.0
2026-01-10 12:49:36,428 [INFO] WebApp:880 - Register for checkConnection events
2026-01-10 12:49:36,428 [INFO] WebApp:449 - Apply proxy settings
2026-01-10 12:49:36,429 [INFO] WebApp:534 - Chromium requires no authentication
2026-01-10 12:49:36,429 [INFO] WebApp:477 - Direct internet connection detected
2026-01-10 12:49:36,433 [WARN] PackLoader:240 - Cannot read IP mode file for STMicroelectronics.X-CUBE-WB05N.1.1.0
2026-01-10 12:49:36,453 [WARN] PackLoader:240 - Cannot read IP mode file for STMicroelectronics.X-CUBE-ST60.1.0.0
2026-01-10 12:49:36,504 [WARN] PackLoader:240 - Cannot read IP mode file for STMicroelectronics.X-CUBE-AZRTOS-F7.1.1.0
2026-01-10 12:49:36,677 [INFO] WebApp:187 - Connection restablished
2026-01-10 12:49:36,732 [WARN] PackLoader:240 - Cannot read IP mode file for STMicroelectronics.X-CUBE-MEMS1.11.0.0
2026-01-10 12:49:36,858 [INFO] WebApp:221 - Starting web application
2026-01-10 12:49:36,859 [INFO] WebApp:579 - Web application path used C:\ST\STM32CubeIDE_1.17.0\STM32CubeIDE\plugins\com.st.stm32cube.common.mx_6.13.0.202411220809\db\plugins\mcufinder\reactClient1\index.html
2026-01-10 12:49:36,896 [ERROR] Engine:466 - C:\Users\kamil\.stm32cubemx\thirdparties\pdsc\STMicroelectronics.FP-SNS-MOTENV1.5.1.0.pdsc: PDSC version is not supported
2026-01-10 12:49:36,952 [WARN] PackLoader:240 - Cannot read IP mode file for STMicroelectronics.FP-SNS-FLIGHT1.5.0.2
2026-01-10 12:49:37,002 [WARN] PackLoader:240 - Cannot read IP mode file for STMicroelectronics.X-CUBE-AZRTOS-H7.3.4.0
2026-01-10 12:49:37,033 [WARN] PackLoader:240 - Cannot read IP mode file for STMicroelectronics.X-CUBE-DISPLAY.3.0.0
2026-01-10 12:49:37,060 [WARN] PackLoader:240 - Cannot read IP mode file for STMicroelectronics.X-CUBE-BLE1.7.0.0
2026-01-10 12:49:37,086 [WARN] PackLoader:240 - Cannot read IP mode file for STMicroelectronics.X-CUBE-NFC10.1.0.0
2026-01-10 12:49:37,118 [WARN] PackLoader:240 - Cannot read IP mode file for STMicroelectronics.X-CUBE-BLEMGR.4.0.0
2026-01-10 12:49:37,145 [WARN] PackLoader:240 - Cannot read IP mode file for STMicroelectronics.X-CUBE-ST60.1.1.0
2026-01-10 12:49:37,172 [WARN] PackLoader:240 - Cannot read IP mode file for emotas.I-CUBE-CANOPEN.1.3.0
2026-01-10 12:49:37,196 [WARN] PackLoader:240 - Cannot read IP mode file for STMicroelectronics.X-CUBE-GNSS1.7.1.0
2026-01-10 12:49:37,222 [WARN] PackLoader:240 - Cannot read IP mode file for STMicroelectronics.X-CUBE-BLEMGR.3.1.0
2026-01-10 12:49:37,247 [WARN] PackLoader:240 - Cannot read IP mode file for STMicroelectronics.X-CUBE-AI.10.0.0
2026-01-10 12:49:37,269 [ERROR] Engine:466 - C:\Users\kamil\.stm32cubemx\thirdparties\pdsc\STMicroelectronics.FP-SNS-STBOX1.2.1.0.pdsc: PDSC version is not supported
2026-01-10 12:49:37,290 [WARN] PackLoader:240 - Cannot read IP mode file for STMicroelectronics.FP-SNS-SMARTAG2.1.2.0
2026-01-10 12:49:37,309 [WARN] PackLoader:240 - Cannot read IP mode file for STMicroelectronics.FP-SNS-FLIGHT1.5.1.0
2026-01-10 12:49:37,368 [WARN] PackLoader:240 - Cannot read IP mode file for STMicroelectronics.X-CUBE-MEMS1.11.1.0
2026-01-10 12:49:37,483 [INFO] LogOutputStream:77 - [STDOUT_REDIRECT] 1 : Invalid condition id : UX_CORESTACK_Condition cause : null
2026-01-10 12:49:37,484 [INFO] LogOutputStream:77 - [STDOUT_REDIRECT] 1 : Invalid condition id : UX_CORESTACK_Condition cause : null
2026-01-10 12:49:37,486 [INFO] LogOutputStream:77 - [STDOUT_REDIRECT] 1 : Invalid condition id : UX_CORESTACK_Condition cause : null
2026-01-10 12:49:37,487 [INFO] LogOutputStream:77 - [STDOUT_REDIRECT] 1 : Invalid condition id : UX_CORESTACK_Condition cause : null
2026-01-10 12:49:37,487 [INFO] LogOutputStream:77 - [STDOUT_REDIRECT] 1 : Invalid condition id : UX_CORESTACK_Condition cause : null
2026-01-10 12:49:37,489 [WARN] PackLoader:240 - Cannot read IP mode file for STMicroelectronics.X-CUBE-AZRTOS-WL.2.0.0
2026-01-10 12:49:37,506 [WARN] PackLoader:240 - Cannot read IP mode file for STMicroelectronics.FP-SNS-MOTENV1.5.0.0
2026-01-10 12:49:37,536 [WARN] PackLoader:240 - Cannot read IP mode file for STMicroelectronics.X-CUBE-AZRTOS-H7RS.1.2.0
2026-01-10 12:49:37,554 [WARN] PackLoader:240 - Cannot read IP mode file for wolfSSL.I-CUBE-wolfMQTT.1.19.0
2026-01-10 12:49:37,576 [WARN] PackLoader:240 - Cannot read IP mode file for WES.I-CUBE-Cesium.1.3.0
2026-01-10 12:49:37,593 [WARN] PackLoader:240 - Cannot read IP mode file for STMicroelectronics.X-CUBE-BLE2.3.3.0
2026-01-10 12:49:37,647 [WARN] PackLoader:240 - Cannot read IP mode file for STMicroelectronics.X-CUBE-NFC9.1.0.0
2026-01-10 12:49:37,662 [WARN] PackLoader:240 - Cannot read IP mode file for STMicroelectronics.X-CUBE-BLE1.7.1.0
2026-01-10 12:49:37,677 [WARN] PackLoader:240 - Cannot read IP mode file for STMicroelectronics.X-CUBE-TCPP.4.1.0
2026-01-10 12:49:37,695 [ERROR] Engine:466 - C:\Users\kamil\.stm32cubemx\thirdparties\pdsc\STMicroelectronics.X-CUBE-FREERTOS.1.4.0.pdsc: PDSC version is not supported
2026-01-10 12:49:37,714 [WARN] PackLoader:240 - Cannot read IP mode file for STMicroelectronics.X-CUBE-EEPRMA1.5.2.0
2026-01-10 12:49:37,729 [ERROR] Engine:466 - C:\Users\kamil\.stm32cubemx\thirdparties\pdsc\STMicroelectronics.X-CUBE-ST67W61.1.1.0.pdsc: PDSC version is not supported
2026-01-10 12:49:37,782 [WARN] PackLoader:240 - Cannot read IP mode file for STMicroelectronics.X-CUBE-MEMS1.12.0.0
2026-01-10 12:49:37,849 [WARN] PackLoader:240 - Cannot read IP mode file for STMicroelectronics.X-CUBE-AZRTOS-G0.1.1.0
2026-01-10 12:49:37,869 [WARN] PackLoader:240 - Cannot read IP mode file for STMicroelectronics.X-CUBE-SAFEA1.1.2.2
2026-01-10 12:49:37,885 [WARN] PackLoader:240 - Cannot read IP mode file for STMicroelectronics.X-CUBE-NFC4.3.0.0
2026-01-10 12:49:37,904 [WARN] PackLoader:240 - Cannot read IP mode file for EmbeddedOffice.I-CUBE-FS-RTOS.1.0.1
2026-01-10 12:49:37,922 [WARN] PackLoader:240 - Cannot read IP mode file for STMicroelectronics.X-CUBE-WB05N.2.0.0
2026-01-10 12:49:37,941 [WARN] PackLoader:240 - Cannot read IP mode file for STMicroelectronics.X-CUBE-TCPP.4.2.0
2026-01-10 12:49:37,962 [WARN] PackLoader:240 - Cannot read IP mode file for RealThread.X-CUBE-RT-Thread_Nano.4.1.1
2026-01-10 12:49:37,980 [WARN] PackLoader:240 - Cannot read IP mode file for STMicroelectronics.FP-ATR-SIGFOX1.3.2.0
2026-01-10 12:49:37,996 [WARN] PackLoader:240 - Cannot read IP mode file for wolfSSL.I-CUBE-wolfSSL.5.7.2
2026-01-10 12:49:38,013 [WARN] ConditionMgr:438 - getConditionDescription Invalid condition id : Cortex-A Device cause : null
2026-01-10 12:49:38,030 [WARN] ConditionMgr:1044 - genDependencies : Invalid condition id : Cortex-A Device cause : null
2026-01-10 12:49:38,031 [WARN] ConditionMgr:1044 - genDependencies : Invalid condition id : Cortex-A Device cause : null
2026-01-10 12:49:38,031 [WARN] ConditionMgr:1044 - genDependencies : Invalid condition id : Cortex-A Device cause : null
2026-01-10 12:49:38,045 [WARN] PackLoader:240 - Cannot read IP mode file for STMicroelectronics.X-CUBE-EEPRMA1.5.1.0
2026-01-10 12:49:38,064 [WARN] PackLoader:240 - Cannot read IP mode file for ITTIA_DB.I-CUBE-ITTIADB.8.9.0
2026-01-10 12:49:38,084 [WARN] PackLoader:240 - Cannot read IP mode file for STMicroelectronics.X-CUBE-ST67W61.1.0.0
2026-01-10 12:49:38,099 [WARN] PackLoader:240 - Cannot read IP mode file for STMicroelectronics.X-CUBE-AI.10.2.0
2026-01-10 12:49:38,132 [WARN] PackLoader:240 - Cannot read IP mode file for SEGGER.I-CUBE-embOS.1.3.1
2026-01-10 12:49:38,175 [WARN] PackLoader:240 - Cannot read IP mode file for STMicroelectronics.X-CUBE-ALGOBUILD.1.4.0
2026-01-10 12:49:38,231 [WARN] PackLoader:240 - Cannot read IP mode file for STMicroelectronics.X-CUBE-MEMS1.11.3.0
2026-01-10 12:49:38,321 [WARN] PackLoader:240 - Cannot read IP mode file for STMicroelectronics.X-CUBE-AI.9.1.0
2026-01-10 12:49:38,338 [WARN] PackLoader:240 - Cannot read IP mode file for STMicroelectronics.X-CUBE-PM33A1.1.0.0
2026-01-10 12:49:38,367 [WARN] PackLoader:240 - Cannot read IP mode file for STMicroelectronics.X-CUBE-AZRTOS-F4.1.1.0
2026-01-10 12:49:38,387 [WARN] PackLoader:240 - Cannot read IP mode file for STMicroelectronics.X-CUBE-ISPU.2.1.0
2026-01-10 12:49:38,405 [ERROR] Engine:466 - C:\Users\kamil\.stm32cubemx\thirdparties\pdsc\STMicroelectronics.X-CUBE-IPS.3.2.0.pdsc: PDSC version is not supported
2026-01-10 12:49:38,423 [WARN] PackLoader:240 - Cannot read IP mode file for STMicroelectronics.X-CUBE-FREERTOS.1.2.0
2026-01-10 12:49:38,441 [WARN] PackLoader:240 - Cannot read IP mode file for STMicroelectronics.X-CUBE-NFC12.1.0.0
2026-01-10 12:49:38,472 [WARN] PackLoader:240 - Cannot read IP mode file for STMicroelectronics.X-CUBE-AZRTOS-L5.2.0.0
2026-01-10 12:49:38,493 [WARN] PackLoader:240 - Cannot read IP mode file for STMicroelectronics.X-CUBE-NFC6.3.1.0
2026-01-10 12:49:38,513 [WARN] PackLoader:240 - Cannot read IP mode file for STMicroelectronics.X-CUBE-DPower.1.2.0
2026-01-10 12:49:38,530 [WARN] PackLoader:240 - Cannot read IP mode file for STMicroelectronics.X-CUBE-FREERTOS.1.3.1
2026-01-10 12:49:38,548 [WARN] PackLoader:240 - Cannot read IP mode file for STMicroelectronics.X-CUBE-FREERTOS.1.3.0
2026-01-10 12:49:38,566 [WARN] PackLoader:240 - Cannot read IP mode file for STMicroelectronics.X-CUBE-NFC7.1.0.1
2026-01-10 12:49:38,585 [WARN] PackLoader:240 - Cannot read IP mode file for STMicroelectronics.X-CUBE-TOUCHGFX.4.26.0
2026-01-10 12:49:38,602 [WARN] PackLoader:240 - Cannot read IP mode file for STMicroelectronics.FP-SNS-STAIOTCFT.1.0.0
2026-01-10 12:49:38,619 [WARN] PackLoader:240 - Cannot read IP mode file for STMicroelectronics.X-CUBE-DPower.1.3.0
2026-01-10 12:49:38,645 [WARN] ConditionMgr:438 - getConditionDescription Invalid condition id : LAN8742 Phy interface Condition cause : null
2026-01-10 12:49:38,645 [WARN] PackLoader:240 - Cannot read IP mode file for STMicroelectronics.X-CUBE-AZRTOS-L4.2.0.0
2026-01-10 12:49:38,647 [WARN] ConditionMgr:1044 - genDependencies : Invalid condition id : LAN8742 Phy interface Condition cause : null
2026-01-10 12:49:38,647 [WARN] ConditionMgr:1044 - genDependencies : Invalid condition id : LAN8742 Phy interface Condition cause : null
2026-01-10 12:49:38,647 [WARN] ConditionMgr:1044 - genDependencies : Invalid condition id : LAN8742 Phy interface Condition cause : null
2026-01-10 12:49:38,664 [WARN] PackLoader:240 - Cannot read IP mode file for STMicroelectronics.X-CUBE-SFXS2LP1.4.0.0
2026-01-10 12:49:38,689 [WARN] PackLoader:240 - Cannot read IP mode file for STMicroelectronics.X-CUBE-AZRTOS-H7.3.3.0
2026-01-10 12:49:38,710 [WARN] PackLoader:240 - Cannot read IP mode file for STMicroelectronics.X-CUBE-BLEMGR.4.1.0
2026-01-10 12:49:38,736 [WARN] PackLoader:240 - Cannot read IP mode file for STMicroelectronics.X-CUBE-IPS.3.0.0
2026-01-10 12:49:38,766 [WARN] ConditionMgr:438 - getConditionDescription Invalid condition id : UX DEVICE CLASS RTOS Condition cause : null
2026-01-10 12:49:38,766 [WARN] ConditionMgr:438 - getConditionDescription Invalid condition id : UX DEVICE CLASS RTOS Condition cause : null
2026-01-10 12:49:38,767 [WARN] PackLoader:240 - Cannot read IP mode file for STMicroelectronics.X-CUBE-AZRTOS-WB.2.0.0
2026-01-10 12:49:38,767 [WARN] ConditionMgr:1044 - genDependencies : Invalid condition id : UX DEVICE CLASS RTOS Condition cause : null
2026-01-10 12:49:38,767 [WARN] ConditionMgr:1044 - genDependencies : Invalid condition id : UX DEVICE CLASS RTOS Condition cause : null
2026-01-10 12:49:38,767 [WARN] ConditionMgr:1044 - genDependencies : Invalid condition id : UX DEVICE CLASS RTOS Condition cause : null
2026-01-10 12:49:38,767 [WARN] ConditionMgr:1044 - genDependencies : Invalid condition id : UX DEVICE CLASS RTOS Condition cause : null
2026-01-10 12:49:38,768 [WARN] ConditionMgr:1044 - genDependencies : Invalid condition id : UX DEVICE CLASS RTOS Condition cause : null
2026-01-10 12:49:38,784 [WARN] PackLoader:240 - Cannot read IP mode file for STMicroelectronics.X-CUBE-GNSS1.7.0.0
2026-01-10 12:49:38,802 [WARN] PackLoader:240 - Cannot read IP mode file for STMicroelectronics.X-CUBE-GNSS1.7.0.1
2026-01-10 12:49:38,819 [WARN] PackLoader:240 - Cannot read IP mode file for STMicroelectronics.X-CUBE-TOUCHGFX.4.25.0
2026-01-10 12:49:38,838 [WARN] PackLoader:240 - Cannot read IP mode file for STMicroelectronics.FP-SNS-STBOX1.2.0.0
2026-01-10 12:49:38,858 [WARN] PackLoader:240 - Cannot read IP mode file for STMicroelectronics.X-CUBE-SUBG2.5.0.0
2026-01-10 12:49:38,893 [WARN] PackLoader:240 - Cannot read IP mode file for STMicroelectronics.X-CUBE-AZRTOS-H7RS.1.1.0
2026-01-10 12:49:38,914 [WARN] PackLoader:240 - Cannot read IP mode file for Cesanta.I-CUBE-Mongoose.7.13.0
2026-01-10 12:49:38,947 [WARN] PackLoader:240 - Cannot read IP mode file for STMicroelectronics.X-CUBE-AZRTOS-G4.2.0.0
2026-01-10 12:49:38,962 [WARN] PackLoader:240 - Cannot read IP mode file for STMicroelectronics.X-CUBE-NFC7.2.0.0
2026-01-10 12:49:38,982 [WARN] PackLoader:240 - Cannot read IP mode file for STMicroelectronics.X-CUBE-IPS.3.1.0
2026-01-10 12:49:38,998 [WARN] PackLoader:240 - Cannot read IP mode file for STMicroelectronics.X-CUBE-ALS.1.0.2
2026-01-10 12:49:39,012 [WARN] PackLoader:240 - Cannot read IP mode file for STMicroelectronics.X-CUBE-TOUCHGFX.4.24.1
2026-01-10 12:49:39,029 [WARN] PackLoader:240 - Cannot read IP mode file for STMicroelectronics.X-CUBE-STSE01.1.0.0
2026-01-10 12:49:39,047 [WARN] PackLoader:240 - Cannot read IP mode file for wolfSSL.I-CUBE-wolfTPM.3.4.0
2026-01-10 12:49:39,069 [WARN] PackLoader:240 - Cannot read IP mode file for portGmbH.I-Cube-SoM-uGOAL.1.1.0
2026-01-10 12:49:39,096 [WARN] PackLoader:240 - Cannot read IP mode file for STMicroelectronics.X-CUBE-AZRTOS-H7RS.1.0.0
2026-01-10 12:49:39,114 [WARN] PackLoader:240 - Cannot read IP mode file for STMicroelectronics.FP-ATR-ASTRA1.2.0.0
2026-01-10 12:49:39,134 [WARN] PackLoader:240 - Cannot read IP mode file for STMicroelectronics.X-CUBE-TOF1.3.4.2
2026-01-10 12:49:39,158 [WARN] PackLoader:240 - Cannot read IP mode file for STMicroelectronics.X-CUBE-TOF1.3.4.3
2026-01-10 12:49:39,186 [WARN] PackLoader:240 - Cannot read IP mode file for Infineon.AIROC-Wi-Fi-Bluetooth-STM32.1.6.1
2026-01-10 12:49:39,203 [WARN] PackLoader:240 - Cannot read IP mode file for wolfSSL.I-CUBE-wolfSSH.1.4.17
2026-01-10 12:49:39,204 [INFO] ThirdParty:978 - Integrity check success = true
2026-01-10 12:49:39,204 [INFO] IntegrityCheckThread:100 - exiting critical section [integrity check]
2026-01-10 12:49:39,204 [INFO] IntegrityCheckThread:103 - End integrity checks thread
2026-01-10 12:49:39,204 [INFO] ThirdParty:873 - entering critical section [close project]
2026-01-10 12:49:39,206 [INFO] ThirdParty:883 - exiting critical section [close project]
2026-01-10 12:49:39,208 [INFO] PinOutPanel:1589 - setPackage(No Configuration,No Configuration)
2026-01-10 12:49:39,212 [INFO] UtilMem:75 - Begin LoadConfig() Used Memory: 241610056 Bytes (339738624)
2026-01-10 12:49:39,213 [INFO] MicroXplorer:468 - Change Database Path : 
2026-01-10 12:49:39,214 [INFO] MicroXplorer:498 - Change Database Version : DB.6.0.130
2026-01-10 12:49:39,214 [INFO] OpenFileManager:332 - Change cursor
2026-01-10 12:49:39,239 [INFO] Mcu:2035 - Initializing MCU STM32H743IITx STM32H743IITx STM32H743IIT6
2026-01-10 12:49:42,507 [INFO] Context:748 - Trying to add GPIOservice into a context  which must be forbidden
2026-01-10 12:49:44,016 [INFO] RtosManager:555 - Registered RTOS mode: class=CMSIS, group=RTOS, mode=CMSIS_V1, owner=FREERTOS
2026-01-10 12:49:44,016 [INFO] RtosManager:555 - Registered RTOS mode: class=CMSIS, group=RTOS2, mode=CMSIS_V2, owner=FREERTOS
2026-01-10 12:49:44,016 [INFO] RtosManager:555 - Registered RTOS mode: class=RTOS, group=Core, mode=CMSIS_V1, owner=FREERTOS
2026-01-10 12:49:44,016 [INFO] RtosManager:555 - Registered RTOS mode: class=RTOS, group=Core, mode=CMSIS_V2, owner=FREERTOS
2026-01-10 12:49:44,016 [WARN] ModelIntegratedComponent:184 - Missing modes for component STMicroelectronics:FreeRTOS:0.0.1:STMicroelectronics:RTOS:FreeRTOS:Core:::10.2.0:
2026-01-10 12:49:44,021 [WARN] ModelIntegratedComponent:63 - No mode defined for component null
2026-01-10 12:49:44,022 [WARN] ModelIntegratedComponent:63 - No mode defined for component null
2026-01-10 12:49:44,022 [WARN] ModelIntegratedComponent:63 - No mode defined for component null
2026-01-10 12:49:44,022 [WARN] ModelIntegratedComponent:63 - No mode defined for component null
2026-01-10 12:49:44,022 [WARN] ModelIntegratedComponent:63 - No mode defined for component null
2026-01-10 12:49:44,022 [WARN] ModelIntegratedComponent:63 - No mode defined for component null
2026-01-10 12:49:44,022 [WARN] ModelIntegratedComponent:63 - No mode defined for component null
2026-01-10 12:49:44,022 [WARN] ModelIntegratedComponent:63 - No mode defined for component null
2026-01-10 12:49:44,022 [WARN] ModelIntegratedComponent:63 - No mode defined for component null
2026-01-10 12:49:44,022 [WARN] ModelIntegratedComponent:63 - No mode defined for component null
2026-01-10 12:49:44,022 [WARN] ModelIntegratedComponent:63 - No mode defined for component null
2026-01-10 12:49:44,022 [WARN] ModelIntegratedComponent:63 - No mode defined for component null
2026-01-10 12:49:44,023 [WARN] ModelIntegratedComponent:63 - No mode defined for component null
2026-01-10 12:49:44,023 [WARN] ModelIntegratedComponent:63 - No mode defined for component null
2026-01-10 12:49:44,023 [WARN] ModelIntegratedComponent:63 - No mode defined for component null
2026-01-10 12:49:44,023 [WARN] ModelIntegratedComponent:63 - No mode defined for component null
2026-01-10 12:49:44,023 [WARN] ModelIntegratedComponent:63 - No mode defined for component null
2026-01-10 12:49:44,023 [WARN] ModelIntegratedComponent:63 - No mode defined for component null
2026-01-10 12:49:44,023 [WARN] ModelIntegratedComponent:63 - No mode defined for component null
2026-01-10 12:49:44,023 [WARN] ModelIntegratedComponent:63 - No mode defined for component null
2026-01-10 12:49:44,023 [WARN] ModelIntegratedComponent:63 - No mode defined for component null
2026-01-10 12:49:44,023 [WARN] ModelIntegratedComponent:63 - No mode defined for component null
2026-01-10 12:49:44,023 [WARN] ModelIntegratedComponent:63 - No mode defined for component null
2026-01-10 12:49:44,023 [WARN] ModelIntegratedComponent:63 - No mode defined for component null
2026-01-10 12:49:44,023 [WARN] ModelIntegratedComponent:63 - No mode defined for component null
2026-01-10 12:49:44,023 [WARN] ModelIntegratedComponent:63 - No mode defined for component null
2026-01-10 12:49:44,023 [WARN] ModelIntegratedComponent:63 - No mode defined for component null
2026-01-10 12:49:44,023 [WARN] ModelIntegratedComponent:63 - No mode defined for component null
2026-01-10 12:49:44,024 [WARN] ModelIntegratedComponent:63 - No mode defined for component null
2026-01-10 12:49:44,024 [WARN] ModelIntegratedComponent:63 - No mode defined for component null
2026-01-10 12:49:44,024 [WARN] ModelIntegratedComponent:63 - No mode defined for component null
2026-01-10 12:49:44,024 [WARN] ModelIntegratedComponent:63 - No mode defined for component null
2026-01-10 12:49:44,024 [WARN] ModelIntegratedComponent:63 - No mode defined for component null
2026-01-10 12:49:44,024 [WARN] ModelIntegratedComponent:63 - No mode defined for component null
2026-01-10 12:49:44,024 [WARN] ModelIntegratedComponent:63 - No mode defined for component null
2026-01-10 12:49:44,024 [WARN] ModelPack:524 - Component already loaded: STMicroelectronics:HAL Drivers:0.0.0:STMicroelectronics:Device:STMicro_Driver:XSPI:HAL::0.0.1:HAL_XSPI
2026-01-10 12:49:44,190 [INFO] ThirdPartyModel:298 - Start build external matchings
2026-01-10 12:49:45,188 [INFO] ThirdPartyModel:316 - End build external matchings
2026-01-10 12:49:45,214 [WARN] IP:2251 - ClockDivider not found: check if there is a RefParameter without a condition.
2026-01-10 12:49:45,216 [WARN] IP:2251 - ClockDividerCCU not found: check if there is a RefParameter without a condition.
2026-01-10 12:49:45,216 [WARN] IP:2251 - MinOscClkPeriodsCCU not found: check if there is a RefParameter without a condition.
2026-01-10 12:49:45,216 [WARN] IP:2251 - TimeQuantaPerBitTimeCCU not found: check if there is a RefParameter without a condition.
2026-01-10 12:49:45,216 [WARN] IP:2251 - WatchdogStartValueCCU not found: check if there is a RefParameter without a condition.
2026-01-10 12:49:45,221 [WARN] IP:2251 - LayerIdx_L1 not found: check if there is a RefParameter without a condition.
2026-01-10 12:49:45,223 [INFO] ImportTextPane:218 - (OptionalMessage_ERROR) IP (RCC) : Parameter (ADCFreq_Value) has invalid value (129000000)
2026-01-10 12:49:45,230 [INFO] ImportTextPane:218 - (OptionalMessage_ERROR) IP (RCC) : Invalid parameter (FamilyName)
2026-01-10 12:49:45,231 [INFO] ImportTextPane:218 - (OptionalMessage_ERROR) IP (RCC) : Parameter (LPTIM1Freq_Value) has invalid value (64000000)
2026-01-10 12:49:45,231 [INFO] ImportTextPane:218 - (OptionalMessage_ERROR) IP (RCC) : Parameter (LPTIM2Freq_Value) has invalid value (64000000)
2026-01-10 12:49:45,231 [INFO] ImportTextPane:218 - (OptionalMessage_ERROR) IP (RCC) : Parameter (LPTIM345Freq_Value) has invalid value (64000000)
2026-01-10 12:49:45,231 [INFO] ImportTextPane:218 - (OptionalMessage_ERROR) IP (RCC) : Parameter (LPUART1Freq_Value) has invalid value (64000000)
2026-01-10 12:49:45,231 [INFO] ImportTextPane:218 - (OptionalMessage_ERROR) IP (RCC) : Parameter (SPI45Freq_Value) has invalid value (64000000)
2026-01-10 12:49:45,231 [INFO] ImportTextPane:218 - (OptionalMessage_ERROR) IP (RCC) : Parameter (SPI6Freq_Value) has invalid value (64000000)
2026-01-10 12:49:45,231 [INFO] ImportTextPane:218 - (OptionalMessage_ERROR) IP (RCC) : Parameter (SWPMI1Freq_Value) has invalid value (64000000)
2026-01-10 12:49:45,231 [INFO] ImportTextPane:218 - (OptionalMessage_ERROR) IP (RCC) : Parameter (USART16Freq_Value) has invalid value (64000000)
2026-01-10 12:49:45,231 [INFO] ImportTextPane:218 - (OptionalMessage_ERROR) IP (RCC) : Parameter (USART234578Freq_Value) has invalid value (64000000)
2026-01-10 12:49:46,130 [INFO] ApiDb:581 - Connected to CubeFinder SQLite database (C:\Users\kamil\.stmcufinder\plugins\mcufinder\mcu\cube-finder-db.db)
2026-01-10 12:49:46,194 [INFO] ApiDb:668 - CubeFinder database Data Model version=2.1
2026-01-10 12:49:46,194 [INFO] ApiDb:669 - CubeFinder database Configuration version=3.0.39
2026-01-10 12:49:46,194 [INFO] ApiDb:670 - CubeFinder database generation date=2025-11-05 (1762334721)
2026-01-10 12:49:46,194 [INFO] ApiDb:671 - CubeFinder database FW Pack versions=[FP-ATR-ASTRA1_V2.0.0, FP-SNS-FLIGHT1_V5.1.0, FP-SNS-MOTENV1_V5.1.0, FP-SNS-MOTENVWB1_V1.4.0, FP-SNS-SMARTAG2_V1.2.0, FP-SNS-STBOX1_V2.1.0, STM32Cube_FW_C0_V1.4.0, STM32Cube_FW_F4_V1.28.3, STM32Cube_FW_F7_V1.17.4, STM32Cube_FW_G0_V1.6.2, STM32Cube_FW_G4_V1.6.1, STM32Cube_FW_H5_V1.5.1, STM32Cube_FW_H7RS_V1.3.0, STM32Cube_FW_H7_V1.12.1, STM32Cube_FW_L0_V1.12.2, STM32Cube_FW_L4_V1.18.1, STM32Cube_FW_L5_V1.6.0, STM32Cube_FW_N6_V1.3.0, STM32Cube_FW_U0_V1.3.0, STM32Cube_FW_U3_V1.2.1, STM32Cube_FW_U5_V1.8.0, STM32Cube_FW_WB0_V1.4.0, STM32Cube_FW_WBA_V1.8.0, STM32Cube_FW_WB_V1.24.0, STM32Cube_FW_WL3_V1.3.0, STM32Cube_FW_WL_V1.4.0, X-CUBE-ALGOBUILD_V1.4.0, X-CUBE-ALS_V1.0.2, X-CUBE-AZRTOS-F4_V1.1.0, X-CUBE-AZRTOS-F7_V1.1.0, X-CUBE-AZRTOS-G0_V1.1.0, X-CUBE-AZRTOS-G4_V2.0.0, X-CUBE-AZRTOS-H7RS_V1.1.0, X-CUBE-AZRTOS-H7_V3.4.0, X-CUBE-AZRTOS-L4_V2.0.0, X-CUBE-AZRTOS-L5_V2.0.0, X-CUBE-AZRTOS-WB_V2.0.0, X-CUBE-AZRTOS-WL_V2.0.0, X-CUBE-BLE1_V7.1.0, X-CUBE-BLE2_V3.3.0, X-CUBE-BLEMGR_V4.1.0, X-CUBE-EEPRMA1_V5.2.0, X-CUBE-FREERTOS_V1.3.1, X-CUBE-GNSS1_V6.0.0, X-CUBE-MEMS1_V11.3.0, X-CUBE-NFC4_V3.0.0, X-CUBE-NFC7_V2.0.0, X-CUBE-SFXS2LP1_V4.0.0, X-CUBE-ST67W61_V1.1.0, X-CUBE-SUBG2_V5.0.0, X-CUBE-TOF1_V3.4.3]
2026-01-10 12:49:46,251 [INFO] DbBoardsSqlite:226 - include board P-NUCLEO-WB55-NUCLEO as a kit item of type 'Nucleo-64'
2026-01-10 12:49:46,252 [INFO] DbBoardsSqlite:226 - include board P-NUCLEO-WB55-USBDONGLE as a kit item of type 'Nucleo USB Dongle'
2026-01-10 12:49:46,252 [INFO] DbBoardsSqlite:226 - include board STEVAL-IDP005V1 as a kit item of type 'Evaluation Board'
2026-01-10 12:49:46,252 [INFO] DbBoardsSqlite:226 - include board STEVAL-IDP005V2 as a kit item of type 'Evaluation Board'
2026-01-10 12:49:46,311 [INFO] ApiDb:240 - Found 858 in-development CPN: [B-G473E-ZEST1S, B-WB1M-WPAN1, B-WBA5M-WPAN, B-WL5M-SUBG1, NUCLEO-C031C6, NUCLEO-C051C8, NUCLEO-C071RB, NUCLEO-C092RC, NUCLEO-H503RB, NUCLEO-H533RE, NUCLEO-H563ZI, NUCLEO-H7S3L8, NUCLEO-N657X0-Q, NUCLEO-U031R8, NUCLEO-U083RC, NUCLEO-U385RG-Q, NUCLEO-U545RE-Q, NUCLEO-U5A5ZJ-Q, NUCLEO-WB05KZ, NUCLEO-WB07CC, NUCLEO-WB09KE, NUCLEO-WBA52CG, NUCLEO-WBA55CG, NUCLEO-WL33CC1, NUCLEO-WL33CC2, STEVAL-PROTEUS1, STEVAL-SMARTAG2, STEVAL-STWINBX1, STM320518-EVAL, STM32C0116-DK, STM32C011D6Y3TR, STM32C011D6Y6TR, STM32C011F4P3, STM32C011F4P6, STM32C011F4U3, STM32C011F4U6TR, STM32C011F6P3, STM32C011F6P6, STM32C011F6U3, STM32C011F6U6TR, STM32C011J4M3, STM32C011J4M6, STM32C011J6M3, STM32C011J6M6, STM32C0316-DK, STM32C031C4T3, STM32C031C4T6, STM32C031C4U3, STM32C031C4U6, STM32C031C6T3, STM32C031C6T6, STM32C031C6U3, STM32C031C6U6, STM32C031F4P3, STM32C031F4P6, STM32C031F6P3, STM32C031F6P6, STM32C031G4U3, STM32C031G4U6, STM32C031G6U3, STM32C031G6U6, STM32C031K4T3, STM32C031K4T6, STM32C031K4U3, STM32C031K4U6, STM32C031K6T3, STM32C031K6T6, STM32C031K6U3, STM32C031K6U6, STM32C051C6T6, STM32C051C6U6, STM32C051C8T6, STM32C051C8U6, STM32C051D8Y6TR, STM32C051F6P6, STM32C051F8P6, STM32C051G6U6, STM32C051G8U6, STM32C051K6T6, STM32C051K6U6, STM32C051K8T6, STM32C071C8T6, STM32C071C8T6N, STM32C071C8U6, STM32C071C8U6N, STM32C071CBT6, STM32C071CBT6N, STM32C071CBU6, STM32C071CBU6N, STM32C071F8P6, STM32C071F8P6N, STM32C071FBP6, STM32C071FBP6N, STM32C071FBY6TR, STM32C071G8U6, STM32C071G8U6N, STM32C071GBU6, STM32C071GBU6N, STM32C071K8T6, STM32C071K8T6N, STM32C071K8U6, STM32C071K8U6N, STM32C071KBT6, STM32C071KBT6N, STM32C071KBU6, STM32C071KBU6N, STM32C071R8T6, STM32C071R8T6N, STM32C071RBI6N, STM32C071RBT6, STM32C071RBT6N, STM32C091CBT6, STM32C091CBU6, STM32C091CCT6, STM32C091CCU6, STM32C091ECY6TR, STM32C091FBP6, STM32C091FCP6, STM32C091GBU6, STM32C091GCU6, STM32C091KBT6, STM32C091KBU6, STM32C091KCT6, STM32C091KCU6, STM32C091RBT6, STM32C091RCI6, STM32C091RCT6, STM32C092CBT6, STM32C092CBU6, STM32C092CCT6, STM32C092CCU6, STM32C092ECY6TR, STM32C092FBP6, STM32C092FCP6, STM32C092GBU6, STM32C092GCU6, STM32C092KBT6, STM32C092KBU6, STM32C092KCT6, STM32C092KCU6, STM32C092RBT6, STM32C092RCI6, STM32C092RCT6, STM32G071K8TXN, STM32G071K8UXN, STM32G081GBU6N, STM32G081KBT6N, STM32G081KBUXN, STM32G0B1CCT6N, STM32G0B1KCT6, STM32G0B1NEY6TR, STM32G0B1RCT6N, STM32G0C1CCT6, STM32G0C1CCT6N, STM32G0C1CCU6N, STM32G0C1CET6N, STM32G0C1CEU6N, STM32G0C1KCT6, STM32G0C1NEY6TR, STM32G0C1RCI6N, STM32G0C1RCT6N, STM32G0C1REI6N, STM32G0C1RET6N, STM32G0C1VCI6, STM32G0C1VEI6, STM32G411C6T3, STM32G411C6T6, STM32G411C6U3, STM32G411C6U6, STM32G411C8T3, STM32G411C8T6, STM32G411C8U3, STM32G411C8U6, STM32G411CBT3, STM32G411CBT6, STM32G411CBU3, STM32G411CBU6, STM32G411CCT3, STM32G411CCT6, STM32G411CCU3, STM32G411CCU6, STM32G411K6T3, STM32G411K6T6, STM32G411K6U3, STM32G411K6U6, STM32G411K8T3, STM32G411K8T6, STM32G411K8U3, STM32G411K8U6, STM32G411KBT3, STM32G411KBT6, STM32G411KBU3, STM32G411KBU6, STM32G411M6T3, STM32G411M6T6, STM32G411M8T3, STM32G411M8T6, STM32G411MBT3, STM32G411MBT6, STM32G411MCT3, STM32G411MCT6, STM32G411R6T3, STM32G411R6T6, STM32G411R8T3, STM32G411R8T6, STM32G411RBT3, STM32G411RBT6, STM32G411RCT3, STM32G411RCT6, STM32G414CBT3, STM32G414CBT6, STM32G414CBU3, STM32G414CBU6, STM32G414CCT3, STM32G414CCT6, STM32G414CCU3, STM32G414CCU6, STM32G414MBT3, STM32G414MBT6, STM32G414MCT3, STM32G414MCT6, STM32G414RBT3, STM32G414RBT6, STM32G414RCT3, STM32G414RCT6, STM32G414VBT3, STM32G414VBT6, STM32G414VCT3, STM32G414VCT6, STM32G431CBT3Z, STM32G431RBT3Z, STM32G471CCT6, STM32G471CCU6, STM32G471CET3, STM32G471CET6, STM32G471CEU3, STM32G471CEU6, STM32G471MCT6, STM32G471MET3, STM32G471MET6, STM32G471MEY6TR, STM32G471QCT6, STM32G471QET3, STM32G471RCT6, STM32G471RET3, STM32G471RET6, STM32G471VCH6, STM32G471VCI6, STM32G471VCT6, STM32G471VEH3, STM32G471VEH6, STM32G471VEI3, STM32G471VEI6, STM32G471VET3, STM32G471VET6, STM32G473QET3Z, STM32G473RET3Z, STM32G474CCT6, STM32G491RET3Z, STM32H503CBT6, STM32H503CBU6, STM32H503EBY6TR, STM32H503KBU6, STM32H503RBT6, STM32H523CCT6, STM32H523CCU6, STM32H523CET6, STM32H523CEU6, STM32H523HEY6TR, STM32H523RCT6, STM32H523RET6, STM32H523VCI6, STM32H523VCT6, STM32H523VEI6, STM32H523VET6, STM32H523ZCJ6, STM32H523ZCT6, STM32H523ZEJ6, STM32H523ZET6, STM32H533CET6, STM32H533CEU6, STM32H533HEY6TR, STM32H533RET6, STM32H533VEI6, STM32H533VET6, STM32H533ZEJ6, STM32H533ZET6, STM32H562AGI6, STM32H562AII6, STM32H562IGK6, STM32H562IGT6, STM32H562IIK6, STM32H562IIT6, STM32H562RGT6, STM32H562RGV6, STM32H562RIT6, STM32H562RIV6, STM32H562VGT6, STM32H562VIT6, STM32H562ZGT6, STM32H562ZIT6, STM32H563AGI6, STM32H563AII3Q, STM32H563AII6, STM32H563IGK6, STM32H563IGT6, STM32H563IIK3Q, STM32H563IIK6, STM32H563IIT3Q, STM32H563IIT6, STM32H563MIY3QTR, STM32H563RGT6, STM32H563RGV6, STM32H563RIT6, STM32H563RIV6, STM32H563VGT6, STM32H563VIT3Q, STM32H563VIT6, STM32H563ZGT6, STM32H563ZIT3Q, STM32H563ZIT6, STM32H573AII3Q, STM32H573AII6, STM32H573I-DK, STM32H573IIK3Q, STM32H573IIK6, STM32H573IIT3Q, STM32H573IIT6, STM32H573MIY3QTR, STM32H573RIT6, STM32H573RIV6, STM32H573VIT3Q, STM32H573VIT6, STM32H573ZIT3Q, STM32H573ZIT6, STM32H7R3A8I6, STM32H7R3I8K6, STM32H7R3I8T6, STM32H7R3L8H6, STM32H7R3L8H6H, STM32H7R3R8V6, STM32H7R3V8H6, STM32H7R3V8T6, STM32H7R3V8Y6TR, STM32H7R3Z8J6, STM32H7R3Z8T6, STM32H7R7A8I6, STM32H7R7I8K6, STM32H7R7I8T6, STM32H7R7L8H6, STM32H7R7L8H6H, STM32H7R7Z8J6, STM32H7S3A8I6, STM32H7S3I8K6, STM32H7S3I8T6, STM32H7S3L8H6, STM32H7S3L8H6H, STM32H7S3R8V6, STM32H7S3V8H6, STM32H7S3V8T6, STM32H7S3V8Y6TR, STM32H7S3Z8J6, STM32H7S3Z8T6, STM32H7S78-DK, STM32H7S7A8I6, STM32H7S7I8K6, STM32H7S7I8T6, STM32H7S7L8H6, STM32H7S7L8H6H, STM32H7S7Z8J6, STM32L4R5QGI6STR, STM32MP131AAE3, STM32MP131AAF3, STM32MP131AAG3, STM32MP131CAE3, STM32MP131CAF3, STM32MP131CAG3, STM32MP131DAE7, STM32MP131DAF7, STM32MP131DAG7, STM32MP131FAE7, STM32MP131FAF7, STM32MP131FAG7, STM32MP133AAE3, STM32MP133AAF3, STM32MP133AAG3, STM32MP133CAE3, STM32MP133CAF3, STM32MP133CAG3, STM32MP133DAE7, STM32MP133DAF7, STM32MP133DAG7, STM32MP133FAE7, STM32MP133FAF7, STM32MP133FAG7, STM32MP135AAE3, STM32MP135AAF3, STM32MP135AAG3, STM32MP135CAE3, STM32MP135CAF3, STM32MP135CAG3, STM32MP135DAE7, STM32MP135DAF7, STM32MP135DAG7, STM32MP135F-DK, STM32MP135FAE7, STM32MP135FAF7, STM32MP135FAF7T, STM32MP135FAF7U, STM32MP135FAG7, STM32MP231AAJ3, STM32MP231AAK3, STM32MP231AAL3, STM32MP231CAJ3, STM32MP231CAK3, STM32MP231CAL3, STM32MP231DAJ3, STM32MP231DAK3, STM32MP231DAL3, STM32MP231FAJ3, STM32MP231FAK3, STM32MP231FAL3, STM32MP233AAJ3, STM32MP233AAK3, STM32MP233AAL3, STM32MP233CAJ3, STM32MP233CAK3, STM32MP233CAL3, STM32MP233DAJ3, STM32MP233DAK3, STM32MP233DAL3, STM32MP233FAJ3, STM32MP233FAK3, STM32MP233FAL3, STM32MP235AAJ3, STM32MP235AAK3, STM32MP235AAL3, STM32MP235CAJ3, STM32MP235CAK3, STM32MP235CAL3, STM32MP235DAJ3, STM32MP235DAK3, STM32MP235DAL3, STM32MP235FAJ3, STM32MP235FAK3, STM32MP235FAL3, STM32MP251AAI3, STM32MP251AAJ3, STM32MP251AAK3, STM32MP251AAL3, STM32MP251CAI3, STM32MP251CAJ3, STM32MP251CAK3, STM32MP251CAL3, STM32MP251DAI3, STM32MP251DAJ3, STM32MP251DAK3, STM32MP251DAL3, STM32MP251FAI3, STM32MP251FAJ3, STM32MP251FAK3, STM32MP251FAL3, STM32MP253AAI3, STM32MP253AAJ3, STM32MP253AAK3, STM32MP253AAL3, STM32MP253CAI3, STM32MP253CAJ3, STM32MP253CAK3, STM32MP253CAL3, STM32MP253DAI3, STM32MP253DAJ3, STM32MP253DAK3, STM32MP253DAL3, STM32MP253FAI3, STM32MP253FAJ3, STM32MP253FAK3, STM32MP253FAL3, STM32MP255AAI3, STM32MP255AAJ3, STM32MP255AAK3, STM32MP255AAL3, STM32MP255CAI3, STM32MP255CAJ3, STM32MP255CAK3, STM32MP255CAL3, STM32MP255DAI3, STM32MP255DAJ3, STM32MP255DAK3, STM32MP255DAL3, STM32MP255FAI3, STM32MP255FAJ3, STM32MP255FAK3, STM32MP255FAL3, STM32MP257AAI3, STM32MP257AAJ3, STM32MP257AAK3, STM32MP257AAL3, STM32MP257CAI3, STM32MP257CAJ3, STM32MP257CAK3, STM32MP257CAL3, STM32MP257DAI3, STM32MP257DAJ3, STM32MP257DAK3, STM32MP257DAL3, STM32MP257F-DK, STM32MP257F-EV1, STM32MP257FAI3, STM32MP257FAJ3, STM32MP257FAK3, STM32MP257FAL3, STM32N645A0H3Q, STM32N645B0H3Q, STM32N645I0H3Q, STM32N645L0H3Q, STM32N645X0H3Q, STM32N645Z0H3Q, STM32N647A0H3Q, STM32N647B0H3Q, STM32N647I0H3Q, STM32N647L0H3Q, STM32N647X0H3Q, STM32N647Z0H3Q, STM32N655A0H3Q, STM32N655B0H3Q, STM32N655I0H3Q, STM32N655L0H3Q, STM32N655X0H3Q, STM32N655Z0H3Q, STM32N6570-DK, STM32N657A0H3Q, STM32N657B0H3Q, STM32N657I0H3Q, STM32N657L0H3Q, STM32N657X0H3Q, STM32N657Z0H3Q, STM32U031C6T6, STM32U031C6U6, STM32U031C8T6, STM32U031C8U6, STM32U031F4P6, STM32U031F6P6, STM32U031F8P6, STM32U031G6Y6TR, STM32U031G8Y6TR, STM32U031K4U6, STM32U031K6U6, STM32U031K8U6, STM32U031R6I6, STM32U031R6T6, STM32U031R8I6, STM32U031R8T6, STM32U073C8T6, STM32U073C8U6, STM32U073CBT6, STM32U073CBU6, STM32U073CCT6, STM32U073CCU6, STM32U073H8Y6TR, STM32U073HBY6TR, STM32U073HCY6TR, STM32U073K8U6, STM32U073KBU6, STM32U073KCU6, STM32U073M8I6, STM32U073M8T6, STM32U073MBI6, STM32U073MBT6, STM32U073MCI6, STM32U073MCT6, STM32U073R8I6, STM32U073R8T6, STM32U073RBI6, STM32U073RBT6, STM32U073RCI6, STM32U073RCT6, STM32U083C-DK, STM32U083CCT6, STM32U083CCU6, STM32U083HCY6TR, STM32U083KCU6, STM32U083MCI6, STM32U083MCT6, STM32U083RCI6, STM32U083RCT6, STM32U375CET6, STM32U375CET6Q, STM32U375CEU6, STM32U375CEU6Q, STM32U375CEY6QTR, STM32U375CGT6, STM32U375CGT6Q, STM32U375CGU6, STM32U375CGU6Q, STM32U375CGY6QTR, STM32U375KEU6, STM32U375KGU6, STM32U375REI6, STM32U375REI6Q, STM32U375RET6, STM32U375RET6Q, STM32U375REY6GTR, STM32U375REY6QTR, STM32U375RGI6, STM32U375RGI6Q, STM32U375RGT6, STM32U375RGT6Q, STM32U375RGY6GTR, STM32U375RGY6QTR, STM32U375VEI6, STM32U375VEI6Q, STM32U375VET6, STM32U375VET6Q, STM32U375VGI6, STM32U375VGI6Q, STM32U375VGT6, STM32U375VGT6Q, STM32U385CGT6, STM32U385CGT6Q, STM32U385CGU6, STM32U385CGU6Q, STM32U385CGY6QTR, STM32U385KGU6, STM32U385RGI6, STM32U385RGI6Q, STM32U385RGT6, STM32U385RGT6Q, STM32U385RGY6GTR, STM32U385RGY6QTR, STM32U385VGI6, STM32U385VGI6Q, STM32U385VGT6, STM32U385VGT6Q, STM32U535CBT6, STM32U535CBT6Q, STM32U535CBU6, STM32U535CBU6Q, STM32U535CCT6, STM32U535CCT6Q, STM32U535CCU6, STM32U535CCU6Q, STM32U535CET6, STM32U535CET6Q, STM32U535CEU6, STM32U535CEU6Q, STM32U535JEY6QTR, STM32U535NCY6QTR, STM32U535NEY6QTR, STM32U535RBI6, STM32U535RBI6Q, STM32U535RBT6, STM32U535RBT6Q, STM32U535RCI6, STM32U535RCI6Q, STM32U535RCT6, STM32U535RCT6Q, STM32U535REI6, STM32U535REI6Q, STM32U535RET6, STM32U535RET6Q, STM32U535VCI6, STM32U535VCI6Q, STM32U535VCT6, STM32U535VCT6Q, STM32U535VEI6, STM32U535VEI6Q, STM32U535VET6, STM32U535VET6Q, STM32U545CET6, STM32U545CET6Q, STM32U545CEU6, STM32U545CEU6Q, STM32U545JEY6QTR, STM32U545NEY6QTR, STM32U545REI6, STM32U545REI6Q, STM32U545RET6, STM32U545RET6Q, STM32U545VEI6, STM32U545VEI6Q, STM32U545VET6, STM32U545VET6Q, STM32U595AIH6, STM32U595AIH6Q, STM32U595AJH6, STM32U595AJH6Q, STM32U595QII6, STM32U595QII6Q, STM32U595QJI6, STM32U595QJI6Q, STM32U595RIT6, STM32U595RIT6Q, STM32U595RJT6, STM32U595RJT6Q, STM32U595VIT6, STM32U595VIT6Q, STM32U595VJT6, STM32U595VJT6Q, STM32U595ZIT6, STM32U595ZIT6Q, STM32U595ZIY6QTR, STM32U595ZJT6, STM32U595ZJT6Q, STM32U595ZJY6QTR, STM32U599BJY6QTR, STM32U599NIH6Q, STM32U599NJH6Q, STM32U599VIT6Q, STM32U599VJT6, STM32U599VJT6Q, STM32U599ZIT6Q, STM32U599ZIY6QTR, STM32U599ZJT6Q, STM32U599ZJY6QTR, STM32U5A5AJH6, STM32U5A5AJH6Q, STM32U5A5QII3Q , STM32U5A5QJI6, STM32U5A5QJI6Q, STM32U5A5RJT6, STM32U5A5RJT6Q, STM32U5A5VJT6, STM32U5A5VJT6Q, STM32U5A5ZJT6, STM32U5A5ZJT6Q, STM32U5A5ZJY6QTR, STM32U5A9BJY6QTR, STM32U5A9J-DK, STM32U5A9NJH6Q, STM32U5A9VJT6Q, STM32U5A9ZJT6Q, STM32U5A9ZJY6QTR, STM32U5F7VIT6, STM32U5F7VIT6Q, STM32U5F7VJT6, STM32U5F7VJT6Q, STM32U5F9BJY6QTR, STM32U5F9NJH6Q, STM32U5F9VIT6Q, STM32U5F9VJT6Q, STM32U5F9ZIJ6QTR, STM32U5F9ZIT6Q, STM32U5F9ZJJ6QTR, STM32U5F9ZJT6Q, STM32U5G7VJT6, STM32U5G7VJT6Q, STM32U5G9BJY6QTR, STM32U5G9J-DK1, STM32U5G9J-DK2, STM32U5G9NJH6Q, STM32U5G9VJT6Q, STM32U5G9ZJJ6QTR, STM32U5G9ZJT6Q, STM32WB05KZV6TR, STM32WB05KZV7TR, STM32WB05TZF6TR, STM32WB05TZF7TR, STM32WB06CCF6TR, STM32WB06CCF7TR, STM32WB06CCV6TR, STM32WB06CCV7TR, STM32WB06KCV6TR, STM32WB06KCV7TR, STM32WB07CCF6TR, STM32WB07CCF7TR, STM32WB07CCV6TR, STM32WB07CCV7TR, STM32WB07KCV6TR, STM32WB07KCV7TR, STM32WB09KEV6TR, STM32WB09KEV7TR, STM32WB09TEF6TR, STM32WB09TEF7TR, STM32WB1MMCH6, STM32WBA50KGU6, STM32WBA50KGU6TR, STM32WBA52CEU6, STM32WBA52CEU6TR, STM32WBA52CEU7, STM32WBA52CEU7TR, STM32WBA52CGU6, STM32WBA52CGU6TR, STM32WBA52CGU6U, STM32WBA52CGU7, STM32WBA52CGU7TR, STM32WBA52KEU6, STM32WBA52KEU6TR, STM32WBA52KGU6, STM32WBA52KGU6TR, STM32WBA54CEU6, STM32WBA54CEU6TR, STM32WBA54CEU7, STM32WBA54CEU7TR, STM32WBA54CGU6, STM32WBA54CGU6TR, STM32WBA54CGU7, STM32WBA54CGU7TR, STM32WBA54KEU6, STM32WBA54KEU6TR, STM32WBA54KEU7, STM32WBA54KEU7TR, STM32WBA54KGU6, STM32WBA54KGU6TR, STM32WBA54KGU7, STM32WBA54KGU7TR, STM32WBA55CEU6, STM32WBA55CEU6TR, STM32WBA55CEU7, STM32WBA55CEU7TR, STM32WBA55CGU6, STM32WBA55CGU6TR, STM32WBA55CGU6U, STM32WBA55CGU7, STM32WBA55CGU7TR, STM32WBA55G-DK1, STM32WBA55HEF6, STM32WBA55HEF7, STM32WBA55HGF6, STM32WBA55HGF7, STM32WBA55UEI6, STM32WBA55UEI6TR, STM32WBA55UEI7, STM32WBA55UEI7TR, STM32WBA55UGI6, STM32WBA55UGI6TR, STM32WBA55UGI7, STM32WBA55UGI7TR, STM32WBA5MJGH6TR, STM32WBA5MJGH6U, STM32WL33C8V6, STM32WL33C8V6TR, STM32WL33C8V7, STM32WL33C8V7TR, STM32WL33CBV6, STM32WL33CBV6TR, STM32WL33CBV7, STM32WL33CBV7TR, STM32WL33CCV6, STM32WL33CCV6TR, STM32WL33CCV7, STM32WL33CCV7A, STM32WL33CCV7ATR, STM32WL33CCV7TR, STM32WL33K8V6, STM32WL33K8V6TR, STM32WL33K8V7, STM32WL33K8V7TR, STM32WL33KBV6, STM32WL33KBV6TR, STM32WL33KBV7, STM32WL33KBV7TR, STM32WL33KCV6, STM32WL33KCV6TR, STM32WL33KCV7, STM32WL33KCV7TR, STM32WL5MOCH6, STM32WL5MOCH6TR]
2026-01-10 12:49:46,316 [INFO] ApiDb:668 - CubeFinder database Data Model version=2.1
2026-01-10 12:49:46,316 [INFO] ApiDb:669 - CubeFinder database Configuration version=3.0.39
2026-01-10 12:49:46,316 [INFO] ApiDb:670 - CubeFinder database generation date=2025-11-05 (1762334721)
2026-01-10 12:49:46,316 [INFO] ApiDb:671 - CubeFinder database FW Pack versions=[FP-ATR-ASTRA1_V2.0.0, FP-SNS-FLIGHT1_V5.1.0, FP-SNS-MOTENV1_V5.1.0, FP-SNS-MOTENVWB1_V1.4.0, FP-SNS-SMARTAG2_V1.2.0, FP-SNS-STBOX1_V2.1.0, STM32Cube_FW_C0_V1.4.0, STM32Cube_FW_F4_V1.28.3, STM32Cube_FW_F7_V1.17.4, STM32Cube_FW_G0_V1.6.2, STM32Cube_FW_G4_V1.6.1, STM32Cube_FW_H5_V1.5.1, STM32Cube_FW_H7RS_V1.3.0, STM32Cube_FW_H7_V1.12.1, STM32Cube_FW_L0_V1.12.2, STM32Cube_FW_L4_V1.18.1, STM32Cube_FW_L5_V1.6.0, STM32Cube_FW_N6_V1.3.0, STM32Cube_FW_U0_V1.3.0, STM32Cube_FW_U3_V1.2.1, STM32Cube_FW_U5_V1.8.0, STM32Cube_FW_WB0_V1.4.0, STM32Cube_FW_WBA_V1.8.0, STM32Cube_FW_WB_V1.24.0, STM32Cube_FW_WL3_V1.3.0, STM32Cube_FW_WL_V1.4.0, X-CUBE-ALGOBUILD_V1.4.0, X-CUBE-ALS_V1.0.2, X-CUBE-AZRTOS-F4_V1.1.0, X-CUBE-AZRTOS-F7_V1.1.0, X-CUBE-AZRTOS-G0_V1.1.0, X-CUBE-AZRTOS-G4_V2.0.0, X-CUBE-AZRTOS-H7RS_V1.1.0, X-CUBE-AZRTOS-H7_V3.4.0, X-CUBE-AZRTOS-L4_V2.0.0, X-CUBE-AZRTOS-L5_V2.0.0, X-CUBE-AZRTOS-WB_V2.0.0, X-CUBE-AZRTOS-WL_V2.0.0, X-CUBE-BLE1_V7.1.0, X-CUBE-BLE2_V3.3.0, X-CUBE-BLEMGR_V4.1.0, X-CUBE-EEPRMA1_V5.2.0, X-CUBE-FREERTOS_V1.3.1, X-CUBE-GNSS1_V6.0.0, X-CUBE-MEMS1_V11.3.0, X-CUBE-NFC4_V3.0.0, X-CUBE-NFC7_V2.0.0, X-CUBE-SFXS2LP1_V4.0.0, X-CUBE-ST67W61_V1.1.0, X-CUBE-SUBG2_V5.0.0, X-CUBE-TOF1_V3.4.3]
2026-01-10 12:49:48,373 [INFO] ApiDb:240 - Found 858 in-development CPN: [B-G473E-ZEST1S, B-WB1M-WPAN1, B-WBA5M-WPAN, B-WL5M-SUBG1, NUCLEO-C031C6, NUCLEO-C051C8, NUCLEO-C071RB, NUCLEO-C092RC, NUCLEO-H503RB, NUCLEO-H533RE, NUCLEO-H563ZI, NUCLEO-H7S3L8, NUCLEO-N657X0-Q, NUCLEO-U031R8, NUCLEO-U083RC, NUCLEO-U385RG-Q, NUCLEO-U545RE-Q, NUCLEO-U5A5ZJ-Q, NUCLEO-WB05KZ, NUCLEO-WB07CC, NUCLEO-WB09KE, NUCLEO-WBA52CG, NUCLEO-WBA55CG, NUCLEO-WL33CC1, NUCLEO-WL33CC2, STEVAL-PROTEUS1, STEVAL-SMARTAG2, STEVAL-STWINBX1, STM320518-EVAL, STM32C0116-DK, STM32C011D6Y3TR, STM32C011D6Y6TR, STM32C011F4P3, STM32C011F4P6, STM32C011F4U3, STM32C011F4U6TR, STM32C011F6P3, STM32C011F6P6, STM32C011F6U3, STM32C011F6U6TR, STM32C011J4M3, STM32C011J4M6, STM32C011J6M3, STM32C011J6M6, STM32C0316-DK, STM32C031C4T3, STM32C031C4T6, STM32C031C4U3, STM32C031C4U6, STM32C031C6T3, STM32C031C6T6, STM32C031C6U3, STM32C031C6U6, STM32C031F4P3, STM32C031F4P6, STM32C031F6P3, STM32C031F6P6, STM32C031G4U3, STM32C031G4U6, STM32C031G6U3, STM32C031G6U6, STM32C031K4T3, STM32C031K4T6, STM32C031K4U3, STM32C031K4U6, STM32C031K6T3, STM32C031K6T6, STM32C031K6U3, STM32C031K6U6, STM32C051C6T6, STM32C051C6U6, STM32C051C8T6, STM32C051C8U6, STM32C051D8Y6TR, STM32C051F6P6, STM32C051F8P6, STM32C051G6U6, STM32C051G8U6, STM32C051K6T6, STM32C051K6U6, STM32C051K8T6, STM32C071C8T6, STM32C071C8T6N, STM32C071C8U6, STM32C071C8U6N, STM32C071CBT6, STM32C071CBT6N, STM32C071CBU6, STM32C071CBU6N, STM32C071F8P6, STM32C071F8P6N, STM32C071FBP6, STM32C071FBP6N, STM32C071FBY6TR, STM32C071G8U6, STM32C071G8U6N, STM32C071GBU6, STM32C071GBU6N, STM32C071K8T6, STM32C071K8T6N, STM32C071K8U6, STM32C071K8U6N, STM32C071KBT6, STM32C071KBT6N, STM32C071KBU6, STM32C071KBU6N, STM32C071R8T6, STM32C071R8T6N, STM32C071RBI6N, STM32C071RBT6, STM32C071RBT6N, STM32C091CBT6, STM32C091CBU6, STM32C091CCT6, STM32C091CCU6, STM32C091ECY6TR, STM32C091FBP6, STM32C091FCP6, STM32C091GBU6, STM32C091GCU6, STM32C091KBT6, STM32C091KBU6, STM32C091KCT6, STM32C091KCU6, STM32C091RBT6, STM32C091RCI6, STM32C091RCT6, STM32C092CBT6, STM32C092CBU6, STM32C092CCT6, STM32C092CCU6, STM32C092ECY6TR, STM32C092FBP6, STM32C092FCP6, STM32C092GBU6, STM32C092GCU6, STM32C092KBT6, STM32C092KBU6, STM32C092KCT6, STM32C092KCU6, STM32C092RBT6, STM32C092RCI6, STM32C092RCT6, STM32G071K8TXN, STM32G071K8UXN, STM32G081GBU6N, STM32G081KBT6N, STM32G081KBUXN, STM32G0B1CCT6N, STM32G0B1KCT6, STM32G0B1NEY6TR, STM32G0B1RCT6N, STM32G0C1CCT6, STM32G0C1CCT6N, STM32G0C1CCU6N, STM32G0C1CET6N, STM32G0C1CEU6N, STM32G0C1KCT6, STM32G0C1NEY6TR, STM32G0C1RCI6N, STM32G0C1RCT6N, STM32G0C1REI6N, STM32G0C1RET6N, STM32G0C1VCI6, STM32G0C1VEI6, STM32G411C6T3, STM32G411C6T6, STM32G411C6U3, STM32G411C6U6, STM32G411C8T3, STM32G411C8T6, STM32G411C8U3, STM32G411C8U6, STM32G411CBT3, STM32G411CBT6, STM32G411CBU3, STM32G411CBU6, STM32G411CCT3, STM32G411CCT6, STM32G411CCU3, STM32G411CCU6, STM32G411K6T3, STM32G411K6T6, STM32G411K6U3, STM32G411K6U6, STM32G411K8T3, STM32G411K8T6, STM32G411K8U3, STM32G411K8U6, STM32G411KBT3, STM32G411KBT6, STM32G411KBU3, STM32G411KBU6, STM32G411M6T3, STM32G411M6T6, STM32G411M8T3, STM32G411M8T6, STM32G411MBT3, STM32G411MBT6, STM32G411MCT3, STM32G411MCT6, STM32G411R6T3, STM32G411R6T6, STM32G411R8T3, STM32G411R8T6, STM32G411RBT3, STM32G411RBT6, STM32G411RCT3, STM32G411RCT6, STM32G414CBT3, STM32G414CBT6, STM32G414CBU3, STM32G414CBU6, STM32G414CCT3, STM32G414CCT6, STM32G414CCU3, STM32G414CCU6, STM32G414MBT3, STM32G414MBT6, STM32G414MCT3, STM32G414MCT6, STM32G414RBT3, STM32G414RBT6, STM32G414RCT3, STM32G414RCT6, STM32G414VBT3, STM32G414VBT6, STM32G414VCT3, STM32G414VCT6, STM32G431CBT3Z, STM32G431RBT3Z, STM32G471CCT6, STM32G471CCU6, STM32G471CET3, STM32G471CET6, STM32G471CEU3, STM32G471CEU6, STM32G471MCT6, STM32G471MET3, STM32G471MET6, STM32G471MEY6TR, STM32G471QCT6, STM32G471QET3, STM32G471RCT6, STM32G471RET3, STM32G471RET6, STM32G471VCH6, STM32G471VCI6, STM32G471VCT6, STM32G471VEH3, STM32G471VEH6, STM32G471VEI3, STM32G471VEI6, STM32G471VET3, STM32G471VET6, STM32G473QET3Z, STM32G473RET3Z, STM32G474CCT6, STM32G491RET3Z, STM32H503CBT6, STM32H503CBU6, STM32H503EBY6TR, STM32H503KBU6, STM32H503RBT6, STM32H523CCT6, STM32H523CCU6, STM32H523CET6, STM32H523CEU6, STM32H523HEY6TR, STM32H523RCT6, STM32H523RET6, STM32H523VCI6, STM32H523VCT6, STM32H523VEI6, STM32H523VET6, STM32H523ZCJ6, STM32H523ZCT6, STM32H523ZEJ6, STM32H523ZET6, STM32H533CET6, STM32H533CEU6, STM32H533HEY6TR, STM32H533RET6, STM32H533VEI6, STM32H533VET6, STM32H533ZEJ6, STM32H533ZET6, STM32H562AGI6, STM32H562AII6, STM32H562IGK6, STM32H562IGT6, STM32H562IIK6, STM32H562IIT6, STM32H562RGT6, STM32H562RGV6, STM32H562RIT6, STM32H562RIV6, STM32H562VGT6, STM32H562VIT6, STM32H562ZGT6, STM32H562ZIT6, STM32H563AGI6, STM32H563AII3Q, STM32H563AII6, STM32H563IGK6, STM32H563IGT6, STM32H563IIK3Q, STM32H563IIK6, STM32H563IIT3Q, STM32H563IIT6, STM32H563MIY3QTR, STM32H563RGT6, STM32H563RGV6, STM32H563RIT6, STM32H563RIV6, STM32H563VGT6, STM32H563VIT3Q, STM32H563VIT6, STM32H563ZGT6, STM32H563ZIT3Q, STM32H563ZIT6, STM32H573AII3Q, STM32H573AII6, STM32H573I-DK, STM32H573IIK3Q, STM32H573IIK6, STM32H573IIT3Q, STM32H573IIT6, STM32H573MIY3QTR, STM32H573RIT6, STM32H573RIV6, STM32H573VIT3Q, STM32H573VIT6, STM32H573ZIT3Q, STM32H573ZIT6, STM32H7R3A8I6, STM32H7R3I8K6, STM32H7R3I8T6, STM32H7R3L8H6, STM32H7R3L8H6H, STM32H7R3R8V6, STM32H7R3V8H6, STM32H7R3V8T6, STM32H7R3V8Y6TR, STM32H7R3Z8J6, STM32H7R3Z8T6, STM32H7R7A8I6, STM32H7R7I8K6, STM32H7R7I8T6, STM32H7R7L8H6, STM32H7R7L8H6H, STM32H7R7Z8J6, STM32H7S3A8I6, STM32H7S3I8K6, STM32H7S3I8T6, STM32H7S3L8H6, STM32H7S3L8H6H, STM32H7S3R8V6, STM32H7S3V8H6, STM32H7S3V8T6, STM32H7S3V8Y6TR, STM32H7S3Z8J6, STM32H7S3Z8T6, STM32H7S78-DK, STM32H7S7A8I6, STM32H7S7I8K6, STM32H7S7I8T6, STM32H7S7L8H6, STM32H7S7L8H6H, STM32H7S7Z8J6, STM32L4R5QGI6STR, STM32MP131AAE3, STM32MP131AAF3, STM32MP131AAG3, STM32MP131CAE3, STM32MP131CAF3, STM32MP131CAG3, STM32MP131DAE7, STM32MP131DAF7, STM32MP131DAG7, STM32MP131FAE7, STM32MP131FAF7, STM32MP131FAG7, STM32MP133AAE3, STM32MP133AAF3, STM32MP133AAG3, STM32MP133CAE3, STM32MP133CAF3, STM32MP133CAG3, STM32MP133DAE7, STM32MP133DAF7, STM32MP133DAG7, STM32MP133FAE7, STM32MP133FAF7, STM32MP133FAG7, STM32MP135AAE3, STM32MP135AAF3, STM32MP135AAG3, STM32MP135CAE3, STM32MP135CAF3, STM32MP135CAG3, STM32MP135DAE7, STM32MP135DAF7, STM32MP135DAG7, STM32MP135F-DK, STM32MP135FAE7, STM32MP135FAF7, STM32MP135FAF7T, STM32MP135FAF7U, STM32MP135FAG7, STM32MP231AAJ3, STM32MP231AAK3, STM32MP231AAL3, STM32MP231CAJ3, STM32MP231CAK3, STM32MP231CAL3, STM32MP231DAJ3, STM32MP231DAK3, STM32MP231DAL3, STM32MP231FAJ3, STM32MP231FAK3, STM32MP231FAL3, STM32MP233AAJ3, STM32MP233AAK3, STM32MP233AAL3, STM32MP233CAJ3, STM32MP233CAK3, STM32MP233CAL3, STM32MP233DAJ3, STM32MP233DAK3, STM32MP233DAL3, STM32MP233FAJ3, STM32MP233FAK3, STM32MP233FAL3, STM32MP235AAJ3, STM32MP235AAK3, STM32MP235AAL3, STM32MP235CAJ3, STM32MP235CAK3, STM32MP235CAL3, STM32MP235DAJ3, STM32MP235DAK3, STM32MP235DAL3, STM32MP235FAJ3, STM32MP235FAK3, STM32MP235FAL3, STM32MP251AAI3, STM32MP251AAJ3, STM32MP251AAK3, STM32MP251AAL3, STM32MP251CAI3, STM32MP251CAJ3, STM32MP251CAK3, STM32MP251CAL3, STM32MP251DAI3, STM32MP251DAJ3, STM32MP251DAK3, STM32MP251DAL3, STM32MP251FAI3, STM32MP251FAJ3, STM32MP251FAK3, STM32MP251FAL3, STM32MP253AAI3, STM32MP253AAJ3, STM32MP253AAK3, STM32MP253AAL3, STM32MP253CAI3, STM32MP253CAJ3, STM32MP253CAK3, STM32MP253CAL3, STM32MP253DAI3, STM32MP253DAJ3, STM32MP253DAK3, STM32MP253DAL3, STM32MP253FAI3, STM32MP253FAJ3, STM32MP253FAK3, STM32MP253FAL3, STM32MP255AAI3, STM32MP255AAJ3, STM32MP255AAK3, STM32MP255AAL3, STM32MP255CAI3, STM32MP255CAJ3, STM32MP255CAK3, STM32MP255CAL3, STM32MP255DAI3, STM32MP255DAJ3, STM32MP255DAK3, STM32MP255DAL3, STM32MP255FAI3, STM32MP255FAJ3, STM32MP255FAK3, STM32MP255FAL3, STM32MP257AAI3, STM32MP257AAJ3, STM32MP257AAK3, STM32MP257AAL3, STM32MP257CAI3, STM32MP257CAJ3, STM32MP257CAK3, STM32MP257CAL3, STM32MP257DAI3, STM32MP257DAJ3, STM32MP257DAK3, STM32MP257DAL3, STM32MP257F-DK, STM32MP257F-EV1, STM32MP257FAI3, STM32MP257FAJ3, STM32MP257FAK3, STM32MP257FAL3, STM32N645A0H3Q, STM32N645B0H3Q, STM32N645I0H3Q, STM32N645L0H3Q, STM32N645X0H3Q, STM32N645Z0H3Q, STM32N647A0H3Q, STM32N647B0H3Q, STM32N647I0H3Q, STM32N647L0H3Q, STM32N647X0H3Q, STM32N647Z0H3Q, STM32N655A0H3Q, STM32N655B0H3Q, STM32N655I0H3Q, STM32N655L0H3Q, STM32N655X0H3Q, STM32N655Z0H3Q, STM32N6570-DK, STM32N657A0H3Q, STM32N657B0H3Q, STM32N657I0H3Q, STM32N657L0H3Q, STM32N657X0H3Q, STM32N657Z0H3Q, STM32U031C6T6, STM32U031C6U6, STM32U031C8T6, STM32U031C8U6, STM32U031F4P6, STM32U031F6P6, STM32U031F8P6, STM32U031G6Y6TR, STM32U031G8Y6TR, STM32U031K4U6, STM32U031K6U6, STM32U031K8U6, STM32U031R6I6, STM32U031R6T6, STM32U031R8I6, STM32U031R8T6, STM32U073C8T6, STM32U073C8U6, STM32U073CBT6, STM32U073CBU6, STM32U073CCT6, STM32U073CCU6, STM32U073H8Y6TR, STM32U073HBY6TR, STM32U073HCY6TR, STM32U073K8U6, STM32U073KBU6, STM32U073KCU6, STM32U073M8I6, STM32U073M8T6, STM32U073MBI6, STM32U073MBT6, STM32U073MCI6, STM32U073MCT6, STM32U073R8I6, STM32U073R8T6, STM32U073RBI6, STM32U073RBT6, STM32U073RCI6, STM32U073RCT6, STM32U083C-DK, STM32U083CCT6, STM32U083CCU6, STM32U083HCY6TR, STM32U083KCU6, STM32U083MCI6, STM32U083MCT6, STM32U083RCI6, STM32U083RCT6, STM32U375CET6, STM32U375CET6Q, STM32U375CEU6, STM32U375CEU6Q, STM32U375CEY6QTR, STM32U375CGT6, STM32U375CGT6Q, STM32U375CGU6, STM32U375CGU6Q, STM32U375CGY6QTR, STM32U375KEU6, STM32U375KGU6, STM32U375REI6, STM32U375REI6Q, STM32U375RET6, STM32U375RET6Q, STM32U375REY6GTR, STM32U375REY6QTR, STM32U375RGI6, STM32U375RGI6Q, STM32U375RGT6, STM32U375RGT6Q, STM32U375RGY6GTR, STM32U375RGY6QTR, STM32U375VEI6, STM32U375VEI6Q, STM32U375VET6, STM32U375VET6Q, STM32U375VGI6, STM32U375VGI6Q, STM32U375VGT6, STM32U375VGT6Q, STM32U385CGT6, STM32U385CGT6Q, STM32U385CGU6, STM32U385CGU6Q, STM32U385CGY6QTR, STM32U385KGU6, STM32U385RGI6, STM32U385RGI6Q, STM32U385RGT6, STM32U385RGT6Q, STM32U385RGY6GTR, STM32U385RGY6QTR, STM32U385VGI6, STM32U385VGI6Q, STM32U385VGT6, STM32U385VGT6Q, STM32U535CBT6, STM32U535CBT6Q, STM32U535CBU6, STM32U535CBU6Q, STM32U535CCT6, STM32U535CCT6Q, STM32U535CCU6, STM32U535CCU6Q, STM32U535CET6, STM32U535CET6Q, STM32U535CEU6, STM32U535CEU6Q, STM32U535JEY6QTR, STM32U535NCY6QTR, STM32U535NEY6QTR, STM32U535RBI6, STM32U535RBI6Q, STM32U535RBT6, STM32U535RBT6Q, STM32U535RCI6, STM32U535RCI6Q, STM32U535RCT6, STM32U535RCT6Q, STM32U535REI6, STM32U535REI6Q, STM32U535RET6, STM32U535RET6Q, STM32U535VCI6, STM32U535VCI6Q, STM32U535VCT6, STM32U535VCT6Q, STM32U535VEI6, STM32U535VEI6Q, STM32U535VET6, STM32U535VET6Q, STM32U545CET6, STM32U545CET6Q, STM32U545CEU6, STM32U545CEU6Q, STM32U545JEY6QTR, STM32U545NEY6QTR, STM32U545REI6, STM32U545REI6Q, STM32U545RET6, STM32U545RET6Q, STM32U545VEI6, STM32U545VEI6Q, STM32U545VET6, STM32U545VET6Q, STM32U595AIH6, STM32U595AIH6Q, STM32U595AJH6, STM32U595AJH6Q, STM32U595QII6, STM32U595QII6Q, STM32U595QJI6, STM32U595QJI6Q, STM32U595RIT6, STM32U595RIT6Q, STM32U595RJT6, STM32U595RJT6Q, STM32U595VIT6, STM32U595VIT6Q, STM32U595VJT6, STM32U595VJT6Q, STM32U595ZIT6, STM32U595ZIT6Q, STM32U595ZIY6QTR, STM32U595ZJT6, STM32U595ZJT6Q, STM32U595ZJY6QTR, STM32U599BJY6QTR, STM32U599NIH6Q, STM32U599NJH6Q, STM32U599VIT6Q, STM32U599VJT6, STM32U599VJT6Q, STM32U599ZIT6Q, STM32U599ZIY6QTR, STM32U599ZJT6Q, STM32U599ZJY6QTR, STM32U5A5AJH6, STM32U5A5AJH6Q, STM32U5A5QII3Q , STM32U5A5QJI6, STM32U5A5QJI6Q, STM32U5A5RJT6, STM32U5A5RJT6Q, STM32U5A5VJT6, STM32U5A5VJT6Q, STM32U5A5ZJT6, STM32U5A5ZJT6Q, STM32U5A5ZJY6QTR, STM32U5A9BJY6QTR, STM32U5A9J-DK, STM32U5A9NJH6Q, STM32U5A9VJT6Q, STM32U5A9ZJT6Q, STM32U5A9ZJY6QTR, STM32U5F7VIT6, STM32U5F7VIT6Q, STM32U5F7VJT6, STM32U5F7VJT6Q, STM32U5F9BJY6QTR, STM32U5F9NJH6Q, STM32U5F9VIT6Q, STM32U5F9VJT6Q, STM32U5F9ZIJ6QTR, STM32U5F9ZIT6Q, STM32U5F9ZJJ6QTR, STM32U5F9ZJT6Q, STM32U5G7VJT6, STM32U5G7VJT6Q, STM32U5G9BJY6QTR, STM32U5G9J-DK1, STM32U5G9J-DK2, STM32U5G9NJH6Q, STM32U5G9VJT6Q, STM32U5G9ZJJ6QTR, STM32U5G9ZJT6Q, STM32WB05KZV6TR, STM32WB05KZV7TR, STM32WB05TZF6TR, STM32WB05TZF7TR, STM32WB06CCF6TR, STM32WB06CCF7TR, STM32WB06CCV6TR, STM32WB06CCV7TR, STM32WB06KCV6TR, STM32WB06KCV7TR, STM32WB07CCF6TR, STM32WB07CCF7TR, STM32WB07CCV6TR, STM32WB07CCV7TR, STM32WB07KCV6TR, STM32WB07KCV7TR, STM32WB09KEV6TR, STM32WB09KEV7TR, STM32WB09TEF6TR, STM32WB09TEF7TR, STM32WB1MMCH6, STM32WBA50KGU6, STM32WBA50KGU6TR, STM32WBA52CEU6, STM32WBA52CEU6TR, STM32WBA52CEU7, STM32WBA52CEU7TR, STM32WBA52CGU6, STM32WBA52CGU6TR, STM32WBA52CGU6U, STM32WBA52CGU7, STM32WBA52CGU7TR, STM32WBA52KEU6, STM32WBA52KEU6TR, STM32WBA52KGU6, STM32WBA52KGU6TR, STM32WBA54CEU6, STM32WBA54CEU6TR, STM32WBA54CEU7, STM32WBA54CEU7TR, STM32WBA54CGU6, STM32WBA54CGU6TR, STM32WBA54CGU7, STM32WBA54CGU7TR, STM32WBA54KEU6, STM32WBA54KEU6TR, STM32WBA54KEU7, STM32WBA54KEU7TR, STM32WBA54KGU6, STM32WBA54KGU6TR, STM32WBA54KGU7, STM32WBA54KGU7TR, STM32WBA55CEU6, STM32WBA55CEU6TR, STM32WBA55CEU7, STM32WBA55CEU7TR, STM32WBA55CGU6, STM32WBA55CGU6TR, STM32WBA55CGU6U, STM32WBA55CGU7, STM32WBA55CGU7TR, STM32WBA55G-DK1, STM32WBA55HEF6, STM32WBA55HEF7, STM32WBA55HGF6, STM32WBA55HGF7, STM32WBA55UEI6, STM32WBA55UEI6TR, STM32WBA55UEI7, STM32WBA55UEI7TR, STM32WBA55UGI6, STM32WBA55UGI6TR, STM32WBA55UGI7, STM32WBA55UGI7TR, STM32WBA5MJGH6TR, STM32WBA5MJGH6U, STM32WL33C8V6, STM32WL33C8V6TR, STM32WL33C8V7, STM32WL33C8V7TR, STM32WL33CBV6, STM32WL33CBV6TR, STM32WL33CBV7, STM32WL33CBV7TR, STM32WL33CCV6, STM32WL33CCV6TR, STM32WL33CCV7, STM32WL33CCV7A, STM32WL33CCV7ATR, STM32WL33CCV7TR, STM32WL33K8V6, STM32WL33K8V6TR, STM32WL33K8V7, STM32WL33K8V7TR, STM32WL33KBV6, STM32WL33KBV6TR, STM32WL33KBV7, STM32WL33KBV7TR, STM32WL33KCV6, STM32WL33KCV6TR, STM32WL33KCV7, STM32WL33KCV7TR, STM32WL5MOCH6, STM32WL5MOCH6TR]
2026-01-10 12:49:48,378 [INFO] DbMcus:218 - Found 4817 MCUs, 4817 are supported
2026-01-10 12:49:48,379 [INFO] ApiDb:423 - Load user favorites file C:\Users\kamil/.stm32cubeide/favorites.mcus.txt: 1 item(s)
2026-01-10 12:49:48,379 [INFO] ApiDb:427 - User favorites MCUs=[STM32H743IIT6]
2026-01-10 12:49:48,379 [INFO] DbMcus:224 - Set 1 / 1 favorites MCUs
2026-01-10 12:49:48,898 [INFO] BoardInfo:889 - No configuration file found for board NUCLEO-WBA65RI
2026-01-10 12:49:48,899 [INFO] DbBoards:161 - Board is not supported: NUCLEO-WBA65RI
2026-01-10 12:49:48,912 [INFO] BoardInfo:889 - No configuration file found for board P-NUCLEO-WB55
2026-01-10 12:49:48,913 [INFO] DbBoards:161 - Kit is not supported: P-NUCLEO-WB55
2026-01-10 12:49:48,920 [INFO] BoardInfo:889 - No configuration file found for board STEVAL-BFA001V1B
2026-01-10 12:49:48,921 [INFO] DbBoards:161 - Kit is not supported: STEVAL-BFA001V1B
2026-01-10 12:49:48,922 [INFO] BoardInfo:889 - No configuration file found for board STEVAL-BFA001V2B
2026-01-10 12:49:48,923 [INFO] DbBoards:161 - Kit is not supported: STEVAL-BFA001V2B
2026-01-10 12:49:49,134 [INFO] BoardInfo:889 - No configuration file found for board STM32WBA65I-DK1
2026-01-10 12:49:49,135 [INFO] DbBoards:161 - Board is not supported: STM32WBA65I-DK1
2026-01-10 12:49:49,136 [INFO] DbBoards:168 - Found 211 boards, 206 are supported
2026-01-10 12:49:49,136 [INFO] DbBoards:169 - Found 211 boards, 42 of them is supported for  Bsp
2026-01-10 12:49:49,138 [INFO] ApiDb:423 - Load user favorites file C:\Users\kamil/.stm32cubeide/favorites.boards.txt: 1 item(s)
2026-01-10 12:49:49,138 [INFO] ApiDb:427 - User favorites Boards=[NUCLEO-F746ZG]
2026-01-10 12:49:49,139 [INFO] DbBoards:198 - Set 1 / 1 favorites Boards
2026-01-10 12:49:49,221 [INFO] UtilMem:75 - End LoadConfig() Used Memory: 446619256 Bytes (543162368)
2026-01-10 12:49:49,341 [WARN] ThirdParty:833 - waiting for thirdparty lock release [change project]
2026-01-10 12:49:49,341 [INFO] ThirdParty:835 - entering critical section [change project]
2026-01-10 12:49:49,341 [INFO] ThirdParty:1030 - CMSIS Pack Vendor :STMicroelectronics X-CUBE-PM33A1 1.0.0
2026-01-10 12:49:49,341 [INFO] ThirdParty:1030 - CMSIS Pack Vendor :STMicroelectronics USBPD 4.1
2026-01-10 12:49:49,341 [INFO] ThirdParty:1030 - CMSIS Pack Vendor :STMicroelectronics USB_HOST 2.0.0
2026-01-10 12:49:49,341 [INFO] ThirdParty:1030 - CMSIS Pack Vendor :STMicroelectronics FP-SNS-MOTENVWB1 1.4.0
2026-01-10 12:49:49,341 [INFO] ThirdParty:1030 - CMSIS Pack Vendor :STMicroelectronics X-CUBE-AZRTOS-F4 1.1.0
2026-01-10 12:49:49,341 [INFO] ThirdParty:1030 - CMSIS Pack Vendor :STMicroelectronics LIBJPEG 8.0.0
2026-01-10 12:49:49,341 [INFO] ThirdParty:1030 - CMSIS Pack Vendor :STMicroelectronics FP-ATR-ASTRA1 2.0.2
2026-01-10 12:49:49,341 [INFO] ThirdParty:1030 - CMSIS Pack Vendor :STMicroelectronics FP-ATR-ASTRA1 2.0.1
2026-01-10 12:49:49,341 [INFO] ThirdParty:1030 - CMSIS Pack Vendor :STMicroelectronics X-CUBE-SMBUS 2.1.0
2026-01-10 12:49:49,341 [INFO] ThirdParty:1030 - CMSIS Pack Vendor :STMicroelectronics X-CUBE-WB05N 1.1.0
2026-01-10 12:49:49,341 [INFO] ThirdParty:1030 - CMSIS Pack Vendor :STMicroelectronics X-CUBE-ISPU 2.1.0
2026-01-10 12:49:49,341 [INFO] ThirdParty:1030 - CMSIS Pack Vendor :STMicroelectronics X-CUBE-FREERTOS 1.2.0
2026-01-10 12:49:49,341 [INFO] ThirdParty:1030 - CMSIS Pack Vendor :STMicroelectronics X-CUBE-ST60 1.0.0
2026-01-10 12:49:49,341 [INFO] ThirdParty:1030 - CMSIS Pack Vendor :STMicroelectronics X-CUBE-NFC12 1.0.0
2026-01-10 12:49:49,341 [INFO] ThirdParty:1030 - CMSIS Pack Vendor :STMicroelectronics X-CUBE-AZRTOS-F7 1.1.0
2026-01-10 12:49:49,342 [INFO] ThirdParty:1030 - CMSIS Pack Vendor :STMicroelectronics X-CUBE-AZRTOS-L5 2.0.0
2026-01-10 12:49:49,342 [INFO] ThirdParty:1030 - CMSIS Pack Vendor :STMicroelectronics USB_DEVICE 2.0.0
2026-01-10 12:49:49,342 [INFO] ThirdParty:1030 - CMSIS Pack Vendor :STMicroelectronics X-CUBE-NFC6 3.1.0
2026-01-10 12:49:49,342 [INFO] ThirdParty:1030 - CMSIS Pack Vendor :ARM CMSIS 5.7.0
2026-01-10 12:49:49,342 [INFO] ThirdParty:1030 - CMSIS Pack Vendor :STMicroelectronics X-CUBE-MEMS1 11.0.0
2026-01-10 12:49:49,342 [INFO] ThirdParty:1030 - CMSIS Pack Vendor :STMicroelectronics FreeRTOS 0.0.1
2026-01-10 12:49:49,342 [INFO] ThirdParty:1030 - CMSIS Pack Vendor :STMicroelectronics X-CUBE-DPower 1.2.0
2026-01-10 12:49:49,342 [INFO] ThirdParty:1030 - CMSIS Pack Vendor :STMicroelectronics FP-SNS-FLIGHT1 5.0.2
2026-01-10 12:49:49,342 [INFO] ThirdParty:1030 - CMSIS Pack Vendor :STMicroelectronics PDM2PCM 3.3.0
2026-01-10 12:49:49,342 [INFO] ThirdParty:1030 - CMSIS Pack Vendor :STMicroelectronics X-CUBE-AZRTOS-H7 3.4.0
2026-01-10 12:49:49,342 [INFO] ThirdParty:1030 - CMSIS Pack Vendor :STMicroelectronics X-CUBE-DISPLAY 3.0.0
2026-01-10 12:49:49,342 [INFO] ThirdParty:1030 - CMSIS Pack Vendor :STMicroelectronics X-CUBE-BLE1 7.0.0
2026-01-10 12:49:49,342 [INFO] ThirdParty:1030 - CMSIS Pack Vendor :STMicroelectronics X-CUBE-NFC10 1.0.0
2026-01-10 12:49:49,342 [INFO] ThirdParty:1030 - CMSIS Pack Vendor :STMicroelectronics X-CUBE-BLEMGR 4.0.0
2026-01-10 12:49:49,342 [INFO] ThirdParty:1030 - CMSIS Pack Vendor :STMicroelectronics X-CUBE-FREERTOS 1.3.1
2026-01-10 12:49:49,342 [INFO] ThirdParty:1030 - CMSIS Pack Vendor :STMicroelectronics HAL Drivers 0.0.0
2026-01-10 12:49:49,342 [INFO] ThirdParty:1030 - CMSIS Pack Vendor :STMicroelectronics X-CUBE-ST60 1.1.0
2026-01-10 12:49:49,342 [INFO] ThirdParty:1030 - CMSIS Pack Vendor :emotas I-CUBE-CANOPEN 1.3.0
2026-01-10 12:49:49,342 [INFO] ThirdParty:1030 - CMSIS Pack Vendor :STMicroelectronics X-CUBE-FREERTOS 1.3.0
2026-01-10 12:49:49,342 [INFO] ThirdParty:1030 - CMSIS Pack Vendor :STMicroelectronics X-CUBE-NFC7 1.0.1
2026-01-10 12:49:49,342 [INFO] ThirdParty:1030 - CMSIS Pack Vendor :STMicroelectronics MBEDTLS 2.14.1
2026-01-10 12:49:49,342 [INFO] ThirdParty:1030 - CMSIS Pack Vendor :STMicroelectronics X-CUBE-GNSS1 7.1.0
2026-01-10 12:49:49,342 [INFO] ThirdParty:1030 - CMSIS Pack Vendor :STMicroelectronics X-CUBE-TOUCHGFX 4.26.0
2026-01-10 12:49:49,342 [INFO] ThirdParty:1030 - CMSIS Pack Vendor :STMicroelectronics X-CUBE-BLEMGR 3.1.0
2026-01-10 12:49:49,342 [INFO] ThirdParty:1030 - CMSIS Pack Vendor :STMicroelectronics X-CUBE-AI 10.0.0
2026-01-10 12:49:49,342 [INFO] ThirdParty:1030 - CMSIS Pack Vendor :STMicroelectronics FP-SNS-STAIOTCFT 1.0.0
2026-01-10 12:49:49,342 [INFO] ThirdParty:1030 - CMSIS Pack Vendor :STMicroelectronics FP-SNS-SMARTAG2 1.2.0
2026-01-10 12:49:49,342 [INFO] ThirdParty:1030 - CMSIS Pack Vendor :STMicroelectronics FP-SNS-FLIGHT1 5.1.0
2026-01-10 12:49:49,342 [INFO] ThirdParty:1030 - CMSIS Pack Vendor :STMicroelectronics X-CUBE-MEMS1 11.1.0
2026-01-10 12:49:49,342 [INFO] ThirdParty:1030 - CMSIS Pack Vendor :STMicroelectronics X-CUBE-AZRTOS-WL 2.0.0
2026-01-10 12:49:49,342 [INFO] ThirdParty:1030 - CMSIS Pack Vendor :STMicroelectronics X-CUBE-DPower 1.3.0
2026-01-10 12:49:49,342 [INFO] ThirdParty:1030 - CMSIS Pack Vendor :STMicroelectronics FP-SNS-MOTENV1 5.0.0
2026-01-10 12:49:49,342 [INFO] ThirdParty:1030 - CMSIS Pack Vendor :STMicroelectronics USB_DEVICE 1.0.0
2026-01-10 12:49:49,342 [INFO] ThirdParty:1030 - CMSIS Pack Vendor :STMicroelectronics X-CUBE-AZRTOS-H7RS 1.2.0
2026-01-10 12:49:49,342 [INFO] ThirdParty:1030 - CMSIS Pack Vendor :wolfSSL I-CUBE-wolfMQTT 1.19.0
2026-01-10 12:49:49,342 [INFO] ThirdParty:1030 - CMSIS Pack Vendor :STMicroelectronics X-CUBE-AZRTOS-L4 2.0.0
2026-01-10 12:49:49,342 [INFO] ThirdParty:1030 - CMSIS Pack Vendor :STMicroelectronics ThreadX 0.0.2
2026-01-10 12:49:49,342 [INFO] ThirdParty:1030 - CMSIS Pack Vendor :WES I-CUBE-Cesium 1.3.0
2026-01-10 12:49:49,342 [INFO] ThirdParty:1030 - CMSIS Pack Vendor :STMicroelectronics lwIP 2.1.2
2026-01-10 12:49:49,342 [INFO] ThirdParty:1030 - CMSIS Pack Vendor :STMicroelectronics X-CUBE-SFXS2LP1 4.0.0
2026-01-10 12:49:49,342 [INFO] ThirdParty:1030 - CMSIS Pack Vendor :STMicroelectronics X-CUBE-BLE2 3.3.0
2026-01-10 12:49:49,342 [INFO] ThirdParty:1030 - CMSIS Pack Vendor :Avnet-IOTCONNECT X-CUBE-iotc-st67-sdk 1.0.0
2026-01-10 12:49:49,342 [INFO] ThirdParty:1030 - CMSIS Pack Vendor :STMicroelectronics PDM2PCM 3.2.0
2026-01-10 12:49:49,342 [INFO] ThirdParty:1030 - CMSIS Pack Vendor :STMicroelectronics X-CUBE-AZRTOS-H7 3.3.0
2026-01-10 12:49:49,342 [INFO] ThirdParty:1030 - CMSIS Pack Vendor :STMicroelectronics X-CUBE-NFC9 1.0.0
2026-01-10 12:49:49,343 [INFO] ThirdParty:1030 - CMSIS Pack Vendor :STMicroelectronics X-CUBE-BLE1 7.1.0
2026-01-10 12:49:49,343 [INFO] ThirdParty:1030 - CMSIS Pack Vendor :STMicroelectronics USB_DEVICE 3.0.0
2026-01-10 12:49:49,343 [INFO] ThirdParty:1030 - CMSIS Pack Vendor :STMicroelectronics X-CUBE-TCPP 4.1.0
2026-01-10 12:49:49,343 [INFO] ThirdParty:1030 - CMSIS Pack Vendor :STMicroelectronics X-CUBE-EEPRMA1 5.2.0
2026-01-10 12:49:49,343 [INFO] ThirdParty:1030 - CMSIS Pack Vendor :STMicroelectronics X-CUBE-BLEMGR 4.1.0
2026-01-10 12:49:49,343 [INFO] ThirdParty:1030 - CMSIS Pack Vendor :STMicroelectronics X-CUBE-IPS 3.0.0
2026-01-10 12:49:49,343 [INFO] ThirdParty:1030 - CMSIS Pack Vendor :STMicroelectronics X-CUBE-AZRTOS-WB 2.0.0
2026-01-10 12:49:49,343 [INFO] ThirdParty:1030 - CMSIS Pack Vendor :STMicroelectronics X-CUBE-GNSS1 7.0.0
2026-01-10 12:49:49,343 [INFO] ThirdParty:1030 - CMSIS Pack Vendor :STMicroelectronics X-CUBE-GNSS1 7.0.1
2026-01-10 12:49:49,343 [INFO] ThirdParty:1030 - CMSIS Pack Vendor :STMicroelectronics X-CUBE-TOUCHGFX 4.25.0
2026-01-10 12:49:49,343 [INFO] ThirdParty:1030 - CMSIS Pack Vendor :STMicroelectronics FP-SNS-STBOX1 2.0.0
2026-01-10 12:49:49,343 [INFO] ThirdParty:1030 - CMSIS Pack Vendor :STMicroelectronics X-CUBE-MEMS1 12.0.0
2026-01-10 12:49:49,343 [INFO] ThirdParty:1030 - CMSIS Pack Vendor :STMicroelectronics X-CUBE-AZRTOS-G0 1.1.0
2026-01-10 12:49:49,343 [INFO] ThirdParty:1030 - CMSIS Pack Vendor :STMicroelectronics X-CUBE-SAFEA1 1.2.2
2026-01-10 12:49:49,343 [INFO] ThirdParty:1030 - CMSIS Pack Vendor :STMicroelectronics X-CUBE-NFC4 3.0.0
2026-01-10 12:49:49,343 [INFO] ThirdParty:1030 - CMSIS Pack Vendor :STMicroelectronics X-CUBE-SUBG2 5.0.0
2026-01-10 12:49:49,343 [INFO] ThirdParty:1030 - CMSIS Pack Vendor :STMicroelectronics X-CUBE-AZRTOS-H7RS 1.1.0
2026-01-10 12:49:49,343 [INFO] ThirdParty:1030 - CMSIS Pack Vendor :STMicroelectronics STM32_WPAN 1.0.0
2026-01-10 12:49:49,343 [INFO] ThirdParty:1030 - CMSIS Pack Vendor :EmbeddedOffice I-CUBE-FS-RTOS 1.0.1
2026-01-10 12:49:49,343 [INFO] ThirdParty:1030 - CMSIS Pack Vendor :STMicroelectronics lwIP 2.0.3
2026-01-10 12:49:49,343 [INFO] ThirdParty:1030 - CMSIS Pack Vendor :Cesanta I-CUBE-Mongoose 7.13.0
2026-01-10 12:49:49,343 [INFO] ThirdParty:1030 - CMSIS Pack Vendor :STMicroelectronics USB_HOST 1.0.0
2026-01-10 12:49:49,343 [INFO] ThirdParty:1030 - CMSIS Pack Vendor :STMicroelectronics X-CUBE-AZRTOS-G4 2.0.0
2026-01-10 12:49:49,343 [INFO] ThirdParty:1030 - CMSIS Pack Vendor :STMicroelectronics X-CUBE-WB05N 2.0.0
2026-01-10 12:49:49,343 [INFO] ThirdParty:1030 - CMSIS Pack Vendor :STMicroelectronics PDM2PCM 3.1.0
2026-01-10 12:49:49,343 [INFO] ThirdParty:1030 - CMSIS Pack Vendor :STMicroelectronics X-CUBE-NFC7 2.0.0
2026-01-10 12:49:49,343 [INFO] ThirdParty:1030 - CMSIS Pack Vendor :STMicroelectronics X-CUBE-TCPP 4.2.0
2026-01-10 12:49:49,343 [INFO] ThirdParty:1030 - CMSIS Pack Vendor :RealThread X-CUBE-RT-Thread_Nano 4.1.1
2026-01-10 12:49:49,343 [INFO] ThirdParty:1030 - CMSIS Pack Vendor :STMicroelectronics FP-ATR-SIGFOX1 3.2.0
2026-01-10 12:49:49,344 [INFO] ThirdParty:1030 - CMSIS Pack Vendor :wolfSSL I-CUBE-wolfSSL 5.7.2
2026-01-10 12:49:49,344 [INFO] ThirdParty:1030 - CMSIS Pack Vendor :quantropi X-CUBE-qispace-sdk-base 1.9.3
2026-01-10 12:49:49,344 [INFO] ThirdParty:1030 - CMSIS Pack Vendor :STMicroelectronics X-CUBE-EEPRMA1 5.1.0
2026-01-10 12:49:49,344 [INFO] ThirdParty:1030 - CMSIS Pack Vendor :STMicroelectronics MBEDTLS 2.16.2
2026-01-10 12:49:49,344 [INFO] ThirdParty:1030 - CMSIS Pack Vendor :STMicroelectronics X-CUBE-IPS 3.1.0
2026-01-10 12:49:49,344 [INFO] ThirdParty:1030 - CMSIS Pack Vendor :STMicroelectronics X-CUBE-ALS 1.0.2
2026-01-10 12:49:49,344 [INFO] ThirdParty:1030 - CMSIS Pack Vendor :ITTIA_DB I-CUBE-ITTIADB 8.9.0
2026-01-10 12:49:49,344 [INFO] ThirdParty:1030 - CMSIS Pack Vendor :STMicroelectronics X-CUBE-TOUCHGFX 4.24.1
2026-01-10 12:49:49,344 [INFO] ThirdParty:1030 - CMSIS Pack Vendor :STMicroelectronics X-CUBE-STSE01 1.0.0
2026-01-10 12:49:49,344 [INFO] ThirdParty:1030 - CMSIS Pack Vendor :wolfSSL I-CUBE-wolfTPM 3.4.0
2026-01-10 12:49:49,344 [INFO] ThirdParty:1030 - CMSIS Pack Vendor :portGmbH I-Cube-SoM-uGOAL 1.1.0
2026-01-10 12:49:49,344 [INFO] ThirdParty:1030 - CMSIS Pack Vendor :STMicroelectronics X-CUBE-ST67W61 1.0.0
2026-01-10 12:49:49,344 [INFO] ThirdParty:1030 - CMSIS Pack Vendor :STMicroelectronics X-CUBE-AI 10.2.0
2026-01-10 12:49:49,344 [INFO] ThirdParty:1030 - CMSIS Pack Vendor :STMicroelectronics ThreadX 1.0.0
2026-01-10 12:49:49,344 [INFO] ThirdParty:1030 - CMSIS Pack Vendor :SEGGER I-CUBE-embOS 1.3.1
2026-01-10 12:49:49,344 [INFO] ThirdParty:1030 - CMSIS Pack Vendor :STMicroelectronics X-CUBE-ALGOBUILD 1.4.0
2026-01-10 12:49:49,344 [INFO] ThirdParty:1030 - CMSIS Pack Vendor :STMicroelectronics X-CUBE-MEMS1 11.3.0
2026-01-10 12:49:49,344 [INFO] ThirdParty:1030 - CMSIS Pack Vendor :STMicroelectronics X-CUBE-AZRTOS-H7RS 1.0.0
2026-01-10 12:49:49,344 [INFO] ThirdParty:1030 - CMSIS Pack Vendor :STMicroelectronics FP-ATR-ASTRA1 2.0.0
2026-01-10 12:49:49,344 [INFO] ThirdParty:1030 - CMSIS Pack Vendor :STMicroelectronics X-CUBE-TOF1 3.4.2
2026-01-10 12:49:49,344 [INFO] ThirdParty:1030 - CMSIS Pack Vendor :STMicroelectronics X-CUBE-TOF1 3.4.3
2026-01-10 12:49:49,344 [INFO] ThirdParty:1030 - CMSIS Pack Vendor :STMicroelectronics X-CUBE-AI 9.1.0
2026-01-10 12:49:49,344 [INFO] ThirdParty:1030 - CMSIS Pack Vendor :Infineon AIROC-Wi-Fi-Bluetooth-STM32 1.6.1
2026-01-10 12:49:49,344 [INFO] ThirdParty:1030 - CMSIS Pack Vendor :wolfSSL I-CUBE-wolfSSH 1.4.17
2026-01-10 12:49:49,344 [INFO] ThirdParty:841 - exiting critical section [change project]
2026-01-10 12:49:49,896 [INFO] PinOutPanel:1589 - setPackage(No Configuration,No Configuration)
2026-01-10 12:49:49,900 [INFO] PinOutPanel:1589 - setPackage(STM32H743IITx,LQFP176)
2026-01-10 12:49:50,508 [INFO] UtilMem:75 - Before build in PCC Used Memory: 443518320 Bytes (543162368)
2026-01-10 12:49:51,234 [INFO] UtilMem:75 - After build in PCC Used Memory: 285268368 Bytes (547356672)
2026-01-10 12:49:51,288 [INFO] IPUIPlugin:80 - create IPUIPlugin
2026-01-10 12:49:51,288 [INFO] IPUIPlugin:80 - create IPUIPlugin
2026-01-10 12:49:51,288 [INFO] IPUIPlugin:80 - create IPUIPlugin
2026-01-10 12:49:51,288 [INFO] IPUIPlugin:80 - create IPUIPlugin
2026-01-10 12:49:51,288 [INFO] IPUIPlugin:80 - create IPUIPlugin
2026-01-10 12:49:51,288 [INFO] IPUIPlugin:80 - create IPUIPlugin
2026-01-10 12:49:51,288 [INFO] IPUIPlugin:80 - create IPUIPlugin
2026-01-10 12:49:51,288 [INFO] IPUIPlugin:80 - create IPUIPlugin
2026-01-10 12:49:51,289 [INFO] IPUIPlugin:80 - create IPUIPlugin
2026-01-10 12:49:51,289 [INFO] IPUIPlugin:80 - create IPUIPlugin
2026-01-10 12:49:51,289 [INFO] IPUIPlugin:80 - create IPUIPlugin
2026-01-10 12:49:51,289 [INFO] IPUIPlugin:80 - create IPUIPlugin
2026-01-10 12:49:51,289 [INFO] IPUIPlugin:80 - create IPUIPlugin
2026-01-10 12:49:51,289 [INFO] IPUIPlugin:80 - create IPUIPlugin
2026-01-10 12:49:51,289 [INFO] IPUIPlugin:80 - create IPUIPlugin
2026-01-10 12:49:51,289 [INFO] IPUIPlugin:80 - create IPUIPlugin
2026-01-10 12:49:51,289 [INFO] IPUIPlugin:80 - create IPUIPlugin
2026-01-10 12:49:51,289 [INFO] IPUIPlugin:80 - create IPUIPlugin
2026-01-10 12:49:51,289 [INFO] IPUIPlugin:80 - create IPUIPlugin
2026-01-10 12:49:51,289 [INFO] IPUIPlugin:80 - create IPUIPlugin
2026-01-10 12:49:51,289 [INFO] IPUIPlugin:80 - create IPUIPlugin
2026-01-10 12:49:51,289 [INFO] IPUIPlugin:80 - create IPUIPlugin
2026-01-10 12:49:51,290 [INFO] IPUIPlugin:80 - create IPUIPlugin
2026-01-10 12:49:51,290 [INFO] IPUIPlugin:80 - create IPUIPlugin
2026-01-10 12:49:51,290 [INFO] IPUIPlugin:80 - create IPUIPlugin
2026-01-10 12:49:51,290 [INFO] IPUIPlugin:80 - create IPUIPlugin
2026-01-10 12:49:51,290 [INFO] IPUIPlugin:80 - create IPUIPlugin
2026-01-10 12:49:51,290 [INFO] IPUIPlugin:80 - create IPUIPlugin
2026-01-10 12:49:51,290 [INFO] IPUIPlugin:80 - create IPUIPlugin
2026-01-10 12:49:51,290 [INFO] IPUIPlugin:80 - create IPUIPlugin
2026-01-10 12:49:51,290 [INFO] IPUIPlugin:80 - create IPUIPlugin
2026-01-10 12:49:51,291 [INFO] IPUIPlugin:80 - create IPUIPlugin
2026-01-10 12:49:51,291 [INFO] IPUIPlugin:80 - create IPUIPlugin
2026-01-10 12:49:51,291 [INFO] IPUIPlugin:80 - create IPUIPlugin
2026-01-10 12:49:51,291 [INFO] IPUIPlugin:80 - create IPUIPlugin
2026-01-10 12:49:51,291 [INFO] IPUIPlugin:80 - create IPUIPlugin
2026-01-10 12:49:51,291 [INFO] IPUIPlugin:80 - create IPUIPlugin
2026-01-10 12:49:51,291 [INFO] IPUIPlugin:80 - create IPUIPlugin
2026-01-10 12:49:51,292 [INFO] IPUIPlugin:80 - create IPUIPlugin
2026-01-10 12:49:51,292 [INFO] IPUIPlugin:80 - create IPUIPlugin
2026-01-10 12:49:51,292 [INFO] IPUIPlugin:80 - create IPUIPlugin
2026-01-10 12:49:51,292 [INFO] IPUIPlugin:80 - create IPUIPlugin
2026-01-10 12:49:51,292 [INFO] IPUIPlugin:80 - create IPUIPlugin
2026-01-10 12:49:51,292 [INFO] IPUIPlugin:80 - create IPUIPlugin
2026-01-10 12:49:51,293 [INFO] IPUIPlugin:80 - create IPUIPlugin
2026-01-10 12:49:51,293 [INFO] IPUIPlugin:80 - create IPUIPlugin
2026-01-10 12:49:51,293 [INFO] IPUIPlugin:80 - create IPUIPlugin
2026-01-10 12:49:51,293 [INFO] IPUIPlugin:80 - create IPUIPlugin
2026-01-10 12:49:51,293 [INFO] IPUIPlugin:80 - create IPUIPlugin
2026-01-10 12:49:51,293 [INFO] IPUIPlugin:80 - create IPUIPlugin
2026-01-10 12:49:51,294 [INFO] IPUIPlugin:80 - create IPUIPlugin
2026-01-10 12:49:51,294 [INFO] IPUIPlugin:80 - create IPUIPlugin
2026-01-10 12:49:51,294 [INFO] IPUIPlugin:80 - create IPUIPlugin
2026-01-10 12:49:51,294 [INFO] IPUIPlugin:80 - create IPUIPlugin
2026-01-10 12:49:51,294 [INFO] IPUIPlugin:80 - create IPUIPlugin
2026-01-10 12:49:51,294 [INFO] IPUIPlugin:80 - create IPUIPlugin
2026-01-10 12:49:51,295 [INFO] IPUIPlugin:80 - create IPUIPlugin
2026-01-10 12:49:51,295 [INFO] IPUIPlugin:80 - create IPUIPlugin
2026-01-10 12:49:51,295 [INFO] IPUIPlugin:80 - create IPUIPlugin
2026-01-10 12:49:51,295 [INFO] IPUIPlugin:80 - create IPUIPlugin
2026-01-10 12:49:51,295 [INFO] IPUIPlugin:80 - create IPUIPlugin
2026-01-10 12:49:51,296 [INFO] IPUIPlugin:80 - create IPUIPlugin
2026-01-10 12:49:51,296 [INFO] IPUIPlugin:80 - create IPUIPlugin
2026-01-10 12:49:51,296 [INFO] IPUIPlugin:80 - create IPUIPlugin
2026-01-10 12:49:51,297 [INFO] IPUIPlugin:80 - create IPUIPlugin
2026-01-10 12:49:51,297 [INFO] IPUIPlugin:80 - create IPUIPlugin
2026-01-10 12:49:51,297 [INFO] IPUIPlugin:80 - create IPUIPlugin
2026-01-10 12:49:51,297 [INFO] IPUIPlugin:80 - create IPUIPlugin
2026-01-10 12:49:51,297 [INFO] IPUIPlugin:80 - create IPUIPlugin
2026-01-10 12:49:51,298 [INFO] IPUIPlugin:80 - create IPUIPlugin
2026-01-10 12:49:51,298 [INFO] IPUIPlugin:80 - create IPUIPlugin
2026-01-10 12:49:51,298 [INFO] IPUIPlugin:80 - create IPUIPlugin
2026-01-10 12:49:51,298 [INFO] IPUIPlugin:80 - create IPUIPlugin
2026-01-10 12:49:51,299 [INFO] IPUIPlugin:80 - create IPUIPlugin
2026-01-10 12:49:51,299 [INFO] IPUIPlugin:80 - create IPUIPlugin
2026-01-10 12:49:51,299 [INFO] IPUIPlugin:80 - create IPUIPlugin
2026-01-10 12:49:51,299 [INFO] IPUIPlugin:80 - create IPUIPlugin
2026-01-10 12:49:51,299 [INFO] IPUIPlugin:80 - create IPUIPlugin
2026-01-10 12:49:51,300 [INFO] IPUIPlugin:80 - create IPUIPlugin
2026-01-10 12:49:51,300 [INFO] IPUIPlugin:80 - create IPUIPlugin
2026-01-10 12:49:51,300 [INFO] IPUIPlugin:80 - create IPUIPlugin
2026-01-10 12:49:51,300 [INFO] IPUIPlugin:80 - create IPUIPlugin
2026-01-10 12:49:51,301 [INFO] IPUIPlugin:80 - create IPUIPlugin
2026-01-10 12:49:51,301 [INFO] IPUIPlugin:80 - create IPUIPlugin
2026-01-10 12:49:51,301 [INFO] IPUIPlugin:80 - create IPUIPlugin
2026-01-10 12:49:51,301 [INFO] IPUIPlugin:80 - create IPUIPlugin
2026-01-10 12:49:51,302 [INFO] IPUIPlugin:80 - create IPUIPlugin
2026-01-10 12:49:51,302 [INFO] IPUIPlugin:80 - create IPUIPlugin
2026-01-10 12:49:51,302 [INFO] IPUIPlugin:80 - create IPUIPlugin
2026-01-10 12:49:51,303 [INFO] IPUIPlugin:80 - create IPUIPlugin
2026-01-10 12:49:51,303 [INFO] IPUIPlugin:80 - create IPUIPlugin
2026-01-10 12:49:51,303 [INFO] IPUIPlugin:80 - create IPUIPlugin
2026-01-10 12:49:51,304 [INFO] IPUIPlugin:80 - create IPUIPlugin
2026-01-10 12:49:51,304 [INFO] IPUIPlugin:80 - create IPUIPlugin
2026-01-10 12:49:51,304 [INFO] IPUIPlugin:80 - create IPUIPlugin
2026-01-10 12:49:51,305 [INFO] IPUIPlugin:80 - create IPUIPlugin
2026-01-10 12:49:51,305 [INFO] IPUIPlugin:80 - create IPUIPlugin
2026-01-10 12:49:51,305 [INFO] IPUIPlugin:80 - create IPUIPlugin
2026-01-10 12:49:51,375 [INFO] ApiDbMcu:508 - Load IP Config File for PDM2PCM
2026-01-10 12:49:51,382 [WARN] IP:2251 - ClockDivider not found: check if there is a RefParameter without a condition.
2026-01-10 12:49:51,382 [WARN] IP:2251 - ClockDividerCCU not found: check if there is a RefParameter without a condition.
2026-01-10 12:49:51,382 [WARN] IP:2251 - MinOscClkPeriodsCCU not found: check if there is a RefParameter without a condition.
2026-01-10 12:49:51,382 [WARN] IP:2251 - TimeQuantaPerBitTimeCCU not found: check if there is a RefParameter without a condition.
2026-01-10 12:49:51,382 [WARN] IP:2251 - WatchdogStartValueCCU not found: check if there is a RefParameter without a condition.
2026-01-10 12:49:51,388 [INFO] LogOutputStream:77 - [STDOUT_REDIRECT] Nominal 
2026-01-10 12:49:51,388 [INFO] Can:71 - Can Add PropertyChangeListener com.st.microxplorer.plugins.ip.can.Can@383555bd
2026-01-10 12:49:51,609 [INFO] CADModel:165 - CPN selected for project levelSTM32H743IIT6
2026-01-10 12:49:51,609 [INFO] CADModel:114 - Register for checkConnection events
2026-01-10 12:49:51,663 [INFO] OpenFileManager:363 - Restore cursor
2026-01-10 12:49:51,801 [WARN] IP:2251 - LayerIdx_L1 not found: check if there is a RefParameter without a condition.
2026-01-10 12:49:51,946 [WARN] IP:2251 - ClockDivider not found: check if there is a RefParameter without a condition.
2026-01-10 12:49:51,947 [WARN] IP:2251 - ClockDividerCCU not found: check if there is a RefParameter without a condition.
2026-01-10 12:49:51,947 [WARN] IP:2251 - MinOscClkPeriodsCCU not found: check if there is a RefParameter without a condition.
2026-01-10 12:49:51,947 [WARN] IP:2251 - TimeQuantaPerBitTimeCCU not found: check if there is a RefParameter without a condition.
2026-01-10 12:49:51,947 [WARN] IP:2251 - WatchdogStartValueCCU not found: check if there is a RefParameter without a condition.
2026-01-10 13:01:16,375 [INFO] UtilMem:75 - End SaveConfig() Used Memory: 763617344 Bytes (1073741824)
2026-01-10 13:01:17,322 [INFO] BlockDiagram:2766 - set Specific Code input for plugin: LTDC
2026-01-10 13:01:17,322 [INFO] BlockDiagram:2766 - set Specific Code input for plugin: RCC
2026-01-10 13:01:17,322 [INFO] BlockDiagram:2766 - set Specific Code input for plugin: I2C
2026-01-10 13:01:17,322 [INFO] BlockDiagram:2766 - set Specific Code input for plugin: I2C
2026-01-10 13:01:17,322 [INFO] BlockDiagram:2766 - set Specific Code input for plugin: FMC
2026-01-10 13:01:17,322 [INFO] BlockDiagram:2766 - set Specific Code input for plugin: FDCAN
2026-01-10 13:01:17,322 [INFO] BlockDiagram:2766 - set Specific Code input for plugin: QUADSPI
2026-01-10 13:01:17,322 [INFO] BlockDiagram:2766 - set Specific Code input for plugin: MEMORYMAP
2026-01-10 13:01:17,322 [INFO] BlockDiagram:2766 - set Specific Code input for plugin: SYS
2026-01-10 13:01:17,322 [INFO] BlockDiagram:2766 - set Specific Code input for plugin: CRC
2026-01-10 13:01:17,322 [INFO] BlockDiagram:2766 - set Specific Code input for plugin: NVIC
2026-01-10 13:01:17,322 [INFO] BlockDiagram:2766 - set Specific Code input for plugin: DMA2D
2026-01-10 13:01:17,322 [INFO] BlockDiagram:2766 - set Specific Code input for plugin: CORTEX_M7
2026-01-10 13:01:17,322 [INFO] BlockDiagram:2766 - set Specific Code input for plugin: DEBUG
2026-01-10 13:01:17,324 [INFO] BlockDiagram:2766 - set Specific Code input for plugin: GPIO
2026-01-10 13:01:17,325 [INFO] CodeGenerator:896 - code generatio: config db path: C:\ST\STM32CubeIDE_1.17.0\STM32CubeIDE\plugins\com.st.stm32cube.common.mx_6.13.0.202411220809\\db\
2026-01-10 13:01:17,346 [WARN] IP:2251 - ClockDivider not found: check if there is a RefParameter without a condition.
2026-01-10 13:01:17,346 [WARN] IP:2251 - ClockDividerCCU not found: check if there is a RefParameter without a condition.
2026-01-10 13:01:17,347 [WARN] IP:2251 - MinOscClkPeriodsCCU not found: check if there is a RefParameter without a condition.
2026-01-10 13:01:17,347 [WARN] IP:2251 - TimeQuantaPerBitTimeCCU not found: check if there is a RefParameter without a condition.
2026-01-10 13:01:17,347 [WARN] IP:2251 - WatchdogStartValueCCU not found: check if there is a RefParameter without a condition.
2026-01-10 13:01:17,363 [WARN] IP:2251 - LayerIdx_L1 not found: check if there is a RefParameter without a condition.
2026-01-10 13:01:17,640 [INFO] CodeEngine:255 - oldGeneratedFile, C:\Users\kamil\STM32CubeIDE\workspace_1.17.0\STM32H743IIT6-projects\Rower elektryczny\MXTmpFiles\license.tmp_save
2026-01-10 13:01:17,983 [INFO] CodeEngine:279 - Generated code: C:\Users\kamil\STM32CubeIDE\workspace_1.17.0\STM32H743IIT6-projects\Rower elektryczny\MXTmpFiles\license.tmp
2026-01-10 13:01:18,314 [INFO] CodeEngine:255 - oldGeneratedFile, C:\Users\kamil\STM32CubeIDE\workspace_1.17.0\STM32H743IIT6-projects\Rower elektryczny\Core\Src\gpio.c_save
2026-01-10 13:01:18,743 [INFO] CodeEngine:279 - Generated code: C:\Users\kamil\STM32CubeIDE\workspace_1.17.0\STM32H743IIT6-projects\Rower elektryczny\Core\Src\gpio.c
2026-01-10 13:01:18,904 [INFO] CodeEngine:255 - oldGeneratedFile, C:\Users\kamil\STM32CubeIDE\workspace_1.17.0\STM32H743IIT6-projects\Rower elektryczny\Core\Inc\gpio.h_save
2026-01-10 13:01:19,475 [INFO] CodeEngine:279 - Generated code: C:\Users\kamil\STM32CubeIDE\workspace_1.17.0\STM32H743IIT6-projects\Rower elektryczny\Core\Inc\gpio.h
2026-01-10 13:01:20,450 [WARN] IPConfigManager:98 - WARNING: Missing Config File for DEBUG ip!!
2026-01-10 13:01:24,195 [WARN] IPConfigManager:98 - WARNING: Missing Config File for MEMORYMAP ip!!
2026-01-10 13:01:25,396 [INFO] CodeEngine:255 - oldGeneratedFile, C:\Users\kamil\STM32CubeIDE\workspace_1.17.0\STM32H743IIT6-projects\Rower elektryczny\MXTmpFiles\cortex.tmp_save
2026-01-10 13:01:25,798 [INFO] CodeEngine:279 - Generated code: C:\Users\kamil\STM32CubeIDE\workspace_1.17.0\STM32H743IIT6-projects\Rower elektryczny\MXTmpFiles\cortex.tmp
2026-01-10 13:01:25,875 [INFO] CodeEngine:255 - oldGeneratedFile, C:\Users\kamil\STM32CubeIDE\workspace_1.17.0\STM32H743IIT6-projects\Rower elektryczny\Core\Src\crc.c_save
2026-01-10 13:01:26,164 [INFO] CodeEngine:279 - Generated code: C:\Users\kamil\STM32CubeIDE\workspace_1.17.0\STM32H743IIT6-projects\Rower elektryczny\Core\Src\crc.c
2026-01-10 13:01:26,216 [INFO] CodeEngine:255 - oldGeneratedFile, C:\Users\kamil\STM32CubeIDE\workspace_1.17.0\STM32H743IIT6-projects\Rower elektryczny\Core\Inc\crc.h_save
2026-01-10 13:01:26,415 [INFO] CodeEngine:279 - Generated code: C:\Users\kamil\STM32CubeIDE\workspace_1.17.0\STM32H743IIT6-projects\Rower elektryczny\Core\Inc\crc.h
2026-01-10 13:01:26,468 [INFO] CodeEngine:255 - oldGeneratedFile, C:\Users\kamil\STM32CubeIDE\workspace_1.17.0\STM32H743IIT6-projects\Rower elektryczny\Core\Src\dma2d.c_save
2026-01-10 13:01:26,712 [INFO] CodeEngine:279 - Generated code: C:\Users\kamil\STM32CubeIDE\workspace_1.17.0\STM32H743IIT6-projects\Rower elektryczny\Core\Src\dma2d.c
2026-01-10 13:01:26,741 [INFO] CodeEngine:255 - oldGeneratedFile, C:\Users\kamil\STM32CubeIDE\workspace_1.17.0\STM32H743IIT6-projects\Rower elektryczny\Core\Inc\dma2d.h_save
2026-01-10 13:01:26,946 [INFO] CodeEngine:279 - Generated code: C:\Users\kamil\STM32CubeIDE\workspace_1.17.0\STM32H743IIT6-projects\Rower elektryczny\Core\Inc\dma2d.h
2026-01-10 13:01:27,002 [INFO] CodeEngine:255 - oldGeneratedFile, C:\Users\kamil\STM32CubeIDE\workspace_1.17.0\STM32H743IIT6-projects\Rower elektryczny\Core\Src\fdcan.c_save
2026-01-10 13:01:27,251 [INFO] CodeEngine:279 - Generated code: C:\Users\kamil\STM32CubeIDE\workspace_1.17.0\STM32H743IIT6-projects\Rower elektryczny\Core\Src\fdcan.c
2026-01-10 13:01:27,267 [INFO] CodeEngine:255 - oldGeneratedFile, C:\Users\kamil\STM32CubeIDE\workspace_1.17.0\STM32H743IIT6-projects\Rower elektryczny\Core\Inc\fdcan.h_save
2026-01-10 13:01:27,444 [INFO] CodeEngine:279 - Generated code: C:\Users\kamil\STM32CubeIDE\workspace_1.17.0\STM32H743IIT6-projects\Rower elektryczny\Core\Inc\fdcan.h
2026-01-10 13:01:27,512 [INFO] CodeEngine:255 - oldGeneratedFile, C:\Users\kamil\STM32CubeIDE\workspace_1.17.0\STM32H743IIT6-projects\Rower elektryczny\Core\Src\fmc.c_save
2026-01-10 13:01:27,771 [INFO] CodeEngine:279 - Generated code: C:\Users\kamil\STM32CubeIDE\workspace_1.17.0\STM32H743IIT6-projects\Rower elektryczny\Core\Src\fmc.c
2026-01-10 13:01:27,836 [INFO] CodeEngine:255 - oldGeneratedFile, C:\Users\kamil\STM32CubeIDE\workspace_1.17.0\STM32H743IIT6-projects\Rower elektryczny\Core\Inc\fmc.h_save
2026-01-10 13:01:28,019 [INFO] CodeEngine:279 - Generated code: C:\Users\kamil\STM32CubeIDE\workspace_1.17.0\STM32H743IIT6-projects\Rower elektryczny\Core\Inc\fmc.h
2026-01-10 13:01:28,082 [INFO] CodeEngine:255 - oldGeneratedFile, C:\Users\kamil\STM32CubeIDE\workspace_1.17.0\STM32H743IIT6-projects\Rower elektryczny\Core\Src\i2c.c_save
2026-01-10 13:01:28,472 [INFO] CodeEngine:279 - Generated code: C:\Users\kamil\STM32CubeIDE\workspace_1.17.0\STM32H743IIT6-projects\Rower elektryczny\Core\Src\i2c.c
2026-01-10 13:01:28,526 [INFO] CodeEngine:255 - oldGeneratedFile, C:\Users\kamil\STM32CubeIDE\workspace_1.17.0\STM32H743IIT6-projects\Rower elektryczny\Core\Inc\i2c.h_save
2026-01-10 13:01:29,245 [INFO] CodeEngine:279 - Generated code: C:\Users\kamil\STM32CubeIDE\workspace_1.17.0\STM32H743IIT6-projects\Rower elektryczny\Core\Inc\i2c.h
2026-01-10 13:01:29,420 [INFO] CodeEngine:255 - oldGeneratedFile, C:\Users\kamil\STM32CubeIDE\workspace_1.17.0\STM32H743IIT6-projects\Rower elektryczny\Core\Src\ltdc.c_save
2026-01-10 13:01:29,816 [INFO] CodeEngine:279 - Generated code: C:\Users\kamil\STM32CubeIDE\workspace_1.17.0\STM32H743IIT6-projects\Rower elektryczny\Core\Src\ltdc.c
2026-01-10 13:01:29,832 [INFO] CodeEngine:255 - oldGeneratedFile, C:\Users\kamil\STM32CubeIDE\workspace_1.17.0\STM32H743IIT6-projects\Rower elektryczny\Core\Inc\ltdc.h_save
2026-01-10 13:01:30,005 [INFO] CodeEngine:279 - Generated code: C:\Users\kamil\STM32CubeIDE\workspace_1.17.0\STM32H743IIT6-projects\Rower elektryczny\Core\Inc\ltdc.h
2026-01-10 13:01:30,056 [INFO] CodeEngine:255 - oldGeneratedFile, C:\Users\kamil\STM32CubeIDE\workspace_1.17.0\STM32H743IIT6-projects\Rower elektryczny\Core\Src\memorymap.c_save
2026-01-10 13:01:30,263 [INFO] CodeEngine:279 - Generated code: C:\Users\kamil\STM32CubeIDE\workspace_1.17.0\STM32H743IIT6-projects\Rower elektryczny\Core\Src\memorymap.c
2026-01-10 13:01:30,279 [INFO] CodeEngine:255 - oldGeneratedFile, C:\Users\kamil\STM32CubeIDE\workspace_1.17.0\STM32H743IIT6-projects\Rower elektryczny\Core\Inc\memorymap.h_save
2026-01-10 13:01:30,454 [INFO] CodeEngine:279 - Generated code: C:\Users\kamil\STM32CubeIDE\workspace_1.17.0\STM32H743IIT6-projects\Rower elektryczny\Core\Inc\memorymap.h
2026-01-10 13:01:30,508 [INFO] CodeEngine:255 - oldGeneratedFile, C:\Users\kamil\STM32CubeIDE\workspace_1.17.0\STM32H743IIT6-projects\Rower elektryczny\Core\Src\quadspi.c_save
2026-01-10 13:01:30,733 [INFO] CodeEngine:279 - Generated code: C:\Users\kamil\STM32CubeIDE\workspace_1.17.0\STM32H743IIT6-projects\Rower elektryczny\Core\Src\quadspi.c
2026-01-10 13:01:30,751 [INFO] CodeEngine:255 - oldGeneratedFile, C:\Users\kamil\STM32CubeIDE\workspace_1.17.0\STM32H743IIT6-projects\Rower elektryczny\Core\Inc\quadspi.h_save
2026-01-10 13:01:30,939 [INFO] CodeEngine:279 - Generated code: C:\Users\kamil\STM32CubeIDE\workspace_1.17.0\STM32H743IIT6-projects\Rower elektryczny\Core\Inc\quadspi.h
2026-01-10 13:01:31,044 [INFO] CodeEngine:255 - oldGeneratedFile, C:\Users\kamil\STM32CubeIDE\workspace_1.17.0\STM32H743IIT6-projects\Rower elektryczny\Core\Src\stm32h7xx_it.c_save
2026-01-10 13:01:31,309 [INFO] CodeEngine:279 - Generated code: C:\Users\kamil\STM32CubeIDE\workspace_1.17.0\STM32H743IIT6-projects\Rower elektryczny\Core\Src\stm32h7xx_it.c
2026-01-10 13:01:31,365 [INFO] CodeEngine:255 - oldGeneratedFile, C:\Users\kamil\STM32CubeIDE\workspace_1.17.0\STM32H743IIT6-projects\Rower elektryczny\Core\Inc\stm32h7xx_it.h_save
2026-01-10 13:01:31,559 [INFO] CodeEngine:279 - Generated code: C:\Users\kamil\STM32CubeIDE\workspace_1.17.0\STM32H743IIT6-projects\Rower elektryczny\Core\Inc\stm32h7xx_it.h
2026-01-10 13:01:32,333 [INFO] CodeEngine:255 - oldGeneratedFile, C:\Users\kamil\STM32CubeIDE\workspace_1.17.0\STM32H743IIT6-projects\Rower elektryczny\Core\Src\stm32h7xx_hal_msp.c_save
2026-01-10 13:01:32,581 [INFO] CodeEngine:279 - Generated code: C:\Users\kamil\STM32CubeIDE\workspace_1.17.0\STM32H743IIT6-projects\Rower elektryczny\Core\Src\stm32h7xx_hal_msp.c
2026-01-10 13:01:32,616 [INFO] CodeEngine:255 - oldGeneratedFile, C:\Users\kamil\STM32CubeIDE\workspace_1.17.0\STM32H743IIT6-projects\Rower elektryczny\MXTmpFiles\system.tmp_save
2026-01-10 13:01:32,780 [INFO] CodeEngine:279 - Generated code: C:\Users\kamil\STM32CubeIDE\workspace_1.17.0\STM32H743IIT6-projects\Rower elektryczny\MXTmpFiles\system.tmp
2026-01-10 13:01:32,874 [INFO] CodeEngine:311 - oldGeneratedFile, C:\Users\kamil\STM32CubeIDE\workspace_1.17.0\STM32H743IIT6-projects\Rower elektryczny\Core\Inc\stm32h7xx_hal_conf.h_save
2026-01-10 13:01:33,066 [INFO] CodeEngine:335 - Generated code: C:\Users\kamil\STM32CubeIDE\workspace_1.17.0\STM32H743IIT6-projects\Rower elektryczny\Core\Inc\stm32h7xx_hal_conf.h
2026-01-10 13:01:33,195 [INFO] ApiDbMcu:508 - Load IP Config File for CRC
2026-01-10 13:01:33,204 [INFO] ApiDbMcu:508 - Load IP Config File for DMA2D
2026-01-10 13:01:33,214 [INFO] ApiDbMcu:508 - Load IP Config File for FDCAN1
2026-01-10 13:01:33,224 [INFO] ApiDbMcu:508 - Load IP Config File for FMC
2026-01-10 13:01:33,229 [INFO] ApiDbMcu:508 - Load IP Config File for I2C2
2026-01-10 13:01:33,235 [INFO] ApiDbMcu:508 - Load IP Config File for I2C4
2026-01-10 13:01:33,241 [INFO] ApiDbMcu:508 - Load IP Config File for LTDC
2026-01-10 13:01:33,242 [ERROR] ApiDbMcu:464 - Can't load MEMORYMAP-STM32xx root dir null
2026-01-10 13:01:33,242 [ERROR] ApiDbMcu:536 - Cannot parse MEMORYMAP_Config file : file do not exist
2026-01-10 13:01:33,245 [INFO] ApiDbMcu:508 - Load IP Config File for QUADSPI
2026-01-10 13:01:33,252 [INFO] ApiDbMcu:508 - Load IP Config File for RCC
2026-01-10 13:01:33,334 [INFO] CodeEngine:255 - oldGeneratedFile, C:\Users\kamil\STM32CubeIDE\workspace_1.17.0\STM32H743IIT6-projects\Rower elektryczny\Core\Inc\main.h_save
2026-01-10 13:01:33,585 [INFO] CodeEngine:279 - Generated code: C:\Users\kamil\STM32CubeIDE\workspace_1.17.0\STM32H743IIT6-projects\Rower elektryczny\Core\Inc\main.h
2026-01-10 13:01:33,643 [INFO] CodeEngine:255 - oldGeneratedFile, C:\Users\kamil\STM32CubeIDE\workspace_1.17.0\STM32H743IIT6-projects\Rower elektryczny\Core\Src\main.c_save
2026-01-10 13:01:33,977 [INFO] CodeEngine:279 - Generated code: C:\Users\kamil\STM32CubeIDE\workspace_1.17.0\STM32H743IIT6-projects\Rower elektryczny\Core\Src\main.c
2026-01-10 13:01:35,666 [INFO] ProjectBuilder:3289 - Time for Copy HAL[1] : 670mS.
2026-01-10 13:01:35,688 [INFO] ProjectBuilder:4876 - Project Generator version: 4.5.0-RC5
2026-01-10 13:01:35,881 [INFO] ConfigFileManager:1579 - The Die is : DIE450
2026-01-10 13:01:35,942 [INFO] ApiDbMcu:508 - Load IP Config File for FATFS
2026-01-10 13:01:35,969 [INFO] ApiDbMcu:508 - Load IP Config File for FREERTOS
2026-01-10 13:01:36,006 [INFO] ApiDbMcu:508 - Load IP Config File for LIBJPEG
2026-01-10 13:01:36,052 [INFO] ApiDbMcu:508 - Load IP Config File for LWIP
2026-01-10 13:01:36,082 [INFO] ApiDbMcu:508 - Load IP Config File for MBEDTLS
2026-01-10 13:01:36,116 [INFO] ApiDbMcu:508 - Load IP Config File for USB_DEVICE
2026-01-10 13:01:36,141 [INFO] ApiDbMcu:508 - Load IP Config File for USB_HOST
2026-01-10 13:01:37,797 [INFO] LogOutputStream:77 - [STDOUT_REDIRECT] 
2026-01-10 13:01:44,813 [INFO] ProjectBuilder:5154 - Time for Generating toolchain IDE Files: 9123mS.
2026-01-10 13:01:44,816 [INFO] ProjectBuilder:3146 - Time for Copy CMSIS : 2mS.
2026-01-10 13:01:44,856 [INFO] ProjectBuilder:3146 - Time for Copy CMSIS : 0mS.
2026-01-10 13:15:41,747 [INFO] I2cTimingTraitement:330 - 0x00000E14
2026-01-10 13:15:52,084 [INFO] I2cTimingTraitement:330 - 0x00000E14
2026-01-10 13:15:58,804 [INFO] I2cTimingTraitement:330 - 0x00000E14
2026-01-10 13:42:47,614 [INFO] LogOutputStream:77 - [STDOUT_REDIRECT] Nominal 
2026-01-10 13:42:47,708 [INFO] I2cTimingTraitement:330 - 0x00000E14
2026-01-10 13:42:47,738 [INFO] I2cTimingTraitement:330 - 0x00000E14
2026-01-10 13:48:09,643 [INFO] MainUpdater:2872 - connection check result : 10
2026-01-10 13:48:09,645 [INFO] MainUpdater:2872 - connection check result : 10
2026-01-10 13:48:09,780 [INFO] LogOutputStream:77 - [STDOUT_REDIRECT] Nominal 
2026-01-10 13:48:09,852 [INFO] I2cTimingTraitement:330 - 0x00000E14
2026-01-10 13:48:09,914 [INFO] I2cTimingTraitement:330 - 0x00000E14
2026-01-10 13:48:09,933 [INFO] MicroXplorer:468 - Change Database Path : 
2026-01-10 13:48:09,934 [INFO] MicroXplorer:498 - Change Database Version : DB.6.0.130
2026-01-10 13:48:09,994 [ERROR] ProjectManagerView:394 - 
java.lang.NullPointerException: Cannot invoke "javax.swing.JTextField.getText()" because the return value of "java.util.List.get(int)" is null
	at com.st.microxplorer.plugins.projectmanager.gui.ProjectChoiceTab$9.caretUpdate(ProjectChoiceTab.java:2616) ~[filemanager.jar:?]
	at javax.swing.text.JTextComponent.fireCaretUpdate(JTextComponent.java:408) ~[?:?]
	at javax.swing.text.JTextComponent$MutableCaretEvent.fire(JTextComponent.java:4484) ~[?:?]
	at javax.swing.text.JTextComponent$MutableCaretEvent.stateChanged(JTextComponent.java:4506) ~[?:?]
	at javax.swing.text.DefaultCaret.fireStateChanged(DefaultCaret.java:857) ~[?:?]
	at javax.swing.text.DefaultCaret.changeCaretPosition(DefaultCaret.java:1343) ~[?:?]
	at javax.swing.text.DefaultCaret.handleSetDot(DefaultCaret.java:1242) ~[?:?]
	at javax.swing.text.DefaultCaret.setDot(DefaultCaret.java:1223) ~[?:?]
	at javax.swing.text.DefaultCaret$Handler.insertUpdate(DefaultCaret.java:1819) ~[?:?]
	at javax.swing.text.AbstractDocument.fireInsertUpdate(AbstractDocument.java:227) ~[?:?]
	at javax.swing.text.AbstractDocument.handleInsertString(AbstractDocument.java:781) ~[?:?]
	at javax.swing.text.AbstractDocument.insertString(AbstractDocument.java:740) ~[?:?]
	at javax.swing.text.PlainDocument.insertString(PlainDocument.java:131) ~[?:?]
	at javax.swing.text.AbstractDocument.replace(AbstractDocument.java:699) ~[?:?]
	at javax.swing.text.JTextComponent.setText(JTextComponent.java:1725) ~[?:?]
	at com.st.microxplorer.plugins.projectmanager.gui.ProjectChoiceTab.createHeapStackFields(ProjectChoiceTab.java:975) ~[filemanager.jar:?]
	at com.st.microxplorer.plugins.projectmanager.gui.ProjectChoiceTab.buildLinkSettingsPanel(ProjectChoiceTab.java:3666) ~[filemanager.jar:?]
	at com.st.microxplorer.plugins.projectmanager.gui.ProjectChoiceTab.defineWindowsFields(ProjectChoiceTab.java:1934) ~[filemanager.jar:?]
	at com.st.microxplorer.plugins.projectmanager.gui.ProjectChoiceTab.updateSettings(ProjectChoiceTab.java:553) ~[filemanager.jar:?]
	at com.st.microxplorer.plugins.projectmanager.gui.ProjectSettingsPanel.UpdateDialog(ProjectSettingsPanel.java:245) ~[filemanager.jar:?]
	at com.st.microxplorer.plugins.projectmanager.ProjectManagerView.propertyChange(ProjectManagerView.java:391) ~[filemanager.jar:?]
	at java.beans.PropertyChangeSupport.fire(PropertyChangeSupport.java:343) ~[?:?]
	at java.beans.PropertyChangeSupport.firePropertyChange(PropertyChangeSupport.java:335) ~[?:?]
	at java.beans.PropertyChangeSupport.firePropertyChange(PropertyChangeSupport.java:268) ~[?:?]
	at com.st.microxplorer.util.MXPropertyChangeSupport.firePropertyChange(MXPropertyChangeSupport.java:54) ~[STM32CubeMX.jar:?]
	at com.st.microxplorer.mxsystem.MxSystem.closeConfig(MxSystem.java:899) ~[STM32CubeMX.jar:?]
	at com.st.microxplorer.maingui.MainPanel.closeConfig(MainPanel.java:789) ~[STM32CubeMX.jar:?]
	at com.st.microxplorer.plugins.filemanager.engine.OpenFileManager.loadConfigurationFile(OpenFileManager.java:265) ~[filemanager.jar:?]
	at com.st.microxplorer.plugins.filemanager.engine.MainFileManager.userLoadConfig(MainFileManager.java:340) ~[filemanager.jar:?]
	at com.st.microxplorer.plugins.filemanager.engine.MainFileManager.userLoadConfig(MainFileManager.java:318) ~[filemanager.jar:?]
	at com.st.microxplorer.plugins.filemanager.FileManagerView.getSpecificTask(FileManagerView.java:246) ~[filemanager.jar:?]
	at com.st.stm32cube.common.mx.editor.CubeMxEditor.getMxTabbedPaneInstance(CubeMxEditor.java:1198) ~[com.st.stm32cube.common.mx_6.13.0.202411220809/:?]
	at com.st.stm32cube.common.mx.editor.CubeMxEditor$12$1.createSwingComponent(CubeMxEditor.java:1068) ~[com.st.stm32cube.common.mx_6.13.0.202411220809/:?]
	at com.st.stm32cube.common.mx.oss.core.awtswtbridge.EmbeddedSwingComposite.doComponentCreation(EmbeddedSwingComposite.java:492) ~[com.st.stm32cube.common.mx.oss_6.13.0.202411220809/:?]
	at com.st.stm32cube.common.mx.oss.core.awtswtbridge.EmbeddedSwingComposite$4.run(EmbeddedSwingComposite.java:291) ~[com.st.stm32cube.common.mx.oss_6.13.0.202411220809/:?]
	at com.st.stm32cube.common.mx.oss.core.awtswtbridge.AwtEnvironment$2.run(AwtEnvironment.java:166) ~[com.st.stm32cube.common.mx.oss_6.13.0.202411220809/:?]
	at java.awt.event.InvocationEvent.dispatch(InvocationEvent.java:318) ~[?:?]
	at java.awt.EventQueue.dispatchEventImpl(EventQueue.java:773) ~[?:?]
	at java.awt.EventQueue$4.run(EventQueue.java:720) ~[?:?]
	at java.awt.EventQueue$4.run(EventQueue.java:714) ~[?:?]
	at java.security.AccessController.doPrivileged(AccessController.java:400) ~[?:?]
	at java.security.ProtectionDomain$JavaSecurityAccessImpl.doIntersectionPrivilege(ProtectionDomain.java:87) ~[?:?]
	at java.awt.EventQueue.dispatchEvent(EventQueue.java:742) ~[?:?]
	at java.awt.EventDispatchThread.pumpOneEventForFilters(EventDispatchThread.java:203) ~[?:?]
	at java.awt.EventDispatchThread.pumpEventsForFilter(EventDispatchThread.java:124) ~[?:?]
	at java.awt.EventDispatchThread.pumpEventsForHierarchy(EventDispatchThread.java:113) ~[?:?]
	at java.awt.EventDispatchThread.pumpEvents(EventDispatchThread.java:109) ~[?:?]
	at java.awt.EventDispatchThread.pumpEvents(EventDispatchThread.java:101) ~[?:?]
	at java.awt.EventDispatchThread.run(EventDispatchThread.java:90) ~[?:?]
2026-01-10 13:48:10,009 [WARN] ThirdParty:871 - waiting for thirdparty lock release [close project]
2026-01-10 13:48:10,009 [INFO] ThirdParty:873 - entering critical section [close project]
2026-01-10 13:48:10,009 [INFO] ThirdParty:883 - exiting critical section [close project]
2026-01-10 13:48:10,014 [INFO] PinOutPanel:1589 - setPackage(No Configuration,No Configuration)
2026-01-10 13:48:10,029 [WARN] IpParametersView:154 - Warning: This peripheral hasn't parameters
2026-01-10 13:48:10,049 [WARN] MainPanel:289 - <html><b><center>Warning: This peripheral has no parameters to be configured<br></b></html>
2026-01-10 13:48:10,052 [ERROR] MainPanel:599 - java.lang.IndexOutOfBoundsException: Index: 0, Tab count: 0
2026-01-10 13:48:10,065 [INFO] UtilMem:75 - Begin LoadConfig() Used Memory: 922642704 Bytes (1073741824)
2026-01-10 13:48:10,066 [INFO] MicroXplorer:468 - Change Database Path : 
2026-01-10 13:48:10,066 [INFO] MicroXplorer:498 - Change Database Version : DB.6.0.130
2026-01-10 13:48:10,066 [INFO] OpenFileManager:332 - Change cursor
2026-01-10 13:48:10,133 [INFO] RulesReader:64 - Compatibility file has been processed (297 Rules)
2026-01-10 13:48:10,156 [INFO] Mcu:2035 - Initializing MCU STM32H743IITx STM32H743IITx STM32H743IIT6
2026-01-10 13:48:15,305 [INFO] Context:748 - Trying to add GPIOservice into a context  which must be forbidden
2026-01-10 13:48:17,194 [INFO] RtosManager:555 - Registered RTOS mode: class=CMSIS, group=RTOS, mode=CMSIS_V1, owner=FREERTOS
2026-01-10 13:48:17,194 [INFO] RtosManager:555 - Registered RTOS mode: class=CMSIS, group=RTOS2, mode=CMSIS_V2, owner=FREERTOS
2026-01-10 13:48:17,194 [INFO] RtosManager:555 - Registered RTOS mode: class=RTOS, group=Core, mode=CMSIS_V1, owner=FREERTOS
2026-01-10 13:48:17,194 [INFO] RtosManager:555 - Registered RTOS mode: class=RTOS, group=Core, mode=CMSIS_V2, owner=FREERTOS
2026-01-10 13:48:17,194 [WARN] ModelIntegratedComponent:184 - Missing modes for component STMicroelectronics:FreeRTOS:0.0.1:STMicroelectronics:RTOS:FreeRTOS:Core:::10.2.0:
2026-01-10 13:48:17,200 [WARN] ModelIntegratedComponent:63 - No mode defined for component null
2026-01-10 13:48:17,200 [WARN] ModelIntegratedComponent:63 - No mode defined for component null
2026-01-10 13:48:17,200 [WARN] ModelIntegratedComponent:63 - No mode defined for component null
2026-01-10 13:48:17,200 [WARN] ModelIntegratedComponent:63 - No mode defined for component null
2026-01-10 13:48:17,200 [WARN] ModelIntegratedComponent:63 - No mode defined for component null
2026-01-10 13:48:17,200 [WARN] ModelIntegratedComponent:63 - No mode defined for component null
2026-01-10 13:48:17,200 [WARN] ModelIntegratedComponent:63 - No mode defined for component null
2026-01-10 13:48:17,200 [WARN] ModelIntegratedComponent:63 - No mode defined for component null
2026-01-10 13:48:17,200 [WARN] ModelIntegratedComponent:63 - No mode defined for component null
2026-01-10 13:48:17,200 [WARN] ModelIntegratedComponent:63 - No mode defined for component null
2026-01-10 13:48:17,201 [WARN] ModelIntegratedComponent:63 - No mode defined for component null
2026-01-10 13:48:17,201 [WARN] ModelIntegratedComponent:63 - No mode defined for component null
2026-01-10 13:48:17,201 [WARN] ModelIntegratedComponent:63 - No mode defined for component null
2026-01-10 13:48:17,201 [WARN] ModelIntegratedComponent:63 - No mode defined for component null
2026-01-10 13:48:17,201 [WARN] ModelIntegratedComponent:63 - No mode defined for component null
2026-01-10 13:48:17,201 [WARN] ModelIntegratedComponent:63 - No mode defined for component null
2026-01-10 13:48:17,201 [WARN] ModelIntegratedComponent:63 - No mode defined for component null
2026-01-10 13:48:17,201 [WARN] ModelIntegratedComponent:63 - No mode defined for component null
2026-01-10 13:48:17,201 [WARN] ModelIntegratedComponent:63 - No mode defined for component null
2026-01-10 13:48:17,201 [WARN] ModelIntegratedComponent:63 - No mode defined for component null
2026-01-10 13:48:17,201 [WARN] ModelIntegratedComponent:63 - No mode defined for component null
2026-01-10 13:48:17,201 [WARN] ModelIntegratedComponent:63 - No mode defined for component null
2026-01-10 13:48:17,201 [WARN] ModelIntegratedComponent:63 - No mode defined for component null
2026-01-10 13:48:17,202 [WARN] ModelIntegratedComponent:63 - No mode defined for component null
2026-01-10 13:48:17,202 [WARN] ModelIntegratedComponent:63 - No mode defined for component null
2026-01-10 13:48:17,202 [WARN] ModelIntegratedComponent:63 - No mode defined for component null
2026-01-10 13:48:17,202 [WARN] ModelIntegratedComponent:63 - No mode defined for component null
2026-01-10 13:48:17,202 [WARN] ModelIntegratedComponent:63 - No mode defined for component null
2026-01-10 13:48:17,202 [WARN] ModelIntegratedComponent:63 - No mode defined for component null
2026-01-10 13:48:17,202 [WARN] ModelIntegratedComponent:63 - No mode defined for component null
2026-01-10 13:48:17,202 [WARN] ModelIntegratedComponent:63 - No mode defined for component null
2026-01-10 13:48:17,202 [WARN] ModelIntegratedComponent:63 - No mode defined for component null
2026-01-10 13:48:17,203 [WARN] ModelIntegratedComponent:63 - No mode defined for component null
2026-01-10 13:48:17,203 [WARN] ModelIntegratedComponent:63 - No mode defined for component null
2026-01-10 13:48:17,203 [WARN] ModelIntegratedComponent:63 - No mode defined for component null
2026-01-10 13:48:17,203 [WARN] ModelPack:524 - Component already loaded: STMicroelectronics:HAL Drivers:0.0.0:STMicroelectronics:Device:STMicro_Driver:XSPI:HAL::0.0.1:HAL_XSPI
2026-01-10 13:48:17,402 [INFO] ThirdPartyModel:298 - Start build external matchings
2026-01-10 13:48:18,945 [INFO] ThirdPartyModel:316 - End build external matchings
2026-01-10 13:48:19,011 [WARN] IP:2251 - ClockDivider not found: check if there is a RefParameter without a condition.
2026-01-10 13:48:19,012 [WARN] IP:2251 - ClockDividerCCU not found: check if there is a RefParameter without a condition.
2026-01-10 13:48:19,012 [WARN] IP:2251 - MinOscClkPeriodsCCU not found: check if there is a RefParameter without a condition.
2026-01-10 13:48:19,012 [WARN] IP:2251 - TimeQuantaPerBitTimeCCU not found: check if there is a RefParameter without a condition.
2026-01-10 13:48:19,012 [WARN] IP:2251 - WatchdogStartValueCCU not found: check if there is a RefParameter without a condition.
2026-01-10 13:48:19,019 [WARN] IP:2251 - LayerIdx_L1 not found: check if there is a RefParameter without a condition.
2026-01-10 13:48:19,020 [INFO] ImportTextPane:218 - (OptionalMessage_ERROR) IP (RCC) : Parameter (ADCFreq_Value) has invalid value (129000000)
2026-01-10 13:48:19,027 [INFO] ImportTextPane:218 - (OptionalMessage_ERROR) IP (RCC) : Invalid parameter (FamilyName)
2026-01-10 13:48:19,027 [INFO] ImportTextPane:218 - (OptionalMessage_ERROR) IP (RCC) : Parameter (LPTIM1Freq_Value) has invalid value (64000000)
2026-01-10 13:48:19,028 [INFO] ImportTextPane:218 - (OptionalMessage_ERROR) IP (RCC) : Parameter (LPTIM2Freq_Value) has invalid value (64000000)
2026-01-10 13:48:19,028 [INFO] ImportTextPane:218 - (OptionalMessage_ERROR) IP (RCC) : Parameter (LPTIM345Freq_Value) has invalid value (64000000)
2026-01-10 13:48:19,028 [INFO] ImportTextPane:218 - (OptionalMessage_ERROR) IP (RCC) : Parameter (LPUART1Freq_Value) has invalid value (64000000)
2026-01-10 13:48:19,029 [INFO] ImportTextPane:218 - (OptionalMessage_ERROR) IP (RCC) : Parameter (SPI45Freq_Value) has invalid value (64000000)
2026-01-10 13:48:19,029 [INFO] ImportTextPane:218 - (OptionalMessage_ERROR) IP (RCC) : Parameter (SPI6Freq_Value) has invalid value (64000000)
2026-01-10 13:48:19,029 [INFO] ImportTextPane:218 - (OptionalMessage_ERROR) IP (RCC) : Parameter (SWPMI1Freq_Value) has invalid value (64000000)
2026-01-10 13:48:19,029 [INFO] ImportTextPane:218 - (OptionalMessage_ERROR) IP (RCC) : Parameter (USART16Freq_Value) has invalid value (64000000)
2026-01-10 13:48:19,029 [INFO] ImportTextPane:218 - (OptionalMessage_ERROR) IP (RCC) : Parameter (USART234578Freq_Value) has invalid value (64000000)
2026-01-10 13:48:20,106 [INFO] UtilMem:75 - End LoadConfig() Used Memory: 871217712 Bytes (1073741824)
2026-01-10 13:48:20,181 [WARN] ThirdParty:833 - waiting for thirdparty lock release [change project]
2026-01-10 13:48:20,181 [INFO] ThirdParty:835 - entering critical section [change project]
2026-01-10 13:48:20,181 [INFO] ThirdParty:1030 - CMSIS Pack Vendor :STMicroelectronics X-CUBE-PM33A1 1.0.0
2026-01-10 13:48:20,181 [INFO] ThirdParty:1030 - CMSIS Pack Vendor :STMicroelectronics USBPD 4.1
2026-01-10 13:48:20,181 [INFO] ThirdParty:1030 - CMSIS Pack Vendor :STMicroelectronics USB_HOST 2.0.0
2026-01-10 13:48:20,181 [INFO] ThirdParty:1030 - CMSIS Pack Vendor :STMicroelectronics FP-SNS-MOTENVWB1 1.4.0
2026-01-10 13:48:20,182 [INFO] ThirdParty:1030 - CMSIS Pack Vendor :STMicroelectronics X-CUBE-AZRTOS-F4 1.1.0
2026-01-10 13:48:20,182 [INFO] ThirdParty:1030 - CMSIS Pack Vendor :STMicroelectronics LIBJPEG 8.0.0
2026-01-10 13:48:20,182 [INFO] ThirdParty:1030 - CMSIS Pack Vendor :STMicroelectronics FP-ATR-ASTRA1 2.0.2
2026-01-10 13:48:20,182 [INFO] ThirdParty:1030 - CMSIS Pack Vendor :STMicroelectronics FP-ATR-ASTRA1 2.0.1
2026-01-10 13:48:20,182 [INFO] ThirdParty:1030 - CMSIS Pack Vendor :STMicroelectronics X-CUBE-SMBUS 2.1.0
2026-01-10 13:48:20,182 [INFO] ThirdParty:1030 - CMSIS Pack Vendor :STMicroelectronics X-CUBE-WB05N 1.1.0
2026-01-10 13:48:20,182 [INFO] ThirdParty:1030 - CMSIS Pack Vendor :STMicroelectronics X-CUBE-ISPU 2.1.0
2026-01-10 13:48:20,182 [INFO] ThirdParty:1030 - CMSIS Pack Vendor :STMicroelectronics X-CUBE-FREERTOS 1.2.0
2026-01-10 13:48:20,182 [INFO] ThirdParty:1030 - CMSIS Pack Vendor :STMicroelectronics X-CUBE-ST60 1.0.0
2026-01-10 13:48:20,182 [INFO] ThirdParty:1030 - CMSIS Pack Vendor :STMicroelectronics X-CUBE-NFC12 1.0.0
2026-01-10 13:48:20,182 [INFO] ThirdParty:1030 - CMSIS Pack Vendor :STMicroelectronics X-CUBE-AZRTOS-F7 1.1.0
2026-01-10 13:48:20,182 [INFO] ThirdParty:1030 - CMSIS Pack Vendor :STMicroelectronics X-CUBE-AZRTOS-L5 2.0.0
2026-01-10 13:48:20,183 [INFO] ThirdParty:1030 - CMSIS Pack Vendor :STMicroelectronics USB_DEVICE 2.0.0
2026-01-10 13:48:20,183 [INFO] ThirdParty:1030 - CMSIS Pack Vendor :STMicroelectronics X-CUBE-NFC6 3.1.0
2026-01-10 13:48:20,183 [INFO] ThirdParty:1030 - CMSIS Pack Vendor :ARM CMSIS 5.7.0
2026-01-10 13:48:20,183 [INFO] ThirdParty:1030 - CMSIS Pack Vendor :STMicroelectronics X-CUBE-MEMS1 11.0.0
2026-01-10 13:48:20,183 [INFO] ThirdParty:1030 - CMSIS Pack Vendor :STMicroelectronics FreeRTOS 0.0.1
2026-01-10 13:48:20,183 [INFO] ThirdParty:1030 - CMSIS Pack Vendor :STMicroelectronics X-CUBE-DPower 1.2.0
2026-01-10 13:48:20,183 [INFO] ThirdParty:1030 - CMSIS Pack Vendor :STMicroelectronics FP-SNS-FLIGHT1 5.0.2
2026-01-10 13:48:20,183 [INFO] ThirdParty:1030 - CMSIS Pack Vendor :STMicroelectronics PDM2PCM 3.3.0
2026-01-10 13:48:20,183 [INFO] ThirdParty:1030 - CMSIS Pack Vendor :STMicroelectronics X-CUBE-AZRTOS-H7 3.4.0
2026-01-10 13:48:20,183 [INFO] ThirdParty:1030 - CMSIS Pack Vendor :STMicroelectronics X-CUBE-DISPLAY 3.0.0
2026-01-10 13:48:20,183 [INFO] ThirdParty:1030 - CMSIS Pack Vendor :STMicroelectronics X-CUBE-BLE1 7.0.0
2026-01-10 13:48:20,184 [INFO] ThirdParty:1030 - CMSIS Pack Vendor :STMicroelectronics X-CUBE-NFC10 1.0.0
2026-01-10 13:48:20,184 [INFO] ThirdParty:1030 - CMSIS Pack Vendor :STMicroelectronics X-CUBE-BLEMGR 4.0.0
2026-01-10 13:48:20,184 [INFO] ThirdParty:1030 - CMSIS Pack Vendor :STMicroelectronics X-CUBE-FREERTOS 1.3.1
2026-01-10 13:48:20,184 [INFO] ThirdParty:1030 - CMSIS Pack Vendor :STMicroelectronics HAL Drivers 0.0.0
2026-01-10 13:48:20,184 [INFO] ThirdParty:1030 - CMSIS Pack Vendor :STMicroelectronics X-CUBE-ST60 1.1.0
2026-01-10 13:48:20,184 [INFO] ThirdParty:1030 - CMSIS Pack Vendor :emotas I-CUBE-CANOPEN 1.3.0
2026-01-10 13:48:20,184 [INFO] ThirdParty:1030 - CMSIS Pack Vendor :STMicroelectronics X-CUBE-FREERTOS 1.3.0
2026-01-10 13:48:20,184 [INFO] ThirdParty:1030 - CMSIS Pack Vendor :STMicroelectronics X-CUBE-NFC7 1.0.1
2026-01-10 13:48:20,184 [INFO] ThirdParty:1030 - CMSIS Pack Vendor :STMicroelectronics MBEDTLS 2.14.1
2026-01-10 13:48:20,184 [INFO] ThirdParty:1030 - CMSIS Pack Vendor :STMicroelectronics X-CUBE-GNSS1 7.1.0
2026-01-10 13:48:20,184 [INFO] ThirdParty:1030 - CMSIS Pack Vendor :STMicroelectronics X-CUBE-TOUCHGFX 4.26.0
2026-01-10 13:48:20,184 [INFO] ThirdParty:1030 - CMSIS Pack Vendor :STMicroelectronics X-CUBE-BLEMGR 3.1.0
2026-01-10 13:48:20,184 [INFO] ThirdParty:1030 - CMSIS Pack Vendor :STMicroelectronics X-CUBE-AI 10.0.0
2026-01-10 13:48:20,185 [INFO] ThirdParty:1030 - CMSIS Pack Vendor :STMicroelectronics FP-SNS-STAIOTCFT 1.0.0
2026-01-10 13:48:20,185 [INFO] ThirdParty:1030 - CMSIS Pack Vendor :STMicroelectronics FP-SNS-SMARTAG2 1.2.0
2026-01-10 13:48:20,185 [INFO] ThirdParty:1030 - CMSIS Pack Vendor :STMicroelectronics FP-SNS-FLIGHT1 5.1.0
2026-01-10 13:48:20,185 [INFO] ThirdParty:1030 - CMSIS Pack Vendor :STMicroelectronics X-CUBE-MEMS1 11.1.0
2026-01-10 13:48:20,185 [INFO] ThirdParty:1030 - CMSIS Pack Vendor :STMicroelectronics X-CUBE-AZRTOS-WL 2.0.0
2026-01-10 13:48:20,185 [INFO] ThirdParty:1030 - CMSIS Pack Vendor :STMicroelectronics X-CUBE-DPower 1.3.0
2026-01-10 13:48:20,186 [INFO] ThirdParty:1030 - CMSIS Pack Vendor :STMicroelectronics FP-SNS-MOTENV1 5.0.0
2026-01-10 13:48:20,186 [INFO] ThirdParty:1030 - CMSIS Pack Vendor :STMicroelectronics USB_DEVICE 1.0.0
2026-01-10 13:48:20,186 [INFO] ThirdParty:1030 - CMSIS Pack Vendor :STMicroelectronics X-CUBE-AZRTOS-H7RS 1.2.0
2026-01-10 13:48:20,186 [INFO] ThirdParty:1030 - CMSIS Pack Vendor :wolfSSL I-CUBE-wolfMQTT 1.19.0
2026-01-10 13:48:20,186 [INFO] ThirdParty:1030 - CMSIS Pack Vendor :STMicroelectronics X-CUBE-AZRTOS-L4 2.0.0
2026-01-10 13:48:20,186 [INFO] ThirdParty:1030 - CMSIS Pack Vendor :STMicroelectronics ThreadX 0.0.2
2026-01-10 13:48:20,186 [INFO] ThirdParty:1030 - CMSIS Pack Vendor :WES I-CUBE-Cesium 1.3.0
2026-01-10 13:48:20,186 [INFO] ThirdParty:1030 - CMSIS Pack Vendor :STMicroelectronics lwIP 2.1.2
2026-01-10 13:48:20,186 [INFO] ThirdParty:1030 - CMSIS Pack Vendor :STMicroelectronics X-CUBE-SFXS2LP1 4.0.0
2026-01-10 13:48:20,186 [INFO] ThirdParty:1030 - CMSIS Pack Vendor :STMicroelectronics X-CUBE-BLE2 3.3.0
2026-01-10 13:48:20,186 [INFO] ThirdParty:1030 - CMSIS Pack Vendor :Avnet-IOTCONNECT X-CUBE-iotc-st67-sdk 1.0.0
2026-01-10 13:48:20,186 [INFO] ThirdParty:1030 - CMSIS Pack Vendor :STMicroelectronics PDM2PCM 3.2.0
2026-01-10 13:48:20,186 [INFO] ThirdParty:1030 - CMSIS Pack Vendor :STMicroelectronics X-CUBE-AZRTOS-H7 3.3.0
2026-01-10 13:48:20,187 [INFO] ThirdParty:1030 - CMSIS Pack Vendor :STMicroelectronics X-CUBE-NFC9 1.0.0
2026-01-10 13:48:20,187 [INFO] ThirdParty:1030 - CMSIS Pack Vendor :STMicroelectronics X-CUBE-BLE1 7.1.0
2026-01-10 13:48:20,187 [INFO] ThirdParty:1030 - CMSIS Pack Vendor :STMicroelectronics USB_DEVICE 3.0.0
2026-01-10 13:48:20,187 [INFO] ThirdParty:1030 - CMSIS Pack Vendor :STMicroelectronics X-CUBE-TCPP 4.1.0
2026-01-10 13:48:20,188 [INFO] ThirdParty:1030 - CMSIS Pack Vendor :STMicroelectronics X-CUBE-EEPRMA1 5.2.0
2026-01-10 13:48:20,188 [INFO] ThirdParty:1030 - CMSIS Pack Vendor :STMicroelectronics X-CUBE-BLEMGR 4.1.0
2026-01-10 13:48:20,188 [INFO] ThirdParty:1030 - CMSIS Pack Vendor :STMicroelectronics X-CUBE-IPS 3.0.0
2026-01-10 13:48:20,188 [INFO] ThirdParty:1030 - CMSIS Pack Vendor :STMicroelectronics X-CUBE-AZRTOS-WB 2.0.0
2026-01-10 13:48:20,188 [INFO] ThirdParty:1030 - CMSIS Pack Vendor :STMicroelectronics X-CUBE-GNSS1 7.0.0
2026-01-10 13:48:20,188 [INFO] ThirdParty:1030 - CMSIS Pack Vendor :STMicroelectronics X-CUBE-GNSS1 7.0.1
2026-01-10 13:48:20,188 [INFO] ThirdParty:1030 - CMSIS Pack Vendor :STMicroelectronics X-CUBE-TOUCHGFX 4.25.0
2026-01-10 13:48:20,188 [INFO] ThirdParty:1030 - CMSIS Pack Vendor :STMicroelectronics FP-SNS-STBOX1 2.0.0
2026-01-10 13:48:20,188 [INFO] ThirdParty:1030 - CMSIS Pack Vendor :STMicroelectronics X-CUBE-MEMS1 12.0.0
2026-01-10 13:48:20,188 [INFO] ThirdParty:1030 - CMSIS Pack Vendor :STMicroelectronics X-CUBE-AZRTOS-G0 1.1.0
2026-01-10 13:48:20,189 [INFO] ThirdParty:1030 - CMSIS Pack Vendor :STMicroelectronics X-CUBE-SAFEA1 1.2.2
2026-01-10 13:48:20,189 [INFO] ThirdParty:1030 - CMSIS Pack Vendor :STMicroelectronics X-CUBE-NFC4 3.0.0
2026-01-10 13:48:20,189 [INFO] ThirdParty:1030 - CMSIS Pack Vendor :STMicroelectronics X-CUBE-SUBG2 5.0.0
2026-01-10 13:48:20,189 [INFO] ThirdParty:1030 - CMSIS Pack Vendor :STMicroelectronics X-CUBE-AZRTOS-H7RS 1.1.0
2026-01-10 13:48:20,189 [INFO] ThirdParty:1030 - CMSIS Pack Vendor :STMicroelectronics STM32_WPAN 1.0.0
2026-01-10 13:48:20,190 [INFO] ThirdParty:1030 - CMSIS Pack Vendor :EmbeddedOffice I-CUBE-FS-RTOS 1.0.1
2026-01-10 13:48:20,190 [INFO] ThirdParty:1030 - CMSIS Pack Vendor :STMicroelectronics lwIP 2.0.3
2026-01-10 13:48:20,190 [INFO] ThirdParty:1030 - CMSIS Pack Vendor :Cesanta I-CUBE-Mongoose 7.13.0
2026-01-10 13:48:20,190 [INFO] ThirdParty:1030 - CMSIS Pack Vendor :STMicroelectronics USB_HOST 1.0.0
2026-01-10 13:48:20,191 [INFO] ThirdParty:1030 - CMSIS Pack Vendor :STMicroelectronics X-CUBE-AZRTOS-G4 2.0.0
2026-01-10 13:48:20,191 [INFO] ThirdParty:1030 - CMSIS Pack Vendor :STMicroelectronics X-CUBE-WB05N 2.0.0
2026-01-10 13:48:20,191 [INFO] ThirdParty:1030 - CMSIS Pack Vendor :STMicroelectronics PDM2PCM 3.1.0
2026-01-10 13:48:20,191 [INFO] ThirdParty:1030 - CMSIS Pack Vendor :STMicroelectronics X-CUBE-NFC7 2.0.0
2026-01-10 13:48:20,191 [INFO] ThirdParty:1030 - CMSIS Pack Vendor :STMicroelectronics X-CUBE-TCPP 4.2.0
2026-01-10 13:48:20,191 [INFO] ThirdParty:1030 - CMSIS Pack Vendor :RealThread X-CUBE-RT-Thread_Nano 4.1.1
2026-01-10 13:48:20,192 [INFO] ThirdParty:1030 - CMSIS Pack Vendor :STMicroelectronics FP-ATR-SIGFOX1 3.2.0
2026-01-10 13:48:20,192 [INFO] ThirdParty:1030 - CMSIS Pack Vendor :wolfSSL I-CUBE-wolfSSL 5.7.2
2026-01-10 13:48:20,192 [INFO] ThirdParty:1030 - CMSIS Pack Vendor :quantropi X-CUBE-qispace-sdk-base 1.9.3
2026-01-10 13:48:20,192 [INFO] ThirdParty:1030 - CMSIS Pack Vendor :STMicroelectronics X-CUBE-EEPRMA1 5.1.0
2026-01-10 13:48:20,192 [INFO] ThirdParty:1030 - CMSIS Pack Vendor :STMicroelectronics MBEDTLS 2.16.2
2026-01-10 13:48:20,192 [INFO] ThirdParty:1030 - CMSIS Pack Vendor :STMicroelectronics X-CUBE-IPS 3.1.0
2026-01-10 13:48:20,192 [INFO] ThirdParty:1030 - CMSIS Pack Vendor :STMicroelectronics X-CUBE-ALS 1.0.2
2026-01-10 13:48:20,192 [INFO] ThirdParty:1030 - CMSIS Pack Vendor :ITTIA_DB I-CUBE-ITTIADB 8.9.0
2026-01-10 13:48:20,192 [INFO] ThirdParty:1030 - CMSIS Pack Vendor :STMicroelectronics X-CUBE-TOUCHGFX 4.24.1
2026-01-10 13:48:20,192 [INFO] ThirdParty:1030 - CMSIS Pack Vendor :STMicroelectronics X-CUBE-STSE01 1.0.0
2026-01-10 13:48:20,192 [INFO] ThirdParty:1030 - CMSIS Pack Vendor :wolfSSL I-CUBE-wolfTPM 3.4.0
2026-01-10 13:48:20,192 [INFO] ThirdParty:1030 - CMSIS Pack Vendor :portGmbH I-Cube-SoM-uGOAL 1.1.0
2026-01-10 13:48:20,193 [INFO] ThirdParty:1030 - CMSIS Pack Vendor :STMicroelectronics X-CUBE-ST67W61 1.0.0
2026-01-10 13:48:20,193 [INFO] ThirdParty:1030 - CMSIS Pack Vendor :STMicroelectronics X-CUBE-AI 10.2.0
2026-01-10 13:48:20,193 [INFO] ThirdParty:1030 - CMSIS Pack Vendor :STMicroelectronics ThreadX 1.0.0
2026-01-10 13:48:20,193 [INFO] ThirdParty:1030 - CMSIS Pack Vendor :SEGGER I-CUBE-embOS 1.3.1
2026-01-10 13:48:20,193 [INFO] ThirdParty:1030 - CMSIS Pack Vendor :STMicroelectronics X-CUBE-ALGOBUILD 1.4.0
2026-01-10 13:48:20,193 [INFO] ThirdParty:1030 - CMSIS Pack Vendor :STMicroelectronics X-CUBE-MEMS1 11.3.0
2026-01-10 13:48:20,193 [INFO] ThirdParty:1030 - CMSIS Pack Vendor :STMicroelectronics X-CUBE-AZRTOS-H7RS 1.0.0
2026-01-10 13:48:20,193 [INFO] ThirdParty:1030 - CMSIS Pack Vendor :STMicroelectronics FP-ATR-ASTRA1 2.0.0
2026-01-10 13:48:20,193 [INFO] ThirdParty:1030 - CMSIS Pack Vendor :STMicroelectronics X-CUBE-TOF1 3.4.2
2026-01-10 13:48:20,193 [INFO] ThirdParty:1030 - CMSIS Pack Vendor :STMicroelectronics X-CUBE-TOF1 3.4.3
2026-01-10 13:48:20,193 [INFO] ThirdParty:1030 - CMSIS Pack Vendor :STMicroelectronics X-CUBE-AI 9.1.0
2026-01-10 13:48:20,193 [INFO] ThirdParty:1030 - CMSIS Pack Vendor :Infineon AIROC-Wi-Fi-Bluetooth-STM32 1.6.1
2026-01-10 13:48:20,193 [INFO] ThirdParty:1030 - CMSIS Pack Vendor :wolfSSL I-CUBE-wolfSSH 1.4.17
2026-01-10 13:48:20,194 [INFO] ThirdParty:841 - exiting critical section [change project]
2026-01-10 13:48:20,852 [INFO] PinOutPanel:1589 - setPackage(No Configuration,No Configuration)
2026-01-10 13:48:20,853 [INFO] PinOutPanel:1589 - setPackage(STM32H743IITx,LQFP176)
2026-01-10 13:48:21,591 [INFO] UtilMem:75 - Before build in PCC Used Memory: 934189056 Bytes (1073741824)
2026-01-10 13:48:22,096 [INFO] UtilMem:75 - After build in PCC Used Memory: 999200768 Bytes (1073741824)
2026-01-10 13:48:22,153 [INFO] IPUIPlugin:80 - create IPUIPlugin
2026-01-10 13:48:22,153 [INFO] IPUIPlugin:80 - create IPUIPlugin
2026-01-10 13:48:22,153 [INFO] IPUIPlugin:80 - create IPUIPlugin
2026-01-10 13:48:22,154 [INFO] IPUIPlugin:80 - create IPUIPlugin
2026-01-10 13:48:22,154 [INFO] IPUIPlugin:80 - create IPUIPlugin
2026-01-10 13:48:22,154 [INFO] IPUIPlugin:80 - create IPUIPlugin
2026-01-10 13:48:22,154 [INFO] IPUIPlugin:80 - create IPUIPlugin
2026-01-10 13:48:22,155 [INFO] IPUIPlugin:80 - create IPUIPlugin
2026-01-10 13:48:22,155 [INFO] IPUIPlugin:80 - create IPUIPlugin
2026-01-10 13:48:22,155 [INFO] IPUIPlugin:80 - create IPUIPlugin
2026-01-10 13:48:22,155 [INFO] IPUIPlugin:80 - create IPUIPlugin
2026-01-10 13:48:22,155 [INFO] IPUIPlugin:80 - create IPUIPlugin
2026-01-10 13:48:22,156 [INFO] IPUIPlugin:80 - create IPUIPlugin
2026-01-10 13:48:22,156 [INFO] IPUIPlugin:80 - create IPUIPlugin
2026-01-10 13:48:22,156 [INFO] IPUIPlugin:80 - create IPUIPlugin
2026-01-10 13:48:22,156 [INFO] IPUIPlugin:80 - create IPUIPlugin
2026-01-10 13:48:22,156 [INFO] IPUIPlugin:80 - create IPUIPlugin
2026-01-10 13:48:22,156 [INFO] IPUIPlugin:80 - create IPUIPlugin
2026-01-10 13:48:22,156 [INFO] IPUIPlugin:80 - create IPUIPlugin
2026-01-10 13:48:22,156 [INFO] IPUIPlugin:80 - create IPUIPlugin
2026-01-10 13:48:22,157 [INFO] IPUIPlugin:80 - create IPUIPlugin
2026-01-10 13:48:22,157 [INFO] IPUIPlugin:80 - create IPUIPlugin
2026-01-10 13:48:22,157 [INFO] IPUIPlugin:80 - create IPUIPlugin
2026-01-10 13:48:22,157 [INFO] IPUIPlugin:80 - create IPUIPlugin
2026-01-10 13:48:22,158 [INFO] IPUIPlugin:80 - create IPUIPlugin
2026-01-10 13:48:22,158 [INFO] IPUIPlugin:80 - create IPUIPlugin
2026-01-10 13:48:22,158 [INFO] IPUIPlugin:80 - create IPUIPlugin
2026-01-10 13:48:22,158 [INFO] IPUIPlugin:80 - create IPUIPlugin
2026-01-10 13:48:22,158 [INFO] IPUIPlugin:80 - create IPUIPlugin
2026-01-10 13:48:22,158 [INFO] IPUIPlugin:80 - create IPUIPlugin
2026-01-10 13:48:22,171 [INFO] IPUIPlugin:80 - create IPUIPlugin
2026-01-10 13:48:22,171 [INFO] IPUIPlugin:80 - create IPUIPlugin
2026-01-10 13:48:22,172 [INFO] IPUIPlugin:80 - create IPUIPlugin
2026-01-10 13:48:22,172 [INFO] IPUIPlugin:80 - create IPUIPlugin
2026-01-10 13:48:22,173 [INFO] IPUIPlugin:80 - create IPUIPlugin
2026-01-10 13:48:22,173 [INFO] IPUIPlugin:80 - create IPUIPlugin
2026-01-10 13:48:22,175 [INFO] IPUIPlugin:80 - create IPUIPlugin
2026-01-10 13:48:22,175 [INFO] IPUIPlugin:80 - create IPUIPlugin
2026-01-10 13:48:22,176 [INFO] IPUIPlugin:80 - create IPUIPlugin
2026-01-10 13:48:22,177 [INFO] IPUIPlugin:80 - create IPUIPlugin
2026-01-10 13:48:22,177 [INFO] IPUIPlugin:80 - create IPUIPlugin
2026-01-10 13:48:22,178 [INFO] IPUIPlugin:80 - create IPUIPlugin
2026-01-10 13:48:22,178 [INFO] IPUIPlugin:80 - create IPUIPlugin
2026-01-10 13:48:22,179 [INFO] IPUIPlugin:80 - create IPUIPlugin
2026-01-10 13:48:22,179 [INFO] IPUIPlugin:80 - create IPUIPlugin
2026-01-10 13:48:22,180 [INFO] IPUIPlugin:80 - create IPUIPlugin
2026-01-10 13:48:22,180 [INFO] IPUIPlugin:80 - create IPUIPlugin
2026-01-10 13:48:22,181 [INFO] IPUIPlugin:80 - create IPUIPlugin
2026-01-10 13:48:22,181 [INFO] IPUIPlugin:80 - create IPUIPlugin
2026-01-10 13:48:22,182 [INFO] IPUIPlugin:80 - create IPUIPlugin
2026-01-10 13:48:22,182 [INFO] IPUIPlugin:80 - create IPUIPlugin
2026-01-10 13:48:22,182 [INFO] IPUIPlugin:80 - create IPUIPlugin
2026-01-10 13:48:22,183 [INFO] IPUIPlugin:80 - create IPUIPlugin
2026-01-10 13:48:22,183 [INFO] IPUIPlugin:80 - create IPUIPlugin
2026-01-10 13:48:22,184 [INFO] IPUIPlugin:80 - create IPUIPlugin
2026-01-10 13:48:22,184 [INFO] IPUIPlugin:80 - create IPUIPlugin
2026-01-10 13:48:22,185 [INFO] IPUIPlugin:80 - create IPUIPlugin
2026-01-10 13:48:22,185 [INFO] IPUIPlugin:80 - create IPUIPlugin
2026-01-10 13:48:22,185 [INFO] IPUIPlugin:80 - create IPUIPlugin
2026-01-10 13:48:22,185 [INFO] IPUIPlugin:80 - create IPUIPlugin
2026-01-10 13:48:22,186 [INFO] IPUIPlugin:80 - create IPUIPlugin
2026-01-10 13:48:22,186 [INFO] IPUIPlugin:80 - create IPUIPlugin
2026-01-10 13:48:22,187 [INFO] IPUIPlugin:80 - create IPUIPlugin
2026-01-10 13:48:22,187 [INFO] IPUIPlugin:80 - create IPUIPlugin
2026-01-10 13:48:22,187 [INFO] IPUIPlugin:80 - create IPUIPlugin
2026-01-10 13:48:22,187 [INFO] IPUIPlugin:80 - create IPUIPlugin
2026-01-10 13:48:22,188 [INFO] IPUIPlugin:80 - create IPUIPlugin
2026-01-10 13:48:22,188 [INFO] IPUIPlugin:80 - create IPUIPlugin
2026-01-10 13:48:22,188 [INFO] IPUIPlugin:80 - create IPUIPlugin
2026-01-10 13:48:22,189 [INFO] IPUIPlugin:80 - create IPUIPlugin
2026-01-10 13:48:22,189 [INFO] IPUIPlugin:80 - create IPUIPlugin
2026-01-10 13:48:22,189 [INFO] IPUIPlugin:80 - create IPUIPlugin
2026-01-10 13:48:22,190 [INFO] IPUIPlugin:80 - create IPUIPlugin
2026-01-10 13:48:22,190 [INFO] IPUIPlugin:80 - create IPUIPlugin
2026-01-10 13:48:22,190 [INFO] IPUIPlugin:80 - create IPUIPlugin
2026-01-10 13:48:22,190 [INFO] IPUIPlugin:80 - create IPUIPlugin
2026-01-10 13:48:22,191 [INFO] IPUIPlugin:80 - create IPUIPlugin
2026-01-10 13:48:22,191 [INFO] IPUIPlugin:80 - create IPUIPlugin
2026-01-10 13:48:22,191 [INFO] IPUIPlugin:80 - create IPUIPlugin
2026-01-10 13:48:22,192 [INFO] IPUIPlugin:80 - create IPUIPlugin
2026-01-10 13:48:22,193 [INFO] IPUIPlugin:80 - create IPUIPlugin
2026-01-10 13:48:22,193 [INFO] IPUIPlugin:80 - create IPUIPlugin
2026-01-10 13:48:22,193 [INFO] IPUIPlugin:80 - create IPUIPlugin
2026-01-10 13:48:22,195 [INFO] IPUIPlugin:80 - create IPUIPlugin
2026-01-10 13:48:22,195 [INFO] IPUIPlugin:80 - create IPUIPlugin
2026-01-10 13:48:22,196 [INFO] IPUIPlugin:80 - create IPUIPlugin
2026-01-10 13:48:22,197 [INFO] IPUIPlugin:80 - create IPUIPlugin
2026-01-10 13:48:22,197 [INFO] IPUIPlugin:80 - create IPUIPlugin
2026-01-10 13:48:22,198 [INFO] IPUIPlugin:80 - create IPUIPlugin
2026-01-10 13:48:22,199 [INFO] IPUIPlugin:80 - create IPUIPlugin
2026-01-10 13:48:22,199 [INFO] IPUIPlugin:80 - create IPUIPlugin
2026-01-10 13:48:22,200 [INFO] IPUIPlugin:80 - create IPUIPlugin
2026-01-10 13:48:22,201 [INFO] IPUIPlugin:80 - create IPUIPlugin
2026-01-10 13:48:22,202 [INFO] IPUIPlugin:80 - create IPUIPlugin
2026-01-10 13:48:22,203 [INFO] IPUIPlugin:80 - create IPUIPlugin
2026-01-10 13:48:22,204 [INFO] IPUIPlugin:80 - create IPUIPlugin
2026-01-10 13:48:22,204 [INFO] IPUIPlugin:80 - create IPUIPlugin
2026-01-10 13:48:22,205 [INFO] IPUIPlugin:80 - create IPUIPlugin
2026-01-10 13:48:22,227 [INFO] ApiDbMcu:508 - Load IP Config File for PDM2PCM
2026-01-10 13:48:22,228 [WARN] IP:2251 - ClockDivider not found: check if there is a RefParameter without a condition.
2026-01-10 13:48:22,229 [WARN] IP:2251 - ClockDividerCCU not found: check if there is a RefParameter without a condition.
2026-01-10 13:48:22,229 [WARN] IP:2251 - MinOscClkPeriodsCCU not found: check if there is a RefParameter without a condition.
2026-01-10 13:48:22,229 [WARN] IP:2251 - TimeQuantaPerBitTimeCCU not found: check if there is a RefParameter without a condition.
2026-01-10 13:48:22,229 [WARN] IP:2251 - WatchdogStartValueCCU not found: check if there is a RefParameter without a condition.
2026-01-10 13:48:22,237 [INFO] LogOutputStream:77 - [STDOUT_REDIRECT] Nominal 
2026-01-10 13:48:22,237 [INFO] Can:71 - Can Add PropertyChangeListener com.st.microxplorer.plugins.ip.can.Can@36676d9b
2026-01-10 13:48:22,342 [INFO] CADModel:165 - CPN selected for project levelSTM32H743IIT6
2026-01-10 13:48:22,344 [INFO] CADModel:114 - Register for checkConnection events
2026-01-10 13:48:22,419 [INFO] OpenFileManager:363 - Restore cursor
2026-01-10 13:48:22,725 [WARN] IP:2251 - LayerIdx_L1 not found: check if there is a RefParameter without a condition.
2026-01-10 13:48:22,874 [WARN] IP:2251 - ClockDivider not found: check if there is a RefParameter without a condition.
2026-01-10 13:48:22,874 [WARN] IP:2251 - ClockDividerCCU not found: check if there is a RefParameter without a condition.
2026-01-10 13:48:22,874 [WARN] IP:2251 - MinOscClkPeriodsCCU not found: check if there is a RefParameter without a condition.
2026-01-10 13:48:22,874 [WARN] IP:2251 - TimeQuantaPerBitTimeCCU not found: check if there is a RefParameter without a condition.
2026-01-10 13:48:22,874 [WARN] IP:2251 - WatchdogStartValueCCU not found: check if there is a RefParameter without a condition.
2026-01-10 13:49:03,655 [INFO] MainUpdater:2872 - connection check result : 10
2026-01-10 13:49:03,656 [INFO] MainUpdater:2872 - connection check result : 10
2026-01-10 13:49:03,674 [ERROR] IocParser:57 - IOException caught: C:\Users\kamil\STM32CubeIDE\workspace_1.17.0\STM32H743IIT6-projects\Rower elektryczny\Rower elektryczny.ioc (Nie można odnaleźć określonego pliku)
2026-01-10 13:49:03,675 [ERROR] PeripheralListParser:95 - Something went wrong with ioc file reading: C:\Users\kamil\STM32CubeIDE\workspace_1.17.0\STM32H743IIT6-projects\Rower elektryczny\Rower elektryczny.ioc (Nie można odnaleźć określonego pliku)
2026-01-10 13:49:03,676 [ERROR] RegexParser:59 - Issue caught when parsing regex: C:\Users\kamil\STM32CubeIDE\workspace_1.17.0\STM32H743IIT6-projects\Rower elektryczny\Rower elektryczny.ioc (Nie można odnaleźć określonego pliku)
2026-01-10 13:49:03,807 [INFO] LogOutputStream:77 - [STDOUT_REDIRECT] Nominal 
2026-01-10 13:49:03,976 [INFO] I2cTimingTraitement:330 - 0x00000E14
2026-01-10 13:49:04,130 [INFO] I2cTimingTraitement:330 - 0x00000E14
2026-01-10 13:49:04,135 [INFO] MicroXplorer:468 - Change Database Path : 
2026-01-10 13:49:04,135 [INFO] MicroXplorer:498 - Change Database Version : DB.6.0.130
2026-01-10 13:49:04,178 [ERROR] ProjectManagerView:394 - 
java.lang.NullPointerException: Cannot invoke "javax.swing.JTextField.getText()" because the return value of "java.util.List.get(int)" is null
	at com.st.microxplorer.plugins.projectmanager.gui.ProjectChoiceTab$9.caretUpdate(ProjectChoiceTab.java:2616) ~[filemanager.jar:?]
	at javax.swing.text.JTextComponent.fireCaretUpdate(JTextComponent.java:408) ~[?:?]
	at javax.swing.text.JTextComponent$MutableCaretEvent.fire(JTextComponent.java:4484) ~[?:?]
	at javax.swing.text.JTextComponent$MutableCaretEvent.stateChanged(JTextComponent.java:4506) ~[?:?]
	at javax.swing.text.DefaultCaret.fireStateChanged(DefaultCaret.java:857) ~[?:?]
	at javax.swing.text.DefaultCaret.changeCaretPosition(DefaultCaret.java:1343) ~[?:?]
	at javax.swing.text.DefaultCaret.handleSetDot(DefaultCaret.java:1242) ~[?:?]
	at javax.swing.text.DefaultCaret.setDot(DefaultCaret.java:1223) ~[?:?]
	at javax.swing.text.DefaultCaret$Handler.insertUpdate(DefaultCaret.java:1819) ~[?:?]
	at javax.swing.text.AbstractDocument.fireInsertUpdate(AbstractDocument.java:227) ~[?:?]
	at javax.swing.text.AbstractDocument.handleInsertString(AbstractDocument.java:781) ~[?:?]
	at javax.swing.text.AbstractDocument.insertString(AbstractDocument.java:740) ~[?:?]
	at javax.swing.text.PlainDocument.insertString(PlainDocument.java:131) ~[?:?]
	at javax.swing.text.AbstractDocument.replace(AbstractDocument.java:699) ~[?:?]
	at javax.swing.text.JTextComponent.setText(JTextComponent.java:1725) ~[?:?]
	at com.st.microxplorer.plugins.projectmanager.gui.ProjectChoiceTab.createHeapStackFields(ProjectChoiceTab.java:975) ~[filemanager.jar:?]
	at com.st.microxplorer.plugins.projectmanager.gui.ProjectChoiceTab.buildLinkSettingsPanel(ProjectChoiceTab.java:3666) ~[filemanager.jar:?]
	at com.st.microxplorer.plugins.projectmanager.gui.ProjectChoiceTab.defineWindowsFields(ProjectChoiceTab.java:1934) ~[filemanager.jar:?]
	at com.st.microxplorer.plugins.projectmanager.gui.ProjectChoiceTab.updateSettings(ProjectChoiceTab.java:553) ~[filemanager.jar:?]
	at com.st.microxplorer.plugins.projectmanager.gui.ProjectSettingsPanel.UpdateDialog(ProjectSettingsPanel.java:245) ~[filemanager.jar:?]
	at com.st.microxplorer.plugins.projectmanager.ProjectManagerView.propertyChange(ProjectManagerView.java:391) ~[filemanager.jar:?]
	at java.beans.PropertyChangeSupport.fire(PropertyChangeSupport.java:343) ~[?:?]
	at java.beans.PropertyChangeSupport.firePropertyChange(PropertyChangeSupport.java:335) ~[?:?]
	at java.beans.PropertyChangeSupport.firePropertyChange(PropertyChangeSupport.java:268) ~[?:?]
	at com.st.microxplorer.util.MXPropertyChangeSupport.firePropertyChange(MXPropertyChangeSupport.java:54) ~[STM32CubeMX.jar:?]
	at com.st.microxplorer.mxsystem.MxSystem.closeConfig(MxSystem.java:899) ~[STM32CubeMX.jar:?]
	at com.st.microxplorer.maingui.MainPanel.closeConfig(MainPanel.java:789) ~[STM32CubeMX.jar:?]
	at com.st.microxplorer.plugins.filemanager.engine.OpenFileManager.loadConfigurationFile(OpenFileManager.java:265) ~[filemanager.jar:?]
	at com.st.microxplorer.plugins.filemanager.engine.MainFileManager.userLoadConfig(MainFileManager.java:340) ~[filemanager.jar:?]
	at com.st.microxplorer.plugins.filemanager.engine.MainFileManager.userLoadConfig(MainFileManager.java:318) ~[filemanager.jar:?]
	at com.st.microxplorer.plugins.filemanager.FileManagerView.getSpecificTask(FileManagerView.java:246) ~[filemanager.jar:?]
	at com.st.stm32cube.common.mx.editor.CubeMxEditor.getMxTabbedPaneInstance(CubeMxEditor.java:1198) ~[com.st.stm32cube.common.mx_6.13.0.202411220809/:?]
	at com.st.stm32cube.common.mx.editor.CubeMxEditor$12$1.createSwingComponent(CubeMxEditor.java:1068) ~[com.st.stm32cube.common.mx_6.13.0.202411220809/:?]
	at com.st.stm32cube.common.mx.oss.core.awtswtbridge.EmbeddedSwingComposite.doComponentCreation(EmbeddedSwingComposite.java:492) ~[com.st.stm32cube.common.mx.oss_6.13.0.202411220809/:?]
	at com.st.stm32cube.common.mx.oss.core.awtswtbridge.EmbeddedSwingComposite$4.run(EmbeddedSwingComposite.java:291) ~[com.st.stm32cube.common.mx.oss_6.13.0.202411220809/:?]
	at com.st.stm32cube.common.mx.oss.core.awtswtbridge.AwtEnvironment$2.run(AwtEnvironment.java:166) ~[com.st.stm32cube.common.mx.oss_6.13.0.202411220809/:?]
	at java.awt.event.InvocationEvent.dispatch(InvocationEvent.java:318) ~[?:?]
	at java.awt.EventQueue.dispatchEventImpl(EventQueue.java:773) ~[?:?]
	at java.awt.EventQueue$4.run(EventQueue.java:720) ~[?:?]
	at java.awt.EventQueue$4.run(EventQueue.java:714) ~[?:?]
	at java.security.AccessController.doPrivileged(AccessController.java:400) ~[?:?]
	at java.security.ProtectionDomain$JavaSecurityAccessImpl.doIntersectionPrivilege(ProtectionDomain.java:87) ~[?:?]
	at java.awt.EventQueue.dispatchEvent(EventQueue.java:742) ~[?:?]
	at java.awt.EventDispatchThread.pumpOneEventForFilters(EventDispatchThread.java:203) ~[?:?]
	at java.awt.EventDispatchThread.pumpEventsForFilter(EventDispatchThread.java:124) ~[?:?]
	at java.awt.EventDispatchThread.pumpEventsForHierarchy(EventDispatchThread.java:113) ~[?:?]
	at java.awt.EventDispatchThread.pumpEvents(EventDispatchThread.java:109) ~[?:?]
	at java.awt.EventDispatchThread.pumpEvents(EventDispatchThread.java:101) ~[?:?]
	at java.awt.EventDispatchThread.run(EventDispatchThread.java:90) ~[?:?]
2026-01-10 13:49:04,181 [WARN] ThirdParty:871 - waiting for thirdparty lock release [close project]
2026-01-10 13:49:04,181 [INFO] ThirdParty:873 - entering critical section [close project]
2026-01-10 13:49:04,181 [INFO] ThirdParty:883 - exiting critical section [close project]
2026-01-10 13:49:04,185 [INFO] PinOutPanel:1589 - setPackage(No Configuration,No Configuration)
2026-01-10 13:49:04,201 [WARN] IpParametersView:154 - Warning: This peripheral hasn't parameters
2026-01-10 13:49:04,216 [WARN] MainPanel:289 - <html><b><center>Warning: This peripheral has no parameters to be configured<br></b></html>
2026-01-10 13:49:04,216 [ERROR] MainPanel:599 - java.lang.IndexOutOfBoundsException: Index: 0, Tab count: 0
2026-01-10 13:49:04,222 [INFO] UtilMem:75 - Begin LoadConfig() Used Memory: 854698512 Bytes (1073741824)
2026-01-10 13:49:04,224 [INFO] MicroXplorer:468 - Change Database Path : 
2026-01-10 13:49:04,224 [INFO] MicroXplorer:498 - Change Database Version : DB.6.0.130
2026-01-10 13:49:04,224 [INFO] OpenFileManager:332 - Change cursor
2026-01-10 13:49:04,261 [INFO] Mcu:2035 - Initializing MCU STM32H743IITx STM32H743IITx STM32H743IIT6
2026-01-10 13:49:09,369 [INFO] Context:748 - Trying to add GPIOservice into a context  which must be forbidden
2026-01-10 13:49:11,168 [INFO] RtosManager:555 - Registered RTOS mode: class=CMSIS, group=RTOS, mode=CMSIS_V1, owner=FREERTOS
2026-01-10 13:49:11,168 [INFO] RtosManager:555 - Registered RTOS mode: class=CMSIS, group=RTOS2, mode=CMSIS_V2, owner=FREERTOS
2026-01-10 13:49:11,168 [INFO] RtosManager:555 - Registered RTOS mode: class=RTOS, group=Core, mode=CMSIS_V1, owner=FREERTOS
2026-01-10 13:49:11,168 [INFO] RtosManager:555 - Registered RTOS mode: class=RTOS, group=Core, mode=CMSIS_V2, owner=FREERTOS
2026-01-10 13:49:11,168 [WARN] ModelIntegratedComponent:184 - Missing modes for component STMicroelectronics:FreeRTOS:0.0.1:STMicroelectronics:RTOS:FreeRTOS:Core:::10.2.0:
2026-01-10 13:49:11,171 [WARN] ModelIntegratedComponent:63 - No mode defined for component null
2026-01-10 13:49:11,172 [WARN] ModelIntegratedComponent:63 - No mode defined for component null
2026-01-10 13:49:11,172 [WARN] ModelIntegratedComponent:63 - No mode defined for component null
2026-01-10 13:49:11,172 [WARN] ModelIntegratedComponent:63 - No mode defined for component null
2026-01-10 13:49:11,172 [WARN] ModelIntegratedComponent:63 - No mode defined for component null
2026-01-10 13:49:11,172 [WARN] ModelIntegratedComponent:63 - No mode defined for component null
2026-01-10 13:49:11,172 [WARN] ModelIntegratedComponent:63 - No mode defined for component null
2026-01-10 13:49:11,172 [WARN] ModelIntegratedComponent:63 - No mode defined for component null
2026-01-10 13:49:11,172 [WARN] ModelIntegratedComponent:63 - No mode defined for component null
2026-01-10 13:49:11,172 [WARN] ModelIntegratedComponent:63 - No mode defined for component null
2026-01-10 13:49:11,172 [WARN] ModelIntegratedComponent:63 - No mode defined for component null
2026-01-10 13:49:11,172 [WARN] ModelIntegratedComponent:63 - No mode defined for component null
2026-01-10 13:49:11,172 [WARN] ModelIntegratedComponent:63 - No mode defined for component null
2026-01-10 13:49:11,172 [WARN] ModelIntegratedComponent:63 - No mode defined for component null
2026-01-10 13:49:11,172 [WARN] ModelIntegratedComponent:63 - No mode defined for component null
2026-01-10 13:49:11,172 [WARN] ModelIntegratedComponent:63 - No mode defined for component null
2026-01-10 13:49:11,172 [WARN] ModelIntegratedComponent:63 - No mode defined for component null
2026-01-10 13:49:11,172 [WARN] ModelIntegratedComponent:63 - No mode defined for component null
2026-01-10 13:49:11,172 [WARN] ModelIntegratedComponent:63 - No mode defined for component null
2026-01-10 13:49:11,174 [WARN] ModelIntegratedComponent:63 - No mode defined for component null
2026-01-10 13:49:11,174 [WARN] ModelIntegratedComponent:63 - No mode defined for component null
2026-01-10 13:49:11,174 [WARN] ModelIntegratedComponent:63 - No mode defined for component null
2026-01-10 13:49:11,174 [WARN] ModelIntegratedComponent:63 - No mode defined for component null
2026-01-10 13:49:11,174 [WARN] ModelIntegratedComponent:63 - No mode defined for component null
2026-01-10 13:49:11,174 [WARN] ModelIntegratedComponent:63 - No mode defined for component null
2026-01-10 13:49:11,174 [WARN] ModelIntegratedComponent:63 - No mode defined for component null
2026-01-10 13:49:11,174 [WARN] ModelIntegratedComponent:63 - No mode defined for component null
2026-01-10 13:49:11,174 [WARN] ModelIntegratedComponent:63 - No mode defined for component null
2026-01-10 13:49:11,174 [WARN] ModelIntegratedComponent:63 - No mode defined for component null
2026-01-10 13:49:11,174 [WARN] ModelIntegratedComponent:63 - No mode defined for component null
2026-01-10 13:49:11,174 [WARN] ModelIntegratedComponent:63 - No mode defined for component null
2026-01-10 13:49:11,174 [WARN] ModelIntegratedComponent:63 - No mode defined for component null
2026-01-10 13:49:11,174 [WARN] ModelIntegratedComponent:63 - No mode defined for component null
2026-01-10 13:49:11,174 [WARN] ModelIntegratedComponent:63 - No mode defined for component null
2026-01-10 13:49:11,174 [WARN] ModelIntegratedComponent:63 - No mode defined for component null
2026-01-10 13:49:11,175 [WARN] ModelPack:524 - Component already loaded: STMicroelectronics:HAL Drivers:0.0.0:STMicroelectronics:Device:STMicro_Driver:XSPI:HAL::0.0.1:HAL_XSPI
2026-01-10 13:49:11,351 [INFO] ThirdPartyModel:298 - Start build external matchings
2026-01-10 13:49:12,611 [INFO] ThirdPartyModel:316 - End build external matchings
2026-01-10 13:49:12,658 [WARN] IP:2251 - ClockDivider not found: check if there is a RefParameter without a condition.
2026-01-10 13:49:12,658 [WARN] IP:2251 - ClockDividerCCU not found: check if there is a RefParameter without a condition.
2026-01-10 13:49:12,658 [WARN] IP:2251 - MinOscClkPeriodsCCU not found: check if there is a RefParameter without a condition.
2026-01-10 13:49:12,659 [WARN] IP:2251 - TimeQuantaPerBitTimeCCU not found: check if there is a RefParameter without a condition.
2026-01-10 13:49:12,659 [WARN] IP:2251 - WatchdogStartValueCCU not found: check if there is a RefParameter without a condition.
2026-01-10 13:49:12,662 [WARN] IP:2251 - LayerIdx_L1 not found: check if there is a RefParameter without a condition.
2026-01-10 13:49:12,665 [INFO] ImportTextPane:218 - (OptionalMessage_ERROR) IP (RCC) : Parameter (ADCFreq_Value) has invalid value (129000000)
2026-01-10 13:49:12,671 [INFO] ImportTextPane:218 - (OptionalMessage_ERROR) IP (RCC) : Invalid parameter (FamilyName)
2026-01-10 13:49:12,672 [INFO] ImportTextPane:218 - (OptionalMessage_ERROR) IP (RCC) : Parameter (LPTIM1Freq_Value) has invalid value (64000000)
2026-01-10 13:49:12,672 [INFO] ImportTextPane:218 - (OptionalMessage_ERROR) IP (RCC) : Parameter (LPTIM2Freq_Value) has invalid value (64000000)
2026-01-10 13:49:12,672 [INFO] ImportTextPane:218 - (OptionalMessage_ERROR) IP (RCC) : Parameter (LPTIM345Freq_Value) has invalid value (64000000)
2026-01-10 13:49:12,672 [INFO] ImportTextPane:218 - (OptionalMessage_ERROR) IP (RCC) : Parameter (LPUART1Freq_Value) has invalid value (64000000)
2026-01-10 13:49:12,672 [INFO] ImportTextPane:218 - (OptionalMessage_ERROR) IP (RCC) : Parameter (SPI45Freq_Value) has invalid value (64000000)
2026-01-10 13:49:12,672 [INFO] ImportTextPane:218 - (OptionalMessage_ERROR) IP (RCC) : Parameter (SPI6Freq_Value) has invalid value (64000000)
2026-01-10 13:49:12,672 [INFO] ImportTextPane:218 - (OptionalMessage_ERROR) IP (RCC) : Parameter (SWPMI1Freq_Value) has invalid value (64000000)
2026-01-10 13:49:12,673 [INFO] ImportTextPane:218 - (OptionalMessage_ERROR) IP (RCC) : Parameter (USART16Freq_Value) has invalid value (64000000)
2026-01-10 13:49:12,673 [INFO] ImportTextPane:218 - (OptionalMessage_ERROR) IP (RCC) : Parameter (USART234578Freq_Value) has invalid value (64000000)
2026-01-10 13:49:13,708 [INFO] UtilMem:75 - End LoadConfig() Used Memory: 836812104 Bytes (1073741824)
2026-01-10 13:49:13,792 [WARN] ThirdParty:833 - waiting for thirdparty lock release [change project]
2026-01-10 13:49:13,793 [INFO] ThirdParty:835 - entering critical section [change project]
2026-01-10 13:49:13,793 [INFO] ThirdParty:1030 - CMSIS Pack Vendor :STMicroelectronics X-CUBE-PM33A1 1.0.0
2026-01-10 13:49:13,793 [INFO] ThirdParty:1030 - CMSIS Pack Vendor :STMicroelectronics USBPD 4.1
2026-01-10 13:49:13,793 [INFO] ThirdParty:1030 - CMSIS Pack Vendor :STMicroelectronics USB_HOST 2.0.0
2026-01-10 13:49:13,793 [INFO] ThirdParty:1030 - CMSIS Pack Vendor :STMicroelectronics FP-SNS-MOTENVWB1 1.4.0
2026-01-10 13:49:13,793 [INFO] ThirdParty:1030 - CMSIS Pack Vendor :STMicroelectronics X-CUBE-AZRTOS-F4 1.1.0
2026-01-10 13:49:13,793 [INFO] ThirdParty:1030 - CMSIS Pack Vendor :STMicroelectronics LIBJPEG 8.0.0
2026-01-10 13:49:13,793 [INFO] ThirdParty:1030 - CMSIS Pack Vendor :STMicroelectronics FP-ATR-ASTRA1 2.0.2
2026-01-10 13:49:13,793 [INFO] ThirdParty:1030 - CMSIS Pack Vendor :STMicroelectronics FP-ATR-ASTRA1 2.0.1
2026-01-10 13:49:13,793 [INFO] ThirdParty:1030 - CMSIS Pack Vendor :STMicroelectronics X-CUBE-SMBUS 2.1.0
2026-01-10 13:49:13,793 [INFO] ThirdParty:1030 - CMSIS Pack Vendor :STMicroelectronics X-CUBE-WB05N 1.1.0
2026-01-10 13:49:13,793 [INFO] ThirdParty:1030 - CMSIS Pack Vendor :STMicroelectronics X-CUBE-ISPU 2.1.0
2026-01-10 13:49:13,794 [INFO] ThirdParty:1030 - CMSIS Pack Vendor :STMicroelectronics X-CUBE-FREERTOS 1.2.0
2026-01-10 13:49:13,794 [INFO] ThirdParty:1030 - CMSIS Pack Vendor :STMicroelectronics X-CUBE-ST60 1.0.0
2026-01-10 13:49:13,794 [INFO] ThirdParty:1030 - CMSIS Pack Vendor :STMicroelectronics X-CUBE-NFC12 1.0.0
2026-01-10 13:49:13,794 [INFO] ThirdParty:1030 - CMSIS Pack Vendor :STMicroelectronics X-CUBE-AZRTOS-F7 1.1.0
2026-01-10 13:49:13,794 [INFO] ThirdParty:1030 - CMSIS Pack Vendor :STMicroelectronics X-CUBE-AZRTOS-L5 2.0.0
2026-01-10 13:49:13,794 [INFO] ThirdParty:1030 - CMSIS Pack Vendor :STMicroelectronics USB_DEVICE 2.0.0
2026-01-10 13:49:13,794 [INFO] ThirdParty:1030 - CMSIS Pack Vendor :STMicroelectronics X-CUBE-NFC6 3.1.0
2026-01-10 13:49:13,794 [INFO] ThirdParty:1030 - CMSIS Pack Vendor :ARM CMSIS 5.7.0
2026-01-10 13:49:13,794 [INFO] ThirdParty:1030 - CMSIS Pack Vendor :STMicroelectronics X-CUBE-MEMS1 11.0.0
2026-01-10 13:49:13,794 [INFO] ThirdParty:1030 - CMSIS Pack Vendor :STMicroelectronics FreeRTOS 0.0.1
2026-01-10 13:49:13,794 [INFO] ThirdParty:1030 - CMSIS Pack Vendor :STMicroelectronics X-CUBE-DPower 1.2.0
2026-01-10 13:49:13,794 [INFO] ThirdParty:1030 - CMSIS Pack Vendor :STMicroelectronics FP-SNS-FLIGHT1 5.0.2
2026-01-10 13:49:13,795 [INFO] ThirdParty:1030 - CMSIS Pack Vendor :STMicroelectronics PDM2PCM 3.3.0
2026-01-10 13:49:13,795 [INFO] ThirdParty:1030 - CMSIS Pack Vendor :STMicroelectronics X-CUBE-AZRTOS-H7 3.4.0
2026-01-10 13:49:13,795 [INFO] ThirdParty:1030 - CMSIS Pack Vendor :STMicroelectronics X-CUBE-DISPLAY 3.0.0
2026-01-10 13:49:13,795 [INFO] ThirdParty:1030 - CMSIS Pack Vendor :STMicroelectronics X-CUBE-BLE1 7.0.0
2026-01-10 13:49:13,795 [INFO] ThirdParty:1030 - CMSIS Pack Vendor :STMicroelectronics X-CUBE-NFC10 1.0.0
2026-01-10 13:49:13,795 [INFO] ThirdParty:1030 - CMSIS Pack Vendor :STMicroelectronics X-CUBE-BLEMGR 4.0.0
2026-01-10 13:49:13,795 [INFO] ThirdParty:1030 - CMSIS Pack Vendor :STMicroelectronics X-CUBE-FREERTOS 1.3.1
2026-01-10 13:49:13,795 [INFO] ThirdParty:1030 - CMSIS Pack Vendor :STMicroelectronics HAL Drivers 0.0.0
2026-01-10 13:49:13,795 [INFO] ThirdParty:1030 - CMSIS Pack Vendor :STMicroelectronics X-CUBE-ST60 1.1.0
2026-01-10 13:49:13,796 [INFO] ThirdParty:1030 - CMSIS Pack Vendor :emotas I-CUBE-CANOPEN 1.3.0
2026-01-10 13:49:13,796 [INFO] ThirdParty:1030 - CMSIS Pack Vendor :STMicroelectronics X-CUBE-FREERTOS 1.3.0
2026-01-10 13:49:13,796 [INFO] ThirdParty:1030 - CMSIS Pack Vendor :STMicroelectronics X-CUBE-NFC7 1.0.1
2026-01-10 13:49:13,796 [INFO] ThirdParty:1030 - CMSIS Pack Vendor :STMicroelectronics MBEDTLS 2.14.1
2026-01-10 13:49:13,796 [INFO] ThirdParty:1030 - CMSIS Pack Vendor :STMicroelectronics X-CUBE-GNSS1 7.1.0
2026-01-10 13:49:13,796 [INFO] ThirdParty:1030 - CMSIS Pack Vendor :STMicroelectronics X-CUBE-TOUCHGFX 4.26.0
2026-01-10 13:49:13,796 [INFO] ThirdParty:1030 - CMSIS Pack Vendor :STMicroelectronics X-CUBE-BLEMGR 3.1.0
2026-01-10 13:49:13,796 [INFO] ThirdParty:1030 - CMSIS Pack Vendor :STMicroelectronics X-CUBE-AI 10.0.0
2026-01-10 13:49:13,796 [INFO] ThirdParty:1030 - CMSIS Pack Vendor :STMicroelectronics FP-SNS-STAIOTCFT 1.0.0
2026-01-10 13:49:13,796 [INFO] ThirdParty:1030 - CMSIS Pack Vendor :STMicroelectronics FP-SNS-SMARTAG2 1.2.0
2026-01-10 13:49:13,796 [INFO] ThirdParty:1030 - CMSIS Pack Vendor :STMicroelectronics FP-SNS-FLIGHT1 5.1.0
2026-01-10 13:49:13,796 [INFO] ThirdParty:1030 - CMSIS Pack Vendor :STMicroelectronics X-CUBE-MEMS1 11.1.0
2026-01-10 13:49:13,796 [INFO] ThirdParty:1030 - CMSIS Pack Vendor :STMicroelectronics X-CUBE-AZRTOS-WL 2.0.0
2026-01-10 13:49:13,797 [INFO] ThirdParty:1030 - CMSIS Pack Vendor :STMicroelectronics X-CUBE-DPower 1.3.0
2026-01-10 13:49:13,797 [INFO] ThirdParty:1030 - CMSIS Pack Vendor :STMicroelectronics FP-SNS-MOTENV1 5.0.0
2026-01-10 13:49:13,797 [INFO] ThirdParty:1030 - CMSIS Pack Vendor :STMicroelectronics USB_DEVICE 1.0.0
2026-01-10 13:49:13,797 [INFO] ThirdParty:1030 - CMSIS Pack Vendor :STMicroelectronics X-CUBE-AZRTOS-H7RS 1.2.0
2026-01-10 13:49:13,797 [INFO] ThirdParty:1030 - CMSIS Pack Vendor :wolfSSL I-CUBE-wolfMQTT 1.19.0
2026-01-10 13:49:13,797 [INFO] ThirdParty:1030 - CMSIS Pack Vendor :STMicroelectronics X-CUBE-AZRTOS-L4 2.0.0
2026-01-10 13:49:13,797 [INFO] ThirdParty:1030 - CMSIS Pack Vendor :STMicroelectronics ThreadX 0.0.2
2026-01-10 13:49:13,797 [INFO] ThirdParty:1030 - CMSIS Pack Vendor :WES I-CUBE-Cesium 1.3.0
2026-01-10 13:49:13,797 [INFO] ThirdParty:1030 - CMSIS Pack Vendor :STMicroelectronics lwIP 2.1.2
2026-01-10 13:49:13,797 [INFO] ThirdParty:1030 - CMSIS Pack Vendor :STMicroelectronics X-CUBE-SFXS2LP1 4.0.0
2026-01-10 13:49:13,797 [INFO] ThirdParty:1030 - CMSIS Pack Vendor :STMicroelectronics X-CUBE-BLE2 3.3.0
2026-01-10 13:49:13,797 [INFO] ThirdParty:1030 - CMSIS Pack Vendor :Avnet-IOTCONNECT X-CUBE-iotc-st67-sdk 1.0.0
2026-01-10 13:49:13,797 [INFO] ThirdParty:1030 - CMSIS Pack Vendor :STMicroelectronics PDM2PCM 3.2.0
2026-01-10 13:49:13,798 [INFO] ThirdParty:1030 - CMSIS Pack Vendor :STMicroelectronics X-CUBE-AZRTOS-H7 3.3.0
2026-01-10 13:49:13,798 [INFO] ThirdParty:1030 - CMSIS Pack Vendor :STMicroelectronics X-CUBE-NFC9 1.0.0
2026-01-10 13:49:13,798 [INFO] ThirdParty:1030 - CMSIS Pack Vendor :STMicroelectronics X-CUBE-BLE1 7.1.0
2026-01-10 13:49:13,798 [INFO] ThirdParty:1030 - CMSIS Pack Vendor :STMicroelectronics USB_DEVICE 3.0.0
2026-01-10 13:49:13,798 [INFO] ThirdParty:1030 - CMSIS Pack Vendor :STMicroelectronics X-CUBE-TCPP 4.1.0
2026-01-10 13:49:13,798 [INFO] ThirdParty:1030 - CMSIS Pack Vendor :STMicroelectronics X-CUBE-EEPRMA1 5.2.0
2026-01-10 13:49:13,798 [INFO] ThirdParty:1030 - CMSIS Pack Vendor :STMicroelectronics X-CUBE-BLEMGR 4.1.0
2026-01-10 13:49:13,799 [INFO] ThirdParty:1030 - CMSIS Pack Vendor :STMicroelectronics X-CUBE-IPS 3.0.0
2026-01-10 13:49:13,799 [INFO] ThirdParty:1030 - CMSIS Pack Vendor :STMicroelectronics X-CUBE-AZRTOS-WB 2.0.0
2026-01-10 13:49:13,799 [INFO] ThirdParty:1030 - CMSIS Pack Vendor :STMicroelectronics X-CUBE-GNSS1 7.0.0
2026-01-10 13:49:13,799 [INFO] ThirdParty:1030 - CMSIS Pack Vendor :STMicroelectronics X-CUBE-GNSS1 7.0.1
2026-01-10 13:49:13,799 [INFO] ThirdParty:1030 - CMSIS Pack Vendor :STMicroelectronics X-CUBE-TOUCHGFX 4.25.0
2026-01-10 13:49:13,799 [INFO] ThirdParty:1030 - CMSIS Pack Vendor :STMicroelectronics FP-SNS-STBOX1 2.0.0
2026-01-10 13:49:13,799 [INFO] ThirdParty:1030 - CMSIS Pack Vendor :STMicroelectronics X-CUBE-MEMS1 12.0.0
2026-01-10 13:49:13,799 [INFO] ThirdParty:1030 - CMSIS Pack Vendor :STMicroelectronics X-CUBE-AZRTOS-G0 1.1.0
2026-01-10 13:49:13,800 [INFO] ThirdParty:1030 - CMSIS Pack Vendor :STMicroelectronics X-CUBE-SAFEA1 1.2.2
2026-01-10 13:49:13,800 [INFO] ThirdParty:1030 - CMSIS Pack Vendor :STMicroelectronics X-CUBE-NFC4 3.0.0
2026-01-10 13:49:13,800 [INFO] ThirdParty:1030 - CMSIS Pack Vendor :STMicroelectronics X-CUBE-SUBG2 5.0.0
2026-01-10 13:49:13,800 [INFO] ThirdParty:1030 - CMSIS Pack Vendor :STMicroelectronics X-CUBE-AZRTOS-H7RS 1.1.0
2026-01-10 13:49:13,800 [INFO] ThirdParty:1030 - CMSIS Pack Vendor :STMicroelectronics STM32_WPAN 1.0.0
2026-01-10 13:49:13,800 [INFO] ThirdParty:1030 - CMSIS Pack Vendor :EmbeddedOffice I-CUBE-FS-RTOS 1.0.1
2026-01-10 13:49:13,800 [INFO] ThirdParty:1030 - CMSIS Pack Vendor :STMicroelectronics lwIP 2.0.3
2026-01-10 13:49:13,801 [INFO] ThirdParty:1030 - CMSIS Pack Vendor :Cesanta I-CUBE-Mongoose 7.13.0
2026-01-10 13:49:13,801 [INFO] ThirdParty:1030 - CMSIS Pack Vendor :STMicroelectronics USB_HOST 1.0.0
2026-01-10 13:49:13,801 [INFO] ThirdParty:1030 - CMSIS Pack Vendor :STMicroelectronics X-CUBE-AZRTOS-G4 2.0.0
2026-01-10 13:49:13,801 [INFO] ThirdParty:1030 - CMSIS Pack Vendor :STMicroelectronics X-CUBE-WB05N 2.0.0
2026-01-10 13:49:13,801 [INFO] ThirdParty:1030 - CMSIS Pack Vendor :STMicroelectronics PDM2PCM 3.1.0
2026-01-10 13:49:13,802 [INFO] ThirdParty:1030 - CMSIS Pack Vendor :STMicroelectronics X-CUBE-NFC7 2.0.0
2026-01-10 13:49:13,802 [INFO] ThirdParty:1030 - CMSIS Pack Vendor :STMicroelectronics X-CUBE-TCPP 4.2.0
2026-01-10 13:49:13,802 [INFO] ThirdParty:1030 - CMSIS Pack Vendor :RealThread X-CUBE-RT-Thread_Nano 4.1.1
2026-01-10 13:49:13,802 [INFO] ThirdParty:1030 - CMSIS Pack Vendor :STMicroelectronics FP-ATR-SIGFOX1 3.2.0
2026-01-10 13:49:13,802 [INFO] ThirdParty:1030 - CMSIS Pack Vendor :wolfSSL I-CUBE-wolfSSL 5.7.2
2026-01-10 13:49:13,802 [INFO] ThirdParty:1030 - CMSIS Pack Vendor :quantropi X-CUBE-qispace-sdk-base 1.9.3
2026-01-10 13:49:13,802 [INFO] ThirdParty:1030 - CMSIS Pack Vendor :STMicroelectronics X-CUBE-EEPRMA1 5.1.0
2026-01-10 13:49:13,802 [INFO] ThirdParty:1030 - CMSIS Pack Vendor :STMicroelectronics MBEDTLS 2.16.2
2026-01-10 13:49:13,802 [INFO] ThirdParty:1030 - CMSIS Pack Vendor :STMicroelectronics X-CUBE-IPS 3.1.0
2026-01-10 13:49:13,802 [INFO] ThirdParty:1030 - CMSIS Pack Vendor :STMicroelectronics X-CUBE-ALS 1.0.2
2026-01-10 13:49:13,803 [INFO] ThirdParty:1030 - CMSIS Pack Vendor :ITTIA_DB I-CUBE-ITTIADB 8.9.0
2026-01-10 13:49:13,804 [INFO] ThirdParty:1030 - CMSIS Pack Vendor :STMicroelectronics X-CUBE-TOUCHGFX 4.24.1
2026-01-10 13:49:13,804 [INFO] ThirdParty:1030 - CMSIS Pack Vendor :STMicroelectronics X-CUBE-STSE01 1.0.0
2026-01-10 13:49:13,804 [INFO] ThirdParty:1030 - CMSIS Pack Vendor :wolfSSL I-CUBE-wolfTPM 3.4.0
2026-01-10 13:49:13,804 [INFO] ThirdParty:1030 - CMSIS Pack Vendor :portGmbH I-Cube-SoM-uGOAL 1.1.0
2026-01-10 13:49:13,804 [INFO] ThirdParty:1030 - CMSIS Pack Vendor :STMicroelectronics X-CUBE-ST67W61 1.0.0
2026-01-10 13:49:13,805 [INFO] ThirdParty:1030 - CMSIS Pack Vendor :STMicroelectronics X-CUBE-AI 10.2.0
2026-01-10 13:49:13,805 [INFO] ThirdParty:1030 - CMSIS Pack Vendor :STMicroelectronics ThreadX 1.0.0
2026-01-10 13:49:13,805 [INFO] ThirdParty:1030 - CMSIS Pack Vendor :SEGGER I-CUBE-embOS 1.3.1
2026-01-10 13:49:13,805 [INFO] ThirdParty:1030 - CMSIS Pack Vendor :STMicroelectronics X-CUBE-ALGOBUILD 1.4.0
2026-01-10 13:49:13,805 [INFO] ThirdParty:1030 - CMSIS Pack Vendor :STMicroelectronics X-CUBE-MEMS1 11.3.0
2026-01-10 13:49:13,805 [INFO] ThirdParty:1030 - CMSIS Pack Vendor :STMicroelectronics X-CUBE-AZRTOS-H7RS 1.0.0
2026-01-10 13:49:13,806 [INFO] ThirdParty:1030 - CMSIS Pack Vendor :STMicroelectronics FP-ATR-ASTRA1 2.0.0
2026-01-10 13:49:13,806 [INFO] ThirdParty:1030 - CMSIS Pack Vendor :STMicroelectronics X-CUBE-TOF1 3.4.2
2026-01-10 13:49:13,806 [INFO] ThirdParty:1030 - CMSIS Pack Vendor :STMicroelectronics X-CUBE-TOF1 3.4.3
2026-01-10 13:49:13,806 [INFO] ThirdParty:1030 - CMSIS Pack Vendor :STMicroelectronics X-CUBE-AI 9.1.0
2026-01-10 13:49:13,806 [INFO] ThirdParty:1030 - CMSIS Pack Vendor :Infineon AIROC-Wi-Fi-Bluetooth-STM32 1.6.1
2026-01-10 13:49:13,806 [INFO] ThirdParty:1030 - CMSIS Pack Vendor :wolfSSL I-CUBE-wolfSSH 1.4.17
2026-01-10 13:49:13,806 [INFO] ThirdParty:841 - exiting critical section [change project]
2026-01-10 13:49:14,265 [INFO] PinOutPanel:1589 - setPackage(No Configuration,No Configuration)
2026-01-10 13:49:14,266 [INFO] PinOutPanel:1589 - setPackage(STM32H743IITx,LQFP176)
2026-01-10 13:49:14,829 [INFO] UtilMem:75 - Before build in PCC Used Memory: 886650224 Bytes (1073741824)
2026-01-10 13:49:15,118 [INFO] UtilMem:75 - After build in PCC Used Memory: 947993968 Bytes (1073741824)
2026-01-10 13:49:15,154 [INFO] IPUIPlugin:80 - create IPUIPlugin
2026-01-10 13:49:15,154 [INFO] IPUIPlugin:80 - create IPUIPlugin
2026-01-10 13:49:15,154 [INFO] IPUIPlugin:80 - create IPUIPlugin
2026-01-10 13:49:15,154 [INFO] IPUIPlugin:80 - create IPUIPlugin
2026-01-10 13:49:15,154 [INFO] IPUIPlugin:80 - create IPUIPlugin
2026-01-10 13:49:15,154 [INFO] IPUIPlugin:80 - create IPUIPlugin
2026-01-10 13:49:15,154 [INFO] IPUIPlugin:80 - create IPUIPlugin
2026-01-10 13:49:15,155 [INFO] IPUIPlugin:80 - create IPUIPlugin
2026-01-10 13:49:15,155 [INFO] IPUIPlugin:80 - create IPUIPlugin
2026-01-10 13:49:15,155 [INFO] IPUIPlugin:80 - create IPUIPlugin
2026-01-10 13:49:15,155 [INFO] IPUIPlugin:80 - create IPUIPlugin
2026-01-10 13:49:15,155 [INFO] IPUIPlugin:80 - create IPUIPlugin
2026-01-10 13:49:15,155 [INFO] IPUIPlugin:80 - create IPUIPlugin
2026-01-10 13:49:15,155 [INFO] IPUIPlugin:80 - create IPUIPlugin
2026-01-10 13:49:15,155 [INFO] IPUIPlugin:80 - create IPUIPlugin
2026-01-10 13:49:15,155 [INFO] IPUIPlugin:80 - create IPUIPlugin
2026-01-10 13:49:15,156 [INFO] IPUIPlugin:80 - create IPUIPlugin
2026-01-10 13:49:15,156 [INFO] IPUIPlugin:80 - create IPUIPlugin
2026-01-10 13:49:15,156 [INFO] IPUIPlugin:80 - create IPUIPlugin
2026-01-10 13:49:15,156 [INFO] IPUIPlugin:80 - create IPUIPlugin
2026-01-10 13:49:15,156 [INFO] IPUIPlugin:80 - create IPUIPlugin
2026-01-10 13:49:15,156 [INFO] IPUIPlugin:80 - create IPUIPlugin
2026-01-10 13:49:15,156 [INFO] IPUIPlugin:80 - create IPUIPlugin
2026-01-10 13:49:15,156 [INFO] IPUIPlugin:80 - create IPUIPlugin
2026-01-10 13:49:15,156 [INFO] IPUIPlugin:80 - create IPUIPlugin
2026-01-10 13:49:15,157 [INFO] IPUIPlugin:80 - create IPUIPlugin
2026-01-10 13:49:15,157 [INFO] IPUIPlugin:80 - create IPUIPlugin
2026-01-10 13:49:15,157 [INFO] IPUIPlugin:80 - create IPUIPlugin
2026-01-10 13:49:15,157 [INFO] IPUIPlugin:80 - create IPUIPlugin
2026-01-10 13:49:15,157 [INFO] IPUIPlugin:80 - create IPUIPlugin
2026-01-10 13:49:15,157 [INFO] IPUIPlugin:80 - create IPUIPlugin
2026-01-10 13:49:15,157 [INFO] IPUIPlugin:80 - create IPUIPlugin
2026-01-10 13:49:15,158 [INFO] IPUIPlugin:80 - create IPUIPlugin
2026-01-10 13:49:15,158 [INFO] IPUIPlugin:80 - create IPUIPlugin
2026-01-10 13:49:15,158 [INFO] IPUIPlugin:80 - create IPUIPlugin
2026-01-10 13:49:15,158 [INFO] IPUIPlugin:80 - create IPUIPlugin
2026-01-10 13:49:15,158 [INFO] IPUIPlugin:80 - create IPUIPlugin
2026-01-10 13:49:15,158 [INFO] IPUIPlugin:80 - create IPUIPlugin
2026-01-10 13:49:15,158 [INFO] IPUIPlugin:80 - create IPUIPlugin
2026-01-10 13:49:15,159 [INFO] IPUIPlugin:80 - create IPUIPlugin
2026-01-10 13:49:15,159 [INFO] IPUIPlugin:80 - create IPUIPlugin
2026-01-10 13:49:15,159 [INFO] IPUIPlugin:80 - create IPUIPlugin
2026-01-10 13:49:15,159 [INFO] IPUIPlugin:80 - create IPUIPlugin
2026-01-10 13:49:15,159 [INFO] IPUIPlugin:80 - create IPUIPlugin
2026-01-10 13:49:15,160 [INFO] IPUIPlugin:80 - create IPUIPlugin
2026-01-10 13:49:15,160 [INFO] IPUIPlugin:80 - create IPUIPlugin
2026-01-10 13:49:15,160 [INFO] IPUIPlugin:80 - create IPUIPlugin
2026-01-10 13:49:15,160 [INFO] IPUIPlugin:80 - create IPUIPlugin
2026-01-10 13:49:15,160 [INFO] IPUIPlugin:80 - create IPUIPlugin
2026-01-10 13:49:15,161 [INFO] IPUIPlugin:80 - create IPUIPlugin
2026-01-10 13:49:15,161 [INFO] IPUIPlugin:80 - create IPUIPlugin
2026-01-10 13:49:15,161 [INFO] IPUIPlugin:80 - create IPUIPlugin
2026-01-10 13:49:15,161 [INFO] IPUIPlugin:80 - create IPUIPlugin
2026-01-10 13:49:15,162 [INFO] IPUIPlugin:80 - create IPUIPlugin
2026-01-10 13:49:15,162 [INFO] IPUIPlugin:80 - create IPUIPlugin
2026-01-10 13:49:15,162 [INFO] IPUIPlugin:80 - create IPUIPlugin
2026-01-10 13:49:15,163 [INFO] IPUIPlugin:80 - create IPUIPlugin
2026-01-10 13:49:15,163 [INFO] IPUIPlugin:80 - create IPUIPlugin
2026-01-10 13:49:15,165 [INFO] IPUIPlugin:80 - create IPUIPlugin
2026-01-10 13:49:15,165 [INFO] IPUIPlugin:80 - create IPUIPlugin
2026-01-10 13:49:15,165 [INFO] IPUIPlugin:80 - create IPUIPlugin
2026-01-10 13:49:15,165 [INFO] IPUIPlugin:80 - create IPUIPlugin
2026-01-10 13:49:15,166 [INFO] IPUIPlugin:80 - create IPUIPlugin
2026-01-10 13:49:15,166 [INFO] IPUIPlugin:80 - create IPUIPlugin
2026-01-10 13:49:15,166 [INFO] IPUIPlugin:80 - create IPUIPlugin
2026-01-10 13:49:15,167 [INFO] IPUIPlugin:80 - create IPUIPlugin
2026-01-10 13:49:15,167 [INFO] IPUIPlugin:80 - create IPUIPlugin
2026-01-10 13:49:15,167 [INFO] IPUIPlugin:80 - create IPUIPlugin
2026-01-10 13:49:15,168 [INFO] IPUIPlugin:80 - create IPUIPlugin
2026-01-10 13:49:15,168 [INFO] IPUIPlugin:80 - create IPUIPlugin
2026-01-10 13:49:15,168 [INFO] IPUIPlugin:80 - create IPUIPlugin
2026-01-10 13:49:15,169 [INFO] IPUIPlugin:80 - create IPUIPlugin
2026-01-10 13:49:15,169 [INFO] IPUIPlugin:80 - create IPUIPlugin
2026-01-10 13:49:15,169 [INFO] IPUIPlugin:80 - create IPUIPlugin
2026-01-10 13:49:15,170 [INFO] IPUIPlugin:80 - create IPUIPlugin
2026-01-10 13:49:15,170 [INFO] IPUIPlugin:80 - create IPUIPlugin
2026-01-10 13:49:15,170 [INFO] IPUIPlugin:80 - create IPUIPlugin
2026-01-10 13:49:15,171 [INFO] IPUIPlugin:80 - create IPUIPlugin
2026-01-10 13:49:15,171 [INFO] IPUIPlugin:80 - create IPUIPlugin
2026-01-10 13:49:15,171 [INFO] IPUIPlugin:80 - create IPUIPlugin
2026-01-10 13:49:15,172 [INFO] IPUIPlugin:80 - create IPUIPlugin
2026-01-10 13:49:15,172 [INFO] IPUIPlugin:80 - create IPUIPlugin
2026-01-10 13:49:15,172 [INFO] IPUIPlugin:80 - create IPUIPlugin
2026-01-10 13:49:15,172 [INFO] IPUIPlugin:80 - create IPUIPlugin
2026-01-10 13:49:15,172 [INFO] IPUIPlugin:80 - create IPUIPlugin
2026-01-10 13:49:15,173 [INFO] IPUIPlugin:80 - create IPUIPlugin
2026-01-10 13:49:15,173 [INFO] IPUIPlugin:80 - create IPUIPlugin
2026-01-10 13:49:15,174 [INFO] IPUIPlugin:80 - create IPUIPlugin
2026-01-10 13:49:15,174 [INFO] IPUIPlugin:80 - create IPUIPlugin
2026-01-10 13:49:15,174 [INFO] IPUIPlugin:80 - create IPUIPlugin
2026-01-10 13:49:15,175 [INFO] IPUIPlugin:80 - create IPUIPlugin
2026-01-10 13:49:15,175 [INFO] IPUIPlugin:80 - create IPUIPlugin
2026-01-10 13:49:15,176 [INFO] IPUIPlugin:80 - create IPUIPlugin
2026-01-10 13:49:15,176 [INFO] IPUIPlugin:80 - create IPUIPlugin
2026-01-10 13:49:15,177 [INFO] IPUIPlugin:80 - create IPUIPlugin
2026-01-10 13:49:15,177 [INFO] IPUIPlugin:80 - create IPUIPlugin
2026-01-10 13:49:15,178 [INFO] IPUIPlugin:80 - create IPUIPlugin
2026-01-10 13:49:15,178 [INFO] IPUIPlugin:80 - create IPUIPlugin
2026-01-10 13:49:15,187 [INFO] ApiDbMcu:508 - Load IP Config File for PDM2PCM
2026-01-10 13:49:15,189 [WARN] IP:2251 - ClockDivider not found: check if there is a RefParameter without a condition.
2026-01-10 13:49:15,190 [WARN] IP:2251 - ClockDividerCCU not found: check if there is a RefParameter without a condition.
2026-01-10 13:49:15,190 [WARN] IP:2251 - MinOscClkPeriodsCCU not found: check if there is a RefParameter without a condition.
2026-01-10 13:49:15,190 [WARN] IP:2251 - TimeQuantaPerBitTimeCCU not found: check if there is a RefParameter without a condition.
2026-01-10 13:49:15,190 [WARN] IP:2251 - WatchdogStartValueCCU not found: check if there is a RefParameter without a condition.
2026-01-10 13:49:15,195 [INFO] LogOutputStream:77 - [STDOUT_REDIRECT] Nominal 
2026-01-10 13:49:15,196 [INFO] Can:71 - Can Add PropertyChangeListener com.st.microxplorer.plugins.ip.can.Can@2ccceeef
2026-01-10 13:49:15,319 [INFO] CADModel:165 - CPN selected for project levelSTM32H743IIT6
2026-01-10 13:49:15,319 [INFO] CADModel:114 - Register for checkConnection events
2026-01-10 13:49:15,398 [INFO] OpenFileManager:363 - Restore cursor
2026-01-10 13:49:15,613 [WARN] IP:2251 - LayerIdx_L1 not found: check if there is a RefParameter without a condition.
2026-01-10 13:49:15,806 [WARN] IP:2251 - ClockDivider not found: check if there is a RefParameter without a condition.
2026-01-10 13:49:15,806 [WARN] IP:2251 - ClockDividerCCU not found: check if there is a RefParameter without a condition.
2026-01-10 13:49:15,806 [WARN] IP:2251 - MinOscClkPeriodsCCU not found: check if there is a RefParameter without a condition.
2026-01-10 13:49:15,806 [WARN] IP:2251 - TimeQuantaPerBitTimeCCU not found: check if there is a RefParameter without a condition.
2026-01-10 13:49:15,806 [WARN] IP:2251 - WatchdogStartValueCCU not found: check if there is a RefParameter without a condition.
2026-01-10 13:56:12,709 [INFO] UtilMem:75 - End SaveConfig() Used Memory: 977049248 Bytes (1073741824)
2026-01-10 13:56:13,222 [INFO] BlockDiagram:2766 - set Specific Code input for plugin: LTDC
2026-01-10 13:56:13,222 [INFO] BlockDiagram:2766 - set Specific Code input for plugin: RCC
2026-01-10 13:56:13,222 [INFO] BlockDiagram:2766 - set Specific Code input for plugin: I2C
2026-01-10 13:56:13,222 [INFO] BlockDiagram:2766 - set Specific Code input for plugin: I2C
2026-01-10 13:56:13,222 [INFO] BlockDiagram:2766 - set Specific Code input for plugin: FMC
2026-01-10 13:56:13,222 [INFO] BlockDiagram:2766 - set Specific Code input for plugin: FDCAN
2026-01-10 13:56:13,222 [INFO] BlockDiagram:2766 - set Specific Code input for plugin: QUADSPI
2026-01-10 13:56:13,222 [INFO] BlockDiagram:2766 - set Specific Code input for plugin: MEMORYMAP
2026-01-10 13:56:13,222 [INFO] BlockDiagram:2766 - set Specific Code input for plugin: SYS
2026-01-10 13:56:13,222 [INFO] BlockDiagram:2766 - set Specific Code input for plugin: CRC
2026-01-10 13:56:13,222 [INFO] BlockDiagram:2766 - set Specific Code input for plugin: NVIC
2026-01-10 13:56:13,222 [INFO] BlockDiagram:2766 - set Specific Code input for plugin: DMA2D
2026-01-10 13:56:13,222 [INFO] BlockDiagram:2766 - set Specific Code input for plugin: CORTEX_M7
2026-01-10 13:56:13,223 [INFO] BlockDiagram:2766 - set Specific Code input for plugin: DEBUG
2026-01-10 13:56:13,224 [INFO] BlockDiagram:2766 - set Specific Code input for plugin: GPIO
2026-01-10 13:56:13,228 [INFO] CodeGenerator:896 - code generatio: config db path: C:\ST\STM32CubeIDE_1.17.0\STM32CubeIDE\plugins\com.st.stm32cube.common.mx_6.13.0.202411220809\\db\
2026-01-10 13:56:13,254 [WARN] IP:2251 - ClockDivider not found: check if there is a RefParameter without a condition.
2026-01-10 13:56:13,254 [WARN] IP:2251 - ClockDividerCCU not found: check if there is a RefParameter without a condition.
2026-01-10 13:56:13,254 [WARN] IP:2251 - MinOscClkPeriodsCCU not found: check if there is a RefParameter without a condition.
2026-01-10 13:56:13,254 [WARN] IP:2251 - TimeQuantaPerBitTimeCCU not found: check if there is a RefParameter without a condition.
2026-01-10 13:56:13,254 [WARN] IP:2251 - WatchdogStartValueCCU not found: check if there is a RefParameter without a condition.
2026-01-10 13:56:13,277 [WARN] IP:2251 - LayerIdx_L1 not found: check if there is a RefParameter without a condition.
2026-01-10 13:56:13,503 [INFO] CodeEngine:255 - oldGeneratedFile, C:\Users\kamil\STM32CubeIDE\workspace_1.17.0\STM32H743IIT6-projects\Rower elektryczny\MXTmpFiles\license.tmp_save
2026-01-10 13:56:13,851 [INFO] CodeEngine:279 - Generated code: C:\Users\kamil\STM32CubeIDE\workspace_1.17.0\STM32H743IIT6-projects\Rower elektryczny\MXTmpFiles\license.tmp
2026-01-10 13:56:14,179 [INFO] CodeEngine:255 - oldGeneratedFile, C:\Users\kamil\STM32CubeIDE\workspace_1.17.0\STM32H743IIT6-projects\Rower elektryczny\Core\Src\gpio.c_save
2026-01-10 13:56:14,311 [INFO] CodeEngine:279 - Generated code: C:\Users\kamil\STM32CubeIDE\workspace_1.17.0\STM32H743IIT6-projects\Rower elektryczny\Core\Src\gpio.c
2026-01-10 13:56:14,321 [INFO] CodeEngine:255 - oldGeneratedFile, C:\Users\kamil\STM32CubeIDE\workspace_1.17.0\STM32H743IIT6-projects\Rower elektryczny\Core\Inc\gpio.h_save
2026-01-10 13:56:14,432 [INFO] CodeEngine:279 - Generated code: C:\Users\kamil\STM32CubeIDE\workspace_1.17.0\STM32H743IIT6-projects\Rower elektryczny\Core\Inc\gpio.h
2026-01-10 13:56:14,830 [WARN] IPConfigManager:98 - WARNING: Missing Config File for DEBUG ip!!
2026-01-10 13:56:16,642 [WARN] IPConfigManager:98 - WARNING: Missing Config File for MEMORYMAP ip!!
2026-01-10 13:56:17,222 [INFO] CodeEngine:255 - oldGeneratedFile, C:\Users\kamil\STM32CubeIDE\workspace_1.17.0\STM32H743IIT6-projects\Rower elektryczny\MXTmpFiles\cortex.tmp_save
2026-01-10 13:56:17,365 [INFO] CodeEngine:279 - Generated code: C:\Users\kamil\STM32CubeIDE\workspace_1.17.0\STM32H743IIT6-projects\Rower elektryczny\MXTmpFiles\cortex.tmp
2026-01-10 13:56:17,397 [INFO] CodeEngine:255 - oldGeneratedFile, C:\Users\kamil\STM32CubeIDE\workspace_1.17.0\STM32H743IIT6-projects\Rower elektryczny\Core\Src\crc.c_save
2026-01-10 13:56:17,556 [INFO] CodeEngine:279 - Generated code: C:\Users\kamil\STM32CubeIDE\workspace_1.17.0\STM32H743IIT6-projects\Rower elektryczny\Core\Src\crc.c
2026-01-10 13:56:17,564 [INFO] CodeEngine:255 - oldGeneratedFile, C:\Users\kamil\STM32CubeIDE\workspace_1.17.0\STM32H743IIT6-projects\Rower elektryczny\Core\Inc\crc.h_save
2026-01-10 13:56:17,684 [INFO] CodeEngine:279 - Generated code: C:\Users\kamil\STM32CubeIDE\workspace_1.17.0\STM32H743IIT6-projects\Rower elektryczny\Core\Inc\crc.h
2026-01-10 13:56:17,714 [INFO] CodeEngine:255 - oldGeneratedFile, C:\Users\kamil\STM32CubeIDE\workspace_1.17.0\STM32H743IIT6-projects\Rower elektryczny\Core\Src\dma2d.c_save
2026-01-10 13:56:17,827 [INFO] CodeEngine:279 - Generated code: C:\Users\kamil\STM32CubeIDE\workspace_1.17.0\STM32H743IIT6-projects\Rower elektryczny\Core\Src\dma2d.c
2026-01-10 13:56:17,837 [INFO] CodeEngine:255 - oldGeneratedFile, C:\Users\kamil\STM32CubeIDE\workspace_1.17.0\STM32H743IIT6-projects\Rower elektryczny\Core\Inc\dma2d.h_save
2026-01-10 13:56:17,940 [INFO] CodeEngine:279 - Generated code: C:\Users\kamil\STM32CubeIDE\workspace_1.17.0\STM32H743IIT6-projects\Rower elektryczny\Core\Inc\dma2d.h
2026-01-10 13:56:17,969 [INFO] CodeEngine:255 - oldGeneratedFile, C:\Users\kamil\STM32CubeIDE\workspace_1.17.0\STM32H743IIT6-projects\Rower elektryczny\Core\Src\fdcan.c_save
2026-01-10 13:56:18,065 [INFO] CodeEngine:279 - Generated code: C:\Users\kamil\STM32CubeIDE\workspace_1.17.0\STM32H743IIT6-projects\Rower elektryczny\Core\Src\fdcan.c
2026-01-10 13:56:18,072 [INFO] CodeEngine:255 - oldGeneratedFile, C:\Users\kamil\STM32CubeIDE\workspace_1.17.0\STM32H743IIT6-projects\Rower elektryczny\Core\Inc\fdcan.h_save
2026-01-10 13:56:18,208 [INFO] CodeEngine:279 - Generated code: C:\Users\kamil\STM32CubeIDE\workspace_1.17.0\STM32H743IIT6-projects\Rower elektryczny\Core\Inc\fdcan.h
2026-01-10 13:56:18,242 [INFO] CodeEngine:255 - oldGeneratedFile, C:\Users\kamil\STM32CubeIDE\workspace_1.17.0\STM32H743IIT6-projects\Rower elektryczny\Core\Src\fmc.c_save
2026-01-10 13:56:18,366 [INFO] CodeEngine:279 - Generated code: C:\Users\kamil\STM32CubeIDE\workspace_1.17.0\STM32H743IIT6-projects\Rower elektryczny\Core\Src\fmc.c
2026-01-10 13:56:18,386 [INFO] CodeEngine:255 - oldGeneratedFile, C:\Users\kamil\STM32CubeIDE\workspace_1.17.0\STM32H743IIT6-projects\Rower elektryczny\Core\Inc\fmc.h_save
2026-01-10 13:56:18,468 [INFO] CodeEngine:279 - Generated code: C:\Users\kamil\STM32CubeIDE\workspace_1.17.0\STM32H743IIT6-projects\Rower elektryczny\Core\Inc\fmc.h
2026-01-10 13:56:18,503 [INFO] CodeEngine:255 - oldGeneratedFile, C:\Users\kamil\STM32CubeIDE\workspace_1.17.0\STM32H743IIT6-projects\Rower elektryczny\Core\Src\i2c.c_save
2026-01-10 13:56:18,603 [INFO] CodeEngine:279 - Generated code: C:\Users\kamil\STM32CubeIDE\workspace_1.17.0\STM32H743IIT6-projects\Rower elektryczny\Core\Src\i2c.c
2026-01-10 13:56:18,610 [INFO] CodeEngine:255 - oldGeneratedFile, C:\Users\kamil\STM32CubeIDE\workspace_1.17.0\STM32H743IIT6-projects\Rower elektryczny\Core\Inc\i2c.h_save
2026-01-10 13:56:18,705 [INFO] CodeEngine:279 - Generated code: C:\Users\kamil\STM32CubeIDE\workspace_1.17.0\STM32H743IIT6-projects\Rower elektryczny\Core\Inc\i2c.h
2026-01-10 13:56:18,735 [INFO] CodeEngine:255 - oldGeneratedFile, C:\Users\kamil\STM32CubeIDE\workspace_1.17.0\STM32H743IIT6-projects\Rower elektryczny\Core\Src\ltdc.c_save
2026-01-10 13:56:18,845 [INFO] CodeEngine:279 - Generated code: C:\Users\kamil\STM32CubeIDE\workspace_1.17.0\STM32H743IIT6-projects\Rower elektryczny\Core\Src\ltdc.c
2026-01-10 13:56:18,855 [INFO] CodeEngine:255 - oldGeneratedFile, C:\Users\kamil\STM32CubeIDE\workspace_1.17.0\STM32H743IIT6-projects\Rower elektryczny\Core\Inc\ltdc.h_save
2026-01-10 13:56:18,929 [INFO] CodeEngine:279 - Generated code: C:\Users\kamil\STM32CubeIDE\workspace_1.17.0\STM32H743IIT6-projects\Rower elektryczny\Core\Inc\ltdc.h
2026-01-10 13:56:18,972 [INFO] CodeEngine:255 - oldGeneratedFile, C:\Users\kamil\STM32CubeIDE\workspace_1.17.0\STM32H743IIT6-projects\Rower elektryczny\Core\Src\memorymap.c_save
2026-01-10 13:56:19,071 [INFO] CodeEngine:279 - Generated code: C:\Users\kamil\STM32CubeIDE\workspace_1.17.0\STM32H743IIT6-projects\Rower elektryczny\Core\Src\memorymap.c
2026-01-10 13:56:19,082 [INFO] CodeEngine:255 - oldGeneratedFile, C:\Users\kamil\STM32CubeIDE\workspace_1.17.0\STM32H743IIT6-projects\Rower elektryczny\Core\Inc\memorymap.h_save
2026-01-10 13:56:19,176 [INFO] CodeEngine:279 - Generated code: C:\Users\kamil\STM32CubeIDE\workspace_1.17.0\STM32H743IIT6-projects\Rower elektryczny\Core\Inc\memorymap.h
2026-01-10 13:56:19,207 [INFO] CodeEngine:255 - oldGeneratedFile, C:\Users\kamil\STM32CubeIDE\workspace_1.17.0\STM32H743IIT6-projects\Rower elektryczny\Core\Src\quadspi.c_save
2026-01-10 13:56:19,324 [INFO] CodeEngine:279 - Generated code: C:\Users\kamil\STM32CubeIDE\workspace_1.17.0\STM32H743IIT6-projects\Rower elektryczny\Core\Src\quadspi.c
2026-01-10 13:56:19,334 [INFO] CodeEngine:255 - oldGeneratedFile, C:\Users\kamil\STM32CubeIDE\workspace_1.17.0\STM32H743IIT6-projects\Rower elektryczny\Core\Inc\quadspi.h_save
2026-01-10 13:56:19,402 [INFO] CodeEngine:279 - Generated code: C:\Users\kamil\STM32CubeIDE\workspace_1.17.0\STM32H743IIT6-projects\Rower elektryczny\Core\Inc\quadspi.h
2026-01-10 13:56:19,449 [INFO] CodeEngine:255 - oldGeneratedFile, C:\Users\kamil\STM32CubeIDE\workspace_1.17.0\STM32H743IIT6-projects\Rower elektryczny\Core\Src\stm32h7xx_it.c_save
2026-01-10 13:56:19,649 [INFO] CodeEngine:279 - Generated code: C:\Users\kamil\STM32CubeIDE\workspace_1.17.0\STM32H743IIT6-projects\Rower elektryczny\Core\Src\stm32h7xx_it.c
2026-01-10 13:56:19,670 [INFO] CodeEngine:255 - oldGeneratedFile, C:\Users\kamil\STM32CubeIDE\workspace_1.17.0\STM32H743IIT6-projects\Rower elektryczny\Core\Inc\stm32h7xx_it.h_save
2026-01-10 13:56:19,738 [INFO] CodeEngine:279 - Generated code: C:\Users\kamil\STM32CubeIDE\workspace_1.17.0\STM32H743IIT6-projects\Rower elektryczny\Core\Inc\stm32h7xx_it.h
2026-01-10 13:56:20,109 [INFO] CodeEngine:255 - oldGeneratedFile, C:\Users\kamil\STM32CubeIDE\workspace_1.17.0\STM32H743IIT6-projects\Rower elektryczny\Core\Src\stm32h7xx_hal_msp.c_save
2026-01-10 13:56:20,220 [INFO] CodeEngine:279 - Generated code: C:\Users\kamil\STM32CubeIDE\workspace_1.17.0\STM32H743IIT6-projects\Rower elektryczny\Core\Src\stm32h7xx_hal_msp.c
2026-01-10 13:56:20,225 [INFO] CodeEngine:255 - oldGeneratedFile, C:\Users\kamil\STM32CubeIDE\workspace_1.17.0\STM32H743IIT6-projects\Rower elektryczny\MXTmpFiles\system.tmp_save
2026-01-10 13:56:20,298 [INFO] CodeEngine:279 - Generated code: C:\Users\kamil\STM32CubeIDE\workspace_1.17.0\STM32H743IIT6-projects\Rower elektryczny\MXTmpFiles\system.tmp
2026-01-10 13:56:20,336 [INFO] CodeEngine:311 - oldGeneratedFile, C:\Users\kamil\STM32CubeIDE\workspace_1.17.0\STM32H743IIT6-projects\Rower elektryczny\Core\Inc\stm32h7xx_hal_conf.h_save
2026-01-10 13:56:20,477 [INFO] CodeEngine:335 - Generated code: C:\Users\kamil\STM32CubeIDE\workspace_1.17.0\STM32H743IIT6-projects\Rower elektryczny\Core\Inc\stm32h7xx_hal_conf.h
2026-01-10 13:56:20,534 [INFO] ApiDbMcu:508 - Load IP Config File for CRC
2026-01-10 13:56:20,538 [INFO] ApiDbMcu:508 - Load IP Config File for DMA2D
2026-01-10 13:56:20,548 [INFO] ApiDbMcu:508 - Load IP Config File for FDCAN1
2026-01-10 13:56:20,554 [INFO] ApiDbMcu:508 - Load IP Config File for FMC
2026-01-10 13:56:20,558 [INFO] ApiDbMcu:508 - Load IP Config File for I2C2
2026-01-10 13:56:20,562 [INFO] ApiDbMcu:508 - Load IP Config File for I2C4
2026-01-10 13:56:20,567 [INFO] ApiDbMcu:508 - Load IP Config File for LTDC
2026-01-10 13:56:20,567 [ERROR] ApiDbMcu:464 - Can't load MEMORYMAP-STM32xx root dir null
2026-01-10 13:56:20,567 [ERROR] ApiDbMcu:536 - Cannot parse MEMORYMAP_Config file : file do not exist
2026-01-10 13:56:20,569 [INFO] ApiDbMcu:508 - Load IP Config File for QUADSPI
2026-01-10 13:56:20,574 [INFO] ApiDbMcu:508 - Load IP Config File for RCC
2026-01-10 13:56:20,607 [INFO] CodeEngine:255 - oldGeneratedFile, C:\Users\kamil\STM32CubeIDE\workspace_1.17.0\STM32H743IIT6-projects\Rower elektryczny\Core\Inc\main.h_save
2026-01-10 13:56:20,693 [INFO] CodeEngine:279 - Generated code: C:\Users\kamil\STM32CubeIDE\workspace_1.17.0\STM32H743IIT6-projects\Rower elektryczny\Core\Inc\main.h
2026-01-10 13:56:20,720 [INFO] CodeEngine:255 - oldGeneratedFile, C:\Users\kamil\STM32CubeIDE\workspace_1.17.0\STM32H743IIT6-projects\Rower elektryczny\Core\Src\main.c_save
2026-01-10 13:56:20,849 [INFO] CodeEngine:279 - Generated code: C:\Users\kamil\STM32CubeIDE\workspace_1.17.0\STM32H743IIT6-projects\Rower elektryczny\Core\Src\main.c
2026-01-10 13:56:21,290 [INFO] ProjectBuilder:3289 - Time for Copy HAL[1] : 295mS.
2026-01-10 13:56:21,299 [INFO] ProjectBuilder:4876 - Project Generator version: 4.5.0-RC5
2026-01-10 13:56:21,362 [INFO] ConfigFileManager:1579 - The Die is : DIE450
2026-01-10 13:56:21,365 [INFO] ApiDbMcu:508 - Load IP Config File for FATFS
2026-01-10 13:56:21,368 [INFO] ApiDbMcu:508 - Load IP Config File for FREERTOS
2026-01-10 13:56:21,370 [INFO] ApiDbMcu:508 - Load IP Config File for LIBJPEG
2026-01-10 13:56:21,374 [INFO] ApiDbMcu:508 - Load IP Config File for LWIP
2026-01-10 13:56:21,392 [INFO] ApiDbMcu:508 - Load IP Config File for MBEDTLS
2026-01-10 13:56:21,398 [INFO] ApiDbMcu:508 - Load IP Config File for USB_DEVICE
2026-01-10 13:56:21,402 [INFO] ApiDbMcu:508 - Load IP Config File for USB_HOST
2026-01-10 13:56:22,804 [INFO] ProjectBuilder:5154 - Time for Generating toolchain IDE Files: 1506mS.
2026-01-10 13:56:22,806 [INFO] ProjectBuilder:3146 - Time for Copy CMSIS : 0mS.
2026-01-10 13:56:22,813 [INFO] ProjectBuilder:3146 - Time for Copy CMSIS : 0mS.
2026-01-10 14:04:44,776 [ERROR] LogOutputStream:75 - [STDERR_REDIRECT] 
2026-01-10 14:13:18,430 [INFO] Activator:176 - 


2026-01-10 14:13:18,433 [INFO] Activator:177 - !SESSION log4j initialized
2026-01-10 14:13:24,309 [INFO] LogOutputStream:77 - [STDOUT_REDIRECT] 
2026-01-10 14:13:30,347 [INFO] ApplicationProperties:184 - Using Application install path: C:\ST\STM32CubeIDE_1.17.0\STM32CubeIDE\plugins\com.st.stm32cube.common.mx_6.13.0.202411220809
2026-01-10 14:13:30,367 [INFO] DbMcusXml:78 - Set database path to: C:\ST\STM32CubeIDE_1.17.0\STM32CubeIDE\plugins\com.st.stm32cube.common.mx_6.13.0.202411220809\\db\/mcu/
2026-01-10 14:13:30,367 [INFO] ApiDb:274 - Set plugin database path to: C:\ST\STM32CubeIDE_1.17.0\STM32CubeIDE\plugins\com.st.stm32cube.common.mx_6.13.0.202411220809\\db\/plugins/boardmanager/
2026-01-10 14:13:30,367 [WARN] ApiDb:259 - Overriding images path with different value:  => C:\ST\STM32CubeIDE_1.17.0\STM32CubeIDE\plugins\com.st.stm32cube.common.mx_6.13.0.202411220809\\db\/plugins/mcufinder/images/
2026-01-10 14:13:30,373 [INFO] ApiDb:250 - Set database path to: C:\Users\kamil\.stmcufinder\plugins\mcufinder//mcu/
2026-01-10 14:13:30,374 [INFO] DbMcusAds:125 - Set database path to: C:\Users\kamil\.stmcufinder\plugins\mcufinder//mcu/
2026-01-10 14:13:30,376 [INFO] CrossReferenceDbSqlite:203 - Set database path to: C:\Users\kamil\.stmcufinder\plugins\mcufinder//mcu/cs/
2026-01-10 14:13:30,487 [INFO] RulesReader:64 - Compatibility file has been processed (297 Rules)
2026-01-10 14:13:30,596 [INFO] DbMcusXml:78 - Set database path to: C:\ST\STM32CubeIDE_1.17.0\STM32CubeIDE\plugins\com.st.stm32cube.common.mx_6.13.0.202411220809\\db\/mcu/
2026-01-10 14:13:30,596 [INFO] ApiDb:274 - Set plugin database path to: C:\ST\STM32CubeIDE_1.17.0\STM32CubeIDE\plugins\com.st.stm32cube.common.mx_6.13.0.202411220809\\db\/plugins/boardmanager/
2026-01-10 14:13:30,596 [INFO] ApiDb:261 - Set plugin images path to: C:\ST\STM32CubeIDE_1.17.0\STM32CubeIDE\plugins\com.st.stm32cube.common.mx_6.13.0.202411220809\\db\/plugins/mcufinder/images/
2026-01-10 14:13:30,597 [WARN] DbFile:41 - Overriding database path with different value: C:\Users\kamil\.stmcufinder\plugins\mcufinder/ => C:\Users\kamil\.stmcufinder\plugins\mcufinder
2026-01-10 14:13:30,597 [INFO] ApiDb:250 - Set database path to: C:\Users\kamil\.stmcufinder\plugins\mcufinder//mcu/
2026-01-10 14:13:30,597 [WARN] DbFile:41 - Overriding database path with different value: C:\Users\kamil\.stmcufinder\plugins\mcufinder/ => C:\Users\kamil\.stmcufinder\plugins\mcufinder
2026-01-10 14:13:30,597 [INFO] DbMcusAds:125 - Set database path to: C:\Users\kamil\.stmcufinder\plugins\mcufinder//mcu/
2026-01-10 14:13:30,597 [WARN] DbFile:41 - Overriding database path with different value: C:\Users\kamil\.stmcufinder\plugins\mcufinder/ => C:\Users\kamil\.stmcufinder\plugins\mcufinder
2026-01-10 14:13:30,597 [WARN] DbFile:41 - Overriding database path with different value: C:\Users\kamil\.stmcufinder\plugins\mcufinder/ => C:\Users\kamil\.stmcufinder\plugins\mcufinder
2026-01-10 14:13:30,597 [INFO] CrossReferenceDbSqlite:203 - Set database path to: C:\Users\kamil\.stmcufinder\plugins\mcufinder//mcu/cs/
2026-01-10 14:13:30,680 [INFO] MainPanel:272 - HeapMemory: 274726912
2026-01-10 14:13:30,783 [INFO] DbMcusXml:78 - Set database path to: C:\ST\STM32CubeIDE_1.17.0\STM32CubeIDE\plugins\com.st.stm32cube.common.mx_6.13.0.202411220809\\db\/mcu/
2026-01-10 14:13:30,783 [INFO] ApiDb:274 - Set plugin database path to: C:\ST\STM32CubeIDE_1.17.0\STM32CubeIDE\plugins\com.st.stm32cube.common.mx_6.13.0.202411220809\\db\/plugins/boardmanager/
2026-01-10 14:13:30,783 [INFO] ApiDb:261 - Set plugin images path to: C:\ST\STM32CubeIDE_1.17.0\STM32CubeIDE\plugins\com.st.stm32cube.common.mx_6.13.0.202411220809\\db\/plugins/mcufinder/images/
2026-01-10 14:13:30,783 [WARN] DbFile:41 - Overriding database path with different value: C:\Users\kamil\.stmcufinder\plugins\mcufinder/ => C:\Users\kamil\.stmcufinder\plugins\mcufinder
2026-01-10 14:13:30,783 [INFO] ApiDb:250 - Set database path to: C:\Users\kamil\.stmcufinder\plugins\mcufinder//mcu/
2026-01-10 14:13:30,783 [WARN] DbFile:41 - Overriding database path with different value: C:\Users\kamil\.stmcufinder\plugins\mcufinder/ => C:\Users\kamil\.stmcufinder\plugins\mcufinder
2026-01-10 14:13:30,783 [INFO] DbMcusAds:125 - Set database path to: C:\Users\kamil\.stmcufinder\plugins\mcufinder//mcu/
2026-01-10 14:13:30,783 [WARN] DbFile:41 - Overriding database path with different value: C:\Users\kamil\.stmcufinder\plugins\mcufinder/ => C:\Users\kamil\.stmcufinder\plugins\mcufinder
2026-01-10 14:13:30,783 [WARN] DbFile:41 - Overriding database path with different value: C:\Users\kamil\.stmcufinder\plugins\mcufinder/ => C:\Users\kamil\.stmcufinder\plugins\mcufinder
2026-01-10 14:13:30,783 [INFO] CrossReferenceDbSqlite:203 - Set database path to: C:\Users\kamil\.stmcufinder\plugins\mcufinder//mcu/cs/
2026-01-10 14:13:30,801 [INFO] ApplicationProperties:184 - Using Application install path: C:\ST\STM32CubeIDE_1.17.0\STM32CubeIDE\plugins\com.st.stm32cube.common.mx_6.13.0.202411220809
2026-01-10 14:13:30,803 [INFO] PluginManage:196 - Search for loadable plugins [exclusion list=, ]
2026-01-10 14:13:30,805 [INFO] PluginManage:310 - Check plugin analytics
2026-01-10 14:13:30,992 [INFO] AnalyticsPlugin:253 - Accepted Software Licenses: 
2026-01-10 14:13:30,992 [INFO] AnalyticsPlugin:255 - Accepted CMSIS Pack Licenses: 
2026-01-10 14:13:30,993 [INFO] AnalyticsPlugin:257 - Accepted Firmware Licenses: FW.F7.1.17.0,FW.H7.1.12.0
2026-01-10 14:13:30,995 [INFO] PluginManage:359 - Loaded plugin analytics (category:tool,tabindex:-1)
2026-01-10 14:13:30,996 [INFO] PluginManage:310 - Check plugin cadmodel
2026-01-10 14:13:31,002 [INFO] CADModel:105 - Init CAD model plugin
2026-01-10 14:13:31,002 [INFO] PluginManage:359 - Loaded plugin cadmodel (category:power,tabindex:5)
2026-01-10 14:13:31,003 [INFO] PluginManage:310 - Check plugin clock
2026-01-10 14:13:31,011 [INFO] PluginManage:359 - Loaded plugin clock (category:base,tabindex:2)
2026-01-10 14:13:31,011 [INFO] PluginManage:310 - Check plugin ddr
2026-01-10 14:13:31,013 [INFO] PluginManage:359 - Loaded plugin ddr (category:tool,tabindex:6)
2026-01-10 14:13:31,013 [INFO] PluginManage:310 - Check plugin filemanager
2026-01-10 14:13:31,158 [INFO] PluginManage:359 - Loaded plugin filemanager (category:base,tabindex:10)
2026-01-10 14:13:31,158 [INFO] PluginManage:310 - Check plugin ipmanager
2026-01-10 14:13:31,165 [INFO] PluginManage:359 - Loaded plugin ipmanager (category:base,tabindex:5)
2026-01-10 14:13:31,165 [INFO] PluginManage:310 - Check plugin lpbam
2026-01-10 14:13:31,174 [INFO] PluginManage:359 - Loaded plugin lpbam (category:base,tabindex:0)
2026-01-10 14:13:31,175 [INFO] PluginManage:310 - Check plugin memorymap
2026-01-10 14:13:31,190 [INFO] PluginManage:359 - Loaded plugin memorymap (category:base,tabindex:4)
2026-01-10 14:13:31,190 [INFO] PluginManage:310 - Check plugin pinoutandconfiguration
2026-01-10 14:13:31,201 [INFO] PluginManage:359 - Loaded plugin pinoutandconfiguration (category:base,tabindex:1)
2026-01-10 14:13:31,201 [INFO] PluginManage:310 - Check plugin pinoutconfig
2026-01-10 14:13:31,323 [WARN] SupportedApi:132 - Cannot load RTOS API schema: s4s-elt-must-match.1: The content of 'definitions' must match (annotation?, (simpleType | complexType)?, (unique | key | keyref)*)). A problem was found starting at: attribute.
2026-01-10 14:13:31,474 [INFO] PluginManage:359 - Loaded plugin pinoutconfig (category:base,tabindex:0)
2026-01-10 14:13:31,474 [INFO] PluginManage:310 - Check plugin power
2026-01-10 14:13:31,483 [INFO] PluginManage:359 - Loaded plugin power (category:power,tabindex:4)
2026-01-10 14:13:31,483 [INFO] PluginManage:310 - Check plugin projectmanager
2026-01-10 14:13:31,501 [INFO] PluginManage:359 - Loaded plugin projectmanager (category:projectmanager,tabindex:4)
2026-01-10 14:13:31,501 [INFO] PluginManage:310 - Check plugin rif
2026-01-10 14:13:31,522 [INFO] PluginManage:359 - Loaded plugin rif (category:base,tabindex:3)
2026-01-10 14:13:31,523 [INFO] PluginManage:310 - Check plugin thirdparty
2026-01-10 14:13:31,860 [INFO] PluginManage:359 - Loaded plugin thirdparty (category:base,tabindex:-1)
2026-01-10 14:13:31,860 [INFO] PluginManage:310 - Check plugin tools
2026-01-10 14:13:31,860 [WARN] IntegrityCheckThread:84 - waiting for thirdparty lock release [integrity check]
2026-01-10 14:13:31,860 [INFO] IntegrityCheckThread:86 - entering critical section [integrity check]
2026-01-10 14:13:31,860 [INFO] ThirdPartyUpdaterWithRetryManager:70 - Updater plugin not ready yet. [1/15]
2026-01-10 14:13:31,862 [INFO] PluginManage:359 - Loaded plugin tools (category:base,tabindex:7)
2026-01-10 14:13:31,862 [INFO] PluginManage:310 - Check plugin tutovideos
2026-01-10 14:13:32,087 [INFO] PluginManage:359 - Loaded plugin tutovideos (category:base,tabindex:-1)
2026-01-10 14:13:32,087 [INFO] PluginManage:310 - Check plugin updater
2026-01-10 14:13:32,105 [INFO] PluginManage:359 - Loaded plugin updater (category:base,tabindex:12)
2026-01-10 14:13:32,105 [INFO] PluginManage:310 - Check plugin userauth
2026-01-10 14:13:32,109 [INFO] UserAuth:118 - Init User Auth plugin
2026-01-10 14:13:32,110 [INFO] PluginManage:359 - Loaded plugin userauth (category:base,tabindex:14)
2026-01-10 14:13:32,111 [INFO] PluginManage:283 - PluginManage : Loaded plugins [18]
2026-01-10 14:13:32,331 [INFO] PinOutPanel:1589 - setPackage(No Configuration,No Configuration)
2026-01-10 14:13:32,415 [INFO] CADModel:165 - CPN selected for project level
2026-01-10 14:13:32,416 [INFO] CADModel:114 - Register for checkConnection events
2026-01-10 14:13:32,436 [INFO] IPUIPlugin:80 - create IPUIPlugin
2026-01-10 14:13:32,436 [INFO] PluginManager:220 - loadIPPluginJar : add adc
2026-01-10 14:13:32,439 [INFO] IPUIPlugin:80 - create IPUIPlugin
2026-01-10 14:13:32,439 [INFO] PluginManager:220 - loadIPPluginJar : add aes
2026-01-10 14:13:32,442 [INFO] IPUIPlugin:80 - create IPUIPlugin
2026-01-10 14:13:32,442 [INFO] PluginManager:220 - loadIPPluginJar : add can
2026-01-10 14:13:32,443 [INFO] IPUIPlugin:80 - create IPUIPlugin
2026-01-10 14:13:32,443 [INFO] PluginManager:220 - loadIPPluginJar : add comp
2026-01-10 14:13:32,446 [INFO] IPUIPlugin:80 - create IPUIPlugin
2026-01-10 14:13:32,446 [INFO] PluginManager:220 - loadIPPluginJar : add cryp
2026-01-10 14:13:32,463 [INFO] IPUIPlugin:80 - create IPUIPlugin
2026-01-10 14:13:32,463 [INFO] PluginManager:220 - loadIPPluginJar : add ddr_ctrl_phy
2026-01-10 14:13:32,466 [INFO] IPUIPlugin:80 - create IPUIPlugin
2026-01-10 14:13:32,466 [INFO] PluginManager:220 - loadIPPluginJar : add dfsdm
2026-01-10 14:13:32,473 [INFO] IPUIPlugin:80 - create IPUIPlugin
2026-01-10 14:13:32,473 [INFO] PluginManager:220 - loadIPPluginJar : add dma
2026-01-10 14:13:32,476 [INFO] IPUIPlugin:80 - create IPUIPlugin
2026-01-10 14:13:32,477 [INFO] PluginManager:220 - loadIPPluginJar : add dma3
2026-01-10 14:13:32,479 [INFO] IPUIPlugin:80 - create IPUIPlugin
2026-01-10 14:13:32,480 [INFO] PluginManager:220 - loadIPPluginJar : add extmemmanager
2026-01-10 14:13:32,481 [INFO] IPUIPlugin:80 - create IPUIPlugin
2026-01-10 14:13:32,481 [INFO] PluginManager:220 - loadIPPluginJar : add fatfs
2026-01-10 14:13:32,486 [INFO] IPUIPlugin:80 - create IPUIPlugin
2026-01-10 14:13:32,486 [INFO] PluginManager:220 - loadIPPluginJar : add fmc
2026-01-10 14:13:32,491 [INFO] IPUIPlugin:80 - create IPUIPlugin
2026-01-10 14:13:32,491 [INFO] PluginManager:220 - loadIPPluginJar : add freertos
2026-01-10 14:13:32,493 [INFO] IPUIPlugin:80 - create IPUIPlugin
2026-01-10 14:13:32,493 [INFO] PluginManager:220 - loadIPPluginJar : add genericplugin
2026-01-10 14:13:32,494 [INFO] IPUIPlugin:80 - create IPUIPlugin
2026-01-10 14:13:32,494 [INFO] PluginManager:220 - loadIPPluginJar : add gfxmmu
2026-01-10 14:13:32,499 [INFO] IPUIPlugin:80 - create IPUIPlugin
2026-01-10 14:13:32,499 [INFO] PluginManager:220 - loadIPPluginJar : add gic
2026-01-10 14:13:32,503 [INFO] IPUIPlugin:80 - create IPUIPlugin
2026-01-10 14:13:32,503 [INFO] PluginManager:220 - loadIPPluginJar : add gpio
2026-01-10 14:13:32,505 [INFO] IPUIPlugin:80 - create IPUIPlugin
2026-01-10 14:13:32,506 [INFO] PluginManager:220 - loadIPPluginJar : add gtzc
2026-01-10 14:13:32,508 [INFO] IPUIPlugin:80 - create IPUIPlugin
2026-01-10 14:13:32,508 [INFO] PluginManager:220 - loadIPPluginJar : add hash
2026-01-10 14:13:32,511 [INFO] IPUIPlugin:80 - create IPUIPlugin
2026-01-10 14:13:32,511 [INFO] PluginManager:220 - loadIPPluginJar : add i2c
2026-01-10 14:13:32,513 [INFO] IPUIPlugin:80 - create IPUIPlugin
2026-01-10 14:13:32,513 [INFO] PluginManager:220 - loadIPPluginJar : add i2s
2026-01-10 14:13:32,517 [INFO] IPUIPlugin:80 - create IPUIPlugin
2026-01-10 14:13:32,517 [INFO] PluginManager:220 - loadIPPluginJar : add i3c
2026-01-10 14:13:32,659 [INFO] IPUIPlugin:80 - create IPUIPlugin
2026-01-10 14:13:32,659 [INFO] PluginManager:220 - loadIPPluginJar : add ipddr
2026-01-10 14:13:32,667 [INFO] IPUIPlugin:80 - create IPUIPlugin
2026-01-10 14:13:32,667 [INFO] PluginManager:220 - loadIPPluginJar : add linkedlist
2026-01-10 14:13:32,670 [INFO] IPUIPlugin:80 - create IPUIPlugin
2026-01-10 14:13:32,670 [INFO] PluginManager:220 - loadIPPluginJar : add lorawan
2026-01-10 14:13:32,671 [INFO] IPUIPlugin:80 - create IPUIPlugin
2026-01-10 14:13:32,671 [INFO] PluginManager:220 - loadIPPluginJar : add ltdc
2026-01-10 14:13:32,676 [INFO] IPUIPlugin:80 - create IPUIPlugin
2026-01-10 14:13:32,677 [INFO] PluginManager:220 - loadIPPluginJar : add mdma
2026-01-10 14:13:32,680 [INFO] IPUIPlugin:80 - create IPUIPlugin
2026-01-10 14:13:32,680 [INFO] PluginManager:220 - loadIPPluginJar : add nvic
2026-01-10 14:13:32,684 [INFO] IPUIPlugin:80 - create IPUIPlugin
2026-01-10 14:13:32,685 [INFO] PluginManager:220 - loadIPPluginJar : add opamp
2026-01-10 14:13:32,688 [INFO] IPUIPlugin:80 - create IPUIPlugin
2026-01-10 14:13:32,688 [INFO] PluginManager:220 - loadIPPluginJar : add openamp
2026-01-10 14:13:32,690 [INFO] IPUIPlugin:80 - create IPUIPlugin
2026-01-10 14:13:32,690 [INFO] PluginManager:220 - loadIPPluginJar : add pdm2pcm
2026-01-10 14:13:32,698 [INFO] IPUIPlugin:80 - create IPUIPlugin
2026-01-10 14:13:32,701 [INFO] PluginManager:220 - loadIPPluginJar : add plateformsettings
2026-01-10 14:13:32,703 [INFO] IPUIPlugin:80 - create IPUIPlugin
2026-01-10 14:13:32,703 [INFO] PluginManager:220 - loadIPPluginJar : add quadspi
2026-01-10 14:13:32,705 [INFO] IPUIPlugin:80 - create IPUIPlugin
2026-01-10 14:13:32,706 [INFO] PluginManager:220 - loadIPPluginJar : add radio
2026-01-10 14:13:32,710 [INFO] IPUIPlugin:80 - create IPUIPlugin
2026-01-10 14:13:32,710 [INFO] PluginManager:220 - loadIPPluginJar : add resmgrutility
2026-01-10 14:13:32,713 [INFO] IPUIPlugin:80 - create IPUIPlugin
2026-01-10 14:13:32,713 [INFO] PluginManager:220 - loadIPPluginJar : add sai
2026-01-10 14:13:32,716 [INFO] IPUIPlugin:80 - create IPUIPlugin
2026-01-10 14:13:32,716 [INFO] PluginManager:220 - loadIPPluginJar : add spi
2026-01-10 14:13:32,722 [INFO] IPUIPlugin:80 - create IPUIPlugin
2026-01-10 14:13:32,723 [INFO] PluginManager:220 - loadIPPluginJar : add stm32_wpan
2026-01-10 14:13:32,726 [INFO] IPUIPlugin:80 - create IPUIPlugin
2026-01-10 14:13:32,726 [INFO] PluginManager:220 - loadIPPluginJar : add tim
2026-01-10 14:13:32,729 [INFO] IPUIPlugin:80 - create IPUIPlugin
2026-01-10 14:13:32,730 [INFO] PluginManager:220 - loadIPPluginJar : add touchsensing
2026-01-10 14:13:32,731 [INFO] IPUIPlugin:80 - create IPUIPlugin
2026-01-10 14:13:32,732 [INFO] PluginManager:220 - loadIPPluginJar : add tracer_emb
2026-01-10 14:13:32,733 [INFO] IPUIPlugin:80 - create IPUIPlugin
2026-01-10 14:13:32,734 [INFO] PluginManager:220 - loadIPPluginJar : add ts
2026-01-10 14:13:32,735 [INFO] IPUIPlugin:80 - create IPUIPlugin
2026-01-10 14:13:32,735 [INFO] PluginManager:220 - loadIPPluginJar : add tsc
2026-01-10 14:13:32,739 [INFO] IPUIPlugin:80 - create IPUIPlugin
2026-01-10 14:13:32,739 [INFO] PluginManager:220 - loadIPPluginJar : add ucpd
2026-01-10 14:13:32,742 [INFO] IPUIPlugin:80 - create IPUIPlugin
2026-01-10 14:13:32,742 [INFO] PluginManager:220 - loadIPPluginJar : add usart
2026-01-10 14:13:32,745 [INFO] IPUIPlugin:80 - create IPUIPlugin
2026-01-10 14:13:32,746 [INFO] PluginManager:220 - loadIPPluginJar : add usbx
2026-01-10 14:13:32,866 [FATAL] Updater:351 - Updater called before beeing initialized
2026-01-10 14:13:32,906 [INFO] RulesReader:64 - Compatibility file has been processed (297 Rules)
2026-01-10 14:13:32,921 [INFO] RulesReader:64 - Compatibility file has been processed (297 Rules)
2026-01-10 14:13:32,936 [INFO] CADModel:165 - CPN selected for project level
2026-01-10 14:13:32,936 [INFO] CADModel:114 - Register for checkConnection events
2026-01-10 14:13:32,936 [FATAL] Updater:351 - Updater called before beeing initialized
2026-01-10 14:13:32,937 [ERROR] CADModel:125 - Updater not yet initialized, retry later 
2026-01-10 14:13:33,131 [FATAL] Updater:351 - Updater called before beeing initialized
2026-01-10 14:13:33,134 [INFO] CADModel:165 - CPN selected for project level
2026-01-10 14:13:33,134 [INFO] CADModel:114 - Register for checkConnection events
2026-01-10 14:13:33,134 [FATAL] Updater:351 - Updater called before beeing initialized
2026-01-10 14:13:33,134 [ERROR] CADModel:125 - Updater not yet initialized, retry later 
2026-01-10 14:13:33,138 [FATAL] Updater:351 - Updater called before beeing initialized
2026-01-10 14:13:33,261 [FATAL] Updater:351 - Updater called before beeing initialized
2026-01-10 14:13:33,275 [INFO] DbMcusAds:53 - JSON generation date=Tue Dec 16 00:11:46 CET 2025 (1765840306612)
2026-01-10 14:13:33,276 [FATAL] Updater:351 - Updater called before beeing initialized
2026-01-10 14:13:33,312 [WARN] DetailPanel:346 - Failed to get advertising image, set to default
2026-01-10 14:13:33,534 [FATAL] Updater:351 - Updater called before beeing initialized
2026-01-10 14:13:33,536 [FATAL] Updater:351 - Updater called before beeing initialized
2026-01-10 14:13:33,537 [FATAL] Updater:351 - Updater called before beeing initialized
2026-01-10 14:13:33,537 [WARN] DetailPanel:346 - Failed to get advertising image, set to default
2026-01-10 14:13:33,537 [FATAL] Updater:351 - Updater called before beeing initialized
2026-01-10 14:13:33,576 [ERROR] Updater:1198 - MainUpdater not yet initialized. External WinMGr cannot be set.
2026-01-10 14:13:33,579 [INFO] Updater:1134 - Updater Version found : 6.13.0
2026-01-10 14:13:33,595 [INFO] ApplicationProperties:184 - Using Application install path: C:\ST\STM32CubeIDE_1.17.0\STM32CubeIDE\plugins\com.st.stm32cube.common.mx_6.13.0.202411220809
2026-01-10 14:13:33,839 [INFO] MainUpdater:2872 - connection check result : 10
2026-01-10 14:13:33,840 [INFO] MainUpdater:289 - Updater Check For Update Now.
2026-01-10 14:13:33,840 [INFO] MicroXplorer:498 - Change Database Version : DB.6.0.130
2026-01-10 14:13:33,851 [INFO] McuFinderGlobals:63 - Set McuFinder mode to 2 (CubeIDE integrated)
2026-01-10 14:13:33,852 [INFO] UserAuth:171 - activating auth plugin
2026-01-10 14:13:33,857 [INFO] UserAuth:486 - Internet connection configuration mode: 1
2026-01-10 14:13:33,898 [INFO] JxBrowserEngine:152 - Initiate JxBrowser Engine with user profile folder
2026-01-10 14:13:34,048 [INFO] CheckServerUpdateThread:120 - End of CheckServer Thread
2026-01-10 14:13:35,091 [WARN] PackLoader:240 - Cannot read IP mode file for STMicroelectronics.FP-SNS-MOTENVWB1.1.4.0
2026-01-10 14:13:35,100 [WARN] PackLoader:240 - Cannot read IP mode file for STMicroelectronics.FP-ATR-ASTRA1.2.0.2
2026-01-10 14:13:35,104 [WARN] PackLoader:240 - Cannot read IP mode file for STMicroelectronics.FP-ATR-ASTRA1.2.0.1
2026-01-10 14:13:35,116 [WARN] PackLoader:240 - Cannot read IP mode file for STMicroelectronics.X-CUBE-SMBUS.2.1.0
2026-01-10 14:13:35,123 [WARN] PackLoader:240 - Cannot read IP mode file for STMicroelectronics.X-CUBE-WB05N.1.1.0
2026-01-10 14:13:35,130 [WARN] PackLoader:240 - Cannot read IP mode file for STMicroelectronics.X-CUBE-ST60.1.0.0
2026-01-10 14:13:35,144 [INFO] WebApp:168 - Instantiating new browser for Auth
2026-01-10 14:13:35,162 [WARN] PackLoader:240 - Cannot read IP mode file for STMicroelectronics.X-CUBE-AZRTOS-F7.1.1.0
2026-01-10 14:13:35,383 [WARN] PackLoader:240 - Cannot read IP mode file for STMicroelectronics.X-CUBE-MEMS1.11.0.0
2026-01-10 14:13:35,482 [ERROR] Engine:466 - C:\Users\kamil\.stm32cubemx\thirdparties\pdsc\STMicroelectronics.FP-SNS-MOTENV1.5.1.0.pdsc: PDSC version is not supported
2026-01-10 14:13:35,487 [WARN] PackLoader:240 - Cannot read IP mode file for STMicroelectronics.FP-SNS-FLIGHT1.5.0.2
2026-01-10 14:13:35,504 [WARN] PackLoader:240 - Cannot read IP mode file for STMicroelectronics.X-CUBE-AZRTOS-H7.3.4.0
2026-01-10 14:13:35,512 [WARN] PackLoader:240 - Cannot read IP mode file for STMicroelectronics.X-CUBE-DISPLAY.3.0.0
2026-01-10 14:13:35,518 [WARN] PackLoader:240 - Cannot read IP mode file for STMicroelectronics.X-CUBE-BLE1.7.0.0
2026-01-10 14:13:35,523 [WARN] PackLoader:240 - Cannot read IP mode file for STMicroelectronics.X-CUBE-NFC10.1.0.0
2026-01-10 14:13:35,530 [WARN] PackLoader:240 - Cannot read IP mode file for STMicroelectronics.X-CUBE-BLEMGR.4.0.0
2026-01-10 14:13:35,542 [WARN] PackLoader:240 - Cannot read IP mode file for STMicroelectronics.X-CUBE-ST60.1.1.0
2026-01-10 14:13:35,551 [WARN] PackLoader:240 - Cannot read IP mode file for emotas.I-CUBE-CANOPEN.1.3.0
2026-01-10 14:13:35,559 [WARN] PackLoader:240 - Cannot read IP mode file for STMicroelectronics.X-CUBE-GNSS1.7.1.0
2026-01-10 14:13:35,571 [WARN] PackLoader:240 - Cannot read IP mode file for STMicroelectronics.X-CUBE-BLEMGR.3.1.0
2026-01-10 14:13:35,580 [WARN] PackLoader:240 - Cannot read IP mode file for STMicroelectronics.X-CUBE-AI.10.0.0
2026-01-10 14:13:35,586 [ERROR] Engine:466 - C:\Users\kamil\.stm32cubemx\thirdparties\pdsc\STMicroelectronics.FP-SNS-STBOX1.2.1.0.pdsc: PDSC version is not supported
2026-01-10 14:13:35,592 [WARN] PackLoader:240 - Cannot read IP mode file for STMicroelectronics.FP-SNS-SMARTAG2.1.2.0
2026-01-10 14:13:35,597 [WARN] PackLoader:240 - Cannot read IP mode file for STMicroelectronics.FP-SNS-FLIGHT1.5.1.0
2026-01-10 14:13:35,657 [WARN] PackLoader:240 - Cannot read IP mode file for STMicroelectronics.X-CUBE-MEMS1.11.1.0
2026-01-10 14:13:35,741 [INFO] LogOutputStream:77 - [STDOUT_REDIRECT] 1 : Invalid condition id : UX_CORESTACK_Condition cause : null
2026-01-10 14:13:35,742 [INFO] LogOutputStream:77 - [STDOUT_REDIRECT] 1 : Invalid condition id : UX_CORESTACK_Condition cause : null
2026-01-10 14:13:35,742 [INFO] LogOutputStream:77 - [STDOUT_REDIRECT] 1 : Invalid condition id : UX_CORESTACK_Condition cause : null
2026-01-10 14:13:35,744 [INFO] LogOutputStream:77 - [STDOUT_REDIRECT] 1 : Invalid condition id : UX_CORESTACK_Condition cause : null
2026-01-10 14:13:35,745 [INFO] LogOutputStream:77 - [STDOUT_REDIRECT] 1 : Invalid condition id : UX_CORESTACK_Condition cause : null
2026-01-10 14:13:35,747 [WARN] PackLoader:240 - Cannot read IP mode file for STMicroelectronics.X-CUBE-AZRTOS-WL.2.0.0
2026-01-10 14:13:35,752 [WARN] PackLoader:240 - Cannot read IP mode file for STMicroelectronics.FP-SNS-MOTENV1.5.0.0
2026-01-10 14:13:35,767 [WARN] PackLoader:240 - Cannot read IP mode file for STMicroelectronics.X-CUBE-AZRTOS-H7RS.1.2.0
2026-01-10 14:13:35,773 [WARN] PackLoader:240 - Cannot read IP mode file for wolfSSL.I-CUBE-wolfMQTT.1.19.0
2026-01-10 14:13:35,781 [WARN] PackLoader:240 - Cannot read IP mode file for WES.I-CUBE-Cesium.1.3.0
2026-01-10 14:13:35,785 [WARN] PackLoader:240 - Cannot read IP mode file for STMicroelectronics.X-CUBE-BLE2.3.3.0
2026-01-10 14:13:35,800 [WARN] PackLoader:240 - Cannot read IP mode file for STMicroelectronics.X-CUBE-NFC9.1.0.0
2026-01-10 14:13:35,804 [WARN] PackLoader:240 - Cannot read IP mode file for STMicroelectronics.X-CUBE-BLE1.7.1.0
2026-01-10 14:13:35,809 [WARN] PackLoader:240 - Cannot read IP mode file for STMicroelectronics.X-CUBE-TCPP.4.1.0
2026-01-10 14:13:35,812 [ERROR] Engine:466 - C:\Users\kamil\.stm32cubemx\thirdparties\pdsc\STMicroelectronics.X-CUBE-FREERTOS.1.4.0.pdsc: PDSC version is not supported
2026-01-10 14:13:35,817 [WARN] PackLoader:240 - Cannot read IP mode file for STMicroelectronics.X-CUBE-EEPRMA1.5.2.0
2026-01-10 14:13:35,820 [ERROR] Engine:466 - C:\Users\kamil\.stm32cubemx\thirdparties\pdsc\STMicroelectronics.X-CUBE-ST67W61.1.1.0.pdsc: PDSC version is not supported
2026-01-10 14:13:35,848 [WARN] PackLoader:240 - Cannot read IP mode file for STMicroelectronics.X-CUBE-MEMS1.12.0.0
2026-01-10 14:13:35,910 [WARN] PackLoader:240 - Cannot read IP mode file for STMicroelectronics.X-CUBE-AZRTOS-G0.1.1.0
2026-01-10 14:13:35,918 [WARN] PackLoader:240 - Cannot read IP mode file for STMicroelectronics.X-CUBE-SAFEA1.1.2.2
2026-01-10 14:13:35,923 [WARN] PackLoader:240 - Cannot read IP mode file for STMicroelectronics.X-CUBE-NFC4.3.0.0
2026-01-10 14:13:35,933 [WARN] PackLoader:240 - Cannot read IP mode file for EmbeddedOffice.I-CUBE-FS-RTOS.1.0.1
2026-01-10 14:13:35,938 [WARN] PackLoader:240 - Cannot read IP mode file for STMicroelectronics.X-CUBE-WB05N.2.0.0
2026-01-10 14:13:35,943 [WARN] PackLoader:240 - Cannot read IP mode file for STMicroelectronics.X-CUBE-TCPP.4.2.0
2026-01-10 14:13:35,949 [WARN] PackLoader:240 - Cannot read IP mode file for RealThread.X-CUBE-RT-Thread_Nano.4.1.1
2026-01-10 14:13:35,955 [WARN] PackLoader:240 - Cannot read IP mode file for STMicroelectronics.FP-ATR-SIGFOX1.3.2.0
2026-01-10 14:13:35,964 [WARN] PackLoader:240 - Cannot read IP mode file for wolfSSL.I-CUBE-wolfSSL.5.7.2
2026-01-10 14:13:35,973 [WARN] ConditionMgr:438 - getConditionDescription Invalid condition id : Cortex-A Device cause : null
2026-01-10 14:13:35,981 [WARN] ConditionMgr:1044 - genDependencies : Invalid condition id : Cortex-A Device cause : null
2026-01-10 14:13:35,982 [WARN] ConditionMgr:1044 - genDependencies : Invalid condition id : Cortex-A Device cause : null
2026-01-10 14:13:35,982 [WARN] ConditionMgr:1044 - genDependencies : Invalid condition id : Cortex-A Device cause : null
2026-01-10 14:13:35,988 [WARN] PackLoader:240 - Cannot read IP mode file for STMicroelectronics.X-CUBE-EEPRMA1.5.1.0
2026-01-10 14:13:35,994 [WARN] PackLoader:240 - Cannot read IP mode file for ITTIA_DB.I-CUBE-ITTIADB.8.9.0
2026-01-10 14:13:36,002 [WARN] PackLoader:240 - Cannot read IP mode file for STMicroelectronics.X-CUBE-ST67W61.1.0.0
2026-01-10 14:13:36,006 [WARN] PackLoader:240 - Cannot read IP mode file for STMicroelectronics.X-CUBE-AI.10.2.0
2026-01-10 14:13:36,025 [WARN] PackLoader:240 - Cannot read IP mode file for SEGGER.I-CUBE-embOS.1.3.1
2026-01-10 14:13:36,066 [WARN] PackLoader:240 - Cannot read IP mode file for STMicroelectronics.X-CUBE-ALGOBUILD.1.4.0
2026-01-10 14:13:36,124 [WARN] PackLoader:240 - Cannot read IP mode file for STMicroelectronics.X-CUBE-MEMS1.11.3.0
2026-01-10 14:13:36,203 [WARN] PackLoader:240 - Cannot read IP mode file for STMicroelectronics.X-CUBE-AI.9.1.0
2026-01-10 14:13:36,207 [WARN] PackLoader:240 - Cannot read IP mode file for STMicroelectronics.X-CUBE-PM33A1.1.0.0
2026-01-10 14:13:36,223 [WARN] PackLoader:240 - Cannot read IP mode file for STMicroelectronics.X-CUBE-AZRTOS-F4.1.1.0
2026-01-10 14:13:36,229 [WARN] PackLoader:240 - Cannot read IP mode file for STMicroelectronics.X-CUBE-ISPU.2.1.0
2026-01-10 14:13:36,238 [ERROR] Engine:466 - C:\Users\kamil\.stm32cubemx\thirdparties\pdsc\STMicroelectronics.X-CUBE-IPS.3.2.0.pdsc: PDSC version is not supported
2026-01-10 14:13:36,267 [WARN] PackLoader:240 - Cannot read IP mode file for STMicroelectronics.X-CUBE-FREERTOS.1.2.0
2026-01-10 14:13:36,279 [WARN] PackLoader:240 - Cannot read IP mode file for STMicroelectronics.X-CUBE-NFC12.1.0.0
2026-01-10 14:13:36,308 [WARN] PackLoader:240 - Cannot read IP mode file for STMicroelectronics.X-CUBE-AZRTOS-L5.2.0.0
2026-01-10 14:13:36,327 [WARN] PackLoader:240 - Cannot read IP mode file for STMicroelectronics.X-CUBE-NFC6.3.1.0
2026-01-10 14:13:36,358 [WARN] PackLoader:240 - Cannot read IP mode file for STMicroelectronics.X-CUBE-DPower.1.2.0
2026-01-10 14:13:36,367 [WARN] PackLoader:240 - Cannot read IP mode file for STMicroelectronics.X-CUBE-FREERTOS.1.3.1
2026-01-10 14:13:36,375 [WARN] PackLoader:240 - Cannot read IP mode file for STMicroelectronics.X-CUBE-FREERTOS.1.3.0
2026-01-10 14:13:36,384 [WARN] PackLoader:240 - Cannot read IP mode file for STMicroelectronics.X-CUBE-NFC7.1.0.1
2026-01-10 14:13:36,398 [WARN] PackLoader:240 - Cannot read IP mode file for STMicroelectronics.X-CUBE-TOUCHGFX.4.26.0
2026-01-10 14:13:36,413 [WARN] PackLoader:240 - Cannot read IP mode file for STMicroelectronics.FP-SNS-STAIOTCFT.1.0.0
2026-01-10 14:13:36,422 [WARN] PackLoader:240 - Cannot read IP mode file for STMicroelectronics.X-CUBE-DPower.1.3.0
2026-01-10 14:13:36,443 [INFO] WebApp:449 - Apply proxy settings
2026-01-10 14:13:36,443 [INFO] WebApp:534 - Chromium requires no authentication
2026-01-10 14:13:36,447 [WARN] ConditionMgr:438 - getConditionDescription Invalid condition id : LAN8742 Phy interface Condition cause : null
2026-01-10 14:13:36,448 [WARN] PackLoader:240 - Cannot read IP mode file for STMicroelectronics.X-CUBE-AZRTOS-L4.2.0.0
2026-01-10 14:13:36,449 [WARN] ConditionMgr:1044 - genDependencies : Invalid condition id : LAN8742 Phy interface Condition cause : null
2026-01-10 14:13:36,449 [WARN] ConditionMgr:1044 - genDependencies : Invalid condition id : LAN8742 Phy interface Condition cause : null
2026-01-10 14:13:36,449 [WARN] ConditionMgr:1044 - genDependencies : Invalid condition id : LAN8742 Phy interface Condition cause : null
2026-01-10 14:13:36,465 [WARN] PackLoader:240 - Cannot read IP mode file for STMicroelectronics.X-CUBE-SFXS2LP1.4.0.0
2026-01-10 14:13:36,472 [INFO] WebApp:477 - Direct internet connection detected
2026-01-10 14:13:36,491 [WARN] PackLoader:240 - Cannot read IP mode file for STMicroelectronics.X-CUBE-AZRTOS-H7.3.3.0
2026-01-10 14:13:36,509 [WARN] PackLoader:240 - Cannot read IP mode file for STMicroelectronics.X-CUBE-BLEMGR.4.1.0
2026-01-10 14:13:36,519 [WARN] PackLoader:240 - Cannot read IP mode file for STMicroelectronics.X-CUBE-IPS.3.0.0
2026-01-10 14:13:36,533 [WARN] ConditionMgr:438 - getConditionDescription Invalid condition id : UX DEVICE CLASS RTOS Condition cause : null
2026-01-10 14:13:36,533 [WARN] ConditionMgr:438 - getConditionDescription Invalid condition id : UX DEVICE CLASS RTOS Condition cause : null
2026-01-10 14:13:36,534 [WARN] PackLoader:240 - Cannot read IP mode file for STMicroelectronics.X-CUBE-AZRTOS-WB.2.0.0
2026-01-10 14:13:36,534 [WARN] ConditionMgr:1044 - genDependencies : Invalid condition id : UX DEVICE CLASS RTOS Condition cause : null
2026-01-10 14:13:36,534 [WARN] ConditionMgr:1044 - genDependencies : Invalid condition id : UX DEVICE CLASS RTOS Condition cause : null
2026-01-10 14:13:36,535 [WARN] ConditionMgr:1044 - genDependencies : Invalid condition id : UX DEVICE CLASS RTOS Condition cause : null
2026-01-10 14:13:36,535 [WARN] ConditionMgr:1044 - genDependencies : Invalid condition id : UX DEVICE CLASS RTOS Condition cause : null
2026-01-10 14:13:36,535 [WARN] ConditionMgr:1044 - genDependencies : Invalid condition id : UX DEVICE CLASS RTOS Condition cause : null
2026-01-10 14:13:36,546 [WARN] PackLoader:240 - Cannot read IP mode file for STMicroelectronics.X-CUBE-GNSS1.7.0.0
2026-01-10 14:13:36,549 [INFO] WebApp:880 - Register for checkConnection events
2026-01-10 14:13:36,549 [INFO] WebApp:449 - Apply proxy settings
2026-01-10 14:13:36,549 [INFO] WebApp:534 - Chromium requires no authentication
2026-01-10 14:13:36,550 [INFO] WebApp:477 - Direct internet connection detected
2026-01-10 14:13:36,553 [WARN] PackLoader:240 - Cannot read IP mode file for STMicroelectronics.X-CUBE-GNSS1.7.0.1
2026-01-10 14:13:36,561 [WARN] PackLoader:240 - Cannot read IP mode file for STMicroelectronics.X-CUBE-TOUCHGFX.4.25.0
2026-01-10 14:13:36,572 [WARN] PackLoader:240 - Cannot read IP mode file for STMicroelectronics.FP-SNS-STBOX1.2.0.0
2026-01-10 14:13:36,583 [WARN] PackLoader:240 - Cannot read IP mode file for STMicroelectronics.X-CUBE-SUBG2.5.0.0
2026-01-10 14:13:36,599 [WARN] PackLoader:240 - Cannot read IP mode file for STMicroelectronics.X-CUBE-AZRTOS-H7RS.1.1.0
2026-01-10 14:13:36,608 [WARN] PackLoader:240 - Cannot read IP mode file for Cesanta.I-CUBE-Mongoose.7.13.0
2026-01-10 14:13:36,619 [WARN] PackLoader:240 - Cannot read IP mode file for STMicroelectronics.X-CUBE-AZRTOS-G4.2.0.0
2026-01-10 14:13:36,630 [WARN] PackLoader:240 - Cannot read IP mode file for STMicroelectronics.X-CUBE-NFC7.2.0.0
2026-01-10 14:13:36,641 [WARN] PackLoader:240 - Cannot read IP mode file for STMicroelectronics.X-CUBE-IPS.3.1.0
2026-01-10 14:13:36,648 [WARN] PackLoader:240 - Cannot read IP mode file for STMicroelectronics.X-CUBE-ALS.1.0.2
2026-01-10 14:13:36,656 [WARN] PackLoader:240 - Cannot read IP mode file for STMicroelectronics.X-CUBE-TOUCHGFX.4.24.1
2026-01-10 14:13:36,664 [WARN] PackLoader:240 - Cannot read IP mode file for STMicroelectronics.X-CUBE-STSE01.1.0.0
2026-01-10 14:13:36,670 [WARN] PackLoader:240 - Cannot read IP mode file for wolfSSL.I-CUBE-wolfTPM.3.4.0
2026-01-10 14:13:36,674 [WARN] PackLoader:240 - Cannot read IP mode file for portGmbH.I-Cube-SoM-uGOAL.1.1.0
2026-01-10 14:13:36,686 [WARN] PackLoader:240 - Cannot read IP mode file for STMicroelectronics.X-CUBE-AZRTOS-H7RS.1.0.0
2026-01-10 14:13:36,691 [WARN] PackLoader:240 - Cannot read IP mode file for STMicroelectronics.FP-ATR-ASTRA1.2.0.0
2026-01-10 14:13:36,700 [WARN] PackLoader:240 - Cannot read IP mode file for STMicroelectronics.X-CUBE-TOF1.3.4.2
2026-01-10 14:13:36,711 [WARN] PackLoader:240 - Cannot read IP mode file for STMicroelectronics.X-CUBE-TOF1.3.4.3
2026-01-10 14:13:36,734 [WARN] PackLoader:240 - Cannot read IP mode file for Infineon.AIROC-Wi-Fi-Bluetooth-STM32.1.6.1
2026-01-10 14:13:36,744 [WARN] PackLoader:240 - Cannot read IP mode file for wolfSSL.I-CUBE-wolfSSH.1.4.17
2026-01-10 14:13:36,745 [INFO] ThirdParty:978 - Integrity check success = true
2026-01-10 14:13:36,745 [INFO] IntegrityCheckThread:100 - exiting critical section [integrity check]
2026-01-10 14:13:36,745 [INFO] IntegrityCheckThread:103 - End integrity checks thread
2026-01-10 14:13:36,762 [INFO] WebApp:187 - Connection restablished
2026-01-10 14:13:36,905 [INFO] WebApp:221 - Starting web application
2026-01-10 14:13:36,905 [INFO] WebApp:579 - Web application path used C:\ST\STM32CubeIDE_1.17.0\STM32CubeIDE\plugins\com.st.stm32cube.common.mx_6.13.0.202411220809\db\plugins\mcufinder\reactClient1\index.html
2026-01-10 14:13:51,454 [ERROR] LogOutputStream:75 - [STDERR_REDIRECT] 
2026-01-10 14:14:55,547 [INFO] Activator:176 - 


2026-01-10 14:14:55,549 [INFO] Activator:177 - !SESSION log4j initialized
2026-01-10 14:15:00,502 [INFO] LogOutputStream:77 - [STDOUT_REDIRECT] 
2026-01-10 14:15:01,493 [INFO] ApplicationProperties:184 - Using Application install path: C:\ST\STM32CubeIDE_1.17.0\STM32CubeIDE\plugins\com.st.stm32cube.common.mx_6.13.0.202411220809
2026-01-10 14:15:01,514 [INFO] DbMcusXml:78 - Set database path to: C:\ST\STM32CubeIDE_1.17.0\STM32CubeIDE\plugins\com.st.stm32cube.common.mx_6.13.0.202411220809\\db\/mcu/
2026-01-10 14:15:01,514 [INFO] ApiDb:274 - Set plugin database path to: C:\ST\STM32CubeIDE_1.17.0\STM32CubeIDE\plugins\com.st.stm32cube.common.mx_6.13.0.202411220809\\db\/plugins/boardmanager/
2026-01-10 14:15:01,514 [WARN] ApiDb:259 - Overriding images path with different value:  => C:\ST\STM32CubeIDE_1.17.0\STM32CubeIDE\plugins\com.st.stm32cube.common.mx_6.13.0.202411220809\\db\/plugins/mcufinder/images/
2026-01-10 14:15:01,519 [INFO] ApiDb:250 - Set database path to: C:\Users\kamil\.stmcufinder\plugins\mcufinder//mcu/
2026-01-10 14:15:01,520 [INFO] DbMcusAds:125 - Set database path to: C:\Users\kamil\.stmcufinder\plugins\mcufinder//mcu/
2026-01-10 14:15:01,522 [INFO] CrossReferenceDbSqlite:203 - Set database path to: C:\Users\kamil\.stmcufinder\plugins\mcufinder//mcu/cs/
2026-01-10 14:15:01,641 [INFO] RulesReader:64 - Compatibility file has been processed (297 Rules)
2026-01-10 14:15:01,716 [INFO] DbMcusXml:78 - Set database path to: C:\ST\STM32CubeIDE_1.17.0\STM32CubeIDE\plugins\com.st.stm32cube.common.mx_6.13.0.202411220809\\db\/mcu/
2026-01-10 14:15:01,716 [INFO] ApiDb:274 - Set plugin database path to: C:\ST\STM32CubeIDE_1.17.0\STM32CubeIDE\plugins\com.st.stm32cube.common.mx_6.13.0.202411220809\\db\/plugins/boardmanager/
2026-01-10 14:15:01,716 [INFO] ApiDb:261 - Set plugin images path to: C:\ST\STM32CubeIDE_1.17.0\STM32CubeIDE\plugins\com.st.stm32cube.common.mx_6.13.0.202411220809\\db\/plugins/mcufinder/images/
2026-01-10 14:15:01,716 [WARN] DbFile:41 - Overriding database path with different value: C:\Users\kamil\.stmcufinder\plugins\mcufinder/ => C:\Users\kamil\.stmcufinder\plugins\mcufinder
2026-01-10 14:15:01,716 [INFO] ApiDb:250 - Set database path to: C:\Users\kamil\.stmcufinder\plugins\mcufinder//mcu/
2026-01-10 14:15:01,717 [WARN] DbFile:41 - Overriding database path with different value: C:\Users\kamil\.stmcufinder\plugins\mcufinder/ => C:\Users\kamil\.stmcufinder\plugins\mcufinder
2026-01-10 14:15:01,717 [INFO] DbMcusAds:125 - Set database path to: C:\Users\kamil\.stmcufinder\plugins\mcufinder//mcu/
2026-01-10 14:15:01,717 [WARN] DbFile:41 - Overriding database path with different value: C:\Users\kamil\.stmcufinder\plugins\mcufinder/ => C:\Users\kamil\.stmcufinder\plugins\mcufinder
2026-01-10 14:15:01,717 [WARN] DbFile:41 - Overriding database path with different value: C:\Users\kamil\.stmcufinder\plugins\mcufinder/ => C:\Users\kamil\.stmcufinder\plugins\mcufinder
2026-01-10 14:15:01,717 [INFO] CrossReferenceDbSqlite:203 - Set database path to: C:\Users\kamil\.stmcufinder\plugins\mcufinder//mcu/cs/
2026-01-10 14:15:01,783 [INFO] MainPanel:272 - HeapMemory: 268435456
2026-01-10 14:15:01,863 [INFO] DbMcusXml:78 - Set database path to: C:\ST\STM32CubeIDE_1.17.0\STM32CubeIDE\plugins\com.st.stm32cube.common.mx_6.13.0.202411220809\\db\/mcu/
2026-01-10 14:15:01,863 [INFO] ApiDb:274 - Set plugin database path to: C:\ST\STM32CubeIDE_1.17.0\STM32CubeIDE\plugins\com.st.stm32cube.common.mx_6.13.0.202411220809\\db\/plugins/boardmanager/
2026-01-10 14:15:01,863 [INFO] ApiDb:261 - Set plugin images path to: C:\ST\STM32CubeIDE_1.17.0\STM32CubeIDE\plugins\com.st.stm32cube.common.mx_6.13.0.202411220809\\db\/plugins/mcufinder/images/
2026-01-10 14:15:01,863 [WARN] DbFile:41 - Overriding database path with different value: C:\Users\kamil\.stmcufinder\plugins\mcufinder/ => C:\Users\kamil\.stmcufinder\plugins\mcufinder
2026-01-10 14:15:01,863 [INFO] ApiDb:250 - Set database path to: C:\Users\kamil\.stmcufinder\plugins\mcufinder//mcu/
2026-01-10 14:15:01,863 [WARN] DbFile:41 - Overriding database path with different value: C:\Users\kamil\.stmcufinder\plugins\mcufinder/ => C:\Users\kamil\.stmcufinder\plugins\mcufinder
2026-01-10 14:15:01,863 [INFO] DbMcusAds:125 - Set database path to: C:\Users\kamil\.stmcufinder\plugins\mcufinder//mcu/
2026-01-10 14:15:01,865 [WARN] DbFile:41 - Overriding database path with different value: C:\Users\kamil\.stmcufinder\plugins\mcufinder/ => C:\Users\kamil\.stmcufinder\plugins\mcufinder
2026-01-10 14:15:01,865 [WARN] DbFile:41 - Overriding database path with different value: C:\Users\kamil\.stmcufinder\plugins\mcufinder/ => C:\Users\kamil\.stmcufinder\plugins\mcufinder
2026-01-10 14:15:01,865 [INFO] CrossReferenceDbSqlite:203 - Set database path to: C:\Users\kamil\.stmcufinder\plugins\mcufinder//mcu/cs/
2026-01-10 14:15:01,880 [INFO] ApplicationProperties:184 - Using Application install path: C:\ST\STM32CubeIDE_1.17.0\STM32CubeIDE\plugins\com.st.stm32cube.common.mx_6.13.0.202411220809
2026-01-10 14:15:01,882 [INFO] PluginManage:196 - Search for loadable plugins [exclusion list=, ]
2026-01-10 14:15:01,883 [INFO] PluginManage:310 - Check plugin analytics
2026-01-10 14:15:02,069 [INFO] AnalyticsPlugin:253 - Accepted Software Licenses: 
2026-01-10 14:15:02,069 [INFO] AnalyticsPlugin:255 - Accepted CMSIS Pack Licenses: 
2026-01-10 14:15:02,069 [INFO] AnalyticsPlugin:257 - Accepted Firmware Licenses: FW.F7.1.17.0,FW.H7.1.12.0
2026-01-10 14:15:02,073 [INFO] PluginManage:359 - Loaded plugin analytics (category:tool,tabindex:-1)
2026-01-10 14:15:02,074 [INFO] PluginManage:310 - Check plugin cadmodel
2026-01-10 14:15:02,078 [INFO] CADModel:105 - Init CAD model plugin
2026-01-10 14:15:02,078 [INFO] PluginManage:359 - Loaded plugin cadmodel (category:power,tabindex:5)
2026-01-10 14:15:02,078 [INFO] PluginManage:310 - Check plugin clock
2026-01-10 14:15:02,089 [INFO] PluginManage:359 - Loaded plugin clock (category:base,tabindex:2)
2026-01-10 14:15:02,089 [INFO] PluginManage:310 - Check plugin ddr
2026-01-10 14:15:02,092 [INFO] PluginManage:359 - Loaded plugin ddr (category:tool,tabindex:6)
2026-01-10 14:15:02,092 [INFO] PluginManage:310 - Check plugin filemanager
2026-01-10 14:15:02,251 [INFO] PluginManage:359 - Loaded plugin filemanager (category:base,tabindex:10)
2026-01-10 14:15:02,251 [INFO] PluginManage:310 - Check plugin ipmanager
2026-01-10 14:15:02,257 [INFO] PluginManage:359 - Loaded plugin ipmanager (category:base,tabindex:5)
2026-01-10 14:15:02,258 [INFO] PluginManage:310 - Check plugin lpbam
2026-01-10 14:15:02,265 [INFO] PluginManage:359 - Loaded plugin lpbam (category:base,tabindex:0)
2026-01-10 14:15:02,265 [INFO] PluginManage:310 - Check plugin memorymap
2026-01-10 14:15:02,277 [INFO] PluginManage:359 - Loaded plugin memorymap (category:base,tabindex:4)
2026-01-10 14:15:02,277 [INFO] PluginManage:310 - Check plugin pinoutandconfiguration
2026-01-10 14:15:02,283 [INFO] PluginManage:359 - Loaded plugin pinoutandconfiguration (category:base,tabindex:1)
2026-01-10 14:15:02,283 [INFO] PluginManage:310 - Check plugin pinoutconfig
2026-01-10 14:15:02,361 [WARN] SupportedApi:132 - Cannot load RTOS API schema: s4s-elt-must-match.1: The content of 'definitions' must match (annotation?, (simpleType | complexType)?, (unique | key | keyref)*)). A problem was found starting at: attribute.
2026-01-10 14:15:02,523 [INFO] PluginManage:359 - Loaded plugin pinoutconfig (category:base,tabindex:0)
2026-01-10 14:15:02,523 [INFO] PluginManage:310 - Check plugin power
2026-01-10 14:15:02,531 [INFO] PluginManage:359 - Loaded plugin power (category:power,tabindex:4)
2026-01-10 14:15:02,532 [INFO] PluginManage:310 - Check plugin projectmanager
2026-01-10 14:15:02,551 [INFO] PluginManage:359 - Loaded plugin projectmanager (category:projectmanager,tabindex:4)
2026-01-10 14:15:02,551 [INFO] PluginManage:310 - Check plugin rif
2026-01-10 14:15:02,557 [INFO] PluginManage:359 - Loaded plugin rif (category:base,tabindex:3)
2026-01-10 14:15:02,558 [INFO] PluginManage:310 - Check plugin thirdparty
2026-01-10 14:15:02,680 [WARN] IntegrityCheckThread:84 - waiting for thirdparty lock release [integrity check]
2026-01-10 14:15:02,680 [INFO] IntegrityCheckThread:86 - entering critical section [integrity check]
2026-01-10 14:15:02,680 [INFO] PluginManage:359 - Loaded plugin thirdparty (category:base,tabindex:-1)
2026-01-10 14:15:02,680 [INFO] ThirdPartyUpdaterWithRetryManager:70 - Updater plugin not ready yet. [1/15]
2026-01-10 14:15:02,680 [INFO] PluginManage:310 - Check plugin tools
2026-01-10 14:15:02,686 [INFO] PluginManage:359 - Loaded plugin tools (category:base,tabindex:7)
2026-01-10 14:15:02,686 [INFO] PluginManage:310 - Check plugin tutovideos
2026-01-10 14:15:02,846 [INFO] PluginManage:359 - Loaded plugin tutovideos (category:base,tabindex:-1)
2026-01-10 14:15:02,846 [INFO] PluginManage:310 - Check plugin updater
2026-01-10 14:15:02,872 [INFO] PluginManage:359 - Loaded plugin updater (category:base,tabindex:12)
2026-01-10 14:15:02,872 [INFO] PluginManage:310 - Check plugin userauth
2026-01-10 14:15:02,876 [INFO] UserAuth:118 - Init User Auth plugin
2026-01-10 14:15:02,877 [INFO] PluginManage:359 - Loaded plugin userauth (category:base,tabindex:14)
2026-01-10 14:15:02,877 [INFO] PluginManage:283 - PluginManage : Loaded plugins [18]
2026-01-10 14:15:03,099 [INFO] PinOutPanel:1589 - setPackage(No Configuration,No Configuration)
2026-01-10 14:15:03,189 [INFO] CADModel:165 - CPN selected for project level
2026-01-10 14:15:03,189 [INFO] CADModel:114 - Register for checkConnection events
2026-01-10 14:15:03,207 [INFO] IPUIPlugin:80 - create IPUIPlugin
2026-01-10 14:15:03,207 [INFO] PluginManager:220 - loadIPPluginJar : add adc
2026-01-10 14:15:03,210 [INFO] IPUIPlugin:80 - create IPUIPlugin
2026-01-10 14:15:03,210 [INFO] PluginManager:220 - loadIPPluginJar : add aes
2026-01-10 14:15:03,213 [INFO] IPUIPlugin:80 - create IPUIPlugin
2026-01-10 14:15:03,213 [INFO] PluginManager:220 - loadIPPluginJar : add can
2026-01-10 14:15:03,215 [INFO] IPUIPlugin:80 - create IPUIPlugin
2026-01-10 14:15:03,215 [INFO] PluginManager:220 - loadIPPluginJar : add comp
2026-01-10 14:15:03,217 [INFO] IPUIPlugin:80 - create IPUIPlugin
2026-01-10 14:15:03,218 [INFO] PluginManager:220 - loadIPPluginJar : add cryp
2026-01-10 14:15:03,220 [INFO] IPUIPlugin:80 - create IPUIPlugin
2026-01-10 14:15:03,220 [INFO] PluginManager:220 - loadIPPluginJar : add ddr_ctrl_phy
2026-01-10 14:15:03,223 [INFO] IPUIPlugin:80 - create IPUIPlugin
2026-01-10 14:15:03,223 [INFO] PluginManager:220 - loadIPPluginJar : add dfsdm
2026-01-10 14:15:03,228 [INFO] IPUIPlugin:80 - create IPUIPlugin
2026-01-10 14:15:03,228 [INFO] PluginManager:220 - loadIPPluginJar : add dma
2026-01-10 14:15:03,230 [INFO] IPUIPlugin:80 - create IPUIPlugin
2026-01-10 14:15:03,231 [INFO] PluginManager:220 - loadIPPluginJar : add dma3
2026-01-10 14:15:03,233 [INFO] IPUIPlugin:80 - create IPUIPlugin
2026-01-10 14:15:03,233 [INFO] PluginManager:220 - loadIPPluginJar : add extmemmanager
2026-01-10 14:15:03,235 [INFO] IPUIPlugin:80 - create IPUIPlugin
2026-01-10 14:15:03,235 [INFO] PluginManager:220 - loadIPPluginJar : add fatfs
2026-01-10 14:15:03,239 [INFO] IPUIPlugin:80 - create IPUIPlugin
2026-01-10 14:15:03,239 [INFO] PluginManager:220 - loadIPPluginJar : add fmc
2026-01-10 14:15:03,245 [INFO] IPUIPlugin:80 - create IPUIPlugin
2026-01-10 14:15:03,245 [INFO] PluginManager:220 - loadIPPluginJar : add freertos
2026-01-10 14:15:03,246 [INFO] IPUIPlugin:80 - create IPUIPlugin
2026-01-10 14:15:03,246 [INFO] PluginManager:220 - loadIPPluginJar : add genericplugin
2026-01-10 14:15:03,248 [INFO] IPUIPlugin:80 - create IPUIPlugin
2026-01-10 14:15:03,248 [INFO] PluginManager:220 - loadIPPluginJar : add gfxmmu
2026-01-10 14:15:03,252 [INFO] IPUIPlugin:80 - create IPUIPlugin
2026-01-10 14:15:03,252 [INFO] PluginManager:220 - loadIPPluginJar : add gic
2026-01-10 14:15:03,255 [INFO] IPUIPlugin:80 - create IPUIPlugin
2026-01-10 14:15:03,255 [INFO] PluginManager:220 - loadIPPluginJar : add gpio
2026-01-10 14:15:03,257 [INFO] IPUIPlugin:80 - create IPUIPlugin
2026-01-10 14:15:03,257 [INFO] PluginManager:220 - loadIPPluginJar : add gtzc
2026-01-10 14:15:03,259 [INFO] IPUIPlugin:80 - create IPUIPlugin
2026-01-10 14:15:03,260 [INFO] PluginManager:220 - loadIPPluginJar : add hash
2026-01-10 14:15:03,262 [INFO] IPUIPlugin:80 - create IPUIPlugin
2026-01-10 14:15:03,262 [INFO] PluginManager:220 - loadIPPluginJar : add i2c
2026-01-10 14:15:03,264 [INFO] IPUIPlugin:80 - create IPUIPlugin
2026-01-10 14:15:03,265 [INFO] PluginManager:220 - loadIPPluginJar : add i2s
2026-01-10 14:15:03,267 [INFO] IPUIPlugin:80 - create IPUIPlugin
2026-01-10 14:15:03,268 [INFO] PluginManager:220 - loadIPPluginJar : add i3c
2026-01-10 14:15:03,271 [INFO] IPUIPlugin:80 - create IPUIPlugin
2026-01-10 14:15:03,271 [INFO] PluginManager:220 - loadIPPluginJar : add ipddr
2026-01-10 14:15:03,278 [INFO] IPUIPlugin:80 - create IPUIPlugin
2026-01-10 14:15:03,278 [INFO] PluginManager:220 - loadIPPluginJar : add linkedlist
2026-01-10 14:15:03,280 [INFO] IPUIPlugin:80 - create IPUIPlugin
2026-01-10 14:15:03,280 [INFO] PluginManager:220 - loadIPPluginJar : add lorawan
2026-01-10 14:15:03,281 [INFO] IPUIPlugin:80 - create IPUIPlugin
2026-01-10 14:15:03,282 [INFO] PluginManager:220 - loadIPPluginJar : add ltdc
2026-01-10 14:15:03,287 [INFO] IPUIPlugin:80 - create IPUIPlugin
2026-01-10 14:15:03,287 [INFO] PluginManager:220 - loadIPPluginJar : add mdma
2026-01-10 14:15:03,290 [INFO] IPUIPlugin:80 - create IPUIPlugin
2026-01-10 14:15:03,290 [INFO] PluginManager:220 - loadIPPluginJar : add nvic
2026-01-10 14:15:03,292 [INFO] IPUIPlugin:80 - create IPUIPlugin
2026-01-10 14:15:03,292 [INFO] PluginManager:220 - loadIPPluginJar : add opamp
2026-01-10 14:15:03,295 [INFO] IPUIPlugin:80 - create IPUIPlugin
2026-01-10 14:15:03,295 [INFO] PluginManager:220 - loadIPPluginJar : add openamp
2026-01-10 14:15:03,297 [INFO] IPUIPlugin:80 - create IPUIPlugin
2026-01-10 14:15:03,297 [INFO] PluginManager:220 - loadIPPluginJar : add pdm2pcm
2026-01-10 14:15:03,302 [INFO] IPUIPlugin:80 - create IPUIPlugin
2026-01-10 14:15:03,304 [INFO] PluginManager:220 - loadIPPluginJar : add plateformsettings
2026-01-10 14:15:03,307 [INFO] IPUIPlugin:80 - create IPUIPlugin
2026-01-10 14:15:03,307 [INFO] PluginManager:220 - loadIPPluginJar : add quadspi
2026-01-10 14:15:03,310 [INFO] IPUIPlugin:80 - create IPUIPlugin
2026-01-10 14:15:03,311 [INFO] PluginManager:220 - loadIPPluginJar : add radio
2026-01-10 14:15:03,313 [INFO] IPUIPlugin:80 - create IPUIPlugin
2026-01-10 14:15:03,314 [INFO] PluginManager:220 - loadIPPluginJar : add resmgrutility
2026-01-10 14:15:03,318 [INFO] IPUIPlugin:80 - create IPUIPlugin
2026-01-10 14:15:03,318 [INFO] PluginManager:220 - loadIPPluginJar : add sai
2026-01-10 14:15:03,319 [INFO] IPUIPlugin:80 - create IPUIPlugin
2026-01-10 14:15:03,320 [INFO] PluginManager:220 - loadIPPluginJar : add spi
2026-01-10 14:15:03,325 [INFO] IPUIPlugin:80 - create IPUIPlugin
2026-01-10 14:15:03,325 [INFO] PluginManager:220 - loadIPPluginJar : add stm32_wpan
2026-01-10 14:15:03,327 [INFO] IPUIPlugin:80 - create IPUIPlugin
2026-01-10 14:15:03,327 [INFO] PluginManager:220 - loadIPPluginJar : add tim
2026-01-10 14:15:03,330 [INFO] IPUIPlugin:80 - create IPUIPlugin
2026-01-10 14:15:03,330 [INFO] PluginManager:220 - loadIPPluginJar : add touchsensing
2026-01-10 14:15:03,332 [INFO] IPUIPlugin:80 - create IPUIPlugin
2026-01-10 14:15:03,332 [INFO] PluginManager:220 - loadIPPluginJar : add tracer_emb
2026-01-10 14:15:03,333 [INFO] IPUIPlugin:80 - create IPUIPlugin
2026-01-10 14:15:03,335 [INFO] PluginManager:220 - loadIPPluginJar : add ts
2026-01-10 14:15:03,336 [INFO] IPUIPlugin:80 - create IPUIPlugin
2026-01-10 14:15:03,336 [INFO] PluginManager:220 - loadIPPluginJar : add tsc
2026-01-10 14:15:03,341 [INFO] IPUIPlugin:80 - create IPUIPlugin
2026-01-10 14:15:03,341 [INFO] PluginManager:220 - loadIPPluginJar : add ucpd
2026-01-10 14:15:03,343 [INFO] IPUIPlugin:80 - create IPUIPlugin
2026-01-10 14:15:03,343 [INFO] PluginManager:220 - loadIPPluginJar : add usart
2026-01-10 14:15:03,347 [INFO] IPUIPlugin:80 - create IPUIPlugin
2026-01-10 14:15:03,347 [INFO] PluginManager:220 - loadIPPluginJar : add usbx
2026-01-10 14:15:03,468 [FATAL] Updater:351 - Updater called before beeing initialized
2026-01-10 14:15:03,513 [INFO] RulesReader:64 - Compatibility file has been processed (297 Rules)
2026-01-10 14:15:03,529 [INFO] RulesReader:64 - Compatibility file has been processed (297 Rules)
2026-01-10 14:15:03,540 [INFO] CADModel:165 - CPN selected for project level
2026-01-10 14:15:03,540 [INFO] CADModel:114 - Register for checkConnection events
2026-01-10 14:15:03,540 [FATAL] Updater:351 - Updater called before beeing initialized
2026-01-10 14:15:03,540 [ERROR] CADModel:125 - Updater not yet initialized, retry later 
2026-01-10 14:15:03,684 [FATAL] Updater:351 - Updater called before beeing initialized
2026-01-10 14:15:03,687 [INFO] CADModel:165 - CPN selected for project level
2026-01-10 14:15:03,687 [INFO] CADModel:114 - Register for checkConnection events
2026-01-10 14:15:03,687 [FATAL] Updater:351 - Updater called before beeing initialized
2026-01-10 14:15:03,687 [ERROR] CADModel:125 - Updater not yet initialized, retry later 
2026-01-10 14:15:03,692 [FATAL] Updater:351 - Updater called before beeing initialized
2026-01-10 14:15:03,812 [FATAL] Updater:351 - Updater called before beeing initialized
2026-01-10 14:15:03,815 [INFO] DbMcusAds:53 - JSON generation date=Tue Dec 16 00:11:46 CET 2025 (1765840306612)
2026-01-10 14:15:03,815 [FATAL] Updater:351 - Updater called before beeing initialized
2026-01-10 14:15:03,841 [WARN] DetailPanel:346 - Failed to get advertising image, set to default
2026-01-10 14:15:04,067 [FATAL] Updater:351 - Updater called before beeing initialized
2026-01-10 14:15:04,069 [FATAL] Updater:351 - Updater called before beeing initialized
2026-01-10 14:15:04,070 [FATAL] Updater:351 - Updater called before beeing initialized
2026-01-10 14:15:04,070 [WARN] DetailPanel:346 - Failed to get advertising image, set to default
2026-01-10 14:15:04,071 [FATAL] Updater:351 - Updater called before beeing initialized
2026-01-10 14:15:04,114 [ERROR] Updater:1198 - MainUpdater not yet initialized. External WinMGr cannot be set.
2026-01-10 14:15:04,115 [INFO] Updater:1134 - Updater Version found : 6.13.0
2026-01-10 14:15:04,131 [INFO] ApplicationProperties:184 - Using Application install path: C:\ST\STM32CubeIDE_1.17.0\STM32CubeIDE\plugins\com.st.stm32cube.common.mx_6.13.0.202411220809
2026-01-10 14:15:04,357 [INFO] MainUpdater:2872 - connection check result : 10
2026-01-10 14:15:04,357 [INFO] MainUpdater:289 - Updater Check For Update Now.
2026-01-10 14:15:04,357 [INFO] MicroXplorer:498 - Change Database Version : DB.6.0.130
2026-01-10 14:15:04,373 [INFO] McuFinderGlobals:63 - Set McuFinder mode to 2 (CubeIDE integrated)
2026-01-10 14:15:04,373 [INFO] UserAuth:171 - activating auth plugin
2026-01-10 14:15:04,377 [INFO] UserAuth:486 - Internet connection configuration mode: 1
2026-01-10 14:15:04,402 [INFO] JxBrowserEngine:152 - Initiate JxBrowser Engine with user profile folder
2026-01-10 14:15:04,536 [INFO] CheckServerUpdateThread:120 - End of CheckServer Thread
2026-01-10 14:15:05,027 [INFO] WebApp:168 - Instantiating new browser for Auth
2026-01-10 14:15:05,676 [INFO] WebApp:449 - Apply proxy settings
2026-01-10 14:15:05,677 [INFO] WebApp:534 - Chromium requires no authentication
2026-01-10 14:15:05,686 [INFO] WebApp:477 - Direct internet connection detected
2026-01-10 14:15:05,728 [INFO] WebApp:880 - Register for checkConnection events
2026-01-10 14:15:05,728 [INFO] WebApp:449 - Apply proxy settings
2026-01-10 14:15:05,729 [INFO] WebApp:534 - Chromium requires no authentication
2026-01-10 14:15:05,729 [INFO] WebApp:477 - Direct internet connection detected
2026-01-10 14:15:05,912 [WARN] PackLoader:240 - Cannot read IP mode file for STMicroelectronics.FP-SNS-MOTENVWB1.1.4.0
2026-01-10 14:15:05,921 [WARN] PackLoader:240 - Cannot read IP mode file for STMicroelectronics.FP-ATR-ASTRA1.2.0.2
2026-01-10 14:15:05,923 [INFO] WebApp:221 - Starting web application
2026-01-10 14:15:05,923 [INFO] WebApp:579 - Web application path used C:\ST\STM32CubeIDE_1.17.0\STM32CubeIDE\plugins\com.st.stm32cube.common.mx_6.13.0.202411220809\db\plugins\mcufinder\reactClient1\index.html
2026-01-10 14:15:05,923 [WARN] PackLoader:240 - Cannot read IP mode file for STMicroelectronics.FP-ATR-ASTRA1.2.0.1
2026-01-10 14:15:05,932 [WARN] PackLoader:240 - Cannot read IP mode file for STMicroelectronics.X-CUBE-SMBUS.2.1.0
2026-01-10 14:15:05,950 [WARN] PackLoader:240 - Cannot read IP mode file for STMicroelectronics.X-CUBE-WB05N.1.1.0
2026-01-10 14:15:05,956 [WARN] PackLoader:240 - Cannot read IP mode file for STMicroelectronics.X-CUBE-ST60.1.0.0
2026-01-10 14:15:05,988 [WARN] PackLoader:240 - Cannot read IP mode file for STMicroelectronics.X-CUBE-AZRTOS-F7.1.1.0
2026-01-10 14:15:06,147 [INFO] WebApp:187 - Connection restablished
2026-01-10 14:15:06,210 [WARN] PackLoader:240 - Cannot read IP mode file for STMicroelectronics.X-CUBE-MEMS1.11.0.0
2026-01-10 14:15:06,343 [ERROR] Engine:466 - C:\Users\kamil\.stm32cubemx\thirdparties\pdsc\STMicroelectronics.FP-SNS-MOTENV1.5.1.0.pdsc: PDSC version is not supported
2026-01-10 14:15:06,350 [WARN] PackLoader:240 - Cannot read IP mode file for STMicroelectronics.FP-SNS-FLIGHT1.5.0.2
2026-01-10 14:15:06,373 [WARN] PackLoader:240 - Cannot read IP mode file for STMicroelectronics.X-CUBE-AZRTOS-H7.3.4.0
2026-01-10 14:15:06,382 [WARN] PackLoader:240 - Cannot read IP mode file for STMicroelectronics.X-CUBE-DISPLAY.3.0.0
2026-01-10 14:15:06,418 [WARN] PackLoader:240 - Cannot read IP mode file for STMicroelectronics.X-CUBE-BLE1.7.0.0
2026-01-10 14:15:06,428 [WARN] PackLoader:240 - Cannot read IP mode file for STMicroelectronics.X-CUBE-NFC10.1.0.0
2026-01-10 14:15:06,444 [WARN] PackLoader:240 - Cannot read IP mode file for STMicroelectronics.X-CUBE-BLEMGR.4.0.0
2026-01-10 14:15:06,453 [WARN] PackLoader:240 - Cannot read IP mode file for STMicroelectronics.X-CUBE-ST60.1.1.0
2026-01-10 14:15:06,461 [WARN] PackLoader:240 - Cannot read IP mode file for emotas.I-CUBE-CANOPEN.1.3.0
2026-01-10 14:15:06,469 [WARN] PackLoader:240 - Cannot read IP mode file for STMicroelectronics.X-CUBE-GNSS1.7.1.0
2026-01-10 14:15:06,481 [WARN] PackLoader:240 - Cannot read IP mode file for STMicroelectronics.X-CUBE-BLEMGR.3.1.0
2026-01-10 14:15:06,489 [WARN] PackLoader:240 - Cannot read IP mode file for STMicroelectronics.X-CUBE-AI.10.0.0
2026-01-10 14:15:06,493 [ERROR] Engine:466 - C:\Users\kamil\.stm32cubemx\thirdparties\pdsc\STMicroelectronics.FP-SNS-STBOX1.2.1.0.pdsc: PDSC version is not supported
2026-01-10 14:15:06,499 [WARN] PackLoader:240 - Cannot read IP mode file for STMicroelectronics.FP-SNS-SMARTAG2.1.2.0
2026-01-10 14:15:06,504 [WARN] PackLoader:240 - Cannot read IP mode file for STMicroelectronics.FP-SNS-FLIGHT1.5.1.0
2026-01-10 14:15:06,558 [WARN] PackLoader:240 - Cannot read IP mode file for STMicroelectronics.X-CUBE-MEMS1.11.1.0
2026-01-10 14:15:06,685 [INFO] LogOutputStream:77 - [STDOUT_REDIRECT] 1 : Invalid condition id : UX_CORESTACK_Condition cause : null
2026-01-10 14:15:06,686 [INFO] LogOutputStream:77 - [STDOUT_REDIRECT] 1 : Invalid condition id : UX_CORESTACK_Condition cause : null
2026-01-10 14:15:06,687 [INFO] LogOutputStream:77 - [STDOUT_REDIRECT] 1 : Invalid condition id : UX_CORESTACK_Condition cause : null
2026-01-10 14:15:06,688 [INFO] LogOutputStream:77 - [STDOUT_REDIRECT] 1 : Invalid condition id : UX_CORESTACK_Condition cause : null
2026-01-10 14:15:06,688 [INFO] LogOutputStream:77 - [STDOUT_REDIRECT] 1 : Invalid condition id : UX_CORESTACK_Condition cause : null
2026-01-10 14:15:06,690 [WARN] PackLoader:240 - Cannot read IP mode file for STMicroelectronics.X-CUBE-AZRTOS-WL.2.0.0
2026-01-10 14:15:06,696 [WARN] PackLoader:240 - Cannot read IP mode file for STMicroelectronics.FP-SNS-MOTENV1.5.0.0
2026-01-10 14:15:06,713 [WARN] PackLoader:240 - Cannot read IP mode file for STMicroelectronics.X-CUBE-AZRTOS-H7RS.1.2.0
2026-01-10 14:15:06,719 [WARN] PackLoader:240 - Cannot read IP mode file for wolfSSL.I-CUBE-wolfMQTT.1.19.0
2026-01-10 14:15:06,725 [WARN] PackLoader:240 - Cannot read IP mode file for WES.I-CUBE-Cesium.1.3.0
2026-01-10 14:15:06,731 [WARN] PackLoader:240 - Cannot read IP mode file for STMicroelectronics.X-CUBE-BLE2.3.3.0
2026-01-10 14:15:06,764 [WARN] PackLoader:240 - Cannot read IP mode file for STMicroelectronics.X-CUBE-NFC9.1.0.0
2026-01-10 14:15:06,769 [WARN] PackLoader:240 - Cannot read IP mode file for STMicroelectronics.X-CUBE-BLE1.7.1.0
2026-01-10 14:15:06,773 [WARN] PackLoader:240 - Cannot read IP mode file for STMicroelectronics.X-CUBE-TCPP.4.1.0
2026-01-10 14:15:06,777 [ERROR] Engine:466 - C:\Users\kamil\.stm32cubemx\thirdparties\pdsc\STMicroelectronics.X-CUBE-FREERTOS.1.4.0.pdsc: PDSC version is not supported
2026-01-10 14:15:06,784 [WARN] PackLoader:240 - Cannot read IP mode file for STMicroelectronics.X-CUBE-EEPRMA1.5.2.0
2026-01-10 14:15:06,787 [ERROR] Engine:466 - C:\Users\kamil\.stm32cubemx\thirdparties\pdsc\STMicroelectronics.X-CUBE-ST67W61.1.1.0.pdsc: PDSC version is not supported
2026-01-10 14:15:06,822 [WARN] PackLoader:240 - Cannot read IP mode file for STMicroelectronics.X-CUBE-MEMS1.12.0.0
2026-01-10 14:15:06,881 [WARN] PackLoader:240 - Cannot read IP mode file for STMicroelectronics.X-CUBE-AZRTOS-G0.1.1.0
2026-01-10 14:15:06,889 [WARN] PackLoader:240 - Cannot read IP mode file for STMicroelectronics.X-CUBE-SAFEA1.1.2.2
2026-01-10 14:15:06,893 [WARN] PackLoader:240 - Cannot read IP mode file for STMicroelectronics.X-CUBE-NFC4.3.0.0
2026-01-10 14:15:06,902 [WARN] PackLoader:240 - Cannot read IP mode file for EmbeddedOffice.I-CUBE-FS-RTOS.1.0.1
2026-01-10 14:15:06,907 [WARN] PackLoader:240 - Cannot read IP mode file for STMicroelectronics.X-CUBE-WB05N.2.0.0
2026-01-10 14:15:06,912 [WARN] PackLoader:240 - Cannot read IP mode file for STMicroelectronics.X-CUBE-TCPP.4.2.0
2026-01-10 14:15:06,919 [WARN] PackLoader:240 - Cannot read IP mode file for RealThread.X-CUBE-RT-Thread_Nano.4.1.1
2026-01-10 14:15:06,923 [WARN] PackLoader:240 - Cannot read IP mode file for STMicroelectronics.FP-ATR-SIGFOX1.3.2.0
2026-01-10 14:15:06,927 [WARN] PackLoader:240 - Cannot read IP mode file for wolfSSL.I-CUBE-wolfSSL.5.7.2
2026-01-10 14:15:06,932 [WARN] ConditionMgr:438 - getConditionDescription Invalid condition id : Cortex-A Device cause : null
2026-01-10 14:15:06,940 [WARN] ConditionMgr:1044 - genDependencies : Invalid condition id : Cortex-A Device cause : null
2026-01-10 14:15:06,940 [WARN] ConditionMgr:1044 - genDependencies : Invalid condition id : Cortex-A Device cause : null
2026-01-10 14:15:06,940 [WARN] ConditionMgr:1044 - genDependencies : Invalid condition id : Cortex-A Device cause : null
2026-01-10 14:15:06,944 [WARN] PackLoader:240 - Cannot read IP mode file for STMicroelectronics.X-CUBE-EEPRMA1.5.1.0
2026-01-10 14:15:06,950 [WARN] PackLoader:240 - Cannot read IP mode file for ITTIA_DB.I-CUBE-ITTIADB.8.9.0
2026-01-10 14:15:06,956 [WARN] PackLoader:240 - Cannot read IP mode file for STMicroelectronics.X-CUBE-ST67W61.1.0.0
2026-01-10 14:15:06,960 [WARN] PackLoader:240 - Cannot read IP mode file for STMicroelectronics.X-CUBE-AI.10.2.0
2026-01-10 14:15:06,976 [WARN] PackLoader:240 - Cannot read IP mode file for SEGGER.I-CUBE-embOS.1.3.1
2026-01-10 14:15:06,998 [WARN] PackLoader:240 - Cannot read IP mode file for STMicroelectronics.X-CUBE-ALGOBUILD.1.4.0
2026-01-10 14:15:07,033 [WARN] PackLoader:240 - Cannot read IP mode file for STMicroelectronics.X-CUBE-MEMS1.11.3.0
2026-01-10 14:15:07,161 [WARN] PackLoader:240 - Cannot read IP mode file for STMicroelectronics.X-CUBE-AI.9.1.0
2026-01-10 14:15:07,164 [WARN] PackLoader:240 - Cannot read IP mode file for STMicroelectronics.X-CUBE-PM33A1.1.0.0
2026-01-10 14:15:07,173 [WARN] PackLoader:240 - Cannot read IP mode file for STMicroelectronics.X-CUBE-AZRTOS-F4.1.1.0
2026-01-10 14:15:07,177 [WARN] PackLoader:240 - Cannot read IP mode file for STMicroelectronics.X-CUBE-ISPU.2.1.0
2026-01-10 14:15:07,180 [ERROR] Engine:466 - C:\Users\kamil\.stm32cubemx\thirdparties\pdsc\STMicroelectronics.X-CUBE-IPS.3.2.0.pdsc: PDSC version is not supported
2026-01-10 14:15:07,183 [WARN] PackLoader:240 - Cannot read IP mode file for STMicroelectronics.X-CUBE-FREERTOS.1.2.0
2026-01-10 14:15:07,188 [WARN] PackLoader:240 - Cannot read IP mode file for STMicroelectronics.X-CUBE-NFC12.1.0.0
2026-01-10 14:15:07,198 [WARN] PackLoader:240 - Cannot read IP mode file for STMicroelectronics.X-CUBE-AZRTOS-L5.2.0.0
2026-01-10 14:15:07,204 [WARN] PackLoader:240 - Cannot read IP mode file for STMicroelectronics.X-CUBE-NFC6.3.1.0
2026-01-10 14:15:07,210 [WARN] PackLoader:240 - Cannot read IP mode file for STMicroelectronics.X-CUBE-DPower.1.2.0
2026-01-10 14:15:07,213 [WARN] PackLoader:240 - Cannot read IP mode file for STMicroelectronics.X-CUBE-FREERTOS.1.3.1
2026-01-10 14:15:07,217 [WARN] PackLoader:240 - Cannot read IP mode file for STMicroelectronics.X-CUBE-FREERTOS.1.3.0
2026-01-10 14:15:07,221 [WARN] PackLoader:240 - Cannot read IP mode file for STMicroelectronics.X-CUBE-NFC7.1.0.1
2026-01-10 14:15:07,227 [WARN] PackLoader:240 - Cannot read IP mode file for STMicroelectronics.X-CUBE-TOUCHGFX.4.26.0
2026-01-10 14:15:07,231 [WARN] PackLoader:240 - Cannot read IP mode file for STMicroelectronics.FP-SNS-STAIOTCFT.1.0.0
2026-01-10 14:15:07,234 [WARN] PackLoader:240 - Cannot read IP mode file for STMicroelectronics.X-CUBE-DPower.1.3.0
2026-01-10 14:15:07,243 [WARN] ConditionMgr:438 - getConditionDescription Invalid condition id : LAN8742 Phy interface Condition cause : null
2026-01-10 14:15:07,243 [WARN] PackLoader:240 - Cannot read IP mode file for STMicroelectronics.X-CUBE-AZRTOS-L4.2.0.0
2026-01-10 14:15:07,244 [WARN] ConditionMgr:1044 - genDependencies : Invalid condition id : LAN8742 Phy interface Condition cause : null
2026-01-10 14:15:07,245 [WARN] ConditionMgr:1044 - genDependencies : Invalid condition id : LAN8742 Phy interface Condition cause : null
2026-01-10 14:15:07,245 [WARN] ConditionMgr:1044 - genDependencies : Invalid condition id : LAN8742 Phy interface Condition cause : null
2026-01-10 14:15:07,249 [WARN] PackLoader:240 - Cannot read IP mode file for STMicroelectronics.X-CUBE-SFXS2LP1.4.0.0
2026-01-10 14:15:07,259 [WARN] PackLoader:240 - Cannot read IP mode file for STMicroelectronics.X-CUBE-AZRTOS-H7.3.3.0
2026-01-10 14:15:07,270 [WARN] PackLoader:240 - Cannot read IP mode file for STMicroelectronics.X-CUBE-BLEMGR.4.1.0
2026-01-10 14:15:07,278 [WARN] PackLoader:240 - Cannot read IP mode file for STMicroelectronics.X-CUBE-IPS.3.0.0
2026-01-10 14:15:07,289 [WARN] ConditionMgr:438 - getConditionDescription Invalid condition id : UX DEVICE CLASS RTOS Condition cause : null
2026-01-10 14:15:07,289 [WARN] ConditionMgr:438 - getConditionDescription Invalid condition id : UX DEVICE CLASS RTOS Condition cause : null
2026-01-10 14:15:07,290 [WARN] PackLoader:240 - Cannot read IP mode file for STMicroelectronics.X-CUBE-AZRTOS-WB.2.0.0
2026-01-10 14:15:07,291 [WARN] ConditionMgr:1044 - genDependencies : Invalid condition id : UX DEVICE CLASS RTOS Condition cause : null
2026-01-10 14:15:07,291 [WARN] ConditionMgr:1044 - genDependencies : Invalid condition id : UX DEVICE CLASS RTOS Condition cause : null
2026-01-10 14:15:07,291 [WARN] ConditionMgr:1044 - genDependencies : Invalid condition id : UX DEVICE CLASS RTOS Condition cause : null
2026-01-10 14:15:07,291 [WARN] ConditionMgr:1044 - genDependencies : Invalid condition id : UX DEVICE CLASS RTOS Condition cause : null
2026-01-10 14:15:07,291 [WARN] ConditionMgr:1044 - genDependencies : Invalid condition id : UX DEVICE CLASS RTOS Condition cause : null
2026-01-10 14:15:07,294 [WARN] PackLoader:240 - Cannot read IP mode file for STMicroelectronics.X-CUBE-GNSS1.7.0.0
2026-01-10 14:15:07,298 [WARN] PackLoader:240 - Cannot read IP mode file for STMicroelectronics.X-CUBE-GNSS1.7.0.1
2026-01-10 14:15:07,304 [WARN] PackLoader:240 - Cannot read IP mode file for STMicroelectronics.X-CUBE-TOUCHGFX.4.25.0
2026-01-10 14:15:07,309 [WARN] PackLoader:240 - Cannot read IP mode file for STMicroelectronics.FP-SNS-STBOX1.2.0.0
2026-01-10 14:15:07,316 [WARN] PackLoader:240 - Cannot read IP mode file for STMicroelectronics.X-CUBE-SUBG2.5.0.0
2026-01-10 14:15:07,327 [WARN] PackLoader:240 - Cannot read IP mode file for STMicroelectronics.X-CUBE-AZRTOS-H7RS.1.1.0
2026-01-10 14:15:07,332 [WARN] PackLoader:240 - Cannot read IP mode file for Cesanta.I-CUBE-Mongoose.7.13.0
2026-01-10 14:15:07,340 [WARN] PackLoader:240 - Cannot read IP mode file for STMicroelectronics.X-CUBE-AZRTOS-G4.2.0.0
2026-01-10 14:15:07,345 [WARN] PackLoader:240 - Cannot read IP mode file for STMicroelectronics.X-CUBE-NFC7.2.0.0
2026-01-10 14:15:07,350 [WARN] PackLoader:240 - Cannot read IP mode file for STMicroelectronics.X-CUBE-IPS.3.1.0
2026-01-10 14:15:07,357 [WARN] PackLoader:240 - Cannot read IP mode file for STMicroelectronics.X-CUBE-ALS.1.0.2
2026-01-10 14:15:07,360 [WARN] PackLoader:240 - Cannot read IP mode file for STMicroelectronics.X-CUBE-TOUCHGFX.4.24.1
2026-01-10 14:15:07,363 [WARN] PackLoader:240 - Cannot read IP mode file for STMicroelectronics.X-CUBE-STSE01.1.0.0
2026-01-10 14:15:07,370 [WARN] PackLoader:240 - Cannot read IP mode file for wolfSSL.I-CUBE-wolfTPM.3.4.0
2026-01-10 14:15:07,374 [WARN] PackLoader:240 - Cannot read IP mode file for portGmbH.I-Cube-SoM-uGOAL.1.1.0
2026-01-10 14:15:07,383 [WARN] PackLoader:240 - Cannot read IP mode file for STMicroelectronics.X-CUBE-AZRTOS-H7RS.1.0.0
2026-01-10 14:15:07,388 [WARN] PackLoader:240 - Cannot read IP mode file for STMicroelectronics.FP-ATR-ASTRA1.2.0.0
2026-01-10 14:15:07,395 [WARN] PackLoader:240 - Cannot read IP mode file for STMicroelectronics.X-CUBE-TOF1.3.4.2
2026-01-10 14:15:07,410 [WARN] PackLoader:240 - Cannot read IP mode file for STMicroelectronics.X-CUBE-TOF1.3.4.3
2026-01-10 14:15:07,429 [WARN] PackLoader:240 - Cannot read IP mode file for Infineon.AIROC-Wi-Fi-Bluetooth-STM32.1.6.1
2026-01-10 14:15:07,436 [WARN] PackLoader:240 - Cannot read IP mode file for wolfSSL.I-CUBE-wolfSSH.1.4.17
2026-01-10 14:15:07,437 [INFO] ThirdParty:978 - Integrity check success = true
2026-01-10 14:15:07,437 [INFO] IntegrityCheckThread:100 - exiting critical section [integrity check]
2026-01-10 14:15:07,437 [INFO] IntegrityCheckThread:103 - End integrity checks thread
2026-01-10 14:21:03,380 [INFO] McuFinderGlobals:63 - Set McuFinder mode to 2 (CubeIDE integrated)
2026-01-10 14:21:03,411 [INFO] MainUpdater:2872 - connection check result : 10
2026-01-10 14:21:03,413 [INFO] MainUpdater:2872 - connection check result : 10
2026-01-10 14:21:03,457 [INFO] MicroXplorer:468 - Change Database Path : 
2026-01-10 14:21:03,459 [INFO] MicroXplorer:498 - Change Database Version : DB.6.0.130
2026-01-10 14:21:03,472 [WARN] ThirdParty:871 - waiting for thirdparty lock release [close project]
2026-01-10 14:21:03,473 [INFO] ThirdParty:873 - entering critical section [close project]
2026-01-10 14:21:03,474 [INFO] ThirdParty:883 - exiting critical section [close project]
2026-01-10 14:21:03,476 [INFO] PinOutPanel:1589 - setPackage(No Configuration,No Configuration)
2026-01-10 14:21:03,487 [INFO] UtilMem:75 - Begin LoadConfig() Used Memory: 943468400 Bytes (1073741824)
2026-01-10 14:21:03,491 [INFO] MicroXplorer:468 - Change Database Path : 
2026-01-10 14:21:03,491 [INFO] MicroXplorer:498 - Change Database Version : DB.6.0.130
2026-01-10 14:21:03,491 [INFO] OpenFileManager:332 - Change cursor
2026-01-10 14:21:03,560 [INFO] Mcu:2035 - Initializing MCU STM32H743IITx STM32H743IITx STM32H743IIT6
2026-01-10 14:21:07,170 [INFO] Context:748 - Trying to add GPIOservice into a context  which must be forbidden
2026-01-10 14:21:08,904 [INFO] RtosManager:555 - Registered RTOS mode: class=CMSIS, group=RTOS, mode=CMSIS_V1, owner=FREERTOS
2026-01-10 14:21:08,904 [INFO] RtosManager:555 - Registered RTOS mode: class=CMSIS, group=RTOS2, mode=CMSIS_V2, owner=FREERTOS
2026-01-10 14:21:08,904 [INFO] RtosManager:555 - Registered RTOS mode: class=RTOS, group=Core, mode=CMSIS_V1, owner=FREERTOS
2026-01-10 14:21:08,904 [INFO] RtosManager:555 - Registered RTOS mode: class=RTOS, group=Core, mode=CMSIS_V2, owner=FREERTOS
2026-01-10 14:21:08,904 [WARN] ModelIntegratedComponent:184 - Missing modes for component STMicroelectronics:FreeRTOS:0.0.1:STMicroelectronics:RTOS:FreeRTOS:Core:::10.2.0:
2026-01-10 14:21:08,911 [WARN] ModelIntegratedComponent:63 - No mode defined for component null
2026-01-10 14:21:08,911 [WARN] ModelIntegratedComponent:63 - No mode defined for component null
2026-01-10 14:21:08,911 [WARN] ModelIntegratedComponent:63 - No mode defined for component null
2026-01-10 14:21:08,911 [WARN] ModelIntegratedComponent:63 - No mode defined for component null
2026-01-10 14:21:08,911 [WARN] ModelIntegratedComponent:63 - No mode defined for component null
2026-01-10 14:21:08,911 [WARN] ModelIntegratedComponent:63 - No mode defined for component null
2026-01-10 14:21:08,911 [WARN] ModelIntegratedComponent:63 - No mode defined for component null
2026-01-10 14:21:08,911 [WARN] ModelIntegratedComponent:63 - No mode defined for component null
2026-01-10 14:21:08,911 [WARN] ModelIntegratedComponent:63 - No mode defined for component null
2026-01-10 14:21:08,911 [WARN] ModelIntegratedComponent:63 - No mode defined for component null
2026-01-10 14:21:08,911 [WARN] ModelIntegratedComponent:63 - No mode defined for component null
2026-01-10 14:21:08,911 [WARN] ModelIntegratedComponent:63 - No mode defined for component null
2026-01-10 14:21:08,911 [WARN] ModelIntegratedComponent:63 - No mode defined for component null
2026-01-10 14:21:08,911 [WARN] ModelIntegratedComponent:63 - No mode defined for component null
2026-01-10 14:21:08,911 [WARN] ModelIntegratedComponent:63 - No mode defined for component null
2026-01-10 14:21:08,911 [WARN] ModelIntegratedComponent:63 - No mode defined for component null
2026-01-10 14:21:08,911 [WARN] ModelIntegratedComponent:63 - No mode defined for component null
2026-01-10 14:21:08,911 [WARN] ModelIntegratedComponent:63 - No mode defined for component null
2026-01-10 14:21:08,911 [WARN] ModelIntegratedComponent:63 - No mode defined for component null
2026-01-10 14:21:08,911 [WARN] ModelIntegratedComponent:63 - No mode defined for component null
2026-01-10 14:21:08,911 [WARN] ModelIntegratedComponent:63 - No mode defined for component null
2026-01-10 14:21:08,911 [WARN] ModelIntegratedComponent:63 - No mode defined for component null
2026-01-10 14:21:08,911 [WARN] ModelIntegratedComponent:63 - No mode defined for component null
2026-01-10 14:21:08,911 [WARN] ModelIntegratedComponent:63 - No mode defined for component null
2026-01-10 14:21:08,911 [WARN] ModelIntegratedComponent:63 - No mode defined for component null
2026-01-10 14:21:08,911 [WARN] ModelIntegratedComponent:63 - No mode defined for component null
2026-01-10 14:21:08,912 [WARN] ModelIntegratedComponent:63 - No mode defined for component null
2026-01-10 14:21:08,912 [WARN] ModelIntegratedComponent:63 - No mode defined for component null
2026-01-10 14:21:08,912 [WARN] ModelIntegratedComponent:63 - No mode defined for component null
2026-01-10 14:21:08,912 [WARN] ModelIntegratedComponent:63 - No mode defined for component null
2026-01-10 14:21:08,912 [WARN] ModelIntegratedComponent:63 - No mode defined for component null
2026-01-10 14:21:08,912 [WARN] ModelIntegratedComponent:63 - No mode defined for component null
2026-01-10 14:21:08,912 [WARN] ModelIntegratedComponent:63 - No mode defined for component null
2026-01-10 14:21:08,912 [WARN] ModelIntegratedComponent:63 - No mode defined for component null
2026-01-10 14:21:08,912 [WARN] ModelIntegratedComponent:63 - No mode defined for component null
2026-01-10 14:21:08,912 [WARN] ModelPack:524 - Component already loaded: STMicroelectronics:HAL Drivers:0.0.0:STMicroelectronics:Device:STMicro_Driver:XSPI:HAL::0.0.1:HAL_XSPI
2026-01-10 14:21:09,073 [INFO] ThirdPartyModel:298 - Start build external matchings
2026-01-10 14:21:10,154 [INFO] ThirdPartyModel:316 - End build external matchings
2026-01-10 14:21:10,182 [WARN] IP:2251 - ClockDivider not found: check if there is a RefParameter without a condition.
2026-01-10 14:21:10,183 [WARN] IP:2251 - ClockDividerCCU not found: check if there is a RefParameter without a condition.
2026-01-10 14:21:10,183 [WARN] IP:2251 - MinOscClkPeriodsCCU not found: check if there is a RefParameter without a condition.
2026-01-10 14:21:10,183 [WARN] IP:2251 - TimeQuantaPerBitTimeCCU not found: check if there is a RefParameter without a condition.
2026-01-10 14:21:10,183 [WARN] IP:2251 - WatchdogStartValueCCU not found: check if there is a RefParameter without a condition.
2026-01-10 14:21:10,189 [WARN] IP:2251 - LayerIdx_L1 not found: check if there is a RefParameter without a condition.
2026-01-10 14:21:10,191 [INFO] ImportTextPane:218 - (OptionalMessage_ERROR) IP (RCC) : Parameter (ADCFreq_Value) has invalid value (129000000)
2026-01-10 14:21:10,198 [INFO] ImportTextPane:218 - (OptionalMessage_ERROR) IP (RCC) : Invalid parameter (FamilyName)
2026-01-10 14:21:10,198 [INFO] ImportTextPane:218 - (OptionalMessage_ERROR) IP (RCC) : Parameter (LPTIM1Freq_Value) has invalid value (64000000)
2026-01-10 14:21:10,199 [INFO] ImportTextPane:218 - (OptionalMessage_ERROR) IP (RCC) : Parameter (LPTIM2Freq_Value) has invalid value (64000000)
2026-01-10 14:21:10,199 [INFO] ImportTextPane:218 - (OptionalMessage_ERROR) IP (RCC) : Parameter (LPTIM345Freq_Value) has invalid value (64000000)
2026-01-10 14:21:10,199 [INFO] ImportTextPane:218 - (OptionalMessage_ERROR) IP (RCC) : Parameter (LPUART1Freq_Value) has invalid value (64000000)
2026-01-10 14:21:10,199 [INFO] ImportTextPane:218 - (OptionalMessage_ERROR) IP (RCC) : Parameter (SPI45Freq_Value) has invalid value (64000000)
2026-01-10 14:21:10,199 [INFO] ImportTextPane:218 - (OptionalMessage_ERROR) IP (RCC) : Parameter (SPI6Freq_Value) has invalid value (64000000)
2026-01-10 14:21:10,199 [INFO] ImportTextPane:218 - (OptionalMessage_ERROR) IP (RCC) : Parameter (SWPMI1Freq_Value) has invalid value (64000000)
2026-01-10 14:21:10,199 [INFO] ImportTextPane:218 - (OptionalMessage_ERROR) IP (RCC) : Parameter (USART16Freq_Value) has invalid value (64000000)
2026-01-10 14:21:10,199 [INFO] ImportTextPane:218 - (OptionalMessage_ERROR) IP (RCC) : Parameter (USART234578Freq_Value) has invalid value (64000000)
2026-01-10 14:21:11,184 [INFO] ApiDb:581 - Connected to CubeFinder SQLite database (C:\Users\kamil\.stmcufinder\plugins\mcufinder\mcu\cube-finder-db.db)
2026-01-10 14:21:11,270 [INFO] ApiDb:668 - CubeFinder database Data Model version=2.1
2026-01-10 14:21:11,270 [INFO] ApiDb:669 - CubeFinder database Configuration version=3.0.39
2026-01-10 14:21:11,271 [INFO] ApiDb:670 - CubeFinder database generation date=2025-11-05 (1762334721)
2026-01-10 14:21:11,271 [INFO] ApiDb:671 - CubeFinder database FW Pack versions=[FP-ATR-ASTRA1_V2.0.0, FP-SNS-FLIGHT1_V5.1.0, FP-SNS-MOTENV1_V5.1.0, FP-SNS-MOTENVWB1_V1.4.0, FP-SNS-SMARTAG2_V1.2.0, FP-SNS-STBOX1_V2.1.0, STM32Cube_FW_C0_V1.4.0, STM32Cube_FW_F4_V1.28.3, STM32Cube_FW_F7_V1.17.4, STM32Cube_FW_G0_V1.6.2, STM32Cube_FW_G4_V1.6.1, STM32Cube_FW_H5_V1.5.1, STM32Cube_FW_H7RS_V1.3.0, STM32Cube_FW_H7_V1.12.1, STM32Cube_FW_L0_V1.12.2, STM32Cube_FW_L4_V1.18.1, STM32Cube_FW_L5_V1.6.0, STM32Cube_FW_N6_V1.3.0, STM32Cube_FW_U0_V1.3.0, STM32Cube_FW_U3_V1.2.1, STM32Cube_FW_U5_V1.8.0, STM32Cube_FW_WB0_V1.4.0, STM32Cube_FW_WBA_V1.8.0, STM32Cube_FW_WB_V1.24.0, STM32Cube_FW_WL3_V1.3.0, STM32Cube_FW_WL_V1.4.0, X-CUBE-ALGOBUILD_V1.4.0, X-CUBE-ALS_V1.0.2, X-CUBE-AZRTOS-F4_V1.1.0, X-CUBE-AZRTOS-F7_V1.1.0, X-CUBE-AZRTOS-G0_V1.1.0, X-CUBE-AZRTOS-G4_V2.0.0, X-CUBE-AZRTOS-H7RS_V1.1.0, X-CUBE-AZRTOS-H7_V3.4.0, X-CUBE-AZRTOS-L4_V2.0.0, X-CUBE-AZRTOS-L5_V2.0.0, X-CUBE-AZRTOS-WB_V2.0.0, X-CUBE-AZRTOS-WL_V2.0.0, X-CUBE-BLE1_V7.1.0, X-CUBE-BLE2_V3.3.0, X-CUBE-BLEMGR_V4.1.0, X-CUBE-EEPRMA1_V5.2.0, X-CUBE-FREERTOS_V1.3.1, X-CUBE-GNSS1_V6.0.0, X-CUBE-MEMS1_V11.3.0, X-CUBE-NFC4_V3.0.0, X-CUBE-NFC7_V2.0.0, X-CUBE-SFXS2LP1_V4.0.0, X-CUBE-ST67W61_V1.1.0, X-CUBE-SUBG2_V5.0.0, X-CUBE-TOF1_V3.4.3]
2026-01-10 14:21:11,366 [INFO] DbBoardsSqlite:226 - include board P-NUCLEO-WB55-NUCLEO as a kit item of type 'Nucleo-64'
2026-01-10 14:21:11,366 [INFO] DbBoardsSqlite:226 - include board P-NUCLEO-WB55-USBDONGLE as a kit item of type 'Nucleo USB Dongle'
2026-01-10 14:21:11,367 [INFO] DbBoardsSqlite:226 - include board STEVAL-IDP005V1 as a kit item of type 'Evaluation Board'
2026-01-10 14:21:11,367 [INFO] DbBoardsSqlite:226 - include board STEVAL-IDP005V2 as a kit item of type 'Evaluation Board'
2026-01-10 14:21:11,611 [INFO] ApiDb:240 - Found 858 in-development CPN: [B-G473E-ZEST1S, B-WB1M-WPAN1, B-WBA5M-WPAN, B-WL5M-SUBG1, NUCLEO-C031C6, NUCLEO-C051C8, NUCLEO-C071RB, NUCLEO-C092RC, NUCLEO-H503RB, NUCLEO-H533RE, NUCLEO-H563ZI, NUCLEO-H7S3L8, NUCLEO-N657X0-Q, NUCLEO-U031R8, NUCLEO-U083RC, NUCLEO-U385RG-Q, NUCLEO-U545RE-Q, NUCLEO-U5A5ZJ-Q, NUCLEO-WB05KZ, NUCLEO-WB07CC, NUCLEO-WB09KE, NUCLEO-WBA52CG, NUCLEO-WBA55CG, NUCLEO-WL33CC1, NUCLEO-WL33CC2, STEVAL-PROTEUS1, STEVAL-SMARTAG2, STEVAL-STWINBX1, STM320518-EVAL, STM32C0116-DK, STM32C011D6Y3TR, STM32C011D6Y6TR, STM32C011F4P3, STM32C011F4P6, STM32C011F4U3, STM32C011F4U6TR, STM32C011F6P3, STM32C011F6P6, STM32C011F6U3, STM32C011F6U6TR, STM32C011J4M3, STM32C011J4M6, STM32C011J6M3, STM32C011J6M6, STM32C0316-DK, STM32C031C4T3, STM32C031C4T6, STM32C031C4U3, STM32C031C4U6, STM32C031C6T3, STM32C031C6T6, STM32C031C6U3, STM32C031C6U6, STM32C031F4P3, STM32C031F4P6, STM32C031F6P3, STM32C031F6P6, STM32C031G4U3, STM32C031G4U6, STM32C031G6U3, STM32C031G6U6, STM32C031K4T3, STM32C031K4T6, STM32C031K4U3, STM32C031K4U6, STM32C031K6T3, STM32C031K6T6, STM32C031K6U3, STM32C031K6U6, STM32C051C6T6, STM32C051C6U6, STM32C051C8T6, STM32C051C8U6, STM32C051D8Y6TR, STM32C051F6P6, STM32C051F8P6, STM32C051G6U6, STM32C051G8U6, STM32C051K6T6, STM32C051K6U6, STM32C051K8T6, STM32C071C8T6, STM32C071C8T6N, STM32C071C8U6, STM32C071C8U6N, STM32C071CBT6, STM32C071CBT6N, STM32C071CBU6, STM32C071CBU6N, STM32C071F8P6, STM32C071F8P6N, STM32C071FBP6, STM32C071FBP6N, STM32C071FBY6TR, STM32C071G8U6, STM32C071G8U6N, STM32C071GBU6, STM32C071GBU6N, STM32C071K8T6, STM32C071K8T6N, STM32C071K8U6, STM32C071K8U6N, STM32C071KBT6, STM32C071KBT6N, STM32C071KBU6, STM32C071KBU6N, STM32C071R8T6, STM32C071R8T6N, STM32C071RBI6N, STM32C071RBT6, STM32C071RBT6N, STM32C091CBT6, STM32C091CBU6, STM32C091CCT6, STM32C091CCU6, STM32C091ECY6TR, STM32C091FBP6, STM32C091FCP6, STM32C091GBU6, STM32C091GCU6, STM32C091KBT6, STM32C091KBU6, STM32C091KCT6, STM32C091KCU6, STM32C091RBT6, STM32C091RCI6, STM32C091RCT6, STM32C092CBT6, STM32C092CBU6, STM32C092CCT6, STM32C092CCU6, STM32C092ECY6TR, STM32C092FBP6, STM32C092FCP6, STM32C092GBU6, STM32C092GCU6, STM32C092KBT6, STM32C092KBU6, STM32C092KCT6, STM32C092KCU6, STM32C092RBT6, STM32C092RCI6, STM32C092RCT6, STM32G071K8TXN, STM32G071K8UXN, STM32G081GBU6N, STM32G081KBT6N, STM32G081KBUXN, STM32G0B1CCT6N, STM32G0B1KCT6, STM32G0B1NEY6TR, STM32G0B1RCT6N, STM32G0C1CCT6, STM32G0C1CCT6N, STM32G0C1CCU6N, STM32G0C1CET6N, STM32G0C1CEU6N, STM32G0C1KCT6, STM32G0C1NEY6TR, STM32G0C1RCI6N, STM32G0C1RCT6N, STM32G0C1REI6N, STM32G0C1RET6N, STM32G0C1VCI6, STM32G0C1VEI6, STM32G411C6T3, STM32G411C6T6, STM32G411C6U3, STM32G411C6U6, STM32G411C8T3, STM32G411C8T6, STM32G411C8U3, STM32G411C8U6, STM32G411CBT3, STM32G411CBT6, STM32G411CBU3, STM32G411CBU6, STM32G411CCT3, STM32G411CCT6, STM32G411CCU3, STM32G411CCU6, STM32G411K6T3, STM32G411K6T6, STM32G411K6U3, STM32G411K6U6, STM32G411K8T3, STM32G411K8T6, STM32G411K8U3, STM32G411K8U6, STM32G411KBT3, STM32G411KBT6, STM32G411KBU3, STM32G411KBU6, STM32G411M6T3, STM32G411M6T6, STM32G411M8T3, STM32G411M8T6, STM32G411MBT3, STM32G411MBT6, STM32G411MCT3, STM32G411MCT6, STM32G411R6T3, STM32G411R6T6, STM32G411R8T3, STM32G411R8T6, STM32G411RBT3, STM32G411RBT6, STM32G411RCT3, STM32G411RCT6, STM32G414CBT3, STM32G414CBT6, STM32G414CBU3, STM32G414CBU6, STM32G414CCT3, STM32G414CCT6, STM32G414CCU3, STM32G414CCU6, STM32G414MBT3, STM32G414MBT6, STM32G414MCT3, STM32G414MCT6, STM32G414RBT3, STM32G414RBT6, STM32G414RCT3, STM32G414RCT6, STM32G414VBT3, STM32G414VBT6, STM32G414VCT3, STM32G414VCT6, STM32G431CBT3Z, STM32G431RBT3Z, STM32G471CCT6, STM32G471CCU6, STM32G471CET3, STM32G471CET6, STM32G471CEU3, STM32G471CEU6, STM32G471MCT6, STM32G471MET3, STM32G471MET6, STM32G471MEY6TR, STM32G471QCT6, STM32G471QET3, STM32G471RCT6, STM32G471RET3, STM32G471RET6, STM32G471VCH6, STM32G471VCI6, STM32G471VCT6, STM32G471VEH3, STM32G471VEH6, STM32G471VEI3, STM32G471VEI6, STM32G471VET3, STM32G471VET6, STM32G473QET3Z, STM32G473RET3Z, STM32G474CCT6, STM32G491RET3Z, STM32H503CBT6, STM32H503CBU6, STM32H503EBY6TR, STM32H503KBU6, STM32H503RBT6, STM32H523CCT6, STM32H523CCU6, STM32H523CET6, STM32H523CEU6, STM32H523HEY6TR, STM32H523RCT6, STM32H523RET6, STM32H523VCI6, STM32H523VCT6, STM32H523VEI6, STM32H523VET6, STM32H523ZCJ6, STM32H523ZCT6, STM32H523ZEJ6, STM32H523ZET6, STM32H533CET6, STM32H533CEU6, STM32H533HEY6TR, STM32H533RET6, STM32H533VEI6, STM32H533VET6, STM32H533ZEJ6, STM32H533ZET6, STM32H562AGI6, STM32H562AII6, STM32H562IGK6, STM32H562IGT6, STM32H562IIK6, STM32H562IIT6, STM32H562RGT6, STM32H562RGV6, STM32H562RIT6, STM32H562RIV6, STM32H562VGT6, STM32H562VIT6, STM32H562ZGT6, STM32H562ZIT6, STM32H563AGI6, STM32H563AII3Q, STM32H563AII6, STM32H563IGK6, STM32H563IGT6, STM32H563IIK3Q, STM32H563IIK6, STM32H563IIT3Q, STM32H563IIT6, STM32H563MIY3QTR, STM32H563RGT6, STM32H563RGV6, STM32H563RIT6, STM32H563RIV6, STM32H563VGT6, STM32H563VIT3Q, STM32H563VIT6, STM32H563ZGT6, STM32H563ZIT3Q, STM32H563ZIT6, STM32H573AII3Q, STM32H573AII6, STM32H573I-DK, STM32H573IIK3Q, STM32H573IIK6, STM32H573IIT3Q, STM32H573IIT6, STM32H573MIY3QTR, STM32H573RIT6, STM32H573RIV6, STM32H573VIT3Q, STM32H573VIT6, STM32H573ZIT3Q, STM32H573ZIT6, STM32H7R3A8I6, STM32H7R3I8K6, STM32H7R3I8T6, STM32H7R3L8H6, STM32H7R3L8H6H, STM32H7R3R8V6, STM32H7R3V8H6, STM32H7R3V8T6, STM32H7R3V8Y6TR, STM32H7R3Z8J6, STM32H7R3Z8T6, STM32H7R7A8I6, STM32H7R7I8K6, STM32H7R7I8T6, STM32H7R7L8H6, STM32H7R7L8H6H, STM32H7R7Z8J6, STM32H7S3A8I6, STM32H7S3I8K6, STM32H7S3I8T6, STM32H7S3L8H6, STM32H7S3L8H6H, STM32H7S3R8V6, STM32H7S3V8H6, STM32H7S3V8T6, STM32H7S3V8Y6TR, STM32H7S3Z8J6, STM32H7S3Z8T6, STM32H7S78-DK, STM32H7S7A8I6, STM32H7S7I8K6, STM32H7S7I8T6, STM32H7S7L8H6, STM32H7S7L8H6H, STM32H7S7Z8J6, STM32L4R5QGI6STR, STM32MP131AAE3, STM32MP131AAF3, STM32MP131AAG3, STM32MP131CAE3, STM32MP131CAF3, STM32MP131CAG3, STM32MP131DAE7, STM32MP131DAF7, STM32MP131DAG7, STM32MP131FAE7, STM32MP131FAF7, STM32MP131FAG7, STM32MP133AAE3, STM32MP133AAF3, STM32MP133AAG3, STM32MP133CAE3, STM32MP133CAF3, STM32MP133CAG3, STM32MP133DAE7, STM32MP133DAF7, STM32MP133DAG7, STM32MP133FAE7, STM32MP133FAF7, STM32MP133FAG7, STM32MP135AAE3, STM32MP135AAF3, STM32MP135AAG3, STM32MP135CAE3, STM32MP135CAF3, STM32MP135CAG3, STM32MP135DAE7, STM32MP135DAF7, STM32MP135DAG7, STM32MP135F-DK, STM32MP135FAE7, STM32MP135FAF7, STM32MP135FAF7T, STM32MP135FAF7U, STM32MP135FAG7, STM32MP231AAJ3, STM32MP231AAK3, STM32MP231AAL3, STM32MP231CAJ3, STM32MP231CAK3, STM32MP231CAL3, STM32MP231DAJ3, STM32MP231DAK3, STM32MP231DAL3, STM32MP231FAJ3, STM32MP231FAK3, STM32MP231FAL3, STM32MP233AAJ3, STM32MP233AAK3, STM32MP233AAL3, STM32MP233CAJ3, STM32MP233CAK3, STM32MP233CAL3, STM32MP233DAJ3, STM32MP233DAK3, STM32MP233DAL3, STM32MP233FAJ3, STM32MP233FAK3, STM32MP233FAL3, STM32MP235AAJ3, STM32MP235AAK3, STM32MP235AAL3, STM32MP235CAJ3, STM32MP235CAK3, STM32MP235CAL3, STM32MP235DAJ3, STM32MP235DAK3, STM32MP235DAL3, STM32MP235FAJ3, STM32MP235FAK3, STM32MP235FAL3, STM32MP251AAI3, STM32MP251AAJ3, STM32MP251AAK3, STM32MP251AAL3, STM32MP251CAI3, STM32MP251CAJ3, STM32MP251CAK3, STM32MP251CAL3, STM32MP251DAI3, STM32MP251DAJ3, STM32MP251DAK3, STM32MP251DAL3, STM32MP251FAI3, STM32MP251FAJ3, STM32MP251FAK3, STM32MP251FAL3, STM32MP253AAI3, STM32MP253AAJ3, STM32MP253AAK3, STM32MP253AAL3, STM32MP253CAI3, STM32MP253CAJ3, STM32MP253CAK3, STM32MP253CAL3, STM32MP253DAI3, STM32MP253DAJ3, STM32MP253DAK3, STM32MP253DAL3, STM32MP253FAI3, STM32MP253FAJ3, STM32MP253FAK3, STM32MP253FAL3, STM32MP255AAI3, STM32MP255AAJ3, STM32MP255AAK3, STM32MP255AAL3, STM32MP255CAI3, STM32MP255CAJ3, STM32MP255CAK3, STM32MP255CAL3, STM32MP255DAI3, STM32MP255DAJ3, STM32MP255DAK3, STM32MP255DAL3, STM32MP255FAI3, STM32MP255FAJ3, STM32MP255FAK3, STM32MP255FAL3, STM32MP257AAI3, STM32MP257AAJ3, STM32MP257AAK3, STM32MP257AAL3, STM32MP257CAI3, STM32MP257CAJ3, STM32MP257CAK3, STM32MP257CAL3, STM32MP257DAI3, STM32MP257DAJ3, STM32MP257DAK3, STM32MP257DAL3, STM32MP257F-DK, STM32MP257F-EV1, STM32MP257FAI3, STM32MP257FAJ3, STM32MP257FAK3, STM32MP257FAL3, STM32N645A0H3Q, STM32N645B0H3Q, STM32N645I0H3Q, STM32N645L0H3Q, STM32N645X0H3Q, STM32N645Z0H3Q, STM32N647A0H3Q, STM32N647B0H3Q, STM32N647I0H3Q, STM32N647L0H3Q, STM32N647X0H3Q, STM32N647Z0H3Q, STM32N655A0H3Q, STM32N655B0H3Q, STM32N655I0H3Q, STM32N655L0H3Q, STM32N655X0H3Q, STM32N655Z0H3Q, STM32N6570-DK, STM32N657A0H3Q, STM32N657B0H3Q, STM32N657I0H3Q, STM32N657L0H3Q, STM32N657X0H3Q, STM32N657Z0H3Q, STM32U031C6T6, STM32U031C6U6, STM32U031C8T6, STM32U031C8U6, STM32U031F4P6, STM32U031F6P6, STM32U031F8P6, STM32U031G6Y6TR, STM32U031G8Y6TR, STM32U031K4U6, STM32U031K6U6, STM32U031K8U6, STM32U031R6I6, STM32U031R6T6, STM32U031R8I6, STM32U031R8T6, STM32U073C8T6, STM32U073C8U6, STM32U073CBT6, STM32U073CBU6, STM32U073CCT6, STM32U073CCU6, STM32U073H8Y6TR, STM32U073HBY6TR, STM32U073HCY6TR, STM32U073K8U6, STM32U073KBU6, STM32U073KCU6, STM32U073M8I6, STM32U073M8T6, STM32U073MBI6, STM32U073MBT6, STM32U073MCI6, STM32U073MCT6, STM32U073R8I6, STM32U073R8T6, STM32U073RBI6, STM32U073RBT6, STM32U073RCI6, STM32U073RCT6, STM32U083C-DK, STM32U083CCT6, STM32U083CCU6, STM32U083HCY6TR, STM32U083KCU6, STM32U083MCI6, STM32U083MCT6, STM32U083RCI6, STM32U083RCT6, STM32U375CET6, STM32U375CET6Q, STM32U375CEU6, STM32U375CEU6Q, STM32U375CEY6QTR, STM32U375CGT6, STM32U375CGT6Q, STM32U375CGU6, STM32U375CGU6Q, STM32U375CGY6QTR, STM32U375KEU6, STM32U375KGU6, STM32U375REI6, STM32U375REI6Q, STM32U375RET6, STM32U375RET6Q, STM32U375REY6GTR, STM32U375REY6QTR, STM32U375RGI6, STM32U375RGI6Q, STM32U375RGT6, STM32U375RGT6Q, STM32U375RGY6GTR, STM32U375RGY6QTR, STM32U375VEI6, STM32U375VEI6Q, STM32U375VET6, STM32U375VET6Q, STM32U375VGI6, STM32U375VGI6Q, STM32U375VGT6, STM32U375VGT6Q, STM32U385CGT6, STM32U385CGT6Q, STM32U385CGU6, STM32U385CGU6Q, STM32U385CGY6QTR, STM32U385KGU6, STM32U385RGI6, STM32U385RGI6Q, STM32U385RGT6, STM32U385RGT6Q, STM32U385RGY6GTR, STM32U385RGY6QTR, STM32U385VGI6, STM32U385VGI6Q, STM32U385VGT6, STM32U385VGT6Q, STM32U535CBT6, STM32U535CBT6Q, STM32U535CBU6, STM32U535CBU6Q, STM32U535CCT6, STM32U535CCT6Q, STM32U535CCU6, STM32U535CCU6Q, STM32U535CET6, STM32U535CET6Q, STM32U535CEU6, STM32U535CEU6Q, STM32U535JEY6QTR, STM32U535NCY6QTR, STM32U535NEY6QTR, STM32U535RBI6, STM32U535RBI6Q, STM32U535RBT6, STM32U535RBT6Q, STM32U535RCI6, STM32U535RCI6Q, STM32U535RCT6, STM32U535RCT6Q, STM32U535REI6, STM32U535REI6Q, STM32U535RET6, STM32U535RET6Q, STM32U535VCI6, STM32U535VCI6Q, STM32U535VCT6, STM32U535VCT6Q, STM32U535VEI6, STM32U535VEI6Q, STM32U535VET6, STM32U535VET6Q, STM32U545CET6, STM32U545CET6Q, STM32U545CEU6, STM32U545CEU6Q, STM32U545JEY6QTR, STM32U545NEY6QTR, STM32U545REI6, STM32U545REI6Q, STM32U545RET6, STM32U545RET6Q, STM32U545VEI6, STM32U545VEI6Q, STM32U545VET6, STM32U545VET6Q, STM32U595AIH6, STM32U595AIH6Q, STM32U595AJH6, STM32U595AJH6Q, STM32U595QII6, STM32U595QII6Q, STM32U595QJI6, STM32U595QJI6Q, STM32U595RIT6, STM32U595RIT6Q, STM32U595RJT6, STM32U595RJT6Q, STM32U595VIT6, STM32U595VIT6Q, STM32U595VJT6, STM32U595VJT6Q, STM32U595ZIT6, STM32U595ZIT6Q, STM32U595ZIY6QTR, STM32U595ZJT6, STM32U595ZJT6Q, STM32U595ZJY6QTR, STM32U599BJY6QTR, STM32U599NIH6Q, STM32U599NJH6Q, STM32U599VIT6Q, STM32U599VJT6, STM32U599VJT6Q, STM32U599ZIT6Q, STM32U599ZIY6QTR, STM32U599ZJT6Q, STM32U599ZJY6QTR, STM32U5A5AJH6, STM32U5A5AJH6Q, STM32U5A5QII3Q , STM32U5A5QJI6, STM32U5A5QJI6Q, STM32U5A5RJT6, STM32U5A5RJT6Q, STM32U5A5VJT6, STM32U5A5VJT6Q, STM32U5A5ZJT6, STM32U5A5ZJT6Q, STM32U5A5ZJY6QTR, STM32U5A9BJY6QTR, STM32U5A9J-DK, STM32U5A9NJH6Q, STM32U5A9VJT6Q, STM32U5A9ZJT6Q, STM32U5A9ZJY6QTR, STM32U5F7VIT6, STM32U5F7VIT6Q, STM32U5F7VJT6, STM32U5F7VJT6Q, STM32U5F9BJY6QTR, STM32U5F9NJH6Q, STM32U5F9VIT6Q, STM32U5F9VJT6Q, STM32U5F9ZIJ6QTR, STM32U5F9ZIT6Q, STM32U5F9ZJJ6QTR, STM32U5F9ZJT6Q, STM32U5G7VJT6, STM32U5G7VJT6Q, STM32U5G9BJY6QTR, STM32U5G9J-DK1, STM32U5G9J-DK2, STM32U5G9NJH6Q, STM32U5G9VJT6Q, STM32U5G9ZJJ6QTR, STM32U5G9ZJT6Q, STM32WB05KZV6TR, STM32WB05KZV7TR, STM32WB05TZF6TR, STM32WB05TZF7TR, STM32WB06CCF6TR, STM32WB06CCF7TR, STM32WB06CCV6TR, STM32WB06CCV7TR, STM32WB06KCV6TR, STM32WB06KCV7TR, STM32WB07CCF6TR, STM32WB07CCF7TR, STM32WB07CCV6TR, STM32WB07CCV7TR, STM32WB07KCV6TR, STM32WB07KCV7TR, STM32WB09KEV6TR, STM32WB09KEV7TR, STM32WB09TEF6TR, STM32WB09TEF7TR, STM32WB1MMCH6, STM32WBA50KGU6, STM32WBA50KGU6TR, STM32WBA52CEU6, STM32WBA52CEU6TR, STM32WBA52CEU7, STM32WBA52CEU7TR, STM32WBA52CGU6, STM32WBA52CGU6TR, STM32WBA52CGU6U, STM32WBA52CGU7, STM32WBA52CGU7TR, STM32WBA52KEU6, STM32WBA52KEU6TR, STM32WBA52KGU6, STM32WBA52KGU6TR, STM32WBA54CEU6, STM32WBA54CEU6TR, STM32WBA54CEU7, STM32WBA54CEU7TR, STM32WBA54CGU6, STM32WBA54CGU6TR, STM32WBA54CGU7, STM32WBA54CGU7TR, STM32WBA54KEU6, STM32WBA54KEU6TR, STM32WBA54KEU7, STM32WBA54KEU7TR, STM32WBA54KGU6, STM32WBA54KGU6TR, STM32WBA54KGU7, STM32WBA54KGU7TR, STM32WBA55CEU6, STM32WBA55CEU6TR, STM32WBA55CEU7, STM32WBA55CEU7TR, STM32WBA55CGU6, STM32WBA55CGU6TR, STM32WBA55CGU6U, STM32WBA55CGU7, STM32WBA55CGU7TR, STM32WBA55G-DK1, STM32WBA55HEF6, STM32WBA55HEF7, STM32WBA55HGF6, STM32WBA55HGF7, STM32WBA55UEI6, STM32WBA55UEI6TR, STM32WBA55UEI7, STM32WBA55UEI7TR, STM32WBA55UGI6, STM32WBA55UGI6TR, STM32WBA55UGI7, STM32WBA55UGI7TR, STM32WBA5MJGH6TR, STM32WBA5MJGH6U, STM32WL33C8V6, STM32WL33C8V6TR, STM32WL33C8V7, STM32WL33C8V7TR, STM32WL33CBV6, STM32WL33CBV6TR, STM32WL33CBV7, STM32WL33CBV7TR, STM32WL33CCV6, STM32WL33CCV6TR, STM32WL33CCV7, STM32WL33CCV7A, STM32WL33CCV7ATR, STM32WL33CCV7TR, STM32WL33K8V6, STM32WL33K8V6TR, STM32WL33K8V7, STM32WL33K8V7TR, STM32WL33KBV6, STM32WL33KBV6TR, STM32WL33KBV7, STM32WL33KBV7TR, STM32WL33KCV6, STM32WL33KCV6TR, STM32WL33KCV7, STM32WL33KCV7TR, STM32WL5MOCH6, STM32WL5MOCH6TR]
2026-01-10 14:21:11,616 [INFO] ApiDb:668 - CubeFinder database Data Model version=2.1
2026-01-10 14:21:11,616 [INFO] ApiDb:669 - CubeFinder database Configuration version=3.0.39
2026-01-10 14:21:11,616 [INFO] ApiDb:670 - CubeFinder database generation date=2025-11-05 (1762334721)
2026-01-10 14:21:11,616 [INFO] ApiDb:671 - CubeFinder database FW Pack versions=[FP-ATR-ASTRA1_V2.0.0, FP-SNS-FLIGHT1_V5.1.0, FP-SNS-MOTENV1_V5.1.0, FP-SNS-MOTENVWB1_V1.4.0, FP-SNS-SMARTAG2_V1.2.0, FP-SNS-STBOX1_V2.1.0, STM32Cube_FW_C0_V1.4.0, STM32Cube_FW_F4_V1.28.3, STM32Cube_FW_F7_V1.17.4, STM32Cube_FW_G0_V1.6.2, STM32Cube_FW_G4_V1.6.1, STM32Cube_FW_H5_V1.5.1, STM32Cube_FW_H7RS_V1.3.0, STM32Cube_FW_H7_V1.12.1, STM32Cube_FW_L0_V1.12.2, STM32Cube_FW_L4_V1.18.1, STM32Cube_FW_L5_V1.6.0, STM32Cube_FW_N6_V1.3.0, STM32Cube_FW_U0_V1.3.0, STM32Cube_FW_U3_V1.2.1, STM32Cube_FW_U5_V1.8.0, STM32Cube_FW_WB0_V1.4.0, STM32Cube_FW_WBA_V1.8.0, STM32Cube_FW_WB_V1.24.0, STM32Cube_FW_WL3_V1.3.0, STM32Cube_FW_WL_V1.4.0, X-CUBE-ALGOBUILD_V1.4.0, X-CUBE-ALS_V1.0.2, X-CUBE-AZRTOS-F4_V1.1.0, X-CUBE-AZRTOS-F7_V1.1.0, X-CUBE-AZRTOS-G0_V1.1.0, X-CUBE-AZRTOS-G4_V2.0.0, X-CUBE-AZRTOS-H7RS_V1.1.0, X-CUBE-AZRTOS-H7_V3.4.0, X-CUBE-AZRTOS-L4_V2.0.0, X-CUBE-AZRTOS-L5_V2.0.0, X-CUBE-AZRTOS-WB_V2.0.0, X-CUBE-AZRTOS-WL_V2.0.0, X-CUBE-BLE1_V7.1.0, X-CUBE-BLE2_V3.3.0, X-CUBE-BLEMGR_V4.1.0, X-CUBE-EEPRMA1_V5.2.0, X-CUBE-FREERTOS_V1.3.1, X-CUBE-GNSS1_V6.0.0, X-CUBE-MEMS1_V11.3.0, X-CUBE-NFC4_V3.0.0, X-CUBE-NFC7_V2.0.0, X-CUBE-SFXS2LP1_V4.0.0, X-CUBE-ST67W61_V1.1.0, X-CUBE-SUBG2_V5.0.0, X-CUBE-TOF1_V3.4.3]
2026-01-10 14:21:13,604 [INFO] ApiDb:240 - Found 858 in-development CPN: [B-G473E-ZEST1S, B-WB1M-WPAN1, B-WBA5M-WPAN, B-WL5M-SUBG1, NUCLEO-C031C6, NUCLEO-C051C8, NUCLEO-C071RB, NUCLEO-C092RC, NUCLEO-H503RB, NUCLEO-H533RE, NUCLEO-H563ZI, NUCLEO-H7S3L8, NUCLEO-N657X0-Q, NUCLEO-U031R8, NUCLEO-U083RC, NUCLEO-U385RG-Q, NUCLEO-U545RE-Q, NUCLEO-U5A5ZJ-Q, NUCLEO-WB05KZ, NUCLEO-WB07CC, NUCLEO-WB09KE, NUCLEO-WBA52CG, NUCLEO-WBA55CG, NUCLEO-WL33CC1, NUCLEO-WL33CC2, STEVAL-PROTEUS1, STEVAL-SMARTAG2, STEVAL-STWINBX1, STM320518-EVAL, STM32C0116-DK, STM32C011D6Y3TR, STM32C011D6Y6TR, STM32C011F4P3, STM32C011F4P6, STM32C011F4U3, STM32C011F4U6TR, STM32C011F6P3, STM32C011F6P6, STM32C011F6U3, STM32C011F6U6TR, STM32C011J4M3, STM32C011J4M6, STM32C011J6M3, STM32C011J6M6, STM32C0316-DK, STM32C031C4T3, STM32C031C4T6, STM32C031C4U3, STM32C031C4U6, STM32C031C6T3, STM32C031C6T6, STM32C031C6U3, STM32C031C6U6, STM32C031F4P3, STM32C031F4P6, STM32C031F6P3, STM32C031F6P6, STM32C031G4U3, STM32C031G4U6, STM32C031G6U3, STM32C031G6U6, STM32C031K4T3, STM32C031K4T6, STM32C031K4U3, STM32C031K4U6, STM32C031K6T3, STM32C031K6T6, STM32C031K6U3, STM32C031K6U6, STM32C051C6T6, STM32C051C6U6, STM32C051C8T6, STM32C051C8U6, STM32C051D8Y6TR, STM32C051F6P6, STM32C051F8P6, STM32C051G6U6, STM32C051G8U6, STM32C051K6T6, STM32C051K6U6, STM32C051K8T6, STM32C071C8T6, STM32C071C8T6N, STM32C071C8U6, STM32C071C8U6N, STM32C071CBT6, STM32C071CBT6N, STM32C071CBU6, STM32C071CBU6N, STM32C071F8P6, STM32C071F8P6N, STM32C071FBP6, STM32C071FBP6N, STM32C071FBY6TR, STM32C071G8U6, STM32C071G8U6N, STM32C071GBU6, STM32C071GBU6N, STM32C071K8T6, STM32C071K8T6N, STM32C071K8U6, STM32C071K8U6N, STM32C071KBT6, STM32C071KBT6N, STM32C071KBU6, STM32C071KBU6N, STM32C071R8T6, STM32C071R8T6N, STM32C071RBI6N, STM32C071RBT6, STM32C071RBT6N, STM32C091CBT6, STM32C091CBU6, STM32C091CCT6, STM32C091CCU6, STM32C091ECY6TR, STM32C091FBP6, STM32C091FCP6, STM32C091GBU6, STM32C091GCU6, STM32C091KBT6, STM32C091KBU6, STM32C091KCT6, STM32C091KCU6, STM32C091RBT6, STM32C091RCI6, STM32C091RCT6, STM32C092CBT6, STM32C092CBU6, STM32C092CCT6, STM32C092CCU6, STM32C092ECY6TR, STM32C092FBP6, STM32C092FCP6, STM32C092GBU6, STM32C092GCU6, STM32C092KBT6, STM32C092KBU6, STM32C092KCT6, STM32C092KCU6, STM32C092RBT6, STM32C092RCI6, STM32C092RCT6, STM32G071K8TXN, STM32G071K8UXN, STM32G081GBU6N, STM32G081KBT6N, STM32G081KBUXN, STM32G0B1CCT6N, STM32G0B1KCT6, STM32G0B1NEY6TR, STM32G0B1RCT6N, STM32G0C1CCT6, STM32G0C1CCT6N, STM32G0C1CCU6N, STM32G0C1CET6N, STM32G0C1CEU6N, STM32G0C1KCT6, STM32G0C1NEY6TR, STM32G0C1RCI6N, STM32G0C1RCT6N, STM32G0C1REI6N, STM32G0C1RET6N, STM32G0C1VCI6, STM32G0C1VEI6, STM32G411C6T3, STM32G411C6T6, STM32G411C6U3, STM32G411C6U6, STM32G411C8T3, STM32G411C8T6, STM32G411C8U3, STM32G411C8U6, STM32G411CBT3, STM32G411CBT6, STM32G411CBU3, STM32G411CBU6, STM32G411CCT3, STM32G411CCT6, STM32G411CCU3, STM32G411CCU6, STM32G411K6T3, STM32G411K6T6, STM32G411K6U3, STM32G411K6U6, STM32G411K8T3, STM32G411K8T6, STM32G411K8U3, STM32G411K8U6, STM32G411KBT3, STM32G411KBT6, STM32G411KBU3, STM32G411KBU6, STM32G411M6T3, STM32G411M6T6, STM32G411M8T3, STM32G411M8T6, STM32G411MBT3, STM32G411MBT6, STM32G411MCT3, STM32G411MCT6, STM32G411R6T3, STM32G411R6T6, STM32G411R8T3, STM32G411R8T6, STM32G411RBT3, STM32G411RBT6, STM32G411RCT3, STM32G411RCT6, STM32G414CBT3, STM32G414CBT6, STM32G414CBU3, STM32G414CBU6, STM32G414CCT3, STM32G414CCT6, STM32G414CCU3, STM32G414CCU6, STM32G414MBT3, STM32G414MBT6, STM32G414MCT3, STM32G414MCT6, STM32G414RBT3, STM32G414RBT6, STM32G414RCT3, STM32G414RCT6, STM32G414VBT3, STM32G414VBT6, STM32G414VCT3, STM32G414VCT6, STM32G431CBT3Z, STM32G431RBT3Z, STM32G471CCT6, STM32G471CCU6, STM32G471CET3, STM32G471CET6, STM32G471CEU3, STM32G471CEU6, STM32G471MCT6, STM32G471MET3, STM32G471MET6, STM32G471MEY6TR, STM32G471QCT6, STM32G471QET3, STM32G471RCT6, STM32G471RET3, STM32G471RET6, STM32G471VCH6, STM32G471VCI6, STM32G471VCT6, STM32G471VEH3, STM32G471VEH6, STM32G471VEI3, STM32G471VEI6, STM32G471VET3, STM32G471VET6, STM32G473QET3Z, STM32G473RET3Z, STM32G474CCT6, STM32G491RET3Z, STM32H503CBT6, STM32H503CBU6, STM32H503EBY6TR, STM32H503KBU6, STM32H503RBT6, STM32H523CCT6, STM32H523CCU6, STM32H523CET6, STM32H523CEU6, STM32H523HEY6TR, STM32H523RCT6, STM32H523RET6, STM32H523VCI6, STM32H523VCT6, STM32H523VEI6, STM32H523VET6, STM32H523ZCJ6, STM32H523ZCT6, STM32H523ZEJ6, STM32H523ZET6, STM32H533CET6, STM32H533CEU6, STM32H533HEY6TR, STM32H533RET6, STM32H533VEI6, STM32H533VET6, STM32H533ZEJ6, STM32H533ZET6, STM32H562AGI6, STM32H562AII6, STM32H562IGK6, STM32H562IGT6, STM32H562IIK6, STM32H562IIT6, STM32H562RGT6, STM32H562RGV6, STM32H562RIT6, STM32H562RIV6, STM32H562VGT6, STM32H562VIT6, STM32H562ZGT6, STM32H562ZIT6, STM32H563AGI6, STM32H563AII3Q, STM32H563AII6, STM32H563IGK6, STM32H563IGT6, STM32H563IIK3Q, STM32H563IIK6, STM32H563IIT3Q, STM32H563IIT6, STM32H563MIY3QTR, STM32H563RGT6, STM32H563RGV6, STM32H563RIT6, STM32H563RIV6, STM32H563VGT6, STM32H563VIT3Q, STM32H563VIT6, STM32H563ZGT6, STM32H563ZIT3Q, STM32H563ZIT6, STM32H573AII3Q, STM32H573AII6, STM32H573I-DK, STM32H573IIK3Q, STM32H573IIK6, STM32H573IIT3Q, STM32H573IIT6, STM32H573MIY3QTR, STM32H573RIT6, STM32H573RIV6, STM32H573VIT3Q, STM32H573VIT6, STM32H573ZIT3Q, STM32H573ZIT6, STM32H7R3A8I6, STM32H7R3I8K6, STM32H7R3I8T6, STM32H7R3L8H6, STM32H7R3L8H6H, STM32H7R3R8V6, STM32H7R3V8H6, STM32H7R3V8T6, STM32H7R3V8Y6TR, STM32H7R3Z8J6, STM32H7R3Z8T6, STM32H7R7A8I6, STM32H7R7I8K6, STM32H7R7I8T6, STM32H7R7L8H6, STM32H7R7L8H6H, STM32H7R7Z8J6, STM32H7S3A8I6, STM32H7S3I8K6, STM32H7S3I8T6, STM32H7S3L8H6, STM32H7S3L8H6H, STM32H7S3R8V6, STM32H7S3V8H6, STM32H7S3V8T6, STM32H7S3V8Y6TR, STM32H7S3Z8J6, STM32H7S3Z8T6, STM32H7S78-DK, STM32H7S7A8I6, STM32H7S7I8K6, STM32H7S7I8T6, STM32H7S7L8H6, STM32H7S7L8H6H, STM32H7S7Z8J6, STM32L4R5QGI6STR, STM32MP131AAE3, STM32MP131AAF3, STM32MP131AAG3, STM32MP131CAE3, STM32MP131CAF3, STM32MP131CAG3, STM32MP131DAE7, STM32MP131DAF7, STM32MP131DAG7, STM32MP131FAE7, STM32MP131FAF7, STM32MP131FAG7, STM32MP133AAE3, STM32MP133AAF3, STM32MP133AAG3, STM32MP133CAE3, STM32MP133CAF3, STM32MP133CAG3, STM32MP133DAE7, STM32MP133DAF7, STM32MP133DAG7, STM32MP133FAE7, STM32MP133FAF7, STM32MP133FAG7, STM32MP135AAE3, STM32MP135AAF3, STM32MP135AAG3, STM32MP135CAE3, STM32MP135CAF3, STM32MP135CAG3, STM32MP135DAE7, STM32MP135DAF7, STM32MP135DAG7, STM32MP135F-DK, STM32MP135FAE7, STM32MP135FAF7, STM32MP135FAF7T, STM32MP135FAF7U, STM32MP135FAG7, STM32MP231AAJ3, STM32MP231AAK3, STM32MP231AAL3, STM32MP231CAJ3, STM32MP231CAK3, STM32MP231CAL3, STM32MP231DAJ3, STM32MP231DAK3, STM32MP231DAL3, STM32MP231FAJ3, STM32MP231FAK3, STM32MP231FAL3, STM32MP233AAJ3, STM32MP233AAK3, STM32MP233AAL3, STM32MP233CAJ3, STM32MP233CAK3, STM32MP233CAL3, STM32MP233DAJ3, STM32MP233DAK3, STM32MP233DAL3, STM32MP233FAJ3, STM32MP233FAK3, STM32MP233FAL3, STM32MP235AAJ3, STM32MP235AAK3, STM32MP235AAL3, STM32MP235CAJ3, STM32MP235CAK3, STM32MP235CAL3, STM32MP235DAJ3, STM32MP235DAK3, STM32MP235DAL3, STM32MP235FAJ3, STM32MP235FAK3, STM32MP235FAL3, STM32MP251AAI3, STM32MP251AAJ3, STM32MP251AAK3, STM32MP251AAL3, STM32MP251CAI3, STM32MP251CAJ3, STM32MP251CAK3, STM32MP251CAL3, STM32MP251DAI3, STM32MP251DAJ3, STM32MP251DAK3, STM32MP251DAL3, STM32MP251FAI3, STM32MP251FAJ3, STM32MP251FAK3, STM32MP251FAL3, STM32MP253AAI3, STM32MP253AAJ3, STM32MP253AAK3, STM32MP253AAL3, STM32MP253CAI3, STM32MP253CAJ3, STM32MP253CAK3, STM32MP253CAL3, STM32MP253DAI3, STM32MP253DAJ3, STM32MP253DAK3, STM32MP253DAL3, STM32MP253FAI3, STM32MP253FAJ3, STM32MP253FAK3, STM32MP253FAL3, STM32MP255AAI3, STM32MP255AAJ3, STM32MP255AAK3, STM32MP255AAL3, STM32MP255CAI3, STM32MP255CAJ3, STM32MP255CAK3, STM32MP255CAL3, STM32MP255DAI3, STM32MP255DAJ3, STM32MP255DAK3, STM32MP255DAL3, STM32MP255FAI3, STM32MP255FAJ3, STM32MP255FAK3, STM32MP255FAL3, STM32MP257AAI3, STM32MP257AAJ3, STM32MP257AAK3, STM32MP257AAL3, STM32MP257CAI3, STM32MP257CAJ3, STM32MP257CAK3, STM32MP257CAL3, STM32MP257DAI3, STM32MP257DAJ3, STM32MP257DAK3, STM32MP257DAL3, STM32MP257F-DK, STM32MP257F-EV1, STM32MP257FAI3, STM32MP257FAJ3, STM32MP257FAK3, STM32MP257FAL3, STM32N645A0H3Q, STM32N645B0H3Q, STM32N645I0H3Q, STM32N645L0H3Q, STM32N645X0H3Q, STM32N645Z0H3Q, STM32N647A0H3Q, STM32N647B0H3Q, STM32N647I0H3Q, STM32N647L0H3Q, STM32N647X0H3Q, STM32N647Z0H3Q, STM32N655A0H3Q, STM32N655B0H3Q, STM32N655I0H3Q, STM32N655L0H3Q, STM32N655X0H3Q, STM32N655Z0H3Q, STM32N6570-DK, STM32N657A0H3Q, STM32N657B0H3Q, STM32N657I0H3Q, STM32N657L0H3Q, STM32N657X0H3Q, STM32N657Z0H3Q, STM32U031C6T6, STM32U031C6U6, STM32U031C8T6, STM32U031C8U6, STM32U031F4P6, STM32U031F6P6, STM32U031F8P6, STM32U031G6Y6TR, STM32U031G8Y6TR, STM32U031K4U6, STM32U031K6U6, STM32U031K8U6, STM32U031R6I6, STM32U031R6T6, STM32U031R8I6, STM32U031R8T6, STM32U073C8T6, STM32U073C8U6, STM32U073CBT6, STM32U073CBU6, STM32U073CCT6, STM32U073CCU6, STM32U073H8Y6TR, STM32U073HBY6TR, STM32U073HCY6TR, STM32U073K8U6, STM32U073KBU6, STM32U073KCU6, STM32U073M8I6, STM32U073M8T6, STM32U073MBI6, STM32U073MBT6, STM32U073MCI6, STM32U073MCT6, STM32U073R8I6, STM32U073R8T6, STM32U073RBI6, STM32U073RBT6, STM32U073RCI6, STM32U073RCT6, STM32U083C-DK, STM32U083CCT6, STM32U083CCU6, STM32U083HCY6TR, STM32U083KCU6, STM32U083MCI6, STM32U083MCT6, STM32U083RCI6, STM32U083RCT6, STM32U375CET6, STM32U375CET6Q, STM32U375CEU6, STM32U375CEU6Q, STM32U375CEY6QTR, STM32U375CGT6, STM32U375CGT6Q, STM32U375CGU6, STM32U375CGU6Q, STM32U375CGY6QTR, STM32U375KEU6, STM32U375KGU6, STM32U375REI6, STM32U375REI6Q, STM32U375RET6, STM32U375RET6Q, STM32U375REY6GTR, STM32U375REY6QTR, STM32U375RGI6, STM32U375RGI6Q, STM32U375RGT6, STM32U375RGT6Q, STM32U375RGY6GTR, STM32U375RGY6QTR, STM32U375VEI6, STM32U375VEI6Q, STM32U375VET6, STM32U375VET6Q, STM32U375VGI6, STM32U375VGI6Q, STM32U375VGT6, STM32U375VGT6Q, STM32U385CGT6, STM32U385CGT6Q, STM32U385CGU6, STM32U385CGU6Q, STM32U385CGY6QTR, STM32U385KGU6, STM32U385RGI6, STM32U385RGI6Q, STM32U385RGT6, STM32U385RGT6Q, STM32U385RGY6GTR, STM32U385RGY6QTR, STM32U385VGI6, STM32U385VGI6Q, STM32U385VGT6, STM32U385VGT6Q, STM32U535CBT6, STM32U535CBT6Q, STM32U535CBU6, STM32U535CBU6Q, STM32U535CCT6, STM32U535CCT6Q, STM32U535CCU6, STM32U535CCU6Q, STM32U535CET6, STM32U535CET6Q, STM32U535CEU6, STM32U535CEU6Q, STM32U535JEY6QTR, STM32U535NCY6QTR, STM32U535NEY6QTR, STM32U535RBI6, STM32U535RBI6Q, STM32U535RBT6, STM32U535RBT6Q, STM32U535RCI6, STM32U535RCI6Q, STM32U535RCT6, STM32U535RCT6Q, STM32U535REI6, STM32U535REI6Q, STM32U535RET6, STM32U535RET6Q, STM32U535VCI6, STM32U535VCI6Q, STM32U535VCT6, STM32U535VCT6Q, STM32U535VEI6, STM32U535VEI6Q, STM32U535VET6, STM32U535VET6Q, STM32U545CET6, STM32U545CET6Q, STM32U545CEU6, STM32U545CEU6Q, STM32U545JEY6QTR, STM32U545NEY6QTR, STM32U545REI6, STM32U545REI6Q, STM32U545RET6, STM32U545RET6Q, STM32U545VEI6, STM32U545VEI6Q, STM32U545VET6, STM32U545VET6Q, STM32U595AIH6, STM32U595AIH6Q, STM32U595AJH6, STM32U595AJH6Q, STM32U595QII6, STM32U595QII6Q, STM32U595QJI6, STM32U595QJI6Q, STM32U595RIT6, STM32U595RIT6Q, STM32U595RJT6, STM32U595RJT6Q, STM32U595VIT6, STM32U595VIT6Q, STM32U595VJT6, STM32U595VJT6Q, STM32U595ZIT6, STM32U595ZIT6Q, STM32U595ZIY6QTR, STM32U595ZJT6, STM32U595ZJT6Q, STM32U595ZJY6QTR, STM32U599BJY6QTR, STM32U599NIH6Q, STM32U599NJH6Q, STM32U599VIT6Q, STM32U599VJT6, STM32U599VJT6Q, STM32U599ZIT6Q, STM32U599ZIY6QTR, STM32U599ZJT6Q, STM32U599ZJY6QTR, STM32U5A5AJH6, STM32U5A5AJH6Q, STM32U5A5QII3Q , STM32U5A5QJI6, STM32U5A5QJI6Q, STM32U5A5RJT6, STM32U5A5RJT6Q, STM32U5A5VJT6, STM32U5A5VJT6Q, STM32U5A5ZJT6, STM32U5A5ZJT6Q, STM32U5A5ZJY6QTR, STM32U5A9BJY6QTR, STM32U5A9J-DK, STM32U5A9NJH6Q, STM32U5A9VJT6Q, STM32U5A9ZJT6Q, STM32U5A9ZJY6QTR, STM32U5F7VIT6, STM32U5F7VIT6Q, STM32U5F7VJT6, STM32U5F7VJT6Q, STM32U5F9BJY6QTR, STM32U5F9NJH6Q, STM32U5F9VIT6Q, STM32U5F9VJT6Q, STM32U5F9ZIJ6QTR, STM32U5F9ZIT6Q, STM32U5F9ZJJ6QTR, STM32U5F9ZJT6Q, STM32U5G7VJT6, STM32U5G7VJT6Q, STM32U5G9BJY6QTR, STM32U5G9J-DK1, STM32U5G9J-DK2, STM32U5G9NJH6Q, STM32U5G9VJT6Q, STM32U5G9ZJJ6QTR, STM32U5G9ZJT6Q, STM32WB05KZV6TR, STM32WB05KZV7TR, STM32WB05TZF6TR, STM32WB05TZF7TR, STM32WB06CCF6TR, STM32WB06CCF7TR, STM32WB06CCV6TR, STM32WB06CCV7TR, STM32WB06KCV6TR, STM32WB06KCV7TR, STM32WB07CCF6TR, STM32WB07CCF7TR, STM32WB07CCV6TR, STM32WB07CCV7TR, STM32WB07KCV6TR, STM32WB07KCV7TR, STM32WB09KEV6TR, STM32WB09KEV7TR, STM32WB09TEF6TR, STM32WB09TEF7TR, STM32WB1MMCH6, STM32WBA50KGU6, STM32WBA50KGU6TR, STM32WBA52CEU6, STM32WBA52CEU6TR, STM32WBA52CEU7, STM32WBA52CEU7TR, STM32WBA52CGU6, STM32WBA52CGU6TR, STM32WBA52CGU6U, STM32WBA52CGU7, STM32WBA52CGU7TR, STM32WBA52KEU6, STM32WBA52KEU6TR, STM32WBA52KGU6, STM32WBA52KGU6TR, STM32WBA54CEU6, STM32WBA54CEU6TR, STM32WBA54CEU7, STM32WBA54CEU7TR, STM32WBA54CGU6, STM32WBA54CGU6TR, STM32WBA54CGU7, STM32WBA54CGU7TR, STM32WBA54KEU6, STM32WBA54KEU6TR, STM32WBA54KEU7, STM32WBA54KEU7TR, STM32WBA54KGU6, STM32WBA54KGU6TR, STM32WBA54KGU7, STM32WBA54KGU7TR, STM32WBA55CEU6, STM32WBA55CEU6TR, STM32WBA55CEU7, STM32WBA55CEU7TR, STM32WBA55CGU6, STM32WBA55CGU6TR, STM32WBA55CGU6U, STM32WBA55CGU7, STM32WBA55CGU7TR, STM32WBA55G-DK1, STM32WBA55HEF6, STM32WBA55HEF7, STM32WBA55HGF6, STM32WBA55HGF7, STM32WBA55UEI6, STM32WBA55UEI6TR, STM32WBA55UEI7, STM32WBA55UEI7TR, STM32WBA55UGI6, STM32WBA55UGI6TR, STM32WBA55UGI7, STM32WBA55UGI7TR, STM32WBA5MJGH6TR, STM32WBA5MJGH6U, STM32WL33C8V6, STM32WL33C8V6TR, STM32WL33C8V7, STM32WL33C8V7TR, STM32WL33CBV6, STM32WL33CBV6TR, STM32WL33CBV7, STM32WL33CBV7TR, STM32WL33CCV6, STM32WL33CCV6TR, STM32WL33CCV7, STM32WL33CCV7A, STM32WL33CCV7ATR, STM32WL33CCV7TR, STM32WL33K8V6, STM32WL33K8V6TR, STM32WL33K8V7, STM32WL33K8V7TR, STM32WL33KBV6, STM32WL33KBV6TR, STM32WL33KBV7, STM32WL33KBV7TR, STM32WL33KCV6, STM32WL33KCV6TR, STM32WL33KCV7, STM32WL33KCV7TR, STM32WL5MOCH6, STM32WL5MOCH6TR]
2026-01-10 14:21:13,613 [INFO] DbMcus:218 - Found 4817 MCUs, 4817 are supported
2026-01-10 14:21:13,613 [INFO] ApiDb:423 - Load user favorites file C:\Users\kamil/.stm32cubeide/favorites.mcus.txt: 1 item(s)
2026-01-10 14:21:13,614 [INFO] ApiDb:427 - User favorites MCUs=[STM32H743IIT6]
2026-01-10 14:21:13,614 [INFO] DbMcus:224 - Set 1 / 1 favorites MCUs
2026-01-10 14:21:14,209 [INFO] BoardInfo:889 - No configuration file found for board NUCLEO-WBA65RI
2026-01-10 14:21:14,210 [INFO] DbBoards:161 - Board is not supported: NUCLEO-WBA65RI
2026-01-10 14:21:14,225 [INFO] BoardInfo:889 - No configuration file found for board P-NUCLEO-WB55
2026-01-10 14:21:14,226 [INFO] DbBoards:161 - Kit is not supported: P-NUCLEO-WB55
2026-01-10 14:21:14,234 [INFO] BoardInfo:889 - No configuration file found for board STEVAL-BFA001V1B
2026-01-10 14:21:14,235 [INFO] DbBoards:161 - Kit is not supported: STEVAL-BFA001V1B
2026-01-10 14:21:14,236 [INFO] BoardInfo:889 - No configuration file found for board STEVAL-BFA001V2B
2026-01-10 14:21:14,238 [INFO] DbBoards:161 - Kit is not supported: STEVAL-BFA001V2B
2026-01-10 14:21:14,444 [INFO] BoardInfo:889 - No configuration file found for board STM32WBA65I-DK1
2026-01-10 14:21:14,445 [INFO] DbBoards:161 - Board is not supported: STM32WBA65I-DK1
2026-01-10 14:21:14,446 [INFO] DbBoards:168 - Found 211 boards, 206 are supported
2026-01-10 14:21:14,446 [INFO] DbBoards:169 - Found 211 boards, 42 of them is supported for  Bsp
2026-01-10 14:21:14,449 [INFO] ApiDb:423 - Load user favorites file C:\Users\kamil/.stm32cubeide/favorites.boards.txt: 1 item(s)
2026-01-10 14:21:14,449 [INFO] ApiDb:427 - User favorites Boards=[NUCLEO-F746ZG]
2026-01-10 14:21:14,449 [INFO] DbBoards:198 - Set 1 / 1 favorites Boards
2026-01-10 14:21:14,506 [INFO] UtilMem:75 - End LoadConfig() Used Memory: 939435512 Bytes (1073741824)
2026-01-10 14:21:14,626 [WARN] ThirdParty:833 - waiting for thirdparty lock release [change project]
2026-01-10 14:21:14,626 [INFO] ThirdParty:835 - entering critical section [change project]
2026-01-10 14:21:14,626 [INFO] ThirdParty:1030 - CMSIS Pack Vendor :STMicroelectronics X-CUBE-PM33A1 1.0.0
2026-01-10 14:21:14,626 [INFO] ThirdParty:1030 - CMSIS Pack Vendor :STMicroelectronics USBPD 4.1
2026-01-10 14:21:14,626 [INFO] ThirdParty:1030 - CMSIS Pack Vendor :STMicroelectronics USB_HOST 2.0.0
2026-01-10 14:21:14,626 [INFO] ThirdParty:1030 - CMSIS Pack Vendor :STMicroelectronics FP-SNS-MOTENVWB1 1.4.0
2026-01-10 14:21:14,626 [INFO] ThirdParty:1030 - CMSIS Pack Vendor :STMicroelectronics X-CUBE-AZRTOS-F4 1.1.0
2026-01-10 14:21:14,626 [INFO] ThirdParty:1030 - CMSIS Pack Vendor :STMicroelectronics LIBJPEG 8.0.0
2026-01-10 14:21:14,627 [INFO] ThirdParty:1030 - CMSIS Pack Vendor :STMicroelectronics FP-ATR-ASTRA1 2.0.2
2026-01-10 14:21:14,627 [INFO] ThirdParty:1030 - CMSIS Pack Vendor :STMicroelectronics FP-ATR-ASTRA1 2.0.1
2026-01-10 14:21:14,627 [INFO] ThirdParty:1030 - CMSIS Pack Vendor :STMicroelectronics X-CUBE-SMBUS 2.1.0
2026-01-10 14:21:14,627 [INFO] ThirdParty:1030 - CMSIS Pack Vendor :STMicroelectronics X-CUBE-WB05N 1.1.0
2026-01-10 14:21:14,627 [INFO] ThirdParty:1030 - CMSIS Pack Vendor :STMicroelectronics X-CUBE-ISPU 2.1.0
2026-01-10 14:21:14,627 [INFO] ThirdParty:1030 - CMSIS Pack Vendor :STMicroelectronics X-CUBE-FREERTOS 1.2.0
2026-01-10 14:21:14,627 [INFO] ThirdParty:1030 - CMSIS Pack Vendor :STMicroelectronics X-CUBE-ST60 1.0.0
2026-01-10 14:21:14,627 [INFO] ThirdParty:1030 - CMSIS Pack Vendor :STMicroelectronics X-CUBE-NFC12 1.0.0
2026-01-10 14:21:14,627 [INFO] ThirdParty:1030 - CMSIS Pack Vendor :STMicroelectronics X-CUBE-AZRTOS-F7 1.1.0
2026-01-10 14:21:14,627 [INFO] ThirdParty:1030 - CMSIS Pack Vendor :STMicroelectronics X-CUBE-AZRTOS-L5 2.0.0
2026-01-10 14:21:14,627 [INFO] ThirdParty:1030 - CMSIS Pack Vendor :STMicroelectronics USB_DEVICE 2.0.0
2026-01-10 14:21:14,627 [INFO] ThirdParty:1030 - CMSIS Pack Vendor :STMicroelectronics X-CUBE-NFC6 3.1.0
2026-01-10 14:21:14,627 [INFO] ThirdParty:1030 - CMSIS Pack Vendor :ARM CMSIS 5.7.0
2026-01-10 14:21:14,627 [INFO] ThirdParty:1030 - CMSIS Pack Vendor :STMicroelectronics X-CUBE-MEMS1 11.0.0
2026-01-10 14:21:14,627 [INFO] ThirdParty:1030 - CMSIS Pack Vendor :STMicroelectronics FreeRTOS 0.0.1
2026-01-10 14:21:14,627 [INFO] ThirdParty:1030 - CMSIS Pack Vendor :STMicroelectronics X-CUBE-DPower 1.2.0
2026-01-10 14:21:14,627 [INFO] ThirdParty:1030 - CMSIS Pack Vendor :STMicroelectronics FP-SNS-FLIGHT1 5.0.2
2026-01-10 14:21:14,627 [INFO] ThirdParty:1030 - CMSIS Pack Vendor :STMicroelectronics PDM2PCM 3.3.0
2026-01-10 14:21:14,627 [INFO] ThirdParty:1030 - CMSIS Pack Vendor :STMicroelectronics X-CUBE-AZRTOS-H7 3.4.0
2026-01-10 14:21:14,627 [INFO] ThirdParty:1030 - CMSIS Pack Vendor :STMicroelectronics X-CUBE-DISPLAY 3.0.0
2026-01-10 14:21:14,627 [INFO] ThirdParty:1030 - CMSIS Pack Vendor :STMicroelectronics X-CUBE-BLE1 7.0.0
2026-01-10 14:21:14,627 [INFO] ThirdParty:1030 - CMSIS Pack Vendor :STMicroelectronics X-CUBE-NFC10 1.0.0
2026-01-10 14:21:14,627 [INFO] ThirdParty:1030 - CMSIS Pack Vendor :STMicroelectronics X-CUBE-BLEMGR 4.0.0
2026-01-10 14:21:14,627 [INFO] ThirdParty:1030 - CMSIS Pack Vendor :STMicroelectronics X-CUBE-FREERTOS 1.3.1
2026-01-10 14:21:14,627 [INFO] ThirdParty:1030 - CMSIS Pack Vendor :STMicroelectronics HAL Drivers 0.0.0
2026-01-10 14:21:14,627 [INFO] ThirdParty:1030 - CMSIS Pack Vendor :STMicroelectronics X-CUBE-ST60 1.1.0
2026-01-10 14:21:14,627 [INFO] ThirdParty:1030 - CMSIS Pack Vendor :emotas I-CUBE-CANOPEN 1.3.0
2026-01-10 14:21:14,627 [INFO] ThirdParty:1030 - CMSIS Pack Vendor :STMicroelectronics X-CUBE-FREERTOS 1.3.0
2026-01-10 14:21:14,627 [INFO] ThirdParty:1030 - CMSIS Pack Vendor :STMicroelectronics X-CUBE-NFC7 1.0.1
2026-01-10 14:21:14,627 [INFO] ThirdParty:1030 - CMSIS Pack Vendor :STMicroelectronics MBEDTLS 2.14.1
2026-01-10 14:21:14,627 [INFO] ThirdParty:1030 - CMSIS Pack Vendor :STMicroelectronics X-CUBE-GNSS1 7.1.0
2026-01-10 14:21:14,627 [INFO] ThirdParty:1030 - CMSIS Pack Vendor :STMicroelectronics X-CUBE-TOUCHGFX 4.26.0
2026-01-10 14:21:14,627 [INFO] ThirdParty:1030 - CMSIS Pack Vendor :STMicroelectronics X-CUBE-BLEMGR 3.1.0
2026-01-10 14:21:14,627 [INFO] ThirdParty:1030 - CMSIS Pack Vendor :STMicroelectronics X-CUBE-AI 10.0.0
2026-01-10 14:21:14,627 [INFO] ThirdParty:1030 - CMSIS Pack Vendor :STMicroelectronics FP-SNS-STAIOTCFT 1.0.0
2026-01-10 14:21:14,627 [INFO] ThirdParty:1030 - CMSIS Pack Vendor :STMicroelectronics FP-SNS-SMARTAG2 1.2.0
2026-01-10 14:21:14,627 [INFO] ThirdParty:1030 - CMSIS Pack Vendor :STMicroelectronics FP-SNS-FLIGHT1 5.1.0
2026-01-10 14:21:14,627 [INFO] ThirdParty:1030 - CMSIS Pack Vendor :STMicroelectronics X-CUBE-MEMS1 11.1.0
2026-01-10 14:21:14,627 [INFO] ThirdParty:1030 - CMSIS Pack Vendor :STMicroelectronics X-CUBE-AZRTOS-WL 2.0.0
2026-01-10 14:21:14,628 [INFO] ThirdParty:1030 - CMSIS Pack Vendor :STMicroelectronics X-CUBE-DPower 1.3.0
2026-01-10 14:21:14,628 [INFO] ThirdParty:1030 - CMSIS Pack Vendor :STMicroelectronics FP-SNS-MOTENV1 5.0.0
2026-01-10 14:21:14,628 [INFO] ThirdParty:1030 - CMSIS Pack Vendor :STMicroelectronics USB_DEVICE 1.0.0
2026-01-10 14:21:14,628 [INFO] ThirdParty:1030 - CMSIS Pack Vendor :STMicroelectronics X-CUBE-AZRTOS-H7RS 1.2.0
2026-01-10 14:21:14,628 [INFO] ThirdParty:1030 - CMSIS Pack Vendor :wolfSSL I-CUBE-wolfMQTT 1.19.0
2026-01-10 14:21:14,628 [INFO] ThirdParty:1030 - CMSIS Pack Vendor :STMicroelectronics X-CUBE-AZRTOS-L4 2.0.0
2026-01-10 14:21:14,628 [INFO] ThirdParty:1030 - CMSIS Pack Vendor :STMicroelectronics ThreadX 0.0.2
2026-01-10 14:21:14,628 [INFO] ThirdParty:1030 - CMSIS Pack Vendor :WES I-CUBE-Cesium 1.3.0
2026-01-10 14:21:14,628 [INFO] ThirdParty:1030 - CMSIS Pack Vendor :STMicroelectronics lwIP 2.1.2
2026-01-10 14:21:14,628 [INFO] ThirdParty:1030 - CMSIS Pack Vendor :STMicroelectronics X-CUBE-SFXS2LP1 4.0.0
2026-01-10 14:21:14,628 [INFO] ThirdParty:1030 - CMSIS Pack Vendor :STMicroelectronics X-CUBE-BLE2 3.3.0
2026-01-10 14:21:14,628 [INFO] ThirdParty:1030 - CMSIS Pack Vendor :Avnet-IOTCONNECT X-CUBE-iotc-st67-sdk 1.0.0
2026-01-10 14:21:14,628 [INFO] ThirdParty:1030 - CMSIS Pack Vendor :STMicroelectronics PDM2PCM 3.2.0
2026-01-10 14:21:14,628 [INFO] ThirdParty:1030 - CMSIS Pack Vendor :STMicroelectronics X-CUBE-AZRTOS-H7 3.3.0
2026-01-10 14:21:14,628 [INFO] ThirdParty:1030 - CMSIS Pack Vendor :STMicroelectronics X-CUBE-NFC9 1.0.0
2026-01-10 14:21:14,628 [INFO] ThirdParty:1030 - CMSIS Pack Vendor :STMicroelectronics X-CUBE-BLE1 7.1.0
2026-01-10 14:21:14,628 [INFO] ThirdParty:1030 - CMSIS Pack Vendor :STMicroelectronics USB_DEVICE 3.0.0
2026-01-10 14:21:14,628 [INFO] ThirdParty:1030 - CMSIS Pack Vendor :STMicroelectronics X-CUBE-TCPP 4.1.0
2026-01-10 14:21:14,628 [INFO] ThirdParty:1030 - CMSIS Pack Vendor :STMicroelectronics X-CUBE-EEPRMA1 5.2.0
2026-01-10 14:21:14,628 [INFO] ThirdParty:1030 - CMSIS Pack Vendor :STMicroelectronics X-CUBE-BLEMGR 4.1.0
2026-01-10 14:21:14,628 [INFO] ThirdParty:1030 - CMSIS Pack Vendor :STMicroelectronics X-CUBE-IPS 3.0.0
2026-01-10 14:21:14,628 [INFO] ThirdParty:1030 - CMSIS Pack Vendor :STMicroelectronics X-CUBE-AZRTOS-WB 2.0.0
2026-01-10 14:21:14,628 [INFO] ThirdParty:1030 - CMSIS Pack Vendor :STMicroelectronics X-CUBE-GNSS1 7.0.0
2026-01-10 14:21:14,628 [INFO] ThirdParty:1030 - CMSIS Pack Vendor :STMicroelectronics X-CUBE-GNSS1 7.0.1
2026-01-10 14:21:14,628 [INFO] ThirdParty:1030 - CMSIS Pack Vendor :STMicroelectronics X-CUBE-TOUCHGFX 4.25.0
2026-01-10 14:21:14,628 [INFO] ThirdParty:1030 - CMSIS Pack Vendor :STMicroelectronics FP-SNS-STBOX1 2.0.0
2026-01-10 14:21:14,629 [INFO] ThirdParty:1030 - CMSIS Pack Vendor :STMicroelectronics X-CUBE-MEMS1 12.0.0
2026-01-10 14:21:14,629 [INFO] ThirdParty:1030 - CMSIS Pack Vendor :STMicroelectronics X-CUBE-AZRTOS-G0 1.1.0
2026-01-10 14:21:14,629 [INFO] ThirdParty:1030 - CMSIS Pack Vendor :STMicroelectronics X-CUBE-SAFEA1 1.2.2
2026-01-10 14:21:14,629 [INFO] ThirdParty:1030 - CMSIS Pack Vendor :STMicroelectronics X-CUBE-NFC4 3.0.0
2026-01-10 14:21:14,629 [INFO] ThirdParty:1030 - CMSIS Pack Vendor :STMicroelectronics X-CUBE-SUBG2 5.0.0
2026-01-10 14:21:14,629 [INFO] ThirdParty:1030 - CMSIS Pack Vendor :STMicroelectronics X-CUBE-AZRTOS-H7RS 1.1.0
2026-01-10 14:21:14,629 [INFO] ThirdParty:1030 - CMSIS Pack Vendor :STMicroelectronics STM32_WPAN 1.0.0
2026-01-10 14:21:14,629 [INFO] ThirdParty:1030 - CMSIS Pack Vendor :EmbeddedOffice I-CUBE-FS-RTOS 1.0.1
2026-01-10 14:21:14,629 [INFO] ThirdParty:1030 - CMSIS Pack Vendor :STMicroelectronics lwIP 2.0.3
2026-01-10 14:21:14,629 [INFO] ThirdParty:1030 - CMSIS Pack Vendor :Cesanta I-CUBE-Mongoose 7.13.0
2026-01-10 14:21:14,629 [INFO] ThirdParty:1030 - CMSIS Pack Vendor :STMicroelectronics USB_HOST 1.0.0
2026-01-10 14:21:14,629 [INFO] ThirdParty:1030 - CMSIS Pack Vendor :STMicroelectronics X-CUBE-AZRTOS-G4 2.0.0
2026-01-10 14:21:14,629 [INFO] ThirdParty:1030 - CMSIS Pack Vendor :STMicroelectronics X-CUBE-WB05N 2.0.0
2026-01-10 14:21:14,629 [INFO] ThirdParty:1030 - CMSIS Pack Vendor :STMicroelectronics PDM2PCM 3.1.0
2026-01-10 14:21:14,629 [INFO] ThirdParty:1030 - CMSIS Pack Vendor :STMicroelectronics X-CUBE-NFC7 2.0.0
2026-01-10 14:21:14,629 [INFO] ThirdParty:1030 - CMSIS Pack Vendor :STMicroelectronics X-CUBE-TCPP 4.2.0
2026-01-10 14:21:14,629 [INFO] ThirdParty:1030 - CMSIS Pack Vendor :RealThread X-CUBE-RT-Thread_Nano 4.1.1
2026-01-10 14:21:14,629 [INFO] ThirdParty:1030 - CMSIS Pack Vendor :STMicroelectronics FP-ATR-SIGFOX1 3.2.0
2026-01-10 14:21:14,629 [INFO] ThirdParty:1030 - CMSIS Pack Vendor :wolfSSL I-CUBE-wolfSSL 5.7.2
2026-01-10 14:21:14,629 [INFO] ThirdParty:1030 - CMSIS Pack Vendor :quantropi X-CUBE-qispace-sdk-base 1.9.3
2026-01-10 14:21:14,629 [INFO] ThirdParty:1030 - CMSIS Pack Vendor :STMicroelectronics X-CUBE-EEPRMA1 5.1.0
2026-01-10 14:21:14,629 [INFO] ThirdParty:1030 - CMSIS Pack Vendor :STMicroelectronics MBEDTLS 2.16.2
2026-01-10 14:21:14,629 [INFO] ThirdParty:1030 - CMSIS Pack Vendor :STMicroelectronics X-CUBE-IPS 3.1.0
2026-01-10 14:21:14,629 [INFO] ThirdParty:1030 - CMSIS Pack Vendor :STMicroelectronics X-CUBE-ALS 1.0.2
2026-01-10 14:21:14,629 [INFO] ThirdParty:1030 - CMSIS Pack Vendor :ITTIA_DB I-CUBE-ITTIADB 8.9.0
2026-01-10 14:21:14,629 [INFO] ThirdParty:1030 - CMSIS Pack Vendor :STMicroelectronics X-CUBE-TOUCHGFX 4.24.1
2026-01-10 14:21:14,629 [INFO] ThirdParty:1030 - CMSIS Pack Vendor :STMicroelectronics X-CUBE-STSE01 1.0.0
2026-01-10 14:21:14,629 [INFO] ThirdParty:1030 - CMSIS Pack Vendor :wolfSSL I-CUBE-wolfTPM 3.4.0
2026-01-10 14:21:14,629 [INFO] ThirdParty:1030 - CMSIS Pack Vendor :portGmbH I-Cube-SoM-uGOAL 1.1.0
2026-01-10 14:21:14,629 [INFO] ThirdParty:1030 - CMSIS Pack Vendor :STMicroelectronics X-CUBE-ST67W61 1.0.0
2026-01-10 14:21:14,629 [INFO] ThirdParty:1030 - CMSIS Pack Vendor :STMicroelectronics X-CUBE-AI 10.2.0
2026-01-10 14:21:14,629 [INFO] ThirdParty:1030 - CMSIS Pack Vendor :STMicroelectronics ThreadX 1.0.0
2026-01-10 14:21:14,629 [INFO] ThirdParty:1030 - CMSIS Pack Vendor :SEGGER I-CUBE-embOS 1.3.1
2026-01-10 14:21:14,629 [INFO] ThirdParty:1030 - CMSIS Pack Vendor :STMicroelectronics X-CUBE-ALGOBUILD 1.4.0
2026-01-10 14:21:14,629 [INFO] ThirdParty:1030 - CMSIS Pack Vendor :STMicroelectronics X-CUBE-MEMS1 11.3.0
2026-01-10 14:21:14,629 [INFO] ThirdParty:1030 - CMSIS Pack Vendor :STMicroelectronics X-CUBE-AZRTOS-H7RS 1.0.0
2026-01-10 14:21:14,629 [INFO] ThirdParty:1030 - CMSIS Pack Vendor :STMicroelectronics FP-ATR-ASTRA1 2.0.0
2026-01-10 14:21:14,629 [INFO] ThirdParty:1030 - CMSIS Pack Vendor :STMicroelectronics X-CUBE-TOF1 3.4.2
2026-01-10 14:21:14,630 [INFO] ThirdParty:1030 - CMSIS Pack Vendor :STMicroelectronics X-CUBE-TOF1 3.4.3
2026-01-10 14:21:14,630 [INFO] ThirdParty:1030 - CMSIS Pack Vendor :STMicroelectronics X-CUBE-AI 9.1.0
2026-01-10 14:21:14,630 [INFO] ThirdParty:1030 - CMSIS Pack Vendor :Infineon AIROC-Wi-Fi-Bluetooth-STM32 1.6.1
2026-01-10 14:21:14,630 [INFO] ThirdParty:1030 - CMSIS Pack Vendor :wolfSSL I-CUBE-wolfSSH 1.4.17
2026-01-10 14:21:14,630 [INFO] ThirdParty:841 - exiting critical section [change project]
2026-01-10 14:21:15,211 [INFO] PinOutPanel:1589 - setPackage(No Configuration,No Configuration)
2026-01-10 14:21:15,213 [INFO] PinOutPanel:1589 - setPackage(STM32H743IITx,LQFP176)
2026-01-10 14:21:15,975 [INFO] UtilMem:75 - Before build in PCC Used Memory: 850919424 Bytes (1073741824)
2026-01-10 14:21:16,796 [INFO] UtilMem:75 - After build in PCC Used Memory: 934356648 Bytes (1073741824)
2026-01-10 14:21:16,849 [INFO] IPUIPlugin:80 - create IPUIPlugin
2026-01-10 14:21:16,849 [INFO] IPUIPlugin:80 - create IPUIPlugin
2026-01-10 14:21:16,849 [INFO] IPUIPlugin:80 - create IPUIPlugin
2026-01-10 14:21:16,849 [INFO] IPUIPlugin:80 - create IPUIPlugin
2026-01-10 14:21:16,849 [INFO] IPUIPlugin:80 - create IPUIPlugin
2026-01-10 14:21:16,849 [INFO] IPUIPlugin:80 - create IPUIPlugin
2026-01-10 14:21:16,849 [INFO] IPUIPlugin:80 - create IPUIPlugin
2026-01-10 14:21:16,849 [INFO] IPUIPlugin:80 - create IPUIPlugin
2026-01-10 14:21:16,849 [INFO] IPUIPlugin:80 - create IPUIPlugin
2026-01-10 14:21:16,849 [INFO] IPUIPlugin:80 - create IPUIPlugin
2026-01-10 14:21:16,849 [INFO] IPUIPlugin:80 - create IPUIPlugin
2026-01-10 14:21:16,849 [INFO] IPUIPlugin:80 - create IPUIPlugin
2026-01-10 14:21:16,849 [INFO] IPUIPlugin:80 - create IPUIPlugin
2026-01-10 14:21:16,851 [INFO] IPUIPlugin:80 - create IPUIPlugin
2026-01-10 14:21:16,851 [INFO] IPUIPlugin:80 - create IPUIPlugin
2026-01-10 14:21:16,851 [INFO] IPUIPlugin:80 - create IPUIPlugin
2026-01-10 14:21:16,851 [INFO] IPUIPlugin:80 - create IPUIPlugin
2026-01-10 14:21:16,851 [INFO] IPUIPlugin:80 - create IPUIPlugin
2026-01-10 14:21:16,851 [INFO] IPUIPlugin:80 - create IPUIPlugin
2026-01-10 14:21:16,851 [INFO] IPUIPlugin:80 - create IPUIPlugin
2026-01-10 14:21:16,852 [INFO] IPUIPlugin:80 - create IPUIPlugin
2026-01-10 14:21:16,852 [INFO] IPUIPlugin:80 - create IPUIPlugin
2026-01-10 14:21:16,852 [INFO] IPUIPlugin:80 - create IPUIPlugin
2026-01-10 14:21:16,852 [INFO] IPUIPlugin:80 - create IPUIPlugin
2026-01-10 14:21:16,853 [INFO] IPUIPlugin:80 - create IPUIPlugin
2026-01-10 14:21:16,853 [INFO] IPUIPlugin:80 - create IPUIPlugin
2026-01-10 14:21:16,853 [INFO] IPUIPlugin:80 - create IPUIPlugin
2026-01-10 14:21:16,853 [INFO] IPUIPlugin:80 - create IPUIPlugin
2026-01-10 14:21:16,853 [INFO] IPUIPlugin:80 - create IPUIPlugin
2026-01-10 14:21:16,853 [INFO] IPUIPlugin:80 - create IPUIPlugin
2026-01-10 14:21:16,853 [INFO] IPUIPlugin:80 - create IPUIPlugin
2026-01-10 14:21:16,854 [INFO] IPUIPlugin:80 - create IPUIPlugin
2026-01-10 14:21:16,854 [INFO] IPUIPlugin:80 - create IPUIPlugin
2026-01-10 14:21:16,854 [INFO] IPUIPlugin:80 - create IPUIPlugin
2026-01-10 14:21:16,854 [INFO] IPUIPlugin:80 - create IPUIPlugin
2026-01-10 14:21:16,854 [INFO] IPUIPlugin:80 - create IPUIPlugin
2026-01-10 14:21:16,854 [INFO] IPUIPlugin:80 - create IPUIPlugin
2026-01-10 14:21:16,855 [INFO] IPUIPlugin:80 - create IPUIPlugin
2026-01-10 14:21:16,855 [INFO] IPUIPlugin:80 - create IPUIPlugin
2026-01-10 14:21:16,855 [INFO] IPUIPlugin:80 - create IPUIPlugin
2026-01-10 14:21:16,856 [INFO] IPUIPlugin:80 - create IPUIPlugin
2026-01-10 14:21:16,856 [INFO] IPUIPlugin:80 - create IPUIPlugin
2026-01-10 14:21:16,856 [INFO] IPUIPlugin:80 - create IPUIPlugin
2026-01-10 14:21:16,856 [INFO] IPUIPlugin:80 - create IPUIPlugin
2026-01-10 14:21:16,856 [INFO] IPUIPlugin:80 - create IPUIPlugin
2026-01-10 14:21:16,857 [INFO] IPUIPlugin:80 - create IPUIPlugin
2026-01-10 14:21:16,857 [INFO] IPUIPlugin:80 - create IPUIPlugin
2026-01-10 14:21:16,857 [INFO] IPUIPlugin:80 - create IPUIPlugin
2026-01-10 14:21:16,857 [INFO] IPUIPlugin:80 - create IPUIPlugin
2026-01-10 14:21:16,857 [INFO] IPUIPlugin:80 - create IPUIPlugin
2026-01-10 14:21:16,857 [INFO] IPUIPlugin:80 - create IPUIPlugin
2026-01-10 14:21:16,858 [INFO] IPUIPlugin:80 - create IPUIPlugin
2026-01-10 14:21:16,858 [INFO] IPUIPlugin:80 - create IPUIPlugin
2026-01-10 14:21:16,858 [INFO] IPUIPlugin:80 - create IPUIPlugin
2026-01-10 14:21:16,858 [INFO] IPUIPlugin:80 - create IPUIPlugin
2026-01-10 14:21:16,858 [INFO] IPUIPlugin:80 - create IPUIPlugin
2026-01-10 14:21:16,859 [INFO] IPUIPlugin:80 - create IPUIPlugin
2026-01-10 14:21:16,859 [INFO] IPUIPlugin:80 - create IPUIPlugin
2026-01-10 14:21:16,859 [INFO] IPUIPlugin:80 - create IPUIPlugin
2026-01-10 14:21:16,859 [INFO] IPUIPlugin:80 - create IPUIPlugin
2026-01-10 14:21:16,859 [INFO] IPUIPlugin:80 - create IPUIPlugin
2026-01-10 14:21:16,860 [INFO] IPUIPlugin:80 - create IPUIPlugin
2026-01-10 14:21:16,860 [INFO] IPUIPlugin:80 - create IPUIPlugin
2026-01-10 14:21:16,860 [INFO] IPUIPlugin:80 - create IPUIPlugin
2026-01-10 14:21:16,860 [INFO] IPUIPlugin:80 - create IPUIPlugin
2026-01-10 14:21:16,861 [INFO] IPUIPlugin:80 - create IPUIPlugin
2026-01-10 14:21:16,861 [INFO] IPUIPlugin:80 - create IPUIPlugin
2026-01-10 14:21:16,861 [INFO] IPUIPlugin:80 - create IPUIPlugin
2026-01-10 14:21:16,861 [INFO] IPUIPlugin:80 - create IPUIPlugin
2026-01-10 14:21:16,861 [INFO] IPUIPlugin:80 - create IPUIPlugin
2026-01-10 14:21:16,861 [INFO] IPUIPlugin:80 - create IPUIPlugin
2026-01-10 14:21:16,862 [INFO] IPUIPlugin:80 - create IPUIPlugin
2026-01-10 14:21:16,862 [INFO] IPUIPlugin:80 - create IPUIPlugin
2026-01-10 14:21:16,862 [INFO] IPUIPlugin:80 - create IPUIPlugin
2026-01-10 14:21:16,862 [INFO] IPUIPlugin:80 - create IPUIPlugin
2026-01-10 14:21:16,863 [INFO] IPUIPlugin:80 - create IPUIPlugin
2026-01-10 14:21:16,863 [INFO] IPUIPlugin:80 - create IPUIPlugin
2026-01-10 14:21:16,863 [INFO] IPUIPlugin:80 - create IPUIPlugin
2026-01-10 14:21:16,863 [INFO] IPUIPlugin:80 - create IPUIPlugin
2026-01-10 14:21:16,864 [INFO] IPUIPlugin:80 - create IPUIPlugin
2026-01-10 14:21:16,864 [INFO] IPUIPlugin:80 - create IPUIPlugin
2026-01-10 14:21:16,864 [INFO] IPUIPlugin:80 - create IPUIPlugin
2026-01-10 14:21:16,864 [INFO] IPUIPlugin:80 - create IPUIPlugin
2026-01-10 14:21:16,865 [INFO] IPUIPlugin:80 - create IPUIPlugin
2026-01-10 14:21:16,865 [INFO] IPUIPlugin:80 - create IPUIPlugin
2026-01-10 14:21:16,865 [INFO] IPUIPlugin:80 - create IPUIPlugin
2026-01-10 14:21:16,865 [INFO] IPUIPlugin:80 - create IPUIPlugin
2026-01-10 14:21:16,866 [INFO] IPUIPlugin:80 - create IPUIPlugin
2026-01-10 14:21:16,866 [INFO] IPUIPlugin:80 - create IPUIPlugin
2026-01-10 14:21:16,866 [INFO] IPUIPlugin:80 - create IPUIPlugin
2026-01-10 14:21:16,867 [INFO] IPUIPlugin:80 - create IPUIPlugin
2026-01-10 14:21:16,867 [INFO] IPUIPlugin:80 - create IPUIPlugin
2026-01-10 14:21:16,867 [INFO] IPUIPlugin:80 - create IPUIPlugin
2026-01-10 14:21:16,868 [INFO] IPUIPlugin:80 - create IPUIPlugin
2026-01-10 14:21:16,868 [INFO] IPUIPlugin:80 - create IPUIPlugin
2026-01-10 14:21:16,868 [INFO] IPUIPlugin:80 - create IPUIPlugin
2026-01-10 14:21:16,869 [INFO] IPUIPlugin:80 - create IPUIPlugin
2026-01-10 14:21:16,869 [INFO] IPUIPlugin:80 - create IPUIPlugin
2026-01-10 14:21:16,971 [INFO] ApiDbMcu:508 - Load IP Config File for PDM2PCM
2026-01-10 14:21:16,978 [WARN] IP:2251 - ClockDivider not found: check if there is a RefParameter without a condition.
2026-01-10 14:21:16,978 [WARN] IP:2251 - ClockDividerCCU not found: check if there is a RefParameter without a condition.
2026-01-10 14:21:16,978 [WARN] IP:2251 - MinOscClkPeriodsCCU not found: check if there is a RefParameter without a condition.
2026-01-10 14:21:16,978 [WARN] IP:2251 - TimeQuantaPerBitTimeCCU not found: check if there is a RefParameter without a condition.
2026-01-10 14:21:16,978 [WARN] IP:2251 - WatchdogStartValueCCU not found: check if there is a RefParameter without a condition.
2026-01-10 14:21:16,984 [INFO] LogOutputStream:77 - [STDOUT_REDIRECT] Nominal 
2026-01-10 14:21:16,985 [INFO] Can:71 - Can Add PropertyChangeListener com.st.microxplorer.plugins.ip.can.Can@5a8135cb
2026-01-10 14:21:17,242 [INFO] CADModel:165 - CPN selected for project levelSTM32H743IIT6
2026-01-10 14:21:17,242 [INFO] CADModel:114 - Register for checkConnection events
2026-01-10 14:21:17,312 [INFO] OpenFileManager:363 - Restore cursor
2026-01-10 14:21:17,461 [WARN] IP:2251 - LayerIdx_L1 not found: check if there is a RefParameter without a condition.
2026-01-10 14:21:17,590 [WARN] IP:2251 - ClockDivider not found: check if there is a RefParameter without a condition.
2026-01-10 14:21:17,591 [WARN] IP:2251 - ClockDividerCCU not found: check if there is a RefParameter without a condition.
2026-01-10 14:21:17,591 [WARN] IP:2251 - MinOscClkPeriodsCCU not found: check if there is a RefParameter without a condition.
2026-01-10 14:21:17,591 [WARN] IP:2251 - TimeQuantaPerBitTimeCCU not found: check if there is a RefParameter without a condition.
2026-01-10 14:21:17,591 [WARN] IP:2251 - WatchdogStartValueCCU not found: check if there is a RefParameter without a condition.
2026-01-10 14:26:55,009 [INFO] UtilMem:75 - End SaveConfig() Used Memory: 841811056 Bytes (1073741824)
2026-01-10 14:26:55,913 [INFO] BlockDiagram:2766 - set Specific Code input for plugin: LTDC
2026-01-10 14:26:55,914 [INFO] BlockDiagram:2766 - set Specific Code input for plugin: RCC
2026-01-10 14:26:55,914 [INFO] BlockDiagram:2766 - set Specific Code input for plugin: I2C
2026-01-10 14:26:55,914 [INFO] BlockDiagram:2766 - set Specific Code input for plugin: I2C
2026-01-10 14:26:55,915 [INFO] BlockDiagram:2766 - set Specific Code input for plugin: FMC
2026-01-10 14:26:55,915 [INFO] BlockDiagram:2766 - set Specific Code input for plugin: FDCAN
2026-01-10 14:26:55,915 [INFO] BlockDiagram:2766 - set Specific Code input for plugin: QUADSPI
2026-01-10 14:26:55,915 [INFO] BlockDiagram:2766 - set Specific Code input for plugin: MEMORYMAP
2026-01-10 14:26:55,915 [INFO] BlockDiagram:2766 - set Specific Code input for plugin: SYS
2026-01-10 14:26:55,915 [INFO] BlockDiagram:2766 - set Specific Code input for plugin: CRC
2026-01-10 14:26:55,915 [INFO] BlockDiagram:2766 - set Specific Code input for plugin: NVIC
2026-01-10 14:26:55,916 [INFO] BlockDiagram:2766 - set Specific Code input for plugin: DMA2D
2026-01-10 14:26:55,916 [INFO] BlockDiagram:2766 - set Specific Code input for plugin: CORTEX_M7
2026-01-10 14:26:55,916 [INFO] BlockDiagram:2766 - set Specific Code input for plugin: DEBUG
2026-01-10 14:26:55,919 [INFO] BlockDiagram:2766 - set Specific Code input for plugin: GPIO
2026-01-10 14:26:55,922 [INFO] CodeGenerator:896 - code generatio: config db path: C:\ST\STM32CubeIDE_1.17.0\STM32CubeIDE\plugins\com.st.stm32cube.common.mx_6.13.0.202411220809\\db\
2026-01-10 14:26:55,964 [WARN] IP:2251 - ClockDivider not found: check if there is a RefParameter without a condition.
2026-01-10 14:26:55,964 [WARN] IP:2251 - ClockDividerCCU not found: check if there is a RefParameter without a condition.
2026-01-10 14:26:55,964 [WARN] IP:2251 - MinOscClkPeriodsCCU not found: check if there is a RefParameter without a condition.
2026-01-10 14:26:55,965 [WARN] IP:2251 - TimeQuantaPerBitTimeCCU not found: check if there is a RefParameter without a condition.
2026-01-10 14:26:55,965 [WARN] IP:2251 - WatchdogStartValueCCU not found: check if there is a RefParameter without a condition.
2026-01-10 14:26:55,997 [WARN] IP:2251 - LayerIdx_L1 not found: check if there is a RefParameter without a condition.
2026-01-10 14:26:56,346 [INFO] CodeEngine:255 - oldGeneratedFile, C:\Users\kamil\STM32CubeIDE\workspace_1.17.0\STM32H743IIT6-projects\Rower elektryczny\MXTmpFiles\license.tmp_save
2026-01-10 14:26:56,858 [INFO] CodeEngine:279 - Generated code: C:\Users\kamil\STM32CubeIDE\workspace_1.17.0\STM32H743IIT6-projects\Rower elektryczny\MXTmpFiles\license.tmp
2026-01-10 14:26:57,182 [INFO] CodeEngine:255 - oldGeneratedFile, C:\Users\kamil\STM32CubeIDE\workspace_1.17.0\STM32H743IIT6-projects\Rower elektryczny\Core\Src\gpio.c_save
2026-01-10 14:26:57,349 [INFO] CodeEngine:279 - Generated code: C:\Users\kamil\STM32CubeIDE\workspace_1.17.0\STM32H743IIT6-projects\Rower elektryczny\Core\Src\gpio.c
2026-01-10 14:26:57,357 [INFO] CodeEngine:255 - oldGeneratedFile, C:\Users\kamil\STM32CubeIDE\workspace_1.17.0\STM32H743IIT6-projects\Rower elektryczny\Core\Inc\gpio.h_save
2026-01-10 14:26:57,492 [INFO] CodeEngine:279 - Generated code: C:\Users\kamil\STM32CubeIDE\workspace_1.17.0\STM32H743IIT6-projects\Rower elektryczny\Core\Inc\gpio.h
2026-01-10 14:26:57,930 [WARN] IPConfigManager:98 - WARNING: Missing Config File for DEBUG ip!!
2026-01-10 14:26:59,482 [WARN] IPConfigManager:98 - WARNING: Missing Config File for MEMORYMAP ip!!
2026-01-10 14:27:00,119 [INFO] CodeEngine:255 - oldGeneratedFile, C:\Users\kamil\STM32CubeIDE\workspace_1.17.0\STM32H743IIT6-projects\Rower elektryczny\MXTmpFiles\cortex.tmp_save
2026-01-10 14:27:00,272 [INFO] CodeEngine:279 - Generated code: C:\Users\kamil\STM32CubeIDE\workspace_1.17.0\STM32H743IIT6-projects\Rower elektryczny\MXTmpFiles\cortex.tmp
2026-01-10 14:27:00,299 [INFO] CodeEngine:255 - oldGeneratedFile, C:\Users\kamil\STM32CubeIDE\workspace_1.17.0\STM32H743IIT6-projects\Rower elektryczny\Core\Src\crc.c_save
2026-01-10 14:27:00,450 [INFO] CodeEngine:279 - Generated code: C:\Users\kamil\STM32CubeIDE\workspace_1.17.0\STM32H743IIT6-projects\Rower elektryczny\Core\Src\crc.c
2026-01-10 14:27:00,457 [INFO] CodeEngine:255 - oldGeneratedFile, C:\Users\kamil\STM32CubeIDE\workspace_1.17.0\STM32H743IIT6-projects\Rower elektryczny\Core\Inc\crc.h_save
2026-01-10 14:27:00,565 [INFO] CodeEngine:279 - Generated code: C:\Users\kamil\STM32CubeIDE\workspace_1.17.0\STM32H743IIT6-projects\Rower elektryczny\Core\Inc\crc.h
2026-01-10 14:27:00,595 [INFO] CodeEngine:255 - oldGeneratedFile, C:\Users\kamil\STM32CubeIDE\workspace_1.17.0\STM32H743IIT6-projects\Rower elektryczny\Core\Src\dma2d.c_save
2026-01-10 14:27:00,716 [INFO] CodeEngine:279 - Generated code: C:\Users\kamil\STM32CubeIDE\workspace_1.17.0\STM32H743IIT6-projects\Rower elektryczny\Core\Src\dma2d.c
2026-01-10 14:27:00,724 [INFO] CodeEngine:255 - oldGeneratedFile, C:\Users\kamil\STM32CubeIDE\workspace_1.17.0\STM32H743IIT6-projects\Rower elektryczny\Core\Inc\dma2d.h_save
2026-01-10 14:27:00,802 [INFO] CodeEngine:279 - Generated code: C:\Users\kamil\STM32CubeIDE\workspace_1.17.0\STM32H743IIT6-projects\Rower elektryczny\Core\Inc\dma2d.h
2026-01-10 14:27:00,833 [INFO] CodeEngine:255 - oldGeneratedFile, C:\Users\kamil\STM32CubeIDE\workspace_1.17.0\STM32H743IIT6-projects\Rower elektryczny\Core\Src\fdcan.c_save
2026-01-10 14:27:00,967 [INFO] CodeEngine:279 - Generated code: C:\Users\kamil\STM32CubeIDE\workspace_1.17.0\STM32H743IIT6-projects\Rower elektryczny\Core\Src\fdcan.c
2026-01-10 14:27:00,974 [INFO] CodeEngine:255 - oldGeneratedFile, C:\Users\kamil\STM32CubeIDE\workspace_1.17.0\STM32H743IIT6-projects\Rower elektryczny\Core\Inc\fdcan.h_save
2026-01-10 14:27:01,068 [INFO] CodeEngine:279 - Generated code: C:\Users\kamil\STM32CubeIDE\workspace_1.17.0\STM32H743IIT6-projects\Rower elektryczny\Core\Inc\fdcan.h
2026-01-10 14:27:01,095 [INFO] CodeEngine:255 - oldGeneratedFile, C:\Users\kamil\STM32CubeIDE\workspace_1.17.0\STM32H743IIT6-projects\Rower elektryczny\Core\Src\fmc.c_save
2026-01-10 14:27:01,218 [INFO] CodeEngine:279 - Generated code: C:\Users\kamil\STM32CubeIDE\workspace_1.17.0\STM32H743IIT6-projects\Rower elektryczny\Core\Src\fmc.c
2026-01-10 14:27:01,248 [INFO] CodeEngine:255 - oldGeneratedFile, C:\Users\kamil\STM32CubeIDE\workspace_1.17.0\STM32H743IIT6-projects\Rower elektryczny\Core\Inc\fmc.h_save
2026-01-10 14:27:01,336 [INFO] CodeEngine:279 - Generated code: C:\Users\kamil\STM32CubeIDE\workspace_1.17.0\STM32H743IIT6-projects\Rower elektryczny\Core\Inc\fmc.h
2026-01-10 14:27:01,373 [INFO] CodeEngine:255 - oldGeneratedFile, C:\Users\kamil\STM32CubeIDE\workspace_1.17.0\STM32H743IIT6-projects\Rower elektryczny\Core\Src\i2c.c_save
2026-01-10 14:27:01,509 [INFO] CodeEngine:279 - Generated code: C:\Users\kamil\STM32CubeIDE\workspace_1.17.0\STM32H743IIT6-projects\Rower elektryczny\Core\Src\i2c.c
2026-01-10 14:27:01,521 [INFO] CodeEngine:255 - oldGeneratedFile, C:\Users\kamil\STM32CubeIDE\workspace_1.17.0\STM32H743IIT6-projects\Rower elektryczny\Core\Inc\i2c.h_save
2026-01-10 14:27:01,597 [INFO] CodeEngine:279 - Generated code: C:\Users\kamil\STM32CubeIDE\workspace_1.17.0\STM32H743IIT6-projects\Rower elektryczny\Core\Inc\i2c.h
2026-01-10 14:27:01,623 [INFO] CodeEngine:255 - oldGeneratedFile, C:\Users\kamil\STM32CubeIDE\workspace_1.17.0\STM32H743IIT6-projects\Rower elektryczny\Core\Src\ltdc.c_save
2026-01-10 14:27:01,728 [INFO] CodeEngine:279 - Generated code: C:\Users\kamil\STM32CubeIDE\workspace_1.17.0\STM32H743IIT6-projects\Rower elektryczny\Core\Src\ltdc.c
2026-01-10 14:27:01,737 [INFO] CodeEngine:255 - oldGeneratedFile, C:\Users\kamil\STM32CubeIDE\workspace_1.17.0\STM32H743IIT6-projects\Rower elektryczny\Core\Inc\ltdc.h_save
2026-01-10 14:27:01,823 [INFO] CodeEngine:279 - Generated code: C:\Users\kamil\STM32CubeIDE\workspace_1.17.0\STM32H743IIT6-projects\Rower elektryczny\Core\Inc\ltdc.h
2026-01-10 14:27:01,857 [INFO] CodeEngine:255 - oldGeneratedFile, C:\Users\kamil\STM32CubeIDE\workspace_1.17.0\STM32H743IIT6-projects\Rower elektryczny\Core\Src\memorymap.c_save
2026-01-10 14:27:01,947 [INFO] CodeEngine:279 - Generated code: C:\Users\kamil\STM32CubeIDE\workspace_1.17.0\STM32H743IIT6-projects\Rower elektryczny\Core\Src\memorymap.c
2026-01-10 14:27:01,963 [INFO] CodeEngine:255 - oldGeneratedFile, C:\Users\kamil\STM32CubeIDE\workspace_1.17.0\STM32H743IIT6-projects\Rower elektryczny\Core\Inc\memorymap.h_save
2026-01-10 14:27:02,054 [INFO] CodeEngine:279 - Generated code: C:\Users\kamil\STM32CubeIDE\workspace_1.17.0\STM32H743IIT6-projects\Rower elektryczny\Core\Inc\memorymap.h
2026-01-10 14:27:02,087 [INFO] CodeEngine:255 - oldGeneratedFile, C:\Users\kamil\STM32CubeIDE\workspace_1.17.0\STM32H743IIT6-projects\Rower elektryczny\Core\Src\quadspi.c_save
2026-01-10 14:27:02,224 [INFO] CodeEngine:279 - Generated code: C:\Users\kamil\STM32CubeIDE\workspace_1.17.0\STM32H743IIT6-projects\Rower elektryczny\Core\Src\quadspi.c
2026-01-10 14:27:02,233 [INFO] CodeEngine:255 - oldGeneratedFile, C:\Users\kamil\STM32CubeIDE\workspace_1.17.0\STM32H743IIT6-projects\Rower elektryczny\Core\Inc\quadspi.h_save
2026-01-10 14:27:02,297 [INFO] CodeEngine:279 - Generated code: C:\Users\kamil\STM32CubeIDE\workspace_1.17.0\STM32H743IIT6-projects\Rower elektryczny\Core\Inc\quadspi.h
2026-01-10 14:27:02,335 [INFO] CodeEngine:255 - oldGeneratedFile, C:\Users\kamil\STM32CubeIDE\workspace_1.17.0\STM32H743IIT6-projects\Rower elektryczny\Core\Src\stm32h7xx_it.c_save
2026-01-10 14:27:02,473 [INFO] CodeEngine:279 - Generated code: C:\Users\kamil\STM32CubeIDE\workspace_1.17.0\STM32H743IIT6-projects\Rower elektryczny\Core\Src\stm32h7xx_it.c
2026-01-10 14:27:02,481 [INFO] CodeEngine:255 - oldGeneratedFile, C:\Users\kamil\STM32CubeIDE\workspace_1.17.0\STM32H743IIT6-projects\Rower elektryczny\Core\Inc\stm32h7xx_it.h_save
2026-01-10 14:27:02,540 [INFO] CodeEngine:279 - Generated code: C:\Users\kamil\STM32CubeIDE\workspace_1.17.0\STM32H743IIT6-projects\Rower elektryczny\Core\Inc\stm32h7xx_it.h
2026-01-10 14:27:02,918 [INFO] CodeEngine:255 - oldGeneratedFile, C:\Users\kamil\STM32CubeIDE\workspace_1.17.0\STM32H743IIT6-projects\Rower elektryczny\Core\Src\stm32h7xx_hal_msp.c_save
2026-01-10 14:27:03,067 [INFO] CodeEngine:279 - Generated code: C:\Users\kamil\STM32CubeIDE\workspace_1.17.0\STM32H743IIT6-projects\Rower elektryczny\Core\Src\stm32h7xx_hal_msp.c
2026-01-10 14:27:03,072 [INFO] CodeEngine:255 - oldGeneratedFile, C:\Users\kamil\STM32CubeIDE\workspace_1.17.0\STM32H743IIT6-projects\Rower elektryczny\MXTmpFiles\system.tmp_save
2026-01-10 14:27:03,188 [INFO] CodeEngine:279 - Generated code: C:\Users\kamil\STM32CubeIDE\workspace_1.17.0\STM32H743IIT6-projects\Rower elektryczny\MXTmpFiles\system.tmp
2026-01-10 14:27:03,225 [INFO] CodeEngine:311 - oldGeneratedFile, C:\Users\kamil\STM32CubeIDE\workspace_1.17.0\STM32H743IIT6-projects\Rower elektryczny\Core\Inc\stm32h7xx_hal_conf.h_save
2026-01-10 14:27:03,365 [INFO] CodeEngine:335 - Generated code: C:\Users\kamil\STM32CubeIDE\workspace_1.17.0\STM32H743IIT6-projects\Rower elektryczny\Core\Inc\stm32h7xx_hal_conf.h
2026-01-10 14:27:03,444 [INFO] ApiDbMcu:508 - Load IP Config File for CRC
2026-01-10 14:27:03,448 [INFO] ApiDbMcu:508 - Load IP Config File for DMA2D
2026-01-10 14:27:03,458 [INFO] ApiDbMcu:508 - Load IP Config File for FDCAN1
2026-01-10 14:27:03,469 [INFO] ApiDbMcu:508 - Load IP Config File for FMC
2026-01-10 14:27:03,474 [INFO] ApiDbMcu:508 - Load IP Config File for I2C2
2026-01-10 14:27:03,479 [INFO] ApiDbMcu:508 - Load IP Config File for I2C4
2026-01-10 14:27:03,483 [INFO] ApiDbMcu:508 - Load IP Config File for LTDC
2026-01-10 14:27:03,485 [ERROR] ApiDbMcu:464 - Can't load MEMORYMAP-STM32xx root dir null
2026-01-10 14:27:03,485 [ERROR] ApiDbMcu:536 - Cannot parse MEMORYMAP_Config file : file do not exist
2026-01-10 14:27:03,488 [INFO] ApiDbMcu:508 - Load IP Config File for QUADSPI
2026-01-10 14:27:03,494 [INFO] ApiDbMcu:508 - Load IP Config File for RCC
2026-01-10 14:27:03,529 [INFO] CodeEngine:255 - oldGeneratedFile, C:\Users\kamil\STM32CubeIDE\workspace_1.17.0\STM32H743IIT6-projects\Rower elektryczny\Core\Inc\main.h_save
2026-01-10 14:27:03,683 [INFO] CodeEngine:279 - Generated code: C:\Users\kamil\STM32CubeIDE\workspace_1.17.0\STM32H743IIT6-projects\Rower elektryczny\Core\Inc\main.h
2026-01-10 14:27:03,704 [INFO] CodeEngine:255 - oldGeneratedFile, C:\Users\kamil\STM32CubeIDE\workspace_1.17.0\STM32H743IIT6-projects\Rower elektryczny\Core\Src\main.c_save
2026-01-10 14:27:03,850 [INFO] CodeEngine:279 - Generated code: C:\Users\kamil\STM32CubeIDE\workspace_1.17.0\STM32H743IIT6-projects\Rower elektryczny\Core\Src\main.c
2026-01-10 14:27:04,398 [INFO] ProjectBuilder:3289 - Time for Copy HAL[1] : 365mS.
2026-01-10 14:27:04,417 [INFO] ProjectBuilder:4876 - Project Generator version: 4.5.0-RC5
2026-01-10 14:27:04,498 [INFO] ConfigFileManager:1579 - The Die is : DIE450
2026-01-10 14:27:04,502 [INFO] ApiDbMcu:508 - Load IP Config File for FATFS
2026-01-10 14:27:04,506 [INFO] ApiDbMcu:508 - Load IP Config File for FREERTOS
2026-01-10 14:27:04,509 [INFO] ApiDbMcu:508 - Load IP Config File for LIBJPEG
2026-01-10 14:27:04,515 [INFO] ApiDbMcu:508 - Load IP Config File for LWIP
2026-01-10 14:27:04,521 [INFO] ApiDbMcu:508 - Load IP Config File for MBEDTLS
2026-01-10 14:27:04,529 [INFO] ApiDbMcu:508 - Load IP Config File for USB_DEVICE
2026-01-10 14:27:04,532 [INFO] ApiDbMcu:508 - Load IP Config File for USB_HOST
2026-01-10 14:27:04,949 [INFO] LogOutputStream:77 - [STDOUT_REDIRECT] 
2026-01-10 14:27:06,246 [INFO] ProjectBuilder:5154 - Time for Generating toolchain IDE Files: 1828mS.
2026-01-10 14:27:06,248 [INFO] ProjectBuilder:3146 - Time for Copy CMSIS : 2mS.
2026-01-10 14:27:06,251 [INFO] ProjectBuilder:3146 - Time for Copy CMSIS : 0mS.
2026-01-10 14:29:17,987 [ERROR] LogOutputStream:75 - [STDERR_REDIRECT] 
2026-01-10 14:29:44,895 [INFO] Activator:176 - 


2026-01-10 14:29:44,898 [INFO] Activator:177 - !SESSION log4j initialized
2026-01-10 14:29:51,400 [INFO] LogOutputStream:77 - [STDOUT_REDIRECT] 
2026-01-10 14:35:05,429 [INFO] ApplicationProperties:184 - Using Application install path: C:\ST\STM32CubeIDE_1.17.0\STM32CubeIDE\plugins\com.st.stm32cube.common.mx_6.13.0.202411220809
2026-01-10 14:35:05,450 [INFO] DbMcusXml:78 - Set database path to: C:\ST\STM32CubeIDE_1.17.0\STM32CubeIDE\plugins\com.st.stm32cube.common.mx_6.13.0.202411220809\\db\/mcu/
2026-01-10 14:35:05,450 [INFO] ApiDb:274 - Set plugin database path to: C:\ST\STM32CubeIDE_1.17.0\STM32CubeIDE\plugins\com.st.stm32cube.common.mx_6.13.0.202411220809\\db\/plugins/boardmanager/
2026-01-10 14:35:05,450 [WARN] ApiDb:259 - Overriding images path with different value:  => C:\ST\STM32CubeIDE_1.17.0\STM32CubeIDE\plugins\com.st.stm32cube.common.mx_6.13.0.202411220809\\db\/plugins/mcufinder/images/
2026-01-10 14:35:05,459 [INFO] ApiDb:250 - Set database path to: C:\Users\kamil\.stmcufinder\plugins\mcufinder//mcu/
2026-01-10 14:35:05,460 [INFO] DbMcusAds:125 - Set database path to: C:\Users\kamil\.stmcufinder\plugins\mcufinder//mcu/
2026-01-10 14:35:05,472 [INFO] CrossReferenceDbSqlite:203 - Set database path to: C:\Users\kamil\.stmcufinder\plugins\mcufinder//mcu/cs/
2026-01-10 14:35:05,675 [INFO] RulesReader:64 - Compatibility file has been processed (297 Rules)
2026-01-10 14:35:05,843 [INFO] DbMcusXml:78 - Set database path to: C:\ST\STM32CubeIDE_1.17.0\STM32CubeIDE\plugins\com.st.stm32cube.common.mx_6.13.0.202411220809\\db\/mcu/
2026-01-10 14:35:05,843 [INFO] ApiDb:274 - Set plugin database path to: C:\ST\STM32CubeIDE_1.17.0\STM32CubeIDE\plugins\com.st.stm32cube.common.mx_6.13.0.202411220809\\db\/plugins/boardmanager/
2026-01-10 14:35:05,843 [INFO] ApiDb:261 - Set plugin images path to: C:\ST\STM32CubeIDE_1.17.0\STM32CubeIDE\plugins\com.st.stm32cube.common.mx_6.13.0.202411220809\\db\/plugins/mcufinder/images/
2026-01-10 14:35:05,844 [WARN] DbFile:41 - Overriding database path with different value: C:\Users\kamil\.stmcufinder\plugins\mcufinder/ => C:\Users\kamil\.stmcufinder\plugins\mcufinder
2026-01-10 14:35:05,844 [INFO] ApiDb:250 - Set database path to: C:\Users\kamil\.stmcufinder\plugins\mcufinder//mcu/
2026-01-10 14:35:05,844 [WARN] DbFile:41 - Overriding database path with different value: C:\Users\kamil\.stmcufinder\plugins\mcufinder/ => C:\Users\kamil\.stmcufinder\plugins\mcufinder
2026-01-10 14:35:05,844 [INFO] DbMcusAds:125 - Set database path to: C:\Users\kamil\.stmcufinder\plugins\mcufinder//mcu/
2026-01-10 14:35:05,844 [WARN] DbFile:41 - Overriding database path with different value: C:\Users\kamil\.stmcufinder\plugins\mcufinder/ => C:\Users\kamil\.stmcufinder\plugins\mcufinder
2026-01-10 14:35:05,844 [WARN] DbFile:41 - Overriding database path with different value: C:\Users\kamil\.stmcufinder\plugins\mcufinder/ => C:\Users\kamil\.stmcufinder\plugins\mcufinder
2026-01-10 14:35:05,844 [INFO] CrossReferenceDbSqlite:203 - Set database path to: C:\Users\kamil\.stmcufinder\plugins\mcufinder//mcu/cs/
2026-01-10 14:35:05,940 [INFO] MainPanel:272 - HeapMemory: 298844160
2026-01-10 14:35:06,039 [INFO] DbMcusXml:78 - Set database path to: C:\ST\STM32CubeIDE_1.17.0\STM32CubeIDE\plugins\com.st.stm32cube.common.mx_6.13.0.202411220809\\db\/mcu/
2026-01-10 14:35:06,039 [INFO] ApiDb:274 - Set plugin database path to: C:\ST\STM32CubeIDE_1.17.0\STM32CubeIDE\plugins\com.st.stm32cube.common.mx_6.13.0.202411220809\\db\/plugins/boardmanager/
2026-01-10 14:35:06,039 [INFO] ApiDb:261 - Set plugin images path to: C:\ST\STM32CubeIDE_1.17.0\STM32CubeIDE\plugins\com.st.stm32cube.common.mx_6.13.0.202411220809\\db\/plugins/mcufinder/images/
2026-01-10 14:35:06,040 [WARN] DbFile:41 - Overriding database path with different value: C:\Users\kamil\.stmcufinder\plugins\mcufinder/ => C:\Users\kamil\.stmcufinder\plugins\mcufinder
2026-01-10 14:35:06,040 [INFO] ApiDb:250 - Set database path to: C:\Users\kamil\.stmcufinder\plugins\mcufinder//mcu/
2026-01-10 14:35:06,040 [WARN] DbFile:41 - Overriding database path with different value: C:\Users\kamil\.stmcufinder\plugins\mcufinder/ => C:\Users\kamil\.stmcufinder\plugins\mcufinder
2026-01-10 14:35:06,040 [INFO] DbMcusAds:125 - Set database path to: C:\Users\kamil\.stmcufinder\plugins\mcufinder//mcu/
2026-01-10 14:35:06,040 [WARN] DbFile:41 - Overriding database path with different value: C:\Users\kamil\.stmcufinder\plugins\mcufinder/ => C:\Users\kamil\.stmcufinder\plugins\mcufinder
2026-01-10 14:35:06,040 [WARN] DbFile:41 - Overriding database path with different value: C:\Users\kamil\.stmcufinder\plugins\mcufinder/ => C:\Users\kamil\.stmcufinder\plugins\mcufinder
2026-01-10 14:35:06,040 [INFO] CrossReferenceDbSqlite:203 - Set database path to: C:\Users\kamil\.stmcufinder\plugins\mcufinder//mcu/cs/
2026-01-10 14:35:06,073 [INFO] ApplicationProperties:184 - Using Application install path: C:\ST\STM32CubeIDE_1.17.0\STM32CubeIDE\plugins\com.st.stm32cube.common.mx_6.13.0.202411220809
2026-01-10 14:35:06,075 [INFO] PluginManage:196 - Search for loadable plugins [exclusion list=, ]
2026-01-10 14:35:06,076 [INFO] PluginManage:310 - Check plugin analytics
2026-01-10 14:35:06,363 [INFO] AnalyticsPlugin:253 - Accepted Software Licenses: 
2026-01-10 14:35:06,364 [INFO] AnalyticsPlugin:255 - Accepted CMSIS Pack Licenses: 
2026-01-10 14:35:06,364 [INFO] AnalyticsPlugin:257 - Accepted Firmware Licenses: FW.F7.1.17.0,FW.H7.1.12.0
2026-01-10 14:35:06,372 [INFO] PluginManage:359 - Loaded plugin analytics (category:tool,tabindex:-1)
2026-01-10 14:35:06,372 [INFO] PluginManage:310 - Check plugin cadmodel
2026-01-10 14:35:06,380 [INFO] CADModel:105 - Init CAD model plugin
2026-01-10 14:35:06,381 [INFO] PluginManage:359 - Loaded plugin cadmodel (category:power,tabindex:5)
2026-01-10 14:35:06,381 [INFO] PluginManage:310 - Check plugin clock
2026-01-10 14:35:06,411 [INFO] PluginManage:359 - Loaded plugin clock (category:base,tabindex:2)
2026-01-10 14:35:06,412 [INFO] PluginManage:310 - Check plugin ddr
2026-01-10 14:35:06,416 [INFO] PluginManage:359 - Loaded plugin ddr (category:tool,tabindex:6)
2026-01-10 14:35:06,417 [INFO] PluginManage:310 - Check plugin filemanager
2026-01-10 14:35:06,606 [INFO] PluginManage:359 - Loaded plugin filemanager (category:base,tabindex:10)
2026-01-10 14:35:06,606 [INFO] PluginManage:310 - Check plugin ipmanager
2026-01-10 14:35:06,616 [INFO] PluginManage:359 - Loaded plugin ipmanager (category:base,tabindex:5)
2026-01-10 14:35:06,616 [INFO] PluginManage:310 - Check plugin lpbam
2026-01-10 14:35:06,627 [INFO] PluginManage:359 - Loaded plugin lpbam (category:base,tabindex:0)
2026-01-10 14:35:06,627 [INFO] PluginManage:310 - Check plugin memorymap
2026-01-10 14:35:06,649 [INFO] PluginManage:359 - Loaded plugin memorymap (category:base,tabindex:4)
2026-01-10 14:35:06,649 [INFO] PluginManage:310 - Check plugin pinoutandconfiguration
2026-01-10 14:35:06,658 [INFO] PluginManage:359 - Loaded plugin pinoutandconfiguration (category:base,tabindex:1)
2026-01-10 14:35:06,658 [INFO] PluginManage:310 - Check plugin pinoutconfig
2026-01-10 14:35:06,787 [WARN] SupportedApi:132 - Cannot load RTOS API schema: s4s-elt-must-match.1: The content of 'definitions' must match (annotation?, (simpleType | complexType)?, (unique | key | keyref)*)). A problem was found starting at: attribute.
2026-01-10 14:35:06,983 [INFO] PluginManage:359 - Loaded plugin pinoutconfig (category:base,tabindex:0)
2026-01-10 14:35:06,984 [INFO] PluginManage:310 - Check plugin power
2026-01-10 14:35:06,996 [INFO] PluginManage:359 - Loaded plugin power (category:power,tabindex:4)
2026-01-10 14:35:06,996 [INFO] PluginManage:310 - Check plugin projectmanager
2026-01-10 14:35:07,014 [INFO] PluginManage:359 - Loaded plugin projectmanager (category:projectmanager,tabindex:4)
2026-01-10 14:35:07,014 [INFO] PluginManage:310 - Check plugin rif
2026-01-10 14:35:07,020 [INFO] PluginManage:359 - Loaded plugin rif (category:base,tabindex:3)
2026-01-10 14:35:07,020 [INFO] PluginManage:310 - Check plugin thirdparty
2026-01-10 14:35:07,219 [WARN] IntegrityCheckThread:84 - waiting for thirdparty lock release [integrity check]
2026-01-10 14:35:07,220 [INFO] IntegrityCheckThread:86 - entering critical section [integrity check]
2026-01-10 14:35:07,221 [INFO] ThirdPartyUpdaterWithRetryManager:70 - Updater plugin not ready yet. [1/15]
2026-01-10 14:35:07,222 [INFO] PluginManage:359 - Loaded plugin thirdparty (category:base,tabindex:-1)
2026-01-10 14:35:07,222 [INFO] PluginManage:310 - Check plugin tools
2026-01-10 14:35:07,226 [INFO] PluginManage:359 - Loaded plugin tools (category:base,tabindex:7)
2026-01-10 14:35:07,227 [INFO] PluginManage:310 - Check plugin tutovideos
2026-01-10 14:35:07,455 [INFO] PluginManage:359 - Loaded plugin tutovideos (category:base,tabindex:-1)
2026-01-10 14:35:07,456 [INFO] PluginManage:310 - Check plugin updater
2026-01-10 14:35:07,490 [INFO] PluginManage:359 - Loaded plugin updater (category:base,tabindex:12)
2026-01-10 14:35:07,490 [INFO] PluginManage:310 - Check plugin userauth
2026-01-10 14:35:07,496 [INFO] UserAuth:118 - Init User Auth plugin
2026-01-10 14:35:07,496 [INFO] PluginManage:359 - Loaded plugin userauth (category:base,tabindex:14)
2026-01-10 14:35:07,497 [INFO] PluginManage:283 - PluginManage : Loaded plugins [18]
2026-01-10 14:35:07,799 [INFO] PinOutPanel:1589 - setPackage(No Configuration,No Configuration)
2026-01-10 14:35:07,921 [INFO] CADModel:165 - CPN selected for project level
2026-01-10 14:35:07,922 [INFO] CADModel:114 - Register for checkConnection events
2026-01-10 14:35:07,949 [INFO] IPUIPlugin:80 - create IPUIPlugin
2026-01-10 14:35:07,949 [INFO] PluginManager:220 - loadIPPluginJar : add adc
2026-01-10 14:35:07,952 [INFO] IPUIPlugin:80 - create IPUIPlugin
2026-01-10 14:35:07,952 [INFO] PluginManager:220 - loadIPPluginJar : add aes
2026-01-10 14:35:07,956 [INFO] IPUIPlugin:80 - create IPUIPlugin
2026-01-10 14:35:07,956 [INFO] PluginManager:220 - loadIPPluginJar : add can
2026-01-10 14:35:07,957 [INFO] IPUIPlugin:80 - create IPUIPlugin
2026-01-10 14:35:07,958 [INFO] PluginManager:220 - loadIPPluginJar : add comp
2026-01-10 14:35:07,960 [INFO] IPUIPlugin:80 - create IPUIPlugin
2026-01-10 14:35:07,960 [INFO] PluginManager:220 - loadIPPluginJar : add cryp
2026-01-10 14:35:07,963 [INFO] IPUIPlugin:80 - create IPUIPlugin
2026-01-10 14:35:07,963 [INFO] PluginManager:220 - loadIPPluginJar : add ddr_ctrl_phy
2026-01-10 14:35:07,966 [INFO] IPUIPlugin:80 - create IPUIPlugin
2026-01-10 14:35:07,966 [INFO] PluginManager:220 - loadIPPluginJar : add dfsdm
2026-01-10 14:35:07,971 [INFO] IPUIPlugin:80 - create IPUIPlugin
2026-01-10 14:35:07,972 [INFO] PluginManager:220 - loadIPPluginJar : add dma
2026-01-10 14:35:07,975 [INFO] IPUIPlugin:80 - create IPUIPlugin
2026-01-10 14:35:07,975 [INFO] PluginManager:220 - loadIPPluginJar : add dma3
2026-01-10 14:35:07,979 [INFO] IPUIPlugin:80 - create IPUIPlugin
2026-01-10 14:35:07,979 [INFO] PluginManager:220 - loadIPPluginJar : add extmemmanager
2026-01-10 14:35:07,980 [INFO] IPUIPlugin:80 - create IPUIPlugin
2026-01-10 14:35:07,981 [INFO] PluginManager:220 - loadIPPluginJar : add fatfs
2026-01-10 14:35:07,987 [INFO] IPUIPlugin:80 - create IPUIPlugin
2026-01-10 14:35:07,988 [INFO] PluginManager:220 - loadIPPluginJar : add fmc
2026-01-10 14:35:07,994 [INFO] IPUIPlugin:80 - create IPUIPlugin
2026-01-10 14:35:07,994 [INFO] PluginManager:220 - loadIPPluginJar : add freertos
2026-01-10 14:35:07,996 [INFO] IPUIPlugin:80 - create IPUIPlugin
2026-01-10 14:35:07,996 [INFO] PluginManager:220 - loadIPPluginJar : add genericplugin
2026-01-10 14:35:07,999 [INFO] IPUIPlugin:80 - create IPUIPlugin
2026-01-10 14:35:07,999 [INFO] PluginManager:220 - loadIPPluginJar : add gfxmmu
2026-01-10 14:35:08,006 [INFO] IPUIPlugin:80 - create IPUIPlugin
2026-01-10 14:35:08,006 [INFO] PluginManager:220 - loadIPPluginJar : add gic
2026-01-10 14:35:08,010 [INFO] IPUIPlugin:80 - create IPUIPlugin
2026-01-10 14:35:08,011 [INFO] PluginManager:220 - loadIPPluginJar : add gpio
2026-01-10 14:35:08,013 [INFO] IPUIPlugin:80 - create IPUIPlugin
2026-01-10 14:35:08,013 [INFO] PluginManager:220 - loadIPPluginJar : add gtzc
2026-01-10 14:35:08,015 [INFO] IPUIPlugin:80 - create IPUIPlugin
2026-01-10 14:35:08,016 [INFO] PluginManager:220 - loadIPPluginJar : add hash
2026-01-10 14:35:08,018 [INFO] IPUIPlugin:80 - create IPUIPlugin
2026-01-10 14:35:08,018 [INFO] PluginManager:220 - loadIPPluginJar : add i2c
2026-01-10 14:35:08,020 [INFO] IPUIPlugin:80 - create IPUIPlugin
2026-01-10 14:35:08,020 [INFO] PluginManager:220 - loadIPPluginJar : add i2s
2026-01-10 14:35:08,023 [INFO] IPUIPlugin:80 - create IPUIPlugin
2026-01-10 14:35:08,024 [INFO] PluginManager:220 - loadIPPluginJar : add i3c
2026-01-10 14:35:08,027 [INFO] IPUIPlugin:80 - create IPUIPlugin
2026-01-10 14:35:08,027 [INFO] PluginManager:220 - loadIPPluginJar : add ipddr
2026-01-10 14:35:08,033 [INFO] IPUIPlugin:80 - create IPUIPlugin
2026-01-10 14:35:08,033 [INFO] PluginManager:220 - loadIPPluginJar : add linkedlist
2026-01-10 14:35:08,036 [INFO] IPUIPlugin:80 - create IPUIPlugin
2026-01-10 14:35:08,036 [INFO] PluginManager:220 - loadIPPluginJar : add lorawan
2026-01-10 14:35:08,037 [INFO] IPUIPlugin:80 - create IPUIPlugin
2026-01-10 14:35:08,038 [INFO] PluginManager:220 - loadIPPluginJar : add ltdc
2026-01-10 14:35:08,042 [INFO] IPUIPlugin:80 - create IPUIPlugin
2026-01-10 14:35:08,042 [INFO] PluginManager:220 - loadIPPluginJar : add mdma
2026-01-10 14:35:08,045 [INFO] IPUIPlugin:80 - create IPUIPlugin
2026-01-10 14:35:08,045 [INFO] PluginManager:220 - loadIPPluginJar : add nvic
2026-01-10 14:35:08,049 [INFO] IPUIPlugin:80 - create IPUIPlugin
2026-01-10 14:35:08,049 [INFO] PluginManager:220 - loadIPPluginJar : add opamp
2026-01-10 14:35:08,052 [INFO] IPUIPlugin:80 - create IPUIPlugin
2026-01-10 14:35:08,052 [INFO] PluginManager:220 - loadIPPluginJar : add openamp
2026-01-10 14:35:08,055 [INFO] IPUIPlugin:80 - create IPUIPlugin
2026-01-10 14:35:08,055 [INFO] PluginManager:220 - loadIPPluginJar : add pdm2pcm
2026-01-10 14:35:08,062 [INFO] IPUIPlugin:80 - create IPUIPlugin
2026-01-10 14:35:08,065 [INFO] PluginManager:220 - loadIPPluginJar : add plateformsettings
2026-01-10 14:35:08,068 [INFO] IPUIPlugin:80 - create IPUIPlugin
2026-01-10 14:35:08,068 [INFO] PluginManager:220 - loadIPPluginJar : add quadspi
2026-01-10 14:35:08,072 [INFO] IPUIPlugin:80 - create IPUIPlugin
2026-01-10 14:35:08,074 [INFO] PluginManager:220 - loadIPPluginJar : add radio
2026-01-10 14:35:08,079 [INFO] IPUIPlugin:80 - create IPUIPlugin
2026-01-10 14:35:08,079 [INFO] PluginManager:220 - loadIPPluginJar : add resmgrutility
2026-01-10 14:35:08,083 [INFO] IPUIPlugin:80 - create IPUIPlugin
2026-01-10 14:35:08,084 [INFO] PluginManager:220 - loadIPPluginJar : add sai
2026-01-10 14:35:08,086 [INFO] IPUIPlugin:80 - create IPUIPlugin
2026-01-10 14:35:08,087 [INFO] PluginManager:220 - loadIPPluginJar : add spi
2026-01-10 14:35:08,094 [INFO] IPUIPlugin:80 - create IPUIPlugin
2026-01-10 14:35:08,094 [INFO] PluginManager:220 - loadIPPluginJar : add stm32_wpan
2026-01-10 14:35:08,097 [INFO] IPUIPlugin:80 - create IPUIPlugin
2026-01-10 14:35:08,097 [INFO] PluginManager:220 - loadIPPluginJar : add tim
2026-01-10 14:35:08,100 [INFO] IPUIPlugin:80 - create IPUIPlugin
2026-01-10 14:35:08,101 [INFO] PluginManager:220 - loadIPPluginJar : add touchsensing
2026-01-10 14:35:08,104 [INFO] IPUIPlugin:80 - create IPUIPlugin
2026-01-10 14:35:08,104 [INFO] PluginManager:220 - loadIPPluginJar : add tracer_emb
2026-01-10 14:35:08,106 [INFO] IPUIPlugin:80 - create IPUIPlugin
2026-01-10 14:35:08,106 [INFO] PluginManager:220 - loadIPPluginJar : add ts
2026-01-10 14:35:08,108 [INFO] IPUIPlugin:80 - create IPUIPlugin
2026-01-10 14:35:08,108 [INFO] PluginManager:220 - loadIPPluginJar : add tsc
2026-01-10 14:35:08,110 [INFO] IPUIPlugin:80 - create IPUIPlugin
2026-01-10 14:35:08,110 [INFO] PluginManager:220 - loadIPPluginJar : add ucpd
2026-01-10 14:35:08,114 [INFO] IPUIPlugin:80 - create IPUIPlugin
2026-01-10 14:35:08,114 [INFO] PluginManager:220 - loadIPPluginJar : add usart
2026-01-10 14:35:08,117 [INFO] IPUIPlugin:80 - create IPUIPlugin
2026-01-10 14:35:08,118 [INFO] PluginManager:220 - loadIPPluginJar : add usbx
2026-01-10 14:35:08,253 [FATAL] Updater:351 - Updater called before beeing initialized
2026-01-10 14:35:08,300 [INFO] RulesReader:64 - Compatibility file has been processed (297 Rules)
2026-01-10 14:35:08,316 [INFO] RulesReader:64 - Compatibility file has been processed (297 Rules)
2026-01-10 14:35:08,337 [INFO] CADModel:165 - CPN selected for project level
2026-01-10 14:35:08,337 [INFO] CADModel:114 - Register for checkConnection events
2026-01-10 14:35:08,337 [FATAL] Updater:351 - Updater called before beeing initialized
2026-01-10 14:35:08,337 [ERROR] CADModel:125 - Updater not yet initialized, retry later 
2026-01-10 14:35:08,553 [FATAL] Updater:351 - Updater called before beeing initialized
2026-01-10 14:35:08,554 [INFO] CADModel:165 - CPN selected for project level
2026-01-10 14:35:08,555 [INFO] CADModel:114 - Register for checkConnection events
2026-01-10 14:35:08,555 [FATAL] Updater:351 - Updater called before beeing initialized
2026-01-10 14:35:08,555 [ERROR] CADModel:125 - Updater not yet initialized, retry later 
2026-01-10 14:35:08,558 [FATAL] Updater:351 - Updater called before beeing initialized
2026-01-10 14:35:08,676 [FATAL] Updater:351 - Updater called before beeing initialized
2026-01-10 14:35:08,680 [INFO] DbMcusAds:53 - JSON generation date=Tue Dec 16 00:11:46 CET 2025 (1765840306612)
2026-01-10 14:35:08,680 [FATAL] Updater:351 - Updater called before beeing initialized
2026-01-10 14:35:08,718 [WARN] DetailPanel:346 - Failed to get advertising image, set to default
2026-01-10 14:35:08,995 [FATAL] Updater:351 - Updater called before beeing initialized
2026-01-10 14:35:08,998 [FATAL] Updater:351 - Updater called before beeing initialized
2026-01-10 14:35:08,998 [FATAL] Updater:351 - Updater called before beeing initialized
2026-01-10 14:35:08,998 [WARN] DetailPanel:346 - Failed to get advertising image, set to default
2026-01-10 14:35:08,999 [FATAL] Updater:351 - Updater called before beeing initialized
2026-01-10 14:35:09,054 [ERROR] Updater:1198 - MainUpdater not yet initialized. External WinMGr cannot be set.
2026-01-10 14:35:09,056 [INFO] Updater:1134 - Updater Version found : 6.13.0
2026-01-10 14:35:09,073 [INFO] ApplicationProperties:184 - Using Application install path: C:\ST\STM32CubeIDE_1.17.0\STM32CubeIDE\plugins\com.st.stm32cube.common.mx_6.13.0.202411220809
2026-01-10 14:35:09,466 [INFO] MainUpdater:2872 - connection check result : 10
2026-01-10 14:35:09,467 [INFO] MainUpdater:289 - Updater Check For Update Now.
2026-01-10 14:35:09,467 [INFO] MicroXplorer:498 - Change Database Version : DB.6.0.130
2026-01-10 14:35:09,474 [INFO] McuFinderGlobals:63 - Set McuFinder mode to 2 (CubeIDE integrated)
2026-01-10 14:35:09,474 [INFO] UserAuth:171 - activating auth plugin
2026-01-10 14:35:09,479 [INFO] UserAuth:486 - Internet connection configuration mode: 1
2026-01-10 14:35:09,534 [INFO] JxBrowserEngine:152 - Initiate JxBrowser Engine with user profile folder
2026-01-10 14:35:09,717 [INFO] CheckServerUpdateThread:120 - End of CheckServer Thread
2026-01-10 14:35:10,543 [INFO] WebApp:168 - Instantiating new browser for Auth
2026-01-10 14:35:10,678 [WARN] PackLoader:240 - Cannot read IP mode file for STMicroelectronics.FP-SNS-MOTENVWB1.1.4.0
2026-01-10 14:35:10,695 [WARN] PackLoader:240 - Cannot read IP mode file for STMicroelectronics.FP-ATR-ASTRA1.2.0.2
2026-01-10 14:35:10,700 [WARN] PackLoader:240 - Cannot read IP mode file for STMicroelectronics.FP-ATR-ASTRA1.2.0.1
2026-01-10 14:35:10,744 [WARN] PackLoader:240 - Cannot read IP mode file for STMicroelectronics.X-CUBE-SMBUS.2.1.0
2026-01-10 14:35:10,762 [WARN] PackLoader:240 - Cannot read IP mode file for STMicroelectronics.X-CUBE-WB05N.1.1.0
2026-01-10 14:35:10,777 [WARN] PackLoader:240 - Cannot read IP mode file for STMicroelectronics.X-CUBE-ST60.1.0.0
2026-01-10 14:35:10,813 [WARN] PackLoader:240 - Cannot read IP mode file for STMicroelectronics.X-CUBE-AZRTOS-F7.1.1.0
2026-01-10 14:35:10,998 [WARN] PackLoader:240 - Cannot read IP mode file for STMicroelectronics.X-CUBE-MEMS1.11.0.0
2026-01-10 14:35:11,227 [ERROR] Engine:466 - C:\Users\kamil\.stm32cubemx\thirdparties\pdsc\STMicroelectronics.FP-SNS-MOTENV1.5.1.0.pdsc: PDSC version is not supported
2026-01-10 14:35:11,235 [WARN] PackLoader:240 - Cannot read IP mode file for STMicroelectronics.FP-SNS-FLIGHT1.5.0.2
2026-01-10 14:35:11,260 [WARN] PackLoader:240 - Cannot read IP mode file for STMicroelectronics.X-CUBE-AZRTOS-H7.3.4.0
2026-01-10 14:35:11,270 [WARN] PackLoader:240 - Cannot read IP mode file for STMicroelectronics.X-CUBE-DISPLAY.3.0.0
2026-01-10 14:35:11,278 [WARN] PackLoader:240 - Cannot read IP mode file for STMicroelectronics.X-CUBE-BLE1.7.0.0
2026-01-10 14:35:11,286 [WARN] PackLoader:240 - Cannot read IP mode file for STMicroelectronics.X-CUBE-NFC10.1.0.0
2026-01-10 14:35:11,303 [WARN] PackLoader:240 - Cannot read IP mode file for STMicroelectronics.X-CUBE-BLEMGR.4.0.0
2026-01-10 14:35:11,310 [WARN] PackLoader:240 - Cannot read IP mode file for STMicroelectronics.X-CUBE-ST60.1.1.0
2026-01-10 14:35:11,319 [WARN] PackLoader:240 - Cannot read IP mode file for emotas.I-CUBE-CANOPEN.1.3.0
2026-01-10 14:35:11,328 [WARN] PackLoader:240 - Cannot read IP mode file for STMicroelectronics.X-CUBE-GNSS1.7.1.0
2026-01-10 14:35:11,340 [WARN] PackLoader:240 - Cannot read IP mode file for STMicroelectronics.X-CUBE-BLEMGR.3.1.0
2026-01-10 14:35:11,348 [WARN] PackLoader:240 - Cannot read IP mode file for STMicroelectronics.X-CUBE-AI.10.0.0
2026-01-10 14:35:11,353 [ERROR] Engine:466 - C:\Users\kamil\.stm32cubemx\thirdparties\pdsc\STMicroelectronics.FP-SNS-STBOX1.2.1.0.pdsc: PDSC version is not supported
2026-01-10 14:35:11,359 [WARN] PackLoader:240 - Cannot read IP mode file for STMicroelectronics.FP-SNS-SMARTAG2.1.2.0
2026-01-10 14:35:11,364 [WARN] PackLoader:240 - Cannot read IP mode file for STMicroelectronics.FP-SNS-FLIGHT1.5.1.0
2026-01-10 14:35:11,406 [WARN] PackLoader:240 - Cannot read IP mode file for STMicroelectronics.X-CUBE-MEMS1.11.1.0
2026-01-10 14:35:11,520 [INFO] LogOutputStream:77 - [STDOUT_REDIRECT] 1 : Invalid condition id : UX_CORESTACK_Condition cause : null
2026-01-10 14:35:11,521 [INFO] LogOutputStream:77 - [STDOUT_REDIRECT] 1 : Invalid condition id : UX_CORESTACK_Condition cause : null
2026-01-10 14:35:11,523 [INFO] LogOutputStream:77 - [STDOUT_REDIRECT] 1 : Invalid condition id : UX_CORESTACK_Condition cause : null
2026-01-10 14:35:11,524 [INFO] LogOutputStream:77 - [STDOUT_REDIRECT] 1 : Invalid condition id : UX_CORESTACK_Condition cause : null
2026-01-10 14:35:11,526 [INFO] LogOutputStream:77 - [STDOUT_REDIRECT] 1 : Invalid condition id : UX_CORESTACK_Condition cause : null
2026-01-10 14:35:11,528 [WARN] PackLoader:240 - Cannot read IP mode file for STMicroelectronics.X-CUBE-AZRTOS-WL.2.0.0
2026-01-10 14:35:11,546 [WARN] PackLoader:240 - Cannot read IP mode file for STMicroelectronics.FP-SNS-MOTENV1.5.0.0
2026-01-10 14:35:11,565 [WARN] PackLoader:240 - Cannot read IP mode file for STMicroelectronics.X-CUBE-AZRTOS-H7RS.1.2.0
2026-01-10 14:35:11,581 [WARN] PackLoader:240 - Cannot read IP mode file for wolfSSL.I-CUBE-wolfMQTT.1.19.0
2026-01-10 14:35:11,594 [WARN] PackLoader:240 - Cannot read IP mode file for WES.I-CUBE-Cesium.1.3.0
2026-01-10 14:35:11,601 [WARN] PackLoader:240 - Cannot read IP mode file for STMicroelectronics.X-CUBE-BLE2.3.3.0
2026-01-10 14:35:11,646 [WARN] PackLoader:240 - Cannot read IP mode file for STMicroelectronics.X-CUBE-NFC9.1.0.0
2026-01-10 14:35:11,655 [WARN] PackLoader:240 - Cannot read IP mode file for STMicroelectronics.X-CUBE-BLE1.7.1.0
2026-01-10 14:35:11,666 [WARN] PackLoader:240 - Cannot read IP mode file for STMicroelectronics.X-CUBE-TCPP.4.1.0
2026-01-10 14:35:11,673 [ERROR] Engine:466 - C:\Users\kamil\.stm32cubemx\thirdparties\pdsc\STMicroelectronics.X-CUBE-FREERTOS.1.4.0.pdsc: PDSC version is not supported
2026-01-10 14:35:11,684 [WARN] PackLoader:240 - Cannot read IP mode file for STMicroelectronics.X-CUBE-EEPRMA1.5.2.0
2026-01-10 14:35:11,690 [ERROR] Engine:466 - C:\Users\kamil\.stm32cubemx\thirdparties\pdsc\STMicroelectronics.X-CUBE-ST67W61.1.1.0.pdsc: PDSC version is not supported
2026-01-10 14:35:11,758 [WARN] PackLoader:240 - Cannot read IP mode file for STMicroelectronics.X-CUBE-MEMS1.12.0.0
2026-01-10 14:35:11,782 [INFO] WebApp:449 - Apply proxy settings
2026-01-10 14:35:11,782 [INFO] WebApp:534 - Chromium requires no authentication
2026-01-10 14:35:11,795 [INFO] WebApp:477 - Direct internet connection detected
2026-01-10 14:35:11,840 [INFO] WebApp:880 - Register for checkConnection events
2026-01-10 14:35:11,840 [INFO] WebApp:449 - Apply proxy settings
2026-01-10 14:35:11,841 [INFO] WebApp:534 - Chromium requires no authentication
2026-01-10 14:35:11,842 [INFO] WebApp:477 - Direct internet connection detected
2026-01-10 14:35:11,867 [WARN] PackLoader:240 - Cannot read IP mode file for STMicroelectronics.X-CUBE-AZRTOS-G0.1.1.0
2026-01-10 14:35:11,883 [WARN] PackLoader:240 - Cannot read IP mode file for STMicroelectronics.X-CUBE-SAFEA1.1.2.2
2026-01-10 14:35:11,891 [WARN] PackLoader:240 - Cannot read IP mode file for STMicroelectronics.X-CUBE-NFC4.3.0.0
2026-01-10 14:35:11,902 [WARN] PackLoader:240 - Cannot read IP mode file for EmbeddedOffice.I-CUBE-FS-RTOS.1.0.1
2026-01-10 14:35:11,910 [WARN] PackLoader:240 - Cannot read IP mode file for STMicroelectronics.X-CUBE-WB05N.2.0.0
2026-01-10 14:35:11,915 [WARN] PackLoader:240 - Cannot read IP mode file for STMicroelectronics.X-CUBE-TCPP.4.2.0
2026-01-10 14:35:11,921 [WARN] PackLoader:240 - Cannot read IP mode file for RealThread.X-CUBE-RT-Thread_Nano.4.1.1
2026-01-10 14:35:11,926 [WARN] PackLoader:240 - Cannot read IP mode file for STMicroelectronics.FP-ATR-SIGFOX1.3.2.0
2026-01-10 14:35:11,933 [WARN] PackLoader:240 - Cannot read IP mode file for wolfSSL.I-CUBE-wolfSSL.5.7.2
2026-01-10 14:35:11,964 [WARN] ConditionMgr:438 - getConditionDescription Invalid condition id : Cortex-A Device cause : null
2026-01-10 14:35:11,978 [WARN] ConditionMgr:1044 - genDependencies : Invalid condition id : Cortex-A Device cause : null
2026-01-10 14:35:11,978 [WARN] ConditionMgr:1044 - genDependencies : Invalid condition id : Cortex-A Device cause : null
2026-01-10 14:35:11,978 [WARN] ConditionMgr:1044 - genDependencies : Invalid condition id : Cortex-A Device cause : null
2026-01-10 14:35:11,986 [WARN] PackLoader:240 - Cannot read IP mode file for STMicroelectronics.X-CUBE-EEPRMA1.5.1.0
2026-01-10 14:35:11,996 [WARN] PackLoader:240 - Cannot read IP mode file for ITTIA_DB.I-CUBE-ITTIADB.8.9.0
2026-01-10 14:35:12,007 [WARN] PackLoader:240 - Cannot read IP mode file for STMicroelectronics.X-CUBE-ST67W61.1.0.0
2026-01-10 14:35:12,012 [WARN] PackLoader:240 - Cannot read IP mode file for STMicroelectronics.X-CUBE-AI.10.2.0
2026-01-10 14:35:12,065 [WARN] PackLoader:240 - Cannot read IP mode file for SEGGER.I-CUBE-embOS.1.3.1
2026-01-10 14:35:12,102 [INFO] WebApp:187 - Connection restablished
2026-01-10 14:35:12,113 [WARN] PackLoader:240 - Cannot read IP mode file for STMicroelectronics.X-CUBE-ALGOBUILD.1.4.0
2026-01-10 14:35:12,162 [WARN] PackLoader:240 - Cannot read IP mode file for STMicroelectronics.X-CUBE-MEMS1.11.3.0
2026-01-10 14:35:12,297 [INFO] WebApp:221 - Starting web application
2026-01-10 14:35:12,298 [INFO] WebApp:579 - Web application path used C:\ST\STM32CubeIDE_1.17.0\STM32CubeIDE\plugins\com.st.stm32cube.common.mx_6.13.0.202411220809\db\plugins\mcufinder\reactClient1\index.html
2026-01-10 14:35:12,310 [WARN] PackLoader:240 - Cannot read IP mode file for STMicroelectronics.X-CUBE-AI.9.1.0
2026-01-10 14:35:12,319 [WARN] PackLoader:240 - Cannot read IP mode file for STMicroelectronics.X-CUBE-PM33A1.1.0.0
2026-01-10 14:35:12,338 [WARN] PackLoader:240 - Cannot read IP mode file for STMicroelectronics.X-CUBE-AZRTOS-F4.1.1.0
2026-01-10 14:35:12,347 [WARN] PackLoader:240 - Cannot read IP mode file for STMicroelectronics.X-CUBE-ISPU.2.1.0
2026-01-10 14:35:12,352 [ERROR] Engine:466 - C:\Users\kamil\.stm32cubemx\thirdparties\pdsc\STMicroelectronics.X-CUBE-IPS.3.2.0.pdsc: PDSC version is not supported
2026-01-10 14:35:12,359 [WARN] PackLoader:240 - Cannot read IP mode file for STMicroelectronics.X-CUBE-FREERTOS.1.2.0
2026-01-10 14:35:12,367 [WARN] PackLoader:240 - Cannot read IP mode file for STMicroelectronics.X-CUBE-NFC12.1.0.0
2026-01-10 14:35:12,385 [WARN] PackLoader:240 - Cannot read IP mode file for STMicroelectronics.X-CUBE-AZRTOS-L5.2.0.0
2026-01-10 14:35:12,398 [WARN] PackLoader:240 - Cannot read IP mode file for STMicroelectronics.X-CUBE-NFC6.3.1.0
2026-01-10 14:35:12,407 [WARN] PackLoader:240 - Cannot read IP mode file for STMicroelectronics.X-CUBE-DPower.1.2.0
2026-01-10 14:35:12,415 [WARN] PackLoader:240 - Cannot read IP mode file for STMicroelectronics.X-CUBE-FREERTOS.1.3.1
2026-01-10 14:35:12,422 [WARN] PackLoader:240 - Cannot read IP mode file for STMicroelectronics.X-CUBE-FREERTOS.1.3.0
2026-01-10 14:35:12,430 [WARN] PackLoader:240 - Cannot read IP mode file for STMicroelectronics.X-CUBE-NFC7.1.0.1
2026-01-10 14:35:12,439 [WARN] PackLoader:240 - Cannot read IP mode file for STMicroelectronics.X-CUBE-TOUCHGFX.4.26.0
2026-01-10 14:35:12,450 [WARN] PackLoader:240 - Cannot read IP mode file for STMicroelectronics.FP-SNS-STAIOTCFT.1.0.0
2026-01-10 14:35:12,456 [WARN] PackLoader:240 - Cannot read IP mode file for STMicroelectronics.X-CUBE-DPower.1.3.0
2026-01-10 14:35:12,476 [WARN] ConditionMgr:438 - getConditionDescription Invalid condition id : LAN8742 Phy interface Condition cause : null
2026-01-10 14:35:12,476 [WARN] PackLoader:240 - Cannot read IP mode file for STMicroelectronics.X-CUBE-AZRTOS-L4.2.0.0
2026-01-10 14:35:12,478 [WARN] ConditionMgr:1044 - genDependencies : Invalid condition id : LAN8742 Phy interface Condition cause : null
2026-01-10 14:35:12,478 [WARN] ConditionMgr:1044 - genDependencies : Invalid condition id : LAN8742 Phy interface Condition cause : null
2026-01-10 14:35:12,479 [WARN] ConditionMgr:1044 - genDependencies : Invalid condition id : LAN8742 Phy interface Condition cause : null
2026-01-10 14:35:12,490 [WARN] PackLoader:240 - Cannot read IP mode file for STMicroelectronics.X-CUBE-SFXS2LP1.4.0.0
2026-01-10 14:35:12,512 [WARN] PackLoader:240 - Cannot read IP mode file for STMicroelectronics.X-CUBE-AZRTOS-H7.3.3.0
2026-01-10 14:35:12,527 [WARN] PackLoader:240 - Cannot read IP mode file for STMicroelectronics.X-CUBE-BLEMGR.4.1.0
2026-01-10 14:35:12,543 [WARN] PackLoader:240 - Cannot read IP mode file for STMicroelectronics.X-CUBE-IPS.3.0.0
2026-01-10 14:35:12,568 [WARN] ConditionMgr:438 - getConditionDescription Invalid condition id : UX DEVICE CLASS RTOS Condition cause : null
2026-01-10 14:35:12,568 [WARN] ConditionMgr:438 - getConditionDescription Invalid condition id : UX DEVICE CLASS RTOS Condition cause : null
2026-01-10 14:35:12,571 [WARN] PackLoader:240 - Cannot read IP mode file for STMicroelectronics.X-CUBE-AZRTOS-WB.2.0.0
2026-01-10 14:35:12,571 [WARN] ConditionMgr:1044 - genDependencies : Invalid condition id : UX DEVICE CLASS RTOS Condition cause : null
2026-01-10 14:35:12,571 [WARN] ConditionMgr:1044 - genDependencies : Invalid condition id : UX DEVICE CLASS RTOS Condition cause : null
2026-01-10 14:35:12,572 [WARN] ConditionMgr:1044 - genDependencies : Invalid condition id : UX DEVICE CLASS RTOS Condition cause : null
2026-01-10 14:35:12,573 [WARN] ConditionMgr:1044 - genDependencies : Invalid condition id : UX DEVICE CLASS RTOS Condition cause : null
2026-01-10 14:35:12,573 [WARN] ConditionMgr:1044 - genDependencies : Invalid condition id : UX DEVICE CLASS RTOS Condition cause : null
2026-01-10 14:35:12,581 [WARN] PackLoader:240 - Cannot read IP mode file for STMicroelectronics.X-CUBE-GNSS1.7.0.0
2026-01-10 14:35:12,589 [WARN] PackLoader:240 - Cannot read IP mode file for STMicroelectronics.X-CUBE-GNSS1.7.0.1
2026-01-10 14:35:12,595 [WARN] PackLoader:240 - Cannot read IP mode file for STMicroelectronics.X-CUBE-TOUCHGFX.4.25.0
2026-01-10 14:35:12,605 [WARN] PackLoader:240 - Cannot read IP mode file for STMicroelectronics.FP-SNS-STBOX1.2.0.0
2026-01-10 14:35:12,620 [WARN] PackLoader:240 - Cannot read IP mode file for STMicroelectronics.X-CUBE-SUBG2.5.0.0
2026-01-10 14:35:12,644 [WARN] PackLoader:240 - Cannot read IP mode file for STMicroelectronics.X-CUBE-AZRTOS-H7RS.1.1.0
2026-01-10 14:35:12,653 [WARN] PackLoader:240 - Cannot read IP mode file for Cesanta.I-CUBE-Mongoose.7.13.0
2026-01-10 14:35:12,668 [WARN] PackLoader:240 - Cannot read IP mode file for STMicroelectronics.X-CUBE-AZRTOS-G4.2.0.0
2026-01-10 14:35:12,674 [WARN] PackLoader:240 - Cannot read IP mode file for STMicroelectronics.X-CUBE-NFC7.2.0.0
2026-01-10 14:35:12,687 [WARN] PackLoader:240 - Cannot read IP mode file for STMicroelectronics.X-CUBE-IPS.3.1.0
2026-01-10 14:35:12,700 [WARN] PackLoader:240 - Cannot read IP mode file for STMicroelectronics.X-CUBE-ALS.1.0.2
2026-01-10 14:35:12,703 [WARN] PackLoader:240 - Cannot read IP mode file for STMicroelectronics.X-CUBE-TOUCHGFX.4.24.1
2026-01-10 14:35:12,711 [WARN] PackLoader:240 - Cannot read IP mode file for STMicroelectronics.X-CUBE-STSE01.1.0.0
2026-01-10 14:35:12,719 [WARN] PackLoader:240 - Cannot read IP mode file for wolfSSL.I-CUBE-wolfTPM.3.4.0
2026-01-10 14:35:12,728 [WARN] PackLoader:240 - Cannot read IP mode file for portGmbH.I-Cube-SoM-uGOAL.1.1.0
2026-01-10 14:35:12,747 [WARN] PackLoader:240 - Cannot read IP mode file for STMicroelectronics.X-CUBE-AZRTOS-H7RS.1.0.0
2026-01-10 14:35:12,755 [WARN] PackLoader:240 - Cannot read IP mode file for STMicroelectronics.FP-ATR-ASTRA1.2.0.0
2026-01-10 14:35:12,767 [WARN] PackLoader:240 - Cannot read IP mode file for STMicroelectronics.X-CUBE-TOF1.3.4.2
2026-01-10 14:35:12,787 [WARN] PackLoader:240 - Cannot read IP mode file for STMicroelectronics.X-CUBE-TOF1.3.4.3
2026-01-10 14:35:12,818 [WARN] PackLoader:240 - Cannot read IP mode file for Infineon.AIROC-Wi-Fi-Bluetooth-STM32.1.6.1
2026-01-10 14:35:12,828 [WARN] PackLoader:240 - Cannot read IP mode file for wolfSSL.I-CUBE-wolfSSH.1.4.17
2026-01-10 14:35:12,829 [INFO] ThirdParty:978 - Integrity check success = true
2026-01-10 14:35:12,830 [INFO] IntegrityCheckThread:100 - exiting critical section [integrity check]
2026-01-10 14:35:12,830 [INFO] IntegrityCheckThread:103 - End integrity checks thread
2026-01-10 14:37:30,520 [ERROR] LogOutputStream:75 - [STDERR_REDIRECT] 
2026-01-10 14:45:30,612 [INFO] Activator:176 - 


2026-01-10 14:45:30,614 [INFO] Activator:177 - !SESSION log4j initialized
2026-01-10 14:45:36,855 [INFO] LogOutputStream:77 - [STDOUT_REDIRECT] 
2026-01-10 14:46:38,121 [INFO] ApplicationProperties:184 - Using Application install path: C:\ST\STM32CubeIDE_1.17.0\STM32CubeIDE\plugins\com.st.stm32cube.common.mx_6.13.0.202411220809
2026-01-10 14:46:38,140 [INFO] DbMcusXml:78 - Set database path to: C:\ST\STM32CubeIDE_1.17.0\STM32CubeIDE\plugins\com.st.stm32cube.common.mx_6.13.0.202411220809\\db\/mcu/
2026-01-10 14:46:38,142 [INFO] ApiDb:274 - Set plugin database path to: C:\ST\STM32CubeIDE_1.17.0\STM32CubeIDE\plugins\com.st.stm32cube.common.mx_6.13.0.202411220809\\db\/plugins/boardmanager/
2026-01-10 14:46:38,142 [WARN] ApiDb:259 - Overriding images path with different value:  => C:\ST\STM32CubeIDE_1.17.0\STM32CubeIDE\plugins\com.st.stm32cube.common.mx_6.13.0.202411220809\\db\/plugins/mcufinder/images/
2026-01-10 14:46:38,148 [INFO] ApiDb:250 - Set database path to: C:\Users\kamil\.stmcufinder\plugins\mcufinder//mcu/
2026-01-10 14:46:38,149 [INFO] DbMcusAds:125 - Set database path to: C:\Users\kamil\.stmcufinder\plugins\mcufinder//mcu/
2026-01-10 14:46:38,159 [INFO] CrossReferenceDbSqlite:203 - Set database path to: C:\Users\kamil\.stmcufinder\plugins\mcufinder//mcu/cs/
2026-01-10 14:46:38,289 [INFO] RulesReader:64 - Compatibility file has been processed (297 Rules)
2026-01-10 14:46:38,378 [INFO] DbMcusXml:78 - Set database path to: C:\ST\STM32CubeIDE_1.17.0\STM32CubeIDE\plugins\com.st.stm32cube.common.mx_6.13.0.202411220809\\db\/mcu/
2026-01-10 14:46:38,378 [INFO] ApiDb:274 - Set plugin database path to: C:\ST\STM32CubeIDE_1.17.0\STM32CubeIDE\plugins\com.st.stm32cube.common.mx_6.13.0.202411220809\\db\/plugins/boardmanager/
2026-01-10 14:46:38,379 [INFO] ApiDb:261 - Set plugin images path to: C:\ST\STM32CubeIDE_1.17.0\STM32CubeIDE\plugins\com.st.stm32cube.common.mx_6.13.0.202411220809\\db\/plugins/mcufinder/images/
2026-01-10 14:46:38,379 [WARN] DbFile:41 - Overriding database path with different value: C:\Users\kamil\.stmcufinder\plugins\mcufinder/ => C:\Users\kamil\.stmcufinder\plugins\mcufinder
2026-01-10 14:46:38,379 [INFO] ApiDb:250 - Set database path to: C:\Users\kamil\.stmcufinder\plugins\mcufinder//mcu/
2026-01-10 14:46:38,379 [WARN] DbFile:41 - Overriding database path with different value: C:\Users\kamil\.stmcufinder\plugins\mcufinder/ => C:\Users\kamil\.stmcufinder\plugins\mcufinder
2026-01-10 14:46:38,379 [INFO] DbMcusAds:125 - Set database path to: C:\Users\kamil\.stmcufinder\plugins\mcufinder//mcu/
2026-01-10 14:46:38,379 [WARN] DbFile:41 - Overriding database path with different value: C:\Users\kamil\.stmcufinder\plugins\mcufinder/ => C:\Users\kamil\.stmcufinder\plugins\mcufinder
2026-01-10 14:46:38,380 [WARN] DbFile:41 - Overriding database path with different value: C:\Users\kamil\.stmcufinder\plugins\mcufinder/ => C:\Users\kamil\.stmcufinder\plugins\mcufinder
2026-01-10 14:46:38,380 [INFO] CrossReferenceDbSqlite:203 - Set database path to: C:\Users\kamil\.stmcufinder\plugins\mcufinder//mcu/cs/
2026-01-10 14:46:38,457 [INFO] MainPanel:272 - HeapMemory: 268435456
2026-01-10 14:46:38,548 [INFO] DbMcusXml:78 - Set database path to: C:\ST\STM32CubeIDE_1.17.0\STM32CubeIDE\plugins\com.st.stm32cube.common.mx_6.13.0.202411220809\\db\/mcu/
2026-01-10 14:46:38,549 [INFO] ApiDb:274 - Set plugin database path to: C:\ST\STM32CubeIDE_1.17.0\STM32CubeIDE\plugins\com.st.stm32cube.common.mx_6.13.0.202411220809\\db\/plugins/boardmanager/
2026-01-10 14:46:38,549 [INFO] ApiDb:261 - Set plugin images path to: C:\ST\STM32CubeIDE_1.17.0\STM32CubeIDE\plugins\com.st.stm32cube.common.mx_6.13.0.202411220809\\db\/plugins/mcufinder/images/
2026-01-10 14:46:38,549 [WARN] DbFile:41 - Overriding database path with different value: C:\Users\kamil\.stmcufinder\plugins\mcufinder/ => C:\Users\kamil\.stmcufinder\plugins\mcufinder
2026-01-10 14:46:38,549 [INFO] ApiDb:250 - Set database path to: C:\Users\kamil\.stmcufinder\plugins\mcufinder//mcu/
2026-01-10 14:46:38,550 [WARN] DbFile:41 - Overriding database path with different value: C:\Users\kamil\.stmcufinder\plugins\mcufinder/ => C:\Users\kamil\.stmcufinder\plugins\mcufinder
2026-01-10 14:46:38,550 [INFO] DbMcusAds:125 - Set database path to: C:\Users\kamil\.stmcufinder\plugins\mcufinder//mcu/
2026-01-10 14:46:38,550 [WARN] DbFile:41 - Overriding database path with different value: C:\Users\kamil\.stmcufinder\plugins\mcufinder/ => C:\Users\kamil\.stmcufinder\plugins\mcufinder
2026-01-10 14:46:38,550 [WARN] DbFile:41 - Overriding database path with different value: C:\Users\kamil\.stmcufinder\plugins\mcufinder/ => C:\Users\kamil\.stmcufinder\plugins\mcufinder
2026-01-10 14:46:38,550 [INFO] CrossReferenceDbSqlite:203 - Set database path to: C:\Users\kamil\.stmcufinder\plugins\mcufinder//mcu/cs/
2026-01-10 14:46:38,569 [INFO] ApplicationProperties:184 - Using Application install path: C:\ST\STM32CubeIDE_1.17.0\STM32CubeIDE\plugins\com.st.stm32cube.common.mx_6.13.0.202411220809
2026-01-10 14:46:38,570 [INFO] PluginManage:196 - Search for loadable plugins [exclusion list=, ]
2026-01-10 14:46:38,573 [INFO] PluginManage:310 - Check plugin analytics
2026-01-10 14:46:38,835 [INFO] AnalyticsPlugin:253 - Accepted Software Licenses: 
2026-01-10 14:46:38,835 [INFO] AnalyticsPlugin:255 - Accepted CMSIS Pack Licenses: 
2026-01-10 14:46:38,835 [INFO] AnalyticsPlugin:257 - Accepted Firmware Licenses: FW.F7.1.17.0,FW.H7.1.12.0
2026-01-10 14:46:38,836 [INFO] PluginManage:359 - Loaded plugin analytics (category:tool,tabindex:-1)
2026-01-10 14:46:38,836 [INFO] PluginManage:310 - Check plugin cadmodel
2026-01-10 14:46:38,841 [INFO] CADModel:105 - Init CAD model plugin
2026-01-10 14:46:38,841 [INFO] PluginManage:359 - Loaded plugin cadmodel (category:power,tabindex:5)
2026-01-10 14:46:38,842 [INFO] PluginManage:310 - Check plugin clock
2026-01-10 14:46:38,854 [INFO] PluginManage:359 - Loaded plugin clock (category:base,tabindex:2)
2026-01-10 14:46:38,854 [INFO] PluginManage:310 - Check plugin ddr
2026-01-10 14:46:38,857 [INFO] PluginManage:359 - Loaded plugin ddr (category:tool,tabindex:6)
2026-01-10 14:46:38,857 [INFO] PluginManage:310 - Check plugin filemanager
2026-01-10 14:46:39,044 [INFO] PluginManage:359 - Loaded plugin filemanager (category:base,tabindex:10)
2026-01-10 14:46:39,044 [INFO] PluginManage:310 - Check plugin ipmanager
2026-01-10 14:46:39,053 [INFO] PluginManage:359 - Loaded plugin ipmanager (category:base,tabindex:5)
2026-01-10 14:46:39,055 [INFO] PluginManage:310 - Check plugin lpbam
2026-01-10 14:46:39,066 [INFO] PluginManage:359 - Loaded plugin lpbam (category:base,tabindex:0)
2026-01-10 14:46:39,067 [INFO] PluginManage:310 - Check plugin memorymap
2026-01-10 14:46:39,084 [INFO] PluginManage:359 - Loaded plugin memorymap (category:base,tabindex:4)
2026-01-10 14:46:39,085 [INFO] PluginManage:310 - Check plugin pinoutandconfiguration
2026-01-10 14:46:39,104 [INFO] PluginManage:359 - Loaded plugin pinoutandconfiguration (category:base,tabindex:1)
2026-01-10 14:46:39,104 [INFO] PluginManage:310 - Check plugin pinoutconfig
2026-01-10 14:46:39,232 [WARN] SupportedApi:132 - Cannot load RTOS API schema: s4s-elt-must-match.1: The content of 'definitions' must match (annotation?, (simpleType | complexType)?, (unique | key | keyref)*)). A problem was found starting at: attribute.
2026-01-10 14:46:39,434 [INFO] PluginManage:359 - Loaded plugin pinoutconfig (category:base,tabindex:0)
2026-01-10 14:46:39,434 [INFO] PluginManage:310 - Check plugin power
2026-01-10 14:46:39,448 [INFO] PluginManage:359 - Loaded plugin power (category:power,tabindex:4)
2026-01-10 14:46:39,448 [INFO] PluginManage:310 - Check plugin projectmanager
2026-01-10 14:46:39,470 [INFO] PluginManage:359 - Loaded plugin projectmanager (category:projectmanager,tabindex:4)
2026-01-10 14:46:39,470 [INFO] PluginManage:310 - Check plugin rif
2026-01-10 14:46:39,478 [INFO] PluginManage:359 - Loaded plugin rif (category:base,tabindex:3)
2026-01-10 14:46:39,478 [INFO] PluginManage:310 - Check plugin thirdparty
2026-01-10 14:46:39,640 [INFO] PluginManage:359 - Loaded plugin thirdparty (category:base,tabindex:-1)
2026-01-10 14:46:39,640 [WARN] IntegrityCheckThread:84 - waiting for thirdparty lock release [integrity check]
2026-01-10 14:46:39,640 [INFO] PluginManage:310 - Check plugin tools
2026-01-10 14:46:39,640 [INFO] IntegrityCheckThread:86 - entering critical section [integrity check]
2026-01-10 14:46:39,641 [INFO] ThirdPartyUpdaterWithRetryManager:70 - Updater plugin not ready yet. [1/15]
2026-01-10 14:46:39,644 [INFO] PluginManage:359 - Loaded plugin tools (category:base,tabindex:7)
2026-01-10 14:46:39,645 [INFO] PluginManage:310 - Check plugin tutovideos
2026-01-10 14:46:39,809 [INFO] PluginManage:359 - Loaded plugin tutovideos (category:base,tabindex:-1)
2026-01-10 14:46:39,810 [INFO] PluginManage:310 - Check plugin updater
2026-01-10 14:46:39,837 [INFO] PluginManage:359 - Loaded plugin updater (category:base,tabindex:12)
2026-01-10 14:46:39,837 [INFO] PluginManage:310 - Check plugin userauth
2026-01-10 14:46:39,843 [INFO] UserAuth:118 - Init User Auth plugin
2026-01-10 14:46:39,844 [INFO] PluginManage:359 - Loaded plugin userauth (category:base,tabindex:14)
2026-01-10 14:46:39,845 [INFO] PluginManage:283 - PluginManage : Loaded plugins [18]
2026-01-10 14:46:40,106 [INFO] PinOutPanel:1589 - setPackage(No Configuration,No Configuration)
2026-01-10 14:46:40,200 [INFO] CADModel:165 - CPN selected for project level
2026-01-10 14:46:40,200 [INFO] CADModel:114 - Register for checkConnection events
2026-01-10 14:46:40,219 [INFO] IPUIPlugin:80 - create IPUIPlugin
2026-01-10 14:46:40,219 [INFO] PluginManager:220 - loadIPPluginJar : add adc
2026-01-10 14:46:40,222 [INFO] IPUIPlugin:80 - create IPUIPlugin
2026-01-10 14:46:40,223 [INFO] PluginManager:220 - loadIPPluginJar : add aes
2026-01-10 14:46:40,225 [INFO] IPUIPlugin:80 - create IPUIPlugin
2026-01-10 14:46:40,226 [INFO] PluginManager:220 - loadIPPluginJar : add can
2026-01-10 14:46:40,227 [INFO] IPUIPlugin:80 - create IPUIPlugin
2026-01-10 14:46:40,227 [INFO] PluginManager:220 - loadIPPluginJar : add comp
2026-01-10 14:46:40,229 [INFO] IPUIPlugin:80 - create IPUIPlugin
2026-01-10 14:46:40,229 [INFO] PluginManager:220 - loadIPPluginJar : add cryp
2026-01-10 14:46:40,232 [INFO] IPUIPlugin:80 - create IPUIPlugin
2026-01-10 14:46:40,232 [INFO] PluginManager:220 - loadIPPluginJar : add ddr_ctrl_phy
2026-01-10 14:46:40,235 [INFO] IPUIPlugin:80 - create IPUIPlugin
2026-01-10 14:46:40,235 [INFO] PluginManager:220 - loadIPPluginJar : add dfsdm
2026-01-10 14:46:40,244 [INFO] IPUIPlugin:80 - create IPUIPlugin
2026-01-10 14:46:40,245 [INFO] PluginManager:220 - loadIPPluginJar : add dma
2026-01-10 14:46:40,250 [INFO] IPUIPlugin:80 - create IPUIPlugin
2026-01-10 14:46:40,250 [INFO] PluginManager:220 - loadIPPluginJar : add dma3
2026-01-10 14:46:40,255 [INFO] IPUIPlugin:80 - create IPUIPlugin
2026-01-10 14:46:40,255 [INFO] PluginManager:220 - loadIPPluginJar : add extmemmanager
2026-01-10 14:46:40,258 [INFO] IPUIPlugin:80 - create IPUIPlugin
2026-01-10 14:46:40,258 [INFO] PluginManager:220 - loadIPPluginJar : add fatfs
2026-01-10 14:46:40,265 [INFO] IPUIPlugin:80 - create IPUIPlugin
2026-01-10 14:46:40,266 [INFO] PluginManager:220 - loadIPPluginJar : add fmc
2026-01-10 14:46:40,273 [INFO] IPUIPlugin:80 - create IPUIPlugin
2026-01-10 14:46:40,273 [INFO] PluginManager:220 - loadIPPluginJar : add freertos
2026-01-10 14:46:40,275 [INFO] IPUIPlugin:80 - create IPUIPlugin
2026-01-10 14:46:40,275 [INFO] PluginManager:220 - loadIPPluginJar : add genericplugin
2026-01-10 14:46:40,278 [INFO] IPUIPlugin:80 - create IPUIPlugin
2026-01-10 14:46:40,279 [INFO] PluginManager:220 - loadIPPluginJar : add gfxmmu
2026-01-10 14:46:40,286 [INFO] IPUIPlugin:80 - create IPUIPlugin
2026-01-10 14:46:40,287 [INFO] PluginManager:220 - loadIPPluginJar : add gic
2026-01-10 14:46:40,294 [INFO] IPUIPlugin:80 - create IPUIPlugin
2026-01-10 14:46:40,294 [INFO] PluginManager:220 - loadIPPluginJar : add gpio
2026-01-10 14:46:40,298 [INFO] IPUIPlugin:80 - create IPUIPlugin
2026-01-10 14:46:40,298 [INFO] PluginManager:220 - loadIPPluginJar : add gtzc
2026-01-10 14:46:40,302 [INFO] IPUIPlugin:80 - create IPUIPlugin
2026-01-10 14:46:40,302 [INFO] PluginManager:220 - loadIPPluginJar : add hash
2026-01-10 14:46:40,305 [INFO] IPUIPlugin:80 - create IPUIPlugin
2026-01-10 14:46:40,305 [INFO] PluginManager:220 - loadIPPluginJar : add i2c
2026-01-10 14:46:40,308 [INFO] IPUIPlugin:80 - create IPUIPlugin
2026-01-10 14:46:40,309 [INFO] PluginManager:220 - loadIPPluginJar : add i2s
2026-01-10 14:46:40,313 [INFO] IPUIPlugin:80 - create IPUIPlugin
2026-01-10 14:46:40,313 [INFO] PluginManager:220 - loadIPPluginJar : add i3c
2026-01-10 14:46:40,318 [INFO] IPUIPlugin:80 - create IPUIPlugin
2026-01-10 14:46:40,318 [INFO] PluginManager:220 - loadIPPluginJar : add ipddr
2026-01-10 14:46:40,326 [INFO] IPUIPlugin:80 - create IPUIPlugin
2026-01-10 14:46:40,327 [INFO] PluginManager:220 - loadIPPluginJar : add linkedlist
2026-01-10 14:46:40,330 [INFO] IPUIPlugin:80 - create IPUIPlugin
2026-01-10 14:46:40,330 [INFO] PluginManager:220 - loadIPPluginJar : add lorawan
2026-01-10 14:46:40,333 [INFO] IPUIPlugin:80 - create IPUIPlugin
2026-01-10 14:46:40,333 [INFO] PluginManager:220 - loadIPPluginJar : add ltdc
2026-01-10 14:46:40,339 [INFO] IPUIPlugin:80 - create IPUIPlugin
2026-01-10 14:46:40,340 [INFO] PluginManager:220 - loadIPPluginJar : add mdma
2026-01-10 14:46:40,344 [INFO] IPUIPlugin:80 - create IPUIPlugin
2026-01-10 14:46:40,344 [INFO] PluginManager:220 - loadIPPluginJar : add nvic
2026-01-10 14:46:40,347 [INFO] IPUIPlugin:80 - create IPUIPlugin
2026-01-10 14:46:40,347 [INFO] PluginManager:220 - loadIPPluginJar : add opamp
2026-01-10 14:46:40,352 [INFO] IPUIPlugin:80 - create IPUIPlugin
2026-01-10 14:46:40,352 [INFO] PluginManager:220 - loadIPPluginJar : add openamp
2026-01-10 14:46:40,356 [INFO] IPUIPlugin:80 - create IPUIPlugin
2026-01-10 14:46:40,356 [INFO] PluginManager:220 - loadIPPluginJar : add pdm2pcm
2026-01-10 14:46:40,365 [INFO] IPUIPlugin:80 - create IPUIPlugin
2026-01-10 14:46:40,368 [INFO] PluginManager:220 - loadIPPluginJar : add plateformsettings
2026-01-10 14:46:40,370 [INFO] IPUIPlugin:80 - create IPUIPlugin
2026-01-10 14:46:40,370 [INFO] PluginManager:220 - loadIPPluginJar : add quadspi
2026-01-10 14:46:40,373 [INFO] IPUIPlugin:80 - create IPUIPlugin
2026-01-10 14:46:40,374 [INFO] PluginManager:220 - loadIPPluginJar : add radio
2026-01-10 14:46:40,379 [INFO] IPUIPlugin:80 - create IPUIPlugin
2026-01-10 14:46:40,379 [INFO] PluginManager:220 - loadIPPluginJar : add resmgrutility
2026-01-10 14:46:40,383 [INFO] IPUIPlugin:80 - create IPUIPlugin
2026-01-10 14:46:40,383 [INFO] PluginManager:220 - loadIPPluginJar : add sai
2026-01-10 14:46:40,386 [INFO] IPUIPlugin:80 - create IPUIPlugin
2026-01-10 14:46:40,387 [INFO] PluginManager:220 - loadIPPluginJar : add spi
2026-01-10 14:46:40,394 [INFO] IPUIPlugin:80 - create IPUIPlugin
2026-01-10 14:46:40,394 [INFO] PluginManager:220 - loadIPPluginJar : add stm32_wpan
2026-01-10 14:46:40,396 [INFO] IPUIPlugin:80 - create IPUIPlugin
2026-01-10 14:46:40,397 [INFO] PluginManager:220 - loadIPPluginJar : add tim
2026-01-10 14:46:40,400 [INFO] IPUIPlugin:80 - create IPUIPlugin
2026-01-10 14:46:40,400 [INFO] PluginManager:220 - loadIPPluginJar : add touchsensing
2026-01-10 14:46:40,402 [INFO] IPUIPlugin:80 - create IPUIPlugin
2026-01-10 14:46:40,402 [INFO] PluginManager:220 - loadIPPluginJar : add tracer_emb
2026-01-10 14:46:40,405 [INFO] IPUIPlugin:80 - create IPUIPlugin
2026-01-10 14:46:40,405 [INFO] PluginManager:220 - loadIPPluginJar : add ts
2026-01-10 14:46:40,406 [INFO] IPUIPlugin:80 - create IPUIPlugin
2026-01-10 14:46:40,406 [INFO] PluginManager:220 - loadIPPluginJar : add tsc
2026-01-10 14:46:40,409 [INFO] IPUIPlugin:80 - create IPUIPlugin
2026-01-10 14:46:40,409 [INFO] PluginManager:220 - loadIPPluginJar : add ucpd
2026-01-10 14:46:40,412 [INFO] IPUIPlugin:80 - create IPUIPlugin
2026-01-10 14:46:40,412 [INFO] PluginManager:220 - loadIPPluginJar : add usart
2026-01-10 14:46:40,415 [INFO] IPUIPlugin:80 - create IPUIPlugin
2026-01-10 14:46:40,415 [INFO] PluginManager:220 - loadIPPluginJar : add usbx
2026-01-10 14:46:40,563 [FATAL] Updater:351 - Updater called before beeing initialized
2026-01-10 14:46:40,596 [INFO] RulesReader:64 - Compatibility file has been processed (297 Rules)
2026-01-10 14:46:40,611 [INFO] RulesReader:64 - Compatibility file has been processed (297 Rules)
2026-01-10 14:46:40,636 [INFO] CADModel:165 - CPN selected for project level
2026-01-10 14:46:40,636 [INFO] CADModel:114 - Register for checkConnection events
2026-01-10 14:46:40,636 [FATAL] Updater:351 - Updater called before beeing initialized
2026-01-10 14:46:40,636 [ERROR] CADModel:125 - Updater not yet initialized, retry later 
2026-01-10 14:46:40,802 [FATAL] Updater:351 - Updater called before beeing initialized
2026-01-10 14:46:40,803 [INFO] CADModel:165 - CPN selected for project level
2026-01-10 14:46:40,803 [INFO] CADModel:114 - Register for checkConnection events
2026-01-10 14:46:40,803 [FATAL] Updater:351 - Updater called before beeing initialized
2026-01-10 14:46:40,803 [ERROR] CADModel:125 - Updater not yet initialized, retry later 
2026-01-10 14:46:40,807 [FATAL] Updater:351 - Updater called before beeing initialized
2026-01-10 14:46:40,917 [FATAL] Updater:351 - Updater called before beeing initialized
2026-01-10 14:46:40,922 [INFO] DbMcusAds:53 - JSON generation date=Tue Dec 16 00:11:46 CET 2025 (1765840306612)
2026-01-10 14:46:40,922 [FATAL] Updater:351 - Updater called before beeing initialized
2026-01-10 14:46:40,958 [WARN] DetailPanel:346 - Failed to get advertising image, set to default
2026-01-10 14:46:41,404 [FATAL] Updater:351 - Updater called before beeing initialized
2026-01-10 14:46:41,408 [FATAL] Updater:351 - Updater called before beeing initialized
2026-01-10 14:46:41,408 [FATAL] Updater:351 - Updater called before beeing initialized
2026-01-10 14:46:41,408 [WARN] DetailPanel:346 - Failed to get advertising image, set to default
2026-01-10 14:46:41,409 [FATAL] Updater:351 - Updater called before beeing initialized
2026-01-10 14:46:41,556 [ERROR] Updater:1198 - MainUpdater not yet initialized. External WinMGr cannot be set.
2026-01-10 14:46:41,562 [INFO] Updater:1134 - Updater Version found : 6.13.0
2026-01-10 14:46:41,602 [INFO] ApplicationProperties:184 - Using Application install path: C:\ST\STM32CubeIDE_1.17.0\STM32CubeIDE\plugins\com.st.stm32cube.common.mx_6.13.0.202411220809
2026-01-10 14:46:42,289 [INFO] MainUpdater:2872 - connection check result : 10
2026-01-10 14:46:42,291 [INFO] MainUpdater:289 - Updater Check For Update Now.
2026-01-10 14:46:42,291 [INFO] MicroXplorer:498 - Change Database Version : DB.6.0.130
2026-01-10 14:46:42,310 [INFO] McuFinderGlobals:63 - Set McuFinder mode to 2 (CubeIDE integrated)
2026-01-10 14:46:42,311 [INFO] UserAuth:171 - activating auth plugin
2026-01-10 14:46:42,316 [INFO] UserAuth:486 - Internet connection configuration mode: 1
2026-01-10 14:46:42,388 [INFO] JxBrowserEngine:152 - Initiate JxBrowser Engine with user profile folder
2026-01-10 14:46:42,643 [INFO] CheckServerUpdateThread:120 - End of CheckServer Thread
2026-01-10 14:46:43,300 [WARN] PackLoader:240 - Cannot read IP mode file for STMicroelectronics.FP-SNS-MOTENVWB1.1.4.0
2026-01-10 14:46:43,336 [WARN] PackLoader:240 - Cannot read IP mode file for STMicroelectronics.FP-ATR-ASTRA1.2.0.2
2026-01-10 14:46:43,347 [WARN] PackLoader:240 - Cannot read IP mode file for STMicroelectronics.FP-ATR-ASTRA1.2.0.1
2026-01-10 14:46:43,413 [WARN] PackLoader:240 - Cannot read IP mode file for STMicroelectronics.X-CUBE-SMBUS.2.1.0
2026-01-10 14:46:43,451 [WARN] PackLoader:240 - Cannot read IP mode file for STMicroelectronics.X-CUBE-WB05N.1.1.0
2026-01-10 14:46:43,476 [WARN] PackLoader:240 - Cannot read IP mode file for STMicroelectronics.X-CUBE-ST60.1.0.0
2026-01-10 14:46:43,544 [WARN] PackLoader:240 - Cannot read IP mode file for STMicroelectronics.X-CUBE-AZRTOS-F7.1.1.0
2026-01-10 14:46:43,916 [WARN] PackLoader:240 - Cannot read IP mode file for STMicroelectronics.X-CUBE-MEMS1.11.0.0
2026-01-10 14:46:44,145 [INFO] WebApp:168 - Instantiating new browser for Auth
2026-01-10 14:46:44,285 [ERROR] Engine:466 - C:\Users\kamil\.stm32cubemx\thirdparties\pdsc\STMicroelectronics.FP-SNS-MOTENV1.5.1.0.pdsc: PDSC version is not supported
2026-01-10 14:46:44,297 [WARN] PackLoader:240 - Cannot read IP mode file for STMicroelectronics.FP-SNS-FLIGHT1.5.0.2
2026-01-10 14:46:44,347 [WARN] PackLoader:240 - Cannot read IP mode file for STMicroelectronics.X-CUBE-AZRTOS-H7.3.4.0
2026-01-10 14:46:44,365 [WARN] PackLoader:240 - Cannot read IP mode file for STMicroelectronics.X-CUBE-DISPLAY.3.0.0
2026-01-10 14:46:44,382 [WARN] PackLoader:240 - Cannot read IP mode file for STMicroelectronics.X-CUBE-BLE1.7.0.0
2026-01-10 14:46:44,396 [WARN] PackLoader:240 - Cannot read IP mode file for STMicroelectronics.X-CUBE-NFC10.1.0.0
2026-01-10 14:46:44,417 [WARN] PackLoader:240 - Cannot read IP mode file for STMicroelectronics.X-CUBE-BLEMGR.4.0.0
2026-01-10 14:46:44,434 [WARN] PackLoader:240 - Cannot read IP mode file for STMicroelectronics.X-CUBE-ST60.1.1.0
2026-01-10 14:46:44,450 [WARN] PackLoader:240 - Cannot read IP mode file for emotas.I-CUBE-CANOPEN.1.3.0
2026-01-10 14:46:44,466 [WARN] PackLoader:240 - Cannot read IP mode file for STMicroelectronics.X-CUBE-GNSS1.7.1.0
2026-01-10 14:46:44,490 [WARN] PackLoader:240 - Cannot read IP mode file for STMicroelectronics.X-CUBE-BLEMGR.3.1.0
2026-01-10 14:46:44,504 [WARN] PackLoader:240 - Cannot read IP mode file for STMicroelectronics.X-CUBE-AI.10.0.0
2026-01-10 14:46:44,511 [ERROR] Engine:466 - C:\Users\kamil\.stm32cubemx\thirdparties\pdsc\STMicroelectronics.FP-SNS-STBOX1.2.1.0.pdsc: PDSC version is not supported
2026-01-10 14:46:44,521 [WARN] PackLoader:240 - Cannot read IP mode file for STMicroelectronics.FP-SNS-SMARTAG2.1.2.0
2026-01-10 14:46:44,529 [WARN] PackLoader:240 - Cannot read IP mode file for STMicroelectronics.FP-SNS-FLIGHT1.5.1.0
2026-01-10 14:46:44,614 [WARN] PackLoader:240 - Cannot read IP mode file for STMicroelectronics.X-CUBE-MEMS1.11.1.0
2026-01-10 14:46:44,855 [INFO] LogOutputStream:77 - [STDOUT_REDIRECT] 1 : Invalid condition id : UX_CORESTACK_Condition cause : null
2026-01-10 14:46:44,856 [INFO] LogOutputStream:77 - [STDOUT_REDIRECT] 1 : Invalid condition id : UX_CORESTACK_Condition cause : null
2026-01-10 14:46:44,860 [INFO] LogOutputStream:77 - [STDOUT_REDIRECT] 1 : Invalid condition id : UX_CORESTACK_Condition cause : null
2026-01-10 14:46:44,862 [INFO] LogOutputStream:77 - [STDOUT_REDIRECT] 1 : Invalid condition id : UX_CORESTACK_Condition cause : null
2026-01-10 14:46:44,864 [INFO] LogOutputStream:77 - [STDOUT_REDIRECT] 1 : Invalid condition id : UX_CORESTACK_Condition cause : null
2026-01-10 14:46:44,870 [WARN] PackLoader:240 - Cannot read IP mode file for STMicroelectronics.X-CUBE-AZRTOS-WL.2.0.0
2026-01-10 14:46:44,878 [WARN] PackLoader:240 - Cannot read IP mode file for STMicroelectronics.FP-SNS-MOTENV1.5.0.0
2026-01-10 14:46:44,908 [WARN] PackLoader:240 - Cannot read IP mode file for STMicroelectronics.X-CUBE-AZRTOS-H7RS.1.2.0
2026-01-10 14:46:44,914 [WARN] PackLoader:240 - Cannot read IP mode file for wolfSSL.I-CUBE-wolfMQTT.1.19.0
2026-01-10 14:46:44,923 [WARN] PackLoader:240 - Cannot read IP mode file for WES.I-CUBE-Cesium.1.3.0
2026-01-10 14:46:44,929 [WARN] PackLoader:240 - Cannot read IP mode file for STMicroelectronics.X-CUBE-BLE2.3.3.0
2026-01-10 14:46:44,955 [WARN] PackLoader:240 - Cannot read IP mode file for STMicroelectronics.X-CUBE-NFC9.1.0.0
2026-01-10 14:46:44,962 [WARN] PackLoader:240 - Cannot read IP mode file for STMicroelectronics.X-CUBE-BLE1.7.1.0
2026-01-10 14:46:44,967 [WARN] PackLoader:240 - Cannot read IP mode file for STMicroelectronics.X-CUBE-TCPP.4.1.0
2026-01-10 14:46:44,972 [ERROR] Engine:466 - C:\Users\kamil\.stm32cubemx\thirdparties\pdsc\STMicroelectronics.X-CUBE-FREERTOS.1.4.0.pdsc: PDSC version is not supported
2026-01-10 14:46:44,979 [WARN] PackLoader:240 - Cannot read IP mode file for STMicroelectronics.X-CUBE-EEPRMA1.5.2.0
2026-01-10 14:46:44,984 [ERROR] Engine:466 - C:\Users\kamil\.stm32cubemx\thirdparties\pdsc\STMicroelectronics.X-CUBE-ST67W61.1.1.0.pdsc: PDSC version is not supported
2026-01-10 14:46:45,017 [WARN] PackLoader:240 - Cannot read IP mode file for STMicroelectronics.X-CUBE-MEMS1.12.0.0
2026-01-10 14:46:45,100 [WARN] PackLoader:240 - Cannot read IP mode file for STMicroelectronics.X-CUBE-AZRTOS-G0.1.1.0
2026-01-10 14:46:45,112 [WARN] PackLoader:240 - Cannot read IP mode file for STMicroelectronics.X-CUBE-SAFEA1.1.2.2
2026-01-10 14:46:45,145 [WARN] PackLoader:240 - Cannot read IP mode file for STMicroelectronics.X-CUBE-NFC4.3.0.0
2026-01-10 14:46:45,160 [WARN] PackLoader:240 - Cannot read IP mode file for EmbeddedOffice.I-CUBE-FS-RTOS.1.0.1
2026-01-10 14:46:45,166 [WARN] PackLoader:240 - Cannot read IP mode file for STMicroelectronics.X-CUBE-WB05N.2.0.0
2026-01-10 14:46:45,173 [WARN] PackLoader:240 - Cannot read IP mode file for STMicroelectronics.X-CUBE-TCPP.4.2.0
2026-01-10 14:46:45,181 [WARN] PackLoader:240 - Cannot read IP mode file for RealThread.X-CUBE-RT-Thread_Nano.4.1.1
2026-01-10 14:46:45,187 [WARN] PackLoader:240 - Cannot read IP mode file for STMicroelectronics.FP-ATR-SIGFOX1.3.2.0
2026-01-10 14:46:45,192 [WARN] PackLoader:240 - Cannot read IP mode file for wolfSSL.I-CUBE-wolfSSL.5.7.2
2026-01-10 14:46:45,196 [WARN] ConditionMgr:438 - getConditionDescription Invalid condition id : Cortex-A Device cause : null
2026-01-10 14:46:45,231 [WARN] ConditionMgr:1044 - genDependencies : Invalid condition id : Cortex-A Device cause : null
2026-01-10 14:46:45,232 [WARN] ConditionMgr:1044 - genDependencies : Invalid condition id : Cortex-A Device cause : null
2026-01-10 14:46:45,232 [WARN] ConditionMgr:1044 - genDependencies : Invalid condition id : Cortex-A Device cause : null
2026-01-10 14:46:45,235 [WARN] PackLoader:240 - Cannot read IP mode file for STMicroelectronics.X-CUBE-EEPRMA1.5.1.0
2026-01-10 14:46:45,242 [WARN] PackLoader:240 - Cannot read IP mode file for ITTIA_DB.I-CUBE-ITTIADB.8.9.0
2026-01-10 14:46:45,249 [WARN] PackLoader:240 - Cannot read IP mode file for STMicroelectronics.X-CUBE-ST67W61.1.0.0
2026-01-10 14:46:45,252 [WARN] PackLoader:240 - Cannot read IP mode file for STMicroelectronics.X-CUBE-AI.10.2.0
2026-01-10 14:46:45,269 [WARN] PackLoader:240 - Cannot read IP mode file for SEGGER.I-CUBE-embOS.1.3.1
2026-01-10 14:46:45,293 [WARN] PackLoader:240 - Cannot read IP mode file for STMicroelectronics.X-CUBE-ALGOBUILD.1.4.0
2026-01-10 14:46:45,320 [WARN] PackLoader:240 - Cannot read IP mode file for STMicroelectronics.X-CUBE-MEMS1.11.3.0
2026-01-10 14:46:45,433 [WARN] PackLoader:240 - Cannot read IP mode file for STMicroelectronics.X-CUBE-AI.9.1.0
2026-01-10 14:46:45,440 [WARN] PackLoader:240 - Cannot read IP mode file for STMicroelectronics.X-CUBE-PM33A1.1.0.0
2026-01-10 14:46:45,468 [WARN] PackLoader:240 - Cannot read IP mode file for STMicroelectronics.X-CUBE-AZRTOS-F4.1.1.0
2026-01-10 14:46:45,477 [WARN] PackLoader:240 - Cannot read IP mode file for STMicroelectronics.X-CUBE-ISPU.2.1.0
2026-01-10 14:46:45,483 [ERROR] Engine:466 - C:\Users\kamil\.stm32cubemx\thirdparties\pdsc\STMicroelectronics.X-CUBE-IPS.3.2.0.pdsc: PDSC version is not supported
2026-01-10 14:46:45,489 [WARN] PackLoader:240 - Cannot read IP mode file for STMicroelectronics.X-CUBE-FREERTOS.1.2.0
2026-01-10 14:46:45,498 [WARN] PackLoader:240 - Cannot read IP mode file for STMicroelectronics.X-CUBE-NFC12.1.0.0
2026-01-10 14:46:45,522 [WARN] PackLoader:240 - Cannot read IP mode file for STMicroelectronics.X-CUBE-AZRTOS-L5.2.0.0
2026-01-10 14:46:45,539 [WARN] PackLoader:240 - Cannot read IP mode file for STMicroelectronics.X-CUBE-NFC6.3.1.0
2026-01-10 14:46:45,558 [WARN] PackLoader:240 - Cannot read IP mode file for STMicroelectronics.X-CUBE-DPower.1.2.0
2026-01-10 14:46:45,565 [WARN] PackLoader:240 - Cannot read IP mode file for STMicroelectronics.X-CUBE-FREERTOS.1.3.1
2026-01-10 14:46:45,580 [WARN] PackLoader:240 - Cannot read IP mode file for STMicroelectronics.X-CUBE-FREERTOS.1.3.0
2026-01-10 14:46:45,587 [WARN] PackLoader:240 - Cannot read IP mode file for STMicroelectronics.X-CUBE-NFC7.1.0.1
2026-01-10 14:46:45,595 [WARN] PackLoader:240 - Cannot read IP mode file for STMicroelectronics.X-CUBE-TOUCHGFX.4.26.0
2026-01-10 14:46:45,608 [WARN] PackLoader:240 - Cannot read IP mode file for STMicroelectronics.FP-SNS-STAIOTCFT.1.0.0
2026-01-10 14:46:45,616 [WARN] PackLoader:240 - Cannot read IP mode file for STMicroelectronics.X-CUBE-DPower.1.3.0
2026-01-10 14:46:45,619 [INFO] WebApp:449 - Apply proxy settings
2026-01-10 14:46:45,619 [INFO] WebApp:534 - Chromium requires no authentication
2026-01-10 14:46:45,633 [WARN] ConditionMgr:438 - getConditionDescription Invalid condition id : LAN8742 Phy interface Condition cause : null
2026-01-10 14:46:45,633 [WARN] PackLoader:240 - Cannot read IP mode file for STMicroelectronics.X-CUBE-AZRTOS-L4.2.0.0
2026-01-10 14:46:45,635 [WARN] ConditionMgr:1044 - genDependencies : Invalid condition id : LAN8742 Phy interface Condition cause : null
2026-01-10 14:46:45,635 [WARN] ConditionMgr:1044 - genDependencies : Invalid condition id : LAN8742 Phy interface Condition cause : null
2026-01-10 14:46:45,635 [WARN] ConditionMgr:1044 - genDependencies : Invalid condition id : LAN8742 Phy interface Condition cause : null
2026-01-10 14:46:45,642 [INFO] WebApp:477 - Direct internet connection detected
2026-01-10 14:46:45,643 [WARN] PackLoader:240 - Cannot read IP mode file for STMicroelectronics.X-CUBE-SFXS2LP1.4.0.0
2026-01-10 14:46:45,662 [WARN] PackLoader:240 - Cannot read IP mode file for STMicroelectronics.X-CUBE-AZRTOS-H7.3.3.0
2026-01-10 14:46:45,673 [WARN] PackLoader:240 - Cannot read IP mode file for STMicroelectronics.X-CUBE-BLEMGR.4.1.0
2026-01-10 14:46:45,683 [WARN] PackLoader:240 - Cannot read IP mode file for STMicroelectronics.X-CUBE-IPS.3.0.0
2026-01-10 14:46:45,695 [WARN] ConditionMgr:438 - getConditionDescription Invalid condition id : UX DEVICE CLASS RTOS Condition cause : null
2026-01-10 14:46:45,695 [WARN] ConditionMgr:438 - getConditionDescription Invalid condition id : UX DEVICE CLASS RTOS Condition cause : null
2026-01-10 14:46:45,696 [WARN] PackLoader:240 - Cannot read IP mode file for STMicroelectronics.X-CUBE-AZRTOS-WB.2.0.0
2026-01-10 14:46:45,697 [WARN] ConditionMgr:1044 - genDependencies : Invalid condition id : UX DEVICE CLASS RTOS Condition cause : null
2026-01-10 14:46:45,697 [WARN] ConditionMgr:1044 - genDependencies : Invalid condition id : UX DEVICE CLASS RTOS Condition cause : null
2026-01-10 14:46:45,697 [WARN] ConditionMgr:1044 - genDependencies : Invalid condition id : UX DEVICE CLASS RTOS Condition cause : null
2026-01-10 14:46:45,697 [WARN] ConditionMgr:1044 - genDependencies : Invalid condition id : UX DEVICE CLASS RTOS Condition cause : null
2026-01-10 14:46:45,697 [WARN] ConditionMgr:1044 - genDependencies : Invalid condition id : UX DEVICE CLASS RTOS Condition cause : null
2026-01-10 14:46:45,699 [INFO] WebApp:880 - Register for checkConnection events
2026-01-10 14:46:45,700 [INFO] WebApp:449 - Apply proxy settings
2026-01-10 14:46:45,700 [INFO] WebApp:534 - Chromium requires no authentication
2026-01-10 14:46:45,701 [INFO] WebApp:477 - Direct internet connection detected
2026-01-10 14:46:45,702 [WARN] PackLoader:240 - Cannot read IP mode file for STMicroelectronics.X-CUBE-GNSS1.7.0.0
2026-01-10 14:46:45,709 [WARN] PackLoader:240 - Cannot read IP mode file for STMicroelectronics.X-CUBE-GNSS1.7.0.1
2026-01-10 14:46:45,715 [WARN] PackLoader:240 - Cannot read IP mode file for STMicroelectronics.X-CUBE-TOUCHGFX.4.25.0
2026-01-10 14:46:45,722 [WARN] PackLoader:240 - Cannot read IP mode file for STMicroelectronics.FP-SNS-STBOX1.2.0.0
2026-01-10 14:46:45,734 [WARN] PackLoader:240 - Cannot read IP mode file for STMicroelectronics.X-CUBE-SUBG2.5.0.0
2026-01-10 14:46:45,753 [WARN] PackLoader:240 - Cannot read IP mode file for STMicroelectronics.X-CUBE-AZRTOS-H7RS.1.1.0
2026-01-10 14:46:45,760 [WARN] PackLoader:240 - Cannot read IP mode file for Cesanta.I-CUBE-Mongoose.7.13.0
2026-01-10 14:46:45,771 [WARN] PackLoader:240 - Cannot read IP mode file for STMicroelectronics.X-CUBE-AZRTOS-G4.2.0.0
2026-01-10 14:46:45,775 [WARN] PackLoader:240 - Cannot read IP mode file for STMicroelectronics.X-CUBE-NFC7.2.0.0
2026-01-10 14:46:45,784 [WARN] PackLoader:240 - Cannot read IP mode file for STMicroelectronics.X-CUBE-IPS.3.1.0
2026-01-10 14:46:45,794 [WARN] PackLoader:240 - Cannot read IP mode file for STMicroelectronics.X-CUBE-ALS.1.0.2
2026-01-10 14:46:45,798 [WARN] PackLoader:240 - Cannot read IP mode file for STMicroelectronics.X-CUBE-TOUCHGFX.4.24.1
2026-01-10 14:46:45,804 [WARN] PackLoader:240 - Cannot read IP mode file for STMicroelectronics.X-CUBE-STSE01.1.0.0
2026-01-10 14:46:45,814 [WARN] PackLoader:240 - Cannot read IP mode file for wolfSSL.I-CUBE-wolfTPM.3.4.0
2026-01-10 14:46:45,823 [WARN] PackLoader:240 - Cannot read IP mode file for portGmbH.I-Cube-SoM-uGOAL.1.1.0
2026-01-10 14:46:45,840 [WARN] PackLoader:240 - Cannot read IP mode file for STMicroelectronics.X-CUBE-AZRTOS-H7RS.1.0.0
2026-01-10 14:46:45,846 [WARN] PackLoader:240 - Cannot read IP mode file for STMicroelectronics.FP-ATR-ASTRA1.2.0.0
2026-01-10 14:46:45,854 [WARN] PackLoader:240 - Cannot read IP mode file for STMicroelectronics.X-CUBE-TOF1.3.4.2
2026-01-10 14:46:45,879 [WARN] PackLoader:240 - Cannot read IP mode file for STMicroelectronics.X-CUBE-TOF1.3.4.3
2026-01-10 14:46:45,908 [WARN] PackLoader:240 - Cannot read IP mode file for Infineon.AIROC-Wi-Fi-Bluetooth-STM32.1.6.1
2026-01-10 14:46:45,916 [WARN] PackLoader:240 - Cannot read IP mode file for wolfSSL.I-CUBE-wolfSSH.1.4.17
2026-01-10 14:46:45,917 [INFO] ThirdParty:978 - Integrity check success = true
2026-01-10 14:46:45,918 [INFO] IntegrityCheckThread:100 - exiting critical section [integrity check]
2026-01-10 14:46:45,918 [INFO] IntegrityCheckThread:103 - End integrity checks thread
2026-01-10 14:46:45,951 [INFO] WebApp:187 - Connection restablished
2026-01-10 14:46:46,072 [INFO] WebApp:221 - Starting web application
2026-01-10 14:46:46,072 [INFO] WebApp:579 - Web application path used C:\ST\STM32CubeIDE_1.17.0\STM32CubeIDE\plugins\com.st.stm32cube.common.mx_6.13.0.202411220809\db\plugins\mcufinder\reactClient1\index.html
2026-01-10 14:48:18,221 [ERROR] LogOutputStream:75 - [STDERR_REDIRECT] 
2026-01-10 14:48:36,404 [INFO] Activator:176 - 


2026-01-10 14:48:36,406 [INFO] Activator:177 - !SESSION log4j initialized
2026-01-10 14:48:42,065 [INFO] LogOutputStream:77 - [STDOUT_REDIRECT] 
2026-01-10 14:48:43,270 [INFO] ApplicationProperties:184 - Using Application install path: C:\ST\STM32CubeIDE_1.17.0\STM32CubeIDE\plugins\com.st.stm32cube.common.mx_6.13.0.202411220809
2026-01-10 14:48:43,293 [INFO] DbMcusXml:78 - Set database path to: C:\ST\STM32CubeIDE_1.17.0\STM32CubeIDE\plugins\com.st.stm32cube.common.mx_6.13.0.202411220809\\db\/mcu/
2026-01-10 14:48:43,298 [INFO] ApiDb:274 - Set plugin database path to: C:\ST\STM32CubeIDE_1.17.0\STM32CubeIDE\plugins\com.st.stm32cube.common.mx_6.13.0.202411220809\\db\/plugins/boardmanager/
2026-01-10 14:48:43,298 [WARN] ApiDb:259 - Overriding images path with different value:  => C:\ST\STM32CubeIDE_1.17.0\STM32CubeIDE\plugins\com.st.stm32cube.common.mx_6.13.0.202411220809\\db\/plugins/mcufinder/images/
2026-01-10 14:48:43,305 [INFO] ApiDb:250 - Set database path to: C:\Users\kamil\.stmcufinder\plugins\mcufinder//mcu/
2026-01-10 14:48:43,306 [INFO] DbMcusAds:125 - Set database path to: C:\Users\kamil\.stmcufinder\plugins\mcufinder//mcu/
2026-01-10 14:48:43,309 [INFO] CrossReferenceDbSqlite:203 - Set database path to: C:\Users\kamil\.stmcufinder\plugins\mcufinder//mcu/cs/
2026-01-10 14:48:43,458 [INFO] RulesReader:64 - Compatibility file has been processed (297 Rules)
2026-01-10 14:48:43,567 [INFO] DbMcusXml:78 - Set database path to: C:\ST\STM32CubeIDE_1.17.0\STM32CubeIDE\plugins\com.st.stm32cube.common.mx_6.13.0.202411220809\\db\/mcu/
2026-01-10 14:48:43,567 [INFO] ApiDb:274 - Set plugin database path to: C:\ST\STM32CubeIDE_1.17.0\STM32CubeIDE\plugins\com.st.stm32cube.common.mx_6.13.0.202411220809\\db\/plugins/boardmanager/
2026-01-10 14:48:43,567 [INFO] ApiDb:261 - Set plugin images path to: C:\ST\STM32CubeIDE_1.17.0\STM32CubeIDE\plugins\com.st.stm32cube.common.mx_6.13.0.202411220809\\db\/plugins/mcufinder/images/
2026-01-10 14:48:43,568 [WARN] DbFile:41 - Overriding database path with different value: C:\Users\kamil\.stmcufinder\plugins\mcufinder/ => C:\Users\kamil\.stmcufinder\plugins\mcufinder
2026-01-10 14:48:43,568 [INFO] ApiDb:250 - Set database path to: C:\Users\kamil\.stmcufinder\plugins\mcufinder//mcu/
2026-01-10 14:48:43,568 [WARN] DbFile:41 - Overriding database path with different value: C:\Users\kamil\.stmcufinder\plugins\mcufinder/ => C:\Users\kamil\.stmcufinder\plugins\mcufinder
2026-01-10 14:48:43,568 [INFO] DbMcusAds:125 - Set database path to: C:\Users\kamil\.stmcufinder\plugins\mcufinder//mcu/
2026-01-10 14:48:43,568 [WARN] DbFile:41 - Overriding database path with different value: C:\Users\kamil\.stmcufinder\plugins\mcufinder/ => C:\Users\kamil\.stmcufinder\plugins\mcufinder
2026-01-10 14:48:43,568 [WARN] DbFile:41 - Overriding database path with different value: C:\Users\kamil\.stmcufinder\plugins\mcufinder/ => C:\Users\kamil\.stmcufinder\plugins\mcufinder
2026-01-10 14:48:43,568 [INFO] CrossReferenceDbSqlite:203 - Set database path to: C:\Users\kamil\.stmcufinder\plugins\mcufinder//mcu/cs/
2026-01-10 14:48:43,727 [INFO] MainPanel:272 - HeapMemory: 268435456
2026-01-10 14:48:43,831 [INFO] DbMcusXml:78 - Set database path to: C:\ST\STM32CubeIDE_1.17.0\STM32CubeIDE\plugins\com.st.stm32cube.common.mx_6.13.0.202411220809\\db\/mcu/
2026-01-10 14:48:43,831 [INFO] ApiDb:274 - Set plugin database path to: C:\ST\STM32CubeIDE_1.17.0\STM32CubeIDE\plugins\com.st.stm32cube.common.mx_6.13.0.202411220809\\db\/plugins/boardmanager/
2026-01-10 14:48:43,832 [INFO] ApiDb:261 - Set plugin images path to: C:\ST\STM32CubeIDE_1.17.0\STM32CubeIDE\plugins\com.st.stm32cube.common.mx_6.13.0.202411220809\\db\/plugins/mcufinder/images/
2026-01-10 14:48:43,832 [WARN] DbFile:41 - Overriding database path with different value: C:\Users\kamil\.stmcufinder\plugins\mcufinder/ => C:\Users\kamil\.stmcufinder\plugins\mcufinder
2026-01-10 14:48:43,832 [INFO] ApiDb:250 - Set database path to: C:\Users\kamil\.stmcufinder\plugins\mcufinder//mcu/
2026-01-10 14:48:43,832 [WARN] DbFile:41 - Overriding database path with different value: C:\Users\kamil\.stmcufinder\plugins\mcufinder/ => C:\Users\kamil\.stmcufinder\plugins\mcufinder
2026-01-10 14:48:43,832 [INFO] DbMcusAds:125 - Set database path to: C:\Users\kamil\.stmcufinder\plugins\mcufinder//mcu/
2026-01-10 14:48:43,833 [WARN] DbFile:41 - Overriding database path with different value: C:\Users\kamil\.stmcufinder\plugins\mcufinder/ => C:\Users\kamil\.stmcufinder\plugins\mcufinder
2026-01-10 14:48:43,833 [WARN] DbFile:41 - Overriding database path with different value: C:\Users\kamil\.stmcufinder\plugins\mcufinder/ => C:\Users\kamil\.stmcufinder\plugins\mcufinder
2026-01-10 14:48:43,833 [INFO] CrossReferenceDbSqlite:203 - Set database path to: C:\Users\kamil\.stmcufinder\plugins\mcufinder//mcu/cs/
2026-01-10 14:48:43,863 [INFO] ApplicationProperties:184 - Using Application install path: C:\ST\STM32CubeIDE_1.17.0\STM32CubeIDE\plugins\com.st.stm32cube.common.mx_6.13.0.202411220809
2026-01-10 14:48:43,866 [INFO] PluginManage:196 - Search for loadable plugins [exclusion list=, ]
2026-01-10 14:48:43,868 [INFO] PluginManage:310 - Check plugin analytics
2026-01-10 14:48:44,147 [INFO] AnalyticsPlugin:253 - Accepted Software Licenses: 
2026-01-10 14:48:44,147 [INFO] AnalyticsPlugin:255 - Accepted CMSIS Pack Licenses: 
2026-01-10 14:48:44,148 [INFO] AnalyticsPlugin:257 - Accepted Firmware Licenses: FW.F7.1.17.0,FW.H7.1.12.0
2026-01-10 14:48:44,152 [INFO] PluginManage:359 - Loaded plugin analytics (category:tool,tabindex:-1)
2026-01-10 14:48:44,153 [INFO] PluginManage:310 - Check plugin cadmodel
2026-01-10 14:48:44,158 [INFO] CADModel:105 - Init CAD model plugin
2026-01-10 14:48:44,158 [INFO] PluginManage:359 - Loaded plugin cadmodel (category:power,tabindex:5)
2026-01-10 14:48:44,159 [INFO] PluginManage:310 - Check plugin clock
2026-01-10 14:48:44,168 [INFO] PluginManage:359 - Loaded plugin clock (category:base,tabindex:2)
2026-01-10 14:48:44,168 [INFO] PluginManage:310 - Check plugin ddr
2026-01-10 14:48:44,170 [INFO] PluginManage:359 - Loaded plugin ddr (category:tool,tabindex:6)
2026-01-10 14:48:44,170 [INFO] PluginManage:310 - Check plugin filemanager
2026-01-10 14:48:44,370 [INFO] PluginManage:359 - Loaded plugin filemanager (category:base,tabindex:10)
2026-01-10 14:48:44,370 [INFO] PluginManage:310 - Check plugin ipmanager
2026-01-10 14:48:44,383 [INFO] PluginManage:359 - Loaded plugin ipmanager (category:base,tabindex:5)
2026-01-10 14:48:44,383 [INFO] PluginManage:310 - Check plugin lpbam
2026-01-10 14:48:44,396 [INFO] PluginManage:359 - Loaded plugin lpbam (category:base,tabindex:0)
2026-01-10 14:48:44,396 [INFO] PluginManage:310 - Check plugin memorymap
2026-01-10 14:48:44,418 [INFO] PluginManage:359 - Loaded plugin memorymap (category:base,tabindex:4)
2026-01-10 14:48:44,418 [INFO] PluginManage:310 - Check plugin pinoutandconfiguration
2026-01-10 14:48:44,431 [INFO] PluginManage:359 - Loaded plugin pinoutandconfiguration (category:base,tabindex:1)
2026-01-10 14:48:44,431 [INFO] PluginManage:310 - Check plugin pinoutconfig
2026-01-10 14:48:44,548 [WARN] SupportedApi:132 - Cannot load RTOS API schema: s4s-elt-must-match.1: The content of 'definitions' must match (annotation?, (simpleType | complexType)?, (unique | key | keyref)*)). A problem was found starting at: attribute.
2026-01-10 14:48:44,758 [INFO] PluginManage:359 - Loaded plugin pinoutconfig (category:base,tabindex:0)
2026-01-10 14:48:44,758 [INFO] PluginManage:310 - Check plugin power
2026-01-10 14:48:44,770 [INFO] PluginManage:359 - Loaded plugin power (category:power,tabindex:4)
2026-01-10 14:48:44,770 [INFO] PluginManage:310 - Check plugin projectmanager
2026-01-10 14:48:44,791 [INFO] PluginManage:359 - Loaded plugin projectmanager (category:projectmanager,tabindex:4)
2026-01-10 14:48:44,792 [INFO] PluginManage:310 - Check plugin rif
2026-01-10 14:48:44,802 [INFO] PluginManage:359 - Loaded plugin rif (category:base,tabindex:3)
2026-01-10 14:48:44,802 [INFO] PluginManage:310 - Check plugin thirdparty
2026-01-10 14:48:45,016 [INFO] PluginManage:359 - Loaded plugin thirdparty (category:base,tabindex:-1)
2026-01-10 14:48:45,016 [WARN] IntegrityCheckThread:84 - waiting for thirdparty lock release [integrity check]
2026-01-10 14:48:45,017 [INFO] PluginManage:310 - Check plugin tools
2026-01-10 14:48:45,017 [INFO] IntegrityCheckThread:86 - entering critical section [integrity check]
2026-01-10 14:48:45,018 [INFO] ThirdPartyUpdaterWithRetryManager:70 - Updater plugin not ready yet. [1/15]
2026-01-10 14:48:45,021 [INFO] PluginManage:359 - Loaded plugin tools (category:base,tabindex:7)
2026-01-10 14:48:45,022 [INFO] PluginManage:310 - Check plugin tutovideos
2026-01-10 14:48:45,222 [INFO] PluginManage:359 - Loaded plugin tutovideos (category:base,tabindex:-1)
2026-01-10 14:48:45,222 [INFO] PluginManage:310 - Check plugin updater
2026-01-10 14:48:45,256 [INFO] PluginManage:359 - Loaded plugin updater (category:base,tabindex:12)
2026-01-10 14:48:45,256 [INFO] PluginManage:310 - Check plugin userauth
2026-01-10 14:48:45,263 [INFO] UserAuth:118 - Init User Auth plugin
2026-01-10 14:48:45,266 [INFO] PluginManage:359 - Loaded plugin userauth (category:base,tabindex:14)
2026-01-10 14:48:45,267 [INFO] PluginManage:283 - PluginManage : Loaded plugins [18]
2026-01-10 14:48:45,582 [INFO] PinOutPanel:1589 - setPackage(No Configuration,No Configuration)
2026-01-10 14:48:45,680 [INFO] CADModel:165 - CPN selected for project level
2026-01-10 14:48:45,680 [INFO] CADModel:114 - Register for checkConnection events
2026-01-10 14:48:45,700 [INFO] IPUIPlugin:80 - create IPUIPlugin
2026-01-10 14:48:45,700 [INFO] PluginManager:220 - loadIPPluginJar : add adc
2026-01-10 14:48:45,705 [INFO] IPUIPlugin:80 - create IPUIPlugin
2026-01-10 14:48:45,705 [INFO] PluginManager:220 - loadIPPluginJar : add aes
2026-01-10 14:48:45,708 [INFO] IPUIPlugin:80 - create IPUIPlugin
2026-01-10 14:48:45,708 [INFO] PluginManager:220 - loadIPPluginJar : add can
2026-01-10 14:48:45,710 [INFO] IPUIPlugin:80 - create IPUIPlugin
2026-01-10 14:48:45,710 [INFO] PluginManager:220 - loadIPPluginJar : add comp
2026-01-10 14:48:45,712 [INFO] IPUIPlugin:80 - create IPUIPlugin
2026-01-10 14:48:45,713 [INFO] PluginManager:220 - loadIPPluginJar : add cryp
2026-01-10 14:48:45,715 [INFO] IPUIPlugin:80 - create IPUIPlugin
2026-01-10 14:48:45,716 [INFO] PluginManager:220 - loadIPPluginJar : add ddr_ctrl_phy
2026-01-10 14:48:45,718 [INFO] IPUIPlugin:80 - create IPUIPlugin
2026-01-10 14:48:45,719 [INFO] PluginManager:220 - loadIPPluginJar : add dfsdm
2026-01-10 14:48:45,725 [INFO] IPUIPlugin:80 - create IPUIPlugin
2026-01-10 14:48:45,726 [INFO] PluginManager:220 - loadIPPluginJar : add dma
2026-01-10 14:48:45,729 [INFO] IPUIPlugin:80 - create IPUIPlugin
2026-01-10 14:48:45,729 [INFO] PluginManager:220 - loadIPPluginJar : add dma3
2026-01-10 14:48:45,732 [INFO] IPUIPlugin:80 - create IPUIPlugin
2026-01-10 14:48:45,732 [INFO] PluginManager:220 - loadIPPluginJar : add extmemmanager
2026-01-10 14:48:45,734 [INFO] IPUIPlugin:80 - create IPUIPlugin
2026-01-10 14:48:45,734 [INFO] PluginManager:220 - loadIPPluginJar : add fatfs
2026-01-10 14:48:45,740 [INFO] IPUIPlugin:80 - create IPUIPlugin
2026-01-10 14:48:45,740 [INFO] PluginManager:220 - loadIPPluginJar : add fmc
2026-01-10 14:48:45,745 [INFO] IPUIPlugin:80 - create IPUIPlugin
2026-01-10 14:48:45,745 [INFO] PluginManager:220 - loadIPPluginJar : add freertos
2026-01-10 14:48:45,747 [INFO] IPUIPlugin:80 - create IPUIPlugin
2026-01-10 14:48:45,747 [INFO] PluginManager:220 - loadIPPluginJar : add genericplugin
2026-01-10 14:48:45,750 [INFO] IPUIPlugin:80 - create IPUIPlugin
2026-01-10 14:48:45,750 [INFO] PluginManager:220 - loadIPPluginJar : add gfxmmu
2026-01-10 14:48:45,757 [INFO] IPUIPlugin:80 - create IPUIPlugin
2026-01-10 14:48:45,757 [INFO] PluginManager:220 - loadIPPluginJar : add gic
2026-01-10 14:48:45,762 [INFO] IPUIPlugin:80 - create IPUIPlugin
2026-01-10 14:48:45,762 [INFO] PluginManager:220 - loadIPPluginJar : add gpio
2026-01-10 14:48:45,766 [INFO] IPUIPlugin:80 - create IPUIPlugin
2026-01-10 14:48:45,766 [INFO] PluginManager:220 - loadIPPluginJar : add gtzc
2026-01-10 14:48:45,768 [INFO] IPUIPlugin:80 - create IPUIPlugin
2026-01-10 14:48:45,769 [INFO] PluginManager:220 - loadIPPluginJar : add hash
2026-01-10 14:48:45,771 [INFO] IPUIPlugin:80 - create IPUIPlugin
2026-01-10 14:48:45,771 [INFO] PluginManager:220 - loadIPPluginJar : add i2c
2026-01-10 14:48:45,774 [INFO] IPUIPlugin:80 - create IPUIPlugin
2026-01-10 14:48:45,774 [INFO] PluginManager:220 - loadIPPluginJar : add i2s
2026-01-10 14:48:45,777 [INFO] IPUIPlugin:80 - create IPUIPlugin
2026-01-10 14:48:45,777 [INFO] PluginManager:220 - loadIPPluginJar : add i3c
2026-01-10 14:48:45,781 [INFO] IPUIPlugin:80 - create IPUIPlugin
2026-01-10 14:48:45,781 [INFO] PluginManager:220 - loadIPPluginJar : add ipddr
2026-01-10 14:48:45,788 [INFO] IPUIPlugin:80 - create IPUIPlugin
2026-01-10 14:48:45,789 [INFO] PluginManager:220 - loadIPPluginJar : add linkedlist
2026-01-10 14:48:45,792 [INFO] IPUIPlugin:80 - create IPUIPlugin
2026-01-10 14:48:45,792 [INFO] PluginManager:220 - loadIPPluginJar : add lorawan
2026-01-10 14:48:45,794 [INFO] IPUIPlugin:80 - create IPUIPlugin
2026-01-10 14:48:45,794 [INFO] PluginManager:220 - loadIPPluginJar : add ltdc
2026-01-10 14:48:45,800 [INFO] IPUIPlugin:80 - create IPUIPlugin
2026-01-10 14:48:45,800 [INFO] PluginManager:220 - loadIPPluginJar : add mdma
2026-01-10 14:48:45,803 [INFO] IPUIPlugin:80 - create IPUIPlugin
2026-01-10 14:48:45,803 [INFO] PluginManager:220 - loadIPPluginJar : add nvic
2026-01-10 14:48:45,806 [INFO] IPUIPlugin:80 - create IPUIPlugin
2026-01-10 14:48:45,807 [INFO] PluginManager:220 - loadIPPluginJar : add opamp
2026-01-10 14:48:45,810 [INFO] IPUIPlugin:80 - create IPUIPlugin
2026-01-10 14:48:45,810 [INFO] PluginManager:220 - loadIPPluginJar : add openamp
2026-01-10 14:48:45,813 [INFO] IPUIPlugin:80 - create IPUIPlugin
2026-01-10 14:48:45,813 [INFO] PluginManager:220 - loadIPPluginJar : add pdm2pcm
2026-01-10 14:48:45,819 [INFO] IPUIPlugin:80 - create IPUIPlugin
2026-01-10 14:48:45,822 [INFO] PluginManager:220 - loadIPPluginJar : add plateformsettings
2026-01-10 14:48:45,824 [INFO] IPUIPlugin:80 - create IPUIPlugin
2026-01-10 14:48:45,824 [INFO] PluginManager:220 - loadIPPluginJar : add quadspi
2026-01-10 14:48:45,826 [INFO] IPUIPlugin:80 - create IPUIPlugin
2026-01-10 14:48:45,827 [INFO] PluginManager:220 - loadIPPluginJar : add radio
2026-01-10 14:48:45,831 [INFO] IPUIPlugin:80 - create IPUIPlugin
2026-01-10 14:48:45,831 [INFO] PluginManager:220 - loadIPPluginJar : add resmgrutility
2026-01-10 14:48:45,834 [INFO] IPUIPlugin:80 - create IPUIPlugin
2026-01-10 14:48:45,835 [INFO] PluginManager:220 - loadIPPluginJar : add sai
2026-01-10 14:48:45,837 [INFO] IPUIPlugin:80 - create IPUIPlugin
2026-01-10 14:48:45,838 [INFO] PluginManager:220 - loadIPPluginJar : add spi
2026-01-10 14:48:45,844 [INFO] IPUIPlugin:80 - create IPUIPlugin
2026-01-10 14:48:45,844 [INFO] PluginManager:220 - loadIPPluginJar : add stm32_wpan
2026-01-10 14:48:45,846 [INFO] IPUIPlugin:80 - create IPUIPlugin
2026-01-10 14:48:45,846 [INFO] PluginManager:220 - loadIPPluginJar : add tim
2026-01-10 14:48:45,850 [INFO] IPUIPlugin:80 - create IPUIPlugin
2026-01-10 14:48:45,850 [INFO] PluginManager:220 - loadIPPluginJar : add touchsensing
2026-01-10 14:48:45,852 [INFO] IPUIPlugin:80 - create IPUIPlugin
2026-01-10 14:48:45,852 [INFO] PluginManager:220 - loadIPPluginJar : add tracer_emb
2026-01-10 14:48:45,855 [INFO] IPUIPlugin:80 - create IPUIPlugin
2026-01-10 14:48:45,855 [INFO] PluginManager:220 - loadIPPluginJar : add ts
2026-01-10 14:48:45,856 [INFO] IPUIPlugin:80 - create IPUIPlugin
2026-01-10 14:48:45,856 [INFO] PluginManager:220 - loadIPPluginJar : add tsc
2026-01-10 14:48:45,859 [INFO] IPUIPlugin:80 - create IPUIPlugin
2026-01-10 14:48:45,859 [INFO] PluginManager:220 - loadIPPluginJar : add ucpd
2026-01-10 14:48:45,862 [INFO] IPUIPlugin:80 - create IPUIPlugin
2026-01-10 14:48:45,862 [INFO] PluginManager:220 - loadIPPluginJar : add usart
2026-01-10 14:48:45,867 [INFO] IPUIPlugin:80 - create IPUIPlugin
2026-01-10 14:48:45,867 [INFO] PluginManager:220 - loadIPPluginJar : add usbx
2026-01-10 14:48:46,016 [FATAL] Updater:351 - Updater called before beeing initialized
2026-01-10 14:48:46,054 [INFO] RulesReader:64 - Compatibility file has been processed (297 Rules)
2026-01-10 14:48:46,070 [INFO] RulesReader:64 - Compatibility file has been processed (297 Rules)
2026-01-10 14:48:46,095 [INFO] CADModel:165 - CPN selected for project level
2026-01-10 14:48:46,095 [INFO] CADModel:114 - Register for checkConnection events
2026-01-10 14:48:46,095 [FATAL] Updater:351 - Updater called before beeing initialized
2026-01-10 14:48:46,095 [ERROR] CADModel:125 - Updater not yet initialized, retry later 
2026-01-10 14:48:46,294 [FATAL] Updater:351 - Updater called before beeing initialized
2026-01-10 14:48:46,297 [INFO] CADModel:165 - CPN selected for project level
2026-01-10 14:48:46,298 [INFO] CADModel:114 - Register for checkConnection events
2026-01-10 14:48:46,298 [FATAL] Updater:351 - Updater called before beeing initialized
2026-01-10 14:48:46,298 [ERROR] CADModel:125 - Updater not yet initialized, retry later 
2026-01-10 14:48:46,301 [FATAL] Updater:351 - Updater called before beeing initialized
2026-01-10 14:48:46,417 [FATAL] Updater:351 - Updater called before beeing initialized
2026-01-10 14:48:46,422 [INFO] DbMcusAds:53 - JSON generation date=Tue Dec 16 00:11:46 CET 2025 (1765840306612)
2026-01-10 14:48:46,422 [FATAL] Updater:351 - Updater called before beeing initialized
2026-01-10 14:48:46,458 [WARN] DetailPanel:346 - Failed to get advertising image, set to default
2026-01-10 14:48:46,759 [FATAL] Updater:351 - Updater called before beeing initialized
2026-01-10 14:48:46,762 [FATAL] Updater:351 - Updater called before beeing initialized
2026-01-10 14:48:46,762 [FATAL] Updater:351 - Updater called before beeing initialized
2026-01-10 14:48:46,762 [WARN] DetailPanel:346 - Failed to get advertising image, set to default
2026-01-10 14:48:46,763 [FATAL] Updater:351 - Updater called before beeing initialized
2026-01-10 14:48:46,832 [ERROR] Updater:1198 - MainUpdater not yet initialized. External WinMGr cannot be set.
2026-01-10 14:48:46,834 [INFO] Updater:1134 - Updater Version found : 6.13.0
2026-01-10 14:48:46,858 [INFO] ApplicationProperties:184 - Using Application install path: C:\ST\STM32CubeIDE_1.17.0\STM32CubeIDE\plugins\com.st.stm32cube.common.mx_6.13.0.202411220809
2026-01-10 14:48:47,225 [INFO] MainUpdater:2872 - connection check result : 10
2026-01-10 14:48:47,225 [INFO] MainUpdater:289 - Updater Check For Update Now.
2026-01-10 14:48:47,226 [INFO] MicroXplorer:498 - Change Database Version : DB.6.0.130
2026-01-10 14:48:47,240 [INFO] McuFinderGlobals:63 - Set McuFinder mode to 2 (CubeIDE integrated)
2026-01-10 14:48:47,241 [INFO] UserAuth:171 - activating auth plugin
2026-01-10 14:48:47,244 [INFO] UserAuth:486 - Internet connection configuration mode: 1
2026-01-10 14:48:47,288 [INFO] JxBrowserEngine:152 - Initiate JxBrowser Engine with user profile folder
2026-01-10 14:48:47,437 [INFO] CheckServerUpdateThread:120 - End of CheckServer Thread
2026-01-10 14:48:48,200 [INFO] WebApp:168 - Instantiating new browser for Auth
2026-01-10 14:48:48,351 [WARN] PackLoader:240 - Cannot read IP mode file for STMicroelectronics.FP-SNS-MOTENVWB1.1.4.0
2026-01-10 14:48:48,372 [WARN] PackLoader:240 - Cannot read IP mode file for STMicroelectronics.FP-ATR-ASTRA1.2.0.2
2026-01-10 14:48:48,377 [WARN] PackLoader:240 - Cannot read IP mode file for STMicroelectronics.FP-ATR-ASTRA1.2.0.1
2026-01-10 14:48:48,393 [WARN] PackLoader:240 - Cannot read IP mode file for STMicroelectronics.X-CUBE-SMBUS.2.1.0
2026-01-10 14:48:48,406 [WARN] PackLoader:240 - Cannot read IP mode file for STMicroelectronics.X-CUBE-WB05N.1.1.0
2026-01-10 14:48:48,416 [WARN] PackLoader:240 - Cannot read IP mode file for STMicroelectronics.X-CUBE-ST60.1.0.0
2026-01-10 14:48:48,451 [WARN] PackLoader:240 - Cannot read IP mode file for STMicroelectronics.X-CUBE-AZRTOS-F7.1.1.0
2026-01-10 14:48:48,647 [WARN] PackLoader:240 - Cannot read IP mode file for STMicroelectronics.X-CUBE-MEMS1.11.0.0
2026-01-10 14:48:48,744 [ERROR] Engine:466 - C:\Users\kamil\.stm32cubemx\thirdparties\pdsc\STMicroelectronics.FP-SNS-MOTENV1.5.1.0.pdsc: PDSC version is not supported
2026-01-10 14:48:48,755 [WARN] PackLoader:240 - Cannot read IP mode file for STMicroelectronics.FP-SNS-FLIGHT1.5.0.2
2026-01-10 14:48:48,795 [WARN] PackLoader:240 - Cannot read IP mode file for STMicroelectronics.X-CUBE-AZRTOS-H7.3.4.0
2026-01-10 14:48:48,833 [WARN] PackLoader:240 - Cannot read IP mode file for STMicroelectronics.X-CUBE-DISPLAY.3.0.0
2026-01-10 14:48:48,846 [WARN] PackLoader:240 - Cannot read IP mode file for STMicroelectronics.X-CUBE-BLE1.7.0.0
2026-01-10 14:48:48,856 [WARN] PackLoader:240 - Cannot read IP mode file for STMicroelectronics.X-CUBE-NFC10.1.0.0
2026-01-10 14:48:48,869 [WARN] PackLoader:240 - Cannot read IP mode file for STMicroelectronics.X-CUBE-BLEMGR.4.0.0
2026-01-10 14:48:48,878 [WARN] PackLoader:240 - Cannot read IP mode file for STMicroelectronics.X-CUBE-ST60.1.1.0
2026-01-10 14:48:48,889 [WARN] PackLoader:240 - Cannot read IP mode file for emotas.I-CUBE-CANOPEN.1.3.0
2026-01-10 14:48:48,899 [WARN] PackLoader:240 - Cannot read IP mode file for STMicroelectronics.X-CUBE-GNSS1.7.1.0
2026-01-10 14:48:48,913 [WARN] PackLoader:240 - Cannot read IP mode file for STMicroelectronics.X-CUBE-BLEMGR.3.1.0
2026-01-10 14:48:48,921 [WARN] PackLoader:240 - Cannot read IP mode file for STMicroelectronics.X-CUBE-AI.10.0.0
2026-01-10 14:48:48,925 [ERROR] Engine:466 - C:\Users\kamil\.stm32cubemx\thirdparties\pdsc\STMicroelectronics.FP-SNS-STBOX1.2.1.0.pdsc: PDSC version is not supported
2026-01-10 14:48:48,930 [WARN] PackLoader:240 - Cannot read IP mode file for STMicroelectronics.FP-SNS-SMARTAG2.1.2.0
2026-01-10 14:48:48,935 [WARN] PackLoader:240 - Cannot read IP mode file for STMicroelectronics.FP-SNS-FLIGHT1.5.1.0
2026-01-10 14:48:48,976 [WARN] PackLoader:240 - Cannot read IP mode file for STMicroelectronics.X-CUBE-MEMS1.11.1.0
2026-01-10 14:48:49,127 [INFO] LogOutputStream:77 - [STDOUT_REDIRECT] 1 : Invalid condition id : UX_CORESTACK_Condition cause : null
2026-01-10 14:48:49,128 [INFO] LogOutputStream:77 - [STDOUT_REDIRECT] 1 : Invalid condition id : UX_CORESTACK_Condition cause : null
2026-01-10 14:48:49,129 [INFO] LogOutputStream:77 - [STDOUT_REDIRECT] 1 : Invalid condition id : UX_CORESTACK_Condition cause : null
2026-01-10 14:48:49,130 [INFO] LogOutputStream:77 - [STDOUT_REDIRECT] 1 : Invalid condition id : UX_CORESTACK_Condition cause : null
2026-01-10 14:48:49,132 [INFO] LogOutputStream:77 - [STDOUT_REDIRECT] 1 : Invalid condition id : UX_CORESTACK_Condition cause : null
2026-01-10 14:48:49,136 [WARN] PackLoader:240 - Cannot read IP mode file for STMicroelectronics.X-CUBE-AZRTOS-WL.2.0.0
2026-01-10 14:48:49,158 [WARN] PackLoader:240 - Cannot read IP mode file for STMicroelectronics.FP-SNS-MOTENV1.5.0.0
2026-01-10 14:48:49,181 [WARN] PackLoader:240 - Cannot read IP mode file for STMicroelectronics.X-CUBE-AZRTOS-H7RS.1.2.0
2026-01-10 14:48:49,190 [WARN] PackLoader:240 - Cannot read IP mode file for wolfSSL.I-CUBE-wolfMQTT.1.19.0
2026-01-10 14:48:49,216 [WARN] PackLoader:240 - Cannot read IP mode file for WES.I-CUBE-Cesium.1.3.0
2026-01-10 14:48:49,224 [WARN] PackLoader:240 - Cannot read IP mode file for STMicroelectronics.X-CUBE-BLE2.3.3.0
2026-01-10 14:48:49,278 [WARN] PackLoader:240 - Cannot read IP mode file for STMicroelectronics.X-CUBE-NFC9.1.0.0
2026-01-10 14:48:49,296 [WARN] PackLoader:240 - Cannot read IP mode file for STMicroelectronics.X-CUBE-BLE1.7.1.0
2026-01-10 14:48:49,308 [WARN] PackLoader:240 - Cannot read IP mode file for STMicroelectronics.X-CUBE-TCPP.4.1.0
2026-01-10 14:48:49,314 [ERROR] Engine:466 - C:\Users\kamil\.stm32cubemx\thirdparties\pdsc\STMicroelectronics.X-CUBE-FREERTOS.1.4.0.pdsc: PDSC version is not supported
2026-01-10 14:48:49,334 [WARN] PackLoader:240 - Cannot read IP mode file for STMicroelectronics.X-CUBE-EEPRMA1.5.2.0
2026-01-10 14:48:49,341 [ERROR] Engine:466 - C:\Users\kamil\.stm32cubemx\thirdparties\pdsc\STMicroelectronics.X-CUBE-ST67W61.1.1.0.pdsc: PDSC version is not supported
2026-01-10 14:48:49,354 [INFO] WebApp:449 - Apply proxy settings
2026-01-10 14:48:49,355 [INFO] WebApp:534 - Chromium requires no authentication
2026-01-10 14:48:49,371 [INFO] WebApp:477 - Direct internet connection detected
2026-01-10 14:48:49,402 [WARN] PackLoader:240 - Cannot read IP mode file for STMicroelectronics.X-CUBE-MEMS1.12.0.0
2026-01-10 14:48:49,417 [INFO] WebApp:880 - Register for checkConnection events
2026-01-10 14:48:49,417 [INFO] WebApp:449 - Apply proxy settings
2026-01-10 14:48:49,417 [INFO] WebApp:534 - Chromium requires no authentication
2026-01-10 14:48:49,418 [INFO] WebApp:477 - Direct internet connection detected
2026-01-10 14:48:49,494 [WARN] PackLoader:240 - Cannot read IP mode file for STMicroelectronics.X-CUBE-AZRTOS-G0.1.1.0
2026-01-10 14:48:49,503 [WARN] PackLoader:240 - Cannot read IP mode file for STMicroelectronics.X-CUBE-SAFEA1.1.2.2
2026-01-10 14:48:49,510 [WARN] PackLoader:240 - Cannot read IP mode file for STMicroelectronics.X-CUBE-NFC4.3.0.0
2026-01-10 14:48:49,523 [WARN] PackLoader:240 - Cannot read IP mode file for EmbeddedOffice.I-CUBE-FS-RTOS.1.0.1
2026-01-10 14:48:49,529 [WARN] PackLoader:240 - Cannot read IP mode file for STMicroelectronics.X-CUBE-WB05N.2.0.0
2026-01-10 14:48:49,534 [WARN] PackLoader:240 - Cannot read IP mode file for STMicroelectronics.X-CUBE-TCPP.4.2.0
2026-01-10 14:48:49,543 [WARN] PackLoader:240 - Cannot read IP mode file for RealThread.X-CUBE-RT-Thread_Nano.4.1.1
2026-01-10 14:48:49,551 [WARN] PackLoader:240 - Cannot read IP mode file for STMicroelectronics.FP-ATR-SIGFOX1.3.2.0
2026-01-10 14:48:49,557 [WARN] PackLoader:240 - Cannot read IP mode file for wolfSSL.I-CUBE-wolfSSL.5.7.2
2026-01-10 14:48:49,560 [WARN] ConditionMgr:438 - getConditionDescription Invalid condition id : Cortex-A Device cause : null
2026-01-10 14:48:49,571 [WARN] ConditionMgr:1044 - genDependencies : Invalid condition id : Cortex-A Device cause : null
2026-01-10 14:48:49,571 [WARN] ConditionMgr:1044 - genDependencies : Invalid condition id : Cortex-A Device cause : null
2026-01-10 14:48:49,571 [WARN] ConditionMgr:1044 - genDependencies : Invalid condition id : Cortex-A Device cause : null
2026-01-10 14:48:49,576 [WARN] PackLoader:240 - Cannot read IP mode file for STMicroelectronics.X-CUBE-EEPRMA1.5.1.0
2026-01-10 14:48:49,583 [WARN] PackLoader:240 - Cannot read IP mode file for ITTIA_DB.I-CUBE-ITTIADB.8.9.0
2026-01-10 14:48:49,592 [WARN] PackLoader:240 - Cannot read IP mode file for STMicroelectronics.X-CUBE-ST67W61.1.0.0
2026-01-10 14:48:49,598 [WARN] PackLoader:240 - Cannot read IP mode file for STMicroelectronics.X-CUBE-AI.10.2.0
2026-01-10 14:48:49,618 [WARN] PackLoader:240 - Cannot read IP mode file for SEGGER.I-CUBE-embOS.1.3.1
2026-01-10 14:48:49,655 [WARN] PackLoader:240 - Cannot read IP mode file for STMicroelectronics.X-CUBE-ALGOBUILD.1.4.0
2026-01-10 14:48:49,724 [WARN] PackLoader:240 - Cannot read IP mode file for STMicroelectronics.X-CUBE-MEMS1.11.3.0
2026-01-10 14:48:49,728 [INFO] WebApp:187 - Connection restablished
2026-01-10 14:48:49,840 [INFO] WebApp:221 - Starting web application
2026-01-10 14:48:49,841 [INFO] WebApp:579 - Web application path used C:\ST\STM32CubeIDE_1.17.0\STM32CubeIDE\plugins\com.st.stm32cube.common.mx_6.13.0.202411220809\db\plugins\mcufinder\reactClient1\index.html
2026-01-10 14:48:49,845 [WARN] PackLoader:240 - Cannot read IP mode file for STMicroelectronics.X-CUBE-AI.9.1.0
2026-01-10 14:48:49,852 [WARN] PackLoader:240 - Cannot read IP mode file for STMicroelectronics.X-CUBE-PM33A1.1.0.0
2026-01-10 14:48:49,872 [WARN] PackLoader:240 - Cannot read IP mode file for STMicroelectronics.X-CUBE-AZRTOS-F4.1.1.0
2026-01-10 14:48:49,883 [WARN] PackLoader:240 - Cannot read IP mode file for STMicroelectronics.X-CUBE-ISPU.2.1.0
2026-01-10 14:48:49,888 [ERROR] Engine:466 - C:\Users\kamil\.stm32cubemx\thirdparties\pdsc\STMicroelectronics.X-CUBE-IPS.3.2.0.pdsc: PDSC version is not supported
2026-01-10 14:48:49,896 [WARN] PackLoader:240 - Cannot read IP mode file for STMicroelectronics.X-CUBE-FREERTOS.1.2.0
2026-01-10 14:48:49,903 [WARN] PackLoader:240 - Cannot read IP mode file for STMicroelectronics.X-CUBE-NFC12.1.0.0
2026-01-10 14:48:49,920 [WARN] PackLoader:240 - Cannot read IP mode file for STMicroelectronics.X-CUBE-AZRTOS-L5.2.0.0
2026-01-10 14:48:49,932 [WARN] PackLoader:240 - Cannot read IP mode file for STMicroelectronics.X-CUBE-NFC6.3.1.0
2026-01-10 14:48:49,940 [WARN] PackLoader:240 - Cannot read IP mode file for STMicroelectronics.X-CUBE-DPower.1.2.0
2026-01-10 14:48:49,948 [WARN] PackLoader:240 - Cannot read IP mode file for STMicroelectronics.X-CUBE-FREERTOS.1.3.1
2026-01-10 14:48:49,953 [WARN] PackLoader:240 - Cannot read IP mode file for STMicroelectronics.X-CUBE-FREERTOS.1.3.0
2026-01-10 14:48:49,959 [WARN] PackLoader:240 - Cannot read IP mode file for STMicroelectronics.X-CUBE-NFC7.1.0.1
2026-01-10 14:48:49,988 [WARN] PackLoader:240 - Cannot read IP mode file for STMicroelectronics.X-CUBE-TOUCHGFX.4.26.0
2026-01-10 14:48:50,002 [WARN] PackLoader:240 - Cannot read IP mode file for STMicroelectronics.FP-SNS-STAIOTCFT.1.0.0
2026-01-10 14:48:50,009 [WARN] PackLoader:240 - Cannot read IP mode file for STMicroelectronics.X-CUBE-DPower.1.3.0
2026-01-10 14:48:50,029 [WARN] ConditionMgr:438 - getConditionDescription Invalid condition id : LAN8742 Phy interface Condition cause : null
2026-01-10 14:48:50,030 [WARN] PackLoader:240 - Cannot read IP mode file for STMicroelectronics.X-CUBE-AZRTOS-L4.2.0.0
2026-01-10 14:48:50,031 [WARN] ConditionMgr:1044 - genDependencies : Invalid condition id : LAN8742 Phy interface Condition cause : null
2026-01-10 14:48:50,032 [WARN] ConditionMgr:1044 - genDependencies : Invalid condition id : LAN8742 Phy interface Condition cause : null
2026-01-10 14:48:50,032 [WARN] ConditionMgr:1044 - genDependencies : Invalid condition id : LAN8742 Phy interface Condition cause : null
2026-01-10 14:48:50,043 [WARN] PackLoader:240 - Cannot read IP mode file for STMicroelectronics.X-CUBE-SFXS2LP1.4.0.0
2026-01-10 14:48:50,062 [WARN] PackLoader:240 - Cannot read IP mode file for STMicroelectronics.X-CUBE-AZRTOS-H7.3.3.0
2026-01-10 14:48:50,078 [WARN] PackLoader:240 - Cannot read IP mode file for STMicroelectronics.X-CUBE-BLEMGR.4.1.0
2026-01-10 14:48:50,098 [WARN] PackLoader:240 - Cannot read IP mode file for STMicroelectronics.X-CUBE-IPS.3.0.0
2026-01-10 14:48:50,115 [WARN] ConditionMgr:438 - getConditionDescription Invalid condition id : UX DEVICE CLASS RTOS Condition cause : null
2026-01-10 14:48:50,115 [WARN] ConditionMgr:438 - getConditionDescription Invalid condition id : UX DEVICE CLASS RTOS Condition cause : null
2026-01-10 14:48:50,118 [WARN] PackLoader:240 - Cannot read IP mode file for STMicroelectronics.X-CUBE-AZRTOS-WB.2.0.0
2026-01-10 14:48:50,118 [WARN] ConditionMgr:1044 - genDependencies : Invalid condition id : UX DEVICE CLASS RTOS Condition cause : null
2026-01-10 14:48:50,119 [WARN] ConditionMgr:1044 - genDependencies : Invalid condition id : UX DEVICE CLASS RTOS Condition cause : null
2026-01-10 14:48:50,119 [WARN] ConditionMgr:1044 - genDependencies : Invalid condition id : UX DEVICE CLASS RTOS Condition cause : null
2026-01-10 14:48:50,120 [WARN] ConditionMgr:1044 - genDependencies : Invalid condition id : UX DEVICE CLASS RTOS Condition cause : null
2026-01-10 14:48:50,120 [WARN] ConditionMgr:1044 - genDependencies : Invalid condition id : UX DEVICE CLASS RTOS Condition cause : null
2026-01-10 14:48:50,126 [WARN] PackLoader:240 - Cannot read IP mode file for STMicroelectronics.X-CUBE-GNSS1.7.0.0
2026-01-10 14:48:50,142 [WARN] PackLoader:240 - Cannot read IP mode file for STMicroelectronics.X-CUBE-GNSS1.7.0.1
2026-01-10 14:48:50,148 [WARN] PackLoader:240 - Cannot read IP mode file for STMicroelectronics.X-CUBE-TOUCHGFX.4.25.0
2026-01-10 14:48:50,155 [WARN] PackLoader:240 - Cannot read IP mode file for STMicroelectronics.FP-SNS-STBOX1.2.0.0
2026-01-10 14:48:50,168 [WARN] PackLoader:240 - Cannot read IP mode file for STMicroelectronics.X-CUBE-SUBG2.5.0.0
2026-01-10 14:48:50,190 [WARN] PackLoader:240 - Cannot read IP mode file for STMicroelectronics.X-CUBE-AZRTOS-H7RS.1.1.0
2026-01-10 14:48:50,200 [WARN] PackLoader:240 - Cannot read IP mode file for Cesanta.I-CUBE-Mongoose.7.13.0
2026-01-10 14:48:50,212 [WARN] PackLoader:240 - Cannot read IP mode file for STMicroelectronics.X-CUBE-AZRTOS-G4.2.0.0
2026-01-10 14:48:50,218 [WARN] PackLoader:240 - Cannot read IP mode file for STMicroelectronics.X-CUBE-NFC7.2.0.0
2026-01-10 14:48:50,228 [WARN] PackLoader:240 - Cannot read IP mode file for STMicroelectronics.X-CUBE-IPS.3.1.0
2026-01-10 14:48:50,240 [WARN] PackLoader:240 - Cannot read IP mode file for STMicroelectronics.X-CUBE-ALS.1.0.2
2026-01-10 14:48:50,245 [WARN] PackLoader:240 - Cannot read IP mode file for STMicroelectronics.X-CUBE-TOUCHGFX.4.24.1
2026-01-10 14:48:50,253 [WARN] PackLoader:240 - Cannot read IP mode file for STMicroelectronics.X-CUBE-STSE01.1.0.0
2026-01-10 14:48:50,260 [WARN] PackLoader:240 - Cannot read IP mode file for wolfSSL.I-CUBE-wolfTPM.3.4.0
2026-01-10 14:48:50,267 [WARN] PackLoader:240 - Cannot read IP mode file for portGmbH.I-Cube-SoM-uGOAL.1.1.0
2026-01-10 14:48:50,281 [WARN] PackLoader:240 - Cannot read IP mode file for STMicroelectronics.X-CUBE-AZRTOS-H7RS.1.0.0
2026-01-10 14:48:50,287 [WARN] PackLoader:240 - Cannot read IP mode file for STMicroelectronics.FP-ATR-ASTRA1.2.0.0
2026-01-10 14:48:50,301 [WARN] PackLoader:240 - Cannot read IP mode file for STMicroelectronics.X-CUBE-TOF1.3.4.2
2026-01-10 14:48:50,321 [WARN] PackLoader:240 - Cannot read IP mode file for STMicroelectronics.X-CUBE-TOF1.3.4.3
2026-01-10 14:48:50,352 [WARN] PackLoader:240 - Cannot read IP mode file for Infineon.AIROC-Wi-Fi-Bluetooth-STM32.1.6.1
2026-01-10 14:48:50,365 [WARN] PackLoader:240 - Cannot read IP mode file for wolfSSL.I-CUBE-wolfSSH.1.4.17
2026-01-10 14:48:50,366 [INFO] ThirdParty:978 - Integrity check success = true
2026-01-10 14:48:50,366 [INFO] IntegrityCheckThread:100 - exiting critical section [integrity check]
2026-01-10 14:48:50,366 [INFO] IntegrityCheckThread:103 - End integrity checks thread
2026-01-10 14:53:53,476 [ERROR] LogOutputStream:75 - [STDERR_REDIRECT] 
2026-01-10 14:54:00,484 [INFO] Activator:176 - 


2026-01-10 14:54:00,488 [INFO] Activator:177 - !SESSION log4j initialized
2026-01-10 14:54:03,827 [INFO] LogOutputStream:77 - [STDOUT_REDIRECT] 
2026-01-10 14:54:05,630 [INFO] ApplicationProperties:184 - Using Application install path: C:\ST\STM32CubeIDE_1.17.0\STM32CubeIDE\plugins\com.st.stm32cube.common.mx_6.13.0.202411220809
2026-01-10 14:54:05,651 [INFO] DbMcusXml:78 - Set database path to: C:\ST\STM32CubeIDE_1.17.0\STM32CubeIDE\plugins\com.st.stm32cube.common.mx_6.13.0.202411220809\\db\/mcu/
2026-01-10 14:54:05,651 [INFO] ApiDb:274 - Set plugin database path to: C:\ST\STM32CubeIDE_1.17.0\STM32CubeIDE\plugins\com.st.stm32cube.common.mx_6.13.0.202411220809\\db\/plugins/boardmanager/
2026-01-10 14:54:05,651 [WARN] ApiDb:259 - Overriding images path with different value:  => C:\ST\STM32CubeIDE_1.17.0\STM32CubeIDE\plugins\com.st.stm32cube.common.mx_6.13.0.202411220809\\db\/plugins/mcufinder/images/
2026-01-10 14:54:05,658 [INFO] ApiDb:250 - Set database path to: C:\Users\kamil\.stmcufinder\plugins\mcufinder//mcu/
2026-01-10 14:54:05,660 [INFO] DbMcusAds:125 - Set database path to: C:\Users\kamil\.stmcufinder\plugins\mcufinder//mcu/
2026-01-10 14:54:05,661 [INFO] CrossReferenceDbSqlite:203 - Set database path to: C:\Users\kamil\.stmcufinder\plugins\mcufinder//mcu/cs/
2026-01-10 14:54:05,781 [INFO] RulesReader:64 - Compatibility file has been processed (297 Rules)
2026-01-10 14:54:05,890 [INFO] DbMcusXml:78 - Set database path to: C:\ST\STM32CubeIDE_1.17.0\STM32CubeIDE\plugins\com.st.stm32cube.common.mx_6.13.0.202411220809\\db\/mcu/
2026-01-10 14:54:05,890 [INFO] ApiDb:274 - Set plugin database path to: C:\ST\STM32CubeIDE_1.17.0\STM32CubeIDE\plugins\com.st.stm32cube.common.mx_6.13.0.202411220809\\db\/plugins/boardmanager/
2026-01-10 14:54:05,891 [INFO] ApiDb:261 - Set plugin images path to: C:\ST\STM32CubeIDE_1.17.0\STM32CubeIDE\plugins\com.st.stm32cube.common.mx_6.13.0.202411220809\\db\/plugins/mcufinder/images/
2026-01-10 14:54:05,891 [WARN] DbFile:41 - Overriding database path with different value: C:\Users\kamil\.stmcufinder\plugins\mcufinder/ => C:\Users\kamil\.stmcufinder\plugins\mcufinder
2026-01-10 14:54:05,891 [INFO] ApiDb:250 - Set database path to: C:\Users\kamil\.stmcufinder\plugins\mcufinder//mcu/
2026-01-10 14:54:05,891 [WARN] DbFile:41 - Overriding database path with different value: C:\Users\kamil\.stmcufinder\plugins\mcufinder/ => C:\Users\kamil\.stmcufinder\plugins\mcufinder
2026-01-10 14:54:05,892 [INFO] DbMcusAds:125 - Set database path to: C:\Users\kamil\.stmcufinder\plugins\mcufinder//mcu/
2026-01-10 14:54:05,892 [WARN] DbFile:41 - Overriding database path with different value: C:\Users\kamil\.stmcufinder\plugins\mcufinder/ => C:\Users\kamil\.stmcufinder\plugins\mcufinder
2026-01-10 14:54:05,892 [WARN] DbFile:41 - Overriding database path with different value: C:\Users\kamil\.stmcufinder\plugins\mcufinder/ => C:\Users\kamil\.stmcufinder\plugins\mcufinder
2026-01-10 14:54:05,893 [INFO] CrossReferenceDbSqlite:203 - Set database path to: C:\Users\kamil\.stmcufinder\plugins\mcufinder//mcu/cs/
2026-01-10 14:54:05,967 [INFO] MainPanel:272 - HeapMemory: 268435456
2026-01-10 14:54:06,063 [INFO] DbMcusXml:78 - Set database path to: C:\ST\STM32CubeIDE_1.17.0\STM32CubeIDE\plugins\com.st.stm32cube.common.mx_6.13.0.202411220809\\db\/mcu/
2026-01-10 14:54:06,063 [INFO] ApiDb:274 - Set plugin database path to: C:\ST\STM32CubeIDE_1.17.0\STM32CubeIDE\plugins\com.st.stm32cube.common.mx_6.13.0.202411220809\\db\/plugins/boardmanager/
2026-01-10 14:54:06,063 [INFO] ApiDb:261 - Set plugin images path to: C:\ST\STM32CubeIDE_1.17.0\STM32CubeIDE\plugins\com.st.stm32cube.common.mx_6.13.0.202411220809\\db\/plugins/mcufinder/images/
2026-01-10 14:54:06,063 [WARN] DbFile:41 - Overriding database path with different value: C:\Users\kamil\.stmcufinder\plugins\mcufinder/ => C:\Users\kamil\.stmcufinder\plugins\mcufinder
2026-01-10 14:54:06,064 [INFO] ApiDb:250 - Set database path to: C:\Users\kamil\.stmcufinder\plugins\mcufinder//mcu/
2026-01-10 14:54:06,064 [WARN] DbFile:41 - Overriding database path with different value: C:\Users\kamil\.stmcufinder\plugins\mcufinder/ => C:\Users\kamil\.stmcufinder\plugins\mcufinder
2026-01-10 14:54:06,064 [INFO] DbMcusAds:125 - Set database path to: C:\Users\kamil\.stmcufinder\plugins\mcufinder//mcu/
2026-01-10 14:54:06,064 [WARN] DbFile:41 - Overriding database path with different value: C:\Users\kamil\.stmcufinder\plugins\mcufinder/ => C:\Users\kamil\.stmcufinder\plugins\mcufinder
2026-01-10 14:54:06,064 [WARN] DbFile:41 - Overriding database path with different value: C:\Users\kamil\.stmcufinder\plugins\mcufinder/ => C:\Users\kamil\.stmcufinder\plugins\mcufinder
2026-01-10 14:54:06,064 [INFO] CrossReferenceDbSqlite:203 - Set database path to: C:\Users\kamil\.stmcufinder\plugins\mcufinder//mcu/cs/
2026-01-10 14:54:06,104 [INFO] ApplicationProperties:184 - Using Application install path: C:\ST\STM32CubeIDE_1.17.0\STM32CubeIDE\plugins\com.st.stm32cube.common.mx_6.13.0.202411220809
2026-01-10 14:54:06,108 [INFO] PluginManage:196 - Search for loadable plugins [exclusion list=, ]
2026-01-10 14:54:06,110 [INFO] PluginManage:310 - Check plugin analytics
2026-01-10 14:54:06,357 [INFO] AnalyticsPlugin:253 - Accepted Software Licenses: 
2026-01-10 14:54:06,370 [INFO] AnalyticsPlugin:255 - Accepted CMSIS Pack Licenses: 
2026-01-10 14:54:06,370 [INFO] AnalyticsPlugin:257 - Accepted Firmware Licenses: FW.F7.1.17.0,FW.H7.1.12.0
2026-01-10 14:54:06,374 [INFO] PluginManage:359 - Loaded plugin analytics (category:tool,tabindex:-1)
2026-01-10 14:54:06,375 [INFO] PluginManage:310 - Check plugin cadmodel
2026-01-10 14:54:06,379 [INFO] CADModel:105 - Init CAD model plugin
2026-01-10 14:54:06,380 [INFO] PluginManage:359 - Loaded plugin cadmodel (category:power,tabindex:5)
2026-01-10 14:54:06,380 [INFO] PluginManage:310 - Check plugin clock
2026-01-10 14:54:06,391 [INFO] PluginManage:359 - Loaded plugin clock (category:base,tabindex:2)
2026-01-10 14:54:06,391 [INFO] PluginManage:310 - Check plugin ddr
2026-01-10 14:54:06,394 [INFO] PluginManage:359 - Loaded plugin ddr (category:tool,tabindex:6)
2026-01-10 14:54:06,394 [INFO] PluginManage:310 - Check plugin filemanager
2026-01-10 14:54:06,607 [INFO] PluginManage:359 - Loaded plugin filemanager (category:base,tabindex:10)
2026-01-10 14:54:06,607 [INFO] PluginManage:310 - Check plugin ipmanager
2026-01-10 14:54:06,619 [INFO] PluginManage:359 - Loaded plugin ipmanager (category:base,tabindex:5)
2026-01-10 14:54:06,620 [INFO] PluginManage:310 - Check plugin lpbam
2026-01-10 14:54:06,631 [INFO] PluginManage:359 - Loaded plugin lpbam (category:base,tabindex:0)
2026-01-10 14:54:06,631 [INFO] PluginManage:310 - Check plugin memorymap
2026-01-10 14:54:06,644 [INFO] PluginManage:359 - Loaded plugin memorymap (category:base,tabindex:4)
2026-01-10 14:54:06,645 [INFO] PluginManage:310 - Check plugin pinoutandconfiguration
2026-01-10 14:54:06,654 [INFO] PluginManage:359 - Loaded plugin pinoutandconfiguration (category:base,tabindex:1)
2026-01-10 14:54:06,654 [INFO] PluginManage:310 - Check plugin pinoutconfig
2026-01-10 14:54:06,757 [WARN] SupportedApi:132 - Cannot load RTOS API schema: s4s-elt-must-match.1: The content of 'definitions' must match (annotation?, (simpleType | complexType)?, (unique | key | keyref)*)). A problem was found starting at: attribute.
2026-01-10 14:54:06,918 [INFO] PluginManage:359 - Loaded plugin pinoutconfig (category:base,tabindex:0)
2026-01-10 14:54:06,919 [INFO] PluginManage:310 - Check plugin power
2026-01-10 14:54:06,931 [INFO] PluginManage:359 - Loaded plugin power (category:power,tabindex:4)
2026-01-10 14:54:06,931 [INFO] PluginManage:310 - Check plugin projectmanager
2026-01-10 14:54:06,950 [INFO] PluginManage:359 - Loaded plugin projectmanager (category:projectmanager,tabindex:4)
2026-01-10 14:54:06,951 [INFO] PluginManage:310 - Check plugin rif
2026-01-10 14:54:06,958 [INFO] PluginManage:359 - Loaded plugin rif (category:base,tabindex:3)
2026-01-10 14:54:06,959 [INFO] PluginManage:310 - Check plugin thirdparty
2026-01-10 14:54:07,117 [INFO] PluginManage:359 - Loaded plugin thirdparty (category:base,tabindex:-1)
2026-01-10 14:54:07,116 [WARN] IntegrityCheckThread:84 - waiting for thirdparty lock release [integrity check]
2026-01-10 14:54:07,117 [INFO] IntegrityCheckThread:86 - entering critical section [integrity check]
2026-01-10 14:54:07,118 [INFO] PluginManage:310 - Check plugin tools
2026-01-10 14:54:07,118 [INFO] ThirdPartyUpdaterWithRetryManager:70 - Updater plugin not ready yet. [1/15]
2026-01-10 14:54:07,121 [INFO] PluginManage:359 - Loaded plugin tools (category:base,tabindex:7)
2026-01-10 14:54:07,122 [INFO] PluginManage:310 - Check plugin tutovideos
2026-01-10 14:54:07,294 [INFO] PluginManage:359 - Loaded plugin tutovideos (category:base,tabindex:-1)
2026-01-10 14:54:07,295 [INFO] PluginManage:310 - Check plugin updater
2026-01-10 14:54:07,320 [INFO] PluginManage:359 - Loaded plugin updater (category:base,tabindex:12)
2026-01-10 14:54:07,320 [INFO] PluginManage:310 - Check plugin userauth
2026-01-10 14:54:07,324 [INFO] UserAuth:118 - Init User Auth plugin
2026-01-10 14:54:07,326 [INFO] PluginManage:359 - Loaded plugin userauth (category:base,tabindex:14)
2026-01-10 14:54:07,327 [INFO] PluginManage:283 - PluginManage : Loaded plugins [18]
2026-01-10 14:54:07,598 [INFO] PinOutPanel:1589 - setPackage(No Configuration,No Configuration)
2026-01-10 14:54:07,698 [INFO] CADModel:165 - CPN selected for project level
2026-01-10 14:54:07,698 [INFO] CADModel:114 - Register for checkConnection events
2026-01-10 14:54:07,715 [INFO] IPUIPlugin:80 - create IPUIPlugin
2026-01-10 14:54:07,715 [INFO] PluginManager:220 - loadIPPluginJar : add adc
2026-01-10 14:54:07,718 [INFO] IPUIPlugin:80 - create IPUIPlugin
2026-01-10 14:54:07,718 [INFO] PluginManager:220 - loadIPPluginJar : add aes
2026-01-10 14:54:07,720 [INFO] IPUIPlugin:80 - create IPUIPlugin
2026-01-10 14:54:07,720 [INFO] PluginManager:220 - loadIPPluginJar : add can
2026-01-10 14:54:07,723 [INFO] IPUIPlugin:80 - create IPUIPlugin
2026-01-10 14:54:07,723 [INFO] PluginManager:220 - loadIPPluginJar : add comp
2026-01-10 14:54:07,725 [INFO] IPUIPlugin:80 - create IPUIPlugin
2026-01-10 14:54:07,725 [INFO] PluginManager:220 - loadIPPluginJar : add cryp
2026-01-10 14:54:07,728 [INFO] IPUIPlugin:80 - create IPUIPlugin
2026-01-10 14:54:07,728 [INFO] PluginManager:220 - loadIPPluginJar : add ddr_ctrl_phy
2026-01-10 14:54:07,731 [INFO] IPUIPlugin:80 - create IPUIPlugin
2026-01-10 14:54:07,731 [INFO] PluginManager:220 - loadIPPluginJar : add dfsdm
2026-01-10 14:54:07,736 [INFO] IPUIPlugin:80 - create IPUIPlugin
2026-01-10 14:54:07,737 [INFO] PluginManager:220 - loadIPPluginJar : add dma
2026-01-10 14:54:07,739 [INFO] IPUIPlugin:80 - create IPUIPlugin
2026-01-10 14:54:07,740 [INFO] PluginManager:220 - loadIPPluginJar : add dma3
2026-01-10 14:54:07,743 [INFO] IPUIPlugin:80 - create IPUIPlugin
2026-01-10 14:54:07,743 [INFO] PluginManager:220 - loadIPPluginJar : add extmemmanager
2026-01-10 14:54:07,745 [INFO] IPUIPlugin:80 - create IPUIPlugin
2026-01-10 14:54:07,745 [INFO] PluginManager:220 - loadIPPluginJar : add fatfs
2026-01-10 14:54:07,750 [INFO] IPUIPlugin:80 - create IPUIPlugin
2026-01-10 14:54:07,750 [INFO] PluginManager:220 - loadIPPluginJar : add fmc
2026-01-10 14:54:07,756 [INFO] IPUIPlugin:80 - create IPUIPlugin
2026-01-10 14:54:07,756 [INFO] PluginManager:220 - loadIPPluginJar : add freertos
2026-01-10 14:54:07,758 [INFO] IPUIPlugin:80 - create IPUIPlugin
2026-01-10 14:54:07,758 [INFO] PluginManager:220 - loadIPPluginJar : add genericplugin
2026-01-10 14:54:07,761 [INFO] IPUIPlugin:80 - create IPUIPlugin
2026-01-10 14:54:07,761 [INFO] PluginManager:220 - loadIPPluginJar : add gfxmmu
2026-01-10 14:54:07,766 [INFO] IPUIPlugin:80 - create IPUIPlugin
2026-01-10 14:54:07,766 [INFO] PluginManager:220 - loadIPPluginJar : add gic
2026-01-10 14:54:07,770 [INFO] IPUIPlugin:80 - create IPUIPlugin
2026-01-10 14:54:07,771 [INFO] PluginManager:220 - loadIPPluginJar : add gpio
2026-01-10 14:54:07,775 [INFO] IPUIPlugin:80 - create IPUIPlugin
2026-01-10 14:54:07,775 [INFO] PluginManager:220 - loadIPPluginJar : add gtzc
2026-01-10 14:54:07,778 [INFO] IPUIPlugin:80 - create IPUIPlugin
2026-01-10 14:54:07,778 [INFO] PluginManager:220 - loadIPPluginJar : add hash
2026-01-10 14:54:07,780 [INFO] IPUIPlugin:80 - create IPUIPlugin
2026-01-10 14:54:07,781 [INFO] PluginManager:220 - loadIPPluginJar : add i2c
2026-01-10 14:54:07,782 [INFO] IPUIPlugin:80 - create IPUIPlugin
2026-01-10 14:54:07,783 [INFO] PluginManager:220 - loadIPPluginJar : add i2s
2026-01-10 14:54:07,785 [INFO] IPUIPlugin:80 - create IPUIPlugin
2026-01-10 14:54:07,786 [INFO] PluginManager:220 - loadIPPluginJar : add i3c
2026-01-10 14:54:07,789 [INFO] IPUIPlugin:80 - create IPUIPlugin
2026-01-10 14:54:07,789 [INFO] PluginManager:220 - loadIPPluginJar : add ipddr
2026-01-10 14:54:07,796 [INFO] IPUIPlugin:80 - create IPUIPlugin
2026-01-10 14:54:07,796 [INFO] PluginManager:220 - loadIPPluginJar : add linkedlist
2026-01-10 14:54:07,798 [INFO] IPUIPlugin:80 - create IPUIPlugin
2026-01-10 14:54:07,798 [INFO] PluginManager:220 - loadIPPluginJar : add lorawan
2026-01-10 14:54:07,800 [INFO] IPUIPlugin:80 - create IPUIPlugin
2026-01-10 14:54:07,800 [INFO] PluginManager:220 - loadIPPluginJar : add ltdc
2026-01-10 14:54:07,805 [INFO] IPUIPlugin:80 - create IPUIPlugin
2026-01-10 14:54:07,805 [INFO] PluginManager:220 - loadIPPluginJar : add mdma
2026-01-10 14:54:07,809 [INFO] IPUIPlugin:80 - create IPUIPlugin
2026-01-10 14:54:07,810 [INFO] PluginManager:220 - loadIPPluginJar : add nvic
2026-01-10 14:54:07,813 [INFO] IPUIPlugin:80 - create IPUIPlugin
2026-01-10 14:54:07,813 [INFO] PluginManager:220 - loadIPPluginJar : add opamp
2026-01-10 14:54:07,815 [INFO] IPUIPlugin:80 - create IPUIPlugin
2026-01-10 14:54:07,815 [INFO] PluginManager:220 - loadIPPluginJar : add openamp
2026-01-10 14:54:07,819 [INFO] IPUIPlugin:80 - create IPUIPlugin
2026-01-10 14:54:07,819 [INFO] PluginManager:220 - loadIPPluginJar : add pdm2pcm
2026-01-10 14:54:07,824 [INFO] IPUIPlugin:80 - create IPUIPlugin
2026-01-10 14:54:07,827 [INFO] PluginManager:220 - loadIPPluginJar : add plateformsettings
2026-01-10 14:54:07,829 [INFO] IPUIPlugin:80 - create IPUIPlugin
2026-01-10 14:54:07,829 [INFO] PluginManager:220 - loadIPPluginJar : add quadspi
2026-01-10 14:54:07,830 [INFO] IPUIPlugin:80 - create IPUIPlugin
2026-01-10 14:54:07,832 [INFO] PluginManager:220 - loadIPPluginJar : add radio
2026-01-10 14:54:07,834 [INFO] IPUIPlugin:80 - create IPUIPlugin
2026-01-10 14:54:07,834 [INFO] PluginManager:220 - loadIPPluginJar : add resmgrutility
2026-01-10 14:54:07,837 [INFO] IPUIPlugin:80 - create IPUIPlugin
2026-01-10 14:54:07,837 [INFO] PluginManager:220 - loadIPPluginJar : add sai
2026-01-10 14:54:07,840 [INFO] IPUIPlugin:80 - create IPUIPlugin
2026-01-10 14:54:07,840 [INFO] PluginManager:220 - loadIPPluginJar : add spi
2026-01-10 14:54:07,845 [INFO] IPUIPlugin:80 - create IPUIPlugin
2026-01-10 14:54:07,845 [INFO] PluginManager:220 - loadIPPluginJar : add stm32_wpan
2026-01-10 14:54:07,847 [INFO] IPUIPlugin:80 - create IPUIPlugin
2026-01-10 14:54:07,847 [INFO] PluginManager:220 - loadIPPluginJar : add tim
2026-01-10 14:54:07,850 [INFO] IPUIPlugin:80 - create IPUIPlugin
2026-01-10 14:54:07,850 [INFO] PluginManager:220 - loadIPPluginJar : add touchsensing
2026-01-10 14:54:07,852 [INFO] IPUIPlugin:80 - create IPUIPlugin
2026-01-10 14:54:07,852 [INFO] PluginManager:220 - loadIPPluginJar : add tracer_emb
2026-01-10 14:54:07,856 [INFO] IPUIPlugin:80 - create IPUIPlugin
2026-01-10 14:54:07,856 [INFO] PluginManager:220 - loadIPPluginJar : add ts
2026-01-10 14:54:07,857 [INFO] IPUIPlugin:80 - create IPUIPlugin
2026-01-10 14:54:07,858 [INFO] PluginManager:220 - loadIPPluginJar : add tsc
2026-01-10 14:54:07,861 [INFO] IPUIPlugin:80 - create IPUIPlugin
2026-01-10 14:54:07,861 [INFO] PluginManager:220 - loadIPPluginJar : add ucpd
2026-01-10 14:54:07,863 [INFO] IPUIPlugin:80 - create IPUIPlugin
2026-01-10 14:54:07,863 [INFO] PluginManager:220 - loadIPPluginJar : add usart
2026-01-10 14:54:07,868 [INFO] IPUIPlugin:80 - create IPUIPlugin
2026-01-10 14:54:07,868 [INFO] PluginManager:220 - loadIPPluginJar : add usbx
2026-01-10 14:54:08,014 [FATAL] Updater:351 - Updater called before beeing initialized
2026-01-10 14:54:08,054 [INFO] RulesReader:64 - Compatibility file has been processed (297 Rules)
2026-01-10 14:54:08,075 [INFO] RulesReader:64 - Compatibility file has been processed (297 Rules)
2026-01-10 14:54:08,092 [INFO] CADModel:165 - CPN selected for project level
2026-01-10 14:54:08,092 [INFO] CADModel:114 - Register for checkConnection events
2026-01-10 14:54:08,092 [FATAL] Updater:351 - Updater called before beeing initialized
2026-01-10 14:54:08,092 [ERROR] CADModel:125 - Updater not yet initialized, retry later 
2026-01-10 14:54:08,260 [FATAL] Updater:351 - Updater called before beeing initialized
2026-01-10 14:54:08,263 [INFO] CADModel:165 - CPN selected for project level
2026-01-10 14:54:08,264 [INFO] CADModel:114 - Register for checkConnection events
2026-01-10 14:54:08,264 [FATAL] Updater:351 - Updater called before beeing initialized
2026-01-10 14:54:08,264 [ERROR] CADModel:125 - Updater not yet initialized, retry later 
2026-01-10 14:54:08,267 [FATAL] Updater:351 - Updater called before beeing initialized
2026-01-10 14:54:08,371 [FATAL] Updater:351 - Updater called before beeing initialized
2026-01-10 14:54:08,375 [INFO] DbMcusAds:53 - JSON generation date=Tue Dec 16 00:11:46 CET 2025 (1765840306612)
2026-01-10 14:54:08,375 [FATAL] Updater:351 - Updater called before beeing initialized
2026-01-10 14:54:08,423 [WARN] DetailPanel:346 - Failed to get advertising image, set to default
2026-01-10 14:54:08,726 [FATAL] Updater:351 - Updater called before beeing initialized
2026-01-10 14:54:08,728 [FATAL] Updater:351 - Updater called before beeing initialized
2026-01-10 14:54:08,729 [FATAL] Updater:351 - Updater called before beeing initialized
2026-01-10 14:54:08,729 [WARN] DetailPanel:346 - Failed to get advertising image, set to default
2026-01-10 14:54:08,730 [FATAL] Updater:351 - Updater called before beeing initialized
2026-01-10 14:54:08,794 [ERROR] Updater:1198 - MainUpdater not yet initialized. External WinMGr cannot be set.
2026-01-10 14:54:08,796 [INFO] Updater:1134 - Updater Version found : 6.13.0
2026-01-10 14:54:08,814 [INFO] ApplicationProperties:184 - Using Application install path: C:\ST\STM32CubeIDE_1.17.0\STM32CubeIDE\plugins\com.st.stm32cube.common.mx_6.13.0.202411220809
2026-01-10 14:54:09,188 [INFO] MainUpdater:2872 - connection check result : 10
2026-01-10 14:54:09,190 [INFO] MainUpdater:289 - Updater Check For Update Now.
2026-01-10 14:54:09,190 [INFO] MicroXplorer:498 - Change Database Version : DB.6.0.130
2026-01-10 14:54:09,209 [INFO] McuFinderGlobals:63 - Set McuFinder mode to 2 (CubeIDE integrated)
2026-01-10 14:54:09,209 [INFO] UserAuth:171 - activating auth plugin
2026-01-10 14:54:09,214 [INFO] UserAuth:486 - Internet connection configuration mode: 1
2026-01-10 14:54:09,263 [INFO] JxBrowserEngine:152 - Initiate JxBrowser Engine with user profile folder
2026-01-10 14:54:09,410 [INFO] CheckServerUpdateThread:120 - End of CheckServer Thread
2026-01-10 14:54:10,002 [INFO] WebApp:168 - Instantiating new browser for Auth
2026-01-10 14:54:10,489 [WARN] PackLoader:240 - Cannot read IP mode file for STMicroelectronics.FP-SNS-MOTENVWB1.1.4.0
2026-01-10 14:54:10,507 [WARN] PackLoader:240 - Cannot read IP mode file for STMicroelectronics.FP-ATR-ASTRA1.2.0.2
2026-01-10 14:54:10,519 [WARN] PackLoader:240 - Cannot read IP mode file for STMicroelectronics.FP-ATR-ASTRA1.2.0.1
2026-01-10 14:54:10,545 [WARN] PackLoader:240 - Cannot read IP mode file for STMicroelectronics.X-CUBE-SMBUS.2.1.0
2026-01-10 14:54:10,561 [WARN] PackLoader:240 - Cannot read IP mode file for STMicroelectronics.X-CUBE-WB05N.1.1.0
2026-01-10 14:54:10,571 [WARN] PackLoader:240 - Cannot read IP mode file for STMicroelectronics.X-CUBE-ST60.1.0.0
2026-01-10 14:54:10,602 [WARN] PackLoader:240 - Cannot read IP mode file for STMicroelectronics.X-CUBE-AZRTOS-F7.1.1.0
2026-01-10 14:54:10,793 [WARN] PackLoader:240 - Cannot read IP mode file for STMicroelectronics.X-CUBE-MEMS1.11.0.0
2026-01-10 14:54:10,905 [ERROR] Engine:466 - C:\Users\kamil\.stm32cubemx\thirdparties\pdsc\STMicroelectronics.FP-SNS-MOTENV1.5.1.0.pdsc: PDSC version is not supported
2026-01-10 14:54:10,911 [WARN] PackLoader:240 - Cannot read IP mode file for STMicroelectronics.FP-SNS-FLIGHT1.5.0.2
2026-01-10 14:54:10,942 [WARN] PackLoader:240 - Cannot read IP mode file for STMicroelectronics.X-CUBE-AZRTOS-H7.3.4.0
2026-01-10 14:54:10,956 [WARN] PackLoader:240 - Cannot read IP mode file for STMicroelectronics.X-CUBE-DISPLAY.3.0.0
2026-01-10 14:54:10,964 [WARN] PackLoader:240 - Cannot read IP mode file for STMicroelectronics.X-CUBE-BLE1.7.0.0
2026-01-10 14:54:10,977 [WARN] PackLoader:240 - Cannot read IP mode file for STMicroelectronics.X-CUBE-NFC10.1.0.0
2026-01-10 14:54:10,996 [WARN] PackLoader:240 - Cannot read IP mode file for STMicroelectronics.X-CUBE-BLEMGR.4.0.0
2026-01-10 14:54:11,006 [WARN] PackLoader:240 - Cannot read IP mode file for STMicroelectronics.X-CUBE-ST60.1.1.0
2026-01-10 14:54:11,023 [WARN] PackLoader:240 - Cannot read IP mode file for emotas.I-CUBE-CANOPEN.1.3.0
2026-01-10 14:54:11,032 [WARN] PackLoader:240 - Cannot read IP mode file for STMicroelectronics.X-CUBE-GNSS1.7.1.0
2026-01-10 14:54:11,046 [WARN] PackLoader:240 - Cannot read IP mode file for STMicroelectronics.X-CUBE-BLEMGR.3.1.0
2026-01-10 14:54:11,055 [WARN] PackLoader:240 - Cannot read IP mode file for STMicroelectronics.X-CUBE-AI.10.0.0
2026-01-10 14:54:11,061 [ERROR] Engine:466 - C:\Users\kamil\.stm32cubemx\thirdparties\pdsc\STMicroelectronics.FP-SNS-STBOX1.2.1.0.pdsc: PDSC version is not supported
2026-01-10 14:54:11,067 [WARN] PackLoader:240 - Cannot read IP mode file for STMicroelectronics.FP-SNS-SMARTAG2.1.2.0
2026-01-10 14:54:11,073 [WARN] PackLoader:240 - Cannot read IP mode file for STMicroelectronics.FP-SNS-FLIGHT1.5.1.0
2026-01-10 14:54:11,142 [WARN] PackLoader:240 - Cannot read IP mode file for STMicroelectronics.X-CUBE-MEMS1.11.1.0
2026-01-10 14:54:11,220 [INFO] WebApp:449 - Apply proxy settings
2026-01-10 14:54:11,220 [INFO] WebApp:534 - Chromium requires no authentication
2026-01-10 14:54:11,240 [INFO] WebApp:477 - Direct internet connection detected
2026-01-10 14:54:11,283 [INFO] WebApp:880 - Register for checkConnection events
2026-01-10 14:54:11,284 [INFO] WebApp:449 - Apply proxy settings
2026-01-10 14:54:11,284 [INFO] WebApp:534 - Chromium requires no authentication
2026-01-10 14:54:11,285 [INFO] WebApp:477 - Direct internet connection detected
2026-01-10 14:54:11,322 [INFO] LogOutputStream:77 - [STDOUT_REDIRECT] 1 : Invalid condition id : UX_CORESTACK_Condition cause : null
2026-01-10 14:54:11,322 [INFO] LogOutputStream:77 - [STDOUT_REDIRECT] 1 : Invalid condition id : UX_CORESTACK_Condition cause : null
2026-01-10 14:54:11,324 [INFO] LogOutputStream:77 - [STDOUT_REDIRECT] 1 : Invalid condition id : UX_CORESTACK_Condition cause : null
2026-01-10 14:54:11,325 [INFO] LogOutputStream:77 - [STDOUT_REDIRECT] 1 : Invalid condition id : UX_CORESTACK_Condition cause : null
2026-01-10 14:54:11,326 [INFO] LogOutputStream:77 - [STDOUT_REDIRECT] 1 : Invalid condition id : UX_CORESTACK_Condition cause : null
2026-01-10 14:54:11,329 [WARN] PackLoader:240 - Cannot read IP mode file for STMicroelectronics.X-CUBE-AZRTOS-WL.2.0.0
2026-01-10 14:54:11,338 [WARN] PackLoader:240 - Cannot read IP mode file for STMicroelectronics.FP-SNS-MOTENV1.5.0.0
2026-01-10 14:54:11,358 [WARN] PackLoader:240 - Cannot read IP mode file for STMicroelectronics.X-CUBE-AZRTOS-H7RS.1.2.0
2026-01-10 14:54:11,365 [WARN] PackLoader:240 - Cannot read IP mode file for wolfSSL.I-CUBE-wolfMQTT.1.19.0
2026-01-10 14:54:11,374 [WARN] PackLoader:240 - Cannot read IP mode file for WES.I-CUBE-Cesium.1.3.0
2026-01-10 14:54:11,379 [WARN] PackLoader:240 - Cannot read IP mode file for STMicroelectronics.X-CUBE-BLE2.3.3.0
2026-01-10 14:54:11,405 [WARN] PackLoader:240 - Cannot read IP mode file for STMicroelectronics.X-CUBE-NFC9.1.0.0
2026-01-10 14:54:11,411 [WARN] PackLoader:240 - Cannot read IP mode file for STMicroelectronics.X-CUBE-BLE1.7.1.0
2026-01-10 14:54:11,419 [WARN] PackLoader:240 - Cannot read IP mode file for STMicroelectronics.X-CUBE-TCPP.4.1.0
2026-01-10 14:54:11,422 [ERROR] Engine:466 - C:\Users\kamil\.stm32cubemx\thirdparties\pdsc\STMicroelectronics.X-CUBE-FREERTOS.1.4.0.pdsc: PDSC version is not supported
2026-01-10 14:54:11,429 [WARN] PackLoader:240 - Cannot read IP mode file for STMicroelectronics.X-CUBE-EEPRMA1.5.2.0
2026-01-10 14:54:11,433 [ERROR] Engine:466 - C:\Users\kamil\.stm32cubemx\thirdparties\pdsc\STMicroelectronics.X-CUBE-ST67W61.1.1.0.pdsc: PDSC version is not supported
2026-01-10 14:54:11,464 [WARN] PackLoader:240 - Cannot read IP mode file for STMicroelectronics.X-CUBE-MEMS1.12.0.0
2026-01-10 14:54:11,515 [WARN] PackLoader:240 - Cannot read IP mode file for STMicroelectronics.X-CUBE-AZRTOS-G0.1.1.0
2026-01-10 14:54:11,526 [WARN] PackLoader:240 - Cannot read IP mode file for STMicroelectronics.X-CUBE-SAFEA1.1.2.2
2026-01-10 14:54:11,536 [WARN] PackLoader:240 - Cannot read IP mode file for STMicroelectronics.X-CUBE-NFC4.3.0.0
2026-01-10 14:54:11,548 [WARN] PackLoader:240 - Cannot read IP mode file for EmbeddedOffice.I-CUBE-FS-RTOS.1.0.1
2026-01-10 14:54:11,554 [INFO] WebApp:187 - Connection restablished
2026-01-10 14:54:11,556 [WARN] PackLoader:240 - Cannot read IP mode file for STMicroelectronics.X-CUBE-WB05N.2.0.0
2026-01-10 14:54:11,564 [WARN] PackLoader:240 - Cannot read IP mode file for STMicroelectronics.X-CUBE-TCPP.4.2.0
2026-01-10 14:54:11,588 [WARN] PackLoader:240 - Cannot read IP mode file for RealThread.X-CUBE-RT-Thread_Nano.4.1.1
2026-01-10 14:54:11,594 [WARN] PackLoader:240 - Cannot read IP mode file for STMicroelectronics.FP-ATR-SIGFOX1.3.2.0
2026-01-10 14:54:11,600 [WARN] PackLoader:240 - Cannot read IP mode file for wolfSSL.I-CUBE-wolfSSL.5.7.2
2026-01-10 14:54:11,605 [WARN] ConditionMgr:438 - getConditionDescription Invalid condition id : Cortex-A Device cause : null
2026-01-10 14:54:11,615 [WARN] ConditionMgr:1044 - genDependencies : Invalid condition id : Cortex-A Device cause : null
2026-01-10 14:54:11,615 [WARN] ConditionMgr:1044 - genDependencies : Invalid condition id : Cortex-A Device cause : null
2026-01-10 14:54:11,615 [WARN] ConditionMgr:1044 - genDependencies : Invalid condition id : Cortex-A Device cause : null
2026-01-10 14:54:11,622 [WARN] PackLoader:240 - Cannot read IP mode file for STMicroelectronics.X-CUBE-EEPRMA1.5.1.0
2026-01-10 14:54:11,632 [WARN] PackLoader:240 - Cannot read IP mode file for ITTIA_DB.I-CUBE-ITTIADB.8.9.0
2026-01-10 14:54:11,642 [WARN] PackLoader:240 - Cannot read IP mode file for STMicroelectronics.X-CUBE-ST67W61.1.0.0
2026-01-10 14:54:11,645 [WARN] PackLoader:240 - Cannot read IP mode file for STMicroelectronics.X-CUBE-AI.10.2.0
2026-01-10 14:54:11,665 [WARN] PackLoader:240 - Cannot read IP mode file for SEGGER.I-CUBE-embOS.1.3.1
2026-01-10 14:54:11,702 [WARN] PackLoader:240 - Cannot read IP mode file for STMicroelectronics.X-CUBE-ALGOBUILD.1.4.0
2026-01-10 14:54:11,722 [INFO] WebApp:221 - Starting web application
2026-01-10 14:54:11,723 [INFO] WebApp:579 - Web application path used C:\ST\STM32CubeIDE_1.17.0\STM32CubeIDE\plugins\com.st.stm32cube.common.mx_6.13.0.202411220809\db\plugins\mcufinder\reactClient1\index.html
2026-01-10 14:54:11,748 [WARN] PackLoader:240 - Cannot read IP mode file for STMicroelectronics.X-CUBE-MEMS1.11.3.0
2026-01-10 14:54:11,857 [WARN] PackLoader:240 - Cannot read IP mode file for STMicroelectronics.X-CUBE-AI.9.1.0
2026-01-10 14:54:11,864 [WARN] PackLoader:240 - Cannot read IP mode file for STMicroelectronics.X-CUBE-PM33A1.1.0.0
2026-01-10 14:54:11,889 [WARN] PackLoader:240 - Cannot read IP mode file for STMicroelectronics.X-CUBE-AZRTOS-F4.1.1.0
2026-01-10 14:54:11,900 [WARN] PackLoader:240 - Cannot read IP mode file for STMicroelectronics.X-CUBE-ISPU.2.1.0
2026-01-10 14:54:11,906 [ERROR] Engine:466 - C:\Users\kamil\.stm32cubemx\thirdparties\pdsc\STMicroelectronics.X-CUBE-IPS.3.2.0.pdsc: PDSC version is not supported
2026-01-10 14:54:11,914 [WARN] PackLoader:240 - Cannot read IP mode file for STMicroelectronics.X-CUBE-FREERTOS.1.2.0
2026-01-10 14:54:11,923 [WARN] PackLoader:240 - Cannot read IP mode file for STMicroelectronics.X-CUBE-NFC12.1.0.0
2026-01-10 14:54:11,957 [WARN] PackLoader:240 - Cannot read IP mode file for STMicroelectronics.X-CUBE-AZRTOS-L5.2.0.0
2026-01-10 14:54:11,973 [WARN] PackLoader:240 - Cannot read IP mode file for STMicroelectronics.X-CUBE-NFC6.3.1.0
2026-01-10 14:54:11,999 [WARN] PackLoader:240 - Cannot read IP mode file for STMicroelectronics.X-CUBE-DPower.1.2.0
2026-01-10 14:54:12,005 [WARN] PackLoader:240 - Cannot read IP mode file for STMicroelectronics.X-CUBE-FREERTOS.1.3.1
2026-01-10 14:54:12,012 [WARN] PackLoader:240 - Cannot read IP mode file for STMicroelectronics.X-CUBE-FREERTOS.1.3.0
2026-01-10 14:54:12,018 [WARN] PackLoader:240 - Cannot read IP mode file for STMicroelectronics.X-CUBE-NFC7.1.0.1
2026-01-10 14:54:12,027 [WARN] PackLoader:240 - Cannot read IP mode file for STMicroelectronics.X-CUBE-TOUCHGFX.4.26.0
2026-01-10 14:54:12,034 [WARN] PackLoader:240 - Cannot read IP mode file for STMicroelectronics.FP-SNS-STAIOTCFT.1.0.0
2026-01-10 14:54:12,039 [WARN] PackLoader:240 - Cannot read IP mode file for STMicroelectronics.X-CUBE-DPower.1.3.0
2026-01-10 14:54:12,059 [WARN] ConditionMgr:438 - getConditionDescription Invalid condition id : LAN8742 Phy interface Condition cause : null
2026-01-10 14:54:12,060 [WARN] PackLoader:240 - Cannot read IP mode file for STMicroelectronics.X-CUBE-AZRTOS-L4.2.0.0
2026-01-10 14:54:12,061 [WARN] ConditionMgr:1044 - genDependencies : Invalid condition id : LAN8742 Phy interface Condition cause : null
2026-01-10 14:54:12,061 [WARN] ConditionMgr:1044 - genDependencies : Invalid condition id : LAN8742 Phy interface Condition cause : null
2026-01-10 14:54:12,062 [WARN] ConditionMgr:1044 - genDependencies : Invalid condition id : LAN8742 Phy interface Condition cause : null
2026-01-10 14:54:12,074 [WARN] PackLoader:240 - Cannot read IP mode file for STMicroelectronics.X-CUBE-SFXS2LP1.4.0.0
2026-01-10 14:54:12,096 [WARN] PackLoader:240 - Cannot read IP mode file for STMicroelectronics.X-CUBE-AZRTOS-H7.3.3.0
2026-01-10 14:54:12,109 [WARN] PackLoader:240 - Cannot read IP mode file for STMicroelectronics.X-CUBE-BLEMGR.4.1.0
2026-01-10 14:54:12,124 [WARN] PackLoader:240 - Cannot read IP mode file for STMicroelectronics.X-CUBE-IPS.3.0.0
2026-01-10 14:54:12,142 [WARN] ConditionMgr:438 - getConditionDescription Invalid condition id : UX DEVICE CLASS RTOS Condition cause : null
2026-01-10 14:54:12,142 [WARN] ConditionMgr:438 - getConditionDescription Invalid condition id : UX DEVICE CLASS RTOS Condition cause : null
2026-01-10 14:54:12,144 [WARN] PackLoader:240 - Cannot read IP mode file for STMicroelectronics.X-CUBE-AZRTOS-WB.2.0.0
2026-01-10 14:54:12,145 [WARN] ConditionMgr:1044 - genDependencies : Invalid condition id : UX DEVICE CLASS RTOS Condition cause : null
2026-01-10 14:54:12,145 [WARN] ConditionMgr:1044 - genDependencies : Invalid condition id : UX DEVICE CLASS RTOS Condition cause : null
2026-01-10 14:54:12,146 [WARN] ConditionMgr:1044 - genDependencies : Invalid condition id : UX DEVICE CLASS RTOS Condition cause : null
2026-01-10 14:54:12,146 [WARN] ConditionMgr:1044 - genDependencies : Invalid condition id : UX DEVICE CLASS RTOS Condition cause : null
2026-01-10 14:54:12,146 [WARN] ConditionMgr:1044 - genDependencies : Invalid condition id : UX DEVICE CLASS RTOS Condition cause : null
2026-01-10 14:54:12,152 [WARN] PackLoader:240 - Cannot read IP mode file for STMicroelectronics.X-CUBE-GNSS1.7.0.0
2026-01-10 14:54:12,158 [WARN] PackLoader:240 - Cannot read IP mode file for STMicroelectronics.X-CUBE-GNSS1.7.0.1
2026-01-10 14:54:12,163 [WARN] PackLoader:240 - Cannot read IP mode file for STMicroelectronics.X-CUBE-TOUCHGFX.4.25.0
2026-01-10 14:54:12,171 [WARN] PackLoader:240 - Cannot read IP mode file for STMicroelectronics.FP-SNS-STBOX1.2.0.0
2026-01-10 14:54:12,185 [WARN] PackLoader:240 - Cannot read IP mode file for STMicroelectronics.X-CUBE-SUBG2.5.0.0
2026-01-10 14:54:12,210 [WARN] PackLoader:240 - Cannot read IP mode file for STMicroelectronics.X-CUBE-AZRTOS-H7RS.1.1.0
2026-01-10 14:54:12,217 [WARN] PackLoader:240 - Cannot read IP mode file for Cesanta.I-CUBE-Mongoose.7.13.0
2026-01-10 14:54:12,234 [WARN] PackLoader:240 - Cannot read IP mode file for STMicroelectronics.X-CUBE-AZRTOS-G4.2.0.0
2026-01-10 14:54:12,241 [WARN] PackLoader:240 - Cannot read IP mode file for STMicroelectronics.X-CUBE-NFC7.2.0.0
2026-01-10 14:54:12,250 [WARN] PackLoader:240 - Cannot read IP mode file for STMicroelectronics.X-CUBE-IPS.3.1.0
2026-01-10 14:54:12,268 [WARN] PackLoader:240 - Cannot read IP mode file for STMicroelectronics.X-CUBE-ALS.1.0.2
2026-01-10 14:54:12,272 [WARN] PackLoader:240 - Cannot read IP mode file for STMicroelectronics.X-CUBE-TOUCHGFX.4.24.1
2026-01-10 14:54:12,280 [WARN] PackLoader:240 - Cannot read IP mode file for STMicroelectronics.X-CUBE-STSE01.1.0.0
2026-01-10 14:54:12,288 [WARN] PackLoader:240 - Cannot read IP mode file for wolfSSL.I-CUBE-wolfTPM.3.4.0
2026-01-10 14:54:12,296 [WARN] PackLoader:240 - Cannot read IP mode file for portGmbH.I-Cube-SoM-uGOAL.1.1.0
2026-01-10 14:54:12,313 [WARN] PackLoader:240 - Cannot read IP mode file for STMicroelectronics.X-CUBE-AZRTOS-H7RS.1.0.0
2026-01-10 14:54:12,319 [WARN] PackLoader:240 - Cannot read IP mode file for STMicroelectronics.FP-ATR-ASTRA1.2.0.0
2026-01-10 14:54:12,330 [WARN] PackLoader:240 - Cannot read IP mode file for STMicroelectronics.X-CUBE-TOF1.3.4.2
2026-01-10 14:54:12,346 [WARN] PackLoader:240 - Cannot read IP mode file for STMicroelectronics.X-CUBE-TOF1.3.4.3
2026-01-10 14:54:12,372 [WARN] PackLoader:240 - Cannot read IP mode file for Infineon.AIROC-Wi-Fi-Bluetooth-STM32.1.6.1
2026-01-10 14:54:12,381 [WARN] PackLoader:240 - Cannot read IP mode file for wolfSSL.I-CUBE-wolfSSH.1.4.17
2026-01-10 14:54:12,381 [INFO] ThirdParty:978 - Integrity check success = true
2026-01-10 14:54:12,381 [INFO] IntegrityCheckThread:100 - exiting critical section [integrity check]
2026-01-10 14:54:12,382 [INFO] IntegrityCheckThread:103 - End integrity checks thread
2026-01-10 14:55:32,188 [ERROR] LogOutputStream:75 - [STDERR_REDIRECT] 
2026-01-10 14:58:32,807 [INFO] Activator:176 - 


2026-01-10 14:58:32,810 [INFO] Activator:177 - !SESSION log4j initialized
2026-01-10 14:58:36,162 [INFO] LogOutputStream:77 - [STDOUT_REDIRECT] 
2026-01-10 14:58:38,005 [INFO] ApplicationProperties:184 - Using Application install path: C:\ST\STM32CubeIDE_1.17.0\STM32CubeIDE\plugins\com.st.stm32cube.common.mx_6.13.0.202411220809
2026-01-10 14:58:38,021 [INFO] DbMcusXml:78 - Set database path to: C:\ST\STM32CubeIDE_1.17.0\STM32CubeIDE\plugins\com.st.stm32cube.common.mx_6.13.0.202411220809\\db\/mcu/
2026-01-10 14:58:38,022 [INFO] ApiDb:274 - Set plugin database path to: C:\ST\STM32CubeIDE_1.17.0\STM32CubeIDE\plugins\com.st.stm32cube.common.mx_6.13.0.202411220809\\db\/plugins/boardmanager/
2026-01-10 14:58:38,022 [WARN] ApiDb:259 - Overriding images path with different value:  => C:\ST\STM32CubeIDE_1.17.0\STM32CubeIDE\plugins\com.st.stm32cube.common.mx_6.13.0.202411220809\\db\/plugins/mcufinder/images/
2026-01-10 14:58:38,028 [INFO] ApiDb:250 - Set database path to: C:\Users\kamil\.stmcufinder\plugins\mcufinder//mcu/
2026-01-10 14:58:38,029 [INFO] DbMcusAds:125 - Set database path to: C:\Users\kamil\.stmcufinder\plugins\mcufinder//mcu/
2026-01-10 14:58:38,030 [INFO] CrossReferenceDbSqlite:203 - Set database path to: C:\Users\kamil\.stmcufinder\plugins\mcufinder//mcu/cs/
2026-01-10 14:58:38,164 [INFO] RulesReader:64 - Compatibility file has been processed (297 Rules)
2026-01-10 14:58:38,273 [INFO] DbMcusXml:78 - Set database path to: C:\ST\STM32CubeIDE_1.17.0\STM32CubeIDE\plugins\com.st.stm32cube.common.mx_6.13.0.202411220809\\db\/mcu/
2026-01-10 14:58:38,273 [INFO] ApiDb:274 - Set plugin database path to: C:\ST\STM32CubeIDE_1.17.0\STM32CubeIDE\plugins\com.st.stm32cube.common.mx_6.13.0.202411220809\\db\/plugins/boardmanager/
2026-01-10 14:58:38,273 [INFO] ApiDb:261 - Set plugin images path to: C:\ST\STM32CubeIDE_1.17.0\STM32CubeIDE\plugins\com.st.stm32cube.common.mx_6.13.0.202411220809\\db\/plugins/mcufinder/images/
2026-01-10 14:58:38,274 [WARN] DbFile:41 - Overriding database path with different value: C:\Users\kamil\.stmcufinder\plugins\mcufinder/ => C:\Users\kamil\.stmcufinder\plugins\mcufinder
2026-01-10 14:58:38,274 [INFO] ApiDb:250 - Set database path to: C:\Users\kamil\.stmcufinder\plugins\mcufinder//mcu/
2026-01-10 14:58:38,274 [WARN] DbFile:41 - Overriding database path with different value: C:\Users\kamil\.stmcufinder\plugins\mcufinder/ => C:\Users\kamil\.stmcufinder\plugins\mcufinder
2026-01-10 14:58:38,274 [INFO] DbMcusAds:125 - Set database path to: C:\Users\kamil\.stmcufinder\plugins\mcufinder//mcu/
2026-01-10 14:58:38,274 [WARN] DbFile:41 - Overriding database path with different value: C:\Users\kamil\.stmcufinder\plugins\mcufinder/ => C:\Users\kamil\.stmcufinder\plugins\mcufinder
2026-01-10 14:58:38,274 [WARN] DbFile:41 - Overriding database path with different value: C:\Users\kamil\.stmcufinder\plugins\mcufinder/ => C:\Users\kamil\.stmcufinder\plugins\mcufinder
2026-01-10 14:58:38,275 [INFO] CrossReferenceDbSqlite:203 - Set database path to: C:\Users\kamil\.stmcufinder\plugins\mcufinder//mcu/cs/
2026-01-10 14:58:38,356 [INFO] MainPanel:272 - HeapMemory: 268435456
2026-01-10 14:58:38,444 [INFO] DbMcusXml:78 - Set database path to: C:\ST\STM32CubeIDE_1.17.0\STM32CubeIDE\plugins\com.st.stm32cube.common.mx_6.13.0.202411220809\\db\/mcu/
2026-01-10 14:58:38,444 [INFO] ApiDb:274 - Set plugin database path to: C:\ST\STM32CubeIDE_1.17.0\STM32CubeIDE\plugins\com.st.stm32cube.common.mx_6.13.0.202411220809\\db\/plugins/boardmanager/
2026-01-10 14:58:38,444 [INFO] ApiDb:261 - Set plugin images path to: C:\ST\STM32CubeIDE_1.17.0\STM32CubeIDE\plugins\com.st.stm32cube.common.mx_6.13.0.202411220809\\db\/plugins/mcufinder/images/
2026-01-10 14:58:38,445 [WARN] DbFile:41 - Overriding database path with different value: C:\Users\kamil\.stmcufinder\plugins\mcufinder/ => C:\Users\kamil\.stmcufinder\plugins\mcufinder
2026-01-10 14:58:38,445 [INFO] ApiDb:250 - Set database path to: C:\Users\kamil\.stmcufinder\plugins\mcufinder//mcu/
2026-01-10 14:58:38,445 [WARN] DbFile:41 - Overriding database path with different value: C:\Users\kamil\.stmcufinder\plugins\mcufinder/ => C:\Users\kamil\.stmcufinder\plugins\mcufinder
2026-01-10 14:58:38,445 [INFO] DbMcusAds:125 - Set database path to: C:\Users\kamil\.stmcufinder\plugins\mcufinder//mcu/
2026-01-10 14:58:38,445 [WARN] DbFile:41 - Overriding database path with different value: C:\Users\kamil\.stmcufinder\plugins\mcufinder/ => C:\Users\kamil\.stmcufinder\plugins\mcufinder
2026-01-10 14:58:38,445 [WARN] DbFile:41 - Overriding database path with different value: C:\Users\kamil\.stmcufinder\plugins\mcufinder/ => C:\Users\kamil\.stmcufinder\plugins\mcufinder
2026-01-10 14:58:38,445 [INFO] CrossReferenceDbSqlite:203 - Set database path to: C:\Users\kamil\.stmcufinder\plugins\mcufinder//mcu/cs/
2026-01-10 14:58:38,466 [INFO] ApplicationProperties:184 - Using Application install path: C:\ST\STM32CubeIDE_1.17.0\STM32CubeIDE\plugins\com.st.stm32cube.common.mx_6.13.0.202411220809
2026-01-10 14:58:38,467 [INFO] PluginManage:196 - Search for loadable plugins [exclusion list=, ]
2026-01-10 14:58:38,468 [INFO] PluginManage:310 - Check plugin analytics
2026-01-10 14:58:38,711 [INFO] AnalyticsPlugin:253 - Accepted Software Licenses: 
2026-01-10 14:58:38,711 [INFO] AnalyticsPlugin:255 - Accepted CMSIS Pack Licenses: 
2026-01-10 14:58:38,712 [INFO] AnalyticsPlugin:257 - Accepted Firmware Licenses: FW.F7.1.17.0,FW.H7.1.12.0
2026-01-10 14:58:38,715 [INFO] PluginManage:359 - Loaded plugin analytics (category:tool,tabindex:-1)
2026-01-10 14:58:38,715 [INFO] PluginManage:310 - Check plugin cadmodel
2026-01-10 14:58:38,720 [INFO] CADModel:105 - Init CAD model plugin
2026-01-10 14:58:38,722 [INFO] PluginManage:359 - Loaded plugin cadmodel (category:power,tabindex:5)
2026-01-10 14:58:38,722 [INFO] PluginManage:310 - Check plugin clock
2026-01-10 14:58:38,736 [INFO] PluginManage:359 - Loaded plugin clock (category:base,tabindex:2)
2026-01-10 14:58:38,736 [INFO] PluginManage:310 - Check plugin ddr
2026-01-10 14:58:38,742 [INFO] PluginManage:359 - Loaded plugin ddr (category:tool,tabindex:6)
2026-01-10 14:58:38,742 [INFO] PluginManage:310 - Check plugin filemanager
2026-01-10 14:58:38,989 [INFO] PluginManage:359 - Loaded plugin filemanager (category:base,tabindex:10)
2026-01-10 14:58:38,989 [INFO] PluginManage:310 - Check plugin ipmanager
2026-01-10 14:58:39,002 [INFO] PluginManage:359 - Loaded plugin ipmanager (category:base,tabindex:5)
2026-01-10 14:58:39,002 [INFO] PluginManage:310 - Check plugin lpbam
2026-01-10 14:58:39,014 [INFO] PluginManage:359 - Loaded plugin lpbam (category:base,tabindex:0)
2026-01-10 14:58:39,014 [INFO] PluginManage:310 - Check plugin memorymap
2026-01-10 14:58:39,029 [INFO] PluginManage:359 - Loaded plugin memorymap (category:base,tabindex:4)
2026-01-10 14:58:39,030 [INFO] PluginManage:310 - Check plugin pinoutandconfiguration
2026-01-10 14:58:39,037 [INFO] PluginManage:359 - Loaded plugin pinoutandconfiguration (category:base,tabindex:1)
2026-01-10 14:58:39,038 [INFO] PluginManage:310 - Check plugin pinoutconfig
2026-01-10 14:58:39,133 [WARN] SupportedApi:132 - Cannot load RTOS API schema: s4s-elt-must-match.1: The content of 'definitions' must match (annotation?, (simpleType | complexType)?, (unique | key | keyref)*)). A problem was found starting at: attribute.
2026-01-10 14:58:39,284 [INFO] PluginManage:359 - Loaded plugin pinoutconfig (category:base,tabindex:0)
2026-01-10 14:58:39,285 [INFO] PluginManage:310 - Check plugin power
2026-01-10 14:58:39,304 [INFO] PluginManage:359 - Loaded plugin power (category:power,tabindex:4)
2026-01-10 14:58:39,304 [INFO] PluginManage:310 - Check plugin projectmanager
2026-01-10 14:58:39,335 [INFO] PluginManage:359 - Loaded plugin projectmanager (category:projectmanager,tabindex:4)
2026-01-10 14:58:39,335 [INFO] PluginManage:310 - Check plugin rif
2026-01-10 14:58:39,349 [INFO] PluginManage:359 - Loaded plugin rif (category:base,tabindex:3)
2026-01-10 14:58:39,349 [INFO] PluginManage:310 - Check plugin thirdparty
2026-01-10 14:58:39,548 [WARN] IntegrityCheckThread:84 - waiting for thirdparty lock release [integrity check]
2026-01-10 14:58:39,548 [INFO] PluginManage:359 - Loaded plugin thirdparty (category:base,tabindex:-1)
2026-01-10 14:58:39,548 [INFO] IntegrityCheckThread:86 - entering critical section [integrity check]
2026-01-10 14:58:39,548 [INFO] PluginManage:310 - Check plugin tools
2026-01-10 14:58:39,548 [INFO] ThirdPartyUpdaterWithRetryManager:70 - Updater plugin not ready yet. [1/15]
2026-01-10 14:58:39,553 [INFO] PluginManage:359 - Loaded plugin tools (category:base,tabindex:7)
2026-01-10 14:58:39,553 [INFO] PluginManage:310 - Check plugin tutovideos
2026-01-10 14:58:39,736 [INFO] PluginManage:359 - Loaded plugin tutovideos (category:base,tabindex:-1)
2026-01-10 14:58:39,736 [INFO] PluginManage:310 - Check plugin updater
2026-01-10 14:58:39,759 [INFO] PluginManage:359 - Loaded plugin updater (category:base,tabindex:12)
2026-01-10 14:58:39,759 [INFO] PluginManage:310 - Check plugin userauth
2026-01-10 14:58:39,764 [INFO] UserAuth:118 - Init User Auth plugin
2026-01-10 14:58:39,765 [INFO] PluginManage:359 - Loaded plugin userauth (category:base,tabindex:14)
2026-01-10 14:58:39,766 [INFO] PluginManage:283 - PluginManage : Loaded plugins [18]
2026-01-10 14:58:40,036 [INFO] PinOutPanel:1589 - setPackage(No Configuration,No Configuration)
2026-01-10 14:58:40,136 [INFO] CADModel:165 - CPN selected for project level
2026-01-10 14:58:40,136 [INFO] CADModel:114 - Register for checkConnection events
2026-01-10 14:58:40,160 [INFO] IPUIPlugin:80 - create IPUIPlugin
2026-01-10 14:58:40,160 [INFO] PluginManager:220 - loadIPPluginJar : add adc
2026-01-10 14:58:40,166 [INFO] IPUIPlugin:80 - create IPUIPlugin
2026-01-10 14:58:40,166 [INFO] PluginManager:220 - loadIPPluginJar : add aes
2026-01-10 14:58:40,172 [INFO] IPUIPlugin:80 - create IPUIPlugin
2026-01-10 14:58:40,172 [INFO] PluginManager:220 - loadIPPluginJar : add can
2026-01-10 14:58:40,174 [INFO] IPUIPlugin:80 - create IPUIPlugin
2026-01-10 14:58:40,175 [INFO] PluginManager:220 - loadIPPluginJar : add comp
2026-01-10 14:58:40,179 [INFO] IPUIPlugin:80 - create IPUIPlugin
2026-01-10 14:58:40,179 [INFO] PluginManager:220 - loadIPPluginJar : add cryp
2026-01-10 14:58:40,185 [INFO] IPUIPlugin:80 - create IPUIPlugin
2026-01-10 14:58:40,185 [INFO] PluginManager:220 - loadIPPluginJar : add ddr_ctrl_phy
2026-01-10 14:58:40,189 [INFO] IPUIPlugin:80 - create IPUIPlugin
2026-01-10 14:58:40,189 [INFO] PluginManager:220 - loadIPPluginJar : add dfsdm
2026-01-10 14:58:40,197 [INFO] IPUIPlugin:80 - create IPUIPlugin
2026-01-10 14:58:40,199 [INFO] PluginManager:220 - loadIPPluginJar : add dma
2026-01-10 14:58:40,202 [INFO] IPUIPlugin:80 - create IPUIPlugin
2026-01-10 14:58:40,203 [INFO] PluginManager:220 - loadIPPluginJar : add dma3
2026-01-10 14:58:40,207 [INFO] IPUIPlugin:80 - create IPUIPlugin
2026-01-10 14:58:40,208 [INFO] PluginManager:220 - loadIPPluginJar : add extmemmanager
2026-01-10 14:58:40,211 [INFO] IPUIPlugin:80 - create IPUIPlugin
2026-01-10 14:58:40,211 [INFO] PluginManager:220 - loadIPPluginJar : add fatfs
2026-01-10 14:58:40,218 [INFO] IPUIPlugin:80 - create IPUIPlugin
2026-01-10 14:58:40,219 [INFO] PluginManager:220 - loadIPPluginJar : add fmc
2026-01-10 14:58:40,225 [INFO] IPUIPlugin:80 - create IPUIPlugin
2026-01-10 14:58:40,225 [INFO] PluginManager:220 - loadIPPluginJar : add freertos
2026-01-10 14:58:40,228 [INFO] IPUIPlugin:80 - create IPUIPlugin
2026-01-10 14:58:40,229 [INFO] PluginManager:220 - loadIPPluginJar : add genericplugin
2026-01-10 14:58:40,233 [INFO] IPUIPlugin:80 - create IPUIPlugin
2026-01-10 14:58:40,233 [INFO] PluginManager:220 - loadIPPluginJar : add gfxmmu
2026-01-10 14:58:40,241 [INFO] IPUIPlugin:80 - create IPUIPlugin
2026-01-10 14:58:40,241 [INFO] PluginManager:220 - loadIPPluginJar : add gic
2026-01-10 14:58:40,248 [INFO] IPUIPlugin:80 - create IPUIPlugin
2026-01-10 14:58:40,248 [INFO] PluginManager:220 - loadIPPluginJar : add gpio
2026-01-10 14:58:40,252 [INFO] IPUIPlugin:80 - create IPUIPlugin
2026-01-10 14:58:40,252 [INFO] PluginManager:220 - loadIPPluginJar : add gtzc
2026-01-10 14:58:40,256 [INFO] IPUIPlugin:80 - create IPUIPlugin
2026-01-10 14:58:40,256 [INFO] PluginManager:220 - loadIPPluginJar : add hash
2026-01-10 14:58:40,260 [INFO] IPUIPlugin:80 - create IPUIPlugin
2026-01-10 14:58:40,260 [INFO] PluginManager:220 - loadIPPluginJar : add i2c
2026-01-10 14:58:40,265 [INFO] IPUIPlugin:80 - create IPUIPlugin
2026-01-10 14:58:40,265 [INFO] PluginManager:220 - loadIPPluginJar : add i2s
2026-01-10 14:58:40,270 [INFO] IPUIPlugin:80 - create IPUIPlugin
2026-01-10 14:58:40,271 [INFO] PluginManager:220 - loadIPPluginJar : add i3c
2026-01-10 14:58:40,276 [INFO] IPUIPlugin:80 - create IPUIPlugin
2026-01-10 14:58:40,277 [INFO] PluginManager:220 - loadIPPluginJar : add ipddr
2026-01-10 14:58:40,288 [INFO] IPUIPlugin:80 - create IPUIPlugin
2026-01-10 14:58:40,289 [INFO] PluginManager:220 - loadIPPluginJar : add linkedlist
2026-01-10 14:58:40,295 [INFO] IPUIPlugin:80 - create IPUIPlugin
2026-01-10 14:58:40,296 [INFO] PluginManager:220 - loadIPPluginJar : add lorawan
2026-01-10 14:58:40,298 [INFO] IPUIPlugin:80 - create IPUIPlugin
2026-01-10 14:58:40,299 [INFO] PluginManager:220 - loadIPPluginJar : add ltdc
2026-01-10 14:58:40,306 [INFO] IPUIPlugin:80 - create IPUIPlugin
2026-01-10 14:58:40,306 [INFO] PluginManager:220 - loadIPPluginJar : add mdma
2026-01-10 14:58:40,312 [INFO] IPUIPlugin:80 - create IPUIPlugin
2026-01-10 14:58:40,312 [INFO] PluginManager:220 - loadIPPluginJar : add nvic
2026-01-10 14:58:40,317 [INFO] IPUIPlugin:80 - create IPUIPlugin
2026-01-10 14:58:40,317 [INFO] PluginManager:220 - loadIPPluginJar : add opamp
2026-01-10 14:58:40,320 [INFO] IPUIPlugin:80 - create IPUIPlugin
2026-01-10 14:58:40,321 [INFO] PluginManager:220 - loadIPPluginJar : add openamp
2026-01-10 14:58:40,325 [INFO] IPUIPlugin:80 - create IPUIPlugin
2026-01-10 14:58:40,325 [INFO] PluginManager:220 - loadIPPluginJar : add pdm2pcm
2026-01-10 14:58:40,335 [INFO] IPUIPlugin:80 - create IPUIPlugin
2026-01-10 14:58:40,339 [INFO] PluginManager:220 - loadIPPluginJar : add plateformsettings
2026-01-10 14:58:40,341 [INFO] IPUIPlugin:80 - create IPUIPlugin
2026-01-10 14:58:40,341 [INFO] PluginManager:220 - loadIPPluginJar : add quadspi
2026-01-10 14:58:40,344 [INFO] IPUIPlugin:80 - create IPUIPlugin
2026-01-10 14:58:40,346 [INFO] PluginManager:220 - loadIPPluginJar : add radio
2026-01-10 14:58:40,349 [INFO] IPUIPlugin:80 - create IPUIPlugin
2026-01-10 14:58:40,350 [INFO] PluginManager:220 - loadIPPluginJar : add resmgrutility
2026-01-10 14:58:40,355 [INFO] IPUIPlugin:80 - create IPUIPlugin
2026-01-10 14:58:40,355 [INFO] PluginManager:220 - loadIPPluginJar : add sai
2026-01-10 14:58:40,358 [INFO] IPUIPlugin:80 - create IPUIPlugin
2026-01-10 14:58:40,358 [INFO] PluginManager:220 - loadIPPluginJar : add spi
2026-01-10 14:58:40,366 [INFO] IPUIPlugin:80 - create IPUIPlugin
2026-01-10 14:58:40,367 [INFO] PluginManager:220 - loadIPPluginJar : add stm32_wpan
2026-01-10 14:58:40,370 [INFO] IPUIPlugin:80 - create IPUIPlugin
2026-01-10 14:58:40,370 [INFO] PluginManager:220 - loadIPPluginJar : add tim
2026-01-10 14:58:40,374 [INFO] IPUIPlugin:80 - create IPUIPlugin
2026-01-10 14:58:40,374 [INFO] PluginManager:220 - loadIPPluginJar : add touchsensing
2026-01-10 14:58:40,378 [INFO] IPUIPlugin:80 - create IPUIPlugin
2026-01-10 14:58:40,384 [INFO] PluginManager:220 - loadIPPluginJar : add tracer_emb
2026-01-10 14:58:40,387 [INFO] IPUIPlugin:80 - create IPUIPlugin
2026-01-10 14:58:40,388 [INFO] PluginManager:220 - loadIPPluginJar : add ts
2026-01-10 14:58:40,390 [INFO] IPUIPlugin:80 - create IPUIPlugin
2026-01-10 14:58:40,390 [INFO] PluginManager:220 - loadIPPluginJar : add tsc
2026-01-10 14:58:40,392 [INFO] IPUIPlugin:80 - create IPUIPlugin
2026-01-10 14:58:40,393 [INFO] PluginManager:220 - loadIPPluginJar : add ucpd
2026-01-10 14:58:40,396 [INFO] IPUIPlugin:80 - create IPUIPlugin
2026-01-10 14:58:40,396 [INFO] PluginManager:220 - loadIPPluginJar : add usart
2026-01-10 14:58:40,400 [INFO] IPUIPlugin:80 - create IPUIPlugin
2026-01-10 14:58:40,402 [INFO] PluginManager:220 - loadIPPluginJar : add usbx
2026-01-10 14:58:40,539 [FATAL] Updater:351 - Updater called before beeing initialized
2026-01-10 14:58:40,586 [INFO] RulesReader:64 - Compatibility file has been processed (297 Rules)
2026-01-10 14:58:40,605 [INFO] RulesReader:64 - Compatibility file has been processed (297 Rules)
2026-01-10 14:58:40,626 [INFO] CADModel:165 - CPN selected for project level
2026-01-10 14:58:40,627 [INFO] CADModel:114 - Register for checkConnection events
2026-01-10 14:58:40,627 [FATAL] Updater:351 - Updater called before beeing initialized
2026-01-10 14:58:40,627 [ERROR] CADModel:125 - Updater not yet initialized, retry later 
2026-01-10 14:58:40,864 [FATAL] Updater:351 - Updater called before beeing initialized
2026-01-10 14:58:40,867 [INFO] CADModel:165 - CPN selected for project level
2026-01-10 14:58:40,867 [INFO] CADModel:114 - Register for checkConnection events
2026-01-10 14:58:40,867 [FATAL] Updater:351 - Updater called before beeing initialized
2026-01-10 14:58:40,868 [ERROR] CADModel:125 - Updater not yet initialized, retry later 
2026-01-10 14:58:40,873 [FATAL] Updater:351 - Updater called before beeing initialized
2026-01-10 14:58:41,015 [FATAL] Updater:351 - Updater called before beeing initialized
2026-01-10 14:58:41,020 [INFO] DbMcusAds:53 - JSON generation date=Tue Dec 16 00:11:46 CET 2025 (1765840306612)
2026-01-10 14:58:41,020 [FATAL] Updater:351 - Updater called before beeing initialized
2026-01-10 14:58:41,054 [WARN] DetailPanel:346 - Failed to get advertising image, set to default
2026-01-10 14:58:41,386 [FATAL] Updater:351 - Updater called before beeing initialized
2026-01-10 14:58:41,389 [FATAL] Updater:351 - Updater called before beeing initialized
2026-01-10 14:58:41,389 [FATAL] Updater:351 - Updater called before beeing initialized
2026-01-10 14:58:41,389 [WARN] DetailPanel:346 - Failed to get advertising image, set to default
2026-01-10 14:58:41,391 [FATAL] Updater:351 - Updater called before beeing initialized
2026-01-10 14:58:41,466 [ERROR] Updater:1198 - MainUpdater not yet initialized. External WinMGr cannot be set.
2026-01-10 14:58:41,470 [INFO] Updater:1134 - Updater Version found : 6.13.0
2026-01-10 14:58:41,493 [INFO] ApplicationProperties:184 - Using Application install path: C:\ST\STM32CubeIDE_1.17.0\STM32CubeIDE\plugins\com.st.stm32cube.common.mx_6.13.0.202411220809
2026-01-10 14:58:41,808 [INFO] MainUpdater:2872 - connection check result : 10
2026-01-10 14:58:41,810 [INFO] MainUpdater:289 - Updater Check For Update Now.
2026-01-10 14:58:41,810 [INFO] MicroXplorer:498 - Change Database Version : DB.6.0.130
2026-01-10 14:58:41,830 [INFO] McuFinderGlobals:63 - Set McuFinder mode to 2 (CubeIDE integrated)
2026-01-10 14:58:41,831 [INFO] UserAuth:171 - activating auth plugin
2026-01-10 14:58:41,836 [INFO] UserAuth:486 - Internet connection configuration mode: 1
2026-01-10 14:58:41,878 [INFO] JxBrowserEngine:152 - Initiate JxBrowser Engine with user profile folder
2026-01-10 14:58:42,023 [INFO] CheckServerUpdateThread:120 - End of CheckServer Thread
2026-01-10 14:58:42,807 [INFO] WebApp:168 - Instantiating new browser for Auth
2026-01-10 14:58:42,885 [WARN] PackLoader:240 - Cannot read IP mode file for STMicroelectronics.FP-SNS-MOTENVWB1.1.4.0
2026-01-10 14:58:42,900 [WARN] PackLoader:240 - Cannot read IP mode file for STMicroelectronics.FP-ATR-ASTRA1.2.0.2
2026-01-10 14:58:42,908 [WARN] PackLoader:240 - Cannot read IP mode file for STMicroelectronics.FP-ATR-ASTRA1.2.0.1
2026-01-10 14:58:42,933 [WARN] PackLoader:240 - Cannot read IP mode file for STMicroelectronics.X-CUBE-SMBUS.2.1.0
2026-01-10 14:58:42,946 [WARN] PackLoader:240 - Cannot read IP mode file for STMicroelectronics.X-CUBE-WB05N.1.1.0
2026-01-10 14:58:42,956 [WARN] PackLoader:240 - Cannot read IP mode file for STMicroelectronics.X-CUBE-ST60.1.0.0
2026-01-10 14:58:43,007 [WARN] PackLoader:240 - Cannot read IP mode file for STMicroelectronics.X-CUBE-AZRTOS-F7.1.1.0
2026-01-10 14:58:43,231 [WARN] PackLoader:240 - Cannot read IP mode file for STMicroelectronics.X-CUBE-MEMS1.11.0.0
2026-01-10 14:58:43,346 [ERROR] Engine:466 - C:\Users\kamil\.stm32cubemx\thirdparties\pdsc\STMicroelectronics.FP-SNS-MOTENV1.5.1.0.pdsc: PDSC version is not supported
2026-01-10 14:58:43,352 [WARN] PackLoader:240 - Cannot read IP mode file for STMicroelectronics.FP-SNS-FLIGHT1.5.0.2
2026-01-10 14:58:43,393 [WARN] PackLoader:240 - Cannot read IP mode file for STMicroelectronics.X-CUBE-AZRTOS-H7.3.4.0
2026-01-10 14:58:43,409 [WARN] PackLoader:240 - Cannot read IP mode file for STMicroelectronics.X-CUBE-DISPLAY.3.0.0
2026-01-10 14:58:43,420 [WARN] PackLoader:240 - Cannot read IP mode file for STMicroelectronics.X-CUBE-BLE1.7.0.0
2026-01-10 14:58:43,428 [WARN] PackLoader:240 - Cannot read IP mode file for STMicroelectronics.X-CUBE-NFC10.1.0.0
2026-01-10 14:58:43,438 [WARN] PackLoader:240 - Cannot read IP mode file for STMicroelectronics.X-CUBE-BLEMGR.4.0.0
2026-01-10 14:58:43,446 [WARN] PackLoader:240 - Cannot read IP mode file for STMicroelectronics.X-CUBE-ST60.1.1.0
2026-01-10 14:58:43,452 [WARN] PackLoader:240 - Cannot read IP mode file for emotas.I-CUBE-CANOPEN.1.3.0
2026-01-10 14:58:43,458 [WARN] PackLoader:240 - Cannot read IP mode file for STMicroelectronics.X-CUBE-GNSS1.7.1.0
2026-01-10 14:58:43,465 [WARN] PackLoader:240 - Cannot read IP mode file for STMicroelectronics.X-CUBE-BLEMGR.3.1.0
2026-01-10 14:58:43,471 [WARN] PackLoader:240 - Cannot read IP mode file for STMicroelectronics.X-CUBE-AI.10.0.0
2026-01-10 14:58:43,474 [ERROR] Engine:466 - C:\Users\kamil\.stm32cubemx\thirdparties\pdsc\STMicroelectronics.FP-SNS-STBOX1.2.1.0.pdsc: PDSC version is not supported
2026-01-10 14:58:43,478 [WARN] PackLoader:240 - Cannot read IP mode file for STMicroelectronics.FP-SNS-SMARTAG2.1.2.0
2026-01-10 14:58:43,482 [WARN] PackLoader:240 - Cannot read IP mode file for STMicroelectronics.FP-SNS-FLIGHT1.5.1.0
2026-01-10 14:58:43,525 [WARN] PackLoader:240 - Cannot read IP mode file for STMicroelectronics.X-CUBE-MEMS1.11.1.0
2026-01-10 14:58:43,642 [INFO] LogOutputStream:77 - [STDOUT_REDIRECT] 1 : Invalid condition id : UX_CORESTACK_Condition cause : null
2026-01-10 14:58:43,643 [INFO] LogOutputStream:77 - [STDOUT_REDIRECT] 1 : Invalid condition id : UX_CORESTACK_Condition cause : null
2026-01-10 14:58:43,645 [INFO] LogOutputStream:77 - [STDOUT_REDIRECT] 1 : Invalid condition id : UX_CORESTACK_Condition cause : null
2026-01-10 14:58:43,646 [INFO] LogOutputStream:77 - [STDOUT_REDIRECT] 1 : Invalid condition id : UX_CORESTACK_Condition cause : null
2026-01-10 14:58:43,648 [INFO] LogOutputStream:77 - [STDOUT_REDIRECT] 1 : Invalid condition id : UX_CORESTACK_Condition cause : null
2026-01-10 14:58:43,651 [WARN] PackLoader:240 - Cannot read IP mode file for STMicroelectronics.X-CUBE-AZRTOS-WL.2.0.0
2026-01-10 14:58:43,656 [WARN] PackLoader:240 - Cannot read IP mode file for STMicroelectronics.FP-SNS-MOTENV1.5.0.0
2026-01-10 14:58:43,669 [WARN] PackLoader:240 - Cannot read IP mode file for STMicroelectronics.X-CUBE-AZRTOS-H7RS.1.2.0
2026-01-10 14:58:43,676 [WARN] PackLoader:240 - Cannot read IP mode file for wolfSSL.I-CUBE-wolfMQTT.1.19.0
2026-01-10 14:58:43,683 [WARN] PackLoader:240 - Cannot read IP mode file for WES.I-CUBE-Cesium.1.3.0
2026-01-10 14:58:43,688 [WARN] PackLoader:240 - Cannot read IP mode file for STMicroelectronics.X-CUBE-BLE2.3.3.0
2026-01-10 14:58:43,708 [WARN] PackLoader:240 - Cannot read IP mode file for STMicroelectronics.X-CUBE-NFC9.1.0.0
2026-01-10 14:58:43,713 [WARN] PackLoader:240 - Cannot read IP mode file for STMicroelectronics.X-CUBE-BLE1.7.1.0
2026-01-10 14:58:43,718 [WARN] PackLoader:240 - Cannot read IP mode file for STMicroelectronics.X-CUBE-TCPP.4.1.0
2026-01-10 14:58:43,726 [ERROR] Engine:466 - C:\Users\kamil\.stm32cubemx\thirdparties\pdsc\STMicroelectronics.X-CUBE-FREERTOS.1.4.0.pdsc: PDSC version is not supported
2026-01-10 14:58:43,733 [WARN] PackLoader:240 - Cannot read IP mode file for STMicroelectronics.X-CUBE-EEPRMA1.5.2.0
2026-01-10 14:58:43,737 [ERROR] Engine:466 - C:\Users\kamil\.stm32cubemx\thirdparties\pdsc\STMicroelectronics.X-CUBE-ST67W61.1.1.0.pdsc: PDSC version is not supported
2026-01-10 14:58:43,770 [WARN] PackLoader:240 - Cannot read IP mode file for STMicroelectronics.X-CUBE-MEMS1.12.0.0
2026-01-10 14:58:43,837 [WARN] PackLoader:240 - Cannot read IP mode file for STMicroelectronics.X-CUBE-AZRTOS-G0.1.1.0
2026-01-10 14:58:43,850 [WARN] PackLoader:240 - Cannot read IP mode file for STMicroelectronics.X-CUBE-SAFEA1.1.2.2
2026-01-10 14:58:43,862 [WARN] PackLoader:240 - Cannot read IP mode file for STMicroelectronics.X-CUBE-NFC4.3.0.0
2026-01-10 14:58:43,875 [WARN] PackLoader:240 - Cannot read IP mode file for EmbeddedOffice.I-CUBE-FS-RTOS.1.0.1
2026-01-10 14:58:43,899 [WARN] PackLoader:240 - Cannot read IP mode file for STMicroelectronics.X-CUBE-WB05N.2.0.0
2026-01-10 14:58:43,906 [WARN] PackLoader:240 - Cannot read IP mode file for STMicroelectronics.X-CUBE-TCPP.4.2.0
2026-01-10 14:58:43,919 [WARN] PackLoader:240 - Cannot read IP mode file for RealThread.X-CUBE-RT-Thread_Nano.4.1.1
2026-01-10 14:58:43,928 [WARN] PackLoader:240 - Cannot read IP mode file for STMicroelectronics.FP-ATR-SIGFOX1.3.2.0
2026-01-10 14:58:43,945 [WARN] PackLoader:240 - Cannot read IP mode file for wolfSSL.I-CUBE-wolfSSL.5.7.2
2026-01-10 14:58:43,955 [WARN] ConditionMgr:438 - getConditionDescription Invalid condition id : Cortex-A Device cause : null
2026-01-10 14:58:43,978 [WARN] ConditionMgr:1044 - genDependencies : Invalid condition id : Cortex-A Device cause : null
2026-01-10 14:58:43,979 [WARN] ConditionMgr:1044 - genDependencies : Invalid condition id : Cortex-A Device cause : null
2026-01-10 14:58:43,979 [WARN] ConditionMgr:1044 - genDependencies : Invalid condition id : Cortex-A Device cause : null
2026-01-10 14:58:43,991 [WARN] PackLoader:240 - Cannot read IP mode file for STMicroelectronics.X-CUBE-EEPRMA1.5.1.0
2026-01-10 14:58:44,012 [WARN] PackLoader:240 - Cannot read IP mode file for ITTIA_DB.I-CUBE-ITTIADB.8.9.0
2026-01-10 14:58:44,024 [WARN] PackLoader:240 - Cannot read IP mode file for STMicroelectronics.X-CUBE-ST67W61.1.0.0
2026-01-10 14:58:44,032 [WARN] PackLoader:240 - Cannot read IP mode file for STMicroelectronics.X-CUBE-AI.10.2.0
2026-01-10 14:58:44,066 [INFO] WebApp:449 - Apply proxy settings
2026-01-10 14:58:44,066 [INFO] WebApp:534 - Chromium requires no authentication
2026-01-10 14:58:44,077 [WARN] PackLoader:240 - Cannot read IP mode file for SEGGER.I-CUBE-embOS.1.3.1
2026-01-10 14:58:44,097 [INFO] WebApp:477 - Direct internet connection detected
2026-01-10 14:58:44,137 [WARN] PackLoader:240 - Cannot read IP mode file for STMicroelectronics.X-CUBE-ALGOBUILD.1.4.0
2026-01-10 14:58:44,163 [INFO] WebApp:880 - Register for checkConnection events
2026-01-10 14:58:44,164 [INFO] WebApp:449 - Apply proxy settings
2026-01-10 14:58:44,164 [INFO] WebApp:534 - Chromium requires no authentication
2026-01-10 14:58:44,165 [INFO] WebApp:477 - Direct internet connection detected
2026-01-10 14:58:44,179 [WARN] PackLoader:240 - Cannot read IP mode file for STMicroelectronics.X-CUBE-MEMS1.11.3.0
2026-01-10 14:58:44,246 [WARN] PackLoader:240 - Cannot read IP mode file for STMicroelectronics.X-CUBE-AI.9.1.0
2026-01-10 14:58:44,253 [WARN] PackLoader:240 - Cannot read IP mode file for STMicroelectronics.X-CUBE-PM33A1.1.0.0
2026-01-10 14:58:44,263 [WARN] PackLoader:240 - Cannot read IP mode file for STMicroelectronics.X-CUBE-AZRTOS-F4.1.1.0
2026-01-10 14:58:44,270 [WARN] PackLoader:240 - Cannot read IP mode file for STMicroelectronics.X-CUBE-ISPU.2.1.0
2026-01-10 14:58:44,273 [ERROR] Engine:466 - C:\Users\kamil\.stm32cubemx\thirdparties\pdsc\STMicroelectronics.X-CUBE-IPS.3.2.0.pdsc: PDSC version is not supported
2026-01-10 14:58:44,277 [WARN] PackLoader:240 - Cannot read IP mode file for STMicroelectronics.X-CUBE-FREERTOS.1.2.0
2026-01-10 14:58:44,284 [WARN] PackLoader:240 - Cannot read IP mode file for STMicroelectronics.X-CUBE-NFC12.1.0.0
2026-01-10 14:58:44,297 [WARN] PackLoader:240 - Cannot read IP mode file for STMicroelectronics.X-CUBE-AZRTOS-L5.2.0.0
2026-01-10 14:58:44,304 [WARN] PackLoader:240 - Cannot read IP mode file for STMicroelectronics.X-CUBE-NFC6.3.1.0
2026-01-10 14:58:44,313 [WARN] PackLoader:240 - Cannot read IP mode file for STMicroelectronics.X-CUBE-DPower.1.2.0
2026-01-10 14:58:44,316 [WARN] PackLoader:240 - Cannot read IP mode file for STMicroelectronics.X-CUBE-FREERTOS.1.3.1
2026-01-10 14:58:44,321 [WARN] PackLoader:240 - Cannot read IP mode file for STMicroelectronics.X-CUBE-FREERTOS.1.3.0
2026-01-10 14:58:44,326 [WARN] PackLoader:240 - Cannot read IP mode file for STMicroelectronics.X-CUBE-NFC7.1.0.1
2026-01-10 14:58:44,335 [WARN] PackLoader:240 - Cannot read IP mode file for STMicroelectronics.X-CUBE-TOUCHGFX.4.26.0
2026-01-10 14:58:44,341 [WARN] PackLoader:240 - Cannot read IP mode file for STMicroelectronics.FP-SNS-STAIOTCFT.1.0.0
2026-01-10 14:58:44,347 [WARN] PackLoader:240 - Cannot read IP mode file for STMicroelectronics.X-CUBE-DPower.1.3.0
2026-01-10 14:58:44,367 [WARN] ConditionMgr:438 - getConditionDescription Invalid condition id : LAN8742 Phy interface Condition cause : null
2026-01-10 14:58:44,369 [WARN] PackLoader:240 - Cannot read IP mode file for STMicroelectronics.X-CUBE-AZRTOS-L4.2.0.0
2026-01-10 14:58:44,370 [WARN] ConditionMgr:1044 - genDependencies : Invalid condition id : LAN8742 Phy interface Condition cause : null
2026-01-10 14:58:44,371 [WARN] ConditionMgr:1044 - genDependencies : Invalid condition id : LAN8742 Phy interface Condition cause : null
2026-01-10 14:58:44,371 [WARN] ConditionMgr:1044 - genDependencies : Invalid condition id : LAN8742 Phy interface Condition cause : null
2026-01-10 14:58:44,376 [INFO] WebApp:187 - Connection restablished
2026-01-10 14:58:44,381 [WARN] PackLoader:240 - Cannot read IP mode file for STMicroelectronics.X-CUBE-SFXS2LP1.4.0.0
2026-01-10 14:58:44,400 [WARN] PackLoader:240 - Cannot read IP mode file for STMicroelectronics.X-CUBE-AZRTOS-H7.3.3.0
2026-01-10 14:58:44,411 [WARN] PackLoader:240 - Cannot read IP mode file for STMicroelectronics.X-CUBE-BLEMGR.4.1.0
2026-01-10 14:58:44,434 [WARN] PackLoader:240 - Cannot read IP mode file for STMicroelectronics.X-CUBE-IPS.3.0.0
2026-01-10 14:58:44,447 [WARN] ConditionMgr:438 - getConditionDescription Invalid condition id : UX DEVICE CLASS RTOS Condition cause : null
2026-01-10 14:58:44,447 [WARN] ConditionMgr:438 - getConditionDescription Invalid condition id : UX DEVICE CLASS RTOS Condition cause : null
2026-01-10 14:58:44,449 [WARN] PackLoader:240 - Cannot read IP mode file for STMicroelectronics.X-CUBE-AZRTOS-WB.2.0.0
2026-01-10 14:58:44,450 [WARN] ConditionMgr:1044 - genDependencies : Invalid condition id : UX DEVICE CLASS RTOS Condition cause : null
2026-01-10 14:58:44,450 [WARN] ConditionMgr:1044 - genDependencies : Invalid condition id : UX DEVICE CLASS RTOS Condition cause : null
2026-01-10 14:58:44,450 [WARN] ConditionMgr:1044 - genDependencies : Invalid condition id : UX DEVICE CLASS RTOS Condition cause : null
2026-01-10 14:58:44,451 [WARN] ConditionMgr:1044 - genDependencies : Invalid condition id : UX DEVICE CLASS RTOS Condition cause : null
2026-01-10 14:58:44,451 [WARN] ConditionMgr:1044 - genDependencies : Invalid condition id : UX DEVICE CLASS RTOS Condition cause : null
2026-01-10 14:58:44,457 [WARN] PackLoader:240 - Cannot read IP mode file for STMicroelectronics.X-CUBE-GNSS1.7.0.0
2026-01-10 14:58:44,463 [WARN] PackLoader:240 - Cannot read IP mode file for STMicroelectronics.X-CUBE-GNSS1.7.0.1
2026-01-10 14:58:44,468 [WARN] PackLoader:240 - Cannot read IP mode file for STMicroelectronics.X-CUBE-TOUCHGFX.4.25.0
2026-01-10 14:58:44,474 [WARN] PackLoader:240 - Cannot read IP mode file for STMicroelectronics.FP-SNS-STBOX1.2.0.0
2026-01-10 14:58:44,485 [WARN] PackLoader:240 - Cannot read IP mode file for STMicroelectronics.X-CUBE-SUBG2.5.0.0
2026-01-10 14:58:44,501 [WARN] PackLoader:240 - Cannot read IP mode file for STMicroelectronics.X-CUBE-AZRTOS-H7RS.1.1.0
2026-01-10 14:58:44,508 [WARN] PackLoader:240 - Cannot read IP mode file for Cesanta.I-CUBE-Mongoose.7.13.0
2026-01-10 14:58:44,517 [WARN] PackLoader:240 - Cannot read IP mode file for STMicroelectronics.X-CUBE-AZRTOS-G4.2.0.0
2026-01-10 14:58:44,522 [WARN] PackLoader:240 - Cannot read IP mode file for STMicroelectronics.X-CUBE-NFC7.2.0.0
2026-01-10 14:58:44,531 [WARN] PackLoader:240 - Cannot read IP mode file for STMicroelectronics.X-CUBE-IPS.3.1.0
2026-01-10 14:58:44,539 [WARN] PackLoader:240 - Cannot read IP mode file for STMicroelectronics.X-CUBE-ALS.1.0.2
2026-01-10 14:58:44,543 [WARN] PackLoader:240 - Cannot read IP mode file for STMicroelectronics.X-CUBE-TOUCHGFX.4.24.1
2026-01-10 14:58:44,549 [WARN] PackLoader:240 - Cannot read IP mode file for STMicroelectronics.X-CUBE-STSE01.1.0.0
2026-01-10 14:58:44,553 [WARN] PackLoader:240 - Cannot read IP mode file for wolfSSL.I-CUBE-wolfTPM.3.4.0
2026-01-10 14:58:44,560 [WARN] PackLoader:240 - Cannot read IP mode file for portGmbH.I-Cube-SoM-uGOAL.1.1.0
2026-01-10 14:58:44,577 [WARN] PackLoader:240 - Cannot read IP mode file for STMicroelectronics.X-CUBE-AZRTOS-H7RS.1.0.0
2026-01-10 14:58:44,583 [WARN] PackLoader:240 - Cannot read IP mode file for STMicroelectronics.FP-ATR-ASTRA1.2.0.0
2026-01-10 14:58:44,594 [WARN] PackLoader:240 - Cannot read IP mode file for STMicroelectronics.X-CUBE-TOF1.3.4.2
2026-01-10 14:58:44,608 [WARN] PackLoader:240 - Cannot read IP mode file for STMicroelectronics.X-CUBE-TOF1.3.4.3
2026-01-10 14:58:44,614 [INFO] WebApp:221 - Starting web application
2026-01-10 14:58:44,614 [INFO] WebApp:579 - Web application path used C:\ST\STM32CubeIDE_1.17.0\STM32CubeIDE\plugins\com.st.stm32cube.common.mx_6.13.0.202411220809\db\plugins\mcufinder\reactClient1\index.html
2026-01-10 14:58:44,639 [WARN] PackLoader:240 - Cannot read IP mode file for Infineon.AIROC-Wi-Fi-Bluetooth-STM32.1.6.1
2026-01-10 14:58:44,652 [WARN] PackLoader:240 - Cannot read IP mode file for wolfSSL.I-CUBE-wolfSSH.1.4.17
2026-01-10 14:58:44,652 [INFO] ThirdParty:978 - Integrity check success = true
2026-01-10 14:58:44,653 [INFO] IntegrityCheckThread:100 - exiting critical section [integrity check]
2026-01-10 14:58:44,653 [INFO] IntegrityCheckThread:103 - End integrity checks thread
2026-01-10 14:59:06,200 [INFO] McuFinderGlobals:63 - Set McuFinder mode to 2 (CubeIDE integrated)
2026-01-10 14:59:06,204 [INFO] MainUpdater:2872 - connection check result : 10
2026-01-10 14:59:06,222 [INFO] McuFinderGlobals:76 - Set McuFinderConnectedMode to true
2026-01-10 14:59:06,710 [INFO] ServerAccessManage:473 - Download File mcusAds.json._tmp_
2026-01-10 14:59:06,837 [INFO] LoadUrlFilesThread:156 - End of LoadUrlFiles Thread
2026-01-10 14:59:07,245 [INFO] ServerAccessManage:473 - Download File cube-finder-db.zip
2026-01-10 14:59:36,309 [INFO] FileExtend:240 - Unzip File : cube-finder-db.zip
2026-01-10 14:59:36,310 [INFO] FileExtend:255 - Standard Zip Deflate
2026-01-10 14:59:37,537 [INFO] LoadUrlFilesThread:156 - End of LoadUrlFiles Thread
2026-01-10 14:59:37,833 [INFO] ServerAccessManage:473 - Download File crdb.zip
2026-01-10 14:59:38,202 [INFO] FileExtend:240 - Unzip File : crdb.zip
2026-01-10 14:59:38,203 [INFO] FileExtend:255 - Standard Zip Deflate
2026-01-10 14:59:38,373 [INFO] LoadUrlFilesThread:156 - End of LoadUrlFiles Thread
2026-01-10 14:59:38,723 [INFO] ServerAccessManage:473 - Download File tutoVideoDB.zip
2026-01-10 14:59:38,775 [INFO] FileExtend:240 - Unzip File : tutoVideoDB.zip
2026-01-10 14:59:38,776 [INFO] FileExtend:255 - Standard Zip Deflate
2026-01-10 14:59:38,924 [INFO] LoadUrlFilesThread:156 - End of LoadUrlFiles Thread
2026-01-10 14:59:38,929 [WARN] DbFile:41 - Overriding database path with different value: C:\Users\kamil\.stmcufinder\plugins\mcufinder/ => C:\Users\kamil\.stmcufinder\plugins\mcufinder
2026-01-10 14:59:39,130 [INFO] ServerAccessManage:473 - Download File api_config.json
2026-01-10 14:59:39,252 [INFO] LoadUrlFilesThread:156 - End of LoadUrlFiles Thread
2026-01-10 14:59:39,257 [INFO] DbMcusAds:53 - JSON generation date=Thu Jan 08 16:56:32 CET 2026 (1767887792457)
2026-01-10 14:59:39,459 [INFO] ServerAccessManage:473 - Download File 
2026-01-10 14:59:39,661 [INFO] LoadUrlFilesThread:185 - End of LoadServerUrlFiles without Thread
2026-01-10 14:59:39,662 [INFO] TargetSelectorAdapter:259 - Refresh data is successful
2026-01-10 14:59:39,930 [INFO] ApiDb:581 - Connected to CubeFinder SQLite database (C:\Users\kamil\.stmcufinder\plugins\mcufinder\mcu\cube-finder-db.db)
2026-01-10 14:59:40,022 [INFO] ApiDb:668 - CubeFinder database Data Model version=2.1
2026-01-10 14:59:40,022 [INFO] ApiDb:669 - CubeFinder database Configuration version=3.0.39
2026-01-10 14:59:40,022 [INFO] ApiDb:670 - CubeFinder database generation date=2025-12-22 (1766407740)
2026-01-10 14:59:40,023 [INFO] ApiDb:671 - CubeFinder database FW Pack versions=[FP-ATR-ASTRA1_V2.0.0, FP-SNS-FLIGHT1_V5.1.0, FP-SNS-MOTENV1_V5.1.0, FP-SNS-MOTENVWB1_V1.4.0, FP-SNS-SMARTAG2_V1.2.0, FP-SNS-STBOX1_V2.1.0, STM32Cube_FW_C0_V1.4.0, STM32Cube_FW_F4_V1.28.3, STM32Cube_FW_F7_V1.17.4, STM32Cube_FW_G0_V1.6.2, STM32Cube_FW_G4_V1.6.1, STM32Cube_FW_H5_V1.5.1, STM32Cube_FW_H7RS_V1.3.0, STM32Cube_FW_H7_V1.12.1, STM32Cube_FW_L0_V1.12.2, STM32Cube_FW_L4_V1.18.1, STM32Cube_FW_L5_V1.6.0, STM32Cube_FW_N6_V1.3.0, STM32Cube_FW_U0_V1.3.0, STM32Cube_FW_U3_V1.2.1, STM32Cube_FW_U5_V1.8.0, STM32Cube_FW_WB0_V1.4.0, STM32Cube_FW_WBA_V1.8.0, STM32Cube_FW_WB_V1.24.0, STM32Cube_FW_WL3_V1.3.0, STM32Cube_FW_WL_V1.4.0, X-CUBE-ALGOBUILD_V1.4.0, X-CUBE-ALS_V1.0.2, X-CUBE-AZRTOS-F4_V1.1.0, X-CUBE-AZRTOS-F7_V1.1.0, X-CUBE-AZRTOS-G0_V1.1.0, X-CUBE-AZRTOS-G4_V2.0.0, X-CUBE-AZRTOS-H7RS_V1.1.0, X-CUBE-AZRTOS-H7_V3.4.0, X-CUBE-AZRTOS-L4_V2.0.0, X-CUBE-AZRTOS-L5_V2.0.0, X-CUBE-AZRTOS-WB_V2.0.0, X-CUBE-AZRTOS-WL_V2.0.0, X-CUBE-BLE1_V7.1.0, X-CUBE-BLE2_V3.3.0, X-CUBE-BLEMGR_V4.1.0, X-CUBE-EEPRMA1_V5.2.0, X-CUBE-FREERTOS_V1.3.1, X-CUBE-GNSS1_V6.0.0, X-CUBE-MEMS1_V12.0.0, X-CUBE-NFC4_V3.0.0, X-CUBE-NFC7_V2.0.0, X-CUBE-SFXS2LP1_V4.0.0, X-CUBE-ST67W61_V1.1.0, X-CUBE-SUBG2_V5.0.0, X-CUBE-TOF1_V3.4.3]
2026-01-10 14:59:42,643 [INFO] ApiDb:240 - Found 858 in-development CPN: [B-G473E-ZEST1S, B-WB1M-WPAN1, B-WBA5M-WPAN, B-WL5M-SUBG1, NUCLEO-C031C6, NUCLEO-C051C8, NUCLEO-C071RB, NUCLEO-C092RC, NUCLEO-H503RB, NUCLEO-H533RE, NUCLEO-H563ZI, NUCLEO-H7S3L8, NUCLEO-N657X0-Q, NUCLEO-U031R8, NUCLEO-U083RC, NUCLEO-U385RG-Q, NUCLEO-U545RE-Q, NUCLEO-U5A5ZJ-Q, NUCLEO-WB05KZ, NUCLEO-WB07CC, NUCLEO-WB09KE, NUCLEO-WBA52CG, NUCLEO-WBA55CG, NUCLEO-WL33CC1, NUCLEO-WL33CC2, STEVAL-PROTEUS1, STEVAL-SMARTAG2, STEVAL-STWINBX1, STM320518-EVAL, STM32C0116-DK, STM32C011D6Y3TR, STM32C011D6Y6TR, STM32C011F4P3, STM32C011F4P6, STM32C011F4U3, STM32C011F4U6TR, STM32C011F6P3, STM32C011F6P6, STM32C011F6U3, STM32C011F6U6TR, STM32C011J4M3, STM32C011J4M6, STM32C011J6M3, STM32C011J6M6, STM32C0316-DK, STM32C031C4T3, STM32C031C4T6, STM32C031C4U3, STM32C031C4U6, STM32C031C6T3, STM32C031C6T6, STM32C031C6U3, STM32C031C6U6, STM32C031F4P3, STM32C031F4P6, STM32C031F6P3, STM32C031F6P6, STM32C031G4U3, STM32C031G4U6, STM32C031G6U3, STM32C031G6U6, STM32C031K4T3, STM32C031K4T6, STM32C031K4U3, STM32C031K4U6, STM32C031K6T3, STM32C031K6T6, STM32C031K6U3, STM32C031K6U6, STM32C051C6T6, STM32C051C6U6, STM32C051C8T6, STM32C051C8U6, STM32C051D8Y6TR, STM32C051F6P6, STM32C051F8P6, STM32C051G6U6, STM32C051G8U6, STM32C051K6T6, STM32C051K6U6, STM32C051K8T6, STM32C071C8T6, STM32C071C8T6N, STM32C071C8U6, STM32C071C8U6N, STM32C071CBT6, STM32C071CBT6N, STM32C071CBU6, STM32C071CBU6N, STM32C071F8P6, STM32C071F8P6N, STM32C071FBP6, STM32C071FBP6N, STM32C071FBY6TR, STM32C071G8U6, STM32C071G8U6N, STM32C071GBU6, STM32C071GBU6N, STM32C071K8T6, STM32C071K8T6N, STM32C071K8U6, STM32C071K8U6N, STM32C071KBT6, STM32C071KBT6N, STM32C071KBU6, STM32C071KBU6N, STM32C071R8T6, STM32C071R8T6N, STM32C071RBI6N, STM32C071RBT6, STM32C071RBT6N, STM32C091CBT6, STM32C091CBU6, STM32C091CCT6, STM32C091CCU6, STM32C091ECY6TR, STM32C091FBP6, STM32C091FCP6, STM32C091GBU6, STM32C091GCU6, STM32C091KBT6, STM32C091KBU6, STM32C091KCT6, STM32C091KCU6, STM32C091RBT6, STM32C091RCI6, STM32C091RCT6, STM32C092CBT6, STM32C092CBU6, STM32C092CCT6, STM32C092CCU6, STM32C092ECY6TR, STM32C092FBP6, STM32C092FCP6, STM32C092GBU6, STM32C092GCU6, STM32C092KBT6, STM32C092KBU6, STM32C092KCT6, STM32C092KCU6, STM32C092RBT6, STM32C092RCI6, STM32C092RCT6, STM32G071K8TXN, STM32G071K8UXN, STM32G081GBU6N, STM32G081KBT6N, STM32G081KBUXN, STM32G0B1CCT6N, STM32G0B1KCT6, STM32G0B1NEY6TR, STM32G0B1RCT6N, STM32G0C1CCT6, STM32G0C1CCT6N, STM32G0C1CCU6N, STM32G0C1CET6N, STM32G0C1CEU6N, STM32G0C1KCT6, STM32G0C1NEY6TR, STM32G0C1RCI6N, STM32G0C1RCT6N, STM32G0C1REI6N, STM32G0C1RET6N, STM32G0C1VCI6, STM32G0C1VEI6, STM32G411C6T3, STM32G411C6T6, STM32G411C6U3, STM32G411C6U6, STM32G411C8T3, STM32G411C8T6, STM32G411C8U3, STM32G411C8U6, STM32G411CBT3, STM32G411CBT6, STM32G411CBU3, STM32G411CBU6, STM32G411CCT3, STM32G411CCT6, STM32G411CCU3, STM32G411CCU6, STM32G411K6T3, STM32G411K6T6, STM32G411K6U3, STM32G411K6U6, STM32G411K8T3, STM32G411K8T6, STM32G411K8U3, STM32G411K8U6, STM32G411KBT3, STM32G411KBT6, STM32G411KBU3, STM32G411KBU6, STM32G411M6T3, STM32G411M6T6, STM32G411M8T3, STM32G411M8T6, STM32G411MBT3, STM32G411MBT6, STM32G411MCT3, STM32G411MCT6, STM32G411R6T3, STM32G411R6T6, STM32G411R8T3, STM32G411R8T6, STM32G411RBT3, STM32G411RBT6, STM32G411RCT3, STM32G411RCT6, STM32G414CBT3, STM32G414CBT6, STM32G414CBU3, STM32G414CBU6, STM32G414CCT3, STM32G414CCT6, STM32G414CCU3, STM32G414CCU6, STM32G414MBT3, STM32G414MBT6, STM32G414MCT3, STM32G414MCT6, STM32G414RBT3, STM32G414RBT6, STM32G414RCT3, STM32G414RCT6, STM32G414VBT3, STM32G414VBT6, STM32G414VCT3, STM32G414VCT6, STM32G431CBT3Z, STM32G431RBT3Z, STM32G471CCT6, STM32G471CCU6, STM32G471CET3, STM32G471CET6, STM32G471CEU3, STM32G471CEU6, STM32G471MCT6, STM32G471MET3, STM32G471MET6, STM32G471MEY6TR, STM32G471QCT6, STM32G471QET3, STM32G471RCT6, STM32G471RET3, STM32G471RET6, STM32G471VCH6, STM32G471VCI6, STM32G471VCT6, STM32G471VEH3, STM32G471VEH6, STM32G471VEI3, STM32G471VEI6, STM32G471VET3, STM32G471VET6, STM32G473QET3Z, STM32G473RET3Z, STM32G474CCT6, STM32G491RET3Z, STM32H503CBT6, STM32H503CBU6, STM32H503EBY6TR, STM32H503KBU6, STM32H503RBT6, STM32H523CCT6, STM32H523CCU6, STM32H523CET6, STM32H523CEU6, STM32H523HEY6TR, STM32H523RCT6, STM32H523RET6, STM32H523VCI6, STM32H523VCT6, STM32H523VEI6, STM32H523VET6, STM32H523ZCJ6, STM32H523ZCT6, STM32H523ZEJ6, STM32H523ZET6, STM32H533CET6, STM32H533CEU6, STM32H533HEY6TR, STM32H533RET6, STM32H533VEI6, STM32H533VET6, STM32H533ZEJ6, STM32H533ZET6, STM32H562AGI6, STM32H562AII6, STM32H562IGK6, STM32H562IGT6, STM32H562IIK6, STM32H562IIT6, STM32H562RGT6, STM32H562RGV6, STM32H562RIT6, STM32H562RIV6, STM32H562VGT6, STM32H562VIT6, STM32H562ZGT6, STM32H562ZIT6, STM32H563AGI6, STM32H563AII3Q, STM32H563AII6, STM32H563IGK6, STM32H563IGT6, STM32H563IIK3Q, STM32H563IIK6, STM32H563IIT3Q, STM32H563IIT6, STM32H563MIY3QTR, STM32H563RGT6, STM32H563RGV6, STM32H563RIT6, STM32H563RIV6, STM32H563VGT6, STM32H563VIT3Q, STM32H563VIT6, STM32H563ZGT6, STM32H563ZIT3Q, STM32H563ZIT6, STM32H573AII3Q, STM32H573AII6, STM32H573I-DK, STM32H573IIK3Q, STM32H573IIK6, STM32H573IIT3Q, STM32H573IIT6, STM32H573MIY3QTR, STM32H573RIT6, STM32H573RIV6, STM32H573VIT3Q, STM32H573VIT6, STM32H573ZIT3Q, STM32H573ZIT6, STM32H7R3A8I6, STM32H7R3I8K6, STM32H7R3I8T6, STM32H7R3L8H6, STM32H7R3L8H6H, STM32H7R3R8V6, STM32H7R3V8H6, STM32H7R3V8T6, STM32H7R3V8Y6TR, STM32H7R3Z8J6, STM32H7R3Z8T6, STM32H7R7A8I6, STM32H7R7I8K6, STM32H7R7I8T6, STM32H7R7L8H6, STM32H7R7L8H6H, STM32H7R7Z8J6, STM32H7S3A8I6, STM32H7S3I8K6, STM32H7S3I8T6, STM32H7S3L8H6, STM32H7S3L8H6H, STM32H7S3R8V6, STM32H7S3V8H6, STM32H7S3V8T6, STM32H7S3V8Y6TR, STM32H7S3Z8J6, STM32H7S3Z8T6, STM32H7S78-DK, STM32H7S7A8I6, STM32H7S7I8K6, STM32H7S7I8T6, STM32H7S7L8H6, STM32H7S7L8H6H, STM32H7S7Z8J6, STM32L4R5QGI6STR, STM32MP131AAE3, STM32MP131AAF3, STM32MP131AAG3, STM32MP131CAE3, STM32MP131CAF3, STM32MP131CAG3, STM32MP131DAE7, STM32MP131DAF7, STM32MP131DAG7, STM32MP131FAE7, STM32MP131FAF7, STM32MP131FAG7, STM32MP133AAE3, STM32MP133AAF3, STM32MP133AAG3, STM32MP133CAE3, STM32MP133CAF3, STM32MP133CAG3, STM32MP133DAE7, STM32MP133DAF7, STM32MP133DAG7, STM32MP133FAE7, STM32MP133FAF7, STM32MP133FAG7, STM32MP135AAE3, STM32MP135AAF3, STM32MP135AAG3, STM32MP135CAE3, STM32MP135CAF3, STM32MP135CAG3, STM32MP135DAE7, STM32MP135DAF7, STM32MP135DAG7, STM32MP135F-DK, STM32MP135FAE7, STM32MP135FAF7, STM32MP135FAF7T, STM32MP135FAF7U, STM32MP135FAG7, STM32MP231AAJ3, STM32MP231AAK3, STM32MP231AAL3, STM32MP231CAJ3, STM32MP231CAK3, STM32MP231CAL3, STM32MP231DAJ3, STM32MP231DAK3, STM32MP231DAL3, STM32MP231FAJ3, STM32MP231FAK3, STM32MP231FAL3, STM32MP233AAJ3, STM32MP233AAK3, STM32MP233AAL3, STM32MP233CAJ3, STM32MP233CAK3, STM32MP233CAL3, STM32MP233DAJ3, STM32MP233DAK3, STM32MP233DAL3, STM32MP233FAJ3, STM32MP233FAK3, STM32MP233FAL3, STM32MP235AAJ3, STM32MP235AAK3, STM32MP235AAL3, STM32MP235CAJ3, STM32MP235CAK3, STM32MP235CAL3, STM32MP235DAJ3, STM32MP235DAK3, STM32MP235DAL3, STM32MP235FAJ3, STM32MP235FAK3, STM32MP235FAL3, STM32MP251AAI3, STM32MP251AAJ3, STM32MP251AAK3, STM32MP251AAL3, STM32MP251CAI3, STM32MP251CAJ3, STM32MP251CAK3, STM32MP251CAL3, STM32MP251DAI3, STM32MP251DAJ3, STM32MP251DAK3, STM32MP251DAL3, STM32MP251FAI3, STM32MP251FAJ3, STM32MP251FAK3, STM32MP251FAL3, STM32MP253AAI3, STM32MP253AAJ3, STM32MP253AAK3, STM32MP253AAL3, STM32MP253CAI3, STM32MP253CAJ3, STM32MP253CAK3, STM32MP253CAL3, STM32MP253DAI3, STM32MP253DAJ3, STM32MP253DAK3, STM32MP253DAL3, STM32MP253FAI3, STM32MP253FAJ3, STM32MP253FAK3, STM32MP253FAL3, STM32MP255AAI3, STM32MP255AAJ3, STM32MP255AAK3, STM32MP255AAL3, STM32MP255CAI3, STM32MP255CAJ3, STM32MP255CAK3, STM32MP255CAL3, STM32MP255DAI3, STM32MP255DAJ3, STM32MP255DAK3, STM32MP255DAL3, STM32MP255FAI3, STM32MP255FAJ3, STM32MP255FAK3, STM32MP255FAL3, STM32MP257AAI3, STM32MP257AAJ3, STM32MP257AAK3, STM32MP257AAL3, STM32MP257CAI3, STM32MP257CAJ3, STM32MP257CAK3, STM32MP257CAL3, STM32MP257DAI3, STM32MP257DAJ3, STM32MP257DAK3, STM32MP257DAL3, STM32MP257F-DK, STM32MP257F-EV1, STM32MP257FAI3, STM32MP257FAJ3, STM32MP257FAK3, STM32MP257FAL3, STM32N645A0H3Q, STM32N645B0H3Q, STM32N645I0H3Q, STM32N645L0H3Q, STM32N645X0H3Q, STM32N645Z0H3Q, STM32N647A0H3Q, STM32N647B0H3Q, STM32N647I0H3Q, STM32N647L0H3Q, STM32N647X0H3Q, STM32N647Z0H3Q, STM32N655A0H3Q, STM32N655B0H3Q, STM32N655I0H3Q, STM32N655L0H3Q, STM32N655X0H3Q, STM32N655Z0H3Q, STM32N6570-DK, STM32N657A0H3Q, STM32N657B0H3Q, STM32N657I0H3Q, STM32N657L0H3Q, STM32N657X0H3Q, STM32N657Z0H3Q, STM32U031C6T6, STM32U031C6U6, STM32U031C8T6, STM32U031C8U6, STM32U031F4P6, STM32U031F6P6, STM32U031F8P6, STM32U031G6Y6TR, STM32U031G8Y6TR, STM32U031K4U6, STM32U031K6U6, STM32U031K8U6, STM32U031R6I6, STM32U031R6T6, STM32U031R8I6, STM32U031R8T6, STM32U073C8T6, STM32U073C8U6, STM32U073CBT6, STM32U073CBU6, STM32U073CCT6, STM32U073CCU6, STM32U073H8Y6TR, STM32U073HBY6TR, STM32U073HCY6TR, STM32U073K8U6, STM32U073KBU6, STM32U073KCU6, STM32U073M8I6, STM32U073M8T6, STM32U073MBI6, STM32U073MBT6, STM32U073MCI6, STM32U073MCT6, STM32U073R8I6, STM32U073R8T6, STM32U073RBI6, STM32U073RBT6, STM32U073RCI6, STM32U073RCT6, STM32U083C-DK, STM32U083CCT6, STM32U083CCU6, STM32U083HCY6TR, STM32U083KCU6, STM32U083MCI6, STM32U083MCT6, STM32U083RCI6, STM32U083RCT6, STM32U375CET6, STM32U375CET6Q, STM32U375CEU6, STM32U375CEU6Q, STM32U375CEY6QTR, STM32U375CGT6, STM32U375CGT6Q, STM32U375CGU6, STM32U375CGU6Q, STM32U375CGY6QTR, STM32U375KEU6, STM32U375KGU6, STM32U375REI6, STM32U375REI6Q, STM32U375RET6, STM32U375RET6Q, STM32U375REY6GTR, STM32U375REY6QTR, STM32U375RGI6, STM32U375RGI6Q, STM32U375RGT6, STM32U375RGT6Q, STM32U375RGY6GTR, STM32U375RGY6QTR, STM32U375VEI6, STM32U375VEI6Q, STM32U375VET6, STM32U375VET6Q, STM32U375VGI6, STM32U375VGI6Q, STM32U375VGT6, STM32U375VGT6Q, STM32U385CGT6, STM32U385CGT6Q, STM32U385CGU6, STM32U385CGU6Q, STM32U385CGY6QTR, STM32U385KGU6, STM32U385RGI6, STM32U385RGI6Q, STM32U385RGT6, STM32U385RGT6Q, STM32U385RGY6GTR, STM32U385RGY6QTR, STM32U385VGI6, STM32U385VGI6Q, STM32U385VGT6, STM32U385VGT6Q, STM32U535CBT6, STM32U535CBT6Q, STM32U535CBU6, STM32U535CBU6Q, STM32U535CCT6, STM32U535CCT6Q, STM32U535CCU6, STM32U535CCU6Q, STM32U535CET6, STM32U535CET6Q, STM32U535CEU6, STM32U535CEU6Q, STM32U535JEY6QTR, STM32U535NCY6QTR, STM32U535NEY6QTR, STM32U535RBI6, STM32U535RBI6Q, STM32U535RBT6, STM32U535RBT6Q, STM32U535RCI6, STM32U535RCI6Q, STM32U535RCT6, STM32U535RCT6Q, STM32U535REI6, STM32U535REI6Q, STM32U535RET6, STM32U535RET6Q, STM32U535VCI6, STM32U535VCI6Q, STM32U535VCT6, STM32U535VCT6Q, STM32U535VEI6, STM32U535VEI6Q, STM32U535VET6, STM32U535VET6Q, STM32U545CET6, STM32U545CET6Q, STM32U545CEU6, STM32U545CEU6Q, STM32U545JEY6QTR, STM32U545NEY6QTR, STM32U545REI6, STM32U545REI6Q, STM32U545RET6, STM32U545RET6Q, STM32U545VEI6, STM32U545VEI6Q, STM32U545VET6, STM32U545VET6Q, STM32U595AIH6, STM32U595AIH6Q, STM32U595AJH6, STM32U595AJH6Q, STM32U595QII6, STM32U595QII6Q, STM32U595QJI6, STM32U595QJI6Q, STM32U595RIT6, STM32U595RIT6Q, STM32U595RJT6, STM32U595RJT6Q, STM32U595VIT6, STM32U595VIT6Q, STM32U595VJT6, STM32U595VJT6Q, STM32U595ZIT6, STM32U595ZIT6Q, STM32U595ZIY6QTR, STM32U595ZJT6, STM32U595ZJT6Q, STM32U595ZJY6QTR, STM32U599BJY6QTR, STM32U599NIH6Q, STM32U599NJH6Q, STM32U599VIT6Q, STM32U599VJT6, STM32U599VJT6Q, STM32U599ZIT6Q, STM32U599ZIY6QTR, STM32U599ZJT6Q, STM32U599ZJY6QTR, STM32U5A5AJH6, STM32U5A5AJH6Q, STM32U5A5QII3Q , STM32U5A5QJI6, STM32U5A5QJI6Q, STM32U5A5RJT6, STM32U5A5RJT6Q, STM32U5A5VJT6, STM32U5A5VJT6Q, STM32U5A5ZJT6, STM32U5A5ZJT6Q, STM32U5A5ZJY6QTR, STM32U5A9BJY6QTR, STM32U5A9J-DK, STM32U5A9NJH6Q, STM32U5A9VJT6Q, STM32U5A9ZJT6Q, STM32U5A9ZJY6QTR, STM32U5F7VIT6, STM32U5F7VIT6Q, STM32U5F7VJT6, STM32U5F7VJT6Q, STM32U5F9BJY6QTR, STM32U5F9NJH6Q, STM32U5F9VIT6Q, STM32U5F9VJT6Q, STM32U5F9ZIJ6QTR, STM32U5F9ZIT6Q, STM32U5F9ZJJ6QTR, STM32U5F9ZJT6Q, STM32U5G7VJT6, STM32U5G7VJT6Q, STM32U5G9BJY6QTR, STM32U5G9J-DK1, STM32U5G9J-DK2, STM32U5G9NJH6Q, STM32U5G9VJT6Q, STM32U5G9ZJJ6QTR, STM32U5G9ZJT6Q, STM32WB05KZV6TR, STM32WB05KZV7TR, STM32WB05TZF6TR, STM32WB05TZF7TR, STM32WB06CCF6TR, STM32WB06CCF7TR, STM32WB06CCV6TR, STM32WB06CCV7TR, STM32WB06KCV6TR, STM32WB06KCV7TR, STM32WB07CCF6TR, STM32WB07CCF7TR, STM32WB07CCV6TR, STM32WB07CCV7TR, STM32WB07KCV6TR, STM32WB07KCV7TR, STM32WB09KEV6TR, STM32WB09KEV7TR, STM32WB09TEF6TR, STM32WB09TEF7TR, STM32WB1MMCH6, STM32WBA50KGU6, STM32WBA50KGU6TR, STM32WBA52CEU6, STM32WBA52CEU6TR, STM32WBA52CEU7, STM32WBA52CEU7TR, STM32WBA52CGU6, STM32WBA52CGU6TR, STM32WBA52CGU6U, STM32WBA52CGU7, STM32WBA52CGU7TR, STM32WBA52KEU6, STM32WBA52KEU6TR, STM32WBA52KGU6, STM32WBA52KGU6TR, STM32WBA54CEU6, STM32WBA54CEU6TR, STM32WBA54CEU7, STM32WBA54CEU7TR, STM32WBA54CGU6, STM32WBA54CGU6TR, STM32WBA54CGU7, STM32WBA54CGU7TR, STM32WBA54KEU6, STM32WBA54KEU6TR, STM32WBA54KEU7, STM32WBA54KEU7TR, STM32WBA54KGU6, STM32WBA54KGU6TR, STM32WBA54KGU7, STM32WBA54KGU7TR, STM32WBA55CEU6, STM32WBA55CEU6TR, STM32WBA55CEU7, STM32WBA55CEU7TR, STM32WBA55CGU6, STM32WBA55CGU6TR, STM32WBA55CGU6U, STM32WBA55CGU7, STM32WBA55CGU7TR, STM32WBA55G-DK1, STM32WBA55HEF6, STM32WBA55HEF7, STM32WBA55HGF6, STM32WBA55HGF7, STM32WBA55UEI6, STM32WBA55UEI6TR, STM32WBA55UEI7, STM32WBA55UEI7TR, STM32WBA55UGI6, STM32WBA55UGI6TR, STM32WBA55UGI7, STM32WBA55UGI7TR, STM32WBA5MJGH6TR, STM32WBA5MJGH6U, STM32WL33C8V6, STM32WL33C8V6TR, STM32WL33C8V7, STM32WL33C8V7TR, STM32WL33CBV6, STM32WL33CBV6TR, STM32WL33CBV7, STM32WL33CBV7TR, STM32WL33CCV6, STM32WL33CCV6TR, STM32WL33CCV7, STM32WL33CCV7A, STM32WL33CCV7ATR, STM32WL33CCV7TR, STM32WL33K8V6, STM32WL33K8V6TR, STM32WL33K8V7, STM32WL33K8V7TR, STM32WL33KBV6, STM32WL33KBV6TR, STM32WL33KBV7, STM32WL33KBV7TR, STM32WL33KCV6, STM32WL33KCV6TR, STM32WL33KCV7, STM32WL33KCV7TR, STM32WL5MOCH6, STM32WL5MOCH6TR]
2026-01-10 14:59:42,651 [INFO] DbMcus:218 - Found 4817 MCUs, 4817 are supported
2026-01-10 14:59:42,654 [INFO] ApiDb:423 - Load user favorites file C:\Users\kamil/.stm32cubeide/favorites.mcus.txt: 1 item(s)
2026-01-10 14:59:42,654 [INFO] ApiDb:427 - User favorites MCUs=[STM32H743IIT6]
2026-01-10 14:59:42,654 [INFO] DbMcus:224 - Set 1 / 1 favorites MCUs
2026-01-10 14:59:43,121 [INFO] ApiDb:668 - CubeFinder database Data Model version=2.1
2026-01-10 14:59:43,121 [INFO] ApiDb:669 - CubeFinder database Configuration version=3.0.39
2026-01-10 14:59:43,121 [INFO] ApiDb:670 - CubeFinder database generation date=2025-12-22 (1766407740)
2026-01-10 14:59:43,121 [INFO] ApiDb:671 - CubeFinder database FW Pack versions=[FP-ATR-ASTRA1_V2.0.0, FP-SNS-FLIGHT1_V5.1.0, FP-SNS-MOTENV1_V5.1.0, FP-SNS-MOTENVWB1_V1.4.0, FP-SNS-SMARTAG2_V1.2.0, FP-SNS-STBOX1_V2.1.0, STM32Cube_FW_C0_V1.4.0, STM32Cube_FW_F4_V1.28.3, STM32Cube_FW_F7_V1.17.4, STM32Cube_FW_G0_V1.6.2, STM32Cube_FW_G4_V1.6.1, STM32Cube_FW_H5_V1.5.1, STM32Cube_FW_H7RS_V1.3.0, STM32Cube_FW_H7_V1.12.1, STM32Cube_FW_L0_V1.12.2, STM32Cube_FW_L4_V1.18.1, STM32Cube_FW_L5_V1.6.0, STM32Cube_FW_N6_V1.3.0, STM32Cube_FW_U0_V1.3.0, STM32Cube_FW_U3_V1.2.1, STM32Cube_FW_U5_V1.8.0, STM32Cube_FW_WB0_V1.4.0, STM32Cube_FW_WBA_V1.8.0, STM32Cube_FW_WB_V1.24.0, STM32Cube_FW_WL3_V1.3.0, STM32Cube_FW_WL_V1.4.0, X-CUBE-ALGOBUILD_V1.4.0, X-CUBE-ALS_V1.0.2, X-CUBE-AZRTOS-F4_V1.1.0, X-CUBE-AZRTOS-F7_V1.1.0, X-CUBE-AZRTOS-G0_V1.1.0, X-CUBE-AZRTOS-G4_V2.0.0, X-CUBE-AZRTOS-H7RS_V1.1.0, X-CUBE-AZRTOS-H7_V3.4.0, X-CUBE-AZRTOS-L4_V2.0.0, X-CUBE-AZRTOS-L5_V2.0.0, X-CUBE-AZRTOS-WB_V2.0.0, X-CUBE-AZRTOS-WL_V2.0.0, X-CUBE-BLE1_V7.1.0, X-CUBE-BLE2_V3.3.0, X-CUBE-BLEMGR_V4.1.0, X-CUBE-EEPRMA1_V5.2.0, X-CUBE-FREERTOS_V1.3.1, X-CUBE-GNSS1_V6.0.0, X-CUBE-MEMS1_V12.0.0, X-CUBE-NFC4_V3.0.0, X-CUBE-NFC7_V2.0.0, X-CUBE-SFXS2LP1_V4.0.0, X-CUBE-ST67W61_V1.1.0, X-CUBE-SUBG2_V5.0.0, X-CUBE-TOF1_V3.4.3]
2026-01-10 14:59:43,175 [INFO] DbBoardsSqlite:226 - include board P-NUCLEO-WB55-NUCLEO as a kit item of type 'Nucleo-64'
2026-01-10 14:59:43,176 [INFO] DbBoardsSqlite:226 - include board P-NUCLEO-WB55-USBDONGLE as a kit item of type 'Nucleo USB Dongle'
2026-01-10 14:59:43,176 [INFO] DbBoardsSqlite:226 - include board STEVAL-IDP005V1 as a kit item of type 'Evaluation Board'
2026-01-10 14:59:43,176 [INFO] DbBoardsSqlite:226 - include board STEVAL-IDP005V2 as a kit item of type 'Evaluation Board'
2026-01-10 14:59:43,250 [INFO] ApiDb:240 - Found 858 in-development CPN: [B-G473E-ZEST1S, B-WB1M-WPAN1, B-WBA5M-WPAN, B-WL5M-SUBG1, NUCLEO-C031C6, NUCLEO-C051C8, NUCLEO-C071RB, NUCLEO-C092RC, NUCLEO-H503RB, NUCLEO-H533RE, NUCLEO-H563ZI, NUCLEO-H7S3L8, NUCLEO-N657X0-Q, NUCLEO-U031R8, NUCLEO-U083RC, NUCLEO-U385RG-Q, NUCLEO-U545RE-Q, NUCLEO-U5A5ZJ-Q, NUCLEO-WB05KZ, NUCLEO-WB07CC, NUCLEO-WB09KE, NUCLEO-WBA52CG, NUCLEO-WBA55CG, NUCLEO-WL33CC1, NUCLEO-WL33CC2, STEVAL-PROTEUS1, STEVAL-SMARTAG2, STEVAL-STWINBX1, STM320518-EVAL, STM32C0116-DK, STM32C011D6Y3TR, STM32C011D6Y6TR, STM32C011F4P3, STM32C011F4P6, STM32C011F4U3, STM32C011F4U6TR, STM32C011F6P3, STM32C011F6P6, STM32C011F6U3, STM32C011F6U6TR, STM32C011J4M3, STM32C011J4M6, STM32C011J6M3, STM32C011J6M6, STM32C0316-DK, STM32C031C4T3, STM32C031C4T6, STM32C031C4U3, STM32C031C4U6, STM32C031C6T3, STM32C031C6T6, STM32C031C6U3, STM32C031C6U6, STM32C031F4P3, STM32C031F4P6, STM32C031F6P3, STM32C031F6P6, STM32C031G4U3, STM32C031G4U6, STM32C031G6U3, STM32C031G6U6, STM32C031K4T3, STM32C031K4T6, STM32C031K4U3, STM32C031K4U6, STM32C031K6T3, STM32C031K6T6, STM32C031K6U3, STM32C031K6U6, STM32C051C6T6, STM32C051C6U6, STM32C051C8T6, STM32C051C8U6, STM32C051D8Y6TR, STM32C051F6P6, STM32C051F8P6, STM32C051G6U6, STM32C051G8U6, STM32C051K6T6, STM32C051K6U6, STM32C051K8T6, STM32C071C8T6, STM32C071C8T6N, STM32C071C8U6, STM32C071C8U6N, STM32C071CBT6, STM32C071CBT6N, STM32C071CBU6, STM32C071CBU6N, STM32C071F8P6, STM32C071F8P6N, STM32C071FBP6, STM32C071FBP6N, STM32C071FBY6TR, STM32C071G8U6, STM32C071G8U6N, STM32C071GBU6, STM32C071GBU6N, STM32C071K8T6, STM32C071K8T6N, STM32C071K8U6, STM32C071K8U6N, STM32C071KBT6, STM32C071KBT6N, STM32C071KBU6, STM32C071KBU6N, STM32C071R8T6, STM32C071R8T6N, STM32C071RBI6N, STM32C071RBT6, STM32C071RBT6N, STM32C091CBT6, STM32C091CBU6, STM32C091CCT6, STM32C091CCU6, STM32C091ECY6TR, STM32C091FBP6, STM32C091FCP6, STM32C091GBU6, STM32C091GCU6, STM32C091KBT6, STM32C091KBU6, STM32C091KCT6, STM32C091KCU6, STM32C091RBT6, STM32C091RCI6, STM32C091RCT6, STM32C092CBT6, STM32C092CBU6, STM32C092CCT6, STM32C092CCU6, STM32C092ECY6TR, STM32C092FBP6, STM32C092FCP6, STM32C092GBU6, STM32C092GCU6, STM32C092KBT6, STM32C092KBU6, STM32C092KCT6, STM32C092KCU6, STM32C092RBT6, STM32C092RCI6, STM32C092RCT6, STM32G071K8TXN, STM32G071K8UXN, STM32G081GBU6N, STM32G081KBT6N, STM32G081KBUXN, STM32G0B1CCT6N, STM32G0B1KCT6, STM32G0B1NEY6TR, STM32G0B1RCT6N, STM32G0C1CCT6, STM32G0C1CCT6N, STM32G0C1CCU6N, STM32G0C1CET6N, STM32G0C1CEU6N, STM32G0C1KCT6, STM32G0C1NEY6TR, STM32G0C1RCI6N, STM32G0C1RCT6N, STM32G0C1REI6N, STM32G0C1RET6N, STM32G0C1VCI6, STM32G0C1VEI6, STM32G411C6T3, STM32G411C6T6, STM32G411C6U3, STM32G411C6U6, STM32G411C8T3, STM32G411C8T6, STM32G411C8U3, STM32G411C8U6, STM32G411CBT3, STM32G411CBT6, STM32G411CBU3, STM32G411CBU6, STM32G411CCT3, STM32G411CCT6, STM32G411CCU3, STM32G411CCU6, STM32G411K6T3, STM32G411K6T6, STM32G411K6U3, STM32G411K6U6, STM32G411K8T3, STM32G411K8T6, STM32G411K8U3, STM32G411K8U6, STM32G411KBT3, STM32G411KBT6, STM32G411KBU3, STM32G411KBU6, STM32G411M6T3, STM32G411M6T6, STM32G411M8T3, STM32G411M8T6, STM32G411MBT3, STM32G411MBT6, STM32G411MCT3, STM32G411MCT6, STM32G411R6T3, STM32G411R6T6, STM32G411R8T3, STM32G411R8T6, STM32G411RBT3, STM32G411RBT6, STM32G411RCT3, STM32G411RCT6, STM32G414CBT3, STM32G414CBT6, STM32G414CBU3, STM32G414CBU6, STM32G414CCT3, STM32G414CCT6, STM32G414CCU3, STM32G414CCU6, STM32G414MBT3, STM32G414MBT6, STM32G414MCT3, STM32G414MCT6, STM32G414RBT3, STM32G414RBT6, STM32G414RCT3, STM32G414RCT6, STM32G414VBT3, STM32G414VBT6, STM32G414VCT3, STM32G414VCT6, STM32G431CBT3Z, STM32G431RBT3Z, STM32G471CCT6, STM32G471CCU6, STM32G471CET3, STM32G471CET6, STM32G471CEU3, STM32G471CEU6, STM32G471MCT6, STM32G471MET3, STM32G471MET6, STM32G471MEY6TR, STM32G471QCT6, STM32G471QET3, STM32G471RCT6, STM32G471RET3, STM32G471RET6, STM32G471VCH6, STM32G471VCI6, STM32G471VCT6, STM32G471VEH3, STM32G471VEH6, STM32G471VEI3, STM32G471VEI6, STM32G471VET3, STM32G471VET6, STM32G473QET3Z, STM32G473RET3Z, STM32G474CCT6, STM32G491RET3Z, STM32H503CBT6, STM32H503CBU6, STM32H503EBY6TR, STM32H503KBU6, STM32H503RBT6, STM32H523CCT6, STM32H523CCU6, STM32H523CET6, STM32H523CEU6, STM32H523HEY6TR, STM32H523RCT6, STM32H523RET6, STM32H523VCI6, STM32H523VCT6, STM32H523VEI6, STM32H523VET6, STM32H523ZCJ6, STM32H523ZCT6, STM32H523ZEJ6, STM32H523ZET6, STM32H533CET6, STM32H533CEU6, STM32H533HEY6TR, STM32H533RET6, STM32H533VEI6, STM32H533VET6, STM32H533ZEJ6, STM32H533ZET6, STM32H562AGI6, STM32H562AII6, STM32H562IGK6, STM32H562IGT6, STM32H562IIK6, STM32H562IIT6, STM32H562RGT6, STM32H562RGV6, STM32H562RIT6, STM32H562RIV6, STM32H562VGT6, STM32H562VIT6, STM32H562ZGT6, STM32H562ZIT6, STM32H563AGI6, STM32H563AII3Q, STM32H563AII6, STM32H563IGK6, STM32H563IGT6, STM32H563IIK3Q, STM32H563IIK6, STM32H563IIT3Q, STM32H563IIT6, STM32H563MIY3QTR, STM32H563RGT6, STM32H563RGV6, STM32H563RIT6, STM32H563RIV6, STM32H563VGT6, STM32H563VIT3Q, STM32H563VIT6, STM32H563ZGT6, STM32H563ZIT3Q, STM32H563ZIT6, STM32H573AII3Q, STM32H573AII6, STM32H573I-DK, STM32H573IIK3Q, STM32H573IIK6, STM32H573IIT3Q, STM32H573IIT6, STM32H573MIY3QTR, STM32H573RIT6, STM32H573RIV6, STM32H573VIT3Q, STM32H573VIT6, STM32H573ZIT3Q, STM32H573ZIT6, STM32H7R3A8I6, STM32H7R3I8K6, STM32H7R3I8T6, STM32H7R3L8H6, STM32H7R3L8H6H, STM32H7R3R8V6, STM32H7R3V8H6, STM32H7R3V8T6, STM32H7R3V8Y6TR, STM32H7R3Z8J6, STM32H7R3Z8T6, STM32H7R7A8I6, STM32H7R7I8K6, STM32H7R7I8T6, STM32H7R7L8H6, STM32H7R7L8H6H, STM32H7R7Z8J6, STM32H7S3A8I6, STM32H7S3I8K6, STM32H7S3I8T6, STM32H7S3L8H6, STM32H7S3L8H6H, STM32H7S3R8V6, STM32H7S3V8H6, STM32H7S3V8T6, STM32H7S3V8Y6TR, STM32H7S3Z8J6, STM32H7S3Z8T6, STM32H7S78-DK, STM32H7S7A8I6, STM32H7S7I8K6, STM32H7S7I8T6, STM32H7S7L8H6, STM32H7S7L8H6H, STM32H7S7Z8J6, STM32L4R5QGI6STR, STM32MP131AAE3, STM32MP131AAF3, STM32MP131AAG3, STM32MP131CAE3, STM32MP131CAF3, STM32MP131CAG3, STM32MP131DAE7, STM32MP131DAF7, STM32MP131DAG7, STM32MP131FAE7, STM32MP131FAF7, STM32MP131FAG7, STM32MP133AAE3, STM32MP133AAF3, STM32MP133AAG3, STM32MP133CAE3, STM32MP133CAF3, STM32MP133CAG3, STM32MP133DAE7, STM32MP133DAF7, STM32MP133DAG7, STM32MP133FAE7, STM32MP133FAF7, STM32MP133FAG7, STM32MP135AAE3, STM32MP135AAF3, STM32MP135AAG3, STM32MP135CAE3, STM32MP135CAF3, STM32MP135CAG3, STM32MP135DAE7, STM32MP135DAF7, STM32MP135DAG7, STM32MP135F-DK, STM32MP135FAE7, STM32MP135FAF7, STM32MP135FAF7T, STM32MP135FAF7U, STM32MP135FAG7, STM32MP231AAJ3, STM32MP231AAK3, STM32MP231AAL3, STM32MP231CAJ3, STM32MP231CAK3, STM32MP231CAL3, STM32MP231DAJ3, STM32MP231DAK3, STM32MP231DAL3, STM32MP231FAJ3, STM32MP231FAK3, STM32MP231FAL3, STM32MP233AAJ3, STM32MP233AAK3, STM32MP233AAL3, STM32MP233CAJ3, STM32MP233CAK3, STM32MP233CAL3, STM32MP233DAJ3, STM32MP233DAK3, STM32MP233DAL3, STM32MP233FAJ3, STM32MP233FAK3, STM32MP233FAL3, STM32MP235AAJ3, STM32MP235AAK3, STM32MP235AAL3, STM32MP235CAJ3, STM32MP235CAK3, STM32MP235CAL3, STM32MP235DAJ3, STM32MP235DAK3, STM32MP235DAL3, STM32MP235FAJ3, STM32MP235FAK3, STM32MP235FAL3, STM32MP251AAI3, STM32MP251AAJ3, STM32MP251AAK3, STM32MP251AAL3, STM32MP251CAI3, STM32MP251CAJ3, STM32MP251CAK3, STM32MP251CAL3, STM32MP251DAI3, STM32MP251DAJ3, STM32MP251DAK3, STM32MP251DAL3, STM32MP251FAI3, STM32MP251FAJ3, STM32MP251FAK3, STM32MP251FAL3, STM32MP253AAI3, STM32MP253AAJ3, STM32MP253AAK3, STM32MP253AAL3, STM32MP253CAI3, STM32MP253CAJ3, STM32MP253CAK3, STM32MP253CAL3, STM32MP253DAI3, STM32MP253DAJ3, STM32MP253DAK3, STM32MP253DAL3, STM32MP253FAI3, STM32MP253FAJ3, STM32MP253FAK3, STM32MP253FAL3, STM32MP255AAI3, STM32MP255AAJ3, STM32MP255AAK3, STM32MP255AAL3, STM32MP255CAI3, STM32MP255CAJ3, STM32MP255CAK3, STM32MP255CAL3, STM32MP255DAI3, STM32MP255DAJ3, STM32MP255DAK3, STM32MP255DAL3, STM32MP255FAI3, STM32MP255FAJ3, STM32MP255FAK3, STM32MP255FAL3, STM32MP257AAI3, STM32MP257AAJ3, STM32MP257AAK3, STM32MP257AAL3, STM32MP257CAI3, STM32MP257CAJ3, STM32MP257CAK3, STM32MP257CAL3, STM32MP257DAI3, STM32MP257DAJ3, STM32MP257DAK3, STM32MP257DAL3, STM32MP257F-DK, STM32MP257F-EV1, STM32MP257FAI3, STM32MP257FAJ3, STM32MP257FAK3, STM32MP257FAL3, STM32N645A0H3Q, STM32N645B0H3Q, STM32N645I0H3Q, STM32N645L0H3Q, STM32N645X0H3Q, STM32N645Z0H3Q, STM32N647A0H3Q, STM32N647B0H3Q, STM32N647I0H3Q, STM32N647L0H3Q, STM32N647X0H3Q, STM32N647Z0H3Q, STM32N655A0H3Q, STM32N655B0H3Q, STM32N655I0H3Q, STM32N655L0H3Q, STM32N655X0H3Q, STM32N655Z0H3Q, STM32N6570-DK, STM32N657A0H3Q, STM32N657B0H3Q, STM32N657I0H3Q, STM32N657L0H3Q, STM32N657X0H3Q, STM32N657Z0H3Q, STM32U031C6T6, STM32U031C6U6, STM32U031C8T6, STM32U031C8U6, STM32U031F4P6, STM32U031F6P6, STM32U031F8P6, STM32U031G6Y6TR, STM32U031G8Y6TR, STM32U031K4U6, STM32U031K6U6, STM32U031K8U6, STM32U031R6I6, STM32U031R6T6, STM32U031R8I6, STM32U031R8T6, STM32U073C8T6, STM32U073C8U6, STM32U073CBT6, STM32U073CBU6, STM32U073CCT6, STM32U073CCU6, STM32U073H8Y6TR, STM32U073HBY6TR, STM32U073HCY6TR, STM32U073K8U6, STM32U073KBU6, STM32U073KCU6, STM32U073M8I6, STM32U073M8T6, STM32U073MBI6, STM32U073MBT6, STM32U073MCI6, STM32U073MCT6, STM32U073R8I6, STM32U073R8T6, STM32U073RBI6, STM32U073RBT6, STM32U073RCI6, STM32U073RCT6, STM32U083C-DK, STM32U083CCT6, STM32U083CCU6, STM32U083HCY6TR, STM32U083KCU6, STM32U083MCI6, STM32U083MCT6, STM32U083RCI6, STM32U083RCT6, STM32U375CET6, STM32U375CET6Q, STM32U375CEU6, STM32U375CEU6Q, STM32U375CEY6QTR, STM32U375CGT6, STM32U375CGT6Q, STM32U375CGU6, STM32U375CGU6Q, STM32U375CGY6QTR, STM32U375KEU6, STM32U375KGU6, STM32U375REI6, STM32U375REI6Q, STM32U375RET6, STM32U375RET6Q, STM32U375REY6GTR, STM32U375REY6QTR, STM32U375RGI6, STM32U375RGI6Q, STM32U375RGT6, STM32U375RGT6Q, STM32U375RGY6GTR, STM32U375RGY6QTR, STM32U375VEI6, STM32U375VEI6Q, STM32U375VET6, STM32U375VET6Q, STM32U375VGI6, STM32U375VGI6Q, STM32U375VGT6, STM32U375VGT6Q, STM32U385CGT6, STM32U385CGT6Q, STM32U385CGU6, STM32U385CGU6Q, STM32U385CGY6QTR, STM32U385KGU6, STM32U385RGI6, STM32U385RGI6Q, STM32U385RGT6, STM32U385RGT6Q, STM32U385RGY6GTR, STM32U385RGY6QTR, STM32U385VGI6, STM32U385VGI6Q, STM32U385VGT6, STM32U385VGT6Q, STM32U535CBT6, STM32U535CBT6Q, STM32U535CBU6, STM32U535CBU6Q, STM32U535CCT6, STM32U535CCT6Q, STM32U535CCU6, STM32U535CCU6Q, STM32U535CET6, STM32U535CET6Q, STM32U535CEU6, STM32U535CEU6Q, STM32U535JEY6QTR, STM32U535NCY6QTR, STM32U535NEY6QTR, STM32U535RBI6, STM32U535RBI6Q, STM32U535RBT6, STM32U535RBT6Q, STM32U535RCI6, STM32U535RCI6Q, STM32U535RCT6, STM32U535RCT6Q, STM32U535REI6, STM32U535REI6Q, STM32U535RET6, STM32U535RET6Q, STM32U535VCI6, STM32U535VCI6Q, STM32U535VCT6, STM32U535VCT6Q, STM32U535VEI6, STM32U535VEI6Q, STM32U535VET6, STM32U535VET6Q, STM32U545CET6, STM32U545CET6Q, STM32U545CEU6, STM32U545CEU6Q, STM32U545JEY6QTR, STM32U545NEY6QTR, STM32U545REI6, STM32U545REI6Q, STM32U545RET6, STM32U545RET6Q, STM32U545VEI6, STM32U545VEI6Q, STM32U545VET6, STM32U545VET6Q, STM32U595AIH6, STM32U595AIH6Q, STM32U595AJH6, STM32U595AJH6Q, STM32U595QII6, STM32U595QII6Q, STM32U595QJI6, STM32U595QJI6Q, STM32U595RIT6, STM32U595RIT6Q, STM32U595RJT6, STM32U595RJT6Q, STM32U595VIT6, STM32U595VIT6Q, STM32U595VJT6, STM32U595VJT6Q, STM32U595ZIT6, STM32U595ZIT6Q, STM32U595ZIY6QTR, STM32U595ZJT6, STM32U595ZJT6Q, STM32U595ZJY6QTR, STM32U599BJY6QTR, STM32U599NIH6Q, STM32U599NJH6Q, STM32U599VIT6Q, STM32U599VJT6, STM32U599VJT6Q, STM32U599ZIT6Q, STM32U599ZIY6QTR, STM32U599ZJT6Q, STM32U599ZJY6QTR, STM32U5A5AJH6, STM32U5A5AJH6Q, STM32U5A5QII3Q , STM32U5A5QJI6, STM32U5A5QJI6Q, STM32U5A5RJT6, STM32U5A5RJT6Q, STM32U5A5VJT6, STM32U5A5VJT6Q, STM32U5A5ZJT6, STM32U5A5ZJT6Q, STM32U5A5ZJY6QTR, STM32U5A9BJY6QTR, STM32U5A9J-DK, STM32U5A9NJH6Q, STM32U5A9VJT6Q, STM32U5A9ZJT6Q, STM32U5A9ZJY6QTR, STM32U5F7VIT6, STM32U5F7VIT6Q, STM32U5F7VJT6, STM32U5F7VJT6Q, STM32U5F9BJY6QTR, STM32U5F9NJH6Q, STM32U5F9VIT6Q, STM32U5F9VJT6Q, STM32U5F9ZIJ6QTR, STM32U5F9ZIT6Q, STM32U5F9ZJJ6QTR, STM32U5F9ZJT6Q, STM32U5G7VJT6, STM32U5G7VJT6Q, STM32U5G9BJY6QTR, STM32U5G9J-DK1, STM32U5G9J-DK2, STM32U5G9NJH6Q, STM32U5G9VJT6Q, STM32U5G9ZJJ6QTR, STM32U5G9ZJT6Q, STM32WB05KZV6TR, STM32WB05KZV7TR, STM32WB05TZF6TR, STM32WB05TZF7TR, STM32WB06CCF6TR, STM32WB06CCF7TR, STM32WB06CCV6TR, STM32WB06CCV7TR, STM32WB06KCV6TR, STM32WB06KCV7TR, STM32WB07CCF6TR, STM32WB07CCF7TR, STM32WB07CCV6TR, STM32WB07CCV7TR, STM32WB07KCV6TR, STM32WB07KCV7TR, STM32WB09KEV6TR, STM32WB09KEV7TR, STM32WB09TEF6TR, STM32WB09TEF7TR, STM32WB1MMCH6, STM32WBA50KGU6, STM32WBA50KGU6TR, STM32WBA52CEU6, STM32WBA52CEU6TR, STM32WBA52CEU7, STM32WBA52CEU7TR, STM32WBA52CGU6, STM32WBA52CGU6TR, STM32WBA52CGU6U, STM32WBA52CGU7, STM32WBA52CGU7TR, STM32WBA52KEU6, STM32WBA52KEU6TR, STM32WBA52KGU6, STM32WBA52KGU6TR, STM32WBA54CEU6, STM32WBA54CEU6TR, STM32WBA54CEU7, STM32WBA54CEU7TR, STM32WBA54CGU6, STM32WBA54CGU6TR, STM32WBA54CGU7, STM32WBA54CGU7TR, STM32WBA54KEU6, STM32WBA54KEU6TR, STM32WBA54KEU7, STM32WBA54KEU7TR, STM32WBA54KGU6, STM32WBA54KGU6TR, STM32WBA54KGU7, STM32WBA54KGU7TR, STM32WBA55CEU6, STM32WBA55CEU6TR, STM32WBA55CEU7, STM32WBA55CEU7TR, STM32WBA55CGU6, STM32WBA55CGU6TR, STM32WBA55CGU6U, STM32WBA55CGU7, STM32WBA55CGU7TR, STM32WBA55G-DK1, STM32WBA55HEF6, STM32WBA55HEF7, STM32WBA55HGF6, STM32WBA55HGF7, STM32WBA55UEI6, STM32WBA55UEI6TR, STM32WBA55UEI7, STM32WBA55UEI7TR, STM32WBA55UGI6, STM32WBA55UGI6TR, STM32WBA55UGI7, STM32WBA55UGI7TR, STM32WBA5MJGH6TR, STM32WBA5MJGH6U, STM32WL33C8V6, STM32WL33C8V6TR, STM32WL33C8V7, STM32WL33C8V7TR, STM32WL33CBV6, STM32WL33CBV6TR, STM32WL33CBV7, STM32WL33CBV7TR, STM32WL33CCV6, STM32WL33CCV6TR, STM32WL33CCV7, STM32WL33CCV7A, STM32WL33CCV7ATR, STM32WL33CCV7TR, STM32WL33K8V6, STM32WL33K8V6TR, STM32WL33K8V7, STM32WL33K8V7TR, STM32WL33KBV6, STM32WL33KBV6TR, STM32WL33KBV7, STM32WL33KBV7TR, STM32WL33KCV6, STM32WL33KCV6TR, STM32WL33KCV7, STM32WL33KCV7TR, STM32WL5MOCH6, STM32WL5MOCH6TR]
2026-01-10 14:59:43,506 [INFO] BoardInfo:889 - No configuration file found for board NUCLEO-WBA65RI
2026-01-10 14:59:43,507 [INFO] DbBoards:161 - Board is not supported: NUCLEO-WBA65RI
2026-01-10 14:59:43,522 [INFO] BoardInfo:889 - No configuration file found for board P-NUCLEO-WB55
2026-01-10 14:59:43,524 [INFO] DbBoards:161 - Kit is not supported: P-NUCLEO-WB55
2026-01-10 14:59:43,532 [INFO] BoardInfo:889 - No configuration file found for board STEVAL-BFA001V1B
2026-01-10 14:59:43,533 [INFO] DbBoards:161 - Kit is not supported: STEVAL-BFA001V1B
2026-01-10 14:59:43,534 [INFO] BoardInfo:889 - No configuration file found for board STEVAL-BFA001V2B
2026-01-10 14:59:43,535 [INFO] DbBoards:161 - Kit is not supported: STEVAL-BFA001V2B
2026-01-10 14:59:43,813 [INFO] BoardInfo:889 - No configuration file found for board STM32WBA65I-DK1
2026-01-10 14:59:43,815 [INFO] DbBoards:161 - Board is not supported: STM32WBA65I-DK1
2026-01-10 14:59:43,816 [INFO] DbBoards:168 - Found 211 boards, 206 are supported
2026-01-10 14:59:43,816 [INFO] DbBoards:169 - Found 211 boards, 42 of them is supported for  Bsp
2026-01-10 14:59:43,818 [INFO] ApiDb:423 - Load user favorites file C:\Users\kamil/.stm32cubeide/favorites.boards.txt: 1 item(s)
2026-01-10 14:59:43,818 [INFO] ApiDb:427 - User favorites Boards=[NUCLEO-F746ZG]
2026-01-10 14:59:43,818 [INFO] DbBoards:198 - Set 1 / 1 favorites Boards
2026-01-10 14:59:43,822 [INFO] ApiDb:668 - CubeFinder database Data Model version=2.1
2026-01-10 14:59:43,822 [INFO] ApiDb:669 - CubeFinder database Configuration version=3.0.39
2026-01-10 14:59:43,822 [INFO] ApiDb:670 - CubeFinder database generation date=2025-12-22 (1766407740)
2026-01-10 14:59:43,822 [INFO] ApiDb:671 - CubeFinder database FW Pack versions=[FP-ATR-ASTRA1_V2.0.0, FP-SNS-FLIGHT1_V5.1.0, FP-SNS-MOTENV1_V5.1.0, FP-SNS-MOTENVWB1_V1.4.0, FP-SNS-SMARTAG2_V1.2.0, FP-SNS-STBOX1_V2.1.0, STM32Cube_FW_C0_V1.4.0, STM32Cube_FW_F4_V1.28.3, STM32Cube_FW_F7_V1.17.4, STM32Cube_FW_G0_V1.6.2, STM32Cube_FW_G4_V1.6.1, STM32Cube_FW_H5_V1.5.1, STM32Cube_FW_H7RS_V1.3.0, STM32Cube_FW_H7_V1.12.1, STM32Cube_FW_L0_V1.12.2, STM32Cube_FW_L4_V1.18.1, STM32Cube_FW_L5_V1.6.0, STM32Cube_FW_N6_V1.3.0, STM32Cube_FW_U0_V1.3.0, STM32Cube_FW_U3_V1.2.1, STM32Cube_FW_U5_V1.8.0, STM32Cube_FW_WB0_V1.4.0, STM32Cube_FW_WBA_V1.8.0, STM32Cube_FW_WB_V1.24.0, STM32Cube_FW_WL3_V1.3.0, STM32Cube_FW_WL_V1.4.0, X-CUBE-ALGOBUILD_V1.4.0, X-CUBE-ALS_V1.0.2, X-CUBE-AZRTOS-F4_V1.1.0, X-CUBE-AZRTOS-F7_V1.1.0, X-CUBE-AZRTOS-G0_V1.1.0, X-CUBE-AZRTOS-G4_V2.0.0, X-CUBE-AZRTOS-H7RS_V1.1.0, X-CUBE-AZRTOS-H7_V3.4.0, X-CUBE-AZRTOS-L4_V2.0.0, X-CUBE-AZRTOS-L5_V2.0.0, X-CUBE-AZRTOS-WB_V2.0.0, X-CUBE-AZRTOS-WL_V2.0.0, X-CUBE-BLE1_V7.1.0, X-CUBE-BLE2_V3.3.0, X-CUBE-BLEMGR_V4.1.0, X-CUBE-EEPRMA1_V5.2.0, X-CUBE-FREERTOS_V1.3.1, X-CUBE-GNSS1_V6.0.0, X-CUBE-MEMS1_V12.0.0, X-CUBE-NFC4_V3.0.0, X-CUBE-NFC7_V2.0.0, X-CUBE-SFXS2LP1_V4.0.0, X-CUBE-ST67W61_V1.1.0, X-CUBE-SUBG2_V5.0.0, X-CUBE-TOF1_V3.4.3]
2026-01-10 14:59:44,602 [ERROR] DbExamplesSqlite:437 - Missing JSON key: board_cpn
2026-01-10 14:59:44,603 [ERROR] DbExamplesSqlite:437 - Missing JSON key: board_cpn
2026-01-10 14:59:44,603 [ERROR] DbExamplesSqlite:437 - Missing JSON key: board_cpn
2026-01-10 14:59:44,603 [ERROR] DbExamplesSqlite:437 - Missing JSON key: board_cpn
2026-01-10 14:59:44,918 [ERROR] DbExamplesSqlite:437 - Missing JSON key: board_cpn
2026-01-10 14:59:44,919 [ERROR] DbExamplesSqlite:437 - Missing JSON key: board_cpn
2026-01-10 14:59:44,935 [INFO] DbExamplesSqlite:395 - Ignored 42 examples not supported by CubeIDE
2026-01-10 14:59:44,935 [INFO] DbExamplesSqlite:396 - Found 10819 examples active
2026-01-10 14:59:44,935 [INFO] DbExamplesSqlite:397 - Found 0 examples obsolete
2026-01-10 14:59:44,935 [INFO] DbExamplesSqlite:398 - Found 0 examples under development
2026-01-10 14:59:44,935 [INFO] DbExamplesSqlite:399 - Found 85 examples not building
2026-01-10 14:59:44,938 [INFO] DbExamples:125 - Found 10862 examples
2026-01-10 14:59:44,977 [ERROR] DbExamples:208 - Found 73 examples with invalid data (board or MCU)
2026-01-10 14:59:44,978 [INFO] DbExamples:222 - Found 134 boards with related examples
2026-01-10 14:59:44,978 [INFO] DbExamples:235 - Found 111 MCUs with related examples
2026-01-10 14:59:44,997 [INFO] ApiDb:423 - Load user favorites file C:\Users\kamil/.stm32cubeide/favorites.examples.txt: 0 item(s)
2026-01-10 14:59:44,997 [INFO] ApiDb:427 - User favorites Examples=[]
2026-01-10 14:59:44,998 [INFO] DbExamples:250 - Set 0 / 0 favorites Examples
2026-01-10 14:59:45,230 [INFO] McuFinderGlobals:76 - Set McuFinderConnectedMode to true
2026-01-10 14:59:45,240 [INFO] MultiScanPanel:200 - Auto-refresh data requested => check proxy status ongoing
2026-01-10 14:59:45,246 [INFO] FinderPluginLoader:95 - Searching for filters in installed packs
2026-01-10 14:59:46,644 [INFO] LoadUrlFilesThread:185 - End of LoadServerUrlFiles without Thread
2026-01-10 14:59:46,747 [INFO] DetailPanel:341 - Set advertising image to C:/Users/kamil/STM32Cube/Repository/\en.prom-stm32mp21-0126.png
2026-01-10 15:00:20,859 [INFO] MainUpdater:2872 - connection check result : 10
2026-01-10 15:00:20,859 [INFO] MainUpdater:2872 - connection check result : 10
2026-01-10 15:00:20,880 [INFO] MicroXplorer:468 - Change Database Path : 
2026-01-10 15:00:20,880 [INFO] MicroXplorer:498 - Change Database Version : DB.6.0.130
2026-01-10 15:00:20,889 [WARN] ThirdParty:871 - waiting for thirdparty lock release [close project]
2026-01-10 15:00:20,889 [INFO] ThirdParty:873 - entering critical section [close project]
2026-01-10 15:00:20,890 [INFO] ThirdParty:883 - exiting critical section [close project]
2026-01-10 15:00:20,892 [INFO] PinOutPanel:1589 - setPackage(No Configuration,No Configuration)
2026-01-10 15:00:20,899 [INFO] UtilMem:75 - Begin LoadConfig() Used Memory: 898248744 Bytes (1073741824)
2026-01-10 15:00:20,901 [INFO] MicroXplorer:468 - Change Database Path : 
2026-01-10 15:00:20,901 [INFO] MicroXplorer:498 - Change Database Version : DB.6.0.130
2026-01-10 15:00:20,902 [INFO] OpenFileManager:332 - Change cursor
2026-01-10 15:00:20,935 [INFO] Mcu:2035 - Initializing MCU STM32H743IITx STM32H743IITx STM32H743IIT6
2026-01-10 15:00:26,491 [INFO] Context:748 - Trying to add GPIOservice into a context  which must be forbidden
2026-01-10 15:00:28,422 [INFO] RtosManager:555 - Registered RTOS mode: class=CMSIS, group=RTOS, mode=CMSIS_V1, owner=FREERTOS
2026-01-10 15:00:28,422 [INFO] RtosManager:555 - Registered RTOS mode: class=CMSIS, group=RTOS2, mode=CMSIS_V2, owner=FREERTOS
2026-01-10 15:00:28,422 [INFO] RtosManager:555 - Registered RTOS mode: class=RTOS, group=Core, mode=CMSIS_V1, owner=FREERTOS
2026-01-10 15:00:28,422 [INFO] RtosManager:555 - Registered RTOS mode: class=RTOS, group=Core, mode=CMSIS_V2, owner=FREERTOS
2026-01-10 15:00:28,423 [WARN] ModelIntegratedComponent:184 - Missing modes for component STMicroelectronics:FreeRTOS:0.0.1:STMicroelectronics:RTOS:FreeRTOS:Core:::10.2.0:
2026-01-10 15:00:28,430 [WARN] ModelIntegratedComponent:63 - No mode defined for component null
2026-01-10 15:00:28,430 [WARN] ModelIntegratedComponent:63 - No mode defined for component null
2026-01-10 15:00:28,430 [WARN] ModelIntegratedComponent:63 - No mode defined for component null
2026-01-10 15:00:28,430 [WARN] ModelIntegratedComponent:63 - No mode defined for component null
2026-01-10 15:00:28,430 [WARN] ModelIntegratedComponent:63 - No mode defined for component null
2026-01-10 15:00:28,430 [WARN] ModelIntegratedComponent:63 - No mode defined for component null
2026-01-10 15:00:28,430 [WARN] ModelIntegratedComponent:63 - No mode defined for component null
2026-01-10 15:00:28,430 [WARN] ModelIntegratedComponent:63 - No mode defined for component null
2026-01-10 15:00:28,430 [WARN] ModelIntegratedComponent:63 - No mode defined for component null
2026-01-10 15:00:28,430 [WARN] ModelIntegratedComponent:63 - No mode defined for component null
2026-01-10 15:00:28,430 [WARN] ModelIntegratedComponent:63 - No mode defined for component null
2026-01-10 15:00:28,431 [WARN] ModelIntegratedComponent:63 - No mode defined for component null
2026-01-10 15:00:28,431 [WARN] ModelIntegratedComponent:63 - No mode defined for component null
2026-01-10 15:00:28,431 [WARN] ModelIntegratedComponent:63 - No mode defined for component null
2026-01-10 15:00:28,431 [WARN] ModelIntegratedComponent:63 - No mode defined for component null
2026-01-10 15:00:28,431 [WARN] ModelIntegratedComponent:63 - No mode defined for component null
2026-01-10 15:00:28,431 [WARN] ModelIntegratedComponent:63 - No mode defined for component null
2026-01-10 15:00:28,431 [WARN] ModelIntegratedComponent:63 - No mode defined for component null
2026-01-10 15:00:28,431 [WARN] ModelIntegratedComponent:63 - No mode defined for component null
2026-01-10 15:00:28,431 [WARN] ModelIntegratedComponent:63 - No mode defined for component null
2026-01-10 15:00:28,431 [WARN] ModelIntegratedComponent:63 - No mode defined for component null
2026-01-10 15:00:28,431 [WARN] ModelIntegratedComponent:63 - No mode defined for component null
2026-01-10 15:00:28,431 [WARN] ModelIntegratedComponent:63 - No mode defined for component null
2026-01-10 15:00:28,431 [WARN] ModelIntegratedComponent:63 - No mode defined for component null
2026-01-10 15:00:28,431 [WARN] ModelIntegratedComponent:63 - No mode defined for component null
2026-01-10 15:00:28,431 [WARN] ModelIntegratedComponent:63 - No mode defined for component null
2026-01-10 15:00:28,431 [WARN] ModelIntegratedComponent:63 - No mode defined for component null
2026-01-10 15:00:28,431 [WARN] ModelIntegratedComponent:63 - No mode defined for component null
2026-01-10 15:00:28,431 [WARN] ModelIntegratedComponent:63 - No mode defined for component null
2026-01-10 15:00:28,431 [WARN] ModelIntegratedComponent:63 - No mode defined for component null
2026-01-10 15:00:28,431 [WARN] ModelIntegratedComponent:63 - No mode defined for component null
2026-01-10 15:00:28,431 [WARN] ModelIntegratedComponent:63 - No mode defined for component null
2026-01-10 15:00:28,431 [WARN] ModelIntegratedComponent:63 - No mode defined for component null
2026-01-10 15:00:28,431 [WARN] ModelIntegratedComponent:63 - No mode defined for component null
2026-01-10 15:00:28,431 [WARN] ModelIntegratedComponent:63 - No mode defined for component null
2026-01-10 15:00:28,432 [WARN] ModelPack:524 - Component already loaded: STMicroelectronics:HAL Drivers:0.0.0:STMicroelectronics:Device:STMicro_Driver:XSPI:HAL::0.0.1:HAL_XSPI
2026-01-10 15:00:28,774 [INFO] ThirdPartyModel:298 - Start build external matchings
2026-01-10 15:00:30,876 [INFO] ThirdPartyModel:316 - End build external matchings
2026-01-10 15:00:30,910 [WARN] IP:2251 - ClockDivider not found: check if there is a RefParameter without a condition.
2026-01-10 15:00:30,911 [WARN] IP:2251 - ClockDividerCCU not found: check if there is a RefParameter without a condition.
2026-01-10 15:00:30,912 [WARN] IP:2251 - MinOscClkPeriodsCCU not found: check if there is a RefParameter without a condition.
2026-01-10 15:00:30,912 [WARN] IP:2251 - TimeQuantaPerBitTimeCCU not found: check if there is a RefParameter without a condition.
2026-01-10 15:00:30,912 [WARN] IP:2251 - WatchdogStartValueCCU not found: check if there is a RefParameter without a condition.
2026-01-10 15:00:30,924 [WARN] IP:2251 - LayerIdx_L1 not found: check if there is a RefParameter without a condition.
2026-01-10 15:00:30,926 [INFO] ImportTextPane:218 - (OptionalMessage_ERROR) IP (RCC) : Parameter (ADCFreq_Value) has invalid value (129000000)
2026-01-10 15:00:30,941 [INFO] ImportTextPane:218 - (OptionalMessage_ERROR) IP (RCC) : Invalid parameter (FamilyName)
2026-01-10 15:00:30,941 [INFO] ImportTextPane:218 - (OptionalMessage_ERROR) IP (RCC) : Parameter (LPTIM1Freq_Value) has invalid value (64000000)
2026-01-10 15:00:30,942 [INFO] ImportTextPane:218 - (OptionalMessage_ERROR) IP (RCC) : Parameter (LPTIM2Freq_Value) has invalid value (64000000)
2026-01-10 15:00:30,942 [INFO] ImportTextPane:218 - (OptionalMessage_ERROR) IP (RCC) : Parameter (LPTIM345Freq_Value) has invalid value (64000000)
2026-01-10 15:00:30,942 [INFO] ImportTextPane:218 - (OptionalMessage_ERROR) IP (RCC) : Parameter (LPUART1Freq_Value) has invalid value (64000000)
2026-01-10 15:00:30,942 [INFO] ImportTextPane:218 - (OptionalMessage_ERROR) IP (RCC) : Parameter (SPI45Freq_Value) has invalid value (64000000)
2026-01-10 15:00:30,942 [INFO] ImportTextPane:218 - (OptionalMessage_ERROR) IP (RCC) : Parameter (SPI6Freq_Value) has invalid value (64000000)
2026-01-10 15:00:30,942 [INFO] ImportTextPane:218 - (OptionalMessage_ERROR) IP (RCC) : Parameter (SWPMI1Freq_Value) has invalid value (64000000)
2026-01-10 15:00:30,942 [INFO] ImportTextPane:218 - (OptionalMessage_ERROR) IP (RCC) : Parameter (USART16Freq_Value) has invalid value (64000000)
2026-01-10 15:00:30,942 [INFO] ImportTextPane:218 - (OptionalMessage_ERROR) IP (RCC) : Parameter (USART234578Freq_Value) has invalid value (64000000)
2026-01-10 15:00:32,125 [INFO] UtilMem:75 - End LoadConfig() Used Memory: 928300880 Bytes (1073741824)
2026-01-10 15:00:32,280 [WARN] ThirdParty:833 - waiting for thirdparty lock release [change project]
2026-01-10 15:00:32,280 [INFO] ThirdParty:835 - entering critical section [change project]
2026-01-10 15:00:32,281 [INFO] ThirdParty:1030 - CMSIS Pack Vendor :STMicroelectronics X-CUBE-PM33A1 1.0.0
2026-01-10 15:00:32,281 [INFO] ThirdParty:1030 - CMSIS Pack Vendor :STMicroelectronics USBPD 4.1
2026-01-10 15:00:32,281 [INFO] ThirdParty:1030 - CMSIS Pack Vendor :STMicroelectronics USB_HOST 2.0.0
2026-01-10 15:00:32,281 [INFO] ThirdParty:1030 - CMSIS Pack Vendor :STMicroelectronics FP-SNS-MOTENVWB1 1.4.0
2026-01-10 15:00:32,281 [INFO] ThirdParty:1030 - CMSIS Pack Vendor :STMicroelectronics X-CUBE-AZRTOS-F4 1.1.0
2026-01-10 15:00:32,281 [INFO] ThirdParty:1030 - CMSIS Pack Vendor :STMicroelectronics LIBJPEG 8.0.0
2026-01-10 15:00:32,281 [INFO] ThirdParty:1030 - CMSIS Pack Vendor :STMicroelectronics FP-ATR-ASTRA1 2.0.2
2026-01-10 15:00:32,281 [INFO] ThirdParty:1030 - CMSIS Pack Vendor :STMicroelectronics FP-ATR-ASTRA1 2.0.1
2026-01-10 15:00:32,281 [INFO] ThirdParty:1030 - CMSIS Pack Vendor :STMicroelectronics X-CUBE-SMBUS 2.1.0
2026-01-10 15:00:32,281 [INFO] ThirdParty:1030 - CMSIS Pack Vendor :STMicroelectronics X-CUBE-WB05N 1.1.0
2026-01-10 15:00:32,281 [INFO] ThirdParty:1030 - CMSIS Pack Vendor :STMicroelectronics X-CUBE-ISPU 2.1.0
2026-01-10 15:00:32,281 [INFO] ThirdParty:1030 - CMSIS Pack Vendor :STMicroelectronics X-CUBE-FREERTOS 1.2.0
2026-01-10 15:00:32,281 [INFO] ThirdParty:1030 - CMSIS Pack Vendor :STMicroelectronics X-CUBE-ST60 1.0.0
2026-01-10 15:00:32,281 [INFO] ThirdParty:1030 - CMSIS Pack Vendor :STMicroelectronics X-CUBE-NFC12 1.0.0
2026-01-10 15:00:32,281 [INFO] ThirdParty:1030 - CMSIS Pack Vendor :STMicroelectronics X-CUBE-AZRTOS-F7 1.1.0
2026-01-10 15:00:32,281 [INFO] ThirdParty:1030 - CMSIS Pack Vendor :STMicroelectronics X-CUBE-AZRTOS-L5 2.0.0
2026-01-10 15:00:32,281 [INFO] ThirdParty:1030 - CMSIS Pack Vendor :STMicroelectronics USB_DEVICE 2.0.0
2026-01-10 15:00:32,281 [INFO] ThirdParty:1030 - CMSIS Pack Vendor :STMicroelectronics X-CUBE-NFC6 3.1.0
2026-01-10 15:00:32,281 [INFO] ThirdParty:1030 - CMSIS Pack Vendor :ARM CMSIS 5.7.0
2026-01-10 15:00:32,281 [INFO] ThirdParty:1030 - CMSIS Pack Vendor :STMicroelectronics X-CUBE-MEMS1 11.0.0
2026-01-10 15:00:32,281 [INFO] ThirdParty:1030 - CMSIS Pack Vendor :STMicroelectronics FreeRTOS 0.0.1
2026-01-10 15:00:32,281 [INFO] ThirdParty:1030 - CMSIS Pack Vendor :STMicroelectronics X-CUBE-DPower 1.2.0
2026-01-10 15:00:32,281 [INFO] ThirdParty:1030 - CMSIS Pack Vendor :STMicroelectronics FP-SNS-FLIGHT1 5.0.2
2026-01-10 15:00:32,281 [INFO] ThirdParty:1030 - CMSIS Pack Vendor :STMicroelectronics PDM2PCM 3.3.0
2026-01-10 15:00:32,281 [INFO] ThirdParty:1030 - CMSIS Pack Vendor :STMicroelectronics X-CUBE-AZRTOS-H7 3.4.0
2026-01-10 15:00:32,282 [INFO] ThirdParty:1030 - CMSIS Pack Vendor :STMicroelectronics X-CUBE-DISPLAY 3.0.0
2026-01-10 15:00:32,282 [INFO] ThirdParty:1030 - CMSIS Pack Vendor :STMicroelectronics X-CUBE-BLE1 7.0.0
2026-01-10 15:00:32,282 [INFO] ThirdParty:1030 - CMSIS Pack Vendor :STMicroelectronics X-CUBE-NFC10 1.0.0
2026-01-10 15:00:32,282 [INFO] ThirdParty:1030 - CMSIS Pack Vendor :STMicroelectronics X-CUBE-BLEMGR 4.0.0
2026-01-10 15:00:32,282 [INFO] ThirdParty:1030 - CMSIS Pack Vendor :STMicroelectronics X-CUBE-FREERTOS 1.3.1
2026-01-10 15:00:32,282 [INFO] ThirdParty:1030 - CMSIS Pack Vendor :STMicroelectronics HAL Drivers 0.0.0
2026-01-10 15:00:32,282 [INFO] ThirdParty:1030 - CMSIS Pack Vendor :STMicroelectronics X-CUBE-ST60 1.1.0
2026-01-10 15:00:32,282 [INFO] ThirdParty:1030 - CMSIS Pack Vendor :emotas I-CUBE-CANOPEN 1.3.0
2026-01-10 15:00:32,282 [INFO] ThirdParty:1030 - CMSIS Pack Vendor :STMicroelectronics X-CUBE-FREERTOS 1.3.0
2026-01-10 15:00:32,282 [INFO] ThirdParty:1030 - CMSIS Pack Vendor :STMicroelectronics X-CUBE-NFC7 1.0.1
2026-01-10 15:00:32,282 [INFO] ThirdParty:1030 - CMSIS Pack Vendor :STMicroelectronics MBEDTLS 2.14.1
2026-01-10 15:00:32,282 [INFO] ThirdParty:1030 - CMSIS Pack Vendor :STMicroelectronics X-CUBE-GNSS1 7.1.0
2026-01-10 15:00:32,282 [INFO] ThirdParty:1030 - CMSIS Pack Vendor :STMicroelectronics X-CUBE-TOUCHGFX 4.26.0
2026-01-10 15:00:32,282 [INFO] ThirdParty:1030 - CMSIS Pack Vendor :STMicroelectronics X-CUBE-BLEMGR 3.1.0
2026-01-10 15:00:32,282 [INFO] ThirdParty:1030 - CMSIS Pack Vendor :STMicroelectronics X-CUBE-AI 10.0.0
2026-01-10 15:00:32,282 [INFO] ThirdParty:1030 - CMSIS Pack Vendor :STMicroelectronics FP-SNS-STAIOTCFT 1.0.0
2026-01-10 15:00:32,282 [INFO] ThirdParty:1030 - CMSIS Pack Vendor :STMicroelectronics FP-SNS-SMARTAG2 1.2.0
2026-01-10 15:00:32,282 [INFO] ThirdParty:1030 - CMSIS Pack Vendor :STMicroelectronics FP-SNS-FLIGHT1 5.1.0
2026-01-10 15:00:32,282 [INFO] ThirdParty:1030 - CMSIS Pack Vendor :STMicroelectronics X-CUBE-MEMS1 11.1.0
2026-01-10 15:00:32,282 [INFO] ThirdParty:1030 - CMSIS Pack Vendor :STMicroelectronics X-CUBE-AZRTOS-WL 2.0.0
2026-01-10 15:00:32,282 [INFO] ThirdParty:1030 - CMSIS Pack Vendor :STMicroelectronics X-CUBE-DPower 1.3.0
2026-01-10 15:00:32,282 [INFO] ThirdParty:1030 - CMSIS Pack Vendor :STMicroelectronics FP-SNS-MOTENV1 5.0.0
2026-01-10 15:00:32,282 [INFO] ThirdParty:1030 - CMSIS Pack Vendor :STMicroelectronics USB_DEVICE 1.0.0
2026-01-10 15:00:32,282 [INFO] ThirdParty:1030 - CMSIS Pack Vendor :STMicroelectronics X-CUBE-AZRTOS-H7RS 1.2.0
2026-01-10 15:00:32,282 [INFO] ThirdParty:1030 - CMSIS Pack Vendor :wolfSSL I-CUBE-wolfMQTT 1.19.0
2026-01-10 15:00:32,282 [INFO] ThirdParty:1030 - CMSIS Pack Vendor :STMicroelectronics X-CUBE-AZRTOS-L4 2.0.0
2026-01-10 15:00:32,282 [INFO] ThirdParty:1030 - CMSIS Pack Vendor :STMicroelectronics ThreadX 0.0.2
2026-01-10 15:00:32,282 [INFO] ThirdParty:1030 - CMSIS Pack Vendor :WES I-CUBE-Cesium 1.3.0
2026-01-10 15:00:32,282 [INFO] ThirdParty:1030 - CMSIS Pack Vendor :STMicroelectronics lwIP 2.1.2
2026-01-10 15:00:32,283 [INFO] ThirdParty:1030 - CMSIS Pack Vendor :STMicroelectronics X-CUBE-SFXS2LP1 4.0.0
2026-01-10 15:00:32,283 [INFO] ThirdParty:1030 - CMSIS Pack Vendor :STMicroelectronics X-CUBE-BLE2 3.3.0
2026-01-10 15:00:32,283 [INFO] ThirdParty:1030 - CMSIS Pack Vendor :Avnet-IOTCONNECT X-CUBE-iotc-st67-sdk 1.0.0
2026-01-10 15:00:32,283 [INFO] ThirdParty:1030 - CMSIS Pack Vendor :STMicroelectronics PDM2PCM 3.2.0
2026-01-10 15:00:32,283 [INFO] ThirdParty:1030 - CMSIS Pack Vendor :STMicroelectronics X-CUBE-AZRTOS-H7 3.3.0
2026-01-10 15:00:32,283 [INFO] ThirdParty:1030 - CMSIS Pack Vendor :STMicroelectronics X-CUBE-NFC9 1.0.0
2026-01-10 15:00:32,283 [INFO] ThirdParty:1030 - CMSIS Pack Vendor :STMicroelectronics X-CUBE-BLE1 7.1.0
2026-01-10 15:00:32,283 [INFO] ThirdParty:1030 - CMSIS Pack Vendor :STMicroelectronics USB_DEVICE 3.0.0
2026-01-10 15:00:32,283 [INFO] ThirdParty:1030 - CMSIS Pack Vendor :STMicroelectronics X-CUBE-TCPP 4.1.0
2026-01-10 15:00:32,283 [INFO] ThirdParty:1030 - CMSIS Pack Vendor :STMicroelectronics X-CUBE-EEPRMA1 5.2.0
2026-01-10 15:00:32,283 [INFO] ThirdParty:1030 - CMSIS Pack Vendor :STMicroelectronics X-CUBE-BLEMGR 4.1.0
2026-01-10 15:00:32,283 [INFO] ThirdParty:1030 - CMSIS Pack Vendor :STMicroelectronics X-CUBE-IPS 3.0.0
2026-01-10 15:00:32,283 [INFO] ThirdParty:1030 - CMSIS Pack Vendor :STMicroelectronics X-CUBE-AZRTOS-WB 2.0.0
2026-01-10 15:00:32,283 [INFO] ThirdParty:1030 - CMSIS Pack Vendor :STMicroelectronics X-CUBE-GNSS1 7.0.0
2026-01-10 15:00:32,283 [INFO] ThirdParty:1030 - CMSIS Pack Vendor :STMicroelectronics X-CUBE-GNSS1 7.0.1
2026-01-10 15:00:32,283 [INFO] ThirdParty:1030 - CMSIS Pack Vendor :STMicroelectronics X-CUBE-TOUCHGFX 4.25.0
2026-01-10 15:00:32,283 [INFO] ThirdParty:1030 - CMSIS Pack Vendor :STMicroelectronics FP-SNS-STBOX1 2.0.0
2026-01-10 15:00:32,283 [INFO] ThirdParty:1030 - CMSIS Pack Vendor :STMicroelectronics X-CUBE-MEMS1 12.0.0
2026-01-10 15:00:32,283 [INFO] ThirdParty:1030 - CMSIS Pack Vendor :STMicroelectronics X-CUBE-AZRTOS-G0 1.1.0
2026-01-10 15:00:32,283 [INFO] ThirdParty:1030 - CMSIS Pack Vendor :STMicroelectronics X-CUBE-SAFEA1 1.2.2
2026-01-10 15:00:32,283 [INFO] ThirdParty:1030 - CMSIS Pack Vendor :STMicroelectronics X-CUBE-NFC4 3.0.0
2026-01-10 15:00:32,283 [INFO] ThirdParty:1030 - CMSIS Pack Vendor :STMicroelectronics X-CUBE-SUBG2 5.0.0
2026-01-10 15:00:32,283 [INFO] ThirdParty:1030 - CMSIS Pack Vendor :STMicroelectronics X-CUBE-AZRTOS-H7RS 1.1.0
2026-01-10 15:00:32,283 [INFO] ThirdParty:1030 - CMSIS Pack Vendor :STMicroelectronics STM32_WPAN 1.0.0
2026-01-10 15:00:32,283 [INFO] ThirdParty:1030 - CMSIS Pack Vendor :EmbeddedOffice I-CUBE-FS-RTOS 1.0.1
2026-01-10 15:00:32,283 [INFO] ThirdParty:1030 - CMSIS Pack Vendor :STMicroelectronics lwIP 2.0.3
2026-01-10 15:00:32,283 [INFO] ThirdParty:1030 - CMSIS Pack Vendor :Cesanta I-CUBE-Mongoose 7.13.0
2026-01-10 15:00:32,283 [INFO] ThirdParty:1030 - CMSIS Pack Vendor :STMicroelectronics USB_HOST 1.0.0
2026-01-10 15:00:32,284 [INFO] ThirdParty:1030 - CMSIS Pack Vendor :STMicroelectronics X-CUBE-AZRTOS-G4 2.0.0
2026-01-10 15:00:32,284 [INFO] ThirdParty:1030 - CMSIS Pack Vendor :STMicroelectronics X-CUBE-WB05N 2.0.0
2026-01-10 15:00:32,284 [INFO] ThirdParty:1030 - CMSIS Pack Vendor :STMicroelectronics PDM2PCM 3.1.0
2026-01-10 15:00:32,284 [INFO] ThirdParty:1030 - CMSIS Pack Vendor :STMicroelectronics X-CUBE-NFC7 2.0.0
2026-01-10 15:00:32,284 [INFO] ThirdParty:1030 - CMSIS Pack Vendor :STMicroelectronics X-CUBE-TCPP 4.2.0
2026-01-10 15:00:32,284 [INFO] ThirdParty:1030 - CMSIS Pack Vendor :RealThread X-CUBE-RT-Thread_Nano 4.1.1
2026-01-10 15:00:32,284 [INFO] ThirdParty:1030 - CMSIS Pack Vendor :STMicroelectronics FP-ATR-SIGFOX1 3.2.0
2026-01-10 15:00:32,284 [INFO] ThirdParty:1030 - CMSIS Pack Vendor :wolfSSL I-CUBE-wolfSSL 5.7.2
2026-01-10 15:00:32,284 [INFO] ThirdParty:1030 - CMSIS Pack Vendor :quantropi X-CUBE-qispace-sdk-base 1.9.3
2026-01-10 15:00:32,284 [INFO] ThirdParty:1030 - CMSIS Pack Vendor :STMicroelectronics X-CUBE-EEPRMA1 5.1.0
2026-01-10 15:00:32,284 [INFO] ThirdParty:1030 - CMSIS Pack Vendor :STMicroelectronics MBEDTLS 2.16.2
2026-01-10 15:00:32,284 [INFO] ThirdParty:1030 - CMSIS Pack Vendor :STMicroelectronics X-CUBE-IPS 3.1.0
2026-01-10 15:00:32,284 [INFO] ThirdParty:1030 - CMSIS Pack Vendor :STMicroelectronics X-CUBE-ALS 1.0.2
2026-01-10 15:00:32,284 [INFO] ThirdParty:1030 - CMSIS Pack Vendor :ITTIA_DB I-CUBE-ITTIADB 8.9.0
2026-01-10 15:00:32,284 [INFO] ThirdParty:1030 - CMSIS Pack Vendor :STMicroelectronics X-CUBE-TOUCHGFX 4.24.1
2026-01-10 15:00:32,284 [INFO] ThirdParty:1030 - CMSIS Pack Vendor :STMicroelectronics X-CUBE-STSE01 1.0.0
2026-01-10 15:00:32,284 [INFO] ThirdParty:1030 - CMSIS Pack Vendor :wolfSSL I-CUBE-wolfTPM 3.4.0
2026-01-10 15:00:32,284 [INFO] ThirdParty:1030 - CMSIS Pack Vendor :portGmbH I-Cube-SoM-uGOAL 1.1.0
2026-01-10 15:00:32,284 [INFO] ThirdParty:1030 - CMSIS Pack Vendor :STMicroelectronics X-CUBE-ST67W61 1.0.0
2026-01-10 15:00:32,284 [INFO] ThirdParty:1030 - CMSIS Pack Vendor :STMicroelectronics X-CUBE-AI 10.2.0
2026-01-10 15:00:32,284 [INFO] ThirdParty:1030 - CMSIS Pack Vendor :STMicroelectronics ThreadX 1.0.0
2026-01-10 15:00:32,284 [INFO] ThirdParty:1030 - CMSIS Pack Vendor :SEGGER I-CUBE-embOS 1.3.1
2026-01-10 15:00:32,284 [INFO] ThirdParty:1030 - CMSIS Pack Vendor :STMicroelectronics X-CUBE-ALGOBUILD 1.4.0
2026-01-10 15:00:32,284 [INFO] ThirdParty:1030 - CMSIS Pack Vendor :STMicroelectronics X-CUBE-MEMS1 11.3.0
2026-01-10 15:00:32,284 [INFO] ThirdParty:1030 - CMSIS Pack Vendor :STMicroelectronics X-CUBE-AZRTOS-H7RS 1.0.0
2026-01-10 15:00:32,284 [INFO] ThirdParty:1030 - CMSIS Pack Vendor :STMicroelectronics FP-ATR-ASTRA1 2.0.0
2026-01-10 15:00:32,284 [INFO] ThirdParty:1030 - CMSIS Pack Vendor :STMicroelectronics X-CUBE-TOF1 3.4.2
2026-01-10 15:00:32,284 [INFO] ThirdParty:1030 - CMSIS Pack Vendor :STMicroelectronics X-CUBE-TOF1 3.4.3
2026-01-10 15:00:32,284 [INFO] ThirdParty:1030 - CMSIS Pack Vendor :STMicroelectronics X-CUBE-AI 9.1.0
2026-01-10 15:00:32,284 [INFO] ThirdParty:1030 - CMSIS Pack Vendor :Infineon AIROC-Wi-Fi-Bluetooth-STM32 1.6.1
2026-01-10 15:00:32,284 [INFO] ThirdParty:1030 - CMSIS Pack Vendor :wolfSSL I-CUBE-wolfSSH 1.4.17
2026-01-10 15:00:32,285 [INFO] ThirdParty:841 - exiting critical section [change project]
2026-01-10 15:00:32,886 [INFO] PinOutPanel:1589 - setPackage(No Configuration,No Configuration)
2026-01-10 15:00:32,887 [INFO] PinOutPanel:1589 - setPackage(STM32H743IITx,LQFP176)
2026-01-10 15:00:33,809 [INFO] UtilMem:75 - Before build in PCC Used Memory: 932037280 Bytes (1073741824)
2026-01-10 15:00:34,783 [INFO] UtilMem:75 - After build in PCC Used Memory: 1012204432 Bytes (1073741824)
2026-01-10 15:00:34,858 [INFO] IPUIPlugin:80 - create IPUIPlugin
2026-01-10 15:00:34,858 [INFO] IPUIPlugin:80 - create IPUIPlugin
2026-01-10 15:00:34,858 [INFO] IPUIPlugin:80 - create IPUIPlugin
2026-01-10 15:00:34,859 [INFO] IPUIPlugin:80 - create IPUIPlugin
2026-01-10 15:00:34,859 [INFO] IPUIPlugin:80 - create IPUIPlugin
2026-01-10 15:00:34,859 [INFO] IPUIPlugin:80 - create IPUIPlugin
2026-01-10 15:00:34,859 [INFO] IPUIPlugin:80 - create IPUIPlugin
2026-01-10 15:00:34,859 [INFO] IPUIPlugin:80 - create IPUIPlugin
2026-01-10 15:00:34,859 [INFO] IPUIPlugin:80 - create IPUIPlugin
2026-01-10 15:00:34,859 [INFO] IPUIPlugin:80 - create IPUIPlugin
2026-01-10 15:00:34,859 [INFO] IPUIPlugin:80 - create IPUIPlugin
2026-01-10 15:00:34,859 [INFO] IPUIPlugin:80 - create IPUIPlugin
2026-01-10 15:00:34,859 [INFO] IPUIPlugin:80 - create IPUIPlugin
2026-01-10 15:00:34,859 [INFO] IPUIPlugin:80 - create IPUIPlugin
2026-01-10 15:00:34,859 [INFO] IPUIPlugin:80 - create IPUIPlugin
2026-01-10 15:00:34,859 [INFO] IPUIPlugin:80 - create IPUIPlugin
2026-01-10 15:00:34,859 [INFO] IPUIPlugin:80 - create IPUIPlugin
2026-01-10 15:00:34,859 [INFO] IPUIPlugin:80 - create IPUIPlugin
2026-01-10 15:00:34,861 [INFO] IPUIPlugin:80 - create IPUIPlugin
2026-01-10 15:00:34,861 [INFO] IPUIPlugin:80 - create IPUIPlugin
2026-01-10 15:00:34,861 [INFO] IPUIPlugin:80 - create IPUIPlugin
2026-01-10 15:00:34,861 [INFO] IPUIPlugin:80 - create IPUIPlugin
2026-01-10 15:00:34,861 [INFO] IPUIPlugin:80 - create IPUIPlugin
2026-01-10 15:00:34,861 [INFO] IPUIPlugin:80 - create IPUIPlugin
2026-01-10 15:00:34,861 [INFO] IPUIPlugin:80 - create IPUIPlugin
2026-01-10 15:00:34,861 [INFO] IPUIPlugin:80 - create IPUIPlugin
2026-01-10 15:00:34,861 [INFO] IPUIPlugin:80 - create IPUIPlugin
2026-01-10 15:00:34,861 [INFO] IPUIPlugin:80 - create IPUIPlugin
2026-01-10 15:00:34,861 [INFO] IPUIPlugin:80 - create IPUIPlugin
2026-01-10 15:00:34,861 [INFO] IPUIPlugin:80 - create IPUIPlugin
2026-01-10 15:00:34,861 [INFO] IPUIPlugin:80 - create IPUIPlugin
2026-01-10 15:00:34,862 [INFO] IPUIPlugin:80 - create IPUIPlugin
2026-01-10 15:00:34,862 [INFO] IPUIPlugin:80 - create IPUIPlugin
2026-01-10 15:00:34,862 [INFO] IPUIPlugin:80 - create IPUIPlugin
2026-01-10 15:00:34,863 [INFO] IPUIPlugin:80 - create IPUIPlugin
2026-01-10 15:00:34,863 [INFO] IPUIPlugin:80 - create IPUIPlugin
2026-01-10 15:00:34,863 [INFO] IPUIPlugin:80 - create IPUIPlugin
2026-01-10 15:00:34,863 [INFO] IPUIPlugin:80 - create IPUIPlugin
2026-01-10 15:00:34,864 [INFO] IPUIPlugin:80 - create IPUIPlugin
2026-01-10 15:00:34,864 [INFO] IPUIPlugin:80 - create IPUIPlugin
2026-01-10 15:00:34,864 [INFO] IPUIPlugin:80 - create IPUIPlugin
2026-01-10 15:00:34,864 [INFO] IPUIPlugin:80 - create IPUIPlugin
2026-01-10 15:00:34,864 [INFO] IPUIPlugin:80 - create IPUIPlugin
2026-01-10 15:00:34,865 [INFO] IPUIPlugin:80 - create IPUIPlugin
2026-01-10 15:00:34,865 [INFO] IPUIPlugin:80 - create IPUIPlugin
2026-01-10 15:00:34,865 [INFO] IPUIPlugin:80 - create IPUIPlugin
2026-01-10 15:00:34,865 [INFO] IPUIPlugin:80 - create IPUIPlugin
2026-01-10 15:00:34,866 [INFO] IPUIPlugin:80 - create IPUIPlugin
2026-01-10 15:00:34,866 [INFO] IPUIPlugin:80 - create IPUIPlugin
2026-01-10 15:00:34,866 [INFO] IPUIPlugin:80 - create IPUIPlugin
2026-01-10 15:00:34,866 [INFO] IPUIPlugin:80 - create IPUIPlugin
2026-01-10 15:00:34,866 [INFO] IPUIPlugin:80 - create IPUIPlugin
2026-01-10 15:00:34,867 [INFO] IPUIPlugin:80 - create IPUIPlugin
2026-01-10 15:00:34,867 [INFO] IPUIPlugin:80 - create IPUIPlugin
2026-01-10 15:00:34,867 [INFO] IPUIPlugin:80 - create IPUIPlugin
2026-01-10 15:00:34,867 [INFO] IPUIPlugin:80 - create IPUIPlugin
2026-01-10 15:00:34,868 [INFO] IPUIPlugin:80 - create IPUIPlugin
2026-01-10 15:00:34,868 [INFO] IPUIPlugin:80 - create IPUIPlugin
2026-01-10 15:00:34,868 [INFO] IPUIPlugin:80 - create IPUIPlugin
2026-01-10 15:00:34,868 [INFO] IPUIPlugin:80 - create IPUIPlugin
2026-01-10 15:00:34,869 [INFO] IPUIPlugin:80 - create IPUIPlugin
2026-01-10 15:00:34,869 [INFO] IPUIPlugin:80 - create IPUIPlugin
2026-01-10 15:00:34,869 [INFO] IPUIPlugin:80 - create IPUIPlugin
2026-01-10 15:00:34,869 [INFO] IPUIPlugin:80 - create IPUIPlugin
2026-01-10 15:00:34,870 [INFO] IPUIPlugin:80 - create IPUIPlugin
2026-01-10 15:00:34,870 [INFO] IPUIPlugin:80 - create IPUIPlugin
2026-01-10 15:00:34,870 [INFO] IPUIPlugin:80 - create IPUIPlugin
2026-01-10 15:00:34,870 [INFO] IPUIPlugin:80 - create IPUIPlugin
2026-01-10 15:00:34,871 [INFO] IPUIPlugin:80 - create IPUIPlugin
2026-01-10 15:00:34,871 [INFO] IPUIPlugin:80 - create IPUIPlugin
2026-01-10 15:00:34,872 [INFO] IPUIPlugin:80 - create IPUIPlugin
2026-01-10 15:00:34,872 [INFO] IPUIPlugin:80 - create IPUIPlugin
2026-01-10 15:00:34,872 [INFO] IPUIPlugin:80 - create IPUIPlugin
2026-01-10 15:00:34,872 [INFO] IPUIPlugin:80 - create IPUIPlugin
2026-01-10 15:00:34,873 [INFO] IPUIPlugin:80 - create IPUIPlugin
2026-01-10 15:00:34,873 [INFO] IPUIPlugin:80 - create IPUIPlugin
2026-01-10 15:00:34,873 [INFO] IPUIPlugin:80 - create IPUIPlugin
2026-01-10 15:00:34,874 [INFO] IPUIPlugin:80 - create IPUIPlugin
2026-01-10 15:00:34,874 [INFO] IPUIPlugin:80 - create IPUIPlugin
2026-01-10 15:00:34,874 [INFO] IPUIPlugin:80 - create IPUIPlugin
2026-01-10 15:00:34,874 [INFO] IPUIPlugin:80 - create IPUIPlugin
2026-01-10 15:00:34,875 [INFO] IPUIPlugin:80 - create IPUIPlugin
2026-01-10 15:00:34,875 [INFO] IPUIPlugin:80 - create IPUIPlugin
2026-01-10 15:00:34,875 [INFO] IPUIPlugin:80 - create IPUIPlugin
2026-01-10 15:00:34,876 [INFO] IPUIPlugin:80 - create IPUIPlugin
2026-01-10 15:00:34,876 [INFO] IPUIPlugin:80 - create IPUIPlugin
2026-01-10 15:00:34,877 [INFO] IPUIPlugin:80 - create IPUIPlugin
2026-01-10 15:00:34,877 [INFO] IPUIPlugin:80 - create IPUIPlugin
2026-01-10 15:00:34,877 [INFO] IPUIPlugin:80 - create IPUIPlugin
2026-01-10 15:00:34,877 [INFO] IPUIPlugin:80 - create IPUIPlugin
2026-01-10 15:00:34,879 [INFO] IPUIPlugin:80 - create IPUIPlugin
2026-01-10 15:00:34,879 [INFO] IPUIPlugin:80 - create IPUIPlugin
2026-01-10 15:00:34,879 [INFO] IPUIPlugin:80 - create IPUIPlugin
2026-01-10 15:00:34,880 [INFO] IPUIPlugin:80 - create IPUIPlugin
2026-01-10 15:00:34,880 [INFO] IPUIPlugin:80 - create IPUIPlugin
2026-01-10 15:00:34,881 [INFO] IPUIPlugin:80 - create IPUIPlugin
2026-01-10 15:00:34,894 [INFO] IPUIPlugin:80 - create IPUIPlugin
2026-01-10 15:00:34,895 [INFO] IPUIPlugin:80 - create IPUIPlugin
2026-01-10 15:00:35,046 [INFO] ApiDbMcu:508 - Load IP Config File for PDM2PCM
2026-01-10 15:00:35,057 [WARN] IP:2251 - ClockDivider not found: check if there is a RefParameter without a condition.
2026-01-10 15:00:35,057 [WARN] IP:2251 - ClockDividerCCU not found: check if there is a RefParameter without a condition.
2026-01-10 15:00:35,058 [WARN] IP:2251 - MinOscClkPeriodsCCU not found: check if there is a RefParameter without a condition.
2026-01-10 15:00:35,058 [WARN] IP:2251 - TimeQuantaPerBitTimeCCU not found: check if there is a RefParameter without a condition.
2026-01-10 15:00:35,058 [WARN] IP:2251 - WatchdogStartValueCCU not found: check if there is a RefParameter without a condition.
2026-01-10 15:00:35,065 [INFO] LogOutputStream:77 - [STDOUT_REDIRECT] Nominal 
2026-01-10 15:00:35,065 [INFO] Can:71 - Can Add PropertyChangeListener com.st.microxplorer.plugins.ip.can.Can@7b05f10e
2026-01-10 15:00:35,374 [INFO] CADModel:165 - CPN selected for project levelSTM32H743IIT6
2026-01-10 15:00:35,374 [INFO] CADModel:114 - Register for checkConnection events
2026-01-10 15:00:35,434 [INFO] OpenFileManager:363 - Restore cursor
2026-01-10 15:00:35,611 [WARN] IP:2251 - LayerIdx_L1 not found: check if there is a RefParameter without a condition.
2026-01-10 15:00:35,822 [WARN] IP:2251 - ClockDivider not found: check if there is a RefParameter without a condition.
2026-01-10 15:00:35,823 [WARN] IP:2251 - ClockDividerCCU not found: check if there is a RefParameter without a condition.
2026-01-10 15:00:35,823 [WARN] IP:2251 - MinOscClkPeriodsCCU not found: check if there is a RefParameter without a condition.
2026-01-10 15:00:35,823 [WARN] IP:2251 - TimeQuantaPerBitTimeCCU not found: check if there is a RefParameter without a condition.
2026-01-10 15:00:35,823 [WARN] IP:2251 - WatchdogStartValueCCU not found: check if there is a RefParameter without a condition.
2026-01-10 15:00:36,741 [INFO] UtilMem:75 - End SaveConfig() Used Memory: 911515528 Bytes (1073741824)
2026-01-10 15:00:36,860 [WARN] Context:821 - Trying to set MEMORYMAP twice on same context Cortex-M7NS
2026-01-10 15:00:36,885 [INFO] UtilMem:75 - End SaveConfig() Used Memory: 947165064 Bytes (1073741824)
2026-01-10 15:00:37,433 [INFO] BlockDiagram:2766 - set Specific Code input for plugin: LTDC
2026-01-10 15:00:37,434 [INFO] BlockDiagram:2766 - set Specific Code input for plugin: RCC
2026-01-10 15:00:37,434 [INFO] BlockDiagram:2766 - set Specific Code input for plugin: I2C
2026-01-10 15:00:37,434 [INFO] BlockDiagram:2766 - set Specific Code input for plugin: I2C
2026-01-10 15:00:37,434 [INFO] BlockDiagram:2766 - set Specific Code input for plugin: FMC
2026-01-10 15:00:37,434 [INFO] BlockDiagram:2766 - set Specific Code input for plugin: FDCAN
2026-01-10 15:00:37,434 [INFO] BlockDiagram:2766 - set Specific Code input for plugin: QUADSPI
2026-01-10 15:00:37,434 [INFO] BlockDiagram:2766 - set Specific Code input for plugin: MEMORYMAP
2026-01-10 15:00:37,434 [INFO] BlockDiagram:2766 - set Specific Code input for plugin: SYS
2026-01-10 15:00:37,434 [INFO] BlockDiagram:2766 - set Specific Code input for plugin: CRC
2026-01-10 15:00:37,435 [INFO] BlockDiagram:2766 - set Specific Code input for plugin: NVIC
2026-01-10 15:00:37,435 [INFO] BlockDiagram:2766 - set Specific Code input for plugin: DMA2D
2026-01-10 15:00:37,435 [INFO] BlockDiagram:2766 - set Specific Code input for plugin: CORTEX_M7
2026-01-10 15:00:37,435 [INFO] BlockDiagram:2766 - set Specific Code input for plugin: DEBUG
2026-01-10 15:00:37,437 [INFO] BlockDiagram:2766 - set Specific Code input for plugin: GPIO
2026-01-10 15:00:37,438 [INFO] CodeGenerator:896 - code generatio: config db path: C:\ST\STM32CubeIDE_1.17.0\STM32CubeIDE\plugins\com.st.stm32cube.common.mx_6.13.0.202411220809\\db\
2026-01-10 15:00:37,463 [WARN] IP:2251 - ClockDivider not found: check if there is a RefParameter without a condition.
2026-01-10 15:00:37,464 [WARN] IP:2251 - ClockDividerCCU not found: check if there is a RefParameter without a condition.
2026-01-10 15:00:37,464 [WARN] IP:2251 - MinOscClkPeriodsCCU not found: check if there is a RefParameter without a condition.
2026-01-10 15:00:37,465 [WARN] IP:2251 - TimeQuantaPerBitTimeCCU not found: check if there is a RefParameter without a condition.
2026-01-10 15:00:37,465 [WARN] IP:2251 - WatchdogStartValueCCU not found: check if there is a RefParameter without a condition.
2026-01-10 15:00:37,498 [WARN] IP:2251 - LayerIdx_L1 not found: check if there is a RefParameter without a condition.
2026-01-10 15:00:37,874 [INFO] CodeEngine:255 - oldGeneratedFile, C:\Users\kamil\STM32CubeIDE\workspace_1.17.0\Rower_elektryczny\MXTmpFiles\license.tmp_save
2026-01-10 15:00:38,252 [INFO] CodeEngine:279 - Generated code: C:\Users\kamil\STM32CubeIDE\workspace_1.17.0\Rower_elektryczny\MXTmpFiles\license.tmp
2026-01-10 15:00:38,519 [INFO] CodeEngine:255 - oldGeneratedFile, C:\Users\kamil\STM32CubeIDE\workspace_1.17.0\Rower_elektryczny\Core\Src\gpio.c_save
2026-01-10 15:00:38,688 [INFO] CodeEngine:279 - Generated code: C:\Users\kamil\STM32CubeIDE\workspace_1.17.0\Rower_elektryczny\Core\Src\gpio.c
2026-01-10 15:00:38,693 [INFO] CodeEngine:255 - oldGeneratedFile, C:\Users\kamil\STM32CubeIDE\workspace_1.17.0\Rower_elektryczny\Core\Inc\gpio.h_save
2026-01-10 15:00:38,777 [INFO] CodeEngine:279 - Generated code: C:\Users\kamil\STM32CubeIDE\workspace_1.17.0\Rower_elektryczny\Core\Inc\gpio.h
2026-01-10 15:00:39,194 [WARN] IPConfigManager:98 - WARNING: Missing Config File for DEBUG ip!!
2026-01-10 15:00:40,729 [WARN] IPConfigManager:98 - WARNING: Missing Config File for MEMORYMAP ip!!
2026-01-10 15:00:41,217 [INFO] CodeEngine:255 - oldGeneratedFile, C:\Users\kamil\STM32CubeIDE\workspace_1.17.0\Rower_elektryczny\MXTmpFiles\cortex.tmp_save
2026-01-10 15:00:41,338 [INFO] CodeEngine:279 - Generated code: C:\Users\kamil\STM32CubeIDE\workspace_1.17.0\Rower_elektryczny\MXTmpFiles\cortex.tmp
2026-01-10 15:00:41,352 [INFO] CodeEngine:255 - oldGeneratedFile, C:\Users\kamil\STM32CubeIDE\workspace_1.17.0\Rower_elektryczny\Core\Src\crc.c_save
2026-01-10 15:00:41,507 [INFO] CodeEngine:279 - Generated code: C:\Users\kamil\STM32CubeIDE\workspace_1.17.0\Rower_elektryczny\Core\Src\crc.c
2026-01-10 15:00:41,511 [INFO] CodeEngine:255 - oldGeneratedFile, C:\Users\kamil\STM32CubeIDE\workspace_1.17.0\Rower_elektryczny\Core\Inc\crc.h_save
2026-01-10 15:00:41,602 [INFO] CodeEngine:279 - Generated code: C:\Users\kamil\STM32CubeIDE\workspace_1.17.0\Rower_elektryczny\Core\Inc\crc.h
2026-01-10 15:00:41,616 [INFO] CodeEngine:255 - oldGeneratedFile, C:\Users\kamil\STM32CubeIDE\workspace_1.17.0\Rower_elektryczny\Core\Src\dma2d.c_save
2026-01-10 15:00:41,742 [INFO] CodeEngine:279 - Generated code: C:\Users\kamil\STM32CubeIDE\workspace_1.17.0\Rower_elektryczny\Core\Src\dma2d.c
2026-01-10 15:00:41,747 [INFO] CodeEngine:255 - oldGeneratedFile, C:\Users\kamil\STM32CubeIDE\workspace_1.17.0\Rower_elektryczny\Core\Inc\dma2d.h_save
2026-01-10 15:00:41,829 [INFO] CodeEngine:279 - Generated code: C:\Users\kamil\STM32CubeIDE\workspace_1.17.0\Rower_elektryczny\Core\Inc\dma2d.h
2026-01-10 15:00:41,841 [INFO] CodeEngine:255 - oldGeneratedFile, C:\Users\kamil\STM32CubeIDE\workspace_1.17.0\Rower_elektryczny\Core\Src\fdcan.c_save
2026-01-10 15:00:41,982 [INFO] CodeEngine:279 - Generated code: C:\Users\kamil\STM32CubeIDE\workspace_1.17.0\Rower_elektryczny\Core\Src\fdcan.c
2026-01-10 15:00:41,987 [INFO] CodeEngine:255 - oldGeneratedFile, C:\Users\kamil\STM32CubeIDE\workspace_1.17.0\Rower_elektryczny\Core\Inc\fdcan.h_save
2026-01-10 15:00:42,079 [INFO] CodeEngine:279 - Generated code: C:\Users\kamil\STM32CubeIDE\workspace_1.17.0\Rower_elektryczny\Core\Inc\fdcan.h
2026-01-10 15:00:42,097 [INFO] CodeEngine:255 - oldGeneratedFile, C:\Users\kamil\STM32CubeIDE\workspace_1.17.0\Rower_elektryczny\Core\Src\fmc.c_save
2026-01-10 15:00:42,266 [INFO] CodeEngine:279 - Generated code: C:\Users\kamil\STM32CubeIDE\workspace_1.17.0\Rower_elektryczny\Core\Src\fmc.c
2026-01-10 15:00:42,284 [INFO] CodeEngine:255 - oldGeneratedFile, C:\Users\kamil\STM32CubeIDE\workspace_1.17.0\Rower_elektryczny\Core\Inc\fmc.h_save
2026-01-10 15:00:42,382 [INFO] CodeEngine:279 - Generated code: C:\Users\kamil\STM32CubeIDE\workspace_1.17.0\Rower_elektryczny\Core\Inc\fmc.h
2026-01-10 15:00:42,398 [INFO] CodeEngine:255 - oldGeneratedFile, C:\Users\kamil\STM32CubeIDE\workspace_1.17.0\Rower_elektryczny\Core\Src\i2c.c_save
2026-01-10 15:00:42,553 [INFO] CodeEngine:279 - Generated code: C:\Users\kamil\STM32CubeIDE\workspace_1.17.0\Rower_elektryczny\Core\Src\i2c.c
2026-01-10 15:00:42,558 [INFO] CodeEngine:255 - oldGeneratedFile, C:\Users\kamil\STM32CubeIDE\workspace_1.17.0\Rower_elektryczny\Core\Inc\i2c.h_save
2026-01-10 15:00:42,641 [INFO] CodeEngine:279 - Generated code: C:\Users\kamil\STM32CubeIDE\workspace_1.17.0\Rower_elektryczny\Core\Inc\i2c.h
2026-01-10 15:00:42,652 [INFO] CodeEngine:255 - oldGeneratedFile, C:\Users\kamil\STM32CubeIDE\workspace_1.17.0\Rower_elektryczny\Core\Src\ltdc.c_save
2026-01-10 15:00:42,772 [INFO] CodeEngine:279 - Generated code: C:\Users\kamil\STM32CubeIDE\workspace_1.17.0\Rower_elektryczny\Core\Src\ltdc.c
2026-01-10 15:00:42,779 [INFO] CodeEngine:255 - oldGeneratedFile, C:\Users\kamil\STM32CubeIDE\workspace_1.17.0\Rower_elektryczny\Core\Inc\ltdc.h_save
2026-01-10 15:00:42,848 [INFO] CodeEngine:279 - Generated code: C:\Users\kamil\STM32CubeIDE\workspace_1.17.0\Rower_elektryczny\Core\Inc\ltdc.h
2026-01-10 15:00:42,864 [INFO] CodeEngine:255 - oldGeneratedFile, C:\Users\kamil\STM32CubeIDE\workspace_1.17.0\Rower_elektryczny\Core\Src\memorymap.c_save
2026-01-10 15:00:42,967 [INFO] CodeEngine:279 - Generated code: C:\Users\kamil\STM32CubeIDE\workspace_1.17.0\Rower_elektryczny\Core\Src\memorymap.c
2026-01-10 15:00:42,973 [INFO] CodeEngine:255 - oldGeneratedFile, C:\Users\kamil\STM32CubeIDE\workspace_1.17.0\Rower_elektryczny\Core\Inc\memorymap.h_save
2026-01-10 15:00:43,055 [INFO] CodeEngine:279 - Generated code: C:\Users\kamil\STM32CubeIDE\workspace_1.17.0\Rower_elektryczny\Core\Inc\memorymap.h
2026-01-10 15:00:43,071 [INFO] CodeEngine:255 - oldGeneratedFile, C:\Users\kamil\STM32CubeIDE\workspace_1.17.0\Rower_elektryczny\Core\Src\quadspi.c_save
2026-01-10 15:00:43,184 [INFO] CodeEngine:279 - Generated code: C:\Users\kamil\STM32CubeIDE\workspace_1.17.0\Rower_elektryczny\Core\Src\quadspi.c
2026-01-10 15:00:43,190 [INFO] CodeEngine:255 - oldGeneratedFile, C:\Users\kamil\STM32CubeIDE\workspace_1.17.0\Rower_elektryczny\Core\Inc\quadspi.h_save
2026-01-10 15:00:43,250 [INFO] CodeEngine:279 - Generated code: C:\Users\kamil\STM32CubeIDE\workspace_1.17.0\Rower_elektryczny\Core\Inc\quadspi.h
2026-01-10 15:00:43,274 [INFO] CodeEngine:255 - oldGeneratedFile, C:\Users\kamil\STM32CubeIDE\workspace_1.17.0\Rower_elektryczny\Core\Src\stm32h7xx_it.c_save
2026-01-10 15:00:43,428 [INFO] CodeEngine:279 - Generated code: C:\Users\kamil\STM32CubeIDE\workspace_1.17.0\Rower_elektryczny\Core\Src\stm32h7xx_it.c
2026-01-10 15:00:43,433 [INFO] CodeEngine:255 - oldGeneratedFile, C:\Users\kamil\STM32CubeIDE\workspace_1.17.0\Rower_elektryczny\Core\Inc\stm32h7xx_it.h_save
2026-01-10 15:00:43,507 [INFO] CodeEngine:279 - Generated code: C:\Users\kamil\STM32CubeIDE\workspace_1.17.0\Rower_elektryczny\Core\Inc\stm32h7xx_it.h
2026-01-10 15:00:43,856 [INFO] CodeEngine:255 - oldGeneratedFile, C:\Users\kamil\STM32CubeIDE\workspace_1.17.0\Rower_elektryczny\Core\Src\stm32h7xx_hal_msp.c_save
2026-01-10 15:00:44,002 [INFO] CodeEngine:279 - Generated code: C:\Users\kamil\STM32CubeIDE\workspace_1.17.0\Rower_elektryczny\Core\Src\stm32h7xx_hal_msp.c
2026-01-10 15:00:44,008 [INFO] CodeEngine:255 - oldGeneratedFile, C:\Users\kamil\STM32CubeIDE\workspace_1.17.0\Rower_elektryczny\MXTmpFiles\system.tmp_save
2026-01-10 15:00:44,069 [INFO] CodeEngine:279 - Generated code: C:\Users\kamil\STM32CubeIDE\workspace_1.17.0\Rower_elektryczny\MXTmpFiles\system.tmp
2026-01-10 15:00:44,087 [INFO] CodeEngine:311 - oldGeneratedFile, C:\Users\kamil\STM32CubeIDE\workspace_1.17.0\Rower_elektryczny\Core\Inc\stm32h7xx_hal_conf.h_save
2026-01-10 15:00:44,213 [INFO] CodeEngine:335 - Generated code: C:\Users\kamil\STM32CubeIDE\workspace_1.17.0\Rower_elektryczny\Core\Inc\stm32h7xx_hal_conf.h
2026-01-10 15:00:44,278 [INFO] ApiDbMcu:508 - Load IP Config File for CRC
2026-01-10 15:00:44,280 [INFO] ApiDbMcu:508 - Load IP Config File for DMA2D
2026-01-10 15:00:44,287 [INFO] ApiDbMcu:508 - Load IP Config File for FDCAN1
2026-01-10 15:00:44,292 [INFO] ApiDbMcu:508 - Load IP Config File for FMC
2026-01-10 15:00:44,295 [INFO] ApiDbMcu:508 - Load IP Config File for I2C2
2026-01-10 15:00:44,298 [INFO] ApiDbMcu:508 - Load IP Config File for I2C4
2026-01-10 15:00:44,300 [INFO] ApiDbMcu:508 - Load IP Config File for LTDC
2026-01-10 15:00:44,301 [ERROR] ApiDbMcu:464 - Can't load MEMORYMAP-STM32xx root dir null
2026-01-10 15:00:44,301 [ERROR] ApiDbMcu:536 - Cannot parse MEMORYMAP_Config file : file do not exist
2026-01-10 15:00:44,303 [INFO] ApiDbMcu:508 - Load IP Config File for QUADSPI
2026-01-10 15:00:44,306 [INFO] ApiDbMcu:508 - Load IP Config File for RCC
2026-01-10 15:00:44,317 [INFO] CodeEngine:255 - oldGeneratedFile, C:\Users\kamil\STM32CubeIDE\workspace_1.17.0\Rower_elektryczny\Core\Inc\main.h_save
2026-01-10 15:00:44,420 [INFO] CodeEngine:279 - Generated code: C:\Users\kamil\STM32CubeIDE\workspace_1.17.0\Rower_elektryczny\Core\Inc\main.h
2026-01-10 15:00:44,439 [INFO] CodeEngine:255 - oldGeneratedFile, C:\Users\kamil\STM32CubeIDE\workspace_1.17.0\Rower_elektryczny\Core\Src\main.c_save
2026-01-10 15:00:44,617 [INFO] CodeEngine:279 - Generated code: C:\Users\kamil\STM32CubeIDE\workspace_1.17.0\Rower_elektryczny\Core\Src\main.c
2026-01-10 15:00:45,031 [INFO] ProjectBuilder:3289 - Time for Copy HAL[1] : 283mS.
2026-01-10 15:00:45,048 [INFO] ProjectBuilder:4876 - Project Generator version: 4.5.0-RC5
2026-01-10 15:00:45,124 [INFO] ConfigFileManager:1579 - The Die is : DIE450
2026-01-10 15:00:45,129 [INFO] ApiDbMcu:508 - Load IP Config File for FATFS
2026-01-10 15:00:45,134 [INFO] ApiDbMcu:508 - Load IP Config File for FREERTOS
2026-01-10 15:00:45,136 [INFO] ApiDbMcu:508 - Load IP Config File for LIBJPEG
2026-01-10 15:00:45,141 [INFO] ApiDbMcu:508 - Load IP Config File for LWIP
2026-01-10 15:00:45,145 [INFO] ApiDbMcu:508 - Load IP Config File for MBEDTLS
2026-01-10 15:00:45,154 [INFO] ApiDbMcu:508 - Load IP Config File for USB_DEVICE
2026-01-10 15:00:45,157 [INFO] ApiDbMcu:508 - Load IP Config File for USB_HOST
2026-01-10 15:00:45,609 [INFO] LogOutputStream:77 - [STDOUT_REDIRECT] 
2026-01-10 15:00:49,425 [INFO] ProjectBuilder:5154 - Time for Generating toolchain IDE Files: 4377mS.
2026-01-10 15:00:49,426 [INFO] ProjectBuilder:3146 - Time for Copy CMSIS : 1mS.
2026-01-10 15:00:49,429 [INFO] ProjectBuilder:3146 - Time for Copy CMSIS : 0mS.
2026-01-10 15:00:50,277 [INFO] McuFinderGlobals:76 - Set McuFinderConnectedMode to true
2026-01-10 15:00:50,679 [INFO] ApiDb:448 - Save user favorites file C:\Users\kamil/.stm32cubeide/favorites.mcus.txt: 1 item(s)
2026-01-10 15:00:50,680 [INFO] ApiDb:452 - User favorites MCUs=[STM32H743IIT6]
2026-01-10 15:01:03,344 [INFO] UtilMem:75 - End SaveConfig() Used Memory: 1009789496 Bytes (1073741824)
2026-01-10 15:01:03,718 [INFO] BlockDiagram:2766 - set Specific Code input for plugin: LTDC
2026-01-10 15:01:03,718 [INFO] BlockDiagram:2766 - set Specific Code input for plugin: RCC
2026-01-10 15:01:03,718 [INFO] BlockDiagram:2766 - set Specific Code input for plugin: I2C
2026-01-10 15:01:03,718 [INFO] BlockDiagram:2766 - set Specific Code input for plugin: I2C
2026-01-10 15:01:03,718 [INFO] BlockDiagram:2766 - set Specific Code input for plugin: FMC
2026-01-10 15:01:03,718 [INFO] BlockDiagram:2766 - set Specific Code input for plugin: FDCAN
2026-01-10 15:01:03,718 [INFO] BlockDiagram:2766 - set Specific Code input for plugin: QUADSPI
2026-01-10 15:01:03,718 [INFO] BlockDiagram:2766 - set Specific Code input for plugin: MEMORYMAP
2026-01-10 15:01:03,718 [INFO] BlockDiagram:2766 - set Specific Code input for plugin: SYS
2026-01-10 15:01:03,718 [INFO] BlockDiagram:2766 - set Specific Code input for plugin: CRC
2026-01-10 15:01:03,718 [INFO] BlockDiagram:2766 - set Specific Code input for plugin: NVIC
2026-01-10 15:01:03,719 [INFO] BlockDiagram:2766 - set Specific Code input for plugin: DMA2D
2026-01-10 15:01:03,719 [INFO] BlockDiagram:2766 - set Specific Code input for plugin: CORTEX_M7
2026-01-10 15:01:03,719 [INFO] BlockDiagram:2766 - set Specific Code input for plugin: DEBUG
2026-01-10 15:01:03,721 [INFO] BlockDiagram:2766 - set Specific Code input for plugin: GPIO
2026-01-10 15:01:03,723 [INFO] CodeGenerator:896 - code generatio: config db path: C:\ST\STM32CubeIDE_1.17.0\STM32CubeIDE\plugins\com.st.stm32cube.common.mx_6.13.0.202411220809\\db\
2026-01-10 15:01:03,737 [WARN] IP:2251 - ClockDivider not found: check if there is a RefParameter without a condition.
2026-01-10 15:01:03,737 [WARN] IP:2251 - ClockDividerCCU not found: check if there is a RefParameter without a condition.
2026-01-10 15:01:03,737 [WARN] IP:2251 - MinOscClkPeriodsCCU not found: check if there is a RefParameter without a condition.
2026-01-10 15:01:03,737 [WARN] IP:2251 - TimeQuantaPerBitTimeCCU not found: check if there is a RefParameter without a condition.
2026-01-10 15:01:03,737 [WARN] IP:2251 - WatchdogStartValueCCU not found: check if there is a RefParameter without a condition.
2026-01-10 15:01:03,749 [WARN] IP:2251 - LayerIdx_L1 not found: check if there is a RefParameter without a condition.
2026-01-10 15:01:03,867 [INFO] CodeEngine:255 - oldGeneratedFile, C:\Users\kamil\STM32CubeIDE\workspace_1.17.0\Rower_elektryczny\MXTmpFiles\license.tmp_save
2026-01-10 15:01:03,951 [INFO] CodeEngine:279 - Generated code: C:\Users\kamil\STM32CubeIDE\workspace_1.17.0\Rower_elektryczny\MXTmpFiles\license.tmp
2026-01-10 15:01:04,133 [INFO] CodeEngine:255 - oldGeneratedFile, C:\Users\kamil\STM32CubeIDE\workspace_1.17.0\Rower_elektryczny\Core\Src\gpio.c_save
2026-01-10 15:01:04,197 [INFO] CodeEngine:279 - Generated code: C:\Users\kamil\STM32CubeIDE\workspace_1.17.0\Rower_elektryczny\Core\Src\gpio.c
2026-01-10 15:01:04,204 [INFO] CodeEngine:255 - oldGeneratedFile, C:\Users\kamil\STM32CubeIDE\workspace_1.17.0\Rower_elektryczny\Core\Inc\gpio.h_save
2026-01-10 15:01:04,258 [INFO] CodeEngine:279 - Generated code: C:\Users\kamil\STM32CubeIDE\workspace_1.17.0\Rower_elektryczny\Core\Inc\gpio.h
2026-01-10 15:01:04,642 [WARN] IPConfigManager:98 - WARNING: Missing Config File for DEBUG ip!!
2026-01-10 15:01:06,026 [WARN] IPConfigManager:98 - WARNING: Missing Config File for MEMORYMAP ip!!
2026-01-10 15:01:06,638 [INFO] CodeEngine:255 - oldGeneratedFile, C:\Users\kamil\STM32CubeIDE\workspace_1.17.0\Rower_elektryczny\MXTmpFiles\cortex.tmp_save
2026-01-10 15:01:06,723 [INFO] CodeEngine:279 - Generated code: C:\Users\kamil\STM32CubeIDE\workspace_1.17.0\Rower_elektryczny\MXTmpFiles\cortex.tmp
2026-01-10 15:01:06,747 [INFO] CodeEngine:255 - oldGeneratedFile, C:\Users\kamil\STM32CubeIDE\workspace_1.17.0\Rower_elektryczny\Core\Src\crc.c_save
2026-01-10 15:01:06,822 [INFO] CodeEngine:279 - Generated code: C:\Users\kamil\STM32CubeIDE\workspace_1.17.0\Rower_elektryczny\Core\Src\crc.c
2026-01-10 15:01:06,829 [INFO] CodeEngine:255 - oldGeneratedFile, C:\Users\kamil\STM32CubeIDE\workspace_1.17.0\Rower_elektryczny\Core\Inc\crc.h_save
2026-01-10 15:01:06,905 [INFO] CodeEngine:279 - Generated code: C:\Users\kamil\STM32CubeIDE\workspace_1.17.0\Rower_elektryczny\Core\Inc\crc.h
2026-01-10 15:01:06,948 [INFO] CodeEngine:255 - oldGeneratedFile, C:\Users\kamil\STM32CubeIDE\workspace_1.17.0\Rower_elektryczny\Core\Src\dma2d.c_save
2026-01-10 15:01:07,040 [INFO] CodeEngine:279 - Generated code: C:\Users\kamil\STM32CubeIDE\workspace_1.17.0\Rower_elektryczny\Core\Src\dma2d.c
2026-01-10 15:01:07,048 [INFO] CodeEngine:255 - oldGeneratedFile, C:\Users\kamil\STM32CubeIDE\workspace_1.17.0\Rower_elektryczny\Core\Inc\dma2d.h_save
2026-01-10 15:01:07,151 [INFO] CodeEngine:279 - Generated code: C:\Users\kamil\STM32CubeIDE\workspace_1.17.0\Rower_elektryczny\Core\Inc\dma2d.h
2026-01-10 15:01:07,186 [INFO] CodeEngine:255 - oldGeneratedFile, C:\Users\kamil\STM32CubeIDE\workspace_1.17.0\Rower_elektryczny\Core\Src\fdcan.c_save
2026-01-10 15:01:07,262 [INFO] CodeEngine:279 - Generated code: C:\Users\kamil\STM32CubeIDE\workspace_1.17.0\Rower_elektryczny\Core\Src\fdcan.c
2026-01-10 15:01:07,269 [INFO] CodeEngine:255 - oldGeneratedFile, C:\Users\kamil\STM32CubeIDE\workspace_1.17.0\Rower_elektryczny\Core\Inc\fdcan.h_save
2026-01-10 15:01:07,335 [INFO] CodeEngine:279 - Generated code: C:\Users\kamil\STM32CubeIDE\workspace_1.17.0\Rower_elektryczny\Core\Inc\fdcan.h
2026-01-10 15:01:07,363 [INFO] CodeEngine:255 - oldGeneratedFile, C:\Users\kamil\STM32CubeIDE\workspace_1.17.0\Rower_elektryczny\Core\Src\fmc.c_save
2026-01-10 15:01:07,485 [INFO] CodeEngine:279 - Generated code: C:\Users\kamil\STM32CubeIDE\workspace_1.17.0\Rower_elektryczny\Core\Src\fmc.c
2026-01-10 15:01:07,492 [INFO] CodeEngine:255 - oldGeneratedFile, C:\Users\kamil\STM32CubeIDE\workspace_1.17.0\Rower_elektryczny\Core\Inc\fmc.h_save
2026-01-10 15:01:07,567 [INFO] CodeEngine:279 - Generated code: C:\Users\kamil\STM32CubeIDE\workspace_1.17.0\Rower_elektryczny\Core\Inc\fmc.h
2026-01-10 15:01:07,607 [INFO] CodeEngine:255 - oldGeneratedFile, C:\Users\kamil\STM32CubeIDE\workspace_1.17.0\Rower_elektryczny\Core\Src\i2c.c_save
2026-01-10 15:01:07,690 [INFO] CodeEngine:279 - Generated code: C:\Users\kamil\STM32CubeIDE\workspace_1.17.0\Rower_elektryczny\Core\Src\i2c.c
2026-01-10 15:01:07,695 [INFO] CodeEngine:255 - oldGeneratedFile, C:\Users\kamil\STM32CubeIDE\workspace_1.17.0\Rower_elektryczny\Core\Inc\i2c.h_save
2026-01-10 15:01:07,758 [INFO] CodeEngine:279 - Generated code: C:\Users\kamil\STM32CubeIDE\workspace_1.17.0\Rower_elektryczny\Core\Inc\i2c.h
2026-01-10 15:01:07,791 [INFO] CodeEngine:255 - oldGeneratedFile, C:\Users\kamil\STM32CubeIDE\workspace_1.17.0\Rower_elektryczny\Core\Src\ltdc.c_save
2026-01-10 15:01:07,868 [INFO] CodeEngine:279 - Generated code: C:\Users\kamil\STM32CubeIDE\workspace_1.17.0\Rower_elektryczny\Core\Src\ltdc.c
2026-01-10 15:01:07,875 [INFO] CodeEngine:255 - oldGeneratedFile, C:\Users\kamil\STM32CubeIDE\workspace_1.17.0\Rower_elektryczny\Core\Inc\ltdc.h_save
2026-01-10 15:01:07,955 [INFO] CodeEngine:279 - Generated code: C:\Users\kamil\STM32CubeIDE\workspace_1.17.0\Rower_elektryczny\Core\Inc\ltdc.h
2026-01-10 15:01:07,988 [INFO] CodeEngine:255 - oldGeneratedFile, C:\Users\kamil\STM32CubeIDE\workspace_1.17.0\Rower_elektryczny\Core\Src\memorymap.c_save
2026-01-10 15:01:08,057 [INFO] CodeEngine:279 - Generated code: C:\Users\kamil\STM32CubeIDE\workspace_1.17.0\Rower_elektryczny\Core\Src\memorymap.c
2026-01-10 15:01:08,064 [INFO] CodeEngine:255 - oldGeneratedFile, C:\Users\kamil\STM32CubeIDE\workspace_1.17.0\Rower_elektryczny\Core\Inc\memorymap.h_save
2026-01-10 15:01:08,117 [INFO] CodeEngine:279 - Generated code: C:\Users\kamil\STM32CubeIDE\workspace_1.17.0\Rower_elektryczny\Core\Inc\memorymap.h
2026-01-10 15:01:08,144 [INFO] CodeEngine:255 - oldGeneratedFile, C:\Users\kamil\STM32CubeIDE\workspace_1.17.0\Rower_elektryczny\Core\Src\quadspi.c_save
2026-01-10 15:01:08,221 [INFO] CodeEngine:279 - Generated code: C:\Users\kamil\STM32CubeIDE\workspace_1.17.0\Rower_elektryczny\Core\Src\quadspi.c
2026-01-10 15:01:08,228 [INFO] CodeEngine:255 - oldGeneratedFile, C:\Users\kamil\STM32CubeIDE\workspace_1.17.0\Rower_elektryczny\Core\Inc\quadspi.h_save
2026-01-10 15:01:08,285 [INFO] CodeEngine:279 - Generated code: C:\Users\kamil\STM32CubeIDE\workspace_1.17.0\Rower_elektryczny\Core\Inc\quadspi.h
2026-01-10 15:01:08,341 [INFO] CodeEngine:255 - oldGeneratedFile, C:\Users\kamil\STM32CubeIDE\workspace_1.17.0\Rower_elektryczny\Core\Src\stm32h7xx_it.c_save
2026-01-10 15:01:08,416 [INFO] CodeEngine:279 - Generated code: C:\Users\kamil\STM32CubeIDE\workspace_1.17.0\Rower_elektryczny\Core\Src\stm32h7xx_it.c
2026-01-10 15:01:08,424 [INFO] CodeEngine:255 - oldGeneratedFile, C:\Users\kamil\STM32CubeIDE\workspace_1.17.0\Rower_elektryczny\Core\Inc\stm32h7xx_it.h_save
2026-01-10 15:01:08,503 [INFO] CodeEngine:279 - Generated code: C:\Users\kamil\STM32CubeIDE\workspace_1.17.0\Rower_elektryczny\Core\Inc\stm32h7xx_it.h
2026-01-10 15:01:08,942 [INFO] CodeEngine:255 - oldGeneratedFile, C:\Users\kamil\STM32CubeIDE\workspace_1.17.0\Rower_elektryczny\Core\Src\stm32h7xx_hal_msp.c_save
2026-01-10 15:01:09,059 [INFO] CodeEngine:279 - Generated code: C:\Users\kamil\STM32CubeIDE\workspace_1.17.0\Rower_elektryczny\Core\Src\stm32h7xx_hal_msp.c
2026-01-10 15:01:09,065 [INFO] CodeEngine:255 - oldGeneratedFile, C:\Users\kamil\STM32CubeIDE\workspace_1.17.0\Rower_elektryczny\MXTmpFiles\system.tmp_save
2026-01-10 15:01:09,124 [INFO] CodeEngine:279 - Generated code: C:\Users\kamil\STM32CubeIDE\workspace_1.17.0\Rower_elektryczny\MXTmpFiles\system.tmp
2026-01-10 15:01:09,159 [INFO] CodeEngine:311 - oldGeneratedFile, C:\Users\kamil\STM32CubeIDE\workspace_1.17.0\Rower_elektryczny\Core\Inc\stm32h7xx_hal_conf.h_save
2026-01-10 15:01:09,280 [INFO] CodeEngine:335 - Generated code: C:\Users\kamil\STM32CubeIDE\workspace_1.17.0\Rower_elektryczny\Core\Inc\stm32h7xx_hal_conf.h
2026-01-10 15:01:09,340 [ERROR] ApiDbMcu:464 - Can't load MEMORYMAP-STM32xx root dir null
2026-01-10 15:01:09,340 [ERROR] ApiDbMcu:536 - Cannot parse MEMORYMAP_Config file : file do not exist
2026-01-10 15:01:09,366 [INFO] CodeEngine:255 - oldGeneratedFile, C:\Users\kamil\STM32CubeIDE\workspace_1.17.0\Rower_elektryczny\Core\Inc\main.h_save
2026-01-10 15:01:09,457 [INFO] CodeEngine:279 - Generated code: C:\Users\kamil\STM32CubeIDE\workspace_1.17.0\Rower_elektryczny\Core\Inc\main.h
2026-01-10 15:01:09,481 [INFO] CodeEngine:255 - oldGeneratedFile, C:\Users\kamil\STM32CubeIDE\workspace_1.17.0\Rower_elektryczny\Core\Src\main.c_save
2026-01-10 15:01:09,568 [INFO] CodeEngine:279 - Generated code: C:\Users\kamil\STM32CubeIDE\workspace_1.17.0\Rower_elektryczny\Core\Src\main.c
2026-01-10 15:01:09,952 [INFO] ProjectBuilder:3289 - Time for Copy HAL[1] : 264mS.
2026-01-10 15:01:09,959 [INFO] ProjectBuilder:4876 - Project Generator version: 4.5.0-RC5
2026-01-10 15:01:10,031 [INFO] ConfigFileManager:1579 - The Die is : DIE450
2026-01-10 15:01:11,051 [INFO] ProjectBuilder:5154 - Time for Generating toolchain IDE Files: 1092mS.
2026-01-10 15:01:11,052 [INFO] ProjectBuilder:3146 - Time for Copy CMSIS : 0mS.
2026-01-10 15:01:11,057 [INFO] ProjectBuilder:3146 - Time for Copy CMSIS : 0mS.
2026-01-10 15:21:28,294 [INFO] I2cTimingTraitement:330 - 0x00000E14
2026-01-10 15:23:08,187 [INFO] NvicIntPanel:101 - NVIC parent = com.st.microxplorer.plugins.ip.nvic.MultiNvicIntPanel[,0,0,0x0,invalid,layout=javax.swing.BoxLayout,alignmentX=0.0,alignmentY=0.0,border=,flags=9,maximumSize=,minimumSize=,preferredSize=]
2026-01-10 15:23:08,288 [INFO] I2cTimingTraitement:330 - 0x00000F3B
2026-01-10 15:23:08,430 [INFO] NvicIntPanel:101 - NVIC parent = com.st.microxplorer.plugins.ip.nvic.MultiNvicIntPanel[,0,0,0x0,invalid,layout=javax.swing.BoxLayout,alignmentX=0.0,alignmentY=0.0,border=,flags=9,maximumSize=,minimumSize=,preferredSize=]
2026-01-10 15:23:36,061 [INFO] UtilMem:75 - End SaveConfig() Used Memory: 855163352 Bytes (1073741824)
2026-01-10 15:23:38,196 [INFO] UtilMem:75 - End SaveConfig() Used Memory: 988332616 Bytes (1073741824)
2026-01-10 15:23:38,831 [INFO] BlockDiagram:2766 - set Specific Code input for plugin: LTDC
2026-01-10 15:23:38,831 [INFO] BlockDiagram:2766 - set Specific Code input for plugin: RCC
2026-01-10 15:23:38,831 [INFO] BlockDiagram:2766 - set Specific Code input for plugin: I2C
2026-01-10 15:23:38,833 [INFO] BlockDiagram:2766 - set Specific Code input for plugin: I2C
2026-01-10 15:23:38,833 [INFO] BlockDiagram:2766 - set Specific Code input for plugin: FMC
2026-01-10 15:23:38,833 [INFO] BlockDiagram:2766 - set Specific Code input for plugin: FDCAN
2026-01-10 15:23:38,833 [INFO] BlockDiagram:2766 - set Specific Code input for plugin: QUADSPI
2026-01-10 15:23:38,833 [INFO] BlockDiagram:2766 - set Specific Code input for plugin: MEMORYMAP
2026-01-10 15:23:38,833 [INFO] BlockDiagram:2766 - set Specific Code input for plugin: SYS
2026-01-10 15:23:38,833 [INFO] BlockDiagram:2766 - set Specific Code input for plugin: CRC
2026-01-10 15:23:38,833 [INFO] BlockDiagram:2766 - set Specific Code input for plugin: NVIC
2026-01-10 15:23:38,833 [INFO] BlockDiagram:2766 - set Specific Code input for plugin: DMA2D
2026-01-10 15:23:38,833 [INFO] BlockDiagram:2766 - set Specific Code input for plugin: CORTEX_M7
2026-01-10 15:23:38,833 [INFO] BlockDiagram:2766 - set Specific Code input for plugin: DEBUG
2026-01-10 15:23:38,834 [INFO] BlockDiagram:2766 - set Specific Code input for plugin: GPIO
2026-01-10 15:23:38,835 [INFO] CodeGenerator:896 - code generatio: config db path: C:\ST\STM32CubeIDE_1.17.0\STM32CubeIDE\plugins\com.st.stm32cube.common.mx_6.13.0.202411220809\\db\
2026-01-10 15:23:38,848 [WARN] IP:2251 - ClockDivider not found: check if there is a RefParameter without a condition.
2026-01-10 15:23:38,848 [WARN] IP:2251 - ClockDividerCCU not found: check if there is a RefParameter without a condition.
2026-01-10 15:23:38,848 [WARN] IP:2251 - MinOscClkPeriodsCCU not found: check if there is a RefParameter without a condition.
2026-01-10 15:23:38,849 [WARN] IP:2251 - TimeQuantaPerBitTimeCCU not found: check if there is a RefParameter without a condition.
2026-01-10 15:23:38,849 [WARN] IP:2251 - WatchdogStartValueCCU not found: check if there is a RefParameter without a condition.
2026-01-10 15:23:38,859 [WARN] IP:2251 - LayerIdx_L1 not found: check if there is a RefParameter without a condition.
2026-01-10 15:23:39,108 [INFO] CodeEngine:255 - oldGeneratedFile, C:\Users\kamil\STM32CubeIDE\workspace_1.17.0\Rower_elektryczny\MXTmpFiles\license.tmp_save
2026-01-10 15:23:39,364 [INFO] CodeEngine:279 - Generated code: C:\Users\kamil\STM32CubeIDE\workspace_1.17.0\Rower_elektryczny\MXTmpFiles\license.tmp
2026-01-10 15:23:39,642 [INFO] CodeEngine:255 - oldGeneratedFile, C:\Users\kamil\STM32CubeIDE\workspace_1.17.0\Rower_elektryczny\Core\Src\gpio.c_save
2026-01-10 15:23:39,764 [INFO] CodeEngine:279 - Generated code: C:\Users\kamil\STM32CubeIDE\workspace_1.17.0\Rower_elektryczny\Core\Src\gpio.c
2026-01-10 15:23:39,777 [INFO] CodeEngine:255 - oldGeneratedFile, C:\Users\kamil\STM32CubeIDE\workspace_1.17.0\Rower_elektryczny\Core\Inc\gpio.h_save
2026-01-10 15:23:39,860 [INFO] CodeEngine:279 - Generated code: C:\Users\kamil\STM32CubeIDE\workspace_1.17.0\Rower_elektryczny\Core\Inc\gpio.h
2026-01-10 15:23:40,211 [WARN] IPConfigManager:98 - WARNING: Missing Config File for DEBUG ip!!
2026-01-10 15:23:41,576 [WARN] IPConfigManager:98 - WARNING: Missing Config File for MEMORYMAP ip!!
2026-01-10 15:23:42,137 [INFO] CodeEngine:255 - oldGeneratedFile, C:\Users\kamil\STM32CubeIDE\workspace_1.17.0\Rower_elektryczny\MXTmpFiles\cortex.tmp_save
2026-01-10 15:23:42,288 [INFO] CodeEngine:279 - Generated code: C:\Users\kamil\STM32CubeIDE\workspace_1.17.0\Rower_elektryczny\MXTmpFiles\cortex.tmp
2026-01-10 15:23:42,329 [INFO] CodeEngine:255 - oldGeneratedFile, C:\Users\kamil\STM32CubeIDE\workspace_1.17.0\Rower_elektryczny\Core\Src\crc.c_save
2026-01-10 15:23:42,466 [INFO] CodeEngine:279 - Generated code: C:\Users\kamil\STM32CubeIDE\workspace_1.17.0\Rower_elektryczny\Core\Src\crc.c
2026-01-10 15:23:42,474 [INFO] CodeEngine:255 - oldGeneratedFile, C:\Users\kamil\STM32CubeIDE\workspace_1.17.0\Rower_elektryczny\Core\Inc\crc.h_save
2026-01-10 15:23:42,550 [INFO] CodeEngine:279 - Generated code: C:\Users\kamil\STM32CubeIDE\workspace_1.17.0\Rower_elektryczny\Core\Inc\crc.h
2026-01-10 15:23:42,576 [INFO] CodeEngine:255 - oldGeneratedFile, C:\Users\kamil\STM32CubeIDE\workspace_1.17.0\Rower_elektryczny\Core\Src\dma2d.c_save
2026-01-10 15:23:42,667 [INFO] CodeEngine:279 - Generated code: C:\Users\kamil\STM32CubeIDE\workspace_1.17.0\Rower_elektryczny\Core\Src\dma2d.c
2026-01-10 15:23:42,675 [INFO] CodeEngine:255 - oldGeneratedFile, C:\Users\kamil\STM32CubeIDE\workspace_1.17.0\Rower_elektryczny\Core\Inc\dma2d.h_save
2026-01-10 15:23:42,739 [INFO] CodeEngine:279 - Generated code: C:\Users\kamil\STM32CubeIDE\workspace_1.17.0\Rower_elektryczny\Core\Inc\dma2d.h
2026-01-10 15:23:42,769 [INFO] CodeEngine:255 - oldGeneratedFile, C:\Users\kamil\STM32CubeIDE\workspace_1.17.0\Rower_elektryczny\Core\Src\fdcan.c_save
2026-01-10 15:23:42,866 [INFO] CodeEngine:279 - Generated code: C:\Users\kamil\STM32CubeIDE\workspace_1.17.0\Rower_elektryczny\Core\Src\fdcan.c
2026-01-10 15:23:42,878 [INFO] CodeEngine:255 - oldGeneratedFile, C:\Users\kamil\STM32CubeIDE\workspace_1.17.0\Rower_elektryczny\Core\Inc\fdcan.h_save
2026-01-10 15:23:42,967 [INFO] CodeEngine:279 - Generated code: C:\Users\kamil\STM32CubeIDE\workspace_1.17.0\Rower_elektryczny\Core\Inc\fdcan.h
2026-01-10 15:23:42,998 [INFO] CodeEngine:255 - oldGeneratedFile, C:\Users\kamil\STM32CubeIDE\workspace_1.17.0\Rower_elektryczny\Core\Src\fmc.c_save
2026-01-10 15:23:43,136 [INFO] CodeEngine:279 - Generated code: C:\Users\kamil\STM32CubeIDE\workspace_1.17.0\Rower_elektryczny\Core\Src\fmc.c
2026-01-10 15:23:43,162 [INFO] CodeEngine:255 - oldGeneratedFile, C:\Users\kamil\STM32CubeIDE\workspace_1.17.0\Rower_elektryczny\Core\Inc\fmc.h_save
2026-01-10 15:23:43,243 [INFO] CodeEngine:279 - Generated code: C:\Users\kamil\STM32CubeIDE\workspace_1.17.0\Rower_elektryczny\Core\Inc\fmc.h
2026-01-10 15:23:43,279 [INFO] CodeEngine:255 - oldGeneratedFile, C:\Users\kamil\STM32CubeIDE\workspace_1.17.0\Rower_elektryczny\Core\Src\i2c.c_save
2026-01-10 15:23:43,407 [INFO] CodeEngine:279 - Generated code: C:\Users\kamil\STM32CubeIDE\workspace_1.17.0\Rower_elektryczny\Core\Src\i2c.c
2026-01-10 15:23:43,414 [INFO] CodeEngine:255 - oldGeneratedFile, C:\Users\kamil\STM32CubeIDE\workspace_1.17.0\Rower_elektryczny\Core\Inc\i2c.h_save
2026-01-10 15:23:43,499 [INFO] CodeEngine:279 - Generated code: C:\Users\kamil\STM32CubeIDE\workspace_1.17.0\Rower_elektryczny\Core\Inc\i2c.h
2026-01-10 15:23:43,525 [INFO] CodeEngine:255 - oldGeneratedFile, C:\Users\kamil\STM32CubeIDE\workspace_1.17.0\Rower_elektryczny\Core\Src\ltdc.c_save
2026-01-10 15:23:43,603 [INFO] CodeEngine:279 - Generated code: C:\Users\kamil\STM32CubeIDE\workspace_1.17.0\Rower_elektryczny\Core\Src\ltdc.c
2026-01-10 15:23:43,611 [INFO] CodeEngine:255 - oldGeneratedFile, C:\Users\kamil\STM32CubeIDE\workspace_1.17.0\Rower_elektryczny\Core\Inc\ltdc.h_save
2026-01-10 15:23:43,672 [INFO] CodeEngine:279 - Generated code: C:\Users\kamil\STM32CubeIDE\workspace_1.17.0\Rower_elektryczny\Core\Inc\ltdc.h
2026-01-10 15:23:43,703 [INFO] CodeEngine:255 - oldGeneratedFile, C:\Users\kamil\STM32CubeIDE\workspace_1.17.0\Rower_elektryczny\Core\Src\memorymap.c_save
2026-01-10 15:23:43,775 [INFO] CodeEngine:279 - Generated code: C:\Users\kamil\STM32CubeIDE\workspace_1.17.0\Rower_elektryczny\Core\Src\memorymap.c
2026-01-10 15:23:43,782 [INFO] CodeEngine:255 - oldGeneratedFile, C:\Users\kamil\STM32CubeIDE\workspace_1.17.0\Rower_elektryczny\Core\Inc\memorymap.h_save
2026-01-10 15:23:43,861 [INFO] CodeEngine:279 - Generated code: C:\Users\kamil\STM32CubeIDE\workspace_1.17.0\Rower_elektryczny\Core\Inc\memorymap.h
2026-01-10 15:23:43,887 [INFO] CodeEngine:255 - oldGeneratedFile, C:\Users\kamil\STM32CubeIDE\workspace_1.17.0\Rower_elektryczny\Core\Src\quadspi.c_save
2026-01-10 15:23:43,982 [INFO] CodeEngine:279 - Generated code: C:\Users\kamil\STM32CubeIDE\workspace_1.17.0\Rower_elektryczny\Core\Src\quadspi.c
2026-01-10 15:23:43,991 [INFO] CodeEngine:255 - oldGeneratedFile, C:\Users\kamil\STM32CubeIDE\workspace_1.17.0\Rower_elektryczny\Core\Inc\quadspi.h_save
2026-01-10 15:23:44,064 [INFO] CodeEngine:279 - Generated code: C:\Users\kamil\STM32CubeIDE\workspace_1.17.0\Rower_elektryczny\Core\Inc\quadspi.h
2026-01-10 15:23:44,119 [INFO] CodeEngine:255 - oldGeneratedFile, C:\Users\kamil\STM32CubeIDE\workspace_1.17.0\Rower_elektryczny\Core\Src\stm32h7xx_it.c_save
2026-01-10 15:23:44,283 [INFO] CodeEngine:279 - Generated code: C:\Users\kamil\STM32CubeIDE\workspace_1.17.0\Rower_elektryczny\Core\Src\stm32h7xx_it.c
2026-01-10 15:23:44,290 [INFO] CodeEngine:255 - oldGeneratedFile, C:\Users\kamil\STM32CubeIDE\workspace_1.17.0\Rower_elektryczny\Core\Inc\stm32h7xx_it.h_save
2026-01-10 15:23:44,343 [INFO] CodeEngine:279 - Generated code: C:\Users\kamil\STM32CubeIDE\workspace_1.17.0\Rower_elektryczny\Core\Inc\stm32h7xx_it.h
2026-01-10 15:23:44,718 [INFO] CodeEngine:255 - oldGeneratedFile, C:\Users\kamil\STM32CubeIDE\workspace_1.17.0\Rower_elektryczny\Core\Src\stm32h7xx_hal_msp.c_save
2026-01-10 15:23:44,812 [INFO] CodeEngine:279 - Generated code: C:\Users\kamil\STM32CubeIDE\workspace_1.17.0\Rower_elektryczny\Core\Src\stm32h7xx_hal_msp.c
2026-01-10 15:23:44,816 [INFO] CodeEngine:255 - oldGeneratedFile, C:\Users\kamil\STM32CubeIDE\workspace_1.17.0\Rower_elektryczny\MXTmpFiles\system.tmp_save
2026-01-10 15:23:44,870 [INFO] CodeEngine:279 - Generated code: C:\Users\kamil\STM32CubeIDE\workspace_1.17.0\Rower_elektryczny\MXTmpFiles\system.tmp
2026-01-10 15:23:44,922 [INFO] CodeEngine:311 - oldGeneratedFile, C:\Users\kamil\STM32CubeIDE\workspace_1.17.0\Rower_elektryczny\Core\Inc\stm32h7xx_hal_conf.h_save
2026-01-10 15:23:45,043 [INFO] CodeEngine:335 - Generated code: C:\Users\kamil\STM32CubeIDE\workspace_1.17.0\Rower_elektryczny\Core\Inc\stm32h7xx_hal_conf.h
2026-01-10 15:23:45,092 [ERROR] ApiDbMcu:464 - Can't load MEMORYMAP-STM32xx root dir null
2026-01-10 15:23:45,092 [ERROR] ApiDbMcu:536 - Cannot parse MEMORYMAP_Config file : file do not exist
2026-01-10 15:23:45,130 [INFO] CodeEngine:255 - oldGeneratedFile, C:\Users\kamil\STM32CubeIDE\workspace_1.17.0\Rower_elektryczny\Core\Inc\main.h_save
2026-01-10 15:23:45,283 [INFO] CodeEngine:279 - Generated code: C:\Users\kamil\STM32CubeIDE\workspace_1.17.0\Rower_elektryczny\Core\Inc\main.h
2026-01-10 15:23:45,310 [INFO] CodeEngine:255 - oldGeneratedFile, C:\Users\kamil\STM32CubeIDE\workspace_1.17.0\Rower_elektryczny\Core\Src\main.c_save
2026-01-10 15:23:45,458 [INFO] CodeEngine:279 - Generated code: C:\Users\kamil\STM32CubeIDE\workspace_1.17.0\Rower_elektryczny\Core\Src\main.c
2026-01-10 15:23:45,994 [INFO] ProjectBuilder:3289 - Time for Copy HAL[1] : 371mS.
2026-01-10 15:23:46,000 [INFO] ProjectBuilder:4876 - Project Generator version: 4.5.0-RC5
2026-01-10 15:23:46,076 [INFO] ConfigFileManager:1579 - The Die is : DIE450
2026-01-10 15:23:47,400 [INFO] ProjectBuilder:5154 - Time for Generating toolchain IDE Files: 1400mS.
2026-01-10 15:23:47,401 [INFO] ProjectBuilder:3146 - Time for Copy CMSIS : 1mS.
2026-01-10 15:23:47,406 [INFO] ProjectBuilder:3146 - Time for Copy CMSIS : 0mS.
2026-01-10 15:36:56,900 [INFO] UtilMem:75 - End SaveConfig() Used Memory: 978582072 Bytes (1073741824)
2026-01-10 15:36:57,747 [INFO] BlockDiagram:2766 - set Specific Code input for plugin: LTDC
2026-01-10 15:36:57,748 [INFO] BlockDiagram:2766 - set Specific Code input for plugin: RCC
2026-01-10 15:36:57,748 [INFO] BlockDiagram:2766 - set Specific Code input for plugin: I2C
2026-01-10 15:36:57,748 [INFO] BlockDiagram:2766 - set Specific Code input for plugin: I2C
2026-01-10 15:36:57,748 [INFO] BlockDiagram:2766 - set Specific Code input for plugin: FMC
2026-01-10 15:36:57,748 [INFO] BlockDiagram:2766 - set Specific Code input for plugin: FDCAN
2026-01-10 15:36:57,748 [INFO] BlockDiagram:2766 - set Specific Code input for plugin: QUADSPI
2026-01-10 15:36:57,748 [INFO] BlockDiagram:2766 - set Specific Code input for plugin: MEMORYMAP
2026-01-10 15:36:57,748 [INFO] BlockDiagram:2766 - set Specific Code input for plugin: SYS
2026-01-10 15:36:57,748 [INFO] BlockDiagram:2766 - set Specific Code input for plugin: CRC
2026-01-10 15:36:57,748 [INFO] BlockDiagram:2766 - set Specific Code input for plugin: NVIC
2026-01-10 15:36:57,750 [INFO] BlockDiagram:2766 - set Specific Code input for plugin: DMA2D
2026-01-10 15:36:57,750 [INFO] BlockDiagram:2766 - set Specific Code input for plugin: CORTEX_M7
2026-01-10 15:36:57,750 [INFO] BlockDiagram:2766 - set Specific Code input for plugin: DEBUG
2026-01-10 15:36:57,752 [INFO] BlockDiagram:2766 - set Specific Code input for plugin: GPIO
2026-01-10 15:36:57,767 [INFO] CodeGenerator:896 - code generatio: config db path: C:\ST\STM32CubeIDE_1.17.0\STM32CubeIDE\plugins\com.st.stm32cube.common.mx_6.13.0.202411220809\\db\
2026-01-10 15:36:57,828 [WARN] IP:2251 - ClockDivider not found: check if there is a RefParameter without a condition.
2026-01-10 15:36:57,830 [WARN] IP:2251 - ClockDividerCCU not found: check if there is a RefParameter without a condition.
2026-01-10 15:36:57,830 [WARN] IP:2251 - MinOscClkPeriodsCCU not found: check if there is a RefParameter without a condition.
2026-01-10 15:36:57,831 [WARN] IP:2251 - TimeQuantaPerBitTimeCCU not found: check if there is a RefParameter without a condition.
2026-01-10 15:36:57,831 [WARN] IP:2251 - WatchdogStartValueCCU not found: check if there is a RefParameter without a condition.
2026-01-10 15:36:57,861 [WARN] IP:2251 - LayerIdx_L1 not found: check if there is a RefParameter without a condition.
2026-01-10 15:36:58,201 [INFO] CodeEngine:255 - oldGeneratedFile, C:\Users\kamil\STM32CubeIDE\workspace_1.17.0\Rower_elektryczny\MXTmpFiles\license.tmp_save
2026-01-10 15:36:58,392 [INFO] CodeEngine:279 - Generated code: C:\Users\kamil\STM32CubeIDE\workspace_1.17.0\Rower_elektryczny\MXTmpFiles\license.tmp
2026-01-10 15:36:58,662 [INFO] CodeEngine:255 - oldGeneratedFile, C:\Users\kamil\STM32CubeIDE\workspace_1.17.0\Rower_elektryczny\Core\Src\gpio.c_save
2026-01-10 15:36:58,766 [INFO] CodeEngine:279 - Generated code: C:\Users\kamil\STM32CubeIDE\workspace_1.17.0\Rower_elektryczny\Core\Src\gpio.c
2026-01-10 15:36:58,773 [INFO] CodeEngine:255 - oldGeneratedFile, C:\Users\kamil\STM32CubeIDE\workspace_1.17.0\Rower_elektryczny\Core\Inc\gpio.h_save
2026-01-10 15:36:58,849 [INFO] CodeEngine:279 - Generated code: C:\Users\kamil\STM32CubeIDE\workspace_1.17.0\Rower_elektryczny\Core\Inc\gpio.h
2026-01-10 15:36:59,332 [WARN] IPConfigManager:98 - WARNING: Missing Config File for DEBUG ip!!
2026-01-10 15:37:01,026 [WARN] IPConfigManager:98 - WARNING: Missing Config File for MEMORYMAP ip!!
2026-01-10 15:37:01,492 [INFO] CodeEngine:255 - oldGeneratedFile, C:\Users\kamil\STM32CubeIDE\workspace_1.17.0\Rower_elektryczny\MXTmpFiles\cortex.tmp_save
2026-01-10 15:37:01,592 [INFO] CodeEngine:279 - Generated code: C:\Users\kamil\STM32CubeIDE\workspace_1.17.0\Rower_elektryczny\MXTmpFiles\cortex.tmp
2026-01-10 15:37:01,624 [INFO] CodeEngine:255 - oldGeneratedFile, C:\Users\kamil\STM32CubeIDE\workspace_1.17.0\Rower_elektryczny\Core\Src\crc.c_save
2026-01-10 15:37:01,712 [INFO] CodeEngine:279 - Generated code: C:\Users\kamil\STM32CubeIDE\workspace_1.17.0\Rower_elektryczny\Core\Src\crc.c
2026-01-10 15:37:01,718 [INFO] CodeEngine:255 - oldGeneratedFile, C:\Users\kamil\STM32CubeIDE\workspace_1.17.0\Rower_elektryczny\Core\Inc\crc.h_save
2026-01-10 15:37:01,789 [INFO] CodeEngine:279 - Generated code: C:\Users\kamil\STM32CubeIDE\workspace_1.17.0\Rower_elektryczny\Core\Inc\crc.h
2026-01-10 15:37:01,817 [INFO] CodeEngine:255 - oldGeneratedFile, C:\Users\kamil\STM32CubeIDE\workspace_1.17.0\Rower_elektryczny\Core\Src\dma2d.c_save
2026-01-10 15:37:01,897 [INFO] CodeEngine:279 - Generated code: C:\Users\kamil\STM32CubeIDE\workspace_1.17.0\Rower_elektryczny\Core\Src\dma2d.c
2026-01-10 15:37:01,905 [INFO] CodeEngine:255 - oldGeneratedFile, C:\Users\kamil\STM32CubeIDE\workspace_1.17.0\Rower_elektryczny\Core\Inc\dma2d.h_save
2026-01-10 15:37:01,973 [INFO] CodeEngine:279 - Generated code: C:\Users\kamil\STM32CubeIDE\workspace_1.17.0\Rower_elektryczny\Core\Inc\dma2d.h
2026-01-10 15:37:02,003 [INFO] CodeEngine:255 - oldGeneratedFile, C:\Users\kamil\STM32CubeIDE\workspace_1.17.0\Rower_elektryczny\Core\Src\fdcan.c_save
2026-01-10 15:37:02,085 [INFO] CodeEngine:279 - Generated code: C:\Users\kamil\STM32CubeIDE\workspace_1.17.0\Rower_elektryczny\Core\Src\fdcan.c
2026-01-10 15:37:02,093 [INFO] CodeEngine:255 - oldGeneratedFile, C:\Users\kamil\STM32CubeIDE\workspace_1.17.0\Rower_elektryczny\Core\Inc\fdcan.h_save
2026-01-10 15:37:02,150 [INFO] CodeEngine:279 - Generated code: C:\Users\kamil\STM32CubeIDE\workspace_1.17.0\Rower_elektryczny\Core\Inc\fdcan.h
2026-01-10 15:37:02,179 [INFO] CodeEngine:255 - oldGeneratedFile, C:\Users\kamil\STM32CubeIDE\workspace_1.17.0\Rower_elektryczny\Core\Src\fmc.c_save
2026-01-10 15:37:02,287 [INFO] CodeEngine:279 - Generated code: C:\Users\kamil\STM32CubeIDE\workspace_1.17.0\Rower_elektryczny\Core\Src\fmc.c
2026-01-10 15:37:02,295 [INFO] CodeEngine:255 - oldGeneratedFile, C:\Users\kamil\STM32CubeIDE\workspace_1.17.0\Rower_elektryczny\Core\Inc\fmc.h_save
2026-01-10 15:37:02,352 [INFO] CodeEngine:279 - Generated code: C:\Users\kamil\STM32CubeIDE\workspace_1.17.0\Rower_elektryczny\Core\Inc\fmc.h
2026-01-10 15:37:02,382 [INFO] CodeEngine:255 - oldGeneratedFile, C:\Users\kamil\STM32CubeIDE\workspace_1.17.0\Rower_elektryczny\Core\Src\i2c.c_save
2026-01-10 15:37:02,466 [INFO] CodeEngine:279 - Generated code: C:\Users\kamil\STM32CubeIDE\workspace_1.17.0\Rower_elektryczny\Core\Src\i2c.c
2026-01-10 15:37:02,474 [INFO] CodeEngine:255 - oldGeneratedFile, C:\Users\kamil\STM32CubeIDE\workspace_1.17.0\Rower_elektryczny\Core\Inc\i2c.h_save
2026-01-10 15:37:02,542 [INFO] CodeEngine:279 - Generated code: C:\Users\kamil\STM32CubeIDE\workspace_1.17.0\Rower_elektryczny\Core\Inc\i2c.h
2026-01-10 15:37:02,575 [INFO] CodeEngine:255 - oldGeneratedFile, C:\Users\kamil\STM32CubeIDE\workspace_1.17.0\Rower_elektryczny\Core\Src\ltdc.c_save
2026-01-10 15:37:02,668 [INFO] CodeEngine:279 - Generated code: C:\Users\kamil\STM32CubeIDE\workspace_1.17.0\Rower_elektryczny\Core\Src\ltdc.c
2026-01-10 15:37:02,678 [INFO] CodeEngine:255 - oldGeneratedFile, C:\Users\kamil\STM32CubeIDE\workspace_1.17.0\Rower_elektryczny\Core\Inc\ltdc.h_save
2026-01-10 15:37:02,751 [INFO] CodeEngine:279 - Generated code: C:\Users\kamil\STM32CubeIDE\workspace_1.17.0\Rower_elektryczny\Core\Inc\ltdc.h
2026-01-10 15:37:02,783 [INFO] CodeEngine:255 - oldGeneratedFile, C:\Users\kamil\STM32CubeIDE\workspace_1.17.0\Rower_elektryczny\Core\Src\memorymap.c_save
2026-01-10 15:37:02,873 [INFO] CodeEngine:279 - Generated code: C:\Users\kamil\STM32CubeIDE\workspace_1.17.0\Rower_elektryczny\Core\Src\memorymap.c
2026-01-10 15:37:02,879 [INFO] CodeEngine:255 - oldGeneratedFile, C:\Users\kamil\STM32CubeIDE\workspace_1.17.0\Rower_elektryczny\Core\Inc\memorymap.h_save
2026-01-10 15:37:02,999 [INFO] CodeEngine:279 - Generated code: C:\Users\kamil\STM32CubeIDE\workspace_1.17.0\Rower_elektryczny\Core\Inc\memorymap.h
2026-01-10 15:37:03,038 [INFO] CodeEngine:255 - oldGeneratedFile, C:\Users\kamil\STM32CubeIDE\workspace_1.17.0\Rower_elektryczny\Core\Src\quadspi.c_save
2026-01-10 15:37:03,146 [INFO] CodeEngine:279 - Generated code: C:\Users\kamil\STM32CubeIDE\workspace_1.17.0\Rower_elektryczny\Core\Src\quadspi.c
2026-01-10 15:37:03,155 [INFO] CodeEngine:255 - oldGeneratedFile, C:\Users\kamil\STM32CubeIDE\workspace_1.17.0\Rower_elektryczny\Core\Inc\quadspi.h_save
2026-01-10 15:37:03,227 [INFO] CodeEngine:279 - Generated code: C:\Users\kamil\STM32CubeIDE\workspace_1.17.0\Rower_elektryczny\Core\Inc\quadspi.h
2026-01-10 15:37:03,272 [INFO] CodeEngine:255 - oldGeneratedFile, C:\Users\kamil\STM32CubeIDE\workspace_1.17.0\Rower_elektryczny\Core\Src\stm32h7xx_it.c_save
2026-01-10 15:37:03,464 [INFO] CodeEngine:279 - Generated code: C:\Users\kamil\STM32CubeIDE\workspace_1.17.0\Rower_elektryczny\Core\Src\stm32h7xx_it.c
2026-01-10 15:37:03,475 [INFO] CodeEngine:255 - oldGeneratedFile, C:\Users\kamil\STM32CubeIDE\workspace_1.17.0\Rower_elektryczny\Core\Inc\stm32h7xx_it.h_save
2026-01-10 15:37:03,535 [INFO] CodeEngine:279 - Generated code: C:\Users\kamil\STM32CubeIDE\workspace_1.17.0\Rower_elektryczny\Core\Inc\stm32h7xx_it.h
2026-01-10 15:37:03,882 [INFO] CodeEngine:255 - oldGeneratedFile, C:\Users\kamil\STM32CubeIDE\workspace_1.17.0\Rower_elektryczny\Core\Src\stm32h7xx_hal_msp.c_save
2026-01-10 15:37:03,986 [INFO] CodeEngine:279 - Generated code: C:\Users\kamil\STM32CubeIDE\workspace_1.17.0\Rower_elektryczny\Core\Src\stm32h7xx_hal_msp.c
2026-01-10 15:37:03,991 [INFO] CodeEngine:255 - oldGeneratedFile, C:\Users\kamil\STM32CubeIDE\workspace_1.17.0\Rower_elektryczny\MXTmpFiles\system.tmp_save
2026-01-10 15:37:04,042 [INFO] CodeEngine:279 - Generated code: C:\Users\kamil\STM32CubeIDE\workspace_1.17.0\Rower_elektryczny\MXTmpFiles\system.tmp
2026-01-10 15:37:04,070 [INFO] CodeEngine:311 - oldGeneratedFile, C:\Users\kamil\STM32CubeIDE\workspace_1.17.0\Rower_elektryczny\Core\Inc\stm32h7xx_hal_conf.h_save
2026-01-10 15:37:04,183 [INFO] CodeEngine:335 - Generated code: C:\Users\kamil\STM32CubeIDE\workspace_1.17.0\Rower_elektryczny\Core\Inc\stm32h7xx_hal_conf.h
2026-01-10 15:37:04,233 [ERROR] ApiDbMcu:464 - Can't load MEMORYMAP-STM32xx root dir null
2026-01-10 15:37:04,233 [ERROR] ApiDbMcu:536 - Cannot parse MEMORYMAP_Config file : file do not exist
2026-01-10 15:37:04,270 [INFO] CodeEngine:255 - oldGeneratedFile, C:\Users\kamil\STM32CubeIDE\workspace_1.17.0\Rower_elektryczny\Core\Inc\main.h_save
2026-01-10 15:37:04,358 [INFO] CodeEngine:279 - Generated code: C:\Users\kamil\STM32CubeIDE\workspace_1.17.0\Rower_elektryczny\Core\Inc\main.h
2026-01-10 15:37:04,380 [INFO] CodeEngine:255 - oldGeneratedFile, C:\Users\kamil\STM32CubeIDE\workspace_1.17.0\Rower_elektryczny\Core\Src\main.c_save
2026-01-10 15:37:04,540 [INFO] CodeEngine:279 - Generated code: C:\Users\kamil\STM32CubeIDE\workspace_1.17.0\Rower_elektryczny\Core\Src\main.c
2026-01-10 15:37:05,105 [INFO] ProjectBuilder:3289 - Time for Copy HAL[1] : 392mS.
2026-01-10 15:37:05,114 [INFO] ProjectBuilder:4876 - Project Generator version: 4.5.0-RC5
2026-01-10 15:37:05,197 [INFO] ConfigFileManager:1579 - The Die is : DIE450
2026-01-10 15:37:07,651 [INFO] ProjectBuilder:5154 - Time for Generating toolchain IDE Files: 2537mS.
2026-01-10 15:37:07,653 [INFO] ProjectBuilder:3146 - Time for Copy CMSIS : 1mS.
2026-01-10 15:37:07,657 [INFO] ProjectBuilder:3146 - Time for Copy CMSIS : 0mS.
2026-01-10 15:47:11,908 [INFO] WebApp:190 - Connection lost
2026-01-10 15:47:12,092 [INFO] WebApp:187 - Connection restablished
2026-01-10 15:52:07,827 [INFO] WebApp:190 - Connection lost
2026-01-10 16:02:11,014 [INFO] NvicIntPanel:101 - NVIC parent = com.st.microxplorer.plugins.ip.nvic.MultiNvicIntPanel[,0,0,0x0,invalid,layout=javax.swing.BoxLayout,alignmentX=0.0,alignmentY=0.0,border=,flags=9,maximumSize=,minimumSize=,preferredSize=]
2026-01-10 16:02:11,207 [INFO] I2cTimingTraitement:330 - 0x00000E50
2026-01-10 16:02:11,335 [INFO] NvicIntPanel:101 - NVIC parent = com.st.microxplorer.plugins.ip.nvic.MultiNvicIntPanel[,0,0,0x0,invalid,layout=javax.swing.BoxLayout,alignmentX=0.0,alignmentY=0.0,border=,flags=9,maximumSize=,minimumSize=,preferredSize=]
2026-01-10 16:08:33,550 [INFO] UtilMem:75 - End SaveConfig() Used Memory: 1011596072 Bytes (1073741824)
2026-01-10 16:08:33,766 [ERROR] ConfigurationRetriever:142 - IOException on connection: sw-center.st.com
2026-01-10 16:08:33,770 [ERROR] ConfigurationRetriever:142 - IOException on connection: sw-center.st.com
2026-01-10 16:08:33,770 [ERROR] ConfigurationRetriever:142 - IOException on connection: sw-center.st.com
2026-01-10 16:08:36,232 [INFO] UtilMem:75 - End SaveConfig() Used Memory: 897894928 Bytes (1073741824)
2026-01-10 16:08:36,332 [ERROR] ConfigurationRetriever:142 - IOException on connection: sw-center.st.com
2026-01-10 16:08:36,334 [ERROR] ConfigurationRetriever:142 - IOException on connection: sw-center.st.com
2026-01-10 16:08:36,334 [ERROR] ConfigurationRetriever:142 - IOException on connection: sw-center.st.com
2026-01-10 16:08:36,947 [INFO] BlockDiagram:2766 - set Specific Code input for plugin: LTDC
2026-01-10 16:08:36,947 [INFO] BlockDiagram:2766 - set Specific Code input for plugin: RCC
2026-01-10 16:08:36,947 [INFO] BlockDiagram:2766 - set Specific Code input for plugin: I2C
2026-01-10 16:08:36,947 [INFO] BlockDiagram:2766 - set Specific Code input for plugin: I2C
2026-01-10 16:08:36,947 [INFO] BlockDiagram:2766 - set Specific Code input for plugin: FMC
2026-01-10 16:08:36,947 [INFO] BlockDiagram:2766 - set Specific Code input for plugin: FDCAN
2026-01-10 16:08:36,948 [INFO] BlockDiagram:2766 - set Specific Code input for plugin: QUADSPI
2026-01-10 16:08:36,948 [INFO] BlockDiagram:2766 - set Specific Code input for plugin: MEMORYMAP
2026-01-10 16:08:36,948 [INFO] BlockDiagram:2766 - set Specific Code input for plugin: SYS
2026-01-10 16:08:36,948 [INFO] BlockDiagram:2766 - set Specific Code input for plugin: CRC
2026-01-10 16:08:36,948 [INFO] BlockDiagram:2766 - set Specific Code input for plugin: NVIC
2026-01-10 16:08:36,948 [INFO] BlockDiagram:2766 - set Specific Code input for plugin: DMA2D
2026-01-10 16:08:36,948 [INFO] BlockDiagram:2766 - set Specific Code input for plugin: CORTEX_M7
2026-01-10 16:08:36,948 [INFO] BlockDiagram:2766 - set Specific Code input for plugin: DEBUG
2026-01-10 16:08:36,949 [INFO] BlockDiagram:2766 - set Specific Code input for plugin: GPIO
2026-01-10 16:08:36,951 [INFO] CodeGenerator:896 - code generatio: config db path: C:\ST\STM32CubeIDE_1.17.0\STM32CubeIDE\plugins\com.st.stm32cube.common.mx_6.13.0.202411220809\\db\
2026-01-10 16:08:36,965 [WARN] IP:2251 - ClockDivider not found: check if there is a RefParameter without a condition.
2026-01-10 16:08:36,965 [WARN] IP:2251 - ClockDividerCCU not found: check if there is a RefParameter without a condition.
2026-01-10 16:08:36,966 [WARN] IP:2251 - MinOscClkPeriodsCCU not found: check if there is a RefParameter without a condition.
2026-01-10 16:08:36,966 [WARN] IP:2251 - TimeQuantaPerBitTimeCCU not found: check if there is a RefParameter without a condition.
2026-01-10 16:08:36,966 [WARN] IP:2251 - WatchdogStartValueCCU not found: check if there is a RefParameter without a condition.
2026-01-10 16:08:36,978 [WARN] IP:2251 - LayerIdx_L1 not found: check if there is a RefParameter without a condition.
2026-01-10 16:08:37,119 [INFO] CodeEngine:255 - oldGeneratedFile, C:\Users\kamil\STM32CubeIDE\workspace_1.17.0\Rower_elektryczny\MXTmpFiles\license.tmp_save
2026-01-10 16:08:37,342 [INFO] CodeEngine:279 - Generated code: C:\Users\kamil\STM32CubeIDE\workspace_1.17.0\Rower_elektryczny\MXTmpFiles\license.tmp
2026-01-10 16:08:37,553 [INFO] CodeEngine:255 - oldGeneratedFile, C:\Users\kamil\STM32CubeIDE\workspace_1.17.0\Rower_elektryczny\Core\Src\gpio.c_save
2026-01-10 16:08:37,656 [INFO] CodeEngine:279 - Generated code: C:\Users\kamil\STM32CubeIDE\workspace_1.17.0\Rower_elektryczny\Core\Src\gpio.c
2026-01-10 16:08:37,665 [INFO] CodeEngine:255 - oldGeneratedFile, C:\Users\kamil\STM32CubeIDE\workspace_1.17.0\Rower_elektryczny\Core\Inc\gpio.h_save
2026-01-10 16:08:37,735 [INFO] CodeEngine:279 - Generated code: C:\Users\kamil\STM32CubeIDE\workspace_1.17.0\Rower_elektryczny\Core\Inc\gpio.h
2026-01-10 16:08:38,192 [WARN] IPConfigManager:98 - WARNING: Missing Config File for DEBUG ip!!
2026-01-10 16:08:39,612 [WARN] IPConfigManager:98 - WARNING: Missing Config File for MEMORYMAP ip!!
2026-01-10 16:08:40,215 [INFO] CodeEngine:255 - oldGeneratedFile, C:\Users\kamil\STM32CubeIDE\workspace_1.17.0\Rower_elektryczny\MXTmpFiles\cortex.tmp_save
2026-01-10 16:08:40,318 [INFO] CodeEngine:279 - Generated code: C:\Users\kamil\STM32CubeIDE\workspace_1.17.0\Rower_elektryczny\MXTmpFiles\cortex.tmp
2026-01-10 16:08:40,344 [INFO] CodeEngine:255 - oldGeneratedFile, C:\Users\kamil\STM32CubeIDE\workspace_1.17.0\Rower_elektryczny\Core\Src\crc.c_save
2026-01-10 16:08:40,435 [INFO] CodeEngine:279 - Generated code: C:\Users\kamil\STM32CubeIDE\workspace_1.17.0\Rower_elektryczny\Core\Src\crc.c
2026-01-10 16:08:40,442 [INFO] CodeEngine:255 - oldGeneratedFile, C:\Users\kamil\STM32CubeIDE\workspace_1.17.0\Rower_elektryczny\Core\Inc\crc.h_save
2026-01-10 16:08:40,513 [INFO] CodeEngine:279 - Generated code: C:\Users\kamil\STM32CubeIDE\workspace_1.17.0\Rower_elektryczny\Core\Inc\crc.h
2026-01-10 16:08:40,540 [INFO] CodeEngine:255 - oldGeneratedFile, C:\Users\kamil\STM32CubeIDE\workspace_1.17.0\Rower_elektryczny\Core\Src\dma2d.c_save
2026-01-10 16:08:40,632 [INFO] CodeEngine:279 - Generated code: C:\Users\kamil\STM32CubeIDE\workspace_1.17.0\Rower_elektryczny\Core\Src\dma2d.c
2026-01-10 16:08:40,640 [INFO] CodeEngine:255 - oldGeneratedFile, C:\Users\kamil\STM32CubeIDE\workspace_1.17.0\Rower_elektryczny\Core\Inc\dma2d.h_save
2026-01-10 16:08:40,714 [INFO] CodeEngine:279 - Generated code: C:\Users\kamil\STM32CubeIDE\workspace_1.17.0\Rower_elektryczny\Core\Inc\dma2d.h
2026-01-10 16:08:40,747 [INFO] CodeEngine:255 - oldGeneratedFile, C:\Users\kamil\STM32CubeIDE\workspace_1.17.0\Rower_elektryczny\Core\Src\fdcan.c_save
2026-01-10 16:08:40,846 [INFO] CodeEngine:279 - Generated code: C:\Users\kamil\STM32CubeIDE\workspace_1.17.0\Rower_elektryczny\Core\Src\fdcan.c
2026-01-10 16:08:40,853 [INFO] CodeEngine:255 - oldGeneratedFile, C:\Users\kamil\STM32CubeIDE\workspace_1.17.0\Rower_elektryczny\Core\Inc\fdcan.h_save
2026-01-10 16:08:40,911 [INFO] CodeEngine:279 - Generated code: C:\Users\kamil\STM32CubeIDE\workspace_1.17.0\Rower_elektryczny\Core\Inc\fdcan.h
2026-01-10 16:08:40,942 [INFO] CodeEngine:255 - oldGeneratedFile, C:\Users\kamil\STM32CubeIDE\workspace_1.17.0\Rower_elektryczny\Core\Src\fmc.c_save
2026-01-10 16:08:41,051 [INFO] CodeEngine:279 - Generated code: C:\Users\kamil\STM32CubeIDE\workspace_1.17.0\Rower_elektryczny\Core\Src\fmc.c
2026-01-10 16:08:41,071 [INFO] CodeEngine:255 - oldGeneratedFile, C:\Users\kamil\STM32CubeIDE\workspace_1.17.0\Rower_elektryczny\Core\Inc\fmc.h_save
2026-01-10 16:08:41,131 [INFO] CodeEngine:279 - Generated code: C:\Users\kamil\STM32CubeIDE\workspace_1.17.0\Rower_elektryczny\Core\Inc\fmc.h
2026-01-10 16:08:41,161 [INFO] CodeEngine:255 - oldGeneratedFile, C:\Users\kamil\STM32CubeIDE\workspace_1.17.0\Rower_elektryczny\Core\Src\i2c.c_save
2026-01-10 16:08:41,293 [INFO] CodeEngine:279 - Generated code: C:\Users\kamil\STM32CubeIDE\workspace_1.17.0\Rower_elektryczny\Core\Src\i2c.c
2026-01-10 16:08:41,302 [INFO] CodeEngine:255 - oldGeneratedFile, C:\Users\kamil\STM32CubeIDE\workspace_1.17.0\Rower_elektryczny\Core\Inc\i2c.h_save
2026-01-10 16:08:41,358 [INFO] CodeEngine:279 - Generated code: C:\Users\kamil\STM32CubeIDE\workspace_1.17.0\Rower_elektryczny\Core\Inc\i2c.h
2026-01-10 16:08:41,386 [INFO] CodeEngine:255 - oldGeneratedFile, C:\Users\kamil\STM32CubeIDE\workspace_1.17.0\Rower_elektryczny\Core\Src\ltdc.c_save
2026-01-10 16:08:41,473 [INFO] CodeEngine:279 - Generated code: C:\Users\kamil\STM32CubeIDE\workspace_1.17.0\Rower_elektryczny\Core\Src\ltdc.c
2026-01-10 16:08:41,480 [INFO] CodeEngine:255 - oldGeneratedFile, C:\Users\kamil\STM32CubeIDE\workspace_1.17.0\Rower_elektryczny\Core\Inc\ltdc.h_save
2026-01-10 16:08:41,549 [INFO] CodeEngine:279 - Generated code: C:\Users\kamil\STM32CubeIDE\workspace_1.17.0\Rower_elektryczny\Core\Inc\ltdc.h
2026-01-10 16:08:41,577 [INFO] CodeEngine:255 - oldGeneratedFile, C:\Users\kamil\STM32CubeIDE\workspace_1.17.0\Rower_elektryczny\Core\Src\memorymap.c_save
2026-01-10 16:08:41,656 [INFO] CodeEngine:279 - Generated code: C:\Users\kamil\STM32CubeIDE\workspace_1.17.0\Rower_elektryczny\Core\Src\memorymap.c
2026-01-10 16:08:41,663 [INFO] CodeEngine:255 - oldGeneratedFile, C:\Users\kamil\STM32CubeIDE\workspace_1.17.0\Rower_elektryczny\Core\Inc\memorymap.h_save
2026-01-10 16:08:41,733 [INFO] CodeEngine:279 - Generated code: C:\Users\kamil\STM32CubeIDE\workspace_1.17.0\Rower_elektryczny\Core\Inc\memorymap.h
2026-01-10 16:08:41,765 [INFO] CodeEngine:255 - oldGeneratedFile, C:\Users\kamil\STM32CubeIDE\workspace_1.17.0\Rower_elektryczny\Core\Src\quadspi.c_save
2026-01-10 16:08:41,846 [INFO] CodeEngine:279 - Generated code: C:\Users\kamil\STM32CubeIDE\workspace_1.17.0\Rower_elektryczny\Core\Src\quadspi.c
2026-01-10 16:08:41,853 [INFO] CodeEngine:255 - oldGeneratedFile, C:\Users\kamil\STM32CubeIDE\workspace_1.17.0\Rower_elektryczny\Core\Inc\quadspi.h_save
2026-01-10 16:08:41,924 [INFO] CodeEngine:279 - Generated code: C:\Users\kamil\STM32CubeIDE\workspace_1.17.0\Rower_elektryczny\Core\Inc\quadspi.h
2026-01-10 16:08:41,964 [INFO] CodeEngine:255 - oldGeneratedFile, C:\Users\kamil\STM32CubeIDE\workspace_1.17.0\Rower_elektryczny\Core\Src\stm32h7xx_it.c_save
2026-01-10 16:08:42,125 [INFO] CodeEngine:279 - Generated code: C:\Users\kamil\STM32CubeIDE\workspace_1.17.0\Rower_elektryczny\Core\Src\stm32h7xx_it.c
2026-01-10 16:08:42,134 [INFO] CodeEngine:255 - oldGeneratedFile, C:\Users\kamil\STM32CubeIDE\workspace_1.17.0\Rower_elektryczny\Core\Inc\stm32h7xx_it.h_save
2026-01-10 16:08:42,199 [INFO] CodeEngine:279 - Generated code: C:\Users\kamil\STM32CubeIDE\workspace_1.17.0\Rower_elektryczny\Core\Inc\stm32h7xx_it.h
2026-01-10 16:08:42,591 [INFO] CodeEngine:255 - oldGeneratedFile, C:\Users\kamil\STM32CubeIDE\workspace_1.17.0\Rower_elektryczny\Core\Src\stm32h7xx_hal_msp.c_save
2026-01-10 16:08:42,689 [INFO] CodeEngine:279 - Generated code: C:\Users\kamil\STM32CubeIDE\workspace_1.17.0\Rower_elektryczny\Core\Src\stm32h7xx_hal_msp.c
2026-01-10 16:08:42,693 [INFO] CodeEngine:255 - oldGeneratedFile, C:\Users\kamil\STM32CubeIDE\workspace_1.17.0\Rower_elektryczny\MXTmpFiles\system.tmp_save
2026-01-10 16:08:42,751 [INFO] CodeEngine:279 - Generated code: C:\Users\kamil\STM32CubeIDE\workspace_1.17.0\Rower_elektryczny\MXTmpFiles\system.tmp
2026-01-10 16:08:42,777 [INFO] CodeEngine:311 - oldGeneratedFile, C:\Users\kamil\STM32CubeIDE\workspace_1.17.0\Rower_elektryczny\Core\Inc\stm32h7xx_hal_conf.h_save
2026-01-10 16:08:42,890 [INFO] CodeEngine:335 - Generated code: C:\Users\kamil\STM32CubeIDE\workspace_1.17.0\Rower_elektryczny\Core\Inc\stm32h7xx_hal_conf.h
2026-01-10 16:08:42,937 [ERROR] ApiDbMcu:464 - Can't load MEMORYMAP-STM32xx root dir null
2026-01-10 16:08:42,938 [ERROR] ApiDbMcu:536 - Cannot parse MEMORYMAP_Config file : file do not exist
2026-01-10 16:08:42,971 [INFO] CodeEngine:255 - oldGeneratedFile, C:\Users\kamil\STM32CubeIDE\workspace_1.17.0\Rower_elektryczny\Core\Inc\main.h_save
2026-01-10 16:08:43,084 [INFO] CodeEngine:279 - Generated code: C:\Users\kamil\STM32CubeIDE\workspace_1.17.0\Rower_elektryczny\Core\Inc\main.h
2026-01-10 16:08:43,109 [INFO] CodeEngine:255 - oldGeneratedFile, C:\Users\kamil\STM32CubeIDE\workspace_1.17.0\Rower_elektryczny\Core\Src\main.c_save
2026-01-10 16:08:43,265 [INFO] CodeEngine:279 - Generated code: C:\Users\kamil\STM32CubeIDE\workspace_1.17.0\Rower_elektryczny\Core\Src\main.c
2026-01-10 16:08:43,807 [INFO] ProjectBuilder:3289 - Time for Copy HAL[1] : 350mS.
2026-01-10 16:08:43,816 [INFO] ProjectBuilder:4876 - Project Generator version: 4.5.0-RC5
2026-01-10 16:08:43,910 [INFO] ConfigFileManager:1579 - The Die is : DIE450
2026-01-10 16:08:45,285 [INFO] ProjectBuilder:5154 - Time for Generating toolchain IDE Files: 1467mS.
2026-01-10 16:08:45,286 [INFO] ProjectBuilder:3146 - Time for Copy CMSIS : 1mS.
2026-01-10 16:08:45,293 [INFO] ProjectBuilder:3146 - Time for Copy CMSIS : 1mS.
2026-01-10 16:08:45,370 [ERROR] ConfigurationRetriever:142 - IOException on connection: sw-center.st.com
2026-01-10 16:08:45,371 [ERROR] ConfigurationRetriever:142 - IOException on connection: sw-center.st.com
2026-01-10 16:08:45,372 [ERROR] ConfigurationRetriever:142 - IOException on connection: sw-center.st.com
2026-01-10 16:21:19,483 [INFO] WebApp:187 - Connection restablished
2026-01-10 16:40:59,132 [INFO] WebApp:190 - Connection lost
