2025-12-21 21:20:11,967 [ERROR] ConfigurationRetriever:142 - IOException on connection: sw-center.st.com
2025-12-21 21:20:12,001 [ERROR] ConfigurationRetriever:142 - IOException on connection: sw-center.st.com
2025-12-21 21:20:12,001 [ERROR] ConfigurationRetriever:142 - IOException on connection: sw-center.st.com
2025-12-21 21:21:07,733 [ERROR] ConfigurationRetriever:142 - IOException on connection: sw-center.st.com
2025-12-21 21:21:07,734 [ERROR] ConfigurationRetriever:142 - IOException on connection: sw-center.st.com
2025-12-21 21:21:07,734 [ERROR] ConfigurationRetriever:142 - IOException on connection: sw-center.st.com
2025-12-21 21:22:00,471 [ERROR] ConfigurationRetriever:142 - IOException on connection: sw-center.st.com
2025-12-21 21:22:00,471 [ERROR] ConfigurationRetriever:142 - IOException on connection: sw-center.st.com
2025-12-21 21:22:00,471 [ERROR] ConfigurationRetriever:142 - IOException on connection: sw-center.st.com
2025-12-21 21:24:01,389 [INFO] WebApp:187 - Connection restablished
2025-12-21 21:43:10,099 [ERROR] LogOutputStream:75 - [STDERR_REDIRECT] 
2025-12-21 22:47:42,462 [INFO] Activator:176 - 


2025-12-21 22:47:42,463 [INFO] Activator:177 - !SESSION log4j initialized
2025-12-21 22:47:48,388 [INFO] LogOutputStream:77 - [STDOUT_REDIRECT] 
2025-12-21 22:47:55,618 [INFO] ApplicationProperties:184 - Using Application install path: C:\ST\STM32CubeIDE_1.17.0\STM32CubeIDE\plugins\com.st.stm32cube.common.mx_6.13.0.202411220809
2025-12-21 22:47:55,634 [INFO] DbMcusXml:78 - Set database path to: C:\ST\STM32CubeIDE_1.17.0\STM32CubeIDE\plugins\com.st.stm32cube.common.mx_6.13.0.202411220809\\db\/mcu/
2025-12-21 22:47:55,634 [INFO] ApiDb:274 - Set plugin database path to: C:\ST\STM32CubeIDE_1.17.0\STM32CubeIDE\plugins\com.st.stm32cube.common.mx_6.13.0.202411220809\\db\/plugins/boardmanager/
2025-12-21 22:47:55,634 [WARN] ApiDb:259 - Overriding images path with different value:  => C:\ST\STM32CubeIDE_1.17.0\STM32CubeIDE\plugins\com.st.stm32cube.common.mx_6.13.0.202411220809\\db\/plugins/mcufinder/images/
2025-12-21 22:47:55,641 [INFO] ApiDb:250 - Set database path to: C:\Users\kamil\.stmcufinder\plugins\mcufinder//mcu/
2025-12-21 22:47:55,642 [INFO] DbMcusAds:125 - Set database path to: C:\Users\kamil\.stmcufinder\plugins\mcufinder//mcu/
2025-12-21 22:47:55,645 [INFO] CrossReferenceDbSqlite:203 - Set database path to: C:\Users\kamil\.stmcufinder\plugins\mcufinder//mcu/cs/
2025-12-21 22:47:55,754 [INFO] RulesReader:64 - Compatibility file has been processed (297 Rules)
2025-12-21 22:47:55,831 [INFO] DbMcusXml:78 - Set database path to: C:\ST\STM32CubeIDE_1.17.0\STM32CubeIDE\plugins\com.st.stm32cube.common.mx_6.13.0.202411220809\\db\/mcu/
2025-12-21 22:47:55,831 [INFO] ApiDb:274 - Set plugin database path to: C:\ST\STM32CubeIDE_1.17.0\STM32CubeIDE\plugins\com.st.stm32cube.common.mx_6.13.0.202411220809\\db\/plugins/boardmanager/
2025-12-21 22:47:55,831 [INFO] ApiDb:261 - Set plugin images path to: C:\ST\STM32CubeIDE_1.17.0\STM32CubeIDE\plugins\com.st.stm32cube.common.mx_6.13.0.202411220809\\db\/plugins/mcufinder/images/
2025-12-21 22:47:55,831 [WARN] DbFile:41 - Overriding database path with different value: C:\Users\kamil\.stmcufinder\plugins\mcufinder/ => C:\Users\kamil\.stmcufinder\plugins\mcufinder
2025-12-21 22:47:55,831 [INFO] ApiDb:250 - Set database path to: C:\Users\kamil\.stmcufinder\plugins\mcufinder//mcu/
2025-12-21 22:47:55,831 [WARN] DbFile:41 - Overriding database path with different value: C:\Users\kamil\.stmcufinder\plugins\mcufinder/ => C:\Users\kamil\.stmcufinder\plugins\mcufinder
2025-12-21 22:47:55,831 [INFO] DbMcusAds:125 - Set database path to: C:\Users\kamil\.stmcufinder\plugins\mcufinder//mcu/
2025-12-21 22:47:55,831 [WARN] DbFile:41 - Overriding database path with different value: C:\Users\kamil\.stmcufinder\plugins\mcufinder/ => C:\Users\kamil\.stmcufinder\plugins\mcufinder
2025-12-21 22:47:55,831 [WARN] DbFile:41 - Overriding database path with different value: C:\Users\kamil\.stmcufinder\plugins\mcufinder/ => C:\Users\kamil\.stmcufinder\plugins\mcufinder
2025-12-21 22:47:55,831 [INFO] CrossReferenceDbSqlite:203 - Set database path to: C:\Users\kamil\.stmcufinder\plugins\mcufinder//mcu/cs/
2025-12-21 22:47:55,894 [INFO] MainPanel:272 - HeapMemory: 268435456
2025-12-21 22:47:55,980 [INFO] DbMcusXml:78 - Set database path to: C:\ST\STM32CubeIDE_1.17.0\STM32CubeIDE\plugins\com.st.stm32cube.common.mx_6.13.0.202411220809\\db\/mcu/
2025-12-21 22:47:55,980 [INFO] ApiDb:274 - Set plugin database path to: C:\ST\STM32CubeIDE_1.17.0\STM32CubeIDE\plugins\com.st.stm32cube.common.mx_6.13.0.202411220809\\db\/plugins/boardmanager/
2025-12-21 22:47:55,980 [INFO] ApiDb:261 - Set plugin images path to: C:\ST\STM32CubeIDE_1.17.0\STM32CubeIDE\plugins\com.st.stm32cube.common.mx_6.13.0.202411220809\\db\/plugins/mcufinder/images/
2025-12-21 22:47:55,980 [WARN] DbFile:41 - Overriding database path with different value: C:\Users\kamil\.stmcufinder\plugins\mcufinder/ => C:\Users\kamil\.stmcufinder\plugins\mcufinder
2025-12-21 22:47:55,980 [INFO] ApiDb:250 - Set database path to: C:\Users\kamil\.stmcufinder\plugins\mcufinder//mcu/
2025-12-21 22:47:55,981 [WARN] DbFile:41 - Overriding database path with different value: C:\Users\kamil\.stmcufinder\plugins\mcufinder/ => C:\Users\kamil\.stmcufinder\plugins\mcufinder
2025-12-21 22:47:55,981 [INFO] DbMcusAds:125 - Set database path to: C:\Users\kamil\.stmcufinder\plugins\mcufinder//mcu/
2025-12-21 22:47:55,981 [WARN] DbFile:41 - Overriding database path with different value: C:\Users\kamil\.stmcufinder\plugins\mcufinder/ => C:\Users\kamil\.stmcufinder\plugins\mcufinder
2025-12-21 22:47:55,981 [WARN] DbFile:41 - Overriding database path with different value: C:\Users\kamil\.stmcufinder\plugins\mcufinder/ => C:\Users\kamil\.stmcufinder\plugins\mcufinder
2025-12-21 22:47:55,981 [INFO] CrossReferenceDbSqlite:203 - Set database path to: C:\Users\kamil\.stmcufinder\plugins\mcufinder//mcu/cs/
2025-12-21 22:47:55,994 [INFO] ApplicationProperties:184 - Using Application install path: C:\ST\STM32CubeIDE_1.17.0\STM32CubeIDE\plugins\com.st.stm32cube.common.mx_6.13.0.202411220809
2025-12-21 22:47:55,995 [INFO] PluginManage:196 - Search for loadable plugins [exclusion list=, ]
2025-12-21 22:47:55,996 [INFO] PluginManage:310 - Check plugin analytics
2025-12-21 22:47:56,148 [INFO] AnalyticsPlugin:253 - Accepted Software Licenses: 
2025-12-21 22:47:56,149 [INFO] AnalyticsPlugin:255 - Accepted CMSIS Pack Licenses: 
2025-12-21 22:47:56,149 [INFO] AnalyticsPlugin:257 - Accepted Firmware Licenses: FW.F7.1.17.0,FW.H7.1.12.0
2025-12-21 22:47:56,151 [INFO] PluginManage:359 - Loaded plugin analytics (category:tool,tabindex:-1)
2025-12-21 22:47:56,152 [INFO] PluginManage:310 - Check plugin cadmodel
2025-12-21 22:47:56,168 [INFO] CADModel:105 - Init CAD model plugin
2025-12-21 22:47:56,168 [INFO] PluginManage:359 - Loaded plugin cadmodel (category:power,tabindex:5)
2025-12-21 22:47:56,168 [INFO] PluginManage:310 - Check plugin clock
2025-12-21 22:47:56,187 [INFO] PluginManage:359 - Loaded plugin clock (category:base,tabindex:2)
2025-12-21 22:47:56,188 [INFO] PluginManage:310 - Check plugin ddr
2025-12-21 22:47:56,190 [INFO] PluginManage:359 - Loaded plugin ddr (category:tool,tabindex:6)
2025-12-21 22:47:56,191 [INFO] PluginManage:310 - Check plugin filemanager
2025-12-21 22:47:56,309 [INFO] PluginManage:359 - Loaded plugin filemanager (category:base,tabindex:10)
2025-12-21 22:47:56,309 [INFO] PluginManage:310 - Check plugin ipmanager
2025-12-21 22:47:56,316 [INFO] PluginManage:359 - Loaded plugin ipmanager (category:base,tabindex:5)
2025-12-21 22:47:56,317 [INFO] PluginManage:310 - Check plugin lpbam
2025-12-21 22:47:56,337 [INFO] PluginManage:359 - Loaded plugin lpbam (category:base,tabindex:0)
2025-12-21 22:47:56,337 [INFO] PluginManage:310 - Check plugin memorymap
2025-12-21 22:47:56,363 [INFO] PluginManage:359 - Loaded plugin memorymap (category:base,tabindex:4)
2025-12-21 22:47:56,363 [INFO] PluginManage:310 - Check plugin pinoutandconfiguration
2025-12-21 22:47:56,381 [INFO] PluginManage:359 - Loaded plugin pinoutandconfiguration (category:base,tabindex:1)
2025-12-21 22:47:56,381 [INFO] PluginManage:310 - Check plugin pinoutconfig
2025-12-21 22:47:56,477 [WARN] SupportedApi:132 - Cannot load RTOS API schema: s4s-elt-must-match.1: The content of 'definitions' must match (annotation?, (simpleType | complexType)?, (unique | key | keyref)*)). A problem was found starting at: attribute.
2025-12-21 22:47:56,646 [INFO] PluginManage:359 - Loaded plugin pinoutconfig (category:base,tabindex:0)
2025-12-21 22:47:56,646 [INFO] PluginManage:310 - Check plugin power
2025-12-21 22:47:56,672 [INFO] PluginManage:359 - Loaded plugin power (category:power,tabindex:4)
2025-12-21 22:47:56,672 [INFO] PluginManage:310 - Check plugin projectmanager
2025-12-21 22:47:56,692 [INFO] PluginManage:359 - Loaded plugin projectmanager (category:projectmanager,tabindex:4)
2025-12-21 22:47:56,693 [INFO] PluginManage:310 - Check plugin rif
2025-12-21 22:47:56,719 [INFO] PluginManage:359 - Loaded plugin rif (category:base,tabindex:3)
2025-12-21 22:47:56,720 [INFO] PluginManage:310 - Check plugin thirdparty
2025-12-21 22:47:57,061 [WARN] IntegrityCheckThread:84 - waiting for thirdparty lock release [integrity check]
2025-12-21 22:47:57,062 [INFO] PluginManage:359 - Loaded plugin thirdparty (category:base,tabindex:-1)
2025-12-21 22:47:57,062 [INFO] IntegrityCheckThread:86 - entering critical section [integrity check]
2025-12-21 22:47:57,062 [INFO] PluginManage:310 - Check plugin tools
2025-12-21 22:47:57,062 [INFO] ThirdPartyUpdaterWithRetryManager:70 - Updater plugin not ready yet. [1/15]
2025-12-21 22:47:57,141 [INFO] PluginManage:359 - Loaded plugin tools (category:base,tabindex:7)
2025-12-21 22:47:57,142 [INFO] PluginManage:310 - Check plugin tutovideos
2025-12-21 22:47:57,337 [INFO] PluginManage:359 - Loaded plugin tutovideos (category:base,tabindex:-1)
2025-12-21 22:47:57,337 [INFO] PluginManage:310 - Check plugin updater
2025-12-21 22:47:57,354 [INFO] PluginManage:359 - Loaded plugin updater (category:base,tabindex:12)
2025-12-21 22:47:57,354 [INFO] PluginManage:310 - Check plugin userauth
2025-12-21 22:47:57,357 [INFO] UserAuth:118 - Init User Auth plugin
2025-12-21 22:47:57,357 [INFO] PluginManage:359 - Loaded plugin userauth (category:base,tabindex:14)
2025-12-21 22:47:57,358 [INFO] PluginManage:283 - PluginManage : Loaded plugins [18]
2025-12-21 22:47:57,528 [INFO] PinOutPanel:1589 - setPackage(No Configuration,No Configuration)
2025-12-21 22:47:57,593 [INFO] CADModel:165 - CPN selected for project level
2025-12-21 22:47:57,593 [INFO] CADModel:114 - Register for checkConnection events
2025-12-21 22:47:57,617 [INFO] IPUIPlugin:80 - create IPUIPlugin
2025-12-21 22:47:57,618 [INFO] PluginManager:220 - loadIPPluginJar : add adc
2025-12-21 22:47:57,664 [INFO] IPUIPlugin:80 - create IPUIPlugin
2025-12-21 22:47:57,664 [INFO] PluginManager:220 - loadIPPluginJar : add aes
2025-12-21 22:47:57,715 [INFO] IPUIPlugin:80 - create IPUIPlugin
2025-12-21 22:47:57,715 [INFO] PluginManager:220 - loadIPPluginJar : add can
2025-12-21 22:47:57,747 [INFO] IPUIPlugin:80 - create IPUIPlugin
2025-12-21 22:47:57,747 [INFO] PluginManager:220 - loadIPPluginJar : add comp
2025-12-21 22:47:57,782 [INFO] IPUIPlugin:80 - create IPUIPlugin
2025-12-21 22:47:57,782 [INFO] PluginManager:220 - loadIPPluginJar : add cryp
2025-12-21 22:47:57,796 [INFO] IPUIPlugin:80 - create IPUIPlugin
2025-12-21 22:47:57,796 [INFO] PluginManager:220 - loadIPPluginJar : add ddr_ctrl_phy
2025-12-21 22:47:57,835 [INFO] IPUIPlugin:80 - create IPUIPlugin
2025-12-21 22:47:57,835 [INFO] PluginManager:220 - loadIPPluginJar : add dfsdm
2025-12-21 22:47:57,850 [INFO] IPUIPlugin:80 - create IPUIPlugin
2025-12-21 22:47:57,850 [INFO] PluginManager:220 - loadIPPluginJar : add dma
2025-12-21 22:47:57,899 [INFO] IPUIPlugin:80 - create IPUIPlugin
2025-12-21 22:47:57,899 [INFO] PluginManager:220 - loadIPPluginJar : add dma3
2025-12-21 22:47:57,953 [INFO] IPUIPlugin:80 - create IPUIPlugin
2025-12-21 22:47:57,953 [INFO] PluginManager:220 - loadIPPluginJar : add extmemmanager
2025-12-21 22:47:57,979 [INFO] IPUIPlugin:80 - create IPUIPlugin
2025-12-21 22:47:57,979 [INFO] PluginManager:220 - loadIPPluginJar : add fatfs
2025-12-21 22:47:58,034 [INFO] IPUIPlugin:80 - create IPUIPlugin
2025-12-21 22:47:58,034 [INFO] PluginManager:220 - loadIPPluginJar : add fmc
2025-12-21 22:47:58,054 [INFO] IPUIPlugin:80 - create IPUIPlugin
2025-12-21 22:47:58,054 [INFO] PluginManager:220 - loadIPPluginJar : add freertos
2025-12-21 22:47:58,080 [INFO] IPUIPlugin:80 - create IPUIPlugin
2025-12-21 22:47:58,081 [INFO] PluginManager:220 - loadIPPluginJar : add genericplugin
2025-12-21 22:47:58,184 [INFO] IPUIPlugin:80 - create IPUIPlugin
2025-12-21 22:47:58,184 [INFO] PluginManager:220 - loadIPPluginJar : add gfxmmu
2025-12-21 22:47:58,330 [INFO] IPUIPlugin:80 - create IPUIPlugin
2025-12-21 22:47:58,330 [INFO] PluginManager:220 - loadIPPluginJar : add gic
2025-12-21 22:47:58,344 [INFO] IPUIPlugin:80 - create IPUIPlugin
2025-12-21 22:47:58,344 [INFO] PluginManager:220 - loadIPPluginJar : add gpio
2025-12-21 22:47:58,438 [INFO] IPUIPlugin:80 - create IPUIPlugin
2025-12-21 22:47:58,438 [INFO] PluginManager:220 - loadIPPluginJar : add gtzc
2025-12-21 22:47:58,478 [INFO] IPUIPlugin:80 - create IPUIPlugin
2025-12-21 22:47:58,478 [INFO] PluginManager:220 - loadIPPluginJar : add hash
2025-12-21 22:47:58,538 [INFO] IPUIPlugin:80 - create IPUIPlugin
2025-12-21 22:47:58,538 [INFO] PluginManager:220 - loadIPPluginJar : add i2c
2025-12-21 22:47:58,585 [INFO] IPUIPlugin:80 - create IPUIPlugin
2025-12-21 22:47:58,585 [INFO] PluginManager:220 - loadIPPluginJar : add i2s
2025-12-21 22:47:58,634 [INFO] IPUIPlugin:80 - create IPUIPlugin
2025-12-21 22:47:58,634 [INFO] PluginManager:220 - loadIPPluginJar : add i3c
2025-12-21 22:47:58,735 [INFO] IPUIPlugin:80 - create IPUIPlugin
2025-12-21 22:47:58,735 [INFO] PluginManager:220 - loadIPPluginJar : add ipddr
2025-12-21 22:47:58,838 [INFO] IPUIPlugin:80 - create IPUIPlugin
2025-12-21 22:47:58,838 [INFO] PluginManager:220 - loadIPPluginJar : add linkedlist
2025-12-21 22:47:58,878 [INFO] IPUIPlugin:80 - create IPUIPlugin
2025-12-21 22:47:58,878 [INFO] PluginManager:220 - loadIPPluginJar : add lorawan
2025-12-21 22:47:58,917 [INFO] IPUIPlugin:80 - create IPUIPlugin
2025-12-21 22:47:58,917 [INFO] PluginManager:220 - loadIPPluginJar : add ltdc
2025-12-21 22:47:58,932 [INFO] IPUIPlugin:80 - create IPUIPlugin
2025-12-21 22:47:58,932 [INFO] PluginManager:220 - loadIPPluginJar : add mdma
2025-12-21 22:47:58,945 [INFO] IPUIPlugin:80 - create IPUIPlugin
2025-12-21 22:47:58,945 [INFO] PluginManager:220 - loadIPPluginJar : add nvic
2025-12-21 22:47:58,988 [INFO] IPUIPlugin:80 - create IPUIPlugin
2025-12-21 22:47:58,989 [INFO] PluginManager:220 - loadIPPluginJar : add opamp
2025-12-21 22:47:59,051 [INFO] IPUIPlugin:80 - create IPUIPlugin
2025-12-21 22:47:59,051 [INFO] PluginManager:220 - loadIPPluginJar : add openamp
2025-12-21 22:47:59,101 [INFO] IPUIPlugin:80 - create IPUIPlugin
2025-12-21 22:47:59,101 [INFO] PluginManager:220 - loadIPPluginJar : add pdm2pcm
2025-12-21 22:47:59,114 [INFO] IPUIPlugin:80 - create IPUIPlugin
2025-12-21 22:47:59,115 [INFO] PluginManager:220 - loadIPPluginJar : add plateformsettings
2025-12-21 22:47:59,143 [INFO] IPUIPlugin:80 - create IPUIPlugin
2025-12-21 22:47:59,143 [INFO] PluginManager:220 - loadIPPluginJar : add quadspi
2025-12-21 22:47:59,180 [INFO] IPUIPlugin:80 - create IPUIPlugin
2025-12-21 22:47:59,180 [INFO] PluginManager:220 - loadIPPluginJar : add radio
2025-12-21 22:47:59,194 [INFO] IPUIPlugin:80 - create IPUIPlugin
2025-12-21 22:47:59,194 [INFO] PluginManager:220 - loadIPPluginJar : add resmgrutility
2025-12-21 22:47:59,246 [INFO] IPUIPlugin:80 - create IPUIPlugin
2025-12-21 22:47:59,246 [INFO] PluginManager:220 - loadIPPluginJar : add sai
2025-12-21 22:47:59,288 [INFO] IPUIPlugin:80 - create IPUIPlugin
2025-12-21 22:47:59,288 [INFO] PluginManager:220 - loadIPPluginJar : add spi
2025-12-21 22:47:59,362 [INFO] IPUIPlugin:80 - create IPUIPlugin
2025-12-21 22:47:59,362 [INFO] PluginManager:220 - loadIPPluginJar : add stm32_wpan
2025-12-21 22:47:59,393 [INFO] IPUIPlugin:80 - create IPUIPlugin
2025-12-21 22:47:59,393 [INFO] PluginManager:220 - loadIPPluginJar : add tim
2025-12-21 22:47:59,465 [INFO] IPUIPlugin:80 - create IPUIPlugin
2025-12-21 22:47:59,465 [INFO] PluginManager:220 - loadIPPluginJar : add touchsensing
2025-12-21 22:47:59,491 [INFO] IPUIPlugin:80 - create IPUIPlugin
2025-12-21 22:47:59,491 [INFO] PluginManager:220 - loadIPPluginJar : add tracer_emb
2025-12-21 22:47:59,519 [INFO] IPUIPlugin:80 - create IPUIPlugin
2025-12-21 22:47:59,519 [INFO] PluginManager:220 - loadIPPluginJar : add ts
2025-12-21 22:47:59,546 [INFO] IPUIPlugin:80 - create IPUIPlugin
2025-12-21 22:47:59,546 [INFO] PluginManager:220 - loadIPPluginJar : add tsc
2025-12-21 22:47:59,573 [INFO] IPUIPlugin:80 - create IPUIPlugin
2025-12-21 22:47:59,573 [INFO] PluginManager:220 - loadIPPluginJar : add ucpd
2025-12-21 22:47:59,626 [INFO] IPUIPlugin:80 - create IPUIPlugin
2025-12-21 22:47:59,626 [INFO] PluginManager:220 - loadIPPluginJar : add usart
2025-12-21 22:47:59,678 [INFO] IPUIPlugin:80 - create IPUIPlugin
2025-12-21 22:47:59,678 [INFO] PluginManager:220 - loadIPPluginJar : add usbx
2025-12-21 22:47:59,790 [FATAL] Updater:351 - Updater called before beeing initialized
2025-12-21 22:47:59,809 [INFO] RulesReader:64 - Compatibility file has been processed (297 Rules)
2025-12-21 22:47:59,816 [INFO] RulesReader:64 - Compatibility file has been processed (297 Rules)
2025-12-21 22:47:59,824 [INFO] CADModel:165 - CPN selected for project level
2025-12-21 22:47:59,824 [INFO] CADModel:114 - Register for checkConnection events
2025-12-21 22:47:59,824 [FATAL] Updater:351 - Updater called before beeing initialized
2025-12-21 22:47:59,824 [ERROR] CADModel:125 - Updater not yet initialized, retry later 
2025-12-21 22:47:59,931 [FATAL] Updater:351 - Updater called before beeing initialized
2025-12-21 22:47:59,933 [INFO] CADModel:165 - CPN selected for project level
2025-12-21 22:47:59,933 [INFO] CADModel:114 - Register for checkConnection events
2025-12-21 22:47:59,933 [FATAL] Updater:351 - Updater called before beeing initialized
2025-12-21 22:47:59,933 [ERROR] CADModel:125 - Updater not yet initialized, retry later 
2025-12-21 22:47:59,937 [FATAL] Updater:351 - Updater called before beeing initialized
2025-12-21 22:48:00,021 [FATAL] Updater:351 - Updater called before beeing initialized
2025-12-21 22:48:00,034 [INFO] DbMcusAds:53 - JSON generation date=Tue Dec 16 00:11:46 CET 2025 (1765840306612)
2025-12-21 22:48:00,034 [FATAL] Updater:351 - Updater called before beeing initialized
2025-12-21 22:48:00,060 [WARN] DetailPanel:346 - Failed to get advertising image, set to default
2025-12-21 22:48:00,065 [INFO] ThirdPartyUpdaterWithRetryManager:70 - Updater plugin not ready yet. [2/15]
2025-12-21 22:48:00,218 [FATAL] Updater:351 - Updater called before beeing initialized
2025-12-21 22:48:00,221 [FATAL] Updater:351 - Updater called before beeing initialized
2025-12-21 22:48:00,221 [FATAL] Updater:351 - Updater called before beeing initialized
2025-12-21 22:48:00,221 [WARN] DetailPanel:346 - Failed to get advertising image, set to default
2025-12-21 22:48:00,222 [FATAL] Updater:351 - Updater called before beeing initialized
2025-12-21 22:48:00,289 [ERROR] Updater:1198 - MainUpdater not yet initialized. External WinMGr cannot be set.
2025-12-21 22:48:00,300 [INFO] Updater:1134 - Updater Version found : 6.13.0
2025-12-21 22:48:00,314 [INFO] ApplicationProperties:184 - Using Application install path: C:\ST\STM32CubeIDE_1.17.0\STM32CubeIDE\plugins\com.st.stm32cube.common.mx_6.13.0.202411220809
2025-12-21 22:48:00,668 [INFO] MainUpdater:2872 - connection check result : 10
2025-12-21 22:48:00,670 [INFO] MainUpdater:289 - Updater Check For Update Now.
2025-12-21 22:48:00,670 [INFO] MicroXplorer:498 - Change Database Version : DB.6.0.130
2025-12-21 22:48:00,688 [INFO] McuFinderGlobals:63 - Set McuFinder mode to 2 (CubeIDE integrated)
2025-12-21 22:48:00,688 [INFO] UserAuth:171 - activating auth plugin
2025-12-21 22:48:00,692 [INFO] UserAuth:486 - Internet connection configuration mode: 1
2025-12-21 22:48:00,731 [INFO] JxBrowserEngine:152 - Initiate JxBrowser Engine with user profile folder
2025-12-21 22:48:00,865 [INFO] CheckServerUpdateThread:120 - End of CheckServer Thread
2025-12-21 22:48:01,876 [INFO] WebApp:168 - Instantiating new browser for Auth
2025-12-21 22:48:02,697 [INFO] WebApp:449 - Apply proxy settings
2025-12-21 22:48:02,697 [INFO] WebApp:534 - Chromium requires no authentication
2025-12-21 22:48:02,730 [INFO] WebApp:477 - Direct internet connection detected
2025-12-21 22:48:02,773 [INFO] WebApp:880 - Register for checkConnection events
2025-12-21 22:48:02,773 [INFO] WebApp:449 - Apply proxy settings
2025-12-21 22:48:02,773 [INFO] WebApp:534 - Chromium requires no authentication
2025-12-21 22:48:02,774 [INFO] WebApp:477 - Direct internet connection detected
2025-12-21 22:48:03,015 [INFO] WebApp:187 - Connection restablished
2025-12-21 22:48:03,166 [INFO] WebApp:221 - Starting web application
2025-12-21 22:48:03,167 [INFO] WebApp:579 - Web application path used C:\ST\STM32CubeIDE_1.17.0\STM32CubeIDE\plugins\com.st.stm32cube.common.mx_6.13.0.202411220809\db\plugins\mcufinder\reactClient1\index.html
2025-12-21 22:48:03,521 [WARN] PackLoader:240 - Cannot read IP mode file for STMicroelectronics.FP-SNS-MOTENVWB1.1.4.0
2025-12-21 22:48:03,545 [WARN] PackLoader:240 - Cannot read IP mode file for STMicroelectronics.FP-ATR-ASTRA1.2.0.2
2025-12-21 22:48:03,563 [WARN] PackLoader:240 - Cannot read IP mode file for STMicroelectronics.FP-ATR-ASTRA1.2.0.1
2025-12-21 22:48:03,586 [WARN] PackLoader:240 - Cannot read IP mode file for STMicroelectronics.X-CUBE-SMBUS.2.1.0
2025-12-21 22:48:03,609 [WARN] PackLoader:240 - Cannot read IP mode file for STMicroelectronics.X-CUBE-WB05N.1.1.0
2025-12-21 22:48:03,629 [WARN] PackLoader:240 - Cannot read IP mode file for STMicroelectronics.X-CUBE-ST60.1.0.0
2025-12-21 22:48:03,663 [WARN] PackLoader:240 - Cannot read IP mode file for STMicroelectronics.X-CUBE-AZRTOS-F7.1.1.0
2025-12-21 22:48:03,822 [WARN] PackLoader:240 - Cannot read IP mode file for STMicroelectronics.X-CUBE-MEMS1.11.0.0
2025-12-21 22:48:03,906 [ERROR] Engine:466 - C:\Users\kamil\.stm32cubemx\thirdparties\pdsc\STMicroelectronics.FP-SNS-MOTENV1.5.1.0.pdsc: PDSC version is not supported
2025-12-21 22:48:03,921 [WARN] PackLoader:240 - Cannot read IP mode file for STMicroelectronics.FP-SNS-FLIGHT1.5.0.2
2025-12-21 22:48:03,954 [WARN] PackLoader:240 - Cannot read IP mode file for STMicroelectronics.X-CUBE-AZRTOS-H7.3.4.0
2025-12-21 22:48:03,972 [WARN] PackLoader:240 - Cannot read IP mode file for STMicroelectronics.X-CUBE-DISPLAY.3.0.0
2025-12-21 22:48:03,990 [WARN] PackLoader:240 - Cannot read IP mode file for STMicroelectronics.X-CUBE-BLE1.7.0.0
2025-12-21 22:48:04,006 [WARN] PackLoader:240 - Cannot read IP mode file for STMicroelectronics.X-CUBE-NFC10.1.0.0
2025-12-21 22:48:04,024 [WARN] PackLoader:240 - Cannot read IP mode file for STMicroelectronics.X-CUBE-BLEMGR.4.0.0
2025-12-21 22:48:04,038 [WARN] PackLoader:240 - Cannot read IP mode file for STMicroelectronics.X-CUBE-ST60.1.1.0
2025-12-21 22:48:04,057 [WARN] PackLoader:240 - Cannot read IP mode file for emotas.I-CUBE-CANOPEN.1.3.0
2025-12-21 22:48:04,073 [WARN] PackLoader:240 - Cannot read IP mode file for STMicroelectronics.X-CUBE-GNSS1.7.1.0
2025-12-21 22:48:04,121 [WARN] PackLoader:240 - Cannot read IP mode file for STMicroelectronics.X-CUBE-BLEMGR.3.1.0
2025-12-21 22:48:04,134 [WARN] PackLoader:240 - Cannot read IP mode file for STMicroelectronics.X-CUBE-AI.10.0.0
2025-12-21 22:48:04,147 [ERROR] Engine:466 - C:\Users\kamil\.stm32cubemx\thirdparties\pdsc\STMicroelectronics.FP-SNS-STBOX1.2.1.0.pdsc: PDSC version is not supported
2025-12-21 22:48:04,161 [WARN] PackLoader:240 - Cannot read IP mode file for STMicroelectronics.FP-SNS-SMARTAG2.1.2.0
2025-12-21 22:48:04,174 [WARN] PackLoader:240 - Cannot read IP mode file for STMicroelectronics.FP-SNS-FLIGHT1.5.1.0
2025-12-21 22:48:04,209 [WARN] PackLoader:240 - Cannot read IP mode file for STMicroelectronics.X-CUBE-MEMS1.11.1.0
2025-12-21 22:48:04,314 [INFO] LogOutputStream:77 - [STDOUT_REDIRECT] 1 : Invalid condition id : UX_CORESTACK_Condition cause : null
2025-12-21 22:48:04,314 [INFO] LogOutputStream:77 - [STDOUT_REDIRECT] 1 : Invalid condition id : UX_CORESTACK_Condition cause : null
2025-12-21 22:48:04,315 [INFO] LogOutputStream:77 - [STDOUT_REDIRECT] 1 : Invalid condition id : UX_CORESTACK_Condition cause : null
2025-12-21 22:48:04,317 [INFO] LogOutputStream:77 - [STDOUT_REDIRECT] 1 : Invalid condition id : UX_CORESTACK_Condition cause : null
2025-12-21 22:48:04,318 [INFO] LogOutputStream:77 - [STDOUT_REDIRECT] 1 : Invalid condition id : UX_CORESTACK_Condition cause : null
2025-12-21 22:48:04,320 [WARN] PackLoader:240 - Cannot read IP mode file for STMicroelectronics.X-CUBE-AZRTOS-WL.2.0.0
2025-12-21 22:48:04,342 [WARN] PackLoader:240 - Cannot read IP mode file for STMicroelectronics.FP-SNS-MOTENV1.5.0.0
2025-12-21 22:48:04,373 [WARN] PackLoader:240 - Cannot read IP mode file for STMicroelectronics.X-CUBE-AZRTOS-H7RS.1.2.0
2025-12-21 22:48:04,388 [WARN] PackLoader:240 - Cannot read IP mode file for wolfSSL.I-CUBE-wolfMQTT.1.19.0
2025-12-21 22:48:04,408 [WARN] PackLoader:240 - Cannot read IP mode file for WES.I-CUBE-Cesium.1.3.0
2025-12-21 22:48:04,425 [WARN] PackLoader:240 - Cannot read IP mode file for STMicroelectronics.X-CUBE-BLE2.3.3.0
2025-12-21 22:48:04,473 [WARN] PackLoader:240 - Cannot read IP mode file for STMicroelectronics.X-CUBE-NFC9.1.0.0
2025-12-21 22:48:04,487 [WARN] PackLoader:240 - Cannot read IP mode file for STMicroelectronics.X-CUBE-BLE1.7.1.0
2025-12-21 22:48:04,500 [WARN] PackLoader:240 - Cannot read IP mode file for STMicroelectronics.X-CUBE-TCPP.4.1.0
2025-12-21 22:48:04,513 [ERROR] Engine:466 - C:\Users\kamil\.stm32cubemx\thirdparties\pdsc\STMicroelectronics.X-CUBE-FREERTOS.1.4.0.pdsc: PDSC version is not supported
2025-12-21 22:48:04,526 [WARN] PackLoader:240 - Cannot read IP mode file for STMicroelectronics.X-CUBE-EEPRMA1.5.2.0
2025-12-21 22:48:04,541 [ERROR] Engine:466 - C:\Users\kamil\.stm32cubemx\thirdparties\pdsc\STMicroelectronics.X-CUBE-ST67W61.1.1.0.pdsc: PDSC version is not supported
2025-12-21 22:48:04,582 [WARN] PackLoader:240 - Cannot read IP mode file for STMicroelectronics.X-CUBE-MEMS1.12.0.0
2025-12-21 22:48:04,635 [WARN] PackLoader:240 - Cannot read IP mode file for STMicroelectronics.X-CUBE-AZRTOS-G0.1.1.0
2025-12-21 22:48:04,651 [WARN] PackLoader:240 - Cannot read IP mode file for STMicroelectronics.X-CUBE-SAFEA1.1.2.2
2025-12-21 22:48:04,666 [WARN] PackLoader:240 - Cannot read IP mode file for STMicroelectronics.X-CUBE-NFC4.3.0.0
2025-12-21 22:48:04,681 [WARN] PackLoader:240 - Cannot read IP mode file for EmbeddedOffice.I-CUBE-FS-RTOS.1.0.1
2025-12-21 22:48:04,696 [WARN] PackLoader:240 - Cannot read IP mode file for STMicroelectronics.X-CUBE-WB05N.2.0.0
2025-12-21 22:48:04,710 [WARN] PackLoader:240 - Cannot read IP mode file for STMicroelectronics.X-CUBE-TCPP.4.2.0
2025-12-21 22:48:04,727 [WARN] PackLoader:240 - Cannot read IP mode file for RealThread.X-CUBE-RT-Thread_Nano.4.1.1
2025-12-21 22:48:04,742 [WARN] PackLoader:240 - Cannot read IP mode file for STMicroelectronics.FP-ATR-SIGFOX1.3.2.0
2025-12-21 22:48:04,761 [WARN] PackLoader:240 - Cannot read IP mode file for wolfSSL.I-CUBE-wolfSSL.5.7.2
2025-12-21 22:48:04,775 [WARN] ConditionMgr:438 - getConditionDescription Invalid condition id : Cortex-A Device cause : null
2025-12-21 22:48:04,793 [WARN] ConditionMgr:1044 - genDependencies : Invalid condition id : Cortex-A Device cause : null
2025-12-21 22:48:04,793 [WARN] ConditionMgr:1044 - genDependencies : Invalid condition id : Cortex-A Device cause : null
2025-12-21 22:48:04,793 [WARN] ConditionMgr:1044 - genDependencies : Invalid condition id : Cortex-A Device cause : null
2025-12-21 22:48:04,806 [WARN] PackLoader:240 - Cannot read IP mode file for STMicroelectronics.X-CUBE-EEPRMA1.5.1.0
2025-12-21 22:48:04,823 [WARN] PackLoader:240 - Cannot read IP mode file for ITTIA_DB.I-CUBE-ITTIADB.8.9.0
2025-12-21 22:48:04,841 [WARN] PackLoader:240 - Cannot read IP mode file for STMicroelectronics.X-CUBE-ST67W61.1.0.0
2025-12-21 22:48:04,855 [WARN] PackLoader:240 - Cannot read IP mode file for STMicroelectronics.X-CUBE-AI.10.2.0
2025-12-21 22:48:04,878 [WARN] PackLoader:240 - Cannot read IP mode file for SEGGER.I-CUBE-embOS.1.3.1
2025-12-21 22:48:04,904 [WARN] PackLoader:240 - Cannot read IP mode file for STMicroelectronics.X-CUBE-ALGOBUILD.1.4.0
2025-12-21 22:48:04,937 [WARN] PackLoader:240 - Cannot read IP mode file for STMicroelectronics.X-CUBE-MEMS1.11.3.0
2025-12-21 22:48:04,997 [WARN] PackLoader:240 - Cannot read IP mode file for STMicroelectronics.X-CUBE-AI.9.1.0
2025-12-21 22:48:05,011 [WARN] PackLoader:240 - Cannot read IP mode file for STMicroelectronics.X-CUBE-PM33A1.1.0.0
2025-12-21 22:48:05,030 [WARN] PackLoader:240 - Cannot read IP mode file for STMicroelectronics.X-CUBE-AZRTOS-F4.1.1.0
2025-12-21 22:48:05,044 [WARN] PackLoader:240 - Cannot read IP mode file for STMicroelectronics.X-CUBE-ISPU.2.1.0
2025-12-21 22:48:05,058 [ERROR] Engine:466 - C:\Users\kamil\.stm32cubemx\thirdparties\pdsc\STMicroelectronics.X-CUBE-IPS.3.2.0.pdsc: PDSC version is not supported
2025-12-21 22:48:05,073 [WARN] PackLoader:240 - Cannot read IP mode file for STMicroelectronics.X-CUBE-FREERTOS.1.2.0
2025-12-21 22:48:05,089 [WARN] PackLoader:240 - Cannot read IP mode file for STMicroelectronics.X-CUBE-NFC12.1.0.0
2025-12-21 22:48:05,112 [WARN] PackLoader:240 - Cannot read IP mode file for STMicroelectronics.X-CUBE-AZRTOS-L5.2.0.0
2025-12-21 22:48:05,129 [WARN] PackLoader:240 - Cannot read IP mode file for STMicroelectronics.X-CUBE-NFC6.3.1.0
2025-12-21 22:48:05,146 [WARN] PackLoader:240 - Cannot read IP mode file for STMicroelectronics.X-CUBE-DPower.1.2.0
2025-12-21 22:48:05,161 [WARN] PackLoader:240 - Cannot read IP mode file for STMicroelectronics.X-CUBE-FREERTOS.1.3.1
2025-12-21 22:48:05,175 [WARN] PackLoader:240 - Cannot read IP mode file for STMicroelectronics.X-CUBE-FREERTOS.1.3.0
2025-12-21 22:48:05,191 [WARN] PackLoader:240 - Cannot read IP mode file for STMicroelectronics.X-CUBE-NFC7.1.0.1
2025-12-21 22:48:05,206 [WARN] PackLoader:240 - Cannot read IP mode file for STMicroelectronics.X-CUBE-TOUCHGFX.4.26.0
2025-12-21 22:48:05,223 [WARN] PackLoader:240 - Cannot read IP mode file for STMicroelectronics.FP-SNS-STAIOTCFT.1.0.0
2025-12-21 22:48:05,237 [WARN] PackLoader:240 - Cannot read IP mode file for STMicroelectronics.X-CUBE-DPower.1.3.0
2025-12-21 22:48:05,260 [WARN] ConditionMgr:438 - getConditionDescription Invalid condition id : LAN8742 Phy interface Condition cause : null
2025-12-21 22:48:05,260 [WARN] PackLoader:240 - Cannot read IP mode file for STMicroelectronics.X-CUBE-AZRTOS-L4.2.0.0
2025-12-21 22:48:05,260 [WARN] ConditionMgr:1044 - genDependencies : Invalid condition id : LAN8742 Phy interface Condition cause : null
2025-12-21 22:48:05,260 [WARN] ConditionMgr:1044 - genDependencies : Invalid condition id : LAN8742 Phy interface Condition cause : null
2025-12-21 22:48:05,260 [WARN] ConditionMgr:1044 - genDependencies : Invalid condition id : LAN8742 Phy interface Condition cause : null
2025-12-21 22:48:05,275 [WARN] PackLoader:240 - Cannot read IP mode file for STMicroelectronics.X-CUBE-SFXS2LP1.4.0.0
2025-12-21 22:48:05,296 [WARN] PackLoader:240 - Cannot read IP mode file for STMicroelectronics.X-CUBE-AZRTOS-H7.3.3.0
2025-12-21 22:48:05,321 [WARN] PackLoader:240 - Cannot read IP mode file for STMicroelectronics.X-CUBE-BLEMGR.4.1.0
2025-12-21 22:48:05,348 [WARN] PackLoader:240 - Cannot read IP mode file for STMicroelectronics.X-CUBE-IPS.3.0.0
2025-12-21 22:48:05,390 [WARN] ConditionMgr:438 - getConditionDescription Invalid condition id : UX DEVICE CLASS RTOS Condition cause : null
2025-12-21 22:48:05,391 [WARN] ConditionMgr:438 - getConditionDescription Invalid condition id : UX DEVICE CLASS RTOS Condition cause : null
2025-12-21 22:48:05,392 [WARN] PackLoader:240 - Cannot read IP mode file for STMicroelectronics.X-CUBE-AZRTOS-WB.2.0.0
2025-12-21 22:48:05,393 [WARN] ConditionMgr:1044 - genDependencies : Invalid condition id : UX DEVICE CLASS RTOS Condition cause : null
2025-12-21 22:48:05,393 [WARN] ConditionMgr:1044 - genDependencies : Invalid condition id : UX DEVICE CLASS RTOS Condition cause : null
2025-12-21 22:48:05,393 [WARN] ConditionMgr:1044 - genDependencies : Invalid condition id : UX DEVICE CLASS RTOS Condition cause : null
2025-12-21 22:48:05,393 [WARN] ConditionMgr:1044 - genDependencies : Invalid condition id : UX DEVICE CLASS RTOS Condition cause : null
2025-12-21 22:48:05,393 [WARN] ConditionMgr:1044 - genDependencies : Invalid condition id : UX DEVICE CLASS RTOS Condition cause : null
2025-12-21 22:48:05,417 [WARN] PackLoader:240 - Cannot read IP mode file for STMicroelectronics.X-CUBE-GNSS1.7.0.0
2025-12-21 22:48:05,436 [WARN] PackLoader:240 - Cannot read IP mode file for STMicroelectronics.X-CUBE-GNSS1.7.0.1
2025-12-21 22:48:05,451 [WARN] PackLoader:240 - Cannot read IP mode file for STMicroelectronics.X-CUBE-TOUCHGFX.4.25.0
2025-12-21 22:48:05,467 [WARN] PackLoader:240 - Cannot read IP mode file for STMicroelectronics.FP-SNS-STBOX1.2.0.0
2025-12-21 22:48:05,483 [WARN] PackLoader:240 - Cannot read IP mode file for STMicroelectronics.X-CUBE-SUBG2.5.0.0
2025-12-21 22:48:05,506 [WARN] PackLoader:240 - Cannot read IP mode file for STMicroelectronics.X-CUBE-AZRTOS-H7RS.1.1.0
2025-12-21 22:48:05,520 [WARN] PackLoader:240 - Cannot read IP mode file for Cesanta.I-CUBE-Mongoose.7.13.0
2025-12-21 22:48:05,539 [WARN] PackLoader:240 - Cannot read IP mode file for STMicroelectronics.X-CUBE-AZRTOS-G4.2.0.0
2025-12-21 22:48:05,551 [WARN] PackLoader:240 - Cannot read IP mode file for STMicroelectronics.X-CUBE-NFC7.2.0.0
2025-12-21 22:48:05,566 [WARN] PackLoader:240 - Cannot read IP mode file for STMicroelectronics.X-CUBE-IPS.3.1.0
2025-12-21 22:48:05,580 [WARN] PackLoader:240 - Cannot read IP mode file for STMicroelectronics.X-CUBE-ALS.1.0.2
2025-12-21 22:48:05,592 [WARN] PackLoader:240 - Cannot read IP mode file for STMicroelectronics.X-CUBE-TOUCHGFX.4.24.1
2025-12-21 22:48:05,605 [WARN] PackLoader:240 - Cannot read IP mode file for STMicroelectronics.X-CUBE-STSE01.1.0.0
2025-12-21 22:48:05,617 [WARN] PackLoader:240 - Cannot read IP mode file for wolfSSL.I-CUBE-wolfTPM.3.4.0
2025-12-21 22:48:05,630 [WARN] PackLoader:240 - Cannot read IP mode file for portGmbH.I-Cube-SoM-uGOAL.1.1.0
2025-12-21 22:48:05,650 [WARN] PackLoader:240 - Cannot read IP mode file for STMicroelectronics.X-CUBE-AZRTOS-H7RS.1.0.0
2025-12-21 22:48:05,663 [WARN] PackLoader:240 - Cannot read IP mode file for STMicroelectronics.FP-ATR-ASTRA1.2.0.0
2025-12-21 22:48:05,678 [WARN] PackLoader:240 - Cannot read IP mode file for STMicroelectronics.X-CUBE-TOF1.3.4.2
2025-12-21 22:48:05,697 [WARN] PackLoader:240 - Cannot read IP mode file for STMicroelectronics.X-CUBE-TOF1.3.4.3
2025-12-21 22:48:05,721 [WARN] PackLoader:240 - Cannot read IP mode file for Infineon.AIROC-Wi-Fi-Bluetooth-STM32.1.6.1
2025-12-21 22:48:05,737 [WARN] PackLoader:240 - Cannot read IP mode file for wolfSSL.I-CUBE-wolfSSH.1.4.17
2025-12-21 22:48:05,738 [INFO] ThirdParty:978 - Integrity check success = true
2025-12-21 22:48:05,738 [INFO] IntegrityCheckThread:100 - exiting critical section [integrity check]
2025-12-21 22:48:05,738 [INFO] IntegrityCheckThread:103 - End integrity checks thread
2025-12-21 23:09:58,638 [INFO] McuFinderGlobals:63 - Set McuFinder mode to 2 (CubeIDE integrated)
2025-12-21 23:09:58,670 [INFO] MainUpdater:2872 - connection check result : 10
2025-12-21 23:09:58,681 [INFO] MainUpdater:2872 - connection check result : 10
2025-12-21 23:09:58,869 [INFO] MicroXplorer:468 - Change Database Path : 
2025-12-21 23:09:58,869 [INFO] MicroXplorer:498 - Change Database Version : DB.6.0.130
2025-12-21 23:09:58,875 [WARN] ThirdParty:871 - waiting for thirdparty lock release [close project]
2025-12-21 23:09:58,875 [INFO] ThirdParty:873 - entering critical section [close project]
2025-12-21 23:09:58,879 [INFO] ThirdParty:883 - exiting critical section [close project]
2025-12-21 23:09:58,880 [INFO] PinOutPanel:1589 - setPackage(No Configuration,No Configuration)
2025-12-21 23:09:58,888 [INFO] UtilMem:75 - Begin LoadConfig() Used Memory: 959491744 Bytes (1073741824)
2025-12-21 23:09:58,891 [INFO] MicroXplorer:468 - Change Database Path : 
2025-12-21 23:09:58,891 [INFO] MicroXplorer:498 - Change Database Version : DB.6.0.130
2025-12-21 23:09:58,891 [INFO] OpenFileManager:332 - Change cursor
2025-12-21 23:09:58,956 [INFO] Mcu:2035 - Initializing MCU STM32H743IITx STM32H743IITx STM32H743IIT6
2025-12-21 23:10:02,875 [INFO] Context:748 - Trying to add GPIOservice into a context  which must be forbidden
2025-12-21 23:10:04,215 [INFO] RtosManager:555 - Registered RTOS mode: class=CMSIS, group=RTOS, mode=CMSIS_V1, owner=FREERTOS
2025-12-21 23:10:04,215 [INFO] RtosManager:555 - Registered RTOS mode: class=CMSIS, group=RTOS2, mode=CMSIS_V2, owner=FREERTOS
2025-12-21 23:10:04,215 [INFO] RtosManager:555 - Registered RTOS mode: class=RTOS, group=Core, mode=CMSIS_V1, owner=FREERTOS
2025-12-21 23:10:04,215 [INFO] RtosManager:555 - Registered RTOS mode: class=RTOS, group=Core, mode=CMSIS_V2, owner=FREERTOS
2025-12-21 23:10:04,215 [WARN] ModelIntegratedComponent:184 - Missing modes for component STMicroelectronics:FreeRTOS:0.0.1:STMicroelectronics:RTOS:FreeRTOS:Core:::10.2.0:
2025-12-21 23:10:04,221 [WARN] ModelIntegratedComponent:63 - No mode defined for component null
2025-12-21 23:10:04,221 [WARN] ModelIntegratedComponent:63 - No mode defined for component null
2025-12-21 23:10:04,221 [WARN] ModelIntegratedComponent:63 - No mode defined for component null
2025-12-21 23:10:04,221 [WARN] ModelIntegratedComponent:63 - No mode defined for component null
2025-12-21 23:10:04,221 [WARN] ModelIntegratedComponent:63 - No mode defined for component null
2025-12-21 23:10:04,221 [WARN] ModelIntegratedComponent:63 - No mode defined for component null
2025-12-21 23:10:04,221 [WARN] ModelIntegratedComponent:63 - No mode defined for component null
2025-12-21 23:10:04,221 [WARN] ModelIntegratedComponent:63 - No mode defined for component null
2025-12-21 23:10:04,221 [WARN] ModelIntegratedComponent:63 - No mode defined for component null
2025-12-21 23:10:04,221 [WARN] ModelIntegratedComponent:63 - No mode defined for component null
2025-12-21 23:10:04,221 [WARN] ModelIntegratedComponent:63 - No mode defined for component null
2025-12-21 23:10:04,221 [WARN] ModelIntegratedComponent:63 - No mode defined for component null
2025-12-21 23:10:04,221 [WARN] ModelIntegratedComponent:63 - No mode defined for component null
2025-12-21 23:10:04,221 [WARN] ModelIntegratedComponent:63 - No mode defined for component null
2025-12-21 23:10:04,221 [WARN] ModelIntegratedComponent:63 - No mode defined for component null
2025-12-21 23:10:04,221 [WARN] ModelIntegratedComponent:63 - No mode defined for component null
2025-12-21 23:10:04,221 [WARN] ModelIntegratedComponent:63 - No mode defined for component null
2025-12-21 23:10:04,221 [WARN] ModelIntegratedComponent:63 - No mode defined for component null
2025-12-21 23:10:04,222 [WARN] ModelIntegratedComponent:63 - No mode defined for component null
2025-12-21 23:10:04,222 [WARN] ModelIntegratedComponent:63 - No mode defined for component null
2025-12-21 23:10:04,222 [WARN] ModelIntegratedComponent:63 - No mode defined for component null
2025-12-21 23:10:04,222 [WARN] ModelIntegratedComponent:63 - No mode defined for component null
2025-12-21 23:10:04,222 [WARN] ModelIntegratedComponent:63 - No mode defined for component null
2025-12-21 23:10:04,222 [WARN] ModelIntegratedComponent:63 - No mode defined for component null
2025-12-21 23:10:04,222 [WARN] ModelIntegratedComponent:63 - No mode defined for component null
2025-12-21 23:10:04,222 [WARN] ModelIntegratedComponent:63 - No mode defined for component null
2025-12-21 23:10:04,222 [WARN] ModelIntegratedComponent:63 - No mode defined for component null
2025-12-21 23:10:04,222 [WARN] ModelIntegratedComponent:63 - No mode defined for component null
2025-12-21 23:10:04,222 [WARN] ModelIntegratedComponent:63 - No mode defined for component null
2025-12-21 23:10:04,222 [WARN] ModelIntegratedComponent:63 - No mode defined for component null
2025-12-21 23:10:04,222 [WARN] ModelIntegratedComponent:63 - No mode defined for component null
2025-12-21 23:10:04,222 [WARN] ModelIntegratedComponent:63 - No mode defined for component null
2025-12-21 23:10:04,222 [WARN] ModelIntegratedComponent:63 - No mode defined for component null
2025-12-21 23:10:04,222 [WARN] ModelIntegratedComponent:63 - No mode defined for component null
2025-12-21 23:10:04,222 [WARN] ModelIntegratedComponent:63 - No mode defined for component null
2025-12-21 23:10:04,222 [WARN] ModelPack:524 - Component already loaded: STMicroelectronics:HAL Drivers:0.0.0:STMicroelectronics:Device:STMicro_Driver:XSPI:HAL::0.0.1:HAL_XSPI
2025-12-21 23:10:04,396 [INFO] ThirdPartyModel:298 - Start build external matchings
2025-12-21 23:10:05,273 [INFO] ThirdPartyModel:316 - End build external matchings
2025-12-21 23:10:05,293 [WARN] IP:2251 - ClockDivider not found: check if there is a RefParameter without a condition.
2025-12-21 23:10:05,294 [WARN] IP:2251 - ClockDividerCCU not found: check if there is a RefParameter without a condition.
2025-12-21 23:10:05,294 [WARN] IP:2251 - MinOscClkPeriodsCCU not found: check if there is a RefParameter without a condition.
2025-12-21 23:10:05,294 [WARN] IP:2251 - TimeQuantaPerBitTimeCCU not found: check if there is a RefParameter without a condition.
2025-12-21 23:10:05,294 [WARN] IP:2251 - WatchdogStartValueCCU not found: check if there is a RefParameter without a condition.
2025-12-21 23:10:05,979 [INFO] ApiDb:581 - Connected to CubeFinder SQLite database (C:\Users\kamil\.stmcufinder\plugins\mcufinder\mcu\cube-finder-db.db)
2025-12-21 23:10:06,059 [INFO] ApiDb:668 - CubeFinder database Data Model version=2.1
2025-12-21 23:10:06,059 [INFO] ApiDb:669 - CubeFinder database Configuration version=3.0.39
2025-12-21 23:10:06,060 [INFO] ApiDb:670 - CubeFinder database generation date=2025-11-05 (1762334721)
2025-12-21 23:10:06,060 [INFO] ApiDb:671 - CubeFinder database FW Pack versions=[FP-ATR-ASTRA1_V2.0.0, FP-SNS-FLIGHT1_V5.1.0, FP-SNS-MOTENV1_V5.1.0, FP-SNS-MOTENVWB1_V1.4.0, FP-SNS-SMARTAG2_V1.2.0, FP-SNS-STBOX1_V2.1.0, STM32Cube_FW_C0_V1.4.0, STM32Cube_FW_F4_V1.28.3, STM32Cube_FW_F7_V1.17.4, STM32Cube_FW_G0_V1.6.2, STM32Cube_FW_G4_V1.6.1, STM32Cube_FW_H5_V1.5.1, STM32Cube_FW_H7RS_V1.3.0, STM32Cube_FW_H7_V1.12.1, STM32Cube_FW_L0_V1.12.2, STM32Cube_FW_L4_V1.18.1, STM32Cube_FW_L5_V1.6.0, STM32Cube_FW_N6_V1.3.0, STM32Cube_FW_U0_V1.3.0, STM32Cube_FW_U3_V1.2.1, STM32Cube_FW_U5_V1.8.0, STM32Cube_FW_WB0_V1.4.0, STM32Cube_FW_WBA_V1.8.0, STM32Cube_FW_WB_V1.24.0, STM32Cube_FW_WL3_V1.3.0, STM32Cube_FW_WL_V1.4.0, X-CUBE-ALGOBUILD_V1.4.0, X-CUBE-ALS_V1.0.2, X-CUBE-AZRTOS-F4_V1.1.0, X-CUBE-AZRTOS-F7_V1.1.0, X-CUBE-AZRTOS-G0_V1.1.0, X-CUBE-AZRTOS-G4_V2.0.0, X-CUBE-AZRTOS-H7RS_V1.1.0, X-CUBE-AZRTOS-H7_V3.4.0, X-CUBE-AZRTOS-L4_V2.0.0, X-CUBE-AZRTOS-L5_V2.0.0, X-CUBE-AZRTOS-WB_V2.0.0, X-CUBE-AZRTOS-WL_V2.0.0, X-CUBE-BLE1_V7.1.0, X-CUBE-BLE2_V3.3.0, X-CUBE-BLEMGR_V4.1.0, X-CUBE-EEPRMA1_V5.2.0, X-CUBE-FREERTOS_V1.3.1, X-CUBE-GNSS1_V6.0.0, X-CUBE-MEMS1_V11.3.0, X-CUBE-NFC4_V3.0.0, X-CUBE-NFC7_V2.0.0, X-CUBE-SFXS2LP1_V4.0.0, X-CUBE-ST67W61_V1.1.0, X-CUBE-SUBG2_V5.0.0, X-CUBE-TOF1_V3.4.3]
2025-12-21 23:10:06,158 [INFO] DbBoardsSqlite:226 - include board P-NUCLEO-WB55-NUCLEO as a kit item of type 'Nucleo-64'
2025-12-21 23:10:06,158 [INFO] DbBoardsSqlite:226 - include board P-NUCLEO-WB55-USBDONGLE as a kit item of type 'Nucleo USB Dongle'
2025-12-21 23:10:06,159 [INFO] DbBoardsSqlite:226 - include board STEVAL-IDP005V1 as a kit item of type 'Evaluation Board'
2025-12-21 23:10:06,159 [INFO] DbBoardsSqlite:226 - include board STEVAL-IDP005V2 as a kit item of type 'Evaluation Board'
2025-12-21 23:10:06,421 [INFO] ApiDb:240 - Found 858 in-development CPN: [B-G473E-ZEST1S, B-WB1M-WPAN1, B-WBA5M-WPAN, B-WL5M-SUBG1, NUCLEO-C031C6, NUCLEO-C051C8, NUCLEO-C071RB, NUCLEO-C092RC, NUCLEO-H503RB, NUCLEO-H533RE, NUCLEO-H563ZI, NUCLEO-H7S3L8, NUCLEO-N657X0-Q, NUCLEO-U031R8, NUCLEO-U083RC, NUCLEO-U385RG-Q, NUCLEO-U545RE-Q, NUCLEO-U5A5ZJ-Q, NUCLEO-WB05KZ, NUCLEO-WB07CC, NUCLEO-WB09KE, NUCLEO-WBA52CG, NUCLEO-WBA55CG, NUCLEO-WL33CC1, NUCLEO-WL33CC2, STEVAL-PROTEUS1, STEVAL-SMARTAG2, STEVAL-STWINBX1, STM320518-EVAL, STM32C0116-DK, STM32C011D6Y3TR, STM32C011D6Y6TR, STM32C011F4P3, STM32C011F4P6, STM32C011F4U3, STM32C011F4U6TR, STM32C011F6P3, STM32C011F6P6, STM32C011F6U3, STM32C011F6U6TR, STM32C011J4M3, STM32C011J4M6, STM32C011J6M3, STM32C011J6M6, STM32C0316-DK, STM32C031C4T3, STM32C031C4T6, STM32C031C4U3, STM32C031C4U6, STM32C031C6T3, STM32C031C6T6, STM32C031C6U3, STM32C031C6U6, STM32C031F4P3, STM32C031F4P6, STM32C031F6P3, STM32C031F6P6, STM32C031G4U3, STM32C031G4U6, STM32C031G6U3, STM32C031G6U6, STM32C031K4T3, STM32C031K4T6, STM32C031K4U3, STM32C031K4U6, STM32C031K6T3, STM32C031K6T6, STM32C031K6U3, STM32C031K6U6, STM32C051C6T6, STM32C051C6U6, STM32C051C8T6, STM32C051C8U6, STM32C051D8Y6TR, STM32C051F6P6, STM32C051F8P6, STM32C051G6U6, STM32C051G8U6, STM32C051K6T6, STM32C051K6U6, STM32C051K8T6, STM32C071C8T6, STM32C071C8T6N, STM32C071C8U6, STM32C071C8U6N, STM32C071CBT6, STM32C071CBT6N, STM32C071CBU6, STM32C071CBU6N, STM32C071F8P6, STM32C071F8P6N, STM32C071FBP6, STM32C071FBP6N, STM32C071FBY6TR, STM32C071G8U6, STM32C071G8U6N, STM32C071GBU6, STM32C071GBU6N, STM32C071K8T6, STM32C071K8T6N, STM32C071K8U6, STM32C071K8U6N, STM32C071KBT6, STM32C071KBT6N, STM32C071KBU6, STM32C071KBU6N, STM32C071R8T6, STM32C071R8T6N, STM32C071RBI6N, STM32C071RBT6, STM32C071RBT6N, STM32C091CBT6, STM32C091CBU6, STM32C091CCT6, STM32C091CCU6, STM32C091ECY6TR, STM32C091FBP6, STM32C091FCP6, STM32C091GBU6, STM32C091GCU6, STM32C091KBT6, STM32C091KBU6, STM32C091KCT6, STM32C091KCU6, STM32C091RBT6, STM32C091RCI6, STM32C091RCT6, STM32C092CBT6, STM32C092CBU6, STM32C092CCT6, STM32C092CCU6, STM32C092ECY6TR, STM32C092FBP6, STM32C092FCP6, STM32C092GBU6, STM32C092GCU6, STM32C092KBT6, STM32C092KBU6, STM32C092KCT6, STM32C092KCU6, STM32C092RBT6, STM32C092RCI6, STM32C092RCT6, STM32G071K8TXN, STM32G071K8UXN, STM32G081GBU6N, STM32G081KBT6N, STM32G081KBUXN, STM32G0B1CCT6N, STM32G0B1KCT6, STM32G0B1NEY6TR, STM32G0B1RCT6N, STM32G0C1CCT6, STM32G0C1CCT6N, STM32G0C1CCU6N, STM32G0C1CET6N, STM32G0C1CEU6N, STM32G0C1KCT6, STM32G0C1NEY6TR, STM32G0C1RCI6N, STM32G0C1RCT6N, STM32G0C1REI6N, STM32G0C1RET6N, STM32G0C1VCI6, STM32G0C1VEI6, STM32G411C6T3, STM32G411C6T6, STM32G411C6U3, STM32G411C6U6, STM32G411C8T3, STM32G411C8T6, STM32G411C8U3, STM32G411C8U6, STM32G411CBT3, STM32G411CBT6, STM32G411CBU3, STM32G411CBU6, STM32G411CCT3, STM32G411CCT6, STM32G411CCU3, STM32G411CCU6, STM32G411K6T3, STM32G411K6T6, STM32G411K6U3, STM32G411K6U6, STM32G411K8T3, STM32G411K8T6, STM32G411K8U3, STM32G411K8U6, STM32G411KBT3, STM32G411KBT6, STM32G411KBU3, STM32G411KBU6, STM32G411M6T3, STM32G411M6T6, STM32G411M8T3, STM32G411M8T6, STM32G411MBT3, STM32G411MBT6, STM32G411MCT3, STM32G411MCT6, STM32G411R6T3, STM32G411R6T6, STM32G411R8T3, STM32G411R8T6, STM32G411RBT3, STM32G411RBT6, STM32G411RCT3, STM32G411RCT6, STM32G414CBT3, STM32G414CBT6, STM32G414CBU3, STM32G414CBU6, STM32G414CCT3, STM32G414CCT6, STM32G414CCU3, STM32G414CCU6, STM32G414MBT3, STM32G414MBT6, STM32G414MCT3, STM32G414MCT6, STM32G414RBT3, STM32G414RBT6, STM32G414RCT3, STM32G414RCT6, STM32G414VBT3, STM32G414VBT6, STM32G414VCT3, STM32G414VCT6, STM32G431CBT3Z, STM32G431RBT3Z, STM32G471CCT6, STM32G471CCU6, STM32G471CET3, STM32G471CET6, STM32G471CEU3, STM32G471CEU6, STM32G471MCT6, STM32G471MET3, STM32G471MET6, STM32G471MEY6TR, STM32G471QCT6, STM32G471QET3, STM32G471RCT6, STM32G471RET3, STM32G471RET6, STM32G471VCH6, STM32G471VCI6, STM32G471VCT6, STM32G471VEH3, STM32G471VEH6, STM32G471VEI3, STM32G471VEI6, STM32G471VET3, STM32G471VET6, STM32G473QET3Z, STM32G473RET3Z, STM32G474CCT6, STM32G491RET3Z, STM32H503CBT6, STM32H503CBU6, STM32H503EBY6TR, STM32H503KBU6, STM32H503RBT6, STM32H523CCT6, STM32H523CCU6, STM32H523CET6, STM32H523CEU6, STM32H523HEY6TR, STM32H523RCT6, STM32H523RET6, STM32H523VCI6, STM32H523VCT6, STM32H523VEI6, STM32H523VET6, STM32H523ZCJ6, STM32H523ZCT6, STM32H523ZEJ6, STM32H523ZET6, STM32H533CET6, STM32H533CEU6, STM32H533HEY6TR, STM32H533RET6, STM32H533VEI6, STM32H533VET6, STM32H533ZEJ6, STM32H533ZET6, STM32H562AGI6, STM32H562AII6, STM32H562IGK6, STM32H562IGT6, STM32H562IIK6, STM32H562IIT6, STM32H562RGT6, STM32H562RGV6, STM32H562RIT6, STM32H562RIV6, STM32H562VGT6, STM32H562VIT6, STM32H562ZGT6, STM32H562ZIT6, STM32H563AGI6, STM32H563AII3Q, STM32H563AII6, STM32H563IGK6, STM32H563IGT6, STM32H563IIK3Q, STM32H563IIK6, STM32H563IIT3Q, STM32H563IIT6, STM32H563MIY3QTR, STM32H563RGT6, STM32H563RGV6, STM32H563RIT6, STM32H563RIV6, STM32H563VGT6, STM32H563VIT3Q, STM32H563VIT6, STM32H563ZGT6, STM32H563ZIT3Q, STM32H563ZIT6, STM32H573AII3Q, STM32H573AII6, STM32H573I-DK, STM32H573IIK3Q, STM32H573IIK6, STM32H573IIT3Q, STM32H573IIT6, STM32H573MIY3QTR, STM32H573RIT6, STM32H573RIV6, STM32H573VIT3Q, STM32H573VIT6, STM32H573ZIT3Q, STM32H573ZIT6, STM32H7R3A8I6, STM32H7R3I8K6, STM32H7R3I8T6, STM32H7R3L8H6, STM32H7R3L8H6H, STM32H7R3R8V6, STM32H7R3V8H6, STM32H7R3V8T6, STM32H7R3V8Y6TR, STM32H7R3Z8J6, STM32H7R3Z8T6, STM32H7R7A8I6, STM32H7R7I8K6, STM32H7R7I8T6, STM32H7R7L8H6, STM32H7R7L8H6H, STM32H7R7Z8J6, STM32H7S3A8I6, STM32H7S3I8K6, STM32H7S3I8T6, STM32H7S3L8H6, STM32H7S3L8H6H, STM32H7S3R8V6, STM32H7S3V8H6, STM32H7S3V8T6, STM32H7S3V8Y6TR, STM32H7S3Z8J6, STM32H7S3Z8T6, STM32H7S78-DK, STM32H7S7A8I6, STM32H7S7I8K6, STM32H7S7I8T6, STM32H7S7L8H6, STM32H7S7L8H6H, STM32H7S7Z8J6, STM32L4R5QGI6STR, STM32MP131AAE3, STM32MP131AAF3, STM32MP131AAG3, STM32MP131CAE3, STM32MP131CAF3, STM32MP131CAG3, STM32MP131DAE7, STM32MP131DAF7, STM32MP131DAG7, STM32MP131FAE7, STM32MP131FAF7, STM32MP131FAG7, STM32MP133AAE3, STM32MP133AAF3, STM32MP133AAG3, STM32MP133CAE3, STM32MP133CAF3, STM32MP133CAG3, STM32MP133DAE7, STM32MP133DAF7, STM32MP133DAG7, STM32MP133FAE7, STM32MP133FAF7, STM32MP133FAG7, STM32MP135AAE3, STM32MP135AAF3, STM32MP135AAG3, STM32MP135CAE3, STM32MP135CAF3, STM32MP135CAG3, STM32MP135DAE7, STM32MP135DAF7, STM32MP135DAG7, STM32MP135F-DK, STM32MP135FAE7, STM32MP135FAF7, STM32MP135FAF7T, STM32MP135FAF7U, STM32MP135FAG7, STM32MP231AAJ3, STM32MP231AAK3, STM32MP231AAL3, STM32MP231CAJ3, STM32MP231CAK3, STM32MP231CAL3, STM32MP231DAJ3, STM32MP231DAK3, STM32MP231DAL3, STM32MP231FAJ3, STM32MP231FAK3, STM32MP231FAL3, STM32MP233AAJ3, STM32MP233AAK3, STM32MP233AAL3, STM32MP233CAJ3, STM32MP233CAK3, STM32MP233CAL3, STM32MP233DAJ3, STM32MP233DAK3, STM32MP233DAL3, STM32MP233FAJ3, STM32MP233FAK3, STM32MP233FAL3, STM32MP235AAJ3, STM32MP235AAK3, STM32MP235AAL3, STM32MP235CAJ3, STM32MP235CAK3, STM32MP235CAL3, STM32MP235DAJ3, STM32MP235DAK3, STM32MP235DAL3, STM32MP235FAJ3, STM32MP235FAK3, STM32MP235FAL3, STM32MP251AAI3, STM32MP251AAJ3, STM32MP251AAK3, STM32MP251AAL3, STM32MP251CAI3, STM32MP251CAJ3, STM32MP251CAK3, STM32MP251CAL3, STM32MP251DAI3, STM32MP251DAJ3, STM32MP251DAK3, STM32MP251DAL3, STM32MP251FAI3, STM32MP251FAJ3, STM32MP251FAK3, STM32MP251FAL3, STM32MP253AAI3, STM32MP253AAJ3, STM32MP253AAK3, STM32MP253AAL3, STM32MP253CAI3, STM32MP253CAJ3, STM32MP253CAK3, STM32MP253CAL3, STM32MP253DAI3, STM32MP253DAJ3, STM32MP253DAK3, STM32MP253DAL3, STM32MP253FAI3, STM32MP253FAJ3, STM32MP253FAK3, STM32MP253FAL3, STM32MP255AAI3, STM32MP255AAJ3, STM32MP255AAK3, STM32MP255AAL3, STM32MP255CAI3, STM32MP255CAJ3, STM32MP255CAK3, STM32MP255CAL3, STM32MP255DAI3, STM32MP255DAJ3, STM32MP255DAK3, STM32MP255DAL3, STM32MP255FAI3, STM32MP255FAJ3, STM32MP255FAK3, STM32MP255FAL3, STM32MP257AAI3, STM32MP257AAJ3, STM32MP257AAK3, STM32MP257AAL3, STM32MP257CAI3, STM32MP257CAJ3, STM32MP257CAK3, STM32MP257CAL3, STM32MP257DAI3, STM32MP257DAJ3, STM32MP257DAK3, STM32MP257DAL3, STM32MP257F-DK, STM32MP257F-EV1, STM32MP257FAI3, STM32MP257FAJ3, STM32MP257FAK3, STM32MP257FAL3, STM32N645A0H3Q, STM32N645B0H3Q, STM32N645I0H3Q, STM32N645L0H3Q, STM32N645X0H3Q, STM32N645Z0H3Q, STM32N647A0H3Q, STM32N647B0H3Q, STM32N647I0H3Q, STM32N647L0H3Q, STM32N647X0H3Q, STM32N647Z0H3Q, STM32N655A0H3Q, STM32N655B0H3Q, STM32N655I0H3Q, STM32N655L0H3Q, STM32N655X0H3Q, STM32N655Z0H3Q, STM32N6570-DK, STM32N657A0H3Q, STM32N657B0H3Q, STM32N657I0H3Q, STM32N657L0H3Q, STM32N657X0H3Q, STM32N657Z0H3Q, STM32U031C6T6, STM32U031C6U6, STM32U031C8T6, STM32U031C8U6, STM32U031F4P6, STM32U031F6P6, STM32U031F8P6, STM32U031G6Y6TR, STM32U031G8Y6TR, STM32U031K4U6, STM32U031K6U6, STM32U031K8U6, STM32U031R6I6, STM32U031R6T6, STM32U031R8I6, STM32U031R8T6, STM32U073C8T6, STM32U073C8U6, STM32U073CBT6, STM32U073CBU6, STM32U073CCT6, STM32U073CCU6, STM32U073H8Y6TR, STM32U073HBY6TR, STM32U073HCY6TR, STM32U073K8U6, STM32U073KBU6, STM32U073KCU6, STM32U073M8I6, STM32U073M8T6, STM32U073MBI6, STM32U073MBT6, STM32U073MCI6, STM32U073MCT6, STM32U073R8I6, STM32U073R8T6, STM32U073RBI6, STM32U073RBT6, STM32U073RCI6, STM32U073RCT6, STM32U083C-DK, STM32U083CCT6, STM32U083CCU6, STM32U083HCY6TR, STM32U083KCU6, STM32U083MCI6, STM32U083MCT6, STM32U083RCI6, STM32U083RCT6, STM32U375CET6, STM32U375CET6Q, STM32U375CEU6, STM32U375CEU6Q, STM32U375CEY6QTR, STM32U375CGT6, STM32U375CGT6Q, STM32U375CGU6, STM32U375CGU6Q, STM32U375CGY6QTR, STM32U375KEU6, STM32U375KGU6, STM32U375REI6, STM32U375REI6Q, STM32U375RET6, STM32U375RET6Q, STM32U375REY6GTR, STM32U375REY6QTR, STM32U375RGI6, STM32U375RGI6Q, STM32U375RGT6, STM32U375RGT6Q, STM32U375RGY6GTR, STM32U375RGY6QTR, STM32U375VEI6, STM32U375VEI6Q, STM32U375VET6, STM32U375VET6Q, STM32U375VGI6, STM32U375VGI6Q, STM32U375VGT6, STM32U375VGT6Q, STM32U385CGT6, STM32U385CGT6Q, STM32U385CGU6, STM32U385CGU6Q, STM32U385CGY6QTR, STM32U385KGU6, STM32U385RGI6, STM32U385RGI6Q, STM32U385RGT6, STM32U385RGT6Q, STM32U385RGY6GTR, STM32U385RGY6QTR, STM32U385VGI6, STM32U385VGI6Q, STM32U385VGT6, STM32U385VGT6Q, STM32U535CBT6, STM32U535CBT6Q, STM32U535CBU6, STM32U535CBU6Q, STM32U535CCT6, STM32U535CCT6Q, STM32U535CCU6, STM32U535CCU6Q, STM32U535CET6, STM32U535CET6Q, STM32U535CEU6, STM32U535CEU6Q, STM32U535JEY6QTR, STM32U535NCY6QTR, STM32U535NEY6QTR, STM32U535RBI6, STM32U535RBI6Q, STM32U535RBT6, STM32U535RBT6Q, STM32U535RCI6, STM32U535RCI6Q, STM32U535RCT6, STM32U535RCT6Q, STM32U535REI6, STM32U535REI6Q, STM32U535RET6, STM32U535RET6Q, STM32U535VCI6, STM32U535VCI6Q, STM32U535VCT6, STM32U535VCT6Q, STM32U535VEI6, STM32U535VEI6Q, STM32U535VET6, STM32U535VET6Q, STM32U545CET6, STM32U545CET6Q, STM32U545CEU6, STM32U545CEU6Q, STM32U545JEY6QTR, STM32U545NEY6QTR, STM32U545REI6, STM32U545REI6Q, STM32U545RET6, STM32U545RET6Q, STM32U545VEI6, STM32U545VEI6Q, STM32U545VET6, STM32U545VET6Q, STM32U595AIH6, STM32U595AIH6Q, STM32U595AJH6, STM32U595AJH6Q, STM32U595QII6, STM32U595QII6Q, STM32U595QJI6, STM32U595QJI6Q, STM32U595RIT6, STM32U595RIT6Q, STM32U595RJT6, STM32U595RJT6Q, STM32U595VIT6, STM32U595VIT6Q, STM32U595VJT6, STM32U595VJT6Q, STM32U595ZIT6, STM32U595ZIT6Q, STM32U595ZIY6QTR, STM32U595ZJT6, STM32U595ZJT6Q, STM32U595ZJY6QTR, STM32U599BJY6QTR, STM32U599NIH6Q, STM32U599NJH6Q, STM32U599VIT6Q, STM32U599VJT6, STM32U599VJT6Q, STM32U599ZIT6Q, STM32U599ZIY6QTR, STM32U599ZJT6Q, STM32U599ZJY6QTR, STM32U5A5AJH6, STM32U5A5AJH6Q, STM32U5A5QII3Q , STM32U5A5QJI6, STM32U5A5QJI6Q, STM32U5A5RJT6, STM32U5A5RJT6Q, STM32U5A5VJT6, STM32U5A5VJT6Q, STM32U5A5ZJT6, STM32U5A5ZJT6Q, STM32U5A5ZJY6QTR, STM32U5A9BJY6QTR, STM32U5A9J-DK, STM32U5A9NJH6Q, STM32U5A9VJT6Q, STM32U5A9ZJT6Q, STM32U5A9ZJY6QTR, STM32U5F7VIT6, STM32U5F7VIT6Q, STM32U5F7VJT6, STM32U5F7VJT6Q, STM32U5F9BJY6QTR, STM32U5F9NJH6Q, STM32U5F9VIT6Q, STM32U5F9VJT6Q, STM32U5F9ZIJ6QTR, STM32U5F9ZIT6Q, STM32U5F9ZJJ6QTR, STM32U5F9ZJT6Q, STM32U5G7VJT6, STM32U5G7VJT6Q, STM32U5G9BJY6QTR, STM32U5G9J-DK1, STM32U5G9J-DK2, STM32U5G9NJH6Q, STM32U5G9VJT6Q, STM32U5G9ZJJ6QTR, STM32U5G9ZJT6Q, STM32WB05KZV6TR, STM32WB05KZV7TR, STM32WB05TZF6TR, STM32WB05TZF7TR, STM32WB06CCF6TR, STM32WB06CCF7TR, STM32WB06CCV6TR, STM32WB06CCV7TR, STM32WB06KCV6TR, STM32WB06KCV7TR, STM32WB07CCF6TR, STM32WB07CCF7TR, STM32WB07CCV6TR, STM32WB07CCV7TR, STM32WB07KCV6TR, STM32WB07KCV7TR, STM32WB09KEV6TR, STM32WB09KEV7TR, STM32WB09TEF6TR, STM32WB09TEF7TR, STM32WB1MMCH6, STM32WBA50KGU6, STM32WBA50KGU6TR, STM32WBA52CEU6, STM32WBA52CEU6TR, STM32WBA52CEU7, STM32WBA52CEU7TR, STM32WBA52CGU6, STM32WBA52CGU6TR, STM32WBA52CGU6U, STM32WBA52CGU7, STM32WBA52CGU7TR, STM32WBA52KEU6, STM32WBA52KEU6TR, STM32WBA52KGU6, STM32WBA52KGU6TR, STM32WBA54CEU6, STM32WBA54CEU6TR, STM32WBA54CEU7, STM32WBA54CEU7TR, STM32WBA54CGU6, STM32WBA54CGU6TR, STM32WBA54CGU7, STM32WBA54CGU7TR, STM32WBA54KEU6, STM32WBA54KEU6TR, STM32WBA54KEU7, STM32WBA54KEU7TR, STM32WBA54KGU6, STM32WBA54KGU6TR, STM32WBA54KGU7, STM32WBA54KGU7TR, STM32WBA55CEU6, STM32WBA55CEU6TR, STM32WBA55CEU7, STM32WBA55CEU7TR, STM32WBA55CGU6, STM32WBA55CGU6TR, STM32WBA55CGU6U, STM32WBA55CGU7, STM32WBA55CGU7TR, STM32WBA55G-DK1, STM32WBA55HEF6, STM32WBA55HEF7, STM32WBA55HGF6, STM32WBA55HGF7, STM32WBA55UEI6, STM32WBA55UEI6TR, STM32WBA55UEI7, STM32WBA55UEI7TR, STM32WBA55UGI6, STM32WBA55UGI6TR, STM32WBA55UGI7, STM32WBA55UGI7TR, STM32WBA5MJGH6TR, STM32WBA5MJGH6U, STM32WL33C8V6, STM32WL33C8V6TR, STM32WL33C8V7, STM32WL33C8V7TR, STM32WL33CBV6, STM32WL33CBV6TR, STM32WL33CBV7, STM32WL33CBV7TR, STM32WL33CCV6, STM32WL33CCV6TR, STM32WL33CCV7, STM32WL33CCV7A, STM32WL33CCV7ATR, STM32WL33CCV7TR, STM32WL33K8V6, STM32WL33K8V6TR, STM32WL33K8V7, STM32WL33K8V7TR, STM32WL33KBV6, STM32WL33KBV6TR, STM32WL33KBV7, STM32WL33KBV7TR, STM32WL33KCV6, STM32WL33KCV6TR, STM32WL33KCV7, STM32WL33KCV7TR, STM32WL5MOCH6, STM32WL5MOCH6TR]
2025-12-21 23:10:06,424 [INFO] ApiDb:668 - CubeFinder database Data Model version=2.1
2025-12-21 23:10:06,425 [INFO] ApiDb:669 - CubeFinder database Configuration version=3.0.39
2025-12-21 23:10:06,425 [INFO] ApiDb:670 - CubeFinder database generation date=2025-11-05 (1762334721)
2025-12-21 23:10:06,425 [INFO] ApiDb:671 - CubeFinder database FW Pack versions=[FP-ATR-ASTRA1_V2.0.0, FP-SNS-FLIGHT1_V5.1.0, FP-SNS-MOTENV1_V5.1.0, FP-SNS-MOTENVWB1_V1.4.0, FP-SNS-SMARTAG2_V1.2.0, FP-SNS-STBOX1_V2.1.0, STM32Cube_FW_C0_V1.4.0, STM32Cube_FW_F4_V1.28.3, STM32Cube_FW_F7_V1.17.4, STM32Cube_FW_G0_V1.6.2, STM32Cube_FW_G4_V1.6.1, STM32Cube_FW_H5_V1.5.1, STM32Cube_FW_H7RS_V1.3.0, STM32Cube_FW_H7_V1.12.1, STM32Cube_FW_L0_V1.12.2, STM32Cube_FW_L4_V1.18.1, STM32Cube_FW_L5_V1.6.0, STM32Cube_FW_N6_V1.3.0, STM32Cube_FW_U0_V1.3.0, STM32Cube_FW_U3_V1.2.1, STM32Cube_FW_U5_V1.8.0, STM32Cube_FW_WB0_V1.4.0, STM32Cube_FW_WBA_V1.8.0, STM32Cube_FW_WB_V1.24.0, STM32Cube_FW_WL3_V1.3.0, STM32Cube_FW_WL_V1.4.0, X-CUBE-ALGOBUILD_V1.4.0, X-CUBE-ALS_V1.0.2, X-CUBE-AZRTOS-F4_V1.1.0, X-CUBE-AZRTOS-F7_V1.1.0, X-CUBE-AZRTOS-G0_V1.1.0, X-CUBE-AZRTOS-G4_V2.0.0, X-CUBE-AZRTOS-H7RS_V1.1.0, X-CUBE-AZRTOS-H7_V3.4.0, X-CUBE-AZRTOS-L4_V2.0.0, X-CUBE-AZRTOS-L5_V2.0.0, X-CUBE-AZRTOS-WB_V2.0.0, X-CUBE-AZRTOS-WL_V2.0.0, X-CUBE-BLE1_V7.1.0, X-CUBE-BLE2_V3.3.0, X-CUBE-BLEMGR_V4.1.0, X-CUBE-EEPRMA1_V5.2.0, X-CUBE-FREERTOS_V1.3.1, X-CUBE-GNSS1_V6.0.0, X-CUBE-MEMS1_V11.3.0, X-CUBE-NFC4_V3.0.0, X-CUBE-NFC7_V2.0.0, X-CUBE-SFXS2LP1_V4.0.0, X-CUBE-ST67W61_V1.1.0, X-CUBE-SUBG2_V5.0.0, X-CUBE-TOF1_V3.4.3]
2025-12-21 23:10:07,908 [INFO] ApiDb:240 - Found 858 in-development CPN: [B-G473E-ZEST1S, B-WB1M-WPAN1, B-WBA5M-WPAN, B-WL5M-SUBG1, NUCLEO-C031C6, NUCLEO-C051C8, NUCLEO-C071RB, NUCLEO-C092RC, NUCLEO-H503RB, NUCLEO-H533RE, NUCLEO-H563ZI, NUCLEO-H7S3L8, NUCLEO-N657X0-Q, NUCLEO-U031R8, NUCLEO-U083RC, NUCLEO-U385RG-Q, NUCLEO-U545RE-Q, NUCLEO-U5A5ZJ-Q, NUCLEO-WB05KZ, NUCLEO-WB07CC, NUCLEO-WB09KE, NUCLEO-WBA52CG, NUCLEO-WBA55CG, NUCLEO-WL33CC1, NUCLEO-WL33CC2, STEVAL-PROTEUS1, STEVAL-SMARTAG2, STEVAL-STWINBX1, STM320518-EVAL, STM32C0116-DK, STM32C011D6Y3TR, STM32C011D6Y6TR, STM32C011F4P3, STM32C011F4P6, STM32C011F4U3, STM32C011F4U6TR, STM32C011F6P3, STM32C011F6P6, STM32C011F6U3, STM32C011F6U6TR, STM32C011J4M3, STM32C011J4M6, STM32C011J6M3, STM32C011J6M6, STM32C0316-DK, STM32C031C4T3, STM32C031C4T6, STM32C031C4U3, STM32C031C4U6, STM32C031C6T3, STM32C031C6T6, STM32C031C6U3, STM32C031C6U6, STM32C031F4P3, STM32C031F4P6, STM32C031F6P3, STM32C031F6P6, STM32C031G4U3, STM32C031G4U6, STM32C031G6U3, STM32C031G6U6, STM32C031K4T3, STM32C031K4T6, STM32C031K4U3, STM32C031K4U6, STM32C031K6T3, STM32C031K6T6, STM32C031K6U3, STM32C031K6U6, STM32C051C6T6, STM32C051C6U6, STM32C051C8T6, STM32C051C8U6, STM32C051D8Y6TR, STM32C051F6P6, STM32C051F8P6, STM32C051G6U6, STM32C051G8U6, STM32C051K6T6, STM32C051K6U6, STM32C051K8T6, STM32C071C8T6, STM32C071C8T6N, STM32C071C8U6, STM32C071C8U6N, STM32C071CBT6, STM32C071CBT6N, STM32C071CBU6, STM32C071CBU6N, STM32C071F8P6, STM32C071F8P6N, STM32C071FBP6, STM32C071FBP6N, STM32C071FBY6TR, STM32C071G8U6, STM32C071G8U6N, STM32C071GBU6, STM32C071GBU6N, STM32C071K8T6, STM32C071K8T6N, STM32C071K8U6, STM32C071K8U6N, STM32C071KBT6, STM32C071KBT6N, STM32C071KBU6, STM32C071KBU6N, STM32C071R8T6, STM32C071R8T6N, STM32C071RBI6N, STM32C071RBT6, STM32C071RBT6N, STM32C091CBT6, STM32C091CBU6, STM32C091CCT6, STM32C091CCU6, STM32C091ECY6TR, STM32C091FBP6, STM32C091FCP6, STM32C091GBU6, STM32C091GCU6, STM32C091KBT6, STM32C091KBU6, STM32C091KCT6, STM32C091KCU6, STM32C091RBT6, STM32C091RCI6, STM32C091RCT6, STM32C092CBT6, STM32C092CBU6, STM32C092CCT6, STM32C092CCU6, STM32C092ECY6TR, STM32C092FBP6, STM32C092FCP6, STM32C092GBU6, STM32C092GCU6, STM32C092KBT6, STM32C092KBU6, STM32C092KCT6, STM32C092KCU6, STM32C092RBT6, STM32C092RCI6, STM32C092RCT6, STM32G071K8TXN, STM32G071K8UXN, STM32G081GBU6N, STM32G081KBT6N, STM32G081KBUXN, STM32G0B1CCT6N, STM32G0B1KCT6, STM32G0B1NEY6TR, STM32G0B1RCT6N, STM32G0C1CCT6, STM32G0C1CCT6N, STM32G0C1CCU6N, STM32G0C1CET6N, STM32G0C1CEU6N, STM32G0C1KCT6, STM32G0C1NEY6TR, STM32G0C1RCI6N, STM32G0C1RCT6N, STM32G0C1REI6N, STM32G0C1RET6N, STM32G0C1VCI6, STM32G0C1VEI6, STM32G411C6T3, STM32G411C6T6, STM32G411C6U3, STM32G411C6U6, STM32G411C8T3, STM32G411C8T6, STM32G411C8U3, STM32G411C8U6, STM32G411CBT3, STM32G411CBT6, STM32G411CBU3, STM32G411CBU6, STM32G411CCT3, STM32G411CCT6, STM32G411CCU3, STM32G411CCU6, STM32G411K6T3, STM32G411K6T6, STM32G411K6U3, STM32G411K6U6, STM32G411K8T3, STM32G411K8T6, STM32G411K8U3, STM32G411K8U6, STM32G411KBT3, STM32G411KBT6, STM32G411KBU3, STM32G411KBU6, STM32G411M6T3, STM32G411M6T6, STM32G411M8T3, STM32G411M8T6, STM32G411MBT3, STM32G411MBT6, STM32G411MCT3, STM32G411MCT6, STM32G411R6T3, STM32G411R6T6, STM32G411R8T3, STM32G411R8T6, STM32G411RBT3, STM32G411RBT6, STM32G411RCT3, STM32G411RCT6, STM32G414CBT3, STM32G414CBT6, STM32G414CBU3, STM32G414CBU6, STM32G414CCT3, STM32G414CCT6, STM32G414CCU3, STM32G414CCU6, STM32G414MBT3, STM32G414MBT6, STM32G414MCT3, STM32G414MCT6, STM32G414RBT3, STM32G414RBT6, STM32G414RCT3, STM32G414RCT6, STM32G414VBT3, STM32G414VBT6, STM32G414VCT3, STM32G414VCT6, STM32G431CBT3Z, STM32G431RBT3Z, STM32G471CCT6, STM32G471CCU6, STM32G471CET3, STM32G471CET6, STM32G471CEU3, STM32G471CEU6, STM32G471MCT6, STM32G471MET3, STM32G471MET6, STM32G471MEY6TR, STM32G471QCT6, STM32G471QET3, STM32G471RCT6, STM32G471RET3, STM32G471RET6, STM32G471VCH6, STM32G471VCI6, STM32G471VCT6, STM32G471VEH3, STM32G471VEH6, STM32G471VEI3, STM32G471VEI6, STM32G471VET3, STM32G471VET6, STM32G473QET3Z, STM32G473RET3Z, STM32G474CCT6, STM32G491RET3Z, STM32H503CBT6, STM32H503CBU6, STM32H503EBY6TR, STM32H503KBU6, STM32H503RBT6, STM32H523CCT6, STM32H523CCU6, STM32H523CET6, STM32H523CEU6, STM32H523HEY6TR, STM32H523RCT6, STM32H523RET6, STM32H523VCI6, STM32H523VCT6, STM32H523VEI6, STM32H523VET6, STM32H523ZCJ6, STM32H523ZCT6, STM32H523ZEJ6, STM32H523ZET6, STM32H533CET6, STM32H533CEU6, STM32H533HEY6TR, STM32H533RET6, STM32H533VEI6, STM32H533VET6, STM32H533ZEJ6, STM32H533ZET6, STM32H562AGI6, STM32H562AII6, STM32H562IGK6, STM32H562IGT6, STM32H562IIK6, STM32H562IIT6, STM32H562RGT6, STM32H562RGV6, STM32H562RIT6, STM32H562RIV6, STM32H562VGT6, STM32H562VIT6, STM32H562ZGT6, STM32H562ZIT6, STM32H563AGI6, STM32H563AII3Q, STM32H563AII6, STM32H563IGK6, STM32H563IGT6, STM32H563IIK3Q, STM32H563IIK6, STM32H563IIT3Q, STM32H563IIT6, STM32H563MIY3QTR, STM32H563RGT6, STM32H563RGV6, STM32H563RIT6, STM32H563RIV6, STM32H563VGT6, STM32H563VIT3Q, STM32H563VIT6, STM32H563ZGT6, STM32H563ZIT3Q, STM32H563ZIT6, STM32H573AII3Q, STM32H573AII6, STM32H573I-DK, STM32H573IIK3Q, STM32H573IIK6, STM32H573IIT3Q, STM32H573IIT6, STM32H573MIY3QTR, STM32H573RIT6, STM32H573RIV6, STM32H573VIT3Q, STM32H573VIT6, STM32H573ZIT3Q, STM32H573ZIT6, STM32H7R3A8I6, STM32H7R3I8K6, STM32H7R3I8T6, STM32H7R3L8H6, STM32H7R3L8H6H, STM32H7R3R8V6, STM32H7R3V8H6, STM32H7R3V8T6, STM32H7R3V8Y6TR, STM32H7R3Z8J6, STM32H7R3Z8T6, STM32H7R7A8I6, STM32H7R7I8K6, STM32H7R7I8T6, STM32H7R7L8H6, STM32H7R7L8H6H, STM32H7R7Z8J6, STM32H7S3A8I6, STM32H7S3I8K6, STM32H7S3I8T6, STM32H7S3L8H6, STM32H7S3L8H6H, STM32H7S3R8V6, STM32H7S3V8H6, STM32H7S3V8T6, STM32H7S3V8Y6TR, STM32H7S3Z8J6, STM32H7S3Z8T6, STM32H7S78-DK, STM32H7S7A8I6, STM32H7S7I8K6, STM32H7S7I8T6, STM32H7S7L8H6, STM32H7S7L8H6H, STM32H7S7Z8J6, STM32L4R5QGI6STR, STM32MP131AAE3, STM32MP131AAF3, STM32MP131AAG3, STM32MP131CAE3, STM32MP131CAF3, STM32MP131CAG3, STM32MP131DAE7, STM32MP131DAF7, STM32MP131DAG7, STM32MP131FAE7, STM32MP131FAF7, STM32MP131FAG7, STM32MP133AAE3, STM32MP133AAF3, STM32MP133AAG3, STM32MP133CAE3, STM32MP133CAF3, STM32MP133CAG3, STM32MP133DAE7, STM32MP133DAF7, STM32MP133DAG7, STM32MP133FAE7, STM32MP133FAF7, STM32MP133FAG7, STM32MP135AAE3, STM32MP135AAF3, STM32MP135AAG3, STM32MP135CAE3, STM32MP135CAF3, STM32MP135CAG3, STM32MP135DAE7, STM32MP135DAF7, STM32MP135DAG7, STM32MP135F-DK, STM32MP135FAE7, STM32MP135FAF7, STM32MP135FAF7T, STM32MP135FAF7U, STM32MP135FAG7, STM32MP231AAJ3, STM32MP231AAK3, STM32MP231AAL3, STM32MP231CAJ3, STM32MP231CAK3, STM32MP231CAL3, STM32MP231DAJ3, STM32MP231DAK3, STM32MP231DAL3, STM32MP231FAJ3, STM32MP231FAK3, STM32MP231FAL3, STM32MP233AAJ3, STM32MP233AAK3, STM32MP233AAL3, STM32MP233CAJ3, STM32MP233CAK3, STM32MP233CAL3, STM32MP233DAJ3, STM32MP233DAK3, STM32MP233DAL3, STM32MP233FAJ3, STM32MP233FAK3, STM32MP233FAL3, STM32MP235AAJ3, STM32MP235AAK3, STM32MP235AAL3, STM32MP235CAJ3, STM32MP235CAK3, STM32MP235CAL3, STM32MP235DAJ3, STM32MP235DAK3, STM32MP235DAL3, STM32MP235FAJ3, STM32MP235FAK3, STM32MP235FAL3, STM32MP251AAI3, STM32MP251AAJ3, STM32MP251AAK3, STM32MP251AAL3, STM32MP251CAI3, STM32MP251CAJ3, STM32MP251CAK3, STM32MP251CAL3, STM32MP251DAI3, STM32MP251DAJ3, STM32MP251DAK3, STM32MP251DAL3, STM32MP251FAI3, STM32MP251FAJ3, STM32MP251FAK3, STM32MP251FAL3, STM32MP253AAI3, STM32MP253AAJ3, STM32MP253AAK3, STM32MP253AAL3, STM32MP253CAI3, STM32MP253CAJ3, STM32MP253CAK3, STM32MP253CAL3, STM32MP253DAI3, STM32MP253DAJ3, STM32MP253DAK3, STM32MP253DAL3, STM32MP253FAI3, STM32MP253FAJ3, STM32MP253FAK3, STM32MP253FAL3, STM32MP255AAI3, STM32MP255AAJ3, STM32MP255AAK3, STM32MP255AAL3, STM32MP255CAI3, STM32MP255CAJ3, STM32MP255CAK3, STM32MP255CAL3, STM32MP255DAI3, STM32MP255DAJ3, STM32MP255DAK3, STM32MP255DAL3, STM32MP255FAI3, STM32MP255FAJ3, STM32MP255FAK3, STM32MP255FAL3, STM32MP257AAI3, STM32MP257AAJ3, STM32MP257AAK3, STM32MP257AAL3, STM32MP257CAI3, STM32MP257CAJ3, STM32MP257CAK3, STM32MP257CAL3, STM32MP257DAI3, STM32MP257DAJ3, STM32MP257DAK3, STM32MP257DAL3, STM32MP257F-DK, STM32MP257F-EV1, STM32MP257FAI3, STM32MP257FAJ3, STM32MP257FAK3, STM32MP257FAL3, STM32N645A0H3Q, STM32N645B0H3Q, STM32N645I0H3Q, STM32N645L0H3Q, STM32N645X0H3Q, STM32N645Z0H3Q, STM32N647A0H3Q, STM32N647B0H3Q, STM32N647I0H3Q, STM32N647L0H3Q, STM32N647X0H3Q, STM32N647Z0H3Q, STM32N655A0H3Q, STM32N655B0H3Q, STM32N655I0H3Q, STM32N655L0H3Q, STM32N655X0H3Q, STM32N655Z0H3Q, STM32N6570-DK, STM32N657A0H3Q, STM32N657B0H3Q, STM32N657I0H3Q, STM32N657L0H3Q, STM32N657X0H3Q, STM32N657Z0H3Q, STM32U031C6T6, STM32U031C6U6, STM32U031C8T6, STM32U031C8U6, STM32U031F4P6, STM32U031F6P6, STM32U031F8P6, STM32U031G6Y6TR, STM32U031G8Y6TR, STM32U031K4U6, STM32U031K6U6, STM32U031K8U6, STM32U031R6I6, STM32U031R6T6, STM32U031R8I6, STM32U031R8T6, STM32U073C8T6, STM32U073C8U6, STM32U073CBT6, STM32U073CBU6, STM32U073CCT6, STM32U073CCU6, STM32U073H8Y6TR, STM32U073HBY6TR, STM32U073HCY6TR, STM32U073K8U6, STM32U073KBU6, STM32U073KCU6, STM32U073M8I6, STM32U073M8T6, STM32U073MBI6, STM32U073MBT6, STM32U073MCI6, STM32U073MCT6, STM32U073R8I6, STM32U073R8T6, STM32U073RBI6, STM32U073RBT6, STM32U073RCI6, STM32U073RCT6, STM32U083C-DK, STM32U083CCT6, STM32U083CCU6, STM32U083HCY6TR, STM32U083KCU6, STM32U083MCI6, STM32U083MCT6, STM32U083RCI6, STM32U083RCT6, STM32U375CET6, STM32U375CET6Q, STM32U375CEU6, STM32U375CEU6Q, STM32U375CEY6QTR, STM32U375CGT6, STM32U375CGT6Q, STM32U375CGU6, STM32U375CGU6Q, STM32U375CGY6QTR, STM32U375KEU6, STM32U375KGU6, STM32U375REI6, STM32U375REI6Q, STM32U375RET6, STM32U375RET6Q, STM32U375REY6GTR, STM32U375REY6QTR, STM32U375RGI6, STM32U375RGI6Q, STM32U375RGT6, STM32U375RGT6Q, STM32U375RGY6GTR, STM32U375RGY6QTR, STM32U375VEI6, STM32U375VEI6Q, STM32U375VET6, STM32U375VET6Q, STM32U375VGI6, STM32U375VGI6Q, STM32U375VGT6, STM32U375VGT6Q, STM32U385CGT6, STM32U385CGT6Q, STM32U385CGU6, STM32U385CGU6Q, STM32U385CGY6QTR, STM32U385KGU6, STM32U385RGI6, STM32U385RGI6Q, STM32U385RGT6, STM32U385RGT6Q, STM32U385RGY6GTR, STM32U385RGY6QTR, STM32U385VGI6, STM32U385VGI6Q, STM32U385VGT6, STM32U385VGT6Q, STM32U535CBT6, STM32U535CBT6Q, STM32U535CBU6, STM32U535CBU6Q, STM32U535CCT6, STM32U535CCT6Q, STM32U535CCU6, STM32U535CCU6Q, STM32U535CET6, STM32U535CET6Q, STM32U535CEU6, STM32U535CEU6Q, STM32U535JEY6QTR, STM32U535NCY6QTR, STM32U535NEY6QTR, STM32U535RBI6, STM32U535RBI6Q, STM32U535RBT6, STM32U535RBT6Q, STM32U535RCI6, STM32U535RCI6Q, STM32U535RCT6, STM32U535RCT6Q, STM32U535REI6, STM32U535REI6Q, STM32U535RET6, STM32U535RET6Q, STM32U535VCI6, STM32U535VCI6Q, STM32U535VCT6, STM32U535VCT6Q, STM32U535VEI6, STM32U535VEI6Q, STM32U535VET6, STM32U535VET6Q, STM32U545CET6, STM32U545CET6Q, STM32U545CEU6, STM32U545CEU6Q, STM32U545JEY6QTR, STM32U545NEY6QTR, STM32U545REI6, STM32U545REI6Q, STM32U545RET6, STM32U545RET6Q, STM32U545VEI6, STM32U545VEI6Q, STM32U545VET6, STM32U545VET6Q, STM32U595AIH6, STM32U595AIH6Q, STM32U595AJH6, STM32U595AJH6Q, STM32U595QII6, STM32U595QII6Q, STM32U595QJI6, STM32U595QJI6Q, STM32U595RIT6, STM32U595RIT6Q, STM32U595RJT6, STM32U595RJT6Q, STM32U595VIT6, STM32U595VIT6Q, STM32U595VJT6, STM32U595VJT6Q, STM32U595ZIT6, STM32U595ZIT6Q, STM32U595ZIY6QTR, STM32U595ZJT6, STM32U595ZJT6Q, STM32U595ZJY6QTR, STM32U599BJY6QTR, STM32U599NIH6Q, STM32U599NJH6Q, STM32U599VIT6Q, STM32U599VJT6, STM32U599VJT6Q, STM32U599ZIT6Q, STM32U599ZIY6QTR, STM32U599ZJT6Q, STM32U599ZJY6QTR, STM32U5A5AJH6, STM32U5A5AJH6Q, STM32U5A5QII3Q , STM32U5A5QJI6, STM32U5A5QJI6Q, STM32U5A5RJT6, STM32U5A5RJT6Q, STM32U5A5VJT6, STM32U5A5VJT6Q, STM32U5A5ZJT6, STM32U5A5ZJT6Q, STM32U5A5ZJY6QTR, STM32U5A9BJY6QTR, STM32U5A9J-DK, STM32U5A9NJH6Q, STM32U5A9VJT6Q, STM32U5A9ZJT6Q, STM32U5A9ZJY6QTR, STM32U5F7VIT6, STM32U5F7VIT6Q, STM32U5F7VJT6, STM32U5F7VJT6Q, STM32U5F9BJY6QTR, STM32U5F9NJH6Q, STM32U5F9VIT6Q, STM32U5F9VJT6Q, STM32U5F9ZIJ6QTR, STM32U5F9ZIT6Q, STM32U5F9ZJJ6QTR, STM32U5F9ZJT6Q, STM32U5G7VJT6, STM32U5G7VJT6Q, STM32U5G9BJY6QTR, STM32U5G9J-DK1, STM32U5G9J-DK2, STM32U5G9NJH6Q, STM32U5G9VJT6Q, STM32U5G9ZJJ6QTR, STM32U5G9ZJT6Q, STM32WB05KZV6TR, STM32WB05KZV7TR, STM32WB05TZF6TR, STM32WB05TZF7TR, STM32WB06CCF6TR, STM32WB06CCF7TR, STM32WB06CCV6TR, STM32WB06CCV7TR, STM32WB06KCV6TR, STM32WB06KCV7TR, STM32WB07CCF6TR, STM32WB07CCF7TR, STM32WB07CCV6TR, STM32WB07CCV7TR, STM32WB07KCV6TR, STM32WB07KCV7TR, STM32WB09KEV6TR, STM32WB09KEV7TR, STM32WB09TEF6TR, STM32WB09TEF7TR, STM32WB1MMCH6, STM32WBA50KGU6, STM32WBA50KGU6TR, STM32WBA52CEU6, STM32WBA52CEU6TR, STM32WBA52CEU7, STM32WBA52CEU7TR, STM32WBA52CGU6, STM32WBA52CGU6TR, STM32WBA52CGU6U, STM32WBA52CGU7, STM32WBA52CGU7TR, STM32WBA52KEU6, STM32WBA52KEU6TR, STM32WBA52KGU6, STM32WBA52KGU6TR, STM32WBA54CEU6, STM32WBA54CEU6TR, STM32WBA54CEU7, STM32WBA54CEU7TR, STM32WBA54CGU6, STM32WBA54CGU6TR, STM32WBA54CGU7, STM32WBA54CGU7TR, STM32WBA54KEU6, STM32WBA54KEU6TR, STM32WBA54KEU7, STM32WBA54KEU7TR, STM32WBA54KGU6, STM32WBA54KGU6TR, STM32WBA54KGU7, STM32WBA54KGU7TR, STM32WBA55CEU6, STM32WBA55CEU6TR, STM32WBA55CEU7, STM32WBA55CEU7TR, STM32WBA55CGU6, STM32WBA55CGU6TR, STM32WBA55CGU6U, STM32WBA55CGU7, STM32WBA55CGU7TR, STM32WBA55G-DK1, STM32WBA55HEF6, STM32WBA55HEF7, STM32WBA55HGF6, STM32WBA55HGF7, STM32WBA55UEI6, STM32WBA55UEI6TR, STM32WBA55UEI7, STM32WBA55UEI7TR, STM32WBA55UGI6, STM32WBA55UGI6TR, STM32WBA55UGI7, STM32WBA55UGI7TR, STM32WBA5MJGH6TR, STM32WBA5MJGH6U, STM32WL33C8V6, STM32WL33C8V6TR, STM32WL33C8V7, STM32WL33C8V7TR, STM32WL33CBV6, STM32WL33CBV6TR, STM32WL33CBV7, STM32WL33CBV7TR, STM32WL33CCV6, STM32WL33CCV6TR, STM32WL33CCV7, STM32WL33CCV7A, STM32WL33CCV7ATR, STM32WL33CCV7TR, STM32WL33K8V6, STM32WL33K8V6TR, STM32WL33K8V7, STM32WL33K8V7TR, STM32WL33KBV6, STM32WL33KBV6TR, STM32WL33KBV7, STM32WL33KBV7TR, STM32WL33KCV6, STM32WL33KCV6TR, STM32WL33KCV7, STM32WL33KCV7TR, STM32WL5MOCH6, STM32WL5MOCH6TR]
2025-12-21 23:10:07,915 [INFO] DbMcus:218 - Found 4817 MCUs, 4817 are supported
2025-12-21 23:10:07,924 [INFO] ApiDb:423 - Load user favorites file C:\Users\kamil/.stm32cubeide/favorites.mcus.txt: 1 item(s)
2025-12-21 23:10:07,925 [INFO] ApiDb:427 - User favorites MCUs=[STM32H743IIT6]
2025-12-21 23:10:07,925 [INFO] DbMcus:224 - Set 1 / 1 favorites MCUs
2025-12-21 23:10:08,455 [INFO] BoardInfo:889 - No configuration file found for board NUCLEO-WBA65RI
2025-12-21 23:10:08,457 [INFO] DbBoards:161 - Board is not supported: NUCLEO-WBA65RI
2025-12-21 23:10:08,469 [INFO] BoardInfo:889 - No configuration file found for board P-NUCLEO-WB55
2025-12-21 23:10:08,470 [INFO] DbBoards:161 - Kit is not supported: P-NUCLEO-WB55
2025-12-21 23:10:08,487 [INFO] BoardInfo:889 - No configuration file found for board STEVAL-BFA001V1B
2025-12-21 23:10:08,488 [INFO] DbBoards:161 - Kit is not supported: STEVAL-BFA001V1B
2025-12-21 23:10:08,489 [INFO] BoardInfo:889 - No configuration file found for board STEVAL-BFA001V2B
2025-12-21 23:10:08,490 [INFO] DbBoards:161 - Kit is not supported: STEVAL-BFA001V2B
2025-12-21 23:10:08,699 [INFO] BoardInfo:889 - No configuration file found for board STM32WBA65I-DK1
2025-12-21 23:10:08,700 [INFO] DbBoards:161 - Board is not supported: STM32WBA65I-DK1
2025-12-21 23:10:08,701 [INFO] DbBoards:168 - Found 211 boards, 206 are supported
2025-12-21 23:10:08,701 [INFO] DbBoards:169 - Found 211 boards, 42 of them is supported for  Bsp
2025-12-21 23:10:08,710 [INFO] ApiDb:423 - Load user favorites file C:\Users\kamil/.stm32cubeide/favorites.boards.txt: 1 item(s)
2025-12-21 23:10:08,711 [INFO] ApiDb:427 - User favorites Boards=[NUCLEO-F746ZG]
2025-12-21 23:10:08,711 [INFO] DbBoards:198 - Set 1 / 1 favorites Boards
2025-12-21 23:10:08,760 [INFO] UtilMem:75 - End LoadConfig() Used Memory: 823140656 Bytes (1073741824)
2025-12-21 23:10:08,939 [WARN] ThirdParty:833 - waiting for thirdparty lock release [change project]
2025-12-21 23:10:08,940 [INFO] ThirdParty:835 - entering critical section [change project]
2025-12-21 23:10:08,940 [INFO] ThirdParty:1030 - CMSIS Pack Vendor :STMicroelectronics X-CUBE-PM33A1 1.0.0
2025-12-21 23:10:08,940 [INFO] ThirdParty:1030 - CMSIS Pack Vendor :STMicroelectronics USBPD 4.1
2025-12-21 23:10:08,940 [INFO] ThirdParty:1030 - CMSIS Pack Vendor :STMicroelectronics USB_HOST 2.0.0
2025-12-21 23:10:08,940 [INFO] ThirdParty:1030 - CMSIS Pack Vendor :STMicroelectronics FP-SNS-MOTENVWB1 1.4.0
2025-12-21 23:10:08,941 [INFO] ThirdParty:1030 - CMSIS Pack Vendor :STMicroelectronics X-CUBE-AZRTOS-F4 1.1.0
2025-12-21 23:10:08,941 [INFO] ThirdParty:1030 - CMSIS Pack Vendor :STMicroelectronics LIBJPEG 8.0.0
2025-12-21 23:10:08,941 [INFO] ThirdParty:1030 - CMSIS Pack Vendor :STMicroelectronics FP-ATR-ASTRA1 2.0.2
2025-12-21 23:10:08,941 [INFO] ThirdParty:1030 - CMSIS Pack Vendor :STMicroelectronics FP-ATR-ASTRA1 2.0.1
2025-12-21 23:10:08,941 [INFO] ThirdParty:1030 - CMSIS Pack Vendor :STMicroelectronics X-CUBE-SMBUS 2.1.0
2025-12-21 23:10:08,941 [INFO] ThirdParty:1030 - CMSIS Pack Vendor :STMicroelectronics X-CUBE-WB05N 1.1.0
2025-12-21 23:10:08,941 [INFO] ThirdParty:1030 - CMSIS Pack Vendor :STMicroelectronics X-CUBE-ISPU 2.1.0
2025-12-21 23:10:08,941 [INFO] ThirdParty:1030 - CMSIS Pack Vendor :STMicroelectronics X-CUBE-FREERTOS 1.2.0
2025-12-21 23:10:08,941 [INFO] ThirdParty:1030 - CMSIS Pack Vendor :STMicroelectronics X-CUBE-ST60 1.0.0
2025-12-21 23:10:08,941 [INFO] ThirdParty:1030 - CMSIS Pack Vendor :STMicroelectronics X-CUBE-NFC12 1.0.0
2025-12-21 23:10:08,941 [INFO] ThirdParty:1030 - CMSIS Pack Vendor :STMicroelectronics X-CUBE-AZRTOS-F7 1.1.0
2025-12-21 23:10:08,941 [INFO] ThirdParty:1030 - CMSIS Pack Vendor :STMicroelectronics X-CUBE-AZRTOS-L5 2.0.0
2025-12-21 23:10:08,941 [INFO] ThirdParty:1030 - CMSIS Pack Vendor :STMicroelectronics USB_DEVICE 2.0.0
2025-12-21 23:10:08,941 [INFO] ThirdParty:1030 - CMSIS Pack Vendor :STMicroelectronics X-CUBE-NFC6 3.1.0
2025-12-21 23:10:08,941 [INFO] ThirdParty:1030 - CMSIS Pack Vendor :ARM CMSIS 5.7.0
2025-12-21 23:10:08,941 [INFO] ThirdParty:1030 - CMSIS Pack Vendor :STMicroelectronics X-CUBE-MEMS1 11.0.0
2025-12-21 23:10:08,941 [INFO] ThirdParty:1030 - CMSIS Pack Vendor :STMicroelectronics FreeRTOS 0.0.1
2025-12-21 23:10:08,941 [INFO] ThirdParty:1030 - CMSIS Pack Vendor :STMicroelectronics X-CUBE-DPower 1.2.0
2025-12-21 23:10:08,942 [INFO] ThirdParty:1030 - CMSIS Pack Vendor :STMicroelectronics FP-SNS-FLIGHT1 5.0.2
2025-12-21 23:10:08,942 [INFO] ThirdParty:1030 - CMSIS Pack Vendor :STMicroelectronics PDM2PCM 3.3.0
2025-12-21 23:10:08,942 [INFO] ThirdParty:1030 - CMSIS Pack Vendor :STMicroelectronics X-CUBE-AZRTOS-H7 3.4.0
2025-12-21 23:10:08,942 [INFO] ThirdParty:1030 - CMSIS Pack Vendor :STMicroelectronics X-CUBE-DISPLAY 3.0.0
2025-12-21 23:10:08,942 [INFO] ThirdParty:1030 - CMSIS Pack Vendor :STMicroelectronics X-CUBE-BLE1 7.0.0
2025-12-21 23:10:08,942 [INFO] ThirdParty:1030 - CMSIS Pack Vendor :STMicroelectronics X-CUBE-NFC10 1.0.0
2025-12-21 23:10:08,942 [INFO] ThirdParty:1030 - CMSIS Pack Vendor :STMicroelectronics X-CUBE-BLEMGR 4.0.0
2025-12-21 23:10:08,942 [INFO] ThirdParty:1030 - CMSIS Pack Vendor :STMicroelectronics X-CUBE-FREERTOS 1.3.1
2025-12-21 23:10:08,942 [INFO] ThirdParty:1030 - CMSIS Pack Vendor :STMicroelectronics HAL Drivers 0.0.0
2025-12-21 23:10:08,942 [INFO] ThirdParty:1030 - CMSIS Pack Vendor :STMicroelectronics X-CUBE-ST60 1.1.0
2025-12-21 23:10:08,942 [INFO] ThirdParty:1030 - CMSIS Pack Vendor :emotas I-CUBE-CANOPEN 1.3.0
2025-12-21 23:10:08,942 [INFO] ThirdParty:1030 - CMSIS Pack Vendor :STMicroelectronics X-CUBE-FREERTOS 1.3.0
2025-12-21 23:10:08,942 [INFO] ThirdParty:1030 - CMSIS Pack Vendor :STMicroelectronics X-CUBE-NFC7 1.0.1
2025-12-21 23:10:08,942 [INFO] ThirdParty:1030 - CMSIS Pack Vendor :STMicroelectronics MBEDTLS 2.14.1
2025-12-21 23:10:08,942 [INFO] ThirdParty:1030 - CMSIS Pack Vendor :STMicroelectronics X-CUBE-GNSS1 7.1.0
2025-12-21 23:10:08,942 [INFO] ThirdParty:1030 - CMSIS Pack Vendor :STMicroelectronics X-CUBE-TOUCHGFX 4.26.0
2025-12-21 23:10:08,942 [INFO] ThirdParty:1030 - CMSIS Pack Vendor :STMicroelectronics X-CUBE-BLEMGR 3.1.0
2025-12-21 23:10:08,942 [INFO] ThirdParty:1030 - CMSIS Pack Vendor :STMicroelectronics X-CUBE-AI 10.0.0
2025-12-21 23:10:08,942 [INFO] ThirdParty:1030 - CMSIS Pack Vendor :STMicroelectronics FP-SNS-STAIOTCFT 1.0.0
2025-12-21 23:10:08,942 [INFO] ThirdParty:1030 - CMSIS Pack Vendor :STMicroelectronics FP-SNS-SMARTAG2 1.2.0
2025-12-21 23:10:08,942 [INFO] ThirdParty:1030 - CMSIS Pack Vendor :STMicroelectronics FP-SNS-FLIGHT1 5.1.0
2025-12-21 23:10:08,942 [INFO] ThirdParty:1030 - CMSIS Pack Vendor :STMicroelectronics X-CUBE-MEMS1 11.1.0
2025-12-21 23:10:08,942 [INFO] ThirdParty:1030 - CMSIS Pack Vendor :STMicroelectronics X-CUBE-AZRTOS-WL 2.0.0
2025-12-21 23:10:08,942 [INFO] ThirdParty:1030 - CMSIS Pack Vendor :STMicroelectronics X-CUBE-DPower 1.3.0
2025-12-21 23:10:08,942 [INFO] ThirdParty:1030 - CMSIS Pack Vendor :STMicroelectronics FP-SNS-MOTENV1 5.0.0
2025-12-21 23:10:08,942 [INFO] ThirdParty:1030 - CMSIS Pack Vendor :STMicroelectronics USB_DEVICE 1.0.0
2025-12-21 23:10:08,942 [INFO] ThirdParty:1030 - CMSIS Pack Vendor :STMicroelectronics X-CUBE-AZRTOS-H7RS 1.2.0
2025-12-21 23:10:08,942 [INFO] ThirdParty:1030 - CMSIS Pack Vendor :wolfSSL I-CUBE-wolfMQTT 1.19.0
2025-12-21 23:10:08,942 [INFO] ThirdParty:1030 - CMSIS Pack Vendor :STMicroelectronics X-CUBE-AZRTOS-L4 2.0.0
2025-12-21 23:10:08,942 [INFO] ThirdParty:1030 - CMSIS Pack Vendor :STMicroelectronics ThreadX 0.0.2
2025-12-21 23:10:08,942 [INFO] ThirdParty:1030 - CMSIS Pack Vendor :WES I-CUBE-Cesium 1.3.0
2025-12-21 23:10:08,942 [INFO] ThirdParty:1030 - CMSIS Pack Vendor :STMicroelectronics lwIP 2.1.2
2025-12-21 23:10:08,942 [INFO] ThirdParty:1030 - CMSIS Pack Vendor :STMicroelectronics X-CUBE-SFXS2LP1 4.0.0
2025-12-21 23:10:08,942 [INFO] ThirdParty:1030 - CMSIS Pack Vendor :STMicroelectronics X-CUBE-BLE2 3.3.0
2025-12-21 23:10:08,942 [INFO] ThirdParty:1030 - CMSIS Pack Vendor :Avnet-IOTCONNECT X-CUBE-iotc-st67-sdk 1.0.0
2025-12-21 23:10:08,942 [INFO] ThirdParty:1030 - CMSIS Pack Vendor :STMicroelectronics PDM2PCM 3.2.0
2025-12-21 23:10:08,942 [INFO] ThirdParty:1030 - CMSIS Pack Vendor :STMicroelectronics X-CUBE-AZRTOS-H7 3.3.0
2025-12-21 23:10:08,942 [INFO] ThirdParty:1030 - CMSIS Pack Vendor :STMicroelectronics X-CUBE-NFC9 1.0.0
2025-12-21 23:10:08,942 [INFO] ThirdParty:1030 - CMSIS Pack Vendor :STMicroelectronics X-CUBE-BLE1 7.1.0
2025-12-21 23:10:08,942 [INFO] ThirdParty:1030 - CMSIS Pack Vendor :STMicroelectronics USB_DEVICE 3.0.0
2025-12-21 23:10:08,942 [INFO] ThirdParty:1030 - CMSIS Pack Vendor :STMicroelectronics X-CUBE-TCPP 4.1.0
2025-12-21 23:10:08,942 [INFO] ThirdParty:1030 - CMSIS Pack Vendor :STMicroelectronics X-CUBE-EEPRMA1 5.2.0
2025-12-21 23:10:08,942 [INFO] ThirdParty:1030 - CMSIS Pack Vendor :STMicroelectronics X-CUBE-BLEMGR 4.1.0
2025-12-21 23:10:08,942 [INFO] ThirdParty:1030 - CMSIS Pack Vendor :STMicroelectronics X-CUBE-IPS 3.0.0
2025-12-21 23:10:08,942 [INFO] ThirdParty:1030 - CMSIS Pack Vendor :STMicroelectronics X-CUBE-AZRTOS-WB 2.0.0
2025-12-21 23:10:08,942 [INFO] ThirdParty:1030 - CMSIS Pack Vendor :STMicroelectronics X-CUBE-GNSS1 7.0.0
2025-12-21 23:10:08,942 [INFO] ThirdParty:1030 - CMSIS Pack Vendor :STMicroelectronics X-CUBE-GNSS1 7.0.1
2025-12-21 23:10:08,942 [INFO] ThirdParty:1030 - CMSIS Pack Vendor :STMicroelectronics X-CUBE-TOUCHGFX 4.25.0
2025-12-21 23:10:08,942 [INFO] ThirdParty:1030 - CMSIS Pack Vendor :STMicroelectronics FP-SNS-STBOX1 2.0.0
2025-12-21 23:10:08,943 [INFO] ThirdParty:1030 - CMSIS Pack Vendor :STMicroelectronics X-CUBE-MEMS1 12.0.0
2025-12-21 23:10:08,943 [INFO] ThirdParty:1030 - CMSIS Pack Vendor :STMicroelectronics X-CUBE-AZRTOS-G0 1.1.0
2025-12-21 23:10:08,943 [INFO] ThirdParty:1030 - CMSIS Pack Vendor :STMicroelectronics X-CUBE-SAFEA1 1.2.2
2025-12-21 23:10:08,943 [INFO] ThirdParty:1030 - CMSIS Pack Vendor :STMicroelectronics X-CUBE-NFC4 3.0.0
2025-12-21 23:10:08,943 [INFO] ThirdParty:1030 - CMSIS Pack Vendor :STMicroelectronics X-CUBE-SUBG2 5.0.0
2025-12-21 23:10:08,943 [INFO] ThirdParty:1030 - CMSIS Pack Vendor :STMicroelectronics X-CUBE-AZRTOS-H7RS 1.1.0
2025-12-21 23:10:08,943 [INFO] ThirdParty:1030 - CMSIS Pack Vendor :STMicroelectronics STM32_WPAN 1.0.0
2025-12-21 23:10:08,943 [INFO] ThirdParty:1030 - CMSIS Pack Vendor :EmbeddedOffice I-CUBE-FS-RTOS 1.0.1
2025-12-21 23:10:08,943 [INFO] ThirdParty:1030 - CMSIS Pack Vendor :STMicroelectronics lwIP 2.0.3
2025-12-21 23:10:08,943 [INFO] ThirdParty:1030 - CMSIS Pack Vendor :Cesanta I-CUBE-Mongoose 7.13.0
2025-12-21 23:10:08,943 [INFO] ThirdParty:1030 - CMSIS Pack Vendor :STMicroelectronics USB_HOST 1.0.0
2025-12-21 23:10:08,944 [INFO] ThirdParty:1030 - CMSIS Pack Vendor :STMicroelectronics X-CUBE-AZRTOS-G4 2.0.0
2025-12-21 23:10:08,944 [INFO] ThirdParty:1030 - CMSIS Pack Vendor :STMicroelectronics X-CUBE-WB05N 2.0.0
2025-12-21 23:10:08,944 [INFO] ThirdParty:1030 - CMSIS Pack Vendor :STMicroelectronics PDM2PCM 3.1.0
2025-12-21 23:10:08,944 [INFO] ThirdParty:1030 - CMSIS Pack Vendor :STMicroelectronics X-CUBE-NFC7 2.0.0
2025-12-21 23:10:08,944 [INFO] ThirdParty:1030 - CMSIS Pack Vendor :STMicroelectronics X-CUBE-TCPP 4.2.0
2025-12-21 23:10:08,944 [INFO] ThirdParty:1030 - CMSIS Pack Vendor :RealThread X-CUBE-RT-Thread_Nano 4.1.1
2025-12-21 23:10:08,944 [INFO] ThirdParty:1030 - CMSIS Pack Vendor :STMicroelectronics FP-ATR-SIGFOX1 3.2.0
2025-12-21 23:10:08,944 [INFO] ThirdParty:1030 - CMSIS Pack Vendor :wolfSSL I-CUBE-wolfSSL 5.7.2
2025-12-21 23:10:08,944 [INFO] ThirdParty:1030 - CMSIS Pack Vendor :quantropi X-CUBE-qispace-sdk-base 1.9.3
2025-12-21 23:10:08,944 [INFO] ThirdParty:1030 - CMSIS Pack Vendor :STMicroelectronics X-CUBE-EEPRMA1 5.1.0
2025-12-21 23:10:08,944 [INFO] ThirdParty:1030 - CMSIS Pack Vendor :STMicroelectronics MBEDTLS 2.16.2
2025-12-21 23:10:08,944 [INFO] ThirdParty:1030 - CMSIS Pack Vendor :STMicroelectronics X-CUBE-IPS 3.1.0
2025-12-21 23:10:08,944 [INFO] ThirdParty:1030 - CMSIS Pack Vendor :STMicroelectronics X-CUBE-ALS 1.0.2
2025-12-21 23:10:08,944 [INFO] ThirdParty:1030 - CMSIS Pack Vendor :ITTIA_DB I-CUBE-ITTIADB 8.9.0
2025-12-21 23:10:08,944 [INFO] ThirdParty:1030 - CMSIS Pack Vendor :STMicroelectronics X-CUBE-TOUCHGFX 4.24.1
2025-12-21 23:10:08,944 [INFO] ThirdParty:1030 - CMSIS Pack Vendor :STMicroelectronics X-CUBE-STSE01 1.0.0
2025-12-21 23:10:08,944 [INFO] ThirdParty:1030 - CMSIS Pack Vendor :wolfSSL I-CUBE-wolfTPM 3.4.0
2025-12-21 23:10:08,944 [INFO] ThirdParty:1030 - CMSIS Pack Vendor :portGmbH I-Cube-SoM-uGOAL 1.1.0
2025-12-21 23:10:08,944 [INFO] ThirdParty:1030 - CMSIS Pack Vendor :STMicroelectronics X-CUBE-ST67W61 1.0.0
2025-12-21 23:10:08,944 [INFO] ThirdParty:1030 - CMSIS Pack Vendor :STMicroelectronics X-CUBE-AI 10.2.0
2025-12-21 23:10:08,944 [INFO] ThirdParty:1030 - CMSIS Pack Vendor :STMicroelectronics ThreadX 1.0.0
2025-12-21 23:10:08,944 [INFO] ThirdParty:1030 - CMSIS Pack Vendor :SEGGER I-CUBE-embOS 1.3.1
2025-12-21 23:10:08,944 [INFO] ThirdParty:1030 - CMSIS Pack Vendor :STMicroelectronics X-CUBE-ALGOBUILD 1.4.0
2025-12-21 23:10:08,944 [INFO] ThirdParty:1030 - CMSIS Pack Vendor :STMicroelectronics X-CUBE-MEMS1 11.3.0
2025-12-21 23:10:08,944 [INFO] ThirdParty:1030 - CMSIS Pack Vendor :STMicroelectronics X-CUBE-AZRTOS-H7RS 1.0.0
2025-12-21 23:10:08,944 [INFO] ThirdParty:1030 - CMSIS Pack Vendor :STMicroelectronics FP-ATR-ASTRA1 2.0.0
2025-12-21 23:10:08,944 [INFO] ThirdParty:1030 - CMSIS Pack Vendor :STMicroelectronics X-CUBE-TOF1 3.4.2
2025-12-21 23:10:08,944 [INFO] ThirdParty:1030 - CMSIS Pack Vendor :STMicroelectronics X-CUBE-TOF1 3.4.3
2025-12-21 23:10:08,944 [INFO] ThirdParty:1030 - CMSIS Pack Vendor :STMicroelectronics X-CUBE-AI 9.1.0
2025-12-21 23:10:08,944 [INFO] ThirdParty:1030 - CMSIS Pack Vendor :Infineon AIROC-Wi-Fi-Bluetooth-STM32 1.6.1
2025-12-21 23:10:08,944 [INFO] ThirdParty:1030 - CMSIS Pack Vendor :wolfSSL I-CUBE-wolfSSH 1.4.17
2025-12-21 23:10:08,945 [INFO] ThirdParty:841 - exiting critical section [change project]
2025-12-21 23:10:09,496 [INFO] PinOutPanel:1589 - setPackage(No Configuration,No Configuration)
2025-12-21 23:10:09,498 [INFO] PinOutPanel:1589 - setPackage(STM32H743IITx,LQFP176)
2025-12-21 23:10:10,126 [INFO] UtilMem:75 - Before build in PCC Used Memory: 789093888 Bytes (1073741824)
2025-12-21 23:10:10,886 [INFO] UtilMem:75 - After build in PCC Used Memory: 877172224 Bytes (1073741824)
2025-12-21 23:10:10,932 [INFO] IPUIPlugin:80 - create IPUIPlugin
2025-12-21 23:10:10,932 [INFO] IPUIPlugin:80 - create IPUIPlugin
2025-12-21 23:10:10,932 [INFO] IPUIPlugin:80 - create IPUIPlugin
2025-12-21 23:10:10,932 [INFO] IPUIPlugin:80 - create IPUIPlugin
2025-12-21 23:10:10,933 [INFO] IPUIPlugin:80 - create IPUIPlugin
2025-12-21 23:10:10,933 [INFO] IPUIPlugin:80 - create IPUIPlugin
2025-12-21 23:10:10,933 [INFO] IPUIPlugin:80 - create IPUIPlugin
2025-12-21 23:10:10,933 [INFO] IPUIPlugin:80 - create IPUIPlugin
2025-12-21 23:10:10,933 [INFO] IPUIPlugin:80 - create IPUIPlugin
2025-12-21 23:10:10,933 [INFO] IPUIPlugin:80 - create IPUIPlugin
2025-12-21 23:10:10,933 [INFO] IPUIPlugin:80 - create IPUIPlugin
2025-12-21 23:10:10,933 [INFO] IPUIPlugin:80 - create IPUIPlugin
2025-12-21 23:10:10,933 [INFO] IPUIPlugin:80 - create IPUIPlugin
2025-12-21 23:10:10,933 [INFO] IPUIPlugin:80 - create IPUIPlugin
2025-12-21 23:10:10,933 [INFO] IPUIPlugin:80 - create IPUIPlugin
2025-12-21 23:10:10,933 [INFO] IPUIPlugin:80 - create IPUIPlugin
2025-12-21 23:10:10,934 [INFO] IPUIPlugin:80 - create IPUIPlugin
2025-12-21 23:10:10,934 [INFO] IPUIPlugin:80 - create IPUIPlugin
2025-12-21 23:10:10,934 [INFO] IPUIPlugin:80 - create IPUIPlugin
2025-12-21 23:10:10,934 [INFO] IPUIPlugin:80 - create IPUIPlugin
2025-12-21 23:10:10,934 [INFO] IPUIPlugin:80 - create IPUIPlugin
2025-12-21 23:10:10,934 [INFO] IPUIPlugin:80 - create IPUIPlugin
2025-12-21 23:10:10,934 [INFO] IPUIPlugin:80 - create IPUIPlugin
2025-12-21 23:10:10,935 [INFO] IPUIPlugin:80 - create IPUIPlugin
2025-12-21 23:10:10,935 [INFO] IPUIPlugin:80 - create IPUIPlugin
2025-12-21 23:10:10,935 [INFO] IPUIPlugin:80 - create IPUIPlugin
2025-12-21 23:10:10,935 [INFO] IPUIPlugin:80 - create IPUIPlugin
2025-12-21 23:10:10,935 [INFO] IPUIPlugin:80 - create IPUIPlugin
2025-12-21 23:10:10,935 [INFO] IPUIPlugin:80 - create IPUIPlugin
2025-12-21 23:10:10,935 [INFO] IPUIPlugin:80 - create IPUIPlugin
2025-12-21 23:10:10,935 [INFO] IPUIPlugin:80 - create IPUIPlugin
2025-12-21 23:10:10,935 [INFO] IPUIPlugin:80 - create IPUIPlugin
2025-12-21 23:10:10,935 [INFO] IPUIPlugin:80 - create IPUIPlugin
2025-12-21 23:10:10,936 [INFO] IPUIPlugin:80 - create IPUIPlugin
2025-12-21 23:10:10,936 [INFO] IPUIPlugin:80 - create IPUIPlugin
2025-12-21 23:10:10,936 [INFO] IPUIPlugin:80 - create IPUIPlugin
2025-12-21 23:10:10,936 [INFO] IPUIPlugin:80 - create IPUIPlugin
2025-12-21 23:10:10,936 [INFO] IPUIPlugin:80 - create IPUIPlugin
2025-12-21 23:10:10,936 [INFO] IPUIPlugin:80 - create IPUIPlugin
2025-12-21 23:10:10,937 [INFO] IPUIPlugin:80 - create IPUIPlugin
2025-12-21 23:10:10,937 [INFO] IPUIPlugin:80 - create IPUIPlugin
2025-12-21 23:10:10,937 [INFO] IPUIPlugin:80 - create IPUIPlugin
2025-12-21 23:10:10,937 [INFO] IPUIPlugin:80 - create IPUIPlugin
2025-12-21 23:10:10,938 [INFO] IPUIPlugin:80 - create IPUIPlugin
2025-12-21 23:10:10,938 [INFO] IPUIPlugin:80 - create IPUIPlugin
2025-12-21 23:10:10,938 [INFO] IPUIPlugin:80 - create IPUIPlugin
2025-12-21 23:10:10,938 [INFO] IPUIPlugin:80 - create IPUIPlugin
2025-12-21 23:10:10,938 [INFO] IPUIPlugin:80 - create IPUIPlugin
2025-12-21 23:10:10,939 [INFO] IPUIPlugin:80 - create IPUIPlugin
2025-12-21 23:10:10,939 [INFO] IPUIPlugin:80 - create IPUIPlugin
2025-12-21 23:10:10,939 [INFO] IPUIPlugin:80 - create IPUIPlugin
2025-12-21 23:10:10,939 [INFO] IPUIPlugin:80 - create IPUIPlugin
2025-12-21 23:10:10,939 [INFO] IPUIPlugin:80 - create IPUIPlugin
2025-12-21 23:10:10,939 [INFO] IPUIPlugin:80 - create IPUIPlugin
2025-12-21 23:10:10,939 [INFO] IPUIPlugin:80 - create IPUIPlugin
2025-12-21 23:10:10,939 [INFO] IPUIPlugin:80 - create IPUIPlugin
2025-12-21 23:10:10,939 [INFO] IPUIPlugin:80 - create IPUIPlugin
2025-12-21 23:10:10,940 [INFO] IPUIPlugin:80 - create IPUIPlugin
2025-12-21 23:10:10,940 [INFO] IPUIPlugin:80 - create IPUIPlugin
2025-12-21 23:10:10,940 [INFO] IPUIPlugin:80 - create IPUIPlugin
2025-12-21 23:10:10,940 [INFO] IPUIPlugin:80 - create IPUIPlugin
2025-12-21 23:10:10,940 [INFO] IPUIPlugin:80 - create IPUIPlugin
2025-12-21 23:10:10,940 [INFO] IPUIPlugin:80 - create IPUIPlugin
2025-12-21 23:10:10,941 [INFO] IPUIPlugin:80 - create IPUIPlugin
2025-12-21 23:10:10,941 [INFO] IPUIPlugin:80 - create IPUIPlugin
2025-12-21 23:10:10,941 [INFO] IPUIPlugin:80 - create IPUIPlugin
2025-12-21 23:10:10,941 [INFO] IPUIPlugin:80 - create IPUIPlugin
2025-12-21 23:10:10,941 [INFO] IPUIPlugin:80 - create IPUIPlugin
2025-12-21 23:10:10,941 [INFO] IPUIPlugin:80 - create IPUIPlugin
2025-12-21 23:10:10,942 [INFO] IPUIPlugin:80 - create IPUIPlugin
2025-12-21 23:10:10,942 [INFO] IPUIPlugin:80 - create IPUIPlugin
2025-12-21 23:10:10,942 [INFO] IPUIPlugin:80 - create IPUIPlugin
2025-12-21 23:10:10,943 [INFO] IPUIPlugin:80 - create IPUIPlugin
2025-12-21 23:10:10,943 [INFO] IPUIPlugin:80 - create IPUIPlugin
2025-12-21 23:10:10,943 [INFO] IPUIPlugin:80 - create IPUIPlugin
2025-12-21 23:10:10,943 [INFO] IPUIPlugin:80 - create IPUIPlugin
2025-12-21 23:10:10,944 [INFO] IPUIPlugin:80 - create IPUIPlugin
2025-12-21 23:10:10,944 [INFO] IPUIPlugin:80 - create IPUIPlugin
2025-12-21 23:10:10,944 [INFO] IPUIPlugin:80 - create IPUIPlugin
2025-12-21 23:10:10,944 [INFO] IPUIPlugin:80 - create IPUIPlugin
2025-12-21 23:10:10,945 [INFO] IPUIPlugin:80 - create IPUIPlugin
2025-12-21 23:10:10,945 [INFO] IPUIPlugin:80 - create IPUIPlugin
2025-12-21 23:10:10,945 [INFO] IPUIPlugin:80 - create IPUIPlugin
2025-12-21 23:10:10,945 [INFO] IPUIPlugin:80 - create IPUIPlugin
2025-12-21 23:10:10,945 [INFO] IPUIPlugin:80 - create IPUIPlugin
2025-12-21 23:10:10,946 [INFO] IPUIPlugin:80 - create IPUIPlugin
2025-12-21 23:10:10,946 [INFO] IPUIPlugin:80 - create IPUIPlugin
2025-12-21 23:10:10,946 [INFO] IPUIPlugin:80 - create IPUIPlugin
2025-12-21 23:10:10,946 [INFO] IPUIPlugin:80 - create IPUIPlugin
2025-12-21 23:10:10,947 [INFO] IPUIPlugin:80 - create IPUIPlugin
2025-12-21 23:10:10,947 [INFO] IPUIPlugin:80 - create IPUIPlugin
2025-12-21 23:10:10,947 [INFO] IPUIPlugin:80 - create IPUIPlugin
2025-12-21 23:10:10,947 [INFO] IPUIPlugin:80 - create IPUIPlugin
2025-12-21 23:10:10,947 [INFO] IPUIPlugin:80 - create IPUIPlugin
2025-12-21 23:10:10,947 [INFO] IPUIPlugin:80 - create IPUIPlugin
2025-12-21 23:10:10,949 [INFO] IPUIPlugin:80 - create IPUIPlugin
2025-12-21 23:10:10,949 [INFO] IPUIPlugin:80 - create IPUIPlugin
2025-12-21 23:10:10,949 [INFO] IPUIPlugin:80 - create IPUIPlugin
2025-12-21 23:10:11,045 [INFO] ApiDbMcu:508 - Load IP Config File for PDM2PCM
2025-12-21 23:10:11,053 [WARN] IP:2251 - ClockDivider not found: check if there is a RefParameter without a condition.
2025-12-21 23:10:11,054 [WARN] IP:2251 - ClockDividerCCU not found: check if there is a RefParameter without a condition.
2025-12-21 23:10:11,054 [WARN] IP:2251 - MinOscClkPeriodsCCU not found: check if there is a RefParameter without a condition.
2025-12-21 23:10:11,054 [WARN] IP:2251 - TimeQuantaPerBitTimeCCU not found: check if there is a RefParameter without a condition.
2025-12-21 23:10:11,054 [WARN] IP:2251 - WatchdogStartValueCCU not found: check if there is a RefParameter without a condition.
2025-12-21 23:10:11,059 [INFO] LogOutputStream:77 - [STDOUT_REDIRECT] Nominal 
2025-12-21 23:10:11,060 [INFO] Can:71 - Can Add PropertyChangeListener com.st.microxplorer.plugins.ip.can.Can@26978385
2025-12-21 23:10:11,289 [INFO] CADModel:165 - CPN selected for project levelSTM32H743IIT6
2025-12-21 23:10:11,290 [INFO] CADModel:114 - Register for checkConnection events
2025-12-21 23:10:11,369 [INFO] OpenFileManager:363 - Restore cursor
2025-12-21 23:10:11,619 [WARN] IP:2251 - ClockDivider not found: check if there is a RefParameter without a condition.
2025-12-21 23:10:11,619 [WARN] IP:2251 - ClockDividerCCU not found: check if there is a RefParameter without a condition.
2025-12-21 23:10:11,619 [WARN] IP:2251 - MinOscClkPeriodsCCU not found: check if there is a RefParameter without a condition.
2025-12-21 23:10:11,619 [WARN] IP:2251 - TimeQuantaPerBitTimeCCU not found: check if there is a RefParameter without a condition.
2025-12-21 23:10:11,619 [WARN] IP:2251 - WatchdogStartValueCCU not found: check if there is a RefParameter without a condition.
2025-12-21 23:10:31,713 [INFO] NvicIntPanel:101 - NVIC parent = com.st.microxplorer.plugins.ip.nvic.MultiNvicIntPanel[,0,0,526x270,layout=javax.swing.BoxLayout,alignmentX=0.0,alignmentY=0.0,border=,flags=9,maximumSize=,minimumSize=,preferredSize=]
2025-12-21 23:10:35,637 [INFO] NvicIntPanel:101 - NVIC parent = com.st.microxplorer.plugins.ip.nvic.MultiNvicIntPanel[,0,0,0x0,invalid,layout=javax.swing.BoxLayout,alignmentX=0.0,alignmentY=0.0,border=,flags=9,maximumSize=,minimumSize=,preferredSize=]
2025-12-21 23:10:36,161 [INFO] NvicIntPanel:101 - NVIC parent = com.st.microxplorer.plugins.ip.nvic.MultiNvicIntPanel[,0,0,0x0,invalid,layout=javax.swing.BoxLayout,alignmentX=0.0,alignmentY=0.0,border=,flags=9,maximumSize=,minimumSize=,preferredSize=]
2025-12-21 23:10:36,682 [INFO] NvicIntPanel:101 - NVIC parent = com.st.microxplorer.plugins.ip.nvic.MultiNvicIntPanel[,0,0,0x0,invalid,layout=javax.swing.BoxLayout,alignmentX=0.0,alignmentY=0.0,border=,flags=9,maximumSize=,minimumSize=,preferredSize=]
2025-12-21 23:10:46,046 [INFO] UtilMem:75 - End SaveConfig() Used Memory: 885261016 Bytes (1073741824)
2025-12-21 23:10:47,691 [INFO] UtilMem:75 - End SaveConfig() Used Memory: 948591872 Bytes (1073741824)
2025-12-21 23:10:48,086 [INFO] BlockDiagram:2766 - set Specific Code input for plugin: RCC
2025-12-21 23:10:48,087 [INFO] BlockDiagram:2766 - set Specific Code input for plugin: FDCAN
2025-12-21 23:10:48,087 [INFO] BlockDiagram:2766 - set Specific Code input for plugin: MEMORYMAP
2025-12-21 23:10:48,087 [INFO] BlockDiagram:2766 - set Specific Code input for plugin: SYS
2025-12-21 23:10:48,087 [INFO] BlockDiagram:2766 - set Specific Code input for plugin: NVIC
2025-12-21 23:10:48,088 [INFO] BlockDiagram:2766 - set Specific Code input for plugin: GPIO
2025-12-21 23:10:48,090 [INFO] CodeGenerator:896 - code generatio: config db path: C:\ST\STM32CubeIDE_1.17.0\STM32CubeIDE\plugins\com.st.stm32cube.common.mx_6.13.0.202411220809\\db\
2025-12-21 23:10:48,095 [WARN] IP:2251 - ClockDivider not found: check if there is a RefParameter without a condition.
2025-12-21 23:10:48,095 [WARN] IP:2251 - ClockDividerCCU not found: check if there is a RefParameter without a condition.
2025-12-21 23:10:48,095 [WARN] IP:2251 - MinOscClkPeriodsCCU not found: check if there is a RefParameter without a condition.
2025-12-21 23:10:48,095 [WARN] IP:2251 - TimeQuantaPerBitTimeCCU not found: check if there is a RefParameter without a condition.
2025-12-21 23:10:48,095 [WARN] IP:2251 - WatchdogStartValueCCU not found: check if there is a RefParameter without a condition.
2025-12-21 23:10:48,222 [INFO] CodeEngine:255 - oldGeneratedFile, C:\Users\kamil\STM32CubeIDE\workspace_1.17.0\NAJWIEKSZY_TEST\MXTmpFiles\license.tmp_save
2025-12-21 23:10:48,555 [INFO] CodeEngine:279 - Generated code: C:\Users\kamil\STM32CubeIDE\workspace_1.17.0\NAJWIEKSZY_TEST\MXTmpFiles\license.tmp
2025-12-21 23:10:48,647 [INFO] CodeEngine:255 - oldGeneratedFile, C:\Users\kamil\STM32CubeIDE\workspace_1.17.0\NAJWIEKSZY_TEST\MXTmpFiles\gpio.tmp_save
2025-12-21 23:10:48,767 [INFO] CodeEngine:279 - Generated code: C:\Users\kamil\STM32CubeIDE\workspace_1.17.0\NAJWIEKSZY_TEST\MXTmpFiles\gpio.tmp
2025-12-21 23:10:48,900 [WARN] IPConfigManager:98 - WARNING: Missing Config File for MEMORYMAP ip!!
2025-12-21 23:10:48,951 [INFO] CodeEngine:255 - oldGeneratedFile, C:\Users\kamil\STM32CubeIDE\workspace_1.17.0\NAJWIEKSZY_TEST\MXTmpFiles\cortex.tmp_save
2025-12-21 23:10:49,029 [INFO] CodeEngine:279 - Generated code: C:\Users\kamil\STM32CubeIDE\workspace_1.17.0\NAJWIEKSZY_TEST\MXTmpFiles\cortex.tmp
2025-12-21 23:10:49,064 [INFO] CodeEngine:255 - oldGeneratedFile, C:\Users\kamil\STM32CubeIDE\workspace_1.17.0\NAJWIEKSZY_TEST\Core\Src\stm32h7xx_it.c_save
2025-12-21 23:10:49,190 [INFO] CodeEngine:279 - Generated code: C:\Users\kamil\STM32CubeIDE\workspace_1.17.0\NAJWIEKSZY_TEST\Core\Src\stm32h7xx_it.c
2025-12-21 23:10:49,198 [INFO] CodeEngine:255 - oldGeneratedFile, C:\Users\kamil\STM32CubeIDE\workspace_1.17.0\NAJWIEKSZY_TEST\Core\Inc\stm32h7xx_it.h_save
2025-12-21 23:10:49,274 [INFO] CodeEngine:279 - Generated code: C:\Users\kamil\STM32CubeIDE\workspace_1.17.0\NAJWIEKSZY_TEST\Core\Inc\stm32h7xx_it.h
2025-12-21 23:10:49,334 [INFO] CodeEngine:255 - oldGeneratedFile, C:\Users\kamil\STM32CubeIDE\workspace_1.17.0\NAJWIEKSZY_TEST\Core\Src\stm32h7xx_hal_msp.c_save
2025-12-21 23:10:49,463 [INFO] CodeEngine:279 - Generated code: C:\Users\kamil\STM32CubeIDE\workspace_1.17.0\NAJWIEKSZY_TEST\Core\Src\stm32h7xx_hal_msp.c
2025-12-21 23:10:49,469 [INFO] CodeEngine:255 - oldGeneratedFile, C:\Users\kamil\STM32CubeIDE\workspace_1.17.0\NAJWIEKSZY_TEST\MXTmpFiles\system.tmp_save
2025-12-21 23:10:49,517 [INFO] CodeEngine:279 - Generated code: C:\Users\kamil\STM32CubeIDE\workspace_1.17.0\NAJWIEKSZY_TEST\MXTmpFiles\system.tmp
2025-12-21 23:10:49,537 [INFO] CodeEngine:311 - oldGeneratedFile, C:\Users\kamil\STM32CubeIDE\workspace_1.17.0\NAJWIEKSZY_TEST\Core\Inc\stm32h7xx_hal_conf.h_save
2025-12-21 23:10:49,616 [INFO] CodeEngine:335 - Generated code: C:\Users\kamil\STM32CubeIDE\workspace_1.17.0\NAJWIEKSZY_TEST\Core\Inc\stm32h7xx_hal_conf.h
2025-12-21 23:10:49,702 [INFO] ApiDbMcu:508 - Load IP Config File for FDCAN1
2025-12-21 23:10:49,703 [ERROR] ApiDbMcu:464 - Can't load MEMORYMAP-STM32xx root dir null
2025-12-21 23:10:49,703 [ERROR] ApiDbMcu:536 - Cannot parse MEMORYMAP_Config file : file do not exist
2025-12-21 23:10:49,709 [INFO] ApiDbMcu:508 - Load IP Config File for RCC
2025-12-21 23:10:49,741 [INFO] CodeEngine:255 - oldGeneratedFile, C:\Users\kamil\STM32CubeIDE\workspace_1.17.0\NAJWIEKSZY_TEST\Core\Inc\main.h_save
2025-12-21 23:10:49,845 [INFO] CodeEngine:279 - Generated code: C:\Users\kamil\STM32CubeIDE\workspace_1.17.0\NAJWIEKSZY_TEST\Core\Inc\main.h
2025-12-21 23:10:49,867 [INFO] CodeEngine:255 - oldGeneratedFile, C:\Users\kamil\STM32CubeIDE\workspace_1.17.0\NAJWIEKSZY_TEST\Core\Src\main.c_save
2025-12-21 23:10:50,068 [INFO] CodeEngine:279 - Generated code: C:\Users\kamil\STM32CubeIDE\workspace_1.17.0\NAJWIEKSZY_TEST\Core\Src\main.c
2025-12-21 23:10:50,470 [INFO] ProjectBuilder:3289 - Time for Copy HAL[1] : 193mS.
2025-12-21 23:10:50,476 [INFO] ProjectBuilder:4876 - Project Generator version: 4.5.0-RC5
2025-12-21 23:10:50,526 [INFO] ConfigFileManager:1579 - The Die is : DIE450
2025-12-21 23:10:50,541 [INFO] ApiDbMcu:508 - Load IP Config File for FATFS
2025-12-21 23:10:50,556 [INFO] ApiDbMcu:508 - Load IP Config File for FREERTOS
2025-12-21 23:10:50,568 [INFO] ApiDbMcu:508 - Load IP Config File for LIBJPEG
2025-12-21 23:10:50,582 [INFO] ApiDbMcu:508 - Load IP Config File for LWIP
2025-12-21 23:10:50,597 [INFO] ApiDbMcu:508 - Load IP Config File for MBEDTLS
2025-12-21 23:10:50,613 [INFO] ApiDbMcu:508 - Load IP Config File for USB_DEVICE
2025-12-21 23:10:50,627 [INFO] ApiDbMcu:508 - Load IP Config File for USB_HOST
2025-12-21 23:10:51,284 [INFO] LogOutputStream:77 - [STDOUT_REDIRECT] 
2025-12-21 23:10:53,195 [INFO] ProjectBuilder:5154 - Time for Generating toolchain IDE Files: 2719mS.
2025-12-21 23:10:53,197 [INFO] ProjectBuilder:3146 - Time for Copy CMSIS : 0mS.
2025-12-21 23:10:53,200 [INFO] ProjectBuilder:3146 - Time for Copy CMSIS : 0mS.
