2026-01-07 10:08:09,107 [INFO] Activator:176 - 


2026-01-07 10:08:09,115 [INFO] Activator:177 - !SESSION log4j initialized
2026-01-07 10:08:17,889 [INFO] LogOutputStream:77 - [STDOUT_REDIRECT] 
2026-01-07 10:08:26,612 [INFO] ApplicationProperties:184 - Using Application install path: C:\ST\STM32CubeIDE_1.17.0\STM32CubeIDE\plugins\com.st.stm32cube.common.mx_6.13.0.202411220809
2026-01-07 10:08:26,645 [INFO] DbMcusXml:78 - Set database path to: C:\ST\STM32CubeIDE_1.17.0\STM32CubeIDE\plugins\com.st.stm32cube.common.mx_6.13.0.202411220809\\db\/mcu/
2026-01-07 10:08:26,646 [INFO] ApiDb:274 - Set plugin database path to: C:\ST\STM32CubeIDE_1.17.0\STM32CubeIDE\plugins\com.st.stm32cube.common.mx_6.13.0.202411220809\\db\/plugins/boardmanager/
2026-01-07 10:08:26,647 [WARN] ApiDb:259 - Overriding images path with different value:  => C:\ST\STM32CubeIDE_1.17.0\STM32CubeIDE\plugins\com.st.stm32cube.common.mx_6.13.0.202411220809\\db\/plugins/mcufinder/images/
2026-01-07 10:08:26,665 [INFO] ApiDb:250 - Set database path to: C:\Users\kamil\.stmcufinder\plugins\mcufinder//mcu/
2026-01-07 10:08:26,668 [INFO] DbMcusAds:125 - Set database path to: C:\Users\kamil\.stmcufinder\plugins\mcufinder//mcu/
2026-01-07 10:08:26,673 [INFO] CrossReferenceDbSqlite:203 - Set database path to: C:\Users\kamil\.stmcufinder\plugins\mcufinder//mcu/cs/
2026-01-07 10:08:26,900 [INFO] RulesReader:64 - Compatibility file has been processed (297 Rules)
2026-01-07 10:08:27,054 [INFO] DbMcusXml:78 - Set database path to: C:\ST\STM32CubeIDE_1.17.0\STM32CubeIDE\plugins\com.st.stm32cube.common.mx_6.13.0.202411220809\\db\/mcu/
2026-01-07 10:08:27,054 [INFO] ApiDb:274 - Set plugin database path to: C:\ST\STM32CubeIDE_1.17.0\STM32CubeIDE\plugins\com.st.stm32cube.common.mx_6.13.0.202411220809\\db\/plugins/boardmanager/
2026-01-07 10:08:27,054 [INFO] ApiDb:261 - Set plugin images path to: C:\ST\STM32CubeIDE_1.17.0\STM32CubeIDE\plugins\com.st.stm32cube.common.mx_6.13.0.202411220809\\db\/plugins/mcufinder/images/
2026-01-07 10:08:27,054 [WARN] DbFile:41 - Overriding database path with different value: C:\Users\kamil\.stmcufinder\plugins\mcufinder/ => C:\Users\kamil\.stmcufinder\plugins\mcufinder
2026-01-07 10:08:27,054 [INFO] ApiDb:250 - Set database path to: C:\Users\kamil\.stmcufinder\plugins\mcufinder//mcu/
2026-01-07 10:08:27,055 [WARN] DbFile:41 - Overriding database path with different value: C:\Users\kamil\.stmcufinder\plugins\mcufinder/ => C:\Users\kamil\.stmcufinder\plugins\mcufinder
2026-01-07 10:08:27,055 [INFO] DbMcusAds:125 - Set database path to: C:\Users\kamil\.stmcufinder\plugins\mcufinder//mcu/
2026-01-07 10:08:27,055 [WARN] DbFile:41 - Overriding database path with different value: C:\Users\kamil\.stmcufinder\plugins\mcufinder/ => C:\Users\kamil\.stmcufinder\plugins\mcufinder
2026-01-07 10:08:27,055 [WARN] DbFile:41 - Overriding database path with different value: C:\Users\kamil\.stmcufinder\plugins\mcufinder/ => C:\Users\kamil\.stmcufinder\plugins\mcufinder
2026-01-07 10:08:27,055 [INFO] CrossReferenceDbSqlite:203 - Set database path to: C:\Users\kamil\.stmcufinder\plugins\mcufinder//mcu/cs/
2026-01-07 10:08:27,224 [INFO] MainPanel:272 - HeapMemory: 268435456
2026-01-07 10:08:27,420 [INFO] DbMcusXml:78 - Set database path to: C:\ST\STM32CubeIDE_1.17.0\STM32CubeIDE\plugins\com.st.stm32cube.common.mx_6.13.0.202411220809\\db\/mcu/
2026-01-07 10:08:27,420 [INFO] ApiDb:274 - Set plugin database path to: C:\ST\STM32CubeIDE_1.17.0\STM32CubeIDE\plugins\com.st.stm32cube.common.mx_6.13.0.202411220809\\db\/plugins/boardmanager/
2026-01-07 10:08:27,420 [INFO] ApiDb:261 - Set plugin images path to: C:\ST\STM32CubeIDE_1.17.0\STM32CubeIDE\plugins\com.st.stm32cube.common.mx_6.13.0.202411220809\\db\/plugins/mcufinder/images/
2026-01-07 10:08:27,421 [WARN] DbFile:41 - Overriding database path with different value: C:\Users\kamil\.stmcufinder\plugins\mcufinder/ => C:\Users\kamil\.stmcufinder\plugins\mcufinder
2026-01-07 10:08:27,421 [INFO] ApiDb:250 - Set database path to: C:\Users\kamil\.stmcufinder\plugins\mcufinder//mcu/
2026-01-07 10:08:27,421 [WARN] DbFile:41 - Overriding database path with different value: C:\Users\kamil\.stmcufinder\plugins\mcufinder/ => C:\Users\kamil\.stmcufinder\plugins\mcufinder
2026-01-07 10:08:27,421 [INFO] DbMcusAds:125 - Set database path to: C:\Users\kamil\.stmcufinder\plugins\mcufinder//mcu/
2026-01-07 10:08:27,421 [WARN] DbFile:41 - Overriding database path with different value: C:\Users\kamil\.stmcufinder\plugins\mcufinder/ => C:\Users\kamil\.stmcufinder\plugins\mcufinder
2026-01-07 10:08:27,421 [WARN] DbFile:41 - Overriding database path with different value: C:\Users\kamil\.stmcufinder\plugins\mcufinder/ => C:\Users\kamil\.stmcufinder\plugins\mcufinder
2026-01-07 10:08:27,421 [INFO] CrossReferenceDbSqlite:203 - Set database path to: C:\Users\kamil\.stmcufinder\plugins\mcufinder//mcu/cs/
2026-01-07 10:08:27,456 [INFO] ApplicationProperties:184 - Using Application install path: C:\ST\STM32CubeIDE_1.17.0\STM32CubeIDE\plugins\com.st.stm32cube.common.mx_6.13.0.202411220809
2026-01-07 10:08:27,459 [INFO] PluginManage:196 - Search for loadable plugins [exclusion list=, ]
2026-01-07 10:08:27,462 [INFO] PluginManage:310 - Check plugin analytics
2026-01-07 10:08:27,765 [INFO] AnalyticsPlugin:253 - Accepted Software Licenses: 
2026-01-07 10:08:27,765 [INFO] AnalyticsPlugin:255 - Accepted CMSIS Pack Licenses: 
2026-01-07 10:08:27,765 [INFO] AnalyticsPlugin:257 - Accepted Firmware Licenses: FW.F7.1.17.0,FW.H7.1.12.0
2026-01-07 10:08:27,768 [INFO] PluginManage:359 - Loaded plugin analytics (category:tool,tabindex:-1)
2026-01-07 10:08:27,769 [INFO] PluginManage:310 - Check plugin cadmodel
2026-01-07 10:08:27,794 [INFO] CADModel:105 - Init CAD model plugin
2026-01-07 10:08:27,795 [INFO] PluginManage:359 - Loaded plugin cadmodel (category:power,tabindex:5)
2026-01-07 10:08:27,795 [INFO] PluginManage:310 - Check plugin clock
2026-01-07 10:08:27,833 [INFO] PluginManage:359 - Loaded plugin clock (category:base,tabindex:2)
2026-01-07 10:08:27,833 [INFO] PluginManage:310 - Check plugin ddr
2026-01-07 10:08:27,837 [INFO] PluginManage:359 - Loaded plugin ddr (category:tool,tabindex:6)
2026-01-07 10:08:27,837 [INFO] PluginManage:310 - Check plugin filemanager
2026-01-07 10:08:28,085 [INFO] PluginManage:359 - Loaded plugin filemanager (category:base,tabindex:10)
2026-01-07 10:08:28,085 [INFO] PluginManage:310 - Check plugin ipmanager
2026-01-07 10:08:28,099 [INFO] PluginManage:359 - Loaded plugin ipmanager (category:base,tabindex:5)
2026-01-07 10:08:28,099 [INFO] PluginManage:310 - Check plugin lpbam
2026-01-07 10:08:28,143 [INFO] PluginManage:359 - Loaded plugin lpbam (category:base,tabindex:0)
2026-01-07 10:08:28,143 [INFO] PluginManage:310 - Check plugin memorymap
2026-01-07 10:08:28,196 [INFO] PluginManage:359 - Loaded plugin memorymap (category:base,tabindex:4)
2026-01-07 10:08:28,197 [INFO] PluginManage:310 - Check plugin pinoutandconfiguration
2026-01-07 10:08:28,241 [INFO] PluginManage:359 - Loaded plugin pinoutandconfiguration (category:base,tabindex:1)
2026-01-07 10:08:28,242 [INFO] PluginManage:310 - Check plugin pinoutconfig
2026-01-07 10:08:28,458 [WARN] SupportedApi:132 - Cannot load RTOS API schema: s4s-elt-must-match.1: The content of 'definitions' must match (annotation?, (simpleType | complexType)?, (unique | key | keyref)*)). A problem was found starting at: attribute.
2026-01-07 10:08:28,742 [INFO] PluginManage:359 - Loaded plugin pinoutconfig (category:base,tabindex:0)
2026-01-07 10:08:28,742 [INFO] PluginManage:310 - Check plugin power
2026-01-07 10:08:28,791 [INFO] PluginManage:359 - Loaded plugin power (category:power,tabindex:4)
2026-01-07 10:08:28,793 [INFO] PluginManage:310 - Check plugin projectmanager
2026-01-07 10:08:28,825 [INFO] PluginManage:359 - Loaded plugin projectmanager (category:projectmanager,tabindex:4)
2026-01-07 10:08:28,827 [INFO] PluginManage:310 - Check plugin rif
2026-01-07 10:08:28,867 [INFO] PluginManage:359 - Loaded plugin rif (category:base,tabindex:3)
2026-01-07 10:08:28,867 [INFO] PluginManage:310 - Check plugin thirdparty
2026-01-07 10:08:29,479 [WARN] IntegrityCheckThread:84 - waiting for thirdparty lock release [integrity check]
2026-01-07 10:08:29,480 [INFO] IntegrityCheckThread:86 - entering critical section [integrity check]
2026-01-07 10:08:29,480 [INFO] ThirdPartyUpdaterWithRetryManager:70 - Updater plugin not ready yet. [1/15]
2026-01-07 10:08:29,481 [INFO] PluginManage:359 - Loaded plugin thirdparty (category:base,tabindex:-1)
2026-01-07 10:08:29,482 [INFO] PluginManage:310 - Check plugin tools
2026-01-07 10:08:29,565 [INFO] PluginManage:359 - Loaded plugin tools (category:base,tabindex:7)
2026-01-07 10:08:29,565 [INFO] PluginManage:310 - Check plugin tutovideos
2026-01-07 10:08:29,909 [INFO] PluginManage:359 - Loaded plugin tutovideos (category:base,tabindex:-1)
2026-01-07 10:08:29,909 [INFO] PluginManage:310 - Check plugin updater
2026-01-07 10:08:29,950 [INFO] PluginManage:359 - Loaded plugin updater (category:base,tabindex:12)
2026-01-07 10:08:29,950 [INFO] PluginManage:310 - Check plugin userauth
2026-01-07 10:08:29,959 [INFO] UserAuth:118 - Init User Auth plugin
2026-01-07 10:08:29,961 [INFO] PluginManage:359 - Loaded plugin userauth (category:base,tabindex:14)
2026-01-07 10:08:29,962 [INFO] PluginManage:283 - PluginManage : Loaded plugins [18]
2026-01-07 10:08:30,321 [INFO] PinOutPanel:1589 - setPackage(No Configuration,No Configuration)
2026-01-07 10:08:30,454 [INFO] CADModel:165 - CPN selected for project level
2026-01-07 10:08:30,454 [INFO] CADModel:114 - Register for checkConnection events
2026-01-07 10:08:30,513 [INFO] IPUIPlugin:80 - create IPUIPlugin
2026-01-07 10:08:30,513 [INFO] PluginManager:220 - loadIPPluginJar : add adc
2026-01-07 10:08:30,596 [INFO] IPUIPlugin:80 - create IPUIPlugin
2026-01-07 10:08:30,596 [INFO] PluginManager:220 - loadIPPluginJar : add aes
2026-01-07 10:08:30,698 [INFO] IPUIPlugin:80 - create IPUIPlugin
2026-01-07 10:08:30,698 [INFO] PluginManager:220 - loadIPPluginJar : add can
2026-01-07 10:08:30,746 [INFO] IPUIPlugin:80 - create IPUIPlugin
2026-01-07 10:08:30,746 [INFO] PluginManager:220 - loadIPPluginJar : add comp
2026-01-07 10:08:30,808 [INFO] IPUIPlugin:80 - create IPUIPlugin
2026-01-07 10:08:30,808 [INFO] PluginManager:220 - loadIPPluginJar : add cryp
2026-01-07 10:08:30,830 [INFO] IPUIPlugin:80 - create IPUIPlugin
2026-01-07 10:08:30,830 [INFO] PluginManager:220 - loadIPPluginJar : add ddr_ctrl_phy
2026-01-07 10:08:30,894 [INFO] IPUIPlugin:80 - create IPUIPlugin
2026-01-07 10:08:30,895 [INFO] PluginManager:220 - loadIPPluginJar : add dfsdm
2026-01-07 10:08:30,931 [INFO] IPUIPlugin:80 - create IPUIPlugin
2026-01-07 10:08:30,932 [INFO] PluginManager:220 - loadIPPluginJar : add dma
2026-01-07 10:08:31,020 [INFO] IPUIPlugin:80 - create IPUIPlugin
2026-01-07 10:08:31,020 [INFO] PluginManager:220 - loadIPPluginJar : add dma3
2026-01-07 10:08:31,101 [INFO] IPUIPlugin:80 - create IPUIPlugin
2026-01-07 10:08:31,101 [INFO] PluginManager:220 - loadIPPluginJar : add extmemmanager
2026-01-07 10:08:31,142 [INFO] IPUIPlugin:80 - create IPUIPlugin
2026-01-07 10:08:31,142 [INFO] PluginManager:220 - loadIPPluginJar : add fatfs
2026-01-07 10:08:31,243 [INFO] IPUIPlugin:80 - create IPUIPlugin
2026-01-07 10:08:31,243 [INFO] PluginManager:220 - loadIPPluginJar : add fmc
2026-01-07 10:08:31,277 [INFO] IPUIPlugin:80 - create IPUIPlugin
2026-01-07 10:08:31,277 [INFO] PluginManager:220 - loadIPPluginJar : add freertos
2026-01-07 10:08:31,335 [INFO] IPUIPlugin:80 - create IPUIPlugin
2026-01-07 10:08:31,335 [INFO] PluginManager:220 - loadIPPluginJar : add genericplugin
2026-01-07 10:08:31,537 [INFO] IPUIPlugin:80 - create IPUIPlugin
2026-01-07 10:08:31,537 [INFO] PluginManager:220 - loadIPPluginJar : add gfxmmu
2026-01-07 10:08:31,830 [INFO] IPUIPlugin:80 - create IPUIPlugin
2026-01-07 10:08:31,831 [INFO] PluginManager:220 - loadIPPluginJar : add gic
2026-01-07 10:08:31,858 [INFO] IPUIPlugin:80 - create IPUIPlugin
2026-01-07 10:08:31,858 [INFO] PluginManager:220 - loadIPPluginJar : add gpio
2026-01-07 10:08:32,055 [INFO] IPUIPlugin:80 - create IPUIPlugin
2026-01-07 10:08:32,055 [INFO] PluginManager:220 - loadIPPluginJar : add gtzc
2026-01-07 10:08:32,148 [INFO] IPUIPlugin:80 - create IPUIPlugin
2026-01-07 10:08:32,148 [INFO] PluginManager:220 - loadIPPluginJar : add hash
2026-01-07 10:08:32,289 [INFO] IPUIPlugin:80 - create IPUIPlugin
2026-01-07 10:08:32,289 [INFO] PluginManager:220 - loadIPPluginJar : add i2c
2026-01-07 10:08:32,398 [INFO] IPUIPlugin:80 - create IPUIPlugin
2026-01-07 10:08:32,400 [INFO] PluginManager:220 - loadIPPluginJar : add i2s
2026-01-07 10:08:32,481 [INFO] ThirdPartyUpdaterWithRetryManager:70 - Updater plugin not ready yet. [2/15]
2026-01-07 10:08:32,510 [INFO] IPUIPlugin:80 - create IPUIPlugin
2026-01-07 10:08:32,510 [INFO] PluginManager:220 - loadIPPluginJar : add i3c
2026-01-07 10:08:32,733 [INFO] IPUIPlugin:80 - create IPUIPlugin
2026-01-07 10:08:32,733 [INFO] PluginManager:220 - loadIPPluginJar : add ipddr
2026-01-07 10:08:32,955 [INFO] IPUIPlugin:80 - create IPUIPlugin
2026-01-07 10:08:32,955 [INFO] PluginManager:220 - loadIPPluginJar : add linkedlist
2026-01-07 10:08:33,060 [INFO] IPUIPlugin:80 - create IPUIPlugin
2026-01-07 10:08:33,060 [INFO] PluginManager:220 - loadIPPluginJar : add lorawan
2026-01-07 10:08:33,158 [INFO] IPUIPlugin:80 - create IPUIPlugin
2026-01-07 10:08:33,159 [INFO] PluginManager:220 - loadIPPluginJar : add ltdc
2026-01-07 10:08:33,184 [INFO] IPUIPlugin:80 - create IPUIPlugin
2026-01-07 10:08:33,185 [INFO] PluginManager:220 - loadIPPluginJar : add mdma
2026-01-07 10:08:33,206 [INFO] IPUIPlugin:80 - create IPUIPlugin
2026-01-07 10:08:33,206 [INFO] PluginManager:220 - loadIPPluginJar : add nvic
2026-01-07 10:08:33,273 [INFO] IPUIPlugin:80 - create IPUIPlugin
2026-01-07 10:08:33,274 [INFO] PluginManager:220 - loadIPPluginJar : add opamp
2026-01-07 10:08:33,398 [INFO] IPUIPlugin:80 - create IPUIPlugin
2026-01-07 10:08:33,398 [INFO] PluginManager:220 - loadIPPluginJar : add openamp
2026-01-07 10:08:33,477 [INFO] IPUIPlugin:80 - create IPUIPlugin
2026-01-07 10:08:33,477 [INFO] PluginManager:220 - loadIPPluginJar : add pdm2pcm
2026-01-07 10:08:33,505 [INFO] IPUIPlugin:80 - create IPUIPlugin
2026-01-07 10:08:33,510 [INFO] PluginManager:220 - loadIPPluginJar : add plateformsettings
2026-01-07 10:08:33,560 [INFO] IPUIPlugin:80 - create IPUIPlugin
2026-01-07 10:08:33,561 [INFO] PluginManager:220 - loadIPPluginJar : add quadspi
2026-01-07 10:08:33,614 [INFO] IPUIPlugin:80 - create IPUIPlugin
2026-01-07 10:08:33,616 [INFO] PluginManager:220 - loadIPPluginJar : add radio
2026-01-07 10:08:33,640 [INFO] IPUIPlugin:80 - create IPUIPlugin
2026-01-07 10:08:33,641 [INFO] PluginManager:220 - loadIPPluginJar : add resmgrutility
2026-01-07 10:08:33,748 [INFO] IPUIPlugin:80 - create IPUIPlugin
2026-01-07 10:08:33,748 [INFO] PluginManager:220 - loadIPPluginJar : add sai
2026-01-07 10:08:33,847 [INFO] IPUIPlugin:80 - create IPUIPlugin
2026-01-07 10:08:33,848 [INFO] PluginManager:220 - loadIPPluginJar : add spi
2026-01-07 10:08:34,015 [INFO] IPUIPlugin:80 - create IPUIPlugin
2026-01-07 10:08:34,015 [INFO] PluginManager:220 - loadIPPluginJar : add stm32_wpan
2026-01-07 10:08:34,082 [INFO] IPUIPlugin:80 - create IPUIPlugin
2026-01-07 10:08:34,082 [INFO] PluginManager:220 - loadIPPluginJar : add tim
2026-01-07 10:08:34,210 [INFO] IPUIPlugin:80 - create IPUIPlugin
2026-01-07 10:08:34,211 [INFO] PluginManager:220 - loadIPPluginJar : add touchsensing
2026-01-07 10:08:34,273 [INFO] IPUIPlugin:80 - create IPUIPlugin
2026-01-07 10:08:34,274 [INFO] PluginManager:220 - loadIPPluginJar : add tracer_emb
2026-01-07 10:08:34,328 [INFO] IPUIPlugin:80 - create IPUIPlugin
2026-01-07 10:08:34,328 [INFO] PluginManager:220 - loadIPPluginJar : add ts
2026-01-07 10:08:34,392 [INFO] IPUIPlugin:80 - create IPUIPlugin
2026-01-07 10:08:34,392 [INFO] PluginManager:220 - loadIPPluginJar : add tsc
2026-01-07 10:08:34,454 [INFO] IPUIPlugin:80 - create IPUIPlugin
2026-01-07 10:08:34,454 [INFO] PluginManager:220 - loadIPPluginJar : add ucpd
2026-01-07 10:08:34,571 [INFO] IPUIPlugin:80 - create IPUIPlugin
2026-01-07 10:08:34,571 [INFO] PluginManager:220 - loadIPPluginJar : add usart
2026-01-07 10:08:34,679 [INFO] IPUIPlugin:80 - create IPUIPlugin
2026-01-07 10:08:34,679 [INFO] PluginManager:220 - loadIPPluginJar : add usbx
2026-01-07 10:08:34,855 [FATAL] Updater:351 - Updater called before beeing initialized
2026-01-07 10:08:34,892 [INFO] RulesReader:64 - Compatibility file has been processed (297 Rules)
2026-01-07 10:08:34,907 [INFO] RulesReader:64 - Compatibility file has been processed (297 Rules)
2026-01-07 10:08:34,920 [INFO] CADModel:165 - CPN selected for project level
2026-01-07 10:08:34,921 [INFO] CADModel:114 - Register for checkConnection events
2026-01-07 10:08:34,921 [FATAL] Updater:351 - Updater called before beeing initialized
2026-01-07 10:08:34,921 [ERROR] CADModel:125 - Updater not yet initialized, retry later 
2026-01-07 10:08:35,150 [FATAL] Updater:351 - Updater called before beeing initialized
2026-01-07 10:08:35,153 [INFO] CADModel:165 - CPN selected for project level
2026-01-07 10:08:35,153 [INFO] CADModel:114 - Register for checkConnection events
2026-01-07 10:08:35,154 [FATAL] Updater:351 - Updater called before beeing initialized
2026-01-07 10:08:35,154 [ERROR] CADModel:125 - Updater not yet initialized, retry later 
2026-01-07 10:08:35,159 [FATAL] Updater:351 - Updater called before beeing initialized
2026-01-07 10:08:35,292 [FATAL] Updater:351 - Updater called before beeing initialized
2026-01-07 10:08:35,313 [INFO] DbMcusAds:53 - JSON generation date=Tue Dec 16 00:11:46 CET 2025 (1765840306612)
2026-01-07 10:08:35,313 [FATAL] Updater:351 - Updater called before beeing initialized
2026-01-07 10:08:35,371 [WARN] DetailPanel:346 - Failed to get advertising image, set to default
2026-01-07 10:08:35,482 [INFO] ThirdPartyUpdaterWithRetryManager:70 - Updater plugin not ready yet. [3/15]
2026-01-07 10:08:35,732 [FATAL] Updater:351 - Updater called before beeing initialized
2026-01-07 10:08:35,735 [FATAL] Updater:351 - Updater called before beeing initialized
2026-01-07 10:08:35,735 [FATAL] Updater:351 - Updater called before beeing initialized
2026-01-07 10:08:35,735 [WARN] DetailPanel:346 - Failed to get advertising image, set to default
2026-01-07 10:08:35,737 [FATAL] Updater:351 - Updater called before beeing initialized
2026-01-07 10:08:35,837 [ERROR] Updater:1198 - MainUpdater not yet initialized. External WinMGr cannot be set.
2026-01-07 10:08:35,856 [INFO] Updater:1134 - Updater Version found : 6.13.0
2026-01-07 10:08:35,888 [INFO] ApplicationProperties:184 - Using Application install path: C:\ST\STM32CubeIDE_1.17.0\STM32CubeIDE\plugins\com.st.stm32cube.common.mx_6.13.0.202411220809
2026-01-07 10:08:36,485 [INFO] MainUpdater:2872 - connection check result : 10
2026-01-07 10:08:36,486 [INFO] MainUpdater:289 - Updater Check For Update Now.
2026-01-07 10:08:36,486 [INFO] MicroXplorer:498 - Change Database Version : DB.6.0.130
2026-01-07 10:08:36,515 [INFO] McuFinderGlobals:63 - Set McuFinder mode to 2 (CubeIDE integrated)
2026-01-07 10:08:36,515 [INFO] UserAuth:171 - activating auth plugin
2026-01-07 10:08:36,520 [INFO] UserAuth:486 - Internet connection configuration mode: 1
2026-01-07 10:08:36,580 [INFO] JxBrowserEngine:152 - Initiate JxBrowser Engine with user profile folder
2026-01-07 10:08:36,757 [INFO] CheckServerUpdateThread:120 - End of CheckServer Thread
2026-01-07 10:08:38,666 [INFO] WebApp:168 - Instantiating new browser for Auth
2026-01-07 10:08:39,129 [WARN] PackLoader:240 - Cannot read IP mode file for STMicroelectronics.FP-SNS-MOTENVWB1.1.4.0
2026-01-07 10:08:39,156 [WARN] PackLoader:240 - Cannot read IP mode file for STMicroelectronics.FP-ATR-ASTRA1.2.0.2
2026-01-07 10:08:39,180 [WARN] PackLoader:240 - Cannot read IP mode file for STMicroelectronics.FP-ATR-ASTRA1.2.0.1
2026-01-07 10:08:39,210 [WARN] PackLoader:240 - Cannot read IP mode file for STMicroelectronics.X-CUBE-SMBUS.2.1.0
2026-01-07 10:08:39,234 [WARN] PackLoader:240 - Cannot read IP mode file for STMicroelectronics.X-CUBE-WB05N.1.1.0
2026-01-07 10:08:39,255 [WARN] PackLoader:240 - Cannot read IP mode file for STMicroelectronics.X-CUBE-ST60.1.0.0
2026-01-07 10:08:39,316 [WARN] PackLoader:240 - Cannot read IP mode file for STMicroelectronics.X-CUBE-AZRTOS-F7.1.1.0
2026-01-07 10:08:39,580 [WARN] PackLoader:240 - Cannot read IP mode file for STMicroelectronics.X-CUBE-MEMS1.11.0.0
2026-01-07 10:08:39,788 [ERROR] Engine:466 - C:\Users\kamil\.stm32cubemx\thirdparties\pdsc\STMicroelectronics.FP-SNS-MOTENV1.5.1.0.pdsc: PDSC version is not supported
2026-01-07 10:08:39,817 [WARN] PackLoader:240 - Cannot read IP mode file for STMicroelectronics.FP-SNS-FLIGHT1.5.0.2
2026-01-07 10:08:39,880 [WARN] PackLoader:240 - Cannot read IP mode file for STMicroelectronics.X-CUBE-AZRTOS-H7.3.4.0
2026-01-07 10:08:39,916 [WARN] PackLoader:240 - Cannot read IP mode file for STMicroelectronics.X-CUBE-DISPLAY.3.0.0
2026-01-07 10:08:39,952 [WARN] PackLoader:240 - Cannot read IP mode file for STMicroelectronics.X-CUBE-BLE1.7.0.0
2026-01-07 10:08:39,980 [WARN] PackLoader:240 - Cannot read IP mode file for STMicroelectronics.X-CUBE-NFC10.1.0.0
2026-01-07 10:08:39,981 [INFO] WebApp:449 - Apply proxy settings
2026-01-07 10:08:39,982 [INFO] WebApp:534 - Chromium requires no authentication
2026-01-07 10:08:40,008 [INFO] WebApp:477 - Direct internet connection detected
2026-01-07 10:08:40,012 [WARN] PackLoader:240 - Cannot read IP mode file for STMicroelectronics.X-CUBE-BLEMGR.4.0.0
2026-01-07 10:08:40,041 [WARN] PackLoader:240 - Cannot read IP mode file for STMicroelectronics.X-CUBE-ST60.1.1.0
2026-01-07 10:08:40,071 [WARN] PackLoader:240 - Cannot read IP mode file for emotas.I-CUBE-CANOPEN.1.3.0
2026-01-07 10:08:40,083 [INFO] WebApp:880 - Register for checkConnection events
2026-01-07 10:08:40,084 [INFO] WebApp:449 - Apply proxy settings
2026-01-07 10:08:40,084 [INFO] WebApp:534 - Chromium requires no authentication
2026-01-07 10:08:40,084 [INFO] WebApp:477 - Direct internet connection detected
2026-01-07 10:08:40,091 [WARN] PackLoader:240 - Cannot read IP mode file for STMicroelectronics.X-CUBE-GNSS1.7.1.0
2026-01-07 10:08:40,117 [WARN] PackLoader:240 - Cannot read IP mode file for STMicroelectronics.X-CUBE-BLEMGR.3.1.0
2026-01-07 10:08:40,140 [WARN] PackLoader:240 - Cannot read IP mode file for STMicroelectronics.X-CUBE-AI.10.0.0
2026-01-07 10:08:40,162 [ERROR] Engine:466 - C:\Users\kamil\.stm32cubemx\thirdparties\pdsc\STMicroelectronics.FP-SNS-STBOX1.2.1.0.pdsc: PDSC version is not supported
2026-01-07 10:08:40,181 [WARN] PackLoader:240 - Cannot read IP mode file for STMicroelectronics.FP-SNS-SMARTAG2.1.2.0
2026-01-07 10:08:40,198 [WARN] PackLoader:240 - Cannot read IP mode file for STMicroelectronics.FP-SNS-FLIGHT1.5.1.0
2026-01-07 10:08:40,278 [WARN] PackLoader:240 - Cannot read IP mode file for STMicroelectronics.X-CUBE-MEMS1.11.1.0
2026-01-07 10:08:40,390 [INFO] WebApp:187 - Connection restablished
2026-01-07 10:08:40,436 [INFO] LogOutputStream:77 - [STDOUT_REDIRECT] 1 : Invalid condition id : UX_CORESTACK_Condition cause : null
2026-01-07 10:08:40,437 [INFO] LogOutputStream:77 - [STDOUT_REDIRECT] 1 : Invalid condition id : UX_CORESTACK_Condition cause : null
2026-01-07 10:08:40,440 [INFO] LogOutputStream:77 - [STDOUT_REDIRECT] 1 : Invalid condition id : UX_CORESTACK_Condition cause : null
2026-01-07 10:08:40,441 [INFO] LogOutputStream:77 - [STDOUT_REDIRECT] 1 : Invalid condition id : UX_CORESTACK_Condition cause : null
2026-01-07 10:08:40,443 [INFO] LogOutputStream:77 - [STDOUT_REDIRECT] 1 : Invalid condition id : UX_CORESTACK_Condition cause : null
2026-01-07 10:08:40,446 [WARN] PackLoader:240 - Cannot read IP mode file for STMicroelectronics.X-CUBE-AZRTOS-WL.2.0.0
2026-01-07 10:08:40,472 [WARN] PackLoader:240 - Cannot read IP mode file for STMicroelectronics.FP-SNS-MOTENV1.5.0.0
2026-01-07 10:08:40,519 [WARN] PackLoader:240 - Cannot read IP mode file for STMicroelectronics.X-CUBE-AZRTOS-H7RS.1.2.0
2026-01-07 10:08:40,545 [INFO] WebApp:221 - Starting web application
2026-01-07 10:08:40,546 [INFO] WebApp:579 - Web application path used C:\ST\STM32CubeIDE_1.17.0\STM32CubeIDE\plugins\com.st.stm32cube.common.mx_6.13.0.202411220809\db\plugins\mcufinder\reactClient1\index.html
2026-01-07 10:08:40,636 [WARN] PackLoader:240 - Cannot read IP mode file for wolfSSL.I-CUBE-wolfMQTT.1.19.0
2026-01-07 10:08:40,672 [WARN] PackLoader:240 - Cannot read IP mode file for WES.I-CUBE-Cesium.1.3.0
2026-01-07 10:08:40,696 [WARN] PackLoader:240 - Cannot read IP mode file for STMicroelectronics.X-CUBE-BLE2.3.3.0
2026-01-07 10:08:40,775 [WARN] PackLoader:240 - Cannot read IP mode file for STMicroelectronics.X-CUBE-NFC9.1.0.0
2026-01-07 10:08:40,802 [WARN] PackLoader:240 - Cannot read IP mode file for STMicroelectronics.X-CUBE-BLE1.7.1.0
2026-01-07 10:08:40,829 [WARN] PackLoader:240 - Cannot read IP mode file for STMicroelectronics.X-CUBE-TCPP.4.1.0
2026-01-07 10:08:40,852 [ERROR] Engine:466 - C:\Users\kamil\.stm32cubemx\thirdparties\pdsc\STMicroelectronics.X-CUBE-FREERTOS.1.4.0.pdsc: PDSC version is not supported
2026-01-07 10:08:40,876 [WARN] PackLoader:240 - Cannot read IP mode file for STMicroelectronics.X-CUBE-EEPRMA1.5.2.0
2026-01-07 10:08:40,906 [ERROR] Engine:466 - C:\Users\kamil\.stm32cubemx\thirdparties\pdsc\STMicroelectronics.X-CUBE-ST67W61.1.1.0.pdsc: PDSC version is not supported
2026-01-07 10:08:40,978 [WARN] PackLoader:240 - Cannot read IP mode file for STMicroelectronics.X-CUBE-MEMS1.12.0.0
2026-01-07 10:08:41,076 [WARN] PackLoader:240 - Cannot read IP mode file for STMicroelectronics.X-CUBE-AZRTOS-G0.1.1.0
2026-01-07 10:08:41,104 [WARN] PackLoader:240 - Cannot read IP mode file for STMicroelectronics.X-CUBE-SAFEA1.1.2.2
2026-01-07 10:08:41,129 [WARN] PackLoader:240 - Cannot read IP mode file for STMicroelectronics.X-CUBE-NFC4.3.0.0
2026-01-07 10:08:41,155 [WARN] PackLoader:240 - Cannot read IP mode file for EmbeddedOffice.I-CUBE-FS-RTOS.1.0.1
2026-01-07 10:08:41,179 [WARN] PackLoader:240 - Cannot read IP mode file for STMicroelectronics.X-CUBE-WB05N.2.0.0
2026-01-07 10:08:41,201 [WARN] PackLoader:240 - Cannot read IP mode file for STMicroelectronics.X-CUBE-TCPP.4.2.0
2026-01-07 10:08:41,228 [WARN] PackLoader:240 - Cannot read IP mode file for RealThread.X-CUBE-RT-Thread_Nano.4.1.1
2026-01-07 10:08:41,249 [WARN] PackLoader:240 - Cannot read IP mode file for STMicroelectronics.FP-ATR-SIGFOX1.3.2.0
2026-01-07 10:08:41,269 [WARN] PackLoader:240 - Cannot read IP mode file for wolfSSL.I-CUBE-wolfSSL.5.7.2
2026-01-07 10:08:41,289 [WARN] ConditionMgr:438 - getConditionDescription Invalid condition id : Cortex-A Device cause : null
2026-01-07 10:08:41,312 [WARN] ConditionMgr:1044 - genDependencies : Invalid condition id : Cortex-A Device cause : null
2026-01-07 10:08:41,312 [WARN] ConditionMgr:1044 - genDependencies : Invalid condition id : Cortex-A Device cause : null
2026-01-07 10:08:41,312 [WARN] ConditionMgr:1044 - genDependencies : Invalid condition id : Cortex-A Device cause : null
2026-01-07 10:08:41,333 [WARN] PackLoader:240 - Cannot read IP mode file for STMicroelectronics.X-CUBE-EEPRMA1.5.1.0
2026-01-07 10:08:41,356 [WARN] PackLoader:240 - Cannot read IP mode file for ITTIA_DB.I-CUBE-ITTIADB.8.9.0
2026-01-07 10:08:41,382 [WARN] PackLoader:240 - Cannot read IP mode file for STMicroelectronics.X-CUBE-ST67W61.1.0.0
2026-01-07 10:08:41,401 [WARN] PackLoader:240 - Cannot read IP mode file for STMicroelectronics.X-CUBE-AI.10.2.0
2026-01-07 10:08:41,438 [WARN] PackLoader:240 - Cannot read IP mode file for SEGGER.I-CUBE-embOS.1.3.1
2026-01-07 10:08:41,501 [WARN] PackLoader:240 - Cannot read IP mode file for STMicroelectronics.X-CUBE-ALGOBUILD.1.4.0
2026-01-07 10:08:41,563 [WARN] PackLoader:240 - Cannot read IP mode file for STMicroelectronics.X-CUBE-MEMS1.11.3.0
2026-01-07 10:08:41,676 [WARN] PackLoader:240 - Cannot read IP mode file for STMicroelectronics.X-CUBE-AI.9.1.0
2026-01-07 10:08:41,697 [WARN] PackLoader:240 - Cannot read IP mode file for STMicroelectronics.X-CUBE-PM33A1.1.0.0
2026-01-07 10:08:41,743 [WARN] PackLoader:240 - Cannot read IP mode file for STMicroelectronics.X-CUBE-AZRTOS-F4.1.1.0
2026-01-07 10:08:41,773 [WARN] PackLoader:240 - Cannot read IP mode file for STMicroelectronics.X-CUBE-ISPU.2.1.0
2026-01-07 10:08:41,809 [ERROR] Engine:466 - C:\Users\kamil\.stm32cubemx\thirdparties\pdsc\STMicroelectronics.X-CUBE-IPS.3.2.0.pdsc: PDSC version is not supported
2026-01-07 10:08:41,832 [WARN] PackLoader:240 - Cannot read IP mode file for STMicroelectronics.X-CUBE-FREERTOS.1.2.0
2026-01-07 10:08:41,855 [WARN] PackLoader:240 - Cannot read IP mode file for STMicroelectronics.X-CUBE-NFC12.1.0.0
2026-01-07 10:08:41,891 [WARN] PackLoader:240 - Cannot read IP mode file for STMicroelectronics.X-CUBE-AZRTOS-L5.2.0.0
2026-01-07 10:08:41,918 [WARN] PackLoader:240 - Cannot read IP mode file for STMicroelectronics.X-CUBE-NFC6.3.1.0
2026-01-07 10:08:41,943 [WARN] PackLoader:240 - Cannot read IP mode file for STMicroelectronics.X-CUBE-DPower.1.2.0
2026-01-07 10:08:41,965 [WARN] PackLoader:240 - Cannot read IP mode file for STMicroelectronics.X-CUBE-FREERTOS.1.3.1
2026-01-07 10:08:41,984 [WARN] PackLoader:240 - Cannot read IP mode file for STMicroelectronics.X-CUBE-FREERTOS.1.3.0
2026-01-07 10:08:42,005 [WARN] PackLoader:240 - Cannot read IP mode file for STMicroelectronics.X-CUBE-NFC7.1.0.1
2026-01-07 10:08:42,033 [WARN] PackLoader:240 - Cannot read IP mode file for STMicroelectronics.X-CUBE-TOUCHGFX.4.26.0
2026-01-07 10:08:42,063 [WARN] PackLoader:240 - Cannot read IP mode file for STMicroelectronics.FP-SNS-STAIOTCFT.1.0.0
2026-01-07 10:08:42,083 [WARN] PackLoader:240 - Cannot read IP mode file for STMicroelectronics.X-CUBE-DPower.1.3.0
2026-01-07 10:08:42,119 [WARN] ConditionMgr:438 - getConditionDescription Invalid condition id : LAN8742 Phy interface Condition cause : null
2026-01-07 10:08:42,119 [WARN] PackLoader:240 - Cannot read IP mode file for STMicroelectronics.X-CUBE-AZRTOS-L4.2.0.0
2026-01-07 10:08:42,120 [WARN] ConditionMgr:1044 - genDependencies : Invalid condition id : LAN8742 Phy interface Condition cause : null
2026-01-07 10:08:42,120 [WARN] ConditionMgr:1044 - genDependencies : Invalid condition id : LAN8742 Phy interface Condition cause : null
2026-01-07 10:08:42,121 [WARN] ConditionMgr:1044 - genDependencies : Invalid condition id : LAN8742 Phy interface Condition cause : null
2026-01-07 10:08:42,141 [WARN] PackLoader:240 - Cannot read IP mode file for STMicroelectronics.X-CUBE-SFXS2LP1.4.0.0
2026-01-07 10:08:42,176 [WARN] PackLoader:240 - Cannot read IP mode file for STMicroelectronics.X-CUBE-AZRTOS-H7.3.3.0
2026-01-07 10:08:42,205 [WARN] PackLoader:240 - Cannot read IP mode file for STMicroelectronics.X-CUBE-BLEMGR.4.1.0
2026-01-07 10:08:42,238 [WARN] PackLoader:240 - Cannot read IP mode file for STMicroelectronics.X-CUBE-IPS.3.0.0
2026-01-07 10:08:42,280 [WARN] ConditionMgr:438 - getConditionDescription Invalid condition id : UX DEVICE CLASS RTOS Condition cause : null
2026-01-07 10:08:42,281 [WARN] ConditionMgr:438 - getConditionDescription Invalid condition id : UX DEVICE CLASS RTOS Condition cause : null
2026-01-07 10:08:42,283 [WARN] PackLoader:240 - Cannot read IP mode file for STMicroelectronics.X-CUBE-AZRTOS-WB.2.0.0
2026-01-07 10:08:42,283 [WARN] ConditionMgr:1044 - genDependencies : Invalid condition id : UX DEVICE CLASS RTOS Condition cause : null
2026-01-07 10:08:42,283 [WARN] ConditionMgr:1044 - genDependencies : Invalid condition id : UX DEVICE CLASS RTOS Condition cause : null
2026-01-07 10:08:42,284 [WARN] ConditionMgr:1044 - genDependencies : Invalid condition id : UX DEVICE CLASS RTOS Condition cause : null
2026-01-07 10:08:42,284 [WARN] ConditionMgr:1044 - genDependencies : Invalid condition id : UX DEVICE CLASS RTOS Condition cause : null
2026-01-07 10:08:42,284 [WARN] ConditionMgr:1044 - genDependencies : Invalid condition id : UX DEVICE CLASS RTOS Condition cause : null
2026-01-07 10:08:42,304 [WARN] PackLoader:240 - Cannot read IP mode file for STMicroelectronics.X-CUBE-GNSS1.7.0.0
2026-01-07 10:08:42,325 [WARN] PackLoader:240 - Cannot read IP mode file for STMicroelectronics.X-CUBE-GNSS1.7.0.1
2026-01-07 10:08:42,350 [WARN] PackLoader:240 - Cannot read IP mode file for STMicroelectronics.X-CUBE-TOUCHGFX.4.25.0
2026-01-07 10:08:42,375 [WARN] PackLoader:240 - Cannot read IP mode file for STMicroelectronics.FP-SNS-STBOX1.2.0.0
2026-01-07 10:08:42,405 [WARN] PackLoader:240 - Cannot read IP mode file for STMicroelectronics.X-CUBE-SUBG2.5.0.0
2026-01-07 10:08:42,453 [WARN] PackLoader:240 - Cannot read IP mode file for STMicroelectronics.X-CUBE-AZRTOS-H7RS.1.1.0
2026-01-07 10:08:42,483 [WARN] PackLoader:240 - Cannot read IP mode file for Cesanta.I-CUBE-Mongoose.7.13.0
2026-01-07 10:08:42,516 [WARN] PackLoader:240 - Cannot read IP mode file for STMicroelectronics.X-CUBE-AZRTOS-G4.2.0.0
2026-01-07 10:08:42,535 [WARN] PackLoader:240 - Cannot read IP mode file for STMicroelectronics.X-CUBE-NFC7.2.0.0
2026-01-07 10:08:42,558 [WARN] PackLoader:240 - Cannot read IP mode file for STMicroelectronics.X-CUBE-IPS.3.1.0
2026-01-07 10:08:42,597 [WARN] PackLoader:240 - Cannot read IP mode file for STMicroelectronics.X-CUBE-ALS.1.0.2
2026-01-07 10:08:42,630 [WARN] PackLoader:240 - Cannot read IP mode file for STMicroelectronics.X-CUBE-TOUCHGFX.4.24.1
2026-01-07 10:08:42,659 [WARN] PackLoader:240 - Cannot read IP mode file for STMicroelectronics.X-CUBE-STSE01.1.0.0
2026-01-07 10:08:42,683 [WARN] PackLoader:240 - Cannot read IP mode file for wolfSSL.I-CUBE-wolfTPM.3.4.0
2026-01-07 10:08:42,711 [WARN] PackLoader:240 - Cannot read IP mode file for portGmbH.I-Cube-SoM-uGOAL.1.1.0
2026-01-07 10:08:42,756 [WARN] PackLoader:240 - Cannot read IP mode file for STMicroelectronics.X-CUBE-AZRTOS-H7RS.1.0.0
2026-01-07 10:08:42,780 [WARN] PackLoader:240 - Cannot read IP mode file for STMicroelectronics.FP-ATR-ASTRA1.2.0.0
2026-01-07 10:08:42,812 [WARN] PackLoader:240 - Cannot read IP mode file for STMicroelectronics.X-CUBE-TOF1.3.4.2
2026-01-07 10:08:42,852 [WARN] PackLoader:240 - Cannot read IP mode file for STMicroelectronics.X-CUBE-TOF1.3.4.3
2026-01-07 10:08:42,899 [WARN] PackLoader:240 - Cannot read IP mode file for Infineon.AIROC-Wi-Fi-Bluetooth-STM32.1.6.1
2026-01-07 10:08:42,928 [WARN] PackLoader:240 - Cannot read IP mode file for wolfSSL.I-CUBE-wolfSSH.1.4.17
2026-01-07 10:08:42,929 [INFO] ThirdParty:978 - Integrity check success = true
2026-01-07 10:08:42,929 [INFO] IntegrityCheckThread:100 - exiting critical section [integrity check]
2026-01-07 10:08:42,929 [INFO] IntegrityCheckThread:103 - End integrity checks thread
2026-01-07 10:11:09,174 [INFO] McuFinderGlobals:63 - Set McuFinder mode to 2 (CubeIDE integrated)
2026-01-07 10:11:09,225 [INFO] MainUpdater:2872 - connection check result : 10
2026-01-07 10:11:09,239 [INFO] MainUpdater:2872 - connection check result : 10
2026-01-07 10:11:09,517 [INFO] MicroXplorer:468 - Change Database Path : 
2026-01-07 10:11:09,518 [INFO] MicroXplorer:498 - Change Database Version : DB.6.0.130
2026-01-07 10:11:09,537 [WARN] ThirdParty:871 - waiting for thirdparty lock release [close project]
2026-01-07 10:11:09,537 [INFO] ThirdParty:873 - entering critical section [close project]
2026-01-07 10:11:09,539 [INFO] ThirdParty:883 - exiting critical section [close project]
2026-01-07 10:11:09,543 [INFO] PinOutPanel:1589 - setPackage(No Configuration,No Configuration)
2026-01-07 10:11:09,548 [INFO] UtilMem:75 - Begin LoadConfig() Used Memory: 819411104 Bytes (1073741824)
2026-01-07 10:11:09,551 [INFO] MicroXplorer:468 - Change Database Path : 
2026-01-07 10:11:09,551 [INFO] MicroXplorer:498 - Change Database Version : DB.6.0.130
2026-01-07 10:11:09,552 [INFO] OpenFileManager:332 - Change cursor
2026-01-07 10:11:09,634 [INFO] Mcu:2035 - Initializing MCU STM32H743IITx STM32H743IITx STM32H743IIT6
2026-01-07 10:11:16,444 [INFO] Context:748 - Trying to add GPIOservice into a context  which must be forbidden
2026-01-07 10:11:18,523 [INFO] RtosManager:555 - Registered RTOS mode: class=CMSIS, group=RTOS, mode=CMSIS_V1, owner=FREERTOS
2026-01-07 10:11:18,523 [INFO] RtosManager:555 - Registered RTOS mode: class=CMSIS, group=RTOS2, mode=CMSIS_V2, owner=FREERTOS
2026-01-07 10:11:18,523 [INFO] RtosManager:555 - Registered RTOS mode: class=RTOS, group=Core, mode=CMSIS_V1, owner=FREERTOS
2026-01-07 10:11:18,523 [INFO] RtosManager:555 - Registered RTOS mode: class=RTOS, group=Core, mode=CMSIS_V2, owner=FREERTOS
2026-01-07 10:11:18,524 [WARN] ModelIntegratedComponent:184 - Missing modes for component STMicroelectronics:FreeRTOS:0.0.1:STMicroelectronics:RTOS:FreeRTOS:Core:::10.2.0:
2026-01-07 10:11:18,530 [WARN] ModelIntegratedComponent:63 - No mode defined for component null
2026-01-07 10:11:18,530 [WARN] ModelIntegratedComponent:63 - No mode defined for component null
2026-01-07 10:11:18,531 [WARN] ModelIntegratedComponent:63 - No mode defined for component null
2026-01-07 10:11:18,531 [WARN] ModelIntegratedComponent:63 - No mode defined for component null
2026-01-07 10:11:18,531 [WARN] ModelIntegratedComponent:63 - No mode defined for component null
2026-01-07 10:11:18,531 [WARN] ModelIntegratedComponent:63 - No mode defined for component null
2026-01-07 10:11:18,531 [WARN] ModelIntegratedComponent:63 - No mode defined for component null
2026-01-07 10:11:18,531 [WARN] ModelIntegratedComponent:63 - No mode defined for component null
2026-01-07 10:11:18,531 [WARN] ModelIntegratedComponent:63 - No mode defined for component null
2026-01-07 10:11:18,531 [WARN] ModelIntegratedComponent:63 - No mode defined for component null
2026-01-07 10:11:18,531 [WARN] ModelIntegratedComponent:63 - No mode defined for component null
2026-01-07 10:11:18,531 [WARN] ModelIntegratedComponent:63 - No mode defined for component null
2026-01-07 10:11:18,531 [WARN] ModelIntegratedComponent:63 - No mode defined for component null
2026-01-07 10:11:18,531 [WARN] ModelIntegratedComponent:63 - No mode defined for component null
2026-01-07 10:11:18,531 [WARN] ModelIntegratedComponent:63 - No mode defined for component null
2026-01-07 10:11:18,532 [WARN] ModelIntegratedComponent:63 - No mode defined for component null
2026-01-07 10:11:18,532 [WARN] ModelIntegratedComponent:63 - No mode defined for component null
2026-01-07 10:11:18,532 [WARN] ModelIntegratedComponent:63 - No mode defined for component null
2026-01-07 10:11:18,532 [WARN] ModelIntegratedComponent:63 - No mode defined for component null
2026-01-07 10:11:18,532 [WARN] ModelIntegratedComponent:63 - No mode defined for component null
2026-01-07 10:11:18,532 [WARN] ModelIntegratedComponent:63 - No mode defined for component null
2026-01-07 10:11:18,532 [WARN] ModelIntegratedComponent:63 - No mode defined for component null
2026-01-07 10:11:18,532 [WARN] ModelIntegratedComponent:63 - No mode defined for component null
2026-01-07 10:11:18,532 [WARN] ModelIntegratedComponent:63 - No mode defined for component null
2026-01-07 10:11:18,532 [WARN] ModelIntegratedComponent:63 - No mode defined for component null
2026-01-07 10:11:18,532 [WARN] ModelIntegratedComponent:63 - No mode defined for component null
2026-01-07 10:11:18,532 [WARN] ModelIntegratedComponent:63 - No mode defined for component null
2026-01-07 10:11:18,532 [WARN] ModelIntegratedComponent:63 - No mode defined for component null
2026-01-07 10:11:18,532 [WARN] ModelIntegratedComponent:63 - No mode defined for component null
2026-01-07 10:11:18,532 [WARN] ModelIntegratedComponent:63 - No mode defined for component null
2026-01-07 10:11:18,533 [WARN] ModelIntegratedComponent:63 - No mode defined for component null
2026-01-07 10:11:18,533 [WARN] ModelIntegratedComponent:63 - No mode defined for component null
2026-01-07 10:11:18,533 [WARN] ModelIntegratedComponent:63 - No mode defined for component null
2026-01-07 10:11:18,533 [WARN] ModelIntegratedComponent:63 - No mode defined for component null
2026-01-07 10:11:18,533 [WARN] ModelIntegratedComponent:63 - No mode defined for component null
2026-01-07 10:11:18,533 [WARN] ModelPack:524 - Component already loaded: STMicroelectronics:HAL Drivers:0.0.0:STMicroelectronics:Device:STMicro_Driver:XSPI:HAL::0.0.1:HAL_XSPI
2026-01-07 10:11:18,736 [INFO] ThirdPartyModel:298 - Start build external matchings
2026-01-07 10:11:20,047 [INFO] ThirdPartyModel:316 - End build external matchings
2026-01-07 10:11:20,095 [WARN] IP:2251 - ClockDivider not found: check if there is a RefParameter without a condition.
2026-01-07 10:11:20,098 [WARN] IP:2251 - ClockDividerCCU not found: check if there is a RefParameter without a condition.
2026-01-07 10:11:20,098 [WARN] IP:2251 - MinOscClkPeriodsCCU not found: check if there is a RefParameter without a condition.
2026-01-07 10:11:20,098 [WARN] IP:2251 - TimeQuantaPerBitTimeCCU not found: check if there is a RefParameter without a condition.
2026-01-07 10:11:20,098 [WARN] IP:2251 - WatchdogStartValueCCU not found: check if there is a RefParameter without a condition.
2026-01-07 10:11:20,109 [WARN] IP:2251 - LayerIdx_L1 not found: check if there is a RefParameter without a condition.
2026-01-07 10:11:20,110 [INFO] ImportTextPane:218 - (OptionalMessage_ERROR) IP (RCC) : Parameter (ADCFreq_Value) has invalid value (129000000)
2026-01-07 10:11:20,125 [INFO] ImportTextPane:218 - (OptionalMessage_ERROR) IP (RCC) : Invalid parameter (FamilyName)
2026-01-07 10:11:20,125 [INFO] ImportTextPane:218 - (OptionalMessage_ERROR) IP (RCC) : Parameter (LPTIM1Freq_Value) has invalid value (64000000)
2026-01-07 10:11:20,125 [INFO] ImportTextPane:218 - (OptionalMessage_ERROR) IP (RCC) : Parameter (LPTIM2Freq_Value) has invalid value (64000000)
2026-01-07 10:11:20,125 [INFO] ImportTextPane:218 - (OptionalMessage_ERROR) IP (RCC) : Parameter (LPTIM345Freq_Value) has invalid value (64000000)
2026-01-07 10:11:20,126 [INFO] ImportTextPane:218 - (OptionalMessage_ERROR) IP (RCC) : Parameter (LPUART1Freq_Value) has invalid value (64000000)
2026-01-07 10:11:20,126 [INFO] ImportTextPane:218 - (OptionalMessage_ERROR) IP (RCC) : Parameter (SPI45Freq_Value) has invalid value (64000000)
2026-01-07 10:11:20,126 [INFO] ImportTextPane:218 - (OptionalMessage_ERROR) IP (RCC) : Parameter (SPI6Freq_Value) has invalid value (64000000)
2026-01-07 10:11:20,126 [INFO] ImportTextPane:218 - (OptionalMessage_ERROR) IP (RCC) : Parameter (SWPMI1Freq_Value) has invalid value (64000000)
2026-01-07 10:11:20,126 [INFO] ImportTextPane:218 - (OptionalMessage_ERROR) IP (RCC) : Parameter (USART16Freq_Value) has invalid value (64000000)
2026-01-07 10:11:20,126 [INFO] ImportTextPane:218 - (OptionalMessage_ERROR) IP (RCC) : Parameter (USART234578Freq_Value) has invalid value (64000000)
2026-01-07 10:11:21,365 [INFO] ApiDb:581 - Connected to CubeFinder SQLite database (C:\Users\kamil\.stmcufinder\plugins\mcufinder\mcu\cube-finder-db.db)
2026-01-07 10:11:21,475 [INFO] ApiDb:668 - CubeFinder database Data Model version=2.1
2026-01-07 10:11:21,475 [INFO] ApiDb:669 - CubeFinder database Configuration version=3.0.39
2026-01-07 10:11:21,475 [INFO] ApiDb:670 - CubeFinder database generation date=2025-11-05 (1762334721)
2026-01-07 10:11:21,475 [INFO] ApiDb:671 - CubeFinder database FW Pack versions=[FP-ATR-ASTRA1_V2.0.0, FP-SNS-FLIGHT1_V5.1.0, FP-SNS-MOTENV1_V5.1.0, FP-SNS-MOTENVWB1_V1.4.0, FP-SNS-SMARTAG2_V1.2.0, FP-SNS-STBOX1_V2.1.0, STM32Cube_FW_C0_V1.4.0, STM32Cube_FW_F4_V1.28.3, STM32Cube_FW_F7_V1.17.4, STM32Cube_FW_G0_V1.6.2, STM32Cube_FW_G4_V1.6.1, STM32Cube_FW_H5_V1.5.1, STM32Cube_FW_H7RS_V1.3.0, STM32Cube_FW_H7_V1.12.1, STM32Cube_FW_L0_V1.12.2, STM32Cube_FW_L4_V1.18.1, STM32Cube_FW_L5_V1.6.0, STM32Cube_FW_N6_V1.3.0, STM32Cube_FW_U0_V1.3.0, STM32Cube_FW_U3_V1.2.1, STM32Cube_FW_U5_V1.8.0, STM32Cube_FW_WB0_V1.4.0, STM32Cube_FW_WBA_V1.8.0, STM32Cube_FW_WB_V1.24.0, STM32Cube_FW_WL3_V1.3.0, STM32Cube_FW_WL_V1.4.0, X-CUBE-ALGOBUILD_V1.4.0, X-CUBE-ALS_V1.0.2, X-CUBE-AZRTOS-F4_V1.1.0, X-CUBE-AZRTOS-F7_V1.1.0, X-CUBE-AZRTOS-G0_V1.1.0, X-CUBE-AZRTOS-G4_V2.0.0, X-CUBE-AZRTOS-H7RS_V1.1.0, X-CUBE-AZRTOS-H7_V3.4.0, X-CUBE-AZRTOS-L4_V2.0.0, X-CUBE-AZRTOS-L5_V2.0.0, X-CUBE-AZRTOS-WB_V2.0.0, X-CUBE-AZRTOS-WL_V2.0.0, X-CUBE-BLE1_V7.1.0, X-CUBE-BLE2_V3.3.0, X-CUBE-BLEMGR_V4.1.0, X-CUBE-EEPRMA1_V5.2.0, X-CUBE-FREERTOS_V1.3.1, X-CUBE-GNSS1_V6.0.0, X-CUBE-MEMS1_V11.3.0, X-CUBE-NFC4_V3.0.0, X-CUBE-NFC7_V2.0.0, X-CUBE-SFXS2LP1_V4.0.0, X-CUBE-ST67W61_V1.1.0, X-CUBE-SUBG2_V5.0.0, X-CUBE-TOF1_V3.4.3]
2026-01-07 10:11:21,601 [INFO] DbBoardsSqlite:226 - include board P-NUCLEO-WB55-NUCLEO as a kit item of type 'Nucleo-64'
2026-01-07 10:11:21,602 [INFO] DbBoardsSqlite:226 - include board P-NUCLEO-WB55-USBDONGLE as a kit item of type 'Nucleo USB Dongle'
2026-01-07 10:11:21,603 [INFO] DbBoardsSqlite:226 - include board STEVAL-IDP005V1 as a kit item of type 'Evaluation Board'
2026-01-07 10:11:21,603 [INFO] DbBoardsSqlite:226 - include board STEVAL-IDP005V2 as a kit item of type 'Evaluation Board'
2026-01-07 10:11:22,064 [INFO] ApiDb:240 - Found 858 in-development CPN: [B-G473E-ZEST1S, B-WB1M-WPAN1, B-WBA5M-WPAN, B-WL5M-SUBG1, NUCLEO-C031C6, NUCLEO-C051C8, NUCLEO-C071RB, NUCLEO-C092RC, NUCLEO-H503RB, NUCLEO-H533RE, NUCLEO-H563ZI, NUCLEO-H7S3L8, NUCLEO-N657X0-Q, NUCLEO-U031R8, NUCLEO-U083RC, NUCLEO-U385RG-Q, NUCLEO-U545RE-Q, NUCLEO-U5A5ZJ-Q, NUCLEO-WB05KZ, NUCLEO-WB07CC, NUCLEO-WB09KE, NUCLEO-WBA52CG, NUCLEO-WBA55CG, NUCLEO-WL33CC1, NUCLEO-WL33CC2, STEVAL-PROTEUS1, STEVAL-SMARTAG2, STEVAL-STWINBX1, STM320518-EVAL, STM32C0116-DK, STM32C011D6Y3TR, STM32C011D6Y6TR, STM32C011F4P3, STM32C011F4P6, STM32C011F4U3, STM32C011F4U6TR, STM32C011F6P3, STM32C011F6P6, STM32C011F6U3, STM32C011F6U6TR, STM32C011J4M3, STM32C011J4M6, STM32C011J6M3, STM32C011J6M6, STM32C0316-DK, STM32C031C4T3, STM32C031C4T6, STM32C031C4U3, STM32C031C4U6, STM32C031C6T3, STM32C031C6T6, STM32C031C6U3, STM32C031C6U6, STM32C031F4P3, STM32C031F4P6, STM32C031F6P3, STM32C031F6P6, STM32C031G4U3, STM32C031G4U6, STM32C031G6U3, STM32C031G6U6, STM32C031K4T3, STM32C031K4T6, STM32C031K4U3, STM32C031K4U6, STM32C031K6T3, STM32C031K6T6, STM32C031K6U3, STM32C031K6U6, STM32C051C6T6, STM32C051C6U6, STM32C051C8T6, STM32C051C8U6, STM32C051D8Y6TR, STM32C051F6P6, STM32C051F8P6, STM32C051G6U6, STM32C051G8U6, STM32C051K6T6, STM32C051K6U6, STM32C051K8T6, STM32C071C8T6, STM32C071C8T6N, STM32C071C8U6, STM32C071C8U6N, STM32C071CBT6, STM32C071CBT6N, STM32C071CBU6, STM32C071CBU6N, STM32C071F8P6, STM32C071F8P6N, STM32C071FBP6, STM32C071FBP6N, STM32C071FBY6TR, STM32C071G8U6, STM32C071G8U6N, STM32C071GBU6, STM32C071GBU6N, STM32C071K8T6, STM32C071K8T6N, STM32C071K8U6, STM32C071K8U6N, STM32C071KBT6, STM32C071KBT6N, STM32C071KBU6, STM32C071KBU6N, STM32C071R8T6, STM32C071R8T6N, STM32C071RBI6N, STM32C071RBT6, STM32C071RBT6N, STM32C091CBT6, STM32C091CBU6, STM32C091CCT6, STM32C091CCU6, STM32C091ECY6TR, STM32C091FBP6, STM32C091FCP6, STM32C091GBU6, STM32C091GCU6, STM32C091KBT6, STM32C091KBU6, STM32C091KCT6, STM32C091KCU6, STM32C091RBT6, STM32C091RCI6, STM32C091RCT6, STM32C092CBT6, STM32C092CBU6, STM32C092CCT6, STM32C092CCU6, STM32C092ECY6TR, STM32C092FBP6, STM32C092FCP6, STM32C092GBU6, STM32C092GCU6, STM32C092KBT6, STM32C092KBU6, STM32C092KCT6, STM32C092KCU6, STM32C092RBT6, STM32C092RCI6, STM32C092RCT6, STM32G071K8TXN, STM32G071K8UXN, STM32G081GBU6N, STM32G081KBT6N, STM32G081KBUXN, STM32G0B1CCT6N, STM32G0B1KCT6, STM32G0B1NEY6TR, STM32G0B1RCT6N, STM32G0C1CCT6, STM32G0C1CCT6N, STM32G0C1CCU6N, STM32G0C1CET6N, STM32G0C1CEU6N, STM32G0C1KCT6, STM32G0C1NEY6TR, STM32G0C1RCI6N, STM32G0C1RCT6N, STM32G0C1REI6N, STM32G0C1RET6N, STM32G0C1VCI6, STM32G0C1VEI6, STM32G411C6T3, STM32G411C6T6, STM32G411C6U3, STM32G411C6U6, STM32G411C8T3, STM32G411C8T6, STM32G411C8U3, STM32G411C8U6, STM32G411CBT3, STM32G411CBT6, STM32G411CBU3, STM32G411CBU6, STM32G411CCT3, STM32G411CCT6, STM32G411CCU3, STM32G411CCU6, STM32G411K6T3, STM32G411K6T6, STM32G411K6U3, STM32G411K6U6, STM32G411K8T3, STM32G411K8T6, STM32G411K8U3, STM32G411K8U6, STM32G411KBT3, STM32G411KBT6, STM32G411KBU3, STM32G411KBU6, STM32G411M6T3, STM32G411M6T6, STM32G411M8T3, STM32G411M8T6, STM32G411MBT3, STM32G411MBT6, STM32G411MCT3, STM32G411MCT6, STM32G411R6T3, STM32G411R6T6, STM32G411R8T3, STM32G411R8T6, STM32G411RBT3, STM32G411RBT6, STM32G411RCT3, STM32G411RCT6, STM32G414CBT3, STM32G414CBT6, STM32G414CBU3, STM32G414CBU6, STM32G414CCT3, STM32G414CCT6, STM32G414CCU3, STM32G414CCU6, STM32G414MBT3, STM32G414MBT6, STM32G414MCT3, STM32G414MCT6, STM32G414RBT3, STM32G414RBT6, STM32G414RCT3, STM32G414RCT6, STM32G414VBT3, STM32G414VBT6, STM32G414VCT3, STM32G414VCT6, STM32G431CBT3Z, STM32G431RBT3Z, STM32G471CCT6, STM32G471CCU6, STM32G471CET3, STM32G471CET6, STM32G471CEU3, STM32G471CEU6, STM32G471MCT6, STM32G471MET3, STM32G471MET6, STM32G471MEY6TR, STM32G471QCT6, STM32G471QET3, STM32G471RCT6, STM32G471RET3, STM32G471RET6, STM32G471VCH6, STM32G471VCI6, STM32G471VCT6, STM32G471VEH3, STM32G471VEH6, STM32G471VEI3, STM32G471VEI6, STM32G471VET3, STM32G471VET6, STM32G473QET3Z, STM32G473RET3Z, STM32G474CCT6, STM32G491RET3Z, STM32H503CBT6, STM32H503CBU6, STM32H503EBY6TR, STM32H503KBU6, STM32H503RBT6, STM32H523CCT6, STM32H523CCU6, STM32H523CET6, STM32H523CEU6, STM32H523HEY6TR, STM32H523RCT6, STM32H523RET6, STM32H523VCI6, STM32H523VCT6, STM32H523VEI6, STM32H523VET6, STM32H523ZCJ6, STM32H523ZCT6, STM32H523ZEJ6, STM32H523ZET6, STM32H533CET6, STM32H533CEU6, STM32H533HEY6TR, STM32H533RET6, STM32H533VEI6, STM32H533VET6, STM32H533ZEJ6, STM32H533ZET6, STM32H562AGI6, STM32H562AII6, STM32H562IGK6, STM32H562IGT6, STM32H562IIK6, STM32H562IIT6, STM32H562RGT6, STM32H562RGV6, STM32H562RIT6, STM32H562RIV6, STM32H562VGT6, STM32H562VIT6, STM32H562ZGT6, STM32H562ZIT6, STM32H563AGI6, STM32H563AII3Q, STM32H563AII6, STM32H563IGK6, STM32H563IGT6, STM32H563IIK3Q, STM32H563IIK6, STM32H563IIT3Q, STM32H563IIT6, STM32H563MIY3QTR, STM32H563RGT6, STM32H563RGV6, STM32H563RIT6, STM32H563RIV6, STM32H563VGT6, STM32H563VIT3Q, STM32H563VIT6, STM32H563ZGT6, STM32H563ZIT3Q, STM32H563ZIT6, STM32H573AII3Q, STM32H573AII6, STM32H573I-DK, STM32H573IIK3Q, STM32H573IIK6, STM32H573IIT3Q, STM32H573IIT6, STM32H573MIY3QTR, STM32H573RIT6, STM32H573RIV6, STM32H573VIT3Q, STM32H573VIT6, STM32H573ZIT3Q, STM32H573ZIT6, STM32H7R3A8I6, STM32H7R3I8K6, STM32H7R3I8T6, STM32H7R3L8H6, STM32H7R3L8H6H, STM32H7R3R8V6, STM32H7R3V8H6, STM32H7R3V8T6, STM32H7R3V8Y6TR, STM32H7R3Z8J6, STM32H7R3Z8T6, STM32H7R7A8I6, STM32H7R7I8K6, STM32H7R7I8T6, STM32H7R7L8H6, STM32H7R7L8H6H, STM32H7R7Z8J6, STM32H7S3A8I6, STM32H7S3I8K6, STM32H7S3I8T6, STM32H7S3L8H6, STM32H7S3L8H6H, STM32H7S3R8V6, STM32H7S3V8H6, STM32H7S3V8T6, STM32H7S3V8Y6TR, STM32H7S3Z8J6, STM32H7S3Z8T6, STM32H7S78-DK, STM32H7S7A8I6, STM32H7S7I8K6, STM32H7S7I8T6, STM32H7S7L8H6, STM32H7S7L8H6H, STM32H7S7Z8J6, STM32L4R5QGI6STR, STM32MP131AAE3, STM32MP131AAF3, STM32MP131AAG3, STM32MP131CAE3, STM32MP131CAF3, STM32MP131CAG3, STM32MP131DAE7, STM32MP131DAF7, STM32MP131DAG7, STM32MP131FAE7, STM32MP131FAF7, STM32MP131FAG7, STM32MP133AAE3, STM32MP133AAF3, STM32MP133AAG3, STM32MP133CAE3, STM32MP133CAF3, STM32MP133CAG3, STM32MP133DAE7, STM32MP133DAF7, STM32MP133DAG7, STM32MP133FAE7, STM32MP133FAF7, STM32MP133FAG7, STM32MP135AAE3, STM32MP135AAF3, STM32MP135AAG3, STM32MP135CAE3, STM32MP135CAF3, STM32MP135CAG3, STM32MP135DAE7, STM32MP135DAF7, STM32MP135DAG7, STM32MP135F-DK, STM32MP135FAE7, STM32MP135FAF7, STM32MP135FAF7T, STM32MP135FAF7U, STM32MP135FAG7, STM32MP231AAJ3, STM32MP231AAK3, STM32MP231AAL3, STM32MP231CAJ3, STM32MP231CAK3, STM32MP231CAL3, STM32MP231DAJ3, STM32MP231DAK3, STM32MP231DAL3, STM32MP231FAJ3, STM32MP231FAK3, STM32MP231FAL3, STM32MP233AAJ3, STM32MP233AAK3, STM32MP233AAL3, STM32MP233CAJ3, STM32MP233CAK3, STM32MP233CAL3, STM32MP233DAJ3, STM32MP233DAK3, STM32MP233DAL3, STM32MP233FAJ3, STM32MP233FAK3, STM32MP233FAL3, STM32MP235AAJ3, STM32MP235AAK3, STM32MP235AAL3, STM32MP235CAJ3, STM32MP235CAK3, STM32MP235CAL3, STM32MP235DAJ3, STM32MP235DAK3, STM32MP235DAL3, STM32MP235FAJ3, STM32MP235FAK3, STM32MP235FAL3, STM32MP251AAI3, STM32MP251AAJ3, STM32MP251AAK3, STM32MP251AAL3, STM32MP251CAI3, STM32MP251CAJ3, STM32MP251CAK3, STM32MP251CAL3, STM32MP251DAI3, STM32MP251DAJ3, STM32MP251DAK3, STM32MP251DAL3, STM32MP251FAI3, STM32MP251FAJ3, STM32MP251FAK3, STM32MP251FAL3, STM32MP253AAI3, STM32MP253AAJ3, STM32MP253AAK3, STM32MP253AAL3, STM32MP253CAI3, STM32MP253CAJ3, STM32MP253CAK3, STM32MP253CAL3, STM32MP253DAI3, STM32MP253DAJ3, STM32MP253DAK3, STM32MP253DAL3, STM32MP253FAI3, STM32MP253FAJ3, STM32MP253FAK3, STM32MP253FAL3, STM32MP255AAI3, STM32MP255AAJ3, STM32MP255AAK3, STM32MP255AAL3, STM32MP255CAI3, STM32MP255CAJ3, STM32MP255CAK3, STM32MP255CAL3, STM32MP255DAI3, STM32MP255DAJ3, STM32MP255DAK3, STM32MP255DAL3, STM32MP255FAI3, STM32MP255FAJ3, STM32MP255FAK3, STM32MP255FAL3, STM32MP257AAI3, STM32MP257AAJ3, STM32MP257AAK3, STM32MP257AAL3, STM32MP257CAI3, STM32MP257CAJ3, STM32MP257CAK3, STM32MP257CAL3, STM32MP257DAI3, STM32MP257DAJ3, STM32MP257DAK3, STM32MP257DAL3, STM32MP257F-DK, STM32MP257F-EV1, STM32MP257FAI3, STM32MP257FAJ3, STM32MP257FAK3, STM32MP257FAL3, STM32N645A0H3Q, STM32N645B0H3Q, STM32N645I0H3Q, STM32N645L0H3Q, STM32N645X0H3Q, STM32N645Z0H3Q, STM32N647A0H3Q, STM32N647B0H3Q, STM32N647I0H3Q, STM32N647L0H3Q, STM32N647X0H3Q, STM32N647Z0H3Q, STM32N655A0H3Q, STM32N655B0H3Q, STM32N655I0H3Q, STM32N655L0H3Q, STM32N655X0H3Q, STM32N655Z0H3Q, STM32N6570-DK, STM32N657A0H3Q, STM32N657B0H3Q, STM32N657I0H3Q, STM32N657L0H3Q, STM32N657X0H3Q, STM32N657Z0H3Q, STM32U031C6T6, STM32U031C6U6, STM32U031C8T6, STM32U031C8U6, STM32U031F4P6, STM32U031F6P6, STM32U031F8P6, STM32U031G6Y6TR, STM32U031G8Y6TR, STM32U031K4U6, STM32U031K6U6, STM32U031K8U6, STM32U031R6I6, STM32U031R6T6, STM32U031R8I6, STM32U031R8T6, STM32U073C8T6, STM32U073C8U6, STM32U073CBT6, STM32U073CBU6, STM32U073CCT6, STM32U073CCU6, STM32U073H8Y6TR, STM32U073HBY6TR, STM32U073HCY6TR, STM32U073K8U6, STM32U073KBU6, STM32U073KCU6, STM32U073M8I6, STM32U073M8T6, STM32U073MBI6, STM32U073MBT6, STM32U073MCI6, STM32U073MCT6, STM32U073R8I6, STM32U073R8T6, STM32U073RBI6, STM32U073RBT6, STM32U073RCI6, STM32U073RCT6, STM32U083C-DK, STM32U083CCT6, STM32U083CCU6, STM32U083HCY6TR, STM32U083KCU6, STM32U083MCI6, STM32U083MCT6, STM32U083RCI6, STM32U083RCT6, STM32U375CET6, STM32U375CET6Q, STM32U375CEU6, STM32U375CEU6Q, STM32U375CEY6QTR, STM32U375CGT6, STM32U375CGT6Q, STM32U375CGU6, STM32U375CGU6Q, STM32U375CGY6QTR, STM32U375KEU6, STM32U375KGU6, STM32U375REI6, STM32U375REI6Q, STM32U375RET6, STM32U375RET6Q, STM32U375REY6GTR, STM32U375REY6QTR, STM32U375RGI6, STM32U375RGI6Q, STM32U375RGT6, STM32U375RGT6Q, STM32U375RGY6GTR, STM32U375RGY6QTR, STM32U375VEI6, STM32U375VEI6Q, STM32U375VET6, STM32U375VET6Q, STM32U375VGI6, STM32U375VGI6Q, STM32U375VGT6, STM32U375VGT6Q, STM32U385CGT6, STM32U385CGT6Q, STM32U385CGU6, STM32U385CGU6Q, STM32U385CGY6QTR, STM32U385KGU6, STM32U385RGI6, STM32U385RGI6Q, STM32U385RGT6, STM32U385RGT6Q, STM32U385RGY6GTR, STM32U385RGY6QTR, STM32U385VGI6, STM32U385VGI6Q, STM32U385VGT6, STM32U385VGT6Q, STM32U535CBT6, STM32U535CBT6Q, STM32U535CBU6, STM32U535CBU6Q, STM32U535CCT6, STM32U535CCT6Q, STM32U535CCU6, STM32U535CCU6Q, STM32U535CET6, STM32U535CET6Q, STM32U535CEU6, STM32U535CEU6Q, STM32U535JEY6QTR, STM32U535NCY6QTR, STM32U535NEY6QTR, STM32U535RBI6, STM32U535RBI6Q, STM32U535RBT6, STM32U535RBT6Q, STM32U535RCI6, STM32U535RCI6Q, STM32U535RCT6, STM32U535RCT6Q, STM32U535REI6, STM32U535REI6Q, STM32U535RET6, STM32U535RET6Q, STM32U535VCI6, STM32U535VCI6Q, STM32U535VCT6, STM32U535VCT6Q, STM32U535VEI6, STM32U535VEI6Q, STM32U535VET6, STM32U535VET6Q, STM32U545CET6, STM32U545CET6Q, STM32U545CEU6, STM32U545CEU6Q, STM32U545JEY6QTR, STM32U545NEY6QTR, STM32U545REI6, STM32U545REI6Q, STM32U545RET6, STM32U545RET6Q, STM32U545VEI6, STM32U545VEI6Q, STM32U545VET6, STM32U545VET6Q, STM32U595AIH6, STM32U595AIH6Q, STM32U595AJH6, STM32U595AJH6Q, STM32U595QII6, STM32U595QII6Q, STM32U595QJI6, STM32U595QJI6Q, STM32U595RIT6, STM32U595RIT6Q, STM32U595RJT6, STM32U595RJT6Q, STM32U595VIT6, STM32U595VIT6Q, STM32U595VJT6, STM32U595VJT6Q, STM32U595ZIT6, STM32U595ZIT6Q, STM32U595ZIY6QTR, STM32U595ZJT6, STM32U595ZJT6Q, STM32U595ZJY6QTR, STM32U599BJY6QTR, STM32U599NIH6Q, STM32U599NJH6Q, STM32U599VIT6Q, STM32U599VJT6, STM32U599VJT6Q, STM32U599ZIT6Q, STM32U599ZIY6QTR, STM32U599ZJT6Q, STM32U599ZJY6QTR, STM32U5A5AJH6, STM32U5A5AJH6Q, STM32U5A5QII3Q , STM32U5A5QJI6, STM32U5A5QJI6Q, STM32U5A5RJT6, STM32U5A5RJT6Q, STM32U5A5VJT6, STM32U5A5VJT6Q, STM32U5A5ZJT6, STM32U5A5ZJT6Q, STM32U5A5ZJY6QTR, STM32U5A9BJY6QTR, STM32U5A9J-DK, STM32U5A9NJH6Q, STM32U5A9VJT6Q, STM32U5A9ZJT6Q, STM32U5A9ZJY6QTR, STM32U5F7VIT6, STM32U5F7VIT6Q, STM32U5F7VJT6, STM32U5F7VJT6Q, STM32U5F9BJY6QTR, STM32U5F9NJH6Q, STM32U5F9VIT6Q, STM32U5F9VJT6Q, STM32U5F9ZIJ6QTR, STM32U5F9ZIT6Q, STM32U5F9ZJJ6QTR, STM32U5F9ZJT6Q, STM32U5G7VJT6, STM32U5G7VJT6Q, STM32U5G9BJY6QTR, STM32U5G9J-DK1, STM32U5G9J-DK2, STM32U5G9NJH6Q, STM32U5G9VJT6Q, STM32U5G9ZJJ6QTR, STM32U5G9ZJT6Q, STM32WB05KZV6TR, STM32WB05KZV7TR, STM32WB05TZF6TR, STM32WB05TZF7TR, STM32WB06CCF6TR, STM32WB06CCF7TR, STM32WB06CCV6TR, STM32WB06CCV7TR, STM32WB06KCV6TR, STM32WB06KCV7TR, STM32WB07CCF6TR, STM32WB07CCF7TR, STM32WB07CCV6TR, STM32WB07CCV7TR, STM32WB07KCV6TR, STM32WB07KCV7TR, STM32WB09KEV6TR, STM32WB09KEV7TR, STM32WB09TEF6TR, STM32WB09TEF7TR, STM32WB1MMCH6, STM32WBA50KGU6, STM32WBA50KGU6TR, STM32WBA52CEU6, STM32WBA52CEU6TR, STM32WBA52CEU7, STM32WBA52CEU7TR, STM32WBA52CGU6, STM32WBA52CGU6TR, STM32WBA52CGU6U, STM32WBA52CGU7, STM32WBA52CGU7TR, STM32WBA52KEU6, STM32WBA52KEU6TR, STM32WBA52KGU6, STM32WBA52KGU6TR, STM32WBA54CEU6, STM32WBA54CEU6TR, STM32WBA54CEU7, STM32WBA54CEU7TR, STM32WBA54CGU6, STM32WBA54CGU6TR, STM32WBA54CGU7, STM32WBA54CGU7TR, STM32WBA54KEU6, STM32WBA54KEU6TR, STM32WBA54KEU7, STM32WBA54KEU7TR, STM32WBA54KGU6, STM32WBA54KGU6TR, STM32WBA54KGU7, STM32WBA54KGU7TR, STM32WBA55CEU6, STM32WBA55CEU6TR, STM32WBA55CEU7, STM32WBA55CEU7TR, STM32WBA55CGU6, STM32WBA55CGU6TR, STM32WBA55CGU6U, STM32WBA55CGU7, STM32WBA55CGU7TR, STM32WBA55G-DK1, STM32WBA55HEF6, STM32WBA55HEF7, STM32WBA55HGF6, STM32WBA55HGF7, STM32WBA55UEI6, STM32WBA55UEI6TR, STM32WBA55UEI7, STM32WBA55UEI7TR, STM32WBA55UGI6, STM32WBA55UGI6TR, STM32WBA55UGI7, STM32WBA55UGI7TR, STM32WBA5MJGH6TR, STM32WBA5MJGH6U, STM32WL33C8V6, STM32WL33C8V6TR, STM32WL33C8V7, STM32WL33C8V7TR, STM32WL33CBV6, STM32WL33CBV6TR, STM32WL33CBV7, STM32WL33CBV7TR, STM32WL33CCV6, STM32WL33CCV6TR, STM32WL33CCV7, STM32WL33CCV7A, STM32WL33CCV7ATR, STM32WL33CCV7TR, STM32WL33K8V6, STM32WL33K8V6TR, STM32WL33K8V7, STM32WL33K8V7TR, STM32WL33KBV6, STM32WL33KBV6TR, STM32WL33KBV7, STM32WL33KBV7TR, STM32WL33KCV6, STM32WL33KCV6TR, STM32WL33KCV7, STM32WL33KCV7TR, STM32WL5MOCH6, STM32WL5MOCH6TR]
2026-01-07 10:11:22,072 [INFO] ApiDb:668 - CubeFinder database Data Model version=2.1
2026-01-07 10:11:22,072 [INFO] ApiDb:669 - CubeFinder database Configuration version=3.0.39
2026-01-07 10:11:22,072 [INFO] ApiDb:670 - CubeFinder database generation date=2025-11-05 (1762334721)
2026-01-07 10:11:22,072 [INFO] ApiDb:671 - CubeFinder database FW Pack versions=[FP-ATR-ASTRA1_V2.0.0, FP-SNS-FLIGHT1_V5.1.0, FP-SNS-MOTENV1_V5.1.0, FP-SNS-MOTENVWB1_V1.4.0, FP-SNS-SMARTAG2_V1.2.0, FP-SNS-STBOX1_V2.1.0, STM32Cube_FW_C0_V1.4.0, STM32Cube_FW_F4_V1.28.3, STM32Cube_FW_F7_V1.17.4, STM32Cube_FW_G0_V1.6.2, STM32Cube_FW_G4_V1.6.1, STM32Cube_FW_H5_V1.5.1, STM32Cube_FW_H7RS_V1.3.0, STM32Cube_FW_H7_V1.12.1, STM32Cube_FW_L0_V1.12.2, STM32Cube_FW_L4_V1.18.1, STM32Cube_FW_L5_V1.6.0, STM32Cube_FW_N6_V1.3.0, STM32Cube_FW_U0_V1.3.0, STM32Cube_FW_U3_V1.2.1, STM32Cube_FW_U5_V1.8.0, STM32Cube_FW_WB0_V1.4.0, STM32Cube_FW_WBA_V1.8.0, STM32Cube_FW_WB_V1.24.0, STM32Cube_FW_WL3_V1.3.0, STM32Cube_FW_WL_V1.4.0, X-CUBE-ALGOBUILD_V1.4.0, X-CUBE-ALS_V1.0.2, X-CUBE-AZRTOS-F4_V1.1.0, X-CUBE-AZRTOS-F7_V1.1.0, X-CUBE-AZRTOS-G0_V1.1.0, X-CUBE-AZRTOS-G4_V2.0.0, X-CUBE-AZRTOS-H7RS_V1.1.0, X-CUBE-AZRTOS-H7_V3.4.0, X-CUBE-AZRTOS-L4_V2.0.0, X-CUBE-AZRTOS-L5_V2.0.0, X-CUBE-AZRTOS-WB_V2.0.0, X-CUBE-AZRTOS-WL_V2.0.0, X-CUBE-BLE1_V7.1.0, X-CUBE-BLE2_V3.3.0, X-CUBE-BLEMGR_V4.1.0, X-CUBE-EEPRMA1_V5.2.0, X-CUBE-FREERTOS_V1.3.1, X-CUBE-GNSS1_V6.0.0, X-CUBE-MEMS1_V11.3.0, X-CUBE-NFC4_V3.0.0, X-CUBE-NFC7_V2.0.0, X-CUBE-SFXS2LP1_V4.0.0, X-CUBE-ST67W61_V1.1.0, X-CUBE-SUBG2_V5.0.0, X-CUBE-TOF1_V3.4.3]
2026-01-07 10:11:24,599 [INFO] ApiDb:240 - Found 858 in-development CPN: [B-G473E-ZEST1S, B-WB1M-WPAN1, B-WBA5M-WPAN, B-WL5M-SUBG1, NUCLEO-C031C6, NUCLEO-C051C8, NUCLEO-C071RB, NUCLEO-C092RC, NUCLEO-H503RB, NUCLEO-H533RE, NUCLEO-H563ZI, NUCLEO-H7S3L8, NUCLEO-N657X0-Q, NUCLEO-U031R8, NUCLEO-U083RC, NUCLEO-U385RG-Q, NUCLEO-U545RE-Q, NUCLEO-U5A5ZJ-Q, NUCLEO-WB05KZ, NUCLEO-WB07CC, NUCLEO-WB09KE, NUCLEO-WBA52CG, NUCLEO-WBA55CG, NUCLEO-WL33CC1, NUCLEO-WL33CC2, STEVAL-PROTEUS1, STEVAL-SMARTAG2, STEVAL-STWINBX1, STM320518-EVAL, STM32C0116-DK, STM32C011D6Y3TR, STM32C011D6Y6TR, STM32C011F4P3, STM32C011F4P6, STM32C011F4U3, STM32C011F4U6TR, STM32C011F6P3, STM32C011F6P6, STM32C011F6U3, STM32C011F6U6TR, STM32C011J4M3, STM32C011J4M6, STM32C011J6M3, STM32C011J6M6, STM32C0316-DK, STM32C031C4T3, STM32C031C4T6, STM32C031C4U3, STM32C031C4U6, STM32C031C6T3, STM32C031C6T6, STM32C031C6U3, STM32C031C6U6, STM32C031F4P3, STM32C031F4P6, STM32C031F6P3, STM32C031F6P6, STM32C031G4U3, STM32C031G4U6, STM32C031G6U3, STM32C031G6U6, STM32C031K4T3, STM32C031K4T6, STM32C031K4U3, STM32C031K4U6, STM32C031K6T3, STM32C031K6T6, STM32C031K6U3, STM32C031K6U6, STM32C051C6T6, STM32C051C6U6, STM32C051C8T6, STM32C051C8U6, STM32C051D8Y6TR, STM32C051F6P6, STM32C051F8P6, STM32C051G6U6, STM32C051G8U6, STM32C051K6T6, STM32C051K6U6, STM32C051K8T6, STM32C071C8T6, STM32C071C8T6N, STM32C071C8U6, STM32C071C8U6N, STM32C071CBT6, STM32C071CBT6N, STM32C071CBU6, STM32C071CBU6N, STM32C071F8P6, STM32C071F8P6N, STM32C071FBP6, STM32C071FBP6N, STM32C071FBY6TR, STM32C071G8U6, STM32C071G8U6N, STM32C071GBU6, STM32C071GBU6N, STM32C071K8T6, STM32C071K8T6N, STM32C071K8U6, STM32C071K8U6N, STM32C071KBT6, STM32C071KBT6N, STM32C071KBU6, STM32C071KBU6N, STM32C071R8T6, STM32C071R8T6N, STM32C071RBI6N, STM32C071RBT6, STM32C071RBT6N, STM32C091CBT6, STM32C091CBU6, STM32C091CCT6, STM32C091CCU6, STM32C091ECY6TR, STM32C091FBP6, STM32C091FCP6, STM32C091GBU6, STM32C091GCU6, STM32C091KBT6, STM32C091KBU6, STM32C091KCT6, STM32C091KCU6, STM32C091RBT6, STM32C091RCI6, STM32C091RCT6, STM32C092CBT6, STM32C092CBU6, STM32C092CCT6, STM32C092CCU6, STM32C092ECY6TR, STM32C092FBP6, STM32C092FCP6, STM32C092GBU6, STM32C092GCU6, STM32C092KBT6, STM32C092KBU6, STM32C092KCT6, STM32C092KCU6, STM32C092RBT6, STM32C092RCI6, STM32C092RCT6, STM32G071K8TXN, STM32G071K8UXN, STM32G081GBU6N, STM32G081KBT6N, STM32G081KBUXN, STM32G0B1CCT6N, STM32G0B1KCT6, STM32G0B1NEY6TR, STM32G0B1RCT6N, STM32G0C1CCT6, STM32G0C1CCT6N, STM32G0C1CCU6N, STM32G0C1CET6N, STM32G0C1CEU6N, STM32G0C1KCT6, STM32G0C1NEY6TR, STM32G0C1RCI6N, STM32G0C1RCT6N, STM32G0C1REI6N, STM32G0C1RET6N, STM32G0C1VCI6, STM32G0C1VEI6, STM32G411C6T3, STM32G411C6T6, STM32G411C6U3, STM32G411C6U6, STM32G411C8T3, STM32G411C8T6, STM32G411C8U3, STM32G411C8U6, STM32G411CBT3, STM32G411CBT6, STM32G411CBU3, STM32G411CBU6, STM32G411CCT3, STM32G411CCT6, STM32G411CCU3, STM32G411CCU6, STM32G411K6T3, STM32G411K6T6, STM32G411K6U3, STM32G411K6U6, STM32G411K8T3, STM32G411K8T6, STM32G411K8U3, STM32G411K8U6, STM32G411KBT3, STM32G411KBT6, STM32G411KBU3, STM32G411KBU6, STM32G411M6T3, STM32G411M6T6, STM32G411M8T3, STM32G411M8T6, STM32G411MBT3, STM32G411MBT6, STM32G411MCT3, STM32G411MCT6, STM32G411R6T3, STM32G411R6T6, STM32G411R8T3, STM32G411R8T6, STM32G411RBT3, STM32G411RBT6, STM32G411RCT3, STM32G411RCT6, STM32G414CBT3, STM32G414CBT6, STM32G414CBU3, STM32G414CBU6, STM32G414CCT3, STM32G414CCT6, STM32G414CCU3, STM32G414CCU6, STM32G414MBT3, STM32G414MBT6, STM32G414MCT3, STM32G414MCT6, STM32G414RBT3, STM32G414RBT6, STM32G414RCT3, STM32G414RCT6, STM32G414VBT3, STM32G414VBT6, STM32G414VCT3, STM32G414VCT6, STM32G431CBT3Z, STM32G431RBT3Z, STM32G471CCT6, STM32G471CCU6, STM32G471CET3, STM32G471CET6, STM32G471CEU3, STM32G471CEU6, STM32G471MCT6, STM32G471MET3, STM32G471MET6, STM32G471MEY6TR, STM32G471QCT6, STM32G471QET3, STM32G471RCT6, STM32G471RET3, STM32G471RET6, STM32G471VCH6, STM32G471VCI6, STM32G471VCT6, STM32G471VEH3, STM32G471VEH6, STM32G471VEI3, STM32G471VEI6, STM32G471VET3, STM32G471VET6, STM32G473QET3Z, STM32G473RET3Z, STM32G474CCT6, STM32G491RET3Z, STM32H503CBT6, STM32H503CBU6, STM32H503EBY6TR, STM32H503KBU6, STM32H503RBT6, STM32H523CCT6, STM32H523CCU6, STM32H523CET6, STM32H523CEU6, STM32H523HEY6TR, STM32H523RCT6, STM32H523RET6, STM32H523VCI6, STM32H523VCT6, STM32H523VEI6, STM32H523VET6, STM32H523ZCJ6, STM32H523ZCT6, STM32H523ZEJ6, STM32H523ZET6, STM32H533CET6, STM32H533CEU6, STM32H533HEY6TR, STM32H533RET6, STM32H533VEI6, STM32H533VET6, STM32H533ZEJ6, STM32H533ZET6, STM32H562AGI6, STM32H562AII6, STM32H562IGK6, STM32H562IGT6, STM32H562IIK6, STM32H562IIT6, STM32H562RGT6, STM32H562RGV6, STM32H562RIT6, STM32H562RIV6, STM32H562VGT6, STM32H562VIT6, STM32H562ZGT6, STM32H562ZIT6, STM32H563AGI6, STM32H563AII3Q, STM32H563AII6, STM32H563IGK6, STM32H563IGT6, STM32H563IIK3Q, STM32H563IIK6, STM32H563IIT3Q, STM32H563IIT6, STM32H563MIY3QTR, STM32H563RGT6, STM32H563RGV6, STM32H563RIT6, STM32H563RIV6, STM32H563VGT6, STM32H563VIT3Q, STM32H563VIT6, STM32H563ZGT6, STM32H563ZIT3Q, STM32H563ZIT6, STM32H573AII3Q, STM32H573AII6, STM32H573I-DK, STM32H573IIK3Q, STM32H573IIK6, STM32H573IIT3Q, STM32H573IIT6, STM32H573MIY3QTR, STM32H573RIT6, STM32H573RIV6, STM32H573VIT3Q, STM32H573VIT6, STM32H573ZIT3Q, STM32H573ZIT6, STM32H7R3A8I6, STM32H7R3I8K6, STM32H7R3I8T6, STM32H7R3L8H6, STM32H7R3L8H6H, STM32H7R3R8V6, STM32H7R3V8H6, STM32H7R3V8T6, STM32H7R3V8Y6TR, STM32H7R3Z8J6, STM32H7R3Z8T6, STM32H7R7A8I6, STM32H7R7I8K6, STM32H7R7I8T6, STM32H7R7L8H6, STM32H7R7L8H6H, STM32H7R7Z8J6, STM32H7S3A8I6, STM32H7S3I8K6, STM32H7S3I8T6, STM32H7S3L8H6, STM32H7S3L8H6H, STM32H7S3R8V6, STM32H7S3V8H6, STM32H7S3V8T6, STM32H7S3V8Y6TR, STM32H7S3Z8J6, STM32H7S3Z8T6, STM32H7S78-DK, STM32H7S7A8I6, STM32H7S7I8K6, STM32H7S7I8T6, STM32H7S7L8H6, STM32H7S7L8H6H, STM32H7S7Z8J6, STM32L4R5QGI6STR, STM32MP131AAE3, STM32MP131AAF3, STM32MP131AAG3, STM32MP131CAE3, STM32MP131CAF3, STM32MP131CAG3, STM32MP131DAE7, STM32MP131DAF7, STM32MP131DAG7, STM32MP131FAE7, STM32MP131FAF7, STM32MP131FAG7, STM32MP133AAE3, STM32MP133AAF3, STM32MP133AAG3, STM32MP133CAE3, STM32MP133CAF3, STM32MP133CAG3, STM32MP133DAE7, STM32MP133DAF7, STM32MP133DAG7, STM32MP133FAE7, STM32MP133FAF7, STM32MP133FAG7, STM32MP135AAE3, STM32MP135AAF3, STM32MP135AAG3, STM32MP135CAE3, STM32MP135CAF3, STM32MP135CAG3, STM32MP135DAE7, STM32MP135DAF7, STM32MP135DAG7, STM32MP135F-DK, STM32MP135FAE7, STM32MP135FAF7, STM32MP135FAF7T, STM32MP135FAF7U, STM32MP135FAG7, STM32MP231AAJ3, STM32MP231AAK3, STM32MP231AAL3, STM32MP231CAJ3, STM32MP231CAK3, STM32MP231CAL3, STM32MP231DAJ3, STM32MP231DAK3, STM32MP231DAL3, STM32MP231FAJ3, STM32MP231FAK3, STM32MP231FAL3, STM32MP233AAJ3, STM32MP233AAK3, STM32MP233AAL3, STM32MP233CAJ3, STM32MP233CAK3, STM32MP233CAL3, STM32MP233DAJ3, STM32MP233DAK3, STM32MP233DAL3, STM32MP233FAJ3, STM32MP233FAK3, STM32MP233FAL3, STM32MP235AAJ3, STM32MP235AAK3, STM32MP235AAL3, STM32MP235CAJ3, STM32MP235CAK3, STM32MP235CAL3, STM32MP235DAJ3, STM32MP235DAK3, STM32MP235DAL3, STM32MP235FAJ3, STM32MP235FAK3, STM32MP235FAL3, STM32MP251AAI3, STM32MP251AAJ3, STM32MP251AAK3, STM32MP251AAL3, STM32MP251CAI3, STM32MP251CAJ3, STM32MP251CAK3, STM32MP251CAL3, STM32MP251DAI3, STM32MP251DAJ3, STM32MP251DAK3, STM32MP251DAL3, STM32MP251FAI3, STM32MP251FAJ3, STM32MP251FAK3, STM32MP251FAL3, STM32MP253AAI3, STM32MP253AAJ3, STM32MP253AAK3, STM32MP253AAL3, STM32MP253CAI3, STM32MP253CAJ3, STM32MP253CAK3, STM32MP253CAL3, STM32MP253DAI3, STM32MP253DAJ3, STM32MP253DAK3, STM32MP253DAL3, STM32MP253FAI3, STM32MP253FAJ3, STM32MP253FAK3, STM32MP253FAL3, STM32MP255AAI3, STM32MP255AAJ3, STM32MP255AAK3, STM32MP255AAL3, STM32MP255CAI3, STM32MP255CAJ3, STM32MP255CAK3, STM32MP255CAL3, STM32MP255DAI3, STM32MP255DAJ3, STM32MP255DAK3, STM32MP255DAL3, STM32MP255FAI3, STM32MP255FAJ3, STM32MP255FAK3, STM32MP255FAL3, STM32MP257AAI3, STM32MP257AAJ3, STM32MP257AAK3, STM32MP257AAL3, STM32MP257CAI3, STM32MP257CAJ3, STM32MP257CAK3, STM32MP257CAL3, STM32MP257DAI3, STM32MP257DAJ3, STM32MP257DAK3, STM32MP257DAL3, STM32MP257F-DK, STM32MP257F-EV1, STM32MP257FAI3, STM32MP257FAJ3, STM32MP257FAK3, STM32MP257FAL3, STM32N645A0H3Q, STM32N645B0H3Q, STM32N645I0H3Q, STM32N645L0H3Q, STM32N645X0H3Q, STM32N645Z0H3Q, STM32N647A0H3Q, STM32N647B0H3Q, STM32N647I0H3Q, STM32N647L0H3Q, STM32N647X0H3Q, STM32N647Z0H3Q, STM32N655A0H3Q, STM32N655B0H3Q, STM32N655I0H3Q, STM32N655L0H3Q, STM32N655X0H3Q, STM32N655Z0H3Q, STM32N6570-DK, STM32N657A0H3Q, STM32N657B0H3Q, STM32N657I0H3Q, STM32N657L0H3Q, STM32N657X0H3Q, STM32N657Z0H3Q, STM32U031C6T6, STM32U031C6U6, STM32U031C8T6, STM32U031C8U6, STM32U031F4P6, STM32U031F6P6, STM32U031F8P6, STM32U031G6Y6TR, STM32U031G8Y6TR, STM32U031K4U6, STM32U031K6U6, STM32U031K8U6, STM32U031R6I6, STM32U031R6T6, STM32U031R8I6, STM32U031R8T6, STM32U073C8T6, STM32U073C8U6, STM32U073CBT6, STM32U073CBU6, STM32U073CCT6, STM32U073CCU6, STM32U073H8Y6TR, STM32U073HBY6TR, STM32U073HCY6TR, STM32U073K8U6, STM32U073KBU6, STM32U073KCU6, STM32U073M8I6, STM32U073M8T6, STM32U073MBI6, STM32U073MBT6, STM32U073MCI6, STM32U073MCT6, STM32U073R8I6, STM32U073R8T6, STM32U073RBI6, STM32U073RBT6, STM32U073RCI6, STM32U073RCT6, STM32U083C-DK, STM32U083CCT6, STM32U083CCU6, STM32U083HCY6TR, STM32U083KCU6, STM32U083MCI6, STM32U083MCT6, STM32U083RCI6, STM32U083RCT6, STM32U375CET6, STM32U375CET6Q, STM32U375CEU6, STM32U375CEU6Q, STM32U375CEY6QTR, STM32U375CGT6, STM32U375CGT6Q, STM32U375CGU6, STM32U375CGU6Q, STM32U375CGY6QTR, STM32U375KEU6, STM32U375KGU6, STM32U375REI6, STM32U375REI6Q, STM32U375RET6, STM32U375RET6Q, STM32U375REY6GTR, STM32U375REY6QTR, STM32U375RGI6, STM32U375RGI6Q, STM32U375RGT6, STM32U375RGT6Q, STM32U375RGY6GTR, STM32U375RGY6QTR, STM32U375VEI6, STM32U375VEI6Q, STM32U375VET6, STM32U375VET6Q, STM32U375VGI6, STM32U375VGI6Q, STM32U375VGT6, STM32U375VGT6Q, STM32U385CGT6, STM32U385CGT6Q, STM32U385CGU6, STM32U385CGU6Q, STM32U385CGY6QTR, STM32U385KGU6, STM32U385RGI6, STM32U385RGI6Q, STM32U385RGT6, STM32U385RGT6Q, STM32U385RGY6GTR, STM32U385RGY6QTR, STM32U385VGI6, STM32U385VGI6Q, STM32U385VGT6, STM32U385VGT6Q, STM32U535CBT6, STM32U535CBT6Q, STM32U535CBU6, STM32U535CBU6Q, STM32U535CCT6, STM32U535CCT6Q, STM32U535CCU6, STM32U535CCU6Q, STM32U535CET6, STM32U535CET6Q, STM32U535CEU6, STM32U535CEU6Q, STM32U535JEY6QTR, STM32U535NCY6QTR, STM32U535NEY6QTR, STM32U535RBI6, STM32U535RBI6Q, STM32U535RBT6, STM32U535RBT6Q, STM32U535RCI6, STM32U535RCI6Q, STM32U535RCT6, STM32U535RCT6Q, STM32U535REI6, STM32U535REI6Q, STM32U535RET6, STM32U535RET6Q, STM32U535VCI6, STM32U535VCI6Q, STM32U535VCT6, STM32U535VCT6Q, STM32U535VEI6, STM32U535VEI6Q, STM32U535VET6, STM32U535VET6Q, STM32U545CET6, STM32U545CET6Q, STM32U545CEU6, STM32U545CEU6Q, STM32U545JEY6QTR, STM32U545NEY6QTR, STM32U545REI6, STM32U545REI6Q, STM32U545RET6, STM32U545RET6Q, STM32U545VEI6, STM32U545VEI6Q, STM32U545VET6, STM32U545VET6Q, STM32U595AIH6, STM32U595AIH6Q, STM32U595AJH6, STM32U595AJH6Q, STM32U595QII6, STM32U595QII6Q, STM32U595QJI6, STM32U595QJI6Q, STM32U595RIT6, STM32U595RIT6Q, STM32U595RJT6, STM32U595RJT6Q, STM32U595VIT6, STM32U595VIT6Q, STM32U595VJT6, STM32U595VJT6Q, STM32U595ZIT6, STM32U595ZIT6Q, STM32U595ZIY6QTR, STM32U595ZJT6, STM32U595ZJT6Q, STM32U595ZJY6QTR, STM32U599BJY6QTR, STM32U599NIH6Q, STM32U599NJH6Q, STM32U599VIT6Q, STM32U599VJT6, STM32U599VJT6Q, STM32U599ZIT6Q, STM32U599ZIY6QTR, STM32U599ZJT6Q, STM32U599ZJY6QTR, STM32U5A5AJH6, STM32U5A5AJH6Q, STM32U5A5QII3Q , STM32U5A5QJI6, STM32U5A5QJI6Q, STM32U5A5RJT6, STM32U5A5RJT6Q, STM32U5A5VJT6, STM32U5A5VJT6Q, STM32U5A5ZJT6, STM32U5A5ZJT6Q, STM32U5A5ZJY6QTR, STM32U5A9BJY6QTR, STM32U5A9J-DK, STM32U5A9NJH6Q, STM32U5A9VJT6Q, STM32U5A9ZJT6Q, STM32U5A9ZJY6QTR, STM32U5F7VIT6, STM32U5F7VIT6Q, STM32U5F7VJT6, STM32U5F7VJT6Q, STM32U5F9BJY6QTR, STM32U5F9NJH6Q, STM32U5F9VIT6Q, STM32U5F9VJT6Q, STM32U5F9ZIJ6QTR, STM32U5F9ZIT6Q, STM32U5F9ZJJ6QTR, STM32U5F9ZJT6Q, STM32U5G7VJT6, STM32U5G7VJT6Q, STM32U5G9BJY6QTR, STM32U5G9J-DK1, STM32U5G9J-DK2, STM32U5G9NJH6Q, STM32U5G9VJT6Q, STM32U5G9ZJJ6QTR, STM32U5G9ZJT6Q, STM32WB05KZV6TR, STM32WB05KZV7TR, STM32WB05TZF6TR, STM32WB05TZF7TR, STM32WB06CCF6TR, STM32WB06CCF7TR, STM32WB06CCV6TR, STM32WB06CCV7TR, STM32WB06KCV6TR, STM32WB06KCV7TR, STM32WB07CCF6TR, STM32WB07CCF7TR, STM32WB07CCV6TR, STM32WB07CCV7TR, STM32WB07KCV6TR, STM32WB07KCV7TR, STM32WB09KEV6TR, STM32WB09KEV7TR, STM32WB09TEF6TR, STM32WB09TEF7TR, STM32WB1MMCH6, STM32WBA50KGU6, STM32WBA50KGU6TR, STM32WBA52CEU6, STM32WBA52CEU6TR, STM32WBA52CEU7, STM32WBA52CEU7TR, STM32WBA52CGU6, STM32WBA52CGU6TR, STM32WBA52CGU6U, STM32WBA52CGU7, STM32WBA52CGU7TR, STM32WBA52KEU6, STM32WBA52KEU6TR, STM32WBA52KGU6, STM32WBA52KGU6TR, STM32WBA54CEU6, STM32WBA54CEU6TR, STM32WBA54CEU7, STM32WBA54CEU7TR, STM32WBA54CGU6, STM32WBA54CGU6TR, STM32WBA54CGU7, STM32WBA54CGU7TR, STM32WBA54KEU6, STM32WBA54KEU6TR, STM32WBA54KEU7, STM32WBA54KEU7TR, STM32WBA54KGU6, STM32WBA54KGU6TR, STM32WBA54KGU7, STM32WBA54KGU7TR, STM32WBA55CEU6, STM32WBA55CEU6TR, STM32WBA55CEU7, STM32WBA55CEU7TR, STM32WBA55CGU6, STM32WBA55CGU6TR, STM32WBA55CGU6U, STM32WBA55CGU7, STM32WBA55CGU7TR, STM32WBA55G-DK1, STM32WBA55HEF6, STM32WBA55HEF7, STM32WBA55HGF6, STM32WBA55HGF7, STM32WBA55UEI6, STM32WBA55UEI6TR, STM32WBA55UEI7, STM32WBA55UEI7TR, STM32WBA55UGI6, STM32WBA55UGI6TR, STM32WBA55UGI7, STM32WBA55UGI7TR, STM32WBA5MJGH6TR, STM32WBA5MJGH6U, STM32WL33C8V6, STM32WL33C8V6TR, STM32WL33C8V7, STM32WL33C8V7TR, STM32WL33CBV6, STM32WL33CBV6TR, STM32WL33CBV7, STM32WL33CBV7TR, STM32WL33CCV6, STM32WL33CCV6TR, STM32WL33CCV7, STM32WL33CCV7A, STM32WL33CCV7ATR, STM32WL33CCV7TR, STM32WL33K8V6, STM32WL33K8V6TR, STM32WL33K8V7, STM32WL33K8V7TR, STM32WL33KBV6, STM32WL33KBV6TR, STM32WL33KBV7, STM32WL33KBV7TR, STM32WL33KCV6, STM32WL33KCV6TR, STM32WL33KCV7, STM32WL33KCV7TR, STM32WL5MOCH6, STM32WL5MOCH6TR]
2026-01-07 10:11:24,605 [INFO] DbMcus:218 - Found 4817 MCUs, 4817 are supported
2026-01-07 10:11:24,617 [INFO] ApiDb:423 - Load user favorites file C:\Users\kamil/.stm32cubeide/favorites.mcus.txt: 1 item(s)
2026-01-07 10:11:24,617 [INFO] ApiDb:427 - User favorites MCUs=[STM32H743IIT6]
2026-01-07 10:11:24,617 [INFO] DbMcus:224 - Set 1 / 1 favorites MCUs
2026-01-07 10:11:25,299 [INFO] BoardInfo:889 - No configuration file found for board NUCLEO-WBA65RI
2026-01-07 10:11:25,300 [INFO] DbBoards:161 - Board is not supported: NUCLEO-WBA65RI
2026-01-07 10:11:25,320 [INFO] BoardInfo:889 - No configuration file found for board P-NUCLEO-WB55
2026-01-07 10:11:25,323 [INFO] DbBoards:161 - Kit is not supported: P-NUCLEO-WB55
2026-01-07 10:11:25,337 [INFO] BoardInfo:889 - No configuration file found for board STEVAL-BFA001V1B
2026-01-07 10:11:25,339 [INFO] DbBoards:161 - Kit is not supported: STEVAL-BFA001V1B
2026-01-07 10:11:25,340 [INFO] BoardInfo:889 - No configuration file found for board STEVAL-BFA001V2B
2026-01-07 10:11:25,342 [INFO] DbBoards:161 - Kit is not supported: STEVAL-BFA001V2B
2026-01-07 10:11:25,659 [INFO] BoardInfo:889 - No configuration file found for board STM32WBA65I-DK1
2026-01-07 10:11:25,660 [INFO] DbBoards:161 - Board is not supported: STM32WBA65I-DK1
2026-01-07 10:11:25,660 [INFO] DbBoards:168 - Found 211 boards, 206 are supported
2026-01-07 10:11:25,660 [INFO] DbBoards:169 - Found 211 boards, 42 of them is supported for  Bsp
2026-01-07 10:11:25,674 [INFO] ApiDb:423 - Load user favorites file C:\Users\kamil/.stm32cubeide/favorites.boards.txt: 1 item(s)
2026-01-07 10:11:25,674 [INFO] ApiDb:427 - User favorites Boards=[NUCLEO-F746ZG]
2026-01-07 10:11:25,674 [INFO] DbBoards:198 - Set 1 / 1 favorites Boards
2026-01-07 10:11:25,824 [INFO] UtilMem:75 - End LoadConfig() Used Memory: 764005520 Bytes (1073741824)
2026-01-07 10:11:26,045 [WARN] ThirdParty:833 - waiting for thirdparty lock release [change project]
2026-01-07 10:11:26,046 [INFO] ThirdParty:835 - entering critical section [change project]
2026-01-07 10:11:26,046 [INFO] ThirdParty:1030 - CMSIS Pack Vendor :STMicroelectronics X-CUBE-PM33A1 1.0.0
2026-01-07 10:11:26,046 [INFO] ThirdParty:1030 - CMSIS Pack Vendor :STMicroelectronics USBPD 4.1
2026-01-07 10:11:26,046 [INFO] ThirdParty:1030 - CMSIS Pack Vendor :STMicroelectronics USB_HOST 2.0.0
2026-01-07 10:11:26,046 [INFO] ThirdParty:1030 - CMSIS Pack Vendor :STMicroelectronics FP-SNS-MOTENVWB1 1.4.0
2026-01-07 10:11:26,046 [INFO] ThirdParty:1030 - CMSIS Pack Vendor :STMicroelectronics X-CUBE-AZRTOS-F4 1.1.0
2026-01-07 10:11:26,046 [INFO] ThirdParty:1030 - CMSIS Pack Vendor :STMicroelectronics LIBJPEG 8.0.0
2026-01-07 10:11:26,046 [INFO] ThirdParty:1030 - CMSIS Pack Vendor :STMicroelectronics FP-ATR-ASTRA1 2.0.2
2026-01-07 10:11:26,046 [INFO] ThirdParty:1030 - CMSIS Pack Vendor :STMicroelectronics FP-ATR-ASTRA1 2.0.1
2026-01-07 10:11:26,046 [INFO] ThirdParty:1030 - CMSIS Pack Vendor :STMicroelectronics X-CUBE-SMBUS 2.1.0
2026-01-07 10:11:26,046 [INFO] ThirdParty:1030 - CMSIS Pack Vendor :STMicroelectronics X-CUBE-WB05N 1.1.0
2026-01-07 10:11:26,046 [INFO] ThirdParty:1030 - CMSIS Pack Vendor :STMicroelectronics X-CUBE-ISPU 2.1.0
2026-01-07 10:11:26,047 [INFO] ThirdParty:1030 - CMSIS Pack Vendor :STMicroelectronics X-CUBE-FREERTOS 1.2.0
2026-01-07 10:11:26,047 [INFO] ThirdParty:1030 - CMSIS Pack Vendor :STMicroelectronics X-CUBE-ST60 1.0.0
2026-01-07 10:11:26,047 [INFO] ThirdParty:1030 - CMSIS Pack Vendor :STMicroelectronics X-CUBE-NFC12 1.0.0
2026-01-07 10:11:26,047 [INFO] ThirdParty:1030 - CMSIS Pack Vendor :STMicroelectronics X-CUBE-AZRTOS-F7 1.1.0
2026-01-07 10:11:26,047 [INFO] ThirdParty:1030 - CMSIS Pack Vendor :STMicroelectronics X-CUBE-AZRTOS-L5 2.0.0
2026-01-07 10:11:26,047 [INFO] ThirdParty:1030 - CMSIS Pack Vendor :STMicroelectronics USB_DEVICE 2.0.0
2026-01-07 10:11:26,047 [INFO] ThirdParty:1030 - CMSIS Pack Vendor :STMicroelectronics X-CUBE-NFC6 3.1.0
2026-01-07 10:11:26,047 [INFO] ThirdParty:1030 - CMSIS Pack Vendor :ARM CMSIS 5.7.0
2026-01-07 10:11:26,047 [INFO] ThirdParty:1030 - CMSIS Pack Vendor :STMicroelectronics X-CUBE-MEMS1 11.0.0
2026-01-07 10:11:26,047 [INFO] ThirdParty:1030 - CMSIS Pack Vendor :STMicroelectronics FreeRTOS 0.0.1
2026-01-07 10:11:26,047 [INFO] ThirdParty:1030 - CMSIS Pack Vendor :STMicroelectronics X-CUBE-DPower 1.2.0
2026-01-07 10:11:26,047 [INFO] ThirdParty:1030 - CMSIS Pack Vendor :STMicroelectronics FP-SNS-FLIGHT1 5.0.2
2026-01-07 10:11:26,047 [INFO] ThirdParty:1030 - CMSIS Pack Vendor :STMicroelectronics PDM2PCM 3.3.0
2026-01-07 10:11:26,047 [INFO] ThirdParty:1030 - CMSIS Pack Vendor :STMicroelectronics X-CUBE-AZRTOS-H7 3.4.0
2026-01-07 10:11:26,047 [INFO] ThirdParty:1030 - CMSIS Pack Vendor :STMicroelectronics X-CUBE-DISPLAY 3.0.0
2026-01-07 10:11:26,047 [INFO] ThirdParty:1030 - CMSIS Pack Vendor :STMicroelectronics X-CUBE-BLE1 7.0.0
2026-01-07 10:11:26,047 [INFO] ThirdParty:1030 - CMSIS Pack Vendor :STMicroelectronics X-CUBE-NFC10 1.0.0
2026-01-07 10:11:26,047 [INFO] ThirdParty:1030 - CMSIS Pack Vendor :STMicroelectronics X-CUBE-BLEMGR 4.0.0
2026-01-07 10:11:26,047 [INFO] ThirdParty:1030 - CMSIS Pack Vendor :STMicroelectronics X-CUBE-FREERTOS 1.3.1
2026-01-07 10:11:26,048 [INFO] ThirdParty:1030 - CMSIS Pack Vendor :STMicroelectronics HAL Drivers 0.0.0
2026-01-07 10:11:26,048 [INFO] ThirdParty:1030 - CMSIS Pack Vendor :STMicroelectronics X-CUBE-ST60 1.1.0
2026-01-07 10:11:26,048 [INFO] ThirdParty:1030 - CMSIS Pack Vendor :emotas I-CUBE-CANOPEN 1.3.0
2026-01-07 10:11:26,048 [INFO] ThirdParty:1030 - CMSIS Pack Vendor :STMicroelectronics X-CUBE-FREERTOS 1.3.0
2026-01-07 10:11:26,048 [INFO] ThirdParty:1030 - CMSIS Pack Vendor :STMicroelectronics X-CUBE-NFC7 1.0.1
2026-01-07 10:11:26,048 [INFO] ThirdParty:1030 - CMSIS Pack Vendor :STMicroelectronics MBEDTLS 2.14.1
2026-01-07 10:11:26,048 [INFO] ThirdParty:1030 - CMSIS Pack Vendor :STMicroelectronics X-CUBE-GNSS1 7.1.0
2026-01-07 10:11:26,048 [INFO] ThirdParty:1030 - CMSIS Pack Vendor :STMicroelectronics X-CUBE-TOUCHGFX 4.26.0
2026-01-07 10:11:26,048 [INFO] ThirdParty:1030 - CMSIS Pack Vendor :STMicroelectronics X-CUBE-BLEMGR 3.1.0
2026-01-07 10:11:26,048 [INFO] ThirdParty:1030 - CMSIS Pack Vendor :STMicroelectronics X-CUBE-AI 10.0.0
2026-01-07 10:11:26,048 [INFO] ThirdParty:1030 - CMSIS Pack Vendor :STMicroelectronics FP-SNS-STAIOTCFT 1.0.0
2026-01-07 10:11:26,048 [INFO] ThirdParty:1030 - CMSIS Pack Vendor :STMicroelectronics FP-SNS-SMARTAG2 1.2.0
2026-01-07 10:11:26,048 [INFO] ThirdParty:1030 - CMSIS Pack Vendor :STMicroelectronics FP-SNS-FLIGHT1 5.1.0
2026-01-07 10:11:26,048 [INFO] ThirdParty:1030 - CMSIS Pack Vendor :STMicroelectronics X-CUBE-MEMS1 11.1.0
2026-01-07 10:11:26,048 [INFO] ThirdParty:1030 - CMSIS Pack Vendor :STMicroelectronics X-CUBE-AZRTOS-WL 2.0.0
2026-01-07 10:11:26,048 [INFO] ThirdParty:1030 - CMSIS Pack Vendor :STMicroelectronics X-CUBE-DPower 1.3.0
2026-01-07 10:11:26,048 [INFO] ThirdParty:1030 - CMSIS Pack Vendor :STMicroelectronics FP-SNS-MOTENV1 5.0.0
2026-01-07 10:11:26,048 [INFO] ThirdParty:1030 - CMSIS Pack Vendor :STMicroelectronics USB_DEVICE 1.0.0
2026-01-07 10:11:26,048 [INFO] ThirdParty:1030 - CMSIS Pack Vendor :STMicroelectronics X-CUBE-AZRTOS-H7RS 1.2.0
2026-01-07 10:11:26,048 [INFO] ThirdParty:1030 - CMSIS Pack Vendor :wolfSSL I-CUBE-wolfMQTT 1.19.0
2026-01-07 10:11:26,048 [INFO] ThirdParty:1030 - CMSIS Pack Vendor :STMicroelectronics X-CUBE-AZRTOS-L4 2.0.0
2026-01-07 10:11:26,049 [INFO] ThirdParty:1030 - CMSIS Pack Vendor :STMicroelectronics ThreadX 0.0.2
2026-01-07 10:11:26,049 [INFO] ThirdParty:1030 - CMSIS Pack Vendor :WES I-CUBE-Cesium 1.3.0
2026-01-07 10:11:26,049 [INFO] ThirdParty:1030 - CMSIS Pack Vendor :STMicroelectronics lwIP 2.1.2
2026-01-07 10:11:26,049 [INFO] ThirdParty:1030 - CMSIS Pack Vendor :STMicroelectronics X-CUBE-SFXS2LP1 4.0.0
2026-01-07 10:11:26,049 [INFO] ThirdParty:1030 - CMSIS Pack Vendor :STMicroelectronics X-CUBE-BLE2 3.3.0
2026-01-07 10:11:26,049 [INFO] ThirdParty:1030 - CMSIS Pack Vendor :Avnet-IOTCONNECT X-CUBE-iotc-st67-sdk 1.0.0
2026-01-07 10:11:26,049 [INFO] ThirdParty:1030 - CMSIS Pack Vendor :STMicroelectronics PDM2PCM 3.2.0
2026-01-07 10:11:26,049 [INFO] ThirdParty:1030 - CMSIS Pack Vendor :STMicroelectronics X-CUBE-AZRTOS-H7 3.3.0
2026-01-07 10:11:26,049 [INFO] ThirdParty:1030 - CMSIS Pack Vendor :STMicroelectronics X-CUBE-NFC9 1.0.0
2026-01-07 10:11:26,049 [INFO] ThirdParty:1030 - CMSIS Pack Vendor :STMicroelectronics X-CUBE-BLE1 7.1.0
2026-01-07 10:11:26,049 [INFO] ThirdParty:1030 - CMSIS Pack Vendor :STMicroelectronics USB_DEVICE 3.0.0
2026-01-07 10:11:26,049 [INFO] ThirdParty:1030 - CMSIS Pack Vendor :STMicroelectronics X-CUBE-TCPP 4.1.0
2026-01-07 10:11:26,049 [INFO] ThirdParty:1030 - CMSIS Pack Vendor :STMicroelectronics X-CUBE-EEPRMA1 5.2.0
2026-01-07 10:11:26,049 [INFO] ThirdParty:1030 - CMSIS Pack Vendor :STMicroelectronics X-CUBE-BLEMGR 4.1.0
2026-01-07 10:11:26,049 [INFO] ThirdParty:1030 - CMSIS Pack Vendor :STMicroelectronics X-CUBE-IPS 3.0.0
2026-01-07 10:11:26,049 [INFO] ThirdParty:1030 - CMSIS Pack Vendor :STMicroelectronics X-CUBE-AZRTOS-WB 2.0.0
2026-01-07 10:11:26,050 [INFO] ThirdParty:1030 - CMSIS Pack Vendor :STMicroelectronics X-CUBE-GNSS1 7.0.0
2026-01-07 10:11:26,050 [INFO] ThirdParty:1030 - CMSIS Pack Vendor :STMicroelectronics X-CUBE-GNSS1 7.0.1
2026-01-07 10:11:26,050 [INFO] ThirdParty:1030 - CMSIS Pack Vendor :STMicroelectronics X-CUBE-TOUCHGFX 4.25.0
2026-01-07 10:11:26,050 [INFO] ThirdParty:1030 - CMSIS Pack Vendor :STMicroelectronics FP-SNS-STBOX1 2.0.0
2026-01-07 10:11:26,050 [INFO] ThirdParty:1030 - CMSIS Pack Vendor :STMicroelectronics X-CUBE-MEMS1 12.0.0
2026-01-07 10:11:26,050 [INFO] ThirdParty:1030 - CMSIS Pack Vendor :STMicroelectronics X-CUBE-AZRTOS-G0 1.1.0
2026-01-07 10:11:26,050 [INFO] ThirdParty:1030 - CMSIS Pack Vendor :STMicroelectronics X-CUBE-SAFEA1 1.2.2
2026-01-07 10:11:26,050 [INFO] ThirdParty:1030 - CMSIS Pack Vendor :STMicroelectronics X-CUBE-NFC4 3.0.0
2026-01-07 10:11:26,051 [INFO] ThirdParty:1030 - CMSIS Pack Vendor :STMicroelectronics X-CUBE-SUBG2 5.0.0
2026-01-07 10:11:26,051 [INFO] ThirdParty:1030 - CMSIS Pack Vendor :STMicroelectronics X-CUBE-AZRTOS-H7RS 1.1.0
2026-01-07 10:11:26,051 [INFO] ThirdParty:1030 - CMSIS Pack Vendor :STMicroelectronics STM32_WPAN 1.0.0
2026-01-07 10:11:26,051 [INFO] ThirdParty:1030 - CMSIS Pack Vendor :EmbeddedOffice I-CUBE-FS-RTOS 1.0.1
2026-01-07 10:11:26,051 [INFO] ThirdParty:1030 - CMSIS Pack Vendor :STMicroelectronics lwIP 2.0.3
2026-01-07 10:11:26,051 [INFO] ThirdParty:1030 - CMSIS Pack Vendor :Cesanta I-CUBE-Mongoose 7.13.0
2026-01-07 10:11:26,051 [INFO] ThirdParty:1030 - CMSIS Pack Vendor :STMicroelectronics USB_HOST 1.0.0
2026-01-07 10:11:26,051 [INFO] ThirdParty:1030 - CMSIS Pack Vendor :STMicroelectronics X-CUBE-AZRTOS-G4 2.0.0
2026-01-07 10:11:26,051 [INFO] ThirdParty:1030 - CMSIS Pack Vendor :STMicroelectronics X-CUBE-WB05N 2.0.0
2026-01-07 10:11:26,051 [INFO] ThirdParty:1030 - CMSIS Pack Vendor :STMicroelectronics PDM2PCM 3.1.0
2026-01-07 10:11:26,051 [INFO] ThirdParty:1030 - CMSIS Pack Vendor :STMicroelectronics X-CUBE-NFC7 2.0.0
2026-01-07 10:11:26,051 [INFO] ThirdParty:1030 - CMSIS Pack Vendor :STMicroelectronics X-CUBE-TCPP 4.2.0
2026-01-07 10:11:26,051 [INFO] ThirdParty:1030 - CMSIS Pack Vendor :RealThread X-CUBE-RT-Thread_Nano 4.1.1
2026-01-07 10:11:26,051 [INFO] ThirdParty:1030 - CMSIS Pack Vendor :STMicroelectronics FP-ATR-SIGFOX1 3.2.0
2026-01-07 10:11:26,051 [INFO] ThirdParty:1030 - CMSIS Pack Vendor :wolfSSL I-CUBE-wolfSSL 5.7.2
2026-01-07 10:11:26,051 [INFO] ThirdParty:1030 - CMSIS Pack Vendor :quantropi X-CUBE-qispace-sdk-base 1.9.3
2026-01-07 10:11:26,051 [INFO] ThirdParty:1030 - CMSIS Pack Vendor :STMicroelectronics X-CUBE-EEPRMA1 5.1.0
2026-01-07 10:11:26,051 [INFO] ThirdParty:1030 - CMSIS Pack Vendor :STMicroelectronics MBEDTLS 2.16.2
2026-01-07 10:11:26,052 [INFO] ThirdParty:1030 - CMSIS Pack Vendor :STMicroelectronics X-CUBE-IPS 3.1.0
2026-01-07 10:11:26,052 [INFO] ThirdParty:1030 - CMSIS Pack Vendor :STMicroelectronics X-CUBE-ALS 1.0.2
2026-01-07 10:11:26,052 [INFO] ThirdParty:1030 - CMSIS Pack Vendor :ITTIA_DB I-CUBE-ITTIADB 8.9.0
2026-01-07 10:11:26,052 [INFO] ThirdParty:1030 - CMSIS Pack Vendor :STMicroelectronics X-CUBE-TOUCHGFX 4.24.1
2026-01-07 10:11:26,052 [INFO] ThirdParty:1030 - CMSIS Pack Vendor :STMicroelectronics X-CUBE-STSE01 1.0.0
2026-01-07 10:11:26,052 [INFO] ThirdParty:1030 - CMSIS Pack Vendor :wolfSSL I-CUBE-wolfTPM 3.4.0
2026-01-07 10:11:26,052 [INFO] ThirdParty:1030 - CMSIS Pack Vendor :portGmbH I-Cube-SoM-uGOAL 1.1.0
2026-01-07 10:11:26,052 [INFO] ThirdParty:1030 - CMSIS Pack Vendor :STMicroelectronics X-CUBE-ST67W61 1.0.0
2026-01-07 10:11:26,052 [INFO] ThirdParty:1030 - CMSIS Pack Vendor :STMicroelectronics X-CUBE-AI 10.2.0
2026-01-07 10:11:26,052 [INFO] ThirdParty:1030 - CMSIS Pack Vendor :STMicroelectronics ThreadX 1.0.0
2026-01-07 10:11:26,052 [INFO] ThirdParty:1030 - CMSIS Pack Vendor :SEGGER I-CUBE-embOS 1.3.1
2026-01-07 10:11:26,052 [INFO] ThirdParty:1030 - CMSIS Pack Vendor :STMicroelectronics X-CUBE-ALGOBUILD 1.4.0
2026-01-07 10:11:26,052 [INFO] ThirdParty:1030 - CMSIS Pack Vendor :STMicroelectronics X-CUBE-MEMS1 11.3.0
2026-01-07 10:11:26,052 [INFO] ThirdParty:1030 - CMSIS Pack Vendor :STMicroelectronics X-CUBE-AZRTOS-H7RS 1.0.0
2026-01-07 10:11:26,052 [INFO] ThirdParty:1030 - CMSIS Pack Vendor :STMicroelectronics FP-ATR-ASTRA1 2.0.0
2026-01-07 10:11:26,052 [INFO] ThirdParty:1030 - CMSIS Pack Vendor :STMicroelectronics X-CUBE-TOF1 3.4.2
2026-01-07 10:11:26,052 [INFO] ThirdParty:1030 - CMSIS Pack Vendor :STMicroelectronics X-CUBE-TOF1 3.4.3
2026-01-07 10:11:26,052 [INFO] ThirdParty:1030 - CMSIS Pack Vendor :STMicroelectronics X-CUBE-AI 9.1.0
2026-01-07 10:11:26,053 [INFO] ThirdParty:1030 - CMSIS Pack Vendor :Infineon AIROC-Wi-Fi-Bluetooth-STM32 1.6.1
2026-01-07 10:11:26,053 [INFO] ThirdParty:1030 - CMSIS Pack Vendor :wolfSSL I-CUBE-wolfSSH 1.4.17
2026-01-07 10:11:26,053 [INFO] ThirdParty:841 - exiting critical section [change project]
2026-01-07 10:11:26,828 [INFO] PinOutPanel:1589 - setPackage(No Configuration,No Configuration)
2026-01-07 10:11:26,830 [INFO] PinOutPanel:1589 - setPackage(STM32H743IITx,LQFP176)
2026-01-07 10:11:27,744 [INFO] UtilMem:75 - Before build in PCC Used Memory: 800470672 Bytes (1073741824)
2026-01-07 10:11:28,894 [INFO] UtilMem:75 - After build in PCC Used Memory: 884411648 Bytes (1073741824)
2026-01-07 10:11:28,979 [INFO] IPUIPlugin:80 - create IPUIPlugin
2026-01-07 10:11:28,980 [INFO] IPUIPlugin:80 - create IPUIPlugin
2026-01-07 10:11:28,980 [INFO] IPUIPlugin:80 - create IPUIPlugin
2026-01-07 10:11:28,980 [INFO] IPUIPlugin:80 - create IPUIPlugin
2026-01-07 10:11:28,980 [INFO] IPUIPlugin:80 - create IPUIPlugin
2026-01-07 10:11:28,980 [INFO] IPUIPlugin:80 - create IPUIPlugin
2026-01-07 10:11:28,980 [INFO] IPUIPlugin:80 - create IPUIPlugin
2026-01-07 10:11:28,980 [INFO] IPUIPlugin:80 - create IPUIPlugin
2026-01-07 10:11:28,980 [INFO] IPUIPlugin:80 - create IPUIPlugin
2026-01-07 10:11:28,981 [INFO] IPUIPlugin:80 - create IPUIPlugin
2026-01-07 10:11:28,981 [INFO] IPUIPlugin:80 - create IPUIPlugin
2026-01-07 10:11:28,981 [INFO] IPUIPlugin:80 - create IPUIPlugin
2026-01-07 10:11:28,981 [INFO] IPUIPlugin:80 - create IPUIPlugin
2026-01-07 10:11:28,981 [INFO] IPUIPlugin:80 - create IPUIPlugin
2026-01-07 10:11:28,982 [INFO] IPUIPlugin:80 - create IPUIPlugin
2026-01-07 10:11:28,982 [INFO] IPUIPlugin:80 - create IPUIPlugin
2026-01-07 10:11:28,982 [INFO] IPUIPlugin:80 - create IPUIPlugin
2026-01-07 10:11:28,982 [INFO] IPUIPlugin:80 - create IPUIPlugin
2026-01-07 10:11:28,982 [INFO] IPUIPlugin:80 - create IPUIPlugin
2026-01-07 10:11:28,982 [INFO] IPUIPlugin:80 - create IPUIPlugin
2026-01-07 10:11:28,983 [INFO] IPUIPlugin:80 - create IPUIPlugin
2026-01-07 10:11:28,983 [INFO] IPUIPlugin:80 - create IPUIPlugin
2026-01-07 10:11:28,983 [INFO] IPUIPlugin:80 - create IPUIPlugin
2026-01-07 10:11:28,983 [INFO] IPUIPlugin:80 - create IPUIPlugin
2026-01-07 10:11:28,984 [INFO] IPUIPlugin:80 - create IPUIPlugin
2026-01-07 10:11:28,984 [INFO] IPUIPlugin:80 - create IPUIPlugin
2026-01-07 10:11:28,984 [INFO] IPUIPlugin:80 - create IPUIPlugin
2026-01-07 10:11:28,984 [INFO] IPUIPlugin:80 - create IPUIPlugin
2026-01-07 10:11:28,984 [INFO] IPUIPlugin:80 - create IPUIPlugin
2026-01-07 10:11:28,984 [INFO] IPUIPlugin:80 - create IPUIPlugin
2026-01-07 10:11:28,985 [INFO] IPUIPlugin:80 - create IPUIPlugin
2026-01-07 10:11:28,985 [INFO] IPUIPlugin:80 - create IPUIPlugin
2026-01-07 10:11:28,985 [INFO] IPUIPlugin:80 - create IPUIPlugin
2026-01-07 10:11:28,985 [INFO] IPUIPlugin:80 - create IPUIPlugin
2026-01-07 10:11:28,986 [INFO] IPUIPlugin:80 - create IPUIPlugin
2026-01-07 10:11:28,986 [INFO] IPUIPlugin:80 - create IPUIPlugin
2026-01-07 10:11:28,987 [INFO] IPUIPlugin:80 - create IPUIPlugin
2026-01-07 10:11:28,987 [INFO] IPUIPlugin:80 - create IPUIPlugin
2026-01-07 10:11:28,987 [INFO] IPUIPlugin:80 - create IPUIPlugin
2026-01-07 10:11:28,988 [INFO] IPUIPlugin:80 - create IPUIPlugin
2026-01-07 10:11:28,988 [INFO] IPUIPlugin:80 - create IPUIPlugin
2026-01-07 10:11:28,989 [INFO] IPUIPlugin:80 - create IPUIPlugin
2026-01-07 10:11:28,989 [INFO] IPUIPlugin:80 - create IPUIPlugin
2026-01-07 10:11:28,989 [INFO] IPUIPlugin:80 - create IPUIPlugin
2026-01-07 10:11:28,990 [INFO] IPUIPlugin:80 - create IPUIPlugin
2026-01-07 10:11:28,990 [INFO] IPUIPlugin:80 - create IPUIPlugin
2026-01-07 10:11:28,990 [INFO] IPUIPlugin:80 - create IPUIPlugin
2026-01-07 10:11:28,990 [INFO] IPUIPlugin:80 - create IPUIPlugin
2026-01-07 10:11:28,991 [INFO] IPUIPlugin:80 - create IPUIPlugin
2026-01-07 10:11:28,991 [INFO] IPUIPlugin:80 - create IPUIPlugin
2026-01-07 10:11:28,991 [INFO] IPUIPlugin:80 - create IPUIPlugin
2026-01-07 10:11:28,992 [INFO] IPUIPlugin:80 - create IPUIPlugin
2026-01-07 10:11:28,992 [INFO] IPUIPlugin:80 - create IPUIPlugin
2026-01-07 10:11:28,992 [INFO] IPUIPlugin:80 - create IPUIPlugin
2026-01-07 10:11:28,992 [INFO] IPUIPlugin:80 - create IPUIPlugin
2026-01-07 10:11:28,992 [INFO] IPUIPlugin:80 - create IPUIPlugin
2026-01-07 10:11:28,993 [INFO] IPUIPlugin:80 - create IPUIPlugin
2026-01-07 10:11:28,993 [INFO] IPUIPlugin:80 - create IPUIPlugin
2026-01-07 10:11:28,993 [INFO] IPUIPlugin:80 - create IPUIPlugin
2026-01-07 10:11:28,995 [INFO] IPUIPlugin:80 - create IPUIPlugin
2026-01-07 10:11:28,995 [INFO] IPUIPlugin:80 - create IPUIPlugin
2026-01-07 10:11:28,996 [INFO] IPUIPlugin:80 - create IPUIPlugin
2026-01-07 10:11:28,996 [INFO] IPUIPlugin:80 - create IPUIPlugin
2026-01-07 10:11:28,996 [INFO] IPUIPlugin:80 - create IPUIPlugin
2026-01-07 10:11:28,997 [INFO] IPUIPlugin:80 - create IPUIPlugin
2026-01-07 10:11:28,997 [INFO] IPUIPlugin:80 - create IPUIPlugin
2026-01-07 10:11:28,997 [INFO] IPUIPlugin:80 - create IPUIPlugin
2026-01-07 10:11:28,997 [INFO] IPUIPlugin:80 - create IPUIPlugin
2026-01-07 10:11:28,998 [INFO] IPUIPlugin:80 - create IPUIPlugin
2026-01-07 10:11:28,998 [INFO] IPUIPlugin:80 - create IPUIPlugin
2026-01-07 10:11:28,999 [INFO] IPUIPlugin:80 - create IPUIPlugin
2026-01-07 10:11:28,999 [INFO] IPUIPlugin:80 - create IPUIPlugin
2026-01-07 10:11:28,999 [INFO] IPUIPlugin:80 - create IPUIPlugin
2026-01-07 10:11:29,000 [INFO] IPUIPlugin:80 - create IPUIPlugin
2026-01-07 10:11:29,000 [INFO] IPUIPlugin:80 - create IPUIPlugin
2026-01-07 10:11:29,000 [INFO] IPUIPlugin:80 - create IPUIPlugin
2026-01-07 10:11:29,001 [INFO] IPUIPlugin:80 - create IPUIPlugin
2026-01-07 10:11:29,001 [INFO] IPUIPlugin:80 - create IPUIPlugin
2026-01-07 10:11:29,001 [INFO] IPUIPlugin:80 - create IPUIPlugin
2026-01-07 10:11:29,002 [INFO] IPUIPlugin:80 - create IPUIPlugin
2026-01-07 10:11:29,002 [INFO] IPUIPlugin:80 - create IPUIPlugin
2026-01-07 10:11:29,003 [INFO] IPUIPlugin:80 - create IPUIPlugin
2026-01-07 10:11:29,003 [INFO] IPUIPlugin:80 - create IPUIPlugin
2026-01-07 10:11:29,004 [INFO] IPUIPlugin:80 - create IPUIPlugin
2026-01-07 10:11:29,004 [INFO] IPUIPlugin:80 - create IPUIPlugin
2026-01-07 10:11:29,005 [INFO] IPUIPlugin:80 - create IPUIPlugin
2026-01-07 10:11:29,005 [INFO] IPUIPlugin:80 - create IPUIPlugin
2026-01-07 10:11:29,005 [INFO] IPUIPlugin:80 - create IPUIPlugin
2026-01-07 10:11:29,006 [INFO] IPUIPlugin:80 - create IPUIPlugin
2026-01-07 10:11:29,006 [INFO] IPUIPlugin:80 - create IPUIPlugin
2026-01-07 10:11:29,007 [INFO] IPUIPlugin:80 - create IPUIPlugin
2026-01-07 10:11:29,007 [INFO] IPUIPlugin:80 - create IPUIPlugin
2026-01-07 10:11:29,008 [INFO] IPUIPlugin:80 - create IPUIPlugin
2026-01-07 10:11:29,008 [INFO] IPUIPlugin:80 - create IPUIPlugin
2026-01-07 10:11:29,008 [INFO] IPUIPlugin:80 - create IPUIPlugin
2026-01-07 10:11:29,009 [INFO] IPUIPlugin:80 - create IPUIPlugin
2026-01-07 10:11:29,009 [INFO] IPUIPlugin:80 - create IPUIPlugin
2026-01-07 10:11:29,010 [INFO] IPUIPlugin:80 - create IPUIPlugin
2026-01-07 10:11:29,121 [INFO] ApiDbMcu:508 - Load IP Config File for PDM2PCM
2026-01-07 10:11:29,133 [WARN] IP:2251 - ClockDivider not found: check if there is a RefParameter without a condition.
2026-01-07 10:11:29,134 [WARN] IP:2251 - ClockDividerCCU not found: check if there is a RefParameter without a condition.
2026-01-07 10:11:29,134 [WARN] IP:2251 - MinOscClkPeriodsCCU not found: check if there is a RefParameter without a condition.
2026-01-07 10:11:29,134 [WARN] IP:2251 - TimeQuantaPerBitTimeCCU not found: check if there is a RefParameter without a condition.
2026-01-07 10:11:29,134 [WARN] IP:2251 - WatchdogStartValueCCU not found: check if there is a RefParameter without a condition.
2026-01-07 10:11:29,143 [INFO] LogOutputStream:77 - [STDOUT_REDIRECT] Nominal 
2026-01-07 10:11:29,144 [INFO] Can:71 - Can Add PropertyChangeListener com.st.microxplorer.plugins.ip.can.Can@2af383bb
2026-01-07 10:11:29,515 [INFO] CADModel:165 - CPN selected for project levelSTM32H743IIT6
2026-01-07 10:11:29,515 [INFO] CADModel:114 - Register for checkConnection events
2026-01-07 10:11:29,579 [INFO] OpenFileManager:363 - Restore cursor
2026-01-07 10:11:29,795 [WARN] IP:2251 - LayerIdx_L1 not found: check if there is a RefParameter without a condition.
2026-01-07 10:11:30,018 [WARN] IP:2251 - ClockDivider not found: check if there is a RefParameter without a condition.
2026-01-07 10:11:30,018 [WARN] IP:2251 - ClockDividerCCU not found: check if there is a RefParameter without a condition.
2026-01-07 10:11:30,019 [WARN] IP:2251 - MinOscClkPeriodsCCU not found: check if there is a RefParameter without a condition.
2026-01-07 10:11:30,019 [WARN] IP:2251 - TimeQuantaPerBitTimeCCU not found: check if there is a RefParameter without a condition.
2026-01-07 10:11:30,019 [WARN] IP:2251 - WatchdogStartValueCCU not found: check if there is a RefParameter without a condition.
2026-01-07 10:11:55,109 [INFO] UtilMem:75 - End SaveConfig() Used Memory: 783404456 Bytes (1073741824)
2026-01-07 10:11:55,788 [INFO] BlockDiagram:2766 - set Specific Code input for plugin: LTDC
2026-01-07 10:11:55,788 [INFO] BlockDiagram:2766 - set Specific Code input for plugin: RCC
2026-01-07 10:11:55,788 [INFO] BlockDiagram:2766 - set Specific Code input for plugin: I2C
2026-01-07 10:11:55,788 [INFO] BlockDiagram:2766 - set Specific Code input for plugin: I2C
2026-01-07 10:11:55,788 [INFO] BlockDiagram:2766 - set Specific Code input for plugin: FMC
2026-01-07 10:11:55,788 [INFO] BlockDiagram:2766 - set Specific Code input for plugin: FDCAN
2026-01-07 10:11:55,788 [INFO] BlockDiagram:2766 - set Specific Code input for plugin: QUADSPI
2026-01-07 10:11:55,788 [INFO] BlockDiagram:2766 - set Specific Code input for plugin: MEMORYMAP
2026-01-07 10:11:55,788 [INFO] BlockDiagram:2766 - set Specific Code input for plugin: SYS
2026-01-07 10:11:55,788 [INFO] BlockDiagram:2766 - set Specific Code input for plugin: CRC
2026-01-07 10:11:55,788 [INFO] BlockDiagram:2766 - set Specific Code input for plugin: NVIC
2026-01-07 10:11:55,788 [INFO] BlockDiagram:2766 - set Specific Code input for plugin: DMA2D
2026-01-07 10:11:55,788 [INFO] BlockDiagram:2766 - set Specific Code input for plugin: CORTEX_M7
2026-01-07 10:11:55,789 [INFO] BlockDiagram:2766 - set Specific Code input for plugin: DEBUG
2026-01-07 10:11:55,790 [INFO] BlockDiagram:2766 - set Specific Code input for plugin: GPIO
2026-01-07 10:11:55,791 [INFO] CodeGenerator:896 - code generatio: config db path: C:\ST\STM32CubeIDE_1.17.0\STM32CubeIDE\plugins\com.st.stm32cube.common.mx_6.13.0.202411220809\\db\
2026-01-07 10:11:55,813 [WARN] IP:2251 - ClockDivider not found: check if there is a RefParameter without a condition.
2026-01-07 10:11:55,813 [WARN] IP:2251 - ClockDividerCCU not found: check if there is a RefParameter without a condition.
2026-01-07 10:11:55,813 [WARN] IP:2251 - MinOscClkPeriodsCCU not found: check if there is a RefParameter without a condition.
2026-01-07 10:11:55,813 [WARN] IP:2251 - TimeQuantaPerBitTimeCCU not found: check if there is a RefParameter without a condition.
2026-01-07 10:11:55,814 [WARN] IP:2251 - WatchdogStartValueCCU not found: check if there is a RefParameter without a condition.
2026-01-07 10:11:55,827 [WARN] IP:2251 - LayerIdx_L1 not found: check if there is a RefParameter without a condition.
2026-01-07 10:11:56,266 [INFO] CodeEngine:255 - oldGeneratedFile, C:\Users\kamil\STM32CubeIDE\workspace_1.17.0\STM32H743IIT6-projects\Rower elektryczny\MXTmpFiles\license.tmp_save
2026-01-07 10:11:56,816 [INFO] CodeEngine:279 - Generated code: C:\Users\kamil\STM32CubeIDE\workspace_1.17.0\STM32H743IIT6-projects\Rower elektryczny\MXTmpFiles\license.tmp
2026-01-07 10:11:57,142 [INFO] CodeEngine:255 - oldGeneratedFile, C:\Users\kamil\STM32CubeIDE\workspace_1.17.0\STM32H743IIT6-projects\Rower elektryczny\Core\Src\gpio.c_save
2026-01-07 10:11:57,350 [INFO] CodeEngine:279 - Generated code: C:\Users\kamil\STM32CubeIDE\workspace_1.17.0\STM32H743IIT6-projects\Rower elektryczny\Core\Src\gpio.c
2026-01-07 10:11:57,385 [INFO] CodeEngine:255 - oldGeneratedFile, C:\Users\kamil\STM32CubeIDE\workspace_1.17.0\STM32H743IIT6-projects\Rower elektryczny\Core\Inc\gpio.h_save
2026-01-07 10:11:57,520 [INFO] CodeEngine:279 - Generated code: C:\Users\kamil\STM32CubeIDE\workspace_1.17.0\STM32H743IIT6-projects\Rower elektryczny\Core\Inc\gpio.h
2026-01-07 10:11:57,963 [WARN] IPConfigManager:98 - WARNING: Missing Config File for DEBUG ip!!
2026-01-07 10:11:59,691 [WARN] IPConfigManager:98 - WARNING: Missing Config File for MEMORYMAP ip!!
2026-01-07 10:12:00,405 [INFO] CodeEngine:255 - oldGeneratedFile, C:\Users\kamil\STM32CubeIDE\workspace_1.17.0\STM32H743IIT6-projects\Rower elektryczny\MXTmpFiles\cortex.tmp_save
2026-01-07 10:12:00,543 [INFO] CodeEngine:279 - Generated code: C:\Users\kamil\STM32CubeIDE\workspace_1.17.0\STM32H743IIT6-projects\Rower elektryczny\MXTmpFiles\cortex.tmp
2026-01-07 10:12:00,585 [INFO] CodeEngine:255 - oldGeneratedFile, C:\Users\kamil\STM32CubeIDE\workspace_1.17.0\STM32H743IIT6-projects\Rower elektryczny\Core\Src\crc.c_save
2026-01-07 10:12:00,744 [INFO] CodeEngine:279 - Generated code: C:\Users\kamil\STM32CubeIDE\workspace_1.17.0\STM32H743IIT6-projects\Rower elektryczny\Core\Src\crc.c
2026-01-07 10:12:00,795 [INFO] CodeEngine:255 - oldGeneratedFile, C:\Users\kamil\STM32CubeIDE\workspace_1.17.0\STM32H743IIT6-projects\Rower elektryczny\Core\Inc\crc.h_save
2026-01-07 10:12:00,940 [INFO] CodeEngine:279 - Generated code: C:\Users\kamil\STM32CubeIDE\workspace_1.17.0\STM32H743IIT6-projects\Rower elektryczny\Core\Inc\crc.h
2026-01-07 10:12:00,979 [INFO] CodeEngine:255 - oldGeneratedFile, C:\Users\kamil\STM32CubeIDE\workspace_1.17.0\STM32H743IIT6-projects\Rower elektryczny\Core\Src\dma2d.c_save
2026-01-07 10:12:01,160 [INFO] CodeEngine:279 - Generated code: C:\Users\kamil\STM32CubeIDE\workspace_1.17.0\STM32H743IIT6-projects\Rower elektryczny\Core\Src\dma2d.c
2026-01-07 10:12:01,170 [INFO] CodeEngine:255 - oldGeneratedFile, C:\Users\kamil\STM32CubeIDE\workspace_1.17.0\STM32H743IIT6-projects\Rower elektryczny\Core\Inc\dma2d.h_save
2026-01-07 10:12:01,297 [INFO] CodeEngine:279 - Generated code: C:\Users\kamil\STM32CubeIDE\workspace_1.17.0\STM32H743IIT6-projects\Rower elektryczny\Core\Inc\dma2d.h
2026-01-07 10:12:01,340 [INFO] CodeEngine:255 - oldGeneratedFile, C:\Users\kamil\STM32CubeIDE\workspace_1.17.0\STM32H743IIT6-projects\Rower elektryczny\Core\Src\fdcan.c_save
2026-01-07 10:12:01,550 [INFO] CodeEngine:279 - Generated code: C:\Users\kamil\STM32CubeIDE\workspace_1.17.0\STM32H743IIT6-projects\Rower elektryczny\Core\Src\fdcan.c
2026-01-07 10:12:01,562 [INFO] CodeEngine:255 - oldGeneratedFile, C:\Users\kamil\STM32CubeIDE\workspace_1.17.0\STM32H743IIT6-projects\Rower elektryczny\Core\Inc\fdcan.h_save
2026-01-07 10:12:01,734 [INFO] CodeEngine:279 - Generated code: C:\Users\kamil\STM32CubeIDE\workspace_1.17.0\STM32H743IIT6-projects\Rower elektryczny\Core\Inc\fdcan.h
2026-01-07 10:12:01,788 [INFO] CodeEngine:255 - oldGeneratedFile, C:\Users\kamil\STM32CubeIDE\workspace_1.17.0\STM32H743IIT6-projects\Rower elektryczny\Core\Src\fmc.c_save
2026-01-07 10:12:01,942 [INFO] CodeEngine:279 - Generated code: C:\Users\kamil\STM32CubeIDE\workspace_1.17.0\STM32H743IIT6-projects\Rower elektryczny\Core\Src\fmc.c
2026-01-07 10:12:02,012 [INFO] CodeEngine:255 - oldGeneratedFile, C:\Users\kamil\STM32CubeIDE\workspace_1.17.0\STM32H743IIT6-projects\Rower elektryczny\Core\Inc\fmc.h_save
2026-01-07 10:12:02,178 [INFO] CodeEngine:279 - Generated code: C:\Users\kamil\STM32CubeIDE\workspace_1.17.0\STM32H743IIT6-projects\Rower elektryczny\Core\Inc\fmc.h
2026-01-07 10:12:02,224 [INFO] CodeEngine:255 - oldGeneratedFile, C:\Users\kamil\STM32CubeIDE\workspace_1.17.0\STM32H743IIT6-projects\Rower elektryczny\Core\Src\i2c.c_save
2026-01-07 10:12:02,392 [INFO] CodeEngine:279 - Generated code: C:\Users\kamil\STM32CubeIDE\workspace_1.17.0\STM32H743IIT6-projects\Rower elektryczny\Core\Src\i2c.c
2026-01-07 10:12:02,402 [INFO] CodeEngine:255 - oldGeneratedFile, C:\Users\kamil\STM32CubeIDE\workspace_1.17.0\STM32H743IIT6-projects\Rower elektryczny\Core\Inc\i2c.h_save
2026-01-07 10:12:02,537 [INFO] CodeEngine:279 - Generated code: C:\Users\kamil\STM32CubeIDE\workspace_1.17.0\STM32H743IIT6-projects\Rower elektryczny\Core\Inc\i2c.h
2026-01-07 10:12:02,578 [INFO] CodeEngine:255 - oldGeneratedFile, C:\Users\kamil\STM32CubeIDE\workspace_1.17.0\STM32H743IIT6-projects\Rower elektryczny\Core\Src\ltdc.c_save
2026-01-07 10:12:02,757 [INFO] CodeEngine:279 - Generated code: C:\Users\kamil\STM32CubeIDE\workspace_1.17.0\STM32H743IIT6-projects\Rower elektryczny\Core\Src\ltdc.c
2026-01-07 10:12:02,770 [INFO] CodeEngine:255 - oldGeneratedFile, C:\Users\kamil\STM32CubeIDE\workspace_1.17.0\STM32H743IIT6-projects\Rower elektryczny\Core\Inc\ltdc.h_save
2026-01-07 10:12:02,909 [INFO] CodeEngine:279 - Generated code: C:\Users\kamil\STM32CubeIDE\workspace_1.17.0\STM32H743IIT6-projects\Rower elektryczny\Core\Inc\ltdc.h
2026-01-07 10:12:02,944 [INFO] CodeEngine:255 - oldGeneratedFile, C:\Users\kamil\STM32CubeIDE\workspace_1.17.0\STM32H743IIT6-projects\Rower elektryczny\Core\Src\memorymap.c_save
2026-01-07 10:12:03,070 [INFO] CodeEngine:279 - Generated code: C:\Users\kamil\STM32CubeIDE\workspace_1.17.0\STM32H743IIT6-projects\Rower elektryczny\Core\Src\memorymap.c
2026-01-07 10:12:03,080 [INFO] CodeEngine:255 - oldGeneratedFile, C:\Users\kamil\STM32CubeIDE\workspace_1.17.0\STM32H743IIT6-projects\Rower elektryczny\Core\Inc\memorymap.h_save
2026-01-07 10:12:03,247 [INFO] CodeEngine:279 - Generated code: C:\Users\kamil\STM32CubeIDE\workspace_1.17.0\STM32H743IIT6-projects\Rower elektryczny\Core\Inc\memorymap.h
2026-01-07 10:12:03,289 [INFO] CodeEngine:255 - oldGeneratedFile, C:\Users\kamil\STM32CubeIDE\workspace_1.17.0\STM32H743IIT6-projects\Rower elektryczny\Core\Src\quadspi.c_save
2026-01-07 10:12:03,461 [INFO] CodeEngine:279 - Generated code: C:\Users\kamil\STM32CubeIDE\workspace_1.17.0\STM32H743IIT6-projects\Rower elektryczny\Core\Src\quadspi.c
2026-01-07 10:12:03,473 [INFO] CodeEngine:255 - oldGeneratedFile, C:\Users\kamil\STM32CubeIDE\workspace_1.17.0\STM32H743IIT6-projects\Rower elektryczny\Core\Inc\quadspi.h_save
2026-01-07 10:12:03,622 [INFO] CodeEngine:279 - Generated code: C:\Users\kamil\STM32CubeIDE\workspace_1.17.0\STM32H743IIT6-projects\Rower elektryczny\Core\Inc\quadspi.h
2026-01-07 10:12:03,711 [INFO] CodeEngine:255 - oldGeneratedFile, C:\Users\kamil\STM32CubeIDE\workspace_1.17.0\STM32H743IIT6-projects\Rower elektryczny\Core\Src\stm32h7xx_it.c_save
2026-01-07 10:12:03,933 [INFO] CodeEngine:279 - Generated code: C:\Users\kamil\STM32CubeIDE\workspace_1.17.0\STM32H743IIT6-projects\Rower elektryczny\Core\Src\stm32h7xx_it.c
2026-01-07 10:12:03,991 [INFO] CodeEngine:255 - oldGeneratedFile, C:\Users\kamil\STM32CubeIDE\workspace_1.17.0\STM32H743IIT6-projects\Rower elektryczny\Core\Inc\stm32h7xx_it.h_save
2026-01-07 10:12:04,137 [INFO] CodeEngine:279 - Generated code: C:\Users\kamil\STM32CubeIDE\workspace_1.17.0\STM32H743IIT6-projects\Rower elektryczny\Core\Inc\stm32h7xx_it.h
2026-01-07 10:12:04,582 [INFO] CodeEngine:255 - oldGeneratedFile, C:\Users\kamil\STM32CubeIDE\workspace_1.17.0\STM32H743IIT6-projects\Rower elektryczny\Core\Src\stm32h7xx_hal_msp.c_save
2026-01-07 10:12:04,734 [INFO] CodeEngine:279 - Generated code: C:\Users\kamil\STM32CubeIDE\workspace_1.17.0\STM32H743IIT6-projects\Rower elektryczny\Core\Src\stm32h7xx_hal_msp.c
2026-01-07 10:12:04,765 [INFO] CodeEngine:255 - oldGeneratedFile, C:\Users\kamil\STM32CubeIDE\workspace_1.17.0\STM32H743IIT6-projects\Rower elektryczny\MXTmpFiles\system.tmp_save
2026-01-07 10:12:04,848 [INFO] CodeEngine:279 - Generated code: C:\Users\kamil\STM32CubeIDE\workspace_1.17.0\STM32H743IIT6-projects\Rower elektryczny\MXTmpFiles\system.tmp
2026-01-07 10:12:04,910 [INFO] CodeEngine:311 - oldGeneratedFile, C:\Users\kamil\STM32CubeIDE\workspace_1.17.0\STM32H743IIT6-projects\Rower elektryczny\Core\Inc\stm32h7xx_hal_conf.h_save
2026-01-07 10:12:05,037 [INFO] CodeEngine:335 - Generated code: C:\Users\kamil\STM32CubeIDE\workspace_1.17.0\STM32H743IIT6-projects\Rower elektryczny\Core\Inc\stm32h7xx_hal_conf.h
2026-01-07 10:12:05,104 [INFO] ApiDbMcu:508 - Load IP Config File for CRC
2026-01-07 10:12:05,108 [INFO] ApiDbMcu:508 - Load IP Config File for DMA2D
2026-01-07 10:12:05,114 [INFO] ApiDbMcu:508 - Load IP Config File for FDCAN1
2026-01-07 10:12:05,119 [INFO] ApiDbMcu:508 - Load IP Config File for FMC
2026-01-07 10:12:05,123 [INFO] ApiDbMcu:508 - Load IP Config File for I2C2
2026-01-07 10:12:05,126 [INFO] ApiDbMcu:508 - Load IP Config File for I2C4
2026-01-07 10:12:05,128 [INFO] ApiDbMcu:508 - Load IP Config File for LTDC
2026-01-07 10:12:05,129 [ERROR] ApiDbMcu:464 - Can't load MEMORYMAP-STM32xx root dir null
2026-01-07 10:12:05,129 [ERROR] ApiDbMcu:536 - Cannot parse MEMORYMAP_Config file : file do not exist
2026-01-07 10:12:05,130 [INFO] ApiDbMcu:508 - Load IP Config File for QUADSPI
2026-01-07 10:12:05,134 [INFO] ApiDbMcu:508 - Load IP Config File for RCC
2026-01-07 10:12:05,180 [INFO] CodeEngine:255 - oldGeneratedFile, C:\Users\kamil\STM32CubeIDE\workspace_1.17.0\STM32H743IIT6-projects\Rower elektryczny\Core\Inc\main.h_save
2026-01-07 10:12:05,337 [INFO] CodeEngine:279 - Generated code: C:\Users\kamil\STM32CubeIDE\workspace_1.17.0\STM32H743IIT6-projects\Rower elektryczny\Core\Inc\main.h
2026-01-07 10:12:05,383 [INFO] CodeEngine:255 - oldGeneratedFile, C:\Users\kamil\STM32CubeIDE\workspace_1.17.0\STM32H743IIT6-projects\Rower elektryczny\Core\Src\main.c_save
2026-01-07 10:12:05,604 [INFO] CodeEngine:279 - Generated code: C:\Users\kamil\STM32CubeIDE\workspace_1.17.0\STM32H743IIT6-projects\Rower elektryczny\Core\Src\main.c
2026-01-07 10:12:06,209 [INFO] ProjectBuilder:3289 - Time for Copy HAL[1] : 404mS.
2026-01-07 10:12:06,223 [INFO] ProjectBuilder:4876 - Project Generator version: 4.5.0-RC5
2026-01-07 10:12:06,351 [INFO] ConfigFileManager:1579 - The Die is : DIE450
2026-01-07 10:12:06,382 [INFO] ApiDbMcu:508 - Load IP Config File for FATFS
2026-01-07 10:12:06,406 [INFO] ApiDbMcu:508 - Load IP Config File for FREERTOS
2026-01-07 10:12:06,427 [INFO] ApiDbMcu:508 - Load IP Config File for LIBJPEG
2026-01-07 10:12:06,452 [INFO] ApiDbMcu:508 - Load IP Config File for LWIP
2026-01-07 10:12:06,484 [INFO] ApiDbMcu:508 - Load IP Config File for MBEDTLS
2026-01-07 10:12:06,524 [INFO] ApiDbMcu:508 - Load IP Config File for USB_DEVICE
2026-01-07 10:12:06,545 [INFO] ApiDbMcu:508 - Load IP Config File for USB_HOST
2026-01-07 10:12:07,642 [INFO] LogOutputStream:77 - [STDOUT_REDIRECT] 
2026-01-07 10:12:10,290 [INFO] ProjectBuilder:5154 - Time for Generating toolchain IDE Files: 4066mS.
2026-01-07 10:12:10,292 [INFO] ProjectBuilder:3146 - Time for Copy CMSIS : 2mS.
2026-01-07 10:12:10,297 [INFO] ProjectBuilder:3146 - Time for Copy CMSIS : 0mS.
2026-01-07 10:54:11,336 [INFO] WebApp:190 - Connection lost
2026-01-07 10:54:11,550 [INFO] WebApp:187 - Connection restablished
2026-01-07 10:54:49,044 [ERROR] LogOutputStream:75 - [STDERR_REDIRECT] 
2026-01-07 10:56:24,904 [INFO] Activator:176 - 


2026-01-07 10:56:24,906 [INFO] Activator:177 - !SESSION log4j initialized
2026-01-07 10:56:34,981 [INFO] LogOutputStream:77 - [STDOUT_REDIRECT] 
2026-01-07 10:56:41,965 [INFO] ApplicationProperties:184 - Using Application install path: C:\ST\STM32CubeIDE_1.17.0\STM32CubeIDE\plugins\com.st.stm32cube.common.mx_6.13.0.202411220809
2026-01-07 10:56:41,992 [INFO] DbMcusXml:78 - Set database path to: C:\ST\STM32CubeIDE_1.17.0\STM32CubeIDE\plugins\com.st.stm32cube.common.mx_6.13.0.202411220809\\db\/mcu/
2026-01-07 10:56:41,993 [INFO] ApiDb:274 - Set plugin database path to: C:\ST\STM32CubeIDE_1.17.0\STM32CubeIDE\plugins\com.st.stm32cube.common.mx_6.13.0.202411220809\\db\/plugins/boardmanager/
2026-01-07 10:56:41,993 [WARN] ApiDb:259 - Overriding images path with different value:  => C:\ST\STM32CubeIDE_1.17.0\STM32CubeIDE\plugins\com.st.stm32cube.common.mx_6.13.0.202411220809\\db\/plugins/mcufinder/images/
2026-01-07 10:56:42,005 [INFO] ApiDb:250 - Set database path to: C:\Users\kamil\.stmcufinder\plugins\mcufinder//mcu/
2026-01-07 10:56:42,007 [INFO] DbMcusAds:125 - Set database path to: C:\Users\kamil\.stmcufinder\plugins\mcufinder//mcu/
2026-01-07 10:56:42,016 [INFO] CrossReferenceDbSqlite:203 - Set database path to: C:\Users\kamil\.stmcufinder\plugins\mcufinder//mcu/cs/
2026-01-07 10:56:42,198 [INFO] RulesReader:64 - Compatibility file has been processed (297 Rules)
2026-01-07 10:56:42,320 [INFO] DbMcusXml:78 - Set database path to: C:\ST\STM32CubeIDE_1.17.0\STM32CubeIDE\plugins\com.st.stm32cube.common.mx_6.13.0.202411220809\\db\/mcu/
2026-01-07 10:56:42,320 [INFO] ApiDb:274 - Set plugin database path to: C:\ST\STM32CubeIDE_1.17.0\STM32CubeIDE\plugins\com.st.stm32cube.common.mx_6.13.0.202411220809\\db\/plugins/boardmanager/
2026-01-07 10:56:42,321 [INFO] ApiDb:261 - Set plugin images path to: C:\ST\STM32CubeIDE_1.17.0\STM32CubeIDE\plugins\com.st.stm32cube.common.mx_6.13.0.202411220809\\db\/plugins/mcufinder/images/
2026-01-07 10:56:42,321 [WARN] DbFile:41 - Overriding database path with different value: C:\Users\kamil\.stmcufinder\plugins\mcufinder/ => C:\Users\kamil\.stmcufinder\plugins\mcufinder
2026-01-07 10:56:42,321 [INFO] ApiDb:250 - Set database path to: C:\Users\kamil\.stmcufinder\plugins\mcufinder//mcu/
2026-01-07 10:56:42,321 [WARN] DbFile:41 - Overriding database path with different value: C:\Users\kamil\.stmcufinder\plugins\mcufinder/ => C:\Users\kamil\.stmcufinder\plugins\mcufinder
2026-01-07 10:56:42,321 [INFO] DbMcusAds:125 - Set database path to: C:\Users\kamil\.stmcufinder\plugins\mcufinder//mcu/
2026-01-07 10:56:42,321 [WARN] DbFile:41 - Overriding database path with different value: C:\Users\kamil\.stmcufinder\plugins\mcufinder/ => C:\Users\kamil\.stmcufinder\plugins\mcufinder
2026-01-07 10:56:42,321 [WARN] DbFile:41 - Overriding database path with different value: C:\Users\kamil\.stmcufinder\plugins\mcufinder/ => C:\Users\kamil\.stmcufinder\plugins\mcufinder
2026-01-07 10:56:42,321 [INFO] CrossReferenceDbSqlite:203 - Set database path to: C:\Users\kamil\.stmcufinder\plugins\mcufinder//mcu/cs/
2026-01-07 10:56:42,418 [INFO] MainPanel:272 - HeapMemory: 277872640
2026-01-07 10:56:42,540 [INFO] DbMcusXml:78 - Set database path to: C:\ST\STM32CubeIDE_1.17.0\STM32CubeIDE\plugins\com.st.stm32cube.common.mx_6.13.0.202411220809\\db\/mcu/
2026-01-07 10:56:42,540 [INFO] ApiDb:274 - Set plugin database path to: C:\ST\STM32CubeIDE_1.17.0\STM32CubeIDE\plugins\com.st.stm32cube.common.mx_6.13.0.202411220809\\db\/plugins/boardmanager/
2026-01-07 10:56:42,540 [INFO] ApiDb:261 - Set plugin images path to: C:\ST\STM32CubeIDE_1.17.0\STM32CubeIDE\plugins\com.st.stm32cube.common.mx_6.13.0.202411220809\\db\/plugins/mcufinder/images/
2026-01-07 10:56:42,541 [WARN] DbFile:41 - Overriding database path with different value: C:\Users\kamil\.stmcufinder\plugins\mcufinder/ => C:\Users\kamil\.stmcufinder\plugins\mcufinder
2026-01-07 10:56:42,541 [INFO] ApiDb:250 - Set database path to: C:\Users\kamil\.stmcufinder\plugins\mcufinder//mcu/
2026-01-07 10:56:42,541 [WARN] DbFile:41 - Overriding database path with different value: C:\Users\kamil\.stmcufinder\plugins\mcufinder/ => C:\Users\kamil\.stmcufinder\plugins\mcufinder
2026-01-07 10:56:42,541 [INFO] DbMcusAds:125 - Set database path to: C:\Users\kamil\.stmcufinder\plugins\mcufinder//mcu/
2026-01-07 10:56:42,541 [WARN] DbFile:41 - Overriding database path with different value: C:\Users\kamil\.stmcufinder\plugins\mcufinder/ => C:\Users\kamil\.stmcufinder\plugins\mcufinder
2026-01-07 10:56:42,541 [WARN] DbFile:41 - Overriding database path with different value: C:\Users\kamil\.stmcufinder\plugins\mcufinder/ => C:\Users\kamil\.stmcufinder\plugins\mcufinder
2026-01-07 10:56:42,541 [INFO] CrossReferenceDbSqlite:203 - Set database path to: C:\Users\kamil\.stmcufinder\plugins\mcufinder//mcu/cs/
2026-01-07 10:56:42,561 [INFO] ApplicationProperties:184 - Using Application install path: C:\ST\STM32CubeIDE_1.17.0\STM32CubeIDE\plugins\com.st.stm32cube.common.mx_6.13.0.202411220809
2026-01-07 10:56:42,563 [INFO] PluginManage:196 - Search for loadable plugins [exclusion list=, ]
2026-01-07 10:56:42,564 [INFO] PluginManage:310 - Check plugin analytics
2026-01-07 10:56:42,852 [INFO] AnalyticsPlugin:253 - Accepted Software Licenses: 
2026-01-07 10:56:42,852 [INFO] AnalyticsPlugin:255 - Accepted CMSIS Pack Licenses: 
2026-01-07 10:56:42,853 [INFO] AnalyticsPlugin:257 - Accepted Firmware Licenses: FW.F7.1.17.0,FW.H7.1.12.0
2026-01-07 10:56:42,856 [INFO] PluginManage:359 - Loaded plugin analytics (category:tool,tabindex:-1)
2026-01-07 10:56:42,856 [INFO] PluginManage:310 - Check plugin cadmodel
2026-01-07 10:56:42,895 [INFO] CADModel:105 - Init CAD model plugin
2026-01-07 10:56:42,895 [INFO] PluginManage:359 - Loaded plugin cadmodel (category:power,tabindex:5)
2026-01-07 10:56:42,895 [INFO] PluginManage:310 - Check plugin clock
2026-01-07 10:56:42,923 [INFO] PluginManage:359 - Loaded plugin clock (category:base,tabindex:2)
2026-01-07 10:56:42,923 [INFO] PluginManage:310 - Check plugin ddr
2026-01-07 10:56:42,926 [INFO] PluginManage:359 - Loaded plugin ddr (category:tool,tabindex:6)
2026-01-07 10:56:42,926 [INFO] PluginManage:310 - Check plugin filemanager
2026-01-07 10:56:43,119 [INFO] PluginManage:359 - Loaded plugin filemanager (category:base,tabindex:10)
2026-01-07 10:56:43,120 [INFO] PluginManage:310 - Check plugin ipmanager
2026-01-07 10:56:43,129 [INFO] PluginManage:359 - Loaded plugin ipmanager (category:base,tabindex:5)
2026-01-07 10:56:43,129 [INFO] PluginManage:310 - Check plugin lpbam
2026-01-07 10:56:43,162 [INFO] PluginManage:359 - Loaded plugin lpbam (category:base,tabindex:0)
2026-01-07 10:56:43,162 [INFO] PluginManage:310 - Check plugin memorymap
2026-01-07 10:56:43,194 [INFO] PluginManage:359 - Loaded plugin memorymap (category:base,tabindex:4)
2026-01-07 10:56:43,194 [INFO] PluginManage:310 - Check plugin pinoutandconfiguration
2026-01-07 10:56:43,220 [INFO] PluginManage:359 - Loaded plugin pinoutandconfiguration (category:base,tabindex:1)
2026-01-07 10:56:43,220 [INFO] PluginManage:310 - Check plugin pinoutconfig
2026-01-07 10:56:43,375 [WARN] SupportedApi:132 - Cannot load RTOS API schema: s4s-elt-must-match.1: The content of 'definitions' must match (annotation?, (simpleType | complexType)?, (unique | key | keyref)*)). A problem was found starting at: attribute.
2026-01-07 10:56:43,546 [INFO] PluginManage:359 - Loaded plugin pinoutconfig (category:base,tabindex:0)
2026-01-07 10:56:43,547 [INFO] PluginManage:310 - Check plugin power
2026-01-07 10:56:43,588 [INFO] PluginManage:359 - Loaded plugin power (category:power,tabindex:4)
2026-01-07 10:56:43,589 [INFO] PluginManage:310 - Check plugin projectmanager
2026-01-07 10:56:43,609 [INFO] PluginManage:359 - Loaded plugin projectmanager (category:projectmanager,tabindex:4)
2026-01-07 10:56:43,610 [INFO] PluginManage:310 - Check plugin rif
2026-01-07 10:56:43,636 [INFO] PluginManage:359 - Loaded plugin rif (category:base,tabindex:3)
2026-01-07 10:56:43,637 [INFO] PluginManage:310 - Check plugin thirdparty
2026-01-07 10:56:44,121 [INFO] PluginManage:359 - Loaded plugin thirdparty (category:base,tabindex:-1)
2026-01-07 10:56:44,121 [WARN] IntegrityCheckThread:84 - waiting for thirdparty lock release [integrity check]
2026-01-07 10:56:44,121 [INFO] PluginManage:310 - Check plugin tools
2026-01-07 10:56:44,122 [INFO] IntegrityCheckThread:86 - entering critical section [integrity check]
2026-01-07 10:56:44,122 [INFO] ThirdPartyUpdaterWithRetryManager:70 - Updater plugin not ready yet. [1/15]
2026-01-07 10:56:44,214 [INFO] PluginManage:359 - Loaded plugin tools (category:base,tabindex:7)
2026-01-07 10:56:44,214 [INFO] PluginManage:310 - Check plugin tutovideos
2026-01-07 10:56:44,549 [INFO] PluginManage:359 - Loaded plugin tutovideos (category:base,tabindex:-1)
2026-01-07 10:56:44,550 [INFO] PluginManage:310 - Check plugin updater
2026-01-07 10:56:44,579 [INFO] PluginManage:359 - Loaded plugin updater (category:base,tabindex:12)
2026-01-07 10:56:44,579 [INFO] PluginManage:310 - Check plugin userauth
2026-01-07 10:56:44,587 [INFO] UserAuth:118 - Init User Auth plugin
2026-01-07 10:56:44,590 [INFO] PluginManage:359 - Loaded plugin userauth (category:base,tabindex:14)
2026-01-07 10:56:44,592 [INFO] PluginManage:283 - PluginManage : Loaded plugins [18]
2026-01-07 10:56:44,907 [INFO] PinOutPanel:1589 - setPackage(No Configuration,No Configuration)
2026-01-07 10:56:45,026 [INFO] CADModel:165 - CPN selected for project level
2026-01-07 10:56:45,026 [INFO] CADModel:114 - Register for checkConnection events
2026-01-07 10:56:45,064 [INFO] IPUIPlugin:80 - create IPUIPlugin
2026-01-07 10:56:45,064 [INFO] PluginManager:220 - loadIPPluginJar : add adc
2026-01-07 10:56:45,127 [INFO] IPUIPlugin:80 - create IPUIPlugin
2026-01-07 10:56:45,127 [INFO] PluginManager:220 - loadIPPluginJar : add aes
2026-01-07 10:56:45,203 [INFO] IPUIPlugin:80 - create IPUIPlugin
2026-01-07 10:56:45,203 [INFO] PluginManager:220 - loadIPPluginJar : add can
2026-01-07 10:56:45,260 [INFO] IPUIPlugin:80 - create IPUIPlugin
2026-01-07 10:56:45,260 [INFO] PluginManager:220 - loadIPPluginJar : add comp
2026-01-07 10:56:45,319 [INFO] IPUIPlugin:80 - create IPUIPlugin
2026-01-07 10:56:45,320 [INFO] PluginManager:220 - loadIPPluginJar : add cryp
2026-01-07 10:56:45,360 [INFO] IPUIPlugin:80 - create IPUIPlugin
2026-01-07 10:56:45,360 [INFO] PluginManager:220 - loadIPPluginJar : add ddr_ctrl_phy
2026-01-07 10:56:45,437 [INFO] IPUIPlugin:80 - create IPUIPlugin
2026-01-07 10:56:45,437 [INFO] PluginManager:220 - loadIPPluginJar : add dfsdm
2026-01-07 10:56:45,475 [INFO] IPUIPlugin:80 - create IPUIPlugin
2026-01-07 10:56:45,476 [INFO] PluginManager:220 - loadIPPluginJar : add dma
2026-01-07 10:56:45,559 [INFO] IPUIPlugin:80 - create IPUIPlugin
2026-01-07 10:56:45,559 [INFO] PluginManager:220 - loadIPPluginJar : add dma3
2026-01-07 10:56:45,636 [INFO] IPUIPlugin:80 - create IPUIPlugin
2026-01-07 10:56:45,636 [INFO] PluginManager:220 - loadIPPluginJar : add extmemmanager
2026-01-07 10:56:45,676 [INFO] IPUIPlugin:80 - create IPUIPlugin
2026-01-07 10:56:45,676 [INFO] PluginManager:220 - loadIPPluginJar : add fatfs
2026-01-07 10:56:45,777 [INFO] IPUIPlugin:80 - create IPUIPlugin
2026-01-07 10:56:45,778 [INFO] PluginManager:220 - loadIPPluginJar : add fmc
2026-01-07 10:56:45,823 [INFO] IPUIPlugin:80 - create IPUIPlugin
2026-01-07 10:56:45,823 [INFO] PluginManager:220 - loadIPPluginJar : add freertos
2026-01-07 10:56:45,881 [INFO] IPUIPlugin:80 - create IPUIPlugin
2026-01-07 10:56:45,881 [INFO] PluginManager:220 - loadIPPluginJar : add genericplugin
2026-01-07 10:56:46,138 [INFO] IPUIPlugin:80 - create IPUIPlugin
2026-01-07 10:56:46,138 [INFO] PluginManager:220 - loadIPPluginJar : add gfxmmu
2026-01-07 10:56:46,398 [INFO] IPUIPlugin:80 - create IPUIPlugin
2026-01-07 10:56:46,399 [INFO] PluginManager:220 - loadIPPluginJar : add gic
2026-01-07 10:56:46,419 [INFO] IPUIPlugin:80 - create IPUIPlugin
2026-01-07 10:56:46,419 [INFO] PluginManager:220 - loadIPPluginJar : add gpio
2026-01-07 10:56:46,582 [INFO] IPUIPlugin:80 - create IPUIPlugin
2026-01-07 10:56:46,582 [INFO] PluginManager:220 - loadIPPluginJar : add gtzc
2026-01-07 10:56:46,660 [INFO] IPUIPlugin:80 - create IPUIPlugin
2026-01-07 10:56:46,660 [INFO] PluginManager:220 - loadIPPluginJar : add hash
2026-01-07 10:56:46,748 [INFO] IPUIPlugin:80 - create IPUIPlugin
2026-01-07 10:56:46,748 [INFO] PluginManager:220 - loadIPPluginJar : add i2c
2026-01-07 10:56:46,813 [INFO] IPUIPlugin:80 - create IPUIPlugin
2026-01-07 10:56:46,814 [INFO] PluginManager:220 - loadIPPluginJar : add i2s
2026-01-07 10:56:46,901 [INFO] IPUIPlugin:80 - create IPUIPlugin
2026-01-07 10:56:46,901 [INFO] PluginManager:220 - loadIPPluginJar : add i3c
2026-01-07 10:56:47,065 [INFO] IPUIPlugin:80 - create IPUIPlugin
2026-01-07 10:56:47,065 [INFO] PluginManager:220 - loadIPPluginJar : add ipddr
2026-01-07 10:56:47,125 [INFO] ThirdPartyUpdaterWithRetryManager:70 - Updater plugin not ready yet. [2/15]
2026-01-07 10:56:47,240 [INFO] IPUIPlugin:80 - create IPUIPlugin
2026-01-07 10:56:47,240 [INFO] PluginManager:220 - loadIPPluginJar : add linkedlist
2026-01-07 10:56:47,320 [INFO] IPUIPlugin:80 - create IPUIPlugin
2026-01-07 10:56:47,320 [INFO] PluginManager:220 - loadIPPluginJar : add lorawan
2026-01-07 10:56:47,387 [INFO] IPUIPlugin:80 - create IPUIPlugin
2026-01-07 10:56:47,387 [INFO] PluginManager:220 - loadIPPluginJar : add ltdc
2026-01-07 10:56:47,414 [INFO] IPUIPlugin:80 - create IPUIPlugin
2026-01-07 10:56:47,415 [INFO] PluginManager:220 - loadIPPluginJar : add mdma
2026-01-07 10:56:47,444 [INFO] IPUIPlugin:80 - create IPUIPlugin
2026-01-07 10:56:47,444 [INFO] PluginManager:220 - loadIPPluginJar : add nvic
2026-01-07 10:56:47,525 [INFO] IPUIPlugin:80 - create IPUIPlugin
2026-01-07 10:56:47,526 [INFO] PluginManager:220 - loadIPPluginJar : add opamp
2026-01-07 10:56:47,686 [INFO] IPUIPlugin:80 - create IPUIPlugin
2026-01-07 10:56:47,686 [INFO] PluginManager:220 - loadIPPluginJar : add openamp
2026-01-07 10:56:47,792 [INFO] IPUIPlugin:80 - create IPUIPlugin
2026-01-07 10:56:47,792 [INFO] PluginManager:220 - loadIPPluginJar : add pdm2pcm
2026-01-07 10:56:47,815 [INFO] IPUIPlugin:80 - create IPUIPlugin
2026-01-07 10:56:47,817 [INFO] PluginManager:220 - loadIPPluginJar : add plateformsettings
2026-01-07 10:56:47,862 [INFO] IPUIPlugin:80 - create IPUIPlugin
2026-01-07 10:56:47,862 [INFO] PluginManager:220 - loadIPPluginJar : add quadspi
2026-01-07 10:56:47,930 [INFO] IPUIPlugin:80 - create IPUIPlugin
2026-01-07 10:56:47,931 [INFO] PluginManager:220 - loadIPPluginJar : add radio
2026-01-07 10:56:47,966 [INFO] IPUIPlugin:80 - create IPUIPlugin
2026-01-07 10:56:47,966 [INFO] PluginManager:220 - loadIPPluginJar : add resmgrutility
2026-01-07 10:56:48,068 [INFO] IPUIPlugin:80 - create IPUIPlugin
2026-01-07 10:56:48,069 [INFO] PluginManager:220 - loadIPPluginJar : add sai
2026-01-07 10:56:48,157 [INFO] IPUIPlugin:80 - create IPUIPlugin
2026-01-07 10:56:48,157 [INFO] PluginManager:220 - loadIPPluginJar : add spi
2026-01-07 10:56:48,288 [INFO] IPUIPlugin:80 - create IPUIPlugin
2026-01-07 10:56:48,289 [INFO] PluginManager:220 - loadIPPluginJar : add stm32_wpan
2026-01-07 10:56:48,340 [INFO] IPUIPlugin:80 - create IPUIPlugin
2026-01-07 10:56:48,341 [INFO] PluginManager:220 - loadIPPluginJar : add tim
2026-01-07 10:56:48,489 [INFO] IPUIPlugin:80 - create IPUIPlugin
2026-01-07 10:56:48,490 [INFO] PluginManager:220 - loadIPPluginJar : add touchsensing
2026-01-07 10:56:48,546 [INFO] IPUIPlugin:80 - create IPUIPlugin
2026-01-07 10:56:48,546 [INFO] PluginManager:220 - loadIPPluginJar : add tracer_emb
2026-01-07 10:56:48,592 [INFO] IPUIPlugin:80 - create IPUIPlugin
2026-01-07 10:56:48,592 [INFO] PluginManager:220 - loadIPPluginJar : add ts
2026-01-07 10:56:48,635 [INFO] IPUIPlugin:80 - create IPUIPlugin
2026-01-07 10:56:48,635 [INFO] PluginManager:220 - loadIPPluginJar : add tsc
2026-01-07 10:56:48,676 [INFO] IPUIPlugin:80 - create IPUIPlugin
2026-01-07 10:56:48,676 [INFO] PluginManager:220 - loadIPPluginJar : add ucpd
2026-01-07 10:56:48,766 [INFO] IPUIPlugin:80 - create IPUIPlugin
2026-01-07 10:56:48,766 [INFO] PluginManager:220 - loadIPPluginJar : add usart
2026-01-07 10:56:48,843 [INFO] IPUIPlugin:80 - create IPUIPlugin
2026-01-07 10:56:48,843 [INFO] PluginManager:220 - loadIPPluginJar : add usbx
2026-01-07 10:56:48,975 [FATAL] Updater:351 - Updater called before beeing initialized
2026-01-07 10:56:49,019 [INFO] RulesReader:64 - Compatibility file has been processed (297 Rules)
2026-01-07 10:56:49,031 [INFO] RulesReader:64 - Compatibility file has been processed (297 Rules)
2026-01-07 10:56:49,044 [INFO] CADModel:165 - CPN selected for project level
2026-01-07 10:56:49,044 [INFO] CADModel:114 - Register for checkConnection events
2026-01-07 10:56:49,044 [FATAL] Updater:351 - Updater called before beeing initialized
2026-01-07 10:56:49,044 [ERROR] CADModel:125 - Updater not yet initialized, retry later 
2026-01-07 10:56:49,257 [FATAL] Updater:351 - Updater called before beeing initialized
2026-01-07 10:56:49,261 [INFO] CADModel:165 - CPN selected for project level
2026-01-07 10:56:49,261 [INFO] CADModel:114 - Register for checkConnection events
2026-01-07 10:56:49,261 [FATAL] Updater:351 - Updater called before beeing initialized
2026-01-07 10:56:49,261 [ERROR] CADModel:125 - Updater not yet initialized, retry later 
2026-01-07 10:56:49,267 [FATAL] Updater:351 - Updater called before beeing initialized
2026-01-07 10:56:49,417 [FATAL] Updater:351 - Updater called before beeing initialized
2026-01-07 10:56:49,432 [INFO] DbMcusAds:53 - JSON generation date=Tue Dec 16 00:11:46 CET 2025 (1765840306612)
2026-01-07 10:56:49,432 [FATAL] Updater:351 - Updater called before beeing initialized
2026-01-07 10:56:49,477 [WARN] DetailPanel:346 - Failed to get advertising image, set to default
2026-01-07 10:56:49,793 [FATAL] Updater:351 - Updater called before beeing initialized
2026-01-07 10:56:49,797 [FATAL] Updater:351 - Updater called before beeing initialized
2026-01-07 10:56:49,797 [FATAL] Updater:351 - Updater called before beeing initialized
2026-01-07 10:56:49,797 [WARN] DetailPanel:346 - Failed to get advertising image, set to default
2026-01-07 10:56:49,798 [FATAL] Updater:351 - Updater called before beeing initialized
2026-01-07 10:56:49,927 [ERROR] Updater:1198 - MainUpdater not yet initialized. External WinMGr cannot be set.
2026-01-07 10:56:49,949 [INFO] Updater:1134 - Updater Version found : 6.13.0
2026-01-07 10:56:49,974 [INFO] ApplicationProperties:184 - Using Application install path: C:\ST\STM32CubeIDE_1.17.0\STM32CubeIDE\plugins\com.st.stm32cube.common.mx_6.13.0.202411220809
2026-01-07 10:56:50,126 [INFO] ThirdPartyUpdaterWithRetryManager:70 - Updater plugin not ready yet. [3/15]
2026-01-07 10:56:50,595 [INFO] MainUpdater:2872 - connection check result : 10
2026-01-07 10:56:50,597 [INFO] MainUpdater:289 - Updater Check For Update Now.
2026-01-07 10:56:50,597 [INFO] MicroXplorer:498 - Change Database Version : DB.6.0.130
2026-01-07 10:56:50,642 [INFO] McuFinderGlobals:63 - Set McuFinder mode to 2 (CubeIDE integrated)
2026-01-07 10:56:50,643 [INFO] UserAuth:171 - activating auth plugin
2026-01-07 10:56:50,649 [INFO] UserAuth:486 - Internet connection configuration mode: 1
2026-01-07 10:56:50,722 [INFO] JxBrowserEngine:152 - Initiate JxBrowser Engine with user profile folder
2026-01-07 10:56:50,886 [INFO] CheckServerUpdateThread:120 - End of CheckServer Thread
2026-01-07 10:56:51,981 [INFO] WebApp:168 - Instantiating new browser for Auth
2026-01-07 10:56:53,226 [INFO] WebApp:449 - Apply proxy settings
2026-01-07 10:56:53,226 [INFO] WebApp:534 - Chromium requires no authentication
2026-01-07 10:56:53,263 [INFO] WebApp:477 - Direct internet connection detected
2026-01-07 10:56:53,328 [INFO] WebApp:880 - Register for checkConnection events
2026-01-07 10:56:53,329 [INFO] WebApp:449 - Apply proxy settings
2026-01-07 10:56:53,329 [INFO] WebApp:534 - Chromium requires no authentication
2026-01-07 10:56:53,330 [INFO] WebApp:477 - Direct internet connection detected
2026-01-07 10:56:53,651 [WARN] PackLoader:240 - Cannot read IP mode file for STMicroelectronics.FP-SNS-MOTENVWB1.1.4.0
2026-01-07 10:56:53,681 [WARN] PackLoader:240 - Cannot read IP mode file for STMicroelectronics.FP-ATR-ASTRA1.2.0.2
2026-01-07 10:56:53,705 [WARN] PackLoader:240 - Cannot read IP mode file for STMicroelectronics.FP-ATR-ASTRA1.2.0.1
2026-01-07 10:56:53,717 [INFO] WebApp:187 - Connection restablished
2026-01-07 10:56:53,733 [WARN] PackLoader:240 - Cannot read IP mode file for STMicroelectronics.X-CUBE-SMBUS.2.1.0
2026-01-07 10:56:53,753 [INFO] WebApp:221 - Starting web application
2026-01-07 10:56:53,753 [INFO] WebApp:579 - Web application path used C:\ST\STM32CubeIDE_1.17.0\STM32CubeIDE\plugins\com.st.stm32cube.common.mx_6.13.0.202411220809\db\plugins\mcufinder\reactClient1\index.html
2026-01-07 10:56:53,761 [WARN] PackLoader:240 - Cannot read IP mode file for STMicroelectronics.X-CUBE-WB05N.1.1.0
2026-01-07 10:56:53,788 [WARN] PackLoader:240 - Cannot read IP mode file for STMicroelectronics.X-CUBE-ST60.1.0.0
2026-01-07 10:56:53,854 [WARN] PackLoader:240 - Cannot read IP mode file for STMicroelectronics.X-CUBE-AZRTOS-F7.1.1.0
2026-01-07 10:56:54,137 [WARN] PackLoader:240 - Cannot read IP mode file for STMicroelectronics.X-CUBE-MEMS1.11.0.0
2026-01-07 10:56:54,337 [ERROR] Engine:466 - C:\Users\kamil\.stm32cubemx\thirdparties\pdsc\STMicroelectronics.FP-SNS-MOTENV1.5.1.0.pdsc: PDSC version is not supported
2026-01-07 10:56:54,362 [WARN] PackLoader:240 - Cannot read IP mode file for STMicroelectronics.FP-SNS-FLIGHT1.5.0.2
2026-01-07 10:56:54,440 [WARN] PackLoader:240 - Cannot read IP mode file for STMicroelectronics.X-CUBE-AZRTOS-H7.3.4.0
2026-01-07 10:56:54,475 [WARN] PackLoader:240 - Cannot read IP mode file for STMicroelectronics.X-CUBE-DISPLAY.3.0.0
2026-01-07 10:56:54,506 [WARN] PackLoader:240 - Cannot read IP mode file for STMicroelectronics.X-CUBE-BLE1.7.0.0
2026-01-07 10:56:54,533 [WARN] PackLoader:240 - Cannot read IP mode file for STMicroelectronics.X-CUBE-NFC10.1.0.0
2026-01-07 10:56:54,566 [WARN] PackLoader:240 - Cannot read IP mode file for STMicroelectronics.X-CUBE-BLEMGR.4.0.0
2026-01-07 10:56:54,591 [WARN] PackLoader:240 - Cannot read IP mode file for STMicroelectronics.X-CUBE-ST60.1.1.0
2026-01-07 10:56:54,621 [WARN] PackLoader:240 - Cannot read IP mode file for emotas.I-CUBE-CANOPEN.1.3.0
2026-01-07 10:56:54,647 [WARN] PackLoader:240 - Cannot read IP mode file for STMicroelectronics.X-CUBE-GNSS1.7.1.0
2026-01-07 10:56:54,678 [WARN] PackLoader:240 - Cannot read IP mode file for STMicroelectronics.X-CUBE-BLEMGR.3.1.0
2026-01-07 10:56:54,700 [WARN] PackLoader:240 - Cannot read IP mode file for STMicroelectronics.X-CUBE-AI.10.0.0
2026-01-07 10:56:54,721 [ERROR] Engine:466 - C:\Users\kamil\.stm32cubemx\thirdparties\pdsc\STMicroelectronics.FP-SNS-STBOX1.2.1.0.pdsc: PDSC version is not supported
2026-01-07 10:56:54,742 [WARN] PackLoader:240 - Cannot read IP mode file for STMicroelectronics.FP-SNS-SMARTAG2.1.2.0
2026-01-07 10:56:54,761 [WARN] PackLoader:240 - Cannot read IP mode file for STMicroelectronics.FP-SNS-FLIGHT1.5.1.0
2026-01-07 10:56:54,823 [WARN] PackLoader:240 - Cannot read IP mode file for STMicroelectronics.X-CUBE-MEMS1.11.1.0
2026-01-07 10:56:54,946 [INFO] LogOutputStream:77 - [STDOUT_REDIRECT] 1 : Invalid condition id : UX_CORESTACK_Condition cause : null
2026-01-07 10:56:54,947 [INFO] LogOutputStream:77 - [STDOUT_REDIRECT] 1 : Invalid condition id : UX_CORESTACK_Condition cause : null
2026-01-07 10:56:54,949 [INFO] LogOutputStream:77 - [STDOUT_REDIRECT] 1 : Invalid condition id : UX_CORESTACK_Condition cause : null
2026-01-07 10:56:54,950 [INFO] LogOutputStream:77 - [STDOUT_REDIRECT] 1 : Invalid condition id : UX_CORESTACK_Condition cause : null
2026-01-07 10:56:54,951 [INFO] LogOutputStream:77 - [STDOUT_REDIRECT] 1 : Invalid condition id : UX_CORESTACK_Condition cause : null
2026-01-07 10:56:54,955 [WARN] PackLoader:240 - Cannot read IP mode file for STMicroelectronics.X-CUBE-AZRTOS-WL.2.0.0
2026-01-07 10:56:54,978 [WARN] PackLoader:240 - Cannot read IP mode file for STMicroelectronics.FP-SNS-MOTENV1.5.0.0
2026-01-07 10:56:55,023 [WARN] PackLoader:240 - Cannot read IP mode file for STMicroelectronics.X-CUBE-AZRTOS-H7RS.1.2.0
2026-01-07 10:56:55,047 [WARN] PackLoader:240 - Cannot read IP mode file for wolfSSL.I-CUBE-wolfMQTT.1.19.0
2026-01-07 10:56:55,073 [WARN] PackLoader:240 - Cannot read IP mode file for WES.I-CUBE-Cesium.1.3.0
2026-01-07 10:56:55,095 [WARN] PackLoader:240 - Cannot read IP mode file for STMicroelectronics.X-CUBE-BLE2.3.3.0
2026-01-07 10:56:55,163 [WARN] PackLoader:240 - Cannot read IP mode file for STMicroelectronics.X-CUBE-NFC9.1.0.0
2026-01-07 10:56:55,183 [WARN] PackLoader:240 - Cannot read IP mode file for STMicroelectronics.X-CUBE-BLE1.7.1.0
2026-01-07 10:56:55,205 [WARN] PackLoader:240 - Cannot read IP mode file for STMicroelectronics.X-CUBE-TCPP.4.1.0
2026-01-07 10:56:55,224 [ERROR] Engine:466 - C:\Users\kamil\.stm32cubemx\thirdparties\pdsc\STMicroelectronics.X-CUBE-FREERTOS.1.4.0.pdsc: PDSC version is not supported
2026-01-07 10:56:55,244 [WARN] PackLoader:240 - Cannot read IP mode file for STMicroelectronics.X-CUBE-EEPRMA1.5.2.0
2026-01-07 10:56:55,274 [ERROR] Engine:466 - C:\Users\kamil\.stm32cubemx\thirdparties\pdsc\STMicroelectronics.X-CUBE-ST67W61.1.1.0.pdsc: PDSC version is not supported
2026-01-07 10:56:55,332 [WARN] PackLoader:240 - Cannot read IP mode file for STMicroelectronics.X-CUBE-MEMS1.12.0.0
2026-01-07 10:56:55,424 [WARN] PackLoader:240 - Cannot read IP mode file for STMicroelectronics.X-CUBE-AZRTOS-G0.1.1.0
2026-01-07 10:56:55,448 [WARN] PackLoader:240 - Cannot read IP mode file for STMicroelectronics.X-CUBE-SAFEA1.1.2.2
2026-01-07 10:56:55,471 [WARN] PackLoader:240 - Cannot read IP mode file for STMicroelectronics.X-CUBE-NFC4.3.0.0
2026-01-07 10:56:55,496 [WARN] PackLoader:240 - Cannot read IP mode file for EmbeddedOffice.I-CUBE-FS-RTOS.1.0.1
2026-01-07 10:56:55,518 [WARN] PackLoader:240 - Cannot read IP mode file for STMicroelectronics.X-CUBE-WB05N.2.0.0
2026-01-07 10:56:55,538 [WARN] PackLoader:240 - Cannot read IP mode file for STMicroelectronics.X-CUBE-TCPP.4.2.0
2026-01-07 10:56:55,559 [WARN] PackLoader:240 - Cannot read IP mode file for RealThread.X-CUBE-RT-Thread_Nano.4.1.1
2026-01-07 10:56:55,580 [WARN] PackLoader:240 - Cannot read IP mode file for STMicroelectronics.FP-ATR-SIGFOX1.3.2.0
2026-01-07 10:56:55,600 [WARN] PackLoader:240 - Cannot read IP mode file for wolfSSL.I-CUBE-wolfSSL.5.7.2
2026-01-07 10:56:55,622 [WARN] ConditionMgr:438 - getConditionDescription Invalid condition id : Cortex-A Device cause : null
2026-01-07 10:56:55,646 [WARN] ConditionMgr:1044 - genDependencies : Invalid condition id : Cortex-A Device cause : null
2026-01-07 10:56:55,646 [WARN] ConditionMgr:1044 - genDependencies : Invalid condition id : Cortex-A Device cause : null
2026-01-07 10:56:55,646 [WARN] ConditionMgr:1044 - genDependencies : Invalid condition id : Cortex-A Device cause : null
2026-01-07 10:56:55,664 [WARN] PackLoader:240 - Cannot read IP mode file for STMicroelectronics.X-CUBE-EEPRMA1.5.1.0
2026-01-07 10:56:55,687 [WARN] PackLoader:240 - Cannot read IP mode file for ITTIA_DB.I-CUBE-ITTIADB.8.9.0
2026-01-07 10:56:55,711 [WARN] PackLoader:240 - Cannot read IP mode file for STMicroelectronics.X-CUBE-ST67W61.1.0.0
2026-01-07 10:56:55,731 [WARN] PackLoader:240 - Cannot read IP mode file for STMicroelectronics.X-CUBE-AI.10.2.0
2026-01-07 10:56:55,781 [WARN] PackLoader:240 - Cannot read IP mode file for SEGGER.I-CUBE-embOS.1.3.1
2026-01-07 10:56:55,850 [WARN] PackLoader:240 - Cannot read IP mode file for STMicroelectronics.X-CUBE-ALGOBUILD.1.4.0
2026-01-07 10:56:55,911 [WARN] PackLoader:240 - Cannot read IP mode file for STMicroelectronics.X-CUBE-MEMS1.11.3.0
2026-01-07 10:56:55,999 [WARN] PackLoader:240 - Cannot read IP mode file for STMicroelectronics.X-CUBE-AI.9.1.0
2026-01-07 10:56:56,018 [WARN] PackLoader:240 - Cannot read IP mode file for STMicroelectronics.X-CUBE-PM33A1.1.0.0
2026-01-07 10:56:56,046 [WARN] PackLoader:240 - Cannot read IP mode file for STMicroelectronics.X-CUBE-AZRTOS-F4.1.1.0
2026-01-07 10:56:56,066 [WARN] PackLoader:240 - Cannot read IP mode file for STMicroelectronics.X-CUBE-ISPU.2.1.0
2026-01-07 10:56:56,086 [ERROR] Engine:466 - C:\Users\kamil\.stm32cubemx\thirdparties\pdsc\STMicroelectronics.X-CUBE-IPS.3.2.0.pdsc: PDSC version is not supported
2026-01-07 10:56:56,104 [WARN] PackLoader:240 - Cannot read IP mode file for STMicroelectronics.X-CUBE-FREERTOS.1.2.0
2026-01-07 10:56:56,125 [WARN] PackLoader:240 - Cannot read IP mode file for STMicroelectronics.X-CUBE-NFC12.1.0.0
2026-01-07 10:56:56,158 [WARN] PackLoader:240 - Cannot read IP mode file for STMicroelectronics.X-CUBE-AZRTOS-L5.2.0.0
2026-01-07 10:56:56,180 [WARN] PackLoader:240 - Cannot read IP mode file for STMicroelectronics.X-CUBE-NFC6.3.1.0
2026-01-07 10:56:56,200 [WARN] PackLoader:240 - Cannot read IP mode file for STMicroelectronics.X-CUBE-DPower.1.2.0
2026-01-07 10:56:56,217 [WARN] PackLoader:240 - Cannot read IP mode file for STMicroelectronics.X-CUBE-FREERTOS.1.3.1
2026-01-07 10:56:56,235 [WARN] PackLoader:240 - Cannot read IP mode file for STMicroelectronics.X-CUBE-FREERTOS.1.3.0
2026-01-07 10:56:56,254 [WARN] PackLoader:240 - Cannot read IP mode file for STMicroelectronics.X-CUBE-NFC7.1.0.1
2026-01-07 10:56:56,276 [WARN] PackLoader:240 - Cannot read IP mode file for STMicroelectronics.X-CUBE-TOUCHGFX.4.26.0
2026-01-07 10:56:56,296 [WARN] PackLoader:240 - Cannot read IP mode file for STMicroelectronics.FP-SNS-STAIOTCFT.1.0.0
2026-01-07 10:56:56,314 [WARN] PackLoader:240 - Cannot read IP mode file for STMicroelectronics.X-CUBE-DPower.1.3.0
2026-01-07 10:56:56,345 [WARN] ConditionMgr:438 - getConditionDescription Invalid condition id : LAN8742 Phy interface Condition cause : null
2026-01-07 10:56:56,346 [WARN] PackLoader:240 - Cannot read IP mode file for STMicroelectronics.X-CUBE-AZRTOS-L4.2.0.0
2026-01-07 10:56:56,347 [WARN] ConditionMgr:1044 - genDependencies : Invalid condition id : LAN8742 Phy interface Condition cause : null
2026-01-07 10:56:56,347 [WARN] ConditionMgr:1044 - genDependencies : Invalid condition id : LAN8742 Phy interface Condition cause : null
2026-01-07 10:56:56,347 [WARN] ConditionMgr:1044 - genDependencies : Invalid condition id : LAN8742 Phy interface Condition cause : null
2026-01-07 10:56:56,369 [WARN] PackLoader:240 - Cannot read IP mode file for STMicroelectronics.X-CUBE-SFXS2LP1.4.0.0
2026-01-07 10:56:56,415 [WARN] PackLoader:240 - Cannot read IP mode file for STMicroelectronics.X-CUBE-AZRTOS-H7.3.3.0
2026-01-07 10:56:56,447 [WARN] PackLoader:240 - Cannot read IP mode file for STMicroelectronics.X-CUBE-BLEMGR.4.1.0
2026-01-07 10:56:56,481 [WARN] PackLoader:240 - Cannot read IP mode file for STMicroelectronics.X-CUBE-IPS.3.0.0
2026-01-07 10:56:56,521 [WARN] ConditionMgr:438 - getConditionDescription Invalid condition id : UX DEVICE CLASS RTOS Condition cause : null
2026-01-07 10:56:56,522 [WARN] ConditionMgr:438 - getConditionDescription Invalid condition id : UX DEVICE CLASS RTOS Condition cause : null
2026-01-07 10:56:56,524 [WARN] PackLoader:240 - Cannot read IP mode file for STMicroelectronics.X-CUBE-AZRTOS-WB.2.0.0
2026-01-07 10:56:56,524 [WARN] ConditionMgr:1044 - genDependencies : Invalid condition id : UX DEVICE CLASS RTOS Condition cause : null
2026-01-07 10:56:56,525 [WARN] ConditionMgr:1044 - genDependencies : Invalid condition id : UX DEVICE CLASS RTOS Condition cause : null
2026-01-07 10:56:56,525 [WARN] ConditionMgr:1044 - genDependencies : Invalid condition id : UX DEVICE CLASS RTOS Condition cause : null
2026-01-07 10:56:56,525 [WARN] ConditionMgr:1044 - genDependencies : Invalid condition id : UX DEVICE CLASS RTOS Condition cause : null
2026-01-07 10:56:56,525 [WARN] ConditionMgr:1044 - genDependencies : Invalid condition id : UX DEVICE CLASS RTOS Condition cause : null
2026-01-07 10:56:56,545 [WARN] PackLoader:240 - Cannot read IP mode file for STMicroelectronics.X-CUBE-GNSS1.7.0.0
2026-01-07 10:56:56,567 [WARN] PackLoader:240 - Cannot read IP mode file for STMicroelectronics.X-CUBE-GNSS1.7.0.1
2026-01-07 10:56:56,586 [WARN] PackLoader:240 - Cannot read IP mode file for STMicroelectronics.X-CUBE-TOUCHGFX.4.25.0
2026-01-07 10:56:56,613 [WARN] PackLoader:240 - Cannot read IP mode file for STMicroelectronics.FP-SNS-STBOX1.2.0.0
2026-01-07 10:56:56,646 [WARN] PackLoader:240 - Cannot read IP mode file for STMicroelectronics.X-CUBE-SUBG2.5.0.0
2026-01-07 10:56:56,693 [WARN] PackLoader:240 - Cannot read IP mode file for STMicroelectronics.X-CUBE-AZRTOS-H7RS.1.1.0
2026-01-07 10:56:56,718 [WARN] PackLoader:240 - Cannot read IP mode file for Cesanta.I-CUBE-Mongoose.7.13.0
2026-01-07 10:56:56,745 [WARN] PackLoader:240 - Cannot read IP mode file for STMicroelectronics.X-CUBE-AZRTOS-G4.2.0.0
2026-01-07 10:56:56,764 [WARN] PackLoader:240 - Cannot read IP mode file for STMicroelectronics.X-CUBE-NFC7.2.0.0
2026-01-07 10:56:56,789 [WARN] PackLoader:240 - Cannot read IP mode file for STMicroelectronics.X-CUBE-IPS.3.1.0
2026-01-07 10:56:56,811 [WARN] PackLoader:240 - Cannot read IP mode file for STMicroelectronics.X-CUBE-ALS.1.0.2
2026-01-07 10:56:56,832 [WARN] PackLoader:240 - Cannot read IP mode file for STMicroelectronics.X-CUBE-TOUCHGFX.4.24.1
2026-01-07 10:56:56,855 [WARN] PackLoader:240 - Cannot read IP mode file for STMicroelectronics.X-CUBE-STSE01.1.0.0
2026-01-07 10:56:56,878 [WARN] PackLoader:240 - Cannot read IP mode file for wolfSSL.I-CUBE-wolfTPM.3.4.0
2026-01-07 10:56:56,906 [WARN] PackLoader:240 - Cannot read IP mode file for portGmbH.I-Cube-SoM-uGOAL.1.1.0
2026-01-07 10:56:56,940 [WARN] PackLoader:240 - Cannot read IP mode file for STMicroelectronics.X-CUBE-AZRTOS-H7RS.1.0.0
2026-01-07 10:56:56,967 [WARN] PackLoader:240 - Cannot read IP mode file for STMicroelectronics.FP-ATR-ASTRA1.2.0.0
2026-01-07 10:56:57,007 [WARN] PackLoader:240 - Cannot read IP mode file for STMicroelectronics.X-CUBE-TOF1.3.4.2
2026-01-07 10:56:57,048 [WARN] PackLoader:240 - Cannot read IP mode file for STMicroelectronics.X-CUBE-TOF1.3.4.3
2026-01-07 10:56:57,087 [WARN] PackLoader:240 - Cannot read IP mode file for Infineon.AIROC-Wi-Fi-Bluetooth-STM32.1.6.1
2026-01-07 10:56:57,109 [WARN] PackLoader:240 - Cannot read IP mode file for wolfSSL.I-CUBE-wolfSSH.1.4.17
2026-01-07 10:56:57,109 [INFO] ThirdParty:978 - Integrity check success = true
2026-01-07 10:56:57,110 [INFO] IntegrityCheckThread:100 - exiting critical section [integrity check]
2026-01-07 10:56:57,110 [INFO] IntegrityCheckThread:103 - End integrity checks thread
2026-01-07 11:06:07,057 [INFO] McuFinderGlobals:63 - Set McuFinder mode to 2 (CubeIDE integrated)
2026-01-07 11:06:07,113 [INFO] MainUpdater:2872 - connection check result : 10
2026-01-07 11:06:07,131 [INFO] MainUpdater:2872 - connection check result : 10
2026-01-07 11:06:07,454 [INFO] MicroXplorer:468 - Change Database Path : 
2026-01-07 11:06:07,454 [INFO] MicroXplorer:498 - Change Database Version : DB.6.0.130
2026-01-07 11:06:07,466 [WARN] ThirdParty:871 - waiting for thirdparty lock release [close project]
2026-01-07 11:06:07,466 [INFO] ThirdParty:873 - entering critical section [close project]
2026-01-07 11:06:07,470 [INFO] ThirdParty:883 - exiting critical section [close project]
2026-01-07 11:06:07,475 [INFO] PinOutPanel:1589 - setPackage(No Configuration,No Configuration)
2026-01-07 11:06:07,491 [INFO] UtilMem:75 - Begin LoadConfig() Used Memory: 886827680 Bytes (1073741824)
2026-01-07 11:06:07,494 [INFO] MicroXplorer:468 - Change Database Path : 
2026-01-07 11:06:07,494 [INFO] MicroXplorer:498 - Change Database Version : DB.6.0.130
2026-01-07 11:06:07,494 [INFO] OpenFileManager:332 - Change cursor
2026-01-07 11:06:07,613 [INFO] Mcu:2035 - Initializing MCU STM32H743IITx STM32H743IITx STM32H743IIT6
2026-01-07 11:06:14,463 [INFO] Context:748 - Trying to add GPIOservice into a context  which must be forbidden
2026-01-07 11:06:16,410 [INFO] RtosManager:555 - Registered RTOS mode: class=CMSIS, group=RTOS, mode=CMSIS_V1, owner=FREERTOS
2026-01-07 11:06:16,411 [INFO] RtosManager:555 - Registered RTOS mode: class=CMSIS, group=RTOS2, mode=CMSIS_V2, owner=FREERTOS
2026-01-07 11:06:16,411 [INFO] RtosManager:555 - Registered RTOS mode: class=RTOS, group=Core, mode=CMSIS_V1, owner=FREERTOS
2026-01-07 11:06:16,411 [INFO] RtosManager:555 - Registered RTOS mode: class=RTOS, group=Core, mode=CMSIS_V2, owner=FREERTOS
2026-01-07 11:06:16,411 [WARN] ModelIntegratedComponent:184 - Missing modes for component STMicroelectronics:FreeRTOS:0.0.1:STMicroelectronics:RTOS:FreeRTOS:Core:::10.2.0:
2026-01-07 11:06:16,420 [WARN] ModelIntegratedComponent:63 - No mode defined for component null
2026-01-07 11:06:16,420 [WARN] ModelIntegratedComponent:63 - No mode defined for component null
2026-01-07 11:06:16,420 [WARN] ModelIntegratedComponent:63 - No mode defined for component null
2026-01-07 11:06:16,420 [WARN] ModelIntegratedComponent:63 - No mode defined for component null
2026-01-07 11:06:16,420 [WARN] ModelIntegratedComponent:63 - No mode defined for component null
2026-01-07 11:06:16,420 [WARN] ModelIntegratedComponent:63 - No mode defined for component null
2026-01-07 11:06:16,420 [WARN] ModelIntegratedComponent:63 - No mode defined for component null
2026-01-07 11:06:16,420 [WARN] ModelIntegratedComponent:63 - No mode defined for component null
2026-01-07 11:06:16,420 [WARN] ModelIntegratedComponent:63 - No mode defined for component null
2026-01-07 11:06:16,421 [WARN] ModelIntegratedComponent:63 - No mode defined for component null
2026-01-07 11:06:16,421 [WARN] ModelIntegratedComponent:63 - No mode defined for component null
2026-01-07 11:06:16,421 [WARN] ModelIntegratedComponent:63 - No mode defined for component null
2026-01-07 11:06:16,421 [WARN] ModelIntegratedComponent:63 - No mode defined for component null
2026-01-07 11:06:16,421 [WARN] ModelIntegratedComponent:63 - No mode defined for component null
2026-01-07 11:06:16,421 [WARN] ModelIntegratedComponent:63 - No mode defined for component null
2026-01-07 11:06:16,421 [WARN] ModelIntegratedComponent:63 - No mode defined for component null
2026-01-07 11:06:16,421 [WARN] ModelIntegratedComponent:63 - No mode defined for component null
2026-01-07 11:06:16,421 [WARN] ModelIntegratedComponent:63 - No mode defined for component null
2026-01-07 11:06:16,421 [WARN] ModelIntegratedComponent:63 - No mode defined for component null
2026-01-07 11:06:16,421 [WARN] ModelIntegratedComponent:63 - No mode defined for component null
2026-01-07 11:06:16,421 [WARN] ModelIntegratedComponent:63 - No mode defined for component null
2026-01-07 11:06:16,421 [WARN] ModelIntegratedComponent:63 - No mode defined for component null
2026-01-07 11:06:16,421 [WARN] ModelIntegratedComponent:63 - No mode defined for component null
2026-01-07 11:06:16,421 [WARN] ModelIntegratedComponent:63 - No mode defined for component null
2026-01-07 11:06:16,421 [WARN] ModelIntegratedComponent:63 - No mode defined for component null
2026-01-07 11:06:16,421 [WARN] ModelIntegratedComponent:63 - No mode defined for component null
2026-01-07 11:06:16,421 [WARN] ModelIntegratedComponent:63 - No mode defined for component null
2026-01-07 11:06:16,422 [WARN] ModelIntegratedComponent:63 - No mode defined for component null
2026-01-07 11:06:16,422 [WARN] ModelIntegratedComponent:63 - No mode defined for component null
2026-01-07 11:06:16,422 [WARN] ModelIntegratedComponent:63 - No mode defined for component null
2026-01-07 11:06:16,422 [WARN] ModelIntegratedComponent:63 - No mode defined for component null
2026-01-07 11:06:16,422 [WARN] ModelIntegratedComponent:63 - No mode defined for component null
2026-01-07 11:06:16,422 [WARN] ModelIntegratedComponent:63 - No mode defined for component null
2026-01-07 11:06:16,422 [WARN] ModelIntegratedComponent:63 - No mode defined for component null
2026-01-07 11:06:16,422 [WARN] ModelIntegratedComponent:63 - No mode defined for component null
2026-01-07 11:06:16,422 [WARN] ModelPack:524 - Component already loaded: STMicroelectronics:HAL Drivers:0.0.0:STMicroelectronics:Device:STMicro_Driver:XSPI:HAL::0.0.1:HAL_XSPI
2026-01-07 11:06:16,616 [INFO] ThirdPartyModel:298 - Start build external matchings
2026-01-07 11:06:18,018 [INFO] ThirdPartyModel:316 - End build external matchings
2026-01-07 11:06:18,058 [WARN] IP:2251 - ClockDivider not found: check if there is a RefParameter without a condition.
2026-01-07 11:06:18,059 [WARN] IP:2251 - ClockDividerCCU not found: check if there is a RefParameter without a condition.
2026-01-07 11:06:18,060 [WARN] IP:2251 - MinOscClkPeriodsCCU not found: check if there is a RefParameter without a condition.
2026-01-07 11:06:18,060 [WARN] IP:2251 - TimeQuantaPerBitTimeCCU not found: check if there is a RefParameter without a condition.
2026-01-07 11:06:18,060 [WARN] IP:2251 - WatchdogStartValueCCU not found: check if there is a RefParameter without a condition.
2026-01-07 11:06:19,114 [INFO] ApiDb:581 - Connected to CubeFinder SQLite database (C:\Users\kamil\.stmcufinder\plugins\mcufinder\mcu\cube-finder-db.db)
2026-01-07 11:06:19,238 [INFO] ApiDb:668 - CubeFinder database Data Model version=2.1
2026-01-07 11:06:19,238 [INFO] ApiDb:669 - CubeFinder database Configuration version=3.0.39
2026-01-07 11:06:19,239 [INFO] ApiDb:670 - CubeFinder database generation date=2025-11-05 (1762334721)
2026-01-07 11:06:19,239 [INFO] ApiDb:671 - CubeFinder database FW Pack versions=[FP-ATR-ASTRA1_V2.0.0, FP-SNS-FLIGHT1_V5.1.0, FP-SNS-MOTENV1_V5.1.0, FP-SNS-MOTENVWB1_V1.4.0, FP-SNS-SMARTAG2_V1.2.0, FP-SNS-STBOX1_V2.1.0, STM32Cube_FW_C0_V1.4.0, STM32Cube_FW_F4_V1.28.3, STM32Cube_FW_F7_V1.17.4, STM32Cube_FW_G0_V1.6.2, STM32Cube_FW_G4_V1.6.1, STM32Cube_FW_H5_V1.5.1, STM32Cube_FW_H7RS_V1.3.0, STM32Cube_FW_H7_V1.12.1, STM32Cube_FW_L0_V1.12.2, STM32Cube_FW_L4_V1.18.1, STM32Cube_FW_L5_V1.6.0, STM32Cube_FW_N6_V1.3.0, STM32Cube_FW_U0_V1.3.0, STM32Cube_FW_U3_V1.2.1, STM32Cube_FW_U5_V1.8.0, STM32Cube_FW_WB0_V1.4.0, STM32Cube_FW_WBA_V1.8.0, STM32Cube_FW_WB_V1.24.0, STM32Cube_FW_WL3_V1.3.0, STM32Cube_FW_WL_V1.4.0, X-CUBE-ALGOBUILD_V1.4.0, X-CUBE-ALS_V1.0.2, X-CUBE-AZRTOS-F4_V1.1.0, X-CUBE-AZRTOS-F7_V1.1.0, X-CUBE-AZRTOS-G0_V1.1.0, X-CUBE-AZRTOS-G4_V2.0.0, X-CUBE-AZRTOS-H7RS_V1.1.0, X-CUBE-AZRTOS-H7_V3.4.0, X-CUBE-AZRTOS-L4_V2.0.0, X-CUBE-AZRTOS-L5_V2.0.0, X-CUBE-AZRTOS-WB_V2.0.0, X-CUBE-AZRTOS-WL_V2.0.0, X-CUBE-BLE1_V7.1.0, X-CUBE-BLE2_V3.3.0, X-CUBE-BLEMGR_V4.1.0, X-CUBE-EEPRMA1_V5.2.0, X-CUBE-FREERTOS_V1.3.1, X-CUBE-GNSS1_V6.0.0, X-CUBE-MEMS1_V11.3.0, X-CUBE-NFC4_V3.0.0, X-CUBE-NFC7_V2.0.0, X-CUBE-SFXS2LP1_V4.0.0, X-CUBE-ST67W61_V1.1.0, X-CUBE-SUBG2_V5.0.0, X-CUBE-TOF1_V3.4.3]
2026-01-07 11:06:19,395 [INFO] DbBoardsSqlite:226 - include board P-NUCLEO-WB55-NUCLEO as a kit item of type 'Nucleo-64'
2026-01-07 11:06:19,396 [INFO] DbBoardsSqlite:226 - include board P-NUCLEO-WB55-USBDONGLE as a kit item of type 'Nucleo USB Dongle'
2026-01-07 11:06:19,397 [INFO] DbBoardsSqlite:226 - include board STEVAL-IDP005V1 as a kit item of type 'Evaluation Board'
2026-01-07 11:06:19,397 [INFO] DbBoardsSqlite:226 - include board STEVAL-IDP005V2 as a kit item of type 'Evaluation Board'
2026-01-07 11:06:19,812 [INFO] ApiDb:240 - Found 858 in-development CPN: [B-G473E-ZEST1S, B-WB1M-WPAN1, B-WBA5M-WPAN, B-WL5M-SUBG1, NUCLEO-C031C6, NUCLEO-C051C8, NUCLEO-C071RB, NUCLEO-C092RC, NUCLEO-H503RB, NUCLEO-H533RE, NUCLEO-H563ZI, NUCLEO-H7S3L8, NUCLEO-N657X0-Q, NUCLEO-U031R8, NUCLEO-U083RC, NUCLEO-U385RG-Q, NUCLEO-U545RE-Q, NUCLEO-U5A5ZJ-Q, NUCLEO-WB05KZ, NUCLEO-WB07CC, NUCLEO-WB09KE, NUCLEO-WBA52CG, NUCLEO-WBA55CG, NUCLEO-WL33CC1, NUCLEO-WL33CC2, STEVAL-PROTEUS1, STEVAL-SMARTAG2, STEVAL-STWINBX1, STM320518-EVAL, STM32C0116-DK, STM32C011D6Y3TR, STM32C011D6Y6TR, STM32C011F4P3, STM32C011F4P6, STM32C011F4U3, STM32C011F4U6TR, STM32C011F6P3, STM32C011F6P6, STM32C011F6U3, STM32C011F6U6TR, STM32C011J4M3, STM32C011J4M6, STM32C011J6M3, STM32C011J6M6, STM32C0316-DK, STM32C031C4T3, STM32C031C4T6, STM32C031C4U3, STM32C031C4U6, STM32C031C6T3, STM32C031C6T6, STM32C031C6U3, STM32C031C6U6, STM32C031F4P3, STM32C031F4P6, STM32C031F6P3, STM32C031F6P6, STM32C031G4U3, STM32C031G4U6, STM32C031G6U3, STM32C031G6U6, STM32C031K4T3, STM32C031K4T6, STM32C031K4U3, STM32C031K4U6, STM32C031K6T3, STM32C031K6T6, STM32C031K6U3, STM32C031K6U6, STM32C051C6T6, STM32C051C6U6, STM32C051C8T6, STM32C051C8U6, STM32C051D8Y6TR, STM32C051F6P6, STM32C051F8P6, STM32C051G6U6, STM32C051G8U6, STM32C051K6T6, STM32C051K6U6, STM32C051K8T6, STM32C071C8T6, STM32C071C8T6N, STM32C071C8U6, STM32C071C8U6N, STM32C071CBT6, STM32C071CBT6N, STM32C071CBU6, STM32C071CBU6N, STM32C071F8P6, STM32C071F8P6N, STM32C071FBP6, STM32C071FBP6N, STM32C071FBY6TR, STM32C071G8U6, STM32C071G8U6N, STM32C071GBU6, STM32C071GBU6N, STM32C071K8T6, STM32C071K8T6N, STM32C071K8U6, STM32C071K8U6N, STM32C071KBT6, STM32C071KBT6N, STM32C071KBU6, STM32C071KBU6N, STM32C071R8T6, STM32C071R8T6N, STM32C071RBI6N, STM32C071RBT6, STM32C071RBT6N, STM32C091CBT6, STM32C091CBU6, STM32C091CCT6, STM32C091CCU6, STM32C091ECY6TR, STM32C091FBP6, STM32C091FCP6, STM32C091GBU6, STM32C091GCU6, STM32C091KBT6, STM32C091KBU6, STM32C091KCT6, STM32C091KCU6, STM32C091RBT6, STM32C091RCI6, STM32C091RCT6, STM32C092CBT6, STM32C092CBU6, STM32C092CCT6, STM32C092CCU6, STM32C092ECY6TR, STM32C092FBP6, STM32C092FCP6, STM32C092GBU6, STM32C092GCU6, STM32C092KBT6, STM32C092KBU6, STM32C092KCT6, STM32C092KCU6, STM32C092RBT6, STM32C092RCI6, STM32C092RCT6, STM32G071K8TXN, STM32G071K8UXN, STM32G081GBU6N, STM32G081KBT6N, STM32G081KBUXN, STM32G0B1CCT6N, STM32G0B1KCT6, STM32G0B1NEY6TR, STM32G0B1RCT6N, STM32G0C1CCT6, STM32G0C1CCT6N, STM32G0C1CCU6N, STM32G0C1CET6N, STM32G0C1CEU6N, STM32G0C1KCT6, STM32G0C1NEY6TR, STM32G0C1RCI6N, STM32G0C1RCT6N, STM32G0C1REI6N, STM32G0C1RET6N, STM32G0C1VCI6, STM32G0C1VEI6, STM32G411C6T3, STM32G411C6T6, STM32G411C6U3, STM32G411C6U6, STM32G411C8T3, STM32G411C8T6, STM32G411C8U3, STM32G411C8U6, STM32G411CBT3, STM32G411CBT6, STM32G411CBU3, STM32G411CBU6, STM32G411CCT3, STM32G411CCT6, STM32G411CCU3, STM32G411CCU6, STM32G411K6T3, STM32G411K6T6, STM32G411K6U3, STM32G411K6U6, STM32G411K8T3, STM32G411K8T6, STM32G411K8U3, STM32G411K8U6, STM32G411KBT3, STM32G411KBT6, STM32G411KBU3, STM32G411KBU6, STM32G411M6T3, STM32G411M6T6, STM32G411M8T3, STM32G411M8T6, STM32G411MBT3, STM32G411MBT6, STM32G411MCT3, STM32G411MCT6, STM32G411R6T3, STM32G411R6T6, STM32G411R8T3, STM32G411R8T6, STM32G411RBT3, STM32G411RBT6, STM32G411RCT3, STM32G411RCT6, STM32G414CBT3, STM32G414CBT6, STM32G414CBU3, STM32G414CBU6, STM32G414CCT3, STM32G414CCT6, STM32G414CCU3, STM32G414CCU6, STM32G414MBT3, STM32G414MBT6, STM32G414MCT3, STM32G414MCT6, STM32G414RBT3, STM32G414RBT6, STM32G414RCT3, STM32G414RCT6, STM32G414VBT3, STM32G414VBT6, STM32G414VCT3, STM32G414VCT6, STM32G431CBT3Z, STM32G431RBT3Z, STM32G471CCT6, STM32G471CCU6, STM32G471CET3, STM32G471CET6, STM32G471CEU3, STM32G471CEU6, STM32G471MCT6, STM32G471MET3, STM32G471MET6, STM32G471MEY6TR, STM32G471QCT6, STM32G471QET3, STM32G471RCT6, STM32G471RET3, STM32G471RET6, STM32G471VCH6, STM32G471VCI6, STM32G471VCT6, STM32G471VEH3, STM32G471VEH6, STM32G471VEI3, STM32G471VEI6, STM32G471VET3, STM32G471VET6, STM32G473QET3Z, STM32G473RET3Z, STM32G474CCT6, STM32G491RET3Z, STM32H503CBT6, STM32H503CBU6, STM32H503EBY6TR, STM32H503KBU6, STM32H503RBT6, STM32H523CCT6, STM32H523CCU6, STM32H523CET6, STM32H523CEU6, STM32H523HEY6TR, STM32H523RCT6, STM32H523RET6, STM32H523VCI6, STM32H523VCT6, STM32H523VEI6, STM32H523VET6, STM32H523ZCJ6, STM32H523ZCT6, STM32H523ZEJ6, STM32H523ZET6, STM32H533CET6, STM32H533CEU6, STM32H533HEY6TR, STM32H533RET6, STM32H533VEI6, STM32H533VET6, STM32H533ZEJ6, STM32H533ZET6, STM32H562AGI6, STM32H562AII6, STM32H562IGK6, STM32H562IGT6, STM32H562IIK6, STM32H562IIT6, STM32H562RGT6, STM32H562RGV6, STM32H562RIT6, STM32H562RIV6, STM32H562VGT6, STM32H562VIT6, STM32H562ZGT6, STM32H562ZIT6, STM32H563AGI6, STM32H563AII3Q, STM32H563AII6, STM32H563IGK6, STM32H563IGT6, STM32H563IIK3Q, STM32H563IIK6, STM32H563IIT3Q, STM32H563IIT6, STM32H563MIY3QTR, STM32H563RGT6, STM32H563RGV6, STM32H563RIT6, STM32H563RIV6, STM32H563VGT6, STM32H563VIT3Q, STM32H563VIT6, STM32H563ZGT6, STM32H563ZIT3Q, STM32H563ZIT6, STM32H573AII3Q, STM32H573AII6, STM32H573I-DK, STM32H573IIK3Q, STM32H573IIK6, STM32H573IIT3Q, STM32H573IIT6, STM32H573MIY3QTR, STM32H573RIT6, STM32H573RIV6, STM32H573VIT3Q, STM32H573VIT6, STM32H573ZIT3Q, STM32H573ZIT6, STM32H7R3A8I6, STM32H7R3I8K6, STM32H7R3I8T6, STM32H7R3L8H6, STM32H7R3L8H6H, STM32H7R3R8V6, STM32H7R3V8H6, STM32H7R3V8T6, STM32H7R3V8Y6TR, STM32H7R3Z8J6, STM32H7R3Z8T6, STM32H7R7A8I6, STM32H7R7I8K6, STM32H7R7I8T6, STM32H7R7L8H6, STM32H7R7L8H6H, STM32H7R7Z8J6, STM32H7S3A8I6, STM32H7S3I8K6, STM32H7S3I8T6, STM32H7S3L8H6, STM32H7S3L8H6H, STM32H7S3R8V6, STM32H7S3V8H6, STM32H7S3V8T6, STM32H7S3V8Y6TR, STM32H7S3Z8J6, STM32H7S3Z8T6, STM32H7S78-DK, STM32H7S7A8I6, STM32H7S7I8K6, STM32H7S7I8T6, STM32H7S7L8H6, STM32H7S7L8H6H, STM32H7S7Z8J6, STM32L4R5QGI6STR, STM32MP131AAE3, STM32MP131AAF3, STM32MP131AAG3, STM32MP131CAE3, STM32MP131CAF3, STM32MP131CAG3, STM32MP131DAE7, STM32MP131DAF7, STM32MP131DAG7, STM32MP131FAE7, STM32MP131FAF7, STM32MP131FAG7, STM32MP133AAE3, STM32MP133AAF3, STM32MP133AAG3, STM32MP133CAE3, STM32MP133CAF3, STM32MP133CAG3, STM32MP133DAE7, STM32MP133DAF7, STM32MP133DAG7, STM32MP133FAE7, STM32MP133FAF7, STM32MP133FAG7, STM32MP135AAE3, STM32MP135AAF3, STM32MP135AAG3, STM32MP135CAE3, STM32MP135CAF3, STM32MP135CAG3, STM32MP135DAE7, STM32MP135DAF7, STM32MP135DAG7, STM32MP135F-DK, STM32MP135FAE7, STM32MP135FAF7, STM32MP135FAF7T, STM32MP135FAF7U, STM32MP135FAG7, STM32MP231AAJ3, STM32MP231AAK3, STM32MP231AAL3, STM32MP231CAJ3, STM32MP231CAK3, STM32MP231CAL3, STM32MP231DAJ3, STM32MP231DAK3, STM32MP231DAL3, STM32MP231FAJ3, STM32MP231FAK3, STM32MP231FAL3, STM32MP233AAJ3, STM32MP233AAK3, STM32MP233AAL3, STM32MP233CAJ3, STM32MP233CAK3, STM32MP233CAL3, STM32MP233DAJ3, STM32MP233DAK3, STM32MP233DAL3, STM32MP233FAJ3, STM32MP233FAK3, STM32MP233FAL3, STM32MP235AAJ3, STM32MP235AAK3, STM32MP235AAL3, STM32MP235CAJ3, STM32MP235CAK3, STM32MP235CAL3, STM32MP235DAJ3, STM32MP235DAK3, STM32MP235DAL3, STM32MP235FAJ3, STM32MP235FAK3, STM32MP235FAL3, STM32MP251AAI3, STM32MP251AAJ3, STM32MP251AAK3, STM32MP251AAL3, STM32MP251CAI3, STM32MP251CAJ3, STM32MP251CAK3, STM32MP251CAL3, STM32MP251DAI3, STM32MP251DAJ3, STM32MP251DAK3, STM32MP251DAL3, STM32MP251FAI3, STM32MP251FAJ3, STM32MP251FAK3, STM32MP251FAL3, STM32MP253AAI3, STM32MP253AAJ3, STM32MP253AAK3, STM32MP253AAL3, STM32MP253CAI3, STM32MP253CAJ3, STM32MP253CAK3, STM32MP253CAL3, STM32MP253DAI3, STM32MP253DAJ3, STM32MP253DAK3, STM32MP253DAL3, STM32MP253FAI3, STM32MP253FAJ3, STM32MP253FAK3, STM32MP253FAL3, STM32MP255AAI3, STM32MP255AAJ3, STM32MP255AAK3, STM32MP255AAL3, STM32MP255CAI3, STM32MP255CAJ3, STM32MP255CAK3, STM32MP255CAL3, STM32MP255DAI3, STM32MP255DAJ3, STM32MP255DAK3, STM32MP255DAL3, STM32MP255FAI3, STM32MP255FAJ3, STM32MP255FAK3, STM32MP255FAL3, STM32MP257AAI3, STM32MP257AAJ3, STM32MP257AAK3, STM32MP257AAL3, STM32MP257CAI3, STM32MP257CAJ3, STM32MP257CAK3, STM32MP257CAL3, STM32MP257DAI3, STM32MP257DAJ3, STM32MP257DAK3, STM32MP257DAL3, STM32MP257F-DK, STM32MP257F-EV1, STM32MP257FAI3, STM32MP257FAJ3, STM32MP257FAK3, STM32MP257FAL3, STM32N645A0H3Q, STM32N645B0H3Q, STM32N645I0H3Q, STM32N645L0H3Q, STM32N645X0H3Q, STM32N645Z0H3Q, STM32N647A0H3Q, STM32N647B0H3Q, STM32N647I0H3Q, STM32N647L0H3Q, STM32N647X0H3Q, STM32N647Z0H3Q, STM32N655A0H3Q, STM32N655B0H3Q, STM32N655I0H3Q, STM32N655L0H3Q, STM32N655X0H3Q, STM32N655Z0H3Q, STM32N6570-DK, STM32N657A0H3Q, STM32N657B0H3Q, STM32N657I0H3Q, STM32N657L0H3Q, STM32N657X0H3Q, STM32N657Z0H3Q, STM32U031C6T6, STM32U031C6U6, STM32U031C8T6, STM32U031C8U6, STM32U031F4P6, STM32U031F6P6, STM32U031F8P6, STM32U031G6Y6TR, STM32U031G8Y6TR, STM32U031K4U6, STM32U031K6U6, STM32U031K8U6, STM32U031R6I6, STM32U031R6T6, STM32U031R8I6, STM32U031R8T6, STM32U073C8T6, STM32U073C8U6, STM32U073CBT6, STM32U073CBU6, STM32U073CCT6, STM32U073CCU6, STM32U073H8Y6TR, STM32U073HBY6TR, STM32U073HCY6TR, STM32U073K8U6, STM32U073KBU6, STM32U073KCU6, STM32U073M8I6, STM32U073M8T6, STM32U073MBI6, STM32U073MBT6, STM32U073MCI6, STM32U073MCT6, STM32U073R8I6, STM32U073R8T6, STM32U073RBI6, STM32U073RBT6, STM32U073RCI6, STM32U073RCT6, STM32U083C-DK, STM32U083CCT6, STM32U083CCU6, STM32U083HCY6TR, STM32U083KCU6, STM32U083MCI6, STM32U083MCT6, STM32U083RCI6, STM32U083RCT6, STM32U375CET6, STM32U375CET6Q, STM32U375CEU6, STM32U375CEU6Q, STM32U375CEY6QTR, STM32U375CGT6, STM32U375CGT6Q, STM32U375CGU6, STM32U375CGU6Q, STM32U375CGY6QTR, STM32U375KEU6, STM32U375KGU6, STM32U375REI6, STM32U375REI6Q, STM32U375RET6, STM32U375RET6Q, STM32U375REY6GTR, STM32U375REY6QTR, STM32U375RGI6, STM32U375RGI6Q, STM32U375RGT6, STM32U375RGT6Q, STM32U375RGY6GTR, STM32U375RGY6QTR, STM32U375VEI6, STM32U375VEI6Q, STM32U375VET6, STM32U375VET6Q, STM32U375VGI6, STM32U375VGI6Q, STM32U375VGT6, STM32U375VGT6Q, STM32U385CGT6, STM32U385CGT6Q, STM32U385CGU6, STM32U385CGU6Q, STM32U385CGY6QTR, STM32U385KGU6, STM32U385RGI6, STM32U385RGI6Q, STM32U385RGT6, STM32U385RGT6Q, STM32U385RGY6GTR, STM32U385RGY6QTR, STM32U385VGI6, STM32U385VGI6Q, STM32U385VGT6, STM32U385VGT6Q, STM32U535CBT6, STM32U535CBT6Q, STM32U535CBU6, STM32U535CBU6Q, STM32U535CCT6, STM32U535CCT6Q, STM32U535CCU6, STM32U535CCU6Q, STM32U535CET6, STM32U535CET6Q, STM32U535CEU6, STM32U535CEU6Q, STM32U535JEY6QTR, STM32U535NCY6QTR, STM32U535NEY6QTR, STM32U535RBI6, STM32U535RBI6Q, STM32U535RBT6, STM32U535RBT6Q, STM32U535RCI6, STM32U535RCI6Q, STM32U535RCT6, STM32U535RCT6Q, STM32U535REI6, STM32U535REI6Q, STM32U535RET6, STM32U535RET6Q, STM32U535VCI6, STM32U535VCI6Q, STM32U535VCT6, STM32U535VCT6Q, STM32U535VEI6, STM32U535VEI6Q, STM32U535VET6, STM32U535VET6Q, STM32U545CET6, STM32U545CET6Q, STM32U545CEU6, STM32U545CEU6Q, STM32U545JEY6QTR, STM32U545NEY6QTR, STM32U545REI6, STM32U545REI6Q, STM32U545RET6, STM32U545RET6Q, STM32U545VEI6, STM32U545VEI6Q, STM32U545VET6, STM32U545VET6Q, STM32U595AIH6, STM32U595AIH6Q, STM32U595AJH6, STM32U595AJH6Q, STM32U595QII6, STM32U595QII6Q, STM32U595QJI6, STM32U595QJI6Q, STM32U595RIT6, STM32U595RIT6Q, STM32U595RJT6, STM32U595RJT6Q, STM32U595VIT6, STM32U595VIT6Q, STM32U595VJT6, STM32U595VJT6Q, STM32U595ZIT6, STM32U595ZIT6Q, STM32U595ZIY6QTR, STM32U595ZJT6, STM32U595ZJT6Q, STM32U595ZJY6QTR, STM32U599BJY6QTR, STM32U599NIH6Q, STM32U599NJH6Q, STM32U599VIT6Q, STM32U599VJT6, STM32U599VJT6Q, STM32U599ZIT6Q, STM32U599ZIY6QTR, STM32U599ZJT6Q, STM32U599ZJY6QTR, STM32U5A5AJH6, STM32U5A5AJH6Q, STM32U5A5QII3Q , STM32U5A5QJI6, STM32U5A5QJI6Q, STM32U5A5RJT6, STM32U5A5RJT6Q, STM32U5A5VJT6, STM32U5A5VJT6Q, STM32U5A5ZJT6, STM32U5A5ZJT6Q, STM32U5A5ZJY6QTR, STM32U5A9BJY6QTR, STM32U5A9J-DK, STM32U5A9NJH6Q, STM32U5A9VJT6Q, STM32U5A9ZJT6Q, STM32U5A9ZJY6QTR, STM32U5F7VIT6, STM32U5F7VIT6Q, STM32U5F7VJT6, STM32U5F7VJT6Q, STM32U5F9BJY6QTR, STM32U5F9NJH6Q, STM32U5F9VIT6Q, STM32U5F9VJT6Q, STM32U5F9ZIJ6QTR, STM32U5F9ZIT6Q, STM32U5F9ZJJ6QTR, STM32U5F9ZJT6Q, STM32U5G7VJT6, STM32U5G7VJT6Q, STM32U5G9BJY6QTR, STM32U5G9J-DK1, STM32U5G9J-DK2, STM32U5G9NJH6Q, STM32U5G9VJT6Q, STM32U5G9ZJJ6QTR, STM32U5G9ZJT6Q, STM32WB05KZV6TR, STM32WB05KZV7TR, STM32WB05TZF6TR, STM32WB05TZF7TR, STM32WB06CCF6TR, STM32WB06CCF7TR, STM32WB06CCV6TR, STM32WB06CCV7TR, STM32WB06KCV6TR, STM32WB06KCV7TR, STM32WB07CCF6TR, STM32WB07CCF7TR, STM32WB07CCV6TR, STM32WB07CCV7TR, STM32WB07KCV6TR, STM32WB07KCV7TR, STM32WB09KEV6TR, STM32WB09KEV7TR, STM32WB09TEF6TR, STM32WB09TEF7TR, STM32WB1MMCH6, STM32WBA50KGU6, STM32WBA50KGU6TR, STM32WBA52CEU6, STM32WBA52CEU6TR, STM32WBA52CEU7, STM32WBA52CEU7TR, STM32WBA52CGU6, STM32WBA52CGU6TR, STM32WBA52CGU6U, STM32WBA52CGU7, STM32WBA52CGU7TR, STM32WBA52KEU6, STM32WBA52KEU6TR, STM32WBA52KGU6, STM32WBA52KGU6TR, STM32WBA54CEU6, STM32WBA54CEU6TR, STM32WBA54CEU7, STM32WBA54CEU7TR, STM32WBA54CGU6, STM32WBA54CGU6TR, STM32WBA54CGU7, STM32WBA54CGU7TR, STM32WBA54KEU6, STM32WBA54KEU6TR, STM32WBA54KEU7, STM32WBA54KEU7TR, STM32WBA54KGU6, STM32WBA54KGU6TR, STM32WBA54KGU7, STM32WBA54KGU7TR, STM32WBA55CEU6, STM32WBA55CEU6TR, STM32WBA55CEU7, STM32WBA55CEU7TR, STM32WBA55CGU6, STM32WBA55CGU6TR, STM32WBA55CGU6U, STM32WBA55CGU7, STM32WBA55CGU7TR, STM32WBA55G-DK1, STM32WBA55HEF6, STM32WBA55HEF7, STM32WBA55HGF6, STM32WBA55HGF7, STM32WBA55UEI6, STM32WBA55UEI6TR, STM32WBA55UEI7, STM32WBA55UEI7TR, STM32WBA55UGI6, STM32WBA55UGI6TR, STM32WBA55UGI7, STM32WBA55UGI7TR, STM32WBA5MJGH6TR, STM32WBA5MJGH6U, STM32WL33C8V6, STM32WL33C8V6TR, STM32WL33C8V7, STM32WL33C8V7TR, STM32WL33CBV6, STM32WL33CBV6TR, STM32WL33CBV7, STM32WL33CBV7TR, STM32WL33CCV6, STM32WL33CCV6TR, STM32WL33CCV7, STM32WL33CCV7A, STM32WL33CCV7ATR, STM32WL33CCV7TR, STM32WL33K8V6, STM32WL33K8V6TR, STM32WL33K8V7, STM32WL33K8V7TR, STM32WL33KBV6, STM32WL33KBV6TR, STM32WL33KBV7, STM32WL33KBV7TR, STM32WL33KCV6, STM32WL33KCV6TR, STM32WL33KCV7, STM32WL33KCV7TR, STM32WL5MOCH6, STM32WL5MOCH6TR]
2026-01-07 11:06:19,821 [INFO] ApiDb:668 - CubeFinder database Data Model version=2.1
2026-01-07 11:06:19,821 [INFO] ApiDb:669 - CubeFinder database Configuration version=3.0.39
2026-01-07 11:06:19,821 [INFO] ApiDb:670 - CubeFinder database generation date=2025-11-05 (1762334721)
2026-01-07 11:06:19,821 [INFO] ApiDb:671 - CubeFinder database FW Pack versions=[FP-ATR-ASTRA1_V2.0.0, FP-SNS-FLIGHT1_V5.1.0, FP-SNS-MOTENV1_V5.1.0, FP-SNS-MOTENVWB1_V1.4.0, FP-SNS-SMARTAG2_V1.2.0, FP-SNS-STBOX1_V2.1.0, STM32Cube_FW_C0_V1.4.0, STM32Cube_FW_F4_V1.28.3, STM32Cube_FW_F7_V1.17.4, STM32Cube_FW_G0_V1.6.2, STM32Cube_FW_G4_V1.6.1, STM32Cube_FW_H5_V1.5.1, STM32Cube_FW_H7RS_V1.3.0, STM32Cube_FW_H7_V1.12.1, STM32Cube_FW_L0_V1.12.2, STM32Cube_FW_L4_V1.18.1, STM32Cube_FW_L5_V1.6.0, STM32Cube_FW_N6_V1.3.0, STM32Cube_FW_U0_V1.3.0, STM32Cube_FW_U3_V1.2.1, STM32Cube_FW_U5_V1.8.0, STM32Cube_FW_WB0_V1.4.0, STM32Cube_FW_WBA_V1.8.0, STM32Cube_FW_WB_V1.24.0, STM32Cube_FW_WL3_V1.3.0, STM32Cube_FW_WL_V1.4.0, X-CUBE-ALGOBUILD_V1.4.0, X-CUBE-ALS_V1.0.2, X-CUBE-AZRTOS-F4_V1.1.0, X-CUBE-AZRTOS-F7_V1.1.0, X-CUBE-AZRTOS-G0_V1.1.0, X-CUBE-AZRTOS-G4_V2.0.0, X-CUBE-AZRTOS-H7RS_V1.1.0, X-CUBE-AZRTOS-H7_V3.4.0, X-CUBE-AZRTOS-L4_V2.0.0, X-CUBE-AZRTOS-L5_V2.0.0, X-CUBE-AZRTOS-WB_V2.0.0, X-CUBE-AZRTOS-WL_V2.0.0, X-CUBE-BLE1_V7.1.0, X-CUBE-BLE2_V3.3.0, X-CUBE-BLEMGR_V4.1.0, X-CUBE-EEPRMA1_V5.2.0, X-CUBE-FREERTOS_V1.3.1, X-CUBE-GNSS1_V6.0.0, X-CUBE-MEMS1_V11.3.0, X-CUBE-NFC4_V3.0.0, X-CUBE-NFC7_V2.0.0, X-CUBE-SFXS2LP1_V4.0.0, X-CUBE-ST67W61_V1.1.0, X-CUBE-SUBG2_V5.0.0, X-CUBE-TOF1_V3.4.3]
2026-01-07 11:06:22,341 [INFO] ApiDb:240 - Found 858 in-development CPN: [B-G473E-ZEST1S, B-WB1M-WPAN1, B-WBA5M-WPAN, B-WL5M-SUBG1, NUCLEO-C031C6, NUCLEO-C051C8, NUCLEO-C071RB, NUCLEO-C092RC, NUCLEO-H503RB, NUCLEO-H533RE, NUCLEO-H563ZI, NUCLEO-H7S3L8, NUCLEO-N657X0-Q, NUCLEO-U031R8, NUCLEO-U083RC, NUCLEO-U385RG-Q, NUCLEO-U545RE-Q, NUCLEO-U5A5ZJ-Q, NUCLEO-WB05KZ, NUCLEO-WB07CC, NUCLEO-WB09KE, NUCLEO-WBA52CG, NUCLEO-WBA55CG, NUCLEO-WL33CC1, NUCLEO-WL33CC2, STEVAL-PROTEUS1, STEVAL-SMARTAG2, STEVAL-STWINBX1, STM320518-EVAL, STM32C0116-DK, STM32C011D6Y3TR, STM32C011D6Y6TR, STM32C011F4P3, STM32C011F4P6, STM32C011F4U3, STM32C011F4U6TR, STM32C011F6P3, STM32C011F6P6, STM32C011F6U3, STM32C011F6U6TR, STM32C011J4M3, STM32C011J4M6, STM32C011J6M3, STM32C011J6M6, STM32C0316-DK, STM32C031C4T3, STM32C031C4T6, STM32C031C4U3, STM32C031C4U6, STM32C031C6T3, STM32C031C6T6, STM32C031C6U3, STM32C031C6U6, STM32C031F4P3, STM32C031F4P6, STM32C031F6P3, STM32C031F6P6, STM32C031G4U3, STM32C031G4U6, STM32C031G6U3, STM32C031G6U6, STM32C031K4T3, STM32C031K4T6, STM32C031K4U3, STM32C031K4U6, STM32C031K6T3, STM32C031K6T6, STM32C031K6U3, STM32C031K6U6, STM32C051C6T6, STM32C051C6U6, STM32C051C8T6, STM32C051C8U6, STM32C051D8Y6TR, STM32C051F6P6, STM32C051F8P6, STM32C051G6U6, STM32C051G8U6, STM32C051K6T6, STM32C051K6U6, STM32C051K8T6, STM32C071C8T6, STM32C071C8T6N, STM32C071C8U6, STM32C071C8U6N, STM32C071CBT6, STM32C071CBT6N, STM32C071CBU6, STM32C071CBU6N, STM32C071F8P6, STM32C071F8P6N, STM32C071FBP6, STM32C071FBP6N, STM32C071FBY6TR, STM32C071G8U6, STM32C071G8U6N, STM32C071GBU6, STM32C071GBU6N, STM32C071K8T6, STM32C071K8T6N, STM32C071K8U6, STM32C071K8U6N, STM32C071KBT6, STM32C071KBT6N, STM32C071KBU6, STM32C071KBU6N, STM32C071R8T6, STM32C071R8T6N, STM32C071RBI6N, STM32C071RBT6, STM32C071RBT6N, STM32C091CBT6, STM32C091CBU6, STM32C091CCT6, STM32C091CCU6, STM32C091ECY6TR, STM32C091FBP6, STM32C091FCP6, STM32C091GBU6, STM32C091GCU6, STM32C091KBT6, STM32C091KBU6, STM32C091KCT6, STM32C091KCU6, STM32C091RBT6, STM32C091RCI6, STM32C091RCT6, STM32C092CBT6, STM32C092CBU6, STM32C092CCT6, STM32C092CCU6, STM32C092ECY6TR, STM32C092FBP6, STM32C092FCP6, STM32C092GBU6, STM32C092GCU6, STM32C092KBT6, STM32C092KBU6, STM32C092KCT6, STM32C092KCU6, STM32C092RBT6, STM32C092RCI6, STM32C092RCT6, STM32G071K8TXN, STM32G071K8UXN, STM32G081GBU6N, STM32G081KBT6N, STM32G081KBUXN, STM32G0B1CCT6N, STM32G0B1KCT6, STM32G0B1NEY6TR, STM32G0B1RCT6N, STM32G0C1CCT6, STM32G0C1CCT6N, STM32G0C1CCU6N, STM32G0C1CET6N, STM32G0C1CEU6N, STM32G0C1KCT6, STM32G0C1NEY6TR, STM32G0C1RCI6N, STM32G0C1RCT6N, STM32G0C1REI6N, STM32G0C1RET6N, STM32G0C1VCI6, STM32G0C1VEI6, STM32G411C6T3, STM32G411C6T6, STM32G411C6U3, STM32G411C6U6, STM32G411C8T3, STM32G411C8T6, STM32G411C8U3, STM32G411C8U6, STM32G411CBT3, STM32G411CBT6, STM32G411CBU3, STM32G411CBU6, STM32G411CCT3, STM32G411CCT6, STM32G411CCU3, STM32G411CCU6, STM32G411K6T3, STM32G411K6T6, STM32G411K6U3, STM32G411K6U6, STM32G411K8T3, STM32G411K8T6, STM32G411K8U3, STM32G411K8U6, STM32G411KBT3, STM32G411KBT6, STM32G411KBU3, STM32G411KBU6, STM32G411M6T3, STM32G411M6T6, STM32G411M8T3, STM32G411M8T6, STM32G411MBT3, STM32G411MBT6, STM32G411MCT3, STM32G411MCT6, STM32G411R6T3, STM32G411R6T6, STM32G411R8T3, STM32G411R8T6, STM32G411RBT3, STM32G411RBT6, STM32G411RCT3, STM32G411RCT6, STM32G414CBT3, STM32G414CBT6, STM32G414CBU3, STM32G414CBU6, STM32G414CCT3, STM32G414CCT6, STM32G414CCU3, STM32G414CCU6, STM32G414MBT3, STM32G414MBT6, STM32G414MCT3, STM32G414MCT6, STM32G414RBT3, STM32G414RBT6, STM32G414RCT3, STM32G414RCT6, STM32G414VBT3, STM32G414VBT6, STM32G414VCT3, STM32G414VCT6, STM32G431CBT3Z, STM32G431RBT3Z, STM32G471CCT6, STM32G471CCU6, STM32G471CET3, STM32G471CET6, STM32G471CEU3, STM32G471CEU6, STM32G471MCT6, STM32G471MET3, STM32G471MET6, STM32G471MEY6TR, STM32G471QCT6, STM32G471QET3, STM32G471RCT6, STM32G471RET3, STM32G471RET6, STM32G471VCH6, STM32G471VCI6, STM32G471VCT6, STM32G471VEH3, STM32G471VEH6, STM32G471VEI3, STM32G471VEI6, STM32G471VET3, STM32G471VET6, STM32G473QET3Z, STM32G473RET3Z, STM32G474CCT6, STM32G491RET3Z, STM32H503CBT6, STM32H503CBU6, STM32H503EBY6TR, STM32H503KBU6, STM32H503RBT6, STM32H523CCT6, STM32H523CCU6, STM32H523CET6, STM32H523CEU6, STM32H523HEY6TR, STM32H523RCT6, STM32H523RET6, STM32H523VCI6, STM32H523VCT6, STM32H523VEI6, STM32H523VET6, STM32H523ZCJ6, STM32H523ZCT6, STM32H523ZEJ6, STM32H523ZET6, STM32H533CET6, STM32H533CEU6, STM32H533HEY6TR, STM32H533RET6, STM32H533VEI6, STM32H533VET6, STM32H533ZEJ6, STM32H533ZET6, STM32H562AGI6, STM32H562AII6, STM32H562IGK6, STM32H562IGT6, STM32H562IIK6, STM32H562IIT6, STM32H562RGT6, STM32H562RGV6, STM32H562RIT6, STM32H562RIV6, STM32H562VGT6, STM32H562VIT6, STM32H562ZGT6, STM32H562ZIT6, STM32H563AGI6, STM32H563AII3Q, STM32H563AII6, STM32H563IGK6, STM32H563IGT6, STM32H563IIK3Q, STM32H563IIK6, STM32H563IIT3Q, STM32H563IIT6, STM32H563MIY3QTR, STM32H563RGT6, STM32H563RGV6, STM32H563RIT6, STM32H563RIV6, STM32H563VGT6, STM32H563VIT3Q, STM32H563VIT6, STM32H563ZGT6, STM32H563ZIT3Q, STM32H563ZIT6, STM32H573AII3Q, STM32H573AII6, STM32H573I-DK, STM32H573IIK3Q, STM32H573IIK6, STM32H573IIT3Q, STM32H573IIT6, STM32H573MIY3QTR, STM32H573RIT6, STM32H573RIV6, STM32H573VIT3Q, STM32H573VIT6, STM32H573ZIT3Q, STM32H573ZIT6, STM32H7R3A8I6, STM32H7R3I8K6, STM32H7R3I8T6, STM32H7R3L8H6, STM32H7R3L8H6H, STM32H7R3R8V6, STM32H7R3V8H6, STM32H7R3V8T6, STM32H7R3V8Y6TR, STM32H7R3Z8J6, STM32H7R3Z8T6, STM32H7R7A8I6, STM32H7R7I8K6, STM32H7R7I8T6, STM32H7R7L8H6, STM32H7R7L8H6H, STM32H7R7Z8J6, STM32H7S3A8I6, STM32H7S3I8K6, STM32H7S3I8T6, STM32H7S3L8H6, STM32H7S3L8H6H, STM32H7S3R8V6, STM32H7S3V8H6, STM32H7S3V8T6, STM32H7S3V8Y6TR, STM32H7S3Z8J6, STM32H7S3Z8T6, STM32H7S78-DK, STM32H7S7A8I6, STM32H7S7I8K6, STM32H7S7I8T6, STM32H7S7L8H6, STM32H7S7L8H6H, STM32H7S7Z8J6, STM32L4R5QGI6STR, STM32MP131AAE3, STM32MP131AAF3, STM32MP131AAG3, STM32MP131CAE3, STM32MP131CAF3, STM32MP131CAG3, STM32MP131DAE7, STM32MP131DAF7, STM32MP131DAG7, STM32MP131FAE7, STM32MP131FAF7, STM32MP131FAG7, STM32MP133AAE3, STM32MP133AAF3, STM32MP133AAG3, STM32MP133CAE3, STM32MP133CAF3, STM32MP133CAG3, STM32MP133DAE7, STM32MP133DAF7, STM32MP133DAG7, STM32MP133FAE7, STM32MP133FAF7, STM32MP133FAG7, STM32MP135AAE3, STM32MP135AAF3, STM32MP135AAG3, STM32MP135CAE3, STM32MP135CAF3, STM32MP135CAG3, STM32MP135DAE7, STM32MP135DAF7, STM32MP135DAG7, STM32MP135F-DK, STM32MP135FAE7, STM32MP135FAF7, STM32MP135FAF7T, STM32MP135FAF7U, STM32MP135FAG7, STM32MP231AAJ3, STM32MP231AAK3, STM32MP231AAL3, STM32MP231CAJ3, STM32MP231CAK3, STM32MP231CAL3, STM32MP231DAJ3, STM32MP231DAK3, STM32MP231DAL3, STM32MP231FAJ3, STM32MP231FAK3, STM32MP231FAL3, STM32MP233AAJ3, STM32MP233AAK3, STM32MP233AAL3, STM32MP233CAJ3, STM32MP233CAK3, STM32MP233CAL3, STM32MP233DAJ3, STM32MP233DAK3, STM32MP233DAL3, STM32MP233FAJ3, STM32MP233FAK3, STM32MP233FAL3, STM32MP235AAJ3, STM32MP235AAK3, STM32MP235AAL3, STM32MP235CAJ3, STM32MP235CAK3, STM32MP235CAL3, STM32MP235DAJ3, STM32MP235DAK3, STM32MP235DAL3, STM32MP235FAJ3, STM32MP235FAK3, STM32MP235FAL3, STM32MP251AAI3, STM32MP251AAJ3, STM32MP251AAK3, STM32MP251AAL3, STM32MP251CAI3, STM32MP251CAJ3, STM32MP251CAK3, STM32MP251CAL3, STM32MP251DAI3, STM32MP251DAJ3, STM32MP251DAK3, STM32MP251DAL3, STM32MP251FAI3, STM32MP251FAJ3, STM32MP251FAK3, STM32MP251FAL3, STM32MP253AAI3, STM32MP253AAJ3, STM32MP253AAK3, STM32MP253AAL3, STM32MP253CAI3, STM32MP253CAJ3, STM32MP253CAK3, STM32MP253CAL3, STM32MP253DAI3, STM32MP253DAJ3, STM32MP253DAK3, STM32MP253DAL3, STM32MP253FAI3, STM32MP253FAJ3, STM32MP253FAK3, STM32MP253FAL3, STM32MP255AAI3, STM32MP255AAJ3, STM32MP255AAK3, STM32MP255AAL3, STM32MP255CAI3, STM32MP255CAJ3, STM32MP255CAK3, STM32MP255CAL3, STM32MP255DAI3, STM32MP255DAJ3, STM32MP255DAK3, STM32MP255DAL3, STM32MP255FAI3, STM32MP255FAJ3, STM32MP255FAK3, STM32MP255FAL3, STM32MP257AAI3, STM32MP257AAJ3, STM32MP257AAK3, STM32MP257AAL3, STM32MP257CAI3, STM32MP257CAJ3, STM32MP257CAK3, STM32MP257CAL3, STM32MP257DAI3, STM32MP257DAJ3, STM32MP257DAK3, STM32MP257DAL3, STM32MP257F-DK, STM32MP257F-EV1, STM32MP257FAI3, STM32MP257FAJ3, STM32MP257FAK3, STM32MP257FAL3, STM32N645A0H3Q, STM32N645B0H3Q, STM32N645I0H3Q, STM32N645L0H3Q, STM32N645X0H3Q, STM32N645Z0H3Q, STM32N647A0H3Q, STM32N647B0H3Q, STM32N647I0H3Q, STM32N647L0H3Q, STM32N647X0H3Q, STM32N647Z0H3Q, STM32N655A0H3Q, STM32N655B0H3Q, STM32N655I0H3Q, STM32N655L0H3Q, STM32N655X0H3Q, STM32N655Z0H3Q, STM32N6570-DK, STM32N657A0H3Q, STM32N657B0H3Q, STM32N657I0H3Q, STM32N657L0H3Q, STM32N657X0H3Q, STM32N657Z0H3Q, STM32U031C6T6, STM32U031C6U6, STM32U031C8T6, STM32U031C8U6, STM32U031F4P6, STM32U031F6P6, STM32U031F8P6, STM32U031G6Y6TR, STM32U031G8Y6TR, STM32U031K4U6, STM32U031K6U6, STM32U031K8U6, STM32U031R6I6, STM32U031R6T6, STM32U031R8I6, STM32U031R8T6, STM32U073C8T6, STM32U073C8U6, STM32U073CBT6, STM32U073CBU6, STM32U073CCT6, STM32U073CCU6, STM32U073H8Y6TR, STM32U073HBY6TR, STM32U073HCY6TR, STM32U073K8U6, STM32U073KBU6, STM32U073KCU6, STM32U073M8I6, STM32U073M8T6, STM32U073MBI6, STM32U073MBT6, STM32U073MCI6, STM32U073MCT6, STM32U073R8I6, STM32U073R8T6, STM32U073RBI6, STM32U073RBT6, STM32U073RCI6, STM32U073RCT6, STM32U083C-DK, STM32U083CCT6, STM32U083CCU6, STM32U083HCY6TR, STM32U083KCU6, STM32U083MCI6, STM32U083MCT6, STM32U083RCI6, STM32U083RCT6, STM32U375CET6, STM32U375CET6Q, STM32U375CEU6, STM32U375CEU6Q, STM32U375CEY6QTR, STM32U375CGT6, STM32U375CGT6Q, STM32U375CGU6, STM32U375CGU6Q, STM32U375CGY6QTR, STM32U375KEU6, STM32U375KGU6, STM32U375REI6, STM32U375REI6Q, STM32U375RET6, STM32U375RET6Q, STM32U375REY6GTR, STM32U375REY6QTR, STM32U375RGI6, STM32U375RGI6Q, STM32U375RGT6, STM32U375RGT6Q, STM32U375RGY6GTR, STM32U375RGY6QTR, STM32U375VEI6, STM32U375VEI6Q, STM32U375VET6, STM32U375VET6Q, STM32U375VGI6, STM32U375VGI6Q, STM32U375VGT6, STM32U375VGT6Q, STM32U385CGT6, STM32U385CGT6Q, STM32U385CGU6, STM32U385CGU6Q, STM32U385CGY6QTR, STM32U385KGU6, STM32U385RGI6, STM32U385RGI6Q, STM32U385RGT6, STM32U385RGT6Q, STM32U385RGY6GTR, STM32U385RGY6QTR, STM32U385VGI6, STM32U385VGI6Q, STM32U385VGT6, STM32U385VGT6Q, STM32U535CBT6, STM32U535CBT6Q, STM32U535CBU6, STM32U535CBU6Q, STM32U535CCT6, STM32U535CCT6Q, STM32U535CCU6, STM32U535CCU6Q, STM32U535CET6, STM32U535CET6Q, STM32U535CEU6, STM32U535CEU6Q, STM32U535JEY6QTR, STM32U535NCY6QTR, STM32U535NEY6QTR, STM32U535RBI6, STM32U535RBI6Q, STM32U535RBT6, STM32U535RBT6Q, STM32U535RCI6, STM32U535RCI6Q, STM32U535RCT6, STM32U535RCT6Q, STM32U535REI6, STM32U535REI6Q, STM32U535RET6, STM32U535RET6Q, STM32U535VCI6, STM32U535VCI6Q, STM32U535VCT6, STM32U535VCT6Q, STM32U535VEI6, STM32U535VEI6Q, STM32U535VET6, STM32U535VET6Q, STM32U545CET6, STM32U545CET6Q, STM32U545CEU6, STM32U545CEU6Q, STM32U545JEY6QTR, STM32U545NEY6QTR, STM32U545REI6, STM32U545REI6Q, STM32U545RET6, STM32U545RET6Q, STM32U545VEI6, STM32U545VEI6Q, STM32U545VET6, STM32U545VET6Q, STM32U595AIH6, STM32U595AIH6Q, STM32U595AJH6, STM32U595AJH6Q, STM32U595QII6, STM32U595QII6Q, STM32U595QJI6, STM32U595QJI6Q, STM32U595RIT6, STM32U595RIT6Q, STM32U595RJT6, STM32U595RJT6Q, STM32U595VIT6, STM32U595VIT6Q, STM32U595VJT6, STM32U595VJT6Q, STM32U595ZIT6, STM32U595ZIT6Q, STM32U595ZIY6QTR, STM32U595ZJT6, STM32U595ZJT6Q, STM32U595ZJY6QTR, STM32U599BJY6QTR, STM32U599NIH6Q, STM32U599NJH6Q, STM32U599VIT6Q, STM32U599VJT6, STM32U599VJT6Q, STM32U599ZIT6Q, STM32U599ZIY6QTR, STM32U599ZJT6Q, STM32U599ZJY6QTR, STM32U5A5AJH6, STM32U5A5AJH6Q, STM32U5A5QII3Q , STM32U5A5QJI6, STM32U5A5QJI6Q, STM32U5A5RJT6, STM32U5A5RJT6Q, STM32U5A5VJT6, STM32U5A5VJT6Q, STM32U5A5ZJT6, STM32U5A5ZJT6Q, STM32U5A5ZJY6QTR, STM32U5A9BJY6QTR, STM32U5A9J-DK, STM32U5A9NJH6Q, STM32U5A9VJT6Q, STM32U5A9ZJT6Q, STM32U5A9ZJY6QTR, STM32U5F7VIT6, STM32U5F7VIT6Q, STM32U5F7VJT6, STM32U5F7VJT6Q, STM32U5F9BJY6QTR, STM32U5F9NJH6Q, STM32U5F9VIT6Q, STM32U5F9VJT6Q, STM32U5F9ZIJ6QTR, STM32U5F9ZIT6Q, STM32U5F9ZJJ6QTR, STM32U5F9ZJT6Q, STM32U5G7VJT6, STM32U5G7VJT6Q, STM32U5G9BJY6QTR, STM32U5G9J-DK1, STM32U5G9J-DK2, STM32U5G9NJH6Q, STM32U5G9VJT6Q, STM32U5G9ZJJ6QTR, STM32U5G9ZJT6Q, STM32WB05KZV6TR, STM32WB05KZV7TR, STM32WB05TZF6TR, STM32WB05TZF7TR, STM32WB06CCF6TR, STM32WB06CCF7TR, STM32WB06CCV6TR, STM32WB06CCV7TR, STM32WB06KCV6TR, STM32WB06KCV7TR, STM32WB07CCF6TR, STM32WB07CCF7TR, STM32WB07CCV6TR, STM32WB07CCV7TR, STM32WB07KCV6TR, STM32WB07KCV7TR, STM32WB09KEV6TR, STM32WB09KEV7TR, STM32WB09TEF6TR, STM32WB09TEF7TR, STM32WB1MMCH6, STM32WBA50KGU6, STM32WBA50KGU6TR, STM32WBA52CEU6, STM32WBA52CEU6TR, STM32WBA52CEU7, STM32WBA52CEU7TR, STM32WBA52CGU6, STM32WBA52CGU6TR, STM32WBA52CGU6U, STM32WBA52CGU7, STM32WBA52CGU7TR, STM32WBA52KEU6, STM32WBA52KEU6TR, STM32WBA52KGU6, STM32WBA52KGU6TR, STM32WBA54CEU6, STM32WBA54CEU6TR, STM32WBA54CEU7, STM32WBA54CEU7TR, STM32WBA54CGU6, STM32WBA54CGU6TR, STM32WBA54CGU7, STM32WBA54CGU7TR, STM32WBA54KEU6, STM32WBA54KEU6TR, STM32WBA54KEU7, STM32WBA54KEU7TR, STM32WBA54KGU6, STM32WBA54KGU6TR, STM32WBA54KGU7, STM32WBA54KGU7TR, STM32WBA55CEU6, STM32WBA55CEU6TR, STM32WBA55CEU7, STM32WBA55CEU7TR, STM32WBA55CGU6, STM32WBA55CGU6TR, STM32WBA55CGU6U, STM32WBA55CGU7, STM32WBA55CGU7TR, STM32WBA55G-DK1, STM32WBA55HEF6, STM32WBA55HEF7, STM32WBA55HGF6, STM32WBA55HGF7, STM32WBA55UEI6, STM32WBA55UEI6TR, STM32WBA55UEI7, STM32WBA55UEI7TR, STM32WBA55UGI6, STM32WBA55UGI6TR, STM32WBA55UGI7, STM32WBA55UGI7TR, STM32WBA5MJGH6TR, STM32WBA5MJGH6U, STM32WL33C8V6, STM32WL33C8V6TR, STM32WL33C8V7, STM32WL33C8V7TR, STM32WL33CBV6, STM32WL33CBV6TR, STM32WL33CBV7, STM32WL33CBV7TR, STM32WL33CCV6, STM32WL33CCV6TR, STM32WL33CCV7, STM32WL33CCV7A, STM32WL33CCV7ATR, STM32WL33CCV7TR, STM32WL33K8V6, STM32WL33K8V6TR, STM32WL33K8V7, STM32WL33K8V7TR, STM32WL33KBV6, STM32WL33KBV6TR, STM32WL33KBV7, STM32WL33KBV7TR, STM32WL33KCV6, STM32WL33KCV6TR, STM32WL33KCV7, STM32WL33KCV7TR, STM32WL5MOCH6, STM32WL5MOCH6TR]
2026-01-07 11:06:22,346 [INFO] DbMcus:218 - Found 4817 MCUs, 4817 are supported
2026-01-07 11:06:22,356 [INFO] ApiDb:423 - Load user favorites file C:\Users\kamil/.stm32cubeide/favorites.mcus.txt: 1 item(s)
2026-01-07 11:06:22,356 [INFO] ApiDb:427 - User favorites MCUs=[STM32H743IIT6]
2026-01-07 11:06:22,356 [INFO] DbMcus:224 - Set 1 / 1 favorites MCUs
2026-01-07 11:06:23,361 [INFO] BoardInfo:889 - No configuration file found for board NUCLEO-WBA65RI
2026-01-07 11:06:23,362 [INFO] DbBoards:161 - Board is not supported: NUCLEO-WBA65RI
2026-01-07 11:06:23,379 [INFO] BoardInfo:889 - No configuration file found for board P-NUCLEO-WB55
2026-01-07 11:06:23,380 [INFO] DbBoards:161 - Kit is not supported: P-NUCLEO-WB55
2026-01-07 11:06:23,390 [INFO] BoardInfo:889 - No configuration file found for board STEVAL-BFA001V1B
2026-01-07 11:06:23,391 [INFO] DbBoards:161 - Kit is not supported: STEVAL-BFA001V1B
2026-01-07 11:06:23,392 [INFO] BoardInfo:889 - No configuration file found for board STEVAL-BFA001V2B
2026-01-07 11:06:23,394 [INFO] DbBoards:161 - Kit is not supported: STEVAL-BFA001V2B
2026-01-07 11:06:23,685 [INFO] BoardInfo:889 - No configuration file found for board STM32WBA65I-DK1
2026-01-07 11:06:23,688 [INFO] DbBoards:161 - Board is not supported: STM32WBA65I-DK1
2026-01-07 11:06:23,688 [INFO] DbBoards:168 - Found 211 boards, 206 are supported
2026-01-07 11:06:23,689 [INFO] DbBoards:169 - Found 211 boards, 42 of them is supported for  Bsp
2026-01-07 11:06:23,706 [INFO] ApiDb:423 - Load user favorites file C:\Users\kamil/.stm32cubeide/favorites.boards.txt: 1 item(s)
2026-01-07 11:06:23,706 [INFO] ApiDb:427 - User favorites Boards=[NUCLEO-F746ZG]
2026-01-07 11:06:23,706 [INFO] DbBoards:198 - Set 1 / 1 favorites Boards
2026-01-07 11:06:23,879 [INFO] UtilMem:75 - End LoadConfig() Used Memory: 988432976 Bytes (1073741824)
2026-01-07 11:06:24,083 [WARN] ThirdParty:833 - waiting for thirdparty lock release [change project]
2026-01-07 11:06:24,084 [INFO] ThirdParty:835 - entering critical section [change project]
2026-01-07 11:06:24,085 [INFO] ThirdParty:1030 - CMSIS Pack Vendor :STMicroelectronics X-CUBE-PM33A1 1.0.0
2026-01-07 11:06:24,085 [INFO] ThirdParty:1030 - CMSIS Pack Vendor :STMicroelectronics USBPD 4.1
2026-01-07 11:06:24,085 [INFO] ThirdParty:1030 - CMSIS Pack Vendor :STMicroelectronics USB_HOST 2.0.0
2026-01-07 11:06:24,085 [INFO] ThirdParty:1030 - CMSIS Pack Vendor :STMicroelectronics FP-SNS-MOTENVWB1 1.4.0
2026-01-07 11:06:24,085 [INFO] ThirdParty:1030 - CMSIS Pack Vendor :STMicroelectronics X-CUBE-AZRTOS-F4 1.1.0
2026-01-07 11:06:24,085 [INFO] ThirdParty:1030 - CMSIS Pack Vendor :STMicroelectronics LIBJPEG 8.0.0
2026-01-07 11:06:24,085 [INFO] ThirdParty:1030 - CMSIS Pack Vendor :STMicroelectronics FP-ATR-ASTRA1 2.0.2
2026-01-07 11:06:24,085 [INFO] ThirdParty:1030 - CMSIS Pack Vendor :STMicroelectronics FP-ATR-ASTRA1 2.0.1
2026-01-07 11:06:24,085 [INFO] ThirdParty:1030 - CMSIS Pack Vendor :STMicroelectronics X-CUBE-SMBUS 2.1.0
2026-01-07 11:06:24,085 [INFO] ThirdParty:1030 - CMSIS Pack Vendor :STMicroelectronics X-CUBE-WB05N 1.1.0
2026-01-07 11:06:24,085 [INFO] ThirdParty:1030 - CMSIS Pack Vendor :STMicroelectronics X-CUBE-ISPU 2.1.0
2026-01-07 11:06:24,085 [INFO] ThirdParty:1030 - CMSIS Pack Vendor :STMicroelectronics X-CUBE-FREERTOS 1.2.0
2026-01-07 11:06:24,085 [INFO] ThirdParty:1030 - CMSIS Pack Vendor :STMicroelectronics X-CUBE-ST60 1.0.0
2026-01-07 11:06:24,085 [INFO] ThirdParty:1030 - CMSIS Pack Vendor :STMicroelectronics X-CUBE-NFC12 1.0.0
2026-01-07 11:06:24,085 [INFO] ThirdParty:1030 - CMSIS Pack Vendor :STMicroelectronics X-CUBE-AZRTOS-F7 1.1.0
2026-01-07 11:06:24,085 [INFO] ThirdParty:1030 - CMSIS Pack Vendor :STMicroelectronics X-CUBE-AZRTOS-L5 2.0.0
2026-01-07 11:06:24,085 [INFO] ThirdParty:1030 - CMSIS Pack Vendor :STMicroelectronics USB_DEVICE 2.0.0
2026-01-07 11:06:24,086 [INFO] ThirdParty:1030 - CMSIS Pack Vendor :STMicroelectronics X-CUBE-NFC6 3.1.0
2026-01-07 11:06:24,086 [INFO] ThirdParty:1030 - CMSIS Pack Vendor :ARM CMSIS 5.7.0
2026-01-07 11:06:24,086 [INFO] ThirdParty:1030 - CMSIS Pack Vendor :STMicroelectronics X-CUBE-MEMS1 11.0.0
2026-01-07 11:06:24,086 [INFO] ThirdParty:1030 - CMSIS Pack Vendor :STMicroelectronics FreeRTOS 0.0.1
2026-01-07 11:06:24,086 [INFO] ThirdParty:1030 - CMSIS Pack Vendor :STMicroelectronics X-CUBE-DPower 1.2.0
2026-01-07 11:06:24,086 [INFO] ThirdParty:1030 - CMSIS Pack Vendor :STMicroelectronics FP-SNS-FLIGHT1 5.0.2
2026-01-07 11:06:24,086 [INFO] ThirdParty:1030 - CMSIS Pack Vendor :STMicroelectronics PDM2PCM 3.3.0
2026-01-07 11:06:24,086 [INFO] ThirdParty:1030 - CMSIS Pack Vendor :STMicroelectronics X-CUBE-AZRTOS-H7 3.4.0
2026-01-07 11:06:24,086 [INFO] ThirdParty:1030 - CMSIS Pack Vendor :STMicroelectronics X-CUBE-DISPLAY 3.0.0
2026-01-07 11:06:24,086 [INFO] ThirdParty:1030 - CMSIS Pack Vendor :STMicroelectronics X-CUBE-BLE1 7.0.0
2026-01-07 11:06:24,086 [INFO] ThirdParty:1030 - CMSIS Pack Vendor :STMicroelectronics X-CUBE-NFC10 1.0.0
2026-01-07 11:06:24,086 [INFO] ThirdParty:1030 - CMSIS Pack Vendor :STMicroelectronics X-CUBE-BLEMGR 4.0.0
2026-01-07 11:06:24,086 [INFO] ThirdParty:1030 - CMSIS Pack Vendor :STMicroelectronics X-CUBE-FREERTOS 1.3.1
2026-01-07 11:06:24,086 [INFO] ThirdParty:1030 - CMSIS Pack Vendor :STMicroelectronics HAL Drivers 0.0.0
2026-01-07 11:06:24,086 [INFO] ThirdParty:1030 - CMSIS Pack Vendor :STMicroelectronics X-CUBE-ST60 1.1.0
2026-01-07 11:06:24,086 [INFO] ThirdParty:1030 - CMSIS Pack Vendor :emotas I-CUBE-CANOPEN 1.3.0
2026-01-07 11:06:24,086 [INFO] ThirdParty:1030 - CMSIS Pack Vendor :STMicroelectronics X-CUBE-FREERTOS 1.3.0
2026-01-07 11:06:24,086 [INFO] ThirdParty:1030 - CMSIS Pack Vendor :STMicroelectronics X-CUBE-NFC7 1.0.1
2026-01-07 11:06:24,087 [INFO] ThirdParty:1030 - CMSIS Pack Vendor :STMicroelectronics MBEDTLS 2.14.1
2026-01-07 11:06:24,087 [INFO] ThirdParty:1030 - CMSIS Pack Vendor :STMicroelectronics X-CUBE-GNSS1 7.1.0
2026-01-07 11:06:24,087 [INFO] ThirdParty:1030 - CMSIS Pack Vendor :STMicroelectronics X-CUBE-TOUCHGFX 4.26.0
2026-01-07 11:06:24,087 [INFO] ThirdParty:1030 - CMSIS Pack Vendor :STMicroelectronics X-CUBE-BLEMGR 3.1.0
2026-01-07 11:06:24,087 [INFO] ThirdParty:1030 - CMSIS Pack Vendor :STMicroelectronics X-CUBE-AI 10.0.0
2026-01-07 11:06:24,087 [INFO] ThirdParty:1030 - CMSIS Pack Vendor :STMicroelectronics FP-SNS-STAIOTCFT 1.0.0
2026-01-07 11:06:24,087 [INFO] ThirdParty:1030 - CMSIS Pack Vendor :STMicroelectronics FP-SNS-SMARTAG2 1.2.0
2026-01-07 11:06:24,087 [INFO] ThirdParty:1030 - CMSIS Pack Vendor :STMicroelectronics FP-SNS-FLIGHT1 5.1.0
2026-01-07 11:06:24,087 [INFO] ThirdParty:1030 - CMSIS Pack Vendor :STMicroelectronics X-CUBE-MEMS1 11.1.0
2026-01-07 11:06:24,087 [INFO] ThirdParty:1030 - CMSIS Pack Vendor :STMicroelectronics X-CUBE-AZRTOS-WL 2.0.0
2026-01-07 11:06:24,087 [INFO] ThirdParty:1030 - CMSIS Pack Vendor :STMicroelectronics X-CUBE-DPower 1.3.0
2026-01-07 11:06:24,087 [INFO] ThirdParty:1030 - CMSIS Pack Vendor :STMicroelectronics FP-SNS-MOTENV1 5.0.0
2026-01-07 11:06:24,087 [INFO] ThirdParty:1030 - CMSIS Pack Vendor :STMicroelectronics USB_DEVICE 1.0.0
2026-01-07 11:06:24,087 [INFO] ThirdParty:1030 - CMSIS Pack Vendor :STMicroelectronics X-CUBE-AZRTOS-H7RS 1.2.0
2026-01-07 11:06:24,087 [INFO] ThirdParty:1030 - CMSIS Pack Vendor :wolfSSL I-CUBE-wolfMQTT 1.19.0
2026-01-07 11:06:24,087 [INFO] ThirdParty:1030 - CMSIS Pack Vendor :STMicroelectronics X-CUBE-AZRTOS-L4 2.0.0
2026-01-07 11:06:24,087 [INFO] ThirdParty:1030 - CMSIS Pack Vendor :STMicroelectronics ThreadX 0.0.2
2026-01-07 11:06:24,087 [INFO] ThirdParty:1030 - CMSIS Pack Vendor :WES I-CUBE-Cesium 1.3.0
2026-01-07 11:06:24,087 [INFO] ThirdParty:1030 - CMSIS Pack Vendor :STMicroelectronics lwIP 2.1.2
2026-01-07 11:06:24,087 [INFO] ThirdParty:1030 - CMSIS Pack Vendor :STMicroelectronics X-CUBE-SFXS2LP1 4.0.0
2026-01-07 11:06:24,087 [INFO] ThirdParty:1030 - CMSIS Pack Vendor :STMicroelectronics X-CUBE-BLE2 3.3.0
2026-01-07 11:06:24,087 [INFO] ThirdParty:1030 - CMSIS Pack Vendor :Avnet-IOTCONNECT X-CUBE-iotc-st67-sdk 1.0.0
2026-01-07 11:06:24,087 [INFO] ThirdParty:1030 - CMSIS Pack Vendor :STMicroelectronics PDM2PCM 3.2.0
2026-01-07 11:06:24,087 [INFO] ThirdParty:1030 - CMSIS Pack Vendor :STMicroelectronics X-CUBE-AZRTOS-H7 3.3.0
2026-01-07 11:06:24,087 [INFO] ThirdParty:1030 - CMSIS Pack Vendor :STMicroelectronics X-CUBE-NFC9 1.0.0
2026-01-07 11:06:24,087 [INFO] ThirdParty:1030 - CMSIS Pack Vendor :STMicroelectronics X-CUBE-BLE1 7.1.0
2026-01-07 11:06:24,087 [INFO] ThirdParty:1030 - CMSIS Pack Vendor :STMicroelectronics USB_DEVICE 3.0.0
2026-01-07 11:06:24,087 [INFO] ThirdParty:1030 - CMSIS Pack Vendor :STMicroelectronics X-CUBE-TCPP 4.1.0
2026-01-07 11:06:24,087 [INFO] ThirdParty:1030 - CMSIS Pack Vendor :STMicroelectronics X-CUBE-EEPRMA1 5.2.0
2026-01-07 11:06:24,087 [INFO] ThirdParty:1030 - CMSIS Pack Vendor :STMicroelectronics X-CUBE-BLEMGR 4.1.0
2026-01-07 11:06:24,087 [INFO] ThirdParty:1030 - CMSIS Pack Vendor :STMicroelectronics X-CUBE-IPS 3.0.0
2026-01-07 11:06:24,088 [INFO] ThirdParty:1030 - CMSIS Pack Vendor :STMicroelectronics X-CUBE-AZRTOS-WB 2.0.0
2026-01-07 11:06:24,088 [INFO] ThirdParty:1030 - CMSIS Pack Vendor :STMicroelectronics X-CUBE-GNSS1 7.0.0
2026-01-07 11:06:24,088 [INFO] ThirdParty:1030 - CMSIS Pack Vendor :STMicroelectronics X-CUBE-GNSS1 7.0.1
2026-01-07 11:06:24,088 [INFO] ThirdParty:1030 - CMSIS Pack Vendor :STMicroelectronics X-CUBE-TOUCHGFX 4.25.0
2026-01-07 11:06:24,088 [INFO] ThirdParty:1030 - CMSIS Pack Vendor :STMicroelectronics FP-SNS-STBOX1 2.0.0
2026-01-07 11:06:24,088 [INFO] ThirdParty:1030 - CMSIS Pack Vendor :STMicroelectronics X-CUBE-MEMS1 12.0.0
2026-01-07 11:06:24,088 [INFO] ThirdParty:1030 - CMSIS Pack Vendor :STMicroelectronics X-CUBE-AZRTOS-G0 1.1.0
2026-01-07 11:06:24,088 [INFO] ThirdParty:1030 - CMSIS Pack Vendor :STMicroelectronics X-CUBE-SAFEA1 1.2.2
2026-01-07 11:06:24,088 [INFO] ThirdParty:1030 - CMSIS Pack Vendor :STMicroelectronics X-CUBE-NFC4 3.0.0
2026-01-07 11:06:24,088 [INFO] ThirdParty:1030 - CMSIS Pack Vendor :STMicroelectronics X-CUBE-SUBG2 5.0.0
2026-01-07 11:06:24,088 [INFO] ThirdParty:1030 - CMSIS Pack Vendor :STMicroelectronics X-CUBE-AZRTOS-H7RS 1.1.0
2026-01-07 11:06:24,088 [INFO] ThirdParty:1030 - CMSIS Pack Vendor :STMicroelectronics STM32_WPAN 1.0.0
2026-01-07 11:06:24,088 [INFO] ThirdParty:1030 - CMSIS Pack Vendor :EmbeddedOffice I-CUBE-FS-RTOS 1.0.1
2026-01-07 11:06:24,088 [INFO] ThirdParty:1030 - CMSIS Pack Vendor :STMicroelectronics lwIP 2.0.3
2026-01-07 11:06:24,088 [INFO] ThirdParty:1030 - CMSIS Pack Vendor :Cesanta I-CUBE-Mongoose 7.13.0
2026-01-07 11:06:24,088 [INFO] ThirdParty:1030 - CMSIS Pack Vendor :STMicroelectronics USB_HOST 1.0.0
2026-01-07 11:06:24,088 [INFO] ThirdParty:1030 - CMSIS Pack Vendor :STMicroelectronics X-CUBE-AZRTOS-G4 2.0.0
2026-01-07 11:06:24,088 [INFO] ThirdParty:1030 - CMSIS Pack Vendor :STMicroelectronics X-CUBE-WB05N 2.0.0
2026-01-07 11:06:24,089 [INFO] ThirdParty:1030 - CMSIS Pack Vendor :STMicroelectronics PDM2PCM 3.1.0
2026-01-07 11:06:24,089 [INFO] ThirdParty:1030 - CMSIS Pack Vendor :STMicroelectronics X-CUBE-NFC7 2.0.0
2026-01-07 11:06:24,089 [INFO] ThirdParty:1030 - CMSIS Pack Vendor :STMicroelectronics X-CUBE-TCPP 4.2.0
2026-01-07 11:06:24,089 [INFO] ThirdParty:1030 - CMSIS Pack Vendor :RealThread X-CUBE-RT-Thread_Nano 4.1.1
2026-01-07 11:06:24,089 [INFO] ThirdParty:1030 - CMSIS Pack Vendor :STMicroelectronics FP-ATR-SIGFOX1 3.2.0
2026-01-07 11:06:24,089 [INFO] ThirdParty:1030 - CMSIS Pack Vendor :wolfSSL I-CUBE-wolfSSL 5.7.2
2026-01-07 11:06:24,089 [INFO] ThirdParty:1030 - CMSIS Pack Vendor :quantropi X-CUBE-qispace-sdk-base 1.9.3
2026-01-07 11:06:24,089 [INFO] ThirdParty:1030 - CMSIS Pack Vendor :STMicroelectronics X-CUBE-EEPRMA1 5.1.0
2026-01-07 11:06:24,089 [INFO] ThirdParty:1030 - CMSIS Pack Vendor :STMicroelectronics MBEDTLS 2.16.2
2026-01-07 11:06:24,089 [INFO] ThirdParty:1030 - CMSIS Pack Vendor :STMicroelectronics X-CUBE-IPS 3.1.0
2026-01-07 11:06:24,089 [INFO] ThirdParty:1030 - CMSIS Pack Vendor :STMicroelectronics X-CUBE-ALS 1.0.2
2026-01-07 11:06:24,089 [INFO] ThirdParty:1030 - CMSIS Pack Vendor :ITTIA_DB I-CUBE-ITTIADB 8.9.0
2026-01-07 11:06:24,089 [INFO] ThirdParty:1030 - CMSIS Pack Vendor :STMicroelectronics X-CUBE-TOUCHGFX 4.24.1
2026-01-07 11:06:24,089 [INFO] ThirdParty:1030 - CMSIS Pack Vendor :STMicroelectronics X-CUBE-STSE01 1.0.0
2026-01-07 11:06:24,089 [INFO] ThirdParty:1030 - CMSIS Pack Vendor :wolfSSL I-CUBE-wolfTPM 3.4.0
2026-01-07 11:06:24,089 [INFO] ThirdParty:1030 - CMSIS Pack Vendor :portGmbH I-Cube-SoM-uGOAL 1.1.0
2026-01-07 11:06:24,089 [INFO] ThirdParty:1030 - CMSIS Pack Vendor :STMicroelectronics X-CUBE-ST67W61 1.0.0
2026-01-07 11:06:24,089 [INFO] ThirdParty:1030 - CMSIS Pack Vendor :STMicroelectronics X-CUBE-AI 10.2.0
2026-01-07 11:06:24,089 [INFO] ThirdParty:1030 - CMSIS Pack Vendor :STMicroelectronics ThreadX 1.0.0
2026-01-07 11:06:24,089 [INFO] ThirdParty:1030 - CMSIS Pack Vendor :SEGGER I-CUBE-embOS 1.3.1
2026-01-07 11:06:24,089 [INFO] ThirdParty:1030 - CMSIS Pack Vendor :STMicroelectronics X-CUBE-ALGOBUILD 1.4.0
2026-01-07 11:06:24,089 [INFO] ThirdParty:1030 - CMSIS Pack Vendor :STMicroelectronics X-CUBE-MEMS1 11.3.0
2026-01-07 11:06:24,089 [INFO] ThirdParty:1030 - CMSIS Pack Vendor :STMicroelectronics X-CUBE-AZRTOS-H7RS 1.0.0
2026-01-07 11:06:24,089 [INFO] ThirdParty:1030 - CMSIS Pack Vendor :STMicroelectronics FP-ATR-ASTRA1 2.0.0
2026-01-07 11:06:24,089 [INFO] ThirdParty:1030 - CMSIS Pack Vendor :STMicroelectronics X-CUBE-TOF1 3.4.2
2026-01-07 11:06:24,089 [INFO] ThirdParty:1030 - CMSIS Pack Vendor :STMicroelectronics X-CUBE-TOF1 3.4.3
2026-01-07 11:06:24,090 [INFO] ThirdParty:1030 - CMSIS Pack Vendor :STMicroelectronics X-CUBE-AI 9.1.0
2026-01-07 11:06:24,090 [INFO] ThirdParty:1030 - CMSIS Pack Vendor :Infineon AIROC-Wi-Fi-Bluetooth-STM32 1.6.1
2026-01-07 11:06:24,090 [INFO] ThirdParty:1030 - CMSIS Pack Vendor :wolfSSL I-CUBE-wolfSSH 1.4.17
2026-01-07 11:06:24,090 [INFO] ThirdParty:841 - exiting critical section [change project]
2026-01-07 11:06:24,966 [INFO] PinOutPanel:1589 - setPackage(No Configuration,No Configuration)
2026-01-07 11:06:24,968 [INFO] PinOutPanel:1589 - setPackage(STM32H743IITx,LQFP176)
2026-01-07 11:06:25,888 [INFO] UtilMem:75 - Before build in PCC Used Memory: 850755040 Bytes (1073741824)
2026-01-07 11:06:27,218 [INFO] UtilMem:75 - After build in PCC Used Memory: 936675720 Bytes (1073741824)
2026-01-07 11:06:27,289 [INFO] IPUIPlugin:80 - create IPUIPlugin
2026-01-07 11:06:27,289 [INFO] IPUIPlugin:80 - create IPUIPlugin
2026-01-07 11:06:27,289 [INFO] IPUIPlugin:80 - create IPUIPlugin
2026-01-07 11:06:27,289 [INFO] IPUIPlugin:80 - create IPUIPlugin
2026-01-07 11:06:27,289 [INFO] IPUIPlugin:80 - create IPUIPlugin
2026-01-07 11:06:27,289 [INFO] IPUIPlugin:80 - create IPUIPlugin
2026-01-07 11:06:27,289 [INFO] IPUIPlugin:80 - create IPUIPlugin
2026-01-07 11:06:27,289 [INFO] IPUIPlugin:80 - create IPUIPlugin
2026-01-07 11:06:27,290 [INFO] IPUIPlugin:80 - create IPUIPlugin
2026-01-07 11:06:27,290 [INFO] IPUIPlugin:80 - create IPUIPlugin
2026-01-07 11:06:27,290 [INFO] IPUIPlugin:80 - create IPUIPlugin
2026-01-07 11:06:27,290 [INFO] IPUIPlugin:80 - create IPUIPlugin
2026-01-07 11:06:27,290 [INFO] IPUIPlugin:80 - create IPUIPlugin
2026-01-07 11:06:27,290 [INFO] IPUIPlugin:80 - create IPUIPlugin
2026-01-07 11:06:27,290 [INFO] IPUIPlugin:80 - create IPUIPlugin
2026-01-07 11:06:27,291 [INFO] IPUIPlugin:80 - create IPUIPlugin
2026-01-07 11:06:27,291 [INFO] IPUIPlugin:80 - create IPUIPlugin
2026-01-07 11:06:27,291 [INFO] IPUIPlugin:80 - create IPUIPlugin
2026-01-07 11:06:27,291 [INFO] IPUIPlugin:80 - create IPUIPlugin
2026-01-07 11:06:27,291 [INFO] IPUIPlugin:80 - create IPUIPlugin
2026-01-07 11:06:27,291 [INFO] IPUIPlugin:80 - create IPUIPlugin
2026-01-07 11:06:27,292 [INFO] IPUIPlugin:80 - create IPUIPlugin
2026-01-07 11:06:27,292 [INFO] IPUIPlugin:80 - create IPUIPlugin
2026-01-07 11:06:27,292 [INFO] IPUIPlugin:80 - create IPUIPlugin
2026-01-07 11:06:27,292 [INFO] IPUIPlugin:80 - create IPUIPlugin
2026-01-07 11:06:27,292 [INFO] IPUIPlugin:80 - create IPUIPlugin
2026-01-07 11:06:27,292 [INFO] IPUIPlugin:80 - create IPUIPlugin
2026-01-07 11:06:27,293 [INFO] IPUIPlugin:80 - create IPUIPlugin
2026-01-07 11:06:27,293 [INFO] IPUIPlugin:80 - create IPUIPlugin
2026-01-07 11:06:27,293 [INFO] IPUIPlugin:80 - create IPUIPlugin
2026-01-07 11:06:27,293 [INFO] IPUIPlugin:80 - create IPUIPlugin
2026-01-07 11:06:27,293 [INFO] IPUIPlugin:80 - create IPUIPlugin
2026-01-07 11:06:27,293 [INFO] IPUIPlugin:80 - create IPUIPlugin
2026-01-07 11:06:27,294 [INFO] IPUIPlugin:80 - create IPUIPlugin
2026-01-07 11:06:27,294 [INFO] IPUIPlugin:80 - create IPUIPlugin
2026-01-07 11:06:27,294 [INFO] IPUIPlugin:80 - create IPUIPlugin
2026-01-07 11:06:27,294 [INFO] IPUIPlugin:80 - create IPUIPlugin
2026-01-07 11:06:27,294 [INFO] IPUIPlugin:80 - create IPUIPlugin
2026-01-07 11:06:27,294 [INFO] IPUIPlugin:80 - create IPUIPlugin
2026-01-07 11:06:27,295 [INFO] IPUIPlugin:80 - create IPUIPlugin
2026-01-07 11:06:27,295 [INFO] IPUIPlugin:80 - create IPUIPlugin
2026-01-07 11:06:27,295 [INFO] IPUIPlugin:80 - create IPUIPlugin
2026-01-07 11:06:27,296 [INFO] IPUIPlugin:80 - create IPUIPlugin
2026-01-07 11:06:27,296 [INFO] IPUIPlugin:80 - create IPUIPlugin
2026-01-07 11:06:27,296 [INFO] IPUIPlugin:80 - create IPUIPlugin
2026-01-07 11:06:27,296 [INFO] IPUIPlugin:80 - create IPUIPlugin
2026-01-07 11:06:27,297 [INFO] IPUIPlugin:80 - create IPUIPlugin
2026-01-07 11:06:27,297 [INFO] IPUIPlugin:80 - create IPUIPlugin
2026-01-07 11:06:27,297 [INFO] IPUIPlugin:80 - create IPUIPlugin
2026-01-07 11:06:27,297 [INFO] IPUIPlugin:80 - create IPUIPlugin
2026-01-07 11:06:27,298 [INFO] IPUIPlugin:80 - create IPUIPlugin
2026-01-07 11:06:27,298 [INFO] IPUIPlugin:80 - create IPUIPlugin
2026-01-07 11:06:27,298 [INFO] IPUIPlugin:80 - create IPUIPlugin
2026-01-07 11:06:27,298 [INFO] IPUIPlugin:80 - create IPUIPlugin
2026-01-07 11:06:27,299 [INFO] IPUIPlugin:80 - create IPUIPlugin
2026-01-07 11:06:27,299 [INFO] IPUIPlugin:80 - create IPUIPlugin
2026-01-07 11:06:27,299 [INFO] IPUIPlugin:80 - create IPUIPlugin
2026-01-07 11:06:27,299 [INFO] IPUIPlugin:80 - create IPUIPlugin
2026-01-07 11:06:27,300 [INFO] IPUIPlugin:80 - create IPUIPlugin
2026-01-07 11:06:27,300 [INFO] IPUIPlugin:80 - create IPUIPlugin
2026-01-07 11:06:27,300 [INFO] IPUIPlugin:80 - create IPUIPlugin
2026-01-07 11:06:27,301 [INFO] IPUIPlugin:80 - create IPUIPlugin
2026-01-07 11:06:27,301 [INFO] IPUIPlugin:80 - create IPUIPlugin
2026-01-07 11:06:27,302 [INFO] IPUIPlugin:80 - create IPUIPlugin
2026-01-07 11:06:27,302 [INFO] IPUIPlugin:80 - create IPUIPlugin
2026-01-07 11:06:27,302 [INFO] IPUIPlugin:80 - create IPUIPlugin
2026-01-07 11:06:27,302 [INFO] IPUIPlugin:80 - create IPUIPlugin
2026-01-07 11:06:27,303 [INFO] IPUIPlugin:80 - create IPUIPlugin
2026-01-07 11:06:27,303 [INFO] IPUIPlugin:80 - create IPUIPlugin
2026-01-07 11:06:27,303 [INFO] IPUIPlugin:80 - create IPUIPlugin
2026-01-07 11:06:27,304 [INFO] IPUIPlugin:80 - create IPUIPlugin
2026-01-07 11:06:27,304 [INFO] IPUIPlugin:80 - create IPUIPlugin
2026-01-07 11:06:27,304 [INFO] IPUIPlugin:80 - create IPUIPlugin
2026-01-07 11:06:27,304 [INFO] IPUIPlugin:80 - create IPUIPlugin
2026-01-07 11:06:27,305 [INFO] IPUIPlugin:80 - create IPUIPlugin
2026-01-07 11:06:27,305 [INFO] IPUIPlugin:80 - create IPUIPlugin
2026-01-07 11:06:27,305 [INFO] IPUIPlugin:80 - create IPUIPlugin
2026-01-07 11:06:27,306 [INFO] IPUIPlugin:80 - create IPUIPlugin
2026-01-07 11:06:27,306 [INFO] IPUIPlugin:80 - create IPUIPlugin
2026-01-07 11:06:27,306 [INFO] IPUIPlugin:80 - create IPUIPlugin
2026-01-07 11:06:27,307 [INFO] IPUIPlugin:80 - create IPUIPlugin
2026-01-07 11:06:27,307 [INFO] IPUIPlugin:80 - create IPUIPlugin
2026-01-07 11:06:27,307 [INFO] IPUIPlugin:80 - create IPUIPlugin
2026-01-07 11:06:27,308 [INFO] IPUIPlugin:80 - create IPUIPlugin
2026-01-07 11:06:27,308 [INFO] IPUIPlugin:80 - create IPUIPlugin
2026-01-07 11:06:27,308 [INFO] IPUIPlugin:80 - create IPUIPlugin
2026-01-07 11:06:27,309 [INFO] IPUIPlugin:80 - create IPUIPlugin
2026-01-07 11:06:27,309 [INFO] IPUIPlugin:80 - create IPUIPlugin
2026-01-07 11:06:27,310 [INFO] IPUIPlugin:80 - create IPUIPlugin
2026-01-07 11:06:27,310 [INFO] IPUIPlugin:80 - create IPUIPlugin
2026-01-07 11:06:27,310 [INFO] IPUIPlugin:80 - create IPUIPlugin
2026-01-07 11:06:27,311 [INFO] IPUIPlugin:80 - create IPUIPlugin
2026-01-07 11:06:27,311 [INFO] IPUIPlugin:80 - create IPUIPlugin
2026-01-07 11:06:27,312 [INFO] IPUIPlugin:80 - create IPUIPlugin
2026-01-07 11:06:27,312 [INFO] IPUIPlugin:80 - create IPUIPlugin
2026-01-07 11:06:27,313 [INFO] IPUIPlugin:80 - create IPUIPlugin
2026-01-07 11:06:27,314 [INFO] IPUIPlugin:80 - create IPUIPlugin
2026-01-07 11:06:27,314 [INFO] IPUIPlugin:80 - create IPUIPlugin
2026-01-07 11:06:27,428 [INFO] ApiDbMcu:508 - Load IP Config File for PDM2PCM
2026-01-07 11:06:27,440 [WARN] IP:2251 - ClockDivider not found: check if there is a RefParameter without a condition.
2026-01-07 11:06:27,441 [WARN] IP:2251 - ClockDividerCCU not found: check if there is a RefParameter without a condition.
2026-01-07 11:06:27,441 [WARN] IP:2251 - MinOscClkPeriodsCCU not found: check if there is a RefParameter without a condition.
2026-01-07 11:06:27,441 [WARN] IP:2251 - TimeQuantaPerBitTimeCCU not found: check if there is a RefParameter without a condition.
2026-01-07 11:06:27,441 [WARN] IP:2251 - WatchdogStartValueCCU not found: check if there is a RefParameter without a condition.
2026-01-07 11:06:27,449 [INFO] LogOutputStream:77 - [STDOUT_REDIRECT] Nominal 
2026-01-07 11:06:27,450 [INFO] Can:71 - Can Add PropertyChangeListener com.st.microxplorer.plugins.ip.can.Can@215b3257
2026-01-07 11:06:27,869 [INFO] CADModel:165 - CPN selected for project levelSTM32H743IIT6
2026-01-07 11:06:27,869 [INFO] CADModel:114 - Register for checkConnection events
2026-01-07 11:06:27,944 [INFO] OpenFileManager:363 - Restore cursor
2026-01-07 11:06:28,229 [WARN] IP:2251 - ClockDivider not found: check if there is a RefParameter without a condition.
2026-01-07 11:06:28,229 [WARN] IP:2251 - ClockDividerCCU not found: check if there is a RefParameter without a condition.
2026-01-07 11:06:28,229 [WARN] IP:2251 - MinOscClkPeriodsCCU not found: check if there is a RefParameter without a condition.
2026-01-07 11:06:28,229 [WARN] IP:2251 - TimeQuantaPerBitTimeCCU not found: check if there is a RefParameter without a condition.
2026-01-07 11:06:28,229 [WARN] IP:2251 - WatchdogStartValueCCU not found: check if there is a RefParameter without a condition.
2026-01-07 11:06:45,517 [INFO] UtilMem:75 - End SaveConfig() Used Memory: 905385224 Bytes (1073741824)
2026-01-07 11:06:46,215 [INFO] BlockDiagram:2766 - set Specific Code input for plugin: RCC
2026-01-07 11:06:46,215 [INFO] BlockDiagram:2766 - set Specific Code input for plugin: FDCAN
2026-01-07 11:06:46,215 [INFO] BlockDiagram:2766 - set Specific Code input for plugin: MEMORYMAP
2026-01-07 11:06:46,215 [INFO] BlockDiagram:2766 - set Specific Code input for plugin: SYS
2026-01-07 11:06:46,215 [INFO] BlockDiagram:2766 - set Specific Code input for plugin: NVIC
2026-01-07 11:06:46,216 [INFO] BlockDiagram:2766 - set Specific Code input for plugin: GPIO
2026-01-07 11:06:46,217 [INFO] CodeGenerator:896 - code generatio: config db path: C:\ST\STM32CubeIDE_1.17.0\STM32CubeIDE\plugins\com.st.stm32cube.common.mx_6.13.0.202411220809\\db\
2026-01-07 11:06:46,224 [WARN] IP:2251 - ClockDivider not found: check if there is a RefParameter without a condition.
2026-01-07 11:06:46,224 [WARN] IP:2251 - ClockDividerCCU not found: check if there is a RefParameter without a condition.
2026-01-07 11:06:46,224 [WARN] IP:2251 - MinOscClkPeriodsCCU not found: check if there is a RefParameter without a condition.
2026-01-07 11:06:46,225 [WARN] IP:2251 - TimeQuantaPerBitTimeCCU not found: check if there is a RefParameter without a condition.
2026-01-07 11:06:46,225 [WARN] IP:2251 - WatchdogStartValueCCU not found: check if there is a RefParameter without a condition.
2026-01-07 11:06:46,502 [INFO] CodeEngine:255 - oldGeneratedFile, C:\Users\kamil\STM32CubeIDE\workspace_1.17.0\NAJWIEKSZY_TEST\MXTmpFiles\license.tmp_save
2026-01-07 11:06:46,974 [INFO] CodeEngine:279 - Generated code: C:\Users\kamil\STM32CubeIDE\workspace_1.17.0\NAJWIEKSZY_TEST\MXTmpFiles\license.tmp
2026-01-07 11:06:47,150 [INFO] CodeEngine:255 - oldGeneratedFile, C:\Users\kamil\STM32CubeIDE\workspace_1.17.0\NAJWIEKSZY_TEST\MXTmpFiles\gpio.tmp_save
2026-01-07 11:06:47,303 [INFO] CodeEngine:279 - Generated code: C:\Users\kamil\STM32CubeIDE\workspace_1.17.0\NAJWIEKSZY_TEST\MXTmpFiles\gpio.tmp
2026-01-07 11:06:47,478 [WARN] IPConfigManager:98 - WARNING: Missing Config File for MEMORYMAP ip!!
2026-01-07 11:06:47,566 [INFO] CodeEngine:255 - oldGeneratedFile, C:\Users\kamil\STM32CubeIDE\workspace_1.17.0\NAJWIEKSZY_TEST\MXTmpFiles\cortex.tmp_save
2026-01-07 11:06:47,698 [INFO] CodeEngine:279 - Generated code: C:\Users\kamil\STM32CubeIDE\workspace_1.17.0\NAJWIEKSZY_TEST\MXTmpFiles\cortex.tmp
2026-01-07 11:06:47,777 [INFO] CodeEngine:255 - oldGeneratedFile, C:\Users\kamil\STM32CubeIDE\workspace_1.17.0\NAJWIEKSZY_TEST\Core\Src\stm32h7xx_it.c_save
2026-01-07 11:06:47,987 [INFO] CodeEngine:279 - Generated code: C:\Users\kamil\STM32CubeIDE\workspace_1.17.0\NAJWIEKSZY_TEST\Core\Src\stm32h7xx_it.c
2026-01-07 11:06:48,039 [INFO] CodeEngine:255 - oldGeneratedFile, C:\Users\kamil\STM32CubeIDE\workspace_1.17.0\NAJWIEKSZY_TEST\Core\Inc\stm32h7xx_it.h_save
2026-01-07 11:06:48,174 [INFO] CodeEngine:279 - Generated code: C:\Users\kamil\STM32CubeIDE\workspace_1.17.0\NAJWIEKSZY_TEST\Core\Inc\stm32h7xx_it.h
2026-01-07 11:06:48,312 [INFO] CodeEngine:255 - oldGeneratedFile, C:\Users\kamil\STM32CubeIDE\workspace_1.17.0\NAJWIEKSZY_TEST\Core\Src\stm32h7xx_hal_msp.c_save
2026-01-07 11:06:48,585 [INFO] CodeEngine:279 - Generated code: C:\Users\kamil\STM32CubeIDE\workspace_1.17.0\NAJWIEKSZY_TEST\Core\Src\stm32h7xx_hal_msp.c
2026-01-07 11:06:48,611 [INFO] CodeEngine:255 - oldGeneratedFile, C:\Users\kamil\STM32CubeIDE\workspace_1.17.0\NAJWIEKSZY_TEST\MXTmpFiles\system.tmp_save
2026-01-07 11:06:48,711 [INFO] CodeEngine:279 - Generated code: C:\Users\kamil\STM32CubeIDE\workspace_1.17.0\NAJWIEKSZY_TEST\MXTmpFiles\system.tmp
2026-01-07 11:06:48,765 [INFO] CodeEngine:311 - oldGeneratedFile, C:\Users\kamil\STM32CubeIDE\workspace_1.17.0\NAJWIEKSZY_TEST\Core\Inc\stm32h7xx_hal_conf.h_save
2026-01-07 11:06:48,913 [INFO] CodeEngine:335 - Generated code: C:\Users\kamil\STM32CubeIDE\workspace_1.17.0\NAJWIEKSZY_TEST\Core\Inc\stm32h7xx_hal_conf.h
2026-01-07 11:06:48,987 [INFO] ApiDbMcu:508 - Load IP Config File for FDCAN1
2026-01-07 11:06:48,988 [ERROR] ApiDbMcu:464 - Can't load MEMORYMAP-STM32xx root dir null
2026-01-07 11:06:48,988 [ERROR] ApiDbMcu:536 - Cannot parse MEMORYMAP_Config file : file do not exist
2026-01-07 11:06:48,994 [INFO] ApiDbMcu:508 - Load IP Config File for RCC
2026-01-07 11:06:49,048 [INFO] CodeEngine:255 - oldGeneratedFile, C:\Users\kamil\STM32CubeIDE\workspace_1.17.0\NAJWIEKSZY_TEST\Core\Inc\main.h_save
2026-01-07 11:06:49,200 [INFO] CodeEngine:279 - Generated code: C:\Users\kamil\STM32CubeIDE\workspace_1.17.0\NAJWIEKSZY_TEST\Core\Inc\main.h
2026-01-07 11:06:49,245 [INFO] CodeEngine:255 - oldGeneratedFile, C:\Users\kamil\STM32CubeIDE\workspace_1.17.0\NAJWIEKSZY_TEST\Core\Src\main.c_save
2026-01-07 11:06:49,477 [INFO] CodeEngine:279 - Generated code: C:\Users\kamil\STM32CubeIDE\workspace_1.17.0\NAJWIEKSZY_TEST\Core\Src\main.c
2026-01-07 11:06:50,098 [INFO] ProjectBuilder:3289 - Time for Copy HAL[1] : 386mS.
2026-01-07 11:06:50,111 [INFO] ProjectBuilder:4876 - Project Generator version: 4.5.0-RC5
2026-01-07 11:06:50,234 [INFO] ConfigFileManager:1579 - The Die is : DIE450
2026-01-07 11:06:50,279 [INFO] ApiDbMcu:508 - Load IP Config File for FATFS
2026-01-07 11:06:50,297 [INFO] ApiDbMcu:508 - Load IP Config File for FREERTOS
2026-01-07 11:06:50,315 [INFO] ApiDbMcu:508 - Load IP Config File for LIBJPEG
2026-01-07 11:06:50,337 [INFO] ApiDbMcu:508 - Load IP Config File for LWIP
2026-01-07 11:06:50,359 [INFO] ApiDbMcu:508 - Load IP Config File for MBEDTLS
2026-01-07 11:06:50,381 [INFO] ApiDbMcu:508 - Load IP Config File for USB_DEVICE
2026-01-07 11:06:50,398 [INFO] ApiDbMcu:508 - Load IP Config File for USB_HOST
2026-01-07 11:06:51,526 [INFO] LogOutputStream:77 - [STDOUT_REDIRECT] 
2026-01-07 11:06:53,887 [INFO] ProjectBuilder:5154 - Time for Generating toolchain IDE Files: 3776mS.
2026-01-07 11:06:53,889 [INFO] ProjectBuilder:3146 - Time for Copy CMSIS : 1mS.
2026-01-07 11:06:53,891 [INFO] ProjectBuilder:3146 - Time for Copy CMSIS : 0mS.
2026-01-07 11:09:04,740 [INFO] Activator:176 - 


2026-01-07 11:09:04,743 [INFO] Activator:177 - !SESSION log4j initialized
2026-01-07 11:09:06,916 [INFO] ApplicationProperties:184 - Using Application install path: C:\ST\STM32CubeIDE_1.17.0\STM32CubeIDE\plugins\com.st.stm32cube.common.mx_6.13.0.202411220809
2026-01-07 11:09:06,934 [INFO] DbMcusXml:78 - Set database path to: C:\ST\STM32CubeIDE_1.17.0\STM32CubeIDE\plugins\com.st.stm32cube.common.mx_6.13.0.202411220809\\db\/mcu/
2026-01-07 11:09:06,934 [INFO] ApiDb:274 - Set plugin database path to: C:\ST\STM32CubeIDE_1.17.0\STM32CubeIDE\plugins\com.st.stm32cube.common.mx_6.13.0.202411220809\\db\/plugins/boardmanager/
2026-01-07 11:09:06,934 [WARN] ApiDb:259 - Overriding images path with different value:  => C:\ST\STM32CubeIDE_1.17.0\STM32CubeIDE\plugins\com.st.stm32cube.common.mx_6.13.0.202411220809\\db\/plugins/mcufinder/images/
2026-01-07 11:09:06,940 [INFO] ApiDb:250 - Set database path to: C:\Users\kamil\.stmcufinder\plugins\mcufinder//mcu/
2026-01-07 11:09:06,942 [INFO] DbMcusAds:125 - Set database path to: C:\Users\kamil\.stmcufinder\plugins\mcufinder//mcu/
2026-01-07 11:09:06,949 [INFO] CrossReferenceDbSqlite:203 - Set database path to: C:\Users\kamil\.stmcufinder\plugins\mcufinder//mcu/cs/
2026-01-07 11:09:07,099 [INFO] RulesReader:64 - Compatibility file has been processed (297 Rules)
2026-01-07 11:09:07,221 [INFO] DbMcusXml:78 - Set database path to: C:\ST\STM32CubeIDE_1.17.0\STM32CubeIDE\plugins\com.st.stm32cube.common.mx_6.13.0.202411220809\\db\/mcu/
2026-01-07 11:09:07,221 [INFO] ApiDb:274 - Set plugin database path to: C:\ST\STM32CubeIDE_1.17.0\STM32CubeIDE\plugins\com.st.stm32cube.common.mx_6.13.0.202411220809\\db\/plugins/boardmanager/
2026-01-07 11:09:07,221 [INFO] ApiDb:261 - Set plugin images path to: C:\ST\STM32CubeIDE_1.17.0\STM32CubeIDE\plugins\com.st.stm32cube.common.mx_6.13.0.202411220809\\db\/plugins/mcufinder/images/
2026-01-07 11:09:07,222 [WARN] DbFile:41 - Overriding database path with different value: C:\Users\kamil\.stmcufinder\plugins\mcufinder/ => C:\Users\kamil\.stmcufinder\plugins\mcufinder
2026-01-07 11:09:07,222 [INFO] ApiDb:250 - Set database path to: C:\Users\kamil\.stmcufinder\plugins\mcufinder//mcu/
2026-01-07 11:09:07,222 [WARN] DbFile:41 - Overriding database path with different value: C:\Users\kamil\.stmcufinder\plugins\mcufinder/ => C:\Users\kamil\.stmcufinder\plugins\mcufinder
2026-01-07 11:09:07,222 [INFO] DbMcusAds:125 - Set database path to: C:\Users\kamil\.stmcufinder\plugins\mcufinder//mcu/
2026-01-07 11:09:07,222 [WARN] DbFile:41 - Overriding database path with different value: C:\Users\kamil\.stmcufinder\plugins\mcufinder/ => C:\Users\kamil\.stmcufinder\plugins\mcufinder
2026-01-07 11:09:07,222 [WARN] DbFile:41 - Overriding database path with different value: C:\Users\kamil\.stmcufinder\plugins\mcufinder/ => C:\Users\kamil\.stmcufinder\plugins\mcufinder
2026-01-07 11:09:07,239 [INFO] CrossReferenceDbSqlite:203 - Set database path to: C:\Users\kamil\.stmcufinder\plugins\mcufinder//mcu/cs/
2026-01-07 11:09:07,345 [INFO] MainPanel:272 - HeapMemory: 268435456
2026-01-07 11:09:07,485 [INFO] DbMcusXml:78 - Set database path to: C:\ST\STM32CubeIDE_1.17.0\STM32CubeIDE\plugins\com.st.stm32cube.common.mx_6.13.0.202411220809\\db\/mcu/
2026-01-07 11:09:07,486 [INFO] ApiDb:274 - Set plugin database path to: C:\ST\STM32CubeIDE_1.17.0\STM32CubeIDE\plugins\com.st.stm32cube.common.mx_6.13.0.202411220809\\db\/plugins/boardmanager/
2026-01-07 11:09:07,486 [INFO] ApiDb:261 - Set plugin images path to: C:\ST\STM32CubeIDE_1.17.0\STM32CubeIDE\plugins\com.st.stm32cube.common.mx_6.13.0.202411220809\\db\/plugins/mcufinder/images/
2026-01-07 11:09:07,487 [WARN] DbFile:41 - Overriding database path with different value: C:\Users\kamil\.stmcufinder\plugins\mcufinder/ => C:\Users\kamil\.stmcufinder\plugins\mcufinder
2026-01-07 11:09:07,487 [INFO] ApiDb:250 - Set database path to: C:\Users\kamil\.stmcufinder\plugins\mcufinder//mcu/
2026-01-07 11:09:07,487 [WARN] DbFile:41 - Overriding database path with different value: C:\Users\kamil\.stmcufinder\plugins\mcufinder/ => C:\Users\kamil\.stmcufinder\plugins\mcufinder
2026-01-07 11:09:07,487 [INFO] DbMcusAds:125 - Set database path to: C:\Users\kamil\.stmcufinder\plugins\mcufinder//mcu/
2026-01-07 11:09:07,487 [WARN] DbFile:41 - Overriding database path with different value: C:\Users\kamil\.stmcufinder\plugins\mcufinder/ => C:\Users\kamil\.stmcufinder\plugins\mcufinder
2026-01-07 11:09:07,487 [WARN] DbFile:41 - Overriding database path with different value: C:\Users\kamil\.stmcufinder\plugins\mcufinder/ => C:\Users\kamil\.stmcufinder\plugins\mcufinder
2026-01-07 11:09:07,488 [INFO] CrossReferenceDbSqlite:203 - Set database path to: C:\Users\kamil\.stmcufinder\plugins\mcufinder//mcu/cs/
2026-01-07 11:09:07,525 [INFO] ApplicationProperties:184 - Using Application install path: C:\ST\STM32CubeIDE_1.17.0\STM32CubeIDE\plugins\com.st.stm32cube.common.mx_6.13.0.202411220809
2026-01-07 11:09:07,528 [INFO] PluginManage:196 - Search for loadable plugins [exclusion list=, ]
2026-01-07 11:09:07,530 [INFO] PluginManage:310 - Check plugin analytics
2026-01-07 11:09:07,924 [INFO] AnalyticsPlugin:253 - Accepted Software Licenses: 
2026-01-07 11:09:07,925 [INFO] AnalyticsPlugin:255 - Accepted CMSIS Pack Licenses: 
2026-01-07 11:09:07,925 [INFO] AnalyticsPlugin:257 - Accepted Firmware Licenses: FW.F7.1.17.0,FW.H7.1.12.0
2026-01-07 11:09:07,931 [INFO] PluginManage:359 - Loaded plugin analytics (category:tool,tabindex:-1)
2026-01-07 11:09:07,932 [INFO] PluginManage:310 - Check plugin cadmodel
2026-01-07 11:09:07,941 [INFO] CADModel:105 - Init CAD model plugin
2026-01-07 11:09:07,941 [INFO] PluginManage:359 - Loaded plugin cadmodel (category:power,tabindex:5)
2026-01-07 11:09:07,942 [INFO] PluginManage:310 - Check plugin clock
2026-01-07 11:09:07,961 [INFO] PluginManage:359 - Loaded plugin clock (category:base,tabindex:2)
2026-01-07 11:09:07,961 [INFO] PluginManage:310 - Check plugin ddr
2026-01-07 11:09:07,965 [INFO] PluginManage:359 - Loaded plugin ddr (category:tool,tabindex:6)
2026-01-07 11:09:07,965 [INFO] PluginManage:310 - Check plugin filemanager
2026-01-07 11:09:08,176 [INFO] PluginManage:359 - Loaded plugin filemanager (category:base,tabindex:10)
2026-01-07 11:09:08,176 [INFO] PluginManage:310 - Check plugin ipmanager
2026-01-07 11:09:08,186 [INFO] PluginManage:359 - Loaded plugin ipmanager (category:base,tabindex:5)
2026-01-07 11:09:08,186 [INFO] PluginManage:310 - Check plugin lpbam
2026-01-07 11:09:08,198 [INFO] PluginManage:359 - Loaded plugin lpbam (category:base,tabindex:0)
2026-01-07 11:09:08,199 [INFO] PluginManage:310 - Check plugin memorymap
2026-01-07 11:09:08,212 [INFO] PluginManage:359 - Loaded plugin memorymap (category:base,tabindex:4)
2026-01-07 11:09:08,212 [INFO] PluginManage:310 - Check plugin pinoutandconfiguration
2026-01-07 11:09:08,223 [INFO] PluginManage:359 - Loaded plugin pinoutandconfiguration (category:base,tabindex:1)
2026-01-07 11:09:08,223 [INFO] PluginManage:310 - Check plugin pinoutconfig
2026-01-07 11:09:08,359 [WARN] SupportedApi:132 - Cannot load RTOS API schema: s4s-elt-must-match.1: The content of 'definitions' must match (annotation?, (simpleType | complexType)?, (unique | key | keyref)*)). A problem was found starting at: attribute.
2026-01-07 11:09:08,592 [INFO] PluginManage:359 - Loaded plugin pinoutconfig (category:base,tabindex:0)
2026-01-07 11:09:08,592 [INFO] PluginManage:310 - Check plugin power
2026-01-07 11:09:08,602 [INFO] PluginManage:359 - Loaded plugin power (category:power,tabindex:4)
2026-01-07 11:09:08,602 [INFO] PluginManage:310 - Check plugin projectmanager
2026-01-07 11:09:08,626 [INFO] PluginManage:359 - Loaded plugin projectmanager (category:projectmanager,tabindex:4)
2026-01-07 11:09:08,626 [INFO] PluginManage:310 - Check plugin rif
2026-01-07 11:09:08,634 [INFO] PluginManage:359 - Loaded plugin rif (category:base,tabindex:3)
2026-01-07 11:09:08,635 [INFO] PluginManage:310 - Check plugin thirdparty
2026-01-07 11:09:08,830 [INFO] PluginManage:359 - Loaded plugin thirdparty (category:base,tabindex:-1)
2026-01-07 11:09:08,830 [WARN] IntegrityCheckThread:84 - waiting for thirdparty lock release [integrity check]
2026-01-07 11:09:08,831 [INFO] PluginManage:310 - Check plugin tools
2026-01-07 11:09:08,831 [INFO] IntegrityCheckThread:86 - entering critical section [integrity check]
2026-01-07 11:09:08,831 [INFO] ThirdPartyUpdaterWithRetryManager:70 - Updater plugin not ready yet. [1/15]
2026-01-07 11:09:08,834 [INFO] PluginManage:359 - Loaded plugin tools (category:base,tabindex:7)
2026-01-07 11:09:08,835 [INFO] PluginManage:310 - Check plugin tutovideos
2026-01-07 11:09:09,104 [INFO] PluginManage:359 - Loaded plugin tutovideos (category:base,tabindex:-1)
2026-01-07 11:09:09,104 [INFO] PluginManage:310 - Check plugin updater
2026-01-07 11:09:09,130 [INFO] PluginManage:359 - Loaded plugin updater (category:base,tabindex:12)
2026-01-07 11:09:09,130 [INFO] PluginManage:310 - Check plugin userauth
2026-01-07 11:09:09,134 [INFO] UserAuth:118 - Init User Auth plugin
2026-01-07 11:09:09,135 [INFO] PluginManage:359 - Loaded plugin userauth (category:base,tabindex:14)
2026-01-07 11:09:09,136 [INFO] PluginManage:283 - PluginManage : Loaded plugins [18]
2026-01-07 11:09:09,490 [INFO] PinOutPanel:1589 - setPackage(No Configuration,No Configuration)
2026-01-07 11:09:09,604 [INFO] CADModel:165 - CPN selected for project level
2026-01-07 11:09:09,604 [INFO] CADModel:114 - Register for checkConnection events
2026-01-07 11:09:09,626 [INFO] IPUIPlugin:80 - create IPUIPlugin
2026-01-07 11:09:09,627 [INFO] PluginManager:220 - loadIPPluginJar : add adc
2026-01-07 11:09:09,632 [INFO] IPUIPlugin:80 - create IPUIPlugin
2026-01-07 11:09:09,632 [INFO] PluginManager:220 - loadIPPluginJar : add aes
2026-01-07 11:09:09,639 [INFO] IPUIPlugin:80 - create IPUIPlugin
2026-01-07 11:09:09,639 [INFO] PluginManager:220 - loadIPPluginJar : add can
2026-01-07 11:09:09,640 [INFO] IPUIPlugin:80 - create IPUIPlugin
2026-01-07 11:09:09,640 [INFO] PluginManager:220 - loadIPPluginJar : add comp
2026-01-07 11:09:09,645 [INFO] IPUIPlugin:80 - create IPUIPlugin
2026-01-07 11:09:09,645 [INFO] PluginManager:220 - loadIPPluginJar : add cryp
2026-01-07 11:09:09,651 [INFO] IPUIPlugin:80 - create IPUIPlugin
2026-01-07 11:09:09,651 [INFO] PluginManager:220 - loadIPPluginJar : add ddr_ctrl_phy
2026-01-07 11:09:09,654 [INFO] IPUIPlugin:80 - create IPUIPlugin
2026-01-07 11:09:09,654 [INFO] PluginManager:220 - loadIPPluginJar : add dfsdm
2026-01-07 11:09:09,660 [INFO] IPUIPlugin:80 - create IPUIPlugin
2026-01-07 11:09:09,661 [INFO] PluginManager:220 - loadIPPluginJar : add dma
2026-01-07 11:09:09,664 [INFO] IPUIPlugin:80 - create IPUIPlugin
2026-01-07 11:09:09,665 [INFO] PluginManager:220 - loadIPPluginJar : add dma3
2026-01-07 11:09:09,671 [INFO] IPUIPlugin:80 - create IPUIPlugin
2026-01-07 11:09:09,671 [INFO] PluginManager:220 - loadIPPluginJar : add extmemmanager
2026-01-07 11:09:09,674 [INFO] IPUIPlugin:80 - create IPUIPlugin
2026-01-07 11:09:09,674 [INFO] PluginManager:220 - loadIPPluginJar : add fatfs
2026-01-07 11:09:09,681 [INFO] IPUIPlugin:80 - create IPUIPlugin
2026-01-07 11:09:09,681 [INFO] PluginManager:220 - loadIPPluginJar : add fmc
2026-01-07 11:09:09,691 [INFO] IPUIPlugin:80 - create IPUIPlugin
2026-01-07 11:09:09,692 [INFO] PluginManager:220 - loadIPPluginJar : add freertos
2026-01-07 11:09:09,696 [INFO] IPUIPlugin:80 - create IPUIPlugin
2026-01-07 11:09:09,696 [INFO] PluginManager:220 - loadIPPluginJar : add genericplugin
2026-01-07 11:09:09,700 [INFO] IPUIPlugin:80 - create IPUIPlugin
2026-01-07 11:09:09,701 [INFO] PluginManager:220 - loadIPPluginJar : add gfxmmu
2026-01-07 11:09:09,709 [INFO] IPUIPlugin:80 - create IPUIPlugin
2026-01-07 11:09:09,709 [INFO] PluginManager:220 - loadIPPluginJar : add gic
2026-01-07 11:09:09,716 [INFO] IPUIPlugin:80 - create IPUIPlugin
2026-01-07 11:09:09,716 [INFO] PluginManager:220 - loadIPPluginJar : add gpio
2026-01-07 11:09:09,719 [INFO] IPUIPlugin:80 - create IPUIPlugin
2026-01-07 11:09:09,719 [INFO] PluginManager:220 - loadIPPluginJar : add gtzc
2026-01-07 11:09:09,723 [INFO] IPUIPlugin:80 - create IPUIPlugin
2026-01-07 11:09:09,724 [INFO] PluginManager:220 - loadIPPluginJar : add hash
2026-01-07 11:09:09,727 [INFO] IPUIPlugin:80 - create IPUIPlugin
2026-01-07 11:09:09,728 [INFO] PluginManager:220 - loadIPPluginJar : add i2c
2026-01-07 11:09:09,732 [INFO] IPUIPlugin:80 - create IPUIPlugin
2026-01-07 11:09:09,732 [INFO] PluginManager:220 - loadIPPluginJar : add i2s
2026-01-07 11:09:09,737 [INFO] IPUIPlugin:80 - create IPUIPlugin
2026-01-07 11:09:09,737 [INFO] PluginManager:220 - loadIPPluginJar : add i3c
2026-01-07 11:09:09,742 [INFO] IPUIPlugin:80 - create IPUIPlugin
2026-01-07 11:09:09,742 [INFO] PluginManager:220 - loadIPPluginJar : add ipddr
2026-01-07 11:09:09,751 [INFO] IPUIPlugin:80 - create IPUIPlugin
2026-01-07 11:09:09,751 [INFO] PluginManager:220 - loadIPPluginJar : add linkedlist
2026-01-07 11:09:09,755 [INFO] IPUIPlugin:80 - create IPUIPlugin
2026-01-07 11:09:09,755 [INFO] PluginManager:220 - loadIPPluginJar : add lorawan
2026-01-07 11:09:09,757 [INFO] IPUIPlugin:80 - create IPUIPlugin
2026-01-07 11:09:09,757 [INFO] PluginManager:220 - loadIPPluginJar : add ltdc
2026-01-07 11:09:09,764 [INFO] IPUIPlugin:80 - create IPUIPlugin
2026-01-07 11:09:09,764 [INFO] PluginManager:220 - loadIPPluginJar : add mdma
2026-01-07 11:09:09,768 [INFO] IPUIPlugin:80 - create IPUIPlugin
2026-01-07 11:09:09,768 [INFO] PluginManager:220 - loadIPPluginJar : add nvic
2026-01-07 11:09:09,773 [INFO] IPUIPlugin:80 - create IPUIPlugin
2026-01-07 11:09:09,774 [INFO] PluginManager:220 - loadIPPluginJar : add opamp
2026-01-07 11:09:09,777 [INFO] IPUIPlugin:80 - create IPUIPlugin
2026-01-07 11:09:09,778 [INFO] PluginManager:220 - loadIPPluginJar : add openamp
2026-01-07 11:09:09,781 [INFO] IPUIPlugin:80 - create IPUIPlugin
2026-01-07 11:09:09,781 [INFO] PluginManager:220 - loadIPPluginJar : add pdm2pcm
2026-01-07 11:09:09,789 [INFO] IPUIPlugin:80 - create IPUIPlugin
2026-01-07 11:09:09,792 [INFO] PluginManager:220 - loadIPPluginJar : add plateformsettings
2026-01-07 11:09:09,795 [INFO] IPUIPlugin:80 - create IPUIPlugin
2026-01-07 11:09:09,795 [INFO] PluginManager:220 - loadIPPluginJar : add quadspi
2026-01-07 11:09:09,798 [INFO] IPUIPlugin:80 - create IPUIPlugin
2026-01-07 11:09:09,802 [INFO] PluginManager:220 - loadIPPluginJar : add radio
2026-01-07 11:09:09,806 [INFO] IPUIPlugin:80 - create IPUIPlugin
2026-01-07 11:09:09,806 [INFO] PluginManager:220 - loadIPPluginJar : add resmgrutility
2026-01-07 11:09:09,812 [INFO] IPUIPlugin:80 - create IPUIPlugin
2026-01-07 11:09:09,813 [INFO] PluginManager:220 - loadIPPluginJar : add sai
2026-01-07 11:09:09,816 [INFO] IPUIPlugin:80 - create IPUIPlugin
2026-01-07 11:09:09,817 [INFO] PluginManager:220 - loadIPPluginJar : add spi
2026-01-07 11:09:09,824 [INFO] IPUIPlugin:80 - create IPUIPlugin
2026-01-07 11:09:09,824 [INFO] PluginManager:220 - loadIPPluginJar : add stm32_wpan
2026-01-07 11:09:09,826 [INFO] IPUIPlugin:80 - create IPUIPlugin
2026-01-07 11:09:09,826 [INFO] PluginManager:220 - loadIPPluginJar : add tim
2026-01-07 11:09:09,830 [INFO] IPUIPlugin:80 - create IPUIPlugin
2026-01-07 11:09:09,831 [INFO] PluginManager:220 - loadIPPluginJar : add touchsensing
2026-01-07 11:09:09,833 [INFO] IPUIPlugin:80 - create IPUIPlugin
2026-01-07 11:09:09,833 [INFO] PluginManager:220 - loadIPPluginJar : add tracer_emb
2026-01-07 11:09:09,836 [INFO] IPUIPlugin:80 - create IPUIPlugin
2026-01-07 11:09:09,836 [INFO] PluginManager:220 - loadIPPluginJar : add ts
2026-01-07 11:09:09,838 [INFO] IPUIPlugin:80 - create IPUIPlugin
2026-01-07 11:09:09,838 [INFO] PluginManager:220 - loadIPPluginJar : add tsc
2026-01-07 11:09:09,842 [INFO] IPUIPlugin:80 - create IPUIPlugin
2026-01-07 11:09:09,842 [INFO] PluginManager:220 - loadIPPluginJar : add ucpd
2026-01-07 11:09:09,845 [INFO] IPUIPlugin:80 - create IPUIPlugin
2026-01-07 11:09:09,845 [INFO] PluginManager:220 - loadIPPluginJar : add usart
2026-01-07 11:09:09,848 [INFO] IPUIPlugin:80 - create IPUIPlugin
2026-01-07 11:09:09,848 [INFO] PluginManager:220 - loadIPPluginJar : add usbx
2026-01-07 11:09:10,005 [FATAL] Updater:351 - Updater called before beeing initialized
2026-01-07 11:09:10,064 [INFO] RulesReader:64 - Compatibility file has been processed (297 Rules)
2026-01-07 11:09:10,085 [INFO] RulesReader:64 - Compatibility file has been processed (297 Rules)
2026-01-07 11:09:10,122 [INFO] CADModel:165 - CPN selected for project level
2026-01-07 11:09:10,122 [INFO] CADModel:114 - Register for checkConnection events
2026-01-07 11:09:10,122 [FATAL] Updater:351 - Updater called before beeing initialized
2026-01-07 11:09:10,123 [ERROR] CADModel:125 - Updater not yet initialized, retry later 
2026-01-07 11:09:10,380 [FATAL] Updater:351 - Updater called before beeing initialized
2026-01-07 11:09:10,382 [INFO] CADModel:165 - CPN selected for project level
2026-01-07 11:09:10,383 [INFO] CADModel:114 - Register for checkConnection events
2026-01-07 11:09:10,383 [FATAL] Updater:351 - Updater called before beeing initialized
2026-01-07 11:09:10,383 [ERROR] CADModel:125 - Updater not yet initialized, retry later 
2026-01-07 11:09:10,387 [FATAL] Updater:351 - Updater called before beeing initialized
2026-01-07 11:09:10,542 [FATAL] Updater:351 - Updater called before beeing initialized
2026-01-07 11:09:10,548 [INFO] DbMcusAds:53 - JSON generation date=Tue Dec 16 00:11:46 CET 2025 (1765840306612)
2026-01-07 11:09:10,548 [FATAL] Updater:351 - Updater called before beeing initialized
2026-01-07 11:09:10,602 [WARN] DetailPanel:346 - Failed to get advertising image, set to default
2026-01-07 11:09:10,883 [FATAL] Updater:351 - Updater called before beeing initialized
2026-01-07 11:09:10,886 [FATAL] Updater:351 - Updater called before beeing initialized
2026-01-07 11:09:10,886 [FATAL] Updater:351 - Updater called before beeing initialized
2026-01-07 11:09:10,886 [WARN] DetailPanel:346 - Failed to get advertising image, set to default
2026-01-07 11:09:10,888 [FATAL] Updater:351 - Updater called before beeing initialized
2026-01-07 11:09:10,981 [ERROR] Updater:1198 - MainUpdater not yet initialized. External WinMGr cannot be set.
2026-01-07 11:09:10,985 [INFO] Updater:1134 - Updater Version found : 6.13.0
2026-01-07 11:09:11,017 [INFO] ApplicationProperties:184 - Using Application install path: C:\ST\STM32CubeIDE_1.17.0\STM32CubeIDE\plugins\com.st.stm32cube.common.mx_6.13.0.202411220809
2026-01-07 11:09:11,492 [INFO] MainUpdater:2872 - connection check result : 10
2026-01-07 11:09:11,494 [INFO] MainUpdater:289 - Updater Check For Update Now.
2026-01-07 11:09:11,494 [INFO] MicroXplorer:498 - Change Database Version : DB.6.0.130
2026-01-07 11:09:11,722 [INFO] CheckServerUpdateThread:120 - End of CheckServer Thread
2026-01-07 11:09:11,735 [INFO] MainUpdater:2872 - connection check result : 10
2026-01-07 11:09:11,737 [INFO] MainUpdater:2872 - connection check result : 10
2026-01-07 11:09:11,852 [INFO] MicroXplorer:468 - Change Database Path : 
2026-01-07 11:09:11,852 [INFO] MicroXplorer:498 - Change Database Version : DB.6.0.130
2026-01-07 11:09:11,892 [WARN] ThirdParty:871 - waiting for thirdparty lock release [close project]
2026-01-07 11:09:12,153 [WARN] PackLoader:240 - Cannot read IP mode file for STMicroelectronics.FP-SNS-MOTENVWB1.1.4.0
2026-01-07 11:09:12,165 [WARN] PackLoader:240 - Cannot read IP mode file for STMicroelectronics.FP-ATR-ASTRA1.2.0.2
2026-01-07 11:09:12,169 [WARN] PackLoader:240 - Cannot read IP mode file for STMicroelectronics.FP-ATR-ASTRA1.2.0.1
2026-01-07 11:09:12,179 [WARN] PackLoader:240 - Cannot read IP mode file for STMicroelectronics.X-CUBE-SMBUS.2.1.0
2026-01-07 11:09:12,189 [WARN] PackLoader:240 - Cannot read IP mode file for STMicroelectronics.X-CUBE-WB05N.1.1.0
2026-01-07 11:09:12,196 [WARN] PackLoader:240 - Cannot read IP mode file for STMicroelectronics.X-CUBE-ST60.1.0.0
2026-01-07 11:09:12,223 [WARN] PackLoader:240 - Cannot read IP mode file for STMicroelectronics.X-CUBE-AZRTOS-F7.1.1.0
2026-01-07 11:09:12,405 [WARN] PackLoader:240 - Cannot read IP mode file for STMicroelectronics.X-CUBE-MEMS1.11.0.0
2026-01-07 11:09:12,509 [ERROR] Engine:466 - C:\Users\kamil\.stm32cubemx\thirdparties\pdsc\STMicroelectronics.FP-SNS-MOTENV1.5.1.0.pdsc: PDSC version is not supported
2026-01-07 11:09:12,516 [WARN] PackLoader:240 - Cannot read IP mode file for STMicroelectronics.FP-SNS-FLIGHT1.5.0.2
2026-01-07 11:09:12,536 [WARN] PackLoader:240 - Cannot read IP mode file for STMicroelectronics.X-CUBE-AZRTOS-H7.3.4.0
2026-01-07 11:09:12,545 [WARN] PackLoader:240 - Cannot read IP mode file for STMicroelectronics.X-CUBE-DISPLAY.3.0.0
2026-01-07 11:09:12,553 [WARN] PackLoader:240 - Cannot read IP mode file for STMicroelectronics.X-CUBE-BLE1.7.0.0
2026-01-07 11:09:12,559 [WARN] PackLoader:240 - Cannot read IP mode file for STMicroelectronics.X-CUBE-NFC10.1.0.0
2026-01-07 11:09:12,567 [WARN] PackLoader:240 - Cannot read IP mode file for STMicroelectronics.X-CUBE-BLEMGR.4.0.0
2026-01-07 11:09:12,573 [WARN] PackLoader:240 - Cannot read IP mode file for STMicroelectronics.X-CUBE-ST60.1.1.0
2026-01-07 11:09:12,579 [WARN] PackLoader:240 - Cannot read IP mode file for emotas.I-CUBE-CANOPEN.1.3.0
2026-01-07 11:09:12,584 [WARN] PackLoader:240 - Cannot read IP mode file for STMicroelectronics.X-CUBE-GNSS1.7.1.0
2026-01-07 11:09:12,597 [WARN] PackLoader:240 - Cannot read IP mode file for STMicroelectronics.X-CUBE-BLEMGR.3.1.0
2026-01-07 11:09:12,603 [WARN] PackLoader:240 - Cannot read IP mode file for STMicroelectronics.X-CUBE-AI.10.0.0
2026-01-07 11:09:12,606 [ERROR] Engine:466 - C:\Users\kamil\.stm32cubemx\thirdparties\pdsc\STMicroelectronics.FP-SNS-STBOX1.2.1.0.pdsc: PDSC version is not supported
2026-01-07 11:09:12,610 [WARN] PackLoader:240 - Cannot read IP mode file for STMicroelectronics.FP-SNS-SMARTAG2.1.2.0
2026-01-07 11:09:12,614 [WARN] PackLoader:240 - Cannot read IP mode file for STMicroelectronics.FP-SNS-FLIGHT1.5.1.0
2026-01-07 11:09:12,645 [WARN] PackLoader:240 - Cannot read IP mode file for STMicroelectronics.X-CUBE-MEMS1.11.1.0
2026-01-07 11:09:12,723 [INFO] LogOutputStream:77 - [STDOUT_REDIRECT] 1 : Invalid condition id : UX_CORESTACK_Condition cause : null
2026-01-07 11:09:12,724 [INFO] LogOutputStream:77 - [STDOUT_REDIRECT] 1 : Invalid condition id : UX_CORESTACK_Condition cause : null
2026-01-07 11:09:12,725 [INFO] LogOutputStream:77 - [STDOUT_REDIRECT] 1 : Invalid condition id : UX_CORESTACK_Condition cause : null
2026-01-07 11:09:12,726 [INFO] LogOutputStream:77 - [STDOUT_REDIRECT] 1 : Invalid condition id : UX_CORESTACK_Condition cause : null
2026-01-07 11:09:12,726 [INFO] LogOutputStream:77 - [STDOUT_REDIRECT] 1 : Invalid condition id : UX_CORESTACK_Condition cause : null
2026-01-07 11:09:12,729 [WARN] PackLoader:240 - Cannot read IP mode file for STMicroelectronics.X-CUBE-AZRTOS-WL.2.0.0
2026-01-07 11:09:12,734 [WARN] PackLoader:240 - Cannot read IP mode file for STMicroelectronics.FP-SNS-MOTENV1.5.0.0
2026-01-07 11:09:12,761 [WARN] PackLoader:240 - Cannot read IP mode file for STMicroelectronics.X-CUBE-AZRTOS-H7RS.1.2.0
2026-01-07 11:09:12,767 [WARN] PackLoader:240 - Cannot read IP mode file for wolfSSL.I-CUBE-wolfMQTT.1.19.0
2026-01-07 11:09:12,774 [WARN] PackLoader:240 - Cannot read IP mode file for WES.I-CUBE-Cesium.1.3.0
2026-01-07 11:09:12,778 [WARN] PackLoader:240 - Cannot read IP mode file for STMicroelectronics.X-CUBE-BLE2.3.3.0
2026-01-07 11:09:12,795 [WARN] PackLoader:240 - Cannot read IP mode file for STMicroelectronics.X-CUBE-NFC9.1.0.0
2026-01-07 11:09:12,800 [WARN] PackLoader:240 - Cannot read IP mode file for STMicroelectronics.X-CUBE-BLE1.7.1.0
2026-01-07 11:09:12,804 [WARN] PackLoader:240 - Cannot read IP mode file for STMicroelectronics.X-CUBE-TCPP.4.1.0
2026-01-07 11:09:12,807 [ERROR] Engine:466 - C:\Users\kamil\.stm32cubemx\thirdparties\pdsc\STMicroelectronics.X-CUBE-FREERTOS.1.4.0.pdsc: PDSC version is not supported
2026-01-07 11:09:12,812 [WARN] PackLoader:240 - Cannot read IP mode file for STMicroelectronics.X-CUBE-EEPRMA1.5.2.0
2026-01-07 11:09:12,816 [ERROR] Engine:466 - C:\Users\kamil\.stm32cubemx\thirdparties\pdsc\STMicroelectronics.X-CUBE-ST67W61.1.1.0.pdsc: PDSC version is not supported
2026-01-07 11:09:12,862 [WARN] PackLoader:240 - Cannot read IP mode file for STMicroelectronics.X-CUBE-MEMS1.12.0.0
2026-01-07 11:09:12,959 [WARN] PackLoader:240 - Cannot read IP mode file for STMicroelectronics.X-CUBE-AZRTOS-G0.1.1.0
2026-01-07 11:09:12,968 [WARN] PackLoader:240 - Cannot read IP mode file for STMicroelectronics.X-CUBE-SAFEA1.1.2.2
2026-01-07 11:09:12,973 [WARN] PackLoader:240 - Cannot read IP mode file for STMicroelectronics.X-CUBE-NFC4.3.0.0
2026-01-07 11:09:12,980 [WARN] PackLoader:240 - Cannot read IP mode file for EmbeddedOffice.I-CUBE-FS-RTOS.1.0.1
2026-01-07 11:09:12,985 [WARN] PackLoader:240 - Cannot read IP mode file for STMicroelectronics.X-CUBE-WB05N.2.0.0
2026-01-07 11:09:12,990 [WARN] PackLoader:240 - Cannot read IP mode file for STMicroelectronics.X-CUBE-TCPP.4.2.0
2026-01-07 11:09:12,998 [WARN] PackLoader:240 - Cannot read IP mode file for RealThread.X-CUBE-RT-Thread_Nano.4.1.1
2026-01-07 11:09:13,002 [WARN] PackLoader:240 - Cannot read IP mode file for STMicroelectronics.FP-ATR-SIGFOX1.3.2.0
2026-01-07 11:09:13,006 [WARN] PackLoader:240 - Cannot read IP mode file for wolfSSL.I-CUBE-wolfSSL.5.7.2
2026-01-07 11:09:13,010 [WARN] ConditionMgr:438 - getConditionDescription Invalid condition id : Cortex-A Device cause : null
2026-01-07 11:09:13,032 [WARN] ConditionMgr:1044 - genDependencies : Invalid condition id : Cortex-A Device cause : null
2026-01-07 11:09:13,033 [WARN] ConditionMgr:1044 - genDependencies : Invalid condition id : Cortex-A Device cause : null
2026-01-07 11:09:13,033 [WARN] ConditionMgr:1044 - genDependencies : Invalid condition id : Cortex-A Device cause : null
2026-01-07 11:09:13,039 [WARN] PackLoader:240 - Cannot read IP mode file for STMicroelectronics.X-CUBE-EEPRMA1.5.1.0
2026-01-07 11:09:13,047 [WARN] PackLoader:240 - Cannot read IP mode file for ITTIA_DB.I-CUBE-ITTIADB.8.9.0
2026-01-07 11:09:13,054 [WARN] PackLoader:240 - Cannot read IP mode file for STMicroelectronics.X-CUBE-ST67W61.1.0.0
2026-01-07 11:09:13,058 [WARN] PackLoader:240 - Cannot read IP mode file for STMicroelectronics.X-CUBE-AI.10.2.0
2026-01-07 11:09:13,074 [WARN] PackLoader:240 - Cannot read IP mode file for SEGGER.I-CUBE-embOS.1.3.1
2026-01-07 11:09:13,095 [WARN] PackLoader:240 - Cannot read IP mode file for STMicroelectronics.X-CUBE-ALGOBUILD.1.4.0
2026-01-07 11:09:13,125 [WARN] PackLoader:240 - Cannot read IP mode file for STMicroelectronics.X-CUBE-MEMS1.11.3.0
2026-01-07 11:09:13,202 [WARN] PackLoader:240 - Cannot read IP mode file for STMicroelectronics.X-CUBE-AI.9.1.0
2026-01-07 11:09:13,206 [WARN] PackLoader:240 - Cannot read IP mode file for STMicroelectronics.X-CUBE-PM33A1.1.0.0
2026-01-07 11:09:13,220 [WARN] PackLoader:240 - Cannot read IP mode file for STMicroelectronics.X-CUBE-AZRTOS-F4.1.1.0
2026-01-07 11:09:13,227 [WARN] PackLoader:240 - Cannot read IP mode file for STMicroelectronics.X-CUBE-ISPU.2.1.0
2026-01-07 11:09:13,231 [ERROR] Engine:466 - C:\Users\kamil\.stm32cubemx\thirdparties\pdsc\STMicroelectronics.X-CUBE-IPS.3.2.0.pdsc: PDSC version is not supported
2026-01-07 11:09:13,235 [WARN] PackLoader:240 - Cannot read IP mode file for STMicroelectronics.X-CUBE-FREERTOS.1.2.0
2026-01-07 11:09:13,241 [WARN] PackLoader:240 - Cannot read IP mode file for STMicroelectronics.X-CUBE-NFC12.1.0.0
2026-01-07 11:09:13,253 [WARN] PackLoader:240 - Cannot read IP mode file for STMicroelectronics.X-CUBE-AZRTOS-L5.2.0.0
2026-01-07 11:09:13,262 [WARN] PackLoader:240 - Cannot read IP mode file for STMicroelectronics.X-CUBE-NFC6.3.1.0
2026-01-07 11:09:13,268 [WARN] PackLoader:240 - Cannot read IP mode file for STMicroelectronics.X-CUBE-DPower.1.2.0
2026-01-07 11:09:13,272 [WARN] PackLoader:240 - Cannot read IP mode file for STMicroelectronics.X-CUBE-FREERTOS.1.3.1
2026-01-07 11:09:13,276 [WARN] PackLoader:240 - Cannot read IP mode file for STMicroelectronics.X-CUBE-FREERTOS.1.3.0
2026-01-07 11:09:13,281 [WARN] PackLoader:240 - Cannot read IP mode file for STMicroelectronics.X-CUBE-NFC7.1.0.1
2026-01-07 11:09:13,286 [WARN] PackLoader:240 - Cannot read IP mode file for STMicroelectronics.X-CUBE-TOUCHGFX.4.26.0
2026-01-07 11:09:13,290 [WARN] PackLoader:240 - Cannot read IP mode file for STMicroelectronics.FP-SNS-STAIOTCFT.1.0.0
2026-01-07 11:09:13,294 [WARN] PackLoader:240 - Cannot read IP mode file for STMicroelectronics.X-CUBE-DPower.1.3.0
2026-01-07 11:09:13,310 [WARN] ConditionMgr:438 - getConditionDescription Invalid condition id : LAN8742 Phy interface Condition cause : null
2026-01-07 11:09:13,311 [WARN] PackLoader:240 - Cannot read IP mode file for STMicroelectronics.X-CUBE-AZRTOS-L4.2.0.0
2026-01-07 11:09:13,312 [WARN] ConditionMgr:1044 - genDependencies : Invalid condition id : LAN8742 Phy interface Condition cause : null
2026-01-07 11:09:13,312 [WARN] ConditionMgr:1044 - genDependencies : Invalid condition id : LAN8742 Phy interface Condition cause : null
2026-01-07 11:09:13,313 [WARN] ConditionMgr:1044 - genDependencies : Invalid condition id : LAN8742 Phy interface Condition cause : null
2026-01-07 11:09:13,319 [WARN] PackLoader:240 - Cannot read IP mode file for STMicroelectronics.X-CUBE-SFXS2LP1.4.0.0
2026-01-07 11:09:13,331 [WARN] PackLoader:240 - Cannot read IP mode file for STMicroelectronics.X-CUBE-AZRTOS-H7.3.3.0
2026-01-07 11:09:13,340 [WARN] PackLoader:240 - Cannot read IP mode file for STMicroelectronics.X-CUBE-BLEMGR.4.1.0
2026-01-07 11:09:13,349 [WARN] PackLoader:240 - Cannot read IP mode file for STMicroelectronics.X-CUBE-IPS.3.0.0
2026-01-07 11:09:13,360 [WARN] ConditionMgr:438 - getConditionDescription Invalid condition id : UX DEVICE CLASS RTOS Condition cause : null
2026-01-07 11:09:13,360 [WARN] ConditionMgr:438 - getConditionDescription Invalid condition id : UX DEVICE CLASS RTOS Condition cause : null
2026-01-07 11:09:13,361 [WARN] PackLoader:240 - Cannot read IP mode file for STMicroelectronics.X-CUBE-AZRTOS-WB.2.0.0
2026-01-07 11:09:13,361 [WARN] ConditionMgr:1044 - genDependencies : Invalid condition id : UX DEVICE CLASS RTOS Condition cause : null
2026-01-07 11:09:13,362 [WARN] ConditionMgr:1044 - genDependencies : Invalid condition id : UX DEVICE CLASS RTOS Condition cause : null
2026-01-07 11:09:13,362 [WARN] ConditionMgr:1044 - genDependencies : Invalid condition id : UX DEVICE CLASS RTOS Condition cause : null
2026-01-07 11:09:13,362 [WARN] ConditionMgr:1044 - genDependencies : Invalid condition id : UX DEVICE CLASS RTOS Condition cause : null
2026-01-07 11:09:13,362 [WARN] ConditionMgr:1044 - genDependencies : Invalid condition id : UX DEVICE CLASS RTOS Condition cause : null
2026-01-07 11:09:13,367 [WARN] PackLoader:240 - Cannot read IP mode file for STMicroelectronics.X-CUBE-GNSS1.7.0.0
2026-01-07 11:09:13,371 [WARN] PackLoader:240 - Cannot read IP mode file for STMicroelectronics.X-CUBE-GNSS1.7.0.1
2026-01-07 11:09:13,375 [WARN] PackLoader:240 - Cannot read IP mode file for STMicroelectronics.X-CUBE-TOUCHGFX.4.25.0
2026-01-07 11:09:13,382 [WARN] PackLoader:240 - Cannot read IP mode file for STMicroelectronics.FP-SNS-STBOX1.2.0.0
2026-01-07 11:09:13,391 [WARN] PackLoader:240 - Cannot read IP mode file for STMicroelectronics.X-CUBE-SUBG2.5.0.0
2026-01-07 11:09:13,403 [WARN] PackLoader:240 - Cannot read IP mode file for STMicroelectronics.X-CUBE-AZRTOS-H7RS.1.1.0
2026-01-07 11:09:13,409 [WARN] PackLoader:240 - Cannot read IP mode file for Cesanta.I-CUBE-Mongoose.7.13.0
2026-01-07 11:09:13,419 [WARN] PackLoader:240 - Cannot read IP mode file for STMicroelectronics.X-CUBE-AZRTOS-G4.2.0.0
2026-01-07 11:09:13,424 [WARN] PackLoader:240 - Cannot read IP mode file for STMicroelectronics.X-CUBE-NFC7.2.0.0
2026-01-07 11:09:13,432 [WARN] PackLoader:240 - Cannot read IP mode file for STMicroelectronics.X-CUBE-IPS.3.1.0
2026-01-07 11:09:13,440 [WARN] PackLoader:240 - Cannot read IP mode file for STMicroelectronics.X-CUBE-ALS.1.0.2
2026-01-07 11:09:13,444 [WARN] PackLoader:240 - Cannot read IP mode file for STMicroelectronics.X-CUBE-TOUCHGFX.4.24.1
2026-01-07 11:09:13,448 [WARN] PackLoader:240 - Cannot read IP mode file for STMicroelectronics.X-CUBE-STSE01.1.0.0
2026-01-07 11:09:13,452 [WARN] PackLoader:240 - Cannot read IP mode file for wolfSSL.I-CUBE-wolfTPM.3.4.0
2026-01-07 11:09:13,457 [WARN] PackLoader:240 - Cannot read IP mode file for portGmbH.I-Cube-SoM-uGOAL.1.1.0
2026-01-07 11:09:13,468 [WARN] PackLoader:240 - Cannot read IP mode file for STMicroelectronics.X-CUBE-AZRTOS-H7RS.1.0.0
2026-01-07 11:09:13,474 [WARN] PackLoader:240 - Cannot read IP mode file for STMicroelectronics.FP-ATR-ASTRA1.2.0.0
2026-01-07 11:09:13,484 [WARN] PackLoader:240 - Cannot read IP mode file for STMicroelectronics.X-CUBE-TOF1.3.4.2
2026-01-07 11:09:13,498 [WARN] PackLoader:240 - Cannot read IP mode file for STMicroelectronics.X-CUBE-TOF1.3.4.3
2026-01-07 11:09:13,514 [WARN] PackLoader:240 - Cannot read IP mode file for Infineon.AIROC-Wi-Fi-Bluetooth-STM32.1.6.1
2026-01-07 11:09:13,520 [WARN] PackLoader:240 - Cannot read IP mode file for wolfSSL.I-CUBE-wolfSSH.1.4.17
2026-01-07 11:09:13,520 [INFO] ThirdParty:978 - Integrity check success = true
2026-01-07 11:09:13,520 [INFO] IntegrityCheckThread:100 - exiting critical section [integrity check]
2026-01-07 11:09:13,521 [INFO] IntegrityCheckThread:103 - End integrity checks thread
2026-01-07 11:09:13,521 [INFO] ThirdParty:873 - entering critical section [close project]
2026-01-07 11:09:13,522 [INFO] ThirdParty:883 - exiting critical section [close project]
2026-01-07 11:09:13,525 [INFO] PinOutPanel:1589 - setPackage(No Configuration,No Configuration)
2026-01-07 11:09:13,532 [INFO] UtilMem:75 - Begin LoadConfig() Used Memory: 240565848 Bytes (268435456)
2026-01-07 11:09:13,534 [INFO] MicroXplorer:468 - Change Database Path : 
2026-01-07 11:09:13,534 [INFO] MicroXplorer:498 - Change Database Version : DB.6.0.130
2026-01-07 11:09:13,534 [INFO] OpenFileManager:332 - Change cursor
2026-01-07 11:09:13,569 [INFO] Mcu:2035 - Initializing MCU STM32H743IITx STM32H743IITx STM32H743IIT6
2026-01-07 11:09:19,275 [INFO] Context:748 - Trying to add GPIOservice into a context  which must be forbidden
2026-01-07 11:09:21,017 [INFO] RtosManager:555 - Registered RTOS mode: class=CMSIS, group=RTOS, mode=CMSIS_V1, owner=FREERTOS
2026-01-07 11:09:21,017 [INFO] RtosManager:555 - Registered RTOS mode: class=CMSIS, group=RTOS2, mode=CMSIS_V2, owner=FREERTOS
2026-01-07 11:09:21,017 [INFO] RtosManager:555 - Registered RTOS mode: class=RTOS, group=Core, mode=CMSIS_V1, owner=FREERTOS
2026-01-07 11:09:21,017 [INFO] RtosManager:555 - Registered RTOS mode: class=RTOS, group=Core, mode=CMSIS_V2, owner=FREERTOS
2026-01-07 11:09:21,017 [WARN] ModelIntegratedComponent:184 - Missing modes for component STMicroelectronics:FreeRTOS:0.0.1:STMicroelectronics:RTOS:FreeRTOS:Core:::10.2.0:
2026-01-07 11:09:21,026 [WARN] ModelIntegratedComponent:63 - No mode defined for component null
2026-01-07 11:09:21,026 [WARN] ModelIntegratedComponent:63 - No mode defined for component null
2026-01-07 11:09:21,026 [WARN] ModelIntegratedComponent:63 - No mode defined for component null
2026-01-07 11:09:21,026 [WARN] ModelIntegratedComponent:63 - No mode defined for component null
2026-01-07 11:09:21,026 [WARN] ModelIntegratedComponent:63 - No mode defined for component null
2026-01-07 11:09:21,026 [WARN] ModelIntegratedComponent:63 - No mode defined for component null
2026-01-07 11:09:21,026 [WARN] ModelIntegratedComponent:63 - No mode defined for component null
2026-01-07 11:09:21,026 [WARN] ModelIntegratedComponent:63 - No mode defined for component null
2026-01-07 11:09:21,026 [WARN] ModelIntegratedComponent:63 - No mode defined for component null
2026-01-07 11:09:21,026 [WARN] ModelIntegratedComponent:63 - No mode defined for component null
2026-01-07 11:09:21,026 [WARN] ModelIntegratedComponent:63 - No mode defined for component null
2026-01-07 11:09:21,026 [WARN] ModelIntegratedComponent:63 - No mode defined for component null
2026-01-07 11:09:21,026 [WARN] ModelIntegratedComponent:63 - No mode defined for component null
2026-01-07 11:09:21,026 [WARN] ModelIntegratedComponent:63 - No mode defined for component null
2026-01-07 11:09:21,026 [WARN] ModelIntegratedComponent:63 - No mode defined for component null
2026-01-07 11:09:21,027 [WARN] ModelIntegratedComponent:63 - No mode defined for component null
2026-01-07 11:09:21,027 [WARN] ModelIntegratedComponent:63 - No mode defined for component null
2026-01-07 11:09:21,027 [WARN] ModelIntegratedComponent:63 - No mode defined for component null
2026-01-07 11:09:21,027 [WARN] ModelIntegratedComponent:63 - No mode defined for component null
2026-01-07 11:09:21,027 [WARN] ModelIntegratedComponent:63 - No mode defined for component null
2026-01-07 11:09:21,027 [WARN] ModelIntegratedComponent:63 - No mode defined for component null
2026-01-07 11:09:21,027 [WARN] ModelIntegratedComponent:63 - No mode defined for component null
2026-01-07 11:09:21,027 [WARN] ModelIntegratedComponent:63 - No mode defined for component null
2026-01-07 11:09:21,027 [WARN] ModelIntegratedComponent:63 - No mode defined for component null
2026-01-07 11:09:21,027 [WARN] ModelIntegratedComponent:63 - No mode defined for component null
2026-01-07 11:09:21,027 [WARN] ModelIntegratedComponent:63 - No mode defined for component null
2026-01-07 11:09:21,027 [WARN] ModelIntegratedComponent:63 - No mode defined for component null
2026-01-07 11:09:21,027 [WARN] ModelIntegratedComponent:63 - No mode defined for component null
2026-01-07 11:09:21,027 [WARN] ModelIntegratedComponent:63 - No mode defined for component null
2026-01-07 11:09:21,027 [WARN] ModelIntegratedComponent:63 - No mode defined for component null
2026-01-07 11:09:21,027 [WARN] ModelIntegratedComponent:63 - No mode defined for component null
2026-01-07 11:09:21,027 [WARN] ModelIntegratedComponent:63 - No mode defined for component null
2026-01-07 11:09:21,027 [WARN] ModelIntegratedComponent:63 - No mode defined for component null
2026-01-07 11:09:21,027 [WARN] ModelIntegratedComponent:63 - No mode defined for component null
2026-01-07 11:09:21,027 [WARN] ModelIntegratedComponent:63 - No mode defined for component null
2026-01-07 11:09:21,028 [WARN] ModelPack:524 - Component already loaded: STMicroelectronics:HAL Drivers:0.0.0:STMicroelectronics:Device:STMicro_Driver:XSPI:HAL::0.0.1:HAL_XSPI
2026-01-07 11:09:21,222 [INFO] ThirdPartyModel:298 - Start build external matchings
2026-01-07 11:09:22,667 [INFO] ThirdPartyModel:316 - End build external matchings
2026-01-07 11:09:22,708 [WARN] IP:2251 - ClockDivider not found: check if there is a RefParameter without a condition.
2026-01-07 11:09:22,708 [WARN] IP:2251 - ClockDividerCCU not found: check if there is a RefParameter without a condition.
2026-01-07 11:09:22,709 [WARN] IP:2251 - MinOscClkPeriodsCCU not found: check if there is a RefParameter without a condition.
2026-01-07 11:09:22,709 [WARN] IP:2251 - TimeQuantaPerBitTimeCCU not found: check if there is a RefParameter without a condition.
2026-01-07 11:09:22,710 [WARN] IP:2251 - WatchdogStartValueCCU not found: check if there is a RefParameter without a condition.
2026-01-07 11:09:23,717 [INFO] ApiDb:581 - Connected to CubeFinder SQLite database (C:\Users\kamil\.stmcufinder\plugins\mcufinder\mcu\cube-finder-db.db)
2026-01-07 11:09:23,816 [INFO] ApiDb:668 - CubeFinder database Data Model version=2.1
2026-01-07 11:09:23,817 [INFO] ApiDb:669 - CubeFinder database Configuration version=3.0.39
2026-01-07 11:09:23,817 [INFO] ApiDb:670 - CubeFinder database generation date=2025-11-05 (1762334721)
2026-01-07 11:09:23,817 [INFO] ApiDb:671 - CubeFinder database FW Pack versions=[FP-ATR-ASTRA1_V2.0.0, FP-SNS-FLIGHT1_V5.1.0, FP-SNS-MOTENV1_V5.1.0, FP-SNS-MOTENVWB1_V1.4.0, FP-SNS-SMARTAG2_V1.2.0, FP-SNS-STBOX1_V2.1.0, STM32Cube_FW_C0_V1.4.0, STM32Cube_FW_F4_V1.28.3, STM32Cube_FW_F7_V1.17.4, STM32Cube_FW_G0_V1.6.2, STM32Cube_FW_G4_V1.6.1, STM32Cube_FW_H5_V1.5.1, STM32Cube_FW_H7RS_V1.3.0, STM32Cube_FW_H7_V1.12.1, STM32Cube_FW_L0_V1.12.2, STM32Cube_FW_L4_V1.18.1, STM32Cube_FW_L5_V1.6.0, STM32Cube_FW_N6_V1.3.0, STM32Cube_FW_U0_V1.3.0, STM32Cube_FW_U3_V1.2.1, STM32Cube_FW_U5_V1.8.0, STM32Cube_FW_WB0_V1.4.0, STM32Cube_FW_WBA_V1.8.0, STM32Cube_FW_WB_V1.24.0, STM32Cube_FW_WL3_V1.3.0, STM32Cube_FW_WL_V1.4.0, X-CUBE-ALGOBUILD_V1.4.0, X-CUBE-ALS_V1.0.2, X-CUBE-AZRTOS-F4_V1.1.0, X-CUBE-AZRTOS-F7_V1.1.0, X-CUBE-AZRTOS-G0_V1.1.0, X-CUBE-AZRTOS-G4_V2.0.0, X-CUBE-AZRTOS-H7RS_V1.1.0, X-CUBE-AZRTOS-H7_V3.4.0, X-CUBE-AZRTOS-L4_V2.0.0, X-CUBE-AZRTOS-L5_V2.0.0, X-CUBE-AZRTOS-WB_V2.0.0, X-CUBE-AZRTOS-WL_V2.0.0, X-CUBE-BLE1_V7.1.0, X-CUBE-BLE2_V3.3.0, X-CUBE-BLEMGR_V4.1.0, X-CUBE-EEPRMA1_V5.2.0, X-CUBE-FREERTOS_V1.3.1, X-CUBE-GNSS1_V6.0.0, X-CUBE-MEMS1_V11.3.0, X-CUBE-NFC4_V3.0.0, X-CUBE-NFC7_V2.0.0, X-CUBE-SFXS2LP1_V4.0.0, X-CUBE-ST67W61_V1.1.0, X-CUBE-SUBG2_V5.0.0, X-CUBE-TOF1_V3.4.3]
2026-01-07 11:09:23,921 [INFO] DbBoardsSqlite:226 - include board P-NUCLEO-WB55-NUCLEO as a kit item of type 'Nucleo-64'
2026-01-07 11:09:23,922 [INFO] DbBoardsSqlite:226 - include board P-NUCLEO-WB55-USBDONGLE as a kit item of type 'Nucleo USB Dongle'
2026-01-07 11:09:23,922 [INFO] DbBoardsSqlite:226 - include board STEVAL-IDP005V1 as a kit item of type 'Evaluation Board'
2026-01-07 11:09:23,923 [INFO] DbBoardsSqlite:226 - include board STEVAL-IDP005V2 as a kit item of type 'Evaluation Board'
2026-01-07 11:09:24,019 [INFO] ApiDb:240 - Found 858 in-development CPN: [B-G473E-ZEST1S, B-WB1M-WPAN1, B-WBA5M-WPAN, B-WL5M-SUBG1, NUCLEO-C031C6, NUCLEO-C051C8, NUCLEO-C071RB, NUCLEO-C092RC, NUCLEO-H503RB, NUCLEO-H533RE, NUCLEO-H563ZI, NUCLEO-H7S3L8, NUCLEO-N657X0-Q, NUCLEO-U031R8, NUCLEO-U083RC, NUCLEO-U385RG-Q, NUCLEO-U545RE-Q, NUCLEO-U5A5ZJ-Q, NUCLEO-WB05KZ, NUCLEO-WB07CC, NUCLEO-WB09KE, NUCLEO-WBA52CG, NUCLEO-WBA55CG, NUCLEO-WL33CC1, NUCLEO-WL33CC2, STEVAL-PROTEUS1, STEVAL-SMARTAG2, STEVAL-STWINBX1, STM320518-EVAL, STM32C0116-DK, STM32C011D6Y3TR, STM32C011D6Y6TR, STM32C011F4P3, STM32C011F4P6, STM32C011F4U3, STM32C011F4U6TR, STM32C011F6P3, STM32C011F6P6, STM32C011F6U3, STM32C011F6U6TR, STM32C011J4M3, STM32C011J4M6, STM32C011J6M3, STM32C011J6M6, STM32C0316-DK, STM32C031C4T3, STM32C031C4T6, STM32C031C4U3, STM32C031C4U6, STM32C031C6T3, STM32C031C6T6, STM32C031C6U3, STM32C031C6U6, STM32C031F4P3, STM32C031F4P6, STM32C031F6P3, STM32C031F6P6, STM32C031G4U3, STM32C031G4U6, STM32C031G6U3, STM32C031G6U6, STM32C031K4T3, STM32C031K4T6, STM32C031K4U3, STM32C031K4U6, STM32C031K6T3, STM32C031K6T6, STM32C031K6U3, STM32C031K6U6, STM32C051C6T6, STM32C051C6U6, STM32C051C8T6, STM32C051C8U6, STM32C051D8Y6TR, STM32C051F6P6, STM32C051F8P6, STM32C051G6U6, STM32C051G8U6, STM32C051K6T6, STM32C051K6U6, STM32C051K8T6, STM32C071C8T6, STM32C071C8T6N, STM32C071C8U6, STM32C071C8U6N, STM32C071CBT6, STM32C071CBT6N, STM32C071CBU6, STM32C071CBU6N, STM32C071F8P6, STM32C071F8P6N, STM32C071FBP6, STM32C071FBP6N, STM32C071FBY6TR, STM32C071G8U6, STM32C071G8U6N, STM32C071GBU6, STM32C071GBU6N, STM32C071K8T6, STM32C071K8T6N, STM32C071K8U6, STM32C071K8U6N, STM32C071KBT6, STM32C071KBT6N, STM32C071KBU6, STM32C071KBU6N, STM32C071R8T6, STM32C071R8T6N, STM32C071RBI6N, STM32C071RBT6, STM32C071RBT6N, STM32C091CBT6, STM32C091CBU6, STM32C091CCT6, STM32C091CCU6, STM32C091ECY6TR, STM32C091FBP6, STM32C091FCP6, STM32C091GBU6, STM32C091GCU6, STM32C091KBT6, STM32C091KBU6, STM32C091KCT6, STM32C091KCU6, STM32C091RBT6, STM32C091RCI6, STM32C091RCT6, STM32C092CBT6, STM32C092CBU6, STM32C092CCT6, STM32C092CCU6, STM32C092ECY6TR, STM32C092FBP6, STM32C092FCP6, STM32C092GBU6, STM32C092GCU6, STM32C092KBT6, STM32C092KBU6, STM32C092KCT6, STM32C092KCU6, STM32C092RBT6, STM32C092RCI6, STM32C092RCT6, STM32G071K8TXN, STM32G071K8UXN, STM32G081GBU6N, STM32G081KBT6N, STM32G081KBUXN, STM32G0B1CCT6N, STM32G0B1KCT6, STM32G0B1NEY6TR, STM32G0B1RCT6N, STM32G0C1CCT6, STM32G0C1CCT6N, STM32G0C1CCU6N, STM32G0C1CET6N, STM32G0C1CEU6N, STM32G0C1KCT6, STM32G0C1NEY6TR, STM32G0C1RCI6N, STM32G0C1RCT6N, STM32G0C1REI6N, STM32G0C1RET6N, STM32G0C1VCI6, STM32G0C1VEI6, STM32G411C6T3, STM32G411C6T6, STM32G411C6U3, STM32G411C6U6, STM32G411C8T3, STM32G411C8T6, STM32G411C8U3, STM32G411C8U6, STM32G411CBT3, STM32G411CBT6, STM32G411CBU3, STM32G411CBU6, STM32G411CCT3, STM32G411CCT6, STM32G411CCU3, STM32G411CCU6, STM32G411K6T3, STM32G411K6T6, STM32G411K6U3, STM32G411K6U6, STM32G411K8T3, STM32G411K8T6, STM32G411K8U3, STM32G411K8U6, STM32G411KBT3, STM32G411KBT6, STM32G411KBU3, STM32G411KBU6, STM32G411M6T3, STM32G411M6T6, STM32G411M8T3, STM32G411M8T6, STM32G411MBT3, STM32G411MBT6, STM32G411MCT3, STM32G411MCT6, STM32G411R6T3, STM32G411R6T6, STM32G411R8T3, STM32G411R8T6, STM32G411RBT3, STM32G411RBT6, STM32G411RCT3, STM32G411RCT6, STM32G414CBT3, STM32G414CBT6, STM32G414CBU3, STM32G414CBU6, STM32G414CCT3, STM32G414CCT6, STM32G414CCU3, STM32G414CCU6, STM32G414MBT3, STM32G414MBT6, STM32G414MCT3, STM32G414MCT6, STM32G414RBT3, STM32G414RBT6, STM32G414RCT3, STM32G414RCT6, STM32G414VBT3, STM32G414VBT6, STM32G414VCT3, STM32G414VCT6, STM32G431CBT3Z, STM32G431RBT3Z, STM32G471CCT6, STM32G471CCU6, STM32G471CET3, STM32G471CET6, STM32G471CEU3, STM32G471CEU6, STM32G471MCT6, STM32G471MET3, STM32G471MET6, STM32G471MEY6TR, STM32G471QCT6, STM32G471QET3, STM32G471RCT6, STM32G471RET3, STM32G471RET6, STM32G471VCH6, STM32G471VCI6, STM32G471VCT6, STM32G471VEH3, STM32G471VEH6, STM32G471VEI3, STM32G471VEI6, STM32G471VET3, STM32G471VET6, STM32G473QET3Z, STM32G473RET3Z, STM32G474CCT6, STM32G491RET3Z, STM32H503CBT6, STM32H503CBU6, STM32H503EBY6TR, STM32H503KBU6, STM32H503RBT6, STM32H523CCT6, STM32H523CCU6, STM32H523CET6, STM32H523CEU6, STM32H523HEY6TR, STM32H523RCT6, STM32H523RET6, STM32H523VCI6, STM32H523VCT6, STM32H523VEI6, STM32H523VET6, STM32H523ZCJ6, STM32H523ZCT6, STM32H523ZEJ6, STM32H523ZET6, STM32H533CET6, STM32H533CEU6, STM32H533HEY6TR, STM32H533RET6, STM32H533VEI6, STM32H533VET6, STM32H533ZEJ6, STM32H533ZET6, STM32H562AGI6, STM32H562AII6, STM32H562IGK6, STM32H562IGT6, STM32H562IIK6, STM32H562IIT6, STM32H562RGT6, STM32H562RGV6, STM32H562RIT6, STM32H562RIV6, STM32H562VGT6, STM32H562VIT6, STM32H562ZGT6, STM32H562ZIT6, STM32H563AGI6, STM32H563AII3Q, STM32H563AII6, STM32H563IGK6, STM32H563IGT6, STM32H563IIK3Q, STM32H563IIK6, STM32H563IIT3Q, STM32H563IIT6, STM32H563MIY3QTR, STM32H563RGT6, STM32H563RGV6, STM32H563RIT6, STM32H563RIV6, STM32H563VGT6, STM32H563VIT3Q, STM32H563VIT6, STM32H563ZGT6, STM32H563ZIT3Q, STM32H563ZIT6, STM32H573AII3Q, STM32H573AII6, STM32H573I-DK, STM32H573IIK3Q, STM32H573IIK6, STM32H573IIT3Q, STM32H573IIT6, STM32H573MIY3QTR, STM32H573RIT6, STM32H573RIV6, STM32H573VIT3Q, STM32H573VIT6, STM32H573ZIT3Q, STM32H573ZIT6, STM32H7R3A8I6, STM32H7R3I8K6, STM32H7R3I8T6, STM32H7R3L8H6, STM32H7R3L8H6H, STM32H7R3R8V6, STM32H7R3V8H6, STM32H7R3V8T6, STM32H7R3V8Y6TR, STM32H7R3Z8J6, STM32H7R3Z8T6, STM32H7R7A8I6, STM32H7R7I8K6, STM32H7R7I8T6, STM32H7R7L8H6, STM32H7R7L8H6H, STM32H7R7Z8J6, STM32H7S3A8I6, STM32H7S3I8K6, STM32H7S3I8T6, STM32H7S3L8H6, STM32H7S3L8H6H, STM32H7S3R8V6, STM32H7S3V8H6, STM32H7S3V8T6, STM32H7S3V8Y6TR, STM32H7S3Z8J6, STM32H7S3Z8T6, STM32H7S78-DK, STM32H7S7A8I6, STM32H7S7I8K6, STM32H7S7I8T6, STM32H7S7L8H6, STM32H7S7L8H6H, STM32H7S7Z8J6, STM32L4R5QGI6STR, STM32MP131AAE3, STM32MP131AAF3, STM32MP131AAG3, STM32MP131CAE3, STM32MP131CAF3, STM32MP131CAG3, STM32MP131DAE7, STM32MP131DAF7, STM32MP131DAG7, STM32MP131FAE7, STM32MP131FAF7, STM32MP131FAG7, STM32MP133AAE3, STM32MP133AAF3, STM32MP133AAG3, STM32MP133CAE3, STM32MP133CAF3, STM32MP133CAG3, STM32MP133DAE7, STM32MP133DAF7, STM32MP133DAG7, STM32MP133FAE7, STM32MP133FAF7, STM32MP133FAG7, STM32MP135AAE3, STM32MP135AAF3, STM32MP135AAG3, STM32MP135CAE3, STM32MP135CAF3, STM32MP135CAG3, STM32MP135DAE7, STM32MP135DAF7, STM32MP135DAG7, STM32MP135F-DK, STM32MP135FAE7, STM32MP135FAF7, STM32MP135FAF7T, STM32MP135FAF7U, STM32MP135FAG7, STM32MP231AAJ3, STM32MP231AAK3, STM32MP231AAL3, STM32MP231CAJ3, STM32MP231CAK3, STM32MP231CAL3, STM32MP231DAJ3, STM32MP231DAK3, STM32MP231DAL3, STM32MP231FAJ3, STM32MP231FAK3, STM32MP231FAL3, STM32MP233AAJ3, STM32MP233AAK3, STM32MP233AAL3, STM32MP233CAJ3, STM32MP233CAK3, STM32MP233CAL3, STM32MP233DAJ3, STM32MP233DAK3, STM32MP233DAL3, STM32MP233FAJ3, STM32MP233FAK3, STM32MP233FAL3, STM32MP235AAJ3, STM32MP235AAK3, STM32MP235AAL3, STM32MP235CAJ3, STM32MP235CAK3, STM32MP235CAL3, STM32MP235DAJ3, STM32MP235DAK3, STM32MP235DAL3, STM32MP235FAJ3, STM32MP235FAK3, STM32MP235FAL3, STM32MP251AAI3, STM32MP251AAJ3, STM32MP251AAK3, STM32MP251AAL3, STM32MP251CAI3, STM32MP251CAJ3, STM32MP251CAK3, STM32MP251CAL3, STM32MP251DAI3, STM32MP251DAJ3, STM32MP251DAK3, STM32MP251DAL3, STM32MP251FAI3, STM32MP251FAJ3, STM32MP251FAK3, STM32MP251FAL3, STM32MP253AAI3, STM32MP253AAJ3, STM32MP253AAK3, STM32MP253AAL3, STM32MP253CAI3, STM32MP253CAJ3, STM32MP253CAK3, STM32MP253CAL3, STM32MP253DAI3, STM32MP253DAJ3, STM32MP253DAK3, STM32MP253DAL3, STM32MP253FAI3, STM32MP253FAJ3, STM32MP253FAK3, STM32MP253FAL3, STM32MP255AAI3, STM32MP255AAJ3, STM32MP255AAK3, STM32MP255AAL3, STM32MP255CAI3, STM32MP255CAJ3, STM32MP255CAK3, STM32MP255CAL3, STM32MP255DAI3, STM32MP255DAJ3, STM32MP255DAK3, STM32MP255DAL3, STM32MP255FAI3, STM32MP255FAJ3, STM32MP255FAK3, STM32MP255FAL3, STM32MP257AAI3, STM32MP257AAJ3, STM32MP257AAK3, STM32MP257AAL3, STM32MP257CAI3, STM32MP257CAJ3, STM32MP257CAK3, STM32MP257CAL3, STM32MP257DAI3, STM32MP257DAJ3, STM32MP257DAK3, STM32MP257DAL3, STM32MP257F-DK, STM32MP257F-EV1, STM32MP257FAI3, STM32MP257FAJ3, STM32MP257FAK3, STM32MP257FAL3, STM32N645A0H3Q, STM32N645B0H3Q, STM32N645I0H3Q, STM32N645L0H3Q, STM32N645X0H3Q, STM32N645Z0H3Q, STM32N647A0H3Q, STM32N647B0H3Q, STM32N647I0H3Q, STM32N647L0H3Q, STM32N647X0H3Q, STM32N647Z0H3Q, STM32N655A0H3Q, STM32N655B0H3Q, STM32N655I0H3Q, STM32N655L0H3Q, STM32N655X0H3Q, STM32N655Z0H3Q, STM32N6570-DK, STM32N657A0H3Q, STM32N657B0H3Q, STM32N657I0H3Q, STM32N657L0H3Q, STM32N657X0H3Q, STM32N657Z0H3Q, STM32U031C6T6, STM32U031C6U6, STM32U031C8T6, STM32U031C8U6, STM32U031F4P6, STM32U031F6P6, STM32U031F8P6, STM32U031G6Y6TR, STM32U031G8Y6TR, STM32U031K4U6, STM32U031K6U6, STM32U031K8U6, STM32U031R6I6, STM32U031R6T6, STM32U031R8I6, STM32U031R8T6, STM32U073C8T6, STM32U073C8U6, STM32U073CBT6, STM32U073CBU6, STM32U073CCT6, STM32U073CCU6, STM32U073H8Y6TR, STM32U073HBY6TR, STM32U073HCY6TR, STM32U073K8U6, STM32U073KBU6, STM32U073KCU6, STM32U073M8I6, STM32U073M8T6, STM32U073MBI6, STM32U073MBT6, STM32U073MCI6, STM32U073MCT6, STM32U073R8I6, STM32U073R8T6, STM32U073RBI6, STM32U073RBT6, STM32U073RCI6, STM32U073RCT6, STM32U083C-DK, STM32U083CCT6, STM32U083CCU6, STM32U083HCY6TR, STM32U083KCU6, STM32U083MCI6, STM32U083MCT6, STM32U083RCI6, STM32U083RCT6, STM32U375CET6, STM32U375CET6Q, STM32U375CEU6, STM32U375CEU6Q, STM32U375CEY6QTR, STM32U375CGT6, STM32U375CGT6Q, STM32U375CGU6, STM32U375CGU6Q, STM32U375CGY6QTR, STM32U375KEU6, STM32U375KGU6, STM32U375REI6, STM32U375REI6Q, STM32U375RET6, STM32U375RET6Q, STM32U375REY6GTR, STM32U375REY6QTR, STM32U375RGI6, STM32U375RGI6Q, STM32U375RGT6, STM32U375RGT6Q, STM32U375RGY6GTR, STM32U375RGY6QTR, STM32U375VEI6, STM32U375VEI6Q, STM32U375VET6, STM32U375VET6Q, STM32U375VGI6, STM32U375VGI6Q, STM32U375VGT6, STM32U375VGT6Q, STM32U385CGT6, STM32U385CGT6Q, STM32U385CGU6, STM32U385CGU6Q, STM32U385CGY6QTR, STM32U385KGU6, STM32U385RGI6, STM32U385RGI6Q, STM32U385RGT6, STM32U385RGT6Q, STM32U385RGY6GTR, STM32U385RGY6QTR, STM32U385VGI6, STM32U385VGI6Q, STM32U385VGT6, STM32U385VGT6Q, STM32U535CBT6, STM32U535CBT6Q, STM32U535CBU6, STM32U535CBU6Q, STM32U535CCT6, STM32U535CCT6Q, STM32U535CCU6, STM32U535CCU6Q, STM32U535CET6, STM32U535CET6Q, STM32U535CEU6, STM32U535CEU6Q, STM32U535JEY6QTR, STM32U535NCY6QTR, STM32U535NEY6QTR, STM32U535RBI6, STM32U535RBI6Q, STM32U535RBT6, STM32U535RBT6Q, STM32U535RCI6, STM32U535RCI6Q, STM32U535RCT6, STM32U535RCT6Q, STM32U535REI6, STM32U535REI6Q, STM32U535RET6, STM32U535RET6Q, STM32U535VCI6, STM32U535VCI6Q, STM32U535VCT6, STM32U535VCT6Q, STM32U535VEI6, STM32U535VEI6Q, STM32U535VET6, STM32U535VET6Q, STM32U545CET6, STM32U545CET6Q, STM32U545CEU6, STM32U545CEU6Q, STM32U545JEY6QTR, STM32U545NEY6QTR, STM32U545REI6, STM32U545REI6Q, STM32U545RET6, STM32U545RET6Q, STM32U545VEI6, STM32U545VEI6Q, STM32U545VET6, STM32U545VET6Q, STM32U595AIH6, STM32U595AIH6Q, STM32U595AJH6, STM32U595AJH6Q, STM32U595QII6, STM32U595QII6Q, STM32U595QJI6, STM32U595QJI6Q, STM32U595RIT6, STM32U595RIT6Q, STM32U595RJT6, STM32U595RJT6Q, STM32U595VIT6, STM32U595VIT6Q, STM32U595VJT6, STM32U595VJT6Q, STM32U595ZIT6, STM32U595ZIT6Q, STM32U595ZIY6QTR, STM32U595ZJT6, STM32U595ZJT6Q, STM32U595ZJY6QTR, STM32U599BJY6QTR, STM32U599NIH6Q, STM32U599NJH6Q, STM32U599VIT6Q, STM32U599VJT6, STM32U599VJT6Q, STM32U599ZIT6Q, STM32U599ZIY6QTR, STM32U599ZJT6Q, STM32U599ZJY6QTR, STM32U5A5AJH6, STM32U5A5AJH6Q, STM32U5A5QII3Q , STM32U5A5QJI6, STM32U5A5QJI6Q, STM32U5A5RJT6, STM32U5A5RJT6Q, STM32U5A5VJT6, STM32U5A5VJT6Q, STM32U5A5ZJT6, STM32U5A5ZJT6Q, STM32U5A5ZJY6QTR, STM32U5A9BJY6QTR, STM32U5A9J-DK, STM32U5A9NJH6Q, STM32U5A9VJT6Q, STM32U5A9ZJT6Q, STM32U5A9ZJY6QTR, STM32U5F7VIT6, STM32U5F7VIT6Q, STM32U5F7VJT6, STM32U5F7VJT6Q, STM32U5F9BJY6QTR, STM32U5F9NJH6Q, STM32U5F9VIT6Q, STM32U5F9VJT6Q, STM32U5F9ZIJ6QTR, STM32U5F9ZIT6Q, STM32U5F9ZJJ6QTR, STM32U5F9ZJT6Q, STM32U5G7VJT6, STM32U5G7VJT6Q, STM32U5G9BJY6QTR, STM32U5G9J-DK1, STM32U5G9J-DK2, STM32U5G9NJH6Q, STM32U5G9VJT6Q, STM32U5G9ZJJ6QTR, STM32U5G9ZJT6Q, STM32WB05KZV6TR, STM32WB05KZV7TR, STM32WB05TZF6TR, STM32WB05TZF7TR, STM32WB06CCF6TR, STM32WB06CCF7TR, STM32WB06CCV6TR, STM32WB06CCV7TR, STM32WB06KCV6TR, STM32WB06KCV7TR, STM32WB07CCF6TR, STM32WB07CCF7TR, STM32WB07CCV6TR, STM32WB07CCV7TR, STM32WB07KCV6TR, STM32WB07KCV7TR, STM32WB09KEV6TR, STM32WB09KEV7TR, STM32WB09TEF6TR, STM32WB09TEF7TR, STM32WB1MMCH6, STM32WBA50KGU6, STM32WBA50KGU6TR, STM32WBA52CEU6, STM32WBA52CEU6TR, STM32WBA52CEU7, STM32WBA52CEU7TR, STM32WBA52CGU6, STM32WBA52CGU6TR, STM32WBA52CGU6U, STM32WBA52CGU7, STM32WBA52CGU7TR, STM32WBA52KEU6, STM32WBA52KEU6TR, STM32WBA52KGU6, STM32WBA52KGU6TR, STM32WBA54CEU6, STM32WBA54CEU6TR, STM32WBA54CEU7, STM32WBA54CEU7TR, STM32WBA54CGU6, STM32WBA54CGU6TR, STM32WBA54CGU7, STM32WBA54CGU7TR, STM32WBA54KEU6, STM32WBA54KEU6TR, STM32WBA54KEU7, STM32WBA54KEU7TR, STM32WBA54KGU6, STM32WBA54KGU6TR, STM32WBA54KGU7, STM32WBA54KGU7TR, STM32WBA55CEU6, STM32WBA55CEU6TR, STM32WBA55CEU7, STM32WBA55CEU7TR, STM32WBA55CGU6, STM32WBA55CGU6TR, STM32WBA55CGU6U, STM32WBA55CGU7, STM32WBA55CGU7TR, STM32WBA55G-DK1, STM32WBA55HEF6, STM32WBA55HEF7, STM32WBA55HGF6, STM32WBA55HGF7, STM32WBA55UEI6, STM32WBA55UEI6TR, STM32WBA55UEI7, STM32WBA55UEI7TR, STM32WBA55UGI6, STM32WBA55UGI6TR, STM32WBA55UGI7, STM32WBA55UGI7TR, STM32WBA5MJGH6TR, STM32WBA5MJGH6U, STM32WL33C8V6, STM32WL33C8V6TR, STM32WL33C8V7, STM32WL33C8V7TR, STM32WL33CBV6, STM32WL33CBV6TR, STM32WL33CBV7, STM32WL33CBV7TR, STM32WL33CCV6, STM32WL33CCV6TR, STM32WL33CCV7, STM32WL33CCV7A, STM32WL33CCV7ATR, STM32WL33CCV7TR, STM32WL33K8V6, STM32WL33K8V6TR, STM32WL33K8V7, STM32WL33K8V7TR, STM32WL33KBV6, STM32WL33KBV6TR, STM32WL33KBV7, STM32WL33KBV7TR, STM32WL33KCV6, STM32WL33KCV6TR, STM32WL33KCV7, STM32WL33KCV7TR, STM32WL5MOCH6, STM32WL5MOCH6TR]
2026-01-07 11:09:24,027 [INFO] ApiDb:668 - CubeFinder database Data Model version=2.1
2026-01-07 11:09:24,027 [INFO] ApiDb:669 - CubeFinder database Configuration version=3.0.39
2026-01-07 11:09:24,028 [INFO] ApiDb:670 - CubeFinder database generation date=2025-11-05 (1762334721)
2026-01-07 11:09:24,028 [INFO] ApiDb:671 - CubeFinder database FW Pack versions=[FP-ATR-ASTRA1_V2.0.0, FP-SNS-FLIGHT1_V5.1.0, FP-SNS-MOTENV1_V5.1.0, FP-SNS-MOTENVWB1_V1.4.0, FP-SNS-SMARTAG2_V1.2.0, FP-SNS-STBOX1_V2.1.0, STM32Cube_FW_C0_V1.4.0, STM32Cube_FW_F4_V1.28.3, STM32Cube_FW_F7_V1.17.4, STM32Cube_FW_G0_V1.6.2, STM32Cube_FW_G4_V1.6.1, STM32Cube_FW_H5_V1.5.1, STM32Cube_FW_H7RS_V1.3.0, STM32Cube_FW_H7_V1.12.1, STM32Cube_FW_L0_V1.12.2, STM32Cube_FW_L4_V1.18.1, STM32Cube_FW_L5_V1.6.0, STM32Cube_FW_N6_V1.3.0, STM32Cube_FW_U0_V1.3.0, STM32Cube_FW_U3_V1.2.1, STM32Cube_FW_U5_V1.8.0, STM32Cube_FW_WB0_V1.4.0, STM32Cube_FW_WBA_V1.8.0, STM32Cube_FW_WB_V1.24.0, STM32Cube_FW_WL3_V1.3.0, STM32Cube_FW_WL_V1.4.0, X-CUBE-ALGOBUILD_V1.4.0, X-CUBE-ALS_V1.0.2, X-CUBE-AZRTOS-F4_V1.1.0, X-CUBE-AZRTOS-F7_V1.1.0, X-CUBE-AZRTOS-G0_V1.1.0, X-CUBE-AZRTOS-G4_V2.0.0, X-CUBE-AZRTOS-H7RS_V1.1.0, X-CUBE-AZRTOS-H7_V3.4.0, X-CUBE-AZRTOS-L4_V2.0.0, X-CUBE-AZRTOS-L5_V2.0.0, X-CUBE-AZRTOS-WB_V2.0.0, X-CUBE-AZRTOS-WL_V2.0.0, X-CUBE-BLE1_V7.1.0, X-CUBE-BLE2_V3.3.0, X-CUBE-BLEMGR_V4.1.0, X-CUBE-EEPRMA1_V5.2.0, X-CUBE-FREERTOS_V1.3.1, X-CUBE-GNSS1_V6.0.0, X-CUBE-MEMS1_V11.3.0, X-CUBE-NFC4_V3.0.0, X-CUBE-NFC7_V2.0.0, X-CUBE-SFXS2LP1_V4.0.0, X-CUBE-ST67W61_V1.1.0, X-CUBE-SUBG2_V5.0.0, X-CUBE-TOF1_V3.4.3]
2026-01-07 11:09:26,901 [INFO] ApiDb:240 - Found 858 in-development CPN: [B-G473E-ZEST1S, B-WB1M-WPAN1, B-WBA5M-WPAN, B-WL5M-SUBG1, NUCLEO-C031C6, NUCLEO-C051C8, NUCLEO-C071RB, NUCLEO-C092RC, NUCLEO-H503RB, NUCLEO-H533RE, NUCLEO-H563ZI, NUCLEO-H7S3L8, NUCLEO-N657X0-Q, NUCLEO-U031R8, NUCLEO-U083RC, NUCLEO-U385RG-Q, NUCLEO-U545RE-Q, NUCLEO-U5A5ZJ-Q, NUCLEO-WB05KZ, NUCLEO-WB07CC, NUCLEO-WB09KE, NUCLEO-WBA52CG, NUCLEO-WBA55CG, NUCLEO-WL33CC1, NUCLEO-WL33CC2, STEVAL-PROTEUS1, STEVAL-SMARTAG2, STEVAL-STWINBX1, STM320518-EVAL, STM32C0116-DK, STM32C011D6Y3TR, STM32C011D6Y6TR, STM32C011F4P3, STM32C011F4P6, STM32C011F4U3, STM32C011F4U6TR, STM32C011F6P3, STM32C011F6P6, STM32C011F6U3, STM32C011F6U6TR, STM32C011J4M3, STM32C011J4M6, STM32C011J6M3, STM32C011J6M6, STM32C0316-DK, STM32C031C4T3, STM32C031C4T6, STM32C031C4U3, STM32C031C4U6, STM32C031C6T3, STM32C031C6T6, STM32C031C6U3, STM32C031C6U6, STM32C031F4P3, STM32C031F4P6, STM32C031F6P3, STM32C031F6P6, STM32C031G4U3, STM32C031G4U6, STM32C031G6U3, STM32C031G6U6, STM32C031K4T3, STM32C031K4T6, STM32C031K4U3, STM32C031K4U6, STM32C031K6T3, STM32C031K6T6, STM32C031K6U3, STM32C031K6U6, STM32C051C6T6, STM32C051C6U6, STM32C051C8T6, STM32C051C8U6, STM32C051D8Y6TR, STM32C051F6P6, STM32C051F8P6, STM32C051G6U6, STM32C051G8U6, STM32C051K6T6, STM32C051K6U6, STM32C051K8T6, STM32C071C8T6, STM32C071C8T6N, STM32C071C8U6, STM32C071C8U6N, STM32C071CBT6, STM32C071CBT6N, STM32C071CBU6, STM32C071CBU6N, STM32C071F8P6, STM32C071F8P6N, STM32C071FBP6, STM32C071FBP6N, STM32C071FBY6TR, STM32C071G8U6, STM32C071G8U6N, STM32C071GBU6, STM32C071GBU6N, STM32C071K8T6, STM32C071K8T6N, STM32C071K8U6, STM32C071K8U6N, STM32C071KBT6, STM32C071KBT6N, STM32C071KBU6, STM32C071KBU6N, STM32C071R8T6, STM32C071R8T6N, STM32C071RBI6N, STM32C071RBT6, STM32C071RBT6N, STM32C091CBT6, STM32C091CBU6, STM32C091CCT6, STM32C091CCU6, STM32C091ECY6TR, STM32C091FBP6, STM32C091FCP6, STM32C091GBU6, STM32C091GCU6, STM32C091KBT6, STM32C091KBU6, STM32C091KCT6, STM32C091KCU6, STM32C091RBT6, STM32C091RCI6, STM32C091RCT6, STM32C092CBT6, STM32C092CBU6, STM32C092CCT6, STM32C092CCU6, STM32C092ECY6TR, STM32C092FBP6, STM32C092FCP6, STM32C092GBU6, STM32C092GCU6, STM32C092KBT6, STM32C092KBU6, STM32C092KCT6, STM32C092KCU6, STM32C092RBT6, STM32C092RCI6, STM32C092RCT6, STM32G071K8TXN, STM32G071K8UXN, STM32G081GBU6N, STM32G081KBT6N, STM32G081KBUXN, STM32G0B1CCT6N, STM32G0B1KCT6, STM32G0B1NEY6TR, STM32G0B1RCT6N, STM32G0C1CCT6, STM32G0C1CCT6N, STM32G0C1CCU6N, STM32G0C1CET6N, STM32G0C1CEU6N, STM32G0C1KCT6, STM32G0C1NEY6TR, STM32G0C1RCI6N, STM32G0C1RCT6N, STM32G0C1REI6N, STM32G0C1RET6N, STM32G0C1VCI6, STM32G0C1VEI6, STM32G411C6T3, STM32G411C6T6, STM32G411C6U3, STM32G411C6U6, STM32G411C8T3, STM32G411C8T6, STM32G411C8U3, STM32G411C8U6, STM32G411CBT3, STM32G411CBT6, STM32G411CBU3, STM32G411CBU6, STM32G411CCT3, STM32G411CCT6, STM32G411CCU3, STM32G411CCU6, STM32G411K6T3, STM32G411K6T6, STM32G411K6U3, STM32G411K6U6, STM32G411K8T3, STM32G411K8T6, STM32G411K8U3, STM32G411K8U6, STM32G411KBT3, STM32G411KBT6, STM32G411KBU3, STM32G411KBU6, STM32G411M6T3, STM32G411M6T6, STM32G411M8T3, STM32G411M8T6, STM32G411MBT3, STM32G411MBT6, STM32G411MCT3, STM32G411MCT6, STM32G411R6T3, STM32G411R6T6, STM32G411R8T3, STM32G411R8T6, STM32G411RBT3, STM32G411RBT6, STM32G411RCT3, STM32G411RCT6, STM32G414CBT3, STM32G414CBT6, STM32G414CBU3, STM32G414CBU6, STM32G414CCT3, STM32G414CCT6, STM32G414CCU3, STM32G414CCU6, STM32G414MBT3, STM32G414MBT6, STM32G414MCT3, STM32G414MCT6, STM32G414RBT3, STM32G414RBT6, STM32G414RCT3, STM32G414RCT6, STM32G414VBT3, STM32G414VBT6, STM32G414VCT3, STM32G414VCT6, STM32G431CBT3Z, STM32G431RBT3Z, STM32G471CCT6, STM32G471CCU6, STM32G471CET3, STM32G471CET6, STM32G471CEU3, STM32G471CEU6, STM32G471MCT6, STM32G471MET3, STM32G471MET6, STM32G471MEY6TR, STM32G471QCT6, STM32G471QET3, STM32G471RCT6, STM32G471RET3, STM32G471RET6, STM32G471VCH6, STM32G471VCI6, STM32G471VCT6, STM32G471VEH3, STM32G471VEH6, STM32G471VEI3, STM32G471VEI6, STM32G471VET3, STM32G471VET6, STM32G473QET3Z, STM32G473RET3Z, STM32G474CCT6, STM32G491RET3Z, STM32H503CBT6, STM32H503CBU6, STM32H503EBY6TR, STM32H503KBU6, STM32H503RBT6, STM32H523CCT6, STM32H523CCU6, STM32H523CET6, STM32H523CEU6, STM32H523HEY6TR, STM32H523RCT6, STM32H523RET6, STM32H523VCI6, STM32H523VCT6, STM32H523VEI6, STM32H523VET6, STM32H523ZCJ6, STM32H523ZCT6, STM32H523ZEJ6, STM32H523ZET6, STM32H533CET6, STM32H533CEU6, STM32H533HEY6TR, STM32H533RET6, STM32H533VEI6, STM32H533VET6, STM32H533ZEJ6, STM32H533ZET6, STM32H562AGI6, STM32H562AII6, STM32H562IGK6, STM32H562IGT6, STM32H562IIK6, STM32H562IIT6, STM32H562RGT6, STM32H562RGV6, STM32H562RIT6, STM32H562RIV6, STM32H562VGT6, STM32H562VIT6, STM32H562ZGT6, STM32H562ZIT6, STM32H563AGI6, STM32H563AII3Q, STM32H563AII6, STM32H563IGK6, STM32H563IGT6, STM32H563IIK3Q, STM32H563IIK6, STM32H563IIT3Q, STM32H563IIT6, STM32H563MIY3QTR, STM32H563RGT6, STM32H563RGV6, STM32H563RIT6, STM32H563RIV6, STM32H563VGT6, STM32H563VIT3Q, STM32H563VIT6, STM32H563ZGT6, STM32H563ZIT3Q, STM32H563ZIT6, STM32H573AII3Q, STM32H573AII6, STM32H573I-DK, STM32H573IIK3Q, STM32H573IIK6, STM32H573IIT3Q, STM32H573IIT6, STM32H573MIY3QTR, STM32H573RIT6, STM32H573RIV6, STM32H573VIT3Q, STM32H573VIT6, STM32H573ZIT3Q, STM32H573ZIT6, STM32H7R3A8I6, STM32H7R3I8K6, STM32H7R3I8T6, STM32H7R3L8H6, STM32H7R3L8H6H, STM32H7R3R8V6, STM32H7R3V8H6, STM32H7R3V8T6, STM32H7R3V8Y6TR, STM32H7R3Z8J6, STM32H7R3Z8T6, STM32H7R7A8I6, STM32H7R7I8K6, STM32H7R7I8T6, STM32H7R7L8H6, STM32H7R7L8H6H, STM32H7R7Z8J6, STM32H7S3A8I6, STM32H7S3I8K6, STM32H7S3I8T6, STM32H7S3L8H6, STM32H7S3L8H6H, STM32H7S3R8V6, STM32H7S3V8H6, STM32H7S3V8T6, STM32H7S3V8Y6TR, STM32H7S3Z8J6, STM32H7S3Z8T6, STM32H7S78-DK, STM32H7S7A8I6, STM32H7S7I8K6, STM32H7S7I8T6, STM32H7S7L8H6, STM32H7S7L8H6H, STM32H7S7Z8J6, STM32L4R5QGI6STR, STM32MP131AAE3, STM32MP131AAF3, STM32MP131AAG3, STM32MP131CAE3, STM32MP131CAF3, STM32MP131CAG3, STM32MP131DAE7, STM32MP131DAF7, STM32MP131DAG7, STM32MP131FAE7, STM32MP131FAF7, STM32MP131FAG7, STM32MP133AAE3, STM32MP133AAF3, STM32MP133AAG3, STM32MP133CAE3, STM32MP133CAF3, STM32MP133CAG3, STM32MP133DAE7, STM32MP133DAF7, STM32MP133DAG7, STM32MP133FAE7, STM32MP133FAF7, STM32MP133FAG7, STM32MP135AAE3, STM32MP135AAF3, STM32MP135AAG3, STM32MP135CAE3, STM32MP135CAF3, STM32MP135CAG3, STM32MP135DAE7, STM32MP135DAF7, STM32MP135DAG7, STM32MP135F-DK, STM32MP135FAE7, STM32MP135FAF7, STM32MP135FAF7T, STM32MP135FAF7U, STM32MP135FAG7, STM32MP231AAJ3, STM32MP231AAK3, STM32MP231AAL3, STM32MP231CAJ3, STM32MP231CAK3, STM32MP231CAL3, STM32MP231DAJ3, STM32MP231DAK3, STM32MP231DAL3, STM32MP231FAJ3, STM32MP231FAK3, STM32MP231FAL3, STM32MP233AAJ3, STM32MP233AAK3, STM32MP233AAL3, STM32MP233CAJ3, STM32MP233CAK3, STM32MP233CAL3, STM32MP233DAJ3, STM32MP233DAK3, STM32MP233DAL3, STM32MP233FAJ3, STM32MP233FAK3, STM32MP233FAL3, STM32MP235AAJ3, STM32MP235AAK3, STM32MP235AAL3, STM32MP235CAJ3, STM32MP235CAK3, STM32MP235CAL3, STM32MP235DAJ3, STM32MP235DAK3, STM32MP235DAL3, STM32MP235FAJ3, STM32MP235FAK3, STM32MP235FAL3, STM32MP251AAI3, STM32MP251AAJ3, STM32MP251AAK3, STM32MP251AAL3, STM32MP251CAI3, STM32MP251CAJ3, STM32MP251CAK3, STM32MP251CAL3, STM32MP251DAI3, STM32MP251DAJ3, STM32MP251DAK3, STM32MP251DAL3, STM32MP251FAI3, STM32MP251FAJ3, STM32MP251FAK3, STM32MP251FAL3, STM32MP253AAI3, STM32MP253AAJ3, STM32MP253AAK3, STM32MP253AAL3, STM32MP253CAI3, STM32MP253CAJ3, STM32MP253CAK3, STM32MP253CAL3, STM32MP253DAI3, STM32MP253DAJ3, STM32MP253DAK3, STM32MP253DAL3, STM32MP253FAI3, STM32MP253FAJ3, STM32MP253FAK3, STM32MP253FAL3, STM32MP255AAI3, STM32MP255AAJ3, STM32MP255AAK3, STM32MP255AAL3, STM32MP255CAI3, STM32MP255CAJ3, STM32MP255CAK3, STM32MP255CAL3, STM32MP255DAI3, STM32MP255DAJ3, STM32MP255DAK3, STM32MP255DAL3, STM32MP255FAI3, STM32MP255FAJ3, STM32MP255FAK3, STM32MP255FAL3, STM32MP257AAI3, STM32MP257AAJ3, STM32MP257AAK3, STM32MP257AAL3, STM32MP257CAI3, STM32MP257CAJ3, STM32MP257CAK3, STM32MP257CAL3, STM32MP257DAI3, STM32MP257DAJ3, STM32MP257DAK3, STM32MP257DAL3, STM32MP257F-DK, STM32MP257F-EV1, STM32MP257FAI3, STM32MP257FAJ3, STM32MP257FAK3, STM32MP257FAL3, STM32N645A0H3Q, STM32N645B0H3Q, STM32N645I0H3Q, STM32N645L0H3Q, STM32N645X0H3Q, STM32N645Z0H3Q, STM32N647A0H3Q, STM32N647B0H3Q, STM32N647I0H3Q, STM32N647L0H3Q, STM32N647X0H3Q, STM32N647Z0H3Q, STM32N655A0H3Q, STM32N655B0H3Q, STM32N655I0H3Q, STM32N655L0H3Q, STM32N655X0H3Q, STM32N655Z0H3Q, STM32N6570-DK, STM32N657A0H3Q, STM32N657B0H3Q, STM32N657I0H3Q, STM32N657L0H3Q, STM32N657X0H3Q, STM32N657Z0H3Q, STM32U031C6T6, STM32U031C6U6, STM32U031C8T6, STM32U031C8U6, STM32U031F4P6, STM32U031F6P6, STM32U031F8P6, STM32U031G6Y6TR, STM32U031G8Y6TR, STM32U031K4U6, STM32U031K6U6, STM32U031K8U6, STM32U031R6I6, STM32U031R6T6, STM32U031R8I6, STM32U031R8T6, STM32U073C8T6, STM32U073C8U6, STM32U073CBT6, STM32U073CBU6, STM32U073CCT6, STM32U073CCU6, STM32U073H8Y6TR, STM32U073HBY6TR, STM32U073HCY6TR, STM32U073K8U6, STM32U073KBU6, STM32U073KCU6, STM32U073M8I6, STM32U073M8T6, STM32U073MBI6, STM32U073MBT6, STM32U073MCI6, STM32U073MCT6, STM32U073R8I6, STM32U073R8T6, STM32U073RBI6, STM32U073RBT6, STM32U073RCI6, STM32U073RCT6, STM32U083C-DK, STM32U083CCT6, STM32U083CCU6, STM32U083HCY6TR, STM32U083KCU6, STM32U083MCI6, STM32U083MCT6, STM32U083RCI6, STM32U083RCT6, STM32U375CET6, STM32U375CET6Q, STM32U375CEU6, STM32U375CEU6Q, STM32U375CEY6QTR, STM32U375CGT6, STM32U375CGT6Q, STM32U375CGU6, STM32U375CGU6Q, STM32U375CGY6QTR, STM32U375KEU6, STM32U375KGU6, STM32U375REI6, STM32U375REI6Q, STM32U375RET6, STM32U375RET6Q, STM32U375REY6GTR, STM32U375REY6QTR, STM32U375RGI6, STM32U375RGI6Q, STM32U375RGT6, STM32U375RGT6Q, STM32U375RGY6GTR, STM32U375RGY6QTR, STM32U375VEI6, STM32U375VEI6Q, STM32U375VET6, STM32U375VET6Q, STM32U375VGI6, STM32U375VGI6Q, STM32U375VGT6, STM32U375VGT6Q, STM32U385CGT6, STM32U385CGT6Q, STM32U385CGU6, STM32U385CGU6Q, STM32U385CGY6QTR, STM32U385KGU6, STM32U385RGI6, STM32U385RGI6Q, STM32U385RGT6, STM32U385RGT6Q, STM32U385RGY6GTR, STM32U385RGY6QTR, STM32U385VGI6, STM32U385VGI6Q, STM32U385VGT6, STM32U385VGT6Q, STM32U535CBT6, STM32U535CBT6Q, STM32U535CBU6, STM32U535CBU6Q, STM32U535CCT6, STM32U535CCT6Q, STM32U535CCU6, STM32U535CCU6Q, STM32U535CET6, STM32U535CET6Q, STM32U535CEU6, STM32U535CEU6Q, STM32U535JEY6QTR, STM32U535NCY6QTR, STM32U535NEY6QTR, STM32U535RBI6, STM32U535RBI6Q, STM32U535RBT6, STM32U535RBT6Q, STM32U535RCI6, STM32U535RCI6Q, STM32U535RCT6, STM32U535RCT6Q, STM32U535REI6, STM32U535REI6Q, STM32U535RET6, STM32U535RET6Q, STM32U535VCI6, STM32U535VCI6Q, STM32U535VCT6, STM32U535VCT6Q, STM32U535VEI6, STM32U535VEI6Q, STM32U535VET6, STM32U535VET6Q, STM32U545CET6, STM32U545CET6Q, STM32U545CEU6, STM32U545CEU6Q, STM32U545JEY6QTR, STM32U545NEY6QTR, STM32U545REI6, STM32U545REI6Q, STM32U545RET6, STM32U545RET6Q, STM32U545VEI6, STM32U545VEI6Q, STM32U545VET6, STM32U545VET6Q, STM32U595AIH6, STM32U595AIH6Q, STM32U595AJH6, STM32U595AJH6Q, STM32U595QII6, STM32U595QII6Q, STM32U595QJI6, STM32U595QJI6Q, STM32U595RIT6, STM32U595RIT6Q, STM32U595RJT6, STM32U595RJT6Q, STM32U595VIT6, STM32U595VIT6Q, STM32U595VJT6, STM32U595VJT6Q, STM32U595ZIT6, STM32U595ZIT6Q, STM32U595ZIY6QTR, STM32U595ZJT6, STM32U595ZJT6Q, STM32U595ZJY6QTR, STM32U599BJY6QTR, STM32U599NIH6Q, STM32U599NJH6Q, STM32U599VIT6Q, STM32U599VJT6, STM32U599VJT6Q, STM32U599ZIT6Q, STM32U599ZIY6QTR, STM32U599ZJT6Q, STM32U599ZJY6QTR, STM32U5A5AJH6, STM32U5A5AJH6Q, STM32U5A5QII3Q , STM32U5A5QJI6, STM32U5A5QJI6Q, STM32U5A5RJT6, STM32U5A5RJT6Q, STM32U5A5VJT6, STM32U5A5VJT6Q, STM32U5A5ZJT6, STM32U5A5ZJT6Q, STM32U5A5ZJY6QTR, STM32U5A9BJY6QTR, STM32U5A9J-DK, STM32U5A9NJH6Q, STM32U5A9VJT6Q, STM32U5A9ZJT6Q, STM32U5A9ZJY6QTR, STM32U5F7VIT6, STM32U5F7VIT6Q, STM32U5F7VJT6, STM32U5F7VJT6Q, STM32U5F9BJY6QTR, STM32U5F9NJH6Q, STM32U5F9VIT6Q, STM32U5F9VJT6Q, STM32U5F9ZIJ6QTR, STM32U5F9ZIT6Q, STM32U5F9ZJJ6QTR, STM32U5F9ZJT6Q, STM32U5G7VJT6, STM32U5G7VJT6Q, STM32U5G9BJY6QTR, STM32U5G9J-DK1, STM32U5G9J-DK2, STM32U5G9NJH6Q, STM32U5G9VJT6Q, STM32U5G9ZJJ6QTR, STM32U5G9ZJT6Q, STM32WB05KZV6TR, STM32WB05KZV7TR, STM32WB05TZF6TR, STM32WB05TZF7TR, STM32WB06CCF6TR, STM32WB06CCF7TR, STM32WB06CCV6TR, STM32WB06CCV7TR, STM32WB06KCV6TR, STM32WB06KCV7TR, STM32WB07CCF6TR, STM32WB07CCF7TR, STM32WB07CCV6TR, STM32WB07CCV7TR, STM32WB07KCV6TR, STM32WB07KCV7TR, STM32WB09KEV6TR, STM32WB09KEV7TR, STM32WB09TEF6TR, STM32WB09TEF7TR, STM32WB1MMCH6, STM32WBA50KGU6, STM32WBA50KGU6TR, STM32WBA52CEU6, STM32WBA52CEU6TR, STM32WBA52CEU7, STM32WBA52CEU7TR, STM32WBA52CGU6, STM32WBA52CGU6TR, STM32WBA52CGU6U, STM32WBA52CGU7, STM32WBA52CGU7TR, STM32WBA52KEU6, STM32WBA52KEU6TR, STM32WBA52KGU6, STM32WBA52KGU6TR, STM32WBA54CEU6, STM32WBA54CEU6TR, STM32WBA54CEU7, STM32WBA54CEU7TR, STM32WBA54CGU6, STM32WBA54CGU6TR, STM32WBA54CGU7, STM32WBA54CGU7TR, STM32WBA54KEU6, STM32WBA54KEU6TR, STM32WBA54KEU7, STM32WBA54KEU7TR, STM32WBA54KGU6, STM32WBA54KGU6TR, STM32WBA54KGU7, STM32WBA54KGU7TR, STM32WBA55CEU6, STM32WBA55CEU6TR, STM32WBA55CEU7, STM32WBA55CEU7TR, STM32WBA55CGU6, STM32WBA55CGU6TR, STM32WBA55CGU6U, STM32WBA55CGU7, STM32WBA55CGU7TR, STM32WBA55G-DK1, STM32WBA55HEF6, STM32WBA55HEF7, STM32WBA55HGF6, STM32WBA55HGF7, STM32WBA55UEI6, STM32WBA55UEI6TR, STM32WBA55UEI7, STM32WBA55UEI7TR, STM32WBA55UGI6, STM32WBA55UGI6TR, STM32WBA55UGI7, STM32WBA55UGI7TR, STM32WBA5MJGH6TR, STM32WBA5MJGH6U, STM32WL33C8V6, STM32WL33C8V6TR, STM32WL33C8V7, STM32WL33C8V7TR, STM32WL33CBV6, STM32WL33CBV6TR, STM32WL33CBV7, STM32WL33CBV7TR, STM32WL33CCV6, STM32WL33CCV6TR, STM32WL33CCV7, STM32WL33CCV7A, STM32WL33CCV7ATR, STM32WL33CCV7TR, STM32WL33K8V6, STM32WL33K8V6TR, STM32WL33K8V7, STM32WL33K8V7TR, STM32WL33KBV6, STM32WL33KBV6TR, STM32WL33KBV7, STM32WL33KBV7TR, STM32WL33KCV6, STM32WL33KCV6TR, STM32WL33KCV7, STM32WL33KCV7TR, STM32WL5MOCH6, STM32WL5MOCH6TR]
2026-01-07 11:09:26,907 [INFO] DbMcus:218 - Found 4817 MCUs, 4817 are supported
2026-01-07 11:09:26,908 [INFO] ApiDb:423 - Load user favorites file C:\Users\kamil/.stm32cubeide/favorites.mcus.txt: 1 item(s)
2026-01-07 11:09:26,908 [INFO] ApiDb:427 - User favorites MCUs=[STM32H743IIT6]
2026-01-07 11:09:26,909 [INFO] DbMcus:224 - Set 1 / 1 favorites MCUs
2026-01-07 11:09:27,682 [INFO] BoardInfo:889 - No configuration file found for board NUCLEO-WBA65RI
2026-01-07 11:09:27,684 [INFO] DbBoards:161 - Board is not supported: NUCLEO-WBA65RI
2026-01-07 11:09:27,698 [INFO] BoardInfo:889 - No configuration file found for board P-NUCLEO-WB55
2026-01-07 11:09:27,700 [INFO] DbBoards:161 - Kit is not supported: P-NUCLEO-WB55
2026-01-07 11:09:27,708 [INFO] BoardInfo:889 - No configuration file found for board STEVAL-BFA001V1B
2026-01-07 11:09:27,710 [INFO] DbBoards:161 - Kit is not supported: STEVAL-BFA001V1B
2026-01-07 11:09:27,711 [INFO] BoardInfo:889 - No configuration file found for board STEVAL-BFA001V2B
2026-01-07 11:09:27,712 [INFO] DbBoards:161 - Kit is not supported: STEVAL-BFA001V2B
2026-01-07 11:09:28,004 [INFO] BoardInfo:889 - No configuration file found for board STM32WBA65I-DK1
2026-01-07 11:09:28,007 [INFO] DbBoards:161 - Board is not supported: STM32WBA65I-DK1
2026-01-07 11:09:28,007 [INFO] DbBoards:168 - Found 211 boards, 206 are supported
2026-01-07 11:09:28,007 [INFO] DbBoards:169 - Found 211 boards, 42 of them is supported for  Bsp
2026-01-07 11:09:28,011 [INFO] ApiDb:423 - Load user favorites file C:\Users\kamil/.stm32cubeide/favorites.boards.txt: 1 item(s)
2026-01-07 11:09:28,012 [INFO] ApiDb:427 - User favorites Boards=[NUCLEO-F746ZG]
2026-01-07 11:09:28,012 [INFO] DbBoards:198 - Set 1 / 1 favorites Boards
2026-01-07 11:09:28,133 [INFO] UtilMem:75 - End LoadConfig() Used Memory: 520265768 Bytes (628097024)
2026-01-07 11:09:28,311 [WARN] ThirdParty:833 - waiting for thirdparty lock release [change project]
2026-01-07 11:09:28,311 [INFO] ThirdParty:835 - entering critical section [change project]
2026-01-07 11:09:28,311 [INFO] ThirdParty:1030 - CMSIS Pack Vendor :STMicroelectronics X-CUBE-PM33A1 1.0.0
2026-01-07 11:09:28,311 [INFO] ThirdParty:1030 - CMSIS Pack Vendor :STMicroelectronics USBPD 4.1
2026-01-07 11:09:28,311 [INFO] ThirdParty:1030 - CMSIS Pack Vendor :STMicroelectronics USB_HOST 2.0.0
2026-01-07 11:09:28,311 [INFO] ThirdParty:1030 - CMSIS Pack Vendor :STMicroelectronics FP-SNS-MOTENVWB1 1.4.0
2026-01-07 11:09:28,311 [INFO] ThirdParty:1030 - CMSIS Pack Vendor :STMicroelectronics X-CUBE-AZRTOS-F4 1.1.0
2026-01-07 11:09:28,311 [INFO] ThirdParty:1030 - CMSIS Pack Vendor :STMicroelectronics LIBJPEG 8.0.0
2026-01-07 11:09:28,311 [INFO] ThirdParty:1030 - CMSIS Pack Vendor :STMicroelectronics FP-ATR-ASTRA1 2.0.2
2026-01-07 11:09:28,311 [INFO] ThirdParty:1030 - CMSIS Pack Vendor :STMicroelectronics FP-ATR-ASTRA1 2.0.1
2026-01-07 11:09:28,311 [INFO] ThirdParty:1030 - CMSIS Pack Vendor :STMicroelectronics X-CUBE-SMBUS 2.1.0
2026-01-07 11:09:28,311 [INFO] ThirdParty:1030 - CMSIS Pack Vendor :STMicroelectronics X-CUBE-WB05N 1.1.0
2026-01-07 11:09:28,311 [INFO] ThirdParty:1030 - CMSIS Pack Vendor :STMicroelectronics X-CUBE-ISPU 2.1.0
2026-01-07 11:09:28,312 [INFO] ThirdParty:1030 - CMSIS Pack Vendor :STMicroelectronics X-CUBE-FREERTOS 1.2.0
2026-01-07 11:09:28,312 [INFO] ThirdParty:1030 - CMSIS Pack Vendor :STMicroelectronics X-CUBE-ST60 1.0.0
2026-01-07 11:09:28,312 [INFO] ThirdParty:1030 - CMSIS Pack Vendor :STMicroelectronics X-CUBE-NFC12 1.0.0
2026-01-07 11:09:28,312 [INFO] ThirdParty:1030 - CMSIS Pack Vendor :STMicroelectronics X-CUBE-AZRTOS-F7 1.1.0
2026-01-07 11:09:28,312 [INFO] ThirdParty:1030 - CMSIS Pack Vendor :STMicroelectronics X-CUBE-AZRTOS-L5 2.0.0
2026-01-07 11:09:28,312 [INFO] ThirdParty:1030 - CMSIS Pack Vendor :STMicroelectronics USB_DEVICE 2.0.0
2026-01-07 11:09:28,312 [INFO] ThirdParty:1030 - CMSIS Pack Vendor :STMicroelectronics X-CUBE-NFC6 3.1.0
2026-01-07 11:09:28,312 [INFO] ThirdParty:1030 - CMSIS Pack Vendor :ARM CMSIS 5.7.0
2026-01-07 11:09:28,312 [INFO] ThirdParty:1030 - CMSIS Pack Vendor :STMicroelectronics X-CUBE-MEMS1 11.0.0
2026-01-07 11:09:28,312 [INFO] ThirdParty:1030 - CMSIS Pack Vendor :STMicroelectronics FreeRTOS 0.0.1
2026-01-07 11:09:28,312 [INFO] ThirdParty:1030 - CMSIS Pack Vendor :STMicroelectronics X-CUBE-DPower 1.2.0
2026-01-07 11:09:28,313 [INFO] ThirdParty:1030 - CMSIS Pack Vendor :STMicroelectronics FP-SNS-FLIGHT1 5.0.2
2026-01-07 11:09:28,313 [INFO] ThirdParty:1030 - CMSIS Pack Vendor :STMicroelectronics PDM2PCM 3.3.0
2026-01-07 11:09:28,313 [INFO] ThirdParty:1030 - CMSIS Pack Vendor :STMicroelectronics X-CUBE-AZRTOS-H7 3.4.0
2026-01-07 11:09:28,313 [INFO] ThirdParty:1030 - CMSIS Pack Vendor :STMicroelectronics X-CUBE-DISPLAY 3.0.0
2026-01-07 11:09:28,313 [INFO] ThirdParty:1030 - CMSIS Pack Vendor :STMicroelectronics X-CUBE-BLE1 7.0.0
2026-01-07 11:09:28,313 [INFO] ThirdParty:1030 - CMSIS Pack Vendor :STMicroelectronics X-CUBE-NFC10 1.0.0
2026-01-07 11:09:28,313 [INFO] ThirdParty:1030 - CMSIS Pack Vendor :STMicroelectronics X-CUBE-BLEMGR 4.0.0
2026-01-07 11:09:28,313 [INFO] ThirdParty:1030 - CMSIS Pack Vendor :STMicroelectronics X-CUBE-FREERTOS 1.3.1
2026-01-07 11:09:28,313 [INFO] ThirdParty:1030 - CMSIS Pack Vendor :STMicroelectronics HAL Drivers 0.0.0
2026-01-07 11:09:28,313 [INFO] ThirdParty:1030 - CMSIS Pack Vendor :STMicroelectronics X-CUBE-ST60 1.1.0
2026-01-07 11:09:28,313 [INFO] ThirdParty:1030 - CMSIS Pack Vendor :emotas I-CUBE-CANOPEN 1.3.0
2026-01-07 11:09:28,313 [INFO] ThirdParty:1030 - CMSIS Pack Vendor :STMicroelectronics X-CUBE-FREERTOS 1.3.0
2026-01-07 11:09:28,313 [INFO] ThirdParty:1030 - CMSIS Pack Vendor :STMicroelectronics X-CUBE-NFC7 1.0.1
2026-01-07 11:09:28,313 [INFO] ThirdParty:1030 - CMSIS Pack Vendor :STMicroelectronics MBEDTLS 2.14.1
2026-01-07 11:09:28,313 [INFO] ThirdParty:1030 - CMSIS Pack Vendor :STMicroelectronics X-CUBE-GNSS1 7.1.0
2026-01-07 11:09:28,313 [INFO] ThirdParty:1030 - CMSIS Pack Vendor :STMicroelectronics X-CUBE-TOUCHGFX 4.26.0
2026-01-07 11:09:28,313 [INFO] ThirdParty:1030 - CMSIS Pack Vendor :STMicroelectronics X-CUBE-BLEMGR 3.1.0
2026-01-07 11:09:28,313 [INFO] ThirdParty:1030 - CMSIS Pack Vendor :STMicroelectronics X-CUBE-AI 10.0.0
2026-01-07 11:09:28,314 [INFO] ThirdParty:1030 - CMSIS Pack Vendor :STMicroelectronics FP-SNS-STAIOTCFT 1.0.0
2026-01-07 11:09:28,314 [INFO] ThirdParty:1030 - CMSIS Pack Vendor :STMicroelectronics FP-SNS-SMARTAG2 1.2.0
2026-01-07 11:09:28,314 [INFO] ThirdParty:1030 - CMSIS Pack Vendor :STMicroelectronics FP-SNS-FLIGHT1 5.1.0
2026-01-07 11:09:28,314 [INFO] ThirdParty:1030 - CMSIS Pack Vendor :STMicroelectronics X-CUBE-MEMS1 11.1.0
2026-01-07 11:09:28,314 [INFO] ThirdParty:1030 - CMSIS Pack Vendor :STMicroelectronics X-CUBE-AZRTOS-WL 2.0.0
2026-01-07 11:09:28,314 [INFO] ThirdParty:1030 - CMSIS Pack Vendor :STMicroelectronics X-CUBE-DPower 1.3.0
2026-01-07 11:09:28,314 [INFO] ThirdParty:1030 - CMSIS Pack Vendor :STMicroelectronics FP-SNS-MOTENV1 5.0.0
2026-01-07 11:09:28,314 [INFO] ThirdParty:1030 - CMSIS Pack Vendor :STMicroelectronics USB_DEVICE 1.0.0
2026-01-07 11:09:28,314 [INFO] ThirdParty:1030 - CMSIS Pack Vendor :STMicroelectronics X-CUBE-AZRTOS-H7RS 1.2.0
2026-01-07 11:09:28,314 [INFO] ThirdParty:1030 - CMSIS Pack Vendor :wolfSSL I-CUBE-wolfMQTT 1.19.0
2026-01-07 11:09:28,314 [INFO] ThirdParty:1030 - CMSIS Pack Vendor :STMicroelectronics X-CUBE-AZRTOS-L4 2.0.0
2026-01-07 11:09:28,314 [INFO] ThirdParty:1030 - CMSIS Pack Vendor :STMicroelectronics ThreadX 0.0.2
2026-01-07 11:09:28,314 [INFO] ThirdParty:1030 - CMSIS Pack Vendor :WES I-CUBE-Cesium 1.3.0
2026-01-07 11:09:28,314 [INFO] ThirdParty:1030 - CMSIS Pack Vendor :STMicroelectronics lwIP 2.1.2
2026-01-07 11:09:28,314 [INFO] ThirdParty:1030 - CMSIS Pack Vendor :STMicroelectronics X-CUBE-SFXS2LP1 4.0.0
2026-01-07 11:09:28,314 [INFO] ThirdParty:1030 - CMSIS Pack Vendor :STMicroelectronics X-CUBE-BLE2 3.3.0
2026-01-07 11:09:28,314 [INFO] ThirdParty:1030 - CMSIS Pack Vendor :Avnet-IOTCONNECT X-CUBE-iotc-st67-sdk 1.0.0
2026-01-07 11:09:28,314 [INFO] ThirdParty:1030 - CMSIS Pack Vendor :STMicroelectronics PDM2PCM 3.2.0
2026-01-07 11:09:28,314 [INFO] ThirdParty:1030 - CMSIS Pack Vendor :STMicroelectronics X-CUBE-AZRTOS-H7 3.3.0
2026-01-07 11:09:28,314 [INFO] ThirdParty:1030 - CMSIS Pack Vendor :STMicroelectronics X-CUBE-NFC9 1.0.0
2026-01-07 11:09:28,314 [INFO] ThirdParty:1030 - CMSIS Pack Vendor :STMicroelectronics X-CUBE-BLE1 7.1.0
2026-01-07 11:09:28,314 [INFO] ThirdParty:1030 - CMSIS Pack Vendor :STMicroelectronics USB_DEVICE 3.0.0
2026-01-07 11:09:28,314 [INFO] ThirdParty:1030 - CMSIS Pack Vendor :STMicroelectronics X-CUBE-TCPP 4.1.0
2026-01-07 11:09:28,314 [INFO] ThirdParty:1030 - CMSIS Pack Vendor :STMicroelectronics X-CUBE-EEPRMA1 5.2.0
2026-01-07 11:09:28,314 [INFO] ThirdParty:1030 - CMSIS Pack Vendor :STMicroelectronics X-CUBE-BLEMGR 4.1.0
2026-01-07 11:09:28,314 [INFO] ThirdParty:1030 - CMSIS Pack Vendor :STMicroelectronics X-CUBE-IPS 3.0.0
2026-01-07 11:09:28,314 [INFO] ThirdParty:1030 - CMSIS Pack Vendor :STMicroelectronics X-CUBE-AZRTOS-WB 2.0.0
2026-01-07 11:09:28,314 [INFO] ThirdParty:1030 - CMSIS Pack Vendor :STMicroelectronics X-CUBE-GNSS1 7.0.0
2026-01-07 11:09:28,314 [INFO] ThirdParty:1030 - CMSIS Pack Vendor :STMicroelectronics X-CUBE-GNSS1 7.0.1
2026-01-07 11:09:28,314 [INFO] ThirdParty:1030 - CMSIS Pack Vendor :STMicroelectronics X-CUBE-TOUCHGFX 4.25.0
2026-01-07 11:09:28,314 [INFO] ThirdParty:1030 - CMSIS Pack Vendor :STMicroelectronics FP-SNS-STBOX1 2.0.0
2026-01-07 11:09:28,315 [INFO] ThirdParty:1030 - CMSIS Pack Vendor :STMicroelectronics X-CUBE-MEMS1 12.0.0
2026-01-07 11:09:28,315 [INFO] ThirdParty:1030 - CMSIS Pack Vendor :STMicroelectronics X-CUBE-AZRTOS-G0 1.1.0
2026-01-07 11:09:28,315 [INFO] ThirdParty:1030 - CMSIS Pack Vendor :STMicroelectronics X-CUBE-SAFEA1 1.2.2
2026-01-07 11:09:28,315 [INFO] ThirdParty:1030 - CMSIS Pack Vendor :STMicroelectronics X-CUBE-NFC4 3.0.0
2026-01-07 11:09:28,315 [INFO] ThirdParty:1030 - CMSIS Pack Vendor :STMicroelectronics X-CUBE-SUBG2 5.0.0
2026-01-07 11:09:28,315 [INFO] ThirdParty:1030 - CMSIS Pack Vendor :STMicroelectronics X-CUBE-AZRTOS-H7RS 1.1.0
2026-01-07 11:09:28,315 [INFO] ThirdParty:1030 - CMSIS Pack Vendor :STMicroelectronics STM32_WPAN 1.0.0
2026-01-07 11:09:28,315 [INFO] ThirdParty:1030 - CMSIS Pack Vendor :EmbeddedOffice I-CUBE-FS-RTOS 1.0.1
2026-01-07 11:09:28,315 [INFO] ThirdParty:1030 - CMSIS Pack Vendor :STMicroelectronics lwIP 2.0.3
2026-01-07 11:09:28,315 [INFO] ThirdParty:1030 - CMSIS Pack Vendor :Cesanta I-CUBE-Mongoose 7.13.0
2026-01-07 11:09:28,315 [INFO] ThirdParty:1030 - CMSIS Pack Vendor :STMicroelectronics USB_HOST 1.0.0
2026-01-07 11:09:28,315 [INFO] ThirdParty:1030 - CMSIS Pack Vendor :STMicroelectronics X-CUBE-AZRTOS-G4 2.0.0
2026-01-07 11:09:28,315 [INFO] ThirdParty:1030 - CMSIS Pack Vendor :STMicroelectronics X-CUBE-WB05N 2.0.0
2026-01-07 11:09:28,315 [INFO] ThirdParty:1030 - CMSIS Pack Vendor :STMicroelectronics PDM2PCM 3.1.0
2026-01-07 11:09:28,315 [INFO] ThirdParty:1030 - CMSIS Pack Vendor :STMicroelectronics X-CUBE-NFC7 2.0.0
2026-01-07 11:09:28,315 [INFO] ThirdParty:1030 - CMSIS Pack Vendor :STMicroelectronics X-CUBE-TCPP 4.2.0
2026-01-07 11:09:28,315 [INFO] ThirdParty:1030 - CMSIS Pack Vendor :RealThread X-CUBE-RT-Thread_Nano 4.1.1
2026-01-07 11:09:28,315 [INFO] ThirdParty:1030 - CMSIS Pack Vendor :STMicroelectronics FP-ATR-SIGFOX1 3.2.0
2026-01-07 11:09:28,315 [INFO] ThirdParty:1030 - CMSIS Pack Vendor :wolfSSL I-CUBE-wolfSSL 5.7.2
2026-01-07 11:09:28,315 [INFO] ThirdParty:1030 - CMSIS Pack Vendor :quantropi X-CUBE-qispace-sdk-base 1.9.3
2026-01-07 11:09:28,315 [INFO] ThirdParty:1030 - CMSIS Pack Vendor :STMicroelectronics X-CUBE-EEPRMA1 5.1.0
2026-01-07 11:09:28,315 [INFO] ThirdParty:1030 - CMSIS Pack Vendor :STMicroelectronics MBEDTLS 2.16.2
2026-01-07 11:09:28,315 [INFO] ThirdParty:1030 - CMSIS Pack Vendor :STMicroelectronics X-CUBE-IPS 3.1.0
2026-01-07 11:09:28,315 [INFO] ThirdParty:1030 - CMSIS Pack Vendor :STMicroelectronics X-CUBE-ALS 1.0.2
2026-01-07 11:09:28,315 [INFO] ThirdParty:1030 - CMSIS Pack Vendor :ITTIA_DB I-CUBE-ITTIADB 8.9.0
2026-01-07 11:09:28,315 [INFO] ThirdParty:1030 - CMSIS Pack Vendor :STMicroelectronics X-CUBE-TOUCHGFX 4.24.1
2026-01-07 11:09:28,316 [INFO] ThirdParty:1030 - CMSIS Pack Vendor :STMicroelectronics X-CUBE-STSE01 1.0.0
2026-01-07 11:09:28,316 [INFO] ThirdParty:1030 - CMSIS Pack Vendor :wolfSSL I-CUBE-wolfTPM 3.4.0
2026-01-07 11:09:28,316 [INFO] ThirdParty:1030 - CMSIS Pack Vendor :portGmbH I-Cube-SoM-uGOAL 1.1.0
2026-01-07 11:09:28,316 [INFO] ThirdParty:1030 - CMSIS Pack Vendor :STMicroelectronics X-CUBE-ST67W61 1.0.0
2026-01-07 11:09:28,316 [INFO] ThirdParty:1030 - CMSIS Pack Vendor :STMicroelectronics X-CUBE-AI 10.2.0
2026-01-07 11:09:28,316 [INFO] ThirdParty:1030 - CMSIS Pack Vendor :STMicroelectronics ThreadX 1.0.0
2026-01-07 11:09:28,316 [INFO] ThirdParty:1030 - CMSIS Pack Vendor :SEGGER I-CUBE-embOS 1.3.1
2026-01-07 11:09:28,316 [INFO] ThirdParty:1030 - CMSIS Pack Vendor :STMicroelectronics X-CUBE-ALGOBUILD 1.4.0
2026-01-07 11:09:28,316 [INFO] ThirdParty:1030 - CMSIS Pack Vendor :STMicroelectronics X-CUBE-MEMS1 11.3.0
2026-01-07 11:09:28,316 [INFO] ThirdParty:1030 - CMSIS Pack Vendor :STMicroelectronics X-CUBE-AZRTOS-H7RS 1.0.0
2026-01-07 11:09:28,316 [INFO] ThirdParty:1030 - CMSIS Pack Vendor :STMicroelectronics FP-ATR-ASTRA1 2.0.0
2026-01-07 11:09:28,316 [INFO] ThirdParty:1030 - CMSIS Pack Vendor :STMicroelectronics X-CUBE-TOF1 3.4.2
2026-01-07 11:09:28,316 [INFO] ThirdParty:1030 - CMSIS Pack Vendor :STMicroelectronics X-CUBE-TOF1 3.4.3
2026-01-07 11:09:28,316 [INFO] ThirdParty:1030 - CMSIS Pack Vendor :STMicroelectronics X-CUBE-AI 9.1.0
2026-01-07 11:09:28,316 [INFO] ThirdParty:1030 - CMSIS Pack Vendor :Infineon AIROC-Wi-Fi-Bluetooth-STM32 1.6.1
2026-01-07 11:09:28,316 [INFO] ThirdParty:1030 - CMSIS Pack Vendor :wolfSSL I-CUBE-wolfSSH 1.4.17
2026-01-07 11:09:28,317 [INFO] ThirdParty:841 - exiting critical section [change project]
2026-01-07 11:09:29,303 [INFO] PinOutPanel:1589 - setPackage(No Configuration,No Configuration)
2026-01-07 11:09:29,319 [INFO] PinOutPanel:1589 - setPackage(STM32H743IITx,LQFP176)
2026-01-07 11:09:30,059 [INFO] UtilMem:75 - Before build in PCC Used Memory: 301436088 Bytes (628097024)
2026-01-07 11:09:31,133 [INFO] UtilMem:75 - After build in PCC Used Memory: 383157376 Bytes (628097024)
2026-01-07 11:09:31,223 [INFO] IPUIPlugin:80 - create IPUIPlugin
2026-01-07 11:09:31,223 [INFO] IPUIPlugin:80 - create IPUIPlugin
2026-01-07 11:09:31,223 [INFO] IPUIPlugin:80 - create IPUIPlugin
2026-01-07 11:09:31,223 [INFO] IPUIPlugin:80 - create IPUIPlugin
2026-01-07 11:09:31,224 [INFO] IPUIPlugin:80 - create IPUIPlugin
2026-01-07 11:09:31,224 [INFO] IPUIPlugin:80 - create IPUIPlugin
2026-01-07 11:09:31,224 [INFO] IPUIPlugin:80 - create IPUIPlugin
2026-01-07 11:09:31,224 [INFO] IPUIPlugin:80 - create IPUIPlugin
2026-01-07 11:09:31,224 [INFO] IPUIPlugin:80 - create IPUIPlugin
2026-01-07 11:09:31,224 [INFO] IPUIPlugin:80 - create IPUIPlugin
2026-01-07 11:09:31,224 [INFO] IPUIPlugin:80 - create IPUIPlugin
2026-01-07 11:09:31,224 [INFO] IPUIPlugin:80 - create IPUIPlugin
2026-01-07 11:09:31,224 [INFO] IPUIPlugin:80 - create IPUIPlugin
2026-01-07 11:09:31,225 [INFO] IPUIPlugin:80 - create IPUIPlugin
2026-01-07 11:09:31,225 [INFO] IPUIPlugin:80 - create IPUIPlugin
2026-01-07 11:09:31,225 [INFO] IPUIPlugin:80 - create IPUIPlugin
2026-01-07 11:09:31,225 [INFO] IPUIPlugin:80 - create IPUIPlugin
2026-01-07 11:09:31,225 [INFO] IPUIPlugin:80 - create IPUIPlugin
2026-01-07 11:09:31,225 [INFO] IPUIPlugin:80 - create IPUIPlugin
2026-01-07 11:09:31,225 [INFO] IPUIPlugin:80 - create IPUIPlugin
2026-01-07 11:09:31,226 [INFO] IPUIPlugin:80 - create IPUIPlugin
2026-01-07 11:09:31,226 [INFO] IPUIPlugin:80 - create IPUIPlugin
2026-01-07 11:09:31,226 [INFO] IPUIPlugin:80 - create IPUIPlugin
2026-01-07 11:09:31,226 [INFO] IPUIPlugin:80 - create IPUIPlugin
2026-01-07 11:09:31,226 [INFO] IPUIPlugin:80 - create IPUIPlugin
2026-01-07 11:09:31,226 [INFO] IPUIPlugin:80 - create IPUIPlugin
2026-01-07 11:09:31,226 [INFO] IPUIPlugin:80 - create IPUIPlugin
2026-01-07 11:09:31,227 [INFO] IPUIPlugin:80 - create IPUIPlugin
2026-01-07 11:09:31,227 [INFO] IPUIPlugin:80 - create IPUIPlugin
2026-01-07 11:09:31,227 [INFO] IPUIPlugin:80 - create IPUIPlugin
2026-01-07 11:09:31,227 [INFO] IPUIPlugin:80 - create IPUIPlugin
2026-01-07 11:09:31,227 [INFO] IPUIPlugin:80 - create IPUIPlugin
2026-01-07 11:09:31,227 [INFO] IPUIPlugin:80 - create IPUIPlugin
2026-01-07 11:09:31,228 [INFO] IPUIPlugin:80 - create IPUIPlugin
2026-01-07 11:09:31,228 [INFO] IPUIPlugin:80 - create IPUIPlugin
2026-01-07 11:09:31,228 [INFO] IPUIPlugin:80 - create IPUIPlugin
2026-01-07 11:09:31,228 [INFO] IPUIPlugin:80 - create IPUIPlugin
2026-01-07 11:09:31,229 [INFO] IPUIPlugin:80 - create IPUIPlugin
2026-01-07 11:09:31,229 [INFO] IPUIPlugin:80 - create IPUIPlugin
2026-01-07 11:09:31,229 [INFO] IPUIPlugin:80 - create IPUIPlugin
2026-01-07 11:09:31,229 [INFO] IPUIPlugin:80 - create IPUIPlugin
2026-01-07 11:09:31,229 [INFO] IPUIPlugin:80 - create IPUIPlugin
2026-01-07 11:09:31,230 [INFO] IPUIPlugin:80 - create IPUIPlugin
2026-01-07 11:09:31,230 [INFO] IPUIPlugin:80 - create IPUIPlugin
2026-01-07 11:09:31,230 [INFO] IPUIPlugin:80 - create IPUIPlugin
2026-01-07 11:09:31,230 [INFO] IPUIPlugin:80 - create IPUIPlugin
2026-01-07 11:09:31,230 [INFO] IPUIPlugin:80 - create IPUIPlugin
2026-01-07 11:09:31,231 [INFO] IPUIPlugin:80 - create IPUIPlugin
2026-01-07 11:09:31,231 [INFO] IPUIPlugin:80 - create IPUIPlugin
2026-01-07 11:09:31,231 [INFO] IPUIPlugin:80 - create IPUIPlugin
2026-01-07 11:09:31,231 [INFO] IPUIPlugin:80 - create IPUIPlugin
2026-01-07 11:09:31,232 [INFO] IPUIPlugin:80 - create IPUIPlugin
2026-01-07 11:09:31,232 [INFO] IPUIPlugin:80 - create IPUIPlugin
2026-01-07 11:09:31,232 [INFO] IPUIPlugin:80 - create IPUIPlugin
2026-01-07 11:09:31,232 [INFO] IPUIPlugin:80 - create IPUIPlugin
2026-01-07 11:09:31,233 [INFO] IPUIPlugin:80 - create IPUIPlugin
2026-01-07 11:09:31,233 [INFO] IPUIPlugin:80 - create IPUIPlugin
2026-01-07 11:09:31,233 [INFO] IPUIPlugin:80 - create IPUIPlugin
2026-01-07 11:09:31,233 [INFO] IPUIPlugin:80 - create IPUIPlugin
2026-01-07 11:09:31,234 [INFO] IPUIPlugin:80 - create IPUIPlugin
2026-01-07 11:09:31,234 [INFO] IPUIPlugin:80 - create IPUIPlugin
2026-01-07 11:09:31,234 [INFO] IPUIPlugin:80 - create IPUIPlugin
2026-01-07 11:09:31,234 [INFO] IPUIPlugin:80 - create IPUIPlugin
2026-01-07 11:09:31,235 [INFO] IPUIPlugin:80 - create IPUIPlugin
2026-01-07 11:09:31,235 [INFO] IPUIPlugin:80 - create IPUIPlugin
2026-01-07 11:09:31,235 [INFO] IPUIPlugin:80 - create IPUIPlugin
2026-01-07 11:09:31,235 [INFO] IPUIPlugin:80 - create IPUIPlugin
2026-01-07 11:09:31,236 [INFO] IPUIPlugin:80 - create IPUIPlugin
2026-01-07 11:09:31,236 [INFO] IPUIPlugin:80 - create IPUIPlugin
2026-01-07 11:09:31,236 [INFO] IPUIPlugin:80 - create IPUIPlugin
2026-01-07 11:09:31,237 [INFO] IPUIPlugin:80 - create IPUIPlugin
2026-01-07 11:09:31,237 [INFO] IPUIPlugin:80 - create IPUIPlugin
2026-01-07 11:09:31,237 [INFO] IPUIPlugin:80 - create IPUIPlugin
2026-01-07 11:09:31,237 [INFO] IPUIPlugin:80 - create IPUIPlugin
2026-01-07 11:09:31,238 [INFO] IPUIPlugin:80 - create IPUIPlugin
2026-01-07 11:09:31,238 [INFO] IPUIPlugin:80 - create IPUIPlugin
2026-01-07 11:09:31,238 [INFO] IPUIPlugin:80 - create IPUIPlugin
2026-01-07 11:09:31,239 [INFO] IPUIPlugin:80 - create IPUIPlugin
2026-01-07 11:09:31,239 [INFO] IPUIPlugin:80 - create IPUIPlugin
2026-01-07 11:09:31,239 [INFO] IPUIPlugin:80 - create IPUIPlugin
2026-01-07 11:09:31,239 [INFO] IPUIPlugin:80 - create IPUIPlugin
2026-01-07 11:09:31,240 [INFO] IPUIPlugin:80 - create IPUIPlugin
2026-01-07 11:09:31,240 [INFO] IPUIPlugin:80 - create IPUIPlugin
2026-01-07 11:09:31,240 [INFO] IPUIPlugin:80 - create IPUIPlugin
2026-01-07 11:09:31,241 [INFO] IPUIPlugin:80 - create IPUIPlugin
2026-01-07 11:09:31,241 [INFO] IPUIPlugin:80 - create IPUIPlugin
2026-01-07 11:09:31,241 [INFO] IPUIPlugin:80 - create IPUIPlugin
2026-01-07 11:09:31,242 [INFO] IPUIPlugin:80 - create IPUIPlugin
2026-01-07 11:09:31,242 [INFO] IPUIPlugin:80 - create IPUIPlugin
2026-01-07 11:09:31,243 [INFO] IPUIPlugin:80 - create IPUIPlugin
2026-01-07 11:09:31,243 [INFO] IPUIPlugin:80 - create IPUIPlugin
2026-01-07 11:09:31,243 [INFO] IPUIPlugin:80 - create IPUIPlugin
2026-01-07 11:09:31,243 [INFO] IPUIPlugin:80 - create IPUIPlugin
2026-01-07 11:09:31,244 [INFO] IPUIPlugin:80 - create IPUIPlugin
2026-01-07 11:09:31,244 [INFO] IPUIPlugin:80 - create IPUIPlugin
2026-01-07 11:09:31,245 [INFO] IPUIPlugin:80 - create IPUIPlugin
2026-01-07 11:09:31,245 [INFO] IPUIPlugin:80 - create IPUIPlugin
2026-01-07 11:09:31,245 [INFO] IPUIPlugin:80 - create IPUIPlugin
2026-01-07 11:09:31,383 [INFO] ApiDbMcu:508 - Load IP Config File for PDM2PCM
2026-01-07 11:09:31,398 [WARN] IP:2251 - ClockDivider not found: check if there is a RefParameter without a condition.
2026-01-07 11:09:31,398 [WARN] IP:2251 - ClockDividerCCU not found: check if there is a RefParameter without a condition.
2026-01-07 11:09:31,398 [WARN] IP:2251 - MinOscClkPeriodsCCU not found: check if there is a RefParameter without a condition.
2026-01-07 11:09:31,398 [WARN] IP:2251 - TimeQuantaPerBitTimeCCU not found: check if there is a RefParameter without a condition.
2026-01-07 11:09:31,398 [WARN] IP:2251 - WatchdogStartValueCCU not found: check if there is a RefParameter without a condition.
2026-01-07 11:09:31,413 [INFO] LogOutputStream:77 - [STDOUT_REDIRECT] Nominal 
2026-01-07 11:09:31,414 [INFO] Can:71 - Can Add PropertyChangeListener com.st.microxplorer.plugins.ip.can.Can@610c41b8
2026-01-07 11:09:31,844 [INFO] CADModel:165 - CPN selected for project levelSTM32H743IIT6
2026-01-07 11:09:31,844 [INFO] CADModel:114 - Register for checkConnection events
2026-01-07 11:09:31,911 [INFO] OpenFileManager:363 - Restore cursor
2026-01-07 11:09:32,193 [WARN] IP:2251 - ClockDivider not found: check if there is a RefParameter without a condition.
2026-01-07 11:09:32,194 [WARN] IP:2251 - ClockDividerCCU not found: check if there is a RefParameter without a condition.
2026-01-07 11:09:32,194 [WARN] IP:2251 - MinOscClkPeriodsCCU not found: check if there is a RefParameter without a condition.
2026-01-07 11:09:32,194 [WARN] IP:2251 - TimeQuantaPerBitTimeCCU not found: check if there is a RefParameter without a condition.
2026-01-07 11:09:32,194 [WARN] IP:2251 - WatchdogStartValueCCU not found: check if there is a RefParameter without a condition.
2026-01-07 11:09:34,319 [INFO] LogOutputStream:77 - [STDOUT_REDIRECT] 
2026-01-07 11:09:35,982 [INFO] McuFinderGlobals:63 - Set McuFinder mode to 2 (CubeIDE integrated)
2026-01-07 11:09:35,982 [INFO] UserAuth:171 - activating auth plugin
2026-01-07 11:09:35,986 [INFO] UserAuth:486 - Internet connection configuration mode: 1
2026-01-07 11:09:36,014 [INFO] JxBrowserEngine:152 - Initiate JxBrowser Engine with user profile folder
2026-01-07 11:09:36,834 [INFO] WebApp:168 - Instantiating new browser for Auth
2026-01-07 11:09:37,724 [INFO] WebApp:449 - Apply proxy settings
2026-01-07 11:09:37,724 [INFO] WebApp:534 - Chromium requires no authentication
2026-01-07 11:09:37,733 [INFO] WebApp:477 - Direct internet connection detected
2026-01-07 11:09:37,764 [INFO] WebApp:880 - Register for checkConnection events
2026-01-07 11:09:37,764 [INFO] WebApp:449 - Apply proxy settings
2026-01-07 11:09:37,764 [INFO] WebApp:534 - Chromium requires no authentication
2026-01-07 11:09:37,765 [INFO] WebApp:477 - Direct internet connection detected
2026-01-07 11:09:38,022 [INFO] WebApp:221 - Starting web application
2026-01-07 11:09:38,022 [INFO] WebApp:579 - Web application path used C:\ST\STM32CubeIDE_1.17.0\STM32CubeIDE\plugins\com.st.stm32cube.common.mx_6.13.0.202411220809\db\plugins\mcufinder\reactClient1\index.html
2026-01-07 11:09:38,267 [INFO] WebApp:187 - Connection restablished
2026-01-07 11:09:55,052 [INFO] UtilMem:75 - End SaveConfig() Used Memory: 562027984 Bytes (628097024)
2026-01-07 11:09:56,728 [INFO] BlockDiagram:2766 - set Specific Code input for plugin: RCC
2026-01-07 11:09:56,728 [INFO] BlockDiagram:2766 - set Specific Code input for plugin: FDCAN
2026-01-07 11:09:56,728 [INFO] BlockDiagram:2766 - set Specific Code input for plugin: MEMORYMAP
2026-01-07 11:09:56,728 [INFO] BlockDiagram:2766 - set Specific Code input for plugin: SYS
2026-01-07 11:09:56,728 [INFO] BlockDiagram:2766 - set Specific Code input for plugin: NVIC
2026-01-07 11:09:56,729 [INFO] BlockDiagram:2766 - set Specific Code input for plugin: GPIO
2026-01-07 11:09:56,745 [INFO] CodeGenerator:896 - code generatio: config db path: C:\ST\STM32CubeIDE_1.17.0\STM32CubeIDE\plugins\com.st.stm32cube.common.mx_6.13.0.202411220809\\db\
2026-01-07 11:09:56,752 [WARN] IP:2251 - ClockDivider not found: check if there is a RefParameter without a condition.
2026-01-07 11:09:56,754 [WARN] IP:2251 - ClockDividerCCU not found: check if there is a RefParameter without a condition.
2026-01-07 11:09:56,754 [WARN] IP:2251 - MinOscClkPeriodsCCU not found: check if there is a RefParameter without a condition.
2026-01-07 11:09:56,754 [WARN] IP:2251 - TimeQuantaPerBitTimeCCU not found: check if there is a RefParameter without a condition.
2026-01-07 11:09:56,754 [WARN] IP:2251 - WatchdogStartValueCCU not found: check if there is a RefParameter without a condition.
2026-01-07 11:09:56,896 [INFO] CodeEngine:255 - oldGeneratedFile, C:\Users\kamil\STM32CubeIDE\workspace_1.17.0\NAJWIEKSZY_TEST\MXTmpFiles\license.tmp_save
2026-01-07 11:09:57,340 [INFO] CodeEngine:279 - Generated code: C:\Users\kamil\STM32CubeIDE\workspace_1.17.0\NAJWIEKSZY_TEST\MXTmpFiles\license.tmp
2026-01-07 11:09:57,437 [INFO] CodeEngine:255 - oldGeneratedFile, C:\Users\kamil\STM32CubeIDE\workspace_1.17.0\NAJWIEKSZY_TEST\MXTmpFiles\gpio.tmp_save
2026-01-07 11:09:57,603 [INFO] CodeEngine:279 - Generated code: C:\Users\kamil\STM32CubeIDE\workspace_1.17.0\NAJWIEKSZY_TEST\MXTmpFiles\gpio.tmp
2026-01-07 11:09:57,716 [WARN] IPConfigManager:98 - WARNING: Missing Config File for MEMORYMAP ip!!
2026-01-07 11:09:57,800 [INFO] CodeEngine:255 - oldGeneratedFile, C:\Users\kamil\STM32CubeIDE\workspace_1.17.0\NAJWIEKSZY_TEST\MXTmpFiles\cortex.tmp_save
2026-01-07 11:09:57,910 [INFO] CodeEngine:279 - Generated code: C:\Users\kamil\STM32CubeIDE\workspace_1.17.0\NAJWIEKSZY_TEST\MXTmpFiles\cortex.tmp
2026-01-07 11:09:57,945 [INFO] CodeEngine:255 - oldGeneratedFile, C:\Users\kamil\STM32CubeIDE\workspace_1.17.0\NAJWIEKSZY_TEST\Core\Src\stm32h7xx_it.c_save
2026-01-07 11:09:58,145 [INFO] CodeEngine:279 - Generated code: C:\Users\kamil\STM32CubeIDE\workspace_1.17.0\NAJWIEKSZY_TEST\Core\Src\stm32h7xx_it.c
2026-01-07 11:09:58,154 [INFO] CodeEngine:255 - oldGeneratedFile, C:\Users\kamil\STM32CubeIDE\workspace_1.17.0\NAJWIEKSZY_TEST\Core\Inc\stm32h7xx_it.h_save
2026-01-07 11:09:58,224 [INFO] CodeEngine:279 - Generated code: C:\Users\kamil\STM32CubeIDE\workspace_1.17.0\NAJWIEKSZY_TEST\Core\Inc\stm32h7xx_it.h
2026-01-07 11:09:58,308 [INFO] CodeEngine:255 - oldGeneratedFile, C:\Users\kamil\STM32CubeIDE\workspace_1.17.0\NAJWIEKSZY_TEST\Core\Src\stm32h7xx_hal_msp.c_save
2026-01-07 11:09:58,463 [INFO] CodeEngine:279 - Generated code: C:\Users\kamil\STM32CubeIDE\workspace_1.17.0\NAJWIEKSZY_TEST\Core\Src\stm32h7xx_hal_msp.c
2026-01-07 11:09:58,469 [INFO] CodeEngine:255 - oldGeneratedFile, C:\Users\kamil\STM32CubeIDE\workspace_1.17.0\NAJWIEKSZY_TEST\MXTmpFiles\system.tmp_save
2026-01-07 11:09:58,594 [INFO] CodeEngine:279 - Generated code: C:\Users\kamil\STM32CubeIDE\workspace_1.17.0\NAJWIEKSZY_TEST\MXTmpFiles\system.tmp
2026-01-07 11:09:58,634 [INFO] CodeEngine:311 - oldGeneratedFile, C:\Users\kamil\STM32CubeIDE\workspace_1.17.0\NAJWIEKSZY_TEST\Core\Inc\stm32h7xx_hal_conf.h_save
2026-01-07 11:09:58,829 [INFO] CodeEngine:335 - Generated code: C:\Users\kamil\STM32CubeIDE\workspace_1.17.0\NAJWIEKSZY_TEST\Core\Inc\stm32h7xx_hal_conf.h
2026-01-07 11:09:58,906 [INFO] ApiDbMcu:508 - Load IP Config File for FDCAN1
2026-01-07 11:09:58,907 [ERROR] ApiDbMcu:464 - Can't load MEMORYMAP-STM32xx root dir null
2026-01-07 11:09:58,907 [ERROR] ApiDbMcu:536 - Cannot parse MEMORYMAP_Config file : file do not exist
2026-01-07 11:09:58,912 [INFO] ApiDbMcu:508 - Load IP Config File for RCC
2026-01-07 11:09:58,943 [INFO] CodeEngine:255 - oldGeneratedFile, C:\Users\kamil\STM32CubeIDE\workspace_1.17.0\NAJWIEKSZY_TEST\Core\Inc\main.h_save
2026-01-07 11:09:59,057 [INFO] CodeEngine:279 - Generated code: C:\Users\kamil\STM32CubeIDE\workspace_1.17.0\NAJWIEKSZY_TEST\Core\Inc\main.h
2026-01-07 11:09:59,080 [INFO] CodeEngine:255 - oldGeneratedFile, C:\Users\kamil\STM32CubeIDE\workspace_1.17.0\NAJWIEKSZY_TEST\Core\Src\main.c_save
2026-01-07 11:09:59,235 [INFO] CodeEngine:279 - Generated code: C:\Users\kamil\STM32CubeIDE\workspace_1.17.0\NAJWIEKSZY_TEST\Core\Src\main.c
2026-01-07 11:09:59,684 [INFO] ProjectBuilder:3289 - Time for Copy HAL[1] : 288mS.
2026-01-07 11:09:59,696 [INFO] ProjectBuilder:4876 - Project Generator version: 4.5.0-RC5
2026-01-07 11:09:59,801 [INFO] ConfigFileManager:1579 - The Die is : DIE450
2026-01-07 11:09:59,815 [INFO] ApiDbMcu:508 - Load IP Config File for FATFS
2026-01-07 11:09:59,820 [INFO] ApiDbMcu:508 - Load IP Config File for FREERTOS
2026-01-07 11:09:59,822 [INFO] ApiDbMcu:508 - Load IP Config File for LIBJPEG
2026-01-07 11:09:59,829 [INFO] ApiDbMcu:508 - Load IP Config File for LWIP
2026-01-07 11:09:59,834 [INFO] ApiDbMcu:508 - Load IP Config File for MBEDTLS
2026-01-07 11:09:59,842 [INFO] ApiDbMcu:508 - Load IP Config File for USB_DEVICE
2026-01-07 11:09:59,845 [INFO] ApiDbMcu:508 - Load IP Config File for USB_HOST
2026-01-07 11:10:00,200 [INFO] LogOutputStream:77 - [STDOUT_REDIRECT] 
2026-01-07 11:10:01,203 [INFO] ProjectBuilder:5154 - Time for Generating toolchain IDE Files: 1506mS.
2026-01-07 11:10:01,205 [INFO] ProjectBuilder:3146 - Time for Copy CMSIS : 1mS.
2026-01-07 11:10:01,210 [INFO] ProjectBuilder:3146 - Time for Copy CMSIS : 0mS.
2026-01-07 11:11:39,865 [INFO] Activator:176 - 


2026-01-07 11:11:39,867 [INFO] Activator:177 - !SESSION log4j initialized
2026-01-07 11:11:41,925 [INFO] ApplicationProperties:184 - Using Application install path: C:\ST\STM32CubeIDE_1.17.0\STM32CubeIDE\plugins\com.st.stm32cube.common.mx_6.13.0.202411220809
2026-01-07 11:11:41,941 [INFO] DbMcusXml:78 - Set database path to: C:\ST\STM32CubeIDE_1.17.0\STM32CubeIDE\plugins\com.st.stm32cube.common.mx_6.13.0.202411220809\\db\/mcu/
2026-01-07 11:11:41,941 [INFO] ApiDb:274 - Set plugin database path to: C:\ST\STM32CubeIDE_1.17.0\STM32CubeIDE\plugins\com.st.stm32cube.common.mx_6.13.0.202411220809\\db\/plugins/boardmanager/
2026-01-07 11:11:41,941 [WARN] ApiDb:259 - Overriding images path with different value:  => C:\ST\STM32CubeIDE_1.17.0\STM32CubeIDE\plugins\com.st.stm32cube.common.mx_6.13.0.202411220809\\db\/plugins/mcufinder/images/
2026-01-07 11:11:41,946 [INFO] ApiDb:250 - Set database path to: C:\Users\kamil\.stmcufinder\plugins\mcufinder//mcu/
2026-01-07 11:11:41,947 [INFO] DbMcusAds:125 - Set database path to: C:\Users\kamil\.stmcufinder\plugins\mcufinder//mcu/
2026-01-07 11:11:41,956 [INFO] CrossReferenceDbSqlite:203 - Set database path to: C:\Users\kamil\.stmcufinder\plugins\mcufinder//mcu/cs/
2026-01-07 11:11:42,144 [INFO] RulesReader:64 - Compatibility file has been processed (297 Rules)
2026-01-07 11:11:42,289 [INFO] DbMcusXml:78 - Set database path to: C:\ST\STM32CubeIDE_1.17.0\STM32CubeIDE\plugins\com.st.stm32cube.common.mx_6.13.0.202411220809\\db\/mcu/
2026-01-07 11:11:42,289 [INFO] ApiDb:274 - Set plugin database path to: C:\ST\STM32CubeIDE_1.17.0\STM32CubeIDE\plugins\com.st.stm32cube.common.mx_6.13.0.202411220809\\db\/plugins/boardmanager/
2026-01-07 11:11:42,290 [INFO] ApiDb:261 - Set plugin images path to: C:\ST\STM32CubeIDE_1.17.0\STM32CubeIDE\plugins\com.st.stm32cube.common.mx_6.13.0.202411220809\\db\/plugins/mcufinder/images/
2026-01-07 11:11:42,290 [WARN] DbFile:41 - Overriding database path with different value: C:\Users\kamil\.stmcufinder\plugins\mcufinder/ => C:\Users\kamil\.stmcufinder\plugins\mcufinder
2026-01-07 11:11:42,291 [INFO] ApiDb:250 - Set database path to: C:\Users\kamil\.stmcufinder\plugins\mcufinder//mcu/
2026-01-07 11:11:42,291 [WARN] DbFile:41 - Overriding database path with different value: C:\Users\kamil\.stmcufinder\plugins\mcufinder/ => C:\Users\kamil\.stmcufinder\plugins\mcufinder
2026-01-07 11:11:42,291 [INFO] DbMcusAds:125 - Set database path to: C:\Users\kamil\.stmcufinder\plugins\mcufinder//mcu/
2026-01-07 11:11:42,291 [WARN] DbFile:41 - Overriding database path with different value: C:\Users\kamil\.stmcufinder\plugins\mcufinder/ => C:\Users\kamil\.stmcufinder\plugins\mcufinder
2026-01-07 11:11:42,291 [WARN] DbFile:41 - Overriding database path with different value: C:\Users\kamil\.stmcufinder\plugins\mcufinder/ => C:\Users\kamil\.stmcufinder\plugins\mcufinder
2026-01-07 11:11:42,291 [INFO] CrossReferenceDbSqlite:203 - Set database path to: C:\Users\kamil\.stmcufinder\plugins\mcufinder//mcu/cs/
2026-01-07 11:11:42,388 [INFO] MainPanel:272 - HeapMemory: 268435456
2026-01-07 11:11:42,554 [INFO] DbMcusXml:78 - Set database path to: C:\ST\STM32CubeIDE_1.17.0\STM32CubeIDE\plugins\com.st.stm32cube.common.mx_6.13.0.202411220809\\db\/mcu/
2026-01-07 11:11:42,554 [INFO] ApiDb:274 - Set plugin database path to: C:\ST\STM32CubeIDE_1.17.0\STM32CubeIDE\plugins\com.st.stm32cube.common.mx_6.13.0.202411220809\\db\/plugins/boardmanager/
2026-01-07 11:11:42,555 [INFO] ApiDb:261 - Set plugin images path to: C:\ST\STM32CubeIDE_1.17.0\STM32CubeIDE\plugins\com.st.stm32cube.common.mx_6.13.0.202411220809\\db\/plugins/mcufinder/images/
2026-01-07 11:11:42,555 [WARN] DbFile:41 - Overriding database path with different value: C:\Users\kamil\.stmcufinder\plugins\mcufinder/ => C:\Users\kamil\.stmcufinder\plugins\mcufinder
2026-01-07 11:11:42,556 [INFO] ApiDb:250 - Set database path to: C:\Users\kamil\.stmcufinder\plugins\mcufinder//mcu/
2026-01-07 11:11:42,556 [WARN] DbFile:41 - Overriding database path with different value: C:\Users\kamil\.stmcufinder\plugins\mcufinder/ => C:\Users\kamil\.stmcufinder\plugins\mcufinder
2026-01-07 11:11:42,556 [INFO] DbMcusAds:125 - Set database path to: C:\Users\kamil\.stmcufinder\plugins\mcufinder//mcu/
2026-01-07 11:11:42,556 [WARN] DbFile:41 - Overriding database path with different value: C:\Users\kamil\.stmcufinder\plugins\mcufinder/ => C:\Users\kamil\.stmcufinder\plugins\mcufinder
2026-01-07 11:11:42,556 [WARN] DbFile:41 - Overriding database path with different value: C:\Users\kamil\.stmcufinder\plugins\mcufinder/ => C:\Users\kamil\.stmcufinder\plugins\mcufinder
2026-01-07 11:11:42,556 [INFO] CrossReferenceDbSqlite:203 - Set database path to: C:\Users\kamil\.stmcufinder\plugins\mcufinder//mcu/cs/
2026-01-07 11:11:42,595 [INFO] ApplicationProperties:184 - Using Application install path: C:\ST\STM32CubeIDE_1.17.0\STM32CubeIDE\plugins\com.st.stm32cube.common.mx_6.13.0.202411220809
2026-01-07 11:11:42,597 [INFO] PluginManage:196 - Search for loadable plugins [exclusion list=, ]
2026-01-07 11:11:42,599 [INFO] PluginManage:310 - Check plugin analytics
2026-01-07 11:11:42,981 [INFO] AnalyticsPlugin:253 - Accepted Software Licenses: 
2026-01-07 11:11:42,981 [INFO] AnalyticsPlugin:255 - Accepted CMSIS Pack Licenses: 
2026-01-07 11:11:42,982 [INFO] AnalyticsPlugin:257 - Accepted Firmware Licenses: FW.F7.1.17.0,FW.H7.1.12.0
2026-01-07 11:11:42,986 [INFO] PluginManage:359 - Loaded plugin analytics (category:tool,tabindex:-1)
2026-01-07 11:11:42,987 [INFO] PluginManage:310 - Check plugin cadmodel
2026-01-07 11:11:42,993 [INFO] CADModel:105 - Init CAD model plugin
2026-01-07 11:11:42,993 [INFO] PluginManage:359 - Loaded plugin cadmodel (category:power,tabindex:5)
2026-01-07 11:11:42,994 [INFO] PluginManage:310 - Check plugin clock
2026-01-07 11:11:43,014 [INFO] PluginManage:359 - Loaded plugin clock (category:base,tabindex:2)
2026-01-07 11:11:43,015 [INFO] PluginManage:310 - Check plugin ddr
2026-01-07 11:11:43,019 [INFO] PluginManage:359 - Loaded plugin ddr (category:tool,tabindex:6)
2026-01-07 11:11:43,020 [INFO] PluginManage:310 - Check plugin filemanager
2026-01-07 11:11:43,223 [INFO] PluginManage:359 - Loaded plugin filemanager (category:base,tabindex:10)
2026-01-07 11:11:43,224 [INFO] PluginManage:310 - Check plugin ipmanager
2026-01-07 11:11:43,234 [INFO] PluginManage:359 - Loaded plugin ipmanager (category:base,tabindex:5)
2026-01-07 11:11:43,235 [INFO] PluginManage:310 - Check plugin lpbam
2026-01-07 11:11:43,247 [INFO] PluginManage:359 - Loaded plugin lpbam (category:base,tabindex:0)
2026-01-07 11:11:43,247 [INFO] PluginManage:310 - Check plugin memorymap
2026-01-07 11:11:43,261 [INFO] PluginManage:359 - Loaded plugin memorymap (category:base,tabindex:4)
2026-01-07 11:11:43,261 [INFO] PluginManage:310 - Check plugin pinoutandconfiguration
2026-01-07 11:11:43,271 [INFO] PluginManage:359 - Loaded plugin pinoutandconfiguration (category:base,tabindex:1)
2026-01-07 11:11:43,271 [INFO] PluginManage:310 - Check plugin pinoutconfig
2026-01-07 11:11:43,433 [WARN] SupportedApi:132 - Cannot load RTOS API schema: s4s-elt-must-match.1: The content of 'definitions' must match (annotation?, (simpleType | complexType)?, (unique | key | keyref)*)). A problem was found starting at: attribute.
2026-01-07 11:11:43,606 [INFO] PluginManage:359 - Loaded plugin pinoutconfig (category:base,tabindex:0)
2026-01-07 11:11:43,606 [INFO] PluginManage:310 - Check plugin power
2026-01-07 11:11:43,616 [INFO] PluginManage:359 - Loaded plugin power (category:power,tabindex:4)
2026-01-07 11:11:43,616 [INFO] PluginManage:310 - Check plugin projectmanager
2026-01-07 11:11:43,636 [INFO] PluginManage:359 - Loaded plugin projectmanager (category:projectmanager,tabindex:4)
2026-01-07 11:11:43,636 [INFO] PluginManage:310 - Check plugin rif
2026-01-07 11:11:43,645 [INFO] PluginManage:359 - Loaded plugin rif (category:base,tabindex:3)
2026-01-07 11:11:43,646 [INFO] PluginManage:310 - Check plugin thirdparty
2026-01-07 11:11:43,872 [INFO] PluginManage:359 - Loaded plugin thirdparty (category:base,tabindex:-1)
2026-01-07 11:11:43,872 [INFO] PluginManage:310 - Check plugin tools
2026-01-07 11:11:43,872 [WARN] IntegrityCheckThread:84 - waiting for thirdparty lock release [integrity check]
2026-01-07 11:11:43,872 [INFO] IntegrityCheckThread:86 - entering critical section [integrity check]
2026-01-07 11:11:43,873 [INFO] ThirdPartyUpdaterWithRetryManager:70 - Updater plugin not ready yet. [1/15]
2026-01-07 11:11:43,876 [INFO] PluginManage:359 - Loaded plugin tools (category:base,tabindex:7)
2026-01-07 11:11:43,876 [INFO] PluginManage:310 - Check plugin tutovideos
2026-01-07 11:11:44,129 [INFO] PluginManage:359 - Loaded plugin tutovideos (category:base,tabindex:-1)
2026-01-07 11:11:44,130 [INFO] PluginManage:310 - Check plugin updater
2026-01-07 11:11:44,153 [INFO] PluginManage:359 - Loaded plugin updater (category:base,tabindex:12)
2026-01-07 11:11:44,153 [INFO] PluginManage:310 - Check plugin userauth
2026-01-07 11:11:44,157 [INFO] UserAuth:118 - Init User Auth plugin
2026-01-07 11:11:44,158 [INFO] PluginManage:359 - Loaded plugin userauth (category:base,tabindex:14)
2026-01-07 11:11:44,159 [INFO] PluginManage:283 - PluginManage : Loaded plugins [18]
2026-01-07 11:11:44,449 [INFO] PinOutPanel:1589 - setPackage(No Configuration,No Configuration)
2026-01-07 11:11:44,563 [INFO] CADModel:165 - CPN selected for project level
2026-01-07 11:11:44,563 [INFO] CADModel:114 - Register for checkConnection events
2026-01-07 11:11:44,585 [INFO] IPUIPlugin:80 - create IPUIPlugin
2026-01-07 11:11:44,585 [INFO] PluginManager:220 - loadIPPluginJar : add adc
2026-01-07 11:11:44,590 [INFO] IPUIPlugin:80 - create IPUIPlugin
2026-01-07 11:11:44,590 [INFO] PluginManager:220 - loadIPPluginJar : add aes
2026-01-07 11:11:44,594 [INFO] IPUIPlugin:80 - create IPUIPlugin
2026-01-07 11:11:44,594 [INFO] PluginManager:220 - loadIPPluginJar : add can
2026-01-07 11:11:44,597 [INFO] IPUIPlugin:80 - create IPUIPlugin
2026-01-07 11:11:44,597 [INFO] PluginManager:220 - loadIPPluginJar : add comp
2026-01-07 11:11:44,599 [INFO] IPUIPlugin:80 - create IPUIPlugin
2026-01-07 11:11:44,599 [INFO] PluginManager:220 - loadIPPluginJar : add cryp
2026-01-07 11:11:44,602 [INFO] IPUIPlugin:80 - create IPUIPlugin
2026-01-07 11:11:44,602 [INFO] PluginManager:220 - loadIPPluginJar : add ddr_ctrl_phy
2026-01-07 11:11:44,606 [INFO] IPUIPlugin:80 - create IPUIPlugin
2026-01-07 11:11:44,606 [INFO] PluginManager:220 - loadIPPluginJar : add dfsdm
2026-01-07 11:11:44,613 [INFO] IPUIPlugin:80 - create IPUIPlugin
2026-01-07 11:11:44,614 [INFO] PluginManager:220 - loadIPPluginJar : add dma
2026-01-07 11:11:44,619 [INFO] IPUIPlugin:80 - create IPUIPlugin
2026-01-07 11:11:44,619 [INFO] PluginManager:220 - loadIPPluginJar : add dma3
2026-01-07 11:11:44,627 [INFO] IPUIPlugin:80 - create IPUIPlugin
2026-01-07 11:11:44,627 [INFO] PluginManager:220 - loadIPPluginJar : add extmemmanager
2026-01-07 11:11:44,632 [INFO] IPUIPlugin:80 - create IPUIPlugin
2026-01-07 11:11:44,632 [INFO] PluginManager:220 - loadIPPluginJar : add fatfs
2026-01-07 11:11:44,642 [INFO] IPUIPlugin:80 - create IPUIPlugin
2026-01-07 11:11:44,642 [INFO] PluginManager:220 - loadIPPluginJar : add fmc
2026-01-07 11:11:44,653 [INFO] IPUIPlugin:80 - create IPUIPlugin
2026-01-07 11:11:44,653 [INFO] PluginManager:220 - loadIPPluginJar : add freertos
2026-01-07 11:11:44,656 [INFO] IPUIPlugin:80 - create IPUIPlugin
2026-01-07 11:11:44,656 [INFO] PluginManager:220 - loadIPPluginJar : add genericplugin
2026-01-07 11:11:44,660 [INFO] IPUIPlugin:80 - create IPUIPlugin
2026-01-07 11:11:44,660 [INFO] PluginManager:220 - loadIPPluginJar : add gfxmmu
2026-01-07 11:11:44,669 [INFO] IPUIPlugin:80 - create IPUIPlugin
2026-01-07 11:11:44,670 [INFO] PluginManager:220 - loadIPPluginJar : add gic
2026-01-07 11:11:44,677 [INFO] IPUIPlugin:80 - create IPUIPlugin
2026-01-07 11:11:44,677 [INFO] PluginManager:220 - loadIPPluginJar : add gpio
2026-01-07 11:11:44,682 [INFO] IPUIPlugin:80 - create IPUIPlugin
2026-01-07 11:11:44,682 [INFO] PluginManager:220 - loadIPPluginJar : add gtzc
2026-01-07 11:11:44,686 [INFO] IPUIPlugin:80 - create IPUIPlugin
2026-01-07 11:11:44,686 [INFO] PluginManager:220 - loadIPPluginJar : add hash
2026-01-07 11:11:44,691 [INFO] IPUIPlugin:80 - create IPUIPlugin
2026-01-07 11:11:44,691 [INFO] PluginManager:220 - loadIPPluginJar : add i2c
2026-01-07 11:11:44,695 [INFO] IPUIPlugin:80 - create IPUIPlugin
2026-01-07 11:11:44,695 [INFO] PluginManager:220 - loadIPPluginJar : add i2s
2026-01-07 11:11:44,700 [INFO] IPUIPlugin:80 - create IPUIPlugin
2026-01-07 11:11:44,700 [INFO] PluginManager:220 - loadIPPluginJar : add i3c
2026-01-07 11:11:44,705 [INFO] IPUIPlugin:80 - create IPUIPlugin
2026-01-07 11:11:44,705 [INFO] PluginManager:220 - loadIPPluginJar : add ipddr
2026-01-07 11:11:44,713 [INFO] IPUIPlugin:80 - create IPUIPlugin
2026-01-07 11:11:44,713 [INFO] PluginManager:220 - loadIPPluginJar : add linkedlist
2026-01-07 11:11:44,717 [INFO] IPUIPlugin:80 - create IPUIPlugin
2026-01-07 11:11:44,718 [INFO] PluginManager:220 - loadIPPluginJar : add lorawan
2026-01-07 11:11:44,719 [INFO] IPUIPlugin:80 - create IPUIPlugin
2026-01-07 11:11:44,720 [INFO] PluginManager:220 - loadIPPluginJar : add ltdc
2026-01-07 11:11:44,728 [INFO] IPUIPlugin:80 - create IPUIPlugin
2026-01-07 11:11:44,729 [INFO] PluginManager:220 - loadIPPluginJar : add mdma
2026-01-07 11:11:44,734 [INFO] IPUIPlugin:80 - create IPUIPlugin
2026-01-07 11:11:44,743 [INFO] PluginManager:220 - loadIPPluginJar : add nvic
2026-01-07 11:11:44,747 [INFO] IPUIPlugin:80 - create IPUIPlugin
2026-01-07 11:11:44,747 [INFO] PluginManager:220 - loadIPPluginJar : add opamp
2026-01-07 11:11:44,751 [INFO] IPUIPlugin:80 - create IPUIPlugin
2026-01-07 11:11:44,751 [INFO] PluginManager:220 - loadIPPluginJar : add openamp
2026-01-07 11:11:44,755 [INFO] IPUIPlugin:80 - create IPUIPlugin
2026-01-07 11:11:44,755 [INFO] PluginManager:220 - loadIPPluginJar : add pdm2pcm
2026-01-07 11:11:44,762 [INFO] IPUIPlugin:80 - create IPUIPlugin
2026-01-07 11:11:44,767 [INFO] PluginManager:220 - loadIPPluginJar : add plateformsettings
2026-01-07 11:11:44,770 [INFO] IPUIPlugin:80 - create IPUIPlugin
2026-01-07 11:11:44,770 [INFO] PluginManager:220 - loadIPPluginJar : add quadspi
2026-01-07 11:11:44,774 [INFO] IPUIPlugin:80 - create IPUIPlugin
2026-01-07 11:11:44,778 [INFO] PluginManager:220 - loadIPPluginJar : add radio
2026-01-07 11:11:44,784 [INFO] IPUIPlugin:80 - create IPUIPlugin
2026-01-07 11:11:44,784 [INFO] PluginManager:220 - loadIPPluginJar : add resmgrutility
2026-01-07 11:11:44,786 [INFO] IPUIPlugin:80 - create IPUIPlugin
2026-01-07 11:11:44,787 [INFO] PluginManager:220 - loadIPPluginJar : add sai
2026-01-07 11:11:44,791 [INFO] IPUIPlugin:80 - create IPUIPlugin
2026-01-07 11:11:44,791 [INFO] PluginManager:220 - loadIPPluginJar : add spi
2026-01-07 11:11:44,799 [INFO] IPUIPlugin:80 - create IPUIPlugin
2026-01-07 11:11:44,800 [INFO] PluginManager:220 - loadIPPluginJar : add stm32_wpan
2026-01-07 11:11:44,802 [INFO] IPUIPlugin:80 - create IPUIPlugin
2026-01-07 11:11:44,802 [INFO] PluginManager:220 - loadIPPluginJar : add tim
2026-01-07 11:11:44,807 [INFO] IPUIPlugin:80 - create IPUIPlugin
2026-01-07 11:11:44,807 [INFO] PluginManager:220 - loadIPPluginJar : add touchsensing
2026-01-07 11:11:44,810 [INFO] IPUIPlugin:80 - create IPUIPlugin
2026-01-07 11:11:44,810 [INFO] PluginManager:220 - loadIPPluginJar : add tracer_emb
2026-01-07 11:11:44,812 [INFO] IPUIPlugin:80 - create IPUIPlugin
2026-01-07 11:11:44,813 [INFO] PluginManager:220 - loadIPPluginJar : add ts
2026-01-07 11:11:44,815 [INFO] IPUIPlugin:80 - create IPUIPlugin
2026-01-07 11:11:44,816 [INFO] PluginManager:220 - loadIPPluginJar : add tsc
2026-01-07 11:11:44,818 [INFO] IPUIPlugin:80 - create IPUIPlugin
2026-01-07 11:11:44,818 [INFO] PluginManager:220 - loadIPPluginJar : add ucpd
2026-01-07 11:11:44,823 [INFO] IPUIPlugin:80 - create IPUIPlugin
2026-01-07 11:11:44,823 [INFO] PluginManager:220 - loadIPPluginJar : add usart
2026-01-07 11:11:44,828 [INFO] IPUIPlugin:80 - create IPUIPlugin
2026-01-07 11:11:44,828 [INFO] PluginManager:220 - loadIPPluginJar : add usbx
2026-01-07 11:11:44,975 [FATAL] Updater:351 - Updater called before beeing initialized
2026-01-07 11:11:45,021 [INFO] RulesReader:64 - Compatibility file has been processed (297 Rules)
2026-01-07 11:11:45,039 [INFO] RulesReader:64 - Compatibility file has been processed (297 Rules)
2026-01-07 11:11:45,060 [INFO] CADModel:165 - CPN selected for project level
2026-01-07 11:11:45,060 [INFO] CADModel:114 - Register for checkConnection events
2026-01-07 11:11:45,060 [FATAL] Updater:351 - Updater called before beeing initialized
2026-01-07 11:11:45,060 [ERROR] CADModel:125 - Updater not yet initialized, retry later 
2026-01-07 11:11:45,293 [FATAL] Updater:351 - Updater called before beeing initialized
2026-01-07 11:11:45,296 [INFO] CADModel:165 - CPN selected for project level
2026-01-07 11:11:45,296 [INFO] CADModel:114 - Register for checkConnection events
2026-01-07 11:11:45,296 [FATAL] Updater:351 - Updater called before beeing initialized
2026-01-07 11:11:45,296 [ERROR] CADModel:125 - Updater not yet initialized, retry later 
2026-01-07 11:11:45,303 [FATAL] Updater:351 - Updater called before beeing initialized
2026-01-07 11:11:45,440 [FATAL] Updater:351 - Updater called before beeing initialized
2026-01-07 11:11:45,445 [INFO] DbMcusAds:53 - JSON generation date=Tue Dec 16 00:11:46 CET 2025 (1765840306612)
2026-01-07 11:11:45,445 [FATAL] Updater:351 - Updater called before beeing initialized
2026-01-07 11:11:45,483 [WARN] DetailPanel:346 - Failed to get advertising image, set to default
2026-01-07 11:11:45,800 [FATAL] Updater:351 - Updater called before beeing initialized
2026-01-07 11:11:45,802 [FATAL] Updater:351 - Updater called before beeing initialized
2026-01-07 11:11:45,802 [FATAL] Updater:351 - Updater called before beeing initialized
2026-01-07 11:11:45,802 [WARN] DetailPanel:346 - Failed to get advertising image, set to default
2026-01-07 11:11:45,803 [FATAL] Updater:351 - Updater called before beeing initialized
2026-01-07 11:11:45,921 [ERROR] Updater:1198 - MainUpdater not yet initialized. External WinMGr cannot be set.
2026-01-07 11:11:45,925 [INFO] Updater:1134 - Updater Version found : 6.13.0
2026-01-07 11:11:45,950 [INFO] ApplicationProperties:184 - Using Application install path: C:\ST\STM32CubeIDE_1.17.0\STM32CubeIDE\plugins\com.st.stm32cube.common.mx_6.13.0.202411220809
2026-01-07 11:11:46,439 [INFO] MainUpdater:2872 - connection check result : 10
2026-01-07 11:11:46,441 [INFO] MainUpdater:289 - Updater Check For Update Now.
2026-01-07 11:11:46,441 [INFO] MicroXplorer:498 - Change Database Version : DB.6.0.130
2026-01-07 11:11:46,681 [INFO] CheckServerUpdateThread:120 - End of CheckServer Thread
2026-01-07 11:11:46,694 [INFO] MainUpdater:2872 - connection check result : 10
2026-01-07 11:11:46,696 [INFO] MainUpdater:2872 - connection check result : 10
2026-01-07 11:11:46,802 [INFO] MicroXplorer:468 - Change Database Path : 
2026-01-07 11:11:46,803 [INFO] MicroXplorer:498 - Change Database Version : DB.6.0.130
2026-01-07 11:11:46,848 [WARN] ThirdParty:871 - waiting for thirdparty lock release [close project]
2026-01-07 11:11:47,147 [WARN] PackLoader:240 - Cannot read IP mode file for STMicroelectronics.FP-SNS-MOTENVWB1.1.4.0
2026-01-07 11:11:47,170 [WARN] PackLoader:240 - Cannot read IP mode file for STMicroelectronics.FP-ATR-ASTRA1.2.0.2
2026-01-07 11:11:47,178 [WARN] PackLoader:240 - Cannot read IP mode file for STMicroelectronics.FP-ATR-ASTRA1.2.0.1
2026-01-07 11:11:47,207 [WARN] PackLoader:240 - Cannot read IP mode file for STMicroelectronics.X-CUBE-SMBUS.2.1.0
2026-01-07 11:11:47,220 [WARN] PackLoader:240 - Cannot read IP mode file for STMicroelectronics.X-CUBE-WB05N.1.1.0
2026-01-07 11:11:47,232 [WARN] PackLoader:240 - Cannot read IP mode file for STMicroelectronics.X-CUBE-ST60.1.0.0
2026-01-07 11:11:47,266 [WARN] PackLoader:240 - Cannot read IP mode file for STMicroelectronics.X-CUBE-AZRTOS-F7.1.1.0
2026-01-07 11:11:47,441 [WARN] PackLoader:240 - Cannot read IP mode file for STMicroelectronics.X-CUBE-MEMS1.11.0.0
2026-01-07 11:11:47,568 [ERROR] Engine:466 - C:\Users\kamil\.stm32cubemx\thirdparties\pdsc\STMicroelectronics.FP-SNS-MOTENV1.5.1.0.pdsc: PDSC version is not supported
2026-01-07 11:11:47,574 [WARN] PackLoader:240 - Cannot read IP mode file for STMicroelectronics.FP-SNS-FLIGHT1.5.0.2
2026-01-07 11:11:47,595 [WARN] PackLoader:240 - Cannot read IP mode file for STMicroelectronics.X-CUBE-AZRTOS-H7.3.4.0
2026-01-07 11:11:47,608 [WARN] PackLoader:240 - Cannot read IP mode file for STMicroelectronics.X-CUBE-DISPLAY.3.0.0
2026-01-07 11:11:47,617 [WARN] PackLoader:240 - Cannot read IP mode file for STMicroelectronics.X-CUBE-BLE1.7.0.0
2026-01-07 11:11:47,623 [WARN] PackLoader:240 - Cannot read IP mode file for STMicroelectronics.X-CUBE-NFC10.1.0.0
2026-01-07 11:11:47,635 [WARN] PackLoader:240 - Cannot read IP mode file for STMicroelectronics.X-CUBE-BLEMGR.4.0.0
2026-01-07 11:11:47,644 [WARN] PackLoader:240 - Cannot read IP mode file for STMicroelectronics.X-CUBE-ST60.1.1.0
2026-01-07 11:11:47,652 [WARN] PackLoader:240 - Cannot read IP mode file for emotas.I-CUBE-CANOPEN.1.3.0
2026-01-07 11:11:47,658 [WARN] PackLoader:240 - Cannot read IP mode file for STMicroelectronics.X-CUBE-GNSS1.7.1.0
2026-01-07 11:11:47,665 [WARN] PackLoader:240 - Cannot read IP mode file for STMicroelectronics.X-CUBE-BLEMGR.3.1.0
2026-01-07 11:11:47,678 [WARN] PackLoader:240 - Cannot read IP mode file for STMicroelectronics.X-CUBE-AI.10.0.0
2026-01-07 11:11:47,683 [ERROR] Engine:466 - C:\Users\kamil\.stm32cubemx\thirdparties\pdsc\STMicroelectronics.FP-SNS-STBOX1.2.1.0.pdsc: PDSC version is not supported
2026-01-07 11:11:47,689 [WARN] PackLoader:240 - Cannot read IP mode file for STMicroelectronics.FP-SNS-SMARTAG2.1.2.0
2026-01-07 11:11:47,694 [WARN] PackLoader:240 - Cannot read IP mode file for STMicroelectronics.FP-SNS-FLIGHT1.5.1.0
2026-01-07 11:11:47,723 [WARN] PackLoader:240 - Cannot read IP mode file for STMicroelectronics.X-CUBE-MEMS1.11.1.0
2026-01-07 11:11:47,796 [INFO] LogOutputStream:77 - [STDOUT_REDIRECT] 1 : Invalid condition id : UX_CORESTACK_Condition cause : null
2026-01-07 11:11:47,796 [INFO] LogOutputStream:77 - [STDOUT_REDIRECT] 1 : Invalid condition id : UX_CORESTACK_Condition cause : null
2026-01-07 11:11:47,797 [INFO] LogOutputStream:77 - [STDOUT_REDIRECT] 1 : Invalid condition id : UX_CORESTACK_Condition cause : null
2026-01-07 11:11:47,798 [INFO] LogOutputStream:77 - [STDOUT_REDIRECT] 1 : Invalid condition id : UX_CORESTACK_Condition cause : null
2026-01-07 11:11:47,800 [INFO] LogOutputStream:77 - [STDOUT_REDIRECT] 1 : Invalid condition id : UX_CORESTACK_Condition cause : null
2026-01-07 11:11:47,803 [WARN] PackLoader:240 - Cannot read IP mode file for STMicroelectronics.X-CUBE-AZRTOS-WL.2.0.0
2026-01-07 11:11:47,810 [WARN] PackLoader:240 - Cannot read IP mode file for STMicroelectronics.FP-SNS-MOTENV1.5.0.0
2026-01-07 11:11:47,838 [WARN] PackLoader:240 - Cannot read IP mode file for STMicroelectronics.X-CUBE-AZRTOS-H7RS.1.2.0
2026-01-07 11:11:47,843 [WARN] PackLoader:240 - Cannot read IP mode file for wolfSSL.I-CUBE-wolfMQTT.1.19.0
2026-01-07 11:11:47,851 [WARN] PackLoader:240 - Cannot read IP mode file for WES.I-CUBE-Cesium.1.3.0
2026-01-07 11:11:47,855 [WARN] PackLoader:240 - Cannot read IP mode file for STMicroelectronics.X-CUBE-BLE2.3.3.0
2026-01-07 11:11:47,872 [WARN] PackLoader:240 - Cannot read IP mode file for STMicroelectronics.X-CUBE-NFC9.1.0.0
2026-01-07 11:11:47,876 [WARN] PackLoader:240 - Cannot read IP mode file for STMicroelectronics.X-CUBE-BLE1.7.1.0
2026-01-07 11:11:47,881 [WARN] PackLoader:240 - Cannot read IP mode file for STMicroelectronics.X-CUBE-TCPP.4.1.0
2026-01-07 11:11:47,885 [ERROR] Engine:466 - C:\Users\kamil\.stm32cubemx\thirdparties\pdsc\STMicroelectronics.X-CUBE-FREERTOS.1.4.0.pdsc: PDSC version is not supported
2026-01-07 11:11:47,892 [WARN] PackLoader:240 - Cannot read IP mode file for STMicroelectronics.X-CUBE-EEPRMA1.5.2.0
2026-01-07 11:11:47,895 [ERROR] Engine:466 - C:\Users\kamil\.stm32cubemx\thirdparties\pdsc\STMicroelectronics.X-CUBE-ST67W61.1.1.0.pdsc: PDSC version is not supported
2026-01-07 11:11:47,927 [WARN] PackLoader:240 - Cannot read IP mode file for STMicroelectronics.X-CUBE-MEMS1.12.0.0
2026-01-07 11:11:48,013 [WARN] PackLoader:240 - Cannot read IP mode file for STMicroelectronics.X-CUBE-AZRTOS-G0.1.1.0
2026-01-07 11:11:48,021 [WARN] PackLoader:240 - Cannot read IP mode file for STMicroelectronics.X-CUBE-SAFEA1.1.2.2
2026-01-07 11:11:48,028 [WARN] PackLoader:240 - Cannot read IP mode file for STMicroelectronics.X-CUBE-NFC4.3.0.0
2026-01-07 11:11:48,036 [WARN] PackLoader:240 - Cannot read IP mode file for EmbeddedOffice.I-CUBE-FS-RTOS.1.0.1
2026-01-07 11:11:48,041 [WARN] PackLoader:240 - Cannot read IP mode file for STMicroelectronics.X-CUBE-WB05N.2.0.0
2026-01-07 11:11:48,046 [WARN] PackLoader:240 - Cannot read IP mode file for STMicroelectronics.X-CUBE-TCPP.4.2.0
2026-01-07 11:11:48,053 [WARN] PackLoader:240 - Cannot read IP mode file for RealThread.X-CUBE-RT-Thread_Nano.4.1.1
2026-01-07 11:11:48,057 [WARN] PackLoader:240 - Cannot read IP mode file for STMicroelectronics.FP-ATR-SIGFOX1.3.2.0
2026-01-07 11:11:48,061 [WARN] PackLoader:240 - Cannot read IP mode file for wolfSSL.I-CUBE-wolfSSL.5.7.2
2026-01-07 11:11:48,065 [WARN] ConditionMgr:438 - getConditionDescription Invalid condition id : Cortex-A Device cause : null
2026-01-07 11:11:48,086 [WARN] ConditionMgr:1044 - genDependencies : Invalid condition id : Cortex-A Device cause : null
2026-01-07 11:11:48,086 [WARN] ConditionMgr:1044 - genDependencies : Invalid condition id : Cortex-A Device cause : null
2026-01-07 11:11:48,086 [WARN] ConditionMgr:1044 - genDependencies : Invalid condition id : Cortex-A Device cause : null
2026-01-07 11:11:48,090 [WARN] PackLoader:240 - Cannot read IP mode file for STMicroelectronics.X-CUBE-EEPRMA1.5.1.0
2026-01-07 11:11:48,096 [WARN] PackLoader:240 - Cannot read IP mode file for ITTIA_DB.I-CUBE-ITTIADB.8.9.0
2026-01-07 11:11:48,102 [WARN] PackLoader:240 - Cannot read IP mode file for STMicroelectronics.X-CUBE-ST67W61.1.0.0
2026-01-07 11:11:48,106 [WARN] PackLoader:240 - Cannot read IP mode file for STMicroelectronics.X-CUBE-AI.10.2.0
2026-01-07 11:11:48,123 [WARN] PackLoader:240 - Cannot read IP mode file for SEGGER.I-CUBE-embOS.1.3.1
2026-01-07 11:11:48,143 [WARN] PackLoader:240 - Cannot read IP mode file for STMicroelectronics.X-CUBE-ALGOBUILD.1.4.0
2026-01-07 11:11:48,175 [WARN] PackLoader:240 - Cannot read IP mode file for STMicroelectronics.X-CUBE-MEMS1.11.3.0
2026-01-07 11:11:48,254 [WARN] PackLoader:240 - Cannot read IP mode file for STMicroelectronics.X-CUBE-AI.9.1.0
2026-01-07 11:11:48,259 [WARN] PackLoader:240 - Cannot read IP mode file for STMicroelectronics.X-CUBE-PM33A1.1.0.0
2026-01-07 11:11:48,270 [WARN] PackLoader:240 - Cannot read IP mode file for STMicroelectronics.X-CUBE-AZRTOS-F4.1.1.0
2026-01-07 11:11:48,275 [WARN] PackLoader:240 - Cannot read IP mode file for STMicroelectronics.X-CUBE-ISPU.2.1.0
2026-01-07 11:11:48,279 [ERROR] Engine:466 - C:\Users\kamil\.stm32cubemx\thirdparties\pdsc\STMicroelectronics.X-CUBE-IPS.3.2.0.pdsc: PDSC version is not supported
2026-01-07 11:11:48,282 [WARN] PackLoader:240 - Cannot read IP mode file for STMicroelectronics.X-CUBE-FREERTOS.1.2.0
2026-01-07 11:11:48,288 [WARN] PackLoader:240 - Cannot read IP mode file for STMicroelectronics.X-CUBE-NFC12.1.0.0
2026-01-07 11:11:48,300 [WARN] PackLoader:240 - Cannot read IP mode file for STMicroelectronics.X-CUBE-AZRTOS-L5.2.0.0
2026-01-07 11:11:48,309 [WARN] PackLoader:240 - Cannot read IP mode file for STMicroelectronics.X-CUBE-NFC6.3.1.0
2026-01-07 11:11:48,317 [WARN] PackLoader:240 - Cannot read IP mode file for STMicroelectronics.X-CUBE-DPower.1.2.0
2026-01-07 11:11:48,322 [WARN] PackLoader:240 - Cannot read IP mode file for STMicroelectronics.X-CUBE-FREERTOS.1.3.1
2026-01-07 11:11:48,325 [WARN] PackLoader:240 - Cannot read IP mode file for STMicroelectronics.X-CUBE-FREERTOS.1.3.0
2026-01-07 11:11:48,330 [WARN] PackLoader:240 - Cannot read IP mode file for STMicroelectronics.X-CUBE-NFC7.1.0.1
2026-01-07 11:11:48,337 [WARN] PackLoader:240 - Cannot read IP mode file for STMicroelectronics.X-CUBE-TOUCHGFX.4.26.0
2026-01-07 11:11:48,342 [WARN] PackLoader:240 - Cannot read IP mode file for STMicroelectronics.FP-SNS-STAIOTCFT.1.0.0
2026-01-07 11:11:48,346 [WARN] PackLoader:240 - Cannot read IP mode file for STMicroelectronics.X-CUBE-DPower.1.3.0
2026-01-07 11:11:48,357 [WARN] ConditionMgr:438 - getConditionDescription Invalid condition id : LAN8742 Phy interface Condition cause : null
2026-01-07 11:11:48,363 [WARN] PackLoader:240 - Cannot read IP mode file for STMicroelectronics.X-CUBE-AZRTOS-L4.2.0.0
2026-01-07 11:11:48,365 [WARN] ConditionMgr:1044 - genDependencies : Invalid condition id : LAN8742 Phy interface Condition cause : null
2026-01-07 11:11:48,365 [WARN] ConditionMgr:1044 - genDependencies : Invalid condition id : LAN8742 Phy interface Condition cause : null
2026-01-07 11:11:48,366 [WARN] ConditionMgr:1044 - genDependencies : Invalid condition id : LAN8742 Phy interface Condition cause : null
2026-01-07 11:11:48,373 [WARN] PackLoader:240 - Cannot read IP mode file for STMicroelectronics.X-CUBE-SFXS2LP1.4.0.0
2026-01-07 11:11:48,384 [WARN] PackLoader:240 - Cannot read IP mode file for STMicroelectronics.X-CUBE-AZRTOS-H7.3.3.0
2026-01-07 11:11:48,392 [WARN] PackLoader:240 - Cannot read IP mode file for STMicroelectronics.X-CUBE-BLEMGR.4.1.0
2026-01-07 11:11:48,401 [WARN] PackLoader:240 - Cannot read IP mode file for STMicroelectronics.X-CUBE-IPS.3.0.0
2026-01-07 11:11:48,411 [WARN] ConditionMgr:438 - getConditionDescription Invalid condition id : UX DEVICE CLASS RTOS Condition cause : null
2026-01-07 11:11:48,411 [WARN] ConditionMgr:438 - getConditionDescription Invalid condition id : UX DEVICE CLASS RTOS Condition cause : null
2026-01-07 11:11:48,413 [WARN] PackLoader:240 - Cannot read IP mode file for STMicroelectronics.X-CUBE-AZRTOS-WB.2.0.0
2026-01-07 11:11:48,413 [WARN] ConditionMgr:1044 - genDependencies : Invalid condition id : UX DEVICE CLASS RTOS Condition cause : null
2026-01-07 11:11:48,413 [WARN] ConditionMgr:1044 - genDependencies : Invalid condition id : UX DEVICE CLASS RTOS Condition cause : null
2026-01-07 11:11:48,414 [WARN] ConditionMgr:1044 - genDependencies : Invalid condition id : UX DEVICE CLASS RTOS Condition cause : null
2026-01-07 11:11:48,414 [WARN] ConditionMgr:1044 - genDependencies : Invalid condition id : UX DEVICE CLASS RTOS Condition cause : null
2026-01-07 11:11:48,414 [WARN] ConditionMgr:1044 - genDependencies : Invalid condition id : UX DEVICE CLASS RTOS Condition cause : null
2026-01-07 11:11:48,418 [WARN] PackLoader:240 - Cannot read IP mode file for STMicroelectronics.X-CUBE-GNSS1.7.0.0
2026-01-07 11:11:48,423 [WARN] PackLoader:240 - Cannot read IP mode file for STMicroelectronics.X-CUBE-GNSS1.7.0.1
2026-01-07 11:11:48,427 [WARN] PackLoader:240 - Cannot read IP mode file for STMicroelectronics.X-CUBE-TOUCHGFX.4.25.0
2026-01-07 11:11:48,433 [WARN] PackLoader:240 - Cannot read IP mode file for STMicroelectronics.FP-SNS-STBOX1.2.0.0
2026-01-07 11:11:48,442 [WARN] PackLoader:240 - Cannot read IP mode file for STMicroelectronics.X-CUBE-SUBG2.5.0.0
2026-01-07 11:11:48,455 [WARN] PackLoader:240 - Cannot read IP mode file for STMicroelectronics.X-CUBE-AZRTOS-H7RS.1.1.0
2026-01-07 11:11:48,460 [WARN] PackLoader:240 - Cannot read IP mode file for Cesanta.I-CUBE-Mongoose.7.13.0
2026-01-07 11:11:48,469 [WARN] PackLoader:240 - Cannot read IP mode file for STMicroelectronics.X-CUBE-AZRTOS-G4.2.0.0
2026-01-07 11:11:48,473 [WARN] PackLoader:240 - Cannot read IP mode file for STMicroelectronics.X-CUBE-NFC7.2.0.0
2026-01-07 11:11:48,480 [WARN] PackLoader:240 - Cannot read IP mode file for STMicroelectronics.X-CUBE-IPS.3.1.0
2026-01-07 11:11:48,487 [WARN] PackLoader:240 - Cannot read IP mode file for STMicroelectronics.X-CUBE-ALS.1.0.2
2026-01-07 11:11:48,491 [WARN] PackLoader:240 - Cannot read IP mode file for STMicroelectronics.X-CUBE-TOUCHGFX.4.24.1
2026-01-07 11:11:48,496 [WARN] PackLoader:240 - Cannot read IP mode file for STMicroelectronics.X-CUBE-STSE01.1.0.0
2026-01-07 11:11:48,500 [WARN] PackLoader:240 - Cannot read IP mode file for wolfSSL.I-CUBE-wolfTPM.3.4.0
2026-01-07 11:11:48,505 [WARN] PackLoader:240 - Cannot read IP mode file for portGmbH.I-Cube-SoM-uGOAL.1.1.0
2026-01-07 11:11:48,515 [WARN] PackLoader:240 - Cannot read IP mode file for STMicroelectronics.X-CUBE-AZRTOS-H7RS.1.0.0
2026-01-07 11:11:48,520 [WARN] PackLoader:240 - Cannot read IP mode file for STMicroelectronics.FP-ATR-ASTRA1.2.0.0
2026-01-07 11:11:48,527 [WARN] PackLoader:240 - Cannot read IP mode file for STMicroelectronics.X-CUBE-TOF1.3.4.2
2026-01-07 11:11:48,538 [WARN] PackLoader:240 - Cannot read IP mode file for STMicroelectronics.X-CUBE-TOF1.3.4.3
2026-01-07 11:11:48,558 [WARN] PackLoader:240 - Cannot read IP mode file for Infineon.AIROC-Wi-Fi-Bluetooth-STM32.1.6.1
2026-01-07 11:11:48,566 [WARN] PackLoader:240 - Cannot read IP mode file for wolfSSL.I-CUBE-wolfSSH.1.4.17
2026-01-07 11:11:48,566 [INFO] ThirdParty:978 - Integrity check success = true
2026-01-07 11:11:48,567 [INFO] IntegrityCheckThread:100 - exiting critical section [integrity check]
2026-01-07 11:11:48,567 [INFO] IntegrityCheckThread:103 - End integrity checks thread
2026-01-07 11:11:48,567 [INFO] ThirdParty:873 - entering critical section [close project]
2026-01-07 11:11:48,568 [INFO] ThirdParty:883 - exiting critical section [close project]
2026-01-07 11:11:48,571 [INFO] PinOutPanel:1589 - setPackage(No Configuration,No Configuration)
2026-01-07 11:11:48,576 [INFO] UtilMem:75 - Begin LoadConfig() Used Memory: 237927432 Bytes (268435456)
2026-01-07 11:11:48,578 [INFO] MicroXplorer:468 - Change Database Path : 
2026-01-07 11:11:48,578 [INFO] MicroXplorer:498 - Change Database Version : DB.6.0.130
2026-01-07 11:11:48,578 [INFO] OpenFileManager:332 - Change cursor
2026-01-07 11:11:48,606 [INFO] Mcu:2035 - Initializing MCU STM32H743IITx STM32H743IITx STM32H743IIT6
2026-01-07 11:11:53,880 [INFO] Context:748 - Trying to add GPIOservice into a context  which must be forbidden
2026-01-07 11:11:55,836 [INFO] RtosManager:555 - Registered RTOS mode: class=CMSIS, group=RTOS, mode=CMSIS_V1, owner=FREERTOS
2026-01-07 11:11:55,837 [INFO] RtosManager:555 - Registered RTOS mode: class=CMSIS, group=RTOS2, mode=CMSIS_V2, owner=FREERTOS
2026-01-07 11:11:55,837 [INFO] RtosManager:555 - Registered RTOS mode: class=RTOS, group=Core, mode=CMSIS_V1, owner=FREERTOS
2026-01-07 11:11:55,837 [INFO] RtosManager:555 - Registered RTOS mode: class=RTOS, group=Core, mode=CMSIS_V2, owner=FREERTOS
2026-01-07 11:11:55,837 [WARN] ModelIntegratedComponent:184 - Missing modes for component STMicroelectronics:FreeRTOS:0.0.1:STMicroelectronics:RTOS:FreeRTOS:Core:::10.2.0:
2026-01-07 11:11:55,845 [WARN] ModelIntegratedComponent:63 - No mode defined for component null
2026-01-07 11:11:55,845 [WARN] ModelIntegratedComponent:63 - No mode defined for component null
2026-01-07 11:11:55,845 [WARN] ModelIntegratedComponent:63 - No mode defined for component null
2026-01-07 11:11:55,845 [WARN] ModelIntegratedComponent:63 - No mode defined for component null
2026-01-07 11:11:55,845 [WARN] ModelIntegratedComponent:63 - No mode defined for component null
2026-01-07 11:11:55,845 [WARN] ModelIntegratedComponent:63 - No mode defined for component null
2026-01-07 11:11:55,845 [WARN] ModelIntegratedComponent:63 - No mode defined for component null
2026-01-07 11:11:55,845 [WARN] ModelIntegratedComponent:63 - No mode defined for component null
2026-01-07 11:11:55,845 [WARN] ModelIntegratedComponent:63 - No mode defined for component null
2026-01-07 11:11:55,845 [WARN] ModelIntegratedComponent:63 - No mode defined for component null
2026-01-07 11:11:55,845 [WARN] ModelIntegratedComponent:63 - No mode defined for component null
2026-01-07 11:11:55,845 [WARN] ModelIntegratedComponent:63 - No mode defined for component null
2026-01-07 11:11:55,845 [WARN] ModelIntegratedComponent:63 - No mode defined for component null
2026-01-07 11:11:55,845 [WARN] ModelIntegratedComponent:63 - No mode defined for component null
2026-01-07 11:11:55,846 [WARN] ModelIntegratedComponent:63 - No mode defined for component null
2026-01-07 11:11:55,846 [WARN] ModelIntegratedComponent:63 - No mode defined for component null
2026-01-07 11:11:55,846 [WARN] ModelIntegratedComponent:63 - No mode defined for component null
2026-01-07 11:11:55,846 [WARN] ModelIntegratedComponent:63 - No mode defined for component null
2026-01-07 11:11:55,846 [WARN] ModelIntegratedComponent:63 - No mode defined for component null
2026-01-07 11:11:55,846 [WARN] ModelIntegratedComponent:63 - No mode defined for component null
2026-01-07 11:11:55,846 [WARN] ModelIntegratedComponent:63 - No mode defined for component null
2026-01-07 11:11:55,846 [WARN] ModelIntegratedComponent:63 - No mode defined for component null
2026-01-07 11:11:55,846 [WARN] ModelIntegratedComponent:63 - No mode defined for component null
2026-01-07 11:11:55,846 [WARN] ModelIntegratedComponent:63 - No mode defined for component null
2026-01-07 11:11:55,846 [WARN] ModelIntegratedComponent:63 - No mode defined for component null
2026-01-07 11:11:55,846 [WARN] ModelIntegratedComponent:63 - No mode defined for component null
2026-01-07 11:11:55,846 [WARN] ModelIntegratedComponent:63 - No mode defined for component null
2026-01-07 11:11:55,846 [WARN] ModelIntegratedComponent:63 - No mode defined for component null
2026-01-07 11:11:55,846 [WARN] ModelIntegratedComponent:63 - No mode defined for component null
2026-01-07 11:11:55,846 [WARN] ModelIntegratedComponent:63 - No mode defined for component null
2026-01-07 11:11:55,846 [WARN] ModelIntegratedComponent:63 - No mode defined for component null
2026-01-07 11:11:55,846 [WARN] ModelIntegratedComponent:63 - No mode defined for component null
2026-01-07 11:11:55,846 [WARN] ModelIntegratedComponent:63 - No mode defined for component null
2026-01-07 11:11:55,846 [WARN] ModelIntegratedComponent:63 - No mode defined for component null
2026-01-07 11:11:55,846 [WARN] ModelIntegratedComponent:63 - No mode defined for component null
2026-01-07 11:11:55,847 [WARN] ModelPack:524 - Component already loaded: STMicroelectronics:HAL Drivers:0.0.0:STMicroelectronics:Device:STMicro_Driver:XSPI:HAL::0.0.1:HAL_XSPI
2026-01-07 11:11:56,031 [INFO] ThirdPartyModel:298 - Start build external matchings
2026-01-07 11:11:57,482 [INFO] ThirdPartyModel:316 - End build external matchings
2026-01-07 11:11:57,532 [WARN] IP:2251 - ClockDivider not found: check if there is a RefParameter without a condition.
2026-01-07 11:11:57,533 [WARN] IP:2251 - ClockDividerCCU not found: check if there is a RefParameter without a condition.
2026-01-07 11:11:57,533 [WARN] IP:2251 - MinOscClkPeriodsCCU not found: check if there is a RefParameter without a condition.
2026-01-07 11:11:57,534 [WARN] IP:2251 - TimeQuantaPerBitTimeCCU not found: check if there is a RefParameter without a condition.
2026-01-07 11:11:57,534 [WARN] IP:2251 - WatchdogStartValueCCU not found: check if there is a RefParameter without a condition.
2026-01-07 11:11:58,465 [INFO] ApiDb:581 - Connected to CubeFinder SQLite database (C:\Users\kamil\.stmcufinder\plugins\mcufinder\mcu\cube-finder-db.db)
2026-01-07 11:11:58,549 [INFO] ApiDb:668 - CubeFinder database Data Model version=2.1
2026-01-07 11:11:58,550 [INFO] ApiDb:669 - CubeFinder database Configuration version=3.0.39
2026-01-07 11:11:58,550 [INFO] ApiDb:670 - CubeFinder database generation date=2025-11-05 (1762334721)
2026-01-07 11:11:58,550 [INFO] ApiDb:671 - CubeFinder database FW Pack versions=[FP-ATR-ASTRA1_V2.0.0, FP-SNS-FLIGHT1_V5.1.0, FP-SNS-MOTENV1_V5.1.0, FP-SNS-MOTENVWB1_V1.4.0, FP-SNS-SMARTAG2_V1.2.0, FP-SNS-STBOX1_V2.1.0, STM32Cube_FW_C0_V1.4.0, STM32Cube_FW_F4_V1.28.3, STM32Cube_FW_F7_V1.17.4, STM32Cube_FW_G0_V1.6.2, STM32Cube_FW_G4_V1.6.1, STM32Cube_FW_H5_V1.5.1, STM32Cube_FW_H7RS_V1.3.0, STM32Cube_FW_H7_V1.12.1, STM32Cube_FW_L0_V1.12.2, STM32Cube_FW_L4_V1.18.1, STM32Cube_FW_L5_V1.6.0, STM32Cube_FW_N6_V1.3.0, STM32Cube_FW_U0_V1.3.0, STM32Cube_FW_U3_V1.2.1, STM32Cube_FW_U5_V1.8.0, STM32Cube_FW_WB0_V1.4.0, STM32Cube_FW_WBA_V1.8.0, STM32Cube_FW_WB_V1.24.0, STM32Cube_FW_WL3_V1.3.0, STM32Cube_FW_WL_V1.4.0, X-CUBE-ALGOBUILD_V1.4.0, X-CUBE-ALS_V1.0.2, X-CUBE-AZRTOS-F4_V1.1.0, X-CUBE-AZRTOS-F7_V1.1.0, X-CUBE-AZRTOS-G0_V1.1.0, X-CUBE-AZRTOS-G4_V2.0.0, X-CUBE-AZRTOS-H7RS_V1.1.0, X-CUBE-AZRTOS-H7_V3.4.0, X-CUBE-AZRTOS-L4_V2.0.0, X-CUBE-AZRTOS-L5_V2.0.0, X-CUBE-AZRTOS-WB_V2.0.0, X-CUBE-AZRTOS-WL_V2.0.0, X-CUBE-BLE1_V7.1.0, X-CUBE-BLE2_V3.3.0, X-CUBE-BLEMGR_V4.1.0, X-CUBE-EEPRMA1_V5.2.0, X-CUBE-FREERTOS_V1.3.1, X-CUBE-GNSS1_V6.0.0, X-CUBE-MEMS1_V11.3.0, X-CUBE-NFC4_V3.0.0, X-CUBE-NFC7_V2.0.0, X-CUBE-SFXS2LP1_V4.0.0, X-CUBE-ST67W61_V1.1.0, X-CUBE-SUBG2_V5.0.0, X-CUBE-TOF1_V3.4.3]
2026-01-07 11:11:58,629 [INFO] DbBoardsSqlite:226 - include board P-NUCLEO-WB55-NUCLEO as a kit item of type 'Nucleo-64'
2026-01-07 11:11:58,630 [INFO] DbBoardsSqlite:226 - include board P-NUCLEO-WB55-USBDONGLE as a kit item of type 'Nucleo USB Dongle'
2026-01-07 11:11:58,630 [INFO] DbBoardsSqlite:226 - include board STEVAL-IDP005V1 as a kit item of type 'Evaluation Board'
2026-01-07 11:11:58,630 [INFO] DbBoardsSqlite:226 - include board STEVAL-IDP005V2 as a kit item of type 'Evaluation Board'
2026-01-07 11:11:58,707 [INFO] ApiDb:240 - Found 858 in-development CPN: [B-G473E-ZEST1S, B-WB1M-WPAN1, B-WBA5M-WPAN, B-WL5M-SUBG1, NUCLEO-C031C6, NUCLEO-C051C8, NUCLEO-C071RB, NUCLEO-C092RC, NUCLEO-H503RB, NUCLEO-H533RE, NUCLEO-H563ZI, NUCLEO-H7S3L8, NUCLEO-N657X0-Q, NUCLEO-U031R8, NUCLEO-U083RC, NUCLEO-U385RG-Q, NUCLEO-U545RE-Q, NUCLEO-U5A5ZJ-Q, NUCLEO-WB05KZ, NUCLEO-WB07CC, NUCLEO-WB09KE, NUCLEO-WBA52CG, NUCLEO-WBA55CG, NUCLEO-WL33CC1, NUCLEO-WL33CC2, STEVAL-PROTEUS1, STEVAL-SMARTAG2, STEVAL-STWINBX1, STM320518-EVAL, STM32C0116-DK, STM32C011D6Y3TR, STM32C011D6Y6TR, STM32C011F4P3, STM32C011F4P6, STM32C011F4U3, STM32C011F4U6TR, STM32C011F6P3, STM32C011F6P6, STM32C011F6U3, STM32C011F6U6TR, STM32C011J4M3, STM32C011J4M6, STM32C011J6M3, STM32C011J6M6, STM32C0316-DK, STM32C031C4T3, STM32C031C4T6, STM32C031C4U3, STM32C031C4U6, STM32C031C6T3, STM32C031C6T6, STM32C031C6U3, STM32C031C6U6, STM32C031F4P3, STM32C031F4P6, STM32C031F6P3, STM32C031F6P6, STM32C031G4U3, STM32C031G4U6, STM32C031G6U3, STM32C031G6U6, STM32C031K4T3, STM32C031K4T6, STM32C031K4U3, STM32C031K4U6, STM32C031K6T3, STM32C031K6T6, STM32C031K6U3, STM32C031K6U6, STM32C051C6T6, STM32C051C6U6, STM32C051C8T6, STM32C051C8U6, STM32C051D8Y6TR, STM32C051F6P6, STM32C051F8P6, STM32C051G6U6, STM32C051G8U6, STM32C051K6T6, STM32C051K6U6, STM32C051K8T6, STM32C071C8T6, STM32C071C8T6N, STM32C071C8U6, STM32C071C8U6N, STM32C071CBT6, STM32C071CBT6N, STM32C071CBU6, STM32C071CBU6N, STM32C071F8P6, STM32C071F8P6N, STM32C071FBP6, STM32C071FBP6N, STM32C071FBY6TR, STM32C071G8U6, STM32C071G8U6N, STM32C071GBU6, STM32C071GBU6N, STM32C071K8T6, STM32C071K8T6N, STM32C071K8U6, STM32C071K8U6N, STM32C071KBT6, STM32C071KBT6N, STM32C071KBU6, STM32C071KBU6N, STM32C071R8T6, STM32C071R8T6N, STM32C071RBI6N, STM32C071RBT6, STM32C071RBT6N, STM32C091CBT6, STM32C091CBU6, STM32C091CCT6, STM32C091CCU6, STM32C091ECY6TR, STM32C091FBP6, STM32C091FCP6, STM32C091GBU6, STM32C091GCU6, STM32C091KBT6, STM32C091KBU6, STM32C091KCT6, STM32C091KCU6, STM32C091RBT6, STM32C091RCI6, STM32C091RCT6, STM32C092CBT6, STM32C092CBU6, STM32C092CCT6, STM32C092CCU6, STM32C092ECY6TR, STM32C092FBP6, STM32C092FCP6, STM32C092GBU6, STM32C092GCU6, STM32C092KBT6, STM32C092KBU6, STM32C092KCT6, STM32C092KCU6, STM32C092RBT6, STM32C092RCI6, STM32C092RCT6, STM32G071K8TXN, STM32G071K8UXN, STM32G081GBU6N, STM32G081KBT6N, STM32G081KBUXN, STM32G0B1CCT6N, STM32G0B1KCT6, STM32G0B1NEY6TR, STM32G0B1RCT6N, STM32G0C1CCT6, STM32G0C1CCT6N, STM32G0C1CCU6N, STM32G0C1CET6N, STM32G0C1CEU6N, STM32G0C1KCT6, STM32G0C1NEY6TR, STM32G0C1RCI6N, STM32G0C1RCT6N, STM32G0C1REI6N, STM32G0C1RET6N, STM32G0C1VCI6, STM32G0C1VEI6, STM32G411C6T3, STM32G411C6T6, STM32G411C6U3, STM32G411C6U6, STM32G411C8T3, STM32G411C8T6, STM32G411C8U3, STM32G411C8U6, STM32G411CBT3, STM32G411CBT6, STM32G411CBU3, STM32G411CBU6, STM32G411CCT3, STM32G411CCT6, STM32G411CCU3, STM32G411CCU6, STM32G411K6T3, STM32G411K6T6, STM32G411K6U3, STM32G411K6U6, STM32G411K8T3, STM32G411K8T6, STM32G411K8U3, STM32G411K8U6, STM32G411KBT3, STM32G411KBT6, STM32G411KBU3, STM32G411KBU6, STM32G411M6T3, STM32G411M6T6, STM32G411M8T3, STM32G411M8T6, STM32G411MBT3, STM32G411MBT6, STM32G411MCT3, STM32G411MCT6, STM32G411R6T3, STM32G411R6T6, STM32G411R8T3, STM32G411R8T6, STM32G411RBT3, STM32G411RBT6, STM32G411RCT3, STM32G411RCT6, STM32G414CBT3, STM32G414CBT6, STM32G414CBU3, STM32G414CBU6, STM32G414CCT3, STM32G414CCT6, STM32G414CCU3, STM32G414CCU6, STM32G414MBT3, STM32G414MBT6, STM32G414MCT3, STM32G414MCT6, STM32G414RBT3, STM32G414RBT6, STM32G414RCT3, STM32G414RCT6, STM32G414VBT3, STM32G414VBT6, STM32G414VCT3, STM32G414VCT6, STM32G431CBT3Z, STM32G431RBT3Z, STM32G471CCT6, STM32G471CCU6, STM32G471CET3, STM32G471CET6, STM32G471CEU3, STM32G471CEU6, STM32G471MCT6, STM32G471MET3, STM32G471MET6, STM32G471MEY6TR, STM32G471QCT6, STM32G471QET3, STM32G471RCT6, STM32G471RET3, STM32G471RET6, STM32G471VCH6, STM32G471VCI6, STM32G471VCT6, STM32G471VEH3, STM32G471VEH6, STM32G471VEI3, STM32G471VEI6, STM32G471VET3, STM32G471VET6, STM32G473QET3Z, STM32G473RET3Z, STM32G474CCT6, STM32G491RET3Z, STM32H503CBT6, STM32H503CBU6, STM32H503EBY6TR, STM32H503KBU6, STM32H503RBT6, STM32H523CCT6, STM32H523CCU6, STM32H523CET6, STM32H523CEU6, STM32H523HEY6TR, STM32H523RCT6, STM32H523RET6, STM32H523VCI6, STM32H523VCT6, STM32H523VEI6, STM32H523VET6, STM32H523ZCJ6, STM32H523ZCT6, STM32H523ZEJ6, STM32H523ZET6, STM32H533CET6, STM32H533CEU6, STM32H533HEY6TR, STM32H533RET6, STM32H533VEI6, STM32H533VET6, STM32H533ZEJ6, STM32H533ZET6, STM32H562AGI6, STM32H562AII6, STM32H562IGK6, STM32H562IGT6, STM32H562IIK6, STM32H562IIT6, STM32H562RGT6, STM32H562RGV6, STM32H562RIT6, STM32H562RIV6, STM32H562VGT6, STM32H562VIT6, STM32H562ZGT6, STM32H562ZIT6, STM32H563AGI6, STM32H563AII3Q, STM32H563AII6, STM32H563IGK6, STM32H563IGT6, STM32H563IIK3Q, STM32H563IIK6, STM32H563IIT3Q, STM32H563IIT6, STM32H563MIY3QTR, STM32H563RGT6, STM32H563RGV6, STM32H563RIT6, STM32H563RIV6, STM32H563VGT6, STM32H563VIT3Q, STM32H563VIT6, STM32H563ZGT6, STM32H563ZIT3Q, STM32H563ZIT6, STM32H573AII3Q, STM32H573AII6, STM32H573I-DK, STM32H573IIK3Q, STM32H573IIK6, STM32H573IIT3Q, STM32H573IIT6, STM32H573MIY3QTR, STM32H573RIT6, STM32H573RIV6, STM32H573VIT3Q, STM32H573VIT6, STM32H573ZIT3Q, STM32H573ZIT6, STM32H7R3A8I6, STM32H7R3I8K6, STM32H7R3I8T6, STM32H7R3L8H6, STM32H7R3L8H6H, STM32H7R3R8V6, STM32H7R3V8H6, STM32H7R3V8T6, STM32H7R3V8Y6TR, STM32H7R3Z8J6, STM32H7R3Z8T6, STM32H7R7A8I6, STM32H7R7I8K6, STM32H7R7I8T6, STM32H7R7L8H6, STM32H7R7L8H6H, STM32H7R7Z8J6, STM32H7S3A8I6, STM32H7S3I8K6, STM32H7S3I8T6, STM32H7S3L8H6, STM32H7S3L8H6H, STM32H7S3R8V6, STM32H7S3V8H6, STM32H7S3V8T6, STM32H7S3V8Y6TR, STM32H7S3Z8J6, STM32H7S3Z8T6, STM32H7S78-DK, STM32H7S7A8I6, STM32H7S7I8K6, STM32H7S7I8T6, STM32H7S7L8H6, STM32H7S7L8H6H, STM32H7S7Z8J6, STM32L4R5QGI6STR, STM32MP131AAE3, STM32MP131AAF3, STM32MP131AAG3, STM32MP131CAE3, STM32MP131CAF3, STM32MP131CAG3, STM32MP131DAE7, STM32MP131DAF7, STM32MP131DAG7, STM32MP131FAE7, STM32MP131FAF7, STM32MP131FAG7, STM32MP133AAE3, STM32MP133AAF3, STM32MP133AAG3, STM32MP133CAE3, STM32MP133CAF3, STM32MP133CAG3, STM32MP133DAE7, STM32MP133DAF7, STM32MP133DAG7, STM32MP133FAE7, STM32MP133FAF7, STM32MP133FAG7, STM32MP135AAE3, STM32MP135AAF3, STM32MP135AAG3, STM32MP135CAE3, STM32MP135CAF3, STM32MP135CAG3, STM32MP135DAE7, STM32MP135DAF7, STM32MP135DAG7, STM32MP135F-DK, STM32MP135FAE7, STM32MP135FAF7, STM32MP135FAF7T, STM32MP135FAF7U, STM32MP135FAG7, STM32MP231AAJ3, STM32MP231AAK3, STM32MP231AAL3, STM32MP231CAJ3, STM32MP231CAK3, STM32MP231CAL3, STM32MP231DAJ3, STM32MP231DAK3, STM32MP231DAL3, STM32MP231FAJ3, STM32MP231FAK3, STM32MP231FAL3, STM32MP233AAJ3, STM32MP233AAK3, STM32MP233AAL3, STM32MP233CAJ3, STM32MP233CAK3, STM32MP233CAL3, STM32MP233DAJ3, STM32MP233DAK3, STM32MP233DAL3, STM32MP233FAJ3, STM32MP233FAK3, STM32MP233FAL3, STM32MP235AAJ3, STM32MP235AAK3, STM32MP235AAL3, STM32MP235CAJ3, STM32MP235CAK3, STM32MP235CAL3, STM32MP235DAJ3, STM32MP235DAK3, STM32MP235DAL3, STM32MP235FAJ3, STM32MP235FAK3, STM32MP235FAL3, STM32MP251AAI3, STM32MP251AAJ3, STM32MP251AAK3, STM32MP251AAL3, STM32MP251CAI3, STM32MP251CAJ3, STM32MP251CAK3, STM32MP251CAL3, STM32MP251DAI3, STM32MP251DAJ3, STM32MP251DAK3, STM32MP251DAL3, STM32MP251FAI3, STM32MP251FAJ3, STM32MP251FAK3, STM32MP251FAL3, STM32MP253AAI3, STM32MP253AAJ3, STM32MP253AAK3, STM32MP253AAL3, STM32MP253CAI3, STM32MP253CAJ3, STM32MP253CAK3, STM32MP253CAL3, STM32MP253DAI3, STM32MP253DAJ3, STM32MP253DAK3, STM32MP253DAL3, STM32MP253FAI3, STM32MP253FAJ3, STM32MP253FAK3, STM32MP253FAL3, STM32MP255AAI3, STM32MP255AAJ3, STM32MP255AAK3, STM32MP255AAL3, STM32MP255CAI3, STM32MP255CAJ3, STM32MP255CAK3, STM32MP255CAL3, STM32MP255DAI3, STM32MP255DAJ3, STM32MP255DAK3, STM32MP255DAL3, STM32MP255FAI3, STM32MP255FAJ3, STM32MP255FAK3, STM32MP255FAL3, STM32MP257AAI3, STM32MP257AAJ3, STM32MP257AAK3, STM32MP257AAL3, STM32MP257CAI3, STM32MP257CAJ3, STM32MP257CAK3, STM32MP257CAL3, STM32MP257DAI3, STM32MP257DAJ3, STM32MP257DAK3, STM32MP257DAL3, STM32MP257F-DK, STM32MP257F-EV1, STM32MP257FAI3, STM32MP257FAJ3, STM32MP257FAK3, STM32MP257FAL3, STM32N645A0H3Q, STM32N645B0H3Q, STM32N645I0H3Q, STM32N645L0H3Q, STM32N645X0H3Q, STM32N645Z0H3Q, STM32N647A0H3Q, STM32N647B0H3Q, STM32N647I0H3Q, STM32N647L0H3Q, STM32N647X0H3Q, STM32N647Z0H3Q, STM32N655A0H3Q, STM32N655B0H3Q, STM32N655I0H3Q, STM32N655L0H3Q, STM32N655X0H3Q, STM32N655Z0H3Q, STM32N6570-DK, STM32N657A0H3Q, STM32N657B0H3Q, STM32N657I0H3Q, STM32N657L0H3Q, STM32N657X0H3Q, STM32N657Z0H3Q, STM32U031C6T6, STM32U031C6U6, STM32U031C8T6, STM32U031C8U6, STM32U031F4P6, STM32U031F6P6, STM32U031F8P6, STM32U031G6Y6TR, STM32U031G8Y6TR, STM32U031K4U6, STM32U031K6U6, STM32U031K8U6, STM32U031R6I6, STM32U031R6T6, STM32U031R8I6, STM32U031R8T6, STM32U073C8T6, STM32U073C8U6, STM32U073CBT6, STM32U073CBU6, STM32U073CCT6, STM32U073CCU6, STM32U073H8Y6TR, STM32U073HBY6TR, STM32U073HCY6TR, STM32U073K8U6, STM32U073KBU6, STM32U073KCU6, STM32U073M8I6, STM32U073M8T6, STM32U073MBI6, STM32U073MBT6, STM32U073MCI6, STM32U073MCT6, STM32U073R8I6, STM32U073R8T6, STM32U073RBI6, STM32U073RBT6, STM32U073RCI6, STM32U073RCT6, STM32U083C-DK, STM32U083CCT6, STM32U083CCU6, STM32U083HCY6TR, STM32U083KCU6, STM32U083MCI6, STM32U083MCT6, STM32U083RCI6, STM32U083RCT6, STM32U375CET6, STM32U375CET6Q, STM32U375CEU6, STM32U375CEU6Q, STM32U375CEY6QTR, STM32U375CGT6, STM32U375CGT6Q, STM32U375CGU6, STM32U375CGU6Q, STM32U375CGY6QTR, STM32U375KEU6, STM32U375KGU6, STM32U375REI6, STM32U375REI6Q, STM32U375RET6, STM32U375RET6Q, STM32U375REY6GTR, STM32U375REY6QTR, STM32U375RGI6, STM32U375RGI6Q, STM32U375RGT6, STM32U375RGT6Q, STM32U375RGY6GTR, STM32U375RGY6QTR, STM32U375VEI6, STM32U375VEI6Q, STM32U375VET6, STM32U375VET6Q, STM32U375VGI6, STM32U375VGI6Q, STM32U375VGT6, STM32U375VGT6Q, STM32U385CGT6, STM32U385CGT6Q, STM32U385CGU6, STM32U385CGU6Q, STM32U385CGY6QTR, STM32U385KGU6, STM32U385RGI6, STM32U385RGI6Q, STM32U385RGT6, STM32U385RGT6Q, STM32U385RGY6GTR, STM32U385RGY6QTR, STM32U385VGI6, STM32U385VGI6Q, STM32U385VGT6, STM32U385VGT6Q, STM32U535CBT6, STM32U535CBT6Q, STM32U535CBU6, STM32U535CBU6Q, STM32U535CCT6, STM32U535CCT6Q, STM32U535CCU6, STM32U535CCU6Q, STM32U535CET6, STM32U535CET6Q, STM32U535CEU6, STM32U535CEU6Q, STM32U535JEY6QTR, STM32U535NCY6QTR, STM32U535NEY6QTR, STM32U535RBI6, STM32U535RBI6Q, STM32U535RBT6, STM32U535RBT6Q, STM32U535RCI6, STM32U535RCI6Q, STM32U535RCT6, STM32U535RCT6Q, STM32U535REI6, STM32U535REI6Q, STM32U535RET6, STM32U535RET6Q, STM32U535VCI6, STM32U535VCI6Q, STM32U535VCT6, STM32U535VCT6Q, STM32U535VEI6, STM32U535VEI6Q, STM32U535VET6, STM32U535VET6Q, STM32U545CET6, STM32U545CET6Q, STM32U545CEU6, STM32U545CEU6Q, STM32U545JEY6QTR, STM32U545NEY6QTR, STM32U545REI6, STM32U545REI6Q, STM32U545RET6, STM32U545RET6Q, STM32U545VEI6, STM32U545VEI6Q, STM32U545VET6, STM32U545VET6Q, STM32U595AIH6, STM32U595AIH6Q, STM32U595AJH6, STM32U595AJH6Q, STM32U595QII6, STM32U595QII6Q, STM32U595QJI6, STM32U595QJI6Q, STM32U595RIT6, STM32U595RIT6Q, STM32U595RJT6, STM32U595RJT6Q, STM32U595VIT6, STM32U595VIT6Q, STM32U595VJT6, STM32U595VJT6Q, STM32U595ZIT6, STM32U595ZIT6Q, STM32U595ZIY6QTR, STM32U595ZJT6, STM32U595ZJT6Q, STM32U595ZJY6QTR, STM32U599BJY6QTR, STM32U599NIH6Q, STM32U599NJH6Q, STM32U599VIT6Q, STM32U599VJT6, STM32U599VJT6Q, STM32U599ZIT6Q, STM32U599ZIY6QTR, STM32U599ZJT6Q, STM32U599ZJY6QTR, STM32U5A5AJH6, STM32U5A5AJH6Q, STM32U5A5QII3Q , STM32U5A5QJI6, STM32U5A5QJI6Q, STM32U5A5RJT6, STM32U5A5RJT6Q, STM32U5A5VJT6, STM32U5A5VJT6Q, STM32U5A5ZJT6, STM32U5A5ZJT6Q, STM32U5A5ZJY6QTR, STM32U5A9BJY6QTR, STM32U5A9J-DK, STM32U5A9NJH6Q, STM32U5A9VJT6Q, STM32U5A9ZJT6Q, STM32U5A9ZJY6QTR, STM32U5F7VIT6, STM32U5F7VIT6Q, STM32U5F7VJT6, STM32U5F7VJT6Q, STM32U5F9BJY6QTR, STM32U5F9NJH6Q, STM32U5F9VIT6Q, STM32U5F9VJT6Q, STM32U5F9ZIJ6QTR, STM32U5F9ZIT6Q, STM32U5F9ZJJ6QTR, STM32U5F9ZJT6Q, STM32U5G7VJT6, STM32U5G7VJT6Q, STM32U5G9BJY6QTR, STM32U5G9J-DK1, STM32U5G9J-DK2, STM32U5G9NJH6Q, STM32U5G9VJT6Q, STM32U5G9ZJJ6QTR, STM32U5G9ZJT6Q, STM32WB05KZV6TR, STM32WB05KZV7TR, STM32WB05TZF6TR, STM32WB05TZF7TR, STM32WB06CCF6TR, STM32WB06CCF7TR, STM32WB06CCV6TR, STM32WB06CCV7TR, STM32WB06KCV6TR, STM32WB06KCV7TR, STM32WB07CCF6TR, STM32WB07CCF7TR, STM32WB07CCV6TR, STM32WB07CCV7TR, STM32WB07KCV6TR, STM32WB07KCV7TR, STM32WB09KEV6TR, STM32WB09KEV7TR, STM32WB09TEF6TR, STM32WB09TEF7TR, STM32WB1MMCH6, STM32WBA50KGU6, STM32WBA50KGU6TR, STM32WBA52CEU6, STM32WBA52CEU6TR, STM32WBA52CEU7, STM32WBA52CEU7TR, STM32WBA52CGU6, STM32WBA52CGU6TR, STM32WBA52CGU6U, STM32WBA52CGU7, STM32WBA52CGU7TR, STM32WBA52KEU6, STM32WBA52KEU6TR, STM32WBA52KGU6, STM32WBA52KGU6TR, STM32WBA54CEU6, STM32WBA54CEU6TR, STM32WBA54CEU7, STM32WBA54CEU7TR, STM32WBA54CGU6, STM32WBA54CGU6TR, STM32WBA54CGU7, STM32WBA54CGU7TR, STM32WBA54KEU6, STM32WBA54KEU6TR, STM32WBA54KEU7, STM32WBA54KEU7TR, STM32WBA54KGU6, STM32WBA54KGU6TR, STM32WBA54KGU7, STM32WBA54KGU7TR, STM32WBA55CEU6, STM32WBA55CEU6TR, STM32WBA55CEU7, STM32WBA55CEU7TR, STM32WBA55CGU6, STM32WBA55CGU6TR, STM32WBA55CGU6U, STM32WBA55CGU7, STM32WBA55CGU7TR, STM32WBA55G-DK1, STM32WBA55HEF6, STM32WBA55HEF7, STM32WBA55HGF6, STM32WBA55HGF7, STM32WBA55UEI6, STM32WBA55UEI6TR, STM32WBA55UEI7, STM32WBA55UEI7TR, STM32WBA55UGI6, STM32WBA55UGI6TR, STM32WBA55UGI7, STM32WBA55UGI7TR, STM32WBA5MJGH6TR, STM32WBA5MJGH6U, STM32WL33C8V6, STM32WL33C8V6TR, STM32WL33C8V7, STM32WL33C8V7TR, STM32WL33CBV6, STM32WL33CBV6TR, STM32WL33CBV7, STM32WL33CBV7TR, STM32WL33CCV6, STM32WL33CCV6TR, STM32WL33CCV7, STM32WL33CCV7A, STM32WL33CCV7ATR, STM32WL33CCV7TR, STM32WL33K8V6, STM32WL33K8V6TR, STM32WL33K8V7, STM32WL33K8V7TR, STM32WL33KBV6, STM32WL33KBV6TR, STM32WL33KBV7, STM32WL33KBV7TR, STM32WL33KCV6, STM32WL33KCV6TR, STM32WL33KCV7, STM32WL33KCV7TR, STM32WL5MOCH6, STM32WL5MOCH6TR]
2026-01-07 11:11:58,713 [INFO] ApiDb:668 - CubeFinder database Data Model version=2.1
2026-01-07 11:11:58,714 [INFO] ApiDb:669 - CubeFinder database Configuration version=3.0.39
2026-01-07 11:11:58,714 [INFO] ApiDb:670 - CubeFinder database generation date=2025-11-05 (1762334721)
2026-01-07 11:11:58,714 [INFO] ApiDb:671 - CubeFinder database FW Pack versions=[FP-ATR-ASTRA1_V2.0.0, FP-SNS-FLIGHT1_V5.1.0, FP-SNS-MOTENV1_V5.1.0, FP-SNS-MOTENVWB1_V1.4.0, FP-SNS-SMARTAG2_V1.2.0, FP-SNS-STBOX1_V2.1.0, STM32Cube_FW_C0_V1.4.0, STM32Cube_FW_F4_V1.28.3, STM32Cube_FW_F7_V1.17.4, STM32Cube_FW_G0_V1.6.2, STM32Cube_FW_G4_V1.6.1, STM32Cube_FW_H5_V1.5.1, STM32Cube_FW_H7RS_V1.3.0, STM32Cube_FW_H7_V1.12.1, STM32Cube_FW_L0_V1.12.2, STM32Cube_FW_L4_V1.18.1, STM32Cube_FW_L5_V1.6.0, STM32Cube_FW_N6_V1.3.0, STM32Cube_FW_U0_V1.3.0, STM32Cube_FW_U3_V1.2.1, STM32Cube_FW_U5_V1.8.0, STM32Cube_FW_WB0_V1.4.0, STM32Cube_FW_WBA_V1.8.0, STM32Cube_FW_WB_V1.24.0, STM32Cube_FW_WL3_V1.3.0, STM32Cube_FW_WL_V1.4.0, X-CUBE-ALGOBUILD_V1.4.0, X-CUBE-ALS_V1.0.2, X-CUBE-AZRTOS-F4_V1.1.0, X-CUBE-AZRTOS-F7_V1.1.0, X-CUBE-AZRTOS-G0_V1.1.0, X-CUBE-AZRTOS-G4_V2.0.0, X-CUBE-AZRTOS-H7RS_V1.1.0, X-CUBE-AZRTOS-H7_V3.4.0, X-CUBE-AZRTOS-L4_V2.0.0, X-CUBE-AZRTOS-L5_V2.0.0, X-CUBE-AZRTOS-WB_V2.0.0, X-CUBE-AZRTOS-WL_V2.0.0, X-CUBE-BLE1_V7.1.0, X-CUBE-BLE2_V3.3.0, X-CUBE-BLEMGR_V4.1.0, X-CUBE-EEPRMA1_V5.2.0, X-CUBE-FREERTOS_V1.3.1, X-CUBE-GNSS1_V6.0.0, X-CUBE-MEMS1_V11.3.0, X-CUBE-NFC4_V3.0.0, X-CUBE-NFC7_V2.0.0, X-CUBE-SFXS2LP1_V4.0.0, X-CUBE-ST67W61_V1.1.0, X-CUBE-SUBG2_V5.0.0, X-CUBE-TOF1_V3.4.3]
2026-01-07 11:12:01,523 [INFO] ApiDb:240 - Found 858 in-development CPN: [B-G473E-ZEST1S, B-WB1M-WPAN1, B-WBA5M-WPAN, B-WL5M-SUBG1, NUCLEO-C031C6, NUCLEO-C051C8, NUCLEO-C071RB, NUCLEO-C092RC, NUCLEO-H503RB, NUCLEO-H533RE, NUCLEO-H563ZI, NUCLEO-H7S3L8, NUCLEO-N657X0-Q, NUCLEO-U031R8, NUCLEO-U083RC, NUCLEO-U385RG-Q, NUCLEO-U545RE-Q, NUCLEO-U5A5ZJ-Q, NUCLEO-WB05KZ, NUCLEO-WB07CC, NUCLEO-WB09KE, NUCLEO-WBA52CG, NUCLEO-WBA55CG, NUCLEO-WL33CC1, NUCLEO-WL33CC2, STEVAL-PROTEUS1, STEVAL-SMARTAG2, STEVAL-STWINBX1, STM320518-EVAL, STM32C0116-DK, STM32C011D6Y3TR, STM32C011D6Y6TR, STM32C011F4P3, STM32C011F4P6, STM32C011F4U3, STM32C011F4U6TR, STM32C011F6P3, STM32C011F6P6, STM32C011F6U3, STM32C011F6U6TR, STM32C011J4M3, STM32C011J4M6, STM32C011J6M3, STM32C011J6M6, STM32C0316-DK, STM32C031C4T3, STM32C031C4T6, STM32C031C4U3, STM32C031C4U6, STM32C031C6T3, STM32C031C6T6, STM32C031C6U3, STM32C031C6U6, STM32C031F4P3, STM32C031F4P6, STM32C031F6P3, STM32C031F6P6, STM32C031G4U3, STM32C031G4U6, STM32C031G6U3, STM32C031G6U6, STM32C031K4T3, STM32C031K4T6, STM32C031K4U3, STM32C031K4U6, STM32C031K6T3, STM32C031K6T6, STM32C031K6U3, STM32C031K6U6, STM32C051C6T6, STM32C051C6U6, STM32C051C8T6, STM32C051C8U6, STM32C051D8Y6TR, STM32C051F6P6, STM32C051F8P6, STM32C051G6U6, STM32C051G8U6, STM32C051K6T6, STM32C051K6U6, STM32C051K8T6, STM32C071C8T6, STM32C071C8T6N, STM32C071C8U6, STM32C071C8U6N, STM32C071CBT6, STM32C071CBT6N, STM32C071CBU6, STM32C071CBU6N, STM32C071F8P6, STM32C071F8P6N, STM32C071FBP6, STM32C071FBP6N, STM32C071FBY6TR, STM32C071G8U6, STM32C071G8U6N, STM32C071GBU6, STM32C071GBU6N, STM32C071K8T6, STM32C071K8T6N, STM32C071K8U6, STM32C071K8U6N, STM32C071KBT6, STM32C071KBT6N, STM32C071KBU6, STM32C071KBU6N, STM32C071R8T6, STM32C071R8T6N, STM32C071RBI6N, STM32C071RBT6, STM32C071RBT6N, STM32C091CBT6, STM32C091CBU6, STM32C091CCT6, STM32C091CCU6, STM32C091ECY6TR, STM32C091FBP6, STM32C091FCP6, STM32C091GBU6, STM32C091GCU6, STM32C091KBT6, STM32C091KBU6, STM32C091KCT6, STM32C091KCU6, STM32C091RBT6, STM32C091RCI6, STM32C091RCT6, STM32C092CBT6, STM32C092CBU6, STM32C092CCT6, STM32C092CCU6, STM32C092ECY6TR, STM32C092FBP6, STM32C092FCP6, STM32C092GBU6, STM32C092GCU6, STM32C092KBT6, STM32C092KBU6, STM32C092KCT6, STM32C092KCU6, STM32C092RBT6, STM32C092RCI6, STM32C092RCT6, STM32G071K8TXN, STM32G071K8UXN, STM32G081GBU6N, STM32G081KBT6N, STM32G081KBUXN, STM32G0B1CCT6N, STM32G0B1KCT6, STM32G0B1NEY6TR, STM32G0B1RCT6N, STM32G0C1CCT6, STM32G0C1CCT6N, STM32G0C1CCU6N, STM32G0C1CET6N, STM32G0C1CEU6N, STM32G0C1KCT6, STM32G0C1NEY6TR, STM32G0C1RCI6N, STM32G0C1RCT6N, STM32G0C1REI6N, STM32G0C1RET6N, STM32G0C1VCI6, STM32G0C1VEI6, STM32G411C6T3, STM32G411C6T6, STM32G411C6U3, STM32G411C6U6, STM32G411C8T3, STM32G411C8T6, STM32G411C8U3, STM32G411C8U6, STM32G411CBT3, STM32G411CBT6, STM32G411CBU3, STM32G411CBU6, STM32G411CCT3, STM32G411CCT6, STM32G411CCU3, STM32G411CCU6, STM32G411K6T3, STM32G411K6T6, STM32G411K6U3, STM32G411K6U6, STM32G411K8T3, STM32G411K8T6, STM32G411K8U3, STM32G411K8U6, STM32G411KBT3, STM32G411KBT6, STM32G411KBU3, STM32G411KBU6, STM32G411M6T3, STM32G411M6T6, STM32G411M8T3, STM32G411M8T6, STM32G411MBT3, STM32G411MBT6, STM32G411MCT3, STM32G411MCT6, STM32G411R6T3, STM32G411R6T6, STM32G411R8T3, STM32G411R8T6, STM32G411RBT3, STM32G411RBT6, STM32G411RCT3, STM32G411RCT6, STM32G414CBT3, STM32G414CBT6, STM32G414CBU3, STM32G414CBU6, STM32G414CCT3, STM32G414CCT6, STM32G414CCU3, STM32G414CCU6, STM32G414MBT3, STM32G414MBT6, STM32G414MCT3, STM32G414MCT6, STM32G414RBT3, STM32G414RBT6, STM32G414RCT3, STM32G414RCT6, STM32G414VBT3, STM32G414VBT6, STM32G414VCT3, STM32G414VCT6, STM32G431CBT3Z, STM32G431RBT3Z, STM32G471CCT6, STM32G471CCU6, STM32G471CET3, STM32G471CET6, STM32G471CEU3, STM32G471CEU6, STM32G471MCT6, STM32G471MET3, STM32G471MET6, STM32G471MEY6TR, STM32G471QCT6, STM32G471QET3, STM32G471RCT6, STM32G471RET3, STM32G471RET6, STM32G471VCH6, STM32G471VCI6, STM32G471VCT6, STM32G471VEH3, STM32G471VEH6, STM32G471VEI3, STM32G471VEI6, STM32G471VET3, STM32G471VET6, STM32G473QET3Z, STM32G473RET3Z, STM32G474CCT6, STM32G491RET3Z, STM32H503CBT6, STM32H503CBU6, STM32H503EBY6TR, STM32H503KBU6, STM32H503RBT6, STM32H523CCT6, STM32H523CCU6, STM32H523CET6, STM32H523CEU6, STM32H523HEY6TR, STM32H523RCT6, STM32H523RET6, STM32H523VCI6, STM32H523VCT6, STM32H523VEI6, STM32H523VET6, STM32H523ZCJ6, STM32H523ZCT6, STM32H523ZEJ6, STM32H523ZET6, STM32H533CET6, STM32H533CEU6, STM32H533HEY6TR, STM32H533RET6, STM32H533VEI6, STM32H533VET6, STM32H533ZEJ6, STM32H533ZET6, STM32H562AGI6, STM32H562AII6, STM32H562IGK6, STM32H562IGT6, STM32H562IIK6, STM32H562IIT6, STM32H562RGT6, STM32H562RGV6, STM32H562RIT6, STM32H562RIV6, STM32H562VGT6, STM32H562VIT6, STM32H562ZGT6, STM32H562ZIT6, STM32H563AGI6, STM32H563AII3Q, STM32H563AII6, STM32H563IGK6, STM32H563IGT6, STM32H563IIK3Q, STM32H563IIK6, STM32H563IIT3Q, STM32H563IIT6, STM32H563MIY3QTR, STM32H563RGT6, STM32H563RGV6, STM32H563RIT6, STM32H563RIV6, STM32H563VGT6, STM32H563VIT3Q, STM32H563VIT6, STM32H563ZGT6, STM32H563ZIT3Q, STM32H563ZIT6, STM32H573AII3Q, STM32H573AII6, STM32H573I-DK, STM32H573IIK3Q, STM32H573IIK6, STM32H573IIT3Q, STM32H573IIT6, STM32H573MIY3QTR, STM32H573RIT6, STM32H573RIV6, STM32H573VIT3Q, STM32H573VIT6, STM32H573ZIT3Q, STM32H573ZIT6, STM32H7R3A8I6, STM32H7R3I8K6, STM32H7R3I8T6, STM32H7R3L8H6, STM32H7R3L8H6H, STM32H7R3R8V6, STM32H7R3V8H6, STM32H7R3V8T6, STM32H7R3V8Y6TR, STM32H7R3Z8J6, STM32H7R3Z8T6, STM32H7R7A8I6, STM32H7R7I8K6, STM32H7R7I8T6, STM32H7R7L8H6, STM32H7R7L8H6H, STM32H7R7Z8J6, STM32H7S3A8I6, STM32H7S3I8K6, STM32H7S3I8T6, STM32H7S3L8H6, STM32H7S3L8H6H, STM32H7S3R8V6, STM32H7S3V8H6, STM32H7S3V8T6, STM32H7S3V8Y6TR, STM32H7S3Z8J6, STM32H7S3Z8T6, STM32H7S78-DK, STM32H7S7A8I6, STM32H7S7I8K6, STM32H7S7I8T6, STM32H7S7L8H6, STM32H7S7L8H6H, STM32H7S7Z8J6, STM32L4R5QGI6STR, STM32MP131AAE3, STM32MP131AAF3, STM32MP131AAG3, STM32MP131CAE3, STM32MP131CAF3, STM32MP131CAG3, STM32MP131DAE7, STM32MP131DAF7, STM32MP131DAG7, STM32MP131FAE7, STM32MP131FAF7, STM32MP131FAG7, STM32MP133AAE3, STM32MP133AAF3, STM32MP133AAG3, STM32MP133CAE3, STM32MP133CAF3, STM32MP133CAG3, STM32MP133DAE7, STM32MP133DAF7, STM32MP133DAG7, STM32MP133FAE7, STM32MP133FAF7, STM32MP133FAG7, STM32MP135AAE3, STM32MP135AAF3, STM32MP135AAG3, STM32MP135CAE3, STM32MP135CAF3, STM32MP135CAG3, STM32MP135DAE7, STM32MP135DAF7, STM32MP135DAG7, STM32MP135F-DK, STM32MP135FAE7, STM32MP135FAF7, STM32MP135FAF7T, STM32MP135FAF7U, STM32MP135FAG7, STM32MP231AAJ3, STM32MP231AAK3, STM32MP231AAL3, STM32MP231CAJ3, STM32MP231CAK3, STM32MP231CAL3, STM32MP231DAJ3, STM32MP231DAK3, STM32MP231DAL3, STM32MP231FAJ3, STM32MP231FAK3, STM32MP231FAL3, STM32MP233AAJ3, STM32MP233AAK3, STM32MP233AAL3, STM32MP233CAJ3, STM32MP233CAK3, STM32MP233CAL3, STM32MP233DAJ3, STM32MP233DAK3, STM32MP233DAL3, STM32MP233FAJ3, STM32MP233FAK3, STM32MP233FAL3, STM32MP235AAJ3, STM32MP235AAK3, STM32MP235AAL3, STM32MP235CAJ3, STM32MP235CAK3, STM32MP235CAL3, STM32MP235DAJ3, STM32MP235DAK3, STM32MP235DAL3, STM32MP235FAJ3, STM32MP235FAK3, STM32MP235FAL3, STM32MP251AAI3, STM32MP251AAJ3, STM32MP251AAK3, STM32MP251AAL3, STM32MP251CAI3, STM32MP251CAJ3, STM32MP251CAK3, STM32MP251CAL3, STM32MP251DAI3, STM32MP251DAJ3, STM32MP251DAK3, STM32MP251DAL3, STM32MP251FAI3, STM32MP251FAJ3, STM32MP251FAK3, STM32MP251FAL3, STM32MP253AAI3, STM32MP253AAJ3, STM32MP253AAK3, STM32MP253AAL3, STM32MP253CAI3, STM32MP253CAJ3, STM32MP253CAK3, STM32MP253CAL3, STM32MP253DAI3, STM32MP253DAJ3, STM32MP253DAK3, STM32MP253DAL3, STM32MP253FAI3, STM32MP253FAJ3, STM32MP253FAK3, STM32MP253FAL3, STM32MP255AAI3, STM32MP255AAJ3, STM32MP255AAK3, STM32MP255AAL3, STM32MP255CAI3, STM32MP255CAJ3, STM32MP255CAK3, STM32MP255CAL3, STM32MP255DAI3, STM32MP255DAJ3, STM32MP255DAK3, STM32MP255DAL3, STM32MP255FAI3, STM32MP255FAJ3, STM32MP255FAK3, STM32MP255FAL3, STM32MP257AAI3, STM32MP257AAJ3, STM32MP257AAK3, STM32MP257AAL3, STM32MP257CAI3, STM32MP257CAJ3, STM32MP257CAK3, STM32MP257CAL3, STM32MP257DAI3, STM32MP257DAJ3, STM32MP257DAK3, STM32MP257DAL3, STM32MP257F-DK, STM32MP257F-EV1, STM32MP257FAI3, STM32MP257FAJ3, STM32MP257FAK3, STM32MP257FAL3, STM32N645A0H3Q, STM32N645B0H3Q, STM32N645I0H3Q, STM32N645L0H3Q, STM32N645X0H3Q, STM32N645Z0H3Q, STM32N647A0H3Q, STM32N647B0H3Q, STM32N647I0H3Q, STM32N647L0H3Q, STM32N647X0H3Q, STM32N647Z0H3Q, STM32N655A0H3Q, STM32N655B0H3Q, STM32N655I0H3Q, STM32N655L0H3Q, STM32N655X0H3Q, STM32N655Z0H3Q, STM32N6570-DK, STM32N657A0H3Q, STM32N657B0H3Q, STM32N657I0H3Q, STM32N657L0H3Q, STM32N657X0H3Q, STM32N657Z0H3Q, STM32U031C6T6, STM32U031C6U6, STM32U031C8T6, STM32U031C8U6, STM32U031F4P6, STM32U031F6P6, STM32U031F8P6, STM32U031G6Y6TR, STM32U031G8Y6TR, STM32U031K4U6, STM32U031K6U6, STM32U031K8U6, STM32U031R6I6, STM32U031R6T6, STM32U031R8I6, STM32U031R8T6, STM32U073C8T6, STM32U073C8U6, STM32U073CBT6, STM32U073CBU6, STM32U073CCT6, STM32U073CCU6, STM32U073H8Y6TR, STM32U073HBY6TR, STM32U073HCY6TR, STM32U073K8U6, STM32U073KBU6, STM32U073KCU6, STM32U073M8I6, STM32U073M8T6, STM32U073MBI6, STM32U073MBT6, STM32U073MCI6, STM32U073MCT6, STM32U073R8I6, STM32U073R8T6, STM32U073RBI6, STM32U073RBT6, STM32U073RCI6, STM32U073RCT6, STM32U083C-DK, STM32U083CCT6, STM32U083CCU6, STM32U083HCY6TR, STM32U083KCU6, STM32U083MCI6, STM32U083MCT6, STM32U083RCI6, STM32U083RCT6, STM32U375CET6, STM32U375CET6Q, STM32U375CEU6, STM32U375CEU6Q, STM32U375CEY6QTR, STM32U375CGT6, STM32U375CGT6Q, STM32U375CGU6, STM32U375CGU6Q, STM32U375CGY6QTR, STM32U375KEU6, STM32U375KGU6, STM32U375REI6, STM32U375REI6Q, STM32U375RET6, STM32U375RET6Q, STM32U375REY6GTR, STM32U375REY6QTR, STM32U375RGI6, STM32U375RGI6Q, STM32U375RGT6, STM32U375RGT6Q, STM32U375RGY6GTR, STM32U375RGY6QTR, STM32U375VEI6, STM32U375VEI6Q, STM32U375VET6, STM32U375VET6Q, STM32U375VGI6, STM32U375VGI6Q, STM32U375VGT6, STM32U375VGT6Q, STM32U385CGT6, STM32U385CGT6Q, STM32U385CGU6, STM32U385CGU6Q, STM32U385CGY6QTR, STM32U385KGU6, STM32U385RGI6, STM32U385RGI6Q, STM32U385RGT6, STM32U385RGT6Q, STM32U385RGY6GTR, STM32U385RGY6QTR, STM32U385VGI6, STM32U385VGI6Q, STM32U385VGT6, STM32U385VGT6Q, STM32U535CBT6, STM32U535CBT6Q, STM32U535CBU6, STM32U535CBU6Q, STM32U535CCT6, STM32U535CCT6Q, STM32U535CCU6, STM32U535CCU6Q, STM32U535CET6, STM32U535CET6Q, STM32U535CEU6, STM32U535CEU6Q, STM32U535JEY6QTR, STM32U535NCY6QTR, STM32U535NEY6QTR, STM32U535RBI6, STM32U535RBI6Q, STM32U535RBT6, STM32U535RBT6Q, STM32U535RCI6, STM32U535RCI6Q, STM32U535RCT6, STM32U535RCT6Q, STM32U535REI6, STM32U535REI6Q, STM32U535RET6, STM32U535RET6Q, STM32U535VCI6, STM32U535VCI6Q, STM32U535VCT6, STM32U535VCT6Q, STM32U535VEI6, STM32U535VEI6Q, STM32U535VET6, STM32U535VET6Q, STM32U545CET6, STM32U545CET6Q, STM32U545CEU6, STM32U545CEU6Q, STM32U545JEY6QTR, STM32U545NEY6QTR, STM32U545REI6, STM32U545REI6Q, STM32U545RET6, STM32U545RET6Q, STM32U545VEI6, STM32U545VEI6Q, STM32U545VET6, STM32U545VET6Q, STM32U595AIH6, STM32U595AIH6Q, STM32U595AJH6, STM32U595AJH6Q, STM32U595QII6, STM32U595QII6Q, STM32U595QJI6, STM32U595QJI6Q, STM32U595RIT6, STM32U595RIT6Q, STM32U595RJT6, STM32U595RJT6Q, STM32U595VIT6, STM32U595VIT6Q, STM32U595VJT6, STM32U595VJT6Q, STM32U595ZIT6, STM32U595ZIT6Q, STM32U595ZIY6QTR, STM32U595ZJT6, STM32U595ZJT6Q, STM32U595ZJY6QTR, STM32U599BJY6QTR, STM32U599NIH6Q, STM32U599NJH6Q, STM32U599VIT6Q, STM32U599VJT6, STM32U599VJT6Q, STM32U599ZIT6Q, STM32U599ZIY6QTR, STM32U599ZJT6Q, STM32U599ZJY6QTR, STM32U5A5AJH6, STM32U5A5AJH6Q, STM32U5A5QII3Q , STM32U5A5QJI6, STM32U5A5QJI6Q, STM32U5A5RJT6, STM32U5A5RJT6Q, STM32U5A5VJT6, STM32U5A5VJT6Q, STM32U5A5ZJT6, STM32U5A5ZJT6Q, STM32U5A5ZJY6QTR, STM32U5A9BJY6QTR, STM32U5A9J-DK, STM32U5A9NJH6Q, STM32U5A9VJT6Q, STM32U5A9ZJT6Q, STM32U5A9ZJY6QTR, STM32U5F7VIT6, STM32U5F7VIT6Q, STM32U5F7VJT6, STM32U5F7VJT6Q, STM32U5F9BJY6QTR, STM32U5F9NJH6Q, STM32U5F9VIT6Q, STM32U5F9VJT6Q, STM32U5F9ZIJ6QTR, STM32U5F9ZIT6Q, STM32U5F9ZJJ6QTR, STM32U5F9ZJT6Q, STM32U5G7VJT6, STM32U5G7VJT6Q, STM32U5G9BJY6QTR, STM32U5G9J-DK1, STM32U5G9J-DK2, STM32U5G9NJH6Q, STM32U5G9VJT6Q, STM32U5G9ZJJ6QTR, STM32U5G9ZJT6Q, STM32WB05KZV6TR, STM32WB05KZV7TR, STM32WB05TZF6TR, STM32WB05TZF7TR, STM32WB06CCF6TR, STM32WB06CCF7TR, STM32WB06CCV6TR, STM32WB06CCV7TR, STM32WB06KCV6TR, STM32WB06KCV7TR, STM32WB07CCF6TR, STM32WB07CCF7TR, STM32WB07CCV6TR, STM32WB07CCV7TR, STM32WB07KCV6TR, STM32WB07KCV7TR, STM32WB09KEV6TR, STM32WB09KEV7TR, STM32WB09TEF6TR, STM32WB09TEF7TR, STM32WB1MMCH6, STM32WBA50KGU6, STM32WBA50KGU6TR, STM32WBA52CEU6, STM32WBA52CEU6TR, STM32WBA52CEU7, STM32WBA52CEU7TR, STM32WBA52CGU6, STM32WBA52CGU6TR, STM32WBA52CGU6U, STM32WBA52CGU7, STM32WBA52CGU7TR, STM32WBA52KEU6, STM32WBA52KEU6TR, STM32WBA52KGU6, STM32WBA52KGU6TR, STM32WBA54CEU6, STM32WBA54CEU6TR, STM32WBA54CEU7, STM32WBA54CEU7TR, STM32WBA54CGU6, STM32WBA54CGU6TR, STM32WBA54CGU7, STM32WBA54CGU7TR, STM32WBA54KEU6, STM32WBA54KEU6TR, STM32WBA54KEU7, STM32WBA54KEU7TR, STM32WBA54KGU6, STM32WBA54KGU6TR, STM32WBA54KGU7, STM32WBA54KGU7TR, STM32WBA55CEU6, STM32WBA55CEU6TR, STM32WBA55CEU7, STM32WBA55CEU7TR, STM32WBA55CGU6, STM32WBA55CGU6TR, STM32WBA55CGU6U, STM32WBA55CGU7, STM32WBA55CGU7TR, STM32WBA55G-DK1, STM32WBA55HEF6, STM32WBA55HEF7, STM32WBA55HGF6, STM32WBA55HGF7, STM32WBA55UEI6, STM32WBA55UEI6TR, STM32WBA55UEI7, STM32WBA55UEI7TR, STM32WBA55UGI6, STM32WBA55UGI6TR, STM32WBA55UGI7, STM32WBA55UGI7TR, STM32WBA5MJGH6TR, STM32WBA5MJGH6U, STM32WL33C8V6, STM32WL33C8V6TR, STM32WL33C8V7, STM32WL33C8V7TR, STM32WL33CBV6, STM32WL33CBV6TR, STM32WL33CBV7, STM32WL33CBV7TR, STM32WL33CCV6, STM32WL33CCV6TR, STM32WL33CCV7, STM32WL33CCV7A, STM32WL33CCV7ATR, STM32WL33CCV7TR, STM32WL33K8V6, STM32WL33K8V6TR, STM32WL33K8V7, STM32WL33K8V7TR, STM32WL33KBV6, STM32WL33KBV6TR, STM32WL33KBV7, STM32WL33KBV7TR, STM32WL33KCV6, STM32WL33KCV6TR, STM32WL33KCV7, STM32WL33KCV7TR, STM32WL5MOCH6, STM32WL5MOCH6TR]
2026-01-07 11:12:01,532 [INFO] DbMcus:218 - Found 4817 MCUs, 4817 are supported
2026-01-07 11:12:01,533 [INFO] ApiDb:423 - Load user favorites file C:\Users\kamil/.stm32cubeide/favorites.mcus.txt: 1 item(s)
2026-01-07 11:12:01,534 [INFO] ApiDb:427 - User favorites MCUs=[STM32H743IIT6]
2026-01-07 11:12:01,534 [INFO] DbMcus:224 - Set 1 / 1 favorites MCUs
2026-01-07 11:12:02,284 [INFO] BoardInfo:889 - No configuration file found for board NUCLEO-WBA65RI
2026-01-07 11:12:02,286 [INFO] DbBoards:161 - Board is not supported: NUCLEO-WBA65RI
2026-01-07 11:12:02,302 [INFO] BoardInfo:889 - No configuration file found for board P-NUCLEO-WB55
2026-01-07 11:12:02,303 [INFO] DbBoards:161 - Kit is not supported: P-NUCLEO-WB55
2026-01-07 11:12:02,312 [INFO] BoardInfo:889 - No configuration file found for board STEVAL-BFA001V1B
2026-01-07 11:12:02,313 [INFO] DbBoards:161 - Kit is not supported: STEVAL-BFA001V1B
2026-01-07 11:12:02,314 [INFO] BoardInfo:889 - No configuration file found for board STEVAL-BFA001V2B
2026-01-07 11:12:02,316 [INFO] DbBoards:161 - Kit is not supported: STEVAL-BFA001V2B
2026-01-07 11:12:02,634 [INFO] BoardInfo:889 - No configuration file found for board STM32WBA65I-DK1
2026-01-07 11:12:02,637 [INFO] DbBoards:161 - Board is not supported: STM32WBA65I-DK1
2026-01-07 11:12:02,638 [INFO] DbBoards:168 - Found 211 boards, 206 are supported
2026-01-07 11:12:02,638 [INFO] DbBoards:169 - Found 211 boards, 42 of them is supported for  Bsp
2026-01-07 11:12:02,641 [INFO] ApiDb:423 - Load user favorites file C:\Users\kamil/.stm32cubeide/favorites.boards.txt: 1 item(s)
2026-01-07 11:12:02,642 [INFO] ApiDb:427 - User favorites Boards=[NUCLEO-F746ZG]
2026-01-07 11:12:02,642 [INFO] DbBoards:198 - Set 1 / 1 favorites Boards
2026-01-07 11:12:02,753 [INFO] UtilMem:75 - End LoadConfig() Used Memory: 424057088 Bytes (612368384)
2026-01-07 11:12:02,947 [WARN] ThirdParty:833 - waiting for thirdparty lock release [change project]
2026-01-07 11:12:02,948 [INFO] ThirdParty:835 - entering critical section [change project]
2026-01-07 11:12:02,948 [INFO] ThirdParty:1030 - CMSIS Pack Vendor :STMicroelectronics X-CUBE-PM33A1 1.0.0
2026-01-07 11:12:02,948 [INFO] ThirdParty:1030 - CMSIS Pack Vendor :STMicroelectronics USBPD 4.1
2026-01-07 11:12:02,948 [INFO] ThirdParty:1030 - CMSIS Pack Vendor :STMicroelectronics USB_HOST 2.0.0
2026-01-07 11:12:02,949 [INFO] ThirdParty:1030 - CMSIS Pack Vendor :STMicroelectronics FP-SNS-MOTENVWB1 1.4.0
2026-01-07 11:12:02,949 [INFO] ThirdParty:1030 - CMSIS Pack Vendor :STMicroelectronics X-CUBE-AZRTOS-F4 1.1.0
2026-01-07 11:12:02,949 [INFO] ThirdParty:1030 - CMSIS Pack Vendor :STMicroelectronics LIBJPEG 8.0.0
2026-01-07 11:12:02,949 [INFO] ThirdParty:1030 - CMSIS Pack Vendor :STMicroelectronics FP-ATR-ASTRA1 2.0.2
2026-01-07 11:12:02,949 [INFO] ThirdParty:1030 - CMSIS Pack Vendor :STMicroelectronics FP-ATR-ASTRA1 2.0.1
2026-01-07 11:12:02,949 [INFO] ThirdParty:1030 - CMSIS Pack Vendor :STMicroelectronics X-CUBE-SMBUS 2.1.0
2026-01-07 11:12:02,949 [INFO] ThirdParty:1030 - CMSIS Pack Vendor :STMicroelectronics X-CUBE-WB05N 1.1.0
2026-01-07 11:12:02,949 [INFO] ThirdParty:1030 - CMSIS Pack Vendor :STMicroelectronics X-CUBE-ISPU 2.1.0
2026-01-07 11:12:02,949 [INFO] ThirdParty:1030 - CMSIS Pack Vendor :STMicroelectronics X-CUBE-FREERTOS 1.2.0
2026-01-07 11:12:02,949 [INFO] ThirdParty:1030 - CMSIS Pack Vendor :STMicroelectronics X-CUBE-ST60 1.0.0
2026-01-07 11:12:02,949 [INFO] ThirdParty:1030 - CMSIS Pack Vendor :STMicroelectronics X-CUBE-NFC12 1.0.0
2026-01-07 11:12:02,949 [INFO] ThirdParty:1030 - CMSIS Pack Vendor :STMicroelectronics X-CUBE-AZRTOS-F7 1.1.0
2026-01-07 11:12:02,949 [INFO] ThirdParty:1030 - CMSIS Pack Vendor :STMicroelectronics X-CUBE-AZRTOS-L5 2.0.0
2026-01-07 11:12:02,949 [INFO] ThirdParty:1030 - CMSIS Pack Vendor :STMicroelectronics USB_DEVICE 2.0.0
2026-01-07 11:12:02,949 [INFO] ThirdParty:1030 - CMSIS Pack Vendor :STMicroelectronics X-CUBE-NFC6 3.1.0
2026-01-07 11:12:02,949 [INFO] ThirdParty:1030 - CMSIS Pack Vendor :ARM CMSIS 5.7.0
2026-01-07 11:12:02,949 [INFO] ThirdParty:1030 - CMSIS Pack Vendor :STMicroelectronics X-CUBE-MEMS1 11.0.0
2026-01-07 11:12:02,950 [INFO] ThirdParty:1030 - CMSIS Pack Vendor :STMicroelectronics FreeRTOS 0.0.1
2026-01-07 11:12:02,950 [INFO] ThirdParty:1030 - CMSIS Pack Vendor :STMicroelectronics X-CUBE-DPower 1.2.0
2026-01-07 11:12:02,950 [INFO] ThirdParty:1030 - CMSIS Pack Vendor :STMicroelectronics FP-SNS-FLIGHT1 5.0.2
2026-01-07 11:12:02,950 [INFO] ThirdParty:1030 - CMSIS Pack Vendor :STMicroelectronics PDM2PCM 3.3.0
2026-01-07 11:12:02,950 [INFO] ThirdParty:1030 - CMSIS Pack Vendor :STMicroelectronics X-CUBE-AZRTOS-H7 3.4.0
2026-01-07 11:12:02,950 [INFO] ThirdParty:1030 - CMSIS Pack Vendor :STMicroelectronics X-CUBE-DISPLAY 3.0.0
2026-01-07 11:12:02,950 [INFO] ThirdParty:1030 - CMSIS Pack Vendor :STMicroelectronics X-CUBE-BLE1 7.0.0
2026-01-07 11:12:02,950 [INFO] ThirdParty:1030 - CMSIS Pack Vendor :STMicroelectronics X-CUBE-NFC10 1.0.0
2026-01-07 11:12:02,951 [INFO] ThirdParty:1030 - CMSIS Pack Vendor :STMicroelectronics X-CUBE-BLEMGR 4.0.0
2026-01-07 11:12:02,951 [INFO] ThirdParty:1030 - CMSIS Pack Vendor :STMicroelectronics X-CUBE-FREERTOS 1.3.1
2026-01-07 11:12:02,951 [INFO] ThirdParty:1030 - CMSIS Pack Vendor :STMicroelectronics HAL Drivers 0.0.0
2026-01-07 11:12:02,951 [INFO] ThirdParty:1030 - CMSIS Pack Vendor :STMicroelectronics X-CUBE-ST60 1.1.0
2026-01-07 11:12:02,951 [INFO] ThirdParty:1030 - CMSIS Pack Vendor :emotas I-CUBE-CANOPEN 1.3.0
2026-01-07 11:12:02,951 [INFO] ThirdParty:1030 - CMSIS Pack Vendor :STMicroelectronics X-CUBE-FREERTOS 1.3.0
2026-01-07 11:12:02,951 [INFO] ThirdParty:1030 - CMSIS Pack Vendor :STMicroelectronics X-CUBE-NFC7 1.0.1
2026-01-07 11:12:02,951 [INFO] ThirdParty:1030 - CMSIS Pack Vendor :STMicroelectronics MBEDTLS 2.14.1
2026-01-07 11:12:02,951 [INFO] ThirdParty:1030 - CMSIS Pack Vendor :STMicroelectronics X-CUBE-GNSS1 7.1.0
2026-01-07 11:12:02,951 [INFO] ThirdParty:1030 - CMSIS Pack Vendor :STMicroelectronics X-CUBE-TOUCHGFX 4.26.0
2026-01-07 11:12:02,951 [INFO] ThirdParty:1030 - CMSIS Pack Vendor :STMicroelectronics X-CUBE-BLEMGR 3.1.0
2026-01-07 11:12:02,951 [INFO] ThirdParty:1030 - CMSIS Pack Vendor :STMicroelectronics X-CUBE-AI 10.0.0
2026-01-07 11:12:02,951 [INFO] ThirdParty:1030 - CMSIS Pack Vendor :STMicroelectronics FP-SNS-STAIOTCFT 1.0.0
2026-01-07 11:12:02,951 [INFO] ThirdParty:1030 - CMSIS Pack Vendor :STMicroelectronics FP-SNS-SMARTAG2 1.2.0
2026-01-07 11:12:02,951 [INFO] ThirdParty:1030 - CMSIS Pack Vendor :STMicroelectronics FP-SNS-FLIGHT1 5.1.0
2026-01-07 11:12:02,952 [INFO] ThirdParty:1030 - CMSIS Pack Vendor :STMicroelectronics X-CUBE-MEMS1 11.1.0
2026-01-07 11:12:02,952 [INFO] ThirdParty:1030 - CMSIS Pack Vendor :STMicroelectronics X-CUBE-AZRTOS-WL 2.0.0
2026-01-07 11:12:02,952 [INFO] ThirdParty:1030 - CMSIS Pack Vendor :STMicroelectronics X-CUBE-DPower 1.3.0
2026-01-07 11:12:02,952 [INFO] ThirdParty:1030 - CMSIS Pack Vendor :STMicroelectronics FP-SNS-MOTENV1 5.0.0
2026-01-07 11:12:02,952 [INFO] ThirdParty:1030 - CMSIS Pack Vendor :STMicroelectronics USB_DEVICE 1.0.0
2026-01-07 11:12:02,952 [INFO] ThirdParty:1030 - CMSIS Pack Vendor :STMicroelectronics X-CUBE-AZRTOS-H7RS 1.2.0
2026-01-07 11:12:02,952 [INFO] ThirdParty:1030 - CMSIS Pack Vendor :wolfSSL I-CUBE-wolfMQTT 1.19.0
2026-01-07 11:12:02,952 [INFO] ThirdParty:1030 - CMSIS Pack Vendor :STMicroelectronics X-CUBE-AZRTOS-L4 2.0.0
2026-01-07 11:12:02,952 [INFO] ThirdParty:1030 - CMSIS Pack Vendor :STMicroelectronics ThreadX 0.0.2
2026-01-07 11:12:02,952 [INFO] ThirdParty:1030 - CMSIS Pack Vendor :WES I-CUBE-Cesium 1.3.0
2026-01-07 11:12:02,952 [INFO] ThirdParty:1030 - CMSIS Pack Vendor :STMicroelectronics lwIP 2.1.2
2026-01-07 11:12:02,952 [INFO] ThirdParty:1030 - CMSIS Pack Vendor :STMicroelectronics X-CUBE-SFXS2LP1 4.0.0
2026-01-07 11:12:02,952 [INFO] ThirdParty:1030 - CMSIS Pack Vendor :STMicroelectronics X-CUBE-BLE2 3.3.0
2026-01-07 11:12:02,952 [INFO] ThirdParty:1030 - CMSIS Pack Vendor :Avnet-IOTCONNECT X-CUBE-iotc-st67-sdk 1.0.0
2026-01-07 11:12:02,952 [INFO] ThirdParty:1030 - CMSIS Pack Vendor :STMicroelectronics PDM2PCM 3.2.0
2026-01-07 11:12:02,952 [INFO] ThirdParty:1030 - CMSIS Pack Vendor :STMicroelectronics X-CUBE-AZRTOS-H7 3.3.0
2026-01-07 11:12:02,952 [INFO] ThirdParty:1030 - CMSIS Pack Vendor :STMicroelectronics X-CUBE-NFC9 1.0.0
2026-01-07 11:12:02,953 [INFO] ThirdParty:1030 - CMSIS Pack Vendor :STMicroelectronics X-CUBE-BLE1 7.1.0
2026-01-07 11:12:02,953 [INFO] ThirdParty:1030 - CMSIS Pack Vendor :STMicroelectronics USB_DEVICE 3.0.0
2026-01-07 11:12:02,953 [INFO] ThirdParty:1030 - CMSIS Pack Vendor :STMicroelectronics X-CUBE-TCPP 4.1.0
2026-01-07 11:12:02,953 [INFO] ThirdParty:1030 - CMSIS Pack Vendor :STMicroelectronics X-CUBE-EEPRMA1 5.2.0
2026-01-07 11:12:02,953 [INFO] ThirdParty:1030 - CMSIS Pack Vendor :STMicroelectronics X-CUBE-BLEMGR 4.1.0
2026-01-07 11:12:02,953 [INFO] ThirdParty:1030 - CMSIS Pack Vendor :STMicroelectronics X-CUBE-IPS 3.0.0
2026-01-07 11:12:02,953 [INFO] ThirdParty:1030 - CMSIS Pack Vendor :STMicroelectronics X-CUBE-AZRTOS-WB 2.0.0
2026-01-07 11:12:02,953 [INFO] ThirdParty:1030 - CMSIS Pack Vendor :STMicroelectronics X-CUBE-GNSS1 7.0.0
2026-01-07 11:12:02,953 [INFO] ThirdParty:1030 - CMSIS Pack Vendor :STMicroelectronics X-CUBE-GNSS1 7.0.1
2026-01-07 11:12:02,953 [INFO] ThirdParty:1030 - CMSIS Pack Vendor :STMicroelectronics X-CUBE-TOUCHGFX 4.25.0
2026-01-07 11:12:02,953 [INFO] ThirdParty:1030 - CMSIS Pack Vendor :STMicroelectronics FP-SNS-STBOX1 2.0.0
2026-01-07 11:12:02,953 [INFO] ThirdParty:1030 - CMSIS Pack Vendor :STMicroelectronics X-CUBE-MEMS1 12.0.0
2026-01-07 11:12:02,953 [INFO] ThirdParty:1030 - CMSIS Pack Vendor :STMicroelectronics X-CUBE-AZRTOS-G0 1.1.0
2026-01-07 11:12:02,953 [INFO] ThirdParty:1030 - CMSIS Pack Vendor :STMicroelectronics X-CUBE-SAFEA1 1.2.2
2026-01-07 11:12:02,953 [INFO] ThirdParty:1030 - CMSIS Pack Vendor :STMicroelectronics X-CUBE-NFC4 3.0.0
2026-01-07 11:12:02,954 [INFO] ThirdParty:1030 - CMSIS Pack Vendor :STMicroelectronics X-CUBE-SUBG2 5.0.0
2026-01-07 11:12:02,954 [INFO] ThirdParty:1030 - CMSIS Pack Vendor :STMicroelectronics X-CUBE-AZRTOS-H7RS 1.1.0
2026-01-07 11:12:02,954 [INFO] ThirdParty:1030 - CMSIS Pack Vendor :STMicroelectronics STM32_WPAN 1.0.0
2026-01-07 11:12:02,954 [INFO] ThirdParty:1030 - CMSIS Pack Vendor :EmbeddedOffice I-CUBE-FS-RTOS 1.0.1
2026-01-07 11:12:02,954 [INFO] ThirdParty:1030 - CMSIS Pack Vendor :STMicroelectronics lwIP 2.0.3
2026-01-07 11:12:02,954 [INFO] ThirdParty:1030 - CMSIS Pack Vendor :Cesanta I-CUBE-Mongoose 7.13.0
2026-01-07 11:12:02,954 [INFO] ThirdParty:1030 - CMSIS Pack Vendor :STMicroelectronics USB_HOST 1.0.0
2026-01-07 11:12:02,954 [INFO] ThirdParty:1030 - CMSIS Pack Vendor :STMicroelectronics X-CUBE-AZRTOS-G4 2.0.0
2026-01-07 11:12:02,954 [INFO] ThirdParty:1030 - CMSIS Pack Vendor :STMicroelectronics X-CUBE-WB05N 2.0.0
2026-01-07 11:12:02,954 [INFO] ThirdParty:1030 - CMSIS Pack Vendor :STMicroelectronics PDM2PCM 3.1.0
2026-01-07 11:12:02,954 [INFO] ThirdParty:1030 - CMSIS Pack Vendor :STMicroelectronics X-CUBE-NFC7 2.0.0
2026-01-07 11:12:02,954 [INFO] ThirdParty:1030 - CMSIS Pack Vendor :STMicroelectronics X-CUBE-TCPP 4.2.0
2026-01-07 11:12:02,954 [INFO] ThirdParty:1030 - CMSIS Pack Vendor :RealThread X-CUBE-RT-Thread_Nano 4.1.1
2026-01-07 11:12:02,954 [INFO] ThirdParty:1030 - CMSIS Pack Vendor :STMicroelectronics FP-ATR-SIGFOX1 3.2.0
2026-01-07 11:12:02,954 [INFO] ThirdParty:1030 - CMSIS Pack Vendor :wolfSSL I-CUBE-wolfSSL 5.7.2
2026-01-07 11:12:02,954 [INFO] ThirdParty:1030 - CMSIS Pack Vendor :quantropi X-CUBE-qispace-sdk-base 1.9.3
2026-01-07 11:12:02,955 [INFO] ThirdParty:1030 - CMSIS Pack Vendor :STMicroelectronics X-CUBE-EEPRMA1 5.1.0
2026-01-07 11:12:02,955 [INFO] ThirdParty:1030 - CMSIS Pack Vendor :STMicroelectronics MBEDTLS 2.16.2
2026-01-07 11:12:02,955 [INFO] ThirdParty:1030 - CMSIS Pack Vendor :STMicroelectronics X-CUBE-IPS 3.1.0
2026-01-07 11:12:02,955 [INFO] ThirdParty:1030 - CMSIS Pack Vendor :STMicroelectronics X-CUBE-ALS 1.0.2
2026-01-07 11:12:02,955 [INFO] ThirdParty:1030 - CMSIS Pack Vendor :ITTIA_DB I-CUBE-ITTIADB 8.9.0
2026-01-07 11:12:02,955 [INFO] ThirdParty:1030 - CMSIS Pack Vendor :STMicroelectronics X-CUBE-TOUCHGFX 4.24.1
2026-01-07 11:12:02,955 [INFO] ThirdParty:1030 - CMSIS Pack Vendor :STMicroelectronics X-CUBE-STSE01 1.0.0
2026-01-07 11:12:02,956 [INFO] ThirdParty:1030 - CMSIS Pack Vendor :wolfSSL I-CUBE-wolfTPM 3.4.0
2026-01-07 11:12:02,956 [INFO] ThirdParty:1030 - CMSIS Pack Vendor :portGmbH I-Cube-SoM-uGOAL 1.1.0
2026-01-07 11:12:02,956 [INFO] ThirdParty:1030 - CMSIS Pack Vendor :STMicroelectronics X-CUBE-ST67W61 1.0.0
2026-01-07 11:12:02,956 [INFO] ThirdParty:1030 - CMSIS Pack Vendor :STMicroelectronics X-CUBE-AI 10.2.0
2026-01-07 11:12:02,956 [INFO] ThirdParty:1030 - CMSIS Pack Vendor :STMicroelectronics ThreadX 1.0.0
2026-01-07 11:12:02,956 [INFO] ThirdParty:1030 - CMSIS Pack Vendor :SEGGER I-CUBE-embOS 1.3.1
2026-01-07 11:12:02,956 [INFO] ThirdParty:1030 - CMSIS Pack Vendor :STMicroelectronics X-CUBE-ALGOBUILD 1.4.0
2026-01-07 11:12:02,956 [INFO] ThirdParty:1030 - CMSIS Pack Vendor :STMicroelectronics X-CUBE-MEMS1 11.3.0
2026-01-07 11:12:02,956 [INFO] ThirdParty:1030 - CMSIS Pack Vendor :STMicroelectronics X-CUBE-AZRTOS-H7RS 1.0.0
2026-01-07 11:12:02,956 [INFO] ThirdParty:1030 - CMSIS Pack Vendor :STMicroelectronics FP-ATR-ASTRA1 2.0.0
2026-01-07 11:12:02,956 [INFO] ThirdParty:1030 - CMSIS Pack Vendor :STMicroelectronics X-CUBE-TOF1 3.4.2
2026-01-07 11:12:02,956 [INFO] ThirdParty:1030 - CMSIS Pack Vendor :STMicroelectronics X-CUBE-TOF1 3.4.3
2026-01-07 11:12:02,957 [INFO] ThirdParty:1030 - CMSIS Pack Vendor :STMicroelectronics X-CUBE-AI 9.1.0
2026-01-07 11:12:02,957 [INFO] ThirdParty:1030 - CMSIS Pack Vendor :Infineon AIROC-Wi-Fi-Bluetooth-STM32 1.6.1
2026-01-07 11:12:02,957 [INFO] ThirdParty:1030 - CMSIS Pack Vendor :wolfSSL I-CUBE-wolfSSH 1.4.17
2026-01-07 11:12:02,957 [INFO] ThirdParty:841 - exiting critical section [change project]
2026-01-07 11:12:03,877 [INFO] PinOutPanel:1589 - setPackage(No Configuration,No Configuration)
2026-01-07 11:12:03,894 [INFO] PinOutPanel:1589 - setPackage(STM32H743IITx,LQFP176)
2026-01-07 11:12:04,632 [INFO] UtilMem:75 - Before build in PCC Used Memory: 223429392 Bytes (612368384)
2026-01-07 11:12:05,738 [INFO] UtilMem:75 - After build in PCC Used Memory: 306789136 Bytes (612368384)
2026-01-07 11:12:05,834 [INFO] IPUIPlugin:80 - create IPUIPlugin
2026-01-07 11:12:05,835 [INFO] IPUIPlugin:80 - create IPUIPlugin
2026-01-07 11:12:05,835 [INFO] IPUIPlugin:80 - create IPUIPlugin
2026-01-07 11:12:05,835 [INFO] IPUIPlugin:80 - create IPUIPlugin
2026-01-07 11:12:05,835 [INFO] IPUIPlugin:80 - create IPUIPlugin
2026-01-07 11:12:05,835 [INFO] IPUIPlugin:80 - create IPUIPlugin
2026-01-07 11:12:05,835 [INFO] IPUIPlugin:80 - create IPUIPlugin
2026-01-07 11:12:05,835 [INFO] IPUIPlugin:80 - create IPUIPlugin
2026-01-07 11:12:05,835 [INFO] IPUIPlugin:80 - create IPUIPlugin
2026-01-07 11:12:05,836 [INFO] IPUIPlugin:80 - create IPUIPlugin
2026-01-07 11:12:05,836 [INFO] IPUIPlugin:80 - create IPUIPlugin
2026-01-07 11:12:05,836 [INFO] IPUIPlugin:80 - create IPUIPlugin
2026-01-07 11:12:05,836 [INFO] IPUIPlugin:80 - create IPUIPlugin
2026-01-07 11:12:05,836 [INFO] IPUIPlugin:80 - create IPUIPlugin
2026-01-07 11:12:05,836 [INFO] IPUIPlugin:80 - create IPUIPlugin
2026-01-07 11:12:05,836 [INFO] IPUIPlugin:80 - create IPUIPlugin
2026-01-07 11:12:05,836 [INFO] IPUIPlugin:80 - create IPUIPlugin
2026-01-07 11:12:05,836 [INFO] IPUIPlugin:80 - create IPUIPlugin
2026-01-07 11:12:05,836 [INFO] IPUIPlugin:80 - create IPUIPlugin
2026-01-07 11:12:05,836 [INFO] IPUIPlugin:80 - create IPUIPlugin
2026-01-07 11:12:05,837 [INFO] IPUIPlugin:80 - create IPUIPlugin
2026-01-07 11:12:05,837 [INFO] IPUIPlugin:80 - create IPUIPlugin
2026-01-07 11:12:05,837 [INFO] IPUIPlugin:80 - create IPUIPlugin
2026-01-07 11:12:05,837 [INFO] IPUIPlugin:80 - create IPUIPlugin
2026-01-07 11:12:05,837 [INFO] IPUIPlugin:80 - create IPUIPlugin
2026-01-07 11:12:05,837 [INFO] IPUIPlugin:80 - create IPUIPlugin
2026-01-07 11:12:05,837 [INFO] IPUIPlugin:80 - create IPUIPlugin
2026-01-07 11:12:05,837 [INFO] IPUIPlugin:80 - create IPUIPlugin
2026-01-07 11:12:05,837 [INFO] IPUIPlugin:80 - create IPUIPlugin
2026-01-07 11:12:05,838 [INFO] IPUIPlugin:80 - create IPUIPlugin
2026-01-07 11:12:05,838 [INFO] IPUIPlugin:80 - create IPUIPlugin
2026-01-07 11:12:05,838 [INFO] IPUIPlugin:80 - create IPUIPlugin
2026-01-07 11:12:05,838 [INFO] IPUIPlugin:80 - create IPUIPlugin
2026-01-07 11:12:05,839 [INFO] IPUIPlugin:80 - create IPUIPlugin
2026-01-07 11:12:05,839 [INFO] IPUIPlugin:80 - create IPUIPlugin
2026-01-07 11:12:05,839 [INFO] IPUIPlugin:80 - create IPUIPlugin
2026-01-07 11:12:05,840 [INFO] IPUIPlugin:80 - create IPUIPlugin
2026-01-07 11:12:05,840 [INFO] IPUIPlugin:80 - create IPUIPlugin
2026-01-07 11:12:05,840 [INFO] IPUIPlugin:80 - create IPUIPlugin
2026-01-07 11:12:05,841 [INFO] IPUIPlugin:80 - create IPUIPlugin
2026-01-07 11:12:05,841 [INFO] IPUIPlugin:80 - create IPUIPlugin
2026-01-07 11:12:05,841 [INFO] IPUIPlugin:80 - create IPUIPlugin
2026-01-07 11:12:05,841 [INFO] IPUIPlugin:80 - create IPUIPlugin
2026-01-07 11:12:05,841 [INFO] IPUIPlugin:80 - create IPUIPlugin
2026-01-07 11:12:05,842 [INFO] IPUIPlugin:80 - create IPUIPlugin
2026-01-07 11:12:05,842 [INFO] IPUIPlugin:80 - create IPUIPlugin
2026-01-07 11:12:05,842 [INFO] IPUIPlugin:80 - create IPUIPlugin
2026-01-07 11:12:05,842 [INFO] IPUIPlugin:80 - create IPUIPlugin
2026-01-07 11:12:05,842 [INFO] IPUIPlugin:80 - create IPUIPlugin
2026-01-07 11:12:05,843 [INFO] IPUIPlugin:80 - create IPUIPlugin
2026-01-07 11:12:05,843 [INFO] IPUIPlugin:80 - create IPUIPlugin
2026-01-07 11:12:05,843 [INFO] IPUIPlugin:80 - create IPUIPlugin
2026-01-07 11:12:05,843 [INFO] IPUIPlugin:80 - create IPUIPlugin
2026-01-07 11:12:05,844 [INFO] IPUIPlugin:80 - create IPUIPlugin
2026-01-07 11:12:05,844 [INFO] IPUIPlugin:80 - create IPUIPlugin
2026-01-07 11:12:05,844 [INFO] IPUIPlugin:80 - create IPUIPlugin
2026-01-07 11:12:05,844 [INFO] IPUIPlugin:80 - create IPUIPlugin
2026-01-07 11:12:05,845 [INFO] IPUIPlugin:80 - create IPUIPlugin
2026-01-07 11:12:05,845 [INFO] IPUIPlugin:80 - create IPUIPlugin
2026-01-07 11:12:05,845 [INFO] IPUIPlugin:80 - create IPUIPlugin
2026-01-07 11:12:05,845 [INFO] IPUIPlugin:80 - create IPUIPlugin
2026-01-07 11:12:05,846 [INFO] IPUIPlugin:80 - create IPUIPlugin
2026-01-07 11:12:05,846 [INFO] IPUIPlugin:80 - create IPUIPlugin
2026-01-07 11:12:05,846 [INFO] IPUIPlugin:80 - create IPUIPlugin
2026-01-07 11:12:05,846 [INFO] IPUIPlugin:80 - create IPUIPlugin
2026-01-07 11:12:05,847 [INFO] IPUIPlugin:80 - create IPUIPlugin
2026-01-07 11:12:05,847 [INFO] IPUIPlugin:80 - create IPUIPlugin
2026-01-07 11:12:05,847 [INFO] IPUIPlugin:80 - create IPUIPlugin
2026-01-07 11:12:05,847 [INFO] IPUIPlugin:80 - create IPUIPlugin
2026-01-07 11:12:05,848 [INFO] IPUIPlugin:80 - create IPUIPlugin
2026-01-07 11:12:05,848 [INFO] IPUIPlugin:80 - create IPUIPlugin
2026-01-07 11:12:05,848 [INFO] IPUIPlugin:80 - create IPUIPlugin
2026-01-07 11:12:05,848 [INFO] IPUIPlugin:80 - create IPUIPlugin
2026-01-07 11:12:05,849 [INFO] IPUIPlugin:80 - create IPUIPlugin
2026-01-07 11:12:05,849 [INFO] IPUIPlugin:80 - create IPUIPlugin
2026-01-07 11:12:05,849 [INFO] IPUIPlugin:80 - create IPUIPlugin
2026-01-07 11:12:05,850 [INFO] IPUIPlugin:80 - create IPUIPlugin
2026-01-07 11:12:05,850 [INFO] IPUIPlugin:80 - create IPUIPlugin
2026-01-07 11:12:05,850 [INFO] IPUIPlugin:80 - create IPUIPlugin
2026-01-07 11:12:05,851 [INFO] IPUIPlugin:80 - create IPUIPlugin
2026-01-07 11:12:05,851 [INFO] IPUIPlugin:80 - create IPUIPlugin
2026-01-07 11:12:05,851 [INFO] IPUIPlugin:80 - create IPUIPlugin
2026-01-07 11:12:05,852 [INFO] IPUIPlugin:80 - create IPUIPlugin
2026-01-07 11:12:05,852 [INFO] IPUIPlugin:80 - create IPUIPlugin
2026-01-07 11:12:05,852 [INFO] IPUIPlugin:80 - create IPUIPlugin
2026-01-07 11:12:05,853 [INFO] IPUIPlugin:80 - create IPUIPlugin
2026-01-07 11:12:05,853 [INFO] IPUIPlugin:80 - create IPUIPlugin
2026-01-07 11:12:05,853 [INFO] IPUIPlugin:80 - create IPUIPlugin
2026-01-07 11:12:05,854 [INFO] IPUIPlugin:80 - create IPUIPlugin
2026-01-07 11:12:05,854 [INFO] IPUIPlugin:80 - create IPUIPlugin
2026-01-07 11:12:05,854 [INFO] IPUIPlugin:80 - create IPUIPlugin
2026-01-07 11:12:05,855 [INFO] IPUIPlugin:80 - create IPUIPlugin
2026-01-07 11:12:05,855 [INFO] IPUIPlugin:80 - create IPUIPlugin
2026-01-07 11:12:05,856 [INFO] IPUIPlugin:80 - create IPUIPlugin
2026-01-07 11:12:05,856 [INFO] IPUIPlugin:80 - create IPUIPlugin
2026-01-07 11:12:05,857 [INFO] IPUIPlugin:80 - create IPUIPlugin
2026-01-07 11:12:05,857 [INFO] IPUIPlugin:80 - create IPUIPlugin
2026-01-07 11:12:05,858 [INFO] IPUIPlugin:80 - create IPUIPlugin
2026-01-07 11:12:05,939 [INFO] ApiDbMcu:508 - Load IP Config File for PDM2PCM
2026-01-07 11:12:05,952 [WARN] IP:2251 - ClockDivider not found: check if there is a RefParameter without a condition.
2026-01-07 11:12:05,953 [WARN] IP:2251 - ClockDividerCCU not found: check if there is a RefParameter without a condition.
2026-01-07 11:12:05,953 [WARN] IP:2251 - MinOscClkPeriodsCCU not found: check if there is a RefParameter without a condition.
2026-01-07 11:12:05,953 [WARN] IP:2251 - TimeQuantaPerBitTimeCCU not found: check if there is a RefParameter without a condition.
2026-01-07 11:12:05,953 [WARN] IP:2251 - WatchdogStartValueCCU not found: check if there is a RefParameter without a condition.
2026-01-07 11:12:05,965 [INFO] LogOutputStream:77 - [STDOUT_REDIRECT] Nominal 
2026-01-07 11:12:05,966 [INFO] Can:71 - Can Add PropertyChangeListener com.st.microxplorer.plugins.ip.can.Can@672477cc
2026-01-07 11:12:06,363 [INFO] CADModel:165 - CPN selected for project levelSTM32H743IIT6
2026-01-07 11:12:06,363 [INFO] CADModel:114 - Register for checkConnection events
2026-01-07 11:12:06,420 [INFO] OpenFileManager:363 - Restore cursor
2026-01-07 11:12:06,743 [WARN] IP:2251 - ClockDivider not found: check if there is a RefParameter without a condition.
2026-01-07 11:12:06,743 [WARN] IP:2251 - ClockDividerCCU not found: check if there is a RefParameter without a condition.
2026-01-07 11:12:06,743 [WARN] IP:2251 - MinOscClkPeriodsCCU not found: check if there is a RefParameter without a condition.
2026-01-07 11:12:06,743 [WARN] IP:2251 - TimeQuantaPerBitTimeCCU not found: check if there is a RefParameter without a condition.
2026-01-07 11:12:06,743 [WARN] IP:2251 - WatchdogStartValueCCU not found: check if there is a RefParameter without a condition.
2026-01-07 11:12:08,842 [INFO] LogOutputStream:77 - [STDOUT_REDIRECT] 
2026-01-07 11:12:10,159 [INFO] McuFinderGlobals:63 - Set McuFinder mode to 2 (CubeIDE integrated)
2026-01-07 11:12:10,160 [INFO] UserAuth:171 - activating auth plugin
2026-01-07 11:12:10,163 [INFO] UserAuth:486 - Internet connection configuration mode: 1
2026-01-07 11:12:10,182 [INFO] JxBrowserEngine:152 - Initiate JxBrowser Engine with user profile folder
2026-01-07 11:12:10,992 [INFO] WebApp:168 - Instantiating new browser for Auth
2026-01-07 11:12:11,942 [INFO] WebApp:449 - Apply proxy settings
2026-01-07 11:12:11,942 [INFO] WebApp:534 - Chromium requires no authentication
2026-01-07 11:12:11,960 [INFO] WebApp:477 - Direct internet connection detected
2026-01-07 11:12:12,001 [INFO] WebApp:880 - Register for checkConnection events
2026-01-07 11:12:12,001 [INFO] WebApp:449 - Apply proxy settings
2026-01-07 11:12:12,001 [INFO] WebApp:534 - Chromium requires no authentication
2026-01-07 11:12:12,002 [INFO] WebApp:477 - Direct internet connection detected
2026-01-07 11:12:12,304 [INFO] WebApp:221 - Starting web application
2026-01-07 11:12:12,304 [INFO] WebApp:579 - Web application path used C:\ST\STM32CubeIDE_1.17.0\STM32CubeIDE\plugins\com.st.stm32cube.common.mx_6.13.0.202411220809\db\plugins\mcufinder\reactClient1\index.html
2026-01-07 11:12:12,497 [INFO] WebApp:187 - Connection restablished
2026-01-07 11:12:22,033 [INFO] UtilMem:75 - End SaveConfig() Used Memory: 334780928 Bytes (624951296)
2026-01-07 11:12:23,820 [INFO] BlockDiagram:2766 - set Specific Code input for plugin: RCC
2026-01-07 11:12:23,820 [INFO] BlockDiagram:2766 - set Specific Code input for plugin: FDCAN
2026-01-07 11:12:23,820 [INFO] BlockDiagram:2766 - set Specific Code input for plugin: MEMORYMAP
2026-01-07 11:12:23,820 [INFO] BlockDiagram:2766 - set Specific Code input for plugin: SYS
2026-01-07 11:12:23,820 [INFO] BlockDiagram:2766 - set Specific Code input for plugin: NVIC
2026-01-07 11:12:23,821 [INFO] BlockDiagram:2766 - set Specific Code input for plugin: GPIO
2026-01-07 11:12:23,836 [INFO] CodeGenerator:896 - code generatio: config db path: C:\ST\STM32CubeIDE_1.17.0\STM32CubeIDE\plugins\com.st.stm32cube.common.mx_6.13.0.202411220809\\db\
2026-01-07 11:12:23,846 [WARN] IP:2251 - ClockDivider not found: check if there is a RefParameter without a condition.
2026-01-07 11:12:23,846 [WARN] IP:2251 - ClockDividerCCU not found: check if there is a RefParameter without a condition.
2026-01-07 11:12:23,846 [WARN] IP:2251 - MinOscClkPeriodsCCU not found: check if there is a RefParameter without a condition.
2026-01-07 11:12:23,846 [WARN] IP:2251 - TimeQuantaPerBitTimeCCU not found: check if there is a RefParameter without a condition.
2026-01-07 11:12:23,846 [WARN] IP:2251 - WatchdogStartValueCCU not found: check if there is a RefParameter without a condition.
2026-01-07 11:12:24,033 [INFO] CodeEngine:255 - oldGeneratedFile, C:\Users\kamil\STM32CubeIDE\workspace_1.17.0\NAJWIEKSZY_TEST\MXTmpFiles\license.tmp_save
2026-01-07 11:12:24,502 [INFO] CodeEngine:279 - Generated code: C:\Users\kamil\STM32CubeIDE\workspace_1.17.0\NAJWIEKSZY_TEST\MXTmpFiles\license.tmp
2026-01-07 11:12:24,614 [INFO] CodeEngine:255 - oldGeneratedFile, C:\Users\kamil\STM32CubeIDE\workspace_1.17.0\NAJWIEKSZY_TEST\MXTmpFiles\gpio.tmp_save
2026-01-07 11:12:24,782 [INFO] CodeEngine:279 - Generated code: C:\Users\kamil\STM32CubeIDE\workspace_1.17.0\NAJWIEKSZY_TEST\MXTmpFiles\gpio.tmp
2026-01-07 11:12:24,880 [WARN] IPConfigManager:98 - WARNING: Missing Config File for MEMORYMAP ip!!
2026-01-07 11:12:24,941 [INFO] CodeEngine:255 - oldGeneratedFile, C:\Users\kamil\STM32CubeIDE\workspace_1.17.0\NAJWIEKSZY_TEST\MXTmpFiles\cortex.tmp_save
2026-01-07 11:12:25,049 [INFO] CodeEngine:279 - Generated code: C:\Users\kamil\STM32CubeIDE\workspace_1.17.0\NAJWIEKSZY_TEST\MXTmpFiles\cortex.tmp
2026-01-07 11:12:25,087 [INFO] CodeEngine:255 - oldGeneratedFile, C:\Users\kamil\STM32CubeIDE\workspace_1.17.0\NAJWIEKSZY_TEST\Core\Src\stm32h7xx_it.c_save
2026-01-07 11:12:25,222 [INFO] CodeEngine:279 - Generated code: C:\Users\kamil\STM32CubeIDE\workspace_1.17.0\NAJWIEKSZY_TEST\Core\Src\stm32h7xx_it.c
2026-01-07 11:12:25,232 [INFO] CodeEngine:255 - oldGeneratedFile, C:\Users\kamil\STM32CubeIDE\workspace_1.17.0\NAJWIEKSZY_TEST\Core\Inc\stm32h7xx_it.h_save
2026-01-07 11:12:25,306 [INFO] CodeEngine:279 - Generated code: C:\Users\kamil\STM32CubeIDE\workspace_1.17.0\NAJWIEKSZY_TEST\Core\Inc\stm32h7xx_it.h
2026-01-07 11:12:25,414 [INFO] CodeEngine:255 - oldGeneratedFile, C:\Users\kamil\STM32CubeIDE\workspace_1.17.0\NAJWIEKSZY_TEST\Core\Src\stm32h7xx_hal_msp.c_save
2026-01-07 11:12:25,554 [INFO] CodeEngine:279 - Generated code: C:\Users\kamil\STM32CubeIDE\workspace_1.17.0\NAJWIEKSZY_TEST\Core\Src\stm32h7xx_hal_msp.c
2026-01-07 11:12:25,559 [INFO] CodeEngine:255 - oldGeneratedFile, C:\Users\kamil\STM32CubeIDE\workspace_1.17.0\NAJWIEKSZY_TEST\MXTmpFiles\system.tmp_save
2026-01-07 11:12:25,615 [INFO] CodeEngine:279 - Generated code: C:\Users\kamil\STM32CubeIDE\workspace_1.17.0\NAJWIEKSZY_TEST\MXTmpFiles\system.tmp
2026-01-07 11:12:25,647 [INFO] CodeEngine:311 - oldGeneratedFile, C:\Users\kamil\STM32CubeIDE\workspace_1.17.0\NAJWIEKSZY_TEST\Core\Inc\stm32h7xx_hal_conf.h_save
2026-01-07 11:12:25,759 [INFO] CodeEngine:335 - Generated code: C:\Users\kamil\STM32CubeIDE\workspace_1.17.0\NAJWIEKSZY_TEST\Core\Inc\stm32h7xx_hal_conf.h
2026-01-07 11:12:25,845 [INFO] ApiDbMcu:508 - Load IP Config File for FDCAN1
2026-01-07 11:12:25,846 [ERROR] ApiDbMcu:464 - Can't load MEMORYMAP-STM32xx root dir null
2026-01-07 11:12:25,846 [ERROR] ApiDbMcu:536 - Cannot parse MEMORYMAP_Config file : file do not exist
2026-01-07 11:12:25,851 [INFO] ApiDbMcu:508 - Load IP Config File for RCC
2026-01-07 11:12:25,884 [INFO] CodeEngine:255 - oldGeneratedFile, C:\Users\kamil\STM32CubeIDE\workspace_1.17.0\NAJWIEKSZY_TEST\Core\Inc\main.h_save
2026-01-07 11:12:25,982 [INFO] CodeEngine:279 - Generated code: C:\Users\kamil\STM32CubeIDE\workspace_1.17.0\NAJWIEKSZY_TEST\Core\Inc\main.h
2026-01-07 11:12:26,005 [INFO] CodeEngine:255 - oldGeneratedFile, C:\Users\kamil\STM32CubeIDE\workspace_1.17.0\NAJWIEKSZY_TEST\Core\Src\main.c_save
2026-01-07 11:12:26,153 [INFO] CodeEngine:279 - Generated code: C:\Users\kamil\STM32CubeIDE\workspace_1.17.0\NAJWIEKSZY_TEST\Core\Src\main.c
2026-01-07 11:12:26,689 [INFO] ProjectBuilder:3289 - Time for Copy HAL[1] : 253mS.
2026-01-07 11:12:26,700 [INFO] ProjectBuilder:4876 - Project Generator version: 4.5.0-RC5
2026-01-07 11:12:26,814 [INFO] ConfigFileManager:1579 - The Die is : DIE450
2026-01-07 11:12:26,825 [INFO] ApiDbMcu:508 - Load IP Config File for FATFS
2026-01-07 11:12:26,829 [INFO] ApiDbMcu:508 - Load IP Config File for FREERTOS
2026-01-07 11:12:26,831 [INFO] ApiDbMcu:508 - Load IP Config File for LIBJPEG
2026-01-07 11:12:26,836 [INFO] ApiDbMcu:508 - Load IP Config File for LWIP
2026-01-07 11:12:26,840 [INFO] ApiDbMcu:508 - Load IP Config File for MBEDTLS
2026-01-07 11:12:26,847 [INFO] ApiDbMcu:508 - Load IP Config File for USB_DEVICE
2026-01-07 11:12:26,852 [INFO] ApiDbMcu:508 - Load IP Config File for USB_HOST
2026-01-07 11:12:27,231 [INFO] LogOutputStream:77 - [STDOUT_REDIRECT] 
2026-01-07 11:12:28,246 [INFO] ProjectBuilder:5154 - Time for Generating toolchain IDE Files: 1546mS.
2026-01-07 11:12:28,248 [INFO] ProjectBuilder:3146 - Time for Copy CMSIS : 1mS.
2026-01-07 11:12:28,252 [INFO] ProjectBuilder:3146 - Time for Copy CMSIS : 0mS.
2026-01-07 11:24:51,112 [ERROR] LogOutputStream:75 - [STDERR_REDIRECT] Exception in thread "SWV client thread" java.lang.NullPointerException: Cannot invoke "com.st.stm32cube.ide.mcu.debug.swv.core.SWVPlugin.isDebugging()" because "com.st.stm32cube.ide.mcu.debug.swv.core.SWVPlugin.plugin" is null
2026-01-07 11:24:51,114 [ERROR] LogOutputStream:75 - [STDERR_REDIRECT] 	at com.st.stm32cube.ide.mcu.debug.swv.core.SWVPlugin.debugTrace(SWVPlugin.java:85)
2026-01-07 11:24:51,115 [ERROR] LogOutputStream:75 - [STDERR_REDIRECT] 	at com.st.stm32cube.ide.mcu.debug.swv.core.SWVClient.TRACE(SWVClient.java:768)
2026-01-07 11:24:51,116 [ERROR] LogOutputStream:75 - [STDERR_REDIRECT] 	at com.st.stm32cube.ide.mcu.debug.swv.core.SWVClient.readByte(SWVClient.java:296)
2026-01-07 11:24:51,117 [ERROR] LogOutputStream:75 - [STDERR_REDIRECT] 	at com.st.stm32cube.ide.mcu.debug.swv.core.SWVClient.getNextByte(SWVClient.java:277)
2026-01-07 11:24:51,118 [ERROR] LogOutputStream:75 - [STDERR_REDIRECT] 	at com.st.stm32cube.ide.mcu.debug.swv.core.SWVClient.run(SWVClient.java:313)
2026-01-07 11:24:51,923 [ERROR] LogOutputStream:75 - [STDERR_REDIRECT] 
