2025-12-16 16:12:37,060 [INFO] LogOutputStream:77 - [STDOUT_REDIRECT] Nominal 
2025-12-16 16:12:37,073 [INFO] Can:71 - Can Add PropertyChangeListener com.st.microxplorer.plugins.ip.can.Can@73960b81
2025-12-16 16:12:37,400 [INFO] CADModel:165 - CPN selected for project levelSTM32H743IIT6
2025-12-16 16:12:37,400 [INFO] CADModel:114 - Register for checkConnection events
2025-12-16 16:12:37,465 [INFO] OpenFileManager:363 - Restore cursor
2025-12-16 16:12:37,740 [WARN] IP:2251 - ClockDivider not found: check if there is a RefParameter without a condition.
2025-12-16 16:12:37,740 [WARN] IP:2251 - ClockDividerCCU not found: check if there is a RefParameter without a condition.
2025-12-16 16:12:37,740 [WARN] IP:2251 - MinOscClkPeriodsCCU not found: check if there is a RefParameter without a condition.
2025-12-16 16:12:37,741 [WARN] IP:2251 - TimeQuantaPerBitTimeCCU not found: check if there is a RefParameter without a condition.
2025-12-16 16:12:37,741 [WARN] IP:2251 - WatchdogStartValueCCU not found: check if there is a RefParameter without a condition.
2025-12-16 16:12:58,267 [INFO] LogOutputStream:77 - [STDOUT_REDIRECT] This download action requires prior login. To proceed, please use the 'login' command with your my.st.com account email and password.
2025-12-16 16:12:58,269 [INFO] LogOutputStream:77 - [STDOUT_REDIRECT] Run 'login <email> <password> <remember_me>' for example 'login john.smith@st.com mypassword y'.
2025-12-16 16:12:58,271 [INFO] LogOutputStream:77 - [STDOUT_REDIRECT] If you do not have a my.st.com account, please visit https://st.com website to create one.
2025-12-16 16:19:00,814 [INFO] NvicIntPanel:101 - NVIC parent = com.st.microxplorer.plugins.ip.nvic.MultiNvicIntPanel[,0,0,450x150,layout=javax.swing.BoxLayout,alignmentX=0.0,alignmentY=0.0,border=,flags=9,maximumSize=,minimumSize=,preferredSize=]
2025-12-16 16:19:22,120 [INFO] NvicIntPanel:101 - NVIC parent = com.st.microxplorer.plugins.ip.nvic.MultiNvicIntPanel[,0,0,0x0,invalid,layout=javax.swing.BoxLayout,alignmentX=0.0,alignmentY=0.0,border=,flags=9,maximumSize=,minimumSize=,preferredSize=]
2025-12-16 16:19:22,668 [INFO] NvicIntPanel:101 - NVIC parent = com.st.microxplorer.plugins.ip.nvic.MultiNvicIntPanel[,0,0,0x0,invalid,layout=javax.swing.BoxLayout,alignmentX=0.0,alignmentY=0.0,border=,flags=9,maximumSize=,minimumSize=,preferredSize=]
2025-12-16 16:19:24,052 [INFO] NvicIntPanel:101 - NVIC parent = com.st.microxplorer.plugins.ip.nvic.MultiNvicIntPanel[,0,0,0x0,invalid,layout=javax.swing.BoxLayout,alignmentX=0.0,alignmentY=0.0,border=,flags=9,maximumSize=,minimumSize=,preferredSize=]
2025-12-16 16:19:29,656 [INFO] UtilMem:75 - End SaveConfig() Used Memory: 927711776 Bytes (1073741824)
2025-12-16 16:19:31,781 [INFO] LogOutputStream:77 - [STDOUT_REDIRECT] This download action requires prior login. To proceed, please use the 'login' command with your my.st.com account email and password.
2025-12-16 16:19:31,781 [INFO] LogOutputStream:77 - [STDOUT_REDIRECT] Run 'login <email> <password> <remember_me>' for example 'login john.smith@st.com mypassword y'.
2025-12-16 16:19:31,784 [INFO] LogOutputStream:77 - [STDOUT_REDIRECT] If you do not have a my.st.com account, please visit https://st.com website to create one.
2025-12-16 16:31:29,398 [INFO] WebApp:190 - Connection lost
2025-12-16 16:31:29,708 [INFO] WebApp:187 - Connection restablished
2025-12-16 16:32:20,874 [INFO] WebApp:190 - Connection lost
2025-12-16 16:32:21,160 [INFO] WebApp:187 - Connection restablished
2025-12-16 17:23:01,913 [ERROR] LogOutputStream:75 - [STDERR_REDIRECT] 
2025-12-16 17:38:35,800 [INFO] Activator:176 - 


2025-12-16 17:38:35,802 [INFO] Activator:177 - !SESSION log4j initialized
2025-12-16 17:38:42,045 [INFO] LogOutputStream:77 - [STDOUT_REDIRECT] 
2025-12-16 17:38:46,103 [INFO] McuFinderGlobals:63 - Set McuFinder mode to 2 (CubeIDE integrated)
2025-12-16 17:38:46,164 [INFO] ApplicationProperties:184 - Using Application install path: C:\ST\STM32CubeIDE_1.17.0\STM32CubeIDE\plugins\com.st.stm32cube.common.mx_6.13.0.202411220809
2025-12-16 17:38:46,181 [INFO] DbMcusXml:78 - Set database path to: C:\ST\STM32CubeIDE_1.17.0\STM32CubeIDE\plugins\com.st.stm32cube.common.mx_6.13.0.202411220809\\db\/mcu/
2025-12-16 17:38:46,181 [INFO] ApiDb:274 - Set plugin database path to: C:\ST\STM32CubeIDE_1.17.0\STM32CubeIDE\plugins\com.st.stm32cube.common.mx_6.13.0.202411220809\\db\/plugins/boardmanager/
2025-12-16 17:38:46,182 [WARN] ApiDb:259 - Overriding images path with different value:  => C:\ST\STM32CubeIDE_1.17.0\STM32CubeIDE\plugins\com.st.stm32cube.common.mx_6.13.0.202411220809\\db\/plugins/mcufinder/images/
2025-12-16 17:38:46,189 [INFO] ApiDb:250 - Set database path to: C:\Users\kamil\.stmcufinder\plugins\mcufinder//mcu/
2025-12-16 17:38:46,190 [INFO] DbMcusAds:125 - Set database path to: C:\Users\kamil\.stmcufinder\plugins\mcufinder//mcu/
2025-12-16 17:38:46,192 [INFO] CrossReferenceDbSqlite:203 - Set database path to: C:\Users\kamil\.stmcufinder\plugins\mcufinder//mcu/cs/
2025-12-16 17:38:46,310 [INFO] RulesReader:64 - Compatibility file has been processed (297 Rules)
2025-12-16 17:38:46,384 [INFO] DbMcusXml:78 - Set database path to: C:\ST\STM32CubeIDE_1.17.0\STM32CubeIDE\plugins\com.st.stm32cube.common.mx_6.13.0.202411220809\\db\/mcu/
2025-12-16 17:38:46,384 [INFO] ApiDb:274 - Set plugin database path to: C:\ST\STM32CubeIDE_1.17.0\STM32CubeIDE\plugins\com.st.stm32cube.common.mx_6.13.0.202411220809\\db\/plugins/boardmanager/
2025-12-16 17:38:46,384 [INFO] ApiDb:261 - Set plugin images path to: C:\ST\STM32CubeIDE_1.17.0\STM32CubeIDE\plugins\com.st.stm32cube.common.mx_6.13.0.202411220809\\db\/plugins/mcufinder/images/
2025-12-16 17:38:46,385 [WARN] DbFile:41 - Overriding database path with different value: C:\Users\kamil\.stmcufinder\plugins\mcufinder/ => C:\Users\kamil\.stmcufinder\plugins\mcufinder
2025-12-16 17:38:46,385 [INFO] ApiDb:250 - Set database path to: C:\Users\kamil\.stmcufinder\plugins\mcufinder//mcu/
2025-12-16 17:38:46,385 [WARN] DbFile:41 - Overriding database path with different value: C:\Users\kamil\.stmcufinder\plugins\mcufinder/ => C:\Users\kamil\.stmcufinder\plugins\mcufinder
2025-12-16 17:38:46,385 [INFO] DbMcusAds:125 - Set database path to: C:\Users\kamil\.stmcufinder\plugins\mcufinder//mcu/
2025-12-16 17:38:46,385 [WARN] DbFile:41 - Overriding database path with different value: C:\Users\kamil\.stmcufinder\plugins\mcufinder/ => C:\Users\kamil\.stmcufinder\plugins\mcufinder
2025-12-16 17:38:46,385 [WARN] DbFile:41 - Overriding database path with different value: C:\Users\kamil\.stmcufinder\plugins\mcufinder/ => C:\Users\kamil\.stmcufinder\plugins\mcufinder
2025-12-16 17:38:46,385 [INFO] CrossReferenceDbSqlite:203 - Set database path to: C:\Users\kamil\.stmcufinder\plugins\mcufinder//mcu/cs/
2025-12-16 17:38:46,452 [INFO] MainPanel:272 - HeapMemory: 268435456
2025-12-16 17:38:46,539 [INFO] DbMcusXml:78 - Set database path to: C:\ST\STM32CubeIDE_1.17.0\STM32CubeIDE\plugins\com.st.stm32cube.common.mx_6.13.0.202411220809\\db\/mcu/
2025-12-16 17:38:46,539 [INFO] ApiDb:274 - Set plugin database path to: C:\ST\STM32CubeIDE_1.17.0\STM32CubeIDE\plugins\com.st.stm32cube.common.mx_6.13.0.202411220809\\db\/plugins/boardmanager/
2025-12-16 17:38:46,540 [INFO] ApiDb:261 - Set plugin images path to: C:\ST\STM32CubeIDE_1.17.0\STM32CubeIDE\plugins\com.st.stm32cube.common.mx_6.13.0.202411220809\\db\/plugins/mcufinder/images/
2025-12-16 17:38:46,540 [WARN] DbFile:41 - Overriding database path with different value: C:\Users\kamil\.stmcufinder\plugins\mcufinder/ => C:\Users\kamil\.stmcufinder\plugins\mcufinder
2025-12-16 17:38:46,540 [INFO] ApiDb:250 - Set database path to: C:\Users\kamil\.stmcufinder\plugins\mcufinder//mcu/
2025-12-16 17:38:46,540 [WARN] DbFile:41 - Overriding database path with different value: C:\Users\kamil\.stmcufinder\plugins\mcufinder/ => C:\Users\kamil\.stmcufinder\plugins\mcufinder
2025-12-16 17:38:46,540 [INFO] DbMcusAds:125 - Set database path to: C:\Users\kamil\.stmcufinder\plugins\mcufinder//mcu/
2025-12-16 17:38:46,540 [WARN] DbFile:41 - Overriding database path with different value: C:\Users\kamil\.stmcufinder\plugins\mcufinder/ => C:\Users\kamil\.stmcufinder\plugins\mcufinder
2025-12-16 17:38:46,540 [WARN] DbFile:41 - Overriding database path with different value: C:\Users\kamil\.stmcufinder\plugins\mcufinder/ => C:\Users\kamil\.stmcufinder\plugins\mcufinder
2025-12-16 17:38:46,540 [INFO] CrossReferenceDbSqlite:203 - Set database path to: C:\Users\kamil\.stmcufinder\plugins\mcufinder//mcu/cs/
2025-12-16 17:38:46,555 [INFO] ApplicationProperties:184 - Using Application install path: C:\ST\STM32CubeIDE_1.17.0\STM32CubeIDE\plugins\com.st.stm32cube.common.mx_6.13.0.202411220809
2025-12-16 17:38:46,557 [INFO] PluginManage:196 - Search for loadable plugins [exclusion list=, ]
2025-12-16 17:38:46,558 [INFO] PluginManage:310 - Check plugin analytics
2025-12-16 17:38:46,706 [INFO] AnalyticsPlugin:253 - Accepted Software Licenses: 
2025-12-16 17:38:46,707 [INFO] AnalyticsPlugin:255 - Accepted CMSIS Pack Licenses: 
2025-12-16 17:38:46,707 [INFO] AnalyticsPlugin:257 - Accepted Firmware Licenses: FW.F7.1.17.0
2025-12-16 17:38:46,710 [INFO] PluginManage:359 - Loaded plugin analytics (category:tool,tabindex:-1)
2025-12-16 17:38:46,711 [INFO] PluginManage:310 - Check plugin cadmodel
2025-12-16 17:38:46,730 [INFO] CADModel:105 - Init CAD model plugin
2025-12-16 17:38:46,730 [INFO] PluginManage:359 - Loaded plugin cadmodel (category:power,tabindex:5)
2025-12-16 17:38:46,730 [INFO] PluginManage:310 - Check plugin clock
2025-12-16 17:38:46,751 [INFO] PluginManage:359 - Loaded plugin clock (category:base,tabindex:2)
2025-12-16 17:38:46,751 [INFO] PluginManage:310 - Check plugin ddr
2025-12-16 17:38:46,754 [INFO] PluginManage:359 - Loaded plugin ddr (category:tool,tabindex:6)
2025-12-16 17:38:46,754 [INFO] PluginManage:310 - Check plugin filemanager
2025-12-16 17:38:46,893 [INFO] PluginManage:359 - Loaded plugin filemanager (category:base,tabindex:10)
2025-12-16 17:38:46,893 [INFO] PluginManage:310 - Check plugin ipmanager
2025-12-16 17:38:46,900 [INFO] PluginManage:359 - Loaded plugin ipmanager (category:base,tabindex:5)
2025-12-16 17:38:46,900 [INFO] PluginManage:310 - Check plugin lpbam
2025-12-16 17:38:46,922 [INFO] PluginManage:359 - Loaded plugin lpbam (category:base,tabindex:0)
2025-12-16 17:38:46,922 [INFO] PluginManage:310 - Check plugin memorymap
2025-12-16 17:38:46,953 [INFO] PluginManage:359 - Loaded plugin memorymap (category:base,tabindex:4)
2025-12-16 17:38:46,953 [INFO] PluginManage:310 - Check plugin pinoutandconfiguration
2025-12-16 17:38:46,971 [INFO] PluginManage:359 - Loaded plugin pinoutandconfiguration (category:base,tabindex:1)
2025-12-16 17:38:46,972 [INFO] PluginManage:310 - Check plugin pinoutconfig
2025-12-16 17:38:47,064 [WARN] SupportedApi:132 - Cannot load RTOS API schema: s4s-elt-must-match.1: The content of 'definitions' must match (annotation?, (simpleType | complexType)?, (unique | key | keyref)*)). A problem was found starting at: attribute.
2025-12-16 17:38:47,188 [INFO] PluginManage:359 - Loaded plugin pinoutconfig (category:base,tabindex:0)
2025-12-16 17:38:47,188 [INFO] PluginManage:310 - Check plugin power
2025-12-16 17:38:47,208 [INFO] PluginManage:359 - Loaded plugin power (category:power,tabindex:4)
2025-12-16 17:38:47,208 [INFO] PluginManage:310 - Check plugin projectmanager
2025-12-16 17:38:47,224 [INFO] PluginManage:359 - Loaded plugin projectmanager (category:projectmanager,tabindex:4)
2025-12-16 17:38:47,224 [INFO] PluginManage:310 - Check plugin rif
2025-12-16 17:38:47,245 [INFO] PluginManage:359 - Loaded plugin rif (category:base,tabindex:3)
2025-12-16 17:38:47,245 [INFO] PluginManage:310 - Check plugin thirdparty
2025-12-16 17:38:47,562 [INFO] PluginManage:359 - Loaded plugin thirdparty (category:base,tabindex:-1)
2025-12-16 17:38:47,562 [INFO] PluginManage:310 - Check plugin tools
2025-12-16 17:38:47,562 [WARN] IntegrityCheckThread:84 - waiting for thirdparty lock release [integrity check]
2025-12-16 17:38:47,562 [INFO] IntegrityCheckThread:86 - entering critical section [integrity check]
2025-12-16 17:38:47,563 [INFO] ThirdPartyUpdaterWithRetryManager:70 - Updater plugin not ready yet. [1/15]
2025-12-16 17:38:47,607 [INFO] PluginManage:359 - Loaded plugin tools (category:base,tabindex:7)
2025-12-16 17:38:47,607 [INFO] PluginManage:310 - Check plugin tutovideos
2025-12-16 17:38:47,803 [INFO] PluginManage:359 - Loaded plugin tutovideos (category:base,tabindex:-1)
2025-12-16 17:38:47,803 [INFO] PluginManage:310 - Check plugin updater
2025-12-16 17:38:47,820 [INFO] PluginManage:359 - Loaded plugin updater (category:base,tabindex:12)
2025-12-16 17:38:47,820 [INFO] PluginManage:310 - Check plugin userauth
2025-12-16 17:38:47,825 [INFO] UserAuth:118 - Init User Auth plugin
2025-12-16 17:38:47,825 [INFO] PluginManage:359 - Loaded plugin userauth (category:base,tabindex:14)
2025-12-16 17:38:47,826 [INFO] PluginManage:283 - PluginManage : Loaded plugins [18]
2025-12-16 17:38:48,014 [INFO] PinOutPanel:1589 - setPackage(No Configuration,No Configuration)
2025-12-16 17:38:48,093 [INFO] CADModel:165 - CPN selected for project level
2025-12-16 17:38:48,093 [INFO] CADModel:114 - Register for checkConnection events
2025-12-16 17:38:48,122 [INFO] IPUIPlugin:80 - create IPUIPlugin
2025-12-16 17:38:48,122 [INFO] PluginManager:220 - loadIPPluginJar : add adc
2025-12-16 17:38:48,164 [INFO] IPUIPlugin:80 - create IPUIPlugin
2025-12-16 17:38:48,165 [INFO] PluginManager:220 - loadIPPluginJar : add aes
2025-12-16 17:38:48,213 [INFO] IPUIPlugin:80 - create IPUIPlugin
2025-12-16 17:38:48,213 [INFO] PluginManager:220 - loadIPPluginJar : add can
2025-12-16 17:38:48,245 [INFO] IPUIPlugin:80 - create IPUIPlugin
2025-12-16 17:38:48,245 [INFO] PluginManager:220 - loadIPPluginJar : add comp
2025-12-16 17:38:48,286 [INFO] IPUIPlugin:80 - create IPUIPlugin
2025-12-16 17:38:48,286 [INFO] PluginManager:220 - loadIPPluginJar : add cryp
2025-12-16 17:38:48,301 [INFO] IPUIPlugin:80 - create IPUIPlugin
2025-12-16 17:38:48,301 [INFO] PluginManager:220 - loadIPPluginJar : add ddr_ctrl_phy
2025-12-16 17:38:48,338 [INFO] IPUIPlugin:80 - create IPUIPlugin
2025-12-16 17:38:48,338 [INFO] PluginManager:220 - loadIPPluginJar : add dfsdm
2025-12-16 17:38:48,355 [INFO] IPUIPlugin:80 - create IPUIPlugin
2025-12-16 17:38:48,356 [INFO] PluginManager:220 - loadIPPluginJar : add dma
2025-12-16 17:38:48,403 [INFO] IPUIPlugin:80 - create IPUIPlugin
2025-12-16 17:38:48,403 [INFO] PluginManager:220 - loadIPPluginJar : add dma3
2025-12-16 17:38:48,451 [INFO] IPUIPlugin:80 - create IPUIPlugin
2025-12-16 17:38:48,451 [INFO] PluginManager:220 - loadIPPluginJar : add extmemmanager
2025-12-16 17:38:48,478 [INFO] IPUIPlugin:80 - create IPUIPlugin
2025-12-16 17:38:48,478 [INFO] PluginManager:220 - loadIPPluginJar : add fatfs
2025-12-16 17:38:48,532 [INFO] IPUIPlugin:80 - create IPUIPlugin
2025-12-16 17:38:48,532 [INFO] PluginManager:220 - loadIPPluginJar : add fmc
2025-12-16 17:38:48,551 [INFO] IPUIPlugin:80 - create IPUIPlugin
2025-12-16 17:38:48,551 [INFO] PluginManager:220 - loadIPPluginJar : add freertos
2025-12-16 17:38:48,584 [INFO] IPUIPlugin:80 - create IPUIPlugin
2025-12-16 17:38:48,585 [INFO] PluginManager:220 - loadIPPluginJar : add genericplugin
2025-12-16 17:38:48,694 [INFO] IPUIPlugin:80 - create IPUIPlugin
2025-12-16 17:38:48,694 [INFO] PluginManager:220 - loadIPPluginJar : add gfxmmu
2025-12-16 17:38:48,850 [INFO] IPUIPlugin:80 - create IPUIPlugin
2025-12-16 17:38:48,851 [INFO] PluginManager:220 - loadIPPluginJar : add gic
2025-12-16 17:38:48,865 [INFO] IPUIPlugin:80 - create IPUIPlugin
2025-12-16 17:38:48,866 [INFO] PluginManager:220 - loadIPPluginJar : add gpio
2025-12-16 17:38:48,968 [INFO] IPUIPlugin:80 - create IPUIPlugin
2025-12-16 17:38:48,969 [INFO] PluginManager:220 - loadIPPluginJar : add gtzc
2025-12-16 17:38:49,009 [INFO] IPUIPlugin:80 - create IPUIPlugin
2025-12-16 17:38:49,010 [INFO] PluginManager:220 - loadIPPluginJar : add hash
2025-12-16 17:38:49,073 [INFO] IPUIPlugin:80 - create IPUIPlugin
2025-12-16 17:38:49,073 [INFO] PluginManager:220 - loadIPPluginJar : add i2c
2025-12-16 17:38:49,119 [INFO] IPUIPlugin:80 - create IPUIPlugin
2025-12-16 17:38:49,119 [INFO] PluginManager:220 - loadIPPluginJar : add i2s
2025-12-16 17:38:49,168 [INFO] IPUIPlugin:80 - create IPUIPlugin
2025-12-16 17:38:49,169 [INFO] PluginManager:220 - loadIPPluginJar : add i3c
2025-12-16 17:38:49,274 [INFO] IPUIPlugin:80 - create IPUIPlugin
2025-12-16 17:38:49,274 [INFO] PluginManager:220 - loadIPPluginJar : add ipddr
2025-12-16 17:38:49,385 [INFO] IPUIPlugin:80 - create IPUIPlugin
2025-12-16 17:38:49,385 [INFO] PluginManager:220 - loadIPPluginJar : add linkedlist
2025-12-16 17:38:49,434 [INFO] IPUIPlugin:80 - create IPUIPlugin
2025-12-16 17:38:49,434 [INFO] PluginManager:220 - loadIPPluginJar : add lorawan
2025-12-16 17:38:49,479 [INFO] IPUIPlugin:80 - create IPUIPlugin
2025-12-16 17:38:49,479 [INFO] PluginManager:220 - loadIPPluginJar : add ltdc
2025-12-16 17:38:49,495 [INFO] IPUIPlugin:80 - create IPUIPlugin
2025-12-16 17:38:49,495 [INFO] PluginManager:220 - loadIPPluginJar : add mdma
2025-12-16 17:38:49,511 [INFO] IPUIPlugin:80 - create IPUIPlugin
2025-12-16 17:38:49,511 [INFO] PluginManager:220 - loadIPPluginJar : add nvic
2025-12-16 17:38:49,561 [INFO] IPUIPlugin:80 - create IPUIPlugin
2025-12-16 17:38:49,561 [INFO] PluginManager:220 - loadIPPluginJar : add opamp
2025-12-16 17:38:49,639 [INFO] IPUIPlugin:80 - create IPUIPlugin
2025-12-16 17:38:49,639 [INFO] PluginManager:220 - loadIPPluginJar : add openamp
2025-12-16 17:38:49,694 [INFO] IPUIPlugin:80 - create IPUIPlugin
2025-12-16 17:38:49,694 [INFO] PluginManager:220 - loadIPPluginJar : add pdm2pcm
2025-12-16 17:38:49,711 [INFO] IPUIPlugin:80 - create IPUIPlugin
2025-12-16 17:38:49,713 [INFO] PluginManager:220 - loadIPPluginJar : add plateformsettings
2025-12-16 17:38:49,743 [INFO] IPUIPlugin:80 - create IPUIPlugin
2025-12-16 17:38:49,743 [INFO] PluginManager:220 - loadIPPluginJar : add quadspi
2025-12-16 17:38:49,781 [INFO] IPUIPlugin:80 - create IPUIPlugin
2025-12-16 17:38:49,781 [INFO] PluginManager:220 - loadIPPluginJar : add radio
2025-12-16 17:38:49,797 [INFO] IPUIPlugin:80 - create IPUIPlugin
2025-12-16 17:38:49,797 [INFO] PluginManager:220 - loadIPPluginJar : add resmgrutility
2025-12-16 17:38:49,850 [INFO] IPUIPlugin:80 - create IPUIPlugin
2025-12-16 17:38:49,850 [INFO] PluginManager:220 - loadIPPluginJar : add sai
2025-12-16 17:38:49,899 [INFO] IPUIPlugin:80 - create IPUIPlugin
2025-12-16 17:38:49,899 [INFO] PluginManager:220 - loadIPPluginJar : add spi
2025-12-16 17:38:49,974 [INFO] IPUIPlugin:80 - create IPUIPlugin
2025-12-16 17:38:49,975 [INFO] PluginManager:220 - loadIPPluginJar : add stm32_wpan
2025-12-16 17:38:50,005 [INFO] IPUIPlugin:80 - create IPUIPlugin
2025-12-16 17:38:50,005 [INFO] PluginManager:220 - loadIPPluginJar : add tim
2025-12-16 17:38:50,076 [INFO] IPUIPlugin:80 - create IPUIPlugin
2025-12-16 17:38:50,076 [INFO] PluginManager:220 - loadIPPluginJar : add touchsensing
2025-12-16 17:38:50,104 [INFO] IPUIPlugin:80 - create IPUIPlugin
2025-12-16 17:38:50,105 [INFO] PluginManager:220 - loadIPPluginJar : add tracer_emb
2025-12-16 17:38:50,136 [INFO] IPUIPlugin:80 - create IPUIPlugin
2025-12-16 17:38:50,137 [INFO] PluginManager:220 - loadIPPluginJar : add ts
2025-12-16 17:38:50,166 [INFO] IPUIPlugin:80 - create IPUIPlugin
2025-12-16 17:38:50,166 [INFO] PluginManager:220 - loadIPPluginJar : add tsc
2025-12-16 17:38:50,192 [INFO] IPUIPlugin:80 - create IPUIPlugin
2025-12-16 17:38:50,192 [INFO] PluginManager:220 - loadIPPluginJar : add ucpd
2025-12-16 17:38:50,251 [INFO] IPUIPlugin:80 - create IPUIPlugin
2025-12-16 17:38:50,251 [INFO] PluginManager:220 - loadIPPluginJar : add usart
2025-12-16 17:38:50,304 [INFO] IPUIPlugin:80 - create IPUIPlugin
2025-12-16 17:38:50,304 [INFO] PluginManager:220 - loadIPPluginJar : add usbx
2025-12-16 17:38:50,419 [FATAL] Updater:351 - Updater called before beeing initialized
2025-12-16 17:38:50,437 [INFO] RulesReader:64 - Compatibility file has been processed (297 Rules)
2025-12-16 17:38:50,443 [INFO] RulesReader:64 - Compatibility file has been processed (297 Rules)
2025-12-16 17:38:50,454 [INFO] CADModel:165 - CPN selected for project level
2025-12-16 17:38:50,454 [INFO] CADModel:114 - Register for checkConnection events
2025-12-16 17:38:50,454 [FATAL] Updater:351 - Updater called before beeing initialized
2025-12-16 17:38:50,454 [ERROR] CADModel:125 - Updater not yet initialized, retry later 
2025-12-16 17:38:50,563 [INFO] ThirdPartyUpdaterWithRetryManager:70 - Updater plugin not ready yet. [2/15]
2025-12-16 17:38:50,576 [FATAL] Updater:351 - Updater called before beeing initialized
2025-12-16 17:38:50,578 [INFO] CADModel:165 - CPN selected for project level
2025-12-16 17:38:50,578 [INFO] CADModel:114 - Register for checkConnection events
2025-12-16 17:38:50,578 [FATAL] Updater:351 - Updater called before beeing initialized
2025-12-16 17:38:50,578 [ERROR] CADModel:125 - Updater not yet initialized, retry later 
2025-12-16 17:38:50,581 [FATAL] Updater:351 - Updater called before beeing initialized
2025-12-16 17:38:50,655 [FATAL] Updater:351 - Updater called before beeing initialized
2025-12-16 17:38:50,666 [INFO] DbMcusAds:53 - JSON generation date=Thu Oct 02 11:36:05 CEST 2025 (1759397765645)
2025-12-16 17:38:50,666 [FATAL] Updater:351 - Updater called before beeing initialized
2025-12-16 17:38:50,692 [WARN] DetailPanel:346 - Failed to get advertising image, set to default
2025-12-16 17:38:50,883 [FATAL] Updater:351 - Updater called before beeing initialized
2025-12-16 17:38:50,885 [FATAL] Updater:351 - Updater called before beeing initialized
2025-12-16 17:38:50,885 [FATAL] Updater:351 - Updater called before beeing initialized
2025-12-16 17:38:50,885 [WARN] DetailPanel:346 - Failed to get advertising image, set to default
2025-12-16 17:38:50,886 [FATAL] Updater:351 - Updater called before beeing initialized
2025-12-16 17:38:50,937 [ERROR] Updater:1198 - MainUpdater not yet initialized. External WinMGr cannot be set.
2025-12-16 17:38:50,948 [INFO] Updater:1134 - Updater Version found : 6.13.0
2025-12-16 17:38:50,961 [INFO] ApplicationProperties:184 - Using Application install path: C:\ST\STM32CubeIDE_1.17.0\STM32CubeIDE\plugins\com.st.stm32cube.common.mx_6.13.0.202411220809
2025-12-16 17:38:51,243 [INFO] MainUpdater:2872 - connection check result : 10
2025-12-16 17:38:51,244 [INFO] MainUpdater:289 - Updater Check For Update Now.
2025-12-16 17:38:51,244 [INFO] MicroXplorer:498 - Change Database Version : DB.6.0.130
2025-12-16 17:38:51,264 [INFO] McuFinderGlobals:63 - Set McuFinder mode to 2 (CubeIDE integrated)
2025-12-16 17:38:51,264 [INFO] UserAuth:171 - activating auth plugin
2025-12-16 17:38:51,267 [INFO] UserAuth:486 - Internet connection configuration mode: 1
2025-12-16 17:38:51,308 [INFO] JxBrowserEngine:152 - Initiate JxBrowser Engine with user profile folder
2025-12-16 17:38:51,442 [INFO] CheckServerUpdateThread:120 - End of CheckServer Thread
2025-12-16 17:38:51,477 [INFO] MainUpdater:2872 - connection check result : 10
2025-12-16 17:38:51,487 [INFO] MainUpdater:2872 - connection check result : 10
2025-12-16 17:38:51,676 [INFO] MicroXplorer:468 - Change Database Path : 
2025-12-16 17:38:51,676 [INFO] MicroXplorer:498 - Change Database Version : DB.6.0.130
2025-12-16 17:38:51,682 [WARN] ThirdParty:871 - waiting for thirdparty lock release [close project]
2025-12-16 17:38:52,196 [INFO] WebApp:168 - Instantiating new browser for Auth
2025-12-16 17:38:52,950 [INFO] WebApp:449 - Apply proxy settings
2025-12-16 17:38:52,950 [INFO] WebApp:534 - Chromium requires no authentication
2025-12-16 17:38:52,980 [INFO] WebApp:477 - Direct internet connection detected
2025-12-16 17:38:53,024 [INFO] WebApp:880 - Register for checkConnection events
2025-12-16 17:38:53,025 [INFO] WebApp:449 - Apply proxy settings
2025-12-16 17:38:53,025 [INFO] WebApp:534 - Chromium requires no authentication
2025-12-16 17:38:53,025 [INFO] WebApp:477 - Direct internet connection detected
2025-12-16 17:38:53,322 [INFO] WebApp:221 - Starting web application
2025-12-16 17:38:53,322 [INFO] WebApp:579 - Web application path used C:\ST\STM32CubeIDE_1.17.0\STM32CubeIDE\plugins\com.st.stm32cube.common.mx_6.13.0.202411220809\db\plugins\mcufinder\reactClient1\index.html
2025-12-16 17:38:53,563 [INFO] WebApp:187 - Connection restablished
2025-12-16 17:38:53,961 [WARN] PackLoader:240 - Cannot read IP mode file for STMicroelectronics.FP-SNS-MOTENVWB1.1.4.0
2025-12-16 17:38:53,986 [WARN] PackLoader:240 - Cannot read IP mode file for STMicroelectronics.FP-ATR-ASTRA1.2.0.2
2025-12-16 17:38:54,006 [WARN] PackLoader:240 - Cannot read IP mode file for STMicroelectronics.FP-ATR-ASTRA1.2.0.1
2025-12-16 17:38:54,034 [WARN] PackLoader:240 - Cannot read IP mode file for STMicroelectronics.X-CUBE-SMBUS.2.1.0
2025-12-16 17:38:54,057 [WARN] PackLoader:240 - Cannot read IP mode file for STMicroelectronics.X-CUBE-WB05N.1.1.0
2025-12-16 17:38:54,077 [WARN] PackLoader:240 - Cannot read IP mode file for STMicroelectronics.X-CUBE-ST60.1.0.0
2025-12-16 17:38:54,119 [WARN] PackLoader:240 - Cannot read IP mode file for STMicroelectronics.X-CUBE-AZRTOS-F7.1.1.0
2025-12-16 17:38:54,295 [WARN] PackLoader:240 - Cannot read IP mode file for STMicroelectronics.X-CUBE-MEMS1.11.0.0
2025-12-16 17:38:54,383 [ERROR] Engine:466 - C:\Users\kamil\.stm32cubemx\thirdparties\pdsc\STMicroelectronics.FP-SNS-MOTENV1.5.1.0.pdsc: PDSC version is not supported
2025-12-16 17:38:54,398 [WARN] PackLoader:240 - Cannot read IP mode file for STMicroelectronics.FP-SNS-FLIGHT1.5.0.2
2025-12-16 17:38:54,426 [WARN] PackLoader:240 - Cannot read IP mode file for STMicroelectronics.X-CUBE-AZRTOS-H7.3.4.0
2025-12-16 17:38:54,448 [WARN] PackLoader:240 - Cannot read IP mode file for STMicroelectronics.X-CUBE-DISPLAY.3.0.0
2025-12-16 17:38:54,474 [WARN] PackLoader:240 - Cannot read IP mode file for STMicroelectronics.X-CUBE-BLE1.7.0.0
2025-12-16 17:38:54,497 [WARN] PackLoader:240 - Cannot read IP mode file for STMicroelectronics.X-CUBE-NFC10.1.0.0
2025-12-16 17:38:54,547 [WARN] PackLoader:240 - Cannot read IP mode file for STMicroelectronics.X-CUBE-BLEMGR.4.0.0
2025-12-16 17:38:54,567 [WARN] PackLoader:240 - Cannot read IP mode file for STMicroelectronics.X-CUBE-ST60.1.1.0
2025-12-16 17:38:54,583 [WARN] PackLoader:240 - Cannot read IP mode file for emotas.I-CUBE-CANOPEN.1.3.0
2025-12-16 17:38:54,600 [WARN] PackLoader:240 - Cannot read IP mode file for STMicroelectronics.X-CUBE-GNSS1.7.1.0
2025-12-16 17:38:54,618 [WARN] PackLoader:240 - Cannot read IP mode file for STMicroelectronics.X-CUBE-BLEMGR.3.1.0
2025-12-16 17:38:54,636 [WARN] PackLoader:240 - Cannot read IP mode file for STMicroelectronics.X-CUBE-AI.10.0.0
2025-12-16 17:38:54,652 [ERROR] Engine:466 - C:\Users\kamil\.stm32cubemx\thirdparties\pdsc\STMicroelectronics.FP-SNS-STBOX1.2.1.0.pdsc: PDSC version is not supported
2025-12-16 17:38:54,667 [WARN] PackLoader:240 - Cannot read IP mode file for STMicroelectronics.FP-SNS-SMARTAG2.1.2.0
2025-12-16 17:38:54,679 [WARN] PackLoader:240 - Cannot read IP mode file for STMicroelectronics.FP-SNS-FLIGHT1.5.1.0
2025-12-16 17:38:54,719 [WARN] PackLoader:240 - Cannot read IP mode file for STMicroelectronics.X-CUBE-MEMS1.11.1.0
2025-12-16 17:38:54,806 [INFO] LogOutputStream:77 - [STDOUT_REDIRECT] 1 : Invalid condition id : UX_CORESTACK_Condition cause : null
2025-12-16 17:38:54,807 [INFO] LogOutputStream:77 - [STDOUT_REDIRECT] 1 : Invalid condition id : UX_CORESTACK_Condition cause : null
2025-12-16 17:38:54,808 [INFO] LogOutputStream:77 - [STDOUT_REDIRECT] 1 : Invalid condition id : UX_CORESTACK_Condition cause : null
2025-12-16 17:38:54,809 [INFO] LogOutputStream:77 - [STDOUT_REDIRECT] 1 : Invalid condition id : UX_CORESTACK_Condition cause : null
2025-12-16 17:38:54,810 [INFO] LogOutputStream:77 - [STDOUT_REDIRECT] 1 : Invalid condition id : UX_CORESTACK_Condition cause : null
2025-12-16 17:38:54,811 [WARN] PackLoader:240 - Cannot read IP mode file for STMicroelectronics.X-CUBE-AZRTOS-WL.2.0.0
2025-12-16 17:38:54,825 [WARN] PackLoader:240 - Cannot read IP mode file for STMicroelectronics.FP-SNS-MOTENV1.5.0.0
2025-12-16 17:38:54,855 [WARN] PackLoader:240 - Cannot read IP mode file for STMicroelectronics.X-CUBE-AZRTOS-H7RS.1.2.0
2025-12-16 17:38:54,870 [WARN] PackLoader:240 - Cannot read IP mode file for wolfSSL.I-CUBE-wolfMQTT.1.19.0
2025-12-16 17:38:54,891 [WARN] PackLoader:240 - Cannot read IP mode file for WES.I-CUBE-Cesium.1.3.0
2025-12-16 17:38:54,906 [WARN] PackLoader:240 - Cannot read IP mode file for STMicroelectronics.X-CUBE-BLE2.3.3.0
2025-12-16 17:38:54,956 [WARN] PackLoader:240 - Cannot read IP mode file for STMicroelectronics.X-CUBE-NFC9.1.0.0
2025-12-16 17:38:54,973 [WARN] PackLoader:240 - Cannot read IP mode file for STMicroelectronics.X-CUBE-BLE1.7.1.0
2025-12-16 17:38:54,988 [WARN] PackLoader:240 - Cannot read IP mode file for STMicroelectronics.X-CUBE-TCPP.4.1.0
2025-12-16 17:38:55,001 [ERROR] Engine:466 - C:\Users\kamil\.stm32cubemx\thirdparties\pdsc\STMicroelectronics.X-CUBE-FREERTOS.1.4.0.pdsc: PDSC version is not supported
2025-12-16 17:38:55,015 [WARN] PackLoader:240 - Cannot read IP mode file for STMicroelectronics.X-CUBE-EEPRMA1.5.2.0
2025-12-16 17:38:55,034 [ERROR] Engine:466 - C:\Users\kamil\.stm32cubemx\thirdparties\pdsc\STMicroelectronics.X-CUBE-ST67W61.1.1.0.pdsc: PDSC version is not supported
2025-12-16 17:38:55,082 [WARN] PackLoader:240 - Cannot read IP mode file for STMicroelectronics.X-CUBE-MEMS1.12.0.0
2025-12-16 17:38:55,155 [WARN] PackLoader:240 - Cannot read IP mode file for STMicroelectronics.X-CUBE-AZRTOS-G0.1.1.0
2025-12-16 17:38:55,172 [WARN] PackLoader:240 - Cannot read IP mode file for STMicroelectronics.X-CUBE-SAFEA1.1.2.2
2025-12-16 17:38:55,188 [WARN] PackLoader:240 - Cannot read IP mode file for STMicroelectronics.X-CUBE-NFC4.3.0.0
2025-12-16 17:38:55,210 [WARN] PackLoader:240 - Cannot read IP mode file for EmbeddedOffice.I-CUBE-FS-RTOS.1.0.1
2025-12-16 17:38:55,226 [WARN] PackLoader:240 - Cannot read IP mode file for STMicroelectronics.X-CUBE-WB05N.2.0.0
2025-12-16 17:38:55,242 [WARN] PackLoader:240 - Cannot read IP mode file for STMicroelectronics.X-CUBE-TCPP.4.2.0
2025-12-16 17:38:55,263 [WARN] PackLoader:240 - Cannot read IP mode file for RealThread.X-CUBE-RT-Thread_Nano.4.1.1
2025-12-16 17:38:55,280 [WARN] PackLoader:240 - Cannot read IP mode file for STMicroelectronics.FP-ATR-SIGFOX1.3.2.0
2025-12-16 17:38:55,300 [WARN] PackLoader:240 - Cannot read IP mode file for wolfSSL.I-CUBE-wolfSSL.5.7.2
2025-12-16 17:38:55,321 [WARN] ConditionMgr:438 - getConditionDescription Invalid condition id : Cortex-A Device cause : null
2025-12-16 17:38:55,339 [WARN] ConditionMgr:1044 - genDependencies : Invalid condition id : Cortex-A Device cause : null
2025-12-16 17:38:55,339 [WARN] ConditionMgr:1044 - genDependencies : Invalid condition id : Cortex-A Device cause : null
2025-12-16 17:38:55,339 [WARN] ConditionMgr:1044 - genDependencies : Invalid condition id : Cortex-A Device cause : null
2025-12-16 17:38:55,355 [WARN] PackLoader:240 - Cannot read IP mode file for STMicroelectronics.X-CUBE-EEPRMA1.5.1.0
2025-12-16 17:38:55,374 [WARN] PackLoader:240 - Cannot read IP mode file for ITTIA_DB.I-CUBE-ITTIADB.8.9.0
2025-12-16 17:38:55,395 [WARN] PackLoader:240 - Cannot read IP mode file for STMicroelectronics.X-CUBE-ST67W61.1.0.0
2025-12-16 17:38:55,413 [WARN] PackLoader:240 - Cannot read IP mode file for STMicroelectronics.X-CUBE-AI.10.2.0
2025-12-16 17:38:55,459 [WARN] PackLoader:240 - Cannot read IP mode file for SEGGER.I-CUBE-embOS.1.3.1
2025-12-16 17:38:55,494 [WARN] PackLoader:240 - Cannot read IP mode file for STMicroelectronics.X-CUBE-ALGOBUILD.1.4.0
2025-12-16 17:38:55,531 [WARN] PackLoader:240 - Cannot read IP mode file for STMicroelectronics.X-CUBE-MEMS1.11.3.0
2025-12-16 17:38:55,609 [WARN] PackLoader:240 - Cannot read IP mode file for STMicroelectronics.X-CUBE-AI.9.1.0
2025-12-16 17:38:55,624 [WARN] PackLoader:240 - Cannot read IP mode file for STMicroelectronics.X-CUBE-PM33A1.1.0.0
2025-12-16 17:38:55,651 [WARN] PackLoader:240 - Cannot read IP mode file for STMicroelectronics.X-CUBE-AZRTOS-F4.1.1.0
2025-12-16 17:38:55,666 [WARN] PackLoader:240 - Cannot read IP mode file for STMicroelectronics.X-CUBE-ISPU.2.1.0
2025-12-16 17:38:55,684 [ERROR] Engine:466 - C:\Users\kamil\.stm32cubemx\thirdparties\pdsc\STMicroelectronics.X-CUBE-IPS.3.2.0.pdsc: PDSC version is not supported
2025-12-16 17:38:55,700 [WARN] PackLoader:240 - Cannot read IP mode file for STMicroelectronics.X-CUBE-FREERTOS.1.2.0
2025-12-16 17:38:55,718 [WARN] PackLoader:240 - Cannot read IP mode file for STMicroelectronics.X-CUBE-NFC12.1.0.0
2025-12-16 17:38:55,747 [WARN] PackLoader:240 - Cannot read IP mode file for STMicroelectronics.X-CUBE-AZRTOS-L5.2.0.0
2025-12-16 17:38:55,766 [WARN] PackLoader:240 - Cannot read IP mode file for STMicroelectronics.X-CUBE-NFC6.3.1.0
2025-12-16 17:38:55,782 [WARN] PackLoader:240 - Cannot read IP mode file for STMicroelectronics.X-CUBE-DPower.1.2.0
2025-12-16 17:38:55,797 [WARN] PackLoader:240 - Cannot read IP mode file for STMicroelectronics.X-CUBE-FREERTOS.1.3.1
2025-12-16 17:38:55,814 [WARN] PackLoader:240 - Cannot read IP mode file for STMicroelectronics.X-CUBE-FREERTOS.1.3.0
2025-12-16 17:38:55,831 [WARN] PackLoader:240 - Cannot read IP mode file for STMicroelectronics.X-CUBE-NFC7.1.0.1
2025-12-16 17:38:55,846 [WARN] PackLoader:240 - Cannot read IP mode file for STMicroelectronics.X-CUBE-TOUCHGFX.4.26.0
2025-12-16 17:38:55,863 [WARN] PackLoader:240 - Cannot read IP mode file for STMicroelectronics.FP-SNS-STAIOTCFT.1.0.0
2025-12-16 17:38:55,879 [WARN] PackLoader:240 - Cannot read IP mode file for STMicroelectronics.X-CUBE-DPower.1.3.0
2025-12-16 17:38:55,911 [WARN] ConditionMgr:438 - getConditionDescription Invalid condition id : LAN8742 Phy interface Condition cause : null
2025-12-16 17:38:55,912 [WARN] PackLoader:240 - Cannot read IP mode file for STMicroelectronics.X-CUBE-AZRTOS-L4.2.0.0
2025-12-16 17:38:55,913 [WARN] ConditionMgr:1044 - genDependencies : Invalid condition id : LAN8742 Phy interface Condition cause : null
2025-12-16 17:38:55,913 [WARN] ConditionMgr:1044 - genDependencies : Invalid condition id : LAN8742 Phy interface Condition cause : null
2025-12-16 17:38:55,913 [WARN] ConditionMgr:1044 - genDependencies : Invalid condition id : LAN8742 Phy interface Condition cause : null
2025-12-16 17:38:55,929 [WARN] PackLoader:240 - Cannot read IP mode file for STMicroelectronics.X-CUBE-SFXS2LP1.4.0.0
2025-12-16 17:38:55,952 [WARN] PackLoader:240 - Cannot read IP mode file for STMicroelectronics.X-CUBE-AZRTOS-H7.3.3.0
2025-12-16 17:38:55,972 [WARN] PackLoader:240 - Cannot read IP mode file for STMicroelectronics.X-CUBE-BLEMGR.4.1.0
2025-12-16 17:38:55,994 [WARN] PackLoader:240 - Cannot read IP mode file for STMicroelectronics.X-CUBE-IPS.3.0.0
2025-12-16 17:38:56,018 [WARN] ConditionMgr:438 - getConditionDescription Invalid condition id : UX DEVICE CLASS RTOS Condition cause : null
2025-12-16 17:38:56,018 [WARN] ConditionMgr:438 - getConditionDescription Invalid condition id : UX DEVICE CLASS RTOS Condition cause : null
2025-12-16 17:38:56,019 [WARN] PackLoader:240 - Cannot read IP mode file for STMicroelectronics.X-CUBE-AZRTOS-WB.2.0.0
2025-12-16 17:38:56,020 [WARN] ConditionMgr:1044 - genDependencies : Invalid condition id : UX DEVICE CLASS RTOS Condition cause : null
2025-12-16 17:38:56,020 [WARN] ConditionMgr:1044 - genDependencies : Invalid condition id : UX DEVICE CLASS RTOS Condition cause : null
2025-12-16 17:38:56,020 [WARN] ConditionMgr:1044 - genDependencies : Invalid condition id : UX DEVICE CLASS RTOS Condition cause : null
2025-12-16 17:38:56,020 [WARN] ConditionMgr:1044 - genDependencies : Invalid condition id : UX DEVICE CLASS RTOS Condition cause : null
2025-12-16 17:38:56,020 [WARN] ConditionMgr:1044 - genDependencies : Invalid condition id : UX DEVICE CLASS RTOS Condition cause : null
2025-12-16 17:38:56,035 [WARN] PackLoader:240 - Cannot read IP mode file for STMicroelectronics.X-CUBE-GNSS1.7.0.0
2025-12-16 17:38:56,051 [WARN] PackLoader:240 - Cannot read IP mode file for STMicroelectronics.X-CUBE-GNSS1.7.0.1
2025-12-16 17:38:56,064 [WARN] PackLoader:240 - Cannot read IP mode file for STMicroelectronics.X-CUBE-TOUCHGFX.4.25.0
2025-12-16 17:38:56,079 [WARN] PackLoader:240 - Cannot read IP mode file for STMicroelectronics.FP-SNS-STBOX1.2.0.0
2025-12-16 17:38:56,096 [WARN] PackLoader:240 - Cannot read IP mode file for STMicroelectronics.X-CUBE-SUBG2.5.0.0
2025-12-16 17:38:56,125 [WARN] PackLoader:240 - Cannot read IP mode file for STMicroelectronics.X-CUBE-AZRTOS-H7RS.1.1.0
2025-12-16 17:38:56,140 [WARN] PackLoader:240 - Cannot read IP mode file for Cesanta.I-CUBE-Mongoose.7.13.0
2025-12-16 17:38:56,159 [WARN] PackLoader:240 - Cannot read IP mode file for STMicroelectronics.X-CUBE-AZRTOS-G4.2.0.0
2025-12-16 17:38:56,171 [WARN] PackLoader:240 - Cannot read IP mode file for STMicroelectronics.X-CUBE-NFC7.2.0.0
2025-12-16 17:38:56,190 [WARN] PackLoader:240 - Cannot read IP mode file for STMicroelectronics.X-CUBE-IPS.3.1.0
2025-12-16 17:38:56,208 [WARN] PackLoader:240 - Cannot read IP mode file for STMicroelectronics.X-CUBE-ALS.1.0.2
2025-12-16 17:38:56,222 [WARN] PackLoader:240 - Cannot read IP mode file for STMicroelectronics.X-CUBE-TOUCHGFX.4.24.1
2025-12-16 17:38:56,238 [WARN] PackLoader:240 - Cannot read IP mode file for STMicroelectronics.X-CUBE-STSE01.1.0.0
2025-12-16 17:38:56,251 [WARN] PackLoader:240 - Cannot read IP mode file for wolfSSL.I-CUBE-wolfTPM.3.4.0
2025-12-16 17:38:56,265 [WARN] PackLoader:240 - Cannot read IP mode file for portGmbH.I-Cube-SoM-uGOAL.1.1.0
2025-12-16 17:38:56,287 [WARN] PackLoader:240 - Cannot read IP mode file for STMicroelectronics.X-CUBE-AZRTOS-H7RS.1.0.0
2025-12-16 17:38:56,302 [WARN] PackLoader:240 - Cannot read IP mode file for STMicroelectronics.FP-ATR-ASTRA1.2.0.0
2025-12-16 17:38:56,320 [WARN] PackLoader:240 - Cannot read IP mode file for STMicroelectronics.X-CUBE-TOF1.3.4.2
2025-12-16 17:38:56,345 [WARN] PackLoader:240 - Cannot read IP mode file for STMicroelectronics.X-CUBE-TOF1.3.4.3
2025-12-16 17:38:56,385 [WARN] PackLoader:240 - Cannot read IP mode file for Infineon.AIROC-Wi-Fi-Bluetooth-STM32.1.6.1
2025-12-16 17:38:56,404 [WARN] PackLoader:240 - Cannot read IP mode file for wolfSSL.I-CUBE-wolfSSH.1.4.17
2025-12-16 17:38:56,404 [INFO] ThirdParty:978 - Integrity check success = true
2025-12-16 17:38:56,404 [INFO] IntegrityCheckThread:100 - exiting critical section [integrity check]
2025-12-16 17:38:56,404 [INFO] IntegrityCheckThread:103 - End integrity checks thread
2025-12-16 17:38:56,405 [INFO] ThirdParty:873 - entering critical section [close project]
2025-12-16 17:38:56,405 [INFO] ThirdParty:883 - exiting critical section [close project]
2025-12-16 17:38:56,408 [INFO] PinOutPanel:1589 - setPackage(No Configuration,No Configuration)
2025-12-16 17:38:56,412 [INFO] UtilMem:75 - Begin LoadConfig() Used Memory: 195359032 Bytes (314572800)
2025-12-16 17:38:56,413 [INFO] MicroXplorer:468 - Change Database Path : 
2025-12-16 17:38:56,415 [INFO] MicroXplorer:498 - Change Database Version : DB.6.0.130
2025-12-16 17:38:56,415 [INFO] OpenFileManager:332 - Change cursor
2025-12-16 17:38:56,447 [INFO] Mcu:2035 - Initializing MCU STM32H743IITx STM32H743IITx STM32H743IIT6
2025-12-16 17:38:59,877 [INFO] Context:748 - Trying to add GPIOservice into a context  which must be forbidden
2025-12-16 17:39:01,254 [INFO] RtosManager:555 - Registered RTOS mode: class=CMSIS, group=RTOS, mode=CMSIS_V1, owner=FREERTOS
2025-12-16 17:39:01,255 [INFO] RtosManager:555 - Registered RTOS mode: class=CMSIS, group=RTOS2, mode=CMSIS_V2, owner=FREERTOS
2025-12-16 17:39:01,255 [INFO] RtosManager:555 - Registered RTOS mode: class=RTOS, group=Core, mode=CMSIS_V1, owner=FREERTOS
2025-12-16 17:39:01,255 [INFO] RtosManager:555 - Registered RTOS mode: class=RTOS, group=Core, mode=CMSIS_V2, owner=FREERTOS
2025-12-16 17:39:01,255 [WARN] ModelIntegratedComponent:184 - Missing modes for component STMicroelectronics:FreeRTOS:0.0.1:STMicroelectronics:RTOS:FreeRTOS:Core:::10.2.0:
2025-12-16 17:39:01,260 [WARN] ModelIntegratedComponent:63 - No mode defined for component null
2025-12-16 17:39:01,260 [WARN] ModelIntegratedComponent:63 - No mode defined for component null
2025-12-16 17:39:01,260 [WARN] ModelIntegratedComponent:63 - No mode defined for component null
2025-12-16 17:39:01,260 [WARN] ModelIntegratedComponent:63 - No mode defined for component null
2025-12-16 17:39:01,260 [WARN] ModelIntegratedComponent:63 - No mode defined for component null
2025-12-16 17:39:01,260 [WARN] ModelIntegratedComponent:63 - No mode defined for component null
2025-12-16 17:39:01,260 [WARN] ModelIntegratedComponent:63 - No mode defined for component null
2025-12-16 17:39:01,260 [WARN] ModelIntegratedComponent:63 - No mode defined for component null
2025-12-16 17:39:01,260 [WARN] ModelIntegratedComponent:63 - No mode defined for component null
2025-12-16 17:39:01,260 [WARN] ModelIntegratedComponent:63 - No mode defined for component null
2025-12-16 17:39:01,260 [WARN] ModelIntegratedComponent:63 - No mode defined for component null
2025-12-16 17:39:01,260 [WARN] ModelIntegratedComponent:63 - No mode defined for component null
2025-12-16 17:39:01,260 [WARN] ModelIntegratedComponent:63 - No mode defined for component null
2025-12-16 17:39:01,260 [WARN] ModelIntegratedComponent:63 - No mode defined for component null
2025-12-16 17:39:01,260 [WARN] ModelIntegratedComponent:63 - No mode defined for component null
2025-12-16 17:39:01,260 [WARN] ModelIntegratedComponent:63 - No mode defined for component null
2025-12-16 17:39:01,260 [WARN] ModelIntegratedComponent:63 - No mode defined for component null
2025-12-16 17:39:01,260 [WARN] ModelIntegratedComponent:63 - No mode defined for component null
2025-12-16 17:39:01,260 [WARN] ModelIntegratedComponent:63 - No mode defined for component null
2025-12-16 17:39:01,260 [WARN] ModelIntegratedComponent:63 - No mode defined for component null
2025-12-16 17:39:01,260 [WARN] ModelIntegratedComponent:63 - No mode defined for component null
2025-12-16 17:39:01,260 [WARN] ModelIntegratedComponent:63 - No mode defined for component null
2025-12-16 17:39:01,260 [WARN] ModelIntegratedComponent:63 - No mode defined for component null
2025-12-16 17:39:01,260 [WARN] ModelIntegratedComponent:63 - No mode defined for component null
2025-12-16 17:39:01,261 [WARN] ModelIntegratedComponent:63 - No mode defined for component null
2025-12-16 17:39:01,261 [WARN] ModelIntegratedComponent:63 - No mode defined for component null
2025-12-16 17:39:01,261 [WARN] ModelIntegratedComponent:63 - No mode defined for component null
2025-12-16 17:39:01,261 [WARN] ModelIntegratedComponent:63 - No mode defined for component null
2025-12-16 17:39:01,261 [WARN] ModelIntegratedComponent:63 - No mode defined for component null
2025-12-16 17:39:01,261 [WARN] ModelIntegratedComponent:63 - No mode defined for component null
2025-12-16 17:39:01,261 [WARN] ModelIntegratedComponent:63 - No mode defined for component null
2025-12-16 17:39:01,261 [WARN] ModelIntegratedComponent:63 - No mode defined for component null
2025-12-16 17:39:01,261 [WARN] ModelIntegratedComponent:63 - No mode defined for component null
2025-12-16 17:39:01,261 [WARN] ModelIntegratedComponent:63 - No mode defined for component null
2025-12-16 17:39:01,261 [WARN] ModelIntegratedComponent:63 - No mode defined for component null
2025-12-16 17:39:01,261 [WARN] ModelPack:524 - Component already loaded: STMicroelectronics:HAL Drivers:0.0.0:STMicroelectronics:Device:STMicro_Driver:XSPI:HAL::0.0.1:HAL_XSPI
2025-12-16 17:39:01,396 [INFO] ThirdPartyModel:298 - Start build external matchings
2025-12-16 17:39:02,164 [INFO] ThirdPartyModel:316 - End build external matchings
2025-12-16 17:39:02,188 [INFO] ImportTextPane:218 - (OptionalMessage_ERROR) IP (RCC) : Parameter (ADCFreq_Value) has invalid value (129000000)
2025-12-16 17:39:02,195 [INFO] ImportTextPane:218 - (OptionalMessage_ERROR) IP (RCC) : Invalid parameter (FamilyName)
2025-12-16 17:39:02,195 [INFO] ImportTextPane:218 - (OptionalMessage_ERROR) IP (RCC) : Parameter (LPTIM1Freq_Value) has invalid value (64000000)
2025-12-16 17:39:02,195 [INFO] ImportTextPane:218 - (OptionalMessage_ERROR) IP (RCC) : Parameter (LPTIM2Freq_Value) has invalid value (64000000)
2025-12-16 17:39:02,195 [INFO] ImportTextPane:218 - (OptionalMessage_ERROR) IP (RCC) : Parameter (LPTIM345Freq_Value) has invalid value (64000000)
2025-12-16 17:39:02,195 [INFO] ImportTextPane:218 - (OptionalMessage_ERROR) IP (RCC) : Parameter (LPUART1Freq_Value) has invalid value (64000000)
2025-12-16 17:39:02,195 [INFO] ImportTextPane:218 - (OptionalMessage_ERROR) IP (RCC) : Parameter (SPI45Freq_Value) has invalid value (64000000)
2025-12-16 17:39:02,195 [INFO] ImportTextPane:218 - (OptionalMessage_ERROR) IP (RCC) : Parameter (SPI6Freq_Value) has invalid value (64000000)
2025-12-16 17:39:02,195 [INFO] ImportTextPane:218 - (OptionalMessage_ERROR) IP (RCC) : Parameter (SWPMI1Freq_Value) has invalid value (64000000)
2025-12-16 17:39:02,196 [INFO] ImportTextPane:218 - (OptionalMessage_ERROR) IP (RCC) : Parameter (USART16Freq_Value) has invalid value (64000000)
2025-12-16 17:39:02,196 [INFO] ImportTextPane:218 - (OptionalMessage_ERROR) IP (RCC) : Parameter (USART234578Freq_Value) has invalid value (64000000)
2025-12-16 17:39:02,923 [INFO] ApiDb:581 - Connected to CubeFinder SQLite database (C:\Users\kamil\.stmcufinder\plugins\mcufinder\mcu\cube-finder-db.db)
2025-12-16 17:39:02,997 [INFO] ApiDb:668 - CubeFinder database Data Model version=2.1
2025-12-16 17:39:02,997 [INFO] ApiDb:669 - CubeFinder database Configuration version=3.0.39
2025-12-16 17:39:02,997 [INFO] ApiDb:670 - CubeFinder database generation date=2025-08-25 (1756130511)
2025-12-16 17:39:02,997 [INFO] ApiDb:671 - CubeFinder database FW Pack versions=[FP-ATR-ASTRA1_V2.0.0, FP-SNS-FLIGHT1_V5.1.0, FP-SNS-MOTENV1_V5.0.0, FP-SNS-MOTENVWB1_V1.4.0, FP-SNS-SMARTAG2_V1.2.0, FP-SNS-STBOX1_V2.1.0, STM32Cube_FW_C0_V1.4.0, STM32Cube_FW_F4_V1.28.3, STM32Cube_FW_F7_V1.17.4, STM32Cube_FW_G0_V1.6.2, STM32Cube_FW_G4_V1.6.1, STM32Cube_FW_H5_V1.5.0, STM32Cube_FW_H7RS_V1.2.0, STM32Cube_FW_H7_V1.12.1, STM32Cube_FW_L0_V1.12.2, STM32Cube_FW_L4_V1.18.1, STM32Cube_FW_L5_V1.5.1, STM32Cube_FW_N6_V1.2.0, STM32Cube_FW_U0_V1.3.0, STM32Cube_FW_U3_V1.2.0, STM32Cube_FW_U5_V1.8.0, STM32Cube_FW_WB0_V1.3.0, STM32Cube_FW_WBA_V1.7.0, STM32Cube_FW_WB_V1.23.0, STM32Cube_FW_WL3_V1.2.0, STM32Cube_FW_WL_V1.3.1, X-CUBE-ALGOBUILD_V1.4.0, X-CUBE-ALS_V1.0.2, X-CUBE-AZRTOS-F4_V1.1.0, X-CUBE-AZRTOS-F7_V1.1.0, X-CUBE-AZRTOS-G0_V1.1.0, X-CUBE-AZRTOS-G4_V2.0.0, X-CUBE-AZRTOS-H7RS_V1.1.0, X-CUBE-AZRTOS-H7_V3.4.0, X-CUBE-AZRTOS-L4_V2.0.0, X-CUBE-AZRTOS-L5_V2.0.0, X-CUBE-AZRTOS-WB_V2.0.0, X-CUBE-AZRTOS-WL_V2.0.0, X-CUBE-BLE1_V7.1.0, X-CUBE-BLE2_V3.3.0, X-CUBE-BLEMGR_V4.1.0, X-CUBE-EEPRMA1_V5.2.0, X-CUBE-FREERTOS_V1.3.1, X-CUBE-GNSS1_V6.0.0, X-CUBE-MEMS1_V11.3.0, X-CUBE-NFC4_V3.0.0, X-CUBE-NFC7_V2.0.0, X-CUBE-SFXS2LP1_V4.0.0, X-CUBE-ST67W61_V1.0.0, X-CUBE-SUBG2_V5.0.0, X-CUBE-TOF1_V3.4.3]
2025-12-16 17:39:03,096 [INFO] DbBoardsSqlite:226 - include board P-NUCLEO-WB55-NUCLEO as a kit item of type 'Nucleo-64'
2025-12-16 17:39:03,097 [INFO] DbBoardsSqlite:226 - include board P-NUCLEO-WB55-USBDONGLE as a kit item of type 'Nucleo USB Dongle'
2025-12-16 17:39:03,098 [INFO] DbBoardsSqlite:226 - include board STEVAL-IDP005V1 as a kit item of type 'Evaluation Board'
2025-12-16 17:39:03,098 [INFO] DbBoardsSqlite:226 - include board STEVAL-IDP005V2 as a kit item of type 'Evaluation Board'
2025-12-16 17:39:03,344 [INFO] ApiDb:240 - Found 858 in-development CPN: [B-G473E-ZEST1S, B-WB1M-WPAN1, B-WBA5M-WPAN, B-WL5M-SUBG1, NUCLEO-C031C6, NUCLEO-C051C8, NUCLEO-C071RB, NUCLEO-C092RC, NUCLEO-H503RB, NUCLEO-H533RE, NUCLEO-H563ZI, NUCLEO-H7S3L8, NUCLEO-N657X0-Q, NUCLEO-U031R8, NUCLEO-U083RC, NUCLEO-U385RG-Q, NUCLEO-U545RE-Q, NUCLEO-U5A5ZJ-Q, NUCLEO-WB05KZ, NUCLEO-WB07CC, NUCLEO-WB09KE, NUCLEO-WBA52CG, NUCLEO-WBA55CG, NUCLEO-WL33CC1, NUCLEO-WL33CC2, STEVAL-PROTEUS1, STEVAL-SMARTAG2, STEVAL-STWINBX1, STM320518-EVAL, STM32C0116-DK, STM32C011D6Y3TR, STM32C011D6Y6TR, STM32C011F4P3, STM32C011F4P6, STM32C011F4U3, STM32C011F4U6TR, STM32C011F6P3, STM32C011F6P6, STM32C011F6U3, STM32C011F6U6TR, STM32C011J4M3, STM32C011J4M6, STM32C011J6M3, STM32C011J6M6, STM32C0316-DK, STM32C031C4T3, STM32C031C4T6, STM32C031C4U3, STM32C031C4U6, STM32C031C6T3, STM32C031C6T6, STM32C031C6U3, STM32C031C6U6, STM32C031F4P3, STM32C031F4P6, STM32C031F6P3, STM32C031F6P6, STM32C031G4U3, STM32C031G4U6, STM32C031G6U3, STM32C031G6U6, STM32C031K4T3, STM32C031K4T6, STM32C031K4U3, STM32C031K4U6, STM32C031K6T3, STM32C031K6T6, STM32C031K6U3, STM32C031K6U6, STM32C051C6T6, STM32C051C6U6, STM32C051C8T6, STM32C051C8U6, STM32C051D8Y6TR, STM32C051F6P6, STM32C051F8P6, STM32C051G6U6, STM32C051G8U6, STM32C051K6T6, STM32C051K6U6, STM32C051K8T6, STM32C071C8T6, STM32C071C8T6N, STM32C071C8U6, STM32C071C8U6N, STM32C071CBT6, STM32C071CBT6N, STM32C071CBU6, STM32C071CBU6N, STM32C071F8P6, STM32C071F8P6N, STM32C071FBP6, STM32C071FBP6N, STM32C071FBY6TR, STM32C071G8U6, STM32C071G8U6N, STM32C071GBU6, STM32C071GBU6N, STM32C071K8T6, STM32C071K8T6N, STM32C071K8U6, STM32C071K8U6N, STM32C071KBT6, STM32C071KBT6N, STM32C071KBU6, STM32C071KBU6N, STM32C071R8T6, STM32C071R8T6N, STM32C071RBI6N, STM32C071RBT6, STM32C071RBT6N, STM32C091CBT6, STM32C091CBU6, STM32C091CCT6, STM32C091CCU6, STM32C091ECY6TR, STM32C091FBP6, STM32C091FCP6, STM32C091GBU6, STM32C091GCU6, STM32C091KBT6, STM32C091KBU6, STM32C091KCT6, STM32C091KCU6, STM32C091RBT6, STM32C091RCI6, STM32C091RCT6, STM32C092CBT6, STM32C092CBU6, STM32C092CCT6, STM32C092CCU6, STM32C092ECY6TR, STM32C092FBP6, STM32C092FCP6, STM32C092GBU6, STM32C092GCU6, STM32C092KBT6, STM32C092KBU6, STM32C092KCT6, STM32C092KCU6, STM32C092RBT6, STM32C092RCI6, STM32C092RCT6, STM32G071K8TXN, STM32G071K8UXN, STM32G081GBU6N, STM32G081KBT6N, STM32G081KBUXN, STM32G0B1CCT6N, STM32G0B1KCT6, STM32G0B1NEY6TR, STM32G0B1RCT6N, STM32G0C1CCT6, STM32G0C1CCT6N, STM32G0C1CCU6N, STM32G0C1CET6N, STM32G0C1CEU6N, STM32G0C1KCT6, STM32G0C1NEY6TR, STM32G0C1RCI6N, STM32G0C1RCT6N, STM32G0C1REI6N, STM32G0C1RET6N, STM32G0C1VCI6, STM32G0C1VEI6, STM32G411C6T3, STM32G411C6T6, STM32G411C6U3, STM32G411C6U6, STM32G411C8T3, STM32G411C8T6, STM32G411C8U3, STM32G411C8U6, STM32G411CBT3, STM32G411CBT6, STM32G411CBU3, STM32G411CBU6, STM32G411CCT3, STM32G411CCT6, STM32G411CCU3, STM32G411CCU6, STM32G411K6T3, STM32G411K6T6, STM32G411K6U3, STM32G411K6U6, STM32G411K8T3, STM32G411K8T6, STM32G411K8U3, STM32G411K8U6, STM32G411KBT3, STM32G411KBT6, STM32G411KBU3, STM32G411KBU6, STM32G411M6T3, STM32G411M6T6, STM32G411M8T3, STM32G411M8T6, STM32G411MBT3, STM32G411MBT6, STM32G411MCT3, STM32G411MCT6, STM32G411R6T3, STM32G411R6T6, STM32G411R8T3, STM32G411R8T6, STM32G411RBT3, STM32G411RBT6, STM32G411RCT3, STM32G411RCT6, STM32G414CBT3, STM32G414CBT6, STM32G414CBU3, STM32G414CBU6, STM32G414CCT3, STM32G414CCT6, STM32G414CCU3, STM32G414CCU6, STM32G414MBT3, STM32G414MBT6, STM32G414MCT3, STM32G414MCT6, STM32G414RBT3, STM32G414RBT6, STM32G414RCT3, STM32G414RCT6, STM32G414VBT3, STM32G414VBT6, STM32G414VCT3, STM32G414VCT6, STM32G431CBT3Z, STM32G431RBT3Z, STM32G471CCT6, STM32G471CCU6, STM32G471CET3, STM32G471CET6, STM32G471CEU3, STM32G471CEU6, STM32G471MCT6, STM32G471MET3, STM32G471MET6, STM32G471MEY6TR, STM32G471QCT6, STM32G471QET3, STM32G471RCT6, STM32G471RET3, STM32G471RET6, STM32G471VCH6, STM32G471VCI6, STM32G471VCT6, STM32G471VEH3, STM32G471VEH6, STM32G471VEI3, STM32G471VEI6, STM32G471VET3, STM32G471VET6, STM32G473QET3Z, STM32G473RET3Z, STM32G474CCT6, STM32G491RET3Z, STM32H503CBT6, STM32H503CBU6, STM32H503EBY6TR, STM32H503KBU6, STM32H503RBT6, STM32H523CCT6, STM32H523CCU6, STM32H523CET6, STM32H523CEU6, STM32H523HEY6TR, STM32H523RCT6, STM32H523RET6, STM32H523VCI6, STM32H523VCT6, STM32H523VEI6, STM32H523VET6, STM32H523ZCJ6, STM32H523ZCT6, STM32H523ZEJ6, STM32H523ZET6, STM32H533CET6, STM32H533CEU6, STM32H533HEY6TR, STM32H533RET6, STM32H533VEI6, STM32H533VET6, STM32H533ZEJ6, STM32H533ZET6, STM32H562AGI6, STM32H562AII6, STM32H562IGK6, STM32H562IGT6, STM32H562IIK6, STM32H562IIT6, STM32H562RGT6, STM32H562RGV6, STM32H562RIT6, STM32H562RIV6, STM32H562VGT6, STM32H562VIT6, STM32H562ZGT6, STM32H562ZIT6, STM32H563AGI6, STM32H563AII3Q, STM32H563AII6, STM32H563IGK6, STM32H563IGT6, STM32H563IIK3Q, STM32H563IIK6, STM32H563IIT3Q, STM32H563IIT6, STM32H563MIY3QTR, STM32H563RGT6, STM32H563RGV6, STM32H563RIT6, STM32H563RIV6, STM32H563VGT6, STM32H563VIT3Q, STM32H563VIT6, STM32H563ZGT6, STM32H563ZIT3Q, STM32H563ZIT6, STM32H573AII3Q, STM32H573AII6, STM32H573I-DK, STM32H573IIK3Q, STM32H573IIK6, STM32H573IIT3Q, STM32H573IIT6, STM32H573MIY3QTR, STM32H573RIT6, STM32H573RIV6, STM32H573VIT3Q, STM32H573VIT6, STM32H573ZIT3Q, STM32H573ZIT6, STM32H7R3A8I6, STM32H7R3I8K6, STM32H7R3I8T6, STM32H7R3L8H6, STM32H7R3L8H6H, STM32H7R3R8V6, STM32H7R3V8H6, STM32H7R3V8T6, STM32H7R3V8Y6TR, STM32H7R3Z8J6, STM32H7R3Z8T6, STM32H7R7A8I6, STM32H7R7I8K6, STM32H7R7I8T6, STM32H7R7L8H6, STM32H7R7L8H6H, STM32H7R7Z8J6, STM32H7S3A8I6, STM32H7S3I8K6, STM32H7S3I8T6, STM32H7S3L8H6, STM32H7S3L8H6H, STM32H7S3R8V6, STM32H7S3V8H6, STM32H7S3V8T6, STM32H7S3V8Y6TR, STM32H7S3Z8J6, STM32H7S3Z8T6, STM32H7S78-DK, STM32H7S7A8I6, STM32H7S7I8K6, STM32H7S7I8T6, STM32H7S7L8H6, STM32H7S7L8H6H, STM32H7S7Z8J6, STM32L4R5QGI6STR, STM32MP131AAE3, STM32MP131AAF3, STM32MP131AAG3, STM32MP131CAE3, STM32MP131CAF3, STM32MP131CAG3, STM32MP131DAE7, STM32MP131DAF7, STM32MP131DAG7, STM32MP131FAE7, STM32MP131FAF7, STM32MP131FAG7, STM32MP133AAE3, STM32MP133AAF3, STM32MP133AAG3, STM32MP133CAE3, STM32MP133CAF3, STM32MP133CAG3, STM32MP133DAE7, STM32MP133DAF7, STM32MP133DAG7, STM32MP133FAE7, STM32MP133FAF7, STM32MP133FAG7, STM32MP135AAE3, STM32MP135AAF3, STM32MP135AAG3, STM32MP135CAE3, STM32MP135CAF3, STM32MP135CAG3, STM32MP135DAE7, STM32MP135DAF7, STM32MP135DAG7, STM32MP135F-DK, STM32MP135FAE7, STM32MP135FAF7, STM32MP135FAF7T, STM32MP135FAF7U, STM32MP135FAG7, STM32MP231AAJ3, STM32MP231AAK3, STM32MP231AAL3, STM32MP231CAJ3, STM32MP231CAK3, STM32MP231CAL3, STM32MP231DAJ3, STM32MP231DAK3, STM32MP231DAL3, STM32MP231FAJ3, STM32MP231FAK3, STM32MP231FAL3, STM32MP233AAJ3, STM32MP233AAK3, STM32MP233AAL3, STM32MP233CAJ3, STM32MP233CAK3, STM32MP233CAL3, STM32MP233DAJ3, STM32MP233DAK3, STM32MP233DAL3, STM32MP233FAJ3, STM32MP233FAK3, STM32MP233FAL3, STM32MP235AAJ3, STM32MP235AAK3, STM32MP235AAL3, STM32MP235CAJ3, STM32MP235CAK3, STM32MP235CAL3, STM32MP235DAJ3, STM32MP235DAK3, STM32MP235DAL3, STM32MP235FAJ3, STM32MP235FAK3, STM32MP235FAL3, STM32MP251AAI3, STM32MP251AAJ3, STM32MP251AAK3, STM32MP251AAL3, STM32MP251CAI3, STM32MP251CAJ3, STM32MP251CAK3, STM32MP251CAL3, STM32MP251DAI3, STM32MP251DAJ3, STM32MP251DAK3, STM32MP251DAL3, STM32MP251FAI3, STM32MP251FAJ3, STM32MP251FAK3, STM32MP251FAL3, STM32MP253AAI3, STM32MP253AAJ3, STM32MP253AAK3, STM32MP253AAL3, STM32MP253CAI3, STM32MP253CAJ3, STM32MP253CAK3, STM32MP253CAL3, STM32MP253DAI3, STM32MP253DAJ3, STM32MP253DAK3, STM32MP253DAL3, STM32MP253FAI3, STM32MP253FAJ3, STM32MP253FAK3, STM32MP253FAL3, STM32MP255AAI3, STM32MP255AAJ3, STM32MP255AAK3, STM32MP255AAL3, STM32MP255CAI3, STM32MP255CAJ3, STM32MP255CAK3, STM32MP255CAL3, STM32MP255DAI3, STM32MP255DAJ3, STM32MP255DAK3, STM32MP255DAL3, STM32MP255FAI3, STM32MP255FAJ3, STM32MP255FAK3, STM32MP255FAL3, STM32MP257AAI3, STM32MP257AAJ3, STM32MP257AAK3, STM32MP257AAL3, STM32MP257CAI3, STM32MP257CAJ3, STM32MP257CAK3, STM32MP257CAL3, STM32MP257DAI3, STM32MP257DAJ3, STM32MP257DAK3, STM32MP257DAL3, STM32MP257F-DK, STM32MP257F-EV1, STM32MP257FAI3, STM32MP257FAJ3, STM32MP257FAK3, STM32MP257FAL3, STM32N645A0H3Q, STM32N645B0H3Q, STM32N645I0H3Q, STM32N645L0H3Q, STM32N645X0H3Q, STM32N645Z0H3Q, STM32N647A0H3Q, STM32N647B0H3Q, STM32N647I0H3Q, STM32N647L0H3Q, STM32N647X0H3Q, STM32N647Z0H3Q, STM32N655A0H3Q, STM32N655B0H3Q, STM32N655I0H3Q, STM32N655L0H3Q, STM32N655X0H3Q, STM32N655Z0H3Q, STM32N6570-DK, STM32N657A0H3Q, STM32N657B0H3Q, STM32N657I0H3Q, STM32N657L0H3Q, STM32N657X0H3Q, STM32N657Z0H3Q, STM32U031C6T6, STM32U031C6U6, STM32U031C8T6, STM32U031C8U6, STM32U031F4P6, STM32U031F6P6, STM32U031F8P6, STM32U031G6Y6TR, STM32U031G8Y6TR, STM32U031K4U6, STM32U031K6U6, STM32U031K8U6, STM32U031R6I6, STM32U031R6T6, STM32U031R8I6, STM32U031R8T6, STM32U073C8T6, STM32U073C8U6, STM32U073CBT6, STM32U073CBU6, STM32U073CCT6, STM32U073CCU6, STM32U073H8Y6TR, STM32U073HBY6TR, STM32U073HCY6TR, STM32U073K8U6, STM32U073KBU6, STM32U073KCU6, STM32U073M8I6, STM32U073M8T6, STM32U073MBI6, STM32U073MBT6, STM32U073MCI6, STM32U073MCT6, STM32U073R8I6, STM32U073R8T6, STM32U073RBI6, STM32U073RBT6, STM32U073RCI6, STM32U073RCT6, STM32U083C-DK, STM32U083CCT6, STM32U083CCU6, STM32U083HCY6TR, STM32U083KCU6, STM32U083MCI6, STM32U083MCT6, STM32U083RCI6, STM32U083RCT6, STM32U375CET6, STM32U375CET6Q, STM32U375CEU6, STM32U375CEU6Q, STM32U375CEY6QTR, STM32U375CGT6, STM32U375CGT6Q, STM32U375CGU6, STM32U375CGU6Q, STM32U375CGY6QTR, STM32U375KEU6, STM32U375KGU6, STM32U375REI6, STM32U375REI6Q, STM32U375RET6, STM32U375RET6Q, STM32U375REY6GTR, STM32U375REY6QTR, STM32U375RGI6, STM32U375RGI6Q, STM32U375RGT6, STM32U375RGT6Q, STM32U375RGY6GTR, STM32U375RGY6QTR, STM32U375VEI6, STM32U375VEI6Q, STM32U375VET6, STM32U375VET6Q, STM32U375VGI6, STM32U375VGI6Q, STM32U375VGT6, STM32U375VGT6Q, STM32U385CGT6, STM32U385CGT6Q, STM32U385CGU6, STM32U385CGU6Q, STM32U385CGY6QTR, STM32U385KGU6, STM32U385RGI6, STM32U385RGI6Q, STM32U385RGT6, STM32U385RGT6Q, STM32U385RGY6GTR, STM32U385RGY6QTR, STM32U385VGI6, STM32U385VGI6Q, STM32U385VGT6, STM32U385VGT6Q, STM32U535CBT6, STM32U535CBT6Q, STM32U535CBU6, STM32U535CBU6Q, STM32U535CCT6, STM32U535CCT6Q, STM32U535CCU6, STM32U535CCU6Q, STM32U535CET6, STM32U535CET6Q, STM32U535CEU6, STM32U535CEU6Q, STM32U535JEY6QTR, STM32U535NCY6QTR, STM32U535NEY6QTR, STM32U535RBI6, STM32U535RBI6Q, STM32U535RBT6, STM32U535RBT6Q, STM32U535RCI6, STM32U535RCI6Q, STM32U535RCT6, STM32U535RCT6Q, STM32U535REI6, STM32U535REI6Q, STM32U535RET6, STM32U535RET6Q, STM32U535VCI6, STM32U535VCI6Q, STM32U535VCT6, STM32U535VCT6Q, STM32U535VEI6, STM32U535VEI6Q, STM32U535VET6, STM32U535VET6Q, STM32U545CET6, STM32U545CET6Q, STM32U545CEU6, STM32U545CEU6Q, STM32U545JEY6QTR, STM32U545NEY6QTR, STM32U545REI6, STM32U545REI6Q, STM32U545RET6, STM32U545RET6Q, STM32U545VEI6, STM32U545VEI6Q, STM32U545VET6, STM32U545VET6Q, STM32U595AIH6, STM32U595AIH6Q, STM32U595AJH6, STM32U595AJH6Q, STM32U595QII6, STM32U595QII6Q, STM32U595QJI6, STM32U595QJI6Q, STM32U595RIT6, STM32U595RIT6Q, STM32U595RJT6, STM32U595RJT6Q, STM32U595VIT6, STM32U595VIT6Q, STM32U595VJT6, STM32U595VJT6Q, STM32U595ZIT6, STM32U595ZIT6Q, STM32U595ZIY6QTR, STM32U595ZJT6, STM32U595ZJT6Q, STM32U595ZJY6QTR, STM32U599BJY6QTR, STM32U599NIH6Q, STM32U599NJH6Q, STM32U599VIT6Q, STM32U599VJT6, STM32U599VJT6Q, STM32U599ZIT6Q, STM32U599ZIY6QTR, STM32U599ZJT6Q, STM32U599ZJY6QTR, STM32U5A5AJH6, STM32U5A5AJH6Q, STM32U5A5QII3Q , STM32U5A5QJI6, STM32U5A5QJI6Q, STM32U5A5RJT6, STM32U5A5RJT6Q, STM32U5A5VJT6, STM32U5A5VJT6Q, STM32U5A5ZJT6, STM32U5A5ZJT6Q, STM32U5A5ZJY6QTR, STM32U5A9BJY6QTR, STM32U5A9J-DK, STM32U5A9NJH6Q, STM32U5A9VJT6Q, STM32U5A9ZJT6Q, STM32U5A9ZJY6QTR, STM32U5F7VIT6, STM32U5F7VIT6Q, STM32U5F7VJT6, STM32U5F7VJT6Q, STM32U5F9BJY6QTR, STM32U5F9NJH6Q, STM32U5F9VIT6Q, STM32U5F9VJT6Q, STM32U5F9ZIJ6QTR, STM32U5F9ZIT6Q, STM32U5F9ZJJ6QTR, STM32U5F9ZJT6Q, STM32U5G7VJT6, STM32U5G7VJT6Q, STM32U5G9BJY6QTR, STM32U5G9J-DK1, STM32U5G9J-DK2, STM32U5G9NJH6Q, STM32U5G9VJT6Q, STM32U5G9ZJJ6QTR, STM32U5G9ZJT6Q, STM32WB05KZV6TR, STM32WB05KZV7TR, STM32WB05TZF6TR, STM32WB05TZF7TR, STM32WB06CCF6TR, STM32WB06CCF7TR, STM32WB06CCV6TR, STM32WB06CCV7TR, STM32WB06KCV6TR, STM32WB06KCV7TR, STM32WB07CCF6TR, STM32WB07CCF7TR, STM32WB07CCV6TR, STM32WB07CCV7TR, STM32WB07KCV6TR, STM32WB07KCV7TR, STM32WB09KEV6TR, STM32WB09KEV7TR, STM32WB09TEF6TR, STM32WB09TEF7TR, STM32WB1MMCH6, STM32WBA50KGU6, STM32WBA50KGU6TR, STM32WBA52CEU6, STM32WBA52CEU6TR, STM32WBA52CEU7, STM32WBA52CEU7TR, STM32WBA52CGU6, STM32WBA52CGU6TR, STM32WBA52CGU6U, STM32WBA52CGU7, STM32WBA52CGU7TR, STM32WBA52KEU6, STM32WBA52KEU6TR, STM32WBA52KGU6, STM32WBA52KGU6TR, STM32WBA54CEU6, STM32WBA54CEU6TR, STM32WBA54CEU7, STM32WBA54CEU7TR, STM32WBA54CGU6, STM32WBA54CGU6TR, STM32WBA54CGU7, STM32WBA54CGU7TR, STM32WBA54KEU6, STM32WBA54KEU6TR, STM32WBA54KEU7, STM32WBA54KEU7TR, STM32WBA54KGU6, STM32WBA54KGU6TR, STM32WBA54KGU7, STM32WBA54KGU7TR, STM32WBA55CEU6, STM32WBA55CEU6TR, STM32WBA55CEU7, STM32WBA55CEU7TR, STM32WBA55CGU6, STM32WBA55CGU6TR, STM32WBA55CGU6U, STM32WBA55CGU7, STM32WBA55CGU7TR, STM32WBA55G-DK1, STM32WBA55HEF6, STM32WBA55HEF7, STM32WBA55HGF6, STM32WBA55HGF7, STM32WBA55UEI6, STM32WBA55UEI6TR, STM32WBA55UEI7, STM32WBA55UEI7TR, STM32WBA55UGI6, STM32WBA55UGI6TR, STM32WBA55UGI7, STM32WBA55UGI7TR, STM32WBA5MJGH6TR, STM32WBA5MJGH6U, STM32WL33C8V6, STM32WL33C8V6TR, STM32WL33C8V7, STM32WL33C8V7TR, STM32WL33CBV6, STM32WL33CBV6TR, STM32WL33CBV7, STM32WL33CBV7TR, STM32WL33CCV6, STM32WL33CCV6TR, STM32WL33CCV7, STM32WL33CCV7A, STM32WL33CCV7ATR, STM32WL33CCV7TR, STM32WL33K8V6, STM32WL33K8V6TR, STM32WL33K8V7, STM32WL33K8V7TR, STM32WL33KBV6, STM32WL33KBV6TR, STM32WL33KBV7, STM32WL33KBV7TR, STM32WL33KCV6, STM32WL33KCV6TR, STM32WL33KCV7, STM32WL33KCV7TR, STM32WL5MOCH6, STM32WL5MOCH6TR]
2025-12-16 17:39:03,347 [INFO] ApiDb:668 - CubeFinder database Data Model version=2.1
2025-12-16 17:39:03,347 [INFO] ApiDb:669 - CubeFinder database Configuration version=3.0.39
2025-12-16 17:39:03,347 [INFO] ApiDb:670 - CubeFinder database generation date=2025-08-25 (1756130511)
2025-12-16 17:39:03,347 [INFO] ApiDb:671 - CubeFinder database FW Pack versions=[FP-ATR-ASTRA1_V2.0.0, FP-SNS-FLIGHT1_V5.1.0, FP-SNS-MOTENV1_V5.0.0, FP-SNS-MOTENVWB1_V1.4.0, FP-SNS-SMARTAG2_V1.2.0, FP-SNS-STBOX1_V2.1.0, STM32Cube_FW_C0_V1.4.0, STM32Cube_FW_F4_V1.28.3, STM32Cube_FW_F7_V1.17.4, STM32Cube_FW_G0_V1.6.2, STM32Cube_FW_G4_V1.6.1, STM32Cube_FW_H5_V1.5.0, STM32Cube_FW_H7RS_V1.2.0, STM32Cube_FW_H7_V1.12.1, STM32Cube_FW_L0_V1.12.2, STM32Cube_FW_L4_V1.18.1, STM32Cube_FW_L5_V1.5.1, STM32Cube_FW_N6_V1.2.0, STM32Cube_FW_U0_V1.3.0, STM32Cube_FW_U3_V1.2.0, STM32Cube_FW_U5_V1.8.0, STM32Cube_FW_WB0_V1.3.0, STM32Cube_FW_WBA_V1.7.0, STM32Cube_FW_WB_V1.23.0, STM32Cube_FW_WL3_V1.2.0, STM32Cube_FW_WL_V1.3.1, X-CUBE-ALGOBUILD_V1.4.0, X-CUBE-ALS_V1.0.2, X-CUBE-AZRTOS-F4_V1.1.0, X-CUBE-AZRTOS-F7_V1.1.0, X-CUBE-AZRTOS-G0_V1.1.0, X-CUBE-AZRTOS-G4_V2.0.0, X-CUBE-AZRTOS-H7RS_V1.1.0, X-CUBE-AZRTOS-H7_V3.4.0, X-CUBE-AZRTOS-L4_V2.0.0, X-CUBE-AZRTOS-L5_V2.0.0, X-CUBE-AZRTOS-WB_V2.0.0, X-CUBE-AZRTOS-WL_V2.0.0, X-CUBE-BLE1_V7.1.0, X-CUBE-BLE2_V3.3.0, X-CUBE-BLEMGR_V4.1.0, X-CUBE-EEPRMA1_V5.2.0, X-CUBE-FREERTOS_V1.3.1, X-CUBE-GNSS1_V6.0.0, X-CUBE-MEMS1_V11.3.0, X-CUBE-NFC4_V3.0.0, X-CUBE-NFC7_V2.0.0, X-CUBE-SFXS2LP1_V4.0.0, X-CUBE-ST67W61_V1.0.0, X-CUBE-SUBG2_V5.0.0, X-CUBE-TOF1_V3.4.3]
2025-12-16 17:39:04,707 [INFO] ApiDb:240 - Found 858 in-development CPN: [B-G473E-ZEST1S, B-WB1M-WPAN1, B-WBA5M-WPAN, B-WL5M-SUBG1, NUCLEO-C031C6, NUCLEO-C051C8, NUCLEO-C071RB, NUCLEO-C092RC, NUCLEO-H503RB, NUCLEO-H533RE, NUCLEO-H563ZI, NUCLEO-H7S3L8, NUCLEO-N657X0-Q, NUCLEO-U031R8, NUCLEO-U083RC, NUCLEO-U385RG-Q, NUCLEO-U545RE-Q, NUCLEO-U5A5ZJ-Q, NUCLEO-WB05KZ, NUCLEO-WB07CC, NUCLEO-WB09KE, NUCLEO-WBA52CG, NUCLEO-WBA55CG, NUCLEO-WL33CC1, NUCLEO-WL33CC2, STEVAL-PROTEUS1, STEVAL-SMARTAG2, STEVAL-STWINBX1, STM320518-EVAL, STM32C0116-DK, STM32C011D6Y3TR, STM32C011D6Y6TR, STM32C011F4P3, STM32C011F4P6, STM32C011F4U3, STM32C011F4U6TR, STM32C011F6P3, STM32C011F6P6, STM32C011F6U3, STM32C011F6U6TR, STM32C011J4M3, STM32C011J4M6, STM32C011J6M3, STM32C011J6M6, STM32C0316-DK, STM32C031C4T3, STM32C031C4T6, STM32C031C4U3, STM32C031C4U6, STM32C031C6T3, STM32C031C6T6, STM32C031C6U3, STM32C031C6U6, STM32C031F4P3, STM32C031F4P6, STM32C031F6P3, STM32C031F6P6, STM32C031G4U3, STM32C031G4U6, STM32C031G6U3, STM32C031G6U6, STM32C031K4T3, STM32C031K4T6, STM32C031K4U3, STM32C031K4U6, STM32C031K6T3, STM32C031K6T6, STM32C031K6U3, STM32C031K6U6, STM32C051C6T6, STM32C051C6U6, STM32C051C8T6, STM32C051C8U6, STM32C051D8Y6TR, STM32C051F6P6, STM32C051F8P6, STM32C051G6U6, STM32C051G8U6, STM32C051K6T6, STM32C051K6U6, STM32C051K8T6, STM32C071C8T6, STM32C071C8T6N, STM32C071C8U6, STM32C071C8U6N, STM32C071CBT6, STM32C071CBT6N, STM32C071CBU6, STM32C071CBU6N, STM32C071F8P6, STM32C071F8P6N, STM32C071FBP6, STM32C071FBP6N, STM32C071FBY6TR, STM32C071G8U6, STM32C071G8U6N, STM32C071GBU6, STM32C071GBU6N, STM32C071K8T6, STM32C071K8T6N, STM32C071K8U6, STM32C071K8U6N, STM32C071KBT6, STM32C071KBT6N, STM32C071KBU6, STM32C071KBU6N, STM32C071R8T6, STM32C071R8T6N, STM32C071RBI6N, STM32C071RBT6, STM32C071RBT6N, STM32C091CBT6, STM32C091CBU6, STM32C091CCT6, STM32C091CCU6, STM32C091ECY6TR, STM32C091FBP6, STM32C091FCP6, STM32C091GBU6, STM32C091GCU6, STM32C091KBT6, STM32C091KBU6, STM32C091KCT6, STM32C091KCU6, STM32C091RBT6, STM32C091RCI6, STM32C091RCT6, STM32C092CBT6, STM32C092CBU6, STM32C092CCT6, STM32C092CCU6, STM32C092ECY6TR, STM32C092FBP6, STM32C092FCP6, STM32C092GBU6, STM32C092GCU6, STM32C092KBT6, STM32C092KBU6, STM32C092KCT6, STM32C092KCU6, STM32C092RBT6, STM32C092RCI6, STM32C092RCT6, STM32G071K8TXN, STM32G071K8UXN, STM32G081GBU6N, STM32G081KBT6N, STM32G081KBUXN, STM32G0B1CCT6N, STM32G0B1KCT6, STM32G0B1NEY6TR, STM32G0B1RCT6N, STM32G0C1CCT6, STM32G0C1CCT6N, STM32G0C1CCU6N, STM32G0C1CET6N, STM32G0C1CEU6N, STM32G0C1KCT6, STM32G0C1NEY6TR, STM32G0C1RCI6N, STM32G0C1RCT6N, STM32G0C1REI6N, STM32G0C1RET6N, STM32G0C1VCI6, STM32G0C1VEI6, STM32G411C6T3, STM32G411C6T6, STM32G411C6U3, STM32G411C6U6, STM32G411C8T3, STM32G411C8T6, STM32G411C8U3, STM32G411C8U6, STM32G411CBT3, STM32G411CBT6, STM32G411CBU3, STM32G411CBU6, STM32G411CCT3, STM32G411CCT6, STM32G411CCU3, STM32G411CCU6, STM32G411K6T3, STM32G411K6T6, STM32G411K6U3, STM32G411K6U6, STM32G411K8T3, STM32G411K8T6, STM32G411K8U3, STM32G411K8U6, STM32G411KBT3, STM32G411KBT6, STM32G411KBU3, STM32G411KBU6, STM32G411M6T3, STM32G411M6T6, STM32G411M8T3, STM32G411M8T6, STM32G411MBT3, STM32G411MBT6, STM32G411MCT3, STM32G411MCT6, STM32G411R6T3, STM32G411R6T6, STM32G411R8T3, STM32G411R8T6, STM32G411RBT3, STM32G411RBT6, STM32G411RCT3, STM32G411RCT6, STM32G414CBT3, STM32G414CBT6, STM32G414CBU3, STM32G414CBU6, STM32G414CCT3, STM32G414CCT6, STM32G414CCU3, STM32G414CCU6, STM32G414MBT3, STM32G414MBT6, STM32G414MCT3, STM32G414MCT6, STM32G414RBT3, STM32G414RBT6, STM32G414RCT3, STM32G414RCT6, STM32G414VBT3, STM32G414VBT6, STM32G414VCT3, STM32G414VCT6, STM32G431CBT3Z, STM32G431RBT3Z, STM32G471CCT6, STM32G471CCU6, STM32G471CET3, STM32G471CET6, STM32G471CEU3, STM32G471CEU6, STM32G471MCT6, STM32G471MET3, STM32G471MET6, STM32G471MEY6TR, STM32G471QCT6, STM32G471QET3, STM32G471RCT6, STM32G471RET3, STM32G471RET6, STM32G471VCH6, STM32G471VCI6, STM32G471VCT6, STM32G471VEH3, STM32G471VEH6, STM32G471VEI3, STM32G471VEI6, STM32G471VET3, STM32G471VET6, STM32G473QET3Z, STM32G473RET3Z, STM32G474CCT6, STM32G491RET3Z, STM32H503CBT6, STM32H503CBU6, STM32H503EBY6TR, STM32H503KBU6, STM32H503RBT6, STM32H523CCT6, STM32H523CCU6, STM32H523CET6, STM32H523CEU6, STM32H523HEY6TR, STM32H523RCT6, STM32H523RET6, STM32H523VCI6, STM32H523VCT6, STM32H523VEI6, STM32H523VET6, STM32H523ZCJ6, STM32H523ZCT6, STM32H523ZEJ6, STM32H523ZET6, STM32H533CET6, STM32H533CEU6, STM32H533HEY6TR, STM32H533RET6, STM32H533VEI6, STM32H533VET6, STM32H533ZEJ6, STM32H533ZET6, STM32H562AGI6, STM32H562AII6, STM32H562IGK6, STM32H562IGT6, STM32H562IIK6, STM32H562IIT6, STM32H562RGT6, STM32H562RGV6, STM32H562RIT6, STM32H562RIV6, STM32H562VGT6, STM32H562VIT6, STM32H562ZGT6, STM32H562ZIT6, STM32H563AGI6, STM32H563AII3Q, STM32H563AII6, STM32H563IGK6, STM32H563IGT6, STM32H563IIK3Q, STM32H563IIK6, STM32H563IIT3Q, STM32H563IIT6, STM32H563MIY3QTR, STM32H563RGT6, STM32H563RGV6, STM32H563RIT6, STM32H563RIV6, STM32H563VGT6, STM32H563VIT3Q, STM32H563VIT6, STM32H563ZGT6, STM32H563ZIT3Q, STM32H563ZIT6, STM32H573AII3Q, STM32H573AII6, STM32H573I-DK, STM32H573IIK3Q, STM32H573IIK6, STM32H573IIT3Q, STM32H573IIT6, STM32H573MIY3QTR, STM32H573RIT6, STM32H573RIV6, STM32H573VIT3Q, STM32H573VIT6, STM32H573ZIT3Q, STM32H573ZIT6, STM32H7R3A8I6, STM32H7R3I8K6, STM32H7R3I8T6, STM32H7R3L8H6, STM32H7R3L8H6H, STM32H7R3R8V6, STM32H7R3V8H6, STM32H7R3V8T6, STM32H7R3V8Y6TR, STM32H7R3Z8J6, STM32H7R3Z8T6, STM32H7R7A8I6, STM32H7R7I8K6, STM32H7R7I8T6, STM32H7R7L8H6, STM32H7R7L8H6H, STM32H7R7Z8J6, STM32H7S3A8I6, STM32H7S3I8K6, STM32H7S3I8T6, STM32H7S3L8H6, STM32H7S3L8H6H, STM32H7S3R8V6, STM32H7S3V8H6, STM32H7S3V8T6, STM32H7S3V8Y6TR, STM32H7S3Z8J6, STM32H7S3Z8T6, STM32H7S78-DK, STM32H7S7A8I6, STM32H7S7I8K6, STM32H7S7I8T6, STM32H7S7L8H6, STM32H7S7L8H6H, STM32H7S7Z8J6, STM32L4R5QGI6STR, STM32MP131AAE3, STM32MP131AAF3, STM32MP131AAG3, STM32MP131CAE3, STM32MP131CAF3, STM32MP131CAG3, STM32MP131DAE7, STM32MP131DAF7, STM32MP131DAG7, STM32MP131FAE7, STM32MP131FAF7, STM32MP131FAG7, STM32MP133AAE3, STM32MP133AAF3, STM32MP133AAG3, STM32MP133CAE3, STM32MP133CAF3, STM32MP133CAG3, STM32MP133DAE7, STM32MP133DAF7, STM32MP133DAG7, STM32MP133FAE7, STM32MP133FAF7, STM32MP133FAG7, STM32MP135AAE3, STM32MP135AAF3, STM32MP135AAG3, STM32MP135CAE3, STM32MP135CAF3, STM32MP135CAG3, STM32MP135DAE7, STM32MP135DAF7, STM32MP135DAG7, STM32MP135F-DK, STM32MP135FAE7, STM32MP135FAF7, STM32MP135FAF7T, STM32MP135FAF7U, STM32MP135FAG7, STM32MP231AAJ3, STM32MP231AAK3, STM32MP231AAL3, STM32MP231CAJ3, STM32MP231CAK3, STM32MP231CAL3, STM32MP231DAJ3, STM32MP231DAK3, STM32MP231DAL3, STM32MP231FAJ3, STM32MP231FAK3, STM32MP231FAL3, STM32MP233AAJ3, STM32MP233AAK3, STM32MP233AAL3, STM32MP233CAJ3, STM32MP233CAK3, STM32MP233CAL3, STM32MP233DAJ3, STM32MP233DAK3, STM32MP233DAL3, STM32MP233FAJ3, STM32MP233FAK3, STM32MP233FAL3, STM32MP235AAJ3, STM32MP235AAK3, STM32MP235AAL3, STM32MP235CAJ3, STM32MP235CAK3, STM32MP235CAL3, STM32MP235DAJ3, STM32MP235DAK3, STM32MP235DAL3, STM32MP235FAJ3, STM32MP235FAK3, STM32MP235FAL3, STM32MP251AAI3, STM32MP251AAJ3, STM32MP251AAK3, STM32MP251AAL3, STM32MP251CAI3, STM32MP251CAJ3, STM32MP251CAK3, STM32MP251CAL3, STM32MP251DAI3, STM32MP251DAJ3, STM32MP251DAK3, STM32MP251DAL3, STM32MP251FAI3, STM32MP251FAJ3, STM32MP251FAK3, STM32MP251FAL3, STM32MP253AAI3, STM32MP253AAJ3, STM32MP253AAK3, STM32MP253AAL3, STM32MP253CAI3, STM32MP253CAJ3, STM32MP253CAK3, STM32MP253CAL3, STM32MP253DAI3, STM32MP253DAJ3, STM32MP253DAK3, STM32MP253DAL3, STM32MP253FAI3, STM32MP253FAJ3, STM32MP253FAK3, STM32MP253FAL3, STM32MP255AAI3, STM32MP255AAJ3, STM32MP255AAK3, STM32MP255AAL3, STM32MP255CAI3, STM32MP255CAJ3, STM32MP255CAK3, STM32MP255CAL3, STM32MP255DAI3, STM32MP255DAJ3, STM32MP255DAK3, STM32MP255DAL3, STM32MP255FAI3, STM32MP255FAJ3, STM32MP255FAK3, STM32MP255FAL3, STM32MP257AAI3, STM32MP257AAJ3, STM32MP257AAK3, STM32MP257AAL3, STM32MP257CAI3, STM32MP257CAJ3, STM32MP257CAK3, STM32MP257CAL3, STM32MP257DAI3, STM32MP257DAJ3, STM32MP257DAK3, STM32MP257DAL3, STM32MP257F-DK, STM32MP257F-EV1, STM32MP257FAI3, STM32MP257FAJ3, STM32MP257FAK3, STM32MP257FAL3, STM32N645A0H3Q, STM32N645B0H3Q, STM32N645I0H3Q, STM32N645L0H3Q, STM32N645X0H3Q, STM32N645Z0H3Q, STM32N647A0H3Q, STM32N647B0H3Q, STM32N647I0H3Q, STM32N647L0H3Q, STM32N647X0H3Q, STM32N647Z0H3Q, STM32N655A0H3Q, STM32N655B0H3Q, STM32N655I0H3Q, STM32N655L0H3Q, STM32N655X0H3Q, STM32N655Z0H3Q, STM32N6570-DK, STM32N657A0H3Q, STM32N657B0H3Q, STM32N657I0H3Q, STM32N657L0H3Q, STM32N657X0H3Q, STM32N657Z0H3Q, STM32U031C6T6, STM32U031C6U6, STM32U031C8T6, STM32U031C8U6, STM32U031F4P6, STM32U031F6P6, STM32U031F8P6, STM32U031G6Y6TR, STM32U031G8Y6TR, STM32U031K4U6, STM32U031K6U6, STM32U031K8U6, STM32U031R6I6, STM32U031R6T6, STM32U031R8I6, STM32U031R8T6, STM32U073C8T6, STM32U073C8U6, STM32U073CBT6, STM32U073CBU6, STM32U073CCT6, STM32U073CCU6, STM32U073H8Y6TR, STM32U073HBY6TR, STM32U073HCY6TR, STM32U073K8U6, STM32U073KBU6, STM32U073KCU6, STM32U073M8I6, STM32U073M8T6, STM32U073MBI6, STM32U073MBT6, STM32U073MCI6, STM32U073MCT6, STM32U073R8I6, STM32U073R8T6, STM32U073RBI6, STM32U073RBT6, STM32U073RCI6, STM32U073RCT6, STM32U083C-DK, STM32U083CCT6, STM32U083CCU6, STM32U083HCY6TR, STM32U083KCU6, STM32U083MCI6, STM32U083MCT6, STM32U083RCI6, STM32U083RCT6, STM32U375CET6, STM32U375CET6Q, STM32U375CEU6, STM32U375CEU6Q, STM32U375CEY6QTR, STM32U375CGT6, STM32U375CGT6Q, STM32U375CGU6, STM32U375CGU6Q, STM32U375CGY6QTR, STM32U375KEU6, STM32U375KGU6, STM32U375REI6, STM32U375REI6Q, STM32U375RET6, STM32U375RET6Q, STM32U375REY6GTR, STM32U375REY6QTR, STM32U375RGI6, STM32U375RGI6Q, STM32U375RGT6, STM32U375RGT6Q, STM32U375RGY6GTR, STM32U375RGY6QTR, STM32U375VEI6, STM32U375VEI6Q, STM32U375VET6, STM32U375VET6Q, STM32U375VGI6, STM32U375VGI6Q, STM32U375VGT6, STM32U375VGT6Q, STM32U385CGT6, STM32U385CGT6Q, STM32U385CGU6, STM32U385CGU6Q, STM32U385CGY6QTR, STM32U385KGU6, STM32U385RGI6, STM32U385RGI6Q, STM32U385RGT6, STM32U385RGT6Q, STM32U385RGY6GTR, STM32U385RGY6QTR, STM32U385VGI6, STM32U385VGI6Q, STM32U385VGT6, STM32U385VGT6Q, STM32U535CBT6, STM32U535CBT6Q, STM32U535CBU6, STM32U535CBU6Q, STM32U535CCT6, STM32U535CCT6Q, STM32U535CCU6, STM32U535CCU6Q, STM32U535CET6, STM32U535CET6Q, STM32U535CEU6, STM32U535CEU6Q, STM32U535JEY6QTR, STM32U535NCY6QTR, STM32U535NEY6QTR, STM32U535RBI6, STM32U535RBI6Q, STM32U535RBT6, STM32U535RBT6Q, STM32U535RCI6, STM32U535RCI6Q, STM32U535RCT6, STM32U535RCT6Q, STM32U535REI6, STM32U535REI6Q, STM32U535RET6, STM32U535RET6Q, STM32U535VCI6, STM32U535VCI6Q, STM32U535VCT6, STM32U535VCT6Q, STM32U535VEI6, STM32U535VEI6Q, STM32U535VET6, STM32U535VET6Q, STM32U545CET6, STM32U545CET6Q, STM32U545CEU6, STM32U545CEU6Q, STM32U545JEY6QTR, STM32U545NEY6QTR, STM32U545REI6, STM32U545REI6Q, STM32U545RET6, STM32U545RET6Q, STM32U545VEI6, STM32U545VEI6Q, STM32U545VET6, STM32U545VET6Q, STM32U595AIH6, STM32U595AIH6Q, STM32U595AJH6, STM32U595AJH6Q, STM32U595QII6, STM32U595QII6Q, STM32U595QJI6, STM32U595QJI6Q, STM32U595RIT6, STM32U595RIT6Q, STM32U595RJT6, STM32U595RJT6Q, STM32U595VIT6, STM32U595VIT6Q, STM32U595VJT6, STM32U595VJT6Q, STM32U595ZIT6, STM32U595ZIT6Q, STM32U595ZIY6QTR, STM32U595ZJT6, STM32U595ZJT6Q, STM32U595ZJY6QTR, STM32U599BJY6QTR, STM32U599NIH6Q, STM32U599NJH6Q, STM32U599VIT6Q, STM32U599VJT6, STM32U599VJT6Q, STM32U599ZIT6Q, STM32U599ZIY6QTR, STM32U599ZJT6Q, STM32U599ZJY6QTR, STM32U5A5AJH6, STM32U5A5AJH6Q, STM32U5A5QII3Q , STM32U5A5QJI6, STM32U5A5QJI6Q, STM32U5A5RJT6, STM32U5A5RJT6Q, STM32U5A5VJT6, STM32U5A5VJT6Q, STM32U5A5ZJT6, STM32U5A5ZJT6Q, STM32U5A5ZJY6QTR, STM32U5A9BJY6QTR, STM32U5A9J-DK, STM32U5A9NJH6Q, STM32U5A9VJT6Q, STM32U5A9ZJT6Q, STM32U5A9ZJY6QTR, STM32U5F7VIT6, STM32U5F7VIT6Q, STM32U5F7VJT6, STM32U5F7VJT6Q, STM32U5F9BJY6QTR, STM32U5F9NJH6Q, STM32U5F9VIT6Q, STM32U5F9VJT6Q, STM32U5F9ZIJ6QTR, STM32U5F9ZIT6Q, STM32U5F9ZJJ6QTR, STM32U5F9ZJT6Q, STM32U5G7VJT6, STM32U5G7VJT6Q, STM32U5G9BJY6QTR, STM32U5G9J-DK1, STM32U5G9J-DK2, STM32U5G9NJH6Q, STM32U5G9VJT6Q, STM32U5G9ZJJ6QTR, STM32U5G9ZJT6Q, STM32WB05KZV6TR, STM32WB05KZV7TR, STM32WB05TZF6TR, STM32WB05TZF7TR, STM32WB06CCF6TR, STM32WB06CCF7TR, STM32WB06CCV6TR, STM32WB06CCV7TR, STM32WB06KCV6TR, STM32WB06KCV7TR, STM32WB07CCF6TR, STM32WB07CCF7TR, STM32WB07CCV6TR, STM32WB07CCV7TR, STM32WB07KCV6TR, STM32WB07KCV7TR, STM32WB09KEV6TR, STM32WB09KEV7TR, STM32WB09TEF6TR, STM32WB09TEF7TR, STM32WB1MMCH6, STM32WBA50KGU6, STM32WBA50KGU6TR, STM32WBA52CEU6, STM32WBA52CEU6TR, STM32WBA52CEU7, STM32WBA52CEU7TR, STM32WBA52CGU6, STM32WBA52CGU6TR, STM32WBA52CGU6U, STM32WBA52CGU7, STM32WBA52CGU7TR, STM32WBA52KEU6, STM32WBA52KEU6TR, STM32WBA52KGU6, STM32WBA52KGU6TR, STM32WBA54CEU6, STM32WBA54CEU6TR, STM32WBA54CEU7, STM32WBA54CEU7TR, STM32WBA54CGU6, STM32WBA54CGU6TR, STM32WBA54CGU7, STM32WBA54CGU7TR, STM32WBA54KEU6, STM32WBA54KEU6TR, STM32WBA54KEU7, STM32WBA54KEU7TR, STM32WBA54KGU6, STM32WBA54KGU6TR, STM32WBA54KGU7, STM32WBA54KGU7TR, STM32WBA55CEU6, STM32WBA55CEU6TR, STM32WBA55CEU7, STM32WBA55CEU7TR, STM32WBA55CGU6, STM32WBA55CGU6TR, STM32WBA55CGU6U, STM32WBA55CGU7, STM32WBA55CGU7TR, STM32WBA55G-DK1, STM32WBA55HEF6, STM32WBA55HEF7, STM32WBA55HGF6, STM32WBA55HGF7, STM32WBA55UEI6, STM32WBA55UEI6TR, STM32WBA55UEI7, STM32WBA55UEI7TR, STM32WBA55UGI6, STM32WBA55UGI6TR, STM32WBA55UGI7, STM32WBA55UGI7TR, STM32WBA5MJGH6TR, STM32WBA5MJGH6U, STM32WL33C8V6, STM32WL33C8V6TR, STM32WL33C8V7, STM32WL33C8V7TR, STM32WL33CBV6, STM32WL33CBV6TR, STM32WL33CBV7, STM32WL33CBV7TR, STM32WL33CCV6, STM32WL33CCV6TR, STM32WL33CCV7, STM32WL33CCV7A, STM32WL33CCV7ATR, STM32WL33CCV7TR, STM32WL33K8V6, STM32WL33K8V6TR, STM32WL33K8V7, STM32WL33K8V7TR, STM32WL33KBV6, STM32WL33KBV6TR, STM32WL33KBV7, STM32WL33KBV7TR, STM32WL33KCV6, STM32WL33KCV6TR, STM32WL33KCV7, STM32WL33KCV7TR, STM32WL5MOCH6, STM32WL5MOCH6TR]
2025-12-16 17:39:04,711 [INFO] DbMcus:218 - Found 4736 MCUs, 4736 are supported
2025-12-16 17:39:04,712 [INFO] ApiDb:423 - Load user favorites file C:\Users\kamil/.stm32cubeide/favorites.mcus.txt: 0 item(s)
2025-12-16 17:39:04,712 [INFO] ApiDb:427 - User favorites MCUs=[]
2025-12-16 17:39:04,712 [INFO] DbMcus:224 - Set 0 / 0 favorites MCUs
2025-12-16 17:39:05,129 [INFO] BoardInfo:889 - No configuration file found for board NUCLEO-WBA65RI
2025-12-16 17:39:05,130 [INFO] DbBoards:161 - Board is not supported: NUCLEO-WBA65RI
2025-12-16 17:39:05,140 [INFO] BoardInfo:889 - No configuration file found for board P-NUCLEO-WB55
2025-12-16 17:39:05,141 [INFO] DbBoards:161 - Kit is not supported: P-NUCLEO-WB55
2025-12-16 17:39:05,147 [INFO] BoardInfo:889 - No configuration file found for board STEVAL-BFA001V1B
2025-12-16 17:39:05,147 [INFO] DbBoards:161 - Kit is not supported: STEVAL-BFA001V1B
2025-12-16 17:39:05,148 [INFO] BoardInfo:889 - No configuration file found for board STEVAL-BFA001V2B
2025-12-16 17:39:05,148 [INFO] DbBoards:161 - Kit is not supported: STEVAL-BFA001V2B
2025-12-16 17:39:05,308 [INFO] BoardInfo:889 - No configuration file found for board STM32WBA65I-DK1
2025-12-16 17:39:05,309 [INFO] DbBoards:161 - Board is not supported: STM32WBA65I-DK1
2025-12-16 17:39:05,309 [INFO] DbBoards:168 - Found 211 boards, 206 are supported
2025-12-16 17:39:05,309 [INFO] DbBoards:169 - Found 211 boards, 42 of them is supported for  Bsp
2025-12-16 17:39:05,311 [INFO] ApiDb:423 - Load user favorites file C:\Users\kamil/.stm32cubeide/favorites.boards.txt: 0 item(s)
2025-12-16 17:39:05,311 [INFO] ApiDb:427 - User favorites Boards=[]
2025-12-16 17:39:05,311 [INFO] DbBoards:198 - Set 0 / 0 favorites Boards
2025-12-16 17:39:05,391 [INFO] UtilMem:75 - End LoadConfig() Used Memory: 267029840 Bytes (473956352)
2025-12-16 17:39:05,510 [WARN] ThirdParty:833 - waiting for thirdparty lock release [change project]
2025-12-16 17:39:05,510 [INFO] ThirdParty:835 - entering critical section [change project]
2025-12-16 17:39:05,511 [INFO] ThirdParty:1030 - CMSIS Pack Vendor :STMicroelectronics X-CUBE-PM33A1 1.0.0
2025-12-16 17:39:05,511 [INFO] ThirdParty:1030 - CMSIS Pack Vendor :STMicroelectronics USBPD 4.1
2025-12-16 17:39:05,511 [INFO] ThirdParty:1030 - CMSIS Pack Vendor :STMicroelectronics USB_HOST 2.0.0
2025-12-16 17:39:05,511 [INFO] ThirdParty:1030 - CMSIS Pack Vendor :STMicroelectronics FP-SNS-MOTENVWB1 1.4.0
2025-12-16 17:39:05,511 [INFO] ThirdParty:1030 - CMSIS Pack Vendor :STMicroelectronics X-CUBE-AZRTOS-F4 1.1.0
2025-12-16 17:39:05,511 [INFO] ThirdParty:1030 - CMSIS Pack Vendor :STMicroelectronics LIBJPEG 8.0.0
2025-12-16 17:39:05,511 [INFO] ThirdParty:1030 - CMSIS Pack Vendor :STMicroelectronics FP-ATR-ASTRA1 2.0.2
2025-12-16 17:39:05,511 [INFO] ThirdParty:1030 - CMSIS Pack Vendor :STMicroelectronics FP-ATR-ASTRA1 2.0.1
2025-12-16 17:39:05,511 [INFO] ThirdParty:1030 - CMSIS Pack Vendor :STMicroelectronics X-CUBE-SMBUS 2.1.0
2025-12-16 17:39:05,511 [INFO] ThirdParty:1030 - CMSIS Pack Vendor :STMicroelectronics X-CUBE-WB05N 1.1.0
2025-12-16 17:39:05,511 [INFO] ThirdParty:1030 - CMSIS Pack Vendor :STMicroelectronics X-CUBE-ISPU 2.1.0
2025-12-16 17:39:05,511 [INFO] ThirdParty:1030 - CMSIS Pack Vendor :STMicroelectronics X-CUBE-FREERTOS 1.2.0
2025-12-16 17:39:05,511 [INFO] ThirdParty:1030 - CMSIS Pack Vendor :STMicroelectronics X-CUBE-ST60 1.0.0
2025-12-16 17:39:05,511 [INFO] ThirdParty:1030 - CMSIS Pack Vendor :STMicroelectronics X-CUBE-NFC12 1.0.0
2025-12-16 17:39:05,511 [INFO] ThirdParty:1030 - CMSIS Pack Vendor :STMicroelectronics X-CUBE-AZRTOS-F7 1.1.0
2025-12-16 17:39:05,511 [INFO] ThirdParty:1030 - CMSIS Pack Vendor :STMicroelectronics X-CUBE-AZRTOS-L5 2.0.0
2025-12-16 17:39:05,511 [INFO] ThirdParty:1030 - CMSIS Pack Vendor :STMicroelectronics USB_DEVICE 2.0.0
2025-12-16 17:39:05,511 [INFO] ThirdParty:1030 - CMSIS Pack Vendor :STMicroelectronics X-CUBE-NFC6 3.1.0
2025-12-16 17:39:05,511 [INFO] ThirdParty:1030 - CMSIS Pack Vendor :ARM CMSIS 5.7.0
2025-12-16 17:39:05,511 [INFO] ThirdParty:1030 - CMSIS Pack Vendor :STMicroelectronics X-CUBE-MEMS1 11.0.0
2025-12-16 17:39:05,511 [INFO] ThirdParty:1030 - CMSIS Pack Vendor :STMicroelectronics FreeRTOS 0.0.1
2025-12-16 17:39:05,511 [INFO] ThirdParty:1030 - CMSIS Pack Vendor :STMicroelectronics X-CUBE-DPower 1.2.0
2025-12-16 17:39:05,511 [INFO] ThirdParty:1030 - CMSIS Pack Vendor :STMicroelectronics FP-SNS-FLIGHT1 5.0.2
2025-12-16 17:39:05,511 [INFO] ThirdParty:1030 - CMSIS Pack Vendor :STMicroelectronics PDM2PCM 3.3.0
2025-12-16 17:39:05,511 [INFO] ThirdParty:1030 - CMSIS Pack Vendor :STMicroelectronics X-CUBE-AZRTOS-H7 3.4.0
2025-12-16 17:39:05,511 [INFO] ThirdParty:1030 - CMSIS Pack Vendor :STMicroelectronics X-CUBE-DISPLAY 3.0.0
2025-12-16 17:39:05,511 [INFO] ThirdParty:1030 - CMSIS Pack Vendor :STMicroelectronics X-CUBE-BLE1 7.0.0
2025-12-16 17:39:05,511 [INFO] ThirdParty:1030 - CMSIS Pack Vendor :STMicroelectronics X-CUBE-NFC10 1.0.0
2025-12-16 17:39:05,511 [INFO] ThirdParty:1030 - CMSIS Pack Vendor :STMicroelectronics X-CUBE-BLEMGR 4.0.0
2025-12-16 17:39:05,511 [INFO] ThirdParty:1030 - CMSIS Pack Vendor :STMicroelectronics X-CUBE-FREERTOS 1.3.1
2025-12-16 17:39:05,512 [INFO] ThirdParty:1030 - CMSIS Pack Vendor :STMicroelectronics HAL Drivers 0.0.0
2025-12-16 17:39:05,512 [INFO] ThirdParty:1030 - CMSIS Pack Vendor :STMicroelectronics X-CUBE-ST60 1.1.0
2025-12-16 17:39:05,512 [INFO] ThirdParty:1030 - CMSIS Pack Vendor :emotas I-CUBE-CANOPEN 1.3.0
2025-12-16 17:39:05,512 [INFO] ThirdParty:1030 - CMSIS Pack Vendor :STMicroelectronics X-CUBE-FREERTOS 1.3.0
2025-12-16 17:39:05,512 [INFO] ThirdParty:1030 - CMSIS Pack Vendor :STMicroelectronics X-CUBE-NFC7 1.0.1
2025-12-16 17:39:05,512 [INFO] ThirdParty:1030 - CMSIS Pack Vendor :STMicroelectronics MBEDTLS 2.14.1
2025-12-16 17:39:05,512 [INFO] ThirdParty:1030 - CMSIS Pack Vendor :STMicroelectronics X-CUBE-GNSS1 7.1.0
2025-12-16 17:39:05,512 [INFO] ThirdParty:1030 - CMSIS Pack Vendor :STMicroelectronics X-CUBE-TOUCHGFX 4.26.0
2025-12-16 17:39:05,512 [INFO] ThirdParty:1030 - CMSIS Pack Vendor :STMicroelectronics X-CUBE-BLEMGR 3.1.0
2025-12-16 17:39:05,512 [INFO] ThirdParty:1030 - CMSIS Pack Vendor :STMicroelectronics X-CUBE-AI 10.0.0
2025-12-16 17:39:05,512 [INFO] ThirdParty:1030 - CMSIS Pack Vendor :STMicroelectronics FP-SNS-STAIOTCFT 1.0.0
2025-12-16 17:39:05,512 [INFO] ThirdParty:1030 - CMSIS Pack Vendor :STMicroelectronics FP-SNS-SMARTAG2 1.2.0
2025-12-16 17:39:05,512 [INFO] ThirdParty:1030 - CMSIS Pack Vendor :STMicroelectronics FP-SNS-FLIGHT1 5.1.0
2025-12-16 17:39:05,512 [INFO] ThirdParty:1030 - CMSIS Pack Vendor :STMicroelectronics X-CUBE-MEMS1 11.1.0
2025-12-16 17:39:05,512 [INFO] ThirdParty:1030 - CMSIS Pack Vendor :STMicroelectronics X-CUBE-AZRTOS-WL 2.0.0
2025-12-16 17:39:05,512 [INFO] ThirdParty:1030 - CMSIS Pack Vendor :STMicroelectronics X-CUBE-DPower 1.3.0
2025-12-16 17:39:05,512 [INFO] ThirdParty:1030 - CMSIS Pack Vendor :STMicroelectronics FP-SNS-MOTENV1 5.0.0
2025-12-16 17:39:05,512 [INFO] ThirdParty:1030 - CMSIS Pack Vendor :STMicroelectronics USB_DEVICE 1.0.0
2025-12-16 17:39:05,512 [INFO] ThirdParty:1030 - CMSIS Pack Vendor :STMicroelectronics X-CUBE-AZRTOS-H7RS 1.2.0
2025-12-16 17:39:05,512 [INFO] ThirdParty:1030 - CMSIS Pack Vendor :wolfSSL I-CUBE-wolfMQTT 1.19.0
2025-12-16 17:39:05,512 [INFO] ThirdParty:1030 - CMSIS Pack Vendor :STMicroelectronics X-CUBE-AZRTOS-L4 2.0.0
2025-12-16 17:39:05,512 [INFO] ThirdParty:1030 - CMSIS Pack Vendor :STMicroelectronics ThreadX 0.0.2
2025-12-16 17:39:05,513 [INFO] ThirdParty:1030 - CMSIS Pack Vendor :WES I-CUBE-Cesium 1.3.0
2025-12-16 17:39:05,513 [INFO] ThirdParty:1030 - CMSIS Pack Vendor :STMicroelectronics lwIP 2.1.2
2025-12-16 17:39:05,513 [INFO] ThirdParty:1030 - CMSIS Pack Vendor :STMicroelectronics X-CUBE-SFXS2LP1 4.0.0
2025-12-16 17:39:05,513 [INFO] ThirdParty:1030 - CMSIS Pack Vendor :STMicroelectronics X-CUBE-BLE2 3.3.0
2025-12-16 17:39:05,513 [INFO] ThirdParty:1030 - CMSIS Pack Vendor :Avnet-IOTCONNECT X-CUBE-iotc-st67-sdk 1.0.0
2025-12-16 17:39:05,513 [INFO] ThirdParty:1030 - CMSIS Pack Vendor :STMicroelectronics PDM2PCM 3.2.0
2025-12-16 17:39:05,513 [INFO] ThirdParty:1030 - CMSIS Pack Vendor :STMicroelectronics X-CUBE-AZRTOS-H7 3.3.0
2025-12-16 17:39:05,513 [INFO] ThirdParty:1030 - CMSIS Pack Vendor :STMicroelectronics X-CUBE-NFC9 1.0.0
2025-12-16 17:39:05,513 [INFO] ThirdParty:1030 - CMSIS Pack Vendor :STMicroelectronics X-CUBE-BLE1 7.1.0
2025-12-16 17:39:05,513 [INFO] ThirdParty:1030 - CMSIS Pack Vendor :STMicroelectronics USB_DEVICE 3.0.0
2025-12-16 17:39:05,513 [INFO] ThirdParty:1030 - CMSIS Pack Vendor :STMicroelectronics X-CUBE-TCPP 4.1.0
2025-12-16 17:39:05,513 [INFO] ThirdParty:1030 - CMSIS Pack Vendor :STMicroelectronics X-CUBE-EEPRMA1 5.2.0
2025-12-16 17:39:05,513 [INFO] ThirdParty:1030 - CMSIS Pack Vendor :STMicroelectronics X-CUBE-BLEMGR 4.1.0
2025-12-16 17:39:05,513 [INFO] ThirdParty:1030 - CMSIS Pack Vendor :STMicroelectronics X-CUBE-IPS 3.0.0
2025-12-16 17:39:05,513 [INFO] ThirdParty:1030 - CMSIS Pack Vendor :STMicroelectronics X-CUBE-AZRTOS-WB 2.0.0
2025-12-16 17:39:05,513 [INFO] ThirdParty:1030 - CMSIS Pack Vendor :STMicroelectronics X-CUBE-GNSS1 7.0.0
2025-12-16 17:39:05,513 [INFO] ThirdParty:1030 - CMSIS Pack Vendor :STMicroelectronics X-CUBE-GNSS1 7.0.1
2025-12-16 17:39:05,513 [INFO] ThirdParty:1030 - CMSIS Pack Vendor :STMicroelectronics X-CUBE-TOUCHGFX 4.25.0
2025-12-16 17:39:05,513 [INFO] ThirdParty:1030 - CMSIS Pack Vendor :STMicroelectronics FP-SNS-STBOX1 2.0.0
2025-12-16 17:39:05,513 [INFO] ThirdParty:1030 - CMSIS Pack Vendor :STMicroelectronics X-CUBE-MEMS1 12.0.0
2025-12-16 17:39:05,513 [INFO] ThirdParty:1030 - CMSIS Pack Vendor :STMicroelectronics X-CUBE-AZRTOS-G0 1.1.0
2025-12-16 17:39:05,513 [INFO] ThirdParty:1030 - CMSIS Pack Vendor :STMicroelectronics X-CUBE-SAFEA1 1.2.2
2025-12-16 17:39:05,513 [INFO] ThirdParty:1030 - CMSIS Pack Vendor :STMicroelectronics X-CUBE-NFC4 3.0.0
2025-12-16 17:39:05,513 [INFO] ThirdParty:1030 - CMSIS Pack Vendor :STMicroelectronics X-CUBE-SUBG2 5.0.0
2025-12-16 17:39:05,513 [INFO] ThirdParty:1030 - CMSIS Pack Vendor :STMicroelectronics X-CUBE-AZRTOS-H7RS 1.1.0
2025-12-16 17:39:05,513 [INFO] ThirdParty:1030 - CMSIS Pack Vendor :STMicroelectronics STM32_WPAN 1.0.0
2025-12-16 17:39:05,513 [INFO] ThirdParty:1030 - CMSIS Pack Vendor :EmbeddedOffice I-CUBE-FS-RTOS 1.0.1
2025-12-16 17:39:05,514 [INFO] ThirdParty:1030 - CMSIS Pack Vendor :STMicroelectronics lwIP 2.0.3
2025-12-16 17:39:05,514 [INFO] ThirdParty:1030 - CMSIS Pack Vendor :Cesanta I-CUBE-Mongoose 7.13.0
2025-12-16 17:39:05,514 [INFO] ThirdParty:1030 - CMSIS Pack Vendor :STMicroelectronics USB_HOST 1.0.0
2025-12-16 17:39:05,514 [INFO] ThirdParty:1030 - CMSIS Pack Vendor :STMicroelectronics X-CUBE-AZRTOS-G4 2.0.0
2025-12-16 17:39:05,514 [INFO] ThirdParty:1030 - CMSIS Pack Vendor :STMicroelectronics X-CUBE-WB05N 2.0.0
2025-12-16 17:39:05,514 [INFO] ThirdParty:1030 - CMSIS Pack Vendor :STMicroelectronics PDM2PCM 3.1.0
2025-12-16 17:39:05,514 [INFO] ThirdParty:1030 - CMSIS Pack Vendor :STMicroelectronics X-CUBE-NFC7 2.0.0
2025-12-16 17:39:05,514 [INFO] ThirdParty:1030 - CMSIS Pack Vendor :STMicroelectronics X-CUBE-TCPP 4.2.0
2025-12-16 17:39:05,514 [INFO] ThirdParty:1030 - CMSIS Pack Vendor :RealThread X-CUBE-RT-Thread_Nano 4.1.1
2025-12-16 17:39:05,514 [INFO] ThirdParty:1030 - CMSIS Pack Vendor :STMicroelectronics FP-ATR-SIGFOX1 3.2.0
2025-12-16 17:39:05,514 [INFO] ThirdParty:1030 - CMSIS Pack Vendor :wolfSSL I-CUBE-wolfSSL 5.7.2
2025-12-16 17:39:05,514 [INFO] ThirdParty:1030 - CMSIS Pack Vendor :quantropi X-CUBE-qispace-sdk-base 1.9.3
2025-12-16 17:39:05,514 [INFO] ThirdParty:1030 - CMSIS Pack Vendor :STMicroelectronics X-CUBE-EEPRMA1 5.1.0
2025-12-16 17:39:05,514 [INFO] ThirdParty:1030 - CMSIS Pack Vendor :STMicroelectronics MBEDTLS 2.16.2
2025-12-16 17:39:05,514 [INFO] ThirdParty:1030 - CMSIS Pack Vendor :STMicroelectronics X-CUBE-IPS 3.1.0
2025-12-16 17:39:05,514 [INFO] ThirdParty:1030 - CMSIS Pack Vendor :STMicroelectronics X-CUBE-ALS 1.0.2
2025-12-16 17:39:05,514 [INFO] ThirdParty:1030 - CMSIS Pack Vendor :ITTIA_DB I-CUBE-ITTIADB 8.9.0
2025-12-16 17:39:05,514 [INFO] ThirdParty:1030 - CMSIS Pack Vendor :STMicroelectronics X-CUBE-TOUCHGFX 4.24.1
2025-12-16 17:39:05,514 [INFO] ThirdParty:1030 - CMSIS Pack Vendor :STMicroelectronics X-CUBE-STSE01 1.0.0
2025-12-16 17:39:05,514 [INFO] ThirdParty:1030 - CMSIS Pack Vendor :wolfSSL I-CUBE-wolfTPM 3.4.0
2025-12-16 17:39:05,514 [INFO] ThirdParty:1030 - CMSIS Pack Vendor :portGmbH I-Cube-SoM-uGOAL 1.1.0
2025-12-16 17:39:05,514 [INFO] ThirdParty:1030 - CMSIS Pack Vendor :STMicroelectronics X-CUBE-ST67W61 1.0.0
2025-12-16 17:39:05,514 [INFO] ThirdParty:1030 - CMSIS Pack Vendor :STMicroelectronics X-CUBE-AI 10.2.0
2025-12-16 17:39:05,514 [INFO] ThirdParty:1030 - CMSIS Pack Vendor :STMicroelectronics ThreadX 1.0.0
2025-12-16 17:39:05,514 [INFO] ThirdParty:1030 - CMSIS Pack Vendor :SEGGER I-CUBE-embOS 1.3.1
2025-12-16 17:39:05,514 [INFO] ThirdParty:1030 - CMSIS Pack Vendor :STMicroelectronics X-CUBE-ALGOBUILD 1.4.0
2025-12-16 17:39:05,514 [INFO] ThirdParty:1030 - CMSIS Pack Vendor :STMicroelectronics X-CUBE-MEMS1 11.3.0
2025-12-16 17:39:05,514 [INFO] ThirdParty:1030 - CMSIS Pack Vendor :STMicroelectronics X-CUBE-AZRTOS-H7RS 1.0.0
2025-12-16 17:39:05,514 [INFO] ThirdParty:1030 - CMSIS Pack Vendor :STMicroelectronics FP-ATR-ASTRA1 2.0.0
2025-12-16 17:39:05,514 [INFO] ThirdParty:1030 - CMSIS Pack Vendor :STMicroelectronics X-CUBE-TOF1 3.4.2
2025-12-16 17:39:05,514 [INFO] ThirdParty:1030 - CMSIS Pack Vendor :STMicroelectronics X-CUBE-TOF1 3.4.3
2025-12-16 17:39:05,514 [INFO] ThirdParty:1030 - CMSIS Pack Vendor :STMicroelectronics X-CUBE-AI 9.1.0
2025-12-16 17:39:05,514 [INFO] ThirdParty:1030 - CMSIS Pack Vendor :Infineon AIROC-Wi-Fi-Bluetooth-STM32 1.6.1
2025-12-16 17:39:05,514 [INFO] ThirdParty:1030 - CMSIS Pack Vendor :wolfSSL I-CUBE-wolfSSH 1.4.17
2025-12-16 17:39:05,514 [INFO] ThirdParty:841 - exiting critical section [change project]
2025-12-16 17:39:06,098 [INFO] PinOutPanel:1589 - setPackage(No Configuration,No Configuration)
2025-12-16 17:39:06,099 [INFO] PinOutPanel:1589 - setPackage(STM32H743IITx,LQFP176)
2025-12-16 17:39:06,706 [INFO] UtilMem:75 - Before build in PCC Used Memory: 334359520 Bytes (489684992)
2025-12-16 17:39:07,402 [INFO] UtilMem:75 - After build in PCC Used Memory: 418769888 Bytes (489684992)
2025-12-16 17:39:07,442 [INFO] IPUIPlugin:80 - create IPUIPlugin
2025-12-16 17:39:07,442 [INFO] IPUIPlugin:80 - create IPUIPlugin
2025-12-16 17:39:07,442 [INFO] IPUIPlugin:80 - create IPUIPlugin
2025-12-16 17:39:07,442 [INFO] IPUIPlugin:80 - create IPUIPlugin
2025-12-16 17:39:07,442 [INFO] IPUIPlugin:80 - create IPUIPlugin
2025-12-16 17:39:07,442 [INFO] IPUIPlugin:80 - create IPUIPlugin
2025-12-16 17:39:07,442 [INFO] IPUIPlugin:80 - create IPUIPlugin
2025-12-16 17:39:07,443 [INFO] IPUIPlugin:80 - create IPUIPlugin
2025-12-16 17:39:07,443 [INFO] IPUIPlugin:80 - create IPUIPlugin
2025-12-16 17:39:07,443 [INFO] IPUIPlugin:80 - create IPUIPlugin
2025-12-16 17:39:07,443 [INFO] IPUIPlugin:80 - create IPUIPlugin
2025-12-16 17:39:07,443 [INFO] IPUIPlugin:80 - create IPUIPlugin
2025-12-16 17:39:07,443 [INFO] IPUIPlugin:80 - create IPUIPlugin
2025-12-16 17:39:07,443 [INFO] IPUIPlugin:80 - create IPUIPlugin
2025-12-16 17:39:07,443 [INFO] IPUIPlugin:80 - create IPUIPlugin
2025-12-16 17:39:07,443 [INFO] IPUIPlugin:80 - create IPUIPlugin
2025-12-16 17:39:07,443 [INFO] IPUIPlugin:80 - create IPUIPlugin
2025-12-16 17:39:07,443 [INFO] IPUIPlugin:80 - create IPUIPlugin
2025-12-16 17:39:07,443 [INFO] IPUIPlugin:80 - create IPUIPlugin
2025-12-16 17:39:07,443 [INFO] IPUIPlugin:80 - create IPUIPlugin
2025-12-16 17:39:07,444 [INFO] IPUIPlugin:80 - create IPUIPlugin
2025-12-16 17:39:07,444 [INFO] IPUIPlugin:80 - create IPUIPlugin
2025-12-16 17:39:07,444 [INFO] IPUIPlugin:80 - create IPUIPlugin
2025-12-16 17:39:07,444 [INFO] IPUIPlugin:80 - create IPUIPlugin
2025-12-16 17:39:07,444 [INFO] IPUIPlugin:80 - create IPUIPlugin
2025-12-16 17:39:07,444 [INFO] IPUIPlugin:80 - create IPUIPlugin
2025-12-16 17:39:07,444 [INFO] IPUIPlugin:80 - create IPUIPlugin
2025-12-16 17:39:07,444 [INFO] IPUIPlugin:80 - create IPUIPlugin
2025-12-16 17:39:07,444 [INFO] IPUIPlugin:80 - create IPUIPlugin
2025-12-16 17:39:07,444 [INFO] IPUIPlugin:80 - create IPUIPlugin
2025-12-16 17:39:07,444 [INFO] IPUIPlugin:80 - create IPUIPlugin
2025-12-16 17:39:07,445 [INFO] IPUIPlugin:80 - create IPUIPlugin
2025-12-16 17:39:07,445 [INFO] IPUIPlugin:80 - create IPUIPlugin
2025-12-16 17:39:07,445 [INFO] IPUIPlugin:80 - create IPUIPlugin
2025-12-16 17:39:07,445 [INFO] IPUIPlugin:80 - create IPUIPlugin
2025-12-16 17:39:07,445 [INFO] IPUIPlugin:80 - create IPUIPlugin
2025-12-16 17:39:07,445 [INFO] IPUIPlugin:80 - create IPUIPlugin
2025-12-16 17:39:07,446 [INFO] IPUIPlugin:80 - create IPUIPlugin
2025-12-16 17:39:07,446 [INFO] IPUIPlugin:80 - create IPUIPlugin
2025-12-16 17:39:07,446 [INFO] IPUIPlugin:80 - create IPUIPlugin
2025-12-16 17:39:07,446 [INFO] IPUIPlugin:80 - create IPUIPlugin
2025-12-16 17:39:07,446 [INFO] IPUIPlugin:80 - create IPUIPlugin
2025-12-16 17:39:07,446 [INFO] IPUIPlugin:80 - create IPUIPlugin
2025-12-16 17:39:07,446 [INFO] IPUIPlugin:80 - create IPUIPlugin
2025-12-16 17:39:07,452 [INFO] IPUIPlugin:80 - create IPUIPlugin
2025-12-16 17:39:07,452 [INFO] IPUIPlugin:80 - create IPUIPlugin
2025-12-16 17:39:07,453 [INFO] IPUIPlugin:80 - create IPUIPlugin
2025-12-16 17:39:07,453 [INFO] IPUIPlugin:80 - create IPUIPlugin
2025-12-16 17:39:07,453 [INFO] IPUIPlugin:80 - create IPUIPlugin
2025-12-16 17:39:07,453 [INFO] IPUIPlugin:80 - create IPUIPlugin
2025-12-16 17:39:07,453 [INFO] IPUIPlugin:80 - create IPUIPlugin
2025-12-16 17:39:07,453 [INFO] IPUIPlugin:80 - create IPUIPlugin
2025-12-16 17:39:07,454 [INFO] IPUIPlugin:80 - create IPUIPlugin
2025-12-16 17:39:07,454 [INFO] IPUIPlugin:80 - create IPUIPlugin
2025-12-16 17:39:07,454 [INFO] IPUIPlugin:80 - create IPUIPlugin
2025-12-16 17:39:07,454 [INFO] IPUIPlugin:80 - create IPUIPlugin
2025-12-16 17:39:07,454 [INFO] IPUIPlugin:80 - create IPUIPlugin
2025-12-16 17:39:07,454 [INFO] IPUIPlugin:80 - create IPUIPlugin
2025-12-16 17:39:07,454 [INFO] IPUIPlugin:80 - create IPUIPlugin
2025-12-16 17:39:07,455 [INFO] IPUIPlugin:80 - create IPUIPlugin
2025-12-16 17:39:07,455 [INFO] IPUIPlugin:80 - create IPUIPlugin
2025-12-16 17:39:07,455 [INFO] IPUIPlugin:80 - create IPUIPlugin
2025-12-16 17:39:07,455 [INFO] IPUIPlugin:80 - create IPUIPlugin
2025-12-16 17:39:07,455 [INFO] IPUIPlugin:80 - create IPUIPlugin
2025-12-16 17:39:07,455 [INFO] IPUIPlugin:80 - create IPUIPlugin
2025-12-16 17:39:07,455 [INFO] IPUIPlugin:80 - create IPUIPlugin
2025-12-16 17:39:07,456 [INFO] IPUIPlugin:80 - create IPUIPlugin
2025-12-16 17:39:07,456 [INFO] IPUIPlugin:80 - create IPUIPlugin
2025-12-16 17:39:07,456 [INFO] IPUIPlugin:80 - create IPUIPlugin
2025-12-16 17:39:07,456 [INFO] IPUIPlugin:80 - create IPUIPlugin
2025-12-16 17:39:07,456 [INFO] IPUIPlugin:80 - create IPUIPlugin
2025-12-16 17:39:07,456 [INFO] IPUIPlugin:80 - create IPUIPlugin
2025-12-16 17:39:07,457 [INFO] IPUIPlugin:80 - create IPUIPlugin
2025-12-16 17:39:07,457 [INFO] IPUIPlugin:80 - create IPUIPlugin
2025-12-16 17:39:07,457 [INFO] IPUIPlugin:80 - create IPUIPlugin
2025-12-16 17:39:07,457 [INFO] IPUIPlugin:80 - create IPUIPlugin
2025-12-16 17:39:07,457 [INFO] IPUIPlugin:80 - create IPUIPlugin
2025-12-16 17:39:07,457 [INFO] IPUIPlugin:80 - create IPUIPlugin
2025-12-16 17:39:07,458 [INFO] IPUIPlugin:80 - create IPUIPlugin
2025-12-16 17:39:07,458 [INFO] IPUIPlugin:80 - create IPUIPlugin
2025-12-16 17:39:07,458 [INFO] IPUIPlugin:80 - create IPUIPlugin
2025-12-16 17:39:07,458 [INFO] IPUIPlugin:80 - create IPUIPlugin
2025-12-16 17:39:07,458 [INFO] IPUIPlugin:80 - create IPUIPlugin
2025-12-16 17:39:07,459 [INFO] IPUIPlugin:80 - create IPUIPlugin
2025-12-16 17:39:07,459 [INFO] IPUIPlugin:80 - create IPUIPlugin
2025-12-16 17:39:07,459 [INFO] IPUIPlugin:80 - create IPUIPlugin
2025-12-16 17:39:07,459 [INFO] IPUIPlugin:80 - create IPUIPlugin
2025-12-16 17:39:07,460 [INFO] IPUIPlugin:80 - create IPUIPlugin
2025-12-16 17:39:07,460 [INFO] IPUIPlugin:80 - create IPUIPlugin
2025-12-16 17:39:07,460 [INFO] IPUIPlugin:80 - create IPUIPlugin
2025-12-16 17:39:07,461 [INFO] IPUIPlugin:80 - create IPUIPlugin
2025-12-16 17:39:07,461 [INFO] IPUIPlugin:80 - create IPUIPlugin
2025-12-16 17:39:07,461 [INFO] IPUIPlugin:80 - create IPUIPlugin
2025-12-16 17:39:07,462 [INFO] IPUIPlugin:80 - create IPUIPlugin
2025-12-16 17:39:07,462 [INFO] IPUIPlugin:80 - create IPUIPlugin
2025-12-16 17:39:07,462 [INFO] IPUIPlugin:80 - create IPUIPlugin
2025-12-16 17:39:07,463 [INFO] IPUIPlugin:80 - create IPUIPlugin
2025-12-16 17:39:07,463 [INFO] IPUIPlugin:80 - create IPUIPlugin
2025-12-16 17:39:07,548 [INFO] ApiDbMcu:508 - Load IP Config File for PDM2PCM
2025-12-16 17:39:07,757 [INFO] CADModel:165 - CPN selected for project levelSTM32H743IIT6
2025-12-16 17:39:07,757 [INFO] CADModel:114 - Register for checkConnection events
2025-12-16 17:39:07,816 [INFO] OpenFileManager:363 - Restore cursor
2025-12-16 17:41:22,490 [ERROR] LogOutputStream:75 - [STDERR_REDIRECT] 
2025-12-16 17:41:31,506 [INFO] Activator:176 - 


2025-12-16 17:41:31,507 [INFO] Activator:177 - !SESSION log4j initialized
2025-12-16 17:41:35,850 [INFO] LogOutputStream:77 - [STDOUT_REDIRECT] 
2025-12-16 17:41:36,661 [INFO] ApplicationProperties:184 - Using Application install path: C:\ST\STM32CubeIDE_1.17.0\STM32CubeIDE\plugins\com.st.stm32cube.common.mx_6.13.0.202411220809
2025-12-16 17:41:36,674 [INFO] DbMcusXml:78 - Set database path to: C:\ST\STM32CubeIDE_1.17.0\STM32CubeIDE\plugins\com.st.stm32cube.common.mx_6.13.0.202411220809\\db\/mcu/
2025-12-16 17:41:36,674 [INFO] ApiDb:274 - Set plugin database path to: C:\ST\STM32CubeIDE_1.17.0\STM32CubeIDE\plugins\com.st.stm32cube.common.mx_6.13.0.202411220809\\db\/plugins/boardmanager/
2025-12-16 17:41:36,674 [WARN] ApiDb:259 - Overriding images path with different value:  => C:\ST\STM32CubeIDE_1.17.0\STM32CubeIDE\plugins\com.st.stm32cube.common.mx_6.13.0.202411220809\\db\/plugins/mcufinder/images/
2025-12-16 17:41:36,679 [INFO] ApiDb:250 - Set database path to: C:\Users\kamil\.stmcufinder\plugins\mcufinder//mcu/
2025-12-16 17:41:36,680 [INFO] DbMcusAds:125 - Set database path to: C:\Users\kamil\.stmcufinder\plugins\mcufinder//mcu/
2025-12-16 17:41:36,681 [INFO] CrossReferenceDbSqlite:203 - Set database path to: C:\Users\kamil\.stmcufinder\plugins\mcufinder//mcu/cs/
2025-12-16 17:41:36,777 [INFO] RulesReader:64 - Compatibility file has been processed (297 Rules)
2025-12-16 17:41:36,838 [INFO] DbMcusXml:78 - Set database path to: C:\ST\STM32CubeIDE_1.17.0\STM32CubeIDE\plugins\com.st.stm32cube.common.mx_6.13.0.202411220809\\db\/mcu/
2025-12-16 17:41:36,838 [INFO] ApiDb:274 - Set plugin database path to: C:\ST\STM32CubeIDE_1.17.0\STM32CubeIDE\plugins\com.st.stm32cube.common.mx_6.13.0.202411220809\\db\/plugins/boardmanager/
2025-12-16 17:41:36,838 [INFO] ApiDb:261 - Set plugin images path to: C:\ST\STM32CubeIDE_1.17.0\STM32CubeIDE\plugins\com.st.stm32cube.common.mx_6.13.0.202411220809\\db\/plugins/mcufinder/images/
2025-12-16 17:41:36,839 [WARN] DbFile:41 - Overriding database path with different value: C:\Users\kamil\.stmcufinder\plugins\mcufinder/ => C:\Users\kamil\.stmcufinder\plugins\mcufinder
2025-12-16 17:41:36,839 [INFO] ApiDb:250 - Set database path to: C:\Users\kamil\.stmcufinder\plugins\mcufinder//mcu/
2025-12-16 17:41:36,839 [WARN] DbFile:41 - Overriding database path with different value: C:\Users\kamil\.stmcufinder\plugins\mcufinder/ => C:\Users\kamil\.stmcufinder\plugins\mcufinder
2025-12-16 17:41:36,839 [INFO] DbMcusAds:125 - Set database path to: C:\Users\kamil\.stmcufinder\plugins\mcufinder//mcu/
2025-12-16 17:41:36,839 [WARN] DbFile:41 - Overriding database path with different value: C:\Users\kamil\.stmcufinder\plugins\mcufinder/ => C:\Users\kamil\.stmcufinder\plugins\mcufinder
2025-12-16 17:41:36,839 [WARN] DbFile:41 - Overriding database path with different value: C:\Users\kamil\.stmcufinder\plugins\mcufinder/ => C:\Users\kamil\.stmcufinder\plugins\mcufinder
2025-12-16 17:41:36,839 [INFO] CrossReferenceDbSqlite:203 - Set database path to: C:\Users\kamil\.stmcufinder\plugins\mcufinder//mcu/cs/
2025-12-16 17:41:36,898 [INFO] MainPanel:272 - HeapMemory: 268435456
2025-12-16 17:41:36,960 [INFO] DbMcusXml:78 - Set database path to: C:\ST\STM32CubeIDE_1.17.0\STM32CubeIDE\plugins\com.st.stm32cube.common.mx_6.13.0.202411220809\\db\/mcu/
2025-12-16 17:41:36,961 [INFO] ApiDb:274 - Set plugin database path to: C:\ST\STM32CubeIDE_1.17.0\STM32CubeIDE\plugins\com.st.stm32cube.common.mx_6.13.0.202411220809\\db\/plugins/boardmanager/
2025-12-16 17:41:36,961 [INFO] ApiDb:261 - Set plugin images path to: C:\ST\STM32CubeIDE_1.17.0\STM32CubeIDE\plugins\com.st.stm32cube.common.mx_6.13.0.202411220809\\db\/plugins/mcufinder/images/
2025-12-16 17:41:36,961 [WARN] DbFile:41 - Overriding database path with different value: C:\Users\kamil\.stmcufinder\plugins\mcufinder/ => C:\Users\kamil\.stmcufinder\plugins\mcufinder
2025-12-16 17:41:36,961 [INFO] ApiDb:250 - Set database path to: C:\Users\kamil\.stmcufinder\plugins\mcufinder//mcu/
2025-12-16 17:41:36,961 [WARN] DbFile:41 - Overriding database path with different value: C:\Users\kamil\.stmcufinder\plugins\mcufinder/ => C:\Users\kamil\.stmcufinder\plugins\mcufinder
2025-12-16 17:41:36,961 [INFO] DbMcusAds:125 - Set database path to: C:\Users\kamil\.stmcufinder\plugins\mcufinder//mcu/
2025-12-16 17:41:36,961 [WARN] DbFile:41 - Overriding database path with different value: C:\Users\kamil\.stmcufinder\plugins\mcufinder/ => C:\Users\kamil\.stmcufinder\plugins\mcufinder
2025-12-16 17:41:36,961 [WARN] DbFile:41 - Overriding database path with different value: C:\Users\kamil\.stmcufinder\plugins\mcufinder/ => C:\Users\kamil\.stmcufinder\plugins\mcufinder
2025-12-16 17:41:36,961 [INFO] CrossReferenceDbSqlite:203 - Set database path to: C:\Users\kamil\.stmcufinder\plugins\mcufinder//mcu/cs/
2025-12-16 17:41:36,975 [INFO] ApplicationProperties:184 - Using Application install path: C:\ST\STM32CubeIDE_1.17.0\STM32CubeIDE\plugins\com.st.stm32cube.common.mx_6.13.0.202411220809
2025-12-16 17:41:36,977 [INFO] PluginManage:196 - Search for loadable plugins [exclusion list=, ]
2025-12-16 17:41:36,978 [INFO] PluginManage:310 - Check plugin analytics
2025-12-16 17:41:37,152 [INFO] AnalyticsPlugin:253 - Accepted Software Licenses: 
2025-12-16 17:41:37,152 [INFO] AnalyticsPlugin:255 - Accepted CMSIS Pack Licenses: 
2025-12-16 17:41:37,152 [INFO] AnalyticsPlugin:257 - Accepted Firmware Licenses: FW.F7.1.17.0
2025-12-16 17:41:37,155 [INFO] PluginManage:359 - Loaded plugin analytics (category:tool,tabindex:-1)
2025-12-16 17:41:37,155 [INFO] PluginManage:310 - Check plugin cadmodel
2025-12-16 17:41:37,161 [INFO] CADModel:105 - Init CAD model plugin
2025-12-16 17:41:37,161 [INFO] PluginManage:359 - Loaded plugin cadmodel (category:power,tabindex:5)
2025-12-16 17:41:37,161 [INFO] PluginManage:310 - Check plugin clock
2025-12-16 17:41:37,169 [INFO] PluginManage:359 - Loaded plugin clock (category:base,tabindex:2)
2025-12-16 17:41:37,170 [INFO] PluginManage:310 - Check plugin ddr
2025-12-16 17:41:37,171 [INFO] PluginManage:359 - Loaded plugin ddr (category:tool,tabindex:6)
2025-12-16 17:41:37,172 [INFO] PluginManage:310 - Check plugin filemanager
2025-12-16 17:41:37,306 [INFO] PluginManage:359 - Loaded plugin filemanager (category:base,tabindex:10)
2025-12-16 17:41:37,306 [INFO] PluginManage:310 - Check plugin ipmanager
2025-12-16 17:41:37,312 [INFO] PluginManage:359 - Loaded plugin ipmanager (category:base,tabindex:5)
2025-12-16 17:41:37,312 [INFO] PluginManage:310 - Check plugin lpbam
2025-12-16 17:41:37,319 [INFO] PluginManage:359 - Loaded plugin lpbam (category:base,tabindex:0)
2025-12-16 17:41:37,321 [INFO] PluginManage:310 - Check plugin memorymap
2025-12-16 17:41:37,334 [INFO] PluginManage:359 - Loaded plugin memorymap (category:base,tabindex:4)
2025-12-16 17:41:37,335 [INFO] PluginManage:310 - Check plugin pinoutandconfiguration
2025-12-16 17:41:37,345 [INFO] PluginManage:359 - Loaded plugin pinoutandconfiguration (category:base,tabindex:1)
2025-12-16 17:41:37,346 [INFO] PluginManage:310 - Check plugin pinoutconfig
2025-12-16 17:41:37,432 [WARN] SupportedApi:132 - Cannot load RTOS API schema: s4s-elt-must-match.1: The content of 'definitions' must match (annotation?, (simpleType | complexType)?, (unique | key | keyref)*)). A problem was found starting at: attribute.
2025-12-16 17:41:37,561 [INFO] PluginManage:359 - Loaded plugin pinoutconfig (category:base,tabindex:0)
2025-12-16 17:41:37,561 [INFO] PluginManage:310 - Check plugin power
2025-12-16 17:41:37,570 [INFO] PluginManage:359 - Loaded plugin power (category:power,tabindex:4)
2025-12-16 17:41:37,570 [INFO] PluginManage:310 - Check plugin projectmanager
2025-12-16 17:41:37,585 [INFO] PluginManage:359 - Loaded plugin projectmanager (category:projectmanager,tabindex:4)
2025-12-16 17:41:37,585 [INFO] PluginManage:310 - Check plugin rif
2025-12-16 17:41:37,592 [INFO] PluginManage:359 - Loaded plugin rif (category:base,tabindex:3)
2025-12-16 17:41:37,593 [INFO] PluginManage:310 - Check plugin thirdparty
2025-12-16 17:41:37,715 [WARN] IntegrityCheckThread:84 - waiting for thirdparty lock release [integrity check]
2025-12-16 17:41:37,715 [INFO] IntegrityCheckThread:86 - entering critical section [integrity check]
2025-12-16 17:41:37,715 [INFO] PluginManage:359 - Loaded plugin thirdparty (category:base,tabindex:-1)
2025-12-16 17:41:37,716 [INFO] PluginManage:310 - Check plugin tools
2025-12-16 17:41:37,716 [INFO] ThirdPartyUpdaterWithRetryManager:70 - Updater plugin not ready yet. [1/15]
2025-12-16 17:41:37,719 [INFO] PluginManage:359 - Loaded plugin tools (category:base,tabindex:7)
2025-12-16 17:41:37,719 [INFO] PluginManage:310 - Check plugin tutovideos
2025-12-16 17:41:37,886 [INFO] PluginManage:359 - Loaded plugin tutovideos (category:base,tabindex:-1)
2025-12-16 17:41:37,886 [INFO] PluginManage:310 - Check plugin updater
2025-12-16 17:41:37,908 [INFO] PluginManage:359 - Loaded plugin updater (category:base,tabindex:12)
2025-12-16 17:41:37,908 [INFO] PluginManage:310 - Check plugin userauth
2025-12-16 17:41:37,911 [INFO] UserAuth:118 - Init User Auth plugin
2025-12-16 17:41:37,911 [INFO] PluginManage:359 - Loaded plugin userauth (category:base,tabindex:14)
2025-12-16 17:41:37,911 [INFO] PluginManage:283 - PluginManage : Loaded plugins [18]
2025-12-16 17:41:38,054 [INFO] PinOutPanel:1589 - setPackage(No Configuration,No Configuration)
2025-12-16 17:41:38,123 [INFO] CADModel:165 - CPN selected for project level
2025-12-16 17:41:38,123 [INFO] CADModel:114 - Register for checkConnection events
2025-12-16 17:41:38,135 [INFO] IPUIPlugin:80 - create IPUIPlugin
2025-12-16 17:41:38,135 [INFO] PluginManager:220 - loadIPPluginJar : add adc
2025-12-16 17:41:38,137 [INFO] IPUIPlugin:80 - create IPUIPlugin
2025-12-16 17:41:38,137 [INFO] PluginManager:220 - loadIPPluginJar : add aes
2025-12-16 17:41:38,140 [INFO] IPUIPlugin:80 - create IPUIPlugin
2025-12-16 17:41:38,140 [INFO] PluginManager:220 - loadIPPluginJar : add can
2025-12-16 17:41:38,141 [INFO] IPUIPlugin:80 - create IPUIPlugin
2025-12-16 17:41:38,141 [INFO] PluginManager:220 - loadIPPluginJar : add comp
2025-12-16 17:41:38,143 [INFO] IPUIPlugin:80 - create IPUIPlugin
2025-12-16 17:41:38,144 [INFO] PluginManager:220 - loadIPPluginJar : add cryp
2025-12-16 17:41:38,145 [INFO] IPUIPlugin:80 - create IPUIPlugin
2025-12-16 17:41:38,146 [INFO] PluginManager:220 - loadIPPluginJar : add ddr_ctrl_phy
2025-12-16 17:41:38,147 [INFO] IPUIPlugin:80 - create IPUIPlugin
2025-12-16 17:41:38,147 [INFO] PluginManager:220 - loadIPPluginJar : add dfsdm
2025-12-16 17:41:38,151 [INFO] IPUIPlugin:80 - create IPUIPlugin
2025-12-16 17:41:38,151 [INFO] PluginManager:220 - loadIPPluginJar : add dma
2025-12-16 17:41:38,153 [INFO] IPUIPlugin:80 - create IPUIPlugin
2025-12-16 17:41:38,153 [INFO] PluginManager:220 - loadIPPluginJar : add dma3
2025-12-16 17:41:38,155 [INFO] IPUIPlugin:80 - create IPUIPlugin
2025-12-16 17:41:38,155 [INFO] PluginManager:220 - loadIPPluginJar : add extmemmanager
2025-12-16 17:41:38,156 [INFO] IPUIPlugin:80 - create IPUIPlugin
2025-12-16 17:41:38,156 [INFO] PluginManager:220 - loadIPPluginJar : add fatfs
2025-12-16 17:41:38,159 [INFO] IPUIPlugin:80 - create IPUIPlugin
2025-12-16 17:41:38,160 [INFO] PluginManager:220 - loadIPPluginJar : add fmc
2025-12-16 17:41:38,166 [INFO] IPUIPlugin:80 - create IPUIPlugin
2025-12-16 17:41:38,166 [INFO] PluginManager:220 - loadIPPluginJar : add freertos
2025-12-16 17:41:38,167 [INFO] IPUIPlugin:80 - create IPUIPlugin
2025-12-16 17:41:38,167 [INFO] PluginManager:220 - loadIPPluginJar : add genericplugin
2025-12-16 17:41:38,169 [INFO] IPUIPlugin:80 - create IPUIPlugin
2025-12-16 17:41:38,169 [INFO] PluginManager:220 - loadIPPluginJar : add gfxmmu
2025-12-16 17:41:38,173 [INFO] IPUIPlugin:80 - create IPUIPlugin
2025-12-16 17:41:38,173 [INFO] PluginManager:220 - loadIPPluginJar : add gic
2025-12-16 17:41:38,175 [INFO] IPUIPlugin:80 - create IPUIPlugin
2025-12-16 17:41:38,176 [INFO] PluginManager:220 - loadIPPluginJar : add gpio
2025-12-16 17:41:38,177 [INFO] IPUIPlugin:80 - create IPUIPlugin
2025-12-16 17:41:38,177 [INFO] PluginManager:220 - loadIPPluginJar : add gtzc
2025-12-16 17:41:38,179 [INFO] IPUIPlugin:80 - create IPUIPlugin
2025-12-16 17:41:38,179 [INFO] PluginManager:220 - loadIPPluginJar : add hash
2025-12-16 17:41:38,181 [INFO] IPUIPlugin:80 - create IPUIPlugin
2025-12-16 17:41:38,181 [INFO] PluginManager:220 - loadIPPluginJar : add i2c
2025-12-16 17:41:38,183 [INFO] IPUIPlugin:80 - create IPUIPlugin
2025-12-16 17:41:38,183 [INFO] PluginManager:220 - loadIPPluginJar : add i2s
2025-12-16 17:41:38,185 [INFO] IPUIPlugin:80 - create IPUIPlugin
2025-12-16 17:41:38,186 [INFO] PluginManager:220 - loadIPPluginJar : add i3c
2025-12-16 17:41:38,188 [INFO] IPUIPlugin:80 - create IPUIPlugin
2025-12-16 17:41:38,188 [INFO] PluginManager:220 - loadIPPluginJar : add ipddr
2025-12-16 17:41:38,194 [INFO] IPUIPlugin:80 - create IPUIPlugin
2025-12-16 17:41:38,194 [INFO] PluginManager:220 - loadIPPluginJar : add linkedlist
2025-12-16 17:41:38,199 [INFO] IPUIPlugin:80 - create IPUIPlugin
2025-12-16 17:41:38,199 [INFO] PluginManager:220 - loadIPPluginJar : add lorawan
2025-12-16 17:41:38,200 [INFO] IPUIPlugin:80 - create IPUIPlugin
2025-12-16 17:41:38,200 [INFO] PluginManager:220 - loadIPPluginJar : add ltdc
2025-12-16 17:41:38,206 [INFO] IPUIPlugin:80 - create IPUIPlugin
2025-12-16 17:41:38,206 [INFO] PluginManager:220 - loadIPPluginJar : add mdma
2025-12-16 17:41:38,208 [INFO] IPUIPlugin:80 - create IPUIPlugin
2025-12-16 17:41:38,208 [INFO] PluginManager:220 - loadIPPluginJar : add nvic
2025-12-16 17:41:38,211 [INFO] IPUIPlugin:80 - create IPUIPlugin
2025-12-16 17:41:38,211 [INFO] PluginManager:220 - loadIPPluginJar : add opamp
2025-12-16 17:41:38,215 [INFO] IPUIPlugin:80 - create IPUIPlugin
2025-12-16 17:41:38,215 [INFO] PluginManager:220 - loadIPPluginJar : add openamp
2025-12-16 17:41:38,217 [INFO] IPUIPlugin:80 - create IPUIPlugin
2025-12-16 17:41:38,217 [INFO] PluginManager:220 - loadIPPluginJar : add pdm2pcm
2025-12-16 17:41:38,224 [INFO] IPUIPlugin:80 - create IPUIPlugin
2025-12-16 17:41:38,227 [INFO] PluginManager:220 - loadIPPluginJar : add plateformsettings
2025-12-16 17:41:38,229 [INFO] IPUIPlugin:80 - create IPUIPlugin
2025-12-16 17:41:38,229 [INFO] PluginManager:220 - loadIPPluginJar : add quadspi
2025-12-16 17:41:38,230 [INFO] IPUIPlugin:80 - create IPUIPlugin
2025-12-16 17:41:38,231 [INFO] PluginManager:220 - loadIPPluginJar : add radio
2025-12-16 17:41:38,234 [INFO] IPUIPlugin:80 - create IPUIPlugin
2025-12-16 17:41:38,234 [INFO] PluginManager:220 - loadIPPluginJar : add resmgrutility
2025-12-16 17:41:38,237 [INFO] IPUIPlugin:80 - create IPUIPlugin
2025-12-16 17:41:38,237 [INFO] PluginManager:220 - loadIPPluginJar : add sai
2025-12-16 17:41:38,239 [INFO] IPUIPlugin:80 - create IPUIPlugin
2025-12-16 17:41:38,239 [INFO] PluginManager:220 - loadIPPluginJar : add spi
2025-12-16 17:41:38,244 [INFO] IPUIPlugin:80 - create IPUIPlugin
2025-12-16 17:41:38,244 [INFO] PluginManager:220 - loadIPPluginJar : add stm32_wpan
2025-12-16 17:41:38,245 [INFO] IPUIPlugin:80 - create IPUIPlugin
2025-12-16 17:41:38,245 [INFO] PluginManager:220 - loadIPPluginJar : add tim
2025-12-16 17:41:38,250 [INFO] IPUIPlugin:80 - create IPUIPlugin
2025-12-16 17:41:38,250 [INFO] PluginManager:220 - loadIPPluginJar : add touchsensing
2025-12-16 17:41:38,253 [INFO] IPUIPlugin:80 - create IPUIPlugin
2025-12-16 17:41:38,253 [INFO] PluginManager:220 - loadIPPluginJar : add tracer_emb
2025-12-16 17:41:38,255 [INFO] IPUIPlugin:80 - create IPUIPlugin
2025-12-16 17:41:38,255 [INFO] PluginManager:220 - loadIPPluginJar : add ts
2025-12-16 17:41:38,257 [INFO] IPUIPlugin:80 - create IPUIPlugin
2025-12-16 17:41:38,257 [INFO] PluginManager:220 - loadIPPluginJar : add tsc
2025-12-16 17:41:38,261 [INFO] IPUIPlugin:80 - create IPUIPlugin
2025-12-16 17:41:38,261 [INFO] PluginManager:220 - loadIPPluginJar : add ucpd
2025-12-16 17:41:38,265 [INFO] IPUIPlugin:80 - create IPUIPlugin
2025-12-16 17:41:38,265 [INFO] PluginManager:220 - loadIPPluginJar : add usart
2025-12-16 17:41:38,269 [INFO] IPUIPlugin:80 - create IPUIPlugin
2025-12-16 17:41:38,269 [INFO] PluginManager:220 - loadIPPluginJar : add usbx
2025-12-16 17:41:38,413 [FATAL] Updater:351 - Updater called before beeing initialized
2025-12-16 17:41:38,432 [INFO] RulesReader:64 - Compatibility file has been processed (297 Rules)
2025-12-16 17:41:38,440 [INFO] RulesReader:64 - Compatibility file has been processed (297 Rules)
2025-12-16 17:41:38,446 [INFO] CADModel:165 - CPN selected for project level
2025-12-16 17:41:38,446 [INFO] CADModel:114 - Register for checkConnection events
2025-12-16 17:41:38,446 [FATAL] Updater:351 - Updater called before beeing initialized
2025-12-16 17:41:38,446 [ERROR] CADModel:125 - Updater not yet initialized, retry later 
2025-12-16 17:41:38,495 [INFO] McuFinderGlobals:63 - Set McuFinder mode to 2 (CubeIDE integrated)
2025-12-16 17:41:38,558 [FATAL] Updater:351 - Updater called before beeing initialized
2025-12-16 17:41:38,559 [INFO] CADModel:165 - CPN selected for project level
2025-12-16 17:41:38,559 [INFO] CADModel:114 - Register for checkConnection events
2025-12-16 17:41:38,559 [FATAL] Updater:351 - Updater called before beeing initialized
2025-12-16 17:41:38,559 [ERROR] CADModel:125 - Updater not yet initialized, retry later 
2025-12-16 17:41:38,563 [FATAL] Updater:351 - Updater called before beeing initialized
2025-12-16 17:41:38,639 [FATAL] Updater:351 - Updater called before beeing initialized
2025-12-16 17:41:38,643 [INFO] DbMcusAds:53 - JSON generation date=Thu Oct 02 11:36:05 CEST 2025 (1759397765645)
2025-12-16 17:41:38,643 [FATAL] Updater:351 - Updater called before beeing initialized
2025-12-16 17:41:38,667 [WARN] DetailPanel:346 - Failed to get advertising image, set to default
2025-12-16 17:41:38,828 [FATAL] Updater:351 - Updater called before beeing initialized
2025-12-16 17:41:38,829 [FATAL] Updater:351 - Updater called before beeing initialized
2025-12-16 17:41:38,830 [FATAL] Updater:351 - Updater called before beeing initialized
2025-12-16 17:41:38,830 [WARN] DetailPanel:346 - Failed to get advertising image, set to default
2025-12-16 17:41:38,830 [FATAL] Updater:351 - Updater called before beeing initialized
2025-12-16 17:41:38,862 [ERROR] Updater:1198 - MainUpdater not yet initialized. External WinMGr cannot be set.
2025-12-16 17:41:38,863 [INFO] Updater:1134 - Updater Version found : 6.13.0
2025-12-16 17:41:38,876 [INFO] ApplicationProperties:184 - Using Application install path: C:\ST\STM32CubeIDE_1.17.0\STM32CubeIDE\plugins\com.st.stm32cube.common.mx_6.13.0.202411220809
2025-12-16 17:41:39,082 [INFO] MainUpdater:2872 - connection check result : 10
2025-12-16 17:41:39,083 [INFO] MainUpdater:289 - Updater Check For Update Now.
2025-12-16 17:41:39,083 [INFO] MicroXplorer:498 - Change Database Version : DB.6.0.130
2025-12-16 17:41:39,092 [INFO] McuFinderGlobals:63 - Set McuFinder mode to 2 (CubeIDE integrated)
2025-12-16 17:41:39,092 [INFO] UserAuth:171 - activating auth plugin
2025-12-16 17:41:39,095 [INFO] UserAuth:486 - Internet connection configuration mode: 1
2025-12-16 17:41:39,108 [INFO] JxBrowserEngine:152 - Initiate JxBrowser Engine with user profile folder
2025-12-16 17:41:39,242 [INFO] CheckServerUpdateThread:120 - End of CheckServer Thread
2025-12-16 17:41:39,293 [INFO] MainUpdater:2872 - connection check result : 10
2025-12-16 17:41:39,294 [INFO] MainUpdater:2872 - connection check result : 10
2025-12-16 17:41:39,327 [INFO] MicroXplorer:468 - Change Database Path : 
2025-12-16 17:41:39,327 [INFO] MicroXplorer:498 - Change Database Version : DB.6.0.130
2025-12-16 17:41:39,332 [WARN] ThirdParty:871 - waiting for thirdparty lock release [close project]
2025-12-16 17:41:39,740 [INFO] WebApp:168 - Instantiating new browser for Auth
2025-12-16 17:41:40,387 [INFO] WebApp:449 - Apply proxy settings
2025-12-16 17:41:40,388 [INFO] WebApp:534 - Chromium requires no authentication
2025-12-16 17:41:40,397 [INFO] WebApp:477 - Direct internet connection detected
2025-12-16 17:41:40,420 [INFO] WebApp:880 - Register for checkConnection events
2025-12-16 17:41:40,420 [INFO] WebApp:449 - Apply proxy settings
2025-12-16 17:41:40,420 [INFO] WebApp:534 - Chromium requires no authentication
2025-12-16 17:41:40,420 [INFO] WebApp:477 - Direct internet connection detected
2025-12-16 17:41:40,577 [INFO] WebApp:221 - Starting web application
2025-12-16 17:41:40,577 [INFO] WebApp:579 - Web application path used C:\ST\STM32CubeIDE_1.17.0\STM32CubeIDE\plugins\com.st.stm32cube.common.mx_6.13.0.202411220809\db\plugins\mcufinder\reactClient1\index.html
2025-12-16 17:41:40,915 [WARN] PackLoader:240 - Cannot read IP mode file for STMicroelectronics.FP-SNS-MOTENVWB1.1.4.0
2025-12-16 17:41:40,925 [WARN] PackLoader:240 - Cannot read IP mode file for STMicroelectronics.FP-ATR-ASTRA1.2.0.2
2025-12-16 17:41:40,930 [WARN] PackLoader:240 - Cannot read IP mode file for STMicroelectronics.FP-ATR-ASTRA1.2.0.1
2025-12-16 17:41:40,943 [WARN] PackLoader:240 - Cannot read IP mode file for STMicroelectronics.X-CUBE-SMBUS.2.1.0
2025-12-16 17:41:40,956 [WARN] PackLoader:240 - Cannot read IP mode file for STMicroelectronics.X-CUBE-WB05N.1.1.0
2025-12-16 17:41:40,963 [WARN] PackLoader:240 - Cannot read IP mode file for STMicroelectronics.X-CUBE-ST60.1.0.0
2025-12-16 17:41:40,993 [WARN] PackLoader:240 - Cannot read IP mode file for STMicroelectronics.X-CUBE-AZRTOS-F7.1.1.0
2025-12-16 17:41:40,995 [INFO] WebApp:187 - Connection restablished
2025-12-16 17:41:41,218 [WARN] PackLoader:240 - Cannot read IP mode file for STMicroelectronics.X-CUBE-MEMS1.11.0.0
2025-12-16 17:41:41,338 [ERROR] Engine:466 - C:\Users\kamil\.stm32cubemx\thirdparties\pdsc\STMicroelectronics.FP-SNS-MOTENV1.5.1.0.pdsc: PDSC version is not supported
2025-12-16 17:41:41,345 [WARN] PackLoader:240 - Cannot read IP mode file for STMicroelectronics.FP-SNS-FLIGHT1.5.0.2
2025-12-16 17:41:41,364 [WARN] PackLoader:240 - Cannot read IP mode file for STMicroelectronics.X-CUBE-AZRTOS-H7.3.4.0
2025-12-16 17:41:41,372 [WARN] PackLoader:240 - Cannot read IP mode file for STMicroelectronics.X-CUBE-DISPLAY.3.0.0
2025-12-16 17:41:41,379 [WARN] PackLoader:240 - Cannot read IP mode file for STMicroelectronics.X-CUBE-BLE1.7.0.0
2025-12-16 17:41:41,386 [WARN] PackLoader:240 - Cannot read IP mode file for STMicroelectronics.X-CUBE-NFC10.1.0.0
2025-12-16 17:41:41,394 [WARN] PackLoader:240 - Cannot read IP mode file for STMicroelectronics.X-CUBE-BLEMGR.4.0.0
2025-12-16 17:41:41,401 [WARN] PackLoader:240 - Cannot read IP mode file for STMicroelectronics.X-CUBE-ST60.1.1.0
2025-12-16 17:41:41,407 [WARN] PackLoader:240 - Cannot read IP mode file for emotas.I-CUBE-CANOPEN.1.3.0
2025-12-16 17:41:41,413 [WARN] PackLoader:240 - Cannot read IP mode file for STMicroelectronics.X-CUBE-GNSS1.7.1.0
2025-12-16 17:41:41,422 [WARN] PackLoader:240 - Cannot read IP mode file for STMicroelectronics.X-CUBE-BLEMGR.3.1.0
2025-12-16 17:41:41,427 [WARN] PackLoader:240 - Cannot read IP mode file for STMicroelectronics.X-CUBE-AI.10.0.0
2025-12-16 17:41:41,431 [ERROR] Engine:466 - C:\Users\kamil\.stm32cubemx\thirdparties\pdsc\STMicroelectronics.FP-SNS-STBOX1.2.1.0.pdsc: PDSC version is not supported
2025-12-16 17:41:41,436 [WARN] PackLoader:240 - Cannot read IP mode file for STMicroelectronics.FP-SNS-SMARTAG2.1.2.0
2025-12-16 17:41:41,440 [WARN] PackLoader:240 - Cannot read IP mode file for STMicroelectronics.FP-SNS-FLIGHT1.5.1.0
2025-12-16 17:41:41,480 [WARN] PackLoader:240 - Cannot read IP mode file for STMicroelectronics.X-CUBE-MEMS1.11.1.0
2025-12-16 17:41:41,565 [INFO] LogOutputStream:77 - [STDOUT_REDIRECT] 1 : Invalid condition id : UX_CORESTACK_Condition cause : null
2025-12-16 17:41:41,566 [INFO] LogOutputStream:77 - [STDOUT_REDIRECT] 1 : Invalid condition id : UX_CORESTACK_Condition cause : null
2025-12-16 17:41:41,569 [INFO] LogOutputStream:77 - [STDOUT_REDIRECT] 1 : Invalid condition id : UX_CORESTACK_Condition cause : null
2025-12-16 17:41:41,572 [INFO] LogOutputStream:77 - [STDOUT_REDIRECT] 1 : Invalid condition id : UX_CORESTACK_Condition cause : null
2025-12-16 17:41:41,573 [INFO] LogOutputStream:77 - [STDOUT_REDIRECT] 1 : Invalid condition id : UX_CORESTACK_Condition cause : null
2025-12-16 17:41:41,576 [WARN] PackLoader:240 - Cannot read IP mode file for STMicroelectronics.X-CUBE-AZRTOS-WL.2.0.0
2025-12-16 17:41:41,583 [WARN] PackLoader:240 - Cannot read IP mode file for STMicroelectronics.FP-SNS-MOTENV1.5.0.0
2025-12-16 17:41:41,608 [WARN] PackLoader:240 - Cannot read IP mode file for STMicroelectronics.X-CUBE-AZRTOS-H7RS.1.2.0
2025-12-16 17:41:41,615 [WARN] PackLoader:240 - Cannot read IP mode file for wolfSSL.I-CUBE-wolfMQTT.1.19.0
2025-12-16 17:41:41,637 [WARN] PackLoader:240 - Cannot read IP mode file for WES.I-CUBE-Cesium.1.3.0
2025-12-16 17:41:41,644 [WARN] PackLoader:240 - Cannot read IP mode file for STMicroelectronics.X-CUBE-BLE2.3.3.0
2025-12-16 17:41:41,667 [WARN] PackLoader:240 - Cannot read IP mode file for STMicroelectronics.X-CUBE-NFC9.1.0.0
2025-12-16 17:41:41,674 [WARN] PackLoader:240 - Cannot read IP mode file for STMicroelectronics.X-CUBE-BLE1.7.1.0
2025-12-16 17:41:41,680 [WARN] PackLoader:240 - Cannot read IP mode file for STMicroelectronics.X-CUBE-TCPP.4.1.0
2025-12-16 17:41:41,682 [ERROR] Engine:466 - C:\Users\kamil\.stm32cubemx\thirdparties\pdsc\STMicroelectronics.X-CUBE-FREERTOS.1.4.0.pdsc: PDSC version is not supported
2025-12-16 17:41:41,688 [WARN] PackLoader:240 - Cannot read IP mode file for STMicroelectronics.X-CUBE-EEPRMA1.5.2.0
2025-12-16 17:41:41,691 [ERROR] Engine:466 - C:\Users\kamil\.stm32cubemx\thirdparties\pdsc\STMicroelectronics.X-CUBE-ST67W61.1.1.0.pdsc: PDSC version is not supported
2025-12-16 17:41:41,718 [WARN] PackLoader:240 - Cannot read IP mode file for STMicroelectronics.X-CUBE-MEMS1.12.0.0
2025-12-16 17:41:41,770 [WARN] PackLoader:240 - Cannot read IP mode file for STMicroelectronics.X-CUBE-AZRTOS-G0.1.1.0
2025-12-16 17:41:41,777 [WARN] PackLoader:240 - Cannot read IP mode file for STMicroelectronics.X-CUBE-SAFEA1.1.2.2
2025-12-16 17:41:41,780 [WARN] PackLoader:240 - Cannot read IP mode file for STMicroelectronics.X-CUBE-NFC4.3.0.0
2025-12-16 17:41:41,788 [WARN] PackLoader:240 - Cannot read IP mode file for EmbeddedOffice.I-CUBE-FS-RTOS.1.0.1
2025-12-16 17:41:41,791 [WARN] PackLoader:240 - Cannot read IP mode file for STMicroelectronics.X-CUBE-WB05N.2.0.0
2025-12-16 17:41:41,795 [WARN] PackLoader:240 - Cannot read IP mode file for STMicroelectronics.X-CUBE-TCPP.4.2.0
2025-12-16 17:41:41,801 [WARN] PackLoader:240 - Cannot read IP mode file for RealThread.X-CUBE-RT-Thread_Nano.4.1.1
2025-12-16 17:41:41,806 [WARN] PackLoader:240 - Cannot read IP mode file for STMicroelectronics.FP-ATR-SIGFOX1.3.2.0
2025-12-16 17:41:41,809 [WARN] PackLoader:240 - Cannot read IP mode file for wolfSSL.I-CUBE-wolfSSL.5.7.2
2025-12-16 17:41:41,814 [WARN] ConditionMgr:438 - getConditionDescription Invalid condition id : Cortex-A Device cause : null
2025-12-16 17:41:41,820 [WARN] ConditionMgr:1044 - genDependencies : Invalid condition id : Cortex-A Device cause : null
2025-12-16 17:41:41,820 [WARN] ConditionMgr:1044 - genDependencies : Invalid condition id : Cortex-A Device cause : null
2025-12-16 17:41:41,820 [WARN] ConditionMgr:1044 - genDependencies : Invalid condition id : Cortex-A Device cause : null
2025-12-16 17:41:41,824 [WARN] PackLoader:240 - Cannot read IP mode file for STMicroelectronics.X-CUBE-EEPRMA1.5.1.0
2025-12-16 17:41:41,830 [WARN] PackLoader:240 - Cannot read IP mode file for ITTIA_DB.I-CUBE-ITTIADB.8.9.0
2025-12-16 17:41:41,835 [WARN] PackLoader:240 - Cannot read IP mode file for STMicroelectronics.X-CUBE-ST67W61.1.0.0
2025-12-16 17:41:41,839 [WARN] PackLoader:240 - Cannot read IP mode file for STMicroelectronics.X-CUBE-AI.10.2.0
2025-12-16 17:41:41,853 [WARN] PackLoader:240 - Cannot read IP mode file for SEGGER.I-CUBE-embOS.1.3.1
2025-12-16 17:41:41,871 [WARN] PackLoader:240 - Cannot read IP mode file for STMicroelectronics.X-CUBE-ALGOBUILD.1.4.0
2025-12-16 17:41:41,898 [WARN] PackLoader:240 - Cannot read IP mode file for STMicroelectronics.X-CUBE-MEMS1.11.3.0
2025-12-16 17:41:41,965 [WARN] PackLoader:240 - Cannot read IP mode file for STMicroelectronics.X-CUBE-AI.9.1.0
2025-12-16 17:41:41,968 [WARN] PackLoader:240 - Cannot read IP mode file for STMicroelectronics.X-CUBE-PM33A1.1.0.0
2025-12-16 17:41:41,977 [WARN] PackLoader:240 - Cannot read IP mode file for STMicroelectronics.X-CUBE-AZRTOS-F4.1.1.0
2025-12-16 17:41:41,982 [WARN] PackLoader:240 - Cannot read IP mode file for STMicroelectronics.X-CUBE-ISPU.2.1.0
2025-12-16 17:41:41,985 [ERROR] Engine:466 - C:\Users\kamil\.stm32cubemx\thirdparties\pdsc\STMicroelectronics.X-CUBE-IPS.3.2.0.pdsc: PDSC version is not supported
2025-12-16 17:41:41,989 [WARN] PackLoader:240 - Cannot read IP mode file for STMicroelectronics.X-CUBE-FREERTOS.1.2.0
2025-12-16 17:41:41,992 [WARN] PackLoader:240 - Cannot read IP mode file for STMicroelectronics.X-CUBE-NFC12.1.0.0
2025-12-16 17:41:42,003 [WARN] PackLoader:240 - Cannot read IP mode file for STMicroelectronics.X-CUBE-AZRTOS-L5.2.0.0
2025-12-16 17:41:42,011 [WARN] PackLoader:240 - Cannot read IP mode file for STMicroelectronics.X-CUBE-NFC6.3.1.0
2025-12-16 17:41:42,016 [WARN] PackLoader:240 - Cannot read IP mode file for STMicroelectronics.X-CUBE-DPower.1.2.0
2025-12-16 17:41:42,020 [WARN] PackLoader:240 - Cannot read IP mode file for STMicroelectronics.X-CUBE-FREERTOS.1.3.1
2025-12-16 17:41:42,026 [WARN] PackLoader:240 - Cannot read IP mode file for STMicroelectronics.X-CUBE-FREERTOS.1.3.0
2025-12-16 17:41:42,034 [WARN] PackLoader:240 - Cannot read IP mode file for STMicroelectronics.X-CUBE-NFC7.1.0.1
2025-12-16 17:41:42,041 [WARN] PackLoader:240 - Cannot read IP mode file for STMicroelectronics.X-CUBE-TOUCHGFX.4.26.0
2025-12-16 17:41:42,047 [WARN] PackLoader:240 - Cannot read IP mode file for STMicroelectronics.FP-SNS-STAIOTCFT.1.0.0
2025-12-16 17:41:42,051 [WARN] PackLoader:240 - Cannot read IP mode file for STMicroelectronics.X-CUBE-DPower.1.3.0
2025-12-16 17:41:42,065 [WARN] ConditionMgr:438 - getConditionDescription Invalid condition id : LAN8742 Phy interface Condition cause : null
2025-12-16 17:41:42,066 [WARN] PackLoader:240 - Cannot read IP mode file for STMicroelectronics.X-CUBE-AZRTOS-L4.2.0.0
2025-12-16 17:41:42,067 [WARN] ConditionMgr:1044 - genDependencies : Invalid condition id : LAN8742 Phy interface Condition cause : null
2025-12-16 17:41:42,067 [WARN] ConditionMgr:1044 - genDependencies : Invalid condition id : LAN8742 Phy interface Condition cause : null
2025-12-16 17:41:42,068 [WARN] ConditionMgr:1044 - genDependencies : Invalid condition id : LAN8742 Phy interface Condition cause : null
2025-12-16 17:41:42,075 [WARN] PackLoader:240 - Cannot read IP mode file for STMicroelectronics.X-CUBE-SFXS2LP1.4.0.0
2025-12-16 17:41:42,096 [WARN] PackLoader:240 - Cannot read IP mode file for STMicroelectronics.X-CUBE-AZRTOS-H7.3.3.0
2025-12-16 17:41:42,105 [WARN] PackLoader:240 - Cannot read IP mode file for STMicroelectronics.X-CUBE-BLEMGR.4.1.0
2025-12-16 17:41:42,113 [WARN] PackLoader:240 - Cannot read IP mode file for STMicroelectronics.X-CUBE-IPS.3.0.0
2025-12-16 17:41:42,124 [WARN] ConditionMgr:438 - getConditionDescription Invalid condition id : UX DEVICE CLASS RTOS Condition cause : null
2025-12-16 17:41:42,125 [WARN] ConditionMgr:438 - getConditionDescription Invalid condition id : UX DEVICE CLASS RTOS Condition cause : null
2025-12-16 17:41:42,125 [WARN] PackLoader:240 - Cannot read IP mode file for STMicroelectronics.X-CUBE-AZRTOS-WB.2.0.0
2025-12-16 17:41:42,126 [WARN] ConditionMgr:1044 - genDependencies : Invalid condition id : UX DEVICE CLASS RTOS Condition cause : null
2025-12-16 17:41:42,126 [WARN] ConditionMgr:1044 - genDependencies : Invalid condition id : UX DEVICE CLASS RTOS Condition cause : null
2025-12-16 17:41:42,126 [WARN] ConditionMgr:1044 - genDependencies : Invalid condition id : UX DEVICE CLASS RTOS Condition cause : null
2025-12-16 17:41:42,126 [WARN] ConditionMgr:1044 - genDependencies : Invalid condition id : UX DEVICE CLASS RTOS Condition cause : null
2025-12-16 17:41:42,126 [WARN] ConditionMgr:1044 - genDependencies : Invalid condition id : UX DEVICE CLASS RTOS Condition cause : null
2025-12-16 17:41:42,130 [WARN] PackLoader:240 - Cannot read IP mode file for STMicroelectronics.X-CUBE-GNSS1.7.0.0
2025-12-16 17:41:42,133 [WARN] PackLoader:240 - Cannot read IP mode file for STMicroelectronics.X-CUBE-GNSS1.7.0.1
2025-12-16 17:41:42,136 [WARN] PackLoader:240 - Cannot read IP mode file for STMicroelectronics.X-CUBE-TOUCHGFX.4.25.0
2025-12-16 17:41:42,140 [WARN] PackLoader:240 - Cannot read IP mode file for STMicroelectronics.FP-SNS-STBOX1.2.0.0
2025-12-16 17:41:42,147 [WARN] PackLoader:240 - Cannot read IP mode file for STMicroelectronics.X-CUBE-SUBG2.5.0.0
2025-12-16 17:41:42,158 [WARN] PackLoader:240 - Cannot read IP mode file for STMicroelectronics.X-CUBE-AZRTOS-H7RS.1.1.0
2025-12-16 17:41:42,162 [WARN] PackLoader:240 - Cannot read IP mode file for Cesanta.I-CUBE-Mongoose.7.13.0
2025-12-16 17:41:42,170 [WARN] PackLoader:240 - Cannot read IP mode file for STMicroelectronics.X-CUBE-AZRTOS-G4.2.0.0
2025-12-16 17:41:42,174 [WARN] PackLoader:240 - Cannot read IP mode file for STMicroelectronics.X-CUBE-NFC7.2.0.0
2025-12-16 17:41:42,182 [WARN] PackLoader:240 - Cannot read IP mode file for STMicroelectronics.X-CUBE-IPS.3.1.0
2025-12-16 17:41:42,190 [WARN] PackLoader:240 - Cannot read IP mode file for STMicroelectronics.X-CUBE-ALS.1.0.2
2025-12-16 17:41:42,193 [WARN] PackLoader:240 - Cannot read IP mode file for STMicroelectronics.X-CUBE-TOUCHGFX.4.24.1
2025-12-16 17:41:42,198 [WARN] PackLoader:240 - Cannot read IP mode file for STMicroelectronics.X-CUBE-STSE01.1.0.0
2025-12-16 17:41:42,202 [WARN] PackLoader:240 - Cannot read IP mode file for wolfSSL.I-CUBE-wolfTPM.3.4.0
2025-12-16 17:41:42,206 [WARN] PackLoader:240 - Cannot read IP mode file for portGmbH.I-Cube-SoM-uGOAL.1.1.0
2025-12-16 17:41:42,215 [WARN] PackLoader:240 - Cannot read IP mode file for STMicroelectronics.X-CUBE-AZRTOS-H7RS.1.0.0
2025-12-16 17:41:42,219 [WARN] PackLoader:240 - Cannot read IP mode file for STMicroelectronics.FP-ATR-ASTRA1.2.0.0
2025-12-16 17:41:42,228 [WARN] PackLoader:240 - Cannot read IP mode file for STMicroelectronics.X-CUBE-TOF1.3.4.2
2025-12-16 17:41:42,242 [WARN] PackLoader:240 - Cannot read IP mode file for STMicroelectronics.X-CUBE-TOF1.3.4.3
2025-12-16 17:41:42,262 [WARN] PackLoader:240 - Cannot read IP mode file for Infineon.AIROC-Wi-Fi-Bluetooth-STM32.1.6.1
2025-12-16 17:41:42,269 [WARN] PackLoader:240 - Cannot read IP mode file for wolfSSL.I-CUBE-wolfSSH.1.4.17
2025-12-16 17:41:42,270 [INFO] ThirdParty:978 - Integrity check success = true
2025-12-16 17:41:42,270 [INFO] IntegrityCheckThread:100 - exiting critical section [integrity check]
2025-12-16 17:41:42,270 [INFO] IntegrityCheckThread:103 - End integrity checks thread
2025-12-16 17:41:42,270 [INFO] ThirdParty:873 - entering critical section [close project]
2025-12-16 17:41:42,271 [INFO] ThirdParty:883 - exiting critical section [close project]
2025-12-16 17:41:42,273 [INFO] PinOutPanel:1589 - setPackage(No Configuration,No Configuration)
2025-12-16 17:41:42,280 [INFO] UtilMem:75 - Begin LoadConfig() Used Memory: 206028560 Bytes (321912832)
2025-12-16 17:41:42,283 [INFO] MicroXplorer:468 - Change Database Path : 
2025-12-16 17:41:42,284 [INFO] MicroXplorer:498 - Change Database Version : DB.6.0.130
2025-12-16 17:41:42,284 [INFO] OpenFileManager:332 - Change cursor
2025-12-16 17:41:42,307 [INFO] Mcu:2035 - Initializing MCU STM32H743IITx STM32H743IITx STM32H743IIT6
2025-12-16 17:41:45,289 [INFO] Context:748 - Trying to add GPIOservice into a context  which must be forbidden
2025-12-16 17:41:46,614 [INFO] RtosManager:555 - Registered RTOS mode: class=CMSIS, group=RTOS, mode=CMSIS_V1, owner=FREERTOS
2025-12-16 17:41:46,615 [INFO] RtosManager:555 - Registered RTOS mode: class=CMSIS, group=RTOS2, mode=CMSIS_V2, owner=FREERTOS
2025-12-16 17:41:46,615 [INFO] RtosManager:555 - Registered RTOS mode: class=RTOS, group=Core, mode=CMSIS_V1, owner=FREERTOS
2025-12-16 17:41:46,615 [INFO] RtosManager:555 - Registered RTOS mode: class=RTOS, group=Core, mode=CMSIS_V2, owner=FREERTOS
2025-12-16 17:41:46,615 [WARN] ModelIntegratedComponent:184 - Missing modes for component STMicroelectronics:FreeRTOS:0.0.1:STMicroelectronics:RTOS:FreeRTOS:Core:::10.2.0:
2025-12-16 17:41:46,620 [WARN] ModelIntegratedComponent:63 - No mode defined for component null
2025-12-16 17:41:46,621 [WARN] ModelIntegratedComponent:63 - No mode defined for component null
2025-12-16 17:41:46,621 [WARN] ModelIntegratedComponent:63 - No mode defined for component null
2025-12-16 17:41:46,621 [WARN] ModelIntegratedComponent:63 - No mode defined for component null
2025-12-16 17:41:46,621 [WARN] ModelIntegratedComponent:63 - No mode defined for component null
2025-12-16 17:41:46,621 [WARN] ModelIntegratedComponent:63 - No mode defined for component null
2025-12-16 17:41:46,621 [WARN] ModelIntegratedComponent:63 - No mode defined for component null
2025-12-16 17:41:46,621 [WARN] ModelIntegratedComponent:63 - No mode defined for component null
2025-12-16 17:41:46,621 [WARN] ModelIntegratedComponent:63 - No mode defined for component null
2025-12-16 17:41:46,621 [WARN] ModelIntegratedComponent:63 - No mode defined for component null
2025-12-16 17:41:46,621 [WARN] ModelIntegratedComponent:63 - No mode defined for component null
2025-12-16 17:41:46,621 [WARN] ModelIntegratedComponent:63 - No mode defined for component null
2025-12-16 17:41:46,621 [WARN] ModelIntegratedComponent:63 - No mode defined for component null
2025-12-16 17:41:46,621 [WARN] ModelIntegratedComponent:63 - No mode defined for component null
2025-12-16 17:41:46,621 [WARN] ModelIntegratedComponent:63 - No mode defined for component null
2025-12-16 17:41:46,621 [WARN] ModelIntegratedComponent:63 - No mode defined for component null
2025-12-16 17:41:46,621 [WARN] ModelIntegratedComponent:63 - No mode defined for component null
2025-12-16 17:41:46,621 [WARN] ModelIntegratedComponent:63 - No mode defined for component null
2025-12-16 17:41:46,621 [WARN] ModelIntegratedComponent:63 - No mode defined for component null
2025-12-16 17:41:46,621 [WARN] ModelIntegratedComponent:63 - No mode defined for component null
2025-12-16 17:41:46,621 [WARN] ModelIntegratedComponent:63 - No mode defined for component null
2025-12-16 17:41:46,621 [WARN] ModelIntegratedComponent:63 - No mode defined for component null
2025-12-16 17:41:46,621 [WARN] ModelIntegratedComponent:63 - No mode defined for component null
2025-12-16 17:41:46,621 [WARN] ModelIntegratedComponent:63 - No mode defined for component null
2025-12-16 17:41:46,621 [WARN] ModelIntegratedComponent:63 - No mode defined for component null
2025-12-16 17:41:46,621 [WARN] ModelIntegratedComponent:63 - No mode defined for component null
2025-12-16 17:41:46,621 [WARN] ModelIntegratedComponent:63 - No mode defined for component null
2025-12-16 17:41:46,621 [WARN] ModelIntegratedComponent:63 - No mode defined for component null
2025-12-16 17:41:46,621 [WARN] ModelIntegratedComponent:63 - No mode defined for component null
2025-12-16 17:41:46,621 [WARN] ModelIntegratedComponent:63 - No mode defined for component null
2025-12-16 17:41:46,622 [WARN] ModelIntegratedComponent:63 - No mode defined for component null
2025-12-16 17:41:46,622 [WARN] ModelIntegratedComponent:63 - No mode defined for component null
2025-12-16 17:41:46,622 [WARN] ModelIntegratedComponent:63 - No mode defined for component null
2025-12-16 17:41:46,622 [WARN] ModelIntegratedComponent:63 - No mode defined for component null
2025-12-16 17:41:46,622 [WARN] ModelIntegratedComponent:63 - No mode defined for component null
2025-12-16 17:41:46,622 [WARN] ModelPack:524 - Component already loaded: STMicroelectronics:HAL Drivers:0.0.0:STMicroelectronics:Device:STMicro_Driver:XSPI:HAL::0.0.1:HAL_XSPI
2025-12-16 17:41:46,764 [INFO] ThirdPartyModel:298 - Start build external matchings
2025-12-16 17:41:47,605 [INFO] ThirdPartyModel:316 - End build external matchings
2025-12-16 17:41:47,628 [WARN] IP:2251 - ClockDivider not found: check if there is a RefParameter without a condition.
2025-12-16 17:41:47,628 [WARN] IP:2251 - ClockDividerCCU not found: check if there is a RefParameter without a condition.
2025-12-16 17:41:47,628 [WARN] IP:2251 - MinOscClkPeriodsCCU not found: check if there is a RefParameter without a condition.
2025-12-16 17:41:47,629 [WARN] IP:2251 - TimeQuantaPerBitTimeCCU not found: check if there is a RefParameter without a condition.
2025-12-16 17:41:47,630 [WARN] IP:2251 - WatchdogStartValueCCU not found: check if there is a RefParameter without a condition.
2025-12-16 17:41:47,632 [INFO] ImportTextPane:218 - (OptionalMessage_ERROR) IP (RCC) : Parameter (ADCFreq_Value) has invalid value (129000000)
2025-12-16 17:41:47,641 [INFO] ImportTextPane:218 - (OptionalMessage_ERROR) IP (RCC) : Invalid parameter (FamilyName)
2025-12-16 17:41:47,641 [INFO] ImportTextPane:218 - (OptionalMessage_ERROR) IP (RCC) : Parameter (LPTIM1Freq_Value) has invalid value (64000000)
2025-12-16 17:41:47,641 [INFO] ImportTextPane:218 - (OptionalMessage_ERROR) IP (RCC) : Parameter (LPTIM2Freq_Value) has invalid value (64000000)
2025-12-16 17:41:47,641 [INFO] ImportTextPane:218 - (OptionalMessage_ERROR) IP (RCC) : Parameter (LPTIM345Freq_Value) has invalid value (64000000)
2025-12-16 17:41:47,641 [INFO] ImportTextPane:218 - (OptionalMessage_ERROR) IP (RCC) : Parameter (LPUART1Freq_Value) has invalid value (64000000)
2025-12-16 17:41:47,641 [INFO] ImportTextPane:218 - (OptionalMessage_ERROR) IP (RCC) : Parameter (SPI45Freq_Value) has invalid value (64000000)
2025-12-16 17:41:47,641 [INFO] ImportTextPane:218 - (OptionalMessage_ERROR) IP (RCC) : Parameter (SPI6Freq_Value) has invalid value (64000000)
2025-12-16 17:41:47,641 [INFO] ImportTextPane:218 - (OptionalMessage_ERROR) IP (RCC) : Parameter (SWPMI1Freq_Value) has invalid value (64000000)
2025-12-16 17:41:47,641 [INFO] ImportTextPane:218 - (OptionalMessage_ERROR) IP (RCC) : Parameter (USART16Freq_Value) has invalid value (64000000)
2025-12-16 17:41:47,641 [INFO] ImportTextPane:218 - (OptionalMessage_ERROR) IP (RCC) : Parameter (USART234578Freq_Value) has invalid value (64000000)
2025-12-16 17:41:48,424 [INFO] ApiDb:581 - Connected to CubeFinder SQLite database (C:\Users\kamil\.stmcufinder\plugins\mcufinder\mcu\cube-finder-db.db)
2025-12-16 17:41:48,474 [INFO] ApiDb:668 - CubeFinder database Data Model version=2.1
2025-12-16 17:41:48,474 [INFO] ApiDb:669 - CubeFinder database Configuration version=3.0.39
2025-12-16 17:41:48,475 [INFO] ApiDb:670 - CubeFinder database generation date=2025-08-25 (1756130511)
2025-12-16 17:41:48,475 [INFO] ApiDb:671 - CubeFinder database FW Pack versions=[FP-ATR-ASTRA1_V2.0.0, FP-SNS-FLIGHT1_V5.1.0, FP-SNS-MOTENV1_V5.0.0, FP-SNS-MOTENVWB1_V1.4.0, FP-SNS-SMARTAG2_V1.2.0, FP-SNS-STBOX1_V2.1.0, STM32Cube_FW_C0_V1.4.0, STM32Cube_FW_F4_V1.28.3, STM32Cube_FW_F7_V1.17.4, STM32Cube_FW_G0_V1.6.2, STM32Cube_FW_G4_V1.6.1, STM32Cube_FW_H5_V1.5.0, STM32Cube_FW_H7RS_V1.2.0, STM32Cube_FW_H7_V1.12.1, STM32Cube_FW_L0_V1.12.2, STM32Cube_FW_L4_V1.18.1, STM32Cube_FW_L5_V1.5.1, STM32Cube_FW_N6_V1.2.0, STM32Cube_FW_U0_V1.3.0, STM32Cube_FW_U3_V1.2.0, STM32Cube_FW_U5_V1.8.0, STM32Cube_FW_WB0_V1.3.0, STM32Cube_FW_WBA_V1.7.0, STM32Cube_FW_WB_V1.23.0, STM32Cube_FW_WL3_V1.2.0, STM32Cube_FW_WL_V1.3.1, X-CUBE-ALGOBUILD_V1.4.0, X-CUBE-ALS_V1.0.2, X-CUBE-AZRTOS-F4_V1.1.0, X-CUBE-AZRTOS-F7_V1.1.0, X-CUBE-AZRTOS-G0_V1.1.0, X-CUBE-AZRTOS-G4_V2.0.0, X-CUBE-AZRTOS-H7RS_V1.1.0, X-CUBE-AZRTOS-H7_V3.4.0, X-CUBE-AZRTOS-L4_V2.0.0, X-CUBE-AZRTOS-L5_V2.0.0, X-CUBE-AZRTOS-WB_V2.0.0, X-CUBE-AZRTOS-WL_V2.0.0, X-CUBE-BLE1_V7.1.0, X-CUBE-BLE2_V3.3.0, X-CUBE-BLEMGR_V4.1.0, X-CUBE-EEPRMA1_V5.2.0, X-CUBE-FREERTOS_V1.3.1, X-CUBE-GNSS1_V6.0.0, X-CUBE-MEMS1_V11.3.0, X-CUBE-NFC4_V3.0.0, X-CUBE-NFC7_V2.0.0, X-CUBE-SFXS2LP1_V4.0.0, X-CUBE-ST67W61_V1.0.0, X-CUBE-SUBG2_V5.0.0, X-CUBE-TOF1_V3.4.3]
2025-12-16 17:41:48,526 [INFO] DbBoardsSqlite:226 - include board P-NUCLEO-WB55-NUCLEO as a kit item of type 'Nucleo-64'
2025-12-16 17:41:48,527 [INFO] DbBoardsSqlite:226 - include board P-NUCLEO-WB55-USBDONGLE as a kit item of type 'Nucleo USB Dongle'
2025-12-16 17:41:48,527 [INFO] DbBoardsSqlite:226 - include board STEVAL-IDP005V1 as a kit item of type 'Evaluation Board'
2025-12-16 17:41:48,527 [INFO] DbBoardsSqlite:226 - include board STEVAL-IDP005V2 as a kit item of type 'Evaluation Board'
2025-12-16 17:41:48,584 [INFO] ApiDb:240 - Found 858 in-development CPN: [B-G473E-ZEST1S, B-WB1M-WPAN1, B-WBA5M-WPAN, B-WL5M-SUBG1, NUCLEO-C031C6, NUCLEO-C051C8, NUCLEO-C071RB, NUCLEO-C092RC, NUCLEO-H503RB, NUCLEO-H533RE, NUCLEO-H563ZI, NUCLEO-H7S3L8, NUCLEO-N657X0-Q, NUCLEO-U031R8, NUCLEO-U083RC, NUCLEO-U385RG-Q, NUCLEO-U545RE-Q, NUCLEO-U5A5ZJ-Q, NUCLEO-WB05KZ, NUCLEO-WB07CC, NUCLEO-WB09KE, NUCLEO-WBA52CG, NUCLEO-WBA55CG, NUCLEO-WL33CC1, NUCLEO-WL33CC2, STEVAL-PROTEUS1, STEVAL-SMARTAG2, STEVAL-STWINBX1, STM320518-EVAL, STM32C0116-DK, STM32C011D6Y3TR, STM32C011D6Y6TR, STM32C011F4P3, STM32C011F4P6, STM32C011F4U3, STM32C011F4U6TR, STM32C011F6P3, STM32C011F6P6, STM32C011F6U3, STM32C011F6U6TR, STM32C011J4M3, STM32C011J4M6, STM32C011J6M3, STM32C011J6M6, STM32C0316-DK, STM32C031C4T3, STM32C031C4T6, STM32C031C4U3, STM32C031C4U6, STM32C031C6T3, STM32C031C6T6, STM32C031C6U3, STM32C031C6U6, STM32C031F4P3, STM32C031F4P6, STM32C031F6P3, STM32C031F6P6, STM32C031G4U3, STM32C031G4U6, STM32C031G6U3, STM32C031G6U6, STM32C031K4T3, STM32C031K4T6, STM32C031K4U3, STM32C031K4U6, STM32C031K6T3, STM32C031K6T6, STM32C031K6U3, STM32C031K6U6, STM32C051C6T6, STM32C051C6U6, STM32C051C8T6, STM32C051C8U6, STM32C051D8Y6TR, STM32C051F6P6, STM32C051F8P6, STM32C051G6U6, STM32C051G8U6, STM32C051K6T6, STM32C051K6U6, STM32C051K8T6, STM32C071C8T6, STM32C071C8T6N, STM32C071C8U6, STM32C071C8U6N, STM32C071CBT6, STM32C071CBT6N, STM32C071CBU6, STM32C071CBU6N, STM32C071F8P6, STM32C071F8P6N, STM32C071FBP6, STM32C071FBP6N, STM32C071FBY6TR, STM32C071G8U6, STM32C071G8U6N, STM32C071GBU6, STM32C071GBU6N, STM32C071K8T6, STM32C071K8T6N, STM32C071K8U6, STM32C071K8U6N, STM32C071KBT6, STM32C071KBT6N, STM32C071KBU6, STM32C071KBU6N, STM32C071R8T6, STM32C071R8T6N, STM32C071RBI6N, STM32C071RBT6, STM32C071RBT6N, STM32C091CBT6, STM32C091CBU6, STM32C091CCT6, STM32C091CCU6, STM32C091ECY6TR, STM32C091FBP6, STM32C091FCP6, STM32C091GBU6, STM32C091GCU6, STM32C091KBT6, STM32C091KBU6, STM32C091KCT6, STM32C091KCU6, STM32C091RBT6, STM32C091RCI6, STM32C091RCT6, STM32C092CBT6, STM32C092CBU6, STM32C092CCT6, STM32C092CCU6, STM32C092ECY6TR, STM32C092FBP6, STM32C092FCP6, STM32C092GBU6, STM32C092GCU6, STM32C092KBT6, STM32C092KBU6, STM32C092KCT6, STM32C092KCU6, STM32C092RBT6, STM32C092RCI6, STM32C092RCT6, STM32G071K8TXN, STM32G071K8UXN, STM32G081GBU6N, STM32G081KBT6N, STM32G081KBUXN, STM32G0B1CCT6N, STM32G0B1KCT6, STM32G0B1NEY6TR, STM32G0B1RCT6N, STM32G0C1CCT6, STM32G0C1CCT6N, STM32G0C1CCU6N, STM32G0C1CET6N, STM32G0C1CEU6N, STM32G0C1KCT6, STM32G0C1NEY6TR, STM32G0C1RCI6N, STM32G0C1RCT6N, STM32G0C1REI6N, STM32G0C1RET6N, STM32G0C1VCI6, STM32G0C1VEI6, STM32G411C6T3, STM32G411C6T6, STM32G411C6U3, STM32G411C6U6, STM32G411C8T3, STM32G411C8T6, STM32G411C8U3, STM32G411C8U6, STM32G411CBT3, STM32G411CBT6, STM32G411CBU3, STM32G411CBU6, STM32G411CCT3, STM32G411CCT6, STM32G411CCU3, STM32G411CCU6, STM32G411K6T3, STM32G411K6T6, STM32G411K6U3, STM32G411K6U6, STM32G411K8T3, STM32G411K8T6, STM32G411K8U3, STM32G411K8U6, STM32G411KBT3, STM32G411KBT6, STM32G411KBU3, STM32G411KBU6, STM32G411M6T3, STM32G411M6T6, STM32G411M8T3, STM32G411M8T6, STM32G411MBT3, STM32G411MBT6, STM32G411MCT3, STM32G411MCT6, STM32G411R6T3, STM32G411R6T6, STM32G411R8T3, STM32G411R8T6, STM32G411RBT3, STM32G411RBT6, STM32G411RCT3, STM32G411RCT6, STM32G414CBT3, STM32G414CBT6, STM32G414CBU3, STM32G414CBU6, STM32G414CCT3, STM32G414CCT6, STM32G414CCU3, STM32G414CCU6, STM32G414MBT3, STM32G414MBT6, STM32G414MCT3, STM32G414MCT6, STM32G414RBT3, STM32G414RBT6, STM32G414RCT3, STM32G414RCT6, STM32G414VBT3, STM32G414VBT6, STM32G414VCT3, STM32G414VCT6, STM32G431CBT3Z, STM32G431RBT3Z, STM32G471CCT6, STM32G471CCU6, STM32G471CET3, STM32G471CET6, STM32G471CEU3, STM32G471CEU6, STM32G471MCT6, STM32G471MET3, STM32G471MET6, STM32G471MEY6TR, STM32G471QCT6, STM32G471QET3, STM32G471RCT6, STM32G471RET3, STM32G471RET6, STM32G471VCH6, STM32G471VCI6, STM32G471VCT6, STM32G471VEH3, STM32G471VEH6, STM32G471VEI3, STM32G471VEI6, STM32G471VET3, STM32G471VET6, STM32G473QET3Z, STM32G473RET3Z, STM32G474CCT6, STM32G491RET3Z, STM32H503CBT6, STM32H503CBU6, STM32H503EBY6TR, STM32H503KBU6, STM32H503RBT6, STM32H523CCT6, STM32H523CCU6, STM32H523CET6, STM32H523CEU6, STM32H523HEY6TR, STM32H523RCT6, STM32H523RET6, STM32H523VCI6, STM32H523VCT6, STM32H523VEI6, STM32H523VET6, STM32H523ZCJ6, STM32H523ZCT6, STM32H523ZEJ6, STM32H523ZET6, STM32H533CET6, STM32H533CEU6, STM32H533HEY6TR, STM32H533RET6, STM32H533VEI6, STM32H533VET6, STM32H533ZEJ6, STM32H533ZET6, STM32H562AGI6, STM32H562AII6, STM32H562IGK6, STM32H562IGT6, STM32H562IIK6, STM32H562IIT6, STM32H562RGT6, STM32H562RGV6, STM32H562RIT6, STM32H562RIV6, STM32H562VGT6, STM32H562VIT6, STM32H562ZGT6, STM32H562ZIT6, STM32H563AGI6, STM32H563AII3Q, STM32H563AII6, STM32H563IGK6, STM32H563IGT6, STM32H563IIK3Q, STM32H563IIK6, STM32H563IIT3Q, STM32H563IIT6, STM32H563MIY3QTR, STM32H563RGT6, STM32H563RGV6, STM32H563RIT6, STM32H563RIV6, STM32H563VGT6, STM32H563VIT3Q, STM32H563VIT6, STM32H563ZGT6, STM32H563ZIT3Q, STM32H563ZIT6, STM32H573AII3Q, STM32H573AII6, STM32H573I-DK, STM32H573IIK3Q, STM32H573IIK6, STM32H573IIT3Q, STM32H573IIT6, STM32H573MIY3QTR, STM32H573RIT6, STM32H573RIV6, STM32H573VIT3Q, STM32H573VIT6, STM32H573ZIT3Q, STM32H573ZIT6, STM32H7R3A8I6, STM32H7R3I8K6, STM32H7R3I8T6, STM32H7R3L8H6, STM32H7R3L8H6H, STM32H7R3R8V6, STM32H7R3V8H6, STM32H7R3V8T6, STM32H7R3V8Y6TR, STM32H7R3Z8J6, STM32H7R3Z8T6, STM32H7R7A8I6, STM32H7R7I8K6, STM32H7R7I8T6, STM32H7R7L8H6, STM32H7R7L8H6H, STM32H7R7Z8J6, STM32H7S3A8I6, STM32H7S3I8K6, STM32H7S3I8T6, STM32H7S3L8H6, STM32H7S3L8H6H, STM32H7S3R8V6, STM32H7S3V8H6, STM32H7S3V8T6, STM32H7S3V8Y6TR, STM32H7S3Z8J6, STM32H7S3Z8T6, STM32H7S78-DK, STM32H7S7A8I6, STM32H7S7I8K6, STM32H7S7I8T6, STM32H7S7L8H6, STM32H7S7L8H6H, STM32H7S7Z8J6, STM32L4R5QGI6STR, STM32MP131AAE3, STM32MP131AAF3, STM32MP131AAG3, STM32MP131CAE3, STM32MP131CAF3, STM32MP131CAG3, STM32MP131DAE7, STM32MP131DAF7, STM32MP131DAG7, STM32MP131FAE7, STM32MP131FAF7, STM32MP131FAG7, STM32MP133AAE3, STM32MP133AAF3, STM32MP133AAG3, STM32MP133CAE3, STM32MP133CAF3, STM32MP133CAG3, STM32MP133DAE7, STM32MP133DAF7, STM32MP133DAG7, STM32MP133FAE7, STM32MP133FAF7, STM32MP133FAG7, STM32MP135AAE3, STM32MP135AAF3, STM32MP135AAG3, STM32MP135CAE3, STM32MP135CAF3, STM32MP135CAG3, STM32MP135DAE7, STM32MP135DAF7, STM32MP135DAG7, STM32MP135F-DK, STM32MP135FAE7, STM32MP135FAF7, STM32MP135FAF7T, STM32MP135FAF7U, STM32MP135FAG7, STM32MP231AAJ3, STM32MP231AAK3, STM32MP231AAL3, STM32MP231CAJ3, STM32MP231CAK3, STM32MP231CAL3, STM32MP231DAJ3, STM32MP231DAK3, STM32MP231DAL3, STM32MP231FAJ3, STM32MP231FAK3, STM32MP231FAL3, STM32MP233AAJ3, STM32MP233AAK3, STM32MP233AAL3, STM32MP233CAJ3, STM32MP233CAK3, STM32MP233CAL3, STM32MP233DAJ3, STM32MP233DAK3, STM32MP233DAL3, STM32MP233FAJ3, STM32MP233FAK3, STM32MP233FAL3, STM32MP235AAJ3, STM32MP235AAK3, STM32MP235AAL3, STM32MP235CAJ3, STM32MP235CAK3, STM32MP235CAL3, STM32MP235DAJ3, STM32MP235DAK3, STM32MP235DAL3, STM32MP235FAJ3, STM32MP235FAK3, STM32MP235FAL3, STM32MP251AAI3, STM32MP251AAJ3, STM32MP251AAK3, STM32MP251AAL3, STM32MP251CAI3, STM32MP251CAJ3, STM32MP251CAK3, STM32MP251CAL3, STM32MP251DAI3, STM32MP251DAJ3, STM32MP251DAK3, STM32MP251DAL3, STM32MP251FAI3, STM32MP251FAJ3, STM32MP251FAK3, STM32MP251FAL3, STM32MP253AAI3, STM32MP253AAJ3, STM32MP253AAK3, STM32MP253AAL3, STM32MP253CAI3, STM32MP253CAJ3, STM32MP253CAK3, STM32MP253CAL3, STM32MP253DAI3, STM32MP253DAJ3, STM32MP253DAK3, STM32MP253DAL3, STM32MP253FAI3, STM32MP253FAJ3, STM32MP253FAK3, STM32MP253FAL3, STM32MP255AAI3, STM32MP255AAJ3, STM32MP255AAK3, STM32MP255AAL3, STM32MP255CAI3, STM32MP255CAJ3, STM32MP255CAK3, STM32MP255CAL3, STM32MP255DAI3, STM32MP255DAJ3, STM32MP255DAK3, STM32MP255DAL3, STM32MP255FAI3, STM32MP255FAJ3, STM32MP255FAK3, STM32MP255FAL3, STM32MP257AAI3, STM32MP257AAJ3, STM32MP257AAK3, STM32MP257AAL3, STM32MP257CAI3, STM32MP257CAJ3, STM32MP257CAK3, STM32MP257CAL3, STM32MP257DAI3, STM32MP257DAJ3, STM32MP257DAK3, STM32MP257DAL3, STM32MP257F-DK, STM32MP257F-EV1, STM32MP257FAI3, STM32MP257FAJ3, STM32MP257FAK3, STM32MP257FAL3, STM32N645A0H3Q, STM32N645B0H3Q, STM32N645I0H3Q, STM32N645L0H3Q, STM32N645X0H3Q, STM32N645Z0H3Q, STM32N647A0H3Q, STM32N647B0H3Q, STM32N647I0H3Q, STM32N647L0H3Q, STM32N647X0H3Q, STM32N647Z0H3Q, STM32N655A0H3Q, STM32N655B0H3Q, STM32N655I0H3Q, STM32N655L0H3Q, STM32N655X0H3Q, STM32N655Z0H3Q, STM32N6570-DK, STM32N657A0H3Q, STM32N657B0H3Q, STM32N657I0H3Q, STM32N657L0H3Q, STM32N657X0H3Q, STM32N657Z0H3Q, STM32U031C6T6, STM32U031C6U6, STM32U031C8T6, STM32U031C8U6, STM32U031F4P6, STM32U031F6P6, STM32U031F8P6, STM32U031G6Y6TR, STM32U031G8Y6TR, STM32U031K4U6, STM32U031K6U6, STM32U031K8U6, STM32U031R6I6, STM32U031R6T6, STM32U031R8I6, STM32U031R8T6, STM32U073C8T6, STM32U073C8U6, STM32U073CBT6, STM32U073CBU6, STM32U073CCT6, STM32U073CCU6, STM32U073H8Y6TR, STM32U073HBY6TR, STM32U073HCY6TR, STM32U073K8U6, STM32U073KBU6, STM32U073KCU6, STM32U073M8I6, STM32U073M8T6, STM32U073MBI6, STM32U073MBT6, STM32U073MCI6, STM32U073MCT6, STM32U073R8I6, STM32U073R8T6, STM32U073RBI6, STM32U073RBT6, STM32U073RCI6, STM32U073RCT6, STM32U083C-DK, STM32U083CCT6, STM32U083CCU6, STM32U083HCY6TR, STM32U083KCU6, STM32U083MCI6, STM32U083MCT6, STM32U083RCI6, STM32U083RCT6, STM32U375CET6, STM32U375CET6Q, STM32U375CEU6, STM32U375CEU6Q, STM32U375CEY6QTR, STM32U375CGT6, STM32U375CGT6Q, STM32U375CGU6, STM32U375CGU6Q, STM32U375CGY6QTR, STM32U375KEU6, STM32U375KGU6, STM32U375REI6, STM32U375REI6Q, STM32U375RET6, STM32U375RET6Q, STM32U375REY6GTR, STM32U375REY6QTR, STM32U375RGI6, STM32U375RGI6Q, STM32U375RGT6, STM32U375RGT6Q, STM32U375RGY6GTR, STM32U375RGY6QTR, STM32U375VEI6, STM32U375VEI6Q, STM32U375VET6, STM32U375VET6Q, STM32U375VGI6, STM32U375VGI6Q, STM32U375VGT6, STM32U375VGT6Q, STM32U385CGT6, STM32U385CGT6Q, STM32U385CGU6, STM32U385CGU6Q, STM32U385CGY6QTR, STM32U385KGU6, STM32U385RGI6, STM32U385RGI6Q, STM32U385RGT6, STM32U385RGT6Q, STM32U385RGY6GTR, STM32U385RGY6QTR, STM32U385VGI6, STM32U385VGI6Q, STM32U385VGT6, STM32U385VGT6Q, STM32U535CBT6, STM32U535CBT6Q, STM32U535CBU6, STM32U535CBU6Q, STM32U535CCT6, STM32U535CCT6Q, STM32U535CCU6, STM32U535CCU6Q, STM32U535CET6, STM32U535CET6Q, STM32U535CEU6, STM32U535CEU6Q, STM32U535JEY6QTR, STM32U535NCY6QTR, STM32U535NEY6QTR, STM32U535RBI6, STM32U535RBI6Q, STM32U535RBT6, STM32U535RBT6Q, STM32U535RCI6, STM32U535RCI6Q, STM32U535RCT6, STM32U535RCT6Q, STM32U535REI6, STM32U535REI6Q, STM32U535RET6, STM32U535RET6Q, STM32U535VCI6, STM32U535VCI6Q, STM32U535VCT6, STM32U535VCT6Q, STM32U535VEI6, STM32U535VEI6Q, STM32U535VET6, STM32U535VET6Q, STM32U545CET6, STM32U545CET6Q, STM32U545CEU6, STM32U545CEU6Q, STM32U545JEY6QTR, STM32U545NEY6QTR, STM32U545REI6, STM32U545REI6Q, STM32U545RET6, STM32U545RET6Q, STM32U545VEI6, STM32U545VEI6Q, STM32U545VET6, STM32U545VET6Q, STM32U595AIH6, STM32U595AIH6Q, STM32U595AJH6, STM32U595AJH6Q, STM32U595QII6, STM32U595QII6Q, STM32U595QJI6, STM32U595QJI6Q, STM32U595RIT6, STM32U595RIT6Q, STM32U595RJT6, STM32U595RJT6Q, STM32U595VIT6, STM32U595VIT6Q, STM32U595VJT6, STM32U595VJT6Q, STM32U595ZIT6, STM32U595ZIT6Q, STM32U595ZIY6QTR, STM32U595ZJT6, STM32U595ZJT6Q, STM32U595ZJY6QTR, STM32U599BJY6QTR, STM32U599NIH6Q, STM32U599NJH6Q, STM32U599VIT6Q, STM32U599VJT6, STM32U599VJT6Q, STM32U599ZIT6Q, STM32U599ZIY6QTR, STM32U599ZJT6Q, STM32U599ZJY6QTR, STM32U5A5AJH6, STM32U5A5AJH6Q, STM32U5A5QII3Q , STM32U5A5QJI6, STM32U5A5QJI6Q, STM32U5A5RJT6, STM32U5A5RJT6Q, STM32U5A5VJT6, STM32U5A5VJT6Q, STM32U5A5ZJT6, STM32U5A5ZJT6Q, STM32U5A5ZJY6QTR, STM32U5A9BJY6QTR, STM32U5A9J-DK, STM32U5A9NJH6Q, STM32U5A9VJT6Q, STM32U5A9ZJT6Q, STM32U5A9ZJY6QTR, STM32U5F7VIT6, STM32U5F7VIT6Q, STM32U5F7VJT6, STM32U5F7VJT6Q, STM32U5F9BJY6QTR, STM32U5F9NJH6Q, STM32U5F9VIT6Q, STM32U5F9VJT6Q, STM32U5F9ZIJ6QTR, STM32U5F9ZIT6Q, STM32U5F9ZJJ6QTR, STM32U5F9ZJT6Q, STM32U5G7VJT6, STM32U5G7VJT6Q, STM32U5G9BJY6QTR, STM32U5G9J-DK1, STM32U5G9J-DK2, STM32U5G9NJH6Q, STM32U5G9VJT6Q, STM32U5G9ZJJ6QTR, STM32U5G9ZJT6Q, STM32WB05KZV6TR, STM32WB05KZV7TR, STM32WB05TZF6TR, STM32WB05TZF7TR, STM32WB06CCF6TR, STM32WB06CCF7TR, STM32WB06CCV6TR, STM32WB06CCV7TR, STM32WB06KCV6TR, STM32WB06KCV7TR, STM32WB07CCF6TR, STM32WB07CCF7TR, STM32WB07CCV6TR, STM32WB07CCV7TR, STM32WB07KCV6TR, STM32WB07KCV7TR, STM32WB09KEV6TR, STM32WB09KEV7TR, STM32WB09TEF6TR, STM32WB09TEF7TR, STM32WB1MMCH6, STM32WBA50KGU6, STM32WBA50KGU6TR, STM32WBA52CEU6, STM32WBA52CEU6TR, STM32WBA52CEU7, STM32WBA52CEU7TR, STM32WBA52CGU6, STM32WBA52CGU6TR, STM32WBA52CGU6U, STM32WBA52CGU7, STM32WBA52CGU7TR, STM32WBA52KEU6, STM32WBA52KEU6TR, STM32WBA52KGU6, STM32WBA52KGU6TR, STM32WBA54CEU6, STM32WBA54CEU6TR, STM32WBA54CEU7, STM32WBA54CEU7TR, STM32WBA54CGU6, STM32WBA54CGU6TR, STM32WBA54CGU7, STM32WBA54CGU7TR, STM32WBA54KEU6, STM32WBA54KEU6TR, STM32WBA54KEU7, STM32WBA54KEU7TR, STM32WBA54KGU6, STM32WBA54KGU6TR, STM32WBA54KGU7, STM32WBA54KGU7TR, STM32WBA55CEU6, STM32WBA55CEU6TR, STM32WBA55CEU7, STM32WBA55CEU7TR, STM32WBA55CGU6, STM32WBA55CGU6TR, STM32WBA55CGU6U, STM32WBA55CGU7, STM32WBA55CGU7TR, STM32WBA55G-DK1, STM32WBA55HEF6, STM32WBA55HEF7, STM32WBA55HGF6, STM32WBA55HGF7, STM32WBA55UEI6, STM32WBA55UEI6TR, STM32WBA55UEI7, STM32WBA55UEI7TR, STM32WBA55UGI6, STM32WBA55UGI6TR, STM32WBA55UGI7, STM32WBA55UGI7TR, STM32WBA5MJGH6TR, STM32WBA5MJGH6U, STM32WL33C8V6, STM32WL33C8V6TR, STM32WL33C8V7, STM32WL33C8V7TR, STM32WL33CBV6, STM32WL33CBV6TR, STM32WL33CBV7, STM32WL33CBV7TR, STM32WL33CCV6, STM32WL33CCV6TR, STM32WL33CCV7, STM32WL33CCV7A, STM32WL33CCV7ATR, STM32WL33CCV7TR, STM32WL33K8V6, STM32WL33K8V6TR, STM32WL33K8V7, STM32WL33K8V7TR, STM32WL33KBV6, STM32WL33KBV6TR, STM32WL33KBV7, STM32WL33KBV7TR, STM32WL33KCV6, STM32WL33KCV6TR, STM32WL33KCV7, STM32WL33KCV7TR, STM32WL5MOCH6, STM32WL5MOCH6TR]
2025-12-16 17:41:48,588 [INFO] ApiDb:668 - CubeFinder database Data Model version=2.1
2025-12-16 17:41:48,589 [INFO] ApiDb:669 - CubeFinder database Configuration version=3.0.39
2025-12-16 17:41:48,589 [INFO] ApiDb:670 - CubeFinder database generation date=2025-08-25 (1756130511)
2025-12-16 17:41:48,589 [INFO] ApiDb:671 - CubeFinder database FW Pack versions=[FP-ATR-ASTRA1_V2.0.0, FP-SNS-FLIGHT1_V5.1.0, FP-SNS-MOTENV1_V5.0.0, FP-SNS-MOTENVWB1_V1.4.0, FP-SNS-SMARTAG2_V1.2.0, FP-SNS-STBOX1_V2.1.0, STM32Cube_FW_C0_V1.4.0, STM32Cube_FW_F4_V1.28.3, STM32Cube_FW_F7_V1.17.4, STM32Cube_FW_G0_V1.6.2, STM32Cube_FW_G4_V1.6.1, STM32Cube_FW_H5_V1.5.0, STM32Cube_FW_H7RS_V1.2.0, STM32Cube_FW_H7_V1.12.1, STM32Cube_FW_L0_V1.12.2, STM32Cube_FW_L4_V1.18.1, STM32Cube_FW_L5_V1.5.1, STM32Cube_FW_N6_V1.2.0, STM32Cube_FW_U0_V1.3.0, STM32Cube_FW_U3_V1.2.0, STM32Cube_FW_U5_V1.8.0, STM32Cube_FW_WB0_V1.3.0, STM32Cube_FW_WBA_V1.7.0, STM32Cube_FW_WB_V1.23.0, STM32Cube_FW_WL3_V1.2.0, STM32Cube_FW_WL_V1.3.1, X-CUBE-ALGOBUILD_V1.4.0, X-CUBE-ALS_V1.0.2, X-CUBE-AZRTOS-F4_V1.1.0, X-CUBE-AZRTOS-F7_V1.1.0, X-CUBE-AZRTOS-G0_V1.1.0, X-CUBE-AZRTOS-G4_V2.0.0, X-CUBE-AZRTOS-H7RS_V1.1.0, X-CUBE-AZRTOS-H7_V3.4.0, X-CUBE-AZRTOS-L4_V2.0.0, X-CUBE-AZRTOS-L5_V2.0.0, X-CUBE-AZRTOS-WB_V2.0.0, X-CUBE-AZRTOS-WL_V2.0.0, X-CUBE-BLE1_V7.1.0, X-CUBE-BLE2_V3.3.0, X-CUBE-BLEMGR_V4.1.0, X-CUBE-EEPRMA1_V5.2.0, X-CUBE-FREERTOS_V1.3.1, X-CUBE-GNSS1_V6.0.0, X-CUBE-MEMS1_V11.3.0, X-CUBE-NFC4_V3.0.0, X-CUBE-NFC7_V2.0.0, X-CUBE-SFXS2LP1_V4.0.0, X-CUBE-ST67W61_V1.0.0, X-CUBE-SUBG2_V5.0.0, X-CUBE-TOF1_V3.4.3]
2025-12-16 17:41:50,040 [INFO] ApiDb:240 - Found 858 in-development CPN: [B-G473E-ZEST1S, B-WB1M-WPAN1, B-WBA5M-WPAN, B-WL5M-SUBG1, NUCLEO-C031C6, NUCLEO-C051C8, NUCLEO-C071RB, NUCLEO-C092RC, NUCLEO-H503RB, NUCLEO-H533RE, NUCLEO-H563ZI, NUCLEO-H7S3L8, NUCLEO-N657X0-Q, NUCLEO-U031R8, NUCLEO-U083RC, NUCLEO-U385RG-Q, NUCLEO-U545RE-Q, NUCLEO-U5A5ZJ-Q, NUCLEO-WB05KZ, NUCLEO-WB07CC, NUCLEO-WB09KE, NUCLEO-WBA52CG, NUCLEO-WBA55CG, NUCLEO-WL33CC1, NUCLEO-WL33CC2, STEVAL-PROTEUS1, STEVAL-SMARTAG2, STEVAL-STWINBX1, STM320518-EVAL, STM32C0116-DK, STM32C011D6Y3TR, STM32C011D6Y6TR, STM32C011F4P3, STM32C011F4P6, STM32C011F4U3, STM32C011F4U6TR, STM32C011F6P3, STM32C011F6P6, STM32C011F6U3, STM32C011F6U6TR, STM32C011J4M3, STM32C011J4M6, STM32C011J6M3, STM32C011J6M6, STM32C0316-DK, STM32C031C4T3, STM32C031C4T6, STM32C031C4U3, STM32C031C4U6, STM32C031C6T3, STM32C031C6T6, STM32C031C6U3, STM32C031C6U6, STM32C031F4P3, STM32C031F4P6, STM32C031F6P3, STM32C031F6P6, STM32C031G4U3, STM32C031G4U6, STM32C031G6U3, STM32C031G6U6, STM32C031K4T3, STM32C031K4T6, STM32C031K4U3, STM32C031K4U6, STM32C031K6T3, STM32C031K6T6, STM32C031K6U3, STM32C031K6U6, STM32C051C6T6, STM32C051C6U6, STM32C051C8T6, STM32C051C8U6, STM32C051D8Y6TR, STM32C051F6P6, STM32C051F8P6, STM32C051G6U6, STM32C051G8U6, STM32C051K6T6, STM32C051K6U6, STM32C051K8T6, STM32C071C8T6, STM32C071C8T6N, STM32C071C8U6, STM32C071C8U6N, STM32C071CBT6, STM32C071CBT6N, STM32C071CBU6, STM32C071CBU6N, STM32C071F8P6, STM32C071F8P6N, STM32C071FBP6, STM32C071FBP6N, STM32C071FBY6TR, STM32C071G8U6, STM32C071G8U6N, STM32C071GBU6, STM32C071GBU6N, STM32C071K8T6, STM32C071K8T6N, STM32C071K8U6, STM32C071K8U6N, STM32C071KBT6, STM32C071KBT6N, STM32C071KBU6, STM32C071KBU6N, STM32C071R8T6, STM32C071R8T6N, STM32C071RBI6N, STM32C071RBT6, STM32C071RBT6N, STM32C091CBT6, STM32C091CBU6, STM32C091CCT6, STM32C091CCU6, STM32C091ECY6TR, STM32C091FBP6, STM32C091FCP6, STM32C091GBU6, STM32C091GCU6, STM32C091KBT6, STM32C091KBU6, STM32C091KCT6, STM32C091KCU6, STM32C091RBT6, STM32C091RCI6, STM32C091RCT6, STM32C092CBT6, STM32C092CBU6, STM32C092CCT6, STM32C092CCU6, STM32C092ECY6TR, STM32C092FBP6, STM32C092FCP6, STM32C092GBU6, STM32C092GCU6, STM32C092KBT6, STM32C092KBU6, STM32C092KCT6, STM32C092KCU6, STM32C092RBT6, STM32C092RCI6, STM32C092RCT6, STM32G071K8TXN, STM32G071K8UXN, STM32G081GBU6N, STM32G081KBT6N, STM32G081KBUXN, STM32G0B1CCT6N, STM32G0B1KCT6, STM32G0B1NEY6TR, STM32G0B1RCT6N, STM32G0C1CCT6, STM32G0C1CCT6N, STM32G0C1CCU6N, STM32G0C1CET6N, STM32G0C1CEU6N, STM32G0C1KCT6, STM32G0C1NEY6TR, STM32G0C1RCI6N, STM32G0C1RCT6N, STM32G0C1REI6N, STM32G0C1RET6N, STM32G0C1VCI6, STM32G0C1VEI6, STM32G411C6T3, STM32G411C6T6, STM32G411C6U3, STM32G411C6U6, STM32G411C8T3, STM32G411C8T6, STM32G411C8U3, STM32G411C8U6, STM32G411CBT3, STM32G411CBT6, STM32G411CBU3, STM32G411CBU6, STM32G411CCT3, STM32G411CCT6, STM32G411CCU3, STM32G411CCU6, STM32G411K6T3, STM32G411K6T6, STM32G411K6U3, STM32G411K6U6, STM32G411K8T3, STM32G411K8T6, STM32G411K8U3, STM32G411K8U6, STM32G411KBT3, STM32G411KBT6, STM32G411KBU3, STM32G411KBU6, STM32G411M6T3, STM32G411M6T6, STM32G411M8T3, STM32G411M8T6, STM32G411MBT3, STM32G411MBT6, STM32G411MCT3, STM32G411MCT6, STM32G411R6T3, STM32G411R6T6, STM32G411R8T3, STM32G411R8T6, STM32G411RBT3, STM32G411RBT6, STM32G411RCT3, STM32G411RCT6, STM32G414CBT3, STM32G414CBT6, STM32G414CBU3, STM32G414CBU6, STM32G414CCT3, STM32G414CCT6, STM32G414CCU3, STM32G414CCU6, STM32G414MBT3, STM32G414MBT6, STM32G414MCT3, STM32G414MCT6, STM32G414RBT3, STM32G414RBT6, STM32G414RCT3, STM32G414RCT6, STM32G414VBT3, STM32G414VBT6, STM32G414VCT3, STM32G414VCT6, STM32G431CBT3Z, STM32G431RBT3Z, STM32G471CCT6, STM32G471CCU6, STM32G471CET3, STM32G471CET6, STM32G471CEU3, STM32G471CEU6, STM32G471MCT6, STM32G471MET3, STM32G471MET6, STM32G471MEY6TR, STM32G471QCT6, STM32G471QET3, STM32G471RCT6, STM32G471RET3, STM32G471RET6, STM32G471VCH6, STM32G471VCI6, STM32G471VCT6, STM32G471VEH3, STM32G471VEH6, STM32G471VEI3, STM32G471VEI6, STM32G471VET3, STM32G471VET6, STM32G473QET3Z, STM32G473RET3Z, STM32G474CCT6, STM32G491RET3Z, STM32H503CBT6, STM32H503CBU6, STM32H503EBY6TR, STM32H503KBU6, STM32H503RBT6, STM32H523CCT6, STM32H523CCU6, STM32H523CET6, STM32H523CEU6, STM32H523HEY6TR, STM32H523RCT6, STM32H523RET6, STM32H523VCI6, STM32H523VCT6, STM32H523VEI6, STM32H523VET6, STM32H523ZCJ6, STM32H523ZCT6, STM32H523ZEJ6, STM32H523ZET6, STM32H533CET6, STM32H533CEU6, STM32H533HEY6TR, STM32H533RET6, STM32H533VEI6, STM32H533VET6, STM32H533ZEJ6, STM32H533ZET6, STM32H562AGI6, STM32H562AII6, STM32H562IGK6, STM32H562IGT6, STM32H562IIK6, STM32H562IIT6, STM32H562RGT6, STM32H562RGV6, STM32H562RIT6, STM32H562RIV6, STM32H562VGT6, STM32H562VIT6, STM32H562ZGT6, STM32H562ZIT6, STM32H563AGI6, STM32H563AII3Q, STM32H563AII6, STM32H563IGK6, STM32H563IGT6, STM32H563IIK3Q, STM32H563IIK6, STM32H563IIT3Q, STM32H563IIT6, STM32H563MIY3QTR, STM32H563RGT6, STM32H563RGV6, STM32H563RIT6, STM32H563RIV6, STM32H563VGT6, STM32H563VIT3Q, STM32H563VIT6, STM32H563ZGT6, STM32H563ZIT3Q, STM32H563ZIT6, STM32H573AII3Q, STM32H573AII6, STM32H573I-DK, STM32H573IIK3Q, STM32H573IIK6, STM32H573IIT3Q, STM32H573IIT6, STM32H573MIY3QTR, STM32H573RIT6, STM32H573RIV6, STM32H573VIT3Q, STM32H573VIT6, STM32H573ZIT3Q, STM32H573ZIT6, STM32H7R3A8I6, STM32H7R3I8K6, STM32H7R3I8T6, STM32H7R3L8H6, STM32H7R3L8H6H, STM32H7R3R8V6, STM32H7R3V8H6, STM32H7R3V8T6, STM32H7R3V8Y6TR, STM32H7R3Z8J6, STM32H7R3Z8T6, STM32H7R7A8I6, STM32H7R7I8K6, STM32H7R7I8T6, STM32H7R7L8H6, STM32H7R7L8H6H, STM32H7R7Z8J6, STM32H7S3A8I6, STM32H7S3I8K6, STM32H7S3I8T6, STM32H7S3L8H6, STM32H7S3L8H6H, STM32H7S3R8V6, STM32H7S3V8H6, STM32H7S3V8T6, STM32H7S3V8Y6TR, STM32H7S3Z8J6, STM32H7S3Z8T6, STM32H7S78-DK, STM32H7S7A8I6, STM32H7S7I8K6, STM32H7S7I8T6, STM32H7S7L8H6, STM32H7S7L8H6H, STM32H7S7Z8J6, STM32L4R5QGI6STR, STM32MP131AAE3, STM32MP131AAF3, STM32MP131AAG3, STM32MP131CAE3, STM32MP131CAF3, STM32MP131CAG3, STM32MP131DAE7, STM32MP131DAF7, STM32MP131DAG7, STM32MP131FAE7, STM32MP131FAF7, STM32MP131FAG7, STM32MP133AAE3, STM32MP133AAF3, STM32MP133AAG3, STM32MP133CAE3, STM32MP133CAF3, STM32MP133CAG3, STM32MP133DAE7, STM32MP133DAF7, STM32MP133DAG7, STM32MP133FAE7, STM32MP133FAF7, STM32MP133FAG7, STM32MP135AAE3, STM32MP135AAF3, STM32MP135AAG3, STM32MP135CAE3, STM32MP135CAF3, STM32MP135CAG3, STM32MP135DAE7, STM32MP135DAF7, STM32MP135DAG7, STM32MP135F-DK, STM32MP135FAE7, STM32MP135FAF7, STM32MP135FAF7T, STM32MP135FAF7U, STM32MP135FAG7, STM32MP231AAJ3, STM32MP231AAK3, STM32MP231AAL3, STM32MP231CAJ3, STM32MP231CAK3, STM32MP231CAL3, STM32MP231DAJ3, STM32MP231DAK3, STM32MP231DAL3, STM32MP231FAJ3, STM32MP231FAK3, STM32MP231FAL3, STM32MP233AAJ3, STM32MP233AAK3, STM32MP233AAL3, STM32MP233CAJ3, STM32MP233CAK3, STM32MP233CAL3, STM32MP233DAJ3, STM32MP233DAK3, STM32MP233DAL3, STM32MP233FAJ3, STM32MP233FAK3, STM32MP233FAL3, STM32MP235AAJ3, STM32MP235AAK3, STM32MP235AAL3, STM32MP235CAJ3, STM32MP235CAK3, STM32MP235CAL3, STM32MP235DAJ3, STM32MP235DAK3, STM32MP235DAL3, STM32MP235FAJ3, STM32MP235FAK3, STM32MP235FAL3, STM32MP251AAI3, STM32MP251AAJ3, STM32MP251AAK3, STM32MP251AAL3, STM32MP251CAI3, STM32MP251CAJ3, STM32MP251CAK3, STM32MP251CAL3, STM32MP251DAI3, STM32MP251DAJ3, STM32MP251DAK3, STM32MP251DAL3, STM32MP251FAI3, STM32MP251FAJ3, STM32MP251FAK3, STM32MP251FAL3, STM32MP253AAI3, STM32MP253AAJ3, STM32MP253AAK3, STM32MP253AAL3, STM32MP253CAI3, STM32MP253CAJ3, STM32MP253CAK3, STM32MP253CAL3, STM32MP253DAI3, STM32MP253DAJ3, STM32MP253DAK3, STM32MP253DAL3, STM32MP253FAI3, STM32MP253FAJ3, STM32MP253FAK3, STM32MP253FAL3, STM32MP255AAI3, STM32MP255AAJ3, STM32MP255AAK3, STM32MP255AAL3, STM32MP255CAI3, STM32MP255CAJ3, STM32MP255CAK3, STM32MP255CAL3, STM32MP255DAI3, STM32MP255DAJ3, STM32MP255DAK3, STM32MP255DAL3, STM32MP255FAI3, STM32MP255FAJ3, STM32MP255FAK3, STM32MP255FAL3, STM32MP257AAI3, STM32MP257AAJ3, STM32MP257AAK3, STM32MP257AAL3, STM32MP257CAI3, STM32MP257CAJ3, STM32MP257CAK3, STM32MP257CAL3, STM32MP257DAI3, STM32MP257DAJ3, STM32MP257DAK3, STM32MP257DAL3, STM32MP257F-DK, STM32MP257F-EV1, STM32MP257FAI3, STM32MP257FAJ3, STM32MP257FAK3, STM32MP257FAL3, STM32N645A0H3Q, STM32N645B0H3Q, STM32N645I0H3Q, STM32N645L0H3Q, STM32N645X0H3Q, STM32N645Z0H3Q, STM32N647A0H3Q, STM32N647B0H3Q, STM32N647I0H3Q, STM32N647L0H3Q, STM32N647X0H3Q, STM32N647Z0H3Q, STM32N655A0H3Q, STM32N655B0H3Q, STM32N655I0H3Q, STM32N655L0H3Q, STM32N655X0H3Q, STM32N655Z0H3Q, STM32N6570-DK, STM32N657A0H3Q, STM32N657B0H3Q, STM32N657I0H3Q, STM32N657L0H3Q, STM32N657X0H3Q, STM32N657Z0H3Q, STM32U031C6T6, STM32U031C6U6, STM32U031C8T6, STM32U031C8U6, STM32U031F4P6, STM32U031F6P6, STM32U031F8P6, STM32U031G6Y6TR, STM32U031G8Y6TR, STM32U031K4U6, STM32U031K6U6, STM32U031K8U6, STM32U031R6I6, STM32U031R6T6, STM32U031R8I6, STM32U031R8T6, STM32U073C8T6, STM32U073C8U6, STM32U073CBT6, STM32U073CBU6, STM32U073CCT6, STM32U073CCU6, STM32U073H8Y6TR, STM32U073HBY6TR, STM32U073HCY6TR, STM32U073K8U6, STM32U073KBU6, STM32U073KCU6, STM32U073M8I6, STM32U073M8T6, STM32U073MBI6, STM32U073MBT6, STM32U073MCI6, STM32U073MCT6, STM32U073R8I6, STM32U073R8T6, STM32U073RBI6, STM32U073RBT6, STM32U073RCI6, STM32U073RCT6, STM32U083C-DK, STM32U083CCT6, STM32U083CCU6, STM32U083HCY6TR, STM32U083KCU6, STM32U083MCI6, STM32U083MCT6, STM32U083RCI6, STM32U083RCT6, STM32U375CET6, STM32U375CET6Q, STM32U375CEU6, STM32U375CEU6Q, STM32U375CEY6QTR, STM32U375CGT6, STM32U375CGT6Q, STM32U375CGU6, STM32U375CGU6Q, STM32U375CGY6QTR, STM32U375KEU6, STM32U375KGU6, STM32U375REI6, STM32U375REI6Q, STM32U375RET6, STM32U375RET6Q, STM32U375REY6GTR, STM32U375REY6QTR, STM32U375RGI6, STM32U375RGI6Q, STM32U375RGT6, STM32U375RGT6Q, STM32U375RGY6GTR, STM32U375RGY6QTR, STM32U375VEI6, STM32U375VEI6Q, STM32U375VET6, STM32U375VET6Q, STM32U375VGI6, STM32U375VGI6Q, STM32U375VGT6, STM32U375VGT6Q, STM32U385CGT6, STM32U385CGT6Q, STM32U385CGU6, STM32U385CGU6Q, STM32U385CGY6QTR, STM32U385KGU6, STM32U385RGI6, STM32U385RGI6Q, STM32U385RGT6, STM32U385RGT6Q, STM32U385RGY6GTR, STM32U385RGY6QTR, STM32U385VGI6, STM32U385VGI6Q, STM32U385VGT6, STM32U385VGT6Q, STM32U535CBT6, STM32U535CBT6Q, STM32U535CBU6, STM32U535CBU6Q, STM32U535CCT6, STM32U535CCT6Q, STM32U535CCU6, STM32U535CCU6Q, STM32U535CET6, STM32U535CET6Q, STM32U535CEU6, STM32U535CEU6Q, STM32U535JEY6QTR, STM32U535NCY6QTR, STM32U535NEY6QTR, STM32U535RBI6, STM32U535RBI6Q, STM32U535RBT6, STM32U535RBT6Q, STM32U535RCI6, STM32U535RCI6Q, STM32U535RCT6, STM32U535RCT6Q, STM32U535REI6, STM32U535REI6Q, STM32U535RET6, STM32U535RET6Q, STM32U535VCI6, STM32U535VCI6Q, STM32U535VCT6, STM32U535VCT6Q, STM32U535VEI6, STM32U535VEI6Q, STM32U535VET6, STM32U535VET6Q, STM32U545CET6, STM32U545CET6Q, STM32U545CEU6, STM32U545CEU6Q, STM32U545JEY6QTR, STM32U545NEY6QTR, STM32U545REI6, STM32U545REI6Q, STM32U545RET6, STM32U545RET6Q, STM32U545VEI6, STM32U545VEI6Q, STM32U545VET6, STM32U545VET6Q, STM32U595AIH6, STM32U595AIH6Q, STM32U595AJH6, STM32U595AJH6Q, STM32U595QII6, STM32U595QII6Q, STM32U595QJI6, STM32U595QJI6Q, STM32U595RIT6, STM32U595RIT6Q, STM32U595RJT6, STM32U595RJT6Q, STM32U595VIT6, STM32U595VIT6Q, STM32U595VJT6, STM32U595VJT6Q, STM32U595ZIT6, STM32U595ZIT6Q, STM32U595ZIY6QTR, STM32U595ZJT6, STM32U595ZJT6Q, STM32U595ZJY6QTR, STM32U599BJY6QTR, STM32U599NIH6Q, STM32U599NJH6Q, STM32U599VIT6Q, STM32U599VJT6, STM32U599VJT6Q, STM32U599ZIT6Q, STM32U599ZIY6QTR, STM32U599ZJT6Q, STM32U599ZJY6QTR, STM32U5A5AJH6, STM32U5A5AJH6Q, STM32U5A5QII3Q , STM32U5A5QJI6, STM32U5A5QJI6Q, STM32U5A5RJT6, STM32U5A5RJT6Q, STM32U5A5VJT6, STM32U5A5VJT6Q, STM32U5A5ZJT6, STM32U5A5ZJT6Q, STM32U5A5ZJY6QTR, STM32U5A9BJY6QTR, STM32U5A9J-DK, STM32U5A9NJH6Q, STM32U5A9VJT6Q, STM32U5A9ZJT6Q, STM32U5A9ZJY6QTR, STM32U5F7VIT6, STM32U5F7VIT6Q, STM32U5F7VJT6, STM32U5F7VJT6Q, STM32U5F9BJY6QTR, STM32U5F9NJH6Q, STM32U5F9VIT6Q, STM32U5F9VJT6Q, STM32U5F9ZIJ6QTR, STM32U5F9ZIT6Q, STM32U5F9ZJJ6QTR, STM32U5F9ZJT6Q, STM32U5G7VJT6, STM32U5G7VJT6Q, STM32U5G9BJY6QTR, STM32U5G9J-DK1, STM32U5G9J-DK2, STM32U5G9NJH6Q, STM32U5G9VJT6Q, STM32U5G9ZJJ6QTR, STM32U5G9ZJT6Q, STM32WB05KZV6TR, STM32WB05KZV7TR, STM32WB05TZF6TR, STM32WB05TZF7TR, STM32WB06CCF6TR, STM32WB06CCF7TR, STM32WB06CCV6TR, STM32WB06CCV7TR, STM32WB06KCV6TR, STM32WB06KCV7TR, STM32WB07CCF6TR, STM32WB07CCF7TR, STM32WB07CCV6TR, STM32WB07CCV7TR, STM32WB07KCV6TR, STM32WB07KCV7TR, STM32WB09KEV6TR, STM32WB09KEV7TR, STM32WB09TEF6TR, STM32WB09TEF7TR, STM32WB1MMCH6, STM32WBA50KGU6, STM32WBA50KGU6TR, STM32WBA52CEU6, STM32WBA52CEU6TR, STM32WBA52CEU7, STM32WBA52CEU7TR, STM32WBA52CGU6, STM32WBA52CGU6TR, STM32WBA52CGU6U, STM32WBA52CGU7, STM32WBA52CGU7TR, STM32WBA52KEU6, STM32WBA52KEU6TR, STM32WBA52KGU6, STM32WBA52KGU6TR, STM32WBA54CEU6, STM32WBA54CEU6TR, STM32WBA54CEU7, STM32WBA54CEU7TR, STM32WBA54CGU6, STM32WBA54CGU6TR, STM32WBA54CGU7, STM32WBA54CGU7TR, STM32WBA54KEU6, STM32WBA54KEU6TR, STM32WBA54KEU7, STM32WBA54KEU7TR, STM32WBA54KGU6, STM32WBA54KGU6TR, STM32WBA54KGU7, STM32WBA54KGU7TR, STM32WBA55CEU6, STM32WBA55CEU6TR, STM32WBA55CEU7, STM32WBA55CEU7TR, STM32WBA55CGU6, STM32WBA55CGU6TR, STM32WBA55CGU6U, STM32WBA55CGU7, STM32WBA55CGU7TR, STM32WBA55G-DK1, STM32WBA55HEF6, STM32WBA55HEF7, STM32WBA55HGF6, STM32WBA55HGF7, STM32WBA55UEI6, STM32WBA55UEI6TR, STM32WBA55UEI7, STM32WBA55UEI7TR, STM32WBA55UGI6, STM32WBA55UGI6TR, STM32WBA55UGI7, STM32WBA55UGI7TR, STM32WBA5MJGH6TR, STM32WBA5MJGH6U, STM32WL33C8V6, STM32WL33C8V6TR, STM32WL33C8V7, STM32WL33C8V7TR, STM32WL33CBV6, STM32WL33CBV6TR, STM32WL33CBV7, STM32WL33CBV7TR, STM32WL33CCV6, STM32WL33CCV6TR, STM32WL33CCV7, STM32WL33CCV7A, STM32WL33CCV7ATR, STM32WL33CCV7TR, STM32WL33K8V6, STM32WL33K8V6TR, STM32WL33K8V7, STM32WL33K8V7TR, STM32WL33KBV6, STM32WL33KBV6TR, STM32WL33KBV7, STM32WL33KBV7TR, STM32WL33KCV6, STM32WL33KCV6TR, STM32WL33KCV7, STM32WL33KCV7TR, STM32WL5MOCH6, STM32WL5MOCH6TR]
2025-12-16 17:41:50,046 [INFO] DbMcus:218 - Found 4736 MCUs, 4736 are supported
2025-12-16 17:41:50,047 [INFO] ApiDb:423 - Load user favorites file C:\Users\kamil/.stm32cubeide/favorites.mcus.txt: 0 item(s)
2025-12-16 17:41:50,047 [INFO] ApiDb:427 - User favorites MCUs=[]
2025-12-16 17:41:50,047 [INFO] DbMcus:224 - Set 0 / 0 favorites MCUs
2025-12-16 17:41:50,540 [INFO] BoardInfo:889 - No configuration file found for board NUCLEO-WBA65RI
2025-12-16 17:41:50,541 [INFO] DbBoards:161 - Board is not supported: NUCLEO-WBA65RI
2025-12-16 17:41:50,552 [INFO] BoardInfo:889 - No configuration file found for board P-NUCLEO-WB55
2025-12-16 17:41:50,553 [INFO] DbBoards:161 - Kit is not supported: P-NUCLEO-WB55
2025-12-16 17:41:50,559 [INFO] BoardInfo:889 - No configuration file found for board STEVAL-BFA001V1B
2025-12-16 17:41:50,560 [INFO] DbBoards:161 - Kit is not supported: STEVAL-BFA001V1B
2025-12-16 17:41:50,561 [INFO] BoardInfo:889 - No configuration file found for board STEVAL-BFA001V2B
2025-12-16 17:41:50,561 [INFO] DbBoards:161 - Kit is not supported: STEVAL-BFA001V2B
2025-12-16 17:41:50,735 [INFO] BoardInfo:889 - No configuration file found for board STM32WBA65I-DK1
2025-12-16 17:41:50,736 [INFO] DbBoards:161 - Board is not supported: STM32WBA65I-DK1
2025-12-16 17:41:50,737 [INFO] DbBoards:168 - Found 211 boards, 206 are supported
2025-12-16 17:41:50,737 [INFO] DbBoards:169 - Found 211 boards, 42 of them is supported for  Bsp
2025-12-16 17:41:50,740 [INFO] ApiDb:423 - Load user favorites file C:\Users\kamil/.stm32cubeide/favorites.boards.txt: 0 item(s)
2025-12-16 17:41:50,740 [INFO] ApiDb:427 - User favorites Boards=[]
2025-12-16 17:41:50,740 [INFO] DbBoards:198 - Set 0 / 0 favorites Boards
2025-12-16 17:41:50,817 [INFO] UtilMem:75 - End LoadConfig() Used Memory: 245399400 Bytes (640679936)
2025-12-16 17:41:50,906 [WARN] ThirdParty:833 - waiting for thirdparty lock release [change project]
2025-12-16 17:41:50,906 [INFO] ThirdParty:835 - entering critical section [change project]
2025-12-16 17:41:50,906 [INFO] ThirdParty:1030 - CMSIS Pack Vendor :STMicroelectronics X-CUBE-PM33A1 1.0.0
2025-12-16 17:41:50,906 [INFO] ThirdParty:1030 - CMSIS Pack Vendor :STMicroelectronics USBPD 4.1
2025-12-16 17:41:50,906 [INFO] ThirdParty:1030 - CMSIS Pack Vendor :STMicroelectronics USB_HOST 2.0.0
2025-12-16 17:41:50,906 [INFO] ThirdParty:1030 - CMSIS Pack Vendor :STMicroelectronics FP-SNS-MOTENVWB1 1.4.0
2025-12-16 17:41:50,906 [INFO] ThirdParty:1030 - CMSIS Pack Vendor :STMicroelectronics X-CUBE-AZRTOS-F4 1.1.0
2025-12-16 17:41:50,906 [INFO] ThirdParty:1030 - CMSIS Pack Vendor :STMicroelectronics LIBJPEG 8.0.0
2025-12-16 17:41:50,906 [INFO] ThirdParty:1030 - CMSIS Pack Vendor :STMicroelectronics FP-ATR-ASTRA1 2.0.2
2025-12-16 17:41:50,906 [INFO] ThirdParty:1030 - CMSIS Pack Vendor :STMicroelectronics FP-ATR-ASTRA1 2.0.1
2025-12-16 17:41:50,906 [INFO] ThirdParty:1030 - CMSIS Pack Vendor :STMicroelectronics X-CUBE-SMBUS 2.1.0
2025-12-16 17:41:50,906 [INFO] ThirdParty:1030 - CMSIS Pack Vendor :STMicroelectronics X-CUBE-WB05N 1.1.0
2025-12-16 17:41:50,906 [INFO] ThirdParty:1030 - CMSIS Pack Vendor :STMicroelectronics X-CUBE-ISPU 2.1.0
2025-12-16 17:41:50,906 [INFO] ThirdParty:1030 - CMSIS Pack Vendor :STMicroelectronics X-CUBE-FREERTOS 1.2.0
2025-12-16 17:41:50,906 [INFO] ThirdParty:1030 - CMSIS Pack Vendor :STMicroelectronics X-CUBE-ST60 1.0.0
2025-12-16 17:41:50,906 [INFO] ThirdParty:1030 - CMSIS Pack Vendor :STMicroelectronics X-CUBE-NFC12 1.0.0
2025-12-16 17:41:50,906 [INFO] ThirdParty:1030 - CMSIS Pack Vendor :STMicroelectronics X-CUBE-AZRTOS-F7 1.1.0
2025-12-16 17:41:50,906 [INFO] ThirdParty:1030 - CMSIS Pack Vendor :STMicroelectronics X-CUBE-AZRTOS-L5 2.0.0
2025-12-16 17:41:50,906 [INFO] ThirdParty:1030 - CMSIS Pack Vendor :STMicroelectronics USB_DEVICE 2.0.0
2025-12-16 17:41:50,906 [INFO] ThirdParty:1030 - CMSIS Pack Vendor :STMicroelectronics X-CUBE-NFC6 3.1.0
2025-12-16 17:41:50,906 [INFO] ThirdParty:1030 - CMSIS Pack Vendor :ARM CMSIS 5.7.0
2025-12-16 17:41:50,906 [INFO] ThirdParty:1030 - CMSIS Pack Vendor :STMicroelectronics X-CUBE-MEMS1 11.0.0
2025-12-16 17:41:50,906 [INFO] ThirdParty:1030 - CMSIS Pack Vendor :STMicroelectronics FreeRTOS 0.0.1
2025-12-16 17:41:50,907 [INFO] ThirdParty:1030 - CMSIS Pack Vendor :STMicroelectronics X-CUBE-DPower 1.2.0
2025-12-16 17:41:50,907 [INFO] ThirdParty:1030 - CMSIS Pack Vendor :STMicroelectronics FP-SNS-FLIGHT1 5.0.2
2025-12-16 17:41:50,907 [INFO] ThirdParty:1030 - CMSIS Pack Vendor :STMicroelectronics PDM2PCM 3.3.0
2025-12-16 17:41:50,907 [INFO] ThirdParty:1030 - CMSIS Pack Vendor :STMicroelectronics X-CUBE-AZRTOS-H7 3.4.0
2025-12-16 17:41:50,907 [INFO] ThirdParty:1030 - CMSIS Pack Vendor :STMicroelectronics X-CUBE-DISPLAY 3.0.0
2025-12-16 17:41:50,907 [INFO] ThirdParty:1030 - CMSIS Pack Vendor :STMicroelectronics X-CUBE-BLE1 7.0.0
2025-12-16 17:41:50,907 [INFO] ThirdParty:1030 - CMSIS Pack Vendor :STMicroelectronics X-CUBE-NFC10 1.0.0
2025-12-16 17:41:50,907 [INFO] ThirdParty:1030 - CMSIS Pack Vendor :STMicroelectronics X-CUBE-BLEMGR 4.0.0
2025-12-16 17:41:50,907 [INFO] ThirdParty:1030 - CMSIS Pack Vendor :STMicroelectronics X-CUBE-FREERTOS 1.3.1
2025-12-16 17:41:50,907 [INFO] ThirdParty:1030 - CMSIS Pack Vendor :STMicroelectronics HAL Drivers 0.0.0
2025-12-16 17:41:50,907 [INFO] ThirdParty:1030 - CMSIS Pack Vendor :STMicroelectronics X-CUBE-ST60 1.1.0
2025-12-16 17:41:50,907 [INFO] ThirdParty:1030 - CMSIS Pack Vendor :emotas I-CUBE-CANOPEN 1.3.0
2025-12-16 17:41:50,907 [INFO] ThirdParty:1030 - CMSIS Pack Vendor :STMicroelectronics X-CUBE-FREERTOS 1.3.0
2025-12-16 17:41:50,907 [INFO] ThirdParty:1030 - CMSIS Pack Vendor :STMicroelectronics X-CUBE-NFC7 1.0.1
2025-12-16 17:41:50,907 [INFO] ThirdParty:1030 - CMSIS Pack Vendor :STMicroelectronics MBEDTLS 2.14.1
2025-12-16 17:41:50,907 [INFO] ThirdParty:1030 - CMSIS Pack Vendor :STMicroelectronics X-CUBE-GNSS1 7.1.0
2025-12-16 17:41:50,907 [INFO] ThirdParty:1030 - CMSIS Pack Vendor :STMicroelectronics X-CUBE-TOUCHGFX 4.26.0
2025-12-16 17:41:50,907 [INFO] ThirdParty:1030 - CMSIS Pack Vendor :STMicroelectronics X-CUBE-BLEMGR 3.1.0
2025-12-16 17:41:50,907 [INFO] ThirdParty:1030 - CMSIS Pack Vendor :STMicroelectronics X-CUBE-AI 10.0.0
2025-12-16 17:41:50,907 [INFO] ThirdParty:1030 - CMSIS Pack Vendor :STMicroelectronics FP-SNS-STAIOTCFT 1.0.0
2025-12-16 17:41:50,907 [INFO] ThirdParty:1030 - CMSIS Pack Vendor :STMicroelectronics FP-SNS-SMARTAG2 1.2.0
2025-12-16 17:41:50,907 [INFO] ThirdParty:1030 - CMSIS Pack Vendor :STMicroelectronics FP-SNS-FLIGHT1 5.1.0
2025-12-16 17:41:50,907 [INFO] ThirdParty:1030 - CMSIS Pack Vendor :STMicroelectronics X-CUBE-MEMS1 11.1.0
2025-12-16 17:41:50,907 [INFO] ThirdParty:1030 - CMSIS Pack Vendor :STMicroelectronics X-CUBE-AZRTOS-WL 2.0.0
2025-12-16 17:41:50,907 [INFO] ThirdParty:1030 - CMSIS Pack Vendor :STMicroelectronics X-CUBE-DPower 1.3.0
2025-12-16 17:41:50,907 [INFO] ThirdParty:1030 - CMSIS Pack Vendor :STMicroelectronics FP-SNS-MOTENV1 5.0.0
2025-12-16 17:41:50,907 [INFO] ThirdParty:1030 - CMSIS Pack Vendor :STMicroelectronics USB_DEVICE 1.0.0
2025-12-16 17:41:50,907 [INFO] ThirdParty:1030 - CMSIS Pack Vendor :STMicroelectronics X-CUBE-AZRTOS-H7RS 1.2.0
2025-12-16 17:41:50,907 [INFO] ThirdParty:1030 - CMSIS Pack Vendor :wolfSSL I-CUBE-wolfMQTT 1.19.0
2025-12-16 17:41:50,907 [INFO] ThirdParty:1030 - CMSIS Pack Vendor :STMicroelectronics X-CUBE-AZRTOS-L4 2.0.0
2025-12-16 17:41:50,907 [INFO] ThirdParty:1030 - CMSIS Pack Vendor :STMicroelectronics ThreadX 0.0.2
2025-12-16 17:41:50,907 [INFO] ThirdParty:1030 - CMSIS Pack Vendor :WES I-CUBE-Cesium 1.3.0
2025-12-16 17:41:50,907 [INFO] ThirdParty:1030 - CMSIS Pack Vendor :STMicroelectronics lwIP 2.1.2
2025-12-16 17:41:50,907 [INFO] ThirdParty:1030 - CMSIS Pack Vendor :STMicroelectronics X-CUBE-SFXS2LP1 4.0.0
2025-12-16 17:41:50,907 [INFO] ThirdParty:1030 - CMSIS Pack Vendor :STMicroelectronics X-CUBE-BLE2 3.3.0
2025-12-16 17:41:50,907 [INFO] ThirdParty:1030 - CMSIS Pack Vendor :Avnet-IOTCONNECT X-CUBE-iotc-st67-sdk 1.0.0
2025-12-16 17:41:50,907 [INFO] ThirdParty:1030 - CMSIS Pack Vendor :STMicroelectronics PDM2PCM 3.2.0
2025-12-16 17:41:50,907 [INFO] ThirdParty:1030 - CMSIS Pack Vendor :STMicroelectronics X-CUBE-AZRTOS-H7 3.3.0
2025-12-16 17:41:50,907 [INFO] ThirdParty:1030 - CMSIS Pack Vendor :STMicroelectronics X-CUBE-NFC9 1.0.0
2025-12-16 17:41:50,907 [INFO] ThirdParty:1030 - CMSIS Pack Vendor :STMicroelectronics X-CUBE-BLE1 7.1.0
2025-12-16 17:41:50,907 [INFO] ThirdParty:1030 - CMSIS Pack Vendor :STMicroelectronics USB_DEVICE 3.0.0
2025-12-16 17:41:50,907 [INFO] ThirdParty:1030 - CMSIS Pack Vendor :STMicroelectronics X-CUBE-TCPP 4.1.0
2025-12-16 17:41:50,907 [INFO] ThirdParty:1030 - CMSIS Pack Vendor :STMicroelectronics X-CUBE-EEPRMA1 5.2.0
2025-12-16 17:41:50,907 [INFO] ThirdParty:1030 - CMSIS Pack Vendor :STMicroelectronics X-CUBE-BLEMGR 4.1.0
2025-12-16 17:41:50,907 [INFO] ThirdParty:1030 - CMSIS Pack Vendor :STMicroelectronics X-CUBE-IPS 3.0.0
2025-12-16 17:41:50,907 [INFO] ThirdParty:1030 - CMSIS Pack Vendor :STMicroelectronics X-CUBE-AZRTOS-WB 2.0.0
2025-12-16 17:41:50,907 [INFO] ThirdParty:1030 - CMSIS Pack Vendor :STMicroelectronics X-CUBE-GNSS1 7.0.0
2025-12-16 17:41:50,907 [INFO] ThirdParty:1030 - CMSIS Pack Vendor :STMicroelectronics X-CUBE-GNSS1 7.0.1
2025-12-16 17:41:50,907 [INFO] ThirdParty:1030 - CMSIS Pack Vendor :STMicroelectronics X-CUBE-TOUCHGFX 4.25.0
2025-12-16 17:41:50,908 [INFO] ThirdParty:1030 - CMSIS Pack Vendor :STMicroelectronics FP-SNS-STBOX1 2.0.0
2025-12-16 17:41:50,908 [INFO] ThirdParty:1030 - CMSIS Pack Vendor :STMicroelectronics X-CUBE-MEMS1 12.0.0
2025-12-16 17:41:50,908 [INFO] ThirdParty:1030 - CMSIS Pack Vendor :STMicroelectronics X-CUBE-AZRTOS-G0 1.1.0
2025-12-16 17:41:50,908 [INFO] ThirdParty:1030 - CMSIS Pack Vendor :STMicroelectronics X-CUBE-SAFEA1 1.2.2
2025-12-16 17:41:50,908 [INFO] ThirdParty:1030 - CMSIS Pack Vendor :STMicroelectronics X-CUBE-NFC4 3.0.0
2025-12-16 17:41:50,908 [INFO] ThirdParty:1030 - CMSIS Pack Vendor :STMicroelectronics X-CUBE-SUBG2 5.0.0
2025-12-16 17:41:50,908 [INFO] ThirdParty:1030 - CMSIS Pack Vendor :STMicroelectronics X-CUBE-AZRTOS-H7RS 1.1.0
2025-12-16 17:41:50,908 [INFO] ThirdParty:1030 - CMSIS Pack Vendor :STMicroelectronics STM32_WPAN 1.0.0
2025-12-16 17:41:50,908 [INFO] ThirdParty:1030 - CMSIS Pack Vendor :EmbeddedOffice I-CUBE-FS-RTOS 1.0.1
2025-12-16 17:41:50,908 [INFO] ThirdParty:1030 - CMSIS Pack Vendor :STMicroelectronics lwIP 2.0.3
2025-12-16 17:41:50,908 [INFO] ThirdParty:1030 - CMSIS Pack Vendor :Cesanta I-CUBE-Mongoose 7.13.0
2025-12-16 17:41:50,908 [INFO] ThirdParty:1030 - CMSIS Pack Vendor :STMicroelectronics USB_HOST 1.0.0
2025-12-16 17:41:50,908 [INFO] ThirdParty:1030 - CMSIS Pack Vendor :STMicroelectronics X-CUBE-AZRTOS-G4 2.0.0
2025-12-16 17:41:50,908 [INFO] ThirdParty:1030 - CMSIS Pack Vendor :STMicroelectronics X-CUBE-WB05N 2.0.0
2025-12-16 17:41:50,908 [INFO] ThirdParty:1030 - CMSIS Pack Vendor :STMicroelectronics PDM2PCM 3.1.0
2025-12-16 17:41:50,908 [INFO] ThirdParty:1030 - CMSIS Pack Vendor :STMicroelectronics X-CUBE-NFC7 2.0.0
2025-12-16 17:41:50,908 [INFO] ThirdParty:1030 - CMSIS Pack Vendor :STMicroelectronics X-CUBE-TCPP 4.2.0
2025-12-16 17:41:50,908 [INFO] ThirdParty:1030 - CMSIS Pack Vendor :RealThread X-CUBE-RT-Thread_Nano 4.1.1
2025-12-16 17:41:50,908 [INFO] ThirdParty:1030 - CMSIS Pack Vendor :STMicroelectronics FP-ATR-SIGFOX1 3.2.0
2025-12-16 17:41:50,908 [INFO] ThirdParty:1030 - CMSIS Pack Vendor :wolfSSL I-CUBE-wolfSSL 5.7.2
2025-12-16 17:41:50,909 [INFO] ThirdParty:1030 - CMSIS Pack Vendor :quantropi X-CUBE-qispace-sdk-base 1.9.3
2025-12-16 17:41:50,909 [INFO] ThirdParty:1030 - CMSIS Pack Vendor :STMicroelectronics X-CUBE-EEPRMA1 5.1.0
2025-12-16 17:41:50,909 [INFO] ThirdParty:1030 - CMSIS Pack Vendor :STMicroelectronics MBEDTLS 2.16.2
2025-12-16 17:41:50,909 [INFO] ThirdParty:1030 - CMSIS Pack Vendor :STMicroelectronics X-CUBE-IPS 3.1.0
2025-12-16 17:41:50,909 [INFO] ThirdParty:1030 - CMSIS Pack Vendor :STMicroelectronics X-CUBE-ALS 1.0.2
2025-12-16 17:41:50,909 [INFO] ThirdParty:1030 - CMSIS Pack Vendor :ITTIA_DB I-CUBE-ITTIADB 8.9.0
2025-12-16 17:41:50,909 [INFO] ThirdParty:1030 - CMSIS Pack Vendor :STMicroelectronics X-CUBE-TOUCHGFX 4.24.1
2025-12-16 17:41:50,909 [INFO] ThirdParty:1030 - CMSIS Pack Vendor :STMicroelectronics X-CUBE-STSE01 1.0.0
2025-12-16 17:41:50,909 [INFO] ThirdParty:1030 - CMSIS Pack Vendor :wolfSSL I-CUBE-wolfTPM 3.4.0
2025-12-16 17:41:50,909 [INFO] ThirdParty:1030 - CMSIS Pack Vendor :portGmbH I-Cube-SoM-uGOAL 1.1.0
2025-12-16 17:41:50,909 [INFO] ThirdParty:1030 - CMSIS Pack Vendor :STMicroelectronics X-CUBE-ST67W61 1.0.0
2025-12-16 17:41:50,909 [INFO] ThirdParty:1030 - CMSIS Pack Vendor :STMicroelectronics X-CUBE-AI 10.2.0
2025-12-16 17:41:50,909 [INFO] ThirdParty:1030 - CMSIS Pack Vendor :STMicroelectronics ThreadX 1.0.0
2025-12-16 17:41:50,909 [INFO] ThirdParty:1030 - CMSIS Pack Vendor :SEGGER I-CUBE-embOS 1.3.1
2025-12-16 17:41:50,909 [INFO] ThirdParty:1030 - CMSIS Pack Vendor :STMicroelectronics X-CUBE-ALGOBUILD 1.4.0
2025-12-16 17:41:50,909 [INFO] ThirdParty:1030 - CMSIS Pack Vendor :STMicroelectronics X-CUBE-MEMS1 11.3.0
2025-12-16 17:41:50,909 [INFO] ThirdParty:1030 - CMSIS Pack Vendor :STMicroelectronics X-CUBE-AZRTOS-H7RS 1.0.0
2025-12-16 17:41:50,909 [INFO] ThirdParty:1030 - CMSIS Pack Vendor :STMicroelectronics FP-ATR-ASTRA1 2.0.0
2025-12-16 17:41:50,909 [INFO] ThirdParty:1030 - CMSIS Pack Vendor :STMicroelectronics X-CUBE-TOF1 3.4.2
2025-12-16 17:41:50,909 [INFO] ThirdParty:1030 - CMSIS Pack Vendor :STMicroelectronics X-CUBE-TOF1 3.4.3
2025-12-16 17:41:50,909 [INFO] ThirdParty:1030 - CMSIS Pack Vendor :STMicroelectronics X-CUBE-AI 9.1.0
2025-12-16 17:41:50,909 [INFO] ThirdParty:1030 - CMSIS Pack Vendor :Infineon AIROC-Wi-Fi-Bluetooth-STM32 1.6.1
2025-12-16 17:41:50,909 [INFO] ThirdParty:1030 - CMSIS Pack Vendor :wolfSSL I-CUBE-wolfSSH 1.4.17
2025-12-16 17:41:50,909 [INFO] ThirdParty:841 - exiting critical section [change project]
2025-12-16 17:41:51,377 [INFO] PinOutPanel:1589 - setPackage(No Configuration,No Configuration)
2025-12-16 17:41:51,379 [INFO] PinOutPanel:1589 - setPackage(STM32H743IITx,LQFP176)
2025-12-16 17:41:51,943 [INFO] UtilMem:75 - Before build in PCC Used Memory: 398215616 Bytes (640679936)
2025-12-16 17:41:52,587 [INFO] UtilMem:75 - After build in PCC Used Memory: 484204912 Bytes (640679936)
2025-12-16 17:41:52,634 [INFO] IPUIPlugin:80 - create IPUIPlugin
2025-12-16 17:41:52,634 [INFO] IPUIPlugin:80 - create IPUIPlugin
2025-12-16 17:41:52,634 [INFO] IPUIPlugin:80 - create IPUIPlugin
2025-12-16 17:41:52,634 [INFO] IPUIPlugin:80 - create IPUIPlugin
2025-12-16 17:41:52,634 [INFO] IPUIPlugin:80 - create IPUIPlugin
2025-12-16 17:41:52,634 [INFO] IPUIPlugin:80 - create IPUIPlugin
2025-12-16 17:41:52,634 [INFO] IPUIPlugin:80 - create IPUIPlugin
2025-12-16 17:41:52,634 [INFO] IPUIPlugin:80 - create IPUIPlugin
2025-12-16 17:41:52,634 [INFO] IPUIPlugin:80 - create IPUIPlugin
2025-12-16 17:41:52,634 [INFO] IPUIPlugin:80 - create IPUIPlugin
2025-12-16 17:41:52,634 [INFO] IPUIPlugin:80 - create IPUIPlugin
2025-12-16 17:41:52,635 [INFO] IPUIPlugin:80 - create IPUIPlugin
2025-12-16 17:41:52,635 [INFO] IPUIPlugin:80 - create IPUIPlugin
2025-12-16 17:41:52,635 [INFO] IPUIPlugin:80 - create IPUIPlugin
2025-12-16 17:41:52,635 [INFO] IPUIPlugin:80 - create IPUIPlugin
2025-12-16 17:41:52,635 [INFO] IPUIPlugin:80 - create IPUIPlugin
2025-12-16 17:41:52,635 [INFO] IPUIPlugin:80 - create IPUIPlugin
2025-12-16 17:41:52,635 [INFO] IPUIPlugin:80 - create IPUIPlugin
2025-12-16 17:41:52,635 [INFO] IPUIPlugin:80 - create IPUIPlugin
2025-12-16 17:41:52,635 [INFO] IPUIPlugin:80 - create IPUIPlugin
2025-12-16 17:41:52,635 [INFO] IPUIPlugin:80 - create IPUIPlugin
2025-12-16 17:41:52,635 [INFO] IPUIPlugin:80 - create IPUIPlugin
2025-12-16 17:41:52,636 [INFO] IPUIPlugin:80 - create IPUIPlugin
2025-12-16 17:41:52,636 [INFO] IPUIPlugin:80 - create IPUIPlugin
2025-12-16 17:41:52,636 [INFO] IPUIPlugin:80 - create IPUIPlugin
2025-12-16 17:41:52,636 [INFO] IPUIPlugin:80 - create IPUIPlugin
2025-12-16 17:41:52,636 [INFO] IPUIPlugin:80 - create IPUIPlugin
2025-12-16 17:41:52,636 [INFO] IPUIPlugin:80 - create IPUIPlugin
2025-12-16 17:41:52,636 [INFO] IPUIPlugin:80 - create IPUIPlugin
2025-12-16 17:41:52,636 [INFO] IPUIPlugin:80 - create IPUIPlugin
2025-12-16 17:41:52,636 [INFO] IPUIPlugin:80 - create IPUIPlugin
2025-12-16 17:41:52,636 [INFO] IPUIPlugin:80 - create IPUIPlugin
2025-12-16 17:41:52,637 [INFO] IPUIPlugin:80 - create IPUIPlugin
2025-12-16 17:41:52,637 [INFO] IPUIPlugin:80 - create IPUIPlugin
2025-12-16 17:41:52,637 [INFO] IPUIPlugin:80 - create IPUIPlugin
2025-12-16 17:41:52,637 [INFO] IPUIPlugin:80 - create IPUIPlugin
2025-12-16 17:41:52,638 [INFO] IPUIPlugin:80 - create IPUIPlugin
2025-12-16 17:41:52,638 [INFO] IPUIPlugin:80 - create IPUIPlugin
2025-12-16 17:41:52,638 [INFO] IPUIPlugin:80 - create IPUIPlugin
2025-12-16 17:41:52,638 [INFO] IPUIPlugin:80 - create IPUIPlugin
2025-12-16 17:41:52,639 [INFO] IPUIPlugin:80 - create IPUIPlugin
2025-12-16 17:41:52,639 [INFO] IPUIPlugin:80 - create IPUIPlugin
2025-12-16 17:41:52,639 [INFO] IPUIPlugin:80 - create IPUIPlugin
2025-12-16 17:41:52,639 [INFO] IPUIPlugin:80 - create IPUIPlugin
2025-12-16 17:41:52,640 [INFO] IPUIPlugin:80 - create IPUIPlugin
2025-12-16 17:41:52,640 [INFO] IPUIPlugin:80 - create IPUIPlugin
2025-12-16 17:41:52,640 [INFO] IPUIPlugin:80 - create IPUIPlugin
2025-12-16 17:41:52,640 [INFO] IPUIPlugin:80 - create IPUIPlugin
2025-12-16 17:41:52,640 [INFO] IPUIPlugin:80 - create IPUIPlugin
2025-12-16 17:41:52,640 [INFO] IPUIPlugin:80 - create IPUIPlugin
2025-12-16 17:41:52,640 [INFO] IPUIPlugin:80 - create IPUIPlugin
2025-12-16 17:41:52,641 [INFO] IPUIPlugin:80 - create IPUIPlugin
2025-12-16 17:41:52,641 [INFO] IPUIPlugin:80 - create IPUIPlugin
2025-12-16 17:41:52,641 [INFO] IPUIPlugin:80 - create IPUIPlugin
2025-12-16 17:41:52,641 [INFO] IPUIPlugin:80 - create IPUIPlugin
2025-12-16 17:41:52,641 [INFO] IPUIPlugin:80 - create IPUIPlugin
2025-12-16 17:41:52,642 [INFO] IPUIPlugin:80 - create IPUIPlugin
2025-12-16 17:41:52,642 [INFO] IPUIPlugin:80 - create IPUIPlugin
2025-12-16 17:41:52,642 [INFO] IPUIPlugin:80 - create IPUIPlugin
2025-12-16 17:41:52,643 [INFO] IPUIPlugin:80 - create IPUIPlugin
2025-12-16 17:41:52,643 [INFO] IPUIPlugin:80 - create IPUIPlugin
2025-12-16 17:41:52,643 [INFO] IPUIPlugin:80 - create IPUIPlugin
2025-12-16 17:41:52,643 [INFO] IPUIPlugin:80 - create IPUIPlugin
2025-12-16 17:41:52,644 [INFO] IPUIPlugin:80 - create IPUIPlugin
2025-12-16 17:41:52,644 [INFO] IPUIPlugin:80 - create IPUIPlugin
2025-12-16 17:41:52,644 [INFO] IPUIPlugin:80 - create IPUIPlugin
2025-12-16 17:41:52,644 [INFO] IPUIPlugin:80 - create IPUIPlugin
2025-12-16 17:41:52,644 [INFO] IPUIPlugin:80 - create IPUIPlugin
2025-12-16 17:41:52,644 [INFO] IPUIPlugin:80 - create IPUIPlugin
2025-12-16 17:41:52,645 [INFO] IPUIPlugin:80 - create IPUIPlugin
2025-12-16 17:41:52,645 [INFO] IPUIPlugin:80 - create IPUIPlugin
2025-12-16 17:41:52,645 [INFO] IPUIPlugin:80 - create IPUIPlugin
2025-12-16 17:41:52,645 [INFO] IPUIPlugin:80 - create IPUIPlugin
2025-12-16 17:41:52,645 [INFO] IPUIPlugin:80 - create IPUIPlugin
2025-12-16 17:41:52,646 [INFO] IPUIPlugin:80 - create IPUIPlugin
2025-12-16 17:41:52,646 [INFO] IPUIPlugin:80 - create IPUIPlugin
2025-12-16 17:41:52,646 [INFO] IPUIPlugin:80 - create IPUIPlugin
2025-12-16 17:41:52,646 [INFO] IPUIPlugin:80 - create IPUIPlugin
2025-12-16 17:41:52,646 [INFO] IPUIPlugin:80 - create IPUIPlugin
2025-12-16 17:41:52,647 [INFO] IPUIPlugin:80 - create IPUIPlugin
2025-12-16 17:41:52,647 [INFO] IPUIPlugin:80 - create IPUIPlugin
2025-12-16 17:41:52,647 [INFO] IPUIPlugin:80 - create IPUIPlugin
2025-12-16 17:41:52,647 [INFO] IPUIPlugin:80 - create IPUIPlugin
2025-12-16 17:41:52,647 [INFO] IPUIPlugin:80 - create IPUIPlugin
2025-12-16 17:41:52,648 [INFO] IPUIPlugin:80 - create IPUIPlugin
2025-12-16 17:41:52,648 [INFO] IPUIPlugin:80 - create IPUIPlugin
2025-12-16 17:41:52,648 [INFO] IPUIPlugin:80 - create IPUIPlugin
2025-12-16 17:41:52,648 [INFO] IPUIPlugin:80 - create IPUIPlugin
2025-12-16 17:41:52,648 [INFO] IPUIPlugin:80 - create IPUIPlugin
2025-12-16 17:41:52,648 [INFO] IPUIPlugin:80 - create IPUIPlugin
2025-12-16 17:41:52,649 [INFO] IPUIPlugin:80 - create IPUIPlugin
2025-12-16 17:41:52,649 [INFO] IPUIPlugin:80 - create IPUIPlugin
2025-12-16 17:41:52,649 [INFO] IPUIPlugin:80 - create IPUIPlugin
2025-12-16 17:41:52,650 [INFO] IPUIPlugin:80 - create IPUIPlugin
2025-12-16 17:41:52,650 [INFO] IPUIPlugin:80 - create IPUIPlugin
2025-12-16 17:41:52,650 [INFO] IPUIPlugin:80 - create IPUIPlugin
2025-12-16 17:41:52,650 [INFO] IPUIPlugin:80 - create IPUIPlugin
2025-12-16 17:41:52,651 [INFO] IPUIPlugin:80 - create IPUIPlugin
2025-12-16 17:41:52,723 [INFO] ApiDbMcu:508 - Load IP Config File for PDM2PCM
2025-12-16 17:41:52,732 [WARN] IP:2251 - ClockDivider not found: check if there is a RefParameter without a condition.
2025-12-16 17:41:52,732 [WARN] IP:2251 - ClockDividerCCU not found: check if there is a RefParameter without a condition.
2025-12-16 17:41:52,732 [WARN] IP:2251 - MinOscClkPeriodsCCU not found: check if there is a RefParameter without a condition.
2025-12-16 17:41:52,732 [WARN] IP:2251 - TimeQuantaPerBitTimeCCU not found: check if there is a RefParameter without a condition.
2025-12-16 17:41:52,732 [WARN] IP:2251 - WatchdogStartValueCCU not found: check if there is a RefParameter without a condition.
2025-12-16 17:41:52,738 [INFO] LogOutputStream:77 - [STDOUT_REDIRECT] Nominal 
2025-12-16 17:41:52,738 [INFO] Can:71 - Can Add PropertyChangeListener com.st.microxplorer.plugins.ip.can.Can@3f77df7b
2025-12-16 17:41:52,941 [INFO] CADModel:165 - CPN selected for project levelSTM32H743IIT6
2025-12-16 17:41:52,941 [INFO] CADModel:114 - Register for checkConnection events
2025-12-16 17:41:53,001 [INFO] OpenFileManager:363 - Restore cursor
2025-12-16 17:41:53,241 [WARN] IP:2251 - ClockDivider not found: check if there is a RefParameter without a condition.
2025-12-16 17:41:53,241 [WARN] IP:2251 - ClockDividerCCU not found: check if there is a RefParameter without a condition.
2025-12-16 17:41:53,241 [WARN] IP:2251 - MinOscClkPeriodsCCU not found: check if there is a RefParameter without a condition.
2025-12-16 17:41:53,241 [WARN] IP:2251 - TimeQuantaPerBitTimeCCU not found: check if there is a RefParameter without a condition.
2025-12-16 17:41:53,241 [WARN] IP:2251 - WatchdogStartValueCCU not found: check if there is a RefParameter without a condition.
2025-12-16 17:47:11,618 [WARN] IP:2251 - ClockDivider not found: check if there is a RefParameter without a condition.
2025-12-16 17:47:11,618 [WARN] IP:2251 - ClockDividerCCU not found: check if there is a RefParameter without a condition.
2025-12-16 17:47:11,618 [WARN] IP:2251 - MinOscClkPeriodsCCU not found: check if there is a RefParameter without a condition.
2025-12-16 17:47:11,618 [WARN] IP:2251 - TimeQuantaPerBitTimeCCU not found: check if there is a RefParameter without a condition.
2025-12-16 17:47:11,618 [WARN] IP:2251 - WatchdogStartValueCCU not found: check if there is a RefParameter without a condition.
2025-12-16 17:55:57,113 [WARN] IP:2251 - ClockDivider not found: check if there is a RefParameter without a condition.
2025-12-16 17:55:57,114 [WARN] IP:2251 - ClockDividerCCU not found: check if there is a RefParameter without a condition.
2025-12-16 17:55:57,114 [WARN] IP:2251 - MinOscClkPeriodsCCU not found: check if there is a RefParameter without a condition.
2025-12-16 17:55:57,114 [WARN] IP:2251 - TimeQuantaPerBitTimeCCU not found: check if there is a RefParameter without a condition.
2025-12-16 17:55:57,114 [WARN] IP:2251 - WatchdogStartValueCCU not found: check if there is a RefParameter without a condition.
2025-12-16 17:55:57,259 [WARN] IP:2251 - ClockDivider not found: check if there is a RefParameter without a condition.
2025-12-16 17:55:57,259 [WARN] IP:2251 - ClockDividerCCU not found: check if there is a RefParameter without a condition.
2025-12-16 17:55:57,260 [WARN] IP:2251 - MinOscClkPeriodsCCU not found: check if there is a RefParameter without a condition.
2025-12-16 17:55:57,260 [WARN] IP:2251 - TimeQuantaPerBitTimeCCU not found: check if there is a RefParameter without a condition.
2025-12-16 17:55:57,260 [WARN] IP:2251 - WatchdogStartValueCCU not found: check if there is a RefParameter without a condition.
2025-12-16 17:56:05,027 [WARN] IP:2251 - ClockDivider not found: check if there is a RefParameter without a condition.
2025-12-16 17:56:05,027 [WARN] IP:2251 - ClockDividerCCU not found: check if there is a RefParameter without a condition.
2025-12-16 17:56:05,028 [WARN] IP:2251 - MinOscClkPeriodsCCU not found: check if there is a RefParameter without a condition.
2025-12-16 17:56:05,028 [WARN] IP:2251 - TimeQuantaPerBitTimeCCU not found: check if there is a RefParameter without a condition.
2025-12-16 17:56:05,028 [WARN] IP:2251 - WatchdogStartValueCCU not found: check if there is a RefParameter without a condition.
2025-12-16 17:56:05,164 [WARN] IP:2251 - ClockDivider not found: check if there is a RefParameter without a condition.
2025-12-16 17:56:05,165 [WARN] IP:2251 - ClockDividerCCU not found: check if there is a RefParameter without a condition.
2025-12-16 17:56:05,165 [WARN] IP:2251 - MinOscClkPeriodsCCU not found: check if there is a RefParameter without a condition.
2025-12-16 17:56:05,165 [WARN] IP:2251 - TimeQuantaPerBitTimeCCU not found: check if there is a RefParameter without a condition.
2025-12-16 17:56:05,165 [WARN] IP:2251 - WatchdogStartValueCCU not found: check if there is a RefParameter without a condition.
2025-12-16 17:56:47,866 [INFO] UtilMem:75 - End SaveConfig() Used Memory: 931990600 Bytes (1073741824)
2025-12-16 17:56:49,955 [INFO] LogOutputStream:77 - [STDOUT_REDIRECT] This download action requires prior login. To proceed, please use the 'login' command with your my.st.com account email and password.
2025-12-16 17:56:49,957 [INFO] LogOutputStream:77 - [STDOUT_REDIRECT] Run 'login <email> <password> <remember_me>' for example 'login john.smith@st.com mypassword y'.
2025-12-16 17:56:49,958 [INFO] LogOutputStream:77 - [STDOUT_REDIRECT] If you do not have a my.st.com account, please visit https://st.com website to create one.
2025-12-16 18:08:56,463 [WARN] IP:2251 - ClockDivider not found: check if there is a RefParameter without a condition.
2025-12-16 18:08:56,464 [WARN] IP:2251 - ClockDividerCCU not found: check if there is a RefParameter without a condition.
2025-12-16 18:08:56,465 [WARN] IP:2251 - MinOscClkPeriodsCCU not found: check if there is a RefParameter without a condition.
2025-12-16 18:08:56,465 [WARN] IP:2251 - TimeQuantaPerBitTimeCCU not found: check if there is a RefParameter without a condition.
2025-12-16 18:08:56,465 [WARN] IP:2251 - WatchdogStartValueCCU not found: check if there is a RefParameter without a condition.
2025-12-16 18:08:56,594 [INFO] NvicIntPanel:101 - NVIC parent = com.st.microxplorer.plugins.ip.nvic.MultiNvicIntPanel[,0,0,0x0,invalid,layout=javax.swing.BoxLayout,alignmentX=0.0,alignmentY=0.0,border=,flags=9,maximumSize=,minimumSize=,preferredSize=]
2025-12-16 18:08:57,914 [INFO] NvicIntPanel:101 - NVIC parent = com.st.microxplorer.plugins.ip.nvic.MultiNvicIntPanel[,0,0,0x0,invalid,layout=javax.swing.BoxLayout,alignmentX=0.0,alignmentY=0.0,border=,flags=9,maximumSize=,minimumSize=,preferredSize=]
2025-12-16 18:09:01,250 [INFO] UtilMem:75 - End SaveConfig() Used Memory: 890683672 Bytes (1073741824)
2025-12-16 18:09:07,777 [INFO] LogOutputStream:77 - [STDOUT_REDIRECT] This download action requires prior login. To proceed, please use the 'login' command with your my.st.com account email and password.
2025-12-16 18:09:07,778 [INFO] LogOutputStream:77 - [STDOUT_REDIRECT] Run 'login <email> <password> <remember_me>' for example 'login john.smith@st.com mypassword y'.
2025-12-16 18:09:07,779 [INFO] LogOutputStream:77 - [STDOUT_REDIRECT] If you do not have a my.st.com account, please visit https://st.com website to create one.
2025-12-16 18:10:37,794 [INFO] NvicIntPanel:101 - NVIC parent = com.st.microxplorer.plugins.ip.nvic.MultiNvicIntPanel[,0,0,0x0,invalid,layout=javax.swing.BoxLayout,alignmentX=0.0,alignmentY=0.0,border=,flags=9,maximumSize=,minimumSize=,preferredSize=]
2025-12-16 18:10:47,503 [INFO] UtilMem:75 - End SaveConfig() Used Memory: 968841864 Bytes (1073741824)
2025-12-16 18:10:48,884 [INFO] LogOutputStream:77 - [STDOUT_REDIRECT] This download action requires prior login. To proceed, please use the 'login' command with your my.st.com account email and password.
2025-12-16 18:10:48,885 [INFO] LogOutputStream:77 - [STDOUT_REDIRECT] Run 'login <email> <password> <remember_me>' for example 'login john.smith@st.com mypassword y'.
2025-12-16 18:10:48,886 [INFO] LogOutputStream:77 - [STDOUT_REDIRECT] If you do not have a my.st.com account, please visit https://st.com website to create one.
2025-12-16 18:58:48,258 [INFO] MainUpdater:2872 - connection check result : 10
2025-12-16 18:58:48,258 [INFO] MainUpdater:2872 - connection check result : 10
2025-12-16 18:58:48,452 [INFO] LogOutputStream:77 - [STDOUT_REDIRECT] Nominal 
2025-12-16 18:58:48,475 [INFO] I2cTimingTraitement:330 - 0x00000E14
2025-12-16 18:58:48,484 [INFO] MicroXplorer:468 - Change Database Path : 
2025-12-16 18:58:48,484 [INFO] MicroXplorer:498 - Change Database Version : DB.6.0.130
2025-12-16 18:58:48,520 [ERROR] ProjectManagerView:394 - 
java.lang.NullPointerException: Cannot invoke "javax.swing.JTextField.getText()" because the return value of "java.util.List.get(int)" is null
	at com.st.microxplorer.plugins.projectmanager.gui.ProjectChoiceTab$9.caretUpdate(ProjectChoiceTab.java:2616) ~[filemanager.jar:?]
	at javax.swing.text.JTextComponent.fireCaretUpdate(JTextComponent.java:408) ~[?:?]
	at javax.swing.text.JTextComponent$MutableCaretEvent.fire(JTextComponent.java:4484) ~[?:?]
	at javax.swing.text.JTextComponent$MutableCaretEvent.stateChanged(JTextComponent.java:4506) ~[?:?]
	at javax.swing.text.DefaultCaret.fireStateChanged(DefaultCaret.java:857) ~[?:?]
	at javax.swing.text.DefaultCaret.changeCaretPosition(DefaultCaret.java:1343) ~[?:?]
	at javax.swing.text.DefaultCaret.handleSetDot(DefaultCaret.java:1242) ~[?:?]
	at javax.swing.text.DefaultCaret.setDot(DefaultCaret.java:1223) ~[?:?]
	at javax.swing.text.DefaultCaret$Handler.insertUpdate(DefaultCaret.java:1819) ~[?:?]
	at javax.swing.text.AbstractDocument.fireInsertUpdate(AbstractDocument.java:227) ~[?:?]
	at javax.swing.text.AbstractDocument.handleInsertString(AbstractDocument.java:781) ~[?:?]
	at javax.swing.text.AbstractDocument.insertString(AbstractDocument.java:740) ~[?:?]
	at javax.swing.text.PlainDocument.insertString(PlainDocument.java:131) ~[?:?]
	at javax.swing.text.AbstractDocument.replace(AbstractDocument.java:699) ~[?:?]
	at javax.swing.text.JTextComponent.setText(JTextComponent.java:1725) ~[?:?]
	at com.st.microxplorer.plugins.projectmanager.gui.ProjectChoiceTab.createHeapStackFields(ProjectChoiceTab.java:975) ~[filemanager.jar:?]
	at com.st.microxplorer.plugins.projectmanager.gui.ProjectChoiceTab.buildLinkSettingsPanel(ProjectChoiceTab.java:3666) ~[filemanager.jar:?]
	at com.st.microxplorer.plugins.projectmanager.gui.ProjectChoiceTab.defineWindowsFields(ProjectChoiceTab.java:1934) ~[filemanager.jar:?]
	at com.st.microxplorer.plugins.projectmanager.gui.ProjectChoiceTab.updateSettings(ProjectChoiceTab.java:553) ~[filemanager.jar:?]
	at com.st.microxplorer.plugins.projectmanager.gui.ProjectSettingsPanel.UpdateDialog(ProjectSettingsPanel.java:245) ~[filemanager.jar:?]
	at com.st.microxplorer.plugins.projectmanager.ProjectManagerView.propertyChange(ProjectManagerView.java:391) ~[filemanager.jar:?]
	at java.beans.PropertyChangeSupport.fire(PropertyChangeSupport.java:343) ~[?:?]
	at java.beans.PropertyChangeSupport.firePropertyChange(PropertyChangeSupport.java:335) ~[?:?]
	at java.beans.PropertyChangeSupport.firePropertyChange(PropertyChangeSupport.java:268) ~[?:?]
	at com.st.microxplorer.util.MXPropertyChangeSupport.firePropertyChange(MXPropertyChangeSupport.java:54) ~[STM32CubeMX.jar:?]
	at com.st.microxplorer.mxsystem.MxSystem.closeConfig(MxSystem.java:899) ~[STM32CubeMX.jar:?]
	at com.st.microxplorer.maingui.MainPanel.closeConfig(MainPanel.java:789) ~[STM32CubeMX.jar:?]
	at com.st.microxplorer.plugins.filemanager.engine.OpenFileManager.loadConfigurationFile(OpenFileManager.java:265) ~[filemanager.jar:?]
	at com.st.microxplorer.plugins.filemanager.engine.MainFileManager.userLoadConfig(MainFileManager.java:340) ~[filemanager.jar:?]
	at com.st.microxplorer.plugins.filemanager.engine.MainFileManager.userLoadConfig(MainFileManager.java:318) ~[filemanager.jar:?]
	at com.st.microxplorer.plugins.filemanager.FileManagerView.getSpecificTask(FileManagerView.java:246) ~[filemanager.jar:?]
	at com.st.stm32cube.common.mx.editor.CubeMxEditor.getMxTabbedPaneInstance(CubeMxEditor.java:1198) ~[com.st.stm32cube.common.mx_6.13.0.202411220809/:?]
	at com.st.stm32cube.common.mx.editor.CubeMxEditor$12$1.createSwingComponent(CubeMxEditor.java:1068) ~[com.st.stm32cube.common.mx_6.13.0.202411220809/:?]
	at com.st.stm32cube.common.mx.oss.core.awtswtbridge.EmbeddedSwingComposite.doComponentCreation(EmbeddedSwingComposite.java:492) ~[com.st.stm32cube.common.mx.oss_6.13.0.202411220809/:?]
	at com.st.stm32cube.common.mx.oss.core.awtswtbridge.EmbeddedSwingComposite$4.run(EmbeddedSwingComposite.java:291) ~[com.st.stm32cube.common.mx.oss_6.13.0.202411220809/:?]
	at com.st.stm32cube.common.mx.oss.core.awtswtbridge.AwtEnvironment$2.run(AwtEnvironment.java:166) ~[com.st.stm32cube.common.mx.oss_6.13.0.202411220809/:?]
	at java.awt.event.InvocationEvent.dispatch(InvocationEvent.java:318) ~[?:?]
	at java.awt.EventQueue.dispatchEventImpl(EventQueue.java:773) ~[?:?]
	at java.awt.EventQueue$4.run(EventQueue.java:720) ~[?:?]
	at java.awt.EventQueue$4.run(EventQueue.java:714) ~[?:?]
	at java.security.AccessController.doPrivileged(AccessController.java:400) ~[?:?]
	at java.security.ProtectionDomain$JavaSecurityAccessImpl.doIntersectionPrivilege(ProtectionDomain.java:87) ~[?:?]
	at java.awt.EventQueue.dispatchEvent(EventQueue.java:742) ~[?:?]
	at java.awt.EventDispatchThread.pumpOneEventForFilters(EventDispatchThread.java:203) ~[?:?]
	at java.awt.EventDispatchThread.pumpEventsForFilter(EventDispatchThread.java:124) ~[?:?]
	at java.awt.EventDispatchThread.pumpEventsForHierarchy(EventDispatchThread.java:113) ~[?:?]
	at java.awt.EventDispatchThread.pumpEvents(EventDispatchThread.java:109) ~[?:?]
	at java.awt.EventDispatchThread.pumpEvents(EventDispatchThread.java:101) ~[?:?]
	at java.awt.EventDispatchThread.run(EventDispatchThread.java:90) ~[?:?]
2025-12-16 18:58:48,530 [WARN] ThirdParty:871 - waiting for thirdparty lock release [close project]
2025-12-16 18:58:48,530 [INFO] ThirdParty:873 - entering critical section [close project]
2025-12-16 18:58:48,530 [INFO] ThirdParty:883 - exiting critical section [close project]
2025-12-16 18:58:48,539 [INFO] PinOutPanel:1589 - setPackage(No Configuration,No Configuration)
2025-12-16 18:58:48,552 [WARN] IpParametersView:154 - Warning: This peripheral hasn't parameters
2025-12-16 18:58:48,571 [WARN] MainPanel:289 - <html><b><center>Warning: This peripheral has no parameters to be configured<br></b></html>
2025-12-16 18:58:48,574 [ERROR] MainPanel:599 - java.lang.IndexOutOfBoundsException: Index: 0, Tab count: 0
2025-12-16 18:58:48,591 [INFO] UtilMem:75 - Begin LoadConfig() Used Memory: 995085776 Bytes (1073741824)
2025-12-16 18:58:48,592 [INFO] MicroXplorer:468 - Change Database Path : 
2025-12-16 18:58:48,592 [INFO] MicroXplorer:498 - Change Database Version : DB.6.0.130
2025-12-16 18:58:48,592 [INFO] OpenFileManager:332 - Change cursor
2025-12-16 18:58:48,629 [INFO] RulesReader:64 - Compatibility file has been processed (297 Rules)
2025-12-16 18:58:48,642 [INFO] Mcu:2035 - Initializing MCU STM32H743IITx STM32H743IITx STM32H743IIT6
2025-12-16 18:58:51,591 [INFO] Context:748 - Trying to add GPIOservice into a context  which must be forbidden
2025-12-16 18:58:52,690 [INFO] RtosManager:555 - Registered RTOS mode: class=CMSIS, group=RTOS, mode=CMSIS_V1, owner=FREERTOS
2025-12-16 18:58:52,690 [INFO] RtosManager:555 - Registered RTOS mode: class=CMSIS, group=RTOS2, mode=CMSIS_V2, owner=FREERTOS
2025-12-16 18:58:52,690 [INFO] RtosManager:555 - Registered RTOS mode: class=RTOS, group=Core, mode=CMSIS_V1, owner=FREERTOS
2025-12-16 18:58:52,690 [INFO] RtosManager:555 - Registered RTOS mode: class=RTOS, group=Core, mode=CMSIS_V2, owner=FREERTOS
2025-12-16 18:58:52,690 [WARN] ModelIntegratedComponent:184 - Missing modes for component STMicroelectronics:FreeRTOS:0.0.1:STMicroelectronics:RTOS:FreeRTOS:Core:::10.2.0:
2025-12-16 18:58:52,693 [WARN] ModelIntegratedComponent:63 - No mode defined for component null
2025-12-16 18:58:52,693 [WARN] ModelIntegratedComponent:63 - No mode defined for component null
2025-12-16 18:58:52,693 [WARN] ModelIntegratedComponent:63 - No mode defined for component null
2025-12-16 18:58:52,693 [WARN] ModelIntegratedComponent:63 - No mode defined for component null
2025-12-16 18:58:52,693 [WARN] ModelIntegratedComponent:63 - No mode defined for component null
2025-12-16 18:58:52,693 [WARN] ModelIntegratedComponent:63 - No mode defined for component null
2025-12-16 18:58:52,693 [WARN] ModelIntegratedComponent:63 - No mode defined for component null
2025-12-16 18:58:52,693 [WARN] ModelIntegratedComponent:63 - No mode defined for component null
2025-12-16 18:58:52,694 [WARN] ModelIntegratedComponent:63 - No mode defined for component null
2025-12-16 18:58:52,694 [WARN] ModelIntegratedComponent:63 - No mode defined for component null
2025-12-16 18:58:52,694 [WARN] ModelIntegratedComponent:63 - No mode defined for component null
2025-12-16 18:58:52,694 [WARN] ModelIntegratedComponent:63 - No mode defined for component null
2025-12-16 18:58:52,694 [WARN] ModelIntegratedComponent:63 - No mode defined for component null
2025-12-16 18:58:52,694 [WARN] ModelIntegratedComponent:63 - No mode defined for component null
2025-12-16 18:58:52,694 [WARN] ModelIntegratedComponent:63 - No mode defined for component null
2025-12-16 18:58:52,694 [WARN] ModelIntegratedComponent:63 - No mode defined for component null
2025-12-16 18:58:52,694 [WARN] ModelIntegratedComponent:63 - No mode defined for component null
2025-12-16 18:58:52,694 [WARN] ModelIntegratedComponent:63 - No mode defined for component null
2025-12-16 18:58:52,694 [WARN] ModelIntegratedComponent:63 - No mode defined for component null
2025-12-16 18:58:52,694 [WARN] ModelIntegratedComponent:63 - No mode defined for component null
2025-12-16 18:58:52,694 [WARN] ModelIntegratedComponent:63 - No mode defined for component null
2025-12-16 18:58:52,694 [WARN] ModelIntegratedComponent:63 - No mode defined for component null
2025-12-16 18:58:52,694 [WARN] ModelIntegratedComponent:63 - No mode defined for component null
2025-12-16 18:58:52,694 [WARN] ModelIntegratedComponent:63 - No mode defined for component null
2025-12-16 18:58:52,694 [WARN] ModelIntegratedComponent:63 - No mode defined for component null
2025-12-16 18:58:52,694 [WARN] ModelIntegratedComponent:63 - No mode defined for component null
2025-12-16 18:58:52,694 [WARN] ModelIntegratedComponent:63 - No mode defined for component null
2025-12-16 18:58:52,694 [WARN] ModelIntegratedComponent:63 - No mode defined for component null
2025-12-16 18:58:52,694 [WARN] ModelIntegratedComponent:63 - No mode defined for component null
2025-12-16 18:58:52,694 [WARN] ModelIntegratedComponent:63 - No mode defined for component null
2025-12-16 18:58:52,694 [WARN] ModelIntegratedComponent:63 - No mode defined for component null
2025-12-16 18:58:52,694 [WARN] ModelIntegratedComponent:63 - No mode defined for component null
2025-12-16 18:58:52,694 [WARN] ModelIntegratedComponent:63 - No mode defined for component null
2025-12-16 18:58:52,695 [WARN] ModelIntegratedComponent:63 - No mode defined for component null
2025-12-16 18:58:52,695 [WARN] ModelIntegratedComponent:63 - No mode defined for component null
2025-12-16 18:58:52,695 [WARN] ModelPack:524 - Component already loaded: STMicroelectronics:HAL Drivers:0.0.0:STMicroelectronics:Device:STMicro_Driver:XSPI:HAL::0.0.1:HAL_XSPI
2025-12-16 18:58:52,812 [INFO] ThirdPartyModel:298 - Start build external matchings
2025-12-16 18:58:53,560 [INFO] ThirdPartyModel:316 - End build external matchings
2025-12-16 18:58:53,583 [WARN] IP:2251 - ClockDivider not found: check if there is a RefParameter without a condition.
2025-12-16 18:58:53,583 [WARN] IP:2251 - ClockDividerCCU not found: check if there is a RefParameter without a condition.
2025-12-16 18:58:53,583 [WARN] IP:2251 - MinOscClkPeriodsCCU not found: check if there is a RefParameter without a condition.
2025-12-16 18:58:53,583 [WARN] IP:2251 - TimeQuantaPerBitTimeCCU not found: check if there is a RefParameter without a condition.
2025-12-16 18:58:53,583 [WARN] IP:2251 - WatchdogStartValueCCU not found: check if there is a RefParameter without a condition.
2025-12-16 18:58:53,585 [INFO] ImportTextPane:218 - (OptionalMessage_ERROR) IP (RCC) : Parameter (ADCFreq_Value) has invalid value (129000000)
2025-12-16 18:58:53,590 [INFO] ImportTextPane:218 - (OptionalMessage_ERROR) IP (RCC) : Invalid parameter (FamilyName)
2025-12-16 18:58:53,590 [INFO] ImportTextPane:218 - (OptionalMessage_ERROR) IP (RCC) : Parameter (LPTIM1Freq_Value) has invalid value (64000000)
2025-12-16 18:58:53,590 [INFO] ImportTextPane:218 - (OptionalMessage_ERROR) IP (RCC) : Parameter (LPTIM2Freq_Value) has invalid value (64000000)
2025-12-16 18:58:53,590 [INFO] ImportTextPane:218 - (OptionalMessage_ERROR) IP (RCC) : Parameter (LPTIM345Freq_Value) has invalid value (64000000)
2025-12-16 18:58:53,590 [INFO] ImportTextPane:218 - (OptionalMessage_ERROR) IP (RCC) : Parameter (LPUART1Freq_Value) has invalid value (64000000)
2025-12-16 18:58:53,590 [INFO] ImportTextPane:218 - (OptionalMessage_ERROR) IP (RCC) : Parameter (SPI45Freq_Value) has invalid value (64000000)
2025-12-16 18:58:53,590 [INFO] ImportTextPane:218 - (OptionalMessage_ERROR) IP (RCC) : Parameter (SPI6Freq_Value) has invalid value (64000000)
2025-12-16 18:58:53,590 [INFO] ImportTextPane:218 - (OptionalMessage_ERROR) IP (RCC) : Parameter (SWPMI1Freq_Value) has invalid value (64000000)
2025-12-16 18:58:53,590 [INFO] ImportTextPane:218 - (OptionalMessage_ERROR) IP (RCC) : Parameter (USART16Freq_Value) has invalid value (64000000)
2025-12-16 18:58:53,590 [INFO] ImportTextPane:218 - (OptionalMessage_ERROR) IP (RCC) : Parameter (USART234578Freq_Value) has invalid value (64000000)
2025-12-16 18:58:54,349 [INFO] UtilMem:75 - End LoadConfig() Used Memory: 903771616 Bytes (1073741824)
2025-12-16 18:58:54,421 [WARN] ThirdParty:833 - waiting for thirdparty lock release [change project]
2025-12-16 18:58:54,422 [INFO] ThirdParty:835 - entering critical section [change project]
2025-12-16 18:58:54,422 [INFO] ThirdParty:1030 - CMSIS Pack Vendor :STMicroelectronics X-CUBE-PM33A1 1.0.0
2025-12-16 18:58:54,422 [INFO] ThirdParty:1030 - CMSIS Pack Vendor :STMicroelectronics USBPD 4.1
2025-12-16 18:58:54,422 [INFO] ThirdParty:1030 - CMSIS Pack Vendor :STMicroelectronics USB_HOST 2.0.0
2025-12-16 18:58:54,422 [INFO] ThirdParty:1030 - CMSIS Pack Vendor :STMicroelectronics FP-SNS-MOTENVWB1 1.4.0
2025-12-16 18:58:54,422 [INFO] ThirdParty:1030 - CMSIS Pack Vendor :STMicroelectronics X-CUBE-AZRTOS-F4 1.1.0
2025-12-16 18:58:54,422 [INFO] ThirdParty:1030 - CMSIS Pack Vendor :STMicroelectronics LIBJPEG 8.0.0
2025-12-16 18:58:54,422 [INFO] ThirdParty:1030 - CMSIS Pack Vendor :STMicroelectronics FP-ATR-ASTRA1 2.0.2
2025-12-16 18:58:54,422 [INFO] ThirdParty:1030 - CMSIS Pack Vendor :STMicroelectronics FP-ATR-ASTRA1 2.0.1
2025-12-16 18:58:54,423 [INFO] ThirdParty:1030 - CMSIS Pack Vendor :STMicroelectronics X-CUBE-SMBUS 2.1.0
2025-12-16 18:58:54,423 [INFO] ThirdParty:1030 - CMSIS Pack Vendor :STMicroelectronics X-CUBE-WB05N 1.1.0
2025-12-16 18:58:54,423 [INFO] ThirdParty:1030 - CMSIS Pack Vendor :STMicroelectronics X-CUBE-ISPU 2.1.0
2025-12-16 18:58:54,423 [INFO] ThirdParty:1030 - CMSIS Pack Vendor :STMicroelectronics X-CUBE-FREERTOS 1.2.0
2025-12-16 18:58:54,423 [INFO] ThirdParty:1030 - CMSIS Pack Vendor :STMicroelectronics X-CUBE-ST60 1.0.0
2025-12-16 18:58:54,423 [INFO] ThirdParty:1030 - CMSIS Pack Vendor :STMicroelectronics X-CUBE-NFC12 1.0.0
2025-12-16 18:58:54,423 [INFO] ThirdParty:1030 - CMSIS Pack Vendor :STMicroelectronics X-CUBE-AZRTOS-F7 1.1.0
2025-12-16 18:58:54,423 [INFO] ThirdParty:1030 - CMSIS Pack Vendor :STMicroelectronics X-CUBE-AZRTOS-L5 2.0.0
2025-12-16 18:58:54,423 [INFO] ThirdParty:1030 - CMSIS Pack Vendor :STMicroelectronics USB_DEVICE 2.0.0
2025-12-16 18:58:54,423 [INFO] ThirdParty:1030 - CMSIS Pack Vendor :STMicroelectronics X-CUBE-NFC6 3.1.0
2025-12-16 18:58:54,423 [INFO] ThirdParty:1030 - CMSIS Pack Vendor :ARM CMSIS 5.7.0
2025-12-16 18:58:54,423 [INFO] ThirdParty:1030 - CMSIS Pack Vendor :STMicroelectronics X-CUBE-MEMS1 11.0.0
2025-12-16 18:58:54,423 [INFO] ThirdParty:1030 - CMSIS Pack Vendor :STMicroelectronics FreeRTOS 0.0.1
2025-12-16 18:58:54,423 [INFO] ThirdParty:1030 - CMSIS Pack Vendor :STMicroelectronics X-CUBE-DPower 1.2.0
2025-12-16 18:58:54,423 [INFO] ThirdParty:1030 - CMSIS Pack Vendor :STMicroelectronics FP-SNS-FLIGHT1 5.0.2
2025-12-16 18:58:54,424 [INFO] ThirdParty:1030 - CMSIS Pack Vendor :STMicroelectronics PDM2PCM 3.3.0
2025-12-16 18:58:54,424 [INFO] ThirdParty:1030 - CMSIS Pack Vendor :STMicroelectronics X-CUBE-AZRTOS-H7 3.4.0
2025-12-16 18:58:54,424 [INFO] ThirdParty:1030 - CMSIS Pack Vendor :STMicroelectronics X-CUBE-DISPLAY 3.0.0
2025-12-16 18:58:54,424 [INFO] ThirdParty:1030 - CMSIS Pack Vendor :STMicroelectronics X-CUBE-BLE1 7.0.0
2025-12-16 18:58:54,424 [INFO] ThirdParty:1030 - CMSIS Pack Vendor :STMicroelectronics X-CUBE-NFC10 1.0.0
2025-12-16 18:58:54,424 [INFO] ThirdParty:1030 - CMSIS Pack Vendor :STMicroelectronics X-CUBE-BLEMGR 4.0.0
2025-12-16 18:58:54,424 [INFO] ThirdParty:1030 - CMSIS Pack Vendor :STMicroelectronics X-CUBE-FREERTOS 1.3.1
2025-12-16 18:58:54,424 [INFO] ThirdParty:1030 - CMSIS Pack Vendor :STMicroelectronics HAL Drivers 0.0.0
2025-12-16 18:58:54,424 [INFO] ThirdParty:1030 - CMSIS Pack Vendor :STMicroelectronics X-CUBE-ST60 1.1.0
2025-12-16 18:58:54,424 [INFO] ThirdParty:1030 - CMSIS Pack Vendor :emotas I-CUBE-CANOPEN 1.3.0
2025-12-16 18:58:54,424 [INFO] ThirdParty:1030 - CMSIS Pack Vendor :STMicroelectronics X-CUBE-FREERTOS 1.3.0
2025-12-16 18:58:54,424 [INFO] ThirdParty:1030 - CMSIS Pack Vendor :STMicroelectronics X-CUBE-NFC7 1.0.1
2025-12-16 18:58:54,424 [INFO] ThirdParty:1030 - CMSIS Pack Vendor :STMicroelectronics MBEDTLS 2.14.1
2025-12-16 18:58:54,424 [INFO] ThirdParty:1030 - CMSIS Pack Vendor :STMicroelectronics X-CUBE-GNSS1 7.1.0
2025-12-16 18:58:54,424 [INFO] ThirdParty:1030 - CMSIS Pack Vendor :STMicroelectronics X-CUBE-TOUCHGFX 4.26.0
2025-12-16 18:58:54,424 [INFO] ThirdParty:1030 - CMSIS Pack Vendor :STMicroelectronics X-CUBE-BLEMGR 3.1.0
2025-12-16 18:58:54,424 [INFO] ThirdParty:1030 - CMSIS Pack Vendor :STMicroelectronics X-CUBE-AI 10.0.0
2025-12-16 18:58:54,424 [INFO] ThirdParty:1030 - CMSIS Pack Vendor :STMicroelectronics FP-SNS-STAIOTCFT 1.0.0
2025-12-16 18:58:54,424 [INFO] ThirdParty:1030 - CMSIS Pack Vendor :STMicroelectronics FP-SNS-SMARTAG2 1.2.0
2025-12-16 18:58:54,424 [INFO] ThirdParty:1030 - CMSIS Pack Vendor :STMicroelectronics FP-SNS-FLIGHT1 5.1.0
2025-12-16 18:58:54,424 [INFO] ThirdParty:1030 - CMSIS Pack Vendor :STMicroelectronics X-CUBE-MEMS1 11.1.0
2025-12-16 18:58:54,424 [INFO] ThirdParty:1030 - CMSIS Pack Vendor :STMicroelectronics X-CUBE-AZRTOS-WL 2.0.0
2025-12-16 18:58:54,424 [INFO] ThirdParty:1030 - CMSIS Pack Vendor :STMicroelectronics X-CUBE-DPower 1.3.0
2025-12-16 18:58:54,424 [INFO] ThirdParty:1030 - CMSIS Pack Vendor :STMicroelectronics FP-SNS-MOTENV1 5.0.0
2025-12-16 18:58:54,425 [INFO] ThirdParty:1030 - CMSIS Pack Vendor :STMicroelectronics USB_DEVICE 1.0.0
2025-12-16 18:58:54,425 [INFO] ThirdParty:1030 - CMSIS Pack Vendor :STMicroelectronics X-CUBE-AZRTOS-H7RS 1.2.0
2025-12-16 18:58:54,425 [INFO] ThirdParty:1030 - CMSIS Pack Vendor :wolfSSL I-CUBE-wolfMQTT 1.19.0
2025-12-16 18:58:54,425 [INFO] ThirdParty:1030 - CMSIS Pack Vendor :STMicroelectronics X-CUBE-AZRTOS-L4 2.0.0
2025-12-16 18:58:54,425 [INFO] ThirdParty:1030 - CMSIS Pack Vendor :STMicroelectronics ThreadX 0.0.2
2025-12-16 18:58:54,425 [INFO] ThirdParty:1030 - CMSIS Pack Vendor :WES I-CUBE-Cesium 1.3.0
2025-12-16 18:58:54,425 [INFO] ThirdParty:1030 - CMSIS Pack Vendor :STMicroelectronics lwIP 2.1.2
2025-12-16 18:58:54,425 [INFO] ThirdParty:1030 - CMSIS Pack Vendor :STMicroelectronics X-CUBE-SFXS2LP1 4.0.0
2025-12-16 18:58:54,425 [INFO] ThirdParty:1030 - CMSIS Pack Vendor :STMicroelectronics X-CUBE-BLE2 3.3.0
2025-12-16 18:58:54,425 [INFO] ThirdParty:1030 - CMSIS Pack Vendor :Avnet-IOTCONNECT X-CUBE-iotc-st67-sdk 1.0.0
2025-12-16 18:58:54,425 [INFO] ThirdParty:1030 - CMSIS Pack Vendor :STMicroelectronics PDM2PCM 3.2.0
2025-12-16 18:58:54,425 [INFO] ThirdParty:1030 - CMSIS Pack Vendor :STMicroelectronics X-CUBE-AZRTOS-H7 3.3.0
2025-12-16 18:58:54,425 [INFO] ThirdParty:1030 - CMSIS Pack Vendor :STMicroelectronics X-CUBE-NFC9 1.0.0
2025-12-16 18:58:54,425 [INFO] ThirdParty:1030 - CMSIS Pack Vendor :STMicroelectronics X-CUBE-BLE1 7.1.0
2025-12-16 18:58:54,425 [INFO] ThirdParty:1030 - CMSIS Pack Vendor :STMicroelectronics USB_DEVICE 3.0.0
2025-12-16 18:58:54,425 [INFO] ThirdParty:1030 - CMSIS Pack Vendor :STMicroelectronics X-CUBE-TCPP 4.1.0
2025-12-16 18:58:54,425 [INFO] ThirdParty:1030 - CMSIS Pack Vendor :STMicroelectronics X-CUBE-EEPRMA1 5.2.0
2025-12-16 18:58:54,425 [INFO] ThirdParty:1030 - CMSIS Pack Vendor :STMicroelectronics X-CUBE-BLEMGR 4.1.0
2025-12-16 18:58:54,425 [INFO] ThirdParty:1030 - CMSIS Pack Vendor :STMicroelectronics X-CUBE-IPS 3.0.0
2025-12-16 18:58:54,425 [INFO] ThirdParty:1030 - CMSIS Pack Vendor :STMicroelectronics X-CUBE-AZRTOS-WB 2.0.0
2025-12-16 18:58:54,425 [INFO] ThirdParty:1030 - CMSIS Pack Vendor :STMicroelectronics X-CUBE-GNSS1 7.0.0
2025-12-16 18:58:54,425 [INFO] ThirdParty:1030 - CMSIS Pack Vendor :STMicroelectronics X-CUBE-GNSS1 7.0.1
2025-12-16 18:58:54,425 [INFO] ThirdParty:1030 - CMSIS Pack Vendor :STMicroelectronics X-CUBE-TOUCHGFX 4.25.0
2025-12-16 18:58:54,425 [INFO] ThirdParty:1030 - CMSIS Pack Vendor :STMicroelectronics FP-SNS-STBOX1 2.0.0
2025-12-16 18:58:54,426 [INFO] ThirdParty:1030 - CMSIS Pack Vendor :STMicroelectronics X-CUBE-MEMS1 12.0.0
2025-12-16 18:58:54,426 [INFO] ThirdParty:1030 - CMSIS Pack Vendor :STMicroelectronics X-CUBE-AZRTOS-G0 1.1.0
2025-12-16 18:58:54,426 [INFO] ThirdParty:1030 - CMSIS Pack Vendor :STMicroelectronics X-CUBE-SAFEA1 1.2.2
2025-12-16 18:58:54,426 [INFO] ThirdParty:1030 - CMSIS Pack Vendor :STMicroelectronics X-CUBE-NFC4 3.0.0
2025-12-16 18:58:54,426 [INFO] ThirdParty:1030 - CMSIS Pack Vendor :STMicroelectronics X-CUBE-SUBG2 5.0.0
2025-12-16 18:58:54,426 [INFO] ThirdParty:1030 - CMSIS Pack Vendor :STMicroelectronics X-CUBE-AZRTOS-H7RS 1.1.0
2025-12-16 18:58:54,426 [INFO] ThirdParty:1030 - CMSIS Pack Vendor :STMicroelectronics STM32_WPAN 1.0.0
2025-12-16 18:58:54,426 [INFO] ThirdParty:1030 - CMSIS Pack Vendor :EmbeddedOffice I-CUBE-FS-RTOS 1.0.1
2025-12-16 18:58:54,426 [INFO] ThirdParty:1030 - CMSIS Pack Vendor :STMicroelectronics lwIP 2.0.3
2025-12-16 18:58:54,426 [INFO] ThirdParty:1030 - CMSIS Pack Vendor :Cesanta I-CUBE-Mongoose 7.13.0
2025-12-16 18:58:54,426 [INFO] ThirdParty:1030 - CMSIS Pack Vendor :STMicroelectronics USB_HOST 1.0.0
2025-12-16 18:58:54,426 [INFO] ThirdParty:1030 - CMSIS Pack Vendor :STMicroelectronics X-CUBE-AZRTOS-G4 2.0.0
2025-12-16 18:58:54,426 [INFO] ThirdParty:1030 - CMSIS Pack Vendor :STMicroelectronics X-CUBE-WB05N 2.0.0
2025-12-16 18:58:54,426 [INFO] ThirdParty:1030 - CMSIS Pack Vendor :STMicroelectronics PDM2PCM 3.1.0
2025-12-16 18:58:54,426 [INFO] ThirdParty:1030 - CMSIS Pack Vendor :STMicroelectronics X-CUBE-NFC7 2.0.0
2025-12-16 18:58:54,426 [INFO] ThirdParty:1030 - CMSIS Pack Vendor :STMicroelectronics X-CUBE-TCPP 4.2.0
2025-12-16 18:58:54,426 [INFO] ThirdParty:1030 - CMSIS Pack Vendor :RealThread X-CUBE-RT-Thread_Nano 4.1.1
2025-12-16 18:58:54,426 [INFO] ThirdParty:1030 - CMSIS Pack Vendor :STMicroelectronics FP-ATR-SIGFOX1 3.2.0
2025-12-16 18:58:54,426 [INFO] ThirdParty:1030 - CMSIS Pack Vendor :wolfSSL I-CUBE-wolfSSL 5.7.2
2025-12-16 18:58:54,426 [INFO] ThirdParty:1030 - CMSIS Pack Vendor :quantropi X-CUBE-qispace-sdk-base 1.9.3
2025-12-16 18:58:54,426 [INFO] ThirdParty:1030 - CMSIS Pack Vendor :STMicroelectronics X-CUBE-EEPRMA1 5.1.0
2025-12-16 18:58:54,426 [INFO] ThirdParty:1030 - CMSIS Pack Vendor :STMicroelectronics MBEDTLS 2.16.2
2025-12-16 18:58:54,426 [INFO] ThirdParty:1030 - CMSIS Pack Vendor :STMicroelectronics X-CUBE-IPS 3.1.0
2025-12-16 18:58:54,426 [INFO] ThirdParty:1030 - CMSIS Pack Vendor :STMicroelectronics X-CUBE-ALS 1.0.2
2025-12-16 18:58:54,426 [INFO] ThirdParty:1030 - CMSIS Pack Vendor :ITTIA_DB I-CUBE-ITTIADB 8.9.0
2025-12-16 18:58:54,426 [INFO] ThirdParty:1030 - CMSIS Pack Vendor :STMicroelectronics X-CUBE-TOUCHGFX 4.24.1
2025-12-16 18:58:54,426 [INFO] ThirdParty:1030 - CMSIS Pack Vendor :STMicroelectronics X-CUBE-STSE01 1.0.0
2025-12-16 18:58:54,426 [INFO] ThirdParty:1030 - CMSIS Pack Vendor :wolfSSL I-CUBE-wolfTPM 3.4.0
2025-12-16 18:58:54,427 [INFO] ThirdParty:1030 - CMSIS Pack Vendor :portGmbH I-Cube-SoM-uGOAL 1.1.0
2025-12-16 18:58:54,427 [INFO] ThirdParty:1030 - CMSIS Pack Vendor :STMicroelectronics X-CUBE-ST67W61 1.0.0
2025-12-16 18:58:54,427 [INFO] ThirdParty:1030 - CMSIS Pack Vendor :STMicroelectronics X-CUBE-AI 10.2.0
2025-12-16 18:58:54,427 [INFO] ThirdParty:1030 - CMSIS Pack Vendor :STMicroelectronics ThreadX 1.0.0
2025-12-16 18:58:54,427 [INFO] ThirdParty:1030 - CMSIS Pack Vendor :SEGGER I-CUBE-embOS 1.3.1
2025-12-16 18:58:54,427 [INFO] ThirdParty:1030 - CMSIS Pack Vendor :STMicroelectronics X-CUBE-ALGOBUILD 1.4.0
2025-12-16 18:58:54,427 [INFO] ThirdParty:1030 - CMSIS Pack Vendor :STMicroelectronics X-CUBE-MEMS1 11.3.0
2025-12-16 18:58:54,427 [INFO] ThirdParty:1030 - CMSIS Pack Vendor :STMicroelectronics X-CUBE-AZRTOS-H7RS 1.0.0
2025-12-16 18:58:54,427 [INFO] ThirdParty:1030 - CMSIS Pack Vendor :STMicroelectronics FP-ATR-ASTRA1 2.0.0
2025-12-16 18:58:54,427 [INFO] ThirdParty:1030 - CMSIS Pack Vendor :STMicroelectronics X-CUBE-TOF1 3.4.2
2025-12-16 18:58:54,427 [INFO] ThirdParty:1030 - CMSIS Pack Vendor :STMicroelectronics X-CUBE-TOF1 3.4.3
2025-12-16 18:58:54,427 [INFO] ThirdParty:1030 - CMSIS Pack Vendor :STMicroelectronics X-CUBE-AI 9.1.0
2025-12-16 18:58:54,427 [INFO] ThirdParty:1030 - CMSIS Pack Vendor :Infineon AIROC-Wi-Fi-Bluetooth-STM32 1.6.1
2025-12-16 18:58:54,427 [INFO] ThirdParty:1030 - CMSIS Pack Vendor :wolfSSL I-CUBE-wolfSSH 1.4.17
2025-12-16 18:58:54,428 [INFO] ThirdParty:841 - exiting critical section [change project]
2025-12-16 18:58:54,851 [INFO] PinOutPanel:1589 - setPackage(No Configuration,No Configuration)
2025-12-16 18:58:54,852 [INFO] PinOutPanel:1589 - setPackage(STM32H743IITx,LQFP176)
2025-12-16 18:58:55,278 [INFO] UtilMem:75 - Before build in PCC Used Memory: 934355520 Bytes (1073741824)
2025-12-16 18:58:55,607 [INFO] UtilMem:75 - After build in PCC Used Memory: 998318656 Bytes (1073741824)
2025-12-16 18:58:55,632 [INFO] IPUIPlugin:80 - create IPUIPlugin
2025-12-16 18:58:55,632 [INFO] IPUIPlugin:80 - create IPUIPlugin
2025-12-16 18:58:55,632 [INFO] IPUIPlugin:80 - create IPUIPlugin
2025-12-16 18:58:55,632 [INFO] IPUIPlugin:80 - create IPUIPlugin
2025-12-16 18:58:55,632 [INFO] IPUIPlugin:80 - create IPUIPlugin
2025-12-16 18:58:55,632 [INFO] IPUIPlugin:80 - create IPUIPlugin
2025-12-16 18:58:55,632 [INFO] IPUIPlugin:80 - create IPUIPlugin
2025-12-16 18:58:55,632 [INFO] IPUIPlugin:80 - create IPUIPlugin
2025-12-16 18:58:55,633 [INFO] IPUIPlugin:80 - create IPUIPlugin
2025-12-16 18:58:55,633 [INFO] IPUIPlugin:80 - create IPUIPlugin
2025-12-16 18:58:55,633 [INFO] IPUIPlugin:80 - create IPUIPlugin
2025-12-16 18:58:55,633 [INFO] IPUIPlugin:80 - create IPUIPlugin
2025-12-16 18:58:55,633 [INFO] IPUIPlugin:80 - create IPUIPlugin
2025-12-16 18:58:55,633 [INFO] IPUIPlugin:80 - create IPUIPlugin
2025-12-16 18:58:55,633 [INFO] IPUIPlugin:80 - create IPUIPlugin
2025-12-16 18:58:55,633 [INFO] IPUIPlugin:80 - create IPUIPlugin
2025-12-16 18:58:55,633 [INFO] IPUIPlugin:80 - create IPUIPlugin
2025-12-16 18:58:55,633 [INFO] IPUIPlugin:80 - create IPUIPlugin
2025-12-16 18:58:55,633 [INFO] IPUIPlugin:80 - create IPUIPlugin
2025-12-16 18:58:55,633 [INFO] IPUIPlugin:80 - create IPUIPlugin
2025-12-16 18:58:55,634 [INFO] IPUIPlugin:80 - create IPUIPlugin
2025-12-16 18:58:55,634 [INFO] IPUIPlugin:80 - create IPUIPlugin
2025-12-16 18:58:55,634 [INFO] IPUIPlugin:80 - create IPUIPlugin
2025-12-16 18:58:55,634 [INFO] IPUIPlugin:80 - create IPUIPlugin
2025-12-16 18:58:55,640 [INFO] IPUIPlugin:80 - create IPUIPlugin
2025-12-16 18:58:55,641 [INFO] IPUIPlugin:80 - create IPUIPlugin
2025-12-16 18:58:55,641 [INFO] IPUIPlugin:80 - create IPUIPlugin
2025-12-16 18:58:55,641 [INFO] IPUIPlugin:80 - create IPUIPlugin
2025-12-16 18:58:55,641 [INFO] IPUIPlugin:80 - create IPUIPlugin
2025-12-16 18:58:55,641 [INFO] IPUIPlugin:80 - create IPUIPlugin
2025-12-16 18:58:55,641 [INFO] IPUIPlugin:80 - create IPUIPlugin
2025-12-16 18:58:55,642 [INFO] IPUIPlugin:80 - create IPUIPlugin
2025-12-16 18:58:55,642 [INFO] IPUIPlugin:80 - create IPUIPlugin
2025-12-16 18:58:55,642 [INFO] IPUIPlugin:80 - create IPUIPlugin
2025-12-16 18:58:55,642 [INFO] IPUIPlugin:80 - create IPUIPlugin
2025-12-16 18:58:55,642 [INFO] IPUIPlugin:80 - create IPUIPlugin
2025-12-16 18:58:55,642 [INFO] IPUIPlugin:80 - create IPUIPlugin
2025-12-16 18:58:55,642 [INFO] IPUIPlugin:80 - create IPUIPlugin
2025-12-16 18:58:55,643 [INFO] IPUIPlugin:80 - create IPUIPlugin
2025-12-16 18:58:55,643 [INFO] IPUIPlugin:80 - create IPUIPlugin
2025-12-16 18:58:55,643 [INFO] IPUIPlugin:80 - create IPUIPlugin
2025-12-16 18:58:55,643 [INFO] IPUIPlugin:80 - create IPUIPlugin
2025-12-16 18:58:55,643 [INFO] IPUIPlugin:80 - create IPUIPlugin
2025-12-16 18:58:55,643 [INFO] IPUIPlugin:80 - create IPUIPlugin
2025-12-16 18:58:55,644 [INFO] IPUIPlugin:80 - create IPUIPlugin
2025-12-16 18:58:55,644 [INFO] IPUIPlugin:80 - create IPUIPlugin
2025-12-16 18:58:55,644 [INFO] IPUIPlugin:80 - create IPUIPlugin
2025-12-16 18:58:55,644 [INFO] IPUIPlugin:80 - create IPUIPlugin
2025-12-16 18:58:55,644 [INFO] IPUIPlugin:80 - create IPUIPlugin
2025-12-16 18:58:55,644 [INFO] IPUIPlugin:80 - create IPUIPlugin
2025-12-16 18:58:55,644 [INFO] IPUIPlugin:80 - create IPUIPlugin
2025-12-16 18:58:55,645 [INFO] IPUIPlugin:80 - create IPUIPlugin
2025-12-16 18:58:55,645 [INFO] IPUIPlugin:80 - create IPUIPlugin
2025-12-16 18:58:55,645 [INFO] IPUIPlugin:80 - create IPUIPlugin
2025-12-16 18:58:55,645 [INFO] IPUIPlugin:80 - create IPUIPlugin
2025-12-16 18:58:55,645 [INFO] IPUIPlugin:80 - create IPUIPlugin
2025-12-16 18:58:55,645 [INFO] IPUIPlugin:80 - create IPUIPlugin
2025-12-16 18:58:55,646 [INFO] IPUIPlugin:80 - create IPUIPlugin
2025-12-16 18:58:55,646 [INFO] IPUIPlugin:80 - create IPUIPlugin
2025-12-16 18:58:55,646 [INFO] IPUIPlugin:80 - create IPUIPlugin
2025-12-16 18:58:55,646 [INFO] IPUIPlugin:80 - create IPUIPlugin
2025-12-16 18:58:55,646 [INFO] IPUIPlugin:80 - create IPUIPlugin
2025-12-16 18:58:55,646 [INFO] IPUIPlugin:80 - create IPUIPlugin
2025-12-16 18:58:55,647 [INFO] IPUIPlugin:80 - create IPUIPlugin
2025-12-16 18:58:55,647 [INFO] IPUIPlugin:80 - create IPUIPlugin
2025-12-16 18:58:55,647 [INFO] IPUIPlugin:80 - create IPUIPlugin
2025-12-16 18:58:55,647 [INFO] IPUIPlugin:80 - create IPUIPlugin
2025-12-16 18:58:55,647 [INFO] IPUIPlugin:80 - create IPUIPlugin
2025-12-16 18:58:55,647 [INFO] IPUIPlugin:80 - create IPUIPlugin
2025-12-16 18:58:55,647 [INFO] IPUIPlugin:80 - create IPUIPlugin
2025-12-16 18:58:55,647 [INFO] IPUIPlugin:80 - create IPUIPlugin
2025-12-16 18:58:55,648 [INFO] IPUIPlugin:80 - create IPUIPlugin
2025-12-16 18:58:55,648 [INFO] IPUIPlugin:80 - create IPUIPlugin
2025-12-16 18:58:55,648 [INFO] IPUIPlugin:80 - create IPUIPlugin
2025-12-16 18:58:55,648 [INFO] IPUIPlugin:80 - create IPUIPlugin
2025-12-16 18:58:55,648 [INFO] IPUIPlugin:80 - create IPUIPlugin
2025-12-16 18:58:55,648 [INFO] IPUIPlugin:80 - create IPUIPlugin
2025-12-16 18:58:55,649 [INFO] IPUIPlugin:80 - create IPUIPlugin
2025-12-16 18:58:55,649 [INFO] IPUIPlugin:80 - create IPUIPlugin
2025-12-16 18:58:55,649 [INFO] IPUIPlugin:80 - create IPUIPlugin
2025-12-16 18:58:55,649 [INFO] IPUIPlugin:80 - create IPUIPlugin
2025-12-16 18:58:55,649 [INFO] IPUIPlugin:80 - create IPUIPlugin
2025-12-16 18:58:55,650 [INFO] IPUIPlugin:80 - create IPUIPlugin
2025-12-16 18:58:55,650 [INFO] IPUIPlugin:80 - create IPUIPlugin
2025-12-16 18:58:55,650 [INFO] IPUIPlugin:80 - create IPUIPlugin
2025-12-16 18:58:55,650 [INFO] IPUIPlugin:80 - create IPUIPlugin
2025-12-16 18:58:55,650 [INFO] IPUIPlugin:80 - create IPUIPlugin
2025-12-16 18:58:55,651 [INFO] IPUIPlugin:80 - create IPUIPlugin
2025-12-16 18:58:55,651 [INFO] IPUIPlugin:80 - create IPUIPlugin
2025-12-16 18:58:55,651 [INFO] IPUIPlugin:80 - create IPUIPlugin
2025-12-16 18:58:55,651 [INFO] IPUIPlugin:80 - create IPUIPlugin
2025-12-16 18:58:55,652 [INFO] IPUIPlugin:80 - create IPUIPlugin
2025-12-16 18:58:55,652 [INFO] IPUIPlugin:80 - create IPUIPlugin
2025-12-16 18:58:55,653 [INFO] IPUIPlugin:80 - create IPUIPlugin
2025-12-16 18:58:55,653 [INFO] IPUIPlugin:80 - create IPUIPlugin
2025-12-16 18:58:55,654 [INFO] IPUIPlugin:80 - create IPUIPlugin
2025-12-16 18:58:55,654 [INFO] IPUIPlugin:80 - create IPUIPlugin
2025-12-16 18:58:55,654 [INFO] IPUIPlugin:80 - create IPUIPlugin
2025-12-16 18:58:55,659 [INFO] ApiDbMcu:508 - Load IP Config File for PDM2PCM
2025-12-16 18:58:55,660 [WARN] IP:2251 - ClockDivider not found: check if there is a RefParameter without a condition.
2025-12-16 18:58:55,660 [WARN] IP:2251 - ClockDividerCCU not found: check if there is a RefParameter without a condition.
2025-12-16 18:58:55,661 [WARN] IP:2251 - MinOscClkPeriodsCCU not found: check if there is a RefParameter without a condition.
2025-12-16 18:58:55,661 [WARN] IP:2251 - TimeQuantaPerBitTimeCCU not found: check if there is a RefParameter without a condition.
2025-12-16 18:58:55,661 [WARN] IP:2251 - WatchdogStartValueCCU not found: check if there is a RefParameter without a condition.
2025-12-16 18:58:55,665 [INFO] LogOutputStream:77 - [STDOUT_REDIRECT] Nominal 
2025-12-16 18:58:55,665 [INFO] Can:71 - Can Add PropertyChangeListener com.st.microxplorer.plugins.ip.can.Can@697dfca8
2025-12-16 18:58:55,730 [INFO] CADModel:165 - CPN selected for project levelSTM32H743IIT6
2025-12-16 18:58:55,730 [INFO] CADModel:114 - Register for checkConnection events
2025-12-16 18:58:55,799 [INFO] OpenFileManager:363 - Restore cursor
2025-12-16 18:58:56,010 [WARN] IP:2251 - ClockDivider not found: check if there is a RefParameter without a condition.
2025-12-16 18:58:56,010 [WARN] IP:2251 - ClockDividerCCU not found: check if there is a RefParameter without a condition.
2025-12-16 18:58:56,010 [WARN] IP:2251 - MinOscClkPeriodsCCU not found: check if there is a RefParameter without a condition.
2025-12-16 18:58:56,010 [WARN] IP:2251 - TimeQuantaPerBitTimeCCU not found: check if there is a RefParameter without a condition.
2025-12-16 18:58:56,010 [WARN] IP:2251 - WatchdogStartValueCCU not found: check if there is a RefParameter without a condition.
2025-12-16 18:59:02,754 [INFO] NvicIntPanel:101 - NVIC parent = com.st.microxplorer.plugins.ip.nvic.MultiNvicIntPanel[,0,0,0x0,invalid,layout=javax.swing.BoxLayout,alignmentX=0.0,alignmentY=0.0,border=,flags=9,maximumSize=,minimumSize=,preferredSize=]
2025-12-16 19:00:33,865 [INFO] MainUpdater:2872 - connection check result : 10
2025-12-16 19:00:33,866 [INFO] MainUpdater:2872 - connection check result : 10
2025-12-16 19:00:33,941 [INFO] LogOutputStream:77 - [STDOUT_REDIRECT] Nominal 
2025-12-16 19:00:34,069 [INFO] I2cTimingTraitement:330 - 0x00000E14
2025-12-16 19:00:34,074 [INFO] MicroXplorer:468 - Change Database Path : 
2025-12-16 19:00:34,074 [INFO] MicroXplorer:498 - Change Database Version : DB.6.0.130
2025-12-16 19:00:34,095 [ERROR] ProjectManagerView:394 - 
java.lang.NullPointerException: Cannot invoke "javax.swing.JTextField.getText()" because the return value of "java.util.List.get(int)" is null
	at com.st.microxplorer.plugins.projectmanager.gui.ProjectChoiceTab$9.caretUpdate(ProjectChoiceTab.java:2616) ~[filemanager.jar:?]
	at javax.swing.text.JTextComponent.fireCaretUpdate(JTextComponent.java:408) ~[?:?]
	at javax.swing.text.JTextComponent$MutableCaretEvent.fire(JTextComponent.java:4484) ~[?:?]
	at javax.swing.text.JTextComponent$MutableCaretEvent.stateChanged(JTextComponent.java:4506) ~[?:?]
	at javax.swing.text.DefaultCaret.fireStateChanged(DefaultCaret.java:857) ~[?:?]
	at javax.swing.text.DefaultCaret.changeCaretPosition(DefaultCaret.java:1343) ~[?:?]
	at javax.swing.text.DefaultCaret.handleSetDot(DefaultCaret.java:1242) ~[?:?]
	at javax.swing.text.DefaultCaret.setDot(DefaultCaret.java:1223) ~[?:?]
	at javax.swing.text.DefaultCaret$Handler.insertUpdate(DefaultCaret.java:1819) ~[?:?]
	at javax.swing.text.AbstractDocument.fireInsertUpdate(AbstractDocument.java:227) ~[?:?]
	at javax.swing.text.AbstractDocument.handleInsertString(AbstractDocument.java:781) ~[?:?]
	at javax.swing.text.AbstractDocument.insertString(AbstractDocument.java:740) ~[?:?]
	at javax.swing.text.PlainDocument.insertString(PlainDocument.java:131) ~[?:?]
	at javax.swing.text.AbstractDocument.replace(AbstractDocument.java:699) ~[?:?]
	at javax.swing.text.JTextComponent.setText(JTextComponent.java:1725) ~[?:?]
	at com.st.microxplorer.plugins.projectmanager.gui.ProjectChoiceTab.createHeapStackFields(ProjectChoiceTab.java:975) ~[filemanager.jar:?]
	at com.st.microxplorer.plugins.projectmanager.gui.ProjectChoiceTab.buildLinkSettingsPanel(ProjectChoiceTab.java:3666) ~[filemanager.jar:?]
	at com.st.microxplorer.plugins.projectmanager.gui.ProjectChoiceTab.defineWindowsFields(ProjectChoiceTab.java:1934) ~[filemanager.jar:?]
	at com.st.microxplorer.plugins.projectmanager.gui.ProjectChoiceTab.updateSettings(ProjectChoiceTab.java:553) ~[filemanager.jar:?]
	at com.st.microxplorer.plugins.projectmanager.gui.ProjectSettingsPanel.UpdateDialog(ProjectSettingsPanel.java:245) ~[filemanager.jar:?]
	at com.st.microxplorer.plugins.projectmanager.ProjectManagerView.propertyChange(ProjectManagerView.java:391) ~[filemanager.jar:?]
	at java.beans.PropertyChangeSupport.fire(PropertyChangeSupport.java:343) ~[?:?]
	at java.beans.PropertyChangeSupport.firePropertyChange(PropertyChangeSupport.java:335) ~[?:?]
	at java.beans.PropertyChangeSupport.firePropertyChange(PropertyChangeSupport.java:268) ~[?:?]
	at com.st.microxplorer.util.MXPropertyChangeSupport.firePropertyChange(MXPropertyChangeSupport.java:54) ~[STM32CubeMX.jar:?]
	at com.st.microxplorer.mxsystem.MxSystem.closeConfig(MxSystem.java:899) ~[STM32CubeMX.jar:?]
	at com.st.microxplorer.maingui.MainPanel.closeConfig(MainPanel.java:789) ~[STM32CubeMX.jar:?]
	at com.st.microxplorer.plugins.filemanager.engine.OpenFileManager.loadConfigurationFile(OpenFileManager.java:265) ~[filemanager.jar:?]
	at com.st.microxplorer.plugins.filemanager.engine.MainFileManager.userLoadConfig(MainFileManager.java:340) ~[filemanager.jar:?]
	at com.st.microxplorer.plugins.filemanager.engine.MainFileManager.userLoadConfig(MainFileManager.java:318) ~[filemanager.jar:?]
	at com.st.microxplorer.plugins.filemanager.FileManagerView.getSpecificTask(FileManagerView.java:246) ~[filemanager.jar:?]
	at com.st.stm32cube.common.mx.editor.CubeMxEditor.getMxTabbedPaneInstance(CubeMxEditor.java:1198) ~[com.st.stm32cube.common.mx_6.13.0.202411220809/:?]
	at com.st.stm32cube.common.mx.editor.CubeMxEditor$12$1.createSwingComponent(CubeMxEditor.java:1068) ~[com.st.stm32cube.common.mx_6.13.0.202411220809/:?]
	at com.st.stm32cube.common.mx.oss.core.awtswtbridge.EmbeddedSwingComposite.doComponentCreation(EmbeddedSwingComposite.java:492) ~[com.st.stm32cube.common.mx.oss_6.13.0.202411220809/:?]
	at com.st.stm32cube.common.mx.oss.core.awtswtbridge.EmbeddedSwingComposite$4.run(EmbeddedSwingComposite.java:291) ~[com.st.stm32cube.common.mx.oss_6.13.0.202411220809/:?]
	at com.st.stm32cube.common.mx.oss.core.awtswtbridge.AwtEnvironment$2.run(AwtEnvironment.java:166) ~[com.st.stm32cube.common.mx.oss_6.13.0.202411220809/:?]
	at java.awt.event.InvocationEvent.dispatch(InvocationEvent.java:318) ~[?:?]
	at java.awt.EventQueue.dispatchEventImpl(EventQueue.java:773) ~[?:?]
	at java.awt.EventQueue$4.run(EventQueue.java:720) ~[?:?]
	at java.awt.EventQueue$4.run(EventQueue.java:714) ~[?:?]
	at java.security.AccessController.doPrivileged(AccessController.java:400) ~[?:?]
	at java.security.ProtectionDomain$JavaSecurityAccessImpl.doIntersectionPrivilege(ProtectionDomain.java:87) ~[?:?]
	at java.awt.EventQueue.dispatchEvent(EventQueue.java:742) ~[?:?]
	at java.awt.EventDispatchThread.pumpOneEventForFilters(EventDispatchThread.java:203) ~[?:?]
	at java.awt.EventDispatchThread.pumpEventsForFilter(EventDispatchThread.java:124) ~[?:?]
	at java.awt.EventDispatchThread.pumpEventsForHierarchy(EventDispatchThread.java:113) ~[?:?]
	at java.awt.EventDispatchThread.pumpEvents(EventDispatchThread.java:109) ~[?:?]
	at java.awt.EventDispatchThread.pumpEvents(EventDispatchThread.java:101) ~[?:?]
	at java.awt.EventDispatchThread.run(EventDispatchThread.java:90) ~[?:?]
2025-12-16 19:00:34,097 [WARN] ThirdParty:871 - waiting for thirdparty lock release [close project]
2025-12-16 19:00:34,097 [INFO] ThirdParty:873 - entering critical section [close project]
2025-12-16 19:00:34,098 [INFO] ThirdParty:883 - exiting critical section [close project]
2025-12-16 19:00:34,101 [INFO] PinOutPanel:1589 - setPackage(No Configuration,No Configuration)
2025-12-16 19:00:34,116 [WARN] IpParametersView:154 - Warning: This peripheral hasn't parameters
2025-12-16 19:00:34,124 [WARN] MainPanel:289 - <html><b><center>Warning: This peripheral has no parameters to be configured<br></b></html>
2025-12-16 19:00:34,125 [ERROR] MainPanel:599 - java.lang.IndexOutOfBoundsException: Index: 0, Tab count: 0
2025-12-16 19:00:34,131 [INFO] UtilMem:75 - Begin LoadConfig() Used Memory: 881025392 Bytes (1073741824)
2025-12-16 19:00:48,193 [INFO] MainUpdater:2872 - connection check result : 10
2025-12-16 19:00:48,193 [INFO] MainUpdater:2872 - connection check result : 10
2025-12-16 19:00:48,222 [INFO] MicroXplorer:468 - Change Database Path : 
2025-12-16 19:00:48,223 [INFO] MicroXplorer:498 - Change Database Version : DB.6.0.130
2025-12-16 19:00:48,235 [ERROR] ProjectManagerView:394 - 
java.lang.NullPointerException: Cannot invoke "javax.swing.JTextField.getText()" because the return value of "java.util.List.get(int)" is null
	at com.st.microxplorer.plugins.projectmanager.gui.ProjectChoiceTab$9.caretUpdate(ProjectChoiceTab.java:2616) ~[filemanager.jar:?]
	at javax.swing.text.JTextComponent.fireCaretUpdate(JTextComponent.java:408) ~[?:?]
	at javax.swing.text.JTextComponent$MutableCaretEvent.fire(JTextComponent.java:4484) ~[?:?]
	at javax.swing.text.JTextComponent$MutableCaretEvent.stateChanged(JTextComponent.java:4506) ~[?:?]
	at javax.swing.text.DefaultCaret.fireStateChanged(DefaultCaret.java:857) ~[?:?]
	at javax.swing.text.DefaultCaret.changeCaretPosition(DefaultCaret.java:1343) ~[?:?]
	at javax.swing.text.DefaultCaret.handleSetDot(DefaultCaret.java:1242) ~[?:?]
	at javax.swing.text.DefaultCaret.setDot(DefaultCaret.java:1223) ~[?:?]
	at javax.swing.text.DefaultCaret$Handler.insertUpdate(DefaultCaret.java:1819) ~[?:?]
	at javax.swing.text.AbstractDocument.fireInsertUpdate(AbstractDocument.java:227) ~[?:?]
	at javax.swing.text.AbstractDocument.handleInsertString(AbstractDocument.java:781) ~[?:?]
	at javax.swing.text.AbstractDocument.insertString(AbstractDocument.java:740) ~[?:?]
	at javax.swing.text.PlainDocument.insertString(PlainDocument.java:131) ~[?:?]
	at javax.swing.text.AbstractDocument.replace(AbstractDocument.java:699) ~[?:?]
	at javax.swing.text.JTextComponent.setText(JTextComponent.java:1725) ~[?:?]
	at com.st.microxplorer.plugins.projectmanager.gui.ProjectChoiceTab.createHeapStackFields(ProjectChoiceTab.java:975) ~[filemanager.jar:?]
	at com.st.microxplorer.plugins.projectmanager.gui.ProjectChoiceTab.buildLinkSettingsPanel(ProjectChoiceTab.java:3666) ~[filemanager.jar:?]
	at com.st.microxplorer.plugins.projectmanager.gui.ProjectChoiceTab.defineWindowsFields(ProjectChoiceTab.java:1934) ~[filemanager.jar:?]
	at com.st.microxplorer.plugins.projectmanager.gui.ProjectChoiceTab.updateSettings(ProjectChoiceTab.java:553) ~[filemanager.jar:?]
	at com.st.microxplorer.plugins.projectmanager.gui.ProjectSettingsPanel.UpdateDialog(ProjectSettingsPanel.java:245) ~[filemanager.jar:?]
	at com.st.microxplorer.plugins.projectmanager.ProjectManagerView.propertyChange(ProjectManagerView.java:391) ~[filemanager.jar:?]
	at java.beans.PropertyChangeSupport.fire(PropertyChangeSupport.java:343) ~[?:?]
	at java.beans.PropertyChangeSupport.firePropertyChange(PropertyChangeSupport.java:335) ~[?:?]
	at java.beans.PropertyChangeSupport.firePropertyChange(PropertyChangeSupport.java:268) ~[?:?]
	at com.st.microxplorer.util.MXPropertyChangeSupport.firePropertyChange(MXPropertyChangeSupport.java:54) ~[STM32CubeMX.jar:?]
	at com.st.microxplorer.mxsystem.MxSystem.closeConfig(MxSystem.java:899) ~[STM32CubeMX.jar:?]
	at com.st.microxplorer.maingui.MainPanel.closeConfig(MainPanel.java:789) ~[STM32CubeMX.jar:?]
	at com.st.microxplorer.plugins.filemanager.engine.OpenFileManager.loadConfigurationFile(OpenFileManager.java:265) ~[filemanager.jar:?]
	at com.st.microxplorer.plugins.filemanager.engine.MainFileManager.userLoadConfig(MainFileManager.java:340) ~[filemanager.jar:?]
	at com.st.microxplorer.plugins.filemanager.engine.MainFileManager.userLoadConfig(MainFileManager.java:318) ~[filemanager.jar:?]
	at com.st.microxplorer.plugins.filemanager.FileManagerView.getSpecificTask(FileManagerView.java:246) ~[filemanager.jar:?]
	at com.st.stm32cube.common.mx.editor.CubeMxEditor.getMxTabbedPaneInstance(CubeMxEditor.java:1198) ~[com.st.stm32cube.common.mx_6.13.0.202411220809/:?]
	at com.st.stm32cube.common.mx.editor.CubeMxEditor$12$1.createSwingComponent(CubeMxEditor.java:1068) ~[com.st.stm32cube.common.mx_6.13.0.202411220809/:?]
	at com.st.stm32cube.common.mx.oss.core.awtswtbridge.EmbeddedSwingComposite.doComponentCreation(EmbeddedSwingComposite.java:492) ~[com.st.stm32cube.common.mx.oss_6.13.0.202411220809/:?]
	at com.st.stm32cube.common.mx.oss.core.awtswtbridge.EmbeddedSwingComposite$4.run(EmbeddedSwingComposite.java:291) ~[com.st.stm32cube.common.mx.oss_6.13.0.202411220809/:?]
	at com.st.stm32cube.common.mx.oss.core.awtswtbridge.AwtEnvironment$2.run(AwtEnvironment.java:166) ~[com.st.stm32cube.common.mx.oss_6.13.0.202411220809/:?]
	at java.awt.event.InvocationEvent.dispatch(InvocationEvent.java:318) ~[?:?]
	at java.awt.EventQueue.dispatchEventImpl(EventQueue.java:773) ~[?:?]
	at java.awt.EventQueue$4.run(EventQueue.java:720) ~[?:?]
	at java.awt.EventQueue$4.run(EventQueue.java:714) ~[?:?]
	at java.security.AccessController.doPrivileged(AccessController.java:400) ~[?:?]
	at java.security.ProtectionDomain$JavaSecurityAccessImpl.doIntersectionPrivilege(ProtectionDomain.java:87) ~[?:?]
	at java.awt.EventQueue.dispatchEvent(EventQueue.java:742) ~[?:?]
	at java.awt.EventDispatchThread.pumpOneEventForFilters(EventDispatchThread.java:203) ~[?:?]
	at java.awt.EventDispatchThread.pumpEventsForFilter(EventDispatchThread.java:124) ~[?:?]
	at java.awt.EventDispatchThread.pumpEventsForHierarchy(EventDispatchThread.java:113) ~[?:?]
	at java.awt.EventDispatchThread.pumpEvents(EventDispatchThread.java:109) ~[?:?]
	at java.awt.EventDispatchThread.pumpEvents(EventDispatchThread.java:101) ~[?:?]
	at java.awt.EventDispatchThread.run(EventDispatchThread.java:90) ~[?:?]
2025-12-16 19:00:48,236 [WARN] ThirdParty:871 - waiting for thirdparty lock release [close project]
2025-12-16 19:00:48,236 [INFO] ThirdParty:873 - entering critical section [close project]
2025-12-16 19:00:48,236 [INFO] ThirdParty:883 - exiting critical section [close project]
2025-12-16 19:00:48,238 [INFO] PinOutPanel:1589 - setPackage(No Configuration,No Configuration)
2025-12-16 19:00:48,238 [INFO] UtilMem:75 - Begin LoadConfig() Used Memory: 986409328 Bytes (1073741824)
2025-12-16 19:00:48,240 [INFO] MicroXplorer:468 - Change Database Path : 
2025-12-16 19:00:48,241 [INFO] MicroXplorer:498 - Change Database Version : DB.6.0.130
2025-12-16 19:00:48,241 [INFO] OpenFileManager:332 - Change cursor
2025-12-16 19:00:48,251 [INFO] Mcu:2035 - Initializing MCU STM32H743IITx STM32H743IITx STM32H743IIT6
2025-12-16 19:00:51,351 [INFO] Context:748 - Trying to add GPIOservice into a context  which must be forbidden
2025-12-16 19:00:52,750 [INFO] RtosManager:555 - Registered RTOS mode: class=CMSIS, group=RTOS, mode=CMSIS_V1, owner=FREERTOS
2025-12-16 19:00:52,751 [INFO] RtosManager:555 - Registered RTOS mode: class=CMSIS, group=RTOS2, mode=CMSIS_V2, owner=FREERTOS
2025-12-16 19:00:52,751 [INFO] RtosManager:555 - Registered RTOS mode: class=RTOS, group=Core, mode=CMSIS_V1, owner=FREERTOS
2025-12-16 19:00:52,751 [INFO] RtosManager:555 - Registered RTOS mode: class=RTOS, group=Core, mode=CMSIS_V2, owner=FREERTOS
2025-12-16 19:00:52,751 [WARN] ModelIntegratedComponent:184 - Missing modes for component STMicroelectronics:FreeRTOS:0.0.1:STMicroelectronics:RTOS:FreeRTOS:Core:::10.2.0:
2025-12-16 19:00:52,754 [WARN] ModelIntegratedComponent:63 - No mode defined for component null
2025-12-16 19:00:52,754 [WARN] ModelIntegratedComponent:63 - No mode defined for component null
2025-12-16 19:00:52,754 [WARN] ModelIntegratedComponent:63 - No mode defined for component null
2025-12-16 19:00:52,754 [WARN] ModelIntegratedComponent:63 - No mode defined for component null
2025-12-16 19:00:52,754 [WARN] ModelIntegratedComponent:63 - No mode defined for component null
2025-12-16 19:00:52,754 [WARN] ModelIntegratedComponent:63 - No mode defined for component null
2025-12-16 19:00:52,754 [WARN] ModelIntegratedComponent:63 - No mode defined for component null
2025-12-16 19:00:52,754 [WARN] ModelIntegratedComponent:63 - No mode defined for component null
2025-12-16 19:00:52,754 [WARN] ModelIntegratedComponent:63 - No mode defined for component null
2025-12-16 19:00:52,755 [WARN] ModelIntegratedComponent:63 - No mode defined for component null
2025-12-16 19:00:52,755 [WARN] ModelIntegratedComponent:63 - No mode defined for component null
2025-12-16 19:00:52,755 [WARN] ModelIntegratedComponent:63 - No mode defined for component null
2025-12-16 19:00:52,755 [WARN] ModelIntegratedComponent:63 - No mode defined for component null
2025-12-16 19:00:52,755 [WARN] ModelIntegratedComponent:63 - No mode defined for component null
2025-12-16 19:00:52,755 [WARN] ModelIntegratedComponent:63 - No mode defined for component null
2025-12-16 19:00:52,755 [WARN] ModelIntegratedComponent:63 - No mode defined for component null
2025-12-16 19:00:52,755 [WARN] ModelIntegratedComponent:63 - No mode defined for component null
2025-12-16 19:00:52,755 [WARN] ModelIntegratedComponent:63 - No mode defined for component null
2025-12-16 19:00:52,755 [WARN] ModelIntegratedComponent:63 - No mode defined for component null
2025-12-16 19:00:52,755 [WARN] ModelIntegratedComponent:63 - No mode defined for component null
2025-12-16 19:00:52,755 [WARN] ModelIntegratedComponent:63 - No mode defined for component null
2025-12-16 19:00:52,755 [WARN] ModelIntegratedComponent:63 - No mode defined for component null
2025-12-16 19:00:52,755 [WARN] ModelIntegratedComponent:63 - No mode defined for component null
2025-12-16 19:00:52,755 [WARN] ModelIntegratedComponent:63 - No mode defined for component null
2025-12-16 19:00:52,755 [WARN] ModelIntegratedComponent:63 - No mode defined for component null
2025-12-16 19:00:52,755 [WARN] ModelIntegratedComponent:63 - No mode defined for component null
2025-12-16 19:00:52,755 [WARN] ModelIntegratedComponent:63 - No mode defined for component null
2025-12-16 19:00:52,755 [WARN] ModelIntegratedComponent:63 - No mode defined for component null
2025-12-16 19:00:52,755 [WARN] ModelIntegratedComponent:63 - No mode defined for component null
2025-12-16 19:00:52,755 [WARN] ModelIntegratedComponent:63 - No mode defined for component null
2025-12-16 19:00:52,755 [WARN] ModelIntegratedComponent:63 - No mode defined for component null
2025-12-16 19:00:52,755 [WARN] ModelIntegratedComponent:63 - No mode defined for component null
2025-12-16 19:00:52,755 [WARN] ModelIntegratedComponent:63 - No mode defined for component null
2025-12-16 19:00:52,755 [WARN] ModelIntegratedComponent:63 - No mode defined for component null
2025-12-16 19:00:52,756 [WARN] ModelIntegratedComponent:63 - No mode defined for component null
2025-12-16 19:00:52,756 [WARN] ModelPack:524 - Component already loaded: STMicroelectronics:HAL Drivers:0.0.0:STMicroelectronics:Device:STMicro_Driver:XSPI:HAL::0.0.1:HAL_XSPI
2025-12-16 19:00:52,981 [INFO] ThirdPartyModel:298 - Start build external matchings
2025-12-16 19:00:53,834 [INFO] ThirdPartyModel:316 - End build external matchings
2025-12-16 19:00:53,862 [WARN] IP:2251 - ClockDivider not found: check if there is a RefParameter without a condition.
2025-12-16 19:00:53,862 [WARN] IP:2251 - ClockDividerCCU not found: check if there is a RefParameter without a condition.
2025-12-16 19:00:53,862 [WARN] IP:2251 - MinOscClkPeriodsCCU not found: check if there is a RefParameter without a condition.
2025-12-16 19:00:53,862 [WARN] IP:2251 - TimeQuantaPerBitTimeCCU not found: check if there is a RefParameter without a condition.
2025-12-16 19:00:53,862 [WARN] IP:2251 - WatchdogStartValueCCU not found: check if there is a RefParameter without a condition.
2025-12-16 19:00:53,864 [INFO] ImportTextPane:218 - (OptionalMessage_ERROR) IP (RCC) : Parameter (ADCFreq_Value) has invalid value (129000000)
2025-12-16 19:00:53,869 [INFO] ImportTextPane:218 - (OptionalMessage_ERROR) IP (RCC) : Invalid parameter (FamilyName)
2025-12-16 19:00:53,869 [INFO] ImportTextPane:218 - (OptionalMessage_ERROR) IP (RCC) : Parameter (LPTIM1Freq_Value) has invalid value (64000000)
2025-12-16 19:00:53,869 [INFO] ImportTextPane:218 - (OptionalMessage_ERROR) IP (RCC) : Parameter (LPTIM2Freq_Value) has invalid value (64000000)
2025-12-16 19:00:53,869 [INFO] ImportTextPane:218 - (OptionalMessage_ERROR) IP (RCC) : Parameter (LPTIM345Freq_Value) has invalid value (64000000)
2025-12-16 19:00:53,869 [INFO] ImportTextPane:218 - (OptionalMessage_ERROR) IP (RCC) : Parameter (LPUART1Freq_Value) has invalid value (64000000)
2025-12-16 19:00:53,870 [INFO] ImportTextPane:218 - (OptionalMessage_ERROR) IP (RCC) : Parameter (SPI45Freq_Value) has invalid value (64000000)
2025-12-16 19:00:53,870 [INFO] ImportTextPane:218 - (OptionalMessage_ERROR) IP (RCC) : Parameter (SPI6Freq_Value) has invalid value (64000000)
2025-12-16 19:00:53,870 [INFO] ImportTextPane:218 - (OptionalMessage_ERROR) IP (RCC) : Parameter (SWPMI1Freq_Value) has invalid value (64000000)
2025-12-16 19:00:53,870 [INFO] ImportTextPane:218 - (OptionalMessage_ERROR) IP (RCC) : Parameter (USART16Freq_Value) has invalid value (64000000)
2025-12-16 19:00:53,870 [INFO] ImportTextPane:218 - (OptionalMessage_ERROR) IP (RCC) : Parameter (USART234578Freq_Value) has invalid value (64000000)
2025-12-16 19:00:54,644 [INFO] UtilMem:75 - End LoadConfig() Used Memory: 864769952 Bytes (1073741824)
2025-12-16 19:00:54,729 [WARN] ThirdParty:833 - waiting for thirdparty lock release [change project]
2025-12-16 19:00:54,730 [INFO] ThirdParty:835 - entering critical section [change project]
2025-12-16 19:00:54,730 [INFO] ThirdParty:1030 - CMSIS Pack Vendor :STMicroelectronics X-CUBE-PM33A1 1.0.0
2025-12-16 19:00:54,730 [INFO] ThirdParty:1030 - CMSIS Pack Vendor :STMicroelectronics USBPD 4.1
2025-12-16 19:00:54,730 [INFO] ThirdParty:1030 - CMSIS Pack Vendor :STMicroelectronics USB_HOST 2.0.0
2025-12-16 19:00:54,730 [INFO] ThirdParty:1030 - CMSIS Pack Vendor :STMicroelectronics FP-SNS-MOTENVWB1 1.4.0
2025-12-16 19:00:54,730 [INFO] ThirdParty:1030 - CMSIS Pack Vendor :STMicroelectronics X-CUBE-AZRTOS-F4 1.1.0
2025-12-16 19:00:54,730 [INFO] ThirdParty:1030 - CMSIS Pack Vendor :STMicroelectronics LIBJPEG 8.0.0
2025-12-16 19:00:54,730 [INFO] ThirdParty:1030 - CMSIS Pack Vendor :STMicroelectronics FP-ATR-ASTRA1 2.0.2
2025-12-16 19:00:54,730 [INFO] ThirdParty:1030 - CMSIS Pack Vendor :STMicroelectronics FP-ATR-ASTRA1 2.0.1
2025-12-16 19:00:54,730 [INFO] ThirdParty:1030 - CMSIS Pack Vendor :STMicroelectronics X-CUBE-SMBUS 2.1.0
2025-12-16 19:00:54,730 [INFO] ThirdParty:1030 - CMSIS Pack Vendor :STMicroelectronics X-CUBE-WB05N 1.1.0
2025-12-16 19:00:54,730 [INFO] ThirdParty:1030 - CMSIS Pack Vendor :STMicroelectronics X-CUBE-ISPU 2.1.0
2025-12-16 19:00:54,730 [INFO] ThirdParty:1030 - CMSIS Pack Vendor :STMicroelectronics X-CUBE-FREERTOS 1.2.0
2025-12-16 19:00:54,730 [INFO] ThirdParty:1030 - CMSIS Pack Vendor :STMicroelectronics X-CUBE-ST60 1.0.0
2025-12-16 19:00:54,730 [INFO] ThirdParty:1030 - CMSIS Pack Vendor :STMicroelectronics X-CUBE-NFC12 1.0.0
2025-12-16 19:00:54,730 [INFO] ThirdParty:1030 - CMSIS Pack Vendor :STMicroelectronics X-CUBE-AZRTOS-F7 1.1.0
2025-12-16 19:00:54,730 [INFO] ThirdParty:1030 - CMSIS Pack Vendor :STMicroelectronics X-CUBE-AZRTOS-L5 2.0.0
2025-12-16 19:00:54,730 [INFO] ThirdParty:1030 - CMSIS Pack Vendor :STMicroelectronics USB_DEVICE 2.0.0
2025-12-16 19:00:54,730 [INFO] ThirdParty:1030 - CMSIS Pack Vendor :STMicroelectronics X-CUBE-NFC6 3.1.0
2025-12-16 19:00:54,731 [INFO] ThirdParty:1030 - CMSIS Pack Vendor :ARM CMSIS 5.7.0
2025-12-16 19:00:54,731 [INFO] ThirdParty:1030 - CMSIS Pack Vendor :STMicroelectronics X-CUBE-MEMS1 11.0.0
2025-12-16 19:00:54,731 [INFO] ThirdParty:1030 - CMSIS Pack Vendor :STMicroelectronics FreeRTOS 0.0.1
2025-12-16 19:00:54,731 [INFO] ThirdParty:1030 - CMSIS Pack Vendor :STMicroelectronics X-CUBE-DPower 1.2.0
2025-12-16 19:00:54,731 [INFO] ThirdParty:1030 - CMSIS Pack Vendor :STMicroelectronics FP-SNS-FLIGHT1 5.0.2
2025-12-16 19:00:54,731 [INFO] ThirdParty:1030 - CMSIS Pack Vendor :STMicroelectronics PDM2PCM 3.3.0
2025-12-16 19:00:54,731 [INFO] ThirdParty:1030 - CMSIS Pack Vendor :STMicroelectronics X-CUBE-AZRTOS-H7 3.4.0
2025-12-16 19:00:54,731 [INFO] ThirdParty:1030 - CMSIS Pack Vendor :STMicroelectronics X-CUBE-DISPLAY 3.0.0
2025-12-16 19:00:54,731 [INFO] ThirdParty:1030 - CMSIS Pack Vendor :STMicroelectronics X-CUBE-BLE1 7.0.0
2025-12-16 19:00:54,731 [INFO] ThirdParty:1030 - CMSIS Pack Vendor :STMicroelectronics X-CUBE-NFC10 1.0.0
2025-12-16 19:00:54,731 [INFO] ThirdParty:1030 - CMSIS Pack Vendor :STMicroelectronics X-CUBE-BLEMGR 4.0.0
2025-12-16 19:00:54,731 [INFO] ThirdParty:1030 - CMSIS Pack Vendor :STMicroelectronics X-CUBE-FREERTOS 1.3.1
2025-12-16 19:00:54,731 [INFO] ThirdParty:1030 - CMSIS Pack Vendor :STMicroelectronics HAL Drivers 0.0.0
2025-12-16 19:00:54,731 [INFO] ThirdParty:1030 - CMSIS Pack Vendor :STMicroelectronics X-CUBE-ST60 1.1.0
2025-12-16 19:00:54,731 [INFO] ThirdParty:1030 - CMSIS Pack Vendor :emotas I-CUBE-CANOPEN 1.3.0
2025-12-16 19:00:54,731 [INFO] ThirdParty:1030 - CMSIS Pack Vendor :STMicroelectronics X-CUBE-FREERTOS 1.3.0
2025-12-16 19:00:54,731 [INFO] ThirdParty:1030 - CMSIS Pack Vendor :STMicroelectronics X-CUBE-NFC7 1.0.1
2025-12-16 19:00:54,731 [INFO] ThirdParty:1030 - CMSIS Pack Vendor :STMicroelectronics MBEDTLS 2.14.1
2025-12-16 19:00:54,731 [INFO] ThirdParty:1030 - CMSIS Pack Vendor :STMicroelectronics X-CUBE-GNSS1 7.1.0
2025-12-16 19:00:54,731 [INFO] ThirdParty:1030 - CMSIS Pack Vendor :STMicroelectronics X-CUBE-TOUCHGFX 4.26.0
2025-12-16 19:00:54,731 [INFO] ThirdParty:1030 - CMSIS Pack Vendor :STMicroelectronics X-CUBE-BLEMGR 3.1.0
2025-12-16 19:00:54,731 [INFO] ThirdParty:1030 - CMSIS Pack Vendor :STMicroelectronics X-CUBE-AI 10.0.0
2025-12-16 19:00:54,731 [INFO] ThirdParty:1030 - CMSIS Pack Vendor :STMicroelectronics FP-SNS-STAIOTCFT 1.0.0
2025-12-16 19:00:54,731 [INFO] ThirdParty:1030 - CMSIS Pack Vendor :STMicroelectronics FP-SNS-SMARTAG2 1.2.0
2025-12-16 19:00:54,731 [INFO] ThirdParty:1030 - CMSIS Pack Vendor :STMicroelectronics FP-SNS-FLIGHT1 5.1.0
2025-12-16 19:00:54,731 [INFO] ThirdParty:1030 - CMSIS Pack Vendor :STMicroelectronics X-CUBE-MEMS1 11.1.0
2025-12-16 19:00:54,731 [INFO] ThirdParty:1030 - CMSIS Pack Vendor :STMicroelectronics X-CUBE-AZRTOS-WL 2.0.0
2025-12-16 19:00:54,732 [INFO] ThirdParty:1030 - CMSIS Pack Vendor :STMicroelectronics X-CUBE-DPower 1.3.0
2025-12-16 19:00:54,732 [INFO] ThirdParty:1030 - CMSIS Pack Vendor :STMicroelectronics FP-SNS-MOTENV1 5.0.0
2025-12-16 19:00:54,732 [INFO] ThirdParty:1030 - CMSIS Pack Vendor :STMicroelectronics USB_DEVICE 1.0.0
2025-12-16 19:00:54,732 [INFO] ThirdParty:1030 - CMSIS Pack Vendor :STMicroelectronics X-CUBE-AZRTOS-H7RS 1.2.0
2025-12-16 19:00:54,732 [INFO] ThirdParty:1030 - CMSIS Pack Vendor :wolfSSL I-CUBE-wolfMQTT 1.19.0
2025-12-16 19:00:54,732 [INFO] ThirdParty:1030 - CMSIS Pack Vendor :STMicroelectronics X-CUBE-AZRTOS-L4 2.0.0
2025-12-16 19:00:54,732 [INFO] ThirdParty:1030 - CMSIS Pack Vendor :STMicroelectronics ThreadX 0.0.2
2025-12-16 19:00:54,732 [INFO] ThirdParty:1030 - CMSIS Pack Vendor :WES I-CUBE-Cesium 1.3.0
2025-12-16 19:00:54,732 [INFO] ThirdParty:1030 - CMSIS Pack Vendor :STMicroelectronics lwIP 2.1.2
2025-12-16 19:00:54,732 [INFO] ThirdParty:1030 - CMSIS Pack Vendor :STMicroelectronics X-CUBE-SFXS2LP1 4.0.0
2025-12-16 19:00:54,732 [INFO] ThirdParty:1030 - CMSIS Pack Vendor :STMicroelectronics X-CUBE-BLE2 3.3.0
2025-12-16 19:00:54,732 [INFO] ThirdParty:1030 - CMSIS Pack Vendor :Avnet-IOTCONNECT X-CUBE-iotc-st67-sdk 1.0.0
2025-12-16 19:00:54,732 [INFO] ThirdParty:1030 - CMSIS Pack Vendor :STMicroelectronics PDM2PCM 3.2.0
2025-12-16 19:00:54,732 [INFO] ThirdParty:1030 - CMSIS Pack Vendor :STMicroelectronics X-CUBE-AZRTOS-H7 3.3.0
2025-12-16 19:00:54,732 [INFO] ThirdParty:1030 - CMSIS Pack Vendor :STMicroelectronics X-CUBE-NFC9 1.0.0
2025-12-16 19:00:54,732 [INFO] ThirdParty:1030 - CMSIS Pack Vendor :STMicroelectronics X-CUBE-BLE1 7.1.0
2025-12-16 19:00:54,732 [INFO] ThirdParty:1030 - CMSIS Pack Vendor :STMicroelectronics USB_DEVICE 3.0.0
2025-12-16 19:00:54,732 [INFO] ThirdParty:1030 - CMSIS Pack Vendor :STMicroelectronics X-CUBE-TCPP 4.1.0
2025-12-16 19:00:54,732 [INFO] ThirdParty:1030 - CMSIS Pack Vendor :STMicroelectronics X-CUBE-EEPRMA1 5.2.0
2025-12-16 19:00:54,732 [INFO] ThirdParty:1030 - CMSIS Pack Vendor :STMicroelectronics X-CUBE-BLEMGR 4.1.0
2025-12-16 19:00:54,732 [INFO] ThirdParty:1030 - CMSIS Pack Vendor :STMicroelectronics X-CUBE-IPS 3.0.0
2025-12-16 19:00:54,732 [INFO] ThirdParty:1030 - CMSIS Pack Vendor :STMicroelectronics X-CUBE-AZRTOS-WB 2.0.0
2025-12-16 19:00:54,732 [INFO] ThirdParty:1030 - CMSIS Pack Vendor :STMicroelectronics X-CUBE-GNSS1 7.0.0
2025-12-16 19:00:54,732 [INFO] ThirdParty:1030 - CMSIS Pack Vendor :STMicroelectronics X-CUBE-GNSS1 7.0.1
2025-12-16 19:00:54,732 [INFO] ThirdParty:1030 - CMSIS Pack Vendor :STMicroelectronics X-CUBE-TOUCHGFX 4.25.0
2025-12-16 19:00:54,734 [INFO] ThirdParty:1030 - CMSIS Pack Vendor :STMicroelectronics FP-SNS-STBOX1 2.0.0
2025-12-16 19:00:54,734 [INFO] ThirdParty:1030 - CMSIS Pack Vendor :STMicroelectronics X-CUBE-MEMS1 12.0.0
2025-12-16 19:00:54,734 [INFO] ThirdParty:1030 - CMSIS Pack Vendor :STMicroelectronics X-CUBE-AZRTOS-G0 1.1.0
2025-12-16 19:00:54,734 [INFO] ThirdParty:1030 - CMSIS Pack Vendor :STMicroelectronics X-CUBE-SAFEA1 1.2.2
2025-12-16 19:00:54,734 [INFO] ThirdParty:1030 - CMSIS Pack Vendor :STMicroelectronics X-CUBE-NFC4 3.0.0
2025-12-16 19:00:54,734 [INFO] ThirdParty:1030 - CMSIS Pack Vendor :STMicroelectronics X-CUBE-SUBG2 5.0.0
2025-12-16 19:00:54,735 [INFO] ThirdParty:1030 - CMSIS Pack Vendor :STMicroelectronics X-CUBE-AZRTOS-H7RS 1.1.0
2025-12-16 19:00:54,736 [INFO] ThirdParty:1030 - CMSIS Pack Vendor :STMicroelectronics STM32_WPAN 1.0.0
2025-12-16 19:00:54,736 [INFO] ThirdParty:1030 - CMSIS Pack Vendor :EmbeddedOffice I-CUBE-FS-RTOS 1.0.1
2025-12-16 19:00:54,736 [INFO] ThirdParty:1030 - CMSIS Pack Vendor :STMicroelectronics lwIP 2.0.3
2025-12-16 19:00:54,736 [INFO] ThirdParty:1030 - CMSIS Pack Vendor :Cesanta I-CUBE-Mongoose 7.13.0
2025-12-16 19:00:54,736 [INFO] ThirdParty:1030 - CMSIS Pack Vendor :STMicroelectronics USB_HOST 1.0.0
2025-12-16 19:00:54,736 [INFO] ThirdParty:1030 - CMSIS Pack Vendor :STMicroelectronics X-CUBE-AZRTOS-G4 2.0.0
2025-12-16 19:00:54,736 [INFO] ThirdParty:1030 - CMSIS Pack Vendor :STMicroelectronics X-CUBE-WB05N 2.0.0
2025-12-16 19:00:54,737 [INFO] ThirdParty:1030 - CMSIS Pack Vendor :STMicroelectronics PDM2PCM 3.1.0
2025-12-16 19:00:54,737 [INFO] ThirdParty:1030 - CMSIS Pack Vendor :STMicroelectronics X-CUBE-NFC7 2.0.0
2025-12-16 19:00:54,737 [INFO] ThirdParty:1030 - CMSIS Pack Vendor :STMicroelectronics X-CUBE-TCPP 4.2.0
2025-12-16 19:00:54,737 [INFO] ThirdParty:1030 - CMSIS Pack Vendor :RealThread X-CUBE-RT-Thread_Nano 4.1.1
2025-12-16 19:00:54,737 [INFO] ThirdParty:1030 - CMSIS Pack Vendor :STMicroelectronics FP-ATR-SIGFOX1 3.2.0
2025-12-16 19:00:54,737 [INFO] ThirdParty:1030 - CMSIS Pack Vendor :wolfSSL I-CUBE-wolfSSL 5.7.2
2025-12-16 19:00:54,737 [INFO] ThirdParty:1030 - CMSIS Pack Vendor :quantropi X-CUBE-qispace-sdk-base 1.9.3
2025-12-16 19:00:54,737 [INFO] ThirdParty:1030 - CMSIS Pack Vendor :STMicroelectronics X-CUBE-EEPRMA1 5.1.0
2025-12-16 19:00:54,737 [INFO] ThirdParty:1030 - CMSIS Pack Vendor :STMicroelectronics MBEDTLS 2.16.2
2025-12-16 19:00:54,737 [INFO] ThirdParty:1030 - CMSIS Pack Vendor :STMicroelectronics X-CUBE-IPS 3.1.0
2025-12-16 19:00:54,738 [INFO] ThirdParty:1030 - CMSIS Pack Vendor :STMicroelectronics X-CUBE-ALS 1.0.2
2025-12-16 19:00:54,738 [INFO] ThirdParty:1030 - CMSIS Pack Vendor :ITTIA_DB I-CUBE-ITTIADB 8.9.0
2025-12-16 19:00:54,738 [INFO] ThirdParty:1030 - CMSIS Pack Vendor :STMicroelectronics X-CUBE-TOUCHGFX 4.24.1
2025-12-16 19:00:54,738 [INFO] ThirdParty:1030 - CMSIS Pack Vendor :STMicroelectronics X-CUBE-STSE01 1.0.0
2025-12-16 19:00:54,738 [INFO] ThirdParty:1030 - CMSIS Pack Vendor :wolfSSL I-CUBE-wolfTPM 3.4.0
2025-12-16 19:00:54,738 [INFO] ThirdParty:1030 - CMSIS Pack Vendor :portGmbH I-Cube-SoM-uGOAL 1.1.0
2025-12-16 19:00:54,738 [INFO] ThirdParty:1030 - CMSIS Pack Vendor :STMicroelectronics X-CUBE-ST67W61 1.0.0
2025-12-16 19:00:54,738 [INFO] ThirdParty:1030 - CMSIS Pack Vendor :STMicroelectronics X-CUBE-AI 10.2.0
2025-12-16 19:00:54,738 [INFO] ThirdParty:1030 - CMSIS Pack Vendor :STMicroelectronics ThreadX 1.0.0
2025-12-16 19:00:54,738 [INFO] ThirdParty:1030 - CMSIS Pack Vendor :SEGGER I-CUBE-embOS 1.3.1
2025-12-16 19:00:54,738 [INFO] ThirdParty:1030 - CMSIS Pack Vendor :STMicroelectronics X-CUBE-ALGOBUILD 1.4.0
2025-12-16 19:00:54,738 [INFO] ThirdParty:1030 - CMSIS Pack Vendor :STMicroelectronics X-CUBE-MEMS1 11.3.0
2025-12-16 19:00:54,738 [INFO] ThirdParty:1030 - CMSIS Pack Vendor :STMicroelectronics X-CUBE-AZRTOS-H7RS 1.0.0
2025-12-16 19:00:54,738 [INFO] ThirdParty:1030 - CMSIS Pack Vendor :STMicroelectronics FP-ATR-ASTRA1 2.0.0
2025-12-16 19:00:54,738 [INFO] ThirdParty:1030 - CMSIS Pack Vendor :STMicroelectronics X-CUBE-TOF1 3.4.2
2025-12-16 19:00:54,738 [INFO] ThirdParty:1030 - CMSIS Pack Vendor :STMicroelectronics X-CUBE-TOF1 3.4.3
2025-12-16 19:00:54,739 [INFO] ThirdParty:1030 - CMSIS Pack Vendor :STMicroelectronics X-CUBE-AI 9.1.0
2025-12-16 19:00:54,739 [INFO] ThirdParty:1030 - CMSIS Pack Vendor :Infineon AIROC-Wi-Fi-Bluetooth-STM32 1.6.1
2025-12-16 19:00:54,739 [INFO] ThirdParty:1030 - CMSIS Pack Vendor :wolfSSL I-CUBE-wolfSSH 1.4.17
2025-12-16 19:00:54,740 [INFO] ThirdParty:841 - exiting critical section [change project]
2025-12-16 19:00:55,177 [INFO] PinOutPanel:1589 - setPackage(No Configuration,No Configuration)
2025-12-16 19:00:55,178 [INFO] PinOutPanel:1589 - setPackage(STM32H743IITx,LQFP176)
2025-12-16 19:00:55,645 [INFO] UtilMem:75 - Before build in PCC Used Memory: 937007144 Bytes (1073741824)
2025-12-16 19:00:55,988 [INFO] UtilMem:75 - After build in PCC Used Memory: 998873128 Bytes (1073741824)
2025-12-16 19:00:56,015 [INFO] IPUIPlugin:80 - create IPUIPlugin
2025-12-16 19:00:56,016 [INFO] IPUIPlugin:80 - create IPUIPlugin
2025-12-16 19:00:56,016 [INFO] IPUIPlugin:80 - create IPUIPlugin
2025-12-16 19:00:56,016 [INFO] IPUIPlugin:80 - create IPUIPlugin
2025-12-16 19:00:56,016 [INFO] IPUIPlugin:80 - create IPUIPlugin
2025-12-16 19:00:56,016 [INFO] IPUIPlugin:80 - create IPUIPlugin
2025-12-16 19:00:56,016 [INFO] IPUIPlugin:80 - create IPUIPlugin
2025-12-16 19:00:56,017 [INFO] IPUIPlugin:80 - create IPUIPlugin
2025-12-16 19:00:56,017 [INFO] IPUIPlugin:80 - create IPUIPlugin
2025-12-16 19:00:56,017 [INFO] IPUIPlugin:80 - create IPUIPlugin
2025-12-16 19:00:56,017 [INFO] IPUIPlugin:80 - create IPUIPlugin
2025-12-16 19:00:56,017 [INFO] IPUIPlugin:80 - create IPUIPlugin
2025-12-16 19:00:56,017 [INFO] IPUIPlugin:80 - create IPUIPlugin
2025-12-16 19:00:56,017 [INFO] IPUIPlugin:80 - create IPUIPlugin
2025-12-16 19:00:56,017 [INFO] IPUIPlugin:80 - create IPUIPlugin
2025-12-16 19:00:56,017 [INFO] IPUIPlugin:80 - create IPUIPlugin
2025-12-16 19:00:56,017 [INFO] IPUIPlugin:80 - create IPUIPlugin
2025-12-16 19:00:56,017 [INFO] IPUIPlugin:80 - create IPUIPlugin
2025-12-16 19:00:56,017 [INFO] IPUIPlugin:80 - create IPUIPlugin
2025-12-16 19:00:56,017 [INFO] IPUIPlugin:80 - create IPUIPlugin
2025-12-16 19:00:56,017 [INFO] IPUIPlugin:80 - create IPUIPlugin
2025-12-16 19:00:56,018 [INFO] IPUIPlugin:80 - create IPUIPlugin
2025-12-16 19:00:56,018 [INFO] IPUIPlugin:80 - create IPUIPlugin
2025-12-16 19:00:56,018 [INFO] IPUIPlugin:80 - create IPUIPlugin
2025-12-16 19:00:56,018 [INFO] IPUIPlugin:80 - create IPUIPlugin
2025-12-16 19:00:56,018 [INFO] IPUIPlugin:80 - create IPUIPlugin
2025-12-16 19:00:56,018 [INFO] IPUIPlugin:80 - create IPUIPlugin
2025-12-16 19:00:56,018 [INFO] IPUIPlugin:80 - create IPUIPlugin
2025-12-16 19:00:56,018 [INFO] IPUIPlugin:80 - create IPUIPlugin
2025-12-16 19:00:56,018 [INFO] IPUIPlugin:80 - create IPUIPlugin
2025-12-16 19:00:56,018 [INFO] IPUIPlugin:80 - create IPUIPlugin
2025-12-16 19:00:56,019 [INFO] IPUIPlugin:80 - create IPUIPlugin
2025-12-16 19:00:56,019 [INFO] IPUIPlugin:80 - create IPUIPlugin
2025-12-16 19:00:56,026 [INFO] IPUIPlugin:80 - create IPUIPlugin
2025-12-16 19:00:56,026 [INFO] IPUIPlugin:80 - create IPUIPlugin
2025-12-16 19:00:56,026 [INFO] IPUIPlugin:80 - create IPUIPlugin
2025-12-16 19:00:56,027 [INFO] IPUIPlugin:80 - create IPUIPlugin
2025-12-16 19:00:56,027 [INFO] IPUIPlugin:80 - create IPUIPlugin
2025-12-16 19:00:56,027 [INFO] IPUIPlugin:80 - create IPUIPlugin
2025-12-16 19:00:56,027 [INFO] IPUIPlugin:80 - create IPUIPlugin
2025-12-16 19:00:56,027 [INFO] IPUIPlugin:80 - create IPUIPlugin
2025-12-16 19:00:56,027 [INFO] IPUIPlugin:80 - create IPUIPlugin
2025-12-16 19:00:56,028 [INFO] IPUIPlugin:80 - create IPUIPlugin
2025-12-16 19:00:56,028 [INFO] IPUIPlugin:80 - create IPUIPlugin
2025-12-16 19:00:56,028 [INFO] IPUIPlugin:80 - create IPUIPlugin
2025-12-16 19:00:56,028 [INFO] IPUIPlugin:80 - create IPUIPlugin
2025-12-16 19:00:56,028 [INFO] IPUIPlugin:80 - create IPUIPlugin
2025-12-16 19:00:56,028 [INFO] IPUIPlugin:80 - create IPUIPlugin
2025-12-16 19:00:56,028 [INFO] IPUIPlugin:80 - create IPUIPlugin
2025-12-16 19:00:56,029 [INFO] IPUIPlugin:80 - create IPUIPlugin
2025-12-16 19:00:56,029 [INFO] IPUIPlugin:80 - create IPUIPlugin
2025-12-16 19:00:56,029 [INFO] IPUIPlugin:80 - create IPUIPlugin
2025-12-16 19:00:56,029 [INFO] IPUIPlugin:80 - create IPUIPlugin
2025-12-16 19:00:56,029 [INFO] IPUIPlugin:80 - create IPUIPlugin
2025-12-16 19:00:56,029 [INFO] IPUIPlugin:80 - create IPUIPlugin
2025-12-16 19:00:56,030 [INFO] IPUIPlugin:80 - create IPUIPlugin
2025-12-16 19:00:56,030 [INFO] IPUIPlugin:80 - create IPUIPlugin
2025-12-16 19:00:56,030 [INFO] IPUIPlugin:80 - create IPUIPlugin
2025-12-16 19:00:56,030 [INFO] IPUIPlugin:80 - create IPUIPlugin
2025-12-16 19:00:56,030 [INFO] IPUIPlugin:80 - create IPUIPlugin
2025-12-16 19:00:56,030 [INFO] IPUIPlugin:80 - create IPUIPlugin
2025-12-16 19:00:56,031 [INFO] IPUIPlugin:80 - create IPUIPlugin
2025-12-16 19:00:56,031 [INFO] IPUIPlugin:80 - create IPUIPlugin
2025-12-16 19:00:56,031 [INFO] IPUIPlugin:80 - create IPUIPlugin
2025-12-16 19:00:56,031 [INFO] IPUIPlugin:80 - create IPUIPlugin
2025-12-16 19:00:56,031 [INFO] IPUIPlugin:80 - create IPUIPlugin
2025-12-16 19:00:56,032 [INFO] IPUIPlugin:80 - create IPUIPlugin
2025-12-16 19:00:56,032 [INFO] IPUIPlugin:80 - create IPUIPlugin
2025-12-16 19:00:56,032 [INFO] IPUIPlugin:80 - create IPUIPlugin
2025-12-16 19:00:56,032 [INFO] IPUIPlugin:80 - create IPUIPlugin
2025-12-16 19:00:56,033 [INFO] IPUIPlugin:80 - create IPUIPlugin
2025-12-16 19:00:56,033 [INFO] IPUIPlugin:80 - create IPUIPlugin
2025-12-16 19:00:56,033 [INFO] IPUIPlugin:80 - create IPUIPlugin
2025-12-16 19:00:56,033 [INFO] IPUIPlugin:80 - create IPUIPlugin
2025-12-16 19:00:56,033 [INFO] IPUIPlugin:80 - create IPUIPlugin
2025-12-16 19:00:56,033 [INFO] IPUIPlugin:80 - create IPUIPlugin
2025-12-16 19:00:56,034 [INFO] IPUIPlugin:80 - create IPUIPlugin
2025-12-16 19:00:56,034 [INFO] IPUIPlugin:80 - create IPUIPlugin
2025-12-16 19:00:56,034 [INFO] IPUIPlugin:80 - create IPUIPlugin
2025-12-16 19:00:56,034 [INFO] IPUIPlugin:80 - create IPUIPlugin
2025-12-16 19:00:56,035 [INFO] IPUIPlugin:80 - create IPUIPlugin
2025-12-16 19:00:56,035 [INFO] IPUIPlugin:80 - create IPUIPlugin
2025-12-16 19:00:56,035 [INFO] IPUIPlugin:80 - create IPUIPlugin
2025-12-16 19:00:56,036 [INFO] IPUIPlugin:80 - create IPUIPlugin
2025-12-16 19:00:56,036 [INFO] IPUIPlugin:80 - create IPUIPlugin
2025-12-16 19:00:56,036 [INFO] IPUIPlugin:80 - create IPUIPlugin
2025-12-16 19:00:56,036 [INFO] IPUIPlugin:80 - create IPUIPlugin
2025-12-16 19:00:56,036 [INFO] IPUIPlugin:80 - create IPUIPlugin
2025-12-16 19:00:56,037 [INFO] IPUIPlugin:80 - create IPUIPlugin
2025-12-16 19:00:56,037 [INFO] IPUIPlugin:80 - create IPUIPlugin
2025-12-16 19:00:56,037 [INFO] IPUIPlugin:80 - create IPUIPlugin
2025-12-16 19:00:56,038 [INFO] IPUIPlugin:80 - create IPUIPlugin
2025-12-16 19:00:56,038 [INFO] IPUIPlugin:80 - create IPUIPlugin
2025-12-16 19:00:56,038 [INFO] IPUIPlugin:80 - create IPUIPlugin
2025-12-16 19:00:56,038 [INFO] IPUIPlugin:80 - create IPUIPlugin
2025-12-16 19:00:56,039 [INFO] IPUIPlugin:80 - create IPUIPlugin
2025-12-16 19:00:56,039 [INFO] IPUIPlugin:80 - create IPUIPlugin
2025-12-16 19:00:56,039 [INFO] IPUIPlugin:80 - create IPUIPlugin
2025-12-16 19:00:56,044 [INFO] ApiDbMcu:508 - Load IP Config File for PDM2PCM
2025-12-16 19:00:56,045 [WARN] IP:2251 - ClockDivider not found: check if there is a RefParameter without a condition.
2025-12-16 19:00:56,045 [WARN] IP:2251 - ClockDividerCCU not found: check if there is a RefParameter without a condition.
2025-12-16 19:00:56,045 [WARN] IP:2251 - MinOscClkPeriodsCCU not found: check if there is a RefParameter without a condition.
2025-12-16 19:00:56,045 [WARN] IP:2251 - TimeQuantaPerBitTimeCCU not found: check if there is a RefParameter without a condition.
2025-12-16 19:00:56,045 [WARN] IP:2251 - WatchdogStartValueCCU not found: check if there is a RefParameter without a condition.
2025-12-16 19:00:56,050 [INFO] LogOutputStream:77 - [STDOUT_REDIRECT] Nominal 
2025-12-16 19:00:56,050 [INFO] Can:71 - Can Add PropertyChangeListener com.st.microxplorer.plugins.ip.can.Can@64027c55
2025-12-16 19:00:56,117 [INFO] CADModel:165 - CPN selected for project levelSTM32H743IIT6
2025-12-16 19:00:56,117 [INFO] CADModel:114 - Register for checkConnection events
2025-12-16 19:00:56,189 [INFO] OpenFileManager:363 - Restore cursor
2025-12-16 19:00:56,407 [WARN] IP:2251 - ClockDivider not found: check if there is a RefParameter without a condition.
2025-12-16 19:00:56,407 [WARN] IP:2251 - ClockDividerCCU not found: check if there is a RefParameter without a condition.
2025-12-16 19:00:56,408 [WARN] IP:2251 - MinOscClkPeriodsCCU not found: check if there is a RefParameter without a condition.
2025-12-16 19:00:56,408 [WARN] IP:2251 - TimeQuantaPerBitTimeCCU not found: check if there is a RefParameter without a condition.
2025-12-16 19:00:56,408 [WARN] IP:2251 - WatchdogStartValueCCU not found: check if there is a RefParameter without a condition.
2025-12-16 19:02:52,735 [WARN] IP:2251 - ClockDivider not found: check if there is a RefParameter without a condition.
2025-12-16 19:02:52,735 [WARN] IP:2251 - ClockDividerCCU not found: check if there is a RefParameter without a condition.
2025-12-16 19:02:52,735 [WARN] IP:2251 - MinOscClkPeriodsCCU not found: check if there is a RefParameter without a condition.
2025-12-16 19:02:52,735 [WARN] IP:2251 - TimeQuantaPerBitTimeCCU not found: check if there is a RefParameter without a condition.
2025-12-16 19:02:52,735 [WARN] IP:2251 - WatchdogStartValueCCU not found: check if there is a RefParameter without a condition.
2025-12-16 19:02:52,785 [INFO] NvicIntPanel:101 - NVIC parent = com.st.microxplorer.plugins.ip.nvic.MultiNvicIntPanel[,0,0,0x0,invalid,layout=javax.swing.BoxLayout,alignmentX=0.0,alignmentY=0.0,border=,flags=9,maximumSize=,minimumSize=,preferredSize=]
2025-12-16 19:03:13,524 [WARN] IP:2251 - ClockDivider not found: check if there is a RefParameter without a condition.
2025-12-16 19:03:13,524 [WARN] IP:2251 - ClockDividerCCU not found: check if there is a RefParameter without a condition.
2025-12-16 19:03:13,524 [WARN] IP:2251 - MinOscClkPeriodsCCU not found: check if there is a RefParameter without a condition.
2025-12-16 19:03:13,524 [WARN] IP:2251 - TimeQuantaPerBitTimeCCU not found: check if there is a RefParameter without a condition.
2025-12-16 19:03:13,524 [WARN] IP:2251 - WatchdogStartValueCCU not found: check if there is a RefParameter without a condition.
2025-12-16 19:03:13,560 [INFO] NvicIntPanel:101 - NVIC parent = com.st.microxplorer.plugins.ip.nvic.MultiNvicIntPanel[,0,0,0x0,invalid,layout=javax.swing.BoxLayout,alignmentX=0.0,alignmentY=0.0,border=,flags=9,maximumSize=,minimumSize=,preferredSize=]
2025-12-16 19:03:44,329 [WARN] IP:2251 - ClockDivider not found: check if there is a RefParameter without a condition.
2025-12-16 19:03:44,329 [WARN] IP:2251 - ClockDividerCCU not found: check if there is a RefParameter without a condition.
2025-12-16 19:03:44,329 [WARN] IP:2251 - MinOscClkPeriodsCCU not found: check if there is a RefParameter without a condition.
2025-12-16 19:03:44,329 [WARN] IP:2251 - TimeQuantaPerBitTimeCCU not found: check if there is a RefParameter without a condition.
2025-12-16 19:03:44,329 [WARN] IP:2251 - WatchdogStartValueCCU not found: check if there is a RefParameter without a condition.
2025-12-16 19:03:44,375 [INFO] NvicIntPanel:101 - NVIC parent = com.st.microxplorer.plugins.ip.nvic.MultiNvicIntPanel[,0,0,0x0,invalid,layout=javax.swing.BoxLayout,alignmentX=0.0,alignmentY=0.0,border=,flags=9,maximumSize=,minimumSize=,preferredSize=]
2025-12-16 19:06:28,958 [INFO] UtilMem:75 - End SaveConfig() Used Memory: 958219744 Bytes (1073741824)
2025-12-16 19:06:29,186 [INFO] LogOutputStream:77 - [STDOUT_REDIRECT] This download action requires prior login. To proceed, please use the 'login' command with your my.st.com account email and password.
2025-12-16 19:06:29,187 [INFO] LogOutputStream:77 - [STDOUT_REDIRECT] Run 'login <email> <password> <remember_me>' for example 'login john.smith@st.com mypassword y'.
2025-12-16 19:06:29,188 [INFO] LogOutputStream:77 - [STDOUT_REDIRECT] If you do not have a my.st.com account, please visit https://st.com website to create one.
2025-12-16 19:06:47,734 [INFO] LogOutputStream:77 - [STDOUT_REDIRECT] This download action requires prior login. To proceed, please use the 'login' command with your my.st.com account email and password.
2025-12-16 19:06:47,735 [INFO] LogOutputStream:77 - [STDOUT_REDIRECT] Run 'login <email> <password> <remember_me>' for example 'login john.smith@st.com mypassword y'.
2025-12-16 19:06:47,736 [INFO] LogOutputStream:77 - [STDOUT_REDIRECT] If you do not have a my.st.com account, please visit https://st.com website to create one.
2025-12-16 19:10:45,205 [WARN] IP:2251 - ClockDivider not found: check if there is a RefParameter without a condition.
2025-12-16 19:10:45,205 [WARN] IP:2251 - ClockDividerCCU not found: check if there is a RefParameter without a condition.
2025-12-16 19:10:45,205 [WARN] IP:2251 - MinOscClkPeriodsCCU not found: check if there is a RefParameter without a condition.
2025-12-16 19:10:45,206 [WARN] IP:2251 - TimeQuantaPerBitTimeCCU not found: check if there is a RefParameter without a condition.
2025-12-16 19:10:45,206 [WARN] IP:2251 - WatchdogStartValueCCU not found: check if there is a RefParameter without a condition.
2025-12-16 19:10:45,256 [WARN] IP:2251 - ClockDivider not found: check if there is a RefParameter without a condition.
2025-12-16 19:10:45,256 [WARN] IP:2251 - ClockDividerCCU not found: check if there is a RefParameter without a condition.
2025-12-16 19:10:45,256 [WARN] IP:2251 - MinOscClkPeriodsCCU not found: check if there is a RefParameter without a condition.
2025-12-16 19:10:45,256 [WARN] IP:2251 - TimeQuantaPerBitTimeCCU not found: check if there is a RefParameter without a condition.
2025-12-16 19:10:45,256 [WARN] IP:2251 - WatchdogStartValueCCU not found: check if there is a RefParameter without a condition.
2025-12-16 19:10:45,306 [INFO] NvicIntPanel:101 - NVIC parent = com.st.microxplorer.plugins.ip.nvic.MultiNvicIntPanel[,0,0,0x0,invalid,layout=javax.swing.BoxLayout,alignmentX=0.0,alignmentY=0.0,border=,flags=9,maximumSize=,minimumSize=,preferredSize=]
2025-12-16 19:10:47,529 [WARN] IP:2251 - ClockDivider not found: check if there is a RefParameter without a condition.
2025-12-16 19:10:47,562 [INFO] NvicIntPanel:101 - NVIC parent = com.st.microxplorer.plugins.ip.nvic.MultiNvicIntPanel[,0,0,0x0,invalid,layout=javax.swing.BoxLayout,alignmentX=0.0,alignmentY=0.0,border=,flags=9,maximumSize=,minimumSize=,preferredSize=]
2025-12-16 19:10:51,773 [WARN] IP:2251 - ClockDivider not found: check if there is a RefParameter without a condition.
2025-12-16 19:10:51,773 [WARN] IP:2251 - ClockDividerCCU not found: check if there is a RefParameter without a condition.
2025-12-16 19:10:51,773 [WARN] IP:2251 - MinOscClkPeriodsCCU not found: check if there is a RefParameter without a condition.
2025-12-16 19:10:51,773 [WARN] IP:2251 - TimeQuantaPerBitTimeCCU not found: check if there is a RefParameter without a condition.
2025-12-16 19:10:51,773 [WARN] IP:2251 - WatchdogStartValueCCU not found: check if there is a RefParameter without a condition.
2025-12-16 19:10:51,806 [INFO] NvicIntPanel:101 - NVIC parent = com.st.microxplorer.plugins.ip.nvic.MultiNvicIntPanel[,0,0,0x0,invalid,layout=javax.swing.BoxLayout,alignmentX=0.0,alignmentY=0.0,border=,flags=9,maximumSize=,minimumSize=,preferredSize=]
2025-12-16 19:12:02,605 [INFO] UtilMem:75 - End SaveConfig() Used Memory: 951155824 Bytes (1073741824)
2025-12-16 19:12:05,097 [INFO] LogOutputStream:77 - [STDOUT_REDIRECT] This download action requires prior login. To proceed, please use the 'login' command with your my.st.com account email and password.
2025-12-16 19:12:05,098 [INFO] LogOutputStream:77 - [STDOUT_REDIRECT] Run 'login <email> <password> <remember_me>' for example 'login john.smith@st.com mypassword y'.
2025-12-16 19:12:05,098 [INFO] LogOutputStream:77 - [STDOUT_REDIRECT] If you do not have a my.st.com account, please visit https://st.com website to create one.
2025-12-16 19:19:54,469 [INFO] LogOutputStream:77 - [STDOUT_REDIRECT] This download action requires prior login. To proceed, please use the 'login' command with your my.st.com account email and password.
2025-12-16 19:19:54,471 [INFO] LogOutputStream:77 - [STDOUT_REDIRECT] Run 'login <email> <password> <remember_me>' for example 'login john.smith@st.com mypassword y'.
2025-12-16 19:19:54,473 [INFO] LogOutputStream:77 - [STDOUT_REDIRECT] If you do not have a my.st.com account, please visit https://st.com website to create one.
2025-12-16 19:20:52,268 [WARN] IP:2251 - ClockDivider not found: check if there is a RefParameter without a condition.
2025-12-16 19:20:52,268 [WARN] IP:2251 - ClockDividerCCU not found: check if there is a RefParameter without a condition.
2025-12-16 19:20:52,268 [WARN] IP:2251 - MinOscClkPeriodsCCU not found: check if there is a RefParameter without a condition.
2025-12-16 19:20:52,269 [WARN] IP:2251 - TimeQuantaPerBitTimeCCU not found: check if there is a RefParameter without a condition.
2025-12-16 19:20:52,269 [WARN] IP:2251 - WatchdogStartValueCCU not found: check if there is a RefParameter without a condition.
2025-12-16 19:20:52,433 [WARN] IP:2251 - ClockDivider not found: check if there is a RefParameter without a condition.
2025-12-16 19:20:52,433 [WARN] IP:2251 - ClockDividerCCU not found: check if there is a RefParameter without a condition.
2025-12-16 19:20:52,433 [WARN] IP:2251 - MinOscClkPeriodsCCU not found: check if there is a RefParameter without a condition.
2025-12-16 19:20:52,433 [WARN] IP:2251 - TimeQuantaPerBitTimeCCU not found: check if there is a RefParameter without a condition.
2025-12-16 19:20:52,433 [WARN] IP:2251 - WatchdogStartValueCCU not found: check if there is a RefParameter without a condition.
2025-12-16 19:20:52,538 [INFO] NvicIntPanel:101 - NVIC parent = com.st.microxplorer.plugins.ip.nvic.MultiNvicIntPanel[,0,0,0x0,invalid,layout=javax.swing.BoxLayout,alignmentX=0.0,alignmentY=0.0,border=,flags=9,maximumSize=,minimumSize=,preferredSize=]
2025-12-16 19:21:14,974 [WARN] IP:2251 - ClockDivider not found: check if there is a RefParameter without a condition.
2025-12-16 19:21:14,974 [WARN] IP:2251 - ClockDividerCCU not found: check if there is a RefParameter without a condition.
2025-12-16 19:21:14,975 [WARN] IP:2251 - MinOscClkPeriodsCCU not found: check if there is a RefParameter without a condition.
2025-12-16 19:21:14,975 [WARN] IP:2251 - TimeQuantaPerBitTimeCCU not found: check if there is a RefParameter without a condition.
2025-12-16 19:21:14,975 [WARN] IP:2251 - WatchdogStartValueCCU not found: check if there is a RefParameter without a condition.
2025-12-16 19:21:15,033 [INFO] NvicIntPanel:101 - NVIC parent = com.st.microxplorer.plugins.ip.nvic.MultiNvicIntPanel[,0,0,0x0,invalid,layout=javax.swing.BoxLayout,alignmentX=0.0,alignmentY=0.0,border=,flags=9,maximumSize=,minimumSize=,preferredSize=]
2025-12-16 19:22:08,106 [INFO] UtilMem:75 - End SaveConfig() Used Memory: 853997840 Bytes (1073741824)
2025-12-16 19:22:09,794 [INFO] LogOutputStream:77 - [STDOUT_REDIRECT] This download action requires prior login. To proceed, please use the 'login' command with your my.st.com account email and password.
2025-12-16 19:22:09,795 [INFO] LogOutputStream:77 - [STDOUT_REDIRECT] Run 'login <email> <password> <remember_me>' for example 'login john.smith@st.com mypassword y'.
2025-12-16 19:22:09,796 [INFO] LogOutputStream:77 - [STDOUT_REDIRECT] If you do not have a my.st.com account, please visit https://st.com website to create one.
2025-12-16 19:23:11,320 [ERROR] LogOutputStream:75 - [STDERR_REDIRECT] 
2025-12-16 20:30:35,898 [INFO] Activator:176 - 


2025-12-16 20:30:35,899 [INFO] Activator:177 - !SESSION log4j initialized
2025-12-16 20:30:41,036 [INFO] LogOutputStream:77 - [STDOUT_REDIRECT] 
2025-12-16 20:30:43,511 [INFO] ApplicationProperties:184 - Using Application install path: C:\ST\STM32CubeIDE_1.17.0\STM32CubeIDE\plugins\com.st.stm32cube.common.mx_6.13.0.202411220809
2025-12-16 20:30:43,527 [INFO] DbMcusXml:78 - Set database path to: C:\ST\STM32CubeIDE_1.17.0\STM32CubeIDE\plugins\com.st.stm32cube.common.mx_6.13.0.202411220809\\db\/mcu/
2025-12-16 20:30:43,527 [INFO] ApiDb:274 - Set plugin database path to: C:\ST\STM32CubeIDE_1.17.0\STM32CubeIDE\plugins\com.st.stm32cube.common.mx_6.13.0.202411220809\\db\/plugins/boardmanager/
2025-12-16 20:30:43,527 [WARN] ApiDb:259 - Overriding images path with different value:  => C:\ST\STM32CubeIDE_1.17.0\STM32CubeIDE\plugins\com.st.stm32cube.common.mx_6.13.0.202411220809\\db\/plugins/mcufinder/images/
2025-12-16 20:30:43,532 [INFO] ApiDb:250 - Set database path to: C:\Users\kamil\.stmcufinder\plugins\mcufinder//mcu/
2025-12-16 20:30:43,533 [INFO] DbMcusAds:125 - Set database path to: C:\Users\kamil\.stmcufinder\plugins\mcufinder//mcu/
2025-12-16 20:30:43,535 [INFO] CrossReferenceDbSqlite:203 - Set database path to: C:\Users\kamil\.stmcufinder\plugins\mcufinder//mcu/cs/
2025-12-16 20:30:43,628 [INFO] RulesReader:64 - Compatibility file has been processed (297 Rules)
2025-12-16 20:30:43,683 [INFO] DbMcusXml:78 - Set database path to: C:\ST\STM32CubeIDE_1.17.0\STM32CubeIDE\plugins\com.st.stm32cube.common.mx_6.13.0.202411220809\\db\/mcu/
2025-12-16 20:30:43,683 [INFO] ApiDb:274 - Set plugin database path to: C:\ST\STM32CubeIDE_1.17.0\STM32CubeIDE\plugins\com.st.stm32cube.common.mx_6.13.0.202411220809\\db\/plugins/boardmanager/
2025-12-16 20:30:43,683 [INFO] ApiDb:261 - Set plugin images path to: C:\ST\STM32CubeIDE_1.17.0\STM32CubeIDE\plugins\com.st.stm32cube.common.mx_6.13.0.202411220809\\db\/plugins/mcufinder/images/
2025-12-16 20:30:43,683 [WARN] DbFile:41 - Overriding database path with different value: C:\Users\kamil\.stmcufinder\plugins\mcufinder/ => C:\Users\kamil\.stmcufinder\plugins\mcufinder
2025-12-16 20:30:43,683 [INFO] ApiDb:250 - Set database path to: C:\Users\kamil\.stmcufinder\plugins\mcufinder//mcu/
2025-12-16 20:30:43,684 [WARN] DbFile:41 - Overriding database path with different value: C:\Users\kamil\.stmcufinder\plugins\mcufinder/ => C:\Users\kamil\.stmcufinder\plugins\mcufinder
2025-12-16 20:30:43,684 [INFO] DbMcusAds:125 - Set database path to: C:\Users\kamil\.stmcufinder\plugins\mcufinder//mcu/
2025-12-16 20:30:43,684 [WARN] DbFile:41 - Overriding database path with different value: C:\Users\kamil\.stmcufinder\plugins\mcufinder/ => C:\Users\kamil\.stmcufinder\plugins\mcufinder
2025-12-16 20:30:43,684 [WARN] DbFile:41 - Overriding database path with different value: C:\Users\kamil\.stmcufinder\plugins\mcufinder/ => C:\Users\kamil\.stmcufinder\plugins\mcufinder
2025-12-16 20:30:43,684 [INFO] CrossReferenceDbSqlite:203 - Set database path to: C:\Users\kamil\.stmcufinder\plugins\mcufinder//mcu/cs/
2025-12-16 20:30:43,734 [INFO] MainPanel:272 - HeapMemory: 268435456
2025-12-16 20:30:43,794 [INFO] DbMcusXml:78 - Set database path to: C:\ST\STM32CubeIDE_1.17.0\STM32CubeIDE\plugins\com.st.stm32cube.common.mx_6.13.0.202411220809\\db\/mcu/
2025-12-16 20:30:43,795 [INFO] ApiDb:274 - Set plugin database path to: C:\ST\STM32CubeIDE_1.17.0\STM32CubeIDE\plugins\com.st.stm32cube.common.mx_6.13.0.202411220809\\db\/plugins/boardmanager/
2025-12-16 20:30:43,795 [INFO] ApiDb:261 - Set plugin images path to: C:\ST\STM32CubeIDE_1.17.0\STM32CubeIDE\plugins\com.st.stm32cube.common.mx_6.13.0.202411220809\\db\/plugins/mcufinder/images/
2025-12-16 20:30:43,795 [WARN] DbFile:41 - Overriding database path with different value: C:\Users\kamil\.stmcufinder\plugins\mcufinder/ => C:\Users\kamil\.stmcufinder\plugins\mcufinder
2025-12-16 20:30:43,795 [INFO] ApiDb:250 - Set database path to: C:\Users\kamil\.stmcufinder\plugins\mcufinder//mcu/
2025-12-16 20:30:43,795 [WARN] DbFile:41 - Overriding database path with different value: C:\Users\kamil\.stmcufinder\plugins\mcufinder/ => C:\Users\kamil\.stmcufinder\plugins\mcufinder
2025-12-16 20:30:43,795 [INFO] DbMcusAds:125 - Set database path to: C:\Users\kamil\.stmcufinder\plugins\mcufinder//mcu/
2025-12-16 20:30:43,795 [WARN] DbFile:41 - Overriding database path with different value: C:\Users\kamil\.stmcufinder\plugins\mcufinder/ => C:\Users\kamil\.stmcufinder\plugins\mcufinder
2025-12-16 20:30:43,795 [WARN] DbFile:41 - Overriding database path with different value: C:\Users\kamil\.stmcufinder\plugins\mcufinder/ => C:\Users\kamil\.stmcufinder\plugins\mcufinder
2025-12-16 20:30:43,795 [INFO] CrossReferenceDbSqlite:203 - Set database path to: C:\Users\kamil\.stmcufinder\plugins\mcufinder//mcu/cs/
2025-12-16 20:30:43,808 [INFO] ApplicationProperties:184 - Using Application install path: C:\ST\STM32CubeIDE_1.17.0\STM32CubeIDE\plugins\com.st.stm32cube.common.mx_6.13.0.202411220809
2025-12-16 20:30:43,809 [INFO] PluginManage:196 - Search for loadable plugins [exclusion list=, ]
2025-12-16 20:30:43,810 [INFO] PluginManage:310 - Check plugin analytics
2025-12-16 20:30:43,963 [INFO] AnalyticsPlugin:253 - Accepted Software Licenses: 
2025-12-16 20:30:43,964 [INFO] AnalyticsPlugin:255 - Accepted CMSIS Pack Licenses: 
2025-12-16 20:30:43,964 [INFO] AnalyticsPlugin:257 - Accepted Firmware Licenses: FW.F7.1.17.0
2025-12-16 20:30:43,967 [INFO] PluginManage:359 - Loaded plugin analytics (category:tool,tabindex:-1)
2025-12-16 20:30:43,967 [INFO] PluginManage:310 - Check plugin cadmodel
2025-12-16 20:30:43,983 [INFO] CADModel:105 - Init CAD model plugin
2025-12-16 20:30:43,984 [INFO] PluginManage:359 - Loaded plugin cadmodel (category:power,tabindex:5)
2025-12-16 20:30:43,984 [INFO] PluginManage:310 - Check plugin clock
2025-12-16 20:30:44,003 [INFO] PluginManage:359 - Loaded plugin clock (category:base,tabindex:2)
2025-12-16 20:30:44,004 [INFO] PluginManage:310 - Check plugin ddr
2025-12-16 20:30:44,005 [INFO] PluginManage:359 - Loaded plugin ddr (category:tool,tabindex:6)
2025-12-16 20:30:44,005 [INFO] PluginManage:310 - Check plugin filemanager
2025-12-16 20:30:44,134 [INFO] PluginManage:359 - Loaded plugin filemanager (category:base,tabindex:10)
2025-12-16 20:30:44,134 [INFO] PluginManage:310 - Check plugin ipmanager
2025-12-16 20:30:44,139 [INFO] PluginManage:359 - Loaded plugin ipmanager (category:base,tabindex:5)
2025-12-16 20:30:44,139 [INFO] PluginManage:310 - Check plugin lpbam
2025-12-16 20:30:44,158 [INFO] PluginManage:359 - Loaded plugin lpbam (category:base,tabindex:0)
2025-12-16 20:30:44,158 [INFO] PluginManage:310 - Check plugin memorymap
2025-12-16 20:30:44,178 [INFO] PluginManage:359 - Loaded plugin memorymap (category:base,tabindex:4)
2025-12-16 20:30:44,178 [INFO] PluginManage:310 - Check plugin pinoutandconfiguration
2025-12-16 20:30:44,197 [INFO] PluginManage:359 - Loaded plugin pinoutandconfiguration (category:base,tabindex:1)
2025-12-16 20:30:44,197 [INFO] PluginManage:310 - Check plugin pinoutconfig
2025-12-16 20:30:44,276 [WARN] SupportedApi:132 - Cannot load RTOS API schema: s4s-elt-must-match.1: The content of 'definitions' must match (annotation?, (simpleType | complexType)?, (unique | key | keyref)*)). A problem was found starting at: attribute.
2025-12-16 20:30:44,380 [INFO] PluginManage:359 - Loaded plugin pinoutconfig (category:base,tabindex:0)
2025-12-16 20:30:44,381 [INFO] PluginManage:310 - Check plugin power
2025-12-16 20:30:44,407 [INFO] PluginManage:359 - Loaded plugin power (category:power,tabindex:4)
2025-12-16 20:30:44,407 [INFO] PluginManage:310 - Check plugin projectmanager
2025-12-16 20:30:44,422 [INFO] PluginManage:359 - Loaded plugin projectmanager (category:projectmanager,tabindex:4)
2025-12-16 20:30:44,423 [INFO] PluginManage:310 - Check plugin rif
2025-12-16 20:30:44,442 [INFO] PluginManage:359 - Loaded plugin rif (category:base,tabindex:3)
2025-12-16 20:30:44,443 [INFO] PluginManage:310 - Check plugin thirdparty
2025-12-16 20:30:44,642 [INFO] PluginManage:359 - Loaded plugin thirdparty (category:base,tabindex:-1)
2025-12-16 20:30:44,642 [INFO] PluginManage:310 - Check plugin tools
2025-12-16 20:30:44,642 [WARN] IntegrityCheckThread:84 - waiting for thirdparty lock release [integrity check]
2025-12-16 20:30:44,642 [INFO] IntegrityCheckThread:86 - entering critical section [integrity check]
2025-12-16 20:30:44,642 [INFO] ThirdPartyUpdaterWithRetryManager:70 - Updater plugin not ready yet. [1/15]
2025-12-16 20:30:44,684 [INFO] PluginManage:359 - Loaded plugin tools (category:base,tabindex:7)
2025-12-16 20:30:44,684 [INFO] PluginManage:310 - Check plugin tutovideos
2025-12-16 20:30:44,831 [INFO] PluginManage:359 - Loaded plugin tutovideos (category:base,tabindex:-1)
2025-12-16 20:30:44,831 [INFO] PluginManage:310 - Check plugin updater
2025-12-16 20:30:44,848 [INFO] PluginManage:359 - Loaded plugin updater (category:base,tabindex:12)
2025-12-16 20:30:44,848 [INFO] PluginManage:310 - Check plugin userauth
2025-12-16 20:30:44,851 [INFO] UserAuth:118 - Init User Auth plugin
2025-12-16 20:30:44,852 [INFO] PluginManage:359 - Loaded plugin userauth (category:base,tabindex:14)
2025-12-16 20:30:44,854 [INFO] PluginManage:283 - PluginManage : Loaded plugins [18]
2025-12-16 20:30:45,011 [INFO] PinOutPanel:1589 - setPackage(No Configuration,No Configuration)
2025-12-16 20:30:45,075 [INFO] CADModel:165 - CPN selected for project level
2025-12-16 20:30:45,075 [INFO] CADModel:114 - Register for checkConnection events
2025-12-16 20:30:45,103 [INFO] IPUIPlugin:80 - create IPUIPlugin
2025-12-16 20:30:45,104 [INFO] PluginManager:220 - loadIPPluginJar : add adc
2025-12-16 20:30:45,152 [INFO] IPUIPlugin:80 - create IPUIPlugin
2025-12-16 20:30:45,152 [INFO] PluginManager:220 - loadIPPluginJar : add aes
2025-12-16 20:30:45,201 [INFO] IPUIPlugin:80 - create IPUIPlugin
2025-12-16 20:30:45,202 [INFO] PluginManager:220 - loadIPPluginJar : add can
2025-12-16 20:30:45,204 [INFO] IPUIPlugin:80 - create IPUIPlugin
2025-12-16 20:30:45,204 [INFO] PluginManager:220 - loadIPPluginJar : add comp
2025-12-16 20:30:45,242 [INFO] IPUIPlugin:80 - create IPUIPlugin
2025-12-16 20:30:45,243 [INFO] PluginManager:220 - loadIPPluginJar : add cryp
2025-12-16 20:30:45,257 [INFO] IPUIPlugin:80 - create IPUIPlugin
2025-12-16 20:30:45,258 [INFO] PluginManager:220 - loadIPPluginJar : add ddr_ctrl_phy
2025-12-16 20:30:45,260 [INFO] IPUIPlugin:80 - create IPUIPlugin
2025-12-16 20:30:45,260 [INFO] PluginManager:220 - loadIPPluginJar : add dfsdm
2025-12-16 20:30:45,277 [INFO] IPUIPlugin:80 - create IPUIPlugin
2025-12-16 20:30:45,277 [INFO] PluginManager:220 - loadIPPluginJar : add dma
2025-12-16 20:30:45,321 [INFO] IPUIPlugin:80 - create IPUIPlugin
2025-12-16 20:30:45,321 [INFO] PluginManager:220 - loadIPPluginJar : add dma3
2025-12-16 20:30:45,371 [INFO] IPUIPlugin:80 - create IPUIPlugin
2025-12-16 20:30:45,371 [INFO] PluginManager:220 - loadIPPluginJar : add extmemmanager
2025-12-16 20:30:45,401 [INFO] IPUIPlugin:80 - create IPUIPlugin
2025-12-16 20:30:45,401 [INFO] PluginManager:220 - loadIPPluginJar : add fatfs
2025-12-16 20:30:45,455 [INFO] IPUIPlugin:80 - create IPUIPlugin
2025-12-16 20:30:45,455 [INFO] PluginManager:220 - loadIPPluginJar : add fmc
2025-12-16 20:30:45,472 [INFO] IPUIPlugin:80 - create IPUIPlugin
2025-12-16 20:30:45,472 [INFO] PluginManager:220 - loadIPPluginJar : add freertos
2025-12-16 20:30:45,475 [INFO] IPUIPlugin:80 - create IPUIPlugin
2025-12-16 20:30:45,475 [INFO] PluginManager:220 - loadIPPluginJar : add genericplugin
2025-12-16 20:30:45,585 [INFO] IPUIPlugin:80 - create IPUIPlugin
2025-12-16 20:30:45,585 [INFO] PluginManager:220 - loadIPPluginJar : add gfxmmu
2025-12-16 20:30:45,732 [INFO] IPUIPlugin:80 - create IPUIPlugin
2025-12-16 20:30:45,732 [INFO] PluginManager:220 - loadIPPluginJar : add gic
2025-12-16 20:30:45,745 [INFO] IPUIPlugin:80 - create IPUIPlugin
2025-12-16 20:30:45,746 [INFO] PluginManager:220 - loadIPPluginJar : add gpio
2025-12-16 20:30:45,846 [INFO] IPUIPlugin:80 - create IPUIPlugin
2025-12-16 20:30:45,847 [INFO] PluginManager:220 - loadIPPluginJar : add gtzc
2025-12-16 20:30:45,849 [INFO] IPUIPlugin:80 - create IPUIPlugin
2025-12-16 20:30:45,849 [INFO] PluginManager:220 - loadIPPluginJar : add hash
2025-12-16 20:30:45,912 [INFO] IPUIPlugin:80 - create IPUIPlugin
2025-12-16 20:30:45,912 [INFO] PluginManager:220 - loadIPPluginJar : add i2c
2025-12-16 20:30:45,957 [INFO] IPUIPlugin:80 - create IPUIPlugin
2025-12-16 20:30:45,957 [INFO] PluginManager:220 - loadIPPluginJar : add i2s
2025-12-16 20:30:46,008 [INFO] IPUIPlugin:80 - create IPUIPlugin
2025-12-16 20:30:46,008 [INFO] PluginManager:220 - loadIPPluginJar : add i3c
2025-12-16 20:30:46,111 [INFO] IPUIPlugin:80 - create IPUIPlugin
2025-12-16 20:30:46,111 [INFO] PluginManager:220 - loadIPPluginJar : add ipddr
2025-12-16 20:30:46,216 [INFO] IPUIPlugin:80 - create IPUIPlugin
2025-12-16 20:30:46,216 [INFO] PluginManager:220 - loadIPPluginJar : add linkedlist
2025-12-16 20:30:46,257 [INFO] IPUIPlugin:80 - create IPUIPlugin
2025-12-16 20:30:46,257 [INFO] PluginManager:220 - loadIPPluginJar : add lorawan
2025-12-16 20:30:46,299 [INFO] IPUIPlugin:80 - create IPUIPlugin
2025-12-16 20:30:46,299 [INFO] PluginManager:220 - loadIPPluginJar : add ltdc
2025-12-16 20:30:46,314 [INFO] IPUIPlugin:80 - create IPUIPlugin
2025-12-16 20:30:46,314 [INFO] PluginManager:220 - loadIPPluginJar : add mdma
2025-12-16 20:30:46,330 [INFO] IPUIPlugin:80 - create IPUIPlugin
2025-12-16 20:30:46,330 [INFO] PluginManager:220 - loadIPPluginJar : add nvic
2025-12-16 20:30:46,374 [INFO] IPUIPlugin:80 - create IPUIPlugin
2025-12-16 20:30:46,374 [INFO] PluginManager:220 - loadIPPluginJar : add opamp
2025-12-16 20:30:46,447 [INFO] IPUIPlugin:80 - create IPUIPlugin
2025-12-16 20:30:46,447 [INFO] PluginManager:220 - loadIPPluginJar : add openamp
2025-12-16 20:30:46,500 [INFO] IPUIPlugin:80 - create IPUIPlugin
2025-12-16 20:30:46,500 [INFO] PluginManager:220 - loadIPPluginJar : add pdm2pcm
2025-12-16 20:30:46,515 [INFO] IPUIPlugin:80 - create IPUIPlugin
2025-12-16 20:30:46,518 [INFO] PluginManager:220 - loadIPPluginJar : add plateformsettings
2025-12-16 20:30:46,548 [INFO] IPUIPlugin:80 - create IPUIPlugin
2025-12-16 20:30:46,548 [INFO] PluginManager:220 - loadIPPluginJar : add quadspi
2025-12-16 20:30:46,584 [INFO] IPUIPlugin:80 - create IPUIPlugin
2025-12-16 20:30:46,585 [INFO] PluginManager:220 - loadIPPluginJar : add radio
2025-12-16 20:30:46,627 [INFO] IPUIPlugin:80 - create IPUIPlugin
2025-12-16 20:30:46,627 [INFO] PluginManager:220 - loadIPPluginJar : add resmgrutility
2025-12-16 20:30:46,681 [INFO] IPUIPlugin:80 - create IPUIPlugin
2025-12-16 20:30:46,681 [INFO] PluginManager:220 - loadIPPluginJar : add sai
2025-12-16 20:30:46,725 [INFO] IPUIPlugin:80 - create IPUIPlugin
2025-12-16 20:30:46,725 [INFO] PluginManager:220 - loadIPPluginJar : add spi
2025-12-16 20:30:46,798 [INFO] IPUIPlugin:80 - create IPUIPlugin
2025-12-16 20:30:46,798 [INFO] PluginManager:220 - loadIPPluginJar : add stm32_wpan
2025-12-16 20:30:46,827 [INFO] IPUIPlugin:80 - create IPUIPlugin
2025-12-16 20:30:46,827 [INFO] PluginManager:220 - loadIPPluginJar : add tim
2025-12-16 20:30:46,893 [INFO] IPUIPlugin:80 - create IPUIPlugin
2025-12-16 20:30:46,893 [INFO] PluginManager:220 - loadIPPluginJar : add touchsensing
2025-12-16 20:30:46,922 [INFO] IPUIPlugin:80 - create IPUIPlugin
2025-12-16 20:30:46,922 [INFO] PluginManager:220 - loadIPPluginJar : add tracer_emb
2025-12-16 20:30:46,951 [INFO] IPUIPlugin:80 - create IPUIPlugin
2025-12-16 20:30:46,951 [INFO] PluginManager:220 - loadIPPluginJar : add ts
2025-12-16 20:30:46,979 [INFO] IPUIPlugin:80 - create IPUIPlugin
2025-12-16 20:30:46,979 [INFO] PluginManager:220 - loadIPPluginJar : add tsc
2025-12-16 20:30:47,007 [INFO] IPUIPlugin:80 - create IPUIPlugin
2025-12-16 20:30:47,007 [INFO] PluginManager:220 - loadIPPluginJar : add ucpd
2025-12-16 20:30:47,060 [INFO] IPUIPlugin:80 - create IPUIPlugin
2025-12-16 20:30:47,060 [INFO] PluginManager:220 - loadIPPluginJar : add usart
2025-12-16 20:30:47,114 [INFO] IPUIPlugin:80 - create IPUIPlugin
2025-12-16 20:30:47,114 [INFO] PluginManager:220 - loadIPPluginJar : add usbx
2025-12-16 20:30:47,224 [FATAL] Updater:351 - Updater called before beeing initialized
2025-12-16 20:30:47,243 [INFO] RulesReader:64 - Compatibility file has been processed (297 Rules)
2025-12-16 20:30:47,253 [INFO] RulesReader:64 - Compatibility file has been processed (297 Rules)
2025-12-16 20:30:47,261 [INFO] CADModel:165 - CPN selected for project level
2025-12-16 20:30:47,261 [INFO] CADModel:114 - Register for checkConnection events
2025-12-16 20:30:47,261 [FATAL] Updater:351 - Updater called before beeing initialized
2025-12-16 20:30:47,261 [ERROR] CADModel:125 - Updater not yet initialized, retry later 
2025-12-16 20:30:47,378 [FATAL] Updater:351 - Updater called before beeing initialized
2025-12-16 20:30:47,379 [INFO] CADModel:165 - CPN selected for project level
2025-12-16 20:30:47,379 [INFO] CADModel:114 - Register for checkConnection events
2025-12-16 20:30:47,379 [FATAL] Updater:351 - Updater called before beeing initialized
2025-12-16 20:30:47,379 [ERROR] CADModel:125 - Updater not yet initialized, retry later 
2025-12-16 20:30:47,382 [FATAL] Updater:351 - Updater called before beeing initialized
2025-12-16 20:30:47,467 [FATAL] Updater:351 - Updater called before beeing initialized
2025-12-16 20:30:47,478 [INFO] DbMcusAds:53 - JSON generation date=Thu Oct 02 11:36:05 CEST 2025 (1759397765645)
2025-12-16 20:30:47,479 [FATAL] Updater:351 - Updater called before beeing initialized
2025-12-16 20:30:47,501 [WARN] DetailPanel:346 - Failed to get advertising image, set to default
2025-12-16 20:30:47,652 [INFO] ThirdPartyUpdaterWithRetryManager:70 - Updater plugin not ready yet. [2/15]
2025-12-16 20:30:47,693 [FATAL] Updater:351 - Updater called before beeing initialized
2025-12-16 20:30:47,694 [FATAL] Updater:351 - Updater called before beeing initialized
2025-12-16 20:30:47,695 [FATAL] Updater:351 - Updater called before beeing initialized
2025-12-16 20:30:47,695 [WARN] DetailPanel:346 - Failed to get advertising image, set to default
2025-12-16 20:30:47,695 [FATAL] Updater:351 - Updater called before beeing initialized
2025-12-16 20:30:47,750 [ERROR] Updater:1198 - MainUpdater not yet initialized. External WinMGr cannot be set.
2025-12-16 20:30:47,760 [INFO] Updater:1134 - Updater Version found : 6.13.0
2025-12-16 20:30:47,773 [INFO] ApplicationProperties:184 - Using Application install path: C:\ST\STM32CubeIDE_1.17.0\STM32CubeIDE\plugins\com.st.stm32cube.common.mx_6.13.0.202411220809
2025-12-16 20:30:48,008 [INFO] MainUpdater:2872 - connection check result : 10
2025-12-16 20:30:48,009 [INFO] MainUpdater:289 - Updater Check For Update Now.
2025-12-16 20:30:48,009 [INFO] MicroXplorer:498 - Change Database Version : DB.6.0.130
2025-12-16 20:30:48,026 [INFO] McuFinderGlobals:63 - Set McuFinder mode to 2 (CubeIDE integrated)
2025-12-16 20:30:48,026 [INFO] UserAuth:171 - activating auth plugin
2025-12-16 20:30:48,029 [INFO] UserAuth:486 - Internet connection configuration mode: 1
2025-12-16 20:30:48,047 [INFO] JxBrowserEngine:152 - Initiate JxBrowser Engine with user profile folder
2025-12-16 20:30:48,210 [INFO] CheckServerUpdateThread:120 - End of CheckServer Thread
2025-12-16 20:30:49,153 [INFO] WebApp:168 - Instantiating new browser for Auth
2025-12-16 20:30:49,669 [INFO] WebApp:449 - Apply proxy settings
2025-12-16 20:30:49,670 [INFO] WebApp:534 - Chromium requires no authentication
2025-12-16 20:30:49,677 [INFO] WebApp:477 - Direct internet connection detected
2025-12-16 20:30:49,697 [INFO] WebApp:880 - Register for checkConnection events
2025-12-16 20:30:49,697 [INFO] WebApp:449 - Apply proxy settings
2025-12-16 20:30:49,698 [INFO] WebApp:534 - Chromium requires no authentication
2025-12-16 20:30:49,698 [INFO] WebApp:477 - Direct internet connection detected
2025-12-16 20:30:49,850 [INFO] WebApp:221 - Starting web application
2025-12-16 20:30:49,850 [INFO] WebApp:579 - Web application path used C:\ST\STM32CubeIDE_1.17.0\STM32CubeIDE\plugins\com.st.stm32cube.common.mx_6.13.0.202411220809\db\plugins\mcufinder\reactClient1\index.html
2025-12-16 20:30:50,125 [INFO] WebApp:187 - Connection restablished
2025-12-16 20:30:50,856 [WARN] PackLoader:240 - Cannot read IP mode file for STMicroelectronics.FP-SNS-MOTENVWB1.1.4.0
2025-12-16 20:30:50,873 [WARN] PackLoader:240 - Cannot read IP mode file for STMicroelectronics.FP-ATR-ASTRA1.2.0.2
2025-12-16 20:30:50,877 [WARN] PackLoader:240 - Cannot read IP mode file for STMicroelectronics.FP-ATR-ASTRA1.2.0.1
2025-12-16 20:30:50,898 [WARN] PackLoader:240 - Cannot read IP mode file for STMicroelectronics.X-CUBE-SMBUS.2.1.0
2025-12-16 20:30:50,915 [WARN] PackLoader:240 - Cannot read IP mode file for STMicroelectronics.X-CUBE-WB05N.1.1.0
2025-12-16 20:30:50,932 [WARN] PackLoader:240 - Cannot read IP mode file for STMicroelectronics.X-CUBE-ST60.1.0.0
2025-12-16 20:30:50,966 [WARN] PackLoader:240 - Cannot read IP mode file for STMicroelectronics.X-CUBE-AZRTOS-F7.1.1.0
2025-12-16 20:30:51,120 [WARN] PackLoader:240 - Cannot read IP mode file for STMicroelectronics.X-CUBE-MEMS1.11.0.0
2025-12-16 20:30:51,206 [ERROR] Engine:466 - C:\Users\kamil\.stm32cubemx\thirdparties\pdsc\STMicroelectronics.FP-SNS-MOTENV1.5.1.0.pdsc: PDSC version is not supported
2025-12-16 20:30:51,211 [WARN] PackLoader:240 - Cannot read IP mode file for STMicroelectronics.FP-SNS-FLIGHT1.5.0.2
2025-12-16 20:30:51,240 [WARN] PackLoader:240 - Cannot read IP mode file for STMicroelectronics.X-CUBE-AZRTOS-H7.3.4.0
2025-12-16 20:30:51,260 [WARN] PackLoader:240 - Cannot read IP mode file for STMicroelectronics.X-CUBE-DISPLAY.3.0.0
2025-12-16 20:30:51,277 [WARN] PackLoader:240 - Cannot read IP mode file for STMicroelectronics.X-CUBE-BLE1.7.0.0
2025-12-16 20:30:51,292 [WARN] PackLoader:240 - Cannot read IP mode file for STMicroelectronics.X-CUBE-NFC10.1.0.0
2025-12-16 20:30:51,314 [WARN] PackLoader:240 - Cannot read IP mode file for STMicroelectronics.X-CUBE-BLEMGR.4.0.0
2025-12-16 20:30:51,333 [WARN] PackLoader:240 - Cannot read IP mode file for STMicroelectronics.X-CUBE-ST60.1.1.0
2025-12-16 20:30:51,353 [WARN] PackLoader:240 - Cannot read IP mode file for emotas.I-CUBE-CANOPEN.1.3.0
2025-12-16 20:30:51,383 [WARN] PackLoader:240 - Cannot read IP mode file for STMicroelectronics.X-CUBE-GNSS1.7.1.0
2025-12-16 20:30:51,408 [WARN] PackLoader:240 - Cannot read IP mode file for STMicroelectronics.X-CUBE-BLEMGR.3.1.0
2025-12-16 20:30:51,425 [WARN] PackLoader:240 - Cannot read IP mode file for STMicroelectronics.X-CUBE-AI.10.0.0
2025-12-16 20:30:51,440 [ERROR] Engine:466 - C:\Users\kamil\.stm32cubemx\thirdparties\pdsc\STMicroelectronics.FP-SNS-STBOX1.2.1.0.pdsc: PDSC version is not supported
2025-12-16 20:30:51,455 [WARN] PackLoader:240 - Cannot read IP mode file for STMicroelectronics.FP-SNS-SMARTAG2.1.2.0
2025-12-16 20:30:51,470 [WARN] PackLoader:240 - Cannot read IP mode file for STMicroelectronics.FP-SNS-FLIGHT1.5.1.0
2025-12-16 20:30:51,505 [WARN] PackLoader:240 - Cannot read IP mode file for STMicroelectronics.X-CUBE-MEMS1.11.1.0
2025-12-16 20:30:51,582 [INFO] LogOutputStream:77 - [STDOUT_REDIRECT] 1 : Invalid condition id : UX_CORESTACK_Condition cause : null
2025-12-16 20:30:51,583 [INFO] LogOutputStream:77 - [STDOUT_REDIRECT] 1 : Invalid condition id : UX_CORESTACK_Condition cause : null
2025-12-16 20:30:51,583 [INFO] LogOutputStream:77 - [STDOUT_REDIRECT] 1 : Invalid condition id : UX_CORESTACK_Condition cause : null
2025-12-16 20:30:51,585 [INFO] LogOutputStream:77 - [STDOUT_REDIRECT] 1 : Invalid condition id : UX_CORESTACK_Condition cause : null
2025-12-16 20:30:51,587 [INFO] LogOutputStream:77 - [STDOUT_REDIRECT] 1 : Invalid condition id : UX_CORESTACK_Condition cause : null
2025-12-16 20:30:51,588 [WARN] PackLoader:240 - Cannot read IP mode file for STMicroelectronics.X-CUBE-AZRTOS-WL.2.0.0
2025-12-16 20:30:51,604 [WARN] PackLoader:240 - Cannot read IP mode file for STMicroelectronics.FP-SNS-MOTENV1.5.0.0
2025-12-16 20:30:51,630 [WARN] PackLoader:240 - Cannot read IP mode file for STMicroelectronics.X-CUBE-AZRTOS-H7RS.1.2.0
2025-12-16 20:30:51,636 [WARN] PackLoader:240 - Cannot read IP mode file for wolfSSL.I-CUBE-wolfMQTT.1.19.0
2025-12-16 20:30:51,655 [WARN] PackLoader:240 - Cannot read IP mode file for WES.I-CUBE-Cesium.1.3.0
2025-12-16 20:30:51,671 [WARN] PackLoader:240 - Cannot read IP mode file for STMicroelectronics.X-CUBE-BLE2.3.3.0
2025-12-16 20:30:51,708 [WARN] PackLoader:240 - Cannot read IP mode file for STMicroelectronics.X-CUBE-NFC9.1.0.0
2025-12-16 20:30:51,723 [WARN] PackLoader:240 - Cannot read IP mode file for STMicroelectronics.X-CUBE-BLE1.7.1.0
2025-12-16 20:30:51,737 [WARN] PackLoader:240 - Cannot read IP mode file for STMicroelectronics.X-CUBE-TCPP.4.1.0
2025-12-16 20:30:51,749 [ERROR] Engine:466 - C:\Users\kamil\.stm32cubemx\thirdparties\pdsc\STMicroelectronics.X-CUBE-FREERTOS.1.4.0.pdsc: PDSC version is not supported
2025-12-16 20:30:51,763 [WARN] PackLoader:240 - Cannot read IP mode file for STMicroelectronics.X-CUBE-EEPRMA1.5.2.0
2025-12-16 20:30:51,775 [ERROR] Engine:466 - C:\Users\kamil\.stm32cubemx\thirdparties\pdsc\STMicroelectronics.X-CUBE-ST67W61.1.1.0.pdsc: PDSC version is not supported
2025-12-16 20:30:51,811 [WARN] PackLoader:240 - Cannot read IP mode file for STMicroelectronics.X-CUBE-MEMS1.12.0.0
2025-12-16 20:30:51,864 [WARN] PackLoader:240 - Cannot read IP mode file for STMicroelectronics.X-CUBE-AZRTOS-G0.1.1.0
2025-12-16 20:30:51,881 [WARN] PackLoader:240 - Cannot read IP mode file for STMicroelectronics.X-CUBE-SAFEA1.1.2.2
2025-12-16 20:30:51,895 [WARN] PackLoader:240 - Cannot read IP mode file for STMicroelectronics.X-CUBE-NFC4.3.0.0
2025-12-16 20:30:51,912 [WARN] PackLoader:240 - Cannot read IP mode file for EmbeddedOffice.I-CUBE-FS-RTOS.1.0.1
2025-12-16 20:30:51,925 [WARN] PackLoader:240 - Cannot read IP mode file for STMicroelectronics.X-CUBE-WB05N.2.0.0
2025-12-16 20:30:51,938 [WARN] PackLoader:240 - Cannot read IP mode file for STMicroelectronics.X-CUBE-TCPP.4.2.0
2025-12-16 20:30:51,955 [WARN] PackLoader:240 - Cannot read IP mode file for RealThread.X-CUBE-RT-Thread_Nano.4.1.1
2025-12-16 20:30:51,969 [WARN] PackLoader:240 - Cannot read IP mode file for STMicroelectronics.FP-ATR-SIGFOX1.3.2.0
2025-12-16 20:30:51,983 [WARN] PackLoader:240 - Cannot read IP mode file for wolfSSL.I-CUBE-wolfSSL.5.7.2
2025-12-16 20:30:51,988 [WARN] ConditionMgr:438 - getConditionDescription Invalid condition id : Cortex-A Device cause : null
2025-12-16 20:30:52,004 [WARN] ConditionMgr:1044 - genDependencies : Invalid condition id : Cortex-A Device cause : null
2025-12-16 20:30:52,004 [WARN] ConditionMgr:1044 - genDependencies : Invalid condition id : Cortex-A Device cause : null
2025-12-16 20:30:52,004 [WARN] ConditionMgr:1044 - genDependencies : Invalid condition id : Cortex-A Device cause : null
2025-12-16 20:30:52,017 [WARN] PackLoader:240 - Cannot read IP mode file for STMicroelectronics.X-CUBE-EEPRMA1.5.1.0
2025-12-16 20:30:52,033 [WARN] PackLoader:240 - Cannot read IP mode file for ITTIA_DB.I-CUBE-ITTIADB.8.9.0
2025-12-16 20:30:52,049 [WARN] PackLoader:240 - Cannot read IP mode file for STMicroelectronics.X-CUBE-ST67W61.1.0.0
2025-12-16 20:30:52,064 [WARN] PackLoader:240 - Cannot read IP mode file for STMicroelectronics.X-CUBE-AI.10.2.0
2025-12-16 20:30:52,093 [WARN] PackLoader:240 - Cannot read IP mode file for SEGGER.I-CUBE-embOS.1.3.1
2025-12-16 20:30:52,137 [WARN] PackLoader:240 - Cannot read IP mode file for STMicroelectronics.X-CUBE-ALGOBUILD.1.4.0
2025-12-16 20:30:52,176 [WARN] PackLoader:240 - Cannot read IP mode file for STMicroelectronics.X-CUBE-MEMS1.11.3.0
2025-12-16 20:30:52,249 [WARN] PackLoader:240 - Cannot read IP mode file for STMicroelectronics.X-CUBE-AI.9.1.0
2025-12-16 20:30:52,263 [WARN] PackLoader:240 - Cannot read IP mode file for STMicroelectronics.X-CUBE-PM33A1.1.0.0
2025-12-16 20:30:52,284 [WARN] PackLoader:240 - Cannot read IP mode file for STMicroelectronics.X-CUBE-AZRTOS-F4.1.1.0
2025-12-16 20:30:52,298 [WARN] PackLoader:240 - Cannot read IP mode file for STMicroelectronics.X-CUBE-ISPU.2.1.0
2025-12-16 20:30:52,313 [ERROR] Engine:466 - C:\Users\kamil\.stm32cubemx\thirdparties\pdsc\STMicroelectronics.X-CUBE-IPS.3.2.0.pdsc: PDSC version is not supported
2025-12-16 20:30:52,325 [WARN] PackLoader:240 - Cannot read IP mode file for STMicroelectronics.X-CUBE-FREERTOS.1.2.0
2025-12-16 20:30:52,342 [WARN] PackLoader:240 - Cannot read IP mode file for STMicroelectronics.X-CUBE-NFC12.1.0.0
2025-12-16 20:30:52,371 [WARN] PackLoader:240 - Cannot read IP mode file for STMicroelectronics.X-CUBE-AZRTOS-L5.2.0.0
2025-12-16 20:30:52,387 [WARN] PackLoader:240 - Cannot read IP mode file for STMicroelectronics.X-CUBE-NFC6.3.1.0
2025-12-16 20:30:52,402 [WARN] PackLoader:240 - Cannot read IP mode file for STMicroelectronics.X-CUBE-DPower.1.2.0
2025-12-16 20:30:52,415 [WARN] PackLoader:240 - Cannot read IP mode file for STMicroelectronics.X-CUBE-FREERTOS.1.3.1
2025-12-16 20:30:52,428 [WARN] PackLoader:240 - Cannot read IP mode file for STMicroelectronics.X-CUBE-FREERTOS.1.3.0
2025-12-16 20:30:52,442 [WARN] PackLoader:240 - Cannot read IP mode file for STMicroelectronics.X-CUBE-NFC7.1.0.1
2025-12-16 20:30:52,458 [WARN] PackLoader:240 - Cannot read IP mode file for STMicroelectronics.X-CUBE-TOUCHGFX.4.26.0
2025-12-16 20:30:52,472 [WARN] PackLoader:240 - Cannot read IP mode file for STMicroelectronics.FP-SNS-STAIOTCFT.1.0.0
2025-12-16 20:30:52,486 [WARN] PackLoader:240 - Cannot read IP mode file for STMicroelectronics.X-CUBE-DPower.1.3.0
2025-12-16 20:30:52,507 [WARN] ConditionMgr:438 - getConditionDescription Invalid condition id : LAN8742 Phy interface Condition cause : null
2025-12-16 20:30:52,507 [WARN] PackLoader:240 - Cannot read IP mode file for STMicroelectronics.X-CUBE-AZRTOS-L4.2.0.0
2025-12-16 20:30:52,507 [WARN] ConditionMgr:1044 - genDependencies : Invalid condition id : LAN8742 Phy interface Condition cause : null
2025-12-16 20:30:52,507 [WARN] ConditionMgr:1044 - genDependencies : Invalid condition id : LAN8742 Phy interface Condition cause : null
2025-12-16 20:30:52,507 [WARN] ConditionMgr:1044 - genDependencies : Invalid condition id : LAN8742 Phy interface Condition cause : null
2025-12-16 20:30:52,522 [WARN] PackLoader:240 - Cannot read IP mode file for STMicroelectronics.X-CUBE-SFXS2LP1.4.0.0
2025-12-16 20:30:52,544 [WARN] PackLoader:240 - Cannot read IP mode file for STMicroelectronics.X-CUBE-AZRTOS-H7.3.3.0
2025-12-16 20:30:52,559 [WARN] PackLoader:240 - Cannot read IP mode file for STMicroelectronics.X-CUBE-BLEMGR.4.1.0
2025-12-16 20:30:52,577 [WARN] PackLoader:240 - Cannot read IP mode file for STMicroelectronics.X-CUBE-IPS.3.0.0
2025-12-16 20:30:52,605 [WARN] ConditionMgr:438 - getConditionDescription Invalid condition id : UX DEVICE CLASS RTOS Condition cause : null
2025-12-16 20:30:52,605 [WARN] ConditionMgr:438 - getConditionDescription Invalid condition id : UX DEVICE CLASS RTOS Condition cause : null
2025-12-16 20:30:52,606 [WARN] PackLoader:240 - Cannot read IP mode file for STMicroelectronics.X-CUBE-AZRTOS-WB.2.0.0
2025-12-16 20:30:52,606 [WARN] ConditionMgr:1044 - genDependencies : Invalid condition id : UX DEVICE CLASS RTOS Condition cause : null
2025-12-16 20:30:52,606 [WARN] ConditionMgr:1044 - genDependencies : Invalid condition id : UX DEVICE CLASS RTOS Condition cause : null
2025-12-16 20:30:52,606 [WARN] ConditionMgr:1044 - genDependencies : Invalid condition id : UX DEVICE CLASS RTOS Condition cause : null
2025-12-16 20:30:52,606 [WARN] ConditionMgr:1044 - genDependencies : Invalid condition id : UX DEVICE CLASS RTOS Condition cause : null
2025-12-16 20:30:52,606 [WARN] ConditionMgr:1044 - genDependencies : Invalid condition id : UX DEVICE CLASS RTOS Condition cause : null
2025-12-16 20:30:52,620 [WARN] PackLoader:240 - Cannot read IP mode file for STMicroelectronics.X-CUBE-GNSS1.7.0.0
2025-12-16 20:30:52,634 [WARN] PackLoader:240 - Cannot read IP mode file for STMicroelectronics.X-CUBE-GNSS1.7.0.1
2025-12-16 20:30:52,648 [WARN] PackLoader:240 - Cannot read IP mode file for STMicroelectronics.X-CUBE-TOUCHGFX.4.25.0
2025-12-16 20:30:52,662 [WARN] PackLoader:240 - Cannot read IP mode file for STMicroelectronics.FP-SNS-STBOX1.2.0.0
2025-12-16 20:30:52,678 [WARN] PackLoader:240 - Cannot read IP mode file for STMicroelectronics.X-CUBE-SUBG2.5.0.0
2025-12-16 20:30:52,703 [WARN] PackLoader:240 - Cannot read IP mode file for STMicroelectronics.X-CUBE-AZRTOS-H7RS.1.1.0
2025-12-16 20:30:52,708 [WARN] PackLoader:240 - Cannot read IP mode file for Cesanta.I-CUBE-Mongoose.7.13.0
2025-12-16 20:30:52,728 [WARN] PackLoader:240 - Cannot read IP mode file for STMicroelectronics.X-CUBE-AZRTOS-G4.2.0.0
2025-12-16 20:30:52,740 [WARN] PackLoader:240 - Cannot read IP mode file for STMicroelectronics.X-CUBE-NFC7.2.0.0
2025-12-16 20:30:52,754 [WARN] PackLoader:240 - Cannot read IP mode file for STMicroelectronics.X-CUBE-IPS.3.1.0
2025-12-16 20:30:52,768 [WARN] PackLoader:240 - Cannot read IP mode file for STMicroelectronics.X-CUBE-ALS.1.0.2
2025-12-16 20:30:52,780 [WARN] PackLoader:240 - Cannot read IP mode file for STMicroelectronics.X-CUBE-TOUCHGFX.4.24.1
2025-12-16 20:30:52,792 [WARN] PackLoader:240 - Cannot read IP mode file for STMicroelectronics.X-CUBE-STSE01.1.0.0
2025-12-16 20:30:52,805 [WARN] PackLoader:240 - Cannot read IP mode file for wolfSSL.I-CUBE-wolfTPM.3.4.0
2025-12-16 20:30:52,817 [WARN] PackLoader:240 - Cannot read IP mode file for portGmbH.I-Cube-SoM-uGOAL.1.1.0
2025-12-16 20:30:52,838 [WARN] PackLoader:240 - Cannot read IP mode file for STMicroelectronics.X-CUBE-AZRTOS-H7RS.1.0.0
2025-12-16 20:30:52,842 [WARN] PackLoader:240 - Cannot read IP mode file for STMicroelectronics.FP-ATR-ASTRA1.2.0.0
2025-12-16 20:30:52,857 [WARN] PackLoader:240 - Cannot read IP mode file for STMicroelectronics.X-CUBE-TOF1.3.4.2
2025-12-16 20:30:52,874 [WARN] PackLoader:240 - Cannot read IP mode file for STMicroelectronics.X-CUBE-TOF1.3.4.3
2025-12-16 20:30:52,895 [WARN] PackLoader:240 - Cannot read IP mode file for Infineon.AIROC-Wi-Fi-Bluetooth-STM32.1.6.1
2025-12-16 20:30:52,909 [WARN] PackLoader:240 - Cannot read IP mode file for wolfSSL.I-CUBE-wolfSSH.1.4.17
2025-12-16 20:30:52,910 [INFO] ThirdParty:978 - Integrity check success = true
2025-12-16 20:30:52,910 [INFO] IntegrityCheckThread:100 - exiting critical section [integrity check]
2025-12-16 20:30:52,910 [INFO] IntegrityCheckThread:103 - End integrity checks thread
2025-12-16 20:39:23,726 [INFO] McuFinderGlobals:63 - Set McuFinder mode to 2 (CubeIDE integrated)
2025-12-16 20:39:23,753 [INFO] MainUpdater:2872 - connection check result : 10
2025-12-16 20:39:23,761 [INFO] MainUpdater:2872 - connection check result : 10
2025-12-16 20:39:23,922 [INFO] MicroXplorer:468 - Change Database Path : 
2025-12-16 20:39:23,923 [INFO] MicroXplorer:498 - Change Database Version : DB.6.0.130
2025-12-16 20:39:23,938 [WARN] ThirdParty:871 - waiting for thirdparty lock release [close project]
2025-12-16 20:39:23,938 [INFO] ThirdParty:873 - entering critical section [close project]
2025-12-16 20:39:23,940 [INFO] ThirdParty:883 - exiting critical section [close project]
2025-12-16 20:39:23,943 [INFO] PinOutPanel:1589 - setPackage(No Configuration,No Configuration)
2025-12-16 20:39:23,948 [INFO] UtilMem:75 - Begin LoadConfig() Used Memory: 806438808 Bytes (1073741824)
2025-12-16 20:39:23,950 [INFO] MicroXplorer:468 - Change Database Path : 
2025-12-16 20:39:23,951 [INFO] MicroXplorer:498 - Change Database Version : DB.6.0.130
2025-12-16 20:39:23,951 [INFO] OpenFileManager:332 - Change cursor
2025-12-16 20:39:24,037 [INFO] Mcu:2035 - Initializing MCU STM32H743IITx STM32H743IITx STM32H743IIT6
2025-12-16 20:39:28,186 [INFO] Context:748 - Trying to add GPIOservice into a context  which must be forbidden
2025-12-16 20:39:29,665 [INFO] RtosManager:555 - Registered RTOS mode: class=CMSIS, group=RTOS, mode=CMSIS_V1, owner=FREERTOS
2025-12-16 20:39:29,665 [INFO] RtosManager:555 - Registered RTOS mode: class=CMSIS, group=RTOS2, mode=CMSIS_V2, owner=FREERTOS
2025-12-16 20:39:29,665 [INFO] RtosManager:555 - Registered RTOS mode: class=RTOS, group=Core, mode=CMSIS_V1, owner=FREERTOS
2025-12-16 20:39:29,665 [INFO] RtosManager:555 - Registered RTOS mode: class=RTOS, group=Core, mode=CMSIS_V2, owner=FREERTOS
2025-12-16 20:39:29,665 [WARN] ModelIntegratedComponent:184 - Missing modes for component STMicroelectronics:FreeRTOS:0.0.1:STMicroelectronics:RTOS:FreeRTOS:Core:::10.2.0:
2025-12-16 20:39:29,674 [WARN] ModelIntegratedComponent:63 - No mode defined for component null
2025-12-16 20:39:29,674 [WARN] ModelIntegratedComponent:63 - No mode defined for component null
2025-12-16 20:39:29,674 [WARN] ModelIntegratedComponent:63 - No mode defined for component null
2025-12-16 20:39:29,674 [WARN] ModelIntegratedComponent:63 - No mode defined for component null
2025-12-16 20:39:29,675 [WARN] ModelIntegratedComponent:63 - No mode defined for component null
2025-12-16 20:39:29,675 [WARN] ModelIntegratedComponent:63 - No mode defined for component null
2025-12-16 20:39:29,675 [WARN] ModelIntegratedComponent:63 - No mode defined for component null
2025-12-16 20:39:29,675 [WARN] ModelIntegratedComponent:63 - No mode defined for component null
2025-12-16 20:39:29,675 [WARN] ModelIntegratedComponent:63 - No mode defined for component null
2025-12-16 20:39:29,675 [WARN] ModelIntegratedComponent:63 - No mode defined for component null
2025-12-16 20:39:29,675 [WARN] ModelIntegratedComponent:63 - No mode defined for component null
2025-12-16 20:39:29,675 [WARN] ModelIntegratedComponent:63 - No mode defined for component null
2025-12-16 20:39:29,675 [WARN] ModelIntegratedComponent:63 - No mode defined for component null
2025-12-16 20:39:29,675 [WARN] ModelIntegratedComponent:63 - No mode defined for component null
2025-12-16 20:39:29,675 [WARN] ModelIntegratedComponent:63 - No mode defined for component null
2025-12-16 20:39:29,676 [WARN] ModelIntegratedComponent:63 - No mode defined for component null
2025-12-16 20:39:29,676 [WARN] ModelIntegratedComponent:63 - No mode defined for component null
2025-12-16 20:39:29,676 [WARN] ModelIntegratedComponent:63 - No mode defined for component null
2025-12-16 20:39:29,676 [WARN] ModelIntegratedComponent:63 - No mode defined for component null
2025-12-16 20:39:29,676 [WARN] ModelIntegratedComponent:63 - No mode defined for component null
2025-12-16 20:39:29,676 [WARN] ModelIntegratedComponent:63 - No mode defined for component null
2025-12-16 20:39:29,676 [WARN] ModelIntegratedComponent:63 - No mode defined for component null
2025-12-16 20:39:29,676 [WARN] ModelIntegratedComponent:63 - No mode defined for component null
2025-12-16 20:39:29,676 [WARN] ModelIntegratedComponent:63 - No mode defined for component null
2025-12-16 20:39:29,676 [WARN] ModelIntegratedComponent:63 - No mode defined for component null
2025-12-16 20:39:29,676 [WARN] ModelIntegratedComponent:63 - No mode defined for component null
2025-12-16 20:39:29,676 [WARN] ModelIntegratedComponent:63 - No mode defined for component null
2025-12-16 20:39:29,676 [WARN] ModelIntegratedComponent:63 - No mode defined for component null
2025-12-16 20:39:29,677 [WARN] ModelIntegratedComponent:63 - No mode defined for component null
2025-12-16 20:39:29,677 [WARN] ModelIntegratedComponent:63 - No mode defined for component null
2025-12-16 20:39:29,677 [WARN] ModelIntegratedComponent:63 - No mode defined for component null
2025-12-16 20:39:29,677 [WARN] ModelIntegratedComponent:63 - No mode defined for component null
2025-12-16 20:39:29,677 [WARN] ModelIntegratedComponent:63 - No mode defined for component null
2025-12-16 20:39:29,677 [WARN] ModelIntegratedComponent:63 - No mode defined for component null
2025-12-16 20:39:29,677 [WARN] ModelIntegratedComponent:63 - No mode defined for component null
2025-12-16 20:39:29,677 [WARN] ModelPack:524 - Component already loaded: STMicroelectronics:HAL Drivers:0.0.0:STMicroelectronics:Device:STMicro_Driver:XSPI:HAL::0.0.1:HAL_XSPI
2025-12-16 20:39:29,913 [INFO] ThirdPartyModel:298 - Start build external matchings
2025-12-16 20:39:30,758 [INFO] ThirdPartyModel:316 - End build external matchings
2025-12-16 20:39:30,784 [WARN] IP:2251 - ClockDivider not found: check if there is a RefParameter without a condition.
2025-12-16 20:39:30,785 [WARN] IP:2251 - ClockDividerCCU not found: check if there is a RefParameter without a condition.
2025-12-16 20:39:30,785 [WARN] IP:2251 - MinOscClkPeriodsCCU not found: check if there is a RefParameter without a condition.
2025-12-16 20:39:30,785 [WARN] IP:2251 - TimeQuantaPerBitTimeCCU not found: check if there is a RefParameter without a condition.
2025-12-16 20:39:30,785 [WARN] IP:2251 - WatchdogStartValueCCU not found: check if there is a RefParameter without a condition.
2025-12-16 20:39:30,789 [INFO] ImportTextPane:218 - (OptionalMessage_ERROR) IP (RCC) : Parameter (ADCFreq_Value) has invalid value (129000000)
2025-12-16 20:39:30,796 [INFO] ImportTextPane:218 - (OptionalMessage_ERROR) IP (RCC) : Invalid parameter (FamilyName)
2025-12-16 20:39:30,796 [INFO] ImportTextPane:218 - (OptionalMessage_ERROR) IP (RCC) : Parameter (LPTIM1Freq_Value) has invalid value (64000000)
2025-12-16 20:39:30,796 [INFO] ImportTextPane:218 - (OptionalMessage_ERROR) IP (RCC) : Parameter (LPTIM2Freq_Value) has invalid value (64000000)
2025-12-16 20:39:30,796 [INFO] ImportTextPane:218 - (OptionalMessage_ERROR) IP (RCC) : Parameter (LPTIM345Freq_Value) has invalid value (64000000)
2025-12-16 20:39:30,796 [INFO] ImportTextPane:218 - (OptionalMessage_ERROR) IP (RCC) : Parameter (LPUART1Freq_Value) has invalid value (64000000)
2025-12-16 20:39:30,797 [INFO] ImportTextPane:218 - (OptionalMessage_ERROR) IP (RCC) : Parameter (SPI45Freq_Value) has invalid value (64000000)
2025-12-16 20:39:30,797 [INFO] ImportTextPane:218 - (OptionalMessage_ERROR) IP (RCC) : Parameter (SPI6Freq_Value) has invalid value (64000000)
2025-12-16 20:39:30,797 [INFO] ImportTextPane:218 - (OptionalMessage_ERROR) IP (RCC) : Parameter (SWPMI1Freq_Value) has invalid value (64000000)
2025-12-16 20:39:30,797 [INFO] ImportTextPane:218 - (OptionalMessage_ERROR) IP (RCC) : Parameter (USART16Freq_Value) has invalid value (64000000)
2025-12-16 20:39:30,797 [INFO] ImportTextPane:218 - (OptionalMessage_ERROR) IP (RCC) : Parameter (USART234578Freq_Value) has invalid value (64000000)
2025-12-16 20:39:31,622 [INFO] ApiDb:581 - Connected to CubeFinder SQLite database (C:\Users\kamil\.stmcufinder\plugins\mcufinder\mcu\cube-finder-db.db)
2025-12-16 20:39:31,705 [INFO] ApiDb:668 - CubeFinder database Data Model version=2.1
2025-12-16 20:39:31,705 [INFO] ApiDb:669 - CubeFinder database Configuration version=3.0.39
2025-12-16 20:39:31,705 [INFO] ApiDb:670 - CubeFinder database generation date=2025-08-25 (1756130511)
2025-12-16 20:39:31,706 [INFO] ApiDb:671 - CubeFinder database FW Pack versions=[FP-ATR-ASTRA1_V2.0.0, FP-SNS-FLIGHT1_V5.1.0, FP-SNS-MOTENV1_V5.0.0, FP-SNS-MOTENVWB1_V1.4.0, FP-SNS-SMARTAG2_V1.2.0, FP-SNS-STBOX1_V2.1.0, STM32Cube_FW_C0_V1.4.0, STM32Cube_FW_F4_V1.28.3, STM32Cube_FW_F7_V1.17.4, STM32Cube_FW_G0_V1.6.2, STM32Cube_FW_G4_V1.6.1, STM32Cube_FW_H5_V1.5.0, STM32Cube_FW_H7RS_V1.2.0, STM32Cube_FW_H7_V1.12.1, STM32Cube_FW_L0_V1.12.2, STM32Cube_FW_L4_V1.18.1, STM32Cube_FW_L5_V1.5.1, STM32Cube_FW_N6_V1.2.0, STM32Cube_FW_U0_V1.3.0, STM32Cube_FW_U3_V1.2.0, STM32Cube_FW_U5_V1.8.0, STM32Cube_FW_WB0_V1.3.0, STM32Cube_FW_WBA_V1.7.0, STM32Cube_FW_WB_V1.23.0, STM32Cube_FW_WL3_V1.2.0, STM32Cube_FW_WL_V1.3.1, X-CUBE-ALGOBUILD_V1.4.0, X-CUBE-ALS_V1.0.2, X-CUBE-AZRTOS-F4_V1.1.0, X-CUBE-AZRTOS-F7_V1.1.0, X-CUBE-AZRTOS-G0_V1.1.0, X-CUBE-AZRTOS-G4_V2.0.0, X-CUBE-AZRTOS-H7RS_V1.1.0, X-CUBE-AZRTOS-H7_V3.4.0, X-CUBE-AZRTOS-L4_V2.0.0, X-CUBE-AZRTOS-L5_V2.0.0, X-CUBE-AZRTOS-WB_V2.0.0, X-CUBE-AZRTOS-WL_V2.0.0, X-CUBE-BLE1_V7.1.0, X-CUBE-BLE2_V3.3.0, X-CUBE-BLEMGR_V4.1.0, X-CUBE-EEPRMA1_V5.2.0, X-CUBE-FREERTOS_V1.3.1, X-CUBE-GNSS1_V6.0.0, X-CUBE-MEMS1_V11.3.0, X-CUBE-NFC4_V3.0.0, X-CUBE-NFC7_V2.0.0, X-CUBE-SFXS2LP1_V4.0.0, X-CUBE-ST67W61_V1.0.0, X-CUBE-SUBG2_V5.0.0, X-CUBE-TOF1_V3.4.3]
2025-12-16 20:39:31,851 [INFO] DbBoardsSqlite:226 - include board P-NUCLEO-WB55-NUCLEO as a kit item of type 'Nucleo-64'
2025-12-16 20:39:31,852 [INFO] DbBoardsSqlite:226 - include board P-NUCLEO-WB55-USBDONGLE as a kit item of type 'Nucleo USB Dongle'
2025-12-16 20:39:31,852 [INFO] DbBoardsSqlite:226 - include board STEVAL-IDP005V1 as a kit item of type 'Evaluation Board'
2025-12-16 20:39:31,853 [INFO] DbBoardsSqlite:226 - include board STEVAL-IDP005V2 as a kit item of type 'Evaluation Board'
2025-12-16 20:39:32,150 [INFO] ApiDb:240 - Found 858 in-development CPN: [B-G473E-ZEST1S, B-WB1M-WPAN1, B-WBA5M-WPAN, B-WL5M-SUBG1, NUCLEO-C031C6, NUCLEO-C051C8, NUCLEO-C071RB, NUCLEO-C092RC, NUCLEO-H503RB, NUCLEO-H533RE, NUCLEO-H563ZI, NUCLEO-H7S3L8, NUCLEO-N657X0-Q, NUCLEO-U031R8, NUCLEO-U083RC, NUCLEO-U385RG-Q, NUCLEO-U545RE-Q, NUCLEO-U5A5ZJ-Q, NUCLEO-WB05KZ, NUCLEO-WB07CC, NUCLEO-WB09KE, NUCLEO-WBA52CG, NUCLEO-WBA55CG, NUCLEO-WL33CC1, NUCLEO-WL33CC2, STEVAL-PROTEUS1, STEVAL-SMARTAG2, STEVAL-STWINBX1, STM320518-EVAL, STM32C0116-DK, STM32C011D6Y3TR, STM32C011D6Y6TR, STM32C011F4P3, STM32C011F4P6, STM32C011F4U3, STM32C011F4U6TR, STM32C011F6P3, STM32C011F6P6, STM32C011F6U3, STM32C011F6U6TR, STM32C011J4M3, STM32C011J4M6, STM32C011J6M3, STM32C011J6M6, STM32C0316-DK, STM32C031C4T3, STM32C031C4T6, STM32C031C4U3, STM32C031C4U6, STM32C031C6T3, STM32C031C6T6, STM32C031C6U3, STM32C031C6U6, STM32C031F4P3, STM32C031F4P6, STM32C031F6P3, STM32C031F6P6, STM32C031G4U3, STM32C031G4U6, STM32C031G6U3, STM32C031G6U6, STM32C031K4T3, STM32C031K4T6, STM32C031K4U3, STM32C031K4U6, STM32C031K6T3, STM32C031K6T6, STM32C031K6U3, STM32C031K6U6, STM32C051C6T6, STM32C051C6U6, STM32C051C8T6, STM32C051C8U6, STM32C051D8Y6TR, STM32C051F6P6, STM32C051F8P6, STM32C051G6U6, STM32C051G8U6, STM32C051K6T6, STM32C051K6U6, STM32C051K8T6, STM32C071C8T6, STM32C071C8T6N, STM32C071C8U6, STM32C071C8U6N, STM32C071CBT6, STM32C071CBT6N, STM32C071CBU6, STM32C071CBU6N, STM32C071F8P6, STM32C071F8P6N, STM32C071FBP6, STM32C071FBP6N, STM32C071FBY6TR, STM32C071G8U6, STM32C071G8U6N, STM32C071GBU6, STM32C071GBU6N, STM32C071K8T6, STM32C071K8T6N, STM32C071K8U6, STM32C071K8U6N, STM32C071KBT6, STM32C071KBT6N, STM32C071KBU6, STM32C071KBU6N, STM32C071R8T6, STM32C071R8T6N, STM32C071RBI6N, STM32C071RBT6, STM32C071RBT6N, STM32C091CBT6, STM32C091CBU6, STM32C091CCT6, STM32C091CCU6, STM32C091ECY6TR, STM32C091FBP6, STM32C091FCP6, STM32C091GBU6, STM32C091GCU6, STM32C091KBT6, STM32C091KBU6, STM32C091KCT6, STM32C091KCU6, STM32C091RBT6, STM32C091RCI6, STM32C091RCT6, STM32C092CBT6, STM32C092CBU6, STM32C092CCT6, STM32C092CCU6, STM32C092ECY6TR, STM32C092FBP6, STM32C092FCP6, STM32C092GBU6, STM32C092GCU6, STM32C092KBT6, STM32C092KBU6, STM32C092KCT6, STM32C092KCU6, STM32C092RBT6, STM32C092RCI6, STM32C092RCT6, STM32G071K8TXN, STM32G071K8UXN, STM32G081GBU6N, STM32G081KBT6N, STM32G081KBUXN, STM32G0B1CCT6N, STM32G0B1KCT6, STM32G0B1NEY6TR, STM32G0B1RCT6N, STM32G0C1CCT6, STM32G0C1CCT6N, STM32G0C1CCU6N, STM32G0C1CET6N, STM32G0C1CEU6N, STM32G0C1KCT6, STM32G0C1NEY6TR, STM32G0C1RCI6N, STM32G0C1RCT6N, STM32G0C1REI6N, STM32G0C1RET6N, STM32G0C1VCI6, STM32G0C1VEI6, STM32G411C6T3, STM32G411C6T6, STM32G411C6U3, STM32G411C6U6, STM32G411C8T3, STM32G411C8T6, STM32G411C8U3, STM32G411C8U6, STM32G411CBT3, STM32G411CBT6, STM32G411CBU3, STM32G411CBU6, STM32G411CCT3, STM32G411CCT6, STM32G411CCU3, STM32G411CCU6, STM32G411K6T3, STM32G411K6T6, STM32G411K6U3, STM32G411K6U6, STM32G411K8T3, STM32G411K8T6, STM32G411K8U3, STM32G411K8U6, STM32G411KBT3, STM32G411KBT6, STM32G411KBU3, STM32G411KBU6, STM32G411M6T3, STM32G411M6T6, STM32G411M8T3, STM32G411M8T6, STM32G411MBT3, STM32G411MBT6, STM32G411MCT3, STM32G411MCT6, STM32G411R6T3, STM32G411R6T6, STM32G411R8T3, STM32G411R8T6, STM32G411RBT3, STM32G411RBT6, STM32G411RCT3, STM32G411RCT6, STM32G414CBT3, STM32G414CBT6, STM32G414CBU3, STM32G414CBU6, STM32G414CCT3, STM32G414CCT6, STM32G414CCU3, STM32G414CCU6, STM32G414MBT3, STM32G414MBT6, STM32G414MCT3, STM32G414MCT6, STM32G414RBT3, STM32G414RBT6, STM32G414RCT3, STM32G414RCT6, STM32G414VBT3, STM32G414VBT6, STM32G414VCT3, STM32G414VCT6, STM32G431CBT3Z, STM32G431RBT3Z, STM32G471CCT6, STM32G471CCU6, STM32G471CET3, STM32G471CET6, STM32G471CEU3, STM32G471CEU6, STM32G471MCT6, STM32G471MET3, STM32G471MET6, STM32G471MEY6TR, STM32G471QCT6, STM32G471QET3, STM32G471RCT6, STM32G471RET3, STM32G471RET6, STM32G471VCH6, STM32G471VCI6, STM32G471VCT6, STM32G471VEH3, STM32G471VEH6, STM32G471VEI3, STM32G471VEI6, STM32G471VET3, STM32G471VET6, STM32G473QET3Z, STM32G473RET3Z, STM32G474CCT6, STM32G491RET3Z, STM32H503CBT6, STM32H503CBU6, STM32H503EBY6TR, STM32H503KBU6, STM32H503RBT6, STM32H523CCT6, STM32H523CCU6, STM32H523CET6, STM32H523CEU6, STM32H523HEY6TR, STM32H523RCT6, STM32H523RET6, STM32H523VCI6, STM32H523VCT6, STM32H523VEI6, STM32H523VET6, STM32H523ZCJ6, STM32H523ZCT6, STM32H523ZEJ6, STM32H523ZET6, STM32H533CET6, STM32H533CEU6, STM32H533HEY6TR, STM32H533RET6, STM32H533VEI6, STM32H533VET6, STM32H533ZEJ6, STM32H533ZET6, STM32H562AGI6, STM32H562AII6, STM32H562IGK6, STM32H562IGT6, STM32H562IIK6, STM32H562IIT6, STM32H562RGT6, STM32H562RGV6, STM32H562RIT6, STM32H562RIV6, STM32H562VGT6, STM32H562VIT6, STM32H562ZGT6, STM32H562ZIT6, STM32H563AGI6, STM32H563AII3Q, STM32H563AII6, STM32H563IGK6, STM32H563IGT6, STM32H563IIK3Q, STM32H563IIK6, STM32H563IIT3Q, STM32H563IIT6, STM32H563MIY3QTR, STM32H563RGT6, STM32H563RGV6, STM32H563RIT6, STM32H563RIV6, STM32H563VGT6, STM32H563VIT3Q, STM32H563VIT6, STM32H563ZGT6, STM32H563ZIT3Q, STM32H563ZIT6, STM32H573AII3Q, STM32H573AII6, STM32H573I-DK, STM32H573IIK3Q, STM32H573IIK6, STM32H573IIT3Q, STM32H573IIT6, STM32H573MIY3QTR, STM32H573RIT6, STM32H573RIV6, STM32H573VIT3Q, STM32H573VIT6, STM32H573ZIT3Q, STM32H573ZIT6, STM32H7R3A8I6, STM32H7R3I8K6, STM32H7R3I8T6, STM32H7R3L8H6, STM32H7R3L8H6H, STM32H7R3R8V6, STM32H7R3V8H6, STM32H7R3V8T6, STM32H7R3V8Y6TR, STM32H7R3Z8J6, STM32H7R3Z8T6, STM32H7R7A8I6, STM32H7R7I8K6, STM32H7R7I8T6, STM32H7R7L8H6, STM32H7R7L8H6H, STM32H7R7Z8J6, STM32H7S3A8I6, STM32H7S3I8K6, STM32H7S3I8T6, STM32H7S3L8H6, STM32H7S3L8H6H, STM32H7S3R8V6, STM32H7S3V8H6, STM32H7S3V8T6, STM32H7S3V8Y6TR, STM32H7S3Z8J6, STM32H7S3Z8T6, STM32H7S78-DK, STM32H7S7A8I6, STM32H7S7I8K6, STM32H7S7I8T6, STM32H7S7L8H6, STM32H7S7L8H6H, STM32H7S7Z8J6, STM32L4R5QGI6STR, STM32MP131AAE3, STM32MP131AAF3, STM32MP131AAG3, STM32MP131CAE3, STM32MP131CAF3, STM32MP131CAG3, STM32MP131DAE7, STM32MP131DAF7, STM32MP131DAG7, STM32MP131FAE7, STM32MP131FAF7, STM32MP131FAG7, STM32MP133AAE3, STM32MP133AAF3, STM32MP133AAG3, STM32MP133CAE3, STM32MP133CAF3, STM32MP133CAG3, STM32MP133DAE7, STM32MP133DAF7, STM32MP133DAG7, STM32MP133FAE7, STM32MP133FAF7, STM32MP133FAG7, STM32MP135AAE3, STM32MP135AAF3, STM32MP135AAG3, STM32MP135CAE3, STM32MP135CAF3, STM32MP135CAG3, STM32MP135DAE7, STM32MP135DAF7, STM32MP135DAG7, STM32MP135F-DK, STM32MP135FAE7, STM32MP135FAF7, STM32MP135FAF7T, STM32MP135FAF7U, STM32MP135FAG7, STM32MP231AAJ3, STM32MP231AAK3, STM32MP231AAL3, STM32MP231CAJ3, STM32MP231CAK3, STM32MP231CAL3, STM32MP231DAJ3, STM32MP231DAK3, STM32MP231DAL3, STM32MP231FAJ3, STM32MP231FAK3, STM32MP231FAL3, STM32MP233AAJ3, STM32MP233AAK3, STM32MP233AAL3, STM32MP233CAJ3, STM32MP233CAK3, STM32MP233CAL3, STM32MP233DAJ3, STM32MP233DAK3, STM32MP233DAL3, STM32MP233FAJ3, STM32MP233FAK3, STM32MP233FAL3, STM32MP235AAJ3, STM32MP235AAK3, STM32MP235AAL3, STM32MP235CAJ3, STM32MP235CAK3, STM32MP235CAL3, STM32MP235DAJ3, STM32MP235DAK3, STM32MP235DAL3, STM32MP235FAJ3, STM32MP235FAK3, STM32MP235FAL3, STM32MP251AAI3, STM32MP251AAJ3, STM32MP251AAK3, STM32MP251AAL3, STM32MP251CAI3, STM32MP251CAJ3, STM32MP251CAK3, STM32MP251CAL3, STM32MP251DAI3, STM32MP251DAJ3, STM32MP251DAK3, STM32MP251DAL3, STM32MP251FAI3, STM32MP251FAJ3, STM32MP251FAK3, STM32MP251FAL3, STM32MP253AAI3, STM32MP253AAJ3, STM32MP253AAK3, STM32MP253AAL3, STM32MP253CAI3, STM32MP253CAJ3, STM32MP253CAK3, STM32MP253CAL3, STM32MP253DAI3, STM32MP253DAJ3, STM32MP253DAK3, STM32MP253DAL3, STM32MP253FAI3, STM32MP253FAJ3, STM32MP253FAK3, STM32MP253FAL3, STM32MP255AAI3, STM32MP255AAJ3, STM32MP255AAK3, STM32MP255AAL3, STM32MP255CAI3, STM32MP255CAJ3, STM32MP255CAK3, STM32MP255CAL3, STM32MP255DAI3, STM32MP255DAJ3, STM32MP255DAK3, STM32MP255DAL3, STM32MP255FAI3, STM32MP255FAJ3, STM32MP255FAK3, STM32MP255FAL3, STM32MP257AAI3, STM32MP257AAJ3, STM32MP257AAK3, STM32MP257AAL3, STM32MP257CAI3, STM32MP257CAJ3, STM32MP257CAK3, STM32MP257CAL3, STM32MP257DAI3, STM32MP257DAJ3, STM32MP257DAK3, STM32MP257DAL3, STM32MP257F-DK, STM32MP257F-EV1, STM32MP257FAI3, STM32MP257FAJ3, STM32MP257FAK3, STM32MP257FAL3, STM32N645A0H3Q, STM32N645B0H3Q, STM32N645I0H3Q, STM32N645L0H3Q, STM32N645X0H3Q, STM32N645Z0H3Q, STM32N647A0H3Q, STM32N647B0H3Q, STM32N647I0H3Q, STM32N647L0H3Q, STM32N647X0H3Q, STM32N647Z0H3Q, STM32N655A0H3Q, STM32N655B0H3Q, STM32N655I0H3Q, STM32N655L0H3Q, STM32N655X0H3Q, STM32N655Z0H3Q, STM32N6570-DK, STM32N657A0H3Q, STM32N657B0H3Q, STM32N657I0H3Q, STM32N657L0H3Q, STM32N657X0H3Q, STM32N657Z0H3Q, STM32U031C6T6, STM32U031C6U6, STM32U031C8T6, STM32U031C8U6, STM32U031F4P6, STM32U031F6P6, STM32U031F8P6, STM32U031G6Y6TR, STM32U031G8Y6TR, STM32U031K4U6, STM32U031K6U6, STM32U031K8U6, STM32U031R6I6, STM32U031R6T6, STM32U031R8I6, STM32U031R8T6, STM32U073C8T6, STM32U073C8U6, STM32U073CBT6, STM32U073CBU6, STM32U073CCT6, STM32U073CCU6, STM32U073H8Y6TR, STM32U073HBY6TR, STM32U073HCY6TR, STM32U073K8U6, STM32U073KBU6, STM32U073KCU6, STM32U073M8I6, STM32U073M8T6, STM32U073MBI6, STM32U073MBT6, STM32U073MCI6, STM32U073MCT6, STM32U073R8I6, STM32U073R8T6, STM32U073RBI6, STM32U073RBT6, STM32U073RCI6, STM32U073RCT6, STM32U083C-DK, STM32U083CCT6, STM32U083CCU6, STM32U083HCY6TR, STM32U083KCU6, STM32U083MCI6, STM32U083MCT6, STM32U083RCI6, STM32U083RCT6, STM32U375CET6, STM32U375CET6Q, STM32U375CEU6, STM32U375CEU6Q, STM32U375CEY6QTR, STM32U375CGT6, STM32U375CGT6Q, STM32U375CGU6, STM32U375CGU6Q, STM32U375CGY6QTR, STM32U375KEU6, STM32U375KGU6, STM32U375REI6, STM32U375REI6Q, STM32U375RET6, STM32U375RET6Q, STM32U375REY6GTR, STM32U375REY6QTR, STM32U375RGI6, STM32U375RGI6Q, STM32U375RGT6, STM32U375RGT6Q, STM32U375RGY6GTR, STM32U375RGY6QTR, STM32U375VEI6, STM32U375VEI6Q, STM32U375VET6, STM32U375VET6Q, STM32U375VGI6, STM32U375VGI6Q, STM32U375VGT6, STM32U375VGT6Q, STM32U385CGT6, STM32U385CGT6Q, STM32U385CGU6, STM32U385CGU6Q, STM32U385CGY6QTR, STM32U385KGU6, STM32U385RGI6, STM32U385RGI6Q, STM32U385RGT6, STM32U385RGT6Q, STM32U385RGY6GTR, STM32U385RGY6QTR, STM32U385VGI6, STM32U385VGI6Q, STM32U385VGT6, STM32U385VGT6Q, STM32U535CBT6, STM32U535CBT6Q, STM32U535CBU6, STM32U535CBU6Q, STM32U535CCT6, STM32U535CCT6Q, STM32U535CCU6, STM32U535CCU6Q, STM32U535CET6, STM32U535CET6Q, STM32U535CEU6, STM32U535CEU6Q, STM32U535JEY6QTR, STM32U535NCY6QTR, STM32U535NEY6QTR, STM32U535RBI6, STM32U535RBI6Q, STM32U535RBT6, STM32U535RBT6Q, STM32U535RCI6, STM32U535RCI6Q, STM32U535RCT6, STM32U535RCT6Q, STM32U535REI6, STM32U535REI6Q, STM32U535RET6, STM32U535RET6Q, STM32U535VCI6, STM32U535VCI6Q, STM32U535VCT6, STM32U535VCT6Q, STM32U535VEI6, STM32U535VEI6Q, STM32U535VET6, STM32U535VET6Q, STM32U545CET6, STM32U545CET6Q, STM32U545CEU6, STM32U545CEU6Q, STM32U545JEY6QTR, STM32U545NEY6QTR, STM32U545REI6, STM32U545REI6Q, STM32U545RET6, STM32U545RET6Q, STM32U545VEI6, STM32U545VEI6Q, STM32U545VET6, STM32U545VET6Q, STM32U595AIH6, STM32U595AIH6Q, STM32U595AJH6, STM32U595AJH6Q, STM32U595QII6, STM32U595QII6Q, STM32U595QJI6, STM32U595QJI6Q, STM32U595RIT6, STM32U595RIT6Q, STM32U595RJT6, STM32U595RJT6Q, STM32U595VIT6, STM32U595VIT6Q, STM32U595VJT6, STM32U595VJT6Q, STM32U595ZIT6, STM32U595ZIT6Q, STM32U595ZIY6QTR, STM32U595ZJT6, STM32U595ZJT6Q, STM32U595ZJY6QTR, STM32U599BJY6QTR, STM32U599NIH6Q, STM32U599NJH6Q, STM32U599VIT6Q, STM32U599VJT6, STM32U599VJT6Q, STM32U599ZIT6Q, STM32U599ZIY6QTR, STM32U599ZJT6Q, STM32U599ZJY6QTR, STM32U5A5AJH6, STM32U5A5AJH6Q, STM32U5A5QII3Q , STM32U5A5QJI6, STM32U5A5QJI6Q, STM32U5A5RJT6, STM32U5A5RJT6Q, STM32U5A5VJT6, STM32U5A5VJT6Q, STM32U5A5ZJT6, STM32U5A5ZJT6Q, STM32U5A5ZJY6QTR, STM32U5A9BJY6QTR, STM32U5A9J-DK, STM32U5A9NJH6Q, STM32U5A9VJT6Q, STM32U5A9ZJT6Q, STM32U5A9ZJY6QTR, STM32U5F7VIT6, STM32U5F7VIT6Q, STM32U5F7VJT6, STM32U5F7VJT6Q, STM32U5F9BJY6QTR, STM32U5F9NJH6Q, STM32U5F9VIT6Q, STM32U5F9VJT6Q, STM32U5F9ZIJ6QTR, STM32U5F9ZIT6Q, STM32U5F9ZJJ6QTR, STM32U5F9ZJT6Q, STM32U5G7VJT6, STM32U5G7VJT6Q, STM32U5G9BJY6QTR, STM32U5G9J-DK1, STM32U5G9J-DK2, STM32U5G9NJH6Q, STM32U5G9VJT6Q, STM32U5G9ZJJ6QTR, STM32U5G9ZJT6Q, STM32WB05KZV6TR, STM32WB05KZV7TR, STM32WB05TZF6TR, STM32WB05TZF7TR, STM32WB06CCF6TR, STM32WB06CCF7TR, STM32WB06CCV6TR, STM32WB06CCV7TR, STM32WB06KCV6TR, STM32WB06KCV7TR, STM32WB07CCF6TR, STM32WB07CCF7TR, STM32WB07CCV6TR, STM32WB07CCV7TR, STM32WB07KCV6TR, STM32WB07KCV7TR, STM32WB09KEV6TR, STM32WB09KEV7TR, STM32WB09TEF6TR, STM32WB09TEF7TR, STM32WB1MMCH6, STM32WBA50KGU6, STM32WBA50KGU6TR, STM32WBA52CEU6, STM32WBA52CEU6TR, STM32WBA52CEU7, STM32WBA52CEU7TR, STM32WBA52CGU6, STM32WBA52CGU6TR, STM32WBA52CGU6U, STM32WBA52CGU7, STM32WBA52CGU7TR, STM32WBA52KEU6, STM32WBA52KEU6TR, STM32WBA52KGU6, STM32WBA52KGU6TR, STM32WBA54CEU6, STM32WBA54CEU6TR, STM32WBA54CEU7, STM32WBA54CEU7TR, STM32WBA54CGU6, STM32WBA54CGU6TR, STM32WBA54CGU7, STM32WBA54CGU7TR, STM32WBA54KEU6, STM32WBA54KEU6TR, STM32WBA54KEU7, STM32WBA54KEU7TR, STM32WBA54KGU6, STM32WBA54KGU6TR, STM32WBA54KGU7, STM32WBA54KGU7TR, STM32WBA55CEU6, STM32WBA55CEU6TR, STM32WBA55CEU7, STM32WBA55CEU7TR, STM32WBA55CGU6, STM32WBA55CGU6TR, STM32WBA55CGU6U, STM32WBA55CGU7, STM32WBA55CGU7TR, STM32WBA55G-DK1, STM32WBA55HEF6, STM32WBA55HEF7, STM32WBA55HGF6, STM32WBA55HGF7, STM32WBA55UEI6, STM32WBA55UEI6TR, STM32WBA55UEI7, STM32WBA55UEI7TR, STM32WBA55UGI6, STM32WBA55UGI6TR, STM32WBA55UGI7, STM32WBA55UGI7TR, STM32WBA5MJGH6TR, STM32WBA5MJGH6U, STM32WL33C8V6, STM32WL33C8V6TR, STM32WL33C8V7, STM32WL33C8V7TR, STM32WL33CBV6, STM32WL33CBV6TR, STM32WL33CBV7, STM32WL33CBV7TR, STM32WL33CCV6, STM32WL33CCV6TR, STM32WL33CCV7, STM32WL33CCV7A, STM32WL33CCV7ATR, STM32WL33CCV7TR, STM32WL33K8V6, STM32WL33K8V6TR, STM32WL33K8V7, STM32WL33K8V7TR, STM32WL33KBV6, STM32WL33KBV6TR, STM32WL33KBV7, STM32WL33KBV7TR, STM32WL33KCV6, STM32WL33KCV6TR, STM32WL33KCV7, STM32WL33KCV7TR, STM32WL5MOCH6, STM32WL5MOCH6TR]
2025-12-16 20:39:32,154 [INFO] ApiDb:668 - CubeFinder database Data Model version=2.1
2025-12-16 20:39:32,154 [INFO] ApiDb:669 - CubeFinder database Configuration version=3.0.39
2025-12-16 20:39:32,154 [INFO] ApiDb:670 - CubeFinder database generation date=2025-08-25 (1756130511)
2025-12-16 20:39:32,154 [INFO] ApiDb:671 - CubeFinder database FW Pack versions=[FP-ATR-ASTRA1_V2.0.0, FP-SNS-FLIGHT1_V5.1.0, FP-SNS-MOTENV1_V5.0.0, FP-SNS-MOTENVWB1_V1.4.0, FP-SNS-SMARTAG2_V1.2.0, FP-SNS-STBOX1_V2.1.0, STM32Cube_FW_C0_V1.4.0, STM32Cube_FW_F4_V1.28.3, STM32Cube_FW_F7_V1.17.4, STM32Cube_FW_G0_V1.6.2, STM32Cube_FW_G4_V1.6.1, STM32Cube_FW_H5_V1.5.0, STM32Cube_FW_H7RS_V1.2.0, STM32Cube_FW_H7_V1.12.1, STM32Cube_FW_L0_V1.12.2, STM32Cube_FW_L4_V1.18.1, STM32Cube_FW_L5_V1.5.1, STM32Cube_FW_N6_V1.2.0, STM32Cube_FW_U0_V1.3.0, STM32Cube_FW_U3_V1.2.0, STM32Cube_FW_U5_V1.8.0, STM32Cube_FW_WB0_V1.3.0, STM32Cube_FW_WBA_V1.7.0, STM32Cube_FW_WB_V1.23.0, STM32Cube_FW_WL3_V1.2.0, STM32Cube_FW_WL_V1.3.1, X-CUBE-ALGOBUILD_V1.4.0, X-CUBE-ALS_V1.0.2, X-CUBE-AZRTOS-F4_V1.1.0, X-CUBE-AZRTOS-F7_V1.1.0, X-CUBE-AZRTOS-G0_V1.1.0, X-CUBE-AZRTOS-G4_V2.0.0, X-CUBE-AZRTOS-H7RS_V1.1.0, X-CUBE-AZRTOS-H7_V3.4.0, X-CUBE-AZRTOS-L4_V2.0.0, X-CUBE-AZRTOS-L5_V2.0.0, X-CUBE-AZRTOS-WB_V2.0.0, X-CUBE-AZRTOS-WL_V2.0.0, X-CUBE-BLE1_V7.1.0, X-CUBE-BLE2_V3.3.0, X-CUBE-BLEMGR_V4.1.0, X-CUBE-EEPRMA1_V5.2.0, X-CUBE-FREERTOS_V1.3.1, X-CUBE-GNSS1_V6.0.0, X-CUBE-MEMS1_V11.3.0, X-CUBE-NFC4_V3.0.0, X-CUBE-NFC7_V2.0.0, X-CUBE-SFXS2LP1_V4.0.0, X-CUBE-ST67W61_V1.0.0, X-CUBE-SUBG2_V5.0.0, X-CUBE-TOF1_V3.4.3]
2025-12-16 20:39:33,711 [INFO] ApiDb:240 - Found 858 in-development CPN: [B-G473E-ZEST1S, B-WB1M-WPAN1, B-WBA5M-WPAN, B-WL5M-SUBG1, NUCLEO-C031C6, NUCLEO-C051C8, NUCLEO-C071RB, NUCLEO-C092RC, NUCLEO-H503RB, NUCLEO-H533RE, NUCLEO-H563ZI, NUCLEO-H7S3L8, NUCLEO-N657X0-Q, NUCLEO-U031R8, NUCLEO-U083RC, NUCLEO-U385RG-Q, NUCLEO-U545RE-Q, NUCLEO-U5A5ZJ-Q, NUCLEO-WB05KZ, NUCLEO-WB07CC, NUCLEO-WB09KE, NUCLEO-WBA52CG, NUCLEO-WBA55CG, NUCLEO-WL33CC1, NUCLEO-WL33CC2, STEVAL-PROTEUS1, STEVAL-SMARTAG2, STEVAL-STWINBX1, STM320518-EVAL, STM32C0116-DK, STM32C011D6Y3TR, STM32C011D6Y6TR, STM32C011F4P3, STM32C011F4P6, STM32C011F4U3, STM32C011F4U6TR, STM32C011F6P3, STM32C011F6P6, STM32C011F6U3, STM32C011F6U6TR, STM32C011J4M3, STM32C011J4M6, STM32C011J6M3, STM32C011J6M6, STM32C0316-DK, STM32C031C4T3, STM32C031C4T6, STM32C031C4U3, STM32C031C4U6, STM32C031C6T3, STM32C031C6T6, STM32C031C6U3, STM32C031C6U6, STM32C031F4P3, STM32C031F4P6, STM32C031F6P3, STM32C031F6P6, STM32C031G4U3, STM32C031G4U6, STM32C031G6U3, STM32C031G6U6, STM32C031K4T3, STM32C031K4T6, STM32C031K4U3, STM32C031K4U6, STM32C031K6T3, STM32C031K6T6, STM32C031K6U3, STM32C031K6U6, STM32C051C6T6, STM32C051C6U6, STM32C051C8T6, STM32C051C8U6, STM32C051D8Y6TR, STM32C051F6P6, STM32C051F8P6, STM32C051G6U6, STM32C051G8U6, STM32C051K6T6, STM32C051K6U6, STM32C051K8T6, STM32C071C8T6, STM32C071C8T6N, STM32C071C8U6, STM32C071C8U6N, STM32C071CBT6, STM32C071CBT6N, STM32C071CBU6, STM32C071CBU6N, STM32C071F8P6, STM32C071F8P6N, STM32C071FBP6, STM32C071FBP6N, STM32C071FBY6TR, STM32C071G8U6, STM32C071G8U6N, STM32C071GBU6, STM32C071GBU6N, STM32C071K8T6, STM32C071K8T6N, STM32C071K8U6, STM32C071K8U6N, STM32C071KBT6, STM32C071KBT6N, STM32C071KBU6, STM32C071KBU6N, STM32C071R8T6, STM32C071R8T6N, STM32C071RBI6N, STM32C071RBT6, STM32C071RBT6N, STM32C091CBT6, STM32C091CBU6, STM32C091CCT6, STM32C091CCU6, STM32C091ECY6TR, STM32C091FBP6, STM32C091FCP6, STM32C091GBU6, STM32C091GCU6, STM32C091KBT6, STM32C091KBU6, STM32C091KCT6, STM32C091KCU6, STM32C091RBT6, STM32C091RCI6, STM32C091RCT6, STM32C092CBT6, STM32C092CBU6, STM32C092CCT6, STM32C092CCU6, STM32C092ECY6TR, STM32C092FBP6, STM32C092FCP6, STM32C092GBU6, STM32C092GCU6, STM32C092KBT6, STM32C092KBU6, STM32C092KCT6, STM32C092KCU6, STM32C092RBT6, STM32C092RCI6, STM32C092RCT6, STM32G071K8TXN, STM32G071K8UXN, STM32G081GBU6N, STM32G081KBT6N, STM32G081KBUXN, STM32G0B1CCT6N, STM32G0B1KCT6, STM32G0B1NEY6TR, STM32G0B1RCT6N, STM32G0C1CCT6, STM32G0C1CCT6N, STM32G0C1CCU6N, STM32G0C1CET6N, STM32G0C1CEU6N, STM32G0C1KCT6, STM32G0C1NEY6TR, STM32G0C1RCI6N, STM32G0C1RCT6N, STM32G0C1REI6N, STM32G0C1RET6N, STM32G0C1VCI6, STM32G0C1VEI6, STM32G411C6T3, STM32G411C6T6, STM32G411C6U3, STM32G411C6U6, STM32G411C8T3, STM32G411C8T6, STM32G411C8U3, STM32G411C8U6, STM32G411CBT3, STM32G411CBT6, STM32G411CBU3, STM32G411CBU6, STM32G411CCT3, STM32G411CCT6, STM32G411CCU3, STM32G411CCU6, STM32G411K6T3, STM32G411K6T6, STM32G411K6U3, STM32G411K6U6, STM32G411K8T3, STM32G411K8T6, STM32G411K8U3, STM32G411K8U6, STM32G411KBT3, STM32G411KBT6, STM32G411KBU3, STM32G411KBU6, STM32G411M6T3, STM32G411M6T6, STM32G411M8T3, STM32G411M8T6, STM32G411MBT3, STM32G411MBT6, STM32G411MCT3, STM32G411MCT6, STM32G411R6T3, STM32G411R6T6, STM32G411R8T3, STM32G411R8T6, STM32G411RBT3, STM32G411RBT6, STM32G411RCT3, STM32G411RCT6, STM32G414CBT3, STM32G414CBT6, STM32G414CBU3, STM32G414CBU6, STM32G414CCT3, STM32G414CCT6, STM32G414CCU3, STM32G414CCU6, STM32G414MBT3, STM32G414MBT6, STM32G414MCT3, STM32G414MCT6, STM32G414RBT3, STM32G414RBT6, STM32G414RCT3, STM32G414RCT6, STM32G414VBT3, STM32G414VBT6, STM32G414VCT3, STM32G414VCT6, STM32G431CBT3Z, STM32G431RBT3Z, STM32G471CCT6, STM32G471CCU6, STM32G471CET3, STM32G471CET6, STM32G471CEU3, STM32G471CEU6, STM32G471MCT6, STM32G471MET3, STM32G471MET6, STM32G471MEY6TR, STM32G471QCT6, STM32G471QET3, STM32G471RCT6, STM32G471RET3, STM32G471RET6, STM32G471VCH6, STM32G471VCI6, STM32G471VCT6, STM32G471VEH3, STM32G471VEH6, STM32G471VEI3, STM32G471VEI6, STM32G471VET3, STM32G471VET6, STM32G473QET3Z, STM32G473RET3Z, STM32G474CCT6, STM32G491RET3Z, STM32H503CBT6, STM32H503CBU6, STM32H503EBY6TR, STM32H503KBU6, STM32H503RBT6, STM32H523CCT6, STM32H523CCU6, STM32H523CET6, STM32H523CEU6, STM32H523HEY6TR, STM32H523RCT6, STM32H523RET6, STM32H523VCI6, STM32H523VCT6, STM32H523VEI6, STM32H523VET6, STM32H523ZCJ6, STM32H523ZCT6, STM32H523ZEJ6, STM32H523ZET6, STM32H533CET6, STM32H533CEU6, STM32H533HEY6TR, STM32H533RET6, STM32H533VEI6, STM32H533VET6, STM32H533ZEJ6, STM32H533ZET6, STM32H562AGI6, STM32H562AII6, STM32H562IGK6, STM32H562IGT6, STM32H562IIK6, STM32H562IIT6, STM32H562RGT6, STM32H562RGV6, STM32H562RIT6, STM32H562RIV6, STM32H562VGT6, STM32H562VIT6, STM32H562ZGT6, STM32H562ZIT6, STM32H563AGI6, STM32H563AII3Q, STM32H563AII6, STM32H563IGK6, STM32H563IGT6, STM32H563IIK3Q, STM32H563IIK6, STM32H563IIT3Q, STM32H563IIT6, STM32H563MIY3QTR, STM32H563RGT6, STM32H563RGV6, STM32H563RIT6, STM32H563RIV6, STM32H563VGT6, STM32H563VIT3Q, STM32H563VIT6, STM32H563ZGT6, STM32H563ZIT3Q, STM32H563ZIT6, STM32H573AII3Q, STM32H573AII6, STM32H573I-DK, STM32H573IIK3Q, STM32H573IIK6, STM32H573IIT3Q, STM32H573IIT6, STM32H573MIY3QTR, STM32H573RIT6, STM32H573RIV6, STM32H573VIT3Q, STM32H573VIT6, STM32H573ZIT3Q, STM32H573ZIT6, STM32H7R3A8I6, STM32H7R3I8K6, STM32H7R3I8T6, STM32H7R3L8H6, STM32H7R3L8H6H, STM32H7R3R8V6, STM32H7R3V8H6, STM32H7R3V8T6, STM32H7R3V8Y6TR, STM32H7R3Z8J6, STM32H7R3Z8T6, STM32H7R7A8I6, STM32H7R7I8K6, STM32H7R7I8T6, STM32H7R7L8H6, STM32H7R7L8H6H, STM32H7R7Z8J6, STM32H7S3A8I6, STM32H7S3I8K6, STM32H7S3I8T6, STM32H7S3L8H6, STM32H7S3L8H6H, STM32H7S3R8V6, STM32H7S3V8H6, STM32H7S3V8T6, STM32H7S3V8Y6TR, STM32H7S3Z8J6, STM32H7S3Z8T6, STM32H7S78-DK, STM32H7S7A8I6, STM32H7S7I8K6, STM32H7S7I8T6, STM32H7S7L8H6, STM32H7S7L8H6H, STM32H7S7Z8J6, STM32L4R5QGI6STR, STM32MP131AAE3, STM32MP131AAF3, STM32MP131AAG3, STM32MP131CAE3, STM32MP131CAF3, STM32MP131CAG3, STM32MP131DAE7, STM32MP131DAF7, STM32MP131DAG7, STM32MP131FAE7, STM32MP131FAF7, STM32MP131FAG7, STM32MP133AAE3, STM32MP133AAF3, STM32MP133AAG3, STM32MP133CAE3, STM32MP133CAF3, STM32MP133CAG3, STM32MP133DAE7, STM32MP133DAF7, STM32MP133DAG7, STM32MP133FAE7, STM32MP133FAF7, STM32MP133FAG7, STM32MP135AAE3, STM32MP135AAF3, STM32MP135AAG3, STM32MP135CAE3, STM32MP135CAF3, STM32MP135CAG3, STM32MP135DAE7, STM32MP135DAF7, STM32MP135DAG7, STM32MP135F-DK, STM32MP135FAE7, STM32MP135FAF7, STM32MP135FAF7T, STM32MP135FAF7U, STM32MP135FAG7, STM32MP231AAJ3, STM32MP231AAK3, STM32MP231AAL3, STM32MP231CAJ3, STM32MP231CAK3, STM32MP231CAL3, STM32MP231DAJ3, STM32MP231DAK3, STM32MP231DAL3, STM32MP231FAJ3, STM32MP231FAK3, STM32MP231FAL3, STM32MP233AAJ3, STM32MP233AAK3, STM32MP233AAL3, STM32MP233CAJ3, STM32MP233CAK3, STM32MP233CAL3, STM32MP233DAJ3, STM32MP233DAK3, STM32MP233DAL3, STM32MP233FAJ3, STM32MP233FAK3, STM32MP233FAL3, STM32MP235AAJ3, STM32MP235AAK3, STM32MP235AAL3, STM32MP235CAJ3, STM32MP235CAK3, STM32MP235CAL3, STM32MP235DAJ3, STM32MP235DAK3, STM32MP235DAL3, STM32MP235FAJ3, STM32MP235FAK3, STM32MP235FAL3, STM32MP251AAI3, STM32MP251AAJ3, STM32MP251AAK3, STM32MP251AAL3, STM32MP251CAI3, STM32MP251CAJ3, STM32MP251CAK3, STM32MP251CAL3, STM32MP251DAI3, STM32MP251DAJ3, STM32MP251DAK3, STM32MP251DAL3, STM32MP251FAI3, STM32MP251FAJ3, STM32MP251FAK3, STM32MP251FAL3, STM32MP253AAI3, STM32MP253AAJ3, STM32MP253AAK3, STM32MP253AAL3, STM32MP253CAI3, STM32MP253CAJ3, STM32MP253CAK3, STM32MP253CAL3, STM32MP253DAI3, STM32MP253DAJ3, STM32MP253DAK3, STM32MP253DAL3, STM32MP253FAI3, STM32MP253FAJ3, STM32MP253FAK3, STM32MP253FAL3, STM32MP255AAI3, STM32MP255AAJ3, STM32MP255AAK3, STM32MP255AAL3, STM32MP255CAI3, STM32MP255CAJ3, STM32MP255CAK3, STM32MP255CAL3, STM32MP255DAI3, STM32MP255DAJ3, STM32MP255DAK3, STM32MP255DAL3, STM32MP255FAI3, STM32MP255FAJ3, STM32MP255FAK3, STM32MP255FAL3, STM32MP257AAI3, STM32MP257AAJ3, STM32MP257AAK3, STM32MP257AAL3, STM32MP257CAI3, STM32MP257CAJ3, STM32MP257CAK3, STM32MP257CAL3, STM32MP257DAI3, STM32MP257DAJ3, STM32MP257DAK3, STM32MP257DAL3, STM32MP257F-DK, STM32MP257F-EV1, STM32MP257FAI3, STM32MP257FAJ3, STM32MP257FAK3, STM32MP257FAL3, STM32N645A0H3Q, STM32N645B0H3Q, STM32N645I0H3Q, STM32N645L0H3Q, STM32N645X0H3Q, STM32N645Z0H3Q, STM32N647A0H3Q, STM32N647B0H3Q, STM32N647I0H3Q, STM32N647L0H3Q, STM32N647X0H3Q, STM32N647Z0H3Q, STM32N655A0H3Q, STM32N655B0H3Q, STM32N655I0H3Q, STM32N655L0H3Q, STM32N655X0H3Q, STM32N655Z0H3Q, STM32N6570-DK, STM32N657A0H3Q, STM32N657B0H3Q, STM32N657I0H3Q, STM32N657L0H3Q, STM32N657X0H3Q, STM32N657Z0H3Q, STM32U031C6T6, STM32U031C6U6, STM32U031C8T6, STM32U031C8U6, STM32U031F4P6, STM32U031F6P6, STM32U031F8P6, STM32U031G6Y6TR, STM32U031G8Y6TR, STM32U031K4U6, STM32U031K6U6, STM32U031K8U6, STM32U031R6I6, STM32U031R6T6, STM32U031R8I6, STM32U031R8T6, STM32U073C8T6, STM32U073C8U6, STM32U073CBT6, STM32U073CBU6, STM32U073CCT6, STM32U073CCU6, STM32U073H8Y6TR, STM32U073HBY6TR, STM32U073HCY6TR, STM32U073K8U6, STM32U073KBU6, STM32U073KCU6, STM32U073M8I6, STM32U073M8T6, STM32U073MBI6, STM32U073MBT6, STM32U073MCI6, STM32U073MCT6, STM32U073R8I6, STM32U073R8T6, STM32U073RBI6, STM32U073RBT6, STM32U073RCI6, STM32U073RCT6, STM32U083C-DK, STM32U083CCT6, STM32U083CCU6, STM32U083HCY6TR, STM32U083KCU6, STM32U083MCI6, STM32U083MCT6, STM32U083RCI6, STM32U083RCT6, STM32U375CET6, STM32U375CET6Q, STM32U375CEU6, STM32U375CEU6Q, STM32U375CEY6QTR, STM32U375CGT6, STM32U375CGT6Q, STM32U375CGU6, STM32U375CGU6Q, STM32U375CGY6QTR, STM32U375KEU6, STM32U375KGU6, STM32U375REI6, STM32U375REI6Q, STM32U375RET6, STM32U375RET6Q, STM32U375REY6GTR, STM32U375REY6QTR, STM32U375RGI6, STM32U375RGI6Q, STM32U375RGT6, STM32U375RGT6Q, STM32U375RGY6GTR, STM32U375RGY6QTR, STM32U375VEI6, STM32U375VEI6Q, STM32U375VET6, STM32U375VET6Q, STM32U375VGI6, STM32U375VGI6Q, STM32U375VGT6, STM32U375VGT6Q, STM32U385CGT6, STM32U385CGT6Q, STM32U385CGU6, STM32U385CGU6Q, STM32U385CGY6QTR, STM32U385KGU6, STM32U385RGI6, STM32U385RGI6Q, STM32U385RGT6, STM32U385RGT6Q, STM32U385RGY6GTR, STM32U385RGY6QTR, STM32U385VGI6, STM32U385VGI6Q, STM32U385VGT6, STM32U385VGT6Q, STM32U535CBT6, STM32U535CBT6Q, STM32U535CBU6, STM32U535CBU6Q, STM32U535CCT6, STM32U535CCT6Q, STM32U535CCU6, STM32U535CCU6Q, STM32U535CET6, STM32U535CET6Q, STM32U535CEU6, STM32U535CEU6Q, STM32U535JEY6QTR, STM32U535NCY6QTR, STM32U535NEY6QTR, STM32U535RBI6, STM32U535RBI6Q, STM32U535RBT6, STM32U535RBT6Q, STM32U535RCI6, STM32U535RCI6Q, STM32U535RCT6, STM32U535RCT6Q, STM32U535REI6, STM32U535REI6Q, STM32U535RET6, STM32U535RET6Q, STM32U535VCI6, STM32U535VCI6Q, STM32U535VCT6, STM32U535VCT6Q, STM32U535VEI6, STM32U535VEI6Q, STM32U535VET6, STM32U535VET6Q, STM32U545CET6, STM32U545CET6Q, STM32U545CEU6, STM32U545CEU6Q, STM32U545JEY6QTR, STM32U545NEY6QTR, STM32U545REI6, STM32U545REI6Q, STM32U545RET6, STM32U545RET6Q, STM32U545VEI6, STM32U545VEI6Q, STM32U545VET6, STM32U545VET6Q, STM32U595AIH6, STM32U595AIH6Q, STM32U595AJH6, STM32U595AJH6Q, STM32U595QII6, STM32U595QII6Q, STM32U595QJI6, STM32U595QJI6Q, STM32U595RIT6, STM32U595RIT6Q, STM32U595RJT6, STM32U595RJT6Q, STM32U595VIT6, STM32U595VIT6Q, STM32U595VJT6, STM32U595VJT6Q, STM32U595ZIT6, STM32U595ZIT6Q, STM32U595ZIY6QTR, STM32U595ZJT6, STM32U595ZJT6Q, STM32U595ZJY6QTR, STM32U599BJY6QTR, STM32U599NIH6Q, STM32U599NJH6Q, STM32U599VIT6Q, STM32U599VJT6, STM32U599VJT6Q, STM32U599ZIT6Q, STM32U599ZIY6QTR, STM32U599ZJT6Q, STM32U599ZJY6QTR, STM32U5A5AJH6, STM32U5A5AJH6Q, STM32U5A5QII3Q , STM32U5A5QJI6, STM32U5A5QJI6Q, STM32U5A5RJT6, STM32U5A5RJT6Q, STM32U5A5VJT6, STM32U5A5VJT6Q, STM32U5A5ZJT6, STM32U5A5ZJT6Q, STM32U5A5ZJY6QTR, STM32U5A9BJY6QTR, STM32U5A9J-DK, STM32U5A9NJH6Q, STM32U5A9VJT6Q, STM32U5A9ZJT6Q, STM32U5A9ZJY6QTR, STM32U5F7VIT6, STM32U5F7VIT6Q, STM32U5F7VJT6, STM32U5F7VJT6Q, STM32U5F9BJY6QTR, STM32U5F9NJH6Q, STM32U5F9VIT6Q, STM32U5F9VJT6Q, STM32U5F9ZIJ6QTR, STM32U5F9ZIT6Q, STM32U5F9ZJJ6QTR, STM32U5F9ZJT6Q, STM32U5G7VJT6, STM32U5G7VJT6Q, STM32U5G9BJY6QTR, STM32U5G9J-DK1, STM32U5G9J-DK2, STM32U5G9NJH6Q, STM32U5G9VJT6Q, STM32U5G9ZJJ6QTR, STM32U5G9ZJT6Q, STM32WB05KZV6TR, STM32WB05KZV7TR, STM32WB05TZF6TR, STM32WB05TZF7TR, STM32WB06CCF6TR, STM32WB06CCF7TR, STM32WB06CCV6TR, STM32WB06CCV7TR, STM32WB06KCV6TR, STM32WB06KCV7TR, STM32WB07CCF6TR, STM32WB07CCF7TR, STM32WB07CCV6TR, STM32WB07CCV7TR, STM32WB07KCV6TR, STM32WB07KCV7TR, STM32WB09KEV6TR, STM32WB09KEV7TR, STM32WB09TEF6TR, STM32WB09TEF7TR, STM32WB1MMCH6, STM32WBA50KGU6, STM32WBA50KGU6TR, STM32WBA52CEU6, STM32WBA52CEU6TR, STM32WBA52CEU7, STM32WBA52CEU7TR, STM32WBA52CGU6, STM32WBA52CGU6TR, STM32WBA52CGU6U, STM32WBA52CGU7, STM32WBA52CGU7TR, STM32WBA52KEU6, STM32WBA52KEU6TR, STM32WBA52KGU6, STM32WBA52KGU6TR, STM32WBA54CEU6, STM32WBA54CEU6TR, STM32WBA54CEU7, STM32WBA54CEU7TR, STM32WBA54CGU6, STM32WBA54CGU6TR, STM32WBA54CGU7, STM32WBA54CGU7TR, STM32WBA54KEU6, STM32WBA54KEU6TR, STM32WBA54KEU7, STM32WBA54KEU7TR, STM32WBA54KGU6, STM32WBA54KGU6TR, STM32WBA54KGU7, STM32WBA54KGU7TR, STM32WBA55CEU6, STM32WBA55CEU6TR, STM32WBA55CEU7, STM32WBA55CEU7TR, STM32WBA55CGU6, STM32WBA55CGU6TR, STM32WBA55CGU6U, STM32WBA55CGU7, STM32WBA55CGU7TR, STM32WBA55G-DK1, STM32WBA55HEF6, STM32WBA55HEF7, STM32WBA55HGF6, STM32WBA55HGF7, STM32WBA55UEI6, STM32WBA55UEI6TR, STM32WBA55UEI7, STM32WBA55UEI7TR, STM32WBA55UGI6, STM32WBA55UGI6TR, STM32WBA55UGI7, STM32WBA55UGI7TR, STM32WBA5MJGH6TR, STM32WBA5MJGH6U, STM32WL33C8V6, STM32WL33C8V6TR, STM32WL33C8V7, STM32WL33C8V7TR, STM32WL33CBV6, STM32WL33CBV6TR, STM32WL33CBV7, STM32WL33CBV7TR, STM32WL33CCV6, STM32WL33CCV6TR, STM32WL33CCV7, STM32WL33CCV7A, STM32WL33CCV7ATR, STM32WL33CCV7TR, STM32WL33K8V6, STM32WL33K8V6TR, STM32WL33K8V7, STM32WL33K8V7TR, STM32WL33KBV6, STM32WL33KBV6TR, STM32WL33KBV7, STM32WL33KBV7TR, STM32WL33KCV6, STM32WL33KCV6TR, STM32WL33KCV7, STM32WL33KCV7TR, STM32WL5MOCH6, STM32WL5MOCH6TR]
2025-12-16 20:39:33,716 [INFO] DbMcus:218 - Found 4736 MCUs, 4736 are supported
2025-12-16 20:39:33,718 [INFO] ApiDb:423 - Load user favorites file C:\Users\kamil/.stm32cubeide/favorites.mcus.txt: 0 item(s)
2025-12-16 20:39:33,718 [INFO] ApiDb:427 - User favorites MCUs=[]
2025-12-16 20:39:33,718 [INFO] DbMcus:224 - Set 0 / 0 favorites MCUs
2025-12-16 20:39:34,298 [INFO] BoardInfo:889 - No configuration file found for board NUCLEO-WBA65RI
2025-12-16 20:39:34,299 [INFO] DbBoards:161 - Board is not supported: NUCLEO-WBA65RI
2025-12-16 20:39:34,309 [INFO] BoardInfo:889 - No configuration file found for board P-NUCLEO-WB55
2025-12-16 20:39:34,311 [INFO] DbBoards:161 - Kit is not supported: P-NUCLEO-WB55
2025-12-16 20:39:34,319 [INFO] BoardInfo:889 - No configuration file found for board STEVAL-BFA001V1B
2025-12-16 20:39:34,320 [INFO] DbBoards:161 - Kit is not supported: STEVAL-BFA001V1B
2025-12-16 20:39:34,322 [INFO] BoardInfo:889 - No configuration file found for board STEVAL-BFA001V2B
2025-12-16 20:39:34,323 [INFO] DbBoards:161 - Kit is not supported: STEVAL-BFA001V2B
2025-12-16 20:39:34,539 [INFO] BoardInfo:889 - No configuration file found for board STM32WBA65I-DK1
2025-12-16 20:39:34,541 [INFO] DbBoards:161 - Board is not supported: STM32WBA65I-DK1
2025-12-16 20:39:34,542 [INFO] DbBoards:168 - Found 211 boards, 206 are supported
2025-12-16 20:39:34,542 [INFO] DbBoards:169 - Found 211 boards, 42 of them is supported for  Bsp
2025-12-16 20:39:34,544 [INFO] ApiDb:423 - Load user favorites file C:\Users\kamil/.stm32cubeide/favorites.boards.txt: 0 item(s)
2025-12-16 20:39:34,544 [INFO] ApiDb:427 - User favorites Boards=[]
2025-12-16 20:39:34,544 [INFO] DbBoards:198 - Set 0 / 0 favorites Boards
2025-12-16 20:39:34,591 [INFO] UtilMem:75 - End LoadConfig() Used Memory: 832848272 Bytes (1073741824)
2025-12-16 20:39:34,747 [WARN] ThirdParty:833 - waiting for thirdparty lock release [change project]
2025-12-16 20:39:34,747 [INFO] ThirdParty:835 - entering critical section [change project]
2025-12-16 20:39:34,747 [INFO] ThirdParty:1030 - CMSIS Pack Vendor :STMicroelectronics X-CUBE-PM33A1 1.0.0
2025-12-16 20:39:34,747 [INFO] ThirdParty:1030 - CMSIS Pack Vendor :STMicroelectronics USBPD 4.1
2025-12-16 20:39:34,747 [INFO] ThirdParty:1030 - CMSIS Pack Vendor :STMicroelectronics USB_HOST 2.0.0
2025-12-16 20:39:34,747 [INFO] ThirdParty:1030 - CMSIS Pack Vendor :STMicroelectronics FP-SNS-MOTENVWB1 1.4.0
2025-12-16 20:39:34,747 [INFO] ThirdParty:1030 - CMSIS Pack Vendor :STMicroelectronics X-CUBE-AZRTOS-F4 1.1.0
2025-12-16 20:39:34,747 [INFO] ThirdParty:1030 - CMSIS Pack Vendor :STMicroelectronics LIBJPEG 8.0.0
2025-12-16 20:39:34,747 [INFO] ThirdParty:1030 - CMSIS Pack Vendor :STMicroelectronics FP-ATR-ASTRA1 2.0.2
2025-12-16 20:39:34,747 [INFO] ThirdParty:1030 - CMSIS Pack Vendor :STMicroelectronics FP-ATR-ASTRA1 2.0.1
2025-12-16 20:39:34,747 [INFO] ThirdParty:1030 - CMSIS Pack Vendor :STMicroelectronics X-CUBE-SMBUS 2.1.0
2025-12-16 20:39:34,747 [INFO] ThirdParty:1030 - CMSIS Pack Vendor :STMicroelectronics X-CUBE-WB05N 1.1.0
2025-12-16 20:39:34,747 [INFO] ThirdParty:1030 - CMSIS Pack Vendor :STMicroelectronics X-CUBE-ISPU 2.1.0
2025-12-16 20:39:34,747 [INFO] ThirdParty:1030 - CMSIS Pack Vendor :STMicroelectronics X-CUBE-FREERTOS 1.2.0
2025-12-16 20:39:34,747 [INFO] ThirdParty:1030 - CMSIS Pack Vendor :STMicroelectronics X-CUBE-ST60 1.0.0
2025-12-16 20:39:34,747 [INFO] ThirdParty:1030 - CMSIS Pack Vendor :STMicroelectronics X-CUBE-NFC12 1.0.0
2025-12-16 20:39:34,747 [INFO] ThirdParty:1030 - CMSIS Pack Vendor :STMicroelectronics X-CUBE-AZRTOS-F7 1.1.0
2025-12-16 20:39:34,747 [INFO] ThirdParty:1030 - CMSIS Pack Vendor :STMicroelectronics X-CUBE-AZRTOS-L5 2.0.0
2025-12-16 20:39:34,747 [INFO] ThirdParty:1030 - CMSIS Pack Vendor :STMicroelectronics USB_DEVICE 2.0.0
2025-12-16 20:39:34,747 [INFO] ThirdParty:1030 - CMSIS Pack Vendor :STMicroelectronics X-CUBE-NFC6 3.1.0
2025-12-16 20:39:34,747 [INFO] ThirdParty:1030 - CMSIS Pack Vendor :ARM CMSIS 5.7.0
2025-12-16 20:39:34,747 [INFO] ThirdParty:1030 - CMSIS Pack Vendor :STMicroelectronics X-CUBE-MEMS1 11.0.0
2025-12-16 20:39:34,747 [INFO] ThirdParty:1030 - CMSIS Pack Vendor :STMicroelectronics FreeRTOS 0.0.1
2025-12-16 20:39:34,747 [INFO] ThirdParty:1030 - CMSIS Pack Vendor :STMicroelectronics X-CUBE-DPower 1.2.0
2025-12-16 20:39:34,747 [INFO] ThirdParty:1030 - CMSIS Pack Vendor :STMicroelectronics FP-SNS-FLIGHT1 5.0.2
2025-12-16 20:39:34,747 [INFO] ThirdParty:1030 - CMSIS Pack Vendor :STMicroelectronics PDM2PCM 3.3.0
2025-12-16 20:39:34,747 [INFO] ThirdParty:1030 - CMSIS Pack Vendor :STMicroelectronics X-CUBE-AZRTOS-H7 3.4.0
2025-12-16 20:39:34,747 [INFO] ThirdParty:1030 - CMSIS Pack Vendor :STMicroelectronics X-CUBE-DISPLAY 3.0.0
2025-12-16 20:39:34,747 [INFO] ThirdParty:1030 - CMSIS Pack Vendor :STMicroelectronics X-CUBE-BLE1 7.0.0
2025-12-16 20:39:34,748 [INFO] ThirdParty:1030 - CMSIS Pack Vendor :STMicroelectronics X-CUBE-NFC10 1.0.0
2025-12-16 20:39:34,748 [INFO] ThirdParty:1030 - CMSIS Pack Vendor :STMicroelectronics X-CUBE-BLEMGR 4.0.0
2025-12-16 20:39:34,748 [INFO] ThirdParty:1030 - CMSIS Pack Vendor :STMicroelectronics X-CUBE-FREERTOS 1.3.1
2025-12-16 20:39:34,748 [INFO] ThirdParty:1030 - CMSIS Pack Vendor :STMicroelectronics HAL Drivers 0.0.0
2025-12-16 20:39:34,748 [INFO] ThirdParty:1030 - CMSIS Pack Vendor :STMicroelectronics X-CUBE-ST60 1.1.0
2025-12-16 20:39:34,748 [INFO] ThirdParty:1030 - CMSIS Pack Vendor :emotas I-CUBE-CANOPEN 1.3.0
2025-12-16 20:39:34,748 [INFO] ThirdParty:1030 - CMSIS Pack Vendor :STMicroelectronics X-CUBE-FREERTOS 1.3.0
2025-12-16 20:39:34,748 [INFO] ThirdParty:1030 - CMSIS Pack Vendor :STMicroelectronics X-CUBE-NFC7 1.0.1
2025-12-16 20:39:34,748 [INFO] ThirdParty:1030 - CMSIS Pack Vendor :STMicroelectronics MBEDTLS 2.14.1
2025-12-16 20:39:34,748 [INFO] ThirdParty:1030 - CMSIS Pack Vendor :STMicroelectronics X-CUBE-GNSS1 7.1.0
2025-12-16 20:39:34,748 [INFO] ThirdParty:1030 - CMSIS Pack Vendor :STMicroelectronics X-CUBE-TOUCHGFX 4.26.0
2025-12-16 20:39:34,748 [INFO] ThirdParty:1030 - CMSIS Pack Vendor :STMicroelectronics X-CUBE-BLEMGR 3.1.0
2025-12-16 20:39:34,748 [INFO] ThirdParty:1030 - CMSIS Pack Vendor :STMicroelectronics X-CUBE-AI 10.0.0
2025-12-16 20:39:34,748 [INFO] ThirdParty:1030 - CMSIS Pack Vendor :STMicroelectronics FP-SNS-STAIOTCFT 1.0.0
2025-12-16 20:39:34,748 [INFO] ThirdParty:1030 - CMSIS Pack Vendor :STMicroelectronics FP-SNS-SMARTAG2 1.2.0
2025-12-16 20:39:34,748 [INFO] ThirdParty:1030 - CMSIS Pack Vendor :STMicroelectronics FP-SNS-FLIGHT1 5.1.0
2025-12-16 20:39:34,748 [INFO] ThirdParty:1030 - CMSIS Pack Vendor :STMicroelectronics X-CUBE-MEMS1 11.1.0
2025-12-16 20:39:34,748 [INFO] ThirdParty:1030 - CMSIS Pack Vendor :STMicroelectronics X-CUBE-AZRTOS-WL 2.0.0
2025-12-16 20:39:34,748 [INFO] ThirdParty:1030 - CMSIS Pack Vendor :STMicroelectronics X-CUBE-DPower 1.3.0
2025-12-16 20:39:34,748 [INFO] ThirdParty:1030 - CMSIS Pack Vendor :STMicroelectronics FP-SNS-MOTENV1 5.0.0
2025-12-16 20:39:34,748 [INFO] ThirdParty:1030 - CMSIS Pack Vendor :STMicroelectronics USB_DEVICE 1.0.0
2025-12-16 20:39:34,748 [INFO] ThirdParty:1030 - CMSIS Pack Vendor :STMicroelectronics X-CUBE-AZRTOS-H7RS 1.2.0
2025-12-16 20:39:34,748 [INFO] ThirdParty:1030 - CMSIS Pack Vendor :wolfSSL I-CUBE-wolfMQTT 1.19.0
2025-12-16 20:39:34,748 [INFO] ThirdParty:1030 - CMSIS Pack Vendor :STMicroelectronics X-CUBE-AZRTOS-L4 2.0.0
2025-12-16 20:39:34,748 [INFO] ThirdParty:1030 - CMSIS Pack Vendor :STMicroelectronics ThreadX 0.0.2
2025-12-16 20:39:34,748 [INFO] ThirdParty:1030 - CMSIS Pack Vendor :WES I-CUBE-Cesium 1.3.0
2025-12-16 20:39:34,748 [INFO] ThirdParty:1030 - CMSIS Pack Vendor :STMicroelectronics lwIP 2.1.2
2025-12-16 20:39:34,748 [INFO] ThirdParty:1030 - CMSIS Pack Vendor :STMicroelectronics X-CUBE-SFXS2LP1 4.0.0
2025-12-16 20:39:34,748 [INFO] ThirdParty:1030 - CMSIS Pack Vendor :STMicroelectronics X-CUBE-BLE2 3.3.0
2025-12-16 20:39:34,748 [INFO] ThirdParty:1030 - CMSIS Pack Vendor :Avnet-IOTCONNECT X-CUBE-iotc-st67-sdk 1.0.0
2025-12-16 20:39:34,748 [INFO] ThirdParty:1030 - CMSIS Pack Vendor :STMicroelectronics PDM2PCM 3.2.0
2025-12-16 20:39:34,748 [INFO] ThirdParty:1030 - CMSIS Pack Vendor :STMicroelectronics X-CUBE-AZRTOS-H7 3.3.0
2025-12-16 20:39:34,748 [INFO] ThirdParty:1030 - CMSIS Pack Vendor :STMicroelectronics X-CUBE-NFC9 1.0.0
2025-12-16 20:39:34,748 [INFO] ThirdParty:1030 - CMSIS Pack Vendor :STMicroelectronics X-CUBE-BLE1 7.1.0
2025-12-16 20:39:34,748 [INFO] ThirdParty:1030 - CMSIS Pack Vendor :STMicroelectronics USB_DEVICE 3.0.0
2025-12-16 20:39:34,748 [INFO] ThirdParty:1030 - CMSIS Pack Vendor :STMicroelectronics X-CUBE-TCPP 4.1.0
2025-12-16 20:39:34,748 [INFO] ThirdParty:1030 - CMSIS Pack Vendor :STMicroelectronics X-CUBE-EEPRMA1 5.2.0
2025-12-16 20:39:34,748 [INFO] ThirdParty:1030 - CMSIS Pack Vendor :STMicroelectronics X-CUBE-BLEMGR 4.1.0
2025-12-16 20:39:34,748 [INFO] ThirdParty:1030 - CMSIS Pack Vendor :STMicroelectronics X-CUBE-IPS 3.0.0
2025-12-16 20:39:34,748 [INFO] ThirdParty:1030 - CMSIS Pack Vendor :STMicroelectronics X-CUBE-AZRTOS-WB 2.0.0
2025-12-16 20:39:34,748 [INFO] ThirdParty:1030 - CMSIS Pack Vendor :STMicroelectronics X-CUBE-GNSS1 7.0.0
2025-12-16 20:39:34,748 [INFO] ThirdParty:1030 - CMSIS Pack Vendor :STMicroelectronics X-CUBE-GNSS1 7.0.1
2025-12-16 20:39:34,749 [INFO] ThirdParty:1030 - CMSIS Pack Vendor :STMicroelectronics X-CUBE-TOUCHGFX 4.25.0
2025-12-16 20:39:34,749 [INFO] ThirdParty:1030 - CMSIS Pack Vendor :STMicroelectronics FP-SNS-STBOX1 2.0.0
2025-12-16 20:39:34,749 [INFO] ThirdParty:1030 - CMSIS Pack Vendor :STMicroelectronics X-CUBE-MEMS1 12.0.0
2025-12-16 20:39:34,749 [INFO] ThirdParty:1030 - CMSIS Pack Vendor :STMicroelectronics X-CUBE-AZRTOS-G0 1.1.0
2025-12-16 20:39:34,749 [INFO] ThirdParty:1030 - CMSIS Pack Vendor :STMicroelectronics X-CUBE-SAFEA1 1.2.2
2025-12-16 20:39:34,749 [INFO] ThirdParty:1030 - CMSIS Pack Vendor :STMicroelectronics X-CUBE-NFC4 3.0.0
2025-12-16 20:39:34,749 [INFO] ThirdParty:1030 - CMSIS Pack Vendor :STMicroelectronics X-CUBE-SUBG2 5.0.0
2025-12-16 20:39:34,749 [INFO] ThirdParty:1030 - CMSIS Pack Vendor :STMicroelectronics X-CUBE-AZRTOS-H7RS 1.1.0
2025-12-16 20:39:34,749 [INFO] ThirdParty:1030 - CMSIS Pack Vendor :STMicroelectronics STM32_WPAN 1.0.0
2025-12-16 20:39:34,749 [INFO] ThirdParty:1030 - CMSIS Pack Vendor :EmbeddedOffice I-CUBE-FS-RTOS 1.0.1
2025-12-16 20:39:34,749 [INFO] ThirdParty:1030 - CMSIS Pack Vendor :STMicroelectronics lwIP 2.0.3
2025-12-16 20:39:34,749 [INFO] ThirdParty:1030 - CMSIS Pack Vendor :Cesanta I-CUBE-Mongoose 7.13.0
2025-12-16 20:39:34,749 [INFO] ThirdParty:1030 - CMSIS Pack Vendor :STMicroelectronics USB_HOST 1.0.0
2025-12-16 20:39:34,749 [INFO] ThirdParty:1030 - CMSIS Pack Vendor :STMicroelectronics X-CUBE-AZRTOS-G4 2.0.0
2025-12-16 20:39:34,749 [INFO] ThirdParty:1030 - CMSIS Pack Vendor :STMicroelectronics X-CUBE-WB05N 2.0.0
2025-12-16 20:39:34,749 [INFO] ThirdParty:1030 - CMSIS Pack Vendor :STMicroelectronics PDM2PCM 3.1.0
2025-12-16 20:39:34,749 [INFO] ThirdParty:1030 - CMSIS Pack Vendor :STMicroelectronics X-CUBE-NFC7 2.0.0
2025-12-16 20:39:34,749 [INFO] ThirdParty:1030 - CMSIS Pack Vendor :STMicroelectronics X-CUBE-TCPP 4.2.0
2025-12-16 20:39:34,749 [INFO] ThirdParty:1030 - CMSIS Pack Vendor :RealThread X-CUBE-RT-Thread_Nano 4.1.1
2025-12-16 20:39:34,749 [INFO] ThirdParty:1030 - CMSIS Pack Vendor :STMicroelectronics FP-ATR-SIGFOX1 3.2.0
2025-12-16 20:39:34,749 [INFO] ThirdParty:1030 - CMSIS Pack Vendor :wolfSSL I-CUBE-wolfSSL 5.7.2
2025-12-16 20:39:34,749 [INFO] ThirdParty:1030 - CMSIS Pack Vendor :quantropi X-CUBE-qispace-sdk-base 1.9.3
2025-12-16 20:39:34,749 [INFO] ThirdParty:1030 - CMSIS Pack Vendor :STMicroelectronics X-CUBE-EEPRMA1 5.1.0
2025-12-16 20:39:34,749 [INFO] ThirdParty:1030 - CMSIS Pack Vendor :STMicroelectronics MBEDTLS 2.16.2
2025-12-16 20:39:34,749 [INFO] ThirdParty:1030 - CMSIS Pack Vendor :STMicroelectronics X-CUBE-IPS 3.1.0
2025-12-16 20:39:34,749 [INFO] ThirdParty:1030 - CMSIS Pack Vendor :STMicroelectronics X-CUBE-ALS 1.0.2
2025-12-16 20:39:34,749 [INFO] ThirdParty:1030 - CMSIS Pack Vendor :ITTIA_DB I-CUBE-ITTIADB 8.9.0
2025-12-16 20:39:34,749 [INFO] ThirdParty:1030 - CMSIS Pack Vendor :STMicroelectronics X-CUBE-TOUCHGFX 4.24.1
2025-12-16 20:39:34,749 [INFO] ThirdParty:1030 - CMSIS Pack Vendor :STMicroelectronics X-CUBE-STSE01 1.0.0
2025-12-16 20:39:34,749 [INFO] ThirdParty:1030 - CMSIS Pack Vendor :wolfSSL I-CUBE-wolfTPM 3.4.0
2025-12-16 20:39:34,749 [INFO] ThirdParty:1030 - CMSIS Pack Vendor :portGmbH I-Cube-SoM-uGOAL 1.1.0
2025-12-16 20:39:34,749 [INFO] ThirdParty:1030 - CMSIS Pack Vendor :STMicroelectronics X-CUBE-ST67W61 1.0.0
2025-12-16 20:39:34,749 [INFO] ThirdParty:1030 - CMSIS Pack Vendor :STMicroelectronics X-CUBE-AI 10.2.0
2025-12-16 20:39:34,749 [INFO] ThirdParty:1030 - CMSIS Pack Vendor :STMicroelectronics ThreadX 1.0.0
2025-12-16 20:39:34,749 [INFO] ThirdParty:1030 - CMSIS Pack Vendor :SEGGER I-CUBE-embOS 1.3.1
2025-12-16 20:39:34,749 [INFO] ThirdParty:1030 - CMSIS Pack Vendor :STMicroelectronics X-CUBE-ALGOBUILD 1.4.0
2025-12-16 20:39:34,749 [INFO] ThirdParty:1030 - CMSIS Pack Vendor :STMicroelectronics X-CUBE-MEMS1 11.3.0
2025-12-16 20:39:34,749 [INFO] ThirdParty:1030 - CMSIS Pack Vendor :STMicroelectronics X-CUBE-AZRTOS-H7RS 1.0.0
2025-12-16 20:39:34,749 [INFO] ThirdParty:1030 - CMSIS Pack Vendor :STMicroelectronics FP-ATR-ASTRA1 2.0.0
2025-12-16 20:39:34,749 [INFO] ThirdParty:1030 - CMSIS Pack Vendor :STMicroelectronics X-CUBE-TOF1 3.4.2
2025-12-16 20:39:34,749 [INFO] ThirdParty:1030 - CMSIS Pack Vendor :STMicroelectronics X-CUBE-TOF1 3.4.3
2025-12-16 20:39:34,749 [INFO] ThirdParty:1030 - CMSIS Pack Vendor :STMicroelectronics X-CUBE-AI 9.1.0
2025-12-16 20:39:34,749 [INFO] ThirdParty:1030 - CMSIS Pack Vendor :Infineon AIROC-Wi-Fi-Bluetooth-STM32 1.6.1
2025-12-16 20:39:34,749 [INFO] ThirdParty:1030 - CMSIS Pack Vendor :wolfSSL I-CUBE-wolfSSH 1.4.17
2025-12-16 20:39:34,749 [INFO] ThirdParty:841 - exiting critical section [change project]
2025-12-16 20:39:35,313 [INFO] PinOutPanel:1589 - setPackage(No Configuration,No Configuration)
2025-12-16 20:39:35,315 [INFO] PinOutPanel:1589 - setPackage(STM32H743IITx,LQFP176)
2025-12-16 20:39:35,947 [INFO] UtilMem:75 - Before build in PCC Used Memory: 739217976 Bytes (1073741824)
2025-12-16 20:39:36,715 [INFO] UtilMem:75 - After build in PCC Used Memory: 825727544 Bytes (1073741824)
2025-12-16 20:39:36,761 [INFO] IPUIPlugin:80 - create IPUIPlugin
2025-12-16 20:39:36,761 [INFO] IPUIPlugin:80 - create IPUIPlugin
2025-12-16 20:39:36,761 [INFO] IPUIPlugin:80 - create IPUIPlugin
2025-12-16 20:39:36,762 [INFO] IPUIPlugin:80 - create IPUIPlugin
2025-12-16 20:39:36,762 [INFO] IPUIPlugin:80 - create IPUIPlugin
2025-12-16 20:39:36,762 [INFO] IPUIPlugin:80 - create IPUIPlugin
2025-12-16 20:39:36,762 [INFO] IPUIPlugin:80 - create IPUIPlugin
2025-12-16 20:39:36,762 [INFO] IPUIPlugin:80 - create IPUIPlugin
2025-12-16 20:39:36,762 [INFO] IPUIPlugin:80 - create IPUIPlugin
2025-12-16 20:39:36,762 [INFO] IPUIPlugin:80 - create IPUIPlugin
2025-12-16 20:39:36,762 [INFO] IPUIPlugin:80 - create IPUIPlugin
2025-12-16 20:39:36,762 [INFO] IPUIPlugin:80 - create IPUIPlugin
2025-12-16 20:39:36,762 [INFO] IPUIPlugin:80 - create IPUIPlugin
2025-12-16 20:39:36,762 [INFO] IPUIPlugin:80 - create IPUIPlugin
2025-12-16 20:39:36,762 [INFO] IPUIPlugin:80 - create IPUIPlugin
2025-12-16 20:39:36,763 [INFO] IPUIPlugin:80 - create IPUIPlugin
2025-12-16 20:39:36,763 [INFO] IPUIPlugin:80 - create IPUIPlugin
2025-12-16 20:39:36,763 [INFO] IPUIPlugin:80 - create IPUIPlugin
2025-12-16 20:39:36,763 [INFO] IPUIPlugin:80 - create IPUIPlugin
2025-12-16 20:39:36,763 [INFO] IPUIPlugin:80 - create IPUIPlugin
2025-12-16 20:39:36,763 [INFO] IPUIPlugin:80 - create IPUIPlugin
2025-12-16 20:39:36,763 [INFO] IPUIPlugin:80 - create IPUIPlugin
2025-12-16 20:39:36,763 [INFO] IPUIPlugin:80 - create IPUIPlugin
2025-12-16 20:39:36,763 [INFO] IPUIPlugin:80 - create IPUIPlugin
2025-12-16 20:39:36,763 [INFO] IPUIPlugin:80 - create IPUIPlugin
2025-12-16 20:39:36,763 [INFO] IPUIPlugin:80 - create IPUIPlugin
2025-12-16 20:39:36,763 [INFO] IPUIPlugin:80 - create IPUIPlugin
2025-12-16 20:39:36,764 [INFO] IPUIPlugin:80 - create IPUIPlugin
2025-12-16 20:39:36,764 [INFO] IPUIPlugin:80 - create IPUIPlugin
2025-12-16 20:39:36,764 [INFO] IPUIPlugin:80 - create IPUIPlugin
2025-12-16 20:39:36,764 [INFO] IPUIPlugin:80 - create IPUIPlugin
2025-12-16 20:39:36,764 [INFO] IPUIPlugin:80 - create IPUIPlugin
2025-12-16 20:39:36,764 [INFO] IPUIPlugin:80 - create IPUIPlugin
2025-12-16 20:39:36,765 [INFO] IPUIPlugin:80 - create IPUIPlugin
2025-12-16 20:39:36,765 [INFO] IPUIPlugin:80 - create IPUIPlugin
2025-12-16 20:39:36,765 [INFO] IPUIPlugin:80 - create IPUIPlugin
2025-12-16 20:39:36,765 [INFO] IPUIPlugin:80 - create IPUIPlugin
2025-12-16 20:39:36,766 [INFO] IPUIPlugin:80 - create IPUIPlugin
2025-12-16 20:39:36,766 [INFO] IPUIPlugin:80 - create IPUIPlugin
2025-12-16 20:39:36,766 [INFO] IPUIPlugin:80 - create IPUIPlugin
2025-12-16 20:39:36,766 [INFO] IPUIPlugin:80 - create IPUIPlugin
2025-12-16 20:39:36,766 [INFO] IPUIPlugin:80 - create IPUIPlugin
2025-12-16 20:39:36,768 [INFO] IPUIPlugin:80 - create IPUIPlugin
2025-12-16 20:39:36,768 [INFO] IPUIPlugin:80 - create IPUIPlugin
2025-12-16 20:39:36,768 [INFO] IPUIPlugin:80 - create IPUIPlugin
2025-12-16 20:39:36,768 [INFO] IPUIPlugin:80 - create IPUIPlugin
2025-12-16 20:39:36,769 [INFO] IPUIPlugin:80 - create IPUIPlugin
2025-12-16 20:39:36,769 [INFO] IPUIPlugin:80 - create IPUIPlugin
2025-12-16 20:39:36,769 [INFO] IPUIPlugin:80 - create IPUIPlugin
2025-12-16 20:39:36,769 [INFO] IPUIPlugin:80 - create IPUIPlugin
2025-12-16 20:39:36,769 [INFO] IPUIPlugin:80 - create IPUIPlugin
2025-12-16 20:39:36,769 [INFO] IPUIPlugin:80 - create IPUIPlugin
2025-12-16 20:39:36,770 [INFO] IPUIPlugin:80 - create IPUIPlugin
2025-12-16 20:39:36,770 [INFO] IPUIPlugin:80 - create IPUIPlugin
2025-12-16 20:39:36,770 [INFO] IPUIPlugin:80 - create IPUIPlugin
2025-12-16 20:39:36,771 [INFO] IPUIPlugin:80 - create IPUIPlugin
2025-12-16 20:39:36,771 [INFO] IPUIPlugin:80 - create IPUIPlugin
2025-12-16 20:39:36,771 [INFO] IPUIPlugin:80 - create IPUIPlugin
2025-12-16 20:39:36,771 [INFO] IPUIPlugin:80 - create IPUIPlugin
2025-12-16 20:39:36,771 [INFO] IPUIPlugin:80 - create IPUIPlugin
2025-12-16 20:39:36,771 [INFO] IPUIPlugin:80 - create IPUIPlugin
2025-12-16 20:39:36,772 [INFO] IPUIPlugin:80 - create IPUIPlugin
2025-12-16 20:39:36,772 [INFO] IPUIPlugin:80 - create IPUIPlugin
2025-12-16 20:39:36,772 [INFO] IPUIPlugin:80 - create IPUIPlugin
2025-12-16 20:39:36,772 [INFO] IPUIPlugin:80 - create IPUIPlugin
2025-12-16 20:39:36,773 [INFO] IPUIPlugin:80 - create IPUIPlugin
2025-12-16 20:39:36,773 [INFO] IPUIPlugin:80 - create IPUIPlugin
2025-12-16 20:39:36,773 [INFO] IPUIPlugin:80 - create IPUIPlugin
2025-12-16 20:39:36,773 [INFO] IPUIPlugin:80 - create IPUIPlugin
2025-12-16 20:39:36,774 [INFO] IPUIPlugin:80 - create IPUIPlugin
2025-12-16 20:39:36,774 [INFO] IPUIPlugin:80 - create IPUIPlugin
2025-12-16 20:39:36,774 [INFO] IPUIPlugin:80 - create IPUIPlugin
2025-12-16 20:39:36,774 [INFO] IPUIPlugin:80 - create IPUIPlugin
2025-12-16 20:39:36,775 [INFO] IPUIPlugin:80 - create IPUIPlugin
2025-12-16 20:39:36,775 [INFO] IPUIPlugin:80 - create IPUIPlugin
2025-12-16 20:39:36,775 [INFO] IPUIPlugin:80 - create IPUIPlugin
2025-12-16 20:39:36,775 [INFO] IPUIPlugin:80 - create IPUIPlugin
2025-12-16 20:39:36,775 [INFO] IPUIPlugin:80 - create IPUIPlugin
2025-12-16 20:39:36,775 [INFO] IPUIPlugin:80 - create IPUIPlugin
2025-12-16 20:39:36,775 [INFO] IPUIPlugin:80 - create IPUIPlugin
2025-12-16 20:39:36,777 [INFO] IPUIPlugin:80 - create IPUIPlugin
2025-12-16 20:39:36,777 [INFO] IPUIPlugin:80 - create IPUIPlugin
2025-12-16 20:39:36,778 [INFO] IPUIPlugin:80 - create IPUIPlugin
2025-12-16 20:39:36,778 [INFO] IPUIPlugin:80 - create IPUIPlugin
2025-12-16 20:39:36,778 [INFO] IPUIPlugin:80 - create IPUIPlugin
2025-12-16 20:39:36,778 [INFO] IPUIPlugin:80 - create IPUIPlugin
2025-12-16 20:39:36,779 [INFO] IPUIPlugin:80 - create IPUIPlugin
2025-12-16 20:39:36,779 [INFO] IPUIPlugin:80 - create IPUIPlugin
2025-12-16 20:39:36,779 [INFO] IPUIPlugin:80 - create IPUIPlugin
2025-12-16 20:39:36,779 [INFO] IPUIPlugin:80 - create IPUIPlugin
2025-12-16 20:39:36,780 [INFO] IPUIPlugin:80 - create IPUIPlugin
2025-12-16 20:39:36,780 [INFO] IPUIPlugin:80 - create IPUIPlugin
2025-12-16 20:39:36,780 [INFO] IPUIPlugin:80 - create IPUIPlugin
2025-12-16 20:39:36,781 [INFO] IPUIPlugin:80 - create IPUIPlugin
2025-12-16 20:39:36,781 [INFO] IPUIPlugin:80 - create IPUIPlugin
2025-12-16 20:39:36,781 [INFO] IPUIPlugin:80 - create IPUIPlugin
2025-12-16 20:39:36,782 [INFO] IPUIPlugin:80 - create IPUIPlugin
2025-12-16 20:39:36,782 [INFO] IPUIPlugin:80 - create IPUIPlugin
2025-12-16 20:39:36,855 [INFO] ApiDbMcu:508 - Load IP Config File for PDM2PCM
2025-12-16 20:39:36,862 [WARN] IP:2251 - ClockDivider not found: check if there is a RefParameter without a condition.
2025-12-16 20:39:36,863 [WARN] IP:2251 - ClockDividerCCU not found: check if there is a RefParameter without a condition.
2025-12-16 20:39:36,863 [WARN] IP:2251 - MinOscClkPeriodsCCU not found: check if there is a RefParameter without a condition.
2025-12-16 20:39:36,863 [WARN] IP:2251 - TimeQuantaPerBitTimeCCU not found: check if there is a RefParameter without a condition.
2025-12-16 20:39:36,863 [WARN] IP:2251 - WatchdogStartValueCCU not found: check if there is a RefParameter without a condition.
2025-12-16 20:39:36,867 [INFO] LogOutputStream:77 - [STDOUT_REDIRECT] Nominal 
2025-12-16 20:39:36,867 [INFO] Can:71 - Can Add PropertyChangeListener com.st.microxplorer.plugins.ip.can.Can@1fa70be0
2025-12-16 20:39:37,105 [INFO] CADModel:165 - CPN selected for project levelSTM32H743IIT6
2025-12-16 20:39:37,105 [INFO] CADModel:114 - Register for checkConnection events
2025-12-16 20:39:37,171 [INFO] OpenFileManager:363 - Restore cursor
2025-12-16 20:39:37,471 [WARN] IP:2251 - ClockDivider not found: check if there is a RefParameter without a condition.
2025-12-16 20:39:37,471 [WARN] IP:2251 - ClockDividerCCU not found: check if there is a RefParameter without a condition.
2025-12-16 20:39:37,472 [WARN] IP:2251 - MinOscClkPeriodsCCU not found: check if there is a RefParameter without a condition.
2025-12-16 20:39:37,472 [WARN] IP:2251 - TimeQuantaPerBitTimeCCU not found: check if there is a RefParameter without a condition.
2025-12-16 20:39:37,472 [WARN] IP:2251 - WatchdogStartValueCCU not found: check if there is a RefParameter without a condition.
2025-12-16 20:47:46,471 [WARN] IP:2251 - ClockDivider not found: check if there is a RefParameter without a condition.
2025-12-16 20:47:46,565 [INFO] NvicIntPanel:101 - NVIC parent = com.st.microxplorer.plugins.ip.nvic.MultiNvicIntPanel[,0,0,0x0,invalid,layout=javax.swing.BoxLayout,alignmentX=0.0,alignmentY=0.0,border=,flags=9,maximumSize=,minimumSize=,preferredSize=]
2025-12-16 20:53:36,401 [WARN] IP:2251 - ClockDivider not found: check if there is a RefParameter without a condition.
2025-12-16 20:53:36,401 [WARN] IP:2251 - ClockDividerCCU not found: check if there is a RefParameter without a condition.
2025-12-16 20:53:36,401 [WARN] IP:2251 - MinOscClkPeriodsCCU not found: check if there is a RefParameter without a condition.
2025-12-16 20:53:36,402 [WARN] IP:2251 - TimeQuantaPerBitTimeCCU not found: check if there is a RefParameter without a condition.
2025-12-16 20:53:36,402 [WARN] IP:2251 - WatchdogStartValueCCU not found: check if there is a RefParameter without a condition.
2025-12-16 20:53:36,455 [INFO] NvicIntPanel:101 - NVIC parent = com.st.microxplorer.plugins.ip.nvic.MultiNvicIntPanel[,0,0,0x0,invalid,layout=javax.swing.BoxLayout,alignmentX=0.0,alignmentY=0.0,border=,flags=9,maximumSize=,minimumSize=,preferredSize=]
2025-12-16 20:54:58,906 [INFO] Gpio:277 - dependency for GPIO [DEBUG, FDCAN1, FMC, I2C4, LTDC, QUADSPI, RCC, SDMMC2]
2025-12-16 20:55:44,938 [INFO] Gpio:277 - dependency for GPIO [DEBUG, FDCAN1, FMC, I2C4, LTDC, QUADSPI, RCC, SDMMC2]
2025-12-16 21:00:02,518 [INFO] NvicIntPanel:101 - NVIC parent = com.st.microxplorer.plugins.ip.nvic.MultiNvicIntPanel[,0,0,526x556,layout=javax.swing.BoxLayout,alignmentX=0.0,alignmentY=0.0,border=,flags=9,maximumSize=,minimumSize=,preferredSize=]
2025-12-16 21:00:03,715 [WARN] IP:2251 - ClockDivider not found: check if there is a RefParameter without a condition.
2025-12-16 21:00:03,716 [WARN] IP:2251 - ClockDividerCCU not found: check if there is a RefParameter without a condition.
2025-12-16 21:00:03,716 [WARN] IP:2251 - MinOscClkPeriodsCCU not found: check if there is a RefParameter without a condition.
2025-12-16 21:00:03,716 [WARN] IP:2251 - TimeQuantaPerBitTimeCCU not found: check if there is a RefParameter without a condition.
2025-12-16 21:00:03,716 [WARN] IP:2251 - WatchdogStartValueCCU not found: check if there is a RefParameter without a condition.
2025-12-16 21:00:03,803 [INFO] NvicIntPanel:101 - NVIC parent = com.st.microxplorer.plugins.ip.nvic.MultiNvicIntPanel[,0,0,0x0,invalid,layout=javax.swing.BoxLayout,alignmentX=0.0,alignmentY=0.0,border=,flags=9,maximumSize=,minimumSize=,preferredSize=]
2025-12-16 21:19:33,907 [INFO] WebApp:190 - Connection lost
2025-12-16 21:19:34,501 [INFO] WebApp:187 - Connection restablished
2025-12-16 22:29:41,199 [INFO] LogOutputStream:77 - [STDOUT_REDIRECT] Nominal 
2025-12-16 22:29:41,240 [INFO] I2cTimingTraitement:330 - 0x00000E14
2025-12-16 22:29:50,913 [WARN] IP:2251 - ClockDivider not found: check if there is a RefParameter without a condition.
2025-12-16 22:29:50,914 [WARN] IP:2251 - ClockDividerCCU not found: check if there is a RefParameter without a condition.
2025-12-16 22:29:50,914 [WARN] IP:2251 - MinOscClkPeriodsCCU not found: check if there is a RefParameter without a condition.
2025-12-16 22:29:50,914 [WARN] IP:2251 - TimeQuantaPerBitTimeCCU not found: check if there is a RefParameter without a condition.
2025-12-16 22:29:50,914 [WARN] IP:2251 - WatchdogStartValueCCU not found: check if there is a RefParameter without a condition.
2025-12-16 22:29:51,030 [INFO] NvicIntPanel:101 - NVIC parent = com.st.microxplorer.plugins.ip.nvic.MultiNvicIntPanel[,0,0,0x0,invalid,layout=javax.swing.BoxLayout,alignmentX=0.0,alignmentY=0.0,border=,flags=9,maximumSize=,minimumSize=,preferredSize=]
2025-12-16 22:31:59,780 [INFO] UtilMem:75 - End SaveConfig() Used Memory: 797623896 Bytes (1073741824)
2025-12-16 22:32:05,795 [INFO] MainUpdater:2872 - connection check result : 10
2025-12-16 22:32:05,795 [INFO] MainUpdater:2872 - connection check result : 10
2025-12-16 22:32:05,838 [INFO] LogOutputStream:77 - [STDOUT_REDIRECT] Nominal 
2025-12-16 22:32:05,856 [INFO] I2cTimingTraitement:330 - 0x00000E14
2025-12-16 22:32:05,871 [INFO] MicroXplorer:468 - Change Database Path : 
2025-12-16 22:32:05,871 [INFO] MicroXplorer:498 - Change Database Version : DB.6.0.130
2025-12-16 22:32:05,905 [ERROR] ProjectManagerView:394 - 
java.lang.NullPointerException: Cannot invoke "javax.swing.JTextField.getText()" because the return value of "java.util.List.get(int)" is null
	at com.st.microxplorer.plugins.projectmanager.gui.ProjectChoiceTab$9.caretUpdate(ProjectChoiceTab.java:2616) ~[filemanager.jar:?]
	at javax.swing.text.JTextComponent.fireCaretUpdate(JTextComponent.java:408) ~[?:?]
	at javax.swing.text.JTextComponent$MutableCaretEvent.fire(JTextComponent.java:4484) ~[?:?]
	at javax.swing.text.JTextComponent$MutableCaretEvent.stateChanged(JTextComponent.java:4506) ~[?:?]
	at javax.swing.text.DefaultCaret.fireStateChanged(DefaultCaret.java:857) ~[?:?]
	at javax.swing.text.DefaultCaret.changeCaretPosition(DefaultCaret.java:1343) ~[?:?]
	at javax.swing.text.DefaultCaret.handleSetDot(DefaultCaret.java:1242) ~[?:?]
	at javax.swing.text.DefaultCaret.setDot(DefaultCaret.java:1223) ~[?:?]
	at javax.swing.text.DefaultCaret$Handler.insertUpdate(DefaultCaret.java:1819) ~[?:?]
	at javax.swing.text.AbstractDocument.fireInsertUpdate(AbstractDocument.java:227) ~[?:?]
	at javax.swing.text.AbstractDocument.handleInsertString(AbstractDocument.java:781) ~[?:?]
	at javax.swing.text.AbstractDocument.insertString(AbstractDocument.java:740) ~[?:?]
	at javax.swing.text.PlainDocument.insertString(PlainDocument.java:131) ~[?:?]
	at javax.swing.text.AbstractDocument.replace(AbstractDocument.java:699) ~[?:?]
	at javax.swing.text.JTextComponent.setText(JTextComponent.java:1725) ~[?:?]
	at com.st.microxplorer.plugins.projectmanager.gui.ProjectChoiceTab.createHeapStackFields(ProjectChoiceTab.java:975) ~[filemanager.jar:?]
	at com.st.microxplorer.plugins.projectmanager.gui.ProjectChoiceTab.buildLinkSettingsPanel(ProjectChoiceTab.java:3666) ~[filemanager.jar:?]
	at com.st.microxplorer.plugins.projectmanager.gui.ProjectChoiceTab.defineWindowsFields(ProjectChoiceTab.java:1934) ~[filemanager.jar:?]
	at com.st.microxplorer.plugins.projectmanager.gui.ProjectChoiceTab.updateSettings(ProjectChoiceTab.java:553) ~[filemanager.jar:?]
	at com.st.microxplorer.plugins.projectmanager.gui.ProjectSettingsPanel.UpdateDialog(ProjectSettingsPanel.java:245) ~[filemanager.jar:?]
	at com.st.microxplorer.plugins.projectmanager.ProjectManagerView.propertyChange(ProjectManagerView.java:391) ~[filemanager.jar:?]
	at java.beans.PropertyChangeSupport.fire(PropertyChangeSupport.java:343) ~[?:?]
	at java.beans.PropertyChangeSupport.firePropertyChange(PropertyChangeSupport.java:335) ~[?:?]
	at java.beans.PropertyChangeSupport.firePropertyChange(PropertyChangeSupport.java:268) ~[?:?]
	at com.st.microxplorer.util.MXPropertyChangeSupport.firePropertyChange(MXPropertyChangeSupport.java:54) ~[STM32CubeMX.jar:?]
	at com.st.microxplorer.mxsystem.MxSystem.closeConfig(MxSystem.java:899) ~[STM32CubeMX.jar:?]
	at com.st.microxplorer.maingui.MainPanel.closeConfig(MainPanel.java:789) ~[STM32CubeMX.jar:?]
	at com.st.microxplorer.plugins.filemanager.engine.OpenFileManager.loadConfigurationFile(OpenFileManager.java:265) ~[filemanager.jar:?]
	at com.st.microxplorer.plugins.filemanager.engine.MainFileManager.userLoadConfig(MainFileManager.java:340) ~[filemanager.jar:?]
	at com.st.microxplorer.plugins.filemanager.engine.MainFileManager.userLoadConfig(MainFileManager.java:318) ~[filemanager.jar:?]
	at com.st.microxplorer.plugins.filemanager.FileManagerView.getSpecificTask(FileManagerView.java:246) ~[filemanager.jar:?]
	at com.st.stm32cube.common.mx.editor.CubeMxEditor.getMxTabbedPaneInstance(CubeMxEditor.java:1198) ~[com.st.stm32cube.common.mx_6.13.0.202411220809/:?]
	at com.st.stm32cube.common.mx.editor.CubeMxEditor$12$1.createSwingComponent(CubeMxEditor.java:1068) ~[com.st.stm32cube.common.mx_6.13.0.202411220809/:?]
	at com.st.stm32cube.common.mx.oss.core.awtswtbridge.EmbeddedSwingComposite.doComponentCreation(EmbeddedSwingComposite.java:492) ~[com.st.stm32cube.common.mx.oss_6.13.0.202411220809/:?]
	at com.st.stm32cube.common.mx.oss.core.awtswtbridge.EmbeddedSwingComposite$4.run(EmbeddedSwingComposite.java:291) ~[com.st.stm32cube.common.mx.oss_6.13.0.202411220809/:?]
	at com.st.stm32cube.common.mx.oss.core.awtswtbridge.AwtEnvironment$2.run(AwtEnvironment.java:166) ~[com.st.stm32cube.common.mx.oss_6.13.0.202411220809/:?]
	at java.awt.event.InvocationEvent.dispatch(InvocationEvent.java:318) ~[?:?]
	at java.awt.EventQueue.dispatchEventImpl(EventQueue.java:773) ~[?:?]
	at java.awt.EventQueue$4.run(EventQueue.java:720) ~[?:?]
	at java.awt.EventQueue$4.run(EventQueue.java:714) ~[?:?]
	at java.security.AccessController.doPrivileged(AccessController.java:400) ~[?:?]
	at java.security.ProtectionDomain$JavaSecurityAccessImpl.doIntersectionPrivilege(ProtectionDomain.java:87) ~[?:?]
	at java.awt.EventQueue.dispatchEvent(EventQueue.java:742) ~[?:?]
	at java.awt.EventDispatchThread.pumpOneEventForFilters(EventDispatchThread.java:203) ~[?:?]
	at java.awt.EventDispatchThread.pumpEventsForFilter(EventDispatchThread.java:124) ~[?:?]
	at java.awt.EventDispatchThread.pumpEventsForHierarchy(EventDispatchThread.java:113) ~[?:?]
	at java.awt.EventDispatchThread.pumpEvents(EventDispatchThread.java:109) ~[?:?]
	at java.awt.EventDispatchThread.pumpEvents(EventDispatchThread.java:101) ~[?:?]
	at java.awt.EventDispatchThread.run(EventDispatchThread.java:90) ~[?:?]
2025-12-16 22:32:05,919 [WARN] ThirdParty:871 - waiting for thirdparty lock release [close project]
2025-12-16 22:32:05,919 [INFO] ThirdParty:873 - entering critical section [close project]
2025-12-16 22:32:05,919 [INFO] ThirdParty:883 - exiting critical section [close project]
2025-12-16 22:32:05,921 [INFO] PinOutPanel:1589 - setPackage(No Configuration,No Configuration)
2025-12-16 22:32:05,934 [WARN] IpParametersView:154 - Warning: This peripheral hasn't parameters
2025-12-16 22:32:05,941 [WARN] MainPanel:289 - <html><b><center>Warning: This peripheral has no parameters to be configured<br></b></html>
2025-12-16 22:32:05,944 [ERROR] MainPanel:599 - java.lang.IndexOutOfBoundsException: Index: 0, Tab count: 0
2025-12-16 22:32:05,952 [INFO] UtilMem:75 - Begin LoadConfig() Used Memory: 912232264 Bytes (1073741824)
2025-12-16 22:32:38,091 [INFO] MicroXplorer:468 - Change Database Path : 
2025-12-16 22:32:38,092 [INFO] MicroXplorer:498 - Change Database Version : DB.6.0.130
2025-12-16 22:32:38,092 [INFO] OpenFileManager:332 - Change cursor
2025-12-16 22:32:38,140 [INFO] RulesReader:64 - Compatibility file has been processed (297 Rules)
2025-12-16 22:32:38,162 [INFO] Mcu:2035 - Initializing MCU STM32F746ZGTx STM32F746ZGTx STM32F746ZGT6
2025-12-16 22:32:40,631 [INFO] Context:748 - Trying to add GPIOservice into a context  which must be forbidden
2025-12-16 22:32:41,237 [INFO] RtosManager:555 - Registered RTOS mode: class=CMSIS, group=RTOS, mode=CMSIS_V1, owner=FREERTOS
2025-12-16 22:32:41,237 [INFO] RtosManager:555 - Registered RTOS mode: class=CMSIS, group=RTOS2, mode=CMSIS_V2, owner=FREERTOS
2025-12-16 22:32:41,237 [INFO] RtosManager:555 - Registered RTOS mode: class=RTOS, group=Core, mode=CMSIS_V1, owner=FREERTOS
2025-12-16 22:32:41,237 [INFO] RtosManager:555 - Registered RTOS mode: class=RTOS, group=Core, mode=CMSIS_V2, owner=FREERTOS
2025-12-16 22:32:41,237 [WARN] ModelIntegratedComponent:184 - Missing modes for component STMicroelectronics:FreeRTOS:0.0.1:STMicroelectronics:RTOS:FreeRTOS:Core:::10.2.0:
2025-12-16 22:32:41,242 [WARN] ModelIntegratedComponent:63 - No mode defined for component null
2025-12-16 22:32:41,242 [WARN] ModelIntegratedComponent:63 - No mode defined for component null
2025-12-16 22:32:41,242 [WARN] ModelIntegratedComponent:63 - No mode defined for component null
2025-12-16 22:32:41,242 [WARN] ModelIntegratedComponent:63 - No mode defined for component null
2025-12-16 22:32:41,242 [WARN] ModelIntegratedComponent:63 - No mode defined for component null
2025-12-16 22:32:41,242 [WARN] ModelIntegratedComponent:63 - No mode defined for component null
2025-12-16 22:32:41,242 [WARN] ModelIntegratedComponent:63 - No mode defined for component null
2025-12-16 22:32:41,242 [WARN] ModelIntegratedComponent:63 - No mode defined for component null
2025-12-16 22:32:41,242 [WARN] ModelIntegratedComponent:63 - No mode defined for component null
2025-12-16 22:32:41,242 [WARN] ModelIntegratedComponent:63 - No mode defined for component null
2025-12-16 22:32:41,242 [WARN] ModelIntegratedComponent:63 - No mode defined for component null
2025-12-16 22:32:41,242 [WARN] ModelIntegratedComponent:63 - No mode defined for component null
2025-12-16 22:32:41,242 [WARN] ModelIntegratedComponent:63 - No mode defined for component null
2025-12-16 22:32:41,242 [WARN] ModelIntegratedComponent:63 - No mode defined for component null
2025-12-16 22:32:41,242 [WARN] ModelIntegratedComponent:63 - No mode defined for component null
2025-12-16 22:32:41,242 [WARN] ModelIntegratedComponent:63 - No mode defined for component null
2025-12-16 22:32:41,242 [WARN] ModelIntegratedComponent:63 - No mode defined for component null
2025-12-16 22:32:41,242 [WARN] ModelIntegratedComponent:63 - No mode defined for component null
2025-12-16 22:32:41,242 [WARN] ModelIntegratedComponent:63 - No mode defined for component null
2025-12-16 22:32:41,243 [WARN] ModelIntegratedComponent:63 - No mode defined for component null
2025-12-16 22:32:41,243 [WARN] ModelIntegratedComponent:63 - No mode defined for component null
2025-12-16 22:32:41,243 [WARN] ModelIntegratedComponent:63 - No mode defined for component null
2025-12-16 22:32:41,243 [WARN] ModelIntegratedComponent:63 - No mode defined for component null
2025-12-16 22:32:41,243 [WARN] ModelIntegratedComponent:63 - No mode defined for component null
2025-12-16 22:32:41,243 [WARN] ModelIntegratedComponent:63 - No mode defined for component null
2025-12-16 22:32:41,243 [WARN] ModelIntegratedComponent:63 - No mode defined for component null
2025-12-16 22:32:41,243 [WARN] ModelIntegratedComponent:63 - No mode defined for component null
2025-12-16 22:32:41,243 [WARN] ModelIntegratedComponent:63 - No mode defined for component null
2025-12-16 22:32:41,243 [WARN] ModelIntegratedComponent:63 - No mode defined for component null
2025-12-16 22:32:41,243 [WARN] ModelIntegratedComponent:63 - No mode defined for component null
2025-12-16 22:32:41,243 [WARN] ModelIntegratedComponent:63 - No mode defined for component null
2025-12-16 22:32:41,243 [WARN] ModelIntegratedComponent:63 - No mode defined for component null
2025-12-16 22:32:41,243 [WARN] ModelIntegratedComponent:63 - No mode defined for component null
2025-12-16 22:32:41,243 [WARN] ModelIntegratedComponent:63 - No mode defined for component null
2025-12-16 22:32:41,243 [WARN] ModelIntegratedComponent:63 - No mode defined for component null
2025-12-16 22:32:41,245 [WARN] ModelPack:524 - Component already loaded: STMicroelectronics:HAL Drivers:0.0.0:STMicroelectronics:Device:STMicro_Driver:XSPI:HAL::0.0.1:HAL_XSPI
2025-12-16 22:32:41,385 [INFO] ThirdPartyModel:298 - Start build external matchings
2025-12-16 22:32:42,215 [INFO] ThirdPartyModel:316 - End build external matchings
2025-12-16 22:32:42,256 [INFO] ImportTextPane:218 - (OptionalMessage_ERROR) IP (DMA) : Parameter (Instance) has Id (ADC1) currently not set
2025-12-16 22:32:42,257 [INFO] ImportTextPane:218 - (OptionalMessage_ERROR) IP (DMA) : Parameter (Channel) has Id (ADC1) currently not set
2025-12-16 22:32:42,257 [INFO] ImportTextPane:218 - (OptionalMessage_ERROR) IP (DMA) : Parameter (Direction) has Id (ADC1) currently not set
2025-12-16 22:32:42,258 [INFO] ImportTextPane:218 - (OptionalMessage_ERROR) IP (DMA) : Parameter (PeriphInc) has Id (ADC1) currently not set
2025-12-16 22:32:42,258 [INFO] ImportTextPane:218 - (OptionalMessage_ERROR) IP (DMA) : Parameter (MemInc) has Id (ADC1) currently not set
2025-12-16 22:32:42,258 [INFO] ImportTextPane:218 - (OptionalMessage_ERROR) IP (DMA) : Parameter (PeriphDataAlignment) has Id (ADC1) currently not set
2025-12-16 22:32:42,258 [INFO] ImportTextPane:218 - (OptionalMessage_ERROR) IP (DMA) : Parameter (MemDataAlignment) has Id (ADC1) currently not set
2025-12-16 22:32:42,258 [INFO] ImportTextPane:218 - (OptionalMessage_ERROR) IP (DMA) : Parameter (Mode) has Id (ADC1) currently not set
2025-12-16 22:32:42,258 [INFO] ImportTextPane:218 - (OptionalMessage_ERROR) IP (DMA) : Parameter (Priority) has Id (ADC1) currently not set
2025-12-16 22:32:42,258 [INFO] ImportTextPane:218 - (OptionalMessage_ERROR) IP (DMA) : Parameter (FIFOMode) has Id (ADC1) currently not set
2025-12-16 22:32:42,258 [INFO] ImportTextPane:218 - (OptionalMessage_ERROR) IP (DMA) : Parameter (Instance) has Id (USART2_RX) currently not set
2025-12-16 22:32:42,258 [INFO] ImportTextPane:218 - (OptionalMessage_ERROR) IP (DMA) : Parameter (Channel) has Id (USART2_RX) currently not set
2025-12-16 22:32:42,258 [INFO] ImportTextPane:218 - (OptionalMessage_ERROR) IP (DMA) : Parameter (Direction) has Id (USART2_RX) currently not set
2025-12-16 22:32:42,258 [INFO] ImportTextPane:218 - (OptionalMessage_ERROR) IP (DMA) : Parameter (PeriphInc) has Id (USART2_RX) currently not set
2025-12-16 22:32:42,258 [INFO] ImportTextPane:218 - (OptionalMessage_ERROR) IP (DMA) : Parameter (MemInc) has Id (USART2_RX) currently not set
2025-12-16 22:32:42,259 [INFO] ImportTextPane:218 - (OptionalMessage_ERROR) IP (DMA) : Parameter (PeriphDataAlignment) has Id (USART2_RX) currently not set
2025-12-16 22:32:42,259 [INFO] ImportTextPane:218 - (OptionalMessage_ERROR) IP (DMA) : Parameter (MemDataAlignment) has Id (USART2_RX) currently not set
2025-12-16 22:32:42,259 [INFO] ImportTextPane:218 - (OptionalMessage_ERROR) IP (DMA) : Parameter (Mode) has Id (USART2_RX) currently not set
2025-12-16 22:32:42,259 [INFO] ImportTextPane:218 - (OptionalMessage_ERROR) IP (DMA) : Parameter (Priority) has Id (USART2_RX) currently not set
2025-12-16 22:32:42,259 [INFO] ImportTextPane:218 - (OptionalMessage_ERROR) IP (DMA) : Parameter (FIFOMode) has Id (USART2_RX) currently not set
2025-12-16 22:32:42,260 [INFO] ImportTextPane:218 - (OptionalMessage_ERROR) IP (RCC) : Invalid parameter (48MHZClocksFreq_Value)
2025-12-16 22:32:42,260 [INFO] ImportTextPane:218 - (OptionalMessage_ERROR) IP (RCC) : Invalid parameter (ADC12outputFreq_Value)
2025-12-16 22:32:42,260 [INFO] ImportTextPane:218 - (OptionalMessage_ERROR) IP (RCC) : Invalid parameter (ADC34outputFreq_Value)
2025-12-16 22:32:42,260 [INFO] ImportTextPane:218 - (OptionalMessage_ERROR) IP (RCC) : Invalid parameter (FamilyName)
2025-12-16 22:32:42,260 [INFO] ImportTextPane:218 - (OptionalMessage_ERROR) IP (RCC) : Invalid parameter (I2SClocksFreq_Value)
2025-12-16 22:32:42,260 [INFO] ImportTextPane:218 - (OptionalMessage_ERROR) IP (RCC) : Parameter (LCDTFToutputFreq_Value) has invalid value (96000000)
2025-12-16 22:32:42,260 [INFO] ImportTextPane:218 - (OptionalMessage_ERROR) IP (RCC) : Invalid parameter (MCOFreq_Value)
2025-12-16 22:32:42,261 [INFO] ImportTextPane:218 - (OptionalMessage_ERROR) IP (RCC) : Invalid parameter (PLLMCOFreq_Value)
2025-12-16 22:32:42,261 [INFO] ImportTextPane:218 - (OptionalMessage_ERROR) IP (RCC) : Invalid parameter (PLLMUL)
2025-12-16 22:32:42,261 [INFO] ImportTextPane:218 - (OptionalMessage_ERROR) IP (RCC) : Invalid parameter (PRESCALERUSB)
2025-12-16 22:32:42,261 [INFO] ImportTextPane:218 - (OptionalMessage_ERROR) IP (RCC) : Invalid parameter (RTCHSEDivFreq_Value)
2025-12-16 22:32:42,261 [INFO] ImportTextPane:218 - (OptionalMessage_ERROR) IP (RCC) : Parameter (SDMMCFreq_Value) has invalid value (72000000)
2025-12-16 22:32:42,261 [INFO] ImportTextPane:218 - (OptionalMessage_ERROR) IP (RCC) : Invalid parameter (SYSCLKSourceVirtual)
2025-12-16 22:32:42,261 [INFO] ImportTextPane:218 - (OptionalMessage_ERROR) IP (RCC) : Invalid parameter (TIM15Freq_Value)
2025-12-16 22:32:42,261 [INFO] ImportTextPane:218 - (OptionalMessage_ERROR) IP (RCC) : Invalid parameter (TIM16Freq_Value)
2025-12-16 22:32:42,261 [INFO] ImportTextPane:218 - (OptionalMessage_ERROR) IP (RCC) : Invalid parameter (TIM17Freq_Value)
2025-12-16 22:32:42,261 [INFO] ImportTextPane:218 - (OptionalMessage_ERROR) IP (RCC) : Invalid parameter (TIM1Freq_Value)
2025-12-16 22:32:42,261 [INFO] ImportTextPane:218 - (OptionalMessage_ERROR) IP (RCC) : Invalid parameter (TIM20Freq_Value)
2025-12-16 22:32:42,261 [INFO] ImportTextPane:218 - (OptionalMessage_ERROR) IP (RCC) : Invalid parameter (TIM2Freq_Value)
2025-12-16 22:32:42,261 [INFO] ImportTextPane:218 - (OptionalMessage_ERROR) IP (RCC) : Invalid parameter (TIM3Freq_Value)
2025-12-16 22:32:42,261 [INFO] ImportTextPane:218 - (OptionalMessage_ERROR) IP (RCC) : Invalid parameter (TIM8Freq_Value)
2025-12-16 22:32:42,261 [INFO] ImportTextPane:218 - (OptionalMessage_ERROR) IP (RCC) : Invalid parameter (VCOOutput2Freq_Value)
2025-12-16 22:32:42,261 [INFO] ImportTextPane:218 - (OptionalMessage_ERROR) IP (RCC) : Invalid parameter (VcooutputI2S)
2025-12-16 22:32:42,975 [INFO] UtilMem:75 - End LoadConfig() Used Memory: 856183440 Bytes (1073741824)
2025-12-16 22:32:43,161 [WARN] ThirdParty:833 - waiting for thirdparty lock release [change project]
2025-12-16 22:32:43,162 [INFO] ThirdParty:835 - entering critical section [change project]
2025-12-16 22:32:43,162 [INFO] ThirdParty:1030 - CMSIS Pack Vendor :STMicroelectronics X-CUBE-PM33A1 1.0.0
2025-12-16 22:32:43,162 [INFO] ThirdParty:1030 - CMSIS Pack Vendor :STMicroelectronics USBPD 4.1
2025-12-16 22:32:43,162 [INFO] ThirdParty:1030 - CMSIS Pack Vendor :STMicroelectronics USB_HOST 2.0.0
2025-12-16 22:32:43,162 [INFO] ThirdParty:1030 - CMSIS Pack Vendor :STMicroelectronics FP-SNS-MOTENVWB1 1.4.0
2025-12-16 22:32:43,162 [INFO] ThirdParty:1030 - CMSIS Pack Vendor :STMicroelectronics X-CUBE-AZRTOS-F4 1.1.0
2025-12-16 22:32:43,162 [INFO] ThirdParty:1030 - CMSIS Pack Vendor :STMicroelectronics LIBJPEG 8.0.0
2025-12-16 22:32:43,162 [INFO] ThirdParty:1030 - CMSIS Pack Vendor :STMicroelectronics FP-ATR-ASTRA1 2.0.2
2025-12-16 22:32:43,162 [INFO] ThirdParty:1030 - CMSIS Pack Vendor :STMicroelectronics FP-ATR-ASTRA1 2.0.1
2025-12-16 22:32:43,162 [INFO] ThirdParty:1030 - CMSIS Pack Vendor :STMicroelectronics X-CUBE-SMBUS 2.1.0
2025-12-16 22:32:43,162 [INFO] ThirdParty:1030 - CMSIS Pack Vendor :STMicroelectronics X-CUBE-WB05N 1.1.0
2025-12-16 22:32:43,162 [INFO] ThirdParty:1030 - CMSIS Pack Vendor :STMicroelectronics X-CUBE-ISPU 2.1.0
2025-12-16 22:32:43,162 [INFO] ThirdParty:1030 - CMSIS Pack Vendor :STMicroelectronics X-CUBE-FREERTOS 1.2.0
2025-12-16 22:32:43,162 [INFO] ThirdParty:1030 - CMSIS Pack Vendor :STMicroelectronics X-CUBE-ST60 1.0.0
2025-12-16 22:32:43,162 [INFO] ThirdParty:1030 - CMSIS Pack Vendor :STMicroelectronics X-CUBE-NFC12 1.0.0
2025-12-16 22:32:43,162 [INFO] ThirdParty:1030 - CMSIS Pack Vendor :STMicroelectronics X-CUBE-AZRTOS-F7 1.1.0
2025-12-16 22:32:43,162 [INFO] ThirdParty:1030 - CMSIS Pack Vendor :STMicroelectronics X-CUBE-AZRTOS-L5 2.0.0
2025-12-16 22:32:43,162 [INFO] ThirdParty:1030 - CMSIS Pack Vendor :STMicroelectronics USB_DEVICE 2.0.0
2025-12-16 22:32:43,162 [INFO] ThirdParty:1030 - CMSIS Pack Vendor :STMicroelectronics X-CUBE-NFC6 3.1.0
2025-12-16 22:32:43,162 [INFO] ThirdParty:1030 - CMSIS Pack Vendor :ARM CMSIS 5.7.0
2025-12-16 22:32:43,162 [INFO] ThirdParty:1030 - CMSIS Pack Vendor :STMicroelectronics X-CUBE-MEMS1 11.0.0
2025-12-16 22:32:43,162 [INFO] ThirdParty:1030 - CMSIS Pack Vendor :STMicroelectronics FreeRTOS 0.0.1
2025-12-16 22:32:43,162 [INFO] ThirdParty:1030 - CMSIS Pack Vendor :STMicroelectronics X-CUBE-DPower 1.2.0
2025-12-16 22:32:43,162 [INFO] ThirdParty:1030 - CMSIS Pack Vendor :STMicroelectronics FP-SNS-FLIGHT1 5.0.2
2025-12-16 22:32:43,162 [INFO] ThirdParty:1030 - CMSIS Pack Vendor :STMicroelectronics PDM2PCM 3.3.0
2025-12-16 22:32:43,162 [INFO] ThirdParty:1030 - CMSIS Pack Vendor :STMicroelectronics X-CUBE-AZRTOS-H7 3.4.0
2025-12-16 22:32:43,162 [INFO] ThirdParty:1030 - CMSIS Pack Vendor :STMicroelectronics X-CUBE-DISPLAY 3.0.0
2025-12-16 22:32:43,162 [INFO] ThirdParty:1030 - CMSIS Pack Vendor :STMicroelectronics X-CUBE-BLE1 7.0.0
2025-12-16 22:32:43,162 [INFO] ThirdParty:1030 - CMSIS Pack Vendor :STMicroelectronics X-CUBE-NFC10 1.0.0
2025-12-16 22:32:43,162 [INFO] ThirdParty:1030 - CMSIS Pack Vendor :STMicroelectronics X-CUBE-BLEMGR 4.0.0
2025-12-16 22:32:43,162 [INFO] ThirdParty:1030 - CMSIS Pack Vendor :STMicroelectronics X-CUBE-FREERTOS 1.3.1
2025-12-16 22:32:43,162 [INFO] ThirdParty:1030 - CMSIS Pack Vendor :STMicroelectronics HAL Drivers 0.0.0
2025-12-16 22:32:43,163 [INFO] ThirdParty:1030 - CMSIS Pack Vendor :STMicroelectronics X-CUBE-ST60 1.1.0
2025-12-16 22:32:43,163 [INFO] ThirdParty:1030 - CMSIS Pack Vendor :emotas I-CUBE-CANOPEN 1.3.0
2025-12-16 22:32:43,163 [INFO] ThirdParty:1030 - CMSIS Pack Vendor :STMicroelectronics X-CUBE-FREERTOS 1.3.0
2025-12-16 22:32:43,163 [INFO] ThirdParty:1030 - CMSIS Pack Vendor :STMicroelectronics X-CUBE-NFC7 1.0.1
2025-12-16 22:32:43,163 [INFO] ThirdParty:1030 - CMSIS Pack Vendor :STMicroelectronics MBEDTLS 2.14.1
2025-12-16 22:32:43,163 [INFO] ThirdParty:1030 - CMSIS Pack Vendor :STMicroelectronics X-CUBE-GNSS1 7.1.0
2025-12-16 22:32:43,163 [INFO] ThirdParty:1030 - CMSIS Pack Vendor :STMicroelectronics X-CUBE-TOUCHGFX 4.26.0
2025-12-16 22:32:43,163 [INFO] ThirdParty:1030 - CMSIS Pack Vendor :STMicroelectronics X-CUBE-BLEMGR 3.1.0
2025-12-16 22:32:43,163 [INFO] ThirdParty:1030 - CMSIS Pack Vendor :STMicroelectronics X-CUBE-AI 10.0.0
2025-12-16 22:32:43,163 [INFO] ThirdParty:1030 - CMSIS Pack Vendor :STMicroelectronics FP-SNS-STAIOTCFT 1.0.0
2025-12-16 22:32:43,163 [INFO] ThirdParty:1030 - CMSIS Pack Vendor :STMicroelectronics FP-SNS-SMARTAG2 1.2.0
2025-12-16 22:32:43,163 [INFO] ThirdParty:1030 - CMSIS Pack Vendor :STMicroelectronics FP-SNS-FLIGHT1 5.1.0
2025-12-16 22:32:43,163 [INFO] ThirdParty:1030 - CMSIS Pack Vendor :STMicroelectronics X-CUBE-MEMS1 11.1.0
2025-12-16 22:32:43,163 [INFO] ThirdParty:1030 - CMSIS Pack Vendor :STMicroelectronics X-CUBE-AZRTOS-WL 2.0.0
2025-12-16 22:32:43,163 [INFO] ThirdParty:1030 - CMSIS Pack Vendor :STMicroelectronics X-CUBE-DPower 1.3.0
2025-12-16 22:32:43,163 [INFO] ThirdParty:1030 - CMSIS Pack Vendor :STMicroelectronics FP-SNS-MOTENV1 5.0.0
2025-12-16 22:32:43,163 [INFO] ThirdParty:1030 - CMSIS Pack Vendor :STMicroelectronics USB_DEVICE 1.0.0
2025-12-16 22:32:43,163 [INFO] ThirdParty:1030 - CMSIS Pack Vendor :STMicroelectronics X-CUBE-AZRTOS-H7RS 1.2.0
2025-12-16 22:32:43,164 [INFO] ThirdParty:1030 - CMSIS Pack Vendor :wolfSSL I-CUBE-wolfMQTT 1.19.0
2025-12-16 22:32:43,164 [INFO] ThirdParty:1030 - CMSIS Pack Vendor :STMicroelectronics X-CUBE-AZRTOS-L4 2.0.0
2025-12-16 22:32:43,164 [INFO] ThirdParty:1030 - CMSIS Pack Vendor :STMicroelectronics ThreadX 0.0.2
2025-12-16 22:32:43,164 [INFO] ThirdParty:1030 - CMSIS Pack Vendor :WES I-CUBE-Cesium 1.3.0
2025-12-16 22:32:43,164 [INFO] ThirdParty:1030 - CMSIS Pack Vendor :STMicroelectronics lwIP 2.1.2
2025-12-16 22:32:43,164 [INFO] ThirdParty:1030 - CMSIS Pack Vendor :STMicroelectronics X-CUBE-SFXS2LP1 4.0.0
2025-12-16 22:32:43,164 [INFO] ThirdParty:1030 - CMSIS Pack Vendor :STMicroelectronics X-CUBE-BLE2 3.3.0
2025-12-16 22:32:43,164 [INFO] ThirdParty:1030 - CMSIS Pack Vendor :Avnet-IOTCONNECT X-CUBE-iotc-st67-sdk 1.0.0
2025-12-16 22:32:43,164 [INFO] ThirdParty:1030 - CMSIS Pack Vendor :STMicroelectronics PDM2PCM 3.2.0
2025-12-16 22:32:43,164 [INFO] ThirdParty:1030 - CMSIS Pack Vendor :STMicroelectronics X-CUBE-AZRTOS-H7 3.3.0
2025-12-16 22:32:43,164 [INFO] ThirdParty:1030 - CMSIS Pack Vendor :STMicroelectronics X-CUBE-NFC9 1.0.0
2025-12-16 22:32:43,164 [INFO] ThirdParty:1030 - CMSIS Pack Vendor :STMicroelectronics X-CUBE-BLE1 7.1.0
2025-12-16 22:32:43,164 [INFO] ThirdParty:1030 - CMSIS Pack Vendor :STMicroelectronics USB_DEVICE 3.0.0
2025-12-16 22:32:43,164 [INFO] ThirdParty:1030 - CMSIS Pack Vendor :STMicroelectronics X-CUBE-TCPP 4.1.0
2025-12-16 22:32:43,164 [INFO] ThirdParty:1030 - CMSIS Pack Vendor :STMicroelectronics X-CUBE-EEPRMA1 5.2.0
2025-12-16 22:32:43,164 [INFO] ThirdParty:1030 - CMSIS Pack Vendor :STMicroelectronics X-CUBE-BLEMGR 4.1.0
2025-12-16 22:32:43,164 [INFO] ThirdParty:1030 - CMSIS Pack Vendor :STMicroelectronics X-CUBE-IPS 3.0.0
2025-12-16 22:32:43,164 [INFO] ThirdParty:1030 - CMSIS Pack Vendor :STMicroelectronics X-CUBE-AZRTOS-WB 2.0.0
2025-12-16 22:32:43,164 [INFO] ThirdParty:1030 - CMSIS Pack Vendor :STMicroelectronics X-CUBE-GNSS1 7.0.0
2025-12-16 22:32:43,164 [INFO] ThirdParty:1030 - CMSIS Pack Vendor :STMicroelectronics X-CUBE-GNSS1 7.0.1
2025-12-16 22:32:43,165 [INFO] ThirdParty:1030 - CMSIS Pack Vendor :STMicroelectronics X-CUBE-TOUCHGFX 4.25.0
2025-12-16 22:32:43,165 [INFO] ThirdParty:1030 - CMSIS Pack Vendor :STMicroelectronics FP-SNS-STBOX1 2.0.0
2025-12-16 22:32:43,165 [INFO] ThirdParty:1030 - CMSIS Pack Vendor :STMicroelectronics X-CUBE-MEMS1 12.0.0
2025-12-16 22:32:43,165 [INFO] ThirdParty:1030 - CMSIS Pack Vendor :STMicroelectronics X-CUBE-AZRTOS-G0 1.1.0
2025-12-16 22:32:43,165 [INFO] ThirdParty:1030 - CMSIS Pack Vendor :STMicroelectronics X-CUBE-SAFEA1 1.2.2
2025-12-16 22:32:43,165 [INFO] ThirdParty:1030 - CMSIS Pack Vendor :STMicroelectronics X-CUBE-NFC4 3.0.0
2025-12-16 22:32:43,165 [INFO] ThirdParty:1030 - CMSIS Pack Vendor :STMicroelectronics X-CUBE-SUBG2 5.0.0
2025-12-16 22:32:43,165 [INFO] ThirdParty:1030 - CMSIS Pack Vendor :STMicroelectronics X-CUBE-AZRTOS-H7RS 1.1.0
2025-12-16 22:32:43,165 [INFO] ThirdParty:1030 - CMSIS Pack Vendor :STMicroelectronics STM32_WPAN 1.0.0
2025-12-16 22:32:43,165 [INFO] ThirdParty:1030 - CMSIS Pack Vendor :EmbeddedOffice I-CUBE-FS-RTOS 1.0.1
2025-12-16 22:32:43,165 [INFO] ThirdParty:1030 - CMSIS Pack Vendor :STMicroelectronics lwIP 2.0.3
2025-12-16 22:32:43,165 [INFO] ThirdParty:1030 - CMSIS Pack Vendor :Cesanta I-CUBE-Mongoose 7.13.0
2025-12-16 22:32:43,165 [INFO] ThirdParty:1030 - CMSIS Pack Vendor :STMicroelectronics USB_HOST 1.0.0
2025-12-16 22:32:43,165 [INFO] ThirdParty:1030 - CMSIS Pack Vendor :STMicroelectronics X-CUBE-AZRTOS-G4 2.0.0
2025-12-16 22:32:43,165 [INFO] ThirdParty:1030 - CMSIS Pack Vendor :STMicroelectronics X-CUBE-WB05N 2.0.0
2025-12-16 22:32:43,165 [INFO] ThirdParty:1030 - CMSIS Pack Vendor :STMicroelectronics PDM2PCM 3.1.0
2025-12-16 22:32:43,166 [INFO] ThirdParty:1030 - CMSIS Pack Vendor :STMicroelectronics X-CUBE-NFC7 2.0.0
2025-12-16 22:32:43,166 [INFO] ThirdParty:1030 - CMSIS Pack Vendor :STMicroelectronics X-CUBE-TCPP 4.2.0
2025-12-16 22:32:43,166 [INFO] ThirdParty:1030 - CMSIS Pack Vendor :RealThread X-CUBE-RT-Thread_Nano 4.1.1
2025-12-16 22:32:43,166 [INFO] ThirdParty:1030 - CMSIS Pack Vendor :STMicroelectronics FP-ATR-SIGFOX1 3.2.0
2025-12-16 22:32:43,166 [INFO] ThirdParty:1030 - CMSIS Pack Vendor :wolfSSL I-CUBE-wolfSSL 5.7.2
2025-12-16 22:32:43,166 [INFO] ThirdParty:1030 - CMSIS Pack Vendor :quantropi X-CUBE-qispace-sdk-base 1.9.3
2025-12-16 22:32:43,166 [INFO] ThirdParty:1030 - CMSIS Pack Vendor :STMicroelectronics X-CUBE-EEPRMA1 5.1.0
2025-12-16 22:32:43,166 [INFO] ThirdParty:1030 - CMSIS Pack Vendor :STMicroelectronics MBEDTLS 2.16.2
2025-12-16 22:32:43,166 [INFO] ThirdParty:1030 - CMSIS Pack Vendor :STMicroelectronics X-CUBE-IPS 3.1.0
2025-12-16 22:32:43,166 [INFO] ThirdParty:1030 - CMSIS Pack Vendor :STMicroelectronics X-CUBE-ALS 1.0.2
2025-12-16 22:32:43,166 [INFO] ThirdParty:1030 - CMSIS Pack Vendor :ITTIA_DB I-CUBE-ITTIADB 8.9.0
2025-12-16 22:32:43,166 [INFO] ThirdParty:1030 - CMSIS Pack Vendor :STMicroelectronics X-CUBE-TOUCHGFX 4.24.1
2025-12-16 22:32:43,166 [INFO] ThirdParty:1030 - CMSIS Pack Vendor :STMicroelectronics X-CUBE-STSE01 1.0.0
2025-12-16 22:32:43,166 [INFO] ThirdParty:1030 - CMSIS Pack Vendor :wolfSSL I-CUBE-wolfTPM 3.4.0
2025-12-16 22:32:43,166 [INFO] ThirdParty:1030 - CMSIS Pack Vendor :portGmbH I-Cube-SoM-uGOAL 1.1.0
2025-12-16 22:32:43,166 [INFO] ThirdParty:1030 - CMSIS Pack Vendor :STMicroelectronics X-CUBE-ST67W61 1.0.0
2025-12-16 22:32:43,166 [INFO] ThirdParty:1030 - CMSIS Pack Vendor :STMicroelectronics X-CUBE-AI 10.2.0
2025-12-16 22:32:43,166 [INFO] ThirdParty:1030 - CMSIS Pack Vendor :STMicroelectronics ThreadX 1.0.0
2025-12-16 22:32:43,166 [INFO] ThirdParty:1030 - CMSIS Pack Vendor :SEGGER I-CUBE-embOS 1.3.1
2025-12-16 22:32:43,166 [INFO] ThirdParty:1030 - CMSIS Pack Vendor :STMicroelectronics X-CUBE-ALGOBUILD 1.4.0
2025-12-16 22:32:43,166 [INFO] ThirdParty:1030 - CMSIS Pack Vendor :STMicroelectronics X-CUBE-MEMS1 11.3.0
2025-12-16 22:32:43,166 [INFO] ThirdParty:1030 - CMSIS Pack Vendor :STMicroelectronics X-CUBE-AZRTOS-H7RS 1.0.0
2025-12-16 22:32:43,166 [INFO] ThirdParty:1030 - CMSIS Pack Vendor :STMicroelectronics FP-ATR-ASTRA1 2.0.0
2025-12-16 22:32:43,166 [INFO] ThirdParty:1030 - CMSIS Pack Vendor :STMicroelectronics X-CUBE-TOF1 3.4.2
2025-12-16 22:32:43,166 [INFO] ThirdParty:1030 - CMSIS Pack Vendor :STMicroelectronics X-CUBE-TOF1 3.4.3
2025-12-16 22:32:43,166 [INFO] ThirdParty:1030 - CMSIS Pack Vendor :STMicroelectronics X-CUBE-AI 9.1.0
2025-12-16 22:32:43,166 [INFO] ThirdParty:1030 - CMSIS Pack Vendor :Infineon AIROC-Wi-Fi-Bluetooth-STM32 1.6.1
2025-12-16 22:32:43,166 [INFO] ThirdParty:1030 - CMSIS Pack Vendor :wolfSSL I-CUBE-wolfSSH 1.4.17
2025-12-16 22:32:43,168 [INFO] ThirdParty:841 - exiting critical section [change project]
2025-12-16 22:32:43,354 [INFO] PinOutPanel:1589 - setPackage(No Configuration,No Configuration)
2025-12-16 22:32:43,357 [INFO] PinOutPanel:1589 - setPackage(STM32F746ZGTx,LQFP144)
2025-12-16 22:32:43,890 [INFO] UtilMem:75 - Before build in PCC Used Memory: 1005634880 Bytes (1073741824)
2025-12-16 22:32:44,189 [INFO] UtilMem:75 - After build in PCC Used Memory: 849777184 Bytes (1073741824)
2025-12-16 22:32:44,209 [INFO] IPUIPlugin:80 - create IPUIPlugin
2025-12-16 22:32:44,209 [INFO] IPUIPlugin:80 - create IPUIPlugin
2025-12-16 22:32:44,209 [INFO] IPUIPlugin:80 - create IPUIPlugin
2025-12-16 22:32:44,209 [INFO] IPUIPlugin:80 - create IPUIPlugin
2025-12-16 22:32:44,209 [INFO] IPUIPlugin:80 - create IPUIPlugin
2025-12-16 22:32:44,209 [INFO] IPUIPlugin:80 - create IPUIPlugin
2025-12-16 22:32:44,209 [INFO] IPUIPlugin:80 - create IPUIPlugin
2025-12-16 22:32:44,209 [INFO] IPUIPlugin:80 - create IPUIPlugin
2025-12-16 22:32:44,209 [INFO] IPUIPlugin:80 - create IPUIPlugin
2025-12-16 22:32:44,209 [INFO] IPUIPlugin:80 - create IPUIPlugin
2025-12-16 22:32:44,210 [INFO] IPUIPlugin:80 - create IPUIPlugin
2025-12-16 22:32:44,210 [INFO] IPUIPlugin:80 - create IPUIPlugin
2025-12-16 22:32:44,210 [INFO] IPUIPlugin:80 - create IPUIPlugin
2025-12-16 22:32:44,210 [INFO] IPUIPlugin:80 - create IPUIPlugin
2025-12-16 22:32:44,210 [INFO] IPUIPlugin:80 - create IPUIPlugin
2025-12-16 22:32:44,210 [INFO] IPUIPlugin:80 - create IPUIPlugin
2025-12-16 22:32:44,210 [INFO] IPUIPlugin:80 - create IPUIPlugin
2025-12-16 22:32:44,210 [INFO] IPUIPlugin:80 - create IPUIPlugin
2025-12-16 22:32:44,210 [INFO] IPUIPlugin:80 - create IPUIPlugin
2025-12-16 22:32:44,210 [INFO] IPUIPlugin:80 - create IPUIPlugin
2025-12-16 22:32:44,210 [INFO] IPUIPlugin:80 - create IPUIPlugin
2025-12-16 22:32:44,211 [INFO] IPUIPlugin:80 - create IPUIPlugin
2025-12-16 22:32:44,211 [INFO] IPUIPlugin:80 - create IPUIPlugin
2025-12-16 22:32:44,211 [INFO] IPUIPlugin:80 - create IPUIPlugin
2025-12-16 22:32:44,211 [INFO] IPUIPlugin:80 - create IPUIPlugin
2025-12-16 22:32:44,211 [INFO] IPUIPlugin:80 - create IPUIPlugin
2025-12-16 22:32:44,211 [INFO] IPUIPlugin:80 - create IPUIPlugin
2025-12-16 22:32:44,211 [INFO] IPUIPlugin:80 - create IPUIPlugin
2025-12-16 22:32:44,211 [INFO] IPUIPlugin:80 - create IPUIPlugin
2025-12-16 22:32:44,211 [INFO] IPUIPlugin:80 - create IPUIPlugin
2025-12-16 22:32:44,212 [INFO] IPUIPlugin:80 - create IPUIPlugin
2025-12-16 22:32:44,212 [INFO] IPUIPlugin:80 - create IPUIPlugin
2025-12-16 22:32:44,212 [INFO] IPUIPlugin:80 - create IPUIPlugin
2025-12-16 22:32:44,212 [INFO] IPUIPlugin:80 - create IPUIPlugin
2025-12-16 22:32:44,213 [INFO] IPUIPlugin:80 - create IPUIPlugin
2025-12-16 22:32:44,213 [INFO] IPUIPlugin:80 - create IPUIPlugin
2025-12-16 22:32:44,214 [INFO] IPUIPlugin:80 - create IPUIPlugin
2025-12-16 22:32:44,214 [INFO] IPUIPlugin:80 - create IPUIPlugin
2025-12-16 22:32:44,214 [INFO] IPUIPlugin:80 - create IPUIPlugin
2025-12-16 22:32:44,214 [INFO] IPUIPlugin:80 - create IPUIPlugin
2025-12-16 22:32:44,214 [INFO] IPUIPlugin:80 - create IPUIPlugin
2025-12-16 22:32:44,214 [INFO] IPUIPlugin:80 - create IPUIPlugin
2025-12-16 22:32:44,214 [INFO] IPUIPlugin:80 - create IPUIPlugin
2025-12-16 22:32:44,214 [INFO] IPUIPlugin:80 - create IPUIPlugin
2025-12-16 22:32:44,214 [INFO] IPUIPlugin:80 - create IPUIPlugin
2025-12-16 22:32:44,214 [INFO] IPUIPlugin:80 - create IPUIPlugin
2025-12-16 22:32:44,215 [INFO] IPUIPlugin:80 - create IPUIPlugin
2025-12-16 22:32:44,215 [INFO] IPUIPlugin:80 - create IPUIPlugin
2025-12-16 22:32:44,215 [INFO] IPUIPlugin:80 - create IPUIPlugin
2025-12-16 22:32:44,215 [INFO] IPUIPlugin:80 - create IPUIPlugin
2025-12-16 22:32:44,215 [INFO] IPUIPlugin:80 - create IPUIPlugin
2025-12-16 22:32:44,215 [INFO] IPUIPlugin:80 - create IPUIPlugin
2025-12-16 22:32:44,215 [INFO] IPUIPlugin:80 - create IPUIPlugin
2025-12-16 22:32:44,215 [INFO] IPUIPlugin:80 - create IPUIPlugin
2025-12-16 22:32:44,216 [INFO] IPUIPlugin:80 - create IPUIPlugin
2025-12-16 22:32:44,216 [INFO] IPUIPlugin:80 - create IPUIPlugin
2025-12-16 22:32:44,216 [INFO] IPUIPlugin:80 - create IPUIPlugin
2025-12-16 22:32:44,216 [INFO] IPUIPlugin:80 - create IPUIPlugin
2025-12-16 22:32:44,216 [INFO] IPUIPlugin:80 - create IPUIPlugin
2025-12-16 22:32:44,216 [INFO] IPUIPlugin:80 - create IPUIPlugin
2025-12-16 22:32:44,216 [INFO] IPUIPlugin:80 - create IPUIPlugin
2025-12-16 22:32:44,217 [INFO] IPUIPlugin:80 - create IPUIPlugin
2025-12-16 22:32:44,217 [INFO] IPUIPlugin:80 - create IPUIPlugin
2025-12-16 22:32:44,217 [INFO] IPUIPlugin:80 - create IPUIPlugin
2025-12-16 22:32:44,217 [INFO] IPUIPlugin:80 - create IPUIPlugin
2025-12-16 22:32:44,217 [INFO] IPUIPlugin:80 - create IPUIPlugin
2025-12-16 22:32:44,218 [INFO] IPUIPlugin:80 - create IPUIPlugin
2025-12-16 22:32:44,218 [INFO] IPUIPlugin:80 - create IPUIPlugin
2025-12-16 22:32:44,218 [INFO] IPUIPlugin:80 - create IPUIPlugin
2025-12-16 22:32:44,219 [INFO] IPUIPlugin:80 - create IPUIPlugin
2025-12-16 22:32:44,219 [INFO] IPUIPlugin:80 - create IPUIPlugin
2025-12-16 22:32:44,219 [INFO] IPUIPlugin:80 - create IPUIPlugin
2025-12-16 22:32:44,219 [INFO] IPUIPlugin:80 - create IPUIPlugin
2025-12-16 22:32:44,219 [INFO] IPUIPlugin:80 - create IPUIPlugin
2025-12-16 22:32:44,241 [INFO] ApiDbMcu:508 - Load IP Config File for PDM2PCM
2025-12-16 22:32:44,244 [INFO] Can:71 - Can Add PropertyChangeListener com.st.microxplorer.plugins.ip.can.Can@4b20529c
2025-12-16 22:32:44,303 [INFO] CADModel:165 - CPN selected for project levelSTM32F746ZGT6
2025-12-16 22:32:44,303 [INFO] CADModel:114 - Register for checkConnection events
2025-12-16 22:32:44,360 [INFO] OpenFileManager:363 - Restore cursor
2025-12-16 22:33:17,942 [INFO] NvicIntPanel:101 - NVIC parent = com.st.microxplorer.plugins.ip.nvic.MultiNvicIntPanel[,0,0,559x554,layout=javax.swing.BoxLayout,alignmentX=0.0,alignmentY=0.0,border=,flags=9,maximumSize=,minimumSize=,preferredSize=]
2025-12-16 22:33:26,460 [INFO] I2cTimingTraitement:330 - 0x00808CD2
2025-12-16 22:33:26,713 [INFO] NvicIntPanel:101 - NVIC parent = com.st.microxplorer.plugins.ip.nvic.MultiNvicIntPanel[,0,0,0x0,invalid,layout=javax.swing.BoxLayout,alignmentX=0.0,alignmentY=0.0,border=,flags=9,maximumSize=,minimumSize=,preferredSize=]
2025-12-16 22:33:26,934 [INFO] NvicIntPanel:101 - NVIC parent = com.st.microxplorer.plugins.ip.nvic.MultiNvicIntPanel[,0,0,0x0,invalid,layout=javax.swing.BoxLayout,alignmentX=0.0,alignmentY=0.0,border=,flags=9,maximumSize=,minimumSize=,preferredSize=]
2025-12-16 22:36:33,794 [INFO] UtilMem:75 - End SaveConfig() Used Memory: 772849056 Bytes (1073741824)
2025-12-16 22:36:38,572 [INFO] UtilMem:75 - End SaveConfig() Used Memory: 805879208 Bytes (1073741824)
2025-12-16 22:36:42,847 [INFO] MainUpdater:2872 - connection check result : 10
2025-12-16 22:36:42,847 [INFO] MainUpdater:2872 - connection check result : 10
2025-12-16 22:36:42,924 [INFO] I2cTimingTraitement:330 - 0x00808CD2
2025-12-16 22:36:42,931 [INFO] MicroXplorer:468 - Change Database Path : 
2025-12-16 22:36:42,932 [INFO] MicroXplorer:498 - Change Database Version : DB.6.0.130
2025-12-16 22:36:42,952 [ERROR] ProjectManagerView:394 - 
java.lang.NullPointerException: Cannot invoke "javax.swing.JTextField.getText()" because the return value of "java.util.List.get(int)" is null
	at com.st.microxplorer.plugins.projectmanager.gui.ProjectChoiceTab$9.caretUpdate(ProjectChoiceTab.java:2616) ~[filemanager.jar:?]
	at javax.swing.text.JTextComponent.fireCaretUpdate(JTextComponent.java:408) ~[?:?]
	at javax.swing.text.JTextComponent$MutableCaretEvent.fire(JTextComponent.java:4484) ~[?:?]
	at javax.swing.text.JTextComponent$MutableCaretEvent.stateChanged(JTextComponent.java:4506) ~[?:?]
	at javax.swing.text.DefaultCaret.fireStateChanged(DefaultCaret.java:857) ~[?:?]
	at javax.swing.text.DefaultCaret.changeCaretPosition(DefaultCaret.java:1343) ~[?:?]
	at javax.swing.text.DefaultCaret.handleSetDot(DefaultCaret.java:1242) ~[?:?]
	at javax.swing.text.DefaultCaret.setDot(DefaultCaret.java:1223) ~[?:?]
	at javax.swing.text.DefaultCaret$Handler.insertUpdate(DefaultCaret.java:1819) ~[?:?]
	at javax.swing.text.AbstractDocument.fireInsertUpdate(AbstractDocument.java:227) ~[?:?]
	at javax.swing.text.AbstractDocument.handleInsertString(AbstractDocument.java:781) ~[?:?]
	at javax.swing.text.AbstractDocument.insertString(AbstractDocument.java:740) ~[?:?]
	at javax.swing.text.PlainDocument.insertString(PlainDocument.java:131) ~[?:?]
	at javax.swing.text.AbstractDocument.replace(AbstractDocument.java:699) ~[?:?]
	at javax.swing.text.JTextComponent.setText(JTextComponent.java:1725) ~[?:?]
	at com.st.microxplorer.plugins.projectmanager.gui.ProjectChoiceTab.createHeapStackFields(ProjectChoiceTab.java:975) ~[filemanager.jar:?]
	at com.st.microxplorer.plugins.projectmanager.gui.ProjectChoiceTab.buildLinkSettingsPanel(ProjectChoiceTab.java:3666) ~[filemanager.jar:?]
	at com.st.microxplorer.plugins.projectmanager.gui.ProjectChoiceTab.defineWindowsFields(ProjectChoiceTab.java:1934) ~[filemanager.jar:?]
	at com.st.microxplorer.plugins.projectmanager.gui.ProjectChoiceTab.updateSettings(ProjectChoiceTab.java:553) ~[filemanager.jar:?]
	at com.st.microxplorer.plugins.projectmanager.gui.ProjectSettingsPanel.UpdateDialog(ProjectSettingsPanel.java:245) ~[filemanager.jar:?]
	at com.st.microxplorer.plugins.projectmanager.ProjectManagerView.propertyChange(ProjectManagerView.java:391) ~[filemanager.jar:?]
	at java.beans.PropertyChangeSupport.fire(PropertyChangeSupport.java:343) ~[?:?]
	at java.beans.PropertyChangeSupport.firePropertyChange(PropertyChangeSupport.java:335) ~[?:?]
	at java.beans.PropertyChangeSupport.firePropertyChange(PropertyChangeSupport.java:268) ~[?:?]
	at com.st.microxplorer.util.MXPropertyChangeSupport.firePropertyChange(MXPropertyChangeSupport.java:54) ~[STM32CubeMX.jar:?]
	at com.st.microxplorer.mxsystem.MxSystem.closeConfig(MxSystem.java:899) ~[STM32CubeMX.jar:?]
	at com.st.microxplorer.maingui.MainPanel.closeConfig(MainPanel.java:789) ~[STM32CubeMX.jar:?]
	at com.st.microxplorer.plugins.filemanager.engine.OpenFileManager.loadConfigurationFile(OpenFileManager.java:265) ~[filemanager.jar:?]
	at com.st.microxplorer.plugins.filemanager.engine.MainFileManager.userLoadConfig(MainFileManager.java:340) ~[filemanager.jar:?]
	at com.st.microxplorer.plugins.filemanager.engine.MainFileManager.userLoadConfig(MainFileManager.java:318) ~[filemanager.jar:?]
	at com.st.microxplorer.plugins.filemanager.FileManagerView.getSpecificTask(FileManagerView.java:246) ~[filemanager.jar:?]
	at com.st.stm32cube.common.mx.editor.CubeMxEditor.getMxTabbedPaneInstance(CubeMxEditor.java:1198) ~[com.st.stm32cube.common.mx_6.13.0.202411220809/:?]
	at com.st.stm32cube.common.mx.editor.CubeMxEditor$12$1.createSwingComponent(CubeMxEditor.java:1068) ~[com.st.stm32cube.common.mx_6.13.0.202411220809/:?]
	at com.st.stm32cube.common.mx.oss.core.awtswtbridge.EmbeddedSwingComposite.doComponentCreation(EmbeddedSwingComposite.java:492) ~[com.st.stm32cube.common.mx.oss_6.13.0.202411220809/:?]
	at com.st.stm32cube.common.mx.oss.core.awtswtbridge.EmbeddedSwingComposite$4.run(EmbeddedSwingComposite.java:291) ~[com.st.stm32cube.common.mx.oss_6.13.0.202411220809/:?]
	at com.st.stm32cube.common.mx.oss.core.awtswtbridge.AwtEnvironment$2.run(AwtEnvironment.java:166) ~[com.st.stm32cube.common.mx.oss_6.13.0.202411220809/:?]
	at java.awt.event.InvocationEvent.dispatch(InvocationEvent.java:318) ~[?:?]
	at java.awt.EventQueue.dispatchEventImpl(EventQueue.java:773) ~[?:?]
	at java.awt.EventQueue$4.run(EventQueue.java:720) ~[?:?]
	at java.awt.EventQueue$4.run(EventQueue.java:714) ~[?:?]
	at java.security.AccessController.doPrivileged(AccessController.java:400) ~[?:?]
	at java.security.ProtectionDomain$JavaSecurityAccessImpl.doIntersectionPrivilege(ProtectionDomain.java:87) ~[?:?]
	at java.awt.EventQueue.dispatchEvent(EventQueue.java:742) ~[?:?]
	at java.awt.EventDispatchThread.pumpOneEventForFilters(EventDispatchThread.java:203) ~[?:?]
	at java.awt.EventDispatchThread.pumpEventsForFilter(EventDispatchThread.java:124) ~[?:?]
	at java.awt.EventDispatchThread.pumpEventsForHierarchy(EventDispatchThread.java:113) ~[?:?]
	at java.awt.EventDispatchThread.pumpEvents(EventDispatchThread.java:109) ~[?:?]
	at java.awt.EventDispatchThread.pumpEvents(EventDispatchThread.java:101) ~[?:?]
	at java.awt.EventDispatchThread.run(EventDispatchThread.java:90) ~[?:?]
2025-12-16 22:36:42,955 [WARN] ThirdParty:871 - waiting for thirdparty lock release [close project]
2025-12-16 22:36:42,955 [INFO] ThirdParty:873 - entering critical section [close project]
2025-12-16 22:36:42,955 [INFO] ThirdParty:883 - exiting critical section [close project]
2025-12-16 22:36:42,958 [INFO] PinOutPanel:1589 - setPackage(No Configuration,No Configuration)
2025-12-16 22:36:42,970 [WARN] IpParametersView:154 - Warning: This peripheral hasn't parameters
2025-12-16 22:36:42,977 [WARN] MainPanel:289 - <html><b><center>Warning: This peripheral has no parameters to be configured<br></b></html>
2025-12-16 22:36:42,978 [ERROR] MainPanel:599 - java.lang.IndexOutOfBoundsException: Index: 0, Tab count: 0
2025-12-16 22:36:42,984 [INFO] UtilMem:75 - Begin LoadConfig() Used Memory: 897378424 Bytes (1073741824)
2025-12-16 22:36:42,985 [INFO] MicroXplorer:468 - Change Database Path : 
2025-12-16 22:36:42,985 [INFO] MicroXplorer:498 - Change Database Version : DB.6.0.130
2025-12-16 22:36:42,986 [INFO] OpenFileManager:332 - Change cursor
2025-12-16 22:36:43,004 [INFO] RulesReader:64 - Compatibility file has been processed (297 Rules)
2025-12-16 22:36:43,028 [INFO] Mcu:2035 - Initializing MCU STM32H743IITx STM32H743IITx STM32H743IIT6
2025-12-16 22:36:48,155 [INFO] Context:748 - Trying to add GPIOservice into a context  which must be forbidden
2025-12-16 22:36:49,640 [INFO] RtosManager:555 - Registered RTOS mode: class=CMSIS, group=RTOS, mode=CMSIS_V1, owner=FREERTOS
2025-12-16 22:36:49,640 [INFO] RtosManager:555 - Registered RTOS mode: class=CMSIS, group=RTOS2, mode=CMSIS_V2, owner=FREERTOS
2025-12-16 22:36:49,640 [INFO] RtosManager:555 - Registered RTOS mode: class=RTOS, group=Core, mode=CMSIS_V1, owner=FREERTOS
2025-12-16 22:36:49,640 [INFO] RtosManager:555 - Registered RTOS mode: class=RTOS, group=Core, mode=CMSIS_V2, owner=FREERTOS
2025-12-16 22:36:49,640 [WARN] ModelIntegratedComponent:184 - Missing modes for component STMicroelectronics:FreeRTOS:0.0.1:STMicroelectronics:RTOS:FreeRTOS:Core:::10.2.0:
2025-12-16 22:36:49,643 [WARN] ModelIntegratedComponent:63 - No mode defined for component null
2025-12-16 22:36:49,644 [WARN] ModelIntegratedComponent:63 - No mode defined for component null
2025-12-16 22:36:49,644 [WARN] ModelIntegratedComponent:63 - No mode defined for component null
2025-12-16 22:36:49,644 [WARN] ModelIntegratedComponent:63 - No mode defined for component null
2025-12-16 22:36:49,644 [WARN] ModelIntegratedComponent:63 - No mode defined for component null
2025-12-16 22:36:49,644 [WARN] ModelIntegratedComponent:63 - No mode defined for component null
2025-12-16 22:36:49,644 [WARN] ModelIntegratedComponent:63 - No mode defined for component null
2025-12-16 22:36:49,644 [WARN] ModelIntegratedComponent:63 - No mode defined for component null
2025-12-16 22:36:49,645 [WARN] ModelIntegratedComponent:63 - No mode defined for component null
2025-12-16 22:36:49,645 [WARN] ModelIntegratedComponent:63 - No mode defined for component null
2025-12-16 22:36:49,645 [WARN] ModelIntegratedComponent:63 - No mode defined for component null
2025-12-16 22:36:49,645 [WARN] ModelIntegratedComponent:63 - No mode defined for component null
2025-12-16 22:36:49,645 [WARN] ModelIntegratedComponent:63 - No mode defined for component null
2025-12-16 22:36:49,645 [WARN] ModelIntegratedComponent:63 - No mode defined for component null
2025-12-16 22:36:49,645 [WARN] ModelIntegratedComponent:63 - No mode defined for component null
2025-12-16 22:36:49,645 [WARN] ModelIntegratedComponent:63 - No mode defined for component null
2025-12-16 22:36:49,645 [WARN] ModelIntegratedComponent:63 - No mode defined for component null
2025-12-16 22:36:49,645 [WARN] ModelIntegratedComponent:63 - No mode defined for component null
2025-12-16 22:36:49,645 [WARN] ModelIntegratedComponent:63 - No mode defined for component null
2025-12-16 22:36:49,645 [WARN] ModelIntegratedComponent:63 - No mode defined for component null
2025-12-16 22:36:49,645 [WARN] ModelIntegratedComponent:63 - No mode defined for component null
2025-12-16 22:36:49,645 [WARN] ModelIntegratedComponent:63 - No mode defined for component null
2025-12-16 22:36:49,645 [WARN] ModelIntegratedComponent:63 - No mode defined for component null
2025-12-16 22:36:49,645 [WARN] ModelIntegratedComponent:63 - No mode defined for component null
2025-12-16 22:36:49,645 [WARN] ModelIntegratedComponent:63 - No mode defined for component null
2025-12-16 22:36:49,645 [WARN] ModelIntegratedComponent:63 - No mode defined for component null
2025-12-16 22:36:49,645 [WARN] ModelIntegratedComponent:63 - No mode defined for component null
2025-12-16 22:36:49,645 [WARN] ModelIntegratedComponent:63 - No mode defined for component null
2025-12-16 22:36:49,645 [WARN] ModelIntegratedComponent:63 - No mode defined for component null
2025-12-16 22:36:49,645 [WARN] ModelIntegratedComponent:63 - No mode defined for component null
2025-12-16 22:36:49,646 [WARN] ModelIntegratedComponent:63 - No mode defined for component null
2025-12-16 22:36:49,646 [WARN] ModelIntegratedComponent:63 - No mode defined for component null
2025-12-16 22:36:49,646 [WARN] ModelIntegratedComponent:63 - No mode defined for component null
2025-12-16 22:36:49,646 [WARN] ModelIntegratedComponent:63 - No mode defined for component null
2025-12-16 22:36:49,646 [WARN] ModelIntegratedComponent:63 - No mode defined for component null
2025-12-16 22:36:49,646 [WARN] ModelPack:524 - Component already loaded: STMicroelectronics:HAL Drivers:0.0.0:STMicroelectronics:Device:STMicro_Driver:XSPI:HAL::0.0.1:HAL_XSPI
2025-12-16 22:36:49,788 [INFO] ThirdPartyModel:298 - Start build external matchings
2025-12-16 22:36:50,734 [INFO] ThirdPartyModel:316 - End build external matchings
2025-12-16 22:36:50,762 [WARN] IP:2251 - ClockDivider not found: check if there is a RefParameter without a condition.
2025-12-16 22:36:50,762 [WARN] IP:2251 - ClockDividerCCU not found: check if there is a RefParameter without a condition.
2025-12-16 22:36:50,763 [WARN] IP:2251 - MinOscClkPeriodsCCU not found: check if there is a RefParameter without a condition.
2025-12-16 22:36:50,763 [WARN] IP:2251 - TimeQuantaPerBitTimeCCU not found: check if there is a RefParameter without a condition.
2025-12-16 22:36:50,763 [WARN] IP:2251 - WatchdogStartValueCCU not found: check if there is a RefParameter without a condition.
2025-12-16 22:36:50,764 [INFO] ImportTextPane:218 - (OptionalMessage_ERROR) IP (RCC) : Parameter (ADCFreq_Value) has invalid value (129000000)
2025-12-16 22:36:50,768 [INFO] ImportTextPane:218 - (OptionalMessage_ERROR) IP (RCC) : Invalid parameter (FamilyName)
2025-12-16 22:36:50,768 [INFO] ImportTextPane:218 - (OptionalMessage_ERROR) IP (RCC) : Parameter (LPTIM1Freq_Value) has invalid value (64000000)
2025-12-16 22:36:50,768 [INFO] ImportTextPane:218 - (OptionalMessage_ERROR) IP (RCC) : Parameter (LPTIM2Freq_Value) has invalid value (64000000)
2025-12-16 22:36:50,768 [INFO] ImportTextPane:218 - (OptionalMessage_ERROR) IP (RCC) : Parameter (LPTIM345Freq_Value) has invalid value (64000000)
2025-12-16 22:36:50,769 [INFO] ImportTextPane:218 - (OptionalMessage_ERROR) IP (RCC) : Parameter (LPUART1Freq_Value) has invalid value (64000000)
2025-12-16 22:36:50,769 [INFO] ImportTextPane:218 - (OptionalMessage_ERROR) IP (RCC) : Parameter (SPI45Freq_Value) has invalid value (64000000)
2025-12-16 22:36:50,769 [INFO] ImportTextPane:218 - (OptionalMessage_ERROR) IP (RCC) : Parameter (SPI6Freq_Value) has invalid value (64000000)
2025-12-16 22:36:50,769 [INFO] ImportTextPane:218 - (OptionalMessage_ERROR) IP (RCC) : Parameter (SWPMI1Freq_Value) has invalid value (64000000)
2025-12-16 22:36:50,769 [INFO] ImportTextPane:218 - (OptionalMessage_ERROR) IP (RCC) : Parameter (USART16Freq_Value) has invalid value (64000000)
2025-12-16 22:36:50,769 [INFO] ImportTextPane:218 - (OptionalMessage_ERROR) IP (RCC) : Parameter (USART234578Freq_Value) has invalid value (64000000)
2025-12-16 22:36:51,600 [INFO] UtilMem:75 - End LoadConfig() Used Memory: 833162904 Bytes (1073741824)
2025-12-16 22:36:51,662 [WARN] ThirdParty:833 - waiting for thirdparty lock release [change project]
2025-12-16 22:36:51,662 [INFO] ThirdParty:835 - entering critical section [change project]
2025-12-16 22:36:51,664 [INFO] ThirdParty:1030 - CMSIS Pack Vendor :STMicroelectronics X-CUBE-PM33A1 1.0.0
2025-12-16 22:36:51,664 [INFO] ThirdParty:1030 - CMSIS Pack Vendor :STMicroelectronics USBPD 4.1
2025-12-16 22:36:51,664 [INFO] ThirdParty:1030 - CMSIS Pack Vendor :STMicroelectronics USB_HOST 2.0.0
2025-12-16 22:36:51,664 [INFO] ThirdParty:1030 - CMSIS Pack Vendor :STMicroelectronics FP-SNS-MOTENVWB1 1.4.0
2025-12-16 22:36:51,664 [INFO] ThirdParty:1030 - CMSIS Pack Vendor :STMicroelectronics X-CUBE-AZRTOS-F4 1.1.0
2025-12-16 22:36:51,664 [INFO] ThirdParty:1030 - CMSIS Pack Vendor :STMicroelectronics LIBJPEG 8.0.0
2025-12-16 22:36:51,664 [INFO] ThirdParty:1030 - CMSIS Pack Vendor :STMicroelectronics FP-ATR-ASTRA1 2.0.2
2025-12-16 22:36:51,664 [INFO] ThirdParty:1030 - CMSIS Pack Vendor :STMicroelectronics FP-ATR-ASTRA1 2.0.1
2025-12-16 22:36:51,664 [INFO] ThirdParty:1030 - CMSIS Pack Vendor :STMicroelectronics X-CUBE-SMBUS 2.1.0
2025-12-16 22:36:51,664 [INFO] ThirdParty:1030 - CMSIS Pack Vendor :STMicroelectronics X-CUBE-WB05N 1.1.0
2025-12-16 22:36:51,664 [INFO] ThirdParty:1030 - CMSIS Pack Vendor :STMicroelectronics X-CUBE-ISPU 2.1.0
2025-12-16 22:36:51,664 [INFO] ThirdParty:1030 - CMSIS Pack Vendor :STMicroelectronics X-CUBE-FREERTOS 1.2.0
2025-12-16 22:36:51,664 [INFO] ThirdParty:1030 - CMSIS Pack Vendor :STMicroelectronics X-CUBE-ST60 1.0.0
2025-12-16 22:36:51,664 [INFO] ThirdParty:1030 - CMSIS Pack Vendor :STMicroelectronics X-CUBE-NFC12 1.0.0
2025-12-16 22:36:51,664 [INFO] ThirdParty:1030 - CMSIS Pack Vendor :STMicroelectronics X-CUBE-AZRTOS-F7 1.1.0
2025-12-16 22:36:51,664 [INFO] ThirdParty:1030 - CMSIS Pack Vendor :STMicroelectronics X-CUBE-AZRTOS-L5 2.0.0
2025-12-16 22:36:51,664 [INFO] ThirdParty:1030 - CMSIS Pack Vendor :STMicroelectronics USB_DEVICE 2.0.0
2025-12-16 22:36:51,664 [INFO] ThirdParty:1030 - CMSIS Pack Vendor :STMicroelectronics X-CUBE-NFC6 3.1.0
2025-12-16 22:36:51,664 [INFO] ThirdParty:1030 - CMSIS Pack Vendor :ARM CMSIS 5.7.0
2025-12-16 22:36:51,665 [INFO] ThirdParty:1030 - CMSIS Pack Vendor :STMicroelectronics X-CUBE-MEMS1 11.0.0
2025-12-16 22:36:51,665 [INFO] ThirdParty:1030 - CMSIS Pack Vendor :STMicroelectronics FreeRTOS 0.0.1
2025-12-16 22:36:51,665 [INFO] ThirdParty:1030 - CMSIS Pack Vendor :STMicroelectronics X-CUBE-DPower 1.2.0
2025-12-16 22:36:51,665 [INFO] ThirdParty:1030 - CMSIS Pack Vendor :STMicroelectronics FP-SNS-FLIGHT1 5.0.2
2025-12-16 22:36:51,665 [INFO] ThirdParty:1030 - CMSIS Pack Vendor :STMicroelectronics PDM2PCM 3.3.0
2025-12-16 22:36:51,665 [INFO] ThirdParty:1030 - CMSIS Pack Vendor :STMicroelectronics X-CUBE-AZRTOS-H7 3.4.0
2025-12-16 22:36:51,666 [INFO] ThirdParty:1030 - CMSIS Pack Vendor :STMicroelectronics X-CUBE-DISPLAY 3.0.0
2025-12-16 22:36:51,666 [INFO] ThirdParty:1030 - CMSIS Pack Vendor :STMicroelectronics X-CUBE-BLE1 7.0.0
2025-12-16 22:36:51,666 [INFO] ThirdParty:1030 - CMSIS Pack Vendor :STMicroelectronics X-CUBE-NFC10 1.0.0
2025-12-16 22:36:51,666 [INFO] ThirdParty:1030 - CMSIS Pack Vendor :STMicroelectronics X-CUBE-BLEMGR 4.0.0
2025-12-16 22:36:51,666 [INFO] ThirdParty:1030 - CMSIS Pack Vendor :STMicroelectronics X-CUBE-FREERTOS 1.3.1
2025-12-16 22:36:51,666 [INFO] ThirdParty:1030 - CMSIS Pack Vendor :STMicroelectronics HAL Drivers 0.0.0
2025-12-16 22:36:51,666 [INFO] ThirdParty:1030 - CMSIS Pack Vendor :STMicroelectronics X-CUBE-ST60 1.1.0
2025-12-16 22:36:51,666 [INFO] ThirdParty:1030 - CMSIS Pack Vendor :emotas I-CUBE-CANOPEN 1.3.0
2025-12-16 22:36:51,666 [INFO] ThirdParty:1030 - CMSIS Pack Vendor :STMicroelectronics X-CUBE-FREERTOS 1.3.0
2025-12-16 22:36:51,666 [INFO] ThirdParty:1030 - CMSIS Pack Vendor :STMicroelectronics X-CUBE-NFC7 1.0.1
2025-12-16 22:36:51,666 [INFO] ThirdParty:1030 - CMSIS Pack Vendor :STMicroelectronics MBEDTLS 2.14.1
2025-12-16 22:36:51,666 [INFO] ThirdParty:1030 - CMSIS Pack Vendor :STMicroelectronics X-CUBE-GNSS1 7.1.0
2025-12-16 22:36:51,666 [INFO] ThirdParty:1030 - CMSIS Pack Vendor :STMicroelectronics X-CUBE-TOUCHGFX 4.26.0
2025-12-16 22:36:51,666 [INFO] ThirdParty:1030 - CMSIS Pack Vendor :STMicroelectronics X-CUBE-BLEMGR 3.1.0
2025-12-16 22:36:51,666 [INFO] ThirdParty:1030 - CMSIS Pack Vendor :STMicroelectronics X-CUBE-AI 10.0.0
2025-12-16 22:36:51,666 [INFO] ThirdParty:1030 - CMSIS Pack Vendor :STMicroelectronics FP-SNS-STAIOTCFT 1.0.0
2025-12-16 22:36:51,666 [INFO] ThirdParty:1030 - CMSIS Pack Vendor :STMicroelectronics FP-SNS-SMARTAG2 1.2.0
2025-12-16 22:36:51,666 [INFO] ThirdParty:1030 - CMSIS Pack Vendor :STMicroelectronics FP-SNS-FLIGHT1 5.1.0
2025-12-16 22:36:51,666 [INFO] ThirdParty:1030 - CMSIS Pack Vendor :STMicroelectronics X-CUBE-MEMS1 11.1.0
2025-12-16 22:36:51,666 [INFO] ThirdParty:1030 - CMSIS Pack Vendor :STMicroelectronics X-CUBE-AZRTOS-WL 2.0.0
2025-12-16 22:36:51,666 [INFO] ThirdParty:1030 - CMSIS Pack Vendor :STMicroelectronics X-CUBE-DPower 1.3.0
2025-12-16 22:36:51,666 [INFO] ThirdParty:1030 - CMSIS Pack Vendor :STMicroelectronics FP-SNS-MOTENV1 5.0.0
2025-12-16 22:36:51,666 [INFO] ThirdParty:1030 - CMSIS Pack Vendor :STMicroelectronics USB_DEVICE 1.0.0
2025-12-16 22:36:51,666 [INFO] ThirdParty:1030 - CMSIS Pack Vendor :STMicroelectronics X-CUBE-AZRTOS-H7RS 1.2.0
2025-12-16 22:36:51,666 [INFO] ThirdParty:1030 - CMSIS Pack Vendor :wolfSSL I-CUBE-wolfMQTT 1.19.0
2025-12-16 22:36:51,666 [INFO] ThirdParty:1030 - CMSIS Pack Vendor :STMicroelectronics X-CUBE-AZRTOS-L4 2.0.0
2025-12-16 22:36:51,667 [INFO] ThirdParty:1030 - CMSIS Pack Vendor :STMicroelectronics ThreadX 0.0.2
2025-12-16 22:36:51,667 [INFO] ThirdParty:1030 - CMSIS Pack Vendor :WES I-CUBE-Cesium 1.3.0
2025-12-16 22:36:51,667 [INFO] ThirdParty:1030 - CMSIS Pack Vendor :STMicroelectronics lwIP 2.1.2
2025-12-16 22:36:51,667 [INFO] ThirdParty:1030 - CMSIS Pack Vendor :STMicroelectronics X-CUBE-SFXS2LP1 4.0.0
2025-12-16 22:36:51,667 [INFO] ThirdParty:1030 - CMSIS Pack Vendor :STMicroelectronics X-CUBE-BLE2 3.3.0
2025-12-16 22:36:51,667 [INFO] ThirdParty:1030 - CMSIS Pack Vendor :Avnet-IOTCONNECT X-CUBE-iotc-st67-sdk 1.0.0
2025-12-16 22:36:51,667 [INFO] ThirdParty:1030 - CMSIS Pack Vendor :STMicroelectronics PDM2PCM 3.2.0
2025-12-16 22:36:51,667 [INFO] ThirdParty:1030 - CMSIS Pack Vendor :STMicroelectronics X-CUBE-AZRTOS-H7 3.3.0
2025-12-16 22:36:51,667 [INFO] ThirdParty:1030 - CMSIS Pack Vendor :STMicroelectronics X-CUBE-NFC9 1.0.0
2025-12-16 22:36:51,667 [INFO] ThirdParty:1030 - CMSIS Pack Vendor :STMicroelectronics X-CUBE-BLE1 7.1.0
2025-12-16 22:36:51,667 [INFO] ThirdParty:1030 - CMSIS Pack Vendor :STMicroelectronics USB_DEVICE 3.0.0
2025-12-16 22:36:51,667 [INFO] ThirdParty:1030 - CMSIS Pack Vendor :STMicroelectronics X-CUBE-TCPP 4.1.0
2025-12-16 22:36:51,667 [INFO] ThirdParty:1030 - CMSIS Pack Vendor :STMicroelectronics X-CUBE-EEPRMA1 5.2.0
2025-12-16 22:36:51,667 [INFO] ThirdParty:1030 - CMSIS Pack Vendor :STMicroelectronics X-CUBE-BLEMGR 4.1.0
2025-12-16 22:36:51,667 [INFO] ThirdParty:1030 - CMSIS Pack Vendor :STMicroelectronics X-CUBE-IPS 3.0.0
2025-12-16 22:36:51,667 [INFO] ThirdParty:1030 - CMSIS Pack Vendor :STMicroelectronics X-CUBE-AZRTOS-WB 2.0.0
2025-12-16 22:36:51,667 [INFO] ThirdParty:1030 - CMSIS Pack Vendor :STMicroelectronics X-CUBE-GNSS1 7.0.0
2025-12-16 22:36:51,667 [INFO] ThirdParty:1030 - CMSIS Pack Vendor :STMicroelectronics X-CUBE-GNSS1 7.0.1
2025-12-16 22:36:51,667 [INFO] ThirdParty:1030 - CMSIS Pack Vendor :STMicroelectronics X-CUBE-TOUCHGFX 4.25.0
2025-12-16 22:36:51,667 [INFO] ThirdParty:1030 - CMSIS Pack Vendor :STMicroelectronics FP-SNS-STBOX1 2.0.0
2025-12-16 22:36:51,667 [INFO] ThirdParty:1030 - CMSIS Pack Vendor :STMicroelectronics X-CUBE-MEMS1 12.0.0
2025-12-16 22:36:51,667 [INFO] ThirdParty:1030 - CMSIS Pack Vendor :STMicroelectronics X-CUBE-AZRTOS-G0 1.1.0
2025-12-16 22:36:51,667 [INFO] ThirdParty:1030 - CMSIS Pack Vendor :STMicroelectronics X-CUBE-SAFEA1 1.2.2
2025-12-16 22:36:51,667 [INFO] ThirdParty:1030 - CMSIS Pack Vendor :STMicroelectronics X-CUBE-NFC4 3.0.0
2025-12-16 22:36:51,668 [INFO] ThirdParty:1030 - CMSIS Pack Vendor :STMicroelectronics X-CUBE-SUBG2 5.0.0
2025-12-16 22:36:51,668 [INFO] ThirdParty:1030 - CMSIS Pack Vendor :STMicroelectronics X-CUBE-AZRTOS-H7RS 1.1.0
2025-12-16 22:36:51,668 [INFO] ThirdParty:1030 - CMSIS Pack Vendor :STMicroelectronics STM32_WPAN 1.0.0
2025-12-16 22:36:51,668 [INFO] ThirdParty:1030 - CMSIS Pack Vendor :EmbeddedOffice I-CUBE-FS-RTOS 1.0.1
2025-12-16 22:36:51,668 [INFO] ThirdParty:1030 - CMSIS Pack Vendor :STMicroelectronics lwIP 2.0.3
2025-12-16 22:36:51,668 [INFO] ThirdParty:1030 - CMSIS Pack Vendor :Cesanta I-CUBE-Mongoose 7.13.0
2025-12-16 22:36:51,668 [INFO] ThirdParty:1030 - CMSIS Pack Vendor :STMicroelectronics USB_HOST 1.0.0
2025-12-16 22:36:51,668 [INFO] ThirdParty:1030 - CMSIS Pack Vendor :STMicroelectronics X-CUBE-AZRTOS-G4 2.0.0
2025-12-16 22:36:51,668 [INFO] ThirdParty:1030 - CMSIS Pack Vendor :STMicroelectronics X-CUBE-WB05N 2.0.0
2025-12-16 22:36:51,668 [INFO] ThirdParty:1030 - CMSIS Pack Vendor :STMicroelectronics PDM2PCM 3.1.0
2025-12-16 22:36:51,669 [INFO] ThirdParty:1030 - CMSIS Pack Vendor :STMicroelectronics X-CUBE-NFC7 2.0.0
2025-12-16 22:36:51,669 [INFO] ThirdParty:1030 - CMSIS Pack Vendor :STMicroelectronics X-CUBE-TCPP 4.2.0
2025-12-16 22:36:51,669 [INFO] ThirdParty:1030 - CMSIS Pack Vendor :RealThread X-CUBE-RT-Thread_Nano 4.1.1
2025-12-16 22:36:51,669 [INFO] ThirdParty:1030 - CMSIS Pack Vendor :STMicroelectronics FP-ATR-SIGFOX1 3.2.0
2025-12-16 22:36:51,669 [INFO] ThirdParty:1030 - CMSIS Pack Vendor :wolfSSL I-CUBE-wolfSSL 5.7.2
2025-12-16 22:36:51,669 [INFO] ThirdParty:1030 - CMSIS Pack Vendor :quantropi X-CUBE-qispace-sdk-base 1.9.3
2025-12-16 22:36:51,669 [INFO] ThirdParty:1030 - CMSIS Pack Vendor :STMicroelectronics X-CUBE-EEPRMA1 5.1.0
2025-12-16 22:36:51,669 [INFO] ThirdParty:1030 - CMSIS Pack Vendor :STMicroelectronics MBEDTLS 2.16.2
2025-12-16 22:36:51,669 [INFO] ThirdParty:1030 - CMSIS Pack Vendor :STMicroelectronics X-CUBE-IPS 3.1.0
2025-12-16 22:36:51,669 [INFO] ThirdParty:1030 - CMSIS Pack Vendor :STMicroelectronics X-CUBE-ALS 1.0.2
2025-12-16 22:36:51,669 [INFO] ThirdParty:1030 - CMSIS Pack Vendor :ITTIA_DB I-CUBE-ITTIADB 8.9.0
2025-12-16 22:36:51,671 [INFO] ThirdParty:1030 - CMSIS Pack Vendor :STMicroelectronics X-CUBE-TOUCHGFX 4.24.1
2025-12-16 22:36:51,672 [INFO] ThirdParty:1030 - CMSIS Pack Vendor :STMicroelectronics X-CUBE-STSE01 1.0.0
2025-12-16 22:36:51,672 [INFO] ThirdParty:1030 - CMSIS Pack Vendor :wolfSSL I-CUBE-wolfTPM 3.4.0
2025-12-16 22:36:51,672 [INFO] ThirdParty:1030 - CMSIS Pack Vendor :portGmbH I-Cube-SoM-uGOAL 1.1.0
2025-12-16 22:36:51,672 [INFO] ThirdParty:1030 - CMSIS Pack Vendor :STMicroelectronics X-CUBE-ST67W61 1.0.0
2025-12-16 22:36:51,672 [INFO] ThirdParty:1030 - CMSIS Pack Vendor :STMicroelectronics X-CUBE-AI 10.2.0
2025-12-16 22:36:51,672 [INFO] ThirdParty:1030 - CMSIS Pack Vendor :STMicroelectronics ThreadX 1.0.0
2025-12-16 22:36:51,672 [INFO] ThirdParty:1030 - CMSIS Pack Vendor :SEGGER I-CUBE-embOS 1.3.1
2025-12-16 22:36:51,672 [INFO] ThirdParty:1030 - CMSIS Pack Vendor :STMicroelectronics X-CUBE-ALGOBUILD 1.4.0
2025-12-16 22:36:51,672 [INFO] ThirdParty:1030 - CMSIS Pack Vendor :STMicroelectronics X-CUBE-MEMS1 11.3.0
2025-12-16 22:36:51,672 [INFO] ThirdParty:1030 - CMSIS Pack Vendor :STMicroelectronics X-CUBE-AZRTOS-H7RS 1.0.0
2025-12-16 22:36:51,672 [INFO] ThirdParty:1030 - CMSIS Pack Vendor :STMicroelectronics FP-ATR-ASTRA1 2.0.0
2025-12-16 22:36:51,672 [INFO] ThirdParty:1030 - CMSIS Pack Vendor :STMicroelectronics X-CUBE-TOF1 3.4.2
2025-12-16 22:36:51,672 [INFO] ThirdParty:1030 - CMSIS Pack Vendor :STMicroelectronics X-CUBE-TOF1 3.4.3
2025-12-16 22:36:51,672 [INFO] ThirdParty:1030 - CMSIS Pack Vendor :STMicroelectronics X-CUBE-AI 9.1.0
2025-12-16 22:36:51,673 [INFO] ThirdParty:1030 - CMSIS Pack Vendor :Infineon AIROC-Wi-Fi-Bluetooth-STM32 1.6.1
2025-12-16 22:36:51,673 [INFO] ThirdParty:1030 - CMSIS Pack Vendor :wolfSSL I-CUBE-wolfSSH 1.4.17
2025-12-16 22:36:51,673 [INFO] ThirdParty:841 - exiting critical section [change project]
2025-12-16 22:36:51,990 [INFO] PinOutPanel:1589 - setPackage(No Configuration,No Configuration)
2025-12-16 22:36:51,991 [INFO] PinOutPanel:1589 - setPackage(STM32H743IITx,LQFP176)
2025-12-16 22:36:52,429 [INFO] UtilMem:75 - Before build in PCC Used Memory: 824983104 Bytes (1073741824)
2025-12-16 22:36:52,718 [INFO] UtilMem:75 - After build in PCC Used Memory: 886324800 Bytes (1073741824)
2025-12-16 22:36:52,748 [INFO] IPUIPlugin:80 - create IPUIPlugin
2025-12-16 22:36:52,748 [INFO] IPUIPlugin:80 - create IPUIPlugin
2025-12-16 22:36:52,748 [INFO] IPUIPlugin:80 - create IPUIPlugin
2025-12-16 22:36:52,748 [INFO] IPUIPlugin:80 - create IPUIPlugin
2025-12-16 22:36:52,749 [INFO] IPUIPlugin:80 - create IPUIPlugin
2025-12-16 22:36:52,749 [INFO] IPUIPlugin:80 - create IPUIPlugin
2025-12-16 22:36:52,749 [INFO] IPUIPlugin:80 - create IPUIPlugin
2025-12-16 22:36:52,749 [INFO] IPUIPlugin:80 - create IPUIPlugin
2025-12-16 22:36:52,750 [INFO] IPUIPlugin:80 - create IPUIPlugin
2025-12-16 22:36:52,750 [INFO] IPUIPlugin:80 - create IPUIPlugin
2025-12-16 22:36:52,750 [INFO] IPUIPlugin:80 - create IPUIPlugin
2025-12-16 22:36:52,750 [INFO] IPUIPlugin:80 - create IPUIPlugin
2025-12-16 22:36:52,750 [INFO] IPUIPlugin:80 - create IPUIPlugin
2025-12-16 22:36:52,750 [INFO] IPUIPlugin:80 - create IPUIPlugin
2025-12-16 22:36:52,750 [INFO] IPUIPlugin:80 - create IPUIPlugin
2025-12-16 22:36:52,750 [INFO] IPUIPlugin:80 - create IPUIPlugin
2025-12-16 22:36:52,750 [INFO] IPUIPlugin:80 - create IPUIPlugin
2025-12-16 22:36:52,750 [INFO] IPUIPlugin:80 - create IPUIPlugin
2025-12-16 22:36:52,750 [INFO] IPUIPlugin:80 - create IPUIPlugin
2025-12-16 22:36:52,750 [INFO] IPUIPlugin:80 - create IPUIPlugin
2025-12-16 22:36:52,751 [INFO] IPUIPlugin:80 - create IPUIPlugin
2025-12-16 22:36:52,751 [INFO] IPUIPlugin:80 - create IPUIPlugin
2025-12-16 22:36:52,751 [INFO] IPUIPlugin:80 - create IPUIPlugin
2025-12-16 22:36:52,751 [INFO] IPUIPlugin:80 - create IPUIPlugin
2025-12-16 22:36:52,751 [INFO] IPUIPlugin:80 - create IPUIPlugin
2025-12-16 22:36:52,751 [INFO] IPUIPlugin:80 - create IPUIPlugin
2025-12-16 22:36:52,751 [INFO] IPUIPlugin:80 - create IPUIPlugin
2025-12-16 22:36:52,751 [INFO] IPUIPlugin:80 - create IPUIPlugin
2025-12-16 22:36:52,751 [INFO] IPUIPlugin:80 - create IPUIPlugin
2025-12-16 22:36:52,752 [INFO] IPUIPlugin:80 - create IPUIPlugin
2025-12-16 22:36:52,752 [INFO] IPUIPlugin:80 - create IPUIPlugin
2025-12-16 22:36:52,752 [INFO] IPUIPlugin:80 - create IPUIPlugin
2025-12-16 22:36:52,752 [INFO] IPUIPlugin:80 - create IPUIPlugin
2025-12-16 22:36:52,752 [INFO] IPUIPlugin:80 - create IPUIPlugin
2025-12-16 22:36:52,752 [INFO] IPUIPlugin:80 - create IPUIPlugin
2025-12-16 22:36:52,752 [INFO] IPUIPlugin:80 - create IPUIPlugin
2025-12-16 22:36:52,752 [INFO] IPUIPlugin:80 - create IPUIPlugin
2025-12-16 22:36:52,752 [INFO] IPUIPlugin:80 - create IPUIPlugin
2025-12-16 22:36:52,752 [INFO] IPUIPlugin:80 - create IPUIPlugin
2025-12-16 22:36:52,752 [INFO] IPUIPlugin:80 - create IPUIPlugin
2025-12-16 22:36:52,752 [INFO] IPUIPlugin:80 - create IPUIPlugin
2025-12-16 22:36:52,753 [INFO] IPUIPlugin:80 - create IPUIPlugin
2025-12-16 22:36:52,753 [INFO] IPUIPlugin:80 - create IPUIPlugin
2025-12-16 22:36:52,753 [INFO] IPUIPlugin:80 - create IPUIPlugin
2025-12-16 22:36:52,754 [INFO] IPUIPlugin:80 - create IPUIPlugin
2025-12-16 22:36:52,754 [INFO] IPUIPlugin:80 - create IPUIPlugin
2025-12-16 22:36:52,754 [INFO] IPUIPlugin:80 - create IPUIPlugin
2025-12-16 22:36:52,755 [INFO] IPUIPlugin:80 - create IPUIPlugin
2025-12-16 22:36:52,755 [INFO] IPUIPlugin:80 - create IPUIPlugin
2025-12-16 22:36:52,755 [INFO] IPUIPlugin:80 - create IPUIPlugin
2025-12-16 22:36:52,755 [INFO] IPUIPlugin:80 - create IPUIPlugin
2025-12-16 22:36:52,755 [INFO] IPUIPlugin:80 - create IPUIPlugin
2025-12-16 22:36:52,756 [INFO] IPUIPlugin:80 - create IPUIPlugin
2025-12-16 22:36:52,756 [INFO] IPUIPlugin:80 - create IPUIPlugin
2025-12-16 22:36:52,756 [INFO] IPUIPlugin:80 - create IPUIPlugin
2025-12-16 22:36:52,756 [INFO] IPUIPlugin:80 - create IPUIPlugin
2025-12-16 22:36:52,756 [INFO] IPUIPlugin:80 - create IPUIPlugin
2025-12-16 22:36:52,756 [INFO] IPUIPlugin:80 - create IPUIPlugin
2025-12-16 22:36:52,756 [INFO] IPUIPlugin:80 - create IPUIPlugin
2025-12-16 22:36:52,758 [INFO] IPUIPlugin:80 - create IPUIPlugin
2025-12-16 22:36:52,758 [INFO] IPUIPlugin:80 - create IPUIPlugin
2025-12-16 22:36:52,758 [INFO] IPUIPlugin:80 - create IPUIPlugin
2025-12-16 22:36:52,758 [INFO] IPUIPlugin:80 - create IPUIPlugin
2025-12-16 22:36:52,759 [INFO] IPUIPlugin:80 - create IPUIPlugin
2025-12-16 22:36:52,759 [INFO] IPUIPlugin:80 - create IPUIPlugin
2025-12-16 22:36:52,759 [INFO] IPUIPlugin:80 - create IPUIPlugin
2025-12-16 22:36:52,761 [INFO] IPUIPlugin:80 - create IPUIPlugin
2025-12-16 22:36:52,761 [INFO] IPUIPlugin:80 - create IPUIPlugin
2025-12-16 22:36:52,761 [INFO] IPUIPlugin:80 - create IPUIPlugin
2025-12-16 22:36:52,761 [INFO] IPUIPlugin:80 - create IPUIPlugin
2025-12-16 22:36:52,763 [INFO] IPUIPlugin:80 - create IPUIPlugin
2025-12-16 22:36:52,763 [INFO] IPUIPlugin:80 - create IPUIPlugin
2025-12-16 22:36:52,763 [INFO] IPUIPlugin:80 - create IPUIPlugin
2025-12-16 22:36:52,763 [INFO] IPUIPlugin:80 - create IPUIPlugin
2025-12-16 22:36:52,764 [INFO] IPUIPlugin:80 - create IPUIPlugin
2025-12-16 22:36:52,764 [INFO] IPUIPlugin:80 - create IPUIPlugin
2025-12-16 22:36:52,765 [INFO] IPUIPlugin:80 - create IPUIPlugin
2025-12-16 22:36:52,765 [INFO] IPUIPlugin:80 - create IPUIPlugin
2025-12-16 22:36:52,765 [INFO] IPUIPlugin:80 - create IPUIPlugin
2025-12-16 22:36:52,767 [INFO] IPUIPlugin:80 - create IPUIPlugin
2025-12-16 22:36:52,767 [INFO] IPUIPlugin:80 - create IPUIPlugin
2025-12-16 22:36:52,767 [INFO] IPUIPlugin:80 - create IPUIPlugin
2025-12-16 22:36:52,768 [INFO] IPUIPlugin:80 - create IPUIPlugin
2025-12-16 22:36:52,768 [INFO] IPUIPlugin:80 - create IPUIPlugin
2025-12-16 22:36:52,768 [INFO] IPUIPlugin:80 - create IPUIPlugin
2025-12-16 22:36:52,768 [INFO] IPUIPlugin:80 - create IPUIPlugin
2025-12-16 22:36:52,769 [INFO] IPUIPlugin:80 - create IPUIPlugin
2025-12-16 22:36:52,769 [INFO] IPUIPlugin:80 - create IPUIPlugin
2025-12-16 22:36:52,769 [INFO] IPUIPlugin:80 - create IPUIPlugin
2025-12-16 22:36:52,769 [INFO] IPUIPlugin:80 - create IPUIPlugin
2025-12-16 22:36:52,769 [INFO] IPUIPlugin:80 - create IPUIPlugin
2025-12-16 22:36:52,769 [INFO] IPUIPlugin:80 - create IPUIPlugin
2025-12-16 22:36:52,770 [INFO] IPUIPlugin:80 - create IPUIPlugin
2025-12-16 22:36:52,770 [INFO] IPUIPlugin:80 - create IPUIPlugin
2025-12-16 22:36:52,771 [INFO] IPUIPlugin:80 - create IPUIPlugin
2025-12-16 22:36:52,771 [INFO] IPUIPlugin:80 - create IPUIPlugin
2025-12-16 22:36:52,771 [INFO] IPUIPlugin:80 - create IPUIPlugin
2025-12-16 22:36:52,772 [INFO] IPUIPlugin:80 - create IPUIPlugin
2025-12-16 22:36:52,796 [INFO] ApiDbMcu:508 - Load IP Config File for PDM2PCM
2025-12-16 22:36:52,799 [WARN] IP:2251 - ClockDivider not found: check if there is a RefParameter without a condition.
2025-12-16 22:36:52,799 [WARN] IP:2251 - ClockDividerCCU not found: check if there is a RefParameter without a condition.
2025-12-16 22:36:52,799 [WARN] IP:2251 - MinOscClkPeriodsCCU not found: check if there is a RefParameter without a condition.
2025-12-16 22:36:52,799 [WARN] IP:2251 - TimeQuantaPerBitTimeCCU not found: check if there is a RefParameter without a condition.
2025-12-16 22:36:52,799 [WARN] IP:2251 - WatchdogStartValueCCU not found: check if there is a RefParameter without a condition.
2025-12-16 22:36:52,804 [INFO] LogOutputStream:77 - [STDOUT_REDIRECT] Nominal 
2025-12-16 22:36:52,804 [INFO] Can:71 - Can Add PropertyChangeListener com.st.microxplorer.plugins.ip.can.Can@6da3b50d
2025-12-16 22:36:52,890 [INFO] CADModel:165 - CPN selected for project levelSTM32H743IIT6
2025-12-16 22:36:52,891 [INFO] CADModel:114 - Register for checkConnection events
2025-12-16 22:36:52,965 [INFO] OpenFileManager:363 - Restore cursor
2025-12-16 22:36:53,312 [WARN] IP:2251 - ClockDivider not found: check if there is a RefParameter without a condition.
2025-12-16 22:36:53,312 [WARN] IP:2251 - ClockDividerCCU not found: check if there is a RefParameter without a condition.
2025-12-16 22:36:53,313 [WARN] IP:2251 - MinOscClkPeriodsCCU not found: check if there is a RefParameter without a condition.
2025-12-16 22:36:53,313 [WARN] IP:2251 - TimeQuantaPerBitTimeCCU not found: check if there is a RefParameter without a condition.
2025-12-16 22:36:53,313 [WARN] IP:2251 - WatchdogStartValueCCU not found: check if there is a RefParameter without a condition.
2025-12-16 22:37:04,136 [INFO] LogOutputStream:77 - [STDOUT_REDIRECT] This download action requires prior login. To proceed, please use the 'login' command with your my.st.com account email and password.
2025-12-16 22:37:04,138 [INFO] LogOutputStream:77 - [STDOUT_REDIRECT] Run 'login <email> <password> <remember_me>' for example 'login john.smith@st.com mypassword y'.
2025-12-16 22:37:04,140 [INFO] LogOutputStream:77 - [STDOUT_REDIRECT] If you do not have a my.st.com account, please visit https://st.com website to create one.
2025-12-16 23:37:57,921 [ERROR] LogOutputStream:75 - [STDERR_REDIRECT] 
